track	t_best	t0	t1	bbox	length_px	score	lat	lon	alt
0	430.6	430.6	430.6	1060,490,788,482	898.5	12851.2	39.4851998	73.5851720	4513.9
1	427.6	427.6	427.6	6,294,458,292	536.2	8800.0	39.4852003	73.5851719	4513.9
2	427.6	427.6	427.6	446,726,298,150	328.2	7776.3	39.4852003	73.5851719	4513.9
3	485.6	479.6	487.6	1604,698,302,32	300.7	7036.1	39.4851984	73.5851684	4513.8
4	432.6	432.6	432.6	206,656,348,210	402.0	6645.6	39.4852000	73.5851722	4513.8
5	480.6	479.6	485.6	1312,200,324,92	321.0	6141.2	39.4851984	73.5851688	4513.8
6	326.4	326.4	326.4	978,754,490,136	503.9	6116.3	39.4844622	73.5852431	4526.8
7	432.6	432.6	432.6	88,514,348,174	382.8	5974.3	39.4852000	73.5851722	4513.8
8	196.3	196.3	196.3	1424,556,410,146	432.6	5954.2	39.4844139	73.5850484	4519.9
9	302.4	301.4	305.4	44,206,538,208	561.5	5835.0	39.4844622	73.5852440	4526.8
10	306.4	306.4	306.4	580,966,264,92	273.1	5599.7	39.4844622	73.5852435	4526.8
11	429.6	428.6	431.6	1276,634,434,242	470.6	5584.8	39.4852000	73.5851722	4513.9
12	205.3	197.3	205.3	1478,838,350,144	368.8	5442.9	39.4844136	73.5850504	4519.9
13	432.6	432.6	432.6	0,374,346,236	408.2	5321.6	39.4852000	73.5851722	4513.8
14	427.6	427.6	427.6	50,270,286,180	335.1	5237.8	39.4852003	73.5851719	4513.9
15	199.3	196.3	203.3	1150,886,346,102	358.2	5200.0	39.4844137	73.5850493	4519.9
16	304.4	299.4	306.4	110,264,414,152	438.0	5153.3	39.4844621	73.5852438	4526.8
17	358.5	356.5	360.5	14,346,516,98	517.6	5138.9	39.4844639	73.5852430	4526.8
18	317.4	316.4	317.4	44,230,426,74	427.9	5118.8	39.4844617	73.5852418	4526.8
19	428.6	427.6	430.6	1438,864,364,216	388.6	5087.4	39.4852003	73.5851721	4513.8
20	196.3	196.3	196.3	1216,864,334,96	343.5	5076.9	39.4844139	73.5850484	4519.9
21	479.6	478.6	487.6	1286,148,202,52	200.3	5006.0	39.4851982	73.5851691	4513.8
22	396.5	396.5	396.5	1372,694,286,386	476.1	4963.1	39.4852018	73.5851691	4513.8
23	194.3	194.3	195.3	1154,914,332,110	345.4	4932.6	39.4844143	73.5850479	4519.9
24	432.6	432.6	432.6	318,748,290,164	329.4	4930.8	39.4852000	73.5851722	4513.8
25	430.6	430.6	434.6	1406,832,354,248	421.4	4926.5	39.4851998	73.5851720	4513.9
26	290.4	288.4	295.4	554,752,384,156	407.4	4845.0	39.4844610	73.5852430	4526.8
27	297.4	297.4	298.4	0,562,450,130	465.4	4839.7	39.4844618	73.5852444	4526.8
28	270.4	270.4	270.4	212,0,342,106	348.3	4779.8	39.4844039	73.5850510	4519.9
29	311.4	311.4	311.4	492,850,326,104	337.9	4774.6	39.4844620	73.5852427	4526.8
30	367.5	365.5	369.5	8,904,548,104	546.0	4761.1	39.4844687	73.5852446	4526.9
31	427.6	427.6	431.6	1232,802,314,154	343.6	4760.8	39.4852003	73.5851719	4513.9
32	429.6	429.6	433.6	1500,812,332,198	335.5	4747.7	39.4852000	73.5851722	4513.9
33	337.4	337.4	340.5	38,504,378,36	377.0	4745.6	39.4844625	73.5852438	4526.8
34	307.4	307.4	307.4	42,262,298,144	325.1	4739.3	39.4844622	73.5852434	4526.8
35	437.6	436.6	437.6	278,0,336,114	347.9	4723.3	39.4852006	73.5851717	4513.9
36	429.6	427.6	429.6	0,590,228,152	269.8	4718.9	39.4852000	73.5851722	4513.9
37	483.6	483.6	486.6	1694,306,226,26	224.5	4693.5	39.4851984	73.5851687	4513.8
38	427.6	427.6	427.6	0,382,268,136	296.9	4664.8	39.4852003	73.5851719	4513.9
39	200.3	200.3	202.3	1108,740,338,110	352.3	4659.4	39.4844136	73.5850495	4519.9
40	317.4	317.4	317.4	12,362,440,98	444.5	4640.0	39.4844617	73.5852418	4526.8
41	341.5	340.5	341.5	1428,950,362,90	366.4	4603.7	39.4844621	73.5852441	4526.8
42	428.6	427.6	434.6	1348,658,388,240	435.4	4482.0	39.4852003	73.5851721	4513.8
43	366.5	365.5	377.5	576,668,360,46	359.8	4473.9	39.4844657	73.5852435	4526.9
44	199.3	197.3	199.3	1338,692,394,126	411.1	4462.1	39.4844137	73.5850493	4519.9
45	310.4	308.4	319.4	230,0,216,54	219.1	4459.1	39.4844620	73.5852430	4526.8
46	301.4	301.4	307.4	702,880,296,146	325.2	4423.0	39.4844619	73.5852439	4526.8
47	339.4	338.4	339.4	54,888,374,36	373.0	4421.4	39.4844625	73.5852436	4526.8
48	427.6	418.6	427.6	10,458,364,162	393.3	4415.9	39.4852003	73.5851719	4513.9
49	430.6	430.6	431.6	1276,932,374,148	387.9	4396.1	39.4851998	73.5851720	4513.9
50	199.3	199.3	199.3	1438,1000,368,80	370.5	4394.5	39.4844137	73.5850493	4519.9
51	338.4	338.4	340.5	0,642,408,58	407.9	4363.2	39.4844625	73.5852438	4526.8
52	360.5	360.5	360.5	78,172,376,34	374.2	4311.0	39.4844646	73.5852432	4526.8
53	318.4	314.4	318.4	0,690,500,122	503.6	4298.9	39.4844618	73.5852420	4526.8
54	343.5	342.5	347.5	1386,978,416,62	416.7	4287.1	39.4844621	73.5852441	4526.8
55	304.4	303.4	306.4	540,570,274,136	303.0	4280.5	39.4844621	73.5852438	4526.8
56	341.5	337.4	341.5	1406,698,390,68	388.4	4273.2	39.4844621	73.5852441	4526.8
57	360.5	360.5	360.5	46,52,368,36	366.3	4246.8	39.4844646	73.5852432	4526.8
58	392.5	392.5	392.5	1578,676,266,354	434.0	4242.5	39.4852018	73.5851688	4513.8
59	112.1	109.1	116.2	130,186,250,104	264.3	4239.1	39.4844240	73.5850476	4519.8
60	348.5	348.5	349.5	1436,928,424,54	424.9	4225.7	39.4844631	73.5852437	4526.8
61	326.4	326.4	328.4	46,206,414,56	412.9	4224.2	39.4844622	73.5852431	4526.8
62	359.5	356.5	360.5	42,64,394,34	392.1	4224.1	39.4844642	73.5852432	4526.8
63	206.3	206.3	206.3	1268,976,294,104	309.3	4216.7	39.4844135	73.5850504	4519.9
64	204.3	204.3	204.3	1368,892,286,164	313.6	4194.1	39.4844137	73.5850502	4519.9
65	319.4	315.4	321.4	0,782,458,108	460.5	4186.5	39.4844619	73.5852422	4526.8
66	287.4	274.4	291.4	48,524,486,118	482.6	4174.6	39.4844609	73.5852439	4526.8
67	326.4	316.4	327.4	158,268,420,84	420.6	4144.1	39.4844622	73.5852431	4526.8
68	302.4	299.4	302.4	76,130,312,84	317.9	4119.4	39.4844622	73.5852440	4526.8
69	301.4	295.4	301.4	26,254,428,156	434.5	4108.6	39.4844619	73.5852439	4526.8
70	210.3	210.3	213.3	1380,1014,200,66	208.1	4089.7	39.4844127	73.5850513	4519.9
71	296.4	295.4	296.4	0,608,376,138	396.6	4076.3	39.4844620	73.5852443	4526.8
72	455.6	448.6	458.6	1446,336,408,44	407.0	4031.2	39.4852025	73.5851683	4513.8
73	290.4	275.4	291.4	8,382,398,72	398.6	4013.9	39.4844610	73.5852430	4526.8
74	254.3	254.3	254.3	170,390,360,98	363.6	3978.9	39.4844061	73.5850506	4519.9
75	199.3	199.3	205.3	1350,992,184,62	190.4	3978.4	39.4844137	73.5850493	4519.9
76	371.5	371.5	374.5	82,932,412,64	412.8	3960.7	39.4845902	73.5853170	4521.1
77	394.5	393.5	395.5	1578,650,216,272	342.1	3953.9	39.4852016	73.5851692	4513.7
78	335.4	334.4	335.4	1474,774,416,90	420.2	3926.2	39.4844627	73.5852439	4526.8
79	334.4	333.4	334.4	16,354,300,46	298.6	3922.5	39.4844629	73.5852441	4526.8
80	341.5	341.5	341.5	148,744,298,44	296.3	3917.7	39.4844621	73.5852441	4526.8
81	316.4	316.4	316.4	80,246,404,84	403.1	3902.1	39.4844617	73.5852416	4526.8
82	346.5	346.5	347.5	504,978,196,36	195.7	3854.3	39.4844628	73.5852442	4526.8
83	326.4	322.4	326.4	190,424,352,86	358.6	3829.3	39.4844622	73.5852431	4526.8
84	432.6	432.6	432.6	0,314,248,176	299.5	3828.3	39.4852000	73.5851722	4513.8
85	481.6	480.6	482.6	1520,196,206,30	204.8	3826.8	39.4851983	73.5851685	4513.8
86	260.3	260.3	263.3	102,242,362,102	372.4	3804.0	39.4844054	73.5850511	4519.9
87	206.3	205.3	207.3	904,820,410,92	416.7	3802.6	39.4844135	73.5850504	4519.9
88	457.6	448.6	458.6	1508,642,386,64	388.1	3801.2	39.4852021	73.5851682	4513.8
89	301.4	296.4	303.4	138,236,284,80	292.2	3788.4	39.4844619	73.5852439	4526.8
90	484.6	483.6	488.6	12,352,214,30	212.8	3786.8	39.4851984	73.5851685	4513.8
91	196.3	196.3	207.3	1546,528,368,98	372.3	3784.5	39.4844139	73.5850484	4519.9
92	261.3	261.3	263.3	100,36,276,106	291.7	3784.3	39.4844052	73.5850510	4519.9
93	455.6	446.6	456.6	1460,142,460,46	458.1	3771.6	39.4852025	73.5851683	4513.8
94	290.4	289.4	290.4	154,32,216,66	218.8	3735.0	39.4844610	73.5852430	4526.8
95	392.5	392.5	392.5	1652,656,268,292	393.2	3719.6	39.4852018	73.5851688	4513.8
96	318.4	315.4	320.4	0,402,484,148	496.2	3667.8	39.4844618	73.5852420	4526.8
97	321.4	320.4	322.4	54,288,450,132	461.7	3659.1	39.4844620	73.5852427	4526.8
98	326.4	326.4	327.4	198,160,370,44	370.2	3654.1	39.4844622	73.5852431	4526.8
99	393.5	393.5	395.5	126,0,268,292	362.6	3646.5	39.4852016	73.5851692	4513.8
100	342.5	342.5	343.5	1464,946,410,24	408.0	3640.7	39.4844621	73.5852440	4526.8
101	363.5	363.5	363.5	346,274,292,26	290.0	3598.9	39.4844651	73.5852430	4526.8
102	503.7	503.7	503.7	126,190,450,122	461.3	3598.0	39.4851956	73.5851679	4513.8
103	304.4	302.4	305.4	0,444,382,158	409.8	3597.4	39.4844621	73.5852438	4526.8
104	455.6	449.6	457.6	1500,380,420,56	418.8	3576.1	39.4852025	73.5851683	4513.8
105	314.4	314.4	317.4	46,236,396,182	430.6	3564.1	39.4844624	73.5852421	4526.8
106	502.7	502.7	502.7	282,106,204,26	202.3	3557.1	39.4851957	73.5851678	4513.8
107	341.5	338.4	341.5	414,934,180,16	178.0	3550.2	39.4844621	73.5852441	4526.8
108	334.4	331.4	334.4	1518,910,356,70	360.1	3532.7	39.4844629	73.5852441	4526.8
109	440.6	440.6	440.6	950,944,200,78	207.8	3526.0	39.4852011	73.5851705	4513.9
110	297.4	293.4	298.4	0,462,382,114	386.1	3516.1	39.4844618	73.5852444	4526.8
111	199.3	199.3	199.3	1724,616,196,54	200.8	3509.4	39.4844137	73.5850493	4519.9
112	210.3	210.3	210.3	1538,886,298,98	310.0	3506.4	39.4844127	73.5850513	4519.9
113	486.6	480.6	487.6	1662,882,232,48	231.7	3485.1	39.4851985	73.5851681	4513.8
114	505.7	501.7	506.7	60,402,276,54	273.3	3482.6	39.4851951	73.5851687	4513.8
115	254.3	251.3	255.3	26,314,372,88	378.1	3472.6	39.4844061	73.5850506	4519.9
116	398.5	397.5	399.5	742,890,140,144	196.6	3472.5	39.4852022	73.5851695	4513.8
117	455.6	455.6	455.6	1580,230,340,26	338.0	3461.6	39.4852025	73.5851683	4513.8
118	340.5	339.4	341.5	52,38,256,52	252.8	3461.5	39.4844622	73.5852439	4526.8
119	454.6	453.6	454.6	1574,202,346,32	344.9	3458.8	39.4852025	73.5851681	4513.8
120	358.5	357.5	360.5	186,108,294,52	292.2	3439.5	39.4844639	73.5852430	4526.8
121	402.5	402.5	402.5	664,792,142,146	199.4	3434.8	39.4852027	73.5851702	4513.8
122	296.4	293.4	296.4	0,512,422,136	432.2	3430.0	39.4844620	73.5852443	4526.8
123	430.6	428.6	430.6	952,178,246,190	287.5	3427.9	39.4851998	73.5851720	4513.9
124	337.4	337.4	337.4	1390,932,328,82	330.7	3424.9	39.4844625	73.5852438	4526.8
125	247.3	245.3	247.3	242,384,188,56	190.6	3419.2	39.4844067	73.5850504	4519.9
126	375.5	374.5	377.5	794,694,360,64	357.3	3417.7	39.4847683	73.5854330	4512.9
127	164.2	163.2	168.2	398,118,124,52	131.1	3416.1	39.4844163	73.5850471	4519.8
128	361.5	361.5	361.5	16,314,380,66	378.3	3413.2	39.4844649	73.5852432	4526.8
129	310.4	308.4	324.4	278,54,328,106	342.2	3407.5	39.4844620	73.5852430	4526.8
130	499.7	499.7	499.7	66,324,108,32	106.7	3407.4	39.4851964	73.5851677	4513.8
131	510.7	510.7	510.7	12,450,218,144	258.5	3402.2	39.4851994	73.5851918	4513.9
132	400.5	400.5	400.5	1390,788,196,248	311.7	3400.1	39.4852025	73.5851697	4513.8
133	477.6	477.6	477.6	178,664,130,24	129.5	3387.9	39.4851976	73.5851700	4513.8
134	346.5	344.5	347.5	1700,248,180,36	180.8	3385.0	39.4844628	73.5852442	4526.8
135	290.4	284.4	290.4	34,280,280,122	300.1	3383.9	39.4844610	73.5852430	4526.8
136	255.3	255.3	257.3	166,114,222,52	225.0	3383.3	39.4844058	73.5850508	4519.9
137	159.2	155.2	159.2	298,810,202,84	216.1	3382.7	39.4844176	73.5850479	4519.8
138	383.5	379.5	383.5	1390,582,290,184	340.7	3379.0	39.4852019	73.5851698	4513.7
139	211.3	210.3	213.3	1454,930,286,84	293.8	3356.1	39.4844126	73.5850514	4519.9
140	394.5	393.5	395.5	0,120,232,218	308.7	3347.1	39.4852016	73.5851692	4513.7
141	313.4	310.4	315.4	14,362,346,138	367.5	3347.0	39.4844622	73.5852423	4526.8
142	169.2	169.2	169.2	72,204,186,82	195.2	3336.2	39.4844162	73.5850466	4519.8
143	359.5	358.5	359.5	60,412,322,72	320.0	3325.3	39.4844642	73.5852432	4526.8
144	299.4	295.4	300.4	98,468,300,114	315.8	3308.6	39.4844619	73.5852445	4526.8
145	206.3	205.3	206.3	1334,786,320,142	342.0	3305.2	39.4844135	73.5850504	4519.9
146	303.4	303.4	306.4	110,654,346,96	348.9	3294.9	39.4844622	73.5852438	4526.8
147	311.4	311.4	315.4	378,94,218,104	236.7	3293.3	39.4844620	73.5852427	4526.8
148	192.3	189.3	195.3	1364,974,306,92	317.0	3293.1	39.4844150	73.5850480	4519.9
149	333.4	332.4	335.4	18,338,386,40	384.5	3286.1	39.4844629	73.5852442	4526.8
150	207.3	202.3	207.3	1548,510,290,118	298.6	3278.4	39.4844130	73.5850505	4519.9
151	290.4	290.4	291.4	80,100,318,122	335.1	3274.6	39.4844610	73.5852430	4526.8
152	290.4	288.4	291.4	134,270,222,74	228.0	3270.6	39.4844610	73.5852430	4526.8
153	86.1	85.1	93.1	62,178,184,70	184.6	3268.8	39.4844250	73.5850465	4519.9
154	332.4	331.4	333.4	10,396,274,40	271.9	3268.1	39.4844630	73.5852444	4526.8
155	290.4	281.4	290.4	262,346,184,56	189.3	3248.6	39.4844610	73.5852430	4526.8
156	361.5	361.5	362.5	1488,666,364,66	365.9	3247.9	39.4844649	73.5852432	4526.8
157	322.4	320.4	322.4	86,392,314,84	322.6	3244.5	39.4844621	73.5852428	4526.8
158	429.6	428.6	431.6	962,234,176,94	192.3	3241.2	39.4852000	73.5851722	4513.9
159	440.6	440.6	454.6	1108,108,196,100	213.0	3236.0	39.4852011	73.5851705	4513.9
160	361.5	361.5	362.5	164,666,220,34	218.8	3227.4	39.4844649	73.5852432	4526.8
161	352.5	350.5	353.5	342,876,184,42	186.3	3220.7	39.4844633	73.5852430	4526.8
162	287.4	285.4	287.4	24,600,308,74	314.1	3202.0	39.4844609	73.5852439	4526.8
163	362.5	361.5	362.5	0,490,254,72	255.5	3200.1	39.4844651	73.5852431	4526.8
164	254.3	254.3	254.3	226,554,256,50	256.3	3198.2	39.4844061	73.5850506	4519.9
165	347.5	346.5	347.5	1484,948,332,86	337.0	3190.2	39.4844631	73.5852439	4526.8
166	312.4	310.4	312.4	24,324,208,58	211.9	3186.9	39.4844621	73.5852425	4526.8
167	368.5	366.5	376.5	648,738,356,42	355.1	3186.5	39.4844859	73.5852531	4526.8
168	393.5	393.5	393.5	1506,740,306,294	401.3	3185.7	39.4852016	73.5851692	4513.8
169	392.5	392.5	392.5	234,140,206,210	291.3	3182.6	39.4852018	73.5851688	4513.8
170	307.4	307.4	307.4	216,406,298,132	316.2	3176.4	39.4844622	73.5852434	4526.8
171	458.6	456.6	459.6	1614,810,306,48	304.7	3167.7	39.4852016	73.5851685	4513.8
172	440.6	440.6	440.6	898,792,182,66	189.7	3159.7	39.4852011	73.5851705	4513.9
173	312.4	309.4	312.4	190,172,256,74	261.0	3158.4	39.4844621	73.5852425	4526.8
174	196.3	196.3	196.3	1672,908,164,64	171.4	3148.4	39.4844139	73.5850484	4519.9
175	334.4	334.4	334.4	0,664,294,58	292.6	3148.1	39.4844629	73.5852441	4526.8
176	330.4	329.4	331.4	1400,964,400,58	401.0	3143.2	39.4844629	73.5852439	4526.8
177	316.4	316.4	317.4	192,8,300,66	302.2	3142.7	39.4844617	73.5852416	4526.8
178	323.4	323.4	324.4	0,778,302,60	302.4	3140.9	39.4844621	73.5852431	4526.8
179	341.5	339.4	341.5	348,494,224,42	223.3	3133.2	39.4844621	73.5852441	4526.8
180	430.6	430.6	430.6	1186,632,134,86	152.0	3133.1	39.4851998	73.5851720	4513.9
181	363.5	363.5	363.5	102,398,322,54	320.0	3115.4	39.4844651	73.5852430	4526.8
182	366.5	365.5	366.5	26,946,252,60	256.2	3114.5	39.4844657	73.5852435	4526.9
183	341.5	341.5	341.5	1486,468,172,32	172.0	3111.0	39.4844621	73.5852441	4526.8
184	334.4	328.4	334.4	1454,860,360,52	360.9	3110.1	39.4844629	73.5852441	4526.8
185	261.3	260.3	264.3	66,160,306,82	312.4	3098.0	39.4844052	73.5850510	4519.9
186	231.3	231.3	233.3	680,944,172,36	170.4	3089.1	39.4844079	73.5850507	4519.9
187	312.4	312.4	313.4	812,686,208,70	213.5	3088.5	39.4844621	73.5852425	4526.8
188	327.4	327.4	328.4	170,504,298,40	295.4	3086.3	39.4844623	73.5852430	4526.8
189	379.5	379.5	379.5	1672,322,248,170	296.2	3085.6	39.4850332	73.5852640	4513.0
190	335.4	335.4	335.4	1652,310,268,46	269.1	3069.9	39.4844627	73.5852439	4526.8
191	76.1	76.1	76.1	1320,852,206,82	218.4	3049.9	39.4844237	73.5850494	4519.9
192	470.6	470.6	470.6	842,90,152,24	150.0	3049.0	39.4851983	73.5851705	4513.8
193	375.5	373.5	378.5	554,874,378,66	380.3	3045.8	39.4847683	73.5854330	4512.9
194	393.5	393.5	393.5	70,246,152,216	260.7	3045.2	39.4852016	73.5851692	4513.8
195	315.4	314.4	315.4	56,180,332,108	338.7	3044.2	39.4844623	73.5852418	4526.8
196	205.3	205.3	205.3	884,886,284,136	309.7	3043.6	39.4844136	73.5850504	4519.9
197	175.2	175.2	175.2	1402,1008,210,72	216.7	3031.0	39.4844161	73.5850469	4519.8
198	204.3	204.3	204.3	1094,800,254,132	282.6	3023.7	39.4844137	73.5850502	4519.9
199	204.3	204.3	206.3	1486,550,284,120	304.5	3018.8	39.4844137	73.5850502	4519.9
200	387.5	387.5	391.5	1252,336,140,146	197.5	3018.2	39.4852026	73.5851683	4513.7
201	336.4	336.4	336.4	1582,548,338,54	340.0	3017.4	39.4844626	73.5852438	4526.8
202	311.4	311.4	311.4	0,618,360,144	380.9	3012.3	39.4844620	73.5852427	4526.8
203	361.5	361.5	362.5	254,434,198,32	197.4	3010.3	39.4844649	73.5852432	4526.8
204	333.4	333.4	333.4	86,130,344,78	346.3	3009.7	39.4844629	73.5852442	4526.8
205	337.4	337.4	337.4	1508,892,364,102	370.5	3004.4	39.4844625	73.5852438	4526.8
206	328.4	328.4	328.4	272,186,250,76	254.7	3003.8	39.4844624	73.5852431	4526.8
207	302.4	301.4	305.4	110,594,316,62	318.0	2995.8	39.4844622	73.5852440	4526.8
208	324.4	323.4	324.4	190,390,290,74	295.5	2989.0	39.4844622	73.5852433	4526.8
209	333.4	328.4	333.4	1154,214,358,44	356.2	2988.7	39.4844629	73.5852442	4526.8
210	432.6	432.6	432.6	958,960,164,84	174.9	2983.2	39.4852000	73.5851722	4513.8
211	239.3	235.3	244.3	830,216,192,36	190.8	2981.9	39.4844065	73.5850513	4519.9
212	433.6	433.6	433.6	566,550,250,148	280.9	2978.8	39.4852001	73.5851727	4513.8
213	360.5	357.5	360.5	160,670,250,84	244.7	2974.2	39.4844646	73.5852432	4526.8
214	323.4	319.4	324.4	192,390,288,74	293.5	2974.1	39.4844621	73.5852431	4526.8
215	204.3	204.3	204.3	1350,828,214,100	227.1	2971.4	39.4844137	73.5850502	4519.9
216	313.4	311.4	315.4	0,466,302,70	306.7	2966.0	39.4844622	73.5852423	4526.8
217	346.5	342.5	347.5	1688,386,232,36	232.0	2963.2	39.4844628	73.5852442	4526.8
218	313.4	308.4	313.4	262,264,232,70	237.1	2950.7	39.4844622	73.5852423	4526.8
219	429.6	429.6	429.6	1292,416,178,90	194.9	2938.6	39.4852000	73.5851722	4513.9
220	508.7	507.7	511.7	112,366,292,148	321.6	2938.3	39.4851949	73.5851691	4513.9
221	300.4	299.4	301.4	0,558,230,70	237.5	2937.6	39.4844619	73.5852444	4526.8
222	254.3	248.3	257.3	0,506,226,82	237.4	2932.4	39.4844061	73.5850506	4519.9
223	430.6	430.6	430.6	1522,972,178,108	197.5	2927.9	39.4851998	73.5851720	4513.9
224	175.2	175.2	175.2	1578,848,250,128	272.8	2918.8	39.4844161	73.5850469	4519.8
225	118.2	118.2	118.2	226,274,156,72	167.5	2918.0	39.4844232	73.5850474	4519.8
226	396.5	396.5	396.5	1300,830,202,216	283.3	2909.4	39.4852018	73.5851691	4513.8
227	309.4	309.4	310.4	604,900,198,106	213.1	2908.7	39.4844621	73.5852432	4526.8
228	505.7	501.7	506.7	276,324,382,104	391.8	2907.8	39.4851951	73.5851687	4513.8
229	443.6	443.6	443.6	1680,598,240,106	257.8	2907.2	39.4852014	73.5851695	4513.8
230	338.4	338.4	338.4	1382,898,328,58	326.8	2893.3	39.4844625	73.5852438	4526.8
231	254.3	254.3	259.3	422,82,98,34	100.5	2881.9	39.4844061	73.5850506	4519.9
232	205.3	205.3	205.3	1486,694,284,64	286.5	2871.2	39.4844136	73.5850504	4519.9
233	205.3	205.3	205.3	842,914,166,82	181.4	2864.0	39.4844136	73.5850504	4519.9
234	502.7	502.7	502.7	160,0,210,46	210.3	2861.9	39.4851957	73.5851678	4513.8
235	397.5	397.5	399.5	334,46,182,226	287.2	2859.4	39.4852021	73.5851693	4513.8
236	225.3	224.3	225.3	498,876,182,34	181.2	2857.2	39.4844084	73.5850507	4519.9
237	440.6	440.6	440.6	1564,596,208,100	224.8	2853.9	39.4852011	73.5851705	4513.9
238	290.4	290.4	293.4	66,842,294,78	297.8	2847.4	39.4844610	73.5852430	4526.8
239	357.5	354.5	361.5	208,332,268,36	266.9	2846.9	39.4844636	73.5852426	4526.8
240	343.5	342.5	343.5	58,844,312,48	311.7	2846.0	39.4844621	73.5852441	4526.8
241	456.6	446.6	458.6	1614,312,306,60	305.1	2836.6	39.4852023	73.5851682	4513.8
242	348.5	348.5	348.5	1604,668,304,50	305.4	2830.8	39.4844631	73.5852437	4526.8
243	485.6	485.6	490.6	12,306,214,66	216.5	2828.3	39.4851984	73.5851684	4513.8
244	391.5	387.5	391.5	572,578,122,128	172.6	2826.5	39.4852022	73.5851687	4513.8
245	507.7	507.7	510.7	216,434,184,84	195.1	2821.9	39.4851950	73.5851695	4513.8
246	205.3	203.3	205.3	1192,1012,248,68	252.7	2820.8	39.4844136	73.5850504	4519.9
247	393.5	393.5	395.5	1394,814,278,266	377.0	2815.5	39.4852016	73.5851692	4513.8
248	396.5	396.5	396.5	1478,706,204,194	271.5	2814.2	39.4852018	73.5851691	4513.8
249	206.3	206.3	206.3	1640,998,150,72	160.5	2812.7	39.4844135	73.5850504	4519.9
250	419.6	416.6	419.6	538,0,182,176	249.8	2809.3	39.4852014	73.5851715	4513.9
251	502.7	500.7	502.7	64,636,130,30	129.8	2809.1	39.4851957	73.5851678	4513.8
252	319.4	319.4	320.4	84,68,320,106	333.8	2807.8	39.4844619	73.5852422	4526.8
253	380.5	379.5	382.5	1202,464,202,130	233.2	2805.2	39.4851189	73.5852181	4513.7
254	363.5	363.5	363.5	312,186,260,28	258.4	2804.1	39.4844651	73.5852430	4526.8
255	383.5	380.5	383.5	1418,820,240,180	294.4	2803.3	39.4852019	73.5851698	4513.7
256	254.3	253.3	255.3	218,158,230,46	232.2	2799.0	39.4844061	73.5850506	4519.9
257	305.4	305.4	307.4	242,0,182,64	190.2	2794.0	39.4844621	73.5852436	4526.8
258	326.4	326.4	326.4	134,0,280,84	285.2	2793.8	39.4844622	73.5852431	4526.8
259	320.4	318.4	325.4	136,392,220,62	226.1	2785.4	39.4844619	73.5852424	4526.8
260	307.4	307.4	307.4	146,206,178,56	181.4	2784.4	39.4844622	73.5852434	4526.8
261	324.4	323.4	330.4	684,944,248,64	253.2	2781.7	39.4844622	73.5852433	4526.8
262	506.7	506.7	506.7	42,322,150,40	151.4	2765.7	39.4851951	73.5851694	4513.8
263	319.4	319.4	322.4	118,526,324,52	324.5	2764.5	39.4844619	73.5852422	4526.8
264	505.7	504.7	505.7	42,338,144,42	145.1	2760.4	39.4851951	73.5851687	4513.8
265	470.6	470.6	470.6	1572,682,104,20	102.3	2760.1	39.4851983	73.5851705	4513.8
266	200.3	200.3	207.3	1276,618,304,88	313.4	2750.1	39.4844136	73.5850495	4519.9
267	325.4	318.4	325.4	124,220,322,88	327.5	2743.6	39.4844622	73.5852432	4526.8
268	477.6	477.6	477.6	1206,318,176,18	173.7	2738.9	39.4851976	73.5851700	4513.8
269	401.5	401.5	401.5	1426,400,124,150	190.5	2738.2	39.4852025	73.5851701	4513.8
270	306.4	306.4	306.4	70,812,258,94	270.7	2737.0	39.4844622	73.5852435	4526.8
271	364.5	364.5	364.5	902,740,160,56	164.5	2733.4	39.4844654	73.5852432	4526.8
272	372.5	368.5	372.5	444,652,306,54	307.5	2732.0	39.4846328	73.5853490	4518.9
273	453.6	444.6	454.6	1584,296,292,52	290.5	2728.0	39.4852024	73.5851679	4513.8
274	335.4	335.4	335.4	1194,190,248,42	249.0	2718.8	39.4844627	73.5852439	4526.8
275	255.3	248.3	256.3	44,584,300,82	302.8	2718.3	39.4844058	73.5850508	4519.9
276	306.4	306.4	306.4	144,478,238,100	255.5	2717.1	39.4844622	73.5852435	4526.8
277	260.3	260.3	262.3	62,180,226,82	236.2	2717.0	39.4844054	73.5850511	4519.9
278	392.5	392.5	392.5	1404,806,242,274	336.1	2713.0	39.4852018	73.5851688	4513.8
279	305.4	302.4	305.4	124,62,292,74	297.7	2706.2	39.4844621	73.5852436	4526.8
280	325.4	325.4	325.4	250,126,268,76	270.3	2705.4	39.4844622	73.5852432	4526.8
281	342.5	342.5	343.5	1628,780,266,54	266.7	2703.7	39.4844621	73.5852440	4526.8
282	313.4	312.4	313.4	26,326,400,142	421.1	2702.1	39.4844622	73.5852423	4526.8
283	478.6	478.6	478.6	1058,410,180,38	179.2	2697.7	39.4851977	73.5851693	4513.8
284	432.6	432.6	435.6	1390,722,210,138	247.4	2696.8	39.4852000	73.5851722	4513.8
285	402.5	402.5	402.5	328,346,122,124	170.9	2696.0	39.4852027	73.5851702	4513.8
286	348.5	348.5	349.5	1594,836,296,40	294.4	2688.2	39.4844631	73.5852437	4526.8
287	308.4	308.4	312.4	274,290,300,74	302.8	2685.8	39.4844621	73.5852433	4526.8
288	348.5	348.5	348.5	1688,518,232,34	231.7	2677.7	39.4844631	73.5852437	4526.8
289	417.6	417.6	417.6	416,24,212,230	309.8	2676.9	39.4852019	73.5851716	4513.8
290	350.5	349.5	352.5	108,638,346,52	345.3	2668.3	39.4844633	73.5852435	4526.8
291	335.4	335.4	335.4	1578,394,284,46	280.7	2667.5	39.4844627	73.5852439	4526.8
292	372.5	371.5	373.5	20,794,342,58	339.8	2664.9	39.4846328	73.5853490	4518.9
293	363.5	363.5	364.5	504,524,232,38	232.4	2663.2	39.4844651	73.5852430	4526.8
294	363.5	363.5	363.5	6,448,326,62	327.8	2657.2	39.4844651	73.5852430	4526.8
295	206.3	205.3	206.3	878,854,212,60	214.4	2656.4	39.4844135	73.5850504	4519.9
296	204.3	204.3	204.3	1610,810,196,80	208.9	2653.4	39.4844137	73.5850502	4519.9
297	440.6	440.6	440.6	1660,684,222,56	223.3	2647.9	39.4852011	73.5851705	4513.9
298	307.4	307.4	307.4	202,38,238,74	240.7	2640.8	39.4844622	73.5852434	4526.8
299	335.4	335.4	335.4	1482,496,380,56	381.1	2634.3	39.4844627	73.5852439	4526.8
300	440.6	440.6	443.6	1632,384,202,78	202.1	2625.0	39.4852011	73.5851705	4513.9
301	478.6	478.6	478.6	20,1042,142,12	140.1	2620.0	39.4851977	73.5851693	4513.8
302	477.6	477.6	477.6	0,768,126,26	124.0	2617.7	39.4851976	73.5851700	4513.8
303	345.5	345.5	347.5	1446,1062,194,18	192.0	2607.2	39.4844623	73.5852442	4526.8
304	311.4	311.4	311.4	796,964,138,38	137.5	2604.5	39.4844620	73.5852427	4526.8
305	304.4	303.4	306.4	142,764,234,112	255.6	2603.5	39.4844621	73.5852438	4526.8
306	205.3	204.3	207.3	1654,636,158,82	175.3	2599.5	39.4844136	73.5850504	4519.9
307	418.6	416.6	418.6	484,0,144,172	221.5	2595.2	39.4852018	73.5851716	4513.9
308	326.4	326.4	326.4	1316,1016,272,38	271.6	2585.2	39.4844622	73.5852431	4526.8
309	293.4	292.4	297.4	150,728,156,44	158.1	2578.6	39.4844615	73.5852432	4526.8
310	447.6	446.6	447.6	922,392,148,46	151.4	2568.7	39.4852019	73.5851688	4513.9
311	337.4	337.4	338.4	232,724,220,42	221.3	2567.5	39.4844625	73.5852438	4526.8
312	351.5	349.5	354.5	100,570,248,30	245.7	2558.1	39.4844633	73.5852433	4526.8
313	513.7	508.7	513.7	218,498,184,132	219.1	2557.2	39.4852759	73.5853853	4514.0
314	396.5	396.5	396.5	122,122,226,236	315.3	2549.5	39.4852018	73.5851691	4513.8
315	363.5	363.5	363.5	606,574,192,36	190.4	2545.6	39.4844651	73.5852430	4526.8
316	277.4	271.4	286.4	134,698,164,46	166.7	2545.4	39.4844018	73.5850627	4523.7
317	270.4	270.4	270.4	68,80,252,72	252.3	2535.9	39.4844039	73.5850510	4519.9
318	333.4	329.4	333.4	1390,988,224,32	223.5	2535.3	39.4844629	73.5852442	4526.8
319	223.3	223.3	226.3	1182,80,114,34	114.1	2531.9	39.4844086	73.5850508	4519.9
320	511.7	507.7	511.7	0,556,176,118	208.5	2531.5	39.4852080	73.5852434	4513.9
321	306.4	306.4	306.4	136,204,220,68	226.8	2530.2	39.4844622	73.5852435	4526.8
322	378.5	378.5	378.5	1126,564,198,94	209.5	2527.4	39.4849518	73.5853155	4512.6
323	488.6	483.6	488.6	1786,1032,98,22	97.3	2525.0	39.4851985	73.5851674	4513.8
324	332.4	330.4	332.4	1530,1000,270,44	271.3	2523.5	39.4844630	73.5852444	4526.8
325	331.4	329.4	331.4	24,314,246,62	250.3	2522.4	39.4844630	73.5852442	4526.8
326	378.5	378.5	378.5	1722,604,198,106	221.7	2521.0	39.4849518	73.5853155	4512.6
327	330.4	327.4	331.4	1612,1046,220,34	220.3	2520.2	39.4844629	73.5852439	4526.8
328	364.5	364.5	364.5	298,998,256,44	256.0	2515.6	39.4844654	73.5852432	4526.8
329	311.4	311.4	311.4	0,730,312,144	337.6	2514.5	39.4844620	73.5852427	4526.8
330	340.5	338.4	340.5	80,550,216,42	215.7	2514.5	39.4844622	73.5852439	4526.8
331	311.4	311.4	312.4	488,196,246,108	259.4	2514.1	39.4844620	73.5852427	4526.8
332	288.4	288.4	289.4	128,796,228,70	232.7	2511.9	39.4844608	73.5852434	4526.8
333	211.3	211.3	212.3	1604,888,234,82	244.1	2505.6	39.4844126	73.5850514	4519.9
334	322.4	318.4	322.4	52,184,284,50	283.0	2498.4	39.4844621	73.5852428	4526.8
335	396.5	396.5	396.5	1548,416,100,118	150.6	2498.2	39.4852018	73.5851691	4513.8
336	82.1	82.1	93.1	438,214,124,52	129.5	2497.9	39.4844250	73.5850469	4519.9
337	349.5	349.5	349.5	1628,958,248,24	246.2	2491.5	39.4844632	73.5852436	4526.8
338	322.4	322.4	325.4	172,0,224,60	229.2	2487.2	39.4844621	73.5852428	4526.8
339	292.4	292.4	296.4	0,586,274,102	276.8	2482.5	39.4844613	73.5852431	4526.8
340	260.3	260.3	260.3	136,0,212,68	219.7	2481.8	39.4844054	73.5850511	4519.9
341	360.5	357.5	360.5	160,354,340,38	338.0	2480.6	39.4844646	73.5852432	4526.8
342	326.4	326.4	326.4	600,252,132,34	133.0	2476.4	39.4844622	73.5852431	4526.8
343	308.4	308.4	309.4	178,818,154,52	159.4	2475.0	39.4844621	73.5852433	4526.8
344	308.4	308.4	309.4	180,198,308,106	319.1	2461.6	39.4844621	73.5852433	4526.8
345	207.3	200.3	207.3	666,960,210,76	219.2	2460.7	39.4844130	73.5850505	4519.9
346	348.5	348.5	349.5	118,782,268,50	268.4	2459.7	39.4844631	73.5852437	4526.8
347	336.4	336.4	336.4	1430,736,252,46	250.0	2457.2	39.4844626	73.5852438	4526.8
348	59.1	48.1	60.1	104,188,242,72	247.7	2453.5	39.4844215	73.5850506	4506.3
349	318.4	318.4	318.4	1076,928,298,88	307.1	2453.0	39.4844618	73.5852420	4526.8
350	440.6	440.6	440.6	942,1048,96,32	96.0	2449.5	39.4852011	73.5851705	4513.9
351	301.4	301.4	301.4	140,470,244,56	244.5	2448.2	39.4844619	73.5852439	4526.8
352	149.2	148.2	149.2	782,328,98,44	102.3	2443.7	39.4844201	73.5850489	4519.8
353	466.6	459.6	469.6	1334,930,136,28	136.0	2442.4	39.4851994	73.5851703	4513.8
354	397.5	397.5	398.5	1088,28,118,108	148.1	2441.1	39.4852021	73.5851693	4513.8
355	63.1	63.1	69.1	1318,866,186,52	188.3	2437.5	39.4844205	73.5850511	4513.1
356	363.5	363.5	363.5	1474,296,258,30	256.3	2434.8	39.4844651	73.5852430	4526.8
357	500.7	500.7	500.7	1302,240,154,36	154.9	2429.9	39.4851960	73.5851676	4513.9
358	121.2	109.1	126.2	364,218,118,56	122.7	2427.7	39.4844224	73.5850476	4519.8
359	499.7	499.7	499.7	1208,328,190,66	194.1	2426.4	39.4851964	73.5851677	4513.8
360	321.4	321.4	321.4	134,874,298,86	305.8	2419.3	39.4844620	73.5852427	4526.8
361	478.6	478.6	478.6	18,66,128,14	126.0	2418.7	39.4851977	73.5851693	4513.8
362	298.4	296.4	300.4	752,772,254,78	262.5	2414.2	39.4844620	73.5852445	4526.8
363	365.5	365.5	366.5	258,930,308,74	309.7	2412.7	39.4844657	73.5852434	4526.9
364	351.5	351.5	351.5	1516,1002,294,72	293.3	2405.6	39.4844633	73.5852433	4526.8
365	346.5	344.5	347.5	1530,762,262,42	261.7	2400.0	39.4844628	73.5852442	4526.8
366	396.5	396.5	399.5	1154,896,172,184	248.9	2399.4	39.4852018	73.5851691	4513.8
367	318.4	318.4	318.4	116,876,228,64	232.3	2399.3	39.4844618	73.5852420	4526.8
368	318.4	318.4	318.4	898,774,248,118	268.1	2398.9	39.4844618	73.5852420	4526.8
369	336.4	336.4	336.4	1456,828,360,68	358.7	2397.7	39.4844626	73.5852438	4526.8
370	103.1	96.1	108.1	362,244,116,52	121.9	2396.6	39.4844229	73.5850477	4519.8
371	376.5	365.5	376.5	702,756,158,32	158.3	2387.4	39.4848217	73.5854130	4512.7
372	260.3	260.3	265.4	214,368,234,70	238.1	2383.6	39.4844054	73.5850511	4519.9
373	353.5	353.5	356.5	48,104,166,18	163.9	2380.7	39.4844633	73.5852427	4526.8
374	177.2	177.2	177.2	270,300,230,138	262.5	2372.5	39.4844155	73.5850472	4519.8
375	336.4	336.4	336.4	1548,336,244,40	244.7	2370.3	39.4844626	73.5852438	4526.8
376	448.6	446.6	457.6	888,120,248,42	249.2	2370.2	39.4852022	73.5851686	4513.9
377	76.1	76.1	76.1	1458,702,236,120	258.3	2366.4	39.4844237	73.5850494	4519.9
378	396.5	396.5	396.5	88,334,120,158	195.6	2362.4	39.4852018	73.5851691	4513.8
379	369.5	369.5	369.5	56,0,186,24	184.0	2355.4	39.4845137	73.5852682	4525.6
380	297.4	296.4	297.4	98,760,164,44	166.9	2337.4	39.4844618	73.5852444	4526.8
381	444.6	444.6	445.6	974,52,176,80	181.6	2334.1	39.4852017	73.5851691	4513.8
382	209.3	209.3	209.3	1514,624,208,82	219.6	2333.6	39.4844126	73.5850509	4519.9
383	377.5	377.5	377.5	1052,740,200,60	205.5	2329.8	39.4848814	73.5853670	4512.5
384	208.3	208.3	208.3	822,768,160,42	155.8	2327.6	39.4844129	73.5850507	4519.9
385	396.5	396.5	400.5	860,888,136,138	188.0	2327.1	39.4852018	73.5851691	4513.8
386	484.6	481.6	488.6	250,376,220,24	218.1	2327.1	39.4851984	73.5851685	4513.8
387	323.4	322.4	325.4	298,592,276,70	280.4	2325.1	39.4844621	73.5852431	4526.8
388	436.6	436.6	437.6	394,40,112,48	116.6	2325.1	39.4852005	73.5851720	4513.9
389	282.4	282.4	286.4	0,806,248,64	251.4	2324.4	39.4844313	73.5852024	4526.9
390	476.6	472.6	476.6	162,918,218,62	217.7	2324.4	39.4851974	73.5851706	4513.8
391	295.4	292.4	295.4	44,622,228,102	246.7	2323.6	39.4844617	73.5852438	4526.8
392	192.3	190.3	195.3	1296,990,212,76	220.7	2321.2	39.4844150	73.5850480	4519.9
393	349.5	349.5	349.5	1326,1052,206,28	204.0	2314.0	39.4844632	73.5852436	4526.8
394	200.3	200.3	201.3	1480,522,326,126	338.9	2306.4	39.4844136	73.5850495	4519.9
395	199.3	199.3	199.3	1578,814,220,68	224.0	2305.7	39.4844137	73.5850493	4519.9
396	400.5	400.5	400.5	580,0,148,144	193.9	2301.6	39.4852025	73.5851697	4513.8
397	484.6	483.6	485.6	80,848,126,32	123.0	2300.7	39.4851984	73.5851685	4513.8
398	476.6	476.6	479.6	1608,236,248,42	245.5	2299.7	39.4851974	73.5851706	4513.8
399	90.1	90.1	93.1	452,410,110,46	114.0	2299.4	39.4844243	73.5850460	4519.8
400	206.3	201.3	206.3	884,1018,248,62	252.6	2298.9	39.4844135	73.5850504	4519.9
401	334.4	334.4	335.4	1466,640,236,28	234.6	2297.2	39.4844629	73.5852441	4526.8
402	326.4	326.4	326.4	864,656,200,80	211.2	2297.1	39.4844622	73.5852431	4526.8
403	438.6	438.6	439.6	396,86,164,106	190.8	2292.4	39.4852006	73.5851713	4513.9
404	317.4	317.4	317.4	102,180,202,66	208.1	2290.5	39.4844617	73.5852418	4526.8
405	396.5	396.5	396.5	1268,968,114,112	156.9	2283.3	39.4852018	73.5851691	4513.8
406	401.5	401.5	401.5	1466,786,198,202	274.3	2281.3	39.4852025	73.5851701	4513.8
407	400.5	400.5	400.5	460,538,102,116	150.0	2281.0	39.4852025	73.5851697	4513.8
408	156.2	156.2	156.2	1604,428,216,82	227.7	2280.6	39.4844185	73.5850486	4519.8
409	70.1	70.1	70.1	1682,512,198,54	201.8	2274.5	39.4844203	73.5850519	4519.9
410	475.6	471.6	475.6	1720,300,134,30	134.4	2273.1	39.4851975	73.5851712	4513.8
411	443.6	443.6	443.6	974,1036,156,44	159.1	2270.8	39.4852014	73.5851695	4513.8
412	433.6	433.6	433.6	1184,654,136,88	159.2	2270.4	39.4852001	73.5851727	4513.8
413	469.6	468.6	469.6	0,982,118,44	120.9	2269.7	39.4851986	73.5851704	4513.8
414	226.3	226.3	226.3	466,964,186,48	185.8	2266.3	39.4844080	73.5850510	4519.9
415	312.4	312.4	312.4	730,286,196,58	200.3	2264.9	39.4844621	73.5852425	4526.8
416	458.6	457.6	461.6	1638,468,234,32	232.0	2260.7	39.4852016	73.5851685	4513.8
417	440.6	440.6	440.6	90,708,110,34	111.6	2260.0	39.4852011	73.5851705	4513.9
418	455.6	453.6	455.6	1590,312,330,22	328.0	2253.3	39.4852025	73.5851683	4513.8
419	189.3	188.2	189.3	1756,960,70,32	72.7	2240.6	39.4844148	73.5850483	4519.7
420	343.5	343.5	343.5	1704,466,216,78	221.5	2238.9	39.4844621	73.5852441	4526.8
421	146.2	145.2	146.2	1554,922,208,84	219.9	2235.2	39.4844206	73.5850490	4519.8
422	362.5	362.5	362.5	300,446,172,28	171.5	2232.6	39.4844651	73.5852431	4526.8
423	505.7	504.7	506.7	154,238,204,28	202.7	2232.6	39.4851951	73.5851687	4513.8
424	199.3	199.3	199.3	232,476,118,40	121.4	2231.3	39.4844137	73.5850493	4519.9
425	316.4	316.4	317.4	94,324,230,52	231.7	2227.3	39.4844617	73.5852416	4526.8
426	392.5	392.5	392.5	236,344,120,148	183.6	2227.3	39.4852018	73.5851688	4513.8
427	336.4	336.4	336.4	1490,408,232,44	229.6	2227.1	39.4844626	73.5852438	4526.8
428	255.3	255.3	255.3	556,442,216,48	217.3	2223.4	39.4844058	73.5850508	4519.9
429	303.4	302.4	304.4	0,724,262,82	265.4	2223.0	39.4844622	73.5852438	4526.8
430	277.4	277.4	277.4	52,832,218,62	220.5	2221.2	39.4844018	73.5850627	4523.7
431	383.5	380.5	383.5	1646,366,142,126	173.4	2220.3	39.4852019	73.5851698	4513.7
432	256.3	256.3	256.3	548,838,140,26	138.3	2219.0	39.4844057	73.5850511	4519.9
433	506.7	504.7	506.7	454,50,214,42	211.7	2218.0	39.4851951	73.5851694	4513.8
434	334.4	334.4	334.4	1462,146,210,56	213.0	2216.1	39.4844629	73.5852441	4526.8
435	401.5	401.5	401.5	1524,934,124,146	188.6	2215.0	39.4852025	73.5851701	4513.8
436	288.4	288.4	291.4	186,326,108,46	114.2	2212.2	39.4844608	73.5852434	4526.8
437	432.6	432.6	432.6	1614,978,142,88	163.7	2211.6	39.4852000	73.5851722	4513.8
438	196.3	196.3	196.3	1046,802,158,72	170.2	2210.7	39.4844139	73.5850484	4519.9
439	196.3	196.3	196.3	1594,480,120,42	119.6	2209.8	39.4844139	73.5850484	4519.9
440	401.5	401.5	401.5	1510,710,164,178	232.5	2209.8	39.4852025	73.5851701	4513.8
441	347.5	344.5	347.5	1730,332,174,30	173.1	2200.9	39.4844631	73.5852439	4526.8
442	207.3	207.3	207.3	1644,436,250,106	261.4	2199.5	39.4844130	73.5850505	4519.9
443	148.2	148.2	149.2	340,294,132,80	148.5	2198.5	39.4844204	73.5850489	4519.8
444	349.5	349.5	349.5	46,932,264,22	262.0	2197.8	39.4844632	73.5852436	4526.8
445	58.1	49.1	60.1	108,158,230,64	235.0	2196.9	39.4844219	73.5850504	4504.6
446	62.1	62.1	68.1	1330,790,154,50	157.7	2195.8	39.4844209	73.5850509	4511.5
447	270.4	270.4	270.4	1588,936,228,62	232.0	2195.6	39.4844039	73.5850510	4519.9
448	396.5	396.5	396.5	1370,192,98,100	137.2	2191.3	39.4852018	73.5851691	4513.8
449	362.5	362.5	362.5	36,114,174,52	173.1	2189.7	39.4844651	73.5852431	4526.8
450	143.2	143.2	143.2	298,26,88,62	104.2	2188.8	39.4844205	73.5850495	4519.8
451	130.2	130.2	140.2	1298,174,172,66	181.6	2182.8	39.4844201	73.5850487	4519.8
452	337.4	337.4	337.4	1448,1060,202,20	200.6	2179.5	39.4844625	73.5852438	4526.8
453	332.4	331.4	332.4	60,662,216,42	216.4	2175.1	39.4844630	73.5852444	4526.8
454	358.5	355.5	359.5	274,480,158,20	156.2	2173.6	39.4844639	73.5852430	4526.8
455	500.7	500.7	500.7	1360,284,200,44	196.8	2173.2	39.4851960	73.5851676	4513.9
456	395.5	394.5	395.5	1428,836,220,244	312.3	2173.1	39.4852017	73.5851692	4513.7
457	266.4	264.3	266.4	1670,350,238,64	244.0	2168.5	39.4844043	73.5850502	4519.9
458	64.1	62.1	69.1	1596,712,148,52	154.2	2166.6	39.4844205	73.5850514	4514.7
459	74.1	72.1	74.1	250,66,238,100	254.0	2166.2	39.4844225	73.5850502	4519.9
460	470.6	470.6	470.6	854,132,122,20	120.4	2163.4	39.4851983	73.5851705	4513.8
461	327.4	327.4	327.4	44,386,278,60	280.8	2158.0	39.4844623	73.5852430	4526.8
462	288.4	288.4	288.4	254,652,202,40	202.0	2151.5	39.4844608	73.5852434	4526.8
463	261.3	260.3	265.4	154,264,234,52	235.7	2149.9	39.4844052	73.5850510	4519.9
464	433.6	433.6	434.6	1302,318,192,138	224.7	2149.8	39.4852001	73.5851727	4513.8
465	478.6	478.6	478.6	10,270,140,46	143.2	2148.0	39.4851977	73.5851693	4513.8
466	364.5	364.5	364.5	554,1004,260,52	259.7	2145.2	39.4844654	73.5852432	4526.8
467	476.6	476.6	476.6	108,288,164,40	162.7	2144.6	39.4851974	73.5851706	4513.8
468	383.5	383.5	383.5	1308,902,196,168	250.8	2142.1	39.4852019	73.5851698	4513.7
469	503.7	503.7	503.7	244,116,292,58	294.4	2142.0	39.4851956	73.5851679	4513.8
470	204.3	204.3	204.3	860,750,204,78	214.2	2141.9	39.4844137	73.5850502	4519.9
471	496.7	496.7	497.7	988,50,142,30	139.7	2140.5	39.4851968	73.5851677	4513.8
472	346.5	344.5	346.5	1714,142,176,32	174.4	2136.6	39.4844628	73.5852442	4526.8
473	362.5	362.5	362.5	0,622,198,58	198.1	2133.4	39.4844651	73.5852431	4526.8
474	401.5	394.5	401.5	408,58,140,138	188.1	2131.5	39.4852025	73.5851701	4513.8
475	336.4	336.4	336.4	1658,658,256,44	254.8	2125.5	39.4844626	73.5852438	4526.8
476	360.5	360.5	360.5	42,106,194,30	192.0	2123.5	39.4844646	73.5852432	4526.8
477	476.6	471.6	476.6	118,1030,210,30	209.2	2120.8	39.4851974	73.5851706	4513.8
478	137.2	134.2	140.2	1420,660,222,88	232.8	2120.6	39.4844194	73.5850505	4519.8
479	178.2	178.2	178.2	42,234,240,162	279.0	2114.9	39.4844153	73.5850474	4519.8
480	361.5	361.5	361.5	1480,768,214,28	213.6	2113.2	39.4844649	73.5852432	4526.8
481	361.5	361.5	361.5	320,568,174,44	176.5	2112.6	39.4844649	73.5852432	4526.8
482	321.4	318.4	321.4	766,700,200,50	201.5	2111.0	39.4844620	73.5852427	4526.8
483	368.5	364.5	368.5	306,982,220,52	222.7	2109.6	39.4844859	73.5852531	4526.8
484	336.4	336.4	336.4	1586,786,312,28	310.1	2108.1	39.4844626	73.5852438	4526.8
485	320.4	320.4	320.4	1392,984,134,40	136.8	2100.5	39.4844619	73.5852424	4526.8
486	477.6	477.6	477.6	58,646,116,24	114.8	2096.0	39.4851976	73.5851700	4513.8
487	499.7	499.7	501.7	700,300,210,36	209.0	2095.8	39.4851964	73.5851677	4513.8
488	398.5	397.5	399.5	132,312,62,62	79.2	2094.6	39.4852022	73.5851695	4513.8
489	190.3	189.3	193.3	1372,900,354,130	358.6	2092.4	39.4844149	73.5850482	4519.8
490	299.4	299.4	300.4	194,894,172,42	174.0	2090.2	39.4844619	73.5852445	4526.8
491	440.6	440.6	440.6	708,958,142,42	141.1	2087.8	39.4852011	73.5851705	4513.9
492	502.7	502.7	502.7	724,960,118,24	117.4	2078.7	39.4851957	73.5851678	4513.8
493	507.7	507.7	507.7	354,74,198,64	204.4	2076.8	39.4851950	73.5851695	4513.8
494	394.5	394.5	395.5	1682,674,238,224	321.2	2071.6	39.4852016	73.5851692	4513.7
495	61.1	61.1	61.1	110,20,186,44	185.0	2070.6	39.4844210	73.5850507	4509.9
496	212.3	211.3	212.3	1618,922,214,74	221.8	2067.4	39.4844125	73.5850514	4519.9
497	508.7	508.7	509.7	138,522,212,84	225.3	2064.3	39.4851949	73.5851691	4513.9
498	362.5	362.5	362.5	756,680,104,22	103.6	2060.9	39.4844651	73.5852431	4526.8
499	479.6	479.6	482.6	1538,502,184,36	183.6	2059.3	39.4851982	73.5851691	4513.8
500	298.4	298.4	298.4	0,456,202,68	200.9	2059.0	39.4844620	73.5852445	4526.8
501	469.6	462.6	469.6	1556,592,82,20	80.6	2057.5	39.4851986	73.5851704	4513.8
502	194.3	194.3	195.3	1608,996,200,48	202.3	2051.9	39.4844143	73.5850479	4519.9
503	314.4	314.4	314.4	102,532,172,78	185.4	2048.7	39.4844624	73.5852421	4526.8
504	372.5	372.5	372.5	174,932,206,76	211.0	2048.0	39.4846328	73.5853490	4518.9
505	402.5	402.5	402.5	1192,688,96,102	137.2	2047.3	39.4852027	73.5851702	4513.8
506	348.5	348.5	348.5	1462,1056,156,24	154.0	2047.2	39.4844631	73.5852437	4526.8
507	351.5	350.5	351.5	158,986,130,18	129.0	2046.8	39.4844633	73.5852433	4526.8
508	159.2	159.2	159.2	418,832,164,62	168.4	2046.1	39.4844176	73.5850479	4519.8
509	342.5	342.5	343.5	90,644,232,74	233.4	2045.0	39.4844621	73.5852440	4526.8
510	236.3	236.3	243.3	312,84,186,54	188.7	2044.0	39.4844072	73.5850518	4519.9
511	386.5	386.5	386.5	1164,380,130,114	168.7	2041.0	39.4852029	73.5851681	4513.7
512	460.6	458.6	466.6	1074,334,74,20	71.8	2040.3	39.4852012	73.5851690	4513.8
513	204.3	204.3	204.3	1696,568,212,58	214.9	2039.5	39.4844137	73.5850502	4519.9
514	322.4	322.4	322.4	174,92,178,54	179.2	2037.5	39.4844621	73.5852428	4526.8
515	267.4	256.3	267.4	1730,222,190,26	188.0	2035.1	39.4844039	73.5850501	4519.9
516	311.4	311.4	311.4	622,162,170,38	169.2	2032.4	39.4844620	73.5852427	4526.8
517	336.4	336.4	336.4	46,126,246,68	251.3	2030.6	39.4844626	73.5852438	4526.8
518	356.5	354.5	356.5	100,242,266,52	266.3	2030.0	39.4844633	73.5852425	4526.8
519	305.4	305.4	305.4	272,450,162,72	174.5	2029.3	39.4844621	73.5852436	4526.8
520	374.5	373.5	374.5	416,912,222,58	226.5	2028.3	39.4847195	73.5854177	4514.6
521	376.5	376.5	376.5	638,936,278,48	277.4	2026.1	39.4848217	73.5854130	4512.7
522	482.6	480.6	482.6	214,298,134,12	132.0	2025.5	39.4851984	73.5851686	4513.8
523	209.3	209.3	209.3	1200,804,176,60	182.8	2025.1	39.4844126	73.5850509	4519.9
524	308.4	308.4	308.4	276,92,162,70	172.2	2025.0	39.4844621	73.5852433	4526.8
525	400.5	397.5	400.5	710,190,222,204	284.3	2023.0	39.4852025	73.5851697	4513.8
526	254.3	254.3	258.3	56,216,146,40	146.5	2018.6	39.4844061	73.5850506	4519.9
527	310.4	310.4	313.4	494,944,198,72	207.4	2017.7	39.4844620	73.5852430	4526.8
528	364.5	364.5	364.5	616,898,122,26	121.9	2014.7	39.4844654	73.5852432	4526.8
529	438.6	438.6	438.6	568,182,168,62	171.6	2010.2	39.4852006	73.5851713	4513.9
530	283.4	271.4	287.4	70,766,246,50	245.3	2008.2	39.4844518	73.5852321	4526.8
531	352.5	350.5	352.5	72,972,196,22	194.5	2005.8	39.4844633	73.5852430	4526.8
532	454.6	446.6	454.6	1650,64,270,36	268.7	2002.9	39.4852025	73.5851681	4513.8
533	475.6	474.6	477.6	74,270,186,38	183.8	1994.5	39.4851975	73.5851712	4513.8
534	443.6	443.6	443.6	1698,372,164,80	177.1	1992.3	39.4852014	73.5851695	4513.8
535	401.5	401.5	401.5	328,532,94,98	129.9	1992.1	39.4852025	73.5851701	4513.8
536	395.5	395.5	395.5	1500,362,80,94	119.3	1989.9	39.4852017	73.5851692	4513.7
537	317.4	316.4	317.4	0,646,264,44	265.2	1989.5	39.4844617	73.5852418	4526.8
538	308.4	308.4	308.4	78,124,138,52	142.2	1983.8	39.4844621	73.5852433	4526.8
539	444.6	444.6	445.6	1050,42,224,54	225.2	1981.1	39.4852017	73.5851691	4513.8
540	459.6	459.6	462.6	1380,0,210,40	208.0	1979.6	39.4852012	73.5851687	4513.8
541	255.3	255.3	255.3	112,660,198,80	208.3	1979.5	39.4844058	73.5850508	4519.9
542	195.3	195.3	195.3	1834,572,86,42	92.9	1976.5	39.4844141	73.5850482	4519.9
543	438.6	438.6	439.6	916,6,184,68	189.8	1974.9	39.4852006	73.5851713	4513.9
544	195.3	182.2	195.3	1568,446,306,106	315.0	1965.8	39.4844141	73.5850482	4519.9
545	392.5	392.5	395.5	1568,538,174,168	237.6	1965.7	39.4852018	73.5851688	4513.8
546	388.5	386.5	389.5	1380,692,160,172	232.0	1964.7	39.4852025	73.5851685	4513.7
547	346.5	344.5	347.5	830,522,110,18	108.9	1963.2	39.4844628	73.5852442	4526.8
548	388.5	387.5	390.5	1370,916,190,164	248.2	1957.1	39.4852025	73.5851685	4513.7
549	470.6	470.6	470.6	720,962,124,40	122.0	1956.5	39.4851983	73.5851705	4513.8
550	471.6	471.6	471.6	32,682,146,22	144.7	1953.4	39.4851980	73.5851712	4513.8
551	501.7	499.7	501.7	1826,570,94,26	94.4	1953.1	39.4851958	73.5851678	4513.8
552	131.2	130.2	138.2	1300,254,152,60	160.1	1945.4	39.4844197	73.5850489	4519.8
553	241.3	240.3	242.3	270,146,242,76	249.9	1944.9	39.4844062	73.5850510	4519.9
554	181.2	181.2	187.2	974,1012,152,58	158.1	1944.5	39.4844154	73.5850486	4519.8
555	482.6	479.6	482.6	290,854,188,36	186.0	1942.2	39.4851984	73.5851686	4513.8
556	420.6	416.6	420.6	468,0,140,174	207.9	1937.6	39.4852015	73.5851716	4513.9
557	291.4	291.4	291.4	196,120,186,60	185.5	1936.0	39.4844610	73.5852429	4526.8
558	433.6	433.6	433.6	982,738,168,120	199.1	1933.7	39.4852001	73.5851727	4513.8
559	480.6	479.6	482.6	796,286,86,16	84.0	1932.8	39.4851984	73.5851688	4513.8
560	336.4	336.4	336.4	60,0,270,64	271.4	1931.9	39.4844626	73.5852438	4526.8
561	382.5	381.5	382.5	1346,964,168,92	188.8	1925.2	39.4851977	73.5851740	4513.7
562	491.7	488.6	496.7	140,438,202,52	199.5	1922.1	39.4851982	73.5851666	4513.8
563	400.5	400.5	400.5	6,118,68,116	124.8	1920.0	39.4852025	73.5851697	4513.8
564	495.7	493.7	495.7	1794,210,126,26	123.9	1914.8	39.4851970	73.5851678	4513.8
565	289.4	289.4	289.4	0,492,170,34	170.5	1906.3	39.4844608	73.5852431	4526.8
566	416.6	416.6	417.6	424,20,140,180	221.4	1903.8	39.4852021	73.5851714	4513.8
567	350.5	350.5	350.5	1654,974,198,42	198.9	1903.4	39.4844633	73.5852435	4526.8
568	260.3	258.3	260.3	440,0,178,54	183.0	1899.2	39.4844054	73.5850511	4519.9
569	56.1	49.1	56.1	100,420,184,88	194.8	1897.7	39.4844220	73.5850504	4501.2
570	397.5	397.5	397.5	444,0,122,122	169.7	1889.9	39.4852021	73.5851693	4513.8
571	40.1	39.1	42.1	322,296,240,112	260.5	1889.6	39.4841808	73.5849764	4498.0
572	349.5	349.5	351.5	250,646,242,64	238.9	1889.5	39.4844632	73.5852436	4526.8
573	144.2	143.2	145.2	1560,740,214,70	222.0	1883.1	39.4844205	73.5850493	4519.8
574	307.4	307.4	307.4	264,190,190,70	196.9	1882.7	39.4844622	73.5852434	4526.8
575	208.3	208.3	208.3	1084,592,150,50	150.6	1881.5	39.4844129	73.5850507	4519.9
576	348.5	348.5	350.5	106,640,176,32	175.4	1878.6	39.4844631	73.5852437	4526.8
577	255.3	255.3	255.3	86,442,174,40	175.9	1877.7	39.4844058	73.5850508	4519.9
578	401.5	401.5	401.5	888,112,124,168	202.7	1875.3	39.4852025	73.5851701	4513.8
579	299.4	299.4	299.4	46,678,188,38	189.3	1871.4	39.4844619	73.5852445	4526.8
580	236.3	236.3	236.3	1748,468,172,70	179.6	1870.9	39.4844072	73.5850518	4519.9
581	253.3	248.3	253.3	632,750,122,24	120.4	1862.8	39.4844062	73.5850506	4519.9
582	287.4	272.4	287.4	0,858,212,48	214.5	1862.5	39.4844609	73.5852439	4526.8
583	256.3	256.3	256.3	314,738,102,34	104.4	1860.0	39.4844057	73.5850511	4519.9
584	408.5	403.5	412.5	832,822,128,112	157.0	1859.5	39.4852031	73.5851703	4513.8
585	470.6	470.6	470.6	1726,654,194,64	199.4	1857.4	39.4851983	73.5851705	4513.8
586	447.6	447.6	447.6	1514,146,174,32	173.1	1857.3	39.4852019	73.5851688	4513.9
587	300.4	300.4	300.4	162,220,160,28	158.5	1850.4	39.4844619	73.5852444	4526.8
588	402.5	402.5	402.5	380,122,112,130	150.6	1846.9	39.4852027	73.5851702	4513.8
589	475.6	471.6	475.6	1428,208,206,46	207.0	1843.4	39.4851975	73.5851712	4513.8
590	423.6	422.6	425.6	374,242,148,122	187.7	1839.4	39.4852009	73.5851711	4513.9
591	235.3	231.3	236.3	1682,472,118,36	120.8	1838.6	39.4844073	73.5850517	4519.9
592	385.5	385.5	385.5	1092,430,92,78	117.7	1838.5	39.4852030	73.5851677	4513.7
593	382.5	380.5	382.5	1368,500,110,72	128.7	1832.2	39.4851977	73.5851740	4513.7
594	242.3	241.3	242.3	236,50,160,64	166.7	1831.2	39.4844064	73.5850512	4519.9
595	402.5	402.5	402.5	718,248,182,204	266.5	1829.0	39.4852027	73.5851702	4513.8
596	377.5	377.5	377.5	1156,698,180,86	195.8	1827.0	39.4848814	73.5853670	4512.5
597	157.2	157.2	159.2	1106,906,88,38	90.9	1826.4	39.4844179	73.5850484	4519.8
598	192.3	192.3	194.3	1536,880,292,114	295.2	1825.6	39.4844150	73.5850480	4519.9
599	500.7	500.7	500.7	1262,156,142,36	142.8	1824.7	39.4851960	73.5851676	4513.9
600	410.5	403.5	412.5	1004,138,96,78	120.9	1820.6	39.4852030	73.5851708	4513.8
601	420.6	419.6	420.6	394,106,184,156	223.7	1820.2	39.4852015	73.5851716	4513.9
602	325.4	323.4	325.4	14,688,246,64	251.8	1818.7	39.4844622	73.5852432	4526.8
603	48.1	47.1	60.1	102,142,190,58	195.1	1818.6	39.4844108	73.5850477	4498.0
604	403.5	403.5	409.5	1170,52,108,100	144.3	1815.7	39.4852027	73.5851700	4513.8
605	300.4	300.4	300.4	482,876,228,74	236.9	1811.7	39.4844619	73.5852444	4526.8
606	259.3	258.3	259.3	236,114,178,36	175.7	1805.0	39.4844054	73.5850512	4519.9
607	508.7	508.7	509.7	110,304,174,62	180.2	1804.4	39.4851949	73.5851691	4513.9
608	331.4	331.4	331.4	74,0,154,44	153.9	1803.3	39.4844630	73.5852442	4526.8
609	338.4	338.4	338.4	168,402,208,36	206.4	1797.4	39.4844625	73.5852438	4526.8
610	345.5	345.5	345.5	1752,142,116,18	114.6	1796.4	39.4844623	73.5852442	4526.8
611	390.5	390.5	391.5	298,558,64,62	77.8	1789.3	39.4852022	73.5851688	4513.8
612	503.7	503.7	503.7	26,300,162,44	157.3	1789.2	39.4851956	73.5851679	4513.8
613	193.3	188.2	195.3	1528,934,222,94	225.6	1787.3	39.4844144	73.5850480	4519.9
614	392.5	392.5	392.5	1596,928,104,152	176.0	1787.3	39.4852018	73.5851688	4513.8
615	503.7	503.7	503.7	144,250,206,30	205.6	1786.7	39.4851956	73.5851679	4513.8
616	503.7	503.7	503.7	192,16,222,28	220.7	1786.6	39.4851956	73.5851679	4513.8
617	256.3	256.3	256.3	378,908,162,46	160.8	1781.8	39.4844057	73.5850511	4519.9
618	404.5	403.5	412.5	974,690,134,130	181.0	1778.9	39.4852028	73.5851699	4513.8
619	455.6	455.6	455.6	1668,94,252,38	250.5	1774.3	39.4852025	73.5851683	4513.8
620	324.4	324.4	324.4	522,536,180,70	190.5	1773.1	39.4844622	73.5852433	4526.8
621	256.3	256.3	259.3	512,0,94,36	92.6	1772.3	39.4844057	73.5850511	4519.9
622	285.4	271.4	286.4	272,580,164,56	170.4	1770.4	39.4844608	73.5852442	4526.8
623	174.2	174.2	174.2	488,352,84,38	89.6	1770.0	39.4844161	73.5850469	4519.8
624	377.5	377.5	377.5	1300,564,80,28	80.9	1769.0	39.4848814	73.5853670	4512.5
625	138.2	130.2	139.2	1366,854,222,78	229.5	1766.0	39.4844195	73.5850506	4519.8
626	247.3	245.3	247.3	172,102,196,40	196.9	1765.9	39.4844067	73.5850504	4519.9
627	291.4	287.4	291.4	86,594,198,42	200.0	1762.7	39.4844610	73.5852429	4526.8
628	495.7	495.7	498.7	584,10,140,28	138.5	1758.6	39.4851970	73.5851678	4513.8
629	499.7	499.7	499.7	1258,204,116,34	117.2	1754.1	39.4851964	73.5851677	4513.8
630	431.6	428.6	431.6	650,356,116,92	144.0	1751.3	39.4851999	73.5851721	4513.8
631	436.6	435.6	437.6	300,82,150,38	148.4	1749.7	39.4852005	73.5851720	4513.9
632	255.3	255.3	255.3	1520,558,108,32	110.1	1749.2	39.4844058	73.5850508	4519.9
633	355.5	355.5	355.5	1426,466,212,28	211.0	1748.8	39.4844632	73.5852424	4526.8
634	227.3	227.3	227.3	1610,244,78,28	78.6	1746.6	39.4844077	73.5850511	4519.9
635	505.7	500.7	506.7	656,184,202,62	202.9	1743.8	39.4851951	73.5851687	4513.8
636	378.5	378.5	378.5	772,636,132,74	146.7	1743.6	39.4849518	73.5853155	4512.6
637	500.7	500.7	500.7	610,180,182,52	179.0	1741.8	39.4851960	73.5851676	4513.9
638	378.5	378.5	378.5	860,730,178,72	188.5	1741.0	39.4849518	73.5853155	4512.6
639	315.4	315.4	315.4	70,364,138,38	140.7	1740.9	39.4844623	73.5852418	4526.8
640	206.3	206.3	206.3	1634,562,168,70	176.8	1740.5	39.4844135	73.5850504	4519.9
641	463.6	462.6	464.6	1780,116,140,28	139.4	1740.1	39.4852001	73.5851700	4513.8
642	188.2	183.2	194.3	1394,880,272,102	284.9	1739.7	39.4844149	73.5850484	4519.8
643	359.5	359.5	359.5	36,148,170,30	169.2	1735.2	39.4844642	73.5852432	4526.8
644	401.5	401.5	401.5	1344,894,96,108	139.0	1735.2	39.4852025	73.5851701	4513.8
645	421.6	418.6	421.6	468,8,162,146	202.2	1732.1	39.4852011	73.5851714	4513.9
646	386.5	386.5	389.5	952,986,138,94	155.9	1731.9	39.4852029	73.5851681	4513.7
647	391.5	388.5	391.5	500,120,126,98	156.7	1729.6	39.4852022	73.5851687	4513.8
648	351.5	351.5	351.5	418,780,190,22	188.2	1728.0	39.4844633	73.5852433	4526.8
649	460.6	460.6	463.6	1710,78,106,14	104.0	1727.7	39.4852012	73.5851690	4513.8
650	342.5	342.5	342.5	46,752,186,34	185.2	1727.6	39.4844621	73.5852440	4526.8
651	364.5	364.5	364.5	1382,864,168,20	166.3	1725.8	39.4844654	73.5852432	4526.8
652	373.5	364.5	373.5	536,642,136,26	135.5	1725.3	39.4846761	73.5853836	4516.7
653	475.6	472.6	475.6	946,372,150,24	148.0	1720.6	39.4851975	73.5851712	4513.8
654	470.6	470.6	470.6	1538,252,106,24	106.0	1719.2	39.4851983	73.5851705	4513.8
655	382.5	380.5	382.5	1474,928,146,90	168.2	1711.2	39.4851977	73.5851740	4513.7
656	415.5	413.5	415.5	686,254,88,98	122.8	1702.1	39.4852026	73.5851716	4513.9
657	401.5	401.5	401.5	1298,616,98,140	159.2	1696.9	39.4852025	73.5851701	4513.8
658	467.6	461.6	467.6	1816,742,96,20	95.0	1692.0	39.4851991	73.5851705	4513.8
659	297.4	297.4	297.4	0,628,198,44	200.0	1681.8	39.4844618	73.5852444	4526.8
660	175.2	175.2	175.2	1492,874,242,88	251.9	1679.3	39.4844161	73.5850469	4519.8
661	350.5	350.5	351.5	1614,884,224,48	226.3	1676.8	39.4844633	73.5852435	4526.8
662	493.7	491.7	498.7	1490,466,94,22	92.5	1675.1	39.4851976	73.5851671	4513.8
663	250.3	249.3	252.3	852,430,124,30	122.1	1672.5	39.4844065	73.5850499	4519.9
664	456.6	456.6	456.6	212,10,112,30	112.2	1672.1	39.4852023	73.5851682	4513.8
665	61.1	61.1	61.1	1162,674,84,26	84.9	1672.0	39.4844210	73.5850507	4509.9
666	307.4	307.4	307.4	258,530,136,70	149.3	1662.7	39.4844622	73.5852434	4526.8
667	499.7	499.7	499.7	690,78,168,34	166.0	1662.0	39.4851964	73.5851677	4513.8
668	390.5	386.5	391.5	968,594,176,216	273.0	1658.8	39.4852022	73.5851688	4513.8
669	385.5	384.5	385.5	1246,264,102,96	137.1	1654.6	39.4852030	73.5851677	4513.7
670	420.6	420.6	420.6	638,0,114,122	163.8	1653.5	39.4852015	73.5851716	4513.9
671	424.6	422.6	425.6	454,184,134,74	150.3	1652.6	39.4852009	73.5851714	4513.8
672	296.4	293.4	296.4	126,348,112,44	117.2	1649.8	39.4844620	73.5852443	4526.8
673	458.6	458.6	458.6	1808,434,112,34	110.6	1645.7	39.4852016	73.5851685	4513.8
674	342.5	342.5	342.5	1436,834,190,40	190.4	1644.9	39.4844621	73.5852440	4526.8
675	441.6	441.6	444.6	1632,354,86,40	90.6	1644.6	39.4852013	73.5851703	4513.8
676	469.6	466.6	472.6	342,262,90,14	87.9	1644.0	39.4851986	73.5851704	4513.8
677	391.5	391.5	391.5	1376,940,140,108	171.1	1639.6	39.4852022	73.5851687	4513.8
678	391.5	391.5	391.5	892,1036,60,44	71.0	1638.9	39.4852022	73.5851687	4513.8
679	494.7	493.7	495.7	1748,594,132,52	130.5	1636.0	39.4851973	73.5851677	4513.8
680	443.6	443.6	443.6	1588,514,112,50	116.4	1635.7	39.4852014	73.5851695	4513.8
681	387.5	384.5	387.5	596,612,112,136	167.0	1632.7	39.4852026	73.5851683	4513.7
682	270.4	270.4	270.4	1586,984,110,40	112.6	1630.5	39.4844039	73.5850510	4519.9
683	401.5	401.5	401.5	1208,756,108,112	152.8	1629.0	39.4852025	73.5851701	4513.8
684	328.4	328.4	328.4	230,756,150,32	148.2	1628.8	39.4844624	73.5852431	4526.8
685	250.3	250.3	251.3	246,0,152,52	156.8	1622.7	39.4844065	73.5850499	4519.9
686	376.5	375.5	376.5	1248,632,102,34	102.8	1620.5	39.4848217	73.5854130	4512.7
687	364.5	364.5	364.5	1340,974,226,56	226.0	1618.6	39.4844654	73.5852432	4526.8
688	470.6	470.6	470.6	94,242,78,18	76.2	1617.5	39.4851983	73.5851705	4513.8
689	380.5	380.5	383.5	1346,334,122,78	133.4	1613.9	39.4851189	73.5852181	4513.7
690	476.6	476.6	476.6	14,204,188,30	185.6	1613.7	39.4851974	73.5851706	4513.8
691	435.6	434.6	435.6	1392,968,158,112	189.3	1608.5	39.4852006	73.5851723	4513.9
692	247.3	245.3	247.3	266,144,228,42	226.0	1606.2	39.4844067	73.5850504	4519.9
693	463.6	463.6	465.6	734,0,88,12	86.0	1605.2	39.4852001	73.5851700	4513.8
694	477.6	477.6	477.6	1140,350,124,28	122.0	1605.1	39.4851976	73.5851700	4513.8
695	486.6	486.6	486.6	0,730,142,32	140.0	1601.3	39.4851985	73.5851681	4513.8
696	387.5	387.5	389.5	1168,974,104,106	145.5	1595.4	39.4852026	73.5851683	4513.7
697	507.7	507.7	507.7	654,6,140,46	144.8	1590.3	39.4851950	73.5851695	4513.8
698	503.7	503.7	503.7	592,18,218,42	217.7	1588.2	39.4851956	73.5851679	4513.8
699	197.3	197.3	198.3	1690,760,188,74	191.0	1584.8	39.4844140	73.5850487	4519.8
700	400.5	400.5	400.5	1434,492,58,64	83.5	1584.6	39.4852025	73.5851697	4513.8
701	354.5	354.5	354.5	0,942,158,28	156.5	1577.2	39.4844632	73.5852425	4526.8
702	295.4	295.4	295.4	708,982,172,44	174.5	1575.8	39.4844617	73.5852438	4526.8
703	171.2	170.2	173.2	410,370,132,58	135.8	1574.4	39.4844163	73.5850468	4519.8
704	415.5	413.5	415.5	592,10,74,86	109.3	1574.3	39.4852026	73.5851716	4513.9
705	270.4	270.4	270.4	914,120,158,44	161.0	1570.1	39.4844039	73.5850510	4519.9
706	470.6	470.6	470.6	1650,888,92,22	91.0	1568.7	39.4851983	73.5851705	4513.8
707	443.6	443.6	443.6	976,924,92,42	92.5	1564.3	39.4852014	73.5851695	4513.8
708	507.7	507.7	507.7	528,278,162,76	174.2	1564.0	39.4851950	73.5851695	4513.8
709	492.7	492.7	494.7	86,584,96,16	93.9	1558.3	39.4851979	73.5851666	4513.8
710	402.5	402.5	405.5	50,200,60,82	85.0	1558.2	39.4852027	73.5851702	4513.8
711	433.6	433.6	433.6	954,208,90,56	102.2	1556.0	39.4852001	73.5851727	4513.8
712	400.5	400.5	400.5	1086,516,144,142	195.2	1553.0	39.4852025	73.5851697	4513.8
713	377.5	377.5	378.5	732,756,206,48	205.5	1547.8	39.4848814	73.5853670	4512.5
714	500.7	500.7	500.7	1368,70,150,32	149.9	1541.2	39.4851960	73.5851676	4513.9
715	185.2	181.2	187.2	1412,842,186,72	194.7	1540.6	39.4844149	73.5850486	4519.9
716	433.6	433.6	433.6	902,94,92,52	101.0	1539.3	39.4852001	73.5851727	4513.8
717	506.7	506.7	506.7	592,8,162,46	159.5	1539.1	39.4851951	73.5851694	4513.8
718	194.3	194.3	195.3	1480,994,90,22	89.1	1537.1	39.4844143	73.5850479	4519.9
719	404.5	403.5	409.5	814,972,116,108	154.1	1535.7	39.4852028	73.5851699	4513.8
720	510.7	510.7	511.7	1840,738,80,50	89.7	1534.2	39.4851994	73.5851918	4513.9
721	252.3	252.3	253.3	646,8,120,34	117.8	1533.7	39.4844063	73.5850503	4519.9
722	387.5	387.5	389.5	1298,950,178,130	211.2	1533.0	39.4852026	73.5851683	4513.7
723	474.6	474.6	475.6	1728,86,162,26	160.0	1532.2	39.4851977	73.5851717	4513.8
724	40.1	39.1	44.1	16,322,118,56	127.1	1531.1	39.4841808	73.5849764	4498.0
725	230.3	230.3	230.3	1354,192,146,78	161.7	1527.1	39.4844078	73.5850508	4519.9
726	164.2	164.2	164.2	600,36,78,42	81.0	1525.6	39.4844163	73.5850471	4519.8
727	366.5	365.5	369.5	72,28,142,16	140.0	1524.9	39.4844657	73.5852435	4526.9
728	382.5	378.5	382.5	1318,428,80,42	85.0	1522.8	39.4851977	73.5851740	4513.7
729	352.5	352.5	353.5	1646,754,210,24	208.2	1522.1	39.4844633	73.5852430	4526.8
730	386.5	386.5	386.5	1250,622,90,76	104.8	1519.7	39.4852029	73.5851681	4513.7
731	194.3	193.3	194.3	1326,794,178,60	182.8	1517.1	39.4844143	73.5850479	4519.9
732	269.4	269.4	269.4	1366,500,146,58	149.6	1516.5	39.4844039	73.5850508	4519.9
733	400.5	400.5	400.5	1232,64,90,78	116.3	1515.3	39.4852025	73.5851697	4513.8
734	468.6	468.6	469.6	1488,926,102,24	100.3	1515.1	39.4851989	73.5851704	4513.8
735	266.4	264.3	267.4	1550,496,102,30	103.2	1513.0	39.4844043	73.5850502	4519.9
736	376.5	375.5	376.5	1538,788,122,26	121.9	1509.9	39.4848217	73.5854130	4512.7
737	45.1	45.1	60.1	324,0,230,92	243.7	1509.5	39.4843546	73.5850300	4497.9
738	286.4	271.4	287.4	234,598,150,36	151.4	1508.7	39.4844609	73.5852443	4526.8
739	469.6	465.6	469.6	1614,436,100,20	98.7	1506.7	39.4851986	73.5851704	4513.8
740	383.5	383.5	383.5	1446,700,226,148	235.2	1506.0	39.4852019	73.5851698	4513.7
741	247.3	245.3	247.3	184,224,124,34	124.2	1502.2	39.4844067	73.5850504	4519.9
742	481.6	481.6	481.6	1798,252,78,14	76.0	1496.1	39.4851983	73.5851685	4513.8
743	153.2	151.2	153.2	1608,996,146,58	153.8	1495.4	39.4844189	73.5850484	4519.8
744	379.5	379.5	379.5	1206,418,170,82	175.0	1493.2	39.4850332	73.5852640	4513.0
745	352.5	352.5	353.5	164,834,152,32	148.6	1488.1	39.4844633	73.5852430	4526.8
746	443.6	443.6	443.6	1734,788,154,60	148.4	1486.1	39.4852014	73.5851695	4513.8
747	443.6	443.6	443.6	906,816,110,58	118.7	1484.8	39.4852014	73.5851695	4513.8
748	423.6	421.6	424.6	508,46,116,90	139.7	1484.7	39.4852009	73.5851711	4513.9
749	329.4	329.4	329.4	0,566,104,22	102.2	1484.0	39.4844626	73.5852433	4526.8
750	397.5	397.5	399.5	1154,332,74,78	101.8	1482.9	39.4852021	73.5851693	4513.8
751	148.2	148.2	149.2	336,66,132,94	151.9	1482.4	39.4844204	73.5850489	4519.8
752	243.3	237.3	244.3	712,432,76,16	74.0	1482.1	39.4844066	73.5850512	4519.9
753	390.5	390.5	390.5	1280,978,102,102	141.4	1481.8	39.4852022	73.5851688	4513.8
754	270.4	270.4	270.4	1766,894,102,24	101.2	1480.2	39.4844039	73.5850510	4519.9
755	330.4	329.4	330.4	880,8,126,34	127.6	1479.7	39.4844629	73.5852439	4526.8
756	402.5	402.5	402.5	1066,166,74,76	101.8	1473.5	39.4852027	73.5851702	4513.8
757	354.5	354.5	356.5	110,142,122,34	123.6	1471.7	39.4844632	73.5852425	4526.8
758	476.6	476.6	476.6	50,978,180,20	178.2	1466.1	39.4851974	73.5851706	4513.8
759	79.1	77.1	79.1	1172,998,178,68	188.0	1461.5	39.4844245	73.5850479	4519.9
760	354.5	354.5	354.5	492,924,180,28	178.8	1461.4	39.4844632	73.5852425	4526.8
761	161.2	160.2	161.2	1780,658,140,42	141.7	1457.7	39.4844178	73.5850476	4519.8
762	265.4	264.3	266.4	1632,504,134,42	134.4	1453.3	39.4844046	73.5850504	4519.9
763	364.5	364.5	364.5	532,960,84,16	81.8	1449.2	39.4844654	73.5852432	4526.8
764	81.1	81.1	81.1	588,304,74,32	78.0	1448.6	39.4844248	73.5850471	4519.8
765	71.1	71.1	71.1	1668,996,90,38	95.1	1446.3	39.4844207	73.5850516	4519.9
766	248.3	248.3	248.3	520,320,106,18	104.0	1445.6	39.4844066	73.5850501	4519.9
767	149.2	149.2	149.2	260,0,112,64	112.1	1444.7	39.4844201	73.5850489	4519.8
768	386.5	386.5	386.5	746,674,98,90	130.1	1442.6	39.4852029	73.5851681	4513.7
769	191.3	188.2	195.3	1458,886,224,94	225.5	1442.3	39.4844150	73.5850482	4519.9
770	418.6	416.6	418.6	554,0,146,158	210.9	1441.5	39.4852018	73.5851716	4513.9
771	438.6	438.6	439.6	586,116,174,58	178.5	1440.9	39.4852006	73.5851713	4513.9
772	328.4	328.4	328.4	30,636,96,42	99.7	1440.8	39.4844624	73.5852431	4526.8
773	387.5	387.5	390.5	1320,648,74,78	103.3	1434.9	39.4852026	73.5851683	4513.7
774	144.2	143.2	145.2	1410,818,126,44	129.4	1432.2	39.4844205	73.5850493	4519.8
775	444.6	444.6	445.6	584,88,116,34	118.3	1432.1	39.4852017	73.5851691	4513.8
776	503.7	503.7	503.7	326,346,116,26	115.4	1427.0	39.4851956	73.5851679	4513.8
777	466.6	466.6	471.6	82,240,140,48	141.8	1426.5	39.4851994	73.5851703	4513.8
778	76.1	76.1	76.1	1570,564,136,52	142.7	1424.2	39.4844237	73.5850494	4519.9
779	386.5	386.5	386.5	1378,408,78,62	95.6	1424.0	39.4852029	73.5851681	4513.7
780	238.3	238.3	244.3	596,0,118,56	126.3	1423.9	39.4844069	73.5850513	4519.9
781	329.4	329.4	330.4	74,20,108,34	109.6	1423.4	39.4844626	73.5852433	4526.8
782	369.5	369.5	370.5	924,802,118,22	116.0	1421.4	39.4845137	73.5852682	4525.6
783	178.2	177.2	178.2	110,188,164,106	191.6	1417.7	39.4844153	73.5850474	4519.8
784	386.5	386.5	386.5	1130,556,94,96	128.7	1414.5	39.4852029	73.5851681	4513.7
785	259.3	257.3	259.3	16,460,96,32	97.5	1412.7	39.4844054	73.5850512	4519.9
786	257.3	257.3	259.3	590,784,104,42	103.4	1412.5	39.4844057	73.5850511	4519.9
787	208.3	208.3	208.3	1580,368,92,34	93.7	1408.2	39.4844129	73.5850507	4519.9
788	412.5	403.5	412.5	988,178,124,102	155.1	1407.9	39.4852029	73.5851710	4513.8
789	79.1	78.1	79.1	1798,648,122,42	124.1	1406.3	39.4844245	73.5850479	4519.9
790	353.5	353.5	353.5	332,916,136,46	140.4	1405.4	39.4844633	73.5852427	4526.8
791	386.5	386.5	390.5	962,674,88,128	151.2	1403.7	39.4852029	73.5851681	4513.7
792	459.6	459.6	460.6	260,352,90,20	89.3	1403.7	39.4852012	73.5851687	4513.8
793	159.2	159.2	159.2	394,696,130,42	132.4	1398.3	39.4844176	73.5850479	4519.8
794	70.1	70.1	70.1	1694,410,144,66	153.8	1397.0	39.4844203	73.5850519	4519.9
795	264.3	263.3	264.3	664,0,138,44	141.7	1397.0	39.4844045	73.5850504	4519.9
796	508.7	508.7	508.7	0,338,124,58	133.7	1395.7	39.4851949	73.5851691	4513.9
797	486.6	486.6	487.6	1240,744,164,22	162.6	1395.3	39.4851985	73.5851681	4513.8
798	142.2	135.2	142.2	1688,1032,88,48	89.6	1394.5	39.4844202	73.5850498	4519.8
799	465.6	465.6	466.6	554,108,76,24	75.7	1391.9	39.4851998	73.5851702	4513.8
800	477.6	475.6	477.6	0,412,92,14	90.0	1391.8	39.4851976	73.5851700	4513.8
801	158.2	157.2	158.2	1190,622,190,72	198.6	1389.6	39.4844179	73.5850482	4519.8
802	372.5	372.5	372.5	0,906,162,54	162.4	1389.3	39.4846328	73.5853490	4518.9
803	253.3	253.3	253.3	488,824,132,32	130.8	1387.2	39.4844062	73.5850506	4519.9
804	43.1	39.1	43.1	196,248,154,62	161.3	1386.0	39.4843002	73.5850128	4497.9
805	159.2	159.2	159.2	528,754,88,44	94.0	1384.4	39.4844176	73.5850479	4519.8
806	471.6	471.6	471.6	1576,88,108,22	106.0	1383.1	39.4851980	73.5851712	4513.8
807	161.2	161.2	161.2	1800,544,92,40	96.2	1383.0	39.4844178	73.5850476	4519.8
808	356.5	353.5	356.5	818,1004,96,20	94.5	1382.3	39.4844633	73.5852425	4526.8
809	376.5	374.5	376.5	1654,942,180,82	194.2	1377.4	39.4848217	73.5854130	4512.7
810	263.3	263.3	265.4	360,202,98,34	100.9	1373.9	39.4844046	73.5850504	4519.9
811	480.6	480.6	480.6	128,414,96,32	98.2	1370.1	39.4851984	73.5851688	4513.8
812	417.6	416.6	419.6	448,184,88,166	184.4	1364.6	39.4852019	73.5851716	4513.8
813	98.1	97.1	98.1	1008,58,126,64	138.6	1364.3	39.4844228	73.5850469	4519.9
814	222.3	222.3	223.3	1570,906,96,26	95.6	1362.9	39.4844085	73.5850508	4519.9
815	375.5	375.5	375.5	850,482,160,24	158.8	1360.9	39.4847683	73.5854330	4512.9
816	80.1	80.1	80.1	1294,1038,128,42	131.6	1354.4	39.4844242	73.5850474	4519.8
817	509.7	507.7	511.7	214,548,172,86	178.9	1349.5	39.4851950	73.5851694	4513.9
818	219.3	219.3	220.3	414,66,108,48	114.0	1340.5	39.4844099	73.5850511	4519.9
819	504.7	504.7	504.7	558,434,150,34	148.6	1339.3	39.4851953	73.5851681	4513.8
820	76.1	76.1	76.1	1280,1032,108,48	109.4	1338.4	39.4844237	73.5850494	4519.9
821	459.6	459.6	463.6	1216,348,98,18	96.0	1337.7	39.4852012	73.5851687	4513.8
822	247.3	247.3	252.3	108,244,168,38	168.6	1337.1	39.4844067	73.5850504	4519.9
823	444.6	444.6	444.6	442,16,108,46	114.0	1335.9	39.4852017	73.5851691	4513.8
824	385.5	385.5	385.5	1056,874,108,112	152.7	1335.5	39.4852030	73.5851677	4513.7
825	259.3	259.3	259.3	502,0,100,20	99.5	1333.9	39.4844054	73.5850512	4519.9
826	149.2	148.2	149.2	274,346,138,84	157.8	1329.4	39.4844201	73.5850489	4519.8
827	489.6	488.6	490.6	322,742,132,22	130.5	1329.1	39.4851985	73.5851670	4513.8
828	258.3	258.3	258.3	544,276,100,22	98.7	1328.1	39.4844054	73.5850512	4519.9
829	355.5	355.5	355.5	392,982,170,48	173.4	1324.4	39.4844632	73.5852424	4526.8
830	476.6	476.6	476.6	1048,408,126,28	124.0	1322.9	39.4851974	73.5851706	4513.8
831	70.1	70.1	70.1	1098,1022,70,34	73.5	1322.6	39.4844203	73.5850519	4519.9
832	491.7	490.6	491.7	1808,690,86,28	84.0	1321.5	39.4851982	73.5851666	4513.8
833	71.1	71.1	71.1	1760,834,106,42	107.5	1320.1	39.4844207	73.5850516	4519.9
834	390.5	388.5	390.5	1278,690,80,108	129.3	1319.6	39.4852022	73.5851688	4513.8
835	459.6	459.6	459.6	166,86,156,36	156.2	1317.1	39.4852012	73.5851687	4513.8
836	478.6	478.6	478.6	18,376,100,16	98.0	1315.8	39.4851977	73.5851693	4513.8
837	494.7	494.7	496.7	1780,216,134,54	132.2	1313.2	39.4851973	73.5851677	4513.8
838	250.3	245.3	251.3	270,98,202,72	211.0	1313.1	39.4844065	73.5850499	4519.9
839	179.2	179.2	180.2	704,942,120,42	119.1	1311.6	39.4844150	73.5850477	4519.8
840	280.4	272.4	286.4	514,606,124,38	126.6	1308.2	39.4844022	73.5851403	4526.8
841	499.7	499.7	499.7	622,42,102,36	102.8	1306.0	39.4851964	73.5851677	4513.8
842	76.1	76.1	76.1	1418,714,114,64	126.1	1305.1	39.4844237	73.5850494	4519.9
843	434.6	434.6	437.6	1066,286,136,72	147.5	1303.6	39.4852003	73.5851726	4513.9
844	112.1	109.1	117.2	734,476,114,52	115.7	1303.1	39.4844240	73.5850476	4519.8
845	497.7	497.7	498.7	634,56,152,26	150.0	1302.2	39.4851969	73.5851677	4513.8
846	210.3	210.3	210.3	1616,1034,172,46	175.6	1298.6	39.4844127	73.5850513	4519.9
847	513.7	513.7	513.7	142,552,118,96	145.5	1297.0	39.4852759	73.5853853	4514.0
848	500.7	500.7	500.7	1794,356,126,30	126.7	1294.4	39.4851960	73.5851676	4513.9
849	382.5	382.5	382.5	1518,746,152,124	189.0	1293.0	39.4851977	73.5851740	4513.7
850	150.2	150.2	150.2	254,288,106,74	110.2	1290.7	39.4844195	73.5850489	4519.8
851	457.6	457.6	457.6	1832,662,88,20	87.1	1289.1	39.4852021	73.5851682	4513.8
852	181.2	181.2	181.2	1802,496,118,52	125.5	1288.9	39.4844154	73.5850486	4519.8
853	391.5	391.5	391.5	616,80,92,96	128.7	1287.9	39.4852022	73.5851687	4513.8
854	498.7	498.7	498.7	502,24,94,18	93.2	1282.3	39.4851966	73.5851676	4513.8
855	499.7	499.7	499.7	1570,412,90,28	90.2	1281.7	39.4851964	73.5851677	4513.8
856	441.6	441.6	441.6	100,738,88,34	91.1	1277.8	39.4852013	73.5851703	4513.8
857	444.6	444.6	445.6	516,196,88,42	93.2	1276.9	39.4852017	73.5851691	4513.8
858	241.3	233.3	244.3	1054,532,118,46	119.3	1275.5	39.4844062	73.5850510	4519.9
859	511.7	508.7	511.7	1484,992,102,66	117.4	1274.5	39.4852080	73.5852434	4513.9
860	76.1	76.1	76.1	1210,990,88,42	94.8	1272.6	39.4844237	73.5850494	4519.9
861	177.2	177.2	177.2	198,152,118,54	125.5	1272.5	39.4844155	73.5850472	4519.8
862	411.5	405.5	411.5	1032,18,126,98	151.5	1271.8	39.4852030	73.5851709	4513.8
863	157.2	157.2	157.2	1794,326,126,40	127.6	1267.7	39.4844179	73.5850484	4519.8
864	160.2	160.2	161.2	1188,970,144,78	161.1	1267.6	39.4844178	73.5850476	4519.8
865	259.3	258.3	259.3	92,338,110,40	112.5	1267.3	39.4844054	73.5850512	4519.9
866	66.1	66.1	69.1	1734,418,110,34	111.9	1266.6	39.4844202	73.5850516	4518.0
867	262.3	262.3	263.3	104,66,150,60	152.7	1261.2	39.4844049	73.5850508	4519.9
868	353.5	353.5	355.5	188,194,86,14	84.4	1257.6	39.4844633	73.5852427	4526.8
869	182.2	181.2	186.2	1430,814,126,60	133.3	1254.9	39.4844152	73.5850486	4519.8
870	379.5	379.5	379.5	1052,772,142,78	158.3	1252.6	39.4850332	73.5852640	4513.0
871	220.3	220.3	220.3	366,18,172,54	174.2	1251.3	39.4844093	73.5850510	4519.9
872	185.2	183.2	188.2	1358,902,160,66	169.7	1250.6	39.4844149	73.5850486	4519.9
873	478.6	478.6	478.6	398,492,86,16	84.1	1250.5	39.4851977	73.5851693	4513.8
874	234.3	231.3	234.3	1580,330,118,48	122.7	1248.4	39.4844076	73.5850513	4519.9
875	381.5	380.5	381.5	1140,410,72,36	75.4	1247.6	39.4851785	73.5851857	4513.7
876	197.3	197.3	197.3	1816,684,104,36	102.0	1246.7	39.4844140	73.5850487	4519.8
877	181.2	181.2	182.2	1448,716,152,56	156.3	1246.2	39.4844154	73.5850486	4519.8
878	435.6	435.6	437.6	218,74,106,58	115.1	1245.8	39.4852006	73.5851723	4513.9
879	446.6	446.6	448.6	1114,270,100,36	103.7	1242.4	39.4852017	73.5851687	4513.9
880	457.6	457.6	458.6	1618,70,84,12	82.0	1241.9	39.4852021	73.5851682	4513.8
881	273.4	271.4	277.4	1342,1046,140,34	138.6	1240.5	39.4844042	73.5850506	4519.9
882	224.3	224.3	225.3	1124,194,86,32	87.4	1239.9	39.4844086	73.5850507	4519.9
883	379.5	379.5	379.5	1164,688,94,62	106.0	1239.6	39.4850332	73.5852640	4513.0
884	471.6	471.6	471.6	1070,116,114,14	112.0	1238.4	39.4851980	73.5851712	4513.8
885	462.6	462.6	462.6	1730,138,94,12	92.3	1238.3	39.4852003	73.5851697	4513.8
886	371.5	371.5	371.5	794,692,98,22	97.5	1238.0	39.4845902	73.5853170	4521.1
887	352.5	352.5	352.5	1634,1000,100,32	98.7	1236.4	39.4844633	73.5852430	4526.8
888	292.4	292.4	294.4	760,948,96,30	97.0	1233.0	39.4844613	73.5852431	4526.8
889	445.6	445.6	445.6	1004,90,84,34	86.6	1230.6	39.4852017	73.5851688	4513.8
890	365.5	365.5	365.5	1058,746,138,20	136.3	1230.3	39.4844657	73.5852434	4526.9
891	384.5	384.5	385.5	1084,568,88,82	117.4	1228.9	39.4852029	73.5851679	4513.7
892	412.5	408.5	412.5	878,384,126,120	153.8	1226.4	39.4852029	73.5851710	4513.8
893	506.7	506.7	506.7	814,6,140,38	138.7	1222.5	39.4851951	73.5851694	4513.8
894	497.7	491.7	498.7	1626,786,90,20	89.8	1220.9	39.4851969	73.5851677	4513.8
895	173.2	170.2	173.2	138,62,140,36	140.3	1218.0	39.4844162	73.5850469	4519.8
896	426.6	426.6	426.6	1316,1002,128,78	147.1	1214.0	39.4852005	73.5851717	4513.9
897	370.5	370.5	370.5	1108,858,136,20	134.4	1212.5	39.4845497	73.5852895	4523.3
898	256.3	256.3	256.3	672,202,116,46	116.4	1209.7	39.4844057	73.5850511	4519.9
899	188.2	186.2	188.2	1710,772,170,58	174.6	1209.0	39.4844149	73.5850484	4519.8
900	424.6	423.6	424.6	672,130,90,62	106.5	1207.8	39.4852009	73.5851714	4513.8
901	179.2	179.2	180.2	926,766,130,44	133.5	1205.7	39.4844150	73.5850477	4519.8
902	478.6	478.6	478.6	0,508,80,16	78.9	1204.8	39.4851977	73.5851693	4513.8
903	438.6	438.6	439.6	540,42,112,36	113.5	1204.1	39.4852006	73.5851713	4513.9
904	402.5	402.5	402.5	1218,348,104,110	144.3	1200.1	39.4852027	73.5851702	4513.8
905	252.3	252.3	253.3	246,36,108,40	111.3	1198.4	39.4844063	73.5850503	4519.9
906	399.5	398.5	399.5	1296,362,104,114	148.6	1198.4	39.4852024	73.5851695	4513.8
907	161.2	161.2	161.2	1192,1008,134,62	143.4	1197.4	39.4844178	73.5850476	4519.8
908	175.2	175.2	175.2	1628,950,176,92	186.9	1196.7	39.4844161	73.5850469	4519.8
909	239.3	239.3	243.3	256,0,144,46	148.7	1195.2	39.4844065	73.5850513	4519.9
910	294.4	292.4	294.4	0,544,144,44	146.5	1194.8	39.4844617	73.5852434	4526.8
911	489.6	489.6	496.7	676,126,158,20	156.0	1193.0	39.4851985	73.5851670	4513.8
912	389.5	389.5	389.5	776,900,54,60	77.9	1189.7	39.4852024	73.5851687	4513.7
913	63.1	63.1	65.1	282,28,168,78	180.8	1182.9	39.4844205	73.5850511	4513.1
914	64.1	62.1	65.1	338,140,96,38	100.0	1178.9	39.4844205	73.5850514	4514.7
915	505.7	504.7	505.7	404,140,144,26	142.7	1174.4	39.4851951	73.5851687	4513.8
916	426.6	426.6	426.6	778,628,110,64	124.3	1173.9	39.4852005	73.5851717	4513.9
917	469.6	469.6	469.6	102,598,108,26	106.0	1171.4	39.4851986	73.5851704	4513.8
918	398.5	398.5	398.5	1070,748,78,92	116.3	1170.4	39.4852022	73.5851695	4513.8
919	384.5	384.5	384.5	1260,582,60,66	86.4	1164.4	39.4852029	73.5851679	4513.7
920	398.5	398.5	398.5	1004,592,92,106	133.0	1163.2	39.4852022	73.5851695	4513.8
921	445.6	445.6	445.6	792,42,118,38	121.4	1161.0	39.4852017	73.5851688	4513.8
922	244.3	244.3	244.3	438,58,104,46	106.9	1159.5	39.4844067	73.5850510	4519.9
923	156.2	156.2	156.2	1662,294,120,58	130.1	1158.0	39.4844185	73.5850486	4519.8
924	158.2	157.2	159.2	666,842,150,68	158.9	1157.8	39.4844179	73.5850482	4519.8
925	66.1	62.1	66.1	152,160,112,64	119.9	1157.5	39.4844202	73.5850516	4518.0
926	469.6	469.6	469.6	202,808,86,26	84.0	1156.7	39.4851986	73.5851704	4513.8
927	256.3	256.3	256.3	744,850,118,34	118.2	1154.8	39.4844057	73.5850511	4519.9
928	491.7	491.7	491.7	230,310,84,14	82.0	1153.2	39.4851982	73.5851666	4513.8
929	421.6	421.6	422.6	516,124,106,100	131.3	1153.0	39.4852011	73.5851714	4513.9
930	294.4	292.4	294.4	70,658,116,24	116.0	1152.5	39.4844617	73.5852434	4526.8
931	379.5	379.5	379.5	882,864,96,68	112.1	1150.1	39.4850332	73.5852640	4513.0
932	77.1	77.1	79.1	1810,550,110,44	115.1	1147.2	39.4844242	73.5850487	4519.9
933	488.6	488.6	489.6	270,844,146,34	144.3	1145.2	39.4851985	73.5851674	4513.8
934	169.2	169.2	169.2	162,768,102,42	107.7	1141.9	39.4844162	73.5850466	4519.8
935	253.3	247.3	253.3	426,662,84,26	85.4	1141.1	39.4844062	73.5850506	4519.9
936	83.1	81.1	89.1	770,608,152,58	155.0	1138.3	39.4844254	73.5850469	4519.9
937	193.3	193.3	193.3	1252,1052,142,28	141.7	1138.3	39.4844144	73.5850480	4519.9
938	463.6	458.6	463.6	718,704,80,12	78.0	1134.2	39.4852001	73.5851700	4513.8
939	186.2	184.2	186.2	1796,676,124,56	133.3	1134.1	39.4844150	73.5850487	4519.9
940	63.1	63.1	64.1	216,0,110,20	109.1	1133.6	39.4844205	73.5850511	4513.1
941	399.5	399.5	399.5	1218,956,124,124	172.5	1133.2	39.4852024	73.5851695	4513.8
942	62.1	62.1	65.1	1556,824,112,26	111.4	1133.0	39.4844209	73.5850509	4511.5
943	384.5	384.5	384.5	1206,482,58,74	87.7	1131.0	39.4852029	73.5851679	4513.7
944	220.3	220.3	220.3	108,14,88,28	89.7	1128.5	39.4844093	73.5850510	4519.9
945	197.3	197.3	197.3	1080,160,128,70	138.4	1127.7	39.4844140	73.5850487	4519.8
946	149.2	148.2	149.2	544,106,74,32	76.0	1123.6	39.4844201	73.5850489	4519.8
947	147.2	147.2	147.2	258,282,100,60	95.2	1123.1	39.4844206	73.5850489	4519.8
948	146.2	146.2	146.2	670,228,90,40	91.7	1121.2	39.4844206	73.5850490	4519.8
949	88.1	80.1	89.1	578,520,114,50	115.1	1121.0	39.4844245	73.5850460	4519.8
950	95.1	95.1	95.1	406,504,112,50	113.5	1117.4	39.4844231	73.5850465	4519.8
951	414.5	413.5	415.5	656,590,76,84	109.0	1117.4	39.4852027	73.5851715	4513.9
952	444.6	444.6	444.6	1480,762,92,38	96.8	1116.1	39.4852017	73.5851691	4513.8
953	353.5	353.5	353.5	68,692,78,20	77.8	1115.9	39.4844633	73.5852427	4526.8
954	109.1	109.1	112.1	814,806,104,56	115.3	1115.4	39.4844236	73.5850485	4519.8
955	132.2	132.2	137.2	1460,200,90,34	92.3	1114.9	39.4844193	73.5850492	4519.8
956	263.3	263.3	263.3	1282,292,104,44	108.0	1114.4	39.4844046	73.5850504	4519.9
957	64.1	63.1	66.1	1784,640,136,42	136.8	1113.5	39.4844205	73.5850514	4514.7
958	413.5	413.5	414.5	732,426,78,76	101.8	1111.5	39.4852028	73.5851714	4513.8
959	209.3	209.3	209.3	274,20,128,30	127.9	1111.2	39.4844126	73.5850509	4519.9
960	61.1	61.1	61.1	514,20,144,32	144.7	1110.0	39.4844210	73.5850507	4509.9
961	44.1	40.1	44.1	298,270,174,58	178.5	1109.9	39.4843298	73.5850221	4497.9
962	71.1	71.1	71.1	458,188,124,58	132.4	1106.5	39.4844207	73.5850516	4519.9
963	266.4	265.4	266.4	1684,460,102,40	100.0	1106.3	39.4844043	73.5850502	4519.9
964	292.4	292.4	292.4	968,1060,102,20	100.9	1099.8	39.4844613	73.5852431	4526.8
965	461.6	460.6	461.6	1110,212,90,32	90.2	1098.5	39.4852009	73.5851693	4513.8
966	107.1	107.1	108.1	232,0,88,30	90.3	1096.9	39.4844230	73.5850485	4519.8
967	500.7	500.7	500.7	448,844,112,44	116.1	1093.9	39.4851960	73.5851676	4513.9
968	226.3	226.3	226.3	1528,960,132,30	132.6	1092.6	39.4844080	73.5850510	4519.9
969	48.1	47.1	48.1	384,156,138,46	142.9	1091.6	39.4844108	73.5850477	4498.0
970	402.5	402.5	402.5	964,680,74,86	109.1	1087.1	39.4852027	73.5851702	4513.8
971	491.7	491.7	492.7	1614,188,132,52	130.0	1086.6	39.4851982	73.5851666	4513.8
972	245.3	245.3	247.3	432,54,128,46	132.2	1085.8	39.4844067	73.5850508	4519.9
973	158.2	157.2	159.2	946,784,116,46	119.3	1085.3	39.4844179	73.5850482	4519.8
974	492.7	489.6	492.7	450,424,128,20	125.7	1085.3	39.4851979	73.5851666	4513.8
975	240.3	237.3	244.3	800,210,78,26	79.5	1083.1	39.4844062	73.5850510	4519.9
976	209.3	209.3	209.3	1464,850,112,28	110.9	1079.6	39.4844126	73.5850509	4519.9
977	468.6	464.6	468.6	1702,466,84,12	82.0	1079.4	39.4851989	73.5851704	4513.8
978	379.5	379.5	379.5	1334,360,98,62	107.9	1075.0	39.4850332	73.5852640	4513.0
979	380.5	380.5	380.5	1452,210,92,52	100.2	1072.0	39.4851189	73.5852181	4513.7
980	145.2	143.2	146.2	330,158,80,44	84.1	1070.1	39.4844205	73.5850492	4519.8
981	164.2	164.2	164.2	230,426,82,36	86.6	1067.5	39.4844163	73.5850471	4519.8
982	167.2	164.2	167.2	422,776,110,52	118.2	1065.3	39.4844159	73.5850465	4519.8
983	97.1	96.1	108.1	650,742,112,48	114.4	1065.2	39.4844230	73.5850468	4519.8
984	367.5	367.5	367.5	336,872,126,38	123.5	1064.7	39.4844687	73.5852446	4526.9
985	421.6	421.6	421.6	690,122,100,72	118.1	1063.6	39.4852011	73.5851714	4513.9
986	61.1	61.1	61.1	344,18,138,42	141.8	1060.6	39.4844210	73.5850507	4509.9
987	236.3	236.3	243.3	614,290,96,26	94.0	1059.8	39.4844072	73.5850518	4519.9
988	264.3	264.3	264.3	1424,806,116,26	114.4	1057.7	39.4844045	73.5850504	4519.9
989	415.5	415.5	415.5	480,636,98,78	110.4	1053.8	39.4852026	73.5851716	4513.9
990	154.2	154.2	154.2	614,668,88,58	99.8	1049.6	39.4844188	73.5850484	4519.8
991	269.4	269.4	269.4	1450,416,98,32	98.1	1041.4	39.4844039	73.5850508	4519.9
992	238.3	238.3	238.3	778,26,92,22	91.7	1036.7	39.4844069	73.5850513	4519.9
993	187.2	182.2	187.2	1596,952,116,48	121.4	1036.0	39.4844148	73.5850486	4519.8
994	413.5	413.5	414.5	602,10,76,92	116.4	1035.8	39.4852028	73.5851714	4513.8
995	230.3	230.3	230.3	1366,144,88,46	95.4	1034.9	39.4844078	73.5850508	4519.9
996	269.4	269.4	269.4	944,32,126,42	128.0	1033.8	39.4844039	73.5850508	4519.9
997	133.2	131.2	136.2	358,732,124,54	131.1	1033.4	39.4844194	73.5850495	4519.8
998	235.3	235.3	244.3	540,0,92,24	92.4	1032.3	39.4844073	73.5850517	4519.9
999	464.6	464.6	465.6	36,36,98,34	96.5	1031.9	39.4851999	73.5851700	4513.8
1000	269.4	269.4	269.4	1372,198,104,18	101.8	1031.8	39.4844039	73.5850508	4519.9
1001	385.5	385.5	385.5	1510,362,90,70	108.7	1031.8	39.4852030	73.5851677	4513.7
1002	134.2	134.2	134.2	722,204,68,36	72.4	1030.3	39.4844194	73.5850497	4519.8
1003	471.6	471.6	471.6	16,154,106,40	108.9	1029.7	39.4851980	73.5851712	4513.8
1004	411.5	411.5	411.5	798,48,62,84	99.2	1029.3	39.4852030	73.5851709	4513.8
1005	176.2	176.2	176.2	682,982,110,42	113.2	1028.2	39.4844157	73.5850470	4519.8
1006	253.3	253.3	253.3	752,918,98,18	96.3	1023.1	39.4844062	73.5850506	4519.9
1007	170.2	170.2	173.2	464,814,130,54	137.4	1021.4	39.4844163	73.5850466	4519.8
1008	149.2	148.2	149.2	1512,520,114,48	114.7	1021.0	39.4844201	73.5850489	4519.8
1009	145.2	143.2	146.2	1584,608,98,32	99.3	1019.8	39.4844205	73.5850492	4519.8
1010	61.1	61.1	61.1	462,120,98,38	101.1	1017.6	39.4844210	73.5850507	4509.9
1011	165.2	163.2	166.2	710,558,136,74	147.6	1016.5	39.4844159	73.5850467	4519.8
1012	368.5	368.5	368.5	108,902,78,14	76.4	1015.8	39.4844859	73.5852531	4526.8
1013	461.6	461.6	462.6	1846,512,74,26	72.0	1015.5	39.4852009	73.5851693	4513.8
1014	489.6	489.6	489.6	702,944,170,38	170.8	1013.9	39.4851985	73.5851670	4513.8
1015	426.6	426.6	426.6	990,932,96,54	104.7	1011.0	39.4852005	73.5851717	4513.9
1016	132.2	131.2	132.2	684,790,78,36	80.9	1006.5	39.4844193	73.5850492	4519.8
1017	434.6	434.6	434.6	1616,866,144,48	147.5	1006.5	39.4852003	73.5851726	4513.9
1018	77.1	77.1	79.1	1368,816,118,64	127.0	1005.6	39.4844242	73.5850487	4519.9
1019	494.7	489.6	494.7	1260,980,76,20	75.5	1004.9	39.4851973	73.5851677	4513.8
1020	57.1	57.1	59.1	512,116,72,30	75.3	1003.4	39.4844222	73.5850502	4502.9
1021	149.2	149.2	149.2	634,34,90,56	97.8	1002.8	39.4844201	73.5850489	4519.8
1022	370.5	370.5	370.5	924,744,112,42	110.3	1001.9	39.4845497	73.5852895	4523.3
1023	497.7	497.7	497.7	1074,262,80,14	78.0	999.3	39.4851969	73.5851677	4513.8
1024	267.4	265.4	267.4	1696,324,76,24	77.0	998.9	39.4844039	73.5850501	4519.9
1025	257.3	257.3	257.3	470,696,74,26	74.7	998.7	39.4844057	73.5850511	4519.9
1026	85.1	85.1	89.1	760,766,102,46	108.4	997.2	39.4844251	73.5850467	4519.9
1027	439.6	439.6	439.6	952,110,82,26	83.0	992.7	39.4852007	73.5851709	4513.8
1028	266.4	266.4	266.4	1746,254,124,32	124.2	992.4	39.4844043	73.5850502	4519.9
1029	177.2	177.2	177.2	214,256,158,54	164.4	991.4	39.4844155	73.5850472	4519.8
1030	280.4	280.4	281.4	828,646,100,34	102.5	988.0	39.4844022	73.5851403	4526.8
1031	209.3	209.3	209.3	1782,518,112,48	116.4	987.5	39.4844126	73.5850509	4519.9
1032	164.2	164.2	168.2	650,410,132,66	140.8	986.7	39.4844163	73.5850471	4519.8
1033	119.2	119.2	119.2	634,10,80,42	85.1	985.9	39.4844232	73.5850475	4519.8
1034	511.7	511.7	511.7	138,502,70,52	81.0	985.6	39.4852080	73.5852434	4513.9
1035	461.6	461.6	461.6	1322,106,116,14	114.0	985.5	39.4852009	73.5851693	4513.8
1036	385.5	385.5	385.5	1432,316,68,82	101.9	984.8	39.4852030	73.5851677	4513.7
1037	279.4	272.4	280.4	598,520,88,36	92.3	984.0	39.4843961	73.5851097	4526.4
1038	220.3	219.3	220.3	458,102,104,46	108.8	982.9	39.4844093	73.5850510	4519.9
1039	61.1	61.1	61.1	560,220,72,24	72.6	980.8	39.4844210	73.5850507	4509.9
1040	44.1	40.1	44.1	188,270,92,38	95.3	978.0	39.4843298	73.5850221	4497.9
1041	466.6	466.6	466.6	30,118,72,12	70.1	977.6	39.4851994	73.5851703	4513.8
1042	499.7	499.7	499.7	484,822,100,20	98.2	977.0	39.4851964	73.5851677	4513.8
1043	411.5	410.5	411.5	988,172,66,66	90.5	971.4	39.4852030	73.5851709	4513.8
1044	501.7	501.7	501.7	1678,648,80,22	79.2	969.8	39.4851958	73.5851678	4513.8
1045	118.2	112.1	118.2	640,470,74,36	76.5	969.6	39.4844232	73.5850474	4519.8
1046	145.2	143.2	146.2	578,232,74,36	76.0	968.5	39.4844205	73.5850492	4519.8
1047	451.6	451.6	451.6	994,116,78,16	76.7	967.7	39.4852022	73.5851680	4513.8
1048	118.2	118.2	118.2	30,710,74,32	78.0	964.6	39.4844232	73.5850474	4519.8
1049	410.5	405.5	411.5	1008,778,88,76	105.8	963.8	39.4852030	73.5851708	4513.8
1050	511.7	511.7	511.7	404,292,64,42	72.7	958.9	39.4852080	73.5852434	4513.9
1051	136.2	126.2	138.2	1268,720,98,54	104.0	955.0	39.4844193	73.5850502	4519.8
1052	64.1	64.1	64.1	400,0,114,44	117.3	950.8	39.4844205	73.5850514	4514.7
1053	120.2	118.2	121.2	750,594,132,48	135.4	950.5	39.4844229	73.5850476	4519.8
1054	241.3	231.3	242.3	1012,1000,120,32	120.7	949.0	39.4844062	73.5850510	4519.9
1055	92.1	90.1	108.1	692,766,142,64	152.1	945.1	39.4844234	73.5850457	4519.9
1056	82.1	81.1	84.1	334,50,144,58	147.1	941.7	39.4844250	73.5850469	4519.9
1057	100.1	92.1	107.1	118,66,142,64	151.4	941.2	39.4844226	73.5850469	4519.9
1058	70.1	70.1	70.1	1526,644,102,52	108.2	940.4	39.4844203	73.5850519	4519.9
1059	146.2	146.2	146.2	1394,272,74,38	78.7	938.0	39.4844206	73.5850490	4519.8
1060	151.2	151.2	157.2	756,314,90,38	90.4	937.5	39.4844190	73.5850485	4519.8
1061	438.6	438.6	438.6	1390,790,106,32	102.7	936.6	39.4852006	73.5851713	4513.9
1062	493.7	491.7	493.7	296,784,102,16	100.9	936.4	39.4851976	73.5851671	4513.8
1063	269.4	269.4	269.4	1120,358,82,32	85.3	935.5	39.4844039	73.5850508	4519.9
1064	461.6	461.6	461.6	1740,404,110,16	108.0	933.8	39.4852009	73.5851693	4513.8
1065	409.5	404.5	411.5	950,580,68,66	91.9	933.5	39.4852031	73.5851705	4513.9
1066	431.6	431.6	431.6	1648,880,98,62	100.6	931.6	39.4851999	73.5851721	4513.8
1067	168.2	165.2	168.2	326,154,140,60	148.9	930.6	39.4844161	73.5850466	4519.8
1068	181.2	181.2	181.2	1802,430,78,32	81.0	930.5	39.4844154	73.5850486	4519.8
1069	176.2	176.2	176.2	936,822,134,44	137.4	928.9	39.4844157	73.5850470	4519.8
1070	437.6	434.6	437.6	1424,990,90,34	93.6	926.1	39.4852006	73.5851717	4513.9
1071	431.6	431.6	431.6	592,278,94,80	117.7	925.5	39.4851999	73.5851721	4513.8
1072	117.2	117.2	117.2	364,96,76,58	88.5	924.3	39.4844232	73.5850473	4519.8
1073	159.2	159.2	159.2	762,784,98,62	112.1	922.9	39.4844176	73.5850479	4519.8
1074	501.7	501.7	501.7	1830,532,74,18	72.0	922.9	39.4851958	73.5851678	4513.8
1075	511.7	511.7	511.7	0,400,104,60	117.3	922.9	39.4852080	73.5852434	4513.9
1076	426.6	426.6	426.6	808,996,96,58	102.9	920.8	39.4852005	73.5851717	4513.9
1077	431.6	431.6	431.6	1734,534,68,54	82.0	919.8	39.4851999	73.5851721	4513.8
1078	439.6	439.6	439.6	766,260,90,36	93.7	917.7	39.4852007	73.5851709	4513.8
1079	157.2	157.2	158.2	1360,588,112,68	124.3	913.3	39.4844179	73.5850484	4519.8
1080	142.2	138.2	142.2	920,602,82,52	90.1	912.1	39.4844202	73.5850498	4519.8
1081	274.4	274.4	276.4	524,428,100,36	102.4	911.3	39.4844042	73.5850505	4519.9
1082	246.3	246.3	246.3	194,48,116,38	119.4	909.4	39.4844067	73.5850506	4519.9
1083	59.1	56.1	60.1	150,74,104,22	103.2	908.3	39.4844215	73.5850506	4506.3
1084	148.2	148.2	148.2	162,0,82,28	81.0	904.7	39.4844204	73.5850489	4519.8
1085	253.3	253.3	253.3	330,172,96,20	94.4	904.7	39.4844062	73.5850506	4519.9
1086	113.1	112.1	116.2	702,972,104,36	106.3	901.7	39.4844239	73.5850472	4519.8
1087	249.3	248.3	249.3	1016,344,96,28	96.8	901.1	39.4844066	73.5850499	4519.9
1088	58.1	55.1	59.1	54,206,132,56	135.3	900.5	39.4844219	73.5850504	4504.6
1089	403.5	403.5	403.5	980,930,68,70	93.3	897.5	39.4852027	73.5851700	4513.8
1090	80.1	80.1	80.1	1416,1014,102,60	114.5	893.8	39.4844242	73.5850474	4519.8
1091	420.6	420.6	420.6	688,0,92,94	124.6	893.8	39.4852015	73.5851716	4513.9
1092	91.1	91.1	91.1	232,18,82,38	87.7	893.6	39.4844239	73.5850459	4519.9
1093	415.5	413.5	415.5	814,542,66,72	93.4	893.6	39.4852026	73.5851716	4513.9
1094	44.1	39.1	44.1	414,174,70,32	74.0	891.3	39.4843298	73.5850221	4497.9
1095	501.7	501.7	501.7	836,506,92,38	93.8	890.2	39.4851958	73.5851678	4513.8
1096	178.2	178.2	178.2	816,722,118,54	121.4	890.1	39.4844153	73.5850474	4519.8
1097	169.2	169.2	169.2	510,808,98,36	100.6	888.6	39.4844162	73.5850466	4519.8
1098	231.3	231.3	233.3	1478,882,158,36	158.0	888.6	39.4844079	73.5850507	4519.9
1099	150.2	150.2	150.2	1152,596,74,40	77.1	888.2	39.4844195	73.5850489	4519.8
1100	286.4	286.4	286.4	0,766,136,36	134.7	887.8	39.4844609	73.5852443	4526.8
1101	384.5	384.5	384.5	1266,988,72,64	91.9	886.7	39.4852029	73.5851679	4513.7
1102	496.7	496.7	497.7	1668,408,100,20	99.0	886.0	39.4851968	73.5851677	4513.8
1103	513.7	513.7	513.7	16,512,92,48	96.3	884.5	39.4852759	73.5853853	4514.0
1104	436.6	434.6	437.6	1014,918,114,40	116.3	881.9	39.4852005	73.5851720	4513.9
1105	385.5	385.5	385.5	964,632,58,76	91.6	881.3	39.4852030	73.5851677	4513.7
1106	406.5	406.5	406.5	802,248,60,84	97.1	881.0	39.4852031	73.5851698	4513.8
1107	248.3	248.3	248.3	396,116,70,38	71.9	878.2	39.4844066	73.5850501	4519.9
1108	268.4	268.4	268.4	1694,288,116,28	116.5	875.1	39.4844039	73.5850503	4519.9
1109	80.1	80.1	82.1	1440,874,94,52	104.0	872.8	39.4844242	73.5850474	4519.8
1110	413.5	413.5	415.5	968,476,60,82	98.2	872.4	39.4852028	73.5851714	4513.8
1111	115.2	111.1	117.2	306,168,144,30	144.7	872.3	39.4844235	73.5850471	4519.8
1112	495.7	495.7	495.7	578,148,108,22	107.4	872.1	39.4851970	73.5851678	4513.8
1113	118.2	118.2	121.2	616,816,90,38	94.9	871.7	39.4844232	73.5850474	4519.8
1114	412.5	411.5	412.5	710,794,64,42	71.6	870.1	39.4852029	73.5851710	4513.8
1115	209.3	209.3	209.3	1472,702,130,48	134.1	869.1	39.4844126	73.5850509	4519.9
1116	75.1	75.1	75.1	206,410,88,56	101.3	865.6	39.4844230	73.5850499	4519.9
1117	269.4	269.4	269.4	1362,412,78,22	76.0	864.7	39.4844039	73.5850508	4519.9
1118	236.3	236.3	236.3	1742,608,74,24	73.4	864.5	39.4844072	73.5850518	4519.9
1119	150.2	150.2	150.2	574,404,78,38	81.7	862.9	39.4844195	73.5850489	4519.8
1120	417.6	417.6	417.6	366,0,60,60	81.7	861.7	39.4852019	73.5851716	4513.8
1121	244.3	244.3	244.3	266,124,86,40	86.6	858.6	39.4844067	73.5850510	4519.9
1122	235.3	235.3	235.3	282,258,78,26	78.1	858.5	39.4844073	73.5850517	4519.9
1123	50.1	45.1	55.1	618,344,120,48	125.9	855.0	39.4844230	73.5850516	4497.9
1124	169.2	169.2	169.2	632,780,108,74	125.9	854.6	39.4844162	73.5850466	4519.8
1125	385.5	385.5	385.5	892,424,58,82	95.3	852.5	39.4852030	73.5851677	4513.7
1126	384.5	384.5	384.5	1024,346,56,66	76.4	850.9	39.4852029	73.5851679	4513.7
1127	169.2	169.2	169.2	534,422,100,28	99.4	849.8	39.4844162	73.5850466	4519.8
1128	50.1	50.1	50.1	1122,784,72,16	71.4	848.4	39.4844230	73.5850516	4497.9
1129	472.6	472.6	472.6	44,30,110,24	108.4	842.0	39.4851978	73.5851716	4513.8
1130	174.2	174.2	174.2	490,742,90,44	95.9	840.4	39.4844161	73.5850469	4519.8
1131	148.2	148.2	148.2	138,610,90,72	108.8	839.5	39.4844204	73.5850489	4519.8
1132	221.3	221.3	221.3	1020,300,94,32	92.6	838.5	39.4844087	73.5850510	4519.9
1133	414.5	413.5	414.5	746,40,74,78	103.2	837.1	39.4852027	73.5851715	4513.9
1134	473.6	472.6	473.6	172,720,82,18	80.6	835.7	39.4851977	73.5851716	4513.8
1135	163.2	163.2	163.2	366,60,126,48	130.2	834.4	39.4844169	73.5850473	4519.8
1136	441.6	441.6	442.6	994,966,76,34	79.2	832.8	39.4852013	73.5851703	4513.8
1137	190.3	189.3	191.3	1592,958,82,28	84.1	829.4	39.4844149	73.5850482	4519.8
1138	48.1	48.1	52.1	458,46,72,30	75.3	827.4	39.4844108	73.5850477	4498.0
1139	119.2	119.2	121.2	320,180,138,62	146.3	827.0	39.4844232	73.5850475	4519.8
1140	415.5	414.5	415.5	614,348,62,60	82.0	827.0	39.4852026	73.5851716	4513.9
1141	439.6	439.6	439.6	598,96,96,36	99.0	826.1	39.4852007	73.5851709	4513.8
1142	108.1	108.1	108.1	100,106,68,34	71.7	825.4	39.4844231	73.5850485	4519.8
1143	163.2	163.2	163.2	94,766,82,38	86.1	824.3	39.4844169	73.5850473	4519.8
1144	169.2	169.2	169.2	560,720,102,38	104.4	823.6	39.4844162	73.5850466	4519.8
1145	44.1	44.1	44.1	458,342,84,36	88.7	817.8	39.4843298	73.5850221	4497.9
1146	249.3	248.3	249.3	934,296,78,30	79.1	815.2	39.4844066	73.5850499	4519.9
1147	462.6	462.6	464.6	702,696,94,14	92.0	814.2	39.4852003	73.5851697	4513.8
1148	134.2	134.2	134.2	984,678,76,60	89.2	812.8	39.4844194	73.5850497	4519.8
1149	91.1	91.1	92.1	708,80,74,36	78.0	812.2	39.4844239	73.5850459	4519.9
1150	133.2	131.2	133.2	1288,218,76,36	80.6	812.1	39.4844194	73.5850495	4519.8
1151	150.2	150.2	150.2	678,234,94,42	96.7	809.1	39.4844195	73.5850489	4519.8
1152	410.5	410.5	410.5	1048,548,56,52	73.6	806.2	39.4852030	73.5851708	4513.8
1153	174.2	174.2	174.2	388,206,112,54	120.0	804.4	39.4844161	73.5850469	4519.8
1154	227.3	227.3	227.3	1526,158,72,16	70.6	803.7	39.4844077	73.5850511	4519.9
1155	94.1	94.1	95.1	482,898,112,40	112.9	803.3	39.4844233	73.5850464	4519.8
1156	82.1	82.1	82.1	452,686,70,30	72.6	801.0	39.4844250	73.5850469	4519.9
1157	234.3	233.3	234.3	1618,1052,76,22	75.3	795.7	39.4844076	73.5850513	4519.9
1158	74.1	74.1	74.1	300,22,98,54	108.7	789.4	39.4844225	73.5850502	4519.9
1159	184.2	184.2	186.2	1604,770,90,30	90.1	788.2	39.4844149	73.5850487	4519.9
1160	110.1	110.1	110.1	230,136,72,34	77.0	787.8	39.4844236	73.5850480	4519.8
1161	424.6	423.6	425.6	550,14,76,36	79.1	787.5	39.4852009	73.5851714	4513.8
1162	441.6	441.6	442.6	392,282,76,30	78.4	774.3	39.4852013	73.5851703	4513.8
1163	124.2	124.2	124.2	488,122,86,38	91.2	772.9	39.4844215	73.5850480	4519.8
1164	492.7	492.7	492.7	314,12,84,30	86.3	771.4	39.4851979	73.5851666	4513.8
1165	123.2	123.2	127.2	814,542,76,32	78.4	769.9	39.4844215	73.5850478	4519.8
1166	161.2	161.2	161.2	1372,902,114,32	114.1	769.9	39.4844178	73.5850476	4519.8
1167	173.2	163.2	173.2	288,816,98,44	103.1	769.7	39.4844162	73.5850469	4519.8
1168	416.6	416.6	416.6	92,308,60,76	92.7	764.3	39.4852021	73.5851714	4513.8
1169	414.5	414.5	414.5	652,10,56,64	76.4	763.4	39.4852027	73.5851715	4513.9
1170	174.2	174.2	174.2	738,488,68,34	72.5	761.0	39.4844161	73.5850469	4519.8
1171	143.2	143.2	146.2	1724,668,80,32	76.5	760.3	39.4844205	73.5850495	4519.8
1172	108.1	106.1	108.1	250,210,92,46	99.8	759.8	39.4844231	73.5850485	4519.8
1173	141.2	141.2	141.2	134,30,98,36	95.2	758.2	39.4844201	73.5850500	4519.8
1174	468.6	467.6	468.6	1698,858,104,18	102.0	758.2	39.4851989	73.5851704	4513.8
1175	118.2	118.2	120.2	150,82,110,46	115.7	754.6	39.4844232	73.5850474	4519.8
1176	223.3	223.3	223.3	876,926,88,34	90.4	754.3	39.4844086	73.5850508	4519.9
1177	240.3	240.3	244.3	640,42,76,22	74.0	753.4	39.4844062	73.5850510	4519.9
1178	268.4	267.4	268.4	1308,68,90,20	88.8	747.8	39.4844039	73.5850503	4519.9
1179	162.2	162.2	162.2	1690,898,88,34	91.7	746.2	39.4844177	73.5850474	4519.8
1180	208.3	208.3	208.3	1028,620,70,34	74.0	743.0	39.4844129	73.5850507	4519.9
1181	90.1	90.1	90.1	96,112,78,56	89.3	742.1	39.4844243	73.5850460	4519.8
1182	109.1	109.1	110.1	960,1052,82,28	82.3	740.1	39.4844236	73.5850485	4519.8
1183	109.1	109.1	109.1	84,142,124,52	129.0	739.9	39.4844236	73.5850485	4519.8
1184	409.5	407.5	409.5	712,514,96,60	101.9	734.9	39.4852031	73.5851705	4513.9
1185	156.2	156.2	156.2	1774,374,82,28	80.0	729.9	39.4844185	73.5850486	4519.8
1186	409.5	407.5	409.5	848,742,58,70	81.3	726.1	39.4852031	73.5851705	4513.9
1187	82.1	82.1	84.1	236,84,106,46	112.9	725.7	39.4844250	73.5850469	4519.9
1188	501.7	501.7	501.7	810,272,92,20	91.1	724.7	39.4851958	73.5851678	4513.8
1189	70.1	70.1	70.1	1222,802,106,54	108.2	723.2	39.4844203	73.5850519	4519.9
1190	174.2	174.2	174.2	746,620,88,36	87.1	723.1	39.4844161	73.5850469	4519.8
1191	42.1	41.1	43.1	0,412,108,36	110.1	719.7	39.4842642	73.5850016	4497.9
1192	281.4	281.4	281.4	536,526,96,28	96.5	716.1	39.4844141	73.5851717	4526.8
1193	468.6	467.6	468.6	384,100,94,24	92.7	715.5	39.4851989	73.5851704	4513.8
1194	72.1	72.1	73.1	314,0,100,52	108.7	715.2	39.4844212	73.5850511	4519.9
1195	61.1	61.1	61.1	278,22,86,34	89.8	714.9	39.4844210	73.5850507	4509.9
1196	152.2	151.2	153.2	1634,842,74,26	74.5	711.6	39.4844188	73.5850485	4519.8
1197	279.4	274.4	279.4	908,636,72,26	72.2	710.0	39.4843961	73.5851097	4526.4
1198	156.2	156.2	156.2	1518,520,74,36	73.9	709.6	39.4844185	73.5850486	4519.8
1199	115.2	111.1	116.2	504,882,98,50	106.4	709.1	39.4844235	73.5850471	4519.8
1200	169.2	169.2	173.2	324,190,108,28	107.8	707.1	39.4844162	73.5850466	4519.8
1201	230.3	230.3	230.3	1422,1002,96,18	94.2	707.0	39.4844078	73.5850508	4519.9
1202	237.3	237.3	237.3	782,0,84,20	83.0	706.8	39.4844072	73.5850516	4519.9
1203	410.5	410.5	410.5	734,238,58,72	88.4	699.7	39.4852030	73.5851708	4513.8
1204	168.2	167.2	168.2	142,70,80,52	92.1	696.3	39.4844161	73.5850466	4519.8
1205	466.6	465.6	466.6	142,630,74,14	72.0	694.2	39.4851994	73.5851703	4513.8
1206	442.6	442.6	442.6	1160,1016,60,46	70.9	689.9	39.4852013	73.5851701	4513.8
1207	426.6	426.6	426.6	1180,744,114,72	126.0	689.5	39.4852005	73.5851717	4513.9
1208	77.1	77.1	78.1	1016,1030,82,32	85.4	685.5	39.4844242	73.5850487	4519.9
1209	498.7	497.7	498.7	658,374,90,22	87.6	683.2	39.4851966	73.5851676	4513.8
1210	188.2	188.2	188.2	1738,930,96,36	97.4	683.0	39.4844149	73.5850484	4519.8
1211	441.6	441.6	441.6	1822,546,88,40	91.7	682.4	39.4852013	73.5851703	4513.8
1212	464.6	464.6	464.6	866,86,76,18	75.5	672.2	39.4851999	73.5851700	4513.8
1213	161.2	160.2	161.2	1498,874,76,32	75.3	671.4	39.4844178	73.5850476	4519.8
1214	409.5	409.5	409.5	1002,946,58,56	70.7	669.7	39.4852031	73.5851705	4513.9
1215	490.6	490.6	490.6	76,942,72,16	70.7	666.5	39.4851984	73.5851667	4513.8
1216	166.2	164.2	166.2	546,830,90,42	95.1	665.1	39.4844157	73.5850466	4519.8
1217	102.1	96.1	107.1	642,616,68,32	72.4	664.7	39.4844227	73.5850473	4519.8
1218	121.2	119.2	121.2	162,92,90,44	97.5	664.2	39.4844224	73.5850476	4519.8
1219	80.1	80.1	80.1	1658,882,84,36	88.6	658.3	39.4844242	73.5850474	4519.8
1220	119.2	119.2	120.2	72,182,94,56	105.3	657.2	39.4844232	73.5850475	4519.8
1221	83.1	83.1	84.1	178,38,72,44	79.6	655.5	39.4844254	73.5850469	4519.9
1222	91.1	85.1	93.1	202,174,80,42	85.9	651.8	39.4844239	73.5850459	4519.9
1223	461.6	461.6	461.6	38,174,84,16	82.0	648.7	39.4852009	73.5851693	4513.8
1224	442.6	441.6	442.6	62,452,86,38	86.8	648.6	39.4852013	73.5851701	4513.8
1225	82.1	82.1	82.1	486,760,90,28	91.2	648.0	39.4844250	73.5850469	4519.9
1226	114.2	113.1	115.2	842,650,78,28	79.7	646.7	39.4844237	73.5850471	4519.8
1227	170.2	170.2	173.2	478,668,72,36	76.2	646.0	39.4844163	73.5850466	4519.8
1228	79.1	77.1	79.1	1500,868,76,30	75.9	645.1	39.4844245	73.5850479	4519.9
1229	168.2	168.2	168.2	82,154,88,54	100.5	643.7	39.4844161	73.5850466	4519.8
1230	117.2	117.2	117.2	434,8,70,30	71.3	640.1	39.4844232	73.5850473	4519.8
1231	174.2	174.2	174.2	248,16,78,50	89.4	638.2	39.4844161	73.5850469	4519.8
1232	461.6	461.6	461.6	1176,462,92,16	90.1	636.2	39.4852009	73.5851693	4513.8
1233	176.2	176.2	176.2	846,864,72,34	75.3	635.3	39.4844157	73.5850470	4519.8
1234	70.1	70.1	70.1	1014,928,72,28	74.6	634.7	39.4844203	73.5850519	4519.9
1235	473.6	472.6	473.6	1650,50,78,14	76.0	634.6	39.4851977	73.5851716	4513.8
1236	78.1	78.1	78.1	1326,882,100,54	108.2	634.0	39.4844245	73.5850483	4519.9
1237	441.6	441.6	441.6	294,420,72,30	72.7	633.6	39.4852013	73.5851703	4513.8
1238	96.1	96.1	96.1	82,148,64,46	72.4	633.4	39.4844231	73.5850467	4519.8
1239	70.1	70.1	70.1	1746,314,90,36	91.1	633.2	39.4844203	73.5850519	4519.9
1240	434.6	434.6	434.6	1170,608,70,48	80.7	633.2	39.4852003	73.5851726	4513.9
1241	92.1	91.1	93.1	196,272,84,46	93.0	628.7	39.4844234	73.5850457	4519.9
1242	172.2	172.2	172.2	650,756,84,50	94.8	628.2	39.4844165	73.5850469	4519.8
1243	95.1	94.1	95.1	172,202,102,28	102.4	625.7	39.4844231	73.5850465	4519.8
1244	74.1	74.1	74.1	384,90,104,38	108.2	623.5	39.4844225	73.5850502	4519.9
1245	163.2	163.2	163.2	522,560,68,30	70.9	620.5	39.4844169	73.5850473	4519.8
1246	146.2	145.2	146.2	1324,1034,98,34	96.3	609.6	39.4844206	73.5850490	4519.8
1247	276.4	276.4	276.4	372,518,94,26	93.2	608.6	39.4844038	73.5850518	4522.0
1248	157.2	157.2	158.2	1102,730,86,36	89.8	602.0	39.4844179	73.5850484	4519.8
1249	467.6	467.6	467.6	1768,986,76,20	74.4	597.1	39.4851991	73.5851705	4513.8
1250	167.2	167.2	167.2	458,674,74,30	77.3	594.8	39.4844159	73.5850465	4519.8
1251	147.2	147.2	147.2	578,358,68,38	75.0	592.2	39.4844206	73.5850489	4519.8
1252	168.2	168.2	168.2	646,784,88,34	89.8	589.8	39.4844161	73.5850466	4519.8
1253	158.2	158.2	158.2	830,746,80,44	80.8	589.1	39.4844179	73.5850482	4519.8
1254	118.2	118.2	118.2	686,590,72,30	74.7	587.6	39.4844232	73.5850474	4519.8
1255	174.2	174.2	174.2	612,0,72,36	71.2	584.9	39.4844161	73.5850469	4519.8
1256	497.7	497.7	497.7	584,534,78,18	76.2	580.3	39.4851969	73.5851677	4513.8
1257	141.2	141.2	141.2	128,238,70,44	71.6	580.2	39.4844201	73.5850500	4519.8
1258	83.1	83.1	83.1	114,116,92,54	103.7	579.2	39.4844254	73.5850469	4519.9
1259	87.1	87.1	87.1	618,768,70,30	72.0	579.1	39.4844248	73.5850462	4519.8
1260	119.2	119.2	119.2	790,814,72,32	74.5	571.7	39.4844232	73.5850475	4519.8
1261	113.1	110.1	116.2	356,196,100,30	100.9	571.1	39.4844239	73.5850472	4519.8
1262	86.1	86.1	87.1	530,840,72,38	78.4	568.7	39.4844250	73.5850465	4519.9
1263	108.1	106.1	108.1	202,290,90,52	100.7	568.7	39.4844231	73.5850485	4519.8
1264	424.6	424.6	424.6	992,618,70,44	79.9	567.9	39.4852009	73.5851714	4513.8
1265	424.6	424.6	424.6	492,82,68,42	75.5	564.5	39.4852009	73.5851714	4513.8
1266	179.2	179.2	180.2	1102,708,78,34	81.7	564.4	39.4844150	73.5850477	4519.8
1267	416.6	416.6	416.6	610,0,74,66	96.2	561.2	39.4852021	73.5851714	4513.8
1268	472.6	472.6	472.6	362,790,72,12	70.0	561.1	39.4851978	73.5851716	4513.8
1269	229.3	229.3	229.3	412,158,82,34	83.9	561.0	39.4844077	73.5850509	4519.9
1270	214.3	214.3	214.3	1756,642,86,52	95.9	551.1	39.4844116	73.5850512	4519.9
1271	176.2	176.2	176.2	1094,766,74,34	77.2	544.1	39.4844157	73.5850470	4519.8
1272	223.3	222.3	223.3	1446,1050,80,30	82.0	541.9	39.4844086	73.5850508	4519.9
1273	226.3	226.3	226.3	1390,954,72,22	71.4	539.8	39.4844080	73.5850510	4519.9
1274	94.1	94.1	94.1	428,638,72,36	77.8	539.1	39.4844233	73.5850464	4519.8
1275	170.2	170.2	170.2	502,554,80,30	82.2	530.8	39.4844163	73.5850466	4519.8
1276	473.6	473.6	473.6	1840,34,80,12	78.3	528.4	39.4851977	73.5851716	4513.8
1277	171.2	171.2	173.2	172,652,98,24	97.0	523.8	39.4844163	73.5850468	4519.8
1278	42.1	42.1	43.1	598,268,70,24	70.8	522.6	39.4842642	73.5850016	4497.9
1279	472.6	472.6	472.6	80,930,102,12	100.0	520.6	39.4851978	73.5851716	4513.8
1280	42.1	42.1	42.1	196,154,90,26	87.1	520.3	39.4842642	73.5850016	4497.9
1281	95.1	95.1	95.1	364,94,72,20	71.4	520.3	39.4844231	73.5850465	4519.8
1282	160.2	160.2	160.2	1510,696,100,36	103.7	519.8	39.4844178	73.5850476	4519.8
1283	174.2	174.2	174.2	174,208,80,46	88.9	518.9	39.4844161	73.5850469	4519.8
1284	435.6	435.6	435.6	148,570,70,22	70.2	517.5	39.4852006	73.5851723	4513.9
1285	172.2	172.2	172.2	606,894,72,36	76.9	515.3	39.4844165	73.5850469	4519.8
1286	106.1	106.1	106.1	178,228,90,34	89.8	511.7	39.4844229	73.5850483	4519.9
1287	83.1	83.1	85.1	618,816,68,32	72.4	509.1	39.4844254	73.5850469	4519.9
1288	426.6	426.6	426.6	1426,942,102,56	111.8	508.5	39.4852005	73.5851717	4513.9
1289	224.3	224.3	224.3	1340,830,82,30	78.8	505.4	39.4844086	73.5850507	4519.9
1290	214.3	214.3	214.3	1740,778,70,22	70.3	504.4	39.4844116	73.5850512	4519.9
1291	163.2	163.2	163.2	290,90,72,36	76.2	501.9	39.4844169	73.5850473	4519.8
1292	174.2	174.2	174.2	108,84,70,36	70.9	501.9	39.4844161	73.5850469	4519.8
1293	208.3	208.3	208.3	1238,520,84,38	81.6	497.1	39.4844129	73.5850507	4519.9
1294	162.2	162.2	162.2	1540,1042,86,38	91.3	490.9	39.4844177	73.5850474	4519.8
1295	442.6	442.6	442.6	1570,450,80,26	78.0	488.8	39.4852013	73.5851701	4513.8
1296	155.2	155.2	155.2	1188,170,72,42	79.6	488.7	39.4844188	73.5850486	4519.8
1297	66.1	66.1	66.1	1542,506,88,30	89.2	487.1	39.4844202	73.5850516	4518.0
1298	231.3	231.3	231.3	1604,936,104,26	101.6	485.6	39.4844079	73.5850507	4519.9
1299	246.3	246.3	246.3	46,316,78,34	80.3	480.1	39.4844067	73.5850506	4519.9
1300	426.6	426.6	426.6	1528,1034,82,40	80.0	462.7	39.4852005	73.5851717	4513.9
1301	179.2	179.2	179.2	1428,536,74,24	73.3	461.4	39.4844150	73.5850477	4519.8
1302	183.2	183.2	183.2	1368,1048,84,32	87.3	459.7	39.4844150	73.5850486	4519.8
1303	90.1	90.1	90.1	134,334,72,28	72.6	453.9	39.4844243	73.5850460	4519.8
1304	109.1	109.1	109.1	70,688,68,38	70.9	435.2	39.4844236	73.5850485	4519.8
1305	162.2	162.2	162.2	1804,814,76,28	75.5	419.5	39.4844177	73.5850474	4519.8
1306	108.1	108.1	108.1	778,926,78,24	79.0	411.8	39.4844231	73.5850485	4519.8
1307	230.3	230.3	230.3	1642,984,74,22	74.7	404.0	39.4844078	73.5850508	4519.9
1308	81.1	81.1	81.1	324,182,66,38	73.2	402.1	39.4844248	73.5850471	4519.8
1309	85.1	85.1	87.1	914,902,66,38	70.7	395.0	39.4844251	73.5850467	4519.9
1310	109.1	109.1	109.1	270,18,66,34	71.6	390.8	39.4844236	73.5850485	4519.8
1311	423.6	423.6	423.6	36,212,58,54	74.8	383.3	39.4852009	73.5851711	4513.9
1312	166.2	166.2	166.2	90,250,84,52	90.3	373.7	39.4844157	73.5850466	4519.8
1313	163.2	163.2	163.2	206,162,72,50	80.0	369.5	39.4844169	73.5850473	4519.8
1314	100.1	100.1	100.1	456,706,74,26	75.3	369.3	39.4844226	73.5850469	4519.9
1315	464.6	464.6	464.6	76,134,78,32	74.9	316.7	39.4851999	73.5851700	4513.8
