track	t_best	t0	t1	bbox	score	lat	lon	alt
0	52.1	48.0	52.1	724,652,121,112	13094.0	39.4816212	73.5914849	5016.3
1	277.3	264.3	278.3	563,18,98,83	12183.7	39.4816234	73.5914780	5016.3
2	179.2	179.2	179.2	1589,394,86,73	9902.7	39.4816225	73.5914839	5016.3
3	264.3	264.3	277.3	775,999,75,81	9890.8	39.4816217	73.5914797	5016.2
4	63.1	62.1	77.1	1870,891,50,66	6710.1	39.4816219	73.5914846	5016.3
5	209.2	205.2	217.2	485,779,70,44	5980.5	39.4816232	73.5914777	5016.3
6	66.1	62.1	80.1	1885,665,35,64	5964.1	39.4816204	73.5914847	5016.3
7	192.2	185.2	194.2	765,214,66,63	5640.4	39.4816248	73.5914809	5016.3
8	200.2	199.2	203.2	361,934,73,44	5633.0	39.4816236	73.5914797	5016.3
9	182.2	182.2	192.2	1361,876,64,49	4893.7	39.4816235	73.5914838	5016.3
10	251.3	250.2	257.3	849,845,40,107	4866.3	39.4816233	73.5914787	5016.3
11	117.1	116.1	117.1	859,17,46,46	4793.8	39.4816188	73.5914811	5016.4
12	47.0	45.0	47.0	22,796,67,36	4695.3	39.4816209	73.5914839	5016.3
13	164.2	161.2	164.2	853,992,62,42	4560.4	39.4816198	73.5914834	5016.3
14	234.2	232.2	234.2	513,257,56,36	4407.0	39.4816200	73.5914748	5016.3
15	169.2	165.2	172.2	517,453,42,56	4294.9	39.4816206	73.5914840	5016.3
16	239.2	238.2	240.2	477,243,54,50	4112.1	39.4816200	73.5914751	5016.3
17	161.2	161.2	161.2	783,993,60,32	3951.3	39.4816195	73.5914824	5016.3
18	97.1	96.1	107.1	1743,976,63,41	3910.1	39.4816175	73.5914828	5016.3
19	262.3	261.3	274.3	842,929,31,88	3862.9	39.4816217	73.5914793	5016.3
20	258.3	258.3	258.3	561,819,26,102	3858.7	39.4816224	73.5914790	5016.3
21	157.2	157.2	160.2	1069,1037,38,43	3846.7	39.4816189	73.5914823	5016.3
22	249.2	249.2	252.3	1736,1001,53,42	3786.6	39.4816223	73.5914788	5016.3
23	261.3	261.3	273.3	847,985,51,50	3767.5	39.4816218	73.5914791	5016.3
24	131.1	128.1	135.1	1025,533,42,42	3674.9	39.4816155	73.5914808	5016.3
25	146.1	138.1	151.2	543,481,28,70	3658.0	39.4816159	73.5914819	5016.3
26	135.1	133.1	145.1	901,745,34,52	3637.9	39.4816156	73.5914809	5016.3
27	47.0	38.0	47.0	879,610,82,54	3630.2	39.4816209	73.5914839	5016.3
28	253.3	252.3	254.3	740,657,47,46	3616.7	39.4816236	73.5914785	5016.3
29	149.1	136.1	149.1	752,17,57,36	3599.1	39.4816169	73.5914822	5016.3
30	176.2	174.2	178.2	403,465,58,66	3536.0	39.4816217	73.5914833	5016.3
31	229.2	229.2	229.2	0,0,41,33	3511.0	39.4816213	73.5914756	5016.4
32	43.0	38.0	47.0	1145,1017,40,50	3430.2	39.4816206	73.5914838	5016.3
33	120.1	120.1	125.1	1232,895,27,50	3415.1	39.4816189	73.5914817	5016.3
34	263.3	263.3	276.3	1045,1000,40,52	3281.7	39.4816217	73.5914796	5016.3
35	203.2	203.2	204.2	639,829,55,40	3277.2	39.4816237	73.5914794	5016.3
36	279.3	269.3	279.3	801,230,52,39	3202.2	39.4816236	73.5914776	5016.3
37	199.2	199.2	204.2	635,1041,44,34	3198.4	39.4816237	73.5914798	5016.3
38	259.3	259.3	261.3	651,635,34,44	3183.8	39.4816220	73.5914790	5016.3
39	258.3	258.3	258.3	543,789,43,40	3167.8	39.4816224	73.5914790	5016.3
40	53.1	53.1	53.1	87,993,50,30	3113.2	39.4816211	73.5914849	5016.3
41	265.3	263.3	277.3	783,893,48,44	3076.7	39.4816212	73.5914800	5016.3
42	109.1	109.1	110.1	1171,645,30,38	3065.2	39.4816182	73.5914800	5016.3
43	112.1	111.1	112.1	137,1017,50,63	2992.4	39.4816186	73.5914806	5016.3
44	48.0	48.0	51.1	875,689,38,44	2978.1	39.4816208	73.5914844	5016.3
45	230.2	230.2	231.2	332,39,149,50	2975.4	39.4816210	73.5914753	5016.3
46	255.3	255.3	257.3	281,49,66,53	2927.7	39.4816226	73.5914786	5016.3
47	260.3	248.2	264.3	626,507,41,48	2847.2	39.4816218	73.5914790	5016.3
48	261.3	260.3	264.3	615,393,36,52	2820.6	39.4816218	73.5914791	5016.3
49	44.0	44.0	44.0	345,907,44,34	2736.7	39.4816209	73.5914837	5016.3
50	107.1	99.1	107.1	1158,242,51,25	2518.6	39.4816181	73.5914800	5016.3
51	76.1	71.1	80.1	1407,435,45,34	2495.9	39.4816162	73.5914850	5016.3
52	254.3	254.3	257.3	605,793,27,80	2428.9	39.4816231	73.5914786	5016.3
53	110.1	109.1	110.1	987,999,43,30	2425.6	39.4816182	73.5914801	5016.3
54	241.2	241.2	243.2	629,245,44,28	2406.7	39.4816202	73.5914758	5016.3
55	250.2	248.2	253.3	677,741,47,22	2394.3	39.4816229	73.5914787	5016.3
56	112.1	111.1	112.1	0,777,39,61	2328.9	39.4816186	73.5914806	5016.3
57	4.0	3.0	6.0	161,70,90,41	2273.1	39.4816210	73.5914886	5016.3
58	60.1	57.1	68.1	1181,709,36,36	2268.4	39.4816217	73.5914848	5016.4
59	279.3	269.3	279.3	705,197,38,40	2254.8	39.4816236	73.5914776	5016.3
60	163.2	162.2	163.2	564,765,41,33	2252.6	39.4816198	73.5914831	5016.3
61	128.1	128.1	136.1	825,999,36,34	2252.4	39.4816164	73.5914816	5016.3
62	98.1	97.1	109.1	1691,947,38,42	2195.7	39.4816176	73.5914824	5016.4
63	46.0	40.0	47.0	899,671,34,28	2132.0	39.4816210	73.5914839	5016.3
64	180.2	180.2	180.2	1287,201,22,56	2102.2	39.4816228	73.5914838	5016.3
65	206.2	206.2	206.2	299,1061,46,19	2025.4	39.4816238	73.5914786	5016.4
66	229.2	229.2	229.2	964,588,32,27	1990.3	39.4816213	73.5914756	5016.4
67	48.0	48.0	50.1	805,754,56,41	1979.9	39.4816208	73.5914844	5016.3
68	51.1	51.1	51.1	569,823,40,42	1916.5	39.4816209	73.5914847	5016.3
69	14.0	8.0	20.0	823,663,26,44	1903.9	39.4816197	73.5914866	5016.3
70	151.2	150.2	158.2	889,953,30,42	1869.6	39.4816174	73.5914828	5016.3
71	90.1	80.1	91.1	1345,93,42,38	1850.7	39.4816168	73.5914847	5016.3
72	52.1	52.1	53.1	0,825,33,44	1841.1	39.4816212	73.5914849	5016.3
73	147.1	137.1	150.2	529,321,22,36	1830.9	39.4816162	73.5914819	5016.3
74	150.2	142.1	150.2	282,38,37,37	1809.9	39.4816171	73.5914826	5016.3
75	48.0	48.0	53.1	976,731,33,61	1765.0	39.4816208	73.5914844	5016.3
76	90.1	86.1	90.1	1665,0,42,47	1760.0	39.4816168	73.5914847	5016.3
77	244.2	242.2	244.2	515,9,32,27	1731.9	39.4816205	73.5914771	5016.3
78	50.1	49.0	51.1	696,742,31,34	1721.5	39.4816208	73.5914846	5016.3
79	246.2	242.2	246.2	885,0,24,47	1704.9	39.4816208	73.5914780	5016.3
80	79.1	78.1	90.1	1751,979,28,40	1704.0	39.4816172	73.5914859	5016.3
81	56.1	56.1	68.1	1228,817,35,36	1702.1	39.4816218	73.5914851	5016.3
82	278.3	265.3	279.3	577,61,19,46	1694.1	39.4816235	73.5914779	5016.3
83	253.3	252.3	257.3	1205,873,44,38	1692.8	39.4816236	73.5914785	5016.3
84	220.2	207.2	221.2	795,0,30,25	1692.3	39.4816226	73.5914762	5016.3
85	245.2	242.2	246.2	579,119,38,22	1688.3	39.4816206	73.5914775	5016.3
86	45.0	45.0	47.0	196,800,35,29	1675.0	39.4816210	73.5914838	5016.3
87	198.2	197.2	202.2	349,965,36,18	1641.1	39.4816236	73.5914802	5016.3
88	94.1	84.1	95.1	897,41,24,40	1639.2	39.4816171	73.5914839	5016.3
89	201.2	201.2	202.2	973,997,30,28	1627.7	39.4816236	73.5914797	5016.3
90	173.2	168.2	174.2	839,405,30,33	1607.0	39.4816212	73.5914831	5016.3
91	205.2	205.2	205.2	1889,522,31,19	1601.0	39.4816239	73.5914789	5016.4
92	257.3	250.2	257.3	361,751,40,34	1589.1	39.4816223	73.5914789	5016.2
93	119.1	119.1	119.1	1145,878,40,17	1568.9	39.4816189	73.5914816	5016.3
94	43.0	41.0	43.0	1303,1025,31,34	1544.6	39.4816206	73.5914838	5016.3
95	47.0	45.0	47.0	0,874,37,40	1530.7	39.4816209	73.5914839	5016.3
96	206.2	206.2	206.2	67,197,54,84	1506.9	39.4816238	73.5914786	5016.4
97	261.3	260.3	264.3	941,962,20,31	1498.6	39.4816218	73.5914791	5016.3
98	230.2	230.2	231.2	709,25,28,34	1491.6	39.4816210	73.5914753	5016.3
99	270.3	267.3	279.3	780,765,26,33	1490.2	39.4816222	73.5914799	5016.3
100	61.1	56.1	68.1	1730,753,37,30	1476.2	39.4816218	73.5914846	5016.4
101	124.1	124.1	129.1	1153,866,24,23	1470.5	39.4816178	73.5914814	5016.3
102	241.2	241.2	241.2	711,577,41,26	1447.5	39.4816202	73.5914758	5016.3
103	119.1	119.1	123.1	927,519,34,33	1439.9	39.4816189	73.5914816	5016.3
104	119.1	119.1	119.1	1394,941,36,18	1432.8	39.4816189	73.5914816	5016.3
105	277.3	270.3	279.3	471,381,24,60	1426.5	39.4816234	73.5914780	5016.3
106	131.1	131.1	143.1	705,973,24,40	1414.7	39.4816155	73.5914808	5016.3
107	104.1	92.1	107.1	595,137,22,36	1409.1	39.4816176	73.5914808	5016.3
108	121.1	120.1	123.1	1499,1005,20,32	1373.9	39.4816188	73.5914817	5016.3
109	167.2	162.2	173.2	815,803,28,24	1371.4	39.4816199	73.5914839	5016.3
110	255.3	255.3	255.3	30,292,27,57	1364.4	39.4816226	73.5914786	5016.3
111	222.2	217.2	222.2	559,43,32,18	1361.8	39.4816224	73.5914763	5016.4
112	113.1	113.1	113.1	1299,133,38,20	1353.2	39.4816185	73.5914809	5016.3
113	54.1	54.1	54.1	277,0,32,25	1346.3	39.4816212	73.5914851	5016.3
114	162.2	162.2	163.2	73,905,32,16	1316.1	39.4816198	73.5914829	5016.3
115	199.2	199.2	202.2	274,949,33,92	1308.8	39.4816237	73.5914798	5016.3
116	193.2	183.2	197.2	1223,470,25,37	1306.4	39.4816245	73.5914806	5016.3
117	56.1	56.1	69.1	1361,917,34,22	1301.2	39.4816218	73.5914851	5016.3
118	131.1	128.1	134.1	1193,366,16,35	1299.4	39.4816155	73.5914808	5016.3
119	219.2	213.2	220.2	417,337,26,26	1290.8	39.4816230	73.5914763	5016.3
120	164.2	164.2	170.2	1449,544,18,27	1289.7	39.4816198	73.5914834	5016.3
121	243.2	242.2	243.2	1095,3,29,30	1287.2	39.4816202	73.5914766	5016.3
122	231.2	227.2	232.2	605,189,16,28	1279.6	39.4816207	73.5914749	5016.3
123	161.2	154.2	161.2	1271,540,23,27	1265.8	39.4816195	73.5914824	5016.3
124	159.2	159.2	160.2	1089,949,34,20	1263.8	39.4816192	73.5914824	5016.3
125	64.1	59.1	69.1	1115,463,26,36	1257.5	39.4816216	73.5914847	5016.3
126	181.2	181.2	181.2	1263,494,32,33	1251.2	39.4816231	73.5914838	5016.3
127	88.1	85.1	92.1	1475,305,42,32	1248.5	39.4816168	73.5914846	5016.3
128	231.2	231.2	232.2	47,37,32,44	1243.5	39.4816207	73.5914749	5016.3
129	161.2	161.2	161.2	317,0,37,39	1242.3	39.4816195	73.5914824	5016.3
130	179.2	179.2	179.2	1537,297,33,21	1241.4	39.4816225	73.5914839	5016.3
131	109.1	109.1	110.1	1154,553,27,16	1221.6	39.4816182	73.5914800	5016.3
132	5.0	3.0	6.0	199,62,63,33	1219.9	39.4816210	73.5914886	5016.3
133	179.2	179.2	179.2	1871,150,40,29	1219.1	39.4816225	73.5914839	5016.3
134	162.2	162.2	163.2	447,423,26,50	1206.2	39.4816198	73.5914829	5016.3
135	89.1	79.1	89.1	1567,3,18,23	1192.0	39.4816168	73.5914847	5016.3
136	154.2	153.2	159.2	693,571,30,22	1186.4	39.4816180	73.5914825	5016.3
137	120.1	120.1	120.1	874,1049,31,22	1185.1	39.4816189	73.5914817	5016.3
138	115.1	115.1	117.1	1081,0,40,23	1179.5	39.4816187	73.5914812	5016.3
139	279.3	277.3	279.3	625,241,20,38	1178.9	39.4816236	73.5914776	5016.3
140	78.1	71.1	88.1	1057,1025,24,28	1162.0	39.4816170	73.5914856	5016.3
141	120.1	120.1	125.1	330,617,19,27	1161.9	39.4816189	73.5914817	5016.3
142	191.2	182.2	194.2	761,431,32,18	1156.8	39.4816250	73.5914811	5016.3
143	207.2	200.2	218.2	638,873,29,24	1146.7	39.4816236	73.5914782	5016.3
144	203.2	201.2	203.2	1377,1055,22,21	1136.7	39.4816237	73.5914794	5016.3
145	59.1	56.1	60.1	165,83,28,18	1128.5	39.4816216	73.5914851	5016.3
146	106.1	98.1	107.1	753,346,16,29	1121.3	39.4816180	73.5914803	5016.3
147	253.3	251.3	253.3	687,873,28,26	1118.7	39.4816236	73.5914785	5016.3
148	258.3	258.3	258.3	257,377,50,44	1116.3	39.4816224	73.5914790	5016.3
149	92.1	85.1	93.1	1219,46,43,27	1116.1	39.4816167	73.5914845	5016.3
150	90.1	81.1	91.1	1557,101,16,36	1109.2	39.4816168	73.5914847	5016.3
151	205.2	205.2	205.2	987,536,42,47	1101.3	39.4816239	73.5914789	5016.4
152	14.0	7.0	17.0	593,297,26,23	1099.5	39.4816197	73.5914866	5016.3
153	108.1	108.1	108.1	117,1029,19,36	1091.9	39.4816182	73.5914798	5016.3
154	182.2	182.2	192.2	1303,799,27,18	1091.2	39.4816235	73.5914838	5016.3
155	55.1	55.1	55.1	1519,968,28,27	1091.1	39.4816216	73.5914852	5016.3
156	180.2	180.2	180.2	1338,477,27,20	1087.9	39.4816228	73.5914838	5016.3
157	279.3	266.3	279.3	753,73,16,24	1083.8	39.4816236	73.5914776	5016.3
158	221.2	204.2	221.2	547,112,34,25	1079.9	39.4816226	73.5914762	5016.3
159	123.1	120.1	123.1	1417,951,26,14	1066.4	39.4816178	73.5914816	5016.3
160	194.2	194.2	202.2	457,977,26,39	1066.3	39.4816241	73.5914803	5016.3
161	223.2	223.2	223.2	941,483,34,21	1065.0	39.4816223	73.5914762	5016.4
162	206.2	206.2	206.2	53,289,38,36	1058.5	39.4816238	73.5914786	5016.4
163	121.1	120.1	123.1	429,781,24,16	1057.8	39.4816188	73.5914817	5016.3
164	111.1	111.1	111.1	33,1059,30,21	1052.0	39.4816186	73.5914804	5016.3
165	117.1	117.1	117.1	387,57,16,24	1049.3	39.4816188	73.5914811	5016.4
166	206.2	206.2	206.2	0,213,27,40	1044.4	39.4816238	73.5914786	5016.4
167	97.1	96.1	107.1	1785,891,24,22	1036.1	39.4816175	73.5914828	5016.3
168	197.2	191.2	199.2	39,431,18,66	1035.5	39.4816237	73.5914802	5016.3
169	162.2	162.2	163.2	1687,29,35,20	1020.1	39.4816198	73.5914829	5016.3
170	67.1	65.1	80.1	1737,623,25,32	1012.5	39.4816199	73.5914846	5016.3
171	178.2	174.2	178.2	992,452,22,37	1012.1	39.4816224	73.5914838	5016.3
172	221.2	213.2	225.2	510,377,21,24	1005.5	39.4816226	73.5914762	5016.3
173	113.1	113.1	116.1	1431,0,34,15	1003.2	39.4816185	73.5914809	5016.3
174	222.2	222.2	226.2	131,497,28,20	995.6	39.4816224	73.5914763	5016.4
175	89.1	84.1	89.1	493,49,44,42	982.5	39.4816168	73.5914847	5016.3
176	230.2	229.2	234.2	27,382,32,13	981.9	39.4816210	73.5914753	5016.3
177	261.3	261.3	262.3	1123,977,22,28	978.1	39.4816218	73.5914791	5016.3
178	4.0	3.0	6.0	1385,725,20,28	974.2	39.4816210	73.5914886	5016.3
179	101.1	97.1	107.1	1559,593,30,16	966.1	39.4816176	73.5914814	5016.3
180	230.2	230.2	231.2	529,246,40,31	959.9	39.4816210	73.5914753	5016.3
181	43.0	43.0	43.0	1881,1055,28,25	951.7	39.4816206	73.5914838	5016.3
182	124.1	124.1	127.1	690,714,16,27	950.7	39.4816178	73.5914814	5016.3
183	219.2	218.2	222.2	1061,17,16,40	945.5	39.4816230	73.5914763	5016.3
184	168.2	162.2	171.2	811,499,38,18	943.0	39.4816202	73.5914839	5016.3
185	163.2	162.2	163.2	1647,9,58,34	939.1	39.4816198	73.5914831	5016.3
186	257.3	257.3	257.3	1329,899,28,29	934.7	39.4816223	73.5914789	5016.2
187	205.2	205.2	207.2	903,617,50,26	933.8	39.4816239	73.5914789	5016.4
188	193.2	193.2	193.2	668,25,25,17	929.6	39.4816245	73.5914806	5016.3
189	219.2	207.2	225.2	1173,0,21,22	923.5	39.4816230	73.5914763	5016.3
190	246.2	243.2	246.2	441,43,32,24	923.5	39.4816208	73.5914780	5016.3
191	109.1	109.1	109.1	1707,981,30,15	923.2	39.4816182	73.5914800	5016.3
192	104.1	104.1	107.1	1311,195,36,20	917.0	39.4816176	73.5914808	5016.3
193	243.2	242.2	243.2	1215,0,11,41	913.0	39.4816202	73.5914766	5016.3
194	108.1	108.1	108.1	1084,852,14,27	905.1	39.4816182	73.5914798	5016.3
195	108.1	108.1	108.1	231,413,14,44	905.0	39.4816182	73.5914798	5016.3
196	58.1	56.1	66.1	1173,697,26,17	901.1	39.4816216	73.5914852	5016.3
197	119.1	119.1	119.1	1230,979,37,17	898.9	39.4816189	73.5914816	5016.3
198	95.1	94.1	107.1	1695,965,26,14	898.1	39.4816173	73.5914837	5016.3
199	54.1	54.1	54.1	319,295,30,14	896.4	39.4816212	73.5914851	5016.3
200	55.1	55.1	55.1	1245,953,42,20	891.3	39.4816216	73.5914852	5016.3
201	215.2	209.2	215.2	163,105,26,48	886.3	39.4816228	73.5914760	5016.3
202	54.1	54.1	54.1	393,69,15,21	884.9	39.4816212	73.5914851	5016.3
203	204.2	204.2	204.2	79,497,10,40	882.4	39.4816238	73.5914791	5016.3
204	128.1	128.1	135.1	972,847,21,18	881.6	39.4816164	73.5914816	5016.3
205	203.2	201.2	204.2	621,977,22,24	879.3	39.4816237	73.5914794	5016.3
206	236.2	235.2	236.2	797,0,29,23	877.9	39.4816200	73.5914749	5016.3
207	53.1	53.1	53.1	383,713,33,26	876.5	39.4816211	73.5914849	5016.3
208	225.2	225.2	228.2	1002,387,19,31	874.7	39.4816225	73.5914757	5016.3
209	279.3	278.3	279.3	49,925,18,22	871.8	39.4816236	73.5914776	5016.3
210	131.1	129.1	135.1	823,531,28,16	869.4	39.4816155	73.5914808	5016.3
211	110.1	109.1	110.1	1659,975,30,16	868.3	39.4816182	73.5914801	5016.3
212	222.2	219.2	222.2	343,567,18,24	866.9	39.4816224	73.5914763	5016.4
213	153.2	152.2	160.2	895,845,20,18	864.6	39.4816175	73.5914824	5016.3
214	195.2	192.2	195.2	775,27,38,56	861.8	39.4816241	73.5914802	5016.3
215	0.0	0.0	0.0	963,857,18,22	861.6	39.4816201	73.5914879	5016.3
216	184.2	182.2	191.2	1541,261,44,18	858.2	39.4816243	73.5914831	5016.3
217	279.3	277.3	279.3	785,897,12,48	856.3	39.4816236	73.5914776	5016.3
218	230.2	230.2	231.2	780,35,14,26	855.4	39.4816210	73.5914753	5016.3
219	54.1	54.1	54.1	1055,813,22,16	854.6	39.4816212	73.5914851	5016.3
220	114.1	113.1	114.1	1177,131,28,24	852.3	39.4816186	73.5914812	5016.3
221	204.2	204.2	204.2	1041,539,27,18	847.8	39.4816238	73.5914791	5016.3
222	22.0	20.0	38.0	1123,801,22,19	846.5	39.4816188	73.5914855	5016.3
223	47.0	46.0	47.0	89,685,16,48	840.8	39.4816209	73.5914839	5016.3
224	69.1	61.1	71.1	1163,397,14,39	838.2	39.4816185	73.5914848	5016.3
225	240.2	239.2	240.2	189,145,36,38	835.4	39.4816201	73.5914754	5016.3
226	222.2	222.2	222.2	53,441,28,18	834.5	39.4816224	73.5914763	5016.4
227	50.1	49.0	52.1	865,873,40,16	833.4	39.4816208	73.5914846	5016.3
228	249.2	249.2	253.3	979,1067,18,13	831.5	39.4816223	73.5914788	5016.3
229	53.1	53.1	53.1	191,855,26,18	831.1	39.4816211	73.5914849	5016.3
230	268.3	266.3	268.3	77,279,24,28	830.7	39.4816210	73.5914802	5016.3
231	184.2	183.2	193.2	1855,857,34,24	827.2	39.4816243	73.5914831	5016.3
232	88.1	78.1	88.1	1666,0,18,17	822.8	39.4816168	73.5914846	5016.3
233	230.2	230.2	234.2	645,0,10,41	814.1	39.4816210	73.5914753	5016.3
234	258.3	258.3	258.3	476,775,22,22	811.5	39.4816224	73.5914790	5016.3
235	204.2	204.2	204.2	1157,629,20,16	807.5	39.4816238	73.5914791	5016.3
236	255.3	255.3	257.3	588,127,19,22	805.2	39.4816226	73.5914786	5016.3
237	89.1	79.1	92.1	1461,165,34,32	800.7	39.4816168	73.5914847	5016.3
238	91.1	86.1	93.1	1341,89,22,21	799.1	39.4816167	73.5914848	5016.3
239	43.0	43.0	43.0	49,49,16,20	798.7	39.4816206	73.5914838	5016.3
240	237.2	237.2	237.2	131,665,22,32	796.0	39.4816200	73.5914749	5016.3
241	0.0	0.0	0.0	1041,1033,28,24	794.9	39.4816201	73.5914879	5016.3
242	257.3	257.3	258.3	257,347,26,16	792.7	39.4816223	73.5914789	5016.2
243	128.1	128.1	133.1	1257,633,22,13	791.4	39.4816164	73.5914816	5016.3
244	237.2	237.2	238.2	197,841,24,30	789.4	39.4816200	73.5914749	5016.3
245	221.2	220.2	221.2	726,333,19,20	784.2	39.4816226	73.5914762	5016.3
246	76.1	76.1	79.1	1863,895,14,18	781.5	39.4816162	73.5914850	5016.3
247	16.0	8.0	22.0	1725,691,18,20	780.1	39.4816192	73.5914860	5016.3
248	103.1	97.1	103.1	545,11,40,26	777.5	39.4816176	73.5914811	5016.3
249	104.1	99.1	107.1	985,205,16,28	773.7	39.4816176	73.5914808	5016.3
250	232.2	230.2	234.2	1048,429,13,30	773.4	39.4816206	73.5914750	5016.3
251	5.0	4.0	6.0	859,1059,14,21	773.0	39.4816210	73.5914886	5016.3
252	218.2	210.2	218.2	375,27,37,30	773.0	39.4816230	73.5914763	5016.4
253	53.1	52.1	53.1	55,602,10,39	772.4	39.4816211	73.5914849	5016.3
254	44.0	44.0	45.0	41,849,26,42	767.7	39.4816209	73.5914837	5016.3
255	39.0	22.0	41.0	881,208,16,33	765.9	39.4816204	73.5914834	5016.3
256	43.0	41.0	43.0	1201,1015,24,16	765.3	39.4816206	73.5914838	5016.3
257	128.1	128.1	135.1	1397,857,24,16	764.6	39.4816164	73.5914816	5016.3
258	112.1	112.1	112.1	0,659,19,46	763.3	39.4816186	73.5914806	5016.3
259	237.2	237.2	237.2	61,465,27,28	761.6	39.4816200	73.5914749	5016.3
260	19.0	19.0	20.0	1185,959,23,20	757.9	39.4816190	73.5914855	5016.3
261	246.2	242.2	246.2	664,0,23,19	756.3	39.4816208	73.5914780	5016.3
262	59.1	56.1	59.1	1153,943,16,26	750.9	39.4816216	73.5914851	5016.3
263	267.3	264.3	277.3	829,751,21,17	750.8	39.4816208	73.5914802	5016.3
264	246.2	245.2	246.2	803,59,34,13	750.3	39.4816208	73.5914780	5016.3
265	172.2	168.2	174.2	807,563,14,30	749.5	39.4816211	73.5914835	5016.3
266	263.3	263.3	273.3	807,741,12,30	749.5	39.4816217	73.5914796	5016.3
267	162.2	162.2	162.2	1009,469,28,12	748.4	39.4816198	73.5914829	5016.3
268	262.3	262.3	264.3	916,1053,33,18	748.4	39.4816217	73.5914793	5016.3
269	96.1	90.1	98.1	693,155,20,24	747.3	39.4816175	73.5914833	5016.3
270	204.2	204.2	204.2	1899,759,21,22	746.1	39.4816238	73.5914791	5016.3
271	246.2	246.2	246.2	961,0,26,21	746.1	39.4816208	73.5914780	5016.3
272	121.1	121.1	123.1	923,971,36,32	745.3	39.4816188	73.5914817	5016.3
273	158.2	153.2	160.2	489,269,18,20	741.8	39.4816189	73.5914824	5016.3
274	219.2	217.2	221.2	477,588,26,13	739.8	39.4816230	73.5914763	5016.3
275	247.2	247.2	247.2	49,16,19,21	738.6	39.4816214	73.5914785	5016.3
276	93.1	81.1	94.1	1139,39,20,27	733.8	39.4816168	73.5914842	5016.3
277	54.1	54.1	54.1	708,432,32,17	731.6	39.4816212	73.5914851	5016.3
278	236.2	235.2	240.2	27,89,24,42	731.2	39.4816200	73.5914749	5016.3
279	118.1	118.1	118.1	1542,101,21,14	730.3	39.4816189	73.5914812	5016.3
280	70.1	67.1	79.1	1673,769,16,18	729.8	39.4816176	73.5914851	5016.3
281	209.2	204.2	218.2	1217,873,20,18	728.7	39.4816232	73.5914777	5016.3
282	18.0	15.0	20.0	1023,597,28,14	726.7	39.4816189	73.5914858	5016.3
283	58.1	56.1	59.1	320,27,32,22	726.3	39.4816216	73.5914852	5016.3
284	176.2	171.2	178.2	806,10,15,15	719.8	39.4816217	73.5914833	5016.3
285	128.1	128.1	133.1	286,564,13,28	717.8	39.4816164	73.5914816	5016.3
286	43.0	42.0	43.0	1048,825,20,18	712.9	39.4816206	73.5914838	5016.3
287	102.1	99.1	103.1	728,64,17,37	711.0	39.4816176	73.5914813	5016.3
288	161.2	154.2	161.2	1369,549,20,14	706.9	39.4816195	73.5914824	5016.3
289	110.1	110.1	110.1	1009,893,14,26	706.7	39.4816182	73.5914801	5016.3
290	33.0	27.0	37.0	1560,1037,13,43	706.3	39.4816199	73.5914849	5016.3
291	227.2	224.2	228.2	1296,871,24,26	701.9	39.4816221	73.5914758	5016.3
292	38.0	21.0	39.0	841,91,18,14	698.4	39.4816201	73.5914834	5016.3
293	206.2	206.2	206.2	137,357,28,26	698.4	39.4816238	73.5914786	5016.4
294	44.0	44.0	45.0	99,588,16,18	698.0	39.4816209	73.5914837	5016.3
295	167.2	165.2	169.2	713,269,36,20	697.6	39.4816199	73.5914839	5016.3
296	164.2	164.2	164.2	357,0,22,29	696.0	39.4816198	73.5914834	5016.3
297	230.2	229.2	231.2	140,451,13,36	691.1	39.4816210	73.5914753	5016.3
298	102.1	93.1	106.1	981,265,23,16	690.2	39.4816176	73.5914813	5016.3
299	277.3	277.3	279.3	639,1009,30,18	689.7	39.4816234	73.5914780	5016.3
300	277.3	275.3	279.3	699,585,22,28	688.4	39.4816234	73.5914780	5016.3
301	56.1	56.1	60.1	1325,998,18,23	688.0	39.4816218	73.5914851	5016.3
302	49.0	49.0	49.0	60,488,29,14	686.2	39.4816208	73.5914846	5016.3
303	0.0	0.0	1.0	833,403,18,14	685.5	39.4816201	73.5914879	5016.3
304	111.1	111.1	111.1	283,797,10,27	684.7	39.4816186	73.5914804	5016.3
305	113.1	113.1	114.1	1561,79,22,14	684.6	39.4816185	73.5914809	5016.3
306	129.1	128.1	132.1	280,369,23,14	683.1	39.4816159	73.5914814	5016.3
307	198.2	198.2	202.2	277,1025,22,52	682.1	39.4816236	73.5914802	5016.3
308	24.0	18.0	36.0	1019,407,16,26	681.4	39.4816189	73.5914855	5016.3
309	40.0	31.0	41.0	1013,250,26,15	680.1	39.4816204	73.5914835	5016.3
310	55.1	55.1	55.1	1393,969,16,16	680.0	39.4816216	73.5914852	5016.3
311	116.1	115.1	116.1	798,191,13,19	677.9	39.4816187	73.5914812	5016.3
312	240.2	237.2	240.2	755,609,18,14	672.9	39.4816201	73.5914754	5016.3
313	222.2	221.2	222.2	162,629,21,32	672.4	39.4816224	73.5914763	5016.4
314	197.2	196.2	199.2	161,639,24,44	666.4	39.4816237	73.5914802	5016.3
315	212.2	204.2	217.2	651,649,20,20	666.1	39.4816231	73.5914768	5016.4
316	260.3	260.3	267.3	1103,735,34,24	664.5	39.4816218	73.5914790	5016.3
317	260.3	259.3	261.3	584,733,17,22	664.4	39.4816218	73.5914790	5016.3
318	233.2	232.2	234.2	689,697,16,14	661.9	39.4816202	73.5914751	5016.3
319	247.2	245.2	253.3	1213,814,28,13	660.0	39.4816214	73.5914785	5016.3
320	132.1	132.1	145.1	1583,1025,20,16	659.9	39.4816156	73.5914804	5016.3
321	124.1	124.1	127.1	973,937,16,18	659.8	39.4816178	73.5914814	5016.3
322	259.3	259.3	267.3	1089,1009,16,32	657.6	39.4816220	73.5914790	5016.3
323	67.1	67.1	77.1	1907,561,13,28	655.8	39.4816199	73.5914846	5016.3
324	203.2	203.2	207.2	1511,948,16,17	655.1	39.4816237	73.5914794	5016.3
325	45.0	45.0	45.0	0,1071,25,9	654.6	39.4816210	73.5914838	5016.3
326	105.1	105.1	107.1	1789,89,15,24	654.1	39.4816179	73.5914806	5016.3
327	141.1	135.1	147.1	496,743,31,12	653.9	39.4816151	73.5914814	5016.3
328	238.2	235.2	243.2	1359,465,14,27	653.5	39.4816200	73.5914749	5016.3
329	108.1	108.1	108.1	1149,885,12,20	652.0	39.4816182	73.5914798	5016.3
330	132.1	128.1	132.1	971,79,18,18	651.0	39.4816156	73.5914804	5016.3
331	153.2	153.2	153.2	833,777,16,26	640.7	39.4816175	73.5914824	5016.3
332	115.1	115.1	117.1	869,207,28,13	640.3	39.4816187	73.5914812	5016.3
333	90.1	83.1	90.1	1437,9,12,32	636.4	39.4816168	73.5914847	5016.3
334	196.2	194.2	198.2	91,501,8,48	636.3	39.4816240	73.5914803	5016.3
335	114.1	113.1	117.1	1033,33,34,12	636.0	39.4816186	73.5914812	5016.3
336	191.2	183.2	198.2	1061,807,12,26	635.0	39.4816250	73.5914811	5016.3
337	118.1	118.1	118.1	1437,47,14,18	633.1	39.4816189	73.5914812	5016.3
338	177.2	177.2	178.2	863,420,18,13	630.9	39.4816220	73.5914836	5016.3
339	181.2	181.2	181.2	1283,715,16,16	630.7	39.4816231	73.5914838	5016.3
340	164.2	160.2	171.2	1415,713,10,32	630.6	39.4816198	73.5914834	5016.3
341	75.1	75.1	75.1	712,61,35,14	628.9	39.4816157	73.5914849	5016.3
342	160.2	155.2	160.2	1233,581,10,38	627.4	39.4816193	73.5914824	5016.3
343	17.0	17.0	34.0	1130,1060,23,20	626.4	39.4816189	73.5914860	5016.3
344	74.1	71.1	79.1	1537,313,14,22	625.9	39.4816157	73.5914850	5016.3
345	182.2	182.2	185.2	1589,825,30,19	625.1	39.4816235	73.5914838	5016.3
346	232.2	232.2	232.2	335,401,30,36	624.2	39.4816206	73.5914750	5016.3
347	255.3	255.3	257.3	121,369,29,27	623.2	39.4816226	73.5914786	5016.3
348	119.1	119.1	120.1	1270,1032,35,11	623.0	39.4816189	73.5914816	5016.3
349	117.1	116.1	117.1	275,56,30,19	622.8	39.4816188	73.5914811	5016.4
350	247.2	245.2	252.3	1340,705,17,27	620.0	39.4816214	73.5914785	5016.3
351	220.2	219.2	220.2	343,121,18,16	619.0	39.4816226	73.5914762	5016.3
352	254.3	254.3	254.3	291,316,26,25	615.9	39.4816231	73.5914786	5016.3
353	186.2	185.2	198.2	1795,1029,23,14	613.6	39.4816252	73.5914820	5016.4
354	235.2	235.2	241.2	105,241,16,16	613.1	39.4816200	73.5914748	5016.3
355	257.3	254.3	258.3	57,845,13,18	611.1	39.4816223	73.5914789	5016.2
356	18.0	14.0	20.0	639,445,26,16	609.1	39.4816189	73.5914858	5016.3
357	209.2	203.2	215.2	1383,297,22,24	607.4	39.4816232	73.5914777	5016.3
358	128.1	128.1	128.1	809,0,37,21	605.8	39.4816164	73.5914816	5016.3
359	237.2	235.2	238.2	935,253,14,20	601.5	39.4816200	73.5914749	5016.3
360	180.2	180.2	180.2	1625,1073,38,7	594.9	39.4816228	73.5914838	5016.3
361	81.1	79.1	91.1	1843,871,18,17	594.5	39.4816170	73.5914862	5016.3
362	80.1	61.1	80.1	1037,0,30,11	592.5	39.4816173	73.5914862	5016.3
363	203.2	203.2	203.2	1745,183,38,32	592.2	39.4816237	73.5914794	5016.3
364	248.2	247.2	248.2	415,530,25,23	591.8	39.4816219	73.5914787	5016.3
365	27.0	20.0	36.0	1049,272,24,11	590.5	39.4816193	73.5914850	5016.3
366	69.1	63.1	73.1	1237,397,12,20	588.0	39.4816185	73.5914848	5016.3
367	72.1	71.1	75.1	721,153,30,28	587.8	39.4816162	73.5914851	5016.3
368	222.2	218.2	222.2	247,147,15,30	585.6	39.4816224	73.5914763	5016.4
369	53.1	48.0	53.1	243,575,30,28	584.7	39.4816211	73.5914849	5016.3
370	43.0	43.0	43.0	1897,843,23,18	583.8	39.4816206	73.5914838	5016.3
371	53.1	53.1	53.1	47,766,12,35	583.1	39.4816211	73.5914849	5016.3
372	215.2	213.2	216.2	545,225,36,30	582.6	39.4816228	73.5914760	5016.3
373	192.2	189.2	192.2	625,201,34,28	581.5	39.4816248	73.5914809	5016.3
374	15.0	13.0	18.0	1687,694,16,27	581.2	39.4816194	73.5914863	5016.3
375	91.1	86.1	92.1	1447,59,16,22	581.0	39.4816167	73.5914848	5016.3
376	219.2	216.2	220.2	400,5,19,14	580.2	39.4816230	73.5914763	5016.3
377	108.1	108.1	108.1	267,681,16,16	579.7	39.4816182	73.5914798	5016.3
378	150.2	150.2	154.2	1060,571,23,18	578.6	39.4816171	73.5914826	5016.3
379	222.2	222.2	222.2	455,107,20,20	578.4	39.4816224	73.5914763	5016.4
380	13.0	8.0	16.0	567,327,24,16	577.9	39.4816199	73.5914870	5016.3
381	37.0	35.0	43.0	1505,943,21,20	577.0	39.4816200	73.5914838	5016.3
382	95.1	95.1	106.1	1886,901,13,14	574.2	39.4816173	73.5914837	5016.3
383	230.2	222.2	231.2	348,185,17,16	572.1	39.4816210	73.5914753	5016.3
384	238.2	238.2	242.2	205,897,14,48	572.1	39.4816200	73.5914749	5016.3
385	162.2	162.2	164.2	775,329,16,24	570.9	39.4816198	73.5914829	5016.3
386	206.2	206.2	206.2	29,57,18,40	568.4	39.4816238	73.5914786	5016.4
387	200.2	200.2	205.2	1101,1027,14,18	567.1	39.4816236	73.5914797	5016.3
388	32.0	23.0	42.0	1101,679,14,17	566.8	39.4816198	73.5914849	5016.3
389	239.2	238.2	239.2	1873,65,24,24	565.9	39.4816200	73.5914751	5016.3
390	114.1	114.1	114.1	33,997,16,27	564.6	39.4816186	73.5914812	5016.3
391	180.2	180.2	180.2	1366,62,9,24	563.6	39.4816228	73.5914838	5016.3
392	27.0	24.0	32.0	1009,401,16,16	563.3	39.4816193	73.5914850	5016.3
393	120.1	120.1	123.1	862,53,27,14	561.5	39.4816189	73.5914817	5016.3
394	119.1	119.1	119.1	903,1072,19,8	560.4	39.4816189	73.5914816	5016.3
395	132.1	131.1	143.1	893,845,10,20	560.2	39.4816156	73.5914804	5016.3
396	247.2	242.2	248.2	768,360,13,19	559.8	39.4816214	73.5914785	5016.3
397	248.2	248.2	249.2	1741,1047,22,19	559.3	39.4816219	73.5914787	5016.3
398	177.2	173.2	178.2	251,85,18,22	559.2	39.4816220	73.5914836	5016.3
399	251.3	251.3	252.3	782,953,28,10	558.1	39.4816233	73.5914787	5016.3
400	162.2	162.2	171.2	1275,520,22,11	556.4	39.4816198	73.5914829	5016.3
401	19.0	19.0	23.0	1021,996,14,14	554.6	39.4816190	73.5914855	5016.3
402	222.2	218.2	222.2	121,753,16,17	554.2	39.4816224	73.5914763	5016.4
403	55.1	55.1	55.1	353,191,15,20	552.9	39.4816216	73.5914852	5016.3
404	95.1	93.1	95.1	811,207,24,21	550.5	39.4816173	73.5914837	5016.3
405	197.2	195.2	202.2	231,829,8,46	550.4	39.4816237	73.5914802	5016.3
406	44.0	44.0	44.0	297,1065,20,15	547.4	39.4816209	73.5914837	5016.3
407	65.1	63.1	66.1	13,841,12,24	546.3	39.4816210	73.5914847	5016.3
408	164.2	164.2	164.2	817,881,24,15	545.9	39.4816198	73.5914834	5016.3
409	239.2	236.2	239.2	1844,29,19,36	543.3	39.4816200	73.5914751	5016.3
410	56.1	55.1	60.1	1159,791,18,14	536.9	39.4816218	73.5914851	5016.3
411	89.1	89.1	92.1	841,251,32,20	535.6	39.4816168	73.5914847	5016.3
412	63.1	63.1	74.1	1825,1031,16,18	534.7	39.4816219	73.5914846	5016.3
413	61.1	61.1	80.1	1649,1055,30,10	533.3	39.4816218	73.5914846	5016.4
414	161.2	158.2	164.2	1437,741,16,24	533.3	39.4816195	73.5914824	5016.3
415	257.3	257.3	257.3	504,241,14,21	532.9	39.4816223	73.5914789	5016.2
416	220.2	219.2	221.2	921,177,18,12	530.7	39.4816226	73.5914762	5016.3
417	119.1	119.1	119.1	662,983,19,22	529.0	39.4816189	73.5914816	5016.3
418	259.3	259.3	261.3	1176,920,14,25	527.4	39.4816220	73.5914790	5016.3
419	250.2	249.2	251.3	730,857,13,19	526.3	39.4816229	73.5914787	5016.3
420	198.2	196.2	206.2	209,809,14,46	525.8	39.4816236	73.5914802	5016.3
421	222.2	222.2	222.2	33,0,16,16	524.9	39.4816224	73.5914763	5016.4
422	184.2	183.2	188.2	1591,931,25,14	524.3	39.4816243	73.5914831	5016.3
423	202.2	200.2	202.2	695,932,26,11	520.7	39.4816236	73.5914795	5016.3
424	162.2	162.2	163.2	433,585,16,20	520.5	39.4816198	73.5914829	5016.3
425	206.2	206.2	206.2	0,149,16,22	515.3	39.4816238	73.5914786	5016.4
426	149.1	144.1	149.1	216,0,27,35	513.2	39.4816169	73.5914822	5016.3
427	112.1	112.1	112.1	61,411,10,34	512.1	39.4816186	73.5914806	5016.3
428	191.2	190.2	191.2	865,97,22,26	509.5	39.4816250	73.5914811	5016.3
429	53.1	53.1	53.1	247,745,10,20	509.3	39.4816211	73.5914849	5016.3
430	114.1	114.1	114.1	6,897,13,24	509.1	39.4816186	73.5914812	5016.3
431	55.1	55.1	55.1	1849,981,32,28	507.8	39.4816216	73.5914852	5016.3
432	198.2	197.2	201.2	745,959,28,16	503.7	39.4816236	73.5914802	5016.3
433	258.3	258.3	258.3	1029,929,16,16	503.4	39.4816224	73.5914790	5016.3
434	144.1	142.1	145.1	39,813,18,30	502.3	39.4816155	73.5914819	5016.3
435	123.1	120.1	123.1	1115,433,16,18	502.0	39.4816178	73.5914816	5016.3
436	163.2	162.2	163.2	1797,73,24,8	497.4	39.4816198	73.5914831	5016.3
437	202.2	201.2	202.2	799,849,25,8	497.4	39.4816236	73.5914795	5016.3
438	277.3	276.3	279.3	523,279,22,16	497.4	39.4816234	73.5914780	5016.3
439	132.1	131.1	137.1	1047,897,18,16	495.0	39.4816156	73.5914804	5016.3
440	246.2	245.2	246.2	384,97,13,33	494.6	39.4816208	73.5914780	5016.3
441	258.3	258.3	258.3	281,572,18,21	494.1	39.4816224	73.5914790	5016.3
442	54.1	54.1	54.1	396,213,17,18	494.0	39.4816212	73.5914851	5016.3
443	197.2	196.2	202.2	289,865,18,12	493.7	39.4816237	73.5914802	5016.3
444	160.2	158.2	160.2	1121,749,16,14	491.3	39.4816193	73.5914824	5016.3
445	162.2	162.2	162.2	249,269,12,24	490.9	39.4816198	73.5914829	5016.3
446	204.2	204.2	204.2	80,991,17,34	489.0	39.4816238	73.5914791	5016.3
447	173.2	173.2	178.2	869,1029,12,20	486.4	39.4816212	73.5914831	5016.3
448	129.1	129.1	129.1	1833,1009,18,10	485.8	39.4816159	73.5914814	5016.3
449	111.1	111.1	111.1	0,253,19,10	485.7	39.4816186	73.5914804	5016.3
450	42.0	42.0	42.0	1636,669,15,18	482.0	39.4816205	73.5914838	5016.3
451	255.3	255.3	257.3	781,359,20,22	481.6	39.4816226	73.5914786	5016.3
452	152.2	151.2	153.2	649,133,12,18	478.5	39.4816172	73.5914827	5016.3
453	195.2	182.2	195.2	589,0,20,9	478.5	39.4816241	73.5914802	5016.3
454	103.1	99.1	103.1	1377,265,24,14	477.6	39.4816176	73.5914811	5016.3
455	254.3	254.3	254.3	1638,779,27,13	477.1	39.4816231	73.5914786	5016.3
456	124.1	124.1	126.1	1311,111,18,15	476.6	39.4816178	73.5914814	5016.3
457	247.2	245.2	247.2	529,193,19,16	476.6	39.4816214	73.5914785	5016.3
458	212.2	212.2	221.2	1078,1011,17,22	476.4	39.4816231	73.5914768	5016.4
459	259.3	259.3	262.3	1497,513,19,16	476.3	39.4816220	73.5914790	5016.3
460	93.1	92.1	94.1	877,65,17,24	474.8	39.4816168	73.5914842	5016.3
461	113.1	113.1	113.1	88,877,18,12	474.7	39.4816185	73.5914809	5016.3
462	205.2	198.2	212.2	331,637,10,28	474.3	39.4816239	73.5914789	5016.4
463	206.2	206.2	206.2	121,583,16,14	472.1	39.4816238	73.5914786	5016.4
464	125.1	124.1	127.1	1175,705,18,16	471.6	39.4816173	73.5914813	5016.3
465	95.1	95.1	95.1	737,49,16,16	471.5	39.4816173	73.5914837	5016.3
466	87.1	85.1	88.1	737,93,21,16	469.1	39.4816169	73.5914844	5016.3
467	243.2	238.2	244.2	1101,433,12,20	469.1	39.4816202	73.5914766	5016.3
468	54.1	54.1	54.1	1153,881,22,16	467.6	39.4816212	73.5914851	5016.3
469	60.1	56.1	68.1	1267,711,20,11	466.5	39.4816217	73.5914848	5016.4
470	30.0	18.0	36.0	881,241,16,26	466.1	39.4816196	73.5914849	5016.3
471	206.2	206.2	206.2	1716,310,11,24	465.7	39.4816238	73.5914786	5016.4
472	10.0	8.0	13.0	625,609,16,8	465.2	39.4816200	73.5914877	5016.3
473	44.0	44.0	44.0	601,609,16,12	462.9	39.4816209	73.5914837	5016.3
474	89.1	89.1	89.1	1889,4,11,20	462.1	39.4816168	73.5914847	5016.3
475	157.2	154.2	159.2	648,650,15,23	461.0	39.4816189	73.5914823	5016.3
476	108.1	108.1	108.1	717,38,11,17	460.4	39.4816182	73.5914798	5016.3
477	115.1	115.1	117.1	681,49,10,18	459.6	39.4816187	73.5914812	5016.3
478	36.0	27.0	37.0	1081,107,23,10	457.4	39.4816201	73.5914842	5016.3
479	205.2	205.2	205.2	1794,637,15,17	457.3	39.4816239	73.5914789	5016.4
480	186.2	184.2	198.2	1281,975,12,14	456.1	39.4816252	73.5914820	5016.4
481	199.2	193.2	201.2	912,451,17,16	455.8	39.4816237	73.5914798	5016.3
482	67.1	65.1	69.1	20,849,27,14	454.7	39.4816199	73.5914846	5016.3
483	48.0	48.0	49.0	133,603,20,17	452.6	39.4816208	73.5914844	5016.3
484	96.1	96.1	107.1	1246,981,15,12	452.6	39.4816175	73.5914833	5016.3
485	206.2	206.2	206.2	0,311,9,24	452.6	39.4816238	73.5914786	5016.4
486	112.1	112.1	112.1	89,313,22,10	450.2	39.4816186	73.5914806	5016.3
487	233.2	230.2	234.2	1825,55,19,26	449.9	39.4816202	73.5914751	5016.3
488	272.3	271.3	276.3	765,335,10,17	449.5	39.4816228	73.5914791	5016.3
489	110.1	110.1	110.1	1379,873,26,15	448.2	39.4816182	73.5914801	5016.3
490	162.2	162.2	163.2	181,777,20,10	447.2	39.4816198	73.5914829	5016.3
491	126.1	124.1	130.1	1221,702,14,19	447.0	39.4816169	73.5914814	5016.3
492	162.2	162.2	163.2	309,783,18,10	447.0	39.4816198	73.5914829	5016.3
493	119.1	119.1	119.1	1041,831,24,10	446.8	39.4816189	73.5914816	5016.3
494	44.0	44.0	46.0	181,974,32,13	446.4	39.4816209	73.5914837	5016.3
495	19.0	16.0	22.0	1849,269,16,32	445.4	39.4816190	73.5914855	5016.3
496	222.2	222.2	222.2	9,387,15,32	443.6	39.4816224	73.5914763	5016.4
497	175.2	170.2	175.2	761,73,13,16	443.5	39.4816216	73.5914831	5016.3
498	268.3	265.3	268.3	806,497,11,16	443.4	39.4816210	73.5914802	5016.3
499	55.1	55.1	57.1	488,167,13,14	443.1	39.4816216	73.5914852	5016.3
500	161.2	157.2	172.2	1155,359,22,14	442.2	39.4816195	73.5914824	5016.3
501	178.2	175.2	178.2	453,477,24,20	440.9	39.4816224	73.5914838	5016.3
502	230.2	230.2	230.2	117,561,8,24	440.5	39.4816210	73.5914753	5016.3
503	151.2	151.2	151.2	9,754,9,19	440.3	39.4816174	73.5914828	5016.3
504	237.2	237.2	237.2	97,9,20,21	438.9	39.4816200	73.5914749	5016.3
505	275.3	275.3	275.3	561,127,16,18	438.1	39.4816233	73.5914784	5016.3
506	243.2	243.2	244.2	495,337,10,32	436.9	39.4816202	73.5914766	5016.3
507	21.0	20.0	38.0	1280,905,14,21	435.6	39.4816189	73.5914856	5016.3
508	236.2	235.2	241.2	661,574,18,19	435.1	39.4816200	73.5914749	5016.3
509	221.2	221.2	221.2	781,154,26,19	434.9	39.4816226	73.5914762	5016.3
510	36.0	36.0	37.0	1543,1064,18,16	433.5	39.4816201	73.5914842	5016.3
511	95.1	92.1	96.1	863,29,8,22	433.1	39.4816173	73.5914837	5016.3
512	109.1	109.1	109.1	1441,1055,19,8	433.1	39.4816182	73.5914800	5016.3
513	98.1	98.1	109.1	1740,1031,15,14	431.0	39.4816176	73.5914824	5016.4
514	181.2	181.2	181.2	549,951,12,22	430.6	39.4816231	73.5914838	5016.3
515	3.0	3.0	3.0	839,1061,10,16	430.2	39.4816208	73.5914885	5016.2
516	59.1	57.1	59.1	57,17,16,24	428.8	39.4816216	73.5914851	5016.3
517	18.0	8.0	21.0	882,409,9,26	428.3	39.4816189	73.5914858	5016.3
518	250.2	250.2	250.2	1617,920,13,13	428.2	39.4816229	73.5914787	5016.3
519	48.0	48.0	48.0	1281,25,18,14	427.6	39.4816208	73.5914844	5016.3
520	166.2	165.2	166.2	151,49,12,13	427.3	39.4816198	73.5914838	5016.3
521	4.0	2.0	5.0	123,110,33,15	426.0	39.4816210	73.5914886	5016.3
522	177.2	177.2	178.2	1525,1065,26,15	425.8	39.4816220	73.5914836	5016.3
523	137.1	133.1	141.1	945,113,26,9	425.4	39.4816153	73.5914814	5016.3
524	208.2	207.2	217.2	692,745,21,12	425.4	39.4816232	73.5914778	5016.3
525	259.3	255.3	262.3	621,1061,12,19	425.1	39.4816220	73.5914790	5016.3
526	84.1	82.1	84.1	1342,144,19,15	424.8	39.4816171	73.5914852	5016.3
527	129.1	125.1	132.1	627,413,14,15	424.6	39.4816159	73.5914814	5016.3
528	108.1	108.1	110.1	1383,763,8,22	422.9	39.4816182	73.5914798	5016.3
529	199.2	198.2	201.2	533,841,20,34	422.6	39.4816237	73.5914798	5016.3
530	258.3	258.3	258.3	641,693,10,14	422.3	39.4816224	73.5914790	5016.3
531	127.1	127.1	127.1	1416,1049,14,17	422.2	39.4816167	73.5914814	5016.3
532	233.2	231.2	233.2	1013,546,23,15	421.3	39.4816202	73.5914751	5016.3
533	170.2	169.2	170.2	1009,9,36,8	419.9	39.4816211	73.5914840	5016.3
534	176.2	171.2	178.2	308,89,13,26	418.6	39.4816217	73.5914833	5016.3
535	55.1	55.1	55.1	1727,637,16,16	417.4	39.4816216	73.5914852	5016.3
536	150.2	150.2	157.2	1233,857,14,16	417.1	39.4816171	73.5914826	5016.3
537	239.2	238.2	239.2	521,573,8,24	416.1	39.4816200	73.5914751	5016.3
538	41.0	41.0	41.0	537,0,16,9	415.2	39.4816204	73.5914837	5016.3
539	193.2	182.2	193.2	1192,329,17,12	415.1	39.4816245	73.5914806	5016.3
540	53.1	53.1	53.1	177,677,10,20	412.8	39.4816211	73.5914849	5016.3
541	194.2	189.2	197.2	790,348,19,23	412.4	39.4816241	73.5914803	5016.3
542	109.1	109.1	110.1	1503,593,12,12	411.6	39.4816182	73.5914800	5016.3
543	237.2	235.2	243.2	670,418,25,11	411.5	39.4816200	73.5914749	5016.3
544	202.2	196.2	202.2	505,467,28,20	410.7	39.4816236	73.5914795	5016.3
545	137.1	136.1	137.1	488,838,13,19	410.4	39.4816153	73.5914814	5016.3
546	28.0	27.0	40.0	1119,875,32,20	407.9	39.4816196	73.5914849	5016.3
547	27.0	26.0	40.0	1825,1065,16,15	406.7	39.4816193	73.5914850	5016.3
548	0.0	0.0	2.0	1881,357,18,14	405.6	39.4816201	73.5914879	5016.3
549	164.2	164.2	164.2	59,849,10,28	404.7	39.4816198	73.5914834	5016.3
550	31.0	17.0	34.0	1083,166,14,19	404.6	39.4816196	73.5914847	5016.3
551	120.1	120.1	120.1	955,475,10,16	404.3	39.4816189	73.5914817	5016.3
552	136.1	136.1	148.1	539,1013,10,14	403.7	39.4816153	73.5914811	5016.3
553	56.1	56.1	69.1	1709,903,12,12	403.2	39.4816218	73.5914851	5016.3
554	205.2	205.2	205.2	1543,999,19,24	402.6	39.4816239	73.5914789	5016.4
555	149.1	146.1	150.2	97,657,8,28	401.3	39.4816169	73.5914822	5016.3
556	221.2	220.2	221.2	557,543,16,18	400.3	39.4816226	73.5914762	5016.3
557	180.2	180.2	180.2	1543,959,12,10	399.9	39.4816228	73.5914838	5016.3
558	214.2	207.2	215.2	111,101,26,11	398.5	39.4816228	73.5914762	5016.3
559	241.2	241.2	241.2	809,563,14,10	397.8	39.4816202	73.5914758	5016.3
560	258.3	254.3	258.3	637,936,20,11	397.8	39.4816224	73.5914790	5016.3
561	233.2	231.2	234.2	1011,203,12,18	397.3	39.4816202	73.5914751	5016.3
562	38.0	21.0	41.0	775,172,19,8	397.2	39.4816201	73.5914834	5016.3
563	74.1	71.1	78.1	1590,773,12,13	396.7	39.4816157	73.5914850	5016.3
564	165.2	163.2	167.2	1202,543,17,16	394.9	39.4816198	73.5914835	5016.3
565	197.2	196.2	197.2	545,27,29,11	394.1	39.4816237	73.5914802	5016.3
566	199.2	194.2	202.2	341,397,18,30	393.7	39.4816237	73.5914798	5016.3
567	241.2	241.2	241.2	697,9,32,7	393.4	39.4816202	73.5914758	5016.3
568	79.1	79.1	79.1	1293,187,14,22	392.9	39.4816172	73.5914859	5016.3
569	221.2	221.2	221.2	41,385,16,9	392.7	39.4816226	73.5914762	5016.3
570	247.2	246.2	250.2	546,740,11,17	392.3	39.4816214	73.5914785	5016.3
571	108.1	108.1	108.1	342,1024,7,35	390.6	39.4816182	73.5914798	5016.3
572	253.3	252.3	253.3	1178,1028,12,21	390.6	39.4816236	73.5914785	5016.3
573	204.2	204.2	204.2	955,617,26,16	390.4	39.4816238	73.5914791	5016.3
574	53.1	52.1	53.1	35,705,14,17	389.1	39.4816211	73.5914849	5016.3
575	53.1	53.1	53.1	165,813,12,14	389.0	39.4816211	73.5914849	5016.3
576	161.2	161.2	161.2	1643,825,10,18	388.7	39.4816195	73.5914824	5016.3
577	206.2	206.2	206.2	1503,805,15,10	388.4	39.4816238	73.5914786	5016.4
578	230.2	230.2	230.2	500,0,15,14	387.6	39.4816210	73.5914753	5016.3
579	225.2	223.2	228.2	259,557,18,14	387.4	39.4816225	73.5914757	5016.3
580	54.1	54.1	54.1	1469,913,16,12	387.3	39.4816212	73.5914851	5016.3
581	110.1	109.1	110.1	1143,977,13,10	386.4	39.4816182	73.5914801	5016.3
582	161.2	161.2	161.2	1531,1012,14,13	386.2	39.4816195	73.5914824	5016.3
583	118.1	118.1	118.1	133,809,11,24	385.7	39.4816189	73.5914812	5016.3
584	257.3	256.3	257.3	1103,938,17,14	385.6	39.4816223	73.5914789	5016.2
585	164.2	164.2	164.2	1727,637,10,22	385.5	39.4816198	73.5914834	5016.3
586	124.1	124.1	126.1	1875,689,22,22	383.4	39.4816178	73.5914814	5016.3
587	198.2	198.2	199.2	959,1065,14,10	383.3	39.4816236	73.5914802	5016.3
588	53.1	53.1	53.1	283,529,22,16	381.5	39.4816211	73.5914849	5016.3
589	279.3	278.3	279.3	825,797,14,26	381.3	39.4816236	73.5914776	5016.3
590	220.2	212.2	221.2	785,145,7,17	379.9	39.4816226	73.5914762	5016.3
591	18.0	16.0	23.0	1597,970,17,18	379.6	39.4816189	73.5914858	5016.3
592	84.1	84.1	86.1	1521,223,16,15	379.6	39.4816171	73.5914852	5016.3
593	35.0	33.0	35.0	1341,639,22,10	379.1	39.4816202	73.5914845	5016.3
594	192.2	191.2	192.2	935,85,28,18	378.9	39.4816248	73.5914809	5016.3
595	164.2	164.2	164.2	1865,1061,22,19	378.7	39.4816198	73.5914834	5016.3
596	138.1	135.1	144.1	817,429,16,12	378.6	39.4816150	73.5914815	5016.3
597	210.2	205.2	214.2	995,1017,14,14	378.3	39.4816232	73.5914774	5016.4
598	240.2	239.2	240.2	593,191,24,10	377.6	39.4816201	73.5914754	5016.3
599	212.2	212.2	212.2	981,597,28,12	375.3	39.4816231	73.5914768	5016.4
600	101.1	94.1	104.1	699,291,22,14	375.2	39.4816176	73.5914814	5016.3
601	242.2	242.2	242.2	0,245,17,10	373.2	39.4816202	73.5914764	5016.3
602	256.3	255.3	257.3	656,180,22,9	372.8	39.4816224	73.5914787	5016.2
603	41.0	41.0	47.0	1751,1054,20,26	372.5	39.4816204	73.5914837	5016.3
604	77.1	75.1	84.1	1737,869,8,16	372.3	39.4816168	73.5914853	5016.3
605	12.0	8.0	13.0	713,553,18,15	371.9	39.4816201	73.5914874	5016.3
606	150.2	148.1	155.2	1229,721,20,10	371.3	39.4816171	73.5914826	5016.3
607	241.2	241.2	241.2	1131,617,10,19	370.4	39.4816202	73.5914758	5016.3
608	236.2	233.2	236.2	987,59,10,22	369.6	39.4816200	73.5914749	5016.3
609	175.2	175.2	175.2	1747,705,18,12	369.1	39.4816216	73.5914831	5016.3
610	2.0	2.0	6.0	1899,173,14,16	369.0	39.4816204	73.5914884	5016.2
611	117.1	117.1	117.1	595,0,10,13	369.0	39.4816188	73.5914811	5016.4
612	115.1	115.1	117.1	861,143,16,12	367.5	39.4816187	73.5914812	5016.3
613	22.0	16.0	22.0	1567,45,9,21	366.8	39.4816188	73.5914855	5016.3
614	221.2	216.2	222.2	0,565,13,18	366.6	39.4816226	73.5914762	5016.3
615	8.0	5.0	12.0	1800,33,13,17	365.5	39.4816201	73.5914881	5016.3
616	192.2	188.2	192.2	805,201,14,16	364.8	39.4816248	73.5914809	5016.3
617	111.1	111.1	111.1	0,672,4,33	363.4	39.4816186	73.5914804	5016.3
618	106.1	96.1	107.1	1111,153,16,12	363.0	39.4816180	73.5914803	5016.3
619	228.2	224.2	228.2	1138,692,13,13	362.0	39.4816216	73.5914757	5016.3
620	118.1	118.1	118.1	81,613,17,20	361.2	39.4816189	73.5914812	5016.3
621	203.2	203.2	203.2	1897,969,20,8	361.0	39.4816237	73.5914794	5016.3
622	236.2	235.2	236.2	709,81,36,18	360.5	39.4816200	73.5914749	5016.3
623	162.2	162.2	162.2	1317,697,11,17	359.6	39.4816198	73.5914829	5016.3
624	115.1	115.1	115.1	1069,61,22,16	358.4	39.4816187	73.5914812	5016.3
625	116.1	114.1	116.1	673,553,16,10	357.1	39.4816187	73.5914812	5016.3
626	61.1	60.1	61.1	579,145,25,10	356.7	39.4816218	73.5914846	5016.4
627	118.1	118.1	118.1	1855,173,14,11	356.6	39.4816189	73.5914812	5016.3
628	44.0	44.0	44.0	510,842,18,8	356.1	39.4816209	73.5914837	5016.3
629	114.1	113.1	117.1	1129,43,24,14	355.1	39.4816186	73.5914812	5016.3
630	53.1	49.0	53.1	443,625,6,20	354.6	39.4816211	73.5914849	5016.3
631	97.1	94.1	98.1	1303,128,26,16	354.6	39.4816175	73.5914828	5016.3
632	181.2	181.2	181.2	1865,681,10,8	353.6	39.4816231	73.5914838	5016.3
633	43.0	43.0	43.0	701,743,21,12	352.3	39.4816206	73.5914838	5016.3
634	195.2	191.2	200.2	873,633,8,12	351.5	39.4816241	73.5914802	5016.3
635	230.2	230.2	230.2	0,473,16,11	351.3	39.4816210	73.5914753	5016.3
636	112.1	111.1	112.1	129,709,14,16	351.1	39.4816186	73.5914806	5016.3
637	232.2	232.2	232.2	97,529,7,32	350.9	39.4816206	73.5914750	5016.3
638	0.0	0.0	1.0	1615,661,13,8	349.9	39.4816201	73.5914879	5016.3
639	78.1	78.1	79.1	1489,903,14,10	346.5	39.4816170	73.5914856	5016.3
640	258.3	258.3	258.3	505,337,12,8	346.2	39.4816224	73.5914790	5016.3
641	259.3	259.3	263.3	1039,969,10,32	345.2	39.4816220	73.5914790	5016.3
642	198.2	194.2	200.2	729,529,14,22	345.0	39.4816236	73.5914802	5016.3
643	73.1	72.1	78.1	1777,961,16,14	344.1	39.4816156	73.5914851	5016.3
644	233.2	233.2	233.2	1190,628,9,19	343.2	39.4816202	73.5914751	5016.3
645	172.2	171.2	172.2	945,107,22,10	342.7	39.4816211	73.5914835	5016.3
646	255.3	255.3	260.3	1181,821,22,11	342.7	39.4816226	73.5914786	5016.3
647	231.2	231.2	234.2	276,767,7,26	342.4	39.4816207	73.5914749	5016.3
648	61.1	61.1	63.1	1825,1033,16,12	342.3	39.4816218	73.5914846	5016.4
649	188.2	182.2	193.2	1177,409,8,16	342.3	39.4816252	73.5914815	5016.3
650	163.2	163.2	169.2	1233,130,8,15	341.9	39.4816198	73.5914831	5016.3
651	155.2	153.2	155.2	1361,811,16,18	341.7	39.4816184	73.5914824	5016.3
652	273.3	270.3	273.3	587,227,8,26	341.3	39.4816229	73.5914788	5016.3
653	34.0	19.0	36.0	1074,169,17,10	340.2	39.4816201	73.5914846	5016.3
654	25.0	24.0	28.0	1515,895,22,10	339.5	39.4816189	73.5914850	5016.3
655	231.2	231.2	232.2	16,565,9,18	339.5	39.4816207	73.5914749	5016.3
656	278.3	277.3	279.3	937,174,18,11	339.4	39.4816235	73.5914779	5016.3
657	42.0	42.0	42.0	1510,684,17,12	338.9	39.4816205	73.5914838	5016.3
658	156.2	156.2	156.2	769,611,12,17	338.9	39.4816187	73.5914824	5016.3
659	210.2	208.2	214.2	406,420,11,29	338.9	39.4816232	73.5914774	5016.4
660	255.3	255.3	256.3	45,1037,6,20	338.8	39.4816226	73.5914786	5016.3
661	132.1	129.1	132.1	677,81,17,14	338.7	39.4816156	73.5914804	5016.3
662	277.3	277.3	277.3	1019,951,24,12	338.7	39.4816234	73.5914780	5016.3
663	278.3	277.3	278.3	809,77,20,12	337.5	39.4816235	73.5914779	5016.3
664	146.1	142.1	148.1	433,599,14,14	336.9	39.4816159	73.5914819	5016.3
665	252.3	252.3	253.3	1117,1041,16,12	336.4	39.4816236	73.5914786	5016.3
666	180.2	180.2	180.2	1791,257,13,22	336.1	39.4816228	73.5914838	5016.3
667	81.1	81.1	83.1	1493,1021,16,12	335.4	39.4816170	73.5914862	5016.3
668	122.1	121.1	128.1	959,851,13,13	334.5	39.4816181	73.5914818	5016.3
669	73.1	72.1	75.1	713,107,24,18	334.4	39.4816156	73.5914851	5016.3
670	53.1	53.1	53.1	309,841,16,20	333.6	39.4816211	73.5914849	5016.3
671	243.2	242.2	243.2	409,9,12,15	333.6	39.4816202	73.5914766	5016.3
672	214.2	207.2	215.2	81,201,16,14	333.2	39.4816228	73.5914762	5016.3
673	244.2	242.2	244.2	1053,0,12,9	332.8	39.4816205	73.5914771	5016.3
674	135.1	135.1	142.1	918,1003,16,14	332.4	39.4816156	73.5914809	5016.3
675	204.2	204.2	204.2	159,1052,8,21	332.0	39.4816238	73.5914791	5016.3
676	42.0	42.0	43.0	73,206,11,17	330.6	39.4816205	73.5914838	5016.3
677	206.2	206.2	206.2	124,438,20,8	330.5	39.4816238	73.5914786	5016.4
678	123.1	121.1	123.1	275,1037,22,9	330.4	39.4816178	73.5914816	5016.3
679	24.0	18.0	27.0	1492,413,16,20	329.5	39.4816189	73.5914855	5016.3
680	33.0	32.0	36.0	1484,169,17,20	329.1	39.4816199	73.5914849	5016.3
681	161.2	161.2	161.2	614,1021,9,14	328.1	39.4816195	73.5914824	5016.3
682	177.2	177.2	178.2	679,339,12,12	327.4	39.4816220	73.5914836	5016.3
683	79.1	79.1	79.1	1059,37,14,12	327.3	39.4816172	73.5914859	5016.3
684	164.2	164.2	164.2	1347,81,18,20	327.3	39.4816198	73.5914834	5016.3
685	161.2	161.2	167.2	925,351,13,10	327.2	39.4816195	73.5914824	5016.3
686	120.1	120.1	120.1	859,951,17,12	327.1	39.4816189	73.5914817	5016.3
687	80.1	80.1	80.1	877,31,15,8	327.0	39.4816173	73.5914862	5016.3
688	164.2	163.2	164.2	1733,491,12,12	327.0	39.4816198	73.5914834	5016.3
689	94.1	92.1	98.1	568,281,11,29	326.6	39.4816171	73.5914839	5016.3
690	135.1	135.1	147.1	853,968,12,17	326.6	39.4816156	73.5914809	5016.3
691	254.3	254.3	254.3	1046,955,12,10	326.3	39.4816231	73.5914786	5016.3
692	203.2	203.2	210.2	918,951,11,12	325.2	39.4816237	73.5914794	5016.3
693	236.2	236.2	236.2	37,25,10,36	325.1	39.4816200	73.5914749	5016.3
694	114.1	113.1	117.1	1073,103,9,16	324.9	39.4816186	73.5914812	5016.3
695	231.2	231.2	234.2	141,715,8,19	324.8	39.4816207	73.5914749	5016.3
696	258.3	258.3	258.3	1537,849,26,14	324.3	39.4816224	73.5914790	5016.3
697	205.2	201.2	205.2	509,1037,14,8	323.9	39.4816239	73.5914789	5016.4
698	204.2	204.2	204.2	1421,655,12,10	323.6	39.4816238	73.5914791	5016.3
699	167.2	166.2	168.2	681,173,16,12	323.3	39.4816199	73.5914839	5016.3
700	129.1	128.1	135.1	810,803,18,12	322.9	39.4816159	73.5914814	5016.3
701	28.0	26.0	33.0	1654,1062,27,18	322.8	39.4816196	73.5914849	5016.3
702	155.2	155.2	159.2	1676,1039,8,21	322.7	39.4816184	73.5914824	5016.3
703	194.2	194.2	194.2	1057,87,23,18	322.3	39.4816241	73.5914803	5016.3
704	236.2	236.2	236.2	1433,633,16,8	321.4	39.4816200	73.5914749	5016.3
705	40.0	32.0	41.0	925,21,12,9	320.9	39.4816204	73.5914835	5016.3
706	41.0	40.0	41.0	1501,959,14,10	320.7	39.4816204	73.5914837	5016.3
707	178.2	175.2	178.2	497,353,11,17	320.6	39.4816224	73.5914838	5016.3
708	118.1	118.1	118.1	0,857,13,8	320.4	39.4816189	73.5914812	5016.3
709	173.2	173.2	174.2	961,241,20,12	319.6	39.4816212	73.5914831	5016.3
710	253.3	252.3	253.3	825,1017,16,16	319.6	39.4816236	73.5914785	5016.3
711	95.1	94.1	96.1	856,85,9,12	319.1	39.4816173	73.5914837	5016.3
712	64.1	61.1	65.1	1077,65,14,16	318.1	39.4816216	73.5914847	5016.3
713	181.2	181.2	181.2	1821,305,9,16	317.9	39.4816231	73.5914838	5016.3
714	25.0	20.0	38.0	889,477,16,12	317.6	39.4816189	73.5914850	5016.3
715	55.1	55.1	55.1	1305,803,16,10	317.6	39.4816216	73.5914852	5016.3
716	175.2	174.2	175.2	213,111,14,10	317.4	39.4816216	73.5914831	5016.3
717	149.1	148.1	150.2	769,131,24,18	317.0	39.4816169	73.5914822	5016.3
718	278.3	278.3	279.3	727,687,10,12	316.8	39.4816235	73.5914779	5016.3
719	36.0	36.0	36.0	1827,1049,14,20	315.6	39.4816201	73.5914842	5016.3
720	249.2	249.2	250.2	1167,1039,16,13	312.9	39.4816223	73.5914788	5016.3
721	222.2	222.2	222.2	169,7,24,13	312.8	39.4816224	73.5914763	5016.4
722	54.1	54.1	54.1	918,829,15,10	310.4	39.4816212	73.5914851	5016.3
723	220.2	219.2	221.2	615,633,13,15	309.4	39.4816226	73.5914762	5016.3
724	244.2	244.2	244.2	917,81,19,8	309.0	39.4816205	73.5914771	5016.3
725	112.1	111.1	112.1	89,866,8,15	307.7	39.4816186	73.5914806	5016.3
726	210.2	209.2	212.2	431,567,12,12	307.7	39.4816232	73.5914774	5016.4
727	72.1	69.1	77.1	636,221,21,14	307.0	39.4816162	73.5914851	5016.3
728	255.3	255.3	258.3	14,121,11,11	306.6	39.4816226	73.5914786	5016.3
729	235.2	235.2	237.2	227,462,12,21	306.4	39.4816200	73.5914748	5016.3
730	236.2	236.2	238.2	250,830,6,19	306.3	39.4816200	73.5914749	5016.3
731	258.3	258.3	258.3	1799,385,14,16	306.2	39.4816224	73.5914790	5016.3
732	143.1	137.1	144.1	580,281,21,8	304.3	39.4816153	73.5914815	5016.3
733	6.0	2.0	6.0	1817,145,8,12	304.2	39.4816208	73.5914886	5016.3
734	203.2	203.2	203.2	513,423,16,12	304.1	39.4816237	73.5914794	5016.3
735	263.3	263.3	263.3	1549,815,12,10	304.0	39.4816217	73.5914796	5016.3
736	112.1	112.1	112.1	59,585,22,8	303.9	39.4816186	73.5914806	5016.3
737	277.3	277.3	279.3	589,293,12,20	302.9	39.4816234	73.5914780	5016.3
738	57.1	57.1	60.1	782,177,15,14	302.3	39.4816217	73.5914849	5016.3
739	260.3	260.3	260.3	702,969,11,14	302.2	39.4816218	73.5914790	5016.3
740	3.0	3.0	3.0	1253,143,15,13	300.4	39.4816208	73.5914885	5016.2
741	113.1	113.1	113.1	82,1041,23,8	299.7	39.4816185	73.5914809	5016.3
742	206.2	206.2	206.2	417,1031,16,10	299.4	39.4816238	73.5914786	5016.4
743	236.2	235.2	237.2	1064,67,9,15	298.6	39.4816200	73.5914749	5016.3
744	166.2	165.2	166.2	301,199,11,10	298.0	39.4816198	73.5914838	5016.3
745	53.1	53.1	53.1	275,623,16,18	297.8	39.4816211	73.5914849	5016.3
746	182.2	182.2	186.2	1457,777,37,3	297.5	39.4816235	73.5914838	5016.3
747	2.0	2.0	2.0	1611,65,10,12	297.1	39.4816204	73.5914884	5016.2
748	164.2	164.2	164.2	1105,151,16,8	295.9	39.4816198	73.5914834	5016.3
749	274.3	270.3	279.3	689,905,10,19	295.9	39.4816229	73.5914785	5016.3
750	234.2	234.2	234.2	536,165,11,11	295.0	39.4816200	73.5914748	5016.3
751	131.1	131.1	131.1	429,470,20,23	294.3	39.4816155	73.5914808	5016.3
752	146.1	134.1	146.1	547,49,14,9	293.6	39.4816159	73.5914819	5016.3
753	81.1	78.1	81.1	747,59,16,11	292.8	39.4816170	73.5914862	5016.3
754	55.1	55.1	55.1	1914,672,6,14	292.6	39.4816216	73.5914852	5016.3
755	29.0	18.0	29.0	1129,147,26,8	292.5	39.4816197	73.5914850	5016.3
756	261.3	261.3	263.3	1142,1065,9,15	291.7	39.4816218	73.5914791	5016.3
757	99.1	99.1	99.1	1873,937,12,8	291.4	39.4816176	73.5914819	5016.4
758	177.2	173.2	178.2	1017,341,14,18	290.6	39.4816220	73.5914836	5016.3
759	119.1	119.1	119.1	969,57,14,10	290.3	39.4816189	73.5914816	5016.3
760	108.1	108.1	108.1	281,983,12,18	290.2	39.4816182	73.5914798	5016.3
761	172.2	169.2	173.2	903,416,8,12	290.0	39.4816211	73.5914835	5016.3
762	181.2	181.2	181.2	1245,613,16,12	290.0	39.4816231	73.5914838	5016.3
763	101.1	97.1	107.1	1210,643,9,14	287.2	39.4816176	73.5914814	5016.3
764	219.2	219.2	219.2	369,253,6,28	286.3	39.4816230	73.5914763	5016.3
765	88.1	88.1	102.1	1673,1031,16,10	285.5	39.4816168	73.5914846	5016.3
766	164.2	164.2	164.2	1665,433,8,12	285.3	39.4816198	73.5914834	5016.3
767	243.2	242.2	243.2	1168,61,5,20	285.3	39.4816202	73.5914766	5016.3
768	47.0	47.0	47.0	68,780,16,10	284.2	39.4816209	73.5914839	5016.3
769	36.0	36.0	39.0	1723,1043,18,9	284.1	39.4816201	73.5914842	5016.3
770	119.1	119.1	119.1	149,0,20,9	283.6	39.4816189	73.5914816	5016.3
771	182.2	182.2	188.2	1679,684,13,10	283.4	39.4816235	73.5914838	5016.3
772	117.1	117.1	117.1	517,417,16,18	282.8	39.4816188	73.5914811	5016.4
773	147.1	146.1	149.1	803,249,10,16	282.8	39.4816162	73.5914819	5016.3
774	150.2	148.1	152.2	547,281,14,14	282.6	39.4816171	73.5914826	5016.3
775	155.2	155.2	155.2	955,56,22,21	282.3	39.4816184	73.5914824	5016.3
776	169.2	167.2	169.2	591,147,12,10	282.2	39.4816206	73.5914840	5016.3
777	166.2	166.2	169.2	784,325,9,12	282.1	39.4816198	73.5914838	5016.3
778	119.1	119.1	119.1	1129,363,11,13	281.7	39.4816189	73.5914816	5016.3
779	253.3	250.2	253.3	945,87,16,15	281.7	39.4816236	73.5914785	5016.3
780	0.0	0.0	0.0	1741,237,12,12	281.6	39.4816201	73.5914879	5016.3
781	194.2	192.2	194.2	657,89,22,14	281.6	39.4816241	73.5914803	5016.3
782	239.2	237.2	240.2	613,143,22,24	281.5	39.4816200	73.5914751	5016.3
783	88.1	80.1	90.1	1737,229,12,8	281.3	39.4816168	73.5914846	5016.3
784	136.1	135.1	138.1	1035,557,12,15	280.4	39.4816153	73.5914811	5016.3
785	0.0	0.0	0.0	1551,61,10,12	280.2	39.4816201	73.5914879	5016.3
786	180.2	178.2	180.2	1417,314,10,9	280.0	39.4816228	73.5914838	5016.3
787	191.2	182.2	194.2	513,413,8,20	279.2	39.4816250	73.5914811	5016.3
788	263.3	263.3	265.3	894,1047,9,14	279.0	39.4816217	73.5914796	5016.3
789	101.1	101.1	101.1	981,779,6,22	277.4	39.4816176	73.5914814	5016.3
790	82.1	82.1	82.1	797,57,34,6	277.2	39.4816170	73.5914858	5016.3
791	204.2	203.2	209.2	1722,433,15,8	276.9	39.4816238	73.5914791	5016.3
792	148.1	148.1	151.2	947,297,12,16	276.3	39.4816166	73.5914819	5016.3
793	134.1	133.1	134.1	521,789,16,10	276.1	39.4816156	73.5914805	5016.3
794	33.0	33.0	34.0	1345,935,10,12	276.0	39.4816199	73.5914849	5016.3
795	85.1	85.1	85.1	895,481,10,16	275.1	39.4816170	73.5914846	5016.3
796	240.2	239.2	242.2	225,751,6,14	274.5	39.4816201	73.5914754	5016.3
797	163.2	163.2	163.2	1190,1041,12,16	272.7	39.4816198	73.5914831	5016.3
798	244.2	235.2	245.2	769,175,22,5	272.7	39.4816205	73.5914771	5016.3
799	25.0	18.0	29.0	875,327,12,20	271.6	39.4816189	73.5914850	5016.3
800	144.1	143.1	149.1	489,559,14,16	271.2	39.4816155	73.5914819	5016.3
801	204.2	204.2	204.2	702,969,11,8	271.1	39.4816238	73.5914791	5016.3
802	75.1	75.1	75.1	387,17,18,18	270.4	39.4816157	73.5914849	5016.3
803	164.2	164.2	164.2	443,293,12,16	270.4	39.4816198	73.5914834	5016.3
804	177.2	174.2	181.2	715,709,16,11	270.3	39.4816220	73.5914836	5016.3
805	124.1	121.1	126.1	1833,491,16,8	269.3	39.4816178	73.5914814	5016.3
806	108.1	108.1	108.1	57,745,6,23	269.1	39.4816182	73.5914798	5016.3
807	42.0	42.0	45.0	73,1025,16,12	269.0	39.4816205	73.5914838	5016.3
808	41.0	39.0	41.0	733,981,13,14	268.6	39.4816204	73.5914837	5016.3
809	206.2	206.2	206.2	1623,63,18,14	268.6	39.4816238	73.5914786	5016.4
810	231.2	231.2	233.2	249,421,13,16	268.5	39.4816207	73.5914749	5016.3
811	7.0	7.0	7.0	1837,263,12,8	268.4	39.4816206	73.5914885	5016.3
812	188.2	183.2	189.2	912,883,16,7	268.0	39.4816252	73.5914815	5016.3
813	220.2	218.2	222.2	960,15,6,17	267.5	39.4816226	73.5914762	5016.3
814	218.2	218.2	219.2	257,809,6,16	267.0	39.4816230	73.5914763	5016.4
815	193.2	193.2	195.2	935,481,8,16	266.6	39.4816245	73.5914806	5016.3
816	146.1	146.1	146.1	1317,1013,19,12	266.5	39.4816159	73.5914819	5016.3
817	113.1	109.1	114.1	1657,183,22,16	266.4	39.4816185	73.5914809	5016.3
818	197.2	196.2	197.2	883,25,22,12	266.3	39.4816237	73.5914802	5016.3
819	156.2	156.2	156.2	733,20,16,13	265.7	39.4816187	73.5914824	5016.3
820	254.3	254.3	254.3	518,735,10,10	265.7	39.4816231	73.5914786	5016.3
821	255.3	255.3	256.3	114,1023,19,8	265.6	39.4816226	73.5914786	5016.3
822	0.0	0.0	1.0	1865,545,10,13	263.9	39.4816201	73.5914879	5016.3
823	151.2	148.1	151.2	805,161,10,8	263.9	39.4816174	73.5914828	5016.3
824	262.3	262.3	262.3	1143,897,18,16	263.9	39.4816217	73.5914793	5016.3
825	232.2	232.2	232.2	293,113,14,16	263.4	39.4816206	73.5914750	5016.3
826	206.2	206.2	206.2	1285,775,8,14	262.7	39.4816238	73.5914786	5016.4
827	163.2	163.2	163.2	1905,65,15,10	262.6	39.4816198	73.5914831	5016.3
828	245.2	239.2	245.2	845,25,22,8	262.5	39.4816206	73.5914775	5016.3
829	259.3	259.3	259.3	1301,681,10,8	261.5	39.4816220	73.5914790	5016.3
830	190.2	190.2	190.2	579,615,16,14	261.0	39.4816253	73.5914811	5016.3
831	119.1	119.1	119.1	67,977,14,14	259.8	39.4816189	73.5914816	5016.3
832	66.1	62.1	66.1	9,701,4,20	259.4	39.4816204	73.5914847	5016.3
833	111.1	111.1	111.1	533,113,14,8	259.1	39.4816186	73.5914804	5016.3
834	57.1	56.1	60.1	577,179,14,16	259.0	39.4816217	73.5914849	5016.3
835	254.3	254.3	254.3	713,308,16,15	259.0	39.4816231	73.5914786	5016.3
836	115.1	115.1	115.1	1011,0,14,11	258.7	39.4816187	73.5914812	5016.3
837	54.1	54.1	54.1	22,1051,10,10	257.5	39.4816212	73.5914851	5016.3
838	74.1	71.1	78.1	1645,803,12,14	257.5	39.4816157	73.5914850	5016.3
839	120.1	120.1	120.1	1009,906,10,13	257.4	39.4816189	73.5914817	5016.3
840	117.1	117.1	117.1	1133,0,21,9	256.8	39.4816188	73.5914811	5016.4
841	246.2	246.2	246.2	769,0,8,9	256.4	39.4816208	73.5914780	5016.3
842	200.2	200.2	201.2	811,975,14,16	256.0	39.4816236	73.5914797	5016.3
843	122.1	119.1	123.1	693,587,17,22	255.9	39.4816181	73.5914818	5016.3
844	115.1	115.1	117.1	657,21,18,9	255.8	39.4816187	73.5914812	5016.3
845	122.1	122.1	123.1	1272,945,11,17	255.8	39.4816181	73.5914818	5016.3
846	170.2	166.2	170.2	895,9,16,8	255.7	39.4816211	73.5914840	5016.3
847	119.1	119.1	119.1	971,1047,11,16	255.6	39.4816189	73.5914816	5016.3
848	258.3	258.3	258.3	371,553,6,20	255.3	39.4816224	73.5914790	5016.3
849	270.3	268.3	273.3	1211,104,14,9	255.2	39.4816222	73.5914799	5016.3
850	115.1	115.1	117.1	727,7,12,12	253.6	39.4816187	73.5914812	5016.3
851	241.2	241.2	241.2	448,651,5,22	253.6	39.4816202	73.5914758	5016.3
852	206.2	206.2	206.2	165,777,9,9	253.5	39.4816238	73.5914786	5016.4
853	78.1	78.1	82.1	1649,603,17,12	252.9	39.4816170	73.5914856	5016.3
854	54.1	54.1	54.1	1023,719,11,8	252.7	39.4816212	73.5914851	5016.3
855	117.1	114.1	117.1	943,438,14,8	252.7	39.4816188	73.5914811	5016.4
856	118.1	118.1	118.1	151,594,16,9	252.2	39.4816189	73.5914812	5016.3
857	168.2	164.2	168.2	841,11,16,14	251.9	39.4816202	73.5914839	5016.3
858	174.2	167.2	174.2	233,11,9,14	251.8	39.4816214	73.5914830	5016.3
859	221.2	221.2	225.2	145,681,12,17	251.6	39.4816226	73.5914762	5016.3
860	231.2	227.2	231.2	133,194,8,15	251.6	39.4816207	73.5914749	5016.3
861	13.0	12.0	16.0	1868,440,7,10	251.5	39.4816199	73.5914870	5016.3
862	168.2	168.2	172.2	1091,477,16,10	250.8	39.4816202	73.5914839	5016.3
863	122.1	121.1	123.1	862,679,17,12	250.4	39.4816181	73.5914818	5016.3
864	211.2	208.2	211.2	441,105,14,18	250.4	39.4816232	73.5914771	5016.4
865	37.0	37.0	40.0	1886,1064,9,12	250.1	39.4816200	73.5914838	5016.3
866	174.2	174.2	174.2	150,219,23,14	250.1	39.4816214	73.5914830	5016.3
867	87.1	87.1	87.1	1357,535,12,10	249.2	39.4816169	73.5914844	5016.3
868	230.2	230.2	230.2	0,693,8,16	248.7	39.4816210	73.5914753	5016.3
869	24.0	23.0	25.0	989,982,12,10	248.2	39.4816189	73.5914855	5016.3
870	58.1	56.1	59.1	353,97,10,8	248.2	39.4816216	73.5914852	5016.3
871	54.1	54.1	54.1	1857,605,16,7	247.8	39.4816212	73.5914851	5016.3
872	98.1	95.1	98.1	1465,881,8,8	247.5	39.4816176	73.5914824	5016.4
873	223.2	223.2	223.2	193,699,8,10	247.1	39.4816223	73.5914762	5016.4
874	157.2	156.2	157.2	1825,1023,16,6	247.0	39.4816189	73.5914823	5016.3
875	233.2	233.2	233.2	1025,489,20,10	247.0	39.4816202	73.5914751	5016.3
876	240.2	235.2	240.2	1097,395,18,11	246.7	39.4816201	73.5914754	5016.3
877	240.2	237.2	240.2	763,43,22,12	246.6	39.4816201	73.5914754	5016.3
878	163.2	163.2	163.2	771,215,8,11	246.4	39.4816198	73.5914831	5016.3
879	233.2	233.2	233.2	43,185,12,20	246.4	39.4816202	73.5914751	5016.3
880	99.1	98.1	107.1	1237,964,8,11	246.3	39.4816176	73.5914819	5016.4
881	99.1	99.1	99.1	591,101,6,28	246.2	39.4816176	73.5914819	5016.4
882	237.2	237.2	240.2	33,730,8,13	246.1	39.4816200	73.5914749	5016.3
883	108.1	108.1	108.1	911,989,9,12	244.9	39.4816182	73.5914798	5016.3
884	173.2	171.2	173.2	697,191,12,14	244.9	39.4816212	73.5914831	5016.3
885	111.1	111.1	111.1	340,567,7,25	244.8	39.4816186	73.5914804	5016.3
886	182.2	182.2	182.2	1101,1031,14,9	244.7	39.4816235	73.5914838	5016.3
887	220.2	220.2	220.2	221,432,4,24	244.3	39.4816226	73.5914762	5016.3
888	100.1	100.1	100.1	1143,773,16,7	243.9	39.4816176	73.5914816	5016.3
889	138.1	137.1	149.1	1304,995,9,10	243.8	39.4816150	73.5914815	5016.3
890	244.2	244.2	245.2	513,287,8,22	243.5	39.4816205	73.5914771	5016.3
891	206.2	206.2	206.2	748,1044,21,5	243.4	39.4816238	73.5914786	5016.4
892	259.3	259.3	259.3	811,35,17,17	242.0	39.4816220	73.5914790	5016.3
893	179.2	179.2	179.2	1895,189,10,10	241.1	39.4816225	73.5914839	5016.3
894	24.0	23.0	26.0	1155,955,10,10	240.6	39.4816189	73.5914855	5016.3
895	2.0	2.0	6.0	1906,291,14,6	240.2	39.4816204	73.5914884	5016.2
896	71.1	71.1	74.1	839,139,24,10	240.1	39.4816170	73.5914852	5016.3
897	90.1	90.1	90.1	721,246,16,11	240.1	39.4816168	73.5914847	5016.3
898	138.1	138.1	142.1	641,147,15,6	240.0	39.4816150	73.5914815	5016.3
899	275.3	275.3	276.3	641,835,16,10	239.8	39.4816233	73.5914784	5016.3
900	110.1	110.1	110.1	959,858,14,8	239.7	39.4816182	73.5914801	5016.3
901	81.1	81.1	84.1	1412,993,13,9	239.4	39.4816170	73.5914862	5016.3
902	195.2	195.2	195.2	841,81,14,12	239.1	39.4816241	73.5914802	5016.3
903	33.0	33.0	33.0	1415,57,8,16	238.8	39.4816199	73.5914849	5016.3
904	221.2	221.2	221.2	803,61,14,10	238.6	39.4816226	73.5914762	5016.3
905	164.2	164.2	164.2	1697,789,8,12	238.3	39.4816198	73.5914834	5016.3
906	258.3	258.3	258.3	1825,627,8,8	238.1	39.4816224	73.5914790	5016.3
907	158.2	157.2	158.2	951,965,10,8	237.9	39.4816189	73.5914824	5016.3
908	195.2	194.2	196.2	961,257,16,14	237.1	39.4816241	73.5914802	5016.3
909	266.3	265.3	266.3	759,39,14,18	237.1	39.4816209	73.5914802	5016.3
910	214.2	207.2	218.2	485,655,10,18	237.0	39.4816228	73.5914762	5016.3
911	264.3	263.3	265.3	1260,123,17,6	236.1	39.4816217	73.5914797	5016.2
912	162.2	162.2	162.2	257,885,10,12	235.9	39.4816198	73.5914829	5016.3
913	218.2	218.2	218.2	1351,33,18,6	235.2	39.4816230	73.5914763	5016.4
914	74.1	73.1	76.1	1220,646,11,11	235.1	39.4816157	73.5914850	5016.3
915	4.0	2.0	4.0	81,131,19,10	235.0	39.4816210	73.5914886	5016.3
916	219.2	219.2	219.2	227,297,4,21	234.0	39.4816230	73.5914763	5016.3
917	122.1	122.1	123.1	697,889,13,9	233.4	39.4816181	73.5914818	5016.3
918	230.2	230.2	230.2	165,641,10,16	233.1	39.4816210	73.5914753	5016.3
919	217.2	216.2	217.2	1005,33,16,8	232.7	39.4816229	73.5914761	5016.4
920	14.0	14.0	14.0	921,703,14,10	232.4	39.4816197	73.5914866	5016.3
921	126.1	124.1	127.1	1049,873,7,16	232.4	39.4816169	73.5914814	5016.3
922	157.2	152.2	159.2	1225,517,12,10	232.2	39.4816189	73.5914823	5016.3
923	201.2	201.2	201.2	1257,341,17,12	232.1	39.4816236	73.5914797	5016.3
924	0.0	0.0	5.0	1909,619,11,14	232.0	39.4816201	73.5914879	5016.3
925	241.2	241.2	241.2	803,51,14,14	231.5	39.4816202	73.5914758	5016.3
926	258.3	258.3	258.3	1745,340,14,7	231.5	39.4816224	73.5914790	5016.3
927	178.2	173.2	178.2	755,177,12,12	229.5	39.4816224	73.5914838	5016.3
928	80.1	80.1	81.1	569,299,14,12	228.9	39.4816173	73.5914862	5016.3
929	233.2	233.2	234.2	149,233,10,12	228.8	39.4816202	73.5914751	5016.3
930	197.2	197.2	197.2	442,1046,7,11	228.1	39.4816237	73.5914802	5016.3
931	24.0	23.0	24.0	769,657,14,6	227.4	39.4816189	73.5914855	5016.3
932	266.3	264.3	266.3	1344,825,11,12	227.4	39.4816209	73.5914802	5016.3
933	178.2	178.2	180.2	697,324,10,12	226.5	39.4816224	73.5914838	5016.3
934	82.1	82.1	82.1	451,3,10,22	226.4	39.4816170	73.5914858	5016.3
935	16.0	13.0	16.0	1417,394,6,15	226.1	39.4816192	73.5914860	5016.3
936	0.0	0.0	0.0	1817,941,12,7	224.4	39.4816201	73.5914879	5016.3
937	250.2	248.2	250.2	1089,768,8,11	224.4	39.4816229	73.5914787	5016.3
938	148.1	148.1	148.1	809,1047,10,18	224.1	39.4816166	73.5914819	5016.3
939	206.2	206.2	206.2	1563,4,8,25	223.1	39.4816238	73.5914786	5016.4
940	54.1	54.1	54.1	1591,1017,10,8	223.0	39.4816212	73.5914851	5016.3
941	236.2	236.2	236.2	759,63,22,14	222.7	39.4816200	73.5914749	5016.3
942	234.2	234.2	234.2	609,577,8,12	222.6	39.4816200	73.5914748	5016.3
943	153.2	152.2	154.2	885,225,16,13	222.2	39.4816175	73.5914824	5016.3
944	236.2	236.2	236.2	256,649,6,13	221.9	39.4816200	73.5914749	5016.3
945	239.2	238.2	239.2	1897,127,12,10	221.7	39.4816200	73.5914751	5016.3
946	76.1	76.1	76.1	1793,1071,13,9	221.5	39.4816162	73.5914850	5016.3
947	129.1	129.1	133.1	813,969,12,10	220.4	39.4816159	73.5914814	5016.3
948	199.2	199.2	199.2	1363,769,10,8	220.3	39.4816237	73.5914798	5016.3
949	230.2	230.2	230.2	75,497,9,16	220.3	39.4816210	73.5914753	5016.3
950	0.0	0.0	1.0	1485,0,10,9	220.1	39.4816201	73.5914879	5016.3
951	54.1	54.1	54.1	489,859,8,14	220.0	39.4816212	73.5914851	5016.3
952	233.2	233.2	233.2	19,727,16,10	219.9	39.4816202	73.5914751	5016.3
953	245.2	238.2	245.2	267,3,16,10	219.8	39.4816206	73.5914775	5016.3
954	152.2	150.2	152.2	25,769,8,16	218.9	39.4816172	73.5914827	5016.3
955	249.2	248.2	253.3	763,831,12,10	218.5	39.4816223	73.5914788	5016.3
956	243.2	242.2	243.2	591,5,14,8	218.4	39.4816202	73.5914766	5016.3
957	217.2	216.2	217.2	735,143,22,14	218.3	39.4816229	73.5914761	5016.4
958	261.3	261.3	263.3	1021,1000,12,9	218.2	39.4816218	73.5914791	5016.3
959	174.2	173.2	174.2	359,637,6,14	217.7	39.4816214	73.5914830	5016.3
960	123.1	122.1	127.1	821,593,18,16	217.3	39.4816178	73.5914816	5016.3
961	173.2	172.2	173.2	545,221,12,10	217.2	39.4816212	73.5914831	5016.3
962	124.1	124.1	124.1	1851,287,14,10	217.1	39.4816178	73.5914814	5016.3
963	80.1	80.1	80.1	351,25,14,12	217.0	39.4816173	73.5914862	5016.3
964	108.1	108.1	108.1	1105,121,8,8	216.9	39.4816182	73.5914798	5016.3
965	175.2	175.2	175.2	1373,729,8,16	216.5	39.4816216	73.5914831	5016.3
966	255.3	254.3	257.3	176,926,14,8	216.4	39.4816226	73.5914786	5016.3
967	44.0	44.0	44.0	610,674,10,9	216.2	39.4816209	73.5914837	5016.3
968	226.2	226.2	231.2	471,798,14,11	216.2	39.4816223	73.5914758	5016.2
969	252.3	252.3	253.3	1309,983,8,13	216.1	39.4816236	73.5914786	5016.3
970	136.1	136.1	136.1	737,737,10,10	215.5	39.4816153	73.5914811	5016.3
971	38.0	38.0	42.0	967,523,10,14	215.1	39.4816201	73.5914834	5016.3
972	259.3	259.3	261.3	976,977,15,6	214.9	39.4816220	73.5914790	5016.3
973	37.0	34.0	40.0	1371,783,10,10	214.8	39.4816200	73.5914838	5016.3
974	33.0	33.0	33.0	1717,1039,12,15	214.2	39.4816199	73.5914849	5016.3
975	146.1	146.1	146.1	913,73,12,9	213.9	39.4816159	73.5914819	5016.3
976	119.1	119.1	119.1	867,933,14,8	213.8	39.4816189	73.5914816	5016.3
977	141.1	137.1	141.1	1411,49,14,11	213.6	39.4816151	73.5914814	5016.3
978	128.1	128.1	129.1	964,117,9,16	213.5	39.4816164	73.5914816	5016.3
979	250.2	248.2	250.2	557,145,10,8	213.3	39.4816229	73.5914787	5016.3
980	150.2	150.2	151.2	742,111,15,12	212.9	39.4816171	73.5914826	5016.3
981	112.1	112.1	112.1	41,530,8,17	212.5	39.4816186	73.5914806	5016.3
982	123.1	121.1	123.1	758,721,11,13	212.5	39.4816178	73.5914816	5016.3
983	232.2	232.2	234.2	314,726,9,11	212.1	39.4816206	73.5914750	5016.3
984	15.0	14.0	15.0	1777,949,10,14	211.9	39.4816194	73.5914863	5016.3
985	125.1	124.1	125.1	1745,647,13,11	211.9	39.4816173	73.5914813	5016.3
986	71.1	71.1	71.1	1327,269,16,8	211.3	39.4816170	73.5914852	5016.3
987	236.2	235.2	237.2	1032,0,8,17	211.3	39.4816200	73.5914749	5016.3
988	238.2	238.2	238.2	57,81,12,13	211.3	39.4816200	73.5914749	5016.3
989	47.0	47.0	47.0	103,812,10,7	211.2	39.4816209	73.5914839	5016.3
990	0.0	0.0	1.0	555,382,12,9	210.8	39.4816201	73.5914879	5016.3
991	203.2	203.2	203.2	425,331,13,6	210.8	39.4816237	73.5914794	5016.3
992	65.1	65.1	65.1	833,37,24,10	210.3	39.4816210	73.5914847	5016.3
993	161.2	161.2	161.2	209,369,12,16	210.1	39.4816195	73.5914824	5016.3
994	166.2	165.2	171.2	1223,641,8,10	210.1	39.4816198	73.5914838	5016.3
995	123.1	121.1	123.1	797,779,18,14	210.0	39.4816178	73.5914816	5016.3
996	197.2	197.2	199.2	307,1010,10,7	209.9	39.4816237	73.5914802	5016.3
997	112.1	112.1	112.1	25,169,4,16	209.4	39.4816186	73.5914806	5016.3
998	112.1	111.1	112.1	81,903,12,12	208.9	39.4816186	73.5914806	5016.3
999	84.1	84.1	84.1	1877,57,8,12	208.8	39.4816171	73.5914852	5016.3
1000	84.1	84.1	84.1	751,75,10,22	208.7	39.4816171	73.5914852	5016.3
1001	110.1	110.1	110.1	1224,725,5,12	208.7	39.4816182	73.5914801	5016.3
1002	181.2	181.2	181.2	1843,1041,9,12	208.6	39.4816231	73.5914838	5016.3
1003	7.0	7.0	7.0	1184,27,9,10	208.3	39.4816206	73.5914885	5016.3
1004	241.2	241.2	241.2	1031,229,10,8	208.2	39.4816202	73.5914758	5016.3
1005	162.2	162.2	162.2	1129,679,8,16	207.8	39.4816198	73.5914829	5016.3
1006	149.1	149.1	152.2	559,241,12,16	207.4	39.4816169	73.5914822	5016.3
1007	7.0	7.0	7.0	1505,767,6,10	206.6	39.4816206	73.5914885	5016.3
1008	69.1	68.1	69.1	873,5,16,16	206.2	39.4816185	73.5914848	5016.3
1009	210.2	210.2	210.2	927,823,10,10	206.2	39.4816232	73.5914774	5016.4
1010	228.2	228.2	228.2	1135,738,6,10	205.6	39.4816216	73.5914757	5016.3
1011	231.2	230.2	231.2	1009,153,14,8	205.6	39.4816207	73.5914749	5016.3
1012	188.2	188.2	188.2	1105,329,16,6	205.3	39.4816252	73.5914815	5016.3
1013	206.2	206.2	206.2	1671,193,11,7	205.1	39.4816238	73.5914786	5016.4
1014	83.1	83.1	83.1	1737,303,15,8	204.8	39.4816170	73.5914855	5016.3
1015	254.3	254.3	254.3	1865,256,19,5	204.6	39.4816231	73.5914786	5016.3
1016	58.1	56.1	60.1	1323,519,11,8	204.3	39.4816216	73.5914852	5016.3
1017	99.1	97.1	99.1	633,37,14,6	204.0	39.4816176	73.5914819	5016.4
1018	116.1	116.1	116.1	416,0,13,15	204.0	39.4816187	73.5914812	5016.3
1019	160.2	159.2	160.2	1125,809,17,6	203.7	39.4816193	73.5914824	5016.3
1020	58.1	58.1	63.1	761,465,8,16	203.6	39.4816216	73.5914852	5016.3
1021	128.1	128.1	128.1	137,743,10,8	203.6	39.4816164	73.5914816	5016.3
1022	44.0	44.0	47.0	199,613,10,12	203.4	39.4816209	73.5914837	5016.3
1023	160.2	158.2	160.2	1411,729,9,12	203.4	39.4816193	73.5914824	5016.3
1024	185.2	183.2	189.2	1315,802,14,5	203.3	39.4816247	73.5914825	5016.4
1025	172.2	172.2	172.2	729,553,8,8	203.0	39.4816211	73.5914835	5016.3
1026	199.2	199.2	199.2	673,985,6,15	203.0	39.4816237	73.5914798	5016.3
1027	163.2	163.2	163.2	339,459,3,22	202.7	39.4816198	73.5914831	5016.3
1028	259.3	259.3	262.3	725,591,9,10	202.7	39.4816220	73.5914790	5016.3
1029	192.2	191.2	192.2	410,393,11,10	202.5	39.4816248	73.5914809	5016.3
1030	200.2	200.2	200.2	1057,981,8,8	202.5	39.4816236	73.5914797	5016.3
1031	78.1	78.1	78.1	1441,211,8,10	202.4	39.4816170	73.5914856	5016.3
1032	124.1	124.1	127.1	1273,871,12,10	201.6	39.4816178	73.5914814	5016.3
1033	215.2	215.2	215.2	801,669,8,12	201.3	39.4816228	73.5914760	5016.3
1034	35.0	35.0	35.0	17,1055,14,10	201.2	39.4816202	73.5914845	5016.3
1035	89.1	89.1	89.1	1101,0,15,5	201.2	39.4816168	73.5914847	5016.3
1036	203.2	203.2	203.2	1219,809,14,8	201.1	39.4816237	73.5914794	5016.3
1037	58.1	58.1	58.1	45,111,12,12	200.8	39.4816216	73.5914852	5016.3
1038	32.0	32.0	32.0	1115,265,18,8	200.3	39.4816198	73.5914849	5016.3
1039	6.0	4.0	6.0	1905,401,15,11	200.2	39.4816208	73.5914886	5016.3
1040	241.2	241.2	241.2	1359,222,12,12	200.1	39.4816202	73.5914758	5016.3
1041	81.1	81.1	81.1	1183,321,12,10	199.9	39.4816170	73.5914862	5016.3
1042	244.2	244.2	246.2	9,333,6,14	199.7	39.4816205	73.5914771	5016.3
1043	101.1	101.1	101.1	1357,697,12,6	199.2	39.4816176	73.5914814	5016.3
1044	35.0	35.0	36.0	1425,1059,8,10	198.9	39.4816202	73.5914845	5016.3
1045	248.2	248.2	248.2	465,576,12,17	198.9	39.4816219	73.5914787	5016.3
1046	26.0	26.0	26.0	1379,929,14,10	198.8	39.4816191	73.5914851	5016.3
1047	122.1	121.1	122.1	658,817,7,8	198.8	39.4816181	73.5914818	5016.3
1048	106.1	106.1	109.1	1105,345,10,6	198.5	39.4816180	73.5914803	5016.3
1049	112.1	111.1	112.1	111,673,10,10	198.1	39.4816186	73.5914806	5016.3
1050	82.1	82.1	82.1	1001,194,10,11	197.6	39.4816170	73.5914858	5016.3
1051	86.1	86.1	86.1	1369,141,10,16	197.6	39.4816170	73.5914844	5016.3
1052	74.1	74.1	74.1	1823,1062,10,8	197.5	39.4816157	73.5914850	5016.3
1053	118.1	118.1	118.1	337,351,12,12	197.3	39.4816189	73.5914812	5016.3
1054	191.2	191.2	191.2	813,173,12,11	197.1	39.4816250	73.5914811	5016.3
1055	213.2	213.2	213.2	421,495,4,16	197.1	39.4816230	73.5914765	5016.3
1056	245.2	244.2	245.2	909,57,12,8	197.1	39.4816206	73.5914775	5016.3
1057	153.2	151.2	154.2	41,759,13,6	196.9	39.4816175	73.5914824	5016.3
1058	174.2	171.2	174.2	737,77,12,6	196.5	39.4816214	73.5914830	5016.3
1059	191.2	191.2	191.2	791,25,16,14	196.3	39.4816250	73.5914811	5016.3
1060	83.1	83.1	85.1	1137,209,9,10	195.9	39.4816170	73.5914855	5016.3
1061	204.2	204.2	204.2	1737,537,8,6	195.9	39.4816238	73.5914791	5016.3
1062	4.0	3.0	4.0	6,173,17,12	195.7	39.4816210	73.5914886	5016.3
1063	168.2	168.2	168.2	933,945,8,8	195.7	39.4816202	73.5914839	5016.3
1064	175.2	175.2	178.2	555,455,15,10	195.6	39.4816216	73.5914831	5016.3
1065	56.1	56.1	60.1	549,227,12,8	195.5	39.4816218	73.5914851	5016.3
1066	22.0	22.0	22.0	1489,475,11,6	195.1	39.4816188	73.5914855	5016.3
1067	232.2	232.2	232.2	52,85,8,14	194.8	39.4816206	73.5914750	5016.3
1068	166.2	166.2	167.2	745,437,12,10	194.4	39.4816198	73.5914838	5016.3
1069	254.3	254.3	254.3	311,509,10,15	194.2	39.4816231	73.5914786	5016.3
1070	131.1	131.1	131.1	636,360,13,6	194.1	39.4816155	73.5914808	5016.3
1071	181.2	181.2	181.2	1894,701,13,10	193.8	39.4816231	73.5914838	5016.3
1072	251.3	251.3	251.3	861,1017,12,12	193.8	39.4816233	73.5914787	5016.3
1073	130.1	130.1	131.1	799,191,18,10	193.7	39.4816158	73.5914811	5016.3
1074	205.2	205.2	205.2	617,849,9,8	193.5	39.4816239	73.5914789	5016.4
1075	235.2	235.2	235.2	545,573,18,6	193.5	39.4816200	73.5914748	5016.3
1076	22.0	22.0	25.0	918,379,15,10	193.3	39.4816188	73.5914855	5016.3
1077	132.1	131.1	132.1	660,25,21,8	193.2	39.4816156	73.5914804	5016.3
1078	108.1	108.1	108.1	1529,943,20,7	192.8	39.4816182	73.5914798	5016.3
1079	123.1	121.1	124.1	891,409,8,9	192.7	39.4816178	73.5914816	5016.3
1080	239.2	239.2	239.2	549,233,14,16	192.6	39.4816200	73.5914751	5016.3
1081	67.1	63.1	70.1	25,778,8,15	192.5	39.4816199	73.5914846	5016.3
1082	259.3	259.3	259.3	1150,987,6,13	192.4	39.4816220	73.5914790	5016.3
1083	184.2	184.2	184.2	1549,1071,16,9	192.2	39.4816243	73.5914831	5016.3
1084	181.2	181.2	181.2	1841,833,6,12	191.9	39.4816231	73.5914838	5016.3
1085	258.3	258.3	258.3	929,769,8,8	191.6	39.4816224	73.5914790	5016.3
1086	205.2	205.2	205.2	695,882,6,13	191.3	39.4816239	73.5914789	5016.4
1087	72.1	72.1	72.1	1705,0,8,7	191.1	39.4816162	73.5914851	5016.3
1088	19.0	19.0	19.0	852,89,9,8	190.8	39.4816190	73.5914855	5016.3
1089	121.1	121.1	121.1	1009,707,8,10	190.8	39.4816188	73.5914817	5016.3
1090	259.3	259.3	260.3	593,737,8,10	190.6	39.4816220	73.5914790	5016.3
1091	55.1	55.1	55.1	226,0,9,8	190.5	39.4816216	73.5914852	5016.3
1092	246.2	246.2	246.2	83,28,7,13	190.2	39.4816208	73.5914780	5016.3
1093	117.1	117.1	117.1	65,65,16,10	189.8	39.4816188	73.5914811	5016.4
1094	55.1	55.1	55.1	463,26,8,15	189.6	39.4816216	73.5914852	5016.3
1095	147.1	144.1	150.2	673,507,11,10	189.6	39.4816162	73.5914819	5016.3
1096	120.1	120.1	122.1	113,677,8,20	189.1	39.4816189	73.5914817	5016.3
1097	166.2	166.2	166.2	571,79,22,18	189.1	39.4816198	73.5914838	5016.3
1098	221.2	221.2	221.2	433,511,10,9	189.1	39.4816226	73.5914762	5016.3
1099	237.2	237.2	237.2	273,537,7,13	189.0	39.4816200	73.5914749	5016.3
1100	76.1	76.1	76.1	1163,1001,8,12	188.2	39.4816162	73.5914850	5016.3
1101	181.2	181.2	181.2	1142,501,11,9	188.2	39.4816231	73.5914838	5016.3
1102	240.2	239.2	240.2	149,41,20,11	188.2	39.4816201	73.5914754	5016.3
1103	81.1	81.1	81.1	761,129,8,16	188.1	39.4816170	73.5914862	5016.3
1104	203.2	203.2	203.2	569,31,12,14	187.9	39.4816237	73.5914794	5016.3
1105	200.2	200.2	200.2	769,793,8,8	187.6	39.4816236	73.5914797	5016.3
1106	241.2	241.2	241.2	1242,401,7,12	187.3	39.4816202	73.5914758	5016.3
1107	122.1	122.1	123.1	645,740,10,13	187.2	39.4816181	73.5914818	5016.3
1108	145.1	133.1	145.1	768,87,9,10	187.2	39.4816158	73.5914819	5016.3
1109	215.2	215.2	216.2	839,291,10,8	187.1	39.4816228	73.5914760	5016.3
1110	260.3	259.3	265.3	801,865,10,8	187.0	39.4816218	73.5914790	5016.3
1111	67.1	67.1	67.1	1701,39,14,8	186.4	39.4816199	73.5914846	5016.3
1112	175.2	175.2	175.2	603,118,10,9	186.4	39.4816216	73.5914831	5016.3
1113	1.0	1.0	1.0	1721,52,16,7	186.1	39.4816202	73.5914881	5016.3
1114	173.2	172.2	176.2	525,730,10,9	186.1	39.4816212	73.5914831	5016.3
1115	108.1	108.1	108.1	637,35,16,12	186.0	39.4816182	73.5914798	5016.3
1116	115.1	115.1	115.1	1451,780,16,9	185.8	39.4816187	73.5914812	5016.3
1117	107.1	107.1	107.1	1001,249,8,22	185.6	39.4816181	73.5914800	5016.3
1118	54.1	54.1	54.1	1192,1026,9,8	185.3	39.4816212	73.5914851	5016.3
1119	37.0	37.0	37.0	1145,626,7,15	184.7	39.4816200	73.5914838	5016.3
1120	74.1	74.1	74.1	1302,165,13,10	184.6	39.4816157	73.5914850	5016.3
1121	115.1	115.1	116.1	965,191,18,12	184.4	39.4816187	73.5914812	5016.3
1122	54.1	54.1	54.1	351,389,10,8	184.2	39.4816212	73.5914851	5016.3
1123	151.2	150.2	152.2	545,157,12,11	183.8	39.4816174	73.5914828	5016.3
1124	238.2	237.2	241.2	1537,101,16,4	183.7	39.4816200	73.5914749	5016.3
1125	142.1	139.1	146.1	481,897,8,14	183.6	39.4816152	73.5914815	5016.3
1126	1.0	1.0	1.0	1679,0,14,9	183.5	39.4816202	73.5914881	5016.3
1127	44.0	44.0	44.0	448,593,11,10	183.2	39.4816209	73.5914837	5016.3
1128	70.1	69.1	70.1	1792,966,7,11	183.1	39.4816176	73.5914851	5016.3
1129	161.2	161.2	161.2	1219,1002,12,6	183.1	39.4816195	73.5914824	5016.3
1130	10.0	8.0	13.0	531,470,8,11	183.0	39.4816200	73.5914877	5016.3
1131	34.0	34.0	34.0	967,37,15,8	182.9	39.4816201	73.5914846	5016.3
1132	204.2	204.2	204.2	63,595,12,4	182.7	39.4816238	73.5914791	5016.3
1133	113.1	113.1	113.1	15,1025,10,10	182.5	39.4816185	73.5914809	5016.3
1134	6.0	5.0	6.0	1865,363,10,9	182.1	39.4816208	73.5914886	5016.3
1135	50.1	50.1	50.1	890,715,5,13	182.1	39.4816208	73.5914846	5016.3
1136	243.2	243.2	243.2	817,253,8,12	181.9	39.4816202	73.5914766	5016.3
1137	7.0	2.0	7.0	1791,169,10,8	181.5	39.4816206	73.5914885	5016.3
1138	23.0	23.0	23.0	1385,887,16,6	181.5	39.4816188	73.5914855	5016.3
1139	244.2	244.2	244.2	820,43,13,10	181.5	39.4816205	73.5914771	5016.3
1140	113.1	113.1	113.1	57,977,8,13	181.2	39.4816185	73.5914809	5016.3
1141	203.2	203.2	203.2	675,753,14,6	181.2	39.4816237	73.5914794	5016.3
1142	60.1	56.1	60.1	629,29,16,9	180.8	39.4816217	73.5914848	5016.4
1143	83.1	83.1	83.1	899,77,16,12	180.7	39.4816170	73.5914855	5016.3
1144	92.1	92.1	92.1	906,61,15,11	180.5	39.4816167	73.5914845	5016.3
1145	107.1	104.1	107.1	1041,779,12,6	180.5	39.4816181	73.5914800	5016.3
1146	258.3	258.3	258.3	1827,819,10,9	180.0	39.4816224	73.5914790	5016.3
1147	136.1	135.1	141.1	609,223,8,8	179.1	39.4816153	73.5914811	5016.3
1148	83.1	83.1	83.1	1113,43,24,8	179.0	39.4816170	73.5914855	5016.3
1149	108.1	108.1	108.1	441,929,4,13	178.7	39.4816182	73.5914798	5016.3
1150	118.1	118.1	118.1	349,909,12,12	178.7	39.4816189	73.5914812	5016.3
1151	6.0	4.0	6.0	1913,306,7,7	178.0	39.4816208	73.5914886	5016.3
1152	45.0	44.0	46.0	105,785,11,6	177.9	39.4816210	73.5914838	5016.3
1153	124.1	124.1	124.1	1737,313,10,14	177.9	39.4816178	73.5914814	5016.3
1154	210.2	209.2	212.2	1033,141,19,11	176.9	39.4816232	73.5914774	5016.4
1155	16.0	10.0	17.0	1097,457,16,8	176.8	39.4816192	73.5914860	5016.3
1156	127.1	124.1	127.1	1835,449,8,16	176.5	39.4816167	73.5914814	5016.3
1157	278.3	278.3	278.3	1001,1069,8,11	176.4	39.4816235	73.5914779	5016.3
1158	14.0	7.0	16.0	777,156,14,9	175.9	39.4816197	73.5914866	5016.3
1159	151.2	151.2	151.2	585,921,8,20	175.4	39.4816174	73.5914828	5016.3
1160	67.1	67.1	67.1	935,9,18,8	175.3	39.4816199	73.5914846	5016.3
1161	198.2	198.2	198.2	941,927,12,6	175.3	39.4816236	73.5914802	5016.3
1162	233.2	233.2	233.2	739,77,8,12	175.3	39.4816202	73.5914751	5016.3
1163	60.1	57.1	60.1	225,47,6,10	175.2	39.4816217	73.5914848	5016.4
1164	247.2	247.2	247.2	882,1067,15,8	175.1	39.4816214	73.5914785	5016.3
1165	103.1	103.1	108.1	837,387,10,10	175.0	39.4816176	73.5914811	5016.3
1166	161.2	161.2	161.2	1881,955,8,8	174.5	39.4816195	73.5914824	5016.3
1167	232.2	232.2	232.2	343,73,10,8	174.5	39.4816206	73.5914750	5016.3
1168	34.0	34.0	34.0	1396,1049,9,12	174.3	39.4816201	73.5914846	5016.3
1169	132.1	132.1	133.1	1007,137,10,10	174.2	39.4816156	73.5914804	5016.3
1170	211.2	211.2	211.2	465,199,10,10	174.2	39.4816232	73.5914771	5016.4
1171	12.0	9.0	13.0	561,433,10,8	173.9	39.4816201	73.5914874	5016.3
1172	245.2	245.2	245.2	705,99,11,7	173.7	39.4816206	73.5914775	5016.3
1173	55.1	55.1	55.1	409,90,12,7	173.3	39.4816216	73.5914852	5016.3
1174	14.0	8.0	18.0	1041,829,8,9	173.2	39.4816197	73.5914866	5016.3
1175	26.0	26.0	26.0	1348,1005,10,12	173.2	39.4816191	73.5914851	5016.3
1176	54.1	54.1	54.1	89,29,8,12	173.2	39.4816212	73.5914851	5016.3
1177	111.1	111.1	111.1	417,300,10,15	173.2	39.4816186	73.5914804	5016.3
1178	8.0	8.0	8.0	866,769,15,4	172.9	39.4816201	73.5914881	5016.3
1179	108.1	108.1	108.1	1185,407,14,4	172.9	39.4816182	73.5914798	5016.3
1180	145.1	145.1	145.1	89,973,6,12	172.9	39.4816158	73.5914819	5016.3
1181	166.2	166.2	166.2	505,175,12,12	172.8	39.4816198	73.5914838	5016.3
1182	82.1	82.1	82.1	517,7,8,14	172.6	39.4816170	73.5914858	5016.3
1183	204.2	204.2	204.2	13,467,12,8	172.5	39.4816238	73.5914791	5016.3
1184	5.0	5.0	6.0	1841,359,16,6	172.4	39.4816210	73.5914886	5016.3
1185	109.1	109.1	109.1	1617,178,10,7	172.2	39.4816182	73.5914800	5016.3
1186	110.1	110.1	110.1	1677,841,14,6	171.8	39.4816182	73.5914801	5016.3
1187	184.2	182.2	185.2	1839,635,18,8	171.8	39.4816243	73.5914831	5016.3
1188	96.1	96.1	96.1	706,121,7,8	171.7	39.4816175	73.5914833	5016.3
1189	28.0	28.0	28.0	931,451,14,14	171.4	39.4816196	73.5914849	5016.3
1190	34.0	34.0	34.0	1241,947,12,14	171.3	39.4816201	73.5914846	5016.3
1191	70.1	69.1	70.1	1733,800,18,5	171.1	39.4816176	73.5914851	5016.3
1192	146.1	142.1	146.1	778,65,19,8	171.0	39.4816159	73.5914819	5016.3
1193	137.1	135.1	137.1	721,847,8,12	170.9	39.4816153	73.5914814	5016.3
1194	92.1	92.1	92.1	1524,59,15,8	170.7	39.4816167	73.5914845	5016.3
1195	45.0	45.0	45.0	9,647,8,10	170.5	39.4816210	73.5914838	5016.3
1196	126.1	125.1	129.1	1035,791,11,10	170.4	39.4816169	73.5914814	5016.3
1197	149.1	149.1	153.2	257,1055,8,6	170.2	39.4816169	73.5914822	5016.3
1198	254.3	254.3	254.3	1135,801,10,16	170.1	39.4816231	73.5914786	5016.3
1199	2.0	2.0	2.0	1835,361,6,8	169.9	39.4816204	73.5914884	5016.2
1200	279.3	279.3	279.3	801,5,10,10	169.6	39.4816236	73.5914776	5016.3
1201	1.0	0.0	1.0	1778,713,9,10	169.5	39.4816202	73.5914881	5016.3
1202	54.1	54.1	54.1	1900,727,9,10	169.4	39.4816212	73.5914851	5016.3
1203	58.1	58.1	58.1	115,157,17,4	169.3	39.4816216	73.5914852	5016.3
1204	126.1	125.1	127.1	979,1019,8,7	169.2	39.4816169	73.5914814	5016.3
1205	161.2	159.2	161.2	1131,346,10,15	169.2	39.4816195	73.5914824	5016.3
1206	166.2	166.2	166.2	257,0,12,11	169.0	39.4816198	73.5914838	5016.3
1207	205.2	205.2	205.2	1429,1051,10,6	169.0	39.4816239	73.5914789	5016.4
1208	120.1	120.1	120.1	1017,967,14,8	168.8	39.4816189	73.5914817	5016.3
1209	74.1	74.1	74.1	1857,873,10,20	168.7	39.4816157	73.5914850	5016.3
1210	74.1	74.1	74.1	1911,991,6,10	168.7	39.4816157	73.5914850	5016.3
1211	128.1	128.1	130.1	1017,1057,8,8	168.7	39.4816164	73.5914816	5016.3
1212	137.1	137.1	139.1	785,973,12,13	168.7	39.4816153	73.5914814	5016.3
1213	30.0	30.0	30.0	1137,877,8,12	168.6	39.4816196	73.5914849	5016.3
1214	125.1	125.1	125.1	944,728,11,7	168.4	39.4816173	73.5914813	5016.3
1215	24.0	24.0	25.0	1062,998,17,7	168.3	39.4816189	73.5914855	5016.3
1216	232.2	232.2	232.2	417,119,12,9	168.3	39.4816206	73.5914750	5016.3
1217	219.2	219.2	219.2	409,601,4,16	168.2	39.4816230	73.5914763	5016.3
1218	244.2	244.2	244.2	201,905,8,8	168.0	39.4816205	73.5914771	5016.3
1219	0.0	0.0	0.0	1793,309,8,12	167.9	39.4816201	73.5914879	5016.3
1220	10.0	9.0	15.0	913,645,16,10	167.9	39.4816200	73.5914877	5016.3
1221	86.1	86.1	86.1	740,75,19,10	167.7	39.4816170	73.5914844	5016.3
1222	205.2	205.2	205.2	585,1049,8,12	167.7	39.4816239	73.5914789	5016.4
1223	115.1	115.1	115.1	1241,26,8,9	167.6	39.4816187	73.5914812	5016.3
1224	172.2	172.2	172.2	641,217,12,13	167.6	39.4816211	73.5914835	5016.3
1225	173.2	173.2	174.2	289,857,8,8	167.6	39.4816212	73.5914831	5016.3
1226	55.1	55.1	55.1	1101,785,8,8	167.4	39.4816216	73.5914852	5016.3
1227	215.2	215.2	215.2	1073,969,8,8	167.1	39.4816228	73.5914760	5016.3
1228	8.0	8.0	13.0	924,165,7,8	166.9	39.4816201	73.5914881	5016.3
1229	136.1	136.1	137.1	657,103,16,6	166.9	39.4816153	73.5914811	5016.3
1230	252.3	252.3	253.3	963,1051,8,10	166.3	39.4816236	73.5914786	5016.3
1231	54.1	50.1	54.1	1031,839,8,10	166.1	39.4816212	73.5914851	5016.3
1232	68.1	68.1	68.1	1538,1009,7,11	166.0	39.4816193	73.5914846	5016.3
1233	136.1	136.1	136.1	603,837,9,11	166.0	39.4816153	73.5914811	5016.3
1234	232.2	232.2	232.2	724,782,9,10	165.7	39.4816206	73.5914750	5016.3
1235	239.2	239.2	239.2	470,104,7,12	165.7	39.4816200	73.5914751	5016.3
1236	26.0	26.0	26.0	1181,837,8,8	165.6	39.4816191	73.5914851	5016.3
1237	64.1	64.1	64.1	1913,631,7,10	165.3	39.4816216	73.5914847	5016.3
1238	113.1	113.1	113.1	1681,199,8,10	165.0	39.4816185	73.5914809	5016.3
1239	211.2	208.2	211.2	654,595,11,6	165.0	39.4816232	73.5914771	5016.4
1240	257.3	257.3	257.3	186,1019,10,9	164.5	39.4816223	73.5914789	5016.2
1241	40.0	40.0	43.0	819,137,14,8	164.0	39.4816204	73.5914835	5016.3
1242	151.2	146.1	151.2	657,169,6,8	163.8	39.4816174	73.5914828	5016.3
1243	119.1	119.1	119.1	472,89,9,6	163.4	39.4816189	73.5914816	5016.3
1244	119.1	118.1	119.1	97,1015,8,10	163.2	39.4816189	73.5914816	5016.3
1245	152.2	150.2	153.2	486,123,13,7	163.2	39.4816172	73.5914827	5016.3
1246	165.2	165.2	165.2	897,481,6,10	163.1	39.4816198	73.5914835	5016.3
1247	195.2	195.2	195.2	873,0,8,11	163.0	39.4816241	73.5914802	5016.3
1248	57.1	54.1	58.1	439,895,10,12	162.8	39.4816217	73.5914849	5016.3
1249	91.1	91.1	91.1	1063,109,16,4	162.2	39.4816167	73.5914848	5016.3
1250	1.0	0.0	2.0	1893,645,8,14	162.1	39.4816202	73.5914881	5016.3
1251	67.1	67.1	67.1	1893,477,10,8	161.9	39.4816199	73.5914846	5016.3
1252	189.2	189.2	189.2	1073,1033,18,5	161.5	39.4816255	73.5914813	5016.3
1253	227.2	225.2	228.2	1270,867,8,8	161.3	39.4816221	73.5914758	5016.3
1254	232.2	232.2	232.2	231,205,8,15	161.0	39.4816206	73.5914750	5016.3
1255	0.0	0.0	1.0	1638,482,7,10	160.8	39.4816201	73.5914879	5016.3
1256	240.2	240.2	240.2	33,409,6,16	160.6	39.4816201	73.5914754	5016.3
1257	241.2	241.2	241.2	970,469,15,4	160.0	39.4816202	73.5914758	5016.3
1258	173.2	173.2	173.2	359,939,10,6	159.8	39.4816212	73.5914831	5016.3
1259	186.2	182.2	187.2	1445,377,4,14	159.8	39.4816252	73.5914820	5016.4
1260	149.1	149.1	151.2	584,224,8,13	159.6	39.4816169	73.5914822	5016.3
1261	15.0	14.0	16.0	898,777,12,8	159.4	39.4816194	73.5914863	5016.3
1262	176.2	176.2	176.2	263,23,8,8	159.4	39.4816217	73.5914833	5016.3
1263	117.1	117.1	117.1	725,65,6,8	159.2	39.4816188	73.5914811	5016.4
1264	41.0	41.0	41.0	1881,521,6,10	159.0	39.4816204	73.5914837	5016.3
1265	111.1	111.1	111.1	0,873,9,8	159.0	39.4816186	73.5914804	5016.3
1266	161.2	161.2	161.2	1375,742,5,12	158.8	39.4816195	73.5914824	5016.3
1267	231.2	231.2	231.2	269,359,14,12	158.8	39.4816207	73.5914749	5016.3
1268	6.0	6.0	6.0	1101,127,6,10	158.6	39.4816208	73.5914886	5016.3
1269	115.1	115.1	117.1	1161,219,8,10	158.6	39.4816187	73.5914812	5016.3
1270	121.1	121.1	121.1	378,869,7,15	158.6	39.4816188	73.5914817	5016.3
1271	172.2	172.2	172.2	1081,937,12,4	158.4	39.4816211	73.5914835	5016.3
1272	222.2	222.2	222.2	641,0,8,9	157.6	39.4816224	73.5914763	5016.4
1273	153.2	153.2	153.2	943,497,10,9	157.5	39.4816175	73.5914824	5016.3
1274	219.2	219.2	219.2	745,529,14,8	157.4	39.4816230	73.5914763	5016.3
1275	221.2	221.2	221.2	285,529,8,8	157.4	39.4816226	73.5914762	5016.3
1276	91.1	91.1	93.1	1903,277,10,10	157.2	39.4816167	73.5914848	5016.3
1277	42.0	42.0	42.0	1739,825,10,12	156.9	39.4816205	73.5914838	5016.3
1278	263.3	263.3	263.3	729,893,6,15	156.8	39.4816217	73.5914796	5016.3
1279	159.2	156.2	160.2	439,32,10,11	156.7	39.4816192	73.5914824	5016.3
1280	217.2	217.2	217.2	1293,137,15,4	156.6	39.4816229	73.5914761	5016.4
1281	103.1	103.1	105.1	1078,201,17,4	156.4	39.4816176	73.5914811	5016.3
1282	146.1	146.1	147.1	903,155,13,14	156.1	39.4816159	73.5914819	5016.3
1283	156.2	154.2	156.2	833,155,8,14	156.0	39.4816187	73.5914824	5016.3
1284	97.1	95.1	101.1	925,425,14,8	155.9	39.4816175	73.5914828	5016.3
1285	41.0	41.0	41.0	1309,929,12,10	155.6	39.4816204	73.5914837	5016.3
1286	275.3	275.3	275.3	189,819,9,10	155.6	39.4816233	73.5914784	5016.3
1287	256.3	256.3	256.3	81,457,5,8	155.2	39.4816224	73.5914787	5016.2
1288	36.0	36.0	36.0	795,490,7,14	155.1	39.4816201	73.5914842	5016.3
1289	67.1	66.1	67.1	1715,541,14,8	155.0	39.4816199	73.5914846	5016.3
1290	269.3	269.3	269.3	475,47,18,16	154.6	39.4816214	73.5914801	5016.3
1291	181.2	181.2	181.2	1297,1059,8,10	154.1	39.4816231	73.5914838	5016.3
1292	95.1	94.1	95.1	513,175,14,14	153.8	39.4816173	73.5914837	5016.3
1293	76.1	76.1	76.1	1120,883,9,6	153.7	39.4816162	73.5914850	5016.3
1294	156.2	151.2	156.2	397,389,4,16	153.7	39.4816187	73.5914824	5016.3
1295	169.2	169.2	169.2	247,13,10,19	153.7	39.4816206	73.5914840	5016.3
1296	172.2	171.2	172.2	1025,791,8,6	153.6	39.4816211	73.5914835	5016.3
1297	233.2	233.2	233.2	157,839,6,10	153.6	39.4816202	73.5914751	5016.3
1298	157.2	157.2	157.2	1173,661,14,12	153.4	39.4816189	73.5914823	5016.3
1299	149.1	149.1	149.1	889,193,11,8	153.1	39.4816169	73.5914822	5016.3
1300	221.2	221.2	225.2	275,361,8,16	152.3	39.4816226	73.5914762	5016.3
1301	123.1	123.1	123.1	991,322,10,10	152.2	39.4816178	73.5914816	5016.3
1302	41.0	39.0	41.0	229,899,8,6	151.2	39.4816204	73.5914837	5016.3
1303	115.1	115.1	115.1	33,778,14,7	151.2	39.4816187	73.5914812	5016.3
1304	66.1	66.1	66.1	0,917,11,11	151.1	39.4816204	73.5914847	5016.3
1305	235.2	235.2	235.2	168,431,6,7	151.0	39.4816200	73.5914748	5016.3
1306	253.3	253.3	253.3	1277,1074,14,6	150.9	39.4816236	73.5914785	5016.3
1307	153.2	153.2	153.2	717,945,12,13	150.6	39.4816175	73.5914824	5016.3
1308	73.1	73.1	73.1	1033,289,11,14	150.4	39.4816156	73.5914851	5016.3
1309	182.2	182.2	182.2	1576,1021,6,7	149.5	39.4816235	73.5914838	5016.3
1310	56.1	56.1	58.1	727,97,8,14	149.4	39.4816218	73.5914851	5016.3
1311	237.2	237.2	237.2	85,389,4,12	149.1	39.4816200	73.5914749	5016.3
1312	205.2	205.2	205.2	1877,398,12,8	149.0	39.4816239	73.5914789	5016.4
1313	181.2	181.2	181.2	520,1051,5,14	148.5	39.4816231	73.5914838	5016.3
1314	14.0	13.0	18.0	1057,589,6,10	147.8	39.4816197	73.5914866	5016.3
1315	172.2	172.2	172.2	18,996,14,5	147.7	39.4816211	73.5914835	5016.3
1316	215.2	215.2	215.2	209,165,10,8	147.6	39.4816228	73.5914760	5016.3
1317	241.2	241.2	241.2	1906,509,9,6	147.6	39.4816202	73.5914758	5016.3
1318	254.3	254.3	254.3	337,283,8,12	147.6	39.4816231	73.5914786	5016.3
1319	75.1	75.1	75.1	1355,859,10,6	147.3	39.4816157	73.5914849	5016.3
1320	93.1	93.1	95.1	1471,145,13,6	147.3	39.4816168	73.5914842	5016.3
1321	118.1	118.1	118.1	1901,65,12,8	147.3	39.4816189	73.5914812	5016.3
1322	62.1	62.1	62.1	1481,997,12,8	147.2	39.4816219	73.5914846	5016.3
1323	23.0	23.0	23.0	1713,65,8,8	147.0	39.4816188	73.5914855	5016.3
1324	147.1	145.1	147.1	580,71,13,8	146.9	39.4816162	73.5914819	5016.3
1325	63.1	63.1	63.1	961,99,8,12	146.8	39.4816219	73.5914846	5016.3
1326	56.1	56.1	56.1	581,325,12,6	146.2	39.4816218	73.5914851	5016.3
1327	131.1	130.1	131.1	648,249,9,16	146.2	39.4816155	73.5914808	5016.3
1328	75.1	75.1	75.1	651,353,9,8	146.0	39.4816157	73.5914849	5016.3
1329	96.1	96.1	96.1	1551,95,10,7	145.6	39.4816175	73.5914833	5016.3
1330	120.1	120.1	120.1	533,893,8,11	145.6	39.4816189	73.5914817	5016.3
1331	18.0	18.0	18.0	197,29,12,12	145.5	39.4816189	73.5914858	5016.3
1332	251.3	249.2	251.3	1210,849,15,8	145.4	39.4816233	73.5914787	5016.3
1333	234.2	234.2	234.2	1443,747,10,8	145.3	39.4816200	73.5914748	5016.3
1334	256.3	256.3	256.3	635,304,10,7	145.2	39.4816224	73.5914787	5016.2
1335	151.2	149.1	152.2	743,135,12,8	145.1	39.4816174	73.5914828	5016.3
1336	122.1	122.1	122.1	883,907,4,24	144.8	39.4816181	73.5914818	5016.3
1337	252.3	252.3	252.3	1005,929,12,10	144.7	39.4816236	73.5914786	5016.3
1338	122.1	122.1	122.1	557,742,12,7	144.6	39.4816181	73.5914818	5016.3
1339	260.3	260.3	261.3	711,265,14,8	144.5	39.4816218	73.5914790	5016.3
1340	271.3	271.3	276.3	1345,393,6,10	144.3	39.4816228	73.5914796	5016.3
1341	110.1	110.1	110.1	1297,843,10,8	144.1	39.4816182	73.5914801	5016.3
1342	217.2	217.2	217.2	131,786,6,15	144.1	39.4816229	73.5914761	5016.4
1343	42.0	42.0	42.0	837,783,8,10	143.8	39.4816205	73.5914838	5016.3
1344	154.2	154.2	155.2	581,185,12,8	143.8	39.4816180	73.5914825	5016.3
1345	181.2	181.2	181.2	1483,593,6,8	143.6	39.4816231	73.5914838	5016.3
1346	147.1	147.1	147.1	704,33,9,10	143.3	39.4816162	73.5914819	5016.3
1347	183.2	183.2	183.2	5,799,12,10	143.3	39.4816239	73.5914836	5016.3
1348	42.0	42.0	42.0	1825,141,8,6	143.2	39.4816205	73.5914838	5016.3
1349	56.1	56.1	58.1	1045,857,12,8	143.2	39.4816218	73.5914851	5016.3
1350	73.1	73.1	73.1	867,427,10,8	143.1	39.4816156	73.5914851	5016.3
1351	260.3	260.3	260.3	823,949,8,6	143.1	39.4816218	73.5914790	5016.3
1352	212.2	208.2	212.2	381,542,4,19	142.9	39.4816231	73.5914768	5016.4
1353	241.2	241.2	241.2	1039,585,6,12	142.5	39.4816202	73.5914758	5016.3
1354	123.1	123.1	123.1	301,957,14,6	142.4	39.4816178	73.5914816	5016.3
1355	106.1	105.1	106.1	1017,0,15,4	142.2	39.4816180	73.5914803	5016.3
1356	212.2	212.2	212.2	495,515,8,14	142.0	39.4816231	73.5914768	5016.4
1357	232.2	232.2	232.2	97,293,6,9	142.0	39.4816206	73.5914750	5016.3
1358	73.1	73.1	73.1	1739,644,6,11	141.9	39.4816156	73.5914851	5016.3
1359	96.1	96.1	96.1	1321,25,6,12	141.9	39.4816175	73.5914833	5016.3
1360	133.1	133.1	133.1	1063,945,7,8	141.8	39.4816157	73.5914803	5016.3
1361	170.2	170.2	170.2	641,465,6,16	140.6	39.4816211	73.5914840	5016.3
1362	250.2	247.2	250.2	1097,341,8,8	140.3	39.4816229	73.5914787	5016.3
1363	114.1	114.1	114.1	1297,99,11,6	140.1	39.4816186	73.5914812	5016.3
1364	269.3	269.3	269.3	1095,457,8,8	139.9	39.4816214	73.5914801	5016.3
1365	25.0	25.0	25.0	841,721,8,8	139.6	39.4816189	73.5914850	5016.3
1366	17.0	15.0	17.0	993,930,8,10	139.5	39.4816189	73.5914860	5016.3
1367	54.1	54.1	54.1	123,165,7,8	139.1	39.4816212	73.5914851	5016.3
1368	176.2	176.2	178.2	672,263,6,6	139.1	39.4816217	73.5914833	5016.3
1369	17.0	17.0	18.0	1435,542,14,7	138.9	39.4816189	73.5914860	5016.3
1370	43.0	43.0	43.0	1491,751,6,8	138.8	39.4816206	73.5914838	5016.3
1371	118.1	118.1	118.1	297,875,12,7	138.6	39.4816189	73.5914812	5016.3
1372	237.2	235.2	240.2	351,623,10,8	138.4	39.4816200	73.5914749	5016.3
1373	269.3	269.3	274.3	1241,217,13,8	138.4	39.4816214	73.5914801	5016.3
1374	70.1	70.1	71.1	879,103,18,2	138.2	39.4816176	73.5914851	5016.3
1375	72.1	72.1	72.1	1505,595,10,14	138.1	39.4816162	73.5914851	5016.3
1376	240.2	238.2	240.2	119,61,4,12	138.1	39.4816201	73.5914754	5016.3
1377	100.1	100.1	100.1	1005,19,14,4	137.9	39.4816176	73.5914816	5016.3
1378	249.2	248.2	253.3	873,875,8,10	137.9	39.4816223	73.5914788	5016.3
1379	268.3	268.3	268.3	527,119,14,16	137.8	39.4816210	73.5914802	5016.3
1380	169.2	169.2	169.2	701,137,8,8	137.7	39.4816206	73.5914840	5016.3
1381	123.1	123.1	125.1	707,497,8,14	137.6	39.4816178	73.5914816	5016.3
1382	126.1	126.1	126.1	1794,423,13,6	137.6	39.4816169	73.5914814	5016.3
1383	210.2	210.2	210.2	291,289,4,13	137.4	39.4816232	73.5914774	5016.4
1384	128.1	128.1	128.1	873,871,12,7	137.2	39.4816164	73.5914816	5016.3
1385	15.0	14.0	15.0	842,97,12,8	136.9	39.4816194	73.5914863	5016.3
1386	169.2	169.2	169.2	857,38,8,7	136.9	39.4816206	73.5914840	5016.3
1387	20.0	20.0	20.0	1680,943,9,10	136.7	39.4816190	73.5914856	5016.3
1388	136.1	136.1	137.1	893,89,12,6	136.7	39.4816153	73.5914811	5016.3
1389	97.1	97.1	97.1	1144,1027,15,6	136.5	39.4816175	73.5914828	5016.3
1390	77.1	77.1	77.1	1817,325,8,8	136.4	39.4816168	73.5914853	5016.3
1391	43.0	42.0	43.0	79,303,12,8	135.9	39.4816206	73.5914838	5016.3
1392	97.1	97.1	97.1	725,51,10,12	135.8	39.4816175	73.5914828	5016.3
1393	55.1	55.1	55.1	1441,857,6,8	135.6	39.4816216	73.5914852	5016.3
1394	136.1	136.1	136.1	880,0,7,7	135.6	39.4816153	73.5914811	5016.3
1395	4.0	4.0	6.0	1872,467,10,6	135.5	39.4816210	73.5914886	5016.3
1396	109.1	109.1	109.1	1861,1051,12,6	135.5	39.4816182	73.5914800	5016.3
1397	170.2	170.2	170.2	1141,91,16,6	135.5	39.4816211	73.5914840	5016.3
1398	208.2	208.2	208.2	401,750,6,15	135.5	39.4816232	73.5914778	5016.3
1399	111.1	111.1	112.1	210,1017,7,8	135.4	39.4816186	73.5914804	5016.3
1400	218.2	218.2	218.2	337,171,8,6	135.4	39.4816230	73.5914763	5016.4
1401	131.1	131.1	131.1	1337,795,10,4	135.2	39.4816155	73.5914808	5016.3
1402	44.0	44.0	44.0	14,765,9,8	134.8	39.4816209	73.5914837	5016.3
1403	232.2	232.2	234.2	310,676,7,12	134.8	39.4816206	73.5914750	5016.3
1404	60.1	60.1	60.1	711,99,10,6	134.4	39.4816217	73.5914848	5016.4
1405	78.1	78.1	78.1	1707,17,10,8	134.4	39.4816170	73.5914856	5016.3
1406	7.0	7.0	7.0	977,23,14,6	133.8	39.4816206	73.5914885	5016.3
1407	232.2	232.2	234.2	489,811,8,10	133.7	39.4816206	73.5914750	5016.3
1408	251.3	251.3	251.3	1192,950,9,5	133.3	39.4816233	73.5914787	5016.3
1409	155.2	155.2	155.2	781,77,16,4	133.2	39.4816184	73.5914824	5016.3
1410	158.2	158.2	158.2	637,135,8,10	133.2	39.4816189	73.5914824	5016.3
1411	208.2	208.2	208.2	1689,669,9,8	133.1	39.4816232	73.5914778	5016.3
1412	5.0	3.0	5.0	319,0,8,9	133.0	39.4816210	73.5914886	5016.3
1413	217.2	217.2	217.2	753,133,12,6	133.0	39.4816229	73.5914761	5016.4
1414	9.0	9.0	10.0	754,481,15,5	132.9	39.4816200	73.5914878	5016.3
1415	238.2	238.2	238.2	785,117,18,10	132.9	39.4816200	73.5914749	5016.3
1416	17.0	17.0	17.0	645,401,12,8	132.8	39.4816189	73.5914860	5016.3
1417	177.2	176.2	178.2	617,126,8,11	132.8	39.4816220	73.5914836	5016.3
1418	71.1	71.1	71.1	695,121,14,10	132.5	39.4816170	73.5914852	5016.3
1419	105.1	105.1	105.1	613,103,12,6	132.4	39.4816179	73.5914806	5016.3
1420	78.1	76.1	78.1	599,167,18,6	132.3	39.4816170	73.5914856	5016.3
1421	127.1	126.1	127.1	857,565,8,5	132.0	39.4816167	73.5914814	5016.3
1422	214.2	214.2	214.2	839,73,10,8	131.7	39.4816228	73.5914762	5016.3
1423	153.2	153.2	153.2	12,889,11,6	131.4	39.4816175	73.5914824	5016.3
1424	176.2	176.2	176.2	877,515,10,13	131.3	39.4816217	73.5914833	5016.3
1425	16.0	16.0	16.0	1001,816,16,4	130.9	39.4816192	73.5914860	5016.3
1426	205.2	205.2	205.2	1867,625,8,6	130.9	39.4816239	73.5914789	5016.4
1427	265.3	265.3	265.3	287,82,10,10	130.6	39.4816212	73.5914800	5016.3
1428	144.1	139.1	144.1	169,0,8,9	130.2	39.4816155	73.5914819	5016.3
1429	135.1	135.1	135.1	891,35,8,6	130.1	39.4816156	73.5914809	5016.3
1430	130.1	129.1	130.1	419,629,6,12	129.8	39.4816158	73.5914811	5016.3
1431	252.3	252.3	252.3	1025,993,10,4	129.8	39.4816236	73.5914786	5016.3
1432	120.1	120.1	120.1	169,552,8,9	129.5	39.4816189	73.5914817	5016.3
1433	111.1	111.1	111.1	474,145,14,4	129.3	39.4816186	73.5914804	5016.3
1434	62.1	62.1	62.1	1041,169,12,8	129.2	39.4816219	73.5914846	5016.3
1435	44.0	44.0	44.0	239,925,9,12	128.9	39.4816209	73.5914837	5016.3
1436	129.1	129.1	129.1	977,897,8,7	128.6	39.4816159	73.5914814	5016.3
1437	95.1	95.1	95.1	1609,11,14,4	128.3	39.4816173	73.5914837	5016.3
1438	179.2	179.2	179.2	1503,280,10,4	128.3	39.4816225	73.5914839	5016.3
1439	152.2	152.2	152.2	981,884,12,7	128.2	39.4816172	73.5914827	5016.3
1440	223.2	223.2	223.2	41,856,8,7	127.8	39.4816223	73.5914762	5016.4
1441	207.2	207.2	207.2	593,609,8,4	127.5	39.4816236	73.5914782	5016.3
1442	231.2	231.2	231.2	225,714,5,7	127.4	39.4816207	73.5914749	5016.3
1443	271.3	271.3	271.3	667,271,6,10	127.4	39.4816228	73.5914796	5016.3
1444	0.0	0.0	0.0	389,967,12,4	127.1	39.4816201	73.5914879	5016.3
1445	50.1	48.0	51.1	383,11,12,8	126.7	39.4816208	73.5914846	5016.3
1446	123.1	123.1	123.1	727,657,6,14	126.4	39.4816178	73.5914816	5016.3
1447	121.1	121.1	121.1	497,717,10,12	126.3	39.4816188	73.5914817	5016.3
1448	159.2	159.2	159.2	1135,289,10,10	126.1	39.4816192	73.5914824	5016.3
1449	256.3	256.3	256.3	1358,1033,8,10	126.0	39.4816224	73.5914787	5016.2
1450	109.1	109.1	109.1	1281,681,8,8	125.9	39.4816182	73.5914800	5016.3
1451	39.0	39.0	39.0	277,1061,8,8	125.6	39.4816204	73.5914834	5016.3
1452	115.1	115.1	116.1	535,66,6,15	125.6	39.4816187	73.5914812	5016.3
1453	60.1	60.1	60.1	1145,897,8,9	125.5	39.4816217	73.5914848	5016.4
1454	240.2	240.2	240.2	500,357,8,7	125.5	39.4816201	73.5914754	5016.3
1455	19.0	16.0	19.0	824,568,15,6	125.4	39.4816190	73.5914855	5016.3
1456	19.0	19.0	19.0	1872,99,5,8	125.4	39.4816190	73.5914855	5016.3
1457	127.1	125.1	127.1	1075,959,6,6	125.3	39.4816167	73.5914814	5016.3
1458	155.2	155.2	158.2	200,259,17,6	125.1	39.4816184	73.5914824	5016.3
1459	48.0	48.0	52.1	218,571,10,8	125.0	39.4816208	73.5914844	5016.3
1460	99.1	99.1	99.1	833,233,14,12	125.0	39.4816176	73.5914819	5016.4
1461	108.1	108.1	108.1	1020,23,4,11	124.9	39.4816182	73.5914798	5016.3
1462	264.3	264.3	264.3	751,33,14,8	124.9	39.4816217	73.5914797	5016.2
1463	155.2	154.2	158.2	497,618,4,11	124.5	39.4816184	73.5914824	5016.3
1464	278.3	278.3	278.3	1133,918,12,5	124.5	39.4816235	73.5914779	5016.3
1465	119.1	119.1	119.1	705,254,8,11	123.8	39.4816189	73.5914816	5016.3
1466	108.1	108.1	108.1	1378,665,7,7	123.5	39.4816182	73.5914798	5016.3
1467	19.0	19.0	19.0	1502,640,9,5	123.4	39.4816190	73.5914855	5016.3
1468	247.2	247.2	247.2	380,0,3,12	123.4	39.4816214	73.5914785	5016.3
1469	42.0	42.0	42.0	785,971,8,4	123.3	39.4816205	73.5914838	5016.3
1470	136.1	136.1	136.1	911,803,8,6	123.3	39.4816153	73.5914811	5016.3
1471	253.3	253.3	253.3	663,995,10,8	123.3	39.4816236	73.5914785	5016.3
1472	42.0	42.0	42.0	283,159,13,7	122.9	39.4816205	73.5914838	5016.3
1473	21.0	21.0	21.0	980,1025,8,10	122.2	39.4816189	73.5914856	5016.3
1474	248.2	248.2	248.2	1705,967,6,10	121.9	39.4816219	73.5914787	5016.3
1475	147.1	147.1	147.1	595,157,7,8	121.8	39.4816162	73.5914819	5016.3
1476	150.2	149.1	150.2	1343,979,10,4	121.8	39.4816171	73.5914826	5016.3
1477	42.0	42.0	42.0	1797,242,8,9	121.7	39.4816205	73.5914838	5016.3
1478	111.1	111.1	111.1	985,721,10,6	121.3	39.4816186	73.5914804	5016.3
1479	145.1	145.1	145.1	881,123,6,6	120.6	39.4816158	73.5914819	5016.3
1480	111.1	111.1	111.1	260,644,9,9	120.5	39.4816186	73.5914804	5016.3
1481	168.2	167.2	168.2	1023,331,11,10	120.4	39.4816202	73.5914839	5016.3
1482	15.0	15.0	15.0	858,893,7,12	120.0	39.4816194	73.5914863	5016.3
1483	173.2	173.2	173.2	698,585,7,10	120.0	39.4816212	73.5914831	5016.3
1484	0.0	0.0	0.0	1617,213,8,4	119.9	39.4816201	73.5914879	5016.3
1485	2.0	1.0	2.0	33,171,8,4	119.9	39.4816204	73.5914884	5016.2
1486	93.1	93.1	95.1	655,133,12,16	119.9	39.4816168	73.5914842	5016.3
1487	189.2	189.2	189.2	1229,905,4,8	119.9	39.4816255	73.5914813	5016.3
1488	13.0	13.0	13.0	801,481,10,6	119.8	39.4816199	73.5914870	5016.3
1489	238.2	238.2	238.2	413,586,3,15	119.8	39.4816200	73.5914749	5016.3
1490	61.1	61.1	61.1	505,101,8,8	119.4	39.4816218	73.5914846	5016.4
1491	0.0	0.0	0.0	817,361,13,4	119.1	39.4816201	73.5914879	5016.3
1492	93.1	93.1	93.1	551,141,8,12	119.0	39.4816168	73.5914842	5016.3
1493	217.2	217.2	217.2	901,57,12,4	118.9	39.4816229	73.5914761	5016.4
1494	252.3	252.3	252.3	941,481,8,8	118.9	39.4816236	73.5914786	5016.3
1495	134.1	134.1	134.1	0,937,3,12	118.8	39.4816156	73.5914805	5016.3
1496	149.1	149.1	149.1	217,183,10,10	118.6	39.4816169	73.5914822	5016.3
1497	159.2	159.2	160.2	757,113,10,10	118.6	39.4816192	73.5914824	5016.3
1498	112.1	112.1	112.1	64,262,7,11	118.4	39.4816186	73.5914806	5016.3
1499	216.2	216.2	216.2	383,241,10,6	118.3	39.4816228	73.5914760	5016.3
1500	193.2	193.2	193.2	1423,605,8,6	118.2	39.4816245	73.5914806	5016.3
1501	70.1	70.1	70.1	1777,918,9,7	118.1	39.4816176	73.5914851	5016.3
1502	151.2	151.2	151.2	1282,1010,7,7	118.0	39.4816174	73.5914828	5016.3
1503	259.3	259.3	259.3	1399,974,10,11	117.9	39.4816220	73.5914790	5016.3
1504	69.1	69.1	69.1	1773,320,10,9	116.6	39.4816185	73.5914848	5016.3
1505	180.2	180.2	180.2	1771,193,4,15	116.3	39.4816228	73.5914838	5016.3
1506	252.3	252.3	252.3	1625,745,16,4	116.2	39.4816236	73.5914786	5016.3
1507	43.0	43.0	43.0	1583,915,10,6	116.1	39.4816206	73.5914838	5016.3
1508	94.1	94.1	94.1	925,0,16,9	116.1	39.4816171	73.5914839	5016.3
1509	240.2	240.2	240.2	1340,495,10,6	116.1	39.4816201	73.5914754	5016.3
1510	232.2	232.2	232.2	641,846,6,11	115.7	39.4816206	73.5914750	5016.3
1511	177.2	177.2	178.2	959,145,8,6	115.6	39.4816220	73.5914836	5016.3
1512	0.0	0.0	0.0	1868,989,10,4	115.3	39.4816201	73.5914879	5016.3
1513	250.2	250.2	250.2	1129,993,6,8	115.3	39.4816229	73.5914787	5016.3
1514	126.1	126.1	127.1	1115,625,10,8	115.1	39.4816169	73.5914814	5016.3
1515	153.2	153.2	153.2	643,193,8,8	115.1	39.4816175	73.5914824	5016.3
1516	43.0	43.0	43.0	679,663,10,4	114.6	39.4816206	73.5914838	5016.3
1517	160.2	160.2	160.2	933,833,8,8	114.6	39.4816193	73.5914824	5016.3
1518	100.1	100.1	100.1	238,181,7,16	114.5	39.4816176	73.5914816	5016.3
1519	234.2	234.2	234.2	1461,718,6,11	114.4	39.4816200	73.5914748	5016.3
1520	77.1	77.1	77.1	609,609,10,10	114.3	39.4816168	73.5914853	5016.3
1521	118.1	118.1	118.1	285,721,2,16	114.3	39.4816189	73.5914812	5016.3
1522	256.3	256.3	256.3	171,1069,12,6	114.3	39.4816224	73.5914787	5016.2
1523	242.2	242.2	242.2	1185,79,4,10	114.2	39.4816202	73.5914764	5016.3
1524	139.1	139.1	139.1	797,121,6,8	114.0	39.4816148	73.5914815	5016.3
1525	68.1	68.1	68.1	1007,3,12,8	113.1	39.4816193	73.5914846	5016.3
1526	251.3	251.3	251.3	1159,881,10,8	113.0	39.4816233	73.5914787	5016.3
1527	72.1	72.1	72.1	1867,919,10,7	112.9	39.4816162	73.5914851	5016.3
1528	132.1	132.1	132.1	43,145,7,16	112.8	39.4816156	73.5914804	5016.3
1529	6.0	6.0	6.0	1460,88,5,10	112.7	39.4816208	73.5914886	5016.3
1530	144.1	144.1	144.1	859,47,14,6	112.7	39.4816155	73.5914819	5016.3
1531	112.1	112.1	112.1	13,1060,4,13	112.6	39.4816186	73.5914806	5016.3
1532	276.3	276.3	276.3	601,1021,8,10	112.6	39.4816234	73.5914783	5016.3
1533	113.1	113.1	113.1	1569,201,8,8	112.4	39.4816185	73.5914809	5016.3
1534	17.0	12.0	17.0	905,293,8,6	112.2	39.4816189	73.5914860	5016.3
1535	77.1	77.1	77.1	1281,868,8,7	112.2	39.4816168	73.5914853	5016.3
1536	145.1	145.1	145.1	685,38,5,11	112.0	39.4816158	73.5914819	5016.3
1537	95.1	95.1	95.1	272,1055,13,10	111.5	39.4816173	73.5914837	5016.3
1538	132.1	132.1	132.1	929,121,4,16	111.5	39.4816156	73.5914804	5016.3
1539	228.2	226.2	228.2	1120,658,5,10	111.3	39.4816216	73.5914757	5016.3
1540	14.0	11.0	14.0	1441,671,8,12	111.2	39.4816197	73.5914866	5016.3
1541	182.2	182.2	182.2	1865,1069,12,6	111.1	39.4816235	73.5914838	5016.3
1542	134.1	134.1	134.1	1146,1017,9,6	111.0	39.4816156	73.5914805	5016.3
1543	240.2	240.2	240.2	1105,49,10,4	111.0	39.4816201	73.5914754	5016.3
1544	13.0	13.0	13.0	785,377,8,7	110.9	39.4816199	73.5914870	5016.3
1545	271.3	271.3	271.3	216,698,5,9	110.8	39.4816228	73.5914796	5016.3
1546	262.3	262.3	262.3	359,51,10,10	110.7	39.4816217	73.5914793	5016.3
1547	156.2	156.2	156.2	1590,753,5,12	110.6	39.4816187	73.5914824	5016.3
1548	201.2	201.2	201.2	681,997,6,10	110.6	39.4816236	73.5914797	5016.3
1549	127.1	127.1	127.1	985,869,8,8	110.5	39.4816167	73.5914814	5016.3
1550	262.3	262.3	262.3	1001,991,7,7	110.5	39.4816217	73.5914793	5016.3
1551	265.3	265.3	265.3	996,906,9,5	110.5	39.4816212	73.5914800	5016.3
1552	70.1	70.1	70.1	59,859,11,3	110.4	39.4816176	73.5914851	5016.3
1553	152.2	152.2	152.2	909,857,4,8	109.7	39.4816172	73.5914827	5016.3
1554	118.1	118.1	118.1	1793,245,8,4	109.6	39.4816189	73.5914812	5016.3
1555	113.1	113.1	116.1	1619,33,8,8	109.5	39.4816185	73.5914809	5016.3
1556	181.2	181.2	181.2	1785,101,6,12	109.5	39.4816231	73.5914838	5016.3
1557	119.1	119.1	119.1	529,149,10,4	109.3	39.4816189	73.5914816	5016.3
1558	112.1	112.1	112.1	282,726,8,11	109.1	39.4816186	73.5914806	5016.3
1559	109.1	109.1	109.1	1393,901,12,6	109.0	39.4816182	73.5914800	5016.3
1560	109.1	109.1	109.1	1015,585,8,8	107.7	39.4816182	73.5914800	5016.3
1561	140.1	140.1	140.1	556,147,9,4	107.7	39.4816150	73.5914815	5016.3
1562	16.0	16.0	16.0	1169,875,8,4	107.6	39.4816192	73.5914860	5016.3
1563	138.1	138.1	138.1	911,505,4,8	107.6	39.4816150	73.5914815	5016.3
1564	181.2	181.2	181.2	1127,117,6,6	107.6	39.4816231	73.5914838	5016.3
1565	147.1	147.1	148.1	737,353,11,6	107.3	39.4816162	73.5914819	5016.3
1566	226.2	226.2	226.2	520,705,9,6	107.3	39.4816223	73.5914758	5016.2
1567	181.2	181.2	181.2	398,295,5,14	107.1	39.4816231	73.5914838	5016.3
1568	145.1	141.1	146.1	683,201,6,7	106.8	39.4816158	73.5914819	5016.3
1569	119.1	119.1	119.1	558,438,9,4	106.3	39.4816189	73.5914816	5016.3
1570	126.1	126.1	126.1	1833,335,10,10	106.2	39.4816169	73.5914814	5016.3
1571	127.1	126.1	127.1	1775,351,6,10	106.0	39.4816167	73.5914814	5016.3
1572	145.1	145.1	145.1	301,11,12,4	106.0	39.4816158	73.5914819	5016.3
1573	150.2	150.2	150.2	129,849,14,8	106.0	39.4816171	73.5914826	5016.3
1574	132.1	132.1	132.1	75,1026,6,7	105.8	39.4816156	73.5914804	5016.3
1575	171.2	171.2	172.2	323,195,6,8	105.5	39.4816211	73.5914838	5016.3
1576	247.2	247.2	247.2	1111,935,10,7	105.3	39.4816214	73.5914785	5016.3
1577	149.1	149.1	149.1	641,1073,11,4	105.1	39.4816169	73.5914822	5016.3
1578	222.2	222.2	222.2	192,702,7,7	105.1	39.4816224	73.5914763	5016.4
1579	143.1	143.1	143.1	641,91,4,10	104.6	39.4816153	73.5914815	5016.3
1580	15.0	15.0	15.0	783,469,10,6	104.5	39.4816194	73.5914863	5016.3
1581	262.3	262.3	262.3	1237,961,6,8	104.5	39.4816217	73.5914793	5016.3
1582	142.1	142.1	142.1	905,159,8,4	104.4	39.4816152	73.5914815	5016.3
1583	13.0	11.0	13.0	708,299,3,16	103.6	39.4816199	73.5914870	5016.3
1584	118.1	118.1	118.1	1868,323,4,8	103.2	39.4816189	73.5914812	5016.3
1585	43.0	43.0	43.0	790,803,7,8	102.9	39.4816206	73.5914838	5016.3
1586	174.2	174.2	174.2	493,153,4,8	102.9	39.4816214	73.5914830	5016.3
1587	140.1	140.1	140.1	739,385,12,6	102.6	39.4816150	73.5914815	5016.3
1588	154.2	154.2	154.2	953,176,8,9	102.5	39.4816180	73.5914825	5016.3
1589	16.0	16.0	16.0	1205,760,8,9	102.0	39.4816192	73.5914860	5016.3
1590	76.1	76.1	76.1	1029,99,6,6	101.8	39.4816162	73.5914850	5016.3
1591	159.2	159.2	159.2	1123,523,4,8	101.0	39.4816192	73.5914824	5016.3
1592	126.1	125.1	127.1	1826,753,7,10	100.8	39.4816169	73.5914814	5016.3
1593	45.0	45.0	46.0	173,497,11,5	100.4	39.4816210	73.5914838	5016.3
1594	160.2	160.2	160.2	713,67,4,10	100.4	39.4816193	73.5914824	5016.3
1595	249.2	249.2	250.2	1588,958,9,4	100.2	39.4816223	73.5914788	5016.3
1596	151.2	151.2	151.2	19,1063,6,5	100.1	39.4816174	73.5914828	5016.3
1597	166.2	166.2	166.2	221,53,6,10	100.0	39.4816198	73.5914838	5016.3
1598	155.2	155.2	155.2	273,201,8,8	99.8	39.4816184	73.5914824	5016.3
1599	181.2	181.2	181.2	1545,239,9,6	99.8	39.4816231	73.5914838	5016.3
1600	134.1	134.1	134.1	423,665,7,6	99.7	39.4816156	73.5914805	5016.3
1601	109.1	109.1	109.1	1656,949,7,12	99.5	39.4816182	73.5914800	5016.3
1602	151.2	151.2	151.2	935,59,12,6	99.5	39.4816174	73.5914828	5016.3
1603	160.2	160.2	160.2	695,263,6,10	99.5	39.4816193	73.5914824	5016.3
1604	16.0	14.0	16.0	839,405,14,4	98.9	39.4816192	73.5914860	5016.3
1605	94.1	94.1	94.1	1409,122,16,7	98.8	39.4816171	73.5914839	5016.3
1606	158.2	158.2	158.2	1169,977,4,9	98.8	39.4816189	73.5914824	5016.3
1607	5.0	2.0	7.0	1749,149,6,8	98.1	39.4816210	73.5914886	5016.3
1608	6.0	3.0	6.0	1394,53,6,8	98.0	39.4816208	73.5914886	5016.3
1609	77.1	77.1	77.1	441,637,4,12	97.7	39.4816168	73.5914853	5016.3
1610	265.3	265.3	265.3	1111,477,8,4	97.7	39.4816212	73.5914800	5016.3
1611	154.2	154.2	154.2	637,127,14,12	97.6	39.4816180	73.5914825	5016.3
1612	193.2	193.2	193.2	623,1033,10,4	97.4	39.4816245	73.5914806	5016.3
1613	249.2	249.2	249.2	1053,833,6,7	96.9	39.4816223	73.5914788	5016.3
1614	109.1	109.1	109.1	1625,861,8,5	96.7	39.4816182	73.5914800	5016.3
1615	184.2	184.2	184.2	1725,921,4,7	96.4	39.4816243	73.5914831	5016.3
1616	13.0	11.0	13.0	713,527,8,6	96.2	39.4816199	73.5914870	5016.3
1617	152.2	152.2	152.2	1233,963,16,2	96.2	39.4816172	73.5914827	5016.3
1618	110.1	109.1	110.1	1553,573,8,4	96.1	39.4816182	73.5914801	5016.3
1619	141.1	139.1	141.1	228,1055,5,9	96.0	39.4816151	73.5914814	5016.3
1620	182.2	182.2	182.2	65,1036,8,5	95.9	39.4816235	73.5914838	5016.3
1621	127.1	127.1	127.1	1081,859,6,6	94.8	39.4816167	73.5914814	5016.3
1622	110.1	110.1	110.1	1607,878,10,4	94.2	39.4816182	73.5914801	5016.3
1623	175.2	175.2	175.2	321,633,10,6	94.0	39.4816216	73.5914831	5016.3
1624	15.0	15.0	15.0	1145,703,6,10	93.9	39.4816194	73.5914863	5016.3
1625	94.1	94.1	94.1	1551,895,6,7	93.5	39.4816171	73.5914839	5016.3
1626	13.0	13.0	13.0	1189,121,8,8	93.4	39.4816199	73.5914870	5016.3
1627	165.2	165.2	165.2	1345,331,4,10	93.4	39.4816198	73.5914835	5016.3
1628	175.2	175.2	175.2	297,57,8,4	93.4	39.4816216	73.5914831	5016.3
1629	118.1	118.1	118.1	1415,117,2,12	92.9	39.4816189	73.5914812	5016.3
1630	154.2	154.2	154.2	1081,435,9,10	92.9	39.4816180	73.5914825	5016.3
1631	118.1	118.1	118.1	489,1076,8,4	92.4	39.4816189	73.5914812	5016.3
1632	116.1	116.1	116.1	473,61,12,5	92.1	39.4816187	73.5914812	5016.3
1633	154.2	154.2	156.2	433,415,8,6	92.1	39.4816180	73.5914825	5016.3
1634	181.2	181.2	181.2	1553,465,8,4	92.0	39.4816231	73.5914838	5016.3
1635	157.2	157.2	157.2	481,189,6,8	91.5	39.4816189	73.5914823	5016.3
1636	160.2	160.2	160.2	717,177,6,8	91.4	39.4816193	73.5914824	5016.3
1637	160.2	160.2	160.2	869,481,5,8	91.3	39.4816193	73.5914824	5016.3
1638	12.0	8.0	13.0	1155,319,5,10	91.2	39.4816201	73.5914874	5016.3
1639	133.1	133.1	133.1	279,522,4,7	91.0	39.4816157	73.5914803	5016.3
1640	126.1	126.1	126.1	1281,1065,5,8	90.6	39.4816169	73.5914814	5016.3
1641	111.1	111.1	111.1	10,1003,5,11	90.4	39.4816186	73.5914804	5016.3
1642	205.2	205.2	205.2	1157,651,8,6	90.4	39.4816239	73.5914789	5016.4
1643	165.2	165.2	165.2	705,275,12,4	89.9	39.4816198	73.5914835	5016.3
1644	1.0	1.0	1.0	1697,161,6,6	89.6	39.4816202	73.5914881	5016.3
1645	156.2	156.2	156.2	265,1034,8,7	89.2	39.4816187	73.5914824	5016.3
1646	152.2	152.2	152.2	640,801,3,12	89.0	39.4816172	73.5914827	5016.3
1647	177.2	176.2	177.2	309,146,12,3	88.3	39.4816220	73.5914836	5016.3
1648	44.0	44.0	44.0	299,646,8,7	88.1	39.4816209	73.5914837	5016.3
1649	159.2	159.2	159.2	45,193,4,8	88.1	39.4816192	73.5914824	5016.3
1650	181.2	181.2	181.2	1175,665,10,8	87.9	39.4816231	73.5914838	5016.3
1651	13.0	13.0	13.0	1873,929,4,8	87.6	39.4816199	73.5914870	5016.3
1652	1.0	1.0	1.0	1519,984,6,6	87.5	39.4816202	73.5914881	5016.3
1653	43.0	43.0	43.0	1725,1047,6,10	87.5	39.4816206	73.5914838	5016.3
1654	152.2	152.2	152.2	18,1019,5,6	87.0	39.4816172	73.5914827	5016.3
1655	1.0	1.0	1.0	1471,45,7,6	86.8	39.4816202	73.5914881	5016.3
1656	2.0	2.0	2.0	15,87,7,5	86.8	39.4816204	73.5914884	5016.2
1657	133.1	133.1	133.1	37,1073,6,7	86.4	39.4816157	73.5914803	5016.3
1658	7.0	7.0	7.0	294,962,8,8	85.8	39.4816206	73.5914885	5016.3
1659	9.0	9.0	11.0	980,601,5,10	85.6	39.4816200	73.5914878	5016.3
1660	165.2	165.2	165.2	849,601,4,8	85.3	39.4816198	73.5914835	5016.3
1661	3.0	3.0	3.0	1777,39,8,8	85.0	39.4816208	73.5914885	5016.2
1662	174.2	174.2	174.2	739,920,9,5	84.6	39.4816214	73.5914830	5016.3
1663	165.2	165.2	165.2	31,939,6,6	84.3	39.4816198	73.5914835	5016.3
1664	179.2	179.2	179.2	189,1025,4,8	83.9	39.4816225	73.5914839	5016.3
1665	140.1	140.1	140.1	505,479,4,12	83.7	39.4816150	73.5914815	5016.3
1666	44.0	44.0	44.0	1005,552,10,5	83.3	39.4816209	73.5914837	5016.3
1667	205.2	205.2	205.2	1837,545,4,7	83.2	39.4816239	73.5914789	5016.4
1668	158.2	158.2	158.2	123,369,4,8	82.8	39.4816189	73.5914824	5016.3
1669	127.1	127.1	127.1	1917,894,3,7	82.4	39.4816167	73.5914814	5016.3
1670	177.2	177.2	177.2	618,229,9,6	81.8	39.4816220	73.5914836	5016.3
1671	7.0	7.0	7.0	1466,12,9,6	81.3	39.4816206	73.5914885	5016.3
1672	8.0	8.0	9.0	1793,189,6,4	81.0	39.4816201	73.5914881	5016.3
1673	140.1	140.1	140.1	861,879,6,6	80.5	39.4816150	73.5914815	5016.3
1674	11.0	11.0	11.0	352,859,5,7	79.9	39.4816200	73.5914876	5016.3
1675	139.1	139.1	139.1	513,207,7,4	79.6	39.4816148	73.5914815	5016.3
1676	234.2	234.2	234.2	534,206,10,3	79.4	39.4816200	73.5914748	5016.3
1677	4.0	4.0	4.0	1401,277,5,12	79.0	39.4816210	73.5914886	5016.3
1678	1.0	1.0	1.0	1836,785,5,6	77.8	39.4816202	73.5914881	5016.3
1679	8.0	8.0	8.0	561,711,4,10	75.8	39.4816201	73.5914881	5016.3
1680	6.0	4.0	6.0	1895,977,6,6	75.4	39.4816208	73.5914886	5016.3
1681	223.2	223.2	223.2	162,742,9,11	73.1	39.4816223	73.5914762	5016.4
1682	250.2	250.2	250.2	161,989,11,6	73.1	39.4816229	73.5914787	5016.3
1683	11.0	8.0	12.0	657,305,7,7	73.0	39.4816200	73.5914876	5016.3
1684	109.1	109.1	109.1	1029,873,4,8	72.7	39.4816182	73.5914800	5016.3
1685	13.0	9.0	13.0	1345,242,8,5	72.0	39.4816199	73.5914870	5016.3
1686	116.1	116.1	116.1	745,259,8,6	71.9	39.4816187	73.5914812	5016.3
1687	3.0	2.0	4.0	1206,1044,4,6	71.3	39.4816208	73.5914885	5016.2
1688	4.0	4.0	4.0	1745,225,6,5	70.8	39.4816210	73.5914886	5016.3
1689	1.0	1.0	1.0	123,382,5,5	70.6	39.4816202	73.5914881	5016.3
1690	1.0	1.0	1.0	739,133,6,6	70.3	39.4816202	73.5914881	5016.3
1691	7.0	7.0	7.0	274,592,5,5	69.5	39.4816206	73.5914885	5016.3
1692	12.0	7.0	12.0	1461,343,4,4	69.2	39.4816201	73.5914874	5016.3
1693	1.0	1.0	1.0	1479,389,6,4	69.1	39.4816202	73.5914881	5016.3
1694	10.0	8.0	12.0	388,374,7,7	68.3	39.4816200	73.5914877	5016.3
1695	8.0	8.0	8.0	1005,729,10,4	67.0	39.4816201	73.5914881	5016.3
1696	250.2	250.2	250.2	1555,1049,7,4	63.7	39.4816229	73.5914787	5016.3
1697	1.0	1.0	1.0	1639,49,6,6	63.4	39.4816202	73.5914881	5016.3
1698	180.2	180.2	180.2	1251,181,5,5	62.4	39.4816228	73.5914838	5016.3
1699	6.0	6.0	6.0	1455,358,6,5	60.6	39.4816208	73.5914886	5016.3
1700	9.0	9.0	9.0	617,545,4,4	60.6	39.4816200	73.5914878	5016.3
1701	6.0	6.0	6.0	1851,627,4,4	59.9	39.4816208	73.5914886	5016.3
1702	180.2	180.2	180.2	1877,154,8,5	59.4	39.4816228	73.5914838	5016.3
1703	7.0	7.0	7.0	1578,308,6,5	59.1	39.4816206	73.5914885	5016.3
1704	7.0	7.0	7.0	1841,605,4,4	58.9	39.4816206	73.5914885	5016.3
1705	12.0	12.0	12.0	1004,639,8,2	58.6	39.4816201	73.5914874	5016.3
1706	165.2	165.2	165.2	809,339,4,4	57.0	39.4816198	73.5914835	5016.3
1707	9.0	9.0	9.0	590,64,3,7	56.3	39.4816200	73.5914878	5016.3
1708	225.2	225.2	225.2	376,610,9,3	56.2	39.4816225	73.5914757	5016.3
1709	4.0	4.0	4.0	1295,983,4,10	55.6	39.4816210	73.5914886	5016.3
1710	9.0	9.0	9.0	1489,426,4,6	55.5	39.4816200	73.5914878	5016.3
1711	176.2	176.2	176.2	385,157,6,4	55.0	39.4816217	73.5914833	5016.3
1712	2.0	2.0	2.0	1333,985,2,8	54.4	39.4816204	73.5914884	5016.2
1713	7.0	7.0	7.0	897,213,8,2	53.8	39.4816206	73.5914885	5016.3
1714	180.2	180.2	180.2	1673,419,4,6	53.8	39.4816228	73.5914838	5016.3
1715	10.0	10.0	10.0	1205,431,6,5	53.0	39.4816200	73.5914877	5016.3
1716	12.0	12.0	12.0	418,733,9,3	52.6	39.4816201	73.5914874	5016.3
1717	176.2	176.2	176.2	1021,249,4,6	52.3	39.4816217	73.5914833	5016.3
1718	12.0	11.0	12.0	1821,957,4,4	47.8	39.4816201	73.5914874	5016.3
1719	2.0	2.0	2.0	1745,271,4,4	46.4	39.4816204	73.5914884	5016.2
1720	12.0	12.0	12.0	576,257,4,4	46.2	39.4816201	73.5914874	5016.3
1721	226.2	226.2	226.2	457,35,4,4	45.6	39.4816223	73.5914758	5016.2
1722	2.0	2.0	2.0	1395,993,4,4	45.5	39.4816204	73.5914884	5016.2
1723	225.2	225.2	225.2	1193,911,4,6	44.4	39.4816225	73.5914757	5016.3
1724	225.2	225.2	225.2	1838,619,5,6	43.4	39.4816225	73.5914757	5016.3
1725	11.0	11.0	11.0	1405,507,4,4	41.3	39.4816200	73.5914876	5016.3
1726	228.2	228.2	228.2	167,973,5,4	40.8	39.4816216	73.5914757	5016.3
1727	223.2	223.2	223.2	68,450,3,4	40.1	39.4816223	73.5914762	5016.4
1728	229.2	229.2	229.2	215,583,10,2	40.0	39.4816213	73.5914756	5016.4
1729	7.0	7.0	7.0	1143,97,2,6	38.6	39.4816206	73.5914885	5016.3
1730	52.1	52.1	52.1	390,613,3,4	32.5	39.4816212	73.5914849	5016.3
1731	223.2	223.2	223.2	562,563,2,3	24.1	39.4816223	73.5914762	5016.4
1732	224.2	224.2	224.2	245,615,2,6	23.5	39.4816225	73.5914760	5016.3
1733	50.1	50.1	50.1	589,609,2,6	23.4	39.4816208	73.5914846	5016.3
1734	229.2	229.2	229.2	473,777,8,2	22.9	39.4816213	73.5914756	5016.4
1735	52.1	52.1	52.1	1345,165,3,3	22.6	39.4816212	73.5914849	5016.3
1736	52.1	51.1	52.1	99,421,2,4	18.9	39.4816212	73.5914849	5016.3
1737	50.1	50.1	50.1	643,1047,4,2	17.7	39.4816208	73.5914846	5016.3
1738	52.1	52.1	52.1	531,685,4,2	17.2	39.4816212	73.5914849	5016.3
1739	226.2	226.2	226.2	385,87,4,2	16.8	39.4816223	73.5914758	5016.2
1740	229.2	229.2	229.2	329,631,6,2	15.7	39.4816213	73.5914756	5016.4
1741	227.2	227.2	227.2	937,951,2,4	14.0	39.4816221	73.5914758	5016.3
1742	229.2	229.2	229.2	351,787,2,4	13.8	39.4816213	73.5914756	5016.4
1743	228.2	228.2	228.2	681,71,3,2	13.7	39.4816216	73.5914757	5016.3
1744	50.1	50.1	50.1	497,665,4,2	12.8	39.4816208	73.5914846	5016.3
1745	50.1	50.1	50.1	221,711,4,2	12.8	39.4816208	73.5914846	5016.3
1746	223.2	223.2	223.2	334,855,3,2	12.2	39.4816223	73.5914762	5016.4
1747	225.2	225.2	225.2	1767,641,2,3	10.9	39.4816225	73.5914757	5016.3
