track	t_best	t0	t1	bbox	score	lat	lon	alt
0	394.0	393.0	394.0	931,0,160,227	37561.0			
1	390.0	388.0	391.0	53,0,218,261	34157.4			
2	264.0	264.0	267.0	941,0,344,155	33085.2			
3	392.0	388.0	392.0	1147,0,122,247	30741.2			
4	393.0	393.0	393.0	858,209,154,159	23911.6			
5	394.0	394.0	394.0	1683,71,110,230	22871.2			
6	221.0	220.0	221.0	1799,789,96,291	20111.0			
7	0.0	0.0	0.0	1894,0,26,473	18337.3			
8	158.0	157.0	162.0	1409,649,316,354	17609.8			
9	390.0	388.0	390.0	767,29,138,94	16574.9			
10	156.0	156.0	156.0	1357,619,338,378	15366.0			
11	387.0	380.0	387.0	277,227,116,114	14955.6			
12	155.0	154.0	164.0	1407,643,246,384	14850.8			
13	210.0	210.0	213.0	1789,774,126,306	14537.7			
14	152.0	151.0	152.0	1469,651,274,400	14049.5			
15	208.0	206.0	208.0	1601,834,292,246	13871.4			
16	209.0	206.0	212.0	1580,789,263,291	13767.3			
17	219.0	219.0	219.0	1737,827,183,253	13571.7			
18	0.0	0.0	0.0	1847,189,30,256	13543.2			
19	390.0	388.0	392.0	697,0,80,206	13189.3			
20	387.0	387.0	387.0	139,0,142,155	13098.6			
21	141.0	140.0	141.0	29,0,212,339	12076.3			
22	217.0	216.0	218.0	1746,786,127,294	11413.7			
23	389.0	388.0	389.0	667,165,126,60	11149.2			
24	412.0	412.0	412.0	1360,0,234,481	11049.3			
25	387.0	387.0	387.0	5,0,146,73	11008.5			
26	238.0	235.0	247.0	1707,811,174,269	10963.9			
27	139.0	124.0	139.0	1885,187,35,424	10913.1			
28	320.0	320.0	320.0	1725,0,60,479	10886.1			
29	386.0	386.0	390.0	371,131,174,52	10467.4			
30	263.0	263.0	266.0	1563,73,208,166	10430.4			
31	325.0	325.0	325.0	1843,16,77,211	10147.3			
32	262.0	262.0	267.0	1172,651,173,34	10120.8			
33	150.0	150.0	153.0	1529,647,182,314	10113.2			
34	156.0	156.0	158.0	1811,921,109,159	9644.6			
35	393.0	393.0	407.0	921,55,66,151	9581.3			
36	393.0	391.0	393.0	1003,143,64,94	9470.4			
37	157.0	150.0	158.0	1827,925,93,136	9389.5			
38	196.0	196.0	201.0	1409,889,430,191	9007.1			
39	413.0	412.0	413.0	1445,567,144,178	8929.8			
40	391.0	391.0	392.0	1073,40,89,81	8798.0			
41	158.0	154.0	158.0	1843,977,77,103	8756.6			
42	214.0	214.0	214.0	1729,839,110,241	8694.8			
43	319.0	319.0	321.0	1861,19,59,384	8675.6			
44	191.0	191.0	191.0	1630,884,290,196	8629.5			
45	388.0	388.0	389.0	445,61,74,86	8584.0			
46	387.0	387.0	389.0	281,111,70,104	8428.3			
47	193.0	192.0	196.0	1352,928,419,152	8427.4			
48	393.0	393.0	393.0	833,89,42,90	8391.2			
49	235.0	233.0	236.0	1611,931,168,149	8283.7			
50	401.0	397.0	410.0	17,102,38,369	8233.5			
51	263.0	262.0	264.0	1785,233,135,107	7761.4			
52	387.0	387.0	387.0	0,351,72,106	7682.5			
53	190.0	190.0	190.0	1709,906,211,174	7669.4			
54	387.0	387.0	392.0	583,311,76,82	7529.8			
55	395.0	395.0	395.0	177,0,192,123	7501.7			
56	393.0	392.0	393.0	1473,198,53,161	7486.4			
57	380.0	380.0	380.0	1877,941,43,139	7480.5			
58	201.0	193.0	205.0	1355,964,386,116	7428.5			
59	223.0	223.0	223.0	1539,831,130,249	7064.0			
60	222.0	222.0	222.0	1795,817,125,97	6983.0			
61	323.0	322.0	323.0	1735,11,164,26	6982.7			
62	386.0	386.0	389.0	509,73,94,41	6933.3			
63	289.0	289.0	289.0	1799,853,86,182	6926.5			
64	189.0	186.0	189.0	1704,943,216,137	6857.0			
65	413.0	413.0	413.0	601,171,164,62	6827.6			
66	216.0	216.0	216.0	1846,901,67,179	6694.9			
67	162.0	160.0	162.0	1800,913,93,167	6606.5			
68	222.0	222.0	223.0	1507,818,172,262	6574.5			
69	157.0	157.0	158.0	0,0,81,75	6568.0			
70	263.0	263.0	263.0	1009,0,78,72	6470.2			
71	198.0	198.0	204.0	1427,991,358,89	6386.7			
72	212.0	212.0	212.0	1649,798,271,117	6322.0			
73	142.0	142.0	142.0	1845,445,48,44	6230.6			
74	73.0	73.0	78.0	363,0,178,77	6211.0			
75	265.0	265.0	265.0	1180,637,111,71	6173.1			
76	393.0	393.0	393.0	1259,111,60,72	6146.7			
77	395.0	395.0	404.0	1847,565,36,122	6135.5			
78	132.0	131.0	132.0	1501,133,76,244	6044.2			
79	264.0	264.0	264.0	0,0,79,199	6033.7			
80	143.0	143.0	143.0	1345,946,312,134	6017.5			
81	397.0	396.0	397.0	237,159,100,368	5930.0			
82	264.0	264.0	264.0	918,0,62,31	5897.3			
83	151.0	151.0	153.0	0,0,87,76	5877.9			
84	142.0	142.0	142.0	0,0,145,83	5849.5			
85	264.0	264.0	264.0	1503,485,64,198	5848.0			
86	264.0	264.0	264.0	1367,0,31,115	5787.2			
87	200.0	199.0	202.0	1849,217,48,47	5777.8			
88	390.0	390.0	390.0	1063,169,220,85	5752.4			
89	323.0	323.0	323.0	605,0,222,29	5698.6			
90	1.0	1.0	1.0	1889,1013,31,67	5532.0			
91	321.0	320.0	321.0	1772,521,148,202	5465.6			
92	219.0	219.0	220.0	45,413,60,72	5412.1			
93	258.0	256.0	258.0	1891,711,29,182	5400.8			
94	147.0	147.0	147.0	21,4,154,121	5303.1			
95	205.0	205.0	208.0	1496,861,202,219	5265.4			
96	389.0	383.0	389.0	470,0,47,51	5265.0			
97	308.0	298.0	321.0	1179,352,114,61	5256.6			
98	397.0	396.0	397.0	0,0,105,107	5195.7			
99	389.0	388.0	389.0	107,165,66,90	5186.8			
100	284.0	284.0	285.0	1667,857,86,170	5062.9			
101	265.0	265.0	265.0	0,776,51,245	5033.8			
102	319.0	319.0	319.0	1825,508,95,182	4997.5			
103	145.0	145.0	147.0	0,0,200,61	4993.3			
104	387.0	387.0	390.0	162,139,75,90	4976.6			
105	279.0	279.0	279.0	1812,727,61,180	4959.5			
106	192.0	188.0	192.0	1532,1003,240,77	4949.2			
107	134.0	134.0	134.0	1692,67,59,160	4933.8			
108	295.0	293.0	295.0	1571,628,48,57	4897.1			
109	290.0	289.0	290.0	1848,767,72,186	4860.9			
110	144.0	144.0	144.0	1873,971,47,109	4830.7			
111	245.0	245.0	245.0	1752,872,168,95	4825.9			
112	303.0	303.0	303.0	1825,553,95,180	4823.4			
113	140.0	140.0	140.0	1879,468,41,45	4805.2			
114	130.0	130.0	130.0	1277,0,35,65	4765.4			
115	286.0	286.0	287.0	1773,929,48,151	4756.7			
116	265.0	265.0	265.0	1021,375,48,160	4718.3			
117	204.0	204.0	204.0	1449,995,175,85	4709.9			
118	338.0	330.0	344.0	1847,959,73,121	4657.8			
119	217.0	217.0	218.0	1425,801,105,226	4653.4			
120	214.0	214.0	214.0	1859,73,48,48	4644.6			
121	288.0	286.0	288.0	1751,825,72,180	4589.3			
122	203.0	195.0	204.0	1817,187,54,48	4469.3			
123	412.0	398.0	412.0	0,449,444,10	4446.5			
124	234.0	234.0	234.0	1741,903,120,177	4351.5			
125	385.0	385.0	385.0	12,337,41,92	4347.1			
126	156.0	156.0	157.0	1831,799,89,174	4315.3			
127	389.0	388.0	389.0	511,77,32,76	4312.3			
128	388.0	388.0	389.0	947,263,182,80	4248.9			
129	391.0	391.0	391.0	1199,263,62,40	4241.4			
130	393.0	393.0	393.0	83,0,48,89	4228.6			
131	334.0	333.0	335.0	1775,367,46,36	4118.6			
132	134.0	134.0	134.0	1893,971,27,109	4102.3			
133	194.0	194.0	194.0	1527,929,134,151	4056.6			
134	323.0	323.0	323.0	453,13,91,44	4002.1			
135	282.0	281.0	283.0	1679,863,88,170	3997.4			
136	158.0	157.0	158.0	1819,869,101,160	3974.9			
137	283.0	282.0	283.0	1641,882,88,157	3966.9			
138	197.0	193.0	197.0	1827,181,46,46	3879.9			
139	321.0	321.0	327.0	1825,365,46,161	3876.2			
140	183.0	181.0	183.0	1791,969,129,111	3867.4			
141	297.0	296.0	318.0	1669,521,46,60	3854.5			
142	393.0	393.0	393.0	815,249,36,68	3846.1			
143	323.0	315.0	323.0	303,0,98,129	3816.6			
144	359.0	352.0	359.0	1877,947,43,133	3734.8			
145	396.0	396.0	401.0	1606,675,31,100	3729.8			
146	364.0	364.0	364.0	1865,859,55,147	3667.7			
147	220.0	220.0	221.0	1435,853,117,227	3659.1			
148	311.0	306.0	318.0	1020,253,99,46	3650.2			
149	394.0	394.0	394.0	321,163,94,30	3646.5			
150	355.0	355.0	355.0	1751,779,106,172	3621.8			
151	261.0	261.0	261.0	1231,177,46,88	3556.4			
152	402.0	398.0	410.0	0,0,51,95	3555.8			
153	280.0	279.0	281.0	1710,769,57,166	3540.7			
154	224.0	224.0	224.0	1581,817,86,177	3446.6			
155	387.0	387.0	387.0	675,177,144,140	3429.4			
156	215.0	210.0	215.0	1821,809,99,74	3417.7			
157	401.0	398.0	403.0	1846,631,74,55	3415.5			
158	139.0	139.0	139.0	1705,341,38,38	3402.3			
159	95.0	95.0	96.0	790,181,31,266	3398.2			
160	397.0	396.0	398.0	341,0,74,175	3385.9			
161	388.0	388.0	388.0	681,139,55,32	3378.5			
162	387.0	387.0	387.0	827,141,138,42	3360.5			
163	159.0	157.0	159.0	1867,981,53,99	3345.6			
164	346.0	342.0	351.0	1720,784,103,203	3344.6			
165	404.0	402.0	405.0	1893,575,27,70	3311.2			
166	392.0	392.0	392.0	577,123,96,29	3307.8			
167	286.0	286.0	287.0	1848,1024,31,56	3294.8			
168	223.0	223.0	223.0	1824,813,96,51	3281.6			
169	219.0	219.0	221.0	67,319,38,58	3247.6			
170	326.0	326.0	328.0	1811,0,20,69	3225.3			
171	278.0	277.0	278.0	1795,801,78,154	3204.2			
172	412.0	412.0	412.0	974,468,376,13	3195.0			
173	389.0	389.0	389.0	47,218,80,52	3159.5			
174	139.0	139.0	139.0	1452,952,139,128	3140.0			
175	254.0	253.0	254.0	1883,597,37,28	3111.5			
176	143.0	143.0	147.0	1658,976,91,104	3097.4			
177	393.0	393.0	393.0	896,437,47,96	3087.2			
178	292.0	292.0	298.0	1595,651,79,46	3082.4			
179	148.0	148.0	148.0	0,0,37,93	3067.6			
180	221.0	221.0	221.0	0,406,21,57	3053.6			
181	261.0	261.0	261.0	469,97,16,88	3003.0			
182	411.0	411.0	411.0	1559,0,50,45	2978.2			
183	393.0	393.0	393.0	1373,0,33,57	2976.3			
184	276.0	276.0	277.0	1821,885,72,124	2948.7			
185	281.0	280.0	281.0	1707,799,36,140	2940.5			
186	345.0	332.0	345.0	1753,974,167,49	2940.5			
187	251.0	249.0	251.0	803,434,46,53	2898.1			
188	250.0	250.0	250.0	146,531,17,64	2886.0			
189	248.0	246.0	248.0	69,377,44,26	2860.0			
190	178.0	178.0	179.0	1864,1024,56,56	2811.6			
191	320.0	319.0	321.0	1701,476,35,133	2801.8			
192	100.0	99.0	100.0	0,392,49,81	2796.8			
193	391.0	391.0	391.0	477,605,95,26	2792.7			
194	252.0	252.0	252.0	1845,685,24,56	2792.2			
195	226.0	226.0	226.0	401,389,112,24	2756.6			
196	203.0	203.0	203.0	1715,949,82,131	2713.9			
197	145.0	144.0	146.0	1730,916,29,164	2710.8			
198	392.0	389.0	392.0	1905,113,15,134	2700.7			
199	102.0	101.0	119.0	1463,593,46,56	2693.3			
200	265.0	265.0	265.0	1372,387,52,94	2664.8			
201	190.0	190.0	192.0	1851,43,69,31	2654.9			
202	235.0	235.0	237.0	1367,973,77,83	2631.4			
203	242.0	236.0	243.0	1887,101,33,42	2630.2			
204	100.0	99.0	100.0	0,336,53,49	2614.5			
205	202.0	202.0	202.0	1704,929,131,151	2592.9			
206	320.0	320.0	320.0	1831,649,89,50	2576.2			
207	256.0	253.0	256.0	1868,467,33,34	2543.1			
208	148.0	148.0	149.0	1386,1006,133,74	2535.0			
209	155.0	154.0	155.0	1885,669,35,120	2519.3			
210	138.0	134.0	138.0	1691,681,42,42	2518.1			
211	265.0	265.0	265.0	1397,529,60,80	2502.3			
212	406.0	403.0	410.0	43,110,8,164	2455.8			
213	177.0	177.0	178.0	1884,996,36,41	2402.0			
214	171.0	171.0	172.0	41,1035,42,45	2390.8			
215	387.0	387.0	387.0	443,315,38,36	2387.4			
216	249.0	245.0	249.0	157,485,14,68	2355.1			
217	391.0	391.0	391.0	1361,61,124,22	2346.3			
218	73.0	73.0	74.0	103,72,74,23	2345.6			
219	391.0	391.0	391.0	353,0,36,33	2334.1			
220	148.0	144.0	148.0	1745,1046,32,34	2330.6			
221	220.0	220.0	220.0	63,515,26,46	2308.9			
222	393.0	393.0	399.0	1523,363,33,70	2302.9			
223	179.0	179.0	179.0	311,561,74,66	2296.7			
224	395.0	395.0	397.0	1749,845,32,54	2292.2			
225	235.0	235.0	235.0	1445,924,128,57	2290.3			
226	256.0	253.0	256.0	1891,528,29,53	2284.6			
227	325.0	325.0	325.0	133,829,28,40	2273.4			
228	230.0	230.0	230.0	385,773,36,36	2256.5			
229	269.0	269.0	270.0	1821,717,24,92	2229.7			
230	266.0	266.0	266.0	1793,0,100,41	2227.2			
231	395.0	395.0	395.0	157,0,10,89	2224.8			
232	212.0	211.0	212.0	1505,869,64,140	2208.3			
233	164.0	164.0	164.0	1863,311,42,36	2198.3			
234	149.0	149.0	149.0	1889,1037,31,43	2192.8			
235	393.0	393.0	393.0	267,630,40,37	2187.6			
236	327.0	327.0	327.0	1509,1041,118,39	2179.5			
237	133.0	131.0	133.0	1702,96,43,105	2165.5			
238	244.0	242.0	244.0	1782,861,138,26	2164.3			
239	264.0	264.0	264.0	1231,20,112,26	2155.9			
240	352.0	349.0	352.0	1796,984,124,47	2150.4			
241	265.0	265.0	265.0	112,391,49,38	2146.0			
242	332.0	332.0	332.0	1865,297,22,56	2144.5			
243	412.0	412.0	412.0	397,185,46,18	2143.8			
244	210.0	210.0	212.0	1644,754,137,18	2142.8			
245	274.0	274.0	274.0	24,287,69,86	2137.5			
246	96.0	96.0	96.0	97,639,28,22	2136.0			
247	360.0	359.0	360.0	1909,907,11,88	2133.6			
248	224.0	224.0	224.0	1837,763,83,29	2120.5			
249	265.0	265.0	265.0	161,441,42,50	2095.0			
250	173.0	172.0	173.0	139,193,28,30	2086.3			
251	393.0	393.0	393.0	129,93,36,62	2077.1			
252	409.0	409.0	410.0	39,0,24,93	2068.8			
253	356.0	356.0	356.0	1833,820,61,145	2064.0			
254	391.0	391.0	391.0	181,1017,50,18	2044.3			
255	168.0	166.0	168.0	217,823,32,66	2040.8			
256	251.0	250.0	251.0	879,539,38,34	2035.1			
257	385.0	385.0	385.0	357,341,28,28	2014.4			
258	336.0	336.0	336.0	1645,957,42,123	1982.9			
259	178.0	177.0	178.0	1761,1014,28,66	1972.3			
260	391.0	391.0	391.0	755,589,38,44	1961.0			
261	221.0	221.0	221.0	125,405,20,49	1946.2			
262	99.0	96.0	100.0	273,651,30,46	1943.4			
263	42.0	42.0	42.0	1026,1057,35,23	1940.1			
264	246.0	246.0	246.0	1799,838,121,41	1937.0			
265	293.0	293.0	293.0	0,53,61,24	1908.6			
266	394.0	394.0	394.0	1817,83,36,46	1908.5			
267	206.0	206.0	208.0	1477,937,60,94	1908.1			
268	330.0	330.0	330.0	1409,413,32,37	1893.9			
269	254.0	254.0	254.0	1815,641,36,44	1888.2			
270	265.0	265.0	265.0	0,365,35,28	1887.1			
271	168.0	166.0	169.0	203,737,14,58	1855.6			
272	332.0	332.0	332.0	1881,93,14,54	1843.1			
273	81.0	81.0	81.0	0,1047,15,33	1837.6			
274	141.0	141.0	141.0	1906,1028,14,52	1834.2			
275	328.0	326.0	328.0	1869,311,14,68	1832.3			
276	95.0	95.0	102.0	143,523,24,78	1826.0			
277	268.0	268.0	268.0	1487,209,16,110	1817.9			
278	386.0	386.0	386.0	301,43,20,45	1812.9			
279	101.0	101.0	118.0	1765,429,46,62	1791.9			
280	81.0	80.0	81.0	31,75,42,24	1787.6			
281	138.0	138.0	138.0	0,0,41,57	1786.5			
282	233.0	232.0	233.0	1665,633,48,70	1776.4			
283	184.0	184.0	184.0	1852,1009,61,71	1760.6			
284	291.0	291.0	291.0	1627,649,29,51	1752.4			
285	81.0	81.0	87.0	484,1035,19,32	1747.2			
286	256.0	252.0	256.0	1809,609,41,32	1743.9			
287	249.0	247.0	251.0	479,191,46,42	1737.4			
288	286.0	286.0	288.0	1873,724,22,73	1732.4			
289	265.0	265.0	265.0	1373,281,20,32	1701.6			
290	331.0	327.0	331.0	1614,0,7,98	1687.2			
291	177.0	175.0	178.0	26,363,31,26	1675.0			
292	250.0	250.0	250.0	151,805,28,18	1668.5			
293	229.0	226.0	229.0	857,349,46,46	1667.5			
294	176.0	176.0	176.0	1819,1015,76,39	1667.0			
295	413.0	413.0	413.0	733,214,37,31	1652.1			
296	143.0	143.0	143.0	0,0,39,21	1644.8			
297	265.0	263.0	265.0	1327,513,85,39	1628.6			
298	263.0	263.0	268.0	593,273,32,30	1601.0			
299	81.0	81.0	91.0	60,893,17,28	1593.0			
300	127.0	127.0	127.0	46,917,41,28	1587.8			
301	249.0	246.0	249.0	225,455,38,20	1586.8			
302	277.0	276.0	278.0	1899,894,21,57	1585.5			
303	336.0	331.0	336.0	1845,403,22,30	1581.9			
304	256.0	253.0	256.0	1884,756,36,33	1563.9			
305	323.0	321.0	328.0	1003,615,70,16	1550.9			
306	393.0	393.0	395.0	1614,209,15,46	1547.8			
307	152.0	151.0	155.0	1873,1017,47,63	1543.3			
308	332.0	332.0	332.0	1695,441,30,32	1538.3			
309	388.0	388.0	388.0	1185,33,54,40	1537.2			
310	234.0	231.0	234.0	1769,647,36,48	1526.5			
311	180.0	180.0	181.0	1853,1013,67,67	1520.4			
312	387.0	387.0	392.0	577,485,46,38	1506.0			
313	232.0	232.0	233.0	779,639,32,30	1498.2			
314	384.0	384.0	384.0	989,597,116,16	1478.2			
315	173.0	172.0	173.0	165,153,32,26	1475.9			
316	394.0	394.0	394.0	1889,161,31,26	1469.7			
317	21.0	20.0	21.0	1850,62,59,13	1462.9			
318	0.0	0.0	0.0	1881,1013,12,67	1436.2			
319	393.0	393.0	395.0	1546,255,29,24	1431.6			
320	247.0	247.0	248.0	115,49,30,26	1428.3			
321	325.0	325.0	325.0	1119,758,70,15	1427.8			
322	391.0	391.0	391.0	1493,53,110,12	1427.7			
323	248.0	246.0	248.0	163,281,28,26	1421.7			
324	199.0	199.0	199.0	1644,1012,71,68	1414.8			
325	186.0	186.0	189.0	0,0,53,11	1414.4			
326	206.0	206.0	206.0	23,677,24,22	1414.1			
327	411.0	411.0	413.0	1513,0,18,33	1395.3			
328	105.0	105.0	110.0	49,1007,24,56	1381.3			
329	40.0	40.0	40.0	77,562,28,22	1380.8			
330	406.0	403.0	410.0	43,283,14,106	1368.1			
331	252.0	248.0	252.0	1099,391,54,24	1366.9			
332	138.0	132.0	138.0	1851,725,12,44	1366.4			
333	171.0	170.0	171.0	285,305,28,18	1360.8			
334	181.0	176.0	183.0	107,125,28,28	1358.2			
335	175.0	175.0	175.0	1842,1041,78,39	1345.7			
336	0.0	0.0	0.0	1857,445,19,58	1343.0			
337	393.0	393.0	394.0	879,377,14,76	1343.0			
338	187.0	187.0	193.0	1757,0,33,21	1342.2			
339	381.0	380.0	382.0	1850,1048,70,32	1340.9			
340	335.0	335.0	335.0	1765,1003,18,77	1338.1			
341	78.0	78.0	78.0	385,309,25,32	1336.7			
342	193.0	185.0	198.0	573,379,62,46	1330.1			
343	393.0	393.0	393.0	1158,189,47,22	1324.2			
344	254.0	253.0	254.0	1753,457,26,48	1322.9			
345	0.0	0.0	0.0	1875,861,10,100	1306.9			
346	198.0	198.0	201.0	1880,283,33,20	1304.7			
347	164.0	164.0	165.0	22,307,40,22	1288.5			
348	387.0	387.0	387.0	595,569,20,34	1277.8			
349	182.0	180.0	182.0	89,125,18,22	1271.0			
350	269.0	269.0	270.0	1905,707,15,48	1269.3			
351	172.0	172.0	172.0	594,883,47,30	1265.4			
352	264.0	264.0	264.0	0,279,71,26	1264.6			
353	413.0	413.0	413.0	393,31,46,28	1264.5			
354	116.0	100.0	118.0	1583,667,36,38	1264.1			
355	248.0	247.0	249.0	173,187,36,20	1260.7			
356	107.0	107.0	110.0	0,789,22,23	1258.0			
357	323.0	323.0	326.0	1889,522,22,39	1256.7			
358	137.0	135.0	138.0	1561,633,22,42	1248.6			
359	261.0	261.0	261.0	1789,433,131,32	1248.0			
360	174.0	174.0	174.0	0,37,39,30	1240.5			
361	334.0	333.0	334.0	1641,1021,16,59	1239.1			
362	293.0	293.0	294.0	1891,801,26,79	1238.5			
363	165.0	164.0	165.0	137,381,22,18	1237.6			
364	180.0	179.0	180.0	203,141,32,28	1225.2			
365	265.0	265.0	265.0	1063,337,20,35	1224.8			
366	178.0	178.0	178.0	1787,971,42,42	1218.7			
367	248.0	248.0	248.0	239,75,26,24	1217.0			
368	167.0	167.0	168.0	0,377,17,34	1215.1			
369	394.0	394.0	394.0	245,141,56,12	1214.5			
370	323.0	323.0	323.0	789,105,60,16	1206.7			
371	270.0	267.0	270.0	1790,765,19,83	1204.5			
372	136.0	135.0	137.0	1547,699,26,36	1201.3			
373	392.0	392.0	392.0	1615,995,36,22	1198.2			
374	343.0	343.0	344.0	1089,889,48,13	1194.4			
375	264.0	264.0	264.0	1701,795,80,46	1192.9			
376	97.0	96.0	100.0	1747,785,34,26	1190.7			
377	261.0	261.0	261.0	163,247,44,22	1182.6			
378	253.0	253.0	253.0	1583,549,14,24	1179.7			
379	305.0	304.0	308.0	1907,539,13,48	1179.2			
380	296.0	296.0	297.0	1883,1063,37,17	1174.9			
381	347.0	346.0	347.0	1857,1072,63,8	1171.0			
382	236.0	236.0	236.0	1909,839,11,40	1165.4			
383	329.0	328.0	334.0	1647,0,14,68	1163.1			
384	154.0	154.0	155.0	1839,19,32,21	1161.3			
385	382.0	382.0	382.0	1828,832,17,70	1160.9			
386	0.0	0.0	0.0	255,81,25,66	1152.9			
387	220.0	220.0	220.0	203,1027,12,53	1151.1			
388	175.0	175.0	177.0	141,781,30,18	1150.4			
389	387.0	387.0	387.0	497,409,24,32	1149.8			
390	81.0	81.0	81.0	189,761,16,24	1148.5			
391	319.0	319.0	320.0	1455,598,36,27	1143.5			
392	263.0	263.0	265.0	647,81,42,42	1139.1			
393	246.0	242.0	246.0	123,627,20,20	1136.2			
394	387.0	387.0	391.0	711,385,38,22	1124.7			
395	156.0	156.0	156.0	1749,1007,56,50	1119.0			
396	388.0	388.0	388.0	605,139,33,20	1118.4			
397	178.0	175.0	178.0	83,219,32,30	1116.2			
398	0.0	0.0	0.0	1871,769,8,86	1096.4			
399	256.0	256.0	256.0	1765,179,28,28	1096.2			
400	250.0	242.0	251.0	628,427,40,28	1095.9			
401	320.0	319.0	321.0	1393,325,70,44	1094.0			
402	249.0	249.0	251.0	497,137,16,30	1093.7			
403	323.0	323.0	323.0	0,16,17,49	1089.3			
404	291.0	291.0	291.0	1877,913,43,36	1085.7			
405	167.0	167.0	169.0	0,667,69,78	1082.9			
406	298.0	296.0	298.0	1895,1062,25,18	1076.7			
407	261.0	261.0	261.0	180,327,24,23	1073.4			
408	186.0	186.0	186.0	1594,1035,61,45	1071.5			
409	323.0	323.0	323.0	1215,0,38,31	1070.3			
410	387.0	387.0	387.0	241,288,30,21	1069.5			
411	132.0	128.0	133.0	1359,169,42,11	1069.1			
412	248.0	244.0	248.0	265,141,32,14	1068.6			
413	96.0	96.0	96.0	301,97,22,16	1061.1			
414	323.0	323.0	323.0	913,477,44,28	1058.5			
415	186.0	186.0	187.0	1765,323,28,17	1057.1			
416	387.0	387.0	387.0	397,262,64,29	1054.3			
417	108.0	105.0	110.0	23,897,14,56	1046.8			
418	395.0	395.0	395.0	1801,103,40,90	1045.1			
419	26.0	26.0	26.0	931,19,35,28	1039.8			
420	286.0	283.0	286.0	1541,745,22,40	1039.0			
421	158.0	152.0	158.0	42,31,21,26	1036.5			
422	393.0	393.0	393.0	475,685,22,66	1033.5			
423	171.0	171.0	171.0	137,39,56,16	1032.6			
424	248.0	245.0	248.0	263,181,28,22	1032.3			
425	171.0	171.0	171.0	36,159,23,22	1032.1			
426	148.0	148.0	148.0	1519,907,42,98	1031.8			
427	252.0	252.0	256.0	1279,507,14,20	1031.8			
428	226.0	226.0	226.0	129,983,18,34	1019.6			
429	201.0	196.0	204.0	168,457,39,38	1016.6			
430	189.0	189.0	189.0	10,63,37,17	1010.6			
431	323.0	323.0	323.0	536,183,41,42	1008.8			
432	180.0	177.0	180.0	10,391,27,22	1008.5			
433	188.0	188.0	188.0	1893,363,27,21	1006.4			
434	49.0	49.0	49.0	1593,659,32,16	1006.2			
435	44.0	44.0	44.0	641,494,25,36	1000.9			
436	328.0	328.0	328.0	1889,171,14,57	993.1			
437	262.0	262.0	262.0	1771,616,24,25	992.6			
438	311.0	311.0	311.0	1877,581,43,40	991.6			
439	185.0	185.0	185.0	1779,319,30,17	991.0			
440	171.0	171.0	171.0	1905,1055,15,25	988.8			
441	260.0	260.0	260.0	9,417,48,32	988.6			
442	410.0	406.0	410.0	31,93,10,61	988.3			
443	391.0	390.0	392.0	433,261,32,32	987.9			
444	232.0	232.0	233.0	679,649,24,30	986.4			
445	178.0	177.0	179.0	1867,909,32,16	985.8			
446	209.0	209.0	209.0	1887,79,30,15	985.8			
447	220.0	220.0	222.0	70,871,25,18	978.6			
448	395.0	395.0	395.0	1808,533,33,22	973.7			
449	392.0	392.0	392.0	905,353,85,8	971.3			
450	92.0	92.0	94.0	1863,1009,57,48	967.4			
451	136.0	136.0	136.0	0,822,21,21	962.9			
452	245.0	245.0	245.0	59,651,16,20	961.4			
453	272.0	267.0	275.0	1761,212,16,49	956.6			
454	226.0	226.0	230.0	644,825,21,22	956.4			
455	136.0	128.0	138.0	1719,0,20,43	955.8			
456	102.0	102.0	102.0	17,965,14,62	954.5			
457	252.0	252.0	252.0	1051,37,19,14	954.1			
458	332.0	332.0	335.0	1889,0,14,29	951.5			
459	171.0	171.0	171.0	37,31,22,16	946.9			
460	319.0	319.0	319.0	1881,375,39,29	945.6			
461	252.0	252.0	255.0	1133,155,24,12	945.3			
462	326.0	326.0	326.0	1493,1027,20,53	945.3			
463	413.0	413.0	413.0	471,49,54,26	945.1			
464	248.0	248.0	248.0	1909,909,11,34	944.7			
465	253.0	253.0	253.0	1481,257,20,14	943.5			
466	356.0	356.0	361.0	73,1048,46,9	939.2			
467	47.0	46.0	48.0	1305,300,26,43	938.9			
468	269.0	269.0	269.0	213,0,68,25	938.3			
469	281.0	280.0	284.0	1607,196,35,39	933.8			
470	235.0	235.0	235.0	1897,185,23,18	932.2			
471	155.0	155.0	155.0	1347,289,36,16	931.1			
472	248.0	245.0	248.0	143,257,20,24	930.9			
473	0.0	0.0	0.0	1863,577,8,54	930.8			
474	109.0	109.0	113.0	31,882,20,59	930.4			
475	307.0	305.0	314.0	1565,195,20,24	929.6			
476	253.0	253.0	254.0	1571,449,34,24	927.2			
477	255.0	255.0	255.0	1859,307,40,22	924.6			
478	234.0	232.0	235.0	1673,641,24,26	924.3			
479	184.0	184.0	184.0	1601,985,42,26	922.6			
480	265.0	265.0	265.0	0,461,43,18	922.4			
481	173.0	173.0	173.0	9,267,18,26	922.1			
482	260.0	260.0	260.0	0,129,41,6	921.5			
483	167.0	167.0	167.0	51,219,28,18	919.7			
484	228.0	228.0	228.0	110,0,14,49	918.6			
485	134.0	131.0	134.0	1641,72,24,21	918.1			
486	387.0	386.0	387.0	232,65,43,36	916.8			
487	393.0	393.0	393.0	1815,307,74,22	916.3			
488	247.0	246.0	247.0	0,149,35,24	913.9			
489	225.0	225.0	225.0	6,755,18,46	912.6			
490	143.0	143.0	143.0	146,566,75,33	912.5			
491	18.0	18.0	18.0	1721,17,24,25	910.7			
492	132.0	130.0	134.0	1197,151,44,15	906.8			
493	215.0	215.0	215.0	93,545,22,27	906.1			
494	178.0	178.0	182.0	227,136,20,27	905.1			
495	289.0	285.0	289.0	1521,595,30,20	904.8			
496	173.0	173.0	173.0	183,43,24,16	904.6			
497	208.0	208.0	208.0	1626,37,28,26	902.1			
498	66.0	66.0	66.0	1013,0,30,19	900.1			
499	125.0	125.0	125.0	111,862,28,31	898.7			
500	176.0	176.0	179.0	75,471,28,22	898.3			
501	412.0	412.0	412.0	699,463,87,4	898.3			
502	251.0	249.0	251.0	725,417,20,26	894.5			
503	323.0	323.0	323.0	1893,11,27,12	894.5			
504	75.0	75.0	79.0	1374,125,22,20	894.1			
505	98.0	97.0	99.0	1665,800,25,23	893.1			
506	211.0	211.0	213.0	321,517,32,37	891.0			
507	141.0	140.0	141.0	233,265,18,42	890.5			
508	249.0	249.0	249.0	339,193,20,16	890.2			
509	165.0	165.0	165.0	30,351,17,16	886.5			
510	180.0	180.0	181.0	1641,315,38,20	885.2			
511	308.0	308.0	308.0	85,0,40,19	883.8			
512	175.0	172.0	175.0	7,649,26,15	883.1			
513	19.0	13.0	19.0	1579,215,31,12	880.5			
514	124.0	123.0	124.0	1881,135,32,12	878.0			
515	83.0	83.0	84.0	0,1021,16,24	877.2			
516	8.0	7.0	8.0	1896,285,18,20	874.4			
517	91.0	91.0	91.0	1851,975,69,48	873.7			
518	204.0	202.0	207.0	59,620,24,39	873.0			
519	249.0	249.0	249.0	0,1061,37,19	870.0			
520	270.0	270.0	270.0	365,17,92,34	866.5			
521	169.0	166.0	169.0	241,759,14,38	864.2			
522	95.0	93.0	98.0	1773,663,34,31	863.9			
523	172.0	172.0	172.0	25,11,28,22	863.9			
524	249.0	249.0	249.0	109,457,28,20	860.9			
525	162.0	158.0	162.0	455,388,49,23	860.7			
526	252.0	252.0	252.0	1097,353,28,14	860.4			
527	262.0	262.0	262.0	1787,141,14,56	859.2			
528	288.0	288.0	290.0	268,212,36,18	859.1			
529	329.0	325.0	330.0	1399,651,30,20	858.3			
530	121.0	121.0	127.0	31,867,20,48	857.1			
531	181.0	179.0	182.0	1647,177,18,20	852.8			
532	144.0	144.0	144.0	1585,1017,64,63	852.7			
533	393.0	393.0	396.0	177,629,16,30	851.3			
534	346.0	344.0	347.0	1817,1060,48,20	850.8			
535	131.0	131.0	133.0	1101,1052,19,21	848.4			
536	172.0	172.0	172.0	103,23,22,30	844.4			
537	279.0	277.0	279.0	0,0,50,7	844.4			
538	212.0	210.0	216.0	341,577,28,38	843.4			
539	260.0	260.0	260.0	385,515,32,18	842.7			
540	97.0	96.0	97.0	143,777,14,39	842.4			
541	154.0	154.0	154.0	1127,367,31,16	840.9			
542	252.0	252.0	255.0	1171,227,20,12	840.8			
543	265.0	265.0	265.0	169,615,16,45	840.0			
544	65.0	64.0	65.0	1718,269,13,62	839.4			
545	168.0	168.0	168.0	91,843,24,14	839.4			
546	138.0	138.0	138.0	1737,1034,48,15	838.6			
547	114.0	114.0	118.0	18,192,75,15	836.0			
548	389.0	388.0	389.0	1099,61,61,20	835.5			
549	278.0	278.0	284.0	1817,202,49,31	834.0			
550	361.0	361.0	361.0	0,1040,25,13	832.8			
551	214.0	214.0	214.0	1613,819,81,12	828.0			
552	264.0	264.0	264.0	1689,513,19,28	827.3			
553	217.0	217.0	217.0	1905,22,15,31	825.9			
554	173.0	173.0	173.0	263,25,28,14	822.9			
555	169.0	163.0	171.0	1187,1042,21,27	822.2			
556	180.0	179.0	182.0	1407,169,26,24	820.9			
557	100.0	100.0	100.0	1868,397,32,34	820.1			
558	225.0	225.0	225.0	229,308,23,23	815.9			
559	412.0	412.0	412.0	557,460,92,5	815.9			
560	221.0	221.0	221.0	383,509,14,28	815.2			
561	272.0	271.0	272.0	1715,1025,10,55	813.1			
562	29.0	29.0	29.0	1327,1039,25,15	809.8			
563	126.0	123.0	129.0	1520,0,38,11	806.6			
564	132.0	131.0	133.0	1579,399,14,48	805.4			
565	228.0	228.0	229.0	749,607,28,26	804.5			
566	172.0	172.0	173.0	19,408,26,27	802.2			
567	391.0	390.0	392.0	411,198,14,31	801.2			
568	78.0	76.0	78.0	1889,193,31,14	798.8			
569	110.0	110.0	112.0	0,547,13,32	798.4			
570	335.0	335.0	337.0	1545,941,78,28	796.9			
571	266.0	266.0	266.0	1451,643,38,8	795.8			
572	300.0	300.0	300.0	1201,557,20,18	795.6			
573	220.0	220.0	220.0	331,637,16,20	795.5			
574	394.0	394.0	394.0	1671,293,18,22	791.5			
575	142.0	141.0	143.0	113,491,30,22	791.4			
576	177.0	177.0	177.0	465,371,16,24	785.9			
577	294.0	294.0	295.0	1889,791,31,50	785.4			
578	281.0	281.0	281.0	1180,183,19,25	783.8			
579	394.0	394.0	394.0	1724,373,23,18	783.4			
580	234.0	234.0	236.0	1179,523,28,12	783.0			
581	218.0	218.0	218.0	159,568,20,27	780.7			
582	9.0	9.0	9.0	1322,675,15,26	779.0			
583	214.0	214.0	214.0	40,592,17,25	775.6			
584	295.0	295.0	295.0	1756,311,18,20	775.0			
585	264.0	264.0	264.0	1385,239,14,35	774.8			
586	254.0	253.0	254.0	1709,209,24,10	774.7			
587	97.0	95.0	97.0	781,554,15,63	774.1			
588	173.0	171.0	173.0	353,5,24,18	773.9			
589	323.0	323.0	323.0	1177,289,42,24	773.4			
590	273.0	273.0	276.0	1749,187,27,26	771.1			
591	154.0	153.0	161.0	1654,273,27,21	765.1			
592	387.0	387.0	387.0	797,735,18,19	765.1			
593	80.0	80.0	80.0	481,0,30,13	764.8			
594	234.0	234.0	234.0	1443,1012,21,33	763.9			
595	43.0	43.0	44.0	1060,436,45,13	762.4			
596	264.0	264.0	264.0	1379,151,20,32	761.2			
597	166.0	163.0	166.0	1493,845,36,16	760.8			
598	191.0	185.0	196.0	841,263,36,24	758.8			
599	27.0	27.0	27.0	1741,1061,18,19	758.3			
600	167.0	167.0	170.0	47,775,10,30	756.1			
601	247.0	245.0	247.0	0,45,33,10	753.2			
602	46.0	45.0	51.0	1118,314,23,33	749.5			
603	175.0	175.0	177.0	301,375,16,20	749.5			
604	110.0	110.0	110.0	43,1037,20,36	747.8			
605	265.0	265.0	265.0	741,709,14,44	745.7			
606	303.0	302.0	307.0	479,28,42,14	744.9			
607	248.0	246.0	248.0	83,285,18,20	744.1			
608	323.0	323.0	327.0	1889,749,31,16	743.8			
609	172.0	172.0	172.0	729,849,34,30	743.6			
610	42.0	42.0	42.0	1882,331,31,12	743.1			
611	219.0	219.0	219.0	63,549,14,20	742.7			
612	250.0	250.0	250.0	467,1025,20,12	741.8			
613	394.0	394.0	394.0	1754,43,20,20	739.3			
614	250.0	250.0	250.0	1605,43,16,20	737.9			
615	293.0	293.0	294.0	14,345,43,32	737.1			
616	361.0	359.0	361.0	107,549,20,40	737.1			
617	309.0	309.0	309.0	1905,1058,15,22	732.9			
618	151.0	151.0	151.0	11,113,20,18	729.9			
619	203.0	203.0	203.0	1373,1045,18,35	729.0			
620	272.0	268.0	276.0	1731,167,16,22	721.0			
621	173.0	173.0	173.0	1478,773,17,16	720.3			
622	366.0	361.0	366.0	1607,469,18,22	720.1			
623	174.0	174.0	181.0	657,789,18,20	717.8			
624	301.0	300.0	301.0	613,0,58,29	717.6			
625	144.0	144.0	147.0	1845,65,27,14	717.2			
626	387.0	387.0	387.0	525,465,26,28	717.2			
627	231.0	231.0	231.0	1203,587,18,26	715.4			
628	346.0	346.0	346.0	1639,987,80,22	712.6			
629	85.0	85.0	87.0	932,775,15,21	712.4			
630	165.0	157.0	165.0	1729,1025,36,41	712.3			
631	242.0	242.0	242.0	118,651,24,20	712.1			
632	408.0	401.0	411.0	1861,815,54,8	712.1			
633	167.0	167.0	170.0	89,381,14,20	711.3			
634	292.0	288.0	292.0	121,357,40,28	708.8			
635	391.0	390.0	392.0	1054,270,49,16	705.5			
636	345.0	344.0	345.0	1871,717,49,21	702.2			
637	36.0	36.0	37.0	1889,411,14,24	701.5			
638	294.0	294.0	298.0	1547,579,12,30	701.3			
639	325.0	325.0	328.0	1355,923,48,14	701.0			
640	318.0	318.0	320.0	1895,455,25,46	697.8			
641	169.0	167.0	174.0	141,509,18,24	697.6			
642	219.0	219.0	223.0	1485,913,28,40	697.4			
643	170.0	169.0	170.0	287,1001,22,20	696.2			
644	176.0	176.0	176.0	477,889,28,20	695.2			
645	75.0	75.0	75.0	1886,0,34,12	693.8			
646	57.0	56.0	57.0	1073,20,53,13	692.1			
647	173.0	172.0	173.0	243,91,20,16	691.8			
648	77.0	77.0	77.0	537,0,34,13	691.6			
649	219.0	219.0	219.0	491,354,14,29	690.8			
650	203.0	197.0	203.0	264,502,31,33	689.7			
651	413.0	413.0	413.0	837,195,90,18	688.9			
652	210.0	210.0	210.0	410,439,23,26	687.9			
653	152.0	152.0	152.0	1538,487,24,18	686.9			
654	340.0	340.0	340.0	1873,667,16,44	683.4			
655	209.0	209.0	209.0	1697,59,26,18	682.3			
656	282.0	282.0	282.0	1701,243,18,15	682.2			
657	218.0	218.0	220.0	1137,817,26,15	680.2			
658	287.0	287.0	288.0	1817,717,12,36	680.1			
659	84.0	84.0	84.0	323,953,16,22	679.6			
660	261.0	261.0	261.0	1617,393,68,16	675.9			
661	253.0	251.0	255.0	1367,353,26,16	674.4			
662	79.0	79.0	79.0	69,137,20,24	674.1			
663	81.0	81.0	81.0	127,807,12,23	674.0			
664	159.0	159.0	162.0	1345,1053,33,27	674.0			
665	166.0	165.0	167.0	215,249,14,28	672.2			
666	266.0	266.0	267.0	1094,769,10,82	671.8			
667	254.0	250.0	254.0	1765,396,22,15	671.7			
668	323.0	323.0	325.0	887,541,15,38	669.5			
669	253.0	253.0	253.0	1625,33,20,14	669.0			
670	260.0	260.0	260.0	1491,1025,18,17	668.7			
671	175.0	174.0	175.0	149,8,28,13	668.1			
672	266.0	266.0	266.0	1919,3,1,144	668.0			
673	337.0	336.0	337.0	1889,208,21,17	667.8			
674	263.0	263.0	263.0	520,0,18,33	666.7			
675	295.0	294.0	299.0	1232,561,20,18	664.6			
676	178.0	178.0	178.0	401,381,20,23	664.2			
677	394.0	394.0	394.0	11,412,14,25	662.1			
678	375.0	375.0	375.0	1899,1055,21,25	660.5			
679	150.0	149.0	151.0	61,217,54,6	660.1			
680	137.0	134.0	137.0	59,879,24,58	659.0			
681	412.0	412.0	412.0	885,466,84,4	656.7			
682	171.0	171.0	171.0	203,0,38,9	656.6			
683	219.0	219.0	220.0	113,141,38,12	656.5			
684	264.0	264.0	264.0	1397,306,16,21	654.5			
685	288.0	288.0	288.0	1861,945,10,38	652.2			
686	202.0	186.0	202.0	7,499,12,20	650.6			
687	359.0	359.0	360.0	60,689,15,64	649.4			
688	285.0	285.0	285.0	1487,689,22,36	649.0			
689	24.0	24.0	24.0	887,58,18,23	647.5			
690	177.0	177.0	179.0	1735,398,30,17	646.8			
691	176.0	174.0	180.0	295,231,16,34	646.6			
692	231.0	231.0	231.0	1729,1065,14,15	645.7			
693	81.0	81.0	81.0	9,135,15,24	644.6			
694	166.0	166.0	170.0	37,159,16,26	644.2			
695	173.0	173.0	174.0	149,143,16,26	642.6			
696	296.0	296.0	296.0	0,39,47,24	642.0			
697	159.0	159.0	159.0	1905,95,15,16	639.3			
698	262.0	262.0	266.0	1889,509,31,10	638.6			
699	331.0	329.0	331.0	1605,429,6,52	637.2			
700	385.0	379.0	385.0	0,257,15,18	636.8			
701	222.0	222.0	225.0	27,630,14,23	635.9			
702	263.0	263.0	263.0	1853,0,40,21	632.4			
703	172.0	172.0	172.0	205,937,39,12	631.6			
704	236.0	236.0	236.0	1907,1029,13,51	631.6			
705	25.0	25.0	26.0	580,209,18,26	630.3			
706	58.0	58.0	63.0	559,528,13,23	630.2			
707	255.0	255.0	255.0	1665,805,16,12	630.2			
708	131.0	128.0	133.0	1226,261,51,10	630.1			
709	392.0	392.0	392.0	1757,223,21,20	629.9			
710	175.0	175.0	176.0	573,483,18,24	629.6			
711	169.0	166.0	170.0	271,633,13,16	626.7			
712	28.0	28.0	29.0	275,241,12,21	626.6			
713	89.0	89.0	89.0	1194,655,19,12	624.2			
714	254.0	254.0	256.0	1547,425,20,14	623.7			
715	265.0	262.0	265.0	1399,361,17,20	623.6			
716	261.0	261.0	261.0	1529,373,69,16	623.3			
717	192.0	174.0	192.0	111,460,25,29	621.9			
718	49.0	49.0	49.0	1573,592,12,26	621.6			
719	5.0	5.0	5.0	1433,359,24,10	620.6			
720	176.0	176.0	176.0	309,583,18,16	620.3			
721	276.0	276.0	276.0	1895,1037,25,24	619.9			
722	186.0	186.0	188.0	5,376,24,14	618.4			
723	277.0	273.0	277.0	1811,207,22,18	617.8			
724	218.0	218.0	218.0	1717,689,13,16	616.5			
725	141.0	141.0	141.0	1753,803,14,16	616.1			
726	84.0	82.0	84.0	254,907,21,30	615.1			
727	208.0	203.0	212.0	1326,317,31,13	611.7			
728	397.0	396.0	397.0	1529,921,18,14	611.2			
729	146.0	144.0	147.0	1325,1022,30,58	610.7			
730	168.0	168.0	171.0	7,285,16,18	610.2			
731	136.0	136.0	137.0	1539,1071,41,9	608.3			
732	166.0	164.0	166.0	469,385,12,12	606.9			
733	335.0	329.0	335.0	1442,1040,22,40	606.9			
734	17.0	17.0	18.0	1862,3,25,10	604.7			
735	104.0	103.0	104.0	1851,289,18,16	603.4			
736	390.0	390.0	390.0	961,0,31,18	603.1			
737	292.0	285.0	293.0	251,351,16,36	602.8			
738	268.0	268.0	268.0	1469,0,6,43	602.7			
739	24.0	24.0	25.0	611,38,26,13	600.8			
740	128.0	124.0	128.0	1665,33,40,12	599.5			
741	3.0	3.0	4.0	1128,344,26,12	598.7			
742	389.0	389.0	389.0	1227,127,30,24	598.7			
743	61.0	59.0	62.0	1843,23,22,12	598.1			
744	232.0	232.0	236.0	703,659,12,24	597.4			
745	169.0	169.0	170.0	75,519,20,16	597.3			
746	248.0	248.0	248.0	561,925,26,12	596.9			
747	358.0	358.0	358.0	1865,826,55,13	596.7			
748	101.0	101.0	101.0	167,847,6,46	596.0			
749	317.0	317.0	320.0	1659,569,16,31	593.4			
750	173.0	172.0	173.0	337,77,24,14	592.7			
751	144.0	144.0	147.0	1477,736,37,11	592.0			
752	244.0	244.0	245.0	83,749,50,10	585.4			
753	331.0	331.0	336.0	1609,103,10,30	584.7			
754	266.0	266.0	267.0	1104,881,9,64	584.0			
755	124.0	124.0	124.0	1655,633,16,24	583.2			
756	281.0	281.0	281.0	1655,942,50,29	582.1			
757	205.0	200.0	206.0	1805,111,22,14	581.8			
758	146.0	144.0	146.0	101,497,34,13	580.2			
759	233.0	233.0	233.0	1085,1040,12,17	579.9			
760	318.0	318.0	318.0	1887,349,33,16	579.5			
761	133.0	133.0	133.0	1773,407,12,20	576.5			
762	252.0	252.0	252.0	1101,677,12,18	576.4			
763	206.0	204.0	206.0	1653,391,18,16	575.6			
764	190.0	187.0	190.0	0,54,37,13	575.2			
765	204.0	203.0	206.0	1757,161,22,14	570.6			
766	153.0	153.0	153.0	1863,0,20,9	567.0			
767	229.0	226.0	229.0	825,305,18,20	566.3			
768	357.0	356.0	360.0	17,1073,32,7	566.2			
769	47.0	47.0	47.0	1869,1023,12,34	565.0			
770	261.0	261.0	261.0	145,269,16,18	564.2			
771	248.0	248.0	248.0	577,723,16,14	564.1			
772	327.0	327.0	327.0	1669,1057,35,23	564.1			
773	19.0	19.0	22.0	545,208,13,20	561.0			
774	141.0	141.0	141.0	1129,103,10,16	559.5			
775	337.0	331.0	337.0	1581,93,38,10	558.9			
776	308.0	304.0	308.0	1893,642,20,28	558.6			
777	169.0	166.0	170.0	197,387,18,14	557.2			
778	267.0	267.0	267.0	401,1035,26,12	557.2			
779	301.0	300.0	301.0	673,29,32,22	556.9			
780	355.0	355.0	357.0	1881,1050,39,7	555.7			
781	277.0	277.0	278.0	1909,721,11,18	554.9			
782	392.0	391.0	392.0	1881,1019,24,18	554.6			
783	166.0	166.0	166.0	89,451,14,14	554.5			
784	5.0	5.0	5.0	422,823,11,18	550.9			
785	316.0	314.0	316.0	1793,441,39,19	550.3			
786	176.0	176.0	177.0	403,129,14,16	549.2			
787	250.0	246.0	250.0	361,635,16,20	548.7			
788	391.0	391.0	391.0	1297,71,42,20	546.2			
789	177.0	177.0	185.0	1375,183,26,16	545.2			
790	265.0	265.0	265.0	1161,761,24,20	545.2			
791	5.0	5.0	5.0	701,517,8,19	542.9			
792	99.0	96.0	99.0	1811,563,20,14	542.7			
793	390.0	390.0	390.0	1409,307,8,58	541.8			
794	299.0	299.0	299.0	1820,0,27,13	541.7			
795	216.0	216.0	218.0	91,577,18,28	541.3			
796	406.0	403.0	410.0	579,19,33,17	540.9			
797	6.0	6.0	6.0	82,305,13,22	539.0			
798	172.0	172.0	172.0	543,416,16,23	537.7			
799	323.0	323.0	323.0	899,125,28,26	537.6			
800	171.0	171.0	171.0	131,209,24,8	537.4			
801	105.0	105.0	105.0	93,825,8,32	537.3			
802	408.0	399.0	408.0	657,217,56,14	536.5			
803	199.0	199.0	210.0	1041,407,32,22	536.3			
804	112.0	112.0	114.0	127,757,12,18	534.8			
805	113.0	105.0	113.0	39,847,16,30	534.0			
806	183.0	182.0	184.0	1457,207,32,16	534.0			
807	205.0	205.0	205.0	1613,453,12,20	533.6			
808	301.0	301.0	302.0	1897,56,18,25	533.4			
809	397.0	395.0	397.0	1657,921,20,10	533.4			
810	392.0	392.0	392.0	1770,617,19,16	530.8			
811	261.0	261.0	262.0	171,35,24,14	529.8			
812	261.0	261.0	263.0	81,481,16,20	529.5			
813	116.0	115.0	116.0	31,875,12,38	528.7			
814	392.0	392.0	392.0	1521,493,30,12	527.6			
815	87.0	87.0	87.0	299,731,20,16	525.9			
816	217.0	217.0	217.0	1515,769,12,16	525.6			
817	189.0	189.0	189.0	87,1049,22,31	525.2			
818	322.0	322.0	322.0	1611,23,8,38	524.2			
819	264.0	264.0	264.0	1214,168,35,15	523.2			
820	216.0	216.0	217.0	91,859,14,14	520.9			
821	250.0	247.0	251.0	695,69,16,14	519.9			
822	96.0	96.0	96.0	83,530,16,12	517.4			
823	202.0	202.0	206.0	91,233,10,16	515.5			
824	125.0	125.0	128.0	25,945,14,24	514.6			
825	219.0	219.0	219.0	68,1021,6,59	513.0			
826	412.0	412.0	412.0	803,465,70,3	512.9			
827	153.0	153.0	153.0	1619,909,27,33	511.4			
828	177.0	175.0	177.0	265,502,16,15	511.0			
829	301.0	299.0	307.0	723,57,36,22	510.8			
830	219.0	219.0	221.0	177,483,14,24	510.2			
831	255.0	254.0	255.0	1773,393,18,10	508.9			
832	369.0	365.0	371.0	0,1073,29,7	508.6			
833	249.0	249.0	250.0	605,121,20,10	508.2			
834	207.0	207.0	207.0	1799,41,24,14	508.0			
835	408.0	408.0	408.0	0,549,23,43	505.8			
836	133.0	133.0	133.0	927,990,11,12	504.9			
837	264.0	264.0	264.0	1527,907,26,12	504.7			
838	176.0	176.0	176.0	0,789,11,26	504.2			
839	358.0	358.0	358.0	1702,931,9,43	503.0			
840	172.0	168.0	172.0	689,197,14,16	502.7			
841	173.0	173.0	173.0	59,421,10,18	502.6			
842	348.0	348.0	353.0	120,843,13,18	502.0			
843	51.0	50.0	51.0	1062,402,21,13	501.6			
844	155.0	155.0	157.0	1492,273,13,17	501.4			
845	123.0	121.0	123.0	153,805,12,20	499.2			
846	207.0	207.0	207.0	1855,313,20,14	498.6			
847	116.0	115.0	116.0	13,993,12,34	497.5			
848	285.0	284.0	286.0	1811,1002,14,33	497.5			
849	245.0	245.0	248.0	79,161,16,16	496.4			
850	181.0	181.0	181.0	1785,1001,30,38	495.9			
851	255.0	254.0	256.0	1785,245,24,12	495.8			
852	261.0	261.0	261.0	17,120,14,25	495.6			
853	174.0	174.0	174.0	405,615,20,10	494.9			
854	265.0	265.0	265.0	987,605,14,18	494.6			
855	147.0	144.0	151.0	141,859,12,14	494.5			
856	156.0	156.0	165.0	13,0,29,8	493.1			
857	181.0	180.0	183.0	283,51,22,18	492.6			
858	250.0	250.0	250.0	333,217,16,12	492.4			
859	171.0	171.0	171.0	1563,171,12,12	492.3			
860	173.0	173.0	174.0	115,265,14,20	492.0			
861	215.0	214.0	215.0	417,583,8,26	491.6			
862	280.0	275.0	280.0	45,127,24,20	490.9			
863	133.0	132.0	133.0	1797,523,10,32	489.7			
864	252.0	252.0	252.0	987,213,14,16	487.1			
865	282.0	281.0	282.0	0,127,27,18	486.0			
866	243.0	242.0	243.0	247,721,18,11	485.8			
867	328.0	326.0	328.0	1627,639,22,44	484.6			
868	76.0	73.0	77.0	1813,9,20,16	483.9			
869	266.0	266.0	266.0	161,942,22,16	483.6			
870	98.0	98.0	98.0	33,845,8,34	483.3			
871	64.0	64.0	64.0	215,789,27,12	482.9			
872	260.0	260.0	260.0	211,506,6,31	482.9			
873	255.0	252.0	255.0	1701,477,12,18	481.7			
874	84.0	84.0	84.0	279,807,14,25	481.0			
875	348.0	346.0	349.0	708,1051,25,19	479.8			
876	125.0	117.0	125.0	1738,0,29,17	479.7			
877	202.0	202.0	202.0	393,367,14,14	479.6			
878	375.0	375.0	375.0	31,1043,22,18	478.7			
879	200.0	199.0	204.0	697,442,20,19	478.3			
880	271.0	271.0	275.0	1757,807,10,46	477.8			
881	182.0	182.0	183.0	201,169,17,14	477.0			
882	253.0	253.0	253.0	1295,1047,14,12	477.0			
883	323.0	323.0	323.0	929,598,31,13	476.9			
884	35.0	35.0	35.0	1737,485,12,20	475.5			
885	410.0	409.0	410.0	1521,633,24,8	475.1			
886	325.0	325.0	325.0	717,873,91,20	474.7			
887	166.0	165.0	166.0	285,289,12,14	474.6			
888	73.0	73.0	74.0	295,53,17,14	474.5			
889	172.0	172.0	172.0	1557,121,10,14	474.1			
890	172.0	172.0	172.0	477,433,14,16	473.0			
891	263.0	263.0	263.0	1752,214,33,21	472.6			
892	397.0	397.0	397.0	698,225,43,8	472.6			
893	48.0	45.0	48.0	1365,604,25,15	472.3			
894	281.0	281.0	282.0	1669,239,18,21	472.2			
895	261.0	261.0	261.0	285,13,7,42	471.9			
896	394.0	394.0	394.0	1611,311,22,16	471.5			
897	241.0	241.0	241.0	1204,949,17,19	470.4			
898	388.0	388.0	389.0	45,17,16,19	469.1			
899	113.0	113.0	113.0	172,507,11,42	468.6			
900	2.0	2.0	2.0	1481,91,12,11	466.3			
901	151.0	148.0	151.0	1711,938,18,21	464.7			
902	0.0	0.0	4.0	417,411,16,10	464.1			
903	50.0	50.0	52.0	855,129,30,10	463.8			
904	273.0	273.0	273.0	1841,113,10,32	463.6			
905	268.0	268.0	269.0	1499,325,7,40	461.7			
906	264.0	264.0	264.0	1460,371,21,22	460.7			
907	206.0	206.0	208.0	1675,721,20,14	460.5			
908	248.0	248.0	249.0	411,7,10,14	460.4			
909	138.0	138.0	138.0	1755,727,16,26	459.2			
910	253.0	253.0	253.0	1735,589,12,22	457.1			
911	198.0	198.0	198.0	481,432,22,21	456.9			
912	198.0	185.0	198.0	985,381,18,20	456.5			
913	28.0	28.0	28.0	1773,709,23,16	456.2			
914	265.0	265.0	265.0	1465,662,14,25	454.8			
915	229.0	228.0	229.0	639,329,22,16	454.6			
916	404.0	404.0	405.0	49,1072,32,8	454.3			
917	47.0	47.0	47.0	1778,1017,11,24	454.2			
918	107.0	106.0	107.0	0,741,12,16	453.5			
919	397.0	397.0	397.0	419,181,56,12	453.1			
920	170.0	169.0	170.0	513,273,12,12	453.0			
921	229.0	229.0	229.0	719,307,28,12	452.8			
922	131.0	131.0	131.0	0,703,7,24	452.7			
923	98.0	98.0	102.0	155,865,10,26	452.3			
924	394.0	394.0	394.0	154,201,17,28	452.1			
925	27.0	27.0	27.0	1877,630,14,17	451.7			
926	273.0	273.0	273.0	97,849,10,16	451.7			
927	12.0	11.0	12.0	1193,841,36,8	451.4			
928	265.0	265.0	265.0	1697,1036,10,25	451.3			
929	219.0	219.0	219.0	0,177,29,6	451.2			
930	53.0	53.0	53.0	1845,737,14,16	451.1			
931	391.0	391.0	391.0	1121,339,22,10	450.3			
932	249.0	249.0	251.0	449,501,14,12	450.1			
933	202.0	202.0	202.0	147,339,10,14	449.8			
934	203.0	198.0	203.0	143,929,11,22	449.2			
935	391.0	391.0	391.0	1229,85,32,10	448.9			
936	133.0	133.0	133.0	833,890,10,13	447.9			
937	332.0	332.0	332.0	1863,431,12,23	447.3			
938	395.0	395.0	397.0	1875,935,12,14	446.2			
939	278.0	277.0	279.0	1678,1066,55,14	444.7			
940	194.0	193.0	196.0	1186,513,18,22	443.5			
941	30.0	30.0	32.0	398,306,22,7	442.3			
942	109.0	109.0	110.0	0,1049,17,16	442.2			
943	130.0	130.0	130.0	131,825,20,10	442.1			
944	232.0	232.0	232.0	227,63,10,18	441.3			
945	161.0	161.0	162.0	185,285,24,10	441.2			
946	246.0	241.0	250.0	295,767,12,14	441.0			
947	200.0	200.0	200.0	0,0,26,12	440.9			
948	232.0	232.0	232.0	395,221,14,20	440.8			
949	282.0	282.0	285.0	1803,990,14,33	440.2			
950	75.0	75.0	75.0	1569,713,12,12	439.9			
951	172.0	172.0	172.0	326,261,9,16	439.5			
952	254.0	254.0	254.0	1867,401,10,20	438.9			
953	207.0	206.0	207.0	1781,351,18,12	438.7			
954	322.0	322.0	322.0	1777,837,16,24	438.2			
955	249.0	249.0	249.0	113,1065,32,12	438.0			
956	329.0	328.0	329.0	1609,554,8,17	437.7			
957	26.0	26.0	26.0	1733,524,9,18	436.8			
958	168.0	167.0	170.0	265,651,19,18	435.3			
959	142.0	140.0	142.0	1565,514,24,17	435.0			
960	252.0	251.0	252.0	81,805,12,14	434.8			
961	389.0	389.0	389.0	1025,129,26,12	434.2			
962	328.0	328.0	328.0	1716,493,11,14	434.0			
963	270.0	269.0	270.0	1191,39,17,21	433.8			
964	266.0	262.0	266.0	1016,1040,33,8	433.0			
965	226.0	225.0	226.0	1701,832,21,9	432.6			
966	126.0	126.0	126.0	1639,627,14,20	432.5			
967	253.0	253.0	253.0	1783,733,12,14	432.3			
968	255.0	255.0	257.0	1603,577,13,14	431.8			
969	201.0	200.0	203.0	1141,502,11,19	431.7			
970	134.0	134.0	137.0	191,857,10,22	431.2			
971	146.0	146.0	148.0	323,909,14,18	430.7			
972	329.0	328.0	332.0	1553,689,18,26	430.4			
973	249.0	242.0	249.0	613,537,14,16	429.9			
974	274.0	274.0	274.0	116,239,21,20	429.8			
975	52.0	52.0	53.0	1614,0,19,13	429.7			
976	364.0	364.0	364.0	0,0,23,13	429.6			
977	296.0	296.0	296.0	897,641,9,33	429.5			
978	95.0	95.0	97.0	1694,422,16,11	429.4			
979	392.0	392.0	392.0	1579,513,34,14	429.2			
980	76.0	75.0	79.0	1611,119,22,18	428.1			
981	63.0	60.0	63.0	1745,484,28,9	427.3			
982	299.0	299.0	299.0	1461,277,28,16	426.8			
983	394.0	394.0	394.0	83,911,10,18	426.2			
984	328.0	328.0	328.0	1881,265,10,16	424.6			
985	79.0	79.0	79.0	1807,311,17,16	424.4			
986	407.0	402.0	409.0	689,215,46,12	424.0			
987	120.0	119.0	122.0	1505,325,38,15	423.0			
988	263.0	263.0	263.0	257,0,12,9	422.3			
989	5.0	1.0	5.0	537,552,14,15	421.1			
990	165.0	165.0	165.0	1857,1076,40,4	421.0			
991	251.0	251.0	252.0	1025,677,14,12	420.5			
992	251.0	251.0	251.0	917,451,13,12	420.4			
993	41.0	41.0	41.0	1871,753,10,16	419.1			
994	107.0	105.0	111.0	73,893,10,24	418.5			
995	137.0	137.0	137.0	1461,890,20,17	417.7			
996	164.0	164.0	165.0	667,617,23,20	417.6			
997	123.0	122.0	123.0	1797,134,24,17	417.4			
998	394.0	394.0	394.0	1061,293,22,12	417.1			
999	254.0	254.0	254.0	1887,689,12,12	416.7			
1000	261.0	261.0	261.0	385,206,24,13	414.6			
1001	129.0	129.0	129.0	1449,9,8,20	412.0			
1002	14.0	14.0	14.0	1909,661,11,18	411.4			
1003	115.0	112.0	115.0	180,191,27,12	410.8			
1004	2.0	2.0	2.0	1410,7,9,14	410.5			
1005	264.0	264.0	266.0	1149,138,16,13	410.1			
1006	348.0	347.0	348.0	433,907,20,9	410.1			
1007	163.0	163.0	166.0	63,91,17,14	410.0			
1008	175.0	175.0	175.0	54,839,11,26	409.8			
1009	242.0	241.0	242.0	20,657,20,7	409.4			
1010	262.0	262.0	262.0	1755,10,10,33	409.4			
1011	114.0	111.0	114.0	133,805,12,14	407.9			
1012	386.0	386.0	386.0	1067,13,24,12	406.1			
1013	111.0	111.0	111.0	595,787,16,14	404.8			
1014	413.0	413.0	413.0	1103,219,48,14	404.7			
1015	165.0	165.0	170.0	39,223,10,16	404.6			
1016	219.0	219.0	219.0	61,487,10,16	404.6			
1017	91.0	91.0	91.0	1814,1024,37,27	402.9			
1018	338.0	338.0	338.0	1229,161,16,28	402.4			
1019	292.0	292.0	292.0	1879,875,27,25	402.0			
1020	179.0	179.0	179.0	51,457,18,12	401.6			
1021	397.0	397.0	397.0	499,191,48,12	401.1			
1022	248.0	248.0	248.0	151,393,10,16	401.0			
1023	330.0	330.0	330.0	1155,73,30,12	400.6			
1024	406.0	401.0	409.0	589,659,18,9	399.7			
1025	37.0	33.0	37.0	1161,255,54,2	399.5			
1026	264.0	264.0	267.0	1183,199,28,12	398.3			
1027	178.0	178.0	183.0	265,361,14,14	396.4			
1028	31.0	30.0	31.0	551,145,10,16	396.3			
1029	256.0	256.0	256.0	1693,547,10,12	396.2			
1030	254.0	252.0	255.0	1501,643,10,16	395.7			
1031	168.0	167.0	168.0	185,233,16,10	395.6			
1032	252.0	252.0	252.0	1082,281,17,8	395.3			
1033	397.0	397.0	397.0	1897,1067,23,9	395.3			
1034	295.0	295.0	296.0	257,471,32,30	395.0			
1035	401.0	398.0	410.0	447,661,10,22	394.7			
1036	295.0	295.0	295.0	623,926,6,38	394.6			
1037	174.0	174.0	178.0	383,685,16,8	394.3			
1038	63.0	58.0	63.0	1890,539,17,18	391.7			
1039	39.0	39.0	39.0	223,409,13,12	391.6			
1040	219.0	219.0	219.0	299,145,18,10	390.6			
1041	192.0	191.0	192.0	1857,111,18,9	390.2			
1042	204.0	203.0	204.0	1341,531,17,14	389.8			
1043	253.0	253.0	256.0	1399,779,20,10	389.7			
1044	248.0	248.0	248.0	0,667,17,20	389.3			
1045	216.0	216.0	216.0	425,553,20,30	388.4			
1046	278.0	275.0	279.0	1422,226,17,18	388.0			
1047	232.0	232.0	232.0	1887,1009,14,16	387.4			
1048	331.0	331.0	331.0	1547,7,15,14	386.9			
1049	264.0	264.0	264.0	14,221,19,12	386.6			
1050	156.0	156.0	157.0	1707,1067,28,13	385.3			
1051	30.0	30.0	33.0	238,371,11,12	384.4			
1052	272.0	272.0	284.0	1757,81,6,55	384.0			
1053	386.0	386.0	386.0	503,489,30,8	383.5			
1054	325.0	325.0	325.0	1221,960,16,14	382.7			
1055	143.0	142.0	143.0	404,510,33,23	382.6			
1056	283.0	282.0	283.0	95,869,12,24	382.1			
1057	345.0	341.0	345.0	31,696,18,8	381.9			
1058	255.0	255.0	255.0	1865,27,16,10	381.5			
1059	310.0	310.0	310.0	1753,0,18,7	381.5			
1060	250.0	250.0	251.0	647,197,18,8	381.1			
1061	395.0	395.0	396.0	551,167,42,4	380.9			
1062	263.0	263.0	263.0	545,241,22,24	380.6			
1063	207.0	207.0	207.0	0,641,7,23	380.4			
1064	64.0	64.0	65.0	1009,465,14,10	380.2			
1065	168.0	168.0	174.0	95,303,12,16	380.1			
1066	240.0	240.0	242.0	129,565,28,12	379.2			
1067	255.0	254.0	255.0	1629,575,16,12	377.9			
1068	251.0	251.0	251.0	767,673,14,14	377.5			
1069	263.0	263.0	263.0	1139,121,14,26	377.2			
1070	0.0	0.0	0.0	129,23,38,26	377.0			
1071	253.0	253.0	256.0	1409,667,10,16	375.8			
1072	236.0	236.0	236.0	1203,992,16,19	374.9			
1073	126.0	120.0	133.0	1168,0,28,9	374.8			
1074	311.0	309.0	314.0	1850,0,30,9	374.5			
1075	3.0	3.0	3.0	1367,37,10,11	374.3			
1076	290.0	284.0	290.0	1493,569,12,18	374.2			
1077	296.0	296.0	296.0	1917,833,3,32	373.8			
1078	335.0	335.0	336.0	1487,987,26,24	373.1			
1079	221.0	221.0	223.0	1772,775,25,14	371.7			
1080	373.0	365.0	376.0	1875,6,32,13	371.2			
1081	297.0	297.0	297.0	759,453,10,22	371.0			
1082	297.0	297.0	298.0	795,363,10,22	370.9			
1083	362.0	362.0	362.0	27,809,12,12	370.4			
1084	226.0	224.0	226.0	543,528,26,31	370.3			
1085	97.0	97.0	97.0	761,961,12,9	369.9			
1086	175.0	175.0	175.0	903,69,44,8	369.8			
1087	394.0	394.0	395.0	1039,189,9,22	369.7			
1088	212.0	211.0	212.0	1602,466,17,10	369.3			
1089	81.0	81.0	81.0	91,147,12,12	368.9			
1090	413.0	413.0	413.0	1884,0,11,23	368.6			
1091	5.0	5.0	5.0	655,453,8,16	366.9			
1092	115.0	115.0	115.0	267,277,10,24	366.6			
1093	247.0	247.0	247.0	550,401,11,24	366.6			
1094	173.0	173.0	173.0	1579,429,12,10	366.3			
1095	273.0	271.0	273.0	1271,982,17,22	366.3			
1096	298.0	298.0	300.0	1247,341,20,20	366.2			
1097	126.0	124.0	126.0	311,739,14,20	366.1			
1098	122.0	120.0	122.0	1783,229,24,16	365.5			
1099	246.0	244.0	246.0	37,527,12,12	364.6			
1100	63.0	58.0	63.0	1777,481,14,22	364.2			
1101	159.0	159.0	162.0	177,334,24,11	363.6			
1102	253.0	253.0	253.0	1725,457,10,16	363.5			
1103	168.0	166.0	168.0	361,775,10,10	363.0			
1104	253.0	253.0	253.0	1713,145,12,10	362.6			
1105	13.0	12.0	13.0	1615,721,16,11	362.0			
1106	155.0	155.0	155.0	1639,38,14,14	360.2			
1107	81.0	81.0	89.0	255,721,10,16	360.1			
1108	173.0	173.0	174.0	1759,859,18,14	360.1			
1109	357.0	357.0	357.0	1797,1057,12,15	360.0			
1110	200.0	200.0	200.0	1885,137,35,12	359.8			
1111	109.0	109.0	109.0	0,853,11,15	359.6			
1112	178.0	178.0	180.0	184,233,15,18	358.5			
1113	81.0	81.0	81.0	117,1036,8,17	357.4			
1114	194.0	194.0	194.0	1915,938,5,33	357.4			
1115	95.0	95.0	98.0	141,731,20,8	357.3			
1116	271.0	270.0	274.0	1734,0,9,17	356.7			
1117	297.0	297.0	298.0	1887,158,29,13	356.7			
1118	287.0	287.0	287.0	1684,1052,28,13	356.1			
1119	279.0	279.0	279.0	1913,733,7,22	355.9			
1120	261.0	261.0	261.0	1196,245,13,34	355.8			
1121	52.0	52.0	52.0	1720,1013,21,8	355.3			
1122	176.0	176.0	180.0	393,283,10,10	355.3			
1123	261.0	261.0	261.0	75,137,16,16	354.6			
1124	167.0	167.0	167.0	109,281,12,10	354.3			
1125	189.0	189.0	189.0	1881,1065,24,10	353.8			
1126	149.0	149.0	149.0	1660,787,13,19	353.0			
1127	264.0	264.0	266.0	772,51,11,14	353.0			
1128	81.0	81.0	81.0	1045,511,8,18	352.8			
1129	252.0	252.0	255.0	1089,205,14,8	352.8			
1130	128.0	128.0	128.0	1881,577,10,16	352.6			
1131	253.0	253.0	253.0	1679,639,10,14	352.5			
1132	303.0	303.0	303.0	1805,609,14,18	352.5			
1133	209.0	209.0	209.0	1205,241,21,20	351.4			
1134	154.0	154.0	154.0	1005,381,30,9	351.3			
1135	385.0	383.0	386.0	1841,0,20,9	351.0			
1136	148.0	148.0	148.0	430,819,7,19	350.4			
1137	36.0	34.0	36.0	1781,259,13,9	350.0			
1138	194.0	190.0	202.0	1288,372,23,17	349.8			
1139	261.0	261.0	261.0	454,0,11,9	349.4			
1140	307.0	306.0	308.0	1881,1063,19,8	349.2			
1141	112.0	111.0	112.0	91,847,10,46	349.1			
1142	176.0	176.0	176.0	1805,1068,23,12	349.0			
1143	107.0	102.0	112.0	1887,393,16,18	348.9			
1144	88.0	88.0	88.0	777,563,22,10	348.1			
1145	205.0	205.0	205.0	1526,803,11,11	347.9			
1146	60.0	59.0	61.0	1507,233,29,10	347.5			
1147	261.0	261.0	261.0	1425,349,41,10	347.2			
1148	263.0	263.0	263.0	673,233,12,18	346.0			
1149	126.0	126.0	126.0	85,241,32,16	345.8			
1150	93.0	93.0	93.0	1083,1052,22,10	345.4			
1151	201.0	200.0	202.0	1057,528,13,19	345.4			
1152	55.0	53.0	57.0	1245,275,14,14	345.0			
1153	180.0	180.0	180.0	21,293,20,24	344.4			
1154	39.0	39.0	39.0	140,1005,20,8	344.1			
1155	412.0	412.0	412.0	452,458,39,3	343.9			
1156	130.0	129.0	130.0	1337,301,15,22	343.8			
1157	304.0	298.0	304.0	521,0,26,11	343.1			
1158	341.0	340.0	341.0	735,1013,19,14	342.3			
1159	38.0	38.0	38.0	6,385,11,16	342.2			
1160	256.0	256.0	256.0	1857,647,16,15	342.1			
1161	255.0	255.0	255.0	1595,419,14,14	341.7			
1162	283.0	282.0	283.0	83,761,8,22	341.7			
1163	113.0	110.0	113.0	1743,65,18,16	339.4			
1164	170.0	168.0	170.0	0,175,23,10	339.4			
1165	208.0	208.0	213.0	832,339,15,14	339.4			
1166	65.0	64.0	65.0	1614,271,11,10	338.7			
1167	193.0	193.0	195.0	1898,50,22,7	338.7			
1168	174.0	174.0	174.0	197,815,12,12	338.2			
1169	232.0	232.0	232.0	217,169,8,16	337.5			
1170	125.0	125.0	125.0	961,32,16,9	336.9			
1171	137.0	137.0	137.0	33,1055,14,14	336.7			
1172	275.0	275.0	278.0	11,56,22,19	336.6			
1173	3.0	3.0	4.0	354,19,27,16	336.5			
1174	261.0	261.0	261.0	537,9,14,16	336.1			
1175	165.0	164.0	165.0	1793,998,21,13	336.0			
1176	394.0	394.0	394.0	913,235,8,16	336.0			
1177	261.0	261.0	261.0	304,100,23,13	335.5			
1178	215.0	215.0	215.0	201,753,17,12	335.3			
1179	23.0	22.0	23.0	1716,352,14,10	335.0			
1180	175.0	175.0	175.0	59,893,14,8	334.9			
1181	175.0	175.0	179.0	467,293,10,8	334.5			
1182	208.0	208.0	208.0	1861,441,26,11	334.4			
1183	349.0	349.0	349.0	493,915,13,9	334.2			
1184	176.0	176.0	176.0	323,918,18,11	333.8			
1185	169.0	169.0	170.0	81,71,12,8	332.8			
1186	168.0	168.0	169.0	89,189,16,14	332.4			
1187	283.0	283.0	283.0	1915,231,5,32	332.3			
1188	2.0	2.0	2.0	331,59,22,14	331.9			
1189	413.0	413.0	413.0	1743,0,25,5	331.3			
1190	310.0	310.0	310.0	1669,860,36,10	331.2			
1191	292.0	292.0	292.0	0,97,26,10	330.8			
1192	100.0	97.0	100.0	996,421,25,8	330.6			
1193	176.0	176.0	176.0	417,93,10,22	330.1			
1194	209.0	209.0	213.0	1753,5,22,8	330.0			
1195	0.0	0.0	0.0	1867,678,8,27	329.6			
1196	148.0	148.0	148.0	1555,855,8,42	329.3			
1197	270.0	270.0	270.0	0,100,20,9	328.7			
1198	254.0	254.0	254.0	65,1073,16,7	328.6			
1199	346.0	343.0	350.0	153,739,16,7	328.3			
1200	59.0	59.0	65.0	375,173,23,8	328.2			
1201	266.0	266.0	266.0	65,975,11,19	328.2			
1202	232.0	232.0	232.0	724,475,10,16	328.0			
1203	51.0	50.0	55.0	311,325,22,8	326.9			
1204	390.0	390.0	390.0	253,1063,10,17	326.4			
1205	4.0	4.0	4.0	1357,3,10,10	326.0			
1206	381.0	380.0	381.0	1895,127,25,10	326.0			
1207	116.0	115.0	117.0	91,835,12,16	325.4			
1208	134.0	134.0	134.0	1777,365,12,20	325.3			
1209	170.0	170.0	170.0	315,241,10,12	325.3			
1210	123.0	123.0	123.0	1707,655,10,15	324.3			
1211	149.0	149.0	149.0	1895,72,16,7	323.9			
1212	142.0	140.0	142.0	776,495,62,2	323.8			
1213	386.0	386.0	386.0	1625,609,16,8	323.3			
1214	278.0	278.0	288.0	1751,175,16,26	323.0			
1215	303.0	301.0	303.0	1671,335,10,17	322.9			
1216	219.0	219.0	219.0	435,563,12,10	321.5			
1217	262.0	262.0	262.0	1042,627,11,8	320.6			
1218	251.0	251.0	251.0	849,843,16,16	320.5			
1219	272.0	272.0	272.0	1772,1011,7,22	320.2			
1220	152.0	152.0	152.0	1052,571,16,9	319.8			
1221	213.0	212.0	217.0	145,849,8,14	319.1			
1222	134.0	134.0	134.0	1333,829,14,8	318.9			
1223	408.0	406.0	411.0	1489,1069,14,11	318.9			
1224	223.0	223.0	223.0	57,669,10,13	318.1			
1225	282.0	279.0	282.0	31,719,6,24	318.1			
1226	331.0	330.0	336.0	1589,897,8,22	318.1			
1227	295.0	293.0	295.0	1887,879,14,16	317.6			
1228	342.0	342.0	342.0	920,977,17,10	316.9			
1229	205.0	205.0	213.0	1121,375,29,18	316.6			
1230	206.0	206.0	207.0	33,545,14,16	316.5			
1231	183.0	183.0	183.0	47,45,12,22	315.1			
1232	212.0	211.0	212.0	145,663,18,14	314.9			
1233	390.0	390.0	390.0	1313,266,32,13	314.2			
1234	169.0	169.0	170.0	17,577,14,10	313.3			
1235	278.0	278.0	289.0	1892,237,14,16	313.0			
1236	99.0	99.0	99.0	10,232,11,15	312.6			
1237	150.0	150.0	150.0	173,227,24,4	312.2			
1238	156.0	156.0	156.0	1573,376,24,7	312.2			
1239	103.0	103.0	104.0	1861,351,28,10	311.9			
1240	216.0	216.0	216.0	1193,423,23,20	311.8			
1241	271.0	271.0	271.0	162,23,19,19	311.7			
1242	151.0	151.0	153.0	1443,594,13,9	311.4			
1243	194.0	194.0	194.0	1901,1031,8,36	310.9			
1244	54.0	54.0	57.0	208,0,11,12	309.8			
1245	0.0	0.0	0.0	1835,3,8,27	309.5			
1246	170.0	170.0	170.0	1643,323,10,10	309.5			
1247	5.0	4.0	5.0	1236,821,9,14	309.3			
1248	394.0	394.0	394.0	519,417,10,22	308.8			
1249	155.0	155.0	155.0	1365,1014,37,9	307.1			
1250	364.0	364.0	364.0	323,0,12,11	306.8			
1251	170.0	170.0	170.0	55,41,18,8	306.3			
1252	55.0	53.0	57.0	1359,275,18,10	306.2			
1253	166.0	166.0	166.0	273,377,6,26	306.2			
1254	2.0	2.0	2.0	1119,293,14,8	306.1			
1255	115.0	113.0	115.0	113,787,8,14	305.3			
1256	155.0	154.0	155.0	1291,975,23,17	305.3			
1257	324.0	324.0	324.0	1553,0,27,7	305.3			
1258	171.0	168.0	171.0	241,931,24,12	305.2			
1259	410.0	409.0	410.0	1463,829,20,10	305.0			
1260	331.0	330.0	331.0	1610,194,7,19	303.8			
1261	194.0	194.0	198.0	1882,70,29,7	301.6			
1262	274.0	274.0	274.0	83,833,10,16	301.4			
1263	174.0	174.0	177.0	548,480,27,29	301.0			
1264	88.0	88.0	88.0	327,642,12,15	300.9			
1265	171.0	171.0	171.0	347,105,12,8	300.8			
1266	150.0	150.0	158.0	1505,645,18,6	300.5			
1267	320.0	319.0	320.0	1314,637,27,18	300.4			
1268	386.0	385.0	386.0	87,47,20,6	300.0			
1269	203.0	200.0	204.0	1442,269,16,16	299.2			
1270	108.0	106.0	112.0	1868,289,37,8	298.9			
1271	292.0	292.0	292.0	1543,491,16,10	298.6			
1272	260.0	260.0	260.0	64,217,9,8	298.5			
1273	97.0	97.0	97.0	785,338,4,31	298.3			
1274	110.0	110.0	111.0	1875,7,14,18	297.1			
1275	243.0	242.0	245.0	23,737,28,6	297.1			
1276	392.0	392.0	392.0	304,318,17,17	297.0			
1277	129.0	129.0	129.0	1729,1009,10,30	296.5			
1278	158.0	156.0	158.0	1791,1035,18,18	296.3			
1279	352.0	352.0	352.0	61,995,10,11	296.2			
1280	81.0	81.0	81.0	749,319,6,14	296.1			
1281	137.0	136.0	137.0	1413,38,12,15	296.1			
1282	263.0	263.0	263.0	177,769,16,8	296.0			
1283	386.0	386.0	386.0	463,413,20,10	295.3			
1284	300.0	298.0	301.0	1154,137,23,6	294.2			
1285	247.0	247.0	247.0	423,937,14,8	294.1			
1286	344.0	344.0	344.0	1219,1073,30,3	294.0			
1287	341.0	341.0	341.0	7,730,15,7	293.9			
1288	397.0	397.0	397.0	1617,945,10,8	293.8			
1289	380.0	380.0	380.0	1684,659,9,14	293.6			
1290	247.0	247.0	247.0	257,319,12,16	293.3			
1291	345.0	343.0	345.0	1621,875,4,28	293.3			
1292	82.0	82.0	82.0	18,918,11,27	293.0			
1293	129.0	129.0	129.0	1541,807,10,10	293.0			
1294	134.0	134.0	134.0	1871,841,12,24	292.8			
1295	342.0	342.0	342.0	72,652,13,10	292.3			
1296	338.0	338.0	338.0	808,917,13,11	291.5			
1297	183.0	183.0	192.0	1055,77,18,6	291.3			
1298	351.0	347.0	356.0	640,894,12,9	291.0			
1299	402.0	399.0	410.0	53,433,12,20	290.7			
1300	233.0	233.0	238.0	899,447,14,6	290.5			
1301	298.0	298.0	298.0	1009,621,7,14	290.4			
1302	149.0	149.0	149.0	1519,789,12,13	290.0			
1303	90.0	86.0	90.0	1890,717,30,18	289.9			
1304	76.0	74.0	78.0	1709,71,16,16	289.7			
1305	152.0	152.0	152.0	1158,545,7,18	289.2			
1306	274.0	274.0	274.0	239,81,18,20	289.2			
1307	328.0	328.0	328.0	1555,813,8,14	288.8			
1308	46.0	46.0	50.0	1099,449,16,12	288.6			
1309	3.0	3.0	3.0	8,9,22,8	288.2			
1310	273.0	269.0	273.0	1416,193,15,16	287.9			
1311	97.0	97.0	98.0	794,461,4,27	287.5			
1312	234.0	234.0	234.0	1433,1050,10,25	287.2			
1313	301.0	301.0	305.0	1911,1049,9,11	286.9			
1314	341.0	337.0	346.0	1814,837,26,26	286.6			
1315	216.0	216.0	216.0	409,207,10,10	286.4			
1316	344.0	344.0	344.0	1033,970,16,9	284.8			
1317	12.0	12.0	15.0	821,9,8,21	284.3			
1318	78.0	78.0	78.0	1614,382,11,11	284.3			
1319	76.0	76.0	76.0	835,841,8,12	284.0			
1320	169.0	165.0	170.0	419,1037,6,10	283.9			
1321	281.0	275.0	282.0	355,827,8,18	282.7			
1322	179.0	179.0	179.0	497,33,8,12	282.5			
1323	210.0	210.0	210.0	1317,279,12,10	282.5			
1324	313.0	313.0	313.0	1657,0,19,6	281.2			
1325	129.0	129.0	129.0	1897,65,10,14	281.0			
1326	180.0	180.0	180.0	457,191,6,12	280.4			
1327	292.0	289.0	293.0	249,433,8,16	280.2			
1328	184.0	184.0	184.0	1359,222,16,11	278.6			
1329	153.0	153.0	153.0	1903,919,17,18	278.2			
1330	279.0	279.0	279.0	1814,1067,11,13	277.5			
1331	354.0	350.0	354.0	57,1015,15,8	276.9			
1332	216.0	215.0	216.0	361,589,20,20	276.0			
1333	161.0	159.0	161.0	16,233,7,12	275.6			
1334	341.0	341.0	341.0	275,129,14,8	275.6			
1335	260.0	260.0	260.0	915,585,16,12	275.3			
1336	243.0	239.0	243.0	121,817,8,8	275.1			
1337	161.0	160.0	161.0	57,275,9,12	274.8			
1338	169.0	167.0	169.0	73,611,10,22	274.7			
1339	371.0	371.0	371.0	1569,1067,16,13	274.6			
1340	314.0	314.0	314.0	1896,0,11,19	273.4			
1341	247.0	247.0	251.0	221,111,16,12	272.9			
1342	55.0	55.0	55.0	1905,1063,15,6	272.4			
1343	166.0	166.0	166.0	127,21,8,12	272.4			
1344	120.0	119.0	120.0	1237,264,12,17	272.3			
1345	48.0	46.0	49.0	1853,541,6,16	271.6			
1346	57.0	53.0	57.0	1831,849,8,27	271.3			
1347	99.0	99.0	99.0	0,547,11,18	271.0			
1348	148.0	145.0	148.0	687,805,12,11	270.9			
1349	170.0	170.0	170.0	1659,1010,12,39	270.6			
1350	267.0	267.0	268.0	179,375,14,24	270.4			
1351	385.0	385.0	385.0	465,435,15,23	270.3			
1352	22.0	22.0	22.0	131,91,14,14	270.2			
1353	331.0	331.0	331.0	1475,489,8,12	268.9			
1354	48.0	46.0	48.0	1805,817,12,16	268.8			
1355	176.0	176.0	176.0	561,87,12,18	268.6			
1356	267.0	267.0	275.0	885,19,10,12	268.3			
1357	172.0	172.0	172.0	1597,443,12,10	268.2			
1358	132.0	132.0	133.0	1713,1027,7,30	267.7			
1359	333.0	332.0	333.0	489,317,26,10	266.4			
1360	244.0	244.0	245.0	179,745,17,7	266.2			
1361	181.0	181.0	182.0	363,231,8,14	265.9			
1362	277.0	273.0	277.0	103,59,16,20	265.9			
1363	255.0	255.0	256.0	1829,177,20,10	265.6			
1364	211.0	211.0	212.0	1835,342,16,9	265.3			
1365	104.0	104.0	104.0	81,0,8,14	264.2			
1366	101.0	101.0	101.0	152,789,13,22	263.0			
1367	176.0	174.0	176.0	379,52,14,11	263.0			
1368	352.0	352.0	352.0	1753,1022,35,7	263.0			
1369	275.0	275.0	277.0	1752,806,26,7	262.6			
1370	140.0	140.0	141.0	113,131,24,12	262.5			
1371	383.0	383.0	383.0	0,92,19,5	262.2			
1372	165.0	165.0	165.0	1905,985,15,12	261.9			
1373	202.0	202.0	202.0	1671,921,29,8	261.6			
1374	207.0	207.0	207.0	1852,649,17,10	261.6			
1375	345.0	345.0	345.0	1901,3,19,14	261.0			
1376	165.0	163.0	165.0	545,202,34,7	260.7			
1377	215.0	214.0	215.0	147,831,8,20	260.2			
1378	311.0	311.0	311.0	1883,457,16,16	260.0			
1379	289.0	289.0	290.0	321,385,14,16	259.2			
1380	139.0	139.0	139.0	1414,947,35,6	258.8			
1381	134.0	134.0	134.0	1410,899,11,8	258.7			
1382	197.0	197.0	197.0	111,817,10,18	258.6			
1383	193.0	185.0	196.0	411,412,18,15	258.5			
1384	271.0	267.0	271.0	1749,617,9,24	258.4			
1385	308.0	308.0	311.0	1481,361,10,14	258.3			
1386	350.0	346.0	352.0	585,931,12,7	256.9			
1387	324.0	324.0	324.0	729,1041,32,3	256.1			
1388	159.0	159.0	159.0	1553,753,28,8	256.0			
1389	220.0	220.0	220.0	1905,283,15,14	255.6			
1390	395.0	395.0	395.0	1819,367,6,18	255.1			
1391	411.0	411.0	411.0	41,1073,15,7	254.6			
1392	126.0	122.0	127.0	757,841,10,12	253.6			
1393	100.0	100.0	111.0	1525,355,22,10	251.9			
1394	97.0	97.0	97.0	1314,256,6,16	251.8			
1395	351.0	350.0	352.0	865,994,19,13	251.8			
1396	244.0	244.0	244.0	321,737,18,8	251.7			
1397	164.0	164.0	164.0	105,965,8,22	251.5			
1398	344.0	342.0	346.0	125,805,8,16	251.5			
1399	400.0	399.0	407.0	747,635,14,11	251.4			
1400	312.0	312.0	312.0	1441,177,22,7	251.2			
1401	275.0	272.0	275.0	1693,167,18,10	250.7			
1402	126.0	122.0	126.0	509,823,6,34	250.5			
1403	284.0	282.0	284.0	27,265,12,16	250.2			
1404	149.0	149.0	149.0	1542,721,15,6	250.1			
1405	183.0	183.0	183.0	146,284,11,19	250.1			
1406	342.0	342.0	344.0	1025,1046,15,7	248.6			
1407	134.0	132.0	134.0	1062,793,13,12	247.8			
1408	155.0	155.0	155.0	1812,59,13,10	247.6			
1409	207.0	207.0	207.0	1111,431,20,9	247.1			
1410	412.0	412.0	412.0	666,462,27,3	247.0			
1411	395.0	395.0	396.0	1823,863,14,8	246.8			
1412	328.0	328.0	328.0	15,0,18,7	246.7			
1413	114.0	114.0	114.0	135,282,14,23	246.5			
1414	317.0	317.0	317.0	21,10,17,5	246.1			
1415	171.0	171.0	171.0	1635,437,10,6	245.7			
1416	247.0	247.0	247.0	548,487,7,30	245.5			
1417	395.0	395.0	395.0	1677,845,11,10	245.4			
1418	51.0	50.0	53.0	835,287,22,6	245.2			
1419	29.0	29.0	29.0	1811,65,10,12	244.9			
1420	176.0	175.0	183.0	270,473,11,12	244.8			
1421	230.0	230.0	230.0	1715,911,20,6	244.6			
1422	269.0	269.0	272.0	1061,25,14,17	244.1			
1423	126.0	126.0	126.0	1749,353,8,12	243.7			
1424	160.0	156.0	160.0	75,61,6,12	243.1			
1425	251.0	251.0	251.0	583,725,10,12	243.0			
1426	134.0	134.0	134.0	1573,82,28,7	242.0			
1427	168.0	168.0	168.0	1740,866,11,9	241.5			
1428	228.0	228.0	228.0	1357,547,11,10	241.2			
1429	396.0	396.0	396.0	1489,71,12,10	241.2			
1430	386.0	386.0	386.0	449,667,16,6	241.0			
1431	207.0	206.0	207.0	264,515,9,12	240.9			
1432	103.0	103.0	103.0	1249,742,16,10	240.2			
1433	176.0	174.0	179.0	1179,187,18,8	239.7			
1434	54.0	54.0	58.0	1289,399,18,16	239.4			
1435	215.0	211.0	215.0	1872,239,13,12	239.2			
1436	3.0	3.0	5.0	1829,121,18,6	239.1			
1437	304.0	304.0	306.0	1542,195,19,8	237.6			
1438	397.0	397.0	397.0	457,0,24,17	237.5			
1439	219.0	219.0	219.0	629,287,6,14	237.1			
1440	28.0	28.0	28.0	306,151,8,14	236.8			
1441	241.0	241.0	241.0	13,679,19,5	236.8			
1442	413.0	413.0	413.0	1107,59,14,6	236.8			
1443	57.0	54.0	57.0	1891,403,12,14	236.5			
1444	147.0	145.0	147.0	1568,836,27,13	236.4			
1445	205.0	205.0	205.0	1769,871,32,11	236.3			
1446	177.0	175.0	177.0	37,277,12,16	235.8			
1447	342.0	342.0	342.0	0,0,13,7	235.7			
1448	283.0	281.0	283.0	1767,1005,8,20	235.1			
1449	0.0	0.0	0.0	1867,715,6,24	235.0			
1450	229.0	228.0	229.0	718,371,19,10	234.6			
1451	119.0	119.0	119.0	1853,537,19,14	234.0			
1452	143.0	143.0	143.0	438,449,11,12	233.8			
1453	290.0	285.0	290.0	775,185,16,10	233.6			
1454	58.0	58.0	58.0	250,78,23,3	233.4			
1455	271.0	271.0	271.0	1767,961,4,28	233.3			
1456	138.0	138.0	141.0	1153,235,18,6	232.7			
1457	136.0	135.0	136.0	1347,82,10,23	232.5			
1458	43.0	42.0	44.0	842,853,21,6	232.3			
1459	49.0	47.0	49.0	1529,462,10,17	231.5			
1460	53.0	53.0	55.0	1321,101,24,8	230.9			
1461	185.0	185.0	185.0	1613,1073,20,7	230.9			
1462	342.0	341.0	343.0	1824,671,19,9	230.8			
1463	128.0	128.0	130.0	1793,493,8,13	230.4			
1464	204.0	204.0	204.0	1803,365,14,7	230.2			
1465	193.0	193.0	193.0	1505,1073,16,7	229.9			
1466	160.0	159.0	160.0	1534,1027,18,14	229.7			
1467	127.0	125.0	127.0	721,913,6,16	229.3			
1468	136.0	136.0	136.0	845,812,8,9	229.3			
1469	376.0	375.0	376.0	1539,99,14,6	229.2			
1470	3.0	3.0	3.0	263,609,10,14	229.1			
1471	375.0	372.0	375.0	951,277,21,8	229.1			
1472	129.0	123.0	129.0	1351,349,11,12	229.0			
1473	315.0	315.0	315.0	1387,0,10,8	229.0			
1474	345.0	345.0	347.0	233,811,15,14	228.9			
1475	100.0	98.0	100.0	869,395,18,14	228.7			
1476	190.0	190.0	190.0	0,320,10,10	228.4			
1477	101.0	96.0	101.0	183,615,4,26	228.1			
1478	413.0	413.0	413.0	795,163,10,9	228.0			
1479	166.0	163.0	166.0	597,321,16,5	227.6			
1480	134.0	134.0	134.0	1394,801,8,13	227.5			
1481	251.0	251.0	251.0	1840,135,11,10	227.1			
1482	60.0	59.0	60.0	1341,225,12,16	226.8			
1483	134.0	134.0	136.0	1066,899,9,9	226.8			
1484	316.0	316.0	319.0	1505,1059,10,12	226.8			
1485	294.0	293.0	294.0	1663,623,15,11	226.2			
1486	168.0	168.0	168.0	481,455,8,14	226.1			
1487	53.0	53.0	57.0	1107,5,14,6	224.9			
1488	81.0	81.0	81.0	133,955,6,18	224.3			
1489	404.0	399.0	408.0	1705,716,20,7	224.3			
1490	49.0	49.0	49.0	1107,141,10,15	224.0			
1491	321.0	321.0	321.0	623,241,14,10	223.9			
1492	287.0	285.0	287.0	657,261,10,9	222.9			
1493	390.0	390.0	390.0	879,297,10,10	222.9			
1494	384.0	384.0	384.0	145,491,14,6	222.8			
1495	178.0	178.0	178.0	597,143,8,10	222.3			
1496	332.0	330.0	337.0	1822,163,13,8	222.3			
1497	220.0	220.0	220.0	1915,91,5,12	222.2			
1498	375.0	375.0	381.0	1849,281,14,8	222.2			
1499	23.0	23.0	23.0	1181,689,13,8	222.0			
1500	267.0	267.0	276.0	967,41,19,6	221.9			
1501	213.0	211.0	213.0	847,455,14,14	221.8			
1502	178.0	178.0	178.0	0,1033,9,16	221.3			
1503	256.0	256.0	256.0	1633,665,10,10	221.1			
1504	302.0	302.0	302.0	1633,1057,8,10	220.9			
1505	280.0	268.0	280.0	1369,17,8,12	220.7			
1506	0.0	0.0	0.0	1913,1073,7,7	220.2			
1507	180.0	180.0	180.0	1553,273,8,10	220.1			
1508	214.0	214.0	214.0	1809,199,16,12	220.0			
1509	238.0	238.0	238.0	113,783,8,14	220.0			
1510	47.0	45.0	47.0	9,1057,17,6	219.6			
1511	96.0	96.0	96.0	945,429,6,14	219.3			
1512	278.0	270.0	278.0	1565,97,14,10	219.2			
1513	29.0	29.0	29.0	1764,414,7,11	218.9			
1514	263.0	263.0	263.0	1213,977,12,9	218.6			
1515	179.0	179.0	179.0	616,11,9,14	218.1			
1516	305.0	305.0	305.0	1895,1063,8,12	217.6			
1517	113.0	113.0	113.0	12,300,15,17	217.2			
1518	95.0	94.0	95.0	1890,653,15,15	216.7			
1519	177.0	177.0	177.0	427,0,8,7	216.4			
1520	246.0	238.0	246.0	205,473,6,12	216.3			
1521	292.0	291.0	294.0	573,197,17,12	216.1			
1522	351.0	351.0	351.0	1907,846,13,14	216.0			
1523	310.0	301.0	317.0	935,275,14,14	215.5			
1524	257.0	257.0	257.0	1851,915,12,14	215.4			
1525	296.0	296.0	297.0	1911,871,9,10	215.2			
1526	118.0	118.0	118.0	33,903,10,28	214.9			
1527	81.0	80.0	81.0	23,15,10,8	214.8			
1528	350.0	350.0	350.0	1825,883,12,10	214.8			
1529	196.0	196.0	198.0	1404,485,10,10	214.6			
1530	282.0	282.0	283.0	1911,431,9,22	214.3			
1531	246.0	242.0	246.0	219,559,8,10	214.1			
1532	147.0	143.0	147.0	1613,859,23,18	214.0			
1533	53.0	52.0	54.0	1651,427,14,10	213.4			
1534	80.0	80.0	84.0	1340,217,10,12	213.4			
1535	220.0	220.0	220.0	1701,825,13,6	213.1			
1536	209.0	209.0	209.0	1217,187,12,8	212.9			
1537	218.0	218.0	218.0	357,919,12,12	212.8			
1538	98.0	98.0	98.0	718,355,5,26	212.6			
1539	297.0	297.0	297.0	922,732,15,10	212.2			
1540	158.0	158.0	158.0	1623,637,18,10	212.1			
1541	164.0	164.0	164.0	349,221,22,6	211.8			
1542	381.0	381.0	385.0	141,1073,12,7	211.8			
1543	4.0	3.0	5.0	1696,689,9,16	211.7			
1544	187.0	186.0	195.0	637,117,12,9	211.7			
1545	183.0	183.0	183.0	293,195,6,10	211.4			
1546	234.0	234.0	234.0	1851,683,10,12	211.3			
1547	168.0	168.0	168.0	249,973,8,10	211.2			
1548	411.0	411.0	411.0	1503,497,10,26	210.8			
1549	81.0	81.0	81.0	1604,103,9,12	210.6			
1550	284.0	282.0	285.0	1673,657,6,13	210.2			
1551	231.0	231.0	231.0	1721,1009,8,8	208.9			
1552	397.0	396.0	397.0	243,597,4,16	208.4			
1553	160.0	156.0	163.0	329,447,18,9	207.9			
1554	397.0	397.0	397.0	579,205,22,7	207.7			
1555	244.0	243.0	244.0	1163,633,14,8	207.6			
1556	262.0	262.0	262.0	1813,251,8,22	207.4			
1557	165.0	165.0	165.0	1843,795,10,18	207.3			
1558	280.0	280.0	280.0	1683,935,16,8	207.0			
1559	341.0	341.0	341.0	1721,890,37,11	206.9			
1560	405.0	405.0	408.0	51,401,10,16	206.8			
1561	174.0	174.0	174.0	637,121,8,16	206.6			
1562	262.0	262.0	262.0	1707,525,4,22	206.5			
1563	379.0	379.0	379.0	697,5,16,8	206.3			
1564	212.0	212.0	212.0	41,678,10,10	206.2			
1565	192.0	191.0	192.0	43,435,8,13	205.9			
1566	116.0	116.0	125.0	312,208,19,9	205.6			
1567	350.0	348.0	354.0	68,950,11,7	205.4			
1568	203.0	203.0	203.0	766,459,13,10	205.3			
1569	288.0	288.0	288.0	1917,157,3,20	205.3			
1570	167.0	167.0	167.0	5,211,14,8	205.1			
1571	396.0	396.0	396.0	721,33,12,8	204.9			
1572	237.0	232.0	237.0	1909,439,11,14	204.7			
1573	184.0	184.0	187.0	607,5,12,8	204.5			
1574	66.0	66.0	66.0	1169,11,14,12	203.8			
1575	103.0	103.0	103.0	1553,353,16,8	203.7			
1576	151.0	151.0	151.0	1755,870,7,19	203.6			
1577	48.0	45.0	48.0	1183,321,13,12	203.0			
1578	210.0	210.0	211.0	1467,909,8,22	202.8			
1579	316.0	316.0	316.0	1123,326,9,11	202.2			
1580	92.0	92.0	94.0	1729,1075,12,5	201.8			
1581	316.0	316.0	316.0	1913,0,7,10	201.7			
1582	25.0	22.0	25.0	1826,571,9,12	201.2			
1583	81.0	79.0	81.0	471,710,9,10	200.9			
1584	185.0	185.0	185.0	1501,1001,16,4	200.8			
1585	316.0	316.0	316.0	544,877,8,12	200.5			
1586	57.0	55.0	57.0	987,28,16,9	200.4			
1587	153.0	153.0	153.0	1595,953,13,12	200.4			
1588	280.0	280.0	280.0	1873,322,6,11	200.1			
1589	245.0	245.0	245.0	79,1039,10,8	200.0			
1590	148.0	148.0	148.0	1736,91,13,8	199.7			
1591	177.0	177.0	179.0	185,363,12,16	199.0			
1592	244.0	244.0	244.0	103,853,8,16	198.2			
1593	279.0	279.0	280.0	1897,911,11,16	198.1			
1594	54.0	54.0	56.0	1099,81,24,8	197.5			
1595	213.0	210.0	213.0	1503,873,10,10	196.7			
1596	293.0	293.0	293.0	478,171,13,12	196.7			
1597	287.0	285.0	287.0	309,127,10,8	196.5			
1598	42.0	42.0	42.0	79,793,11,12	196.3			
1599	45.0	44.0	45.0	1793,951,6,16	195.8			
1600	4.0	4.0	4.0	27,685,10,14	195.6			
1601	157.0	155.0	161.0	173,223,17,11	195.6			
1602	113.0	109.0	113.0	55,867,4,14	195.4			
1603	119.0	118.0	121.0	1171,373,8,14	195.1			
1604	276.0	274.0	276.0	1521,65,12,8	194.9			
1605	246.0	246.0	246.0	1166,950,9,11	194.4			
1606	364.0	364.0	364.0	97,21,16,12	194.2			
1607	344.0	344.0	345.0	1126,1013,8,10	194.1			
1608	218.0	218.0	218.0	1563,12,22,13	193.8			
1609	156.0	155.0	164.0	395,393,18,4	193.6			
1610	122.0	122.0	127.0	19,967,10,10	193.5			
1611	145.0	144.0	145.0	831,605,20,12	193.1			
1612	161.0	161.0	161.0	201,745,8,18	193.1			
1613	159.0	159.0	160.0	217,0,16,3	192.9			
1614	177.0	177.0	177.0	0,168,7,11	192.9			
1615	194.0	193.0	198.0	1707,94,18,9	192.7			
1616	413.0	413.0	413.0	929,188,26,7	192.6			
1617	392.0	392.0	392.0	815,317,20,4	192.5			
1618	142.0	139.0	142.0	1903,500,13,6	192.2			
1619	386.0	386.0	386.0	317,817,6,28	192.1			
1620	204.0	198.0	205.0	551,633,8,19	192.0			
1621	174.0	174.0	174.0	535,281,6,10	191.9			
1622	230.0	230.0	230.0	1189,1016,11,12	191.4			
1623	384.0	383.0	384.0	1089,445,8,8	190.9			
1624	199.0	199.0	199.0	1150,0,13,7	190.4			
1625	229.0	228.0	229.0	655,383,9,7	190.4			
1626	287.0	287.0	287.0	51,151,14,8	190.0			
1627	96.0	96.0	96.0	237,477,10,6	189.6			
1628	182.0	182.0	182.0	161,1020,6,19	189.3			
1629	92.0	89.0	92.0	1599,625,14,8	189.2			
1630	103.0	103.0	103.0	1915,629,5,12	189.2			
1631	159.0	159.0	159.0	1008,65,15,10	189.0			
1632	230.0	226.0	230.0	463,273,6,12	189.0			
1633	184.0	184.0	184.0	1045,32,8,8	188.8			
1634	287.0	287.0	287.0	1915,271,5,14	188.5			
1635	222.0	222.0	222.0	0,0,9,7	188.4			
1636	382.0	380.0	384.0	1710,29,13,12	188.3			
1637	396.0	396.0	396.0	265,493,8,18	188.2			
1638	128.0	128.0	128.0	1013,895,16,11	187.8			
1639	199.0	199.0	202.0	1161,389,14,8	187.4			
1640	220.0	220.0	220.0	185,941,5,12	187.2			
1641	112.0	112.0	112.0	208,732,7,23	187.0			
1642	293.0	292.0	294.0	1433,501,8,13	187.0			
1643	272.0	269.0	272.0	1771,369,10,12	186.8			
1644	104.0	104.0	104.0	0,1068,5,12	186.7			
1645	142.0	138.0	142.0	1883,416,14,7	186.7			
1646	160.0	160.0	160.0	199,23,24,4	186.7			
1647	32.0	31.0	33.0	643,499,16,7	186.6			
1648	413.0	413.0	413.0	995,135,21,6	185.6			
1649	181.0	181.0	181.0	1401,129,14,6	185.4			
1650	110.0	104.0	110.0	1313,605,16,8	185.3			
1651	13.0	13.0	13.0	1805,781,6,11	185.1			
1652	208.0	205.0	208.0	1569,857,15,14	184.9			
1653	99.0	99.0	101.0	676,341,5,16	184.5			
1654	39.0	39.0	39.0	488,649,19,8	184.1			
1655	79.0	79.0	79.0	77,637,10,8	183.9			
1656	329.0	329.0	329.0	1629,315,6,22	183.7			
1657	33.0	30.0	33.0	909,639,10,10	182.7			
1658	5.0	4.0	5.0	425,664,12,13	182.5			
1659	183.0	183.0	183.0	108,355,11,14	182.4			
1660	77.0	77.0	77.0	1169,113,9,8	182.3			
1661	227.0	227.0	227.0	163,295,8,18	182.0			
1662	138.0	138.0	138.0	21,829,10,16	181.7			
1663	77.0	77.0	77.0	547,330,8,7	181.5			
1664	274.0	274.0	274.0	405,4,10,11	181.4			
1665	137.0	137.0	137.0	35,837,14,22	181.2			
1666	0.0	0.0	0.0	1845,167,9,12	181.0			
1667	271.0	271.0	274.0	1765,887,3,22	181.0			
1668	209.0	209.0	209.0	77,1067,8,13	180.9			
1669	6.0	6.0	6.0	1257,615,7,12	180.8			
1670	94.0	94.0	96.0	231,90,7,10	180.8			
1671	290.0	290.0	290.0	1561,721,12,8	180.4			
1672	138.0	138.0	138.0	1857,957,4,17	179.7			
1673	145.0	143.0	145.0	213,911,8,14	179.4			
1674	151.0	150.0	151.0	1570,1025,25,6	179.3			
1675	343.0	343.0	343.0	824,924,11,9	179.1			
1676	373.0	370.0	374.0	1705,21,22,6	179.1			
1677	83.0	83.0	84.0	1511,85,10,16	179.0			
1678	197.0	194.0	197.0	1416,942,15,11	179.0			
1679	283.0	282.0	283.0	1699,0,9,9	178.9			
1680	121.0	121.0	121.0	1909,750,7,9	178.7			
1681	2.0	2.0	2.0	1543,785,10,14	178.5			
1682	256.0	256.0	256.0	1759,700,10,13	178.4			
1683	296.0	295.0	300.0	133,201,10,8	178.3			
1684	294.0	294.0	294.0	1677,358,12,12	178.2			
1685	26.0	25.0	26.0	1909,309,11,10	178.0			
1686	182.0	182.0	182.0	359,325,8,10	177.8			
1687	273.0	273.0	274.0	1313,1073,11,7	177.8			
1688	358.0	355.0	358.0	1756,1063,20,13	177.5			
1689	213.0	210.0	213.0	1731,205,12,6	177.2			
1690	104.0	103.0	104.0	1883,245,10,16	177.0			
1691	297.0	297.0	297.0	803,561,8,8	176.9			
1692	30.0	30.0	30.0	1903,769,11,8	176.7			
1693	53.0	53.0	58.0	1179,279,12,10	176.0			
1694	199.0	199.0	202.0	1663,143,16,6	175.6			
1695	139.0	139.0	139.0	1917,165,3,17	175.1			
1696	159.0	159.0	159.0	1629,784,12,11	175.0			
1697	278.0	278.0	279.0	1915,845,5,12	175.0			
1698	148.0	148.0	148.0	281,415,14,8	174.9			
1699	294.0	294.0	294.0	0,445,17,6	174.4			
1700	121.0	121.0	121.0	306,49,12,6	174.2			
1701	199.0	199.0	199.0	1049,0,10,19	174.2			
1702	7.0	6.0	8.0	1089,348,5,15	174.0			
1703	227.0	227.0	227.0	18,105,11,8	174.0			
1704	56.0	54.0	57.0	1253,243,12,6	173.9			
1705	159.0	158.0	159.0	1403,799,18,9	173.9			
1706	202.0	202.0	202.0	1657,175,8,14	173.8			
1707	377.0	377.0	377.0	994,597,13,9	173.8			
1708	315.0	314.0	315.0	1575,137,9,8	173.7			
1709	197.0	197.0	197.0	1353,1019,8,14	173.6			
1710	129.0	129.0	129.0	1675,813,9,16	173.4			
1711	353.0	350.0	356.0	749,1013,10,8	173.4			
1712	243.0	234.0	243.0	1616,876,24,3	173.0			
1713	33.0	30.0	33.0	587,1045,6,12	172.7			
1714	114.0	114.0	114.0	337,505,4,16	172.3			
1715	14.0	14.0	15.0	1848,81,10,8	171.3			
1716	194.0	194.0	194.0	1507,923,17,6	171.2			
1717	231.0	231.0	231.0	1361,825,8,8	170.7			
1718	370.0	370.0	370.0	1913,472,7,9	170.5			
1719	398.0	398.0	398.0	45,263,8,14	170.4			
1720	5.0	5.0	5.0	1207,955,6,8	170.0			
1721	139.0	139.0	139.0	446,185,21,4	170.0			
1722	160.0	160.0	160.0	56,725,7,12	169.5			
1723	94.0	93.0	95.0	1651,699,10,8	169.1			
1724	132.0	132.0	132.0	1509,89,8,14	169.0			
1725	386.0	386.0	386.0	617,99,12,6	169.0			
1726	259.0	258.0	259.0	1837,916,8,7	168.8			
1727	240.0	236.0	240.0	1916,797,4,17	168.7			
1728	178.0	178.0	178.0	434,9,7,11	168.3			
1729	372.0	372.0	372.0	9,0,9,7	168.3			
1730	100.0	100.0	115.0	1643,316,14,9	168.1			
1731	67.0	65.0	67.0	1829,79,12,9	168.0			
1732	204.0	204.0	205.0	399,943,6,14	168.0			
1733	321.0	317.0	321.0	0,17,11,6	168.0			
1734	95.0	94.0	95.0	1553,783,20,13	167.8			
1735	398.0	398.0	398.0	1863,1060,10,9	167.8			
1736	198.0	198.0	198.0	1423,332,10,7	167.5			
1737	214.0	214.0	214.0	36,711,9,12	167.4			
1738	278.0	278.0	278.0	1913,735,7,11	167.1			
1739	283.0	283.0	283.0	1700,871,14,10	167.0			
1740	268.0	267.0	268.0	325,955,9,11	166.9			
1741	154.0	152.0	163.0	83,269,10,8	166.8			
1742	129.0	126.0	129.0	183,1021,10,12	166.5			
1743	102.0	102.0	102.0	1897,185,8,8	166.4			
1744	138.0	138.0	138.0	0,755,9,12	166.4			
1745	46.0	46.0	46.0	1839,148,9,17	166.3			
1746	197.0	197.0	197.0	1489,907,16,8	166.3			
1747	19.0	17.0	19.0	1850,625,6,10	166.2			
1748	205.0	201.0	213.0	815,423,10,16	166.2			
1749	225.0	225.0	225.0	89,770,14,13	166.2			
1750	143.0	143.0	143.0	355,548,18,7	165.9			
1751	228.0	228.0	228.0	1361,609,8,12	165.2			
1752	269.0	269.0	269.0	162,27,21,6	165.2			
1753	175.0	175.0	175.0	657,103,8,6	164.8			
1754	181.0	181.0	182.0	79,596,10,17	164.7			
1755	368.0	368.0	368.0	1505,1071,12,9	164.6			
1756	284.0	284.0	285.0	1917,367,3,18	164.5			
1757	158.0	158.0	158.0	1896,283,17,6	164.3			
1758	216.0	216.0	216.0	1819,581,12,10	163.9			
1759	135.0	135.0	137.0	1611,792,10,10	163.7			
1760	209.0	209.0	209.0	38,483,9,6	163.7			
1761	308.0	306.0	308.0	1781,681,12,8	163.7			
1762	95.0	95.0	95.0	195,800,10,10	163.5			
1763	152.0	151.0	152.0	109,109,12,6	163.4			
1764	59.0	59.0	60.0	1527,250,10,9	163.0			
1765	32.0	32.0	33.0	431,529,12,8	162.9			
1766	76.0	76.0	79.0	895,3,8,11	162.7			
1767	325.0	325.0	325.0	816,893,32,8	162.7			
1768	229.0	229.0	229.0	1361,739,16,14	162.3			
1769	43.0	43.0	43.0	1732,325,8,10	162.0			
1770	147.0	147.0	150.0	454,941,10,8	161.9			
1771	209.0	209.0	210.0	447,379,12,6	161.9			
1772	325.0	324.0	325.0	1074,749,6,10	161.9			
1773	151.0	150.0	151.0	1619,1009,22,10	161.5			
1774	211.0	211.0	211.0	377,25,8,12	161.5			
1775	310.0	310.0	311.0	321,368,7,11	161.1			
1776	277.0	276.0	280.0	1751,188,8,15	160.9			
1777	46.0	46.0	48.0	1164,533,15,8	160.7			
1778	344.0	343.0	344.0	1569,167,14,10	160.3			
1779	382.0	382.0	384.0	1873,21,4,12	160.1			
1780	408.0	408.0	408.0	5,663,2,22	160.0			
1781	123.0	122.0	127.0	145,853,10,12	159.8			
1782	271.0	271.0	274.0	1365,235,16,14	159.5			
1783	117.0	117.0	117.0	480,205,30,6	159.3			
1784	326.0	326.0	327.0	1768,149,25,10	159.3			
1785	19.0	19.0	20.0	1412,56,6,12	158.9			
1786	154.0	152.0	154.0	11,56,10,11	158.8			
1787	344.0	344.0	344.0	13,1030,20,5	158.8			
1788	203.0	203.0	203.0	1189,387,12,8	158.3			
1789	45.0	45.0	49.0	1877,515,10,12	158.2			
1790	368.0	368.0	368.0	362,1053,23,6	158.2			
1791	104.0	102.0	114.0	1697,361,12,8	157.8			
1792	81.0	81.0	81.0	1821,232,9,5	157.7			
1793	328.0	328.0	328.0	79,0,14,7	157.7			
1794	45.0	45.0	45.0	1649,1071,8,9	156.9			
1795	100.0	100.0	103.0	1059,407,14,4	156.9			
1796	149.0	149.0	152.0	17,629,8,8	156.9			
1797	271.0	271.0	271.0	1381,81,14,6	156.7			
1798	43.0	43.0	43.0	1267,1063,10,6	156.6			
1799	213.0	213.0	213.0	341,625,16,16	156.5			
1800	240.0	240.0	240.0	1661,653,6,16	156.4			
1801	178.0	178.0	178.0	703,249,6,10	156.3			
1802	42.0	42.0	42.0	333,615,14,6	156.0			
1803	119.0	119.0	119.0	75,965,8,18	156.0			
1804	162.0	161.0	162.0	469,295,14,8	156.0			
1805	167.0	167.0	167.0	481,189,6,14	155.9			
1806	95.0	95.0	95.0	857,679,6,10	155.4			
1807	127.0	122.0	127.0	727,726,4,15	155.4			
1808	209.0	209.0	210.0	701,3,4,13	155.4			
1809	384.0	382.0	384.0	1909,29,11,8	155.1			
1810	298.0	297.0	298.0	1817,1055,15,8	154.8			
1811	311.0	309.0	311.0	1751,0,11,4	154.8			
1812	139.0	139.0	139.0	1842,911,11,8	154.5			
1813	8.0	7.0	8.0	669,721,10,8	154.2			
1814	179.0	179.0	179.0	738,351,7,10	154.1			
1815	215.0	214.0	215.0	896,513,9,10	154.1			
1816	49.0	45.0	49.0	1737,637,8,12	154.0			
1817	346.0	346.0	346.0	1607,1004,22,5	153.8			
1818	379.0	379.0	381.0	173,872,14,13	153.8			
1819	140.0	140.0	142.0	1738,71,11,10	153.0			
1820	143.0	143.0	143.0	107,495,12,4	153.0			
1821	283.0	283.0	286.0	233,751,8,12	152.9			
1822	175.0	175.0	175.0	828,55,25,6	152.5			
1823	180.0	180.0	180.0	69,345,8,8	152.5			
1824	97.0	97.0	97.0	1265,524,6,11	152.4			
1825	161.0	161.0	161.0	1915,172,5,16	152.4			
1826	274.0	274.0	274.0	6,497,11,12	152.3			
1827	373.0	369.0	374.0	1857,11,15,5	151.8			
1828	138.0	138.0	138.0	1856,1056,3,18	151.7			
1829	80.0	76.0	80.0	781,1057,5,14	151.5			
1830	302.0	301.0	306.0	1913,937,7,7	151.5			
1831	126.0	126.0	126.0	81,681,8,12	151.2			
1832	50.0	50.0	51.0	1637,583,12,9	151.1			
1833	24.0	22.0	24.0	1900,575,13,6	150.9			
1834	192.0	192.0	192.0	547,120,6,8	150.7			
1835	12.0	12.0	12.0	1857,1044,8,7	150.5			
1836	405.0	405.0	405.0	1629,717,22,4	150.0			
1837	182.0	182.0	182.0	41,689,6,16	149.6			
1838	408.0	408.0	408.0	745,445,7,12	149.3			
1839	377.0	377.0	377.0	291,315,14,8	149.2			
1840	364.0	364.0	364.0	173,17,14,6	148.9			
1841	77.0	77.0	77.0	1437,377,8,10	148.5			
1842	97.0	96.0	99.0	1583,625,9,7	148.5			
1843	199.0	199.0	199.0	1521,119,8,14	148.4			
1844	7.0	7.0	7.0	1823,795,12,6	148.2			
1845	302.0	302.0	302.0	509,0,8,9	148.1			
1846	119.0	119.0	119.0	21,921,8,6	147.8			
1847	57.0	54.0	57.0	1409,221,12,8	147.7			
1848	410.0	410.0	410.0	1503,831,8,10	147.6			
1849	331.0	330.0	331.0	1607,345,6,8	147.4			
1850	113.0	113.0	113.0	126,718,5,15	147.1			
1851	409.0	403.0	409.0	685,109,14,8	146.9			
1852	5.0	5.0	5.0	783,589,5,15	146.8			
1853	28.0	28.0	28.0	394,884,8,9	146.8			
1854	211.0	211.0	213.0	1235,347,10,8	146.8			
1855	408.0	399.0	408.0	758,532,3,14	146.7			
1856	268.0	268.0	268.0	1559,881,4,20	146.4			
1857	362.0	362.0	362.0	913,1069,14,4	146.4			
1858	12.0	12.0	17.0	71,771,8,6	146.3			
1859	85.0	85.0	88.0	859,741,8,7	146.3			
1860	303.0	302.0	303.0	1095,566,8,7	146.1			
1861	134.0	134.0	134.0	1749,235,6,12	145.9			
1862	329.0	329.0	329.0	1585,930,4,15	145.9			
1863	290.0	290.0	290.0	1804,859,5,9	145.7			
1864	326.0	326.0	327.0	1590,805,9,10	145.7			
1865	128.0	128.0	128.0	319,57,10,8	144.9			
1866	182.0	182.0	182.0	3,911,6,10	144.8			
1867	309.0	308.0	311.0	561,270,24,3	144.8			
1868	73.0	73.0	73.0	811,0,6,8	144.7			
1869	151.0	151.0	151.0	155,175,10,5	144.4			
1870	232.0	230.0	233.0	1473,918,16,8	144.4			
1871	285.0	285.0	285.0	3,427,10,12	144.3			
1872	351.0	351.0	351.0	1041,1069,7,11	144.2			
1873	266.0	266.0	266.0	989,1069,7,11	144.0			
1874	400.0	398.0	406.0	721,635,13,5	144.0			
1875	11.0	11.0	11.0	1655,785,12,9	143.8			
1876	289.0	285.0	291.0	365,343,14,10	143.8			
1877	135.0	135.0	135.0	239,843,10,8	143.7			
1878	223.0	223.0	223.0	995,961,10,14	143.7			
1879	227.0	227.0	227.0	1018,612,8,8	143.7			
1880	229.0	229.0	229.0	1245,685,13,12	143.6			
1881	305.0	300.0	315.0	1025,169,12,8	143.6			
1882	102.0	102.0	102.0	1653,49,10,12	143.4			
1883	157.0	157.0	157.0	1837,369,10,9	143.4			
1884	106.0	106.0	106.0	241,9,12,8	143.2			
1885	182.0	182.0	182.0	749,9,8,8	143.2			
1886	407.0	404.0	407.0	0,725,7,8	142.8			
1887	359.0	359.0	359.0	1629,681,8,12	142.3			
1888	91.0	91.0	91.0	1686,1073,8,7	142.1			
1889	149.0	149.0	149.0	1640,1009,11,16	141.9			
1890	215.0	215.0	215.0	1803,806,10,7	141.9			
1891	216.0	216.0	216.0	1833,243,16,6	141.9			
1892	260.0	260.0	260.0	1585,1071,6,9	141.8			
1893	204.0	204.0	205.0	292,651,9,10	141.4			
1894	329.0	329.0	329.0	1149,1007,16,6	141.4			
1895	145.0	141.0	145.0	461,765,8,9	140.8			
1896	217.0	216.0	218.0	1415,596,4,18	140.8			
1897	379.0	379.0	381.0	402,939,19,8	140.6			
1898	276.0	276.0	277.0	1673,117,19,6	140.5			
1899	268.0	267.0	268.0	183,943,10,6	140.1			
1900	275.0	275.0	275.0	0,81,11,6	140.1			
1901	295.0	295.0	296.0	460,663,7,10	139.5			
1902	333.0	332.0	335.0	1025,375,12,14	139.5			
1903	14.0	13.0	14.0	939,73,9,8	139.4			
1904	355.0	355.0	355.0	1637,627,8,10	139.2			
1905	305.0	304.0	314.0	623,203,16,4	139.0			
1906	376.0	375.0	376.0	1719,95,16,12	138.7			
1907	142.0	142.0	143.0	245,471,14,6	138.6			
1908	346.0	346.0	346.0	1481,1068,12,7	138.1			
1909	13.0	13.0	13.0	9,1045,8,7	138.0			
1910	93.0	93.0	93.0	1639,833,10,8	138.0			
1911	228.0	228.0	228.0	905,958,10,11	137.8			
1912	125.0	125.0	125.0	1707,673,12,8	137.6			
1913	139.0	139.0	139.0	404,189,13,4	137.5			
1914	407.0	398.0	407.0	565,627,12,6	137.2			
1915	155.0	155.0	155.0	1913,235,7,10	137.1			
1916	134.0	134.0	134.0	1141,977,8,7	137.0			
1917	256.0	256.0	256.0	1753,113,8,6	137.0			
1918	80.0	78.0	80.0	1605,299,9,8	136.9			
1919	16.0	16.0	18.0	1759,38,8,9	136.7			
1920	120.0	117.0	121.0	1329,317,8,10	136.6			
1921	335.0	335.0	335.0	1910,455,10,6	136.6			
1922	299.0	299.0	299.0	1311,279,9,8	136.4			
1923	366.0	366.0	366.0	977,0,8,13	136.4			
1924	384.0	384.0	384.0	963,595,10,6	136.0			
1925	386.0	386.0	386.0	705,809,7,8	136.0			
1926	149.0	149.0	149.0	39,754,12,13	135.8			
1927	352.0	351.0	353.0	125,982,6,12	135.6			
1928	206.0	206.0	206.0	895,475,14,5	135.4			
1929	24.0	24.0	24.0	585,193,8,12	135.1			
1930	317.0	317.0	317.0	109,0,10,5	134.9			
1931	26.0	26.0	26.0	815,0,12,7	134.4			
1932	115.0	115.0	115.0	346,887,9,6	134.3			
1933	258.0	258.0	258.0	1549,687,5,8	134.2			
1934	292.0	288.0	292.0	35,405,14,10	134.0			
1935	180.0	180.0	180.0	140,555,11,14	133.9			
1936	270.0	270.0	270.0	820,927,5,10	133.9			
1937	258.0	257.0	258.0	29,1063,10,6	133.8			
1938	134.0	134.0	134.0	1663,897,10,8	133.5			
1939	77.0	74.0	77.0	745,259,4,15	133.4			
1940	209.0	209.0	209.0	897,308,12,9	133.4			
1941	114.0	114.0	114.0	211,817,6,10	133.3			
1942	284.0	284.0	284.0	1662,233,17,10	133.2			
1943	93.0	91.0	94.0	1906,929,14,6	133.1			
1944	306.0	305.0	315.0	957,545,16,4	133.1			
1945	96.0	95.0	96.0	209,549,5,12	132.8			
1946	167.0	167.0	167.0	269,421,8,10	132.7			
1947	372.0	372.0	372.0	251,0,12,5	132.7			
1948	159.0	159.0	159.0	1305,929,3,16	132.5			
1949	46.0	44.0	47.0	1301,565,6,6	132.4			
1950	80.0	80.0	80.0	143,105,8,8	132.4			
1951	95.0	95.0	95.0	333,13,6,9	132.4			
1952	92.0	91.0	92.0	1257,745,8,6	132.3			
1953	84.0	84.0	84.0	326,982,7,13	132.1			
1954	274.0	274.0	274.0	19,389,8,14	132.1			
1955	79.0	79.0	80.0	1174,447,15,6	131.9			
1956	235.0	235.0	235.0	1529,797,8,10	131.7			
1957	363.0	363.0	367.0	1201,957,8,14	131.3			
1958	273.0	273.0	273.0	1618,916,5,12	131.2			
1959	137.0	137.0	137.0	805,453,8,4	130.9			
1960	164.0	164.0	164.0	1521,1047,10,7	130.9			
1961	213.0	213.0	213.0	47,751,20,2	130.9			
1962	133.0	133.0	133.0	1412,103,15,4	130.7			
1963	283.0	282.0	283.0	1821,473,8,10	130.6			
1964	290.0	290.0	290.0	1859,789,8,8	130.6			
1965	28.0	28.0	28.0	253,1041,6,8	130.4			
1966	6.0	6.0	7.0	1051,939,10,10	130.2			
1967	315.0	315.0	322.0	909,49,16,5	130.0			
1968	208.0	208.0	208.0	1281,424,10,5	129.9			
1969	216.0	216.0	216.0	1885,177,12,8	129.9			
1970	386.0	385.0	386.0	0,37,15,6	129.9			
1971	262.0	262.0	262.0	1829,578,8,5	129.8			
1972	231.0	230.0	231.0	1585,945,8,8	129.7			
1973	308.0	304.0	311.0	1790,455,17,6	129.7			
1974	410.0	410.0	410.0	1650,843,13,6	129.5			
1975	153.0	153.0	153.0	1481,1010,14,7	129.4			
1976	161.0	161.0	161.0	1834,137,5,12	129.1			
1977	215.0	215.0	215.0	1533,942,6,15	129.0			
1978	232.0	231.0	232.0	1695,956,7,15	128.9			
1979	267.0	267.0	268.0	519,797,8,8	128.9			
1980	113.0	112.0	113.0	275,959,8,10	128.8			
1981	43.0	42.0	43.0	148,1074,9,6	128.6			
1982	88.0	88.0	89.0	1913,203,7,6	128.5			
1983	243.0	243.0	243.0	459,319,4,8	128.5			
1984	11.0	11.0	11.0	1577,742,13,5	128.3			
1985	205.0	205.0	205.0	13,519,8,14	128.3			
1986	257.0	257.0	257.0	1617,694,8,11	128.3			
1987	379.0	379.0	379.0	761,1019,8,6	128.3			
1988	183.0	183.0	183.0	195,833,4,12	128.1			
1989	48.0	48.0	48.0	913,342,12,7	127.8			
1990	225.0	225.0	226.0	242,740,6,8	127.8			
1991	63.0	63.0	63.0	59,169,18,3	127.7			
1992	331.0	331.0	331.0	925,31,6,10	127.7			
1993	113.0	113.0	113.0	1881,0,10,9	127.6			
1994	385.0	385.0	385.0	137,625,5,8	127.4			
1995	161.0	161.0	161.0	181,825,4,10	127.3			
1996	271.0	271.0	271.0	1607,1067,3,13	127.3			
1997	348.0	345.0	348.0	575,987,9,8	127.1			
1998	96.0	96.0	96.0	65,711,4,10	127.0			
1999	379.0	379.0	379.0	585,235,8,6	126.7			
2000	63.0	63.0	63.0	976,11,5,11	126.6			
2001	276.0	276.0	276.0	767,113,10,4	126.6			
2002	36.0	36.0	36.0	1751,323,8,10	126.4			
2003	47.0	46.0	47.0	1909,881,4,16	126.2			
2004	135.0	135.0	135.0	315,905,6,11	126.2			
2005	156.0	156.0	156.0	1761,335,6,12	126.2			
2006	216.0	216.0	216.0	501,417,6,8	126.2			
2007	217.0	215.0	217.0	765,825,12,8	126.1			
2008	180.0	180.0	180.0	0,937,5,8	126.0			
2009	209.0	209.0	209.0	1285,176,7,11	126.0			
2010	9.0	9.0	9.0	653,22,10,5	125.9			
2011	158.0	158.0	158.0	1507,609,14,6	125.9			
2012	368.0	368.0	368.0	497,353,6,8	125.9			
2013	0.0	0.0	0.0	1432,636,5,13	125.7			
2014	204.0	204.0	204.0	0,687,13,8	125.7			
2015	231.0	230.0	231.0	1889,1035,12,6	125.6			
2016	404.0	400.0	408.0	1146,673,15,3	125.6			
2017	156.0	155.0	156.0	1843,117,17,2	125.5			
2018	28.0	28.0	28.0	1544,721,5,8	125.4			
2019	317.0	317.0	317.0	1729,601,14,4	125.4			
2020	361.0	361.0	361.0	1761,283,10,6	125.4			
2021	103.0	103.0	105.0	1481,359,22,2	124.9			
2022	154.0	154.0	154.0	1578,145,9,8	124.9			
2023	321.0	321.0	321.0	441,329,10,8	124.7			
2024	199.0	199.0	199.0	1585,148,13,5	124.6			
2025	273.0	273.0	273.0	1853,49,4,8	124.3			
2026	21.0	21.0	21.0	937,836,8,5	124.1			
2027	124.0	124.0	126.0	49,989,4,20	124.0			
2028	150.0	150.0	150.0	1833,0,8,9	123.5			
2029	308.0	308.0	309.0	1099,97,8,10	123.5			
2030	119.0	119.0	119.0	1912,665,8,14	123.3			
2031	129.0	129.0	129.0	1705,911,6,12	123.3			
2032	320.0	320.0	320.0	46,1023,8,6	123.3			
2033	380.0	380.0	380.0	849,29,8,9	123.3			
2034	342.0	341.0	345.0	1817,231,10,8	123.0			
2035	410.0	410.0	410.0	1683,746,6,9	123.0			
2036	25.0	25.0	25.0	887,77,8,6	122.9			
2037	160.0	160.0	164.0	657,43,16,6	122.8			
2038	235.0	235.0	235.0	893,1007,7,11	122.5			
2039	295.0	295.0	295.0	0,0,9,9	122.0			
2040	163.0	163.0	163.0	629,761,8,8	121.9			
2041	270.0	270.0	270.0	1117,281,5,12	121.8			
2042	315.0	315.0	318.0	609,33,12,4	121.7			
2043	121.0	121.0	121.0	1675,673,6,16	121.6			
2044	241.0	241.0	241.0	233,1063,5,9	121.6			
2045	138.0	138.0	138.0	71,1003,6,16	121.5			
2046	141.0	139.0	142.0	1604,285,10,8	121.4			
2047	6.0	6.0	8.0	745,396,4,8	121.3			
2048	272.0	271.0	272.0	1773,265,4,14	121.3			
2049	53.0	53.0	55.0	779,73,12,10	121.2			
2050	3.0	3.0	3.0	793,545,10,10	121.0			
2051	147.0	146.0	147.0	1140,613,17,6	120.9			
2052	140.0	140.0	143.0	653,165,21,2	120.8			
2053	4.0	4.0	6.0	1426,1009,8,11	120.6			
2054	233.0	233.0	233.0	1409,954,16,7	120.6			
2055	1.0	1.0	1.0	1898,541,4,10	120.5			
2056	5.0	5.0	5.0	403,219,6,12	120.5			
2057	57.0	57.0	57.0	1787,197,12,4	120.4			
2058	243.0	239.0	243.0	1483,955,8,11	120.3			
2059	154.0	154.0	154.0	1257,357,6,6	120.2			
2060	215.0	215.0	215.0	1203,460,10,7	120.2			
2061	221.0	221.0	221.0	1317,468,5,11	120.1			
2062	150.0	149.0	150.0	1651,665,4,10	120.0			
2063	98.0	98.0	98.0	1827,765,8,8	119.9			
2064	365.0	362.0	370.0	12,665,11,5	119.9			
2065	406.0	406.0	409.0	231,607,14,8	119.8			
2066	280.0	280.0	280.0	531,69,10,4	119.5			
2067	260.0	260.0	260.0	721,797,8,4	119.2			
2068	138.0	138.0	138.0	203,449,22,2	119.1			
2069	218.0	218.0	218.0	1817,549,4,10	119.1			
2070	56.0	56.0	57.0	846,77,13,4	118.9			
2071	128.0	128.0	128.0	261,0,8,5	118.8			
2072	116.0	116.0	119.0	415,297,4,16	118.7			
2073	209.0	209.0	209.0	1419,964,4,11	118.6			
2074	218.0	218.0	218.0	447,809,6,8	118.6			
2075	236.0	236.0	236.0	42,763,7,8	118.6			
2076	379.0	379.0	379.0	1013,1067,18,4	118.6			
2077	0.0	0.0	0.0	1769,743,6,10	118.3			
2078	136.0	136.0	136.0	1373,157,8,12	118.3			
2079	151.0	151.0	151.0	1386,776,7,9	118.3			
2080	136.0	136.0	136.0	0,927,19,6	118.1			
2081	329.0	329.0	329.0	1215,993,12,4	118.1			
2082	37.0	37.0	37.0	721,523,6,7	118.0			
2083	201.0	201.0	201.0	199,333,6,6	118.0			
2084	100.0	100.0	100.0	1715,251,6,10	117.8			
2085	51.0	51.0	51.0	1825,1017,6,16	117.7			
2086	360.0	358.0	360.0	0,526,5,7	117.6			
2087	360.0	360.0	360.0	30,695,13,9	117.6			
2088	131.0	127.0	131.0	105,865,8,8	117.3			
2089	328.0	328.0	328.0	705,937,14,8	117.3			
2090	216.0	216.0	216.0	1305,395,8,6	117.2			
2091	231.0	230.0	231.0	1301,27,10,5	116.8			
2092	372.0	372.0	375.0	0,1001,13,4	116.8			
2093	154.0	154.0	154.0	1417,665,10,4	116.6			
2094	271.0	271.0	275.0	1254,238,6,10	116.6			
2095	150.0	150.0	150.0	249,243,14,4	116.2			
2096	74.0	74.0	74.0	187,145,14,6	116.1			
2097	225.0	225.0	225.0	0,803,7,5	116.1			
2098	234.0	234.0	234.0	925,297,10,10	116.0			
2099	48.0	47.0	48.0	464,580,10,5	115.9			
2100	129.0	129.0	129.0	277,785,4,16	115.9			
2101	227.0	227.0	227.0	169,145,4,16	115.6			
2102	227.0	227.0	227.0	713,645,8,7	115.6			
2103	339.0	339.0	339.0	145,905,8,5	115.1			
2104	153.0	153.0	153.0	1524,233,9,8	115.0			
2105	3.0	3.0	3.0	738,31,5,10	114.8			
2106	288.0	288.0	288.0	19,273,10,6	114.8			
2107	246.0	246.0	246.0	27,0,14,9	114.7			
2108	349.0	349.0	356.0	657,1008,8,7	114.6			
2109	80.0	79.0	80.0	1033,334,16,7	114.5			
2110	124.0	124.0	124.0	1825,103,4,8	114.5			
2111	9.0	9.0	9.0	1779,49,5,8	114.4			
2112	273.0	271.0	273.0	1537,81,8,12	114.4			
2113	129.0	129.0	129.0	1503,145,7,8	114.2			
2114	129.0	129.0	129.0	145,849,6,6	113.8			
2115	285.0	285.0	285.0	1752,881,9,8	113.8			
2116	236.0	236.0	236.0	1700,538,7,8	113.6			
2117	11.0	11.0	11.0	1745,847,8,7	113.4			
2118	5.0	5.0	5.0	1427,668,9,9	113.3			
2119	40.0	40.0	40.0	1014,743,5,7	113.3			
2120	130.0	130.0	130.0	1535,992,6,18	113.3			
2121	146.0	146.0	147.0	251,951,4,8	113.3			
2122	138.0	138.0	138.0	1855,322,2,15	113.2			
2123	148.0	148.0	148.0	1901,513,8,9	113.2			
2124	195.0	195.0	196.0	1697,159,12,6	113.2			
2125	399.0	399.0	402.0	1825,697,6,6	113.2			
2126	143.0	143.0	143.0	275,535,9,6	113.1			
2127	159.0	159.0	159.0	1439,0,2,17	113.1			
2128	243.0	240.0	243.0	1653,1047,6,14	113.0			
2129	116.0	116.0	116.0	1881,55,8,6	112.7			
2130	186.0	186.0	186.0	163,268,12,7	112.6			
2131	228.0	228.0	228.0	1343,487,8,12	112.6			
2132	140.0	140.0	141.0	727,168,19,3	112.4			
2133	273.0	273.0	273.0	1839,199,6,11	112.3			
2134	30.0	30.0	30.0	506,283,10,6	112.1			
2135	105.0	105.0	112.0	1910,393,10,10	111.8			
2136	259.0	259.0	259.0	1903,331,6,6	111.7			
2137	208.0	208.0	208.0	441,0,4,17	111.6			
2138	232.0	232.0	232.0	203,313,6,9	111.6			
2139	274.0	274.0	274.0	797,1039,10,6	111.5			
2140	319.0	315.0	319.0	625,37,22,4	111.5			
2141	218.0	218.0	218.0	1601,847,17,8	111.4			
2142	33.0	33.0	33.0	761,1022,8,7	111.2			
2143	325.0	325.0	325.0	688,867,22,6	111.1			
2144	262.0	262.0	262.0	1707,721,8,8	111.0			
2145	286.0	286.0	287.0	681,281,8,6	110.9			
2146	346.0	346.0	346.0	0,0,7,5	110.9			
2147	57.0	53.0	57.0	1477,383,6,6	110.8			
2148	299.0	299.0	299.0	1747,0,9,6	110.8			
2149	43.0	43.0	46.0	7,1015,4,10	110.6			
2150	51.0	51.0	51.0	1851,661,4,14	110.6			
2151	158.0	158.0	158.0	1433,647,16,6	110.6			
2152	115.0	115.0	115.0	929,489,14,4	110.5			
2153	268.0	267.0	268.0	1239,234,10,7	110.4			
2154	113.0	113.0	113.0	20,359,3,12	110.3			
2155	99.0	99.0	99.0	690,172,5,6	110.2			
2156	100.0	100.0	100.0	1843,273,8,8	110.1			
2157	245.0	236.0	245.0	1573,941,10,8	110.1			
2158	317.0	317.0	317.0	3,217,10,6	110.1			
2159	118.0	118.0	118.0	1825,563,6,8	110.0			
2160	11.0	11.0	11.0	1903,1069,6,8	109.9			
2161	150.0	150.0	152.0	5,611,8,6	109.8			
2162	46.0	46.0	46.0	1859,739,8,7	109.7			
2163	7.0	7.0	7.0	1566,720,8,5	109.6			
2164	25.0	24.0	25.0	1658,627,5,9	109.5			
2165	291.0	291.0	291.0	1643,696,6,6	109.4			
2166	95.0	94.0	95.0	1656,451,9,5	109.1			
2167	213.0	213.0	213.0	411,611,8,6	109.1			
2168	244.0	237.0	244.0	1614,979,7,14	109.1			
2169	260.0	260.0	260.0	621,727,4,8	109.1			
2170	2.0	2.0	2.0	1699,665,8,18	108.8			
2171	281.0	281.0	284.0	1912,306,3,15	108.7			
2172	377.0	377.0	377.0	937,39,8,6	108.7			
2173	368.0	368.0	368.0	31,723,8,6	108.6			
2174	240.0	240.0	240.0	1119,981,5,7	108.5			
2175	322.0	322.0	322.0	1249,745,8,8	108.5			
2176	346.0	346.0	346.0	1705,225,6,11	108.5			
2177	20.0	15.0	20.0	1817,24,6,8	108.3			
2178	164.0	164.0	164.0	103,801,6,6	108.3			
2179	203.0	203.0	203.0	1667,114,10,7	108.3			
2180	343.0	343.0	347.0	1907,843,8,12	108.3			
2181	121.0	121.0	121.0	1861,295,9,8	108.1			
2182	257.0	257.0	257.0	1829,696,6,11	108.0			
2183	288.0	288.0	288.0	33,519,8,6	108.0			
2184	341.0	340.0	341.0	0,1033,7,4	108.0			
2185	107.0	102.0	116.0	1775,421,10,6	107.9			
2186	101.0	101.0	101.0	139,727,5,10	107.8			
2187	117.0	117.0	117.0	1648,1010,13,5	107.7			
2188	75.0	75.0	75.0	93,867,4,9	107.6			
2189	132.0	132.0	132.0	1422,981,11,6	107.6			
2190	273.0	273.0	273.0	853,822,5,10	107.4			
2191	372.0	372.0	372.0	173,0,10,4	107.2			
2192	0.0	0.0	4.0	1014,525,3,12	107.1			
2193	9.0	9.0	9.0	37,151,6,9	107.0			
2194	245.0	245.0	245.0	781,981,6,11	106.9			
2195	5.0	1.0	5.0	1499,382,6,5	106.7			
2196	208.0	204.0	208.0	361,414,8,11	106.7			
2197	242.0	242.0	243.0	1521,1033,8,8	106.7			
2198	136.0	136.0	136.0	1451,312,6,12	106.5			
2199	156.0	156.0	156.0	277,235,6,12	106.4			
2200	183.0	183.0	183.0	647,71,6,12	106.2			
2201	257.0	257.0	257.0	1876,981,9,8	106.2			
2202	317.0	317.0	317.0	170,4,9,9	106.1			
2203	377.0	377.0	377.0	397,319,10,6	105.9			
2204	157.0	156.0	158.0	5,153,12,3	105.8			
2205	276.0	276.0	276.0	1563,985,4,12	105.8			
2206	43.0	42.0	43.0	1318,236,11,11	105.7			
2207	201.0	201.0	201.0	99,1051,5,6	105.7			
2208	213.0	213.0	213.0	307,721,6,12	105.6			
2209	385.0	385.0	385.0	131,497,4,10	105.5			
2210	114.0	114.0	114.0	467,937,5,12	105.3			
2211	138.0	138.0	138.0	1857,995,2,14	105.2			
2212	139.0	139.0	139.0	1417,46,12,5	105.2			
2213	121.0	121.0	121.0	641,357,8,6	105.1			
2214	139.0	139.0	142.0	1295,78,14,5	105.0			
2215	295.0	295.0	295.0	420,598,7,7	105.0			
2216	4.0	4.0	4.0	1871,73,14,8	104.9			
2217	207.0	207.0	207.0	779,924,8,5	104.9			
2218	184.0	184.0	184.0	1701,223,16,4	104.6			
2219	320.0	320.0	321.0	1552,49,3,12	104.6			
2220	60.0	59.0	62.0	1229,140,8,12	104.2			
2221	231.0	231.0	231.0	1571,872,6,5	104.2			
2222	215.0	215.0	215.0	1797,287,10,8	104.1			
2223	412.0	411.0	412.0	1441,661,12,4	104.1			
2224	79.0	79.0	79.0	537,851,6,6	103.9			
2225	231.0	230.0	231.0	1491,1003,5,8	103.8			
2226	234.0	234.0	234.0	1913,382,7,9	103.8			
2227	320.0	320.0	320.0	103,1075,8,5	103.8			
2228	345.0	345.0	347.0	1553,27,14,4	103.4			
2229	217.0	217.0	222.0	919,803,6,6	103.3			
2230	269.0	268.0	269.0	1127,26,10,7	103.3			
2231	310.0	310.0	310.0	1520,3,9,10	103.3			
2232	384.0	384.0	385.0	34,505,17,8	103.3			
2233	347.0	347.0	347.0	1581,1071,9,9	103.2			
2234	148.0	148.0	148.0	335,845,6,6	103.1			
2235	229.0	229.0	229.0	1151,750,7,7	103.0			
2236	407.0	407.0	407.0	1587,1066,10,5	103.0			
2237	53.0	51.0	53.0	1791,577,8,4	102.9			
2238	245.0	245.0	245.0	633,395,4,8	102.5			
2239	314.0	313.0	314.0	1745,713,8,4	102.5			
2240	148.0	148.0	148.0	105,394,12,7	102.4			
2241	358.0	358.0	358.0	573,733,8,5	102.2			
2242	101.0	101.0	101.0	1913,23,7,6	101.8			
2243	153.0	153.0	153.0	1505,639,14,4	101.8			
2244	225.0	223.0	225.0	1823,807,6,8	101.8			
2245	41.0	41.0	41.0	1869,649,4,8	101.7			
2246	215.0	215.0	215.0	1803,455,6,6	101.6			
2247	352.0	352.0	353.0	113,801,4,12	101.5			
2248	399.0	399.0	399.0	261,681,6,6	101.5			
2249	54.0	53.0	54.0	1065,169,8,4	101.4			
2250	154.0	154.0	154.0	1913,649,7,9	101.4			
2251	158.0	154.0	158.0	1743,337,6,7	101.4			
2252	299.0	299.0	299.0	6,118,5,7	101.4			
2253	343.0	343.0	343.0	146,97,5,8	101.1			
2254	17.0	14.0	17.0	1441,230,6,5	101.0			
2255	119.0	118.0	119.0	1013,525,6,8	101.0			
2256	211.0	211.0	211.0	1455,1073,6,7	100.9			
2257	63.0	63.0	63.0	695,209,10,6	100.8			
2258	210.0	210.0	210.0	1791,113,11,4	100.7			
2259	41.0	41.0	41.0	1813,709,9,8	100.6			
2260	103.0	103.0	103.0	1793,225,6,8	100.6			
2261	398.0	398.0	398.0	237,1078,15,2	100.6			
2262	163.0	163.0	163.0	645,503,12,4	100.4			
2263	218.0	218.0	218.0	1513,43,8,6	100.4			
2264	50.0	50.0	51.0	1387,261,4,8	100.3			
2265	227.0	227.0	227.0	169,238,4,9	100.3			
2266	341.0	341.0	341.0	1137,1015,11,4	100.3			
2267	368.0	368.0	368.0	561,319,10,6	100.3			
2268	293.0	293.0	293.0	151,325,12,12	100.2			
2269	302.0	302.0	302.0	1633,1015,4,8	100.2			
2270	375.0	375.0	376.0	1649,217,12,12	100.2			
2271	259.0	259.0	259.0	1891,955,8,8	100.1			
2272	271.0	268.0	271.0	1317,33,18,3	100.1			
2273	406.0	399.0	406.0	1709,661,12,6	100.0			
2274	411.0	411.0	411.0	1485,1050,4,11	100.0			
2275	77.0	77.0	77.0	63,301,8,4	99.9			
2276	209.0	208.0	209.0	1495,565,7,8	99.8			
2277	408.0	408.0	408.0	497,177,10,4	99.8			
2278	152.0	152.0	152.0	201,113,8,4	99.4			
2279	2.0	2.0	6.0	1141,943,8,5	99.2			
2280	115.0	115.0	115.0	365,807,6,8	99.2			
2281	84.0	84.0	84.0	189,1020,8,7	98.9			
2282	325.0	325.0	325.0	841,396,11,7	98.9			
2283	280.0	280.0	280.0	1837,617,4,17	98.8			
2284	378.0	378.0	378.0	1319,33,6,12	98.7			
2285	202.0	202.0	202.0	0,385,3,10	98.6			
2286	385.0	385.0	385.0	59,369,6,9	98.4			
2287	7.0	7.0	7.0	1425,212,9,8	98.3			
2288	412.0	412.0	412.0	1858,5,7,4	98.3			
2289	153.0	153.0	154.0	1889,887,6,10	97.8			
2290	10.0	10.0	10.0	1036,706,7,4	97.7			
2291	13.0	13.0	13.0	1731,696,6,9	97.6			
2292	138.0	138.0	138.0	46,913,5,13	97.6			
2293	146.0	146.0	148.0	538,725,5,8	97.6			
2294	216.0	216.0	216.0	311,963,9,9	97.6			
2295	21.0	21.0	21.0	1869,839,10,6	97.5			
2296	206.0	206.0	206.0	265,1005,8,6	97.5			
2297	209.0	209.0	209.0	1555,798,14,6	97.5			
2298	34.0	30.0	34.0	1031,899,6,10	97.4			
2299	95.0	95.0	95.0	347,560,5,6	97.2			
2300	150.0	150.0	150.0	531,273,12,8	97.1			
2301	293.0	293.0	293.0	1561,515,8,6	97.1			
2302	125.0	125.0	126.0	0,433,7,4	97.0			
2303	214.0	214.0	214.0	1403,1006,2,13	97.0			
2304	141.0	141.0	141.0	213,383,6,14	96.9			
2305	237.0	237.0	237.0	655,215,10,6	96.7			
2306	95.0	95.0	95.0	901,499,4,8	96.6			
2307	231.0	231.0	231.0	1009,831,4,8	96.6			
2308	257.0	257.0	257.0	1917,869,3,10	96.5			
2309	54.0	54.0	54.0	1513,245,14,4	96.4			
2310	280.0	280.0	280.0	1725,1076,8,4	96.4			
2311	363.0	363.0	363.0	1677,647,6,8	96.4			
2312	215.0	215.0	215.0	445,571,8,12	96.3			
2313	320.0	320.0	320.0	427,369,14,14	96.3			
2314	35.0	34.0	35.0	1517,763,11,6	96.2			
2315	410.0	410.0	410.0	1327,615,8,5	96.1			
2316	206.0	205.0	207.0	1507,179,7,6	95.8			
2317	217.0	217.0	217.0	1601,532,5,7	95.8			
2318	366.0	366.0	367.0	1319,1045,6,8	95.8			
2319	373.0	373.0	380.0	1794,139,9,8	95.8			
2320	244.0	244.0	244.0	631,571,8,10	95.7			
2321	244.0	244.0	244.0	0,593,3,8	95.7			
2322	95.0	95.0	95.0	827,99,4,15	95.6			
2323	315.0	312.0	315.0	1475,145,6,6	95.6			
2324	95.0	92.0	95.0	975,497,6,4	95.1			
2325	230.0	230.0	230.0	1063,377,10,4	95.0			
2326	135.0	135.0	135.0	1301,41,4,8	94.8			
2327	193.0	193.0	193.0	1814,990,10,3	94.7			
2328	5.0	5.0	5.0	1597,515,7,10	94.6			
2329	16.0	16.0	16.0	1833,73,8,8	94.5			
2330	213.0	213.0	213.0	109,959,4,10	94.4			
2331	313.0	309.0	317.0	1761,677,14,2	94.4			
2332	184.0	184.0	184.0	1719,1007,10,10	94.2			
2333	1.0	1.0	1.0	106,809,5,8	94.1			
2334	45.0	45.0	45.0	701,81,6,6	94.1			
2335	149.0	149.0	149.0	13,350,10,3	94.1			
2336	275.0	275.0	275.0	0,5,9,4	94.1			
2337	268.0	268.0	268.0	1533,625,6,6	94.0			
2338	71.0	71.0	71.0	593,143,8,10	93.9			
2339	222.0	222.0	222.0	97,19,6,6	93.8			
2340	320.0	320.0	320.0	232,387,10,12	93.7			
2341	77.0	77.0	77.0	1139,581,4,6	93.6			
2342	260.0	260.0	260.0	705,737,8,4	93.6			
2343	45.0	45.0	51.0	1065,269,6,6	93.5			
2344	64.0	64.0	65.0	597,721,4,8	93.5			
2345	341.0	341.0	341.0	23,259,16,4	93.5			
2346	144.0	144.0	144.0	324,672,9,4	93.4			
2347	156.0	156.0	156.0	1340,955,11,8	93.1			
2348	147.0	147.0	147.0	140,545,5,6	93.0			
2349	315.0	312.0	315.0	353,295,10,10	93.0			
2350	410.0	410.0	410.0	1783,699,10,8	93.0			
2351	4.0	4.0	6.0	1531,575,6,9	92.9			
2352	137.0	137.0	137.0	630,432,9,7	92.9			
2353	333.0	333.0	334.0	1823,1075,6,5	92.4			
2354	381.0	381.0	381.0	129,915,12,4	92.2			
2355	121.0	121.0	121.0	1903,735,6,8	92.1			
2356	78.0	78.0	78.0	1685,417,7,5	92.0			
2357	185.0	185.0	185.0	1553,1023,14,4	91.9			
2358	409.0	409.0	409.0	622,11,7,6	91.9			
2359	398.0	398.0	398.0	1408,851,8,5	91.8			
2360	76.0	76.0	76.0	1037,684,6,7	91.6			
2361	183.0	183.0	183.0	149,225,4,10	91.6			
2362	220.0	220.0	220.0	427,384,3,17	91.6			
2363	203.0	203.0	203.0	1756,97,8,4	91.5			
2364	116.0	116.0	116.0	35,690,5,7	91.4			
2365	6.0	6.0	6.0	1811,422,4,9	91.3			
2366	100.0	100.0	100.0	1306,377,7,6	91.3			
2367	189.0	189.0	189.0	99,112,10,3	91.3			
2368	258.0	257.0	258.0	153,1057,12,3	91.1			
2369	183.0	183.0	183.0	106,431,7,8	91.0			
2370	216.0	216.0	216.0	1197,579,8,4	91.0			
2371	7.0	6.0	7.0	1393,864,6,9	90.9			
2372	303.0	303.0	303.0	1858,557,9,6	90.9			
2373	4.0	4.0	4.0	1761,731,6,6	90.8			
2374	220.0	220.0	220.0	1625,817,12,2	90.6			
2375	314.0	314.0	314.0	1885,722,4,7	90.4			
2376	116.0	116.0	116.0	459,446,10,6	90.3			
2377	300.0	300.0	300.0	1753,327,8,3	90.3			
2378	335.0	332.0	335.0	1759,993,6,8	90.3			
2379	71.0	71.0	71.0	777,567,4,8	90.1			
2380	227.0	227.0	227.0	683,635,4,10	90.1			
2381	242.0	242.0	242.0	195,671,12,4	90.0			
2382	306.0	304.0	306.0	1847,995,8,6	90.0			
2383	359.0	359.0	359.0	724,695,7,8	90.0			
2384	187.0	187.0	191.0	165,48,10,5	89.8			
2385	125.0	125.0	125.0	1913,29,7,4	89.7			
2386	185.0	185.0	185.0	1335,1060,10,9	89.7			
2387	408.0	408.0	411.0	1441,1035,8,8	89.7			
2388	380.0	380.0	380.0	1633,35,12,2	89.6			
2389	39.0	39.0	39.0	343,44,10,5	89.3			
2390	227.0	227.0	227.0	1001,673,6,8	89.3			
2391	401.0	401.0	401.0	1821,778,8,5	89.3			
2392	54.0	54.0	54.0	1685,289,6,4	89.2			
2393	292.0	292.0	292.0	27,635,4,8	89.2			
2394	139.0	139.0	139.0	1857,845,6,8	89.0			
2395	44.0	44.0	44.0	1787,697,5,7	88.9			
2396	372.0	372.0	373.0	1059,291,6,6	88.7			
2397	161.0	161.0	161.0	377,37,6,6	88.6			
2398	294.0	294.0	294.0	627,611,6,10	88.4			
2399	309.0	308.0	309.0	1117,75,8,6	88.3			
2400	152.0	152.0	154.0	33,483,8,6	88.2			
2401	286.0	285.0	288.0	1639,576,4,8	88.2			
2402	163.0	163.0	163.0	817,487,10,4	88.1			
2403	302.0	302.0	302.0	1737,1077,8,3	88.1			
2404	314.0	312.0	316.0	1492,330,9,5	88.1			
2405	290.0	290.0	290.0	1913,1031,4,7	88.0			
2406	291.0	291.0	291.0	69,311,16,4	88.0			
2407	80.0	77.0	80.0	1687,529,5,10	87.9			
2408	224.0	224.0	226.0	1227,753,5,8	87.9			
2409	341.0	341.0	341.0	1125,53,10,6	87.4			
2410	25.0	25.0	25.0	437,77,12,4	87.3			
2411	186.0	186.0	186.0	120,191,9,6	87.3			
2412	338.0	338.0	338.0	305,3,4,6	87.3			
2413	84.0	83.0	84.0	1748,11,13,8	87.2			
2414	19.0	19.0	19.0	1875,729,4,9	87.1			
2415	162.0	162.0	162.0	281,189,8,3	87.1			
2416	4.0	1.0	4.0	1665,1077,8,3	87.0			
2417	12.0	12.0	12.0	1001,943,4,8	87.0			
2418	224.0	224.0	224.0	1689,797,8,4	86.9			
2419	48.0	48.0	49.0	1901,809,4,8	86.8			
2420	97.0	97.0	97.0	782,227,3,9	86.8			
2421	143.0	143.0	143.0	144,499,8,4	86.8			
2422	213.0	213.0	216.0	1339,421,6,4	86.8			
2423	384.0	384.0	384.0	1253,631,6,6	86.8			
2424	412.0	412.0	412.0	545,197,9,7	86.8			
2425	150.0	150.0	150.0	1909,29,8,4	86.7			
2426	226.0	226.0	226.0	523,569,7,8	86.7			
2427	6.0	6.0	6.0	1289,997,8,5	86.6			
2428	77.0	77.0	77.0	306,377,5,8	86.5			
2429	117.0	117.0	120.0	1321,749,5,7	86.5			
2430	301.0	301.0	301.0	1119,557,6,8	86.2			
2431	159.0	159.0	159.0	351,13,6,8	86.0			
2432	294.0	294.0	294.0	121,838,2,13	86.0			
2433	333.0	333.0	333.0	1909,681,2,12	85.9			
2434	88.0	88.0	90.0	1899,49,6,10	85.8			
2435	116.0	116.0	116.0	0,751,3,10	85.8			
2436	6.0	6.0	6.0	167,207,5,6	85.7			
2437	44.0	44.0	44.0	609,975,12,4	85.7			
2438	127.0	127.0	127.0	287,405,4,8	85.6			
2439	233.0	233.0	235.0	1363,585,14,4	85.5			
2440	284.0	284.0	284.0	1793,285,8,8	85.5			
2441	358.0	354.0	358.0	1749,863,10,6	85.2			
2442	158.0	158.0	158.0	1319,817,2,16	84.9			
2443	281.0	281.0	281.0	1293,237,6,6	84.8			
2444	310.0	306.0	310.0	1752,791,7,8	84.8			
2445	111.0	111.0	111.0	105,1013,6,10	84.6			
2446	310.0	309.0	310.0	937,609,8,4	84.6			
2447	131.0	131.0	131.0	1518,1028,5,15	84.5			
2448	190.0	190.0	190.0	1705,131,8,4	84.5			
2449	232.0	232.0	233.0	497,474,5,7	84.3			
2450	118.0	118.0	118.0	1877,923,14,4	84.1			
2451	111.0	106.0	112.0	1188,485,10,3	84.0			
2452	209.0	209.0	209.0	1697,649,4,10	84.0			
2453	266.0	266.0	266.0	1067,405,3,10	84.0			
2454	411.0	411.0	411.0	1563,229,2,16	84.0			
2455	188.0	188.0	188.0	1216,193,9,6	83.9			
2456	113.0	112.0	113.0	1701,69,15,4	83.8			
2457	375.0	375.0	375.0	241,1063,14,2	83.8			
2458	210.0	210.0	213.0	235,857,8,6	83.7			
2459	237.0	237.0	237.0	480,700,4,7	83.7			
2460	270.0	270.0	270.0	1339,615,4,10	83.7			
2461	230.0	230.0	230.0	1156,117,7,5	83.6			
2462	309.0	309.0	309.0	1623,789,10,6	83.6			
2463	153.0	153.0	153.0	263,515,14,4	83.5			
2464	214.0	214.0	214.0	1283,393,6,6	83.5			
2465	161.0	161.0	161.0	1325,0,6,5	83.4			
2466	120.0	119.0	120.0	1633,695,6,6	83.3			
2467	260.0	260.0	260.0	435,577,6,10	83.2			
2468	45.0	43.0	45.0	1871,921,10,6	83.1			
2469	58.0	58.0	58.0	388,57,7,4	83.0			
2470	95.0	94.0	99.0	660,471,7,6	82.9			
2471	149.0	149.0	149.0	184,725,7,4	82.9			
2472	270.0	270.0	270.0	133,89,9,4	82.9			
2473	18.0	18.0	18.0	1727,330,10,4	82.8			
2474	136.0	136.0	136.0	1321,7,4,12	82.7			
2475	223.0	223.0	223.0	1020,1053,3,14	82.7			
2476	318.0	318.0	318.0	1276,1060,8,5	82.6			
2477	243.0	243.0	243.0	127,1073,6,7	82.4			
2478	161.0	161.0	161.0	1395,41,8,6	82.2			
2479	129.0	129.0	129.0	1607,564,4,9	82.1			
2480	89.0	89.0	89.0	13,837,10,4	82.0			
2481	318.0	316.0	318.0	0,7,5,4	81.9			
2482	43.0	43.0	43.0	1315,305,6,4	81.7			
2483	123.0	121.0	123.0	1889,313,8,8	81.7			
2484	127.0	127.0	127.0	43,373,9,6	81.7			
2485	344.0	342.0	344.0	1749,957,12,2	81.7			
2486	32.0	30.0	33.0	801,673,6,12	81.6			
2487	160.0	160.0	160.0	1033,13,8,4	81.6			
2488	382.0	382.0	382.0	49,873,8,4	81.6			
2489	9.0	9.0	9.0	1141,645,6,6	81.5			
2490	8.0	8.0	8.0	838,768,5,7	81.4			
2491	6.0	6.0	7.0	995,585,4,11	81.3			
2492	210.0	210.0	214.0	899,376,6,7	81.3			
2493	334.0	334.0	338.0	1607,813,8,6	81.3			
2494	93.0	93.0	94.0	1663,817,10,8	81.2			
2495	116.0	116.0	116.0	1671,113,8,4	81.2			
2496	217.0	217.0	217.0	1737,781,7,5	81.2			
2497	313.0	313.0	313.0	265,892,5,9	81.2			
2498	293.0	293.0	293.0	1485,113,2,16	81.1			
2499	86.0	85.0	86.0	1391,725,4,12	80.9			
2500	308.0	308.0	308.0	144,21,9,4	80.7			
2501	398.0	398.0	398.0	1661,869,7,5	80.7			
2502	65.0	65.0	65.0	721,422,7,3	80.3			
2503	207.0	207.0	207.0	1841,643,8,5	80.3			
2504	222.0	222.0	222.0	684,941,7,6	80.3			
2505	232.0	231.0	232.0	421,270,7,5	80.3			
2506	80.0	80.0	80.0	1441,379,5,6	80.2			
2507	3.0	3.0	4.0	341,35,12,2	80.1			
2508	44.0	43.0	44.0	913,813,4,11	80.1			
2509	132.0	132.0	132.0	1409,773,4,8	80.1			
2510	164.0	164.0	164.0	121,121,4,8	80.0			
2511	300.0	300.0	300.0	1524,255,9,4	80.0			
2512	278.0	278.0	278.0	1767,862,2,11	79.8			
2513	154.0	154.0	154.0	1425,129,8,4	79.7			
2514	99.0	99.0	99.0	813,547,5,6	79.5			
2515	381.0	381.0	381.0	1450,17,5,4	79.5			
2516	117.0	117.0	118.0	1433,897,4,8	79.4			
2517	216.0	216.0	216.0	393,873,10,10	79.3			
2518	217.0	217.0	217.0	1905,263,10,6	79.3			
2519	308.0	308.0	310.0	1706,147,11,4	79.2			
2520	45.0	45.0	45.0	1475,767,4,6	79.1			
2521	104.0	104.0	104.0	146,0,5,9	78.9			
2522	64.0	64.0	64.0	1893,774,7,5	78.8			
2523	325.0	325.0	325.0	1095,946,14,4	78.8			
2524	142.0	140.0	142.0	733,497,16,2	78.7			
2525	35.0	35.0	37.0	799,139,10,8	78.6			
2526	129.0	129.0	129.0	1486,23,3,10	78.6			
2527	229.0	229.0	229.0	1717,865,10,4	78.6			
2528	244.0	244.0	244.0	470,997,5,8	78.4			
2529	189.0	189.0	189.0	1737,163,4,6	78.3			
2530	80.0	80.0	80.0	1867,285,6,8	78.2			
2531	365.0	365.0	365.0	33,1065,6,7	78.2			
2532	382.0	382.0	382.0	1905,89,4,8	78.2			
2533	328.0	328.0	330.0	1382,1077,16,3	78.1			
2534	336.0	336.0	337.0	257,89,10,6	78.1			
2535	374.0	374.0	374.0	1769,1057,8,4	78.1			
2536	345.0	345.0	345.0	1822,712,12,2	77.6			
2537	79.0	78.0	79.0	1289,251,5,10	77.5			
2538	83.0	83.0	84.0	0,834,3,9	77.4			
2539	210.0	210.0	210.0	1554,235,7,6	77.4			
2540	313.0	313.0	313.0	380,135,9,4	77.4			
2541	407.0	407.0	407.0	1149,679,4,6	77.4			
2542	159.0	159.0	159.0	925,60,12,3	77.3			
2543	7.0	6.0	7.0	1513,313,6,6	77.2			
2544	9.0	9.0	9.0	17,312,7,4	77.2			
2545	275.0	275.0	275.0	721,353,14,8	77.1			
2546	4.0	4.0	4.0	1336,523,7,6	77.0			
2547	26.0	26.0	26.0	1381,495,4,6	77.0			
2548	27.0	27.0	27.0	1875,1065,4,8	77.0			
2549	46.0	46.0	46.0	1585,207,6,4	77.0			
2550	295.0	293.0	295.0	35,61,6,4	77.0			
2551	379.0	379.0	381.0	521,952,10,3	77.0			
2552	33.0	33.0	33.0	1826,39,5,10	76.9			
2553	54.0	51.0	54.0	1337,899,8,4	76.7			
2554	195.0	195.0	195.0	1392,0,5,5	76.5			
2555	163.0	162.0	163.0	651,401,10,4	76.3			
2556	325.0	325.0	325.0	642,733,7,4	76.3			
2557	186.0	186.0	186.0	899,9,6,6	76.1			
2558	346.0	346.0	346.0	125,29,7,4	76.1			
2559	212.0	212.0	212.0	1518,1073,5,7	76.0			
2560	296.0	296.0	296.0	114,435,5,6	75.9			
2561	146.0	144.0	146.0	1333,937,3,11	75.8			
2562	87.0	87.0	87.0	1909,182,8,7	75.7			
2563	89.0	89.0	89.0	540,739,9,6	75.7			
2564	302.0	302.0	303.0	1909,1049,4,8	75.7			
2565	160.0	160.0	160.0	1227,33,6,4	75.6			
2566	18.0	18.0	18.0	1393,649,2,10	75.5			
2567	314.0	314.0	314.0	66,917,5,4	75.5			
2568	41.0	41.0	41.0	1532,9,5,4	75.3			
2569	307.0	307.0	307.0	699,31,4,6	75.3			
2570	367.0	363.0	367.0	1379,945,14,8	75.3			
2571	229.0	229.0	229.0	743,250,3,9	75.2			
2572	236.0	236.0	236.0	1641,703,6,6	75.1			
2573	6.0	6.0	6.0	0,23,3,10	75.0			
2574	51.0	51.0	53.0	868,76,11,9	75.0			
2575	122.0	122.0	122.0	1701,383,4,6	75.0			
2576	144.0	144.0	144.0	681,531,10,6	74.9			
2577	2.0	2.0	2.0	1393,421,6,6	74.8			
2578	55.0	55.0	57.0	893,75,14,4	74.8			
2579	131.0	131.0	131.0	1244,83,5,9	74.8			
2580	362.0	362.0	362.0	130,899,7,4	74.8			
2581	225.0	225.0	225.0	1741,715,3,8	74.7			
2582	298.0	298.0	298.0	901,57,4,8	74.7			
2583	22.0	21.0	22.0	1900,24,5,5	74.3			
2584	26.0	26.0	26.0	1122,933,5,6	74.2			
2585	236.0	236.0	236.0	1901,1073,4,7	74.2			
2586	221.0	221.0	222.0	33,835,4,6	74.0			
2587	237.0	235.0	237.0	920,149,8,8	74.0			
2588	34.0	33.0	34.0	1129,979,8,5	73.9			
2589	159.0	159.0	159.0	1481,773,8,4	73.9			
2590	211.0	211.0	211.0	1655,202,4,7	73.9			
2591	236.0	236.0	236.0	361,253,6,4	73.9			
2592	244.0	237.0	244.0	1593,1035,4,10	73.8			
2593	117.0	117.0	117.0	1699,1060,9,4	73.6			
2594	139.0	139.0	139.0	1835,1009,3,12	73.4			
2595	119.0	117.0	120.0	961,477,6,4	73.3			
2596	147.0	147.0	147.0	647,765,4,7	73.3			
2597	336.0	336.0	336.0	1391,987,4,10	73.3			
2598	217.0	217.0	217.0	492,589,9,4	73.2			
2599	384.0	384.0	384.0	1114,613,7,4	73.2			
2600	102.0	102.0	102.0	1617,71,16,2	73.1			
2601	208.0	208.0	208.0	1814,200,8,4	73.1			
2602	105.0	105.0	105.0	1492,708,7,6	73.0			
2603	149.0	149.0	149.0	69,734,8,9	73.0			
2604	378.0	378.0	380.0	1841,63,8,8	73.0			
2605	84.0	84.0	84.0	1391,61,6,6	72.9			
2606	160.0	160.0	160.0	14,866,3,7	72.8			
2607	243.0	243.0	243.0	355,737,6,6	72.8			
2608	111.0	111.0	111.0	1913,321,4,8	72.7			
2609	130.0	130.0	130.0	1316,195,5,9	72.6			
2610	141.0	141.0	141.0	133,51,4,8	72.4			
2611	316.0	316.0	316.0	1835,0,3,8	72.3			
2612	377.0	377.0	377.0	319,125,8,4	72.3			
2613	9.0	9.0	9.0	1185,865,11,8	72.1			
2614	220.0	220.0	220.0	1753,761,6,6	72.1			
2615	383.0	383.0	383.0	1365,795,8,5	72.1			
2616	403.0	403.0	403.0	1401,881,6,4	72.1			
2617	221.0	221.0	221.0	269,897,6,8	72.0			
2618	244.0	244.0	244.0	1687,699,4,6	71.9			
2619	300.0	300.0	300.0	1730,263,11,4	71.8			
2620	352.0	351.0	352.0	876,1059,6,5	71.8			
2621	330.0	330.0	330.0	1555,917,2,11	71.7			
2622	35.0	35.0	35.0	1485,667,4,6	71.6			
2623	1.0	1.0	5.0	1521,769,4,8	71.5			
2624	207.0	207.0	207.0	1707,589,6,4	71.4			
2625	218.0	218.0	218.0	1865,675,5,8	71.3			
2626	269.0	269.0	269.0	1701,673,6,4	71.3			
2627	274.0	274.0	274.0	177,171,8,12	71.1			
2628	291.0	291.0	291.0	93,867,6,6	71.1			
2629	257.0	257.0	257.0	1851,1071,6,6	71.0			
2630	316.0	316.0	316.0	331,881,4,6	71.0			
2631	355.0	355.0	359.0	905,853,8,4	71.0			
2632	117.0	115.0	117.0	1634,255,5,6	70.9			
2633	29.0	29.0	29.0	1774,314,5,7	70.8			
2634	89.0	89.0	89.0	1831,165,8,4	70.8			
2635	297.0	297.0	297.0	30,160,5,5	70.7			
2636	203.0	203.0	203.0	1822,91,6,4	70.5			
2637	333.0	333.0	333.0	1817,0,6,3	70.5			
2638	66.0	66.0	66.0	1538,31,7,6	70.4			
2639	13.0	13.0	13.0	493,969,8,4	70.3			
2640	306.0	306.0	306.0	1355,625,14,2	70.2			
2641	8.0	8.0	8.0	618,675,4,10	70.1			
2642	336.0	336.0	340.0	25,206,8,3	70.0			
2643	289.0	289.0	290.0	1915,1073,5,7	69.9			
2644	104.0	104.0	104.0	1679,421,10,4	69.8			
2645	130.0	130.0	130.0	1415,555,4,10	69.7			
2646	331.0	331.0	331.0	1575,451,8,4	69.7			
2647	224.0	224.0	224.0	105,841,6,4	69.6			
2648	29.0	29.0	29.0	1234,680,8,9	69.5			
2649	61.0	61.0	61.0	1778,99,5,6	69.5			
2650	411.0	411.0	411.0	1588,1004,4,7	69.5			
2651	367.0	366.0	367.0	1730,651,10,5	69.1			
2652	333.0	333.0	337.0	1331,1030,8,9	68.7			
2653	399.0	399.0	399.0	1461,1065,10,4	68.7			
2654	400.0	400.0	400.0	1641,751,12,2	68.7			
2655	378.0	378.0	378.0	1045,873,6,4	68.5			
2656	7.0	7.0	7.0	1657,553,4,8	68.4			
2657	257.0	257.0	258.0	1795,905,6,4	68.4			
2658	335.0	335.0	335.0	1319,257,8,4	68.4			
2659	192.0	192.0	192.0	1853,29,11,4	68.3			
2660	16.0	15.0	16.0	1745,129,8,6	68.2			
2661	224.0	224.0	224.0	1585,1001,4,7	68.2			
2662	368.0	368.0	368.0	1399,0,2,13	68.2			
2663	21.0	21.0	25.0	559,653,9,3	68.1			
2664	37.0	37.0	38.0	1825,478,4,7	68.1			
2665	289.0	288.0	289.0	45,313,10,8	68.1			
2666	239.0	239.0	239.0	639,898,6,5	68.0			
2667	361.0	361.0	361.0	41,363,12,2	67.9			
2668	380.0	380.0	380.0	893,117,10,4	67.9			
2669	83.0	82.0	83.0	1715,17,8,5	67.8			
2670	371.0	371.0	371.0	1669,1035,4,10	67.8			
2671	146.0	146.0	146.0	142,833,5,6	67.6			
2672	203.0	203.0	203.0	1653,921,8,4	67.6			
2673	298.0	298.0	298.0	1045,681,6,4	67.5			
2674	224.0	224.0	224.0	11,17,6,6	67.4			
2675	54.0	54.0	57.0	101,19,10,2	67.3			
2676	218.0	218.0	218.0	73,467,9,4	67.3			
2677	299.0	299.0	299.0	1275,403,4,6	67.3			
2678	65.0	64.0	65.0	1558,247,5,6	67.2			
2679	316.0	316.0	316.0	525,866,7,7	67.2			
2680	119.0	119.0	120.0	1350,829,9,4	67.1			
2681	269.0	269.0	269.0	1905,993,8,8	67.1			
2682	111.0	111.0	111.0	409,11,4,6	67.0			
2683	257.0	257.0	257.0	1649,1029,10,2	67.0			
2684	270.0	270.0	270.0	1240,1021,7,4	67.0			
2685	400.0	400.0	400.0	105,681,4,6	67.0			
2686	322.0	322.0	322.0	1457,1035,6,7	66.9			
2687	238.0	238.0	238.0	1000,681,4,6	66.8			
2688	108.0	107.0	108.0	13,727,4,6	66.7			
2689	362.0	356.0	362.0	248,926,9,3	66.7			
2690	162.0	162.0	162.0	1741,1051,3,8	66.6			
2691	163.0	163.0	163.0	561,401,6,4	66.6			
2692	311.0	311.0	311.0	1719,0,4,5	66.6			
2693	337.0	337.0	337.0	361,1034,6,4	66.5			
2694	370.0	370.0	370.0	651,233,6,8	66.4			
2695	275.0	275.0	275.0	121,829,6,6	66.3			
2696	284.0	284.0	284.0	532,89,5,6	66.2			
2697	313.0	299.0	317.0	686,197,5,6	66.2			
2698	320.0	320.0	320.0	0,105,11,2	66.2			
2699	400.0	400.0	400.0	1319,597,6,5	66.2			
2700	136.0	136.0	136.0	1191,411,4,8	66.1			
2701	82.0	80.0	82.0	1795,163,10,4	66.0			
2702	141.0	141.0	141.0	31,1033,2,9	65.9			
2703	211.0	211.0	211.0	467,371,6,8	65.9			
2704	192.0	192.0	192.0	1819,152,6,8	65.8			
2705	258.0	258.0	258.0	171,117,5,4	65.8			
2706	8.0	8.0	8.0	693,964,7,3	65.7			
2707	193.0	193.0	193.0	265,432,8,7	65.7			
2708	314.0	314.0	314.0	1897,825,4,6	65.7			
2709	79.0	78.0	79.0	1217,569,4,8	65.6			
2710	102.0	101.0	102.0	1013,481,8,4	65.6			
2711	39.0	39.0	39.0	315,281,6,8	65.5			
2712	332.0	332.0	332.0	1843,809,3,8	65.4			
2713	33.0	33.0	33.0	425,229,8,4	65.3			
2714	217.0	217.0	217.0	1437,1034,4,9	65.3			
2715	147.0	147.0	147.0	1421,26,4,7	65.0			
2716	270.0	270.0	270.0	489,937,3,7	65.0			
2717	120.0	120.0	120.0	1273,277,6,4	64.9			
2718	48.0	48.0	48.0	454,1028,4,9	64.8			
2719	351.0	351.0	356.0	695,944,5,6	64.7			
2720	214.0	214.0	214.0	1679,693,8,6	64.5			
2721	85.0	85.0	85.0	857,681,10,4	64.4			
2722	373.0	372.0	373.0	12,1041,5,6	64.4			
2723	7.0	7.0	8.0	15,1012,8,5	64.3			
2724	108.0	108.0	109.0	536,407,4,6	64.3			
2725	305.0	305.0	305.0	185,15,6,4	64.3			
2726	243.0	243.0	244.0	816,685,3,6	64.1			
2727	148.0	148.0	148.0	1717,433,6,6	64.0			
2728	322.0	322.0	322.0	1312,0,4,7	64.0			
2729	322.0	322.0	322.0	1843,892,6,5	64.0			
2730	77.0	77.0	77.0	307,73,4,4	63.9			
2731	238.0	238.0	238.0	1445,1068,4,5	63.8			
2732	305.0	305.0	305.0	0,721,3,6	63.6			
2733	320.0	320.0	320.0	153,409,3,9	63.6			
2734	205.0	205.0	205.0	1752,868,9,4	63.5			
2735	311.0	311.0	311.0	1281,333,11,4	63.4			
2736	322.0	322.0	322.0	1479,423,2,10	63.4			
2737	73.0	73.0	73.0	0,82,4,5	63.3			
2738	77.0	77.0	77.0	1675,163,2,8	63.2			
2739	89.0	89.0	89.0	1149,691,7,4	63.2			
2740	126.0	126.0	127.0	439,975,4,6	63.2			
2741	35.0	35.0	35.0	1543,705,10,2	63.1			
2742	52.0	50.0	52.0	895,469,6,6	63.1			
2743	289.0	289.0	289.0	1709,518,10,5	63.1			
2744	291.0	291.0	291.0	1603,837,4,9	63.1			
2745	287.0	287.0	287.0	1707,915,6,4	63.0			
2746	147.0	147.0	147.0	539,531,12,2	62.9			
2747	412.0	412.0	412.0	1075,545,11,2	62.9			
2748	95.0	95.0	95.0	495,313,7,4	62.8			
2749	119.0	119.0	119.0	1737,575,10,4	62.8			
2750	128.0	128.0	128.0	1043,983,6,4	62.8			
2751	245.0	245.0	245.0	1455,596,6,4	62.8			
2752	106.0	106.0	106.0	335,572,6,5	62.7			
2753	267.0	267.0	267.0	1513,569,2,9	62.7			
2754	26.0	26.0	26.0	900,883,5,5	62.6			
2755	237.0	237.0	237.0	1301,360,4,8	62.6			
2756	290.0	290.0	290.0	1663,642,5,4	62.6			
2757	310.0	310.0	310.0	1839,1073,4,7	62.6			
2758	358.0	358.0	358.0	897,0,4,5	62.6			
2759	207.0	207.0	207.0	917,0,4,5	62.4			
2760	362.0	362.0	362.0	1912,401,8,4	62.4			
2761	7.0	7.0	7.0	1577,410,6,7	62.3			
2762	20.0	19.0	20.0	1685,43,5,5	62.2			
2763	147.0	147.0	147.0	195,477,6,4	62.2			
2764	163.0	162.0	163.0	585,321,12,4	62.2			
2765	339.0	339.0	339.0	37,237,12,2	62.2			
2766	300.0	300.0	300.0	719,0,6,3	62.1			
2767	347.0	347.0	348.0	87,1067,10,2	62.1			
2768	412.0	412.0	412.0	959,545,10,2	62.1			
2769	303.0	303.0	303.0	1151,368,5,5	62.0			
2770	374.0	374.0	374.0	681,377,8,8	62.0			
2771	26.0	26.0	26.0	1363,566,3,6	61.9			
2772	43.0	43.0	43.0	1809,343,6,6	61.9			
2773	64.0	64.0	64.0	470,925,3,8	61.9			
2774	411.0	411.0	411.0	1705,992,3,7	61.8			
2775	223.0	223.0	223.0	1537,197,10,2	61.7			
2776	67.0	67.0	67.0	1784,44,3,10	61.6			
2777	139.0	139.0	139.0	1887,614,2,9	61.6			
2778	192.0	192.0	192.0	1699,259,4,10	61.6			
2779	306.0	306.0	306.0	1025,991,4,4	61.6			
2780	5.0	5.0	5.0	1896,408,9,5	61.5			
2781	136.0	136.0	137.0	1002,483,6,4	61.5			
2782	402.0	402.0	402.0	1319,875,6,5	61.4			
2783	152.0	152.0	152.0	437,140,8,3	61.3			
2784	379.0	379.0	379.0	349,921,4,8	61.3			
2785	411.0	411.0	411.0	1544,325,5,6	61.2			
2786	4.0	4.0	4.0	1779,91,8,6	61.1			
2787	29.0	29.0	29.0	1517,373,6,5	60.9			
2788	360.0	360.0	360.0	0,969,9,3	60.8			
2789	55.0	55.0	55.0	1489,905,6,5	60.5			
2790	291.0	291.0	291.0	1895,1041,8,8	60.5			
2791	411.0	411.0	411.0	1441,732,8,5	60.5			
2792	112.0	112.0	112.0	1445,0,4,5	60.4			
2793	399.0	399.0	399.0	1297,1024,6,5	60.4			
2794	108.0	108.0	108.0	871,425,8,2	60.3			
2795	345.0	345.0	345.0	1629,839,2,8	60.3			
2796	402.0	399.0	402.0	796,817,5,5	60.3			
2797	36.0	36.0	36.0	845,1054,5,4	60.1			
2798	375.0	375.0	375.0	27,1013,8,2	60.1			
2799	306.0	306.0	310.0	1897,670,8,3	60.0			
2800	65.0	65.0	66.0	1350,73,5,4	59.9			
2801	98.0	98.0	98.0	1225,238,6,5	59.9			
2802	362.0	362.0	362.0	675,1021,6,4	59.9			
2803	95.0	95.0	95.0	121,65,6,4	59.8			
2804	105.0	105.0	105.0	1665,353,8,4	59.8			
2805	163.0	163.0	163.0	1297,69,8,4	59.8			
2806	285.0	284.0	285.0	713,241,8,8	59.7			
2807	398.0	398.0	398.0	1493,857,6,6	59.7			
2808	48.0	45.0	48.0	1755,501,4,6	59.5			
2809	224.0	223.0	224.0	1865,685,4,4	59.5			
2810	3.0	3.0	3.0	1745,113,4,7	59.4			
2811	67.0	67.0	67.0	1609,29,6,4	59.4			
2812	371.0	371.0	372.0	1707,667,3,6	59.4			
2813	190.0	190.0	190.0	977,347,8,2	59.3			
2814	5.0	5.0	5.0	299,185,6,8	59.2			
2815	8.0	8.0	10.0	1675,133,6,9	59.2			
2816	24.0	24.0	24.0	791,71,7,4	59.2			
2817	88.0	88.0	90.0	1723,91,6,6	59.2			
2818	222.0	222.0	222.0	965,609,4,6	59.2			
2819	30.0	30.0	33.0	77,351,4,6	59.1			
2820	238.0	238.0	238.0	468,782,4,8	59.1			
2821	188.0	188.0	188.0	313,55,8,6	59.0			
2822	195.0	195.0	195.0	461,355,4,6	59.0			
2823	224.0	224.0	224.0	1601,1061,4,6	59.0			
2824	275.0	275.0	275.0	1212,1032,5,4	59.0			
2825	332.0	332.0	334.0	1561,1061,4,4	59.0			
2826	260.0	260.0	260.0	921,867,10,2	58.9			
2827	319.0	319.0	319.0	767,21,8,4	58.8			
2828	58.0	58.0	58.0	307,7,14,2	58.6			
2829	223.0	223.0	223.0	1325,121,4,9	58.6			
2830	330.0	330.0	330.0	191,399,6,8	58.5			
2831	85.0	85.0	86.0	825,590,7,3	58.4			
2832	137.0	136.0	137.0	1249,328,6,3	58.4			
2833	190.0	190.0	191.0	1753,31,6,4	58.3			
2834	291.0	291.0	291.0	44,145,3,6	58.3			
2835	267.0	267.0	267.0	1419,275,6,4	58.2			
2836	223.0	223.0	223.0	1769,745,3,6	58.0			
2837	258.0	257.0	258.0	97,1071,8,2	57.9			
2838	318.0	318.0	318.0	1777,745,6,4	57.9			
2839	23.0	23.0	23.0	1115,449,4,8	57.8			
2840	130.0	130.0	130.0	922,1022,4,7	57.8			
2841	289.0	289.0	289.0	122,855,3,8	57.8			
2842	15.0	15.0	15.0	1661,387,6,6	57.7			
2843	315.0	315.0	315.0	1645,157,8,4	57.7			
2844	333.0	333.0	333.0	1860,932,3,7	57.7			
2845	373.0	373.0	373.0	1691,669,4,4	57.7			
2846	192.0	192.0	192.0	32,0,9,2	57.6			
2847	234.0	234.0	234.0	89,805,4,8	57.5			
2848	318.0	318.0	318.0	101,888,4,5	57.5			
2849	8.0	8.0	8.0	1549,471,4,8	57.4			
2850	234.0	234.0	234.0	413,137,8,2	57.4			
2851	385.0	385.0	385.0	551,307,6,4	57.3			
2852	100.0	100.0	100.0	54,523,3,6	57.2			
2853	353.0	352.0	353.0	1806,169,7,6	57.0			
2854	46.0	44.0	47.0	1253,448,5,7	56.6			
2855	105.0	105.0	105.0	617,521,6,6	56.6			
2856	187.0	187.0	187.0	1047,41,6,4	56.6			
2857	91.0	91.0	92.0	875,929,6,12	56.5			
2858	192.0	192.0	192.0	577,0,4,5	56.5			
2859	309.0	309.0	309.0	1253,81,12,2	56.5			
2860	221.0	221.0	222.0	959,944,4,5	56.4			
2861	226.0	226.0	226.0	541,721,8,2	56.4			
2862	270.0	270.0	270.0	1515,1013,2,8	56.4			
2863	25.0	25.0	25.0	617,57,4,4	56.3			
2864	146.0	146.0	146.0	1013,553,6,6	56.2			
2865	227.0	227.0	227.0	233,447,4,6	56.2			
2866	10.0	10.0	10.0	1846,283,5,4	56.1			
2867	37.0	37.0	38.0	1515,445,6,4	56.1			
2868	87.0	87.0	87.0	1881,23,8,10	56.1			
2869	145.0	145.0	145.0	922,677,5,4	56.1			
2870	215.0	215.0	215.0	1527,989,2,8	56.1			
2871	71.0	71.0	71.0	745,1015,8,10	55.9			
2872	313.0	313.0	313.0	1889,667,4,8	55.9			
2873	357.0	354.0	357.0	1903,83,10,2	55.9			
2874	5.0	5.0	5.0	1769,571,3,7	55.8			
2875	191.0	191.0	191.0	1299,67,8,2	55.8			
2876	327.0	327.0	327.0	557,1011,6,4	55.8			
2877	404.0	404.0	404.0	1883,655,3,7	55.8			
2878	269.0	269.0	269.0	1381,753,4,4	55.7			
2879	188.0	187.0	188.0	891,171,8,4	55.6			
2880	43.0	43.0	43.0	919,1037,4,5	55.5			
2881	184.0	184.0	184.0	801,0,4,3	55.5			
2882	187.0	187.0	187.0	1626,899,8,2	55.5			
2883	221.0	221.0	221.0	1795,1076,4,4	55.5			
2884	291.0	291.0	291.0	1910,945,5,4	55.5			
2885	139.0	139.0	139.0	1269,1015,8,4	55.4			
2886	140.0	140.0	140.0	1909,53,8,2	55.4			
2887	372.0	372.0	372.0	92,1029,5,4	55.4			
2888	44.0	44.0	44.0	1907,828,2,10	55.3			
2889	225.0	225.0	225.0	252,257,3,6	55.3			
2890	324.0	324.0	324.0	607,1021,10,3	55.2			
2891	366.0	366.0	367.0	1287,1057,6,4	55.2			
2892	275.0	275.0	275.0	897,447,7,4	55.1			
2893	231.0	231.0	231.0	1879,113,8,2	55.0			
2894	354.0	353.0	354.0	1703,895,4,6	55.0			
2895	5.0	5.0	5.0	319,121,4,6	54.9			
2896	281.0	281.0	281.0	400,963,3,6	54.8			
2897	220.0	220.0	220.0	0,0,4,6	54.7			
2898	228.0	228.0	228.0	1857,1069,8,6	54.7			
2899	295.0	295.0	295.0	97,249,2,8	54.7			
2900	227.0	227.0	227.0	1057,617,5,4	54.6			
2901	50.0	50.0	51.0	1581,555,5,4	54.5			
2902	335.0	335.0	335.0	657,0,2,9	54.5			
2903	358.0	358.0	358.0	466,759,4,6	54.5			
2904	121.0	121.0	121.0	1853,401,2,8	54.4			
2905	402.0	401.0	402.0	1687,855,4,4	54.4			
2906	79.0	79.0	79.0	1763,420,5,5	54.3			
2907	369.0	369.0	371.0	55,583,2,8	54.3			
2908	190.0	190.0	190.0	443,0,6,3	54.2			
2909	275.0	275.0	275.0	1745,191,4,6	54.2			
2910	14.0	14.0	16.0	321,287,6,6	54.1			
2911	313.0	309.0	313.0	17,974,8,3	54.1			
2912	338.0	338.0	338.0	1881,65,8,2	54.1			
2913	364.0	364.0	364.0	323,45,8,4	54.1			
2914	92.0	92.0	92.0	923,1073,4,7	54.0			
2915	322.0	322.0	322.0	1235,531,6,6	53.9			
2916	44.0	44.0	44.0	85,188,6,5	53.8			
2917	53.0	53.0	53.0	1297,225,9,2	53.7			
2918	211.0	211.0	211.0	93,1065,4,6	53.7			
2919	373.0	371.0	373.0	1161,81,7,4	53.7			
2920	38.0	38.0	38.0	1397,285,8,4	53.6			
2921	43.0	43.0	43.0	1603,439,2,10	53.6			
2922	55.0	55.0	55.0	1513,321,6,4	53.6			
2923	114.0	114.0	114.0	323,649,3,8	53.6			
2924	9.0	9.0	9.0	18,665,7,4	53.5			
2925	22.0	22.0	22.0	1290,493,7,4	53.5			
2926	373.0	373.0	373.0	1123,181,6,4	53.4			
2927	28.0	28.0	28.0	1905,717,8,2	53.3			
2928	374.0	374.0	374.0	717,13,7,4	53.3			
2929	227.0	227.0	227.0	17,639,8,2	53.2			
2930	312.0	312.0	312.0	1852,1044,4,7	53.2			
2931	322.0	322.0	322.0	1673,873,6,4	53.2			
2932	384.0	384.0	384.0	1833,109,8,2	52.9			
2933	307.0	307.0	307.0	1020,972,4,4	52.8			
2934	347.0	347.0	347.0	121,1071,8,2	52.8			
2935	260.0	260.0	260.0	411,675,8,2	52.7			
2936	358.0	358.0	358.0	983,1031,6,6	52.6			
2937	46.0	42.0	46.0	1813,719,4,8	52.5			
2938	146.0	146.0	146.0	961,587,8,2	52.5			
2939	401.0	401.0	401.0	242,627,7,2	52.4			
2940	231.0	231.0	231.0	1172,549,4,4	52.3			
2941	49.0	49.0	49.0	1405,416,4,5	52.2			
2942	145.0	145.0	145.0	821,1013,2,7	52.2			
2943	240.0	237.0	244.0	1469,893,6,4	52.1			
2944	332.0	332.0	332.0	1154,994,5,4	52.1			
2945	60.0	58.0	60.0	651,62,4,3	51.9			
2946	79.0	79.0	79.0	39,577,2,8	51.8			
2947	94.0	94.0	94.0	973,546,6,3	51.8			
2948	348.0	348.0	348.0	543,283,6,6	51.8			
2949	355.0	354.0	355.0	625,881,8,8	51.8			
2950	38.0	38.0	38.0	637,923,4,6	51.7			
2951	42.0	42.0	42.0	5,1018,4,5	51.6			
2952	9.0	9.0	9.0	602,77,5,4	51.5			
2953	226.0	226.0	226.0	1747,661,8,2	51.5			
2954	230.0	230.0	231.0	1125,883,6,3	51.5			
2955	49.0	49.0	49.0	1176,95,6,6	51.4			
2956	289.0	289.0	289.0	1591,671,6,2	51.4			
2957	163.0	163.0	163.0	791,407,2,8	51.3			
2958	260.0	260.0	260.0	375,393,2,8	51.3			
2959	343.0	343.0	343.0	1507,642,4,7	51.3			
2960	353.0	353.0	353.0	634,14,6,3	51.3			
2961	289.0	289.0	289.0	793,237,4,4	51.2			
2962	383.0	383.0	383.0	163,701,6,4	51.2			
2963	7.0	7.0	9.0	237,837,4,5	51.1			
2964	189.0	189.0	189.0	333,87,10,4	51.1			
2965	258.0	258.0	258.0	1522,803,5,6	51.1			
2966	353.0	353.0	353.0	271,1042,3,5	51.1			
2967	224.0	224.0	224.0	1016,133,5,5	51.0			
2968	101.0	101.0	101.0	795,413,4,6	50.9			
2969	67.0	66.0	67.0	1446,0,3,7	50.8			
2970	163.0	163.0	163.0	124,241,7,4	50.8			
2971	7.0	7.0	7.0	1410,796,5,5	50.7			
2972	79.0	77.0	79.0	1205,354,4,7	50.6			
2973	224.0	224.0	224.0	1775,701,7,4	50.5			
2974	412.0	412.0	412.0	1873,73,8,2	50.5			
2975	33.0	33.0	33.0	25,847,8,2	50.4			
2976	143.0	140.0	143.0	1897,479,4,4	50.4			
2977	257.0	257.0	257.0	1791,485,2,8	50.4			
2978	384.0	383.0	384.0	1865,33,6,4	50.4			
2979	9.0	9.0	9.0	622,201,5,4	50.3			
2980	15.0	12.0	16.0	1130,30,5,4	50.3			
2981	73.0	73.0	73.0	666,39,5,4	50.3			
2982	221.0	221.0	221.0	505,965,4,4	50.3			
2983	324.0	324.0	324.0	87,65,4,8	50.3			
2984	11.0	11.0	11.0	1730,1017,4,4	50.2			
2985	104.0	104.0	104.0	1763,397,7,2	50.2			
2986	214.0	214.0	214.0	1715,271,4,6	50.2			
2987	368.0	366.0	368.0	1889,166,6,3	50.1			
2988	103.0	103.0	103.0	1773,309,4,4	50.0			
2989	163.0	163.0	163.0	713,401,6,4	50.0			
2990	225.0	225.0	225.0	47,927,8,4	50.0			
2991	377.0	377.0	377.0	555,54,6,3	50.0			
2992	80.0	79.0	84.0	1125,303,4,4	49.9			
2993	163.0	163.0	163.0	213,305,4,8	49.8			
2994	244.0	244.0	244.0	713,753,8,2	49.8			
2995	283.0	283.0	283.0	1645,1025,4,4	49.8			
2996	234.0	234.0	234.0	1361,530,6,3	49.7			
2997	356.0	356.0	356.0	1718,679,5,8	49.7			
2998	64.0	64.0	64.0	1591,29,2,8	49.6			
2999	87.0	87.0	87.0	1853,653,4,4	49.6			
3000	359.0	359.0	359.0	719,1066,2,11	49.6			
3001	36.0	36.0	36.0	1845,349,4,4	49.5			
3002	205.0	205.0	205.0	1713,0,4,5	49.5			
3003	348.0	347.0	348.0	423,1049,4,8	49.4			
3004	7.0	7.0	7.0	1783,786,5,4	49.3			
3005	101.0	101.0	101.0	1809,55,8,4	49.3			
3006	114.0	114.0	114.0	770,159,3,4	49.3			
3007	127.0	127.0	127.0	57,715,6,4	49.3			
3008	316.0	316.0	316.0	49,724,4,5	49.3			
3009	322.0	322.0	322.0	1801,875,7,2	49.2			
3010	332.0	332.0	332.0	21,0,5,4	49.2			
3011	124.0	124.0	124.0	1477,93,6,6	49.1			
3012	297.0	297.0	297.0	1903,211,5,4	49.1			
3013	312.0	312.0	312.0	1275,1069,4,5	49.1			
3014	383.0	383.0	383.0	829,745,2,8	49.0			
3015	235.0	235.0	235.0	707,1005,4,5	48.9			
3016	315.0	315.0	315.0	27,0,5,3	48.8			
3017	54.0	54.0	54.0	9,11,6,2	48.7			
3018	126.0	126.0	126.0	243,693,2,10	48.7			
3019	379.0	379.0	379.0	1297,73,8,2	48.7			
3020	88.0	87.0	88.0	1577,329,8,4	48.5			
3021	32.0	32.0	32.0	1009,629,6,4	48.4			
3022	237.0	237.0	237.0	1019,578,4,5	48.2			
3023	239.0	239.0	239.0	1339,761,3,6	48.2			
3024	304.0	304.0	304.0	1857,841,2,8	48.2			
3025	374.0	374.0	374.0	940,528,4,5	48.2			
3026	58.0	58.0	58.0	499,0,4,3	48.1			
3027	128.0	128.0	128.0	17,759,8,2	47.9			
3028	19.0	19.0	19.0	1900,903,4,5	47.8			
3029	52.0	52.0	52.0	1531,23,8,4	47.8			
3030	128.0	128.0	128.0	1601,897,2,8	47.8			
3031	145.0	145.0	145.0	163,971,4,4	47.8			
3032	307.0	307.0	307.0	55,5,6,4	47.8			
3033	321.0	321.0	321.0	137,33,10,4	47.8			
3034	1.0	1.0	1.0	505,519,8,8	47.7			
3035	18.0	18.0	18.0	141,435,8,4	47.7			
3036	226.0	226.0	226.0	1601,664,4,5	47.7			
3037	376.0	375.0	376.0	637,463,4,6	47.7			
3038	327.0	327.0	327.0	1399,21,4,4	47.6			
3039	225.0	225.0	225.0	989,31,4,5	47.4			
3040	90.0	88.0	90.0	1833,760,8,5	47.3			
3041	226.0	226.0	226.0	1439,1075,3,5	47.3			
3042	321.0	321.0	321.0	1673,89,2,6	47.3			
3043	368.0	368.0	368.0	168,1021,7,2	47.1			
3044	117.0	117.0	120.0	1121,633,4,4	47.0			
3045	380.0	380.0	380.0	815,171,5,6	47.0			
3046	45.0	45.0	45.0	907,265,2,6	46.9			
3047	56.0	56.0	56.0	1902,559,4,4	46.9			
3048	321.0	321.0	322.0	1639,191,2,8	46.9			
3049	345.0	345.0	345.0	1205,816,6,3	46.9			
3050	374.0	374.0	374.0	1493,161,4,4	46.9			
3051	380.0	377.0	380.0	1807,29,5,6	46.9			
3052	61.0	58.0	62.0	1518,9,8,4	46.8			
3053	257.0	257.0	257.0	1902,569,3,6	46.8			
3054	12.0	12.0	12.0	5,79,6,5	46.6			
3055	121.0	121.0	121.0	673,233,4,7	46.6			
3056	334.0	334.0	337.0	987,433,6,6	46.6			
3057	364.0	364.0	364.0	401,5,6,4	46.6			
3058	37.0	37.0	37.0	1768,497,4,8	46.5			
3059	89.0	88.0	89.0	1714,497,7,4	46.5			
3060	258.0	258.0	258.0	1913,801,4,4	46.5			
3061	399.0	399.0	399.0	1161,980,6,3	46.5			
3062	55.0	55.0	55.0	531,939,8,4	46.4			
3063	257.0	257.0	257.0	1315,587,2,8	46.3			
3064	257.0	257.0	257.0	1243,609,3,8	46.3			
3065	318.0	318.0	318.0	1291,53,4,4	46.3			
3066	14.0	14.0	14.0	373,247,4,4	46.2			
3067	196.0	196.0	196.0	227,169,8,2	46.2			
3068	313.0	313.0	313.0	1177,801,6,4	46.0			
3069	258.0	258.0	258.0	617,475,10,3	45.9			
3070	398.0	398.0	398.0	51,745,3,6	45.8			
3071	61.0	60.0	61.0	1376,47,5,4	45.6			
3072	162.0	162.0	162.0	537,213,7,2	45.6			
3073	76.0	76.0	76.0	1550,658,3,5	45.5			
3074	297.0	297.0	297.0	209,897,2,5	45.5			
3075	79.0	79.0	79.0	33,194,4,5	45.4			
3076	357.0	357.0	357.0	297,1069,6,2	45.4			
3077	6.0	6.0	6.0	1886,326,5,4	45.3			
3078	47.0	47.0	47.0	1895,125,6,6	45.3			
3079	191.0	191.0	191.0	877,137,6,4	45.3			
3080	214.0	214.0	214.0	1425,165,8,2	45.3			
3081	23.0	21.0	26.0	705,536,8,4	45.2			
3082	317.0	317.0	317.0	1837,255,6,4	45.2			
3083	186.0	186.0	186.0	1365,1061,4,6	45.1			
3084	6.0	6.0	6.0	411,851,6,4	45.0			
3085	127.0	127.0	127.0	772,71,3,4	45.0			
3086	312.0	312.0	312.0	1213,135,4,6	45.0			
3087	3.0	3.0	3.0	100,0,7,3	44.9			
3088	122.0	122.0	122.0	187,122,6,5	44.9			
3089	222.0	221.0	222.0	1883,813,6,2	44.9			
3090	26.0	26.0	26.0	940,621,5,3	44.8			
3091	29.0	29.0	29.0	737,221,6,4	44.6			
3092	118.0	118.0	118.0	1749,835,4,4	44.6			
3093	64.0	64.0	64.0	1361,79,6,10	44.5			
3094	225.0	225.0	225.0	751,433,6,3	44.5			
3095	224.0	224.0	224.0	1105,139,4,8	44.4			
3096	196.0	196.0	196.0	1079,0,4,4	44.3			
3097	315.0	315.0	315.0	547,687,8,2	44.3			
3098	364.0	364.0	364.0	1829,493,8,4	44.3			
3099	411.0	411.0	411.0	1409,809,4,4	44.2			
3100	313.0	313.0	313.0	1851,110,6,3	44.1			
3101	363.0	363.0	363.0	1902,13,6,3	44.1			
3102	127.0	127.0	127.0	1676,637,3,6	44.0			
3103	49.0	48.0	49.0	845,611,3,6	43.9			
3104	331.0	331.0	331.0	1495,267,4,4	43.9			
3105	337.0	337.0	337.0	1422,1057,3,4	43.9			
3106	362.0	362.0	362.0	519,988,8,3	43.9			
3107	371.0	371.0	371.0	1193,57,4,6	43.9			
3108	310.0	310.0	310.0	0,617,2,8	43.8			
3109	316.0	316.0	316.0	435,845,8,2	43.8			
3110	12.0	12.0	12.0	915,979,6,4	43.7			
3111	118.0	116.0	118.0	1533,993,2,8	43.7			
3112	374.0	374.0	374.0	939,207,8,2	43.7			
3113	141.0	141.0	141.0	45,283,6,2	43.6			
3114	80.0	80.0	80.0	229,505,4,6	43.5			
3115	23.0	23.0	23.0	532,583,5,4	43.4			
3116	7.0	7.0	7.0	1231,1073,4,4	43.3			
3117	86.0	86.0	86.0	0,533,2,6	43.3			
3118	12.0	12.0	12.0	791,105,4,4	43.2			
3119	7.0	7.0	7.0	1496,774,5,6	43.1			
3120	40.0	40.0	40.0	1005,663,6,4	43.1			
3121	57.0	57.0	58.0	179,433,8,2	43.1			
3122	221.0	221.0	221.0	385,931,4,4	43.1			
3123	101.0	101.0	101.0	1625,399,8,6	43.0			
3124	324.0	324.0	324.0	3,57,4,4	43.0			
3125	38.0	38.0	38.0	839,179,10,2	42.9			
3126	239.0	239.0	239.0	821,891,6,2	42.8			
3127	322.0	322.0	322.0	139,71,4,4	42.8			
3128	3.0	1.0	4.0	1312,997,3,5	42.7			
3129	11.0	11.0	14.0	49,294,6,3	42.7			
3130	15.0	15.0	15.0	1805,972,4,5	42.7			
3131	77.0	77.0	77.0	1217,225,3,5	42.7			
3132	282.0	282.0	282.0	1831,733,4,6	42.7			
3133	315.0	315.0	316.0	138,3,7,2	42.6			
3134	51.0	51.0	51.0	905,449,8,2	42.5			
3135	191.0	191.0	191.0	447,70,4,4	42.5			
3136	35.0	34.0	35.0	1226,685,5,4	42.4			
3137	357.0	357.0	357.0	207,1065,8,2	42.3			
3138	15.0	15.0	15.0	1857,1053,6,4	42.2			
3139	88.0	88.0	88.0	1821,91,4,4	42.2			
3140	92.0	91.0	92.0	1343,721,4,6	42.2			
3141	42.0	42.0	42.0	1673,873,4,4	42.1			
3142	225.0	225.0	225.0	837,92,6,5	42.1			
3143	1.0	1.0	1.0	625,295,2,6	42.0			
3144	371.0	371.0	371.0	985,513,6,2	42.0			
3145	379.0	379.0	379.0	1897,673,2,8	42.0			
3146	222.0	222.0	222.0	189,1014,4,6	41.9			
3147	331.0	331.0	331.0	1447,33,8,2	41.9			
3148	378.0	378.0	378.0	881,459,4,5	41.9			
3149	379.0	379.0	379.0	1365,206,6,3	41.8			
3150	379.0	379.0	379.0	1041,1073,8,2	41.8			
3151	64.0	64.0	64.0	1719,753,7,4	41.7			
3152	316.0	316.0	316.0	293,820,3,5	41.7			
3153	43.0	43.0	43.0	1479,959,4,4	41.5			
3154	224.0	223.0	224.0	658,569,4,6	41.4			
3155	289.0	289.0	289.0	1705,748,4,4	41.4			
3156	322.0	322.0	322.0	1117,793,4,4	41.4			
3157	337.0	337.0	337.0	253,9,3,4	41.3			
3158	337.0	337.0	337.0	127,1043,6,2	41.2			
3159	344.0	344.0	344.0	255,866,4,3	41.2			
3160	6.0	6.0	8.0	813,1001,2,8	41.0			
3161	45.0	45.0	45.0	1913,215,7,2	40.9			
3162	80.0	78.0	83.0	1264,249,7,3	40.9			
3163	343.0	343.0	343.0	83,643,4,6	40.9			
3164	16.0	13.0	16.0	1378,225,4,3	40.8			
3165	51.0	51.0	52.0	187,511,7,2	40.8			
3166	93.0	93.0	93.0	1843,517,4,4	40.8			
3167	240.0	240.0	240.0	1824,841,3,5	40.8			
3168	258.0	258.0	258.0	1389,483,3,6	40.8			
3169	327.0	327.0	327.0	1085,985,4,4	40.7			
3170	1.0	1.0	1.0	1631,436,3,5	40.6			
3171	44.0	43.0	44.0	1907,714,6,7	40.6			
3172	21.0	21.0	21.0	1745,50,3,4	40.5			
3173	18.0	18.0	18.0	545,119,7,2	40.4			
3174	196.0	196.0	196.0	815,935,4,4	40.4			
3175	383.0	383.0	383.0	498,464,5,3	40.4			
3176	40.0	40.0	40.0	11,0,4,5	40.3			
3177	93.0	93.0	93.0	1075,973,4,3	40.3			
3178	135.0	135.0	135.0	169,797,8,2	40.1			
3179	228.0	228.0	228.0	1387,1037,4,4	40.0			
3180	368.0	368.0	368.0	0,989,5,3	39.9			
3181	411.0	411.0	411.0	941,145,2,6	39.9			
3182	214.0	214.0	214.0	85,899,2,6	39.8			
3183	116.0	116.0	116.0	1295,471,4,3	39.7			
3184	227.0	227.0	227.0	47,27,2,6	39.7			
3185	235.0	235.0	235.0	497,181,6,2	39.7			
3186	49.0	49.0	49.0	1027,443,4,4	39.6			
3187	118.0	118.0	118.0	1655,777,4,4	39.6			
3188	362.0	362.0	362.0	1511,240,5,3	39.6			
3189	75.0	75.0	75.0	1210,205,7,2	39.5			
3190	371.0	371.0	371.0	1835,371,6,6	39.5			
3191	10.0	10.0	10.0	1511,479,4,6	39.4			
3192	43.0	43.0	43.0	781,380,4,4	39.3			
3193	224.0	224.0	224.0	80,343,5,5	39.3			
3194	49.0	49.0	49.0	17,909,8,3	39.2			
3195	94.0	94.0	94.0	200,215,3,4	39.2			
3196	63.0	63.0	63.0	725,46,4,3	39.1			
3197	238.0	238.0	238.0	1325,129,6,4	39.1			
3198	29.0	29.0	29.0	93,91,4,3	39.0			
3199	221.0	221.0	221.0	366,349,3,4	39.0			
3200	39.0	39.0	39.0	497,137,8,8	38.9			
3201	66.0	66.0	66.0	1257,9,3,4	38.9			
3202	77.0	77.0	77.0	1872,19,9,3	38.9			
3203	39.0	39.0	39.0	685,291,6,4	38.8			
3204	222.0	222.0	222.0	1573,537,6,2	38.8			
3205	322.0	322.0	322.0	1484,1035,7,2	38.8			
3206	28.0	28.0	28.0	1053,43,4,4	38.7			
3207	49.0	49.0	49.0	1577,517,6,2	38.5			
3208	258.0	258.0	258.0	1429,861,6,2	38.5			
3209	50.0	50.0	50.0	1071,211,4,4	38.4			
3210	237.0	237.0	237.0	1861,325,4,4	38.4			
3211	52.0	50.0	52.0	1865,699,2,8	38.3			
3212	93.0	93.0	93.0	1099,609,4,3	38.2			
3213	54.0	54.0	54.0	1643,383,6,2	38.1			
3214	411.0	411.0	411.0	1155,91,2,6	38.1			
3215	305.0	304.0	305.0	1033,539,6,2	38.0			
3216	312.0	312.0	312.0	917,0,4,3	38.0			
3217	313.0	313.0	313.0	1602,0,3,5	38.0			
3218	369.0	369.0	369.0	962,452,4,3	38.0			
3219	54.0	54.0	54.0	569,183,4,4	37.9			
3220	223.0	223.0	224.0	501,733,4,3	37.9			
3221	314.0	314.0	314.0	1189,795,4,4	37.9			
3222	362.0	361.0	362.0	1821,525,4,4	37.7			
3223	381.0	381.0	381.0	1897,45,6,4	37.7			
3224	49.0	49.0	49.0	669,55,6,2	37.4			
3225	240.0	240.0	240.0	1692,815,5,2	37.4			
3226	259.0	259.0	259.0	1895,795,6,2	37.3			
3227	370.0	367.0	370.0	1879,14,2,6	37.3			
3228	2.0	2.0	2.0	127,685,6,3	37.0			
3229	17.0	17.0	17.0	1585,87,6,2	37.0			
3230	344.0	340.0	344.0	107,119,6,6	37.0			
3231	344.0	343.0	344.0	299,127,4,4	36.9			
3232	79.0	79.0	79.0	19,285,3,4	36.7			
3233	35.0	35.0	35.0	1353,565,4,3	36.6			
3234	371.0	370.0	371.0	839,273,2,8	36.6			
3235	25.0	25.0	25.0	1871,559,4,4	36.5			
3236	19.0	19.0	19.0	1699,0,3,5	36.4			
3237	316.0	316.0	316.0	233,773,4,4	36.4			
3238	66.0	66.0	66.0	1452,0,5,2	36.2			
3239	343.0	342.0	343.0	19,937,4,3	36.2			
3240	31.0	31.0	31.0	1873,182,4,3	36.1			
3241	135.0	135.0	135.0	122,755,3,4	36.0			
3242	34.0	34.0	37.0	874,235,7,4	35.9			
3243	381.0	381.0	381.0	1793,53,2,6	35.9			
3244	80.0	80.0	80.0	193,605,6,4	35.7			
3245	349.0	349.0	349.0	737,769,7,2	35.7			
3246	363.0	360.0	363.0	1617,145,8,2	35.6			
3247	372.0	372.0	374.0	449,1075,6,2	35.6			
3248	29.0	29.0	29.0	1901,274,2,5	35.4			
3249	67.0	67.0	67.0	1894,17,3,3	35.4			
3250	75.0	75.0	75.0	1009,202,4,5	35.4			
3251	47.0	47.0	47.0	1900,697,5,4	35.3			
3252	90.0	90.0	90.0	1660,846,5,3	35.2			
3253	373.0	373.0	373.0	38,1077,4,3	35.2			
3254	326.0	326.0	326.0	1705,117,6,4	35.0			
3255	64.0	64.0	64.0	1328,605,4,4	34.9			
3256	238.0	238.0	238.0	12,381,4,4	34.9			
3257	378.0	378.0	378.0	1467,875,8,6	34.9			
3258	51.0	51.0	51.0	1504,724,3,7	34.8			
3259	92.0	92.0	92.0	491,905,3,4	34.8			
3260	337.0	337.0	337.0	1788,125,5,4	34.8			
3261	372.0	372.0	372.0	97,15,4,3	34.8			
3262	375.0	375.0	375.0	171,1061,4,6	34.8			
3263	84.0	84.0	84.0	1462,159,3,4	34.6			
3264	140.0	140.0	140.0	1472,127,3,3	34.6			
3265	306.0	306.0	306.0	843,89,6,6	34.5			
3266	380.0	380.0	380.0	1428,77,3,4	34.5			
3267	34.0	34.0	36.0	1323,107,4,2	34.4			
3268	358.0	358.0	358.0	1475,63,8,2	34.4			
3269	38.0	38.0	38.0	1689,119,4,6	34.3			
3270	74.0	74.0	74.0	66,147,4,3	34.2			
3271	231.0	231.0	231.0	735,985,2,6	34.2			
3272	330.0	330.0	330.0	765,425,8,2	34.2			
3273	412.0	412.0	412.0	1879,163,2,6	34.1			
3274	29.0	29.0	29.0	1225,143,5,2	34.0			
3275	117.0	117.0	117.0	0,881,3,4	33.9			
3276	351.0	351.0	351.0	1062,1074,3,6	33.8			
3277	381.0	381.0	381.0	153,921,5,2	33.8			
3278	22.0	22.0	22.0	110,647,3,4	33.6			
3279	120.0	120.0	120.0	1283,437,6,2	33.6			
3280	364.0	364.0	364.0	138,755,5,2	33.5			
3281	38.0	38.0	38.0	431,25,6,4	33.4			
3282	43.0	42.0	44.0	773,936,2,5	33.4			
3283	79.0	79.0	79.0	492,995,4,4	33.4			
3284	135.0	135.0	135.0	389,971,6,2	33.4			
3285	364.0	364.0	364.0	502,19,3,5	33.4			
3286	382.0	382.0	382.0	1897,947,4,2	33.4			
3287	40.0	40.0	40.0	5,493,3,4	33.3			
3288	91.0	91.0	91.0	203,1069,3,3	33.2			
3289	33.0	33.0	33.0	573,225,2,8	33.1			
3290	9.0	9.0	9.0	529,216,4,3	33.0			
3291	258.0	258.0	258.0	345,1068,4,4	33.0			
3292	19.0	19.0	19.0	1201,55,5,2	32.8			
3293	373.0	373.0	373.0	593,159,8,2	32.8			
3294	376.0	376.0	376.0	905,604,2,4	32.8			
3295	49.0	49.0	49.0	1191,157,5,6	32.6			
3296	259.0	259.0	259.0	1725,681,4,2	32.6			
3297	305.0	305.0	305.0	1865,787,4,4	32.6			
3298	357.0	357.0	357.0	351,0,4,5	32.6			
3299	89.0	89.0	89.0	1775,476,8,5	32.5			
3300	86.0	86.0	86.0	61,769,4,4	32.4			
3301	310.0	310.0	310.0	449,657,2,8	32.4			
3302	340.0	340.0	340.0	293,973,4,3	32.4			
3303	411.0	411.0	411.0	1491,108,4,3	32.3			
3304	6.0	6.0	6.0	0,1017,5,2	32.2			
3305	231.0	231.0	231.0	1553,953,6,2	32.2			
3306	38.0	38.0	38.0	1637,929,4,4	32.1			
3307	6.0	6.0	6.0	1137,1055,6,2	31.8			
3308	12.0	12.0	12.0	449,389,5,2	31.8			
3309	87.0	87.0	87.0	1773,103,4,6	31.8			
3310	117.0	117.0	117.0	813,559,8,2	31.8			
3311	43.0	39.0	43.0	1843,305,4,6	31.7			
3312	88.0	88.0	88.0	177,639,6,2	31.7			
3313	80.0	80.0	80.0	1783,97,3,4	31.6			
3314	324.0	324.0	324.0	457,985,4,4	31.6			
3315	21.0	21.0	21.0	1527,349,2,4	31.5			
3316	21.0	21.0	21.0	1401,547,2,4	31.5			
3317	52.0	52.0	52.0	1635,197,2,6	31.5			
3318	60.0	60.0	60.0	405,108,4,3	31.5			
3319	374.0	374.0	374.0	1609,9,6,2	31.5			
3320	377.0	377.0	377.0	440,89,5,4	31.5			
3321	41.0	41.0	41.0	1257,41,2,4	31.4			
3322	118.0	118.0	118.0	1243,729,4,6	31.4			
3323	258.0	258.0	258.0	1505,889,3,3	31.4			
3324	43.0	43.0	43.0	1403,1016,4,3	31.2			
3325	378.0	378.0	378.0	71,319,8,2	31.2			
3326	19.0	15.0	20.0	1405,154,3,4	31.1			
3327	364.0	364.0	364.0	1883,425,2,8	31.0			
3328	38.0	38.0	38.0	361,0,2,5	30.9			
3329	364.0	364.0	364.0	1715,1015,6,2	30.9			
3330	14.0	14.0	14.0	281,226,2,5	30.7			
3331	64.0	64.0	64.0	1499,18,2,5	30.7			
3332	363.0	363.0	363.0	607,227,8,2	30.6			
3333	61.0	61.0	62.0	1837,89,4,2	30.5			
3334	80.0	80.0	80.0	806,969,3,4	30.5			
3335	241.0	241.0	241.0	235,492,4,3	30.5			
3336	27.0	27.0	28.0	161,974,2,4	30.4			
3337	91.0	91.0	91.0	1777,277,4,6	30.4			
3338	363.0	363.0	363.0	278,1035,3,3	30.4			
3339	378.0	378.0	378.0	615,876,2,5	30.4			
3340	57.0	57.0	57.0	1389,286,2,4	30.3			
3341	305.0	305.0	305.0	555,226,4,3	30.3			
3342	339.0	339.0	339.0	633,127,6,2	30.3			
3343	352.0	352.0	353.0	355,869,6,4	30.3			
3344	8.0	8.0	8.0	439,0,2,5	30.2			
3345	32.0	32.0	33.0	1237,146,3,3	30.0			
3346	89.0	89.0	89.0	1474,717,3,3	30.0			
3347	191.0	191.0	191.0	318,446,3,3	30.0			
3348	362.0	362.0	362.0	169,357,6,2	30.0			
3349	378.0	378.0	378.0	1245,0,4,3	30.0			
3350	412.0	412.0	412.0	423,124,4,3	30.0			
3351	362.0	362.0	362.0	609,1007,5,2	29.9			
3352	13.0	13.0	13.0	1041,921,4,4	29.8			
3353	37.0	36.0	37.0	1005,277,4,2	29.8			
3354	120.0	120.0	120.0	1831,469,4,4	29.7			
3355	367.0	367.0	367.0	1665,989,6,4	29.7			
3356	52.0	52.0	52.0	65,326,4,3	29.6			
3357	223.0	223.0	223.0	167,640,2,5	29.6			
3358	345.0	345.0	345.0	1149,1007,4,2	29.6			
3359	347.0	347.0	347.0	897,101,4,3	29.6			
3360	364.0	364.0	364.0	1893,1001,2,4	29.4			
3361	376.0	376.0	376.0	847,637,2,4	29.4			
3362	378.0	378.0	378.0	289,483,2,6	29.4			
3363	28.0	28.0	28.0	1009,881,3,3	29.3			
3364	12.0	12.0	12.0	552,159,5,2	29.2			
3365	59.0	59.0	59.0	712,18,3,3	29.2			
3366	30.0	30.0	30.0	110,469,5,2	29.0			
3367	93.0	93.0	93.0	265,595,3,3	29.0			
3368	42.0	42.0	42.0	403,231,4,2	28.8			
3369	15.0	15.0	15.0	816,25,3,3	28.7			
3370	66.0	66.0	66.0	1753,31,3,3	28.7			
3371	240.0	240.0	240.0	1169,880,5,2	28.7			
3372	383.0	383.0	383.0	721,733,4,2	28.7			
3373	238.0	238.0	238.0	1867,229,2,4	28.6			
3374	14.0	11.0	17.0	958,211,2,4	28.5			
3375	18.0	18.0	18.0	1747,641,3,4	28.5			
3376	48.0	48.0	48.0	1908,195,4,4	28.5			
3377	88.0	88.0	88.0	1739,5,6,2	28.5			
3378	365.0	365.0	365.0	1399,355,2,6	28.5			
3379	383.0	383.0	383.0	617,721,4,2	28.5			
3380	12.0	12.0	12.0	6,152,4,3	28.4			
3381	52.0	52.0	52.0	1849,1050,4,3	28.4			
3382	223.0	223.0	223.0	1306,819,3,4	28.4			
3383	48.0	48.0	48.0	398,14,4,3	28.2			
3384	93.0	93.0	93.0	1830,963,5,2	28.2			
3385	334.0	334.0	337.0	1209,151,4,2	28.2			
3386	28.0	28.0	28.0	1575,630,3,3	28.1			
3387	378.0	378.0	378.0	617,627,2,4	27.9			
3388	2.0	2.0	2.0	317,73,4,4	27.8			
3389	19.0	19.0	19.0	1601,9,2,4	27.7			
3390	222.0	222.0	222.0	1713,403,2,4	27.6			
3391	348.0	348.0	348.0	133,1057,4,2	27.6			
3392	44.0	44.0	44.0	1863,621,4,3	27.4			
3393	348.0	348.0	348.0	40,1078,5,2	27.4			
3394	90.0	90.0	90.0	1745,306,4,3	27.3			
3395	13.0	13.0	13.0	1897,785,4,2	27.2			
3396	79.0	79.0	79.0	46,959,3,4	27.1			
3397	347.0	347.0	347.0	1831,787,4,3	27.1			
3398	41.0	41.0	41.0	1421,74,4,2	27.0			
3399	345.0	345.0	345.0	1767,0,4,5	27.0			
3400	361.0	361.0	361.0	1858,267,3,4	27.0			
3401	44.0	44.0	44.0	697,985,4,4	26.9			
3402	230.0	230.0	230.0	1309,943,2,4	26.9			
3403	93.0	93.0	93.0	1131,935,4,2	26.8			
3404	369.0	362.0	369.0	1434,179,5,2	26.8			
3405	28.0	28.0	28.0	1505,787,3,3	26.7			
3406	363.0	363.0	363.0	1073,977,2,6	26.6			
3407	363.0	363.0	363.0	865,1063,6,2	26.6			
3408	367.0	367.0	367.0	1215,1067,6,2	26.6			
3409	224.0	224.0	224.0	409,453,2,4	26.5			
3410	32.0	31.0	32.0	549,638,4,5	26.4			
3411	259.0	259.0	259.0	1699,755,4,2	26.4			
3412	378.0	378.0	378.0	1151,955,2,6	26.4			
3413	11.0	11.0	11.0	1893,862,4,3	26.3			
3414	36.0	36.0	36.0	1619,339,4,2	26.3			
3415	12.0	9.0	14.0	1161,950,3,3	26.2			
3416	67.0	67.0	67.0	1565,23,2,4	26.2			
3417	40.0	40.0	40.0	238,607,4,2	26.1			
3418	378.0	378.0	378.0	501,567,4,2	26.1			
3419	10.0	10.0	10.0	1233,555,4,4	25.9			
3420	340.0	340.0	340.0	53,781,4,4	25.9			
3421	353.0	353.0	353.0	1851,29,3,3	25.9			
3422	44.0	44.0	44.0	1785,995,2,4	25.8			
3423	67.0	67.0	67.0	1503,17,4,4	25.7			
3424	373.0	373.0	373.0	1103,95,6,2	25.7			
3425	59.0	59.0	59.0	493,222,4,3	25.6			
3426	343.0	343.0	343.0	259,611,2,5	25.6			
3427	357.0	357.0	357.0	427,5,2,4	25.6			
3428	22.0	22.0	22.0	359,645,4,2	25.5			
3429	28.0	28.0	28.0	1774,735,5,2	25.5			
3430	30.0	30.0	30.0	256,85,4,2	25.5			
3431	2.0	1.0	2.0	1879,702,3,3	25.3			
3432	8.0	8.0	8.0	253,394,3,3	25.3			
3433	370.0	370.0	370.0	1707,663,4,2	25.3			
3434	14.0	14.0	14.0	59,809,5,2	24.9			
3435	58.0	58.0	58.0	1215,413,6,6	24.9			
3436	10.0	10.0	10.0	1341,653,4,3	24.6			
3437	34.0	34.0	34.0	1791,137,2,4	24.6			
3438	75.0	75.0	75.0	323,819,4,4	24.5			
3439	259.0	259.0	259.0	52,942,3,3	24.5			
3440	377.0	377.0	377.0	239,179,2,4	24.5			
3441	31.0	31.0	31.0	231,203,2,4	24.4			
3442	59.0	59.0	59.0	1585,119,6,3	24.4			
3443	62.0	62.0	62.0	1653,209,4,2	24.3			
3444	191.0	191.0	191.0	593,279,4,2	24.3			
3445	359.0	359.0	359.0	1147,1017,2,6	24.3			
3446	2.0	2.0	2.0	1085,41,4,2	24.2			
3447	18.0	18.0	18.0	1285,349,4,2	24.2			
3448	92.0	92.0	92.0	1134,823,3,4	24.2			
3449	381.0	381.0	381.0	705,1047,4,2	24.1			
3450	1.0	1.0	1.0	1444,448,3,3	24.0			
3451	8.0	8.0	8.0	55,365,2,4	24.0			
3452	10.0	10.0	10.0	1903,133,2,4	24.0			
3453	37.0	35.0	37.0	776,345,5,4	24.0			
3454	45.0	45.0	45.0	1639,783,2,4	24.0			
3455	337.0	337.0	337.0	533,1071,4,2	23.8			
3456	9.0	8.0	9.0	1161,771,2,4	23.6			
3457	235.0	235.0	235.0	425,199,2,3	23.6			
3458	241.0	241.0	241.0	467,487,4,2	23.6			
3459	25.0	24.0	25.0	1851,29,3,3	23.5			
3460	35.0	35.0	35.0	1645,731,4,2	23.5			
3461	10.0	10.0	10.0	1917,251,3,2	23.4			
3462	83.0	83.0	83.0	1339,35,4,2	23.4			
3463	238.0	238.0	238.0	549,823,3,2	23.4			
3464	366.0	366.0	366.0	1915,41,5,2	23.4			
3465	1.0	1.0	1.0	1752,529,5,2	23.3			
3466	18.0	18.0	18.0	1465,785,3,2	23.3			
3467	94.0	94.0	94.0	889,33,5,2	23.3			
3468	9.0	9.0	9.0	491,90,4,3	23.2			
3469	43.0	43.0	43.0	1737,353,4,2	23.2			
3470	47.0	47.0	47.0	1710,350,3,3	23.1			
3471	91.0	91.0	91.0	1865,699,2,3	23.1			
3472	92.0	92.0	92.0	753,21,2,4	23.1			
3473	22.0	22.0	22.0	1777,585,3,2	22.9			
3474	62.0	62.0	62.0	193,737,2,8	22.9			
3475	1.0	1.0	1.0	1536,354,3,3	22.8			
3476	10.0	10.0	10.0	1569,593,2,4	22.8			
3477	19.0	19.0	19.0	1805,65,2,4	22.8			
3478	74.0	74.0	74.0	688,124,2,3	22.8			
3479	85.0	85.0	85.0	1835,163,4,2	22.8			
3480	10.0	10.0	10.0	1827,363,4,4	22.7			
3481	371.0	371.0	371.0	1241,119,4,2	22.7			
3482	373.0	373.0	373.0	741,391,4,2	22.7			
3483	378.0	378.0	378.0	301,797,2,4	22.6			
3484	35.0	35.0	35.0	481,288,4,5	22.4			
3485	59.0	59.0	62.0	1003,147,4,2	22.4			
3486	377.0	377.0	377.0	348,101,2,4	22.4			
3487	17.0	17.0	17.0	1383,31,4,2	22.2			
3488	87.0	87.0	87.0	1835,79,6,2	22.2			
3489	93.0	93.0	93.0	1479,477,4,2	22.2			
3490	378.0	378.0	378.0	553,807,2,4	22.1			
3491	50.0	50.0	50.0	539,95,4,2	22.0			
3492	1.0	1.0	1.0	1789,179,2,4	21.9			
3493	354.0	353.0	354.0	1747,187,4,2	21.8			
3494	12.0	12.0	12.0	953,841,4,2	21.7			
3495	378.0	378.0	378.0	1079,834,2,5	21.7			
3496	40.0	40.0	40.0	1027,517,4,4	21.6			
3497	37.0	37.0	37.0	1511,285,3,2	21.5			
3498	1.0	1.0	1.0	585,78,4,3	21.4			
3499	32.0	32.0	32.0	863,701,4,2	21.4			
3500	36.0	36.0	36.0	1171,889,3,2	21.4			
3501	74.0	74.0	74.0	769,74,2,3	21.4			
3502	326.0	326.0	326.0	19,11,4,2	21.4			
3503	18.0	17.0	18.0	1525,737,4,2	21.3			
3504	19.0	16.0	19.0	1769,83,4,2	21.3			
3505	86.0	86.0	86.0	1116,463,3,2	21.3			
3506	239.0	239.0	239.0	569,935,3,3	21.3			
3507	50.0	50.0	50.0	1255,193,2,4	21.2			
3508	337.0	337.0	337.0	1736,93,3,2	21.2			
3509	87.0	87.0	87.0	1257,425,2,4	21.1			
3510	240.0	240.0	240.0	1120,921,3,2	21.1			
3511	14.0	14.0	14.0	212,1075,3,2	21.0			
3512	15.0	15.0	15.0	1623,1025,4,2	21.0			
3513	353.0	353.0	353.0	510,954,3,3	21.0			
3514	373.0	373.0	373.0	1517,211,4,2	20.9			
3515	2.0	2.0	2.0	726,19,3,2	20.8			
3516	12.0	12.0	12.0	25,23,4,2	20.8			
3517	85.0	85.0	86.0	1091,313,4,2	20.8			
3518	94.0	94.0	94.0	1763,927,4,4	20.8			
3519	378.0	378.0	378.0	761,593,4,2	20.8			
3520	10.0	10.0	10.0	1649,707,2,4	20.7			
3521	25.0	25.0	25.0	1902,415,3,2	20.7			
3522	348.0	348.0	348.0	169,641,4,2	20.7			
3523	368.0	368.0	368.0	1619,9,2,4	20.7			
3524	66.0	66.0	66.0	1025,71,2,3	20.6			
3525	52.0	52.0	52.0	113,187,4,2	20.5			
3526	238.0	238.0	238.0	1074,197,5,2	20.5			
3527	258.0	258.0	258.0	0,1072,3,2	20.5			
3528	368.0	368.0	368.0	72,997,3,2	20.5			
3529	19.0	19.0	19.0	1826,17,2,3	20.3			
3530	92.0	91.0	92.0	1851,707,2,3	20.3			
3531	362.0	362.0	362.0	1819,29,3,2	20.3			
3532	65.0	65.0	65.0	848,399,3,3	20.1			
3533	64.0	64.0	64.0	625,159,4,2	20.0			
3534	63.0	63.0	63.0	846,15,3,2	19.9			
3535	338.0	338.0	338.0	1440,943,3,2	19.9			
3536	378.0	378.0	378.0	1915,769,2,4	19.8			
3537	90.0	90.0	90.0	1587,19,4,4	19.7			
3538	25.0	25.0	25.0	783,79,2,3	19.5			
3539	37.0	37.0	37.0	1712,291,3,2	19.5			
3540	90.0	90.0	90.0	1811,773,4,2	19.5			
3541	239.0	239.0	239.0	1350,729,2,3	19.5			
3542	326.0	326.0	326.0	824,61,3,2	19.5			
3543	18.0	18.0	18.0	1335,541,2,3	19.4			
3544	40.0	40.0	40.0	347,161,4,2	19.4			
3545	40.0	40.0	40.0	71,332,2,3	19.4			
3546	67.0	67.0	67.0	1831,14,2,3	19.4			
3547	353.0	353.0	353.0	1747,17,4,2	19.4			
3548	17.0	17.0	17.0	1497,677,4,2	19.3			
3549	370.0	370.0	370.0	50,1031,3,2	19.3			
3550	374.0	374.0	374.0	1525,979,4,2	19.3			
3551	374.0	374.0	374.0	1761,1065,2,4	19.3			
3552	90.0	90.0	90.0	1483,39,4,2	19.2			
3553	238.0	238.0	238.0	1134,179,3,2	19.1			
3554	368.0	368.0	368.0	1109,245,4,2	19.0			
3555	380.0	380.0	380.0	813,257,4,2	19.0			
3556	37.0	37.0	39.0	521,661,2,3	18.9			
3557	238.0	238.0	238.0	1545,571,3,2	18.9			
3558	1.0	1.0	1.0	1513,907,2,4	18.8			
3559	362.0	362.0	362.0	1313,913,4,2	18.8			
3560	368.0	367.0	368.0	1601,347,4,2	18.8			
3561	373.0	373.0	373.0	1703,149,4,2	18.8			
3562	52.0	52.0	52.0	1810,835,3,4	18.7			
3563	92.0	89.0	92.0	1788,609,3,2	18.7			
3564	9.0	9.0	9.0	1169,1077,2,3	18.6			
3565	10.0	10.0	10.0	1483,675,4,4	18.6			
3566	1.0	1.0	1.0	1703,281,2,3	18.5			
3567	18.0	18.0	18.0	649,27,3,2	18.4			
3568	1.0	1.0	1.0	1621,783,4,2	18.1			
3569	27.0	27.0	27.0	495,535,2,4	18.1			
3570	92.0	92.0	92.0	917,27,2,4	18.1			
3571	367.0	367.0	367.0	1509,191,4,2	18.1			
3572	40.0	40.0	40.0	1885,529,2,4	18.0			
3573	369.0	369.0	369.0	1907,303,3,2	18.0			
3574	85.0	85.0	85.0	1054,365,3,2	17.9			
3575	87.0	87.0	87.0	1819,219,3,2	17.9			
3576	354.0	354.0	354.0	1870,811,3,2	17.9			
3577	360.0	360.0	360.0	0,403,3,2	17.9			
3578	42.0	42.0	42.0	1235,237,2,4	17.8			
3579	8.0	8.0	8.0	807,701,3,2	17.6			
3580	326.0	326.0	326.0	1702,99,3,2	17.6			
3581	32.0	32.0	32.0	891,961,4,2	17.4			
3582	19.0	19.0	19.0	1842,1059,3,2	17.3			
3583	324.0	324.0	324.0	231,97,4,2	17.3			
3584	359.0	359.0	359.0	1121,1033,4,2	17.2			
3585	21.0	21.0	21.0	231,9,2,3	17.1			
3586	14.0	14.0	14.0	985,951,3,2	17.0			
3587	62.0	62.0	62.0	951,487,4,2	17.0			
3588	85.0	85.0	85.0	959,412,2,3	17.0			
3589	92.0	92.0	92.0	823,0,2,3	16.9			
3590	238.0	238.0	238.0	1285,651,3,2	16.9			
3591	40.0	40.0	40.0	179,674,2,3	16.8			
3592	52.0	52.0	52.0	729,149,3,2	16.8			
3593	363.0	363.0	363.0	1063,33,4,2	16.8			
3594	363.0	363.0	363.0	959,965,2,4	16.8			
3595	367.0	367.0	367.0	1031,951,4,2	16.8			
3596	9.0	9.0	9.0	1105,1011,3,2	16.7			
3597	86.0	86.0	86.0	1341,690,2,3	16.6			
3598	92.0	92.0	92.0	529,726,2,3	16.6			
3599	353.0	353.0	353.0	761,0,2,3	16.6			
3600	14.0	14.0	14.0	768,977,3,2	16.4			
3601	259.0	259.0	259.0	271,0,2,3	16.4			
3602	355.0	355.0	355.0	541,279,4,2	16.3			
3603	365.0	365.0	369.0	1653,113,3,2	16.2			
3604	92.0	92.0	92.0	1659,725,2,3	16.0			
3605	10.0	10.0	10.0	1782,833,3,2	15.9			
3606	258.0	258.0	258.0	1317,253,2,4	15.8			
3607	339.0	339.0	339.0	142,88,3,2	15.8			
3608	371.0	371.0	371.0	1585,157,3,2	15.8			
3609	91.0	91.0	91.0	1531,387,2,4	15.7			
3610	16.0	16.0	16.0	1789,185,3,2	15.5			
3611	23.0	23.0	23.0	151,693,2,3	15.5			
3612	13.0	13.0	13.0	107,751,4,2	15.3			
3613	338.0	338.0	338.0	1823,189,2,3	15.3			
3614	40.0	40.0	40.0	1742,569,3,2	15.0			
3615	42.0	42.0	42.0	1101,257,4,2	15.0			
3616	18.0	18.0	18.0	1314,893,3,2	14.9			
3617	324.0	324.0	324.0	799,29,2,3	14.9			
3618	365.0	365.0	365.0	1615,959,4,4	14.7			
3619	367.0	367.0	367.0	1445,879,3,2	14.7			
3620	14.0	14.0	14.0	1883,599,3,2	14.5			
3621	29.0	29.0	29.0	894,299,3,2	14.5			
3622	90.0	90.0	90.0	1669,4,2,3	14.5			
3623	238.0	238.0	238.0	1913,155,2,3	14.4			
3624	40.0	40.0	40.0	1310,430,3,3	14.3			
3625	324.0	324.0	324.0	684,1037,3,2	13.5			
3626	40.0	40.0	40.0	1281,734,2,3	13.3			
3627	85.0	85.0	85.0	1839,614,2,3	13.3			
3628	36.0	36.0	36.0	1772,77,3,2	13.2			
3629	66.0	66.0	66.0	1842,201,3,2	13.2			
3630	361.0	361.0	361.0	1244,407,3,2	13.1			
3631	376.0	376.0	376.0	1511,200,2,3	13.1			
3632	63.0	63.0	63.0	0,1051,3,2	12.5			
3633	366.0	366.0	366.0	1682,59,3,2	12.5			
3634	71.0	71.0	71.0	503,401,6,2	12.3			
3635	362.0	362.0	362.0	1884,77,3,2	12.2			
3636	24.0	24.0	24.0	59,0,2,3	11.9			
3637	355.0	355.0	355.0	436,905,3,2	11.5			
3638	35.0	35.0	35.0	1168,3,3,2	11.2			
3639	13.0	13.0	13.0	1887,630,2,3	10.7			
3640	371.0	371.0	371.0	1567,1077,2,3	10.0			
3641	363.0	363.0	363.0	777,1077,2,3	8.9			
