ранг	ранг_в_группе	расстояние	сигнатура	d_ab	d_L	ловушка	d_ловушки	L	a	b	C	цвет_измерен	track	t_best	t0	t1	bbox	score	lat	lon	alt
1	1	1.471	рюкзак-синий	10.3	20.0	порода-в-тени	1.119	18.8	6.0	-5.0	7.8	bbox	0	100.0	100.0	100.0	0,38,149,449	62157.8			
2	2	1.329	стакан-марка-красная	4.2	34.1	порода-охристая	1.855	15.7	14.0	-2.0	14.1	bbox	1	91.0	91.0	91.0	59,403,36,677	18636.4			
3	3	1.742	стакан-марка-красная	12.1	24.3	порода-охристая	1.579	25.5	22.0	6.0	22.8	bbox	2	5.0	5.0	7.0	0,0,153,635	14257.1			
4	4	1.394	стакан-марка-красная	8.5	25.1	снег-розовый	0.524	74.9	3.0	-2.0	3.6	bbox	3	100.0	100.0	100.0	218,827,92,253	12595.8			
5	5	1.515	стакан-марка-красная	8.9	28.6	порода-охристая	1.393	21.2	19.0	5.0	19.6	bbox	4	6.0	6.0	7.0	379,183,142,526	9380.2			
6	6	1.201	стакан-марка-красная	3.2	31.8	порода-охристая	1.145	18.0	12.0	4.0	12.6	bbox	5	71.0	66.0	71.0	0,963,65,81	9219.4			
7	7	1.060	рюкзак-синий	8.0	9.8	снег-в-тени	0.281	48.6	1.0	-6.0	6.1	bbox	6	33.0	33.0	33.0	1683,299,36,432	9007.2			
8	8	1.377	стакан-марка-красная	8.1	26.3	порода-охристая	1.269	23.5	18.0	5.0	18.7	bbox	7	7.0	7.0	8.0	393,0,168,299	8856.2			
9	9	1.645	рюкзак-синий	5.7	41.6	снег-в-тени	1.345	80.4	5.0	-10.0	11.2	bbox	8	100.0	100.0	100.0	365,13,67,84	8785.7			
10	10	1.778	рюкзак-синий	11.0	31.3	порода-в-тени	0.582	7.5	0.0	-3.0	3.0	bbox	9	63.0	63.0	68.0	0,865,131,215	7310.7			
11	11	1.456	рюкзак-синий	8.1	29.4	снег-в-тени	0.771	68.2	0.0	-6.0	6.0	bbox	10	39.0	39.0	39.0	1891,697,29,383	7235.7			
12	12	1.280	стакан-марка-красная	1.0	35.7	порода-охристая	1.626	14.1	11.0	0.0	11.0	bbox	11	101.0	100.0	102.0	474,837,53,112	6409.3			
13	13	1.417	стакан-марка-красная	2.8	38.4	порода-в-тени	1.412	11.4	9.0	-1.0	9.1	bbox	12	101.0	101.0	101.0	59,797,58,38	6404.3			
14	14	1.266	рюкзак-синий	10.0	4.3	порода-в-тени	0.676	34.5	0.0	-4.0	4.0	bbox	13	65.0	65.0	65.0	23,769,84,227	6323.9			
15	15	1.145	рюкзак-синий	8.6	11.0	снег-в-тени	1.010	49.8	8.0	-9.0	12.0	bbox	14	21.0	21.0	21.0	0,0,113,181	6090.4			
16	16	1.605	рюкзак-синий	7.0	37.7	снег-освещённый	0.923	76.5	1.0	-7.0	7.1	bbox	15	34.0	34.0	34.0	1745,662,28,287	5696.2			
17	17	1.579	стакан-марка-красная	2.2	43.5	порода-в-тени	1.470	6.3	9.0	0.0	9.0	bbox	16	91.0	91.0	91.0	33,199,38,198	5633.2			
18	18	1.243	рюкзак-синий	8.1	20.4	порода-в-тени	0.677	18.4	0.0	-6.0	6.0	bbox	17	21.0	19.0	21.0	0,725,76,355	5072.4			
19	19	1.947	рюкзак-синий	6.3	49.8	снег-пересвеченный	1.078	88.6	3.0	-8.0	8.5	bbox	18	101.0	101.0	101.0	647,97,50,52	5056.3			
20	20	0.397	рюкзак-синий	2.8	5.1	снег-в-тени	1.180	33.7	3.0	-16.0	16.3	bbox	19	20.0	20.0	21.0	0,0,65,69	4626.0			
21	21	1.441	рюкзак-синий	11.4	5.9	снег-в-тени	2.128	44.7	8.0	-23.0	24.4	bbox	20	102.0	102.0	102.0	301,637,106,206	4383.7			
22	22	1.525	стакан-марка-красная	6.7	35.7	порода-в-тени	1.365	14.1	8.0	-5.0	9.4	bbox	21	100.0	100.0	100.0	45,835,48,30	4351.0			
23	23	1.189	рюкзак-синий	8.1	17.7	снег-в-тени	0.398	56.5	0.0	-6.0	6.0	bbox	22	71.0	70.0	71.0	105,682,88,177	4215.5			
24	24	0.520	рюкзак-синий	4.1	1.9	снег-в-тени	0.464	36.9	0.0	-10.0	10.0	bbox	23	20.0	20.0	21.0	1685,0,235,65	4193.3			
25	25	1.912	стакан-марка-красная	10.3	39.6	порода-охристая	1.634	10.2	20.0	6.0	20.9	bbox	24	22.0	22.0	22.0	0,0,27,73	4113.2			
26	26	0.806	рюкзак-синий	6.0	8.3	снег-в-тени	0.128	47.1	1.0	-8.0	8.1	bbox	25	6.0	6.0	6.0	119,259,136,98	3971.8			
27	27	0.711	рюкзак-синий	5.1	8.8	снег-в-тени	0.280	47.6	2.0	-9.0	9.2	bbox	26	66.0	66.0	66.0	36,232,19,283	3964.3			
28	28	1.552	стакан-марка-красная	10.3	24.3	порода-охристая	1.367	25.5	20.0	6.0	20.9	bbox	27	7.0	7.0	7.0	75,275,304,84	3749.2			
29	29	1.126	рюкзак-синий	9.0	1.2	снег-в-тени	0.484	40.0	1.0	-5.0	5.1	bbox	28	70.0	66.0	71.0	91,575,76,170	3737.8			
30	30	0.769	рюкзак-синий	6.0	4.7	снег-в-тени	0.197	43.5	1.0	-8.0	8.1	bbox	29	6.0	6.0	7.0	161,709,218,371	3736.3			
31	31	1.661	стакан-марка-красная	10.2	29.8	порода-в-тени	0.375	20.0	1.0	-1.0	1.4	bbox	30	54.0	54.0	55.0	1829,1057,86,23	3636.5			
32	32	1.795	рюкзак-синий	8.1	41.6	снег-пересвеченный	0.724	80.4	0.0	-6.0	6.0	bbox	31	19.0	19.0	19.0	249,133,194,36	3495.1			
33	33	1.684	стакан-марка-красная	11.4	25.1	снег-в-тени	2.015	74.9	14.0	-10.0	17.2	bbox	32	101.0	101.0	101.0	599,35,60,27	3485.9			
34	34	0.926	стакан-марка-красная	3.0	23.7	порода-в-тени	1.642	26.1	11.0	-2.0	11.2	bbox	33	101.0	101.0	102.0	251,205,38,28	3309.1			
35	35	0.561	рюкзак-синий	4.2	5.1	снег-в-тени	1.239	43.9	4.0	-17.0	17.5	bbox	34	100.0	100.0	100.0	243,235,36,30	3208.0			
36	36	0.281	рюкзак-синий	2.2	0.8	снег-в-тени	1.042	39.6	0.0	-16.0	16.0	bbox	35	102.0	101.0	102.0	839,213,222,108	3178.1			
37	37	1.590	стакан-марка-красная	3.2	43.1	порода-в-тени	1.394	6.7	8.0	2.0	8.2	bbox	36	6.0	6.0	6.0	257,113,48,108	3016.6			
38	38	0.651	рюкзак-синий	3.2	14.5	снег-в-тени	1.403	24.3	0.0	-17.0	17.0	bbox	37	6.0	6.0	6.0	93,0,26,229	2992.1			
39	39	1.602	стакан-марка-красная	12.4	11.8	снег-розовый	0.729	61.6	-1.0	4.0	4.1	bbox	38	101.0	101.0	101.0	896,46,47,33	2934.2			
40	40	1.361	стакан-марка-красная	3.2	36.5	порода-охристая	1.683	13.3	14.0	0.0	14.0	bbox	39	102.0	102.0	102.0	41,213,46,106	2653.8			
41	41	2.273	палка-древко-контроль	18.0	9.1	порода-в-тени	1.000	32.5	-8.0	3.0	8.5	bbox	40	101.0	101.0	101.0	217,37,36,51	2500.8			
42	42	0.517	рюкзак-синий	4.1	1.2	снег-в-тени	0.440	37.6	0.0	-10.0	10.0	bbox	41	21.0	19.0	21.0	1700,104,220,68	2490.8			
43	43	1.161	рюкзак-синий	8.0	16.5	снег-в-тени	0.387	55.3	1.0	-6.0	6.1	bbox	42	65.0	65.0	67.0	107,1002,41,78	2477.0			
44	44	1.434	стакан-марка-красная	11.0	11.4	порода-в-тени	0.735	38.4	0.0	1.0	1.0	bbox	43	64.0	64.0	64.0	1359,993,14,87	2418.4			
45	45	1.368	стакан-марка-красная	8.1	25.9	снег-розовый	1.507	75.7	10.0	-7.0	12.2	bbox	44	101.0	101.0	101.0	817,62,40,45	2397.4			
46	46	1.867	палка-древко-контроль	9.2	41.1	снег-пересвеченный	0.531	82.7	-6.0	-6.0	8.5	bbox	45	101.0	101.0	101.0	779,181,34,26	2228.6			
47	47	1.742	стакан-марка-красная	13.9	1.2	снег-в-тени	2.062	48.6	16.0	-12.0	20.0	bbox	46	101.0	101.0	101.0	523,43,38,26	2215.0			
48	48	1.550	стакан-марка-красная	3.2	42.0	порода-в-тени	1.334	7.8	8.0	0.0	8.0	bbox	47	91.0	91.0	91.0	8,129,33,65	2184.2			
49	49	0.796	рюкзак-синий	5.1	13.4	снег-в-тени	1.384	52.2	0.0	-19.0	19.0	bbox	48	102.0	101.0	102.0	691,321,142,86	2170.1			
50	50	0.805	рюкзак-синий	6.0	8.2	снег-в-тени	0.627	30.6	1.0	-8.0	8.1	bbox	49	63.0	63.0	65.0	0,189,31,26	2168.1			
51	51	0.240	рюкзак-синий	1.4	4.5	снег-в-тени	0.645	43.3	0.0	-13.0	13.0	bbox	50	18.0	18.0	18.0	1755,65,12,84	2165.6			
52	52	1.067	рюкзак-синий	5.1	23.9	снег-в-тени	1.475	62.7	0.0	-19.0	19.0	bbox	51	100.0	100.0	100.0	463,117,32,42	2031.4			
53	53	1.796	стакан-марка-красная	11.4	30.6	снег-освещённый	0.280	80.4	0.0	-2.0	2.0	bbox	52	11.0	7.0	14.0	1631,525,22,120	2005.7			
54	54	1.546	стакан-марка-красная	12.4	0.4	снег-в-тени	0.763	49.4	-1.0	-2.0	2.2	bbox	53	66.0	66.0	66.0	19,0,50,39	1994.8			
55	55	0.436	рюкзак-синий	3.0	6.3	снег-в-тени	0.673	32.5	1.0	-11.0	11.0	bbox	54	79.0	79.0	80.0	597,67,102,42	1923.4			
56	56	1.533	стакан-марка-красная	11.2	17.6	порода-в-тени	0.489	32.2	0.0	-1.0	1.0	bbox	55	55.0	55.0	58.0	1885,9,18,46	1905.5			
57	57	1.432	стакан-марка-красная	7.3	31.0	порода-охристая	0.832	18.8	9.0	8.0	12.0	bbox	56	101.0	101.0	101.0	15,227,28,32	1821.2			
58	58	1.079	рюкзак-синий	8.0	11.3	порода-в-тени	0.771	27.5	1.0	-6.0	6.1	bbox	57	69.0	69.0	70.0	205,769,38,90	1747.6			
59	59	0.326	рюкзак-синий	2.2	4.7	снег-в-тени	0.742	34.1	2.0	-12.0	12.2	bbox	58	81.0	81.0	82.0	1073,7,111,38	1678.5			
60	60	1.190	рюкзак-синий	7.1	22.3	порода-в-тени	0.803	16.5	0.0	-7.0	7.0	bbox	59	24.0	24.0	24.0	0,1029,25,51	1672.3			
61	61	1.389	стакан-марка-красная	7.1	30.0	снег-розовый	1.603	79.8	12.0	-6.0	13.4	bbox	60	100.0	100.0	101.0	568,71,25,28	1672.2			
62	62	1.428	палка-древко-контроль	11.4	2.3	снег-в-тени	0.812	43.9	-5.0	-4.0	6.4	bbox	61	91.0	91.0	91.0	315,0,30,17	1636.7			
63	63	1.873	рюкзак-синий	8.0	44.3	снег-пересвеченный	0.776	83.1	1.0	-6.0	6.1	bbox	62	23.0	23.0	23.0	1541,170,18,55	1577.2			
64	64	0.775	рюкзак-синий	5.1	12.3	снег-в-тени	0.811	26.5	2.0	-9.0	9.2	bbox	63	66.0	66.0	66.0	17,49,20,122	1532.2			
65	65	1.478	палка-древко-контроль	8.5	28.6	снег-пересвеченный	0.893	70.2	-5.0	-7.0	8.6	bbox	64	100.0	100.0	100.0	433,125,20,22	1509.7			
66	66	0.948	стакан-марка-красная	7.3	7.4	снег-в-тени	1.026	42.4	4.0	-1.0	4.1	bbox	65	99.0	99.0	99.0	1433,1033,26,24	1488.0			
67	67	1.574	рюкзак-синий	4.0	41.8	снег-пересвеченный	1.133	80.6	1.0	-10.0	10.0	bbox	66	2.0	2.0	2.0	0,491,23,30	1480.3			
68	68	1.261	рюкзак-синий	9.4	12.5	снег-в-тени	1.103	26.3	6.0	-6.0	8.5	bbox	67	6.0	6.0	6.0	456,79,35,60	1438.6			
69	69	1.304	рюкзак-синий	7.0	27.1	снег-в-тени	0.670	65.9	1.0	-7.0	7.1	bbox	68	74.0	74.0	74.0	1799,127,32,46	1431.0			
70	70	0.502	рюкзак-синий	3.6	5.9	снег-в-тени	0.415	44.7	2.0	-10.5	10.7	bbox	69	7.0	6.0	7.0	133,541,20,171	1346.5			
71	71	1.718	рюкзак-синий	8.5	37.7	снег-в-тени	2.088	76.5	4.0	-22.0	22.4	bbox	70	100.0	100.0	100.0	493,83,21,26	1343.7			
72	72	1.701	рюкзак-синий	4.0	45.5	снег-пересвеченный	1.098	84.3	1.0	-10.0	10.0	bbox	71	3.0	3.0	6.0	29,477,20,26	1316.0			
73	73	1.689	рюкзак-синий	12.5	17.7	снег-в-тени	2.319	56.5	7.0	-25.0	26.0	bbox	72	101.0	100.0	101.0	593,185,26,32	1287.7			
74	74	1.461	рюкзак-синий	9.0	26.1	снег-в-тени	0.728	64.9	1.0	-5.0	5.1	bbox	73	31.0	31.0	34.0	783,153,30,26	1270.9			
75	75	1.401	стакан-марка-красная	9.4	21.2	снег-розовый	2.266	71.0	19.0	-4.0	19.4	bbox	74	101.0	101.0	101.0	845,145,16,30	1261.2			
76	76	0.891	рюкзак-синий	7.1	3.1	снег-в-тени	1.700	35.7	2.0	-21.0	21.1	bbox	75	22.0	22.0	23.0	7,393,14,124	1260.1			
77	77	1.791	рюкзак-синий	13.0	20.8	порода-в-тени	0.264	18.0	0.0	-1.0	1.0	bbox	76	76.0	76.0	76.0	1841,1007,24,40	1239.2			
78	78	1.646	стакан-марка-красная	12.2	17.7	снег-освещённый	0.493	67.5	-1.0	-1.0	1.4	bbox	77	11.0	11.0	11.0	1681,629,14,78	1227.4			
79	79	1.199	рюкзак-синий	8.1	18.2	порода-в-тени	0.800	20.6	2.0	-6.0	6.3	bbox	78	69.0	69.0	69.0	177,689,24,64	1225.7			
80	80	0.752	рюкзак-синий	4.1	15.3	снег-в-тени	0.337	54.1	0.0	-10.0	10.0	bbox	79	55.0	53.0	55.0	1867,113,14,112	1221.4			
81	81	1.632	рюкзак-синий	9.1	32.9	порода-в-тени	0.877	5.9	2.0	-5.0	5.4	bbox	80	91.0	91.0	91.0	87,25,82,32	1200.7			
82	82	1.181	рюкзак-синий	8.1	17.2	порода-в-тени	0.674	21.6	0.0	-6.0	6.0	bbox	81	68.0	68.0	68.0	39,731,52,38	1193.1			
83	83	1.248	рюкзак-синий	7.3	23.9	порода-в-тени	0.785	14.9	-1.0	-7.0	7.1	bbox	82	19.0	19.0	23.0	52,139,77,14	1169.3			
84	84	0.453	рюкзак-синий	3.6	1.2	снег-в-тени	1.166	40.0	-1.0	-17.0	17.0	bbox	83	95.0	95.0	95.0	0,9,25,24	1148.7			
85	85	0.928	рюкзак-синий	6.0	15.3	снег-в-тени	0.258	54.1	1.0	-8.0	8.1	bbox	84	5.0	5.0	5.0	214,119,69,37	1130.6			
86	86	1.415	стакан-марка-красная	10.8	12.2	снег-освещённый	0.810	62.0	1.0	-3.0	3.2	bbox	85	30.0	30.0	30.0	611,314,26,23	1127.5			
87	87	1.916	рюкзак-синий	14.0	21.5	снег-в-тени	2.339	17.3	15.0	-15.0	21.2	bbox	86	102.0	102.0	102.0	54,325,15,36	1118.1			
88	88	0.889	рюкзак-синий	6.0	13.4	снег-в-тени	0.200	52.2	1.0	-8.0	8.1	bbox	87	69.0	66.0	70.0	57,131,64,54	1111.4			
89	89	2.178	рюкзак-синий	17.0	13.3	снег-в-тени	2.502	25.5	18.0	-14.0	22.8	bbox	88	22.0	22.0	22.0	164,0,47,61	1108.1			
90	90	0.937	рюкзак-синий	6.3	14.1	снег-в-тени	0.834	24.7	-1.0	-8.0	8.1	bbox	89	11.0	11.0	12.0	644,487,39,33	1099.7			
91	91	1.312	стакан-марка-красная	10.0	10.6	порода-в-тени	0.780	39.2	1.0	0.0	1.0	bbox	90	63.0	61.0	63.0	1367,1035,9,45	1087.4			
92	92	1.548	рюкзак-синий	12.0	10.2	порода-в-тени	0.406	28.6	0.0	-2.0	2.0	bbox	91	22.0	21.0	22.0	1819,275,86,27	1080.3			
93	93	1.330	рюкзак-синий	10.2	10.6	снег-в-тени	0.519	49.4	-1.0	-4.0	4.1	bbox	92	21.0	20.0	21.0	141,462,102,11	1067.9			
94	94	1.742	рюкзак-синий	6.7	42.8	снег-освещённый	1.180	81.6	4.0	-8.0	8.9	bbox	93	6.0	6.0	7.0	477,27,16,36	1056.7			
95	95	0.616	рюкзак-синий	2.8	14.1	снег-в-тени	0.547	52.9	-1.0	-12.0	12.0	bbox	94	34.0	34.0	34.0	1765,471,7,102	1046.4			
96	96	1.008	рюкзак-синий	8.1	0.4	снег-в-тени	0.418	38.4	0.0	-6.0	6.0	bbox	95	102.0	102.0	102.0	423,503,28,18	1034.7			
97	97	1.219	рюкзак-синий	1.0	33.9	снег-в-тени	1.191	72.7	2.0	-14.0	14.1	bbox	96	23.0	23.0	23.0	1545,108,12,58	1026.0			
98	98	0.875	рюкзак-синий	7.0	0.4	снег-в-тени	0.354	39.2	1.0	-7.0	7.1	bbox	97	92.0	91.0	92.0	1113,37,80,26	1018.1			
99	99	1.687	стакан-марка-красная	13.0	12.2	снег-освещённый	0.684	62.0	-2.0	0.0	2.0	bbox	98	79.0	77.0	79.0	1310,0,31,9	1015.7			
100	100	1.393	рюкзак-синий	10.2	15.7	снег-в-тени	0.568	54.5	-1.0	-4.0	4.1	bbox	99	75.0	75.0	75.0	1835,857,22,45	1014.5			
101	101	1.997	стакан-марка-красная	11.0	40.4	порода-в-тени	0.482	9.4	0.0	0.0	0.0	bbox	100	68.0	68.0	68.0	0,1027,25,29	999.0			
102	102	1.563	стакан-марка-красная	9.1	30.2	порода-в-тени	0.516	19.6	2.0	0.0	2.0	bbox	101	60.0	59.0	64.0	1169,335,10,65	990.2			
103	103	0.923	стакан-марка-красная	6.7	10.8	порода-охристая	0.625	39.0	8.0	7.0	10.6	bbox	102	101.0	101.0	102.0	201,159,20,27	983.7			
104	104	0.673	рюкзак-синий	4.1	12.1	снег-в-тени	0.795	26.7	0.0	-10.0	10.0	bbox	103	36.0	35.0	36.0	854,219,42,17	972.5			
105	105	1.217	стакан-марка-красная	9.1	12.5	порода-в-тени	0.792	37.3	2.0	0.0	2.0	bbox	104	31.0	30.0	31.0	1745,731,16,22	972.0			
106	106	1.422	стакан-марка-красная	10.2	17.6	порода-в-тени	0.563	32.2	1.0	-1.0	1.4	bbox	105	68.0	68.0	72.0	1467,466,16,47	965.0			
107	107	0.961	рюкзак-синий	6.0	16.8	снег-в-тени	0.931	22.0	1.0	-8.0	8.1	bbox	106	16.0	15.0	16.0	616,485,15,30	961.4			
108	108	0.970	рюкзак-синий	7.0	11.7	снег-в-тени	0.762	27.1	1.0	-7.0	7.1	bbox	107	46.0	39.0	47.0	1113,0,6,101	945.4			
109	109	1.456	рюкзак-синий	7.0	32.6	снег-в-тени	0.860	71.4	1.0	-7.0	7.1	bbox	108	44.0	41.0	44.0	125,819,30,18	921.8			
110	110	1.310	палка-древко-контроль	9.0	18.8	снег-в-тени	1.125	60.4	-8.0	-6.0	10.0	bbox	109	102.0	102.0	102.0	129,125,8,50	919.4			
111	111	1.263	рюкзак-синий	9.0	16.1	порода-в-тени	0.631	22.7	1.0	-5.0	5.1	bbox	110	58.0	56.0	58.0	1627,1025,11,55	911.4			
112	112	1.686	стакан-марка-красная	3.2	45.9	порода-охристая	1.516	3.9	10.0	4.0	10.8	bbox	111	23.0	23.0	23.0	0,0,17,21	908.8			
113	113	1.147	рюкзак-синий	8.1	15.3	снег-в-тени	0.337	54.1	0.0	-6.0	6.0	bbox	112	67.0	67.0	67.0	57,507,54,56	875.7			
114	114	0.407	рюкзак-синий	3.2	2.8	снег-в-тени	0.503	41.6	2.0	-11.0	11.2	bbox	113	65.0	65.0	70.0	0,0,31,25	874.3			
115	115	1.569	стакан-марка-красная	11.7	15.9	снег-освещённый	0.669	65.7	0.0	-3.0	3.0	bbox	114	75.0	75.0	75.0	1789,1041,22,27	852.6			
116	116	1.439	рюкзак-синий	7.1	31.8	снег-в-тени	0.861	70.6	2.0	-7.0	7.3	bbox	115	59.0	58.0	59.0	187,469,29,22	841.4			
117	117	1.481	стакан-марка-красная	11.2	13.7	снег-освещённый	0.642	63.5	0.0	-1.0	1.0	bbox	116	12.0	12.0	12.0	1644,549,19,76	826.7			
118	118	0.412	рюкзак-синий	2.8	5.9	снег-в-тени	0.527	44.7	-1.0	-12.0	12.0	bbox	117	79.0	79.0	79.0	1613,959,6,66	818.4			
119	119	0.589	рюкзак-синий	3.6	10.6	снег-в-тени	1.133	49.4	-1.0	-17.0	17.0	bbox	118	92.0	91.0	92.0	73,238,24,21	801.6			
120	120	1.720	рюкзак-синий	5.1	44.7	снег-пересвеченный	0.936	83.5	0.0	-9.0	9.0	bbox	119	87.0	87.0	87.0	1489,915,11,41	772.8			
121	121	1.147	рюкзак-синий	8.5	11.7	снег-в-тени	0.928	27.1	4.0	-6.0	7.2	bbox	120	21.0	20.0	21.0	1267,25,16,48	762.5			
122	122	2.004	стакан-марка-красная	12.1	36.9	снег-пересвеченный	0.534	86.7	0.0	-4.0	4.0	bbox	121	44.0	42.0	44.0	931,73,30,16	759.0			
123	123	1.239	стакан-марка-красная	9.1	14.1	порода-в-тени	0.751	35.7	2.0	0.0	2.0	bbox	122	86.0	82.0	86.0	1507,729,26,22	754.7			
124	124	1.317	рюкзак-синий	10.2	9.2	снег-в-тени	0.515	48.0	-1.0	-4.0	4.1	bbox	123	76.0	76.0	76.0	1865,969,28,30	748.8			
125	125	1.144	рюкзак-синий	9.1	4.7	снег-в-тени	0.405	43.5	0.0	-5.0	5.0	bbox	124	96.0	96.0	96.0	1873,441,38,28	745.4			
126	126	0.761	рюкзак-синий	6.1	0.8	снег-в-тени	0.385	39.6	2.0	-8.0	8.2	bbox	125	69.0	65.0	71.0	277,925,20,42	731.5			
127	127	0.761	рюкзак-синий	6.1	0.8	снег-в-тени	0.429	38.0	2.0	-8.0	8.2	bbox	126	71.0	70.0	71.0	197,873,22,40	727.5			
128	128	1.732	стакан-марка-красная	9.0	36.9	порода-в-тени	0.619	12.9	2.0	1.0	2.2	bbox	127	72.0	72.0	72.0	1753,169,26,32	726.1			
129	129	0.546	рюкзак-синий	3.2	10.6	снег-в-тени	1.226	28.2	4.0	-15.0	15.5	bbox	128	20.0	19.0	21.0	91,941,12,82	712.6			
130	130	1.569	стакан-марка-красная	11.2	20.0	порода-в-тени	0.419	29.8	0.0	-1.0	1.0	bbox	129	76.0	76.0	76.0	1795,1029,10,38	708.9			
131	131	0.875	рюкзак-синий	7.0	0.0	снег-в-тени	0.366	38.8	1.0	-7.0	7.1	bbox	130	51.0	51.0	51.0	1675,1064,30,13	699.7			
132	132	0.766	рюкзак-синий	1.0	21.2	снег-в-тени	1.336	17.6	2.0	-14.0	14.1	bbox	131	20.0	19.0	20.0	53,705,14,74	694.5			
133	133	0.354	рюкзак-синий	2.8	0.4	снег-в-тени	1.053	39.2	-1.0	-16.0	16.0	bbox	132	44.0	44.0	44.0	27,0,38,9	692.2			
134	134	1.022	рюкзак-синий	8.1	4.7	снег-в-тени	0.293	43.5	0.0	-6.0	6.0	bbox	133	92.0	92.0	92.0	1057,71,54,24	685.4			
135	135	2.223	стакан-марка-красная	13.0	42.3	порода-в-тени	0.595	7.5	-2.0	2.0	2.8	bbox	134	91.0	91.0	91.0	17,27,16,18	679.4			
136	136	1.193	стакан-марка-красная	9.1	9.8	порода-в-тени	0.862	40.0	2.0	-0.5	2.1	bbox	135	99.0	99.0	99.0	627,0,16,13	673.7			
137	137	0.664	рюкзак-синий	2.0	17.2	снег-в-тени	1.069	21.6	1.0	-12.0	12.0	bbox	136	44.0	44.0	44.0	0,1073,32,7	667.8			
138	138	2.008	стакан-марка-красная	12.1	37.1	снег-пересвеченный	0.532	86.9	0.0	-4.0	4.0	bbox	137	7.0	4.0	8.0	875,885,13,38	664.7			
139	139	1.387	стакан-марка-красная	10.0	16.5	порода-в-тени	0.608	33.3	1.0	0.0	1.0	bbox	138	70.0	70.0	70.0	95,1034,28,21	657.8			
140	140	1.361	рюкзак-синий	10.4	11.2	снег-в-тени	2.014	50.0	7.0	-22.5	23.6	bbox	139	102.0	102.0	102.0	429,887,18,30	650.3			
141	141	0.897	рюкзак-синий	5.1	17.7	снег-в-тени	0.334	56.5	0.0	-9.0	9.0	bbox	140	89.0	89.0	89.0	153,0,26,17	640.8			
142	142	1.377	рюкзак-синий	11.0	2.0	снег-в-тени	2.143	40.8	1.0	-25.0	25.0	bbox	141	100.0	100.0	100.0	213,305,12,22	632.6			
143	143	1.804	стакан-марка-красная	14.1	10.0	снег-освещённый	0.800	59.8	-3.0	-1.0	3.2	bbox	142	23.0	23.0	23.0	465,467,40,6	621.9			
144	144	1.165	рюкзак-синий	6.1	24.7	снег-в-тени	0.615	63.5	2.0	-8.0	8.2	bbox	143	76.0	76.0	76.0	1851,889,18,30	620.4			
145	145	1.493	рюкзак-синий	2.0	41.2	снег-в-тени	1.423	80.0	3.0	-14.0	14.3	bbox	144	23.0	22.0	23.0	1351,55,48,10	616.8			
146	146	0.356	рюкзак-синий	2.0	7.1	снег-в-тени	1.010	45.9	1.0	-16.0	16.0	bbox	145	90.0	84.0	90.0	1897,159,23,18	608.6			
147	147	1.394	стакан-марка-красная	11.0	5.3	порода-в-тени	0.905	44.5	0.0	0.0	0.0	bbox	146	56.0	56.0	58.0	1812,929,17,28	602.0			
148	148	1.235	рюкзак-синий	9.0	14.3	порода-в-тени	0.642	24.5	1.0	-5.0	5.1	bbox	147	34.0	34.0	34.0	1386,806,18,17	597.5			
149	149	0.055	палка-древко-контроль	0.0	1.5	снег-в-тени	1.339	43.1	-8.0	-15.0	17.0	bbox	148	100.0	100.0	100.0	469,495,14,26	593.9			
150	150	1.539	рюкзак-синий	12.2	6.7	снег-в-тени	0.765	45.5	-1.0	-2.0	2.2	bbox	149	92.0	92.0	93.0	1271,5,52,10	591.2			
151	151	1.282	стакан-марка-красная	10.2	3.9	снег-в-тени	0.887	45.9	1.0	-1.0	1.4	bbox	150	82.0	82.0	82.0	1667,753,6,51	587.3			
152	152	1.396	рюкзак-синий	6.0	33.0	снег-в-тени	0.865	71.8	1.0	-8.0	8.1	bbox	151	34.0	34.0	34.0	0,687,63,26	580.0			
153	153	2.271	стакан-марка-красная	11.7	48.6	снег-пересвеченный	0.573	98.4	0.0	-3.0	3.0	bbox	152	88.0	88.0	90.0	1402,1063,22,17	578.6			
154	154	1.574	рюкзак-синий	12.4	8.3	снег-в-тени	0.791	47.1	-2.0	-2.0	2.8	bbox	153	23.0	22.0	23.0	511,469,54,6	578.4			
155	155	1.789	стакан-марка-красная	14.0	9.8	порода-в-тени	0.722	40.0	-3.0	0.0	3.0	bbox	154	100.0	100.0	100.0	838,333,13,16	576.1			
156	156	0.574	рюкзак-синий	4.0	7.9	снег-в-тени	0.282	46.7	1.0	-10.0	10.0	bbox	155	3.0	3.0	3.0	1763,56,14,43	573.2			
157	157	1.213	рюкзак-синий	6.0	26.7	снег-в-тени	0.644	65.5	1.0	-8.0	8.1	bbox	156	71.0	71.0	71.0	105,197,34,38	570.3			
158	158	1.869	стакан-марка-красная	11.7	32.6	снег-освещённый	0.399	82.4	0.0	-3.0	3.0	bbox	157	81.0	80.0	81.0	1542,409,22,21	567.4			
159	159	2.275	стакан-марка-красная	14.4	38.8	порода-в-тени	0.776	11.0	-3.0	4.5	5.4	bbox	158	7.0	6.0	7.0	81,855,13,16	562.0			
160	160	1.768	рюкзак-синий	8.0	40.8	снег-освещённый	0.792	79.6	1.0	-6.0	6.1	bbox	159	36.0	36.0	37.0	41,296,23,24	555.1			
161	161	1.230	рюкзак-синий	4.6	30.4	снег-в-тени	1.498	69.2	4.0	-17.5	18.0	bbox	160	23.0	20.0	23.0	1245,77,42,10	549.2			
162	162	1.669	рюкзак-синий	13.3	1.6	порода-в-тени	0.714	40.4	-2.0	-1.0	2.2	bbox	161	92.0	92.0	93.0	1209,19,46,8	542.7			
163	163	2.045	стакан-марка-красная	11.7	40.0	снег-пересвеченный	0.501	89.8	0.0	-3.0	3.0	bbox	162	24.0	24.0	24.0	161,216,23,12	539.9			
164	164	1.070	рюкзак-синий	7.0	17.2	порода-в-тени	0.840	21.6	1.0	-7.0	7.1	bbox	163	68.0	66.0	69.0	1433,948,10,25	539.3			
165	165	2.299	стакан-марка-красная	15.2	36.1	порода-в-тени	1.036	13.7	-3.0	7.0	7.6	bbox	164	66.0	66.0	71.0	176,867,13,13	525.9			
166	166	1.017	рюкзак-синий	8.0	5.1	снег-в-тени	0.312	43.9	1.0	-6.0	6.1	bbox	165	74.0	74.0	74.0	539,191,20,31	522.6			
167	167	0.616	рюкзак-синий	4.1	9.4	снег-в-тени	0.729	48.2	-3.0	-13.0	13.3	bbox	166	100.0	100.0	100.0	223,83,18,20	517.9			
168	168	1.322	рюкзак-синий	10.2	9.8	снег-в-тени	0.516	48.6	-1.0	-4.0	4.1	bbox	167	70.0	70.0	70.0	45,207,34,25	516.5			
169	169	0.731	рюкзак-синий	5.1	10.0	снег-в-тени	0.282	48.8	2.0	-9.0	9.2	bbox	168	71.0	68.0	71.0	235,21,34,34	514.3			
170	170	1.455	стакан-марка-красная	3.2	39.2	порода-в-тени	1.304	10.6	8.0	0.0	8.0	bbox	169	89.0	89.0	89.0	1889,228,16,13	504.8			
171	171	1.421	стакан-марка-красная	11.0	9.4	порода-в-тени	0.844	40.4	0.0	2.0	2.0	bbox	170	56.0	56.0	58.0	1828,1035,11,22	504.3			
172	172	1.400	стакан-марка-красная	10.0	17.6	порода-в-тени	0.616	32.2	1.0	1.0	1.4	bbox	171	82.0	80.0	82.0	1727,193,14,15	500.9			
173	173	1.339	рюкзак-синий	9.8	14.7	снег-в-тени	1.987	53.5	5.0	-23.0	23.5	bbox	172	22.0	22.0	23.0	1265,223,36,6	500.7			
174	174	1.578	стакан-марка-красная	12.2	11.8	снег-освещённый	0.698	61.6	-1.0	-1.0	1.4	bbox	173	44.0	44.0	44.0	881,139,36,8	495.3			
175	175	1.398	рюкзак-синий	11.2	0.8	порода-в-тени	0.689	38.0	-1.0	-3.0	3.2	bbox	174	69.0	69.0	69.0	0,309,21,22	493.5			
176	176	1.810	стакан-марка-красная	13.0	22.3	порода-в-тени	0.919	27.5	-1.0	6.0	6.1	bbox	175	46.0	46.0	46.0	1883,121,22,16	492.1			
177	177	2.244	стакан-марка-красная	16.6	23.5	снег-в-тени	2.689	26.3	20.0	-13.0	23.9	bbox	176	22.0	22.0	22.0	0,165,23,28	491.0			
178	178	1.293	рюкзак-синий	10.0	8.6	порода-в-тени	0.571	30.2	0.0	-4.0	4.0	bbox	177	16.0	13.0	16.0	1803,623,15,43	485.7			
179	179	1.856	стакан-марка-красная	11.7	32.2	снег-освещённый	0.674	82.0	1.0	-5.0	5.1	bbox	178	18.0	18.0	18.0	1734,178,15,21	483.1			
180	180	0.997	рюкзак-синий	4.5	23.1	порода-в-тени	1.144	15.7	-1.0	-10.0	10.0	bbox	179	52.0	52.0	52.0	1687,1010,12,46	479.0			
181	181	2.273	стакан-марка-красная	14.3	39.2	порода-в-тени	0.727	10.6	-3.0	4.0	5.0	bbox	180	23.0	23.0	23.0	95,865,12,15	478.1			
182	182	0.860	рюкзак-синий	1.4	23.6	снег-в-тени	0.850	62.4	2.0	-13.0	13.2	bbox	181	8.0	8.0	8.0	160,88,61,19	474.7			
183	183	1.743	стакан-марка-красная	12.4	22.6	снег-освещённый	0.392	72.4	-1.0	-2.0	2.2	bbox	182	11.0	11.0	12.0	905,989,50,18	473.2			
184	184	1.554	стакан-марка-красная	12.0	11.4	порода-в-тени	0.702	38.4	-1.0	1.0	1.4	bbox	183	45.0	45.0	45.0	791,489,6,56	472.1			
185	185	0.631	рюкзак-синий	4.1	10.2	снег-в-тени	0.729	28.6	0.0	-10.0	10.0	bbox	184	67.0	67.0	67.0	0,79,11,26	470.0			
186	186	1.241	стакан-марка-красная	3.2	32.9	порода-в-тени	1.263	16.9	8.0	0.0	8.0	bbox	185	100.0	100.0	100.0	146,414,15,42	463.7			
187	187	1.631	стакан-марка-красная	13.0	1.6	корка-жёлтая-на-скале	0.884	51.4	0.0	8.0	8.0	bbox	186	100.0	100.0	100.0	706,263,13,10	462.2			
188	188	0.216	рюкзак-синий	1.0	4.9	снег-в-тени	0.764	43.7	0.0	-14.0	14.0	bbox	187	18.0	18.0	18.0	1753,253,8,24	460.5			
189	189	0.912	рюкзак-синий	2.8	23.6	снег-в-тени	1.188	62.4	3.0	-16.0	16.3	bbox	188	91.0	91.0	91.0	485,233,18,14	460.4			
190	190	2.050	стакан-марка-красная	10.8	43.1	снег-пересвеченный	0.795	92.9	2.0	-5.0	5.4	bbox	189	33.0	32.0	33.0	1653,399,23,14	451.1			
191	191	0.534	рюкзак-синий	1.0	14.5	снег-в-тени	0.667	53.3	1.0	-13.0	13.0	bbox	190	83.0	83.0	83.0	1579,463,6,32	436.8			
192	192	1.431	стакан-марка-красная	2.8	38.8	порода-в-тени	1.416	11.0	9.0	-1.0	9.1	bbox	191	94.0	94.0	94.0	1813,53,8,18	436.6			
193	193	1.917	рюкзак-синий	13.0	28.3	снег-в-тени	2.473	67.1	0.0	-27.0	27.0	bbox	192	102.0	102.0	102.0	927,377,18,16	436.0			
194	194	1.046	рюкзак-синий	7.0	16.1	порода-в-тени	0.843	22.7	1.0	-7.0	7.1	bbox	193	16.0	16.0	16.0	1687,1045,12,16	433.9			
195	195	1.156	рюкзак-синий	8.5	12.7	порода-в-тени	0.706	26.1	1.0	-5.5	5.6	bbox	194	64.0	64.0	64.0	1367,904,8,17	433.3			
196	196	1.644	рюкзак-синий	5.0	42.6	снег-пересвеченный	0.968	81.4	-2.0	-10.0	10.2	bbox	195	46.0	46.0	46.0	133,799,10,18	429.2			
197	197	0.705	рюкзак-синий	2.8	17.1	снег-в-тени	0.591	55.9	-1.0	-12.0	12.0	bbox	196	50.0	49.0	51.0	1859,457,10,32	428.7			
198	198	1.499	рюкзак-синий	11.4	13.0	снег-в-тени	0.688	51.8	-2.0	-3.0	3.6	bbox	197	27.0	27.0	29.0	359,175,52,8	428.6			
199	199	0.970	рюкзак-синий	6.1	16.9	снег-в-тени	0.282	55.7	0.0	-8.0	8.0	bbox	198	55.0	53.0	55.0	1875,57,6,32	427.5			
200	200	1.008	рюкзак-синий	8.1	0.8	снег-в-тени	0.385	39.6	0.0	-6.0	6.0	bbox	199	59.0	59.0	59.0	110,506,17,18	423.8			
201	201	1.047	рюкзак-синий	7.3	14.5	порода-в-тени	0.773	24.3	-1.0	-7.0	7.1	bbox	200	16.0	16.0	16.0	1914,343,6,22	423.4			
202	202	0.772	рюкзак-синий	5.4	10.6	снег-в-тени	0.721	28.2	-1.0	-9.0	9.1	bbox	201	67.0	67.0	69.0	51,0,10,17	422.9			
203	203	1.894	стакан-марка-красная	11.4	34.9	снег-освещённый	0.850	84.7	2.0	-6.0	6.3	bbox	202	37.0	37.0	37.0	40,253,13,15	420.4			
204	204	1.918	стакан-марка-красная	11.7	34.9	снег-освещённый	0.687	84.7	1.0	-5.0	5.1	bbox	203	83.0	83.0	83.0	1385,697,27,26	414.8			
205	205	1.571	стакан-марка-красная	12.0	12.6	снег-освещённый	0.659	62.4	-1.0	0.0	1.0	bbox	204	12.0	12.0	12.0	1687,655,10,30	410.5			
206	206	1.716	рюкзак-синий	13.6	6.4	снег-в-тени	2.467	32.4	9.0	-25.0	26.6	bbox	205	22.0	22.0	24.0	43,880,4,30	404.6			
207	207	2.257	стакан-марка-красная	12.5	45.5	снег-пересвеченный	0.584	95.3	0.0	-5.0	5.0	bbox	206	88.0	84.0	88.0	1238,1014,20,19	400.2			
208	208	1.920	рюкзак-синий	10.2	40.2	снег-освещённый	0.504	79.0	-1.0	-4.0	4.1	bbox	207	80.0	79.0	81.0	650,546,18,14	398.7			
209	209	1.648	стакан-марка-красная	12.0	18.8	порода-в-тени	0.547	31.0	-1.0	2.0	2.2	bbox	208	21.0	21.0	21.0	1895,0,8,35	396.5			
210	210	1.259	стакан-марка-красная	10.0	2.3	снег-в-тени	1.008	47.5	1.0	0.0	1.0	bbox	209	69.0	68.0	71.0	1495,217,12,30	394.1			
211	211	0.884	рюкзак-синий	7.0	3.5	снег-в-тени	0.480	35.3	1.0	-7.0	7.1	bbox	210	74.0	74.0	74.0	1137,180,11,15	390.7			
212	212	0.812	рюкзак-синий	5.1	14.1	снег-в-тени	0.834	24.7	0.0	-9.0	9.0	bbox	211	79.0	79.0	83.0	573,806,15,11	387.6			
213	213	1.011	рюкзак-синий	3.2	26.1	порода-в-тени	1.304	12.7	0.0	-11.0	11.0	bbox	212	52.0	52.0	52.0	1728,939,11,32	386.9			
214	214	1.354	стакан-марка-красная	10.0	14.1	порода-в-тени	0.761	35.7	1.0	2.0	2.2	bbox	213	80.0	80.0	80.0	1606,249,13,9	386.3			
215	215	1.642	рюкзак-синий	11.2	24.1	снег-освещённый	0.740	62.9	-1.0	-3.0	3.2	bbox	214	71.0	65.0	74.0	191,189,29,24	385.0			
216	216	1.176	рюкзак-синий	5.1	27.7	снег-в-тени	0.723	66.5	2.0	-9.0	9.2	bbox	215	42.0	42.0	44.0	189,473,20,30	384.4			
217	217	0.502	рюкзак-синий	3.2	8.7	снег-в-тени	0.451	47.5	2.0	-11.0	11.2	bbox	216	5.0	5.0	5.0	401,25,30,18	382.5			
218	218	1.506	стакан-марка-красная	11.2	15.7	порода-в-тени	0.550	34.1	0.0	-1.0	1.0	bbox	217	52.0	52.0	52.0	1703,893,22,10	380.5			
219	219	0.880	рюкзак-синий	3.6	21.2	снег-в-тени	1.200	17.6	3.0	-11.0	11.4	bbox	218	68.0	68.0	68.0	0,701,17,12	380.4			
220	220	0.686	рюкзак-синий	3.2	15.7	снег-в-тени	0.445	54.5	0.0	-11.0	11.0	bbox	219	5.0	5.0	5.0	1423,717,5,53	380.2			
221	221	0.781	рюкзак-синий	5.0	13.1	снег-в-тени	0.809	25.7	1.0	-9.0	9.1	bbox	220	80.0	80.0	80.0	53,427,18,14	379.1			
222	222	1.127	рюкзак-синий	6.1	23.3	порода-в-тени	0.927	15.5	0.0	-8.0	8.0	bbox	221	21.0	20.0	21.0	0,511,23,8	375.8			
223	223	1.435	крышка-контроль	11.4	4.7	порода-в-тени	1.677	47.1	-13.0	-2.0	13.2	bbox	222	99.0	99.0	99.0	809,293,10,10	375.6			
224	224	1.670	палка-древко-контроль	13.2	8.2	снег-в-тени	1.063	49.8	-6.0	-2.0	6.3	bbox	223	102.0	102.0	102.0	275,147,9,33	372.4			
225	225	1.929	стакан-марка-красная	13.2	28.2	снег-освещённый	0.202	78.0	-2.0	-1.0	2.2	bbox	224	19.0	19.0	23.0	474,125,34,6	371.2			
226	226	0.657	рюкзак-синий	4.1	11.4	снег-в-тени	0.264	50.2	0.0	-10.0	10.0	bbox	225	49.0	49.0	50.0	1403,639,4,32	368.2			
227	227	0.832	рюкзак-синий	6.1	9.4	снег-в-тени	0.250	48.2	2.0	-8.0	8.2	bbox	226	76.0	75.0	76.0	1371,499,28,46	361.6			
228	228	0.840	рюкзак-синий	5.0	15.7	снег-в-тени	0.298	54.5	1.0	-9.0	9.1	bbox	227	49.0	49.0	51.0	1425,283,5,38	359.3			
229	229	1.346	рюкзак-синий	7.0	28.7	снег-в-тени	0.724	67.5	1.0	-7.0	7.1	bbox	228	41.0	41.0	44.0	493,265,29,28	359.1			
230	230	1.615	рюкзак-синий	8.1	35.3	снег-освещённый	0.797	74.1	0.0	-6.0	6.0	bbox	229	86.0	84.0	86.0	1067,576,28,31	358.8			
231	231	1.534	палка-древко-контроль	12.0	9.0	снег-в-тени	1.183	50.6	-8.0	-3.0	8.5	bbox	230	99.0	99.0	99.0	415,0,12,9	358.3			
232	232	1.687	рюкзак-синий	12.6	16.5	снег-в-тени	0.880	55.3	-3.0	-2.0	3.6	bbox	231	27.0	27.0	29.0	273,167,46,6	353.2			
233	233	1.547	стакан-марка-красная	12.4	1.6	снег-в-тени	0.761	48.2	-1.0	-2.0	2.2	bbox	232	65.0	65.0	70.0	111,51,28,14	352.9			
234	234	1.870	стакан-марка-красная	13.4	23.1	порода-в-тени	1.032	26.7	-1.0	7.0	7.1	bbox	233	71.0	71.0	71.0	23,947,10,14	350.3			
235	235	0.588	рюкзак-синий	2.8	13.2	снег-в-тени	0.536	52.0	-1.0	-12.0	12.0	bbox	234	55.0	53.0	55.0	1863,377,6,30	346.4			
236	236	1.537	стакан-марка-красная	11.0	19.2	порода-в-тени	0.507	30.6	0.0	1.0	1.0	bbox	235	61.0	61.0	63.0	1535,973,15,13	346.4			
237	237	1.828	стакан-марка-красная	11.0	33.5	порода-в-тени	0.316	16.3	0.0	0.0	0.0	bbox	236	42.0	41.0	43.0	1097,1035,4,40	343.6			
238	238	1.411	стакан-марка-красная	11.0	8.8	порода-в-тени	0.816	41.0	0.0	1.0	1.0	bbox	237	81.0	81.0	81.0	1691,211,12,9	341.7			
239	239	0.997	рюкзак-синий	7.1	12.9	снег-в-тени	0.793	25.9	0.0	-7.0	7.0	bbox	238	12.0	11.0	12.0	738,619,9,14	338.5			
240	240	0.517	рюкзак-синий	3.6	7.1	снег-в-тени	1.120	45.9	4.0	-16.0	16.5	bbox	239	25.0	25.0	25.0	1905,1069,15,11	336.9			
241	241	0.821	рюкзак-синий	5.1	14.5	снег-в-тени	0.848	24.3	0.0	-9.0	9.0	bbox	240	77.0	77.0	77.0	13,830,15,11	335.8			
242	242	1.670	рюкзак-синий	12.4	17.7	снег-в-тени	0.849	56.5	-2.0	-2.0	2.8	bbox	241	1.0	1.0	1.0	933,329,28,10	333.1			
243	243	0.797	рюкзак-синий	6.1	6.7	снег-в-тени	0.082	45.5	0.0	-8.0	8.0	bbox	242	3.0	3.0	5.0	889,881,17,10	332.3			
244	244	1.512	стакан-марка-красная	11.0	17.3	снег-освещённый	0.506	67.1	0.0	0.0	0.0	bbox	243	63.0	63.0	63.0	89,865,10,10	329.7			
245	245	1.538	стакан-марка-красная	12.0	8.8	порода-в-тени	0.756	41.0	-1.0	0.0	1.0	bbox	244	22.0	22.0	23.0	235,1029,8,16	328.4			
246	246	1.552	рюкзак-синий	3.6	41.6	снег-пересвеченный	1.129	80.4	-1.0	-11.0	11.0	bbox	245	85.0	85.0	85.0	1539,1051,5,29	327.7			
247	247	0.993	рюкзак-синий	4.5	23.0	снег-в-тени	1.280	61.8	5.0	-16.0	16.8	bbox	246	5.0	3.0	5.0	539,101,22,6	327.5			
248	248	0.584	рюкзак-синий	4.5	4.7	снег-в-тени	0.318	43.5	-1.0	-10.0	10.0	bbox	247	0.0	0.0	0.0	771,359,20,11	326.0			
249	249	0.594	рюкзак-синий	4.1	8.3	снег-в-тени	0.251	47.1	0.0	-10.0	10.0	bbox	248	77.0	77.0	77.0	1677,681,6,26	325.7			
250	250	0.820	рюкзак-синий	5.0	14.9	снег-в-тени	0.871	23.9	1.0	-9.0	9.1	bbox	249	68.0	63.0	72.0	1429,1011,7,22	322.2			
251	251	0.420	рюкзак-синий	2.0	9.4	снег-в-тени	0.761	48.2	-1.0	-14.0	14.0	bbox	250	33.0	33.0	33.0	1717,195,6,28	322.0			
252	252	1.750	стакан-марка-красная	11.4	28.4	порода-в-тени	0.674	21.4	0.0	4.0	4.0	bbox	251	6.0	6.0	6.0	263,0,6,21	319.1			
253	253	1.808	рюкзак-синий	8.2	41.6	снег-пересвеченный	0.644	80.4	-1.0	-6.0	6.1	bbox	252	2.0	2.0	2.0	289,893,9,17	317.7			
254	254	1.689	стакан-марка-красная	11.0	27.4	порода-в-тени	0.360	22.4	0.0	1.0	1.0	bbox	253	73.0	73.0	73.0	1889,971,4,20	315.5			
255	255	1.281	рюкзак-синий	10.0	7.1	снег-в-тени	0.505	45.9	0.0	-4.0	4.0	bbox	254	68.0	68.0	71.0	285,51,22,16	312.9			
256	256	1.854	рюкзак-синий	8.2	43.2	снег-пересвеченный	0.614	82.0	-1.0	-6.0	6.1	bbox	255	18.0	18.0	18.0	155,106,14,13	312.1			
257	257	0.376	рюкзак-синий	3.0	0.8	снег-в-тени	0.527	38.0	1.0	-11.0	11.0	bbox	256	72.0	69.0	72.0	1677,715,10,30	311.9			
258	258	1.419	рюкзак-синий	3.6	37.7	снег-в-тени	1.098	76.5	-1.0	-11.0	11.0	bbox	257	3.0	3.0	3.0	122,193,15,10	311.5			
259	259	0.799	рюкзак-синий	6.3	3.2	снег-в-тени	0.243	42.0	-1.0	-8.0	8.1	bbox	258	43.0	43.0	43.0	17,0,16,9	308.2			
260	260	0.656	рюкзак-синий	5.1	4.3	снег-в-тени	0.325	43.1	2.0	-9.0	9.2	bbox	259	41.0	41.0	41.0	109,525,20,26	307.9			
261	261	1.655	рюкзак-синий	5.1	42.8	снег-пересвеченный	0.957	81.6	0.0	-9.0	9.0	bbox	260	2.0	2.0	2.0	0,457,7,23	305.5			
262	262	1.108	рюкзак-синий	7.0	19.0	снег-в-тени	0.400	57.8	1.0	-7.0	7.1	bbox	261	17.0	17.0	17.0	174,985,15,14	303.0			
263	263	1.448	рюкзак-синий	11.2	10.6	снег-в-тени	0.640	49.4	-1.0	-3.0	3.2	bbox	262	66.0	66.0	72.0	217,11,24,14	303.0			
264	264	1.020	рюкзак-синий	2.2	27.5	снег-в-тени	1.224	66.3	2.0	-16.0	16.1	bbox	263	11.0	11.0	11.0	1815,145,12,21	301.0			
265	265	1.409	стакан-марка-красная	10.0	17.8	порода-в-тени	0.572	32.0	1.0	0.0	1.0	bbox	264	79.0	79.0	79.0	1643,355,12,8	299.3			
266	266	1.592	стакан-марка-красная	12.4	10.6	снег-освещённый	0.771	60.4	-1.0	-2.0	2.2	bbox	265	21.0	20.0	21.0	295,465,24,8	298.3			
267	267	1.593	стакан-марка-красная	12.2	13.3	порода-в-тени	0.587	36.5	-1.0	-1.0	1.4	bbox	266	67.0	67.0	67.0	445,789,8,16	296.6			
268	268	1.579	рюкзак-синий	10.0	27.0	порода-в-тени	0.613	11.8	1.0	-4.0	4.1	bbox	267	37.0	37.0	38.0	626,873,12,11	296.5			
269	269	1.645	рюкзак-синий	12.5	14.1	снег-в-тени	2.442	24.7	7.0	-25.0	26.0	bbox	268	22.0	22.0	22.0	3,348,6,33	295.1			
270	270	1.399	стакан-марка-красная	11.2	1.6	снег-в-тени	0.875	48.2	0.0	-1.0	1.0	bbox	269	96.0	96.0	96.0	1815,515,12,12	292.9			
271	271	1.510	стакан-марка-красная	10.0	23.7	порода-в-тени	0.494	26.1	1.0	1.0	1.4	bbox	270	78.0	78.0	78.0	1483,625,10,10	292.0			
272	272	1.406	стакан-марка-красная	11.0	8.2	порода-в-тени	0.835	41.6	0.0	1.0	1.0	bbox	271	73.0	73.0	73.0	1881,857,8,16	289.1			
273	273	1.860	стакан-марка-красная	11.0	34.9	порода-в-тени	0.342	14.9	0.0	0.0	0.0	bbox	272	75.0	75.0	75.0	99,199,14,6	289.1			
274	274	1.673	рюкзак-синий	12.4	17.9	снег-в-тени	0.852	56.7	-2.0	-2.0	2.8	bbox	273	27.0	27.0	27.0	563,207,28,8	287.2			
275	275	1.235	рюкзак-синий	5.0	29.8	снег-в-тени	0.765	68.6	1.0	-9.0	9.1	bbox	274	34.0	34.0	34.0	130,642,22,17	287.1			
276	276	1.481	рюкзак-синий	11.7	7.1	снег-в-тени	0.702	45.9	-1.0	-2.5	2.7	bbox	275	14.0	13.0	14.0	1191,231,20,10	286.3			
277	277	1.563	стакан-марка-красная	11.2	19.6	порода-в-тени	0.430	30.2	0.0	-1.0	1.0	bbox	276	21.0	21.0	21.0	1663,43,16,31	285.9			
278	278	1.604	рюкзак-синий	12.4	12.0	снег-в-тени	0.798	50.8	-2.0	-2.0	2.8	bbox	277	83.0	83.0	83.0	849,51,26,10	283.0			
279	279	0.699	рюкзак-синий	2.8	16.9	снег-в-тени	0.587	55.7	-1.0	-12.0	12.0	bbox	278	90.0	84.0	90.0	1809,77,12,12	281.0			
280	280	0.881	рюкзак-синий	4.6	18.7	снег-в-тени	0.465	57.5	2.0	-9.5	9.7	bbox	279	68.0	67.0	69.0	23,195,18,14	280.5			
281	281	2.198	стакан-марка-красная	12.4	43.7	снег-пересвеченный	0.409	93.5	-1.0	-2.0	2.2	bbox	280	5.0	4.0	9.0	533,838,6,19	279.7			
282	282	1.209	палка-древко-бирюзовое	4.1	30.6	снег-пересвеченный	1.975	83.1	-11.0	-17.0	20.2	bbox	281	102.0	102.0	102.0	917,371,12,12	279.6			
283	283	1.406	стакан-марка-красная	11.0	8.2	порода-в-тени	0.835	41.6	0.0	1.0	1.0	bbox	282	45.0	45.0	45.0	791,561,4,32	278.9			
284	284	1.585	стакан-марка-красная	10.0	27.1	порода-в-тени	0.404	22.7	1.0	0.0	1.0	bbox	283	59.0	59.0	59.0	842,636,4,28	277.9			
285	285	0.839	рюкзак-синий	5.0	15.7	снег-в-тени	1.609	23.1	4.0	-18.0	18.4	bbox	284	20.0	20.0	20.0	5,438,7,31	277.4			
286	286	1.555	рюкзак-синий	10.2	24.9	снег-в-тени	0.768	63.7	-1.0	-4.0	4.1	bbox	285	44.0	42.0	44.0	465,401,24,16	276.9			
287	287	1.033	рюкзак-синий	5.4	21.9	порода-в-тени	1.016	16.9	-1.0	-9.0	9.1	bbox	286	52.0	52.0	52.0	375,1041,22,8	269.7			
288	288	1.442	стакан-марка-красная	11.0	12.2	порода-в-тени	0.710	37.6	0.0	1.0	1.0	bbox	287	45.0	44.0	45.0	789,273,3,32	268.7			
289	289	0.861	рюкзак-синий	2.8	22.0	снег-в-тени	0.693	60.8	-1.0	-12.0	12.0	bbox	288	34.0	34.0	34.0	1753,954,6,15	268.5			
290	290	1.021	рюкзак-синий	7.8	8.4	снег-в-тени	1.789	30.4	6.0	-20.0	20.9	bbox	289	20.0	20.0	20.0	33,589,6,28	266.0			
291	291	1.908	стакан-марка-красная	11.0	36.9	порода-в-тени	0.386	12.9	0.0	0.0	0.0	bbox	290	75.0	75.0	75.0	161,265,14,6	263.8			
292	292	1.306	стакан-марка-красная	10.0	10.6	порода-в-тени	0.809	39.2	1.0	1.0	1.4	bbox	291	85.0	85.0	85.0	1585,471,12,7	263.7			
293	293	1.170	рюкзак-синий	8.5	13.4	снег-в-тени	0.386	52.2	-2.0	-6.0	6.3	bbox	292	89.0	89.0	89.0	0,81,19,11	262.7			
294	294	1.353	рюкзак-синий	9.1	20.8	порода-в-тени	0.565	18.0	0.0	-5.0	5.0	bbox	293	93.0	93.0	93.0	1792,924,10,10	262.3			
295	295	1.345	стакан-марка-красная	9.2	19.4	порода-в-тени	0.614	30.4	2.0	-1.0	2.2	bbox	294	77.0	76.0	77.0	1695,461,12,11	260.2			
296	296	2.121	стакан-марка-красная	11.7	43.1	снег-пересвеченный	0.678	92.9	1.0	-5.0	5.1	bbox	295	23.0	23.0	23.0	1502,285,6,20	257.8			
297	297	1.520	рюкзак-синий	5.1	38.7	снег-в-тени	1.095	77.5	2.0	-9.0	9.2	bbox	296	60.0	60.0	60.0	969,341,16,18	257.6			
298	298	1.490	стакан-марка-красная	11.0	15.7	снег-розовый	0.559	65.5	0.0	0.0	0.0	bbox	297	43.0	43.0	43.0	131,801,8,14	257.5			
299	299	1.777	стакан-марка-красная	14.0	7.8	порода-в-тени	0.866	42.0	-3.0	2.0	3.6	bbox	298	45.0	45.0	45.0	805,1035,2,38	255.7			
300	300	0.735	рюкзак-синий	4.5	13.4	снег-в-тени	0.320	52.2	-1.0	-10.0	10.0	bbox	299	56.0	56.0	57.0	1821,183,3,26	255.0			
301	301	1.630	стакан-марка-красная	13.0	0.8	порода-в-тени	1.030	49.0	-2.0	0.0	2.0	bbox	300	78.0	77.0	78.0	1034,11,17,18	254.5			
302	302	0.661	рюкзак-синий	3.6	13.6	снег-в-тени	0.726	52.4	4.0	-12.0	12.6	bbox	301	43.0	42.0	46.0	789,143,30,11	253.8			
303	303	1.553	стакан-марка-красная	12.4	4.1	снег-в-тени	0.791	53.9	-1.0	-2.0	2.2	bbox	302	31.0	30.0	34.0	811,187,14,6	253.4			
304	304	0.614	рюкзак-синий	2.2	15.3	снег-в-тени	0.549	54.1	0.0	-12.0	12.0	bbox	303	54.0	53.0	58.0	1847,305,5,26	253.4			
305	305	0.654	рюкзак-синий	2.5	16.1	снег-в-тени	0.722	54.9	3.0	-12.5	12.9	bbox	304	7.0	5.0	7.0	701,133,14,10	252.5			
306	306	2.046	стакан-марка-красная	12.5	36.9	снег-пересвеченный	0.576	86.7	0.0	-5.0	5.0	bbox	305	37.0	37.0	37.0	157,434,14,12	251.6			
307	307	1.638	стакан-марка-красная	13.0	4.7	порода-в-тени	0.891	45.1	-2.0	0.0	2.0	bbox	306	65.0	65.0	65.0	169,805,6,14	250.9			
308	308	0.942	рюкзак-синий	3.6	23.2	снег-в-тени	1.227	62.0	4.0	-16.0	16.5	bbox	307	90.0	90.0	90.0	848,13,19,6	250.6			
309	309	1.545	рюкзак-синий	6.1	37.7	снег-в-тени	1.054	76.5	2.0	-8.0	8.2	bbox	308	59.0	59.0	63.0	268,399,15,23	249.7			
310	310	0.337	рюкзак-синий	2.1	6.1	снег-в-тени	0.706	44.9	-1.0	-13.5	13.5	bbox	309	33.0	33.0	33.0	1729,0,8,9	248.1			
311	311	1.495	рюкзак-синий	11.5	11.0	снег-в-тени	1.927	27.8	12.5	-15.0	19.5	bbox	310	22.0	22.0	22.0	69,123,14,14	246.6			
312	312	2.063	стакан-марка-красная	14.0	30.4	снег-освещённый	0.251	80.2	-3.0	0.0	3.0	bbox	311	78.0	77.0	78.0	917,23,10,12	244.5			
313	313	0.738	рюкзак-синий	5.4	8.5	снег-в-тени	1.250	47.3	6.0	-16.0	17.1	bbox	312	7.0	7.0	7.0	121,451,6,37	242.5			
314	314	2.247	стакан-марка-красная	11.4	48.6	снег-пересвеченный	0.586	98.4	0.0	-2.0	2.0	bbox	313	27.0	27.0	27.0	548,75,19,13	242.5			
315	315	1.653	рюкзак-синий	11.0	25.5	порода-в-тени	0.434	13.3	0.0	-3.0	3.0	bbox	314	39.0	39.0	39.0	1912,987,8,22	242.1			
316	316	0.377	рюкзак-синий	2.2	7.1	снег-в-тени	0.641	45.9	-1.0	-13.0	13.0	bbox	315	50.0	48.0	51.0	1883,161,10,10	241.9			
317	317	0.980	рюкзак-синий	5.6	19.2	снег-в-тени	0.371	58.0	0.0	-8.5	8.5	bbox	316	16.0	11.0	16.0	1591,861,8,12	240.2			
318	318	0.742	рюкзак-синий	2.2	19.2	снег-в-тени	0.735	58.0	-1.0	-13.0	13.0	bbox	317	54.0	53.0	54.0	1825,813,8,8	240.2			
319	319	1.530	стакан-марка-красная	11.0	18.4	порода-в-тени	0.481	31.4	0.0	0.0	0.0	bbox	318	102.0	102.0	102.0	389,303,17,7	239.4			
320	320	0.647	палка-древко-контроль	3.0	14.7	снег-в-тени	1.668	56.3	-8.5	-18.0	19.9	bbox	319	102.0	102.0	102.0	985,465,10,8	239.2			
321	321	0.509	рюкзак-синий	3.0	9.6	снег-в-тени	0.902	48.4	4.0	-14.0	14.6	bbox	320	7.0	7.0	7.0	600,95,18,10	238.4			
322	322	1.492	стакан-марка-красная	2.0	41.2	порода-охристая	1.460	8.6	11.0	3.0	11.4	bbox	321	71.0	71.0	71.0	63,1003,12,12	236.7			
323	323	0.390	рюкзак-синий	2.2	7.6	снег-в-тени	0.940	31.2	3.0	-13.0	13.3	bbox	322	69.0	67.0	69.0	19,557,10,16	236.5			
324	324	1.476	рюкзак-синий	5.1	37.3	снег-в-тени	1.048	76.1	2.0	-9.0	9.2	bbox	323	44.0	44.0	44.0	277,586,18,21	234.9			
325	325	1.493	рюкзак-синий	4.1	39.2	снег-пересвеченный	1.103	78.0	0.0	-10.0	10.0	bbox	324	90.0	90.0	90.0	19,835,14,12	233.9			
326	326	1.598	стакан-марка-красная	9.0	31.8	порода-в-тени	0.565	18.0	2.0	1.0	2.2	bbox	325	77.0	77.0	77.0	1693,1048,5,32	233.8			
327	327	1.674	стакан-марка-красная	13.1	10.0	снег-освещённый	0.763	59.8	-2.0	-0.5	2.1	bbox	326	79.0	79.0	82.0	895,42,16,5	232.4			
328	328	1.317	рюкзак-синий	9.1	18.8	снег-в-тени	0.514	57.6	0.0	-5.0	5.0	bbox	327	24.0	24.0	24.0	233,309,26,16	231.9			
329	329	1.172	рюкзак-синий	7.1	21.5	порода-в-тени	0.799	17.3	0.0	-7.0	7.0	bbox	328	26.0	26.0	26.0	507,915,14,10	231.3			
330	330	1.470	рюкзак-синий	9.1	26.3	порода-в-тени	0.625	12.5	0.0	-5.0	5.0	bbox	329	31.0	30.0	31.0	1769,561,8,14	231.2			
331	331	0.808	рюкзак-синий	5.0	14.3	снег-в-тени	0.260	53.1	1.0	-9.0	9.1	bbox	330	81.0	81.0	81.0	1649,647,4,26	230.6			
332	332	0.738	рюкзак-синий	5.8	3.2	снег-в-тени	1.368	42.0	6.0	-17.0	18.0	bbox	331	7.0	7.0	7.0	156,751,6,38	227.5			
333	333	1.402	рюкзак-синий	11.2	3.2	снег-в-тени	0.671	42.0	-1.0	-3.0	3.2	bbox	332	69.0	69.0	69.0	345,551,16,16	224.6			
334	334	1.045	рюкзак-синий	6.0	20.4	порода-в-тени	0.955	18.4	1.0	-8.0	8.1	bbox	333	25.0	25.0	25.0	91,231,14,7	224.4			
335	335	1.408	стакан-марка-красная	11.2	4.7	снег-в-тени	0.880	45.1	0.0	-1.0	1.0	bbox	334	29.0	28.0	29.0	759,549,12,8	222.4			
336	336	1.649	стакан-марка-красная	13.0	7.1	порода-в-тени	0.808	42.7	-2.0	0.0	2.0	bbox	335	45.0	45.0	45.0	801,860,2,31	222.1			
337	337	1.198	рюкзак-синий	6.1	25.9	снег-в-тени	0.653	64.7	2.0	-8.0	8.2	bbox	336	59.0	59.0	59.0	429,253,20,6	222.1			
338	338	1.387	стакан-марка-красная	10.0	16.5	порода-в-тени	0.703	33.3	1.0	2.0	2.2	bbox	337	84.0	84.0	84.0	1521,449,13,5	222.1			
339	339	1.649	стакан-марка-красная	12.2	17.8	снег-освещённый	0.486	67.6	-1.0	-1.0	1.4	bbox	338	9.0	9.0	9.0	1281,218,20,5	220.7			
340	340	0.686	рюкзак-синий	3.2	15.7	снег-в-тени	0.445	54.5	0.0	-11.0	11.0	bbox	339	69.0	69.0	69.0	93,625,14,10	219.5			
341	341	2.086	стакан-марка-красная	11.0	43.9	порода-в-тени	0.628	5.9	0.0	1.0	1.0	bbox	340	91.0	91.0	91.0	80,27,13,10	219.2			
342	342	1.649	рюкзак-синий	13.1	4.7	снег-в-тени	2.445	34.1	5.0	-26.5	27.0	bbox	341	102.0	102.0	102.0	1133,361,8,10	218.8			
343	343	1.032	рюкзак-синий	3.2	26.7	снег-в-тени	0.735	65.5	0.0	-11.0	11.0	bbox	342	56.0	56.0	58.0	1813,457,7,13	218.3			
344	344	1.375	стакан-марка-красная	11.0	0.4	снег-розовый	1.018	50.2	0.0	1.0	1.0	bbox	343	59.0	59.0	59.0	831,825,3,23	216.5			
345	345	0.627	рюкзак-синий	5.0	1.5	снег-в-тени	1.341	37.3	5.0	-17.0	17.7	bbox	344	5.0	5.0	5.0	457,149,16,6	216.2			
346	346	0.923	рюкзак-синий	5.4	17.7	снег-в-тени	1.288	56.5	6.0	-16.0	17.1	bbox	345	80.0	79.0	81.0	999,0,14,5	214.5			
347	347	1.546	рюкзак-синий	7.1	35.5	снег-освещённый	0.914	74.3	0.0	-7.0	7.0	bbox	346	93.0	93.0	93.0	120,962,15,12	214.4			
348	348	0.930	рюкзак-синий	4.5	20.8	снег-в-тени	0.506	59.6	-1.0	-10.0	10.0	bbox	347	42.0	41.0	43.0	49,997,20,6	213.3			
349	349	0.622	рюкзак-синий	3.6	12.0	снег-в-тени	1.137	50.8	-1.0	-17.0	17.0	bbox	348	19.0	19.0	19.0	167,0,10,16	213.0			
350	350	1.242	рюкзак-синий	3.2	33.0	снег-в-тени	1.322	71.8	4.0	-15.0	15.5	bbox	349	8.0	8.0	8.0	235,141,14,12	212.7			
351	351	1.384	стакан-марка-красная	3.0	37.3	порода-охристая	1.274	12.5	10.5	4.0	11.2	bbox	350	7.0	7.0	7.0	56,349,14,12	210.6			
352	352	0.636	рюкзак-синий	3.6	12.6	снег-в-тени	0.545	51.4	3.0	-11.0	11.4	bbox	351	42.0	42.0	43.0	593,215,19,14	210.2			
353	353	0.629	рюкзак-синий	5.0	2.0	снег-в-тени	1.311	40.8	5.0	-17.0	17.7	bbox	352	77.0	77.0	77.0	1489,3,29,2	207.3			
354	354	0.891	рюкзак-синий	2.2	23.7	снег-в-тени	1.507	15.1	3.0	-15.0	15.3	bbox	353	20.0	17.0	20.0	167,1061,14,19	206.8			
355	355	2.062	рюкзак-синий	9.2	47.9	снег-пересвеченный	0.472	86.7	-1.0	-5.0	5.1	bbox	354	7.0	7.0	7.0	572,680,11,11	206.4			
356	356	0.453	рюкзак-синий	3.6	1.2	снег-в-тени	0.484	40.0	-1.0	-11.0	11.0	bbox	355	52.0	52.0	52.0	1662,661,7,16	204.0			
357	357	1.526	стакан-марка-красная	12.0	7.1	снег-освещённый	0.855	56.9	-1.0	0.0	1.0	bbox	356	46.0	42.0	46.0	163,1039,6,12	203.5			
358	358	1.126	рюкзак-синий	6.6	21.5	порода-в-тени	0.857	17.3	0.0	-7.5	7.5	bbox	357	18.0	18.0	18.0	213,153,9,14	202.8			
359	359	0.684	рюкзак-синий	4.1	12.6	снег-в-тени	0.281	51.4	0.0	-10.0	10.0	bbox	358	81.0	81.0	81.0	1697,17,2,31	202.5			
360	360	0.962	рюкзак-синий	6.1	16.5	снег-в-тени	0.268	55.3	0.0	-8.0	8.0	bbox	359	49.0	48.0	51.0	1417,417,4,24	201.7			
361	361	1.638	рюкзак-синий	11.0	24.7	порода-в-тени	0.419	14.1	0.0	-3.0	3.0	bbox	360	68.0	68.0	68.0	1535,749,8,12	198.5			
362	362	0.813	рюкзак-синий	6.3	5.3	снег-в-тени	0.525	33.5	-1.0	-8.0	8.1	bbox	361	55.0	48.0	55.0	1847,975,4,26	197.6			
363	363	0.886	рюкзак-синий	7.1	1.5	снег-в-тени	0.397	37.3	0.0	-7.0	7.0	bbox	362	48.0	48.0	51.0	1347,264,6,25	196.4			
364	364	1.109	стакан-марка-красная	8.1	12.9	порода-в-тени	0.867	36.9	3.0	0.0	3.0	bbox	363	87.0	87.0	87.0	1545,565,9,9	196.2			
365	365	2.101	стакан-марка-красная	12.5	39.2	снег-пересвеченный	0.562	89.0	0.0	-5.0	5.0	bbox	364	18.0	17.0	18.0	1617,89,9,8	194.8			
366	366	1.750	стакан-марка-красная	10.0	34.1	порода-в-тени	0.430	15.7	1.0	0.0	1.0	bbox	365	72.0	66.0	74.0	1772,93,6,15	194.8			
367	367	1.019	рюкзак-синий	6.3	18.0	порода-в-тени	0.884	20.8	-1.0	-8.0	8.1	bbox	366	10.0	10.0	10.0	1056,561,11,11	193.5			
368	368	1.259	рюкзак-синий	10.0	4.1	снег-в-тени	2.012	34.7	7.0	-22.0	23.1	bbox	367	22.0	22.0	22.0	49,989,4,21	190.3			
369	369	1.888	стакан-марка-красная	11.0	36.1	порода-в-тени	0.367	13.7	0.0	0.0	0.0	bbox	368	44.0	44.0	45.0	968,705,5,18	190.1			
370	370	0.645	рюкзак-синий	5.1	2.7	снег-в-тени	0.437	36.1	0.0	-9.0	9.0	bbox	369	66.0	66.0	66.0	1541,633,2,28	188.3			
371	371	0.553	рюкзак-синий	2.2	13.4	снег-в-тени	0.524	52.2	0.0	-12.0	12.0	bbox	370	53.0	53.0	55.0	1777,569,4,24	188.0			
372	372	1.166	стакан-марка-красная	9.1	7.8	порода-в-тени	0.927	42.0	2.0	0.0	2.0	bbox	371	77.0	76.0	77.0	1675,941,6,14	186.7			
373	373	0.787	рюкзак-синий	5.4	11.4	снег-в-тени	1.253	50.2	6.0	-16.0	17.1	bbox	372	7.0	7.0	7.0	634,178,21,5	186.4			
374	374	1.351	стакан-марка-красная	10.7	5.7	снег-в-тени	0.887	44.1	0.5	-1.0	1.1	bbox	373	32.0	30.0	32.0	1843,943,12,6	185.9			
375	375	1.756	стакан-марка-красная	14.0	2.3	порода-в-тени	0.982	47.5	-3.0	0.0	3.0	bbox	374	78.0	73.0	78.0	785,65,12,8	185.9			
376	376	1.668	стакан-марка-красная	8.2	36.9	порода-охристая	1.187	12.9	16.0	7.5	17.7	bbox	375	7.0	7.0	7.0	17,285,16,12	184.8			
377	377	0.849	рюкзак-синий	6.3	8.7	снег-в-тени	0.126	47.5	-1.0	-8.0	8.1	bbox	376	0.0	0.0	0.0	571,1069,11,11	184.0			
378	378	0.815	рюкзак-синий	4.1	17.7	снег-в-тени	0.937	56.5	5.0	-13.0	13.9	bbox	377	42.0	42.0	42.0	817,41,15,8	182.8			
379	379	1.547	стакан-марка-красная	12.4	1.4	снег-в-тени	0.761	48.4	-1.0	-2.0	2.2	bbox	378	90.0	90.0	94.0	1017,599,24,2	179.9			
380	380	2.168	стакан-марка-красная	12.5	42.0	снег-пересвеченный	0.561	91.8	0.0	-5.0	5.0	bbox	379	7.0	7.0	7.0	684,724,8,10	179.2			
381	381	0.677	рюкзак-синий	5.4	2.0	снег-в-тени	0.307	40.8	-1.0	-9.0	9.1	bbox	380	49.0	49.0	50.0	1383,947,6,22	179.0			
382	382	0.833	рюкзак-синий	5.4	13.7	снег-в-тени	0.245	52.5	-1.0	-9.0	9.1	bbox	381	89.0	89.0	89.0	93,34,14,10	179.0			
383	383	1.263	рюкзак-синий	2.2	34.5	снег-в-тени	1.864	4.3	2.0	-16.0	16.1	bbox	382	22.0	22.0	22.0	1837,185,16,16	178.3			
384	384	0.529	рюкзак-синий	4.1	3.4	снег-в-тени	0.321	42.2	0.0	-10.0	10.0	bbox	383	49.0	49.0	51.0	1393,799,6,18	178.2			
385	385	1.721	стакан-марка-красная	12.4	21.2	снег-освещённый	0.431	71.0	-1.0	-2.0	2.2	bbox	384	19.0	19.0	19.0	991,212,15,7	177.1			
386	386	0.721	рюкзак-синий	4.3	13.6	снег-в-тени	0.305	52.4	-0.5	-10.0	10.0	bbox	385	82.0	82.0	82.0	1741,0,4,15	176.5			
387	387	0.931	рюкзак-синий	5.4	18.0	снег-в-тени	0.981	20.8	-1.0	-9.0	9.1	bbox	386	15.0	13.0	16.0	1036,901,4,13	176.0			
388	388	1.486	рюкзак-синий	11.2	14.1	снег-в-тени	0.663	52.9	-1.0	-3.0	3.2	bbox	387	64.0	64.0	64.0	625,133,10,14	175.4			
389	389	1.381	стакан-марка-красная	11.0	0.8	снег-в-тени	1.005	50.6	0.0	0.0	0.0	bbox	388	59.0	59.0	59.0	833,921,2,24	173.2			
390	390	1.912	стакан-марка-красная	14.3	18.8	порода-в-тени	1.069	31.0	-2.0	7.0	7.3	bbox	389	45.0	45.0	45.0	1637,39,8,8	173.1			
391	391	2.222	стакан-марка-красная	12.5	44.1	снег-пересвеченный	0.571	93.9	0.0	-5.0	5.0	bbox	390	31.0	31.0	31.0	1743,673,7,8	172.3			
392	392	1.841	стакан-марка-красная	11.0	34.1	порода-в-тени	0.326	15.7	0.0	0.0	0.0	bbox	391	47.0	47.0	47.0	1051,937,6,15	171.3			
393	393	0.290	рюкзак-синий	2.2	2.2	снег-в-тени	0.917	41.0	-1.0	-15.0	15.0	bbox	392	50.0	49.0	51.0	1859,532,4,21	170.9			
394	394	1.771	стакан-марка-красная	14.0	7.6	порода-в-тени	0.826	42.2	-3.0	1.0	3.2	bbox	393	45.0	45.0	45.0	803,929,2,24	170.2			
395	395	1.693	рюкзак-синий	11.0	27.4	порода-в-тени	0.645	11.4	2.0	-3.0	3.6	bbox	394	38.0	38.0	38.0	51,783,10,7	169.8			
396	396	1.200	стакан-марка-красная	9.5	5.1	снег-в-тени	0.830	54.9	2.0	-2.0	2.8	bbox	395	81.0	81.0	81.0	1633,937,4,18	169.8			
397	397	0.439	рюкзак-синий	3.2	5.3	снег-в-тени	0.397	44.1	0.0	-11.0	11.0	bbox	396	51.0	48.0	51.0	1797,111,10,13	168.9			
398	398	0.767	рюкзак-синий	3.6	17.3	снег-в-тени	0.430	56.1	0.0	-10.5	10.5	bbox	397	53.0	53.0	57.0	1779,505,4,21	168.6			
399	399	0.599	рюкзак-синий	3.0	13.0	снег-в-тени	0.964	51.8	4.0	-14.5	15.0	bbox	398	88.0	88.0	88.0	943,105,15,10	168.1			
400	400	1.428	стакан-марка-красная	10.2	18.0	порода-в-тени	0.553	31.8	1.0	-1.0	1.4	bbox	399	83.0	83.0	83.0	1579,549,14,5	167.4			
401	401	1.783	стакан-марка-красная	10.2	34.9	порода-в-тени	0.423	14.9	1.0	-1.0	1.4	bbox	400	75.0	75.0	75.0	401,249,6,8	166.3			
402	402	1.180	рюкзак-синий	8.2	16.1	порода-в-тени	0.643	22.7	-1.0	-6.0	6.1	bbox	401	79.0	79.0	79.0	478,586,12,9	165.9			
403	403	2.169	стакан-марка-красная	12.6	41.6	снег-пересвеченный	0.376	91.4	-1.0	-3.0	3.2	bbox	402	24.0	24.0	24.0	1745,445,6,11	165.4			
404	404	1.509	стакан-марка-красная	12.0	2.9	снег-розовый	0.996	52.7	-1.0	0.0	1.0	bbox	403	47.0	46.0	47.0	443,957,6,8	163.4			
405	405	0.673	рюкзак-синий	5.4	0.2	снег-в-тени	0.372	38.6	-1.0	-9.0	9.1	bbox	404	69.0	67.0	72.0	1421,871,4,23	163.4			
406	406	1.945	стакан-марка-красная	12.0	34.5	порода-в-тени	0.254	15.3	-1.0	0.0	1.0	bbox	405	69.0	69.0	69.0	1571,848,10,7	163.1			
407	407	1.773	стакан-марка-красная	13.3	16.9	снег-освещённый	0.577	66.7	-2.0	-2.0	2.8	bbox	406	26.0	26.0	29.0	23,597,20,6	162.9			
408	408	0.753	рюкзак-синий	6.0	2.0	снег-в-тени	0.280	40.8	1.0	-8.0	8.1	bbox	407	17.0	17.0	17.0	245,1020,9,8	161.3			
409	409	0.671	рюкзак-синий	5.0	6.8	снег-в-тени	0.593	32.0	1.0	-9.0	9.1	bbox	408	0.0	0.0	2.0	302,686,6,17	160.5			
410	410	1.027	рюкзак-синий	7.3	13.3	порода-в-тени	0.782	25.5	-1.0	-7.0	7.1	bbox	409	78.0	78.0	79.0	0,885,6,13	160.3			
411	411	2.178	стакан-марка-красная	12.1	43.9	снег-пересвеченный	0.527	93.7	0.0	-4.0	4.0	bbox	410	7.0	7.0	7.0	932,964,5,13	160.0			
412	412	1.013	рюкзак-синий	5.0	22.3	снег-в-тени	1.705	16.5	5.0	-17.0	17.7	bbox	411	20.0	20.0	20.0	107,1048,14,11	159.4			
413	413	1.547	рюкзак-синий	5.0	39.6	снег-пересвеченный	1.069	78.4	1.0	-9.0	9.1	bbox	412	66.0	66.0	66.0	359,285,10,9	159.4			
414	414	2.153	стакан-марка-красная	11.0	46.3	порода-в-тени	0.664	3.5	0.0	0.0	0.0	bbox	413	86.0	86.0	86.0	1909,786,11,9	159.3			
415	415	1.190	рюкзак-синий	4.2	29.8	снег-в-тени	0.870	68.6	-2.0	-11.0	11.2	bbox	414	90.0	90.0	90.0	41,941,10,6	158.7			
416	416	0.529	рюкзак-синий	2.2	12.6	снег-в-тени	0.650	51.4	-1.0	-13.0	13.0	bbox	415	50.0	48.0	50.0	1871,329,8,16	158.6			
417	417	1.355	рюкзак-синий	3.2	36.3	снег-в-тени	1.045	75.1	0.0	-11.0	11.0	bbox	416	5.0	5.0	5.0	1431,597,4,22	158.0			
418	418	1.357	палка-древко-бирюзовое	4.1	35.1	снег-пересвеченный	1.959	87.6	-11.0	-17.0	20.2	bbox	417	102.0	102.0	102.0	877,425,9,10	158.0			
419	419	0.902	рюкзак-синий	6.3	12.2	снег-в-тени	0.169	51.0	-1.0	-8.0	8.1	bbox	418	82.0	82.0	82.0	190,51,7,14	157.9			
420	420	1.566	рюкзак-синий	3.6	42.0	снег-в-тени	1.292	80.8	3.0	-11.0	11.4	bbox	419	82.0	81.0	82.0	1495,21,16,8	157.6			
421	421	1.799	стакан-марка-красная	14.0	11.2	снег-освещённый	0.751	61.0	-3.0	0.0	3.0	bbox	420	11.0	11.0	11.0	1847,795,6,12	157.0			
422	422	1.960	рюкзак-синий	8.1	47.1	снег-пересвеченный	0.647	85.9	0.0	-6.0	6.0	bbox	421	83.0	79.0	83.0	1332,904,9,9	156.7			
423	423	1.662	стакан-марка-красная	5.0	43.1	порода-охристая	1.517	6.7	15.0	4.0	15.5	bbox	422	5.0	5.0	5.0	0,0,7,9	156.4			
424	424	1.882	стакан-марка-красная	11.2	35.3	порода-в-тени	0.597	14.5	0.0	3.0	3.0	bbox	423	6.0	6.0	6.0	261,241,8,12	156.3			
425	425	1.230	рюкзак-синий	4.6	30.4	снег-в-тени	1.350	69.2	5.5	-15.0	16.0	bbox	424	41.0	39.0	45.0	701,117,12,6	156.2			
426	426	1.081	рюкзак-синий	4.5	25.9	снег-в-тени	1.325	64.7	5.0	-16.0	16.8	bbox	425	91.0	91.0	91.0	735,243,20,5	156.1			
427	427	0.762	рюкзак-синий	4.5	14.5	снег-в-тени	0.884	24.3	-1.0	-10.0	10.0	bbox	426	85.0	85.0	85.0	1139,644,11,7	155.9			
428	428	1.555	стакан-марка-красная	12.4	4.5	снег-в-тени	0.795	54.3	-1.0	-2.0	2.2	bbox	427	67.0	63.0	67.0	393,135,12,10	155.5			
429	429	1.791	стакан-марка-красная	13.9	11.8	порода-в-тени	1.078	38.0	-2.0	6.0	6.3	bbox	428	39.0	39.0	45.0	639,249,10,10	155.2			
430	430	0.469	рюкзак-синий	2.5	9.8	снег-в-тени	0.810	29.0	1.0	-11.5	11.5	bbox	429	0.0	0.0	0.0	905,611,8,8	155.1			
431	431	1.553	стакан-марка-красная	12.4	3.9	снег-в-тени	0.789	53.7	-1.0	-2.0	2.2	bbox	430	44.0	39.0	44.0	639,281,18,12	155.1			
432	432	0.727	рюкзак-синий	4.1	14.3	снег-в-тени	0.314	53.1	0.0	-10.0	10.0	bbox	431	77.0	77.0	77.0	1677,641,4,16	155.0			
433	433	0.907	рюкзак-синий	4.0	21.2	снег-в-тени	1.069	60.0	5.0	-14.0	14.9	bbox	432	75.0	75.0	75.0	1915,89,5,9	154.7			
434	434	1.084	рюкзак-синий	6.3	20.8	порода-в-тени	1.079	18.0	3.0	-8.0	8.5	bbox	433	14.0	10.0	14.0	1515,485,13,14	154.3			
435	435	0.859	рюкзак-синий	6.0	11.7	снег-в-тени	0.751	27.1	1.0	-8.0	8.1	bbox	434	79.0	79.0	79.0	15,1006,12,10	153.9			
436	436	2.110	стакан-марка-красная	12.4	40.2	снег-пересвеченный	0.396	90.0	-1.0	-2.0	2.2	bbox	435	5.0	5.0	6.0	252,846,7,10	153.8			
437	437	1.787	рюкзак-синий	2.8	49.0	снег-пересвеченный	1.671	87.8	-1.0	-16.0	16.0	bbox	436	102.0	102.0	102.0	1009,961,9,6	152.0			
438	438	2.184	стакан-марка-красная	11.5	45.9	снег-пересвеченный	0.536	95.7	0.0	-2.5	2.5	bbox	437	26.0	25.0	26.0	225,321,14,6	151.8			
439	439	0.965	рюкзак-синий	5.9	17.6	порода-в-тени	0.946	21.2	-1.0	-8.5	8.6	bbox	438	12.0	11.0	12.0	821,457,12,4	151.5			
440	440	1.154	рюкзак-синий	6.1	24.3	порода-в-тени	0.934	14.5	0.0	-8.0	8.0	bbox	439	5.0	5.0	5.0	1892,497,10,5	151.3			
441	441	1.708	стакан-марка-красная	13.2	12.9	снег-освещённый	0.669	62.7	-2.0	-1.0	2.2	bbox	440	12.0	12.0	12.0	461,966,17,7	150.7			
442	442	1.627	стакан-марка-красная	13.0	2.2	порода-в-тени	1.005	47.6	-2.0	1.0	2.2	bbox	441	45.0	45.0	45.0	793,635,3,16	150.7			
443	443	1.476	стакан-марка-красная	11.2	13.3	порода-в-тени	0.626	36.5	0.0	-1.0	1.0	bbox	442	43.0	43.0	47.0	1083,331,13,12	150.6			
444	444	0.879	рюкзак-синий	6.5	9.4	снег-в-тени	0.671	29.4	1.0	-7.5	7.6	bbox	443	18.0	18.0	18.0	129,426,8,7	150.5			
445	445	0.887	рюкзак-синий	5.1	17.3	снег-в-тени	0.321	56.1	0.0	-9.0	9.0	bbox	444	62.0	62.0	62.0	1374,107,5,14	149.8			
446	446	1.546	стакан-марка-красная	12.4	0.8	снег-в-тени	0.762	49.0	-1.0	-2.0	2.2	bbox	445	83.0	83.0	83.0	1085,13,16,6	148.2			
447	447	0.652	рюкзак-синий	3.2	14.5	снег-в-тени	1.027	53.3	4.0	-15.0	15.5	bbox	446	8.0	8.0	8.0	173,3,28,3	146.8			
448	448	0.887	рюкзак-синий	3.6	21.4	снег-в-тени	0.594	60.2	-1.0	-11.0	11.0	bbox	447	33.0	33.0	33.0	1717,173,4,16	146.6			
449	449	1.584	рюкзак-синий	12.4	9.6	снег-в-тени	0.791	48.4	-2.0	-2.0	2.8	bbox	448	69.0	69.0	69.0	467,9,17,8	146.6			
450	450	1.255	стакан-марка-красная	9.2	13.9	порода-в-тени	0.745	35.9	2.0	-1.0	2.2	bbox	449	5.0	5.0	5.0	1897,313,4,22	146.3			
451	451	0.793	рюкзак-синий	2.5	20.4	снег-в-тени	0.648	59.2	-0.5	-12.0	12.0	bbox	450	80.0	80.0	80.0	1579,441,3,16	145.5			
452	452	0.979	рюкзак-синий	3.6	24.3	снег-в-тени	0.762	63.1	3.0	-11.0	11.4	bbox	451	77.0	77.0	78.0	1039,131,10,6	144.9			
453	453	2.073	стакан-марка-красная	12.5	38.0	снег-пересвеченный	0.568	87.8	0.0	-5.0	5.0	bbox	452	44.0	44.0	44.0	857,944,7,12	144.6			
454	454	0.764	рюкзак-синий	3.0	18.7	снег-в-тени	0.965	57.5	4.0	-14.0	14.6	bbox	453	75.0	75.0	75.0	1875,321,4,10	143.7			
455	455	0.919	рюкзак-синий	6.0	14.9	снег-в-тени	0.862	23.9	1.0	-8.0	8.1	bbox	454	99.0	99.0	99.0	1245,1033,10,9	143.3			
456	456	1.035	рюкзак-синий	6.0	20.0	порода-в-тени	0.954	18.8	1.0	-8.0	8.1	bbox	455	2.0	2.0	2.0	1853,401,5,16	142.8			
457	457	1.087	рюкзак-синий	6.1	21.7	порода-в-тени	0.918	17.1	0.0	-8.0	8.0	bbox	456	27.0	27.0	27.0	421,1065,6,8	142.0			
458	458	1.425	стакан-марка-красная	11.4	0.0	снег-в-тени	0.753	49.8	0.0	-2.0	2.0	bbox	457	9.0	8.0	9.0	1359,229,12,4	141.5			
459	459	1.072	рюкзак-синий	6.1	21.2	порода-в-тени	0.915	17.6	0.0	-8.0	8.0	bbox	458	32.0	32.0	32.0	1825,15,7,7	140.3			
460	460	1.527	стакан-марка-красная	10.2	23.5	порода-в-тени	0.430	26.3	1.0	-1.0	1.4	bbox	459	45.0	44.0	45.0	785,65,4,14	140.1			
461	461	0.539	рюкзак-синий	3.6	8.3	снег-в-тени	1.118	47.1	4.0	-16.0	16.5	bbox	460	87.0	87.0	87.0	719,61,12,8	139.7			
462	462	1.641	стакан-марка-красная	11.0	25.1	порода-в-тени	0.386	24.7	0.0	1.0	1.0	bbox	461	61.0	61.0	62.0	1553,689,4,14	138.5			
463	463	1.861	стакан-марка-красная	10.0	38.4	порода-в-тени	0.510	11.4	1.0	0.0	1.0	bbox	462	21.0	21.0	21.0	1453,754,12,9	138.1			
464	464	1.930	рюкзак-синий	9.2	43.4	снег-пересвеченный	0.542	82.2	-1.0	-5.0	5.1	bbox	463	19.0	19.0	19.0	1161,957,5,14	138.0			
465	465	1.621	рюкзак-синий	7.1	38.1	снег-освещённый	0.962	76.9	2.0	-7.0	7.3	bbox	464	59.0	59.0	59.0	283,381,9,17	137.6			
466	466	1.295	стакан-марка-красная	5.0	31.8	порода-в-тени	1.034	18.0	6.0	1.0	6.1	bbox	465	89.0	85.0	89.0	1131,144,2,25	137.3			
467	467	0.942	рюкзак-синий	3.2	23.9	снег-в-тени	0.652	62.7	0.0	-11.0	11.0	bbox	466	83.0	83.0	83.0	1582,409,3,19	136.6			
468	468	1.963	рюкзак-синий	13.3	29.0	порода-в-тени	0.378	9.8	-2.0	-1.0	2.2	bbox	467	7.0	6.0	7.0	1667,74,5,13	136.4			
469	469	1.753	рюкзак-синий	6.6	43.4	снег-пересвеченный	0.985	82.2	2.0	-7.5	7.8	bbox	468	5.0	5.0	5.0	873,317,6,11	135.5			
470	470	1.047	рюкзак-синий	6.1	20.2	порода-в-тени	0.912	18.6	0.0	-8.0	8.0	bbox	469	83.0	81.0	83.0	725,974,11,4	135.3			
471	471	1.547	стакан-марка-красная	9.7	26.9	порода-в-тени	0.447	22.9	1.5	-1.0	1.8	bbox	470	68.0	68.0	68.0	1491,60,9,10	134.9			
472	472	1.536	стакан-марка-красная	11.2	17.8	порода-в-тени	0.483	32.0	0.0	-1.0	1.0	bbox	471	32.0	32.0	32.0	1865,1015,6,6	134.5			
473	473	1.223	рюкзак-синий	8.1	19.4	порода-в-тени	0.801	19.4	2.0	-6.0	6.3	bbox	472	93.0	93.0	93.0	1730,958,8,12	134.4			
474	474	1.763	стакан-марка-красная	14.1	2.7	снег-в-тени	1.024	52.5	-3.0	-0.5	3.0	bbox	473	29.0	28.0	29.0	949,27,18,4	134.3			
475	475	1.099	палка-древко-контроль	1.4	30.4	снег-в-тени	1.584	72.0	-7.0	-16.0	17.5	bbox	474	102.0	102.0	102.0	905,585,8,8	133.6			
476	476	0.835	рюкзак-синий	4.1	18.4	снег-в-тени	1.041	20.4	2.0	-10.0	10.2	bbox	475	1.0	1.0	1.0	299,689,7,10	132.4			
477	477	0.517	рюкзак-синий	4.0	3.7	снег-в-тени	0.533	35.1	1.0	-10.0	10.0	bbox	476	66.0	66.0	66.0	1523,807,4,20	131.8			
478	478	1.513	стакан-марка-красная	12.0	4.3	порода-в-тени	0.913	45.5	-1.0	0.0	1.0	bbox	477	91.0	91.0	91.0	733,181,6,8	131.8			
479	479	1.382	стакан-марка-красная	11.0	1.4	снег-в-тени	1.007	51.2	0.0	0.0	0.0	bbox	478	59.0	59.0	59.0	819,263,2,18	129.1			
480	480	1.597	рюкзак-синий	12.7	2.9	порода-в-тени	0.560	35.9	-1.5	-1.5	2.1	bbox	479	90.0	90.0	90.0	1233,553,8,4	128.8			
481	481	1.166	рюкзак-синий	4.5	28.7	снег-в-тени	0.755	67.5	-1.0	-10.0	10.0	bbox	480	42.0	39.0	42.0	183,821,6,12	128.3			
482	482	1.547	стакан-марка-красная	12.4	1.8	снег-в-тени	0.760	48.0	-1.0	-2.0	2.2	bbox	481	68.0	68.0	68.0	417,73,10,8	128.3			
483	483	0.988	рюкзак-синий	7.1	12.4	снег-в-тени	0.174	51.2	0.0	-7.0	7.0	bbox	482	78.0	78.0	78.0	1473,1051,2,22	128.0			
484	484	1.151	рюкзак-синий	8.9	7.6	снег-в-тени	1.951	31.2	5.0	-22.0	22.6	bbox	483	19.0	19.0	19.0	37,85,4,16	127.9			
485	485	1.298	стакан-марка-красная	9.0	18.0	порода-в-тени	0.671	31.8	2.0	0.5	2.1	bbox	484	94.0	94.0	94.0	1901,916,6,9	127.7			
486	486	0.989	рюкзак-синий	5.9	18.7	снег-в-тени	0.372	57.5	-1.0	-8.5	8.6	bbox	485	3.0	3.0	3.0	449,321,4,8	127.3			
487	487	1.571	стакан-марка-красная	12.4	7.8	снег-в-тени	0.838	57.6	-1.0	-2.0	2.2	bbox	486	21.0	21.0	21.0	261,467,20,2	126.2			
488	488	0.720	рюкзак-синий	4.1	14.1	снег-в-тени	0.862	24.7	0.0	-10.0	10.0	bbox	487	80.0	80.0	80.0	128,480,8,7	125.2			
489	489	1.908	стакан-марка-красная	11.0	36.9	порода-в-тени	0.524	12.9	0.0	2.0	2.0	bbox	488	62.0	62.0	62.0	1537,609,14,3	124.7			
490	490	0.287	рюкзак-синий	2.2	1.8	снег-в-тени	0.562	40.6	0.0	-12.0	12.0	bbox	489	36.0	36.0	36.0	757,29,14,4	123.6			
491	491	0.456	рюкзак-синий	3.6	2.0	снег-в-тени	1.146	40.8	4.0	-16.0	16.5	bbox	490	29.0	27.0	29.0	689,51,16,4	123.3			
492	492	0.761	рюкзак-синий	6.1	1.0	снег-в-тени	0.286	39.8	0.0	-8.0	8.0	bbox	491	63.0	61.0	63.0	1381,891,2,17	123.1			
493	493	1.930	рюкзак-синий	5.1	51.0	снег-пересвеченный	1.061	89.8	2.0	-9.0	9.2	bbox	492	16.0	16.0	16.0	1807,1048,10,9	122.8			
494	494	1.824	стакан-марка-красная	11.1	33.1	порода-в-тени	0.290	16.7	0.0	-0.5	0.5	bbox	493	75.0	75.0	75.0	193,171,6,6	122.2			
495	495	0.392	рюкзак-синий	2.8	4.7	снег-в-тени	1.019	43.5	-1.0	-16.0	16.0	bbox	494	51.0	50.0	51.0	1787,337,2,16	122.1			
496	496	2.023	рюкзак-синий	9.5	45.9	снег-пересвеченный	0.411	84.7	-2.0	-5.0	5.4	bbox	495	88.0	85.0	88.0	1143,755,11,9	121.9			
497	497	1.548	стакан-марка-красная	12.4	2.3	снег-в-тени	0.760	47.5	-1.0	-2.0	2.2	bbox	496	68.0	68.0	68.0	429,243,12,12	121.5			
498	498	1.377	рюкзак-синий	8.0	26.5	снег-в-тени	0.684	65.3	1.0	-6.0	6.1	bbox	497	75.0	75.0	75.0	1803,1077,18,3	121.4			
499	499	0.875	рюкзак-синий	4.5	18.8	снег-в-тени	0.449	57.6	-1.0	-10.0	10.0	bbox	498	53.0	53.0	57.0	1789,276,5,13	121.2			
500	500	1.760	рюкзак-синий	11.0	30.6	порода-в-тени	0.708	8.2	2.0	-3.0	3.6	bbox	499	33.0	33.0	33.0	1677,1061,6,12	121.1			
501	501	1.552	рюкзак-синий	12.3	6.9	снег-в-тени	0.777	45.7	-1.5	-2.0	2.5	bbox	500	80.0	79.0	80.0	1051,33,12,6	121.1			
502	502	1.563	стакан-марка-красная	11.2	19.6	порода-в-тени	0.430	30.2	0.0	-1.0	1.0	bbox	501	72.0	72.0	72.0	1693,697,4,8	120.6			
503	503	0.894	рюкзак-синий	7.0	5.1	снег-в-тени	0.225	43.9	1.0	-7.0	7.1	bbox	502	54.0	54.0	54.0	1664,1075,9,5	120.4			
504	504	1.592	рюкзак-синий	4.1	42.2	снег-в-тени	1.600	81.0	5.0	-15.0	15.8	bbox	503	20.0	20.0	20.0	657,145,10,4	119.7			
505	505	1.588	стакан-марка-красная	11.4	19.6	снег-освещённый	0.494	69.4	0.0	-2.0	2.0	bbox	504	31.0	31.0	32.0	743,153,10,5	119.5			
506	506	0.681	рюкзак-синий	3.2	15.5	снег-в-тени	1.034	54.3	4.0	-15.0	15.5	bbox	505	80.0	80.0	80.0	733,61,19,4	119.4			
507	507	1.697	стакан-марка-красная	10.2	31.4	порода-в-тени	0.382	18.4	1.0	-1.0	1.4	bbox	506	47.0	47.0	47.0	1101,403,3,16	119.3			
508	508	1.040	рюкзак-синий	3.2	26.9	снег-в-тени	1.265	65.7	3.5	-16.0	16.4	bbox	507	11.0	11.0	11.0	1902,177,7,10	119.1			
509	509	1.547	стакан-марка-красная	12.4	1.0	снег-в-тени	0.768	50.8	-1.0	-2.0	2.2	bbox	508	67.0	67.0	67.0	361,385,8,8	118.6			
510	510	1.591	стакан-марка-красная	11.4	19.8	снег-освещённый	0.488	69.6	0.0	-2.0	2.0	bbox	509	10.0	10.0	13.0	1065,814,16,3	118.1			
511	511	0.758	рюкзак-синий	5.0	12.0	снег-в-тени	1.291	50.8	5.0	-17.0	17.7	bbox	510	86.0	86.0	86.0	467,33,10,4	116.9			
512	512	0.755	рюкзак-синий	3.6	16.9	снег-в-тени	0.421	55.7	0.0	-10.5	10.5	bbox	511	23.0	23.0	23.0	1549,1049,2,20	116.7			
513	513	0.912	рюкзак-синий	6.1	14.1	снег-в-тени	0.862	24.7	2.0	-8.0	8.2	bbox	512	76.0	76.0	76.0	1724,1043,5,12	116.6			
514	514	1.322	рюкзак-синий	10.2	9.8	порода-в-тени	0.501	29.0	-1.0	-4.0	4.1	bbox	513	64.0	64.0	64.0	636,1049,5,8	116.3			
515	515	0.469	рюкзак-синий	3.2	7.1	снег-в-тени	0.381	45.9	0.0	-11.0	11.0	bbox	514	72.0	72.0	72.0	1675,769,3,12	116.3			
516	516	0.669	рюкзак-синий	3.2	15.1	снег-в-тени	1.031	53.9	4.0	-15.0	15.5	bbox	515	8.0	8.0	8.0	1113,57,16,5	116.0			
517	517	1.395	рюкзак-синий	5.1	34.7	снег-в-тени	1.341	73.5	6.0	-13.0	14.3	bbox	516	38.0	37.0	38.0	855,99,8,6	115.9			
518	518	0.563	рюкзак-синий	3.6	9.4	снег-в-тени	0.396	48.2	-1.0	-11.0	11.0	bbox	517	79.0	79.0	79.0	1615,939,3,14	115.9			
519	519	2.268	стакан-марка-красная	11.4	49.4	снег-пересвеченный	0.600	99.2	0.0	-2.0	2.0	bbox	518	19.0	19.0	19.0	497,80,8,7	115.8			
520	520	1.217	рюкзак-синий	5.8	27.3	снег-в-тени	0.832	66.1	4.0	-9.0	9.8	bbox	519	60.0	60.0	62.0	641,561,8,9	115.7			
521	521	1.570	рюкзак-синий	11.2	20.0	снег-в-тени	0.749	58.8	-1.0	-3.0	3.2	bbox	520	27.0	27.0	27.0	745,263,18,4	115.0			
522	522	1.544	стакан-марка-красная	12.2	7.4	порода-в-тени	0.938	42.4	-1.0	3.0	3.2	bbox	521	39.0	39.0	39.0	679,141,14,8	114.9			
523	523	1.004	рюкзак-синий	7.1	13.4	снег-в-тени	0.200	52.2	0.0	-7.0	7.0	bbox	522	0.0	0.0	0.0	509,520,10,15	114.8			
524	524	1.857	стакан-марка-красная	12.2	29.8	порода-в-тени	0.773	20.0	-0.5	5.0	5.0	bbox	523	70.0	70.0	70.0	0,825,8,6	114.8			
525	525	1.631	стакан-марка-красная	12.3	15.7	снег-освещённый	0.578	65.5	-1.0	-1.5	1.8	bbox	524	26.0	26.0	26.0	765,497,16,2	114.5			
526	526	1.650	стакан-марка-красная	13.2	3.7	снег-в-тени	0.933	53.5	-2.0	-1.0	2.2	bbox	525	68.0	68.0	68.0	569,213,10,8	113.6			
527	527	1.429	рюкзак-синий	2.5	39.0	снег-в-тени	1.165	77.8	1.0	-11.5	11.5	bbox	526	88.0	88.0	88.0	1513,785,3,16	113.2			
528	528	1.713	рюкзак-синий	12.0	22.9	порода-в-тени	0.323	15.9	0.0	-2.0	2.0	bbox	527	63.0	63.0	63.0	1513,825,10,7	112.9			
529	529	1.574	стакан-марка-красная	12.4	8.2	снег-в-тени	0.844	58.0	-1.0	-2.0	2.2	bbox	528	44.0	44.0	44.0	699,247,14,8	112.7			
530	530	1.895	рюкзак-синий	12.6	29.2	снег-освещённый	0.577	68.0	-3.0	-2.0	3.6	bbox	529	27.0	27.0	28.0	473,189,16,4	112.4			
531	531	0.725	рюкзак-синий	2.0	19.0	снег-в-тени	0.912	57.8	3.0	-14.0	14.3	bbox	530	85.0	85.0	85.0	533,379,15,8	112.4			
532	532	1.808	стакан-марка-красная	10.7	34.1	порода-в-тени	0.355	15.7	0.5	-1.0	1.1	bbox	531	43.0	42.0	43.0	1117,914,4,15	111.7			
533	533	0.746	рюкзак-синий	5.0	11.4	снег-в-тени	1.064	50.2	6.0	-14.0	15.2	bbox	532	43.0	43.0	43.0	427,391,8,11	110.6			
534	534	1.732	рюкзак-синий	13.6	9.2	снег-в-тени	0.952	48.0	-3.0	-1.0	3.2	bbox	533	65.0	65.0	65.0	59,613,6,8	110.0			
535	535	1.538	стакан-марка-красная	8.5	31.0	порода-в-тени	0.640	18.8	3.0	-2.0	3.6	bbox	534	1.0	1.0	1.0	1849,1025,4,8	109.9			
536	536	0.892	рюкзак-синий	5.1	17.5	снег-в-тени	0.412	56.3	2.0	-9.0	9.2	bbox	535	37.0	37.0	37.0	523,493,10,6	109.9			
537	537	1.387	рюкзак-синий	11.0	5.1	порода-в-тени	0.655	33.7	1.0	-3.0	3.2	bbox	536	65.0	65.0	65.0	189,721,4,8	109.9			
538	538	1.730	стакан-марка-красная	13.2	14.1	снег-освещённый	0.644	63.9	-2.0	-1.5	2.5	bbox	537	8.0	8.0	8.0	1081,7,8,6	109.2			
539	539	1.268	стакан-марка-красная	9.5	12.5	порода-в-тени	0.792	37.3	2.0	-2.0	2.8	bbox	538	29.0	28.0	29.0	1303,909,6,10	108.7			
540	540	2.134	стакан-марка-красная	12.0	42.4	снег-освещённый	0.406	92.2	-1.0	0.0	1.0	bbox	539	8.0	8.0	8.0	1397,0,4,7	108.5			
541	541	1.179	рюкзак-синий	6.0	25.5	порода-в-тени	0.985	13.3	1.0	-8.0	8.1	bbox	540	31.0	30.0	31.0	1801,590,7,10	108.4			
542	542	1.338	рюкзак-синий	8.2	23.9	порода-в-тени	0.667	14.9	-1.0	-6.0	6.1	bbox	541	27.0	27.0	27.0	169,893,8,4	108.2			
543	543	1.292	стакан-марка-красная	10.2	5.9	снег-в-тени	0.895	43.9	1.0	-1.0	1.4	bbox	542	48.0	48.0	48.0	321,1005,8,4	107.2			
544	544	1.048	рюкзак-синий	8.1	8.0	снег-в-тени	0.657	30.8	0.0	-6.0	6.0	bbox	543	45.0	45.0	45.0	783,0,2,13	106.4			
545	545	0.799	рюкзак-синий	3.2	19.4	снег-в-тени	0.883	58.2	4.0	-13.0	13.6	bbox	544	41.0	41.0	41.0	209,433,8,12	106.2			
546	546	1.648	стакан-марка-красная	13.2	3.3	снег-в-тени	0.930	53.1	-2.0	-1.0	2.2	bbox	545	65.0	65.0	65.0	149,437,8,6	105.9			
547	547	1.801	рюкзак-синий	9.1	39.2	снег-освещённый	0.645	78.0	0.0	-5.0	5.0	bbox	546	53.0	53.0	53.0	900,1058,11,9	105.7			
548	548	1.159	рюкзак-синий	9.1	7.0	снег-в-тени	0.729	31.8	2.0	-5.0	5.4	bbox	547	96.0	96.0	96.0	599,1067,4,8	105.4			
549	549	1.553	рюкзак-синий	12.0	10.8	порода-в-тени	0.391	28.0	0.0	-2.0	2.0	bbox	548	31.0	30.0	31.0	1159,387,10,6	104.1			
550	550	1.668	рюкзак-синий	5.1	43.2	снег-пересвеченный	1.105	82.0	2.0	-9.0	9.2	bbox	549	88.0	88.0	88.0	1184,340,11,5	103.6			
551	551	1.907	стакан-марка-красная	13.2	27.1	снег-освещённый	0.226	76.9	-2.0	-1.0	2.2	bbox	550	14.0	14.0	15.0	1231,251,7,6	103.4			
552	552	0.523	рюкзак-синий	2.8	10.8	снег-в-тени	0.628	49.6	3.0	-12.0	12.4	bbox	551	81.0	81.0	81.0	517,407,12,12	103.4			
553	553	1.846	стакан-марка-красная	11.0	34.5	порода-в-тени	0.398	15.3	0.0	1.0	1.0	bbox	552	66.0	66.0	66.0	1583,841,6,8	103.1			
554	554	1.215	рюкзак-синий	4.0	31.0	снег-в-тени	0.834	69.8	1.0	-10.0	10.0	bbox	553	85.0	81.0	85.0	1563,537,8,7	103.1			
555	555	1.808	стакан-марка-красная	12.0	28.0	порода-в-тени	0.183	21.8	-1.0	0.0	1.0	bbox	554	40.0	40.0	43.0	641,925,6,12	102.1			
556	556	0.967	рюкзак-синий	5.1	20.4	порода-в-тени	1.033	18.4	0.0	-9.0	9.0	bbox	555	52.0	52.0	52.0	497,1073,14,4	102.1			
557	557	0.768	рюкзак-синий	5.1	12.0	снег-в-тени	0.164	50.8	0.0	-9.0	9.0	bbox	556	82.0	82.0	82.0	94,79,7,6	101.9			
558	558	1.848	стакан-марка-красная	12.1	29.8	порода-в-тени	0.910	20.0	0.0	6.0	6.0	bbox	557	89.0	89.0	89.0	1733,1009,4,8	101.3			
559	559	1.777	стакан-марка-красная	14.0	7.8	снег-освещённый	0.864	57.6	-3.0	0.0	3.0	bbox	558	8.0	8.0	8.0	905,443,6,6	100.5			
560	560	1.377	стакан-марка-красная	6.1	32.2	порода-охристая	0.903	17.6	10.0	7.0	12.2	bbox	559	89.0	89.0	89.0	1378,3,11,12	100.1			
561	561	1.266	рюкзак-синий	5.1	30.6	снег-в-тени	0.821	69.4	2.0	-9.0	9.2	bbox	560	74.0	74.0	74.0	1787,183,8,8	100.0			
562	562	1.211	рюкзак-синий	5.9	27.0	порода-в-тени	0.995	11.8	-1.0	-8.5	8.6	bbox	561	23.0	23.0	23.0	232,348,8,5	99.9			
563	563	1.545	рюкзак-синий	12.2	7.7	снег-в-тени	0.762	46.5	-1.0	-2.0	2.2	bbox	562	24.0	24.0	24.0	109,389,12,4	99.7			
564	564	1.976	стакан-марка-красная	9.0	45.5	порода-в-тени	0.802	4.3	2.0	1.0	2.2	bbox	563	79.0	79.0	79.0	1849,1029,8,4	99.6			
565	565	1.253	рюкзак-синий	8.0	21.2	порода-в-тени	0.735	17.6	1.0	-6.0	6.1	bbox	564	93.0	93.0	93.0	1654,1004,4,9	99.6			
566	566	1.635	рюкзак-синий	11.2	23.7	снег-освещённый	0.752	62.5	-1.0	-3.0	3.2	bbox	565	14.0	14.0	16.0	1017,251,10,4	99.5			
567	567	0.987	рюкзак-синий	6.1	17.6	порода-в-тени	0.910	21.2	0.0	-8.0	8.0	bbox	566	18.0	18.0	18.0	222,461,7,10	99.4			
568	568	2.252	стакан-марка-красная	11.0	49.8	снег-освещённый	0.683	99.6	0.0	0.0	0.0	bbox	567	10.0	10.0	10.0	649,977,8,7	99.3			
569	569	0.849	рюкзак-синий	6.0	11.2	снег-в-тени	0.731	27.6	1.0	-8.0	8.1	bbox	568	12.0	12.0	12.0	721,529,2,14	99.2			
570	570	2.133	стакан-марка-красная	13.2	38.0	снег-освещённый	0.307	87.8	-2.0	-1.0	2.2	bbox	569	80.0	80.0	80.0	416,631,5,7	99.2			
571	571	1.714	стакан-марка-красная	11.0	28.6	снег-освещённый	0.196	78.4	0.0	1.0	1.0	bbox	570	38.0	38.0	38.0	703,71,14,2	99.0			
572	572	2.231	стакан-марка-красная	11.4	48.0	снег-пересвеченный	0.577	97.8	0.0	-2.0	2.0	bbox	571	26.0	26.0	26.0	95,295,8,6	98.2			
573	573	1.646	стакан-марка-красная	13.2	2.4	снег-в-тени	0.923	52.2	-2.0	-1.0	2.2	bbox	572	66.0	66.0	66.0	287,397,6,8	97.7			
574	574	0.502	рюкзак-синий	2.5	11.0	снег-в-тени	0.509	49.8	-0.5	-12.0	12.0	bbox	573	52.0	52.0	52.0	1723,11,2,13	97.6			
575	575	1.353	рюкзак-синий	3.6	35.7	снег-в-тени	1.033	74.5	-1.0	-11.0	11.0	bbox	574	1.0	1.0	1.0	1821,17,2,13	97.3			
576	576	0.531	рюкзак-синий	3.6	7.9	снег-в-тени	0.397	46.7	-1.0	-11.0	11.0	bbox	575	5.0	5.0	5.0	1413,1009,3,16	96.3			
577	577	2.203	стакан-марка-красная	12.1	44.9	снег-пересвеченный	0.536	94.7	0.0	-4.0	4.0	bbox	576	19.0	19.0	19.0	1057,857,6,11	96.0			
578	578	1.757	стакан-марка-красная	14.0	2.7	снег-освещённый	1.039	52.5	-3.0	0.0	3.0	bbox	577	78.0	77.0	78.0	935,0,8,5	95.9			
579	579	1.888	стакан-марка-красная	11.0	36.1	порода-в-тени	0.367	13.7	0.0	0.0	0.0	bbox	578	71.0	71.0	71.0	1549,781,8,10	95.5			
580	580	1.524	рюкзак-синий	12.2	2.9	порода-в-тени	0.581	35.9	-1.0	-2.0	2.2	bbox	579	92.0	92.0	92.0	595,407,10,8	95.4			
581	581	0.664	рюкзак-синий	3.2	14.9	снег-в-тени	0.431	53.7	0.0	-11.0	11.0	bbox	580	58.0	56.0	58.0	1633,651,10,10	95.1			
582	582	1.782	рюкзак-синий	13.0	20.2	порода-в-тени	0.258	18.6	0.0	-1.0	1.0	bbox	581	42.0	40.0	42.0	1119,707,2,14	95.0			
583	583	1.787	стакан-марка-красная	11.0	31.8	порода-в-тени	0.292	18.0	0.0	0.0	0.0	bbox	582	47.0	46.0	47.0	1037,1069,3,11	94.8			
584	584	1.441	рюкзак-синий	4.3	37.5	снег-в-тени	1.093	76.3	2.5	-10.0	10.3	bbox	583	32.0	32.0	32.0	1877,430,4,11	94.6			
585	585	1.339	стакан-марка-красная	10.0	12.9	порода-в-тени	0.708	36.9	1.0	0.0	1.0	bbox	584	88.0	84.0	88.0	1548,629,7,5	94.0			
586	586	1.589	рюкзак-синий	9.2	30.6	снег-освещённый	0.746	69.4	-1.0	-5.0	5.1	bbox	585	35.0	35.0	36.0	81,263,12,7	93.8			
587	587	0.456	рюкзак-синий	3.6	2.0	снег-в-тени	0.468	40.8	-1.0	-11.0	11.0	bbox	586	3.0	3.0	3.0	833,693,6,8	93.5			
588	588	1.562	рюкзак-синий	12.4	6.3	снег-в-тени	0.796	45.1	-2.0	-2.0	2.8	bbox	587	24.0	24.0	24.0	0,367,11,4	92.6			
589	589	1.419	рюкзак-синий	5.1	35.5	снег-в-тени	0.987	74.3	2.0	-9.0	9.2	bbox	588	33.0	33.0	33.0	1171,372,12,5	92.6			
590	590	0.751	палка-древко-контроль	6.0	0.8	снег-в-тени	1.038	40.8	-8.0	-9.0	12.0	bbox	589	99.0	99.0	99.0	0,482,5,7	92.2			
591	591	1.652	рюкзак-синий	12.4	16.3	снег-в-тени	0.832	55.1	-2.0	-2.0	2.8	bbox	590	27.0	27.0	29.0	1007,177,8,6	90.9			
592	592	2.234	стакан-марка-красная	11.7	47.3	снег-пересвеченный	0.551	97.1	0.0	-3.0	3.0	bbox	591	6.0	6.0	6.0	1350,67,5,8	90.8			
593	593	1.342	рюкзак-синий	7.1	28.3	снег-в-тени	1.025	67.1	6.0	-9.0	10.8	bbox	592	38.0	38.0	38.0	945,285,8,4	90.8			
594	594	1.135	рюкзак-синий	4.5	27.7	снег-в-тени	0.723	66.5	-1.0	-10.0	10.0	bbox	593	84.0	84.0	84.0	1468,1037,4,8	90.6			
595	595	1.256	стакан-марка-красная	10.0	0.4	снег-в-тени	1.011	50.2	1.0	0.0	1.0	bbox	594	73.0	73.0	73.0	1897,569,6,8	90.0			
596	596	1.635	рюкзак-синий	12.4	14.9	снег-в-тени	0.818	53.7	-2.0	-2.0	2.8	bbox	595	33.0	33.0	33.0	1331,607,12,2	89.8			
597	597	1.419	рюкзак-синий	11.0	9.8	порода-в-тени	0.546	29.0	1.0	-3.0	3.2	bbox	596	5.0	5.0	5.0	1863,659,2,12	89.6			
598	598	1.623	стакан-марка-красная	12.2	15.9	порода-в-тени	0.499	33.9	-1.0	-1.0	1.4	bbox	597	67.0	67.0	67.0	451,915,4,10	89.5			
599	599	1.827	рюкзак-синий	13.0	23.1	порода-в-тени	0.301	15.7	0.0	-1.0	1.0	bbox	598	95.0	95.0	95.0	1801,51,6,6	89.5			
600	600	1.521	рюкзак-синий	12.2	0.8	порода-в-тени	0.654	38.0	-1.0	-2.0	2.2	bbox	599	75.0	75.0	75.0	1864,520,7,9	88.7			
601	601	1.167	рюкзак-синий	8.1	16.5	снег-в-тени	0.443	55.3	2.0	-6.0	6.3	bbox	600	53.0	53.0	53.0	1574,589,3,8	88.1			
602	602	1.551	рюкзак-синий	12.2	8.6	порода-в-тени	0.392	30.2	-1.0	-2.0	2.2	bbox	601	91.0	91.0	92.0	1119,513,8,4	87.9			
603	603	0.743	рюкзак-синий	4.5	13.7	снег-в-тени	0.858	25.1	-1.0	-10.0	10.0	bbox	602	10.0	10.0	10.0	1409,1073,4,7	87.7			
604	604	1.626	стакан-марка-красная	12.2	16.1	снег-освещённый	0.547	65.9	-1.0	-1.0	1.4	bbox	603	24.0	24.0	24.0	409,289,8,4	87.6			
605	605	1.481	стакан-марка-красная	8.1	30.4	порода-в-тени	0.638	19.4	3.0	0.0	3.0	bbox	604	0.0	0.0	0.0	1331,944,7,8	87.5			
606	606	0.816	рюкзак-синий	5.6	11.8	снег-в-тени	0.118	50.6	0.0	-8.5	8.5	bbox	605	83.0	83.0	83.0	457,0,2,15	87.3			
607	607	1.469	стакан-марка-красная	11.7	3.7	снег-в-тени	0.658	53.5	0.0	-3.0	3.0	bbox	606	64.0	64.0	64.0	529,245,6,4	87.1			
608	608	1.782	стакан-марка-красная	13.2	19.2	снег-освещённый	0.456	69.0	-2.0	-1.0	2.2	bbox	607	11.0	11.0	15.0	269,1007,10,4	86.3			
609	609	0.858	рюкзак-синий	5.4	14.9	снег-в-тени	0.871	23.9	-1.0	-9.0	9.1	bbox	608	86.0	86.0	86.0	1257,813,9,4	86.3			
610	610	1.963	стакан-марка-красная	12.6	32.6	снег-освещённый	0.379	82.4	-1.0	-3.0	3.2	bbox	609	79.0	79.0	81.0	17,927,8,5	85.9			
611	611	1.305	рюкзак-синий	10.2	7.9	снег-в-тени	0.517	46.7	-1.0	-4.0	4.1	bbox	610	62.0	62.0	62.0	63,375,8,10	85.4			
612	612	2.050	стакан-марка-красная	12.1	38.8	снег-пересвеченный	0.520	88.6	0.0	-4.0	4.0	bbox	611	83.0	83.0	83.0	1353,1019,7,5	85.2			
613	613	1.141	рюкзак-синий	4.5	27.9	снег-в-тени	0.729	66.7	-1.0	-10.0	10.0	bbox	612	55.0	55.0	55.0	1851,679,4,12	85.0			
614	614	1.275	рюкзак-синий	10.2	1.0	снег-в-тени	0.589	39.8	-1.0	-4.0	4.1	bbox	613	31.0	30.0	31.0	1298,269,5,10	84.6			
615	615	1.721	рюкзак-синий	9.1	36.1	снег-освещённый	0.662	74.9	-0.5	-5.0	5.0	bbox	614	0.0	0.0	0.0	981,409,3,8	83.9			
616	616	2.035	стакан-марка-красная	11.7	39.6	снег-освещённый	0.501	89.4	0.0	-3.0	3.0	bbox	615	23.0	23.0	23.0	885,259,7,12	83.7			
617	617	1.602	стакан-марка-красная	11.0	22.7	порода-в-тени	0.367	27.1	0.0	0.0	0.0	bbox	616	41.0	41.0	43.0	1107,355,9,10	83.7			
618	618	1.839	стакан-марка-красная	7.0	45.3	порода-в-тени	0.973	4.5	4.0	1.0	4.1	bbox	617	80.0	80.0	80.0	1881,465,6,5	83.6			
619	619	0.376	рюкзак-синий	3.0	0.8	снег-в-тени	1.184	38.0	1.0	-17.0	17.0	bbox	618	2.0	2.0	2.0	1777,843,10,6	83.4			
620	620	1.630	рюкзак-синий	11.2	23.5	порода-в-тени	0.334	15.3	-1.0	-3.0	3.2	bbox	619	40.0	40.0	40.0	1386,1063,3,10	82.9			
621	621	2.155	стакан-марка-красная	13.0	39.6	снег-пересвеченный	0.398	89.4	-1.0	-4.0	4.1	bbox	620	6.0	6.0	6.0	786,1029,3,11	82.6			
622	622	0.818	рюкзак-синий	3.0	20.4	снег-в-тени	1.121	18.4	1.0	-11.0	11.0	bbox	621	14.0	13.0	14.0	1465,506,6,7	82.5			
623	623	1.782	стакан-марка-красная	11.0	31.6	порода-в-тени	0.290	18.2	0.0	0.0	0.0	bbox	622	37.0	37.0	37.0	741,847,6,6	82.0			
624	624	0.739	рюкзак-синий	3.2	17.5	снег-в-тени	1.052	56.3	4.0	-15.0	15.5	bbox	623	42.0	42.0	44.0	169,515,6,6	81.8			
625	625	1.884	рюкзак-синий	9.1	42.0	снег-пересвеченный	0.614	80.8	-0.5	-5.0	5.0	bbox	624	79.0	79.0	83.0	371,349,8,8	81.4			
626	626	1.784	стакан-марка-красная	12.0	27.1	порода-в-тени	0.292	22.7	-1.0	1.0	1.4	bbox	625	63.0	62.0	63.0	1409,707,4,10	81.0			
627	627	0.718	рюкзак-синий	3.9	14.7	снег-в-тени	0.467	53.5	-1.5	-11.0	11.1	bbox	626	5.0	5.0	5.0	1419,923,2,12	80.9			
628	628	0.381	рюкзак-синий	3.0	1.9	снег-в-тени	1.197	36.9	1.0	-17.0	17.0	bbox	627	12.0	12.0	12.0	1685,276,3,8	80.7			
629	629	1.881	стакан-марка-красная	12.1	31.4	снег-освещённый	0.516	81.2	0.0	-4.0	4.0	bbox	628	75.0	75.0	75.0	1454,440,7,7	80.4			
630	630	1.062	рюкзак-синий	5.6	22.4	снег-в-тени	0.543	61.2	2.0	-8.5	8.7	bbox	629	76.0	76.0	76.0	641,231,6,6	80.4			
631	631	0.432	рюкзак-синий	3.2	4.5	снег-в-тени	0.482	43.3	-1.0	-11.5	11.5	bbox	630	50.0	50.0	51.0	1897,0,8,5	80.3			
632	632	1.146	рюкзак-синий	4.1	28.7	снег-в-тени	1.284	67.5	5.0	-15.0	15.8	bbox	631	6.0	6.0	6.0	581,233,8,6	79.5			
633	633	0.622	рюкзак-синий	2.8	14.3	снег-в-тени	1.085	53.1	3.0	-16.0	16.3	bbox	632	99.0	99.0	99.0	151,797,6,6	79.0			
634	634	1.548	рюкзак-синий	11.9	12.2	снег-в-тени	0.740	51.0	-2.0	-2.5	3.2	bbox	633	29.0	29.0	29.0	785,5,13,2	78.7			
635	635	0.782	рюкзак-синий	5.0	13.2	снег-в-тени	0.231	52.0	1.0	-9.0	9.1	bbox	634	81.0	81.0	81.0	1645,753,2,13	78.3			
636	636	0.971	рюкзак-синий	7.8	0.8	снег-в-тени	0.369	39.6	-1.0	-6.5	6.6	bbox	635	57.0	57.0	57.0	1855,0,2,11	78.2			
637	637	1.720	рюкзак-синий	5.1	44.7	снег-пересвеченный	1.090	83.5	2.0	-9.0	9.2	bbox	636	24.0	24.0	24.0	1665,424,11,5	77.9			
638	638	0.764	рюкзак-синий	5.1	11.8	снег-в-тени	0.160	50.6	0.0	-9.0	9.0	bbox	637	82.0	82.0	82.0	25,77,8,4	77.0			
639	639	0.826	рюкзак-синий	4.1	18.1	снег-в-тени	0.409	56.9	0.0	-10.0	10.0	bbox	638	47.0	47.0	47.0	137,887,8,4	76.8			
640	640	0.443	рюкзак-синий	2.2	9.6	снег-в-тени	0.501	48.4	0.0	-12.0	12.0	bbox	639	52.0	52.0	52.0	1689,385,3,10	76.5			
641	641	1.302	рюкзак-синий	5.1	31.8	снег-в-тени	0.823	70.6	0.0	-9.0	9.0	bbox	640	3.0	3.0	3.0	1907,81,4,8	76.2			
642	642	1.938	стакан-марка-красная	9.9	41.8	снег-освещённый	1.049	91.6	4.0	-6.0	7.2	bbox	641	11.0	11.0	12.0	835,784,6,5	75.9			
643	643	1.861	рюкзак-синий	8.0	43.9	снег-пересвеченный	0.781	82.7	1.0	-6.0	6.1	bbox	642	19.0	19.0	19.0	292,63,9,6	75.5			
644	644	0.407	рюкзак-синий	3.2	2.7	снег-в-тени	1.226	36.1	2.0	-17.0	17.1	bbox	643	88.0	88.0	88.0	1124,1001,5,5	75.5			
645	645	1.407	рюкзак-синий	3.6	37.3	снег-в-тени	1.057	76.1	0.0	-10.5	10.5	bbox	644	90.0	90.0	90.0	131,947,4,6	75.5			
646	646	0.913	рюкзак-синий	6.1	14.1	снег-в-тени	0.310	52.9	2.0	-8.0	8.2	bbox	645	74.0	74.0	74.0	583,143,8,6	75.4			
647	647	1.635	рюкзак-синий	4.0	43.6	снег-пересвеченный	1.316	82.4	3.0	-10.5	10.9	bbox	646	19.0	18.0	19.0	733,369,4,10	74.9			
648	648	0.969	рюкзак-синий	6.1	16.8	порода-в-тени	0.912	22.0	0.0	-8.0	8.0	bbox	647	8.0	8.0	8.0	1043,541,8,4	74.6			
649	649	1.127	рюкзак-синий	9.0	1.9	снег-в-тени	1.919	36.9	1.0	-23.0	23.0	bbox	648	91.0	91.0	91.0	353,267,4,6	74.5			
650	650	0.532	рюкзак-синий	1.0	14.5	снег-в-тени	1.053	24.3	1.0	-13.0	13.0	bbox	649	10.0	10.0	10.0	1777,977,8,4	74.4			
651	651	1.550	стакан-марка-красная	12.4	2.9	снег-в-тени	0.781	52.7	-1.0	-2.0	2.2	bbox	650	65.0	65.0	65.0	221,197,6,8	74.4			
652	652	0.951	рюкзак-синий	5.0	20.0	снег-в-тени	1.059	18.8	1.5	-9.0	9.1	bbox	651	39.0	39.0	40.0	1821,306,7,4	74.3			
653	653	0.997	рюкзак-синий	6.1	18.1	снег-в-тени	0.409	56.9	2.0	-8.0	8.2	bbox	652	60.0	60.0	60.0	889,401,7,5	74.2			
654	654	1.643	стакан-марка-красная	10.2	29.0	порода-в-тени	0.375	20.8	1.0	-1.0	1.4	bbox	653	76.0	76.0	76.0	1439,971,6,4	73.9			
655	655	0.679	рюкзак-синий	5.0	7.4	снег-в-тени	0.613	31.4	1.0	-9.0	9.1	bbox	654	88.0	88.0	88.0	46,58,6,8	73.7			
656	656	1.066	рюкзак-синий	4.0	26.3	снег-в-тени	1.116	65.1	5.0	-13.5	14.4	bbox	655	14.0	14.0	15.0	1169,163,6,4	73.4			
657	657	0.583	рюкзак-синий	3.2	12.0	снег-в-тени	0.390	50.8	0.0	-11.0	11.0	bbox	656	56.0	56.0	57.0	1817,571,2,10	73.3			
658	658	0.225	рюкзак-синий	1.4	3.9	снег-в-тени	1.020	34.9	2.0	-15.0	15.1	bbox	657	14.0	14.0	14.0	1549,149,12,4	73.1			
659	659	1.455	стакан-марка-красная	11.2	11.4	порода-в-тени	0.691	38.4	0.0	-1.0	1.0	bbox	658	60.0	60.0	60.0	1165,427,4,8	73.1			
660	660	1.807	рюкзак-синий	12.0	28.2	порода-в-тени	0.528	10.6	1.0	-2.0	2.2	bbox	659	40.0	40.0	40.0	1423,673,2,12	73.0			
661	661	1.769	рюкзак-синий	6.1	44.7	снег-пересвеченный	1.008	83.5	2.0	-8.0	8.2	bbox	660	60.0	60.0	60.0	1025,299,10,6	73.0			
662	662	1.536	рюкзак-синий	11.2	17.9	снег-в-тени	0.712	56.7	-1.0	-3.0	3.2	bbox	661	4.0	4.0	4.0	394,661,5,4	72.9			
663	663	1.986	стакан-марка-красная	13.0	32.0	снег-освещённый	0.501	81.8	-1.0	-4.0	4.1	bbox	662	74.0	74.0	74.0	641,369,6,4	72.6			
664	664	1.484	рюкзак-синий	11.2	13.9	снег-в-тени	0.661	52.7	-1.0	-3.0	3.2	bbox	663	54.0	54.0	54.0	1729,1075,8,5	72.5			
665	665	1.395	стакан-марка-красная	10.5	12.7	порода-в-тени	0.684	37.1	0.5	0.0	0.5	bbox	664	73.0	73.0	73.0	1879,935,6,4	72.5			
666	666	1.841	рюкзак-синий	11.0	34.1	порода-в-тени	0.663	4.7	0.0	-3.0	3.0	bbox	665	46.0	46.0	46.0	1536,767,5,7	71.5			
667	667	0.838	рюкзак-синий	6.3	7.8	снег-в-тени	0.614	31.0	-1.0	-8.0	8.1	bbox	666	51.0	51.0	51.0	1748,977,3,7	71.4			
668	668	0.565	рюкзак-синий	4.1	6.5	снег-в-тени	1.079	45.3	5.0	-15.0	15.8	bbox	667	41.0	41.0	41.0	81,571,6,6	71.3			
669	669	1.714	рюкзак-синий	3.6	46.3	снег-пересвеченный	1.343	85.1	3.0	-11.0	11.4	bbox	668	11.0	11.0	14.0	1619,633,4,8	71.1			
670	670	0.773	рюкзак-синий	3.2	18.6	снег-в-тени	1.084	20.2	2.0	-11.0	11.2	bbox	669	73.0	73.0	73.0	1821,642,4,6	71.1			
671	671	1.226	рюкзак-синий	6.8	24.7	снег-в-тени	0.579	63.5	-1.0	-7.5	7.6	bbox	670	46.0	46.0	46.0	9,951,2,10	70.8			
672	672	1.769	рюкзак-синий	12.0	26.3	порода-в-тени	0.485	12.5	1.0	-2.0	2.2	bbox	671	37.0	37.0	37.0	781,798,5,7	70.5			
673	673	1.629	рюкзак-синий	12.0	17.8	порода-в-тени	0.396	21.0	1.0	-2.0	2.2	bbox	672	42.0	38.0	42.0	1153,215,2,10	70.5			
674	674	1.851	рюкзак-синий	5.1	48.7	снег-пересвеченный	1.067	87.5	2.0	-9.0	9.2	bbox	673	86.0	85.0	87.0	626,797,5,6	70.4			
675	675	1.925	стакан-марка-красная	11.2	37.1	снег-освещённый	0.599	86.9	1.0	-4.0	4.1	bbox	674	72.0	72.0	72.0	458,125,4,6	70.3			
676	676	1.056	рюкзак-синий	6.0	20.8	порода-в-тени	0.933	18.0	0.5	-8.0	8.0	bbox	675	27.0	27.0	27.0	521,1053,5,4	70.1			
677	677	1.735	рюкзак-синий	10.2	33.0	снег-освещённый	0.595	71.8	-1.0	-4.0	4.1	bbox	676	35.0	35.0	35.0	1635,307,6,4	69.6			
678	678	1.574	стакан-марка-красная	12.4	8.2	снег-в-тени	0.844	58.0	-1.0	-2.0	2.2	bbox	677	83.0	83.0	83.0	1399,145,8,4	69.4			
679	679	1.389	рюкзак-синий	3.2	37.3	снег-в-тени	1.077	76.1	0.0	-11.0	11.0	bbox	678	89.0	89.0	89.0	1057,33,2,10	69.2			
680	680	1.531	рюкзак-синий	10.0	24.7	порода-в-тени	0.537	14.1	0.5	-4.0	4.0	bbox	679	39.0	39.0	39.0	1915,955,5,6	69.1			
681	681	0.826	рюкзак-синий	5.0	15.1	снег-в-тени	0.281	53.9	1.0	-9.0	9.1	bbox	680	27.0	27.0	27.0	1427,657,6,4	68.9			
682	682	0.625	рюкзак-синий	3.2	13.6	снег-в-тени	1.021	52.4	4.0	-15.0	15.5	bbox	681	82.0	81.0	82.0	1133,123,10,4	68.9			
683	683	1.546	стакан-марка-красная	5.0	39.6	порода-в-тени	1.093	10.2	6.0	1.0	6.1	bbox	682	1.0	1.0	1.0	1870,493,10,8	68.8			
684	684	1.985	стакан-марка-красная	10.0	43.1	порода-в-тени	0.645	6.7	1.0	0.5	1.1	bbox	683	42.0	42.0	42.0	1177,115,4,8	67.9			
685	685	1.467	рюкзак-синий	7.0	33.0	снег-в-тени	0.874	71.8	1.0	-7.0	7.1	bbox	684	17.0	17.0	17.0	253,680,5,5	67.8			
686	686	1.292	рюкзак-синий	10.2	5.9	снег-в-тени	0.527	44.7	-1.0	-4.0	4.1	bbox	685	55.0	55.0	55.0	1217,1011,4,6	67.8			
687	687	1.756	стакан-марка-красная	13.2	17.3	снег-освещённый	0.522	67.1	-2.0	-1.0	2.2	bbox	686	8.0	8.0	8.0	563,605,6,4	67.7			
688	688	0.560	рюкзак-синий	4.5	1.0	снег-в-тени	1.213	39.8	5.0	-16.0	16.8	bbox	687	6.0	6.0	6.0	603,313,12,2	66.7			
689	689	1.694	стакан-марка-красная	11.5	25.1	порода-в-тени	0.348	24.7	-0.5	1.0	1.1	bbox	688	62.0	62.0	62.0	1357,593,2,9	66.3			
690	690	1.453	стакан-марка-красная	10.8	15.3	снег-освещённый	0.719	65.1	1.0	-3.0	3.2	bbox	689	84.0	84.0	84.0	1213,969,6,4	66.2			
691	691	2.258	стакан-марка-красная	12.4	46.1	снег-пересвеченный	0.438	95.9	-1.0	-2.0	2.2	bbox	690	45.0	45.0	45.0	492,601,5,8	66.0			
692	692	1.974	рюкзак-синий	6.1	51.0	снег-пересвеченный	0.977	89.8	2.0	-8.0	8.2	bbox	691	92.0	92.0	92.0	465,163,4,10	65.9			
693	693	0.889	рюкзак-синий	6.4	10.8	снег-в-тени	1.459	49.6	6.0	-18.0	19.0	bbox	692	40.0	40.0	40.0	809,0,8,3	65.3			
694	694	1.918	рюкзак-синий	2.5	53.0	снег-пересвеченный	1.266	91.8	1.5	-11.5	11.6	bbox	693	0.0	0.0	0.0	559,449,8,4	65.2			
695	695	1.375	рюкзак-синий	4.2	35.5	снег-в-тени	1.049	74.3	-2.0	-11.0	11.2	bbox	694	57.0	57.0	58.0	1827,799,2,10	65.1			
696	696	0.777	рюкзак-синий	4.1	16.3	снег-в-тени	0.439	55.1	2.0	-10.0	10.2	bbox	695	76.0	76.0	76.0	1317,564,10,3	64.9			
697	697	1.463	рюкзак-синий	5.1	36.9	снег-в-тени	1.034	75.7	2.0	-9.0	9.2	bbox	696	33.0	33.0	33.0	1095,407,12,4	64.8			
698	698	2.104	стакан-марка-красная	11.4	43.3	снег-пересвеченный	0.843	93.1	2.0	-6.0	6.3	bbox	697	46.0	43.0	46.0	960,670,6,7	64.7			
699	699	2.227	рюкзак-синий	9.2	53.4	снег-пересвеченный	0.454	92.2	-1.0	-5.0	5.1	bbox	698	19.0	19.0	19.0	1194,1014,5,7	64.6			
700	700	1.382	стакан-марка-красная	11.0	1.6	снег-в-тени	1.000	48.2	0.0	0.0	0.0	bbox	699	73.0	73.0	73.0	1889,681,6,8	64.6			
701	701	1.845	стакан-марка-красная	7.0	45.5	порода-в-тени	0.977	4.3	4.0	1.0	4.1	bbox	700	77.0	77.0	77.0	1863,137,4,8	64.5			
702	702	0.399	рюкзак-синий	1.0	10.6	снег-в-тени	0.886	49.4	1.0	-15.0	15.0	bbox	701	99.0	96.0	99.0	493,706,6,5	64.5			
703	703	0.937	рюкзак-синий	6.1	15.3	снег-в-тени	0.226	54.1	0.0	-8.0	8.0	bbox	702	78.0	78.0	78.0	1469,749,2,10	64.4			
704	704	1.823	стакан-марка-красная	11.0	33.3	порода-в-тени	0.313	16.5	0.0	0.0	0.0	bbox	703	37.0	37.0	37.0	541,809,4,6	64.2			
705	705	1.421	стакан-марка-красная	11.0	10.0	порода-в-тени	0.778	39.8	0.0	1.0	1.0	bbox	704	60.0	60.0	60.0	1181,1057,4,4	63.9			
706	706	1.519	рюкзак-синий	11.8	10.6	снег-в-тени	0.715	49.4	-1.5	-2.5	2.9	bbox	705	35.0	35.0	35.0	1521,273,8,2	63.8			
707	707	0.957	рюкзак-синий	5.1	20.0	снег-в-тени	1.072	18.8	2.0	-9.0	9.2	bbox	706	14.0	13.0	14.0	1408,483,4,8	63.0			
708	708	1.473	рюкзак-синий	4.1	38.7	снег-в-тени	1.116	77.5	2.0	-10.0	10.2	bbox	707	24.0	24.0	24.0	1078,209,3,6	62.9			
709	709	0.937	рюкзак-синий	6.3	14.1	снег-в-тени	0.834	24.7	-1.0	-8.0	8.1	bbox	708	16.0	16.0	16.0	1874,433,5,5	62.6			
710	710	0.951	рюкзак-синий	5.4	18.8	порода-в-тени	1.008	20.0	-1.0	-9.0	9.1	bbox	709	52.0	52.0	52.0	441,1057,7,4	62.4			
711	711	0.688	рюкзак-синий	5.4	3.9	снег-в-тени	0.919	42.7	6.0	-12.0	13.4	bbox	710	63.0	63.0	63.0	1082,0,5,3	62.3			
712	712	0.905	рюкзак-синий	5.6	16.1	снег-в-тени	0.261	54.9	0.0	-8.5	8.5	bbox	711	83.0	83.0	83.0	133,193,10,2	62.2			
713	713	0.481	рюкзак-синий	1.4	12.5	снег-в-тени	1.191	26.3	2.0	-15.0	15.1	bbox	712	18.0	18.0	18.0	1752,577,3,10	62.0			
714	714	1.827	стакан-марка-красная	12.0	29.2	порода-в-тени	0.280	20.6	-1.0	1.0	1.4	bbox	713	37.0	37.0	37.0	383,647,4,6	61.7			
715	715	1.569	стакан-марка-красная	12.1	11.8	снег-освещённый	0.690	61.6	-1.0	-0.5	1.1	bbox	714	75.0	75.0	75.0	1913,855,7,6	61.4			
716	716	0.896	рюкзак-синий	6.3	11.8	снег-в-тени	0.160	50.6	-1.0	-8.0	8.1	bbox	715	83.0	83.0	86.0	216,233,5,4	61.0			
717	717	1.765	рюкзак-синий	7.1	42.8	снег-пересвеченный	0.777	81.6	0.0	-7.0	7.0	bbox	716	0.0	0.0	0.0	470,1001,5,6	60.9			
718	718	1.540	рюкзак-синий	5.1	39.2	снег-в-тени	1.116	78.0	2.0	-9.0	9.2	bbox	717	79.0	79.0	79.0	170,528,9,7	60.8			
719	719	0.793	рюкзак-синий	6.3	1.6	снег-в-тени	0.293	40.4	-1.0	-8.0	8.1	bbox	718	4.0	4.0	4.0	349,541,4,4	60.7			
720	720	1.029	рюкзак-синий	4.1	24.9	снег-в-тени	1.216	63.7	5.0	-15.0	15.8	bbox	719	8.0	8.0	8.0	347,433,4,6	60.7			
721	721	0.398	рюкзак-синий	3.2	1.4	снег-в-тени	1.044	40.2	4.0	-15.0	15.5	bbox	720	81.0	81.0	81.0	919,87,10,4	60.3			
722	722	0.315	рюкзак-синий	2.5	1.2	снег-в-тени	1.130	37.6	1.0	-16.5	16.5	bbox	721	12.0	12.0	12.0	1669,195,3,8	60.1			
723	723	2.049	стакан-марка-красная	14.8	24.9	порода-в-тени	1.136	24.9	-2.0	8.0	8.2	bbox	722	45.0	45.0	45.0	1525,13,4,4	59.9			
724	724	1.385	рюкзак-синий	5.8	33.0	снег-в-тени	0.900	71.8	-2.0	-9.0	9.2	bbox	723	51.0	48.0	51.0	1757,737,2,8	59.9			
725	725	0.679	рюкзак-синий	4.5	10.8	снег-в-тени	0.287	49.6	-1.0	-10.0	10.0	bbox	724	52.0	52.0	52.0	1705,211,2,8	59.9			
726	726	1.670	рюкзак-синий	12.4	17.7	снег-в-тени	0.849	56.5	-2.0	-2.0	2.8	bbox	725	29.0	27.0	29.0	1201,110,7,3	59.6			
727	727	1.660	стакан-марка-красная	11.1	25.5	снег-освещённый	0.241	75.3	0.0	-0.5	0.5	bbox	726	40.0	40.0	40.0	121,859,4,6	59.6			
728	728	1.522	стакан-марка-красная	12.0	6.3	порода-в-тени	0.845	43.5	-1.0	0.0	1.0	bbox	727	75.0	75.0	75.0	1875,473,6,6	59.4			
729	729	1.546	стакан-марка-красная	12.4	0.0	снег-в-тени	0.764	49.8	-1.0	-2.0	2.2	bbox	728	28.0	27.0	29.0	581,65,11,2	59.2			
730	730	0.822	рюкзак-синий	2.7	21.0	снег-в-тени	0.613	59.8	0.0	-11.5	11.5	bbox	729	52.0	52.0	52.0	1667,587,6,6	59.1			
731	731	1.535	рюкзак-синий	12.2	5.9	снег-в-тени	0.768	44.7	-1.0	-2.0	2.2	bbox	730	63.0	63.0	63.0	409,395,4,6	59.1			
732	732	0.921	рюкзак-синий	6.0	14.9	снег-в-тени	0.855	23.9	0.5	-8.0	8.0	bbox	731	10.0	10.0	10.0	1313,983,8,2	58.9			
733	733	1.490	рюкзак-синий	11.9	3.3	порода-в-тени	0.571	35.5	-2.0	-2.5	3.2	bbox	732	28.0	26.0	28.0	505,145,6,4	58.5			
734	734	1.079	рюкзак-синий	4.7	25.3	снег-в-тени	0.661	64.1	-1.5	-10.0	10.1	bbox	733	55.0	55.0	55.0	1849,753,4,8	58.4			
735	735	1.356	рюкзак-синий	6.7	29.8	снег-в-тени	0.896	68.6	4.0	-8.0	8.9	bbox	734	76.0	76.0	76.0	1205,1025,6,6	58.4			
736	736	1.381	стакан-марка-красная	11.0	0.6	снег-в-тени	1.001	49.2	0.0	0.0	0.0	bbox	735	59.0	59.0	59.0	829,497,2,8	58.0			
737	737	1.373	стакан-марка-красная	6.2	31.8	порода-в-тени	0.881	18.0	5.0	-0.5	5.0	bbox	736	0.0	0.0	0.0	1335,1017,4,8	57.7			
738	738	0.258	рюкзак-синий	1.8	3.5	снег-в-тени	1.068	35.3	2.0	-15.5	15.6	bbox	737	31.0	31.0	31.0	1895,437,7,6	57.7			
739	739	1.431	стакан-марка-красная	11.3	6.9	снег-в-тени	0.831	42.9	0.0	-1.5	1.5	bbox	738	33.0	33.0	33.0	1579,681,6,4	57.7			
740	740	0.844	рюкзак-синий	4.0	19.0	снег-в-тени	1.040	57.8	5.0	-14.0	14.9	bbox	739	81.0	81.0	82.0	989,75,8,2	57.4			
741	741	1.392	стакан-марка-красная	11.1	2.9	снег-в-тени	0.954	52.7	0.0	-0.5	0.5	bbox	740	59.0	59.0	59.0	833,609,2,8	57.3			
742	742	1.618	стакан-марка-красная	12.7	9.4	порода-в-тени	0.717	40.4	-1.5	-1.0	1.8	bbox	741	78.0	78.0	78.0	1228,197,5,4	57.3			
743	743	2.031	стакан-марка-красная	12.6	35.7	снег-освещённый	0.411	85.5	-1.0	-3.0	3.2	bbox	742	80.0	80.0	80.0	419,699,5,6	57.2			
744	744	1.592	рюкзак-синий	12.4	10.6	снег-в-тени	0.793	49.4	-2.0	-2.0	2.8	bbox	743	9.0	9.0	9.0	943,327,6,4	57.1			
745	745	1.832	рюкзак-синий	4.5	48.8	снег-пересвеченный	1.242	87.6	3.0	-10.0	10.4	bbox	744	77.0	77.0	78.0	1090,7,8,2	57.1			
746	746	1.171	рюкзак-синий	2.5	31.6	снег-в-тени	1.293	70.4	3.0	-15.5	15.8	bbox	745	12.0	12.0	12.0	1795,155,3,6	56.8			
747	747	1.964	стакан-марка-красная	11.4	37.8	порода-в-тени	0.738	12.0	0.0	4.0	4.0	bbox	746	89.0	89.0	89.0	1795,1033,4,6	56.7			
748	748	1.854	рюкзак-синий	8.2	43.2	снег-пересвеченный	0.614	82.0	-1.0	-6.0	6.1	bbox	747	2.0	2.0	3.0	7,901,4,6	56.6			
749	749	1.994	стакан-марка-красная	13.0	32.4	снег-пересвеченный	0.497	82.2	-1.0	-4.0	4.1	bbox	748	80.0	80.0	80.0	403,327,6,5	56.4			
750	750	1.572	рюкзак-синий	5.6	39.4	снег-пересвеченный	1.109	78.2	2.0	-8.5	8.7	bbox	749	24.0	24.0	24.0	1447,361,10,2	56.2			
751	751	1.382	стакан-марка-красная	11.0	1.4	снег-в-тени	1.007	51.2	0.0	0.0	0.0	bbox	750	59.0	59.0	59.0	813,121,2,8	56.2			
752	752	0.486	рюкзак-синий	3.4	6.9	снег-в-тени	1.065	45.7	4.0	-15.5	16.0	bbox	751	88.0	88.0	88.0	1281,91,10,2	56.2			
753	753	1.347	стакан-марка-красная	10.8	1.0	снег-в-тени	0.646	50.8	1.0	-3.0	3.2	bbox	752	65.0	65.0	65.0	389,377,8,8	56.0			
754	754	1.432	стакан-марка-красная	5.0	36.1	порода-в-тени	1.157	13.7	7.0	-2.0	7.3	bbox	753	0.0	0.0	0.0	1437,753,4,5	55.5			
755	755	1.549	стакан-марка-красная	12.4	2.5	снег-в-тени	0.761	47.3	-1.0	-2.0	2.2	bbox	754	62.0	62.0	62.0	513,837,6,6	55.5			
756	756	1.422	стакан-марка-красная	10.2	17.6	порода-в-тени	0.563	32.2	1.0	-1.0	1.4	bbox	755	80.0	80.0	80.0	1565,955,2,10	55.5			
757	757	1.133	рюкзак-синий	7.2	19.2	снег-в-тени	0.724	58.0	5.0	-8.0	9.4	bbox	756	39.0	39.0	39.0	1001,43,8,2	55.4			
758	758	1.114	рюкзак-синий	5.7	24.1	снег-в-тени	1.830	14.7	5.0	-18.0	18.7	bbox	757	91.0	91.0	91.0	75,313,2,7	55.0			
759	759	1.384	рюкзак-синий	6.0	32.6	снег-в-тени	0.851	71.4	1.0	-8.0	8.1	bbox	758	33.0	33.0	33.0	1553,318,8,3	54.9			
760	760	0.784	рюкзак-синий	6.0	6.1	снег-в-тени	0.739	44.9	5.5	-10.0	11.4	bbox	759	38.0	38.0	38.0	203,115,4,4	54.9			
761	761	1.403	рюкзак-синий	6.5	32.0	снег-в-тени	0.844	70.8	1.5	-7.5	7.6	bbox	760	59.0	59.0	59.0	609,213,6,4	54.9			
762	762	1.594	рюкзак-синий	11.4	20.0	порода-в-тени	0.256	18.8	-2.0	-3.0	3.6	bbox	761	10.0	10.0	10.0	646,1073,4,7	54.8			
763	763	1.532	рюкзак-синий	3.0	41.6	снег-в-тени	1.472	80.4	4.0	-14.0	14.6	bbox	762	12.0	12.0	12.0	1627,587,6,6	54.8			
764	764	0.969	рюкзак-синий	3.6	23.9	снег-в-тени	0.996	62.7	4.5	-13.0	13.8	bbox	763	47.0	47.0	47.0	833,175,8,2	54.8			
765	765	1.328	стакан-марка-красная	4.7	33.3	порода-охристая	1.129	16.5	13.5	5.0	14.4	bbox	764	89.0	89.0	89.0	1157,85,4,4	54.8			
766	766	1.974	рюкзак-синий	7.1	49.4	снег-пересвеченный	0.712	88.2	0.0	-7.0	7.0	bbox	765	97.0	97.0	97.0	87,981,4,6	54.0			
767	767	1.784	рюкзак-синий	4.3	47.7	снег-пересвеченный	1.203	86.5	2.5	-10.0	10.3	bbox	766	30.0	30.0	30.0	1156,131,3,6	53.8			
768	768	1.710	рюкзак-синий	8.0	38.8	снег-освещённый	0.799	77.6	1.0	-6.0	6.1	bbox	767	32.0	32.0	32.0	1821,979,4,7	53.7			
769	769	1.753	стакан-марка-красная	12.1	24.9	порода-в-тени	0.924	24.9	0.0	6.0	6.0	bbox	768	89.0	89.0	89.0	1843,913,6,4	53.5			
770	770	1.150	рюкзак-синий	6.1	24.1	снег-в-тени	0.541	62.9	0.0	-8.0	8.0	bbox	769	0.0	0.0	0.0	412,737,5,4	53.3			
771	771	1.638	рюкзак-синий	12.2	17.0	порода-в-тени	0.183	21.8	-1.0	-2.0	2.2	bbox	770	73.0	73.0	73.0	1661,655,4,6	53.2			
772	772	1.597	рюкзак-синий	12.7	3.0	порода-в-тени	0.768	41.8	-1.5	-1.5	2.1	bbox	771	90.0	90.0	90.0	1257,545,8,2	53.2			
773	773	1.676	стакан-марка-красная	11.2	25.9	порода-в-тени	0.280	23.9	0.0	-1.0	1.0	bbox	772	73.0	73.0	73.0	1693,327,4,6	53.1			
774	774	0.611	рюкзак-синий	4.0	9.8	снег-в-тени	0.281	48.6	1.0	-10.0	10.0	bbox	773	17.0	17.0	17.0	17,1019,6,6	53.0			
775	775	0.377	рюкзак-синий	3.0	1.2	снег-в-тени	1.189	37.6	1.0	-17.0	17.0	bbox	774	2.0	2.0	2.0	1831,797,9,2	52.8			
776	776	1.324	рюкзак-синий	9.1	19.2	снег-в-тени	0.524	58.0	0.0	-5.0	5.0	bbox	775	53.0	53.0	53.0	1661,746,4,5	52.7			
777	777	1.706	стакан-марка-красная	13.3	10.0	снег-освещённый	0.800	59.8	-2.0	-2.0	2.8	bbox	776	81.0	81.0	81.0	105,849,8,2	52.6			
778	778	1.700	стакан-марка-красная	12.6	17.5	снег-освещённый	0.612	67.3	-1.0	-3.0	3.2	bbox	777	1.0	1.0	1.0	595,382,6,5	52.4			
779	779	0.275	рюкзак-синий	1.1	6.6	снег-в-тени	1.040	32.2	0.5	-15.0	15.0	bbox	778	14.0	14.0	14.0	1499,633,4,6	52.4			
780	780	0.657	рюкзак-синий	3.0	15.1	снег-в-тени	0.452	53.9	1.0	-11.0	11.0	bbox	779	77.0	77.0	77.0	1679,569,2,8	52.1			
781	781	1.367	рюкзак-синий	10.3	12.8	снег-в-тени	0.551	51.6	-1.5	-4.0	4.3	bbox	780	1.0	1.0	1.0	649,349,6,6	51.9			
782	782	1.860	рюкзак-синий	5.0	49.0	снег-пересвеченный	0.981	87.8	1.0	-9.0	9.1	bbox	781	10.0	10.0	10.0	1910,82,2,7	51.9			
783	783	1.462	стакан-марка-красная	3.4	39.2	порода-охристая	1.787	10.6	14.0	-0.5	14.0	bbox	782	91.0	91.0	91.0	61,473,4,4	51.9			
784	784	0.580	рюкзак-синий	4.0	8.2	снег-в-тени	0.675	30.6	1.0	-10.0	10.0	bbox	783	0.0	0.0	0.0	893,573,4,4	51.8			
785	785	1.405	рюкзак-синий	11.2	3.9	снег-в-тени	0.662	42.7	-1.0	-3.0	3.2	bbox	784	32.0	32.0	32.0	1801,898,2,7	51.6			
786	786	1.682	рюкзак-синий	13.3	6.1	порода-в-тени	0.441	32.7	-2.0	-1.0	2.2	bbox	785	94.0	94.0	94.0	441,433,8,6	51.6			
787	787	1.522	стакан-марка-красная	12.2	1.6	снег-в-тени	0.893	51.4	-1.0	-1.0	1.4	bbox	786	72.0	72.0	72.0	829,349,6,4	51.5			
788	788	2.014	стакан-марка-красная	13.2	32.6	снег-освещённый	0.185	82.4	-2.0	-1.0	2.2	bbox	787	78.0	78.0	78.0	874,39,7,2	51.4			
789	789	0.817	рюкзак-синий	5.3	13.3	снег-в-тени	1.060	25.5	5.0	-10.5	11.6	bbox	788	40.0	40.0	40.0	1327,103,4,6	51.1			
790	790	1.790	стакан-марка-красная	10.5	33.9	порода-в-тени	0.373	15.9	0.5	0.0	0.5	bbox	789	47.0	46.0	47.0	1063,835,2,8	51.1			
791	791	1.185	рюкзак-синий	6.1	25.5	порода-в-тени	0.944	13.3	0.0	-8.0	8.0	bbox	790	28.0	28.0	28.0	1098,821,5,6	50.9			
792	792	1.277	стакан-марка-красная	10.2	2.0	снег-в-тени	0.884	47.8	1.0	-1.0	1.4	bbox	791	82.0	82.0	82.0	1659,881,6,4	50.8			
793	793	0.919	рюкзак-синий	5.0	18.8	снег-в-тени	0.394	57.6	1.0	-9.0	9.1	bbox	792	34.0	34.0	34.0	168,633,7,4	50.3			
794	794	1.407	стакан-марка-красная	11.2	4.5	снег-в-тени	0.880	45.3	0.0	-1.0	1.0	bbox	793	78.0	78.0	78.0	1475,85,2,8	50.3			
795	795	1.040	рюкзак-синий	5.8	20.8	снег-в-тени	1.181	18.0	4.0	-9.0	9.8	bbox	794	95.0	95.0	95.0	1651,49,5,3	50.1			
796	796	0.545	рюкзак-синий	2.2	13.1	снег-в-тени	1.237	25.7	3.0	-15.0	15.3	bbox	795	18.0	18.0	18.0	1757,341,2,8	49.9			
797	797	1.467	рюкзак-синий	6.1	35.1	снег-в-тени	0.966	73.9	2.0	-8.0	8.2	bbox	796	33.0	33.0	33.0	1629,314,8,3	49.6			
798	798	1.943	рюкзак-синий	12.5	32.1	порода-в-тени	0.554	6.7	0.0	-1.5	1.5	bbox	797	34.0	33.0	34.0	1777,933,5,8	49.4			
799	799	1.767	рюкзак-синий	6.7	43.6	снег-освещённый	1.181	82.4	4.0	-8.0	8.9	bbox	798	60.0	60.0	60.0	737,526,6,5	49.0			
800	800	1.331	рюкзак-синий	9.1	19.6	снег-в-тени	0.534	58.4	0.0	-5.0	5.0	bbox	799	53.0	53.0	53.0	317,737,3,7	48.5			
801	801	1.457	стакан-марка-красная	5.0	36.9	порода-в-тени	1.314	12.9	7.0	4.0	8.1	bbox	800	82.0	82.0	82.0	1851,37,6,6	47.6			
802	802	2.034	рюкзак-синий	13.0	34.1	порода-в-тени	0.614	4.7	0.0	-1.0	1.0	bbox	801	8.0	8.0	8.0	1737,19,4,4	47.4			
803	803	1.334	стакан-марка-красная	3.2	35.7	порода-в-тени	1.276	14.1	8.0	0.0	8.0	bbox	802	0.0	0.0	0.0	1399,378,5,4	47.3			
804	804	0.688	рюкзак-синий	5.5	0.0	снег-в-тени	0.350	38.8	1.0	-8.5	8.6	bbox	803	17.0	17.0	17.0	1639,123,4,5	47.3			
805	805	0.961	рюкзак-синий	3.2	24.5	снег-в-тени	0.974	63.3	4.0	-13.0	13.6	bbox	804	47.0	47.0	47.0	1055,171,6,2	47.3			
806	806	1.422	рюкзак-синий	9.5	22.0	снег-в-тени	0.647	60.8	-2.0	-5.0	5.4	bbox	805	35.0	35.0	35.0	290,219,6,2	47.2			
807	807	0.697	рюкзак-синий	5.1	7.9	снег-в-тени	0.977	46.7	6.0	-13.0	14.3	bbox	806	40.0	40.0	40.0	1337,11,6,2	46.9			
808	808	0.815	рюкзак-синий	6.3	5.5	снег-в-тени	0.176	44.3	-1.0	-8.0	8.1	bbox	807	25.0	25.0	25.0	105,699,4,4	46.8			
809	809	1.788	стакан-марка-красная	7.1	43.5	порода-в-тени	0.912	6.3	4.0	0.0	4.0	bbox	808	8.0	8.0	9.0	1537,25,12,3	46.6			
810	810	1.510	стакан-марка-красная	11.0	17.4	порода-в-тени	0.554	32.4	0.0	1.0	1.0	bbox	809	43.0	43.0	43.0	915,889,4,6	46.3			
811	811	1.642	стакан-марка-красная	10.0	29.6	порода-в-тени	0.395	20.2	1.0	0.0	1.0	bbox	810	47.0	47.0	47.0	1121,217,4,4	46.1			
812	812	0.481	рюкзак-синий	3.0	8.3	снег-в-тени	0.420	47.1	1.5	-11.0	11.1	bbox	811	61.0	61.0	61.0	1551,33,2,6	46.1			
813	813	1.089	рюкзак-синий	5.1	24.7	снег-в-тени	0.627	63.5	2.0	-9.0	9.2	bbox	812	74.0	74.0	74.0	1905,523,4,6	46.1			
814	814	1.053	рюкзак-синий	2.0	28.7	снег-в-тени	0.871	67.5	1.0	-12.0	12.0	bbox	813	90.0	90.0	90.0	1681,217,2,8	46.0			
815	815	1.997	рюкзак-синий	8.1	48.3	снег-пересвеченный	0.638	87.1	0.0	-6.0	6.0	bbox	814	2.0	2.0	2.0	14,525,3,4	45.6			
816	816	1.694	стакан-марка-красная	11.5	25.1	порода-в-тени	0.348	24.7	-0.5	1.0	1.1	bbox	815	64.0	64.0	64.0	1403,585,2,7	45.1			
817	817	1.877	стакан-марка-красная	12.1	31.2	снег-освещённый	0.515	81.0	0.0	-4.0	4.0	bbox	816	86.0	84.0	86.0	1339,417,5,4	45.1			
818	818	1.555	рюкзак-синий	11.8	14.1	снег-в-тени	0.736	52.9	-1.5	-2.5	2.9	bbox	817	27.0	27.0	27.0	833,295,8,2	44.9			
819	819	2.330	стакан-марка-красная	12.0	49.8	снег-пересвеченный	0.620	99.6	-1.0	0.0	1.0	bbox	818	16.0	16.0	16.0	1811,582,3,5	44.7			
820	820	1.243	рюкзак-синий	7.1	24.5	порода-в-тени	0.820	14.3	0.0	-7.0	7.0	bbox	819	26.0	26.0	26.0	397,906,4,3	44.4			
821	821	0.990	рюкзак-синий	3.4	25.1	снег-в-тени	0.948	63.9	4.0	-12.5	13.1	bbox	820	36.0	36.0	36.0	506,135,7,2	44.3			
822	822	0.970	рюкзак-синий	5.6	18.8	снег-в-тени	0.357	57.6	0.0	-8.5	8.5	bbox	821	46.0	46.0	46.0	11,209,6,2	44.2			
823	823	1.591	стакан-марка-красная	10.2	26.7	порода-в-тени	0.388	23.1	1.0	-1.0	1.4	bbox	822	47.0	46.0	47.0	1083,599,2,6	44.1			
824	824	1.098	стакан-марка-красная	5.0	25.3	порода-в-тени	1.141	24.5	7.0	-2.0	7.3	bbox	823	88.0	88.0	88.0	1587,113,2,6	44.1			
825	825	1.552	рюкзак-синий	4.1	41.0	снег-в-тени	1.196	79.8	2.0	-10.0	10.2	bbox	824	3.0	3.0	3.0	17,229,6,2	44.0			
826	826	1.108	рюкзак-синий	2.2	30.0	снег-в-тени	0.902	68.8	0.0	-12.0	12.0	bbox	825	8.0	8.0	8.0	1439,97,2,8	43.9			
827	827	0.995	рюкзак-синий	5.1	21.4	снег-в-тени	1.235	60.2	6.0	-15.0	16.2	bbox	826	43.0	43.0	43.0	499,325,6,4	43.9			
828	828	1.430	стакан-марка-красная	11.2	8.4	порода-в-тени	0.790	41.4	0.0	-1.0	1.0	bbox	827	73.0	73.0	73.0	1893,745,2,8	43.7			
829	829	0.756	рюкзак-синий	5.1	11.4	снег-в-тени	0.151	50.2	0.0	-9.0	9.0	bbox	828	27.0	27.0	27.0	1337,617,8,4	43.6			
830	830	0.306	рюкзак-синий	2.2	3.5	снег-в-тени	1.123	35.3	2.0	-16.0	16.1	bbox	829	31.0	31.0	31.0	1915,525,5,8	43.6			
831	831	2.073	стакан-марка-красная	12.5	38.0	снег-пересвеченный	0.568	87.8	0.0	-5.0	5.0	bbox	830	37.0	37.0	37.0	116,335,5,4	43.1			
832	832	1.310	стакан-марка-красная	10.4	3.1	снег-в-тени	0.761	46.7	1.0	-2.0	2.2	bbox	831	33.0	33.0	33.0	1647,721,4,4	43.0			
833	833	1.809	рюкзак-синий	11.5	30.6	порода-в-тени	0.535	8.2	0.0	-2.5	2.5	bbox	832	33.0	33.0	33.0	1689,929,2,7	42.9			
834	834	1.761	стакан-марка-красная	11.2	30.0	снег-розовый	0.290	79.8	0.0	3.0	3.0	bbox	833	38.0	38.0	38.0	921,193,4,3	42.6			
835	835	1.496	стакан-марка-красная	10.0	22.7	порода-в-тени	0.581	27.1	1.0	2.0	2.2	bbox	834	64.0	64.0	64.0	1415,491,2,6	42.6			
836	836	0.843	рюкзак-синий	6.1	10.2	снег-в-тени	0.044	49.0	0.0	-8.0	8.0	bbox	835	17.0	17.0	17.0	1905,221,8,2	42.4			
837	837	1.946	рюкзак-синий	9.1	44.3	снег-пересвеченный	0.619	83.1	0.0	-5.0	5.0	bbox	836	48.0	48.0	48.0	1143,489,4,8	42.4			
838	838	1.779	стакан-марка-красная	11.0	31.8	снег-освещённый	1.041	81.6	3.5	-7.0	7.8	bbox	837	38.0	38.0	38.0	969,423,8,2	42.2			
839	839	1.221	рюкзак-синий	8.0	19.6	снег-в-тени	0.471	58.4	1.0	-6.0	6.1	bbox	838	53.0	53.0	53.0	1323,7,2,6	42.1			
840	840	1.598	стакан-марка-красная	9.2	31.0	порода-в-тени	0.503	18.8	2.0	-1.0	2.2	bbox	839	47.0	47.0	47.0	1075,701,3,4	41.9			
841	841	1.443	рюкзак-синий	6.1	34.3	снег-в-тени	0.939	73.1	2.0	-8.0	8.2	bbox	840	33.0	33.0	33.0	1287,373,4,4	41.8			
842	842	1.866	рюкзак-синий	13.0	25.5	порода-в-тени	0.355	13.3	0.0	-1.0	1.0	bbox	841	41.0	41.0	41.0	1229,795,4,6	41.7			
843	843	1.812	рюкзак-синий	6.5	45.3	снег-пересвеченный	0.828	84.1	0.5	-7.5	7.5	bbox	842	88.0	88.0	88.0	1161,659,4,4	41.7			
844	844	1.427	рюкзак-синий	8.2	27.6	порода-в-тени	0.943	11.2	3.0	-6.0	6.7	bbox	843	8.0	8.0	8.0	1393,939,2,6	41.5			
845	845	1.108	рюкзак-синий	5.8	23.4	снег-в-тени	0.983	62.2	6.0	-11.0	12.5	bbox	844	38.0	38.0	38.0	617,199,4,3	41.5			
846	846	0.639	рюкзак-синий	3.6	12.6	снег-в-тени	1.194	51.4	0.0	-17.5	17.5	bbox	845	3.0	3.0	3.0	1839,201,4,8	41.4			
847	847	1.827	стакан-марка-красная	12.3	27.8	снег-освещённый	0.219	77.6	-1.0	-1.5	1.8	bbox	846	41.0	41.0	41.0	522,797,4,4	41.3			
848	848	1.486	стакан-марка-красная	11.2	14.1	снег-освещённый	0.628	63.9	0.0	-1.0	1.0	bbox	847	47.0	47.0	47.0	463,1055,6,4	41.3			
849	849	0.948	рюкзак-синий	4.5	21.3	снег-в-тени	1.107	17.5	1.0	-9.5	9.6	bbox	848	92.0	92.0	92.0	1265,752,2,5	41.3			
850	850	1.508	стакан-марка-красная	4.5	39.2	порода-в-тени	1.178	10.6	7.0	-1.0	7.1	bbox	849	1.0	1.0	1.0	1889,79,8,2	41.0			
851	851	1.721	стакан-марка-красная	6.6	42.3	порода-в-тени	1.007	7.5	4.5	2.0	4.9	bbox	850	85.0	85.0	85.0	1706,33,6,2	41.0			
852	852	1.399	стакан-марка-красная	11.2	2.0	снег-в-тени	0.875	47.8	0.0	-1.0	1.0	bbox	851	72.0	72.0	72.0	1695,633,2,8	40.9			
853	853	0.532	рюкзак-синий	4.1	3.7	снег-в-тени	0.518	35.1	0.0	-10.0	10.0	bbox	852	89.0	89.0	89.0	219,114,4,3	40.7			
854	854	1.526	рюкзак-синий	12.2	3.5	порода-в-тени	0.561	35.3	-1.0	-2.0	2.2	bbox	853	72.0	72.0	72.0	797,405,4,4	40.6			
855	855	0.584	рюкзак-синий	3.0	12.5	снег-в-тени	0.864	26.3	1.0	-11.0	11.0	bbox	854	0.0	0.0	0.0	1013,656,4,3	40.4			
856	856	1.192	рюкзак-синий	9.5	2.3	снег-в-тени	0.599	36.5	0.5	-4.5	4.5	bbox	855	31.0	31.0	31.0	785,23,6,2	40.3			
857	857	1.812	стакан-марка-красная	7.2	44.1	порода-в-тени	0.918	5.7	4.0	-0.5	4.0	bbox	856	81.0	81.0	81.0	1729,99,2,6	40.1			
858	858	1.343	рюкзак-синий	6.1	31.0	снег-в-тени	0.825	69.8	2.0	-8.0	8.2	bbox	857	18.0	18.0	18.0	261,270,3,6	40.0			
859	859	0.396	рюкзак-синий	3.2	0.4	снег-в-тени	1.062	38.4	4.0	-15.0	15.5	bbox	858	85.0	85.0	85.0	1605,0,4,5	39.7			
860	860	1.414	рюкзак-синий	6.0	33.6	снег-в-тени	0.886	72.4	1.0	-8.0	8.1	bbox	859	48.0	48.0	48.0	41,521,2,8	39.5			
861	861	1.654	стакан-марка-красная	12.2	18.2	порода-в-тени	0.418	31.6	-1.0	-1.0	1.4	bbox	860	95.0	95.0	95.0	1543,33,4,4	39.4			
862	862	1.392	стакан-марка-красная	4.5	35.7	порода-в-тени	1.147	14.1	7.0	-1.0	7.1	bbox	861	0.0	0.0	0.0	1377,481,8,4	39.3			
863	863	1.495	рюкзак-синий	5.1	37.9	снег-пересвеченный	1.030	76.7	0.0	-9.0	9.0	bbox	862	90.0	90.0	90.0	297,1015,4,4	39.3			
864	864	1.521	рюкзак-синий	11.7	12.0	снег-в-тени	0.707	50.8	-1.0	-2.5	2.7	bbox	863	26.0	26.0	26.0	413,707,6,2	39.2			
865	865	0.375	рюкзак-синий	3.0	0.2	снег-в-тени	1.178	38.6	1.0	-17.0	17.0	bbox	864	2.0	2.0	2.0	1770,909,7,2	39.1			
866	866	1.379	рюкзак-синий	7.0	29.8	снег-в-тени	0.765	68.6	1.0	-7.0	7.1	bbox	865	17.0	17.0	17.0	522,744,3,5	38.8			
867	867	1.532	стакан-марка-красная	12.3	0.6	снег-в-тени	0.827	50.4	-1.0	-1.5	1.8	bbox	866	33.0	33.0	33.0	1419,629,6,2	38.3			
868	868	0.804	рюкзак-синий	6.1	7.3	снег-в-тени	0.061	46.1	0.0	-8.0	8.0	bbox	867	25.0	25.0	25.0	209,465,7,2	38.2			
869	869	1.516	рюкзак-синий	6.0	36.9	снег-в-тени	1.004	75.7	1.0	-8.0	8.1	bbox	868	47.0	47.0	47.0	506,866,5,5	38.2			
870	870	1.030	рюкзак-синий	6.1	19.4	снег-в-тени	0.449	58.2	2.0	-8.0	8.2	bbox	869	60.0	60.0	60.0	33,785,5,2	38.2			
871	871	1.540	рюкзак-синий	12.3	4.3	порода-в-тени	0.523	34.5	-1.5	-2.0	2.5	bbox	870	92.0	92.0	92.0	1263,11,6,6	38.1			
872	872	1.903	стакан-марка-красная	11.0	36.7	порода-в-тени	0.520	13.1	0.0	2.0	2.0	bbox	871	62.0	62.0	62.0	1393,263,2,8	38.0			
873	873	1.466	рюкзак-синий	11.2	12.4	снег-в-тени	0.649	51.2	-1.0	-3.0	3.2	bbox	872	83.0	83.0	83.0	1133,0,4,3	38.0			
874	874	1.186	стакан-марка-красная	9.5	0.8	снег-в-тени	0.792	49.0	2.0	-2.0	2.8	bbox	873	82.0	82.0	82.0	1653,1001,2,7	37.9			
875	875	1.402	рюкзак-синий	3.2	37.7	снег-в-тени	1.090	76.5	0.0	-11.0	11.0	bbox	874	3.0	3.0	3.0	161,129,2,6	37.7			
876	876	1.631	стакан-марка-красная	5.0	42.2	порода-в-тени	1.142	7.6	6.0	1.5	6.2	bbox	875	85.0	85.0	85.0	1801,27,2,6	37.7			
877	877	1.983	стакан-марка-красная	9.8	43.5	снег-освещённый	0.694	93.3	2.0	-3.0	3.6	bbox	876	46.0	46.0	46.0	732,761,3,5	37.6			
878	878	1.394	стакан-марка-красная	7.1	30.2	порода-в-тени	0.761	19.6	4.0	0.0	4.0	bbox	877	0.0	0.0	0.0	1373,155,2,6	37.5			
879	879	1.347	рюкзак-синий	2.2	36.9	снег-в-тени	1.378	75.7	3.0	-15.0	15.3	bbox	878	0.0	0.0	0.0	1303,571,8,2	37.5			
880	880	1.776	стакан-марка-красная	14.1	4.9	снег-освещённый	0.973	54.7	-3.0	-1.0	3.2	bbox	879	29.0	29.0	29.0	601,19,6,2	37.4			
881	881	1.536	рюкзак-синий	5.4	38.7	снег-пересвеченный	0.961	77.5	-1.0	-9.0	9.1	bbox	880	92.0	92.0	92.0	169,651,2,6	37.3			
882	882	1.562	рюкзак-синий	9.6	28.2	порода-в-тени	0.751	10.6	2.0	-4.5	4.9	bbox	881	15.0	15.0	15.0	1679,785,2,6	36.9			
883	883	1.159	рюкзак-синий	2.5	31.2	снег-в-тени	1.217	70.0	3.5	-14.5	14.9	bbox	882	11.0	11.0	11.0	1872,97,3,6	36.8			
884	884	0.197	рюкзак-синий	1.1	3.9	снег-в-тени	1.006	34.9	1.5	-15.0	15.1	bbox	883	31.0	31.0	31.0	1849,923,4,4	36.7			
885	885	1.377	рюкзак-синий	5.5	33.4	снег-в-тени	0.892	72.2	1.5	-8.5	8.6	bbox	884	18.0	18.0	18.0	353,569,2,6	36.6			
886	886	1.619	рюкзак-синий	12.7	9.6	порода-в-тени	0.344	29.2	-1.0	-1.5	1.8	bbox	885	95.0	95.0	95.0	1403,177,6,2	36.6			
887	887	1.599	стакан-марка-красная	11.2	21.8	порода-в-тени	0.370	28.0	0.0	-1.0	1.0	bbox	886	73.0	73.0	73.0	1769,677,6,6	36.5			
888	888	1.614	стакан-марка-красная	12.2	15.1	снег-освещённый	0.581	64.9	-1.0	-1.0	1.4	bbox	887	9.0	9.0	9.0	225,751,4,4	36.3			
889	889	0.167	рюкзак-синий	1.0	3.1	снег-в-тени	0.866	35.7	0.0	-14.0	14.0	bbox	888	31.0	31.0	31.0	1845,404,6,5	36.3			
890	890	1.221	рюкзак-синий	8.0	19.6	снег-в-тени	0.471	58.4	1.0	-6.0	6.1	bbox	889	37.0	37.0	37.0	235,181,6,4	36.3			
891	891	1.399	рюкзак-синий	3.6	37.1	снег-в-тени	1.078	75.9	-1.0	-11.0	11.0	bbox	890	90.0	90.0	90.0	13,805,4,4	36.2			
892	892	1.624	рюкзак-синий	12.6	10.4	снег-в-тени	0.840	49.2	-3.0	-2.0	3.6	bbox	891	92.0	92.0	92.0	973,131,4,4	36.2			
893	893	1.927	стакан-марка-красная	11.0	37.6	порода-в-тени	0.406	12.2	0.0	0.0	0.0	bbox	892	57.0	57.0	57.0	1917,705,3,7	36.1			
894	894	1.709	стакан-марка-красная	13.6	2.7	снег-в-тени	0.944	52.5	-2.5	-1.0	2.7	bbox	893	29.0	29.0	29.0	773,4,4,3	36.0			
895	895	1.834	рюкзак-синий	6.6	45.9	снег-пересвеченный	0.961	84.7	2.0	-7.5	7.8	bbox	894	28.0	28.0	28.0	1253,6,4,3	35.5			
896	896	1.266	рюкзак-синий	5.1	30.6	снег-в-тени	0.821	69.4	2.0	-9.0	9.2	bbox	895	32.0	32.0	32.0	1301,562,3,5	35.4			
897	897	1.717	стакан-марка-красная	10.5	31.0	порода-в-тени	0.404	18.8	0.5	1.0	1.1	bbox	896	40.0	40.0	40.0	1009,667,2,6	35.4			
898	898	2.260	стакан-марка-красная	12.1	47.1	снег-пересвеченный	0.562	96.9	0.0	-4.0	4.0	bbox	897	26.0	26.0	26.0	43,256,3,4	35.3			
899	899	1.214	стакан-марка-красная	4.0	31.0	порода-в-тени	1.154	18.8	7.0	1.0	7.1	bbox	898	86.0	86.0	86.0	1587,65,2,6	35.2			
900	900	0.651	рюкзак-синий	5.1	3.7	снег-в-тени	0.225	42.5	0.0	-9.0	9.0	bbox	899	40.0	40.0	40.0	1396,884,2,5	35.0			
901	901	0.316	рюкзак-синий	2.5	1.3	снег-в-тени	1.132	37.5	1.0	-16.5	16.5	bbox	900	1.0	1.0	1.0	1507,907,2,6	34.8			
902	902	0.879	рюкзак-синий	3.2	22.0	снег-в-тени	0.596	60.8	0.0	-11.0	11.0	bbox	901	84.0	84.0	84.0	1477,897,3,8	34.5			
903	903	0.936	рюкзак-синий	5.4	18.2	снег-в-тени	1.049	20.6	3.0	-9.0	9.5	bbox	902	95.0	95.0	95.0	1446,251,4,3	34.5			
904	904	1.565	рюкзак-синий	8.2	33.0	снег-освещённый	0.816	71.8	-1.0	-6.0	6.1	bbox	903	88.0	88.0	88.0	1449,655,3,4	34.4			
905	905	1.731	рюкзак-синий	6.1	43.6	снег-пересвеченный	1.020	82.4	2.0	-8.0	8.2	bbox	904	26.0	26.0	26.0	518,417,3,5	34.3			
906	906	2.052	рюкзак-синий	6.1	53.4	снег-пересвеченный	0.978	92.2	2.0	-8.0	8.2	bbox	905	92.0	92.0	92.0	408,63,7,2	34.1			
907	907	1.534	стакан-марка-красная	5.0	39.2	порода-в-тени	1.089	10.6	6.0	1.0	6.1	bbox	906	1.0	1.0	1.0	1901,409,4,3	34.0			
908	908	0.789	рюкзак-синий	4.6	15.1	снег-в-тени	0.880	23.7	0.0	-9.5	9.5	bbox	907	15.0	15.0	15.0	1518,333,4,4	34.0			
909	909	0.484	рюкзак-синий	3.5	5.5	снег-в-тени	0.342	44.3	0.5	-10.5	10.5	bbox	908	25.0	25.0	25.0	65,549,4,4	33.9			
910	910	1.667	рюкзак-синий	3.8	44.7	снег-пересвеченный	1.065	83.5	-0.5	-10.5	10.5	bbox	909	94.0	94.0	94.0	129,281,4,4	33.9			
911	911	1.160	рюкзак-синий	6.1	24.5	снег-в-тени	0.608	63.3	2.0	-8.0	8.2	bbox	910	37.0	37.0	37.0	49,1025,4,4	33.8			
912	912	0.195	рюкзак-синий	1.4	2.3	снег-в-тени	0.964	36.5	0.0	-15.0	15.0	bbox	911	4.0	4.0	4.0	926,737,3,5	33.7			
913	913	1.301	рюкзак-синий	8.1	22.7	порода-в-тени	0.855	16.1	2.5	-6.0	6.5	bbox	912	15.0	15.0	15.0	1686,641,3,4	33.7			
914	914	0.824	рюкзак-синий	5.5	12.7	снег-в-тени	0.788	26.1	1.0	-8.5	8.6	bbox	913	72.0	72.0	72.0	91,1056,3,4	33.7			
915	915	1.200	рюкзак-синий	5.8	26.7	снег-в-тени	1.050	65.5	6.0	-11.0	12.5	bbox	914	39.0	39.0	39.0	1109,73,4,2	33.4			
916	916	1.684	рюкзак-синий	11.0	27.2	порода-в-тени	0.550	11.6	1.0	-3.0	3.2	bbox	915	37.0	37.0	37.0	797,934,3,4	33.3			
917	917	1.443	рюкзак-синий	11.0	11.7	порода-в-тени	0.426	27.1	0.0	-3.0	3.0	bbox	916	62.0	62.0	62.0	839,1071,3,3	33.2			
918	918	1.175	рюкзак-синий	5.0	27.9	снег-в-тени	1.257	66.7	6.0	-14.0	15.2	bbox	917	43.0	43.0	43.0	741,151,4,2	33.0			
919	919	1.923	стакан-марка-красная	11.0	37.6	порода-в-тени	0.460	12.2	0.0	1.0	1.0	bbox	918	57.0	57.0	57.0	1908,841,5,2	33.0			
920	920	1.692	рюкзак-синий	11.0	27.6	порода-в-тени	0.558	11.2	1.0	-3.0	3.2	bbox	919	40.0	40.0	40.0	1500,811,5,2	32.5			
921	921	1.888	стакан-марка-красная	12.6	29.2	снег-освещённый	0.325	79.0	-1.5	2.5	2.9	bbox	920	39.0	39.0	39.0	1216,247,4,3	31.6			
922	922	1.323	рюкзак-синий	9.1	19.2	порода-в-тени	0.560	19.6	0.0	-5.0	5.0	bbox	921	99.0	98.0	99.0	1176,1001,3,3	31.5			
923	923	0.804	рюкзак-синий	4.0	17.6	снег-в-тени	0.991	21.2	1.0	-10.0	10.0	bbox	922	4.0	4.0	4.0	777,1003,2,4	31.4			
924	924	1.792	рюкзак-синий	5.1	46.9	снег-пересвеченный	1.075	85.7	2.0	-9.0	9.2	bbox	923	15.0	13.0	15.0	746,919,3,4	31.3			
925	925	1.521	рюкзак-синий	12.2	0.8	порода-в-тени	0.708	39.6	-1.0	-2.0	2.2	bbox	924	13.0	13.0	13.0	603,1043,4,2	31.1			
926	926	1.198	рюкзак-синий	5.7	27.1	снег-в-тени	0.933	65.9	5.0	-10.0	11.2	bbox	925	40.0	40.0	40.0	1009,229,4,2	31.1			
927	927	1.072	рюкзак-синий	6.1	21.2	порода-в-тени	1.013	17.6	2.0	-8.0	8.2	bbox	926	85.0	85.0	85.0	1350,843,3,3	31.0			
928	928	1.241	рюкзак-синий	5.0	30.0	снег-в-тени	0.771	68.8	1.0	-9.0	9.1	bbox	927	88.0	88.0	88.0	1515,79,2,5	31.0			
929	929	1.092	рюкзак-синий	6.1	21.9	порода-в-тени	0.919	16.9	0.0	-8.0	8.0	bbox	928	30.0	30.0	30.0	1666,726,3,3	30.7			
930	930	1.774	стакан-марка-красная	12.5	23.5	снег-освещённый	0.411	73.3	-1.0	-2.5	2.7	bbox	929	13.0	13.0	13.0	1137,437,2,4	30.6			
931	931	1.530	рюкзак-синий	11.2	17.4	порода-в-тени	0.282	21.4	-1.0	-3.0	3.2	bbox	930	30.0	30.0	30.0	817,239,4,2	30.5			
932	932	1.340	рюкзак-синий	8.1	24.7	снег-в-тени	0.615	63.5	0.0	-6.0	6.0	bbox	931	35.0	35.0	35.0	13,287,5,3	30.4			
933	933	1.055	рюкзак-синий	6.0	20.8	порода-в-тени	0.956	18.0	1.0	-8.0	8.1	bbox	932	2.0	2.0	2.0	1793,305,2,4	30.3			
934	934	0.306	рюкзак-синий	1.1	7.6	снег-в-тени	1.059	31.2	0.5	-15.0	15.0	bbox	933	18.0	18.0	18.0	1749,733,2,5	30.3			
935	935	0.710	рюкзак-синий	5.5	4.7	снег-в-тени	0.527	34.1	1.5	-8.5	8.6	bbox	934	62.0	62.0	62.0	73,1069,2,4	30.2			
936	936	1.659	рюкзак-синий	12.4	16.8	порода-в-тени	0.137	22.0	-2.0	-2.0	2.8	bbox	935	95.0	95.0	95.0	1767,751,4,2	30.2			
937	937	1.242	стакан-марка-красная	9.8	4.5	снег-в-тени	0.679	45.3	2.0	-3.0	3.6	bbox	936	82.0	82.0	82.0	1679,643,2,6	30.0			
938	938	1.361	стакан-марка-красная	6.0	31.8	порода-охристая	0.885	18.0	10.5	7.0	12.6	bbox	937	89.0	89.0	89.0	1553,9,6,2	29.8			
939	939	2.206	рюкзак-синий	7.0	56.7	снег-пересвеченный	0.819	95.5	1.0	-7.0	7.1	bbox	938	1.0	1.0	1.0	201,517,4,4	29.6			
940	940	1.214	рюкзак-синий	9.7	0.8	снег-в-тени	0.541	39.6	-1.0	-4.5	4.6	bbox	939	10.0	10.0	10.0	819,831,4,2	29.6			
941	941	1.521	рюкзак-синий	12.2	0.4	порода-в-тени	0.668	38.4	-1.0	-2.0	2.2	bbox	940	92.0	92.0	92.0	565,447,6,4	29.5			
942	942	1.273	рюкзак-синий	5.2	30.6	снег-в-тени	0.784	69.4	-0.5	-9.0	9.0	bbox	941	99.0	99.0	99.0	891,731,4,2	29.5			
943	943	1.475	рюкзак-синий	11.7	6.1	снег-в-тени	0.706	44.9	-1.0	-2.5	2.7	bbox	942	34.0	34.0	34.0	881,567,4,2	29.4			
944	944	0.521	рюкзак-синий	4.1	2.2	снег-в-тени	0.349	41.0	0.0	-10.0	10.0	bbox	943	3.0	3.0	3.0	331,0,2,5	29.3			
945	945	1.537	рюкзак-синий	11.7	13.5	порода-в-тени	0.285	25.3	-1.0	-2.5	2.7	bbox	944	95.0	95.0	95.0	1737,1055,4,2	29.3			
946	946	1.549	стакан-марка-красная	12.4	2.5	снег-в-тени	0.761	47.3	-1.0	-2.0	2.2	bbox	945	36.0	36.0	36.0	807,93,4,2	29.2			
947	947	1.160	рюкзак-синий	6.1	24.5	снег-в-тени	0.555	63.3	0.0	-8.0	8.0	bbox	946	86.0	86.0	86.0	825,177,5,2	29.1			
948	948	1.771	стакан-марка-красная	10.7	32.5	порода-в-тени	0.332	17.3	0.5	-1.0	1.1	bbox	947	41.0	41.0	41.0	1247,565,2,4	28.9			
949	949	1.278	рюкзак-синий	5.4	30.4	снег-в-тени	0.785	69.2	-1.0	-9.0	9.1	bbox	948	2.0	2.0	2.0	325,563,4,3	28.6			
950	950	1.916	стакан-марка-красная	10.9	37.6	порода-в-тени	0.758	12.2	0.5	4.0	4.0	bbox	949	89.0	89.0	89.0	1695,1073,6,2	28.6			
951	951	2.073	рюкзак-синий	9.2	48.3	снег-пересвеченный	0.468	87.1	-1.0	-5.0	5.1	bbox	950	85.0	85.0	85.0	1360,605,3,4	28.5			
952	952	1.436	рюкзак-синий	8.1	28.7	снег-в-тени	0.745	67.5	0.0	-6.0	6.0	bbox	951	25.0	25.0	25.0	41,104,2,5	28.4			
953	953	0.596	рюкзак-синий	4.5	5.5	снег-в-тени	0.257	44.3	1.0	-9.5	9.6	bbox	952	25.0	25.0	25.0	147,585,6,2	28.4			
954	954	0.625	рюкзак-синий	5.0	0.0	снег-в-тени	0.366	38.8	1.0	-9.0	9.1	bbox	953	17.0	17.0	17.0	309,1073,3,3	28.3			
955	955	0.948	рюкзак-синий	5.0	20.0	снег-в-тени	1.050	18.8	1.0	-9.0	9.1	bbox	954	2.0	2.0	2.0	1449,42,3,3	28.2			
956	956	1.989	стакан-марка-красная	11.2	39.6	снег-освещённый	0.355	89.4	0.0	-1.0	1.0	bbox	955	24.0	24.0	24.0	227,233,4,2	28.2			
957	957	0.997	рюкзак-синий	6.1	18.1	снег-в-тени	0.409	56.9	2.0	-8.0	8.2	bbox	956	37.0	37.0	37.0	345,363,6,2	28.1			
958	958	1.223	рюкзак-синий	4.6	30.2	снег-в-тени	0.857	69.0	-2.0	-10.5	10.7	bbox	957	90.0	90.0	90.0	169,1047,4,2	27.7			
959	959	1.381	рюкзак-синий	10.0	16.1	порода-в-тени	0.458	22.7	0.0	-4.0	4.0	bbox	958	3.0	3.0	3.0	737,217,2,4	27.6			
960	960	1.912	рюкзак-синий	9.1	43.2	снег-пересвеченный	0.639	82.0	0.0	-5.0	5.0	bbox	959	84.0	84.0	84.0	963,237,4,4	27.6			
961	961	1.782	рюкзак-синий	5.0	46.7	снег-пересвеченный	1.034	85.5	1.5	-9.0	9.1	bbox	960	28.0	28.0	28.0	1231,189,4,4	27.5			
962	962	1.665	стакан-марка-красная	11.0	26.3	порода-в-тени	0.371	23.5	0.0	1.0	1.0	bbox	961	73.0	73.0	73.0	1885,1037,2,4	27.5			
963	963	0.375	рюкзак-синий	3.0	0.4	снег-в-тени	1.173	39.2	1.0	-17.0	17.0	bbox	962	2.0	2.0	2.0	1743,974,4,3	27.4			
964	964	2.334	стакан-марка-красная	12.1	49.8	снег-пересвеченный	0.585	99.6	-1.0	-0.5	1.1	bbox	963	10.0	10.0	10.0	737,897,2,4	27.3			
965	965	1.662	рюкзак-синий	8.2	36.5	снег-пересвеченный	0.762	75.3	-1.0	-6.0	6.1	bbox	964	2.0	2.0	2.0	1075,609,3,3	26.6			
966	966	1.951	рюкзак-синий	5.6	51.0	снег-пересвеченный	1.018	89.8	2.0	-8.5	8.7	bbox	965	92.0	92.0	92.0	151,724,4,3	26.6			
967	967	1.144	рюкзак-синий	3.6	29.4	снег-в-тени	0.830	68.2	-1.0	-11.0	11.0	bbox	966	2.0	2.0	2.0	49,393,3,3	26.5			
968	968	1.501	стакан-марка-красная	11.0	16.9	снег-розовый	0.480	66.7	0.0	1.0	1.0	bbox	967	40.0	40.0	40.0	1037,375,4,4	26.3			
969	969	1.535	рюкзак-синий	12.2	5.9	снег-в-тени	0.768	44.7	-1.0	-2.0	2.2	bbox	968	93.0	93.0	93.0	225,865,4,2	26.3			
970	970	1.830	рюкзак-синий	5.2	47.9	снег-пересвеченный	1.115	86.7	2.5	-9.0	9.3	bbox	969	1.0	1.0	1.0	937,269,4,4	26.0			
971	971	0.327	рюкзак-синий	2.2	4.7	снег-в-тени	1.012	43.5	0.0	-16.0	16.0	bbox	970	96.0	96.0	96.0	549,231,4,2	25.5			
972	972	1.891	стакан-марка-красная	13.0	27.1	снег-освещённый	0.226	76.9	-2.0	1.0	2.2	bbox	971	40.0	40.0	40.0	695,722,3,3	25.4			
973	973	1.551	стакан-марка-красная	12.4	3.5	снег-в-тени	0.786	53.3	-1.0	-2.0	2.2	bbox	972	46.0	46.0	46.0	401,1063,4,4	25.4			
974	974	0.585	рюкзак-синий	4.3	6.7	снег-в-тени	1.130	45.5	5.0	-15.5	16.3	bbox	973	15.0	15.0	15.0	243,529,2,4	25.3			
975	975	1.650	стакан-марка-красная	13.2	3.9	порода-в-тени	0.910	45.9	-2.0	-1.0	2.2	bbox	974	64.0	64.0	64.0	117,391,4,4	25.3			
976	976	1.485	рюкзак-синий	6.1	35.7	снег-в-тени	0.986	74.5	2.0	-8.0	8.2	bbox	975	48.0	48.0	48.0	259,603,4,4	25.2			
977	977	1.958	рюкзак-синий	6.0	50.6	снег-пересвеченный	0.930	89.4	1.5	-8.0	8.1	bbox	976	92.0	92.0	92.0	504,43,4,2	25.1			
978	978	0.797	рюкзак-синий	6.1	6.7	снег-в-тени	0.082	45.5	0.0	-8.0	8.0	bbox	977	26.0	26.0	26.0	1194,873,3,3	24.9			
979	979	1.564	стакан-марка-красная	12.3	8.8	порода-в-тени	0.748	41.0	-1.0	-1.5	1.8	bbox	978	93.0	93.0	93.0	363,717,4,2	24.9			
980	980	0.859	рюкзак-синий	6.1	11.2	снег-в-тени	0.079	50.0	0.0	-8.0	8.0	bbox	979	17.0	17.0	17.0	1821,43,2,4	24.8			
981	981	1.776	рюкзак-синий	6.3	44.5	снег-пересвеченный	1.106	83.3	3.0	-8.0	8.5	bbox	980	38.0	38.0	38.0	769,229,4,2	24.6			
982	982	1.197	рюкзак-синий	3.0	31.8	снег-в-тени	0.898	70.6	0.5	-11.0	11.0	bbox	981	3.0	3.0	3.0	57,149,2,4	24.4			
983	983	0.339	рюкзак-синий	2.7	1.2	снег-в-тени	1.123	37.6	0.0	-16.5	16.5	bbox	982	1.0	1.0	1.0	1563,873,4,2	24.3			
984	984	1.537	стакан-марка-красная	5.9	37.8	порода-в-тени	0.985	12.0	5.5	-1.0	5.6	bbox	983	1.0	1.0	1.0	1857,297,2,4	24.2			
985	985	0.792	рюкзак-синий	5.5	11.0	снег-в-тени	0.157	49.8	1.0	-8.5	8.6	bbox	984	35.0	35.0	35.0	1027,201,4,2	23.7			
986	986	1.487	рюкзак-синий	8.1	30.6	снег-в-тени	0.849	69.4	2.0	-6.0	6.3	bbox	985	17.0	17.0	17.0	127,961,3,3	23.5			
987	987	1.479	стакан-марка-красная	5.4	36.9	порода-в-тени	1.035	12.9	6.0	-1.0	6.1	bbox	986	89.0	89.0	89.0	1875,28,3,3	23.5			
988	988	1.826	рюкзак-синий	6.1	46.5	снег-пересвеченный	0.995	85.3	2.0	-8.0	8.2	bbox	987	28.0	28.0	28.0	1409,47,4,2	23.4			
989	989	0.849	рюкзак-синий	6.3	8.7	снег-в-тени	0.126	47.5	-1.0	-8.0	8.1	bbox	988	41.0	41.0	41.0	3,911,4,2	23.4			
990	990	1.033	рюкзак-синий	5.4	21.9	снег-в-тени	1.173	16.9	3.0	-9.0	9.5	bbox	989	95.0	95.0	95.0	1839,0,2,3	23.4			
991	991	1.303	рюкзак-синий	5.6	30.8	снег-в-тени	0.820	69.6	2.0	-8.5	8.7	bbox	990	24.0	24.0	24.0	715,246,2,5	23.3			
992	992	1.445	рюкзак-синий	11.5	2.3	порода-в-тени	0.654	36.5	0.0	-2.5	2.5	bbox	991	73.0	73.0	73.0	1633,393,4,2	23.2			
993	993	1.141	рюкзак-синий	5.1	26.5	снег-в-тени	0.684	65.3	2.0	-9.0	9.2	bbox	992	74.0	74.0	74.0	1861,57,2,3	23.0			
994	994	1.398	стакан-марка-красная	11.2	1.4	снег-в-тени	0.883	51.2	0.0	-1.0	1.0	bbox	993	48.0	48.0	48.0	511,1055,2,4	22.9			
995	995	1.049	рюкзак-синий	6.1	20.2	снег-в-тени	0.472	59.0	2.0	-8.0	8.2	bbox	994	74.0	74.0	74.0	1851,581,4,2	22.5			
996	996	1.819	стакан-марка-красная	12.0	28.8	снег-освещённый	0.147	78.6	-1.0	1.0	1.4	bbox	995	38.0	38.0	38.0	458,225,2,3	22.4			
997	997	0.869	рюкзак-синий	6.0	12.2	снег-в-тени	0.130	51.0	0.5	-8.0	8.0	bbox	996	35.0	35.0	35.0	995,71,4,2	22.2			
998	998	0.956	рюкзак-синий	2.1	25.7	снег-в-тени	0.878	64.5	2.5	-12.5	12.7	bbox	997	36.0	36.0	36.0	545,127,4,2	22.2			
999	999	1.372	рюкзак-синий	6.1	32.0	снег-в-тени	0.858	70.8	2.0	-8.0	8.2	bbox	998	74.0	74.0	74.0	1859,731,4,4	22.0			
1000	1000	1.904	стакан-марка-красная	13.9	21.6	порода-в-тени	0.919	28.2	-2.0	6.0	6.3	bbox	999	46.0	46.0	46.0	1917,143,3,2	21.2			
1001	1001	1.850	рюкзак-синий	8.0	43.6	снег-пересвеченный	0.737	82.4	0.5	-6.0	6.0	bbox	1000	98.0	98.0	98.0	1068,715,4,2	20.8			
1002	1002	1.923	стакан-марка-красная	12.8	29.8	снег-освещённый	0.440	79.6	-1.0	-3.5	3.6	bbox	1001	87.0	87.0	87.0	868,405,3,2	20.7			
1003	1003	0.399	рюкзак-синий	3.2	1.5	снег-в-тени	1.186	37.3	0.0	-17.0	17.0	bbox	1002	1.0	1.0	1.0	1499,988,2,3	20.6			
1004	1004	1.539	рюкзак-синий	3.6	41.2	снег-пересвеченный	1.133	80.0	-1.0	-11.0	11.0	bbox	1003	4.0	4.0	4.0	767,555,2,3	20.6			
1005	1005	0.274	рюкзак-синий	1.0	6.8	снег-в-тени	0.939	32.0	0.0	-14.0	14.0	bbox	1004	14.0	14.0	14.0	1579,595,4,2	20.5			
1006	1006	0.593	рюкзак-синий	4.3	7.2	снег-в-тени	0.704	31.6	2.5	-10.0	10.3	bbox	1005	35.0	35.0	35.0	1089,223,4,2	20.4			
1007	1007	1.327	стакан-марка-красная	10.0	12.3	порода-в-тени	0.739	37.5	1.0	0.5	1.1	bbox	1006	64.0	64.0	64.0	1377,839,3,2	20.3			
1008	1008	1.468	стакан-марка-красная	10.5	18.4	снег-розовый	0.403	68.2	0.5	1.0	1.1	bbox	1007	38.0	38.0	38.0	781,137,2,3	20.1			
1009	1009	0.357	рюкзак-синий	0.5	9.8	снег-в-тени	0.823	48.6	1.0	-14.5	14.5	bbox	1008	1.0	1.0	1.0	1819,745,2,4	20.0			
1010	1010	0.177	рюкзак-синий	1.4	0.2	снег-в-тени	0.963	39.0	2.0	-15.0	15.1	bbox	1009	13.0	13.0	13.0	1657,435,2,4	20.0			
1011	1011	0.667	рюкзак-синий	2.1	17.2	снег-в-тени	1.064	21.6	0.5	-12.0	12.0	bbox	1010	10.0	10.0	10.0	1899,867,2,3	19.9			
1012	1012	1.804	рюкзак-синий	7.5	43.2	снег-пересвеченный	0.823	82.0	1.0	-6.5	6.6	bbox	1011	98.0	98.0	98.0	1049,903,4,2	19.9			
1013	1013	1.009	рюкзак-синий	6.5	16.6	порода-в-тени	0.873	22.2	0.5	-7.5	7.5	bbox	1012	1.0	1.0	1.0	1211,584,2,3	19.8			
1014	1014	1.501	рюкзак-синий	7.0	34.1	снег-в-тени	0.915	72.9	1.0	-7.0	7.1	bbox	1013	35.0	35.0	35.0	1899,365,4,2	19.8			
1015	1015	1.378	рюкзак-синий	6.1	32.2	снег-в-тени	0.865	71.0	2.0	-8.0	8.2	bbox	1014	35.0	35.0	35.0	1839,223,4,2	19.7			
1016	1016	2.170	стакан-марка-красная	11.0	46.9	порода-в-тени	0.683	2.9	0.0	0.0	0.0	bbox	1015	60.0	60.0	60.0	1865,285,2,4	19.7			
1017	1017	2.041	стакан-марка-красная	10.8	42.9	снег-освещённый	0.621	92.7	1.0	-3.0	3.2	bbox	1016	24.0	24.0	24.0	1322,544,2,3	19.6			
1018	1018	1.026	рюкзак-синий	6.0	19.6	порода-в-тени	0.953	19.2	1.0	-8.0	8.1	bbox	1017	39.0	39.0	39.0	1907,355,3,2	19.6			
1019	1019	1.864	стакан-марка-красная	8.1	43.7	порода-в-тени	0.810	6.1	3.0	-0.5	3.0	bbox	1018	1.0	1.0	1.0	1917,856,3,2	19.5			
1020	1020	1.698	рюкзак-синий	4.6	44.7	снег-пересвеченный	0.987	83.5	0.0	-9.5	9.5	bbox	1019	94.0	94.0	94.0	261,479,2,4	19.5			
1021	1021	0.557	рюкзак-синий	2.5	12.9	снег-в-тени	0.905	25.9	1.0	-11.5	11.5	bbox	1020	14.0	14.0	14.0	1503,275,2,3	19.0			
1022	1022	1.749	рюкзак-синий	5.0	45.7	снег-пересвеченный	1.040	84.5	1.5	-9.0	9.1	bbox	1021	13.0	13.0	13.0	1275,0,2,3	18.8			
1023	1023	0.724	рюкзак-синий	5.5	6.1	снег-в-тени	0.136	44.9	0.5	-8.5	8.5	bbox	1022	25.0	25.0	25.0	325,401,4,2	18.8			
1024	1024	1.581	рюкзак-синий	5.9	39.2	снег-в-тени	1.145	78.0	3.0	-8.5	9.0	bbox	1023	39.0	39.0	39.0	439,373,3,4	18.8			
1025	1025	0.655	рюкзак-синий	3.6	13.3	снег-в-тени	1.384	25.5	-1.0	-17.0	17.0	bbox	1024	35.0	35.0	35.0	41,0,2,4	18.6			
1026	1026	1.472	рюкзак-синий	6.5	34.3	снег-в-тени	0.926	73.1	1.5	-7.5	7.6	bbox	1025	61.0	61.0	61.0	437,185,2,4	18.6			
1027	1027	0.860	рюкзак-синий	6.7	5.9	снег-в-тени	0.142	44.7	-0.5	-7.5	7.5	bbox	1026	25.0	25.0	25.0	1793,1021,3,2	18.4			
1028	1028	1.188	стакан-марка-красная	5.0	28.2	порода-в-тени	1.018	21.6	6.0	0.5	6.0	bbox	1027	87.0	87.0	87.0	1594,35,3,2	18.4			
1029	1029	0.950	рюкзак-синий	1.1	26.3	снег-в-тени	0.924	65.1	0.0	-13.5	13.5	bbox	1028	13.0	13.0	13.0	1677,24,2,3	18.3			
1030	1030	1.665	рюкзак-синий	11.0	26.1	порода-в-тени	0.622	12.7	2.0	-3.0	3.6	bbox	1029	38.0	38.0	38.0	1272,509,3,2	18.0			
1031	1031	1.035	рюкзак-синий	6.5	17.9	снег-в-тени	0.649	56.7	4.5	-8.5	9.6	bbox	1030	60.0	60.0	60.0	57,713,3,2	17.9			
1032	1032	1.668	стакан-марка-красная	12.3	18.4	снег-освещённый	0.486	68.2	-1.0	-1.5	1.8	bbox	1031	13.0	13.0	13.0	170,1039,3,2	17.5			
1033	1033	0.140	рюкзак-синий	0.5	3.5	снег-в-тени	0.936	35.3	1.0	-14.5	14.5	bbox	1032	14.0	14.0	14.0	1493,75,4,2	17.5			
1034	1034	1.849	рюкзак-синий	4.7	49.0	снег-пересвеченный	1.153	87.8	2.5	-9.5	9.8	bbox	1033	15.0	15.0	15.0	493,639,2,3	17.5			
1035	1035	1.368	рюкзак-синий	7.0	29.4	снег-в-тени	0.751	68.2	1.0	-7.0	7.1	bbox	1034	25.0	25.0	25.0	786,156,2,3	17.4			
1036	1036	1.724	рюкзак-синий	5.6	44.1	снег-пересвеченный	1.054	82.9	2.0	-8.5	8.7	bbox	1035	28.0	28.0	28.0	1866,557,3,2	17.2			
1037	1037	0.320	рюкзак-синий	2.1	5.3	снег-в-тени	1.011	44.1	0.5	-16.0	16.0	bbox	1036	97.0	97.0	97.0	435,564,2,3	17.1			
1038	1038	1.818	рюкзак-синий	4.3	48.7	снег-пересвеченный	0.985	87.5	-0.5	-10.0	10.0	bbox	1037	93.0	93.0	93.0	53,978,2,3	16.8			
1039	1039	1.375	рюкзак-синий	6.5	31.0	снег-в-тени	0.810	69.8	1.5	-7.5	7.6	bbox	1038	35.0	35.0	35.0	1899,123,2,3	16.7			
1040	1040	1.195	рюкзак-синий	8.0	18.3	снег-в-тени	0.419	57.1	0.5	-6.0	6.0	bbox	1039	34.0	34.0	34.0	240,605,3,2	16.3			
1041	1041	0.550	рюкзак-синий	4.0	6.4	снег-в-тени	0.618	32.4	1.0	-10.0	10.0	bbox	1040	94.0	94.0	94.0	1715,345,2,3	16.3			
1042	1042	0.773	рюкзак-синий	5.7	8.4	снег-в-тени	0.628	30.4	-0.5	-8.5	8.5	bbox	1041	94.0	94.0	94.0	1043,725,2,3	15.7			
1043	1043	1.826	рюкзак-синий	7.3	44.3	снег-освещённый	1.011	83.1	3.0	-7.0	7.6	bbox	1042	38.0	38.0	38.0	831,298,2,3	15.5			
1044	1044	1.991	стакан-марка-красная	11.8	37.5	снег-пересвеченный	0.792	87.3	1.5	-6.0	6.2	bbox	1043	95.0	95.0	95.0	391,854,2,3	15.5			
1045	1045	0.298	рюкзак-синий	2.0	4.5	снег-в-тени	1.020	43.3	1.0	-16.0	16.0	bbox	1044	97.0	97.0	97.0	79,500,2,3	15.2			
1046	1046	0.758	рюкзак-синий	5.6	8.2	снег-в-тени	0.618	30.6	0.0	-8.5	8.5	bbox	1045	35.0	35.0	35.0	358,297,3,2	14.8			
1047	1047	0.396	рюкзак-синий	2.2	7.9	снег-в-тени	1.001	46.7	0.0	-16.0	16.0	bbox	1046	99.0	99.0	99.0	139,792,2,3	14.6			
1048	1048	0.797	рюкзак-синий	6.1	6.7	снег-в-тени	0.082	45.5	0.0	-8.0	8.0	bbox	1047	25.0	25.0	25.0	212,659,3,2	14.1			
1049	1049	0.791	рюкзак-синий	6.1	6.1	снег-в-тени	0.104	44.9	0.0	-8.0	8.0	bbox	1048	25.0	25.0	25.0	15,488,2,3	12.8			
1050	1050	1.219	рюкзак-синий	7.0	23.7	снег-в-тени	0.556	62.5	1.0	-7.0	7.1	bbox	1049	25.0	25.0	25.0	715,102,2,3	11.7			
1051	1051	1.491	рюкзак-синий	7.0	33.7	снег-в-тени	0.912	72.5	1.5	-7.0	7.2	bbox	1050	61.0	61.0	61.0	693,649,3,2	11.2			
1052	1052	1.610	рюкзак-синий	6.0	39.8	снег-в-тени	1.186	78.6	3.5	-8.5	9.2	bbox	1051	39.0	39.0	39.0	815,14,2,3	10.8			
