track	t_best	t0	t1	bbox	score	lat	lon	alt
0	191.2	191.2	191.2	935,0,62,108	11221.0	39.4813477	73.5916767	5097.3
1	200.2	198.2	200.2	925,0,60,57	8441.7	39.4813492	73.5916754	5097.3
2	165.2	158.2	177.2	775,945,88,68	6565.5	39.4813474	73.5916779	5097.3
3	181.2	170.2	188.2	860,69,37,100	6262.6	39.4813455	73.5916785	5097.3
4	180.2	175.2	182.2	865,171,30,86	5307.2	39.4813454	73.5916788	5097.3
5	107.1	101.1	118.1	889,743,56,84	4780.2	39.4813487	73.5916793	5097.3
6	26.0	18.0	32.0	1843,449,36,48	4354.9	39.4813515	73.5916869	5097.3
7	99.1	99.1	118.1	857,825,48,45	4131.9	39.4813505	73.5916791	5097.3
8	159.2	159.2	159.2	669,897,74,24	3805.4	39.4813486	73.5916786	5097.3
9	186.2	181.2	188.2	335,48,40,39	3498.2	39.4813470	73.5916784	5097.3
10	80.1	77.1	81.1	1473,129,45,56	3400.7	39.4813504	73.5916776	5097.3
11	65.1	57.1	66.1	1362,109,47,70	3381.3	39.4813537	73.5916801	5097.3
12	188.2	188.2	188.2	945,49,46,48	3294.4	39.4813472	73.5916778	5097.3
13	22.0	18.0	33.0	1843,703,36,47	3237.8	39.4813506	73.5916881	5097.3
14	107.1	107.1	115.1	153,1027,50,46	3159.3	39.4813487	73.5916793	5097.3
15	174.2	162.2	174.2	449,0,68,27	3128.1	39.4813459	73.5916793	5097.3
16	186.2	180.2	191.2	369,0,46,39	3112.6	39.4813470	73.5916784	5097.3
17	132.2	125.1	132.2	87,0,57,20	2978.8	39.4813484	73.5916776	5097.3
18	23.0	22.0	36.0	995,1013,28,67	2776.1	39.4813508	73.5916876	5097.3
19	150.2	148.2	154.2	228,515,39,54	2661.0	39.4813468	73.5916802	5097.3
20	73.1	67.1	73.1	1861,0,47,27	2559.4	39.4813520	73.5916782	5097.3
21	234.3	234.3	236.3	473,433,56,28	2495.9	39.4813547	73.5916765	5097.3
22	76.1	76.1	76.1	28,0,59,53	2479.8	39.4813512	73.5916778	5097.3
23	160.2	160.2	174.2	480,553,41,38	2438.8	39.4813487	73.5916783	5097.3
24	66.1	61.1	66.1	1365,15,38,46	2434.8	39.4813537	73.5916798	5097.3
25	74.1	74.1	76.1	65,159,92,86	2419.4	39.4813516	73.5916780	5097.3
26	105.1	102.1	120.1	161,1029,37,37	2336.9	39.4813492	73.5916794	5097.3
27	33.0	27.0	39.0	662,473,27,41	2334.9	39.4813521	73.5916860	5097.4
28	24.0	23.0	38.0	818,982,25,39	2295.0	39.4813511	73.5916873	5097.3
29	131.1	119.1	132.2	223,0,21,53	2164.1	39.4813487	73.5916776	5097.3
30	129.1	119.1	130.1	225,73,25,42	2151.9	39.4813494	73.5916774	5097.3
31	4.0	0.0	4.0	714,42,39,47	2145.7	39.4813475	73.5916928	5097.4
32	55.1	45.1	57.1	865,237,38,30	2109.4	39.4813519	73.5916814	5097.3
33	184.2	183.2	186.2	114,0,37,37	2098.0	39.4813463	73.5916785	5097.3
34	27.0	25.0	35.0	670,914,27,31	2017.3	39.4813515	73.5916866	5097.3
35	45.1	44.1	47.1	563,162,20,39	1965.5	39.4813526	73.5916837	5097.3
36	143.2	135.2	147.2	26,535,44,35	1953.7	39.4813457	73.5916796	5097.3
37	197.2	197.2	197.2	25,245,24,56	1928.4	39.4813483	73.5916752	5097.3
38	193.2	190.2	197.2	0,449,21,42	1922.1	39.4813480	73.5916761	5097.3
39	120.1	117.1	124.1	919,457,36,46	1919.6	39.4813487	73.5916780	5097.3
40	97.1	97.1	102.1	1881,917,39,22	1906.8	39.4813513	73.5916784	5097.3
41	41.0	41.0	50.1	1109,987,28,26	1874.0	39.4813525	73.5916848	5097.3
42	46.1	43.0	54.1	1096,605,41,28	1869.6	39.4813525	73.5916835	5097.3
43	120.1	112.1	122.1	493,233,34,32	1775.5	39.4813487	73.5916780	5097.3
44	43.0	38.0	46.1	563,280,40,39	1753.4	39.4813527	73.5916843	5097.3
45	11.0	6.0	11.0	1697,827,32,38	1735.6	39.4813484	73.5916912	5097.3
46	19.0	19.0	30.0	985,1004,28,30	1734.2	39.4813500	73.5916888	5097.4
47	158.2	158.2	158.2	81,865,16,32	1716.4	39.4813485	73.5916787	5097.3
48	82.1	79.1	82.1	1779,17,20,32	1689.6	39.4813503	73.5916781	5097.3
49	196.2	192.2	196.2	753,369,22,31	1665.1	39.4813482	73.5916753	5097.3
50	170.2	161.2	176.2	675,469,28,26	1651.6	39.4813469	73.5916792	5097.3
51	46.1	35.0	46.1	1821,0,51,29	1647.3	39.4813525	73.5916835	5097.3
52	133.2	129.1	137.2	810,251,29,27	1631.2	39.4813480	73.5916776	5097.3
53	7.0	6.0	11.0	549,928,26,27	1631.1	39.4813480	73.5916921	5097.3
54	61.1	56.1	65.1	1121,489,41,23	1612.2	39.4813533	73.5916810	5097.3
55	46.1	39.0	53.1	183,465,26,24	1596.5	39.4813525	73.5916835	5097.3
56	58.1	56.1	58.1	917,49,25,22	1584.2	39.4813521	73.5916809	5097.3
57	180.2	177.2	181.2	954,133,16,42	1573.1	39.4813454	73.5916788	5097.3
58	115.1	115.1	125.1	600,1059,33,21	1553.6	39.4813485	73.5916784	5097.3
59	141.2	137.2	147.2	72,763,16,30	1532.8	39.4813456	73.5916793	5097.3
60	177.2	171.2	181.2	947,379,14,42	1501.1	39.4813454	73.5916791	5097.3
61	160.2	160.2	160.2	1538,905,47,20	1483.0	39.4813487	73.5916783	5097.3
62	72.1	72.1	72.1	1675,105,38,24	1479.5	39.4813521	73.5916784	5097.3
63	118.1	116.1	122.1	600,694,33,29	1471.5	39.4813486	73.5916781	5097.3
64	172.2	160.2	173.2	569,55,40,40	1467.9	39.4813465	73.5916795	5097.3
65	216.2	215.2	218.2	761,145,28,22	1464.1	39.4813521	73.5916759	5097.3
66	22.0	20.0	37.0	1193,955,24,20	1408.5	39.4813506	73.5916881	5097.3
67	116.1	115.1	124.1	925,921,30,40	1405.9	39.4813485	73.5916784	5097.3
68	16.0	8.0	23.0	536,921,20,30	1404.4	39.4813494	73.5916893	5097.4
69	81.1	81.1	81.1	1477,57,20,35	1381.0	39.4813504	73.5916778	5097.3
70	78.1	77.1	81.1	1257,77,32,24	1360.2	39.4813508	73.5916775	5097.3
71	145.2	145.2	148.2	75,497,16,32	1351.5	39.4813454	73.5916802	5097.3
72	42.0	38.0	46.1	636,358,54,31	1350.3	39.4813525	73.5916845	5097.3
73	170.2	169.2	171.2	945,931,14,44	1340.9	39.4813469	73.5916792	5097.3
74	50.1	48.1	60.1	987,1063,38,17	1311.2	39.4813524	73.5916831	5097.3
75	75.1	75.1	75.1	1177,1049,30,31	1307.6	39.4813514	73.5916779	5097.3
76	169.2	161.2	173.2	529,429,34,30	1303.1	39.4813469	73.5916788	5097.3
77	194.2	192.2	200.2	773,241,30,52	1279.7	39.4813480	73.5916756	5097.3
78	25.0	25.0	38.0	990,913,23,46	1261.0	39.4813513	73.5916871	5097.3
79	1.0	0.0	3.0	79,4,26,41	1254.1	39.4813465	73.5916937	5097.4
80	97.1	97.1	102.1	1877,429,43,32	1232.7	39.4813513	73.5916784	5097.3
81	184.2	184.2	184.2	0,0,36,30	1230.8	39.4813463	73.5916785	5097.3
82	187.2	183.2	190.2	5,0,28,25	1217.9	39.4813470	73.5916781	5097.3
83	212.2	209.2	212.2	432,57,30,19	1217.0	39.4813512	73.5916757	5097.3
84	25.0	22.0	29.0	1793,543,29,18	1193.1	39.4813513	73.5916871	5097.3
85	92.1	90.1	95.1	55,915,26,46	1181.8	39.4813522	73.5916777	5097.3
86	24.0	8.0	27.0	1823,130,20,47	1173.0	39.4813511	73.5916873	5097.3
87	65.1	63.1	65.1	1121,65,38,22	1171.4	39.4813537	73.5916801	5097.3
88	236.3	234.3	236.3	495,439,24,20	1166.8	39.4813548	73.5916768	5097.3
89	0.0	0.0	3.0	115,54,34,23	1161.1	39.4813462	73.5916940	5097.4
90	117.1	116.1	125.1	0,881,15,30	1160.8	39.4813486	73.5916782	5097.3
91	39.0	38.0	51.1	788,869,28,24	1160.7	39.4813524	73.5916853	5097.3
92	102.1	100.1	112.1	1906,231,14,57	1144.5	39.4813496	73.5916797	5097.3
93	67.1	66.1	67.1	1657,0,23,23	1143.6	39.4813536	73.5916798	5097.3
94	133.2	132.2	146.2	0,1041,27,26	1138.0	39.4813480	73.5916776	5097.3
95	227.3	225.3	228.3	657,77,26,22	1129.5	39.4813541	73.5916760	5097.3
96	194.2	190.2	197.2	55,626,26,23	1123.4	39.4813480	73.5916756	5097.3
97	62.1	54.1	63.1	1281,153,36,34	1119.3	39.4813535	73.5916808	5097.3
98	195.2	189.2	196.2	233,77,38,44	1100.0	39.4813481	73.5916753	5097.3
99	26.0	20.0	35.0	1801,651,26,36	1098.7	39.4813515	73.5916869	5097.3
100	6.0	6.0	11.0	1357,905,24,20	1081.9	39.4813478	73.5916923	5097.3
101	54.1	41.0	54.1	274,69,23,20	1074.2	39.4813520	73.5916817	5097.3
102	44.1	44.1	51.1	452,1021,77,16	1067.6	39.4813530	73.5916840	5097.4
103	152.2	151.2	152.2	21,15,44,28	1060.7	39.4813474	73.5916797	5097.3
104	5.0	5.0	5.0	632,1053,19,27	1059.3	39.4813478	73.5916926	5097.4
105	226.3	224.3	228.3	959,41,14,34	1053.5	39.4813541	73.5916759	5097.3
106	76.1	76.1	76.1	115,188,22,37	1050.3	39.4813512	73.5916778	5097.3
107	42.0	33.0	46.1	665,301,33,18	1049.2	39.4813525	73.5916845	5097.3
108	103.1	103.1	104.1	274,212,25,19	1047.4	39.4813495	73.5916797	5097.3
109	211.2	199.2	211.2	609,81,24,20	1032.8	39.4813511	73.5916759	5097.3
110	196.2	189.2	196.2	641,81,25,26	1032.0	39.4813482	73.5916753	5097.3
111	58.1	49.1	58.1	1283,31,16,32	1007.5	39.4813521	73.5916809	5097.3
112	58.1	47.1	58.1	847,81,18,20	1007.2	39.4813521	73.5916809	5097.3
113	191.2	191.2	191.2	1039,0,20,25	1005.9	39.4813477	73.5916767	5097.3
114	5.0	5.0	6.0	740,1056,13,24	993.6	39.4813478	73.5916926	5097.4
115	104.1	103.1	104.1	892,934,26,34	992.3	39.4813492	73.5916794	5097.3
116	134.2	132.2	136.2	113,145,16,32	970.2	39.4813481	73.5916777	5097.3
117	4.0	4.0	4.0	1281,889,24,28	963.0	39.4813475	73.5916928	5097.4
118	18.0	6.0	24.0	1187,529,22,23	962.5	39.4813500	73.5916889	5097.4
119	224.3	223.3	225.3	961,43,11,34	960.9	39.4813534	73.5916758	5097.3
120	201.2	198.2	208.2	81,509,30,24	959.0	39.4813494	73.5916754	5097.3
121	206.2	203.2	209.2	203,379,55,14	957.4	39.4813500	73.5916758	5097.3
122	192.2	192.2	196.2	430,557,41,16	956.3	39.4813478	73.5916764	5097.3
123	18.0	18.0	21.0	918,1053,15,24	950.1	39.4813500	73.5916889	5097.4
124	74.1	74.1	74.1	193,0,42,33	944.2	39.4813516	73.5916780	5097.3
125	160.2	160.2	174.2	380,641,38,34	936.5	39.4813487	73.5916783	5097.3
126	229.3	229.3	229.3	785,47,18,34	935.2	39.4813542	73.5916760	5097.3
127	38.0	24.0	38.0	1850,61,47,20	932.9	39.4813524	73.5916854	5097.3
128	147.2	145.2	152.2	113,761,24,28	931.2	39.4813459	73.5916805	5097.3
129	100.1	99.1	100.1	0,109,19,28	930.8	39.4813502	73.5916792	5097.3
130	165.2	159.2	172.2	855,696,34,25	926.1	39.4813474	73.5916779	5097.3
131	31.0	27.0	40.0	689,715,18,21	913.7	39.4813524	73.5916863	5097.3
132	199.2	198.2	201.2	288,1013,24,22	904.9	39.4813488	73.5916752	5097.3
133	100.1	99.1	100.1	695,801,19,19	880.6	39.4813502	73.5916792	5097.3
134	237.3	233.3	238.3	99,419,34,24	874.4	39.4813549	73.5916768	5097.2
135	203.2	203.2	214.2	93,1025,20,20	872.3	39.4813495	73.5916755	5097.3
136	57.1	45.1	57.1	801,26,29,19	867.5	39.4813520	73.5916809	5097.3
137	142.2	136.2	147.2	110,665,20,23	864.2	39.4813457	73.5916794	5097.3
138	167.2	167.2	173.2	850,761,27,30	856.0	39.4813474	73.5916782	5097.3
139	164.2	160.2	173.2	571,475,24,26	851.0	39.4813477	73.5916779	5097.3
140	90.1	88.1	90.1	726,0,28,25	849.8	39.4813519	73.5916776	5097.3
141	161.2	160.2	179.2	833,957,19,28	837.9	39.4813486	73.5916783	5097.3
142	132.2	125.1	138.2	1414,431,23,18	836.8	39.4813484	73.5916776	5097.3
143	24.0	24.0	25.0	865,1031,25,24	834.7	39.4813511	73.5916873	5097.3
144	173.2	167.2	175.2	376,164,25,22	830.2	39.4813462	73.5916794	5097.3
145	141.2	140.2	142.2	1705,1003,28,18	829.4	39.4813456	73.5916793	5097.3
146	102.1	99.1	113.1	1904,305,13,29	819.7	39.4813496	73.5916797	5097.3
147	80.1	80.1	80.1	1233,78,28,18	816.5	39.4813504	73.5916776	5097.3
148	240.3	233.3	240.3	1897,163,15,29	816.2	39.4813551	73.5916772	5097.3
149	159.2	159.2	159.2	1774,521,27,16	801.2	39.4813486	73.5916786	5097.3
150	233.3	230.3	238.3	177,319,22,44	796.5	39.4813547	73.5916764	5097.3
151	88.1	77.1	90.1	729,149,24,36	791.8	39.4813517	73.5916781	5097.3
152	113.1	110.1	114.1	550,311,27,20	791.3	39.4813482	73.5916785	5097.3
153	74.1	74.1	76.1	0,299,17,28	790.8	39.4813516	73.5916780	5097.3
154	47.1	47.1	53.1	633,1009,24,18	789.5	39.4813524	73.5916833	5097.3
155	178.2	158.2	178.2	841,13,24,12	784.0	39.4813452	73.5916791	5097.3
156	216.2	216.2	217.2	1190,0,16,21	774.8	39.4813521	73.5916759	5097.3
157	96.1	96.1	96.1	1705,65,22,20	769.0	39.4813518	73.5916781	5097.3
158	216.2	216.2	218.2	1905,113,15,32	767.3	39.4813521	73.5916759	5097.3
159	230.3	230.3	230.3	221,341,36,16	764.6	39.4813544	73.5916760	5097.3
160	90.1	82.1	95.1	731,328,22,24	763.0	39.4813519	73.5916776	5097.3
161	195.2	195.2	197.2	413,421,19,26	755.1	39.4813481	73.5916753	5097.3
162	15.0	6.0	20.0	792,891,10,30	754.1	39.4813490	73.5916896	5097.4
163	6.0	6.0	10.0	1820,1055,21,25	747.0	39.4813478	73.5916923	5097.3
164	100.1	100.1	101.1	377,1037,40,26	739.8	39.4813502	73.5916792	5097.3
165	104.1	99.1	111.1	1146,1057,20,16	735.0	39.4813492	73.5916794	5097.3
166	75.1	75.1	75.1	703,743,18,22	733.6	39.4813514	73.5916779	5097.3
167	151.2	150.2	153.2	393,217,24,24	731.4	39.4813470	73.5916799	5097.3
168	90.1	85.1	95.1	801,477,23,28	731.3	39.4813519	73.5916776	5097.3
169	26.0	25.0	33.0	889,938,22,19	726.0	39.4813515	73.5916869	5097.3
170	197.2	197.2	197.2	3,0,30,27	723.9	39.4813483	73.5916752	5097.3
171	229.3	229.3	232.3	1759,1039,21,22	723.4	39.4813542	73.5916760	5097.3
172	225.3	222.3	228.3	1877,235,38,30	717.5	39.4813539	73.5916759	5097.3
173	24.0	17.0	30.0	1507,439,36,10	717.1	39.4813511	73.5916873	5097.3
174	3.0	0.0	3.0	113,51,16,24	712.9	39.4813472	73.5916930	5097.4
175	100.1	100.1	101.1	1889,1021,18,32	712.9	39.4813502	73.5916792	5097.3
176	159.2	159.2	159.2	0,565,15,16	701.6	39.4813486	73.5916786	5097.3
177	98.1	97.1	98.1	685,644,20,13	699.2	39.4813510	73.5916788	5097.3
178	202.2	200.2	203.2	217,268,18,23	696.2	39.4813494	73.5916754	5097.3
179	156.2	151.2	157.2	1880,343,15,42	693.2	39.4813482	73.5916791	5097.3
180	114.1	105.1	116.1	825,252,24,21	687.0	39.4813484	73.5916783	5097.3
181	126.1	125.1	139.2	1095,813,32,24	686.0	39.4813500	73.5916780	5097.3
182	11.0	11.0	11.0	1043,1071,22,9	675.7	39.4813484	73.5916912	5097.3
183	11.0	11.0	11.0	1809,1065,17,15	672.7	39.4813484	73.5916912	5097.3
184	80.1	79.1	86.1	482,597,27,15	671.5	39.4813504	73.5916776	5097.3
185	8.0	7.0	11.0	481,849,12,26	669.7	39.4813481	73.5916917	5097.3
186	151.2	151.2	155.2	475,527,18,32	669.4	39.4813470	73.5916799	5097.3
187	177.2	176.2	187.2	213,962,18,19	664.5	39.4813454	73.5916791	5097.3
188	97.1	97.1	98.1	685,463,12,30	661.7	39.4813513	73.5916784	5097.3
189	36.0	32.0	40.0	876,377,14,22	660.9	39.4813521	73.5916856	5097.3
190	189.2	187.2	191.2	147,273,16,32	657.8	39.4813476	73.5916775	5097.3
191	63.1	61.1	72.1	378,805,27,21	654.9	39.4813535	73.5916806	5097.3
192	189.2	189.2	191.2	169,959,36,21	654.4	39.4813476	73.5916775	5097.3
193	176.2	171.2	177.2	870,99,21,22	647.1	39.4813457	73.5916792	5097.3
194	165.2	161.2	165.2	841,1059,28,10	646.5	39.4813474	73.5916779	5097.3
195	213.2	203.2	213.2	449,53,8,20	645.4	39.4813516	73.5916758	5097.3
196	105.1	105.1	114.1	1041,714,14,21	641.7	39.4813492	73.5916794	5097.3
197	218.2	218.2	221.3	1843,1037,26,16	641.0	39.4813526	73.5916760	5097.3
198	153.2	147.2	154.2	0,119,15,15	640.1	39.4813475	73.5916796	5097.3
199	58.1	57.1	65.1	1051,802,42,13	629.6	39.4813521	73.5916809	5097.3
200	97.1	97.1	98.1	1213,734,13,23	620.3	39.4813513	73.5916784	5097.3
201	61.1	61.1	64.1	1397,369,26,19	619.7	39.4813533	73.5916810	5097.3
202	58.1	56.1	63.1	1329,614,22,27	619.5	39.4813521	73.5916809	5097.3
203	42.0	36.0	45.1	769,265,16,18	617.6	39.4813525	73.5916845	5097.3
204	75.1	74.1	75.1	3,592,18,25	616.2	39.4813514	73.5916779	5097.3
205	197.2	197.2	197.2	275,515,27,20	616.2	39.4813483	73.5916752	5097.3
206	240.3	239.3	240.3	1883,3,14,30	614.9	39.4813551	73.5916772	5097.3
207	159.2	159.2	159.2	1758,587,31,18	612.4	39.4813486	73.5916786	5097.3
208	65.1	64.1	71.1	635,868,18,29	612.1	39.4813537	73.5916801	5097.3
209	232.3	229.3	232.3	1846,62,24,33	612.0	39.4813544	73.5916762	5097.3
210	28.0	28.0	32.0	1537,1051,12,22	610.7	39.4813517	73.5916864	5097.3
211	68.1	66.1	71.1	103,55,18,26	606.7	39.4813535	73.5916796	5097.3
212	237.3	233.3	238.3	242,287,21,24	604.5	39.4813549	73.5916768	5097.2
213	92.1	86.1	92.1	825,37,18,13	604.0	39.4813522	73.5916777	5097.3
214	190.2	190.2	191.2	33,73,18,14	602.1	39.4813476	73.5916772	5097.3
215	193.2	192.2	193.2	1705,5,16,12	601.5	39.4813480	73.5916761	5097.3
216	193.2	192.2	196.2	692,1047,36,33	600.5	39.4813480	73.5916761	5097.3
217	41.0	39.0	53.1	701,824,18,15	597.6	39.4813525	73.5916848	5097.3
218	149.2	141.2	149.2	1715,91,16,20	596.9	39.4813464	73.5916803	5097.3
219	76.1	76.1	76.1	191,301,20,28	595.1	39.4813512	73.5916778	5097.3
220	75.1	75.1	75.1	93,81,20,37	593.7	39.4813514	73.5916779	5097.3
221	56.1	48.1	56.1	1183,57,26,16	587.5	39.4813519	73.5916811	5097.3
222	155.2	152.2	157.2	1629,183,26,24	585.9	39.4813481	73.5916794	5097.3
223	240.3	240.3	240.3	865,967,20,22	585.9	39.4813551	73.5916772	5097.3
224	132.2	129.1	140.2	1369,625,33,16	585.3	39.4813484	73.5916776	5097.3
225	30.0	29.0	33.0	733,774,20,25	577.3	39.4813521	73.5916862	5097.3
226	102.1	102.1	102.1	129,137,12,22	575.6	39.4813496	73.5916797	5097.3
227	53.1	52.1	61.1	1177,925,24,20	571.6	39.4813520	73.5916822	5097.3
228	25.0	23.0	34.0	1295,751,26,15	571.4	39.4813513	73.5916871	5097.3
229	47.1	43.0	55.1	1132,675,27,11	571.4	39.4813524	73.5916833	5097.3
230	74.1	74.1	74.1	1257,867,24,19	571.2	39.4813516	73.5916780	5097.3
231	75.1	75.1	75.1	9,825,20,40	570.0	39.4813514	73.5916779	5097.3
232	95.1	91.1	95.1	651,655,22,14	567.2	39.4813521	73.5916778	5097.3
233	142.2	136.2	148.2	305,689,16,16	557.0	39.4813457	73.5916794	5097.3
234	75.1	74.1	76.1	289,589,8,30	556.8	39.4813514	73.5916779	5097.3
235	76.1	76.1	76.1	248,243,17,36	556.2	39.4813512	73.5916778	5097.3
236	154.2	154.2	155.2	87,125,14,20	555.7	39.4813479	73.5916795	5097.3
237	26.0	21.0	29.0	1389,313,10,18	552.7	39.4813515	73.5916869	5097.3
238	58.1	57.1	58.1	1344,15,16,17	549.0	39.4813521	73.5916809	5097.3
239	156.2	152.2	157.2	381,227,18,18	540.2	39.4813482	73.5916791	5097.3
240	46.1	46.1	57.1	983,1035,18,14	538.8	39.4813525	73.5916835	5097.3
241	233.3	233.3	237.3	336,173,30,34	538.7	39.4813547	73.5916764	5097.3
242	97.1	97.1	97.1	1569,21,16,20	537.1	39.4813513	73.5916784	5097.3
243	209.2	201.2	209.2	340,57,27,12	536.3	39.4813507	73.5916761	5097.3
244	203.2	202.2	205.2	87,252,12,25	529.7	39.4813495	73.5916755	5097.3
245	193.2	192.2	205.2	97,914,19,35	529.6	39.4813480	73.5916761	5097.3
246	150.2	147.2	153.2	433,457,16,22	528.9	39.4813468	73.5916802	5097.3
247	7.0	6.0	7.0	93,481,15,10	522.4	39.4813480	73.5916921	5097.3
248	97.1	97.1	97.1	421,999,22,24	519.2	39.4813513	73.5916784	5097.3
249	29.0	29.0	43.0	1843,1021,12,20	518.8	39.4813521	73.5916863	5097.3
250	122.1	118.1	124.1	807,383,16,26	516.4	39.4813496	73.5916784	5097.3
251	74.1	74.1	74.1	277,45,8,20	515.2	39.4813516	73.5916780	5097.3
252	222.3	222.3	222.3	489,73,22,11	514.1	39.4813532	73.5916756	5097.3
253	80.1	78.1	80.1	1697,94,16,13	512.8	39.4813504	73.5916776	5097.3
254	140.2	136.2	147.2	237,786,14,15	512.3	39.4813460	73.5916791	5097.3
255	54.1	52.1	59.1	554,758,15,20	510.4	39.4813520	73.5916817	5097.3
256	232.3	232.3	232.3	1877,1023,18,34	508.4	39.4813544	73.5916762	5097.3
257	97.1	97.1	98.1	1257,631,16,14	507.7	39.4813513	73.5916784	5097.3
258	207.2	202.2	210.2	52,249,13,16	506.4	39.4813503	73.5916759	5097.3
259	71.1	71.1	71.1	1878,0,15,9	502.7	39.4813524	73.5916786	5097.3
260	238.3	235.3	240.3	1911,530,9,22	501.2	39.4813550	73.5916768	5097.2
261	5.0	0.0	5.0	1314,518,17,23	499.6	39.4813478	73.5916926	5097.4
262	86.1	81.1	89.1	706,573,28,20	495.9	39.4813512	73.5916781	5097.3
263	93.1	92.1	95.1	203,960,15,17	495.9	39.4813522	73.5916776	5097.3
264	221.3	216.2	221.3	1461,143,12,28	492.8	39.4813528	73.5916757	5097.3
265	0.0	0.0	4.0	1433,953,21,21	492.4	39.4813462	73.5916940	5097.4
266	74.1	74.1	74.1	27,128,8,51	491.3	39.4813516	73.5916780	5097.3
267	234.3	234.3	238.3	48,474,21,20	491.1	39.4813547	73.5916765	5097.3
268	126.1	124.1	128.1	1129,731,16,14	490.3	39.4813500	73.5916780	5097.3
269	92.1	91.1	93.1	693,90,16,23	489.5	39.4813522	73.5916777	5097.3
270	173.2	173.2	181.2	56,715,15,21	488.6	39.4813462	73.5916794	5097.3
271	219.2	216.2	221.3	337,828,16,10	487.6	39.4813526	73.5916759	5097.3
272	177.2	161.2	179.2	1067,178,19,16	484.6	39.4813454	73.5916791	5097.3
273	53.1	52.1	61.1	1359,904,17,25	483.9	39.4813520	73.5916822	5097.3
274	48.1	48.1	53.1	690,1019,21,14	479.1	39.4813524	73.5916833	5097.3
275	211.2	198.2	211.2	441,0,18,17	478.1	39.4813511	73.5916759	5097.3
276	49.1	49.1	51.1	319,103,15,21	477.7	39.4813524	73.5916832	5097.3
277	196.2	193.2	196.2	757,718,10,19	477.4	39.4813482	73.5916753	5097.3
278	96.1	96.1	96.1	729,537,16,31	477.3	39.4813518	73.5916781	5097.3
279	113.1	107.1	123.1	1873,1047,16,26	476.9	39.4813482	73.5916785	5097.3
280	159.2	159.2	159.2	9,853,24,16	474.5	39.4813486	73.5916786	5097.3
281	104.1	99.1	106.1	1103,887,16,12	474.2	39.4813492	73.5916794	5097.3
282	26.0	18.0	28.0	1409,167,16,16	472.3	39.4813515	73.5916869	5097.3
283	186.2	183.2	186.2	705,373,14,12	471.9	39.4813470	73.5916784	5097.3
284	192.2	192.2	194.2	39,67,10,20	471.5	39.4813478	73.5916764	5097.3
285	98.1	98.1	98.1	709,705,10,19	471.4	39.4813510	73.5916788	5097.3
286	190.2	189.2	191.2	1044,21,9,18	469.9	39.4813476	73.5916772	5097.3
287	4.0	0.0	4.0	102,511,20,12	469.8	39.4813475	73.5916928	5097.4
288	91.1	82.1	92.1	732,51,19,14	466.9	39.4813522	73.5916776	5097.3
289	213.2	211.2	213.2	657,0,16,9	465.5	39.4813516	73.5916758	5097.3
290	72.1	67.1	72.1	1772,279,13,18	464.5	39.4813521	73.5916784	5097.3
291	124.1	123.1	125.1	906,137,7,30	463.4	39.4813499	73.5916785	5097.3
292	56.1	55.1	56.1	1915,9,5,32	460.8	39.4813519	73.5916811	5097.3
293	97.1	97.1	97.1	1061,933,8,20	460.0	39.4813513	73.5916784	5097.3
294	73.1	71.1	73.1	877,609,30,12	459.7	39.4813520	73.5916782	5097.3
295	10.0	7.0	10.0	705,673,10,32	458.1	39.4813483	73.5916915	5097.4
296	128.1	126.1	141.2	1379,825,20,12	457.4	39.4813498	73.5916776	5097.3
297	15.0	12.0	20.0	639,1006,10,18	454.9	39.4813490	73.5916896	5097.4
298	167.2	167.2	170.2	1809,1043,16,26	454.8	39.4813474	73.5916782	5097.3
299	200.2	198.2	200.2	35,131,20,16	454.7	39.4813492	73.5916754	5097.3
300	34.0	33.0	34.0	18,15,26,19	453.4	39.4813521	73.5916860	5097.3
301	159.2	159.2	159.2	779,445,20,9	452.7	39.4813486	73.5916786	5097.3
302	81.1	77.1	81.1	1327,153,11,18	452.2	39.4813504	73.5916778	5097.3
303	13.0	12.0	17.0	1121,870,10,17	451.4	39.4813487	73.5916904	5097.3
304	199.2	198.2	211.2	222,1023,32,10	448.4	39.4813488	73.5916752	5097.3
305	17.0	12.0	23.0	1903,601,17,32	447.9	39.4813497	73.5916890	5097.4
306	222.3	222.3	222.3	1513,1022,10,21	447.0	39.4813532	73.5916756	5097.3
307	195.2	195.2	196.2	1195,975,12,17	442.1	39.4813481	73.5916753	5097.3
308	122.1	120.1	131.1	1345,793,14,16	440.6	39.4813496	73.5916784	5097.3
309	185.2	184.2	186.2	1537,1009,16,16	437.2	39.4813465	73.5916784	5097.3
310	117.1	117.1	121.1	139,1055,13,20	436.4	39.4813486	73.5916782	5097.3
311	93.1	93.1	95.1	129,1063,18,17	435.8	39.4813522	73.5916776	5097.3
312	178.2	176.2	187.2	821,604,12,21	435.7	39.4813452	73.5916791	5097.3
313	104.1	103.1	108.1	865,970,20,24	433.6	39.4813492	73.5916794	5097.3
314	176.2	160.2	179.2	1889,209,8,40	433.1	39.4813457	73.5916792	5097.3
315	99.1	99.1	102.1	549,439,16,12	432.6	39.4813505	73.5916791	5097.3
316	206.2	204.2	213.2	177,911,18,10	429.8	39.4813500	73.5916758	5097.3
317	211.2	203.2	211.2	508,25,15,16	427.2	39.4813511	73.5916759	5097.3
318	180.2	180.2	181.2	857,84,17,12	426.6	39.4813454	73.5916788	5097.3
319	193.2	193.2	194.2	1315,886,22,11	426.6	39.4813480	73.5916761	5097.3
320	190.2	189.2	196.2	369,437,11,28	422.5	39.4813476	73.5916772	5097.3
321	116.1	115.1	116.1	1156,38,13,37	420.5	39.4813485	73.5916784	5097.3
322	209.2	199.2	209.2	117,89,15,19	420.0	39.4813507	73.5916761	5097.3
323	129.1	127.1	138.2	1219,601,14,18	419.6	39.4813494	73.5916774	5097.3
324	59.1	56.1	65.1	1171,699,26,12	418.5	39.4813525	73.5916810	5097.3
325	201.2	198.2	202.2	261,175,14,30	416.2	39.4813494	73.5916754	5097.3
326	124.1	119.1	126.1	897,512,10,23	414.9	39.4813499	73.5916785	5097.3
327	230.3	230.3	230.3	562,15,11,42	414.3	39.4813544	73.5916760	5097.3
328	177.2	177.2	185.2	515,999,30,7	412.3	39.4813454	73.5916791	5097.3
329	172.2	161.2	175.2	939,249,7,22	411.6	39.4813465	73.5916795	5097.3
330	201.2	198.2	202.2	859,253,18,26	410.4	39.4813494	73.5916754	5097.3
331	45.1	44.1	53.1	553,987,16,22	409.9	39.4813526	73.5916837	5097.3
332	133.2	133.2	142.2	87,1048,16,17	408.5	39.4813480	73.5916776	5097.3
333	14.0	10.0	19.0	480,880,15,15	407.3	39.4813487	73.5916898	5097.4
334	156.2	152.2	157.2	1897,259,14,16	406.0	39.4813482	73.5916791	5097.3
335	70.1	66.1	71.1	595,843,16,22	405.7	39.4813527	73.5916791	5097.3
336	231.3	231.3	231.3	1878,187,9,30	405.6	39.4813543	73.5916760	5097.3
337	184.2	184.2	186.2	531,151,19,16	405.4	39.4813463	73.5916785	5097.3
338	39.0	38.0	42.0	499,467,14,22	405.0	39.4813524	73.5916853	5097.3
339	34.0	32.0	34.0	75,55,21,14	404.5	39.4813521	73.5916860	5097.3
340	70.1	65.1	77.1	731,784,15,19	404.4	39.4813527	73.5916791	5097.3
341	172.2	167.2	172.2	595,27,13,24	404.1	39.4813465	73.5916795	5097.3
342	148.2	144.2	148.2	103,5,20,22	403.6	39.4813461	73.5916806	5097.3
343	30.0	30.0	33.0	264,203,9,22	402.9	39.4813521	73.5916862	5097.3
344	3.0	3.0	3.0	15,341,22,20	402.8	39.4813472	73.5916930	5097.4
345	159.2	159.2	159.2	735,533,15,21	401.4	39.4813486	73.5916786	5097.3
346	28.0	28.0	28.0	1777,426,7,23	398.5	39.4813517	73.5916864	5097.3
347	239.3	239.3	239.3	1882,149,15,28	397.9	39.4813549	73.5916769	5097.3
348	38.0	38.0	39.0	0,1025,17,18	396.1	39.4813524	73.5916854	5097.3
349	31.0	30.0	31.0	1841,883,10,20	394.4	39.4813524	73.5916863	5097.3
350	156.2	154.2	156.2	90,0,13,23	393.2	39.4813482	73.5916791	5097.3
351	74.1	74.1	74.1	161,353,16,24	392.9	39.4813516	73.5916780	5097.3
352	205.2	204.2	214.2	263,905,26,20	392.9	39.4813499	73.5916758	5097.3
353	143.2	143.2	145.2	1843,1040,20,17	390.0	39.4813457	73.5916796	5097.3
354	178.2	161.2	178.2	1035,63,14,12	388.6	39.4813452	73.5916791	5097.3
355	26.0	18.0	30.0	957,332,12,13	388.4	39.4813515	73.5916869	5097.3
356	137.2	137.2	145.2	23,1057,26,19	387.9	39.4813467	73.5916784	5097.3
357	92.1	88.1	95.1	526,662,15,15	387.4	39.4813522	73.5916777	5097.3
358	160.2	160.2	160.2	1857,513,8,16	386.4	39.4813487	73.5916783	5097.3
359	6.0	6.0	11.0	1087,743,22,10	385.9	39.4813478	73.5916923	5097.3
360	74.1	74.1	75.1	329,689,14,16	385.5	39.4813516	73.5916780	5097.3
361	100.1	100.1	100.1	30,925,9,20	385.5	39.4813502	73.5916792	5097.3
362	152.2	149.2	152.2	1803,0,14,24	384.9	39.4813474	73.5916797	5097.3
363	176.2	176.2	177.2	645,129,12,16	384.1	39.4813457	73.5916792	5097.3
364	83.1	80.1	84.1	1321,97,8,24	383.4	39.4813504	73.5916784	5097.3
365	190.2	185.2	191.2	853,411,12,14	383.1	39.4813476	73.5916772	5097.3
366	197.2	197.2	197.2	1456,115,25,12	382.3	39.4813483	73.5916752	5097.3
367	199.2	194.2	200.2	1055,67,10,12	381.8	39.4813488	73.5916752	5097.3
368	141.2	128.1	144.2	1074,194,14,22	381.3	39.4813456	73.5916793	5097.3
369	74.1	74.1	74.1	12,227,17,14	380.0	39.4813516	73.5916780	5097.3
370	193.2	191.2	193.2	49,13,14,20	379.4	39.4813480	73.5916761	5097.3
371	32.0	32.0	41.0	43,930,12,25	378.0	39.4813522	73.5916862	5097.3
372	220.3	218.2	221.3	1703,25,11,18	377.3	39.4813529	73.5916758	5097.3
373	195.2	195.2	195.2	285,560,9,24	375.5	39.4813481	73.5916753	5097.3
374	177.2	176.2	179.2	861,193,10,24	374.5	39.4813454	73.5916791	5097.3
375	99.1	99.1	99.1	95,493,10,12	374.0	39.4813505	73.5916791	5097.3
376	18.0	6.0	20.0	1159,819,15,12	372.9	39.4813500	73.5916889	5097.4
377	96.1	92.1	96.1	57,481,16,12	372.4	39.4813518	73.5916781	5097.3
378	74.1	74.1	75.1	245,145,8,42	371.4	39.4813516	73.5916780	5097.3
379	197.2	197.2	197.2	819,439,12,12	371.1	39.4813483	73.5916752	5097.3
380	74.1	74.1	75.1	261,679,10,30	370.7	39.4813516	73.5916780	5097.3
381	39.0	39.0	42.0	1569,1057,16,17	369.8	39.4813524	73.5916853	5097.3
382	153.2	150.2	154.2	385,123,16,7	369.6	39.4813475	73.5916796	5097.3
383	233.3	233.3	236.3	625,416,18,11	369.0	39.4813547	73.5916764	5097.3
384	190.2	181.2	191.2	461,409,15,12	366.8	39.4813476	73.5916772	5097.3
385	74.1	74.1	74.1	65,39,16,20	366.5	39.4813516	73.5916780	5097.3
386	135.2	135.2	138.2	1477,594,14,15	366.5	39.4813476	73.5916779	5097.3
387	179.2	178.2	179.2	1899,39,16,20	366.5	39.4813453	73.5916789	5097.3
388	97.1	97.1	97.1	1479,753,10,16	364.5	39.4813513	73.5916784	5097.3
389	193.2	193.2	197.2	172,527,13,20	363.9	39.4813480	73.5916761	5097.3
390	230.3	230.3	230.3	439,168,23,17	363.0	39.4813544	73.5916760	5097.3
391	157.2	156.2	157.2	1813,284,12,12	360.0	39.4813484	73.5916791	5097.3
392	221.3	218.2	221.3	1509,0,22,9	358.8	39.4813528	73.5916757	5097.3
393	85.1	85.1	87.1	601,151,20,10	358.7	39.4813507	73.5916781	5097.3
394	232.3	232.3	232.3	1901,969,19,14	358.4	39.4813544	73.5916762	5097.3
395	4.0	0.0	4.0	1133,725,12,12	355.6	39.4813475	73.5916928	5097.4
396	54.1	53.1	61.1	1207,935,17,14	355.4	39.4813520	73.5916817	5097.3
397	191.2	191.2	191.2	1365,273,16,10	354.9	39.4813477	73.5916767	5097.3
398	11.0	10.0	11.0	1378,681,25,16	354.8	39.4813484	73.5916912	5097.3
399	145.2	135.2	146.2	1737,417,8,16	354.6	39.4813454	73.5916802	5097.3
400	74.1	74.1	74.1	105,445,10,32	354.1	39.4813516	73.5916780	5097.3
401	173.2	173.2	174.2	286,271,17,16	353.8	39.4813462	73.5916794	5097.3
402	121.1	119.1	121.1	211,755,16,10	353.7	39.4813492	73.5916782	5097.3
403	53.1	48.1	53.1	1805,11,12,22	352.0	39.4813520	73.5916822	5097.3
404	114.1	113.1	121.1	465,903,12,10	348.2	39.4813484	73.5916783	5097.3
405	11.0	11.0	11.0	1657,1025,20,12	347.4	39.4813484	73.5916912	5097.3
406	42.0	36.0	42.0	589,212,22,13	346.5	39.4813525	73.5916845	5097.3
407	232.3	230.3	232.3	1786,89,19,13	346.2	39.4813544	73.5916762	5097.3
408	47.1	41.0	47.1	1745,545,26,10	344.5	39.4813524	73.5916833	5097.3
409	75.1	75.1	75.1	977,979,9,12	344.3	39.4813514	73.5916779	5097.3
410	172.2	172.2	173.2	657,181,16,13	342.0	39.4813465	73.5916795	5097.3
411	197.2	197.2	200.2	206,743,8,16	341.7	39.4813483	73.5916752	5097.3
412	74.1	74.1	75.1	225,212,6,30	340.8	39.4813516	73.5916780	5097.3
413	186.2	186.2	186.2	607,203,12,14	339.4	39.4813470	73.5916784	5097.3
414	66.1	66.1	72.1	1197,261,14,8	338.3	39.4813537	73.5916798	5097.3
415	80.1	78.1	82.1	1517,217,12,18	338.2	39.4813504	73.5916776	5097.3
416	58.1	58.1	58.1	1527,36,12,13	337.5	39.4813521	73.5916809	5097.3
417	80.1	79.1	80.1	1657,25,24,15	333.9	39.4813504	73.5916776	5097.3
418	46.1	46.1	48.1	461,973,10,16	333.1	39.4813525	73.5916835	5097.3
419	63.1	59.1	66.1	1585,293,8,12	332.9	39.4813535	73.5916806	5097.3
420	103.1	103.1	104.1	621,361,11,18	331.5	39.4813495	73.5916797	5097.3
421	133.2	133.2	137.2	1119,299,18,10	331.5	39.4813480	73.5916776	5097.3
422	117.1	116.1	123.1	799,937,18,8	331.2	39.4813486	73.5916782	5097.3
423	47.1	44.1	47.1	813,504,12,9	331.1	39.4813524	73.5916833	5097.3
424	201.2	201.2	205.2	839,668,18,12	330.0	39.4813494	73.5916754	5097.3
425	240.3	240.3	240.3	1878,1042,24,8	329.2	39.4813551	73.5916772	5097.3
426	198.2	198.2	203.2	849,467,10,16	329.0	39.4813484	73.5916751	5097.3
427	73.1	70.1	73.1	701,597,12,20	328.9	39.4813520	73.5916782	5097.3
428	222.3	222.3	222.3	441,887,12,16	328.9	39.4813532	73.5916756	5097.3
429	19.0	19.0	31.0	695,1021,16,10	328.7	39.4813500	73.5916888	5097.4
430	152.2	150.2	157.2	289,763,12,12	328.4	39.4813474	73.5916797	5097.3
431	16.0	14.0	23.0	1877,801,12,10	327.9	39.4813494	73.5916893	5097.4
432	80.1	78.1	80.1	1889,41,15,23	327.6	39.4813504	73.5916776	5097.3
433	217.2	214.2	217.2	159,0,8,31	327.3	39.4813521	73.5916760	5097.3
434	167.2	158.2	167.2	877,942,10,17	327.1	39.4813474	73.5916782	5097.3
435	160.2	160.2	160.2	661,865,6,15	327.0	39.4813487	73.5916783	5097.3
436	187.2	187.2	187.2	369,0,16,11	326.1	39.4813470	73.5916781	5097.3
437	35.0	32.0	43.0	1880,767,17,10	326.0	39.4813521	73.5916858	5097.3
438	182.2	182.2	183.2	1323,949,30,24	324.2	39.4813457	73.5916786	5097.3
439	11.0	8.0	13.0	1255,537,22,10	323.1	39.4813484	73.5916912	5097.3
440	156.2	154.2	159.2	1731,229,18,20	322.5	39.4813482	73.5916791	5097.3
441	165.2	161.2	171.2	1177,713,8,12	322.3	39.4813474	73.5916779	5097.3
442	41.0	36.0	41.0	641,337,8,14	321.6	39.4813525	73.5916848	5097.3
443	133.2	132.2	140.2	957,983,16,18	321.6	39.4813480	73.5916776	5097.3
444	149.2	140.2	149.2	1683,101,10,22	321.6	39.4813464	73.5916803	5097.3
445	154.2	148.2	155.2	327,121,10,12	320.9	39.4813479	73.5916795	5097.3
446	32.0	32.0	39.0	1843,1065,18,15	320.5	39.4813522	73.5916862	5097.3
447	48.1	48.1	60.1	1066,1072,17,8	320.5	39.4813524	73.5916833	5097.3
448	179.2	179.2	187.2	439,1057,18,16	320.2	39.4813453	73.5916789	5097.3
449	18.0	15.0	18.0	1793,64,10,19	320.1	39.4813500	73.5916889	5097.4
450	97.1	97.1	97.1	491,821,11,12	319.9	39.4813513	73.5916784	5097.3
451	225.3	224.3	228.3	1193,881,10,16	318.8	39.4813539	73.5916759	5097.3
452	90.1	89.1	93.1	520,929,16,8	318.5	39.4813519	73.5916776	5097.3
453	35.0	35.0	38.0	1907,469,4,34	317.8	39.4813521	73.5916858	5097.3
454	238.3	238.3	238.3	731,65,14,8	317.7	39.4813550	73.5916768	5097.2
455	195.2	195.2	195.2	295,257,20,16	315.8	39.4813481	73.5916753	5097.3
456	92.1	91.1	95.1	0,1004,13,10	315.7	39.4813522	73.5916777	5097.3
457	55.1	54.1	55.1	1825,41,26,12	313.9	39.4813519	73.5916814	5097.3
458	27.0	27.0	29.0	891,1025,7,14	313.8	39.4813515	73.5916866	5097.3
459	74.1	74.1	74.1	944,963,17,13	313.5	39.4813516	73.5916780	5097.3
460	76.1	76.1	76.1	87,106,24,20	311.6	39.4813512	73.5916778	5097.3
461	40.0	40.0	42.0	657,609,8,14	310.5	39.4813524	73.5916849	5097.3
462	240.3	239.3	240.3	1877,77,20,16	310.5	39.4813551	73.5916772	5097.3
463	195.2	193.2	196.2	523,191,10,12	309.7	39.4813481	73.5916753	5097.3
464	60.1	52.1	60.1	1169,63,15,12	309.1	39.4813530	73.5916810	5097.3
465	67.1	59.1	67.1	1441,40,12,13	309.1	39.4813536	73.5916798	5097.3
466	204.2	204.2	210.2	116,364,13,13	309.1	39.4813499	73.5916757	5097.3
467	36.0	35.0	41.0	1905,417,6,20	307.9	39.4813521	73.5916856	5097.3
468	61.1	61.1	72.1	1345,737,14,8	307.0	39.4813533	73.5916810	5097.3
469	137.2	137.2	148.2	1689,1052,25,15	305.8	39.4813467	73.5916784	5097.3
470	192.2	192.2	193.2	35,896,11,15	305.8	39.4813478	73.5916764	5097.3
471	128.1	127.1	128.1	219,41,6,14	305.1	39.4813498	73.5916776	5097.3
472	57.1	55.1	60.1	907,417,15,8	303.8	39.4813520	73.5916809	5097.3
473	36.0	36.0	36.0	1131,694,14,9	303.4	39.4813521	73.5916856	5097.3
474	54.1	52.1	54.1	757,752,18,17	302.5	39.4813520	73.5916817	5097.3
475	29.0	29.0	31.0	1755,836,18,9	302.1	39.4813521	73.5916863	5097.3
476	195.2	193.2	196.2	105,107,16,14	301.6	39.4813481	73.5916753	5097.3
477	5.0	5.0	5.0	832,1065,9,15	301.4	39.4813478	73.5916926	5097.4
478	190.2	189.2	190.2	597,1007,12,12	299.0	39.4813476	73.5916772	5097.3
479	35.0	35.0	35.0	334,1027,18,12	298.6	39.4813521	73.5916858	5097.3
480	86.1	81.1	93.1	840,527,13,10	297.2	39.4813512	73.5916781	5097.3
481	47.1	47.1	47.1	82,1035,15,13	296.9	39.4813524	73.5916833	5097.3
482	220.3	218.2	221.3	1515,0,15,7	296.5	39.4813529	73.5916758	5097.3
483	127.1	127.1	129.1	1729,1039,12,20	296.4	39.4813499	73.5916778	5097.3
484	159.2	159.2	159.2	499,193,14,8	295.6	39.4813486	73.5916786	5097.3
485	41.0	36.0	43.0	1915,166,5,27	295.2	39.4813525	73.5916848	5097.3
486	192.2	192.2	192.2	657,292,16,13	294.9	39.4813478	73.5916764	5097.3
487	125.1	119.1	129.1	723,384,8,13	294.2	39.4813500	73.5916782	5097.3
488	50.1	46.1	50.1	135,49,10,16	293.4	39.4813524	73.5916831	5097.3
489	28.0	28.0	28.0	1906,21,14,16	292.5	39.4813517	73.5916864	5097.3
490	203.2	202.2	206.2	98,933,19,7	292.0	39.4813495	73.5916755	5097.3
491	39.0	39.0	40.0	93,1057,18,10	290.1	39.4813524	73.5916853	5097.3
492	86.1	85.1	86.1	247,0,26,14	289.8	39.4813512	73.5916781	5097.3
493	169.2	169.2	169.2	1353,561,14,8	289.8	39.4813469	73.5916788	5097.3
494	203.2	203.2	210.2	467,489,8,21	289.8	39.4813495	73.5916755	5097.3
495	167.2	165.2	167.2	1849,1073,24,7	289.5	39.4813474	73.5916782	5097.3
496	239.3	239.3	239.3	783,23,14,9	289.4	39.4813549	73.5916769	5097.3
497	209.2	198.2	211.2	396,281,9,16	289.2	39.4813507	73.5916761	5097.3
498	131.1	126.1	137.2	929,668,16,13	288.9	39.4813487	73.5916776	5097.3
499	97.1	97.1	97.1	1805,151,10,10	288.8	39.4813513	73.5916784	5097.3
500	64.1	64.1	65.1	1481,171,8,14	288.0	39.4813537	73.5916803	5097.3
501	62.1	62.1	72.1	57,657,12,11	288.0	39.4813535	73.5916808	5097.3
502	192.2	192.2	194.2	861,617,8,14	287.9	39.4813478	73.5916764	5097.3
503	55.1	55.1	64.1	1021,1049,14,8	287.8	39.4813519	73.5916814	5097.3
504	103.1	103.1	103.1	707,593,14,8	287.8	39.4813495	73.5916797	5097.3
505	219.2	219.2	219.2	407,975,14,8	287.7	39.4813526	73.5916759	5097.3
506	229.3	229.3	229.3	1023,1017,10,8	286.5	39.4813542	73.5916760	5097.3
507	55.1	54.1	61.1	813,868,10,13	286.3	39.4813519	73.5916814	5097.3
508	6.0	6.0	7.0	1381,833,10,18	286.2	39.4813478	73.5916923	5097.3
509	30.0	30.0	31.0	1876,51,10,18	285.5	39.4813521	73.5916862	5097.3
510	194.2	194.2	197.2	103,489,8,24	285.5	39.4813480	73.5916756	5097.3
511	126.1	126.1	126.1	1129,43,20,12	285.4	39.4813500	73.5916780	5097.3
512	196.2	189.2	196.2	49,129,18,10	284.9	39.4813482	73.5916753	5097.3
513	179.2	179.2	183.2	1473,990,10,21	284.4	39.4813453	73.5916789	5097.3
514	185.2	184.2	186.2	465,160,9,11	284.1	39.4813465	73.5916784	5097.3
515	218.2	214.2	218.2	390,0,23,5	284.1	39.4813526	73.5916760	5097.3
516	97.1	97.1	97.1	1616,759,11,10	284.0	39.4813513	73.5916784	5097.3
517	28.0	24.0	28.0	339,459,11,12	283.7	39.4813517	73.5916864	5097.3
518	203.2	203.2	210.2	724,551,11,14	283.4	39.4813495	73.5916755	5097.3
519	193.2	193.2	200.2	177,397,8,18	282.8	39.4813480	73.5916761	5097.3
520	195.2	195.2	196.2	1385,1019,18,9	282.4	39.4813481	73.5916753	5097.3
521	89.1	88.1	95.1	121,974,8,9	282.2	39.4813520	73.5916779	5097.3
522	14.0	12.0	14.0	1907,977,13,12	281.1	39.4813487	73.5916898	5097.4
523	82.1	81.1	83.1	1361,115,18,14	280.6	39.4813503	73.5916781	5097.3
524	10.0	6.0	11.0	251,947,10,14	280.5	39.4813483	73.5916915	5097.4
525	167.2	167.2	167.2	1819,749,6,14	280.5	39.4813474	73.5916782	5097.3
526	222.3	222.3	227.3	379,973,13,12	279.7	39.4813532	73.5916756	5097.3
527	5.0	5.0	5.0	0,939,23,6	279.1	39.4813478	73.5916926	5097.4
528	211.2	207.2	212.2	299,163,13,11	279.0	39.4813511	73.5916759	5097.3
529	118.1	115.1	118.1	57,187,13,10	278.6	39.4813486	73.5916781	5097.3
530	133.2	133.2	133.2	231,5,17,18	278.2	39.4813480	73.5916776	5097.3
531	206.2	202.2	210.2	608,256,9,10	278.1	39.4813500	73.5916758	5097.3
532	216.2	216.2	221.3	48,1065,9,15	278.1	39.4813521	73.5916759	5097.3
533	43.0	43.0	43.0	411,617,6,16	277.9	39.4813527	73.5916843	5097.3
534	22.0	22.0	22.0	1771,193,6,14	277.6	39.4813506	73.5916881	5097.3
535	180.2	180.2	183.2	995,329,10,11	276.8	39.4813454	73.5916788	5097.3
536	153.2	153.2	154.2	275,231,14,10	276.4	39.4813475	73.5916796	5097.3
537	154.2	151.2	155.2	221,201,16,14	276.2	39.4813479	73.5916795	5097.3
538	97.1	97.1	97.1	1505,609,10,10	275.9	39.4813513	73.5916784	5097.3
539	191.2	191.2	191.2	0,285,7,12	275.3	39.4813477	73.5916767	5097.3
540	7.0	6.0	10.0	1759,175,13,14	275.1	39.4813480	73.5916921	5097.3
541	189.2	189.2	190.2	839,17,10,11	275.0	39.4813476	73.5916775	5097.3
542	4.0	0.0	4.0	496,62,8,14	274.3	39.4813475	73.5916928	5097.4
543	97.1	97.1	97.1	983,849,9,22	274.0	39.4813513	73.5916784	5097.3
544	19.0	14.0	19.0	1849,41,10,20	273.6	39.4813500	73.5916888	5097.4
545	34.0	34.0	34.0	1233,171,11,18	273.1	39.4813521	73.5916860	5097.3
546	30.0	30.0	30.0	1401,91,12,15	272.0	39.4813521	73.5916862	5097.3
547	160.2	160.2	160.2	666,964,11,7	271.3	39.4813487	73.5916783	5097.3
548	35.0	35.0	37.0	469,51,8,12	271.2	39.4813521	73.5916858	5097.3
549	13.0	12.0	13.0	1909,509,8,14	270.7	39.4813487	73.5916904	5097.3
550	131.1	130.1	131.1	106,137,7,24	270.7	39.4813487	73.5916776	5097.3
551	52.1	52.1	52.1	1747,5,14,10	270.2	39.4813523	73.5916827	5097.3
552	187.2	184.2	187.2	1479,1068,10,12	270.2	39.4813470	73.5916781	5097.3
553	128.1	128.1	131.1	1335,934,26,11	269.9	39.4813498	73.5916776	5097.3
554	237.3	237.3	237.3	777,617,8,16	269.8	39.4813549	73.5916768	5097.2
555	176.2	174.2	181.2	343,565,10,18	268.4	39.4813457	73.5916792	5097.3
556	193.2	189.2	193.2	1025,409,11,8	268.3	39.4813480	73.5916761	5097.3
557	93.1	93.1	95.1	213,1041,14,10	268.2	39.4813522	73.5916776	5097.3
558	42.0	42.0	42.0	1574,1049,14,9	267.2	39.4813525	73.5916845	5097.3
559	37.0	37.0	38.0	1754,147,11,23	266.9	39.4813525	73.5916855	5097.3
560	198.2	198.2	200.2	367,501,8,16	266.3	39.4813484	73.5916751	5097.3
561	41.0	41.0	48.1	606,1073,19,7	266.1	39.4813525	73.5916848	5097.3
562	57.1	57.1	57.1	1026,1007,15,10	264.6	39.4813520	73.5916809	5097.3
563	4.0	4.0	4.0	13,1025,12,8	264.5	39.4813475	73.5916928	5097.4
564	92.1	91.1	95.1	209,937,18,13	263.5	39.4813522	73.5916777	5097.3
565	217.2	215.2	217.2	259,0,10,11	263.3	39.4813521	73.5916760	5097.3
566	101.1	100.1	103.1	730,829,23,8	263.1	39.4813500	73.5916794	5097.3
567	193.2	191.2	193.2	119,11,16,14	262.4	39.4813480	73.5916761	5097.3
568	33.0	33.0	33.0	509,905,4,22	262.2	39.4813521	73.5916860	5097.4
569	169.2	165.2	169.2	651,747,7,18	261.6	39.4813469	73.5916788	5097.3
570	76.1	76.1	76.1	429,83,8,14	261.5	39.4813512	73.5916778	5097.3
571	175.2	175.2	175.2	301,577,14,12	261.4	39.4813459	73.5916793	5097.3
572	154.2	154.2	154.2	534,247,11,18	261.3	39.4813479	73.5916795	5097.3
573	14.0	13.0	17.0	695,633,18,8	261.2	39.4813487	73.5916898	5097.4
574	10.0	6.0	10.0	1793,295,12,12	261.0	39.4813483	73.5916915	5097.4
575	75.1	75.1	75.1	101,589,13,7	260.8	39.4813514	73.5916779	5097.3
576	166.2	166.2	167.2	1531,27,14,16	260.7	39.4813475	73.5916780	5097.3
577	178.2	178.2	181.2	125,913,18,18	259.9	39.4813452	73.5916791	5097.3
578	92.1	91.1	93.1	161,901,12,12	259.7	39.4813522	73.5916777	5097.3
579	115.1	105.1	117.1	863,237,9,18	259.2	39.4813485	73.5916784	5097.3
580	240.3	239.3	240.3	1868,139,9,16	258.9	39.4813551	73.5916772	5097.3
581	141.2	141.2	148.2	171,1057,10,14	258.4	39.4813456	73.5916793	5097.3
582	152.2	152.2	152.2	557,388,15,17	258.0	39.4813474	73.5916797	5097.3
583	59.1	59.1	60.1	1659,854,10,17	257.9	39.4813525	73.5916810	5097.3
584	18.0	14.0	18.0	737,711,8,10	257.7	39.4813500	73.5916889	5097.4
585	156.2	156.2	157.2	1625,129,12,24	257.6	39.4813482	73.5916791	5097.3
586	174.2	174.2	178.2	1809,277,16,10	257.2	39.4813459	73.5916793	5097.3
587	217.2	215.2	217.2	383,13,18,14	257.0	39.4813521	73.5916760	5097.3
588	99.1	98.1	99.1	742,515,9,14	256.1	39.4813505	73.5916791	5097.3
589	156.2	156.2	156.2	393,107,8,10	255.7	39.4813482	73.5916791	5097.3
590	154.2	154.2	154.2	421,167,12,16	255.6	39.4813479	73.5916795	5097.3
591	147.2	144.2	149.2	33,650,16,13	255.3	39.4813459	73.5916805	5097.3
592	232.3	229.3	232.3	1877,0,18,9	255.3	39.4813544	73.5916762	5097.3
593	90.1	87.1	90.1	699,255,10,14	255.1	39.4813519	73.5916776	5097.3
594	33.0	33.0	35.0	1131,435,9,16	254.4	39.4813521	73.5916860	5097.4
595	203.2	203.2	203.2	449,771,18,7	254.0	39.4813495	73.5916755	5097.3
596	118.1	118.1	120.1	1353,829,15,16	253.5	39.4813486	73.5916781	5097.3
597	4.0	0.0	4.0	425,40,13,12	253.3	39.4813475	73.5916928	5097.4
598	180.2	180.2	180.2	779,69,15,12	253.1	39.4813454	73.5916788	5097.3
599	227.3	223.3	228.3	741,319,15,9	253.1	39.4813541	73.5916760	5097.3
600	145.2	145.2	152.2	1888,1042,13,13	252.9	39.4813454	73.5916802	5097.3
601	76.1	76.1	76.1	905,847,30,6	251.7	39.4813512	73.5916778	5097.3
602	54.1	54.1	54.1	754,1021,15,8	251.5	39.4813520	73.5916817	5097.3
603	217.2	212.2	218.2	1816,98,12,15	251.2	39.4813521	73.5916760	5097.3
604	168.2	168.2	168.2	689,969,10,8	250.1	39.4813472	73.5916786	5097.3
605	238.3	234.3	238.3	316,11,19,10	250.0	39.4813550	73.5916768	5097.2
606	237.3	233.3	238.3	9,389,8,12	249.5	39.4813549	73.5916768	5097.2
607	69.1	68.1	71.1	1321,197,8,10	249.1	39.4813533	73.5916794	5097.3
608	199.2	198.2	208.2	849,644,12,11	249.1	39.4813488	73.5916752	5097.3
609	181.2	181.2	185.2	541,801,12,11	248.3	39.4813455	73.5916785	5097.3
610	203.2	203.2	208.2	1059,375,16,10	247.2	39.4813495	73.5916755	5097.3
611	132.2	126.1	141.2	1399,551,14,22	246.7	39.4813484	73.5916776	5097.3
612	225.3	223.3	228.3	673,154,8,15	246.6	39.4813539	73.5916759	5097.3
613	60.1	60.1	60.1	1909,151,4,24	246.5	39.4813530	73.5916810	5097.3
614	4.0	4.0	4.0	304,1029,8,11	246.1	39.4813475	73.5916928	5097.4
615	17.0	17.0	17.0	1145,1009,8,14	245.6	39.4813497	73.5916890	5097.4
616	191.2	190.2	191.2	860,695,15,10	245.4	39.4813477	73.5916767	5097.3
617	75.1	75.1	75.1	797,767,8,12	245.1	39.4813514	73.5916779	5097.3
618	32.0	32.0	32.0	1329,113,6,22	244.2	39.4813522	73.5916862	5097.3
619	33.0	33.0	33.0	600,1073,13,7	243.4	39.4813521	73.5916860	5097.4
620	73.1	71.1	73.1	519,34,12,15	242.9	39.4813520	73.5916782	5097.3
621	155.2	153.2	155.2	449,157,12,12	242.6	39.4813481	73.5916794	5097.3
622	191.2	190.2	191.2	377,464,7,21	242.5	39.4813477	73.5916767	5097.3
623	177.2	174.2	177.2	1911,55,9,23	242.3	39.4813454	73.5916791	5097.3
624	238.3	238.3	238.3	1883,889,18,20	241.6	39.4813550	73.5916768	5097.2
625	221.3	219.2	221.3	23,1041,8,8	241.4	39.4813528	73.5916757	5097.3
626	216.2	216.2	216.2	1665,163,9,8	241.3	39.4813521	73.5916759	5097.3
627	98.1	98.1	98.1	0,425,11,16	241.2	39.4813510	73.5916788	5097.3
628	159.2	159.2	159.2	1809,209,8,8	240.8	39.4813486	73.5916786	5097.3
629	198.2	198.2	202.2	441,529,10,10	240.7	39.4813484	73.5916751	5097.3
630	218.2	218.2	218.2	1757,33,14,16	239.9	39.4813526	73.5916760	5097.3
631	218.2	217.2	221.3	1465,477,10,14	239.9	39.4813526	73.5916760	5097.3
632	98.1	98.1	98.1	1655,617,14,8	239.6	39.4813510	73.5916788	5097.3
633	204.2	202.2	208.2	383,143,7,12	239.6	39.4813499	73.5916757	5097.3
634	237.3	233.3	237.3	447,149,19,8	239.6	39.4813549	73.5916768	5097.2
635	81.1	78.1	81.1	1701,134,6,19	239.5	39.4813504	73.5916778	5097.3
636	76.1	76.1	76.1	165,381,5,20	239.3	39.4813512	73.5916778	5097.3
637	102.1	98.1	102.1	311,81,12,11	238.6	39.4813496	73.5916797	5097.3
638	229.3	229.3	229.3	1897,0,4,17	238.4	39.4813542	73.5916760	5097.3
639	73.1	73.1	73.1	1913,257,7,8	238.0	39.4813520	73.5916782	5097.3
640	79.1	79.1	90.1	582,865,13,8	238.0	39.4813507	73.5916776	5097.3
641	40.0	40.0	40.0	1633,865,8,10	237.7	39.4813524	73.5916849	5097.3
642	156.2	156.2	157.2	1909,486,6,16	237.6	39.4813482	73.5916791	5097.3
643	175.2	175.2	175.2	873,67,8,10	237.2	39.4813459	73.5916793	5097.3
644	42.0	41.0	42.0	224,949,9,9	236.9	39.4813525	73.5916845	5097.3
645	54.1	54.1	54.1	1849,73,6,20	236.9	39.4813520	73.5916817	5097.3
646	70.1	68.1	70.1	1593,33,8,8	236.7	39.4813527	73.5916791	5097.3
647	43.0	43.0	44.1	35,81,8,12	236.3	39.4813527	73.5916843	5097.3
648	187.2	181.2	188.2	555,139,6,16	236.3	39.4813470	73.5916781	5097.3
649	119.1	116.1	122.1	451,373,8,10	236.2	39.4813486	73.5916780	5097.3
650	77.1	77.1	77.1	1035,603,7,14	236.0	39.4813510	73.5916776	5097.3
651	63.1	59.1	63.1	1083,9,16,8	235.7	39.4813535	73.5916806	5097.3
652	216.2	216.2	221.3	1529,741,8,15	235.7	39.4813521	73.5916759	5097.3
653	152.2	152.2	153.2	121,175,16,10	235.5	39.4813474	73.5916797	5097.3
654	160.2	160.2	160.2	117,1017,7,22	235.4	39.4813487	73.5916783	5097.3
655	97.1	97.1	97.1	307,737,8,8	235.3	39.4813513	73.5916784	5097.3
656	158.2	158.2	158.2	1361,192,16,9	235.2	39.4813485	73.5916787	5097.3
657	128.1	127.1	128.1	1489,964,8,15	235.0	39.4813498	73.5916776	5097.3
658	213.2	211.2	213.2	681,55,8,14	234.8	39.4813516	73.5916758	5097.3
659	124.1	124.1	124.1	587,937,19,9	234.5	39.4813499	73.5916785	5097.3
660	238.3	238.3	238.3	561,457,8,8	233.1	39.4813550	73.5916768	5097.2
661	102.1	102.1	102.1	1895,375,8,24	232.6	39.4813496	73.5916797	5097.3
662	101.1	101.1	101.1	19,609,14,16	232.5	39.4813500	73.5916794	5097.3
663	179.2	179.2	184.2	1559,1025,12,10	232.3	39.4813453	73.5916789	5097.3
664	41.0	41.0	41.0	651,1003,6,19	230.8	39.4813525	73.5916848	5097.3
665	80.1	78.1	81.1	1625,193,8,8	230.8	39.4813504	73.5916776	5097.3
666	150.2	144.2	150.2	1815,179,11,10	230.7	39.4813468	73.5916802	5097.3
667	163.2	162.2	166.2	629,719,12,8	230.5	39.4813480	73.5916783	5097.3
668	179.2	179.2	182.2	454,957,15,8	230.5	39.4813453	73.5916789	5097.3
669	154.2	154.2	154.2	473,379,18,6	230.1	39.4813479	73.5916795	5097.3
670	186.2	185.2	186.2	1553,1017,12,8	229.9	39.4813470	73.5916784	5097.3
671	81.1	81.1	81.1	513,609,8,8	229.3	39.4813504	73.5916778	5097.3
672	188.2	188.2	188.2	759,96,12,9	229.3	39.4813472	73.5916778	5097.3
673	44.1	38.0	44.1	1761,9,10,8	229.0	39.4813530	73.5916840	5097.4
674	231.3	231.3	231.3	852,998,11,15	229.0	39.4813543	73.5916760	5097.3
675	191.2	191.2	191.2	1169,59,8,16	228.6	39.4813477	73.5916767	5097.3
676	230.3	230.3	230.3	329,245,20,10	228.6	39.4813544	73.5916760	5097.3
677	11.0	11.0	17.0	1787,173,10,10	227.8	39.4813484	73.5916912	5097.3
678	211.2	211.2	211.2	899,15,8,14	227.0	39.4813511	73.5916759	5097.3
679	44.1	44.1	44.1	479,863,15,9	226.5	39.4813530	73.5916840	5097.4
680	124.1	123.1	124.1	107,759,6,24	224.7	39.4813499	73.5916785	5097.3
681	165.2	165.2	165.2	657,751,16,6	224.5	39.4813474	73.5916779	5097.3
682	60.1	59.1	60.1	1071,114,12,9	224.4	39.4813530	73.5916810	5097.3
683	192.2	192.2	192.2	694,887,10,10	224.3	39.4813478	73.5916764	5097.3
684	212.2	212.2	212.2	1769,955,8,8	224.1	39.4813512	73.5916757	5097.3
685	11.0	6.0	11.0	801,703,10,12	223.9	39.4813484	73.5916912	5097.3
686	131.1	131.1	131.1	1359,503,14,9	223.8	39.4813487	73.5916776	5097.3
687	56.1	55.1	63.1	1225,907,16,6	223.2	39.4813519	73.5916811	5097.3
688	209.2	201.2	211.2	361,305,6,20	222.8	39.4813507	73.5916761	5097.3
689	227.3	223.3	227.3	1738,659,15,10	222.6	39.4813541	73.5916760	5097.3
690	41.0	41.0	41.0	1897,875,14,14	222.1	39.4813525	73.5916848	5097.3
691	32.0	32.0	32.0	1735,1028,10,13	221.9	39.4813522	73.5916862	5097.3
692	96.1	96.1	96.1	1467,49,14,10	221.9	39.4813518	73.5916781	5097.3
693	192.2	192.2	196.2	359,443,10,18	221.7	39.4813478	73.5916764	5097.3
694	175.2	175.2	175.2	1911,115,9,9	221.4	39.4813459	73.5916793	5097.3
695	105.1	102.1	113.1	609,620,8,9	221.2	39.4813492	73.5916794	5097.3
696	192.2	192.2	192.2	188,893,21,4	221.0	39.4813478	73.5916764	5097.3
697	195.2	195.2	195.2	537,787,8,10	220.9	39.4813481	73.5916753	5097.3
698	155.2	150.2	156.2	161,341,12,14	220.8	39.4813481	73.5916794	5097.3
699	163.2	163.2	168.2	1073,837,10,8	219.9	39.4813480	73.5916783	5097.3
700	222.3	222.3	222.3	493,995,14,7	219.2	39.4813532	73.5916756	5097.3
701	167.2	166.2	167.2	462,563,9,14	218.6	39.4813474	73.5916782	5097.3
702	16.0	15.0	16.0	1765,811,6,14	218.5	39.4813494	73.5916893	5097.4
703	14.0	12.0	17.0	818,709,14,10	217.5	39.4813487	73.5916898	5097.4
704	97.1	97.1	97.1	1891,293,10,8	217.3	39.4813513	73.5916784	5097.3
705	122.1	117.1	124.1	743,445,14,11	216.9	39.4813496	73.5916784	5097.3
706	43.0	43.0	43.0	825,80,4,17	216.7	39.4813527	73.5916843	5097.3
707	76.1	76.1	76.1	257,33,13,12	216.7	39.4813512	73.5916778	5097.3
708	76.1	76.1	76.1	221,159,12,10	216.5	39.4813512	73.5916778	5097.3
709	18.0	13.0	19.0	687,557,10,14	216.0	39.4813500	73.5916889	5097.4
710	124.1	124.1	124.1	760,177,9,10	215.9	39.4813499	73.5916785	5097.3
711	47.1	47.1	52.1	1649,1015,18,10	215.2	39.4813524	73.5916833	5097.3
712	149.2	147.2	151.2	197,363,16,10	214.9	39.4813464	73.5916803	5097.3
713	222.3	222.3	222.3	528,823,13,5	214.7	39.4813532	73.5916756	5097.3
714	72.1	72.1	72.1	1165,879,8,12	214.6	39.4813521	73.5916784	5097.3
715	158.2	158.2	158.2	7,561,10,8	214.2	39.4813485	73.5916787	5097.3
716	6.0	4.0	6.0	609,185,10,13	213.8	39.4813478	73.5916923	5097.3
717	162.2	162.2	162.2	1569,59,16,14	213.7	39.4813485	73.5916785	5097.3
718	209.2	207.2	209.2	383,41,10,7	213.7	39.4813507	73.5916761	5097.3
719	73.1	73.1	73.1	1253,1025,12,16	213.6	39.4813520	73.5916782	5097.3
720	156.2	156.2	157.2	446,169,13,16	213.3	39.4813482	73.5916791	5097.3
721	61.1	61.1	62.1	765,237,18,8	213.0	39.4813533	73.5916810	5097.3
722	53.1	50.1	53.1	1823,71,10,10	212.6	39.4813520	73.5916822	5097.3
723	63.1	62.1	65.1	1279,250,10,7	212.6	39.4813535	73.5916806	5097.3
724	87.1	81.1	89.1	729,385,15,9	212.6	39.4813515	73.5916781	5097.3
725	189.2	189.2	189.2	545,129,12,8	212.5	39.4813476	73.5916775	5097.3
726	55.1	55.1	55.1	1141,327,10,10	212.3	39.4813519	73.5916814	5097.3
727	77.1	77.1	78.1	330,51,7,24	212.1	39.4813510	73.5916776	5097.3
728	72.1	68.1	72.1	697,279,18,10	211.6	39.4813521	73.5916784	5097.3
729	13.0	13.0	18.0	1427,415,8,17	211.5	39.4813487	73.5916904	5097.3
730	55.1	55.1	55.1	1129,1029,11,12	210.7	39.4813519	73.5916814	5097.3
731	154.2	148.2	154.2	141,182,8,15	210.5	39.4813479	73.5916795	5097.3
732	198.2	198.2	198.2	743,611,12,10	210.5	39.4813484	73.5916751	5097.3
733	211.2	211.2	215.2	520,649,9,16	209.9	39.4813511	73.5916759	5097.3
734	97.1	97.1	98.1	904,429,6,19	209.8	39.4813513	73.5916784	5097.3
735	125.1	118.1	125.1	82,311,11,8	209.6	39.4813500	73.5916782	5097.3
736	51.1	49.1	51.1	1677,7,8,10	209.4	39.4813524	73.5916829	5097.3
737	168.2	165.2	168.2	1705,257,7,18	209.4	39.4813472	73.5916786	5097.3
738	222.3	219.2	222.3	921,60,8,11	209.1	39.4813532	73.5916756	5097.3
739	234.3	233.3	240.3	1841,157,10,14	208.3	39.4813547	73.5916765	5097.3
740	24.0	20.0	24.0	487,817,4,15	208.0	39.4813511	73.5916873	5097.3
741	62.1	60.1	72.1	1219,545,10,10	207.9	39.4813535	73.5916808	5097.3
742	113.1	113.1	113.1	99,101,16,10	207.7	39.4813482	73.5916785	5097.3
743	67.1	66.1	68.1	1420,107,13,10	207.5	39.4813536	73.5916798	5097.3
744	191.2	191.2	191.2	871,519,10,12	207.5	39.4813477	73.5916767	5097.3
745	129.1	129.1	129.1	906,993,13,12	207.3	39.4813494	73.5916774	5097.3
746	204.2	202.2	207.2	327,780,11,8	207.3	39.4813499	73.5916757	5097.3
747	115.1	114.1	115.1	783,591,10,17	207.0	39.4813485	73.5916784	5097.3
748	179.2	179.2	179.2	977,657,9,12	206.5	39.4813453	73.5916789	5097.3
749	183.2	181.2	183.2	945,99,14,4	206.4	39.4813459	73.5916786	5097.3
750	58.1	58.1	59.1	15,1009,8,16	206.1	39.4813521	73.5916809	5097.3
751	36.0	36.0	36.0	749,971,10,11	206.0	39.4813521	73.5916856	5097.3
752	120.1	120.1	121.1	0,1017,5,14	205.6	39.4813487	73.5916780	5097.3
753	47.1	47.1	48.1	1675,921,12,8	205.1	39.4813524	73.5916833	5097.3
754	129.1	129.1	129.1	993,419,8,10	205.1	39.4813494	73.5916774	5097.3
755	6.0	6.0	6.0	261,581,10,6	204.6	39.4813478	73.5916923	5097.3
756	143.2	134.2	143.2	1312,484,14,7	204.6	39.4813457	73.5916796	5097.3
757	42.0	42.0	42.0	743,457,7,18	204.5	39.4813525	73.5916845	5097.3
758	62.1	62.1	62.1	1255,613,21,12	204.3	39.4813535	73.5916808	5097.3
759	114.1	114.1	114.1	283,915,6,24	204.3	39.4813484	73.5916783	5097.3
760	42.0	42.0	42.0	99,56,8,9	204.1	39.4813525	73.5916845	5097.3
761	157.2	157.2	157.2	331,344,10,17	203.5	39.4813484	73.5916791	5097.3
762	100.1	98.1	101.1	233,629,14,8	203.2	39.4813502	73.5916792	5097.3
763	197.2	197.2	197.2	21,451,8,10	203.2	39.4813483	73.5916752	5097.3
764	22.0	21.0	22.0	1337,1027,8,12	203.1	39.4813506	73.5916881	5097.3
765	73.1	73.1	73.1	650,353,7,8	203.0	39.4813520	73.5916782	5097.3
766	146.2	140.2	149.2	1875,587,13,7	202.5	39.4813457	73.5916805	5097.3
767	35.0	35.0	35.0	435,0,8,14	201.2	39.4813521	73.5916858	5097.3
768	58.1	58.1	62.1	87,1025,8,16	201.1	39.4813521	73.5916809	5097.3
769	91.1	90.1	91.1	849,190,16,9	201.1	39.4813522	73.5916776	5097.3
770	222.3	222.3	222.3	689,97,8,8	201.1	39.4813532	73.5916756	5097.3
771	232.3	232.3	232.3	25,39,8,14	200.8	39.4813544	73.5916762	5097.3
772	67.1	65.1	69.1	603,830,12,8	200.7	39.4813536	73.5916798	5097.3
773	103.1	103.1	103.1	577,916,21,7	200.5	39.4813495	73.5916797	5097.3
774	130.1	129.1	130.1	1729,897,6,16	200.0	39.4813491	73.5916775	5097.3
775	181.2	181.2	181.2	1171,883,14,6	200.0	39.4813455	73.5916785	5097.3
776	146.2	139.2	147.2	1745,289,12,8	199.5	39.4813457	73.5916805	5097.3
777	213.2	212.2	213.2	369,113,8,8	199.5	39.4813516	73.5916758	5097.3
778	178.2	178.2	184.2	1174,953,9,8	199.3	39.4813452	73.5916791	5097.3
779	222.3	222.3	222.3	737,297,8,10	199.3	39.4813532	73.5916756	5097.3
780	47.1	47.1	47.1	641,529,4,16	199.0	39.4813524	73.5916833	5097.3
781	87.1	87.1	88.1	599,161,8,11	198.9	39.4813515	73.5916781	5097.3
782	78.1	78.1	79.1	1769,27,12,10	198.8	39.4813508	73.5916775	5097.3
783	232.3	232.3	232.3	865,760,11,16	198.8	39.4813544	73.5916762	5097.3
784	133.2	133.2	133.2	1225,189,8,10	198.7	39.4813480	73.5916776	5097.3
785	41.0	41.0	41.0	1523,65,4,16	198.4	39.4813525	73.5916848	5097.3
786	36.0	36.0	36.0	379,699,6,14	198.3	39.4813521	73.5916856	5097.3
787	39.0	39.0	39.0	1841,1069,11,8	198.1	39.4813524	73.5916853	5097.3
788	183.2	180.2	183.2	289,387,13,11	198.1	39.4813459	73.5916786	5097.3
789	195.2	195.2	195.2	573,105,14,8	198.1	39.4813481	73.5916753	5097.3
790	124.1	122.1	125.1	1447,825,12,8	197.8	39.4813499	73.5916785	5097.3
791	5.0	5.0	5.0	1000,1070,10,10	197.7	39.4813478	73.5916926	5097.4
792	213.2	213.2	213.2	823,73,14,16	197.7	39.4813516	73.5916758	5097.3
793	222.3	222.3	225.3	1483,329,9,8	197.2	39.4813532	73.5916756	5097.3
794	228.3	223.3	228.3	751,157,11,10	197.0	39.4813541	73.5916760	5097.3
795	239.3	234.3	239.3	1877,533,10,8	197.0	39.4813549	73.5916769	5097.3
796	215.2	215.2	215.2	417,93,12,8	196.5	39.4813519	73.5916760	5097.3
797	73.1	68.1	73.1	521,277,10,8	196.4	39.4813520	73.5916782	5097.3
798	113.1	113.1	113.1	325,33,12,10	196.3	39.4813482	73.5916785	5097.3
799	135.2	131.1	138.2	1465,489,10,8	196.2	39.4813476	73.5916779	5097.3
800	97.1	97.1	97.1	811,769,6,10	196.0	39.4813513	73.5916784	5097.3
801	45.1	45.1	45.1	1811,521,4,16	195.8	39.4813526	73.5916837	5097.3
802	36.0	36.0	36.0	1761,73,4,18	195.7	39.4813521	73.5916856	5097.3
803	86.1	82.1	86.1	1617,22,9,11	195.3	39.4813512	73.5916781	5097.3
804	160.2	160.2	160.2	1897,861,8,14	195.1	39.4813487	73.5916783	5097.3
805	32.0	32.0	32.0	124,1031,15,10	195.0	39.4813522	73.5916862	5097.3
806	125.1	125.1	125.1	1361,67,8,10	194.9	39.4813500	73.5916782	5097.3
807	147.2	147.2	151.2	375,737,10,8	194.8	39.4813459	73.5916805	5097.3
808	31.0	31.0	31.0	1423,87,16,18	194.7	39.4813524	73.5916863	5097.3
809	207.2	207.2	207.2	573,165,12,11	194.6	39.4813503	73.5916759	5097.3
810	199.2	199.2	199.2	1001,126,10,9	194.5	39.4813488	73.5916752	5097.3
811	183.2	183.2	183.2	733,71,13,5	194.3	39.4813459	73.5916786	5097.3
812	27.0	27.0	27.0	1839,1009,14,10	194.2	39.4813515	73.5916866	5097.3
813	115.1	115.1	115.1	116,1047,8,15	194.0	39.4813485	73.5916784	5097.3
814	196.2	196.2	196.2	811,817,10,14	193.1	39.4813482	73.5916753	5097.3
815	94.1	94.1	96.1	657,1047,8,11	192.4	39.4813522	73.5916775	5097.3
816	172.2	172.2	172.2	1880,91,5,23	192.4	39.4813465	73.5916795	5097.3
817	7.0	7.0	7.0	769,385,8,9	192.0	39.4813480	73.5916921	5097.3
818	127.1	120.1	127.1	625,39,10,9	191.6	39.4813499	73.5916778	5097.3
819	185.2	184.2	185.2	603,129,6,11	191.6	39.4813465	73.5916784	5097.3
820	220.3	218.2	221.3	28,902,11,15	191.6	39.4813529	73.5916758	5097.3
821	224.3	224.3	228.3	1820,169,13,12	191.6	39.4813534	73.5916758	5097.3
822	5.0	5.0	5.0	617,1008,8,9	191.5	39.4813478	73.5916926	5097.4
823	96.1	96.1	96.1	463,269,11,16	191.1	39.4813518	73.5916781	5097.3
824	96.1	96.1	96.1	617,312,11,10	190.7	39.4813518	73.5916781	5097.3
825	224.3	222.3	224.3	841,327,10,12	190.7	39.4813534	73.5916758	5097.3
826	130.1	130.1	130.1	169,915,15,11	190.6	39.4813491	73.5916775	5097.3
827	0.0	0.0	2.0	0,812,8,13	190.4	39.4813462	73.5916940	5097.4
828	170.2	170.2	170.2	1879,79,7,16	190.3	39.4813469	73.5916792	5097.3
829	159.2	159.2	159.2	1758,825,11,8	190.0	39.4813486	73.5916786	5097.3
830	179.2	178.2	179.2	93,227,13,10	190.0	39.4813453	73.5916789	5097.3
831	168.2	168.2	168.2	1807,935,10,10	189.8	39.4813472	73.5916786	5097.3
832	145.2	143.2	145.2	1776,777,11,16	189.7	39.4813454	73.5916802	5097.3
833	18.0	15.0	18.0	1525,73,4,22	189.5	39.4813500	73.5916889	5097.4
834	118.1	117.1	120.1	1089,856,11,9	189.4	39.4813486	73.5916781	5097.3
835	124.1	123.1	124.1	1795,0,8,10	188.9	39.4813499	73.5916785	5097.3
836	199.2	198.2	201.2	164,1041,11,8	188.9	39.4813488	73.5916752	5097.3
837	175.2	175.2	175.2	39,462,14,13	188.8	39.4813459	73.5916793	5097.3
838	104.1	103.1	104.1	697,332,6,13	188.4	39.4813492	73.5916794	5097.3
839	177.2	177.2	177.2	1083,985,10,12	188.4	39.4813454	73.5916791	5097.3
840	29.0	29.0	29.0	328,822,12,10	188.0	39.4813521	73.5916863	5097.3
841	122.1	121.1	122.1	691,417,10,11	188.0	39.4813496	73.5916784	5097.3
842	12.0	12.0	12.0	1881,1053,8,18	187.5	39.4813487	73.5916907	5097.3
843	16.0	15.0	19.0	1331,1049,6,8	187.3	39.4813494	73.5916893	5097.4
844	44.1	43.0	44.1	1697,420,8,11	187.3	39.4813530	73.5916840	5097.4
845	18.0	18.0	18.0	591,872,10,9	187.1	39.4813500	73.5916889	5097.4
846	212.2	211.2	212.2	393,33,8,12	187.0	39.4813512	73.5916757	5097.3
847	159.2	159.2	159.2	1687,537,10,8	186.9	39.4813486	73.5916786	5097.3
848	199.2	199.2	199.2	137,193,6,10	186.8	39.4813488	73.5916752	5097.3
849	81.1	81.1	81.1	151,61,10,12	186.5	39.4813504	73.5916778	5097.3
850	126.1	126.1	126.1	1697,1030,16,9	186.4	39.4813500	73.5916780	5097.3
851	101.1	101.1	101.1	371,933,14,13	185.8	39.4813500	73.5916794	5097.3
852	76.1	76.1	76.1	238,555,11,12	185.6	39.4813512	73.5916778	5097.3
853	127.1	119.1	127.1	279,45,6,8	185.4	39.4813499	73.5916778	5097.3
854	240.3	240.3	240.3	935,1005,16,10	185.2	39.4813551	73.5916772	5097.3
855	150.2	150.2	150.2	87,798,10,15	185.1	39.4813468	73.5916802	5097.3
856	6.0	6.0	8.0	1905,417,6,17	185.0	39.4813478	73.5916923	5097.3
857	197.2	197.2	197.2	1833,1069,8,11	185.0	39.4813483	73.5916752	5097.3
858	107.1	103.1	111.1	1841,1005,10,12	184.9	39.4813487	73.5916793	5097.3
859	11.0	11.0	11.0	1233,685,8,14	184.8	39.4813484	73.5916912	5097.3
860	222.3	219.2	222.3	146,272,12,7	184.7	39.4813532	73.5916756	5097.3
861	188.2	188.2	188.2	881,5,8,8	184.3	39.4813472	73.5916778	5097.3
862	233.3	233.3	237.3	534,25,9,16	184.3	39.4813547	73.5916764	5097.3
863	102.1	99.1	102.1	331,233,11,12	183.7	39.4813496	73.5916797	5097.3
864	11.0	9.0	11.0	1303,113,6,8	183.1	39.4813484	73.5916912	5097.3
865	178.2	178.2	178.2	220,785,9,10	183.1	39.4813452	73.5916791	5097.3
866	195.2	195.2	195.2	349,159,10,13	183.1	39.4813481	73.5916753	5097.3
867	37.0	37.0	37.0	1513,811,13,9	183.0	39.4813525	73.5916855	5097.3
868	75.1	75.1	75.1	1305,933,8,12	183.0	39.4813514	73.5916779	5097.3
869	56.1	56.1	56.1	1713,979,8,14	182.7	39.4813519	73.5916811	5097.3
870	177.2	175.2	177.2	1069,33,8,8	182.7	39.4813454	73.5916791	5097.3
871	150.2	150.2	151.2	475,559,14,8	181.9	39.4813468	73.5916802	5097.3
872	13.0	13.0	15.0	321,833,8,9	181.6	39.4813487	73.5916904	5097.3
873	229.3	229.3	229.3	1201,1037,8,8	181.1	39.4813542	73.5916760	5097.3
874	149.2	146.2	153.2	257,513,8,10	181.0	39.4813464	73.5916803	5097.3
875	200.2	199.2	200.2	1113,48,16,6	180.9	39.4813492	73.5916754	5097.3
876	156.2	155.2	156.2	281,0,10,11	180.3	39.4813482	73.5916791	5097.3
877	64.1	60.1	64.1	1121,0,17,9	179.7	39.4813537	73.5916803	5097.3
878	122.1	122.1	122.1	1633,0,5,11	179.7	39.4813496	73.5916784	5097.3
879	15.0	15.0	15.0	1585,207,8,10	179.5	39.4813490	73.5916896	5097.4
880	51.1	51.1	51.1	0,320,6,9	179.3	39.4813524	73.5916829	5097.3
881	34.0	34.0	34.0	566,571,4,20	178.0	39.4813521	73.5916860	5097.3
882	139.2	138.2	140.2	326,999,7,11	178.0	39.4813464	73.5916790	5097.3
883	232.3	232.3	232.3	1582,395,10,10	178.0	39.4813544	73.5916762	5097.3
884	144.2	144.2	144.2	1063,795,10,8	177.8	39.4813456	73.5916800	5097.3
885	69.1	69.1	69.1	1049,13,16,12	177.7	39.4813533	73.5916794	5097.3
886	79.1	77.1	79.1	1199,63,12,10	177.4	39.4813507	73.5916776	5097.3
887	82.1	82.1	82.1	1521,23,7,10	177.1	39.4813503	73.5916781	5097.3
888	197.2	197.2	197.2	1178,711,11,6	176.8	39.4813483	73.5916752	5097.3
889	160.2	160.2	160.2	1611,884,10,9	176.6	39.4813487	73.5916783	5097.3
890	165.2	165.2	165.2	967,1011,8,8	176.6	39.4813474	73.5916779	5097.3
891	104.1	104.1	104.1	103,617,12,16	176.2	39.4813492	73.5916794	5097.3
892	224.3	223.3	231.3	625,154,11,11	176.1	39.4813534	73.5916758	5097.3
893	75.1	75.1	75.1	683,213,8,20	176.0	39.4813514	73.5916779	5097.3
894	104.1	103.1	104.1	877,930,8,13	175.8	39.4813492	73.5916794	5097.3
895	37.0	37.0	37.0	1263,487,10,12	175.7	39.4813525	73.5916855	5097.3
896	37.0	37.0	37.0	219,345,18,8	175.5	39.4813525	73.5916855	5097.3
897	45.1	45.1	45.1	1715,39,6,10	175.4	39.4813526	73.5916837	5097.3
898	181.2	179.2	181.2	734,85,10,11	175.2	39.4813455	73.5916785	5097.3
899	145.2	145.2	145.2	1367,1064,14,5	175.1	39.4813454	73.5916802	5097.3
900	215.2	215.2	217.2	417,169,18,12	175.1	39.4813519	73.5916760	5097.3
901	103.1	103.1	103.1	104,85,9,12	175.0	39.4813495	73.5916797	5097.3
902	133.2	133.2	133.2	151,569,10,13	175.0	39.4813480	73.5916776	5097.3
903	30.0	30.0	30.0	225,757,6,10	174.7	39.4813521	73.5916862	5097.3
904	150.2	150.2	150.2	221,935,14,7	174.7	39.4813468	73.5916802	5097.3
905	85.1	85.1	85.1	344,570,9,7	174.5	39.4813507	73.5916781	5097.3
906	134.2	130.1	134.2	1601,785,8,6	174.3	39.4813481	73.5916777	5097.3
907	147.2	145.2	149.2	96,635,15,6	174.3	39.4813459	73.5916805	5097.3
908	7.0	7.0	7.0	1913,295,7,16	174.2	39.4813480	73.5916921	5097.3
909	232.3	229.3	232.3	1767,179,6,12	173.8	39.4813544	73.5916762	5097.3
910	237.3	234.3	238.3	1863,805,12,12	173.8	39.4813549	73.5916768	5097.2
911	55.1	55.1	55.1	1249,737,8,8	173.7	39.4813519	73.5916814	5097.3
912	3.0	3.0	3.0	873,87,8,10	173.4	39.4813472	73.5916930	5097.4
913	158.2	158.2	158.2	323,855,7,10	173.4	39.4813485	73.5916787	5097.3
914	206.2	206.2	206.2	359,901,10,8	173.0	39.4813500	73.5916758	5097.3
915	3.0	3.0	3.0	0,25,12,11	172.7	39.4813472	73.5916930	5097.4
916	176.2	176.2	176.2	14,556,13,15	172.1	39.4813457	73.5916792	5097.3
917	104.1	104.1	104.1	1045,647,8,8	171.9	39.4813492	73.5916794	5097.3
918	175.2	175.2	175.2	263,1064,16,10	171.7	39.4813459	73.5916793	5097.3
919	35.0	35.0	38.0	58,898,6,15	171.0	39.4813521	73.5916858	5097.3
920	210.2	210.2	211.2	549,186,11,8	171.0	39.4813508	73.5916761	5097.3
921	132.2	128.1	132.2	1657,777,16,6	170.9	39.4813484	73.5916776	5097.3
922	75.1	75.1	75.1	659,549,24,6	170.7	39.4813514	73.5916779	5097.3
923	218.2	218.2	218.2	1601,704,7,9	170.6	39.4813526	73.5916760	5097.3
924	92.1	92.1	95.1	137,1025,12,12	170.5	39.4813522	73.5916777	5097.3
925	12.0	12.0	13.0	265,841,7,9	170.4	39.4813487	73.5916907	5097.3
926	14.0	14.0	14.0	1905,53,4,18	170.4	39.4813487	73.5916898	5097.4
927	58.1	58.1	58.1	1002,127,7,17	170.0	39.4813521	73.5916809	5097.3
928	189.2	189.2	189.2	1211,9,14,10	170.0	39.4813476	73.5916775	5097.3
929	152.2	152.2	154.2	1819,293,6,14	169.9	39.4813474	73.5916797	5097.3
930	158.2	158.2	158.2	34,647,5,10	169.7	39.4813485	73.5916787	5097.3
931	56.1	56.1	56.1	1273,999,12,10	169.4	39.4813519	73.5916811	5097.3
932	11.0	11.0	13.0	1873,261,8,9	169.2	39.4813484	73.5916912	5097.3
933	202.2	202.2	204.2	281,290,8,7	169.1	39.4813494	73.5916754	5097.3
934	43.0	43.0	43.0	1825,47,8,12	168.9	39.4813527	73.5916843	5097.3
935	144.2	133.2	144.2	752,48,17,11	168.7	39.4813456	73.5916800	5097.3
936	92.1	91.1	92.1	569,5,10,8	168.5	39.4813522	73.5916777	5097.3
937	46.1	46.1	46.1	43,1073,11,7	168.2	39.4813525	73.5916835	5097.3
938	142.2	140.2	143.2	919,207,10,6	168.0	39.4813457	73.5916794	5097.3
939	6.0	6.0	6.0	1557,35,6,10	167.7	39.4813478	73.5916923	5097.3
940	68.1	64.1	72.1	467,574,7,9	167.7	39.4813535	73.5916796	5097.3
941	0.0	0.0	0.0	57,1043,14,17	167.6	39.4813462	73.5916940	5097.4
942	73.1	73.1	73.1	1817,72,14,5	167.5	39.4813520	73.5916782	5097.3
943	133.2	125.1	135.2	1382,129,11,6	167.5	39.4813480	73.5916776	5097.3
944	187.2	187.2	187.2	1523,1013,14,8	167.5	39.4813470	73.5916781	5097.3
945	81.1	81.1	89.1	563,895,8,14	167.2	39.4813504	73.5916778	5097.3
946	230.3	230.3	230.3	286,294,5,15	166.7	39.4813544	73.5916760	5097.3
947	166.2	166.2	166.2	1025,467,14,6	166.5	39.4813475	73.5916780	5097.3
948	83.1	83.1	83.1	120,116,11,7	166.2	39.4813504	73.5916784	5097.3
949	128.1	125.1	128.1	545,282,8,7	166.0	39.4813498	73.5916776	5097.3
950	222.3	222.3	222.3	620,803,5,14	165.9	39.4813532	73.5916756	5097.3
951	136.2	136.2	136.2	5,241,4,14	165.8	39.4813471	73.5916781	5097.3
952	240.3	240.3	240.3	1718,239,5,18	165.6	39.4813551	73.5916772	5097.3
953	66.1	66.1	66.1	489,687,16,10	164.5	39.4813537	73.5916798	5097.3
954	45.1	45.1	46.1	1637,167,8,12	164.3	39.4813526	73.5916837	5097.3
955	101.1	101.1	101.1	185,797,14,12	164.2	39.4813500	73.5916794	5097.3
956	197.2	197.2	197.2	225,229,10,8	164.2	39.4813483	73.5916752	5097.3
957	126.1	126.1	132.2	69,905,12,11	163.6	39.4813500	73.5916780	5097.3
958	71.1	71.1	71.1	33,1025,6,10	162.6	39.4813524	73.5916786	5097.3
959	240.3	240.3	240.3	1213,701,14,6	162.3	39.4813551	73.5916772	5097.3
960	75.1	75.1	75.1	205,702,10,11	162.1	39.4813514	73.5916779	5097.3
961	18.0	18.0	21.0	1907,1015,8,10	161.7	39.4813500	73.5916889	5097.4
962	160.2	160.2	160.2	1634,545,6,8	161.6	39.4813487	73.5916783	5097.3
963	159.2	159.2	159.2	1829,1075,12,5	161.5	39.4813486	73.5916786	5097.3
964	90.1	83.1	95.1	931,349,6,12	160.6	39.4813519	73.5916776	5097.3
965	179.2	176.2	179.2	1755,20,12,7	160.4	39.4813453	73.5916789	5097.3
966	158.2	158.2	158.2	243,833,9,8	159.9	39.4813485	73.5916787	5097.3
967	68.1	67.1	71.1	1345,147,10,12	159.8	39.4813535	73.5916796	5097.3
968	197.2	197.2	197.2	900,984,11,7	159.7	39.4813483	73.5916752	5097.3
969	181.2	181.2	182.2	1559,963,14,8	159.4	39.4813455	73.5916785	5097.3
970	39.0	39.0	39.0	1735,641,10,4	159.3	39.4813524	73.5916853	5097.3
971	239.3	235.3	240.3	807,1061,14,6	159.3	39.4813549	73.5916769	5097.3
972	35.0	35.0	35.0	293,773,8,13	159.2	39.4813521	73.5916858	5097.3
973	188.2	188.2	190.2	297,583,11,6	159.2	39.4813472	73.5916778	5097.3
974	23.0	23.0	23.0	1799,29,10,8	159.1	39.4813508	73.5916876	5097.3
975	123.1	119.1	123.1	565,401,12,6	159.1	39.4813499	73.5916785	5097.3
976	229.3	229.3	229.3	1838,1073,7,7	159.1	39.4813542	73.5916760	5097.3
977	87.1	84.1	89.1	534,125,7,12	159.0	39.4813515	73.5916781	5097.3
978	54.1	54.1	54.1	843,722,11,9	158.9	39.4813520	73.5916817	5097.3
979	63.1	63.1	63.1	939,9,7,8	158.9	39.4813535	73.5916806	5097.3
980	106.1	105.1	106.1	1351,1017,12,12	158.7	39.4813488	73.5916794	5097.3
981	187.2	185.2	188.2	1353,877,13,14	158.6	39.4813470	73.5916781	5097.3
982	176.2	176.2	176.2	1745,117,6,11	158.5	39.4813457	73.5916792	5097.3
983	83.1	83.1	84.1	330,311,11,8	158.2	39.4813504	73.5916784	5097.3
984	139.2	139.2	141.2	1030,1039,13,8	157.9	39.4813464	73.5916790	5097.3
985	159.2	159.2	159.2	62,1013,15,8	157.3	39.4813486	73.5916786	5097.3
986	18.0	15.0	19.0	1701,32,10,13	157.1	39.4813500	73.5916889	5097.4
987	75.1	75.1	75.1	881,943,7,8	157.1	39.4813514	73.5916779	5097.3
988	85.1	81.1	86.1	805,671,6,10	156.9	39.4813507	73.5916781	5097.3
989	175.2	175.2	175.2	353,49,8,12	156.9	39.4813459	73.5916793	5097.3
990	119.1	119.1	119.1	1773,98,2,23	156.6	39.4813486	73.5916780	5097.3
991	119.1	119.1	119.1	1207,965,12,7	156.5	39.4813486	73.5916780	5097.3
992	48.1	48.1	48.1	634,1037,15,4	156.4	39.4813524	73.5916833	5097.3
993	116.1	116.1	116.1	36,885,9,8	156.4	39.4813485	73.5916784	5097.3
994	228.3	223.3	228.3	711,187,7,14	156.3	39.4813541	73.5916760	5097.3
995	14.0	14.0	14.0	1001,947,8,8	156.0	39.4813487	73.5916898	5097.4
996	186.2	186.2	186.2	470,239,7,10	156.0	39.4813470	73.5916784	5097.3
997	62.1	62.1	62.1	1173,41,8,8	155.9	39.4813535	73.5916808	5097.3
998	219.2	219.2	219.2	1911,629,6,12	155.8	39.4813526	73.5916759	5097.3
999	66.1	66.1	66.1	1137,25,8,10	155.6	39.4813537	73.5916798	5097.3
1000	150.2	150.2	150.2	365,343,20,8	155.2	39.4813468	73.5916802	5097.3
1001	19.0	19.0	19.0	1008,1053,5,12	154.9	39.4813500	73.5916888	5097.4
1002	160.2	160.2	160.2	1273,529,8,8	154.5	39.4813487	73.5916783	5097.3
1003	180.2	180.2	184.2	545,989,12,12	154.5	39.4813454	73.5916788	5097.3
1004	131.1	131.1	132.2	1441,201,12,8	154.2	39.4813487	73.5916776	5097.3
1005	145.2	145.2	147.2	1729,387,8,6	153.9	39.4813454	73.5916802	5097.3
1006	133.2	133.2	133.2	1137,44,8,11	153.8	39.4813480	73.5916776	5097.3
1007	186.2	186.2	187.2	647,311,10,6	153.7	39.4813470	73.5916784	5097.3
1008	101.1	100.1	101.1	1592,262,7,9	153.5	39.4813500	73.5916794	5097.3
1009	121.1	120.1	121.1	1841,43,8,8	153.3	39.4813492	73.5916782	5097.3
1010	160.2	160.2	160.2	799,692,12,10	153.1	39.4813487	73.5916783	5097.3
1011	166.2	166.2	166.2	1309,1047,8,10	153.1	39.4813475	73.5916780	5097.3
1012	76.1	76.1	76.1	161,65,16,6	152.7	39.4813512	73.5916778	5097.3
1013	104.1	104.1	104.1	449,91,12,6	152.7	39.4813492	73.5916794	5097.3
1014	230.3	230.3	230.3	535,74,8,19	152.4	39.4813544	73.5916760	5097.3
1015	90.1	90.1	91.1	555,105,6,10	152.2	39.4813519	73.5916776	5097.3
1016	125.1	125.1	125.1	1173,1037,12,10	152.1	39.4813500	73.5916782	5097.3
1017	182.2	182.2	182.2	5,45,6,22	152.1	39.4813457	73.5916786	5097.3
1018	218.2	216.2	218.2	1417,269,12,8	151.9	39.4813526	73.5916760	5097.3
1019	76.1	76.1	76.1	965,810,7,8	151.6	39.4813512	73.5916778	5097.3
1020	123.1	123.1	123.1	1563,106,11,6	151.6	39.4813499	73.5916785	5097.3
1021	156.2	155.2	156.2	353,7,8,12	151.5	39.4813482	73.5916791	5097.3
1022	222.3	222.3	222.3	625,921,10,8	151.3	39.4813532	73.5916756	5097.3
1023	4.0	4.0	4.0	425,1077,15,3	151.1	39.4813475	73.5916928	5097.4
1024	4.0	4.0	4.0	1833,258,10,7	150.7	39.4813475	73.5916928	5097.4
1025	219.2	219.2	219.2	541,279,10,9	150.7	39.4813526	73.5916759	5097.3
1026	212.2	212.2	213.2	289,200,10,5	150.6	39.4813512	73.5916757	5097.3
1027	5.0	5.0	5.0	33,997,8,12	150.5	39.4813478	73.5916926	5097.4
1028	94.1	94.1	94.1	899,1054,13,11	150.5	39.4813522	73.5916775	5097.3
1029	8.0	7.0	9.0	569,979,7,10	150.4	39.4813481	73.5916917	5097.3
1030	99.1	99.1	99.1	220,532,5,11	150.4	39.4813505	73.5916791	5097.3
1031	182.2	182.2	182.2	231,675,10,8	150.3	39.4813457	73.5916786	5097.3
1032	75.1	75.1	75.1	757,633,12,16	150.1	39.4813514	73.5916779	5097.3
1033	72.1	72.1	72.1	1825,137,6,8	149.9	39.4813521	73.5916784	5097.3
1034	57.1	57.1	61.1	1797,468,12,15	149.7	39.4813520	73.5916809	5097.3
1035	3.0	3.0	3.0	74,275,5,10	149.6	39.4813472	73.5916930	5097.4
1036	222.3	222.3	222.3	566,709,11,8	149.5	39.4813532	73.5916756	5097.3
1037	73.1	73.1	73.1	651,128,14,7	149.0	39.4813520	73.5916782	5097.3
1038	123.1	123.1	123.1	1649,83,10,9	149.0	39.4813499	73.5916785	5097.3
1039	159.2	159.2	159.2	1893,514,12,6	148.8	39.4813486	73.5916786	5097.3
1040	178.2	178.2	178.2	781,7,6,11	148.3	39.4813452	73.5916791	5097.3
1041	78.1	78.1	78.1	1389,97,10,8	148.2	39.4813508	73.5916775	5097.3
1042	103.1	103.1	104.1	801,519,8,6	148.2	39.4813495	73.5916797	5097.3
1043	175.2	175.2	175.2	105,1057,8,10	147.7	39.4813459	73.5916793	5097.3
1044	6.0	6.0	6.0	1733,977,8,8	147.5	39.4813478	73.5916923	5097.3
1045	150.2	150.2	150.2	214,1063,11,12	147.0	39.4813468	73.5916802	5097.3
1046	180.2	180.2	180.2	689,44,15,5	146.8	39.4813454	73.5916788	5097.3
1047	91.1	91.1	91.1	1063,1073,10,7	146.6	39.4813522	73.5916776	5097.3
1048	65.1	62.1	65.1	1789,26,4,13	146.5	39.4813537	73.5916801	5097.3
1049	136.2	136.2	136.2	1025,807,8,9	146.4	39.4813471	73.5916781	5097.3
1050	144.2	142.2	144.2	405,713,4,15	146.2	39.4813456	73.5916800	5097.3
1051	12.0	12.0	12.0	1655,881,9,16	146.1	39.4813487	73.5916907	5097.3
1052	190.2	190.2	190.2	625,251,14,10	146.1	39.4813476	73.5916772	5097.3
1053	14.0	14.0	14.0	678,897,9,6	145.7	39.4813487	73.5916898	5097.4
1054	131.1	128.1	131.1	1202,843,11,6	145.6	39.4813487	73.5916776	5097.3
1055	150.2	150.2	150.2	327,720,6,13	145.6	39.4813468	73.5916802	5097.3
1056	16.0	12.0	16.0	1041,627,4,15	144.4	39.4813494	73.5916893	5097.4
1057	124.1	124.1	124.1	1342,1075,10,5	144.3	39.4813499	73.5916785	5097.3
1058	213.2	213.2	214.2	731,225,14,4	143.5	39.4813516	73.5916758	5097.3
1059	230.3	230.3	230.3	310,260,10,13	143.4	39.4813544	73.5916760	5097.3
1060	3.0	3.0	3.0	315,880,10,9	143.3	39.4813472	73.5916930	5097.4
1061	9.0	9.0	10.0	1745,273,10,11	143.3	39.4813482	73.5916916	5097.3
1062	142.2	142.2	142.2	497,813,4,12	143.0	39.4813457	73.5916794	5097.3
1063	21.0	19.0	21.0	1843,661,4,11	142.7	39.4813503	73.5916883	5097.4
1064	158.2	158.2	158.2	1651,343,14,6	142.7	39.4813485	73.5916787	5097.3
1065	214.2	213.2	214.2	699,139,8,8	142.5	39.4813516	73.5916760	5097.3
1066	122.1	122.1	123.1	81,89,11,6	142.1	39.4813496	73.5916784	5097.3
1067	90.1	90.1	90.1	1537,745,16,8	142.0	39.4813519	73.5916776	5097.3
1068	119.1	119.1	119.1	1899,22,4,17	141.9	39.4813486	73.5916780	5097.3
1069	186.2	186.2	186.2	1341,1035,7,12	141.1	39.4813470	73.5916784	5097.3
1070	37.0	37.0	37.0	1701,353,4,16	140.8	39.4813525	73.5916855	5097.3
1071	238.3	238.3	238.3	1912,430,8,9	140.8	39.4813550	73.5916768	5097.2
1072	83.1	83.1	83.1	1377,75,6,6	140.6	39.4813504	73.5916784	5097.3
1073	72.1	72.1	72.1	1623,25,6,10	140.5	39.4813521	73.5916784	5097.3
1074	153.2	153.2	153.2	321,97,10,8	140.4	39.4813475	73.5916796	5097.3
1075	234.3	233.3	235.3	1780,13,5,14	139.9	39.4813547	73.5916765	5097.3
1076	240.3	240.3	240.3	205,0,8,9	139.6	39.4813551	73.5916772	5097.3
1077	134.2	134.2	135.2	0,1034,8,8	139.4	39.4813481	73.5916777	5097.3
1078	3.0	0.0	3.0	113,176,8,8	139.2	39.4813472	73.5916930	5097.4
1079	130.1	130.1	132.2	1343,833,12,4	139.1	39.4813491	73.5916775	5097.3
1080	215.2	213.2	215.2	649,17,10,14	138.9	39.4813519	73.5916760	5097.3
1081	186.2	186.2	186.2	1455,667,9,14	138.8	39.4813470	73.5916784	5097.3
1082	224.3	223.3	228.3	1773,87,6,12	138.8	39.4813534	73.5916758	5097.3
1083	96.1	96.1	96.1	89,673,7,8	138.7	39.4813518	73.5916781	5097.3
1084	20.0	17.0	20.0	967,329,6,6	138.2	39.4813502	73.5916885	5097.4
1085	17.0	17.0	17.0	3,1007,5,11	138.0	39.4813497	73.5916890	5097.4
1086	62.1	62.1	62.1	1735,74,7,8	138.0	39.4813535	73.5916808	5097.3
1087	104.1	104.1	104.1	151,492,4,11	138.0	39.4813492	73.5916794	5097.3
1088	126.1	126.1	126.1	387,839,8,10	138.0	39.4813500	73.5916780	5097.3
1089	157.2	157.2	157.2	361,272,7,7	137.7	39.4813484	73.5916791	5097.3
1090	16.0	16.0	16.0	933,595,10,7	137.3	39.4813494	73.5916893	5097.4
1091	159.2	159.2	159.2	1761,392,6,9	137.3	39.4813486	73.5916786	5097.3
1092	158.2	158.2	158.2	1391,125,5,8	137.1	39.4813485	73.5916787	5097.3
1093	215.2	214.2	215.2	1901,329,12,8	137.1	39.4813519	73.5916760	5097.3
1094	150.2	150.2	150.2	114,945,9,10	137.0	39.4813468	73.5916802	5097.3
1095	197.2	197.2	197.2	231,387,10,10	137.0	39.4813483	73.5916752	5097.3
1096	232.3	232.3	232.3	1641,1004,6,9	136.9	39.4813544	73.5916762	5097.3
1097	80.1	77.1	80.1	1387,51,10,4	136.8	39.4813504	73.5916776	5097.3
1098	190.2	188.2	190.2	91,609,6,14	136.5	39.4813476	73.5916772	5097.3
1099	63.1	63.1	66.1	1519,369,6,16	136.2	39.4813535	73.5916806	5097.3
1100	76.1	76.1	76.1	789,551,8,16	136.2	39.4813512	73.5916778	5097.3
1101	137.2	137.2	137.2	78,103,11,6	135.9	39.4813467	73.5916784	5097.3
1102	239.3	239.3	240.3	1847,481,6,8	135.8	39.4813549	73.5916769	5097.3
1103	64.1	64.1	66.1	45,251,4,15	135.7	39.4813537	73.5916803	5097.3
1104	233.3	233.3	235.3	151,387,10,9	135.6	39.4813547	73.5916764	5097.3
1105	73.1	73.1	73.1	433,376,8,5	135.5	39.4813520	73.5916782	5097.3
1106	7.0	7.0	8.0	921,919,11,6	135.3	39.4813480	73.5916921	5097.3
1107	135.2	135.2	135.2	1403,973,14,6	135.3	39.4813476	73.5916779	5097.3
1108	215.2	214.2	215.2	361,9,8,8	135.3	39.4813519	73.5916760	5097.3
1109	71.1	71.1	71.1	99,297,6,16	134.8	39.4813524	73.5916786	5097.3
1110	180.2	180.2	180.2	617,935,8,8	134.8	39.4813454	73.5916788	5097.3
1111	99.1	99.1	99.1	327,628,10,9	134.7	39.4813505	73.5916791	5097.3
1112	189.2	189.2	189.2	295,936,6,13	134.7	39.4813476	73.5916775	5097.3
1113	188.2	188.2	188.2	1494,833,9,16	134.2	39.4813472	73.5916778	5097.3
1114	61.1	61.1	61.1	1049,167,11,9	134.1	39.4813533	73.5916810	5097.3
1115	140.2	139.2	140.2	1851,908,10,13	134.1	39.4813460	73.5916791	5097.3
1116	17.0	17.0	17.0	1465,92,12,11	134.0	39.4813497	73.5916890	5097.4
1117	212.2	210.2	212.2	207,251,4,14	134.0	39.4813512	73.5916757	5097.3
1118	240.3	237.3	240.3	1779,182,6,9	134.0	39.4813551	73.5916772	5097.3
1119	98.1	98.1	98.1	4,973,13,7	133.7	39.4813510	73.5916788	5097.3
1120	130.1	130.1	130.1	628,117,7,8	133.3	39.4813491	73.5916775	5097.3
1121	154.2	152.2	154.2	1472,207,11,4	133.2	39.4813479	73.5916795	5097.3
1122	239.3	239.3	239.3	425,113,4,10	133.2	39.4813549	73.5916769	5097.3
1123	124.1	124.1	124.1	175,969,13,6	133.1	39.4813499	73.5916785	5097.3
1124	180.2	180.2	180.2	825,559,6,10	133.1	39.4813454	73.5916788	5097.3
1125	78.1	78.1	79.1	1839,46,6,11	133.0	39.4813508	73.5916775	5097.3
1126	17.0	17.0	17.0	1323,171,6,6	132.9	39.4813497	73.5916890	5097.4
1127	37.0	37.0	37.0	1337,1073,8,7	132.7	39.4813525	73.5916855	5097.3
1128	77.1	77.1	77.1	714,157,4,12	132.7	39.4813510	73.5916776	5097.3
1129	113.1	112.1	113.1	1353,983,10,6	132.6	39.4813482	73.5916785	5097.3
1130	158.2	158.2	158.2	773,285,7,6	132.2	39.4813485	73.5916787	5097.3
1131	190.2	190.2	190.2	361,1047,8,8	132.0	39.4813476	73.5916772	5097.3
1132	218.2	216.2	221.3	1521,606,8,8	132.0	39.4813526	73.5916760	5097.3
1133	20.0	16.0	20.0	1734,97,3,19	131.9	39.4813502	73.5916885	5097.4
1134	70.1	70.1	70.1	1299,287,6,12	131.8	39.4813527	73.5916791	5097.3
1135	180.2	180.2	180.2	1858,46,9,11	131.7	39.4813454	73.5916788	5097.3
1136	155.2	155.2	155.2	1869,35,4,10	131.6	39.4813481	73.5916794	5097.3
1137	238.3	238.3	238.3	1642,106,10,6	131.6	39.4813550	73.5916768	5097.2
1138	16.0	15.0	17.0	1451,469,10,8	131.4	39.4813494	73.5916893	5097.4
1139	102.1	102.1	102.1	41,845,5,8	131.4	39.4813496	73.5916797	5097.3
1140	108.1	105.1	115.1	1083,1075,7,5	131.4	39.4813484	73.5916791	5097.3
1141	189.2	189.2	190.2	625,331,6,8	131.2	39.4813476	73.5916775	5097.3
1142	240.3	240.3	240.3	89,0,8,7	131.1	39.4813551	73.5916772	5097.3
1143	122.1	122.1	122.1	1665,356,4,13	130.9	39.4813496	73.5916784	5097.3
1144	49.1	49.1	49.1	341,1063,6,9	130.5	39.4813524	73.5916832	5097.3
1145	126.1	125.1	126.1	1217,201,8,8	130.5	39.4813500	73.5916780	5097.3
1146	129.1	129.1	129.1	18,617,7,18	130.5	39.4813494	73.5916774	5097.3
1147	127.1	127.1	127.1	1217,579,10,8	130.3	39.4813499	73.5916778	5097.3
1148	104.1	104.1	104.1	351,521,4,16	130.1	39.4813492	73.5916794	5097.3
1149	137.2	137.2	137.2	1353,1003,6,9	130.1	39.4813467	73.5916784	5097.3
1150	210.2	208.2	211.2	185,336,14,9	129.8	39.4813508	73.5916761	5097.3
1151	82.1	81.1	82.1	1597,33,4,11	129.5	39.4813503	73.5916781	5097.3
1152	197.2	197.2	197.2	173,666,6,11	129.5	39.4813483	73.5916752	5097.3
1153	21.0	21.0	21.0	646,893,16,6	129.3	39.4813503	73.5916883	5097.4
1154	103.1	103.1	103.1	445,816,8,9	129.1	39.4813495	73.5916797	5097.3
1155	78.1	78.1	78.1	1595,345,6,12	129.0	39.4813508	73.5916775	5097.3
1156	104.1	103.1	104.1	513,295,8,10	128.9	39.4813492	73.5916794	5097.3
1157	203.2	202.2	203.2	49,901,8,6	128.9	39.4813495	73.5916755	5097.3
1158	197.2	197.2	197.2	103,609,10,8	128.7	39.4813483	73.5916752	5097.3
1159	37.0	37.0	37.0	321,340,10,8	128.6	39.4813525	73.5916855	5097.3
1160	5.0	5.0	5.0	41,852,8,7	128.5	39.4813478	73.5916926	5097.4
1161	99.1	99.1	99.1	0,3,12,6	128.5	39.4813505	73.5916791	5097.3
1162	118.1	118.1	118.1	475,657,4,10	128.3	39.4813486	73.5916781	5097.3
1163	119.1	119.1	119.1	147,887,12,6	128.3	39.4813486	73.5916780	5097.3
1164	190.2	190.2	190.2	363,968,5,10	128.1	39.4813476	73.5916772	5097.3
1165	71.1	71.1	71.1	1851,521,6,8	128.0	39.4813524	73.5916786	5097.3
1166	127.1	127.1	127.1	210,949,10,11	127.9	39.4813499	73.5916778	5097.3
1167	197.2	197.2	197.2	689,628,4,13	127.7	39.4813483	73.5916752	5097.3
1168	63.1	63.1	64.1	1203,183,8,12	127.5	39.4813535	73.5916806	5097.3
1169	79.1	79.1	79.1	1251,145,5,8	127.5	39.4813507	73.5916776	5097.3
1170	180.2	180.2	182.2	879,273,6,12	127.5	39.4813454	73.5916788	5097.3
1171	133.2	133.2	133.2	325,969,12,6	127.4	39.4813480	73.5916776	5097.3
1172	115.1	110.1	115.1	55,753,10,13	127.3	39.4813485	73.5916784	5097.3
1173	70.1	70.1	70.1	1349,135,12,8	127.1	39.4813527	73.5916791	5097.3
1174	149.2	149.2	149.2	1711,5,10,8	127.1	39.4813464	73.5916803	5097.3
1175	218.2	218.2	218.2	169,9,8,6	127.0	39.4813526	73.5916760	5097.3
1176	189.2	189.2	189.2	697,269,6,10	126.7	39.4813476	73.5916775	5097.3
1177	238.3	238.3	238.3	1764,105,10,6	126.6	39.4813550	73.5916768	5097.2
1178	133.2	133.2	133.2	673,591,6,6	126.4	39.4813480	73.5916776	5097.3
1179	142.2	142.2	142.2	57,473,10,8	126.3	39.4813457	73.5916794	5097.3
1180	12.0	12.0	12.0	108,1012,7,5	126.1	39.4813487	73.5916907	5097.3
1181	133.2	133.2	133.2	1515,802,6,7	126.0	39.4813480	73.5916776	5097.3
1182	108.1	108.1	108.1	1889,785,8,8	125.9	39.4813484	73.5916791	5097.3
1183	155.2	155.2	155.2	342,49,11,8	125.7	39.4813481	73.5916794	5097.3
1184	142.2	142.2	142.2	1274,513,5,8	125.5	39.4813457	73.5916794	5097.3
1185	3.0	3.0	3.0	107,225,6,6	125.4	39.4813472	73.5916930	5097.4
1186	119.1	119.1	119.1	5,431,8,9	125.0	39.4813486	73.5916780	5097.3
1187	147.2	147.2	147.2	73,445,4,11	125.0	39.4813459	73.5916805	5097.3
1188	92.1	90.1	92.1	257,0,6,9	124.9	39.4813522	73.5916777	5097.3
1189	80.1	79.1	84.1	1429,513,6,8	124.7	39.4813504	73.5916776	5097.3
1190	158.2	158.2	158.2	1721,803,6,8	124.5	39.4813485	73.5916787	5097.3
1191	72.1	71.1	72.1	1869,191,4,10	124.3	39.4813521	73.5916784	5097.3
1192	226.3	223.3	228.3	1911,315,9,8	124.3	39.4813541	73.5916759	5097.3
1193	96.1	96.1	96.1	100,77,7,8	124.1	39.4813518	73.5916781	5097.3
1194	222.3	222.3	222.3	1260,258,17,3	124.1	39.4813532	73.5916756	5097.3
1195	131.1	131.1	131.1	1697,703,16,6	123.8	39.4813487	73.5916776	5097.3
1196	135.2	135.2	135.2	889,33,12,6	123.8	39.4813476	73.5916779	5097.3
1197	145.2	145.2	145.2	953,241,12,10	123.4	39.4813454	73.5916802	5097.3
1198	8.0	8.0	8.0	793,1066,8,7	123.0	39.4813481	73.5916917	5097.3
1199	138.2	138.2	138.2	1339,103,14,8	123.0	39.4813464	73.5916786	5097.3
1200	62.1	62.1	62.1	1335,801,8,6	122.9	39.4813535	73.5916808	5097.3
1201	114.1	114.1	114.1	1645,1066,4,10	122.9	39.4813484	73.5916783	5097.3
1202	180.2	180.2	180.2	1069,94,12,9	122.9	39.4813454	73.5916788	5097.3
1203	211.2	211.2	211.2	930,84,11,9	122.9	39.4813511	73.5916759	5097.3
1204	118.1	118.1	118.1	1853,326,4,11	122.8	39.4813486	73.5916781	5097.3
1205	21.0	21.0	21.0	1375,533,4,14	122.7	39.4813503	73.5916883	5097.4
1206	49.1	49.1	49.1	520,0,6,9	122.6	39.4813524	73.5916832	5097.3
1207	189.2	189.2	189.2	0,563,7,4	122.2	39.4813476	73.5916775	5097.3
1208	65.1	65.1	65.1	1477,553,8,8	122.1	39.4813537	73.5916801	5097.3
1209	73.1	73.1	73.1	1885,78,6,9	122.1	39.4813520	73.5916782	5097.3
1210	143.2	141.2	143.2	1681,798,16,3	122.1	39.4813457	73.5916796	5097.3
1211	83.1	83.1	84.1	511,585,6,14	121.7	39.4813504	73.5916784	5097.3
1212	152.2	152.2	152.2	537,321,4,8	121.7	39.4813474	73.5916797	5097.3
1213	155.2	155.2	158.2	231,249,6,8	121.5	39.4813481	73.5916794	5097.3
1214	149.2	149.2	149.2	1785,591,7,10	121.4	39.4813464	73.5916803	5097.3
1215	230.3	230.3	230.3	1897,804,8,9	121.1	39.4813544	73.5916760	5097.3
1216	153.2	153.2	153.2	449,125,8,6	120.9	39.4813475	73.5916796	5097.3
1217	5.0	5.0	5.0	502,851,5,15	120.8	39.4813478	73.5916926	5097.4
1218	7.0	7.0	8.0	897,585,4,8	120.5	39.4813480	73.5916921	5097.3
1219	78.1	78.1	78.1	1841,113,6,8	120.5	39.4813508	73.5916775	5097.3
1220	198.2	198.2	198.2	633,369,6,8	120.5	39.4813484	73.5916751	5097.3
1221	239.3	239.3	239.3	29,93,8,14	120.5	39.4813549	73.5916769	5097.3
1222	153.2	153.2	153.2	189,177,8,10	120.4	39.4813475	73.5916796	5097.3
1223	222.3	222.3	222.3	1455,793,10,5	120.4	39.4813532	73.5916756	5097.3
1224	66.1	66.1	66.1	1409,691,8,4	120.3	39.4813537	73.5916798	5097.3
1225	109.1	105.1	109.1	1071,817,8,6	120.3	39.4813484	73.5916789	5097.3
1226	222.3	222.3	222.3	1415,865,6,8	119.9	39.4813532	73.5916756	5097.3
1227	231.3	231.3	231.3	1365,969,6,8	119.9	39.4813543	73.5916760	5097.3
1228	15.0	15.0	15.0	385,953,10,8	119.7	39.4813490	73.5916896	5097.4
1229	182.2	182.2	182.2	961,769,10,6	119.5	39.4813457	73.5916786	5097.3
1230	3.0	1.0	3.0	695,1007,9,8	119.0	39.4813472	73.5916930	5097.4
1231	96.1	96.1	96.1	261,201,4,8	119.0	39.4813518	73.5916781	5097.3
1232	152.2	152.2	152.2	181,236,8,8	118.9	39.4813474	73.5916797	5097.3
1233	239.3	239.3	239.3	969,1035,8,4	118.8	39.4813549	73.5916769	5097.3
1234	78.1	78.1	78.1	145,405,14,10	118.6	39.4813508	73.5916775	5097.3
1235	80.1	80.1	80.1	340,671,13,6	118.6	39.4813504	73.5916776	5097.3
1236	139.2	139.2	139.2	985,191,8,6	118.4	39.4813464	73.5916790	5097.3
1237	209.2	209.2	209.2	1071,0,14,4	118.4	39.4813507	73.5916761	5097.3
1238	189.2	189.2	189.2	175,227,6,12	118.3	39.4813476	73.5916775	5097.3
1239	113.1	112.1	113.1	671,715,6,11	118.2	39.4813482	73.5916785	5097.3
1240	181.2	181.2	181.2	1249,11,10,6	118.1	39.4813455	73.5916785	5097.3
1241	188.2	188.2	188.2	1113,75,8,6	118.1	39.4813472	73.5916778	5097.3
1242	230.3	230.3	230.3	468,242,9,6	118.0	39.4813544	73.5916760	5097.3
1243	10.0	10.0	10.0	1613,1071,4,9	117.9	39.4813483	73.5916915	5097.4
1244	90.1	84.1	90.1	1532,0,9,5	117.8	39.4813519	73.5916776	5097.3
1245	127.1	127.1	127.1	777,165,8,8	117.8	39.4813499	73.5916778	5097.3
1246	226.3	226.3	228.3	1801,0,6,9	117.8	39.4813541	73.5916759	5097.3
1247	99.1	99.1	99.1	1105,725,10,6	117.7	39.4813505	73.5916791	5097.3
1248	182.2	182.2	183.2	1461,649,4,12	117.7	39.4813457	73.5916786	5097.3
1249	113.1	106.1	113.1	1901,358,4,11	117.6	39.4813482	73.5916785	5097.3
1250	103.1	103.1	103.1	367,593,9,6	117.5	39.4813495	73.5916797	5097.3
1251	131.1	131.1	131.1	43,1060,12,11	117.5	39.4813487	73.5916776	5097.3
1252	82.1	82.1	84.1	273,305,6,6	116.9	39.4813503	73.5916781	5097.3
1253	85.1	82.1	86.1	1363,85,8,5	116.9	39.4813507	73.5916781	5097.3
1254	239.3	239.3	239.3	855,1013,8,11	116.7	39.4813549	73.5916769	5097.3
1255	67.1	67.1	71.1	693,945,4,11	116.6	39.4813536	73.5916798	5097.3
1256	12.0	12.0	12.0	1597,593,4,12	116.5	39.4813487	73.5916907	5097.3
1257	98.1	98.1	98.1	1283,197,14,4	116.5	39.4813510	73.5916788	5097.3
1258	114.1	114.1	114.1	1240,271,7,10	116.4	39.4813484	73.5916783	5097.3
1259	187.2	187.2	187.2	1465,925,4,16	116.3	39.4813470	73.5916781	5097.3
1260	113.1	113.1	113.1	1387,1075,6,5	115.8	39.4813482	73.5916785	5097.3
1261	183.2	183.2	186.2	1118,1037,7,6	115.5	39.4813459	73.5916786	5097.3
1262	236.3	236.3	236.3	57,693,8,8	115.5	39.4813548	73.5916768	5097.3
1263	134.2	134.2	134.2	976,1076,9,4	115.4	39.4813481	73.5916777	5097.3
1264	238.3	238.3	238.3	513,713,4,8	115.3	39.4813550	73.5916768	5097.2
1265	84.1	84.1	84.1	421,233,7,16	115.1	39.4813505	73.5916782	5097.3
1266	68.1	68.1	68.1	775,827,4,12	115.0	39.4813535	73.5916796	5097.3
1267	72.1	72.1	72.1	1740,105,8,8	115.0	39.4813521	73.5916784	5097.3
1268	83.1	77.1	84.1	1469,161,4,8	114.9	39.4813504	73.5916784	5097.3
1269	12.0	12.0	12.0	1375,999,2,18	114.6	39.4813487	73.5916907	5097.3
1270	80.1	79.1	80.1	1167,0,10,5	114.6	39.4813504	73.5916776	5097.3
1271	209.2	209.2	209.2	905,177,12,9	114.5	39.4813507	73.5916761	5097.3
1272	134.2	134.2	134.2	1019,797,14,4	114.3	39.4813481	73.5916777	5097.3
1273	12.0	12.0	12.0	1794,1057,9,8	114.2	39.4813487	73.5916907	5097.3
1274	206.2	206.2	206.2	75,1001,6,7	113.9	39.4813500	73.5916758	5097.3
1275	238.3	238.3	238.3	0,0,9,9	113.8	39.4813550	73.5916768	5097.2
1276	125.1	125.1	125.1	747,1009,4,8	113.5	39.4813500	73.5916782	5097.3
1277	89.1	89.1	89.1	59,1046,5,8	113.4	39.4813520	73.5916779	5097.3
1278	118.1	118.1	118.1	1773,489,4,10	113.2	39.4813486	73.5916781	5097.3
1279	140.2	140.2	140.2	1645,305,4,8	113.2	39.4813460	73.5916791	5097.3
1280	148.2	148.2	148.2	1433,611,13,8	113.1	39.4813461	73.5916806	5097.3
1281	78.1	77.1	80.1	1529,0,10,5	112.6	39.4813508	73.5916775	5097.3
1282	210.2	210.2	210.2	856,16,9,5	112.6	39.4813508	73.5916761	5097.3
1283	157.2	157.2	157.2	226,173,5,9	112.5	39.4813484	73.5916791	5097.3
1284	13.0	13.0	13.0	707,747,8,6	112.3	39.4813487	73.5916904	5097.3
1285	114.1	107.1	114.1	656,519,8,6	112.1	39.4813484	73.5916783	5097.3
1286	222.3	222.3	222.3	1574,865,7,8	112.1	39.4813532	73.5916756	5097.3
1287	13.0	13.0	13.0	1137,1041,6,8	112.0	39.4813487	73.5916904	5097.3
1288	238.3	238.3	238.3	854,427,5,12	111.9	39.4813550	73.5916768	5097.2
1289	70.1	70.1	70.1	1473,237,8,4	111.7	39.4813527	73.5916791	5097.3
1290	143.2	143.2	143.2	845,81,4,12	111.7	39.4813457	73.5916796	5097.3
1291	139.2	139.2	139.2	929,28,8,5	111.6	39.4813464	73.5916790	5097.3
1292	113.1	111.1	113.1	133,809,6,7	111.0	39.4813482	73.5916785	5097.3
1293	157.2	157.2	157.2	120,105,9,6	111.0	39.4813484	73.5916791	5097.3
1294	94.1	94.1	95.1	101,1014,9,9	110.6	39.4813522	73.5916775	5097.3
1295	126.1	126.1	126.1	1505,931,4,10	110.6	39.4813500	73.5916780	5097.3
1296	183.2	183.2	183.2	7,289,6,7	110.2	39.4813459	73.5916786	5097.3
1297	213.2	213.2	215.2	559,267,10,6	110.1	39.4813516	73.5916758	5097.3
1298	216.2	216.2	216.2	1608,11,9,14	110.1	39.4813521	73.5916759	5097.3
1299	151.2	151.2	151.2	1577,156,4,13	110.0	39.4813470	73.5916799	5097.3
1300	159.2	159.2	159.2	1781,41,4,8	110.0	39.4813486	73.5916786	5097.3
1301	13.0	13.0	13.0	343,897,6,12	109.9	39.4813487	73.5916904	5097.3
1302	88.1	88.1	88.1	1445,13,12,4	109.9	39.4813517	73.5916781	5097.3
1303	12.0	12.0	12.0	229,1049,8,4	109.7	39.4813487	73.5916907	5097.3
1304	12.0	12.0	13.0	513,701,6,17	109.7	39.4813487	73.5916907	5097.3
1305	120.1	120.1	120.1	9,5,7,10	109.7	39.4813487	73.5916780	5097.3
1306	159.2	159.2	159.2	1113,171,8,6	109.5	39.4813486	73.5916786	5097.3
1307	104.1	104.1	104.1	641,209,8,8	109.2	39.4813492	73.5916794	5097.3
1308	185.2	185.2	185.2	979,141,5,10	109.2	39.4813465	73.5916784	5097.3
1309	231.3	231.3	231.3	1667,567,6,5	109.2	39.4813543	73.5916760	5097.3
1310	185.2	185.2	185.2	1521,801,6,5	109.0	39.4813465	73.5916784	5097.3
1311	9.0	9.0	9.0	1851,257,6,6	108.9	39.4813482	73.5916916	5097.3
1312	239.3	239.3	239.3	1048,606,9,5	108.8	39.4813549	73.5916769	5097.3
1313	69.1	69.1	70.1	1153,5,10,4	108.5	39.4813533	73.5916794	5097.3
1314	232.3	232.3	232.3	1651,260,9,7	108.5	39.4813544	73.5916762	5097.3
1315	110.1	109.1	110.1	1841,1007,10,8	108.4	39.4813483	73.5916789	5097.3
1316	140.2	140.2	140.2	969,714,8,7	108.2	39.4813460	73.5916791	5097.3
1317	132.2	132.2	132.2	1025,443,8,4	108.1	39.4813484	73.5916776	5097.3
1318	232.3	232.3	232.3	961,921,10,5	108.1	39.4813544	73.5916762	5097.3
1319	215.2	215.2	215.2	215,115,12,6	107.8	39.4813519	73.5916760	5097.3
1320	0.0	0.0	1.0	747,5,7,8	107.7	39.4813462	73.5916940	5097.4
1321	189.2	189.2	189.2	394,7,7,6	107.7	39.4813476	73.5916775	5097.3
1322	96.1	96.1	96.1	560,653,5,8	107.3	39.4813518	73.5916781	5097.3
1323	200.2	200.2	200.2	625,525,8,4	107.3	39.4813492	73.5916754	5097.3
1324	83.1	83.1	83.1	1281,11,8,4	107.0	39.4813504	73.5916784	5097.3
1325	232.3	232.3	232.3	228,0,6,7	106.8	39.4813544	73.5916762	5097.3
1326	210.2	202.2	210.2	107,417,6,8	106.3	39.4813508	73.5916761	5097.3
1327	184.2	184.2	184.2	638,473,6,8	106.2	39.4813463	73.5916785	5097.3
1328	64.1	64.1	64.1	1757,53,4,10	106.1	39.4813537	73.5916803	5097.3
1329	215.2	215.2	215.2	109,69,4,8	105.8	39.4813519	73.5916760	5097.3
1330	10.0	10.0	10.0	412,816,12,5	105.7	39.4813483	73.5916915	5097.4
1331	237.3	233.3	237.3	883,673,8,4	105.6	39.4813549	73.5916768	5097.2
1332	149.2	149.2	149.2	493,585,10,6	105.4	39.4813464	73.5916803	5097.3
1333	209.2	209.2	209.2	265,501,6,12	105.4	39.4813507	73.5916761	5097.3
1334	65.1	65.1	65.1	1574,19,4,13	105.3	39.4813537	73.5916801	5097.3
1335	238.3	238.3	238.3	825,105,4,8	105.2	39.4813550	73.5916768	5097.2
1336	77.1	77.1	77.1	1821,185,8,6	104.8	39.4813510	73.5916776	5097.3
1337	229.3	229.3	229.3	1873,919,8,8	104.6	39.4813542	73.5916760	5097.3
1338	69.1	69.1	69.1	472,225,7,6	104.5	39.4813533	73.5916794	5097.3
1339	238.3	238.3	238.3	833,269,8,4	104.5	39.4813550	73.5916768	5097.2
1340	98.1	98.1	98.1	1073,85,4,12	104.4	39.4813510	73.5916788	5097.3
1341	98.1	98.1	98.1	397,1030,4,10	104.4	39.4813510	73.5916788	5097.3
1342	212.2	212.2	212.2	492,144,4,13	104.4	39.4813512	73.5916757	5097.3
1343	185.2	185.2	185.2	567,417,8,8	104.3	39.4813465	73.5916784	5097.3
1344	224.3	224.3	228.3	1901,113,7,8	104.3	39.4813534	73.5916758	5097.3
1345	182.2	182.2	182.2	497,907,6,6	104.2	39.4813457	73.5916786	5097.3
1346	187.2	187.2	187.2	509,837,12,4	104.0	39.4813470	73.5916781	5097.3
1347	132.2	132.2	132.2	1767,701,5,10	103.9	39.4813484	73.5916776	5097.3
1348	138.2	138.2	138.2	511,539,10,4	103.8	39.4813464	73.5916786	5097.3
1349	210.2	210.2	210.2	153,1009,8,4	103.8	39.4813508	73.5916761	5097.3
1350	206.2	206.2	206.2	139,403,7,6	103.5	39.4813500	73.5916758	5097.3
1351	213.2	213.2	213.2	911,93,6,6	103.4	39.4813516	73.5916758	5097.3
1352	155.2	155.2	155.2	1685,193,11,4	103.3	39.4813481	73.5916794	5097.3
1353	234.3	234.3	234.3	369,297,4,12	103.3	39.4813547	73.5916765	5097.3
1354	98.1	98.1	98.1	93,1075,8,5	103.2	39.4813510	73.5916788	5097.3
1355	136.2	136.2	136.2	169,852,6,7	102.9	39.4813471	73.5916781	5097.3
1356	86.1	86.1	86.1	1415,37,6,6	102.8	39.4813512	73.5916781	5097.3
1357	107.1	105.1	107.1	1150,466,6,9	102.8	39.4813487	73.5916793	5097.3
1358	140.2	140.2	140.2	26,535,5,8	102.8	39.4813460	73.5916791	5097.3
1359	210.2	210.2	210.2	1857,942,14,3	102.8	39.4813508	73.5916761	5097.3
1360	230.3	230.3	230.3	1665,12,6,8	102.8	39.4813544	73.5916760	5097.3
1361	106.1	106.1	106.1	1915,537,5,10	101.8	39.4813488	73.5916794	5097.3
1362	183.2	183.2	183.2	1447,152,7,5	100.9	39.4813459	73.5916786	5097.3
1363	229.3	229.3	231.3	1842,1017,7,7	100.9	39.4813542	73.5916760	5097.3
1364	208.2	208.2	208.2	153,1057,10,6	100.6	39.4813506	73.5916759	5097.3
1365	73.1	73.1	73.1	645,427,12,6	100.5	39.4813520	73.5916782	5097.3
1366	69.1	68.1	70.1	190,162,3,13	100.1	39.4813533	73.5916794	5097.3
1367	231.3	231.3	231.3	1711,483,6,7	100.1	39.4813543	73.5916760	5097.3
1368	237.3	237.3	237.3	359,175,6,7	100.0	39.4813549	73.5916768	5097.2
1369	158.2	158.2	158.2	453,760,3,9	99.7	39.4813485	73.5916787	5097.3
1370	154.2	154.2	154.2	413,233,8,6	99.6	39.4813479	73.5916795	5097.3
1371	205.2	205.2	205.2	106,21,7,7	99.5	39.4813499	73.5916758	5097.3
1372	101.1	101.1	101.1	396,666,7,7	99.4	39.4813500	73.5916794	5097.3
1373	100.1	99.1	100.1	1609,223,8,8	99.3	39.4813502	73.5916792	5097.3
1374	81.1	81.1	81.1	1741,239,10,10	99.2	39.4813504	73.5916778	5097.3
1375	201.2	201.2	201.2	145,114,6,7	99.1	39.4813494	73.5916754	5097.3
1376	158.2	158.2	158.2	676,168,5,9	98.9	39.4813485	73.5916787	5097.3
1377	65.1	65.1	65.1	657,973,8,4	98.8	39.4813537	73.5916801	5097.3
1378	206.2	206.2	206.2	7,436,8,7	98.8	39.4813500	73.5916758	5097.3
1379	235.3	235.3	235.3	681,653,8,4	98.5	39.4813548	73.5916765	5097.3
1380	96.1	96.1	96.1	568,541,6,6	98.4	39.4813518	73.5916781	5097.3
1381	188.2	187.2	188.2	1023,827,6,6	97.5	39.4813472	73.5916778	5097.3
1382	98.1	96.1	98.1	657,592,8,5	97.4	39.4813510	73.5916788	5097.3
1383	101.1	101.1	101.1	305,1065,8,8	97.4	39.4813500	73.5916794	5097.3
1384	231.3	229.3	231.3	177,25,8,8	97.4	39.4813543	73.5916760	5097.3
1385	12.0	12.0	12.0	1281,134,9,7	97.3	39.4813487	73.5916907	5097.3
1386	83.1	83.1	88.1	60,433,5,8	96.8	39.4813504	73.5916784	5097.3
1387	185.2	185.2	185.2	1373,922,12,4	96.6	39.4813465	73.5916784	5097.3
1388	188.2	188.2	188.2	189,733,8,7	96.3	39.4813472	73.5916778	5097.3
1389	106.1	106.1	106.1	1761,837,6,6	96.0	39.4813488	73.5916794	5097.3
1390	70.1	70.1	73.1	1441,157,14,2	95.7	39.4813527	73.5916791	5097.3
1391	215.2	215.2	215.2	587,53,6,12	95.3	39.4813519	73.5916760	5097.3
1392	98.1	98.1	98.1	1417,839,16,2	95.2	39.4813510	73.5916788	5097.3
1393	82.1	82.1	82.1	1257,249,8,8	95.1	39.4813503	73.5916781	5097.3
1394	13.0	13.0	13.0	1843,505,4,8	94.8	39.4813487	73.5916904	5097.3
1395	106.1	106.1	110.1	1529,833,6,6	94.8	39.4813488	73.5916794	5097.3
1396	182.2	182.2	182.2	1405,605,7,4	94.7	39.4813457	73.5916786	5097.3
1397	85.1	85.1	85.1	593,121,8,6	94.6	39.4813507	73.5916781	5097.3
1398	90.1	90.1	90.1	0,935,7,4	94.6	39.4813519	73.5916776	5097.3
1399	188.2	188.2	188.2	1475,753,4,8	94.6	39.4813472	73.5916778	5097.3
1400	213.2	213.2	213.2	577,151,16,2	94.1	39.4813516	73.5916758	5097.3
1401	220.3	219.2	221.3	141,1031,3,10	94.1	39.4813529	73.5916758	5097.3
1402	87.1	87.1	87.1	1543,27,12,4	93.8	39.4813515	73.5916781	5097.3
1403	226.3	226.3	226.3	753,157,7,8	93.7	39.4813541	73.5916759	5097.3
1404	234.3	234.3	236.3	729,385,7,4	93.7	39.4813547	73.5916765	5097.3
1405	233.3	233.3	233.3	1593,0,7,5	93.6	39.4813547	73.5916764	5097.3
1406	114.1	114.1	114.1	1915,1041,5,6	93.3	39.4813484	73.5916783	5097.3
1407	187.2	187.2	187.2	849,307,6,6	93.1	39.4813470	73.5916781	5097.3
1408	83.1	83.1	83.1	261,0,4,9	92.9	39.4813504	73.5916784	5097.3
1409	8.0	8.0	8.0	935,637,4,11	92.8	39.4813481	73.5916917	5097.3
1410	229.3	229.3	229.3	1897,983,6,4	92.4	39.4813542	73.5916760	5097.3
1411	216.2	216.2	220.3	1798,244,9,5	92.3	39.4813521	73.5916759	5097.3
1412	215.2	214.2	216.2	1105,133,8,4	92.2	39.4813519	73.5916760	5097.3
1413	72.1	72.1	72.1	405,27,4,14	91.7	39.4813521	73.5916784	5097.3
1414	224.3	224.3	224.3	889,179,9,5	91.6	39.4813534	73.5916758	5097.3
1415	82.1	82.1	82.1	1511,579,7,12	91.4	39.4813503	73.5916781	5097.3
1416	185.2	185.2	185.2	1404,1047,7,6	91.4	39.4813465	73.5916784	5097.3
1417	70.1	70.1	71.1	123,160,8,11	91.2	39.4813527	73.5916791	5097.3
1418	108.1	108.1	108.1	1233,433,6,6	91.0	39.4813484	73.5916791	5097.3
1419	230.3	230.3	230.3	17,433,4,8	91.0	39.4813544	73.5916760	5097.3
1420	72.1	72.1	72.1	1781,31,4,6	90.5	39.4813521	73.5916784	5097.3
1421	107.1	107.1	107.1	1408,951,9,4	90.4	39.4813487	73.5916793	5097.3
1422	68.1	68.1	68.1	1205,209,6,8	90.2	39.4813535	73.5916796	5097.3
1423	159.2	159.2	159.2	1001,1069,8,5	90.1	39.4813486	73.5916786	5097.3
1424	217.2	216.2	217.2	1885,710,12,7	89.6	39.4813521	73.5916760	5097.3
1425	13.0	13.0	13.0	1841,365,6,4	89.4	39.4813487	73.5916904	5097.3
1426	211.2	211.2	211.2	781,281,9,3	89.4	39.4813511	73.5916759	5097.3
1427	99.1	99.1	99.1	900,1054,12,3	89.2	39.4813505	73.5916791	5097.3
1428	107.1	107.1	107.1	188,450,4,11	89.0	39.4813487	73.5916793	5097.3
1429	187.2	187.2	187.2	577,893,10,4	88.9	39.4813470	73.5916781	5097.3
1430	235.3	235.3	235.3	211,809,6,8	88.9	39.4813548	73.5916765	5097.3
1431	186.2	186.2	186.2	849,234,6,9	88.7	39.4813470	73.5916784	5097.3
1432	98.1	98.1	98.1	1877,319,4,12	88.4	39.4813510	73.5916788	5097.3
1433	159.2	159.2	159.2	1846,417,7,7	88.4	39.4813486	73.5916786	5097.3
1434	212.2	212.2	212.2	69,177,6,4	88.3	39.4813512	73.5916757	5097.3
1435	99.1	99.1	99.1	676,852,7,5	87.9	39.4813505	73.5916791	5097.3
1436	218.2	218.2	218.2	89,985,5,12	86.7	39.4813526	73.5916760	5097.3
1437	107.1	107.1	107.1	179,921,6,5	86.3	39.4813487	73.5916793	5097.3
1438	72.1	72.1	72.1	713,189,6,4	86.1	39.4813521	73.5916784	5097.3
1439	70.1	70.1	73.1	417,465,4,8	86.1	39.4813527	73.5916791	5097.3
1440	114.1	114.1	114.1	105,78,8,7	86.0	39.4813484	73.5916783	5097.3
1441	73.1	73.1	73.1	985,856,8,11	85.6	39.4813520	73.5916782	5097.3
1442	77.1	77.1	77.1	1835,649,7,4	85.5	39.4813510	73.5916776	5097.3
1443	103.1	103.1	103.1	231,415,5,5	85.4	39.4813495	73.5916797	5097.3
1444	111.1	111.1	111.1	223,96,6,11	85.3	39.4813481	73.5916787	5097.3
1445	187.2	187.2	187.2	1307,1017,9,3	85.1	39.4813470	73.5916781	5097.3
1446	216.2	216.2	216.2	1795,759,8,4	85.0	39.4813521	73.5916759	5097.3
1447	114.1	114.1	114.1	593,619,6,6	84.9	39.4813484	73.5916783	5097.3
1448	106.1	106.1	106.1	119,465,6,6	84.2	39.4813488	73.5916794	5097.3
1449	70.1	70.1	70.1	1241,257,8,4	83.9	39.4813527	73.5916791	5097.3
1450	82.1	82.1	82.1	190,169,5,8	83.8	39.4813503	73.5916781	5097.3
1451	214.2	214.2	214.2	1070,201,5,8	83.5	39.4813516	73.5916760	5097.3
1452	228.3	226.3	228.3	901,17,6,4	83.0	39.4813541	73.5916760	5097.3
1453	106.1	106.1	106.1	1015,979,8,4	82.9	39.4813488	73.5916794	5097.3
1454	217.2	216.2	217.2	501,65,6,8	82.7	39.4813521	73.5916760	5097.3
1455	217.2	214.2	217.2	1691,21,7,4	82.4	39.4813521	73.5916760	5097.3
1456	185.2	185.2	185.2	1209,1035,6,4	81.4	39.4813465	73.5916784	5097.3
1457	73.1	73.1	73.1	1869,215,6,6	81.3	39.4813520	73.5916782	5097.3
1458	224.3	224.3	224.3	932,222,4,11	81.3	39.4813534	73.5916758	5097.3
1459	211.2	211.2	211.2	1772,979,7,4	81.1	39.4813511	73.5916759	5097.3
1460	217.2	217.2	217.2	1767,361,9,3	81.0	39.4813521	73.5916760	5097.3
1461	77.1	77.1	77.1	1697,3,6,6	80.9	39.4813510	73.5916776	5097.3
1462	158.2	158.2	158.2	177,981,8,8	80.8	39.4813485	73.5916787	5097.3
1463	239.3	239.3	239.3	1708,493,5,8	80.8	39.4813549	73.5916769	5097.3
1464	158.2	158.2	158.2	41,924,8,6	80.7	39.4813485	73.5916787	5097.3
1465	220.3	220.3	221.3	1479,559,7,6	80.6	39.4813529	73.5916758	5097.3
1466	108.1	107.1	108.1	1725,1038,4,8	80.5	39.4813484	73.5916791	5097.3
1467	229.3	229.3	229.3	1146,736,6,5	80.5	39.4813542	73.5916760	5097.3
1468	201.2	201.2	201.2	656,949,7,4	80.3	39.4813494	73.5916754	5097.3
1469	105.1	105.1	105.1	477,507,4,6	80.1	39.4813492	73.5916794	5097.3
1470	87.1	87.1	87.1	630,4,9,5	80.0	39.4813515	73.5916781	5097.3
1471	225.3	225.3	225.3	782,612,5,6	80.0	39.4813539	73.5916759	5097.3
1472	107.1	107.1	107.1	1015,595,3,10	79.1	39.4813487	73.5916793	5097.3
1473	106.1	106.1	106.1	891,574,7,8	79.0	39.4813488	73.5916794	5097.3
1474	108.1	108.1	110.1	1861,674,4,7	78.7	39.4813484	73.5916791	5097.3
1475	158.2	158.2	158.2	1799,969,10,3	78.2	39.4813485	73.5916787	5097.3
1476	83.1	83.1	83.1	1481,395,2,12	78.0	39.4813504	73.5916784	5097.3
1477	107.1	107.1	107.1	1917,597,3,12	77.9	39.4813487	73.5916793	5097.3
1478	67.1	67.1	67.1	475,489,6,4	77.6	39.4813536	73.5916798	5097.3
1479	69.1	69.1	69.1	65,0,8,11	77.3	39.4813533	73.5916794	5097.3
1480	67.1	67.1	67.1	1159,0,6,12	77.1	39.4813536	73.5916798	5097.3
1481	2.0	2.0	2.0	69,409,7,8	76.4	39.4813468	73.5916933	5097.4
1482	5.0	5.0	5.0	535,956,2,11	76.2	39.4813478	73.5916926	5097.4
1483	67.1	67.1	67.1	1129,189,9,4	76.0	39.4813536	73.5916798	5097.3
1484	96.1	96.1	96.1	1625,63,3,8	75.8	39.4813518	73.5916781	5097.3
1485	225.3	223.3	228.3	1582,449,5,10	75.5	39.4813539	73.5916759	5097.3
1486	108.1	108.1	108.1	154,395,5,10	74.6	39.4813484	73.5916791	5097.3
1487	77.1	77.1	77.1	1018,792,3,9	74.3	39.4813510	73.5916776	5097.3
1488	68.1	68.1	68.1	341,161,6,6	74.2	39.4813535	73.5916796	5097.3
1489	158.2	158.2	158.2	1413,0,7,3	73.6	39.4813485	73.5916787	5097.3
1490	100.1	100.1	100.1	803,998,5,5	73.0	39.4813502	73.5916792	5097.3
1491	228.3	228.3	228.3	651,0,6,8	72.5	39.4813541	73.5916760	5097.3
1492	84.1	84.1	84.1	1631,0,6,5	72.1	39.4813505	73.5916782	5097.3
1493	79.1	79.1	79.1	541,761,6,6	71.8	39.4813507	73.5916776	5097.3
1494	73.1	73.1	73.1	1035,513,6,4	71.4	39.4813520	73.5916782	5097.3
1495	71.1	71.1	71.1	29,951,6,5	71.3	39.4813524	73.5916786	5097.3
1496	1.0	1.0	1.0	321,1061,4,7	70.7	39.4813465	73.5916937	5097.4
1497	112.1	112.1	112.1	1767,825,2,10	70.5	39.4813481	73.5916786	5097.3
1498	219.2	219.2	219.2	1264,364,6,4	69.8	39.4813526	73.5916759	5097.3
1499	13.0	13.0	13.0	311,753,4,6	69.4	39.4813487	73.5916904	5097.3
1500	105.1	105.1	105.1	556,353,3,8	69.3	39.4813492	73.5916794	5097.3
1501	100.1	100.1	100.1	1885,886,4,7	69.1	39.4813502	73.5916792	5097.3
1502	214.2	214.2	214.2	397,37,4,4	68.4	39.4813516	73.5916760	5097.3
1503	236.3	236.3	236.3	21,849,4,10	68.0	39.4813548	73.5916768	5097.3
1504	73.1	73.1	73.1	976,953,9,3	67.7	39.4813520	73.5916782	5097.3
1505	94.1	94.1	95.1	190,697,7,8	67.4	39.4813522	73.5916775	5097.3
1506	95.1	95.1	95.1	70,843,3,10	67.4	39.4813521	73.5916778	5097.3
1507	105.1	105.1	105.1	105,140,2,9	67.4	39.4813492	73.5916794	5097.3
1508	96.1	96.1	96.1	720,699,3,8	66.6	39.4813518	73.5916781	5097.3
1509	226.3	223.3	227.3	1248,811,5,8	66.5	39.4813541	73.5916759	5097.3
1510	96.1	96.1	96.1	155,5,6,4	65.7	39.4813518	73.5916781	5097.3
1511	96.1	96.1	96.1	265,107,8,3	65.7	39.4813518	73.5916781	5097.3
1512	0.0	0.0	0.0	22,675,6,4	65.5	39.4813462	73.5916940	5097.4
1513	236.3	236.3	236.3	1557,211,4,6	65.1	39.4813548	73.5916768	5097.3
1514	105.1	105.1	105.1	85,945,9,2	64.7	39.4813492	73.5916794	5097.3
1515	94.1	94.1	94.1	1799,782,4,6	64.6	39.4813522	73.5916775	5097.3
1516	73.1	73.1	73.1	1897,327,3,8	64.0	39.4813520	73.5916782	5097.3
1517	5.0	5.0	5.0	346,977,4,7	63.6	39.4813478	73.5916926	5097.4
1518	227.3	227.3	227.3	824,108,5,4	62.3	39.4813541	73.5916760	5097.3
1519	95.1	95.1	95.1	743,171,5,6	62.0	39.4813521	73.5916778	5097.3
1520	96.1	96.1	96.1	265,13,4,4	58.6	39.4813518	73.5916781	5097.3
1521	96.1	96.1	96.1	1657,129,4,4	57.7	39.4813518	73.5916781	5097.3
1522	221.3	221.3	221.3	1909,256,6,3	57.5	39.4813528	73.5916757	5097.3
1523	111.1	111.1	111.1	1096,832,5,6	56.4	39.4813481	73.5916787	5097.3
1524	221.3	221.3	221.3	1509,629,8,2	55.3	39.4813528	73.5916757	5097.3
1525	223.3	223.3	223.3	725,41,4,8	54.7	39.4813534	73.5916756	5097.3
1526	227.3	227.3	227.3	881,87,5,4	53.3	39.4813541	73.5916760	5097.3
1527	216.2	216.2	216.2	1704,909,4,4	52.5	39.4813521	73.5916759	5097.3
1528	223.3	223.3	223.3	1337,941,7,4	51.4	39.4813534	73.5916756	5097.3
1529	214.2	214.2	214.2	739,109,6,4	51.1	39.4813516	73.5916760	5097.3
1530	223.3	223.3	223.3	1185,985,4,4	48.0	39.4813534	73.5916756	5097.3
1531	227.3	227.3	227.3	175,1070,4,6	47.7	39.4813541	73.5916760	5097.3
