ранг	ранг_в_группе	расстояние	сигнатура	d_ab	d_L	ловушка	d_ловушки	L	a	b	C	цвет_измерен	track	t_best	t0	t1	bbox	score	lat	lon	alt
1	1	2.154	палка-древко-контроль	8.1	53.3	снег-пересвеченный	0.644	94.9	-4.0	-8.0	8.9	bbox	0	3.0	3.0	3.0	737,0,386,308	15437.3			
2	2	1.204	палка-ручка-пробка	9.5	5.9	лишайник-жёлтый-на-камне	0.686	81.6	2.0	14.0	14.1	bbox	1	82.0	82.0	82.0	1651,995,269,85	14778.3			
3	3	1.602	стакан-марка-красная	7.6	36.1	порода-охристая	1.519	13.7	18.0	4.0	18.4	bbox	2	164.0	164.0	164.0	0,741,111,339	10445.5			
4	4	1.399	стакан-марка-красная	10.4	14.1	порода-в-тени	0.674	35.7	1.0	-2.0	2.2	bbox	3	217.0	217.0	219.0	1889,807,31,273	10395.6			
5	5	0.721	стакан-марка-красная	5.7	3.9	порода-охристая	1.901	53.7	15.0	-3.0	15.3	bbox	4	102.0	102.0	102.0	0,0,345,49	10109.0			
6	6	0.821	палка-древко-контроль	1.0	22.7	снег-в-тени	1.382	64.3	-8.0	-14.0	16.1	bbox	5	87.0	87.0	87.0	1809,1040,111,40	8911.4			
7	7	1.366	стакан-марка-красная	10.2	13.7	снег-розовый	0.533	63.5	1.0	3.0	3.2	bbox	6	78.0	78.0	78.0	1753,49,167,64	7698.3			
8	8	1.128	рюкзак-синий	9.0	2.3	снег-в-тени	0.566	36.5	1.0	-5.0	5.1	bbox	7	219.0	218.0	219.0	1820,601,100,378	5117.6			
9	9	1.398	стакан-марка-красная	11.2	1.2	снег-в-тени	0.882	51.0	0.0	-1.0	1.0	bbox	8	174.0	174.0	174.0	1890,829,30,134	4859.7			
10	10	0.895	палка-древко-контроль	0.0	25.1	снег-в-тени	1.490	66.7	-8.0	-15.0	17.0	bbox	9	86.0	81.0	87.0	1849,1049,71,31	4665.0			
11	11	0.350	палка-ручка-пробка	2.2	5.9	лишайник-жёлтый-на-камне	0.580	69.8	4.0	21.0	21.4	bbox	10	81.0	81.0	81.0	1765,1021,82,44	4520.5			
12	12	1.495	рюкзак-синий	11.0	16.1	порода-в-тени	0.363	22.7	0.0	-3.0	3.0	bbox	11	110.0	110.0	113.0	1009,936,49,81	4095.2			
13	13	1.201	стакан-марка-красная	6.0	26.3	порода-охристая	1.551	23.5	17.0	1.0	17.0	bbox	12	2.0	1.0	11.0	459,211,66,64	3938.9			
14	14	1.117	рюкзак-синий	5.0	25.9	снег-в-тени	0.946	64.7	5.0	-11.0	12.1	bbox	13	103.0	103.0	103.0	825,177,144,24	3927.8			
15	15	0.792	палка-ручка-контроль	6.3	1.5	лишайник-жёлтый-на-камне	0.562	56.1	4.0	20.0	20.4	bbox	14	82.0	81.0	82.0	1471,1056,152,24	3903.2			
16	16	1.501	стакан-марка-красная	11.2	15.3	снег-освещённый	0.588	65.1	0.0	-1.0	1.0	bbox	15	188.0	186.0	189.0	353,543,38,86	3768.7			
17	17	1.434	стакан-марка-красная	11.2	9.0	порода-в-тени	0.770	40.8	0.0	-1.0	1.0	bbox	16	122.0	122.0	122.0	1721,961,199,119	3504.1			
18	18	1.138	стакан-марка-красная	4.0	28.6	порода-в-тени	1.153	21.2	7.0	1.0	7.1	bbox	17	74.0	74.0	74.0	1545,313,96,84	3072.7			
19	19	1.163	рюкзак-синий	7.1	21.2	порода-в-тени	0.907	17.6	2.0	-7.0	7.3	bbox	18	4.0	1.0	4.0	1513,299,80,90	2939.5			
20	20	1.047	рюкзак-синий	4.1	25.5	снег-в-тени	0.641	64.3	0.0	-10.0	10.0	bbox	19	2.0	2.0	4.0	321,69,42,148	2872.1			
21	21	1.400	стакан-марка-красная	11.2	2.3	снег-в-тени	0.875	47.5	0.0	-1.0	1.0	bbox	20	190.0	190.0	190.0	1517,797,30,52	2789.8			
22	22	1.055	рюкзак-синий	5.1	23.6	снег-в-тени	0.535	62.4	0.0	-9.0	9.0	bbox	21	194.0	193.0	198.0	1799,0,25,45	2639.0			
23	23	1.314	рюкзак-синий	10.0	11.3	порода-в-тени	0.587	27.5	1.0	-4.0	4.1	bbox	22	102.0	102.0	104.0	1105,34,64,39	2537.6			
24	24	1.431	стакан-марка-красная	11.2	8.6	порода-в-тени	0.783	41.2	0.0	-1.0	1.0	bbox	23	124.0	124.0	125.0	325,0,80,13	2478.4			
25	25	1.431	стакан-марка-красная	3.6	38.0	порода-в-тени	1.415	11.8	9.0	-2.0	9.2	bbox	24	1.0	1.0	2.0	51,375,46,67	2449.6			
26	26	1.327	стакан-марка-красная	10.3	9.0	снег-в-тени	0.684	58.8	2.0	-4.0	4.5	bbox	25	124.0	124.0	127.0	207,0,102,17	2394.9			
27	27	1.250	рюкзак-синий	9.1	14.9	порода-в-тени	0.718	23.9	2.0	-5.0	5.4	bbox	26	66.0	66.0	66.0	1807,582,48,69	2376.1			
28	28	1.698	стакан-марка-красная	12.2	21.2	снег-розовый	0.461	71.0	-1.0	3.0	3.2	bbox	27	96.0	96.0	96.0	1737,837,40,52	2311.8			
29	29	0.307	стакан-марка-красная	1.0	7.8	порода-охристая	1.263	42.0	10.0	1.0	10.0	bbox	28	3.0	3.0	3.0	1111,122,61,83	2237.7			
30	30	1.460	стакан-марка-красная	11.0	13.7	снег-розовый	0.575	63.5	0.0	1.0	1.0	bbox	29	222.0	222.0	222.0	1785,597,20,120	2219.3			
31	31	1.081	рюкзак-синий	8.5	4.7	снег-в-тени	0.603	34.1	-2.0	-6.0	6.3	bbox	30	3.0	3.0	3.0	1544,241,283,21	2128.7			
32	32	1.347	стакан-марка-красная	10.2	12.2	снег-розовый	0.586	62.0	1.0	3.0	3.2	bbox	31	230.0	230.0	230.0	1597,981,12,99	2019.6			
33	33	1.436	рюкзак-синий	8.1	28.7	снег-в-тени	0.745	67.5	0.0	-6.0	6.0	bbox	32	210.0	208.0	210.0	251,0,113,83	1982.9			
34	34	1.076	стакан-марка-красная	8.1	10.6	снег-в-тени	0.857	39.2	4.0	-3.0	5.0	bbox	33	2.0	1.0	2.0	539,265,70,51	1930.4			
35	35	0.775	рюкзак-синий	6.0	5.5	снег-в-тени	0.176	44.3	1.0	-8.0	8.1	bbox	34	174.0	174.0	174.0	1861,916,23,101	1921.6			
36	36	2.054	стакан-марка-красная	10.0	45.5	снег-освещённый	0.575	95.3	1.0	0.0	1.0	bbox	35	95.0	95.0	95.0	781,737,22,44	1921.2			
37	37	0.718	рюкзак-синий	2.0	18.8	снег-в-тени	0.624	57.6	1.0	-12.0	12.0	bbox	36	194.0	192.0	194.0	1703,224,67,18	1896.0			
38	38	1.263	рюкзак-синий	10.0	3.6	снег-в-тени	0.537	42.4	0.0	-4.0	4.0	bbox	37	146.0	146.0	149.0	8,325,51,28	1887.7			
39	39	2.154	стакан-марка-красная	11.2	45.9	снег-освещённый	0.560	95.7	0.0	-1.0	1.0	bbox	38	208.0	207.0	208.0	0,361,161,116	1880.2			
40	40	1.491	стакан-марка-красная	11.7	8.0	снег-в-тени	0.721	57.8	0.0	-3.0	3.0	bbox	39	0.0	0.0	0.0	1477,539,54,52	1833.7			
41	41	1.421	стакан-марка-красная	11.0	9.4	снег-розовый	0.746	59.2	0.0	0.0	0.0	bbox	40	236.0	235.0	237.0	1639,913,14,112	1783.4			
42	42	1.644	рюкзак-синий	5.4	42.0	снег-пересвеченный	0.909	80.8	-1.0	-9.0	9.1	bbox	41	31.0	29.0	31.0	0,389,19,60	1778.5			
43	43	1.426	стакан-марка-красная	11.0	10.6	снег-розовый	0.675	60.4	0.0	1.0	1.0	bbox	42	174.0	173.0	174.0	1859,1021,22,59	1746.2			
44	44	0.663	рюкзак-синий	5.1	5.1	снег-в-тени	0.312	43.9	2.0	-9.0	9.2	bbox	43	39.0	39.0	39.0	0,629,17,58	1734.5			
45	45	1.734	стакан-марка-красная	11.3	28.2	снег-освещённый	0.246	78.0	0.0	-1.5	1.5	bbox	44	43.0	43.0	43.0	245,338,36,47	1713.5			
46	46	1.334	стакан-марка-красная	10.2	11.0	порода-в-тени	0.757	38.8	1.0	-1.0	1.4	bbox	45	226.0	226.0	227.0	1847,606,24,67	1642.0			
47	47	0.602	палка-древко-контроль	4.5	6.2	снег-в-тени	0.839	47.8	-6.0	-11.0	12.5	bbox	46	0.0	0.0	0.0	0,716,113,14	1636.0			
48	48	1.668	стакан-марка-красная	11.2	25.5	снег-освещённый	0.264	75.3	0.0	-1.0	1.0	bbox	47	124.0	124.0	124.0	1323,33,54,24	1613.2			
49	49	1.035	рюкзак-синий	5.0	23.1	порода-в-тени	1.081	15.7	1.0	-9.0	9.1	bbox	48	223.0	223.0	223.0	1597,416,32,31	1613.2			
50	50	1.497	стакан-марка-красная	10.2	22.0	порода-в-тени	0.460	27.8	1.0	-1.0	1.4	bbox	49	237.0	237.0	237.0	1646,503,21,50	1591.4			
51	51	1.586	рюкзак-синий	5.0	40.8	снег-пересвеченный	1.052	79.6	1.0	-9.0	9.1	bbox	50	205.0	205.0	205.0	1196,528,39,17	1562.5			
52	52	2.076	палка-древко-бирюзовое	12.0	40.0	снег-пересвеченный	0.629	92.5	-7.0	-7.0	9.9	bbox	51	94.0	88.0	94.0	1873,1063,47,17	1549.6			
53	53	1.401	рюкзак-синий	11.0	6.6	порода-в-тени	0.549	32.2	0.0	-3.0	3.0	bbox	52	259.0	258.0	259.0	1262,929,36,22	1543.6			
54	54	1.064	рюкзак-синий	3.0	27.9	снег-в-тени	0.781	66.7	1.0	-11.0	11.0	bbox	53	205.0	205.0	209.0	0,353,37,29	1530.3			
55	55	1.874	стакан-марка-красная	8.5	43.1	порода-в-тени	0.804	6.7	3.0	-2.0	3.6	bbox	54	4.0	4.0	6.0	1255,255,84,54	1526.4			
56	56	1.395	стакан-марка-красная	10.8	10.2	снег-в-тени	0.772	60.0	1.0	-3.0	3.2	bbox	55	252.0	252.0	252.0	1272,45,65,30	1509.5			
57	57	1.343	стакан-марка-красная	10.0	13.7	снег-розовый	0.533	63.5	1.0	1.0	1.4	bbox	56	220.0	220.0	220.0	1761,500,28,124	1506.7			
58	58	1.478	рюкзак-синий	7.0	33.4	снег-в-тени	0.888	72.2	1.0	-7.0	7.1	bbox	57	185.0	185.0	185.0	1891,741,29,40	1484.5			
59	59	1.735	стакан-марка-красная	12.1	23.9	снег-розовый	0.576	73.7	0.0	6.0	6.0	bbox	58	2.0	2.0	2.0	35,251,28,103	1455.8			
60	60	1.096	рюкзак-синий	6.0	22.4	снег-в-тени	0.494	61.2	1.0	-8.0	8.1	bbox	59	102.0	102.0	102.0	1425,821,24,42	1440.6			
61	61	1.824	рюкзак-синий	5.1	47.9	снег-пересвеченный	0.912	86.7	0.0	-9.0	9.0	bbox	60	207.0	202.0	208.0	81,71,28,32	1434.7			
62	62	0.182	рюкзак-синий	1.4	1.2	снег-в-тени	0.947	37.6	0.0	-15.0	15.0	bbox	61	202.0	202.0	202.0	1815,681,21,32	1415.0			
63	63	1.320	стакан-марка-красная	10.0	11.4	порода-в-тени	0.756	38.4	1.0	0.0	1.0	bbox	62	228.0	228.0	228.0	1686,833,25,40	1405.4			
64	64	1.769	стакан-марка-красная	11.0	31.0	порода-в-тени	0.285	18.8	0.0	0.0	0.0	bbox	63	123.0	123.0	123.0	0,1041,35,21	1386.6			
65	65	0.209	рюкзак-синий	1.4	3.1	снег-в-тени	0.760	35.7	0.0	-13.0	13.0	bbox	64	194.0	194.0	194.0	290,942,45,22	1383.4			
66	66	1.364	стакан-марка-красная	10.0	14.9	порода-в-тени	0.652	34.9	1.0	0.0	1.0	bbox	65	46.0	46.0	48.0	843,65,76,54	1376.7			
67	67	1.131	стакан-марка-красная	8.9	4.7	снег-розовый	1.226	45.1	3.0	5.0	5.8	bbox	66	133.0	133.0	133.0	1330,17,105,18	1361.6			
68	68	1.890	рюкзак-синий	9.1	42.4	снег-освещённый	0.638	81.2	0.0	-5.0	5.0	bbox	67	180.0	180.0	180.0	232,668,36,33	1342.8			
69	69	0.911	рюкзак-синий	6.4	12.2	снег-в-тени	0.411	51.0	-3.0	-9.0	9.5	bbox	68	73.0	73.0	73.0	1885,1041,28,36	1321.9			
70	70	0.938	рюкзак-синий	7.0	9.4	снег-в-тени	0.177	48.2	1.0	-7.0	7.1	bbox	69	39.0	39.0	39.0	4,561,21,72	1319.9			
71	71	1.381	стакан-марка-красная	10.0	16.5	порода-в-тени	0.645	33.3	1.0	1.0	1.4	bbox	70	47.0	46.0	47.0	1067,29,48,40	1318.9			
72	72	0.097	рюкзак-синий	0.0	2.7	снег-в-тени	0.868	36.1	1.0	-14.0	14.0	bbox	71	202.0	202.0	202.0	1785,609,22,22	1301.3			
73	73	1.379	стакан-марка-красная	11.0	2.7	снег-розовый	0.937	52.5	0.0	1.0	1.0	bbox	72	113.0	112.0	113.0	1259,713,30,28	1299.4			
74	74	1.403	стакан-марка-красная	11.0	7.1	порода-в-тени	0.846	42.7	0.0	0.0	0.0	bbox	73	225.0	225.0	225.0	1904,361,16,42	1260.4			
75	75	1.439	рюкзак-синий	10.0	19.6	снег-в-тени	0.628	58.4	0.0	-4.0	4.0	bbox	74	176.0	176.0	176.0	403,281,24,29	1245.6			
76	76	1.504	стакан-марка-красная	10.2	22.3	порода-в-тени	0.452	27.5	1.0	-1.0	1.4	bbox	75	223.0	223.0	223.0	1645,849,12,47	1244.8			
77	77	1.560	рюкзак-синий	12.2	9.8	порода-в-тени	0.355	29.0	-1.0	-2.0	2.2	bbox	76	135.0	135.0	135.0	0,0,33,17	1240.1			
78	78	0.792	рюкзак-синий	6.3	1.2	снег-в-тени	0.305	40.0	-1.0	-8.0	8.1	bbox	77	214.0	214.0	214.0	267,105,22,28	1238.4			
79	79	0.757	рюкзак-синий	3.2	18.1	снег-в-тени	0.495	56.9	0.0	-11.0	11.0	bbox	78	0.0	0.0	0.0	0,862,31,27	1238.3			
80	80	1.347	рюкзак-синий	2.2	36.9	снег-в-тени	1.332	75.7	-1.0	-15.0	15.0	bbox	79	29.0	29.0	30.0	0,485,21,33	1232.1			
81	81	1.582	стакан-марка-красная	12.6	1.6	снег-розовый	1.175	48.2	-1.0	5.0	5.1	bbox	80	101.0	101.0	103.0	0,305,17,32	1231.5			
82	82	1.571	рюкзак-синий	10.0	26.6	порода-в-тени	0.607	12.2	1.0	-4.0	4.1	bbox	81	188.0	188.0	188.0	427,722,20,26	1213.1			
83	83	1.838	палка-древко-контроль	12.4	27.8	снег-освещённый	0.746	69.4	-5.0	-3.0	5.8	bbox	82	95.0	95.0	95.0	1897,0,23,24	1212.4			
84	84	1.399	стакан-марка-красная	11.2	1.6	снег-в-тени	0.875	48.2	0.0	-1.0	1.0	bbox	83	246.0	246.0	246.0	1825,505,8,38	1191.2			
85	85	1.884	стакан-марка-красная	11.0	36.1	снег-освещённый	0.253	85.9	0.0	1.0	1.0	bbox	84	122.0	121.0	122.0	1897,1059,23,21	1162.9			
86	86	1.340	стакан-марка-красная	10.2	11.6	порода-в-тени	0.739	38.2	1.0	-1.0	1.4	bbox	85	234.0	233.0	234.0	1503,357,24,26	1156.2			
87	87	1.031	рюкзак-синий	7.1	14.9	снег-в-тени	0.897	23.9	2.0	-7.0	7.3	bbox	86	68.0	64.0	68.0	1523,955,52,36	1144.3			
88	88	1.136	рюкзак-синий	9.0	4.3	снег-в-тени	0.429	43.1	1.0	-5.0	5.1	bbox	87	169.0	165.0	169.0	1745,1061,23,19	1138.4			
89	89	1.356	стакан-марка-красная	10.8	2.7	корка-жёлтая-на-скале	1.031	47.1	2.0	7.0	7.3	bbox	88	50.0	50.0	50.0	1041,321,20,38	1115.1			
90	90	1.007	рюкзак-синий	6.0	18.8	порода-в-тени	0.952	20.0	1.0	-8.0	8.1	bbox	89	228.0	227.0	228.0	813,799,30,32	1100.0			
91	91	1.603	стакан-марка-красная	11.2	22.0	порода-в-тени	0.365	27.8	0.0	-1.0	1.0	bbox	90	248.0	247.0	248.0	1689,1049,40,16	1098.7			
92	92	0.124	палка-ручка-контроль	0.0	3.5	лишайник-жёлтый-на-камне	1.296	54.1	6.0	26.0	26.7	bbox	91	81.0	81.0	81.0	1366,1061,33,19	1091.8			
93	93	0.877	рюкзак-синий	7.0	1.5	снег-в-тени	0.416	37.3	1.0	-7.0	7.1	bbox	92	214.0	214.0	214.0	879,441,32,22	1087.3			
94	94	1.400	стакан-марка-красная	11.2	2.3	снег-в-тени	0.875	47.5	0.0	-1.0	1.0	bbox	93	128.0	128.0	128.0	701,1057,22,23	1084.2			
95	95	1.418	стакан-марка-красная	11.0	9.0	порода-в-тени	0.780	40.8	0.0	0.0	0.0	bbox	94	249.0	249.0	249.0	1228,673,28,20	1072.7			
96	96	1.377	стакан-марка-красная	10.8	8.0	снег-в-тени	0.731	57.8	1.0	-3.0	3.2	bbox	95	241.0	241.0	241.0	73,911,38,26	1063.6			
97	97	1.504	стакан-марка-красная	10.2	22.4	снег-освещённый	0.416	72.2	1.0	-1.0	1.4	bbox	96	78.0	78.0	78.0	1744,0,29,17	1062.2			
98	98	1.435	рюкзак-синий	4.0	37.7	снег-в-тени	1.061	76.5	1.0	-10.0	10.0	bbox	97	210.0	208.0	210.0	646,5,103,18	1056.6			
99	99	1.482	стакан-марка-красная	11.0	15.1	порода-в-тени	0.582	34.7	0.0	0.0	0.0	bbox	98	191.0	191.0	191.0	793,985,16,24	1050.1			
100	100	0.970	рюкзак-синий	7.0	11.7	снег-в-тени	0.762	27.1	1.0	-7.0	7.1	bbox	99	225.0	225.0	225.0	115,462,24,38	1037.7			
101	101	0.659	рюкзак-синий	4.5	9.8	снег-в-тени	0.727	29.0	-1.0	-10.0	10.0	bbox	100	193.0	189.0	193.0	1037,635,32,22	1035.5			
102	102	1.315	стакан-марка-красная	10.2	9.0	порода-охристая	0.264	40.8	9.0	11.0	14.2	bbox	101	0.0	0.0	0.0	1821,986,38,49	1033.1			
103	103	1.411	стакан-марка-красная	11.2	5.5	снег-в-тени	0.884	44.3	0.0	-1.0	1.0	bbox	102	110.0	110.0	110.0	481,917,24,20	1028.4			
104	104	1.384	стакан-марка-красная	11.0	2.7	снег-розовый	0.962	52.5	0.0	0.0	0.0	bbox	103	219.0	219.0	219.0	1845,935,18,32	1026.6			
105	105	1.628	рюкзак-синий	11.2	23.4	снег-освещённый	0.764	62.2	-1.0	-3.0	3.2	bbox	104	150.0	149.0	157.0	175,97,68,14	1019.1			
106	106	1.368	рюкзак-синий	7.0	29.4	снег-в-тени	0.751	68.2	1.0	-7.0	7.1	bbox	105	216.0	216.0	216.0	845,155,52,18	1010.9			
107	107	0.359	рюкзак-синий	2.0	7.2	снег-в-тени	1.019	31.6	3.0	-14.0	14.3	bbox	106	2.0	2.0	3.0	307,0,14,57	1008.6			
108	108	1.418	рюкзак-синий	11.2	6.7	снег-в-тени	0.643	45.5	-1.0	-3.0	3.2	bbox	107	154.0	152.0	158.0	519,107,62,12	1001.8			
109	109	1.482	стакан-марка-красная	10.2	21.2	порода-в-тени	0.476	28.6	1.0	-1.0	1.4	bbox	108	227.0	226.0	227.0	1737,795,21,54	987.2			
110	110	1.524	стакан-марка-красная	11.0	18.0	порода-в-тени	0.493	31.8	0.0	0.0	0.0	bbox	109	233.0	233.0	235.0	1560,359,17,22	962.7			
111	111	1.415	рюкзак-синий	11.0	8.7	снег-в-тени	0.625	47.5	0.0	-3.0	3.0	bbox	110	250.0	250.0	252.0	521,0,38,37	959.7			
112	112	1.328	рюкзак-синий	7.6	25.9	снег-в-тени	0.794	64.7	4.0	-7.0	8.1	bbox	111	100.0	100.0	101.0	89,485,16,52	956.0			
113	113	1.339	рюкзак-синий	8.1	24.7	порода-в-тени	0.710	14.1	0.0	-6.0	6.0	bbox	112	215.0	215.0	216.0	1663,293,20,30	952.7			
114	114	1.425	стакан-марка-красная	11.4	0.4	снег-в-тени	0.752	49.4	0.0	-2.0	2.0	bbox	113	74.0	74.0	74.0	1631,409,25,28	950.2			
115	115	0.576	рюкзак-синий	2.2	14.1	снег-в-тени	1.042	24.7	-1.0	-13.0	13.0	bbox	114	242.0	242.0	242.0	921,0,20,15	948.3			
116	116	1.313	стакан-марка-красная	10.2	8.8	снег-розовый	0.700	58.6	1.0	3.0	3.2	bbox	115	233.0	233.0	234.0	1549,803,12,45	944.5			
117	117	1.528	рюкзак-синий	11.2	17.3	снег-в-тени	0.703	56.1	-1.0	-3.0	3.2	bbox	116	31.0	29.0	31.0	61,285,42,62	942.7			
118	118	1.166	стакан-марка-красная	9.1	7.8	снег-розовый	0.755	57.6	2.0	0.0	2.0	bbox	117	242.0	242.0	242.0	1227,242,69,18	940.7			
119	119	1.092	рюкзак-синий	5.0	25.1	порода-в-тени	1.094	13.7	1.0	-9.0	9.1	bbox	118	211.0	211.0	211.0	805,639,32,22	937.1			
120	120	1.697	стакан-марка-красная	10.2	31.4	порода-в-тени	0.382	18.4	1.0	-1.0	1.4	bbox	119	118.0	118.0	118.0	1698,478,21,24	936.1			
121	121	1.647	стакан-марка-красная	13.0	7.4	порода-в-тени	0.823	42.4	-2.0	1.0	2.2	bbox	120	113.0	113.0	113.0	1909,701,11,36	931.4			
122	122	1.428	стакан-марка-красная	11.2	8.2	порода-в-тени	0.796	41.6	0.0	-1.0	1.0	bbox	121	222.0	221.0	222.0	1846,439,21,26	923.0			
123	123	0.944	стакан-марка-красная	6.7	12.2	снег-розовый	0.718	62.0	5.0	4.0	6.4	bbox	122	2.0	2.0	2.0	0,163,31,78	922.1			
124	124	0.864	рюкзак-синий	6.7	5.9	снег-в-тени	0.729	32.9	4.0	-8.0	8.9	bbox	123	66.0	66.0	68.0	1837,813,26,37	917.0			
125	125	0.642	рюкзак-синий	5.0	4.1	снег-в-тени	0.248	42.9	1.0	-9.0	9.1	bbox	124	0.0	0.0	0.0	1825,657,32,30	913.0			
126	126	1.744	стакан-марка-красная	10.2	33.3	порода-в-тени	0.400	16.5	1.0	-1.0	1.4	bbox	125	260.0	260.0	260.0	1511,605,16,68	905.8			
127	127	1.297	рюкзак-синий	6.1	29.4	снег-в-тени	0.730	68.2	0.0	-8.0	8.0	bbox	126	208.0	208.0	210.0	565,79,48,34	902.3			
128	128	1.375	стакан-марка-красная	10.0	15.7	порода-в-тени	0.629	34.1	1.0	0.0	1.0	bbox	127	232.0	232.0	234.0	1625,361,20,20	902.3			
129	129	1.534	стакан-марка-красная	12.0	8.2	порода-в-тени	0.853	41.6	-1.0	2.0	2.2	bbox	128	94.0	93.0	94.0	1817,1022,52,21	901.5			
130	130	1.047	рюкзак-синий	7.0	16.1	снег-в-тени	0.309	54.9	1.0	-7.0	7.1	bbox	129	216.0	216.0	216.0	1005,171,40,18	897.1			
131	131	1.654	стакан-марка-красная	11.0	25.5	снег-освещённый	0.233	75.3	0.0	0.0	0.0	bbox	130	130.0	126.0	130.0	1841,721,10,48	889.7			
132	132	1.593	стакан-марка-красная	10.3	26.3	снег-освещённый	0.647	76.1	2.0	-4.0	4.5	bbox	131	249.0	249.0	249.0	1879,1035,41,22	884.4			
133	133	1.604	рюкзак-синий	8.1	34.9	снег-освещённый	0.801	73.7	0.0	-6.0	6.0	bbox	132	211.0	211.0	211.0	804,1052,47,28	879.0			
134	134	1.020	рюкзак-синий	8.1	4.3	снег-в-тени	0.300	43.1	0.0	-6.0	6.0	bbox	133	155.0	154.0	160.0	629,97,80,20	868.7			
135	135	1.637	стакан-марка-красная	12.0	18.0	снег-розовый	0.942	67.8	2.0	9.0	9.2	bbox	134	222.0	222.0	222.0	1845,281,10,52	864.6			
136	136	1.759	стакан-марка-красная	13.0	18.8	снег-розовый	0.702	68.6	-1.0	6.0	6.1	bbox	135	209.0	208.0	209.0	1799,8,8,62	857.6			
137	137	1.738	палка-древко-бирюзовое	9.9	34.2	снег-пересвеченный	0.912	86.7	-8.0	-9.0	12.0	bbox	136	89.0	86.0	94.0	1891,931,29,30	857.3			
138	138	1.357	рюкзак-синий	8.2	24.7	снег-в-тени	0.720	63.5	3.0	-6.0	6.7	bbox	137	4.0	4.0	4.0	449,0,47,22	841.7			
139	139	1.504	стакан-марка-красная	12.0	3.1	порода-в-тени	0.979	46.7	-1.0	1.0	1.4	bbox	138	86.0	85.0	88.0	911,925,77,19	832.7			
140	140	0.469	рюкзак-синий	3.2	7.1	снег-в-тени	0.381	45.9	0.0	-11.0	11.0	bbox	139	2.0	1.0	2.0	379,249,22,30	828.0			
141	141	1.894	стакан-марка-красная	10.2	39.2	порода-в-тени	0.513	10.6	1.0	-1.0	1.4	bbox	140	4.0	4.0	4.0	1285,184,77,21	826.9			
142	142	2.062	рюкзак-синий	9.2	47.9	снег-пересвеченный	0.472	86.7	-1.0	-5.0	5.1	bbox	141	29.0	29.0	29.0	87,489,28,70	825.5			
143	143	1.489	стакан-марка-красная	10.2	21.6	порода-в-тени	0.468	28.2	1.0	-1.0	1.4	bbox	142	238.0	238.0	239.0	493,789,12,40	811.2			
144	144	1.354	стакан-марка-красная	10.8	3.9	снег-в-тени	0.672	53.7	1.0	-3.0	3.2	bbox	143	131.0	131.0	131.0	1116,343,26,28	809.5			
145	145	0.686	рюкзак-синий	5.1	7.1	снег-в-тени	0.288	45.9	2.0	-9.0	9.2	bbox	144	147.0	147.0	147.0	115,123,58,16	798.0			
146	146	1.398	стакан-марка-красная	10.2	16.1	порода-в-тени	0.606	33.7	1.0	-1.0	1.4	bbox	145	241.0	241.0	241.0	197,167,28,18	791.6			
147	147	1.438	стакан-марка-красная	10.8	14.1	снег-освещённый	0.753	63.9	1.0	-3.0	3.2	bbox	146	250.0	250.0	250.0	782,0,55,37	789.0			
148	148	1.605	стакан-марка-красная	12.5	9.8	снег-розовый	0.931	59.6	0.0	7.0	7.0	bbox	147	209.0	209.0	209.0	1833,876,8,36	788.0			
149	149	0.638	рюкзак-синий	5.0	3.6	снег-в-тени	0.263	42.4	1.0	-9.0	9.1	bbox	148	193.0	193.0	193.0	620,479,22,40	784.1			
150	150	1.634	стакан-марка-красная	11.4	22.4	снег-освещённый	0.416	72.2	0.0	-2.0	2.0	bbox	149	248.0	248.0	248.0	1011,121,62,18	781.9			
151	151	1.212	стакан-марка-красная	9.5	7.1	снег-в-тени	0.811	42.7	2.0	-2.0	2.8	bbox	150	101.0	101.0	101.0	0,389,46,12	773.7			
152	152	0.711	стакан-марка-красная	4.1	13.7	порода-охристая	1.234	36.1	7.0	2.0	7.3	bbox	151	201.0	198.0	201.0	1681,1009,28,24	770.6			
153	153	1.504	стакан-марка-красная	10.2	22.4	снег-розовый	0.263	72.2	1.0	3.0	3.2	bbox	152	220.0	220.0	220.0	1735,679,18,69	767.8			
154	154	0.086	палка-ручка-контроль	0.0	2.4	лишайник-жёлтый-на-камне	1.247	60.0	6.0	26.0	26.7	bbox	153	81.0	81.0	81.0	1893,1055,27,25	760.3			
155	155	1.173	рюкзак-синий	9.1	8.7	снег-в-тени	0.451	47.5	2.0	-5.0	5.4	bbox	154	147.0	147.0	147.0	234,403,39,22	750.6			
156	156	1.640	палка-ручка-контроль	10.4	27.8	порода-охристая	0.740	29.8	9.0	16.0	18.4	bbox	155	82.0	82.0	82.0	1615,1053,22,18	749.3			
157	157	1.468	стакан-марка-красная	10.2	20.4	порода-в-тени	0.494	29.4	1.0	-1.0	1.4	bbox	156	235.0	235.0	236.0	1619,417,24,26	748.2			
158	158	0.561	палка-ручка-контроль	4.1	6.2	лишайник-жёлтый-на-камне	1.742	51.4	5.0	30.0	30.4	bbox	157	133.0	132.0	133.0	1297,57,32,18	747.3			
159	159	1.601	стакан-марка-красная	11.0	22.9	снег-розовый	0.329	72.7	0.0	1.0	1.0	bbox	158	111.0	111.0	111.0	923,75,46,12	743.2			
160	160	0.807	палка-ручка-контроль	6.3	4.6	лишайник-жёлтый-на-камне	1.530	62.2	12.0	24.0	26.8	bbox	159	80.0	80.0	80.0	497,409,10,36	742.6			
161	161	0.821	рюкзак-синий	6.1	8.7	снег-в-тени	0.012	47.5	0.0	-8.0	8.0	bbox	160	153.0	150.0	158.0	173,85,30,18	734.6			
162	162	1.034	рюкзак-синий	6.1	19.6	снег-в-тени	0.455	58.4	2.0	-8.0	8.2	bbox	161	252.0	252.0	252.0	1393,205,56,6	732.3			
163	163	1.771	палка-ручка-пробка	13.9	9.0	лишайник-жёлтый-на-камне	0.911	66.7	0.0	10.0	10.0	bbox	162	97.0	97.0	98.0	968,549,10,43	730.3			
164	164	1.406	рюкзак-синий	11.2	4.3	снег-в-тени	0.659	43.1	-1.0	-3.0	3.2	bbox	163	156.0	156.0	162.0	767,49,70,12	728.7			
165	165	1.231	стакан-марка-красная	9.2	12.2	порода-в-тени	0.938	37.6	2.0	3.0	3.6	bbox	164	238.0	238.0	240.0	1665,0,43,7	722.3			
166	166	1.609	стакан-марка-красная	11.0	23.1	снег-розовый	0.300	72.9	0.0	2.0	2.0	bbox	165	100.0	100.0	100.0	1489,505,16,19	722.0			
167	167	1.520	стакан-марка-красная	9.9	24.7	порода-охристая	1.064	25.1	4.0	8.0	8.9	bbox	166	83.0	83.0	83.0	1085,878,36,10	720.1			
168	168	1.013	рюкзак-синий	8.0	4.5	снег-в-тени	0.557	34.3	1.0	-6.0	6.1	bbox	167	145.0	141.0	145.0	915,21,18,18	715.0			
169	169	1.378	стакан-марка-красная	10.0	15.9	порода-в-тени	0.624	33.9	1.0	0.0	1.0	bbox	168	230.0	230.0	230.0	1631,457,22,22	712.3			
170	170	1.778	палка-ручка-контроль	10.8	32.5	корка-жёлтая-на-скале	0.858	25.1	2.0	16.0	16.1	bbox	169	243.0	243.0	243.0	58,109,63,10	711.8			
171	171	1.468	стакан-марка-красная	10.0	21.6	порода-в-тени	0.531	28.2	1.0	1.0	1.4	bbox	170	236.0	235.0	236.0	1656,323,17,20	711.6			
172	172	0.928	рюкзак-синий	7.3	5.1	снег-в-тени	0.639	33.7	3.0	-7.0	7.6	bbox	171	68.0	63.0	68.0	1741,929,32,26	709.1			
173	173	1.546	палка-древко-бирюзовое	9.9	25.9	снег-в-тени	2.390	78.4	-8.0	-23.0	24.4	bbox	172	104.0	104.0	105.0	157,817,28,16	707.5			
174	174	1.653	рюкзак-синий	11.2	24.7	снег-освещённый	0.722	63.5	-1.0	-3.0	3.2	bbox	173	23.0	22.0	23.0	35,257,36,24	703.2			
175	175	1.241	палка-ручка-пробка	8.9	15.1	порода-охристая	1.300	60.6	13.0	19.0	23.0	bbox	174	82.0	82.0	82.0	105,214,10,35	702.1			
176	176	1.283	рюкзак-синий	2.8	34.5	снег-в-тени	1.404	73.3	3.0	-16.0	16.3	bbox	175	103.0	103.0	103.0	895,289,26,15	701.9			
177	177	1.292	стакан-марка-красная	9.8	11.0	снег-в-тени	0.817	60.8	2.0	-3.0	3.6	bbox	176	120.0	120.0	120.0	1893,829,27,52	700.2			
178	178	0.029	рюкзак-синий	0.0	0.8	снег-в-тени	0.815	39.6	1.0	-14.0	14.0	bbox	177	214.0	214.0	214.0	1150,428,20,33	700.2			
179	179	1.822	палка-ручка-контроль	11.0	33.3	порода-охристая	0.868	24.3	7.0	15.0	16.6	bbox	178	81.0	81.0	82.0	926,1067,23,13	697.0			
180	180	0.803	рюкзак-синий	6.3	3.9	снег-в-тени	0.220	42.7	-1.0	-8.0	8.1	bbox	179	206.0	206.0	206.0	1006,1073,34,7	696.8			
181	181	1.308	рюкзак-синий	10.0	10.2	порода-в-тени	0.538	28.6	0.0	-4.0	4.0	bbox	180	164.0	164.0	166.0	601,577,23,15	691.6			
182	182	0.729	рюкзак-синий	5.8	0.6	снег-в-тени	0.596	39.4	4.0	-9.0	9.8	bbox	181	66.0	66.0	66.0	1659,925,23,34	688.7			
183	183	1.402	стакан-марка-красная	11.2	3.1	снег-в-тени	0.894	52.9	0.0	-1.0	1.0	bbox	182	247.0	247.0	247.0	789,929,20,28	688.4			
184	184	1.403	стакан-марка-красная	11.0	7.8	снег-розовый	0.765	57.6	0.0	1.0	1.0	bbox	183	97.0	97.0	98.0	855,756,14,25	680.5			
185	185	1.233	рюкзак-синий	9.1	13.7	порода-в-тени	0.584	25.1	0.0	-5.0	5.0	bbox	184	255.0	255.0	255.0	72,773,33,28	673.1			
186	186	1.569	рюкзак-синий	7.6	34.9	снег-в-тени	1.060	73.7	4.0	-7.0	8.1	bbox	185	111.0	111.0	111.0	743,153,52,8	668.7			
187	187	1.146	рюкзак-синий	9.1	4.9	снег-в-тени	0.474	43.7	2.0	-5.0	5.4	bbox	186	52.0	52.0	52.0	369,31,30,36	667.4			
188	188	1.539	стакан-марка-красная	12.0	9.0	порода-в-тени	0.749	40.8	-1.0	0.0	1.0	bbox	187	241.0	238.0	241.0	29,1003,22,10	667.3			
189	189	1.582	стакан-марка-красная	11.2	20.8	порода-в-тени	0.397	29.0	0.0	-1.0	1.0	bbox	188	120.0	120.0	120.0	639,260,13,26	666.7			
190	190	0.891	рюкзак-синий	7.1	3.2	снег-в-тени	0.243	42.0	0.0	-7.0	7.0	bbox	189	157.0	150.0	160.0	559,35,28,22	663.1			
191	191	1.521	стакан-марка-красная	12.2	1.2	снег-в-тени	0.884	48.6	-1.0	-1.0	1.4	bbox	190	233.0	233.0	233.0	1559,943,8,52	662.2			
192	192	1.282	стакан-марка-красная	10.2	3.9	снег-розовый	0.871	53.7	1.0	3.0	3.2	bbox	191	2.0	2.0	2.0	541,221,22,27	661.6			
193	193	1.407	стакан-марка-красная	11.2	4.5	снег-в-тени	0.905	54.3	0.0	-1.0	1.0	bbox	192	250.0	250.0	250.0	1761,595,26,21	659.2			
194	194	1.844	стакан-марка-красная	11.4	32.7	снег-освещённый	0.286	82.5	0.0	-2.0	2.0	bbox	193	177.0	176.0	179.0	233,497,18,18	659.1			
195	195	1.536	стакан-марка-красная	12.0	8.6	порода-в-тени	0.763	41.2	-1.0	0.0	1.0	bbox	194	67.0	67.0	67.0	81,515,16,30	658.0			
196	196	0.830	палка-ручка-пробка	5.0	15.3	лишайник-жёлтый-на-камне	0.811	60.4	8.0	19.0	20.6	bbox	195	81.0	81.0	82.0	1677,1071,25,9	655.6			
197	197	1.554	стакан-марка-красная	11.2	19.0	снег-освещённый	0.704	68.8	1.0	-4.0	4.1	bbox	196	223.0	222.0	223.0	1327,502,22,27	653.7			
198	198	0.579	рюкзак-синий	4.5	3.4	снег-в-тени	0.839	42.2	-3.5	-13.5	13.9	bbox	197	104.0	104.0	104.0	837,289,20,24	653.3			
199	199	0.927	рюкзак-синий	7.0	8.6	снег-в-тени	0.653	30.2	1.0	-7.0	7.1	bbox	198	203.0	203.0	203.0	441,171,14,17	645.9			
200	200	1.490	рюкзак-синий	3.2	40.2	снег-в-тени	1.584	79.0	0.0	-17.0	17.0	bbox	199	3.0	3.0	3.0	1589,75,20,24	641.8			
201	201	0.944	стакан-марка-красная	7.2	7.8	порода-охристая	0.986	57.6	7.0	7.0	9.9	bbox	200	0.0	0.0	0.0	1617,617,26,22	640.6			
202	202	1.676	стакан-марка-красная	11.2	25.9	порода-в-тени	0.280	23.9	0.0	-1.0	1.0	bbox	201	246.0	246.0	246.0	529,321,32,10	638.4			
203	203	2.039	стакан-марка-красная	12.2	38.0	снег-освещённый	0.281	87.8	-1.0	-1.0	1.4	bbox	202	99.0	99.0	99.0	1556,477,25,20	632.0			
204	204	0.395	рюкзак-синий	3.2	0.2	снег-в-тени	0.498	38.6	0.0	-11.0	11.0	bbox	203	202.0	202.0	202.0	1909,0,11,20	631.3			
205	205	1.892	стакан-марка-красная	11.2	35.7	снег-освещённый	0.584	85.5	1.0	-4.0	4.1	bbox	204	192.0	192.0	192.0	1898,1058,22,22	631.0			
206	206	1.257	рюкзак-синий	10.0	1.5	снег-в-тени	0.626	37.3	0.0	-4.0	4.0	bbox	205	1.0	1.0	2.0	367,589,18,20	628.7			
207	207	2.014	стакан-марка-красная	13.0	33.3	снег-пересвеченный	0.477	83.1	-1.0	-4.0	4.1	bbox	206	210.0	210.0	210.0	143,113,50,28	626.0			
208	208	1.527	стакан-марка-красная	10.0	24.3	порода-в-тени	0.435	25.5	1.0	0.0	1.0	bbox	207	223.0	223.0	224.0	1683,451,18,24	625.6			
209	209	0.329	палка-ручка-контроль	2.2	4.9	лишайник-жёлтый-на-камне	1.168	52.7	7.0	24.0	25.0	bbox	208	81.0	81.0	81.0	1177,1065,32,15	624.9			
210	210	1.456	рюкзак-синий	11.0	12.9	порода-в-тени	0.404	25.9	0.0	-3.0	3.0	bbox	209	240.0	240.0	240.0	486,1062,17,18	624.7			
211	211	1.464	рюкзак-синий	11.0	14.1	порода-в-тени	0.476	24.7	1.0	-3.0	3.2	bbox	210	151.0	147.0	151.0	1267,725,22,14	624.3			
212	212	1.387	стакан-марка-красная	10.3	14.5	снег-в-тени	0.813	64.3	2.0	-4.0	4.5	bbox	211	124.0	124.0	124.0	1273,31,28,10	622.7			
213	213	0.907	рюкзак-синий	4.2	20.6	снег-в-тени	0.750	59.4	4.0	-11.0	11.7	bbox	212	188.0	188.0	188.0	739,11,42,12	620.8			
214	214	0.625	рюкзак-синий	4.5	7.8	снег-в-тени	1.323	31.0	5.0	-16.0	16.8	bbox	213	103.0	103.0	103.0	1521,737,14,22	619.2			
215	215	1.190	рюкзак-синий	8.0	18.1	снег-в-тени	0.428	56.9	1.0	-6.0	6.1	bbox	214	175.0	175.0	175.0	224,25,17,22	616.7			
216	216	1.532	стакан-марка-красная	12.2	5.1	снег-розовый	0.902	54.9	-1.0	3.0	3.2	bbox	215	97.0	97.0	98.0	829,832,20,16	615.3			
217	217	1.627	рюкзак-синий	6.0	40.4	снег-пересвеченный	0.973	79.2	1.0	-8.0	8.1	bbox	216	35.0	35.0	35.0	650,35,23,32	614.6			
218	218	1.902	стакан-марка-красная	12.0	32.6	снег-освещённый	0.256	82.4	-1.0	2.0	2.2	bbox	217	0.0	0.0	0.0	0,917,25,10	613.8			
219	219	0.254	рюкзак-синий	2.0	1.2	снег-в-тени	0.586	40.0	1.0	-12.0	12.0	bbox	218	214.0	214.0	214.0	20,235,17,22	613.0			
220	220	1.506	стакан-марка-красная	10.0	23.5	порода-в-тени	0.497	26.3	1.0	1.0	1.4	bbox	219	222.0	222.0	222.0	1771,1041,10,39	612.1			
221	221	1.278	рюкзак-синий	7.1	25.9	порода-в-тени	0.834	12.9	0.0	-7.0	7.0	bbox	220	222.0	222.0	222.0	1089,1071,38,9	611.6			
222	222	0.978	рюкзак-синий	5.1	20.8	порода-в-тени	1.034	18.0	0.0	-9.0	9.0	bbox	221	231.0	231.0	232.0	1053,939,27,11	611.3			
223	223	0.761	рюкзак-синий	5.0	12.2	снег-в-тени	0.738	51.0	5.0	-11.0	12.1	bbox	222	68.0	68.0	68.0	1849,861,20,26	610.1			
224	224	0.567	рюкзак-синий	3.2	11.4	снег-в-тени	0.459	50.2	2.0	-11.0	11.2	bbox	223	210.0	210.0	210.0	1096,101,57,14	604.8			
225	225	0.879	рюкзак-синий	6.1	12.4	снег-в-тени	0.278	51.2	2.0	-8.0	8.2	bbox	224	239.0	239.0	239.0	35,621,14,28	600.5			
226	226	1.155	рюкзак-синий	7.1	20.8	снег-в-тени	0.506	59.6	2.0	-7.0	7.3	bbox	225	39.0	39.0	39.0	177,979,45,28	599.1			
227	227	1.072	рюкзак-синий	6.1	21.2	порода-в-тени	0.915	17.6	0.0	-8.0	8.0	bbox	226	192.0	192.0	192.0	575,189,12,22	591.7			
228	228	1.787	стакан-марка-красная	14.1	7.8	корка-жёлтая-на-скале	1.111	42.0	-2.0	6.5	6.8	bbox	227	47.0	46.0	47.0	1135,0,32,7	590.2			
229	229	1.397	стакан-марка-красная	11.0	5.9	снег-розовый	0.859	55.7	0.0	0.0	0.0	bbox	228	232.0	232.0	232.0	1631,1043,10,30	590.1			
230	230	1.704	стакан-марка-красная	13.2	12.6	снег-освещённый	0.682	62.4	-2.0	-1.0	2.2	bbox	229	216.0	216.0	216.0	1063,209,74,6	590.0			
231	231	1.365	стакан-марка-красная	8.6	23.5	снег-розовый	1.128	73.3	6.0	-6.0	8.5	bbox	230	0.0	0.0	0.0	1575,515,22,23	586.8			
232	232	1.403	стакан-марка-красная	11.2	3.5	снег-в-тени	0.897	53.3	0.0	-1.0	1.0	bbox	231	235.0	232.0	236.0	1619,891,12,24	585.8			
233	233	1.266	стакан-марка-красная	10.0	4.3	порода-в-тени	0.979	45.5	1.0	0.0	1.0	bbox	232	220.0	220.0	220.0	1701,971,16,18	581.2			
234	234	1.612	стакан-марка-красная	9.1	32.2	порода-в-тени	0.525	17.6	2.0	0.0	2.0	bbox	233	21.0	21.0	21.0	965,335,23,15	577.8			
235	235	0.377	рюкзак-синий	3.0	1.2	снег-в-тени	0.484	40.0	1.0	-11.0	11.0	bbox	234	219.0	219.0	223.0	437,387,36,28	577.5			
236	236	1.654	рюкзак-синий	12.0	19.2	порода-в-тени	0.281	19.6	0.0	-2.0	2.0	bbox	235	250.0	250.0	250.0	566,811,17,14	576.7			
237	237	0.238	рюкзак-синий	1.0	5.7	снег-в-тени	1.027	33.1	1.0	-15.0	15.0	bbox	236	214.0	214.0	214.0	1646,9,14,15	574.2			
238	238	0.903	рюкзак-синий	7.1	5.1	снег-в-тени	0.187	43.9	0.0	-7.0	7.0	bbox	237	155.0	151.0	161.0	345,117,20,18	572.5			
239	239	1.348	рюкзак-синий	8.2	24.3	снег-в-тени	0.709	63.1	3.0	-6.0	6.7	bbox	238	51.0	51.0	51.0	461,81,26,30	572.4			
240	240	0.429	рюкзак-синий	3.2	4.7	снег-в-тени	0.616	34.1	0.0	-11.0	11.0	bbox	239	2.0	2.0	2.0	951,467,20,20	570.2			
241	241	1.954	стакан-марка-красная	12.6	32.2	снег-освещённый	0.377	82.0	-1.0	-3.0	3.2	bbox	240	173.0	172.0	173.0	705,499,18,20	567.7			
242	242	0.913	рюкзак-синий	5.4	17.3	снег-в-тени	0.344	56.1	-1.0	-9.0	9.1	bbox	241	42.0	42.0	44.0	97,1065,31,15	567.5			
243	243	1.296	стакан-марка-красная	9.8	11.4	снег-в-тени	0.752	38.4	2.0	-3.0	3.6	bbox	242	76.0	76.0	76.0	837,55,16,26	564.5			
244	244	1.472	стакан-марка-красная	11.2	12.9	порода-в-тени	0.639	36.9	0.0	-1.0	1.0	bbox	243	249.0	249.0	249.0	1342,707,15,14	564.0			
245	245	1.461	стакан-марка-красная	11.0	13.3	снег-розовый	0.626	63.1	0.0	0.0	0.0	bbox	244	144.0	144.0	144.0	93,847,12,16	561.6			
246	246	0.942	рюкзак-синий	7.0	9.8	снег-в-тени	0.694	29.0	1.0	-7.0	7.1	bbox	245	154.0	154.0	155.0	1710,0,20,20	561.5			
247	247	1.083	рюкзак-синий	6.1	21.6	снег-в-тени	0.515	60.4	2.0	-8.0	8.2	bbox	246	239.0	238.0	240.0	201,815,24,18	558.8			
248	248	1.750	стакан-марка-красная	10.0	34.1	снег-освещённый	0.274	83.9	1.0	0.0	1.0	bbox	247	251.0	250.0	251.0	1623,645,10,20	557.0			
249	249	1.324	стакан-марка-красная	10.4	6.3	снег-в-тени	0.816	56.1	1.0	-2.0	2.2	bbox	248	252.0	251.0	252.0	1173,145,36,23	556.9			
250	250	1.542	стакан-марка-красная	10.2	24.3	порода-в-тени	0.417	25.5	1.0	-1.0	1.4	bbox	249	125.0	125.0	125.0	613,429,22,22	556.6			
251	251	2.057	стакан-марка-красная	10.8	43.5	снег-пересвеченный	0.633	93.3	1.0	-3.0	3.2	bbox	250	241.0	241.0	241.0	492,370,16,22	555.5			
252	252	0.692	стакан-марка-красная	4.1	12.9	порода-в-тени	1.276	36.9	7.0	0.0	7.0	bbox	251	201.0	198.0	201.0	1721,981,10,28	554.2			
253	253	1.216	рюкзак-синий	8.1	19.0	снег-в-тени	0.437	57.8	0.0	-6.0	6.0	bbox	252	150.0	149.0	151.0	158,209,31,20	553.8			
254	254	1.759	стакан-марка-красная	12.6	21.6	порода-в-тени	0.810	28.2	-1.0	5.0	5.1	bbox	253	88.0	86.0	88.0	964,1055,31,11	553.7			
255	255	1.617	стакан-марка-красная	10.2	27.8	порода-в-тени	0.379	22.0	1.0	-1.0	1.4	bbox	254	117.0	116.0	118.0	1480,27,15,16	553.4			
256	256	0.696	рюкзак-синий	5.1	7.8	снег-в-тени	1.146	31.0	6.0	-13.0	14.3	bbox	255	68.0	68.0	68.0	1758,869,27,12	552.0			
257	257	1.444	стакан-марка-красная	7.8	29.8	порода-в-тени	0.952	20.0	5.0	-4.0	6.4	bbox	256	164.0	164.0	164.0	24,521,11,24	551.6			
258	258	1.702	стакан-марка-красная	11.0	27.8	снег-освещённый	0.168	77.6	0.0	0.0	0.0	bbox	257	108.0	108.0	108.0	91,873,12,18	549.4			
259	259	1.256	рюкзак-синий	6.0	28.2	порода-в-тени	1.014	10.6	1.0	-8.0	8.1	bbox	258	218.0	218.0	218.0	1651,535,11,19	545.3			
260	260	1.452	стакан-марка-красная	11.2	11.0	снег-освещённый	0.736	60.8	0.0	-1.0	1.0	bbox	259	147.0	147.0	147.0	99,793,14,16	544.8			
261	261	1.798	стакан-марка-красная	14.3	4.9	корка-жёлтая-на-скале	1.060	54.7	-2.0	7.0	7.3	bbox	260	46.0	46.0	46.0	935,7,26,12	542.8			
262	262	1.148	рюкзак-синий	7.0	20.8	снег-в-тени	0.457	59.6	1.0	-7.0	7.1	bbox	261	154.0	153.0	161.0	165,217,28,12	542.7			
263	263	1.472	стакан-марка-красная	11.2	12.9	снег-освещённый	0.669	62.7	0.0	-1.0	1.0	bbox	262	124.0	124.0	124.0	353,185,28,14	540.1			
264	264	1.551	стакан-марка-красная	11.2	18.8	снег-освещённый	0.469	68.6	0.0	-1.0	1.0	bbox	263	121.0	121.0	121.0	1241,382,33,27	538.6			
265	265	0.939	рюкзак-синий	4.1	22.0	снег-в-тени	0.583	60.8	2.0	-10.0	10.2	bbox	264	144.0	144.0	144.0	13,17,32,12	537.9			
266	266	1.132	рюкзак-синий	8.0	14.9	порода-в-тени	0.740	23.9	1.0	-6.0	6.1	bbox	265	166.0	166.0	166.0	1737,163,20,10	536.5			
267	267	0.285	рюкзак-синий	2.2	1.5	снег-в-тени	0.820	37.3	3.0	-13.0	13.3	bbox	266	221.0	221.0	221.0	801,325,36,18	534.4			
268	268	1.593	стакан-марка-красная	9.5	29.8	порода-в-тени	0.516	20.0	2.0	-2.0	2.8	bbox	267	218.0	218.0	218.0	1911,1045,9,35	528.8			
269	269	0.594	рюкзак-синий	2.8	13.4	снег-в-тени	1.079	52.2	3.0	-16.0	16.3	bbox	268	205.0	205.0	209.0	9,383,12,26	528.3			
270	270	1.974	рюкзак-синий	7.1	49.4	снег-пересвеченный	0.905	88.2	2.0	-7.0	7.3	bbox	269	189.0	189.0	189.0	741,101,28,20	526.5			
271	271	1.399	стакан-марка-красная	11.2	2.0	снег-в-тени	0.886	51.8	0.0	-1.0	1.0	bbox	270	238.0	238.0	238.0	677,553,20,18	525.1			
272	272	1.525	стакан-марка-красная	12.2	3.3	снег-в-тени	0.904	53.1	-1.0	-1.0	1.4	bbox	271	190.0	190.0	190.0	1169,91,40,6	522.1			
273	273	1.977	рюкзак-синий	13.0	31.3	порода-в-тени	0.526	7.5	0.0	-1.0	1.0	bbox	272	53.0	53.0	53.0	1903,1048,17,27	521.3			
274	274	0.576	рюкзак-синий	4.5	3.9	снег-в-тени	0.486	42.7	3.0	-10.0	10.4	bbox	273	187.0	187.0	187.0	0,345,7,38	520.9			
275	275	0.395	стакан-марка-красная	3.2	0.0	снег-розовый	1.269	49.8	8.0	0.0	8.0	bbox	274	2.0	2.0	2.0	72,263,91,2	511.9			
276	276	1.243	стакан-марка-красная	9.8	4.7	снег-в-тени	0.680	45.1	2.0	-3.0	3.6	bbox	275	49.0	49.0	49.0	606,9,34,28	506.9			
277	277	1.295	рюкзак-синий	7.1	26.5	снег-в-тени	0.684	65.3	2.0	-7.0	7.3	bbox	276	166.0	166.0	166.0	1844,59,43,24	506.7			
278	278	1.039	рюкзак-синий	8.1	7.0	снег-в-тени	0.625	31.8	0.0	-6.0	6.0	bbox	277	156.0	156.0	156.0	1857,304,30,11	505.7			
279	279	1.398	рюкзак-синий	11.0	7.0	порода-в-тени	0.607	31.8	1.0	-3.0	3.2	bbox	278	48.0	48.0	53.0	515,203,38,38	505.1			
280	280	0.958	рюкзак-синий	6.1	16.3	снег-в-тени	1.265	55.1	7.0	-15.0	16.6	bbox	279	56.0	56.0	56.0	1059,21,46,8	503.8			
281	281	1.367	стакан-марка-красная	10.4	11.4	снег-в-тени	1.818	61.2	14.0	-9.0	16.6	bbox	280	102.0	102.0	106.0	369,41,56,5	500.2			
282	282	1.790	палка-ручка-пробка	14.3	0.2	лишайник-жёлтый-на-камне	1.022	75.9	-1.0	10.0	10.0	bbox	281	98.0	98.0	98.0	869,481,8,22	499.9			
283	283	1.480	рюкзак-синий	10.5	18.8	снег-в-тени	0.663	57.6	0.0	-3.5	3.5	bbox	282	178.0	178.0	179.0	493,379,34,18	496.8			
284	284	1.476	стакан-марка-красная	11.2	13.3	порода-в-тени	0.626	36.5	0.0	-1.0	1.0	bbox	283	39.0	39.0	39.0	129,555,32,21	493.2			
285	285	1.423	стакан-марка-красная	11.2	7.5	снег-розовый	0.855	57.3	0.0	-1.0	1.0	bbox	284	180.0	180.0	180.0	617,161,22,12	488.1			
286	286	1.511	стакан-марка-красная	11.2	16.1	снег-розовый	0.503	65.9	0.0	3.0	3.0	bbox	285	2.0	2.0	2.0	279,1015,18,50	486.7			
287	287	1.626	палка-древко-бирюзовое	8.1	35.7	снег-пересвеченный	1.792	88.2	-7.0	-17.0	18.4	bbox	286	106.0	106.0	106.0	143,711,25,20	486.4			
288	288	1.583	стакан-марка-красная	10.2	26.3	порода-в-тени	0.391	23.5	1.0	-1.0	1.4	bbox	287	176.0	176.0	176.0	161,655,24,28	484.6			
289	289	1.497	стакан-марка-красная	11.7	8.8	снег-в-тени	0.735	58.6	0.0	-3.0	3.0	bbox	288	30.0	30.0	30.0	475,229,28,24	483.7			
290	290	1.665	стакан-марка-красная	4.5	43.9	порода-охристая	1.612	5.9	15.0	3.0	15.3	bbox	289	164.0	164.0	164.0	57,965,16,13	482.7			
291	291	1.560	рюкзак-синий	10.0	25.9	снег-освещённый	0.772	64.7	0.0	-4.0	4.0	bbox	290	31.0	31.0	31.0	571,49,46,22	481.8			
292	292	0.853	рюкзак-синий	6.1	10.8	снег-в-тени	0.258	49.6	2.0	-8.0	8.2	bbox	291	166.0	166.0	166.0	1849,264,44,21	479.5			
293	293	0.685	рюкзак-синий	5.0	7.9	снег-в-тени	0.730	46.7	5.0	-11.0	12.1	bbox	292	68.0	68.0	68.0	1664,945,17,26	477.4			
294	294	1.310	стакан-марка-красная	9.8	12.5	снег-в-тени	0.771	37.3	2.0	-3.0	3.6	bbox	293	131.0	131.0	131.0	944,374,15,14	477.0			
295	295	1.643	стакан-марка-красная	10.6	27.1	порода-охристая	1.205	22.7	3.0	8.0	8.5	bbox	294	79.0	79.0	79.0	765,0,12,29	475.7			
296	296	1.053	рюкзак-синий	6.1	20.4	снег-в-тени	0.478	59.2	2.0	-8.0	8.2	bbox	295	185.0	185.0	185.0	1897,1057,20,16	473.7			
297	297	1.288	стакан-марка-красная	10.2	5.1	снег-в-тени	0.891	44.7	1.0	-1.0	1.4	bbox	296	177.0	176.0	177.0	1521,1051,16,18	470.8			
298	298	1.297	рюкзак-синий	6.1	29.4	снег-в-тени	0.771	68.2	2.0	-8.0	8.2	bbox	297	245.0	241.0	245.0	1091,44,40,7	467.3			
299	299	1.132	рюкзак-синий	9.1	0.8	снег-в-тени	0.476	39.6	0.0	-5.0	5.0	bbox	298	259.0	258.0	259.0	1389,667,21,20	465.6			
300	300	1.765	стакан-марка-красная	11.2	30.2	снег-освещённый	0.560	80.0	1.0	-4.0	4.1	bbox	299	166.0	166.0	166.0	1346,888,14,21	459.3			
301	301	2.122	стакан-марка-красная	11.2	44.7	снег-освещённый	0.521	94.5	0.0	-1.0	1.0	bbox	300	49.0	49.0	51.0	579,153,38,38	458.7			
302	302	1.415	стакан-марка-красная	10.4	15.3	порода-в-тени	0.640	34.5	1.0	-2.0	2.2	bbox	301	238.0	238.0	238.0	411,999,14,32	455.8			
303	303	1.372	рюкзак-синий	6.3	31.4	снег-в-тени	0.883	70.2	3.0	-8.0	8.5	bbox	302	250.0	250.0	252.0	663,51,80,12	455.7			
304	304	1.463	стакан-марка-красная	11.2	12.2	снег-освещённый	0.696	62.0	0.0	-1.0	1.0	bbox	303	143.0	143.0	143.0	169,819,12,14	454.8			
305	305	0.972	стакан-марка-красная	3.0	25.1	порода-в-тени	1.284	24.7	8.0	1.0	8.1	bbox	304	2.0	2.0	2.0	657,299,18,31	454.1			
306	306	1.513	стакан-марка-красная	11.0	17.7	снег-розовый	0.458	67.5	0.0	1.0	1.0	bbox	305	124.0	124.0	125.0	83,221,20,10	454.1			
307	307	0.308	рюкзак-синий	1.0	7.9	снег-в-тени	0.885	46.7	1.0	-15.0	15.0	bbox	306	1.0	1.0	1.0	257,6,18,20	453.7			
308	308	1.476	стакан-марка-красная	11.2	13.3	снег-освещённый	0.655	63.1	0.0	-1.0	1.0	bbox	307	252.0	251.0	252.0	1289,0,36,11	453.6			
309	309	0.719	стакан-марка-красная	5.4	7.1	снег-розовый	0.902	56.9	6.0	3.0	6.7	bbox	308	78.0	78.0	78.0	1161,31,32,15	452.0			
310	310	1.452	стакан-марка-красная	11.0	12.5	порода-в-тени	0.752	37.3	0.0	2.0	2.0	bbox	309	91.0	85.0	91.0	1345,1032,27,9	450.6			
311	311	1.181	стакан-марка-красная	9.2	7.3	снег-в-тени	0.929	42.5	2.0	-1.0	2.2	bbox	310	132.0	131.0	132.0	1541,425,15,18	447.3			
312	312	1.578	стакан-марка-красная	12.2	11.8	снег-освещённый	0.698	61.6	-1.0	-1.0	1.4	bbox	311	31.0	31.0	31.0	163,273,37,14	447.0			
313	313	1.780	стакан-марка-красная	14.1	5.9	снег-освещённый	0.939	55.7	-3.0	-1.0	3.2	bbox	312	90.0	82.0	91.0	1257,1067,29,13	446.4			
314	314	2.251	стакан-марка-красная	11.2	49.4	снег-пересвеченный	0.638	99.2	0.0	-1.0	1.0	bbox	313	221.0	221.0	221.0	918,896,27,15	445.8			
315	315	1.428	стакан-марка-красная	11.4	2.6	снег-в-тени	0.767	52.4	0.0	-2.0	2.0	bbox	314	31.0	31.0	31.0	387,129,28,20	444.7			
316	316	1.408	стакан-марка-красная	10.8	11.0	корка-жёлтая-на-скале	1.079	38.8	2.0	7.0	7.3	bbox	315	60.0	60.0	60.0	1843,849,17,12	442.7			
317	317	0.809	рюкзак-синий	6.0	8.5	снег-в-тени	0.127	47.3	1.0	-8.0	8.1	bbox	316	239.0	239.0	240.0	9,9,16,24	440.5			
318	318	1.546	стакан-марка-красная	12.4	0.4	снег-в-тени	0.763	49.4	-1.0	-2.0	2.2	bbox	317	179.0	178.0	179.0	1013,297,24,14	440.1			
319	319	1.102	рюкзак-синий	8.0	13.0	снег-в-тени	0.313	51.8	1.0	-6.0	6.1	bbox	318	184.0	184.0	184.0	1681,1033,17,12	439.4			
320	320	1.974	стакан-марка-красная	13.0	31.4	снег-розовый	0.638	81.2	-1.0	6.0	6.1	bbox	319	78.0	78.0	78.0	1767,155,14,23	437.1			
321	321	1.509	рюкзак-синий	4.5	39.2	снег-пересвеченный	1.052	78.0	-1.0	-10.0	10.0	bbox	320	210.0	207.0	210.0	45,121,12,16	431.6			
322	322	0.520	рюкзак-синий	4.1	1.9	снег-в-тени	0.464	36.9	0.0	-10.0	10.0	bbox	321	142.0	142.0	142.0	318,7,13,16	430.2			
323	323	1.512	стакан-марка-красная	11.0	17.3	порода-в-тени	0.516	32.5	0.0	0.0	0.0	bbox	322	177.0	177.0	177.0	521,217,26,9	427.5			
324	324	1.522	стакан-марка-красная	11.2	16.9	порода-в-тени	0.513	32.9	0.0	-1.0	1.0	bbox	323	124.0	124.0	127.0	89,0,24,5	426.1			
325	325	0.729	рюкзак-синий	5.8	0.2	снег-в-тени	0.900	38.6	6.0	-11.0	12.5	bbox	324	66.0	66.0	66.0	1894,665,17,20	424.4			
326	326	1.639	стакан-марка-красная	11.0	24.7	снег-освещённый	0.257	74.5	0.0	0.0	0.0	bbox	325	122.0	121.0	122.0	1893,817,20,12	424.2			
327	327	1.219	рюкзак-синий	7.3	22.7	порода-в-тени	0.776	16.1	-1.0	-7.0	7.1	bbox	326	220.0	220.0	220.0	1646,462,6,42	423.8			
328	328	0.959	рюкзак-синий	4.2	22.4	снег-в-тени	0.787	61.2	4.0	-11.0	11.7	bbox	327	137.0	137.0	137.0	1913,769,7,20	423.1			
329	329	1.432	стакан-марка-красная	11.0	10.6	снег-розовый	0.709	60.4	0.0	0.0	0.0	bbox	328	247.0	247.0	247.0	161,781,24,6	422.4			
330	330	1.910	стакан-марка-красная	15.2	4.3	порода-охристая	1.062	54.1	17.0	15.0	22.7	bbox	329	3.0	3.0	3.0	1431,436,14,23	419.8			
331	331	1.251	рюкзак-синий	2.2	34.1	снег-в-тени	1.367	72.9	2.0	-16.0	16.1	bbox	330	3.0	3.0	8.0	1146,93,11,11	415.5			
332	332	1.649	стакан-марка-красная	12.4	16.1	снег-освещённый	0.589	65.9	-1.0	-2.0	2.2	bbox	331	30.0	29.0	30.0	301,341,34,14	412.0			
333	333	1.685	рюкзак-синий	11.0	27.0	порода-в-тени	0.469	11.8	0.0	-3.0	3.0	bbox	332	189.0	189.0	189.0	961,674,12,23	409.8			
334	334	1.400	рюкзак-синий	6.7	31.4	снег-в-тени	0.943	70.2	4.0	-8.0	8.9	bbox	333	137.0	137.0	137.0	1857,849,14,18	409.5			
335	335	1.398	стакан-марка-красная	11.2	0.4	снег-в-тени	0.879	50.2	0.0	-1.0	1.0	bbox	334	238.0	238.0	238.0	439,921,16,14	408.9			
336	336	1.820	стакан-марка-красная	12.4	26.9	снег-освещённый	0.290	76.7	-1.0	-2.0	2.2	bbox	335	176.0	176.0	178.0	403,356,12,13	408.1			
337	337	1.525	стакан-марка-красная	11.2	17.1	порода-в-тени	0.507	32.7	0.0	-1.0	1.0	bbox	336	124.0	124.0	124.0	0,13,17,12	407.8			
338	338	1.533	рюкзак-синий	12.2	5.5	снег-в-тени	0.770	44.3	-1.0	-2.0	2.2	bbox	337	179.0	179.0	179.0	283,773,16,14	407.7			
339	339	1.434	стакан-марка-красная	11.2	9.0	снег-освещённый	0.805	58.8	0.0	-1.0	1.0	bbox	338	250.0	250.0	251.0	1437,477,32,20	407.5			
340	340	1.054	рюкзак-синий	8.1	8.6	снег-в-тени	0.721	30.2	2.0	-6.0	6.3	bbox	339	143.0	141.0	144.0	736,66,13,13	407.2			
341	341	1.782	стакан-марка-красная	14.1	6.3	порода-в-тени	0.974	43.5	-3.0	3.0	4.2	bbox	340	99.0	99.0	99.0	1906,1065,14,15	404.1			
342	342	1.506	рюкзак-синий	2.0	41.6	снег-в-тени	1.435	80.4	3.0	-14.0	14.3	bbox	341	103.0	103.0	103.0	789,37,3,64	404.1			
343	343	1.683	стакан-марка-красная	12.4	18.6	снег-освещённый	0.508	68.4	-1.0	-2.0	2.2	bbox	342	31.0	31.0	31.0	225,237,31,18	403.5			
344	344	0.609	рюкзак-синий	3.2	13.0	снег-в-тени	0.472	51.8	2.0	-11.0	11.2	bbox	343	218.0	218.0	218.0	1241,40,36,11	403.2			
345	345	1.031	рюкзак-синий	5.0	23.0	снег-в-тени	0.749	61.8	4.0	-10.0	10.8	bbox	344	250.0	250.0	250.0	619,57,27,8	403.2			
346	346	1.939	рюкзак-синий	5.0	51.4	снег-пересвеченный	0.976	90.2	1.0	-9.0	9.1	bbox	345	4.0	4.0	4.0	11,509,19,30	401.3			
347	347	1.787	стакан-марка-красная	11.0	31.8	снег-освещённый	0.128	81.6	0.0	0.0	0.0	bbox	346	108.0	107.0	108.0	1691,715,10,14	400.2			
348	348	1.412	рюкзак-синий	3.6	37.5	снег-в-тени	1.091	76.3	-1.0	-11.0	11.0	bbox	347	5.0	4.0	9.0	121,827,12,16	397.5			
349	349	1.155	стакан-марка-красная	9.2	2.3	снег-в-тени	0.910	47.5	2.0	-1.0	2.2	bbox	348	132.0	132.0	132.0	1457,349,14,16	397.5			
350	350	0.686	рюкзак-синий	5.4	3.7	снег-в-тени	1.009	35.1	6.0	-12.0	13.4	bbox	349	54.0	50.0	54.0	439,15,36,8	394.1			
351	351	0.454	рюкзак-синий	3.2	6.3	снег-в-тени	0.866	32.5	-2.0	-13.0	13.2	bbox	350	104.0	104.0	106.0	673,539,18,10	393.6			
352	352	1.241	рюкзак-синий	5.1	29.8	снег-в-тени	0.754	68.6	0.0	-9.0	9.0	bbox	351	211.0	211.0	211.0	13,759,15,10	393.1			
353	353	1.403	стакан-марка-красная	11.0	7.8	порода-в-тени	0.847	42.0	0.0	1.0	1.0	bbox	352	1.0	1.0	1.0	364,784,28,15	391.4			
354	354	1.092	рюкзак-синий	6.1	21.9	порода-в-тени	0.919	16.9	0.0	-8.0	8.0	bbox	353	207.0	207.0	207.0	1504,982,11,18	391.1			
355	355	1.854	стакан-марка-красная	11.2	34.1	снег-розовый	0.563	83.9	1.0	6.0	6.1	bbox	354	221.0	221.0	221.0	1693,471,10,33	391.0			
356	356	1.628	стакан-марка-красная	12.0	17.6	порода-в-тени	0.477	32.2	-1.0	0.5	1.1	bbox	355	93.0	82.0	95.0	1873,977,28,11	389.0			
357	357	1.014	рюкзак-синий	8.0	4.7	снег-в-тени	0.563	34.1	1.0	-6.0	6.1	bbox	356	141.0	141.0	144.0	471,79,14,16	388.8			
358	358	1.381	рюкзак-синий	11.0	1.0	снег-в-тени	0.687	39.8	0.0	-3.0	3.0	bbox	357	14.0	14.0	17.0	1519,125,26,12	386.4			
359	359	1.280	рюкзак-синий	7.1	25.9	снег-в-тени	0.665	64.7	2.0	-7.0	7.3	bbox	358	190.0	190.0	190.0	1157,397,40,22	385.2			
360	360	1.434	стакан-марка-красная	11.0	11.4	снег-розовый	0.650	61.2	0.0	1.0	1.0	bbox	359	4.0	4.0	4.0	367,79,30,18	384.1			
361	361	1.673	рюкзак-синий	8.2	36.9	снег-пересвеченный	0.752	75.7	-1.0	-6.0	6.1	bbox	360	232.0	232.0	232.0	27,19,17,18	383.7			
362	362	1.400	стакан-марка-красная	10.8	10.8	снег-розовый	0.725	60.6	1.0	5.0	5.1	bbox	361	209.0	205.0	209.0	1831,721,4,34	382.6			
363	363	1.535	стакан-марка-красная	10.7	21.2	снег-освещённый	0.417	71.0	0.5	-1.0	1.1	bbox	362	248.0	248.0	248.0	963,3,18,14	380.5			
364	364	1.737	рюкзак-синий	9.1	36.9	снег-освещённый	0.663	75.7	0.0	-5.0	5.0	bbox	363	31.0	31.0	31.0	347,178,16,11	380.1			
365	365	0.674	рюкзак-синий	5.4	0.6	снег-в-тени	1.285	39.4	6.0	-16.0	17.1	bbox	364	51.0	51.0	51.0	1421,31,26,6	379.9			
366	366	2.101	стакан-марка-красная	16.0	17.7	снег-освещённый	0.735	67.5	-5.0	2.0	5.4	bbox	365	88.0	88.0	88.0	1886,846,34,11	379.4			
367	367	1.610	рюкзак-синий	11.2	22.4	снег-освещённый	0.795	61.2	-1.0	-3.0	3.2	bbox	366	30.0	29.0	30.0	195,407,24,32	377.8			
368	368	1.258	рюкзак-синий	6.1	28.1	снег-в-тени	0.725	66.9	2.0	-8.0	8.2	bbox	367	41.0	41.0	41.0	1193,437,18,16	376.9			
369	369	1.583	стакан-марка-красная	11.2	20.8	снег-освещённый	0.405	70.6	0.0	-1.0	1.0	bbox	368	66.0	66.0	66.0	139,53,26,28	376.7			
370	370	1.607	стакан-марка-красная	12.2	14.5	порода-в-тени	0.546	35.3	-1.0	-1.0	1.4	bbox	369	179.0	178.0	179.0	951,311,18,10	375.1			
371	371	1.914	стакан-марка-красная	10.4	39.2	снег-освещённый	0.460	89.0	1.0	-2.0	2.2	bbox	370	47.0	47.0	47.0	939,153,18,14	374.5			
372	372	1.536	рюкзак-синий	11.0	19.2	порода-в-тени	0.452	19.6	1.0	-3.0	3.2	bbox	371	248.0	248.0	248.0	632,711,6,21	374.2			
373	373	1.490	стакан-марка-красная	11.0	15.7	порода-в-тени	0.564	34.1	0.0	0.0	0.0	bbox	372	86.0	86.0	88.0	868,942,37,11	374.0			
374	374	1.498	рюкзак-синий	2.2	41.2	снег-в-тени	1.279	80.0	2.0	-12.0	12.2	bbox	373	216.0	216.0	217.0	1267,327,36,13	372.0			
375	375	1.763	стакан-марка-красная	13.0	18.8	снег-розовый	0.853	68.6	0.0	8.0	8.0	bbox	374	3.0	3.0	3.0	571,950,8,43	369.5			
376	376	0.838	рюкзак-синий	6.3	7.8	снег-в-тени	0.614	31.0	-1.0	-8.0	8.1	bbox	375	193.0	193.0	193.0	494,353,15,12	369.0			
377	377	0.889	рюкзак-синий	7.0	4.3	снег-в-тени	0.243	43.1	1.0	-7.0	7.1	bbox	376	183.0	177.0	183.0	1819,659,14,10	368.6			
378	378	0.976	рюкзак-синий	3.2	24.9	снег-в-тени	0.728	63.7	-1.0	-11.5	11.5	bbox	377	234.0	234.0	234.0	1505,925,3,36	366.9			
379	379	1.589	рюкзак-синий	11.2	21.2	снег-в-тени	0.772	60.0	-1.0	-3.0	3.2	bbox	378	216.0	216.0	216.0	1105,289,36,4	365.3			
380	380	1.333	рюкзак-синий	5.0	33.0	снег-в-тени	1.124	71.8	5.0	-11.0	12.1	bbox	379	51.0	51.0	51.0	503,25,17,22	364.7			
381	381	1.916	палка-древко-контроль	13.3	26.4	снег-освещённый	0.721	68.0	-5.0	-2.0	5.4	bbox	380	94.0	85.0	94.0	1723,1073,32,7	364.2			
382	382	1.522	стакан-марка-красная	12.0	6.3	снег-освещённый	0.883	56.1	-1.0	0.0	1.0	bbox	381	236.0	233.0	237.0	1643,1053,8,24	362.0			
383	383	1.524	стакан-марка-красная	12.2	2.9	порода-в-тени	1.076	46.9	-1.0	3.0	3.2	bbox	382	47.0	47.0	47.0	747,410,20,23	360.5			
384	384	1.646	стакан-марка-красная	13.2	2.4	снег-в-тени	0.923	52.2	-2.0	-1.0	2.2	bbox	383	67.0	67.0	67.0	137,405,8,22	360.5			
385	385	1.181	рюкзак-синий	9.1	9.4	порода-в-тени	0.645	29.4	0.0	-5.0	5.0	bbox	384	155.0	155.0	155.0	1592,365,26,10	359.1			
386	386	1.479	стакан-марка-красная	11.2	13.5	порода-в-тени	0.620	36.3	0.0	-1.0	1.0	bbox	385	180.0	180.0	180.0	497,793,10,24	358.4			
387	387	1.678	стакан-марка-красная	13.0	11.8	снег-освещённый	0.709	61.6	-2.0	1.0	2.2	bbox	386	176.0	176.0	177.0	437,39,18,10	357.2			
388	388	0.367	рюкзак-синий	2.2	6.6	снег-в-тени	0.918	32.2	3.0	-13.0	13.3	bbox	387	4.0	3.0	4.0	1738,18,15,15	355.8			
389	389	0.399	рюкзак-синий	3.2	1.6	снег-в-тени	0.523	40.4	2.0	-11.0	11.2	bbox	388	220.0	220.0	228.0	587,455,22,18	355.5			
390	390	1.494	рюкзак-синий	7.2	33.4	снег-пересвеченный	0.917	72.2	-3.0	-8.0	8.5	bbox	389	0.0	0.0	0.0	1463,495,18,30	353.9			
391	391	1.404	стакан-марка-красная	11.2	3.7	снег-в-тени	0.877	46.1	0.0	-1.0	1.0	bbox	390	131.0	131.0	131.0	753,0,12,11	353.9			
392	392	1.042	стакан-марка-красная	8.2	4.3	снег-в-тени	0.956	45.5	3.0	-1.0	3.2	bbox	391	199.0	199.0	199.0	1881,835,14,22	353.5			
393	393	1.534	стакан-марка-красная	12.2	5.7	снег-розовый	0.883	55.5	-1.0	3.0	3.2	bbox	392	43.0	43.0	44.0	905,0,22,8	352.5			
394	394	1.406	рюкзак-синий	11.0	7.5	снег-в-тени	0.627	46.3	0.0	-3.0	3.0	bbox	393	128.0	128.0	128.0	769,1018,8,15	352.5			
395	395	1.381	стакан-марка-красная	11.0	0.8	снег-в-тени	1.001	49.0	0.0	0.0	0.0	bbox	394	248.0	248.0	248.0	193,601,16,8	351.9			
396	396	1.421	стакан-марка-красная	11.0	9.4	снег-розовый	0.746	59.2	0.0	0.0	0.0	bbox	395	236.0	236.0	237.0	1641,753,8,18	350.8			
397	397	2.304	стакан-марка-красная	12.4	47.8	снег-пересвеченный	0.469	97.6	-1.0	-2.0	2.2	bbox	396	43.0	43.0	43.0	327,275,14,13	350.4			
398	398	1.010	рюкзак-синий	5.1	21.9	порода-в-тени	1.038	16.9	0.0	-9.0	9.0	bbox	397	230.0	226.0	230.0	1010,557,17,13	349.1			
399	399	1.224	стакан-марка-красная	9.4	9.2	снег-в-тени	0.676	40.6	3.0	-4.0	5.0	bbox	398	120.0	120.0	120.0	985,500,24,15	349.0			
400	400	1.616	стакан-марка-красная	11.0	23.5	порода-в-тени	0.349	26.3	0.0	0.0	0.0	bbox	399	172.0	172.0	173.0	235,559,14,16	348.5			
401	401	1.824	стакан-марка-красная	12.1	28.6	снег-освещённый	0.522	78.4	0.0	-4.0	4.0	bbox	400	179.0	178.0	179.0	1307,791,14,24	348.4			
402	402	1.422	стакан-марка-красная	10.2	17.7	снег-розовый	0.536	67.5	1.0	-1.0	1.4	bbox	401	112.0	112.0	113.0	1679,935,16,14	348.2			
403	403	1.184	рюкзак-синий	8.2	16.3	снег-в-тени	0.521	55.1	3.0	-6.0	6.7	bbox	402	41.0	41.0	45.0	1269,531,37,14	346.8			
404	404	1.645	стакан-марка-красная	11.2	24.3	снег-освещённый	0.297	74.1	0.0	-1.0	1.0	bbox	403	126.0	126.0	127.0	857,954,16,23	346.7			
405	405	1.881	стакан-марка-красная	12.1	31.4	снег-освещённый	0.516	81.2	0.0	-4.0	4.0	bbox	404	140.0	140.0	140.0	1692,994,10,20	346.7			
406	406	1.250	рюкзак-синий	5.7	28.8	снег-в-тени	0.978	67.6	5.0	-10.0	11.2	bbox	405	55.0	55.0	55.0	1111,131,24,10	346.3			
407	407	1.771	стакан-марка-красная	11.4	29.4	снег-розовый	0.752	79.2	2.0	8.0	8.2	bbox	406	3.0	2.0	3.0	403,223,8,42	345.9			
408	408	1.545	стакан-марка-красная	11.2	18.4	снег-освещённый	0.482	68.2	0.0	-1.0	1.0	bbox	407	142.0	142.0	142.0	1693,689,10,16	345.8			
409	409	0.766	рюкзак-синий	5.7	8.2	снег-в-тени	0.912	30.6	5.0	-10.0	11.2	bbox	408	68.0	68.0	68.0	1605,801,24,10	344.9			
410	410	0.870	рюкзак-синий	6.3	10.2	снег-в-тени	1.495	28.6	7.0	-16.0	17.5	bbox	409	68.0	65.0	68.0	1881,1009,6,22	344.0			
411	411	1.231	стакан-марка-красная	9.8	0.6	порода-охристая	0.644	49.2	15.0	10.0	18.0	bbox	410	2.0	1.0	5.0	866,477,15,12	343.7			
412	412	1.421	рюкзак-синий	1.0	39.6	снег-в-тени	1.406	78.4	1.0	-15.0	15.0	bbox	411	3.0	3.0	3.0	1087,0,7,25	342.9			
413	413	1.387	стакан-марка-красная	10.0	16.5	снег-розовый	0.492	66.3	1.0	0.0	1.0	bbox	412	149.0	149.0	149.0	149,825,12,14	342.2			
414	414	1.592	рюкзак-синий	5.0	41.0	снег-в-тени	1.272	79.8	4.0	-10.0	10.8	bbox	413	50.0	50.0	50.0	503,106,18,23	341.6			
415	415	1.404	стакан-марка-красная	10.2	16.5	снег-розовый	0.566	66.3	1.0	-1.0	1.4	bbox	414	143.0	143.0	143.0	1737,665,12,18	339.2			
416	416	1.406	рюкзак-синий	7.2	30.2	снег-в-тени	0.846	69.0	-3.0	-8.0	8.5	bbox	415	103.0	102.0	103.0	1093,1025,12,16	339.1			
417	417	1.551	стакан-марка-красная	12.4	3.3	снег-в-тени	0.784	53.1	-1.0	-2.0	2.2	bbox	416	178.0	178.0	178.0	415,331,18,12	338.9			
418	418	1.866	рюкзак-синий	13.0	25.5	порода-в-тени	0.355	13.3	0.0	-1.0	1.0	bbox	417	53.0	53.0	53.0	1825,305,12,16	338.0			
419	419	1.793	стакан-марка-красная	10.2	35.3	снег-освещённый	0.319	85.1	1.0	-1.0	1.4	bbox	418	109.0	109.0	109.0	1613,699,8,20	337.1			
420	420	1.347	стакан-марка-красная	10.8	1.6	снег-в-тени	0.650	51.4	1.0	-3.0	3.2	bbox	419	146.0	146.0	146.0	1559,1048,15,9	336.0			
421	421	1.533	стакан-марка-красная	11.2	17.7	снег-освещённый	0.508	67.5	0.0	-1.0	1.0	bbox	420	49.0	48.0	49.0	980,41,17,15	335.5			
422	422	1.574	рюкзак-синий	11.0	21.2	порода-в-тени	0.367	17.6	0.0	-3.0	3.0	bbox	421	245.0	245.0	245.0	1356,845,13,16	333.7			
423	423	1.338	стакан-марка-красная	10.2	11.4	порода-в-тени	0.745	38.4	1.0	-1.0	1.4	bbox	422	260.0	258.0	260.0	1513,577,12,22	333.6			
424	424	1.399	стакан-марка-красная	11.0	7.3	порода-в-тени	0.866	42.5	0.0	1.0	1.0	bbox	423	91.0	85.0	91.0	1193,1063,16,13	332.8			
425	425	1.423	стакан-марка-красная	11.2	7.5	снег-розовый	0.855	57.3	0.0	-1.0	1.0	bbox	424	221.0	221.0	221.0	1621,861,10,36	332.8			
426	426	1.227	рюкзак-синий	9.0	13.7	порода-в-тени	0.647	25.1	1.0	-5.0	5.1	bbox	425	165.0	165.0	165.0	1089,500,12,9	331.5			
427	427	1.690	рюкзак-синий	5.7	43.0	снег-в-тени	1.387	81.8	5.0	-10.0	11.2	bbox	426	4.0	4.0	8.0	541,75,30,10	331.2			
428	428	0.959	рюкзак-синий	5.0	20.4	снег-в-тени	1.064	18.4	1.0	-9.0	9.1	bbox	427	208.0	208.0	212.0	1531,885,18,8	328.6			
429	429	1.216	рюкзак-синий	3.0	32.4	снег-в-тени	1.229	71.2	4.0	-14.0	14.6	bbox	428	218.0	218.0	218.0	1088,37,35,8	328.3			
430	430	1.135	рюкзак-синий	0.0	31.8	снег-в-тени	1.114	70.6	1.0	-14.0	14.0	bbox	429	217.0	217.0	217.0	1681,677,9,16	328.0			
431	431	0.501	рюкзак-синий	3.2	8.6	снег-в-тени	0.732	30.2	0.0	-11.0	11.0	bbox	430	193.0	193.0	193.0	1478,985,16,22	326.8			
432	432	1.711	рюкзак-синий	13.2	13.3	порода-в-тени	0.221	25.5	-1.0	-1.0	1.4	bbox	431	246.0	246.0	246.0	867,67,14,6	326.8			
433	433	1.691	стакан-марка-красная	11.2	26.7	снег-розовый	0.517	76.5	1.0	6.0	6.1	bbox	432	210.0	210.0	210.0	1827,209,6,26	325.5			
434	434	1.426	стакан-марка-красная	11.0	10.0	снег-розовый	0.727	59.8	0.0	0.0	0.0	bbox	433	112.0	112.0	113.0	1617,971,14,12	325.4			
435	435	1.149	рюкзак-синий	7.3	19.6	снег-в-тени	0.548	58.4	3.0	-7.0	7.6	bbox	434	125.0	125.0	127.0	1493,277,38,6	325.0			
436	436	1.399	стакан-марка-красная	11.2	2.0	снег-в-тени	0.886	51.8	0.0	-1.0	1.0	bbox	435	250.0	250.0	251.0	1543,529,26,6	324.6			
437	437	1.682	стакан-марка-красная	10.8	28.2	снег-освещённый	0.461	78.0	1.0	-3.0	3.2	bbox	436	115.0	115.0	115.0	54,510,13,19	324.2			
438	438	1.660	стакан-марка-красная	13.2	6.5	порода-в-тени	0.819	43.3	-2.0	-1.0	2.2	bbox	437	156.0	156.0	156.0	845,49,36,6	323.5			
439	439	1.455	стакан-марка-красная	10.2	19.6	снег-розовый	0.342	69.4	1.0	3.0	3.2	bbox	438	2.0	2.0	2.0	850,656,23,15	323.3			
440	440	1.245	рюкзак-синий	8.0	20.8	порода-в-тени	0.734	18.0	1.0	-6.0	6.1	bbox	439	242.0	242.0	242.0	1083,900,13,12	323.3			
441	441	0.965	рюкзак-синий	7.0	11.4	снег-в-тени	0.196	50.2	1.0	-7.0	7.1	bbox	440	185.0	185.0	185.0	1000,1050,17,14	323.0			
442	442	1.583	стакан-марка-красная	9.1	31.0	порода-в-тени	0.518	18.8	2.0	0.0	2.0	bbox	441	22.0	20.0	22.0	981,397,22,10	322.8			
443	443	1.391	стакан-марка-красная	9.9	18.0	снег-розовый	0.613	67.8	2.5	6.0	6.5	bbox	442	2.0	2.0	2.0	96,466,11,34	321.8			
444	444	1.784	стакан-марка-красная	12.0	27.1	порода-в-тени	0.292	22.7	-1.0	1.0	1.4	bbox	443	19.0	19.0	19.0	272,294,17,7	321.8			
445	445	1.405	стакан-марка-красная	11.2	3.9	снег-в-тени	0.900	53.7	0.0	-1.0	1.0	bbox	444	39.0	39.0	39.0	218,611,25,12	321.6			
446	446	0.985	стакан-марка-красная	7.6	7.1	порода-охристая	0.553	42.7	8.0	8.0	11.3	bbox	445	0.0	0.0	0.0	1657,845,16,18	321.3			
447	447	1.063	рюкзак-синий	8.1	9.4	снег-в-тени	0.354	48.2	2.0	-6.0	6.3	bbox	446	252.0	252.0	252.0	1689,157,28,10	321.3			
448	448	1.371	стакан-марка-красная	10.8	7.3	снег-в-тени	0.718	57.1	1.0	-3.0	3.2	bbox	447	180.0	180.0	180.0	1593,1025,18,16	320.7			
449	449	1.436	стакан-марка-красная	11.2	9.2	снег-освещённый	0.798	59.0	0.0	-1.0	1.0	bbox	448	43.0	43.0	43.0	17,549,14,18	320.5			
450	450	1.554	рюкзак-синий	12.4	4.3	порода-в-тени	0.519	34.5	-2.0	-2.0	2.8	bbox	449	3.0	3.0	5.0	1876,235,44,5	320.3			
451	451	1.284	стакан-марка-красная	10.0	8.2	порода-в-тени	0.880	41.6	1.0	1.0	1.4	bbox	450	110.0	110.0	110.0	508,995,12,10	320.2			
452	452	0.684	рюкзак-синий	3.0	15.9	снег-в-тени	0.885	54.7	4.0	-13.5	14.1	bbox	451	217.0	217.0	218.0	1289,153,24,10	319.5			
453	453	1.534	рюкзак-синий	5.0	39.2	снег-пересвеченный	1.074	78.0	1.0	-9.0	9.1	bbox	452	205.0	205.0	207.0	257,381,19,8	317.0			
454	454	1.452	стакан-марка-красная	11.2	11.0	снег-освещённый	0.736	60.8	0.0	-1.0	1.0	bbox	453	141.0	141.0	141.0	121,765,12,12	316.2			
455	455	0.721	рюкзак-синий	3.0	17.2	снег-в-тени	1.017	21.6	1.0	-11.0	11.0	bbox	454	228.0	228.0	228.0	321,600,21,13	316.0			
456	456	1.545	стакан-марка-красная	4.1	40.8	снег-розовый	0.817	90.6	7.0	0.0	7.0	bbox	455	3.0	3.0	3.0	335,525,19,11	315.7			
457	457	1.401	стакан-марка-красная	10.3	15.5	снег-освещённый	0.835	65.3	2.0	-4.0	4.5	bbox	456	250.0	250.0	250.0	1597,281,14,12	315.7			
458	458	1.525	стакан-марка-красная	12.0	7.5	снег-розовый	0.820	57.3	-1.0	1.5	1.8	bbox	457	53.0	53.0	53.0	945,5,15,14	315.6			
459	459	1.672	стакан-марка-красная	13.0	11.0	снег-розовый	0.867	60.8	-1.0	6.0	6.1	bbox	458	47.0	47.0	47.0	677,647,8,16	315.2			
460	460	1.424	стакан-марка-красная	11.0	9.8	снег-розовый	0.733	59.6	0.0	0.0	0.0	bbox	459	39.0	39.0	39.0	120,977,15,18	314.9			
461	461	1.599	рюкзак-синий	4.1	42.4	снег-в-тени	1.745	81.2	2.0	-18.0	18.1	bbox	460	3.0	3.0	3.0	810,0,15,11	314.6			
462	462	0.382	рюкзак-синий	1.8	8.7	снег-в-тени	0.563	47.5	0.0	-12.5	12.5	bbox	461	225.0	225.0	225.0	1893,641,4,29	313.7			
463	463	1.486	стакан-марка-красная	10.8	17.3	корка-жёлтая-на-скале	1.166	32.5	2.0	7.0	7.3	bbox	462	60.0	60.0	60.0	1553,409,16,10	313.2			
464	464	1.416	стакан-марка-красная	10.2	17.3	порода-в-тени	0.573	32.5	1.0	-1.0	1.4	bbox	463	241.0	241.0	241.0	45,387,12,12	312.6			
465	465	1.028	рюкзак-синий	2.5	27.4	снег-в-тени	1.378	11.4	1.0	-11.5	11.5	bbox	464	218.0	218.0	218.0	1885,472,8,14	312.5			
466	466	0.474	рюкзак-синий	3.6	4.1	снег-в-тени	0.707	34.7	3.0	-11.0	11.4	bbox	465	257.0	253.0	257.0	1607,911,34,5	312.5			
467	467	1.479	стакан-марка-красная	11.2	13.5	снег-освещённый	0.648	63.3	0.0	-1.0	1.0	bbox	466	39.0	39.0	39.0	1745,95,14,24	312.3			
468	468	1.409	стакан-марка-красная	11.0	7.8	снег-розовый	0.795	57.6	0.0	0.0	0.0	bbox	467	124.0	124.0	124.0	1005,151,16,6	311.5			
469	469	1.723	стакан-марка-красная	11.2	28.2	снег-освещённый	0.202	78.0	0.0	-1.0	1.0	bbox	468	109.0	109.0	109.0	137,853,12,12	311.0			
470	470	1.229	рюкзак-синий	6.1	27.0	порода-в-тени	0.961	11.8	0.0	-8.0	8.0	bbox	469	217.0	216.0	219.0	798,857,13,17	310.9			
471	471	1.530	стакан-марка-красная	10.0	24.7	порода-в-тени	0.481	25.1	1.0	1.0	1.4	bbox	470	116.0	116.0	117.0	1545,6,13,16	310.5			
472	472	1.379	рюкзак-синий	7.1	29.6	снег-в-тени	0.788	68.4	2.0	-7.0	7.3	bbox	471	146.0	146.0	150.0	145,289,22,16	310.2			
473	473	1.600	стакан-марка-красная	12.2	13.9	снег-освещённый	0.622	63.7	-1.0	-1.0	1.4	bbox	472	216.0	216.0	217.0	1471,302,26,11	309.0			
474	474	1.121	рюкзак-синий	7.0	19.6	снег-в-тени	0.419	58.4	1.0	-7.0	7.1	bbox	473	153.0	152.0	161.0	22,207,23,12	308.4			
475	475	1.998	стакан-марка-красная	10.4	42.4	снег-освещённый	0.538	92.2	1.0	-2.0	2.2	bbox	474	217.0	217.0	217.0	1788,427,11,25	307.2			
476	476	1.830	стакан-марка-красная	14.0	14.9	снег-освещённый	0.654	64.7	-3.0	1.5	3.4	bbox	475	216.0	216.0	216.0	733,65,16,8	305.2			
477	477	1.645	стакан-марка-красная	11.2	24.3	порода-в-тени	0.309	25.5	0.0	-1.0	1.0	bbox	476	120.0	120.0	120.0	692,291,7,23	304.9			
478	478	1.287	стакан-марка-красная	10.3	0.8	снег-розовый	1.087	50.6	2.0	6.0	6.3	bbox	477	49.0	46.0	53.0	987,173,14,16	304.7			
479	479	1.593	рюкзак-синий	8.1	34.5	снег-освещённый	0.880	73.3	2.0	-6.0	6.3	bbox	478	250.0	250.0	252.0	808,112,35,17	304.1			
480	480	1.959	стакан-марка-красная	11.4	37.7	снег-освещённый	0.367	87.5	0.0	-2.0	2.0	bbox	479	177.0	176.0	178.0	259,617,14,14	303.8			
481	481	1.401	стакан-марка-красная	10.2	16.3	порода-в-тени	0.600	33.5	1.0	-1.0	1.4	bbox	480	260.0	260.0	260.0	1525,465,11,8	303.8			
482	482	1.495	стакан-марка-красная	11.0	16.1	снег-розовый	0.487	65.9	0.0	2.0	2.0	bbox	481	224.0	223.0	224.0	1729,129,6,28	303.6			
483	483	1.401	рюкзак-синий	8.0	27.5	снег-в-тени	0.717	66.3	1.0	-6.0	6.1	bbox	482	175.0	175.0	177.0	209,89,15,11	302.3			
484	484	1.425	стакан-марка-красная	11.2	6.7	снег-в-тени	0.700	56.5	0.5	-3.0	3.0	bbox	483	111.0	110.0	111.0	777,465,12,12	301.9			
485	485	0.373	рюкзак-синий	2.8	3.3	снег-в-тени	1.155	35.5	3.0	-16.0	16.3	bbox	484	4.0	4.0	4.0	1499,293,12,12	301.1			
486	486	1.026	палка-ручка-пробка	7.2	13.7	лишайник-жёлтый-на-камне	0.884	62.0	9.0	17.0	19.2	bbox	485	79.0	79.0	82.0	16,657,17,13	301.1			
487	487	1.563	стакан-марка-красная	11.2	19.6	снег-розовый	0.405	69.4	0.0	3.0	3.0	bbox	486	224.0	223.0	224.0	1727,169,6,32	301.0			
488	488	1.102	стакан-марка-красная	8.7	4.3	снег-в-тени	0.815	54.1	3.0	-2.5	3.9	bbox	487	89.0	80.0	93.0	1314,143,13,8	298.5			
489	489	1.626	палка-древко-контроль	9.2	32.1	снег-в-тени	2.328	73.7	-6.0	-24.0	24.7	bbox	488	102.0	102.0	102.0	617,1071,15,9	297.3			
490	490	1.497	палка-ручка-контроль	11.2	15.1	корка-жёлтая-на-скале	0.534	42.5	4.0	15.0	15.5	bbox	489	55.0	55.0	55.0	1909,356,8,17	297.2			
491	491	1.428	стакан-марка-красная	11.2	8.2	снег-розовый	0.831	58.0	0.0	-1.0	1.0	bbox	490	250.0	250.0	250.0	1272,351,21,12	297.2			
492	492	1.331	стакан-марка-красная	8.6	22.0	порода-охристая	0.821	27.8	6.0	8.0	10.0	bbox	491	63.0	63.0	63.0	1679,697,17,13	295.5			
493	493	0.965	рюкзак-синий	6.7	13.4	снег-в-тени	0.524	52.2	4.0	-8.0	8.9	bbox	492	17.0	17.0	17.0	1031,99,26,10	295.3			
494	494	1.842	стакан-марка-красная	12.4	28.0	снег-освещённый	0.271	77.8	-1.0	-2.0	2.2	bbox	493	178.0	178.0	178.0	672,895,15,10	295.0			
495	495	1.638	стакан-марка-красная	11.2	23.9	порода-в-тени	0.318	25.9	0.0	-1.0	1.0	bbox	494	180.0	180.0	180.0	215,855,18,16	293.2			
496	496	1.724	стакан-марка-красная	12.4	21.4	снег-освещённый	0.425	71.2	-1.0	-2.0	2.2	bbox	495	29.0	29.0	30.0	675,185,24,14	292.7			
497	497	1.301	стакан-марка-красная	10.2	7.3	порода-в-тени	0.875	42.5	1.0	-1.0	1.4	bbox	496	210.0	210.0	210.0	1807,601,10,17	292.6			
498	498	1.332	стакан-марка-красная	10.4	7.4	снег-в-тени	0.785	42.4	1.0	-2.0	2.2	bbox	497	248.0	248.0	248.0	373,289,12,13	292.5			
499	499	1.536	стакан-марка-красная	12.0	8.6	снег-розовый	0.781	58.4	-1.0	2.0	2.2	bbox	498	39.0	39.0	39.0	66,1061,13,14	292.4			
500	500	1.686	рюкзак-синий	3.2	45.9	снег-пересвеченный	1.138	84.7	0.0	-11.0	11.0	bbox	499	207.0	202.0	207.0	269,25,11,11	290.8			
501	501	1.779	стакан-марка-красная	14.1	5.5	снег-освещённый	0.953	55.3	-3.0	-1.0	3.2	bbox	500	148.0	148.0	150.0	25,67,24,8	290.1			
502	502	1.008	рюкзак-синий	6.0	18.8	снег-в-тени	0.373	57.6	1.0	-8.0	8.1	bbox	501	244.0	244.0	244.0	457,195,28,10	289.8			
503	503	1.716	стакан-марка-красная	10.2	32.2	снег-освещённый	0.283	82.0	1.0	-1.0	1.4	bbox	502	247.0	245.0	247.0	639,941,15,14	289.7			
504	504	1.391	стакан-марка-красная	11.0	4.7	снег-розовый	0.897	54.5	0.0	0.0	0.0	bbox	503	220.0	220.0	220.0	1849,217,10,19	289.4			
505	505	1.398	стакан-марка-красная	11.2	1.2	снег-в-тени	0.882	51.0	0.0	-1.0	1.0	bbox	504	248.0	248.0	248.0	337,667,14,12	288.1			
506	506	2.043	стакан-марка-красная	10.2	44.7	снег-освещённый	0.564	94.5	1.0	-1.0	1.4	bbox	505	47.0	47.0	47.0	743,317,20,24	288.0			
507	507	1.987	стакан-марка-красная	11.7	37.7	снег-освещённый	0.461	87.5	0.0	-3.0	3.0	bbox	506	178.0	178.0	178.0	594,752,12,15	287.3			
508	508	1.509	стакан-марка-красная	11.0	17.1	порода-в-тени	0.522	32.7	0.0	0.0	0.0	bbox	507	13.0	13.0	16.0	679,327,18,10	286.1			
509	509	1.533	стакан-марка-красная	11.2	17.7	снег-розовый	0.458	67.5	0.0	3.0	3.0	bbox	508	236.0	232.0	237.0	1637,609,10,16	286.0			
510	510	1.553	стакан-марка-красная	12.4	3.9	снег-в-тени	0.789	53.7	-1.0	-2.0	2.2	bbox	509	29.0	29.0	30.0	385,313,24,20	285.9			
511	511	1.479	рюкзак-синий	11.2	13.6	снег-в-тени	0.658	52.4	-1.0	-3.0	3.2	bbox	510	142.0	141.0	147.0	119,387,26,16	284.6			
512	512	0.998	рюкзак-синий	5.0	21.8	снег-в-тени	0.722	60.6	4.0	-10.0	10.8	bbox	511	56.0	56.0	58.0	497,117,18,16	284.5			
513	513	1.505	палка-ручка-контроль	10.0	23.5	порода-охристая	0.897	34.1	6.0	16.0	17.1	bbox	512	78.0	78.0	78.0	113,983,16,14	284.0			
514	514	1.875	палка-древко-бирюзовое	9.2	41.4	снег-пересвеченный	0.983	93.9	-9.0	-9.0	12.7	bbox	513	103.0	103.0	103.0	777,1065,12,15	283.9			
515	515	1.390	рюкзак-синий	7.2	29.6	снег-в-тени	0.966	68.4	5.0	-8.0	9.4	bbox	514	48.0	46.0	48.0	677,49,22,12	283.8			
516	516	1.403	стакан-марка-красная	11.2	3.5	снег-в-тени	0.897	53.3	0.0	-1.0	1.0	bbox	515	132.0	132.0	132.0	607,3,18,12	283.8			
517	517	1.646	стакан-марка-красная	13.2	2.3	снег-в-тени	0.910	47.5	-2.0	-1.0	2.2	bbox	516	157.0	157.0	161.0	635,9,18,8	283.7			
518	518	1.100	стакан-марка-красная	2.2	29.8	порода-охристая	1.544	20.0	13.0	0.0	13.0	bbox	517	4.0	4.0	4.0	1582,259,11,11	283.2			
519	519	1.489	стакан-марка-красная	10.3	21.0	снег-розовый	0.556	70.8	2.0	6.0	6.3	bbox	518	2.0	2.0	2.0	67,372,14,42	282.6			
520	520	0.801	рюкзак-синий	2.2	21.0	снег-в-тени	0.846	59.8	3.0	-13.0	13.3	bbox	519	216.0	216.0	216.0	1169,371,32,12	282.2			
521	521	1.935	стакан-марка-красная	11.2	37.5	снег-освещённый	0.291	87.3	0.0	-1.0	1.0	bbox	520	177.0	176.0	178.0	293,585,11,12	281.9			
522	522	1.387	стакан-марка-красная	11.0	3.7	снег-розовый	0.930	53.5	0.0	0.0	0.0	bbox	521	131.0	131.0	131.0	1205,465,10,10	280.9			
523	523	0.868	рюкзак-синий	6.4	9.4	снег-в-тени	1.028	29.4	6.0	-10.0	11.7	bbox	522	53.0	53.0	53.0	283,9,26,8	279.7			
524	524	1.631	стакан-марка-красная	13.0	2.0	порода-в-тени	0.988	47.8	-2.0	0.0	2.0	bbox	523	177.0	177.0	177.0	239,109,16,6	279.7			
525	525	1.460	стакан-марка-красная	11.4	8.8	снег-освещённый	0.840	58.6	0.0	-2.0	2.0	bbox	524	179.0	179.0	182.0	817,213,18,12	279.0			
526	526	1.394	стакан-марка-красная	10.0	17.3	снег-розовый	0.416	67.1	1.0	1.0	1.4	bbox	525	231.0	231.0	231.0	1546,281,5,32	278.9			
527	527	1.634	стакан-марка-красная	11.0	24.7	порода-в-тени	0.391	25.1	0.0	1.0	1.0	bbox	526	173.0	173.0	173.0	395,596,14,21	278.6			
528	528	0.875	рюкзак-синий	4.5	18.8	снег-в-тени	0.449	57.6	-1.0	-10.0	10.0	bbox	527	260.0	260.0	260.0	69,861,10,16	278.6			
529	529	1.381	стакан-марка-красная	11.0	1.2	снег-в-тени	1.000	48.6	0.0	0.0	0.0	bbox	528	110.0	110.0	110.0	495,1073,19,7	276.8			
530	530	1.699	стакан-марка-красная	10.8	29.0	снег-освещённый	0.456	78.8	1.0	-3.0	3.2	bbox	529	167.0	167.0	167.0	1093,529,11,15	276.8			
531	531	1.819	стакан-марка-красная	11.3	32.2	снег-розовый	0.349	82.0	0.0	3.5	3.5	bbox	530	219.0	219.0	219.0	1801,1020,10,29	276.2			
532	532	1.049	рюкзак-синий	6.1	20.2	снег-в-тени	0.472	59.0	2.0	-8.0	8.2	bbox	531	239.0	239.0	239.0	86,589,11,20	276.0			
533	533	1.196	рюкзак-синий	4.1	30.2	снег-в-тени	0.798	69.0	0.0	-10.0	10.0	bbox	532	211.0	211.0	211.0	905,1001,12,8	275.7			
534	534	1.625	стакан-марка-красная	11.7	19.8	снег-освещённый	0.562	69.6	0.0	-3.0	3.0	bbox	533	179.0	175.0	179.0	1593,904,12,20	275.3			
535	535	1.066	рюкзак-синий	6.3	20.0	снег-в-тени	0.544	58.8	3.0	-8.0	8.5	bbox	534	42.0	35.0	42.0	1397,163,23,8	274.2			
536	536	1.896	стакан-марка-красная	14.1	19.2	снег-освещённый	0.505	69.0	-3.0	-1.0	3.2	bbox	535	209.0	207.0	209.0	679,93,16,12	273.7			
537	537	1.507	стакан-марка-красная	10.3	22.0	снег-розовый	0.542	71.8	2.0	6.0	6.3	bbox	536	231.0	231.0	231.0	1543,569,4,26	273.4			
538	538	1.491	стакан-марка-красная	11.2	14.5	снег-в-тени	0.783	64.3	1.0	-4.0	4.1	bbox	537	171.0	171.0	171.0	1794,557,14,32	273.1			
539	539	1.316	стакан-марка-красная	9.9	12.5	порода-охристая	0.953	37.3	4.0	8.0	8.9	bbox	538	62.0	62.0	62.0	1363,581,11,14	272.3			
540	540	1.523	стакан-марка-красная	9.8	25.1	порода-в-тени	0.914	24.7	2.0	5.0	5.4	bbox	539	242.0	242.0	242.0	1811,84,12,9	272.1			
541	541	1.448	рюкзак-синий	4.0	38.1	снег-в-тени	1.075	76.9	1.0	-10.0	10.0	bbox	540	234.0	234.0	234.0	1500,717,5,28	272.0			
542	542	1.409	стакан-марка-красная	11.2	5.1	снег-в-тени	0.882	44.7	0.0	-1.0	1.0	bbox	541	133.0	133.0	133.0	1723,419,18,7	271.8			
543	543	0.724	рюкзак-синий	5.1	9.6	снег-в-тени	0.280	48.4	2.0	-9.0	9.2	bbox	542	157.0	153.0	159.0	469,91,18,18	271.8			
544	544	1.423	стакан-марка-красная	11.2	7.5	снег-розовый	0.855	57.3	0.0	-1.0	1.0	bbox	543	148.0	148.0	148.0	113,817,8,12	270.9			
545	545	1.545	стакан-марка-красная	12.2	7.6	порода-в-тени	0.787	42.2	-1.0	-1.0	1.4	bbox	544	67.0	67.0	67.0	135,479,14,18	270.2			
546	546	1.144	рюкзак-синий	2.7	30.6	снег-в-тени	0.922	69.4	2.0	-11.5	11.7	bbox	545	210.0	209.0	210.0	535,77,26,12	269.1			
547	547	1.360	стакан-марка-красная	10.8	4.1	корка-жёлтая-на-скале	1.034	45.7	2.0	7.0	7.3	bbox	546	50.0	50.0	50.0	987,410,14,13	268.5			
548	548	0.343	рюкзак-синий	2.5	3.9	снег-в-тени	1.018	42.7	-0.5	-16.0	16.0	bbox	547	205.0	205.0	205.0	1705,517,8,10	267.9			
549	549	0.491	рюкзак-синий	3.6	5.5	снег-в-тени	0.740	33.3	3.0	-11.0	11.4	bbox	548	164.0	164.0	164.0	0,371,4,28	267.8			
550	550	1.828	стакан-марка-красная	11.0	33.5	снег-освещённый	0.154	83.3	0.0	0.0	0.0	bbox	549	249.0	249.0	249.0	1811,1033,12,11	267.5			
551	551	0.669	рюкзак-синий	3.0	15.5	снег-в-тени	0.931	54.3	4.0	-14.0	14.6	bbox	550	217.0	217.0	217.0	109,1023,10,24	267.2			
552	552	1.204	рюкзак-синий	9.2	9.8	порода-в-тени	0.600	29.0	-1.0	-5.0	5.1	bbox	551	154.0	154.0	154.0	1317,375,17,7	266.9			
553	553	1.569	стакан-марка-красная	5.7	39.2	снег-розовый	0.973	89.0	7.0	-3.0	7.6	bbox	552	102.0	102.0	105.0	859,9,14,8	266.4			
554	554	1.534	стакан-марка-красная	11.4	15.9	порода-в-тени	0.828	33.9	0.0	4.0	4.0	bbox	553	91.0	90.0	91.0	1377,1027,13,10	266.0			
555	555	1.260	рюкзак-синий	4.1	32.2	снег-в-тени	1.211	71.0	5.0	-13.0	13.9	bbox	554	116.0	116.0	118.0	1789,119,28,4	265.8			
556	556	1.572	стакан-марка-красная	12.0	13.1	порода-в-тени	0.645	36.7	-1.0	1.0	1.4	bbox	555	37.0	37.0	37.0	1851,345,10,24	265.2			
557	557	1.425	стакан-марка-красная	11.4	0.4	корка-жёлтая-на-скале	0.912	49.4	2.0	8.0	8.2	bbox	556	50.0	50.0	50.0	1133,411,10,12	264.1			
558	558	1.689	палка-древко-бирюзовое	9.2	34.6	снег-пересвеченный	0.984	87.1	-9.0	-9.0	12.7	bbox	557	90.0	84.0	90.0	1883,957,10,12	262.7			
559	559	0.755	рюкзак-синий	5.1	11.3	снег-в-тени	0.779	27.5	2.0	-9.0	9.2	bbox	558	191.0	187.0	191.0	616,977,9,8	262.7			
560	560	2.249	стакан-марка-красная	13.0	43.5	снег-пересвеченный	0.407	93.3	-1.0	-4.0	4.1	bbox	559	222.0	222.0	222.0	1593,1020,12,11	262.3			
561	561	1.227	рюкзак-синий	9.0	13.7	порода-в-тени	0.647	25.1	1.0	-5.0	5.1	bbox	560	254.0	254.0	255.0	171,864,18,6	262.3			
562	562	0.703	рюкзак-синий	5.0	9.0	снег-в-тени	0.667	29.8	1.0	-9.0	9.1	bbox	561	240.0	240.0	242.0	561,1071,16,9	261.0			
563	563	0.597	рюкзак-синий	4.2	7.7	снег-в-тени	0.627	46.5	4.0	-11.0	11.7	bbox	562	52.0	52.0	52.0	265,103,20,14	260.9			
564	564	1.717	стакан-марка-красная	10.0	32.9	снег-освещённый	0.803	82.7	3.0	-5.0	5.8	bbox	563	50.0	50.0	50.0	457,163,26,30	260.6			
565	565	1.403	рюкзак-синий	10.0	17.9	снег-в-тени	0.605	56.7	1.0	-4.0	4.1	bbox	564	148.0	148.0	151.0	133,187,12,10	259.5			
566	566	2.068	стакан-марка-красная	11.4	42.0	снег-освещённый	0.481	91.8	0.0	-2.0	2.0	bbox	565	248.0	248.0	248.0	1619,19,13,22	259.3			
567	567	1.479	стакан-марка-красная	11.2	13.5	снег-розовый	0.581	63.3	0.0	3.0	3.0	bbox	566	120.0	120.0	120.0	1857,29,12,10	258.0			
568	568	1.621	стакан-марка-красная	12.0	16.9	порода-в-тени	0.482	32.9	-1.0	0.0	1.0	bbox	567	176.0	176.0	177.0	393,673,8,18	258.0			
569	569	1.229	рюкзак-синий	6.1	27.0	порода-в-тени	0.961	11.8	0.0	-8.0	8.0	bbox	568	221.0	221.0	221.0	1414,541,10,12	257.8			
570	570	1.354	стакан-марка-красная	10.0	14.1	снег-розовый	0.563	63.9	1.0	0.0	1.0	bbox	569	144.0	144.0	144.0	1667,689,10,14	257.5			
571	571	0.692	рюкзак-синий	2.0	18.1	снег-в-тени	0.899	56.9	3.0	-14.0	14.3	bbox	570	221.0	221.0	221.0	1551,317,38,7	257.0			
572	572	1.894	стакан-марка-красная	10.2	39.2	порода-в-тени	0.513	10.6	1.0	-1.0	1.4	bbox	571	10.0	10.0	10.0	386,884,9,17	256.6			
573	573	0.524	рюкзак-синий	4.1	2.7	снег-в-тени	0.488	36.1	0.0	-10.0	10.0	bbox	572	177.0	177.0	179.0	20,305,9,14	255.3			
574	574	0.381	рюкзак-синий	2.8	3.9	снег-в-тени	1.024	42.7	-1.0	-16.0	16.0	bbox	573	205.0	205.0	205.0	1817,561,10,16	255.1			
575	575	1.320	стакан-марка-красная	10.2	9.6	порода-в-тени	0.800	40.2	1.0	-1.0	1.4	bbox	574	260.0	259.0	260.0	1535,249,10,16	255.1			
576	576	1.458	стакан-марка-красная	11.0	13.1	снег-розовый	0.632	62.9	0.0	0.0	0.0	bbox	575	252.0	252.0	252.0	801,0,20,5	254.8			
577	577	0.452	рюкзак-синий	3.5	3.2	снег-в-тени	0.396	42.0	1.0	-10.5	10.5	bbox	576	206.0	206.0	206.0	1543,883,10,8	254.5			
578	578	1.389	стакан-марка-красная	11.0	5.5	снег-розовый	0.844	55.3	0.0	1.0	1.0	bbox	577	111.0	111.0	111.0	595,195,14,7	254.2			
579	579	1.315	стакан-марка-красная	10.2	9.0	снег-розовый	0.778	58.8	1.0	-1.0	1.4	bbox	578	150.0	150.0	150.0	1685,713,8,16	253.9			
580	580	1.522	стакан-марка-красная	10.6	20.8	снег-розовый	0.801	70.6	3.0	8.0	8.5	bbox	579	222.0	222.0	222.0	1811,489,7,28	253.8			
581	581	1.213	рюкзак-синий	8.0	19.2	снег-в-тени	0.460	58.0	1.0	-6.0	6.1	bbox	580	225.0	225.0	225.0	172,393,43,44	253.3			
582	582	1.276	рюкзак-синий	10.0	6.3	снег-в-тени	0.509	45.1	0.0	-4.0	4.0	bbox	581	164.0	164.0	164.0	645,505,20,20	253.2			
583	583	1.383	стакан-марка-красная	11.0	2.4	снег-розовый	0.975	52.2	0.0	0.0	0.0	bbox	582	137.0	137.0	137.0	1777,509,8,18	251.8			
584	584	1.436	рюкзак-синий	3.2	38.7	снег-в-тени	1.327	77.5	4.0	-13.0	13.6	bbox	583	4.0	4.0	4.0	243,163,13,16	251.5			
585	585	1.714	стакан-марка-красная	12.0	23.1	снег-освещённый	0.338	72.9	-1.0	1.5	1.8	bbox	584	40.0	40.0	42.0	193,779,25,8	251.5			
586	586	1.602	стакан-марка-красная	9.1	31.8	порода-в-тени	0.522	18.0	2.0	0.0	2.0	bbox	585	118.0	118.0	118.0	1810,500,9,13	251.1			
587	587	1.649	стакан-марка-красная	13.0	7.1	корка-жёлтая-на-скале	0.893	42.7	0.0	8.0	8.0	bbox	586	50.0	50.0	50.0	973,165,12,12	250.2			
588	588	1.486	стакан-марка-красная	11.2	14.1	снег-освещённый	0.628	63.9	0.0	-1.0	1.0	bbox	587	140.0	138.0	140.0	1687,609,10,8	249.9			
589	589	1.809	стакан-марка-красная	11.4	31.2	снег-освещённый	0.839	81.0	2.0	-6.0	6.3	bbox	588	50.0	50.0	50.0	581,179,26,14	249.3			
590	590	1.860	стакан-марка-красная	11.0	34.9	порода-в-тени	0.342	14.9	0.0	0.0	0.0	bbox	589	65.0	65.0	65.0	577,19,6,14	249.2			
591	591	1.653	палка-древко-контроль	5.1	42.7	снег-пересвеченный	1.399	84.3	-3.0	-14.0	14.3	bbox	590	86.0	86.0	87.0	495,1069,10,11	249.2			
592	592	1.438	рюкзак-синий	11.0	11.7	порода-в-тени	0.510	27.1	1.0	-3.0	3.2	bbox	591	176.0	176.0	176.0	529,125,12,12	248.9			
593	593	2.049	стакан-марка-красная	12.6	36.5	снег-пересвеченный	0.406	86.3	-1.0	-3.0	3.2	bbox	592	133.0	133.0	133.0	1879,1065,20,15	248.8			
594	594	1.802	стакан-марка-красная	12.2	27.1	снег-освещённый	0.188	76.9	-1.0	-1.0	1.4	bbox	593	199.0	199.0	200.0	792,7,13,12	248.8			
595	595	1.398	стакан-марка-красная	11.2	1.2	снег-в-тени	0.875	48.6	0.0	-1.0	1.0	bbox	594	252.0	252.0	252.0	1865,67,18,10	248.5			
596	596	0.905	рюкзак-синий	6.1	13.7	снег-в-тени	0.302	52.5	2.0	-8.0	8.2	bbox	595	162.0	158.0	162.0	994,5,17,12	248.4			
597	597	1.384	стакан-марка-красная	11.0	2.7	снег-розовый	0.962	52.5	0.0	0.0	0.0	bbox	596	237.0	237.0	237.0	1639,1071,10,9	248.2			
598	598	1.486	стакан-марка-красная	11.2	14.1	снег-освещённый	0.628	63.9	0.0	-1.0	1.0	bbox	597	248.0	248.0	248.0	973,97,20,16	248.1			
599	599	1.483	стакан-марка-красная	5.0	37.7	снег-розовый	0.874	87.5	7.0	-2.0	7.3	bbox	598	102.0	102.0	105.0	779,33,14,7	247.6			
600	600	0.779	рюкзак-синий	3.2	18.8	снег-в-тени	1.090	20.0	2.0	-11.0	11.2	bbox	599	227.0	227.0	227.0	152,625,17,12	247.2			
601	601	1.286	стакан-марка-красная	10.2	4.7	снег-розовый	0.914	54.5	1.0	-1.0	1.4	bbox	600	128.0	127.0	130.0	1857,1061,16,6	246.6			
602	602	1.537	стакан-марка-красная	12.2	6.3	снег-освещённый	0.892	56.1	-1.0	-1.0	1.4	bbox	601	190.0	190.0	190.0	1499,763,18,8	246.5			
603	603	0.626	рюкзак-синий	5.0	1.2	снег-в-тени	1.121	37.6	6.0	-14.0	15.2	bbox	602	117.0	116.0	117.0	1751,161,16,6	246.2			
604	604	1.268	рюкзак-синий	8.1	21.5	порода-в-тени	0.682	17.3	0.0	-6.0	6.0	bbox	603	187.0	187.0	187.0	1907,225,13,11	246.1			
605	605	0.626	рюкзак-синий	5.0	1.2	снег-в-тени	0.330	40.0	1.0	-9.0	9.1	bbox	604	136.0	136.0	136.0	65,251,15,6	245.8			
606	606	1.454	стакан-марка-красная	11.0	12.7	снег-розовый	0.643	62.5	0.0	0.0	0.0	bbox	605	126.0	126.0	126.0	599,1021,10,12	245.7			
607	607	1.381	рюкзак-синий	10.2	14.9	порода-в-тени	0.415	23.9	-1.0	-4.0	4.1	bbox	606	255.0	255.0	255.0	430,861,17,12	245.7			
608	608	1.936	рюкзак-синий	9.2	43.6	снег-пересвеченный	0.538	82.4	-1.0	-5.0	5.1	bbox	607	233.0	231.0	233.0	1137,837,17,16	245.2			
609	609	1.412	стакан-марка-красная	11.3	2.0	снег-в-тени	0.813	47.8	0.0	-1.5	1.5	bbox	608	132.0	132.0	132.0	905,807,8,10	245.1			
610	610	1.804	стакан-марка-красная	12.0	27.8	снег-освещённый	0.113	77.6	-1.0	0.0	1.0	bbox	609	209.0	209.0	209.0	245,377,24,18	244.8			
611	611	1.588	стакан-марка-красная	12.4	10.2	снег-освещённый	0.784	60.0	-1.0	-2.0	2.2	bbox	610	141.0	141.0	141.0	1911,51,9,20	243.5			
612	612	1.597	стакан-марка-красная	10.3	26.5	снег-розовый	0.502	76.3	2.0	6.0	6.3	bbox	611	210.0	210.0	210.0	1819,317,6,28	243.5			
613	613	1.430	рюкзак-синий	6.3	33.4	снег-в-тени	0.947	72.2	3.0	-8.0	8.5	bbox	612	51.0	51.0	51.0	689,3,18,14	243.3			
614	614	1.948	рюкзак-синий	13.3	28.2	порода-в-тени	0.350	10.6	-2.0	-1.0	2.2	bbox	613	247.0	247.0	248.0	1017,1047,8,12	242.9			
615	615	1.409	рюкзак-синий	11.0	7.9	снег-в-тени	0.626	46.7	0.0	-3.0	3.0	bbox	614	176.0	176.0	176.0	273,253,6,16	242.5			
616	616	1.446	стакан-марка-красная	11.2	10.4	порода-в-тени	0.724	39.4	0.0	-1.0	1.0	bbox	615	172.0	172.0	172.0	369,241,16,10	242.4			
617	617	1.660	стакан-марка-красная	11.2	25.1	порода-в-тени	0.294	24.7	0.0	-1.0	1.0	bbox	616	125.0	125.0	126.0	90,599,12,11	241.8			
618	618	1.557	стакан-марка-красная	12.4	5.1	снег-в-тени	0.802	54.9	-1.0	-2.0	2.2	bbox	617	149.0	149.0	149.0	97,425,20,8	241.6			
619	619	0.902	рюкзак-синий	6.3	12.2	снег-в-тени	0.169	51.0	-1.0	-8.0	8.1	bbox	618	193.0	193.0	193.0	545,257,8,8	241.3			
620	620	1.645	стакан-марка-красная	11.2	24.3	порода-в-тени	0.309	25.5	0.0	-1.0	1.0	bbox	619	126.0	126.0	127.0	821,727,18,10	241.2			
621	621	1.461	рюкзак-синий	9.2	25.1	снег-в-тени	0.698	63.9	-1.0	-5.0	5.1	bbox	620	187.0	187.0	187.0	105,17,8,8	241.1			
622	622	1.043	рюкзак-синий	6.3	19.0	снег-в-тени	0.519	57.8	3.0	-8.0	8.5	bbox	621	125.0	125.0	126.0	1355,269,22,6	240.9			
623	623	1.677	стакан-марка-красная	11.0	26.7	снег-освещённый	0.199	76.5	0.0	0.0	0.0	bbox	622	251.0	251.0	251.0	1086,81,17,6	240.8			
624	624	1.654	стакан-марка-красная	12.0	19.2	снег-освещённый	0.421	69.0	-1.0	0.0	1.0	bbox	623	39.0	39.0	39.0	105,547,18,8	239.7			
625	625	1.768	рюкзак-синий	13.3	16.4	порода-в-тени	0.070	22.4	-2.0	-1.0	2.2	bbox	624	188.0	188.0	188.0	659,91,8,16	239.0			
626	626	1.521	стакан-марка-красная	12.2	1.2	снег-в-тени	0.884	48.6	-1.0	-1.0	1.4	bbox	625	208.0	205.0	208.0	453,609,24,4	238.0			
627	627	1.713	стакан-марка-красная	13.6	5.9	порода-в-тени	1.126	43.9	-2.0	5.0	5.4	bbox	626	47.0	47.0	47.0	877,323,22,8	237.8			
628	628	0.785	рюкзак-синий	6.0	6.3	снег-в-тени	1.198	45.1	7.0	-14.5	16.1	bbox	627	52.0	52.0	52.0	567,43,20,6	237.8			
629	629	0.843	рюкзак-синий	3.9	19.2	снег-в-тени	1.230	58.0	4.0	-16.5	17.0	bbox	628	219.0	217.0	219.0	1903,129,17,6	237.7			
630	630	1.451	стакан-марка-красная	11.0	12.9	порода-в-тени	0.686	36.9	0.0	1.0	1.0	bbox	629	231.0	231.0	231.0	1555,1065,8,15	237.4			
631	631	1.558	стакан-марка-красная	11.0	20.2	снег-освещённый	0.405	70.0	0.0	0.0	0.0	bbox	630	125.0	125.0	125.0	375,901,12,14	236.9			
632	632	1.308	стакан-марка-красная	10.0	10.2	порода-в-тени	0.792	39.6	1.0	0.0	1.0	bbox	631	110.0	103.0	110.0	853,350,9,11	235.5			
633	633	1.663	стакан-марка-красная	5.0	43.1	снег-розовый	0.970	92.9	7.0	-2.0	7.3	bbox	632	3.0	3.0	3.0	449,552,9,9	235.2			
634	634	1.078	рюкзак-синий	5.1	24.3	снег-в-тени	0.615	63.1	2.0	-9.0	9.2	bbox	633	141.0	141.0	141.0	1693,603,10,14	235.2			
635	635	0.769	рюкзак-синий	6.0	4.7	снег-в-тени	0.197	43.5	1.0	-8.0	8.1	bbox	634	205.0	205.0	205.0	779,509,8,12	235.2			
636	636	0.680	рюкзак-синий	5.0	7.5	снег-в-тени	1.062	46.3	6.0	-14.0	15.2	bbox	635	68.0	68.0	68.0	1683,845,8,20	235.1			
637	637	1.657	стакан-марка-красная	12.2	18.4	порода-в-тени	0.411	31.4	-1.0	-1.0	1.4	bbox	636	175.0	175.0	175.0	421,877,8,18	234.8			
638	638	1.476	стакан-марка-красная	11.7	5.5	снег-в-тени	0.680	55.3	0.0	-3.0	3.0	bbox	637	252.0	252.0	252.0	899,13,24,24	234.8			
639	639	1.506	стакан-марка-красная	11.2	15.7	порода-в-тени	0.550	34.1	0.0	-1.0	1.0	bbox	638	201.0	198.0	201.0	1613,971,20,12	234.7			
640	640	1.938	стакан-марка-красная	14.3	20.8	снег-освещённый	0.508	70.6	-3.0	-2.0	3.6	bbox	639	21.0	21.0	21.0	81,83,14,12	234.6			
641	641	2.001	рюкзак-синий	13.0	32.5	порода-в-тени	0.563	6.3	0.0	-1.0	1.0	bbox	640	58.0	57.0	58.0	991,109,10,12	234.5			
642	642	1.843	рюкзак-синий	8.2	42.8	снег-пересвеченный	0.621	81.6	-1.0	-6.0	6.1	bbox	641	234.0	234.0	234.0	0,0,9,9	233.9			
643	643	1.511	стакан-марка-красная	11.2	16.1	порода-в-тени	0.538	33.7	0.0	-1.0	1.0	bbox	642	243.0	243.0	243.0	1051,825,14,6	233.8			
644	644	1.469	стакан-марка-красная	6.4	34.5	порода-охристая	1.150	15.3	7.0	6.0	9.2	bbox	643	74.0	74.0	74.0	1842,415,15,10	233.1			
645	645	1.758	рюкзак-синий	13.1	18.0	порода-в-тени	0.188	20.8	-0.5	-1.0	1.1	bbox	644	247.0	247.0	247.0	1129,1029,8,8	232.4			
646	646	1.094	рюкзак-синий	4.1	27.0	порода-в-тени	1.193	11.8	0.0	-10.0	10.0	bbox	645	219.0	219.0	219.0	1679,531,8,13	232.2			
647	647	1.528	стакан-марка-красная	12.2	4.3	снег-в-тени	0.888	45.5	-1.0	-1.0	1.4	bbox	646	241.0	241.0	245.0	83,945,16,10	232.2			
648	648	1.924	рюкзак-синий	8.1	45.9	снег-пересвеченный	0.659	84.7	0.0	-6.0	6.0	bbox	647	0.0	0.0	0.0	201,847,10,12	232.1			
649	649	0.690	рюкзак-синий	5.1	7.4	снег-в-тени	0.600	31.4	0.0	-9.0	9.0	bbox	648	155.0	151.0	158.0	207,183,19,8	231.1			
650	650	1.008	рюкзак-синий	8.1	0.2	снег-в-тени	0.473	39.0	2.0	-6.0	6.3	bbox	649	184.0	184.0	189.0	1345,136,10,10	230.6			
651	651	1.889	стакан-марка-красная	14.1	18.6	снег-освещённый	0.523	68.4	-3.0	-1.0	3.2	bbox	650	29.0	27.0	29.0	65,565,13,16	230.1			
652	652	1.163	рюкзак-синий	9.2	4.3	снег-в-тени	1.107	34.5	8.0	-8.0	11.3	bbox	651	0.0	0.0	0.0	1717,591,12,14	229.6			
653	653	1.398	рюкзак-синий	11.0	7.0	порода-в-тени	0.607	31.8	1.0	-3.0	3.2	bbox	652	148.0	147.0	148.0	472,525,15,10	229.0			
654	654	1.537	стакан-марка-красная	12.2	6.3	порода-в-тени	0.835	43.5	-1.0	-1.0	1.4	bbox	653	67.0	67.0	67.0	15,955,10,10	228.9			
655	655	2.266	палка-ручка-пробка	18.0	6.7	снег-розовый	1.192	69.0	-5.0	8.0	9.4	bbox	654	48.0	46.0	48.0	613,109,19,6	227.8			
656	656	0.974	рюкзак-синий	5.1	20.6	снег-в-тени	1.061	59.4	6.0	-13.0	14.3	bbox	655	49.0	49.0	51.0	469,185,14,10	227.4			
657	657	1.539	стакан-марка-красная	11.0	19.0	порода-в-тени	0.464	30.8	0.0	0.0	0.0	bbox	656	121.0	121.0	121.0	300,749,12,7	227.4			
658	658	1.424	рюкзак-синий	11.0	9.8	порода-в-тени	0.469	29.0	0.0	-3.0	3.0	bbox	657	148.0	148.0	151.0	1239,18,8,11	227.4			
659	659	1.383	рюкзак-синий	4.3	35.7	снег-в-тени	1.034	74.5	2.5	-10.0	10.3	bbox	658	210.0	208.0	210.0	620,23,25,14	226.6			
660	660	1.418	рюкзак-синий	11.0	9.0	снег-в-тени	0.625	47.8	0.0	-3.0	3.0	bbox	659	172.0	172.0	173.0	317,331,18,16	226.4			
661	661	1.162	рюкзак-синий	7.3	20.2	снег-в-тени	0.563	59.0	3.0	-7.0	7.6	bbox	660	138.0	138.0	138.0	853,311,18,12	225.9			
662	662	1.507	стакан-марка-красная	11.4	13.7	порода-в-тени	0.626	36.1	0.0	-2.0	2.0	bbox	661	180.0	180.0	180.0	701,967,14,14	225.8			
663	663	1.274	стакан-марка-красная	10.0	5.9	снег-розовый	0.831	55.7	1.0	0.0	1.0	bbox	662	220.0	220.0	220.0	1865,151,8,27	225.7			
664	664	1.006	рюкзак-синий	8.0	3.1	снег-в-тени	0.515	35.7	1.0	-6.0	6.1	bbox	663	258.0	258.0	258.0	1855,81,17,8	225.7			
665	665	1.439	стакан-марка-красная	11.2	9.6	порода-в-тени	0.750	40.2	0.0	-1.0	1.0	bbox	664	67.0	67.0	67.0	1837,1063,6,14	225.6			
666	666	1.032	рюкзак-синий	8.1	6.3	снег-в-тени	0.649	32.5	2.0	-6.0	6.3	bbox	665	117.0	116.0	120.0	1851,25,19,8	225.5			
667	667	1.884	стакан-марка-красная	10.4	38.0	снег-освещённый	0.434	87.8	1.0	-2.0	2.2	bbox	666	129.0	129.0	129.0	1599,746,9,11	225.2			
668	668	0.952	рюкзак-синий	5.4	18.8	снег-в-тени	0.394	57.6	-1.0	-9.0	9.1	bbox	667	23.0	18.0	23.0	123,841,14,14	224.8			
669	669	1.560	рюкзак-синий	5.0	40.0	снег-в-тени	1.326	78.8	5.0	-11.0	12.1	bbox	668	49.0	49.0	51.0	561,87,14,14	224.8			
670	670	1.076	рюкзак-синий	5.1	24.3	порода-в-тени	1.052	14.5	0.0	-9.0	9.0	bbox	669	217.0	217.0	217.0	1027,729,8,22	224.8			
671	671	2.061	стакан-марка-красная	14.7	26.1	снег-освещённый	0.752	75.9	-3.0	5.5	6.3	bbox	670	50.0	50.0	50.0	1022,81,11,8	222.4			
672	672	1.808	рюкзак-синий	7.3	43.7	снег-освещённый	1.010	82.5	3.0	-7.0	7.6	bbox	671	41.0	41.0	41.0	1059,533,22,6	221.5			
673	673	0.800	рюкзак-синий	6.0	7.8	снег-в-тени	0.614	31.0	1.0	-8.0	8.1	bbox	672	199.0	199.0	199.0	985,1067,9,13	221.2			
674	674	0.847	рюкзак-синий	2.2	22.4	снег-в-тени	0.692	61.2	0.0	-12.0	12.0	bbox	673	193.0	193.0	193.0	1785,977,8,8	221.1			
675	675	1.424	стакан-марка-красная	11.0	9.8	снег-розовый	0.733	59.6	0.0	0.0	0.0	bbox	674	41.0	41.0	44.0	1293,171,15,11	220.8			
676	676	1.627	стакан-марка-красная	11.4	22.0	лишайник-жёлтый-на-камне	0.937	71.8	4.0	10.0	10.8	bbox	675	222.0	222.0	222.0	1801,567,6,22	220.8			
677	677	1.405	стакан-марка-красная	11.2	3.9	снег-в-тени	0.878	45.9	0.0	-1.0	1.0	bbox	676	191.0	191.0	191.0	1279,643,18,14	220.7			
678	678	0.631	рюкзак-синий	4.1	10.2	снег-в-тени	0.729	28.6	0.0	-10.0	10.0	bbox	677	225.0	225.0	226.0	57,489,8,8	220.7			
679	679	1.396	стакан-марка-красная	11.0	5.7	порода-в-тени	0.892	44.1	0.0	0.0	0.0	bbox	678	113.0	112.0	113.0	1294,825,17,8	220.4			
680	680	1.286	рюкзак-синий	6.1	29.0	снег-в-тени	0.758	67.8	2.0	-8.0	8.2	bbox	679	133.0	133.0	133.0	1637,645,8,12	219.8			
681	681	1.528	рюкзак-синий	10.0	24.3	снег-в-тени	0.742	63.1	0.0	-4.0	4.0	bbox	680	176.0	176.0	176.0	371,13,18,14	219.8			
682	682	1.661	стакан-марка-красная	11.0	25.9	порода-в-тени	0.307	23.9	0.0	0.0	0.0	bbox	681	175.0	175.0	175.0	6,340,11,19	219.3			
683	683	0.618	рюкзак-синий	4.9	1.6	снег-в-тени	0.890	40.4	5.5	-12.0	13.2	bbox	682	116.0	116.0	117.0	1595,47,14,10	219.0			
684	684	1.538	рюкзак-синий	7.3	34.7	снег-в-тени	1.000	73.5	3.0	-7.0	7.6	bbox	683	190.0	190.0	190.0	246,73,27,10	219.0			
685	685	1.430	стакан-марка-красная	11.2	8.4	порода-в-тени	0.790	41.4	0.0	-1.0	1.0	bbox	684	237.0	236.0	237.0	1647,65,10,18	218.8			
686	686	2.062	стакан-марка-красная	15.3	21.6	снег-освещённый	0.710	71.4	-4.0	4.0	5.7	bbox	685	50.0	50.0	50.0	695,24,10,11	218.7			
687	687	1.575	рюкзак-синий	7.1	36.5	снег-пересвеченный	0.894	75.3	0.0	-7.0	7.0	bbox	686	107.0	107.0	107.0	73,817,9,16	218.4			
688	688	1.599	стакан-марка-красная	11.2	21.8	снег-освещённый	0.374	71.6	0.0	-1.0	1.0	bbox	687	125.0	125.0	127.0	533,715,12,14	218.3			
689	689	0.687	рюкзак-синий	2.8	16.5	снег-в-тени	0.680	55.3	3.0	-12.0	12.4	bbox	688	152.0	149.0	156.0	219,151,18,12	217.7			
690	690	1.798	рюкзак-синий	13.3	18.8	порода-в-тени	0.014	20.0	-2.0	-1.0	2.2	bbox	689	188.0	188.0	188.0	465,925,4,20	217.6			
691	691	1.630	стакан-марка-красная	13.0	0.8	снег-в-тени	1.036	50.6	-2.0	0.0	2.0	bbox	690	157.0	157.0	157.0	939,0,18,5	217.3			
692	692	1.471	стакан-марка-красная	3.6	39.2	порода-в-тени	1.298	10.6	8.0	-1.0	8.1	bbox	691	0.0	0.0	0.0	417,1074,15,6	216.4			
693	693	1.504	рюкзак-синий	10.2	22.3	порода-в-тени	0.419	16.5	-1.0	-4.0	4.1	bbox	692	230.0	230.0	230.0	338,631,11,10	216.4			
694	694	2.006	стакан-марка-красная	13.0	32.9	снег-пересвеченный	0.485	82.7	-1.0	-4.0	4.1	bbox	693	259.0	259.0	260.0	1888,13,17,6	215.9			
695	695	1.476	стакан-марка-красная	11.2	13.3	снег-розовый	0.730	63.1	1.0	6.0	6.1	bbox	694	209.0	209.0	209.0	1817,329,6,22	215.8			
696	696	0.530	рюкзак-синий	2.1	13.0	снег-в-тени	0.796	51.8	3.0	-13.5	13.8	bbox	695	230.0	230.0	230.0	1611,547,6,18	215.7			
697	697	1.535	стакан-марка-красная	12.2	5.9	снег-освещённый	0.906	55.7	-1.0	-1.0	1.4	bbox	696	146.0	142.0	146.0	681,163,16,8	215.6			
698	698	1.515	рюкзак-синий	12.0	4.9	порода-в-тени	0.558	33.9	0.0	-2.0	2.0	bbox	697	175.0	175.0	175.0	133,229,14,16	215.4			
699	699	1.774	стакан-марка-красная	12.0	26.3	порода-в-тени	0.209	23.5	-1.0	0.0	1.0	bbox	698	246.0	246.0	246.0	883,275,14,4	214.6			
700	700	1.455	стакан-марка-красная	11.2	11.4	снег-освещённый	0.723	61.2	0.0	-1.0	1.0	bbox	699	142.0	142.0	142.0	121,849,12,8	214.5			
701	701	2.066	палка-ручка-пробка	16.4	7.1	корка-жёлтая-на-скале	1.155	68.6	-5.0	10.0	11.2	bbox	700	48.0	48.0	49.0	923,79,13,6	214.2			
702	702	0.906	рюкзак-синий	6.7	9.6	снег-в-тени	0.501	48.4	4.0	-8.0	8.9	bbox	701	17.0	17.0	17.0	1175,145,18,6	213.9			
703	703	1.686	стакан-марка-красная	13.0	12.6	снег-розовый	0.829	62.4	-1.0	6.0	6.1	bbox	702	46.0	46.0	48.0	353,728,10,13	213.9			
704	704	1.776	стакан-марка-красная	7.1	43.1	снег-розовый	1.055	92.9	6.0	-4.0	7.2	bbox	703	3.0	3.0	3.0	197,389,8,24	213.8			
705	705	1.791	стакан-марка-красная	13.9	11.8	снег-розовый	0.910	61.6	-2.0	6.0	6.3	bbox	704	209.0	209.0	209.0	1839,1058,4,22	213.1			
706	706	0.516	рюкзак-синий	4.1	0.8	снег-в-тени	0.385	39.6	0.0	-10.0	10.0	bbox	705	211.0	211.0	211.0	787,403,10,18	212.7			
707	707	1.479	стакан-марка-красная	11.0	15.3	порода-в-тени	0.616	34.5	0.0	1.0	1.0	bbox	706	74.0	74.0	74.0	1697,249,24,4	211.5			
708	708	1.765	стакан-марка-красная	11.2	30.2	снег-освещённый	0.179	80.0	0.0	-1.0	1.0	bbox	707	115.0	115.0	115.0	1661,0,11,9	211.5			
709	709	1.174	рюкзак-синий	5.0	27.8	порода-в-тени	1.120	11.0	1.0	-9.0	9.1	bbox	708	217.0	217.0	217.0	1337,656,12,7	211.1			
710	710	1.139	рюкзак-синий	5.1	26.4	порода-в-тени	1.154	12.4	2.0	-9.0	9.2	bbox	709	213.0	213.0	213.0	741,945,14,10	210.5			
711	711	0.904	рюкзак-синий	5.4	16.9	снег-в-тени	0.333	55.7	-1.0	-9.0	9.1	bbox	710	23.0	21.0	23.0	1681,683,6,16	209.3			
712	712	1.521	стакан-марка-красная	11.0	18.2	снег-розовый	0.441	68.0	0.0	1.0	1.0	bbox	711	40.0	39.0	40.0	289,1033,10,7	209.1			
713	713	1.218	рюкзак-синий	6.1	26.6	порода-в-тени	0.956	12.2	0.0	-8.0	8.0	bbox	712	221.0	221.0	221.0	393,975,14,5	209.1			
714	714	1.397	стакан-марка-красная	10.8	10.4	снег-розовый	0.737	60.2	1.0	5.0	5.1	bbox	713	209.0	209.0	209.0	1835,963,6,15	208.4			
715	715	1.641	стакан-марка-красная	12.2	17.3	порода-в-тени	0.452	32.5	-1.0	-1.0	1.4	bbox	714	241.0	238.0	241.0	19,1069,20,6	208.3			
716	716	0.640	рюкзак-синий	2.0	16.5	снег-в-тени	0.880	55.3	3.0	-14.0	14.3	bbox	715	216.0	216.0	216.0	1345,139,22,10	207.8			
717	717	2.238	стакан-марка-красная	15.3	32.6	снег-освещённый	0.627	82.4	-4.0	4.0	5.7	bbox	716	217.0	217.0	217.0	34,22,13,11	207.4			
718	718	0.844	рюкзак-синий	6.7	2.6	снег-в-тени	0.550	41.4	4.0	-8.0	8.9	bbox	717	65.0	65.0	65.0	689,155,16,4	206.7			
719	719	0.745	рюкзак-синий	3.0	18.0	снег-в-тени	1.043	20.8	1.0	-11.0	11.0	bbox	718	209.0	209.0	209.0	815,999,13,13	205.9			
720	720	0.967	рюкзак-синий	7.1	11.0	снег-в-тени	0.144	49.8	0.0	-7.0	7.0	bbox	719	211.0	211.0	211.0	28,1013,7,16	205.9			
721	721	1.393	стакан-марка-красная	11.0	5.1	снег-розовый	0.884	54.9	0.0	0.0	0.0	bbox	720	248.0	248.0	248.0	397,685,10,12	205.9			
722	722	0.941	рюкзак-синий	4.5	21.2	снег-в-тени	0.518	60.0	-1.0	-10.0	10.0	bbox	721	173.0	173.0	173.0	197,797,8,12	205.7			
723	723	1.344	рюкзак-синий	7.2	28.1	снег-в-тени	1.530	66.9	8.0	-15.5	17.4	bbox	722	56.0	56.0	58.0	1051,153,30,2	205.6			
724	724	1.429	рюкзак-синий	9.0	24.7	порода-в-тени	0.664	14.1	1.0	-5.0	5.1	bbox	723	231.0	231.0	231.0	438,1027,11,12	205.6			
725	725	1.419	стакан-марка-красная	10.2	17.4	порода-в-тени	0.568	32.4	1.0	-1.0	1.4	bbox	724	241.0	241.0	241.0	115,151,12,14	205.4			
726	726	1.979	стакан-марка-красная	11.4	38.4	снег-освещённый	0.386	88.2	0.0	-2.0	2.0	bbox	725	249.0	249.0	249.0	1825,957,15,5	205.2			
727	727	1.609	стакан-марка-красная	12.8	4.3	корка-жёлтая-на-скале	1.197	45.5	-1.0	5.5	5.6	bbox	726	47.0	47.0	47.0	825,343,14,16	205.1			
728	728	1.407	стакан-марка-красная	11.2	4.5	снег-в-тени	0.905	54.3	0.0	-1.0	1.0	bbox	727	133.0	133.0	133.0	803,257,18,6	204.3			
729	729	1.461	стакан-марка-красная	11.4	9.0	снег-розовый	0.758	58.8	0.0	4.0	4.0	bbox	728	223.0	223.0	224.0	1629,977,6,26	204.2			
730	730	1.571	рюкзак-синий	8.1	33.7	снег-освещённый	0.889	72.5	2.0	-6.0	6.3	bbox	729	65.0	65.0	65.0	1881,823,24,8	204.0			
731	731	1.647	стакан-марка-красная	13.2	2.7	снег-в-тени	0.910	47.1	-2.0	-1.0	2.2	bbox	730	155.0	155.0	160.0	739,99,24,4	204.0			
732	732	1.889	рюкзак-синий	8.1	44.7	снег-пересвеченный	0.674	83.5	0.0	-6.0	6.0	bbox	731	234.0	234.0	234.0	0,69,17,4	203.9			
733	733	1.506	палка-ручка-контроль	9.1	27.8	порода-охристая	0.952	29.8	7.0	17.0	18.4	bbox	732	81.0	81.0	82.0	907,1063,14,13	202.7			
734	734	1.364	стакан-марка-красная	10.5	9.8	порода-в-тени	0.777	40.0	0.5	0.0	0.5	bbox	733	246.0	246.0	246.0	740,241,10,6	202.6			
735	735	1.437	стакан-марка-красная	11.2	9.4	снег-освещённый	0.791	59.2	0.0	-1.0	1.0	bbox	734	243.0	243.0	243.0	1131,507,22,6	202.4			
736	736	1.459	стакан-марка-красная	11.2	11.8	порода-в-тени	0.678	38.0	0.0	-1.0	1.0	bbox	735	94.0	88.0	95.0	1646,1072,15,8	202.2			
737	737	0.841	рюкзак-синий	5.4	14.1	снег-в-тени	0.844	24.7	-1.0	-9.0	9.1	bbox	736	106.0	105.0	106.0	727,469,12,14	202.2			
738	738	0.934	рюкзак-синий	5.0	19.4	снег-в-тени	0.819	58.2	5.0	-11.0	12.1	bbox	737	55.0	55.0	55.0	705,81,24,8	202.0			
739	739	1.522	стакан-марка-красная	10.3	22.7	снег-освещённый	0.691	72.5	2.0	-4.0	4.5	bbox	738	111.0	111.0	111.0	1821,775,12,9	201.1			
740	740	1.828	стакан-марка-красная	11.0	33.5	снег-освещённый	0.154	83.3	0.0	0.0	0.0	bbox	739	39.0	39.0	39.0	340,595,13,12	200.6			
741	741	1.523	стакан-марка-красная	12.2	2.2	снег-в-тени	0.896	52.0	-1.0	-1.0	1.4	bbox	740	172.0	172.0	172.0	295,185,10,12	200.5			
742	742	1.417	стакан-марка-красная	11.0	9.6	порода-в-тени	0.790	40.2	0.0	1.0	1.0	bbox	741	111.0	108.0	111.0	827,551,8,10	200.2			
743	743	1.037	рюкзак-синий	5.0	23.2	снег-в-тени	1.175	62.0	6.0	-14.0	15.2	bbox	742	51.0	51.0	54.0	1431,253,14,8	199.9			
744	744	1.485	стакан-марка-красная	11.0	15.3	порода-в-тени	0.576	34.5	0.0	0.0	0.0	bbox	743	177.0	177.0	177.0	463,271,12,11	199.5			
745	745	1.518	стакан-марка-красная	11.1	17.3	порода-в-тени	0.505	32.5	0.0	-0.5	0.5	bbox	744	177.0	177.0	177.0	465,761,10,8	199.5			
746	746	1.191	рюкзак-синий	7.6	20.0	снег-в-тени	0.649	58.8	4.0	-7.0	8.1	bbox	745	42.0	42.0	42.0	1231,157,18,6	199.1			
747	747	1.815	стакан-марка-красная	13.0	22.4	снег-освещённый	0.416	72.2	-2.0	2.0	2.8	bbox	746	28.0	28.0	28.0	111,59,20,4	198.9			
748	748	1.381	стакан-марка-красная	11.0	0.4	снег-в-тени	1.004	50.2	0.0	0.0	0.0	bbox	747	133.0	133.0	133.0	1779,573,14,8	198.5			
749	749	1.462	стакан-марка-красная	10.4	18.4	порода-в-тени	0.557	31.4	1.0	-2.0	2.2	bbox	748	176.0	176.0	177.0	701,507,10,17	198.4			
750	750	1.517	рюкзак-синий	9.1	28.3	снег-в-тени	2.013	67.1	2.0	-23.0	23.1	bbox	749	106.0	106.0	111.0	984,16,25,9	198.0			
751	751	1.557	стакан-марка-красная	11.2	19.2	порода-в-тени	0.441	30.6	0.0	-1.0	1.0	bbox	750	175.0	175.0	175.0	425,331,10,12	197.9			
752	752	1.361	стакан-марка-красная	10.2	13.3	порода-в-тени	0.686	36.5	1.0	-1.0	1.4	bbox	751	260.0	259.0	260.0	1543,129,10,9	197.7			
753	753	1.766	рюкзак-синий	12.0	25.9	порода-в-тени	0.386	12.9	0.0	-2.0	2.0	bbox	752	60.0	60.0	61.0	986,481,7,16	197.6			
754	754	1.399	стакан-марка-красная	11.2	2.0	снег-в-тени	0.875	47.8	0.0	-1.0	1.0	bbox	753	190.0	190.0	190.0	533,977,22,10	197.3			
755	755	1.843	стакан-марка-красная	11.7	31.6	снег-освещённый	0.673	81.4	1.0	-5.0	5.1	bbox	754	140.0	140.0	140.0	1675,816,9,10	196.7			
756	756	1.740	рюкзак-синий	8.2	39.2	снег-пересвеченный	0.695	78.0	-1.0	-6.0	6.1	bbox	755	231.0	231.0	231.0	437,759,8,8	196.2			
757	757	1.121	рюкзак-синий	4.1	27.9	снег-в-тени	0.719	66.7	0.0	-10.0	10.0	bbox	756	211.0	211.0	211.0	961,977,16,4	196.0			
758	758	2.250	стакан-марка-красная	15.1	34.1	снег-пересвеченный	0.346	83.9	-4.0	-1.0	4.1	bbox	757	0.0	0.0	0.0	1703,919,10,9	195.9			
759	759	0.620	рюкзак-синий	3.6	11.9	снег-в-тени	1.345	26.9	4.0	-16.0	16.5	bbox	758	4.0	4.0	6.0	1221,59,10,7	195.8			
760	760	1.515	стакан-марка-красная	12.0	4.7	снег-освещённый	0.939	54.5	-1.0	0.0	1.0	bbox	759	245.0	245.0	245.0	1241,375,12,6	195.4			
761	761	1.054	рюкзак-синий	7.1	16.1	снег-в-тени	1.206	54.9	8.0	-13.0	15.3	bbox	760	54.0	54.0	54.0	1162,55,16,4	195.3			
762	762	1.406	стакан-марка-красная	11.2	4.3	снег-в-тени	0.879	45.5	0.0	-1.0	1.0	bbox	761	225.0	225.0	225.0	1915,897,5,16	195.2			
763	763	1.527	стакан-марка-красная	12.0	7.3	порода-в-тени	0.811	42.5	-1.0	0.0	1.0	bbox	762	13.0	13.0	17.0	851,21,12,8	194.9			
764	764	0.919	рюкзак-синий	5.0	18.8	снег-в-тени	0.394	57.6	1.0	-9.0	9.1	bbox	763	214.0	214.0	214.0	105,213,10,10	194.8			
765	765	0.744	стакан-марка-красная	3.2	17.7	снег-розовый	0.870	67.5	8.0	0.0	8.0	bbox	764	101.0	101.0	101.0	71,243,8,14	194.5			
766	766	1.597	стакан-марка-красная	12.1	14.5	снег-розовый	0.733	64.3	0.0	6.0	6.0	bbox	765	209.0	209.0	209.0	1811,221,5,12	194.4			
767	767	1.431	стакан-марка-красная	11.0	10.6	порода-в-тени	0.728	39.2	0.0	0.0	0.0	bbox	766	13.0	13.0	17.0	1265,185,16,4	194.2			
768	768	1.471	стакан-марка-красная	11.4	10.2	корка-жёлтая-на-скале	0.956	39.6	2.0	8.0	8.2	bbox	767	62.0	62.0	62.0	1713,886,8,7	194.2			
769	769	0.831	рюкзак-синий	5.1	14.9	снег-в-тени	0.246	53.7	0.0	-9.0	9.0	bbox	768	258.0	258.0	258.0	169,801,8,16	194.2			
770	770	1.081	рюкзак-синий	8.5	4.7	снег-в-тени	0.742	34.1	4.0	-6.0	7.2	bbox	769	55.0	55.0	55.0	657,0,20,14	193.7			
771	771	2.004	стакан-марка-красная	12.1	36.9	снег-пересвеченный	0.534	86.7	0.0	-4.0	4.0	bbox	770	233.0	233.0	233.0	1153,955,14,8	193.4			
772	772	1.522	рюкзак-синий	11.5	13.6	снег-в-тени	0.717	52.4	-2.5	-3.0	3.9	bbox	771	208.0	208.0	208.0	109,685,16,14	193.2			
773	773	1.136	рюкзак-синий	3.0	30.0	снег-в-тени	1.173	68.8	4.0	-14.0	14.6	bbox	772	217.0	217.0	217.0	927,191,22,6	193.2			
774	774	1.526	стакан-марка-красная	12.2	3.5	снег-в-тени	0.906	53.3	-1.0	-1.0	1.4	bbox	773	190.0	190.0	190.0	1531,415,20,8	192.8			
775	775	1.274	стакан-марка-красная	10.0	5.9	порода-в-тени	0.928	43.9	1.0	0.0	1.0	bbox	774	135.0	134.0	136.0	1029,809,8,8	192.7			
776	776	0.970	рюкзак-синий	5.0	20.8	порода-в-тени	1.071	18.0	1.0	-9.0	9.1	bbox	775	192.0	192.0	192.0	697,253,13,9	192.6			
777	777	1.657	стакан-марка-красная	13.0	8.4	снег-освещённый	0.816	58.2	-2.0	0.0	2.0	bbox	776	30.0	29.0	30.0	769,101,12,11	191.9			
778	778	0.983	палка-древко-контроль	7.6	6.9	снег-в-тени	0.781	34.7	-5.0	-8.0	9.4	bbox	777	104.0	103.0	105.0	1141,185,12,10	191.9			
779	779	1.113	рюкзак-синий	8.0	13.7	порода-в-тени	0.748	25.1	1.0	-6.0	6.1	bbox	778	194.0	194.0	201.0	53,502,10,15	191.8			
780	780	1.544	палка-ручка-пробка	8.9	29.8	корка-жёлтая-на-скале	0.143	45.9	1.0	15.0	15.0	bbox	779	55.0	55.0	55.0	1901,463,8,10	191.7			
781	781	0.626	рюкзак-синий	5.0	1.2	снег-в-тени	0.403	37.6	1.0	-9.0	9.1	bbox	780	145.0	145.0	145.0	816,0,12,10	191.4			
782	782	1.581	стакан-марка-красная	11.0	21.6	снег-освещённый	0.359	71.4	0.0	0.0	0.0	bbox	781	123.0	123.0	123.0	643,991,10,10	191.2			
783	783	1.386	рюкзак-синий	3.6	36.7	снег-в-тени	1.122	75.5	3.0	-11.0	11.4	bbox	782	39.0	39.0	39.0	9,755,8,10	190.7			
784	784	0.818	рюкзак-синий	5.8	10.4	снег-в-тени	0.518	49.2	4.0	-9.0	9.8	bbox	783	137.0	137.0	137.0	1857,669,8,12	190.7			
785	785	0.883	рюкзак-синий	5.8	13.9	снег-в-тени	0.857	52.7	6.0	-11.0	12.5	bbox	784	5.0	5.0	5.0	767,81,16,10	190.5			
786	786	0.557	рюкзак-синий	4.1	5.9	снег-в-тени	0.273	44.7	0.0	-10.0	10.0	bbox	785	228.0	226.0	231.0	208,189,15,12	190.4			
787	787	1.592	стакан-марка-красная	12.6	5.1	снег-розовый	0.969	54.9	-1.0	5.0	5.1	bbox	786	47.0	47.0	47.0	999,57,12,10	190.3			
788	788	1.423	стакан-марка-красная	10.8	12.9	снег-освещённый	0.787	62.7	1.0	-3.0	3.2	bbox	787	191.0	191.0	191.0	1313,135,16,10	189.2			
789	789	0.448	стакан-марка-красная	3.2	5.9	порода-охристая	1.202	43.9	8.0	2.0	8.2	bbox	788	100.0	100.0	100.0	1192,0,17,7	189.1			
790	790	1.412	стакан-марка-красная	11.0	8.8	снег-розовый	0.746	58.6	0.0	0.5	0.5	bbox	789	231.0	231.0	231.0	1549,937,2,24	189.1			
791	791	1.572	рюкзак-синий	6.5	37.7	снег-в-тени	1.578	76.5	7.5	-14.0	15.9	bbox	790	51.0	51.0	53.0	649,119,12,8	188.8			
792	792	1.339	стакан-марка-красная	10.0	12.9	снег-розовый	0.600	62.7	1.0	0.0	1.0	bbox	791	152.0	152.0	152.0	1731,737,10,9	188.5			
793	793	0.799	рюкзак-синий	4.1	17.1	снег-в-тени	0.930	55.9	5.0	-13.0	13.9	bbox	792	51.0	51.0	51.0	0,597,14,16	188.2			
794	794	1.482	стакан-марка-красная	11.0	15.5	порода-в-тени	0.610	34.3	0.0	1.0	1.0	bbox	793	74.0	74.0	74.0	1777,257,24,3	187.8			
795	795	1.487	стакан-марка-красная	11.0	15.9	снег-розовый	0.509	65.7	0.0	1.0	1.0	bbox	794	40.0	40.0	40.0	751,327,9,8	187.7			
796	796	1.300	рюкзак-синий	7.1	26.7	снег-в-тени	0.691	65.5	2.0	-7.0	7.3	bbox	795	133.0	133.0	133.0	284,424,19,19	187.4			
797	797	2.165	стакан-марка-красная	12.0	43.7	снег-освещённый	0.471	93.5	-1.0	1.0	1.4	bbox	796	63.0	63.0	63.0	1889,769,6,21	187.0			
798	798	1.464	стакан-марка-красная	10.8	16.1	снег-розовый	0.576	65.9	1.0	5.0	5.1	bbox	797	209.0	209.0	209.0	1807,137,4,20	186.4			
799	799	1.164	рюкзак-синий	8.1	16.3	снег-в-тени	0.689	55.1	5.0	-7.0	8.6	bbox	798	82.0	82.0	82.0	747,1061,8,10	186.3			
800	800	1.180	рюкзак-синий	6.0	25.5	снег-в-тени	0.603	64.3	1.0	-8.0	8.1	bbox	799	133.0	133.0	133.0	161,793,10,16	186.3			
801	801	1.454	стакан-марка-красная	7.3	31.8	порода-в-тени	0.755	18.0	4.0	-1.0	4.1	bbox	800	164.0	164.0	164.0	5,477,11,14	186.2			
802	802	0.769	рюкзак-синий	2.0	20.4	снег-в-тени	1.169	18.4	1.0	-12.0	12.0	bbox	801	210.0	210.0	211.0	930,428,9,8	185.7			
803	803	1.040	стакан-марка-красная	7.2	14.5	снег-в-тени	1.052	35.3	7.0	-5.0	8.6	bbox	802	103.0	103.0	103.0	1032,183,17,10	185.6			
804	804	0.877	рюкзак-синий	6.3	10.6	снег-в-тени	1.009	49.4	7.0	-12.0	13.9	bbox	803	66.0	66.0	66.0	1481,1005,14,6	185.1			
805	805	0.620	рюкзак-синий	3.2	13.4	снег-в-тени	0.406	52.2	0.0	-11.0	11.0	bbox	804	6.0	6.0	6.0	1698,877,5,18	184.9			
806	806	2.033	стакан-марка-красная	11.4	40.6	снег-освещённый	0.442	90.4	0.0	-2.0	2.0	bbox	805	189.0	189.0	191.0	965,587,11,14	184.6			
807	807	1.434	стакан-марка-красная	11.2	9.0	снег-освещённый	0.805	58.8	0.0	-1.0	1.0	bbox	806	234.0	233.0	234.0	1501,129,4,16	184.4			
808	808	1.935	стакан-марка-красная	9.2	43.5	порода-в-тени	0.710	6.3	2.0	-1.0	2.2	bbox	807	57.0	57.0	57.0	940,47,11,9	184.3			
809	809	1.528	рюкзак-синий	5.0	39.0	снег-в-тени	1.210	77.8	4.0	-10.0	10.8	bbox	808	124.0	124.0	126.0	1003,0,14,5	183.7			
810	810	2.050	стакан-марка-красная	11.3	41.6	снег-пересвеченный	1.008	91.4	3.0	-7.0	7.6	bbox	809	120.0	120.0	120.0	1867,159,6,18	183.4			
811	811	1.561	рюкзак-синий	5.4	39.4	снег-в-тени	1.657	78.2	6.0	-16.0	17.1	bbox	810	210.0	210.0	210.0	439,119,22,6	183.2			
812	812	1.869	стакан-марка-красная	11.7	32.6	снег-освещённый	0.399	82.4	0.0	-3.0	3.0	bbox	811	128.0	128.0	128.0	545,237,14,8	183.1			
813	813	1.169	рюкзак-синий	5.1	27.4	порода-в-тени	1.080	11.4	0.0	-9.0	9.0	bbox	812	218.0	218.0	218.0	1333,696,6,13	182.9			
814	814	1.525	стакан-марка-красная	12.0	6.9	порода-в-тени	0.824	42.9	-1.0	0.0	1.0	bbox	813	175.0	175.0	175.0	615,91,10,12	182.8			
815	815	1.399	стакан-марка-красная	11.2	2.0	снег-в-тени	0.886	51.8	0.0	-1.0	1.0	bbox	814	191.0	191.0	191.0	975,747,8,16	182.5			
816	816	0.862	рюкзак-синий	6.1	11.4	снег-в-тени	0.086	50.2	0.0	-8.0	8.0	bbox	815	211.0	211.0	211.0	150,905,6,11	182.2			
817	817	1.986	стакан-марка-красная	15.9	1.6	корка-жёлтая-на-скале	0.895	48.2	-3.0	8.5	9.0	bbox	816	53.0	48.0	53.0	1010,9,17,6	182.1			
818	818	1.398	стакан-марка-красная	11.2	0.4	снег-в-тени	0.877	49.4	0.0	-1.0	1.0	bbox	817	132.0	132.0	132.0	933,729,6,16	181.3			
819	819	1.616	стакан-марка-красная	12.0	16.5	снег-освещённый	0.519	66.3	-1.0	0.0	1.0	bbox	818	218.0	218.0	218.0	1775,193,11,10	181.3			
820	820	1.586	стакан-марка-красная	11.2	21.0	снег-освещённый	0.399	70.8	0.0	-1.0	1.0	bbox	819	238.0	238.0	238.0	809,567,16,4	181.3			
821	821	1.425	стакан-марка-красная	11.2	7.8	снег-розовый	0.843	57.6	0.0	-1.0	1.0	bbox	820	139.0	139.0	139.0	179,833,6,8	181.2			
822	822	1.602	стакан-марка-красная	11.0	22.7	порода-в-тени	0.367	27.1	0.0	0.0	0.0	bbox	821	127.0	127.0	127.0	843,923,14,6	180.8			
823	823	1.495	стакан-марка-красная	11.0	16.1	порода-в-тени	0.552	33.7	0.0	0.0	0.0	bbox	822	178.0	178.0	178.0	855,475,20,4	180.8			
824	824	1.444	стакан-марка-красная	11.2	10.2	снег-освещённый	0.764	60.0	0.0	-1.0	1.0	bbox	823	122.0	122.0	122.0	281,857,8,6	180.4			
825	825	0.972	рюкзак-синий	5.8	18.0	снег-в-тени	1.094	20.8	4.0	-9.0	9.8	bbox	824	6.0	3.0	6.0	1775,129,10,14	179.8			
826	826	1.479	стакан-марка-красная	11.2	13.5	снег-освещённый	0.648	63.3	0.0	-1.0	1.0	bbox	825	121.0	121.0	121.0	1663,563,12,6	179.4			
827	827	1.406	рюкзак-синий	7.0	30.8	снег-в-тени	0.799	69.6	1.0	-7.0	7.1	bbox	826	240.0	240.0	240.0	329,747,20,12	179.4			
828	828	1.574	стакан-марка-красная	11.0	21.2	снег-освещённый	0.372	71.0	0.0	0.0	0.0	bbox	827	123.0	123.0	123.0	1461,763,12,6	179.3			
829	829	1.821	рюкзак-синий	2.8	50.0	снег-пересвеченный	1.427	88.8	3.0	-12.0	12.4	bbox	828	215.0	215.0	217.0	431,15,26,6	179.2			
830	830	1.653	стакан-марка-красная	11.2	24.7	снег-освещённый	0.602	74.5	1.0	-4.0	4.1	bbox	829	186.0	186.0	186.0	1337,0,12,10	179.1			
831	831	1.064	рюкзак-синий	3.2	27.7	снег-в-тени	1.208	66.5	4.0	-15.0	15.5	bbox	830	107.0	106.0	109.0	1417,135,22,6	178.6			
832	832	0.830	рюкзак-синий	6.3	7.0	снег-в-тени	0.586	31.8	-1.0	-8.0	8.1	bbox	831	156.0	154.0	156.0	511,121,14,8	178.6			
833	833	1.474	стакан-марка-красная	11.7	4.9	снег-в-тени	0.672	54.7	0.0	-3.0	3.0	bbox	832	179.0	179.0	179.0	667,139,18,12	178.3			
834	834	1.243	стакан-марка-красная	9.8	4.7	снег-в-тени	0.715	54.5	2.0	-3.0	3.6	bbox	833	86.0	84.0	93.0	449,151,9,7	177.8			
835	835	1.344	рюкзак-синий	10.2	11.9	порода-в-тени	0.458	26.9	-1.0	-4.0	4.1	bbox	834	165.0	165.0	165.0	364,765,16,4	177.7			
836	836	0.990	рюкзак-синий	5.1	21.2	снег-в-тени	0.518	60.0	2.0	-9.0	9.2	bbox	835	190.0	190.0	190.0	1291,417,16,10	177.0			
837	837	1.233	рюкзак-синий	7.2	23.6	снег-в-тени	0.641	62.4	-3.0	-8.0	8.5	bbox	836	0.0	0.0	0.0	1320,779,3,22	176.5			
838	838	1.212	рюкзак-синий	8.1	18.8	снег-в-тени	0.529	57.6	-3.0	-7.0	7.6	bbox	837	74.0	74.0	77.0	73,561,8,13	176.3			
839	839	2.009	стакан-марка-красная	15.7	12.7	корка-жёлтая-на-скале	1.026	37.1	-3.0	8.0	8.5	bbox	838	53.0	52.0	53.0	1355,9,20,6	176.1			
840	840	0.962	рюкзак-синий	6.1	16.5	снег-в-тени	0.366	55.3	2.0	-8.0	8.2	bbox	839	16.0	16.0	16.0	571,0,16,5	176.0			
841	841	1.494	стакан-марка-красная	11.1	15.5	снег-розовый	0.509	65.3	0.0	2.5	2.5	bbox	840	230.0	230.0	230.0	1607,785,6,16	175.9			
842	842	1.541	стакан-марка-красная	12.2	7.1	порода-в-тени	0.950	42.7	-1.0	3.0	3.2	bbox	841	57.0	54.0	59.0	995,3,20,8	175.8			
843	843	1.438	стакан-марка-красная	10.8	13.7	корка-жёлтая-на-скале	1.113	36.1	2.0	7.0	7.3	bbox	842	60.0	58.0	60.0	1879,825,10,8	175.5			
844	844	1.531	рюкзак-синий	9.2	28.2	порода-в-тени	0.623	10.6	-1.0	-5.0	5.1	bbox	843	216.0	216.0	216.0	490,979,7,9	175.5			
845	845	1.418	рюкзак-синий	11.0	9.0	порода-в-тени	0.488	29.8	0.0	-3.0	3.0	bbox	844	107.0	107.0	107.0	565,672,9,9	175.3			
846	846	1.076	рюкзак-синий	5.0	24.5	снег-в-тени	0.916	63.3	5.0	-11.0	12.1	bbox	845	51.0	51.0	51.0	961,93,20,12	174.8			
847	847	0.410	рюкзак-синий	3.0	4.3	снег-в-тени	0.974	34.5	4.0	-13.5	14.1	bbox	846	52.0	52.0	52.0	1733,229,16,8	174.8			
848	848	1.653	стакан-марка-красная	11.2	24.7	порода-в-тени	0.301	25.1	0.0	-1.0	1.0	bbox	847	5.0	5.0	5.0	1911,375,9,16	174.2			
849	849	1.155	рюкзак-синий	6.1	24.3	снег-в-тени	0.602	63.1	2.0	-8.0	8.2	bbox	848	240.0	240.0	240.0	1031,15,10,10	173.7			
850	850	1.448	стакан-марка-красная	10.8	14.9	снег-освещённый	0.730	64.7	1.0	-3.0	3.2	bbox	849	252.0	252.0	252.0	1083,17,18,12	173.7			
851	851	1.030	рюкзак-синий	6.1	19.4	снег-в-тени	1.292	58.2	7.0	-15.0	16.6	bbox	850	49.0	49.0	49.0	177,735,4,20	172.6			
852	852	0.415	рюкзак-синий	3.2	3.5	снег-в-тени	1.102	35.3	4.0	-15.0	15.5	bbox	851	242.0	242.0	242.0	1073,0,14,7	172.4			
853	853	2.111	стакан-марка-красная	11.2	44.3	снег-пересвеченный	0.650	94.1	1.0	-4.0	4.1	bbox	852	241.0	241.0	241.0	347,584,10,8	172.2			
854	854	1.196	рюкзак-синий	4.2	30.0	снег-в-тени	0.977	68.8	4.0	-11.0	11.7	bbox	853	66.0	66.0	66.0	1271,1071,18,9	171.5			
855	855	1.000	рюкзак-синий	5.1	21.6	снег-в-тени	0.530	60.4	2.0	-9.0	9.2	bbox	854	41.0	41.0	45.0	1219,601,14,6	171.3			
856	856	0.917	рюкзак-синий	5.1	18.5	снег-в-тени	0.360	57.3	0.0	-9.0	9.0	bbox	855	260.0	260.0	260.0	1205,53,18,10	171.3			
857	857	1.543	стакан-марка-красная	10.0	25.1	порода-в-тени	0.424	24.7	1.0	0.0	1.0	bbox	856	86.0	86.0	87.0	815,958,15,5	171.1			
858	858	1.437	рюкзак-синий	11.2	9.4	порода-в-тени	0.426	29.4	-1.0	-3.0	3.2	bbox	857	165.0	165.0	165.0	231,742,12,5	170.2			
859	859	1.619	стакан-марка-красная	11.1	23.3	снег-освещённый	0.307	73.1	0.0	-0.5	0.5	bbox	858	130.0	130.0	130.0	1899,499,4,14	170.0			
860	860	1.714	рюкзак-синий	12.5	19.4	порода-в-тени	0.260	19.4	0.0	-1.5	1.5	bbox	859	127.0	127.0	127.0	97,988,9,8	169.8			
861	861	1.525	стакан-марка-красная	12.0	6.9	снег-освещённый	0.862	56.7	-1.0	0.0	1.0	bbox	860	220.0	220.0	220.0	1741,809,6,16	169.2			
862	862	0.758	рюкзак-синий	6.0	3.1	снег-в-тени	0.450	35.7	1.0	-8.0	8.1	bbox	861	171.0	171.0	171.0	41,177,8,6	168.9			
863	863	0.731	рюкзак-синий	3.6	16.1	снег-в-тени	1.160	54.9	-1.0	-17.0	17.0	bbox	862	73.0	73.0	73.0	1157,809,8,8	168.6			
864	864	1.434	стакан-марка-красная	11.2	9.0	снег-освещённый	0.805	58.8	0.0	-1.0	1.0	bbox	863	150.0	150.0	150.0	113,877,8,12	168.6			
865	865	1.419	стакан-марка-красная	10.0	18.8	снег-розовый	0.366	68.6	1.0	1.0	1.4	bbox	864	225.0	225.0	225.0	1895,337,4,15	168.6			
866	866	1.003	рюкзак-синий	8.0	2.3	снег-в-тени	0.492	36.5	1.0	-6.0	6.1	bbox	865	184.0	184.0	184.0	644,117,8,10	168.3			
867	867	1.595	палка-древко-контроль	6.3	38.8	снег-пересвеченный	0.871	80.4	-6.0	-9.0	10.8	bbox	866	93.0	85.0	95.0	1677,1069,10,6	167.7			
868	868	1.425	стакан-марка-красная	11.2	7.8	порода-в-тени	0.810	42.0	0.0	-1.0	1.0	bbox	867	133.0	133.0	133.0	361,387,12,12	167.7			
869	869	1.332	рюкзак-синий	6.1	30.6	снег-в-тени	0.811	69.4	2.0	-8.0	8.2	bbox	868	256.0	256.0	256.0	1575,0,4,14	167.5			
870	870	1.304	стакан-марка-красная	10.0	9.8	порода-в-тени	0.804	40.0	1.0	0.0	1.0	bbox	869	112.0	112.0	113.0	1339,889,6,8	167.3			
871	871	1.275	стакан-марка-красная	10.2	1.0	снег-в-тени	0.885	48.8	1.0	-1.0	1.4	bbox	870	247.0	247.0	247.0	1337,1063,10,12	167.0			
872	872	1.686	рюкзак-синий	12.4	18.8	снег-в-тени	0.865	57.6	-2.0	-2.0	2.8	bbox	871	30.0	30.0	30.0	271,357,19,8	166.6			
873	873	1.715	стакан-марка-красная	13.0	14.9	снег-освещённый	0.588	64.7	-2.0	0.0	2.0	bbox	872	29.0	29.0	29.0	539,259,12,10	166.5			
874	874	0.955	рюкзак-синий	6.0	16.4	снег-в-тени	1.437	22.4	7.0	-13.5	15.2	bbox	873	4.0	4.0	4.0	1777,379,12,6	166.4			
875	875	2.125	стакан-марка-красная	11.7	43.1	снег-пересвеченный	0.507	92.9	0.0	-3.0	3.0	bbox	874	179.0	179.0	179.0	1635,631,5,12	166.2			
876	876	1.692	стакан-марка-красная	12.4	19.2	снег-освещённый	0.489	69.0	-1.0	-2.0	2.2	bbox	875	180.0	180.0	180.0	1509,905,6,12	166.0			
877	877	1.802	стакан-марка-красная	14.1	10.8	снег-освещённый	0.766	60.6	-3.0	-0.5	3.0	bbox	876	23.0	23.0	23.0	179,207,10,9	165.9			
878	878	1.116	рюкзак-синий	2.1	30.4	снег-в-тени	1.123	69.2	-1.0	-14.5	14.5	bbox	877	101.0	101.0	101.0	271,0,18,7	165.8			
879	879	1.654	рюкзак-синий	5.6	42.0	снег-в-тени	1.463	80.8	6.0	-11.5	13.0	bbox	878	49.0	49.0	49.0	731,21,16,7	165.7			
880	880	1.765	стакан-марка-красная	14.0	6.5	снег-освещённый	0.919	56.3	-3.0	1.0	3.2	bbox	879	29.0	29.0	30.0	135,462,8,11	165.4			
881	881	1.047	стакан-марка-красная	8.2	5.1	снег-в-тени	0.958	44.7	3.0	-1.0	3.2	bbox	880	199.0	199.0	200.0	1411,705,16,12	165.4			
882	882	1.569	стакан-марка-красная	11.2	20.0	порода-в-тени	0.419	29.8	0.0	-1.0	1.0	bbox	881	118.0	118.0	118.0	525,217,17,8	165.3			
883	883	2.176	стакан-марка-красная	11.7	45.1	снег-пересвеченный	0.523	94.9	0.0	-3.0	3.0	bbox	882	61.0	61.0	61.0	1411,851,8,19	165.2			
884	884	0.826	рюкзак-синий	6.1	9.0	снег-в-тени	0.002	47.8	0.0	-8.0	8.0	bbox	883	211.0	211.0	211.0	493,601,10,10	165.1			
885	885	1.359	рюкзак-синий	10.0	14.5	порода-в-тени	0.472	24.3	0.0	-4.0	4.0	bbox	884	256.0	256.0	256.0	113,505,10,7	164.9			
886	886	1.395	рюкзак-синий	6.3	32.2	снег-в-тени	0.909	71.0	3.0	-8.0	8.5	bbox	885	127.0	127.0	127.0	313,17,8,6	164.8			
887	887	0.995	рюкзак-синий	5.6	19.8	снег-в-тени	0.950	58.6	6.0	-11.5	13.0	bbox	886	53.0	49.0	53.0	721,163,16,8	164.7			
888	888	1.477	стакан-марка-красная	11.0	15.1	порода-в-тени	0.621	34.7	0.0	1.0	1.0	bbox	887	244.0	244.0	244.0	937,993,6,8	164.6			
889	889	0.824	рюкзак-синий	5.4	13.3	снег-в-тени	0.816	25.5	-1.0	-9.0	9.1	bbox	888	106.0	106.0	106.0	605,553,16,10	164.5			
890	890	1.410	стакан-марка-красная	11.0	8.0	порода-в-тени	0.813	41.8	0.0	0.0	0.0	bbox	889	112.0	112.0	113.0	1637,33,4,12	164.4			
891	891	1.402	стакан-марка-красная	11.2	3.1	снег-в-тени	0.894	52.9	0.0	-1.0	1.0	bbox	890	13.0	13.0	18.0	1233,0,8,9	164.1			
892	892	1.609	стакан-марка-красная	12.2	14.7	снег-освещённый	0.595	64.5	-1.0	-1.0	1.4	bbox	891	220.0	220.0	220.0	1719,889,8,24	164.0			
893	893	1.550	рюкзак-синий	8.1	33.0	снег-освещённый	0.898	71.8	2.0	-6.0	6.3	bbox	892	132.0	132.0	132.0	319,191,18,20	163.9			
894	894	1.522	рюкзак-синий	5.0	38.8	снег-в-тени	1.671	77.6	5.0	-17.0	17.7	bbox	893	210.0	208.0	210.0	1463,49,16,4	163.4			
895	895	1.463	стакан-марка-красная	11.0	13.5	снег-розовый	0.620	63.3	0.0	0.0	0.0	bbox	894	225.0	225.0	227.0	1899,225,4,16	163.4			
896	896	1.119	стакан-марка-красная	8.6	8.6	порода-охристая	1.021	58.4	6.0	8.0	10.0	bbox	895	83.0	83.0	83.0	91,1023,16,4	163.1			
897	897	1.490	стакан-марка-красная	11.2	14.5	порода-в-тени	0.588	35.3	0.0	-1.0	1.0	bbox	896	197.0	197.0	197.0	1475,933,8,12	163.1			
898	898	0.600	рюкзак-синий	4.1	8.6	снег-в-тени	0.677	30.2	0.0	-10.0	10.0	bbox	897	194.0	194.0	194.0	216,1053,11,6	163.0			
899	899	1.440	стакан-марка-красная	10.0	20.0	снег-розовый	0.330	69.8	1.0	1.0	1.4	bbox	898	227.0	227.0	227.0	1731,754,3,15	162.8			
900	900	0.674	рюкзак-синий	5.4	0.8	снег-в-тени	0.342	39.6	-1.0	-9.0	9.1	bbox	899	211.0	211.0	211.0	913,69,10,8	162.5			
901	901	1.222	рюкзак-синий	9.1	12.9	порода-в-тени	0.592	25.9	0.0	-5.0	5.0	bbox	900	240.0	240.0	240.0	605,987,7,13	162.4			
902	902	1.397	стакан-марка-красная	11.0	5.9	снег-розовый	0.859	55.7	0.0	0.0	0.0	bbox	901	113.0	113.0	113.0	1491,11,8,10	162.2			
903	903	1.631	стакан-марка-красная	10.6	26.5	снег-розовый	0.762	76.3	3.0	8.0	8.5	bbox	902	220.0	220.0	220.0	1787,481,6,14	162.2			
904	904	1.286	рюкзак-синий	6.1	29.0	снег-в-тени	0.758	67.8	2.0	-8.0	8.2	bbox	903	144.0	144.0	144.0	51,263,26,6	161.9			
905	905	1.443	стакан-марка-красная	11.0	11.8	порода-в-тени	0.689	38.0	0.0	0.0	0.0	bbox	904	74.0	74.0	77.0	1329,1021,10,6	161.8			
906	906	1.634	стакан-марка-красная	11.2	23.7	порода-в-тени	0.322	26.1	0.0	-1.0	1.0	bbox	905	247.0	247.0	247.0	1033,945,8,8	161.8			
907	907	1.811	рюкзак-синий	12.0	28.2	порода-в-тени	0.448	10.6	0.0	-2.0	2.0	bbox	906	18.0	18.0	18.0	1693,420,10,9	161.5			
908	908	1.503	стакан-марка-красная	11.0	16.7	порода-в-тени	0.534	33.1	0.0	0.0	0.0	bbox	907	244.0	244.0	244.0	665,987,8,8	161.2			
909	909	1.525	стакан-марка-красная	12.2	3.1	снег-в-тени	0.903	52.9	-1.0	-1.0	1.4	bbox	908	145.0	145.0	145.0	323,503,10,14	160.9			
910	910	0.885	рюкзак-синий	7.1	1.3	снег-в-тени	0.463	37.5	2.0	-7.0	7.3	bbox	909	146.0	146.0	146.0	1360,8,11,6	160.5			
911	911	1.531	рюкзак-синий	12.2	4.9	снег-в-тени	0.774	43.7	-1.0	-2.0	2.2	bbox	910	156.0	152.0	156.0	893,51,12,4	160.5			
912	912	0.469	рюкзак-синий	3.0	7.9	снег-в-тени	0.397	46.7	1.0	-11.0	11.0	bbox	911	8.0	7.0	8.0	1815,980,7,23	160.4			
913	913	1.853	рюкзак-синий	13.0	24.7	порода-в-тени	0.336	14.1	0.0	-1.0	1.0	bbox	912	66.0	66.0	67.0	19,601,6,8	160.3			
914	914	1.384	рюкзак-синий	7.1	29.8	снег-в-тени	0.795	68.6	2.0	-7.0	7.3	bbox	913	245.0	245.0	245.0	1035,15,20,8	160.2			
915	915	1.419	рюкзак-синий	5.1	35.5	снег-в-тени	0.955	74.3	0.0	-9.0	9.0	bbox	914	211.0	211.0	211.0	919,883,12,9	160.0			
916	916	1.030	стакан-марка-красная	5.8	20.4	снег-розовый	0.755	70.2	6.0	-2.0	6.3	bbox	915	82.0	82.0	82.0	602,1077,15,3	159.8			
917	917	1.745	стакан-марка-красная	12.0	24.7	снег-освещённый	0.225	74.5	-1.0	0.0	1.0	bbox	916	41.0	41.0	41.0	844,529,18,5	159.7			
918	918	0.936	рюкзак-синий	3.6	23.0	снег-в-тени	0.865	61.8	4.0	-12.0	12.6	bbox	917	56.0	56.0	56.0	567,41,18,6	159.6			
919	919	1.434	стакан-марка-красная	11.4	4.3	снег-в-тени	0.783	54.1	0.0	-2.0	2.0	bbox	918	146.0	146.0	146.0	537,199,16,8	159.5			
920	920	1.631	стакан-марка-красная	11.2	23.5	порода-в-тени	0.326	26.3	0.0	-1.0	1.0	bbox	919	241.0	241.0	241.0	125,217,10,10	159.5			
921	921	1.916	рюкзак-синий	13.0	28.2	порода-в-тени	0.430	10.6	0.0	-1.0	1.0	bbox	920	69.0	69.0	69.0	491,971,10,12	159.4			
922	922	1.753	стакан-марка-красная	11.2	29.6	снег-освещённый	0.561	79.4	1.0	-4.0	4.1	bbox	921	165.0	165.0	165.0	1405,902,14,12	158.7			
923	923	1.430	стакан-марка-красная	11.4	3.1	снег-в-тени	0.751	46.7	0.0	-2.0	2.0	bbox	922	178.0	178.0	178.0	1905,963,10,12	158.5			
924	924	1.694	стакан-марка-красная	13.0	13.7	снег-розовый	0.861	63.5	-0.5	7.0	7.0	bbox	923	99.0	99.0	99.0	1137,543,32,2	158.4			
925	925	1.915	стакан-марка-красная	12.0	33.3	снег-освещённый	0.150	83.1	-1.0	1.0	1.4	bbox	924	63.0	63.0	63.0	1857,861,4,20	158.3			
926	926	1.616	стакан-марка-красная	11.0	23.5	порода-в-тени	0.349	26.3	0.0	0.0	0.0	bbox	925	127.0	127.0	127.0	0,989,17,6	158.3			
927	927	1.885	палка-ручка-контроль	11.9	32.5	корка-жёлтая-на-скале	0.895	25.1	3.0	14.5	14.8	bbox	926	243.0	243.0	243.0	3,121,10,8	158.3			
928	928	2.104	стакан-марка-красная	13.6	34.7	снег-освещённый	0.651	84.5	-2.0	5.0	5.4	bbox	927	50.0	46.0	50.0	1095,74,10,13	158.1			
929	929	1.342	стакан-марка-красная	10.2	11.8	порода-в-тени	0.733	38.0	1.0	-1.0	1.4	bbox	928	196.0	196.0	196.0	441,97,8,8	158.1			
930	930	0.671	рюкзак-синий	4.5	10.2	снег-в-тени	1.018	49.0	5.5	-14.0	15.0	bbox	929	33.0	33.0	33.0	1767,949,12,8	157.9			
931	931	0.877	рюкзак-синий	5.1	16.9	снег-в-тени	1.016	55.7	6.0	-13.0	14.3	bbox	930	66.0	66.0	66.0	1765,689,12,10	157.8			
932	932	0.716	рюкзак-синий	5.0	9.8	снег-в-тени	0.855	29.0	-3.0	-11.0	11.4	bbox	931	104.0	104.0	105.0	747,479,8,10	157.8			
933	933	1.304	стакан-марка-красная	9.2	17.1	снег-розовый	0.775	66.9	4.0	7.0	8.1	bbox	932	222.0	222.0	222.0	1777,759,5,16	157.8			
934	934	1.153	стакан-марка-красная	9.2	0.6	снег-в-тени	0.911	49.2	2.0	-1.0	2.2	bbox	933	110.0	110.0	110.0	401,252,9,10	157.7			
935	935	1.124	рюкзак-синий	6.1	23.2	снег-в-тени	0.564	62.0	2.0	-8.0	8.2	bbox	934	224.0	224.0	224.0	64,201,23,10	157.7			
936	936	1.443	стакан-марка-красная	11.0	11.8	снег-розовый	0.673	61.6	0.0	0.0	0.0	bbox	935	248.0	248.0	248.0	1381,7,12,6	157.7			
937	937	1.776	рюкзак-синий	12.0	26.6	порода-в-тени	0.493	12.2	1.0	-2.0	2.2	bbox	936	26.0	26.0	26.0	1902,115,11,7	157.5			
938	938	1.445	стакан-марка-красная	10.0	20.0	снег-розовый	0.395	69.8	1.0	0.0	1.0	bbox	937	41.0	40.0	41.0	663,753,8,12	157.1			
939	939	1.402	стакан-марка-красная	11.0	7.7	снег-розовый	0.772	57.5	0.0	1.0	1.0	bbox	938	42.0	42.0	42.0	873,333,8,8	157.0			
940	940	1.509	рюкзак-синий	12.0	3.1	порода-в-тени	0.613	35.7	0.0	-2.0	2.0	bbox	939	177.0	177.0	177.0	1135,359,11,14	156.7			
941	941	0.741	рюкзак-синий	5.8	3.7	снег-в-тени	0.548	42.5	4.0	-9.0	9.8	bbox	940	189.0	189.0	189.0	835,129,10,12	156.7			
942	942	1.302	рюкзак-синий	10.2	7.4	порода-в-тени	0.557	31.4	-1.0	-4.0	4.1	bbox	941	149.0	149.0	151.0	1151,21,14,14	156.6			
943	943	1.554	стакан-марка-красная	11.0	20.0	порода-в-тени	0.437	29.8	0.0	0.0	0.0	bbox	942	172.0	172.0	173.0	179,507,10,8	156.6			
944	944	0.526	рюкзак-синий	4.1	2.9	снег-в-тени	0.494	35.9	0.0	-10.0	10.0	bbox	943	237.0	237.0	237.0	1073,443,9,10	156.6			
945	945	1.317	рюкзак-синий	8.1	23.7	снег-в-тени	0.634	62.5	2.0	-6.0	6.3	bbox	944	161.0	160.0	161.0	181,499,12,8	156.4			
946	946	1.470	стакан-марка-красная	11.0	14.1	порода-в-тени	0.613	35.7	0.0	0.0	0.0	bbox	945	244.0	244.0	244.0	1134,647,13,6	156.4			
947	947	1.715	рюкзак-синий	5.0	44.7	снег-пересвеченный	1.353	83.5	4.0	-10.0	10.8	bbox	946	52.0	52.0	52.0	1173,129,8,9	156.3			
948	948	0.259	стакан-марка-красная	2.1	0.8	порода-охристая	1.563	50.6	11.5	-1.0	11.5	bbox	947	100.0	100.0	100.0	241,0,14,7	155.9			
949	949	1.395	стакан-марка-красная	9.5	20.6	снег-розовый	0.562	70.4	2.0	-2.0	2.8	bbox	948	54.0	54.0	54.0	1229,169,14,8	155.4			
950	950	1.420	стакан-марка-красная	11.2	7.1	снег-розовый	0.902	56.9	1.0	6.0	6.1	bbox	949	82.0	81.0	82.0	1789,987,14,4	155.4			
951	951	0.302	рюкзак-синий	2.0	4.7	снег-в-тени	1.019	43.5	1.0	-16.0	16.0	bbox	950	196.0	196.0	196.0	1878,77,11,8	155.3			
952	952	1.247	рюкзак-синий	4.5	31.2	снег-в-тени	1.421	70.0	5.0	-16.0	16.8	bbox	951	208.0	208.0	208.0	829,45,14,8	155.3			
953	953	1.669	стакан-марка-красная	11.4	24.3	корка-жёлтая-на-скале	1.210	25.5	2.0	8.0	8.2	bbox	952	53.0	53.0	53.0	1528,305,9,12	155.2			
954	954	1.339	стакан-марка-красная	9.1	20.0	снег-розовый	0.278	69.8	2.0	2.0	2.8	bbox	953	94.0	94.0	94.0	491,429,8,6	155.2			
955	955	0.925	рюкзак-синий	6.1	14.7	снег-в-тени	0.323	53.5	2.0	-8.0	8.2	bbox	954	16.0	16.0	16.0	1819,55,11,8	155.1			
956	956	0.902	рюкзак-синий	6.3	12.2	снег-в-тени	0.169	51.0	-1.0	-8.0	8.1	bbox	955	258.0	258.0	258.0	1835,859,8,6	155.1			
957	957	1.447	стакан-марка-красная	11.0	12.2	порода-в-тени	0.676	37.6	0.0	0.0	0.0	bbox	956	13.0	13.0	13.0	1253,279,10,8	154.9			
958	958	0.918	рюкзак-синий	7.0	7.8	снег-в-тени	0.626	31.0	1.0	-7.0	7.1	bbox	957	141.0	141.0	144.0	353,6,6,10	154.8			
959	959	1.686	рюкзак-синий	12.4	18.8	снег-в-тени	0.865	57.6	-2.0	-2.0	2.8	bbox	958	150.0	150.0	150.0	0,319,17,6	154.8			
960	960	1.328	рюкзак-синий	7.2	27.5	снег-в-тени	1.206	66.3	7.5	-11.0	13.3	bbox	959	4.0	4.0	4.0	531,459,8,8	154.7			
961	961	1.710	стакан-марка-красная	11.0	28.2	снег-освещённый	0.159	78.0	0.0	0.0	0.0	bbox	960	126.0	126.0	126.0	657,965,8,11	154.7			
962	962	1.546	рюкзак-синий	5.1	39.4	снег-в-тени	1.461	78.2	6.0	-13.0	14.3	bbox	961	50.0	48.0	50.0	1049,21,16,8	154.3			
963	963	1.860	рюкзак-синий	13.0	25.1	порода-в-тени	0.345	13.7	0.0	-1.0	1.0	bbox	962	69.0	69.0	69.0	499,1074,12,6	154.2			
964	964	1.479	стакан-марка-красная	11.0	15.3	порода-в-тени	0.616	34.5	0.0	1.0	1.0	bbox	963	111.0	111.0	111.0	1273,857,6,8	154.2			
965	965	1.439	стакан-марка-красная	11.0	11.4	снег-розовый	0.685	61.2	0.0	0.0	0.0	bbox	964	41.0	41.0	41.0	1099,209,9,9	153.6			
966	966	0.931	рюкзак-синий	6.3	13.7	снег-в-тени	0.211	52.5	-1.0	-8.0	8.1	bbox	965	101.0	99.0	101.0	1329,125,14,4	153.6			
967	967	0.818	рюкзак-синий	6.3	5.9	снег-в-тени	0.167	44.7	-1.0	-8.0	8.1	bbox	966	214.0	214.0	214.0	981,499,12,6	153.2			
968	968	1.274	стакан-марка-красная	9.4	13.5	снег-в-тени	0.941	63.3	6.0	-7.0	9.2	bbox	967	92.0	92.0	92.0	25,339,10,8	152.9			
969	969	1.768	стакан-марка-красная	13.0	19.2	снег-освещённый	0.505	69.0	-2.0	2.0	2.8	bbox	968	218.0	218.0	218.0	1500,191,10,6	152.9			
970	970	1.926	рюкзак-синий	5.0	51.0	снег-пересвеченный	1.329	89.8	4.0	-10.0	10.8	bbox	969	50.0	50.0	50.0	452,313,15,12	152.7			
971	971	1.521	стакан-марка-красная	9.1	28.4	снег-розовый	0.251	78.2	2.0	0.0	2.0	bbox	970	127.0	126.0	127.0	1264,845,7,8	152.2			
972	972	1.344	стакан-марка-красная	10.0	13.3	снег-розовый	0.531	63.1	1.0	2.0	2.2	bbox	971	224.0	223.0	224.0	1733,54,3,21	151.8			
973	973	0.933	рюкзак-синий	6.1	15.1	снег-в-тени	0.332	53.9	2.0	-8.0	8.2	bbox	972	243.0	243.0	243.0	844,19,27,4	151.7			
974	974	1.646	стакан-марка-красная	11.0	25.1	порода-в-тени	0.319	24.7	0.0	0.0	0.0	bbox	973	172.0	172.0	173.0	9,681,8,8	151.6			
975	975	1.588	стакан-марка-красная	10.8	23.3	снег-освещённый	0.779	73.1	2.0	-5.0	5.4	bbox	974	46.0	45.0	48.0	857,199,8,11	151.5			
976	976	0.641	рюкзак-синий	5.1	1.8	снег-в-тени	0.380	40.6	2.0	-9.0	9.2	bbox	975	102.0	102.0	102.0	1185,73,12,4	151.5			
977	977	1.235	рюкзак-синий	7.1	24.1	снег-в-тени	0.609	62.9	2.0	-7.0	7.3	bbox	976	224.0	224.0	224.0	289,71,18,12	151.5			
978	978	1.402	стакан-марка-красная	11.2	3.1	снег-в-тени	0.876	46.7	0.0	-1.0	1.0	bbox	977	226.0	226.0	227.0	1867,1001,10,16	150.8			
979	979	1.498	стакан-марка-красная	11.0	16.3	снег-розовый	0.481	66.1	0.0	2.0	2.0	bbox	978	236.0	236.0	236.0	1639,685,6,18	150.7			
980	980	2.017	стакан-марка-красная	12.4	36.3	снег-освещённый	0.534	86.1	-1.0	4.0	4.1	bbox	979	48.0	46.0	48.0	875,245,8,12	150.6			
981	981	1.582	стакан-марка-красная	11.2	20.8	порода-в-тени	0.397	29.0	0.0	-1.0	1.0	bbox	980	16.0	16.0	16.0	1137,593,16,6	150.4			
982	982	1.575	стакан-марка-красная	12.0	12.9	снег-освещённый	0.645	62.7	-1.0	0.0	1.0	bbox	981	121.0	121.0	121.0	435,463,14,6	150.1			
983	983	1.512	стакан-марка-красная	11.0	17.3	снег-освещённый	0.506	67.1	0.0	0.0	0.0	bbox	982	98.0	97.0	98.0	177,388,13,7	150.0			
984	984	1.466	стакан-марка-красная	11.2	12.4	снег-освещённый	0.689	62.2	0.0	-1.0	1.0	bbox	983	121.0	121.0	123.0	801,343,16,8	150.0			
985	985	0.957	рюкзак-синий	7.2	9.0	снег-в-тени	0.896	29.8	5.0	-8.0	9.4	bbox	984	164.0	164.0	164.0	25,609,3,16	149.9			
986	986	2.078	стакан-марка-красная	10.8	44.3	снег-пересвеченный	0.638	94.1	1.0	-3.0	3.2	bbox	985	188.0	188.0	188.0	638,665,8,8	149.4			
987	987	0.912	рюкзак-синий	7.3	1.8	снег-в-тени	0.472	40.6	3.0	-7.0	7.6	bbox	986	65.0	65.0	65.0	1183,65,14,6	149.0			
988	988	1.691	палка-древко-контроль	7.1	40.4	снег-пересвеченный	0.936	82.0	-3.0	-10.0	10.4	bbox	987	87.0	86.0	87.0	635,1069,10,11	149.0			
989	989	1.427	стакан-марка-красная	11.4	1.8	снег-в-тени	0.762	51.6	0.0	-2.0	2.0	bbox	988	172.0	172.0	172.0	393,15,10,10	148.9			
990	990	1.555	стакан-марка-красная	12.0	11.0	снег-освещённый	0.715	60.8	-1.0	0.0	1.0	bbox	989	8.0	7.0	8.0	115,835,8,10	148.7			
991	991	1.536	стакан-марка-красная	11.0	18.8	порода-в-тени	0.470	31.0	0.0	0.0	0.0	bbox	990	174.0	174.0	174.0	827,633,12,10	148.5			
992	992	2.163	стакан-марка-красная	15.0	30.2	корка-жёлтая-на-скале	1.192	19.6	-1.0	10.0	10.0	bbox	991	55.0	55.0	55.0	1899,889,6,10	148.4			
993	993	1.310	стакан-марка-красная	9.8	12.6	снег-розовый	0.829	62.4	2.0	-3.0	3.6	bbox	992	112.0	112.0	113.0	1825,751,14,8	148.3			
994	994	1.583	стакан-марка-красная	9.1	31.0	порода-в-тени	0.518	18.8	2.0	0.0	2.0	bbox	993	180.0	180.0	180.0	303,808,6,11	148.1			
995	995	1.509	стакан-марка-красная	12.0	2.9	снег-розовый	0.996	52.7	-1.0	0.0	1.0	bbox	994	237.0	236.0	237.0	1637,819,8,6	147.8			
996	996	1.433	стакан-марка-красная	11.0	10.8	снег-розовый	0.703	60.6	0.0	0.0	0.0	bbox	995	42.0	42.0	42.0	1185,625,8,10	147.6			
997	997	1.710	стакан-марка-красная	12.0	22.7	снег-освещённый	0.386	72.5	-1.0	2.0	2.2	bbox	996	56.0	56.0	56.0	829,0,12,7	147.6			
998	998	1.482	стакан-марка-красная	11.0	15.1	порода-в-тени	0.582	34.7	0.0	0.0	0.0	bbox	997	245.0	244.0	245.0	1163,979,5,12	147.1			
999	999	1.402	стакан-марка-красная	11.2	3.1	снег-в-тени	0.876	46.7	0.0	-1.0	1.0	bbox	998	250.0	250.0	250.0	1729,591,16,6	147.1			
1000	1000	1.426	рюкзак-синий	5.1	35.7	снег-в-тени	0.994	74.5	2.0	-9.0	9.2	bbox	999	40.0	40.0	44.0	1850,323,9,14	146.9			
1001	1001	1.676	стакан-марка-красная	11.2	25.9	порода-в-тени	0.280	23.9	0.0	-1.0	1.0	bbox	1000	175.0	175.0	175.0	163,371,8,8	146.8			
1002	1002	1.553	стакан-марка-красная	12.2	8.8	снег-освещённый	0.802	58.6	-1.0	-1.0	1.4	bbox	1001	218.0	218.0	218.0	1729,141,12,8	146.5			
1003	1003	0.859	рюкзак-синий	5.4	14.9	снег-в-тени	0.926	53.7	6.0	-12.0	13.4	bbox	1002	47.0	47.0	47.0	944,301,17,5	146.1			
1004	1004	1.416	стакан-марка-красная	11.0	8.8	порода-в-тени	0.786	41.0	0.0	0.0	0.0	bbox	1003	37.0	37.0	37.0	217,1039,16,8	145.9			
1005	1005	1.546	стакан-марка-красная	10.2	24.5	снег-освещённый	0.363	74.3	1.0	-1.0	1.4	bbox	1004	217.0	217.0	217.0	1543,441,6,12	145.9			
1006	1006	1.271	рюкзак-синий	5.0	31.0	снег-в-тени	1.072	69.8	5.0	-11.0	12.1	bbox	1005	51.0	51.0	51.0	471,237,14,14	145.6			
1007	1007	1.206	рюкзак-синий	5.1	28.7	снег-в-тени	0.713	67.5	0.0	-9.0	9.0	bbox	1006	193.0	190.0	193.0	1697,129,6,8	145.5			
1008	1008	1.559	стакан-марка-красная	12.2	9.6	снег-освещённый	0.774	59.4	-1.0	-1.0	1.4	bbox	1007	191.0	191.0	191.0	1119,203,18,6	145.4			
1009	1009	1.791	стакан-марка-красная	14.3	2.2	корка-жёлтая-на-скале	1.031	47.6	-2.0	7.0	7.3	bbox	1008	57.0	56.0	58.0	1279,7,16,4	145.2			
1010	1010	1.678	стакан-марка-красная	12.0	20.8	порода-в-тени	0.355	29.0	-1.0	0.0	1.0	bbox	1009	180.0	180.0	180.0	597,1049,8,8	145.1			
1011	1011	0.912	рюкзак-синий	7.0	7.2	снег-в-тени	0.606	31.6	1.0	-7.0	7.1	bbox	1010	251.0	251.0	255.0	123,921,4,16	145.1			
1012	1012	2.013	стакан-марка-красная	12.1	37.3	снег-пересвеченный	0.531	87.1	0.0	-4.0	4.0	bbox	1011	179.0	179.0	179.0	1385,806,8,13	144.9			
1013	1013	1.726	стакан-марка-красная	11.0	29.0	снег-освещённый	0.144	78.8	0.0	0.0	0.0	bbox	1012	250.0	246.0	250.0	1599,641,6,8	144.7			
1014	1014	1.624	стакан-марка-красная	11.0	23.9	снег-освещённый	0.282	73.7	0.0	0.0	0.0	bbox	1013	125.0	125.0	125.0	231,953,10,4	144.6			
1015	1015	1.429	стакан-марка-красная	9.5	22.3	порода-в-тени	0.574	27.5	2.0	-2.0	2.8	bbox	1014	59.0	57.0	59.0	730,106,11,12	144.3			
1016	1016	1.835	рюкзак-синий	12.0	29.4	порода-в-тени	0.482	9.4	0.0	-2.0	2.0	bbox	1015	126.0	126.0	126.0	353,1033,6,8	144.3			
1017	1017	1.470	рюкзак-синий	11.0	14.1	порода-в-тени	0.386	24.7	0.0	-3.0	3.0	bbox	1016	152.0	152.0	152.0	1514,787,11,10	144.2			
1018	1018	1.155	рюкзак-синий	7.2	20.2	снег-в-тени	0.742	59.0	5.0	-8.0	9.4	bbox	1017	55.0	55.0	55.0	1195,91,10,11	143.7			
1019	1019	1.266	стакан-марка-красная	10.0	4.5	порода-в-тени	0.973	45.3	1.0	0.0	1.0	bbox	1018	177.0	177.0	177.0	1553,1001,8,7	143.5			
1020	1020	1.552	стакан-марка-красная	12.0	10.6	порода-в-тени	0.695	39.2	-1.0	0.0	1.0	bbox	1019	127.0	126.0	127.0	297,950,8,11	143.0			
1021	1021	1.911	стакан-марка-красная	15.2	4.7	корка-жёлтая-на-скале	1.072	45.1	-3.0	7.0	7.6	bbox	1020	59.0	58.0	59.0	613,161,17,3	142.9			
1022	1022	1.743	стакан-марка-красная	10.8	31.0	снег-освещённый	0.451	80.8	1.0	-3.0	3.2	bbox	1021	185.0	185.0	185.0	1751,968,9,13	142.9			
1023	1023	1.275	стакан-марка-красная	10.2	0.0	снег-в-тени	0.887	49.8	1.0	-1.0	1.4	bbox	1022	248.0	248.0	248.0	601,783,12,12	142.8			
1024	1024	1.505	стакан-марка-красная	10.8	18.8	снег-освещённый	0.626	68.6	1.0	-3.0	3.2	bbox	1023	114.0	114.0	114.0	85,969,6,9	142.7			
1025	1025	0.639	рюкзак-синий	3.2	13.9	снег-в-тени	0.488	52.7	-1.0	-11.5	11.5	bbox	1024	226.0	223.0	226.0	1863,1049,4,20	142.6			
1026	1026	1.186	рюкзак-синий	5.0	28.2	порода-в-тени	1.124	10.6	1.0	-9.0	9.1	bbox	1025	213.0	213.0	213.0	625,871,5,10	142.5			
1027	1027	1.035	рюкзак-синий	4.1	25.1	снег-в-тени	1.220	63.9	5.0	-15.0	15.8	bbox	1026	189.0	189.0	189.0	997,217,17,4	142.4			
1028	1028	1.401	стакан-марка-красная	11.0	6.7	порода-в-тени	0.859	43.1	0.0	0.0	0.0	bbox	1027	243.0	243.0	244.0	773,927,7,10	142.4			
1029	1029	1.403	стакан-марка-красная	11.2	3.5	снег-в-тени	0.897	53.3	0.0	-1.0	1.0	bbox	1028	37.0	37.0	37.0	1755,345,11,9	142.0			
1030	1030	1.380	палка-ручка-пробка	9.8	17.5	порода-охристая	0.840	58.2	9.0	14.0	16.6	bbox	1029	82.0	82.0	82.0	52,397,13,6	142.0			
1031	1031	1.851	рюкзак-синий	7.3	45.1	снег-освещённый	1.014	83.9	3.0	-7.0	7.6	bbox	1030	248.0	248.0	250.0	1103,37,18,4	141.9			
1032	1032	1.495	стакан-марка-красная	11.0	16.1	порода-в-тени	0.552	33.7	0.0	0.0	0.0	bbox	1031	176.0	176.0	176.0	805,261,8,10	141.7			
1033	1033	0.574	рюкзак-синий	4.3	5.9	снег-в-тени	1.132	44.7	5.0	-15.5	16.3	bbox	1032	153.0	153.0	153.0	131,0,14,3	141.6			
1034	1034	0.978	рюкзак-синий	6.1	17.2	порода-в-тени	0.911	21.6	0.0	-8.0	8.0	bbox	1033	211.0	211.0	212.0	1005,6,15,7	141.5			
1035	1035	1.998	стакан-марка-красная	14.4	24.1	корка-жёлтая-на-скале	0.909	25.7	3.0	13.0	13.3	bbox	1034	243.0	243.0	243.0	143,123,20,5	141.5			
1036	1036	1.111	рюкзак-синий	6.0	23.0	снег-в-тени	0.514	61.8	1.0	-8.0	8.1	bbox	1035	223.0	223.0	223.0	0,21,11,4	141.2			
1037	1037	1.400	стакан-марка-красная	11.2	2.2	снег-в-тени	0.875	47.6	0.0	-1.0	1.0	bbox	1036	233.0	233.0	234.0	1557,929,12,14	141.1			
1038	1038	0.764	палка-древко-контроль	6.1	2.2	снег-в-тени	0.933	39.4	-7.0	-9.0	11.4	bbox	1037	104.0	104.0	105.0	919,105,12,8	141.0			
1039	1039	1.002	палка-древко-контроль	8.0	0.8	снег-в-тени	0.978	40.8	-7.5	-7.0	10.3	bbox	1038	106.0	106.0	109.0	873,5,10,5	141.0			
1040	1040	1.347	стакан-марка-красная	10.3	11.0	снег-розовый	0.753	60.8	1.0	-1.5	1.8	bbox	1039	132.0	132.0	132.0	1474,457,9,12	140.6			
1041	1041	1.127	рюкзак-синий	4.1	28.1	снег-в-тени	1.273	66.9	5.0	-15.0	15.8	bbox	1040	221.0	221.0	221.0	1455,313,22,2	140.6			
1042	1042	1.062	рюкзак-синий	6.1	20.8	порода-в-тени	0.914	18.0	0.0	-8.0	8.0	bbox	1041	189.0	188.0	189.0	1642,421,7,10	140.5			
1043	1043	1.634	стакан-марка-красная	11.0	24.7	порода-в-тени	0.391	25.1	0.0	1.0	1.0	bbox	1042	174.0	174.0	174.0	480,645,7,11	140.0			
1044	1044	1.535	стакан-марка-красная	12.3	2.5	снег-в-тени	0.822	47.3	-1.0	-1.5	1.8	bbox	1043	149.0	147.0	151.0	413,165,12,4	139.9			
1045	1045	2.034	рюкзак-синий	13.0	34.1	порода-в-тени	0.614	4.7	0.0	-1.0	1.0	bbox	1044	55.0	55.0	55.0	353,0,8,5	139.6			
1046	1046	0.954	рюкзак-синий	6.0	16.5	снег-в-тени	1.183	55.3	7.0	-14.0	15.7	bbox	1045	59.0	57.0	59.0	798,27,12,4	139.6			
1047	1047	1.584	стакан-марка-красная	12.4	9.6	снег-освещённый	0.804	59.4	-1.0	-2.0	2.2	bbox	1046	208.0	207.0	208.0	285,569,20,8	139.1			
1048	1048	1.094	рюкзак-синий	8.5	6.7	снег-в-тени	1.822	45.5	4.0	-22.0	22.4	bbox	1047	1.0	1.0	1.0	502,57,7,10	139.0			
1049	1049	1.459	стакан-марка-красная	11.2	11.8	порода-в-тени	0.678	38.0	0.0	-1.0	1.0	bbox	1048	177.0	177.0	177.0	609,645,10,8	139.0			
1050	1050	1.023	рюкзак-синий	4.1	24.7	снег-в-тени	0.615	63.5	0.0	-10.0	10.0	bbox	1049	6.0	6.0	6.0	1751,399,10,10	138.9			
1051	1051	1.419	палка-древко-контроль	11.0	9.2	снег-в-тени	1.236	50.8	-9.0	-4.0	9.8	bbox	1050	0.0	0.0	0.0	1194,653,19,2	138.4			
1052	1052	0.912	рюкзак-синий	5.0	18.6	снег-в-тени	1.133	20.2	4.0	-10.0	10.8	bbox	1051	7.0	7.0	7.0	1561,201,8,12	138.1			
1053	1053	0.965	палка-ручка-пробка	6.7	13.3	лишайник-жёлтый-на-камне	0.758	62.4	8.0	17.0	18.8	bbox	1052	79.0	79.0	79.0	101,687,10,6	138.1			
1054	1054	1.440	рюкзак-синий	11.0	11.9	порода-в-тени	0.506	26.9	1.0	-3.0	3.2	bbox	1053	172.0	172.0	172.0	199,695,6,10	138.1			
1055	1055	1.354	рюкзак-синий	7.2	28.5	снег-в-тени	0.772	67.3	2.5	-7.0	7.4	bbox	1054	249.0	249.0	249.0	1809,753,6,8	138.1			
1056	1056	1.355	стакан-марка-красная	10.8	4.3	снег-в-тени	0.676	54.1	1.0	-3.0	3.2	bbox	1055	132.0	131.0	132.0	1657,69,8,10	138.0			
1057	1057	1.350	стакан-марка-красная	10.7	5.5	снег-розовый	0.900	55.3	0.5	-1.0	1.1	bbox	1056	151.0	151.0	151.0	1683,653,6,16	138.0			
1058	1058	1.518	стакан-марка-красная	11.0	18.0	порода-в-тени	0.538	31.8	0.0	1.0	1.0	bbox	1057	244.0	243.0	245.0	1057,871,7,10	137.9			
1059	1059	0.840	рюкзак-синий	5.0	15.7	снег-в-тени	0.298	54.5	1.0	-9.0	9.1	bbox	1058	223.0	223.0	226.0	179,791,6,10	137.7			
1060	1060	1.329	стакан-марка-красная	10.0	12.2	порода-в-тени	0.732	37.6	1.0	0.0	1.0	bbox	1059	67.0	67.0	67.0	237,349,8,10	137.6			
1061	1061	1.426	рюкзак-синий	6.0	33.9	снег-в-тени	0.900	72.7	1.0	-8.0	8.1	bbox	1060	202.0	202.0	202.0	898,1017,9,8	137.5			
1062	1062	1.210	рюкзак-синий	5.1	28.8	порода-в-тени	1.178	10.0	2.0	-9.0	9.2	bbox	1061	217.0	216.0	217.0	1585,565,6,10	137.5			
1063	1063	1.699	стакан-марка-красная	11.2	27.1	снег-освещённый	0.226	76.9	0.0	-1.0	1.0	bbox	1062	96.0	96.0	96.0	0,907,9,6	136.7			
1064	1064	0.991	рюкзак-синий	5.0	21.5	порода-в-тени	1.074	17.3	1.0	-9.0	9.1	bbox	1063	238.0	238.0	238.0	757,1025,6,8	136.7			
1065	1065	2.028	палка-ручка-пробка	15.0	21.6	корка-жёлтая-на-скале	0.734	54.1	-2.5	10.0	10.3	bbox	1064	54.0	53.0	54.0	1255,99,14,4	136.2			
1066	1066	0.659	рюкзак-синий	5.1	4.7	снег-в-тени	1.092	34.1	6.0	-13.0	14.3	bbox	1065	61.0	61.0	61.0	399,25,12,6	136.1			
1067	1067	0.458	рюкзак-синий	2.2	10.2	снег-в-тени	0.848	28.6	0.0	-12.0	12.0	bbox	1066	193.0	193.0	193.0	1583,1039,8,8	136.0			
1068	1068	1.521	стакан-марка-красная	11.0	18.2	порода-в-тени	0.533	31.6	0.0	1.0	1.0	bbox	1067	9.0	9.0	9.0	1337,65,8,8	135.8			
1069	1069	0.956	рюкзак-синий	6.0	16.5	снег-в-тени	1.145	55.3	7.0	-13.5	15.2	bbox	1068	50.0	50.0	54.0	807,41,18,8	135.8			
1070	1070	0.734	рюкзак-синий	5.1	10.2	снег-в-тени	0.283	49.0	2.0	-9.0	9.2	bbox	1069	133.0	133.0	133.0	59,17,14,4	135.8			
1071	1071	1.263	стакан-марка-красная	9.5	12.2	порода-в-тени	0.803	37.6	2.0	-2.0	2.8	bbox	1070	133.0	133.0	133.0	1912,677,8,11	135.6			
1072	1072	2.227	стакан-марка-красная	17.7	6.5	порода-в-тени	1.299	43.3	-6.0	6.0	8.5	bbox	1071	49.0	49.0	49.0	10,767,7,18	135.1			
1073	1073	1.539	рюкзак-синий	12.0	9.0	порода-в-тени	0.437	29.8	0.0	-2.0	2.0	bbox	1072	54.0	54.0	58.0	1414,1032,7,19	135.1			
1074	1074	1.840	стакан-марка-красная	10.0	37.6	порода-в-тени	0.493	12.2	1.0	0.0	1.0	bbox	1073	44.0	44.0	44.0	1539,361,4,14	135.0			
1075	1075	1.554	стакан-марка-красная	11.1	19.6	порода-в-тени	0.435	30.2	0.0	-0.5	0.5	bbox	1074	16.0	16.0	16.0	581,531,14,8	134.7			
1076	1076	1.802	палка-древко-контроль	14.3	5.9	порода-в-тени	1.036	47.5	-5.0	-1.0	5.1	bbox	1075	152.0	152.0	155.0	245,0,9,5	134.4			
1077	1077	1.885	рюкзак-синий	11.4	34.5	снег-освещённый	0.477	73.3	-2.0	-3.0	3.6	bbox	1076	208.0	208.0	208.0	174,341,17,12	134.4			
1078	1078	1.677	рюкзак-синий	5.7	42.6	снег-в-тени	1.375	81.4	5.0	-10.0	11.2	bbox	1077	50.0	50.0	50.0	667,96,14,11	133.8			
1079	1079	1.575	стакан-марка-красная	11.5	17.7	снег-освещённый	0.481	67.5	-0.5	0.0	0.5	bbox	1078	42.0	42.0	45.0	639,773,12,8	133.3			
1080	1080	1.366	стакан-марка-красная	10.9	1.2	снег-в-тени	0.761	51.0	0.5	-2.0	2.1	bbox	1079	134.0	134.0	136.0	625,377,14,8	133.0			
1081	1081	1.707	стакан-марка-красная	11.2	27.5	снег-розовый	0.516	77.3	1.0	6.0	6.1	bbox	1080	210.0	210.0	210.0	1813,397,6,12	132.7			
1082	1082	1.344	рюкзак-синий	5.4	32.6	снег-в-тени	0.930	71.4	3.0	-9.0	9.5	bbox	1081	151.0	151.0	152.0	299,241,14,6	132.5			
1083	1083	1.528	стакан-марка-красная	12.2	4.3	снег-розовый	0.927	54.1	-1.0	3.0	3.2	bbox	1082	68.0	68.0	68.0	1569,273,3,16	132.4			
1084	1084	1.418	стакан-марка-красная	10.7	13.3	снег-розовый	0.665	63.1	0.5	-1.0	1.1	bbox	1083	247.0	247.0	247.0	539,937,6,8	132.4			
1085	1085	1.888	стакан-марка-красная	11.0	36.1	порода-в-тени	0.367	13.7	0.0	0.0	0.0	bbox	1084	18.0	18.0	18.0	1713,1045,8,10	132.2			
1086	1086	1.490	стакан-марка-красная	11.7	7.8	снег-в-тени	0.717	57.6	0.0	-3.0	3.0	bbox	1085	145.0	145.0	146.0	249,621,14,10	132.1			
1087	1087	1.587	стакан-марка-красная	12.0	14.1	порода-в-тени	0.574	35.7	-1.0	0.0	1.0	bbox	1086	67.0	67.0	67.0	197,445,8,11	132.0			
1088	1088	1.204	стакан-марка-красная	8.2	17.4	порода-в-тени	0.757	32.4	3.0	-1.0	3.2	bbox	1087	175.0	175.0	175.0	1529,895,8,8	132.0			
1089	1089	1.260	стакан-марка-красная	9.5	12.0	снег-розовый	0.618	61.8	2.0	4.0	4.5	bbox	1088	209.0	209.0	209.0	1829,659,4,16	131.9			
1090	1090	1.662	стакан-марка-красная	12.2	18.4	корка-жёлтая-на-скале	1.061	31.4	1.0	8.0	8.1	bbox	1089	60.0	60.0	60.0	1033,217,10,8	131.8			
1091	1091	1.779	стакан-марка-красная	14.2	2.7	корка-жёлтая-на-скале	0.648	52.5	0.0	10.0	10.0	bbox	1090	61.0	61.0	61.0	1825,1004,6,11	131.4			
1092	1092	1.293	стакан-марка-красная	10.2	6.1	снег-розовый	0.871	55.9	1.0	-1.0	1.4	bbox	1091	234.0	234.0	234.0	1503,193,6,8	131.4			
1093	1093	1.670	стакан-марка-красная	13.2	8.2	снег-освещённый	0.832	58.0	-2.0	-1.0	2.2	bbox	1092	140.0	140.0	141.0	33,163,6,10	131.2			
1094	1094	1.570	стакан-марка-красная	11.4	18.4	снег-освещённый	0.529	68.2	0.0	-2.0	2.0	bbox	1093	130.0	130.0	130.0	1715,355,10,12	130.5			
1095	1095	0.818	рюкзак-синий	3.0	20.4	снег-в-тени	1.121	18.4	1.0	-11.0	11.0	bbox	1094	208.0	208.0	208.0	529,1073,10,7	130.5			
1096	1096	1.444	стакан-марка-красная	11.2	10.2	снег-освещённый	0.764	60.0	0.0	-1.0	1.0	bbox	1095	122.0	121.0	122.0	1841,783,16,5	130.4			
1097	1097	1.413	стакан-марка-красная	11.2	5.9	снег-розовый	0.903	55.7	0.0	-1.0	1.0	bbox	1096	226.0	226.0	226.0	1817,67,8,12	130.4			
1098	1098	0.816	рюкзак-синий	5.7	11.4	снег-в-тени	0.679	50.2	5.0	-10.0	11.2	bbox	1097	54.0	54.0	54.0	183,121,14,10	129.8			
1099	1099	1.398	стакан-марка-красная	11.2	1.4	снег-в-тени	0.883	51.2	0.0	-1.0	1.0	bbox	1098	132.0	132.0	132.0	155,261,8,6	129.7			
1100	1100	0.791	рюкзак-синий	6.3	0.8	снег-в-тени	0.370	38.0	-1.0	-8.0	8.1	bbox	1099	211.0	211.0	211.0	769,451,7,10	129.7			
1101	1101	1.165	рюкзак-синий	4.1	29.2	снег-в-тени	0.765	68.0	0.0	-10.0	10.0	bbox	1100	193.0	193.0	193.0	1841,897,8,8	129.2			
1102	1102	1.532	стакан-марка-красная	12.2	5.1	снег-в-тени	0.920	54.9	-1.0	-1.0	1.4	bbox	1101	28.0	28.0	28.0	303,13,12,8	129.0			
1103	1103	1.586	рюкзак-синий	5.8	39.4	снег-в-тени	1.373	78.2	6.0	-11.0	12.5	bbox	1102	55.0	55.0	55.0	1209,13,16,4	129.0			
1104	1104	1.474	стакан-марка-красная	11.2	13.1	порода-в-тени	0.632	36.7	0.0	-1.0	1.0	bbox	1103	113.0	112.0	113.0	1171,647,4,8	128.6			
1105	1105	0.932	рюкзак-синий	5.4	18.1	снег-в-тени	0.369	56.9	-1.0	-9.0	9.1	bbox	1104	140.0	140.0	140.0	121,759,4,8	128.6			
1106	1106	1.740	стакан-марка-красная	12.0	24.7	снег-освещённый	0.257	74.5	-1.0	1.0	1.4	bbox	1105	40.0	40.0	40.0	1599,25,9,11	128.3			
1107	1107	1.381	стакан-марка-красная	11.0	0.8	снег-в-тени	1.005	50.6	0.0	0.0	0.0	bbox	1106	134.0	134.0	134.0	841,293,10,4	128.3			
1108	1108	1.189	рюкзак-синий	7.0	22.5	порода-в-тени	0.851	16.3	1.0	-7.0	7.1	bbox	1107	219.0	219.0	219.0	568,431,8,6	128.0			
1109	1109	0.734	рюкзак-синий	5.1	10.2	снег-в-тени	0.132	49.0	0.0	-9.0	9.0	bbox	1108	237.0	237.0	239.0	1409,1075,14,5	128.0			
1110	1110	1.573	стакан-марка-красная	12.0	12.7	снег-освещённый	0.652	62.5	-1.0	0.0	1.0	bbox	1109	40.0	40.0	44.0	900,305,16,5	127.9			
1111	1111	1.561	стакан-марка-красная	11.0	20.4	порода-в-тени	0.426	29.4	0.0	0.0	0.0	bbox	1110	121.0	121.0	121.0	768,624,8,5	127.9			
1112	1112	1.866	стакан-марка-красная	10.0	38.6	снег-освещённый	0.370	88.4	1.0	0.0	1.0	bbox	1111	127.0	127.0	127.0	1324,753,5,10	127.8			
1113	1113	1.644	стакан-марка-красная	13.1	4.5	снег-освещённый	0.956	54.3	-2.0	-0.5	2.1	bbox	1112	140.0	140.0	141.0	101,95,6,8	127.5			
1114	1114	1.645	стакан-марка-красная	12.4	15.7	снег-освещённый	0.601	65.5	-1.0	-2.0	2.2	bbox	1113	180.0	180.0	180.0	541,737,10,8	127.4			
1115	1115	1.992	стакан-марка-красная	11.5	38.4	снег-освещённый	0.429	88.2	0.0	-2.5	2.5	bbox	1114	249.0	249.0	249.0	857,595,8,6	127.4			
1116	1116	1.521	рюкзак-синий	12.2	0.4	порода-в-тени	0.695	39.2	-1.0	-2.0	2.2	bbox	1115	238.0	238.0	238.0	253,1073,10,7	126.9			
1117	1117	1.306	стакан-марка-красная	10.4	1.0	снег-в-тени	0.761	48.8	1.0	-2.0	2.2	bbox	1116	200.0	199.0	200.0	955,349,8,10	126.8			
1118	1118	0.992	рюкзак-синий	7.2	11.6	снег-в-тени	0.632	50.4	5.0	-8.0	9.4	bbox	1117	65.0	65.0	65.0	497,324,12,5	126.7			
1119	1119	1.431	стакан-марка-красная	11.2	8.6	снег-освещённый	0.818	58.4	0.0	-1.0	1.0	bbox	1118	189.0	189.0	189.0	1547,413,12,4	126.5			
1120	1120	0.589	рюкзак-синий	3.6	10.6	снег-в-тени	0.533	49.4	3.0	-11.0	11.4	bbox	1119	184.0	184.0	184.0	1887,417,6,7	126.2			
1121	1121	1.611	палка-древко-контроль	8.2	34.7	снег-в-тени	2.261	76.3	-6.0	-23.0	23.8	bbox	1120	102.0	102.0	102.0	465,1033,8,10	126.1			
1122	1122	0.913	рюкзак-синий	6.3	12.8	снег-в-тени	1.017	51.6	7.0	-12.0	13.9	bbox	1121	55.0	55.0	55.0	915,65,10,6	126.0			
1123	1123	1.514	стакан-марка-красная	11.2	16.3	порода-в-тени	0.531	33.5	0.0	-1.0	1.0	bbox	1122	177.0	177.0	177.0	777,111,8,6	126.0			
1124	1124	1.280	стакан-марка-красная	10.2	3.1	снег-в-тени	0.903	52.9	1.0	-1.0	1.4	bbox	1123	135.0	135.0	135.0	1185,569,12,4	125.9			
1125	1125	1.605	рюкзак-синий	4.1	42.6	снег-в-тени	1.490	81.4	5.0	-13.0	13.9	bbox	1124	48.0	48.0	48.0	157,617,10,14	125.8			
1126	1126	1.031	палка-древко-контроль	8.2	0.8	снег-в-тени	0.801	40.8	-6.0	-7.0	9.2	bbox	1125	105.0	104.0	105.0	1181,129,12,5	125.8			
1127	1127	1.086	рюкзак-синий	7.1	17.7	снег-в-тени	0.334	56.5	0.0	-7.0	7.0	bbox	1126	185.0	185.0	185.0	925,855,10,10	125.7			
1128	1128	1.423	стакан-марка-красная	11.2	7.4	порода-в-тени	0.823	42.4	0.0	-1.0	1.0	bbox	1127	134.0	134.0	134.0	775,257,7,10	125.6			
1129	1129	1.406	стакан-марка-красная	11.2	4.3	порода-охристая	0.674	45.5	6.0	11.0	12.5	bbox	1128	82.0	82.0	82.0	17,1033,10,8	125.4			
1130	1130	1.040	рюкзак-синий	6.0	20.2	порода-в-тени	0.954	18.6	1.0	-8.0	8.1	bbox	1129	232.0	232.0	232.0	1221,1032,4,11	125.3			
1131	1131	1.841	стакан-марка-красная	11.0	34.1	порода-в-тени	0.326	15.7	0.0	0.0	0.0	bbox	1130	7.0	7.0	8.0	1905,617,15,2	125.1			
1132	1132	1.381	стакан-марка-красная	11.0	0.8	снег-в-тени	1.005	50.6	0.0	0.0	0.0	bbox	1131	13.0	13.0	13.0	1300,349,12,4	125.0			
1133	1133	1.716	рюкзак-синий	10.2	32.2	снег-освещённый	0.611	71.0	-1.0	-4.0	4.1	bbox	1132	239.0	239.0	239.0	313,1001,8,8	125.0			
1134	1134	0.979	рюкзак-синий	6.1	17.3	снег-в-тени	1.115	56.1	7.0	-13.0	14.8	bbox	1133	59.0	59.0	59.0	573,103,14,6	124.7			
1135	1135	2.134	стакан-марка-красная	14.3	32.5	порода-в-тени	1.006	17.3	-2.0	7.0	7.3	bbox	1134	54.0	54.0	54.0	1892,193,5,8	124.6			
1136	1136	1.108	рюкзак-синий	6.1	22.6	снег-в-тени	0.545	61.4	2.0	-8.0	8.2	bbox	1135	244.0	244.0	244.0	711,475,18,10	124.4			
1137	1137	0.808	рюкзак-синий	6.1	7.7	снег-в-тени	1.076	46.5	7.0	-13.0	14.8	bbox	1136	54.0	54.0	54.0	803,32,8,6	124.2			
1138	1138	1.673	рюкзак-синий	13.2	8.6	порода-в-тени	0.372	30.2	-1.0	-1.0	1.4	bbox	1137	175.0	175.0	179.0	413,975,6,12	124.0			
1139	1139	0.972	рюкзак-синий	7.8	1.5	снег-в-тени	0.564	37.3	3.0	-6.5	7.2	bbox	1138	52.0	52.0	52.0	525,63,9,12	123.8			
1140	1140	1.039	рюкзак-синий	4.0	25.5	снег-в-тени	1.141	64.3	5.0	-14.0	14.9	bbox	1139	49.0	49.0	49.0	105,593,10,16	123.6			
1141	1141	1.986	стакан-марка-красная	15.7	9.6	корка-жёлтая-на-скале	1.038	59.4	-3.0	8.0	8.5	bbox	1140	55.0	55.0	55.0	1117,0,8,5	123.3			
1142	1142	1.668	рюкзак-синий	13.3	1.2	порода-в-тени	0.700	40.0	-2.0	-1.0	2.2	bbox	1141	172.0	172.0	172.0	265,57,8,6	123.2			
1143	1143	1.401	стакан-марка-красная	11.0	6.7	порода-в-тени	0.859	43.1	0.0	0.0	0.0	bbox	1142	245.0	245.0	245.0	1249,929,7,8	123.2			
1144	1144	1.800	стакан-марка-красная	11.2	31.8	снег-освещённый	0.179	81.6	0.0	-1.0	1.0	bbox	1143	250.0	250.0	250.0	1881,52,8,5	123.2			
1145	1145	1.518	рюкзак-синий	6.3	36.3	снег-в-тени	1.045	75.1	3.0	-8.0	8.5	bbox	1144	190.0	190.0	190.0	1146,426,8,9	123.0			
1146	1146	2.168	стакан-марка-красная	12.2	43.1	снег-пересвеченный	0.734	92.9	1.0	-6.0	6.1	bbox	1145	193.0	189.0	193.0	1803,542,9,13	122.9			
1147	1147	1.595	стакан-марка-красная	12.5	9.0	снег-в-тени	0.802	58.8	-1.0	-2.5	2.7	bbox	1146	31.0	31.0	31.0	79,337,12,6	122.8			
1148	1148	1.020	рюкзак-синий	8.1	4.3	снег-в-тени	0.300	43.1	0.0	-6.0	6.0	bbox	1147	133.0	133.0	135.0	73,425,8,6	122.8			
1149	1149	1.025	рюкзак-синий	6.2	18.8	снег-в-тени	0.470	57.6	2.5	-8.0	8.4	bbox	1148	162.0	162.0	162.0	549,383,10,10	122.7			
1150	1150	1.419	стакан-марка-красная	11.2	6.9	снег-розовый	0.873	56.7	0.0	-1.0	1.0	bbox	1149	244.0	244.0	244.0	1715,999,12,6	122.7			
1151	1151	1.040	рюкзак-синий	8.0	7.8	снег-в-тени	0.654	31.0	0.5	-6.0	6.0	bbox	1150	147.0	147.0	148.0	74,119,10,5	122.6			
1152	1152	1.742	рюкзак-синий	13.3	14.1	порода-в-тени	0.154	24.7	-2.0	-1.0	2.2	bbox	1151	189.0	189.0	189.0	177,869,8,6	122.6			
1153	1153	1.101	рюкзак-синий	7.4	16.8	снег-в-тени	1.083	22.0	4.5	-7.5	8.7	bbox	1152	188.0	188.0	188.0	470,861,7,6	122.5			
1154	1154	0.804	рюкзак-синий	4.1	17.3	снег-в-тени	1.115	56.1	5.0	-15.0	15.8	bbox	1153	49.0	49.0	49.0	201,39,12,8	122.2			
1155	1155	1.919	стакан-марка-красная	12.0	33.5	порода-в-тени	0.316	16.3	-1.0	1.0	1.4	bbox	1154	62.0	62.0	62.0	169,36,8,5	122.1			
1156	1156	1.656	стакан-марка-красная	10.0	30.2	порода-в-тени	0.396	19.6	1.0	0.0	1.0	bbox	1155	111.0	111.0	112.0	993,425,6,8	122.0			
1157	1157	1.084	рюкзак-синий	8.5	5.3	снег-в-тени	1.671	33.5	9.0	-17.0	19.2	bbox	1156	50.0	47.0	54.0	1204,127,9,4	121.8			
1158	1158	1.375	стакан-марка-красная	11.0	0.8	снег-розовый	1.004	50.6	0.0	1.0	1.0	bbox	1157	112.0	112.0	112.0	1461,855,12,4	121.8			
1159	1159	1.542	рюкзак-синий	11.6	14.7	порода-в-тени	0.297	24.1	-0.5	-2.5	2.5	bbox	1158	153.0	153.0	153.0	1793,61,6,6	121.6			
1160	1160	1.583	рюкзак-синий	10.2	26.3	снег-освещённый	0.751	65.1	-1.0	-4.0	4.1	bbox	1159	187.0	187.0	187.0	0,0,4,9	121.5			
1161	1161	1.716	стакан-марка-красная	10.6	30.4	снег-освещённый	1.076	80.2	4.0	-7.0	8.1	bbox	1160	120.0	120.0	120.0	1025,235,12,4	121.3			
1162	1162	0.252	рюкзак-синий	2.0	0.8	снег-в-тени	0.593	39.6	1.0	-12.0	12.0	bbox	1161	214.0	213.0	214.0	857,359,8,9	120.9			
1163	1163	1.579	стакан-марка-красная	12.0	13.3	снег-освещённый	0.631	63.1	-1.0	0.0	1.0	bbox	1162	130.0	130.0	130.0	1881,33,4,16	120.7			
1164	1164	1.309	рюкзак-синий	6.1	29.8	снег-в-тени	0.785	68.6	2.0	-8.0	8.2	bbox	1163	227.0	227.0	228.0	637,672,14,15	120.6			
1165	1165	2.006	стакан-марка-красная	16.0	2.6	снег-освещённый	1.160	52.4	-5.0	2.0	5.4	bbox	1164	30.0	30.0	30.0	185,465,6,12	120.4			
1166	1166	1.053	рюкзак-синий	4.1	25.7	снег-в-тени	1.066	64.5	5.0	-13.0	13.9	bbox	1165	52.0	52.0	52.0	399,221,10,8	120.4			
1167	1167	1.503	стакан-марка-красная	11.4	13.3	снег-освещённый	0.690	63.1	0.0	-2.0	2.0	bbox	1166	112.0	112.0	112.0	1487,1024,8,7	120.2			
1168	1168	0.639	рюкзак-синий	3.6	12.6	снег-в-тени	0.338	51.4	0.0	-10.5	10.5	bbox	1167	6.0	6.0	8.0	1725,695,4,18	120.1			
1169	1169	0.827	рюкзак-синий	4.0	18.5	снег-в-тени	0.438	57.3	1.0	-10.0	10.0	bbox	1168	14.0	14.0	14.0	177,805,6,8	120.1			
1170	1170	1.028	рюкзак-синий	4.5	24.1	снег-в-тени	0.966	62.9	5.0	-12.0	13.0	bbox	1169	49.0	49.0	49.0	461,407,8,10	120.1			
1171	1171	0.988	рюкзак-синий	6.1	17.7	снег-в-тени	0.310	56.5	0.0	-8.0	8.0	bbox	1170	75.0	72.0	77.0	1177,517,8,4	120.0			
1172	1172	1.570	стакан-марка-красная	11.2	20.0	снег-освещённый	0.431	69.8	0.0	-1.0	1.0	bbox	1171	247.0	247.0	247.0	237,833,8,4	120.0			
1173	1173	1.824	стакан-марка-красная	12.1	28.6	снег-розовый	0.560	78.4	0.0	6.0	6.0	bbox	1172	210.0	210.0	210.0	1805,489,8,8	119.9			
1174	1174	1.059	рюкзак-синий	4.1	25.9	снег-в-тени	0.653	64.7	0.0	-10.0	10.0	bbox	1173	234.0	234.0	236.0	235,801,4,8	119.8			
1175	1175	1.899	рюкзак-синий	10.0	40.0	снег-в-тени	2.290	78.8	1.0	-24.0	24.0	bbox	1174	106.0	106.0	106.0	94,571,13,8	119.1			
1176	1176	1.570	стакан-марка-красная	11.4	18.4	снег-освещённый	0.529	68.2	0.0	-2.0	2.0	bbox	1175	190.0	190.0	190.0	1457,849,8,8	119.0			
1177	1177	1.341	рюкзак-синий	6.8	29.0	снег-в-тени	1.111	67.8	6.5	-10.0	11.9	bbox	1176	52.0	52.0	52.0	435,995,4,8	118.9			
1178	1178	1.003	рюкзак-синий	5.4	20.8	снег-в-тени	0.995	59.6	6.0	-12.0	13.4	bbox	1177	59.0	59.0	60.0	500,163,11,6	118.8			
1179	1179	1.352	стакан-марка-красная	10.8	0.8	корка-жёлтая-на-скале	1.032	49.0	2.0	7.0	7.3	bbox	1178	95.0	95.0	95.0	1637,19,4,10	118.8			
1180	1180	1.563	стакан-марка-красная	11.2	19.6	порода-в-тени	0.430	30.2	0.0	-1.0	1.0	bbox	1179	127.0	126.0	127.0	1105,705,8,6	118.8			
1181	1181	1.938	стакан-марка-красная	15.2	10.2	снег-розовый	1.085	60.0	-3.0	7.0	7.6	bbox	1180	117.0	117.0	117.0	1617,19,8,4	118.6			
1182	1182	1.275	рюкзак-синий	5.5	30.0	снег-в-тени	0.756	68.8	0.5	-8.5	8.5	bbox	1181	87.0	87.0	87.0	557,1049,8,6	118.5			
1183	1183	0.898	рюкзак-синий	7.2	2.1	снег-в-тени	0.521	36.7	2.5	-7.0	7.4	bbox	1182	16.0	16.0	16.0	1735,37,8,8	118.4			
1184	1184	1.400	стакан-марка-красная	11.2	2.5	снег-в-тени	0.875	47.3	0.0	-1.0	1.0	bbox	1183	180.0	180.0	180.0	545,229,10,6	118.4			
1185	1185	1.712	стакан-марка-красная	10.5	30.6	порода-в-тени	0.339	19.2	0.5	0.0	0.5	bbox	1184	118.0	117.0	118.0	1511,328,6,8	118.2			
1186	1186	1.561	стакан-марка-красная	11.0	20.4	снег-освещённый	0.399	70.2	0.0	0.0	0.0	bbox	1185	124.0	124.0	124.0	1441,37,16,4	118.1			
1187	1187	1.240	рюкзак-синий	7.1	24.3	снег-в-тени	0.615	63.1	2.0	-7.0	7.3	bbox	1186	249.0	249.0	249.0	1861,675,8,12	118.1			
1188	1188	1.236	рюкзак-синий	6.1	27.3	снег-в-тени	1.258	66.1	7.0	-13.0	14.8	bbox	1187	56.0	56.0	56.0	188,59,11,6	118.0			
1189	1189	0.996	рюкзак-синий	5.5	20.2	порода-в-тени	1.012	18.6	1.0	-8.5	8.6	bbox	1188	231.0	231.0	231.0	967,1073,8,7	118.0			
1190	1190	1.477	стакан-марка-красная	11.0	15.1	порода-в-тени	0.621	34.7	0.0	1.0	1.0	bbox	1189	18.0	18.0	18.0	1443,33,8,5	117.9			
1191	1191	1.557	стакан-марка-красная	11.2	19.2	снег-освещённый	0.456	69.0	0.0	-1.0	1.0	bbox	1190	122.0	122.0	122.0	103,757,18,6	117.9			
1192	1192	1.314	стакан-марка-красная	10.0	11.4	снег-розовый	0.613	61.2	1.0	1.0	1.4	bbox	1191	89.0	89.0	92.0	1452,622,17,4	117.8			
1193	1193	1.421	стакан-марка-красная	11.2	7.3	снег-розовый	0.861	57.1	0.0	-1.0	1.0	bbox	1192	146.0	144.0	146.0	567,419,10,10	117.5			
1194	1194	1.747	стакан-марка-красная	13.0	17.6	порода-в-тени	0.438	32.2	-2.0	0.0	2.0	bbox	1193	180.0	180.0	180.0	209,807,8,7	117.2			
1195	1195	1.524	рюкзак-синий	1.4	42.4	снег-в-тени	1.346	81.2	0.0	-13.0	13.0	bbox	1194	199.0	199.0	199.0	983,17,8,9	117.2			
1196	1196	1.808	рюкзак-синий	13.0	21.9	порода-в-тени	0.280	16.9	0.0	-1.0	1.0	bbox	1195	27.0	27.0	27.0	20,804,12,5	116.8			
1197	1197	1.884	стакан-марка-красная	14.8	10.6	корка-жёлтая-на-скале	1.015	60.4	-2.0	8.0	8.2	bbox	1196	55.0	55.0	55.0	1387,0,12,6	116.7			
1198	1198	1.316	стакан-марка-красная	4.9	32.6	снег-розовый	0.601	82.4	6.5	3.0	7.2	bbox	1197	83.0	82.0	83.0	185,1063,14,4	116.5			
1199	1199	1.397	стакан-марка-красная	11.0	5.9	снег-розовый	0.859	55.7	0.0	0.0	0.0	bbox	1198	111.0	111.0	111.0	1635,873,6,6	116.4			
1200	1200	0.533	рюкзак-синий	3.2	10.0	снег-в-тени	1.008	48.8	4.0	-15.0	15.5	bbox	1199	209.0	209.0	209.0	591,249,13,12	116.3			
1201	1201	1.784	рюкзак-синий	12.0	27.0	порода-в-тени	0.501	11.8	1.0	-2.0	2.2	bbox	1200	8.0	8.0	8.0	1857,1041,6,14	116.2			
1202	1202	1.790	стакан-марка-красная	14.0	10.0	порода-в-тени	0.715	39.8	-3.0	0.0	3.0	bbox	1201	18.0	18.0	18.0	1793,1073,8,7	116.2			
1203	1203	0.934	рюкзак-синий	5.0	19.4	снег-в-тени	1.124	58.2	6.0	-14.0	15.2	bbox	1202	56.0	56.0	56.0	769,19,10,4	116.2			
1204	1204	2.171	стакан-марка-красная	11.9	44.3	снег-освещённый	0.693	94.1	-0.5	4.0	4.0	bbox	1203	99.0	99.0	99.0	953,529,8,5	116.1			
1205	1205	1.348	стакан-марка-красная	10.8	2.0	порода-охристая	0.691	51.8	15.0	11.0	18.6	bbox	1204	82.0	82.0	82.0	7,107,6,10	115.9			
1206	1206	1.542	стакан-марка-красная	12.0	9.4	порода-в-тени	0.736	40.4	-1.0	0.0	1.0	bbox	1205	188.0	188.0	188.0	23,890,9,5	115.8			
1207	1207	1.743	стакан-марка-красная	10.8	31.0	порода-в-тени	0.840	18.8	1.0	5.0	5.1	bbox	1206	231.0	231.0	231.0	1873,1025,10,4	115.7			
1208	1208	1.160	рюкзак-синий	8.2	14.9	порода-в-тени	0.893	23.9	3.0	-6.0	6.7	bbox	1207	15.0	13.0	15.0	1915,481,5,14	115.5			
1209	1209	1.495	стакан-марка-красная	11.0	16.1	снег-освещённый	0.547	65.9	0.0	0.0	0.0	bbox	1208	111.0	111.0	111.0	1159,771,16,6	114.7			
1210	1210	1.116	стакан-марка-красная	6.0	23.1	снег-розовый	0.429	72.9	5.0	1.0	5.1	bbox	1209	94.0	88.0	94.0	265,191,9,5	114.6			
1211	1211	0.557	стакан-марка-красная	4.1	5.9	порода-охристая	1.247	43.9	7.0	2.0	7.3	bbox	1210	100.0	100.0	100.0	1305,0,18,5	114.1			
1212	1212	1.810	стакан-марка-красная	11.0	32.9	порода-в-тени	0.375	16.9	0.0	1.0	1.0	bbox	1211	10.0	10.0	10.0	889,644,6,7	113.8			
1213	1213	1.470	стакан-марка-красная	11.2	12.7	порода-в-тени	0.816	37.1	0.0	3.0	3.0	bbox	1212	112.0	110.0	113.0	1535,837,6,6	113.8			
1214	1214	0.957	рюкзак-синий	5.4	19.0	снег-в-тени	0.970	57.8	6.0	-12.0	13.4	bbox	1213	52.0	52.0	52.0	1037,17,12,6	113.6			
1215	1215	1.400	стакан-марка-красная	11.2	2.2	снег-в-тени	0.875	47.6	0.0	-1.0	1.0	bbox	1214	245.0	245.0	245.0	1121,933,8,4	113.6			
1216	1216	1.504	рюкзак-синий	6.0	36.5	снег-в-тени	0.990	75.3	1.0	-8.0	8.1	bbox	1215	11.0	11.0	11.0	284,483,4,14	113.5			
1217	1217	1.812	рюкзак-синий	9.1	39.6	снег-освещённый	0.643	78.4	0.0	-5.0	5.0	bbox	1216	231.0	231.0	231.0	533,561,4,12	113.4			
1218	1218	1.445	стакан-марка-красная	11.4	6.7	снег-в-тени	0.768	43.1	0.0	-2.0	2.0	bbox	1217	131.0	131.0	131.0	556,436,8,8	113.2			
1219	1219	1.414	стакан-марка-красная	11.1	7.6	порода-в-тени	0.819	42.2	0.0	-0.5	0.5	bbox	1218	133.0	133.0	133.0	1665,357,8,4	113.2			
1220	1220	1.250	рюкзак-синий	5.7	28.8	снег-в-тени	0.978	67.6	5.0	-10.0	11.2	bbox	1219	62.0	62.0	62.0	295,551,8,8	113.0			
1221	1221	0.878	рюкзак-синий	5.0	17.3	снег-в-тени	0.344	56.1	1.0	-9.0	9.1	bbox	1220	30.0	30.0	30.0	145,817,8,8	112.5			
1222	1222	1.972	стакан-марка-красная	12.0	35.7	снег-освещённый	0.168	85.5	-1.0	0.0	1.0	bbox	1221	41.0	41.0	41.0	567,961,10,8	112.5			
1223	1223	0.859	рюкзак-синий	5.0	16.5	снег-в-тени	1.094	55.3	6.0	-14.0	15.2	bbox	1222	60.0	60.0	60.0	1097,5,16,4	112.5			
1224	1224	1.521	рюкзак-синий	6.1	36.9	снег-в-тени	1.027	75.7	2.0	-8.0	8.2	bbox	1223	66.0	66.0	66.0	1820,166,5,11	112.4			
1225	1225	1.420	рюкзак-синий	11.0	9.2	снег-в-тени	0.625	48.0	0.0	-3.0	3.0	bbox	1224	150.0	150.0	150.0	271,481,18,8	112.4			
1226	1226	1.426	стакан-марка-красная	11.0	10.6	порода-в-тени	0.759	39.2	0.0	1.0	1.0	bbox	1225	37.0	37.0	37.0	1771,1073,6,7	112.3			
1227	1227	1.113	рюкзак-синий	6.3	21.9	порода-в-тени	0.893	16.9	-1.0	-8.0	8.1	bbox	1226	192.0	192.0	192.0	513,114,5,7	112.2			
1228	1228	1.593	стакан-марка-красная	9.1	31.4	порода-в-тени	0.520	18.4	2.0	0.0	2.0	bbox	1227	30.0	30.0	30.0	935,559,6,10	111.9			
1229	1229	0.939	рюкзак-синий	6.2	14.9	снег-в-тени	1.062	53.7	7.0	-12.5	14.3	bbox	1228	55.0	55.0	55.0	689,159,10,4	111.9			
1230	1230	1.707	рюкзак-синий	13.6	4.3	порода-в-тени	0.822	43.1	-3.0	-1.0	3.2	bbox	1229	229.0	229.0	229.0	909,0,8,5	111.9			
1231	1231	1.900	стакан-марка-красная	13.3	25.5	снег-освещённый	0.342	75.3	-2.0	-2.0	2.8	bbox	1230	209.0	209.0	209.0	749,33,12,8	111.8			
1232	1232	1.401	стакан-марка-красная	11.0	7.5	снег-розовый	0.779	57.3	0.0	1.0	1.0	bbox	1231	224.0	223.0	224.0	1697,1057,2,16	111.8			
1233	1233	0.769	рюкзак-синий	5.8	6.8	снег-в-тени	1.466	32.0	6.0	-17.0	18.0	bbox	1232	76.0	75.0	79.0	212,181,11,4	111.7			
1234	1234	1.542	стакан-марка-красная	11.1	18.8	порода-в-тени	0.457	31.0	0.0	-0.5	0.5	bbox	1233	175.0	173.0	175.0	881,647,8,6	111.7			
1235	1235	1.735	стакан-марка-красная	10.2	32.9	снег-освещённый	0.288	82.7	1.0	-1.0	1.4	bbox	1234	247.0	247.0	247.0	689,993,8,8	111.7			
1236	1236	1.638	стакан-марка-красная	13.0	5.7	снег-освещённый	0.921	55.5	-2.0	1.0	2.2	bbox	1235	35.0	35.0	36.0	1825,500,2,15	111.5			
1237	1237	1.552	рюкзак-синий	5.1	39.6	снег-пересвеченный	1.001	78.4	0.0	-9.0	9.0	bbox	1236	205.0	204.0	205.0	641,429,15,2	111.5			
1238	1238	1.414	стакан-марка-красная	11.2	6.1	порода-в-тени	0.870	43.7	0.0	-1.0	1.0	bbox	1237	132.0	132.0	132.0	1009,881,8,6	111.4			
1239	1239	0.650	рюкзак-синий	3.6	13.1	снег-в-тени	0.951	25.7	3.0	-11.0	11.4	bbox	1238	210.0	210.0	210.0	688,770,6,13	111.1			
1240	1240	0.851	рюкзак-синий	6.8	1.0	снег-в-тени	0.475	39.8	3.0	-7.5	8.1	bbox	1239	65.0	65.0	65.0	735,57,10,8	111.0			
1241	1241	0.704	рюкзак-синий	3.0	16.7	снег-в-тени	0.481	55.5	1.0	-11.0	11.0	bbox	1240	6.0	6.0	6.0	1707,811,6,16	110.9			
1242	1242	1.986	стакан-марка-красная	14.3	24.1	снег-розовый	0.811	73.9	-2.0	7.0	7.3	bbox	1241	48.0	48.0	48.0	929,225,14,4	110.9			
1243	1243	1.881	рюкзак-синий	5.0	49.6	снег-в-тени	1.772	88.4	6.0	-13.5	14.8	bbox	1242	51.0	51.0	51.0	1375,93,12,4	110.5			
1244	1244	1.402	стакан-марка-красная	10.1	16.9	снег-освещённый	0.671	66.7	1.5	-2.5	2.9	bbox	1243	121.0	121.0	121.0	1347,323,7,12	110.4			
1245	1245	1.507	стакан-марка-красная	12.0	1.8	порода-в-тени	1.003	48.0	-1.0	0.0	1.0	bbox	1244	137.0	133.0	137.0	1437,1019,10,6	110.3			
1246	1246	1.397	рюкзак-синий	5.7	33.7	снег-в-тени	1.111	72.5	5.0	-10.0	11.2	bbox	1245	47.0	47.0	47.0	1102,127,11,6	110.0			
1247	1247	0.787	рюкзак-синий	4.1	16.6	снег-в-тени	1.273	22.2	5.0	-13.0	13.9	bbox	1246	49.0	49.0	49.0	1531,19,8,10	109.6			
1248	1248	1.398	стакан-марка-красная	11.2	1.4	снег-в-тени	0.883	51.2	0.0	-1.0	1.0	bbox	1247	221.0	221.0	221.0	1729,439,4,18	109.6			
1249	1249	0.949	рюкзак-синий	6.1	15.9	снег-в-тени	0.351	54.7	2.0	-8.0	8.2	bbox	1248	243.0	243.0	243.0	571,393,12,6	109.6			
1250	1250	1.636	рюкзак-синий	5.1	42.2	снег-в-тени	1.535	81.0	6.0	-13.0	14.3	bbox	1249	49.0	49.0	49.0	691,85,12,5	109.5			
1251	1251	1.819	рюкзак-синий	12.0	28.6	порода-в-тени	0.459	10.2	0.0	-2.0	2.0	bbox	1250	60.0	58.0	60.0	905,701,6,8	109.4			
1252	1252	0.685	рюкзак-синий	1.0	18.8	снег-в-тени	0.728	57.6	1.0	-13.0	13.0	bbox	1251	204.0	202.0	204.0	571,601,8,12	109.3			
1253	1253	1.092	рюкзак-синий	6.5	20.4	порода-в-тени	0.873	18.4	0.5	-7.5	7.5	bbox	1252	242.0	242.0	243.0	1665,286,6,5	109.3			
1254	1254	1.396	стакан-марка-красная	11.0	5.7	порода-в-тени	0.892	44.1	0.0	0.0	0.0	bbox	1253	13.0	12.0	14.0	1241,481,10,4	109.2			
1255	1255	1.390	рюкзак-синий	3.0	37.5	снег-в-тени	1.359	76.3	4.0	-14.0	14.6	bbox	1254	221.0	221.0	221.0	1363,313,14,4	109.2			
1256	1256	1.558	рюкзак-синий	7.0	36.1	снег-освещённый	0.934	74.9	1.0	-7.0	7.1	bbox	1255	260.0	260.0	260.0	817,225,6,8	109.1			
1257	1257	1.560	стакан-марка-красная	10.3	24.7	снег-освещённый	0.664	74.5	2.0	-4.0	4.5	bbox	1256	164.0	164.0	164.0	532,962,10,8	109.0			
1258	1258	1.474	стакан-марка-красная	10.0	21.6	снег-розовый	0.357	71.4	1.0	0.0	1.0	bbox	1257	247.0	247.0	247.0	313,251,8,6	109.0			
1259	1259	0.677	рюкзак-синий	5.0	7.3	снег-в-тени	0.187	46.1	1.0	-9.0	9.1	bbox	1258	7.0	7.0	7.0	1907,326,6,11	108.6			
1260	1260	2.041	стакан-марка-красная	15.2	20.6	порода-в-тени	1.056	29.2	-3.0	7.0	7.6	bbox	1259	48.0	48.0	48.0	505,527,8,6	108.6			
1261	1261	1.794	стакан-марка-красная	13.0	21.2	снег-освещённый	0.378	71.0	-2.0	0.5	2.1	bbox	1260	40.0	40.0	40.0	547,267,12,5	108.5			
1262	1262	1.538	стакан-марка-красная	10.5	22.2	снег-освещённый	0.367	72.0	0.5	0.0	0.5	bbox	1261	110.0	110.0	110.0	1321,275,6,5	108.5			
1263	1263	1.569	стакан-марка-красная	11.2	20.0	порода-в-тени	0.419	29.8	0.0	-1.0	1.0	bbox	1262	118.0	118.0	118.0	832,542,5,11	108.5			
1264	1264	1.561	стакан-марка-красная	11.0	20.4	порода-в-тени	0.426	29.4	0.0	0.0	0.0	bbox	1263	175.0	175.0	175.0	927,709,8,8	108.5			
1265	1265	1.278	палка-древко-контроль	10.0	6.6	снег-в-тени	1.186	48.2	-9.0	-5.0	10.3	bbox	1264	106.0	106.0	106.0	931,185,10,4	108.4			
1266	1266	0.637	рюкзак-синий	5.1	0.0	снег-в-тени	1.196	38.8	6.0	-15.0	16.2	bbox	1265	48.0	46.0	48.0	1170,11,9,4	108.1			
1267	1267	1.345	рюкзак-синий	5.1	33.2	снег-в-тени	1.303	72.0	6.0	-13.0	14.3	bbox	1266	51.0	51.0	51.0	579,157,12,6	108.1			
1268	1268	0.870	рюкзак-синий	4.1	19.6	снег-в-тени	0.455	58.4	0.0	-10.0	10.0	bbox	1267	173.0	173.0	173.0	1697,651,4,14	108.1			
1269	1269	1.292	рюкзак-синий	6.1	29.2	снег-в-тени	0.765	68.0	2.0	-8.0	8.2	bbox	1268	39.0	35.0	39.0	1563,567,4,8	108.0			
1270	1270	1.499	палка-древко-контроль	7.0	34.1	снег-пересвеченный	0.961	75.7	-8.0	-8.0	11.3	bbox	1269	85.0	84.0	85.0	1585,987,8,8	108.0			
1271	1271	1.399	стакан-марка-красная	11.2	2.0	снег-в-тени	0.875	47.8	0.0	-1.0	1.0	bbox	1270	191.0	191.0	191.0	1499,581,6,8	107.7			
1272	1272	1.464	стакан-марка-красная	10.8	16.1	снег-освещённый	0.698	65.9	1.0	-3.0	3.2	bbox	1271	146.0	144.0	146.0	433,412,8,11	107.6			
1273	1273	0.657	рюкзак-синий	4.0	11.8	снег-в-тени	1.198	50.6	-1.0	-17.5	17.5	bbox	1272	197.0	197.0	197.0	297,1009,4,10	107.2			
1274	1274	1.139	рюкзак-синий	5.1	26.4	снег-в-тени	1.599	12.4	6.0	-13.0	14.3	bbox	1273	67.0	67.0	67.0	81,637,6,5	107.1			
1275	1275	1.636	рюкзак-синий	2.2	45.1	снег-в-тени	1.632	83.9	0.0	-16.0	16.0	bbox	1274	199.0	199.0	199.0	455,180,6,9	107.1			
1276	1276	1.558	стакан-марка-красная	11.0	20.2	порода-в-тени	0.432	29.6	0.0	0.0	0.0	bbox	1275	15.0	14.0	17.0	1691,295,6,6	107.0			
1277	1277	0.738	рюкзак-синий	5.0	11.0	снег-в-тени	0.191	49.8	1.0	-9.0	9.1	bbox	1276	211.0	211.0	211.0	179,761,8,10	106.9			
1278	1278	1.398	стакан-марка-красная	11.0	6.1	снег-розовый	0.852	55.9	0.0	0.0	0.0	bbox	1277	113.0	113.0	113.0	1169,949,4,10	106.8			
1279	1279	2.222	стакан-марка-красная	17.5	11.6	корка-жёлтая-на-скале	1.128	38.2	-5.0	8.0	9.4	bbox	1278	68.0	68.0	68.0	1817,983,6,8	106.7			
1280	1280	1.480	стакан-марка-красная	9.9	22.7	порода-охристая	1.035	27.1	4.0	8.0	8.9	bbox	1279	83.0	83.0	83.0	1019,888,22,5	106.7			
1281	1281	1.558	стакан-марка-красная	10.3	24.5	порода-в-тени	0.418	25.3	1.0	-1.5	1.8	bbox	1280	15.0	15.0	15.0	1775,97,6,9	106.6			
1282	1282	1.415	стакан-марка-красная	10.0	18.2	порода-в-тени	0.562	31.6	1.0	0.0	1.0	bbox	1281	175.0	175.0	175.0	1439,799,8,5	106.6			
1283	1283	1.515	стакан-марка-красная	12.0	4.9	порода-в-тени	0.893	44.9	-1.0	0.0	1.0	bbox	1282	200.0	199.0	200.0	1037,275,6,6	106.6			
1284	1284	1.135	рюкзак-синий	6.5	22.2	снег-в-тени	0.643	61.0	3.5	-8.0	8.7	bbox	1283	162.0	162.0	162.0	881,253,18,6	106.5			
1285	1285	1.162	стакан-марка-красная	8.7	11.2	порода-в-тени	0.860	38.6	2.5	-1.0	2.7	bbox	1284	200.0	200.0	200.0	1827,885,8,8	106.5			
1286	1286	1.643	стакан-марка-красная	9.5	31.8	порода-в-тени	0.483	18.0	1.5	0.5	1.6	bbox	1285	23.0	23.0	23.0	1120,491,6,6	106.4			
1287	1287	1.793	стакан-марка-красная	10.2	35.3	снег-освещённый	0.319	85.1	1.0	-1.0	1.4	bbox	1286	126.0	126.0	126.0	1863,657,8,8	106.4			
1288	1288	1.412	стакан-марка-красная	11.0	8.2	снег-розовый	0.783	58.0	0.0	0.0	0.0	bbox	1287	137.0	137.0	137.0	1611,513,6,8	106.4			
1289	1289	1.042	рюкзак-синий	8.0	8.2	снег-в-тени	0.675	30.6	1.0	-6.0	6.1	bbox	1288	156.0	156.0	156.0	1758,300,10,5	106.4			
1290	1290	0.641	рюкзак-синий	5.1	1.9	снег-в-тени	0.410	36.9	0.0	-9.0	9.0	bbox	1289	180.0	180.0	180.0	669,811,7,6	106.3			
1291	1291	2.069	стакан-марка-красная	11.0	43.1	порода-в-тени	0.565	6.7	0.0	0.0	0.0	bbox	1290	53.0	53.0	53.0	1114,441,8,6	106.2			
1292	1292	1.307	рюкзак-синий	6.7	28.1	снег-в-тени	0.845	66.9	4.0	-8.0	8.9	bbox	1291	65.0	65.0	65.0	1875,641,10,8	106.2			
1293	1293	1.533	стакан-марка-красная	12.3	1.0	снег-в-тени	0.823	48.8	-1.0	-1.5	1.8	bbox	1292	145.0	143.0	145.0	437,381,12,6	106.2			
1294	1294	1.480	стакан-марка-красная	11.0	14.9	порода-в-тени	0.589	34.9	0.0	0.0	0.0	bbox	1293	18.0	18.0	18.0	19,589,10,4	106.0			
1295	1295	1.428	стакан-марка-красная	11.3	6.3	снег-в-тени	0.827	43.5	0.0	-1.5	1.5	bbox	1294	131.0	131.0	131.0	679,195,5,8	105.9			
1296	1296	1.926	рюкзак-синий	10.2	40.4	снег-освещённый	0.503	79.2	-1.0	-4.0	4.1	bbox	1295	232.0	232.0	232.0	831,745,8,11	105.9			
1297	1297	1.371	стакан-марка-красная	10.9	3.7	снег-в-тени	0.755	46.1	0.5	-2.0	2.1	bbox	1296	161.0	160.0	161.0	679,241,10,6	105.7			
1298	1298	1.839	стакан-марка-красная	11.4	32.6	снег-освещённый	0.285	82.4	0.0	-2.0	2.0	bbox	1297	114.0	114.0	114.0	1901,1017,10,10	105.3			
1299	1299	0.969	рюкзак-синий	5.8	17.9	снег-в-тени	0.605	56.7	4.0	-9.0	9.8	bbox	1298	42.0	42.0	42.0	1323,93,8,6	105.2			
1300	1300	1.511	стакан-марка-красная	11.5	12.9	снег-розовый	0.619	62.7	-0.5	1.5	1.6	bbox	1299	225.0	225.0	225.0	1895,121,4,8	105.1			
1301	1301	1.783	рюкзак-синий	10.2	34.9	снег-освещённый	0.560	73.7	-1.0	-4.0	4.1	bbox	1300	239.0	239.0	240.0	335,1073,8,7	105.0			
1302	1302	0.481	рюкзак-синий	3.0	8.5	снег-в-тени	0.396	47.3	1.0	-11.0	11.0	bbox	1301	6.0	6.0	6.0	1737,619,4,16	104.8			
1303	1303	0.829	рюкзак-синий	5.4	13.6	снег-в-тени	0.427	52.4	3.0	-9.0	9.5	bbox	1302	67.0	67.0	67.0	177,170,6,13	104.8			
1304	1304	1.836	стакан-марка-красная	11.2	33.3	порода-в-тени	0.576	16.5	0.0	3.0	3.0	bbox	1303	64.0	64.0	64.0	713,88,6,7	104.7			
1305	1305	1.412	стакан-марка-красная	11.0	8.2	порода-в-тени	0.806	41.6	0.0	0.0	0.0	bbox	1304	14.0	14.0	14.0	1675,301,12,4	104.6			
1306	1306	1.379	стакан-марка-красная	11.0	2.9	снег-розовый	0.931	52.7	0.0	1.0	1.0	bbox	1305	137.0	137.0	137.0	1723,465,4,8	104.6			
1307	1307	1.381	стакан-марка-красная	11.0	0.0	снег-в-тени	1.003	49.8	0.0	0.0	0.0	bbox	1306	245.0	243.0	245.0	1313,841,9,3	104.6			
1308	1308	0.757	рюкзак-синий	4.0	15.9	снег-в-тени	1.007	54.7	5.0	-14.0	14.9	bbox	1307	61.0	61.0	61.0	199,278,8,5	104.5			
1309	1309	1.919	рюкзак-синий	12.0	33.3	порода-в-тени	0.601	5.5	0.0	-2.0	2.0	bbox	1308	53.0	53.0	53.0	1726,24,6,8	104.3			
1310	1310	1.514	стакан-марка-красная	12.0	4.5	порода-в-тени	0.906	45.3	-1.0	0.0	1.0	bbox	1309	201.0	201.0	201.0	1453,373,8,6	104.3			
1311	1311	0.977	палка-древко-контроль	2.0	26.4	снег-в-тени	1.383	68.0	-8.0	-13.0	15.3	bbox	1310	105.0	104.0	105.0	385,524,8,9	104.2			
1312	1312	0.988	рюкзак-синий	6.1	17.7	снег-в-тени	0.398	56.5	2.0	-8.0	8.2	bbox	1311	65.0	65.0	65.0	1909,445,11,8	104.1			
1313	1313	0.765	рюкзак-синий	6.1	2.3	снег-в-тени	0.405	36.5	0.0	-8.0	8.0	bbox	1312	145.0	145.0	145.0	1073,17,6,8	104.1			
1314	1314	2.050	стакан-марка-красная	11.7	40.2	снег-пересвеченный	0.500	90.0	0.0	-3.0	3.0	bbox	1313	174.0	174.0	174.0	799,736,7,6	103.9			
1315	1315	1.153	рюкзак-синий	7.3	19.8	снег-в-тени	0.553	58.6	3.0	-7.0	7.6	bbox	1314	65.0	61.0	65.0	1893,1060,10,7	103.7			
1316	1316	1.516	стакан-марка-красная	11.0	17.8	снег-розовый	0.452	67.6	0.0	1.0	1.0	bbox	1315	230.0	230.0	230.0	1647,33,2,16	103.7			
1317	1317	1.393	стакан-марка-красная	11.0	6.3	снег-розовый	0.818	56.1	0.0	1.0	1.0	bbox	1316	137.0	137.0	137.0	1817,439,6,8	103.5			
1318	1318	0.638	рюкзак-синий	5.1	1.0	снег-в-тени	0.452	37.8	2.0	-9.0	9.2	bbox	1317	163.0	163.0	163.0	1737,49,8,6	103.5			
1319	1319	1.783	стакан-марка-красная	14.1	6.5	снег-освещённый	0.919	56.3	-3.0	-1.0	3.2	bbox	1318	92.0	92.0	92.0	1601,1067,12,5	103.3			
1320	1320	1.539	стакан-марка-красная	11.2	18.0	снег-освещённый	0.726	67.8	1.0	-4.0	4.1	bbox	1319	129.0	129.0	129.0	611,685,8,4	103.3			
1321	1321	0.782	рюкзак-синий	6.1	5.1	снег-в-тени	1.245	43.9	7.0	-15.0	16.6	bbox	1320	52.0	52.0	52.0	1429,32,8,5	103.2			
1322	1322	2.119	стакан-марка-красная	11.0	45.1	порода-в-тени	0.642	4.7	0.0	0.5	0.5	bbox	1321	55.0	55.0	55.0	264,74,6,5	103.1			
1323	1323	1.946	рюкзак-синий	13.0	29.8	порода-в-тени	0.477	9.0	0.0	-1.0	1.0	bbox	1322	126.0	126.0	126.0	33,873,6,7	103.1			
1324	1324	1.709	рюкзак-синий	11.0	28.2	порода-в-тени	0.498	10.6	0.0	-3.0	3.0	bbox	1323	189.0	189.0	192.0	744,894,5,9	102.9			
1325	1325	0.709	рюкзак-синий	3.6	15.3	снег-в-тени	1.154	54.1	-1.0	-17.0	17.0	bbox	1324	197.0	197.0	197.0	137,915,6,6	102.9			
1326	1326	1.505	стакан-марка-красная	12.0	0.6	снег-в-тени	1.009	49.2	-1.0	0.0	1.0	bbox	1325	201.0	201.0	201.0	1063,195,8,8	102.6			
1327	1327	0.709	рюкзак-синий	3.6	15.3	снег-в-тени	1.154	54.1	-1.0	-17.0	17.0	bbox	1326	199.0	199.0	199.0	3,65,5,8	102.2			
1328	1328	1.713	стакан-марка-красная	12.6	18.4	снег-освещённый	0.585	68.2	-1.0	-3.0	3.2	bbox	1327	179.0	179.0	179.0	1836,830,7,11	102.1			
1329	1329	1.613	стакан-марка-красная	11.2	22.5	порода-в-тени	0.350	27.3	0.0	-1.0	1.0	bbox	1328	248.0	248.0	248.0	621,697,4,10	102.1			
1330	1330	1.645	стакан-марка-красная	11.2	24.3	порода-в-тени	0.309	25.5	0.0	-1.0	1.0	bbox	1329	37.0	37.0	37.0	837,151,5,8	102.0			
1331	1331	1.802	стакан-марка-красная	12.2	26.9	порода-в-тени	1.189	22.9	1.0	8.0	8.1	bbox	1330	52.0	52.0	52.0	1165,18,6,9	101.9			
1332	1332	1.033	рюкзак-синий	8.0	7.2	снег-в-тени	0.644	31.6	1.0	-6.0	6.1	bbox	1331	183.0	183.0	183.0	385,725,6,10	101.8			
1333	1333	1.434	стакан-марка-красная	11.2	9.0	снег-освещённый	0.805	58.8	0.0	-1.0	1.0	bbox	1332	146.0	146.0	146.0	1697,691,8,6	101.7			
1334	1334	1.189	рюкзак-синий	8.0	18.0	порода-в-тени	0.729	20.8	1.0	-6.0	6.1	bbox	1333	242.0	242.0	242.0	1102,1009,9,8	101.7			
1335	1335	1.076	рюкзак-синий	6.0	21.6	снег-в-тени	0.467	60.4	1.0	-8.0	8.1	bbox	1334	146.0	145.0	146.0	161,0,10,9	101.5			
1336	1336	1.469	стакан-марка-красная	11.1	13.5	порода-в-тени	0.623	36.3	0.0	-0.5	0.5	bbox	1335	94.0	93.0	94.0	1769,1045,6,6	101.4			
1337	1337	1.099	рюкзак-синий	3.4	28.5	снег-в-тени	1.024	67.3	4.0	-12.5	13.1	bbox	1336	217.0	217.0	217.0	1445,313,10,4	101.4			
1338	1338	1.526	стакан-марка-красная	11.5	13.9	порода-в-тени	0.597	35.9	-0.5	0.0	0.5	bbox	1337	6.0	6.0	6.0	145,49,6,8	101.3			
1339	1339	1.745	стакан-марка-красная	12.0	24.7	снег-освещённый	0.336	74.5	-1.0	2.0	2.2	bbox	1338	48.0	48.0	48.0	675,457,4,8	101.3			
1340	1340	1.791	рюкзак-синий	13.0	20.8	порода-в-тени	0.264	18.0	0.0	-1.0	1.0	bbox	1339	66.0	66.0	66.0	745,385,8,8	101.3			
1341	1341	1.550	стакан-марка-красная	11.0	20.0	снег-розовый	0.395	69.8	0.0	1.0	1.0	bbox	1340	41.0	41.0	41.0	947,723,7,7	101.2			
1342	1342	1.434	рюкзак-синий	5.7	34.9	снег-в-тени	1.030	73.7	-3.0	-10.0	10.4	bbox	1341	103.0	103.0	103.0	1061,1057,10,8	101.1			
1343	1343	1.318	рюкзак-синий	7.3	26.7	снег-в-тени	0.656	65.5	-1.0	-7.0	7.1	bbox	1342	48.0	48.0	48.0	49,241,10,8	100.9			
1344	1344	0.803	рюкзак-синий	4.1	17.2	снег-в-тени	1.288	21.6	5.0	-13.0	13.9	bbox	1343	48.0	48.0	48.0	1581,39,8,8	100.8			
1345	1345	1.583	рюкзак-синий	9.1	31.0	снег-освещённый	0.749	69.8	0.0	-5.0	5.0	bbox	1344	224.0	222.0	224.0	439,41,10,6	100.8			
1346	1346	1.474	рюкзак-синий	11.0	14.5	порода-в-тени	0.380	24.3	0.0	-3.0	3.0	bbox	1345	252.0	252.0	252.0	613,1044,6,5	100.8			
1347	1347	0.731	рюкзак-синий	3.6	16.1	снег-в-тени	1.160	54.9	-1.0	-17.0	17.0	bbox	1346	73.0	73.0	75.0	140,929,5,8	100.7			
1348	1348	1.468	рюкзак-синий	10.2	20.4	порода-в-тени	0.401	18.4	-1.0	-4.0	4.1	bbox	1347	187.0	187.0	187.0	1874,674,7,5	100.7			
1349	1349	0.661	рюкзак-синий	3.6	13.6	снег-в-тени	1.144	52.4	-1.0	-17.0	17.0	bbox	1348	73.0	73.0	73.0	250,969,7,8	100.6			
1350	1350	0.531	рюкзак-синий	4.2	0.8	снег-в-тени	1.280	38.0	4.0	-17.0	17.5	bbox	1349	197.0	197.0	197.0	1067,51,14,3	100.6			
1351	1351	1.508	стакан-марка-красная	11.2	15.9	снег-освещённый	0.568	65.7	0.0	-1.0	1.0	bbox	1350	130.0	130.0	130.0	1683,529,4,8	100.5			
1352	1352	1.135	стакан-марка-красная	9.0	4.1	снег-розовый	0.855	53.9	2.0	1.0	2.2	bbox	1351	40.0	40.0	40.0	495,474,6,10	100.3			
1353	1353	0.639	рюкзак-синий	5.1	1.3	снег-в-тени	1.210	37.5	6.0	-15.0	16.2	bbox	1352	68.0	62.0	68.0	1909,1043,4,10	100.3			
1354	1354	1.815	стакан-марка-красная	11.1	32.7	снег-освещённый	0.153	82.5	0.0	-0.5	0.5	bbox	1353	125.0	125.0	125.0	75,1025,6,5	100.3			
1355	1355	1.449	стакан-марка-красная	10.7	15.7	снег-освещённый	0.591	65.5	0.5	-1.0	1.1	bbox	1354	158.0	158.0	158.0	217,801,6,8	100.1			
1356	1356	1.040	рюкзак-синий	8.0	8.0	снег-в-тени	0.669	30.8	1.0	-6.0	6.1	bbox	1355	258.0	257.0	259.0	589,389,4,11	100.0			
1357	1357	0.514	рюкзак-синий	3.0	9.8	снег-в-тени	0.396	48.6	1.0	-11.0	11.0	bbox	1356	211.0	211.0	211.0	345,605,14,10	99.9			
1358	1358	0.791	рюкзак-синий	6.0	7.0	снег-в-тени	0.586	31.8	1.0	-8.0	8.1	bbox	1357	257.0	257.0	257.0	808,349,9,7	99.6			
1359	1359	1.521	рюкзак-синий	6.1	36.9	снег-в-тени	1.588	75.7	7.0	-15.0	16.6	bbox	1358	51.0	51.0	51.0	570,0,9,3	99.5			
1360	1360	0.821	рюкзак-синий	5.1	14.5	снег-в-тени	0.848	24.3	0.0	-9.0	9.0	bbox	1359	187.0	187.0	187.0	821,768,4,9	99.3			
1361	1361	1.581	стакан-марка-красная	11.0	21.6	снег-розовый	0.335	71.4	0.0	2.0	2.0	bbox	1360	224.0	223.0	224.0	1717,322,6,7	99.3			
1362	1362	0.656	рюкзак-синий	5.1	4.3	снег-в-тени	1.086	34.5	6.0	-13.0	14.3	bbox	1361	57.0	57.0	59.0	553,93,10,7	99.2			
1363	1363	1.450	стакан-марка-красная	11.1	11.8	порода-в-тени	0.681	38.0	0.0	-0.5	0.5	bbox	1362	74.0	74.0	75.0	1169,1037,14,4	99.1			
1364	1364	1.116	стакан-марка-красная	4.5	27.1	порода-в-тени	1.234	22.7	7.0	3.0	7.6	bbox	1363	44.0	44.0	44.0	1873,291,8,6	98.9			
1365	1365	1.355	палка-ручка-контроль	9.0	21.1	корка-жёлтая-на-скале	0.888	36.5	6.0	17.0	18.0	bbox	1364	78.0	78.0	78.0	17,953,16,2	98.8			
1366	1366	0.930	палка-древко-контроль	7.0	8.9	снег-в-тени	1.135	32.7	-8.0	-8.0	11.3	bbox	1365	104.0	103.0	104.0	509,603,4,6	98.8			
1367	1367	0.456	палка-древко-контроль	3.6	2.0	снег-в-тени	0.948	39.6	-6.0	-12.0	13.4	bbox	1366	106.0	106.0	107.0	577,875,8,10	98.6			
1368	1368	1.211	стакан-марка-красная	8.1	18.8	порода-охристая	0.679	31.0	7.0	8.0	10.6	bbox	1367	63.0	63.0	63.0	1639,754,6,9	98.5			
1369	1369	1.618	стакан-марка-красная	12.4	13.3	снег-розовый	0.686	63.1	-1.0	4.0	4.1	bbox	1368	225.0	225.0	225.0	1893,10,4,11	98.5			
1370	1370	1.762	стакан-марка-красная	13.9	7.7	снег-розовый	1.009	57.5	-2.0	6.0	6.3	bbox	1369	52.0	52.0	52.0	1629,67,12,4	98.4			
1371	1371	1.978	стакан-марка-красная	13.9	26.3	снег-розовый	0.709	76.1	-2.0	6.0	6.3	bbox	1370	54.0	54.0	54.0	1325,0,9,7	98.4			
1372	1372	2.126	рюкзак-синий	6.0	55.7	снег-пересвеченный	0.895	94.5	1.0	-8.0	8.1	bbox	1371	102.0	102.0	102.0	249,53,12,4	98.4			
1373	1373	1.959	стакан-марка-красная	11.4	37.7	снег-освещённый	0.367	87.5	0.0	-2.0	2.0	bbox	1372	249.0	249.0	249.0	1307,817,16,6	98.3			
1374	1374	0.713	рюкзак-синий	5.0	9.6	снег-в-тени	1.061	48.4	6.0	-14.0	15.2	bbox	1373	56.0	56.0	56.0	675,63,8,4	98.1			
1375	1375	1.425	стакан-марка-красная	11.1	9.0	снег-розовый	0.781	58.8	0.0	-0.5	0.5	bbox	1374	121.0	121.0	121.0	317,521,4,8	98.1			
1376	1376	1.521	стакан-марка-красная	12.2	0.6	снег-в-тени	0.889	50.4	-1.0	-1.0	1.4	bbox	1375	14.0	13.0	15.0	1683,139,8,6	98.0			
1377	1377	0.754	рюкзак-синий	6.0	2.1	снег-в-тени	0.417	36.7	1.0	-8.0	8.1	bbox	1376	258.0	258.0	259.0	668,305,4,8	98.0			
1378	1378	1.824	стакан-марка-красная	13.0	22.9	снег-освещённый	0.314	72.7	-2.0	0.0	2.0	bbox	1377	31.0	28.0	31.0	493,117,8,6	97.8			
1379	1379	1.420	стакан-марка-красная	11.2	7.1	порода-в-тени	0.836	42.7	0.0	-1.0	1.0	bbox	1378	242.0	242.0	242.0	899,727,6,4	97.7			
1380	1380	0.699	палка-древко-контроль	5.4	5.3	снег-в-тени	0.891	36.3	-6.0	-10.0	11.7	bbox	1379	104.0	104.0	105.0	871,229,14,4	97.6			
1381	1381	1.783	стакан-марка-красная	10.2	34.9	снег-освещённый	0.312	84.7	1.0	-1.0	1.4	bbox	1380	102.0	102.0	102.0	591,71,12,6	97.4			
1382	1382	1.477	стакан-марка-красная	9.2	25.9	порода-охристая	1.133	23.9	4.0	7.0	8.1	bbox	1381	79.0	79.0	79.0	1385,165,11,4	97.3			
1383	1383	0.853	рюкзак-синий	6.3	9.0	снег-в-тени	0.744	29.8	3.0	-8.0	8.5	bbox	1382	257.0	257.0	257.0	762,283,7,7	97.3			
1384	1384	1.299	рюкзак-синий	7.1	26.6	порода-в-тени	0.844	12.2	0.0	-7.0	7.0	bbox	1383	220.0	220.0	220.0	1441,424,8,4	97.1			
1385	1385	1.886	стакан-марка-красная	11.7	33.3	снег-освещённый	0.404	83.1	0.0	-3.0	3.0	bbox	1384	244.0	244.0	244.0	1475,1021,14,6	97.1			
1386	1386	1.413	стакан-марка-красная	11.2	5.9	порода-в-тени	0.876	43.9	0.0	-1.0	1.0	bbox	1385	189.0	189.0	189.0	1617,359,14,6	97.0			
1387	1387	1.589	стакан-марка-красная	11.2	21.2	порода-в-тени	0.386	28.6	0.0	-1.0	1.0	bbox	1386	125.0	125.0	125.0	525,433,4,14	96.9			
1388	1388	1.780	стакан-марка-красная	12.4	24.7	снег-освещённый	0.336	74.5	-1.0	-2.0	2.2	bbox	1387	167.0	167.0	167.0	1123,372,9,9	96.8			
1389	1389	1.527	стакан-марка-красная	11.0	18.2	порода-в-тени	0.487	31.6	0.0	0.0	0.0	bbox	1388	13.0	11.0	15.0	1185,479,8,6	96.7			
1390	1390	0.894	стакан-марка-красная	7.1	3.7	снег-в-тени	0.924	53.5	6.0	-4.0	7.2	bbox	1389	53.0	53.0	53.0	5,3,8,6	96.6			
1391	1391	1.338	палка-ручка-пробка	7.3	27.5	корка-жёлтая-на-скале	0.396	48.2	3.0	16.0	16.3	bbox	1390	55.0	55.0	55.0	1630,965,5,10	96.6			
1392	1392	0.971	рюкзак-синий	6.0	17.3	снег-в-тени	0.321	56.1	1.0	-8.0	8.1	bbox	1391	75.0	72.0	75.0	1141,532,8,9	96.6			
1393	1393	1.322	стакан-марка-красная	10.2	9.8	снег-розовый	0.666	59.6	1.0	3.0	3.2	bbox	1392	84.0	84.0	84.0	1446,659,18,5	96.4			
1394	1394	1.686	стакан-марка-красная	12.2	20.4	порода-в-тени	0.608	29.4	-1.0	3.0	3.2	bbox	1393	116.0	116.0	117.0	1712,35,7,5	96.4			
1395	1395	1.791	стакан-марка-красная	11.2	31.4	снег-освещённый	0.559	81.2	1.0	-4.0	4.1	bbox	1394	185.0	185.0	185.0	1845,897,8,8	96.1			
1396	1396	1.495	стакан-марка-красная	11.0	16.5	порода-в-тени	0.582	33.3	0.0	1.0	1.0	bbox	1395	16.0	16.0	18.0	1755,183,14,4	95.8			
1397	1397	0.696	рюкзак-синий	5.1	7.8	снег-в-тени	0.614	31.0	0.0	-9.0	9.0	bbox	1396	199.0	199.0	199.0	814,847,5,11	95.8			
1398	1398	1.660	стакан-марка-красная	12.0	19.6	снег-розовый	0.476	69.4	-1.0	2.0	2.2	bbox	1397	40.0	40.0	40.0	399,469,10,6	95.7			
1399	1399	1.167	стакан-марка-красная	9.2	5.1	порода-охристая	0.868	44.7	5.0	8.0	9.4	bbox	1398	63.0	63.0	64.0	1661,599,5,6	95.6			
1400	1400	0.781	рюкзак-синий	2.2	20.4	снег-в-тени	0.645	59.2	0.0	-12.0	12.0	bbox	1399	193.0	193.0	193.0	1809,809,4,8	95.6			
1401	1401	0.904	рюкзак-синий	7.1	5.3	снег-в-тени	0.581	33.5	2.0	-7.0	7.3	bbox	1400	91.0	91.0	91.0	1145,1077,14,3	95.4			
1402	1402	1.757	стакан-марка-красная	11.1	30.2	порода-в-тени	0.259	19.6	0.0	-0.5	0.5	bbox	1401	119.0	119.0	119.0	17,299,16,2	95.2			
1403	1403	1.286	рюкзак-синий	9.1	17.1	снег-в-тени	0.535	55.9	2.0	-5.0	5.4	bbox	1402	85.0	85.0	85.0	997,23,10,8	94.9			
1404	1404	0.892	рюкзак-синий	3.2	22.4	снег-в-тени	0.932	61.2	4.0	-13.0	13.6	bbox	1403	188.0	188.0	188.0	937,161,10,3	94.9			
1405	1405	1.276	стакан-марка-красная	10.2	1.6	снег-в-тени	0.893	51.4	1.0	-1.0	1.4	bbox	1404	201.0	201.0	201.0	1367,623,6,6	94.9			
1406	1406	0.846	рюкзак-синий	6.0	11.0	снег-в-тени	0.724	27.8	1.0	-8.0	8.1	bbox	1405	255.0	255.0	255.0	233,761,10,10	94.9			
1407	1407	1.651	стакан-марка-красная	10.6	27.5	снег-освещённый	1.083	77.3	4.0	-7.0	8.1	bbox	1406	42.0	42.0	44.0	1131,297,15,8	94.7			
1408	1408	1.187	рюкзак-синий	9.4	3.7	снег-в-тени	1.913	42.5	6.0	-22.0	22.8	bbox	1407	74.0	74.0	75.0	1697,733,4,8	94.6			
1409	1409	1.429	рюкзак-синий	11.4	2.7	порода-в-тени	0.613	36.1	-2.0	-3.0	3.6	bbox	1408	107.0	106.0	107.0	1031,349,12,4	94.6			
1410	1410	1.441	стакан-марка-красная	11.2	9.8	снег-освещённый	0.777	59.6	0.0	-1.0	1.0	bbox	1409	132.0	132.0	132.0	737,533,8,6	94.5			
1411	1411	0.713	рюкзак-синий	5.0	9.6	снег-в-тени	0.559	48.4	4.0	-10.0	10.8	bbox	1410	184.0	184.0	184.0	1759,353,6,8	94.5			
1412	1412	1.548	стакан-марка-красная	11.0	19.6	порода-в-тени	0.448	30.2	0.0	0.0	0.0	bbox	1411	14.0	14.0	14.0	1699,611,6,8	94.4			
1413	1413	1.383	стакан-марка-красная	6.7	30.8	порода-в-тени	0.885	19.0	5.0	-2.0	5.4	bbox	1412	164.0	163.0	164.0	33,709,3,12	94.3			
1414	1414	1.565	стакан-марка-красная	10.8	22.4	снег-освещённый	0.546	72.2	1.0	-3.0	3.2	bbox	1413	164.0	164.0	164.0	1571,975,11,9	94.3			
1415	1415	1.523	стакан-марка-красная	10.0	24.1	снег-розовый	0.309	73.9	1.0	0.0	1.0	bbox	1414	98.0	98.0	98.0	0,511,5,6	94.1			
1416	1416	1.318	рюкзак-синий	6.5	29.0	снег-в-тени	0.839	67.8	3.5	-8.0	8.7	bbox	1415	111.0	108.0	111.0	1303,11,10,6	94.1			
1417	1417	1.027	стакан-марка-красная	8.1	5.5	снег-в-тени	0.844	55.3	4.0	-3.0	5.0	bbox	1416	90.0	90.0	90.0	1467,7,6,6	94.0			
1418	1418	1.541	стакан-марка-красная	11.7	13.5	снег-освещённый	0.739	63.3	0.0	-3.0	3.0	bbox	1417	212.0	212.0	212.0	1547,891,10,4	94.0			
1419	1419	0.906	рюкзак-синий	6.3	12.4	снег-в-тени	0.394	51.2	3.0	-8.0	8.5	bbox	1418	41.0	41.0	41.0	1685,213,7,8	93.9			
1420	1420	1.512	стакан-марка-красная	11.0	17.3	порода-в-тени	0.516	32.5	0.0	0.0	0.0	bbox	1419	13.0	13.0	13.0	1295,441,8,4	93.8			
1421	1421	2.207	стакан-марка-красная	11.7	46.3	снег-пересвеченный	0.537	96.1	0.0	-3.0	3.0	bbox	1420	222.0	222.0	222.0	1533,1066,7,11	93.8			
1422	1422	1.374	стакан-марка-красная	10.3	13.3	снег-розовый	0.688	63.1	1.0	-1.5	1.8	bbox	1421	130.0	130.0	130.0	1767,17,6,6	93.7			
1423	1423	0.662	рюкзак-синий	0.5	18.5	снег-в-тени	0.776	57.3	1.0	-13.5	13.5	bbox	1422	204.0	204.0	205.0	441,603,8,4	93.7			
1424	1424	1.452	рюкзак-синий	10.0	20.4	порода-в-тени	0.456	18.4	0.0	-4.0	4.0	bbox	1423	225.0	225.0	225.0	1917,730,3,11	93.6			
1425	1425	1.601	стакан-марка-красная	12.0	15.3	снег-розовый	0.583	65.1	-1.0	2.0	2.2	bbox	1424	42.0	42.0	42.0	1040,159,9,3	93.5			
1426	1426	1.387	стакан-марка-красная	11.0	5.1	снег-розовый	0.857	54.9	0.0	1.0	1.0	bbox	1425	43.0	43.0	43.0	299,215,4,7	93.4			
1427	1427	1.438	стакан-марка-красная	11.0	11.8	снег-розовый	0.637	61.6	0.0	1.0	1.0	bbox	1426	230.0	230.0	230.0	1604,929,7,11	93.4			
1428	1428	1.461	рюкзак-синий	8.1	29.6	снег-в-тени	0.817	68.4	2.0	-6.0	6.3	bbox	1427	126.0	126.0	126.0	357,527,12,8	93.3			
1429	1429	1.243	стакан-марка-красная	7.8	21.6	порода-охристая	0.879	28.2	6.0	7.0	9.2	bbox	1428	61.0	61.0	61.0	1121,571,8,4	93.2			
1430	1430	1.557	рюкзак-синий	11.0	20.2	порода-в-тени	0.563	18.6	2.0	-3.0	3.6	bbox	1429	251.0	251.0	251.0	869,997,3,10	93.2			
1431	1431	1.399	стакан-марка-красная	11.0	7.3	порода-в-тени	0.866	42.5	0.0	1.0	1.0	bbox	1430	37.0	37.0	37.0	1733,455,6,10	93.0			
1432	1432	1.352	рюкзак-синий	5.3	33.0	снег-в-тени	1.105	71.8	5.0	-10.5	11.6	bbox	1431	47.0	47.0	47.0	1017,221,12,4	93.0			
1433	1433	0.707	палка-древко-контроль	5.1	8.6	снег-в-тени	0.914	50.2	-7.0	-10.0	12.2	bbox	1432	106.0	105.0	106.0	235,519,10,9	92.9			
1434	1434	1.765	стакан-марка-красная	11.0	31.0	порода-в-тени	0.358	18.8	0.0	1.0	1.0	bbox	1433	15.0	15.0	15.0	1855,961,4,8	92.5			
1435	1435	1.814	стакан-марка-красная	13.3	20.0	снег-освещённый	0.482	69.8	-2.0	-2.0	2.8	bbox	1434	200.0	200.0	200.0	746,183,9,6	92.5			
1436	1436	1.284	стакан-марка-красная	10.2	4.3	снег-в-тени	0.888	45.5	1.0	-1.0	1.4	bbox	1435	245.0	245.0	245.0	1009,961,5,6	92.5			
1437	1437	1.378	стакан-марка-красная	11.0	2.5	порода-в-тени	1.022	47.3	0.0	1.0	1.0	bbox	1436	42.0	42.0	42.0	1139,852,6,10	92.0			
1438	1438	0.490	рюкзак-синий	3.0	8.8	снег-в-тени	0.395	47.6	1.0	-11.0	11.0	bbox	1437	7.0	7.0	7.0	1895,387,2,14	91.9			
1439	1439	0.805	палка-древко-контроль	6.4	2.3	снег-в-тени	0.576	43.9	-4.0	-10.0	10.8	bbox	1438	105.0	105.0	105.0	1173,221,12,3	91.8			
1440	1440	1.380	рюкзак-синий	1.1	38.5	снег-в-тени	1.257	77.3	0.0	-13.5	13.5	bbox	1439	200.0	200.0	201.0	587,113,4,8	91.8			
1441	1441	1.077	рюкзак-синий	6.7	18.8	снег-в-тени	0.782	57.6	5.5	-9.0	10.5	bbox	1440	120.0	120.0	120.0	753,125,14,4	91.7			
1442	1442	0.799	рюкзак-синий	6.0	7.3	снег-в-тени	0.925	46.1	6.5	-11.5	13.2	bbox	1441	116.0	116.0	116.0	1633,35,6,4	91.6			
1443	1443	2.636	палка-древко-бирюзовое	16.6	45.7	снег-пересвеченный	0.622	98.2	-8.0	-1.0	8.1	bbox	1442	85.0	85.0	87.0	1727,1053,4,7	91.4			
1444	1444	1.756	стакан-марка-красная	13.9	7.8	корка-жёлтая-на-скале	1.039	42.0	-1.5	7.0	7.2	bbox	1443	92.0	92.0	93.0	1497,1075,8,5	91.4			
1445	1445	1.398	стакан-марка-красная	11.2	0.6	снег-в-тени	0.880	50.4	0.0	-1.0	1.0	bbox	1444	132.0	132.0	132.0	393,511,4,7	91.3			
1446	1446	1.386	стакан-марка-красная	11.0	3.3	порода-в-тени	0.972	46.5	0.0	0.0	0.0	bbox	1445	238.0	238.0	239.0	615,627,6,8	91.0			
1447	1447	1.400	стакан-марка-красная	11.2	2.5	снег-в-тени	0.875	47.3	0.0	-1.0	1.0	bbox	1446	137.0	137.0	137.0	1795,613,6,8	90.7			
1448	1448	1.402	стакан-марка-красная	11.2	3.1	снег-в-тени	0.876	46.7	0.0	-1.0	1.0	bbox	1447	190.0	187.0	190.0	609,1009,8,10	90.5			
1449	1449	1.793	рюкзак-синий	13.0	21.0	порода-в-тени	0.266	17.8	0.0	-1.0	1.0	bbox	1448	32.0	32.0	32.0	209,675,5,10	89.9			
1450	1450	1.804	рюкзак-синий	12.5	25.3	порода-в-тени	0.452	13.5	1.0	-1.5	1.8	bbox	1449	36.0	36.0	36.0	591,344,6,9	89.8			
1451	1451	1.811	рюкзак-синий	12.0	28.2	порода-в-тени	0.448	10.6	0.0	-2.0	2.0	bbox	1450	42.0	42.0	42.0	1413,219,4,10	89.8			
1452	1452	1.925	стакан-марка-красная	11.2	37.1	снег-освещённый	0.280	86.9	0.0	-1.0	1.0	bbox	1451	127.0	127.0	127.0	1065,989,8,8	89.6			
1453	1453	1.272	рюкзак-синий	5.4	30.2	снег-в-тени	0.778	69.0	-1.0	-9.0	9.1	bbox	1452	197.0	197.0	197.0	241,797,5,6	89.3			
1454	1454	0.867	рюкзак-синий	6.2	11.0	снег-в-тени	0.095	49.8	-0.5	-8.0	8.0	bbox	1453	259.0	259.0	260.0	1867,981,6,6	89.3			
1455	1455	1.469	рюкзак-синий	11.0	14.5	порода-в-тени	0.472	24.3	1.0	-3.0	3.2	bbox	1454	120.0	120.0	120.0	1558,763,3,8	89.1			
1456	1456	0.889	палка-древко-контроль	7.1	2.8	снег-в-тени	0.932	38.8	-7.0	-8.0	10.6	bbox	1455	106.0	106.0	106.0	415,657,10,6	89.0			
1457	1457	1.081	рюкзак-синий	7.0	17.7	снег-в-тени	1.325	56.5	8.0	-14.5	16.6	bbox	1456	59.0	59.0	59.0	435,93,6,4	88.9			
1458	1458	1.472	стакан-марка-красная	11.2	12.9	порода-в-тени	0.639	36.9	0.0	-1.0	1.0	bbox	1457	245.0	245.0	245.0	1145,1073,12,7	88.9			
1459	1459	1.052	стакан-марка-красная	7.8	11.0	снег-в-тени	0.898	38.8	6.0	-5.0	7.8	bbox	1458	201.0	201.0	201.0	1517,857,12,6	88.7			
1460	1460	0.734	рюкзак-синий	5.1	10.2	снег-в-тени	0.132	49.0	0.0	-9.0	9.0	bbox	1459	211.0	211.0	211.0	271,855,6,8	88.7			
1461	1461	0.888	стакан-марка-красная	7.0	4.3	снег-розовый	0.884	54.1	4.0	1.0	4.1	bbox	1460	88.0	88.0	92.0	429,141,5,6	88.5			
1462	1462	1.235	рюкзак-синий	9.0	14.3	порода-в-тени	0.642	24.5	1.0	-5.0	5.1	bbox	1461	151.0	151.0	151.0	1574,154,5,8	88.4			
1463	1463	1.564	стакан-марка-красная	11.0	20.6	порода-в-тени	0.421	29.2	0.0	0.0	0.0	bbox	1462	125.0	125.0	125.0	423,460,10,7	88.3			
1464	1464	1.697	стакан-марка-красная	13.2	11.8	снег-освещённый	0.709	61.6	-2.0	-1.0	2.2	bbox	1463	201.0	201.0	201.0	1135,121,8,6	88.3			
1465	1465	1.105	рюкзак-синий	5.0	25.5	снег-в-тени	1.214	64.3	6.0	-14.0	15.2	bbox	1464	49.0	49.0	49.0	1065,5,8,4	88.2			
1466	1466	1.426	стакан-марка-красная	11.4	1.2	снег-в-тени	0.751	48.6	0.0	-2.0	2.0	bbox	1465	190.0	190.0	190.0	1145,91,16,4	88.2			
1467	1467	1.461	стакан-марка-красная	11.2	12.0	порода-в-тени	0.671	37.8	0.0	-1.0	1.0	bbox	1466	37.0	33.0	37.0	1707,537,4,10	87.9			
1468	1468	1.321	стакан-марка-красная	9.4	16.7	снег-розовый	0.651	66.5	3.0	6.0	6.7	bbox	1467	222.0	222.0	222.0	1765,863,4,11	87.9			
1469	1469	1.508	рюкзак-синий	10.0	23.6	снег-в-тени	0.724	62.4	0.5	-4.0	4.0	bbox	1468	129.0	129.0	129.0	431,211,6,4	87.8			
1470	1470	1.862	рюкзак-синий	2.8	51.2	снег-пересвеченный	1.425	90.0	3.0	-12.0	12.4	bbox	1469	215.0	215.0	215.0	292,1031,12,2	87.8			
1471	1471	1.579	стакан-марка-красная	10.2	26.1	порода-в-тени	0.393	23.7	1.0	-1.0	1.4	bbox	1470	176.0	176.0	176.0	445,640,4,8	87.7			
1472	1472	1.339	рюкзак-синий	5.1	33.0	снег-в-тени	0.900	71.8	2.0	-9.0	9.2	bbox	1471	181.0	181.0	181.0	1659,70,8,7	87.3			
1473	1473	1.266	рюкзак-синий	10.0	4.5	порода-в-тени	0.671	34.3	0.0	-4.0	4.0	bbox	1472	145.0	141.0	145.0	1235,0,8,7	87.2			
1474	1474	1.773	стакан-марка-красная	10.2	34.5	порода-в-тени	0.417	15.3	1.0	-1.0	1.4	bbox	1473	15.0	15.0	15.0	1291,633,4,6	87.1			
1475	1475	1.353	стакан-марка-красная	10.8	1.6	корка-жёлтая-на-скале	1.039	51.4	2.0	7.0	7.3	bbox	1474	52.0	52.0	52.0	1016,238,4,7	87.1			
1476	1476	1.158	рюкзак-синий	4.1	29.0	снег-в-тени	1.292	67.8	5.0	-15.0	15.8	bbox	1475	221.0	221.0	221.0	611,373,12,2	87.1			
1477	1477	2.018	рюкзак-синий	13.0	33.3	порода-в-тени	0.588	5.5	0.0	-1.0	1.0	bbox	1476	60.0	60.0	60.0	1139,337,6,6	87.0			
1478	1478	1.273	рюкзак-синий	6.1	28.6	порода-в-тени	0.980	10.2	0.0	-8.0	8.0	bbox	1477	74.0	74.0	74.0	1775,822,10,3	87.0			
1479	1479	1.297	стакан-марка-красная	10.2	6.7	снег-розовый	0.852	56.5	1.0	-1.0	1.4	bbox	1478	235.0	235.0	235.0	1617,201,4,20	86.9			
1480	1480	1.349	стакан-марка-красная	10.2	12.4	снег-розовый	0.679	62.2	1.0	-1.0	1.4	bbox	1479	132.0	132.0	132.0	1484,319,10,10	86.7			
1481	1481	1.293	рюкзак-синий	7.3	25.7	снег-в-тени	0.622	64.5	-1.0	-7.0	7.1	bbox	1480	202.0	202.0	202.0	279,373,8,6	86.6			
1482	1482	1.935	стакан-марка-красная	15.4	5.5	порода-в-тени	1.125	44.3	-4.0	4.5	6.0	bbox	1481	174.0	173.0	174.0	139,29,6,8	86.4			
1483	1483	0.735	рюкзак-синий	5.4	8.3	снег-в-тени	0.396	47.1	3.0	-9.0	9.5	bbox	1482	184.0	184.0	184.0	1681,753,6,9	86.4			
1484	1484	1.255	стакан-марка-красная	9.2	13.9	снег-розовый	0.621	63.7	2.0	-1.0	2.2	bbox	1483	246.0	246.0	246.0	291,57,4,8	86.2			
1485	1485	1.463	стакан-марка-красная	11.4	9.2	снег-освещённый	0.827	59.0	0.0	-2.0	2.0	bbox	1484	8.0	8.0	8.0	1607,0,6,7	86.1			
1486	1486	1.814	стакан-марка-красная	11.0	32.9	порода-в-тени	0.307	16.9	0.0	0.0	0.0	bbox	1485	32.0	32.0	32.0	39,939,8,6	86.1			
1487	1487	1.768	стакан-марка-красная	14.1	1.0	корка-жёлтая-на-скале	0.526	50.8	1.0	11.0	11.0	bbox	1486	59.0	59.0	59.0	1680,1049,4,6	86.1			
1488	1488	1.745	стакан-марка-красная	12.0	24.7	снег-освещённый	0.225	74.5	-1.0	0.0	1.0	bbox	1487	249.0	249.0	249.0	1715,759,6,8	86.0			
1489	1489	1.500	стакан-марка-красная	12.0	0.2	снег-розовый	1.075	49.6	-1.0	1.0	1.4	bbox	1488	34.0	34.0	34.0	1837,455,2,12	85.9			
1490	1490	1.381	стакан-марка-красная	11.0	0.6	снег-в-тени	1.004	50.4	0.0	0.0	0.0	bbox	1489	111.0	111.0	113.0	665,1035,6,4	85.9			
1491	1491	1.790	стакан-марка-красная	10.0	35.7	снег-освещённый	0.301	85.5	1.0	0.0	1.0	bbox	1490	118.0	118.0	118.0	1160,573,5,7	85.9			
1492	1492	1.275	рюкзак-синий	10.2	0.4	снег-в-тени	0.600	39.2	-1.0	-4.0	4.1	bbox	1491	183.0	183.0	183.0	269,963,8,4	85.9			
1493	1493	0.830	рюкзак-синий	6.0	10.0	снег-в-тени	0.689	28.8	1.0	-8.0	8.1	bbox	1492	255.0	255.0	255.0	302,795,6,6	85.9			
1494	1494	1.559	стакан-марка-красная	8.7	31.2	порода-в-тени	0.656	18.6	3.0	-2.5	3.9	bbox	1493	19.0	19.0	19.0	470,355,6,10	85.8			
1495	1495	2.100	рюкзак-синий	8.1	51.6	снег-пересвеченный	0.625	90.4	0.0	-6.0	6.0	bbox	1494	211.0	211.0	211.0	869,941,8,10	85.8			
1496	1496	1.533	стакан-марка-красная	12.1	7.1	снег-освещённый	0.857	56.9	-1.0	-0.5	1.1	bbox	1495	122.0	122.0	122.0	33,859,16,2	85.7			
1497	1497	1.015	рюкзак-синий	5.0	22.4	снег-в-тени	1.163	61.2	6.0	-14.0	15.2	bbox	1496	52.0	52.0	52.0	357,107,6,6	85.6			
1498	1498	0.894	рюкзак-синий	1.4	24.5	снег-в-тени	1.036	63.3	0.0	-15.0	15.0	bbox	1497	73.0	73.0	73.0	1329,357,4,12	85.4			
1499	1499	1.580	рюкзак-синий	11.2	20.6	снег-в-тени	0.760	59.4	-1.0	-3.0	3.2	bbox	1498	165.0	165.0	165.0	1235,413,8,8	85.2			
1500	1500	1.689	стакан-марка-красная	10.6	29.2	порода-охристая	1.243	20.6	3.0	8.0	8.5	bbox	1499	53.0	53.0	53.0	1022,891,5,10	85.1			
1501	1501	1.528	стакан-марка-красная	12.2	4.3	снег-в-тени	0.912	54.1	-1.0	-1.0	1.4	bbox	1500	250.0	250.0	250.0	1625,549,12,6	85.1			
1502	1502	1.487	стакан-марка-красная	11.0	15.5	порода-в-тени	0.570	34.3	0.0	0.0	0.0	bbox	1501	244.0	244.0	244.0	1639,727,4,8	85.0			
1503	1503	1.525	стакан-марка-красная	11.9	9.6	снег-освещённый	0.806	59.4	-0.5	-2.0	2.1	bbox	1502	97.0	97.0	98.0	729,1077,8,3	84.8			
1504	1504	1.404	стакан-марка-красная	11.2	3.7	снег-в-тени	0.899	53.5	0.0	-1.0	1.0	bbox	1503	251.0	251.0	251.0	1087,187,6,6	84.8			
1505	1505	1.063	рюкзак-синий	2.8	28.1	снег-в-тени	1.267	66.9	3.0	-16.0	16.3	bbox	1504	107.0	107.0	107.0	1901,11,8,4	84.7			
1506	1506	2.016	стакан-марка-красная	16.1	0.2	корка-жёлтая-на-скале	0.842	50.0	-3.0	9.0	9.5	bbox	1505	52.0	52.0	52.0	1265,95,8,5	84.6			
1507	1507	1.754	рюкзак-синий	10.2	33.7	снег-освещённый	0.580	72.5	-1.0	-4.0	4.1	bbox	1506	182.0	182.0	182.0	152,234,8,7	84.6			
1508	1508	1.404	стакан-марка-красная	11.2	3.7	снег-в-тени	0.877	46.1	0.0	-1.0	1.0	bbox	1507	190.0	190.0	190.0	1489,219,8,3	84.4			
1509	1509	0.682	рюкзак-синий	3.6	14.3	снег-в-тени	1.148	53.1	-1.0	-17.0	17.0	bbox	1508	199.0	199.0	199.0	77,131,4,10	84.3			
1510	1510	1.108	рюкзак-синий	6.5	21.0	снег-в-тени	0.472	59.8	1.5	-7.5	7.6	bbox	1509	240.0	240.0	240.0	637,0,6,7	84.2			
1511	1511	1.695	рюкзак-синий	5.4	43.6	снег-пересвеченный	1.189	82.4	3.0	-9.0	9.5	bbox	1510	251.0	251.0	251.0	1405,45,13,3	84.2			
1512	1512	1.585	рюкзак-синий	12.7	2.7	порода-в-тени	0.577	36.1	-1.0	-1.5	1.8	bbox	1511	15.0	15.0	17.0	1661,115,8,4	83.9			
1513	1513	1.413	стакан-марка-красная	11.2	5.9	снег-розовый	0.903	55.7	0.0	-1.0	1.0	bbox	1512	179.0	179.0	179.0	729,283,8,6	83.9			
1514	1514	0.526	стакан-марка-красная	2.0	12.9	снег-розовый	1.299	62.7	11.0	-1.0	11.0	bbox	1513	99.0	99.0	99.0	586,0,5,9	83.8			
1515	1515	1.541	стакан-марка-красная	10.8	21.0	снег-освещённый	0.575	70.8	1.0	-3.0	3.2	bbox	1514	114.0	114.0	114.0	1397,1042,4,9	83.8			
1516	1516	1.908	стакан-марка-красная	15.2	3.5	корка-жёлтая-на-скале	1.086	53.3	-3.0	7.0	7.6	bbox	1515	52.0	52.0	52.0	1353,115,11,4	83.6			
1517	1517	1.380	стакан-марка-красная	11.0	3.1	порода-в-тени	1.003	46.7	0.0	1.0	1.0	bbox	1516	113.0	113.0	113.0	1426,903,7,6	83.6			
1518	1518	0.933	рюкзак-синий	2.2	24.9	снег-в-тени	0.854	63.7	-1.0	-13.0	13.0	bbox	1517	194.0	194.0	198.0	1872,9,7,4	83.5			
1519	1519	1.254	рюкзак-синий	7.3	24.1	снег-в-тени	0.670	62.9	3.0	-7.0	7.6	bbox	1518	42.0	42.0	42.0	1263,131,8,8	83.4			
1520	1520	1.862	стакан-марка-красная	8.2	43.5	снег-освещённый	0.961	93.3	4.5	-4.0	6.0	bbox	1519	212.0	212.0	212.0	863,1005,3,8	83.4			
1521	1521	1.876	палка-древко-контроль	8.2	43.9	снег-пересвеченный	0.588	85.5	-6.0	-7.0	9.2	bbox	1520	87.0	86.0	87.0	747,1053,5,9	83.3			
1522	1522	0.784	рюкзак-синий	5.1	12.8	снег-в-тени	1.160	51.6	6.0	-15.0	16.2	bbox	1521	51.0	51.0	51.0	159,19,8,8	83.2			
1523	1523	1.426	стакан-марка-красная	11.0	10.0	порода-в-тени	0.747	39.8	0.0	0.0	0.0	bbox	1522	17.0	17.0	17.0	1185,273,6,4	83.1			
1524	1524	1.804	рюкзак-синий	12.0	27.8	порода-в-тени	0.437	11.0	0.0	-2.0	2.0	bbox	1523	126.0	126.0	126.0	473,1026,8,9	83.0			
1525	1525	1.463	стакан-марка-красная	11.0	13.5	снег-розовый	0.620	63.3	0.0	0.0	0.0	bbox	1524	111.0	111.0	111.0	1041,173,10,4	82.8			
1526	1526	1.375	рюкзак-синий	5.6	33.2	снег-в-тени	0.976	72.0	3.5	-9.0	9.7	bbox	1525	145.0	145.0	145.0	57,473,10,4	82.8			
1527	1527	1.396	стакан-марка-красная	11.0	5.7	снег-розовый	0.865	55.5	0.0	0.0	0.0	bbox	1526	137.0	137.0	137.0	1477,641,6,8	82.7			
1528	1528	1.669	стакан-марка-красная	11.0	26.3	порода-в-тени	0.301	23.5	0.0	0.0	0.0	bbox	1527	14.0	14.0	14.0	1291,425,6,10	82.6			
1529	1529	0.817	рюкзак-синий	5.4	13.0	снег-в-тени	0.912	51.8	6.0	-12.0	13.4	bbox	1528	55.0	55.0	55.0	877,13,8,6	82.5			
1530	1530	1.649	стакан-марка-красная	11.2	24.5	снег-освещённый	0.291	74.3	0.0	-1.0	1.0	bbox	1529	189.0	189.0	189.0	835,289,10,6	82.5			
1531	1531	1.031	стакан-марка-красная	8.2	0.8	снег-в-тени	0.957	50.6	3.0	-1.0	3.2	bbox	1530	199.0	199.0	199.0	1883,907,6,4	82.5			
1532	1532	1.430	стакан-марка-красная	11.2	8.4	снег-освещённый	0.825	58.2	0.0	-1.0	1.0	bbox	1531	245.0	245.0	245.0	1177,817,6,4	82.5			
1533	1533	1.759	стакан-марка-красная	13.0	18.8	снег-освещённый	0.469	68.6	-2.0	1.0	2.2	bbox	1532	173.0	173.0	173.0	643,139,7,6	82.4			
1534	1534	1.654	рюкзак-синий	8.0	36.9	снег-освещённый	0.811	75.7	1.0	-6.0	6.1	bbox	1533	66.0	66.0	66.0	1373,129,10,4	82.1			
1535	1535	1.583	стакан-марка-красная	12.0	13.7	порода-в-тени	0.587	36.1	-1.0	0.0	1.0	bbox	1534	67.0	67.0	67.0	451,821,6,9	82.0			
1536	1536	1.448	стакан-марка-красная	11.2	10.6	порода-в-тени	0.717	39.2	0.0	-1.0	1.0	bbox	1535	136.0	136.0	136.0	399,1025,2,12	81.6			
1537	1537	1.883	рюкзак-синий	8.7	43.0	снег-пересвеченный	0.581	81.8	-1.0	-5.5	5.6	bbox	1536	140.0	140.0	140.0	1793,837,6,7	81.6			
1538	1538	0.460	рюкзак-синий	3.0	7.5	снег-в-тени	0.903	46.3	4.0	-14.0	14.6	bbox	1537	217.0	217.0	217.0	323,967,4,8	81.6			
1539	1539	0.738	рюкзак-синий	5.1	10.4	снег-в-тени	0.978	49.2	6.0	-13.0	14.3	bbox	1538	66.0	66.0	66.0	1587,1012,6,5	81.5			
1540	1540	1.127	стакан-марка-красная	8.2	12.7	порода-в-тени	0.863	37.1	3.0	-1.0	3.2	bbox	1539	200.0	200.0	200.0	1753,777,6,8	81.5			
1541	1541	1.364	стакан-марка-красная	9.8	16.5	порода-охристая	0.546	33.3	7.0	10.0	12.2	bbox	1540	82.0	82.0	82.0	531,945,10,4	81.2			
1542	1542	1.398	стакан-марка-красная	11.2	0.8	снег-в-тени	0.881	50.6	0.0	-1.0	1.0	bbox	1541	189.0	189.0	189.0	1127,401,10,4	81.2			
1543	1543	1.591	стакан-марка-красная	10.2	26.7	порода-в-тени	0.388	23.1	1.0	-1.0	1.4	bbox	1542	260.0	260.0	260.0	1505,713,6,6	81.2			
1544	1544	1.399	стакан-марка-красная	11.2	1.8	снег-в-тени	0.875	48.0	0.0	-1.0	1.0	bbox	1543	134.0	134.0	135.0	649,217,6,8	81.1			
1545	1545	1.171	рюкзак-синий	6.4	23.9	снег-в-тени	0.954	62.7	6.0	-10.0	11.7	bbox	1544	55.0	55.0	55.0	549,141,9,6	80.9			
1546	1546	1.410	стакан-марка-красная	11.3	0.4	снег-в-тени	0.817	50.2	0.0	-1.5	1.5	bbox	1545	16.0	14.0	17.0	1527,99,4,8	80.8			
1547	1547	0.801	рюкзак-синий	6.3	4.7	снег-в-тени	0.526	43.5	4.0	-8.5	9.4	bbox	1546	17.0	17.0	17.0	705,115,8,4	80.8			
1548	1548	1.731	стакан-марка-красная	11.0	29.2	снег-освещённый	0.140	79.0	0.0	0.0	0.0	bbox	1547	249.0	249.0	249.0	1611,853,8,4	80.8			
1549	1549	0.623	рюкзак-синий	3.0	13.9	снег-в-тени	0.433	52.7	1.0	-11.0	11.0	bbox	1548	6.0	5.0	6.0	1673,1053,4,12	80.7			
1550	1550	1.564	стакан-марка-красная	12.0	12.4	снег-освещённый	0.677	62.2	-1.0	1.0	1.4	bbox	1549	175.0	175.0	175.0	561,197,5,6	80.7			
1551	1551	1.000	рюкзак-синий	5.6	20.0	снег-в-тени	0.471	58.8	2.0	-8.5	8.7	bbox	1550	244.0	243.0	244.0	279,151,12,6	80.7			
1552	1552	1.746	стакан-марка-красная	10.0	34.1	порода-в-тени	0.481	15.7	1.0	1.0	1.4	bbox	1551	46.0	46.0	46.0	939,950,6,13	80.6			
1553	1553	1.486	стакан-марка-красная	11.2	14.1	снег-освещённый	0.628	63.9	0.0	-1.0	1.0	bbox	1552	250.0	250.0	250.0	905,0,8,9	80.6			
1554	1554	1.583	рюкзак-синий	9.1	31.0	снег-освещённый	0.749	69.8	0.0	-5.0	5.0	bbox	1553	228.0	228.0	228.0	1683,461,10,4	80.5			
1555	1555	1.093	рюкзак-синий	4.3	26.7	снег-в-тени	1.052	65.5	5.0	-12.5	13.5	bbox	1554	51.0	51.0	51.0	1249,81,8,4	80.4			
1556	1556	0.535	рюкзак-синий	2.2	12.8	снег-в-тени	0.741	51.6	3.0	-13.0	13.3	bbox	1555	173.0	173.0	173.0	161,89,8,8	80.4			
1557	1557	1.755	стакан-марка-красная	12.0	25.5	снег-освещённый	0.233	75.3	-1.0	1.0	1.4	bbox	1556	251.0	251.0	251.0	807,79,8,3	80.4			
1558	1558	1.402	стакан-марка-красная	11.2	3.1	снег-в-тени	0.894	52.9	0.0	-1.0	1.0	bbox	1557	156.0	156.0	156.0	1625,259,8,4	80.3			
1559	1559	1.641	стакан-марка-красная	12.2	17.3	порода-в-тени	0.452	32.5	-1.0	-1.0	1.4	bbox	1558	250.0	250.0	250.0	421,585,4,6	80.2			
1560	1560	1.278	рюкзак-синий	5.1	31.0	снег-в-тени	0.834	69.8	2.0	-9.0	9.2	bbox	1559	256.0	255.0	256.0	1599,107,6,6	80.2			
1561	1561	1.856	стакан-марка-красная	10.7	36.1	порода-в-тени	0.393	13.7	0.5	-1.0	1.1	bbox	1560	56.0	56.0	56.0	509,385,6,8	80.0			
1562	1562	1.579	рюкзак-синий	6.7	37.5	снег-в-тени	1.133	76.3	4.0	-8.0	8.9	bbox	1561	40.0	40.0	40.0	457,783,8,3	79.9			
1563	1563	1.616	рюкзак-синий	11.0	23.5	порода-в-тени	0.398	15.3	0.0	-3.0	3.0	bbox	1562	66.0	66.0	66.0	804,911,5,10	79.8			
1564	1564	1.257	рюкзак-синий	10.0	1.5	снег-в-тени	0.626	37.3	0.0	-4.0	4.0	bbox	1563	163.0	163.0	163.0	296,418,5,7	79.8			
1565	1565	1.468	стакан-марка-красная	11.2	12.6	снег-розовый	0.612	62.4	0.0	3.0	3.0	bbox	1564	85.0	84.0	93.0	665,465,5,5	79.7			
1566	1566	0.859	рюкзак-синий	6.0	11.7	снег-в-тени	0.751	27.1	1.0	-8.0	8.1	bbox	1565	166.0	166.0	166.0	779,558,11,5	79.6			
1567	1567	2.030	стакан-марка-красная	12.2	37.7	снег-освещённый	0.268	87.5	-1.0	-1.0	1.4	bbox	1566	60.0	60.0	60.0	1743,143,8,7	79.5			
1568	1568	1.455	стакан-марка-красная	11.2	11.4	снег-освещённый	0.723	61.2	0.0	-1.0	1.0	bbox	1567	123.0	123.0	123.0	499,781,6,4	79.2			
1569	1569	0.768	рюкзак-синий	6.0	4.3	снег-в-тени	0.673	43.1	5.0	-9.5	10.7	bbox	1568	60.0	60.0	60.0	1133,57,8,4	79.1			
1570	1570	1.535	стакан-марка-красная	10.0	24.7	порода-в-тени	0.429	25.1	1.0	0.0	1.0	bbox	1569	109.0	109.0	109.0	751,540,4,9	79.1			
1571	1571	1.652	стакан-марка-красная	11.9	20.2	снег-освещённый	0.464	70.0	-0.5	-2.0	2.1	bbox	1570	212.0	212.0	212.0	1683,711,10,2	79.1			
1572	1572	1.193	стакан-марка-красная	9.2	8.6	порода-в-тени	0.895	41.2	2.0	-1.0	2.2	bbox	1571	200.0	200.0	200.0	1497,619,4,10	79.0			
1573	1573	1.681	рюкзак-синий	13.2	9.8	порода-в-тени	0.332	29.0	-1.0	-1.0	1.4	bbox	1572	180.0	180.0	180.0	655,925,6,8	78.8			
1574	1574	1.737	рюкзак-синий	9.1	36.7	снег-освещённый	0.656	75.5	-0.5	-5.0	5.0	bbox	1573	199.0	199.0	200.0	723,74,5,10	78.8			
1575	1575	0.818	рюкзак-синий	6.3	5.9	снег-в-тени	0.167	44.7	-1.0	-8.0	8.1	bbox	1574	237.0	237.0	237.0	1201,471,4,8	78.8			
1576	1576	1.480	палка-ручка-контроль	10.4	19.6	корка-жёлтая-на-скале	0.527	38.0	3.0	16.0	16.3	bbox	1575	165.0	165.0	165.0	1034,30,11,3	78.6			
1577	1577	1.425	рюкзак-синий	6.1	33.7	снег-в-тени	0.919	72.5	2.0	-8.0	8.2	bbox	1576	230.0	230.0	230.0	150,612,7,7	78.6			
1578	1578	1.707	рюкзак-синий	13.3	10.2	порода-в-тени	0.294	28.6	-2.0	-1.0	2.2	bbox	1577	251.0	251.0	251.0	571,755,6,6	78.6			
1579	1579	1.521	стакан-марка-красная	12.2	1.4	снег-розовый	1.023	51.2	-1.0	3.0	3.2	bbox	1578	34.0	34.0	34.0	1875,865,5,8	78.5			
1580	1580	1.475	палка-древко-контроль	10.0	21.9	снег-пересвеченный	1.117	63.5	-8.0	-5.0	9.4	bbox	1579	85.0	85.0	85.0	1507,997,10,3	78.5			
1581	1581	1.376	стакан-марка-красная	11.0	0.4	снег-розовый	1.027	50.2	0.0	0.5	0.5	bbox	1580	223.0	223.0	224.0	1649,797,2,12	78.5			
1582	1582	1.259	рюкзак-синий	5.1	30.4	снег-в-тени	0.814	69.2	2.0	-9.0	9.2	bbox	1581	142.0	141.0	143.0	130,263,9,8	78.3			
1583	1583	0.664	рюкзак-синий	4.5	10.0	снег-в-тени	1.180	48.8	5.0	-16.0	16.8	bbox	1582	175.0	175.0	175.0	125,29,6,5	78.3			
1584	1584	0.880	рюкзак-синий	4.1	20.0	снег-в-тени	1.094	18.8	2.0	-10.0	10.2	bbox	1583	238.0	238.0	238.0	815,885,3,8	78.3			
1585	1585	1.444	рюкзак-синий	11.2	10.2	снег-в-тени	0.639	49.0	-1.0	-3.0	3.2	bbox	1584	130.0	130.0	130.0	209,244,5,5	78.1			
1586	1586	0.837	палка-древко-контроль	6.3	7.7	снег-в-тени	0.908	33.9	-6.0	-9.0	10.8	bbox	1585	106.0	106.0	108.0	1371,159,6,4	77.5			
1587	1587	1.718	стакан-марка-красная	11.0	28.8	порода-в-тени	0.354	21.0	0.0	1.0	1.0	bbox	1586	16.0	16.0	16.0	1909,807,4,10	77.4			
1588	1588	1.501	стакан-марка-красная	11.0	16.5	снег-освещённый	0.534	66.3	0.0	0.0	0.0	bbox	1587	40.0	40.0	40.0	1183,219,7,3	77.3			
1589	1589	1.590	рюкзак-синий	7.3	36.5	снег-освещённый	1.027	75.3	3.0	-7.0	7.6	bbox	1588	127.0	127.0	127.0	507,21,8,4	77.3			
1590	1590	0.917	рюкзак-синий	5.1	18.5	снег-в-тени	0.360	57.3	0.0	-9.0	9.0	bbox	1589	260.0	260.0	260.0	1473,817,4,12	77.2			
1591	1591	1.472	рюкзак-синий	2.8	40.0	снег-в-тени	1.498	78.8	-1.0	-16.0	16.0	bbox	1590	103.0	103.0	103.0	785,723,8,8	77.1			
1592	1592	1.413	стакан-марка-красная	11.2	5.9	порода-в-тени	0.876	43.9	0.0	-1.0	1.0	bbox	1591	110.0	110.0	110.0	273,209,5,5	76.9			
1593	1593	0.817	рюкзак-синий	3.2	20.0	снег-в-тени	1.082	58.8	4.0	-15.0	15.5	bbox	1592	221.0	221.0	221.0	1435,311,14,2	76.9			
1594	1594	0.970	рюкзак-синий	6.1	16.9	снег-в-тени	0.377	55.7	2.0	-8.0	8.2	bbox	1593	243.0	243.0	243.0	407,345,10,10	76.9			
1595	1595	1.560	стакан-марка-красная	12.0	12.0	порода-в-тени	0.683	37.8	-1.0	1.0	1.4	bbox	1594	9.0	9.0	9.0	994,313,10,3	76.8			
1596	1596	1.449	стакан-марка-красная	10.0	20.2	снег-розовый	0.299	70.0	1.0	2.0	2.2	bbox	1595	94.0	94.0	94.0	1438,746,18,4	76.8			
1597	1597	1.506	стакан-марка-красная	11.2	15.7	порода-в-тени	0.550	34.1	0.0	-1.0	1.0	bbox	1596	176.0	176.0	176.0	895,500,12,9	76.7			
1598	1598	1.235	рюкзак-синий	5.0	29.8	снег-в-тени	0.824	68.6	-2.0	-10.0	10.2	bbox	1597	198.0	198.0	198.0	442,867,5,7	76.6			
1599	1599	1.361	рюкзак-синий	10.0	14.7	порода-в-тени	0.470	24.1	0.0	-4.0	4.0	bbox	1598	166.0	166.0	166.0	1816,183,6,4	76.4			
1600	1600	1.508	рюкзак-синий	5.1	38.3	снег-в-тени	1.082	77.1	2.0	-9.0	9.2	bbox	1599	237.0	237.0	237.0	97,153,8,4	76.1			
1601	1601	0.835	рюкзак-синий	5.0	15.5	снег-в-тени	1.086	54.3	6.0	-14.0	15.2	bbox	1600	57.0	57.0	59.0	638,99,6,4	75.9			
1602	1602	1.604	стакан-марка-красная	10.2	27.3	порода-в-тени	0.383	22.5	1.0	-1.0	1.4	bbox	1601	126.0	126.0	126.0	385,949,8,4	75.9			
1603	1603	1.019	рюкзак-синий	3.2	26.3	снег-в-тени	1.011	65.1	4.0	-13.0	13.6	bbox	1602	174.0	174.0	174.0	19,98,6,9	75.8			
1604	1604	1.572	стакан-марка-красная	11.7	16.5	корка-жёлтая-на-скале	1.133	33.3	1.0	7.0	7.1	bbox	1603	65.0	65.0	65.0	145,407,5,10	75.7			
1605	1605	1.649	рюкзак-синий	9.8	30.8	снег-в-тени	2.097	69.6	-1.5	-23.5	23.5	bbox	1604	106.0	106.0	106.0	1201,63,18,2	75.6			
1606	1606	0.819	рюкзак-синий	6.0	9.2	снег-в-тени	0.662	29.6	1.0	-8.0	8.1	bbox	1605	258.0	258.0	258.0	1526,1076,7,4	75.6			
1607	1607	1.220	рюкзак-синий	5.2	28.8	снег-в-тени	1.175	67.6	6.0	-12.5	13.9	bbox	1606	5.0	5.0	5.0	955,29,6,4	75.5			
1608	1608	2.078	стакан-марка-красная	10.8	44.3	снег-пересвеченный	0.638	94.1	1.0	-3.0	3.2	bbox	1607	117.0	117.0	118.0	1255,13,5,7	75.5			
1609	1609	1.864	стакан-марка-красная	12.0	31.0	снег-освещённый	0.125	80.8	-1.0	1.0	1.4	bbox	1608	120.0	119.0	120.0	957,93,10,2	75.4			
1610	1610	1.639	рюкзак-синий	11.5	21.7	порода-в-тени	0.335	17.1	0.0	-2.5	2.5	bbox	1609	63.0	63.0	63.0	1832,686,4,9	75.3			
1611	1611	1.881	стакан-марка-красная	12.1	31.4	снег-освещённый	0.516	81.2	0.0	-4.0	4.0	bbox	1610	165.0	162.0	165.0	653,1008,4,8	75.3			
1612	1612	0.625	рюкзак-синий	5.0	0.2	снег-в-тени	0.372	38.6	1.0	-9.0	9.1	bbox	1611	255.0	255.0	255.0	401,483,10,6	75.2			
1613	1613	1.563	стакан-марка-красная	11.2	19.6	снег-освещённый	0.443	69.4	0.0	-1.0	1.0	bbox	1612	122.0	122.0	123.0	219,849,6,4	75.0			
1614	1614	1.423	стакан-марка-красная	11.2	7.4	порода-в-тени	0.823	42.4	0.0	-1.0	1.0	bbox	1613	13.0	13.0	13.0	1269,241,10,4	74.8			
1615	1615	1.849	рюкзак-синий	5.5	48.1	снег-пересвеченный	0.939	86.9	1.0	-8.5	8.6	bbox	1614	23.0	22.0	23.0	451,17,2,12	74.8			
1616	1616	1.388	палка-древко-контроль	10.5	12.5	снег-в-тени	1.059	54.1	-7.5	-4.5	8.7	bbox	1615	1.0	1.0	1.0	977,499,10,2	74.7			
1617	1617	0.732	рюкзак-синий	5.8	1.8	снег-в-тени	0.877	40.6	6.0	-11.0	12.5	bbox	1616	62.0	62.0	62.0	149,119,6,4	74.7			
1618	1618	0.762	рюкзак-синий	5.4	10.0	снег-в-тени	0.902	48.8	6.0	-12.0	13.4	bbox	1617	54.0	54.0	54.0	1213,3,6,6	74.5			
1619	1619	1.320	рюкзак-синий	6.1	30.2	снег-в-тени	0.798	69.0	2.0	-8.0	8.2	bbox	1618	36.0	36.0	36.0	1814,429,3,8	74.4			
1620	1620	1.805	палка-ручка-пробка	13.0	22.0	корка-жёлтая-на-скале	0.543	53.7	0.0	11.0	11.0	bbox	1619	55.0	55.0	55.0	1635,1018,5,7	74.3			
1621	1621	1.399	стакан-марка-красная	11.2	1.8	снег-в-тени	0.875	48.0	0.0	-1.0	1.0	bbox	1620	190.0	187.0	190.0	513,957,6,4	74.3			
1622	1622	1.915	палка-ручка-пробка	15.0	10.2	снег-розовый	0.874	85.9	1.0	8.5	8.6	bbox	1621	221.0	221.0	221.0	1739,280,4,8	74.2			
1623	1623	1.452	стакан-марка-красная	11.0	12.5	порода-в-тени	0.664	37.3	0.0	0.0	0.0	bbox	1622	245.0	245.0	245.0	1075,997,4,5	74.2			
1624	1624	0.750	рюкзак-синий	5.4	9.2	снег-в-тени	0.177	48.0	-1.0	-9.0	9.1	bbox	1623	180.0	180.0	180.0	0,1066,4,7	74.1			
1625	1625	1.486	стакан-марка-красная	11.4	11.8	порода-в-тени	0.689	38.0	0.0	-2.0	2.0	bbox	1624	249.0	249.0	249.0	1592,780,7,5	74.1			
1626	1626	1.398	палка-древко-бирюзовое	7.6	28.7	снег-пересвеченный	1.388	81.2	-8.0	-13.0	15.3	bbox	1625	86.0	86.0	86.0	1307,1068,3,9	74.0			
1627	1627	1.211	рюкзак-синий	7.1	23.2	снег-в-тени	0.578	62.0	2.0	-7.0	7.3	bbox	1626	65.0	65.0	65.0	1897,949,8,6	73.9			
1628	1628	1.616	палка-древко-бирюзовое	10.0	28.7	снег-в-тени	2.586	81.2	-9.0	-24.0	25.6	bbox	1627	102.0	102.0	102.0	28,941,5,4	73.8			
1629	1629	1.441	стакан-марка-красная	11.2	9.8	порода-в-тени	0.743	40.0	0.0	-1.0	1.0	bbox	1628	15.0	15.0	15.0	467,169,6,8	73.7			
1630	1630	0.894	стакан-марка-красная	7.0	5.1	порода-охристая	0.699	54.9	11.0	8.0	13.6	bbox	1629	82.0	82.0	82.0	11,685,6,4	73.5			
1631	1631	1.649	стакан-марка-красная	13.0	7.1	снег-освещённый	0.864	56.9	-2.0	0.0	2.0	bbox	1630	34.0	34.0	34.0	117,0,4,6	73.4			
1632	1632	1.697	стакан-марка-красная	10.2	31.4	порода-в-тени	0.382	18.4	1.0	-1.0	1.4	bbox	1631	126.0	126.0	126.0	147,857,6,8	73.4			
1633	1633	1.396	стакан-марка-красная	11.1	4.1	снег-розовый	0.936	53.9	0.0	-0.5	0.5	bbox	1632	127.0	127.0	127.0	153,731,8,3	73.4			
1634	1634	1.558	стакан-марка-красная	10.2	25.1	порода-в-тени	0.405	24.7	1.0	-1.0	1.4	bbox	1633	179.0	179.0	179.0	947,427,8,6	73.3			
1635	1635	1.422	стакан-марка-красная	10.7	13.1	снег-в-тени	0.760	62.9	1.5	-4.0	4.3	bbox	1634	98.0	97.0	98.0	933,193,4,7	73.2			
1636	1636	1.433	стакан-марка-красная	11.0	10.8	порода-в-тени	0.721	39.0	0.0	0.0	0.0	bbox	1635	37.0	37.0	37.0	311,1039,10,2	73.1			
1637	1637	1.660	стакан-марка-красная	13.2	6.5	порода-в-тени	0.819	43.3	-2.0	-1.0	2.2	bbox	1636	67.0	67.0	67.0	581,753,4,5	73.1			
1638	1638	1.418	стакан-марка-красная	11.2	6.7	снег-розовый	0.879	56.5	0.0	-1.0	1.0	bbox	1637	148.0	148.0	148.0	1681,665,8,8	73.0			
1639	1639	1.772	палка-древко-бирюзовое	11.4	29.5	снег-в-тени	2.647	82.0	-8.0	-25.0	26.2	bbox	1638	104.0	104.0	104.0	413,897,8,4	72.7			
1640	1640	1.137	рюкзак-синий	6.0	23.9	снег-в-тени	0.548	62.7	1.0	-8.0	8.1	bbox	1639	42.0	42.0	42.0	223,989,4,8	72.5			
1641	1641	1.536	стакан-марка-красная	12.0	8.6	порода-в-тени	0.763	41.2	-1.0	0.0	1.0	bbox	1640	9.0	9.0	9.0	1181,221,10,4	72.4			
1642	1642	0.689	рюкзак-синий	5.4	4.1	снег-в-тени	0.918	42.9	6.0	-12.0	13.4	bbox	1641	68.0	62.0	68.0	1685,1025,10,3	72.4			
1643	1643	1.508	стакан-марка-красная	11.5	12.7	снег-розовый	0.634	62.5	-0.5	1.0	1.1	bbox	1642	231.0	229.0	231.0	1547,441,4,6	72.3			
1644	1644	1.303	рюкзак-синий	8.1	23.1	порода-в-тени	0.694	15.7	0.0	-6.0	6.0	bbox	1643	187.0	187.0	187.0	1833,659,7,6	72.2			
1645	1645	1.420	стакан-марка-красная	11.3	4.7	снег-в-тени	0.818	45.1	0.0	-1.5	1.5	bbox	1644	191.0	191.0	191.0	1907,553,6,4	72.1			
1646	1646	1.212	рюкзак-синий	3.5	31.6	снег-в-тени	1.200	70.4	4.5	-13.5	14.2	bbox	1645	188.0	188.0	188.0	878,65,7,4	71.8			
1647	1647	2.118	стакан-марка-красная	11.0	45.1	порода-в-тени	0.663	4.7	0.0	1.0	1.0	bbox	1646	237.0	237.0	237.0	1779,511,9,4	71.8			
1648	1648	0.791	палка-древко-контроль	6.3	0.4	снег-в-тени	0.796	41.2	-6.0	-9.0	10.8	bbox	1647	105.0	104.0	105.0	1273,11,8,4	71.7			
1649	1649	1.616	стакан-марка-красная	12.0	16.9	порода-в-тени	0.528	32.9	-1.0	1.0	1.4	bbox	1648	37.0	33.0	37.0	1743,521,3,8	71.6			
1650	1650	1.998	стакан-марка-красная	15.9	6.3	корка-жёлтая-на-скале	0.908	43.5	-3.0	8.5	9.0	bbox	1649	58.0	58.0	59.0	1351,13,8,4	71.6			
1651	1651	0.691	рюкзак-синий	5.1	7.5	снег-в-тени	0.285	46.3	2.0	-9.0	9.2	bbox	1650	187.0	187.0	187.0	1858,9,3,8	71.6			
1652	1652	0.649	рюкзак-синий	4.0	11.6	снег-в-тени	0.294	50.4	1.0	-10.0	10.0	bbox	1651	101.0	101.0	101.0	1433,143,8,3	71.4			
1653	1653	1.551	стакан-марка-красная	11.2	18.4	снег-освещённый	0.614	68.2	0.5	-3.0	3.0	bbox	1652	110.0	110.0	110.0	1065,877,7,4	71.4			
1654	1654	0.904	рюкзак-синий	4.5	19.8	снег-в-тени	1.088	58.6	5.5	-14.0	15.0	bbox	1653	58.0	58.0	58.0	917,0,6,3	71.3			
1655	1655	1.320	рюкзак-синий	9.7	14.5	снег-в-тени	0.496	53.3	-1.0	-4.5	4.6	bbox	1654	107.0	107.0	109.0	1079,149,4,10	71.2			
1656	1656	0.646	рюкзак-синий	5.0	4.5	снег-в-тени	1.073	43.3	6.0	-14.0	15.2	bbox	1655	117.0	117.0	117.0	1516,81,9,4	71.1			
1657	1657	1.493	стакан-марка-красная	10.8	18.0	снег-освещённый	0.646	67.8	1.0	-3.0	3.2	bbox	1656	129.0	129.0	129.0	115,20,2,13	71.1			
1658	1658	0.522	рюкзак-синий	4.1	2.4	снег-в-тени	0.344	41.2	0.0	-10.0	10.0	bbox	1657	193.0	193.0	193.0	849,517,12,6	71.1			
1659	1659	1.428	стакан-марка-красная	11.3	6.3	снег-в-тени	0.865	56.1	0.0	-1.5	1.5	bbox	1658	247.0	247.0	247.0	633,753,8,6	71.0			
1660	1660	1.204	рюкзак-синий	3.0	32.0	снег-в-тени	1.182	70.8	4.0	-13.5	14.1	bbox	1659	219.0	219.0	219.0	771,397,12,2	70.9			
1661	1661	1.695	рюкзак-синий	12.6	17.1	снег-в-тени	0.887	55.9	-3.0	-2.0	3.6	bbox	1660	200.0	200.0	200.0	707,15,6,6	70.8			
1662	1662	1.106	рюкзак-синий	6.0	22.8	снег-в-тени	1.253	61.6	7.0	-14.0	15.7	bbox	1661	57.0	57.0	59.0	735,63,6,6	70.6			
1663	1663	1.455	стакан-марка-красная	11.4	8.2	снег-в-тени	0.834	58.0	0.0	-2.0	2.0	bbox	1662	111.0	111.0	111.0	1059,626,4,7	70.6			
1664	1664	1.989	стакан-марка-красная	11.2	39.6	снег-освещённый	0.638	89.4	1.0	-4.0	4.1	bbox	1663	174.0	174.0	174.0	862,538,7,4	70.6			
1665	1665	1.764	рюкзак-синий	7.2	42.6	снег-освещённый	0.978	81.4	2.5	-7.0	7.4	bbox	1664	41.0	41.0	41.0	1177,457,8,8	70.5			
1666	1666	0.980	стакан-марка-красная	7.6	6.3	снег-в-тени	0.891	56.1	4.5	-3.0	5.4	bbox	1665	90.0	90.0	93.0	1049,115,4,6	70.5			
1667	1667	1.647	стакан-марка-красная	13.2	2.9	снег-в-тени	0.911	46.9	-2.0	-1.0	2.2	bbox	1666	148.0	148.0	148.0	11,541,6,4	70.5			
1668	1668	1.527	стакан-марка-красная	12.2	3.7	снег-в-тени	0.907	53.5	-1.0	-1.0	1.4	bbox	1667	150.0	150.0	151.0	97,369,8,4	70.5			
1669	1669	1.490	стакан-марка-красная	11.2	14.5	порода-в-тени	0.588	35.3	0.0	-1.0	1.0	bbox	1668	176.0	176.0	176.0	733,661,9,8	70.5			
1670	1670	2.091	стакан-марка-красная	13.0	36.9	снег-розовый	0.704	86.7	-1.0	6.0	6.1	bbox	1669	219.0	219.0	219.0	1793,1069,4,11	70.5			
1671	1671	1.518	рюкзак-синий	12.0	5.5	порода-в-тени	0.540	33.3	0.0	-2.0	2.0	bbox	1670	139.0	139.0	139.0	300,23,7,6	70.4			
1672	1672	1.776	рюкзак-синий	12.0	26.6	порода-в-тени	0.493	12.2	1.0	-2.0	2.2	bbox	1671	41.0	41.0	43.0	1238,955,5,6	70.3			
1673	1673	1.881	стакан-марка-красная	12.0	31.6	снег-освещённый	0.020	81.4	-1.0	0.0	1.0	bbox	1672	130.0	130.0	130.0	1697,961,4,6	70.3			
1674	1674	0.962	рюкзак-синий	7.0	11.2	снег-в-тени	0.193	50.0	1.0	-7.0	7.1	bbox	1673	185.0	185.0	185.0	1030,1067,8,4	70.3			
1675	1675	1.611	стакан-марка-красная	10.0	28.2	порода-в-тени	0.397	21.6	1.0	0.0	1.0	bbox	1674	111.0	111.0	111.0	1082,563,7,4	70.2			
1676	1676	0.962	стакан-марка-красная	7.0	11.2	снег-розовый	0.656	61.0	4.0	1.0	4.1	bbox	1675	92.0	92.0	92.0	1033,113,6,5	70.1			
1677	1677	0.894	рюкзак-синий	7.0	5.1	снег-в-тени	0.225	43.9	1.0	-7.0	7.1	bbox	1676	206.0	206.0	206.0	1485,945,4,7	70.0			
1678	1678	1.416	стакан-марка-красная	11.0	8.8	порода-в-тени	0.786	41.0	0.0	0.0	0.0	bbox	1677	17.0	17.0	17.0	1189,53,10,2	69.8			
1679	1679	1.967	стакан-марка-красная	11.0	39.2	порода-в-тени	0.448	10.6	0.0	0.0	0.0	bbox	1678	54.0	54.0	54.0	1538,699,7,4	69.8			
1680	1680	1.481	рюкзак-синий	11.1	14.5	порода-в-тени	0.342	24.3	-0.5	-3.0	3.0	bbox	1679	176.0	176.0	176.0	107,673,8,4	69.8			
1681	1681	0.807	рюкзак-синий	2.2	21.2	снег-в-тени	0.663	60.0	0.0	-12.0	12.0	bbox	1680	193.0	193.0	193.0	1794,709,7,4	69.8			
1682	1682	1.153	стакан-марка-красная	8.5	12.2	порода-в-тени	0.886	37.6	3.0	-2.0	3.6	bbox	1681	200.0	200.0	200.0	1609,793,6,4	69.8			
1683	1683	1.875	рюкзак-синий	7.3	45.9	снег-освещённый	1.017	84.7	3.0	-7.0	7.6	bbox	1682	237.0	237.0	240.0	161,51,8,4	69.8			
1684	1684	1.579	стакан-марка-красная	11.0	21.8	порода-в-тени	0.447	28.0	0.0	1.0	1.0	bbox	1683	6.0	6.0	6.0	525,623,4,6	69.7			
1685	1685	1.814	рюкзак-синий	7.3	43.9	снег-освещённый	1.010	82.7	3.0	-7.0	7.6	bbox	1684	120.0	120.0	120.0	833,365,12,4	69.7			
1686	1686	1.497	стакан-марка-красная	11.1	15.7	снег-освещённый	0.564	65.5	0.0	-0.5	0.5	bbox	1685	130.0	130.0	130.0	1547,675,4,6	69.6			
1687	1687	1.035	стакан-марка-красная	8.1	6.7	порода-в-тени	1.032	43.1	3.0	0.0	3.0	bbox	1686	200.0	200.0	200.0	1710,720,5,5	69.6			
1688	1688	1.546	стакан-марка-красная	12.4	0.8	снег-в-тени	0.767	50.6	-1.0	-2.0	2.2	bbox	1687	208.0	208.0	208.0	561,603,10,4	69.6			
1689	1689	0.662	рюкзак-синий	3.2	14.9	снег-в-тени	0.965	23.9	2.0	-11.0	11.2	bbox	1688	237.0	237.0	237.0	1055,594,5,4	69.6			
1690	1690	1.664	стакан-марка-красная	11.2	25.3	порода-в-тени	0.290	24.5	0.0	-1.0	1.0	bbox	1689	251.0	251.0	251.0	679,945,8,4	69.6			
1691	1691	1.671	стакан-марка-красная	12.1	20.0	снег-освещённый	0.648	69.8	0.0	-4.0	4.0	bbox	1690	226.0	226.0	226.0	1365,143,8,8	69.5			
1692	1692	1.195	рюкзак-синий	9.6	1.6	снег-в-тени	1.895	40.4	7.5	-21.0	22.3	bbox	1691	76.0	76.0	76.0	329,29,6,4	69.3			
1693	1693	2.051	стакан-марка-красная	10.3	44.7	снег-розовый	0.784	94.5	2.0	6.0	6.3	bbox	1692	95.0	95.0	95.0	363,610,10,3	69.3			
1694	1694	1.340	рюкзак-синий	7.1	28.2	порода-в-тени	0.865	10.6	0.0	-7.0	7.0	bbox	1693	212.0	212.0	212.0	1115,585,6,4	69.2			
1695	1695	1.584	стакан-марка-красная	11.8	16.5	снег-освещённый	0.555	66.3	-0.5	-1.5	1.6	bbox	1694	124.0	124.0	124.0	199,227,6,4	69.1			
1696	1696	1.868	стакан-марка-красная	12.0	31.0	снег-освещённый	0.001	80.8	-1.0	0.0	1.0	bbox	1695	130.0	130.0	130.0	1819,827,4,5	69.1			
1697	1697	1.341	стакан-марка-красная	10.0	13.9	снег-розовый	0.707	63.7	1.5	-2.0	2.5	bbox	1696	123.0	123.0	123.0	1605,945,12,2	69.0			
1698	1698	1.031	рюкзак-синий	8.2	0.8	снег-в-тени	0.537	39.6	3.0	-6.0	6.7	bbox	1697	65.0	65.0	65.0	1486,115,15,2	68.8			
1699	1699	1.586	стакан-марка-красная	11.0	22.2	порода-в-тени	0.438	27.6	0.0	1.0	1.0	bbox	1698	172.0	172.0	172.0	627,555,4,6	68.8			
1700	1700	0.696	рюкзак-синий	5.1	7.8	снег-в-тени	0.663	31.0	2.0	-9.0	9.2	bbox	1699	239.0	239.0	239.0	1049,969,6,3	68.8			
1701	1701	1.399	рюкзак-синий	4.5	35.9	снег-в-тени	1.001	74.7	-1.0	-10.0	10.0	bbox	1700	201.0	201.0	201.0	935,97,6,6	68.7			
1702	1702	1.493	стакан-марка-красная	11.2	14.7	порода-в-тени	0.581	35.1	0.0	-1.0	1.0	bbox	1701	179.0	179.0	179.0	907,353,6,4	68.6			
1703	1703	1.486	рюкзак-синий	11.0	15.7	порода-в-тени	0.412	23.1	0.5	-3.0	3.0	bbox	1702	180.0	180.0	180.0	371,797,6,4	68.6			
1704	1704	0.846	рюкзак-синий	6.3	9.0	снег-в-тени	0.817	29.8	4.0	-8.5	9.4	bbox	1703	37.0	37.0	38.0	1793,86,2,9	68.5			
1705	1705	1.363	палка-древко-бирюзовое	7.1	29.1	снег-пересвеченный	1.848	81.6	-8.0	-17.0	18.8	bbox	1704	87.0	87.0	87.0	1369,955,4,10	68.5			
1706	1706	1.570	рюкзак-синий	7.0	36.5	снег-освещённый	0.931	75.3	1.0	-7.0	7.1	bbox	1705	260.0	260.0	260.0	729,221,5,5	68.4			
1707	1707	1.549	стакан-марка-красная	12.4	2.7	снег-в-тени	0.779	52.5	-1.0	-2.0	2.2	bbox	1706	143.0	143.0	145.0	49,511,10,6	68.3			
1708	1708	1.511	стакан-марка-красная	12.0	3.7	снег-розовый	0.971	53.5	-1.0	0.0	1.0	bbox	1707	236.0	236.0	236.0	1655,33,4,6	68.3			
1709	1709	1.249	рюкзак-синий	6.7	25.9	снег-в-тени	0.784	64.7	4.0	-8.0	8.9	bbox	1708	42.0	42.0	42.0	1089,143,8,4	68.2			
1710	1710	1.352	стакан-марка-красная	10.7	5.9	снег-в-тени	0.888	43.9	0.5	-1.0	1.1	bbox	1709	135.0	134.0	135.0	1113,695,8,4	68.2			
1711	1711	1.354	стакан-марка-красная	10.2	12.7	снег-розовый	0.667	62.5	1.0	-1.0	1.4	bbox	1710	234.0	234.0	234.0	1497,17,2,14	68.2			
1712	1712	0.895	рюкзак-синий	5.8	14.5	снег-в-тени	0.552	53.3	4.0	-9.0	9.8	bbox	1711	60.0	56.0	60.0	1183,111,10,4	68.0			
1713	1713	0.618	рюкзак-синий	3.2	13.3	снег-в-тени	0.915	25.5	2.0	-11.0	11.2	bbox	1712	237.0	237.0	237.0	1445,371,6,6	67.9			
1714	1714	1.837	рюкзак-синий	8.0	43.2	снег-пересвеченный	0.791	82.0	1.0	-6.0	6.1	bbox	1713	230.0	227.0	230.0	1188,213,3,7	67.8			
1715	1715	1.784	рюкзак-синий	12.0	27.0	порода-в-тени	0.501	11.8	1.0	-2.0	2.2	bbox	1714	8.0	8.0	8.0	1881,947,6,6	67.7			
1716	1716	1.414	стакан-марка-красная	11.2	6.1	снег-розовый	0.897	55.9	0.0	-1.0	1.0	bbox	1715	147.0	147.0	147.0	813,195,6,6	67.7			
1717	1717	1.439	рюкзак-синий	7.3	31.2	снег-в-тени	0.886	70.0	3.0	-7.0	7.6	bbox	1716	133.0	133.0	133.0	635,373,6,8	67.6			
1718	1718	0.277	рюкзак-синий	1.1	6.7	снег-в-тени	0.658	45.5	1.5	-13.0	13.1	bbox	1717	7.0	7.0	8.0	1863,563,2,10	67.5			
1719	1719	1.331	стакан-марка-красная	6.1	30.6	снег-розовый	0.462	80.4	5.0	0.0	5.0	bbox	1718	95.0	95.0	95.0	37,247,8,4	67.5			
1720	1720	1.408	стакан-марка-красная	11.2	4.9	снег-в-тени	0.881	44.9	0.0	-1.0	1.0	bbox	1719	180.0	180.0	180.0	137,113,6,4	67.5			
1721	1721	1.624	стакан-марка-красная	10.6	26.3	снег-освещённый	1.002	76.1	3.5	-6.5	7.4	bbox	1720	120.0	120.0	120.0	1089,275,8,4	67.3			
1722	1722	1.309	стакан-марка-красная	10.3	6.7	снег-в-тени	0.639	56.5	2.0	-4.0	4.5	bbox	1721	129.0	129.0	129.0	1186,156,6,5	67.3			
1723	1723	0.984	рюкзак-синий	5.5	19.6	снег-в-тени	1.210	58.4	6.5	-14.5	15.9	bbox	1722	56.0	56.0	56.0	1111,115,10,2	67.2			
1724	1724	0.735	рюкзак-синий	2.2	19.0	снег-в-тени	0.615	57.8	0.0	-12.0	12.0	bbox	1723	204.0	204.0	204.0	555,611,4,6	66.7			
1725	1725	1.198	рюкзак-синий	6.1	25.9	снег-в-тени	0.653	64.7	2.0	-8.0	8.2	bbox	1724	255.0	255.0	255.0	1801,729,6,8	66.6			
1726	1726	1.643	стакан-марка-красная	10.6	27.1	порода-охристая	1.205	22.7	3.0	8.0	8.5	bbox	1725	54.0	54.0	54.0	1778,823,5,10	66.5			
1727	1727	1.735	стакан-марка-красная	11.0	29.4	снег-освещённый	0.137	79.2	0.0	0.0	0.0	bbox	1726	120.0	120.0	120.0	929,149,8,4	66.5			
1728	1728	0.518	рюкзак-синий	4.1	1.5	снег-в-тени	0.452	37.3	0.0	-10.0	10.0	bbox	1727	180.0	180.0	180.0	105,913,8,8	66.4			
1729	1729	0.427	рюкзак-синий	3.0	5.5	снег-в-тени	0.641	33.3	0.5	-11.0	11.0	bbox	1728	242.0	242.0	242.0	585,13,7,4	66.4			
1730	1730	0.980	рюкзак-синий	7.2	11.2	снег-в-тени	0.510	50.0	4.0	-7.5	8.5	bbox	1729	16.0	16.0	18.0	1497,237,8,6	66.3			
1731	1731	1.559	стакан-марка-красная	12.4	5.5	снег-в-тени	0.806	55.3	-1.0	-2.0	2.2	bbox	1730	208.0	207.0	208.0	395,607,12,2	66.3			
1732	1732	0.817	стакан-марка-красная	5.4	12.9	снег-розовый	0.820	62.7	6.0	-1.0	6.1	bbox	1731	101.0	101.0	101.0	187,429,11,4	66.2			
1733	1733	1.475	стакан-марка-красная	11.0	14.5	снег-розовый	0.592	64.3	0.0	0.0	0.0	bbox	1732	111.0	111.0	111.0	581,253,6,6	66.2			
1734	1734	1.748	стакан-марка-красная	11.2	29.4	снег-освещённый	0.186	79.2	0.0	-1.0	1.0	bbox	1733	130.0	130.0	130.0	1747,763,6,4	66.2			
1735	1735	1.578	стакан-марка-красная	12.6	3.1	снег-в-тени	0.974	52.9	-1.5	-0.5	1.6	bbox	1734	146.0	146.0	146.0	635,89,6,4	66.2			
1736	1736	1.474	рюкзак-синий	11.2	13.2	снег-в-тени	0.654	52.0	-1.0	-3.0	3.2	bbox	1735	207.0	207.0	207.0	65,511,10,2	66.2			
1737	1737	0.402	рюкзак-синий	3.0	4.1	снег-в-тени	1.225	34.7	1.0	-17.0	17.0	bbox	1736	215.0	215.0	215.0	783,1057,12,2	66.0			
1738	1738	1.424	стакан-марка-красная	11.0	9.8	снег-розовый	0.733	59.6	0.0	0.0	0.0	bbox	1737	33.0	33.0	33.0	3,0,4,13	65.8			
1739	1739	1.421	стакан-марка-красная	10.0	18.6	порода-в-тени	0.552	31.2	1.0	0.0	1.0	bbox	1738	15.0	15.0	15.0	1639,473,10,4	65.7			
1740	1740	0.636	рюкзак-синий	4.1	10.4	снег-в-тени	0.885	49.2	5.0	-13.0	13.9	bbox	1739	5.0	5.0	5.0	171,785,4,6	65.6			
1741	1741	1.525	стакан-марка-красная	11.2	17.1	порода-в-тени	0.507	32.7	0.0	-1.0	1.0	bbox	1740	16.0	16.0	16.0	747,249,6,4	65.6			
1742	1742	1.419	рюкзак-синий	11.2	6.9	снег-в-тени	0.642	45.7	-1.0	-3.0	3.2	bbox	1741	13.0	11.0	13.0	1373,357,8,4	65.5			
1743	1743	1.445	рюкзак-синий	11.5	2.1	порода-в-тени	0.660	36.7	0.0	-2.5	2.5	bbox	1742	13.0	13.0	14.0	733,345,8,4	65.4			
1744	1744	0.854	рюкзак-синий	5.1	15.9	снег-в-тени	0.373	54.7	2.0	-9.0	9.2	bbox	1743	162.0	162.0	162.0	814,251,9,4	65.4			
1745	1745	1.506	стакан-марка-красная	12.0	1.0	снег-в-тени	1.013	50.8	-1.0	0.0	1.0	bbox	1744	243.0	243.0	243.0	569,777,6,6	65.4			
1746	1746	0.626	рюкзак-синий	5.0	1.0	снег-в-тени	0.397	37.8	1.0	-9.0	9.1	bbox	1745	258.0	258.0	258.0	49,481,4,5	65.4			
1747	1747	1.689	стакан-марка-красная	11.0	27.5	снег-освещённый	0.217	77.3	0.0	1.0	1.0	bbox	1746	249.0	249.0	249.0	1783,283,3,6	65.3			
1748	1748	1.378	стакан-марка-красная	10.0	15.9	порода-в-тени	0.624	33.9	1.0	0.0	1.0	bbox	1747	178.0	178.0	178.0	805,525,6,8	65.2			
1749	1749	1.680	стакан-марка-красная	11.2	26.1	снег-освещённый	0.249	75.9	0.0	-1.0	1.0	bbox	1748	249.0	249.0	249.0	1817,585,6,6	65.2			
1750	1750	1.626	стакан-марка-красная	13.0	0.8	порода-в-тени	1.039	49.0	-2.0	0.5	2.1	bbox	1749	34.0	34.0	34.0	1757,867,3,8	65.1			
1751	1751	1.378	рюкзак-синий	10.7	9.4	порода-в-тени	0.466	29.4	-1.0	-3.5	3.6	bbox	1750	164.0	164.0	164.0	759,465,4,6	65.1			
1752	1752	1.181	стакан-марка-красная	8.5	14.1	порода-в-тени	0.839	35.7	3.0	-2.0	3.6	bbox	1751	200.0	200.0	200.0	1513,1025,2,14	65.1			
1753	1753	1.375	рюкзак-синий	11.0	0.8	снег-в-тени	0.726	38.0	1.0	-3.0	3.2	bbox	1752	14.0	14.0	14.0	1253,313,12,2	65.0			
1754	1754	1.539	рюкзак-синий	12.0	9.0	порода-в-тени	0.437	29.8	0.0	-2.0	2.0	bbox	1753	14.0	14.0	15.0	857,423,8,4	65.0			
1755	1755	1.419	стакан-марка-красная	11.2	6.9	снег-розовый	0.873	56.7	0.0	-1.0	1.0	bbox	1754	137.0	137.0	137.0	1883,370,4,7	65.0			
1756	1756	1.210	рюкзак-синий	7.8	20.0	снег-в-тени	0.968	58.8	7.0	-9.0	11.4	bbox	1755	53.0	53.0	53.0	797,499,4,6	64.9			
1757	1757	1.489	стакан-марка-красная	10.7	18.4	порода-в-тени	0.501	31.4	0.5	-1.0	1.1	bbox	1756	245.0	245.0	245.0	1157,883,4,4	64.9			
1758	1758	1.157	рюкзак-синий	3.6	29.8	снег-в-тени	0.842	68.6	-1.0	-11.0	11.0	bbox	1757	43.0	43.0	43.0	33,0,4,5	64.8			
1759	1759	1.668	стакан-марка-красная	13.2	7.8	порода-в-тени	0.770	42.0	-2.0	-1.0	2.2	bbox	1758	156.0	156.0	156.0	253,93,8,4	64.8			
1760	1760	1.441	стакан-марка-красная	10.3	18.0	снег-розовый	0.415	67.8	1.0	3.5	3.6	bbox	1759	228.0	228.0	228.0	1695,719,2,10	64.7			
1761	1761	0.821	рюкзак-синий	5.1	14.5	снег-в-тени	0.848	24.3	0.0	-9.0	9.0	bbox	1760	243.0	243.0	243.0	1681,32,6,4	64.7			
1762	1762	0.523	рюкзак-синий	4.0	4.3	снег-в-тени	0.325	43.1	1.0	-10.0	10.0	bbox	1761	260.0	260.0	260.0	1380,191,4,8	64.7			
1763	1763	0.947	рюкзак-синий	4.5	21.4	снег-в-тени	0.915	60.2	5.0	-12.0	13.0	bbox	1762	60.0	60.0	60.0	679,43,8,6	64.6			
1764	1764	1.530	стакан-марка-красная	11.7	12.5	порода-охристая	0.517	37.3	7.0	12.0	13.9	bbox	1763	83.0	83.0	83.0	875,873,6,8	64.6			
1765	1765	1.426	стакан-марка-красная	11.1	9.2	снег-розовый	0.775	59.0	0.0	-0.5	0.5	bbox	1764	137.0	137.0	137.0	1555,307,3,6	64.6			
1766	1766	0.654	рюкзак-синий	5.2	1.2	снег-в-тени	0.389	37.6	-0.5	-9.0	9.0	bbox	1765	143.0	143.0	143.0	337,3,6,4	64.6			
1767	1767	0.522	рюкзак-синий	4.1	2.3	снег-в-тени	0.476	36.5	0.0	-10.0	10.0	bbox	1766	237.0	237.0	237.0	723,801,8,4	64.6			
1768	1768	1.309	стакан-марка-красная	9.9	12.0	снег-розовый	0.972	61.8	4.0	8.0	8.9	bbox	1767	83.0	83.0	83.0	945,932,8,3	64.5			
1769	1769	1.624	стакан-марка-красная	10.4	27.1	снег-освещённый	0.380	76.9	1.0	-2.0	2.2	bbox	1768	114.0	114.0	114.0	1913,193,4,4	64.4			
1770	1770	1.948	стакан-марка-красная	11.9	35.3	снег-освещённый	0.480	85.1	0.0	-3.5	3.5	bbox	1769	244.0	244.0	244.0	1715,757,2,11	64.3			
1771	1771	1.848	стакан-марка-красная	14.6	9.0	порода-в-тени	1.053	40.8	-3.0	5.0	5.8	bbox	1770	174.0	174.0	174.0	387,473,2,8	64.2			
1772	1772	0.888	рюкзак-синий	5.9	14.1	снег-в-тени	0.837	24.7	-1.0	-8.5	8.6	bbox	1771	234.0	234.0	234.0	574,922,3,8	64.2			
1773	1773	1.493	стакан-марка-красная	11.2	14.7	снег-освещённый	0.608	64.5	0.0	-1.0	1.0	bbox	1772	127.0	127.0	127.0	303,85,6,4	64.1			
1774	1774	0.821	рюкзак-синий	5.1	14.5	снег-в-тени	0.848	24.3	0.0	-9.0	9.0	bbox	1773	234.0	234.0	234.0	727,917,6,5	64.1			
1775	1775	1.850	стакан-марка-красная	14.8	3.7	корка-жёлтая-на-скале	0.933	53.5	-2.0	8.0	8.2	bbox	1774	54.0	54.0	54.0	1139,143,9,2	64.0			
1776	1776	1.240	рюкзак-синий	7.1	24.3	снег-в-тени	0.615	63.1	2.0	-7.0	7.3	bbox	1775	165.0	165.0	165.0	1225,540,8,3	63.9			
1777	1777	2.091	стакан-марка-красная	11.2	43.5	снег-пересвеченный	0.645	93.3	1.0	-4.0	4.1	bbox	1776	116.0	116.0	118.0	1277,29,7,12	63.6			
1778	1778	1.532	стакан-марка-красная	12.2	5.3	порода-в-тени	0.870	44.5	-1.0	-1.0	1.4	bbox	1777	172.0	172.0	172.0	301,389,6,6	63.6			
1779	1779	1.561	стакан-марка-красная	11.0	20.4	порода-в-тени	0.426	29.4	0.0	0.0	0.0	bbox	1778	13.0	13.0	13.0	1091,443,6,4	63.4			
1780	1780	0.971	рюкзак-синий	5.4	19.6	снег-в-тени	1.362	19.2	6.0	-12.0	13.4	bbox	1779	54.0	54.0	54.0	219,31,6,5	63.4			
1781	1781	1.313	стакан-марка-красная	6.0	30.2	порода-в-тени	0.910	19.6	5.0	1.0	5.1	bbox	1780	78.0	78.0	78.0	441,113,8,4	63.4			
1782	1782	1.820	стакан-марка-красная	10.0	36.9	порода-в-тени	0.477	12.9	1.0	0.0	1.0	bbox	1781	44.0	44.0	45.0	1013,1005,5,9	63.2			
1783	1783	1.473	стакан-марка-красная	11.4	10.4	порода-в-тени	0.734	39.4	0.0	-2.0	2.0	bbox	1782	67.0	67.0	67.0	0,859,5,4	63.2			
1784	1784	1.521	стакан-марка-красная	12.2	0.8	снег-в-тени	0.885	49.0	-1.0	-1.0	1.4	bbox	1783	145.0	142.0	145.0	417,417,6,4	63.0			
1785	1785	1.105	палка-древко-контроль	8.1	12.7	снег-в-тени	0.914	54.3	-7.0	-7.0	9.9	bbox	1784	106.0	105.0	106.0	677,469,5,4	62.9			
1786	1786	1.479	стакан-марка-красная	10.2	21.0	порода-в-тени	0.481	28.8	1.0	-1.0	1.4	bbox	1785	175.0	175.0	175.0	431,233,4,6	62.9			
1787	1787	1.029	рюкзак-синий	3.6	25.9	снег-в-тени	1.283	64.7	-1.0	-17.0	17.0	bbox	1786	207.0	203.0	207.0	41,25,4,7	62.9			
1788	1788	1.501	стакан-марка-красная	12.0	1.6	снег-розовый	1.017	51.4	-1.0	1.0	1.4	bbox	1787	173.0	173.0	173.0	391,271,6,6	62.8			
1789	1789	1.616	стакан-марка-красная	11.2	22.7	порода-в-тени	0.345	27.1	0.0	-1.0	1.0	bbox	1788	173.0	173.0	173.0	346,866,3,7	62.7			
1790	1790	1.514	стакан-марка-красная	11.2	16.3	порода-в-тени	0.531	33.5	0.0	-1.0	1.0	bbox	1789	13.0	11.0	13.0	1465,415,8,4	62.4			
1791	1791	1.298	палка-древко-контроль	10.0	9.2	снег-в-тени	0.958	50.8	-7.0	-5.0	8.6	bbox	1790	1.0	1.0	1.0	759,497,10,2	62.3			
1792	1792	1.459	рюкзак-синий	11.7	0.6	порода-в-тени	0.676	38.2	-1.0	-2.5	2.7	bbox	1791	172.0	172.0	172.0	469,317,6,4	62.3			
1793	1793	0.773	рюкзак-синий	4.0	16.5	снег-в-тени	0.387	55.3	1.0	-10.0	10.0	bbox	1792	20.0	20.0	20.0	1657,705,8,2	62.2			
1794	1794	1.745	стакан-марка-красная	10.5	32.2	порода-в-тени	0.377	17.6	0.5	0.5	0.7	bbox	1793	66.0	66.0	66.0	1721,257,8,2	62.1			
1795	1795	1.320	рюкзак-синий	6.1	30.2	снег-в-тени	0.798	69.0	2.0	-8.0	8.2	bbox	1794	166.0	166.0	166.0	1888,53,9,6	62.1			
1796	1796	1.873	стакан-марка-красная	10.2	38.4	порода-в-тени	0.495	11.4	1.0	-1.0	1.4	bbox	1795	10.0	10.0	10.0	439,855,10,2	61.9			
1797	1797	1.844	стакан-марка-красная	13.9	17.7	снег-розовый	0.845	67.5	-1.5	7.0	7.2	bbox	1796	90.0	90.0	90.0	302,1067,5,4	61.9			
1798	1798	0.607	рюкзак-синий	4.0	9.6	снег-в-тени	0.977	48.4	5.0	-14.0	14.9	bbox	1797	61.0	61.0	61.0	9,241,4,4	61.8			
1799	1799	1.571	рюкзак-синий	8.1	33.7	снег-освещённый	0.815	72.5	0.0	-6.0	6.0	bbox	1798	199.0	199.0	201.0	676,370,9,5	61.8			
1800	1800	1.856	стакан-марка-красная	12.1	30.2	снег-освещённый	0.516	80.0	0.0	-4.0	4.0	bbox	1799	165.0	165.0	165.0	1240,893,4,11	61.7			
1801	1801	0.520	рюкзак-синий	3.5	7.9	снег-в-тени	0.339	46.7	1.0	-10.5	10.5	bbox	1800	228.0	228.0	228.0	1675,899,2,10	61.7			
1802	1802	1.159	стакан-марка-красная	7.4	19.4	снег-розовый	0.918	69.2	5.5	-4.0	6.8	bbox	1801	94.0	94.0	94.0	395,19,5,4	61.6			
1803	1803	0.627	рюкзак-синий	5.0	1.5	снег-в-тени	0.416	37.3	1.0	-9.0	9.1	bbox	1802	258.0	258.0	258.0	1311,171,7,3	61.6			
1804	1804	1.585	стакан-марка-красная	12.2	12.5	порода-в-тени	0.615	37.3	-1.0	-1.0	1.4	bbox	1803	18.0	18.0	18.0	121,921,8,5	61.5			
1805	1805	0.956	рюкзак-синий	6.0	16.5	снег-в-тени	0.779	55.3	5.5	-10.0	11.4	bbox	1804	63.0	63.0	63.0	693,201,8,4	61.3			
1806	1806	1.076	рюкзак-синий	8.1	10.6	снег-в-тени	0.783	28.2	2.0	-6.0	6.3	bbox	1805	109.0	109.0	109.0	1781,83,4,8	61.3			
1807	1807	1.536	стакан-марка-красная	12.0	9.0	снег-освещённый	0.787	58.8	-1.0	0.5	1.1	bbox	1806	43.0	43.0	43.0	355,145,8,2	61.2			
1808	1808	1.681	рюкзак-синий	8.1	37.7	снег-освещённый	0.776	76.5	0.0	-6.0	6.0	bbox	1807	229.0	229.0	229.0	911,383,7,4	61.2			
1809	1809	1.710	стакан-марка-красная	12.0	22.9	снег-освещённый	0.294	72.7	-1.0	0.5	1.1	bbox	1808	41.0	41.0	41.0	945,379,8,2	61.1			
1810	1810	1.706	стакан-марка-красная	13.6	0.6	снег-в-тени	0.934	50.4	-2.5	-1.0	2.7	bbox	1809	152.0	148.0	152.0	587,225,8,4	61.0			
1811	1811	1.319	рюкзак-синий	2.2	36.1	снег-в-тени	1.358	74.9	3.0	-15.0	15.3	bbox	1810	107.0	107.0	107.0	541,275,7,7	60.8			
1812	1812	1.469	стакан-марка-красная	11.5	7.7	снег-в-тени	0.769	57.5	0.0	-2.5	2.5	bbox	1811	144.0	143.0	146.0	161,727,10,10	60.8			
1813	1813	1.372	рюкзак-синий	10.0	15.5	порода-в-тени	0.463	23.3	0.0	-4.0	4.0	bbox	1812	152.0	152.0	152.0	1594,765,3,6	60.7			
1814	1814	0.546	рюкзак-синий	1.0	14.9	снег-в-тени	1.065	23.9	1.0	-13.0	13.0	bbox	1813	193.0	193.0	193.0	1425,925,3,7	60.7			
1815	1815	1.416	стакан-марка-красная	11.0	8.8	порода-в-тени	0.786	41.0	0.0	0.0	0.0	bbox	1814	245.0	245.0	245.0	1449,981,6,3	60.7			
1816	1816	1.428	рюкзак-синий	7.3	30.8	снег-в-тени	0.873	69.6	3.0	-7.0	7.6	bbox	1815	41.0	41.0	41.0	1113,495,4,8	60.4			
1817	1817	1.623	стакан-марка-красная	11.2	23.1	порода-в-тени	0.336	26.7	0.0	-1.0	1.0	bbox	1816	172.0	172.0	172.0	177,821,6,10	60.4			
1818	1818	1.559	стакан-марка-красная	12.4	5.7	снег-в-тени	0.808	55.5	-1.0	-2.0	2.2	bbox	1817	208.0	204.0	208.0	673,597,10,2	60.3			
1819	1819	1.388	стакан-марка-красная	11.0	4.1	порода-в-тени	0.945	45.7	0.0	0.0	0.0	bbox	1818	227.0	227.0	227.0	1713,209,4,10	60.3			
1820	1820	1.472	стакан-марка-красная	11.1	13.7	снег-освещённый	0.632	63.5	0.0	-0.5	0.5	bbox	1819	231.0	231.0	231.0	1547,653,2,12	60.2			
1821	1821	1.272	рюкзак-синий	4.5	32.0	снег-в-тени	1.146	70.8	5.0	-12.0	13.0	bbox	1820	56.0	56.0	56.0	371,289,5,6	60.0			
1822	1822	0.657	рюкзак-синий	5.1	4.5	снег-в-тени	0.557	34.3	2.0	-9.0	9.2	bbox	1821	257.0	257.0	257.0	1172,673,5,4	60.0			
1823	1823	1.534	стакан-марка-красная	12.2	5.7	снег-освещённый	0.913	55.5	-1.0	-1.0	1.4	bbox	1822	146.0	145.0	146.0	203,671,6,6	59.9			
1824	1824	1.376	стакан-марка-красная	11.0	1.8	снег-розовый	0.971	51.6	0.0	1.0	1.0	bbox	1823	36.0	36.0	36.0	1825,499,2,8	59.8			
1825	1825	1.188	стакан-марка-красная	9.5	2.2	снег-розовый	0.949	52.0	2.0	4.0	4.5	bbox	1824	89.0	89.0	89.0	409,457,6,6	59.8			
1826	1826	1.194	стакан-марка-красная	9.6	0.0	порода-охристая	1.060	49.8	4.0	7.5	8.5	bbox	1825	95.0	95.0	95.0	1553,17,2,11	59.5			
1827	1827	1.517	стакан-марка-красная	11.4	14.5	снег-освещённый	0.652	64.3	0.0	-2.0	2.0	bbox	1826	146.0	146.0	146.0	865,139,6,4	59.5			
1828	1828	1.595	рюкзак-синий	12.4	11.0	снег-в-тени	0.794	49.8	-2.0	-2.0	2.8	bbox	1827	145.0	145.0	145.0	169,761,8,6	59.4			
1829	1829	1.338	стакан-марка-красная	10.2	11.4	снег-розовый	0.707	61.2	1.0	-1.0	1.4	bbox	1828	247.0	247.0	247.0	461,913,4,8	59.4			
1830	1830	1.651	стакан-марка-красная	12.0	19.0	снег-освещённый	0.428	68.8	-1.0	0.0	1.0	bbox	1829	41.0	41.0	41.0	1185,123,8,2	59.2			
1831	1831	1.038	рюкзак-синий	6.0	20.0	снег-в-тени	1.257	58.8	7.0	-14.5	16.1	bbox	1830	57.0	57.0	57.0	641,205,6,4	59.2			
1832	1832	1.769	стакан-марка-красная	11.0	31.0	снег-освещённый	0.125	80.8	0.0	0.0	0.0	bbox	1831	249.0	246.0	249.0	533,377,10,4	59.2			
1833	1833	1.127	рюкзак-синий	6.1	23.3	порода-в-тени	0.927	15.5	0.0	-8.0	8.0	bbox	1832	212.0	212.0	212.0	766,1051,5,6	59.1			
1834	1834	1.215	рюкзак-синий	9.6	6.3	снег-в-тени	0.448	45.1	0.0	-4.5	4.5	bbox	1833	9.0	9.0	12.0	401,121,8,4	58.9			
1835	1835	1.694	рюкзак-синий	6.1	42.4	снег-в-тени	1.916	81.2	0.0	-20.0	20.0	bbox	1834	73.0	73.0	75.0	1827,1070,4,7	58.9			
1836	1836	1.128	стакан-марка-красная	8.5	10.2	снег-розовый	0.688	60.0	3.0	4.0	5.0	bbox	1835	93.0	93.0	93.0	595,197,6,4	58.8			
1837	1837	1.853	стакан-марка-красная	11.4	33.1	снег-освещённый	0.290	82.9	0.0	-2.0	2.0	bbox	1836	114.0	114.0	114.0	1845,1051,6,4	58.7			
1838	1838	1.426	стакан-марка-красная	11.4	1.6	снег-в-тени	0.750	48.2	0.0	-2.0	2.0	bbox	1837	14.0	14.0	14.0	1889,89,8,4	58.5			
1839	1839	1.877	стакан-марка-красная	13.3	24.1	снег-освещённый	0.372	73.9	-2.0	-2.0	2.8	bbox	1838	23.0	23.0	23.0	139,241,6,4	58.5			
1840	1840	1.480	стакан-марка-красная	11.5	9.8	снег-розовый	0.725	59.6	-0.5	1.0	1.1	bbox	1839	41.0	41.0	44.0	1409,157,8,2	58.5			
1841	1841	1.409	стакан-марка-красная	11.0	7.8	снег-розовый	0.795	57.6	0.0	0.0	0.0	bbox	1840	251.0	251.0	251.0	1169,71,10,6	58.5			
1842	1842	1.505	стакан-марка-красная	12.0	0.8	снег-в-тени	1.013	50.6	-1.0	0.0	1.0	bbox	1841	35.0	35.0	35.0	1893,943,2,8	58.3			
1843	1843	1.542	стакан-марка-красная	12.0	9.4	снег-освещённый	0.771	59.2	-1.0	0.0	1.0	bbox	1842	43.0	43.0	43.0	179,423,4,4	58.3			
1844	1844	1.486	палка-древко-бирюзовое	6.1	35.7	снег-пересвеченный	1.627	88.2	-9.0	-15.0	17.5	bbox	1843	89.0	84.0	89.0	1916,1033,4,4	58.3			
1845	1845	2.053	стакан-марка-красная	11.0	42.5	порода-в-тени	0.546	7.3	0.0	0.0	0.0	bbox	1844	1.0	1.0	1.0	1758,879,10,2	58.2			
1846	1846	0.952	рюкзак-синий	7.3	7.8	снег-в-тени	0.719	31.0	3.0	-7.0	7.6	bbox	1845	37.0	33.0	37.0	1831,677,8,2	58.2			
1847	1847	1.168	палка-древко-контроль	5.1	27.4	снег-в-тени	1.310	69.0	-3.0	-16.0	16.3	bbox	1846	101.0	101.0	101.0	1777,199,8,2	58.2			
1848	1848	1.618	стакан-марка-красная	10.8	24.9	снег-освещённый	0.761	74.7	2.0	-5.0	5.4	bbox	1847	187.0	187.0	187.0	18,71,4,8	58.0			
1849	1849	1.281	рюкзак-синий	5.9	29.4	снег-в-тени	0.743	68.2	-1.0	-8.5	8.6	bbox	1848	206.0	206.0	206.0	1465,805,8,2	58.0			
1850	1850	1.378	рюкзак-синий	6.1	32.2	снег-в-тени	0.865	71.0	2.0	-8.0	8.2	bbox	1849	228.0	228.0	228.0	552,327,5,6	58.0			
1851	1851	1.791	стакан-марка-красная	14.3	2.2	корка-жёлтая-на-скале	1.031	47.6	-2.0	7.0	7.3	bbox	1850	59.0	59.0	59.0	1185,0,8,2	57.9			
1852	1852	1.765	стакан-марка-красная	11.2	30.2	снег-освещённый	0.179	80.0	0.0	-1.0	1.0	bbox	1851	130.0	130.0	130.0	1857,609,3,6	57.9			
1853	1853	1.381	стакан-марка-красная	11.0	1.2	снег-в-тени	1.006	51.0	0.0	0.0	0.0	bbox	1852	20.0	20.0	20.0	251,83,4,6	57.8			
1854	1854	1.420	палка-древко-контроль	2.5	38.8	снег-в-тени	1.811	80.4	-6.5	-17.0	18.2	bbox	1853	87.0	87.0	87.0	1237,1030,3,8	57.8			
1855	1855	1.270	рюкзак-синий	10.0	6.1	снег-в-тени	0.544	44.9	1.5	-4.0	4.3	bbox	1854	128.0	128.0	128.0	791,1009,6,4	57.8			
1856	1856	0.880	рюкзак-синий	5.4	15.9	снег-в-тени	0.905	22.9	-1.0	-9.0	9.1	bbox	1855	233.0	233.0	233.0	441,885,8,4	57.8			
1857	1857	0.546	рюкзак-синий	3.6	8.7	снег-в-тени	0.395	47.5	-1.0	-11.0	11.0	bbox	1856	8.0	7.0	8.0	1856,820,3,7	57.7			
1858	1858	1.740	стакан-марка-красная	10.0	33.7	порода-в-тени	0.424	16.1	1.0	0.0	1.0	bbox	1857	13.0	11.0	13.0	1187,705,4,4	57.7			
1859	1859	1.937	стакан-марка-красная	11.0	38.0	порода-в-тени	0.546	11.8	0.0	2.0	2.0	bbox	1858	44.0	44.0	44.0	933,921,5,4	57.7			
1860	1860	2.130	стакан-марка-красная	17.0	4.1	корка-жёлтая-на-скале	0.928	53.9	-4.0	9.0	9.8	bbox	1859	58.0	57.0	58.0	1309,77,6,3	57.5			
1861	1861	0.927	рюкзак-синий	6.0	15.3	снег-в-тени	0.876	23.5	1.0	-8.0	8.1	bbox	1860	244.0	244.0	244.0	1498,495,5,6	57.5			
1862	1862	1.526	стакан-марка-красная	12.2	3.7	снег-в-тени	0.886	46.1	-1.0	-1.0	1.4	bbox	1861	135.0	135.0	135.0	497,775,6,6	57.4			
1863	1863	1.426	стакан-марка-красная	11.4	1.0	снег-в-тени	0.758	50.8	0.0	-2.0	2.0	bbox	1862	146.0	146.0	146.0	125,841,6,8	57.4			
1864	1864	1.065	палка-древко-контроль	7.1	16.6	снег-в-тени	0.951	58.2	-7.0	-8.0	10.6	bbox	1863	106.0	106.0	106.0	753,119,8,2	57.3			
1865	1865	1.444	рюкзак-синий	7.1	32.0	снег-в-тени	0.867	70.8	2.0	-7.0	7.3	bbox	1864	143.0	143.0	143.0	145,229,8,4	57.3			
1866	1866	1.811	стакан-марка-красная	12.6	24.7	снег-освещённый	0.437	74.5	-1.0	-3.0	3.2	bbox	1865	147.0	147.0	147.0	15,465,8,2	57.3			
1867	1867	1.598	стакан-марка-красная	11.5	19.2	порода-в-тени	0.428	30.6	-0.5	0.0	0.5	bbox	1866	173.0	173.0	173.0	345,389,4,6	57.3			
1868	1868	1.726	рюкзак-синий	6.3	43.0	снег-освещённый	1.119	81.8	3.0	-8.0	8.5	bbox	1867	108.0	108.0	108.0	543,677,8,10	57.2			
1869	1869	1.446	стакан-марка-красная	11.5	4.3	порода-в-тени	0.949	45.5	-0.5	1.0	1.1	bbox	1868	109.0	109.0	109.0	1297,15,8,2	57.2			
1870	1870	1.545	стакан-марка-красная	12.2	7.7	снег-освещённый	0.843	57.5	-1.0	-1.0	1.4	bbox	1869	163.0	163.0	163.0	21,999,4,6	57.2			
1871	1871	1.450	стакан-марка-красная	11.6	0.8	снег-в-тени	0.945	50.6	-0.5	-0.5	0.7	bbox	1870	34.0	34.0	34.0	1881,87,2,8	57.0			
1872	1872	1.523	стакан-марка-красная	12.2	2.5	снег-в-тени	0.884	47.3	-1.0	-1.0	1.4	bbox	1871	149.0	149.0	149.0	305,849,4,8	57.0			
1873	1873	1.684	рюкзак-синий	4.7	44.1	снег-в-тени	1.538	82.9	5.5	-12.5	13.7	bbox	1872	56.0	56.0	56.0	255,533,6,6	56.9			
1874	1874	2.096	стакан-марка-красная	14.8	27.8	порода-в-тени	1.126	22.0	-2.0	8.0	8.2	bbox	1873	58.0	58.0	58.0	636,37,5,6	56.9			
1875	1875	1.124	рюкзак-синий	5.1	25.9	снег-в-тени	0.665	64.7	2.0	-9.0	9.2	bbox	1874	21.0	20.0	22.0	233,53,4,6	56.8			
1876	1876	1.516	стакан-марка-красная	12.0	5.1	снег-освещённый	0.925	54.9	-1.0	0.0	1.0	bbox	1875	11.0	11.0	11.0	667,19,8,2	56.7			
1877	1877	1.671	рюкзак-синий	13.3	3.1	порода-в-тени	0.546	35.7	-2.0	-1.0	2.2	bbox	1876	15.0	15.0	15.0	413,33,8,2	56.5			
1878	1878	1.355	рюкзак-синий	2.0	37.3	снег-в-тени	1.427	76.1	1.0	-16.0	16.0	bbox	1877	103.0	103.0	103.0	793,433,4,4	56.3			
1879	1879	1.017	рюкзак-синий	3.6	25.5	снег-в-тени	1.264	64.3	4.0	-16.0	16.5	bbox	1878	107.0	107.0	109.0	1037,255,10,6	56.3			
1880	1880	1.837	рюкзак-синий	13.0	23.7	порода-в-тени	0.314	15.1	0.0	-1.0	1.0	bbox	1879	247.0	247.0	247.0	953,977,8,2	56.3			
1881	1881	1.109	рюкзак-синий	8.6	8.2	снег-в-тени	0.690	30.6	0.0	-5.5	5.5	bbox	1880	258.0	257.0	258.0	1400,939,4,5	56.3			
1882	1882	1.102	рюкзак-синий	6.1	22.3	порода-в-тени	0.921	16.5	0.0	-8.0	8.0	bbox	1881	228.0	228.0	230.0	808,881,7,4	56.2			
1883	1883	1.731	стакан-марка-красная	11.7	25.9	снег-освещённый	0.435	75.7	0.0	-3.0	3.0	bbox	1882	138.0	138.0	138.0	1567,628,6,5	56.1			
1884	1884	0.861	рюкзак-синий	4.5	18.3	снег-в-тени	0.400	57.1	1.0	-9.5	9.6	bbox	1883	173.0	173.0	173.0	22,203,5,8	56.0			
1885	1885	0.760	рюкзак-синий	6.1	0.2	снег-в-тени	0.328	38.6	0.0	-8.0	8.0	bbox	1884	253.0	253.0	253.0	585,81,3,6	56.0			
1886	1886	1.304	стакан-марка-красная	9.7	13.3	снег-розовый	0.641	63.1	1.5	-1.0	1.8	bbox	1885	159.0	159.0	159.0	201,763,4,6	55.9			
1887	1887	1.669	стакан-марка-красная	11.0	26.3	снег-освещённый	0.210	76.1	0.0	0.0	0.0	bbox	1886	130.0	130.0	130.0	1917,305,3,8	55.8			
1888	1888	2.066	стакан-марка-красная	12.3	38.6	снег-пересвеченный	0.540	88.4	0.0	-4.5	4.5	bbox	1887	232.0	232.0	232.0	826,848,4,5	55.8			
1889	1889	1.506	стакан-марка-красная	11.0	16.9	снег-розовый	0.464	66.7	0.0	2.0	2.0	bbox	1888	228.0	228.0	228.0	1711,9,2,8	55.7			
1890	1890	1.884	стакан-марка-красная	11.0	35.9	снег-освещённый	0.215	85.7	0.0	0.0	0.0	bbox	1889	120.0	120.0	120.0	1473,353,8,3	55.6			
1891	1891	1.525	стакан-марка-красная	12.2	3.3	порода-в-тени	1.064	46.5	-1.0	3.0	3.2	bbox	1890	38.0	38.0	38.0	1749,993,4,6	55.5			
1892	1892	1.425	стакан-марка-красная	11.4	0.6	снег-в-тени	0.756	50.4	0.0	-2.0	2.0	bbox	1891	155.0	155.0	155.0	1343,313,10,6	55.4			
1893	1893	1.638	стакан-марка-красная	11.0	24.9	снег-освещённый	0.280	74.7	0.0	1.0	1.0	bbox	1892	113.0	113.0	113.0	1625,893,9,2	55.3			
1894	1894	1.811	рюкзак-синий	12.0	28.2	порода-в-тени	0.448	10.6	0.0	-2.0	2.0	bbox	1893	57.0	57.0	59.0	756,261,5,4	55.2			
1895	1895	1.162	рюкзак-синий	5.3	26.7	снег-в-тени	0.882	65.5	4.5	-10.0	11.0	bbox	1894	60.0	60.0	60.0	945,127,10,2	55.2			
1896	1896	1.668	палка-древко-контроль	6.7	40.4	снег-пересвеченный	0.821	82.0	-5.0	-9.0	10.3	bbox	1895	87.0	87.0	87.0	807,1035,3,12	55.2			
1897	1897	1.051	рюкзак-синий	3.2	27.3	снег-в-тени	1.201	66.1	4.0	-15.0	15.5	bbox	1896	107.0	107.0	107.0	421,263,6,4	55.2			
1898	1898	1.546	стакан-марка-красная	10.2	24.5	снег-освещённый	0.363	74.3	1.0	-1.0	1.4	bbox	1897	126.0	126.0	126.0	1001,909,8,4	55.2			
1899	1899	0.849	рюкзак-синий	5.4	14.5	снег-в-тени	0.857	24.3	-1.0	-9.0	9.1	bbox	1898	235.0	235.0	235.0	905,1015,6,3	55.2			
1900	1900	1.689	рюкзак-синий	10.0	31.6	снег-в-тени	2.171	70.4	2.0	-24.0	24.1	bbox	1899	106.0	106.0	106.0	1331,357,8,2	55.0			
1901	1901	1.735	стакан-марка-красная	10.2	32.9	порода-в-тени	0.396	16.9	1.0	-1.0	1.4	bbox	1900	32.0	32.0	32.0	868,1073,3,7	54.9			
1902	1902	1.430	стакан-марка-красная	11.2	8.4	снег-освещённый	0.825	58.2	0.0	-1.0	1.0	bbox	1901	121.0	121.0	121.0	35,589,8,2	54.9			
1903	1903	1.924	рюкзак-синий	13.0	28.6	порода-в-тени	0.442	10.2	0.0	-1.0	1.0	bbox	1902	247.0	247.0	247.0	905,1017,8,2	54.8			
1904	1904	0.712	рюкзак-синий	3.6	15.3	снег-в-тени	0.385	54.1	0.0	-10.5	10.5	bbox	1903	6.0	6.0	6.0	1803,57,2,8	54.7			
1905	1905	1.514	стакан-марка-красная	12.1	2.3	порода-в-тени	1.068	47.5	-1.0	2.5	2.7	bbox	1904	19.0	19.0	19.0	646,73,7,2	54.7			
1906	1906	0.523	стакан-марка-красная	4.1	2.5	снег-розовый	1.251	47.3	7.0	2.0	7.3	bbox	1905	84.0	84.0	84.0	267,27,6,6	54.7			
1907	1907	1.917	стакан-марка-красная	11.0	37.3	порода-в-тени	0.396	12.5	0.0	0.0	0.0	bbox	1906	126.0	126.0	126.0	141,971,10,4	54.7			
1908	1908	0.955	стакан-марка-красная	7.2	8.8	порода-охристая	1.011	58.6	7.0	7.0	9.9	bbox	1907	83.0	83.0	83.0	35,1031,4,4	54.6			
1909	1909	0.590	рюкзак-синий	4.5	5.3	снег-в-тени	1.076	44.1	-3.0	-16.0	16.3	bbox	1908	106.0	106.0	106.0	267,59,4,8	54.6			
1910	1910	1.609	рюкзак-синий	1.0	44.9	снег-в-тени	1.558	83.7	1.0	-15.0	15.0	bbox	1909	199.0	199.0	199.0	1185,9,4,7	54.6			
1911	1911	1.585	стакан-марка-красная	10.0	27.1	порода-в-тени	0.404	22.7	1.0	0.0	1.0	bbox	1910	9.0	9.0	9.0	588,859,3,7	54.4			
1912	1912	1.440	стакан-марка-красная	9.6	22.6	снег-розовый	0.319	72.4	1.5	0.0	1.5	bbox	1911	98.0	98.0	98.0	225,255,6,4	54.4			
1913	1913	1.697	стакан-марка-красная	12.4	19.6	порода-охристая	0.538	30.2	8.0	13.0	15.3	bbox	1912	79.0	79.0	79.0	614,73,11,2	54.3			
1914	1914	1.449	стакан-марка-красная	11.0	12.4	снег-розовый	0.655	62.2	0.0	0.0	0.0	bbox	1913	130.0	130.0	130.0	1716,243,5,6	54.2			
1915	1915	1.289	рюкзак-синий	7.6	24.3	снег-в-тени	0.752	63.1	4.0	-7.0	8.1	bbox	1914	212.0	212.0	212.0	887,939,2,8	54.0			
1916	1916	2.125	стакан-марка-красная	16.6	13.5	корка-жёлтая-на-скале	1.089	36.3	-4.0	8.0	8.9	bbox	1915	61.0	61.0	61.0	185,869,4,4	53.9			
1917	1917	1.137	рюкзак-синий	6.0	23.9	снег-в-тени	0.548	62.7	1.0	-8.0	8.1	bbox	1916	13.0	13.0	13.0	1897,57,4,10	53.8			
1918	1918	1.612	стакан-марка-красная	9.1	32.2	порода-в-тени	0.525	17.6	2.0	0.0	2.0	bbox	1917	38.0	36.0	38.0	1857,5,2,8	53.8			
1919	1919	1.792	стакан-марка-красная	12.3	25.5	снег-освещённый	0.484	75.3	-0.5	-3.5	3.5	bbox	1918	142.0	142.0	142.0	1429,1019,4,6	53.8			
1920	1920	1.499	стакан-марка-красная	10.8	18.4	снег-освещённый	0.636	68.2	1.0	-3.0	3.2	bbox	1919	121.0	121.0	121.0	1915,1073,5,7	53.7			
1921	1921	1.678	рюкзак-синий	12.0	20.8	порода-в-тени	0.292	18.0	0.0	-2.0	2.0	bbox	1920	64.0	64.0	64.0	41,29,4,4	53.6			
1922	1922	1.025	рюкзак-синий	8.1	5.3	снег-в-тени	0.568	33.5	0.0	-6.0	6.0	bbox	1921	240.0	240.0	240.0	961,617,8,2	53.5			
1923	1923	0.955	рюкзак-синий	5.0	20.2	снег-в-тени	0.832	59.0	5.0	-11.0	12.1	bbox	1922	11.0	7.0	15.0	409,117,6,3	53.4			
1924	1924	0.998	рюкзак-синий	4.5	23.2	снег-в-тени	0.947	62.0	5.0	-12.0	13.0	bbox	1923	60.0	60.0	60.0	553,239,8,4	53.4			
1925	1925	1.646	стакан-марка-красная	13.2	2.0	снег-розовый	1.057	51.8	-2.0	3.0	3.6	bbox	1924	36.0	36.0	36.0	1705,669,4,6	53.3			
1926	1926	1.885	рюкзак-синий	13.6	22.9	порода-в-тени	0.255	15.9	-0.5	-0.5	0.7	bbox	1925	65.0	65.0	65.0	335,341,6,4	53.3			
1927	1927	1.377	стакан-марка-красная	11.0	2.0	снег-розовый	0.964	51.8	0.0	1.0	1.0	bbox	1926	174.0	174.0	174.0	773,531,6,6	53.2			
1928	1928	1.340	стакан-марка-красная	10.6	5.5	снег-розовый	0.876	55.3	0.5	-0.5	0.7	bbox	1927	113.0	113.0	113.0	1373,877,4,4	53.1			
1929	1929	1.430	стакан-марка-красная	11.0	11.0	снег-розовый	0.662	60.8	0.0	1.0	1.0	bbox	1928	113.0	113.0	113.0	1601,1011,4,6	53.1			
1930	1930	1.435	стакан-марка-красная	10.2	18.4	порода-в-тени	0.542	31.4	1.0	-1.0	1.4	bbox	1929	121.0	121.0	121.0	362,730,5,5	53.1			
1931	1931	0.760	рюкзак-синий	6.0	3.5	снег-в-тени	0.464	35.3	1.0	-8.0	8.1	bbox	1930	257.0	257.0	257.0	1379,777,6,3	53.1			
1932	1932	0.904	рюкзак-синий	4.3	20.4	снег-в-тени	0.934	59.2	5.0	-12.5	13.5	bbox	1931	60.0	60.0	60.0	447,25,6,6	53.0			
1933	1933	1.195	стакан-марка-красная	2.8	32.0	снег-розовый	1.433	81.8	13.0	-1.0	13.0	bbox	1932	72.0	72.0	72.0	1429,1039,4,6	53.0			
1934	1934	1.463	стакан-марка-красная	11.2	12.2	порода-в-тени	0.665	37.6	0.0	-1.0	1.0	bbox	1933	17.0	17.0	17.0	593,319,8,2	52.9			
1935	1935	1.593	палка-древко-контроль	11.0	22.5	снег-пересвеченный	1.077	64.1	-8.0	-4.0	8.9	bbox	1934	101.0	101.0	101.0	1691,162,4,5	52.9			
1936	1936	1.259	рюкзак-синий	6.6	26.7	снег-в-тени	0.682	65.5	2.0	-7.5	7.8	bbox	1935	164.0	164.0	168.0	681,609,8,4	52.8			
1937	1937	1.418	стакан-марка-красная	11.3	4.3	снег-в-тени	0.843	54.1	0.0	-1.5	1.5	bbox	1936	247.0	247.0	247.0	1373,1009,4,4	52.8			
1938	1938	0.425	рюкзак-синий	3.2	4.3	снег-в-тени	1.137	43.1	0.0	-17.0	17.0	bbox	1937	205.0	205.0	205.0	1913,533,7,6	52.7			
1939	1939	1.434	стакан-марка-красная	11.2	9.0	порода-в-тени	0.770	40.8	0.0	-1.0	1.0	bbox	1938	18.0	18.0	18.0	1793,381,5,4	52.5			
1940	1940	0.634	рюкзак-синий	5.0	2.3	снег-в-тени	0.463	36.5	1.5	-9.0	9.1	bbox	1939	251.0	251.0	251.0	17,261,4,4	52.5			
1941	1941	1.776	рюкзак-синий	12.0	26.6	порода-в-тени	0.493	12.2	1.0	-2.0	2.2	bbox	1940	59.0	59.0	59.0	810,425,9,4	52.4			
1942	1942	1.632	стакан-марка-красная	13.0	2.3	порода-в-тени	1.036	47.5	-2.0	2.0	2.8	bbox	1941	43.0	43.0	43.0	469,0,6,3	52.3			
1943	1943	1.189	рюкзак-синий	8.1	17.7	снег-в-тени	0.398	56.5	0.0	-6.0	6.0	bbox	1942	185.0	185.0	185.0	785,1009,6,4	52.3			
1944	1944	1.721	стакан-марка-красная	13.0	15.9	порода-в-тени	1.007	33.9	-1.0	6.0	6.1	bbox	1943	61.0	61.0	61.0	27,705,4,6	52.2			
1945	1945	1.679	стакан-марка-красная	10.2	30.6	снег-освещённый	0.280	80.4	1.0	-1.0	1.4	bbox	1944	119.0	119.0	119.0	1729,973,7,3	52.2			
1946	1946	1.398	стакан-марка-красная	11.2	0.4	снег-в-тени	0.877	49.4	0.0	-1.0	1.0	bbox	1945	242.0	242.0	242.0	265,1065,4,4	52.1			
1947	1947	1.442	рюкзак-синий	11.2	10.0	порода-в-тени	0.411	28.8	-1.0	-3.0	3.2	bbox	1946	165.0	165.0	165.0	1309,386,4,5	52.0			
1948	1948	0.927	рюкзак-синий	6.0	15.3	снег-в-тени	0.876	23.5	1.0	-8.0	8.1	bbox	1947	245.0	245.0	245.0	1756,729,3,5	52.0			
1949	1949	1.711	стакан-марка-красная	12.2	22.0	снег-освещённый	0.346	71.8	-1.0	-1.0	1.4	bbox	1948	188.0	188.0	188.0	620,521,7,4	51.9			
1950	1950	1.276	стакан-марка-красная	10.2	1.4	снег-в-тени	0.884	48.4	1.0	-1.0	1.4	bbox	1949	9.0	9.0	9.0	1381,155,8,2	51.7			
1951	1951	1.428	стакан-марка-красная	11.2	8.2	снег-розовый	0.831	58.0	0.0	-1.0	1.0	bbox	1950	149.0	149.0	149.0	1717,677,8,6	51.7			
1952	1952	1.313	стакан-марка-красная	10.5	1.4	снег-розовый	0.970	51.2	0.5	1.0	1.1	bbox	1951	113.0	113.0	113.0	1291,727,8,2	51.6			
1953	1953	2.340	стакан-марка-красная	15.0	39.2	порода-охристая	1.803	10.6	23.0	10.0	25.1	bbox	1952	164.0	159.0	164.0	19,1065,8,2	51.6			
1954	1954	0.622	стакан-марка-красная	4.5	7.7	снег-розовый	1.024	57.5	7.0	-1.0	7.1	bbox	1953	93.0	93.0	93.0	187,213,6,4	51.5			
1955	1955	1.379	рюкзак-синий	7.0	29.8	снег-в-тени	0.765	68.6	1.0	-7.0	7.1	bbox	1954	181.0	181.0	181.0	1913,32,7,5	51.5			
1956	1956	1.515	рюкзак-синий	6.1	36.7	снег-пересвеченный	0.965	75.5	0.0	-8.0	8.0	bbox	1955	202.0	202.0	202.0	1081,1044,4,5	51.4			
1957	1957	1.486	стакан-марка-красная	11.2	14.1	порода-в-тени	0.600	35.7	0.0	-1.0	1.0	bbox	1956	18.0	18.0	18.0	1913,369,2,8	51.3			
1958	1958	1.752	стакан-марка-красная	11.0	30.2	снег-освещённый	0.128	80.0	0.0	0.0	0.0	bbox	1957	111.0	111.0	111.0	1113,433,4,6	51.3			
1959	1959	1.131	палка-ручка-контроль	4.1	28.2	корка-жёлтая-на-скале	1.260	29.4	5.0	22.0	22.6	bbox	1958	242.0	242.0	242.0	1633,151,8,2	51.3			
1960	1960	1.521	рюкзак-синий	12.2	0.8	порода-в-тени	0.708	39.6	-1.0	-2.0	2.2	bbox	1959	243.0	243.0	243.0	669,57,4,6	51.2			
1961	1961	1.835	рюкзак-синий	12.0	29.4	порода-в-тени	0.482	9.4	0.0	-2.0	2.0	bbox	1960	58.0	58.0	62.0	35,977,8,4	51.1			
1962	1962	1.443	стакан-марка-красная	11.4	6.3	снег-в-тени	0.806	56.1	0.0	-2.0	2.0	bbox	1961	163.0	163.0	163.0	75,1027,4,4	51.1			
1963	1963	1.579	рюкзак-синий	11.2	20.6	порода-в-тени	0.290	18.2	-1.0	-3.0	3.2	bbox	1962	235.0	235.0	235.0	1484,821,5,4	51.1			
1964	1964	1.253	рюкзак-синий	4.5	31.4	снег-в-тени	0.847	70.2	-1.0	-10.0	10.0	bbox	1963	61.0	61.0	61.0	135,811,4,4	51.0			
1965	1965	0.904	рюкзак-синий	7.2	3.6	снег-в-тени	0.389	42.4	2.5	-7.0	7.4	bbox	1964	65.0	65.0	65.0	921,37,8,4	51.0			
1966	1966	0.644	рюкзак-синий	5.0	4.3	снег-в-тени	1.074	43.1	6.0	-14.0	15.2	bbox	1965	60.0	60.0	60.0	801,6,6,3	50.9			
1967	1967	1.439	рюкзак-синий	5.8	34.7	снег-в-тени	1.244	73.5	6.0	-11.0	12.5	bbox	1966	57.0	57.0	57.0	443,433,5,4	50.8			
1968	1968	0.734	рюкзак-синий	5.8	2.4	снег-в-тени	1.373	41.2	6.0	-17.0	18.0	bbox	1967	155.0	155.0	155.0	425,9,8,2	50.8			
1969	1969	1.733	стакан-марка-красная	12.5	20.8	снег-розовый	0.718	70.6	0.0	7.0	7.0	bbox	1968	78.0	78.0	78.0	1865,433,3,8	50.7			
1970	1970	1.446	стакан-марка-красная	10.4	17.5	снег-освещённый	0.599	67.3	1.0	-2.0	2.2	bbox	1969	122.0	118.0	122.0	1879,633,6,4	50.6			
1971	1971	1.533	рюкзак-синий	6.1	37.3	снег-в-тени	1.040	76.1	2.0	-8.0	8.2	bbox	1970	154.0	154.0	154.0	10,262,7,3	50.6			
1972	1972	0.368	рюкзак-синий	2.2	6.7	снег-в-тени	1.003	45.5	0.0	-16.0	16.0	bbox	1971	193.0	193.0	193.0	1405,1059,4,6	50.6			
1973	1973	0.749	рюкзак-синий	5.1	11.0	снег-в-тени	1.377	49.8	0.0	-19.0	19.0	bbox	1972	1.0	1.0	1.0	1097,101,3,6	50.5			
1974	1974	0.987	рюкзак-синий	4.5	22.8	снег-в-тени	1.278	61.6	5.0	-16.0	16.8	bbox	1973	107.0	107.0	107.0	1377,189,7,3	50.5			
1975	1975	1.583	рюкзак-синий	9.1	31.0	снег-освещённый	0.749	69.8	0.0	-5.0	5.0	bbox	1974	182.0	182.0	182.0	119,749,4,6	50.5			
1976	1976	1.593	стакан-марка-красная	12.2	13.3	порода-в-тени	0.587	36.5	-1.0	-1.0	1.4	bbox	1975	201.0	201.0	201.0	1605,968,6,3	50.5			
1977	1977	1.409	рюкзак-синий	11.0	8.6	порода-в-тени	0.571	30.2	1.0	-3.0	3.2	bbox	1976	253.0	253.0	253.0	1026,1038,4,4	50.4			
1978	1978	1.426	рюкзак-синий	5.1	35.7	снег-в-тени	0.994	74.5	2.0	-9.0	9.2	bbox	1977	185.0	185.0	185.0	1713,991,5,5	50.3			
1979	1979	0.788	рюкзак-синий	5.6	10.2	снег-в-тени	0.076	49.0	0.0	-8.5	8.5	bbox	1978	259.0	259.0	259.0	1295,143,4,6	50.3			
1980	1980	1.144	рюкзак-синий	6.1	23.9	снег-в-тени	0.589	62.7	2.0	-8.0	8.2	bbox	1979	10.0	10.0	10.0	123,131,4,4	50.2			
1981	1981	1.419	стакан-марка-красная	11.0	9.6	снег-розовый	0.721	59.4	0.0	0.5	0.5	bbox	1980	27.0	27.0	27.0	1133,0,6,3	50.2			
1982	1982	1.532	рюкзак-синий	12.2	5.1	снег-в-тени	0.773	43.9	-1.0	-2.0	2.2	bbox	1981	14.0	14.0	15.0	963,209,6,4	50.0			
1983	1983	1.886	стакан-марка-красная	14.2	17.7	снег-освещённый	0.570	67.5	-3.0	-1.5	3.4	bbox	1982	21.0	21.0	21.0	115,65,4,3	50.0			
1984	1984	1.351	стакан-марка-красная	10.8	3.1	снег-в-тени	0.639	46.7	1.0	-3.0	3.2	bbox	1983	162.0	162.0	162.0	873,137,8,2	50.0			
1985	1985	1.039	стакан-марка-красная	4.5	24.5	порода-охристая	1.212	25.3	7.0	3.0	7.6	bbox	1984	79.0	79.0	79.0	1177,134,8,3	49.8			
1986	1986	1.001	стакан-марка-красная	7.4	10.4	снег-в-тени	0.975	60.2	6.0	-4.5	7.5	bbox	1985	92.0	92.0	95.0	189,11,6,6	49.7			
1987	1987	1.471	стакан-марка-красная	11.3	11.8	снег-освещённый	0.723	61.6	0.0	-1.5	1.5	bbox	1986	163.0	163.0	163.0	155,1011,4,4	49.7			
1988	1988	1.567	стакан-марка-красная	11.0	20.8	порода-в-тени	0.416	29.0	0.0	0.0	0.0	bbox	1987	16.0	16.0	16.0	1891,211,6,4	49.6			
1989	1989	1.438	стакан-марка-красная	10.8	14.1	снег-освещённый	0.753	63.9	1.0	-3.0	3.2	bbox	1988	139.0	139.0	139.0	1497,89,8,2	49.6			
1990	1990	0.724	рюкзак-синий	5.4	7.3	снег-в-тени	0.538	46.1	4.0	-9.5	10.3	bbox	1989	12.0	12.0	12.0	1305,327,8,2	49.4			
1991	1991	1.728	рюкзак-синий	13.2	14.9	порода-в-тени	0.177	23.9	-1.0	-1.0	1.4	bbox	1990	14.0	14.0	14.0	1281,1016,4,4	49.3			
1992	1992	0.837	рюкзак-синий	6.3	7.7	снег-в-тени	0.134	46.5	-1.0	-8.0	8.1	bbox	1991	142.0	142.0	142.0	9,105,4,4	49.2			
1993	1993	0.987	стакан-марка-красная	7.8	5.1	снег-розовый	0.913	54.9	3.5	-1.0	3.6	bbox	1992	88.0	88.0	88.0	497,105,4,5	49.1			
1994	1994	1.368	рюкзак-синий	0.5	38.3	снег-в-тени	1.330	77.1	1.0	-14.5	14.5	bbox	1993	200.0	200.0	200.0	1300,39,4,4	49.1			
1995	1995	1.454	рюкзак-синий	5.4	36.1	снег-в-тени	0.984	74.9	-1.0	-9.0	9.1	bbox	1994	200.0	200.0	200.0	533,163,4,6	49.1			
1996	1996	1.157	рюкзак-синий	5.1	27.0	порода-в-тени	1.076	11.8	0.0	-9.0	9.0	bbox	1995	212.0	212.0	212.0	277,521,5,4	49.0			
1997	1997	1.532	стакан-марка-красная	10.7	21.0	порода-в-тени	0.434	28.8	0.5	-1.0	1.1	bbox	1996	260.0	260.0	260.0	1537,345,8,2	49.0			
1998	1998	1.454	стакан-марка-красная	11.5	4.9	снег-розовый	0.910	54.7	-0.5	0.0	0.5	bbox	1997	110.0	110.0	110.0	339,299,6,2	48.9			
1999	1999	0.961	рюкзак-синий	7.3	8.7	снег-в-тени	0.177	47.5	-1.0	-7.0	7.1	bbox	1998	149.0	149.0	149.0	27,0,2,7	48.9			
2000	2000	1.397	рюкзак-синий	10.5	13.3	порода-в-тени	0.568	25.5	1.5	-3.5	3.8	bbox	1999	151.0	151.0	151.0	1177,763,5,4	48.7			
2001	2001	1.146	стакан-марка-красная	8.7	9.8	снег-в-тени	0.831	40.0	3.0	-2.5	3.9	bbox	2000	197.0	197.0	197.0	1863,535,4,4	48.7			
2002	2002	1.398	стакан-марка-красная	11.2	0.8	снег-в-тени	0.881	50.6	0.0	-1.0	1.0	bbox	2001	124.0	124.0	124.0	1906,3,4,6	48.6			
2003	2003	0.914	рюкзак-синий	7.3	2.3	снег-в-тени	0.566	36.5	3.0	-7.0	7.6	bbox	2002	37.0	37.0	37.0	1883,619,6,7	48.3			
2004	2004	0.700	стакан-марка-красная	5.6	1.4	снег-в-тени	1.112	51.2	6.0	-1.5	6.2	bbox	2003	93.0	93.0	93.0	497,145,4,4	48.1			
2005	2005	0.734	рюкзак-синий	5.1	10.2	снег-в-тени	0.977	49.0	6.0	-13.0	14.3	bbox	2004	46.0	46.0	46.0	1364,55,7,2	48.0			
2006	2006	1.309	стакан-марка-красная	10.3	6.7	снег-в-тени	0.639	56.5	2.0	-4.0	4.5	bbox	2005	129.0	129.0	129.0	1154,78,2,6	48.0			
2007	2007	0.757	рюкзак-синий	6.0	2.3	снег-в-тени	0.409	36.5	0.5	-8.0	8.0	bbox	2006	259.0	259.0	259.0	1758,499,5,4	47.9			
2008	2008	1.009	рюкзак-синий	8.1	1.6	снег-в-тени	0.364	40.4	0.0	-6.0	6.0	bbox	2007	170.0	170.0	170.0	16,266,5,7	47.8			
2009	2009	1.657	стакан-марка-красная	11.0	25.9	порода-в-тени	0.375	23.9	0.0	1.0	1.0	bbox	2008	8.0	5.0	8.0	643,957,4,4	47.7			
2010	2010	1.896	рюкзак-синий	6.3	48.3	снег-пересвеченный	0.740	87.1	-1.0	-8.0	8.1	bbox	2009	107.0	107.0	107.0	329,905,3,5	47.6			
2011	2011	1.498	стакан-марка-красная	11.2	15.1	снег-освещённый	0.595	64.9	0.0	-1.0	1.0	bbox	2010	123.0	123.0	123.0	1343,683,4,5	47.6			
2012	2012	1.506	рюкзак-синий	6.6	35.3	снег-в-тени	0.975	74.1	2.0	-7.5	7.8	bbox	2011	159.0	157.0	161.0	201,275,8,4	47.6			
2013	2013	1.055	рюкзак-синий	5.1	23.6	снег-в-тени	0.535	62.4	0.0	-9.0	9.0	bbox	2012	195.0	195.0	195.0	1880,761,4,3	47.5			
2014	2014	1.164	рюкзак-синий	6.1	24.7	порода-в-тени	0.937	14.1	0.0	-8.0	8.0	bbox	2013	230.0	230.0	230.0	521,919,6,2	47.5			
2015	2015	0.626	рюкзак-синий	5.0	0.8	снег-в-тени	0.391	38.0	1.0	-9.0	9.1	bbox	2014	255.0	255.0	255.0	513,449,6,3	47.5			
2016	2016	1.681	стакан-марка-красная	12.1	20.6	снег-освещённый	0.377	70.4	-1.0	-0.5	1.1	bbox	2015	139.0	139.0	139.0	1885,0,4,3	47.4			
2017	2017	1.437	рюкзак-синий	6.1	34.1	снег-в-тени	0.898	72.9	0.0	-8.0	8.0	bbox	2016	202.0	202.0	202.0	554,1077,7,3	47.4			
2018	2018	2.062	стакан-марка-красная	10.3	45.1	снег-розовый	0.795	94.9	2.0	6.0	6.3	bbox	2017	95.0	95.0	95.0	137,527,7,2	47.3			
2019	2019	1.811	рюкзак-синий	12.0	28.2	порода-в-тени	0.448	10.6	0.0	-2.0	2.0	bbox	2018	67.0	67.0	67.0	313,318,7,4	47.1			
2020	2020	1.447	стакан-марка-красная	11.4	7.1	снег-в-тени	0.771	42.7	0.0	-2.0	2.0	bbox	2019	207.0	206.0	207.0	913,655,8,2	47.1			
2021	2021	0.748	стакан-марка-красная	5.7	6.9	снег-в-тени	1.121	56.7	7.0	-3.0	7.6	bbox	2020	93.0	93.0	95.0	255,35,6,4	47.0			
2022	2022	0.586	рюкзак-синий	4.5	4.9	снег-в-тени	1.279	33.9	5.0	-16.0	16.8	bbox	2021	77.0	76.0	79.0	417,37,4,4	46.9			
2023	2023	1.425	стакан-марка-красная	11.2	7.8	порода-в-тени	0.810	42.0	0.0	-1.0	1.0	bbox	2022	191.0	191.0	191.0	1161,655,8,2	46.9			
2024	2024	1.033	палка-древко-контроль	8.0	7.3	снег-в-тени	1.117	34.3	-8.0	-7.0	10.6	bbox	2023	106.0	106.0	108.0	627,529,7,2	46.8			
2025	2025	1.384	стакан-марка-красная	11.0	2.7	снег-розовый	0.962	52.5	0.0	0.0	0.0	bbox	2024	21.0	21.0	23.0	1110,149,7,4	46.6			
2026	2026	1.527	стакан-марка-красная	12.2	3.9	снег-в-тени	0.887	45.9	-1.0	-1.0	1.4	bbox	2025	191.0	191.0	191.0	1439,601,2,10	46.4			
2027	2027	1.993	палка-древко-контроль	15.5	12.9	снег-освещённый	1.243	54.5	-7.5	0.5	7.5	bbox	2026	101.0	101.0	101.0	1905,203,6,2	46.2			
2028	2028	1.535	стакан-марка-красная	10.0	24.7	снег-розовый	0.301	74.5	1.0	0.0	1.0	bbox	2027	121.0	121.0	121.0	479,666,5,6	46.2			
2029	2029	2.103	стакан-марка-красная	10.8	45.1	снег-розовый	0.879	94.9	2.0	7.0	7.3	bbox	2028	95.0	95.0	95.0	281,579,3,5	46.1			
2030	2030	1.574	стакан-марка-красная	11.0	21.2	порода-в-тени	0.406	28.6	0.0	0.0	0.0	bbox	2029	108.0	108.0	108.0	682,698,3,5	46.1			
2031	2031	1.922	стакан-марка-красная	14.9	13.7	порода-в-тени	1.046	36.1	-3.0	6.0	6.7	bbox	2030	61.0	61.0	61.0	341,922,2,7	46.0			
2032	2032	1.398	стакан-марка-красная	11.2	0.4	снег-в-тени	0.879	50.2	0.0	-1.0	1.0	bbox	2031	7.0	7.0	7.0	451,227,5,3	45.9			
2033	2033	0.935	рюкзак-синий	7.3	6.1	снег-в-тени	0.667	32.7	3.0	-7.0	7.6	bbox	2032	65.0	65.0	65.0	785,105,8,6	45.7			
2034	2034	0.933	рюкзак-синий	7.2	7.4	снег-в-тени	0.773	31.4	4.0	-7.5	8.5	bbox	2033	65.0	65.0	65.0	291,229,4,4	45.7			
2035	2035	0.813	рюкзак-синий	5.4	12.8	снег-в-тени	0.418	51.6	3.0	-9.0	9.5	bbox	2034	183.0	183.0	186.0	1751,635,4,4	45.7			
2036	2036	1.065	рюкзак-синий	5.0	24.1	снег-в-тени	0.646	62.9	-2.0	-10.0	10.2	bbox	2035	202.0	202.0	202.0	71,455,8,2	45.7			
2037	2037	0.614	рюкзак-синий	4.5	6.9	снег-в-тени	0.238	45.7	1.0	-9.5	9.6	bbox	2036	259.0	259.0	259.0	1669,667,4,6	45.7			
2038	2038	0.573	рюкзак-синий	2.9	12.4	снег-в-тени	0.964	51.2	-1.5	-15.5	15.6	bbox	2037	174.0	174.0	174.0	1849,1055,6,2	45.6			
2039	2039	0.570	стакан-марка-красная	4.5	3.1	снег-розовый	1.143	52.9	7.0	-1.0	7.1	bbox	2038	84.0	84.0	84.0	189,277,4,6	45.2			
2040	2040	1.452	стакан-марка-красная	11.2	11.0	снег-освещённый	0.736	60.8	0.0	-1.0	1.0	bbox	2039	121.0	121.0	121.0	119,569,8,2	45.2			
2041	2041	1.384	стакан-марка-красная	10.8	9.0	снег-в-тени	0.749	58.8	1.0	-3.0	3.2	bbox	2040	135.0	135.0	135.0	929,387,8,2	45.1			
2042	2042	1.397	стакан-марка-красная	11.1	4.5	снег-розовый	0.923	54.3	0.0	-0.5	0.5	bbox	2041	231.0	231.0	231.0	1551,849,2,8	45.1			
2043	2043	0.977	рюкзак-синий	6.4	15.7	снег-в-тени	0.826	54.5	6.0	-10.0	11.7	bbox	2042	63.0	63.0	63.0	745,103,6,2	45.0			
2044	2044	0.726	рюкзак-синий	4.5	13.0	снег-в-тени	0.472	51.8	3.0	-10.0	10.4	bbox	2043	183.0	183.0	183.0	1811,939,5,3	44.9			
2045	2045	0.871	рюкзак-синий	5.8	13.4	снег-в-тени	0.538	52.2	4.0	-9.0	9.8	bbox	2044	183.0	183.0	183.0	1675,1067,3,5	44.9			
2046	2046	1.040	стакан-марка-красная	8.2	3.9	снег-в-тени	0.954	45.9	3.0	-1.0	3.2	bbox	2045	199.0	199.0	199.0	1545,817,4,6	44.9			
2047	2047	0.739	рюкзак-синий	4.6	13.0	снег-в-тени	0.343	51.8	2.0	-9.5	9.7	bbox	2046	67.0	67.0	67.0	213,59,2,6	44.8			
2048	2048	1.461	стакан-марка-красная	11.7	2.3	снег-в-тени	0.877	47.5	-0.5	-1.0	1.1	bbox	2047	19.0	19.0	23.0	447,25,6,2	44.6			
2049	2049	0.648	палка-древко-контроль	1.0	17.8	снег-в-тени	1.305	59.4	-7.0	-15.0	16.6	bbox	2048	105.0	105.0	105.0	349,638,6,4	44.6			
2050	2050	1.557	рюкзак-синий	12.2	9.4	порода-в-тени	0.367	29.4	-1.0	-2.0	2.2	bbox	2049	135.0	135.0	135.0	77,0,4,3	44.6			
2051	2051	1.792	стакан-марка-красная	11.4	30.4	снег-освещённый	0.280	80.2	0.0	-2.0	2.0	bbox	2050	167.0	167.0	167.0	1021,611,4,5	44.6			
2052	2052	1.205	рюкзак-синий	5.0	28.8	снег-в-тени	1.469	67.6	5.0	-17.0	17.7	bbox	2051	202.0	202.0	202.0	144,397,9,2	44.6			
2053	2053	1.450	стакан-марка-красная	10.8	15.1	снег-розовый	0.602	64.9	1.0	5.0	5.1	bbox	2052	94.0	94.0	94.0	1323,272,6,3	44.4			
2054	2054	1.430	рюкзак-синий	6.5	33.0	снег-в-тени	0.867	71.8	1.0	-7.5	7.6	bbox	2053	260.0	260.0	260.0	911,287,6,4	44.4			
2055	2055	0.858	рюкзак-синий	6.2	10.4	снег-в-тени	0.080	49.2	-0.5	-8.0	8.0	bbox	2054	228.0	228.0	228.0	153,61,8,2	44.3			
2056	2056	2.140	стакан-марка-красная	16.8	12.2	порода-в-тени	1.134	37.6	-5.0	6.0	7.8	bbox	2055	8.0	8.0	8.0	0,97,5,2	44.2			
2057	2057	1.726	рюкзак-синий	12.0	23.9	порода-в-тени	0.441	14.9	1.0	-2.0	2.2	bbox	2056	43.0	43.0	43.0	1761,1017,6,3	44.2			
2058	2058	1.791	стакан-марка-красная	11.2	31.4	снег-освещённый	0.177	81.2	0.0	-1.0	1.0	bbox	2057	110.0	109.0	110.0	27,769,2,6	44.1			
2059	2059	1.570	стакан-марка-красная	11.2	20.0	снег-розовый	0.586	69.8	1.0	6.0	6.1	bbox	2058	230.0	230.0	230.0	1607,773,2,6	44.0			
2060	2060	1.542	стакан-марка-красная	12.0	9.4	снег-освещённый	0.771	59.2	-1.0	0.0	1.0	bbox	2059	44.0	44.0	44.0	414,81,5,4	43.5			
2061	2061	1.560	стакан-марка-красная	12.4	5.9	снег-в-тени	0.811	55.7	-1.0	-2.0	2.2	bbox	2060	145.0	145.0	145.0	331,699,6,6	43.5			
2062	2062	1.824	стакан-марка-красная	11.0	33.5	порода-в-тени	0.345	16.3	0.0	0.5	0.5	bbox	2061	32.0	32.0	32.0	961,734,6,3	43.4			
2063	2063	1.567	стакан-марка-красная	12.0	12.2	снег-освещённый	0.673	62.0	-1.0	0.0	1.0	bbox	2062	130.0	130.0	130.0	1748,183,3,4	43.4			
2064	2064	1.655	стакан-марка-красная	13.2	5.3	порода-в-тени	0.861	44.5	-2.0	-1.0	2.2	bbox	2063	161.0	160.0	161.0	1233,5,6,2	43.4			
2065	2065	1.926	стакан-марка-красная	13.7	24.5	порода-в-тени	0.592	25.3	-2.5	3.5	4.3	bbox	2064	61.0	61.0	61.0	265,191,6,2	43.3			
2066	2066	1.922	стакан-марка-красная	13.2	27.8	снег-освещённый	0.411	77.6	-2.0	3.0	3.6	bbox	2065	98.0	98.0	98.0	483,977,3,4	43.3			
2067	2067	1.608	стакан-марка-красная	10.2	27.4	порода-в-тени	0.381	22.4	1.0	-1.0	1.4	bbox	2066	19.0	19.0	19.0	1748,62,5,3	43.1			
2068	2068	0.377	рюкзак-синий	2.2	7.1	снег-в-тени	1.033	45.9	2.0	-16.0	16.1	bbox	2067	75.0	75.0	75.0	69,977,2,6	43.1			
2069	2069	1.527	рюкзак-синий	11.7	12.6	снег-в-тени	0.710	51.4	-1.0	-2.5	2.7	bbox	2068	242.0	242.0	242.0	577,153,4,4	43.0			
2070	2070	1.073	рюкзак-синий	7.3	15.9	снег-в-тени	1.648	54.7	-1.0	-21.0	21.0	bbox	2069	106.0	106.0	106.0	771,201,6,8	42.9			
2071	2071	0.681	рюкзак-синий	5.1	6.7	снег-в-тени	0.291	45.5	2.0	-9.0	9.2	bbox	2070	17.0	17.0	17.0	1117,55,9,2	42.6			
2072	2072	1.400	стакан-марка-красная	10.5	13.5	порода-в-тени	0.674	36.3	0.5	0.5	0.7	bbox	2071	18.0	18.0	18.0	1475,409,4,4	42.6			
2073	2073	1.582	стакан-марка-красная	11.4	19.2	корка-жёлтая-на-скале	1.098	30.6	2.0	8.0	8.2	bbox	2072	60.0	60.0	60.0	1658,278,3,5	42.6			
2074	2074	1.603	стакан-марка-красная	11.2	22.0	порода-в-тени	0.365	27.8	0.0	-1.0	1.0	bbox	2073	174.0	174.0	174.0	481,944,4,7	42.6			
2075	2075	1.795	стакан-марка-красная	14.3	3.9	корка-жёлтая-на-скале	1.052	53.7	-2.0	7.0	7.3	bbox	2074	58.0	58.0	58.0	1658,189,5,4	42.5			
2076	2076	0.798	рюкзак-синий	6.0	7.6	снег-в-тени	0.607	31.2	1.0	-8.0	8.1	bbox	2075	199.0	199.0	199.0	922,993,4,4	42.5			
2077	2077	1.454	стакан-марка-красная	11.5	5.9	снег-розовый	0.845	55.7	-0.5	1.5	1.6	bbox	2076	44.0	44.0	44.0	781,233,6,2	42.4			
2078	2078	0.639	рюкзак-синий	5.0	3.7	снег-в-тени	1.077	42.5	6.0	-14.0	15.2	bbox	2077	61.0	61.0	61.0	273,125,4,4	42.4			
2079	2079	0.643	рюкзак-синий	5.1	2.3	снег-в-тени	0.492	36.5	2.0	-9.0	9.2	bbox	2078	258.0	258.0	258.0	1577,187,6,4	42.4			
2080	2080	0.869	рюкзак-синий	6.1	11.8	снег-в-тени	0.100	50.6	0.0	-8.0	8.0	bbox	2079	229.0	229.0	229.0	21,257,8,2	42.3			
2081	2081	1.706	стакан-марка-красная	11.0	28.0	порода-в-тени	0.284	21.8	0.0	0.0	0.0	bbox	2080	119.0	119.0	119.0	414,135,3,6	42.2			
2082	2082	1.393	стакан-марка-красная	11.1	3.3	снег-розовый	0.911	53.1	0.0	2.5	2.5	bbox	2081	43.0	43.0	43.0	237,389,4,3	42.1			
2083	2083	0.190	рюкзак-синий	1.4	1.9	снег-в-тени	0.990	36.9	2.0	-15.0	15.1	bbox	2082	75.0	75.0	75.0	9,1049,3,5	42.1			
2084	2084	1.852	стакан-марка-красная	11.9	31.0	снег-освещённый	0.455	80.8	0.0	-3.5	3.5	bbox	2083	115.0	115.0	115.0	667,0,2,7	42.1			
2085	2085	0.788	рюкзак-синий	5.6	10.2	снег-в-тени	1.301	49.0	6.0	-16.5	17.6	bbox	2084	33.0	33.0	33.0	1915,967,5,2	41.9			
2086	2086	1.423	стакан-марка-красная	11.2	7.5	снег-розовый	0.855	57.3	0.0	-1.0	1.0	bbox	2085	123.0	122.0	123.0	33,839,8,4	41.9			
2087	2087	1.416	стакан-марка-красная	11.0	9.4	снег-розовый	0.714	59.2	0.0	1.0	1.0	bbox	2086	226.0	226.0	226.0	1837,407,2,6	41.9			
2088	2088	1.461	стакан-марка-красная	11.0	13.3	снег-розовый	0.626	63.1	0.0	0.0	0.0	bbox	2087	123.0	123.0	123.0	1485,787,4,3	41.8			
2089	2089	1.666	стакан-марка-красная	8.2	36.7	порода-в-тени	0.677	13.1	3.0	-1.0	3.2	bbox	2088	25.0	25.0	25.0	1615,250,2,6	41.7			
2090	2090	1.771	стакан-марка-красная	14.1	5.5	снег-освещённый	0.995	55.3	-3.0	2.5	3.9	bbox	2089	26.0	26.0	26.0	882,0,4,3	41.7			
2091	2091	1.407	стакан-марка-красная	11.2	4.5	снег-в-тени	0.905	54.3	0.0	-1.0	1.0	bbox	2090	153.0	153.0	153.0	905,209,8,2	41.7			
2092	2092	1.582	стакан-марка-красная	12.3	11.0	порода-в-тени	0.673	38.8	-1.0	-1.5	1.8	bbox	2091	107.0	107.0	107.0	1369,255,4,4	41.6			
2093	2093	1.236	рюкзак-синий	6.1	27.3	снег-в-тени	0.699	66.1	2.0	-8.0	8.2	bbox	2092	146.0	146.0	146.0	4,49,6,4	41.6			
2094	2094	1.402	рюкзак-синий	4.1	36.5	снег-в-тени	1.013	75.3	0.0	-10.0	10.0	bbox	2093	215.0	215.0	215.0	857,145,2,8	41.5			
2095	2095	1.554	стакан-марка-красная	12.0	10.8	порода-в-тени	0.688	39.0	-1.0	0.0	1.0	bbox	2094	15.0	15.0	15.0	949,65,4,4	41.4			
2096	2096	1.364	рюкзак-синий	10.0	14.9	порода-в-тени	0.468	23.9	0.0	-4.0	4.0	bbox	2095	153.0	153.0	153.0	1838,95,5,3	41.4			
2097	2097	1.007	рюкзак-синий	7.0	13.9	снег-в-тени	0.250	52.7	1.0	-7.0	7.1	bbox	2096	185.0	185.0	185.0	1121,1045,8,2	41.3			
2098	2098	1.355	рюкзак-синий	6.1	31.4	снег-в-тени	0.838	70.2	2.0	-8.0	8.2	bbox	2097	236.0	236.0	236.0	411,45,6,4	41.3			
2099	2099	1.585	стакан-марка-красная	12.4	9.8	снег-освещённый	0.797	59.6	-1.0	-2.0	2.2	bbox	2098	148.0	148.0	150.0	79,119,8,4	41.2			
2100	2100	0.712	рюкзак-синий	3.2	16.5	снег-в-тени	1.103	55.3	-1.0	-16.5	16.5	bbox	2099	73.0	73.0	73.0	1037,903,8,2	41.1			
2101	2101	2.051	стакан-марка-красная	12.1	38.8	снег-освещённый	0.286	88.6	-1.0	-0.5	1.1	bbox	2100	62.0	62.0	62.0	1345,411,4,3	41.0			
2102	2102	0.998	рюкзак-синий	6.0	18.5	снег-в-тени	0.360	57.3	1.0	-8.0	8.1	bbox	2101	240.0	240.0	240.0	313,73,4,4	40.9			
2103	2103	0.781	рюкзак-синий	5.9	7.6	снег-в-тени	0.705	31.2	3.0	-8.5	9.0	bbox	2102	37.0	37.0	37.0	1476,83,5,4	40.7			
2104	2104	1.805	стакан-марка-красная	12.8	23.5	снег-розовый	0.747	73.3	0.0	7.5	7.5	bbox	2103	95.0	95.0	95.0	1581,981,4,4	40.7			
2105	2105	1.140	рюкзак-синий	5.7	24.9	снег-в-тени	0.822	63.7	4.5	-9.5	10.5	bbox	2104	59.0	59.0	59.0	740,151,7,2	40.6			
2106	2106	1.902	стакан-марка-красная	13.4	25.1	снег-розовый	0.735	74.9	-1.0	7.0	7.1	bbox	2105	96.0	96.0	96.0	1081,882,6,3	40.5			
2107	2107	1.645	стакан-марка-красная	11.2	24.3	снег-освещённый	0.297	74.1	0.0	-1.0	1.0	bbox	2106	130.0	130.0	130.0	1731,827,4,4	40.5			
2108	2108	1.729	стакан-марка-красная	13.3	13.1	корка-жёлтая-на-скале	0.905	36.7	0.0	8.5	8.5	bbox	2107	62.0	62.0	62.0	1147,411,6,2	40.4			
2109	2109	1.064	рюкзак-синий	8.0	10.2	снег-в-тени	0.740	28.6	1.0	-6.0	6.1	bbox	2108	155.0	155.0	155.0	1667,363,5,3	40.4			
2110	2110	0.676	рюкзак-синий	3.9	13.1	снег-в-тени	1.442	25.7	3.5	-17.0	17.4	bbox	2109	212.0	212.0	212.0	749,0,4,3	40.4			
2111	2111	1.419	рюкзак-синий	11.2	6.8	порода-в-тени	0.499	32.0	-1.0	-3.0	3.2	bbox	2110	77.0	77.0	77.0	955,17,6,2	40.3			
2112	2112	1.455	стакан-марка-красная	11.2	11.4	снег-розовый	0.650	61.2	0.0	3.0	3.0	bbox	2111	100.0	100.0	100.0	315,907,4,4	40.3			
2113	2113	1.464	рюкзак-синий	11.0	14.1	порода-в-тени	0.476	24.7	1.0	-3.0	3.2	bbox	2112	194.0	194.0	194.0	41,479,4,5	40.2			
2114	2114	0.620	рюкзак-синий	3.2	13.4	снег-в-тени	1.136	52.2	0.0	-17.0	17.0	bbox	2113	198.0	198.0	198.0	1593,625,4,4	40.2			
2115	2115	1.165	рюкзак-синий	6.1	24.7	снег-в-тени	0.615	63.5	2.0	-8.0	8.2	bbox	2114	255.0	255.0	255.0	1905,483,2,8	40.2			
2116	2116	0.991	рюкзак-синий	6.0	18.1	снег-в-тени	0.330	56.9	0.5	-8.0	8.0	bbox	2115	256.0	256.0	256.0	1743,907,4,6	40.2			
2117	2117	1.034	рюкзак-синий	7.4	12.7	снег-в-тени	0.899	26.1	3.5	-7.0	7.8	bbox	2116	10.0	10.0	10.0	737,377,6,2	40.1			
2118	2118	1.608	рюкзак-синий	12.0	16.3	порода-в-тени	0.403	22.5	1.0	-2.0	2.2	bbox	2117	12.0	12.0	12.0	1421,484,4,3	40.1			
2119	2119	1.539	рюкзак-синий	2.2	42.4	снег-в-тени	1.556	81.2	0.0	-16.0	16.0	bbox	2118	199.0	199.0	199.0	673,277,3,5	40.1			
2120	2120	1.000	рюкзак-синий	8.0	0.0	снег-в-тени	0.425	38.8	1.0	-6.0	6.1	bbox	2119	184.0	184.0	184.0	1061,79,4,4	39.9			
2121	2121	1.347	стакан-марка-красная	10.8	1.2	снег-в-тени	0.638	48.6	1.0	-3.0	3.2	bbox	2120	191.0	191.0	191.0	1241,37,4,4	39.9			
2122	2122	1.910	стакан-марка-красная	12.0	32.9	порода-в-тени	0.217	16.9	-1.0	0.0	1.0	bbox	2121	64.0	63.0	64.0	253,120,2,6	39.7			
2123	2123	1.717	палка-ручка-контроль	11.0	28.6	порода-охристая	0.782	29.0	7.0	15.0	16.6	bbox	2122	79.0	79.0	79.0	821,113,8,2	39.7			
2124	2124	1.446	стакан-марка-красная	11.1	11.4	порода-в-тени	0.694	38.4	0.0	-0.5	0.5	bbox	2123	74.0	74.0	74.0	1085,1043,4,4	39.6			
2125	2125	1.467	палка-ручка-контроль	11.2	12.5	порода-охристая	0.669	45.1	8.0	15.0	17.0	bbox	2124	83.0	83.0	83.0	299,581,8,4	39.6			
2126	2126	0.638	рюкзак-синий	5.1	0.6	снег-в-тени	0.441	38.2	2.0	-9.0	9.2	bbox	2125	256.0	256.0	256.0	957,579,5,4	39.5			
2127	2127	1.595	стакан-марка-красная	10.4	25.7	снег-освещённый	0.401	75.5	1.0	-2.0	2.2	bbox	2126	115.0	115.0	115.0	1747,1063,3,6	39.4			
2128	2128	1.471	рюкзак-синий	7.3	32.4	снег-в-тени	0.924	71.2	3.0	-7.0	7.6	bbox	2127	121.0	121.0	121.0	1495,21,4,4	39.4			
2129	2129	1.853	стакан-марка-красная	10.2	37.6	порода-в-тени	0.477	12.2	1.0	-1.0	1.4	bbox	2128	10.0	10.0	10.0	647,696,4,3	39.3			
2130	2130	1.525	стакан-марка-красная	12.2	3.1	снег-в-тени	0.903	52.9	-1.0	-1.0	1.4	bbox	2129	44.0	44.0	44.0	1905,817,3,4	39.3			
2131	2131	1.926	рюкзак-синий	4.5	51.6	снег-пересвеченный	0.952	90.4	-1.0	-10.0	10.0	bbox	2130	200.0	200.0	200.0	597,119,2,5	39.3			
2132	2132	1.743	стакан-марка-красная	11.0	30.0	снег-освещённый	0.180	79.8	0.0	1.0	1.0	bbox	2131	119.0	119.0	119.0	1881,1033,2,5	39.2			
2133	2133	1.867	стакан-марка-красная	14.0	17.8	снег-освещённый	0.532	67.6	-3.0	0.0	3.0	bbox	2132	173.0	173.0	173.0	363,159,4,4	39.2			
2134	2134	1.536	стакан-марка-красная	11.0	18.8	снег-розовый	0.406	68.6	0.0	2.0	2.0	bbox	2133	5.0	5.0	5.0	985,253,4,3	39.0			
2135	2135	1.401	стакан-марка-красная	11.2	2.7	снег-в-тени	0.891	52.5	0.0	-1.0	1.0	bbox	2134	134.0	134.0	134.0	721,375,4,4	39.0			
2136	2136	1.600	стакан-марка-красная	10.6	25.1	порода-в-тени	0.354	24.7	0.5	-0.5	0.7	bbox	2135	119.0	119.0	119.0	1593,0,2,7	38.9			
2137	2137	2.275	стакан-марка-красная	12.1	47.7	снег-пересвеченный	0.571	97.5	0.0	-4.0	4.0	bbox	2136	215.0	215.0	215.0	1879,665,6,3	38.9			
2138	2138	1.661	стакан-марка-красная	11.0	25.9	порода-в-тени	0.307	23.9	0.0	0.0	0.0	bbox	2137	19.0	19.0	19.0	1417,22,5,3	38.8			
2139	2139	1.706	стакан-марка-красная	11.4	26.3	снег-освещённый	0.326	76.1	0.0	-2.0	2.0	bbox	2138	146.0	146.0	146.0	1895,377,4,4	38.8			
2140	2140	1.208	рюкзак-синий	3.6	31.4	снег-в-тени	0.892	70.2	-1.0	-11.0	11.0	bbox	2139	202.0	202.0	202.0	105,75,4,6	38.8			
2141	2141	1.235	рюкзак-синий	5.0	29.8	снег-в-тени	0.765	68.6	1.0	-9.0	9.1	bbox	2140	205.0	205.0	206.0	929,513,5,2	38.8			
2142	2142	1.024	рюкзак-синий	7.6	10.6	снег-в-тени	0.868	28.2	4.0	-7.0	8.1	bbox	2141	246.0	246.0	246.0	0,83,5,2	38.8			
2143	2143	1.047	рюкзак-синий	6.0	20.4	порода-в-тени	0.981	18.4	1.5	-8.0	8.1	bbox	2142	188.0	188.0	188.0	241,1011,3,4	38.7			
2144	2144	1.505	стакан-марка-красная	12.0	0.4	снег-в-тени	1.009	49.4	-1.0	0.0	1.0	bbox	2143	38.0	38.0	38.0	1857,913,5,4	38.6			
2145	2145	1.956	рюкзак-синий	5.1	51.8	снег-пересвеченный	1.061	90.6	2.0	-9.0	9.2	bbox	2144	219.0	215.0	219.0	563,459,6,4	38.6			
2146	2146	1.960	стакан-марка-красная	15.7	3.3	корка-жёлтая-на-скале	0.971	53.1	-3.0	8.0	8.5	bbox	2145	60.0	60.0	60.0	1009,79,5,2	38.5			
2147	2147	1.878	стакан-марка-красная	11.7	32.9	снег-освещённый	0.401	82.7	0.0	-3.0	3.0	bbox	2146	128.0	128.0	128.0	1297,547,2,6	38.5			
2148	2148	1.181	рюкзак-синий	6.1	25.3	снег-в-тени	0.634	64.1	2.0	-8.0	8.2	bbox	2147	32.0	32.0	32.0	1709,165,4,4	38.1			
2149	2149	0.959	рюкзак-синий	5.5	18.7	снег-в-тени	1.119	57.5	6.5	-13.5	15.0	bbox	2148	60.0	60.0	60.0	607,47,6,2	38.1			
2150	2150	0.887	рюкзак-синий	6.7	8.1	снег-в-тени	0.501	46.9	4.0	-8.0	8.9	bbox	2149	183.0	183.0	183.0	1665,953,4,4	38.1			
2151	2151	1.505	стакан-марка-красная	12.0	0.4	снег-в-тени	1.009	49.4	-1.0	0.0	1.0	bbox	2150	19.0	19.0	19.0	1324,99,5,2	38.0			
2152	2152	1.762	рюкзак-синий	12.0	25.9	порода-в-тени	0.477	12.9	1.0	-2.0	2.2	bbox	2151	44.0	44.0	44.0	1308,105,3,5	38.0			
2153	2153	1.242	стакан-марка-красная	9.8	4.5	снег-розовый	1.213	45.3	2.0	5.0	5.4	bbox	2152	60.0	60.0	60.0	1761,257,4,4	38.0			
2154	2154	0.932	рюкзак-синий	5.6	17.3	снег-в-тени	0.302	56.1	0.0	-8.5	8.5	bbox	2153	203.0	203.0	203.0	628,155,3,4	37.7			
2155	2155	1.148	рюкзак-синий	6.0	24.3	снег-в-тени	0.562	63.1	1.0	-8.0	8.1	bbox	2154	24.0	24.0	24.0	123,39,6,2	37.6			
2156	2156	0.398	рюкзак-синий	3.2	1.4	снег-в-тени	1.044	40.2	4.0	-15.0	15.5	bbox	2155	75.0	74.0	75.0	309,961,2,8	37.6			
2157	2157	0.519	рюкзак-синий	3.6	7.2	снег-в-тени	1.320	31.6	3.0	-17.0	17.3	bbox	2156	215.0	215.0	215.0	621,169,6,2	37.6			
2158	2158	1.604	стакан-марка-красная	11.0	23.1	снег-розовый	0.325	72.9	0.0	1.0	1.0	bbox	2157	251.0	251.0	251.0	1599,85,5,2	37.5			
2159	2159	1.512	стакан-марка-красная	12.0	3.9	порода-в-тени	0.927	45.9	-1.0	0.0	1.0	bbox	2158	9.0	9.0	9.0	1174,97,5,2	37.3			
2160	2160	1.843	рюкзак-синий	3.6	50.0	снег-пересвеченный	1.330	88.8	3.0	-11.0	11.4	bbox	2159	215.0	215.0	215.0	363,57,4,4	37.2			
2161	2161	1.612	стакан-марка-красная	10.2	27.6	порода-в-тени	0.380	22.2	1.0	-1.0	1.4	bbox	2160	19.0	19.0	26.0	531,71,6,2	37.0			
2162	2162	2.049	стакан-марка-красная	16.1	10.4	корка-жёлтая-на-скале	0.890	39.4	-3.0	9.0	9.5	bbox	2161	5.0	5.0	5.0	793,25,4,2	36.9			
2163	2163	0.988	рюкзак-синий	7.4	9.4	снег-в-тени	0.753	48.2	6.0	-8.5	10.4	bbox	2162	11.0	11.0	11.0	561,119,6,2	36.9			
2164	2164	1.398	стакан-марка-красная	11.2	1.4	снег-в-тени	0.875	48.4	0.0	-1.0	1.0	bbox	2163	135.0	134.0	135.0	1013,775,6,2	36.9			
2165	2165	1.408	стакан-марка-красная	11.2	4.7	снег-в-тени	0.880	45.1	0.0	-1.0	1.0	bbox	2164	154.0	154.0	154.0	1123,337,6,2	36.9			
2166	2166	0.869	рюкзак-синий	6.5	8.6	снег-в-тени	0.644	30.2	1.0	-7.5	7.6	bbox	2165	157.0	157.0	157.0	1605,75,5,2	36.9			
2167	2167	0.911	рюкзак-синий	6.7	10.0	снег-в-тени	0.842	28.8	4.0	-8.0	8.9	bbox	2166	10.0	9.0	10.0	847,603,4,3	36.8			
2168	2168	0.654	рюкзак-синий	4.0	11.8	снег-в-тени	0.297	50.6	1.0	-10.0	10.0	bbox	2167	228.0	228.0	228.0	1509,689,4,4	36.8			
2169	2169	1.496	стакан-марка-красная	11.2	14.9	снег-освещённый	0.601	64.7	0.0	-1.0	1.0	bbox	2168	122.0	122.0	122.0	1547,545,6,2	36.7			
2170	2170	1.398	рюкзак-синий	11.2	0.8	порода-в-тени	0.689	38.0	-1.0	-3.0	3.2	bbox	2169	207.0	207.0	207.0	507,851,6,2	36.7			
2171	2171	0.996	рюкзак-синий	5.8	19.0	снег-в-тени	1.125	19.8	4.0	-9.0	9.8	bbox	2170	61.0	61.0	61.0	341,187,5,2	36.5			
2172	2172	0.743	рюкзак-синий	5.6	7.1	снег-в-тени	0.093	45.9	0.0	-8.5	8.5	bbox	2171	7.0	7.0	7.0	1823,771,2,6	36.4			
2173	2173	1.704	стакан-марка-красная	13.2	12.5	порода-охристая	0.453	37.3	9.0	14.0	16.6	bbox	2172	71.0	71.0	71.0	1799,1073,8,2	36.2			
2174	2174	1.493	стакан-марка-красная	11.0	16.3	снег-розовый	0.497	66.1	0.0	1.0	1.0	bbox	2173	123.0	123.0	123.0	1859,997,4,3	36.2			
2175	2175	1.294	стакан-марка-красная	10.2	6.3	снег-розовый	0.864	56.1	1.0	-1.0	1.4	bbox	2174	145.0	145.0	145.0	1747,715,4,6	36.2			
2176	2176	1.426	стакан-марка-красная	11.4	1.2	снег-в-тени	0.751	48.6	0.0	-2.0	2.0	bbox	2175	191.0	191.0	191.0	1573,535,8,2	36.2			
2177	2177	1.404	стакан-марка-красная	11.2	3.7	снег-в-тени	0.877	46.1	0.0	-1.0	1.0	bbox	2176	18.0	18.0	18.0	1627,191,6,2	36.1			
2178	2178	0.685	рюкзак-синий	3.0	16.1	снег-в-тени	1.443	22.7	1.0	-17.0	17.0	bbox	2177	212.0	212.0	212.0	109,1042,4,3	36.0			
2179	2179	1.645	стакан-марка-красная	13.2	1.4	снег-в-тени	0.918	51.2	-2.0	-1.0	2.2	bbox	2178	160.0	160.0	161.0	111,243,6,2	35.9			
2180	2180	0.667	рюкзак-синий	5.1	5.5	снег-в-тени	0.306	44.3	2.0	-9.0	9.2	bbox	2179	192.0	192.0	192.0	1004,97,3,5	35.9			
2181	2181	1.465	стакан-марка-красная	11.6	5.9	порода-в-тени	0.863	43.9	-0.5	-0.5	0.7	bbox	2180	128.0	128.0	128.0	683,1059,4,3	35.7			
2182	2182	0.558	рюкзак-синий	1.5	14.7	снег-в-тени	0.780	53.5	-0.5	-14.0	14.0	bbox	2181	174.0	174.0	174.0	1911,769,3,4	35.7			
2183	2183	0.794	рюкзак-синий	6.2	5.1	снег-в-тени	1.155	33.7	7.0	-12.5	14.3	bbox	2182	109.0	109.0	109.0	1232,61,4,3	35.6			
2184	2184	2.099	стакан-марка-красная	10.8	45.1	снег-пересвеченный	0.644	94.9	1.0	-3.0	3.2	bbox	2183	119.0	119.0	119.0	1741,845,4,4	35.5			
2185	2185	0.897	рюкзак-синий	5.9	14.5	снег-в-тени	0.242	53.3	-1.0	-8.5	8.6	bbox	2184	101.0	99.0	101.0	1243,113,6,2	35.4			
2186	2186	0.625	рюкзак-синий	5.0	0.6	снег-в-тени	0.385	38.2	1.0	-9.0	9.1	bbox	2185	258.0	258.0	258.0	909,535,2,5	35.4			
2187	2187	0.809	рюкзак-синий	5.6	11.4	снег-в-тени	0.106	50.2	0.0	-8.5	8.5	bbox	2186	229.0	229.0	229.0	269,57,4,6	35.1			
2188	2188	0.735	рюкзак-синий	2.2	19.0	снег-в-тени	1.062	57.8	0.0	-16.0	16.0	bbox	2187	202.0	202.0	202.0	679,145,4,4	34.9			
2189	2189	1.389	стакан-марка-красная	10.9	7.3	снег-в-тени	0.822	57.1	0.5	-2.0	2.1	bbox	2188	110.0	110.0	110.0	537,1061,4,4	34.8			
2190	2190	1.521	стакан-марка-красная	12.2	0.6	снег-в-тени	0.885	49.2	-1.0	-1.0	1.4	bbox	2189	142.0	142.0	142.0	77,565,4,4	34.8			
2191	2191	0.285	рюкзак-синий	2.2	1.6	снег-в-тени	1.034	40.4	0.0	-16.0	16.0	bbox	2190	203.0	203.0	203.0	1117,1005,3,4	34.8			
2192	2192	1.338	рюкзак-синий	9.1	20.0	порода-в-тени	0.709	18.8	2.0	-5.0	5.4	bbox	2191	242.0	242.0	242.0	1025,749,3,5	34.8			
2193	2193	0.888	рюкзак-синий	7.1	2.3	снег-в-тени	0.423	36.5	0.0	-7.0	7.0	bbox	2192	171.0	171.0	171.0	85,485,4,4	34.7			
2194	2194	0.793	рюкзак-синий	6.1	6.3	снег-в-тени	0.096	45.1	0.0	-8.0	8.0	bbox	2193	255.0	255.0	256.0	211,869,2,6	34.7			
2195	2195	0.857	рюкзак-синий	6.4	8.6	снег-в-тени	0.895	30.2	5.0	-9.0	10.3	bbox	2194	11.0	11.0	11.0	1244,147,3,3	34.6			
2196	2196	1.115	рюкзак-синий	5.6	24.3	снег-в-тени	0.592	63.1	-1.5	-9.0	9.1	bbox	2195	202.0	202.0	202.0	348,991,5,4	34.6			
2197	2197	0.481	рюкзак-синий	3.0	8.3	снег-в-тени	0.954	47.1	4.0	-14.5	15.0	bbox	2196	207.0	207.0	207.0	337,117,3,4	34.6			
2198	2198	1.776	рюкзак-синий	12.0	26.6	порода-в-тени	0.493	12.2	1.0	-2.0	2.2	bbox	2197	27.0	27.0	27.0	1325,979,3,4	34.5			
2199	2199	0.332	рюкзак-синий	2.5	2.6	снег-в-тени	0.528	41.4	1.5	-11.5	11.6	bbox	2198	214.0	214.0	214.0	706,381,7,2	34.5			
2200	2200	0.958	рюкзак-синий	6.1	16.3	снег-в-тени	0.261	55.1	0.0	-8.0	8.0	bbox	2199	74.0	74.0	74.0	1599,449,5,2	34.4			
2201	2201	1.086	рюкзак-синий	6.2	21.3	порода-в-тени	0.901	17.5	-0.5	-8.0	8.0	bbox	2200	192.0	192.0	192.0	826,605,3,4	34.4			
2202	2202	1.307	стакан-марка-красная	10.4	2.2	снег-в-тени	0.775	52.0	1.0	-2.0	2.2	bbox	2201	34.0	34.0	34.0	469,745,4,4	34.3			
2203	2203	1.706	стакан-марка-красная	13.2	12.7	порода-охристая	0.453	37.1	9.0	14.0	16.6	bbox	2202	71.0	71.0	71.0	1697,929,3,4	34.3			
2204	2204	1.057	рюкзак-синий	6.3	19.6	снег-в-тени	0.534	58.4	3.0	-8.0	8.5	bbox	2203	166.0	166.0	166.0	853,561,4,4	34.3			
2205	2205	0.929	рюкзак-синий	6.1	14.9	снег-в-тени	0.212	53.7	0.0	-8.0	8.0	bbox	2204	229.0	229.0	229.0	241,749,4,4	34.3			
2206	2206	1.437	стакан-марка-красная	11.2	9.4	порода-в-тени	0.757	40.4	0.0	-1.0	1.0	bbox	2205	9.0	9.0	9.0	1233,541,5,2	34.2			
2207	2207	1.702	рюкзак-синий	10.0	32.1	порода-в-тени	0.666	6.7	0.0	-4.0	4.0	bbox	2206	213.0	213.0	213.0	659,915,4,5	34.2			
2208	2208	0.449	рюкзак-синий	3.0	6.7	снег-в-тени	0.389	45.5	0.5	-11.0	11.0	bbox	2207	7.0	7.0	7.0	1773,972,2,5	34.1			
2209	2209	1.579	стакан-марка-красная	12.5	6.3	снег-в-тени	0.759	56.1	-1.0	-2.5	2.7	bbox	2208	147.0	147.0	147.0	713,341,4,4	34.1			
2210	2210	1.030	рюкзак-синий	8.1	4.5	снег-в-тени	0.303	43.3	-0.5	-6.0	6.0	bbox	2209	169.0	169.0	169.0	1133,633,4,5	34.1			
2211	2211	1.451	рюкзак-синий	8.0	29.4	снег-в-тени	0.782	68.2	1.0	-6.0	6.1	bbox	2210	198.0	198.0	198.0	1748,815,3,3	34.0			
2212	2212	0.695	рюкзак-синий	5.5	2.8	снег-в-тени	0.263	41.6	1.0	-8.5	8.6	bbox	2211	214.0	214.0	214.0	9,805,3,4	34.0			
2213	2213	1.083	стакан-марка-красная	5.1	24.5	порода-в-тени	1.082	25.3	6.0	2.0	6.3	bbox	2212	1.0	1.0	1.0	169,723,8,2	33.9			
2214	2214	0.979	рюкзак-синий	5.4	19.8	снег-в-тени	0.873	58.6	5.5	-11.0	12.3	bbox	2213	5.0	5.0	5.0	916,229,5,2	33.7			
2215	2215	1.367	рюкзак-синий	6.0	32.0	снег-в-тени	0.830	70.8	1.0	-8.0	8.1	bbox	2214	232.0	232.0	232.0	697,672,4,5	33.7			
2216	2216	1.631	стакан-марка-красная	13.0	2.0	снег-розовый	1.049	51.8	-2.0	2.0	2.8	bbox	2215	35.0	35.0	35.0	1831,1077,3,3	33.6			
2217	2217	1.841	стакан-марка-красная	11.0	34.1	порода-в-тени	0.326	15.7	0.0	0.0	0.0	bbox	2216	64.0	64.0	64.0	625,157,5,4	33.6			
2218	2218	1.366	стакан-марка-красная	10.9	1.4	снег-в-тени	0.753	48.4	0.5	-2.0	2.1	bbox	2217	163.0	163.0	163.0	177,923,6,2	33.5			
2219	2219	1.302	рюкзак-синий	10.2	7.4	порода-в-тени	0.557	31.4	-1.0	-4.0	4.1	bbox	2218	171.0	171.0	171.0	22,133,3,5	33.5			
2220	2220	1.061	рюкзак-синий	5.8	21.6	снег-в-тени	0.530	60.4	-2.0	-9.0	9.2	bbox	2219	202.0	202.0	202.0	392,345,7,3	33.5			
2221	2221	0.998	рюкзак-синий	6.2	17.7	снег-в-тени	0.316	56.5	-0.5	-8.0	8.0	bbox	2220	256.0	256.0	256.0	225,719,4,4	33.5			
2222	2222	1.833	рюкзак-синий	13.0	23.5	порода-в-тени	0.309	15.3	0.0	-1.0	1.0	bbox	2221	36.0	36.0	36.0	361,267,4,6	33.3			
2223	2223	1.893	стакан-марка-красная	14.3	17.3	порода-в-тени	1.090	32.5	-2.0	7.0	7.3	bbox	2222	61.0	61.0	61.0	697,769,2,6	33.3			
2224	2224	1.608	рюкзак-синий	9.0	32.2	снег-освещённый	0.759	71.0	1.0	-5.0	5.1	bbox	2223	183.0	183.0	183.0	1899,641,2,4	33.0			
2225	2225	1.465	стакан-марка-красная	11.2	12.3	порода-в-тени	0.658	37.5	0.0	-1.0	1.0	bbox	2224	198.0	198.0	198.0	1617,945,2,6	32.9			
2226	2226	1.742	рюкзак-синий	10.1	33.6	снег-освещённый	0.587	72.4	-0.5	-4.0	4.0	bbox	2225	192.0	192.0	192.0	1889,997,4,3	32.8			
2227	2227	0.845	рюкзак-синий	5.0	15.9	снег-в-тени	0.769	54.7	5.0	-11.0	12.1	bbox	2226	27.0	27.0	27.0	571,177,4,2	32.6			
2228	2228	1.684	палка-ручка-контроль	11.0	27.0	порода-охристая	0.760	30.6	7.0	15.0	16.6	bbox	2227	79.0	79.0	79.0	1171,313,4,4	32.6			
2229	2229	0.822	рюкзак-синий	6.0	9.4	снег-в-тени	0.126	48.2	1.0	-8.0	8.1	bbox	2228	258.0	258.0	258.0	1623,999,8,2	32.6			
2230	2230	2.239	стакан-марка-красная	11.7	47.5	снег-пересвеченный	0.554	97.3	0.0	-3.0	3.0	bbox	2229	61.0	61.0	61.0	1506,792,3,5	32.5			
2231	2231	1.630	палка-ручка-контроль	11.2	23.5	корка-жёлтая-на-скале	0.699	34.1	4.0	15.0	15.5	bbox	2230	78.0	78.0	78.0	257,1049,6,4	32.5			
2232	2232	1.433	стакан-марка-красная	11.2	8.8	порода-в-тени	0.776	41.0	0.0	-1.0	1.0	bbox	2231	230.0	230.0	230.0	1653,123,4,4	32.5			
2233	2233	1.379	рюкзак-синий	3.6	36.5	снег-в-тени	1.059	75.3	-1.0	-11.0	11.0	bbox	2232	202.0	202.0	202.0	441,11,4,3	32.4			
2234	2234	1.562	стакан-марка-красная	12.1	11.0	снег-освещённый	0.718	60.8	-1.0	-0.5	1.1	bbox	2233	11.0	11.0	11.0	1913,1069,2,4	32.3			
2235	2235	1.782	стакан-марка-красная	11.0	31.8	порода-в-тени	0.363	18.0	0.0	1.0	1.0	bbox	2234	43.0	43.0	43.0	1821,1077,3,3	32.3			
2236	2236	0.707	рюкзак-синий	5.1	8.2	снег-в-тени	1.021	30.6	5.5	-11.5	12.7	bbox	2235	67.0	67.0	67.0	149,751,4,2	32.3			
2237	2237	1.818	стакан-марка-красная	11.2	32.6	снег-освещённый	0.185	82.4	0.0	-1.0	1.0	bbox	2236	119.0	119.0	119.0	1833,993,3,4	32.3			
2238	2238	1.530	стакан-марка-красная	11.0	18.4	порода-в-тени	0.481	31.4	0.0	0.0	0.0	bbox	2237	122.0	118.0	122.0	1653,1015,2,4	32.3			
2239	2239	0.911	рюкзак-синий	6.0	14.5	снег-в-тени	0.848	24.3	1.0	-8.0	8.1	bbox	2238	151.0	151.0	151.0	1275,42,3,5	32.3			
2240	2240	1.256	рюкзак-синий	3.6	32.8	снег-в-тени	1.195	71.6	4.5	-13.0	13.8	bbox	2239	212.0	212.0	212.0	1807,610,6,3	32.3			
2241	2241	1.775	стакан-марка-красная	11.1	31.0	порода-в-тени	0.264	18.8	0.0	-0.5	0.5	bbox	2240	24.0	24.0	24.0	17,582,4,2	32.2			
2242	2242	1.828	стакан-марка-красная	11.0	33.7	порода-в-тени	0.386	16.1	0.0	1.0	1.0	bbox	2241	44.0	44.0	44.0	1825,233,4,6	32.2			
2243	2243	1.043	рюкзак-синий	2.8	27.5	снег-в-тени	1.205	66.3	-1.0	-16.0	16.0	bbox	2242	73.0	73.0	73.0	1762,827,3,4	32.2			
2244	2244	0.965	стакан-марка-красная	5.0	20.6	снег-розовый	0.576	70.4	6.0	1.0	6.1	bbox	2243	95.0	95.0	95.0	6,13,3,4	32.2			
2245	2245	0.869	рюкзак-синий	6.1	11.8	снег-в-тени	0.100	50.6	0.0	-8.0	8.0	bbox	2244	229.0	229.0	229.0	1883,58,4,3	32.2			
2246	2246	2.225	стакан-марка-красная	12.0	45.9	снег-освещённый	0.587	95.7	-1.0	2.0	2.2	bbox	2245	61.0	61.0	61.0	1151,483,3,3	32.1			
2247	2247	1.688	стакан-марка-красная	10.2	31.0	порода-в-тени	0.379	18.8	1.0	-1.0	1.4	bbox	2246	123.0	123.0	123.0	861,942,4,3	32.0			
2248	2248	1.529	стакан-марка-красная	10.5	22.0	порода-в-тени	0.480	27.8	0.5	1.0	1.1	bbox	2247	173.0	173.0	173.0	691,581,4,5	32.0			
2249	2249	1.968	стакан-марка-красная	12.0	35.7	порода-в-тени	0.358	14.1	-1.0	1.0	1.4	bbox	2248	5.0	5.0	5.0	1917,713,3,6	31.9			
2250	2250	0.861	рюкзак-синий	5.4	14.9	снег-в-тени	0.811	53.7	5.5	-11.0	12.3	bbox	2249	118.0	118.0	118.0	817,121,4,2	31.9			
2251	2251	1.027	рюкзак-синий	7.3	13.3	снег-в-тени	0.889	25.5	3.0	-7.0	7.6	bbox	2250	12.0	12.0	12.0	1651,309,3,3	31.8			
2252	2252	1.310	рюкзак-синий	9.1	18.5	снег-в-тени	0.505	57.3	0.0	-5.0	5.0	bbox	2251	185.0	185.0	185.0	1386,533,6,4	31.7			
2253	2253	1.186	стакан-марка-красная	9.2	7.8	снег-в-тени	0.759	57.6	5.0	-6.0	7.8	bbox	2252	212.0	212.0	212.0	898,865,3,4	31.7			
2254	2254	1.932	стакан-марка-красная	14.3	20.4	снег-освещённый	0.518	70.2	-3.0	-2.0	3.6	bbox	2253	215.0	215.0	215.0	307,1037,4,2	31.7			
2255	2255	2.102	стакан-марка-красная	11.0	44.5	снег-освещённый	0.514	94.3	0.0	1.0	1.0	bbox	2254	63.0	63.0	63.0	1504,618,3,4	31.6			
2256	2256	0.956	рюкзак-синий	5.6	18.3	снег-в-тени	0.337	57.1	0.0	-8.5	8.5	bbox	2255	256.0	256.0	256.0	1913,185,7,2	31.6			
2257	2257	1.386	рюкзак-синий	7.2	29.6	снег-в-тени	0.750	68.4	-0.5	-7.0	7.0	bbox	2256	181.0	181.0	185.0	1235,857,2,4	31.5			
2258	2258	1.018	рюкзак-синий	6.0	19.2	порода-в-тени	0.930	19.6	0.5	-8.0	8.0	bbox	2257	242.0	242.0	242.0	1524,95,3,4	31.5			
2259	2259	1.353	рюкзак-синий	3.6	35.7	снег-в-тени	1.033	74.5	-1.0	-11.0	11.0	bbox	2258	202.0	202.0	202.0	193,355,5,2	31.4			
2260	2260	0.702	рюкзак-синий	5.5	3.5	снег-в-тени	0.488	35.3	1.5	-8.5	8.6	bbox	2259	255.0	255.0	255.0	793,281,4,4	31.4			
2261	2261	0.660	рюкзак-синий	5.0	5.9	снег-в-тени	0.208	44.7	1.0	-9.0	9.1	bbox	2260	192.0	192.0	192.0	1001,605,4,4	31.2			
2262	2262	1.706	стакан-марка-красная	11.5	25.5	порода-в-тени	0.265	24.3	-0.5	0.0	0.5	bbox	2261	28.0	28.0	28.0	163,1044,2,5	31.1			
2263	2263	1.381	стакан-марка-красная	11.0	0.4	снег-в-тени	1.002	49.4	0.0	0.0	0.0	bbox	2262	69.0	69.0	69.0	1194,201,3,3	31.1			
2264	2264	1.903	стакан-марка-красная	12.5	30.2	снег-освещённый	0.505	80.0	-0.5	-4.0	4.0	bbox	2263	114.0	114.0	114.0	1869,549,4,5	31.1			
2265	2265	1.739	рюкзак-синий	8.0	39.8	снег-освещённый	0.794	78.6	1.0	-6.0	6.1	bbox	2264	181.0	181.0	181.0	1553,353,3,4	31.1			
2266	2266	0.914	рюкзак-синий	7.0	7.4	снег-в-тени	0.613	31.4	1.0	-7.0	7.1	bbox	2265	203.0	203.0	203.0	434,416,3,3	31.1			
2267	2267	1.051	рюкзак-синий	7.1	15.9	снег-в-тени	0.373	54.7	2.0	-7.0	7.3	bbox	2266	162.0	162.0	162.0	1378,19,7,4	31.0			
2268	2268	1.215	рюкзак-синий	6.0	26.7	снег-в-тени	0.635	65.5	0.5	-8.0	8.0	bbox	2267	255.0	255.0	255.0	1893,1011,6,2	30.9			
2269	2269	2.257	стакан-марка-красная	11.2	49.6	снег-пересвеченный	0.642	99.4	0.0	-1.0	1.0	bbox	2268	206.0	206.0	206.0	1244,241,4,4	30.8			
2270	2270	1.778	стакан-марка-красная	11.0	31.4	порода-в-тени	0.288	18.4	0.0	0.0	0.0	bbox	2269	33.0	33.0	33.0	1669,409,3,4	30.7			
2271	2271	1.325	рюкзак-синий	7.0	27.9	снег-в-тени	0.697	66.7	1.0	-7.0	7.1	bbox	2270	141.0	141.0	142.0	173,85,7,2	30.7			
2272	2272	0.834	рюкзак-синий	6.3	8.0	снег-в-тени	0.789	30.8	4.0	-8.5	9.4	bbox	2271	148.0	148.0	148.0	393,545,4,4	30.7			
2273	2273	1.689	стакан-марка-красная	11.0	27.3	порода-в-тени	0.290	22.5	0.0	0.0	0.0	bbox	2272	12.0	12.0	12.0	1774,527,5,4	30.6			
2274	2274	1.527	стакан-марка-красная	12.2	3.7	снег-в-тени	0.907	53.5	-1.0	-1.0	1.4	bbox	2273	35.0	35.0	35.0	1761,387,2,4	30.5			
2275	2275	0.892	рюкзак-синий	6.4	11.0	снег-в-тени	0.641	49.8	5.0	-9.0	10.3	bbox	2274	35.0	35.0	35.0	1083,485,3,3	30.5			
2276	2276	1.824	стакан-марка-красная	11.0	33.5	порода-в-тени	0.345	16.3	0.0	0.5	0.5	bbox	2275	43.0	43.0	43.0	1659,1013,6,2	30.5			
2277	2277	1.797	стакан-марка-красная	13.2	19.6	порода-охристая	0.569	30.2	8.5	14.0	16.4	bbox	2276	79.0	79.0	79.0	1282,243,5,2	30.5			
2278	2278	1.139	рюкзак-синий	5.4	25.7	снег-в-тени	1.081	64.5	6.0	-12.0	13.4	bbox	2277	45.0	45.0	45.0	1163,77,4,2	30.4			
2279	2279	1.403	стакан-марка-красная	11.0	7.7	снег-розовый	0.785	57.5	0.0	0.5	0.5	bbox	2278	45.0	45.0	45.0	965,369,4,2	30.4			
2280	2280	0.686	рюкзак-синий	3.2	15.7	снег-в-тени	1.150	54.5	0.0	-17.0	17.0	bbox	2279	73.0	73.0	73.0	553,449,6,2	30.3			
2281	2281	0.969	палка-ручка-контроль	7.6	5.1	лишайник-жёлтый-на-камне	1.021	52.5	9.0	19.0	21.0	bbox	2280	80.0	80.0	80.0	39,985,2,8	30.3			
2282	2282	1.074	палка-ручка-контроль	8.5	3.1	лишайник-жёлтый-на-камне	0.967	54.5	9.0	18.0	20.1	bbox	2281	80.0	80.0	80.0	39,1049,2,8	30.3			
2283	2283	1.482	рюкзак-синий	7.3	32.8	снег-в-тени	0.936	71.6	3.0	-7.0	7.6	bbox	2282	131.0	131.0	131.0	465,185,6,2	30.3			
2284	2284	0.646	рюкзак-синий	4.5	9.0	снег-в-тени	0.451	47.8	3.0	-10.0	10.4	bbox	2283	183.0	183.0	183.0	1917,517,3,4	30.3			
2285	2285	0.929	рюкзак-синий	6.1	14.9	снег-в-тени	0.212	53.7	0.0	-8.0	8.0	bbox	2284	258.0	258.0	258.0	1835,1031,2,6	30.3			
2286	2286	1.446	стакан-марка-красная	11.0	12.5	порода-в-тени	0.698	37.3	0.0	1.0	1.0	bbox	2285	9.0	9.0	9.0	1179,283,3,3	30.2			
2287	2287	1.398	стакан-марка-красная	11.2	0.6	снег-в-тени	0.876	49.2	0.0	-1.0	1.0	bbox	2286	19.0	19.0	19.0	985,107,4,2	30.2			
2288	2288	1.126	стакан-марка-красная	9.0	1.0	снег-розовый	1.035	48.8	2.0	1.0	2.2	bbox	2287	100.0	100.0	100.0	1911,143,2,8	30.2			
2289	2289	1.710	стакан-марка-красная	11.0	28.2	порода-в-тени	0.283	21.6	0.0	0.0	0.0	bbox	2288	118.0	118.0	118.0	1602,160,3,3	30.2			
2290	2290	1.133	рюкзак-синий	9.1	1.2	снег-в-тени	0.522	37.6	0.0	-5.0	5.0	bbox	2289	139.0	139.0	139.0	266,243,4,4	30.2			
2291	2291	1.223	стакан-марка-красная	9.0	13.3	снег-розовый	0.550	63.1	2.0	0.5	2.1	bbox	2290	5.0	5.0	5.0	973,315,4,2	30.1			
2292	2292	1.421	стакан-марка-красная	11.0	9.4	снег-розовый	0.746	59.2	0.0	0.0	0.0	bbox	2291	45.0	45.0	45.0	1356,133,3,3	30.1			
2293	2293	0.892	рюкзак-синий	4.1	20.4	снег-в-тени	1.078	18.4	0.0	-10.0	10.0	bbox	2292	215.0	215.0	215.0	691,1033,2,4	30.0			
2294	2294	1.685	стакан-марка-красная	12.6	16.3	снег-освещённый	0.646	66.1	-1.0	-3.0	3.2	bbox	2293	240.0	240.0	240.0	421,923,4,2	29.9			
2295	2295	0.452	рюкзак-синий	3.5	3.2	снег-в-тени	0.396	42.0	1.0	-10.5	10.5	bbox	2294	214.0	214.0	214.0	729,481,6,2	29.7			
2296	2296	1.883	стакан-марка-красная	12.6	28.6	снег-освещённый	0.384	78.4	-1.0	-3.0	3.2	bbox	2295	240.0	240.0	240.0	753,521,3,3	29.6			
2297	2297	1.802	стакан-марка-красная	11.0	32.5	порода-в-тени	0.332	17.3	0.0	0.5	0.5	bbox	2296	32.0	32.0	32.0	1151,104,2,5	29.5			
2298	2298	1.665	рюкзак-синий	11.0	26.1	порода-в-тени	0.447	12.7	0.0	-3.0	3.0	bbox	2297	69.0	69.0	69.0	586,946,4,3	29.5			
2299	2299	1.823	рюкзак-синий	10.2	36.5	снег-освещённый	0.537	75.3	-1.0	-4.0	4.1	bbox	2298	144.0	144.0	144.0	0,628,3,3	29.5			
2300	2300	0.993	рюкзак-синий	6.1	17.9	снег-в-тени	0.317	56.7	0.0	-8.0	8.0	bbox	2299	256.0	256.0	256.0	99,809,4,4	29.5			
2301	2301	1.528	стакан-марка-красная	12.2	4.3	снег-в-тени	0.912	54.1	-1.0	-1.0	1.4	bbox	2300	32.0	32.0	32.0	622,0,3,3	29.4			
2302	2302	2.027	стакан-марка-красная	14.3	26.7	снег-розовый	0.801	76.5	-2.0	7.0	7.3	bbox	2301	98.0	98.0	98.0	444,354,3,3	29.4			
2303	2303	1.456	рюкзак-синий	7.6	30.8	снег-в-тени	0.867	69.6	-3.0	-7.5	8.1	bbox	2302	205.0	205.0	205.0	1186,539,4,2	29.4			
2304	2304	1.305	рюкзак-синий	10.2	7.8	порода-в-тени	0.547	31.0	-1.0	-4.0	4.1	bbox	2303	259.0	258.0	259.0	952,796,3,3	29.4			
2305	2305	1.443	стакан-марка-красная	11.0	11.8	снег-розовый	0.673	61.6	0.0	0.0	0.0	bbox	2304	33.0	33.0	33.0	264,100,3,4	29.3			
2306	2306	1.778	стакан-марка-красная	10.2	34.7	порода-в-тени	0.420	15.1	1.0	-1.0	1.4	bbox	2305	45.0	45.0	45.0	1147,1044,2,5	29.2			
2307	2307	0.919	рюкзак-синий	5.7	16.3	снег-в-тени	1.079	22.5	4.5	-9.5	10.5	bbox	2306	62.0	62.0	62.0	283,29,4,2	29.2			
2308	2308	1.752	стакан-марка-красная	10.8	31.2	снег-освещённый	0.729	81.0	2.0	-5.0	5.4	bbox	2307	185.0	185.0	185.0	1703,1037,4,4	29.2			
2309	2309	0.661	рюкзак-синий	5.1	4.9	снег-в-тени	0.192	43.7	0.0	-9.0	9.0	bbox	2308	259.0	259.0	259.0	1365,557,4,2	29.2			
2310	2310	1.776	стакан-марка-красная	12.7	22.0	порода-в-тени	0.992	27.8	-0.5	6.5	6.5	bbox	2309	78.0	78.0	78.0	1739,594,4,3	29.1			
2311	2311	1.600	стакан-марка-красная	12.7	6.7	порода-в-тени	0.814	43.1	-1.5	-1.0	1.8	bbox	2310	9.0	9.0	9.0	819,441,4,2	29.0			
2312	2312	1.654	стакан-марка-красная	11.0	25.5	снег-розовый	0.263	75.3	0.0	2.0	2.0	bbox	2311	98.0	98.0	98.0	100,562,3,3	29.0			
2313	2313	1.825	рюкзак-синий	2.7	50.2	снег-пересвеченный	1.564	89.0	3.5	-13.0	13.5	bbox	2312	215.0	215.0	215.0	229,1039,4,2	29.0			
2314	2314	0.966	рюкзак-синий	7.2	10.2	снег-в-тени	0.146	49.0	-0.5	-7.0	7.0	bbox	2313	214.0	214.0	214.0	783,447,2,4	28.9			
2315	2315	1.165	рюкзак-синий	6.1	24.7	снег-в-тени	0.615	63.5	2.0	-8.0	8.2	bbox	2314	22.0	20.0	22.0	323,236,4,3	28.8			
2316	2316	1.656	стакан-марка-красная	9.7	31.8	порода-в-тени	0.854	18.0	2.0	4.5	4.9	bbox	2315	78.0	78.0	78.0	1675,563,3,4	28.8			
2317	2317	1.305	рюкзак-синий	10.2	7.8	порода-в-тени	0.547	31.0	-1.0	-4.0	4.1	bbox	2316	171.0	171.0	171.0	106,91,3,3	28.7			
2318	2318	0.582	рюкзак-синий	1.4	15.5	снег-в-тени	0.939	54.3	2.0	-15.0	15.1	bbox	2317	213.0	213.0	213.0	867,101,6,2	28.7			
2319	2319	0.792	рюкзак-синий	4.5	15.7	снег-в-тени	1.203	54.5	5.0	-16.0	16.8	bbox	2318	213.0	213.0	213.0	1097,120,3,3	28.7			
2320	2320	1.384	стакан-марка-красная	11.0	4.3	снег-розовый	0.884	54.1	0.0	1.0	1.0	bbox	2319	27.0	27.0	27.0	925,99,4,2	28.5			
2321	2321	1.531	стакан-марка-красная	10.2	23.7	порода-в-тени	0.426	26.1	1.0	-1.0	1.4	bbox	2320	109.0	109.0	109.0	1032,457,2,4	28.5			
2322	2322	1.755	рюкзак-синий	6.7	43.2	снег-освещённый	1.180	82.0	4.0	-8.0	8.9	bbox	2321	109.0	109.0	109.0	583,482,4,5	28.5			
2323	2323	1.495	рюкзак-синий	7.0	33.9	снег-в-тени	0.908	72.7	1.0	-7.0	7.1	bbox	2322	182.0	182.0	182.0	1773,203,3,4	28.4			
2324	2324	1.680	стакан-марка-красная	9.5	33.3	порода-в-тени	0.534	16.5	2.0	-2.0	2.8	bbox	2323	10.0	10.0	10.0	761,916,2,5	28.3			
2325	2325	0.730	рюкзак-синий	5.5	6.8	снег-в-тени	0.583	32.0	1.0	-8.5	8.6	bbox	2324	256.0	256.0	256.0	937,967,4,4	28.2			
2326	2326	1.809	рюкзак-синий	13.2	21.2	порода-в-тени	0.159	17.6	-1.0	-1.0	1.4	bbox	2325	18.0	18.0	18.0	1573,677,4,2	28.1			
2327	2327	1.467	палка-ручка-контроль	11.2	12.5	порода-охристая	0.669	45.1	8.0	15.0	17.0	bbox	2326	83.0	83.0	83.0	307,439,4,4	28.1			
2328	2328	1.518	стакан-марка-красная	10.8	19.6	снег-освещённый	0.607	69.4	1.0	-3.0	3.2	bbox	2327	163.0	163.0	163.0	397,1025,2,5	28.1			
2329	2329	1.345	рюкзак-синий	5.1	33.2	снег-в-тени	0.907	72.0	2.0	-9.0	9.2	bbox	2328	22.0	20.0	22.0	191,125,2,4	28.0			
2330	2330	1.513	стакан-марка-красная	12.0	5.5	снег-розовый	0.889	55.3	-1.0	1.0	1.4	bbox	2329	44.0	44.0	44.0	725,37,4,2	28.0			
2331	2331	0.793	рюкзак-синий	3.2	19.2	снег-в-тени	0.524	58.0	0.0	-11.0	11.0	bbox	2330	75.0	75.0	75.0	1668,1046,3,5	28.0			
2332	2332	1.375	стакан-марка-красная	10.8	7.8	снег-в-тени	0.671	42.0	1.0	-3.0	3.2	bbox	2331	130.0	130.0	130.0	1045,107,2,3	27.9			
2333	2333	0.661	рюкзак-синий	5.1	4.9	снег-в-тени	0.192	43.7	0.0	-9.0	9.0	bbox	2332	143.0	143.0	143.0	219,27,4,2	27.9			
2334	2334	0.727	рюкзак-синий	3.2	17.1	снег-в-тени	0.851	55.9	4.0	-13.0	13.6	bbox	2333	157.0	157.0	161.0	575,133,4,2	27.9			
2335	2335	1.575	стакан-марка-красная	10.4	24.7	порода-в-тени	0.429	25.1	1.0	-2.0	2.2	bbox	2334	19.0	19.0	19.0	690,381,2,4	27.8			
2336	2336	1.385	рюкзак-синий	6.5	31.4	снег-в-тени	0.812	70.2	1.0	-7.5	7.6	bbox	2335	181.0	181.0	181.0	1893,492,2,5	27.8			
2337	2337	1.725	стакан-марка-красная	10.2	32.5	порода-в-тени	0.391	17.3	1.0	-1.0	1.4	bbox	2336	21.0	21.0	21.0	13,553,4,2	27.7			
2338	2338	1.349	рюкзак-синий	6.1	31.2	снег-в-тени	0.831	70.0	2.0	-8.0	8.2	bbox	2337	256.0	256.0	256.0	1663,0,2,5	27.7			
2339	2339	1.665	стакан-марка-красная	11.0	26.3	порода-в-тени	0.371	23.5	0.0	1.0	1.0	bbox	2338	118.0	118.0	118.0	1818,417,3,3	27.6			
2340	2340	0.893	рюкзак-синий	6.7	8.6	снег-в-тени	0.803	30.2	4.0	-8.0	8.9	bbox	2339	109.0	109.0	109.0	980,162,3,3	27.5			
2341	2341	1.653	стакан-марка-красная	11.2	24.7	снег-освещённый	0.602	74.5	1.0	-4.0	4.1	bbox	2340	168.0	168.0	168.0	1395,21,2,4	27.5			
2342	2342	1.460	рюкзак-синий	11.7	1.4	порода-в-тени	0.742	40.2	-1.0	-2.5	2.7	bbox	2341	207.0	207.0	207.0	853,657,4,2	27.5			
2343	2343	0.756	рюкзак-синий	5.0	11.8	снег-в-тени	0.172	50.6	0.5	-9.0	9.0	bbox	2342	20.0	20.0	20.0	105,869,2,4	27.4			
2344	2344	1.589	стакан-марка-красная	11.2	21.2	порода-в-тени	0.386	28.6	0.0	-1.0	1.0	bbox	2343	118.0	118.0	118.0	721,142,2,5	27.4			
2345	2345	1.465	стакан-марка-красная	11.0	13.7	порода-в-тени	0.626	36.1	0.0	0.0	0.0	bbox	2344	18.0	18.0	18.0	1203,551,4,2	27.3			
2346	2346	1.697	стакан-марка-красная	10.2	31.4	порода-в-тени	0.382	18.4	1.0	-1.0	1.4	bbox	2345	22.0	22.0	22.0	21,687,3,3	27.3			
2347	2347	1.257	стакан-марка-красная	10.0	0.8	снег-розовый	1.004	50.6	1.0	0.0	1.0	bbox	2346	95.0	95.0	95.0	1857,62,3,3	27.2			
2348	2348	1.164	рюкзак-синий	8.1	16.3	снег-в-тени	0.361	55.1	0.0	-6.0	6.0	bbox	2347	185.0	185.0	185.0	729,1075,2,5	27.2			
2349	2349	1.672	стакан-марка-красная	12.0	20.4	снег-освещённый	0.379	70.2	-1.0	0.0	1.0	bbox	2348	109.0	109.0	109.0	531,563,3,3	27.1			
2350	2350	1.578	стакан-марка-красная	8.5	32.5	порода-в-тени	0.647	17.3	3.0	-2.0	3.6	bbox	2349	119.0	119.0	119.0	1776,577,3,3	27.1			
2351	2351	0.486	рюкзак-синий	3.0	8.7	снег-в-тени	0.395	47.5	1.0	-11.0	11.0	bbox	2350	7.0	7.0	7.0	1843,675,2,4	27.0			
2352	2352	1.743	рюкзак-синий	8.1	39.8	снег-пересвеченный	0.757	78.6	0.0	-6.0	6.0	bbox	2351	232.0	232.0	232.0	788,935,5,2	27.0			
2353	2353	0.851	рюкзак-синий	6.8	1.0	снег-в-тени	1.518	39.8	6.5	-18.0	19.1	bbox	2352	77.0	77.0	77.0	377,125,2,4	26.9			
2354	2354	1.722	стакан-марка-красная	11.0	29.0	снег-освещённый	0.190	78.8	0.0	1.0	1.0	bbox	2353	123.0	123.0	123.0	713,1001,2,4	26.9			
2355	2355	1.364	рюкзак-синий	6.5	30.6	снег-в-тени	0.777	69.4	0.5	-7.5	7.5	bbox	2354	235.0	235.0	235.0	826,489,3,4	26.9			
2356	2356	1.632	стакан-марка-красная	9.1	32.9	порода-в-тени	0.531	16.9	2.0	0.0	2.0	bbox	2355	29.0	29.0	29.0	1597,878,3,3	26.8			
2357	2357	0.603	рюкзак-синий	4.5	6.1	снег-в-тени	1.023	44.9	5.5	-14.0	15.0	bbox	2356	61.0	61.0	61.0	537,35,4,2	26.8			
2358	2358	0.719	рюкзак-синий	5.3	7.7	снег-в-тени	0.617	46.5	4.5	-10.0	11.0	bbox	2357	61.0	61.0	61.0	675,261,4,2	26.8			
2359	2359	1.863	стакан-марка-красная	10.6	36.7	порода-в-тени	0.411	13.1	0.5	-0.5	0.7	bbox	2358	63.0	63.0	63.0	1809,751,4,2	26.8			
2360	2360	0.902	рюкзак-синий	5.7	15.5	снег-в-тени	1.056	23.3	4.5	-9.5	10.5	bbox	2359	64.0	64.0	64.0	751,63,4,2	26.8			
2361	2361	1.958	палка-ручка-пробка	15.7	2.0	снег-розовый	1.017	73.7	-2.0	9.0	9.2	bbox	2360	98.0	98.0	98.0	442,414,3,3	26.8			
2362	2362	1.646	стакан-марка-красная	13.2	2.4	снег-в-тени	0.923	52.2	-2.0	-1.0	2.2	bbox	2361	20.0	20.0	20.0	129,239,4,2	26.7			
2363	2363	1.690	стакан-марка-красная	10.5	29.6	снег-освещённый	0.194	79.4	0.5	0.0	0.5	bbox	2362	119.0	119.0	119.0	1903,793,2,6	26.7			
2364	2364	1.903	стакан-марка-красная	10.8	37.7	снег-освещённый	0.509	87.5	1.0	-3.0	3.2	bbox	2363	128.0	128.0	128.0	1880,357,4,2	26.7			
2365	2365	1.638	рюкзак-синий	9.1	33.2	снег-освещённый	0.711	72.0	0.0	-5.0	5.0	bbox	2364	182.0	182.0	182.0	169,710,4,3	26.7			
2366	2366	1.503	рюкзак-синий	6.1	36.3	снег-в-тени	1.006	75.1	2.0	-8.0	8.2	bbox	2365	235.0	235.0	235.0	441,696,4,5	26.7			
2367	2367	0.693	рюкзак-синий	5.5	2.3	снег-в-тени	0.428	36.5	1.0	-8.5	8.6	bbox	2366	256.0	256.0	256.0	133,521,4,2	26.7			
2368	2368	1.409	стакан-марка-красная	11.0	7.8	снег-розовый	0.795	57.6	0.0	0.0	0.0	bbox	2367	45.0	45.0	45.0	1079,609,4,2	26.5			
2369	2369	1.644	рюкзак-синий	6.5	40.0	снег-освещённый	1.150	78.8	3.5	-8.0	8.7	bbox	2368	62.0	62.0	62.0	349,609,4,4	26.5			
2370	2370	1.853	стакан-марка-красная	10.5	36.5	порода-в-тени	0.421	13.3	0.5	0.0	0.5	bbox	2369	64.0	64.0	64.0	1492,903,2,4	26.5			
2371	2371	1.583	рюкзак-синий	9.1	31.0	снег-освещённый	0.749	69.8	0.0	-5.0	5.0	bbox	2370	182.0	182.0	182.0	43,202,4,3	26.5			
2372	2372	0.813	рюкзак-синий	5.1	14.1	снег-в-тени	0.334	52.9	2.0	-9.0	9.2	bbox	2371	183.0	183.0	183.0	1853,1038,3,3	26.5			
2373	2373	1.471	палка-ручка-контроль	11.2	12.9	порода-охристая	0.664	44.7	8.0	15.0	17.0	bbox	2372	83.0	83.0	83.0	419,359,4,6	26.4			
2374	2374	1.080	рюкзак-синий	8.6	4.1	снег-в-тени	0.357	42.9	0.0	-5.5	5.5	bbox	2373	168.0	168.0	168.0	1189,1007,4,2	26.4			
2375	2375	0.484	рюкзак-синий	3.5	5.5	снег-в-тени	0.342	44.3	0.5	-10.5	10.5	bbox	2374	205.0	205.0	205.0	193,1037,2,4	26.4			
2376	2376	1.256	рюкзак-синий	5.6	29.2	снег-в-тени	0.767	68.0	2.0	-8.5	8.7	bbox	2375	181.0	181.0	181.0	1437,619,4,4	26.3			
2377	2377	0.603	рюкзак-синий	4.5	6.3	снег-в-тени	0.461	45.1	3.0	-10.0	10.4	bbox	2376	182.0	182.0	182.0	1884,914,3,3	26.3			
2378	2378	1.528	стакан-марка-красная	11.6	13.5	порода-в-тени	0.600	36.3	-0.5	-0.5	0.7	bbox	2377	77.0	77.0	79.0	761,11,4,2	26.2			
2379	2379	1.771	рюкзак-синий	4.9	46.5	снег-пересвеченный	1.209	85.3	3.0	-9.5	10.0	bbox	2378	62.0	62.0	62.0	1335,357,2,4	26.1			
2380	2380	0.869	рюкзак-синий	6.1	11.8	снег-в-тени	0.100	50.6	0.0	-8.0	8.0	bbox	2379	258.0	258.0	258.0	1547,907,6,2	26.1			
2381	2381	0.967	рюкзак-синий	5.7	18.5	снег-в-тени	0.753	57.3	5.0	-10.0	11.2	bbox	2380	5.0	5.0	5.0	391,345,4,4	26.0			
2382	2382	0.399	рюкзак-синий	3.2	1.6	снег-в-тени	1.156	40.4	0.0	-17.0	17.0	bbox	2381	203.0	203.0	203.0	1667,1061,4,2	26.0			
2383	2383	1.669	стакан-марка-красная	11.0	26.3	порода-в-тени	0.301	23.5	0.0	0.0	0.0	bbox	2382	19.0	19.0	21.0	1356,94,3,3	25.9			
2384	2384	1.787	стакан-марка-красная	11.0	31.8	порода-в-тени	0.292	18.0	0.0	0.0	0.0	bbox	2383	33.0	33.0	33.0	1541,820,3,3	25.9			
2385	2385	1.360	стакан-марка-красная	10.8	5.5	порода-в-тени	1.197	44.3	1.0	5.0	5.1	bbox	2384	97.0	97.0	97.0	1373,83,6,3	25.9			
2386	2386	1.198	рюкзак-синий	6.1	25.9	снег-в-тени	0.653	64.7	2.0	-8.0	8.2	bbox	2385	32.0	32.0	32.0	1843,357,4,8	25.7			
2387	2387	1.265	стакан-марка-красная	7.8	22.5	порода-охристая	0.894	27.3	6.0	7.0	9.2	bbox	2386	63.0	63.0	64.0	1759,683,3,4	25.7			
2388	2388	1.420	палка-ручка-контроль	10.7	13.5	порода-охристая	0.706	44.1	8.0	15.5	17.4	bbox	2387	83.0	83.0	83.0	443,553,4,2	25.7			
2389	2389	1.599	рюкзак-синий	7.6	36.1	снег-освещённый	0.919	74.9	2.0	-6.5	6.8	bbox	2388	147.0	147.0	147.0	357,383,4,2	25.7			
2390	2390	1.503	рюкзак-синий	8.9	28.5	снег-в-тени	0.785	67.3	-1.5	-5.5	5.7	bbox	2389	229.0	229.0	229.0	9,737,2,4	25.6			
2391	2391	0.804	рюкзак-синий	6.3	4.1	снег-в-тени	0.214	42.9	-1.0	-8.0	8.1	bbox	2390	255.0	255.0	255.0	217,673,4,2	25.6			
2392	2392	1.279	рюкзак-синий	10.1	5.5	снег-в-тени	0.519	44.3	-0.5	-4.0	4.0	bbox	2391	184.0	184.0	184.0	517,561,4,2	25.4			
2393	2393	1.680	стакан-марка-красная	12.2	20.0	снег-розовый	0.484	69.8	-1.0	3.0	3.2	bbox	2392	98.0	98.0	98.0	418,764,3,3	25.3			
2394	2394	1.577	рюкзак-синий	11.7	16.5	снег-в-тени	0.776	55.3	-3.0	-3.0	4.2	bbox	2393	77.0	77.0	77.0	1131,73,3,3	25.1			
2395	2395	0.517	рюкзак-синий	4.1	1.2	снег-в-тени	0.374	40.0	0.0	-10.0	10.0	bbox	2394	144.0	144.0	144.0	301,4,3,3	25.1			
2396	2396	1.280	рюкзак-синий	5.6	30.0	снег-в-тени	0.794	68.8	2.0	-8.5	8.7	bbox	2395	240.0	240.0	240.0	425,713,4,4	25.1			
2397	2397	0.979	рюкзак-синий	6.1	17.3	снег-в-тени	0.387	56.1	2.0	-8.0	8.2	bbox	2396	162.0	162.0	162.0	1077,55,6,2	25.0			
2398	2398	1.533	рюкзак-синий	12.2	5.5	снег-в-тени	0.770	44.3	-1.0	-2.0	2.2	bbox	2397	167.0	167.0	167.0	1207,51,4,2	25.0			
2399	2399	0.371	рюкзак-синий	2.7	4.3	снег-в-тени	1.075	43.1	0.0	-16.5	16.5	bbox	2398	195.0	195.0	195.0	1313,371,2,4	25.0			
2400	2400	0.281	рюкзак-синий	2.2	0.8	снег-в-тени	1.088	38.0	2.0	-16.0	16.1	bbox	2399	75.0	75.0	75.0	1870,699,3,3	24.9			
2401	2401	1.385	стакан-марка-красная	10.5	12.4	снег-розовый	0.596	62.2	0.5	1.0	1.1	bbox	2400	100.0	100.0	100.0	229,1043,6,2	24.8			
2402	2402	1.475	стакан-марка-красная	11.8	3.1	снег-в-тени	0.835	52.9	-0.5	-1.5	1.6	bbox	2401	140.0	140.0	140.0	235,259,4,2	24.8			
2403	2403	0.819	рюкзак-синий	5.6	12.0	снег-в-тени	0.279	50.8	2.0	-8.5	8.7	bbox	2402	184.0	184.0	184.0	1907,305,2,4	24.7			
2404	2404	1.144	стакан-марка-красная	5.8	24.7	порода-охристая	1.176	25.1	6.0	4.0	7.2	bbox	2403	79.0	79.0	79.0	1441,205,4,2	24.6			
2405	2405	1.614	стакан-марка-красная	12.9	4.3	снег-в-тени	0.805	54.1	-1.5	-2.0	2.5	bbox	2404	142.0	139.0	142.0	885,337,4,2	24.6			
2406	2406	1.595	рюкзак-синий	4.9	41.2	снег-в-тени	1.224	80.0	3.0	-9.5	10.0	bbox	2405	62.0	62.0	62.0	1271,317,4,3	24.5			
2407	2407	0.867	рюкзак-синий	5.0	16.8	снег-в-тени	1.176	22.0	5.0	-11.0	12.1	bbox	2406	64.0	64.0	64.0	340,81,3,3	24.5			
2408	2408	1.758	стакан-марка-красная	12.2	24.7	снег-розовый	0.410	74.5	-1.0	3.0	3.2	bbox	2407	98.0	98.0	98.0	726,802,3,3	24.5			
2409	2409	0.591	рюкзак-синий	4.5	5.1	снег-в-тени	0.265	43.9	1.0	-9.5	9.6	bbox	2408	206.0	206.0	206.0	1229,1051,4,2	24.5			
2410	2410	1.649	стакан-марка-красная	10.6	27.4	порода-в-тени	0.326	22.4	0.5	-0.5	0.7	bbox	2409	28.0	28.0	28.0	199,989,4,2	24.4			
2411	2411	1.332	рюкзак-синий	9.8	14.5	порода-в-тени	0.464	24.3	-1.5	-4.5	4.7	bbox	2410	256.0	256.0	256.0	614,925,2,3	24.4			
2412	2412	1.583	стакан-марка-красная	9.1	31.0	порода-в-тени	0.518	18.8	2.0	0.0	2.0	bbox	2411	22.0	22.0	22.0	1249,646,3,3	24.2			
2413	2413	0.731	рюкзак-синий	3.6	16.1	снег-в-тени	1.160	54.9	-1.0	-17.0	17.0	bbox	2412	73.0	73.0	73.0	1163,993,2,5	24.2			
2414	2414	0.638	рюкзак-синий	4.5	8.6	снег-в-тени	0.688	30.2	-1.0	-10.0	10.0	bbox	2413	5.0	5.0	5.0	1918,133,2,3	24.1			
2415	2415	1.698	стакан-марка-красная	12.2	21.2	порода-в-тени	0.593	28.6	-1.0	3.0	3.2	bbox	2414	5.0	5.0	5.0	180,1042,3,3	24.1			
2416	2416	1.644	стакан-марка-красная	13.2	0.2	снег-в-тени	0.912	49.6	-2.0	-1.0	2.2	bbox	2415	148.0	148.0	148.0	653,115,4,2	24.1			
2417	2417	0.787	рюкзак-синий	2.2	20.6	снег-в-тени	1.083	59.4	0.0	-16.0	16.0	bbox	2416	75.0	75.0	75.0	117,717,6,2	24.0			
2418	2418	1.898	стакан-марка-красная	11.0	36.5	снег-освещённый	0.232	86.3	0.0	0.0	0.0	bbox	2417	83.0	83.0	83.0	1305,1005,2,4	24.0			
2419	2419	1.723	стакан-марка-красная	11.0	29.2	снег-освещённый	0.508	79.0	1.0	-3.5	3.6	bbox	2418	139.0	139.0	139.0	1532,969,2,4	24.0			
2420	2420	0.720	рюкзак-синий	4.5	12.7	снег-в-тени	1.115	26.1	5.0	-12.0	13.0	bbox	2419	7.0	7.0	7.0	1511,135,2,3	23.9			
2421	2421	0.671	рюкзак-синий	1.0	18.5	снег-в-тени	0.823	57.3	0.0	-14.0	14.0	bbox	2420	75.0	75.0	75.0	753,767,4,2	23.8			
2422	2422	1.384	стакан-марка-красная	11.1	0.6	снег-в-тени	0.692	49.2	0.5	-2.5	2.5	bbox	2421	139.0	139.0	139.0	1527,7,4,2	23.8			
2423	2423	1.063	рюкзак-синий	6.2	20.4	снег-в-тени	0.514	59.2	2.5	-8.0	8.4	bbox	2422	166.0	166.0	166.0	478,531,5,2	23.8			
2424	2424	1.398	стакан-марка-красная	11.2	0.2	снег-в-тени	0.877	49.6	0.0	-1.0	1.0	bbox	2423	69.0	69.0	69.0	275,871,2,3	23.6			
2425	2425	1.774	стакан-марка-красная	11.2	30.6	снег-освещённый	0.177	80.4	0.0	-1.0	1.0	bbox	2424	130.0	130.0	130.0	1857,971,2,3	23.6			
2426	2426	1.577	стакан-марка-красная	12.5	5.9	снег-в-тени	0.753	55.7	-1.0	-2.5	2.7	bbox	2425	142.0	142.0	142.0	41,473,4,2	23.6			
2427	2427	0.976	рюкзак-синий	5.0	21.0	снег-в-тени	0.464	59.8	1.0	-9.0	9.1	bbox	2426	161.0	161.0	161.0	199,805,2,4	23.6			
2428	2428	0.839	рюкзак-синий	3.0	21.0	снег-в-тени	1.135	17.8	0.5	-11.0	11.0	bbox	2427	229.0	229.0	229.0	698,711,3,2	23.6			
2429	2429	1.342	стакан-марка-красная	10.5	7.7	снег-розовый	0.767	57.5	0.5	0.5	0.7	bbox	2428	27.0	27.0	27.0	473,0,4,2	23.5			
2430	2430	0.944	рюкзак-синий	6.7	12.1	снег-в-тени	0.905	26.7	4.0	-8.0	8.9	bbox	2429	9.0	9.0	9.0	1311,91,2,4	23.4			
2431	2431	1.503	стакан-марка-красная	12.0	1.8	снег-розовый	1.020	51.6	-1.0	0.5	1.1	bbox	2430	32.0	32.0	32.0	773,309,3,2	23.4			
2432	2432	1.398	стакан-марка-красная	11.2	0.8	снег-в-тени	0.881	50.6	0.0	-1.0	1.0	bbox	2431	136.0	136.0	136.0	439,965,2,4	23.4			
2433	2433	0.912	рюкзак-синий	2.8	23.6	снег-в-тени	0.732	62.4	-1.0	-12.0	12.0	bbox	2432	196.0	196.0	196.0	1769,697,4,2	23.2			
2434	2434	1.257	рюкзак-синий	10.0	1.3	снег-в-тени	0.622	37.5	0.0	-4.0	4.0	bbox	2433	138.0	138.0	140.0	235,0,2,3	23.1			
2435	2435	1.490	стакан-марка-красная	11.9	3.3	снег-в-тени	0.776	53.1	-0.5	-2.0	2.1	bbox	2434	147.0	147.0	147.0	769,283,2,4	23.1			
2436	2436	1.331	рюкзак-синий	8.1	24.3	снег-в-тени	0.602	63.1	0.0	-6.0	6.0	bbox	2435	20.0	20.0	21.0	198,59,3,2	23.0			
2437	2437	1.432	стакан-марка-красная	11.4	3.9	снег-в-тени	0.779	53.7	0.0	-2.0	2.0	bbox	2436	38.0	38.0	38.0	46,37,3,3	23.0			
2438	2438	1.443	стакан-марка-красная	4.7	36.9	снег-розовый	1.714	86.7	15.0	-1.5	15.1	bbox	2437	72.0	72.0	72.0	905,1061,5,2	23.0			
2439	2439	1.773	стакан-марка-красная	13.4	16.1	снег-розовый	0.840	65.9	-1.0	7.0	7.1	bbox	2438	98.0	98.0	98.0	779,291,3,3	23.0			
2440	2440	1.376	стакан-марка-красная	11.0	1.8	порода-в-тени	1.049	48.0	0.0	1.0	1.0	bbox	2439	36.0	36.0	36.0	1777,641,3,2	22.9			
2441	2441	1.325	стакан-марка-красная	10.6	1.2	снег-в-тени	0.699	48.6	1.0	-2.5	2.7	bbox	2440	135.0	135.0	135.0	727,739,4,2	22.9			
2442	2442	1.071	рюкзак-синий	8.0	10.8	снег-в-тени	0.759	28.0	1.0	-6.0	6.1	bbox	2441	240.0	240.0	240.0	657,910,2,3	22.9			
2443	2443	0.988	рюкзак-синий	6.1	17.7	снег-в-тени	0.310	56.5	0.0	-8.0	8.0	bbox	2442	257.0	257.0	259.0	81,493,4,2	22.9			
2444	2444	1.761	стакан-марка-красная	14.0	5.3	снег-освещённый	0.953	55.1	-3.0	0.5	3.0	bbox	2443	7.0	7.0	7.0	169,155,2,3	22.8			
2445	2445	1.443	стакан-марка-красная	11.5	1.0	снег-в-тени	0.696	50.8	0.0	-2.5	2.5	bbox	2444	9.0	9.0	10.0	541,443,2,3	22.8			
2446	2446	1.604	рюкзак-синий	5.1	41.2	снег-пересвеченный	1.126	80.0	2.0	-9.0	9.2	bbox	2445	62.0	62.0	62.0	363,696,3,5	22.8			
2447	2447	1.490	стакан-марка-красная	11.0	15.7	порода-в-тени	0.564	34.1	0.0	0.0	0.0	bbox	2446	18.0	18.0	18.0	1523,167,4,2	22.7			
2448	2448	1.147	стакан-марка-красная	9.0	6.3	снег-розовый	0.779	56.1	2.0	1.0	2.2	bbox	2447	99.0	99.0	99.0	1909,34,3,4	22.7			
2449	2449	1.288	рюкзак-синий	10.0	8.0	порода-в-тени	0.727	30.8	2.0	-4.0	4.5	bbox	2448	109.0	109.0	109.0	1635,43,4,2	22.7			
2450	2450	1.366	рюкзак-синий	6.1	31.8	снег-в-тени	0.851	70.6	2.0	-8.0	8.2	bbox	2449	181.0	181.0	181.0	1784,564,3,3	22.7			
2451	2451	1.510	стакан-марка-красная	12.0	3.3	порода-в-тени	0.948	46.5	-1.0	0.0	1.0	bbox	2450	10.0	10.0	10.0	968,185,3,2	22.6			
2452	2452	1.646	стакан-марка-красная	10.0	29.8	порода-в-тени	0.396	20.0	1.0	0.0	1.0	bbox	2451	8.0	8.0	8.0	625,623,4,4	22.5			
2453	2453	0.700	рюкзак-синий	5.0	8.8	снег-в-тени	0.847	30.0	4.0	-10.0	10.8	bbox	2452	36.0	32.0	36.0	1795,149,2,3	22.5			
2454	2454	0.470	рюкзак-синий	3.2	6.9	снег-в-тени	1.129	45.7	3.0	-16.5	16.8	bbox	2453	75.0	75.0	75.0	143,905,2,4	22.5			
2455	2455	1.207	рюкзак-синий	6.5	24.9	снег-в-тени	0.602	63.7	1.5	-7.5	7.6	bbox	2454	32.0	32.0	32.0	1689,83,2,6	22.4			
2456	2456	1.860	стакан-марка-красная	11.7	32.2	снег-освещённый	0.397	82.0	0.0	-3.0	3.0	bbox	2455	140.0	139.0	140.0	1710,719,3,3	22.4			
2457	2457	1.683	стакан-марка-красная	12.4	18.6	снег-освещённый	0.508	68.4	-1.0	-2.0	2.2	bbox	2456	183.0	183.0	183.0	1751,935,2,3	22.4			
2458	2458	1.768	рюкзак-синий	9.6	36.3	снег-освещённый	0.601	75.1	-0.5	-4.5	4.5	bbox	2457	239.0	239.0	239.0	222,913,2,4	22.4			
2459	2459	1.542	стакан-марка-красная	11.2	18.2	порода-в-тени	0.471	31.6	0.0	-1.0	1.0	bbox	2458	18.0	18.0	18.0	1823,1009,2,4	22.3			
2460	2460	1.564	стакан-марка-красная	12.4	6.7	снег-в-тени	0.821	56.5	-1.0	-2.0	2.2	bbox	2459	38.0	38.0	38.0	303,89,2,3	22.3			
2461	2461	1.583	стакан-марка-красная	12.7	1.4	снег-в-тени	0.895	48.4	-1.5	-1.0	1.8	bbox	2460	19.0	19.0	19.0	236,25,3,2	22.2			
2462	2462	0.892	рюкзак-синий	6.1	13.0	снег-в-тени	0.593	51.8	4.5	-9.0	10.1	bbox	2461	183.0	183.0	183.0	1763,763,3,2	22.2			
2463	2463	1.439	стакан-марка-красная	11.4	5.5	снег-в-тени	0.796	55.3	0.0	-2.0	2.0	bbox	2462	32.0	32.0	32.0	422,121,3,3	22.1			
2464	2464	1.399	стакан-марка-красная	11.2	2.0	снег-в-тени	0.886	51.8	0.0	-1.0	1.0	bbox	2463	32.0	32.0	32.0	1209,249,4,2	22.1			
2465	2465	1.425	стакан-марка-красная	11.1	9.0	снег-розовый	0.781	58.8	0.0	-0.5	0.5	bbox	2464	44.0	44.0	44.0	884,37,3,2	22.0			
2466	2466	1.809	стакан-марка-красная	12.0	28.2	снег-освещённый	0.212	78.0	-1.0	1.5	1.8	bbox	2465	119.0	119.0	119.0	1549,1077,2,3	22.0			
2467	2467	0.717	рюкзак-синий	5.7	2.1	снег-в-тени	0.407	36.7	-0.5	-8.5	8.5	bbox	2466	144.0	144.0	144.0	479,10,2,3	21.9			
2468	2468	1.390	рюкзак-синий	6.6	31.4	снег-в-тени	0.840	70.2	2.0	-7.5	7.8	bbox	2467	161.0	161.0	161.0	232,359,5,4	21.9			
2469	2469	1.796	стакан-марка-красная	11.0	32.2	порода-в-тени	0.296	17.6	0.0	0.0	0.0	bbox	2468	24.0	24.0	24.0	637,566,2,3	21.7			
2470	2470	1.627	рюкзак-синий	6.3	39.8	снег-освещённый	1.121	78.6	3.0	-8.0	8.5	bbox	2469	64.0	64.0	64.0	451,856,4,5	21.7			
2471	2471	1.747	стакан-марка-красная	12.0	25.1	снег-освещённый	0.245	74.9	-1.0	1.0	1.4	bbox	2470	119.0	119.0	119.0	1809,239,2,3	21.5			
2472	2472	1.935	стакан-марка-красная	14.3	20.6	снег-освещённый	0.513	70.4	-3.0	-2.0	3.6	bbox	2471	22.0	22.0	22.0	24,239,3,2	21.4			
2473	2473	1.414	стакан-марка-красная	11.2	6.1	снег-розовый	0.897	55.9	0.0	-1.0	1.0	bbox	2472	135.0	135.0	135.0	993,549,4,2	21.4			
2474	2474	1.815	стакан-марка-красная	11.0	33.1	порода-в-тени	0.340	16.7	0.0	0.5	0.5	bbox	2473	10.0	10.0	10.0	330,669,2,3	21.3			
2475	2475	1.373	палка-ручка-контроль	9.5	19.4	корка-жёлтая-на-скале	0.566	38.2	3.0	17.0	17.3	bbox	2474	165.0	165.0	165.0	1147,7,3,2	21.3			
2476	2476	1.679	рюкзак-синий	4.5	44.3	снег-пересвеченный	1.266	83.1	3.0	-10.0	10.4	bbox	2475	212.0	212.0	212.0	655,552,2,3	21.3			
2477	2477	1.187	рюкзак-синий	6.1	25.5	снег-в-тени	0.641	64.3	2.0	-8.0	8.2	bbox	2476	34.0	34.0	34.0	1881,803,2,4	21.2			
2478	2478	1.440	стакан-марка-красная	11.4	5.7	снег-в-тени	0.799	55.5	0.0	-2.0	2.0	bbox	2477	167.0	167.0	167.0	1577,105,4,2	21.2			
2479	2479	0.818	рюкзак-синий	6.5	2.7	снег-в-тени	0.441	36.1	1.0	-7.5	7.6	bbox	2478	171.0	171.0	171.0	249,371,4,2	21.2			
2480	2480	1.220	рюкзак-синий	6.0	26.9	снег-в-тени	0.666	65.7	1.5	-8.0	8.1	bbox	2479	255.0	255.0	255.0	1915,781,5,2	21.1			
2481	2481	1.401	стакан-марка-красная	11.0	6.7	снег-розовый	0.833	56.5	0.0	0.0	0.0	bbox	2480	12.0	12.0	12.0	1360,221,3,2	20.9			
2482	2482	1.588	рюкзак-синий	9.1	31.2	снег-освещённый	0.745	70.0	0.0	-5.0	5.0	bbox	2481	229.0	229.0	229.0	967,667,2,4	20.9			
2483	2483	0.663	рюкзак-синий	2.9	15.5	снег-в-тени	0.984	54.3	-1.5	-15.5	15.6	bbox	2482	73.0	73.0	73.0	669,419,4,2	20.8			
2484	2484	1.531	стакан-марка-красная	12.1	7.1	снег-розовый	0.928	56.9	0.0	6.0	6.0	bbox	2483	99.0	99.0	99.0	953,867,4,4	20.8			
2485	2485	1.549	рюкзак-синий	7.6	34.3	снег-освещённый	0.936	73.1	2.0	-6.5	6.8	bbox	2484	161.0	161.0	161.0	285,407,4,2	20.8			
2486	2486	0.532	рюкзак-синий	4.2	1.2	снег-в-тени	1.262	40.0	4.0	-17.0	17.5	bbox	2485	197.0	197.0	197.0	149,97,3,2	20.7			
2487	2487	1.424	рюкзак-синий	7.5	30.0	снег-в-тени	0.784	68.8	1.0	-6.5	6.6	bbox	2486	258.0	258.0	258.0	943,1030,2,3	20.7			
2488	2488	1.206	рюкзак-синий	9.1	11.0	порода-в-тени	0.798	27.8	2.5	-5.0	5.6	bbox	2487	10.0	10.0	10.0	651,129,4,2	20.6			
2489	2489	1.562	стакан-марка-красная	10.8	22.2	снег-освещённый	0.550	72.0	1.0	-3.0	3.2	bbox	2488	170.0	170.0	170.0	796,761,3,2	20.5			
2490	2490	1.148	рюкзак-синий	6.0	24.3	снег-в-тени	0.562	63.1	1.0	-8.0	8.1	bbox	2489	10.0	10.0	10.0	275,17,2,4	20.4			
2491	2491	1.176	рюкзак-синий	6.1	25.1	снег-в-тени	0.628	63.9	2.0	-8.0	8.2	bbox	2490	10.0	10.0	10.0	1771,27,4,2	20.4			
2492	2492	1.094	рюкзак-синий	1.4	30.2	снег-в-тени	0.982	69.0	0.0	-13.0	13.0	bbox	2491	197.0	197.0	197.0	1877,126,2,3	20.3			
2493	2493	0.884	рюкзак-синий	7.1	0.4	снег-в-тени	0.357	38.4	0.0	-7.0	7.0	bbox	2492	256.0	256.0	256.0	989,981,3,2	20.3			
2494	2494	1.618	стакан-марка-красная	12.7	7.8	снег-розовый	0.960	57.6	-0.5	6.5	6.5	bbox	2493	99.0	99.0	99.0	837,709,4,4	20.2			
2495	2495	1.383	стакан-марка-красная	11.0	2.3	снег-в-тени	1.000	47.5	0.0	0.0	0.0	bbox	2494	20.0	20.0	20.0	965,187,3,2	20.1			
2496	2496	1.797	стакан-марка-красная	10.8	33.3	снег-освещённый	0.458	83.1	1.0	-3.0	3.2	bbox	2495	129.0	129.0	129.0	1647,921,2,4	20.1			
2497	2497	0.960	рюкзак-синий	7.3	8.6	снег-в-тени	0.743	30.2	3.0	-7.0	7.6	bbox	2496	10.0	10.0	10.0	965,393,3,2	20.0			
2498	2498	1.646	рюкзак-синий	12.5	14.1	порода-в-тени	0.348	24.7	-4.0	-2.5	4.7	bbox	2497	77.0	77.0	77.0	116,129,3,2	20.0			
2499	2499	0.929	рюкзак-синий	6.1	14.9	снег-в-тени	0.328	53.7	2.0	-8.0	8.2	bbox	2498	166.0	166.0	166.0	1479,44,2,5	20.0			
2500	2500	0.636	рюкзак-синий	4.9	4.5	снег-в-тени	0.639	34.3	3.0	-9.5	10.0	bbox	2499	8.0	8.0	8.0	1917,160,3,2	19.9			
2501	2501	1.583	стакан-марка-красная	9.1	31.0	порода-в-тени	0.518	18.8	2.0	0.0	2.0	bbox	2500	28.0	28.0	32.0	1297,1006,2,3	19.9			
2502	2502	1.395	рюкзак-синий	4.1	36.3	снег-в-тени	1.006	75.1	0.0	-10.0	10.0	bbox	2501	43.0	43.0	43.0	196,27,3,2	19.7			
2503	2503	1.728	стакан-марка-красная	11.1	28.8	снег-освещённый	0.787	78.6	2.0	-5.5	5.9	bbox	2502	166.0	166.0	166.0	1277,966,2,4	19.7			
2504	2504	0.940	стакан-марка-красная	7.5	0.4	снег-розовый	1.026	49.4	3.5	1.5	3.8	bbox	2503	100.0	100.0	100.0	1621,131,4,2	19.6			
2505	2505	0.749	рюкзак-синий	5.4	9.2	снег-в-тени	0.761	29.6	3.0	-9.0	9.5	bbox	2504	109.0	109.0	109.0	1693,190,2,3	19.6			
2506	2506	1.642	стакан-марка-красная	11.0	25.3	снег-освещённый	0.543	75.1	1.0	-3.5	3.6	bbox	2505	114.0	114.0	114.0	1751,794,2,3	19.6			
2507	2507	1.628	стакан-марка-красная	9.8	29.8	снег-освещённый	0.532	79.6	2.0	-3.0	3.6	bbox	2506	135.0	135.0	135.0	1814,1002,3,3	19.6			
2508	2508	1.814	стакан-марка-красная	10.5	34.9	порода-в-тени	0.390	14.9	0.5	0.0	0.5	bbox	2507	43.0	43.0	43.0	381,679,2,4	19.5			
2509	2509	1.563	стакан-марка-красная	11.2	19.6	снег-освещённый	0.691	69.4	1.0	-4.0	4.1	bbox	2508	163.0	163.0	163.0	280,911,3,2	19.5			
2510	2510	1.386	стакан-марка-красная	9.4	20.4	снег-розовый	0.579	70.2	3.0	6.0	6.7	bbox	2509	99.0	99.0	99.0	915,415,4,2	19.3			
2511	2511	1.553	стакан-марка-красная	10.3	24.3	снег-освещённый	0.669	74.1	2.0	-4.0	4.5	bbox	2510	171.0	171.0	171.0	1865,641,3,4	19.3			
2512	2512	1.566	стакан-марка-красная	12.3	9.0	снег-освещённый	0.807	58.8	-1.0	-1.5	1.8	bbox	2511	142.0	142.0	142.0	213,485,2,4	19.2			
2513	2513	1.377	стакан-марка-красная	11.0	0.6	снег-розовый	1.021	50.4	0.0	0.5	0.5	bbox	2512	34.0	34.0	34.0	100,1043,3,2	19.1			
2514	2514	1.202	рюкзак-синий	9.6	0.4	снег-в-тени	0.554	38.4	-0.5	-4.5	4.5	bbox	2513	170.0	170.0	170.0	191,119,2,3	19.1			
2515	2515	1.873	стакан-марка-красная	10.8	36.5	снег-освещённый	0.491	86.3	1.0	-3.0	3.2	bbox	2514	129.0	129.0	129.0	1531,0,2,3	19.0			
2516	2516	1.486	стакан-марка-красная	11.9	1.0	снег-в-тени	0.760	50.8	-0.5	-2.0	2.1	bbox	2515	19.0	19.0	19.0	489,89,2,3	18.9			
2517	2517	1.108	рюкзак-синий	4.6	26.5	снег-в-тени	1.276	65.3	5.5	-15.0	16.0	bbox	2516	44.0	44.0	44.0	1917,899,3,2	18.9			
2518	2518	1.431	стакан-марка-красная	11.3	6.9	снег-розовый	0.810	56.7	0.0	3.5	3.5	bbox	2517	100.0	100.0	100.0	921,1073,4,4	18.9			
2519	2519	1.314	рюкзак-синий	10.5	0.2	снег-в-тени	0.677	38.6	1.5	-3.5	3.8	bbox	2518	131.0	131.0	131.0	840,145,3,2	18.9			
2520	2520	1.420	стакан-марка-красная	11.2	7.1	снег-розовый	0.867	56.9	0.0	-1.0	1.0	bbox	2519	24.0	24.0	24.0	1621,31,3,2	18.8			
2521	2521	1.576	стакан-марка-красная	12.5	5.5	снег-освещённый	0.915	55.3	-1.5	0.5	1.6	bbox	2520	32.0	32.0	32.0	3,611,2,3	18.8			
2522	2522	1.543	стакан-марка-красная	12.3	5.1	снег-в-тени	0.860	54.9	-1.0	-1.5	1.8	bbox	2521	20.0	20.0	20.0	159,9,2,3	18.7			
2523	2523	1.221	рюкзак-синий	6.5	25.5	снег-в-тени	0.606	64.3	1.0	-7.5	7.6	bbox	2522	255.0	255.0	255.0	1849,647,2,4	18.6			
2524	2524	1.263	рюкзак-синий	7.0	25.5	снег-в-тени	0.616	64.3	1.0	-7.0	7.1	bbox	2523	255.0	255.0	255.0	1865,819,2,4	18.6			
2525	2525	1.697	стакан-марка-красная	10.2	31.4	порода-в-тени	0.382	18.4	1.0	-1.0	1.4	bbox	2524	19.0	19.0	19.0	299,321,2,3	18.5			
2526	2526	0.919	стакан-марка-красная	3.6	22.4	снег-розовый	0.757	72.2	7.5	0.0	7.5	bbox	2525	95.0	95.0	95.0	77,3,4,3	18.5			
2527	2527	0.905	рюкзак-синий	6.1	13.7	снег-в-тени	0.302	52.5	2.0	-8.0	8.2	bbox	2526	162.0	162.0	162.0	531,77,4,4	18.5			
2528	2528	0.807	рюкзак-синий	3.6	18.7	снег-в-тени	0.465	57.5	0.0	-10.5	10.5	bbox	2527	77.0	77.0	77.0	1341,829,2,4	18.1			
2529	2529	1.041	рюкзак-синий	7.3	14.1	снег-в-тени	0.436	52.9	3.0	-7.0	7.6	bbox	2528	167.0	167.0	167.0	1237,171,4,2	18.1			
2530	2530	1.726	рюкзак-синий	9.1	36.5	снег-освещённый	0.667	75.3	0.0	-5.0	5.0	bbox	2529	182.0	182.0	182.0	375,66,2,3	18.1			
2531	2531	1.176	рюкзак-синий	3.6	30.4	снег-в-тени	0.861	69.2	-1.0	-11.0	11.0	bbox	2530	43.0	43.0	43.0	0,36,2,3	18.0			
2532	2532	1.034	стакан-марка-красная	7.3	13.7	снег-в-тени	1.737	63.5	13.0	-6.0	14.3	bbox	2531	99.0	99.0	99.0	148,0,3,2	18.0			
2533	2533	1.659	палка-ручка-контроль	12.2	18.6	порода-охристая	0.531	39.0	8.0	14.0	16.1	bbox	2532	71.0	71.0	71.0	737,1027,2,4	17.8			
2534	2534	1.750	стакан-марка-красная	10.0	34.1	порода-в-тени	0.430	15.7	1.0	0.0	1.0	bbox	2533	36.0	36.0	36.0	504,319,3,2	17.7			
2535	2535	0.782	рюкзак-синий	2.1	20.6	снег-в-тени	1.027	59.4	-0.5	-15.5	15.5	bbox	2534	75.0	75.0	75.0	27,721,4,2	17.7			
2536	2536	0.283	стакан-марка-красная	2.2	1.2	снег-розовый	1.430	51.0	10.0	-1.0	10.0	bbox	2535	100.0	100.0	100.0	280,0,2,3	17.7			
2537	2537	2.026	стакан-марка-красная	10.0	44.5	порода-в-тени	0.757	5.3	1.0	2.0	2.2	bbox	2536	235.0	235.0	235.0	1730,417,3,2	17.7			
2538	2538	1.399	стакан-марка-красная	11.2	1.8	снег-в-тени	0.885	51.6	0.0	-1.0	1.0	bbox	2537	10.0	10.0	10.0	1013,203,2,3	17.6			
2539	2539	1.443	стакан-марка-красная	11.5	0.2	снег-в-тени	1.004	49.6	-0.5	0.0	0.5	bbox	2538	11.0	11.0	11.0	1917,803,3,2	17.6			
2540	2540	1.415	рюкзак-синий	6.0	33.6	снег-в-тени	0.897	72.4	1.5	-8.0	8.1	bbox	2539	181.0	181.0	181.0	1517,532,2,3	17.6			
2541	2541	1.398	стакан-марка-красная	11.2	1.2	снег-в-тени	0.882	51.0	0.0	-1.0	1.0	bbox	2540	10.0	10.0	10.0	502,225,3,2	17.5			
2542	2542	1.674	стакан-марка-красная	11.0	26.7	порода-в-тени	0.327	23.1	0.0	0.5	0.5	bbox	2541	11.0	11.0	11.0	719,235,2,3	17.5			
2543	2543	1.093	рюкзак-синий	3.6	27.9	снег-в-тени	1.317	66.7	-1.0	-17.0	17.0	bbox	2542	73.0	73.0	73.0	338,947,3,2	17.5			
2544	2544	1.091	рюкзак-синий	7.6	14.7	снег-в-тени	0.284	53.5	-0.5	-6.5	6.5	bbox	2543	77.0	77.0	77.0	1031,151,2,3	17.5			
2545	2545	0.975	рюкзак-синий	6.1	17.1	снег-в-тени	0.289	55.9	0.0	-8.0	8.0	bbox	2544	77.0	77.0	77.0	1732,513,3,2	17.4			
2546	2546	0.917	рюкзак-синий	3.6	22.4	снег-в-тени	1.216	61.2	4.0	-16.0	16.5	bbox	2545	213.0	213.0	213.0	325,534,2,3	17.4			
2547	2547	0.594	рюкзак-синий	2.8	13.4	снег-в-тени	1.020	52.2	-1.0	-16.0	16.0	bbox	2546	73.0	73.0	73.0	187,249,3,2	17.1			
2548	2548	1.826	рюкзак-синий	7.3	44.3	снег-освещённый	1.011	83.1	3.0	-7.0	7.6	bbox	2547	109.0	109.0	109.0	542,121,5,4	17.1			
2549	2549	0.703	рюкзак-синий	3.6	15.1	снег-в-тени	1.153	53.9	-1.0	-17.0	17.0	bbox	2548	197.0	197.0	197.0	1881,742,2,3	17.1			
2550	2550	1.712	стакан-марка-красная	10.0	32.7	порода-в-тени	0.466	17.1	1.0	1.0	1.4	bbox	2549	45.0	45.0	45.0	1361,455,3,2	17.0			
2551	2551	1.150	рюкзак-синий	7.5	18.7	снег-в-тени	0.412	57.5	1.0	-6.5	6.6	bbox	2550	254.0	254.0	254.0	1289,537,4,2	17.0			
2552	2552	1.420	стакан-марка-красная	11.2	7.1	снег-розовый	0.902	56.9	1.0	6.0	6.1	bbox	2551	99.0	99.0	99.0	977,701,2,4	16.9			
2553	2553	1.638	рюкзак-синий	9.1	33.2	снег-освещённый	0.711	72.0	0.0	-5.0	5.0	bbox	2552	182.0	182.0	182.0	789,219,3,2	16.9			
2554	2554	1.745	рюкзак-синий	9.2	36.7	снег-освещённый	0.653	75.5	-1.0	-5.0	5.1	bbox	2553	229.0	229.0	229.0	1444,918,3,2	16.9			
2555	2555	1.624	палка-ручка-контроль	11.9	18.4	порода-охристая	0.505	39.2	9.0	14.5	17.1	bbox	2554	71.0	71.0	71.0	527,1013,2,4	16.7			
2556	2556	1.241	рюкзак-синий	6.1	27.5	снег-в-тени	0.706	66.3	2.0	-8.0	8.2	bbox	2555	181.0	181.0	181.0	1770,13,3,4	16.7			
2557	2557	0.274	рюкзак-синий	2.1	2.6	снег-в-тени	1.043	41.4	1.5	-16.0	16.1	bbox	2556	75.0	75.0	75.0	1861,629,3,2	16.6			
2558	2558	1.206	стакан-марка-красная	8.5	15.7	порода-в-тени	0.804	34.1	3.0	-2.0	3.6	bbox	2557	197.0	197.0	197.0	1679,327,2,3	16.5			
2559	2559	0.829	рюкзак-синий	5.5	13.0	снег-в-тени	0.199	51.8	1.0	-8.5	8.6	bbox	2558	229.0	229.0	229.0	493,303,4,2	16.4			
2560	2560	0.962	рюкзак-синий	6.1	16.5	снег-в-тени	0.366	55.3	2.0	-8.0	8.2	bbox	2559	254.0	254.0	254.0	1477,967,4,2	16.4			
2561	2561	1.742	стакан-марка-красная	9.8	34.5	снег-освещённый	0.545	84.3	2.0	-3.0	3.6	bbox	2560	115.0	115.0	115.0	1068,711,3,3	16.3			
2562	2562	1.005	рюкзак-синий	7.0	13.7	снег-в-тени	0.282	52.5	1.5	-7.0	7.2	bbox	2561	254.0	254.0	254.0	1345,239,4,2	16.3			
2563	2563	1.631	стакан-марка-красная	11.2	23.5	снег-освещённый	0.320	73.3	0.0	-1.0	1.0	bbox	2562	109.0	109.0	109.0	41,951,2,3	16.1			
2564	2564	1.348	стакан-марка-красная	10.8	1.8	снег-в-тени	0.651	51.6	1.0	-3.0	3.2	bbox	2563	32.0	32.0	32.0	79,115,2,3	16.0			
2565	2565	1.777	рюкзак-синий	12.0	26.4	порода-в-тени	0.590	12.4	2.0	-2.0	2.8	bbox	2564	10.0	10.0	10.0	598,907,2,3	15.8			
2566	2566	1.338	стакан-марка-красная	5.0	33.1	снег-розовый	1.711	82.9	15.0	-2.0	15.1	bbox	2565	72.0	72.0	72.0	1419,967,4,2	15.7			
2567	2567	0.961	рюкзак-синий	7.6	4.7	снег-в-тени	0.348	43.5	2.0	-6.5	6.8	bbox	2566	169.0	169.0	169.0	1435,194,2,3	15.7			
2568	2568	1.750	стакан-марка-красная	12.6	21.0	снег-освещённый	0.518	70.8	-1.0	-3.0	3.2	bbox	2567	182.0	182.0	182.0	117,0,2,3	15.7			
2569	2569	1.659	рюкзак-синий	9.1	33.9	снег-освещённый	0.699	72.7	0.0	-5.0	5.0	bbox	2568	182.0	182.0	182.0	365,136,2,3	15.7			
2570	2570	1.418	стакан-марка-красная	11.0	9.0	снег-розовый	0.758	58.8	0.0	0.0	0.0	bbox	2569	32.0	32.0	32.0	109,719,2,3	15.6			
2571	2571	1.222	рюкзак-синий	6.5	25.5	снег-в-тени	0.622	64.3	1.5	-7.5	7.6	bbox	2570	32.0	32.0	32.0	1905,545,2,6	15.4			
2572	2572	1.314	рюкзак-синий	6.1	30.0	снег-в-тени	0.791	68.8	2.0	-8.0	8.2	bbox	2571	181.0	181.0	181.0	1717,204,2,3	15.4			
2573	2573	1.053	стакан-марка-красная	8.4	2.9	снег-розовый	0.916	52.7	3.0	3.5	4.6	bbox	2572	97.0	97.0	97.0	977,57,4,2	15.2			
2574	2574	1.495	рюкзак-синий	11.0	16.4	порода-в-тени	0.456	22.4	1.0	-3.0	3.2	bbox	2573	28.0	28.0	28.0	1161,720,2,3	14.9			
2575	2575	0.787	рюкзак-синий	2.2	20.6	снег-в-тени	1.083	59.4	0.0	-16.0	16.0	bbox	2574	75.0	75.0	75.0	1757,919,2,4	14.9			
2576	2576	0.750	рюкзак-синий	1.8	20.0	снег-в-тени	1.017	58.8	0.0	-15.5	15.5	bbox	2575	75.0	75.0	75.0	1761,1009,4,2	14.9			
2577	2577	1.025	рюкзак-синий	8.0	6.1	снег-в-тени	0.278	44.9	0.5	-6.0	6.0	bbox	2576	170.0	170.0	170.0	85,246,2,3	14.9			
2578	2578	0.285	рюкзак-синий	2.2	1.6	снег-в-тени	1.034	40.4	0.0	-16.0	16.0	bbox	2577	203.0	203.0	203.0	1306,1033,3,2	14.9			
2579	2579	1.791	стакан-марка-красная	11.0	32.2	порода-в-тени	0.367	17.6	0.0	1.0	1.0	bbox	2578	45.0	45.0	45.0	182,207,3,2	14.8			
2580	2580	1.489	палка-ручка-контроль	11.4	12.1	порода-охристая	0.614	45.5	9.0	15.0	17.5	bbox	2579	83.0	83.0	83.0	365,231,4,2	14.8			
2581	2581	1.308	стакан-марка-красная	10.1	9.4	снег-розовый	0.671	59.2	1.0	2.5	2.7	bbox	2580	100.0	100.0	100.0	443,939,2,4	14.8			
2582	2582	1.307	рюкзак-синий	7.5	25.5	снег-в-тени	0.631	64.3	1.0	-6.5	6.6	bbox	2581	140.0	140.0	140.0	551,199,4,2	14.8			
2583	2583	1.304	стакан-марка-красная	10.2	7.7	снег-розовый	0.821	57.5	1.0	-1.0	1.4	bbox	2582	131.0	131.0	131.0	581,11,3,2	14.7			
2584	2584	1.545	рюкзак-синий	8.0	33.0	снег-освещённый	0.854	71.8	1.0	-6.0	6.1	bbox	2583	161.0	161.0	161.0	134,459,3,2	14.7			
2585	2585	1.397	палка-ручка-контроль	10.5	12.9	порода-охристая	0.786	44.7	7.0	15.5	17.0	bbox	2584	83.0	83.0	83.0	504,761,3,2	14.6			
2586	2586	1.165	рюкзак-синий	6.1	24.7	снег-в-тени	0.615	63.5	2.0	-8.0	8.2	bbox	2585	10.0	10.0	10.0	1863,0,2,3	14.5			
2587	2587	1.244	стакан-марка-красная	9.8	4.9	снег-в-тени	0.717	54.7	2.0	-3.0	3.6	bbox	2586	138.0	138.0	138.0	1598,415,3,2	14.2			
2588	2588	1.417	стакан-марка-красная	11.3	3.9	снег-в-тени	0.840	53.7	0.0	-1.5	1.5	bbox	2587	21.0	21.0	21.0	1831,351,2,3	13.8			
2589	2589	1.222	рюкзак-синий	6.5	25.5	снег-в-тени	0.622	64.3	1.5	-7.5	7.6	bbox	2588	32.0	32.0	32.0	1017,563,2,4	13.8			
2590	2590	1.203	рюкзак-синий	6.1	26.1	снег-в-тени	0.660	64.9	2.0	-8.0	8.2	bbox	2589	32.0	32.0	32.0	1733,569,4,2	13.8			
2591	2591	1.187	рюкзак-синий	6.1	25.5	снег-в-тени	0.641	64.3	2.0	-8.0	8.2	bbox	2590	32.0	32.0	32.0	1885,617,4,2	13.8			
2592	2592	1.358	рюкзак-синий	8.0	25.7	снег-в-тени	0.659	64.5	1.0	-6.0	6.1	bbox	2591	182.0	182.0	182.0	118,1076,3,4	13.8			
2593	2593	1.408	стакан-марка-красная	11.2	4.9	снег-в-тени	0.909	54.7	0.0	-1.0	1.0	bbox	2592	20.0	20.0	20.0	1881,405,2,3	13.5			
2594	2594	1.585	стакан-марка-красная	12.2	12.5	порода-охристая	0.356	37.3	9.0	13.0	15.8	bbox	2593	71.0	71.0	71.0	1665,1011,3,2	13.4			
2595	2595	1.141	рюкзак-синий	9.0	5.3	снег-в-тени	0.417	44.1	1.0	-5.0	5.1	bbox	2594	169.0	169.0	169.0	969,771,2,3	13.2			
2596	2596	0.554	рюкзак-синий	4.3	3.7	снег-в-тени	1.217	42.5	4.5	-16.5	17.1	bbox	2595	75.0	75.0	75.0	335,809,2,3	13.1			
2597	2597	1.353	рюкзак-синий	7.6	27.1	снег-в-тени	0.717	65.9	2.0	-6.5	6.8	bbox	2596	183.0	183.0	183.0	1838,703,3,2	13.1			
2598	2598	0.887	рюкзак-синий	5.5	15.7	снег-в-тени	0.277	54.5	1.0	-8.5	8.6	bbox	2597	229.0	229.0	229.0	0,591,3,2	13.1			
2599	2599	0.904	рюкзак-синий	6.0	14.1	снег-в-тени	0.222	52.9	1.0	-8.0	8.1	bbox	2598	229.0	229.0	229.0	544,233,3,2	13.0			
2600	2600	1.694	палка-ручка-контроль	12.3	19.6	порода-охристая	0.442	38.0	10.5	14.5	17.9	bbox	2599	71.0	71.0	71.0	1381,879,3,2	12.0			
2601	2601	1.411	рюкзак-синий	8.0	27.9	снег-в-тени	0.729	66.7	1.0	-6.0	6.1	bbox	2600	181.0	181.0	181.0	1810,365,3,2	12.0			
2602	2602	1.747	стакан-марка-красная	10.8	31.2	снег-освещённый	0.451	81.0	1.0	-3.0	3.2	bbox	2601	115.0	115.0	115.0	1710,757,2,3	11.4			
2603	2603	1.555	стакан-марка-красная	6.7	36.7	снег-розовый	1.966	86.5	17.0	-2.0	17.1	bbox	2602	72.0	72.0	72.0	762,37,3,2	10.4			
2604	2604	0.696	рюкзак-синий	1.4	18.8	снег-в-тени	0.943	57.6	0.0	-15.0	15.0	bbox	2603	75.0	75.0	75.0	144,785,3,2	10.3			
2605	2605	1.310	стакан-марка-красная	10.2	8.4	снег-розовый	0.797	58.2	1.0	-1.0	1.4	bbox	2604	147.0	147.0	147.0	1668,639,3,2	10.0			
