ранг	ранг_в_группе	расстояние	сигнатура	d_ab	d_L	ловушка	d_ловушки	L	a	b	C	цвет_измерен	track	t_best	t0	t1	bbox	score	lat	lon	alt
1	1	0.452	палка-ручка-контроль	3.6	0.8	лишайник-жёлтый-на-камне	1.263	58.4	9.0	24.0	25.6	bbox	0	8.0	7.0	11.0	229,579,63,34	3588.2	39.4834882	73.5851945	4563.6
2	2	1.147	палка-ручка-контроль	8.5	11.7	порода-охристая	1.569	45.9	14.0	23.0	26.9	bbox	1	41.0	39.0	45.0	181,443,38,44	2965.8	39.4834869	73.5851933	4563.5
3	3	1.239	палка-ручка-пробка	8.2	19.2	лишайник-жёлтый-на-камне	0.746	56.5	7.0	15.0	16.6	bbox	2	14.0	13.0	17.0	119,9,42,66	2949.5	39.4834866	73.5851942	4563.5
4	4	1.892	стакан-марка-красная	14.6	14.5	порода-охристая	0.716	35.3	15.0	15.0	21.2	bbox	3	6.0	4.0	11.0	29,143,48,47	2703.7	39.4834883	73.5851946	4563.5
5	5	1.334	палка-ручка-пробка	8.5	22.4	порода-охристая	0.822	53.3	8.0	15.0	17.0	bbox	4	20.0	19.0	20.0	39,151,23,61	2417.6	39.4834881	73.5851939	4563.5
6	6	1.177	палка-ручка-пробка	7.2	21.2	лишайник-жёлтый-на-камне	0.959	54.5	9.0	17.0	19.2	bbox	5	78.1	76.1	79.1	0,280,33,27	2379.1	39.4834857	73.5851921	4563.6
7	7	1.370	стакан-марка-красная	9.9	16.5	снег-розовый	0.888	66.3	4.0	8.0	8.9	bbox	6	91.1	88.1	91.1	91,657,30,32	2165.1	39.4834906	73.5851908	4563.5
8	8	1.544	палка-ручка-контроль	11.7	14.3	порода-охристая	0.661	43.3	12.0	16.0	20.0	bbox	7	69.1	67.1	70.1	0,617,17,72	2163.4	39.4834882	73.5851915	4563.5
9	9	2.161	палка-ручка-контроль	13.5	38.0	порода-охристая	1.045	19.6	15.0	16.0	21.9	bbox	8	71.1	69.1	72.1	43,959,32,37	2122.9	39.4834879	73.5851915	4563.5
10	10	1.812	стакан-марка-красная	13.9	14.5	снег-розовый	0.963	64.3	-1.0	8.0	8.1	bbox	9	2.0	0.0	3.0	183,1005,26,75	2096.0	39.4834879	73.5851948	4563.5
11	11	1.135	палка-ручка-контроль	8.2	13.3	порода-охристая	1.681	44.3	14.0	24.0	27.8	bbox	10	4.0	0.0	4.0	0,435,33,36	2053.5	39.4834884	73.5851947	4563.5
12	12	1.194	палка-ручка-контроль	8.9	11.7	порода-охристая	1.450	45.9	14.0	22.0	26.1	bbox	11	39.0	39.0	45.0	197,247,28,36	1842.7	39.4834880	73.5851935	4563.5
13	13	0.846	палка-ручка-контроль	6.7	3.1	лишайник-жёлтый-на-камне	1.510	54.5	12.0	23.0	25.9	bbox	12	38.0	37.0	44.0	517,139,26,32	1834.3	39.4834882	73.5851933	4563.5
14	14	1.911	стакан-марка-красная	13.9	22.4	снег-розовый	0.861	72.2	-1.0	8.0	8.1	bbox	13	66.1	66.1	69.1	835,35,28,36	1820.0	39.4834880	73.5851916	4563.6
15	15	0.477	палка-ручка-пробка	3.2	7.5	лишайник-жёлтый-на-камне	1.157	68.2	8.0	24.0	25.3	bbox	14	12.0	9.0	12.0	0,791,23,28	1783.7	39.4834870	73.5851942	4563.5
16	16	1.415	палка-ручка-контроль	10.2	17.2	порода-охристая	0.732	40.4	8.0	16.0	17.9	bbox	15	7.0	7.0	7.0	57,971,32,38	1630.1	39.4834883	73.5851947	4563.5
17	17	1.883	рюкзак-синий	13.0	26.6	порода-в-тени	0.406	12.2	-4.0	-2.0	4.5	bbox	16	23.0	23.0	26.0	595,191,77,17	1606.1	39.4834899	73.5851933	4563.5
18	18	2.332	палка-ручка-пробка	18.6	5.1	снег-освещённый	1.234	70.6	-6.0	8.0	10.0	bbox	17	6.0	3.0	9.0	0,869,15,56	1581.4	39.4834883	73.5851946	4563.5
19	19	0.810	палка-ручка-пробка	6.1	7.9	лишайник-жёлтый-на-камне	0.507	67.8	6.0	17.0	18.0	bbox	18	7.0	7.0	7.0	0,5,23,26	1545.8	39.4834883	73.5851947	4563.5
20	20	1.431	стакан-марка-красная	11.2	8.6	порода-в-тени	0.783	41.2	0.0	-1.0	1.0	bbox	19	7.0	7.0	7.0	1835,979,30,31	1535.3	39.4834883	73.5851947	4563.5
21	21	1.790	палка-ручка-контроль	14.1	7.8	порода-охристая	0.973	49.8	16.0	16.0	22.6	bbox	20	17.0	17.0	19.0	469,31,40,26	1533.3	39.4834865	73.5851942	4563.5
22	22	1.653	стакан-марка-красная	13.2	4.7	порода-охристая	0.510	45.1	13.0	14.0	19.1	bbox	21	13.0	12.0	19.0	571,76,29,29	1513.3	39.4834867	73.5851941	4563.5
23	23	0.674	палка-ручка-пробка	5.0	7.1	лишайник-жёлтый-на-камне	1.255	68.6	10.0	23.0	25.1	bbox	22	13.0	5.0	16.0	93,285,30,20	1511.1	39.4834867	73.5851941	4563.5
24	24	0.966	палка-ручка-пробка	7.3	9.0	лишайник-жёлтый-на-камне	0.639	66.7	7.0	16.0	17.5	bbox	23	69.1	56.1	71.1	0,881,38,16	1497.5	39.4834882	73.5851915	4563.5
25	25	2.039	стакан-марка-красная	16.1	8.6	корка-жёлтая-на-скале	0.920	58.4	-3.0	9.0	9.5	bbox	24	11.0	8.0	12.0	163,465,22,26	1488.7	39.4834874	73.5851942	4563.5
26	26	0.891	палка-ручка-пробка	7.1	3.2	лишайник-жёлтый-на-камне	0.376	72.5	4.0	16.0	16.5	bbox	25	42.0	37.0	44.0	91,581,18,36	1275.6	39.4834863	73.5851937	4563.6
27	27	1.287	стакан-марка-красная	10.0	7.8	порода-охристая	0.699	57.6	10.0	11.0	14.9	bbox	26	6.0	5.0	6.0	128,132,17,31	1209.7	39.4834883	73.5851946	4563.5
28	28	1.927	стакан-марка-красная	15.3	7.5	корка-жёлтая-на-скале	0.860	57.3	-2.0	9.0	9.2	bbox	27	71.1	70.1	71.1	225,0,20,25	1203.1	39.4834879	73.5851915	4563.5
29	29	2.425	палка-ручка-пробка	19.2	9.6	снег-освещённый	1.260	85.3	-7.0	8.0	10.6	bbox	28	4.0	0.0	4.0	73,999,12,38	1199.8	39.4834884	73.5851947	4563.5
30	30	0.941	палка-ручка-пробка	6.7	12.0	лишайник-жёлтый-на-камне	0.753	63.7	8.0	17.0	18.8	bbox	29	64.1	61.1	66.1	129,400,30,25	1173.3	39.4834878	73.5851924	4563.6
31	31	1.232	стакан-марка-красная	9.8	1.2	порода-охристая	0.684	51.0	7.0	10.0	12.2	bbox	30	21.0	18.0	21.0	33,55,18,27	1163.3	39.4834887	73.5851935	4563.5
32	32	1.398	стакан-марка-красная	10.6	12.2	снег-розовый	0.943	62.0	3.0	8.0	8.5	bbox	31	102.1	100.1	103.1	1297,449,22,16	1152.6	39.4834916	73.5851920	4563.6
33	33	1.971	палка-ручка-контроль	14.9	18.4	порода-охристая	0.977	39.2	17.0	16.0	23.3	bbox	32	19.0	19.0	19.0	9,0,38,11	1127.3	39.4834874	73.5851940	4563.5
34	34	1.494	палка-ручка-контроль	10.4	20.3	порода-охристая	1.626	37.3	16.0	23.0	28.0	bbox	33	0.0	0.0	2.0	212,453,37,24	1112.6	39.4834871	73.5851948	4563.6
35	35	1.466	стакан-марка-красная	11.7	2.4	порода-охристая	0.712	52.2	7.0	12.0	13.9	bbox	34	17.0	9.0	17.0	53,569,35,26	1109.7	39.4834865	73.5851942	4563.5
36	36	0.483	палка-ручка-контроль	2.2	11.0	лишайник-жёлтый-на-камне	1.255	68.6	8.0	25.0	26.2	bbox	35	3.0	2.0	3.0	41,509,22,27	1103.3	39.4834884	73.5851946	4563.5
37	37	0.967	палка-ручка-пробка	7.6	4.7	лишайник-жёлтый-на-камне	0.785	71.0	8.0	16.0	17.9	bbox	36	53.1	45.0	55.1	145,759,23,36	1078.8	39.4834877	73.5851937	4563.5
38	38	1.338	стакан-марка-красная	9.2	19.0	снег-розовый	0.337	68.8	2.0	3.0	3.6	bbox	37	29.0	29.0	29.0	33,0,48,35	1073.8	39.4834907	73.5851928	4563.6
39	39	1.212	рюкзак-синий	6.4	25.5	снег-в-тени	1.463	13.3	6.0	-10.0	11.7	bbox	38	24.0	24.0	25.0	163,955,18,28	1073.1	39.4834902	73.5851934	4563.5
40	40	2.232	палка-ручка-пробка	17.8	4.7	снег-освещённый	1.334	71.0	-6.0	9.0	10.8	bbox	39	6.0	1.0	11.0	33,793,12,40	1064.3	39.4834883	73.5851946	4563.5
41	41	0.990	стакан-марка-красная	7.8	4.5	порода-охристая	0.982	54.3	6.0	7.0	9.2	bbox	40	89.1	89.1	91.1	1713,801,24,15	1063.5	39.4834900	73.5851911	4563.5
42	42	1.813	палка-ручка-контроль	14.1	11.3	порода-охристая	0.928	46.3	16.0	16.0	22.6	bbox	41	36.0	36.0	38.0	16,630,25,22	1060.2	39.4834888	73.5851927	4563.6
43	43	1.860	стакан-марка-красная	11.0	34.9	порода-в-тени	0.492	14.9	0.0	2.0	2.0	bbox	42	62.1	62.1	66.1	1074,0,48,9	1049.3	39.4834875	73.5851925	4563.5
44	44	1.521	стакан-марка-красная	11.4	14.9	корка-жёлтая-на-скале	1.020	34.9	2.0	8.0	8.2	bbox	43	104.1	104.1	106.1	683,802,22,23	1029.0	39.4834914	73.5851920	4563.5
45	45	1.501	палка-ручка-контроль	10.6	19.6	порода-охристая	1.068	38.0	14.0	19.0	23.6	bbox	44	67.1	59.1	71.1	0,591,18,35	1007.0	39.4834880	73.5851917	4563.5
46	46	0.903	стакан-марка-красная	6.7	9.4	порода-охристая	0.971	59.2	8.0	7.0	10.6	bbox	45	6.0	5.0	10.0	0,345,20,23	993.1	39.4834883	73.5851946	4563.5
47	47	1.680	стакан-марка-красная	13.0	11.4	снег-освещённый	0.712	61.2	-2.0	0.0	2.0	bbox	46	22.0	22.0	22.0	913,161,64,22	980.8	39.4834892	73.5851932	4563.6
48	48	2.254	палка-ручка-контроль	14.1	39.2	порода-охристая	1.136	18.4	16.0	16.0	22.6	bbox	47	67.1	66.1	71.1	75,759,16,26	967.2	39.4834880	73.5851917	4563.5
49	49	0.715	рюкзак-синий	5.7	3.0	снег-в-тени	1.414	41.8	5.0	-18.0	18.7	bbox	48	91.1	91.1	91.1	81,179,18,18	947.1	39.4834906	73.5851908	4563.5
50	50	0.797	палка-ручка-пробка	5.8	9.0	лишайник-жёлтый-на-камне	0.761	66.7	8.0	18.0	19.7	bbox	49	18.0	17.0	20.0	402,150,23,27	945.2	39.4834867	73.5851941	4563.5
51	51	0.953	палка-ручка-пробка	7.2	8.6	лишайник-жёлтый-на-камне	0.877	67.1	9.0	17.0	19.2	bbox	50	60.1	57.1	61.1	451,168,29,15	935.0	39.4834875	73.5851936	4563.6
52	52	1.511	палка-ручка-пробка	10.8	19.2	порода-охристая	0.736	56.5	9.0	13.0	15.8	bbox	51	35.0	35.0	39.0	65,511,17,22	917.3	39.4834893	73.5851927	4563.6
53	53	1.273	палка-ручка-пробка	8.1	21.8	лишайник-жёлтый-на-камне	0.695	53.9	6.0	15.0	16.2	bbox	52	58.1	57.1	66.1	87,41,34,18	903.6	39.4834871	73.5851940	4563.6
54	54	0.738	палка-ручка-пробка	5.8	3.2	лишайник-жёлтый-на-камне	0.801	72.5	8.0	18.0	19.7	bbox	53	3.0	0.0	4.0	9,727,17,26	900.2	39.4834884	73.5851946	4563.5
55	55	1.510	стакан-марка-красная	11.7	11.0	корка-жёлтая-на-скале	1.058	38.8	1.0	7.0	7.1	bbox	54	106.1	100.1	106.1	856,934,41,11	875.3	39.4834921	73.5851921	4563.6
56	56	2.431	стакан-марка-красная	16.1	38.0	снег-освещённый	0.674	87.8	-5.0	3.0	5.8	bbox	55	6.0	5.0	6.0	623,161,64,16	872.7	39.4834883	73.5851946	4563.5
57	57	1.204	палка-ручка-контроль	9.2	9.8	порода-охристая	1.201	47.8	13.0	20.0	23.9	bbox	56	8.0	8.0	11.0	145,439,34,26	869.4	39.4834882	73.5851945	4563.6
58	58	0.729	палка-ручка-пробка	5.8	0.0	лишайник-жёлтый-на-камне	0.843	75.7	8.0	18.0	19.7	bbox	57	3.0	3.0	4.0	103,636,19,17	865.5	39.4834884	73.5851946	4563.5
59	59	1.536	палка-ручка-контроль	12.0	8.6	порода-охристая	1.077	49.0	15.0	18.0	23.4	bbox	58	48.0	39.0	50.1	363,946,16,42	858.6	39.4834874	73.5851938	4563.6
60	60	0.821	палка-ручка-пробка	5.0	14.9	лишайник-жёлтый-на-камне	0.967	60.8	9.0	20.0	21.9	bbox	59	17.0	8.0	19.0	437,675,26,22	854.1	39.4834865	73.5851942	4563.5
61	61	1.945	стакан-марка-красная	15.3	10.6	корка-жёлтая-на-скале	0.910	60.4	-2.0	9.0	9.2	bbox	60	75.1	68.1	77.1	193,817,20,24	850.2	39.4834858	73.5851922	4563.5
62	62	1.788	рюкзак-синий	12.0	27.0	порода-в-тени	0.416	11.8	0.0	-2.0	2.0	bbox	61	28.0	27.0	28.0	409,225,34,8	846.2	39.4834910	73.5851928	4563.5
63	63	1.248	палка-ручка-пробка	8.1	20.6	лишайник-жёлтый-на-камне	0.671	55.1	6.0	15.0	16.2	bbox	62	0.0	0.0	1.0	41,254,14,42	845.1	39.4834871	73.5851948	4563.6
64	64	1.742	стакан-марка-красная	13.6	10.6	корка-жёлтая-на-скале	0.874	60.4	0.0	9.0	9.0	bbox	63	100.1	100.1	100.1	1825,343,24,10	799.5	39.4834916	73.5851921	4563.5
65	65	1.794	палка-ручка-пробка	14.3	3.5	лишайник-жёлтый-на-камне	0.981	72.2	-1.0	10.0	10.0	bbox	64	78.1	75.1	78.1	0,1012,15,23	794.7	39.4834857	73.5851921	4563.6
66	66	0.714	палка-ручка-пробка	5.7	2.7	лишайник-жёлтый-на-камне	1.020	78.4	9.0	19.0	21.0	bbox	65	41.0	39.0	45.0	195,281,26,30	779.5	39.4834869	73.5851933	4563.5
67	67	1.800	палка-ручка-контроль	13.5	18.0	порода-охристая	0.802	39.6	15.0	16.0	21.9	bbox	66	56.1	46.0	57.1	65,851,16,26	771.8	39.4834871	73.5851941	4563.5
68	68	0.927	стакан-марка-красная	7.1	7.8	снег-розовый	1.004	57.6	6.0	6.0	8.5	bbox	67	92.1	92.1	92.1	1539,791,30,12	770.0	39.4834913	73.5851908	4563.6
69	69	0.907	палка-ручка-пробка	7.2	2.8	лишайник-жёлтый-на-камне	0.914	72.9	9.0	17.0	19.2	bbox	68	46.0	38.0	47.0	157,919,19,22	762.1	39.4834859	73.5851938	4563.5
70	70	1.179	палка-ручка-контроль	9.2	7.0	лишайник-жёлтый-на-камне	0.920	50.6	8.0	17.0	18.8	bbox	69	7.0	7.0	12.0	281,729,22,18	761.7	39.4834883	73.5851947	4563.5
71	71	0.794	стакан-марка-красная	5.0	13.7	порода-охристая	0.843	36.1	8.0	5.0	9.4	bbox	70	102.1	100.1	106.1	626,57,28,16	760.3	39.4834916	73.5851920	4563.6
72	72	1.853	рюкзак-синий	13.0	24.7	порода-в-тени	0.336	14.1	0.0	-1.0	1.0	bbox	71	103.1	99.1	103.1	278,819,17,23	748.0	39.4834915	73.5851920	4563.6
73	73	1.875	стакан-марка-красная	11.4	34.1	порода-в-тени	0.694	15.7	0.0	4.0	4.0	bbox	72	71.1	70.1	80.1	897,81,27,20	747.6	39.4834879	73.5851915	4563.5
74	74	1.099	стакан-марка-красная	7.8	14.1	снег-розовый	0.793	63.9	5.0	6.0	7.8	bbox	73	89.1	89.1	90.1	593,583,24,16	746.0	39.4834900	73.5851911	4563.5
75	75	1.024	стакан-марка-красная	7.8	8.6	снег-розовый	1.053	58.4	6.0	7.0	9.2	bbox	74	89.1	89.1	89.1	1625,775,24,14	745.0	39.4834900	73.5851911	4563.5
76	76	1.931	рюкзак-синий	13.0	29.0	порода-в-тени	0.454	9.8	0.0	-1.0	1.0	bbox	75	79.1	79.1	83.1	1735,21,36,14	729.7	39.4834861	73.5851921	4563.6
77	77	1.279	стакан-марка-красная	9.9	9.0	порода-охристая	0.956	40.8	4.0	8.0	8.9	bbox	76	105.1	104.1	106.1	1570,161,15,22	727.4	39.4834915	73.5851921	4563.5
78	78	2.449	стакан-марка-красная	18.4	23.1	снег-освещённый	1.016	72.9	-7.0	5.0	8.6	bbox	77	24.0	24.0	25.0	95,1011,12,44	726.5	39.4834902	73.5851934	4563.5
79	79	1.827	палка-ручка-контроль	14.1	12.9	порода-охристая	0.912	44.7	16.0	16.0	22.6	bbox	78	57.1	50.1	62.1	125,789,16,18	713.3	39.4834870	73.5851940	4563.5
80	80	1.409	рюкзак-синий	10.2	16.8	снег-в-тени	1.730	22.0	11.0	-12.0	16.3	bbox	79	3.0	3.0	5.0	1593,0,24,7	705.4	39.4834884	73.5851946	4563.5
81	81	1.254	предмет-оранжевый	9.8	6.7	порода-охристая	1.981	57.6	16.0	25.0	29.7	bbox	80	0.0	0.0	2.0	55,941,18,16	699.4	39.4834871	73.5851948	4563.6
82	82	2.145	стакан-марка-красная	15.2	27.7	снег-розовый	0.884	77.5	-3.0	7.0	7.6	bbox	81	6.0	6.0	6.0	545,263,24,26	698.0	39.4834883	73.5851946	4563.5
83	83	1.781	стакан-марка-красная	13.6	14.9	порода-охристая	0.637	34.9	15.0	14.0	20.5	bbox	82	73.1	73.1	81.1	787,219,22,14	691.0	39.4834868	73.5851916	4563.6
84	84	0.900	стакан-марка-красная	7.1	4.7	порода-охристая	1.055	54.5	6.0	6.0	8.5	bbox	83	90.1	90.1	90.1	447,603,20,16	690.7	39.4834902	73.5851908	4563.5
85	85	1.232	стакан-марка-красная	9.2	12.2	снег-розовый	1.008	62.0	5.0	8.0	9.4	bbox	84	33.0	29.0	34.0	9,272,28,17	684.7	39.4834897	73.5851925	4563.5
86	86	1.639	рюкзак-синий	10.3	28.4	порода-в-тени	1.174	10.4	6.0	-5.0	7.8	bbox	85	27.0	24.0	27.0	85,984,22,21	678.0	39.4834908	73.5851928	4563.5
87	87	1.328	стакан-марка-красная	10.0	12.6	снег-розовый	0.838	62.4	3.0	7.0	7.6	bbox	86	102.1	101.1	103.1	1635,819,14,14	677.9	39.4834916	73.5851920	4563.6
88	88	1.797	палка-ручка-контроль	14.1	9.0	порода-охристая	0.956	48.6	16.0	16.0	22.6	bbox	87	11.0	7.0	12.0	271,675,18,16	673.1	39.4834874	73.5851942	4563.5
89	89	0.552	стакан-марка-красная	4.2	4.3	порода-охристая	0.985	45.5	8.0	4.0	8.9	bbox	88	102.1	89.1	103.1	101,909,20,12	664.3	39.4834916	73.5851920	4563.6
90	90	1.911	палка-ручка-пробка	15.2	4.7	снег-розовый	0.981	71.0	-1.0	9.0	9.1	bbox	89	78.1	78.1	79.1	115,986,6,37	664.2	39.4834857	73.5851921	4563.6
91	91	1.412	рюкзак-синий	6.1	33.3	порода-в-тени	1.140	5.5	2.0	-8.0	8.2	bbox	90	91.1	91.1	91.1	840,673,19,31	662.5	39.4834906	73.5851908	4563.5
92	92	1.868	палка-ручка-контроль	12.7	27.4	порода-охристая	0.948	30.2	15.0	17.0	22.7	bbox	91	56.1	54.1	62.1	200,457,25,16	659.3	39.4834871	73.5851941	4563.5
93	93	0.542	палка-ручка-пробка	4.1	4.7	лишайник-жёлтый-на-камне	1.253	71.0	9.0	24.0	25.6	bbox	92	17.0	17.0	17.0	13,517,16,12	646.5	39.4834865	73.5851942	4563.5
94	94	0.988	палка-ручка-пробка	7.3	10.8	лишайник-жёлтый-на-камне	0.178	64.9	3.0	16.0	16.3	bbox	93	74.1	74.1	75.1	139,851,12,14	633.6	39.4834863	73.5851919	4563.6
95	95	1.928	палка-ручка-контроль	13.1	28.6	порода-охристая	0.996	29.0	15.5	17.0	23.0	bbox	94	56.1	56.1	57.1	28,561,21,12	631.9	39.4834871	73.5851941	4563.5
96	96	1.186	палка-ручка-пробка	7.6	19.8	лишайник-жёлтый-на-камне	0.834	55.9	8.0	16.0	17.9	bbox	95	36.0	36.0	36.0	27,897,14,24	625.3	39.4834888	73.5851927	4563.6
97	97	0.565	стакан-марка-красная	4.2	5.5	порода-охристая	0.975	44.3	8.0	4.0	8.9	bbox	96	104.1	101.1	105.1	629,913,18,12	610.1	39.4834914	73.5851920	4563.5
98	98	1.200	палка-ручка-пробка	9.5	5.1	лишайник-жёлтый-на-камне	1.001	80.8	8.0	14.0	16.1	bbox	97	41.0	38.0	45.0	208,241,12,35	591.4	39.4834869	73.5851933	4563.5
99	99	2.007	стакан-марка-красная	15.7	12.5	корка-жёлтая-на-скале	1.024	37.3	-3.0	8.0	8.5	bbox	98	88.1	88.1	88.1	97,465,12,20	588.1	39.4834900	73.5851917	4563.5
100	100	1.080	рюкзак-синий	8.6	2.8	снег-в-тени	0.792	41.6	6.0	-7.0	9.2	bbox	99	6.0	6.0	6.0	1405,102,33,9	577.7	39.4834883	73.5851946	4563.5
101	101	0.674	палка-ручка-пробка	5.0	7.1	лишайник-жёлтый-на-камне	1.255	68.6	10.0	23.0	25.1	bbox	100	40.0	39.0	45.0	711,459,12,28	575.7	39.4834874	73.5851933	4563.5
102	102	1.733	палка-ручка-контроль	12.8	18.6	порода-охристая	1.076	39.0	16.0	18.0	24.1	bbox	101	52.1	48.0	53.1	217,587,16,18	570.8	39.4834880	73.5851937	4563.5
103	103	0.665	палка-ручка-контроль	5.0	6.3	лишайник-жёлтый-на-камне	1.251	63.9	10.0	23.0	25.1	bbox	102	43.0	37.0	45.0	690,813,15,16	568.6	39.4834858	73.5851937	4563.6
104	104	0.916	стакан-марка-красная	5.1	18.4	порода-в-тени	1.138	31.4	6.0	2.0	6.3	bbox	103	58.1	55.1	62.1	661,248,26,27	565.3	39.4834871	73.5851940	4563.6
105	105	0.693	палка-ручка-контроль	5.4	4.7	лишайник-жёлтый-на-камне	1.494	52.9	11.0	24.0	26.4	bbox	104	4.0	3.0	4.0	41,439,24,20	561.7	39.4834884	73.5851947	4563.5
106	106	1.971	стакан-марка-красная	8.2	47.1	порода-в-тени	0.888	2.7	3.0	-1.0	3.2	bbox	105	77.1	77.1	78.1	563,883,18,17	559.5	39.4834855	73.5851921	4563.6
107	107	1.811	рюкзак-синий	12.0	28.2	порода-в-тени	0.448	10.6	0.0	-2.0	2.0	bbox	106	27.0	27.0	34.0	313,209,23,15	555.1	39.4834908	73.5851928	4563.5
108	108	1.679	палка-ручка-контроль	11.2	26.0	порода-охристая	0.671	31.6	8.0	15.0	17.0	bbox	107	72.1	70.1	78.1	643,361,18,18	552.3	39.4834874	73.5851915	4563.6
109	109	1.222	стакан-марка-красная	9.4	9.0	порода-охристая	0.679	40.8	6.0	9.0	10.8	bbox	108	31.0	31.0	31.0	38,89,33,16	551.4	39.4834898	73.5851924	4563.5
110	110	0.901	рюкзак-синий	6.1	13.6	снег-в-тени	0.163	52.4	0.0	-8.0	8.0	bbox	109	24.0	24.0	26.0	453,311,18,30	549.3	39.4834902	73.5851934	4563.5
111	111	1.476	палка-ручка-контроль	11.2	13.3	порода-охристая	1.802	44.3	17.0	24.0	29.4	bbox	110	2.0	0.0	2.0	43,497,20,12	544.6	39.4834879	73.5851948	4563.5
112	112	1.049	палка-ручка-пробка	8.0	8.8	лишайник-жёлтый-на-камне	0.453	66.9	5.0	15.0	15.8	bbox	111	67.1	65.1	71.1	65,245,22,10	544.1	39.4834880	73.5851917	4563.5
113	113	1.677	стакан-марка-красная	10.6	28.6	порода-охристая	1.232	21.2	3.0	8.0	8.5	bbox	112	92.1	92.1	92.1	1365,29,12,18	538.5	39.4834913	73.5851908	4563.6
114	114	0.873	рюкзак-синий	4.0	20.0	снег-в-тени	0.483	58.8	1.0	-10.0	10.0	bbox	113	89.1	89.1	92.1	337,149,20,19	537.3	39.4834900	73.5851911	4563.5
115	115	0.985	рюкзак-синий	7.3	10.6	снег-в-тени	0.803	28.2	3.0	-7.0	7.6	bbox	114	26.0	24.0	27.0	276,561,21,24	537.0	39.4834906	73.5851926	4563.5
116	116	1.617	стакан-марка-красная	9.5	30.8	порода-охристая	0.797	19.0	14.0	10.0	17.2	bbox	115	81.1	80.1	83.1	623,512,18,14	535.4	39.4834876	73.5851921	4563.5
117	117	2.187	палка-ручка-пробка	17.5	0.8	снег-розовый	1.061	76.5	-4.0	8.0	8.9	bbox	116	1.0	0.0	3.0	353,69,15,12	534.7	39.4834876	73.5851948	4563.6
118	118	1.008	палка-ручка-пробка	7.3	12.2	лишайник-жёлтый-на-камне	0.641	63.5	7.0	16.0	17.5	bbox	117	54.1	46.0	54.1	71,865,10,21	533.2	39.4834875	73.5851940	4563.5
119	119	1.077	палка-ручка-пробка	8.6	1.6	лишайник-жёлтый-на-камне	0.504	77.3	0.0	16.0	16.0	bbox	118	15.0	8.0	17.0	225,515,12,14	529.5	39.4834866	73.5851941	4563.5
120	120	1.507	палка-ручка-контроль	11.7	10.1	порода-охристая	0.608	47.5	10.0	15.0	18.0	bbox	119	75.1	68.1	75.1	386,632,22,15	528.2	39.4834858	73.5851922	4563.5
121	121	0.815	стакан-марка-красная	6.4	4.3	порода-охристая	0.839	45.5	7.0	6.0	9.2	bbox	120	99.1	99.1	106.1	743,325,18,8	525.4	39.4834915	73.5851920	4563.5
122	122	0.448	стакан-марка-красная	3.2	5.9	снег-розовый	1.112	55.7	8.0	0.0	8.0	bbox	121	89.1	89.1	89.1	1623,467,16,15	522.6	39.4834900	73.5851911	4563.5
123	123	1.713	стакан-марка-красная	13.3	11.0	порода-охристая	0.531	38.8	14.0	14.0	19.8	bbox	122	34.0	32.0	36.0	85,327,28,16	519.5	39.4834898	73.5851926	4563.5
124	124	0.376	палка-ручка-пробка	2.0	7.9	лишайник-жёлтый-на-камне	0.980	67.8	7.0	23.0	24.0	bbox	123	8.0	8.0	12.0	281,647,24,8	517.3	39.4834882	73.5851945	4563.6
125	125	1.355	стакан-марка-красная	10.4	10.2	порода-охристая	0.377	39.6	14.0	11.0	17.8	bbox	124	13.0	13.0	19.0	561,0,16,29	517.1	39.4834867	73.5851941	4563.5
126	126	1.167	палка-ручка-пробка	8.2	15.3	лишайник-жёлтый-на-камне	0.697	60.4	7.0	15.0	16.6	bbox	125	75.1	75.1	79.1	0,9,13,18	516.9	39.4834858	73.5851922	4563.5
127	127	0.830	стакан-марка-красная	5.0	15.3	порода-охристая	0.850	34.5	8.0	5.0	9.4	bbox	126	103.1	101.1	103.1	651,0,22,9	515.5	39.4834915	73.5851920	4563.6
128	128	1.153	палка-ручка-пробка	9.2	0.6	лишайник-жёлтый-на-камне	0.824	76.3	7.0	14.0	15.7	bbox	127	51.1	46.0	55.1	117,462,14,18	513.5	39.4834884	73.5851937	4563.5
129	129	1.129	рюкзак-синий	5.8	24.1	снег-в-тени	0.747	62.9	4.0	-9.0	9.8	bbox	128	26.0	25.0	27.0	0,155,15,18	511.3	39.4834906	73.5851926	4563.5
130	130	2.060	стакан-марка-красная	15.2	22.0	корка-жёлтая-на-скале	0.873	27.8	-0.5	11.0	11.0	bbox	129	73.1	71.1	80.1	281,361,14,14	511.2	39.4834868	73.5851916	4563.6
131	131	0.397	палка-ручка-контроль	2.2	7.9	лишайник-жёлтый-на-камне	1.075	65.5	7.0	24.0	25.0	bbox	130	4.0	0.0	4.0	65,547,16,14	510.7	39.4834884	73.5851947	4563.5
132	132	1.618	стакан-марка-красная	3.2	43.9	порода-в-тени	1.404	5.9	8.0	2.0	8.2	bbox	131	106.1	103.1	106.1	75,1035,22,17	510.5	39.4834921	73.5851921	4563.6
133	133	1.565	стакан-марка-красная	10.8	22.3	порода-охристая	0.635	27.5	15.0	11.0	18.6	bbox	132	20.0	18.0	20.0	225,9,16,16	502.1	39.4834881	73.5851939	4563.5
134	134	1.773	стакан-марка-красная	13.6	14.1	корка-жёлтая-на-скале	0.946	63.9	0.0	9.0	9.0	bbox	133	67.1	67.1	67.1	299,139,22,16	500.2	39.4834880	73.5851917	4563.5
135	135	0.794	стакан-марка-красная	5.4	11.8	снег-розовый	0.770	61.6	6.0	3.0	6.7	bbox	134	104.1	104.1	106.1	617,757,16,12	491.9	39.4834914	73.5851920	4563.5
136	136	1.251	стакан-марка-красная	10.0	1.6	порода-охристая	0.916	51.4	5.0	9.0	10.3	bbox	135	94.1	93.1	98.1	34,800,21,13	486.5	39.4834920	73.5851909	4563.6
137	137	2.231	стакан-марка-красная	17.1	18.0	снег-освещённый	1.109	67.8	-5.0	7.0	8.6	bbox	136	24.0	24.0	27.0	129,211,26,10	485.9	39.4834902	73.5851934	4563.5
138	138	1.340	рюкзак-синий	10.0	13.5	снег-в-тени	2.115	25.3	7.0	-22.0	23.1	bbox	137	91.1	91.1	91.1	363,279,15,10	483.5	39.4834906	73.5851908	4563.5
139	139	2.718	палка-ручка-пробка	21.4	13.5	снег-освещённый	1.191	89.2	-8.0	6.0	10.0	bbox	138	27.0	24.0	27.0	53,521,8,22	481.9	39.4834908	73.5851928	4563.5
140	140	1.066	палка-ручка-пробка	6.7	18.4	лишайник-жёлтый-на-камне	0.806	57.3	8.0	17.0	18.8	bbox	139	56.1	53.1	56.1	0,1065,15,15	476.8	39.4834871	73.5851941	4563.5
141	141	0.886	рюкзак-синий	6.1	12.7	снег-в-тени	1.461	26.1	7.0	-15.0	16.6	bbox	140	89.1	89.1	89.1	149,197,14,20	476.1	39.4834900	73.5851911	4563.5
142	142	1.394	стакан-марка-красная	10.0	17.3	снег-розовый	0.416	67.1	1.0	1.0	1.4	bbox	141	58.1	58.1	59.1	257,985,14,22	475.3	39.4834871	73.5851940	4563.6
143	143	1.759	палка-ручка-контроль	12.1	25.2	порода-охристая	0.545	32.4	11.0	15.0	18.6	bbox	142	73.1	73.1	80.1	235,21,16,19	470.6	39.4834868	73.5851916	4563.6
144	144	1.335	палка-ручка-пробка	8.2	23.7	лишайник-жёлтый-на-камне	0.829	52.0	7.0	15.0	16.6	bbox	143	74.1	72.1	76.1	427,573,11,18	468.0	39.4834863	73.5851919	4563.6
145	145	1.674	палка-ручка-контроль	12.8	13.7	порода-охристая	0.755	43.9	14.0	16.0	21.3	bbox	144	74.1	70.1	78.1	939,489,16,15	467.1	39.4834863	73.5851919	4563.6
146	146	0.616	стакан-марка-красная	4.5	7.3	снег-в-тени	1.252	42.5	7.0	-1.0	7.1	bbox	145	99.1	96.1	99.1	97,934,24,7	461.6	39.4834915	73.5851920	4563.5
147	147	2.041	палка-древко-контроль	16.1	9.0	порода-в-тени	1.214	50.6	-6.0	1.0	6.1	bbox	146	29.0	29.0	33.0	1883,225,10,30	461.2	39.4834907	73.5851928	4563.6
148	148	0.807	палка-ручка-пробка	4.5	16.3	лишайник-жёлтый-на-камне	0.707	59.4	7.0	19.0	20.2	bbox	147	60.1	57.1	60.1	161,169,14,12	457.7	39.4834875	73.5851936	4563.6
149	149	1.732	палка-ручка-контроль	13.0	16.4	порода-охристая	0.568	41.2	13.0	15.0	19.8	bbox	148	20.0	20.0	20.0	223,71,14,18	456.3	39.4834881	73.5851939	4563.5
150	150	0.801	палка-ручка-пробка	6.4	0.8	лишайник-жёлтый-на-камне	0.967	76.5	9.0	18.0	20.1	bbox	149	54.1	46.0	55.1	92,724,13,14	455.5	39.4834875	73.5851940	4563.5
151	151	1.355	стакан-марка-красная	5.4	32.9	порода-в-тени	1.008	16.9	6.0	-1.0	6.1	bbox	150	2.0	0.0	2.0	1703,193,26,12	454.1	39.4834879	73.5851948	4563.5
152	152	1.635	палка-ручка-контроль	12.2	16.4	порода-охристая	0.680	41.2	13.0	16.0	20.6	bbox	151	79.1	79.1	79.1	161,21,21,12	453.7	39.4834861	73.5851921	4563.6
153	153	2.338	стакан-марка-красная	17.7	21.0	снег-освещённый	1.040	70.8	-6.0	6.0	8.5	bbox	152	28.0	24.0	28.0	201,1005,12,12	448.7	39.4834910	73.5851928	4563.5
154	154	2.288	палка-ручка-пробка	18.0	11.2	снег-освещённый	1.139	86.9	-5.0	8.0	9.4	bbox	153	3.0	0.0	9.0	357,745,8,25	443.5	39.4834884	73.5851946	4563.5
155	155	2.815	стакан-марка-красная	19.2	41.0	снег-пересвеченный	1.008	90.8	-8.0	4.0	8.9	bbox	154	23.0	23.0	23.0	17,603,8,22	443.2	39.4834899	73.5851933	4563.5
156	156	1.987	стакан-марка-красная	14.8	20.6	снег-розовый	0.937	70.4	-2.0	8.0	8.2	bbox	155	28.0	28.0	28.0	933,101,14,18	440.7	39.4834910	73.5851928	4563.5
157	157	1.287	палка-ручка-пробка	10.0	8.6	лишайник-жёлтый-на-камне	0.918	84.3	5.0	13.0	13.9	bbox	156	37.0	37.0	38.0	243,33,11,16	440.2	39.4834884	73.5851928	4563.5
158	158	1.933	рюкзак-синий	12.6	31.2	порода-в-тени	0.489	7.6	-3.0	-2.0	3.6	bbox	157	30.0	30.0	33.0	853,575,28,8	436.8	39.4834902	73.5851924	4563.6
159	159	1.389	палка-ручка-контроль	10.0	16.6	корка-жёлтая-на-скале	0.682	41.0	5.0	16.0	16.8	bbox	158	63.1	63.1	64.1	26,135,16,10	436.5	39.4834875	73.5851923	4563.5
160	160	1.263	стакан-марка-красная	9.9	7.1	корка-жёлтая-на-скале	1.058	56.9	4.0	8.0	8.9	bbox	159	96.1	95.1	97.1	1107,425,12,16	435.9	39.4834915	73.5851911	4563.5
161	161	1.406	рюкзак-синий	8.5	25.9	порода-в-тени	1.450	12.9	7.0	-8.0	10.6	bbox	160	88.1	88.1	88.1	505,1007,12,26	431.1	39.4834900	73.5851917	4563.5
162	162	1.649	рюкзак-синий	11.2	24.5	снег-освещённый	0.883	63.3	-4.0	-4.0	5.7	bbox	161	26.0	22.0	26.0	289,993,24,12	430.7	39.4834906	73.5851926	4563.5
163	163	1.021	стакан-марка-красная	7.3	12.9	снег-в-тени	1.217	36.9	9.0	-6.0	10.8	bbox	162	93.1	93.1	93.1	42,897,11,18	428.1	39.4834917	73.5851909	4563.6
164	164	1.207	стакан-марка-красная	6.7	24.3	порода-охристая	0.777	25.5	8.0	7.0	10.6	bbox	163	90.1	88.1	90.1	1203,129,14,16	427.7	39.4834902	73.5851908	4563.5
165	165	1.177	палка-ручка-пробка	7.1	21.8	лишайник-жёлтый-на-камне	0.661	53.9	6.0	16.0	17.1	bbox	164	60.1	60.1	63.1	273,49,12,14	425.7	39.4834875	73.5851936	4563.6
166	166	1.307	стакан-марка-красная	9.2	17.3	порода-охристая	1.029	32.5	4.0	7.0	8.1	bbox	165	92.1	92.1	92.1	1585,65,20,16	424.1	39.4834913	73.5851908	4563.6
167	167	1.318	стакан-марка-красная	10.2	9.4	порода-охристая	0.784	59.2	9.0	11.0	14.2	bbox	166	34.0	29.0	35.0	0,298,11,13	424.0	39.4834898	73.5851926	4563.5
168	168	0.845	рюкзак-синий	6.7	2.9	снег-в-тени	1.043	35.9	7.0	-11.0	13.0	bbox	167	27.0	27.0	28.0	119,54,18,15	423.5	39.4834908	73.5851928	4563.5
169	169	0.714	стакан-марка-красная	5.7	2.7	порода-охристая	0.953	47.1	7.0	5.0	8.6	bbox	168	103.1	99.1	103.1	601,1041,12,11	422.3	39.4834915	73.5851920	4563.6
170	170	1.588	палка-ручка-контроль	12.5	7.4	порода-охристая	1.416	50.2	17.0	20.0	26.2	bbox	169	3.0	3.0	4.0	147,708,14,13	416.3	39.4834884	73.5851946	4563.5
171	171	1.957	стакан-марка-красная	11.0	38.8	снег-освещённый	0.395	88.6	0.0	2.0	2.0	bbox	170	61.1	61.1	71.1	439,147,26,10	416.0	39.4834876	73.5851930	4563.5
172	172	1.346	рюкзак-синий	8.5	22.9	снег-в-тени	1.957	15.9	9.0	-17.0	19.2	bbox	171	89.1	89.1	89.1	213,314,12,12	415.2	39.4834900	73.5851911	4563.5
173	173	2.205	палка-ручка-контроль	13.5	40.0	порода-охристая	1.091	17.6	15.0	16.0	21.9	bbox	172	56.1	56.1	56.1	570,209,14,16	414.9	39.4834871	73.5851941	4563.5
174	174	1.392	палка-ручка-контроль	10.2	15.6	порода-охристая	0.740	42.0	8.0	16.0	17.9	bbox	173	18.0	15.0	18.0	103,837,24,12	413.8	39.4834867	73.5851941	4563.5
175	175	0.941	палка-ручка-пробка	7.1	9.0	лишайник-жёлтый-на-камне	0.517	66.7	6.0	16.0	17.1	bbox	174	77.1	75.1	77.1	145,481,16,9	413.0	39.4834855	73.5851921	4563.6
176	176	2.040	рюкзак-синий	13.3	32.9	порода-в-тени	0.518	5.9	-2.0	-1.0	2.2	bbox	175	17.0	17.0	17.0	1764,419,15,14	412.8	39.4834865	73.5851942	4563.5
177	177	1.537	стакан-марка-красная	11.4	16.1	снег-розовый	0.859	65.9	2.0	8.0	8.2	bbox	176	101.1	100.1	103.1	1667,947,12,13	411.8	39.4834916	73.5851920	4563.6
178	178	2.136	стакан-марка-красная	17.1	0.4	корка-жёлтая-на-скале	1.182	50.2	-5.0	7.0	8.6	bbox	177	24.0	24.0	28.0	155,561,14,14	411.1	39.4834902	73.5851934	4563.5
179	179	0.888	палка-ручка-пробка	7.1	2.4	лишайник-жёлтый-на-камне	0.586	73.3	6.0	16.0	17.1	bbox	178	12.0	11.0	12.0	61,913,16,13	408.7	39.4834870	73.5851942	4563.5
180	180	0.674	стакан-марка-красная	5.4	1.0	порода-охристая	0.769	48.8	9.0	6.0	10.8	bbox	179	23.0	23.0	23.0	915,43,16,13	408.3	39.4834899	73.5851933	4563.5
181	181	1.983	стакан-марка-красная	11.0	40.0	порода-в-тени	0.518	9.8	0.0	1.0	1.0	bbox	180	31.0	31.0	35.0	873,468,22,21	407.8	39.4834898	73.5851924	4563.5
182	182	1.508	палка-ручка-пробка	12.0	2.3	лишайник-жёлтый-на-камне	1.007	78.0	6.0	11.0	12.5	bbox	181	36.0	36.0	36.0	275,23,11,11	407.0	39.4834888	73.5851927	4563.6
183	183	0.726	стакан-марка-красная	5.4	7.7	снег-розовый	0.953	57.5	6.0	-1.0	6.1	bbox	182	85.1	83.1	87.1	47,633,10,16	406.1	39.4834901	73.5851914	4563.6
184	184	1.022	стакан-марка-красная	4.1	24.7	снег-розовый	0.682	74.5	7.0	0.0	7.0	bbox	183	79.1	79.1	79.1	835,75,19,12	405.6	39.4834861	73.5851921	4563.6
185	185	1.461	палка-ручка-пробка	11.4	9.0	лишайник-жёлтый-на-камне	0.977	66.7	8.0	12.0	14.4	bbox	184	59.1	59.1	60.1	131,469,19,18	405.1	39.4834872	73.5851939	4563.6
186	186	2.399	стакан-марка-красная	13.0	49.4	снег-розовый	0.993	99.2	-1.0	6.0	6.1	bbox	185	20.0	19.0	20.0	361,193,16,37	400.5	39.4834881	73.5851939	4563.5
187	187	1.236	палка-ручка-контроль	9.2	12.5	корка-жёлтая-на-скале	0.567	45.1	4.0	17.0	17.5	bbox	186	69.1	67.1	78.1	685,97,12,12	399.8	39.4834882	73.5851915	4563.5
188	188	1.700	стакан-марка-красная	13.6	0.4	корка-жёлтая-на-скале	0.755	50.2	0.0	9.0	9.0	bbox	187	47.0	42.0	52.1	1113,615,14,14	397.6	39.4834868	73.5851938	4563.6
189	189	2.152	стакан-марка-красная	16.2	20.8	снег-розовый	1.008	70.6	-4.0	7.0	8.1	bbox	188	5.0	5.0	7.0	319,557,14,40	396.0	39.4834883	73.5851946	4563.5
190	190	1.732	палка-ручка-контроль	12.7	19.2	порода-охристая	0.901	38.4	15.0	17.0	22.7	bbox	189	64.1	63.1	64.1	187,147,14,14	393.9	39.4834878	73.5851924	4563.6
191	191	1.797	палка-ручка-контроль	14.1	9.0	порода-охристая	0.956	48.6	16.0	16.0	22.6	bbox	190	36.0	36.0	37.0	17,239,22,10	393.3	39.4834888	73.5851927	4563.6
192	192	1.713	стакан-марка-красная	3.6	46.3	порода-в-тени	1.388	3.5	8.0	-1.0	8.1	bbox	191	105.1	105.1	106.1	107,484,22,9	392.1	39.4834915	73.5851921	4563.5
193	193	2.071	палка-древко-контроль	16.1	13.3	снег-освещённый	1.123	54.9	-6.0	1.0	6.1	bbox	192	27.0	23.0	27.0	465,873,20,12	390.8	39.4834908	73.5851928	4563.5
194	194	1.010	стакан-марка-красная	8.1	2.0	снег-в-тени	0.813	51.8	4.0	-3.0	5.0	bbox	193	2.0	0.0	2.0	1137,90,16,19	385.4	39.4834879	73.5851948	4563.5
195	195	1.316	рюкзак-синий	9.9	12.5	снег-в-тени	1.268	26.3	8.0	-7.0	10.6	bbox	194	5.0	5.0	5.0	1139,36,25,11	384.3	39.4834883	73.5851946	4563.5
196	196	2.702	крышка-бирюзовая	20.6	22.8	снег-освещённый	1.258	76.9	-9.0	6.0	10.8	bbox	195	26.0	26.0	26.0	275,933,12,12	381.4	39.4834906	73.5851926	4563.5
197	197	2.469	стакан-марка-красная	19.4	12.7	снег-освещённый	1.257	62.5	-8.0	5.0	9.4	bbox	196	24.0	24.0	24.0	325,681,11,14	380.1	39.4834902	73.5851934	4563.5
198	198	1.837	стакан-марка-красная	14.6	7.1	порода-охристая	0.724	42.7	15.0	15.0	21.2	bbox	197	16.0	12.0	17.0	111,773,16,12	376.9	39.4834865	73.5851944	4563.5
199	199	0.870	стакан-марка-красная	6.0	12.3	снег-в-тени	1.472	37.5	11.0	-5.0	12.1	bbox	198	93.1	93.1	93.1	215,1050,10,17	376.9	39.4834917	73.5851909	4563.6
200	200	0.952	рюкзак-синий	7.2	8.6	снег-в-тени	1.650	30.2	7.0	-18.0	19.3	bbox	199	92.1	92.1	92.1	245,241,12,10	373.9	39.4834913	73.5851908	4563.6
201	201	1.211	палка-ручка-пробка	9.4	7.7	лишайник-жёлтый-на-камне	0.365	68.0	0.0	15.0	15.0	bbox	200	18.0	13.0	18.0	65,711,16,10	373.1	39.4834867	73.5851941	4563.5
202	202	0.800	стакан-марка-красная	6.4	0.0	порода-охристая	0.898	49.8	7.0	6.0	9.2	bbox	201	100.1	99.1	103.1	409,1071,16,9	371.7	39.4834916	73.5851921	4563.5
203	203	1.252	стакан-марка-красная	10.0	2.2	порода-в-тени	1.072	47.6	1.0	1.0	1.4	bbox	202	5.0	5.0	6.0	1849,849,18,10	368.6	39.4834883	73.5851946	4563.5
204	204	0.704	рюкзак-синий	5.0	9.0	снег-в-тени	0.729	47.8	5.0	-11.0	12.1	bbox	203	27.0	27.0	28.0	1521,0,15,11	368.4	39.4834908	73.5851928	4563.5
205	205	0.814	рюкзак-синий	3.0	20.2	снег-в-тени	0.563	59.0	1.0	-11.0	11.0	bbox	204	92.1	92.1	92.1	261,165,20,14	365.0	39.4834913	73.5851908	4563.6
206	206	1.695	стакан-марка-красная	12.1	21.6	порода-охристая	0.734	28.2	16.0	12.0	20.0	bbox	205	59.1	59.1	59.1	137,945,10,18	363.4	39.4834872	73.5851939	4563.6
207	207	1.197	рюкзак-синий	7.8	19.4	снег-в-тени	1.345	19.4	7.0	-9.0	11.4	bbox	206	20.0	20.0	20.0	1809,71,16,6	362.9	39.4834881	73.5851939	4563.5
208	208	1.990	рюкзак-синий	12.0	36.4	порода-в-тени	0.825	2.4	2.0	-2.0	2.8	bbox	207	10.0	10.0	17.0	763,721,11,20	361.4	39.4834875	73.5851943	4563.5
209	209	1.581	стакан-марка-красная	8.1	34.1	снег-розовый	1.002	83.9	7.0	8.0	10.6	bbox	208	11.0	11.0	16.0	359,0,11,14	360.2	39.4834874	73.5851942	4563.5
210	210	2.085	стакан-марка-красная	16.6	7.1	корка-жёлтая-на-скале	0.927	56.9	-3.5	9.0	9.7	bbox	209	25.0	25.0	25.0	1361,132,20,7	360.0	39.4834903	73.5851930	4563.5
211	211	2.071	стакан-марка-красная	16.6	2.4	корка-жёлтая-на-скале	1.020	52.2	-4.0	8.0	8.9	bbox	210	93.1	93.1	98.1	63,529,16,12	359.1	39.4834917	73.5851909	4563.6
212	212	1.154	стакан-марка-красная	7.8	17.3	порода-охристая	0.827	32.5	6.0	7.0	9.2	bbox	211	58.1	51.1	60.1	304,605,21,20	357.9	39.4834871	73.5851940	4563.6
213	213	2.171	стакан-марка-красная	11.0	47.1	порода-в-тени	0.723	2.7	0.0	1.0	1.0	bbox	212	26.0	25.0	26.0	457,130,8,21	355.2	39.4834906	73.5851926	4563.5
214	214	1.098	палка-ручка-пробка	8.2	10.6	лишайник-жёлтый-на-камне	0.673	65.1	7.0	15.0	16.6	bbox	213	36.0	36.0	42.0	633,97,23,8	355.2	39.4834888	73.5851927	4563.6
215	215	1.880	стакан-марка-красная	14.3	16.1	снег-освещённый	0.772	65.9	-3.0	4.0	5.0	bbox	214	6.0	6.0	6.0	551,407,18,26	354.4	39.4834883	73.5851946	4563.5
216	216	1.158	палка-ручка-пробка	9.2	3.2	лишайник-жёлтый-на-камне	0.771	72.5	7.0	14.0	15.7	bbox	215	60.1	60.1	62.1	215,0,24,13	353.8	39.4834875	73.5851936	4563.6
217	217	2.028	стакан-марка-красная	14.1	27.8	порода-охристая	0.811	22.0	13.0	15.0	19.8	bbox	216	52.1	52.1	56.1	465,39,14,20	353.4	39.4834880	73.5851937	4563.5
218	218	2.371	стакан-марка-красная	13.6	46.3	снег-освещённый	0.839	96.1	-2.0	5.0	5.4	bbox	217	66.1	66.1	73.1	1203,48,30,9	352.8	39.4834880	73.5851916	4563.6
219	219	1.858	стакан-марка-красная	14.3	13.9	снег-розовый	0.941	63.7	-2.0	7.0	7.3	bbox	218	25.0	25.0	25.0	1539,216,24,9	351.7	39.4834903	73.5851930	4563.5
220	220	1.089	стакан-марка-красная	3.0	28.6	порода-в-тени	1.630	21.2	11.0	-2.0	11.2	bbox	219	2.0	2.0	2.0	1777,99,22,14	351.6	39.4834879	73.5851948	4563.5
221	221	1.193	рюкзак-синий	8.5	14.9	снег-в-тени	1.805	23.9	9.0	-17.0	19.2	bbox	220	91.1	88.1	91.1	27,701,6,19	350.1	39.4834906	73.5851908	4563.5
222	222	0.597	стакан-марка-красная	4.2	7.7	снег-розовый	1.069	57.5	8.0	4.0	8.9	bbox	221	93.1	93.1	98.1	587,0,18,7	349.3	39.4834917	73.5851909	4563.6
223	223	1.570	палка-ручка-пробка	11.7	16.3	корка-жёлтая-на-скале	0.500	59.4	-1.0	13.0	13.0	bbox	222	64.1	64.1	69.1	1417,83,23,4	348.7	39.4834878	73.5851924	4563.6
224	224	1.862	стакан-марка-красная	7.1	45.9	порода-в-тени	0.961	3.9	4.0	0.0	4.0	bbox	223	63.1	60.1	63.1	741,644,11,21	346.8	39.4834875	73.5851923	4563.5
225	225	1.838	стакан-марка-красная	13.9	16.5	порода-охристая	0.751	33.3	16.0	14.0	21.3	bbox	224	64.1	64.1	64.1	59,7,16,10	345.6	39.4834878	73.5851924	4563.6
226	226	1.852	стакан-марка-красная	9.4	40.0	порода-охристая	1.223	9.8	16.0	9.0	18.4	bbox	225	52.1	50.1	52.1	411,291,18,10	345.4	39.4834880	73.5851937	4563.5
227	227	2.264	стакан-марка-красная	17.1	21.0	снег-освещённый	1.069	70.8	-5.0	7.0	8.6	bbox	226	4.0	4.0	4.0	1091,13,29,6	344.0	39.4834884	73.5851947	4563.5
228	228	1.948	стакан-марка-красная	14.8	17.5	снег-розовый	0.974	67.3	-2.0	8.0	8.2	bbox	227	18.0	18.0	18.0	229,515,12,14	343.1	39.4834867	73.5851941	4563.5
229	229	1.916	палка-ручка-пробка	15.3	4.9	лишайник-жёлтый-на-камне	1.092	70.8	-3.0	10.0	10.4	bbox	228	14.0	13.0	14.0	105,997,4,22	341.7	39.4834866	73.5851942	4563.5
230	230	2.216	стакан-марка-красная	15.2	31.8	снег-розовый	0.895	81.6	-3.0	7.0	7.6	bbox	229	88.1	88.1	88.1	103,631,8,16	340.0	39.4834900	73.5851917	4563.5
231	231	0.968	палка-ручка-пробка	7.0	11.6	лишайник-жёлтый-на-камне	0.398	64.1	5.0	16.0	16.8	bbox	230	18.0	18.0	18.0	125,773,8,12	337.0	39.4834867	73.5851941	4563.5
232	232	1.115	рюкзак-синий	7.6	16.3	снег-в-тени	1.039	22.5	4.0	-7.0	8.1	bbox	231	6.0	6.0	6.0	553,517,8,20	334.1	39.4834883	73.5851946	4563.5
233	233	2.085	стакан-марка-красная	16.2	14.5	снег-розовый	1.085	64.3	-4.0	7.0	8.1	bbox	232	6.0	6.0	6.0	793,73,24,8	332.6	39.4834883	73.5851946	4563.5
234	234	1.700	палка-ручка-контроль	13.5	7.0	порода-охристая	0.911	50.6	15.0	16.0	21.9	bbox	233	9.0	9.0	10.0	65,576,8,15	332.4	39.4834879	73.5851944	4563.5
235	235	1.918	стакан-марка-красная	11.0	37.3	снег-освещённый	0.256	87.1	0.0	0.0	0.0	bbox	234	60.1	60.1	64.1	784,39,17,14	329.7	39.4834875	73.5851936	4563.6
236	236	1.624	стакан-марка-красная	5.0	42.0	порода-в-тени	1.351	7.8	8.0	-3.0	8.5	bbox	235	29.0	23.0	29.0	867,945,13,11	329.1	39.4834907	73.5851928	4563.6
237	237	0.531	рюкзак-синий	4.0	4.7	снег-в-тени	1.255	43.5	3.0	-17.5	17.8	bbox	236	90.1	88.1	91.1	129,47,16,13	326.2	39.4834902	73.5851908	4563.5
238	238	0.849	рюкзак-синий	6.7	3.7	снег-в-тени	0.534	42.5	4.0	-8.0	8.9	bbox	237	36.0	36.0	36.0	1809,17,17,6	325.4	39.4834888	73.5851927	4563.6
239	239	2.359	палка-ручка-пробка	18.4	15.3	снег-освещённый	1.019	91.0	-4.0	7.0	8.1	bbox	238	5.0	5.0	5.0	721,101,18,12	323.4	39.4834883	73.5851946	4563.5
240	240	1.978	палка-ручка-пробка	15.7	8.1	корка-жёлтая-на-скале	1.062	67.6	-2.0	9.0	9.2	bbox	239	78.1	78.1	78.1	161,1065,6,15	323.3	39.4834857	73.5851921	4563.6
241	241	1.539	палка-ручка-контроль	11.2	17.6	порода-охристая	0.579	40.0	10.0	15.5	18.4	bbox	240	78.1	73.1	83.1	609,665,16,16	322.4	39.4834857	73.5851921	4563.6
242	242	0.737	рюкзак-синий	5.8	3.1	снег-в-тени	0.944	35.7	6.0	-11.0	12.5	bbox	241	26.0	23.0	26.0	343,505,10,16	321.8	39.4834906	73.5851926	4563.5
243	243	1.502	стакан-марка-красная	5.0	38.2	порода-в-тени	1.175	11.6	7.0	-2.0	7.3	bbox	242	80.1	77.1	83.1	1611,835,8,14	321.4	39.4834869	73.5851922	4563.6
244	244	0.919	рюкзак-синий	7.2	5.1	снег-в-тени	0.802	33.7	5.0	-8.0	9.4	bbox	243	6.0	6.0	6.0	1137,57,22,8	320.9	39.4834883	73.5851946	4563.5
245	245	2.172	стакан-марка-красная	16.2	22.4	снег-розовый	0.995	72.2	-4.0	7.0	8.1	bbox	244	88.1	87.1	88.1	101,827,6,20	320.6	39.4834900	73.5851917	4563.5
246	246	1.250	стакан-марка-красная	9.2	13.5	порода-охристая	0.842	36.3	5.0	8.0	9.4	bbox	245	92.1	92.1	92.1	1115,225,14,14	320.6	39.4834913	73.5851908	4563.6
247	247	1.901	стакан-марка-красная	14.8	12.7	снег-розовый	1.049	62.5	-2.0	8.0	8.2	bbox	246	93.1	93.1	93.1	193,565,14,17	320.6	39.4834917	73.5851909	4563.6
248	248	1.695	стакан-марка-красная	13.4	6.9	снег-розовый	1.044	56.7	-1.0	7.0	7.1	bbox	247	88.1	88.1	88.1	1327,39,20,6	320.2	39.4834900	73.5851917	4563.5
249	249	1.843	палка-ручка-контроль	14.2	13.7	порода-охристая	1.079	43.9	17.0	17.0	24.0	bbox	248	48.0	44.0	53.1	269,575,12,14	318.5	39.4834874	73.5851938	4563.6
250	250	2.024	палка-ручка-пробка	16.1	5.3	снег-розовый	1.106	70.4	-3.0	9.0	9.5	bbox	249	27.0	27.0	27.0	721,103,16,10	317.0	39.4834908	73.5851928	4563.5
251	251	2.014	палка-ручка-пробка	15.7	13.3	снег-розовый	1.087	89.0	-2.0	9.0	9.2	bbox	250	12.0	7.0	12.0	122,453,13,9	314.7	39.4834870	73.5851942	4563.5
252	252	1.843	палка-ручка-контроль	14.2	13.7	порода-охристая	1.079	43.9	17.0	17.0	24.0	bbox	251	17.0	17.0	19.0	551,0,17,9	314.7	39.4834865	73.5851942	4563.5
253	253	1.495	палка-ручка-контроль	11.2	14.9	порода-охристая	0.644	42.7	11.0	16.0	19.4	bbox	252	78.1	78.1	80.1	293,172,13,19	309.3	39.4834857	73.5851921	4563.6
254	254	0.984	палка-ручка-пробка	7.8	3.5	лишайник-жёлтый-на-камне	0.345	72.2	0.0	17.0	17.0	bbox	253	12.0	12.0	12.0	509,329,12,7	309.1	39.4834870	73.5851942	4563.5
255	255	1.660	рюкзак-синий	10.0	30.6	снег-в-тени	2.109	8.2	11.0	-14.0	17.8	bbox	254	89.1	89.1	89.1	231,527,10,19	308.8	39.4834900	73.5851911	4563.5
256	256	1.328	стакан-марка-красная	9.9	13.5	снег-розовый	0.941	63.3	4.0	8.0	8.9	bbox	255	106.1	106.1	106.1	1809,549,10,12	308.7	39.4834921	73.5851921	4563.6
257	257	1.252	рюкзак-синий	10.0	1.7	снег-в-тени	0.642	37.1	1.0	-4.0	4.1	bbox	256	4.0	4.0	4.0	1899,107,13,14	308.5	39.4834884	73.5851947	4563.5
258	258	1.894	рюкзак-синий	13.0	27.0	порода-в-тени	0.397	11.8	0.0	-1.0	1.0	bbox	257	102.1	100.1	105.1	961,13,11,10	307.9	39.4834916	73.5851920	4563.6
259	259	0.981	рюкзак-синий	7.1	11.9	снег-в-тени	1.066	26.9	6.0	-9.0	10.8	bbox	258	5.0	5.0	5.0	1891,235,22,6	307.6	39.4834883	73.5851946	4563.5
260	260	1.404	палка-ручка-контроль	10.4	14.5	порода-охристая	1.634	43.1	16.0	23.0	28.0	bbox	259	0.0	0.0	1.0	39,87,17,11	307.5	39.4834871	73.5851948	4563.6
261	261	2.078	стакан-марка-красная	14.1	30.6	снег-освещённый	0.451	80.4	-3.0	3.0	4.2	bbox	260	19.0	19.0	22.0	793,25,22,12	306.4	39.4834874	73.5851940	4563.5
262	262	1.024	рюкзак-синий	1.0	28.5	снег-в-тени	1.022	67.3	0.0	-14.0	14.0	bbox	261	91.1	89.1	91.1	51,905,9,14	305.3	39.4834906	73.5851908	4563.5
263	263	1.211	стакан-марка-красная	8.1	18.8	снег-в-тени	1.621	31.0	12.0	-7.0	13.9	bbox	262	6.0	5.0	6.0	1337,49,16,6	304.0	39.4834883	73.5851946	4563.5
264	264	0.972	палка-ручка-пробка	7.2	10.6	лишайник-жёлтый-на-камне	0.576	65.1	6.5	16.0	17.3	bbox	263	79.1	72.1	79.1	282,853,11,10	302.1	39.4834861	73.5851921	4563.6
265	265	1.402	палка-ручка-контроль	9.8	18.8	порода-охристая	1.463	38.8	15.0	22.0	26.6	bbox	264	49.0	45.0	49.0	73,421,8,12	301.9	39.4834879	73.5851937	4563.6
266	266	2.363	стакан-марка-красная	18.7	8.6	снег-освещённый	1.244	58.4	-7.5	4.0	8.5	bbox	265	89.1	89.1	89.1	257,587,12,10	301.8	39.4834900	73.5851911	4563.5
267	267	0.731	стакан-марка-красная	5.8	1.4	снег-в-тени	1.061	48.4	6.0	-2.0	6.3	bbox	266	61.1	59.1	62.1	269,999,17,10	301.3	39.4834876	73.5851930	4563.5
268	268	1.265	рюкзак-синий	4.5	31.8	снег-в-тени	0.861	70.6	-1.0	-10.0	10.0	bbox	267	91.1	91.1	91.1	887,865,10,16	300.9	39.4834906	73.5851908	4563.5
269	269	1.623	стакан-марка-красная	12.5	12.0	корка-жёлтая-на-скале	1.061	37.8	0.0	7.0	7.0	bbox	268	60.1	58.1	60.1	1533,115,20,10	300.8	39.4834875	73.5851936	4563.6
270	270	0.994	стакан-марка-красная	7.2	11.8	порода-охристая	0.707	38.0	15.0	7.0	16.6	bbox	269	77.1	77.1	77.1	891,633,14,16	299.8	39.4834855	73.5851921	4563.6
271	271	0.805	рюкзак-синий	6.2	6.3	снег-в-тени	1.286	45.1	7.0	-15.5	17.0	bbox	270	90.1	90.1	91.1	331,521,12,12	299.0	39.4834902	73.5851908	4563.5
272	272	1.984	стакан-марка-красная	15.0	17.8	снег-освещённый	0.651	67.6	-4.0	2.0	4.5	bbox	271	0.0	0.0	1.0	1865,1015,18,14	298.3	39.4834871	73.5851948	4563.6
273	273	2.100	рюкзак-синий	14.1	31.7	порода-в-тени	0.508	7.1	-1.0	0.0	1.0	bbox	272	105.1	105.1	105.1	857,393,13,14	297.2	39.4834915	73.5851921	4563.5
274	274	0.801	стакан-марка-красная	6.4	0.4	порода-охристая	0.892	49.4	7.0	6.0	9.2	bbox	273	105.1	105.1	106.1	1907,1035,13,8	296.4	39.4834915	73.5851921	4563.5
275	275	1.912	палка-ручка-пробка	15.2	4.9	снег-розовый	0.983	70.8	-1.0	9.0	9.1	bbox	274	67.1	67.1	68.1	387,9,12,8	294.4	39.4834880	73.5851917	4563.5
276	276	0.319	стакан-марка-красная	2.5	0.0	снег-розовый	1.608	49.8	11.5	-1.5	11.6	bbox	275	68.1	68.1	72.1	911,603,18,6	294.4	39.4834880	73.5851913	4563.5
277	277	1.727	стакан-марка-красная	12.5	20.4	снег-розовый	0.723	70.2	0.0	7.0	7.0	bbox	276	99.1	99.1	99.1	1873,59,16,6	293.8	39.4834915	73.5851920	4563.5
278	278	2.548	палка-ручка-пробка	20.0	13.7	снег-освещённый	1.193	89.4	-7.0	7.0	9.9	bbox	277	28.0	28.0	28.0	0,0,9,10	293.7	39.4834910	73.5851928	4563.5
279	279	1.963	палка-ручка-пробка	15.4	10.2	снег-розовый	1.022	85.9	-1.5	9.0	9.1	bbox	278	79.1	75.1	82.1	563,455,10,10	293.5	39.4834861	73.5851921	4563.6
280	280	0.961	палка-ручка-пробка	7.3	8.6	лишайник-жёлтый-на-камне	0.640	67.1	7.0	16.0	17.5	bbox	279	48.0	48.0	48.0	537,405,18,6	293.1	39.4834874	73.5851938	4563.6
281	281	2.236	стакан-марка-красная	17.5	13.5	корка-жёлтая-на-скале	1.210	63.3	-5.0	8.0	9.4	bbox	280	6.0	5.0	6.0	261,675,8,14	292.4	39.4834883	73.5851946	4563.5
282	282	1.484	стакан-марка-красная	3.6	39.6	порода-в-тени	1.395	10.2	8.0	3.0	8.5	bbox	281	91.1	91.1	91.1	1289,0,10,9	290.8	39.4834906	73.5851908	4563.5
283	283	1.082	палка-ручка-пробка	7.1	17.5	лишайник-жёлтый-на-камне	0.577	58.2	6.0	16.0	17.1	bbox	282	67.1	66.1	71.1	179,595,12,12	289.8	39.4834880	73.5851917	4563.5
284	284	2.025	палка-ручка-пробка	16.2	4.3	снег-розовый	0.843	80.0	-1.0	8.0	8.1	bbox	283	66.1	61.1	69.1	915,411,20,6	288.7	39.4834880	73.5851916	4563.6
285	285	2.132	стакан-марка-красная	17.0	3.5	снег-освещённый	1.190	53.3	-6.0	2.0	6.3	bbox	284	24.0	24.0	24.0	541,113,26,10	288.5	39.4834902	73.5851934	4563.5
286	286	1.391	стакан-марка-красная	3.6	36.9	порода-в-тени	1.278	12.9	8.0	-1.0	8.1	bbox	285	73.1	73.1	73.1	1839,144,7,17	288.3	39.4834868	73.5851916	4563.6
287	287	1.478	рюкзак-синий	11.2	13.5	снег-в-тени	2.104	25.3	11.0	-19.0	22.0	bbox	286	92.1	92.1	92.1	357,61,8,18	287.1	39.4834913	73.5851908	4563.6
288	288	1.069	стакан-марка-красная	7.3	15.7	снег-розовый	0.625	65.5	4.0	-1.0	4.1	bbox	287	58.1	58.1	59.1	999,9,22,10	285.3	39.4834871	73.5851940	4563.6
289	289	0.891	стакан-марка-красная	4.0	20.6	порода-охристая	0.911	29.2	9.0	4.5	10.1	bbox	288	2.0	0.0	4.0	197,17,12,8	285.0	39.4834879	73.5851948	4563.5
290	290	1.261	стакан-марка-красная	10.0	4.7	снег-розовый	1.042	54.5	3.0	7.0	7.6	bbox	289	103.1	100.1	103.1	1242,355,10,19	284.0	39.4834915	73.5851920	4563.6
291	291	1.092	палка-ручка-пробка	7.3	16.9	лишайник-жёлтый-на-камне	0.681	58.8	7.0	16.0	17.5	bbox	290	44.0	44.0	44.0	625,675,8,10	283.4	39.4834853	73.5851937	4563.6
292	292	1.787	стакан-марка-красная	13.9	11.8	корка-жёлтая-на-скале	0.950	38.0	-1.0	8.0	8.1	bbox	291	60.1	60.1	60.1	1699,0,12,7	283.1	39.4834875	73.5851936	4563.6
293	293	1.415	палка-ручка-контроль	10.2	17.2	порода-охристая	0.732	40.4	8.0	16.0	17.9	bbox	292	4.0	0.0	4.0	367,449,16,6	281.2	39.4834884	73.5851947	4563.5
294	294	1.263	палка-ручка-пробка	7.3	24.5	лишайник-жёлтый-на-камне	0.817	51.2	7.0	16.0	17.5	bbox	293	63.1	62.1	64.1	139,839,18,10	281.2	39.4834875	73.5851923	4563.5
295	295	0.574	рюкзак-синий	4.1	7.1	снег-в-тени	0.259	45.9	0.0	-10.0	10.0	bbox	294	26.0	26.0	26.0	445,721,8,12	280.8	39.4834906	73.5851926	4563.5
296	296	2.187	стакан-марка-красная	13.2	40.4	порода-в-тени	0.636	9.4	-2.0	3.0	3.6	bbox	295	18.0	18.0	18.0	1420,533,11,12	280.7	39.4834867	73.5851941	4563.5
297	297	1.265	рюкзак-синий	6.4	27.4	снег-в-тени	1.522	11.4	6.0	-10.0	11.7	bbox	296	23.0	23.0	23.0	355,875,10,16	280.7	39.4834899	73.5851933	4563.5
298	298	2.193	рюкзак-синий	14.0	36.8	порода-в-тени	0.715	2.0	0.0	0.0	0.0	bbox	297	90.1	90.1	90.1	1739,17,19,10	278.9	39.4834902	73.5851908	4563.5
299	299	2.359	стакан-марка-красная	17.1	28.0	снег-освещённый	1.013	77.8	-5.0	7.0	8.6	bbox	298	4.0	1.0	4.0	155,965,10,16	278.4	39.4834884	73.5851947	4563.5
300	300	1.480	стакан-марка-красная	11.4	11.2	снег-розовый	0.956	61.0	2.0	8.0	8.2	bbox	299	33.0	33.0	37.0	150,67,8,14	277.4	39.4834897	73.5851925	4563.5
301	301	1.091	рюкзак-синий	8.6	5.1	снег-в-тени	1.017	43.9	8.0	-9.0	12.0	bbox	300	26.0	24.0	26.0	259,637,10,10	276.9	39.4834906	73.5851926	4563.5
302	302	1.994	палка-ручка-пробка	15.9	1.2	лишайник-жёлтый-на-камне	1.322	76.9	-7.0	12.5	14.3	bbox	301	93.1	93.1	93.1	33,835,8,11	276.3	39.4834917	73.5851909	4563.6
303	303	1.017	стакан-марка-красная	8.1	3.9	порода-охристая	0.387	45.9	10.0	9.0	13.5	bbox	302	95.1	93.1	97.1	23,758,9,10	273.5	39.4834917	73.5851909	4563.6
304	304	2.458	стакан-марка-красная	17.7	29.8	снег-освещённый	0.977	79.6	-6.0	6.0	8.5	bbox	303	93.1	93.1	93.1	65,1017,12,8	272.9	39.4834917	73.5851909	4563.6
305	305	0.705	рюкзак-синий	5.4	5.9	снег-в-тени	0.662	32.9	3.0	-9.0	9.5	bbox	304	20.0	20.0	20.0	1852,155,13,6	272.6	39.4834881	73.5851939	4563.5
306	306	0.891	стакан-марка-красная	6.7	8.4	порода-охристая	0.945	58.2	8.0	7.0	10.6	bbox	305	26.0	26.0	27.0	807,40,12,9	272.6	39.4834906	73.5851926	4563.5
307	307	2.220	палка-ручка-контроль	14.1	37.6	порода-охристая	1.101	20.0	16.0	16.0	22.6	bbox	306	58.1	58.1	58.1	249,385,14,8	272.5	39.4834871	73.5851940	4563.6
308	308	1.243	рюкзак-синий	7.2	23.9	снег-в-тени	1.055	62.7	7.0	-10.0	12.2	bbox	307	93.1	93.1	93.1	1841,0,24,3	269.4	39.4834917	73.5851909	4563.6
309	309	0.952	стакан-марка-красная	7.6	0.8	порода-охристая	0.652	49.0	8.0	8.0	11.3	bbox	308	88.1	88.1	88.1	1826,715,13,6	268.7	39.4834900	73.5851917	4563.5
310	310	1.375	рюкзак-синий	2.0	37.9	снег-в-тени	1.153	76.7	1.0	-12.0	12.0	bbox	309	91.1	91.1	91.1	177,995,12,12	268.0	39.4834906	73.5851908	4563.5
311	311	1.097	стакан-марка-красная	8.1	12.2	порода-охристая	0.626	37.6	7.0	8.0	10.6	bbox	310	24.0	24.0	24.0	1009,3,16,6	267.3	39.4834902	73.5851934	4563.5
312	312	1.422	стакан-марка-красная	10.2	17.7	снег-розовый	0.536	67.5	1.0	-1.0	1.4	bbox	311	58.1	58.1	59.1	457,593,8,22	264.3	39.4834871	73.5851940	4563.6
313	313	2.205	палка-ручка-пробка	17.0	16.5	снег-розовый	1.106	92.2	-3.0	8.0	8.5	bbox	312	14.0	14.0	15.0	865,67,18,8	262.1	39.4834866	73.5851942	4563.5
314	314	1.913	стакан-марка-красная	14.8	14.1	корка-жёлтая-на-скале	1.008	35.7	-2.0	8.0	8.2	bbox	313	41.0	38.0	41.0	37,902,24,5	261.8	39.4834869	73.5851933	4563.5
315	315	1.199	стакан-марка-красная	5.8	26.7	снег-розовый	0.902	76.5	8.0	6.0	10.0	bbox	314	53.1	53.1	53.1	229,47,11,9	260.9	39.4834877	73.5851937	4563.5
316	316	1.922	стакан-марка-красная	15.3	5.5	порода-в-тени	1.087	44.3	-4.0	4.0	5.7	bbox	315	5.0	5.0	5.0	1889,653,10,18	260.8	39.4834883	73.5851946	4563.5
317	317	1.686	стакан-марка-красная	9.4	33.7	снег-розовый	1.030	83.5	6.0	9.0	10.8	bbox	316	51.1	47.0	55.1	109,302,9,11	260.8	39.4834884	73.5851937	4563.5
318	318	2.026	стакан-марка-красная	9.2	46.7	порода-в-тени	0.794	3.1	2.0	-1.0	2.2	bbox	317	9.0	9.0	10.0	599,784,19,7	260.5	39.4834879	73.5851944	4563.5
319	319	1.455	рюкзак-синий	6.7	33.3	порода-в-тени	1.764	5.5	7.0	-11.0	13.0	bbox	318	91.1	91.1	94.1	154,9,9,12	260.3	39.4834906	73.5851908	4563.5
320	320	1.542	стакан-марка-красная	12.2	6.3	корка-жёлтая-на-скале	0.932	56.1	1.0	8.0	8.1	bbox	319	47.0	47.0	48.0	981,797,8,16	260.1	39.4834868	73.5851938	4563.6
321	321	1.822	палка-ручка-пробка	13.9	15.1	снег-розовый	1.133	90.8	0.0	10.0	10.0	bbox	320	73.1	73.1	73.1	913,27,15,6	259.7	39.4834868	73.5851916	4563.6
322	322	2.224	стакан-марка-красная	16.2	26.1	снег-освещённый	0.968	75.9	-4.0	7.0	8.1	bbox	321	5.0	5.0	5.0	883,16,18,13	259.4	39.4834883	73.5851946	4563.5
323	323	2.141	стакан-марка-красная	17.1	4.1	корка-жёлтая-на-скале	1.199	53.9	-5.0	7.0	8.6	bbox	322	90.1	90.1	90.1	0,203,12,9	258.6	39.4834902	73.5851908	4563.5
324	324	0.625	стакан-марка-красная	5.0	0.6	снег-в-тени	1.156	50.4	7.0	-2.0	7.3	bbox	323	105.1	104.1	106.1	601,505,8,12	257.7	39.4834915	73.5851921	4563.5
325	325	1.533	стакан-марка-красная	11.0	18.6	порода-охристая	1.087	68.4	12.0	12.0	17.0	bbox	324	2.0	0.0	3.0	361,16,14,13	256.9	39.4834879	73.5851948	4563.5
326	326	1.539	стакан-марка-красная	12.0	9.0	корка-жёлтая-на-скале	0.883	58.8	2.0	9.0	9.2	bbox	325	37.0	37.0	38.0	533,615,12,14	256.4	39.4834884	73.5851928	4563.5
327	327	1.902	стакан-марка-красная	14.9	11.4	порода-охристая	0.800	38.4	16.0	15.0	21.9	bbox	326	63.1	63.1	63.1	21,296,12,9	256.1	39.4834875	73.5851923	4563.5
328	328	1.930	палка-ручка-пробка	15.4	0.8	снег-розовый	0.979	76.5	-1.5	9.0	9.1	bbox	327	79.1	73.1	79.1	23,937,10,8	255.8	39.4834861	73.5851921	4563.6
329	329	1.254	палка-ручка-пробка	7.1	24.9	лишайник-жёлтый-на-камне	0.736	50.8	6.0	16.0	17.1	bbox	328	67.1	65.1	69.1	43,321,12,7	255.4	39.4834880	73.5851917	4563.5
330	330	0.982	рюкзак-синий	7.8	3.0	снег-в-тени	0.910	41.8	7.0	-9.0	11.4	bbox	329	6.0	6.0	6.0	1543,167,16,6	255.2	39.4834883	73.5851946	4563.5
331	331	0.917	палка-ручка-пробка	5.1	18.4	лишайник-жёлтый-на-камне	0.406	57.3	4.0	18.0	18.4	bbox	330	4.0	0.0	4.0	321,353,12,12	253.2	39.4834884	73.5851947	4563.5
332	332	1.247	рюкзак-синий	9.2	13.3	снег-в-тени	1.279	25.5	8.0	-8.0	11.3	bbox	331	93.1	93.1	99.1	555,89,20,10	251.9	39.4834917	73.5851909	4563.6
333	333	0.940	рюкзак-синий	7.1	9.0	снег-в-тени	0.996	29.8	6.0	-9.0	10.8	bbox	332	28.0	28.0	28.0	230,0,11,9	251.3	39.4834910	73.5851928	4563.5
334	334	2.152	стакан-марка-красная	14.8	31.0	порода-в-тени	1.126	18.8	-2.0	8.0	8.2	bbox	333	93.1	93.1	93.1	1141,329,12,6	250.3	39.4834917	73.5851909	4563.6
335	335	0.537	стакан-марка-красная	3.2	10.2	порода-охристая	1.630	39.6	12.0	-2.0	12.2	bbox	334	29.0	29.0	29.0	129,139,12,14	250.2	39.4834907	73.5851928	4563.6
336	336	2.271	палка-ручка-пробка	18.0	7.8	снег-освещённый	1.122	83.5	-5.0	8.0	9.4	bbox	335	88.1	88.1	88.1	113,1015,8,10	249.6	39.4834900	73.5851917	4563.5
337	337	1.119	стакан-марка-красная	8.9	1.2	порода-охристая	0.668	48.6	7.0	9.0	11.4	bbox	336	21.0	21.0	21.0	113,84,12,15	249.4	39.4834887	73.5851935	4563.5
338	338	1.377	стакан-марка-красная	10.8	7.3	корка-жёлтая-на-скале	1.048	42.5	2.0	7.0	7.3	bbox	337	100.1	100.1	100.1	1739,835,20,20	248.0	39.4834916	73.5851921	4563.5
339	339	1.162	стакан-марка-красная	7.8	17.6	порода-охристая	0.831	32.2	6.0	7.0	9.2	bbox	338	90.1	90.1	90.1	1729,513,16,7	247.4	39.4834902	73.5851908	4563.5
340	340	1.104	стакан-марка-красная	5.4	24.5	порода-в-тени	1.132	25.3	6.0	3.0	6.7	bbox	339	1.0	1.0	1.0	869,25,8,8	247.2	39.4834876	73.5851948	4563.6
341	341	1.862	палка-ручка-контроль	12.8	26.6	порода-охристая	0.776	31.0	14.0	16.0	21.3	bbox	340	16.0	16.0	16.0	283,39,16,10	246.7	39.4834865	73.5851944	4563.5
342	342	1.405	стакан-марка-красная	3.6	37.3	порода-в-тени	1.281	12.5	8.0	-1.0	8.1	bbox	341	1.0	1.0	1.0	1241,267,8,20	246.5	39.4834876	73.5851948	4563.6
343	343	2.029	стакан-марка-красная	14.8	23.5	снег-розовый	0.855	73.3	-2.5	7.0	7.4	bbox	342	6.0	6.0	9.0	147,913,8,14	246.3	39.4834883	73.5851946	4563.5
344	344	0.804	рюкзак-синий	6.4	2.1	снег-в-тени	0.885	36.7	6.0	-10.0	11.7	bbox	343	28.0	28.0	28.0	39,513,10,16	245.4	39.4834910	73.5851928	4563.5
345	345	1.969	палка-древко-контроль	14.5	21.5	снег-освещённый	1.080	63.1	-8.0	-0.5	8.0	bbox	344	27.0	27.0	27.0	385,1037,12,8	244.1	39.4834908	73.5851928	4563.5
346	346	2.232	стакан-марка-красная	12.6	44.1	снег-освещённый	0.781	93.9	-1.0	5.0	5.1	bbox	345	95.1	94.1	98.1	251,493,10,26	243.7	39.4834917	73.5851909	4563.6
347	347	1.827	палка-ручка-пробка	14.1	12.9	снег-розовый	0.968	88.6	3.0	9.0	9.5	bbox	346	9.0	7.0	12.0	264,89,7,13	243.3	39.4834879	73.5851944	4563.5
348	348	1.725	стакан-марка-красная	13.6	8.2	корка-жёлтая-на-скале	0.782	41.6	0.0	9.0	9.0	bbox	347	76.1	76.1	76.1	99,930,12,7	243.1	39.4834854	73.5851921	4563.5
349	349	1.020	стакан-марка-красная	7.8	8.2	порода-охристая	0.808	41.6	16.0	7.0	17.5	bbox	348	36.0	36.0	38.0	201,11,8,14	241.3	39.4834888	73.5851927	4563.6
350	350	1.699	стакан-марка-красная	3.2	46.3	порода-в-тени	1.393	3.5	8.0	0.0	8.0	bbox	349	106.1	102.1	106.1	800,881,15,5	241.2	39.4834921	73.5851921	4563.6
351	351	0.834	стакан-марка-красная	4.2	18.0	порода-в-тени	1.320	31.8	8.0	-2.0	8.2	bbox	350	92.1	92.1	92.1	1217,233,8,10	239.5	39.4834913	73.5851908	4563.6
352	352	0.708	рюкзак-синий	4.5	12.2	снег-в-тени	0.465	51.0	3.0	-10.0	10.4	bbox	351	22.0	22.0	22.0	133,369,8,10	239.4	39.4834892	73.5851932	4563.6
353	353	1.183	стакан-марка-красная	9.2	7.4	порода-охристая	1.018	42.4	4.0	7.0	8.1	bbox	352	103.1	103.1	106.1	611,559,12,8	239.0	39.4834915	73.5851920	4563.6
354	354	0.559	палка-ручка-пробка	4.5	0.2	лишайник-жёлтый-на-камне	0.464	75.9	3.0	19.0	19.2	bbox	353	9.0	9.0	9.0	409,169,13,6	238.3	39.4834879	73.5851944	4563.5
355	355	2.338	палка-ручка-пробка	18.4	12.5	снег-освещённый	0.988	88.2	-4.0	7.0	8.1	bbox	354	27.0	27.0	32.0	1194,5,13,12	237.9	39.4834908	73.5851928	4563.5
356	356	1.753	палка-ручка-пробка	13.9	5.7	лишайник-жёлтый-на-камне	0.924	70.0	0.0	10.0	10.0	bbox	355	58.1	57.1	58.1	481,427,6,16	237.8	39.4834871	73.5851940	4563.6
357	357	1.215	рюкзак-синий	9.1	12.4	снег-в-тени	0.467	51.2	2.0	-5.0	5.4	bbox	356	6.0	6.0	6.0	1061,91,18,10	237.6	39.4834883	73.5851946	4563.5
358	358	1.532	рюкзак-синий	8.2	31.7	снег-в-тени	2.094	7.1	9.0	-16.0	18.4	bbox	357	91.1	91.1	91.1	362,373,7,12	236.8	39.4834906	73.5851908	4563.5
359	359	1.850	стакан-марка-красная	7.3	45.1	порода-в-тени	0.936	4.7	4.0	-1.0	4.1	bbox	358	71.1	69.1	71.1	511,979,15,7	236.6	39.4834879	73.5851915	4563.5
360	360	1.728	рюкзак-синий	12.6	19.8	снег-в-тени	2.401	19.0	11.5	-21.0	23.9	bbox	359	90.1	90.1	90.1	103,533,10,8	236.4	39.4834902	73.5851908	4563.5
361	361	1.975	стакан-марка-красная	13.9	26.1	снег-розовый	0.710	75.9	-2.0	6.0	6.3	bbox	360	18.0	18.0	22.0	873,17,20,8	235.7	39.4834867	73.5851941	4563.5
362	362	1.801	стакан-марка-красная	13.6	16.7	снег-розовый	0.993	66.5	0.0	9.0	9.0	bbox	361	63.1	59.1	66.1	293,553,8,8	235.3	39.4834875	73.5851923	4563.5
363	363	1.305	стакан-марка-красная	8.5	21.0	снег-розовый	0.570	70.8	3.0	-2.0	3.6	bbox	362	29.0	29.0	29.0	55,353,9,16	235.1	39.4834907	73.5851928	4563.6
364	364	0.753	рюкзак-синий	4.5	14.1	снег-в-тени	0.487	52.9	3.0	-10.0	10.4	bbox	363	21.0	21.0	21.0	1617,0,7,11	234.6	39.4834887	73.5851935	4563.5
365	365	2.212	палка-ручка-пробка	17.5	9.4	снег-освещённый	1.079	85.1	-4.0	8.0	8.9	bbox	364	25.0	25.0	25.0	1081,185,8,8	234.5	39.4834903	73.5851930	4563.5
366	366	1.968	рюкзак-синий	12.4	34.1	порода-в-тени	0.574	4.7	-2.0	-2.0	2.8	bbox	365	90.1	90.1	90.1	1757,98,8,10	233.3	39.4834902	73.5851908	4563.5
367	367	1.200	палка-ручка-пробка	9.5	5.1	лишайник-жёлтый-на-камне	1.001	80.8	8.0	14.0	16.1	bbox	366	54.1	54.1	55.1	63,686,11,8	231.8	39.4834875	73.5851940	4563.5
368	368	1.402	рюкзак-синий	8.5	25.7	порода-в-тени	1.449	13.1	7.0	-8.0	10.6	bbox	367	104.1	104.1	106.1	0,895,9,8	231.4	39.4834914	73.5851920	4563.5
369	369	1.471	стакан-марка-красная	10.6	17.7	снег-розовый	0.842	67.5	3.0	8.0	8.5	bbox	368	97.1	97.1	97.1	17,28,6,13	231.3	39.4834914	73.5851917	4563.5
370	370	1.153	палка-ручка-пробка	8.1	15.7	лишайник-жёлтый-на-камне	0.593	60.0	6.0	15.0	16.2	bbox	369	58.1	56.1	58.1	137,327,14,6	229.9	39.4834871	73.5851940	4563.6
371	371	0.694	рюкзак-синий	5.0	8.3	снег-в-тени	1.018	47.1	6.0	-13.5	14.8	bbox	370	24.0	24.0	24.0	207,0,10,9	229.6	39.4834902	73.5851934	4563.5
372	372	2.185	рюкзак-синий	14.0	36.4	порода-в-тени	0.703	2.4	0.0	0.0	0.0	bbox	371	29.0	27.0	29.0	825,423,8,10	229.4	39.4834907	73.5851928	4563.6
373	373	2.081	стакан-марка-красная	16.6	0.6	корка-жёлтая-на-скале	0.735	50.4	-3.0	10.0	10.4	bbox	372	88.1	88.1	88.1	33,735,10,10	229.2	39.4834900	73.5851917	4563.5
374	374	1.220	палка-ручка-пробка	9.2	11.2	лишайник-жёлтый-на-камне	0.397	64.5	3.0	14.0	14.3	bbox	373	13.0	13.0	13.0	641,147,14,12	229.1	39.4834867	73.5851941	4563.5
375	375	1.033	рюкзак-синий	8.2	2.0	снег-в-тени	1.256	40.8	9.0	-12.0	15.0	bbox	374	30.0	30.0	30.0	0,717,6,12	229.0	39.4834902	73.5851924	4563.6
376	376	1.058	стакан-марка-красная	7.6	12.9	порода-охристая	0.533	36.9	8.0	8.0	11.3	bbox	375	88.1	88.1	88.1	164,705,11,14	228.7	39.4834900	73.5851917	4563.5
377	377	1.772	стакан-марка-красная	13.9	8.8	порода-в-тени	1.008	41.0	-2.5	4.5	5.1	bbox	376	22.0	22.0	22.0	873,183,20,10	228.4	39.4834892	73.5851932	4563.6
378	378	1.658	стакан-марка-красная	3.2	45.1	порода-в-тени	1.420	4.7	8.0	2.0	8.2	bbox	377	24.0	24.0	24.0	853,227,12,6	228.4	39.4834902	73.5851934	4563.5
379	379	0.953	стакан-марка-красная	7.6	1.4	снег-в-тени	0.909	51.2	4.0	-2.0	4.5	bbox	378	61.1	60.1	61.1	890,101,17,8	228.3	39.4834876	73.5851930	4563.5
380	380	1.899	палка-ручка-контроль	14.9	10.9	порода-охристая	1.020	46.7	17.0	16.0	23.3	bbox	379	19.0	19.0	19.0	81,47,8,10	227.8	39.4834874	73.5851940	4563.5
381	381	1.696	палка-ручка-контроль	11.7	24.3	порода-охристая	0.663	33.3	12.0	16.0	20.0	bbox	380	27.0	27.0	27.0	803,147,11,8	227.6	39.4834908	73.5851928	4563.5
382	382	2.841	стакан-марка-красная	19.2	42.4	снег-пересвеченный	1.009	92.2	-8.0	4.0	8.9	bbox	381	23.0	23.0	23.0	265,237,6,12	227.5	39.4834899	73.5851933	4563.5
383	383	1.983	стакан-марка-красная	14.9	19.4	порода-охристая	0.850	30.4	16.0	15.0	21.9	bbox	382	66.1	66.1	66.1	163,443,12,7	226.8	39.4834880	73.5851916	4563.6
384	384	1.971	палка-ручка-пробка	15.7	5.5	снег-розовый	0.904	81.2	-1.0	8.5	8.6	bbox	383	59.1	59.1	62.1	329,739,6,18	226.6	39.4834872	73.5851939	4563.6
385	385	1.944	стакан-марка-красная	15.3	10.4	корка-жёлтая-на-скале	0.906	60.2	-2.0	9.0	9.2	bbox	384	58.1	57.1	61.1	87,171,10,10	225.9	39.4834871	73.5851940	4563.6
386	386	1.011	палка-ручка-пробка	8.1	2.3	лишайник-жёлтый-на-камне	0.571	78.0	4.0	15.0	15.5	bbox	385	8.0	8.0	11.0	75,122,12,13	225.3	39.4834882	73.5851945	4563.6
387	387	1.011	стакан-марка-красная	8.1	2.3	порода-охристая	0.704	47.5	15.0	8.0	17.0	bbox	386	51.1	51.1	61.1	487,177,10,8	223.8	39.4834884	73.5851937	4563.5
388	388	1.133	палка-ручка-пробка	8.1	14.5	лишайник-жёлтый-на-камне	1.284	61.2	12.0	19.0	22.5	bbox	387	40.0	37.0	44.0	485,451,10,14	223.7	39.4834874	73.5851933	4563.5
389	389	1.985	стакан-марка-красная	15.8	5.3	корка-жёлтая-на-скале	0.722	55.1	-2.0	10.0	10.2	bbox	388	3.0	3.0	3.0	299,833,6,14	223.3	39.4834884	73.5851946	4563.5
390	390	1.935	палка-ручка-пробка	15.2	9.6	снег-розовый	0.991	85.3	-1.0	9.0	9.1	bbox	389	68.1	64.1	71.1	136,381,9,10	222.6	39.4834880	73.5851913	4563.5
391	391	1.432	палка-ручка-контроль	10.0	19.6	корка-жёлтая-на-скале	0.836	38.0	6.0	16.0	17.1	bbox	390	72.1	72.1	73.1	626,707,11,8	222.4	39.4834874	73.5851915	4563.6
392	392	0.522	стакан-марка-красная	4.1	2.3	снег-розовый	1.245	47.5	7.0	2.0	7.3	bbox	391	92.1	92.1	92.1	747,15,14,10	221.9	39.4834913	73.5851908	4563.6
393	393	0.582	стакан-марка-красная	3.2	12.0	порода-охристая	1.186	37.8	8.0	2.0	8.2	bbox	392	89.1	89.1	89.1	1190,199,9,14	221.3	39.4834900	73.5851911	4563.5
394	394	0.932	палка-ручка-пробка	7.1	8.2	лишайник-жёлтый-на-камне	1.010	67.5	10.0	18.0	20.6	bbox	393	56.1	56.1	56.1	79,469,11,12	221.2	39.4834871	73.5851941	4563.5
395	395	2.193	стакан-марка-красная	17.5	5.9	корка-жёлтая-на-скале	1.112	55.7	-5.0	8.0	9.4	bbox	394	23.0	23.0	23.0	119,955,10,10	220.4	39.4834899	73.5851933	4563.5
396	396	1.465	рюкзак-синий	11.2	12.3	снег-в-тени	1.755	26.5	12.0	-12.0	17.0	bbox	395	30.0	30.0	30.0	3,1066,6,14	220.3	39.4834902	73.5851924	4563.6
397	397	0.724	рюкзак-синий	5.1	9.6	снег-в-тени	0.280	48.4	2.0	-9.0	9.2	bbox	396	22.0	22.0	22.0	1705,135,23,6	220.1	39.4834892	73.5851932	4563.6
398	398	1.484	стакан-марка-красная	11.0	15.9	снег-розовый	0.926	65.7	3.0	8.5	9.0	bbox	397	90.1	90.1	90.1	1782,849,11,6	219.8	39.4834902	73.5851908	4563.5
399	399	1.227	стакан-марка-красная	8.2	18.6	порода-охристая	0.438	31.2	9.0	9.0	12.7	bbox	398	22.0	22.0	22.0	578,0,15,6	219.7	39.4834892	73.5851932	4563.6
400	400	2.004	палка-ручка-контроль	14.1	26.4	порода-охристая	0.921	31.2	16.0	16.0	22.6	bbox	399	51.1	51.1	53.1	410,437,12,11	219.4	39.4834884	73.5851937	4563.5
401	401	1.492	стакан-марка-красная	7.6	32.2	порода-охристая	0.911	17.6	8.0	8.0	11.3	bbox	400	28.0	28.0	28.0	1837,903,11,10	218.6	39.4834910	73.5851928	4563.5
402	402	2.275	палка-ручка-пробка	18.0	8.8	снег-освещённый	1.126	84.5	-5.0	8.0	9.4	bbox	401	89.1	89.1	89.1	417,101,8,8	218.6	39.4834900	73.5851911	4563.5
403	403	1.716	стакан-марка-красная	13.2	13.7	порода-в-тени	0.751	36.1	-2.0	3.0	3.6	bbox	402	88.1	88.1	88.1	366,46,11,11	218.2	39.4834900	73.5851917	4563.5
404	404	0.647	стакан-марка-красная	5.0	4.7	снег-в-тени	1.203	54.5	8.0	-3.0	8.5	bbox	403	63.1	62.1	65.1	1245,109,12,14	217.3	39.4834875	73.5851923	4563.5
405	405	1.040	стакан-марка-красная	5.8	20.8	порода-охристая	1.126	29.0	6.0	4.0	7.2	bbox	404	89.1	89.1	89.1	1260,215,27,10	217.0	39.4834900	73.5851911	4563.5
406	406	2.254	палка-древко-контроль	18.0	0.8	порода-в-тени	1.120	42.4	-7.0	3.0	7.6	bbox	405	2.0	2.0	2.0	1771,717,6,18	216.9	39.4834879	73.5851948	4563.5
407	407	0.955	рюкзак-синий	7.2	8.8	снег-в-тени	1.653	30.0	7.0	-18.0	19.3	bbox	406	92.1	92.1	92.1	341,233,8,8	215.9	39.4834913	73.5851908	4563.6
408	408	1.436	стакан-марка-красная	8.6	26.7	порода-охристая	0.910	23.1	6.0	8.0	10.0	bbox	407	58.1	58.1	63.1	753,365,14,12	215.7	39.4834871	73.5851940	4563.6
409	409	0.741	стакан-марка-красная	4.2	14.5	снег-в-тени	1.327	35.3	8.0	-2.0	8.2	bbox	408	80.1	77.1	87.1	1465,901,8,10	214.8	39.4834869	73.5851922	4563.6
410	410	1.062	палка-ручка-пробка	7.2	15.7	лишайник-жёлтый-на-камне	0.897	60.0	9.0	17.0	19.2	bbox	409	42.0	42.0	44.0	195,779,12,11	214.6	39.4834863	73.5851937	4563.6
411	411	1.359	стакан-марка-красная	2.2	37.3	порода-в-тени	1.526	12.5	10.0	-1.0	10.0	bbox	410	79.1	79.1	80.1	1583,156,18,5	214.6	39.4834861	73.5851921	4563.6
412	412	2.427	стакан-марка-красная	14.9	43.7	снег-освещённый	0.912	93.5	-3.0	6.0	6.7	bbox	411	9.0	8.0	10.0	309,965,8,14	213.8	39.4834879	73.5851944	4563.5
413	413	1.841	палка-древко-контроль	14.0	16.0	снег-освещённый	1.210	57.6	-8.0	-1.0	8.1	bbox	412	29.0	29.0	31.0	1787,625,4,14	213.8	39.4834907	73.5851928	4563.6
414	414	2.788	палка-ручка-пробка	21.6	19.0	снег-пересвеченный	1.078	94.7	-7.0	5.0	8.6	bbox	413	28.0	28.0	28.0	101,179,8,12	213.7	39.4834910	73.5851928	4563.5
415	415	1.906	палка-ручка-пробка	15.2	2.5	снег-розовый	0.952	78.2	-1.0	9.0	9.1	bbox	414	54.1	54.1	54.1	313,455,12,6	213.4	39.4834875	73.5851940	4563.5
416	416	1.960	палка-ручка-пробка	15.6	4.9	корка-жёлтая-на-скале	1.226	70.8	-7.0	13.0	14.8	bbox	415	29.0	29.0	29.0	113,719,4,16	213.1	39.4834907	73.5851928	4563.6
417	417	2.259	стакан-марка-красная	17.1	20.6	снег-освещённый	1.074	70.4	-5.0	7.0	8.6	bbox	416	23.0	23.0	23.0	257,533,8,8	213.0	39.4834899	73.5851933	4563.5
418	418	0.606	рюкзак-синий	4.2	8.2	снег-в-тени	0.762	30.6	-2.0	-11.0	11.2	bbox	417	91.1	91.1	91.1	792,953,9,8	213.0	39.4834906	73.5851908	4563.5
419	419	1.201	рюкзак-синий	8.0	18.6	снег-в-тени	1.673	20.2	9.0	-14.0	16.6	bbox	418	92.1	92.1	92.1	35,225,12,10	212.9	39.4834913	73.5851908	4563.6
420	420	1.105	стакан-марка-красная	8.0	13.1	порода-в-тени	0.889	36.7	3.0	1.0	3.2	bbox	419	58.1	58.1	58.1	705,219,10,14	212.4	39.4834871	73.5851940	4563.6
421	421	2.174	рюкзак-синий	17.0	12.3	снег-в-тени	2.856	26.5	14.0	-25.0	28.7	bbox	420	90.1	90.1	90.1	465,17,8,8	212.3	39.4834902	73.5851908	4563.5
422	422	2.278	палка-ручка-пробка	18.0	9.2	снег-освещённый	1.584	84.9	-8.0	10.5	13.2	bbox	421	29.0	29.0	29.0	0,797,7,10	211.4	39.4834907	73.5851928	4563.6
423	423	0.677	рюкзак-синий	5.4	1.9	снег-в-тени	0.429	36.9	-1.0	-9.0	9.1	bbox	422	20.0	20.0	20.0	1713,57,14,4	210.2	39.4834881	73.5851939	4563.5
424	424	1.214	стакан-марка-красная	8.5	16.5	порода-охристая	0.617	33.3	7.0	8.5	11.0	bbox	423	22.0	22.0	22.0	465,121,14,8	210.2	39.4834892	73.5851932	4563.6
425	425	1.936	стакан-марка-красная	15.2	9.8	порода-охристая	0.903	40.0	17.0	15.0	22.7	bbox	424	36.0	35.0	37.0	145,243,9,8	209.4	39.4834888	73.5851927	4563.6
426	426	1.736	стакан-марка-красная	13.6	9.8	корка-жёлтая-на-скале	0.860	59.6	0.0	9.0	9.0	bbox	425	59.1	59.1	59.1	395,1053,9,10	209.0	39.4834872	73.5851939	4563.6
427	427	1.566	стакан-марка-красная	7.3	35.7	порода-охристая	0.977	14.1	9.0	8.0	12.0	bbox	426	21.0	21.0	21.0	339,631,23,10	208.7	39.4834887	73.5851935	4563.5
428	428	1.603	стакан-марка-красная	12.8	2.3	корка-жёлтая-на-скале	0.760	47.5	1.0	9.0	9.1	bbox	427	38.0	34.0	42.0	401,541,16,8	207.2	39.4834882	73.5851933	4563.5
429	429	1.429	стакан-марка-красная	10.8	12.9	снег-розовый	0.820	62.7	2.0	7.0	7.3	bbox	428	23.0	23.0	23.0	1349,46,10,7	206.8	39.4834899	73.5851933	4563.5
430	430	1.406	стакан-марка-красная	8.1	27.4	порода-в-тени	0.794	22.4	4.0	-3.0	5.0	bbox	429	0.0	0.0	0.0	1753,635,16,8	206.6	39.4834871	73.5851948	4563.6
431	431	2.502	палка-ручка-пробка	20.0	2.9	снег-освещённый	1.155	78.6	-7.0	7.0	9.9	bbox	430	28.0	28.0	28.0	5,287,8,10	206.2	39.4834910	73.5851928	4563.5
432	432	1.374	стакан-марка-красная	10.8	7.6	порода-охристая	0.518	42.2	15.0	11.0	18.6	bbox	431	63.1	63.1	63.1	79,981,10,9	205.9	39.4834875	73.5851923	4563.5
433	433	1.061	стакан-марка-красная	7.2	15.7	снег-в-тени	1.070	34.1	7.0	-5.0	8.6	bbox	432	59.1	59.1	59.1	483,594,7,13	205.5	39.4834872	73.5851939	4563.6
434	434	1.217	рюкзак-синий	7.5	21.7	снег-в-тени	1.416	17.1	7.0	-9.5	11.8	bbox	433	88.1	88.1	88.1	517,386,12,11	204.7	39.4834900	73.5851917	4563.5
435	435	1.626	стакан-марка-красная	10.1	28.6	снег-розовый	0.143	78.4	1.0	2.5	2.7	bbox	434	86.1	85.1	86.1	439,509,6,18	204.5	39.4834903	73.5851917	4563.6
436	436	2.520	палка-ручка-пробка	20.2	1.9	снег-освещённый	1.552	77.6	-9.5	9.0	13.1	bbox	435	93.1	93.1	93.1	169,1064,6,16	204.5	39.4834917	73.5851909	4563.6
437	437	0.903	стакан-марка-красная	5.4	16.9	снег-в-тени	1.341	32.9	9.0	-4.0	9.8	bbox	436	93.1	93.1	97.1	205,387,10,13	204.4	39.4834917	73.5851909	4563.6
438	438	1.838	палка-ручка-контроль	13.5	20.7	порода-охристая	0.802	36.9	15.0	16.0	21.9	bbox	437	51.1	51.1	51.1	21,1054,12,11	204.2	39.4834884	73.5851937	4563.5
439	439	2.571	крышка-бирюзовая	19.8	18.8	снег-освещённый	1.381	72.9	-10.0	6.0	11.7	bbox	438	27.0	27.0	27.0	9,475,4,14	203.8	39.4834908	73.5851928	4563.5
440	440	1.544	стакан-марка-красная	9.0	29.6	снег-в-тени	1.692	20.2	11.0	-8.0	13.6	bbox	439	93.1	93.1	95.1	379,529,4,16	203.6	39.4834917	73.5851909	4563.6
441	441	2.545	стакан-марка-красная	17.7	35.1	снег-освещённый	0.987	84.9	-6.0	6.0	8.5	bbox	440	23.0	23.0	23.0	17,61,10,8	203.5	39.4834899	73.5851933	4563.5
442	442	2.496	стакан-марка-красная	17.3	35.1	снег-освещённый	0.814	84.9	-6.0	4.0	7.2	bbox	441	24.0	24.0	24.0	0,387,15,12	203.5	39.4834902	73.5851934	4563.5
443	443	0.941	стакан-марка-красная	4.2	21.8	порода-в-тени	1.286	28.0	8.0	-2.0	8.2	bbox	442	90.1	90.1	90.1	1367,81,14,8	203.4	39.4834902	73.5851908	4563.5
444	444	0.479	рюкзак-синий	2.5	10.2	снег-в-тени	1.220	28.6	3.0	-15.5	15.8	bbox	443	92.1	92.1	92.1	439,641,11,10	203.2	39.4834913	73.5851908	4563.6
445	445	0.770	стакан-марка-красная	6.1	3.3	снег-розовый	1.173	46.5	5.0	2.0	5.4	bbox	444	105.1	105.1	106.1	617,913,24,12	202.4	39.4834915	73.5851921	4563.5
446	446	2.226	стакан-марка-красная	11.0	49.0	порода-в-тени	0.785	0.8	0.0	1.0	1.0	bbox	445	16.0	16.0	19.0	1859,579,6,14	201.9	39.4834865	73.5851944	4563.5
447	447	2.353	крышка-контроль	18.4	13.9	снег-освещённый	1.356	56.3	-8.5	3.5	9.2	bbox	446	29.0	29.0	29.0	1905,325,6,12	201.8	39.4834907	73.5851928	4563.6
448	448	1.464	палка-ручка-пробка	11.7	1.6	лишайник-жёлтый-на-камне	0.708	74.1	1.0	12.0	12.0	bbox	447	2.0	2.0	2.0	365,97,14,8	201.6	39.4834879	73.5851948	4563.5
449	449	1.136	стакан-марка-красная	7.1	20.0	снег-в-тени	1.428	29.8	10.0	-6.0	11.7	bbox	448	93.1	93.1	94.1	27,705,8,14	201.2	39.4834917	73.5851909	4563.6
450	450	2.074	палка-ручка-пробка	16.6	4.1	снег-розовый	0.905	79.8	-2.0	8.0	8.2	bbox	449	93.1	93.1	93.1	33,90,10,13	201.1	39.4834917	73.5851909	4563.6
451	451	1.229	стакан-марка-красная	7.3	23.1	снег-в-тени	1.378	26.7	9.0	-6.0	10.8	bbox	450	54.1	54.1	54.1	1656,171,15,4	200.3	39.4834875	73.5851940	4563.5
452	452	1.085	рюкзак-синий	6.3	20.8	снег-в-тени	0.564	59.6	3.0	-8.0	8.5	bbox	451	3.0	3.0	3.0	1703,18,18,5	199.8	39.4834884	73.5851946	4563.5
453	453	1.992	палка-ручка-пробка	15.2	16.7	корка-жёлтая-на-скале	0.880	59.0	-5.5	12.0	13.2	bbox	452	30.0	30.0	30.0	0,897,5,14	199.2	39.4834902	73.5851924	4563.6
454	454	1.764	стакан-марка-красная	13.4	15.3	снег-розовый	0.855	65.1	-1.0	7.0	7.1	bbox	453	25.0	24.0	25.0	1337,39,13,6	199.1	39.4834903	73.5851930	4563.5
455	455	1.488	рюкзак-синий	11.4	11.9	снег-в-тени	2.019	26.9	12.0	-17.0	20.8	bbox	454	89.1	89.1	89.1	33,257,8,10	199.0	39.4834900	73.5851911	4563.5
456	456	1.634	рюкзак-синий	10.3	28.2	снег-в-тени	2.285	10.6	10.0	-19.0	21.5	bbox	455	91.1	91.1	91.1	1142,423,8,10	198.5	39.4834906	73.5851908	4563.5
457	457	2.385	палка-древко-контроль	19.0	6.2	порода-в-тени	1.383	47.8	-8.0	4.0	8.9	bbox	456	2.0	2.0	2.0	1907,879,4,14	197.5	39.4834879	73.5851948	4563.5
458	458	1.384	стакан-марка-красная	11.0	5.3	корка-жёлтая-на-скале	1.200	44.5	1.0	5.5	5.6	bbox	457	93.1	93.1	93.1	291,646,10,12	196.8	39.4834917	73.5851909	4563.6
459	459	0.923	стакан-марка-красная	7.1	7.5	снег-розовый	1.014	57.3	6.0	6.0	8.5	bbox	458	90.1	90.1	90.1	1573,1001,12,6	196.6	39.4834902	73.5851908	4563.5
460	460	0.424	стакан-марка-красная	3.2	4.3	снег-розовый	1.125	54.1	8.0	2.0	8.2	bbox	459	90.1	90.1	90.1	1760,457,12,8	196.4	39.4834902	73.5851908	4563.5
461	461	1.136	рюкзак-синий	9.0	4.3	снег-в-тени	0.429	43.1	1.0	-5.0	5.1	bbox	460	32.0	32.0	33.0	1785,13,22,8	196.2	39.4834896	73.5851924	4563.5
462	462	2.083	стакан-марка-красная	16.6	4.1	корка-жёлтая-на-скале	1.168	53.9	-4.5	7.0	8.3	bbox	461	28.0	28.0	28.0	17,1050,6,17	195.4	39.4834910	73.5851928	4563.5
463	463	1.642	стакан-марка-красная	13.0	5.5	корка-жёлтая-на-скале	0.884	44.3	0.0	8.0	8.0	bbox	462	105.1	105.1	105.1	1713,315,14,4	195.2	39.4834915	73.5851921	4563.5
464	464	1.936	стакан-марка-красная	12.1	33.9	снег-розовый	0.600	83.7	0.0	6.0	6.0	bbox	463	87.1	84.1	87.1	416,713,5,12	195.0	39.4834900	73.5851919	4563.5
465	465	1.854	стакан-марка-красная	14.3	13.5	снег-розовый	0.949	63.3	-2.0	7.0	7.3	bbox	464	94.1	91.1	94.1	1335,193,8,6	194.2	39.4834920	73.5851909	4563.6
466	466	1.637	стакан-марка-красная	13.0	4.3	корка-жёлтая-на-скале	0.879	45.5	0.0	8.0	8.0	bbox	465	51.1	51.1	51.1	749,891,12,12	193.9	39.4834884	73.5851937	4563.5
467	467	0.378	стакан-марка-красная	2.8	3.7	снег-в-тени	1.427	46.1	9.0	-1.0	9.1	bbox	466	78.1	78.1	82.1	1436,89,12,7	193.9	39.4834857	73.5851921	4563.6
468	468	1.575	рюкзак-синий	12.3	9.6	снег-в-тени	0.841	48.4	-4.5	-3.0	5.4	bbox	467	23.0	23.0	23.0	5,1026,12,8	193.8	39.4834899	73.5851933	4563.5
469	469	1.831	стакан-марка-красная	14.3	10.8	корка-жёлтая-на-скале	1.077	39.0	-2.0	7.0	7.3	bbox	468	61.1	61.1	61.1	363,1025,10,8	193.3	39.4834876	73.5851930	4563.5
470	470	1.537	палка-ручка-контроль	10.8	20.7	порода-охристая	0.640	36.9	10.0	16.0	18.9	bbox	469	2.0	1.0	2.0	241,643,10,13	192.8	39.4834879	73.5851948	4563.5
471	471	1.011	стакан-марка-красная	8.1	2.2	снег-розовый	1.077	47.6	3.0	2.0	3.6	bbox	470	58.1	58.1	61.1	922,57,17,8	192.8	39.4834871	73.5851940	4563.6
472	472	1.496	палка-ручка-контроль	11.7	8.8	порода-охристая	1.610	48.8	17.0	22.0	27.8	bbox	471	38.0	37.0	38.0	29,759,12,6	191.9	39.4834882	73.5851933	4563.5
473	473	1.295	стакан-марка-красная	10.0	8.8	порода-охристая	0.733	58.6	10.0	11.0	14.9	bbox	472	28.0	27.0	31.0	970,208,8,9	191.3	39.4834910	73.5851928	4563.5
474	474	2.198	палка-древко-контроль	15.0	31.9	снег-пересвеченный	0.950	73.5	-9.0	0.0	9.0	bbox	473	25.0	25.0	25.0	1850,837,7,8	191.2	39.4834903	73.5851930	4563.5
475	475	0.389	стакан-марка-красная	2.8	4.5	снег-розовый	1.264	54.3	9.0	-1.0	9.1	bbox	474	79.1	79.1	80.1	1425,343,6,10	190.4	39.4834861	73.5851921	4563.6
476	476	1.792	рюкзак-синий	13.6	15.9	снег-в-тени	2.470	22.9	12.0	-22.0	25.1	bbox	475	90.1	90.1	90.1	305,771,8,6	190.2	39.4834902	73.5851908	4563.5
477	477	1.488	рюкзак-синий	8.2	30.2	снег-в-тени	1.212	69.0	7.5	-9.0	11.7	bbox	476	29.0	29.0	29.0	65,559,7,12	189.1	39.4834907	73.5851928	4563.6
478	478	1.041	рюкзак-синий	5.8	20.8	снег-в-тени	0.666	59.6	4.0	-9.0	9.8	bbox	477	26.0	26.0	26.0	1851,284,6,13	189.0	39.4834906	73.5851926	4563.5
479	479	1.593	стакан-марка-красная	11.7	17.6	порода-охристая	0.562	32.2	15.0	12.0	19.2	bbox	478	14.0	14.0	15.0	217,33,8,12	188.8	39.4834866	73.5851942	4563.5
480	480	2.332	стакан-марка-красная	17.5	22.9	снег-освещённый	0.930	72.7	-6.0	5.0	7.8	bbox	479	26.0	26.0	30.0	81,715,10,12	187.9	39.4834906	73.5851926	4563.5
481	481	1.019	рюкзак-синий	7.4	11.7	снег-в-тени	1.107	27.1	6.5	-9.0	11.1	bbox	480	32.0	32.0	32.0	1569,87,14,4	187.8	39.4834896	73.5851924	4563.5
482	482	1.811	палка-древко-контроль	14.1	11.0	порода-в-тени	1.064	30.6	-10.0	-1.0	10.0	bbox	481	93.1	93.1	93.1	1861,889,10,6	187.5	39.4834917	73.5851909	4563.6
483	483	1.583	стакан-марка-красная	11.7	17.3	снег-розовый	0.740	67.1	1.0	7.0	7.1	bbox	482	98.1	95.1	101.1	1123,235,12,6	187.1	39.4834915	73.5851919	4563.5
484	484	2.254	палка-ручка-пробка	18.0	1.4	снег-освещённый	1.126	77.1	-5.0	8.0	9.4	bbox	483	28.0	28.0	28.0	79,263,10,8	187.0	39.4834910	73.5851928	4563.5
485	485	1.563	стакан-марка-красная	11.2	19.6	порода-охристая	0.690	30.2	16.0	11.0	19.4	bbox	484	15.0	15.0	15.0	207,649,8,12	186.9	39.4834866	73.5851941	4563.5
486	486	1.623	палка-ручка-контроль	10.4	27.0	порода-охристая	0.729	30.6	9.0	16.0	18.4	bbox	485	14.0	12.0	14.0	367,235,11,10	186.6	39.4834866	73.5851942	4563.5
487	487	1.882	стакан-марка-красная	14.3	16.3	снег-розовый	0.900	66.1	-2.0	7.0	7.3	bbox	486	20.0	20.0	20.0	249,353,12,6	186.6	39.4834881	73.5851939	4563.5
488	488	1.313	рюкзак-синий	10.4	4.1	снег-в-тени	1.837	34.7	11.0	-17.0	20.2	bbox	487	23.0	23.0	23.0	117,63,8,12	185.8	39.4834899	73.5851933	4563.5
489	489	1.480	палка-ручка-контроль	10.4	19.6	порода-охристая	0.673	38.0	9.0	16.0	18.4	bbox	488	72.1	68.1	72.1	83,1001,12,6	185.8	39.4834874	73.5851915	4563.6
490	490	1.386	палка-ручка-пробка	9.2	21.6	корка-жёлтая-на-скале	0.455	54.1	3.0	14.0	14.3	bbox	489	18.0	14.0	18.0	111,609,10,8	185.7	39.4834867	73.5851941	4563.5
491	491	1.001	рюкзак-синий	7.8	6.3	снег-в-тени	0.927	32.5	6.0	-8.0	10.0	bbox	490	59.1	57.1	59.1	809,226,14,5	185.6	39.4834872	73.5851939	4563.6
492	492	0.723	стакан-марка-красная	5.0	10.2	снег-в-тени	1.189	39.6	7.0	-2.0	7.3	bbox	491	90.1	90.1	90.1	1841,385,6,8	185.6	39.4834902	73.5851908	4563.5
493	493	1.111	стакан-марка-красная	8.6	7.8	порода-охристая	1.002	57.6	6.0	8.0	10.0	bbox	492	97.1	94.1	97.1	105,457,8,10	185.6	39.4834914	73.5851917	4563.5
494	494	1.498	стакан-марка-красная	9.4	25.9	снег-розовый	1.010	75.7	6.0	9.0	10.8	bbox	493	19.0	15.0	19.0	56,306,8,10	185.3	39.4834874	73.5851940	4563.5
495	495	1.651	стакан-марка-красная	13.2	1.6	корка-жёлтая-на-скале	0.753	48.2	0.5	9.0	9.0	bbox	494	38.0	38.0	38.0	577,775,10,10	185.3	39.4834882	73.5851933	4563.5
496	496	1.389	рюкзак-синий	3.2	37.3	снег-в-тени	1.106	76.1	2.0	-11.0	11.2	bbox	495	25.0	25.0	25.0	241,209,14,5	185.2	39.4834903	73.5851930	4563.5
497	497	2.099	палка-ручка-пробка	16.6	7.9	корка-жёлтая-на-скале	1.151	67.8	-4.0	9.0	9.8	bbox	496	28.0	27.0	28.0	1531,107,10,7	184.7	39.4834910	73.5851928	4563.5
498	498	1.242	стакан-марка-красная	9.9	2.9	порода-охристая	0.999	46.9	4.0	8.0	8.9	bbox	497	25.0	25.0	25.0	1723,39,7,8	183.5	39.4834903	73.5851930	4563.5
499	499	0.863	стакан-марка-красная	4.5	18.4	порода-охристая	0.829	31.4	9.0	5.0	10.3	bbox	498	58.1	57.1	58.1	589,263,18,6	182.7	39.4834871	73.5851940	4563.6
500	500	1.673	стакан-марка-красная	8.5	36.1	порода-в-тени	0.680	13.7	3.0	-2.0	3.6	bbox	499	73.1	73.1	73.1	1897,967,8,11	182.1	39.4834868	73.5851916	4563.6
501	501	1.365	стакан-марка-красная	8.6	23.5	порода-охристая	0.848	26.3	16.0	8.0	17.9	bbox	500	10.0	10.0	10.0	626,561,15,6	181.9	39.4834875	73.5851943	4563.5
502	502	1.382	рюкзак-синий	10.8	8.8	снег-в-тени	1.964	30.0	11.0	-18.0	21.1	bbox	501	23.0	23.0	23.0	137,809,4,13	181.9	39.4834899	73.5851933	4563.5
503	503	1.589	стакан-марка-красная	7.3	36.5	порода-в-тени	0.791	13.3	4.0	-1.0	4.1	bbox	502	37.0	37.0	37.0	1296,943,7,11	181.9	39.4834884	73.5851928	4563.5
504	504	0.920	рюкзак-синий	5.8	15.7	снег-в-тени	0.368	54.5	-2.0	-9.0	9.2	bbox	503	24.0	24.0	25.0	532,195,15,4	181.5	39.4834902	73.5851934	4563.5
505	505	1.008	стакан-марка-красная	8.1	0.6	порода-охристая	0.758	50.4	7.0	8.0	10.6	bbox	504	42.0	39.0	42.0	1031,723,10,7	181.5	39.4834863	73.5851937	4563.6
506	506	1.126	рюкзак-синий	8.5	10.6	снег-в-тени	1.120	28.2	7.0	-8.0	10.6	bbox	505	26.0	26.0	26.0	13,217,8,8	181.3	39.4834906	73.5851926	4563.5
507	507	1.672	стакан-марка-красная	13.0	11.0	порода-охристая	0.673	38.8	16.0	13.0	20.6	bbox	506	52.1	52.1	52.1	394,161,11,14	181.3	39.4834880	73.5851937	4563.5
508	508	1.708	стакан-марка-красная	12.8	16.7	снег-розовый	0.969	66.5	1.0	9.0	9.1	bbox	507	79.1	79.1	87.1	1285,473,8,8	181.3	39.4834861	73.5851921	4563.6
509	509	1.265	палка-ручка-пробка	9.4	13.2	лишайник-жёлтый-на-камне	0.935	62.5	9.0	14.5	17.1	bbox	508	69.1	66.1	69.1	323,817,6,10	181.0	39.4834882	73.5851915	4563.5
510	510	1.278	рюкзак-синий	10.0	7.4	снег-в-тени	1.269	31.4	9.0	-8.0	12.0	bbox	509	95.1	95.1	95.1	225,103,8,6	181.0	39.4834917	73.5851909	4563.6
511	511	0.716	стакан-марка-красная	5.7	3.1	порода-охристая	1.040	52.9	7.0	5.0	8.6	bbox	510	24.0	24.0	24.0	1835,493,11,7	180.6	39.4834902	73.5851934	4563.5
512	512	1.137	стакан-марка-красная	8.6	10.4	порода-охристая	0.730	39.4	16.0	8.0	17.9	bbox	511	40.0	40.0	40.0	129,161,8,8	180.6	39.4834874	73.5851933	4563.5
513	513	1.964	стакан-марка-красная	13.9	25.7	снег-розовый	0.842	75.5	-1.0	8.0	8.1	bbox	512	79.1	79.1	79.1	1209,107,14,6	180.2	39.4834861	73.5851921	4563.6
514	514	1.911	стакан-марка-красная	13.1	27.5	снег-освещённый	0.401	77.3	-1.5	-3.0	3.4	bbox	513	51.1	51.1	53.1	785,13,8,10	179.6	39.4834884	73.5851937	4563.5
515	515	1.342	палка-ручка-контроль	10.2	11.7	порода-охристая	0.776	45.9	8.0	16.0	17.9	bbox	514	65.1	65.1	66.1	43,643,14,8	179.4	39.4834879	73.5851921	4563.6
516	516	1.158	стакан-марка-красная	8.5	12.7	снег-в-тени	1.489	37.1	11.5	-7.5	13.7	bbox	515	30.0	30.0	30.0	147,0,10,8	178.9	39.4834902	73.5851924	4563.6
517	517	1.353	стакан-марка-красная	9.8	15.7	порода-охристая	0.538	34.1	15.0	10.0	18.0	bbox	516	63.1	61.1	65.1	1263,735,8,10	178.1	39.4834875	73.5851923	4563.5
518	518	0.461	стакан-марка-красная	3.2	6.7	порода-охристая	1.198	43.1	8.0	2.0	8.2	bbox	517	104.1	104.1	104.1	481,875,6,15	177.6	39.4834914	73.5851920	4563.5
519	519	1.817	стакан-марка-красная	13.4	19.6	снег-розовый	0.785	69.4	-1.0	7.0	7.1	bbox	518	23.0	23.0	23.0	1113,315,12,6	176.8	39.4834899	73.5851933	4563.5
520	520	1.609	рюкзак-синий	11.2	22.3	порода-в-тени	0.313	16.5	-1.0	-3.0	3.2	bbox	519	17.0	17.0	17.0	1755,266,7,11	176.6	39.4834865	73.5851942	4563.5
521	521	1.160	стакан-марка-красная	8.1	16.1	порода-охристая	0.326	33.7	12.0	9.0	15.0	bbox	520	59.1	59.1	59.1	683,467,12,12	176.4	39.4834872	73.5851939	4563.6
522	522	0.765	рюкзак-синий	5.4	10.2	снег-в-тени	1.425	28.6	6.0	-16.0	17.1	bbox	521	92.1	92.1	92.1	419,93,14,8	176.2	39.4834913	73.5851908	4563.6
523	523	1.784	рюкзак-синий	12.2	25.9	снег-в-тени	2.466	12.9	11.0	-21.0	23.7	bbox	522	90.1	90.1	90.1	197,823,12,7	175.8	39.4834902	73.5851908	4563.5
524	524	2.069	стакан-марка-красная	9.0	48.6	порода-в-тени	0.885	1.2	2.0	1.0	2.2	bbox	523	71.1	71.1	71.1	498,788,5,15	175.4	39.4834879	73.5851915	4563.5
525	525	1.538	стакан-марка-красная	10.0	25.1	порода-в-тени	1.189	24.7	3.0	7.0	7.6	bbox	524	99.1	99.1	99.1	273,402,14,7	175.1	39.4834915	73.5851920	4563.5
526	526	2.181	стакан-марка-красная	14.0	36.3	порода-в-тени	0.465	13.5	-3.0	2.0	3.6	bbox	525	25.0	25.0	25.0	445,105,18,4	174.9	39.4834903	73.5851930	4563.5
527	527	1.584	стакан-марка-красная	12.5	6.7	снег-розовый	1.011	56.5	0.0	7.0	7.0	bbox	526	67.1	67.1	67.1	998,11,11,10	174.9	39.4834880	73.5851917	4563.5
528	528	1.362	стакан-марка-красная	2.1	37.4	порода-в-тени	1.712	12.4	11.5	-1.0	11.5	bbox	527	77.1	73.1	77.1	1757,813,7,16	174.7	39.4834855	73.5851921	4563.6
529	529	1.891	стакан-марка-красная	13.9	21.0	корка-жёлтая-на-скале	1.114	28.8	-1.0	8.0	8.1	bbox	528	106.1	100.1	106.1	561,941,6,8	174.0	39.4834921	73.5851921	4563.6
530	530	1.509	стакан-марка-красная	3.2	40.8	порода-в-тени	1.559	9.0	10.0	-2.0	10.2	bbox	529	9.0	9.0	9.0	1511,34,14,7	173.7	39.4834879	73.5851944	4563.5
531	531	1.727	стакан-марка-красная	11.0	29.2	снег-освещённый	0.154	79.0	0.0	0.5	0.5	bbox	530	60.1	60.1	60.1	1339,211,16,6	173.5	39.4834875	73.5851936	4563.6
532	532	1.380	стакан-марка-красная	10.6	10.4	снег-розовый	0.982	60.2	3.0	8.0	8.5	bbox	531	31.0	31.0	33.0	85,393,12,4	173.4	39.4834898	73.5851924	4563.5
533	533	0.819	рюкзак-синий	6.3	6.7	снег-в-тени	1.524	45.5	4.0	-19.5	19.9	bbox	532	90.1	90.1	90.1	265,625,8,10	173.1	39.4834902	73.5851908	4563.5
534	534	1.726	рюкзак-синий	10.0	33.3	порода-в-тени	1.715	5.5	9.0	-8.0	12.0	bbox	533	92.1	92.1	92.1	89,650,16,7	173.1	39.4834913	73.5851908	4563.6
535	535	2.061	стакан-марка-красная	14.3	28.6	порода-охристая	0.877	21.2	14.0	15.0	20.5	bbox	534	52.1	52.1	52.1	426,581,9,11	173.0	39.4834880	73.5851937	4563.5
536	536	0.905	стакан-марка-красная	7.2	2.2	снег-в-тени	0.952	47.6	7.0	-5.0	8.6	bbox	535	1.0	1.0	1.0	1276,61,13,8	172.9	39.4834876	73.5851948	4563.6
537	537	1.639	стакан-марка-красная	4.5	43.1	порода-в-тени	1.227	6.7	7.0	-1.0	7.1	bbox	536	27.0	27.0	31.0	193,129,8,8	172.6	39.4834908	73.5851928	4563.5
538	538	0.732	рюкзак-синий	5.8	1.9	снег-в-тени	0.480	36.9	-2.0	-9.0	9.2	bbox	537	91.1	91.1	91.1	241,954,10,7	172.0	39.4834906	73.5851908	4563.5
539	539	2.730	стакан-марка-красная	17.5	45.9	снег-освещённый	1.031	95.7	-6.0	5.0	7.8	bbox	538	89.1	89.1	89.1	377,17,14,6	171.9	39.4834900	73.5851911	4563.5
540	540	1.515	стакан-марка-красная	11.7	11.6	снег-розовый	0.861	61.4	1.0	7.0	7.1	bbox	539	22.0	22.0	22.0	283,497,8,10	171.8	39.4834892	73.5851932	4563.6
541	541	1.766	стакан-марка-красная	13.9	9.0	корка-жёлтая-на-скале	0.968	58.8	-1.0	8.0	8.1	bbox	540	66.1	66.1	70.1	755,75,12,4	171.3	39.4834880	73.5851916	4563.6
542	542	1.041	палка-ручка-пробка	8.2	4.1	лишайник-жёлтый-на-камне	0.707	71.6	7.0	15.0	16.6	bbox	541	15.0	15.0	15.0	601,11,10,6	170.1	39.4834866	73.5851941	4563.5
543	543	2.019	палка-ручка-пробка	16.1	4.5	снег-розовый	0.959	80.2	-2.0	8.5	8.7	bbox	542	88.1	88.1	88.1	101,945,6,8	169.4	39.4834900	73.5851917	4563.5
544	544	0.852	рюкзак-синий	6.4	8.2	снег-в-тени	0.886	30.6	5.0	-9.0	10.3	bbox	543	31.0	28.0	31.0	1500,25,13,4	169.1	39.4834898	73.5851924	4563.5
545	545	0.903	рюкзак-синий	6.7	9.4	снег-в-тени	1.569	29.4	7.0	-17.0	18.4	bbox	544	92.1	92.1	95.1	98,562,7,11	169.1	39.4834913	73.5851908	4563.6
546	546	2.086	стакан-марка-красная	11.0	43.9	порода-в-тени	0.628	5.9	0.0	1.0	1.0	bbox	545	99.1	99.1	102.1	897,253,8,8	168.3	39.4834915	73.5851920	4563.5
547	547	0.464	стакан-марка-красная	3.6	3.1	снег-розовый	1.216	52.9	8.0	-1.0	8.1	bbox	546	91.1	91.1	91.1	1793,257,8,8	168.1	39.4834906	73.5851908	4563.5
548	548	1.232	стакан-марка-красная	9.8	1.6	порода-охристая	0.693	51.4	15.0	10.0	18.0	bbox	547	40.0	40.0	40.0	88,106,9,7	167.8	39.4834874	73.5851933	4563.5
549	549	2.485	палка-ручка-пробка	18.8	22.7	снег-освещённый	1.011	98.4	-3.0	6.0	6.7	bbox	548	18.0	18.0	19.0	761,123,16,6	166.7	39.4834867	73.5851941	4563.5
550	550	1.268	стакан-марка-красная	6.5	27.3	порода-в-тени	1.407	22.5	8.5	-5.0	9.9	bbox	549	95.1	95.1	99.1	642,775,7,8	166.3	39.4834917	73.5851909	4563.6
551	551	1.000	стакан-марка-красная	6.0	18.4	снег-розовый	0.905	68.2	6.5	-3.0	7.2	bbox	550	16.0	16.0	16.0	1025,529,4,14	166.2	39.4834865	73.5851944	4563.5
552	552	2.295	стакан-марка-красная	18.0	12.2	снег-освещённый	1.268	62.0	-6.0	7.0	9.2	bbox	551	26.0	26.0	26.0	1619,13,6,8	166.2	39.4834906	73.5851926	4563.5
553	553	2.040	рюкзак-синий	13.3	32.9	порода-в-тени	0.518	5.9	-2.0	-1.0	2.2	bbox	552	89.1	89.1	89.1	1913,213,7,11	166.1	39.4834900	73.5851911	4563.5
554	554	1.593	рюкзак-синий	8.6	32.9	порода-в-тени	1.683	5.9	8.0	-9.0	12.0	bbox	553	89.1	89.1	89.1	177,593,8,13	165.1	39.4834900	73.5851911	4563.5
555	555	1.393	палка-ручка-пробка	11.0	5.1	лишайник-жёлтый-на-камне	0.969	80.8	6.0	12.0	13.4	bbox	554	50.1	43.0	50.1	345,715,8,6	164.8	39.4834882	73.5851937	4563.5
556	556	0.874	рюкзак-синий	6.8	5.7	снег-в-тени	0.639	44.5	5.0	-8.5	9.9	bbox	555	24.0	24.0	24.0	414,1057,7,10	163.7	39.4834902	73.5851934	4563.5
557	557	2.069	палка-ручка-пробка	16.6	0.8	снег-розовый	0.902	76.5	-2.0	8.0	8.2	bbox	556	18.0	16.0	18.0	809,921,12,8	163.3	39.4834867	73.5851941	4563.5
558	558	1.230	стакан-марка-красная	6.1	27.1	снег-в-тени	1.582	22.7	10.0	-5.0	11.2	bbox	557	12.0	12.0	12.0	1346,91,13,6	163.1	39.4834870	73.5851942	4563.5
559	559	0.917	стакан-марка-красная	6.4	12.5	порода-охристая	0.801	37.3	15.0	6.0	16.2	bbox	558	71.1	66.1	71.1	1021,453,5,10	163.1	39.4834879	73.5851915	4563.5
560	560	1.001	стакан-марка-красная	7.1	13.1	снег-розовый	0.880	62.9	6.0	6.0	8.5	bbox	559	97.1	95.1	98.1	649,333,8,6	163.1	39.4834914	73.5851917	4563.5
561	561	1.879	стакан-марка-красная	15.0	3.5	корка-жёлтая-на-скале	0.667	53.3	-1.0	10.0	10.0	bbox	560	65.1	65.1	65.1	931,51,4,12	163.0	39.4834879	73.5851921	4563.6
562	562	1.277	стакан-марка-красная	8.1	22.0	порода-охристая	0.730	27.8	15.0	8.0	17.0	bbox	561	66.1	66.1	66.1	1211,215,6,12	162.4	39.4834880	73.5851916	4563.6
563	563	1.402	стакан-марка-красная	10.6	12.6	снег-розовый	0.935	62.4	3.0	8.0	8.5	bbox	562	99.1	99.1	99.1	1854,217,11,8	161.8	39.4834915	73.5851920	4563.5
564	564	1.413	стакан-марка-красная	10.0	18.4	снег-розовый	0.720	68.2	3.0	7.0	7.6	bbox	563	88.1	88.1	88.1	43,605,6,10	161.7	39.4834900	73.5851917	4563.5
565	565	1.423	стакан-марка-красная	5.4	35.1	порода-в-тени	1.440	14.7	9.0	-4.0	9.8	bbox	564	23.0	23.0	23.0	295,690,10,7	161.3	39.4834899	73.5851933	4563.5
566	566	1.365	стакан-марка-красная	10.8	6.3	порода-охристая	0.533	43.5	15.0	11.0	18.6	bbox	565	14.0	14.0	14.0	155,715,10,6	160.9	39.4834866	73.5851942	4563.5
567	567	1.224	стакан-марка-красная	9.6	6.7	порода-охристая	1.038	56.5	5.0	8.5	9.9	bbox	566	26.0	26.0	26.0	728,140,11,6	160.5	39.4834906	73.5851926	4563.5
568	568	2.071	палка-ручка-пробка	16.6	2.1	снег-розовый	0.901	77.8	-2.0	8.0	8.2	bbox	567	38.0	38.0	38.0	0,873,7,8	160.2	39.4834882	73.5851933	4563.5
569	569	1.092	палка-ручка-пробка	7.3	16.9	лишайник-жёлтый-на-камне	0.681	58.8	7.0	16.0	17.5	bbox	568	56.1	56.1	60.1	410,153,11,4	160.0	39.4834871	73.5851941	4563.5
570	570	1.239	палка-ручка-пробка	8.2	19.2	лишайник-жёлтый-на-камне	0.746	56.5	7.0	15.0	16.6	bbox	569	71.1	71.1	71.1	51,786,12,5	160.0	39.4834879	73.5851915	4563.5
571	571	1.202	палка-ручка-пробка	7.3	22.0	лишайник-жёлтый-на-камне	0.764	53.7	7.0	16.0	17.5	bbox	570	57.1	56.1	57.1	129,81,6,8	159.8	39.4834870	73.5851940	4563.5
572	572	1.474	стакан-марка-красная	10.0	21.6	снег-розовый	0.255	71.4	1.0	2.0	2.2	bbox	571	15.0	13.0	20.0	809,163,22,6	159.6	39.4834866	73.5851941	4563.5
573	573	1.865	стакан-марка-красная	14.3	14.7	корка-жёлтая-на-скале	1.126	35.1	-2.0	7.0	7.3	bbox	572	99.1	99.1	99.1	41,77,8,8	159.5	39.4834915	73.5851920	4563.5
574	574	1.162	стакан-марка-красная	7.8	17.7	снег-розовый	0.722	67.5	5.0	6.0	7.8	bbox	573	88.1	88.1	88.1	1331,659,12,4	158.4	39.4834900	73.5851917	4563.5
575	575	1.859	палка-ручка-пробка	14.9	1.0	снег-розовый	0.911	76.7	0.0	9.0	9.0	bbox	574	67.1	67.1	67.1	469,49,6,8	158.2	39.4834880	73.5851917	4563.5
576	576	2.120	стакан-марка-красная	12.5	40.0	снег-розовый	0.802	89.8	0.0	7.0	7.0	bbox	575	80.1	80.1	80.1	693,0,10,7	158.0	39.4834869	73.5851922	4563.6
577	577	1.884	стакан-марка-красная	13.0	26.7	снег-розовый	0.626	76.5	-1.0	6.0	6.1	bbox	576	63.1	63.1	63.1	1651,51,12,4	156.7	39.4834875	73.5851923	4563.5
578	578	0.626	стакан-марка-красная	3.6	12.2	снег-розовый	1.152	62.0	9.0	-2.0	9.2	bbox	577	65.1	65.1	65.1	1580,124,5,11	156.6	39.4834879	73.5851921	4563.6
579	579	2.044	рюкзак-синий	14.6	26.1	порода-в-тени	0.326	12.7	-3.0	0.0	3.0	bbox	578	81.1	81.1	81.1	1699,494,14,7	156.6	39.4834876	73.5851921	4563.5
580	580	1.084	палка-ручка-пробка	8.6	4.9	лишайник-жёлтый-на-камне	0.442	70.8	4.0	14.5	15.0	bbox	579	1.0	1.0	1.0	363,412,6,9	156.2	39.4834876	73.5851948	4563.6
581	581	1.644	рюкзак-синий	11.4	22.9	снег-в-тени	2.346	15.9	10.0	-21.0	23.3	bbox	580	91.1	91.1	91.1	737,694,8,13	156.2	39.4834906	73.5851908	4563.5
582	582	1.008	стакан-марка-красная	8.1	0.2	снег-в-тени	0.913	50.0	7.0	-6.0	9.2	bbox	581	24.0	24.0	24.0	1849,81,8,7	156.1	39.4834902	73.5851934	4563.5
583	583	1.717	стакан-марка-красная	7.3	40.8	порода-в-тени	0.853	9.0	4.0	-1.0	4.1	bbox	582	79.1	79.1	79.1	1909,556,11,7	156.0	39.4834861	73.5851921	4563.6
584	584	1.731	стакан-марка-красная	11.7	25.9	порода-охристая	0.730	23.9	15.0	12.0	19.2	bbox	583	12.0	12.0	12.0	98,751,7,10	155.0	39.4834870	73.5851942	4563.5
585	585	1.024	рюкзак-синий	8.1	5.1	снег-в-тени	0.812	33.7	5.0	-7.0	8.6	bbox	584	15.0	15.0	15.0	1745,115,14,4	155.0	39.4834866	73.5851941	4563.5
586	586	1.095	палка-ручка-пробка	7.0	18.4	лишайник-жёлтый-на-камне	0.493	57.3	5.0	16.0	16.8	bbox	585	74.1	74.1	75.1	360,359,7,6	154.9	39.4834863	73.5851919	4563.6
587	587	0.546	стакан-марка-красная	3.6	8.6	снег-в-тени	1.350	41.2	8.0	-1.0	8.1	bbox	586	79.1	79.1	79.1	1547,535,10,6	154.7	39.4834861	73.5851921	4563.6
588	588	1.159	палка-ручка-пробка	7.1	21.0	лишайник-жёлтый-на-камне	0.644	54.7	6.0	16.0	17.1	bbox	587	63.1	63.1	63.1	281,5,14,6	154.5	39.4834875	73.5851923	4563.5
589	589	0.626	стакан-марка-красная	5.0	1.2	порода-охристая	1.103	51.0	7.0	4.0	8.1	bbox	588	89.1	89.1	89.1	1567,251,14,6	154.1	39.4834900	73.5851911	4563.5
590	590	1.946	стакан-марка-красная	14.3	21.4	порода-в-тени	0.699	28.4	-3.0	4.0	5.0	bbox	589	0.0	0.0	0.0	1915,881,5,16	153.9	39.4834871	73.5851948	4563.6
591	591	1.412	палка-ручка-контроль	9.0	23.9	корка-жёлтая-на-скале	0.937	33.7	6.0	17.0	18.0	bbox	590	10.0	10.0	10.0	131,808,7,8	153.8	39.4834875	73.5851943	4563.5
592	592	1.683	стакан-марка-красная	11.7	23.5	снег-розовый	0.655	73.3	1.0	7.0	7.1	bbox	591	21.0	21.0	21.0	105,407,8,6	153.8	39.4834887	73.5851935	4563.5
593	593	0.959	стакан-марка-красная	5.8	17.5	снег-розовый	0.974	67.3	8.0	6.0	10.0	bbox	592	0.0	0.0	0.0	385,483,8,6	153.7	39.4834871	73.5851948	4563.6
594	594	1.505	палка-ручка-пробка	10.8	18.8	порода-охристая	0.748	56.9	9.0	13.0	15.8	bbox	593	34.0	32.0	35.0	55,489,5,8	153.7	39.4834898	73.5851926	4563.5
595	595	1.901	стакан-марка-красная	7.0	47.3	порода-в-тени	1.016	2.5	4.0	1.0	4.1	bbox	594	41.0	40.0	42.0	897,167,14,6	153.5	39.4834869	73.5851933	4563.5
596	596	1.524	рюкзак-синий	7.6	33.3	порода-в-тени	1.846	5.5	8.0	-11.0	13.6	bbox	595	89.1	89.1	89.1	401,718,13,5	153.3	39.4834900	73.5851911	4563.5
597	597	1.587	стакан-марка-красная	12.0	14.1	снег-освещённый	0.603	63.9	-1.0	0.0	1.0	bbox	596	62.1	62.1	67.1	995,141,4,15	153.1	39.4834875	73.5851925	4563.5
598	598	1.044	рюкзак-синий	8.2	4.7	снег-в-тени	1.325	34.1	9.0	-12.0	15.0	bbox	597	24.0	24.0	24.0	21,23,13,4	153.0	39.4834902	73.5851934	4563.5
599	599	0.786	рюкзак-синий	4.5	15.5	снег-в-тени	0.917	23.3	-1.0	-10.0	10.0	bbox	598	90.1	90.1	90.1	765,1058,9,6	152.5	39.4834902	73.5851908	4563.5
600	600	1.048	рюкзак-синий	6.7	17.6	снег-в-тени	1.074	21.2	4.0	-8.0	8.9	bbox	599	21.0	21.0	21.0	1737,55,8,6	152.3	39.4834887	73.5851935	4563.5
601	601	1.461	стакан-марка-красная	8.1	29.6	порода-охристая	0.902	20.2	15.0	8.0	17.0	bbox	600	33.0	33.0	34.0	297,105,11,6	152.2	39.4834897	73.5851925	4563.5
602	602	1.846	палка-древко-контроль	13.5	20.9	снег-освещённый	1.107	62.5	-8.0	-1.5	8.1	bbox	601	24.0	24.0	24.0	1777,725,8,6	151.3	39.4834902	73.5851934	4563.5
603	603	1.480	стакан-марка-красная	9.9	22.7	порода-охристая	1.035	27.1	4.0	8.0	8.9	bbox	602	89.1	89.1	89.1	1657,49,8,16	151.3	39.4834900	73.5851911	4563.5
604	604	1.385	стакан-марка-красная	10.8	8.4	снег-розовый	0.932	58.2	2.0	7.0	7.3	bbox	603	96.1	96.1	96.1	1203,363,12,4	151.0	39.4834915	73.5851911	4563.5
605	605	1.728	стакан-марка-красная	13.0	16.1	снег-розовый	0.895	65.9	0.0	8.0	8.0	bbox	604	47.0	47.0	47.0	793,1059,14,6	150.8	39.4834868	73.5851938	4563.6
606	606	0.835	стакан-марка-красная	5.0	15.5	снег-розовый	0.913	65.3	7.0	-2.0	7.3	bbox	605	11.0	11.0	11.0	1345,518,6,9	150.6	39.4834874	73.5851942	4563.5
607	607	1.960	стакан-марка-красная	15.5	7.7	снег-розовый	1.105	57.5	-4.0	5.0	6.4	bbox	606	24.0	24.0	24.0	1697,157,8,8	150.4	39.4834902	73.5851934	4563.5
608	608	1.933	стакан-марка-красная	14.8	16.1	снег-розовый	0.994	65.9	-2.0	8.0	8.2	bbox	607	79.1	79.1	79.1	1045,57,6,8	150.4	39.4834861	73.5851921	4563.6
609	609	2.037	стакан-марка-красная	16.2	7.5	корка-жёлтая-на-скале	1.168	57.3	-4.0	7.0	8.1	bbox	608	90.1	90.1	90.1	81,293,8,10	150.0	39.4834902	73.5851908	4563.5
610	610	1.704	стакан-марка-красная	11.7	24.7	снег-розовый	0.647	74.5	1.0	7.0	7.1	bbox	609	34.0	34.0	35.0	673,34,12,5	149.9	39.4834898	73.5851926	4563.5
611	611	1.196	рюкзак-синий	9.2	9.0	снег-в-тени	1.093	29.8	7.0	-7.0	9.9	bbox	610	50.1	50.1	50.1	1629,103,10,6	149.4	39.4834882	73.5851937	4563.5
612	612	1.652	палка-ручка-контроль	10.8	26.8	порода-охристая	0.693	30.8	10.0	16.0	18.9	bbox	611	69.1	69.1	71.1	9,737,12,6	149.1	39.4834882	73.5851915	4563.5
613	613	1.232	стакан-марка-красная	7.2	23.7	снег-в-тени	1.440	26.1	9.5	-6.0	11.2	bbox	612	97.1	94.1	97.1	684,1035,7,6	148.4	39.4834914	73.5851917	4563.5
614	614	1.402	стакан-марка-красная	10.8	10.4	снег-розовый	0.881	60.2	2.0	7.0	7.3	bbox	613	101.1	101.1	101.1	1091,739,4,12	148.2	39.4834916	73.5851920	4563.6
615	615	1.630	палка-ручка-контроль	11.2	23.5	порода-охристая	0.643	34.1	11.0	16.0	19.4	bbox	614	81.1	81.1	81.1	51,697,13,6	146.8	39.4834876	73.5851921	4563.5
616	616	0.745	стакан-марка-красная	3.0	18.0	порода-охристая	1.326	31.8	8.0	1.0	8.1	bbox	615	89.1	89.1	89.1	451,257,8,10	146.8	39.4834900	73.5851911	4563.5
617	617	1.398	палка-ручка-пробка	11.0	6.1	лишайник-жёлтый-на-камне	0.889	81.8	4.0	12.0	12.6	bbox	616	72.1	72.1	76.1	609,81,8,6	146.5	39.4834874	73.5851915	4563.6
618	618	1.142	палка-ручка-пробка	8.2	13.7	лишайник-жёлтый-на-камне	0.685	62.0	7.0	15.0	16.6	bbox	617	45.0	45.0	45.0	482,917,9,6	146.3	39.4834855	73.5851937	4563.5
619	619	1.005	стакан-марка-красная	7.6	9.0	порода-охристая	0.537	40.8	8.0	8.0	11.3	bbox	618	31.0	31.0	31.0	601,346,6,7	146.2	39.4834898	73.5851924	4563.5
620	620	0.626	стакан-марка-красная	5.0	1.0	снег-в-тени	1.153	48.8	7.0	-2.0	7.3	bbox	619	80.1	80.1	80.1	1297,100,6,9	146.2	39.4834869	73.5851922	4563.6
621	621	0.917	рюкзак-синий	7.2	4.7	снег-в-тени	0.793	34.1	5.0	-8.0	9.4	bbox	620	8.0	8.0	8.0	1144,299,9,4	146.1	39.4834882	73.5851945	4563.6
622	622	1.445	стакан-марка-красная	6.7	32.9	порода-в-тени	0.893	16.9	5.0	-2.0	5.4	bbox	621	37.0	37.0	38.0	1832,611,7,8	146.1	39.4834884	73.5851928	4563.5
623	623	1.506	стакан-марка-красная	11.7	10.6	корка-жёлтая-на-скале	1.053	39.2	1.0	7.0	7.1	bbox	622	92.1	92.1	92.1	1433,175,7,10	145.7	39.4834913	73.5851908	4563.6
624	624	1.255	рюкзак-синий	9.0	15.5	снег-в-тени	1.855	23.3	9.5	-17.0	19.5	bbox	623	92.1	92.1	92.1	247,541,6,12	145.6	39.4834913	73.5851908	4563.6
625	625	2.487	стакан-марка-красная	15.5	43.5	снег-освещённый	0.855	93.3	-4.0	5.0	6.4	bbox	624	34.0	34.0	36.0	799,69,16,4	144.8	39.4834898	73.5851926	4563.5
626	626	2.078	стакан-марка-красная	12.5	38.2	снег-розовый	0.769	88.0	0.0	7.0	7.0	bbox	625	14.0	14.0	14.0	687,241,10,6	144.5	39.4834866	73.5851942	4563.5
627	627	1.159	стакан-марка-красная	6.3	23.7	снег-розовый	0.550	73.5	5.0	-1.0	5.1	bbox	626	84.1	84.1	86.1	827,237,12,8	144.5	39.4834898	73.5851916	4563.6
628	628	0.810	стакан-марка-красная	6.4	3.5	порода-охристая	1.016	46.3	6.0	5.0	7.8	bbox	627	50.1	50.1	53.1	974,0,9,7	143.8	39.4834882	73.5851937	4563.5
629	629	1.866	стакан-марка-красная	14.8	7.7	корка-жёлтая-на-скале	0.973	57.5	-2.0	8.0	8.2	bbox	628	64.1	64.1	64.1	1099,527,6,10	143.8	39.4834878	73.5851924	4563.6
630	630	0.981	стакан-марка-красная	5.4	20.0	порода-в-тени	1.167	29.8	6.0	3.0	6.7	bbox	629	66.1	66.1	70.1	1129,315,8,8	143.8	39.4834880	73.5851916	4563.6
631	631	0.608	стакан-марка-красная	3.2	12.9	снег-в-тени	1.509	36.9	10.0	-2.0	10.2	bbox	630	8.0	8.0	8.0	545,145,8,8	143.5	39.4834882	73.5851945	4563.6
632	632	1.530	палка-ручка-контроль	10.2	23.7	порода-охристая	0.746	33.9	8.0	16.0	17.9	bbox	631	41.0	41.0	41.0	0,793,7,8	143.4	39.4834869	73.5851933	4563.5
633	633	1.412	палка-ручка-контроль	10.2	17.0	порода-охристая	0.733	40.6	8.0	16.0	17.9	bbox	632	72.1	72.1	72.1	233,453,8,6	143.2	39.4834874	73.5851915	4563.6
634	634	2.024	рюкзак-синий	14.3	26.4	порода-в-тени	0.313	12.4	-2.0	0.0	2.0	bbox	633	29.0	29.0	29.0	1019,136,6,8	143.1	39.4834907	73.5851928	4563.6
635	635	0.967	стакан-марка-красная	7.6	4.7	порода-охристая	0.582	45.1	8.0	8.0	11.3	bbox	634	23.0	23.0	23.0	861,35,9,5	143.0	39.4834899	73.5851933	4563.5
636	636	1.050	стакан-марка-красная	3.5	26.7	порода-охристая	1.129	23.1	8.5	3.5	9.2	bbox	635	85.1	84.1	85.1	475,101,4,10	143.0	39.4834901	73.5851914	4563.6
637	637	1.875	палка-ручка-пробка	14.9	7.0	снег-розовый	0.928	82.7	0.0	9.0	9.0	bbox	636	80.1	80.1	82.1	807,281,6,8	142.7	39.4834869	73.5851922	4563.6
638	638	0.644	рюкзак-синий	5.0	4.3	снег-в-тени	0.243	43.1	1.0	-9.0	9.1	bbox	637	21.0	21.0	21.0	1705,0,8,5	142.5	39.4834887	73.5851935	4563.5
639	639	2.554	стакан-марка-красная	19.9	15.9	снег-освещённый	1.350	65.7	-8.0	7.0	10.6	bbox	638	30.0	30.0	30.0	1811,0,14,3	142.4	39.4834902	73.5851924	4563.6
640	640	1.311	рюкзак-синий	10.3	7.6	снег-в-тени	2.049	31.2	8.0	-21.5	22.9	bbox	639	23.0	23.0	23.0	281,213,6,7	142.2	39.4834899	73.5851933	4563.5
641	641	1.433	стакан-марка-красная	10.6	15.3	порода-охристая	0.459	34.5	14.5	11.0	18.2	bbox	640	63.1	63.1	63.1	9,843,8,6	142.0	39.4834875	73.5851923	4563.5
642	642	1.417	стакан-марка-красная	2.8	38.4	порода-охристая	1.412	11.4	9.0	3.0	9.5	bbox	641	12.0	12.0	13.0	641,139,12,6	141.9	39.4834870	73.5851942	4563.5
643	643	1.021	палка-ручка-пробка	7.1	14.3	лишайник-жёлтый-на-камне	0.316	61.4	4.0	16.0	16.5	bbox	642	62.1	62.1	62.1	449,0,6,7	141.6	39.4834875	73.5851925	4563.5
644	644	1.682	палка-ручка-контроль	13.5	0.6	порода-охристая	1.206	58.2	16.0	17.0	23.3	bbox	643	43.0	43.0	43.0	360,693,9,8	141.5	39.4834858	73.5851937	4563.6
645	645	1.915	стакан-марка-красная	14.6	16.7	порода-охристая	0.732	33.1	15.0	15.0	21.2	bbox	644	56.1	56.1	56.1	97,602,8,7	141.5	39.4834871	73.5851941	4563.5
646	646	1.780	стакан-марка-красная	13.9	11.0	корка-жёлтая-на-скале	0.998	60.8	-1.0	8.0	8.1	bbox	645	70.1	70.1	70.1	561,645,6,8	141.4	39.4834882	73.5851915	4563.5
647	647	1.063	рюкзак-синий	7.8	11.7	снег-в-тени	1.054	27.1	6.0	-8.0	10.0	bbox	646	20.0	20.0	20.0	1881,0,8,5	140.8	39.4834881	73.5851939	4563.5
648	648	1.594	стакан-марка-красная	11.7	18.0	снег-розовый	0.726	67.8	1.0	7.0	7.1	bbox	647	85.1	83.1	86.1	235,969,6,8	140.8	39.4834901	73.5851914	4563.6
649	649	2.026	стакан-марка-красная	15.2	19.4	снег-розовый	0.933	69.2	-3.0	7.0	7.6	bbox	648	88.1	88.1	88.1	171,897,4,10	140.4	39.4834900	73.5851917	4563.5
650	650	2.533	палка-ручка-пробка	20.2	4.1	снег-освещённый	1.283	79.8	-8.0	7.5	11.0	bbox	649	29.0	29.0	30.0	331,641,4,10	139.8	39.4834907	73.5851928	4563.6
651	651	1.110	рюкзак-синий	8.5	9.2	снег-в-тени	1.090	29.6	7.0	-8.0	10.6	bbox	650	34.0	34.0	35.0	1761,91,10,4	139.3	39.4834898	73.5851926	4563.5
652	652	1.821	палка-ручка-пробка	14.6	1.6	снег-розовый	0.893	74.1	1.0	9.0	9.1	bbox	651	78.1	78.1	78.1	17,221,6,8	139.0	39.4834857	73.5851921	4563.6
653	653	1.756	стакан-марка-красная	12.1	25.1	снег-розовый	0.567	74.9	0.0	6.0	6.0	bbox	652	52.1	49.0	52.1	801,533,10,10	138.8	39.4834880	73.5851937	4563.5
654	654	0.504	стакан-марка-красная	3.4	7.8	снег-розовый	1.279	57.6	9.5	-2.0	9.7	bbox	653	75.1	75.1	75.1	891,967,5,8	138.7	39.4834858	73.5851922	4563.5
655	655	1.372	палка-ручка-контроль	10.0	15.8	корка-жёлтая-на-скале	0.790	41.8	6.0	16.0	17.1	bbox	654	12.0	12.0	12.0	0,1029,5,10	138.6	39.4834870	73.5851942	4563.5
656	656	1.567	стакан-марка-красная	12.2	10.0	корка-жёлтая-на-скале	0.982	59.8	1.0	8.0	8.1	bbox	655	37.0	37.0	38.0	1089,897,8,8	138.4	39.4834884	73.5851928	4563.5
657	657	1.925	стакан-марка-красная	13.6	25.3	снег-розовый	0.631	75.1	-2.0	5.0	5.4	bbox	656	23.0	23.0	23.0	1217,173,14,4	138.3	39.4834899	73.5851933	4563.5
658	658	1.123	палка-ручка-пробка	7.3	18.4	лишайник-жёлтый-на-камне	0.702	57.3	7.0	16.0	17.5	bbox	657	45.0	44.0	45.0	379,1073,6,7	138.3	39.4834855	73.5851937	4563.5
659	659	1.093	стакан-марка-красная	5.0	25.1	снег-розовый	0.844	74.9	8.0	5.0	9.4	bbox	658	49.0	49.0	49.0	67,49,7,9	138.3	39.4834879	73.5851937	4563.6
660	660	1.655	стакан-марка-красная	13.0	8.0	корка-жёлтая-на-скале	0.661	41.8	4.0	12.0	12.6	bbox	659	80.1	80.1	80.1	907,1028,4,11	138.2	39.4834869	73.5851922	4563.6
661	661	1.185	стакан-марка-красная	8.9	11.0	снег-розовый	0.719	60.8	3.0	5.0	5.8	bbox	660	44.0	43.0	49.0	1083,675,8,14	138.1	39.4834853	73.5851937	4563.6
662	662	1.040	палка-ручка-контроль	8.2	3.9	лишайник-жёлтый-на-камне	0.869	53.7	8.0	18.0	19.7	bbox	661	44.0	44.0	44.0	57,851,8,8	137.8	39.4834853	73.5851937	4563.6
663	663	1.638	стакан-марка-красная	13.1	2.4	корка-жёлтая-на-скале	0.635	52.2	2.0	10.5	10.7	bbox	662	47.0	47.0	47.0	1093,273,14,6	137.4	39.4834868	73.5851938	4563.6
664	664	2.153	стакан-марка-красная	11.0	46.3	порода-в-тени	0.664	3.5	0.0	0.0	0.0	bbox	663	103.1	99.1	103.1	1415,308,10,5	137.3	39.4834915	73.5851920	4563.6
665	665	1.540	стакан-марка-красная	4.5	40.2	порода-в-тени	1.189	9.6	7.0	-1.0	7.1	bbox	664	91.1	91.1	91.1	239,401,9,8	136.4	39.4834906	73.5851908	4563.5
666	666	1.699	стакан-марка-красная	11.4	25.9	снег-розовый	0.360	75.7	0.0	4.0	4.0	bbox	665	95.1	95.1	98.1	213,744,4,17	136.2	39.4834917	73.5851909	4563.6
667	667	1.209	рюкзак-синий	9.2	10.2	снег-в-тени	0.398	49.0	-1.0	-5.0	5.1	bbox	666	35.0	35.0	35.0	1722,135,15,4	135.9	39.4834893	73.5851927	4563.6
668	668	1.874	палка-ручка-пробка	14.9	6.8	снег-розовый	0.927	82.5	0.0	9.0	9.0	bbox	667	81.1	78.1	84.1	523,753,6,8	135.8	39.4834876	73.5851921	4563.5
669	669	1.256	стакан-марка-красная	9.7	9.0	порода-в-тени	0.849	40.8	1.5	-1.0	1.8	bbox	668	30.0	30.0	30.0	135,461,8,12	135.7	39.4834902	73.5851924	4563.6
670	670	1.820	палка-ручка-пробка	14.1	12.1	снег-розовый	0.957	87.8	3.0	9.0	9.5	bbox	669	55.1	55.1	55.1	111,18,7,9	135.6	39.4834872	73.5851941	4563.5
671	671	2.009	палка-ручка-пробка	16.0	6.1	снег-розовый	0.826	81.8	-0.5	8.0	8.0	bbox	670	50.1	50.1	50.1	933,211,18,4	135.5	39.4834882	73.5851937	4563.5
672	672	0.815	рюкзак-синий	5.8	10.2	снег-в-тени	0.517	49.0	4.0	-9.0	9.8	bbox	671	21.0	21.0	21.0	1521,0,8,5	135.4	39.4834887	73.5851935	4563.5
673	673	2.420	стакан-марка-красная	13.6	48.2	снег-освещённый	0.886	98.0	-2.0	5.0	5.4	bbox	672	65.1	65.1	65.1	677,728,2,23	135.4	39.4834879	73.5851921	4563.6
674	674	1.687	стакан-марка-красная	11.4	25.3	снег-розовый	0.365	75.1	0.0	4.0	4.0	bbox	673	62.1	62.1	62.1	1585,125,6,10	134.9	39.4834875	73.5851925	4563.5
675	675	1.287	стакан-марка-красная	10.2	4.9	снег-розовый	0.837	54.7	1.0	3.0	3.2	bbox	674	61.1	61.1	61.1	1065,47,8,8	134.7	39.4834876	73.5851930	4563.5
676	676	1.204	стакан-марка-красная	8.1	18.4	снег-в-тени	1.615	31.4	12.0	-7.0	13.9	bbox	675	59.1	59.1	63.1	761,337,4,8	134.6	39.4834872	73.5851939	4563.6
677	677	2.044	рюкзак-синий	13.3	33.1	порода-в-тени	0.525	5.7	-2.0	-1.0	2.2	bbox	676	85.1	85.1	85.1	1796,1003,10,6	134.4	39.4834901	73.5851914	4563.6
678	678	0.538	стакан-марка-красная	4.1	4.3	порода-охристая	1.257	45.5	7.0	2.0	7.3	bbox	677	102.1	102.1	102.1	834,664,7,13	134.2	39.4834916	73.5851920	4563.6
679	679	0.993	стакан-марка-красная	7.8	5.1	порода-охристая	0.831	44.7	16.0	7.0	17.5	bbox	678	46.0	46.0	46.0	131,353,12,5	134.0	39.4834859	73.5851938	4563.5
680	680	1.918	палка-ручка-пробка	14.3	19.2	корка-жёлтая-на-скале	0.689	56.5	-2.0	10.5	10.7	bbox	679	77.1	77.1	77.1	177,1017,7,8	133.8	39.4834855	73.5851921	4563.6
681	681	1.971	палка-ручка-пробка	14.8	18.6	корка-жёлтая-на-скале	0.753	57.1	-3.0	10.5	10.9	bbox	680	59.1	57.1	59.1	1489,69,6,7	133.6	39.4834872	73.5851939	4563.6
682	682	1.719	стакан-марка-красная	13.6	7.1	корка-жёлтая-на-скале	0.817	56.9	0.0	9.0	9.0	bbox	681	56.1	56.1	56.1	671,940,12,5	133.4	39.4834871	73.5851941	4563.5
683	683	1.215	стакан-марка-красная	8.2	18.0	снег-в-тени	1.727	31.8	13.0	-7.0	14.8	bbox	682	62.1	62.1	62.1	1073,75,8,6	133.3	39.4834875	73.5851925	4563.5
684	684	0.826	стакан-марка-красная	6.3	6.7	снег-розовый	0.922	56.5	5.0	-1.0	5.1	bbox	683	105.1	104.1	105.1	455,759,16,4	133.2	39.4834915	73.5851921	4563.5
685	685	1.044	рюкзак-синий	8.1	7.4	снег-в-тени	0.793	31.4	4.0	-6.5	7.6	bbox	684	21.0	21.0	21.0	1299,113,12,6	132.9	39.4834887	73.5851935	4563.5
686	686	0.652	стакан-марка-красная	2.0	16.9	снег-розовый	1.248	66.7	11.0	-1.0	11.0	bbox	685	83.1	83.1	85.1	729,336,10,5	132.5	39.4834894	73.5851921	4563.6
687	687	2.337	рюкзак-синий	15.3	37.6	порода-в-тени	0.731	1.2	-2.0	1.0	2.2	bbox	686	19.0	19.0	19.0	1389,488,8,9	132.4	39.4834874	73.5851940	4563.5
688	688	2.349	стакан-марка-красная	16.0	34.5	снег-освещённый	0.530	84.3	-5.0	1.0	5.1	bbox	687	32.0	32.0	33.0	479,558,6,11	132.3	39.4834896	73.5851924	4563.5
689	689	0.284	стакан-марка-красная	2.2	1.4	порода-охристая	1.573	51.2	12.0	-1.0	12.0	bbox	688	79.1	79.1	84.1	1265,0,10,5	132.3	39.4834861	73.5851921	4563.6
690	690	1.309	стакан-марка-красная	5.2	31.8	порода-в-тени	1.488	18.0	9.5	-4.0	10.3	bbox	689	96.1	96.1	96.1	745,1007,5,8	132.1	39.4834915	73.5851911	4563.5
691	691	1.181	рюкзак-синий	9.2	7.2	снег-в-тени	1.156	31.6	8.0	-8.0	11.3	bbox	690	74.1	74.1	74.1	1889,49,8,4	131.9	39.4834863	73.5851919	4563.6
692	692	1.009	рюкзак-синий	7.6	9.4	снег-в-тени	0.835	29.4	4.0	-7.0	8.1	bbox	691	76.1	76.1	76.1	1745,21,8,4	131.8	39.4834854	73.5851921	4563.5
693	693	1.267	рюкзак-синий	4.7	31.3	порода-в-тени	1.288	7.5	2.5	-9.5	9.8	bbox	692	88.1	88.1	88.1	957,545,4,10	131.6	39.4834900	73.5851917	4563.5
694	694	2.778	стакан-марка-красная	18.6	42.6	снег-пересвеченный	0.871	92.4	-7.5	3.0	8.1	bbox	693	18.0	18.0	22.0	825,51,14,4	131.3	39.4834867	73.5851941	4563.5
695	695	1.764	палка-ручка-пробка	13.6	13.2	корка-жёлтая-на-скале	0.747	62.5	-3.0	12.0	12.4	bbox	694	29.0	29.0	29.0	113,419,6,10	131.3	39.4834907	73.5851928	4563.6
696	696	2.096	стакан-марка-красная	9.1	49.4	порода-в-тени	0.881	0.4	2.0	0.0	2.0	bbox	695	55.1	55.1	55.1	1050,139,7,6	131.3	39.4834872	73.5851941	4563.5
697	697	1.736	стакан-марка-красная	10.0	33.7	порода-охристая	1.123	16.1	5.0	9.0	10.3	bbox	696	88.1	88.1	88.1	0,91,7,6	131.0	39.4834900	73.5851917	4563.5
698	698	1.460	стакан-марка-красная	11.0	14.1	порода-охристая	0.571	35.7	15.5	11.0	19.0	bbox	697	81.1	81.1	82.1	961,487,6,8	130.9	39.4834876	73.5851921	4563.5
699	699	1.221	стакан-марка-красная	8.9	13.7	снег-розовый	0.639	63.5	3.0	5.0	5.8	bbox	698	30.0	30.0	30.0	273,299,8,12	130.4	39.4834902	73.5851924	4563.6
700	700	1.489	стакан-марка-красная	8.5	29.2	снег-в-тени	1.685	20.6	11.0	-7.5	13.3	bbox	699	41.0	41.0	41.0	1831,9,9,4	129.6	39.4834869	73.5851933	4563.5
701	701	1.644	стакан-марка-красная	7.1	38.8	порода-охристая	1.056	11.0	10.0	8.0	12.8	bbox	700	33.0	33.0	33.0	334,958,13,8	129.3	39.4834897	73.5851925	4563.5
702	702	0.672	стакан-марка-красная	4.2	11.6	снег-розовый	1.072	61.4	8.0	-2.0	8.2	bbox	701	72.1	68.1	72.1	717,841,10,9	129.0	39.4834874	73.5851915	4563.6
703	703	0.647	стакан-марка-красная	5.0	4.7	порода-охристая	1.036	45.1	15.0	4.0	15.5	bbox	702	78.1	78.1	86.1	1367,583,6,8	129.0	39.4834857	73.5851921	4563.6
704	704	1.234	стакан-марка-красная	8.5	17.6	порода-охристая	0.929	32.2	17.0	7.0	18.4	bbox	703	76.1	76.1	76.1	870,614,8,11	128.9	39.4834854	73.5851921	4563.5
705	705	1.519	стакан-марка-красная	12.0	5.7	корка-жёлтая-на-скале	0.837	55.5	2.0	9.0	9.2	bbox	704	53.1	47.0	53.1	823,923,10,6	128.6	39.4834877	73.5851937	4563.5
706	706	1.819	стакан-марка-красная	12.5	25.9	снег-розовый	0.677	75.7	0.0	7.0	7.0	bbox	705	64.1	64.1	64.1	930,909,13,4	128.5	39.4834878	73.5851924	4563.6
707	707	1.976	стакан-марка-красная	9.0	45.5	порода-в-тени	0.802	4.3	2.0	1.0	2.2	bbox	706	66.1	66.1	66.1	593,967,4,11	128.3	39.4834880	73.5851916	4563.6
708	708	0.889	стакан-марка-красная	6.8	7.3	снег-розовый	0.933	57.1	5.5	5.0	7.4	bbox	707	84.1	84.1	84.1	769,680,8,12	128.3	39.4834898	73.5851916	4563.6
709	709	0.993	стакан-марка-красная	5.2	21.0	снег-в-тени	1.456	28.8	9.5	-4.0	10.3	bbox	708	86.1	86.1	86.1	769,779,8,5	128.3	39.4834903	73.5851917	4563.6
710	710	0.704	стакан-марка-красная	4.2	12.9	снег-розовый	1.046	62.7	8.0	-2.0	8.2	bbox	709	14.0	14.0	14.0	1201,86,8,5	127.9	39.4834866	73.5851942	4563.5
711	711	1.615	стакан-марка-красная	12.7	7.8	корка-жёлтая-на-скале	0.705	42.0	2.0	10.0	10.2	bbox	710	40.0	40.0	43.0	985,683,6,12	127.8	39.4834874	73.5851933	4563.5
712	712	1.743	рюкзак-синий	11.0	29.8	порода-в-тени	0.539	9.0	0.0	-3.0	3.0	bbox	711	13.0	13.0	13.0	1650,641,7,8	127.6	39.4834867	73.5851941	4563.5
713	713	1.855	стакан-марка-красная	14.8	0.0	корка-жёлтая-на-скале	0.776	49.8	-1.5	9.0	9.1	bbox	712	56.1	56.1	56.1	717,886,4,11	127.6	39.4834871	73.5851941	4563.5
714	714	1.906	палка-ручка-пробка	14.8	13.3	корка-жёлтая-на-скале	0.850	62.4	-2.0	10.0	10.2	bbox	713	44.0	44.0	47.0	403,55,8,10	127.2	39.4834853	73.5851937	4563.6
715	715	1.239	рюкзак-синий	9.2	12.7	снег-в-тени	1.963	26.1	8.0	-20.0	21.5	bbox	714	91.1	91.1	91.1	737,779,10,6	127.1	39.4834906	73.5851908	4563.5
716	716	2.170	палка-ручка-пробка	16.1	22.7	снег-розовый	1.210	98.4	-2.0	8.5	8.7	bbox	715	64.1	64.1	65.1	713,39,8,6	126.9	39.4834878	73.5851924	4563.6
717	717	0.956	стакан-марка-красная	7.6	2.4	порода-охристая	0.723	52.2	8.0	8.0	11.3	bbox	716	96.1	96.1	96.1	26,625,4,9	126.8	39.4834915	73.5851911	4563.5
718	718	1.084	стакан-марка-красная	8.2	9.4	снег-в-тени	1.651	40.4	13.0	-7.0	14.8	bbox	717	29.0	29.0	29.0	71,793,6,8	126.6	39.4834907	73.5851928	4563.6
719	719	1.324	стакан-марка-красная	9.1	19.2	порода-в-тени	0.631	30.6	2.0	0.0	2.0	bbox	718	61.1	61.1	61.1	1003,71,5,9	126.6	39.4834876	73.5851930	4563.5
720	720	1.836	стакан-марка-красная	14.5	7.5	корка-жёлтая-на-скале	1.027	57.3	-2.0	7.5	7.8	bbox	719	68.1	68.1	68.1	1795,53,20,2	126.6	39.4834880	73.5851913	4563.5
721	721	1.095	стакан-марка-красная	4.1	27.1	порода-охристая	0.944	22.7	12.0	5.0	13.0	bbox	720	86.1	85.1	86.1	511,955,21,2	126.5	39.4834903	73.5851917	4563.6
722	722	2.124	рюкзак-синий	13.3	36.8	порода-в-тени	0.659	2.0	-2.0	-1.0	2.2	bbox	721	19.0	19.0	19.0	1293,777,10,5	125.5	39.4834874	73.5851940	4563.5
723	723	1.468	рюкзак-синий	10.4	18.8	снег-в-тени	2.035	20.0	11.0	-17.0	20.2	bbox	722	92.1	92.1	92.1	134,335,8,10	125.4	39.4834913	73.5851908	4563.6
724	724	0.887	рюкзак-синий	7.1	2.0	снег-в-тени	0.375	40.8	2.0	-7.0	7.3	bbox	723	19.0	19.0	19.0	1737,0,8,5	125.0	39.4834874	73.5851940	4563.5
725	725	1.047	палка-ручка-пробка	7.1	15.7	лишайник-жёлтый-на-камне	0.342	60.0	4.0	16.0	16.5	bbox	724	68.1	68.1	68.1	545,291,6,6	125.0	39.4834880	73.5851913	4563.5
726	726	0.760	рюкзак-синий	6.1	0.4	снег-в-тени	0.396	39.2	2.0	-8.0	8.2	bbox	725	104.1	104.1	104.1	1039,183,9,4	125.0	39.4834914	73.5851920	4563.5
727	727	1.215	рюкзак-синий	8.6	15.9	снег-в-тени	1.169	22.9	6.0	-7.0	9.2	bbox	726	61.1	61.1	65.1	1551,37,13,4	124.8	39.4834876	73.5851930	4563.5
728	728	1.402	стакан-марка-красная	10.6	12.6	снег-розовый	0.935	62.4	3.0	8.0	8.5	bbox	727	99.1	99.1	102.1	1142,363,15,5	124.7	39.4834915	73.5851920	4563.5
729	729	1.172	палка-ручка-пробка	8.1	16.7	лишайник-жёлтый-на-камне	0.807	59.0	8.0	15.5	17.4	bbox	728	40.0	40.0	40.0	33,1051,6,6	124.4	39.4834874	73.5851933	4563.5
730	730	1.948	рюкзак-синий	13.3	28.2	порода-в-тени	0.350	10.6	-2.0	-1.0	2.2	bbox	729	105.1	105.1	105.1	871,1066,9,6	124.4	39.4834915	73.5851921	4563.5
731	731	1.574	стакан-марка-красная	12.5	4.5	корка-жёлтая-на-скале	1.004	45.3	0.0	7.0	7.0	bbox	730	22.0	22.0	22.0	78,251,11,6	124.3	39.4834892	73.5851932	4563.6
732	732	1.738	стакан-марка-красная	11.7	26.5	снег-розовый	0.639	76.3	1.0	7.0	7.1	bbox	731	23.0	23.0	23.0	1633,143,6,6	124.3	39.4834899	73.5851933	4563.5
733	733	1.028	стакан-марка-красная	7.8	9.0	порода-охристая	0.805	40.8	16.0	7.0	17.5	bbox	732	37.0	37.0	37.0	1003,217,5,8	124.3	39.4834884	73.5851928	4563.5
734	734	1.909	палка-ручка-пробка	15.2	3.7	снег-розовый	0.954	79.4	-1.0	9.0	9.1	bbox	733	61.1	61.1	65.1	857,387,7,8	124.3	39.4834876	73.5851930	4563.5
735	735	1.066	стакан-марка-красная	6.3	20.0	снег-розовый	0.599	69.8	5.0	-1.0	5.1	bbox	734	16.0	16.0	16.0	1595,395,2,20	124.1	39.4834865	73.5851944	4563.5
736	736	0.959	палка-ручка-пробка	7.3	8.4	лишайник-жёлтый-на-камне	0.640	67.3	7.0	16.0	17.5	bbox	735	54.1	54.1	55.1	201,717,6,8	124.1	39.4834875	73.5851940	4563.5
737	737	1.001	рюкзак-синий	7.1	13.2	снег-в-тени	0.317	52.0	2.0	-7.0	7.3	bbox	736	20.0	20.0	21.0	330,291,5,10	123.9	39.4834881	73.5851939	4563.5
738	738	1.251	стакан-марка-красная	2.5	33.9	порода-охристая	1.297	15.9	12.5	3.0	12.9	bbox	737	43.0	43.0	43.0	1843,899,13,4	123.7	39.4834858	73.5851937	4563.6
739	739	1.231	стакан-марка-красная	9.5	9.2	порода-охристая	0.403	40.6	14.0	10.0	17.2	bbox	738	14.0	14.0	14.0	353,327,10,4	123.6	39.4834866	73.5851942	4563.5
740	740	1.019	рюкзак-синий	7.5	11.2	снег-в-тени	0.995	27.6	5.5	-8.0	9.7	bbox	739	33.0	33.0	33.0	1572,29,11,4	123.1	39.4834897	73.5851925	4563.5
741	741	1.708	палка-ручка-пробка	13.2	12.9	снег-розовый	1.082	88.6	3.0	10.0	10.4	bbox	740	47.0	47.0	48.0	375,125,7,7	122.6	39.4834868	73.5851938	4563.6
742	742	1.166	стакан-марка-красная	8.5	13.5	снег-розовый	0.889	63.3	5.0	7.0	8.6	bbox	741	96.1	96.1	96.1	170,17,5,8	122.4	39.4834915	73.5851911	4563.5
743	743	0.419	стакан-марка-красная	3.2	3.9	снег-розовый	1.381	45.9	8.0	0.0	8.0	bbox	742	104.1	99.1	105.1	567,1015,10,6	122.3	39.4834914	73.5851920	4563.5
744	744	1.623	стакан-марка-красная	12.2	15.9	порода-в-тени	0.499	33.9	-1.0	-1.0	1.4	bbox	743	65.1	65.1	65.1	1742,1072,5,8	121.5	39.4834879	73.5851921	4563.6
745	745	1.491	стакан-марка-красная	11.8	6.1	корка-жёлтая-на-скале	0.907	43.7	1.5	8.0	8.1	bbox	744	69.1	69.1	69.1	875,907,6,6	121.5	39.4834882	73.5851915	4563.5
746	746	1.463	стакан-марка-красная	11.0	14.3	корка-жёлтая-на-скале	0.973	35.5	3.5	9.0	9.7	bbox	745	82.1	82.1	82.1	755,769,4,8	121.5	39.4834884	73.5851921	4563.6
747	747	1.611	стакан-марка-красная	11.7	19.2	снег-розовый	0.707	69.0	1.0	7.0	7.1	bbox	746	94.1	94.1	98.1	468,473,5,8	121.4	39.4834920	73.5851909	4563.6
748	748	1.532	стакан-марка-красная	12.2	3.7	корка-жёлтая-на-скале	0.886	46.1	1.0	8.0	8.1	bbox	747	17.0	17.0	17.0	881,779,8,4	121.3	39.4834865	73.5851942	4563.5
749	749	2.308	стакан-марка-красная	16.8	27.1	снег-освещённый	0.912	76.9	-5.0	6.0	7.8	bbox	748	20.0	20.0	20.0	1203,0,12,3	121.0	39.4834881	73.5851939	4563.5
750	750	1.906	стакан-марка-красная	15.0	9.4	корка-жёлтая-на-скале	0.943	59.2	-2.0	8.5	8.7	bbox	749	38.0	37.0	38.0	581,901,6,6	120.7	39.4834882	73.5851933	4563.5
751	751	1.578	стакан-марка-красная	3.6	42.3	порода-в-тени	1.456	7.5	9.0	-2.0	9.2	bbox	750	78.1	78.1	78.1	630,973,9,6	120.5	39.4834857	73.5851921	4563.6
752	752	1.320	стакан-марка-красная	9.2	18.0	порода-охристая	1.035	31.8	4.0	7.0	8.1	bbox	751	92.1	92.1	92.1	1522,329,12,8	120.5	39.4834913	73.5851908	4563.6
753	753	0.563	рюкзак-синий	4.5	1.9	снег-в-тени	0.596	36.9	3.0	-10.0	10.4	bbox	752	35.0	35.0	35.0	1851,0,6,5	120.4	39.4834893	73.5851927	4563.6
754	754	2.244	стакан-марка-красная	13.5	41.6	снег-розовый	0.827	91.4	-1.5	6.0	6.2	bbox	753	39.0	39.0	39.0	857,163,12,10	120.4	39.4834880	73.5851935	4563.5
755	755	1.625	стакан-марка-красная	12.7	9.2	корка-жёлтая-на-скале	0.721	40.6	2.0	10.0	10.2	bbox	754	45.0	45.0	45.0	955,897,6,12	120.4	39.4834855	73.5851937	4563.5
756	756	2.019	стакан-марка-красная	15.2	18.8	снег-розовый	0.940	68.6	-3.0	7.0	7.6	bbox	755	13.0	13.0	13.0	1149,133,10,6	120.1	39.4834867	73.5851941	4563.5
757	757	2.177	палка-древко-контроль	13.3	39.2	снег-пересвеченный	0.393	80.8	-5.0	-2.0	5.4	bbox	756	21.0	21.0	21.0	237,883,10,8	120.0	39.4834887	73.5851935	4563.5
758	758	1.424	стакан-марка-красная	11.0	10.8	корка-жёлтая-на-скале	0.948	39.0	3.0	8.5	9.0	bbox	757	47.0	47.0	47.0	1161,869,12,6	120.0	39.4834868	73.5851938	4563.6
759	759	1.247	рюкзак-синий	9.2	13.3	снег-в-тени	1.190	25.5	7.0	-7.0	9.9	bbox	758	20.0	20.0	20.0	1273,178,10,5	119.9	39.4834881	73.5851939	4563.5
760	760	1.896	стакан-марка-красная	15.0	7.8	корка-жёлтая-на-скале	0.728	57.6	-1.0	10.0	10.0	bbox	759	43.0	43.0	43.0	1119,901,6,8	119.9	39.4834858	73.5851937	4563.6
761	761	0.908	рюкзак-синий	7.1	5.9	снег-в-тени	1.654	32.9	6.0	-19.0	19.9	bbox	760	91.1	91.1	91.1	317,113,10,8	119.9	39.4834906	73.5851908	4563.5
762	762	1.508	стакан-марка-красная	12.0	2.6	корка-жёлтая-на-скале	0.807	52.4	2.0	9.0	9.2	bbox	761	47.0	44.0	47.0	969,923,12,6	119.8	39.4834868	73.5851938	4563.6
763	763	1.915	стакан-марка-красная	15.3	4.5	корка-жёлтая-на-скале	0.824	54.3	-2.0	9.0	9.2	bbox	762	76.1	76.1	76.1	25,1073,6,7	119.7	39.4834854	73.5851921	4563.5
764	764	0.968	стакан-марка-красная	4.0	23.1	порода-в-тени	1.189	26.7	7.0	1.5	7.2	bbox	763	104.1	104.1	104.1	188,162,8,7	119.6	39.4834914	73.5851920	4563.5
765	765	1.113	рюкзак-синий	6.3	22.1	порода-в-тени	1.208	16.7	4.0	-8.5	9.4	bbox	764	30.0	30.0	30.0	749,867,4,10	119.5	39.4834902	73.5851924	4563.6
766	766	1.167	палка-ручка-пробка	8.1	16.5	лишайник-жёлтый-на-камне	0.912	59.2	9.0	16.0	18.4	bbox	765	49.0	49.0	49.0	577,745,14,4	119.5	39.4834879	73.5851937	4563.6
767	767	1.549	стакан-марка-красная	12.2	7.4	корка-жёлтая-на-скале	0.905	42.4	1.0	8.0	8.1	bbox	766	50.1	50.1	50.1	1021,599,8,6	119.4	39.4834882	73.5851937	4563.5
768	768	1.253	рюкзак-синий	9.1	14.5	снег-в-тени	0.527	53.3	2.5	-5.0	5.6	bbox	767	77.1	77.1	77.1	1793,99,14,4	119.3	39.4834855	73.5851921	4563.6
769	769	0.938	рюкзак-синий	7.5	0.2	снег-в-тени	0.762	38.6	5.5	-8.0	9.7	bbox	768	41.0	41.0	41.0	1911,43,9,4	119.2	39.4834869	73.5851933	4563.5
770	770	1.011	стакан-марка-красная	5.1	22.0	снег-в-тени	1.734	27.8	12.0	-4.0	12.6	bbox	769	98.1	96.1	98.1	625,808,6,9	119.2	39.4834915	73.5851919	4563.5
771	771	1.189	стакан-марка-красная	4.1	30.0	порода-охристая	1.399	19.8	15.0	2.0	15.1	bbox	770	76.1	76.1	77.1	1363,195,6,7	118.8	39.4834854	73.5851921	4563.5
772	772	0.793	стакан-марка-красная	6.3	1.6	снег-розовый	1.076	51.4	5.0	-1.0	5.1	bbox	771	105.1	105.1	105.1	353,651,16,4	118.6	39.4834915	73.5851921	4563.5
773	773	0.839	палка-ручка-контроль	6.7	0.8	лишайник-жёлтый-на-камне	1.479	58.4	12.0	23.0	25.9	bbox	772	45.0	45.0	45.0	805,147,6,8	118.1	39.4834855	73.5851937	4563.5
774	774	2.352	стакан-марка-красная	13.6	45.5	снег-освещённый	0.821	95.3	-2.0	5.0	5.4	bbox	773	54.1	54.1	55.1	517,903,6,10	118.0	39.4834875	73.5851940	4563.5
775	775	1.207	стакан-марка-красная	6.4	25.3	порода-охристая	1.095	24.5	16.0	5.0	16.8	bbox	774	77.1	77.1	77.1	1043,1011,6,6	118.0	39.4834855	73.5851921	4563.6
776	776	1.919	рюкзак-синий	12.0	33.3	порода-в-тени	0.601	5.5	0.0	-2.0	2.0	bbox	775	92.1	92.1	92.1	1880,684,10,11	118.0	39.4834913	73.5851908	4563.6
777	777	1.200	стакан-марка-красная	9.5	5.1	снег-в-тени	0.830	54.9	2.0	-2.0	2.8	bbox	776	37.0	37.0	37.0	1457,897,7,7	117.9	39.4834884	73.5851928	4563.5
778	778	1.818	стакан-марка-красная	14.5	3.9	корка-жёлтая-на-скале	0.509	45.9	0.5	11.0	11.0	bbox	777	81.1	81.1	82.1	313,11,8,4	117.7	39.4834876	73.5851921	4563.5
779	779	0.262	стакан-марка-красная	1.8	3.7	порода-охристая	1.173	46.1	9.5	2.0	9.7	bbox	778	70.1	70.1	70.1	835,777,4,8	117.6	39.4834882	73.5851915	4563.5
780	780	2.218	стакан-марка-красная	16.2	25.7	снег-освещённый	0.971	75.5	-4.0	7.0	8.1	bbox	779	15.0	15.0	15.0	1441,283,8,4	117.5	39.4834866	73.5851941	4563.5
781	781	1.751	стакан-марка-красная	14.0	0.2	корка-жёлтая-на-скале	0.755	49.6	-0.5	9.0	9.0	bbox	780	53.1	53.1	53.1	933,773,8,6	117.5	39.4834877	73.5851937	4563.5
782	782	2.028	рюкзак-синий	13.3	32.3	порода-в-тени	0.497	6.5	-2.0	-1.0	2.2	bbox	781	97.1	97.1	97.1	1553,1057,10,4	117.5	39.4834914	73.5851917	4563.5
783	783	2.049	стакан-марка-красная	13.5	32.7	снег-розовый	0.687	82.5	-1.5	6.0	6.2	bbox	782	85.1	81.1	85.1	65,793,4,10	117.4	39.4834901	73.5851914	4563.6
784	784	1.966	предмет-оранжевый	12.6	32.7	порода-охристая	2.143	31.6	24.0	22.0	32.6	bbox	783	10.0	10.0	10.0	61,513,4,9	117.2	39.4834875	73.5851943	4563.5
785	785	1.321	стакан-марка-красная	2.1	36.3	порода-охристая	1.604	13.5	13.0	0.5	13.0	bbox	784	87.1	87.1	87.1	569,905,8,4	117.2	39.4834900	73.5851919	4563.5
786	786	1.066	стакан-марка-красная	6.3	20.0	снег-розовый	1.268	69.8	9.0	-5.0	10.3	bbox	785	63.1	63.1	68.1	1305,73,9,7	117.1	39.4834875	73.5851923	4563.5
787	787	2.164	стакан-марка-красная	15.7	25.9	порода-охристая	1.133	23.9	18.0	15.0	23.4	bbox	786	46.0	46.0	46.0	437,564,10,10	117.0	39.4834859	73.5851938	4563.5
788	788	1.465	рюкзак-синий	9.9	21.9	порода-в-тени	1.463	16.9	8.0	-7.0	10.6	bbox	787	51.1	51.1	51.1	1879,9,10,4	117.0	39.4834884	73.5851937	4563.5
789	789	0.999	стакан-марка-красная	6.5	16.3	порода-охристая	0.615	33.5	8.5	7.0	11.0	bbox	788	43.0	39.0	44.0	985,505,10,6	116.7	39.4834858	73.5851937	4563.6
790	790	2.237	палка-древко-контроль	12.5	44.7	снег-пересвеченный	0.410	86.3	-7.0	-2.5	7.4	bbox	789	35.0	35.0	35.0	1297,113,6,10	116.2	39.4834893	73.5851927	4563.6
791	791	2.111	стакан-марка-красная	14.3	31.4	порода-охристая	0.948	18.4	14.0	15.0	20.5	bbox	790	47.0	47.0	47.0	664,675,8,9	116.1	39.4834868	73.5851938	4563.6
792	792	1.554	стакан-марка-красная	5.8	38.4	порода-в-тени	1.058	11.4	6.0	-2.0	6.3	bbox	791	47.0	47.0	47.0	1586,1032,6,7	115.9	39.4834868	73.5851938	4563.6
793	793	1.576	стакан-марка-красная	11.2	20.4	порода-в-тени	0.408	29.4	0.0	-1.0	1.0	bbox	792	72.1	72.1	72.1	928,369,7,10	115.9	39.4834874	73.5851915	4563.6
794	794	1.962	рюкзак-синий	13.0	30.6	порода-в-тени	0.501	8.2	0.0	-1.0	1.0	bbox	793	32.0	32.0	36.0	1047,493,10,4	115.1	39.4834896	73.5851924	4563.5
795	795	1.056	палка-ручка-пробка	8.1	8.8	лишайник-жёлтый-на-камне	0.357	66.9	4.0	15.0	15.5	bbox	794	71.1	71.1	71.1	449,517,6,6	115.1	39.4834879	73.5851915	4563.5
796	796	2.149	стакан-марка-красная	13.0	39.2	порода-в-тени	0.513	10.6	-2.0	2.0	2.8	bbox	795	74.1	74.1	74.1	365,991,7,7	115.1	39.4834863	73.5851919	4563.6
797	797	1.502	рюкзак-синий	10.0	23.3	порода-в-тени	1.299	15.5	7.0	-6.0	9.2	bbox	796	30.0	30.0	30.0	984,51,11,4	114.8	39.4834902	73.5851924	4563.6
798	798	1.144	палка-ручка-пробка	6.3	23.2	лишайник-жёлтый-на-камне	0.778	52.5	7.0	17.0	18.4	bbox	797	64.1	64.1	64.1	90,107,11,4	114.6	39.4834878	73.5851924	4563.6
799	799	1.617	стакан-марка-красная	5.9	40.4	порода-в-тени	1.016	9.4	5.5	-1.0	5.6	bbox	798	67.1	63.1	69.1	533,771,7,6	114.6	39.4834880	73.5851917	4563.5
800	800	0.801	стакан-марка-красная	6.3	3.5	снег-розовый	1.016	53.3	5.0	-1.0	5.1	bbox	799	104.1	104.1	106.1	737,613,8,4	114.5	39.4834914	73.5851920	4563.5
801	801	1.967	палка-ручка-контроль	13.5	28.6	порода-охристая	0.868	29.0	15.0	16.0	21.9	bbox	800	56.1	56.1	56.1	299,409,9,12	114.4	39.4834871	73.5851941	4563.5
802	802	2.128	стакан-марка-красная	11.0	45.5	порода-в-тени	0.675	4.3	0.0	1.0	1.0	bbox	801	17.0	17.0	17.0	1596,572,5,11	114.3	39.4834865	73.5851942	4563.5
803	803	1.105	палка-ручка-пробка	7.6	15.7	лишайник-жёлтый-на-камне	0.785	60.0	8.0	16.0	17.9	bbox	802	43.0	43.0	43.0	1089,185,14,6	114.3	39.4834858	73.5851937	4563.6
804	804	1.383	стакан-марка-красная	10.1	15.7	порода-в-тени	0.620	34.1	1.0	-0.5	1.1	bbox	803	77.1	77.1	81.1	1713,17,6,10	114.3	39.4834855	73.5851921	4563.6
805	805	1.458	стакан-марка-красная	10.2	19.8	снег-розовый	0.336	69.6	1.0	3.0	3.2	bbox	804	62.1	62.1	62.1	513,989,4,12	114.0	39.4834875	73.5851925	4563.5
806	806	0.824	рюкзак-синий	6.0	9.6	снег-в-тени	0.675	29.2	1.0	-8.0	8.1	bbox	805	20.0	20.0	20.0	1513,163,8,4	113.8	39.4834881	73.5851939	4563.5
807	807	2.260	палка-ручка-пробка	18.0	4.7	снег-освещённый	1.118	80.4	-5.0	8.0	9.4	bbox	806	30.0	30.0	30.0	293,5,8,8	113.8	39.4834902	73.5851924	4563.6
808	808	1.431	стакан-марка-красная	11.3	6.1	корка-жёлтая-на-скале	0.887	55.9	3.0	9.0	9.5	bbox	807	39.0	39.0	39.0	1061,307,12,4	113.2	39.4834880	73.5851935	4563.5
809	809	2.090	палка-ручка-пробка	16.6	8.2	снег-розовый	0.929	83.9	-2.0	8.0	8.2	bbox	808	56.1	56.1	56.1	849,0,10,5	113.0	39.4834871	73.5851941	4563.5
810	810	0.971	стакан-марка-красная	7.5	7.1	порода-охристая	0.768	42.7	6.5	7.0	9.6	bbox	809	75.1	75.1	75.1	747,809,10,8	112.9	39.4834858	73.5851922	4563.5
811	811	2.007	стакан-марка-красная	11.0	40.8	порода-в-тени	0.607	9.0	0.0	2.0	2.0	bbox	810	20.0	20.0	20.0	1081,654,7,11	112.8	39.4834881	73.5851939	4563.5
812	812	1.660	палка-ручка-контроль	12.7	13.3	порода-охристая	0.926	44.3	15.0	17.0	22.7	bbox	811	8.0	8.0	8.0	875,263,8,6	112.7	39.4834882	73.5851945	4563.6
813	813	1.521	стакан-марка-красная	11.4	14.9	снег-розовый	0.880	64.7	2.0	8.0	8.2	bbox	812	54.1	54.1	54.1	525,833,8,4	112.3	39.4834875	73.5851940	4563.5
814	814	1.623	стакан-марка-красная	12.2	15.5	снег-розовый	0.878	65.3	1.0	8.0	8.1	bbox	813	54.1	54.1	54.1	761,441,8,4	112.2	39.4834875	73.5851940	4563.5
815	815	2.406	стакан-марка-красная	15.8	38.4	снег-освещённый	0.880	88.2	-4.0	6.0	7.2	bbox	814	8.0	8.0	8.0	499,685,4,18	111.9	39.4834882	73.5851945	4563.6
816	816	1.188	стакан-марка-красная	8.5	14.9	снег-в-тени	1.006	34.9	7.0	-6.5	9.6	bbox	815	87.1	87.1	87.1	483,1041,4,8	111.9	39.4834900	73.5851919	4563.5
817	817	1.204	стакан-марка-красная	8.1	18.4	порода-охристая	0.674	31.4	15.0	8.0	17.0	bbox	816	78.1	78.1	78.1	881,137,6,8	111.8	39.4834857	73.5851921	4563.6
818	818	1.594	стакан-марка-красная	12.6	6.5	корка-жёлтая-на-скале	0.928	56.3	0.5	8.0	8.0	bbox	817	50.1	50.1	50.1	953,581,4,8	111.7	39.4834882	73.5851937	4563.5
819	819	1.402	стакан-марка-красная	6.0	33.1	порода-в-тени	1.175	16.7	7.0	-3.5	7.8	bbox	818	80.1	76.1	87.1	1701,886,7,6	111.5	39.4834869	73.5851922	4563.6
820	820	1.534	стакан-марка-красная	11.3	16.7	корка-жёлтая-на-скале	0.989	33.1	3.0	9.0	9.5	bbox	819	54.1	54.1	57.1	1329,125,6,10	111.3	39.4834875	73.5851940	4563.5
821	821	1.335	стакан-марка-красная	10.6	3.7	корка-жёлтая-на-скале	0.974	53.5	3.0	8.0	8.5	bbox	820	54.1	54.1	54.1	769,947,12,6	111.1	39.4834875	73.5851940	4563.5
822	822	0.213	стакан-марка-красная	1.4	3.3	порода-охристая	1.410	46.5	10.0	0.0	10.0	bbox	821	80.1	80.1	80.1	1387,821,13,6	111.0	39.4834869	73.5851922	4563.6
823	823	0.513	рюкзак-синий	4.0	3.2	снег-в-тени	0.998	42.0	5.0	-14.0	14.9	bbox	822	30.0	30.0	30.0	1320,27,12,4	110.9	39.4834902	73.5851924	4563.6
824	824	1.682	стакан-марка-красная	13.5	1.2	корка-жёлтая-на-скале	0.638	48.6	1.0	10.0	10.0	bbox	823	38.0	38.0	38.0	905,275,8,4	110.9	39.4834882	73.5851933	4563.5
825	825	1.908	стакан-марка-красная	15.3	0.8	корка-жёлтая-на-скале	0.792	49.0	-2.0	9.0	9.2	bbox	824	72.1	72.1	72.1	119,7,7,8	110.8	39.4834874	73.5851915	4563.6
826	826	0.869	стакан-марка-красная	4.6	18.2	порода-в-тени	1.259	31.6	7.5	-2.0	7.8	bbox	825	104.1	103.1	104.1	837,97,6,8	110.6	39.4834914	73.5851920	4563.5
827	827	1.051	рюкзак-синий	8.2	5.7	снег-в-тени	0.466	44.5	3.0	-6.0	6.7	bbox	826	75.1	75.1	75.1	1775,225,8,4	110.2	39.4834858	73.5851922	4563.5
828	828	0.597	стакан-марка-красная	3.2	12.5	снег-в-тени	1.506	37.3	10.0	-2.0	10.2	bbox	827	50.1	50.1	50.1	1129,607,8,9	110.1	39.4834882	73.5851937	4563.5
829	829	0.992	стакан-марка-красная	5.0	21.6	порода-охристая	1.071	28.2	15.0	4.0	15.5	bbox	828	65.1	65.1	65.1	1285,181,12,4	110.1	39.4834879	73.5851921	4563.6
830	830	1.674	стакан-марка-красная	11.0	26.7	порода-охристая	1.252	23.1	2.5	8.0	8.4	bbox	829	99.1	95.1	99.1	449,381,14,4	110.0	39.4834915	73.5851920	4563.5
831	831	0.547	стакан-марка-красная	4.2	3.7	снег-розовый	1.246	53.5	8.0	-2.0	8.2	bbox	830	54.1	54.1	54.1	1437,283,12,4	109.6	39.4834875	73.5851940	4563.5
832	832	2.278	палка-ручка-пробка	17.9	12.1	снег-освещённый	0.944	87.8	-3.0	7.0	7.6	bbox	831	48.0	47.0	48.0	785,387,14,4	109.5	39.4834874	73.5851938	4563.6
833	833	0.865	рюкзак-синий	6.3	9.8	снег-в-тени	0.376	48.6	3.0	-8.0	8.5	bbox	832	21.0	21.0	21.0	1289,179,9,4	109.3	39.4834887	73.5851935	4563.5
834	834	1.264	рюкзак-синий	8.6	18.6	снег-в-тени	1.410	20.2	8.0	-9.0	12.0	bbox	833	22.0	22.0	22.0	1741,41,10,6	109.3	39.4834892	73.5851932	4563.6
835	835	2.121	стакан-марка-красная	11.0	45.1	порода-в-тени	0.626	4.7	0.0	0.0	0.0	bbox	834	31.0	31.0	33.0	881,553,8,6	109.3	39.4834898	73.5851924	4563.5
836	836	1.907	стакан-марка-красная	14.3	18.4	снег-розовый	0.867	68.2	-2.0	7.0	7.3	bbox	835	22.0	22.0	22.0	651,19,6,6	109.2	39.4834892	73.5851932	4563.6
837	837	1.662	стакан-марка-красная	7.1	39.4	порода-охристая	1.335	10.4	16.0	6.0	17.1	bbox	836	37.0	37.0	37.0	137,261,8,4	108.9	39.4834884	73.5851928	4563.5
838	838	1.509	стакан-марка-красная	9.1	27.7	снег-розовый	0.063	77.5	2.0	2.5	3.2	bbox	837	30.0	30.0	34.0	381,281,10,8	108.7	39.4834902	73.5851924	4563.6
839	839	1.780	рюкзак-синий	12.4	24.7	порода-в-тени	0.257	14.1	-2.0	-2.0	2.8	bbox	838	36.0	36.0	36.0	1311,1001,6,8	108.3	39.4834888	73.5851927	4563.6
840	840	0.963	рюкзак-синий	5.8	17.6	снег-в-тени	1.653	21.2	6.0	-17.0	18.0	bbox	839	91.1	91.1	91.1	251,139,12,4	108.0	39.4834906	73.5851908	4563.5
841	841	1.940	рюкзак-синий	12.0	34.3	порода-в-тени	0.767	4.5	2.0	-2.0	2.8	bbox	840	82.1	82.1	82.1	1809,562,4,11	107.9	39.4834884	73.5851921	4563.6
842	842	1.308	палка-ручка-контроль	8.5	21.1	порода-охристая	1.548	36.5	14.0	23.0	26.9	bbox	841	8.0	8.0	8.0	215,891,6,6	107.3	39.4834882	73.5851945	4563.6
843	843	2.132	палка-ручка-контроль	12.7	39.8	порода-охристая	1.163	17.8	15.0	17.0	22.7	bbox	842	46.0	46.0	46.0	940,121,6,6	106.9	39.4834859	73.5851938	4563.5
844	844	2.097	стакан-марка-красная	13.9	32.7	снег-розовый	0.729	82.5	-2.0	6.0	6.3	bbox	843	84.1	84.1	84.1	57,225,4,10	106.9	39.4834898	73.5851916	4563.6
845	845	1.169	стакан-марка-красная	8.9	9.6	порода-охристая	0.563	40.2	15.0	9.0	17.5	bbox	844	75.1	75.1	75.1	979,385,9,4	106.2	39.4834858	73.5851922	4563.5
846	846	1.523	стакан-марка-красная	8.5	30.4	порода-охристая	0.814	19.4	14.0	9.0	16.6	bbox	845	81.1	81.1	87.1	1097,953,8,6	106.1	39.4834876	73.5851921	4563.5
847	847	0.796	стакан-марка-красная	4.5	15.9	порода-в-тени	1.224	33.9	7.0	-1.0	7.1	bbox	846	105.1	105.1	105.1	273,257,8,6	106.1	39.4834915	73.5851921	4563.5
848	848	1.954	стакан-марка-красная	13.0	30.4	снег-розовый	0.632	80.2	-1.0	6.0	6.1	bbox	847	62.1	62.1	62.1	1745,0,8,5	105.9	39.4834875	73.5851925	4563.5
849	849	0.596	стакан-марка-красная	3.6	10.8	снег-розовый	0.951	60.6	7.5	0.0	7.5	bbox	848	94.1	94.1	94.1	626,281,15,2	105.5	39.4834920	73.5851909	4563.6
850	850	1.231	палка-ручка-пробка	8.2	18.8	лишайник-жёлтый-на-камне	0.740	56.9	7.0	15.0	16.6	bbox	849	68.1	68.1	68.1	151,498,8,5	105.4	39.4834880	73.5851913	4563.5
851	851	1.749	стакан-марка-красная	11.3	28.8	снег-розовый	0.885	78.6	3.0	9.0	9.5	bbox	850	81.1	81.1	83.1	301,97,4,8	105.3	39.4834876	73.5851921	4563.5
852	852	1.095	палка-ручка-пробка	7.3	17.1	лишайник-жёлтый-на-камне	0.683	58.6	7.0	16.0	17.5	bbox	851	55.1	55.1	55.1	49,153,6,6	105.1	39.4834872	73.5851941	4563.5
853	853	0.631	стакан-марка-красная	4.1	10.2	снег-розовый	0.886	60.0	7.0	2.0	7.3	bbox	852	101.1	101.1	101.1	971,923,6,6	104.9	39.4834916	73.5851920	4563.6
854	854	0.883	стакан-марка-красная	5.2	16.7	порода-охристая	0.679	33.1	12.5	6.0	13.9	bbox	853	16.0	16.0	16.0	1229,553,10,4	104.7	39.4834865	73.5851944	4563.5
855	855	0.853	стакан-марка-красная	5.1	15.9	снег-розовый	0.703	65.7	6.0	0.0	6.0	bbox	854	80.1	80.1	87.1	1337,0,8,5	104.6	39.4834869	73.5851922	4563.6
856	856	1.007	стакан-марка-красная	4.6	23.1	порода-охристая	1.326	26.7	15.5	2.0	15.6	bbox	855	81.1	81.1	81.1	971,1049,6,6	103.8	39.4834876	73.5851921	4563.5
857	857	1.019	стакан-марка-красная	7.6	10.2	снег-розовый	0.721	60.0	4.0	4.0	5.7	bbox	856	46.0	46.0	49.0	989,627,12,4	103.7	39.4834859	73.5851938	4563.5
858	858	0.516	стакан-марка-красная	4.1	0.8	снег-в-тени	1.401	50.6	10.0	-3.0	10.4	bbox	857	55.1	55.1	55.1	1359,541,12,4	103.6	39.4834872	73.5851941	4563.5
859	859	1.593	палка-ручка-контроль	11.1	21.9	корка-жёлтая-на-скале	0.710	35.7	4.5	15.0	15.7	bbox	858	56.1	56.1	56.1	1607,28,8,5	103.6	39.4834871	73.5851941	4563.5
860	860	1.893	рюкзак-синий	12.4	30.6	порода-в-тени	0.452	8.2	-2.0	-2.0	2.8	bbox	859	30.0	30.0	30.0	1590,361,3,10	103.5	39.4834902	73.5851924	4563.6
861	861	2.072	стакан-марка-красная	13.9	31.8	снег-розовый	0.776	81.6	-1.5	7.0	7.2	bbox	860	83.1	83.1	83.1	153,263,6,6	103.4	39.4834894	73.5851921	4563.6
862	862	1.475	стакан-марка-красная	11.4	10.6	снег-розовый	0.970	60.4	2.0	8.0	8.2	bbox	861	47.0	47.0	47.0	1047,665,4,8	103.2	39.4834868	73.5851938	4563.6
863	863	1.492	стакан-марка-красная	11.3	13.3	корка-жёлтая-на-скале	0.931	36.5	3.0	9.0	9.5	bbox	862	69.1	69.1	69.1	1113,849,8,8	103.2	39.4834882	73.5851915	4563.5
864	864	1.181	рюкзак-синий	8.1	17.2	порода-в-тени	0.801	21.6	2.0	-6.0	6.3	bbox	863	21.0	21.0	21.0	1774,305,11,4	103.1	39.4834887	73.5851935	4563.5
865	865	1.551	стакан-марка-красная	11.2	18.8	порода-охристая	0.679	31.0	16.0	11.0	19.4	bbox	864	74.1	74.1	74.1	1068,130,5,13	103.1	39.4834863	73.5851919	4563.6
866	866	1.043	рюкзак-синий	7.6	11.9	снег-в-тени	0.908	26.9	4.0	-7.0	8.1	bbox	865	52.1	52.1	52.1	1865,0,6,5	103.0	39.4834880	73.5851937	4563.5
867	867	2.164	стакан-марка-красная	13.2	39.4	снег-освещённый	0.497	89.2	-2.0	3.0	3.6	bbox	866	35.0	35.0	35.0	743,665,6,8	102.6	39.4834893	73.5851927	4563.6
868	868	1.310	стакан-марка-красная	10.3	6.9	снег-розовый	0.899	56.7	2.0	6.0	6.3	bbox	867	42.0	42.0	42.0	1373,389,8,12	102.0	39.4834863	73.5851937	4563.6
869	869	1.511	стакан-марка-красная	3.6	40.4	порода-охристая	1.378	9.4	13.0	4.0	13.6	bbox	868	54.1	54.1	54.1	612,833,13,4	102.0	39.4834875	73.5851940	4563.5
870	870	1.431	стакан-марка-красная	3.6	38.0	порода-в-тени	1.287	11.8	8.0	-1.0	8.1	bbox	869	82.1	82.1	85.1	1283,849,8,7	101.9	39.4834884	73.5851921	4563.6
871	871	1.033	рюкзак-синий	8.2	1.9	снег-в-тени	0.480	36.9	-1.0	-6.0	6.1	bbox	870	21.0	21.0	21.0	1814,69,11,4	101.6	39.4834887	73.5851935	4563.5
872	872	2.071	стакан-марка-красная	14.7	26.7	порода-в-тени	0.601	23.1	-3.5	3.5	4.9	bbox	871	46.0	46.0	46.0	1697,1015,14,2	101.6	39.4834859	73.5851938	4563.5
873	873	1.584	рюкзак-синий	11.0	21.7	порода-в-тени	0.373	17.1	0.0	-3.0	3.0	bbox	872	103.1	101.1	103.1	823,918,5,6	101.2	39.4834915	73.5851920	4563.6
874	874	1.455	рюкзак-синий	6.7	33.3	порода-в-тени	1.270	5.5	4.0	-8.0	8.9	bbox	873	91.1	91.1	91.1	744,897,5,6	100.5	39.4834906	73.5851908	4563.5
875	875	1.041	стакан-марка-красная	4.2	25.1	порода-охристая	1.738	24.7	14.0	-2.0	14.1	bbox	874	55.1	55.1	55.1	1321,697,8,4	100.4	39.4834872	73.5851941	4563.5
876	876	1.257	рюкзак-синий	10.0	0.8	снег-в-тени	1.538	39.6	11.0	-13.0	17.0	bbox	875	30.0	30.0	30.0	0,802,3,11	100.3	39.4834902	73.5851924	4563.6
877	877	1.673	палка-ручка-пробка	13.3	3.7	снег-розовый	1.002	79.4	2.0	10.0	10.2	bbox	876	80.1	80.1	84.1	778,69,7,8	100.3	39.4834869	73.5851922	4563.6
878	878	1.086	стакан-марка-красная	8.1	11.4	порода-охристая	0.625	38.4	7.0	8.0	10.6	bbox	877	31.0	31.0	31.0	699,234,4,14	100.0	39.4834898	73.5851924	4563.5
879	879	1.398	стакан-марка-красная	10.6	12.2	корка-жёлтая-на-скале	1.034	62.0	4.0	9.0	9.8	bbox	878	39.0	39.0	39.0	1141,345,10,8	99.8	39.4834880	73.5851935	4563.5
880	880	2.158	палка-ручка-пробка	17.0	10.4	снег-розовый	0.902	86.1	-2.0	7.5	7.8	bbox	879	73.1	73.1	73.1	1246,589,9,4	99.4	39.4834868	73.5851916	4563.6
881	881	1.888	палка-ручка-пробка	15.0	4.7	снег-розовый	0.959	71.0	-0.5	9.0	9.0	bbox	880	83.1	81.1	85.1	505,873,6,4	98.7	39.4834894	73.5851921	4563.6
882	882	1.894	стакан-марка-красная	12.6	29.2	снег-розовый	0.533	79.0	-1.0	5.0	5.1	bbox	881	33.0	33.0	33.0	1288,53,13,4	98.5	39.4834897	73.5851925	4563.5
883	883	1.161	рюкзак-синий	9.2	3.9	снег-в-тени	1.101	34.9	8.0	-8.0	11.3	bbox	882	34.0	34.0	34.0	1909,0,6,5	98.5	39.4834898	73.5851926	4563.5
884	884	2.125	палка-ручка-пробка	17.0	0.4	снег-розовый	0.978	76.1	-3.0	8.0	8.5	bbox	883	21.0	21.0	21.0	215,55,5,8	98.3	39.4834887	73.5851935	4563.5
885	885	1.276	стакан-марка-красная	9.7	11.6	снег-розовый	0.658	61.4	2.0	4.5	4.9	bbox	884	76.1	76.1	76.1	769,721,8,7	98.2	39.4834854	73.5851921	4563.5
886	886	0.952	рюкзак-синий	7.6	0.4	снег-в-тени	0.614	38.4	4.0	-7.0	8.1	bbox	885	50.1	50.1	50.1	1785,74,15,3	98.1	39.4834882	73.5851937	4563.5
887	887	1.721	стакан-марка-красная	13.6	7.5	корка-жёлтая-на-скале	0.823	57.3	0.0	9.0	9.0	bbox	886	66.1	66.1	66.1	1033,889,8,4	98.1	39.4834880	73.5851916	4563.6
888	888	0.461	стакан-марка-красная	3.6	2.7	снег-в-тени	1.352	47.1	9.0	-2.0	9.2	bbox	887	83.1	83.1	85.1	343,763,5,10	98.1	39.4834894	73.5851921	4563.6
889	889	1.047	рюкзак-синий	8.2	5.1	снег-в-тени	0.471	43.9	3.0	-6.0	6.7	bbox	888	96.1	96.1	98.1	611,664,4,9	98.0	39.4834915	73.5851911	4563.5
890	890	1.692	стакан-марка-красная	13.5	0.4	снег-розовый	1.129	50.2	-2.5	2.0	3.2	bbox	889	20.0	20.0	20.0	627,581,4,12	97.8	39.4834881	73.5851939	4563.5
891	891	1.438	стакан-марка-красная	10.8	13.7	снег-розовый	0.802	63.5	2.0	7.0	7.3	bbox	890	43.0	43.0	44.0	1249,35,6,8	97.8	39.4834858	73.5851937	4563.6
892	892	2.310	палка-ручка-пробка	17.5	21.2	снег-освещённый	1.054	96.9	-2.0	7.0	7.3	bbox	891	81.1	81.1	82.1	457,729,6,6	97.8	39.4834876	73.5851921	4563.5
893	893	0.993	стакан-марка-красная	7.8	5.1	порода-охристая	0.994	54.9	6.0	7.0	9.2	bbox	892	95.1	94.1	95.1	257,419,11,4	97.8	39.4834917	73.5851909	4563.6
894	894	1.265	стакан-марка-красная	9.7	10.6	порода-охристая	0.456	39.2	7.5	10.0	12.5	bbox	893	31.0	31.0	31.0	69,13,5,8	97.7	39.4834898	73.5851924	4563.5
895	895	1.046	стакан-марка-красная	7.1	15.7	порода-охристая	0.897	34.1	16.0	6.0	17.1	bbox	894	70.1	70.1	70.1	1169,343,6,6	97.5	39.4834882	73.5851915	4563.5
896	896	0.760	стакан-марка-красная	2.2	19.8	порода-охристая	1.535	30.0	12.0	-1.0	12.0	bbox	895	85.1	84.1	87.1	584,565,7,6	97.4	39.4834901	73.5851914	4563.6
897	897	1.580	палка-ручка-контроль	10.0	27.0	порода-охристая	0.886	30.6	6.5	16.0	17.3	bbox	896	65.1	65.1	65.1	195,90,6,7	97.3	39.4834879	73.5851921	4563.6
898	898	1.223	стакан-марка-красная	5.1	29.2	порода-в-тени	1.790	20.6	12.0	-4.0	12.6	bbox	897	87.1	84.1	87.1	849,426,6,5	97.3	39.4834900	73.5851919	4563.5
899	899	1.411	стакан-марка-красная	7.1	30.8	порода-в-тени	0.762	19.0	4.0	0.0	4.0	bbox	898	103.1	103.1	103.1	709,369,12,5	97.2	39.4834915	73.5851920	4563.6
900	900	1.956	стакан-марка-красная	13.6	27.1	снег-розовый	0.626	76.9	-2.0	5.0	5.4	bbox	899	10.0	10.0	10.0	385,1003,4,6	96.8	39.4834875	73.5851943	4563.5
901	901	1.810	стакан-марка-красная	5.1	47.4	порода-в-тени	1.196	2.4	6.0	0.0	6.0	bbox	900	49.0	49.0	49.0	529,881,4,9	96.8	39.4834879	73.5851937	4563.6
902	902	1.155	стакан-марка-красная	8.6	11.8	снег-розовый	0.800	61.6	4.0	6.0	7.2	bbox	901	86.1	86.1	86.1	153,1025,4,8	96.8	39.4834903	73.5851917	4563.6
903	903	2.343	стакан-марка-красная	13.0	47.3	снег-розовый	0.935	97.1	-1.0	6.0	6.1	bbox	902	54.1	54.1	54.1	1064,185,11,4	96.7	39.4834875	73.5851940	4563.5
904	904	0.738	палка-ручка-пробка	5.4	8.4	лишайник-жёлтый-на-камне	0.640	67.3	7.0	18.0	19.3	bbox	903	43.0	43.0	43.0	56,593,5,8	96.6	39.4834858	73.5851937	4563.6
905	905	2.180	стакан-марка-красная	15.4	28.4	снег-розовый	0.929	78.2	-3.0	7.5	8.1	bbox	904	48.0	48.0	48.0	292,799,5,6	96.6	39.4834874	73.5851938	4563.6
906	906	1.680	стакан-марка-красная	13.0	11.4	корка-жёлтая-на-скале	0.937	38.4	0.0	8.0	8.0	bbox	905	104.1	100.1	104.1	691,985,6,6	96.5	39.4834914	73.5851920	4563.5
907	907	1.997	стакан-марка-красная	15.2	16.9	снег-розовый	0.966	66.7	-3.0	7.0	7.6	bbox	906	34.0	34.0	34.0	451,273,8,8	96.3	39.4834898	73.5851926	4563.5
908	908	1.490	стакан-марка-красная	11.4	12.2	снег-розовый	0.935	62.0	2.0	8.0	8.2	bbox	907	46.0	46.0	48.0	1373,389,8,6	96.2	39.4834859	73.5851938	4563.5
909	909	1.021	стакан-марка-красная	4.5	23.9	порода-охристая	1.204	25.9	15.0	3.0	15.3	bbox	908	72.1	72.1	72.1	1439,498,6,9	96.2	39.4834874	73.5851915	4563.6
910	910	1.331	стакан-марка-красная	10.6	2.0	корка-жёлтая-на-скале	0.912	51.8	4.0	9.0	9.8	bbox	909	43.0	43.0	43.0	963,886,8,9	96.0	39.4834858	73.5851937	4563.6
911	911	1.261	стакан-марка-красная	3.0	33.7	порода-охристая	1.529	16.1	14.0	1.0	14.0	bbox	910	49.0	49.0	49.0	1373,771,10,6	96.0	39.4834879	73.5851937	4563.6
912	912	1.386	стакан-марка-красная	11.0	4.5	корка-жёлтая-на-скале	0.933	45.3	2.5	8.0	8.4	bbox	911	84.1	84.1	84.1	437,467,6,4	96.0	39.4834898	73.5851916	4563.6
913	913	1.530	стакан-марка-красная	12.0	7.7	корка-жёлтая-на-скале	0.862	57.5	2.0	9.0	9.2	bbox	912	42.0	39.0	42.0	857,841,11,4	95.1	39.4834863	73.5851937	4563.6
914	914	0.525	стакан-марка-красная	4.1	2.7	снег-розовый	1.120	52.5	7.0	0.0	7.0	bbox	913	55.1	55.1	55.1	1096,1073,7,7	94.4	39.4834872	73.5851941	4563.5
915	915	2.458	стакан-марка-красная	19.0	18.0	порода-в-тени	1.247	31.8	-7.0	7.0	9.9	bbox	914	30.0	30.0	30.0	1543,0,8,3	94.0	39.4834902	73.5851924	4563.6
916	916	0.879	рюкзак-синий	7.0	2.3	снег-в-тени	0.442	36.5	1.0	-7.0	7.1	bbox	915	75.1	75.1	75.1	1771,25,6,4	93.8	39.4834858	73.5851922	4563.5
917	917	2.230	стакан-марка-красная	11.0	49.0	порода-в-тени	0.833	0.8	0.0	2.0	2.0	bbox	916	101.1	101.1	101.1	1876,611,9,4	93.8	39.4834916	73.5851920	4563.6
918	918	0.635	стакан-марка-красная	4.5	8.4	снег-в-тени	1.259	41.4	7.0	-1.0	7.1	bbox	917	105.1	105.1	105.1	489,450,8,5	93.8	39.4834915	73.5851921	4563.5
919	919	1.962	рюкзак-синий	15.0	15.7	порода-в-тени	0.350	23.1	-4.5	0.0	4.5	bbox	918	37.0	37.0	37.0	1459,1031,8,3	93.7	39.4834884	73.5851928	4563.5
920	920	0.987	стакан-марка-красная	5.0	21.4	снег-розовый	0.833	71.2	7.0	-2.0	7.3	bbox	919	82.1	81.1	86.1	457,901,8,6	93.7	39.4834884	73.5851921	4563.6
921	921	1.990	стакан-марка-красная	13.4	30.0	снег-розовый	0.733	79.8	-1.0	7.0	7.1	bbox	920	42.0	42.0	42.0	1221,517,8,8	93.6	39.4834863	73.5851937	4563.6
922	922	1.554	стакан-марка-красная	12.2	9.0	снег-розовый	0.778	58.8	-1.0	3.0	3.2	bbox	921	106.1	106.1	106.1	881,3,6,4	93.4	39.4834921	73.5851921	4563.6
923	923	1.122	рюкзак-синий	8.9	2.7	снег-в-тени	0.793	36.1	5.0	-6.0	7.8	bbox	922	21.0	21.0	21.0	1241,51,8,4	93.3	39.4834887	73.5851935	4563.5
924	924	1.217	стакан-марка-красная	6.7	24.7	снег-розовый	0.635	74.5	5.0	-2.0	5.4	bbox	923	81.1	81.1	86.1	1083,129,4,8	93.1	39.4834876	73.5851921	4563.5
925	925	1.505	стакан-марка-красная	12.0	0.2	корка-жёлтая-на-скале	0.793	49.6	2.0	9.0	9.2	bbox	924	42.0	42.0	42.0	1041,789,8,6	93.0	39.4834863	73.5851937	4563.6
926	926	1.338	стакан-марка-красная	10.0	13.3	снег-розовый	0.820	63.1	3.0	7.0	7.6	bbox	925	21.0	21.0	21.0	51,449,6,6	92.9	39.4834887	73.5851935	4563.5
927	927	2.362	стакан-марка-красная	15.0	40.2	снег-освещённый	0.533	90.0	-4.0	1.5	4.3	bbox	926	31.0	30.0	31.0	981,387,8,8	92.7	39.4834898	73.5851924	4563.5
928	928	1.140	стакан-марка-красная	8.5	11.2	снег-розовый	0.656	61.0	3.0	4.0	5.0	bbox	927	54.1	54.1	54.1	1257,193,8,10	92.6	39.4834875	73.5851940	4563.5
929	929	0.939	стакан-марка-красная	5.0	19.6	порода-охристая	0.888	30.2	14.0	5.0	14.9	bbox	928	76.1	76.1	76.1	729,825,4,8	92.5	39.4834854	73.5851921	4563.5
930	930	1.148	рюкзак-синий	8.2	14.5	снег-в-тени	1.127	24.3	6.0	-7.5	9.6	bbox	929	21.0	21.0	21.0	27,633,6,8	92.4	39.4834887	73.5851935	4563.5
931	931	0.981	рюкзак-синий	7.6	6.6	снег-в-тени	0.760	32.2	4.0	-7.0	8.1	bbox	930	48.0	48.0	48.0	1696,9,7,4	92.3	39.4834874	73.5851938	4563.6
932	932	1.397	стакан-марка-красная	10.8	10.4	снег-розовый	0.737	60.2	1.0	5.0	5.1	bbox	931	30.0	30.0	30.0	215,322,8,7	92.2	39.4834902	73.5851924	4563.6
933	933	1.245	рюкзак-синий	9.2	13.5	снег-в-тени	1.087	25.3	5.5	-6.0	8.1	bbox	932	34.0	34.0	34.0	1815,180,10,3	91.7	39.4834898	73.5851926	4563.5
934	934	1.740	стакан-марка-красная	13.4	12.9	снег-розовый	0.902	62.7	-1.0	7.0	7.1	bbox	933	55.1	55.1	55.1	689,1067,8,6	91.7	39.4834872	73.5851941	4563.5
935	935	1.532	стакан-марка-красная	6.1	37.3	порода-в-тени	0.927	12.5	5.0	0.0	5.0	bbox	934	44.0	44.0	44.0	1618,1043,13,3	91.6	39.4834853	73.5851937	4563.6
936	936	1.348	стакан-марка-красная	7.6	26.7	снег-розовый	0.700	76.5	4.5	-3.0	5.4	bbox	935	101.1	100.1	101.1	1001,355,6,4	91.6	39.4834916	73.5851920	4563.6
937	937	0.646	стакан-марка-красная	5.1	2.9	снег-розовый	1.019	52.7	6.0	2.0	6.3	bbox	936	102.1	102.1	102.1	1258,897,8,4	91.6	39.4834916	73.5851920	4563.6
938	938	1.518	стакан-марка-красная	10.6	20.8	снег-розовый	0.420	70.6	1.0	4.5	4.6	bbox	937	50.1	50.1	50.1	781,167,10,4	91.4	39.4834882	73.5851937	4563.5
939	939	1.138	рюкзак-синий	8.2	13.5	порода-в-тени	0.901	25.3	3.0	-6.0	6.7	bbox	938	21.0	21.0	21.0	1715,233,8,4	91.2	39.4834887	73.5851935	4563.5
940	940	1.291	стакан-марка-красная	6.0	29.4	снег-розовый	0.399	79.2	5.0	1.0	5.1	bbox	939	30.0	30.0	30.0	261,221,9,7	91.2	39.4834902	73.5851924	4563.6
941	941	0.895	стакан-марка-красная	3.6	21.6	порода-охристая	1.260	28.2	14.5	2.0	14.6	bbox	940	36.0	36.0	36.0	925,657,5,6	91.1	39.4834888	73.5851927	4563.6
942	942	1.628	стакан-марка-красная	9.7	30.6	порода-охристая	0.822	19.2	14.5	10.0	17.6	bbox	941	83.1	83.1	87.1	749,521,4,8	91.1	39.4834894	73.5851921	4563.6
943	943	1.511	стакан-марка-красная	9.1	28.0	порода-в-тени	0.518	21.8	2.0	0.0	2.0	bbox	942	31.0	31.0	31.0	1682,221,11,4	91.0	39.4834898	73.5851924	4563.5
944	944	2.160	палка-древко-контроль	14.0	35.5	снег-пересвеченный	0.739	77.1	-8.0	-1.0	8.1	bbox	943	35.0	35.0	35.0	1159,637,4,8	90.7	39.4834893	73.5851927	4563.6
945	945	2.172	стакан-марка-красная	16.2	22.4	снег-розовый	0.995	72.2	-4.0	7.0	8.1	bbox	944	56.1	56.1	56.1	1105,17,8,4	90.6	39.4834871	73.5851941	4563.5
946	946	0.631	рюкзак-синий	5.0	2.4	снег-в-тени	0.607	41.2	4.0	-10.0	10.8	bbox	945	22.0	22.0	22.0	1711,57,11,6	90.3	39.4834892	73.5851932	4563.6
947	947	0.750	рюкзак-синий	5.0	11.6	снег-в-тени	0.200	50.4	1.0	-9.0	9.1	bbox	946	22.0	22.0	22.0	1633,7,6,6	90.2	39.4834892	73.5851932	4563.6
948	948	1.804	палка-ручка-пробка	14.2	8.8	корка-жёлтая-на-скале	1.021	66.9	-6.0	14.0	15.2	bbox	947	30.0	30.0	30.0	0,305,5,10	90.1	39.4834902	73.5851924	4563.6
949	949	1.307	стакан-марка-красная	9.9	11.8	снег-розовый	0.976	61.6	4.0	8.0	8.9	bbox	948	94.1	94.1	94.1	16,1033,5,6	90.1	39.4834920	73.5851909	4563.6
950	950	1.222	стакан-марка-красная	7.8	20.6	порода-в-тени	1.003	29.2	5.0	-4.0	6.4	bbox	949	33.0	31.0	33.0	1131,317,12,4	89.8	39.4834897	73.5851925	4563.5
951	951	0.877	рюкзак-синий	6.7	7.2	снег-в-тени	0.766	31.6	4.0	-8.0	8.9	bbox	950	35.0	35.0	35.0	1889,457,6,4	89.8	39.4834893	73.5851927	4563.6
952	952	2.125	стакан-марка-красная	11.7	43.1	снег-розовый	0.709	92.9	0.0	5.0	5.0	bbox	951	85.1	85.1	85.1	337,298,4,7	89.8	39.4834901	73.5851914	4563.6
953	953	0.510	стакан-марка-красная	3.6	6.7	снег-розовый	1.128	56.5	8.0	-1.0	8.1	bbox	952	64.1	64.1	64.1	1475,693,14,2	89.7	39.4834878	73.5851924	4563.6
954	954	2.293	стакан-марка-красная	15.8	32.6	снег-освещённый	0.840	82.4	-4.0	6.0	7.2	bbox	953	95.1	94.1	95.1	373,956,6,5	89.6	39.4834917	73.5851909	4563.6
955	955	0.974	стакан-марка-красная	4.5	22.3	порода-охристая	0.882	27.5	13.0	5.0	13.9	bbox	954	73.1	73.1	75.1	775,845,4,10	89.2	39.4834868	73.5851916	4563.6
956	956	2.401	стакан-марка-красная	15.5	39.6	снег-освещённый	0.791	89.4	-4.0	5.0	6.4	bbox	955	20.0	20.0	20.0	649,49,8,8	89.0	39.4834881	73.5851939	4563.5
957	957	1.647	палка-ручка-контроль	12.1	18.4	порода-охристая	0.501	39.2	11.0	15.0	18.6	bbox	956	35.0	35.0	35.0	101,283,4,8	88.9	39.4834893	73.5851927	4563.6
958	958	2.259	палка-древко-контроль	15.1	34.9	снег-пересвеченный	0.702	76.5	-6.5	0.0	6.5	bbox	957	36.0	36.0	36.0	1467,1073,4,7	88.7	39.4834888	73.5851927	4563.6
959	959	1.038	рюкзак-синий	8.0	7.8	снег-в-тени	0.663	31.0	1.0	-6.0	6.1	bbox	958	21.0	21.0	21.0	1713,171,8,4	88.3	39.4834887	73.5851935	4563.5
960	960	2.045	палка-ручка-пробка	16.3	1.9	снег-розовый	0.868	77.6	-1.5	8.0	8.1	bbox	959	74.1	74.1	74.1	787,819,4,6	88.1	39.4834863	73.5851919	4563.6
961	961	1.837	стакан-марка-красная	12.2	28.6	снег-розовый	0.761	78.4	1.0	8.0	8.1	bbox	960	46.0	46.0	50.1	1261,241,8,8	87.7	39.4834859	73.5851938	4563.5
962	962	2.078	палка-ручка-пробка	16.6	5.3	снег-розовый	0.909	81.0	-2.0	8.0	8.2	bbox	961	49.0	49.0	49.0	177,119,6,4	86.8	39.4834879	73.5851937	4563.6
963	963	2.573	стакан-марка-красная	17.6	37.3	снег-освещённый	0.814	87.1	-6.5	3.0	7.2	bbox	962	94.1	94.1	94.1	353,1067,12,4	86.5	39.4834920	73.5851909	4563.6
964	964	1.651	стакан-марка-красная	7.0	39.2	порода-в-тени	0.865	10.6	4.0	1.0	4.1	bbox	963	103.1	103.1	103.1	138,753,7,6	86.2	39.4834915	73.5851920	4563.6
965	965	1.570	стакан-марка-красная	9.9	27.1	порода-охристая	1.104	22.7	18.0	8.0	19.7	bbox	964	64.1	64.1	64.1	1019,699,6,6	86.0	39.4834878	73.5851924	4563.6
966	966	0.438	стакан-марка-красная	3.2	5.3	снег-розовый	1.568	55.1	12.0	-2.0	12.2	bbox	965	73.1	73.1	73.1	767,601,6,4	85.8	39.4834868	73.5851916	4563.6
967	967	1.370	стакан-марка-красная	8.9	22.2	снег-розовый	0.668	72.0	3.0	-3.0	4.2	bbox	966	31.0	31.0	31.0	803,313,8,8	85.7	39.4834898	73.5851924	4563.5
968	968	1.783	стакан-марка-красная	13.9	11.4	корка-жёлтая-на-скале	0.945	38.4	-1.0	8.0	8.1	bbox	967	65.1	65.1	65.1	773,971,6,6	85.6	39.4834879	73.5851921	4563.6
969	969	2.115	стакан-марка-красная	14.3	31.6	снег-розовый	0.812	81.4	-2.0	7.0	7.3	bbox	968	83.1	83.1	83.1	665,67,6,4	85.6	39.4834894	73.5851921	4563.6
970	970	1.661	стакан-марка-красная	13.3	0.4	порода-охристая	0.769	50.2	15.5	13.5	20.6	bbox	969	41.0	41.0	41.0	0,989,7,4	85.4	39.4834869	73.5851933	4563.5
971	971	1.015	палка-ручка-пробка	7.3	12.6	лишайник-жёлтый-на-камне	0.643	63.1	7.0	16.0	17.5	bbox	970	41.0	41.0	41.0	579,179,10,4	85.3	39.4834869	73.5851933	4563.5
972	972	1.418	стакан-марка-красная	8.1	27.6	снег-в-тени	1.505	22.2	9.5	-7.0	11.8	bbox	971	22.0	22.0	22.0	1833,98,8,5	85.0	39.4834892	73.5851932	4563.6
973	973	1.687	стакан-марка-красная	13.0	12.2	снег-розовый	0.968	62.0	0.0	8.0	8.0	bbox	972	64.1	64.1	64.1	377,1041,4,8	85.0	39.4834878	73.5851924	4563.6
974	974	0.628	стакан-марка-красная	4.2	9.4	снег-розовый	1.115	59.2	8.0	-2.0	8.2	bbox	973	83.1	83.1	83.1	891,321,9,4	85.0	39.4834894	73.5851921	4563.6
975	975	2.254	палка-ручка-контроль	14.1	39.2	порода-охристая	1.136	18.4	16.0	16.0	22.6	bbox	974	39.0	39.0	39.0	194,1007,5,5	84.8	39.4834880	73.5851935	4563.5
976	976	0.952	стакан-марка-красная	4.5	21.6	порода-охристая	0.870	28.2	13.0	5.0	13.9	bbox	975	73.1	73.1	73.1	1081,721,4,8	84.7	39.4834868	73.5851916	4563.6
977	977	1.818	палка-ручка-пробка	14.1	12.7	снег-розовый	0.975	88.4	3.5	9.0	9.7	bbox	976	73.1	73.1	73.1	723,89,4,6	84.5	39.4834868	73.5851916	4563.6
978	978	1.080	палка-ручка-пробка	7.3	16.3	лишайник-жёлтый-на-камне	0.673	59.4	7.0	16.0	17.5	bbox	977	41.0	41.0	41.0	603,713,4,6	84.4	39.4834869	73.5851933	4563.5
979	979	1.280	стакан-марка-красная	9.6	12.9	снег-розовый	0.590	62.7	1.5	0.0	1.5	bbox	978	95.1	95.1	98.1	407,829,4,12	84.4	39.4834917	73.5851909	4563.6
980	980	1.852	стакан-марка-красная	13.3	22.6	снег-освещённый	0.411	72.4	-2.0	-2.0	2.8	bbox	979	34.0	34.0	34.0	1235,194,8,6	84.2	39.4834898	73.5851926	4563.5
981	981	0.262	стакан-марка-красная	2.0	2.2	порода-охристая	1.536	47.6	11.0	-1.0	11.0	bbox	980	55.1	55.1	55.1	1067,473,6,8	83.6	39.4834872	73.5851941	4563.5
982	982	2.156	палка-ручка-контроль	12.7	40.7	порода-охристая	1.185	16.9	15.0	17.0	22.7	bbox	981	47.0	47.0	47.0	281,206,5,5	83.1	39.4834868	73.5851938	4563.6
983	983	1.075	стакан-марка-красная	8.6	0.6	порода-охристая	0.845	50.4	6.0	8.0	10.0	bbox	982	97.1	94.1	98.1	91,825,3,8	83.1	39.4834914	73.5851917	4563.5
984	984	1.529	стакан-марка-красная	11.7	12.9	снег-розовый	0.829	62.7	1.0	7.0	7.1	bbox	983	48.0	48.0	48.0	1185,401,12,4	82.9	39.4834874	73.5851938	4563.6
985	985	1.708	стакан-марка-красная	13.6	4.5	корка-жёлтая-на-скале	0.755	45.3	0.0	9.0	9.0	bbox	984	44.0	44.0	44.0	113,889,8,4	82.8	39.4834853	73.5851937	4563.6
986	986	1.790	палка-ручка-пробка	13.3	18.4	порода-охристая	1.077	57.3	16.0	15.5	22.3	bbox	985	45.0	45.0	45.0	622,589,4,10	82.7	39.4834855	73.5851937	4563.5
987	987	2.482	стакан-марка-красная	16.6	38.0	снег-освещённый	0.721	87.8	-5.5	3.0	6.3	bbox	986	39.0	39.0	39.0	1051,17,6,6	82.6	39.4834880	73.5851935	4563.5
988	988	1.742	стакан-марка-красная	13.8	6.1	корка-жёлтая-на-скале	0.645	43.7	0.5	10.0	10.0	bbox	987	48.0	48.0	48.0	775,1049,6,4	81.8	39.4834874	73.5851938	4563.6
989	989	1.092	рюкзак-синий	8.1	11.7	снег-в-тени	0.977	27.1	5.0	-7.0	8.6	bbox	988	32.0	32.0	32.0	1719,140,10,3	81.3	39.4834896	73.5851924	4563.5
990	990	1.243	рюкзак-синий	9.2	13.3	снег-в-тени	1.232	25.5	7.5	-7.5	10.6	bbox	989	31.0	31.0	31.0	307,297,6,4	80.5	39.4834898	73.5851924	4563.5
991	991	2.038	стакан-марка-красная	9.1	47.4	порода-в-тени	0.825	2.4	2.0	0.0	2.0	bbox	990	84.1	84.1	84.1	1351,291,8,4	80.3	39.4834898	73.5851916	4563.6
992	992	1.432	стакан-марка-красная	11.4	3.9	корка-жёлтая-на-скале	0.934	53.7	2.0	8.0	8.2	bbox	991	39.0	39.0	39.0	913,981,4,8	80.2	39.4834880	73.5851935	4563.5
993	993	1.718	стакан-марка-красная	12.4	21.0	порода-охристая	0.566	28.8	14.0	13.0	19.1	bbox	992	56.1	56.1	56.1	1281,293,8,7	80.2	39.4834871	73.5851941	4563.5
994	994	1.669	палка-ручка-пробка	13.3	1.6	лишайник-жёлтый-на-камне	0.971	77.3	2.0	10.0	10.2	bbox	993	47.0	47.0	47.0	1031,275,10,4	79.6	39.4834868	73.5851938	4563.6
995	995	1.049	стакан-марка-красная	8.2	5.5	порода-охристая	0.412	44.3	9.0	9.0	12.7	bbox	994	95.1	95.1	95.1	63,1011,7,5	79.4	39.4834917	73.5851909	4563.6
996	996	2.210	рюкзак-синий	14.0	37.6	порода-в-тени	0.741	1.2	0.0	0.0	0.0	bbox	995	84.1	84.1	84.1	1457,547,4,11	79.2	39.4834898	73.5851916	4563.6
997	997	1.390	рюкзак-синий	9.2	21.7	снег-в-тени	1.485	17.1	8.0	-8.0	11.3	bbox	996	31.0	31.0	31.0	1739,250,8,3	79.1	39.4834898	73.5851924	4563.5
998	998	1.394	стакан-марка-красная	8.5	25.1	порода-в-тени	0.656	24.7	3.0	-2.0	3.6	bbox	997	70.1	70.1	70.1	1907,1071,4,9	79.1	39.4834882	73.5851915	4563.5
999	999	1.887	стакан-марка-красная	11.2	35.5	снег-розовый	0.584	85.3	1.0	6.0	6.1	bbox	998	57.1	57.1	57.1	593,723,6,4	79.0	39.4834870	73.5851940	4563.5
1000	1000	1.842	рюкзак-синий	13.4	21.3	порода-в-тени	0.409	17.5	-5.0	-2.0	5.4	bbox	999	31.0	31.0	31.0	891,647,6,6	78.8	39.4834898	73.5851924	4563.5
1001	1001	1.361	стакан-марка-красная	9.1	21.2	снег-розовый	0.236	71.0	2.0	2.0	2.8	bbox	1000	35.0	35.0	35.0	693,784,6,11	78.7	39.4834893	73.5851927	4563.6
1002	1002	1.036	стакан-марка-красная	5.0	23.1	снег-розовый	0.818	72.9	7.0	-2.0	7.3	bbox	1001	87.1	87.1	87.1	769,935,6,4	78.6	39.4834900	73.5851919	4563.5
1003	1003	2.041	стакан-марка-красная	14.3	27.5	снег-розовый	0.800	77.3	-2.0	7.0	7.3	bbox	1002	22.0	22.0	22.0	556,225,5,6	78.4	39.4834892	73.5851932	4563.6
1004	1004	1.678	стакан-марка-красная	7.6	38.8	порода-охристая	1.035	11.0	12.0	8.5	14.7	bbox	1003	32.0	32.0	32.0	337,58,4,7	78.4	39.4834896	73.5851924	4563.5
1005	1005	1.457	стакан-марка-красная	10.0	21.0	снег-розовый	0.301	70.8	1.0	1.0	1.4	bbox	1004	41.0	41.0	41.0	1017,446,8,7	78.4	39.4834869	73.5851933	4563.5
1006	1006	1.139	рюкзак-синий	7.8	16.4	снег-в-тени	1.178	22.4	6.0	-8.0	10.0	bbox	1005	31.0	31.0	31.0	1642,3,7,4	78.0	39.4834898	73.5851924	4563.5
1007	1007	1.336	стакан-марка-красная	9.5	17.3	порода-охристая	0.447	32.5	14.0	10.0	17.2	bbox	1006	34.0	34.0	34.0	159,105,11,4	77.6	39.4834898	73.5851926	4563.5
1008	1008	1.855	палка-ручка-пробка	14.6	10.0	снег-розовый	0.930	85.7	1.0	9.0	9.1	bbox	1007	84.1	81.1	84.1	642,61,7,4	77.3	39.4834898	73.5851916	4563.6
1009	1009	1.140	рюкзак-синий	8.5	11.2	снег-в-тени	0.565	50.0	4.0	-6.0	7.2	bbox	1008	33.0	33.0	33.0	665,0,4,5	76.9	39.4834897	73.5851925	4563.5
1010	1010	1.538	стакан-марка-красная	12.2	5.3	корка-жёлтая-на-скале	0.922	55.1	1.0	8.0	8.1	bbox	1009	82.1	82.1	82.1	39,545,10,2	76.8	39.4834884	73.5851921	4563.6
1011	1011	0.777	стакан-марка-красная	6.0	5.7	снег-розовый	0.883	55.5	5.0	1.0	5.1	bbox	1010	45.0	45.0	45.0	1267,281,10,4	76.7	39.4834855	73.5851937	4563.5
1012	1012	1.200	стакан-марка-красная	8.5	15.7	снег-розовый	0.848	65.5	5.0	7.0	8.6	bbox	1011	34.0	34.0	34.0	386,0,4,9	76.5	39.4834898	73.5851926	4563.5
1013	1013	2.198	стакан-марка-красная	16.2	24.3	снег-освещённый	0.981	74.1	-4.0	7.0	8.1	bbox	1012	31.0	31.0	31.0	611,251,6,6	76.4	39.4834898	73.5851924	4563.5
1014	1014	2.207	стакан-марка-красная	13.6	39.4	снег-освещённый	0.705	89.2	-2.0	5.0	5.4	bbox	1013	48.0	48.0	48.0	541,925,4,8	76.4	39.4834874	73.5851938	4563.6
1015	1015	0.863	стакан-марка-красная	1.8	23.3	порода-охристая	1.505	26.5	10.0	-0.5	10.0	bbox	1014	98.1	98.1	98.1	569,697,4,8	76.4	39.4834915	73.5851919	4563.5
1016	1016	0.537	стакан-марка-красная	3.2	10.2	порода-охристая	1.426	39.6	14.0	0.0	14.0	bbox	1015	86.1	84.1	86.1	417,595,10,2	75.6	39.4834903	73.5851917	4563.6
1017	1017	1.232	стакан-марка-красная	9.2	12.2	снег-розовый	1.008	62.0	5.0	8.0	9.4	bbox	1016	97.1	97.1	97.1	88,994,7,5	75.2	39.4834914	73.5851917	4563.5
1018	1018	1.898	стакан-марка-красная	13.0	27.5	снег-розовый	0.625	77.3	-1.0	6.0	6.1	bbox	1017	97.1	97.1	97.1	353,668,6,5	74.7	39.4834914	73.5851917	4563.5
1019	1019	1.004	стакан-марка-красная	4.0	24.3	порода-в-тени	1.716	25.5	11.5	-3.0	11.9	bbox	1018	31.0	31.0	31.0	101,563,4,6	74.5	39.4834898	73.5851924	4563.5
1020	1020	0.657	стакан-марка-красная	5.0	5.7	снег-розовый	1.302	44.1	6.0	1.0	6.1	bbox	1019	103.1	103.1	103.1	209,873,6,4	74.5	39.4834915	73.5851920	4563.6
1021	1021	1.447	стакан-марка-красная	11.4	7.1	корка-жёлтая-на-скале	0.863	56.9	4.0	10.0	10.8	bbox	1020	48.0	48.0	48.0	1171,263,4,6	73.9	39.4834874	73.5851938	4563.6
1022	1022	1.592	стакан-марка-красная	5.9	39.6	порода-в-тени	1.006	10.2	5.5	-1.0	5.6	bbox	1021	82.1	82.1	83.1	1402,1067,7,4	73.9	39.4834884	73.5851921	4563.6
1023	1023	1.424	стакан-марка-красная	11.2	7.7	снег-розовый	0.849	57.5	0.0	-1.0	1.0	bbox	1022	95.1	95.1	98.1	768,665,7,8	73.7	39.4834917	73.5851909	4563.6
1024	1024	1.764	палка-древко-контроль	14.0	5.1	порода-в-тени	1.127	46.7	-7.0	-1.0	7.1	bbox	1023	35.0	33.0	35.0	1883,249,8,4	73.0	39.4834893	73.5851927	4563.6
1025	1025	1.877	стакан-марка-красная	14.8	9.6	корка-жёлтая-на-скале	1.000	59.4	-2.0	8.0	8.2	bbox	1024	85.1	85.1	85.1	1547,57,12,2	72.8	39.4834901	73.5851914	4563.6
1026	1026	1.584	стакан-марка-красная	6.3	38.4	порода-охристая	1.115	11.4	9.0	7.0	11.4	bbox	1025	32.0	32.0	32.0	152,31,5,7	72.7	39.4834896	73.5851924	4563.5
1027	1027	1.129	стакан-марка-красная	8.9	4.3	снег-розовый	0.927	54.1	3.0	5.0	5.8	bbox	1026	87.1	87.1	87.1	579,713,6,8	72.7	39.4834900	73.5851919	4563.5
1028	1028	1.958	рюкзак-синий	12.0	35.1	порода-в-тени	0.658	3.7	0.0	-2.0	2.0	bbox	1027	82.1	82.1	82.1	1821,722,4,8	71.9	39.4834884	73.5851921	4563.6
1029	1029	1.580	стакан-марка-красная	12.1	12.9	снег-розовый	0.771	62.7	0.0	6.0	6.0	bbox	1028	85.1	84.1	87.1	397,443,2,12	71.6	39.4834901	73.5851914	4563.6
1030	1030	1.665	стакан-марка-красная	13.2	7.4	порода-в-тени	0.930	42.4	-2.0	3.0	3.6	bbox	1029	7.0	7.0	7.0	302,1017,3,8	71.3	39.4834883	73.5851947	4563.5
1031	1031	0.917	стакан-марка-красная	5.4	17.4	снег-в-тени	1.349	32.4	9.0	-4.0	9.8	bbox	1030	95.1	95.1	95.1	387,714,6,5	71.1	39.4834917	73.5851909	4563.6
1032	1032	1.716	стакан-марка-красная	13.3	11.4	снег-освещённый	0.755	61.2	-2.0	-2.0	2.8	bbox	1031	31.0	31.0	31.0	845,975,12,4	70.8	39.4834898	73.5851924	4563.5
1033	1033	1.564	стакан-марка-красная	6.0	38.4	порода-в-тени	0.965	11.4	5.0	1.0	5.1	bbox	1032	101.1	101.1	101.1	1795,99,9,3	70.6	39.4834916	73.5851920	4563.6
1034	1034	1.554	стакан-марка-красная	11.7	15.1	корка-жёлтая-на-скале	1.111	34.7	1.0	7.0	7.1	bbox	1033	100.1	100.1	100.1	1712,185,7,6	70.5	39.4834916	73.5851921	4563.5
1035	1035	1.156	стакан-марка-красная	3.6	29.8	порода-охристая	1.771	20.0	13.0	-2.0	13.2	bbox	1034	82.1	82.1	82.1	1203,631,4,4	70.4	39.4834884	73.5851921	4563.6
1036	1036	2.116	стакан-марка-красная	14.4	31.2	снег-розовый	0.762	81.0	-2.5	6.0	6.5	bbox	1035	57.1	57.1	57.1	1415,305,8,4	69.8	39.4834870	73.5851940	4563.5
1037	1037	1.713	стакан-марка-красная	13.4	9.8	снег-розовый	0.972	59.6	-1.0	7.0	7.1	bbox	1036	94.1	94.1	95.1	425,971,6,4	69.7	39.4834920	73.5851909	4563.6
1038	1038	1.497	стакан-марка-красная	9.6	25.3	порода-охристая	1.097	24.5	4.0	7.5	8.5	bbox	1037	100.1	100.1	100.1	1332,379,5,6	69.5	39.4834916	73.5851921	4563.5
1039	1039	2.220	стакан-марка-красная	15.1	32.6	снег-освещённый	0.533	82.4	-4.0	3.0	5.0	bbox	1038	32.0	32.0	32.0	859,451,6,4	69.0	39.4834896	73.5851924	4563.5
1040	1040	1.905	стакан-марка-красная	14.4	17.3	корка-жёлтая-на-скале	0.935	32.5	-1.0	9.0	9.1	bbox	1039	72.1	72.1	72.1	257,73,5,6	69.0	39.4834874	73.5851915	4563.6
1041	1041	0.871	рюкзак-синий	6.9	1.9	снег-в-тени	0.685	36.9	4.5	-8.0	9.2	bbox	1040	96.1	94.1	98.1	685,945,4,6	69.0	39.4834915	73.5851911	4563.5
1042	1042	1.492	стакан-марка-красная	8.1	30.8	снег-розовый	0.299	80.6	3.0	0.0	3.0	bbox	1041	106.1	106.1	106.1	663,677,10,3	68.8	39.4834921	73.5851921	4563.6
1043	1043	1.409	стакан-марка-красная	10.3	16.1	снег-розовый	0.652	65.9	2.0	6.0	6.3	bbox	1042	96.1	96.1	98.1	424,418,5,5	68.5	39.4834915	73.5851911	4563.5
1044	1044	1.215	стакан-марка-красная	9.2	10.8	снег-розовый	0.907	60.6	4.0	7.0	8.1	bbox	1043	33.0	33.0	33.0	679,170,6,5	68.3	39.4834897	73.5851925	4563.5
1045	1045	1.689	стакан-марка-красная	11.0	27.7	снег-розовый	0.455	77.5	1.0	5.5	5.6	bbox	1044	86.1	86.1	86.1	497,683,4,5	67.8	39.4834903	73.5851917	4563.6
1046	1046	1.202	стакан-марка-красная	2.8	32.2	порода-охристая	1.270	17.6	13.0	3.0	13.3	bbox	1045	87.1	87.1	87.1	754,555,9,3	67.6	39.4834900	73.5851919	4563.5
1047	1047	1.627	стакан-марка-красная	9.2	32.2	порода-охристая	1.119	17.6	5.0	8.0	9.4	bbox	1046	98.1	98.1	98.1	305,714,5,5	67.3	39.4834915	73.5851919	4563.5
1048	1048	1.997	стакан-марка-красная	11.0	40.4	порода-в-тени	0.598	9.4	0.0	2.0	2.0	bbox	1047	32.0	32.0	32.0	888,617,4,8	66.5	39.4834896	73.5851924	4563.5
1049	1049	0.821	стакан-марка-красная	5.8	10.6	снег-в-тени	1.104	39.2	6.0	-2.0	6.3	bbox	1048	33.0	33.0	33.0	417,817,4,10	66.5	39.4834897	73.5851925	4563.5
1050	1050	0.983	стакан-марка-красная	7.2	11.0	снег-в-тени	0.940	38.8	5.0	-3.0	5.8	bbox	1049	35.0	35.0	35.0	1055,777,8,6	66.5	39.4834893	73.5851927	4563.6
1051	1051	0.630	стакан-марка-красная	2.7	14.9	снег-в-тени	1.560	34.9	10.0	-1.5	10.1	bbox	1050	85.1	85.1	85.1	437,381,4,4	65.5	39.4834901	73.5851914	4563.6
1052	1052	2.193	рюкзак-синий	14.0	36.8	порода-в-тени	0.715	2.0	0.0	0.0	0.0	bbox	1051	98.1	98.1	98.1	599,331,10,4	65.2	39.4834915	73.5851919	4563.5
1053	1053	1.967	стакан-марка-красная	11.0	39.2	порода-в-тени	0.448	10.6	0.0	0.0	0.0	bbox	1052	106.1	106.1	106.1	716,347,5,5	65.2	39.4834921	73.5851921	4563.6
1054	1054	0.903	стакан-марка-красная	6.7	9.4	снег-в-тени	1.011	40.4	5.0	-2.0	5.4	bbox	1053	32.0	32.0	32.0	1387,135,12,2	63.8	39.4834896	73.5851924	4563.5
1055	1055	1.721	стакан-марка-красная	12.5	20.0	снег-розовый	0.728	69.8	0.0	7.0	7.0	bbox	1054	82.1	82.1	82.1	305,835,5,5	63.4	39.4834884	73.5851921	4563.6
1056	1056	2.496	стакан-марка-красная	18.1	29.4	снег-освещённый	0.840	79.2	-7.0	3.0	7.6	bbox	1055	35.0	35.0	35.0	329,585,3,6	61.4	39.4834893	73.5851927	4563.6
1057	1057	1.195	стакан-марка-красная	3.2	31.6	порода-в-тени	1.756	18.2	12.0	-2.0	12.2	bbox	1056	57.1	57.1	57.1	1707,884,4,5	61.3	39.4834870	73.5851940	4563.5
1058	1058	1.361	стакан-марка-красная	10.6	8.2	корка-жёлтая-на-скале	0.978	41.6	3.0	8.0	8.5	bbox	1057	33.0	33.0	33.0	553,897,4,14	59.4	39.4834897	73.5851925	4563.5
1059	1059	1.801	палка-ручка-контроль	13.4	18.2	порода-охристая	0.889	39.4	15.5	16.5	22.6	bbox	1058	57.1	57.1	57.1	67,789,4,6	58.8	39.4834870	73.5851940	4563.5
1060	1060	1.997	стакан-марка-красная	9.1	46.1	порода-в-тени	0.788	3.7	2.0	0.0	2.0	bbox	1059	102.1	100.1	102.1	1419,221,6,4	58.7	39.4834916	73.5851920	4563.6
1061	1061	1.038	стакан-марка-красная	5.1	22.9	порода-охристая	1.566	26.9	16.0	0.0	16.0	bbox	1060	57.1	57.1	57.1	1201,697,8,2	58.3	39.4834870	73.5851940	4563.5
1062	1062	0.780	стакан-марка-красная	6.1	4.9	снег-в-тени	1.184	44.9	5.0	0.0	5.0	bbox	1061	106.1	106.1	106.1	409,353,12,2	56.1	39.4834921	73.5851921	4563.6
1063	1063	1.839	стакан-марка-красная	11.0	34.3	снег-розовый	0.511	84.1	1.0	5.5	5.6	bbox	1062	87.1	87.1	87.1	309,333,4,4	55.7	39.4834900	73.5851919	4563.5
1064	1064	1.028	стакан-марка-красная	7.6	10.6	снег-розовый	0.714	60.4	3.5	-0.5	3.5	bbox	1063	87.1	87.1	87.1	881,587,4,4	53.6	39.4834900	73.5851919	4563.5
1065	1065	1.378	рюкзак-синий	10.0	16.3	снег-в-тени	1.281	22.5	7.0	-6.0	9.2	bbox	1064	33.0	33.0	33.0	1887,5,8,2	52.0	39.4834897	73.5851925	4563.5
1066	1066	1.533	стакан-марка-красная	11.2	17.6	порода-в-тени	1.040	32.2	1.0	6.0	6.1	bbox	1065	100.1	100.1	100.1	1587,1020,9,3	51.4	39.4834916	73.5851921	4563.5
1067	1067	0.846	стакан-марка-красная	6.3	8.4	снег-в-тени	1.100	41.4	5.0	-1.0	5.1	bbox	1066	100.1	100.1	100.1	1035,257,6,4	47.0	39.4834916	73.5851921	4563.5
1068	1068	1.147	палка-ручка-пробка	8.6	11.6	лишайник-жёлтый-на-камне	0.592	64.1	6.0	14.5	15.7	bbox	1067	7.0	7.0	7.0	257,79,6,2	42.0	39.4834883	73.5851947	4563.5
1069	1069	2.541	стакан-марка-красная	16.1	43.3	снег-освещённый	0.765	93.1	-5.0	3.0	5.8	bbox	1068	102.1	102.1	102.1	529,809,6,2	41.1	39.4834916	73.5851920	4563.6
1070	1070	1.280	стакан-марка-красная	9.6	12.9	снег-розовый	0.590	62.7	1.5	0.0	1.5	bbox	1069	102.1	102.1	102.1	769,719,6,2	39.9	39.4834916	73.5851920	4563.6
1071	1071	1.549	стакан-марка-красная	5.9	38.2	порода-в-тени	0.989	11.6	5.5	-1.0	5.6	bbox	1070	102.1	102.1	102.1	945,307,3,4	38.1	39.4834916	73.5851920	4563.6
1072	1072	2.124	стакан-марка-красная	12.0	42.0	снег-освещённый	0.392	91.8	-1.0	0.0	1.0	bbox	1071	7.0	7.0	7.0	831,844,2,5	35.2	39.4834883	73.5851947	4563.5
1073	1073	1.431	стакан-марка-красная	11.1	9.8	корка-жёлтая-на-скале	1.009	40.0	2.0	7.5	7.8	bbox	1072	102.1	102.1	102.1	1163,395,4,3	34.1	39.4834916	73.5851920	4563.6
1074	1074	1.979	стакан-марка-красная	11.5	38.0	снег-освещённый	0.267	87.8	-0.5	0.5	0.7	bbox	1073	7.0	7.0	7.0	813,779,4,4	34.0	39.4834883	73.5851947	4563.5
1075	1075	1.648	стакан-марка-красная	10.3	28.8	снег-розовый	0.501	78.6	2.0	6.0	6.3	bbox	1074	7.0	7.0	7.0	457,165,2,4	30.7	39.4834883	73.5851947	4563.5
