ранг	ранг_в_группе	расстояние	сигнатура	d_ab	d_L	ловушка	d_ловушки	L	a	b	C	цвет_измерен	track	t_best	t0	t1	bbox	score	lat	lon	alt
1	1	2.058	стакан-марка-красная	11.0	42.7	порода-в-тени	0.552	7.1	0.0	0.0	0.0	bbox	0	26.0	19.0	28.0	805,777,22,40	1818.5	39.4824844	73.5841055	4638.2
2	2	1.954	стакан-марка-красная	12.0	34.9	порода-в-тени	0.264	14.9	-1.0	0.0	1.0	bbox	1	0.0	0.0	5.0	137,353,10,38	1279.1	39.4824853	73.5841073	4638.2
3	3	1.490	стакан-марка-красная	11.0	15.7	порода-в-тени	0.564	34.1	0.0	0.0	0.0	bbox	2	105.2	105.2	106.2	1876,703,21,34	1190.5	39.4826926	73.5838764	4637.3
4	4	1.964	рюкзак-синий	14.9	17.8	порода-в-тени	0.280	21.0	-4.0	0.0	4.0	bbox	3	23.0	16.0	23.0	9,1009,16,32	1104.9	39.4824848	73.5841064	4638.3
5	5	1.707	стакан-марка-красная	11.2	27.4	порода-в-тени	0.260	22.4	0.0	-1.0	1.0	bbox	4	46.1	46.1	49.1	1461,41,16,50	1054.7	39.4826924	73.5838826	4637.3
6	6	1.880	рюкзак-синий	13.3	24.3	порода-в-тени	0.210	14.5	-2.0	-1.0	2.2	bbox	5	77.1	76.1	80.1	641,401,24,16	1054.2	39.4826925	73.5838761	4637.3
7	7	2.121	рюкзак-синий	13.0	38.0	порода-в-тени	0.744	0.8	0.0	-1.0	1.0	bbox	6	6.0	4.0	7.0	337,363,42,18	1048.3	39.4824851	73.5841079	4638.2
8	8	1.435	стакан-марка-красная	11.0	11.0	порода-в-тени	0.715	38.8	0.0	0.0	0.0	bbox	7	132.2	132.2	133.2	969,655,16,30	1042.3	39.4826926	73.5838744	4637.3
9	9	1.726	стакан-марка-красная	11.0	29.0	порода-в-тени	0.280	20.8	0.0	0.0	0.0	bbox	8	102.1	97.1	104.2	945,481,24,16	983.8	39.4826927	73.5838763	4637.3
10	10	1.677	стакан-марка-красная	11.0	26.7	порода-в-тени	0.296	23.1	0.0	0.0	0.0	bbox	9	103.2	101.1	103.2	1825,337,16,16	941.4	39.4826927	73.5838764	4637.3
11	11	1.879	стакан-марка-красная	11.0	35.7	порода-в-тени	0.358	14.1	0.0	0.0	0.0	bbox	10	69.1	68.1	69.1	1553,73,25,16	930.1	39.4826935	73.5838755	4637.3
12	12	1.704	рюкзак-синий	13.3	9.8	порода-в-тени	0.308	29.0	-2.0	-1.0	2.2	bbox	11	60.1	60.1	69.1	1649,49,22,32	832.2	39.4826951	73.5838757	4637.3
13	13	1.677	стакан-марка-красная	11.0	26.7	порода-в-тени	0.296	23.1	0.0	0.0	0.0	bbox	12	94.1	94.1	96.1	1873,849,16,19	815.2	39.4826922	73.5838751	4637.3
14	14	1.789	стакан-марка-красная	14.0	9.8	порода-в-тени	0.722	40.0	-3.0	0.0	3.0	bbox	13	98.1	97.1	99.1	1872,929,25,16	808.0	39.4826930	73.5838761	4637.3
15	15	1.896	рюкзак-синий	14.6	14.9	порода-в-тени	0.217	23.9	-3.0	0.0	3.0	bbox	14	56.1	54.1	67.1	49,257,19,22	778.0	39.4826949	73.5838741	4637.3
16	16	2.094	рюкзак-синий	14.6	29.0	порода-в-тени	0.418	9.8	-3.0	0.0	3.0	bbox	15	76.1	72.1	76.1	833,889,16,16	718.6	39.4826924	73.5838759	4637.3
17	17	1.835	стакан-марка-красная	12.0	29.4	порода-в-тени	0.177	20.4	-1.0	0.0	1.0	bbox	16	18.0	11.0	18.0	765,1033,20,10	706.3	39.4824852	73.5841066	4638.2
18	18	1.814	стакан-марка-красная	11.0	32.9	порода-в-тени	0.307	16.9	0.0	0.0	0.0	bbox	17	44.1	44.1	45.1	1401,209,12,32	690.7	39.4826663	73.5839487	4637.3
19	19	1.003	рюкзак-синий	7.3	11.8	снег-в-тени	0.203	50.6	-1.0	-7.0	7.1	bbox	18	52.1	51.1	56.1	1291,650,22,23	674.1	39.4826954	73.5838734	4637.3
20	20	2.022	рюкзак-синий	14.6	24.7	порода-в-тени	0.286	14.1	-3.0	0.0	3.0	bbox	19	18.0	18.0	20.0	393,649,14,20	656.8	39.4824852	73.5841066	4638.2
21	21	1.693	стакан-марка-красная	11.0	27.4	порода-в-тени	0.288	22.4	0.0	0.0	0.0	bbox	20	89.1	84.1	95.1	1633,548,14,13	600.7	39.4826925	73.5838757	4637.4
22	22	2.123	рюкзак-синий	14.1	32.9	порода-в-тени	0.548	5.9	-1.0	0.0	1.0	bbox	21	73.1	73.1	74.1	835,827,14,14	596.4	39.4826925	73.5838756	4637.3
23	23	1.732	стакан-марка-красная	11.2	28.6	порода-в-тени	0.252	21.2	0.0	-1.0	1.0	bbox	22	134.2	131.2	134.2	1057,1051,16,29	569.9	39.4826927	73.5838746	4637.3
24	24	1.898	стакан-марка-красная	11.0	36.5	порода-в-тени	0.377	13.3	0.0	0.0	0.0	bbox	23	45.1	45.1	45.1	1417,111,6,34	564.0	39.4826793	73.5839157	4637.3
25	25	2.070	палка-древко-контроль	15.0	24.3	снег-освещённый	0.920	65.9	-7.0	0.0	7.0	bbox	24	139.2	135.2	140.2	181,845,8,36	541.5	39.4826912	73.5838756	4637.3
26	26	1.501	стакан-марка-красная	11.0	16.5	порода-в-тени	0.540	33.3	0.0	0.0	0.0	bbox	25	87.1	86.1	92.1	1601,593,9,20	525.4	39.4826926	73.5838760	4637.3
27	27	1.699	стакан-марка-красная	11.2	27.1	порода-в-тени	0.264	22.7	0.0	-1.0	1.0	bbox	26	39.1	35.1	44.1	1409,989,16,38	524.4	39.4825305	73.5840980	4637.3
28	28	2.157	стакан-марка-красная	16.0	22.4	снег-освещённый	0.588	72.2	-5.0	0.0	5.0	bbox	27	143.2	143.2	143.2	227,369,13,24	518.8	39.4826921	73.5838765	4637.3
29	29	1.965	рюкзак-синий	14.6	20.8	порода-в-тени	0.196	18.0	-3.0	0.0	3.0	bbox	28	73.1	73.1	79.1	657,0,8,17	516.9	39.4826925	73.5838756	4637.3
30	30	0.859	рюкзак-синий	6.3	9.4	снег-в-тени	0.126	48.2	-1.0	-8.0	8.1	bbox	29	106.2	105.2	113.2	811,89,24,12	516.1	39.4826924	73.5838764	4637.3
31	31	1.988	рюкзак-синий	14.1	25.5	порода-в-тени	0.308	13.3	-1.0	0.0	1.0	bbox	30	75.1	73.1	81.1	841,429,16,12	490.5	39.4826925	73.5838759	4637.3
32	32	1.490	стакан-марка-красная	11.2	14.5	порода-в-тени	0.588	35.3	0.0	-1.0	1.0	bbox	31	104.2	103.2	107.2	1889,305,8,16	484.1	39.4826927	73.5838764	4637.3
33	33	1.493	стакан-марка-красная	11.0	15.9	порода-в-тени	0.558	33.9	0.0	0.0	0.0	bbox	32	133.2	133.2	133.2	972,577,10,16	484.1	39.4826927	73.5838745	4637.3
34	34	0.821	рюкзак-синий	5.4	13.2	снег-в-тени	0.231	52.0	-1.0	-9.0	9.1	bbox	33	136.2	136.2	138.2	1193,0,24,14	483.5	39.4826915	73.5838748	4637.3
35	35	2.034	рюкзак-синий	13.0	34.1	порода-в-тени	0.614	4.7	0.0	-1.0	1.0	bbox	34	54.1	51.1	54.1	55,485,26,10	467.3	39.4826950	73.5838737	4637.3
36	36	1.969	рюкзак-синий	13.0	31.0	порода-в-тени	0.513	7.8	0.0	-1.0	1.0	bbox	35	11.0	8.0	12.0	833,377,16,8	464.8	39.4824853	73.5841070	4638.2
37	37	1.102	рюкзак-синий	6.1	22.3	порода-в-тени	0.921	16.5	0.0	-8.0	8.0	bbox	36	119.2	118.2	119.2	81,65,20,12	458.5	39.4826934	73.5838762	4637.3
38	38	2.237	рюкзак-синий	15.3	32.5	порода-в-тени	0.563	6.3	-2.0	1.0	2.2	bbox	37	9.0	9.0	15.0	773,125,11,18	453.5	39.4824852	73.5841075	4638.2
39	39	1.008	рюкзак-синий	8.1	0.4	снег-в-тени	0.418	38.4	0.0	-6.0	6.0	bbox	38	3.0	1.0	3.0	137,449,8,16	446.7	39.4824854	73.5841077	4638.2
40	40	1.823	рюкзак-синий	13.6	18.4	порода-в-тени	0.125	20.4	-3.0	-1.0	3.2	bbox	39	77.1	77.1	78.1	1713,305,8,16	438.5	39.4826925	73.5838761	4637.3
41	41	1.815	стакан-марка-красная	13.0	22.3	порода-в-тени	0.281	27.5	-2.0	0.0	2.0	bbox	40	77.1	77.1	78.1	1713,225,8,16	437.1	39.4826925	73.5838761	4637.3
42	42	1.731	стакан-марка-красная	12.0	23.9	порода-в-тени	0.264	25.9	-1.0	0.0	1.0	bbox	41	90.1	86.1	95.1	1593,531,8,18	436.7	39.4826924	73.5838755	4637.3
43	43	1.402	стакан-марка-красная	11.0	6.9	порода-в-тени	0.852	42.9	0.0	0.0	0.0	bbox	42	121.2	119.2	130.2	1178,281,6,24	435.7	39.4826930	73.5838755	4637.3
44	44	0.868	рюкзак-синий	6.3	10.0	снег-в-тени	0.130	48.8	-1.0	-8.0	8.1	bbox	43	137.2	135.2	139.2	1281,68,23,12	433.9	39.4826912	73.5838752	4637.3
45	45	1.571	стакан-марка-красная	11.0	21.0	порода-в-тени	0.411	28.8	0.0	0.0	0.0	bbox	44	132.2	132.2	133.2	1031,989,14,15	423.8	39.4826926	73.5838744	4637.3
46	46	2.130	рюкзак-синий	13.0	38.4	порода-в-тени	0.757	0.4	0.0	-1.0	1.0	bbox	45	63.1	63.1	64.1	1539,0,18,19	422.6	39.4826947	73.5838759	4637.4
47	47	0.742	рюкзак-синий	5.1	10.6	снег-в-тени	0.138	49.4	0.0	-9.0	9.0	bbox	46	136.2	134.2	140.2	1251,289,22,10	421.9	39.4826915	73.5838748	4637.3
48	48	1.849	рюкзак-синий	13.9	17.4	порода-в-тени	0.252	21.4	-4.0	-1.0	4.1	bbox	47	18.0	18.0	18.0	721,41,32,4	421.7	39.4824852	73.5841066	4638.2
49	49	1.518	стакан-марка-красная	12.0	5.5	порода-в-тени	0.872	44.3	-1.0	0.0	1.0	bbox	48	138.2	133.2	141.2	1013,770,6,29	419.3	39.4826908	73.5838757	4637.3
50	50	2.060	рюкзак-синий	13.0	35.3	порода-в-тени	0.652	3.5	0.0	-1.0	1.0	bbox	49	46.1	45.1	49.1	1330,881,12,20	411.6	39.4826924	73.5838826	4637.3
51	51	1.530	стакан-марка-красная	11.0	18.4	порода-в-тени	0.481	31.4	0.0	0.0	0.0	bbox	50	111.2	110.2	116.2	1489,391,8,22	409.6	39.4826923	73.5838762	4637.3
52	52	1.887	палка-древко-контроль	14.0	19.8	снег-освещённый	1.124	61.4	-8.0	-1.0	8.1	bbox	51	141.2	140.2	141.2	233,133,16,14	408.6	39.4826916	73.5838761	4637.3
53	53	2.080	палка-древко-контроль	16.0	15.7	снег-освещённый	1.134	57.3	-7.0	1.0	7.1	bbox	52	139.2	138.2	141.2	10,33,14,20	406.4	39.4826912	73.5838756	4637.3
54	54	1.005	рюкзак-синий	6.1	18.4	порода-в-тени	0.910	20.4	0.0	-8.0	8.0	bbox	53	12.0	12.0	18.0	123,57,10,24	406.1	39.4824855	73.5841071	4638.2
55	55	1.775	палка-древко-контроль	10.4	33.7	снег-пересвеченный	0.614	75.3	-5.0	-5.0	7.1	bbox	54	135.2	135.2	141.2	1025,0,11,16	403.2	39.4826924	73.5838746	4637.3
56	56	1.498	стакан-марка-красная	11.0	16.3	порода-в-тени	0.546	33.5	0.0	0.0	0.0	bbox	55	120.2	115.2	122.2	1316,542,19,10	396.5	39.4826929	73.5838759	4637.3
57	57	2.001	рюкзак-синий	13.0	32.5	порода-в-тени	0.563	6.3	0.0	-1.0	1.0	bbox	56	23.0	19.0	26.0	881,561,16,8	393.9	39.4824848	73.5841064	4638.3
58	58	1.745	рюкзак-синий	13.9	3.2	порода-в-тени	0.810	42.0	-4.0	-1.0	4.1	bbox	57	134.2	134.2	134.2	569,889,24,15	383.7	39.4826927	73.5838746	4637.3
59	59	0.923	рюкзак-синий	5.4	17.7	снег-в-тени	0.357	56.5	-1.0	-9.0	9.1	bbox	58	137.2	137.2	140.2	1247,121,18,9	380.6	39.4826912	73.5838752	4637.3
60	60	2.007	стакан-марка-красная	11.0	40.8	порода-в-тени	0.493	9.0	0.0	0.0	0.0	bbox	59	39.1	39.1	41.1	1613,39,10,26	378.8	39.4825305	73.5840980	4637.3
61	61	2.029	палка-древко-контроль	15.3	19.0	снег-освещённый	0.878	60.6	-5.0	0.0	5.0	bbox	60	143.2	143.2	143.2	131,461,14,20	377.8	39.4826921	73.5838765	4637.3
62	62	1.009	рюкзак-синий	6.7	15.7	снег-в-тени	0.346	54.5	-2.0	-8.0	8.2	bbox	61	104.2	103.2	109.2	810,185,23,15	376.0	39.4826927	73.5838764	4637.3
63	63	2.223	рюкзак-синий	15.3	31.7	порода-в-тени	0.538	7.1	-2.0	1.0	2.2	bbox	62	16.0	11.0	16.0	1148,1073,16,7	373.5	39.4824854	73.5841067	4638.2
64	64	2.061	рюкзак-синий	14.3	28.6	порода-в-тени	0.385	10.2	-2.0	0.0	2.0	bbox	63	21.0	18.0	25.0	513,417,8,12	372.9	39.4824847	73.5841065	4638.2
65	65	1.967	стакан-марка-красная	11.0	39.2	порода-в-тени	0.448	10.6	0.0	0.0	0.0	bbox	64	63.1	63.1	63.1	1585,107,18,6	371.0	39.4826947	73.5838759	4637.4
66	66	0.903	рюкзак-синий	7.2	3.3	снег-в-тени	0.510	35.5	-2.0	-7.5	7.8	bbox	65	33.0	33.0	33.0	1857,961,10,17	367.6	39.4824836	73.5841048	4638.2
67	67	1.881	рюкзак-синий	14.6	13.3	порода-в-тени	0.254	25.5	-3.0	0.0	3.0	bbox	66	77.1	77.1	86.1	1645,113,20,6	367.2	39.4826925	73.5838761	4637.3
68	68	1.710	стакан-марка-красная	11.0	28.2	порода-в-тени	0.283	21.6	0.0	0.0	0.0	bbox	67	49.1	47.1	49.1	1441,105,10,16	366.5	39.4826965	73.5838723	4637.3
69	69	1.889	рюкзак-синий	13.2	26.1	порода-в-тени	0.301	12.7	-1.0	-1.0	1.4	bbox	68	76.1	76.1	82.1	641,161,10,19	366.1	39.4826924	73.5838759	4637.3
70	70	2.041	рюкзак-синий	14.6	25.9	порода-в-тени	0.320	12.9	-3.0	0.0	3.0	bbox	69	25.0	20.0	25.0	481,825,14,16	361.7	39.4824847	73.5841057	4638.2
71	71	1.623	рюкзак-синий	9.8	29.6	снег-освещённый	0.805	68.4	-3.0	-5.0	5.8	bbox	70	68.1	59.1	68.1	86,1061,10,19	359.2	39.4826936	73.5838755	4637.3
72	72	1.527	стакан-марка-красная	11.0	18.2	порода-в-тени	0.487	31.6	0.0	0.0	0.0	bbox	71	120.2	116.2	127.2	1318,453,10,18	358.0	39.4826929	73.5838759	4637.3
73	73	1.535	стакан-марка-красная	12.0	9.0	порода-в-тени	0.762	40.8	-1.0	0.5	1.1	bbox	72	137.2	131.2	139.2	1019,787,6,22	356.6	39.4826912	73.5838752	4637.3
74	74	1.735	стакан-марка-красная	11.0	29.4	порода-в-тени	0.280	20.4	0.0	0.0	0.0	bbox	73	97.1	97.1	97.1	1714,945,15,8	354.7	39.4826930	73.5838760	4637.3
75	75	1.807	стакан-марка-красная	14.0	12.2	порода-в-тени	0.641	37.6	-3.0	0.0	3.0	bbox	74	88.1	82.1	92.1	1617,711,6,22	350.9	39.4826925	73.5838759	4637.4
76	76	1.726	стакан-марка-красная	11.0	29.0	порода-в-тени	0.280	20.8	0.0	0.0	0.0	bbox	75	99.1	94.1	100.1	801,593,15,8	348.8	39.4826935	73.5838766	4637.3
77	77	0.738	рюкзак-синий	5.4	8.5	снег-в-тени	0.178	47.3	-1.0	-9.0	9.1	bbox	76	140.2	139.2	140.2	1361,89,16,8	347.9	39.4826914	73.5838757	4637.3
78	78	1.501	стакан-марка-красная	11.0	16.5	порода-в-тени	0.540	33.3	0.0	0.0	0.0	bbox	77	143.2	143.2	143.2	1009,689,9,16	347.1	39.4826921	73.5838765	4637.3
79	79	1.932	палка-древко-контроль	10.8	38.8	снег-пересвеченный	0.442	80.4	-4.0	-5.0	6.4	bbox	78	142.2	142.2	142.2	1133,286,16,16	345.8	39.4826919	73.5838764	4637.3
80	80	1.688	рюкзак-синий	11.7	23.6	снег-освещённый	0.798	62.4	-3.0	-3.0	4.2	bbox	79	73.1	73.1	73.1	602,715,20,10	338.3	39.4826925	73.5838756	4637.3
81	81	1.871	рюкзак-синий	14.6	12.1	порода-в-тени	0.285	26.7	-3.0	0.0	3.0	bbox	80	80.1	80.1	80.1	1777,945,6,16	330.0	39.4826924	73.5838763	4637.3
82	82	0.975	рюкзак-синий	7.3	9.8	снег-в-тени	0.179	48.6	-1.0	-7.0	7.1	bbox	81	57.1	52.1	57.1	1203,993,14,15	327.8	39.4826950	73.5838743	4637.3
83	83	1.040	рюкзак-синий	7.2	14.5	снег-в-тени	0.424	53.3	-3.0	-8.0	8.5	bbox	82	104.2	102.1	108.2	667,187,18,13	324.5	39.4826927	73.5838764	4637.3
84	84	1.031	рюкзак-синий	8.2	0.0	снег-в-тени	0.425	38.8	-1.0	-6.0	6.1	bbox	83	29.0	28.0	29.0	865,177,14,8	322.8	39.4824836	73.5841049	4638.2
85	85	1.743	стакан-марка-красная	11.0	29.8	порода-в-тени	0.280	20.0	0.0	0.0	0.0	bbox	84	68.1	68.1	69.1	1913,20,7,13	317.9	39.4826936	73.5838755	4637.3
86	86	1.755	рюкзак-синий	13.6	12.1	порода-в-тени	0.256	26.7	-3.0	-1.0	3.2	bbox	85	77.1	77.1	77.1	1713,561,6,16	317.4	39.4826925	73.5838761	4637.3
87	87	1.884	рюкзак-синий	14.3	16.4	порода-в-тени	0.143	22.4	-2.0	0.0	2.0	bbox	86	74.1	74.1	77.1	711,395,10,14	310.9	39.4826926	73.5838757	4637.3
88	88	1.880	стакан-марка-красная	15.0	1.2	порода-в-тени	1.046	48.6	-4.0	0.0	4.0	bbox	87	35.1	34.0	37.1	1895,993,6,32	308.1	39.4824841	73.5841050	4638.2
89	89	1.516	стакан-марка-красная	12.0	6.1	порода-в-тени	0.879	43.7	-1.0	1.0	1.4	bbox	88	110.2	104.2	112.2	1577,921,9,14	306.7	39.4826925	73.5838760	4637.3
90	90	0.507	рюкзак-синий	4.0	2.3	снег-в-тени	0.492	36.5	1.0	-10.0	10.0	bbox	89	138.2	137.2	142.2	1170,115,28,5	306.4	39.4826908	73.5838757	4637.3
91	91	1.832	рюкзак-синий	14.6	5.9	порода-в-тени	0.482	32.9	-3.0	0.0	3.0	bbox	90	59.1	55.1	68.1	73,413,8,12	301.6	39.4826950	73.5838754	4637.3
92	92	2.026	рюкзак-синий	10.8	42.4	снег-пересвеченный	0.380	81.2	-3.0	-4.0	5.0	bbox	91	124.2	119.2	125.2	1569,996,12,13	297.7	39.4826928	73.5838751	4637.3
93	93	0.909	рюкзак-синий	6.0	14.1	снег-в-тени	0.270	52.9	-1.5	-8.5	8.6	bbox	92	33.0	33.0	33.0	55,241,10,8	293.4	39.4824836	73.5841048	4638.2
94	94	1.670	стакан-марка-красная	10.2	30.2	порода-в-тени	0.376	19.6	1.0	-1.0	1.4	bbox	93	50.1	50.1	50.1	1585,719,6,20	287.6	39.4826959	73.5838730	4637.3
95	95	1.656	стакан-марка-красная	13.0	8.2	порода-в-тени	0.766	41.6	-2.0	0.0	2.0	bbox	94	115.2	113.2	119.2	1553,449,9,24	286.2	39.4826935	73.5838767	4637.3
96	96	1.997	рюкзак-синий	13.0	32.3	порода-в-тени	0.557	6.5	0.0	-1.0	1.0	bbox	95	62.1	62.1	62.1	865,373,8,10	285.9	39.4826950	73.5838758	4637.4
97	97	1.946	рюкзак-синий	13.0	29.8	порода-в-тени	0.477	9.0	0.0	-1.0	1.0	bbox	96	49.1	46.1	49.1	523,763,10,15	283.9	39.4826965	73.5838723	4637.3
98	98	1.549	стакан-марка-красная	11.0	20.0	порода-в-тени	0.488	29.8	0.0	1.0	1.0	bbox	97	116.2	116.2	122.2	1697,303,8,18	282.8	39.4826935	73.5838766	4637.3
99	99	1.252	рюкзак-синий	5.1	30.2	порода-в-тени	1.194	8.6	2.0	-9.0	9.2	bbox	98	0.0	0.0	3.0	33,181,8,10	276.6	39.4824853	73.5841073	4638.2
100	100	0.749	рюкзак-синий	5.1	11.0	снег-в-тени	0.144	49.8	0.0	-9.0	9.0	bbox	99	92.1	92.1	98.1	863,0,18,5	276.6	39.4826922	73.5838752	4637.3
101	101	0.981	рюкзак-синий	6.3	16.3	порода-в-тени	0.887	22.5	-1.0	-8.0	8.1	bbox	100	95.1	95.1	100.1	1179,38,22,7	274.7	39.4826925	73.5838753	4637.3
102	102	1.992	рюкзак-синий	14.3	24.5	порода-в-тени	0.251	14.3	-2.0	0.0	2.0	bbox	101	19.0	17.0	20.0	577,601,4,24	274.4	39.4824851	73.5841066	4638.2
103	103	1.936	рюкзак-синий	12.0	34.1	порода-в-тени	0.626	4.7	0.0	-2.0	2.0	bbox	102	51.1	51.1	57.1	153,705,8,8	273.6	39.4826957	73.5838733	4637.3
104	104	1.841	рюкзак-синий	13.6	19.8	порода-в-тени	0.134	19.0	-3.0	-1.0	3.2	bbox	103	80.1	79.1	80.1	1849,996,8,13	271.9	39.4826924	73.5838763	4637.3
105	105	1.505	стакан-марка-красная	12.0	0.4	снег-в-тени	1.011	50.2	-1.0	0.0	1.0	bbox	104	124.2	122.2	127.2	1140,221,9,17	271.6	39.4826928	73.5838751	4637.3
106	106	0.699	рюкзак-синий	5.1	8.1	снег-в-тени	0.129	46.9	0.0	-9.0	9.0	bbox	105	128.2	128.2	128.2	1297,225,14,6	270.6	39.4826925	73.5838741	4637.3
107	107	1.213	рюкзак-синий	7.0	23.5	порода-в-тени	0.858	15.3	1.0	-7.0	7.1	bbox	106	10.0	10.0	17.0	136,51,9,20	270.0	39.4824852	73.5841073	4638.2
108	108	0.975	рюкзак-синий	6.0	17.4	снег-в-тени	0.952	21.4	1.0	-8.0	8.1	bbox	107	109.2	102.1	109.2	433,687,5,18	269.2	39.4826927	73.5838764	4637.3
109	109	1.485	стакан-марка-красная	11.0	15.3	порода-в-тени	0.576	34.5	0.0	0.0	0.0	bbox	108	114.2	113.2	115.2	1700,120,13,9	268.8	39.4826933	73.5838764	4637.3
110	110	1.755	стакан-марка-красная	14.0	1.6	порода-в-тени	1.010	48.2	-3.0	0.0	3.0	bbox	109	110.2	103.2	111.2	1590,972,5,29	266.6	39.4826925	73.5838760	4637.3
111	111	0.603	рюкзак-синий	4.0	9.4	снег-в-тени	0.280	48.2	1.0	-10.0	10.0	bbox	110	142.2	136.2	142.2	1343,161,12,7	266.3	39.4826919	73.5838764	4637.3
112	112	0.772	рюкзак-синий	6.1	3.7	снег-в-тени	0.188	42.5	0.0	-8.0	8.0	bbox	111	107.2	102.1	109.2	519,705,10,15	265.2	39.4826925	73.5838764	4637.3
113	113	0.580	рюкзак-синий	4.5	4.3	снег-в-тени	0.325	43.1	-1.0	-10.0	10.0	bbox	112	137.2	137.2	140.2	1255,0,12,7	254.7	39.4826912	73.5838752	4637.3
114	114	2.132	стакан-марка-красная	11.0	45.5	порода-в-тени	0.639	4.3	0.0	0.0	0.0	bbox	113	60.1	58.1	60.1	913,289,8,8	253.9	39.4826951	73.5838757	4637.3
115	115	1.792	стакан-марка-красная	14.0	10.2	порода-в-тени	0.708	39.6	-3.0	0.0	3.0	bbox	114	94.1	87.1	96.1	1809,789,7,12	252.8	39.4826922	73.5838751	4637.3
116	116	1.456	стакан-марка-красная	11.0	12.9	порода-в-тени	0.651	36.9	0.0	0.0	0.0	bbox	115	121.2	121.2	130.2	1159,55,10,13	252.3	39.4826930	73.5838755	4637.3
117	117	0.882	рюкзак-синий	6.1	12.5	снег-в-тени	0.769	26.3	0.0	-8.0	8.0	bbox	116	93.1	91.1	97.1	721,369,16,9	251.5	39.4826922	73.5838750	4637.3
118	118	1.031	рюкзак-синий	8.2	0.8	снег-в-тени	0.447	38.0	-1.0	-6.0	6.1	bbox	117	32.0	32.0	32.0	945,449,16,8	249.1	39.4824835	73.5841047	4638.2
119	119	1.931	рюкзак-синий	13.0	29.0	порода-в-тени	0.454	9.8	0.0	-1.0	1.0	bbox	118	100.1	100.1	100.1	1217,145,6,16	248.8	39.4826933	73.5838765	4637.3
120	120	1.875	рюкзак-синий	14.9	7.1	порода-в-тени	0.952	45.9	-4.0	0.0	4.0	bbox	119	91.1	89.1	92.1	1713,969,8,9	248.4	39.4826922	73.5838754	4637.3
121	121	1.039	рюкзак-синий	8.2	3.7	снег-в-тени	0.337	42.5	-1.0	-6.0	6.1	bbox	120	24.0	16.0	24.0	529,1041,15,16	247.9	39.4824848	73.5841061	4638.2
122	122	1.770	рюкзак-синий	13.3	16.6	порода-в-тени	0.063	22.2	-2.0	-1.0	2.2	bbox	121	76.1	72.1	76.1	485,673,12,8	247.2	39.4826924	73.5838759	4637.3
123	123	0.849	рюкзак-синий	6.1	10.6	снег-в-тени	0.699	28.2	0.0	-8.0	8.0	bbox	122	119.2	116.2	119.2	74,258,19,11	245.8	39.4826934	73.5838762	4637.3
124	124	1.929	палка-древко-контроль	15.3	7.0	порода-в-тени	1.083	48.6	-5.0	0.0	5.0	bbox	123	142.2	142.2	142.2	393,1002,8,18	245.8	39.4826919	73.5838764	4637.3
125	125	1.843	стакан-марка-красная	12.0	29.8	порода-в-тени	0.177	20.0	-1.0	0.0	1.0	bbox	124	144.2	144.2	144.2	1661,761,20,8	245.6	39.4826922	73.5838765	4637.3
126	126	1.716	рюкзак-синий	13.3	11.3	порода-в-тени	0.252	27.5	-2.0	-1.0	2.2	bbox	125	73.1	73.1	73.1	1769,241,8,8	244.5	39.4826925	73.5838756	4637.3
127	127	1.452	стакан-марка-красная	11.0	12.5	порода-в-тени	0.664	37.3	0.0	0.0	0.0	bbox	126	106.2	105.2	109.2	1829,785,9,22	243.4	39.4826924	73.5838764	4637.3
128	128	1.092	рюкзак-синий	7.2	17.3	снег-в-тени	0.478	56.1	-3.0	-8.0	8.5	bbox	127	124.2	123.2	127.2	1633,177,14,16	242.6	39.4826928	73.5838751	4637.3
129	129	0.886	рюкзак-синий	7.1	1.7	снег-в-тени	0.403	37.1	0.0	-7.0	7.0	bbox	128	52.1	52.1	55.1	89,773,10,13	238.1	39.4826954	73.5838734	4637.3
130	130	1.499	стакан-марка-красная	11.5	11.4	порода-в-тени	0.682	38.4	-0.5	0.0	0.5	bbox	129	137.2	137.2	141.2	1020,657,5,16	234.0	39.4826912	73.5838752	4637.3
131	131	0.645	рюкзак-синий	5.0	4.5	снег-в-тени	0.513	34.3	1.0	-9.0	9.1	bbox	130	142.2	142.2	144.2	1252,219,13,6	233.6	39.4826919	73.5838764	4637.3
132	132	2.014	рюкзак-синий	13.5	30.6	порода-в-тени	0.505	8.2	0.0	-0.5	0.5	bbox	131	33.0	33.0	33.0	1001,161,9,8	233.0	39.4824836	73.5841048	4638.2
133	133	1.099	рюкзак-синий	5.1	25.1	порода-в-тени	1.143	13.7	2.0	-9.0	9.2	bbox	132	15.0	15.0	24.0	465,26,8,11	232.6	39.4824854	73.5841071	4638.2
134	134	1.513	стакан-марка-красная	12.0	4.3	порода-в-тени	0.913	45.5	-1.0	0.0	1.0	bbox	133	142.2	142.2	142.2	1098,945,6,13	231.1	39.4826919	73.5838764	4637.3
135	135	1.075	рюкзак-синий	6.0	21.5	порода-в-тени	0.959	17.3	1.0	-8.0	8.1	bbox	134	122.2	122.2	127.2	305,33,18,8	229.7	39.4826930	73.5838754	4637.3
136	136	1.910	рюкзак-синий	12.0	32.9	порода-в-тени	0.589	5.9	0.0	-2.0	2.0	bbox	135	25.0	18.0	25.0	785,849,8,8	228.2	39.4824847	73.5841057	4638.2
137	137	1.977	рюкзак-синий	13.0	31.3	порода-в-тени	0.526	7.5	0.0	-1.0	1.0	bbox	136	50.1	44.1	50.1	393,887,8,14	223.8	39.4826959	73.5838730	4637.3
138	138	1.860	рюкзак-синий	14.9	2.0	порода-в-тени	0.780	40.8	-4.0	0.0	4.0	bbox	137	68.1	61.1	69.1	145,997,8,12	223.1	39.4826936	73.5838755	4637.3
139	139	1.201	рюкзак-синий	8.2	17.2	порода-в-тени	0.639	21.6	-1.0	-6.0	6.1	bbox	138	87.1	86.1	91.1	744,193,13,13	222.7	39.4826926	73.5838760	4637.3
140	140	2.060	рюкзак-синий	13.0	35.3	порода-в-тени	0.652	3.5	0.0	-1.0	1.0	bbox	139	81.1	78.1	81.1	1729,361,8,8	220.8	39.4826924	73.5838763	4637.3
141	141	1.728	стакан-марка-красная	13.0	16.1	порода-в-тени	0.492	33.7	-2.0	0.0	2.0	bbox	140	96.1	94.1	96.1	1478,1030,11,17	218.9	39.4826930	73.5838760	4637.3
142	142	0.791	рюкзак-синий	5.1	13.1	снег-в-тени	0.800	25.7	0.0	-9.0	9.0	bbox	141	119.2	117.2	119.2	9,321,9,10	218.3	39.4826934	73.5838762	4637.3
143	143	1.348	рюкзак-синий	8.2	24.3	снег-в-тени	0.615	63.1	-1.0	-6.0	6.1	bbox	142	117.2	116.2	127.2	1353,81,14,12	215.3	39.4826935	73.5838765	4637.3
144	144	0.839	рюкзак-синий	6.7	0.8	снег-в-тени	0.385	39.6	-2.0	-8.0	8.2	bbox	143	122.2	122.2	126.2	529,171,10,8	215.2	39.4826930	73.5838754	4637.3
145	145	0.916	рюкзак-синий	6.3	13.0	снег-в-тени	0.189	51.8	-1.0	-8.0	8.1	bbox	144	104.2	104.2	109.2	827,225,25,8	213.0	39.4826927	73.5838764	4637.3
146	146	0.794	рюкзак-синий	5.4	11.8	снег-в-тени	0.203	50.6	-1.0	-9.0	9.1	bbox	145	103.2	102.1	107.2	743,111,6,12	212.3	39.4826927	73.5838764	4637.3
147	147	1.906	рюкзак-синий	13.6	24.1	порода-в-тени	0.239	14.7	-3.0	-1.0	3.2	bbox	146	25.0	24.0	26.0	369,889,8,8	212.0	39.4824847	73.5841057	4638.2
148	148	0.692	рюкзак-синий	4.1	12.9	снег-в-тени	0.822	25.9	0.0	-10.0	10.0	bbox	147	127.2	126.2	127.2	631,231,24,6	211.8	39.4826925	73.5838745	4637.3
149	149	0.763	рюкзак-синий	5.8	6.3	снег-в-тени	0.296	45.1	-2.0	-9.0	9.2	bbox	148	144.2	144.2	144.2	1841,169,8,8	211.7	39.4826922	73.5838765	4637.3
150	150	0.791	рюкзак-синий	6.3	1.0	снег-в-тени	0.312	39.8	-1.0	-8.0	8.1	bbox	149	104.2	104.2	105.2	889,51,16,4	211.3	39.4826927	73.5838764	4637.3
151	151	0.849	рюкзак-синий	5.1	15.7	снег-в-тени	0.270	54.5	0.0	-9.0	9.0	bbox	150	130.2	128.2	130.2	193,325,6,10	211.0	39.4826926	73.5838742	4637.3
152	152	1.969	рюкзак-синий	13.5	28.2	порода-в-тени	0.435	10.6	0.0	-0.5	0.5	bbox	151	39.1	39.1	39.1	159,354,10,15	210.7	39.4825305	73.5840980	4637.3
153	153	0.763	рюкзак-синий	6.0	3.9	снег-в-тени	0.477	34.9	1.0	-8.0	8.1	bbox	152	114.2	114.2	114.2	1753,32,8,14	210.7	39.4826933	73.5838764	4637.3
154	154	1.853	стакан-марка-красная	13.0	24.7	порода-в-тени	0.209	25.1	-2.0	0.0	2.0	bbox	153	80.1	80.1	83.1	1729,481,8,8	210.1	39.4826924	73.5838763	4637.3
155	155	1.776	рюкзак-синий	13.9	9.8	снег-в-тени	1.008	48.6	-4.0	-1.0	4.1	bbox	154	35.1	34.0	37.1	1904,785,5,28	207.8	39.4824841	73.5841050	4638.2
156	156	0.936	рюкзак-синий	6.0	15.7	снег-в-тени	0.890	23.1	1.0	-8.0	8.1	bbox	155	74.1	74.1	74.1	539,369,6,14	207.0	39.4826926	73.5838757	4637.3
157	157	2.096	рюкзак-синий	14.3	30.6	порода-в-тени	0.452	8.2	-2.0	0.0	2.0	bbox	156	41.1	41.1	41.1	1857,9,7,12	203.7	39.4826045	73.5840514	4637.3
158	158	1.779	рюкзак-синий	13.0	20.0	порода-в-тени	0.256	18.8	0.0	-1.0	1.0	bbox	157	38.1	38.1	38.1	53,385,11,11	202.2	39.4825027	73.5841014	4638.0
159	159	2.007	стакан-марка-красная	11.0	40.8	порода-в-тени	0.493	9.0	0.0	0.0	0.0	bbox	158	50.1	50.1	50.1	1522,985,7,8	196.1	39.4826959	73.5838730	4637.3
160	160	0.841	рюкзак-синий	6.3	8.1	снег-в-тени	0.129	46.9	-1.0	-8.0	8.1	bbox	159	127.2	127.2	127.2	691,509,14,4	195.6	39.4826925	73.5838745	4637.3
161	161	2.024	рюкзак-синий	13.3	32.1	порода-в-тени	0.490	6.7	-2.0	-1.0	2.2	bbox	160	77.1	77.1	82.1	577,305,14,4	195.5	39.4826925	73.5838761	4637.3
162	162	1.732	стакан-марка-красная	11.2	28.6	порода-в-тени	0.252	21.2	0.0	-1.0	1.0	bbox	161	37.1	37.1	37.1	1903,1049,8,8	194.1	39.4824894	73.5841033	4638.2
163	163	1.385	стакан-марка-красная	11.0	3.1	порода-в-тени	0.979	46.7	0.0	0.0	0.0	bbox	162	122.2	114.2	124.2	1325,903,7,10	191.8	39.4826930	73.5838754	4637.3
164	164	1.006	рюкзак-синий	6.4	17.1	снег-в-тени	0.489	55.9	-3.0	-9.0	9.5	bbox	163	104.2	104.2	104.2	41,249,8,8	189.1	39.4826927	73.5838764	4637.3
165	165	0.977	рюкзак-синий	7.3	10.0	снег-в-тени	0.700	28.8	-1.0	-7.0	7.1	bbox	164	32.0	32.0	32.0	753,441,8,7	188.9	39.4824835	73.5841047	4638.2
166	166	1.257	рюкзак-синий	7.3	24.3	порода-в-тени	0.789	14.5	-1.0	-7.0	7.1	bbox	165	17.0	17.0	19.0	523,139,12,6	188.4	39.4824852	73.5841065	4638.2
167	167	1.978	рюкзак-синий	13.3	29.8	порода-в-тени	0.406	9.0	-2.0	-1.0	2.2	bbox	166	22.0	22.0	22.0	505,649,8,10	188.3	39.4824847	73.5841065	4638.2
168	168	1.715	рюкзак-синий	13.6	6.3	порода-в-тени	0.891	45.1	-3.0	-1.0	3.2	bbox	167	82.1	82.1	82.1	1873,1059,6,14	186.6	39.4826923	73.5838763	4637.3
169	169	1.814	стакан-марка-красная	11.0	32.9	порода-в-тени	0.307	16.9	0.0	0.0	0.0	bbox	168	132.2	131.2	132.2	1123,1066,10,14	184.9	39.4826926	73.5838744	4637.3
170	170	1.991	стакан-марка-красная	13.9	27.1	порода-в-тени	0.879	22.7	-2.0	6.0	6.3	bbox	169	103.2	94.1	103.2	725,933,12,6	184.0	39.4826927	73.5838764	4637.3
171	171	0.760	рюкзак-синий	6.1	0.4	снег-в-тени	0.307	39.2	0.0	-8.0	8.0	bbox	170	85.1	85.1	85.1	843,61,8,9	182.0	39.4826926	73.5838760	4637.3
172	172	2.029	рюкзак-синий	13.8	30.2	порода-в-тени	0.460	8.6	-3.5	-1.0	3.6	bbox	171	77.1	73.1	79.1	761,433,8,8	181.6	39.4826925	73.5838761	4637.3
173	173	1.897	рюкзак-синий	14.3	17.6	порода-в-тени	0.128	21.2	-2.0	0.0	2.0	bbox	172	46.1	46.1	54.1	1425,753,8,8	181.4	39.4826924	73.5838826	4637.3
174	174	1.133	палка-древко-контроль	8.1	14.5	снег-в-тени	0.581	56.1	-4.0	-8.0	8.9	bbox	173	121.2	121.2	121.2	1565,29,4,20	180.8	39.4826930	73.5838755	4637.3
175	175	2.018	рюкзак-синий	13.0	33.3	порода-в-тени	0.588	5.5	0.0	-1.0	1.0	bbox	174	61.1	56.1	61.1	918,417,13,18	180.4	39.4826951	73.5838760	4637.3
176	176	0.734	рюкзак-синий	5.9	1.6	снег-в-тени	0.299	40.4	-1.0	-8.5	8.6	bbox	175	105.2	105.2	108.2	707,113,9,8	180.3	39.4826926	73.5838764	4637.3
177	177	1.527	стакан-марка-красная	11.2	17.3	порода-в-тени	0.501	32.5	0.0	-1.0	1.0	bbox	176	103.2	103.2	103.2	1873,25,6,8	179.6	39.4826927	73.5838764	4637.3
178	178	1.693	стакан-марка-красная	10.0	31.8	порода-в-тени	0.404	18.0	1.0	0.0	1.0	bbox	177	86.1	85.1	88.1	647,263,9,6	178.7	39.4826926	73.5838760	4637.3
179	179	1.962	рюкзак-синий	14.3	22.5	порода-в-тени	0.193	16.3	-2.0	0.0	2.0	bbox	178	75.1	72.1	75.1	851,931,12,4	178.4	39.4826925	73.5838759	4637.3
180	180	0.908	рюкзак-синий	5.4	17.1	снег-в-тени	0.338	55.9	-1.0	-9.0	9.1	bbox	179	124.2	122.2	125.2	145,225,8,6	177.9	39.4826928	73.5838751	4637.3
181	181	1.017	рюкзак-синий	7.0	14.5	порода-в-тени	0.850	24.3	1.0	-7.0	7.1	bbox	180	123.2	122.2	124.2	593,145,14,8	177.4	39.4826928	73.5838752	4637.3
182	182	1.113	рюкзак-синий	7.2	18.3	снег-в-тени	0.500	57.1	-3.0	-8.0	8.5	bbox	181	105.2	105.2	106.2	153,265,8,8	177.1	39.4826926	73.5838764	4637.3
183	183	2.014	рюкзак-синий	14.1	27.0	порода-в-тени	0.355	11.8	-1.0	0.0	1.0	bbox	182	46.1	44.1	47.1	1497,1009,7,8	177.0	39.4826924	73.5838826	4637.3
184	184	1.624	стакан-марка-красная	11.0	23.9	порода-в-тени	0.341	25.9	0.0	0.0	0.0	bbox	183	101.1	100.1	101.1	1825,105,8,8	176.9	39.4826933	73.5838763	4637.3
185	185	0.714	рюкзак-синий	5.4	6.7	снег-в-тени	0.195	45.5	-1.0	-9.0	9.1	bbox	184	137.2	136.2	138.2	1087,194,16,5	176.8	39.4826912	73.5838752	4637.3
186	186	1.401	стакан-марка-красная	11.0	6.7	порода-в-тени	0.859	43.1	0.0	0.0	0.0	bbox	185	119.2	119.2	121.2	1553,841,6,8	176.0	39.4826934	73.5838762	4637.3
187	187	2.167	рюкзак-синий	14.6	32.9	порода-в-тени	0.548	5.9	-3.0	0.0	3.0	bbox	186	73.1	73.1	74.1	865,953,6,8	175.3	39.4826925	73.5838756	4637.3
188	188	0.797	рюкзак-синий	5.4	11.9	снег-в-тени	0.768	26.9	-1.0	-9.0	9.1	bbox	187	137.2	135.2	140.2	1169,39,16,6	175.3	39.4826912	73.5838752	4637.3
189	189	0.860	рюкзак-синий	5.8	12.8	снег-в-тени	0.310	51.6	-2.0	-9.0	9.2	bbox	188	140.2	139.2	141.2	1425,107,16,8	175.2	39.4826914	73.5838757	4637.3
190	190	1.841	рюкзак-синий	13.6	19.8	порода-в-тени	0.134	19.0	-3.0	-1.0	3.2	bbox	189	42.1	42.1	42.1	1729,142,8,13	175.0	39.4826390	73.5840014	4637.3
191	191	2.150	рюкзак-синий	13.3	38.0	порода-в-тени	0.701	0.8	-2.0	-1.0	2.2	bbox	190	8.0	7.0	8.0	391,665,14,7	174.7	39.4824852	73.5841077	4638.2
192	192	0.759	рюкзак-синий	5.8	5.9	снег-в-тени	0.301	44.7	-2.0	-9.0	9.2	bbox	191	140.2	140.2	141.2	1185,11,14,6	174.6	39.4826914	73.5838757	4637.3
193	193	1.719	рюкзак-синий	13.6	7.1	порода-в-тени	0.919	45.9	-3.0	-1.0	3.2	bbox	192	96.1	96.1	97.1	1569,969,8,8	174.4	39.4826930	73.5838760	4637.3
194	194	1.633	стакан-марка-красная	13.0	2.7	порода-в-тени	0.960	47.1	-2.0	0.0	2.0	bbox	193	120.2	115.2	126.2	1408,512,7,16	174.2	39.4826929	73.5838759	4637.3
195	195	1.215	рюкзак-синий	5.6	27.8	порода-в-тени	1.114	11.0	2.0	-8.5	8.7	bbox	194	16.0	14.0	19.0	385,327,8,10	172.5	39.4824854	73.5841067	4638.2
196	196	1.184	рюкзак-синий	6.3	24.7	порода-в-тени	1.098	14.1	3.0	-8.0	8.5	bbox	195	21.0	14.0	21.0	515,931,6,8	172.4	39.4824847	73.5841065	4638.2
197	197	1.752	стакан-марка-красная	11.2	29.6	порода-в-тени	0.250	20.2	0.0	-1.0	1.0	bbox	196	49.1	49.1	50.1	1443,601,6,8	170.8	39.4826965	73.5838723	4637.3
198	198	1.967	стакан-марка-красная	11.0	39.2	порода-в-тени	0.448	10.6	0.0	0.0	0.0	bbox	197	48.1	48.1	48.1	1529,885,8,8	167.7	39.4826972	73.5838715	4637.3
199	199	2.017	рюкзак-синий	13.3	31.7	порода-в-тени	0.476	7.1	-2.0	-1.0	2.2	bbox	198	54.1	54.1	54.1	1297,1027,2,26	166.1	39.4826950	73.5838737	4637.3
200	200	1.145	рюкзак-синий	5.1	26.6	порода-в-тени	1.072	12.2	0.0	-9.0	9.0	bbox	199	2.0	0.0	2.0	107,740,6,9	165.7	39.4824855	73.5841076	4638.2
201	201	0.643	рюкзак-синий	5.1	2.4	снег-в-тени	0.268	41.2	0.0	-9.0	9.0	bbox	200	137.2	136.2	137.2	1089,341,9,6	165.1	39.4826912	73.5838752	4637.3
202	202	1.235	палка-древко-контроль	8.5	17.6	снег-в-тени	0.648	59.2	-4.0	-7.5	8.5	bbox	201	140.2	140.2	143.2	1505,865,8,8	165.1	39.4826914	73.5838757	4637.3
203	203	1.805	рюкзак-синий	12.4	26.1	порода-в-тени	0.301	12.7	-2.0	-2.0	2.8	bbox	202	24.0	24.0	24.0	665,721,24,2	164.1	39.4824848	73.5841061	4638.2
204	204	1.665	стакан-марка-красная	11.0	26.1	порода-в-тени	0.304	23.7	0.0	0.0	0.0	bbox	203	82.1	82.1	93.1	1865,106,8,7	163.7	39.4826923	73.5838763	4637.3
205	205	1.110	рюкзак-синий	7.3	17.8	порода-в-тени	0.761	21.0	-1.0	-7.0	7.1	bbox	204	113.2	111.2	113.2	769,285,16,4	163.7	39.4826931	73.5838763	4637.3
206	206	1.945	рюкзак-синий	14.3	21.3	порода-в-тени	0.163	17.5	-2.0	0.0	2.0	bbox	205	43.1	43.1	44.1	1753,83,8,10	163.0	39.4826551	73.5839732	4637.3
207	207	0.893	рюкзак-синий	7.1	3.5	снег-в-тени	0.464	35.3	0.0	-7.0	7.0	bbox	206	26.0	24.0	26.0	695,273,10,8	162.8	39.4824844	73.5841055	4638.2
208	208	0.941	рюкзак-синий	7.3	6.7	снег-в-тени	0.195	45.5	-1.0	-7.0	7.1	bbox	207	93.1	93.1	101.1	906,3,13,14	161.7	39.4826922	73.5838750	4637.3
209	209	0.987	рюкзак-синий	6.1	17.6	порода-в-тени	0.910	21.2	0.0	-8.0	8.0	bbox	208	93.1	92.1	100.1	737,72,10,9	160.0	39.4826922	73.5838750	4637.3
210	210	0.735	рюкзак-синий	5.4	8.3	снег-в-тени	0.179	47.1	-1.0	-9.0	9.1	bbox	209	127.2	125.2	130.2	385,307,6,9	160.0	39.4826925	73.5838745	4637.3
211	211	0.896	рюкзак-синий	6.0	13.7	снег-в-тени	0.820	25.1	1.0	-8.0	8.1	bbox	210	90.1	89.1	91.1	779,109,16,6	159.8	39.4826924	73.5838755	4637.3
212	212	1.646	рюкзак-синий	13.0	7.3	снег-в-тени	0.903	46.1	-4.0	-2.0	4.5	bbox	211	36.1	34.0	37.1	1910,713,5,24	159.1	39.4824852	73.5841049	4638.2
213	213	0.703	рюкзак-синий	5.4	5.7	снег-в-тени	0.212	44.5	-1.0	-9.0	9.1	bbox	212	124.2	124.2	124.2	1515,7,22,4	158.3	39.4826928	73.5838751	4637.3
214	214	1.307	рюкзак-синий	6.1	29.8	порода-в-тени	1.087	9.0	2.0	-8.0	8.2	bbox	213	13.0	12.0	17.0	201,229,8,9	156.4	39.4824855	73.5841072	4638.2
215	215	1.761	рюкзак-синий	14.1	1.5	порода-в-тени	0.618	37.3	-3.0	-0.5	3.0	bbox	214	101.1	101.1	101.1	1823,701,16,4	155.9	39.4826933	73.5838763	4637.3
216	216	1.530	стакан-марка-красная	11.0	18.4	порода-в-тени	0.481	31.4	0.0	0.0	0.0	bbox	215	116.2	114.2	120.2	1655,210,5,15	155.7	39.4826935	73.5838766	4637.3
217	217	1.680	рюкзак-синий	13.3	5.7	порода-в-тени	0.455	33.1	-2.0	-1.0	2.2	bbox	216	144.2	144.2	144.2	1788,893,5,12	154.3	39.4826922	73.5838765	4637.3
218	218	2.252	рюкзак-синий	15.3	33.3	порода-в-тени	0.588	5.5	-2.0	1.0	2.2	bbox	217	144.2	144.2	144.2	1825,788,3,13	154.1	39.4826922	73.5838765	4637.3
219	219	1.088	рюкзак-синий	7.3	16.7	снег-в-тени	0.327	55.5	-1.0	-7.0	7.1	bbox	218	136.2	136.2	139.2	1060,60,8,13	153.6	39.4826915	73.5838748	4637.3
220	220	1.353	рюкзак-синий	10.2	12.7	порода-в-тени	0.444	26.1	-1.0	-4.0	4.1	bbox	219	103.2	101.1	108.2	693,233,12,12	152.9	39.4826927	73.5838764	4637.3
221	221	0.942	рюкзак-синий	5.4	18.5	снег-в-тени	0.381	57.3	-1.0	-9.0	9.1	bbox	220	106.2	103.2	110.2	731,356,15,6	152.2	39.4826924	73.5838764	4637.3
222	222	0.886	рюкзак-синий	7.1	1.8	снег-в-тени	0.286	40.6	0.0	-7.0	7.0	bbox	221	118.2	118.2	121.2	761,105,8,12	150.8	39.4826934	73.5838764	4637.3
223	223	1.581	стакан-марка-красная	11.0	21.6	порода-в-тени	0.396	28.2	0.0	0.0	0.0	bbox	222	132.2	132.2	133.2	918,258,6,14	150.1	39.4826926	73.5838744	4637.3
224	224	1.095	рюкзак-синий	8.1	12.0	снег-в-тени	0.272	50.8	0.0	-6.0	6.0	bbox	223	65.1	65.1	67.1	1889,0,8,9	149.9	39.4826947	73.5838761	4637.3
225	225	1.768	стакан-марка-красная	14.0	6.1	снег-освещённый	0.924	55.9	-3.0	0.0	3.0	bbox	224	115.2	115.2	115.2	1529,76,10,5	149.7	39.4826935	73.5838767	4637.3
226	226	2.173	рюкзак-синий	14.3	34.5	порода-в-тени	0.588	4.3	-2.0	0.0	2.0	bbox	225	32.0	32.0	32.0	830,1033,11,11	149.4	39.4824835	73.5841047	4638.2
227	227	2.051	рюкзак-синий	13.0	34.9	порода-в-тени	0.639	3.9	0.0	-1.0	1.0	bbox	226	56.1	56.1	56.1	49,1019,6,6	149.2	39.4826949	73.5838741	4637.3
228	228	2.043	рюкзак-синий	13.0	34.5	порода-в-тени	0.627	4.3	0.0	-1.0	1.0	bbox	227	37.1	37.1	37.1	505,1057,8,5	149.0	39.4824894	73.5841033	4638.2
229	229	0.997	рюкзак-синий	5.0	21.7	порода-в-тени	1.075	17.1	1.0	-9.0	9.1	bbox	228	95.1	95.1	102.1	728,68,9,8	148.7	39.4826925	73.5838753	4637.3
230	230	2.165	рюкзак-синий	14.3	34.1	порода-в-тени	0.574	4.7	-2.0	0.0	2.0	bbox	229	27.0	21.0	27.0	811,969,6,14	148.3	39.4824840	73.5841053	4638.2
231	231	1.307	рюкзак-синий	6.1	29.8	порода-в-тени	0.997	9.0	0.0	-8.0	8.0	bbox	230	122.2	120.2	123.2	1312,245,7,8	146.9	39.4826930	73.5838754	4637.3
232	232	1.688	стакан-марка-красная	10.2	31.0	порода-в-тени	0.379	18.8	1.0	-1.0	1.4	bbox	231	48.1	45.1	48.1	1471,529,6,16	146.6	39.4826972	73.5838715	4637.3
233	233	0.951	рюкзак-синий	5.2	19.4	порода-в-тени	1.018	19.4	-0.5	-9.0	9.0	bbox	232	86.1	86.1	86.1	569,297,8,7	145.0	39.4826926	73.5838760	4637.3
234	234	0.776	рюкзак-синий	6.1	4.3	снег-в-тени	0.475	34.5	0.0	-8.0	8.0	bbox	233	87.1	86.1	95.1	793,157,8,7	144.6	39.4826926	73.5838760	4637.3
235	235	1.245	рюкзак-синий	6.0	27.8	порода-в-тени	1.010	11.0	1.0	-8.0	8.1	bbox	234	122.2	122.2	122.2	1599,48,17,5	142.3	39.4826930	73.5838754	4637.3
236	236	1.036	рюкзак-синий	8.2	3.0	снег-в-тени	0.353	41.8	-1.0	-6.0	6.1	bbox	235	31.0	31.0	31.0	681,561,8,8	141.9	39.4824834	73.5841047	4638.2
237	237	1.080	рюкзак-синий	6.0	21.7	порода-в-тени	0.959	17.1	1.0	-8.0	8.1	bbox	236	101.1	99.1	102.1	841,91,8,6	141.9	39.4826933	73.5838763	4637.3
238	238	2.267	рюкзак-синий	15.3	34.1	порода-в-тени	0.614	4.7	-2.0	1.0	2.2	bbox	237	102.1	102.1	102.1	1882,117,13,5	141.8	39.4826927	73.5838763	4637.3
239	239	1.843	рюкзак-синий	12.0	29.8	порода-в-тени	0.493	9.0	0.0	-2.0	2.0	bbox	238	39.1	39.1	39.1	159,265,10,9	141.2	39.4825305	73.5840980	4637.3
240	240	2.060	рюкзак-синий	13.0	35.3	порода-в-тени	0.652	3.5	0.0	-1.0	1.0	bbox	239	80.1	80.1	80.1	850,231,9,6	140.1	39.4826924	73.5838763	4637.3
241	241	0.965	рюкзак-синий	6.7	13.4	снег-в-тени	0.294	52.2	-2.0	-8.0	8.2	bbox	240	140.2	140.2	140.2	1591,676,3,29	140.0	39.4826914	73.5838757	4637.3
242	242	0.830	рюкзак-синий	6.3	7.0	снег-в-тени	0.586	31.8	-1.0	-8.0	8.1	bbox	241	87.1	87.1	87.1	854,75,9,7	139.9	39.4826926	73.5838760	4637.3
243	243	0.767	рюкзак-синий	6.1	2.7	снег-в-тени	0.419	36.1	0.0	-8.0	8.0	bbox	242	33.0	33.0	33.0	370,175,11,6	138.5	39.4824836	73.5841048	4638.2
244	244	1.763	стакан-марка-красная	12.0	25.7	порода-в-тени	0.221	24.1	-1.0	0.0	1.0	bbox	243	93.1	93.1	94.1	1908,925,12,4	138.5	39.4826922	73.5838750	4637.3
245	245	1.099	рюкзак-синий	5.1	25.1	порода-в-тени	1.143	13.7	2.0	-9.0	9.2	bbox	244	126.2	126.2	126.2	627,152,11,5	138.2	39.4826929	73.5838746	4637.3
246	246	0.859	рюкзак-синий	6.3	9.4	снег-в-тени	0.126	48.2	-1.0	-8.0	8.1	bbox	245	130.2	130.2	130.2	1583,279,10,6	138.0	39.4826926	73.5838742	4637.3
247	247	1.075	рюкзак-синий	6.0	21.5	порода-в-тени	0.959	17.3	1.0	-8.0	8.1	bbox	246	46.1	45.1	49.1	632,441,7,8	136.6	39.4826924	73.5838826	4637.3
248	248	1.567	стакан-марка-красная	12.0	12.2	порода-в-тени	0.641	37.6	-1.0	0.0	1.0	bbox	247	102.1	102.1	102.1	1915,661,5,11	134.4	39.4826927	73.5838763	4637.3
249	249	1.161	рюкзак-синий	6.9	21.6	снег-в-тени	0.548	60.4	-2.5	-8.0	8.4	bbox	248	140.2	140.2	140.2	1689,337,8,8	134.2	39.4826914	73.5838757	4637.3
250	250	1.412	рюкзак-синий	6.1	33.3	порода-в-тени	1.140	5.5	2.0	-8.0	8.2	bbox	249	137.2	135.2	141.2	1534,29,8,6	134.2	39.4826912	73.5838752	4637.3
251	251	1.878	рюкзак-синий	13.6	22.3	порода-в-тени	0.188	16.5	-3.0	-1.0	3.2	bbox	250	75.1	75.1	79.1	729,401,6,6	133.6	39.4826925	73.5838759	4637.3
252	252	1.011	рюкзак-синий	7.1	13.7	снег-в-тени	0.211	52.5	0.0	-7.0	7.0	bbox	251	130.2	130.2	130.2	1016,96,7,7	133.5	39.4826926	73.5838742	4637.3
253	253	1.896	палка-древко-контроль	15.0	7.8	порода-в-тени	1.285	49.4	-8.0	0.0	8.0	bbox	252	139.2	138.2	140.2	1785,39,16,6	133.2	39.4826912	73.5838756	4637.3
254	254	0.944	рюкзак-синий	6.0	16.1	снег-в-тени	0.904	22.7	1.0	-8.0	8.1	bbox	253	122.2	121.2	122.2	1428,138,13,5	131.8	39.4826930	73.5838754	4637.3
255	255	1.619	рюкзак-синий	9.8	29.4	снег-освещённый	0.809	68.2	-3.0	-5.0	5.8	bbox	254	63.1	56.1	64.1	33,849,8,16	131.4	39.4826947	73.5838759	4637.4
256	256	1.267	рюкзак-синий	7.0	25.7	порода-в-тени	0.878	13.1	1.0	-7.0	7.1	bbox	255	0.0	0.0	0.0	84,321,9,8	129.0	39.4824853	73.5841073	4638.2
257	257	1.625	стакан-марка-красная	10.2	28.2	порода-в-тени	0.377	21.6	1.0	-1.0	1.4	bbox	256	70.1	70.1	70.1	1745,629,8,4	128.3	39.4826932	73.5838756	4637.4
258	258	1.804	рюкзак-синий	14.3	6.4	порода-в-тени	0.568	32.4	-5.0	-1.0	5.1	bbox	257	0.0	0.0	0.0	85,865,10,8	127.8	39.4824853	73.5841073	4638.2
259	259	1.269	палка-древко-контроль	8.9	16.8	снег-в-тени	0.640	58.4	-4.0	-7.0	8.1	bbox	258	137.2	137.2	137.2	1321,561,8,8	127.7	39.4826912	73.5838752	4637.3
260	260	1.449	рюкзак-синий	8.7	26.7	снег-в-тени	0.716	65.5	-1.0	-5.5	5.6	bbox	259	133.2	132.2	133.2	1019,81,4,14	127.4	39.4826927	73.5838745	4637.3
261	261	1.824	стакан-марка-красная	11.1	33.1	порода-в-тени	0.290	16.7	0.0	-0.5	0.5	bbox	260	100.1	98.1	100.1	817,961,8,6	127.1	39.4826933	73.5838765	4637.3
262	262	1.752	стакан-марка-красная	11.2	29.6	порода-в-тени	0.250	20.2	0.0	-1.0	1.0	bbox	261	48.1	48.1	49.1	1433,673,8,8	125.7	39.4826972	73.5838715	4637.3
263	263	1.069	рюкзак-синий	6.4	19.8	снег-в-тени	0.553	58.6	-3.0	-9.0	9.5	bbox	262	128.2	128.2	128.2	1449,289,8,6	125.4	39.4826925	73.5838741	4637.3
264	264	0.971	рюкзак-синий	7.6	6.1	снег-в-тени	0.214	44.9	0.0	-6.5	6.5	bbox	263	21.0	19.0	21.0	449,913,6,8	125.2	39.4824847	73.5841065	4638.2
265	265	2.119	рюкзак-синий	14.3	31.7	порода-в-тени	0.493	7.1	-2.0	0.0	2.0	bbox	264	20.0	18.0	20.0	679,1001,2,20	125.1	39.4824851	73.5841065	4638.1
266	266	1.884	рюкзак-синий	12.0	31.7	порода-в-тени	0.552	7.1	0.0	-2.0	2.0	bbox	265	33.0	33.0	33.0	1531,551,6,10	125.0	39.4824836	73.5841048	4638.2
267	267	1.177	рюкзак-синий	7.2	21.2	снег-в-тени	0.575	60.0	-3.0	-8.0	8.5	bbox	266	33.0	33.0	33.0	91,505,6,8	124.9	39.4824836	73.5841048	4638.2
268	268	1.042	рюкзак-синий	6.3	19.0	порода-в-тени	0.884	19.8	-1.0	-8.0	8.1	bbox	267	106.2	105.2	106.2	690,1043,9,10	124.5	39.4826924	73.5838764	4637.3
269	269	1.164	рюкзак-синий	6.1	24.7	порода-в-тени	0.937	14.1	0.0	-8.0	8.0	bbox	268	12.0	12.0	19.0	441,190,8,5	124.4	39.4824855	73.5841071	4638.2
270	270	1.082	рюкзак-синий	6.1	21.5	порода-в-тени	0.917	17.3	0.0	-8.0	8.0	bbox	269	117.2	116.2	118.2	580,243,9,6	124.1	39.4826935	73.5838765	4637.3
271	271	2.153	стакан-марка-красная	11.0	46.3	порода-в-тени	0.664	3.5	0.0	0.0	0.0	bbox	270	48.1	46.1	48.1	1415,497,4,8	124.0	39.4826972	73.5838715	4637.3
272	272	1.899	рюкзак-синий	13.9	21.2	снег-освещённый	0.841	60.0	-4.0	-1.0	4.1	bbox	271	138.2	138.2	138.2	1027,168,8,7	123.6	39.4826908	73.5838757	4637.3
273	273	1.019	рюкзак-синий	6.4	17.7	снег-в-тени	0.502	56.5	-3.0	-9.0	9.5	bbox	272	33.0	33.0	33.0	369,433,8,8	123.3	39.4824836	73.5841048	4638.2
274	274	0.759	рюкзак-синий	5.8	5.9	снег-в-тени	0.301	44.7	-2.0	-9.0	9.2	bbox	273	130.2	125.2	130.2	161,403,8,7	123.3	39.4826926	73.5838742	4637.3
275	275	1.576	стакан-марка-красная	12.2	11.6	порода-в-тени	0.649	38.2	-1.0	-1.0	1.4	bbox	274	78.1	78.1	80.1	1771,593,6,8	123.2	39.4826925	73.5838762	4637.3
276	276	1.683	стакан-марка-красная	10.2	30.8	порода-в-тени	0.378	19.0	1.0	-1.0	1.4	bbox	275	50.1	50.1	50.1	1619,537,10,8	122.5	39.4826959	73.5838730	4637.3
277	277	1.571	стакан-марка-красная	11.0	21.0	порода-в-тени	0.411	28.8	0.0	0.0	0.0	bbox	276	105.2	105.2	109.2	1880,633,5,8	122.5	39.4826926	73.5838764	4637.3
278	278	2.073	рюкзак-синий	13.3	34.5	порода-в-тени	0.575	4.3	-2.0	-1.0	2.2	bbox	277	44.1	44.1	44.1	1743,9,6,14	122.2	39.4826663	73.5839487	4637.3
279	279	1.587	стакан-марка-красная	11.1	21.6	порода-в-тени	0.380	28.2	0.0	-0.5	0.5	bbox	278	36.1	34.0	37.1	1889,929,4,8	121.1	39.4824852	73.5841049	4638.2
280	280	1.043	рюкзак-синий	6.1	20.0	порода-в-тени	0.912	18.8	0.0	-8.0	8.0	bbox	279	85.1	83.1	85.1	411,171,8,6	121.1	39.4826926	73.5838760	4637.3
281	281	1.223	рюкзак-синий	9.5	8.4	порода-в-тени	0.614	30.4	-2.0	-5.0	5.4	bbox	280	101.1	96.1	101.1	455,635,10,6	120.1	39.4826933	73.5838763	4637.3
282	282	0.957	рюкзак-синий	6.5	14.1	снег-в-тени	0.262	52.9	-1.5	-8.0	8.1	bbox	281	128.2	128.2	129.2	1117,961,8,8	119.8	39.4826925	73.5838741	4637.3
283	283	1.075	рюкзак-синий	6.0	21.5	порода-в-тени	0.959	17.3	1.0	-8.0	8.1	bbox	282	122.2	122.2	123.2	78,29,11,4	118.4	39.4826930	73.5838754	4637.3
284	284	0.815	рюкзак-синий	6.5	1.9	снег-в-тени	0.415	36.9	1.0	-7.5	7.6	bbox	283	83.1	81.1	84.1	724,249,10,8	118.2	39.4826924	73.5838761	4637.3
285	285	1.175	рюкзак-синий	6.0	25.3	порода-в-тени	0.961	13.5	0.5	-8.0	8.0	bbox	284	128.2	128.2	128.2	1485,221,15,4	117.5	39.4826925	73.5838741	4637.3
286	286	1.273	рюкзак-синий	6.1	28.6	порода-в-тени	0.980	10.2	0.0	-8.0	8.0	bbox	285	50.1	50.1	50.1	437,487,4,9	117.4	39.4826959	73.5838730	4637.3
287	287	1.752	стакан-марка-красная	11.0	30.2	порода-в-тени	0.281	19.6	0.0	0.0	0.0	bbox	286	94.1	89.1	97.1	641,573,6,8	117.4	39.4826922	73.5838751	4637.3
288	288	0.896	рюкзак-синий	6.3	11.8	снег-в-тени	0.160	50.6	-1.0	-8.0	8.1	bbox	287	130.2	130.2	130.2	1219,57,14,8	117.4	39.4826926	73.5838742	4637.3
289	289	1.342	рюкзак-синий	6.1	31.0	порода-в-тени	1.103	7.8	2.0	-8.0	8.2	bbox	288	12.0	12.0	13.0	489,99,8,4	117.1	39.4824855	73.5841071	4638.2
290	290	1.173	рюкзак-синий	6.0	25.3	порода-в-тени	0.983	13.5	1.0	-8.0	8.1	bbox	289	54.1	51.1	54.1	0,669,9,4	116.8	39.4826950	73.5838737	4637.3
291	291	2.126	рюкзак-синий	14.3	32.1	порода-в-тени	0.506	6.7	-2.0	0.0	2.0	bbox	290	41.1	41.1	41.1	1801,281,5,9	116.2	39.4826045	73.5840514	4637.3
292	292	2.060	рюкзак-синий	13.0	35.3	порода-в-тени	0.652	3.5	0.0	-1.0	1.0	bbox	291	25.0	25.0	28.0	786,601,7,6	116.0	39.4824847	73.5841057	4638.2
293	293	1.713	рюкзак-синий	13.6	5.9	порода-в-тени	0.465	32.9	-3.0	-1.0	3.2	bbox	292	55.1	55.1	55.1	219,53,6,12	115.9	39.4826947	73.5838739	4637.3
294	294	0.815	рюкзак-синий	5.8	10.2	снег-в-тени	0.283	49.0	-2.0	-9.0	9.2	bbox	293	130.2	128.2	130.2	15,279,6,6	115.8	39.4826926	73.5838742	4637.3
295	295	1.890	стакан-марка-красная	15.0	5.7	снег-освещённый	0.979	55.5	-4.0	0.0	4.0	bbox	294	125.2	120.2	125.2	1461,1061,6,12	115.7	39.4826928	73.5838749	4637.3
296	296	1.868	стакан-марка-красная	12.0	31.0	порода-в-тени	0.186	18.8	-1.0	0.0	1.0	bbox	295	33.0	33.0	33.0	1543,929,2,16	115.4	39.4824836	73.5841048	4638.2
297	297	0.872	рюкзак-синий	6.1	11.9	снег-в-тени	0.788	26.9	2.0	-8.0	8.2	bbox	296	33.0	33.0	33.0	56,71,7,6	115.0	39.4824836	73.5841048	4638.2
298	298	1.630	стакан-марка-красная	11.1	23.9	порода-в-тени	0.324	25.9	0.0	-0.5	0.5	bbox	297	39.1	39.1	42.1	83,353,4,8	114.6	39.4825305	73.5840980	4637.3
299	299	1.934	рюкзак-синий	13.3	27.4	порода-в-тени	0.322	11.4	-2.0	-1.0	2.2	bbox	298	77.1	76.1	77.1	667,121,6,6	114.6	39.4826925	73.5838761	4637.3
300	300	1.843	рюкзак-синий	12.9	25.3	порода-в-тени	0.253	13.5	-2.0	-1.5	2.5	bbox	299	21.0	21.0	21.0	857,987,8,6	114.4	39.4824847	73.5841065	4638.2
301	301	1.756	стакан-марка-красная	11.5	28.0	порода-в-тени	0.231	21.8	-0.5	0.0	0.5	bbox	300	42.1	42.1	44.1	1865,841,8,4	114.1	39.4826390	73.5840014	4637.3
302	302	2.142	рюкзак-синий	13.3	37.6	порода-в-тени	0.687	1.2	-2.0	-1.0	2.2	bbox	301	54.1	54.1	56.1	1769,819,8,4	113.9	39.4826950	73.5838737	4637.3
303	303	1.382	рюкзак-синий	6.1	32.3	порода-в-тени	1.124	6.5	2.0	-8.0	8.2	bbox	302	11.0	11.0	12.0	59,9,6,7	113.6	39.4824853	73.5841070	4638.2
304	304	1.778	стакан-марка-красная	11.0	31.4	порода-в-тени	0.288	18.4	0.0	0.0	0.0	bbox	303	144.2	144.2	144.2	1869,633,4,12	113.3	39.4826922	73.5838765	4637.3
305	305	1.600	рюкзак-синий	12.4	11.5	порода-в-тени	0.275	27.3	-2.0	-2.0	2.8	bbox	304	16.0	16.0	16.0	329,649,4,8	112.8	39.4824854	73.5841067	4638.2
306	306	1.922	рюкзак-синий	13.6	25.1	порода-в-тени	0.269	13.7	-3.0	-1.0	3.2	bbox	305	77.1	74.1	77.1	523,833,6,6	112.8	39.4826925	73.5838761	4637.3
307	307	2.195	стакан-марка-красная	16.0	25.1	снег-освещённый	0.543	74.9	-5.0	0.0	5.0	bbox	306	122.2	120.2	122.2	1379,1007,4,20	112.4	39.4826930	73.5838754	4637.3
308	308	1.070	рюкзак-синий	7.4	14.9	порода-в-тени	0.763	23.9	-1.5	-7.0	7.2	bbox	307	115.2	114.2	115.2	1857,187,10,6	112.1	39.4826935	73.5838767	4637.3
309	309	1.145	рюкзак-синий	5.1	26.6	порода-в-тени	1.072	12.2	0.0	-9.0	9.0	bbox	308	0.0	0.0	0.0	1833,65,8,4	112.0	39.4824853	73.5841073	4638.2
310	310	1.959	рюкзак-синий	13.3	28.8	порода-в-тени	0.371	10.0	-2.0	-1.0	2.2	bbox	309	79.1	75.1	80.1	745,541,8,4	112.0	39.4826925	73.5838762	4637.3
311	311	0.913	рюкзак-синий	5.9	15.3	снег-в-тени	0.265	54.1	-1.0	-8.5	8.6	bbox	310	128.2	128.2	129.2	1297,129,8,4	111.7	39.4826925	73.5838741	4637.3
312	312	0.928	рюкзак-синий	6.1	14.9	снег-в-тени	0.853	23.9	0.0	-8.0	8.0	bbox	311	97.1	97.1	102.1	901,66,11,5	110.8	39.4826930	73.5838760	4637.3
313	313	1.725	рюкзак-синий	13.5	10.6	порода-в-тени	0.287	28.2	-2.5	-1.0	2.7	bbox	312	76.1	76.1	76.1	625,817,8,6	110.6	39.4826924	73.5838759	4637.3
314	314	2.095	стакан-марка-красная	16.0	17.1	снег-освещённый	0.706	66.9	-5.0	0.0	5.0	bbox	313	138.2	135.2	140.2	1051,105,6,6	110.2	39.4826908	73.5838757	4637.3
315	315	0.727	рюкзак-синий	5.2	9.0	снег-в-тени	0.658	29.8	-0.5	-9.0	9.0	bbox	314	137.2	136.2	138.2	1401,49,10,4	109.5	39.4826912	73.5838752	4637.3
316	316	1.061	рюкзак-синий	8.2	7.1	снег-в-тени	0.288	45.9	-1.0	-6.0	6.1	bbox	315	20.0	18.0	20.0	465,713,5,8	109.4	39.4824851	73.5841065	4638.1
317	317	1.733	стакан-марка-красная	12.0	24.3	порода-в-тени	0.333	25.5	-1.0	1.0	1.4	bbox	316	39.1	39.1	43.1	1345,977,4,8	109.4	39.4825305	73.5840980	4637.3
318	318	1.048	рюкзак-синий	8.1	7.9	снег-в-тени	0.315	46.7	-2.0	-6.5	6.8	bbox	317	52.1	52.1	59.1	1337,538,8,7	109.1	39.4826954	73.5838734	4637.3
319	319	1.428	стакан-марка-красная	11.0	10.2	порода-в-тени	0.741	39.6	0.0	0.0	0.0	bbox	318	127.2	126.2	127.2	1137,129,2,16	108.8	39.4826925	73.5838745	4637.3
320	320	1.240	рюкзак-синий	6.1	27.4	порода-в-тени	1.058	11.4	2.0	-8.0	8.2	bbox	319	16.0	14.0	18.0	494,817,7,11	108.6	39.4824854	73.5841067	4638.2
321	321	1.821	рюкзак-синий	13.2	21.9	порода-в-тени	0.178	16.9	-1.0	-1.0	1.4	bbox	320	33.0	33.0	33.0	543,413,2,20	108.4	39.4824836	73.5841048	4638.2
322	322	1.772	палка-древко-контроль	12.0	26.4	снег-пересвеченный	0.948	68.0	-8.0	-3.0	8.5	bbox	321	132.2	129.2	132.2	413,923,10,4	108.3	39.4826926	73.5838744	4637.3
323	323	1.997	рюкзак-синий	13.2	31.7	порода-в-тени	0.493	7.1	-1.0	-1.0	1.4	bbox	322	46.1	46.1	50.1	1297,60,9,13	108.1	39.4826924	73.5838826	4637.3
324	324	1.581	рюкзак-синий	9.4	29.6	снег-освещённый	0.855	68.4	-3.0	-5.5	6.3	bbox	323	98.1	93.1	99.1	720,473,7,8	107.8	39.4826930	73.5838761	4637.3
325	325	1.296	рюкзак-синий	6.1	29.4	порода-в-тени	0.991	9.4	0.0	-8.0	8.0	bbox	324	11.0	11.0	12.0	5,279,4,9	107.6	39.4824853	73.5841070	4638.2
326	326	0.936	рюкзак-синий	6.0	15.7	снег-в-тени	0.890	23.1	1.0	-8.0	8.1	bbox	325	89.1	87.1	97.1	785,143,6,8	107.6	39.4826925	73.5838757	4637.4
327	327	1.437	стакан-марка-красная	11.0	11.2	порода-в-тени	0.708	38.6	0.0	0.0	0.0	bbox	326	106.2	106.2	106.2	1881,921,4,8	107.3	39.4826924	73.5838764	4637.3
328	328	1.880	рюкзак-синий	12.2	31.0	порода-в-тени	0.482	7.8	-1.0	-2.0	2.2	bbox	327	61.1	61.1	61.1	881,575,16,2	107.2	39.4826951	73.5838760	4637.3
329	329	1.186	рюкзак-синий	5.0	28.2	порода-в-тени	1.124	10.6	1.0	-9.0	9.1	bbox	328	85.1	85.1	85.1	986,0,7,5	106.6	39.4826926	73.5838760	4637.3
330	330	0.923	рюкзак-синий	6.7	10.8	снег-в-тени	0.258	49.6	-2.0	-8.0	8.2	bbox	329	136.2	133.2	136.2	1057,689,6,5	105.7	39.4826915	73.5838748	4637.3
331	331	0.803	рюкзак-синий	6.3	3.9	снег-в-тени	0.477	34.9	-1.0	-8.0	8.1	bbox	330	45.1	41.1	45.1	1525,0,4,17	104.9	39.4826793	73.5839157	4637.3
332	332	0.893	рюкзак-синий	6.1	13.1	снег-в-тени	0.790	25.7	0.0	-8.0	8.0	bbox	331	109.2	109.2	109.2	839,267,6,6	104.9	39.4826927	73.5838764	4637.3
333	333	0.591	рюкзак-синий	4.0	8.8	снег-в-тени	0.280	47.6	1.0	-10.0	10.0	bbox	332	141.2	141.2	141.2	1526,0,8,5	104.9	39.4826916	73.5838761	4637.3
334	334	1.946	рюкзак-синий	13.9	24.3	снег-освещённый	0.744	63.1	-4.0	-1.0	4.1	bbox	333	116.2	115.2	116.2	906,117,7,7	104.4	39.4826935	73.5838766	4637.3
335	335	1.033	рюкзак-синий	7.3	13.7	порода-в-тени	0.779	25.1	-1.0	-7.0	7.1	bbox	334	1.0	0.0	1.0	231,719,6,10	103.3	39.4824853	73.5841075	4638.2
336	336	1.112	рюкзак-синий	6.1	22.7	порода-в-тени	0.923	16.1	0.0	-8.0	8.0	bbox	335	55.1	55.1	55.1	0,853,3,12	103.3	39.4826947	73.5838739	4637.3
337	337	1.138	рюкзак-синий	6.1	23.7	порода-в-тени	0.930	15.1	0.0	-8.0	8.0	bbox	336	98.1	97.1	101.1	875,145,9,4	103.0	39.4826930	73.5838761	4637.3
338	338	0.993	рюкзак-синий	6.3	16.8	порода-в-тени	0.886	22.0	-1.0	-8.0	8.1	bbox	337	85.1	84.1	94.1	699,125,6,6	102.5	39.4826926	73.5838760	4637.3
339	339	1.235	рюкзак-синий	8.1	20.0	порода-в-тени	0.762	18.8	-3.0	-7.0	7.6	bbox	338	13.0	13.0	14.0	209,25,8,4	102.3	39.4824855	73.5841072	4638.2
340	340	0.791	рюкзак-синий	6.3	0.0	снег-в-тени	0.344	38.8	-1.0	-8.0	8.1	bbox	339	144.2	144.2	144.2	1121,922,8,7	101.7	39.4826922	73.5838765	4637.3
341	341	0.886	рюкзак-синий	6.3	11.2	снег-в-тени	0.148	50.0	-1.0	-8.0	8.1	bbox	340	137.2	137.2	137.2	1137,277,8,4	101.5	39.4826912	73.5838752	4637.3
342	342	0.888	рюкзак-синий	6.0	13.3	снег-в-тени	0.807	25.5	1.0	-8.0	8.1	bbox	341	87.1	87.1	91.1	754,87,7,6	101.2	39.4826926	73.5838760	4637.3
343	343	1.179	рюкзак-синий	6.0	25.5	порода-в-тени	0.985	13.3	1.0	-8.0	8.1	bbox	342	16.0	16.0	16.0	465,489,4,8	101.1	39.4824854	73.5841067	4638.2
344	344	0.998	рюкзак-синий	7.1	13.0	снег-в-тени	0.189	51.8	0.0	-7.0	7.0	bbox	343	85.1	85.1	85.1	543,274,9,7	100.8	39.4826926	73.5838760	4637.3
345	345	1.105	рюкзак-синий	8.7	4.7	снег-в-тени	0.428	43.5	-2.5	-6.0	6.5	bbox	344	139.2	139.2	140.2	1099,0,4,9	100.4	39.4826912	73.5838756	4637.3
346	346	1.884	рюкзак-синий	12.0	31.7	порода-в-тени	0.552	7.1	0.0	-2.0	2.0	bbox	345	48.1	46.1	48.1	13,81,4,11	100.2	39.4826972	73.5838715	4637.3
347	347	1.963	стакан-марка-красная	14.0	24.9	порода-в-тени	0.322	24.9	-3.0	1.0	3.2	bbox	346	59.1	58.1	60.1	31,551,7,6	100.2	39.4826950	73.5838754	4637.3
348	348	1.060	рюкзак-синий	6.0	21.0	порода-в-тени	0.956	17.8	1.0	-8.0	8.1	bbox	347	96.1	96.1	99.1	881,33,7,4	99.6	39.4826930	73.5838760	4637.3
349	349	1.823	рюкзак-синий	14.6	3.1	порода-в-тени	0.574	35.7	-3.0	0.0	3.0	bbox	348	84.1	83.1	85.1	1665,998,5,9	99.5	39.4826925	73.5838760	4637.3
350	350	1.780	рюкзак-синий	13.3	17.4	порода-в-тени	0.035	21.4	-2.0	-1.0	2.2	bbox	349	77.1	76.1	77.1	771,241,6,6	99.2	39.4826925	73.5838761	4637.3
351	351	1.570	стакан-марка-красная	12.0	12.5	порода-в-тени	0.627	37.3	-1.0	0.0	1.0	bbox	350	94.1	94.1	94.1	1797,995,7,5	99.2	39.4826922	73.5838751	4637.3
352	352	0.853	рюкзак-синий	6.3	9.0	снег-в-тени	0.655	29.8	-1.0	-8.0	8.1	bbox	351	54.1	53.1	55.1	70,980,8,9	98.9	39.4826950	73.5838737	4637.3
353	353	0.761	рюкзак-синий	4.7	13.4	снег-в-тени	0.252	52.2	-0.5	-9.5	9.5	bbox	352	130.2	130.2	130.2	37,127,6,6	98.6	39.4826926	73.5838742	4637.3
354	354	0.803	рюкзак-синий	6.1	7.2	снег-в-тени	0.580	31.6	0.0	-8.0	8.0	bbox	353	114.2	107.2	114.2	515,866,5,10	98.0	39.4826933	73.5838764	4637.3
355	355	0.812	рюкзак-синий	6.1	8.0	снег-в-тени	0.608	30.8	0.0	-8.0	8.0	bbox	354	118.2	116.2	118.2	788,220,12,5	97.9	39.4826934	73.5838764	4637.3
356	356	1.394	рюкзак-синий	7.1	30.2	порода-в-тени	0.895	8.6	0.0	-7.0	7.0	bbox	355	45.1	45.1	47.1	1433,785,4,8	97.6	39.4826793	73.5839157	4637.3
357	357	0.915	рюкзак-синий	6.3	12.9	снег-в-тени	0.793	25.9	-1.0	-8.0	8.1	bbox	356	95.1	95.1	98.1	1090,0,11,7	97.3	39.4826925	73.5838753	4637.3
358	358	0.896	рюкзак-синий	7.1	4.1	снег-в-тени	0.484	34.7	0.0	-7.0	7.0	bbox	357	104.2	104.2	104.2	895,225,10,5	96.9	39.4826927	73.5838764	4637.3
359	359	1.133	рюкзак-синий	6.0	23.7	порода-в-тени	0.948	15.1	0.5	-8.0	8.0	bbox	358	113.2	113.2	116.2	652,19,5,6	96.7	39.4826931	73.5838763	4637.3
360	360	1.107	рюкзак-синий	7.1	18.7	снег-в-тени	0.367	57.5	0.0	-7.0	7.0	bbox	359	118.2	113.2	120.2	753,499,6,5	96.7	39.4826934	73.5838764	4637.3
361	361	0.780	рюкзак-синий	6.1	4.9	снег-в-тени	0.146	43.7	0.0	-8.0	8.0	bbox	360	39.1	39.1	39.1	1855,449,4,8	96.6	39.4825305	73.5840980	4637.3
362	362	1.747	рюкзак-синий	13.8	7.0	порода-в-тени	0.411	31.8	-2.0	-0.5	2.1	bbox	361	144.2	144.2	144.2	993,660,2,20	96.1	39.4826922	73.5838765	4637.3
363	363	1.770	рюкзак-синий	12.0	26.1	порода-в-тени	0.391	12.7	0.0	-2.0	2.0	bbox	362	40.1	40.1	42.1	343,25,8,4	95.6	39.4825660	73.5840865	4637.3
364	364	1.216	рюкзак-синий	5.0	29.2	порода-в-тени	1.135	9.6	1.0	-9.0	9.1	bbox	363	78.1	78.1	81.1	682,59,5,6	95.0	39.4826925	73.5838762	4637.3
365	365	1.154	рюкзак-синий	6.1	24.3	порода-в-тени	0.934	14.5	0.0	-8.0	8.0	bbox	364	74.1	74.1	77.1	474,333,6,6	94.6	39.4826926	73.5838757	4637.3
366	366	0.763	рюкзак-синий	5.8	6.3	снег-в-тени	0.296	45.1	-2.0	-9.0	9.2	bbox	365	138.2	138.2	138.2	497,97,8,8	94.5	39.4826908	73.5838757	4637.3
367	367	1.910	рюкзак-синий	12.0	32.9	порода-в-тени	0.589	5.9	0.0	-2.0	2.0	bbox	366	44.1	44.1	44.1	1263,201,6,6	94.4	39.4826663	73.5839487	4637.3
368	368	0.721	рюкзак-синий	4.0	14.5	снег-в-тени	0.342	53.3	1.0	-10.0	10.0	bbox	367	141.2	141.2	141.2	1341,0,8,4	94.4	39.4826916	73.5838761	4637.3
369	369	0.897	рюкзак-синий	6.1	13.3	снег-в-тени	0.797	25.5	0.0	-8.0	8.0	bbox	368	111.2	110.2	111.2	826,112,6,5	94.0	39.4826923	73.5838762	4637.3
370	370	1.836	стакан-марка-красная	14.5	7.4	порода-в-тени	0.816	42.4	-3.5	0.0	3.5	bbox	369	144.2	144.2	144.2	1861,417,6,5	93.6	39.4826922	73.5838765	4637.3
371	371	1.939	стакан-марка-красная	15.0	13.3	снег-освещённый	0.734	63.1	-4.0	0.0	4.0	bbox	370	129.2	128.2	130.2	562,309,5,6	93.5	39.4826925	73.5838741	4637.3
372	372	1.161	рюкзак-синий	7.3	20.2	порода-в-тени	0.763	18.6	-1.0	-7.0	7.1	bbox	371	123.2	122.2	125.2	673,115,8,4	93.4	39.4826928	73.5838752	4637.3
373	373	0.779	рюкзак-синий	6.0	5.7	снег-в-тени	0.556	33.1	1.5	-8.0	8.1	bbox	372	15.0	12.0	15.0	419,596,6,8	93.2	39.4824854	73.5841071	4638.2
374	374	1.227	рюкзак-синий	9.2	11.8	снег-в-тени	0.408	50.6	-1.0	-5.0	5.1	bbox	373	65.1	65.1	65.1	1709,417,4,8	92.7	39.4826947	73.5838761	4637.3
375	375	1.709	рюкзак-синий	11.0	28.2	порода-в-тени	0.498	10.6	0.0	-3.0	3.0	bbox	374	71.1	71.1	71.1	355,311,9,7	92.6	39.4826930	73.5838756	4637.4
376	376	1.952	палка-древко-контроль	10.8	39.6	снег-пересвеченный	0.419	81.2	-4.0	-5.0	6.4	bbox	375	109.2	109.2	109.2	1724,26,9,7	91.9	39.4826927	73.5838764	4637.3
377	377	0.760	рюкзак-синий	6.0	3.5	снег-в-тени	0.464	35.3	1.0	-8.0	8.1	bbox	376	55.1	55.1	55.1	993,125,6,4	91.6	39.4826947	73.5838739	4637.3
378	378	1.811	рюкзак-синий	12.0	28.2	порода-в-тени	0.448	10.6	0.0	-2.0	2.0	bbox	377	39.1	39.1	39.1	839,25,4,8	91.0	39.4825305	73.5840980	4637.3
379	379	0.958	рюкзак-синий	7.6	2.4	снег-в-тени	0.448	41.2	-3.0	-7.5	8.1	bbox	378	38.1	37.1	38.1	1713,779,8,4	90.9	39.4825027	73.5841014	4638.0
380	380	1.756	стакан-марка-красная	14.0	1.8	снег-освещённый	1.073	51.6	-3.0	0.0	3.0	bbox	379	103.2	103.2	108.2	1873,569,4,8	90.8	39.4826927	73.5838764	4637.3
381	381	1.456	стакан-марка-красная	11.0	12.9	порода-в-тени	0.651	36.9	0.0	0.0	0.0	bbox	380	121.2	121.2	126.2	1211,436,4,13	90.8	39.4826930	73.5838755	4637.3
382	382	1.208	рюкзак-синий	9.1	11.8	снег-в-тени	0.388	50.6	0.0	-5.0	5.0	bbox	381	64.1	63.1	66.1	939,74,6,7	90.5	39.4826947	73.5838760	4637.3
383	383	1.350	рюкзак-синий	5.1	33.3	порода-в-тени	1.238	5.5	2.0	-9.0	9.2	bbox	382	37.1	34.0	37.1	1877,1025,6,8	89.7	39.4824894	73.5841033	4638.2
384	384	2.215	стакан-марка-красная	16.0	26.7	снег-освещённый	0.538	76.5	-5.0	1.0	5.1	bbox	383	133.2	131.2	133.2	1107,1030,8,6	89.7	39.4826927	73.5838745	4637.3
385	385	0.814	рюкзак-синий	6.3	5.5	снег-в-тени	0.532	33.3	-1.0	-8.0	8.1	bbox	384	38.1	37.1	38.1	1741,1025,4,10	89.5	39.4825027	73.5841014	4638.0
386	386	0.756	рюкзак-синий	6.0	1.9	снег-в-тени	0.396	36.9	0.5	-8.0	8.0	bbox	385	74.1	73.1	77.1	513,307,6,10	89.5	39.4826926	73.5838757	4637.3
387	387	1.260	рюкзак-синий	7.6	23.1	порода-в-тени	0.769	15.7	-2.0	-7.0	7.3	bbox	386	54.1	52.1	54.1	224,1050,9,7	88.8	39.4826950	73.5838737	4637.3
388	388	1.149	рюкзак-синий	7.1	20.6	порода-в-тени	0.794	18.2	0.0	-7.0	7.0	bbox	387	82.1	82.1	84.1	633,141,8,4	88.2	39.4826923	73.5838763	4637.3
389	389	1.234	рюкзак-синий	6.1	27.2	порода-в-тени	0.963	11.6	0.0	-8.0	8.0	bbox	388	87.1	87.1	87.1	461,216,4,9	88.1	39.4826926	73.5838760	4637.3
390	390	1.186	рюкзак-синий	5.0	28.2	порода-в-тени	1.397	10.6	4.0	-10.0	10.8	bbox	389	14.0	12.0	14.0	403,491,4,6	87.6	39.4824855	73.5841072	4638.2
391	391	0.928	рюкзак-синий	5.8	16.1	снег-в-тени	0.377	54.9	-2.0	-9.0	9.2	bbox	390	124.2	124.2	124.2	1691,81,12,8	86.9	39.4826928	73.5838751	4637.3
392	392	1.772	стакан-марка-красная	14.0	6.9	снег-освещённый	0.897	56.7	-3.0	0.0	3.0	bbox	391	126.2	123.2	132.2	1146,280,6,5	86.9	39.4826929	73.5838746	4637.3
393	393	1.185	рюкзак-синий	6.1	25.5	порода-в-тени	1.039	13.3	2.0	-8.0	8.2	bbox	392	38.1	38.1	38.1	711,299,8,5	86.2	39.4825027	73.5841014	4638.0
394	394	1.907	рюкзак-синий	13.2	27.0	порода-в-тени	0.333	11.8	-1.0	-1.0	1.4	bbox	393	46.1	46.1	46.1	95,129,6,8	86.0	39.4826924	73.5838826	4637.3
395	395	0.794	рюкзак-синий	6.3	1.9	снег-в-тени	0.410	36.9	-1.0	-8.0	8.1	bbox	394	114.2	114.2	114.2	657,38,10,5	86.0	39.4826933	73.5838764	4637.3
396	396	1.402	стакан-марка-красная	11.0	7.6	порода-в-тени	0.854	42.2	0.0	1.0	1.0	bbox	395	127.2	125.2	130.2	1167,547,2,13	85.8	39.4826925	73.5838745	4637.3
397	397	1.105	рюкзак-синий	6.0	22.7	порода-в-тени	0.964	16.1	1.0	-8.0	8.1	bbox	396	86.1	84.1	90.1	588,427,5,6	85.6	39.4826926	73.5838760	4637.3
398	398	2.253	стакан-марка-красная	14.9	35.7	порода-в-тени	0.912	14.1	-3.0	6.0	6.7	bbox	397	130.2	130.2	130.2	1561,605,7,4	85.2	39.4826926	73.5838742	4637.3
399	399	1.911	рюкзак-синий	15.2	4.7	порода-в-тени	0.916	43.5	-5.0	0.0	5.0	bbox	398	41.1	41.1	41.1	1917,644,3,13	84.3	39.4826045	73.5840514	4637.3
400	400	0.882	рюкзак-синий	6.1	12.5	снег-в-тени	0.769	26.3	0.0	-8.0	8.0	bbox	399	114.2	113.2	120.2	787,43,4,12	84.2	39.4826933	73.5838764	4637.3
401	401	1.146	рюкзак-синий	7.5	18.5	снег-в-тени	0.553	57.3	-3.5	-8.0	8.7	bbox	400	121.2	121.2	121.2	1361,307,8,6	83.7	39.4826930	73.5838755	4637.3
402	402	1.768	рюкзак-синий	13.9	8.7	порода-в-тени	0.998	47.5	-4.0	-1.0	4.1	bbox	401	120.2	120.2	120.2	1491,886,3,16	83.6	39.4826929	73.5838759	4637.3
403	403	0.734	рюкзак-синий	5.1	10.2	снег-в-тени	0.696	28.6	0.0	-9.0	9.0	bbox	402	136.2	136.2	140.2	1281,89,8,4	83.3	39.4826915	73.5838748	4637.3
404	404	2.121	рюкзак-синий	13.0	38.0	порода-в-тени	0.744	0.8	0.0	-1.0	1.0	bbox	403	102.1	102.1	102.1	1890,1025,9,8	83.2	39.4826927	73.5838763	4637.3
405	405	1.072	рюкзак-синий	6.1	21.2	порода-в-тени	1.013	17.6	2.0	-8.0	8.2	bbox	404	94.1	94.1	94.1	713,799,8,6	83.0	39.4826922	73.5838751	4637.3
406	406	1.050	рюкзак-синий	4.5	24.9	снег-в-тени	1.291	13.9	3.0	-10.0	10.4	bbox	405	92.1	89.1	92.1	721,297,6,4	82.9	39.4826922	73.5838752	4637.3
407	407	0.923	рюкзак-синий	7.3	4.3	снег-в-тени	0.507	34.5	-1.0	-7.0	7.1	bbox	406	33.0	33.0	33.0	104,25,6,9	82.8	39.4824836	73.5841048	4638.2
408	408	1.224	рюкзак-синий	7.1	23.7	порода-в-тени	0.813	15.1	0.0	-7.0	7.0	bbox	407	101.1	95.1	102.1	657,641,8,4	82.5	39.4826933	73.5838763	4637.3
409	409	1.401	стакан-марка-красная	11.0	6.7	порода-в-тени	0.859	43.1	0.0	0.0	0.0	bbox	408	119.2	114.2	125.2	1383,435,7,4	82.5	39.4826934	73.5838762	4637.3
410	410	1.537	стакан-марка-красная	12.3	3.5	снег-в-тени	0.824	46.3	-1.0	-1.5	1.8	bbox	409	143.2	143.2	143.2	751,433,6,5	82.3	39.4826921	73.5838765	4637.3
411	411	1.043	рюкзак-синий	7.3	14.3	порода-в-тени	0.774	24.5	-1.0	-7.0	7.1	bbox	410	100.1	96.1	100.1	901,509,9,4	82.2	39.4826933	73.5838765	4637.3
412	412	1.992	палка-древко-контроль	15.3	15.7	снег-освещённый	0.978	57.3	-5.0	0.0	5.0	bbox	411	143.2	143.2	143.2	241,443,5,6	82.2	39.4826921	73.5838765	4637.3
413	413	1.062	рюкзак-синий	7.0	16.8	порода-в-тени	0.840	22.0	1.0	-7.0	7.1	bbox	412	12.0	12.0	18.0	385,252,8,8	81.7	39.4824855	73.5841071	4638.2
414	414	0.719	рюкзак-синий	5.4	7.0	снег-в-тени	0.599	31.8	-1.0	-9.0	9.1	bbox	413	138.2	138.2	138.2	1369,188,8,4	81.6	39.4826908	73.5838757	4637.3
415	415	1.062	рюкзак-синий	6.1	20.8	порода-в-тени	0.914	18.0	0.0	-8.0	8.0	bbox	414	43.1	41.1	44.1	425,559,6,5	81.5	39.4826551	73.5839732	4637.3
416	416	0.798	рюкзак-синий	5.0	13.9	снег-в-тени	0.837	24.9	1.0	-9.0	9.1	bbox	415	102.1	102.1	102.1	1009,53,8,4	81.4	39.4826927	73.5838763	4637.3
417	417	0.953	рюкзак-синий	7.6	1.2	снег-в-тени	0.395	40.0	-2.0	-7.0	7.3	bbox	416	102.1	101.1	107.2	681,149,7,5	81.3	39.4826927	73.5838763	4637.3
418	418	1.031	рюкзак-синий	8.2	0.8	снег-в-тени	0.447	38.0	-1.0	-6.0	6.1	bbox	417	72.1	72.1	72.1	545,538,4,7	81.1	39.4826928	73.5838756	4637.3
419	419	1.809	стакан-марка-красная	13.0	22.0	порода-в-тени	0.294	27.8	-2.0	0.0	2.0	bbox	418	49.1	49.1	49.1	433,369,5,8	80.8	39.4826965	73.5838723	4637.3
420	420	0.793	рюкзак-синий	6.0	7.2	снег-в-тени	0.593	31.6	1.0	-8.0	8.1	bbox	419	86.1	82.1	92.1	597,465,6,6	80.5	39.4826926	73.5838760	4637.3
421	421	1.821	палка-древко-контроль	13.2	21.9	снег-освещённый	0.913	63.5	-6.0	-2.0	6.3	bbox	420	137.2	137.2	137.2	1347,246,14,3	79.9	39.4826912	73.5838752	4637.3
422	422	0.860	рюкзак-синий	6.5	7.9	снег-в-тени	0.192	46.7	-1.5	-8.0	8.1	bbox	421	144.2	144.2	144.2	1665,497,16,2	79.9	39.4826922	73.5838765	4637.3
423	423	1.630	стакан-марка-красная	13.0	0.8	порода-в-тени	1.030	49.0	-2.0	0.0	2.0	bbox	422	116.2	115.2	119.2	1658,147,4,12	79.8	39.4826935	73.5838766	4637.3
424	424	1.015	рюкзак-синий	6.2	18.4	порода-в-тени	0.895	20.4	-0.5	-8.0	8.0	bbox	423	118.2	118.2	123.2	1564,31,8,6	79.8	39.4826934	73.5838764	4637.3
425	425	1.296	рюкзак-синий	6.1	29.4	порода-в-тени	0.991	9.4	0.0	-8.0	8.0	bbox	424	79.1	77.1	79.1	745,229,4,6	79.0	39.4826925	73.5838762	4637.3
426	426	1.293	рюкзак-синий	7.0	26.6	порода-в-тени	0.889	12.2	1.0	-7.0	7.1	bbox	425	19.0	19.0	19.0	524,443,5,6	78.9	39.4824851	73.5841066	4638.2
427	427	0.970	рюкзак-синий	7.3	9.4	снег-в-тени	0.680	29.4	-1.0	-7.0	7.1	bbox	426	98.1	95.1	99.1	940,322,5,7	78.5	39.4826930	73.5838761	4637.3
428	428	0.672	рюкзак-синий	5.0	6.9	снег-в-тени	0.192	45.7	1.0	-9.0	9.1	bbox	427	130.2	130.2	131.2	1064,43,11,2	78.4	39.4826926	73.5838742	4637.3
429	429	1.533	стакан-марка-красная	12.2	5.5	порода-в-тени	0.863	44.3	-1.0	-1.0	1.4	bbox	428	112.2	112.2	112.2	1441,1073,3,7	78.1	39.4826928	73.5838763	4637.3
430	430	0.917	рюкзак-синий	7.1	6.8	снег-в-тени	0.579	32.0	0.0	-7.0	7.0	bbox	429	43.1	43.1	43.1	7,360,4,7	78.0	39.4826551	73.5839732	4637.3
431	431	0.958	рюкзак-синий	7.1	10.4	снег-в-тени	0.703	28.4	0.0	-7.0	7.0	bbox	430	101.1	101.1	101.1	689,503,6,6	77.9	39.4826933	73.5838763	4637.3
432	432	1.107	палка-древко-контроль	7.2	18.0	снег-в-тени	0.666	59.6	-4.0	-9.0	9.8	bbox	431	109.2	109.2	111.2	1905,281,5,7	77.8	39.4826927	73.5838764	4637.3
433	433	1.500	стакан-марка-красная	11.2	15.3	порода-в-тени	0.563	34.5	0.0	-1.0	1.0	bbox	432	143.2	143.2	143.2	875,643,6,4	77.7	39.4826921	73.5838765	4637.3
434	434	1.809	стакан-марка-красная	14.0	12.3	порода-в-тени	0.634	37.5	-3.0	0.0	3.0	bbox	433	102.1	102.1	102.1	1809,147,6,7	77.4	39.4826927	73.5838763	4637.3
435	435	1.945	рюкзак-синий	13.3	28.0	порода-в-тени	0.343	10.8	-2.0	-1.0	2.2	bbox	434	21.0	18.0	21.0	577,839,10,8	77.3	39.4824847	73.5841065	4638.2
436	436	1.043	рюкзак-синий	6.1	20.0	порода-в-тени	0.912	18.8	0.0	-8.0	8.0	bbox	435	47.1	42.1	47.1	173,541,8,4	77.3	39.4826970	73.5838729	4637.3
437	437	1.062	рюкзак-синий	6.7	18.3	снег-в-тени	0.415	57.1	-2.0	-8.0	8.2	bbox	436	129.2	129.2	129.2	1411,427,4,6	77.1	39.4826925	73.5838741	4637.3
438	438	0.969	рюкзак-синий	6.1	16.8	порода-в-тени	0.912	22.0	0.0	-8.0	8.0	bbox	437	121.2	117.2	121.2	389,569,7,5	77.0	39.4826930	73.5838755	4637.3
439	439	1.678	стакан-марка-красная	13.2	9.4	снег-освещённый	0.791	59.2	-2.0	-1.0	2.2	bbox	438	129.2	129.2	129.2	987,119,5,7	77.0	39.4826925	73.5838741	4637.3
440	440	2.077	рюкзак-синий	13.0	36.1	порода-в-тени	0.678	2.7	0.0	-1.0	1.0	bbox	439	31.0	29.0	31.0	921,390,8,3	76.9	39.4824834	73.5841047	4638.2
441	441	1.916	палка-древко-контроль	15.3	3.5	порода-в-тени	0.967	45.1	-5.0	0.0	5.0	bbox	440	41.1	39.1	41.1	1869,809,4,8	76.9	39.4826045	73.5840514	4637.3
442	442	1.785	рюкзак-синий	8.2	40.8	снег-пересвеченный	0.660	79.6	-1.0	-6.0	6.1	bbox	441	133.2	133.2	133.2	879,0,3,8	75.9	39.4826927	73.5838745	4637.3
443	443	1.138	рюкзак-синий	7.0	20.4	порода-в-тени	0.841	18.4	1.0	-7.0	7.1	bbox	442	84.1	81.1	84.1	925,321,7,4	75.6	39.4826925	73.5838760	4637.3
444	444	0.843	рюкзак-синий	5.0	15.9	снег-в-тени	0.905	22.9	1.0	-9.0	9.1	bbox	443	99.1	99.1	99.1	809,362,7,4	75.6	39.4826935	73.5838766	4637.3
445	445	1.307	рюкзак-синий	8.1	23.3	порода-в-тени	0.819	15.5	2.0	-6.0	6.3	bbox	444	21.0	21.0	21.0	353,465,4,6	75.5	39.4824847	73.5841065	4638.2
446	446	0.690	рюкзак-синий	5.1	7.4	снег-в-тени	0.600	31.4	0.0	-9.0	9.0	bbox	445	37.1	34.0	37.1	1869,857,3,8	75.5	39.4824894	73.5841033	4638.2
447	447	0.798	рюкзак-синий	6.3	3.1	снег-в-тени	0.450	35.7	-1.0	-8.0	8.1	bbox	446	55.1	54.1	55.1	0,364,11,5	75.5	39.4826947	73.5838739	4637.3
448	448	1.061	рюкзак-синий	7.3	15.3	порода-в-тени	0.769	23.5	-1.0	-7.0	7.1	bbox	447	122.2	122.2	122.2	27,391,6,9	75.4	39.4826930	73.5838754	4637.3
449	449	1.014	рюкзак-синий	7.1	13.9	порода-в-тени	0.807	24.9	0.0	-7.0	7.0	bbox	448	82.1	82.1	83.1	641,71,8,4	74.8	39.4826923	73.5838763	4637.3
450	450	1.647	рюкзак-синий	9.2	33.0	снег-освещённый	0.703	71.8	-1.0	-5.0	5.1	bbox	449	123.2	123.2	123.2	1428,589,6,4	74.8	39.4826928	73.5838752	4637.3
451	451	1.542	палка-древко-контроль	10.0	25.3	снег-пересвеченный	1.015	66.9	-8.0	-5.0	9.4	bbox	450	143.2	143.2	143.2	145,1058,6,5	74.8	39.4826921	73.5838765	4637.3
452	452	2.004	рюкзак-синий	13.7	29.0	порода-в-тени	0.389	9.8	-1.5	-0.5	1.6	bbox	451	33.0	33.0	33.0	905,893,8,4	74.7	39.4824836	73.5841048	4638.2
453	453	0.774	рюкзак-синий	6.1	4.1	снег-в-тени	0.468	34.7	0.0	-8.0	8.0	bbox	452	48.1	48.1	49.1	219,81,8,7	74.3	39.4826972	73.5838715	4637.3
454	454	1.143	рюкзак-синий	6.3	23.1	порода-в-тени	0.900	15.7	-1.0	-8.0	8.1	bbox	453	123.2	123.2	123.2	1365,132,7,7	74.2	39.4826928	73.5838752	4637.3
455	455	1.122	рюкзак-синий	6.1	23.1	порода-в-тени	1.022	15.7	2.0	-8.0	8.2	bbox	454	114.2	114.2	114.2	435,359,6,4	74.1	39.4826933	73.5838764	4637.3
456	456	1.735	рюкзак-синий	13.6	9.6	снег-в-тени	0.952	48.4	-3.0	-1.0	3.2	bbox	455	82.1	82.1	82.1	1741,897,4,8	73.9	39.4826923	73.5838763	4637.3
457	457	2.001	рюкзак-синий	13.3	31.0	порода-в-тени	0.448	7.8	-2.0	-1.0	2.2	bbox	456	77.1	77.1	77.1	787,353,4,6	73.7	39.4826925	73.5838761	4637.3
458	458	1.133	рюкзак-синий	7.2	19.2	снег-в-тени	0.524	58.0	-3.0	-8.0	8.5	bbox	457	103.2	103.2	103.2	999,801,2,16	73.6	39.4826927	73.5838764	4637.3
459	459	1.093	рюкзак-синий	7.6	14.9	снег-в-тени	0.435	53.7	-3.0	-7.5	8.1	bbox	458	104.2	104.2	104.2	199,273,2,16	73.6	39.4826927	73.5838764	4637.3
460	460	1.054	рюкзак-синий	7.2	15.3	снег-в-тени	0.438	54.1	-3.0	-8.0	8.5	bbox	459	105.2	105.2	105.2	81,327,16,2	73.6	39.4826926	73.5838764	4637.3
461	461	1.378	рюкзак-синий	7.5	28.2	порода-в-тени	0.833	10.6	0.5	-6.5	6.5	bbox	460	85.1	83.1	85.1	819,369,4,6	73.5	39.4826926	73.5838760	4637.3
462	462	1.117	рюкзак-синий	7.2	18.5	снег-в-тени	0.505	57.3	-3.0	-8.0	8.5	bbox	461	137.2	137.2	137.2	1489,503,16,2	73.4	39.4826912	73.5838752	4637.3
463	463	2.173	палка-древко-контроль	16.1	22.7	снег-освещённый	0.868	64.3	-6.0	1.0	6.1	bbox	462	116.2	116.2	119.2	875,0,6,5	72.6	39.4826935	73.5838766	4637.3
464	464	1.887	стакан-марка-красная	14.0	19.8	порода-в-тени	0.442	30.0	-3.0	1.0	3.2	bbox	463	55.1	54.1	55.1	0,276,5,6	72.5	39.4826947	73.5838739	4637.3
465	465	1.196	рюкзак-синий	7.3	21.7	порода-в-тени	0.770	17.1	-1.0	-7.0	7.1	bbox	464	117.2	117.2	123.2	583,170,8,3	72.5	39.4826935	73.5838765	4637.3
466	466	0.802	рюкзак-синий	5.6	11.0	снег-в-тени	0.236	49.8	-1.5	-9.0	9.1	bbox	465	113.2	111.2	113.2	803,306,4,6	72.4	39.4826931	73.5838763	4637.3
467	467	0.986	рюкзак-синий	6.3	16.5	снег-в-тени	0.295	55.3	-1.0	-8.0	8.1	bbox	466	103.2	103.2	103.2	17,231,16,2	72.2	39.4826927	73.5838764	4637.3
468	468	1.535	стакан-марка-красная	12.2	5.9	снег-освещённый	0.906	55.7	-1.0	-1.0	1.4	bbox	467	131.2	131.2	131.2	429,579,2,12	72.2	39.4826926	73.5838743	4637.3
469	469	1.563	стакан-марка-красная	12.0	11.8	порода-в-тени	0.654	38.0	-1.0	0.0	1.0	bbox	468	33.0	33.0	33.0	1758,783,4,6	71.8	39.4824836	73.5841048	4638.2
470	470	1.208	рюкзак-синий	8.1	18.7	снег-в-тени	0.524	57.5	-3.0	-7.0	7.6	bbox	469	128.2	128.2	128.2	1063,721,2,16	71.8	39.4826925	73.5838741	4637.3
471	471	0.961	рюкзак-синий	6.7	13.2	снег-в-тени	0.291	52.0	-2.0	-8.0	8.2	bbox	470	124.2	124.2	126.2	1345,55,7,4	71.5	39.4826928	73.5838751	4637.3
472	472	0.954	рюкзак-синий	6.2	15.7	снег-в-тени	0.935	23.1	2.5	-8.0	8.4	bbox	471	128.2	128.2	133.2	1201,19,8,4	71.4	39.4826925	73.5838741	4637.3
473	473	0.881	рюкзак-синий	6.0	12.9	снег-в-тени	0.793	25.9	1.0	-8.0	8.1	bbox	472	107.2	107.2	114.2	699,103,6,4	71.2	39.4826925	73.5838764	4637.3
474	474	1.088	рюкзак-синий	6.8	19.0	порода-в-тени	0.822	19.8	-1.0	-7.5	7.6	bbox	473	0.0	0.0	2.0	353,0,4,5	70.3	39.4824853	73.5841073	4638.2
475	475	0.840	рюкзак-синий	6.6	4.9	снег-в-тени	0.500	33.9	0.0	-7.5	7.5	bbox	474	85.1	85.1	85.1	441,257,3,8	70.2	39.4826926	73.5838760	4637.3
476	476	1.736	стакан-марка-красная	11.2	28.8	порода-в-тени	0.251	21.0	0.0	-1.0	1.0	bbox	475	39.1	39.1	39.1	1581,329,6,8	70.1	39.4825305	73.5840980	4637.3
477	477	0.792	рюкзак-синий	6.1	6.3	снег-в-тени	0.545	32.5	0.0	-8.0	8.0	bbox	476	129.2	129.2	129.2	281,265,4,6	69.8	39.4826925	73.5838741	4637.3
478	478	1.050	палка-древко-контроль	8.1	8.2	снег-в-тени	0.505	49.8	-4.0	-8.0	8.9	bbox	477	142.2	142.2	142.2	1409,107,4,6	69.1	39.4826919	73.5838764	4637.3
479	479	1.100	рюкзак-синий	4.0	27.4	порода-в-тени	1.229	11.4	1.0	-10.0	10.0	bbox	478	33.0	33.0	33.0	1917,509,3,7	68.7	39.4824836	73.5841048	4638.2
480	480	1.616	стакан-марка-красная	11.0	23.5	порода-в-тени	0.349	26.3	0.0	0.0	0.0	bbox	479	133.2	133.2	133.2	916,360,3,9	68.4	39.4826927	73.5838745	4637.3
481	481	0.777	рюкзак-синий	6.1	4.5	снег-в-тени	0.482	34.3	0.0	-8.0	8.0	bbox	480	101.1	101.1	102.1	890,3,5,4	68.1	39.4826933	73.5838763	4637.3
482	482	0.650	рюкзак-синий	5.1	3.5	снег-в-тени	0.464	35.3	0.0	-9.0	9.0	bbox	481	127.2	127.2	127.2	295,33,3,6	68.0	39.4826925	73.5838745	4637.3
483	483	1.139	рюкзак-синий	8.2	13.6	снег-в-тени	0.323	52.4	-1.0	-6.0	6.1	bbox	482	67.1	67.1	67.1	1729,113,6,4	67.3	39.4826938	73.5838758	4637.3
484	484	1.074	рюкзак-синий	8.5	3.2	снег-в-тени	0.410	42.0	-2.0	-6.0	6.3	bbox	483	135.2	135.2	135.2	13,145,4,8	67.0	39.4826924	73.5838746	4637.3
485	485	0.988	рюкзак-синий	6.0	18.0	порода-в-тени	0.952	20.8	1.0	-8.0	8.1	bbox	484	43.1	43.1	43.1	435,648,5,5	66.3	39.4826551	73.5839732	4637.3
486	486	1.858	рюкзак-синий	14.9	0.4	порода-в-тени	0.702	38.4	-4.0	0.0	4.0	bbox	485	41.1	38.1	41.1	1800,1050,5,7	66.2	39.4826045	73.5840514	4637.3
487	487	0.923	рюкзак-синий	7.3	4.3	снег-в-тени	0.243	43.1	-1.0	-7.0	7.1	bbox	486	117.2	117.2	118.2	467,83,4,5	66.2	39.4826935	73.5838765	4637.3
488	488	0.968	рюкзак-синий	6.3	15.7	порода-в-тени	0.889	23.1	-1.0	-8.0	8.1	bbox	487	0.0	0.0	0.0	257,73,4,7	66.1	39.4824853	73.5841073	4638.2
489	489	1.815	палка-древко-контроль	13.2	21.5	снег-освещённый	0.923	63.1	-6.0	-2.0	6.3	bbox	488	109.2	109.2	109.2	830,1061,3,9	65.9	39.4826927	73.5838764	4637.3
490	490	1.043	рюкзак-синий	6.1	20.0	порода-в-тени	0.912	18.8	0.0	-8.0	8.0	bbox	489	112.2	112.2	114.2	1914,277,6,3	65.9	39.4826928	73.5838763	4637.3
491	491	1.164	рюкзак-синий	6.1	24.7	порода-в-тени	0.937	14.1	0.0	-8.0	8.0	bbox	490	100.1	100.1	100.1	637,761,4,6	65.7	39.4826933	73.5838765	4637.3
492	492	0.919	рюкзак-синий	7.3	3.5	снег-в-тени	0.480	35.3	-1.0	-7.0	7.1	bbox	491	43.1	40.1	44.1	457,989,8,4	65.5	39.4826551	73.5839732	4637.3
493	493	1.058	рюкзак-синий	7.2	15.5	снег-в-тени	0.441	54.3	-3.0	-8.0	8.5	bbox	492	140.2	140.2	143.2	1650,679,15,2	65.5	39.4826914	73.5838757	4637.3
494	494	2.040	палка-древко-контроль	15.2	20.8	снег-освещённый	0.866	62.4	-5.5	0.0	5.5	bbox	493	143.2	143.2	143.2	125,261,3,10	65.3	39.4826921	73.5838765	4637.3
495	495	1.754	рюкзак-синий	13.9	5.9	порода-в-тени	0.903	44.7	-4.0	-1.0	4.1	bbox	494	40.1	38.1	40.1	1724,545,3,8	65.2	39.4825660	73.5840865	4637.3
496	496	1.122	рюкзак-синий	4.5	27.2	порода-в-тени	1.325	11.6	3.0	-10.0	10.4	bbox	495	39.1	39.1	39.1	1829,359,3,6	64.9	39.4825305	73.5840980	4637.3
497	497	1.893	рюкзак-синий	13.6	23.3	порода-в-тени	0.215	15.5	-3.0	-1.0	3.2	bbox	496	73.1	73.1	73.1	793,995,2,12	64.8	39.4826925	73.5838756	4637.3
498	498	1.755	стакан-марка-красная	14.0	0.4	снег-в-тени	1.071	50.2	-3.0	0.0	3.0	bbox	497	114.2	112.2	114.2	1481,1064,2,9	64.8	39.4826933	73.5838764	4637.3
499	499	1.833	рюкзак-синий	13.0	23.5	порода-в-тени	0.309	15.3	0.0	-1.0	1.0	bbox	498	49.1	45.1	49.1	1471,447,4,12	64.7	39.4826965	73.5838723	4637.3
500	500	2.089	рюкзак-синий	13.5	34.3	порода-в-тени	0.623	4.5	0.0	-0.5	0.5	bbox	499	34.0	34.0	37.1	1869,641,4,8	64.6	39.4824839	73.5841049	4638.2
501	501	1.085	рюкзак-синий	7.2	16.9	снег-в-тени	0.469	55.7	-3.0	-8.0	8.5	bbox	500	106.2	106.2	106.2	97,87,15,2	64.6	39.4826924	73.5838764	4637.3
502	502	1.829	рюкзак-синий	13.9	15.7	снег-освещённый	1.019	54.5	-4.0	-1.0	4.1	bbox	501	143.2	143.2	143.2	1010,826,5,5	64.5	39.4826921	73.5838765	4637.3
503	503	1.748	рюкзак-синий	13.2	16.6	порода-в-тени	0.140	22.2	-1.0	-1.0	1.4	bbox	502	80.1	76.1	80.1	650,563,5,4	64.3	39.4826924	73.5838763	4637.3
504	504	1.190	рюкзак-синий	7.1	22.3	порода-в-тени	0.803	16.5	0.0	-7.0	7.0	bbox	503	93.1	91.1	93.1	737,307,4,6	63.7	39.4826922	73.5838750	4637.3
505	505	1.030	рюкзак-синий	7.2	13.9	снег-в-тени	0.415	52.7	-3.0	-8.0	8.5	bbox	504	128.2	128.2	128.2	1537,182,6,5	63.6	39.4826925	73.5838741	4637.3
506	506	1.060	рюкзак-синий	5.8	21.5	порода-в-тени	1.006	17.3	-2.0	-9.0	9.2	bbox	505	33.0	33.0	33.0	29,161,5,5	63.5	39.4824836	73.5841048	4638.2
507	507	0.920	рюкзак-синий	7.3	3.7	снег-в-тени	0.258	42.5	-1.0	-7.0	7.1	bbox	506	42.1	41.1	42.1	257,156,8,3	63.5	39.4826390	73.5840014	4637.3
508	508	0.716	рюкзак-синий	4.1	13.9	снег-в-тени	0.891	24.9	2.0	-10.0	10.2	bbox	507	128.2	128.2	128.2	1633,0,8,3	63.3	39.4826925	73.5838741	4637.3
509	509	1.364	рюкзак-синий	8.1	25.7	порода-в-тени	0.735	13.1	-2.0	-6.5	6.8	bbox	508	75.1	74.1	76.1	589,292,4,6	63.1	39.4826925	73.5838759	4637.3
510	510	1.672	стакан-марка-красная	12.0	20.4	порода-в-тени	0.367	29.4	-1.0	0.0	1.0	bbox	509	41.1	41.1	41.1	1839,627,4,8	63.0	39.4826045	73.5840514	4637.3
511	511	1.030	рюкзак-синий	6.0	19.8	порода-в-тени	0.953	19.0	1.0	-8.0	8.1	bbox	510	45.1	45.1	45.1	187,1019,4,6	62.9	39.4826793	73.5839157	4637.3
512	512	1.207	рюкзак-синий	6.1	26.3	порода-в-тени	0.952	12.5	0.0	-8.0	8.0	bbox	511	76.1	76.1	83.1	563,14,7,3	62.9	39.4826924	73.5838759	4637.3
513	513	0.727	рюкзак-синий	5.6	5.7	снег-в-тени	0.570	33.1	-1.5	-9.0	9.1	bbox	512	47.1	47.1	48.1	1569,25,6,4	62.7	39.4826970	73.5838729	4637.3
514	514	1.769	стакан-марка-красная	11.0	31.0	порода-в-тени	0.285	18.8	0.0	0.0	0.0	bbox	513	50.1	50.1	50.1	1571,826,3,7	62.6	39.4826959	73.5838730	4637.3
515	515	1.300	рюкзак-синий	6.7	27.8	порода-в-тени	0.937	11.0	-2.0	-8.0	8.2	bbox	514	110.2	110.2	110.2	1826,832,6,6	62.6	39.4826925	73.5838760	4637.3
516	516	1.536	стакан-марка-красная	11.0	18.8	порода-в-тени	0.470	31.0	0.0	0.0	0.0	bbox	515	111.2	111.2	111.2	1495,543,2,9	62.6	39.4826923	73.5838762	4637.3
517	517	0.814	рюкзак-синий	6.3	5.5	снег-в-тени	0.532	33.3	-1.0	-8.0	8.1	bbox	516	119.2	119.2	119.2	161,0,6,3	61.9	39.4826934	73.5838762	4637.3
518	518	1.074	рюкзак-синий	7.6	13.9	порода-в-тени	0.767	24.9	-2.0	-7.0	7.3	bbox	517	123.2	123.2	123.2	1291,491,6,6	61.7	39.4826928	73.5838752	4637.3
519	519	2.118	стакан-марка-красная	16.0	19.2	снег-освещённый	0.653	69.0	-5.0	0.0	5.0	bbox	518	123.2	123.2	123.2	1453,977,4,5	61.5	39.4826928	73.5838752	4637.3
520	520	1.915	палка-древко-контроль	15.3	3.1	порода-в-тени	0.954	44.7	-5.0	0.0	5.0	bbox	519	41.1	40.1	41.1	1796,993,3,7	61.1	39.4826045	73.5840514	4637.3
521	521	1.265	рюкзак-синий	7.6	23.3	порода-в-тени	0.770	15.5	-2.0	-7.0	7.3	bbox	520	109.2	108.2	109.2	918,140,10,3	61.1	39.4826927	73.5838764	4637.3
522	522	1.065	рюкзак-синий	8.2	7.5	снег-в-тени	0.285	46.3	-1.0	-6.0	6.1	bbox	521	135.2	135.2	135.2	1666,911,7,4	61.1	39.4826924	73.5838746	4637.3
523	523	0.925	рюкзак-синий	7.3	4.7	снег-в-тени	0.520	34.1	-1.0	-7.0	7.1	bbox	522	47.1	47.1	49.1	1617,1025,10,3	61.0	39.4826970	73.5838729	4637.3
524	524	0.910	рюкзак-синий	7.3	0.6	снег-в-тени	0.348	39.4	-1.0	-7.0	7.1	bbox	523	79.1	79.1	82.1	753,154,8,5	60.9	39.4826925	73.5838762	4637.3
525	525	1.778	палка-древко-контроль	13.2	19.0	снег-освещённый	0.987	60.6	-6.0	-2.0	6.3	bbox	524	127.2	127.2	127.2	483,311,4,4	60.8	39.4826925	73.5838745	4637.3
526	526	1.065	рюкзак-синий	5.1	23.9	порода-в-тени	1.049	14.9	0.0	-9.0	9.0	bbox	525	42.1	42.1	42.1	1005,830,5,5	60.4	39.4826390	73.5840014	4637.3
527	527	1.993	рюкзак-синий	13.0	32.1	порода-в-тени	0.551	6.7	0.0	-1.0	1.0	bbox	526	59.1	59.1	59.1	891,963,4,4	60.2	39.4826950	73.5838754	4637.3
528	528	1.165	рюкзак-синий	7.3	20.4	порода-в-тени	0.764	18.4	-1.0	-7.0	7.1	bbox	527	18.0	17.0	18.0	475,358,6,3	60.0	39.4824852	73.5841066	4638.2
529	529	1.290	рюкзак-синий	6.1	29.2	порода-в-тени	1.079	9.6	2.0	-8.0	8.2	bbox	528	89.1	87.1	90.1	458,497,3,6	59.8	39.4826925	73.5838757	4637.4
530	530	0.840	рюкзак-синий	6.0	10.6	снег-в-тени	0.710	28.2	1.0	-8.0	8.1	bbox	529	129.2	125.2	129.2	433,321,6,3	59.6	39.4826925	73.5838741	4637.3
531	531	1.061	рюкзак-синий	6.0	21.0	порода-в-тени	0.983	17.8	1.5	-8.0	8.1	bbox	530	45.1	44.1	45.1	93,546,4,5	59.5	39.4826793	73.5839157	4637.3
532	532	1.250	палка-древко-контроль	8.9	15.7	снег-в-тени	0.616	57.3	-4.0	-7.0	8.1	bbox	531	106.2	106.2	106.2	117,369,4,8	59.3	39.4826924	73.5838764	4637.3
533	533	1.302	рюкзак-синий	6.1	29.6	порода-в-тени	0.994	9.2	0.0	-8.0	8.0	bbox	532	104.2	104.2	107.2	1451,79,6,4	59.2	39.4826927	73.5838764	4637.3
534	534	1.033	рюкзак-синий	7.3	13.7	порода-в-тени	0.779	25.1	-1.0	-7.0	7.1	bbox	533	123.2	121.2	123.2	1280,404,5,4	59.2	39.4826928	73.5838752	4637.3
535	535	1.163	рюкзак-синий	6.0	24.9	порода-в-тени	0.980	13.9	1.0	-8.0	8.1	bbox	534	80.1	80.1	85.1	661,292,4,6	59.1	39.4826924	73.5838763	4637.3
536	536	1.122	рюкзак-синий	6.1	23.1	порода-в-тени	0.925	15.7	0.0	-8.0	8.0	bbox	535	94.1	94.1	94.1	1166,265,6,4	59.0	39.4826922	73.5838751	4637.3
537	537	1.814	стакан-марка-красная	11.0	32.9	порода-в-тени	0.307	16.9	0.0	0.0	0.0	bbox	536	58.1	58.1	58.1	223,1073,2,7	58.9	39.4826949	73.5838748	4637.3
538	538	1.635	рюкзак-синий	12.4	14.9	снег-в-тени	0.818	53.7	-2.0	-2.0	2.8	bbox	537	83.1	82.1	83.1	1162,138,7,3	58.7	39.4826924	73.5838761	4637.3
539	539	1.254	рюкзак-синий	5.2	30.0	порода-в-тени	1.220	8.8	2.5	-9.0	9.3	bbox	538	104.2	104.2	104.2	124,65,4,4	58.7	39.4826927	73.5838764	4637.3
540	540	1.752	стакан-марка-красная	12.0	25.1	порода-в-тени	0.234	24.7	-1.0	0.0	1.0	bbox	539	105.2	105.2	105.2	1889,1009,2,8	58.7	39.4826926	73.5838764	4637.3
541	541	1.034	рюкзак-синий	8.2	2.1	снег-в-тени	0.486	36.7	-1.0	-6.0	6.1	bbox	540	8.0	6.0	8.0	193,569,3,8	58.6	39.4824852	73.5841077	4638.2
542	542	1.957	рюкзак-синий	12.2	34.5	порода-в-тени	0.601	4.3	-1.0	-2.0	2.2	bbox	541	62.1	62.1	62.1	881,745,8,2	58.6	39.4826950	73.5838758	4637.4
543	543	0.988	рюкзак-синий	7.6	7.4	снег-в-тени	0.650	31.4	-2.0	-7.0	7.3	bbox	542	82.1	79.1	85.1	641,473,6,4	58.6	39.4826923	73.5838763	4637.3
544	544	0.855	рюкзак-синий	6.7	4.7	снег-в-тени	0.293	43.5	-2.0	-8.0	8.2	bbox	543	40.1	39.1	40.1	1913,47,7,4	58.5	39.4825660	73.5840865	4637.3
545	545	1.185	рюкзак-синий	6.1	25.5	порода-в-тени	0.944	13.3	0.0	-8.0	8.0	bbox	544	111.2	111.2	113.2	722,44,7,3	58.5	39.4826923	73.5838762	4637.3
546	546	0.925	рюкзак-синий	7.3	4.7	снег-в-тени	0.520	34.1	-1.0	-7.0	7.1	bbox	545	50.1	50.1	50.1	1747,77,4,8	58.3	39.4826959	73.5838730	4637.3
547	547	0.824	рюкзак-синий	6.6	1.5	снег-в-тени	0.382	37.3	0.0	-7.5	7.5	bbox	546	37.1	37.1	37.1	1785,0,8,3	58.2	39.4824894	73.5841033	4638.2
548	548	1.697	стакан-марка-красная	12.0	22.0	порода-в-тени	0.319	27.8	-1.0	0.0	1.0	bbox	547	134.2	130.2	134.2	1009,937,2,8	57.8	39.4826927	73.5838746	4637.3
549	549	1.210	рюкзак-синий	7.3	22.3	порода-в-тени	0.773	16.5	-1.0	-7.0	7.1	bbox	548	95.1	95.1	95.1	317,1035,4,5	57.7	39.4826925	73.5838753	4637.3
550	550	1.760	рюкзак-синий	14.1	0.4	порода-в-тени	0.659	38.4	-3.0	-0.5	3.0	bbox	549	134.2	134.2	134.2	333,329,4,10	57.6	39.4826927	73.5838746	4637.3
551	551	1.869	рюкзак-синий	13.9	19.0	снег-освещённый	0.910	57.8	-4.0	-1.0	4.1	bbox	550	92.1	90.1	92.1	874,329,5,4	57.5	39.4826922	73.5838752	4637.3
552	552	1.643	стакан-марка-красная	12.0	18.4	порода-в-тени	0.430	31.4	-1.0	0.0	1.0	bbox	551	144.2	144.2	144.2	1619,876,6,9	57.2	39.4826922	73.5838765	4637.3
553	553	1.210	рюкзак-синий	7.3	22.3	порода-в-тени	0.773	16.5	-1.0	-7.0	7.1	bbox	552	90.1	90.1	90.1	1101,392,4,6	57.0	39.4826924	73.5838755	4637.3
554	554	0.803	рюкзак-синий	6.0	7.8	снег-в-тени	0.604	31.0	0.5	-8.0	8.0	bbox	553	37.1	36.1	37.1	1749,577,2,10	56.9	39.4824894	73.5841033	4638.2
555	555	0.934	рюкзак-синий	6.5	12.9	снег-в-тени	0.805	25.9	-1.5	-8.0	8.1	bbox	554	84.1	84.1	85.1	687,201,4,8	56.8	39.4826925	73.5838760	4637.3
556	556	1.062	рюкзак-синий	6.1	20.8	порода-в-тени	1.011	18.0	2.0	-8.0	8.2	bbox	555	95.1	94.1	95.1	1075,97,3,6	56.6	39.4826925	73.5838753	4637.3
557	557	1.329	рюкзак-синий	7.0	28.0	порода-в-тени	0.906	10.8	1.0	-7.0	7.1	bbox	556	45.1	45.1	45.1	1369,956,4,5	56.2	39.4826793	73.5839157	4637.3
558	558	0.944	рюкзак-синий	6.1	15.7	снег-в-тени	0.881	23.1	0.0	-8.0	8.0	bbox	557	47.1	47.1	47.1	650,686,6,4	55.7	39.4826970	73.5838729	4637.3
559	559	1.723	стакан-марка-красная	11.2	28.2	порода-в-тени	0.253	21.6	0.0	-1.0	1.0	bbox	558	127.2	126.2	127.2	1138,241,5,5	55.6	39.4826925	73.5838745	4637.3
560	560	1.760	рюкзак-синий	14.1	1.0	порода-в-тени	0.707	39.8	-3.0	-0.5	3.0	bbox	559	101.1	101.1	101.1	1905,637,6,4	55.2	39.4826933	73.5838763	4637.3
561	561	1.970	рюкзак-синий	12.2	35.1	порода-в-тени	0.621	3.7	-1.0	-2.0	2.2	bbox	560	61.1	61.1	61.1	937,769,8,2	54.7	39.4826951	73.5838760	4637.3
562	562	0.646	рюкзак-синий	5.1	3.0	снег-в-тени	0.353	41.8	2.0	-9.0	9.2	bbox	561	141.2	141.2	141.2	1827,137,4,8	54.6	39.4826916	73.5838761	4637.3
563	563	1.367	рюкзак-синий	8.2	25.1	снег-в-тени	0.640	63.9	-1.0	-6.0	6.1	bbox	562	117.2	117.2	117.2	819,1033,4,8	54.5	39.4826935	73.5838765	4637.3
564	564	1.072	рюкзак-синий	6.1	21.2	порода-в-тени	0.915	17.6	0.0	-8.0	8.0	bbox	563	81.1	81.1	84.1	797,126,9,3	54.2	39.4826924	73.5838763	4637.3
565	565	2.218	рюкзак-синий	14.0	38.0	порода-в-тени	0.754	0.8	0.0	0.0	0.0	bbox	564	18.0	18.0	18.0	943,402,7,3	54.1	39.4824852	73.5841066	4638.2
566	566	1.144	рюкзак-синий	7.3	19.4	порода-в-тени	0.761	19.4	-1.0	-7.0	7.1	bbox	565	43.1	43.1	44.1	425,101,5,4	54.1	39.4826551	73.5839732	4637.3
567	567	0.915	рюкзак-синий	6.3	12.9	снег-в-тени	0.793	25.9	-1.0	-8.0	8.1	bbox	566	130.2	125.2	130.2	297,689,4,5	53.6	39.4826926	73.5838742	4637.3
568	568	0.922	рюкзак-синий	6.8	10.0	снег-в-тени	0.777	28.8	3.0	-7.5	8.1	bbox	567	130.2	130.2	130.2	995,0,4,4	53.5	39.4826926	73.5838742	4637.3
569	569	1.033	рюкзак-синий	8.2	1.7	снег-в-тени	0.475	37.1	-1.0	-6.0	6.1	bbox	568	6.0	6.0	7.0	217,457,3,6	53.4	39.4824851	73.5841079	4638.2
570	570	1.208	рюкзак-синий	5.5	27.8	порода-в-тени	1.064	11.0	1.0	-8.5	8.6	bbox	569	39.1	39.1	39.1	1753,8,4,6	53.3	39.4825305	73.5840980	4637.3
571	571	1.811	рюкзак-синий	12.0	28.2	порода-в-тени	0.448	10.6	0.0	-2.0	2.0	bbox	570	39.1	39.1	39.1	183,512,2,9	53.2	39.4825305	73.5840980	4637.3
572	572	0.948	рюкзак-синий	6.0	16.3	снег-в-тени	0.910	22.5	1.0	-8.0	8.1	bbox	571	95.1	95.1	98.1	993,113,6,3	53.1	39.4826925	73.5838753	4637.3
573	573	1.844	стакан-марка-красная	14.1	14.7	снег-освещённый	0.645	64.5	-3.0	-1.0	3.2	bbox	572	127.2	125.2	127.2	601,339,4,5	53.1	39.4826925	73.5838745	4637.3
574	574	0.830	рюкзак-синий	6.3	7.0	снег-в-тени	0.586	31.8	-1.0	-8.0	8.1	bbox	573	41.1	41.1	41.1	49,97,8,3	53.0	39.4826045	73.5840514	4637.3
575	575	1.181	рюкзак-синий	4.9	28.2	порода-в-тени	1.282	10.6	3.0	-9.5	10.0	bbox	574	39.1	38.1	40.1	1781,125,4,5	52.9	39.4825305	73.5840980	4637.3
576	576	1.361	рюкзак-синий	6.2	31.3	порода-в-тени	1.007	7.5	-0.5	-8.0	8.0	bbox	575	123.2	121.2	123.2	1883,419,5,4	52.9	39.4826928	73.5838752	4637.3
577	577	1.065	рюкзак-синий	6.9	17.3	снег-в-тени	0.430	56.1	-2.5	-8.0	8.4	bbox	576	106.2	106.2	106.2	983,835,2,12	52.8	39.4826924	73.5838764	4637.3
578	578	0.886	рюкзак-синий	5.1	17.2	снег-в-тени	0.945	21.6	0.0	-9.0	9.0	bbox	577	45.1	45.1	49.1	0,855,2,7	52.6	39.4826793	73.5839157	4637.3
579	579	0.938	рюкзак-синий	7.4	3.7	снег-в-тени	0.507	35.1	-1.5	-7.0	7.2	bbox	578	47.1	47.1	47.1	507,133,6,12	52.4	39.4826970	73.5838729	4637.3
580	580	2.132	стакан-марка-красная	16.0	20.4	снег-освещённый	0.627	70.2	-5.0	0.0	5.0	bbox	579	118.2	118.2	118.2	1513,958,5,5	52.2	39.4826934	73.5838764	4637.3
581	581	2.332	палка-древко-контроль	15.1	38.2	снег-пересвеченный	0.593	79.8	-6.0	0.0	6.0	bbox	580	133.2	132.2	133.2	896,89,6,2	52.2	39.4826927	73.5838745	4637.3
582	582	1.028	рюкзак-синий	6.1	19.4	порода-в-тени	0.911	19.4	0.0	-8.0	8.0	bbox	581	85.1	85.1	85.1	1195,155,5,4	51.9	39.4826926	73.5838760	4637.3
583	583	1.645	стакан-марка-красная	12.0	18.8	порода-в-тени	0.506	31.0	-1.0	1.5	1.8	bbox	582	115.2	111.2	115.2	1438,738,2,7	51.8	39.4826935	73.5838767	4637.3
584	584	1.121	рюкзак-синий	6.6	21.3	порода-в-тени	0.960	17.5	2.0	-7.5	7.8	bbox	583	44.1	42.1	48.1	301,522,4,6	51.7	39.4826663	73.5839487	4637.3
585	585	1.196	рюкзак-синий	6.1	25.9	порода-в-тени	0.948	12.9	0.0	-8.0	8.0	bbox	584	38.1	38.1	39.1	1620,252,5,5	51.6	39.4825027	73.5841014	4638.0
586	586	0.897	рюкзак-синий	5.1	17.7	снег-в-тени	0.334	56.5	0.0	-9.0	9.0	bbox	585	128.2	128.2	128.2	1099,179,4,4	51.6	39.4826925	73.5838741	4637.3
587	587	1.910	стакан-марка-красная	12.0	32.9	порода-в-тени	0.217	16.9	-1.0	0.0	1.0	bbox	586	46.1	46.1	46.1	1463,0,2,7	51.5	39.4826924	73.5838826	4637.3
588	588	1.033	рюкзак-синий	6.1	19.6	порода-в-тени	1.009	19.2	2.0	-8.0	8.2	bbox	587	46.1	46.1	46.1	81,409,3,6	51.3	39.4826924	73.5838826	4637.3
589	589	1.248	рюкзак-синий	7.1	24.7	порода-в-тени	0.822	14.1	0.0	-7.0	7.0	bbox	588	42.1	42.1	42.1	241,315,4,4	51.1	39.4826390	73.5840014	4637.3
590	590	1.672	рюкзак-синий	13.1	9.0	порода-в-тени	0.364	29.8	-3.0	-1.5	3.4	bbox	589	80.1	80.1	80.1	137,489,4,8	51.0	39.4826924	73.5838763	4637.3
591	591	1.758	рюкзак-синий	13.8	10.2	снег-в-тени	0.979	49.0	-3.5	-1.0	3.6	bbox	590	95.1	95.1	96.1	1737,900,4,5	51.0	39.4826925	73.5838753	4637.3
592	592	1.164	рюкзак-синий	8.2	15.1	снег-в-тени	0.355	53.9	-1.0	-6.0	6.1	bbox	591	107.2	107.2	108.2	547,241,4,4	51.0	39.4826925	73.5838764	4637.3
593	593	0.977	рюкзак-синий	6.3	16.1	порода-в-тени	0.888	22.7	-1.0	-8.0	8.1	bbox	592	117.2	117.2	117.2	1547,0,6,5	50.9	39.4826935	73.5838765	4637.3
594	594	1.669	рюкзак-синий	13.3	2.0	порода-в-тени	0.728	40.8	-2.0	-1.0	2.2	bbox	593	142.2	142.2	142.2	1057,156,4,5	50.9	39.4826919	73.5838764	4637.3
595	595	1.139	рюкзак-синий	5.1	26.4	порода-в-тени	1.154	12.4	2.0	-9.0	9.2	bbox	594	45.1	42.1	45.1	113,493,4,6	50.6	39.4826793	73.5839157	4637.3
596	596	1.609	стакан-марка-красная	11.0	23.1	порода-в-тени	0.358	26.7	0.0	0.0	0.0	bbox	595	131.2	131.2	132.2	976,421,4,4	50.4	39.4826926	73.5838743	4637.3
597	597	1.854	рюкзак-синий	13.5	21.8	снег-освещённый	0.835	60.6	-4.0	-1.5	4.3	bbox	596	115.2	113.2	115.2	957,469,2,10	50.3	39.4826935	73.5838767	4637.3
598	598	1.795	рюкзак-синий	13.3	18.6	порода-в-тени	0.007	20.2	-2.0	-1.0	2.2	bbox	597	55.1	54.1	57.1	119,433,2,8	50.2	39.4826947	73.5838739	4637.3
599	599	0.811	рюкзак-синий	5.5	11.9	снег-в-тени	0.753	26.9	0.5	-8.5	8.5	bbox	598	129.2	127.2	129.2	1313,455,6,2	50.1	39.4826925	73.5838741	4637.3
600	600	1.959	рюкзак-синий	12.4	33.7	порода-в-тени	0.561	5.1	-2.0	-2.0	2.8	bbox	599	51.1	51.1	51.1	1049,161,8,2	50.0	39.4826957	73.5838733	4637.3
601	601	2.296	палка-древко-контроль	10.4	52.9	снег-пересвеченный	0.312	94.5	-5.0	-5.0	7.1	bbox	600	143.2	143.2	143.2	901,36,4,4	49.9	39.4826921	73.5838765	4637.3
602	602	1.300	рюкзак-синий	9.5	14.9	снег-в-тени	0.498	53.7	-2.0	-5.0	5.4	bbox	601	65.1	60.1	68.1	820,347,5,4	49.8	39.4826947	73.5838761	4637.3
603	603	1.987	рюкзак-синий	13.6	28.8	порода-в-тени	0.392	10.0	-3.0	-1.0	3.2	bbox	602	63.1	63.1	65.1	905,257,8,2	49.7	39.4826947	73.5838759	4637.4
604	604	1.074	рюкзак-синий	8.1	10.4	снег-в-тени	0.399	49.2	-3.0	-7.0	7.6	bbox	603	142.2	139.2	142.2	1141,243,4,4	49.7	39.4826919	73.5838764	4637.3
605	605	0.931	рюкзак-синий	5.4	18.0	снег-в-тени	0.981	20.8	-1.0	-9.0	9.1	bbox	604	129.2	129.2	129.2	1163,243,5,3	49.6	39.4826925	73.5838741	4637.3
606	606	1.241	рюкзак-синий	6.0	27.6	порода-в-тени	0.986	11.2	0.5	-8.0	8.0	bbox	605	43.1	43.1	43.1	217,97,3,6	49.5	39.4826551	73.5839732	4637.3
607	607	1.698	рюкзак-синий	9.2	34.9	снег-освещённый	0.674	73.7	-1.0	-5.0	5.1	bbox	606	132.2	132.2	132.2	1629,122,3,5	49.5	39.4826926	73.5838744	4637.3
608	608	1.278	рюкзак-синий	7.1	25.9	порода-в-тени	0.834	12.9	0.0	-7.0	7.0	bbox	607	89.1	89.1	89.1	985,66,8,3	49.4	39.4826925	73.5838757	4637.4
609	609	0.996	рюкзак-синий	6.1	18.0	порода-в-тени	0.910	20.8	0.0	-8.0	8.0	bbox	608	89.1	89.1	89.1	779,404,5,3	49.4	39.4826925	73.5838757	4637.4
610	610	1.141	рюкзак-синий	6.0	24.1	порода-в-тени	0.973	14.7	1.0	-8.0	8.1	bbox	609	87.1	85.1	87.1	889,360,6,3	49.3	39.4826926	73.5838760	4637.3
611	611	1.442	стакан-марка-красная	11.0	12.2	порода-в-тени	0.710	37.6	0.0	1.0	1.0	bbox	610	122.2	122.2	122.2	1170,0,3,5	49.2	39.4826930	73.5838754	4637.3
612	612	1.300	рюкзак-синий	6.7	27.8	порода-в-тени	0.937	11.0	-2.0	-8.0	8.2	bbox	611	51.1	51.1	57.1	1245,657,5,4	48.9	39.4826957	73.5838733	4637.3
613	613	1.312	рюкзак-синий	10.0	10.6	снег-в-тени	0.503	49.4	0.0	-4.0	4.0	bbox	612	57.1	57.1	61.1	1915,689,5,3	48.8	39.4826950	73.5838743	4637.3
614	614	1.939	рюкзак-синий	13.0	29.4	порода-в-тени	0.465	9.4	0.0	-1.0	1.0	bbox	613	39.1	39.1	41.1	535,129,4,6	48.7	39.4825305	73.5840980	4637.3
615	615	1.218	рюкзак-синий	6.1	26.6	порода-в-тени	0.956	12.2	0.0	-8.0	8.0	bbox	614	83.1	81.1	83.1	906,250,5,3	48.6	39.4826924	73.5838761	4637.3
616	616	2.026	рюкзак-синий	13.0	33.7	порода-в-тени	0.601	5.1	0.0	-1.0	1.0	bbox	615	36.1	36.1	36.1	1885,522,2,7	48.1	39.4824852	73.5841049	4638.2
617	617	1.301	рюкзак-синий	6.5	28.4	порода-в-тени	0.941	10.4	0.5	-7.5	7.5	bbox	616	42.1	42.1	42.1	913,449,8,2	48.1	39.4826390	73.5840014	4637.3
618	618	0.999	рюкзак-синий	7.0	13.5	снег-в-тени	0.823	25.3	1.0	-7.0	7.1	bbox	617	43.1	43.1	43.1	51,249,4,5	48.1	39.4826551	73.5839732	4637.3
619	619	0.805	рюкзак-синий	6.0	8.0	снег-в-тени	0.611	30.8	0.5	-8.0	8.0	bbox	618	84.1	82.1	84.1	769,298,4,4	47.9	39.4826925	73.5838760	4637.3
620	620	0.953	рюкзак-синий	6.3	14.9	снег-в-тени	0.246	53.7	-1.0	-8.0	8.1	bbox	619	128.2	128.2	129.2	1052,0,5,3	47.9	39.4826925	73.5838741	4637.3
621	621	2.017	рюкзак-синий	13.5	30.8	порода-в-тени	0.511	8.0	0.0	-0.5	0.5	bbox	620	48.1	48.1	48.1	1649,921,4,5	47.8	39.4826972	73.5838715	4637.3
622	622	0.885	рюкзак-синий	7.1	1.2	снег-в-тени	0.384	37.6	0.0	-7.0	7.0	bbox	621	47.1	47.1	48.1	113,833,2,8	47.7	39.4826970	73.5838729	4637.3
623	623	0.968	рюкзак-синий	6.0	17.0	порода-в-тени	0.930	21.8	0.5	-8.0	8.0	bbox	622	42.1	42.1	42.1	65,977,4,6	47.6	39.4826390	73.5840014	4637.3
624	624	1.811	рюкзак-синий	12.0	28.2	порода-в-тени	0.448	10.6	0.0	-2.0	2.0	bbox	623	7.0	7.0	7.0	189,577,2,8	47.5	39.4824852	73.5841078	4638.2
625	625	0.750	рюкзак-синий	4.1	15.3	снег-в-тени	0.902	23.5	0.0	-10.0	10.0	bbox	624	144.2	144.2	144.2	1917,372,3,5	47.5	39.4826922	73.5838765	4637.3
626	626	1.827	рюкзак-синий	12.0	29.0	порода-в-тени	0.470	9.8	0.0	-2.0	2.0	bbox	625	144.2	144.2	144.2	21,117,4,4	47.4	39.4826922	73.5838765	4637.3
627	627	0.791	рюкзак-синий	6.3	0.6	снег-в-тени	0.325	39.4	-1.0	-8.0	8.1	bbox	626	40.1	40.1	40.1	1857,1015,4,6	46.9	39.4825660	73.5840865	4637.3
628	628	1.058	рюкзак-синий	7.0	16.6	порода-в-тени	0.841	22.2	1.0	-7.0	7.1	bbox	627	42.1	42.1	42.1	503,17,6,3	46.8	39.4826390	73.5840014	4637.3
629	629	1.497	рюкзак-синий	8.1	30.8	порода-в-тени	0.788	8.0	-0.5	-6.0	6.0	bbox	628	7.0	7.0	7.0	461,145,4,4	46.7	39.4824852	73.5841078	4638.2
630	630	1.623	рюкзак-синий	12.0	17.2	порода-в-тени	0.339	21.6	0.5	-2.0	2.1	bbox	629	46.1	46.1	46.1	1469,369,4,4	46.7	39.4826924	73.5838826	4637.3
631	631	1.321	рюкзак-синий	8.1	23.9	порода-в-тени	0.701	14.9	0.0	-6.0	6.0	bbox	630	99.1	99.1	99.1	1003,185,5,3	46.7	39.4826935	73.5838766	4637.3
632	632	1.328	рюкзак-синий	6.6	29.2	порода-в-тени	0.933	9.6	0.0	-7.5	7.5	bbox	631	43.1	42.1	43.1	937,481,8,2	46.4	39.4826551	73.5839732	4637.3
633	633	1.087	рюкзак-синий	6.1	21.7	порода-в-тени	0.918	17.1	0.0	-8.0	8.0	bbox	632	45.1	43.1	45.1	146,931,4,4	46.3	39.4826793	73.5839157	4637.3
634	634	1.679	палка-древко-контроль	13.0	11.3	снег-в-тени	1.167	52.9	-7.0	-2.0	7.3	bbox	633	139.2	139.2	139.2	53,889,6,4	46.3	39.4826912	73.5838756	4637.3
635	635	1.107	рюкзак-синий	6.1	22.5	порода-в-тени	0.922	16.3	0.0	-8.0	8.0	bbox	634	86.1	86.1	92.1	665,409,4,4	46.2	39.4826926	73.5838760	4637.3
636	636	1.942	стакан-марка-красная	11.1	38.0	порода-в-тени	0.402	11.8	0.0	-0.5	0.5	bbox	635	43.1	43.1	43.1	273,833,8,4	46.1	39.4826551	73.5839732	4637.3
637	637	1.670	рюкзак-синий	13.3	2.4	порода-в-тени	0.742	41.2	-2.0	-1.0	2.2	bbox	636	33.0	33.0	33.0	453,518,6,3	46.0	39.4824836	73.5841048	4638.2
638	638	2.096	стакан-марка-красная	11.0	44.3	порода-в-тени	0.639	5.5	0.0	1.0	1.0	bbox	637	34.0	34.0	34.0	1889,437,2,6	45.7	39.4824839	73.5841049	4638.2
639	639	2.039	рюкзак-синий	13.0	34.3	порода-в-тени	0.620	4.5	0.0	-1.0	1.0	bbox	638	80.1	76.1	80.1	777,433,7,2	45.7	39.4826924	73.5838763	4637.3
640	640	1.501	рюкзак-синий	10.2	22.2	снег-в-тени	0.698	61.0	-1.0	-4.0	4.1	bbox	639	112.2	111.2	113.2	526,631,5,4	45.7	39.4826928	73.5838763	4637.3
641	641	0.700	рюкзак-синий	5.6	1.0	снег-в-тени	0.361	37.8	0.0	-8.5	8.5	bbox	640	129.2	129.2	129.2	1755,0,4,3	45.3	39.4826925	73.5838741	4637.3
642	642	0.938	рюкзак-синий	4.1	21.9	снег-в-тени	1.133	16.9	0.0	-10.0	10.0	bbox	641	38.1	38.1	38.1	1868,102,5,5	45.2	39.4825027	73.5841014	4638.0
643	643	1.422	рюкзак-синий	8.6	26.3	порода-в-тени	0.676	12.5	0.0	-5.5	5.5	bbox	642	47.1	47.1	47.1	612,737,5,4	45.2	39.4826970	73.5838729	4637.3
644	644	1.490	стакан-марка-красная	11.6	9.6	порода-в-тени	0.734	40.2	-0.5	-0.5	0.7	bbox	643	33.0	33.0	33.0	463,377,2,8	45.1	39.4824836	73.5841048	4638.2
645	645	1.807	стакан-марка-красная	14.0	12.2	порода-в-тени	0.641	37.6	-3.0	0.0	3.0	bbox	644	69.1	69.1	69.1	65,999,4,4	44.9	39.4826935	73.5838755	4637.3
646	646	1.985	рюкзак-синий	14.1	25.3	порода-в-тени	0.302	13.5	-1.0	0.0	1.0	bbox	645	44.1	44.1	44.1	991,209,2,8	44.8	39.4826663	73.5839487	4637.3
647	647	1.346	рюкзак-синий	10.2	12.1	порода-в-тени	0.454	26.7	-1.0	-4.0	4.1	bbox	646	32.0	32.0	32.0	855,0,2,9	44.6	39.4824835	73.5841047	4638.2
648	648	1.965	рюкзак-синий	13.0	30.8	порода-в-тени	0.507	8.0	0.0	-1.0	1.0	bbox	647	44.1	44.1	44.1	35,39,2,8	44.3	39.4826663	73.5839487	4637.3
649	649	1.239	рюкзак-синий	6.0	27.6	порода-в-тени	1.007	11.2	1.0	-8.0	8.1	bbox	648	123.2	123.2	123.2	22,173,7,4	44.2	39.4826928	73.5838752	4637.3
650	650	1.962	палка-древко-контроль	15.3	12.3	снег-освещённый	1.082	53.9	-5.0	0.0	5.0	bbox	649	142.2	142.2	142.2	341,204,4,5	44.1	39.4826919	73.5838764	4637.3
651	651	1.713	рюкзак-синий	13.6	5.9	порода-в-тени	0.877	44.7	-3.0	-1.0	3.2	bbox	650	37.1	37.1	37.1	1262,1035,3,6	43.8	39.4824894	73.5841033	4638.2
652	652	0.903	рюкзак-синий	6.0	14.1	снег-в-тени	0.834	24.7	1.0	-8.0	8.1	bbox	651	46.1	46.1	46.1	213,1075,3,5	43.7	39.4826924	73.5838826	4637.3
653	653	1.317	рюкзак-синий	7.6	25.5	порода-в-тени	0.791	13.3	-2.0	-7.0	7.3	bbox	652	54.1	54.1	55.1	161,1006,5,3	43.5	39.4826950	73.5838737	4637.3
654	654	0.974	рюкзак-синий	6.1	17.0	порода-в-тени	0.911	21.8	0.0	-8.0	8.0	bbox	653	128.2	128.2	128.2	487,19,8,2	43.5	39.4826925	73.5838741	4637.3
655	655	1.154	рюкзак-синий	6.1	24.3	порода-в-тени	0.934	14.5	0.0	-8.0	8.0	bbox	654	77.1	77.1	77.1	473,393,4,4	43.3	39.4826925	73.5838761	4637.3
656	656	0.961	рюкзак-синий	6.1	16.4	снег-в-тени	0.909	22.4	0.0	-8.0	8.0	bbox	655	42.1	42.1	42.1	189,185,5,3	43.1	39.4826390	73.5840014	4637.3
657	657	0.904	рюкзак-синий	7.1	5.3	снег-в-тени	0.525	33.5	0.0	-7.0	7.0	bbox	656	43.1	43.1	43.1	451,1057,6,4	43.1	39.4826551	73.5839732	4637.3
658	658	1.159	рюкзак-синий	6.1	24.5	порода-в-тени	0.936	14.3	0.0	-8.0	8.0	bbox	657	108.2	108.2	108.2	508,483,4,6	42.9	39.4826926	73.5838764	4637.3
659	659	1.133	рюкзак-синий	6.1	23.5	порода-в-тени	0.928	15.3	0.0	-8.0	8.0	bbox	658	38.1	38.1	38.1	1879,172,6,4	42.8	39.4825027	73.5841014	4638.0
660	660	0.537	рюкзак-синий	3.0	10.8	снег-в-тени	0.809	28.0	1.0	-11.0	11.0	bbox	659	142.2	142.2	142.2	1187,347,3,4	42.8	39.4826919	73.5838764	4637.3
661	661	1.959	рюкзак-синий	12.4	33.7	порода-в-тени	0.561	5.1	-2.0	-2.0	2.8	bbox	660	43.1	43.1	43.1	1893,565,2,6	42.7	39.4826551	73.5839732	4637.3
662	662	2.290	рюкзак-синий	16.8	25.9	порода-в-тени	0.524	12.9	-4.0	2.0	4.5	bbox	661	74.1	74.1	75.1	737,873,3,4	42.7	39.4826926	73.5838757	4637.3
663	663	1.194	рюкзак-синий	8.2	16.9	снег-в-тени	0.397	55.7	-1.0	-6.0	6.1	bbox	662	79.1	79.1	79.1	467,514,4,4	42.4	39.4826925	73.5838762	4637.3
664	664	0.963	рюкзак-синий	7.3	8.8	снег-в-тени	0.660	30.0	-1.0	-7.0	7.1	bbox	663	130.2	130.2	130.2	1803,7,6,2	42.4	39.4826926	73.5838742	4637.3
665	665	1.662	рюкзак-синий	13.1	7.4	порода-в-тени	0.416	31.4	-3.0	-1.5	3.4	bbox	664	76.1	76.1	76.1	1877,697,2,8	42.3	39.4826924	73.5838759	4637.3
666	666	1.049	рюкзак-синий	8.2	5.5	снег-в-тени	0.306	44.3	-1.0	-6.0	6.1	bbox	665	20.0	20.0	20.0	1266,373,7,4	42.2	39.4824851	73.5841065	4638.1
667	667	0.808	рюкзак-синий	6.3	4.7	снег-в-тени	0.197	43.5	-1.0	-8.0	8.1	bbox	666	38.1	38.1	38.1	1745,923,3,4	42.2	39.4825027	73.5841014	4638.0
668	668	1.328	рюкзак-синий	6.6	29.2	порода-в-тени	1.029	9.6	2.0	-7.5	7.8	bbox	667	46.1	46.1	46.1	1719,409,2,7	42.2	39.4826924	73.5838826	4637.3
669	669	1.079	рюкзак-синий	6.7	19.0	порода-в-тени	0.875	19.8	-2.0	-8.0	8.2	bbox	668	50.1	50.1	50.1	389,229,4,4	42.2	39.4826959	73.5838730	4637.3
670	670	1.153	рюкзак-синий	8.0	16.1	порода-в-тени	0.734	22.7	1.0	-6.0	6.1	bbox	669	43.1	43.1	45.1	25,1024,3,5	42.1	39.4826551	73.5839732	4637.3
671	671	1.773	рюкзак-синий	13.5	15.7	порода-в-тени	0.116	23.1	-2.5	-1.0	2.7	bbox	670	19.0	19.0	19.0	465,119,8,2	42.0	39.4824851	73.5841066	4638.2
672	672	1.470	стакан-марка-красная	11.0	14.1	порода-в-тени	0.613	35.7	0.0	0.0	0.0	bbox	671	133.2	133.2	133.2	1187,1075,3,5	42.0	39.4826927	73.5838745	4637.3
673	673	1.268	рюкзак-синий	7.1	25.5	порода-в-тени	0.830	13.3	0.0	-7.0	7.0	bbox	672	55.1	55.1	55.1	1748,814,5,3	41.9	39.4826947	73.5838739	4637.3
674	674	1.187	рюкзак-синий	6.7	23.5	порода-в-тени	0.894	15.3	-2.0	-8.0	8.2	bbox	673	54.1	54.1	54.1	13,1021,4,4	41.8	39.4826950	73.5838737	4637.3
675	675	1.248	рюкзак-синий	6.3	27.0	порода-в-тени	0.936	11.8	-1.0	-8.0	8.1	bbox	674	55.1	50.1	55.1	33,764,3,5	41.5	39.4826947	73.5838739	4637.3
676	676	1.223	рюкзак-синий	8.2	18.4	порода-в-тени	0.637	20.4	-1.0	-6.0	6.1	bbox	675	43.1	43.1	44.1	509,221,4,4	41.3	39.4826551	73.5839732	4637.3
677	677	0.862	рюкзак-синий	5.4	15.1	снег-в-тени	0.878	23.7	-1.0	-9.0	9.1	bbox	676	108.2	108.2	108.2	973,242,4,4	41.3	39.4826926	73.5838764	4637.3
678	678	0.919	рюкзак-синий	7.3	3.5	снег-в-тени	0.480	35.3	-1.0	-7.0	7.1	bbox	677	46.1	46.1	48.1	628,609,4,4	41.1	39.4826924	73.5838826	4637.3
679	679	1.743	рюкзак-синий	13.0	17.7	снег-в-тени	0.953	56.5	-4.0	-2.0	4.5	bbox	678	114.2	112.2	114.2	942,771,3,6	41.1	39.4826933	73.5838764	4637.3
680	680	1.637	стакан-марка-красная	12.0	18.0	порода-в-тени	0.567	31.8	-1.0	2.0	2.2	bbox	679	115.2	115.2	115.2	1425,638,5,3	41.1	39.4826935	73.5838767	4637.3
681	681	1.289	рюкзак-синий	6.5	28.0	порода-в-тени	0.958	10.8	1.0	-7.5	7.6	bbox	680	45.1	45.1	45.1	521,955,7,2	40.9	39.4826793	73.5839157	4637.3
682	682	1.483	рюкзак-синий	6.1	35.7	порода-в-тени	1.181	3.1	2.0	-8.0	8.2	bbox	681	37.1	34.0	37.1	1899,122,2,7	40.6	39.4824894	73.5841033	4638.2
683	683	0.787	рюкзак-синий	5.1	12.9	снег-в-тени	0.793	25.9	0.0	-9.0	9.0	bbox	682	130.2	130.2	130.2	1547,27,4,3	40.5	39.4826926	73.5838742	4637.3
684	684	1.437	рюкзак-синий	7.1	31.7	порода-в-тени	1.020	7.1	2.0	-7.0	7.3	bbox	683	38.1	38.1	38.1	521,819,2,6	40.3	39.4825027	73.5841014	4638.0
685	685	1.131	рюкзак-синий	7.3	18.8	порода-в-тени	0.760	20.0	-1.0	-7.0	7.1	bbox	684	111.2	110.2	111.2	462,227,3,5	40.3	39.4826923	73.5838762	4637.3
686	686	1.164	рюкзак-синий	7.1	21.2	снег-в-тени	0.453	60.0	0.0	-7.0	7.0	bbox	685	128.2	128.2	128.2	1067,257,6,2	40.3	39.4826925	73.5838741	4637.3
687	687	1.403	рюкзак-синий	10.8	10.8	снег-в-тени	0.596	49.6	-1.5	-3.5	3.8	bbox	686	143.2	143.2	143.2	893,725,4,4	40.3	39.4826921	73.5838765	4637.3
688	688	1.367	рюкзак-синий	7.1	29.2	порода-в-тени	0.980	9.6	2.0	-7.0	7.3	bbox	687	47.1	47.1	47.1	1289,617,7,2	40.2	39.4826970	73.5838729	4637.3
689	689	1.765	стакан-марка-красная	11.2	30.2	порода-в-тени	0.252	19.6	0.0	-1.0	1.0	bbox	688	49.1	49.1	49.1	1423,771,4,8	40.2	39.4826965	73.5838723	4637.3
690	690	1.839	рюкзак-синий	14.6	7.4	порода-в-тени	0.430	31.4	-3.0	0.0	3.0	bbox	689	55.1	55.1	55.1	65,157,4,3	40.2	39.4826947	73.5838739	4637.3
691	691	2.014	стакан-марка-красная	12.0	37.6	порода-в-тени	0.406	12.2	-1.0	1.0	1.4	bbox	690	38.1	38.1	38.1	25,642,3,4	39.8	39.4825027	73.5841014	4638.0
692	692	0.950	рюкзак-синий	6.0	16.3	снег-в-тени	0.921	22.5	1.5	-8.0	8.1	bbox	691	48.1	48.1	48.1	201,720,2,6	39.7	39.4826972	73.5838715	4637.3
693	693	1.788	стакан-марка-красная	13.0	20.6	снег-освещённый	0.392	70.4	-2.0	0.0	2.0	bbox	692	132.2	132.2	132.2	46,51,5,2	39.7	39.4826926	73.5838744	4637.3
694	694	0.771	рюкзак-синий	5.8	7.0	снег-в-тени	0.637	31.8	-2.0	-9.0	9.2	bbox	693	142.2	142.2	142.2	1304,295,4,4	39.6	39.4826919	73.5838764	4637.3
695	695	0.965	рюкзак-синий	6.5	14.5	снег-в-тени	0.843	24.3	0.5	-7.5	7.5	bbox	694	46.1	46.1	46.1	467,1065,4,3	39.5	39.4826924	73.5838826	4637.3
696	696	1.248	рюкзак-синий	8.5	18.1	снег-в-тени	0.479	56.9	-2.0	-6.0	6.3	bbox	695	128.2	124.2	128.2	1491,441,4,4	39.5	39.4826925	73.5838741	4637.3
697	697	1.279	рюкзак-синий	6.1	28.8	порода-в-тени	0.983	10.0	0.0	-8.0	8.0	bbox	696	47.1	47.1	47.1	1602,847,7,2	39.4	39.4826970	73.5838729	4637.3
698	698	0.883	рюкзак-синий	6.8	6.7	снег-в-тени	0.162	45.5	-1.0	-7.5	7.6	bbox	697	38.1	38.1	38.1	1729,223,8,4	39.2	39.4825027	73.5841014	4638.0
699	699	1.523	рюкзак-синий	12.2	2.5	порода-в-тени	0.594	36.3	-1.0	-2.0	2.2	bbox	698	38.1	38.1	38.1	476,389,4,3	39.2	39.4825027	73.5841014	4638.0
700	700	1.061	рюкзак-синий	6.6	18.8	порода-в-тени	0.850	20.0	0.0	-7.5	7.5	bbox	699	47.1	47.1	47.1	1409,1035,4,5	38.6	39.4826970	73.5838729	4637.3
701	701	1.559	рюкзак-синий	10.2	25.1	снег-в-тени	0.773	63.9	-1.0	-4.0	4.1	bbox	700	117.2	117.2	119.2	478,233,5,3	38.6	39.4826935	73.5838765	4637.3
702	702	1.223	палка-древко-контроль	8.9	13.9	снег-в-тени	0.584	55.5	-4.0	-7.0	8.1	bbox	701	130.2	127.2	130.2	1207,757,2,9	38.6	39.4826926	73.5838742	4637.3
703	703	1.112	рюкзак-синий	8.5	8.7	снег-в-тени	0.354	47.5	-2.0	-6.0	6.3	bbox	702	143.2	143.2	143.2	491,193,6,6	38.4	39.4826921	73.5838765	4637.3
704	704	0.794	рюкзак-синий	6.3	2.1	снег-в-тени	0.417	36.7	-1.0	-8.0	8.1	bbox	703	38.1	36.1	38.1	1865,271,8,2	38.1	39.4825027	73.5841014	4638.0
705	705	1.116	рюкзак-синий	8.2	12.0	снег-в-тени	0.299	50.8	-1.0	-6.0	6.1	bbox	704	58.1	58.1	58.1	1767,179,2,7	38.1	39.4826949	73.5838748	4637.3
706	706	0.652	рюкзак-синий	5.1	3.9	снег-в-тени	0.477	34.9	0.0	-9.0	9.0	bbox	705	50.1	50.1	50.1	1755,647,4,4	38.0	39.4826959	73.5838730	4637.3
707	707	1.124	рюкзак-синий	8.2	12.6	снег-в-тени	0.307	51.4	-1.0	-6.0	6.1	bbox	706	64.1	64.1	66.1	953,233,2,8	38.0	39.4826947	73.5838760	4637.3
708	708	0.990	рюкзак-синий	6.3	16.7	снег-в-тени	0.302	55.5	-1.0	-8.0	8.1	bbox	707	124.2	124.2	124.2	1287,145,2,8	38.0	39.4826928	73.5838751	4637.3
709	709	0.801	рюкзак-синий	3.6	18.5	снег-в-тени	0.460	57.3	0.0	-10.5	10.5	bbox	708	141.2	141.2	141.2	1615,161,4,3	38.0	39.4826916	73.5838761	4637.3
710	710	1.734	стакан-марка-красная	12.0	24.3	порода-в-тени	0.290	25.5	-1.0	0.5	1.1	bbox	709	87.1	87.1	90.1	1687,745,3,4	37.9	39.4826926	73.5838760	4637.3
711	711	1.782	рюкзак-синий	13.0	20.2	порода-в-тени	0.258	18.6	0.0	-1.0	1.0	bbox	710	50.1	50.1	50.1	1633,473,3,4	37.8	39.4826959	73.5838730	4637.3
712	712	1.582	рюкзак-синий	12.6	1.5	порода-в-тени	0.627	37.3	-3.0	-2.0	3.6	bbox	711	44.1	44.1	44.1	353,441,3,7	37.7	39.4826663	73.5839487	4637.3
713	713	1.190	рюкзак-синий	8.1	17.3	снег-в-тени	0.392	56.1	-0.5	-6.0	6.0	bbox	712	80.1	80.1	81.1	596,811,2,6	37.7	39.4826924	73.5838763	4637.3
714	714	1.399	рюкзак-синий	10.4	14.1	снег-в-тени	0.588	52.9	-2.0	-4.0	4.5	bbox	713	72.1	72.1	72.1	911,409,2,8	37.6	39.4826928	73.5838756	4637.3
715	715	1.746	рюкзак-синий	13.6	11.2	порода-в-тени	0.287	27.6	-3.0	-1.0	3.2	bbox	714	71.1	71.1	71.1	1789,113,4,4	37.5	39.4826930	73.5838756	4637.4
716	716	1.946	стакан-марка-красная	14.1	22.7	снег-освещённый	0.406	72.5	-3.0	-1.0	3.2	bbox	715	111.2	111.2	111.2	1668,51,3,4	37.5	39.4826923	73.5838762	4637.3
717	717	0.720	рюкзак-синий	5.0	9.8	снег-в-тени	0.143	48.6	0.5	-9.0	9.0	bbox	716	144.2	144.2	144.2	1853,573,3,4	37.5	39.4826922	73.5838765	4637.3
718	718	1.420	рюкзак-синий	8.1	28.0	порода-в-тени	0.756	10.8	0.0	-6.0	6.0	bbox	717	42.1	42.1	42.1	863,602,2,6	37.2	39.4826390	73.5840014	4637.3
719	719	1.206	рюкзак-синий	8.9	13.4	снег-в-тени	0.396	52.2	-1.5	-5.5	5.7	bbox	718	60.1	59.1	60.1	733,114,4,5	37.2	39.4826951	73.5838757	4637.3
720	720	1.469	рюкзак-синий	6.4	34.5	порода-в-тени	1.448	4.3	5.0	-9.0	10.3	bbox	719	139.2	135.2	139.2	119,1047,3,4	37.0	39.4826912	73.5838756	4637.3
721	721	0.895	рюкзак-синий	7.1	3.9	снег-в-тени	0.477	34.9	0.0	-7.0	7.0	bbox	720	46.1	46.1	46.1	522,288,7,3	36.9	39.4826924	73.5838826	4637.3
722	722	1.108	рюкзак-синий	6.3	21.7	порода-в-тени	0.892	17.1	-1.0	-8.0	8.1	bbox	721	99.1	99.1	99.1	908,322,4,3	36.9	39.4826935	73.5838766	4637.3
723	723	1.110	рюкзак-синий	7.1	18.8	порода-в-тени	0.791	20.0	0.0	-7.0	7.0	bbox	722	47.1	47.1	47.1	3,697,5,3	36.7	39.4826970	73.5838729	4637.3
724	724	1.693	рюкзак-синий	13.5	5.3	порода-в-тени	0.473	33.5	-2.5	-1.0	2.7	bbox	723	50.1	50.1	50.1	9,765,3,4	36.6	39.4826959	73.5838730	4637.3
725	725	0.944	рюкзак-синий	7.3	7.0	снег-в-тени	0.599	31.8	-1.0	-7.0	7.1	bbox	724	98.1	98.1	98.1	617,730,4,5	36.6	39.4826930	73.5838761	4637.3
726	726	1.291	рюкзак-синий	9.2	16.3	снег-в-тени	0.473	55.1	-1.0	-5.0	5.1	bbox	725	81.1	75.1	81.1	553,635,2,6	36.5	39.4826924	73.5838763	4637.3
727	727	0.867	рюкзак-синий	5.1	16.4	снег-в-тени	0.917	22.4	0.0	-9.0	9.0	bbox	726	43.1	40.1	46.1	456,394,5,3	36.4	39.4826551	73.5839732	4637.3
728	728	1.736	палка-древко-контроль	13.3	13.5	снег-в-тени	1.010	55.1	-5.0	-2.0	5.4	bbox	727	117.2	117.2	117.2	609,873,4,4	36.4	39.4826935	73.5838765	4637.3
729	729	1.761	рюкзак-синий	13.3	15.9	порода-в-тени	0.091	22.9	-2.0	-1.0	2.2	bbox	728	53.1	51.1	53.1	317,493,4,4	36.3	39.4826950	73.5838734	4637.3
730	730	0.992	рюкзак-синий	6.8	14.3	порода-в-тени	0.835	24.5	-1.0	-7.5	7.6	bbox	729	84.1	78.1	84.1	770,764,3,4	36.3	39.4826925	73.5838760	4637.3
731	731	1.058	рюкзак-синий	5.0	23.9	порода-в-тени	1.086	14.9	1.0	-9.0	9.1	bbox	730	108.2	108.2	108.2	514,124,5,3	36.1	39.4826926	73.5838764	4637.3
732	732	1.720	палка-древко-контроль	13.3	11.7	снег-в-тени	0.996	53.3	-5.0	-2.0	5.4	bbox	731	109.2	109.2	109.2	714,114,6,3	36.0	39.4826927	73.5838764	4637.3
733	733	1.898	стакан-марка-красная	11.5	34.5	порода-в-тени	0.290	15.3	-0.5	0.0	0.5	bbox	732	54.1	54.1	54.1	314,677,5,2	35.9	39.4826950	73.5838737	4637.3
734	734	2.040	рюкзак-синий	13.3	32.9	порода-в-тени	0.518	5.9	-2.0	-1.0	2.2	bbox	733	44.1	44.1	44.1	1911,1063,3,4	35.8	39.4826663	73.5839487	4637.3
735	735	1.728	рюкзак-синий	13.0	16.5	снег-в-тени	0.940	55.3	-4.0	-2.0	4.5	bbox	734	114.2	110.2	114.2	525,973,4,4	35.7	39.4826933	73.5838764	4637.3
736	736	1.062	рюкзак-синий	2.7	28.2	снег-в-тени	1.421	10.6	2.0	-11.5	11.7	bbox	735	40.1	38.1	40.1	1869,253,4,2	35.6	39.4825660	73.5840865	4637.3
737	737	1.704	рюкзак-синий	13.6	3.3	порода-в-тени	0.553	35.5	-3.0	-1.0	3.2	bbox	736	98.1	98.1	98.1	637,606,4,3	35.4	39.4826930	73.5838761	4637.3
738	738	1.728	рюкзак-синий	13.2	14.9	порода-в-тени	0.177	23.9	-1.0	-1.0	1.4	bbox	737	50.1	50.1	50.1	1607,25,2,8	35.1	39.4826959	73.5838730	4637.3
739	739	1.399	стакан-марка-красная	11.0	6.3	порода-в-тени	0.872	43.5	0.0	0.0	0.0	bbox	738	142.2	142.2	142.2	1113,976,3,3	35.0	39.4826919	73.5838764	4637.3
740	740	1.366	рюкзак-синий	7.6	27.4	порода-в-тени	0.816	11.4	-2.0	-7.0	7.3	bbox	739	109.2	109.2	109.2	1839,573,4,4	34.9	39.4826927	73.5838764	4637.3
741	741	1.112	рюкзак-синий	6.1	22.7	порода-в-тени	0.923	16.1	0.0	-8.0	8.0	bbox	740	120.2	120.2	120.2	1661,26,4,3	34.7	39.4826929	73.5838759	4637.3
742	742	1.197	рюкзак-синий	8.5	15.1	снег-в-тени	0.416	53.9	-2.0	-6.0	6.3	bbox	741	0.0	0.0	0.0	887,120,2,9	34.6	39.4824853	73.5841073	4638.2
743	743	2.146	рюкзак-синий	15.5	25.7	порода-в-тени	0.381	13.1	-3.0	1.0	3.2	bbox	742	43.1	43.1	43.1	1890,920,3,6	34.6	39.4826551	73.5839732	4637.3
744	744	1.409	рюкзак-синий	7.8	28.6	порода-в-тени	0.788	10.2	-1.0	-6.5	6.6	bbox	743	119.2	119.2	119.2	124,186,4,3	34.6	39.4826934	73.5838762	4637.3
745	745	2.267	рюкзак-синий	15.3	34.1	порода-в-тени	0.614	4.7	-2.0	1.0	2.2	bbox	744	100.1	100.1	101.1	1257,51,4,3	34.5	39.4826933	73.5838765	4637.3
746	746	2.230	рюкзак-синий	15.3	32.1	порода-в-тени	0.551	6.7	-2.0	1.0	2.2	bbox	745	144.2	144.2	144.2	1825,809,3,3	34.4	39.4826922	73.5838765	4637.3
747	747	1.801	стакан-марка-красная	12.6	24.1	снег-освещённый	0.448	73.9	-1.0	-3.0	3.2	bbox	746	131.2	131.2	131.2	1003,181,6,2	34.2	39.4826926	73.5838743	4637.3
748	748	1.745	рюкзак-синий	13.9	3.1	порода-в-тени	0.600	35.7	-4.0	-1.0	4.1	bbox	747	55.1	55.1	55.1	161,23,8,2	33.9	39.4826947	73.5838739	4637.3
749	749	1.763	стакан-марка-красная	10.2	34.1	порода-в-тени	0.411	15.7	1.0	-1.0	1.4	bbox	748	42.1	38.1	42.1	579,593,2,6	33.8	39.4826390	73.5840014	4637.3
750	750	1.378	рюкзак-синий	7.1	29.6	порода-в-тени	0.986	9.2	2.0	-7.0	7.3	bbox	749	47.1	47.1	47.1	1873,1033,4,4	33.6	39.4826970	73.5838729	4637.3
751	751	1.755	стакан-марка-красная	14.0	0.8	снег-в-тени	1.073	50.6	-3.0	0.0	3.0	bbox	750	83.1	82.1	83.1	1841,1029,3,4	33.4	39.4826924	73.5838761	4637.3
752	752	1.035	рюкзак-синий	8.2	2.6	снег-в-тени	0.362	41.4	-1.0	-6.0	6.1	bbox	751	24.0	24.0	24.0	1061,13,4,4	33.2	39.4824848	73.5841061	4638.2
753	753	1.547	стакан-марка-красная	12.4	1.8	снег-в-тени	0.772	51.6	-1.0	-2.0	2.2	bbox	752	101.1	101.1	101.1	1022,619,3,6	33.2	39.4826933	73.5838763	4637.3
754	754	1.330	рюкзак-синий	8.1	24.3	порода-в-тени	0.705	14.5	0.0	-6.0	6.0	bbox	753	81.1	81.1	82.1	733,194,3,3	33.0	39.4826924	73.5838763	4637.3
755	755	1.922	палка-древко-контроль	14.1	21.1	снег-освещённый	0.907	62.7	-6.0	-1.0	6.1	bbox	754	113.2	113.2	113.2	908,577,3,5	32.9	39.4826931	73.5838763	4637.3
756	756	1.692	стакан-марка-красная	10.2	31.2	порода-в-тени	0.380	18.6	1.0	-1.0	1.4	bbox	755	99.1	99.1	99.1	1099,309,3,4	32.8	39.4826935	73.5838766	4637.3
757	757	1.217	рюкзак-синий	6.0	26.8	порода-в-тени	0.999	12.0	1.0	-8.0	8.1	bbox	756	131.2	131.2	131.2	357,677,4,4	32.7	39.4826926	73.5838743	4637.3
758	758	1.322	рюкзак-синий	6.7	28.6	порода-в-тени	0.948	10.2	-2.0	-8.0	8.2	bbox	757	54.1	52.1	54.1	12,609,3,3	32.4	39.4826950	73.5838737	4637.3
759	759	1.792	стакан-марка-красная	14.0	10.2	порода-в-тени	0.708	39.6	-3.0	0.0	3.0	bbox	758	101.1	101.1	101.1	925,145,4,3	32.4	39.4826933	73.5838763	4637.3
760	760	1.278	рюкзак-синий	8.2	21.2	порода-в-тени	0.645	17.6	-1.0	-6.0	6.1	bbox	759	102.1	100.1	102.1	733,314,4,3	32.4	39.4826927	73.5838763	4637.3
761	761	1.665	стакан-марка-красная	13.2	7.4	порода-в-тени	0.784	42.4	-2.0	-1.0	2.2	bbox	760	40.1	38.1	40.1	1744,425,3,5	32.2	39.4825660	73.5840865	4637.3
762	762	0.861	рюкзак-синий	6.8	3.9	снег-в-тени	0.481	34.9	-1.0	-7.5	7.6	bbox	761	49.1	49.1	49.1	235,585,4,4	32.2	39.4826965	73.5838723	4637.3
763	763	1.070	рюкзак-синий	8.5	1.6	снег-в-тени	0.442	40.4	-2.0	-6.0	6.3	bbox	762	72.1	72.1	75.1	618,401,7,2	32.2	39.4826928	73.5838756	4637.3
764	764	1.338	рюкзак-синий	10.2	11.4	снег-в-тени	0.522	50.2	-1.0	-4.0	4.1	bbox	763	133.2	133.2	133.2	1101,247,3,3	32.2	39.4826927	73.5838745	4637.3
765	765	1.059	рюкзак-синий	7.6	12.8	снег-в-тени	0.239	51.6	-0.5	-6.5	6.5	bbox	764	60.1	60.1	60.1	749,219,3,4	32.1	39.4826951	73.5838757	4637.3
766	766	1.311	рюкзак-синий	6.7	28.2	порода-в-тени	0.943	10.6	-2.0	-8.0	8.2	bbox	765	109.2	109.2	110.2	1827,226,4,3	32.0	39.4826927	73.5838764	4637.3
767	767	1.722	стакан-марка-красная	13.5	9.0	порода-в-тени	0.741	40.8	-2.5	0.0	2.5	bbox	766	115.2	115.2	115.2	1443,512,3,4	32.0	39.4826935	73.5838767	4637.3
768	768	1.163	рюкзак-синий	6.3	23.9	порода-в-тени	0.905	14.9	-1.0	-8.0	8.1	bbox	767	109.2	109.2	110.2	1905,168,4,6	31.9	39.4826927	73.5838764	4637.3
769	769	1.683	рюкзак-синий	13.5	1.2	порода-в-тени	0.703	40.0	-2.5	-1.0	2.7	bbox	768	99.1	99.1	99.1	987,58,4,2	31.2	39.4826935	73.5838766	4637.3
770	770	0.852	рюкзак-синий	6.8	1.6	снег-в-тени	0.299	40.4	-1.0	-7.5	7.6	bbox	769	144.2	144.2	144.2	487,1057,2,6	31.0	39.4826922	73.5838765	4637.3
771	771	1.127	рюкзак-синий	5.0	26.3	порода-в-тени	1.104	12.5	1.0	-9.0	9.1	bbox	770	50.1	50.1	50.1	106,74,4,2	30.8	39.4826959	73.5838730	4637.3
772	772	1.219	рюкзак-синий	8.4	17.4	порода-в-тени	0.629	21.4	-1.5	-6.0	6.2	bbox	771	86.1	84.1	86.1	711,427,2,6	30.7	39.4826926	73.5838760	4637.3
773	773	1.131	рюкзак-синий	6.2	23.1	порода-в-тени	0.911	15.7	-0.5	-8.0	8.0	bbox	772	97.1	97.1	97.1	925,989,3,4	30.6	39.4826930	73.5838760	4637.3
774	774	1.153	рюкзак-синий	8.5	12.2	снег-в-тени	0.371	51.0	-2.0	-6.0	6.3	bbox	773	143.2	143.2	143.2	1579,199,6,2	30.6	39.4826921	73.5838765	4637.3
775	775	2.124	рюкзак-синий	13.3	36.8	порода-в-тени	0.659	2.0	-2.0	-1.0	2.2	bbox	774	58.1	54.1	58.1	884,940,3,3	30.3	39.4826949	73.5838748	4637.3
776	776	1.725	рюкзак-синий	13.5	10.6	снег-в-тени	0.956	49.4	-4.0	-1.5	4.3	bbox	775	100.1	100.1	100.1	321,1019,2,6	30.3	39.4826933	73.5838765	4637.3
777	777	1.175	рюкзак-синий	6.1	25.1	порода-в-тени	1.036	13.7	2.0	-8.0	8.2	bbox	776	41.1	41.1	41.1	93,977,3,3	30.2	39.4826045	73.5840514	4637.3
778	778	1.160	рюкзак-синий	8.4	13.9	снег-в-тени	0.359	52.7	-1.5	-6.0	6.2	bbox	777	67.1	64.1	67.1	720,238,4,3	30.0	39.4826938	73.5838758	4637.3
779	779	1.617	рюкзак-синий	12.6	9.4	снег-в-тени	0.839	48.2	-3.0	-2.0	3.6	bbox	778	83.1	83.1	83.1	1614,673,3,4	29.9	39.4826924	73.5838761	4637.3
780	780	2.195	палка-древко-контроль	13.3	40.0	снег-пересвеченный	0.368	81.6	-5.0	-2.0	5.4	bbox	779	133.2	133.2	133.2	1307,142,3,3	29.7	39.4826927	73.5838745	4637.3
781	781	0.859	рюкзак-синий	6.3	9.4	снег-в-тени	0.126	48.2	-1.0	-8.0	8.1	bbox	780	36.1	36.1	36.1	1505,35,3,4	29.6	39.4824852	73.5841049	4638.2
782	782	2.090	рюкзак-синий	13.3	35.3	порода-в-тени	0.603	3.5	-2.0	-1.0	2.2	bbox	781	49.1	49.1	49.1	1861,934,4,3	29.6	39.4826965	73.5838723	4637.3
783	783	1.076	рюкзак-синий	6.2	21.0	порода-в-тени	0.900	17.8	-0.5	-8.0	8.0	bbox	782	144.2	144.2	144.2	663,716,2,5	29.6	39.4826922	73.5838765	4637.3
784	784	1.270	рюкзак-синий	8.3	20.4	снег-в-тени	0.611	59.2	-3.5	-7.0	7.8	bbox	783	107.2	107.2	107.2	1291,159,6,2	29.4	39.4826925	73.5838764	4637.3
785	785	1.699	стакан-марка-красная	13.6	1.8	снег-в-тени	0.997	51.6	-2.5	-0.5	2.5	bbox	784	115.2	115.2	115.2	1540,187,3,4	29.4	39.4826935	73.5838767	4637.3
786	786	1.143	рюкзак-синий	6.1	23.9	порода-в-тени	0.931	14.9	0.0	-8.0	8.0	bbox	785	77.1	77.1	77.1	428,636,3,3	29.3	39.4826925	73.5838761	4637.3
787	787	1.989	стакан-марка-красная	15.1	17.3	снег-освещённый	0.630	67.1	-4.0	-1.0	4.1	bbox	786	113.2	113.2	113.2	939,34,4,3	28.8	39.4826931	73.5838763	4637.3
788	788	1.588	рюкзак-синий	11.7	17.3	снег-в-тени	0.787	56.1	-3.0	-3.0	4.2	bbox	787	19.0	19.0	19.0	822,889,3,7	28.6	39.4824851	73.5841066	4638.2
789	789	1.958	рюкзак-синий	12.0	35.1	порода-в-тени	0.658	3.7	0.0	-2.0	2.0	bbox	788	44.1	44.1	44.1	1907,489,2,4	28.6	39.4826663	73.5839487	4637.3
790	790	1.528	стакан-марка-красная	12.1	6.3	порода-в-тени	0.838	43.5	-1.0	-0.5	1.1	bbox	789	133.2	133.2	133.2	765,739,2,5	28.6	39.4826927	73.5838745	4637.3
791	791	1.005	рюкзак-синий	7.3	11.9	снег-в-тени	0.768	26.9	-1.0	-7.0	7.1	bbox	790	126.2	126.2	126.2	437,165,2,4	28.5	39.4826929	73.5838746	4637.3
792	792	0.915	рюкзак-синий	6.3	12.9	снег-в-тени	0.793	25.9	-1.0	-8.0	8.1	bbox	791	80.1	79.1	80.1	646,362,3,3	28.4	39.4826924	73.5838763	4637.3
793	793	1.958	стакан-марка-красная	15.5	7.1	снег-освещённый	0.960	56.9	-4.5	0.0	4.5	bbox	792	124.2	124.2	124.2	608,317,6,3	28.4	39.4826928	73.5838751	4637.3
794	794	1.784	стакан-марка-красная	12.0	27.1	порода-в-тени	0.292	22.7	-1.0	1.0	1.4	bbox	793	37.1	37.1	37.1	1915,785,2,4	27.9	39.4824894	73.5841033	4638.2
795	795	1.673	рюкзак-синий	13.2	6.8	порода-в-тени	0.418	32.0	-1.5	-1.0	1.8	bbox	794	133.2	133.2	133.2	926,525,3,4	27.9	39.4826927	73.5838745	4637.3
796	796	1.017	рюкзак-синий	7.3	12.7	порода-в-тени	0.787	26.1	-1.0	-7.0	7.1	bbox	795	92.1	92.1	93.1	779,155,4,2	27.8	39.4826922	73.5838752	4637.3
797	797	1.684	стакан-марка-красная	11.7	23.3	снег-освещённый	0.481	73.1	0.0	-3.0	3.0	bbox	796	132.2	132.2	132.2	1034,13,2,4	27.8	39.4826926	73.5838744	4637.3
798	798	1.850	палка-древко-контроль	14.0	16.4	снег-освещённый	1.113	58.0	-7.0	-1.0	7.1	bbox	797	142.2	142.2	142.2	1225,265,6,2	27.8	39.4826919	73.5838764	4637.3
799	799	2.024	рюкзак-синий	13.6	30.8	порода-в-тени	0.459	8.0	-3.0	-1.0	3.2	bbox	798	32.0	32.0	32.0	607,1069,2,4	27.7	39.4824835	73.5841047	4638.2
800	800	0.927	рюкзак-синий	6.0	15.3	снег-в-тени	0.876	23.5	1.0	-8.0	8.1	bbox	799	99.1	99.1	99.1	810,62,3,3	27.3	39.4826935	73.5838766	4637.3
801	801	1.393	рюкзак-синий	8.4	25.7	снег-в-тени	0.674	64.5	-1.5	-6.0	6.2	bbox	800	142.2	142.2	142.2	1679,1067,2,6	27.3	39.4826919	73.5838764	4637.3
802	802	1.740	рюкзак-синий	13.6	10.4	снег-в-тени	0.953	49.2	-3.0	-1.0	3.2	bbox	801	112.2	112.2	112.2	961,756,4,3	27.2	39.4826928	73.5838763	4637.3
803	803	1.739	палка-древко-контроль	13.2	15.9	снег-освещённый	1.072	57.5	-6.0	-2.0	6.3	bbox	802	141.2	141.2	141.2	91,309,6,2	27.1	39.4826916	73.5838761	4637.3
804	804	0.768	рюкзак-синий	5.4	10.4	снег-в-тени	0.797	28.4	3.0	-9.0	9.5	bbox	803	37.1	37.1	37.1	1887,315,2,4	26.9	39.4824894	73.5841033	4638.2
805	805	1.277	рюкзак-синий	7.3	25.1	порода-в-тени	0.797	13.7	-1.0	-7.0	7.1	bbox	804	13.0	13.0	13.0	93,353,4,2	26.7	39.4824855	73.5841072	4638.2
806	806	1.884	стакан-марка-красная	11.0	35.9	порода-в-тени	0.363	13.9	0.0	0.0	0.0	bbox	805	40.1	40.1	40.1	1689,225,2,4	26.6	39.4825660	73.5840865	4637.3
807	807	2.012	рюкзак-синий	12.4	36.1	порода-в-тени	0.643	2.7	-2.0	-2.0	2.8	bbox	806	30.0	30.0	30.0	978,494,4,3	26.5	39.4824835	73.5841048	4638.2
808	808	1.795	рюкзак-синий	13.5	17.5	снег-освещённый	0.971	56.3	-4.0	-1.5	4.3	bbox	807	129.2	129.2	129.2	411,1022,4,3	26.3	39.4826925	73.5838741	4637.3
809	809	0.827	рюкзак-синий	6.2	8.2	снег-в-тени	0.618	30.6	-0.5	-8.0	8.0	bbox	808	41.1	41.1	41.1	1907,1057,4,2	26.2	39.4826045	73.5840514	4637.3
810	810	0.972	рюкзак-синий	7.6	4.9	снег-в-тени	0.245	43.7	-0.5	-6.5	6.5	bbox	809	7.0	7.0	7.0	177,341,2,4	26.1	39.4824852	73.5841078	4638.2
811	811	2.060	рюкзак-синий	13.0	35.3	порода-в-тени	0.652	3.5	0.0	-1.0	1.0	bbox	810	48.1	48.1	48.1	1341,837,4,2	26.0	39.4826972	73.5838715	4637.3
812	812	0.912	рюкзак-синий	7.3	1.5	снег-в-тени	0.416	37.3	-1.0	-7.0	7.1	bbox	811	48.1	48.1	48.1	1223,583,4,4	25.9	39.4826972	73.5838715	4637.3
813	813	1.581	рюкзак-синий	12.5	6.7	снег-в-тени	0.817	45.5	-2.5	-2.0	3.2	bbox	812	112.2	112.2	112.2	1565,1009,4,2	25.8	39.4826928	73.5838763	4637.3
814	814	1.581	рюкзак-синий	12.6	0.8	порода-в-тени	0.654	38.0	-3.0	-2.0	3.6	bbox	813	38.1	35.1	38.1	1910,964,3,3	25.6	39.4825027	73.5841014	4638.0
815	815	1.522	стакан-марка-красная	12.0	6.3	порода-в-тени	0.845	43.5	-1.0	0.0	1.0	bbox	814	115.2	115.2	115.2	1505,931,3,3	25.5	39.4826935	73.5838767	4637.3
816	816	1.017	рюкзак-синий	7.2	13.5	порода-в-тени	0.793	25.3	-0.5	-7.0	7.0	bbox	815	124.2	124.2	124.2	15,0,2,4	25.4	39.4826928	73.5838751	4637.3
817	817	1.253	рюкзак-синий	9.3	12.7	порода-в-тени	0.543	26.1	-1.5	-5.0	5.2	bbox	816	32.0	32.0	32.0	937,151,5,2	25.2	39.4824835	73.5841047	4638.2
818	818	0.970	рюкзак-синий	7.3	9.4	снег-в-тени	0.680	29.4	-1.0	-7.0	7.1	bbox	817	131.2	131.2	131.2	1558,555,3,3	25.2	39.4826926	73.5838743	4637.3
819	819	1.056	рюкзак-синий	5.6	22.2	снег-в-тени	0.522	61.0	-1.5	-9.0	9.1	bbox	818	141.2	141.2	141.2	1741,21,4,2	25.2	39.4826916	73.5838761	4637.3
820	820	1.158	рюкзак-синий	9.2	3.9	снег-в-тени	0.477	42.7	-2.5	-5.5	6.0	bbox	819	28.0	28.0	29.0	791,223,6,2	25.1	39.4824835	73.5841049	4638.2
821	821	0.846	рюкзак-синий	6.0	11.0	снег-в-тени	0.724	27.8	1.0	-8.0	8.1	bbox	820	81.1	81.1	81.1	749,91,4,4	25.1	39.4826924	73.5838763	4637.3
822	822	1.963	рюкзак-синий	12.0	35.3	порода-в-тени	0.664	3.5	0.0	-2.0	2.0	bbox	821	63.1	63.1	65.1	913,379,4,2	24.9	39.4826947	73.5838759	4637.4
823	823	1.979	рюкзак-синий	12.2	35.5	порода-в-тени	0.635	3.3	-1.0	-2.0	2.2	bbox	822	54.1	54.1	54.1	1063,201,4,2	24.5	39.4826950	73.5838737	4637.3
824	824	0.946	рюкзак-синий	7.4	4.9	снег-в-тени	0.268	43.7	-1.5	-7.0	7.2	bbox	823	129.2	126.2	129.2	283,329,4,2	24.5	39.4826925	73.5838741	4637.3
825	825	0.815	рюкзак-синий	6.5	0.6	снег-в-тени	0.353	38.2	0.5	-7.5	7.5	bbox	824	48.1	48.1	48.1	613,479,4,2	24.3	39.4826972	73.5838715	4637.3
826	826	1.952	рюкзак-синий	13.3	28.4	порода-в-тени	0.357	10.4	-2.0	-1.0	2.2	bbox	825	17.0	17.0	17.0	475,87,4,2	23.9	39.4824852	73.5841065	4638.2
827	827	1.983	рюкзак-синий	13.5	29.4	порода-в-тени	0.397	9.4	-2.5	-1.0	2.7	bbox	826	17.0	17.0	17.0	1037,447,4,2	23.9	39.4824852	73.5841065	4638.2
828	828	1.977	рюкзак-синий	12.4	34.5	порода-в-тени	0.588	4.3	-2.0	-2.0	2.8	bbox	827	36.1	36.1	36.1	1173,781,2,4	23.6	39.4824852	73.5841049	4638.2
829	829	1.144	рюкзак-синий	5.8	24.7	порода-в-тени	1.025	14.1	-2.0	-9.0	9.2	bbox	828	141.2	141.2	141.2	1758,186,3,3	23.5	39.4826916	73.5838761	4637.3
830	830	2.005	рюкзак-синий	13.2	32.1	порода-в-тени	0.506	6.7	-1.0	-1.0	1.4	bbox	829	40.1	40.1	40.1	1521,633,2,3	23.4	39.4825660	73.5840865	4637.3
831	831	1.548	стакан-марка-красная	11.0	19.6	порода-в-тени	0.448	30.2	0.0	0.0	0.0	bbox	830	112.2	112.2	112.2	1475,289,2,3	23.4	39.4826928	73.5838763	4637.3
832	832	1.539	рюкзак-синий	11.1	18.7	снег-в-тени	0.716	57.5	-0.5	-3.0	3.0	bbox	831	118.2	118.2	118.2	1839,719,4,3	23.3	39.4826934	73.5838764	4637.3
833	833	0.852	рюкзак-синий	6.7	4.3	снег-в-тени	0.536	34.5	-2.0	-8.0	8.2	bbox	832	48.1	48.1	48.1	1569,186,2,7	23.1	39.4826972	73.5838715	4637.3
834	834	1.707	рюкзак-синий	13.5	8.1	снег-в-тени	0.955	46.9	-4.0	-1.5	4.3	bbox	833	40.1	38.1	40.1	1823,212,2,5	22.7	39.4825660	73.5840865	4637.3
835	835	1.285	рюкзак-синий	8.1	22.3	порода-в-тени	0.773	16.5	-3.0	-7.0	7.6	bbox	834	111.2	111.2	111.2	1897,453,3,3	22.6	39.4826923	73.5838762	4637.3
836	836	1.676	рюкзак-синий	9.6	32.9	порода-в-тени	0.843	5.9	2.0	-4.5	4.9	bbox	835	141.2	141.2	141.2	159,753,2,4	22.3	39.4826916	73.5838761	4637.3
837	837	1.914	рюкзак-синий	12.3	32.1	порода-в-тени	0.510	6.7	-1.5	-2.0	2.5	bbox	836	41.1	41.1	41.1	1601,53,2,3	22.2	39.4826045	73.5840514	4637.3
838	838	1.179	рюкзак-синий	8.1	16.7	снег-в-тени	0.377	55.5	-0.5	-6.0	6.0	bbox	837	73.1	73.1	73.1	657,268,2,3	22.2	39.4826925	73.5838756	4637.3
839	839	1.910	палка-древко-контроль	14.2	19.6	снег-освещённый	0.907	61.2	-5.5	-1.0	5.6	bbox	838	115.2	115.2	115.2	595,161,4,2	22.2	39.4826935	73.5838767	4637.3
840	840	1.242	рюкзак-синий	6.3	26.8	порода-в-тени	0.934	12.0	-1.0	-8.0	8.1	bbox	839	53.1	53.1	53.1	69,993,3,2	22.0	39.4826950	73.5838734	4637.3
841	841	1.669	рюкзак-синий	13.3	1.5	порода-в-тени	0.602	37.3	-2.0	-1.0	2.2	bbox	840	90.1	90.1	91.1	1851,405,2,3	21.8	39.4826924	73.5838755	4637.3
842	842	0.911	рюкзак-синий	7.3	1.0	снег-в-тени	0.397	37.8	-1.0	-7.0	7.1	bbox	841	48.1	48.1	48.1	553,369,2,4	21.3	39.4826972	73.5838715	4637.3
843	843	1.338	рюкзак-синий	6.7	29.2	порода-в-тени	0.956	9.6	-2.0	-8.0	8.2	bbox	842	52.1	52.1	52.1	0,233,3,2	21.3	39.4826954	73.5838734	4637.3
844	844	1.085	рюкзак-синий	7.1	17.6	порода-в-тени	0.902	21.2	2.0	-7.0	7.3	bbox	843	83.1	83.1	83.1	612,838,3,2	21.3	39.4826924	73.5838761	4637.3
845	845	1.298	рюкзак-синий	8.9	18.5	снег-в-тени	0.563	57.3	-3.0	-6.0	6.7	bbox	844	143.2	143.2	143.2	1295,717,4,2	21.3	39.4826921	73.5838765	4637.3
846	846	0.973	рюкзак-синий	7.8	1.9	снег-в-тени	0.451	36.9	-1.0	-6.5	6.6	bbox	845	26.0	26.0	26.0	951,457,2,4	21.2	39.4824844	73.5841055	4638.2
847	847	1.069	рюкзак-синий	8.5	1.2	снег-в-тени	0.506	37.6	-2.0	-6.0	6.3	bbox	846	37.1	37.1	37.1	1121,539,2,4	21.2	39.4824894	73.5841033	4638.2
848	848	1.113	рюкзак-синий	6.3	21.9	порода-в-тени	0.893	16.9	-1.0	-8.0	8.1	bbox	847	126.2	126.2	126.2	1801,62,3,3	21.1	39.4826929	73.5838746	4637.3
849	849	1.560	рюкзак-синий	12.4	5.9	снег-в-тени	0.798	44.7	-2.0	-2.0	2.8	bbox	848	143.2	143.2	143.2	1054,972,3,3	21.0	39.4826921	73.5838765	4637.3
850	850	1.224	рюкзак-синий	7.3	22.9	порода-в-тени	0.777	15.9	-1.0	-7.0	7.1	bbox	849	5.0	5.0	5.0	219,315,2,3	20.9	39.4824853	73.5841077	4638.2
851	851	1.342	рюкзак-синий	6.0	31.2	порода-в-тени	1.055	7.6	1.0	-8.0	8.1	bbox	850	49.1	49.1	49.1	53,1012,3,2	20.9	39.4826965	73.5838723	4637.3
852	852	1.330	рюкзак-синий	6.9	28.2	порода-в-тени	0.945	10.6	-2.5	-8.0	8.4	bbox	851	55.1	55.1	55.1	95,815,3,4	20.9	39.4826947	73.5838739	4637.3
853	853	1.827	рюкзак-синий	13.2	22.3	порода-в-тени	0.188	16.5	-1.0	-1.0	1.4	bbox	852	44.1	44.1	44.1	1781,213,4,4	20.7	39.4826663	73.5839487	4637.3
854	854	1.413	стакан-марка-красная	11.2	5.9	порода-в-тени	0.876	43.9	0.0	-1.0	1.0	bbox	853	143.2	143.2	143.2	689,513,3,3	20.7	39.4826921	73.5838765	4637.3
855	855	0.600	рюкзак-синий	4.1	8.6	снег-в-тени	0.677	30.2	0.0	-10.0	10.0	bbox	854	38.1	38.1	38.1	1657,401,2,3	20.6	39.4825027	73.5841014	4638.0
856	856	0.630	рюкзак-синий	5.0	2.1	снег-в-тени	0.435	36.7	1.0	-9.0	9.1	bbox	855	49.1	49.1	49.1	49,539,3,2	20.5	39.4826965	73.5838723	4637.3
857	857	1.776	палка-древко-контроль	13.2	18.8	снег-освещённый	0.992	60.4	-6.0	-2.0	6.3	bbox	856	113.2	112.2	113.2	821,1055,4,2	20.5	39.4826931	73.5838763	4637.3
858	858	2.005	стакан-марка-красная	12.0	37.3	порода-в-тени	0.396	12.5	-1.0	1.0	1.4	bbox	857	40.1	40.1	40.1	1783,52,2,3	20.3	39.4825660	73.5840865	4637.3
859	859	1.658	рюкзак-синий	13.0	9.2	снег-в-тени	0.901	48.0	-4.0	-2.0	4.5	bbox	858	91.1	91.1	91.1	347,755,4,3	20.3	39.4826922	73.5838754	4637.3
860	860	1.163	рюкзак-синий	8.4	14.1	снег-в-тени	0.362	52.9	-1.5	-6.0	6.2	bbox	859	134.2	134.2	134.2	1609,143,5,2	20.2	39.4826927	73.5838746	4637.3
861	861	2.062	стакан-марка-красная	15.5	19.4	снег-освещённый	0.602	69.2	-4.5	0.0	4.5	bbox	860	132.2	132.2	132.2	1517,132,2,4	20.1	39.4826926	73.5838744	4637.3
862	862	1.646	рюкзак-синий	13.0	7.3	снег-в-тени	0.903	46.1	-4.0	-2.0	4.5	bbox	861	82.1	82.1	82.1	1807,675,2,6	20.0	39.4826923	73.5838763	4637.3
863	863	1.190	рюкзак-синий	9.2	8.7	снег-в-тени	0.442	47.5	-2.5	-5.5	6.0	bbox	862	23.0	23.0	23.0	605,718,4,3	19.7	39.4824848	73.5841064	4638.3
864	864	1.778	рюкзак-синий	11.2	30.8	порода-в-тени	0.523	8.0	-1.0	-3.0	3.2	bbox	863	73.1	73.1	73.1	671,877,2,4	19.6	39.4826925	73.5838756	4637.3
865	865	2.189	палка-древко-контроль	14.1	36.4	снег-пересвеченный	0.601	78.0	-6.5	-1.0	6.6	bbox	864	141.2	141.2	141.2	1122,105,3,2	19.5	39.4826916	73.5838761	4637.3
866	866	1.072	рюкзак-синий	8.2	8.3	снег-в-тени	0.281	47.1	-1.0	-6.0	6.1	bbox	865	131.2	131.2	131.2	1395,99,2,3	19.3	39.4826926	73.5838743	4637.3
867	867	1.714	палка-древко-контроль	11.0	28.6	снег-пересвеченный	0.929	70.2	-8.5	-4.0	9.4	bbox	866	141.2	141.2	141.2	51,1049,4,2	19.2	39.4826916	73.5838761	4637.3
868	868	1.674	рюкзак-синий	13.0	11.2	снег-в-тени	0.905	50.0	-4.0	-2.0	4.5	bbox	867	75.1	75.1	75.1	677,659,2,4	19.1	39.4826925	73.5838759	4637.3
869	869	1.159	рюкзак-синий	6.1	24.5	порода-в-тени	0.936	14.3	0.0	-8.0	8.0	bbox	868	79.1	79.1	79.1	559,869,2,3	19.0	39.4826925	73.5838762	4637.3
870	870	1.189	рюкзак-синий	7.6	20.2	порода-в-тени	0.734	18.6	0.0	-6.5	6.5	bbox	869	83.1	83.1	83.1	579,167,4,2	19.0	39.4826924	73.5838761	4637.3
871	871	1.468	рюкзак-синий	6.8	33.5	порода-в-тени	0.983	5.3	-1.0	-7.5	7.6	bbox	870	52.1	52.1	52.1	1663,926,2,3	18.8	39.4826954	73.5838734	4637.3
872	872	1.068	рюкзак-синий	8.5	0.2	снег-в-тени	0.482	38.6	-2.0	-6.0	6.3	bbox	871	37.1	37.1	37.1	193,777,4,2	18.5	39.4824894	73.5841033	4638.2
873	873	1.754	рюкзак-синий	13.9	5.9	порода-в-тени	0.513	32.9	-4.0	-1.0	4.1	bbox	872	78.1	78.1	78.1	77,127,4,2	18.3	39.4826925	73.5838762	4637.3
874	874	1.023	рюкзак-синий	8.1	4.9	снег-в-тени	0.289	43.7	0.0	-6.0	6.0	bbox	873	143.2	143.2	143.2	449,399,2,3	18.2	39.4826921	73.5838765	4637.3
875	875	1.009	рюкзак-синий	7.3	12.2	снег-в-тени	0.210	51.0	-1.0	-7.0	7.1	bbox	874	57.1	56.1	57.1	1177,891,2,5	17.8	39.4826950	73.5838743	4637.3
876	876	2.151	рюкзак-синий	14.1	34.3	порода-в-тени	0.594	4.5	-1.0	0.0	1.0	bbox	875	100.1	100.1	100.1	1169,437,3,2	17.8	39.4826933	73.5838765	4637.3
877	877	1.700	рюкзак-синий	13.6	0.6	порода-в-тени	0.649	38.2	-3.0	-1.0	3.2	bbox	876	65.1	65.1	68.1	1567,49,2,4	17.7	39.4826947	73.5838761	4637.3
878	878	2.108	палка-древко-контроль	14.0	32.7	снег-пересвеченный	0.736	74.3	-7.0	-1.0	7.1	bbox	877	132.2	132.2	132.2	707,441,4,2	17.7	39.4826926	73.5838744	4637.3
879	879	1.901	рюкзак-синий	12.0	32.5	порода-в-тени	0.577	6.3	0.0	-2.0	2.0	bbox	878	44.1	44.1	44.1	1897,803,2,3	17.5	39.4826663	73.5839487	4637.3
880	880	1.449	рюкзак-синий	7.1	32.1	порода-в-тени	0.930	6.7	0.0	-7.0	7.0	bbox	879	88.1	88.1	88.1	694,113,3,2	17.3	39.4826925	73.5838759	4637.4
881	881	1.147	рюкзак-синий	8.2	14.1	порода-в-тени	0.656	24.7	-1.0	-6.0	6.1	bbox	880	1.0	1.0	1.0	250,855,3,2	16.9	39.4824853	73.5841075	4638.2
882	882	1.231	рюкзак-синий	9.2	12.4	снег-в-тени	0.458	51.2	-2.5	-5.5	6.0	bbox	881	66.1	66.1	66.1	789,617,4,2	16.8	39.4826945	73.5838759	4637.3
883	883	1.181	рюкзак-синий	7.6	19.6	порода-в-тени	0.751	19.2	-2.0	-7.0	7.3	bbox	882	82.1	82.1	82.1	588,555,3,2	16.8	39.4826923	73.5838763	4637.3
884	884	1.777	рюкзак-синий	12.0	26.6	порода-в-тени	0.447	12.2	0.5	-2.0	2.1	bbox	883	40.1	40.1	40.1	343,0,2,3	16.7	39.4825660	73.5840865	4637.3
885	885	1.194	рюкзак-синий	7.2	21.9	порода-в-тени	0.893	16.9	-3.0	-8.0	8.5	bbox	884	131.2	131.2	131.2	491,500,3,3	16.7	39.4826926	73.5838743	4637.3
886	886	1.989	стакан-марка-красная	14.3	24.3	снег-освещённый	0.427	74.1	-3.0	-2.0	3.6	bbox	885	132.2	132.2	132.2	946,252,2,3	16.6	39.4826926	73.5838744	4637.3
887	887	1.198	рюкзак-синий	9.0	11.4	снег-в-тени	0.409	50.2	-2.0	-5.5	5.9	bbox	886	69.1	69.1	69.1	941,22,2,3	16.5	39.4826935	73.5838755	4637.3
888	888	1.078	рюкзак-синий	7.8	13.2	снег-в-тени	0.270	52.0	-1.0	-6.5	6.6	bbox	887	69.1	69.1	69.1	694,257,4,2	16.5	39.4826935	73.5838755	4637.3
889	889	1.374	рюкзак-синий	8.1	25.9	порода-в-тени	0.705	12.9	-0.5	-6.0	6.0	bbox	888	90.1	88.1	90.1	661,356,2,3	16.4	39.4826924	73.5838755	4637.3
890	890	1.668	палка-древко-контроль	13.3	1.2	порода-в-тени	0.816	40.4	-5.0	-2.0	5.4	bbox	889	134.2	134.2	134.2	389,159,4,2	16.4	39.4826927	73.5838746	4637.3
891	891	1.637	стакан-марка-красная	13.0	4.3	снег-освещённый	0.961	54.1	-2.0	0.0	2.0	bbox	890	115.2	115.2	115.2	1730,559,3,2	16.2	39.4826935	73.5838767	4637.3
892	892	1.309	рюкзак-синий	8.5	21.2	снег-в-тени	0.561	60.0	-2.0	-6.0	6.3	bbox	891	110.2	110.2	110.2	1001,95,4,2	16.1	39.4826925	73.5838760	4637.3
893	893	1.791	стакан-марка-красная	13.6	15.3	снег-освещённый	0.604	65.1	-2.5	-1.0	2.7	bbox	892	131.2	131.2	131.2	1407,329,2,3	16.0	39.4826926	73.5838743	4637.3
894	894	1.533	рюкзак-синий	12.3	1.3	порода-в-тени	0.625	37.5	-1.5	-2.0	2.5	bbox	893	34.0	34.0	34.0	1433,53,2,4	15.6	39.4824839	73.5841049	4638.2
895	895	1.319	рюкзак-синий	10.4	5.3	снег-в-тени	0.574	44.1	-2.0	-4.0	4.5	bbox	894	52.1	52.1	52.1	1045,23,4,2	15.1	39.4826954	73.5838734	4637.3
896	896	1.703	рюкзак-синий	13.1	12.8	снег-в-тени	0.905	51.6	-3.0	-1.5	3.4	bbox	895	83.1	83.1	83.1	1745,687,3,2	15.1	39.4826924	73.5838761	4637.3
897	897	1.059	рюкзак-синий	8.4	4.3	снег-в-тени	0.568	34.5	-1.5	-6.0	6.2	bbox	896	32.0	32.0	32.0	955,39,3,2	15.0	39.4824835	73.5841047	4638.2
898	898	1.035	рюкзак-синий	8.2	2.5	снег-в-тени	0.498	36.3	-1.0	-6.0	6.1	bbox	897	6.0	6.0	6.0	215,49,2,3	14.6	39.4824851	73.5841079	4638.2
899	899	1.945	рюкзак-синий	13.3	28.0	порода-в-тени	0.343	10.8	-2.0	-1.0	2.2	bbox	898	68.1	68.1	68.1	1831,78,2,3	14.6	39.4826936	73.5838755	4637.3
900	900	1.656	рюкзак-синий	12.6	13.7	снег-в-тени	0.856	52.5	-3.0	-2.0	3.6	bbox	899	70.1	70.1	70.1	1870,543,3,2	14.3	39.4826932	73.5838756	4637.4
901	901	1.216	рюкзак-синий	8.5	16.3	снег-в-тени	0.439	55.1	-2.0	-6.0	6.3	bbox	900	0.0	0.0	0.0	1369,403,2,4	13.8	39.4824853	73.5841073	4638.2
902	902	1.106	рюкзак-синий	8.5	8.1	снег-в-тени	0.355	46.9	-2.0	-6.0	6.3	bbox	901	21.0	21.0	21.0	1095,217,2,4	13.8	39.4824847	73.5841065	4638.2
903	903	1.208	рюкзак-синий	9.2	10.4	снег-в-тени	0.445	49.2	-2.5	-5.5	6.0	bbox	902	21.0	21.0	21.0	1277,905,4,4	13.8	39.4824847	73.5841065	4638.2
904	904	1.175	рюкзак-синий	8.5	13.7	снег-в-тени	0.392	52.5	-2.0	-6.0	6.3	bbox	903	0.0	0.0	0.0	333,387,4,4	13.3	39.4824853	73.5841073	4638.2
905	905	1.151	рюкзак-синий	9.2	1.8	снег-в-тени	0.512	40.6	-2.5	-5.5	6.0	bbox	904	9.0	9.0	9.0	649,163,2,4	13.1	39.4824852	73.5841075	4638.2
906	906	1.024	рюкзак-синий	8.1	5.1	снег-в-тени	0.639	33.7	-3.0	-7.0	7.6	bbox	905	131.2	131.2	131.2	1894,207,2,3	12.9	39.4826926	73.5838743	4637.3
907	907	1.067	рюкзак-синий	8.5	2.8	снег-в-тени	0.475	41.6	-3.0	-6.5	7.2	bbox	906	56.1	56.1	56.1	1475,304,2,3	12.8	39.4826949	73.5838741	4637.3
908	908	1.067	рюкзак-синий	8.2	7.7	снег-в-тени	0.284	46.5	-1.0	-6.0	6.1	bbox	907	29.0	29.0	29.0	796,49,3,2	12.2	39.4824836	73.5841049	4638.2
909	909	1.520	рюкзак-синий	12.0	6.4	порода-в-тени	0.470	32.4	-2.5	-2.5	3.5	bbox	908	37.1	37.1	37.1	1307,369,2,3	12.0	39.4824894	73.5841033	4638.2
910	910	1.030	рюкзак-синий	8.1	5.7	снег-в-тени	0.610	33.1	-2.0	-6.5	6.8	bbox	909	40.1	40.1	40.1	1689,915,2,3	12.0	39.4825660	73.5840865	4637.3
911	911	1.098	рюкзак-синий	8.2	10.6	снег-в-тени	0.285	49.4	-1.0	-6.0	6.1	bbox	910	17.0	17.0	17.0	1079,534,2,3	11.9	39.4824852	73.5841065	4638.2
912	912	1.579	рюкзак-синий	12.2	11.8	снег-в-тени	0.789	50.6	-3.0	-2.5	3.9	bbox	911	135.2	135.2	135.2	143,14,2,3	11.3	39.4826924	73.5838746	4637.3
913	913	1.617	рюкзак-синий	11.2	22.8	снег-освещённый	0.783	61.6	-1.0	-3.0	3.2	bbox	912	81.1	81.1	81.1	1053,133,3,2	11.1	39.4826924	73.5838763	4637.3
