track	t_best	t0	t1	bbox	score	lat	lon	alt
0	113.1	113.1	113.1	971,351,85,68	11565.6	39.5040071	73.5987460	4240.4
1	11.0	11.0	11.0	23,335,50,84	9698.9	39.4911085	73.5884032	4445.6
2	45.0	45.0	45.0	193,951,38,88	6564.9	39.4952230	73.5916707	4377.7
3	38.0	35.0	38.0	612,967,85,76	5931.2	39.4943211	73.5909514	4406.0
4	93.1	93.1	93.1	463,0,60,39	5688.5	39.5013848	73.5967203	4320.9
5	121.1	121.1	121.1	1213,345,28,126	5474.9	39.5050337	73.5995863	4208.4
6	105.1	105.1	105.1	1073,673,56,106	5426.5	39.5029666	73.5978923	4272.8
7	106.1	106.1	106.1	1357,643,76,62	5219.3	39.5030941	73.5979978	4268.8
8	83.1	82.1	83.1	531,145,46,69	5153.0	39.5000647	73.5957349	4361.4
9	22.0	21.0	22.0	693,413,56,76	5031.8	39.4925385	73.5895354	4445.6
10	41.0	41.0	41.0	555,671,76,46	4984.7	39.4947059	73.5912570	4393.9
11	121.1	121.1	121.1	117,165,50,92	4965.5	39.5050337	73.5995863	4208.4
12	74.1	74.1	74.1	0,665,65,104	4924.0	39.4989156	73.5947869	4365.4
13	74.1	74.1	74.1	81,401,38,136	4830.3	39.4989156	73.5947869	4365.4
14	44.0	44.0	44.0	1436,671,43,42	4546.7	39.4950944	73.5915661	4381.8
15	116.1	116.1	120.1	388,185,29,87	4538.9	39.5043921	73.5990611	4228.4
16	108.1	104.1	108.1	177,0,22,103	4391.3	39.5033501	73.5982085	4260.8
17	21.0	21.0	23.0	537,805,32,118	4380.6	39.4924098	73.5894334	4445.6
18	0.0	0.0	4.0	1151,737,58,48	4355.0	39.4895773	73.5874431	4445.6
19	62.1	62.1	62.1	1863,551,57,32	4250.7	39.4973769	73.5935162	4367.3
20	110.1	110.1	110.1	293,571,40,70	4225.4	39.5036199	73.5984292	4252.4
21	19.0	15.0	19.0	481,71,30,70	4112.2	39.4921507	73.5892280	4445.6
22	111.1	104.1	111.1	1670,353,87,38	3952.2	39.5037362	73.5985241	4248.9
23	80.1	80.1	80.1	199,377,34,64	3909.9	39.4996833	73.5954200	4365.5
24	39.0	39.0	39.0	745,177,43,34	3843.4	39.4944495	73.5910533	4402.0
25	53.1	53.1	53.1	515,983,38,58	3793.9	39.4962310	73.5925439	4367.1
26	12.0	12.0	12.0	0,368,55,31	3742.2	39.4912427	73.5885054	4445.6
27	101.1	101.1	101.1	1791,401,26,79	3730.9	39.5024402	73.5974995	4288.8
28	16.0	16.0	16.0	1396,865,45,50	3711.7	39.4917603	73.5889192	4445.6
29	113.1	113.1	113.1	1731,17,33,48	3580.5	39.5040071	73.5987460	4240.4
30	22.0	22.0	22.0	121,959,60,28	3579.7	39.4925385	73.5895354	4445.6
31	15.0	15.0	15.0	1487,0,21,55	3456.3	39.4916315	73.5888172	4445.7
32	45.0	45.0	45.0	253,939,38,120	3443.1	39.4952230	73.5916707	4377.7
33	55.1	55.1	55.1	145,994,27,73	3429.9	39.4964841	73.5927631	4367.2
34	31.0	31.0	31.0	1171,775,32,40	3306.5	39.4934938	73.5902948	4434.1
35	64.1	64.1	64.1	1675,609,26,120	3293.3	39.4976335	73.5937283	4366.7
36	79.1	79.1	79.1	1569,824,20,105	3274.9	39.4995555	73.5953146	4365.5
37	1.0	1.0	1.0	1485,525,40,56	3266.8	39.4897147	73.5875280	4445.5
38	37.0	37.0	37.0	1669,985,60,40	3261.2	39.4941958	73.5908522	4409.9
39	61.1	61.1	61.1	1225,103,30,34	3164.9	39.4972488	73.5934108	4367.4
40	52.1	52.1	52.1	491,685,38,34	3156.7	39.4961062	73.5924361	4367.0
41	111.1	111.1	111.1	1569,199,38,46	3153.0	39.5037362	73.5985241	4248.9
42	11.0	11.0	13.0	107,75,16,80	3071.6	39.4911085	73.5884032	4445.6
43	83.1	82.1	84.1	183,545,28,48	2970.2	39.5000647	73.5957349	4361.4
44	11.0	8.0	11.0	549,285,44,124	2932.8	39.4911085	73.5884032	4445.6
45	92.1	92.1	92.1	760,883,11,118	2921.5	39.5012520	73.5966227	4325.0
46	25.0	25.0	25.0	0,697,37,48	2866.9	39.4929284	73.5898451	4445.6
47	107.1	107.1	107.1	1776,565,33,51	2849.0	39.5032224	73.5981035	4264.8
48	67.1	67.1	67.1	291,789,38,102	2840.3	39.4980165	73.5940450	4365.9
49	2.0	0.0	4.0	545,849,32,38	2803.3	39.4898536	73.5876136	4445.5
50	109.1	102.1	109.1	85,0,34,65	2796.3	39.5034795	73.5983145	4256.8
51	98.1	98.1	98.1	1244,287,26,37	2694.2	39.5020445	73.5972080	4300.9
52	82.1	82.1	83.1	428,201,21,72	2674.3	39.4999381	73.5956301	4364.7
53	37.0	37.0	37.0	508,209,27,46	2669.7	39.4941958	73.5908522	4409.9
54	86.1	86.1	86.1	0,785,29,74	2635.2	39.5004632	73.5960381	4349.3
55	36.0	36.0	36.0	1390,1051,43,29	2635.0	39.4940710	73.5907533	4413.9
56	6.0	5.0	6.0	123,831,46,30	2599.8	39.4904040	73.5879541	4445.6
57	39.0	39.0	39.0	733,937,40,32	2581.9	39.4944495	73.5910533	4402.0
58	30.0	28.0	30.0	973,729,44,36	2581.8	39.4933974	73.5902175	4438.0
59	24.0	23.0	24.0	94,417,29,28	2537.3	39.4927973	73.5897409	4445.6
60	110.1	110.1	110.1	385,87,38,46	2519.9	39.5036199	73.5984292	4252.4
61	103.1	103.1	103.1	1873,7,24,64	2514.1	39.5027021	73.5976930	4280.8
62	51.1	46.0	51.1	1681,991,38,42	2458.0	39.4959787	73.5923258	4367.0
63	24.0	24.0	24.0	1386,139,29,30	2442.2	39.4927973	73.5897409	4445.6
64	93.1	93.1	93.1	1321,369,40,32	2439.7	39.5013848	73.5967203	4320.9
65	83.1	83.1	83.1	1522,759,32,56	2418.4	39.5000647	73.5957349	4361.4
66	93.1	93.1	93.1	117,689,29,39	2416.3	39.5013848	73.5967203	4320.9
67	16.0	16.0	16.0	97,808,24,48	2358.6	39.4917603	73.5889192	4445.6
68	42.0	42.0	45.0	1467,81,32,30	2354.2	39.4948338	73.5913589	4389.8
69	58.1	58.1	58.1	427,271,22,86	2352.0	39.4968625	73.5930910	4367.6
70	4.0	4.0	7.0	473,366,20,41	2340.2	39.4901284	73.5877836	4445.6
71	50.1	45.0	50.1	1789,225,57,32	2339.8	39.4958528	73.5922173	4367.2
72	53.1	53.1	53.1	1677,767,24,38	2327.8	39.4962310	73.5925439	4367.1
73	112.1	112.1	112.1	1769,561,31,80	2293.9	39.5038643	73.5986290	4244.9
74	27.0	27.0	32.0	1601,619,34,38	2290.7	39.4931588	73.5900285	4445.4
75	84.1	84.1	85.1	957,779,16,70	2262.9	39.5001950	73.5958409	4357.5
76	1.0	1.0	1.0	1717,347,34,25	2253.8	39.4897147	73.5875280	4445.5
77	34.0	34.0	34.0	1123,819,46,38	2226.9	39.4938275	73.5905599	4422.0
78	86.1	86.1	86.1	67,715,14,44	2211.3	39.5004632	73.5960381	4349.3
79	57.1	57.1	57.1	609,1025,18,40	2141.5	39.4967364	73.5929818	4367.5
80	54.1	54.1	54.1	271,1035,24,30	2140.5	39.4963582	73.5926541	4367.2
81	106.1	106.1	106.1	1459,655,16,63	2124.6	39.5030941	73.5979978	4268.8
82	53.1	53.1	53.1	735,727,32,38	2105.5	39.4962310	73.5925439	4367.1
83	99.1	98.1	102.1	125,697,26,53	2089.6	39.5021762	73.5973049	4296.9
84	104.1	104.1	104.1	1332,271,15,112	2089.3	39.5028343	73.5977906	4276.8
85	7.0	7.0	12.0	763,367,25,56	2080.4	39.4905546	73.5880474	4445.6
86	23.0	22.0	23.0	504,428,29,27	2070.9	39.4926690	73.5896389	4445.6
87	50.1	47.0	50.1	1855,951,21,52	2070.2	39.4958528	73.5922173	4367.2
88	1.0	1.0	1.0	3,771,24,32	2068.4	39.4897147	73.5875280	4445.5
89	101.1	101.1	101.1	273,81,24,52	2062.7	39.5024402	73.5974995	4288.8
90	117.1	115.1	117.1	569,257,32,60	2059.8	39.5045199	73.5991658	4224.4
91	19.0	19.0	20.0	1199,0,42,33	2058.4	39.4921507	73.5892280	4445.6
92	24.0	24.0	24.0	557,1057,28,23	2051.8	39.4927973	73.5897409	4445.6
93	81.1	81.1	81.1	97,69,10,92	2047.5	39.4998114	73.5955256	4365.4
94	118.1	117.1	118.1	45,911,18,86	2025.2	39.5046478	73.5992708	4220.4
95	82.1	82.1	82.1	0,97,15,36	2015.4	39.4999381	73.5956301	4364.7
96	108.1	108.1	108.1	161,969,44,22	2009.2	39.5033501	73.5982085	4260.8
97	1.0	1.0	5.0	1705,1009,33,47	1990.0	39.4897147	73.5875280	4445.5
98	22.0	22.0	23.0	0,413,25,54	1988.4	39.4925385	73.5895354	4445.6
99	29.0	29.0	29.0	1074,399,33,22	1985.0	39.4933107	73.5901484	4441.5
100	98.1	98.1	98.1	1325,865,28,26	1979.8	39.5020445	73.5972080	4300.9
101	96.1	95.1	96.1	121,395,20,46	1960.2	39.5017792	73.5970120	4309.0
102	12.0	12.0	12.0	1847,656,22,61	1935.9	39.4912427	73.5885054	4445.6
103	86.1	83.1	86.1	31,921,13,78	1934.1	39.5004632	73.5960381	4349.3
104	111.1	111.1	111.1	1859,577,24,28	1932.0	39.5037362	73.5985241	4248.9
105	20.0	16.0	20.0	1652,305,29,38	1929.6	39.4922793	73.5893300	4445.6
106	68.1	67.1	72.1	0,797,15,63	1918.9	39.4981457	73.5941516	4365.7
107	87.1	85.1	87.1	417,947,18,56	1899.8	39.5005948	73.5961354	4345.2
108	107.1	107.1	107.1	953,105,14,58	1878.2	39.5032224	73.5981035	4264.8
109	102.1	102.1	103.1	0,963,27,30	1870.7	39.5025716	73.5975966	4284.7
110	53.1	53.1	53.1	65,977,27,26	1842.4	39.4962310	73.5925439	4367.1
111	113.1	113.1	113.1	595,65,22,53	1835.4	39.5040071	73.5987460	4240.4
112	77.1	77.1	77.1	1627,795,18,77	1833.8	39.4992990	73.5951032	4365.5
113	104.1	104.1	104.1	723,195,14,48	1828.2	39.5028343	73.5977906	4276.8
114	98.1	98.1	98.1	1175,865,48,24	1827.7	39.5020445	73.5972080	4300.9
115	2.0	2.0	4.0	609,923,32,22	1823.0	39.4898536	73.5876136	4445.5
116	65.1	65.1	65.1	85,1007,13,73	1820.0	39.4977615	73.5938343	4366.4
117	101.1	101.1	101.1	158,587,17,46	1817.5	39.5024402	73.5974995	4288.8
118	77.1	74.1	77.1	697,499,20,62	1811.9	39.4992990	73.5951032	4365.5
119	120.1	120.1	121.1	165,801,22,56	1810.5	39.5049058	73.5994819	4212.4
120	54.1	54.1	54.1	57,177,29,44	1805.8	39.4963582	73.5926541	4367.2
121	109.1	109.1	109.1	1369,697,18,48	1804.9	39.5034795	73.5983145	4256.8
122	26.0	26.0	26.0	201,971,32,44	1800.3	39.4930566	73.5899473	4445.7
123	99.1	99.1	99.1	453,559,12,66	1798.9	39.5021762	73.5973049	4296.9
124	78.1	78.1	78.1	330,1009,19,71	1790.0	39.4994273	73.5952090	4365.5
125	121.1	120.1	121.1	580,409,13,78	1778.4	39.5050337	73.5995863	4208.4
126	110.1	110.1	110.1	93,995,25,44	1773.5	39.5036199	73.5984292	4252.4
127	116.1	116.1	116.1	289,835,24,38	1766.3	39.5043921	73.5990611	4228.4
128	2.0	2.0	2.0	1851,593,20,68	1761.7	39.4898536	73.5876136	4445.5
129	0.0	0.0	0.0	276,43,33,48	1753.3	39.4895773	73.5874431	4445.6
130	31.0	31.0	31.0	1249,117,22,28	1748.4	39.4934938	73.5902948	4434.1
131	41.0	41.0	41.0	1005,695,34,32	1744.6	39.4947059	73.5912570	4393.9
132	88.1	88.1	88.1	1713,177,50,30	1743.0	39.5007263	73.5962331	4341.0
133	57.1	57.1	57.1	1851,363,16,102	1742.8	39.4967364	73.5929818	4367.5
134	17.0	17.0	17.0	903,759,26,22	1731.8	39.4918905	73.5890223	4445.6
135	14.0	13.0	18.0	385,519,26,44	1728.1	39.4915012	73.5887138	4445.7
136	55.1	55.1	55.1	17,1009,16,40	1722.2	39.4964841	73.5927631	4367.2
137	46.0	46.0	46.0	769,0,48,23	1716.4	39.4953488	73.5917801	4373.7
138	0.0	0.0	0.0	17,1041,22,36	1713.0	39.4895773	73.5874431	4445.6
139	14.0	14.0	14.0	1795,147,35,32	1711.9	39.4915012	73.5887138	4445.7
140	17.0	17.0	17.0	749,713,24,24	1691.5	39.4918905	73.5890223	4445.6
141	109.1	109.1	109.1	1777,693,22,66	1691.1	39.5034795	73.5983145	4256.8
142	61.1	61.1	63.1	1889,229,31,28	1683.5	39.4972488	73.5934108	4367.4
143	54.1	53.1	54.1	751,331,36,28	1681.1	39.4963582	73.5926541	4367.2
144	100.1	94.1	100.1	589,569,18,38	1676.5	39.5023087	73.5974026	4292.9
145	11.0	7.0	11.0	24,245,36,44	1672.7	39.4911085	73.5884032	4445.6
146	108.1	108.1	108.1	107,957,34,20	1670.4	39.5033501	73.5982085	4260.8
147	12.0	12.0	12.0	1295,0,28,17	1669.5	39.4912427	73.5885054	4445.6
148	27.0	25.0	27.0	1575,953,28,28	1667.3	39.4931588	73.5900285	4445.4
149	77.1	77.1	77.1	291,333,8,78	1657.4	39.4992990	73.5951032	4365.5
150	47.0	47.0	47.0	899,322,28,45	1657.3	39.4954746	73.5918905	4370.1
151	105.1	105.1	105.1	31,931,14,60	1649.0	39.5029666	73.5978923	4272.8
152	95.1	95.1	96.1	1765,799,31,24	1640.9	39.5016473	73.5969150	4313.0
153	101.1	97.1	103.1	1751,498,58,23	1635.6	39.5024402	73.5974995	4288.8
154	108.1	108.1	110.1	1457,383,36,20	1629.5	39.5033501	73.5982085	4260.8
155	121.1	121.1	121.1	477,801,16,56	1625.9	39.5050337	73.5995863	4208.4
156	102.1	102.1	103.1	327,205,12,60	1611.5	39.5025716	73.5975966	4284.7
157	113.1	113.1	113.1	696,1023,19,34	1604.0	39.5040071	73.5987460	4240.4
158	51.1	51.1	51.1	53,439,15,48	1600.4	39.4959787	73.5923258	4367.0
159	23.0	23.0	23.0	801,419,22,28	1582.0	39.4926690	73.5896389	4445.6
160	41.0	41.0	41.0	217,474,30,29	1559.2	39.4947059	73.5912570	4393.9
161	80.1	80.1	80.1	1391,401,22,40	1554.5	39.4996833	73.5954200	4365.5
162	87.1	87.1	87.1	97,561,16,58	1551.1	39.5005948	73.5961354	4345.2
163	101.1	101.1	105.1	1825,483,36,38	1550.3	39.5024402	73.5974995	4288.8
164	25.0	25.0	25.0	307,386,20,35	1544.8	39.4929284	73.5898451	4445.6
165	104.1	104.1	106.1	73,753,48,20	1535.6	39.5028343	73.5977906	4276.8
166	102.1	98.1	102.1	7,441,11,56	1535.4	39.5025716	73.5975966	4284.7
167	36.0	36.0	36.0	1825,785,30,24	1522.4	39.4940710	73.5907533	4413.9
168	98.1	98.1	103.1	1497,223,22,24	1518.4	39.5020445	73.5972080	4300.9
169	74.1	74.1	74.1	5,863,20,44	1513.7	39.4989156	73.5947869	4365.4
170	93.1	93.1	93.1	293,317,16,36	1513.2	39.5013848	73.5967203	4320.9
171	58.1	58.1	59.1	97,875,41,28	1497.5	39.4968625	73.5930910	4367.6
172	118.1	118.1	121.1	1365,769,28,32	1496.1	39.5046478	73.5992708	4220.4
173	100.1	100.1	100.1	767,904,18,62	1495.0	39.5023087	73.5974026	4292.9
174	42.0	42.0	42.0	1602,339,24,44	1492.5	39.4948338	73.5913589	4389.8
175	76.1	76.1	76.1	1897,447,23,18	1491.6	39.4991713	73.5949980	4365.4
176	26.0	26.0	27.0	1480,497,31,24	1489.3	39.4930566	73.5899473	4445.7
177	74.1	70.1	74.1	1843,113,21,80	1483.1	39.4989156	73.5947869	4365.4
178	37.0	37.0	37.0	233,86,26,31	1470.4	39.4941958	73.5908522	4409.9
179	93.1	93.1	93.1	205,959,16,34	1469.3	39.5013848	73.5967203	4320.9
180	97.1	93.1	97.1	903,673,26,32	1465.8	39.5019130	73.5971107	4304.9
181	2.0	2.0	3.0	338,0,21,23	1458.0	39.4898536	73.5876136	4445.5
182	112.1	108.1	112.1	61,177,6,58	1455.3	39.5038643	73.5986290	4244.9
183	93.1	93.1	93.1	1589,289,24,26	1444.9	39.5013848	73.5967203	4320.9
184	55.1	55.1	55.1	101,337,18,64	1444.5	39.4964841	73.5927631	4367.2
185	119.1	115.1	121.1	659,905,22,56	1442.4	39.5047776	73.5993768	4216.4
186	11.0	11.0	11.0	77,187,20,22	1439.4	39.4911085	73.5884032	4445.6
187	117.1	117.1	119.1	1009,761,24,32	1424.1	39.5045199	73.5991658	4224.4
188	116.1	116.1	119.1	1830,1041,26,39	1416.8	39.5043921	73.5990611	4228.4
189	22.0	22.0	22.0	193,831,20,34	1408.5	39.4925385	73.5895354	4445.6
190	110.1	110.1	110.1	311,129,40,20	1407.9	39.5036199	73.5984292	4252.4
191	105.1	105.1	106.1	1727,769,18,56	1390.1	39.5029666	73.5978923	4272.8
192	109.1	109.1	109.1	83,645,18,44	1373.9	39.5034795	73.5983145	4256.8
193	88.1	88.1	92.1	827,505,22,56	1370.5	39.5007263	73.5962331	4341.0
194	102.1	102.1	102.1	718,639,13,40	1361.1	39.5025716	73.5975966	4284.7
195	53.1	50.1	53.1	1394,833,19,32	1355.4	39.4962310	73.5925439	4367.1
196	51.1	50.1	54.1	1619,1049,30,24	1344.8	39.4959787	73.5923258	4367.0
197	108.1	108.1	108.1	519,970,15,73	1344.4	39.5033501	73.5982085	4260.8
198	55.1	55.1	55.1	43,835,26,23	1343.4	39.4964841	73.5927631	4367.2
199	88.1	85.1	88.1	125,103,20,32	1338.5	39.5007263	73.5962331	4341.0
200	12.0	12.0	12.0	321,0,32,47	1335.0	39.4912427	73.5885054	4445.6
201	22.0	21.0	22.0	759,585,26,36	1332.0	39.4925385	73.5895354	4445.6
202	109.1	109.1	109.1	1801,885,18,36	1327.8	39.5034795	73.5983145	4256.8
203	58.1	58.1	58.1	0,814,22,42	1320.8	39.4968625	73.5930910	4367.6
204	24.0	24.0	24.0	1489,403,19,26	1320.6	39.4927973	73.5897409	4445.6
205	115.1	115.1	115.1	45,961,8,64	1319.7	39.5042640	73.5989563	4232.4
206	11.0	7.0	11.0	111,771,20,44	1310.3	39.4911085	73.5884032	4445.6
207	24.0	24.0	24.0	527,223,32,18	1309.0	39.4927973	73.5897409	4445.6
208	21.0	21.0	21.0	955,505,18,22	1303.2	39.4924098	73.5894334	4445.6
209	11.0	11.0	11.0	147,171,20,29	1295.0	39.4911085	73.5884032	4445.6
210	33.0	33.0	33.0	53,581,27,20	1293.7	39.4937115	73.5904678	4426.0
211	11.0	11.0	11.0	12,7,21,32	1292.7	39.4911085	73.5884032	4445.6
212	8.0	8.0	8.0	1729,932,22,43	1285.2	39.4906926	73.5881328	4445.6
213	77.1	77.1	82.1	657,223,46,27	1285.1	39.4992990	73.5951032	4365.5
214	118.1	118.1	118.1	0,657,8,54	1281.4	39.5046478	73.5992708	4220.4
215	62.1	62.1	66.1	1168,691,34,30	1280.9	39.4973769	73.5935162	4367.3
216	116.1	116.1	116.1	1866,977,18,32	1273.1	39.5043921	73.5990611	4228.4
217	39.0	35.0	39.0	23,1031,30,19	1271.4	39.4944495	73.5910533	4402.0
218	100.1	100.1	100.1	1561,512,32,28	1267.1	39.5023087	73.5974026	4292.9
219	44.0	44.0	44.0	825,117,24,24	1251.6	39.4950944	73.5915661	4381.8
220	114.1	114.1	117.1	1095,413,18,26	1247.2	39.5041214	73.5988397	4236.8
221	98.1	98.1	98.1	221,529,22,38	1245.4	39.5020445	73.5972080	4300.9
222	95.1	95.1	96.1	355,321,14,30	1243.1	39.5016473	73.5969150	4313.0
223	86.1	86.1	86.1	113,577,12,48	1238.2	39.5004632	73.5960381	4349.3
224	40.0	40.0	40.0	1401,137,22,28	1236.4	39.4945768	73.5911544	4398.0
225	100.1	98.1	100.1	713,1025,10,55	1234.7	39.5023087	73.5974026	4292.9
226	110.1	110.1	110.1	1343,929,12,35	1232.0	39.5036199	73.5984292	4252.4
227	110.1	110.1	110.1	297,975,24,40	1229.7	39.5036199	73.5984292	4252.4
228	29.0	21.0	29.0	673,159,12,32	1229.3	39.4933107	73.5901484	4441.5
229	14.0	6.0	14.0	91,969,22,22	1225.7	39.4915012	73.5887138	4445.7
230	46.0	46.0	46.0	915,273,30,16	1225.7	39.4953488	73.5917801	4373.7
231	68.1	68.1	68.1	127,0,27,27	1224.7	39.4981457	73.5941516	4365.7
232	24.0	24.0	24.0	417,95,14,44	1223.5	39.4927973	73.5897409	4445.6
233	113.1	113.1	113.1	1611,603,14,38	1222.5	39.5040071	73.5987460	4240.4
234	47.0	47.0	47.0	845,497,20,24	1221.4	39.4954746	73.5918905	4370.1
235	106.1	106.1	106.1	125,483,8,54	1220.3	39.5030941	73.5979978	4268.8
236	111.1	111.1	111.1	1831,665,26,24	1216.9	39.5037362	73.5985241	4248.9
237	101.1	101.1	101.1	1454,963,37,25	1206.6	39.5024402	73.5974995	4288.8
238	7.0	7.0	7.0	63,345,14,49	1205.5	39.4905546	73.5880474	4445.6
239	84.1	84.1	84.1	963,733,24,36	1203.6	39.5001950	73.5958409	4357.5
240	102.1	102.1	102.1	1413,335,12,40	1202.2	39.5025716	73.5975966	4284.7
241	46.0	43.0	46.0	330,705,31,22	1199.9	39.4953488	73.5917801	4373.7
242	5.0	4.0	5.0	325,397,16,32	1197.8	39.4902656	73.5878682	4445.6
243	39.0	39.0	39.0	875,495,16,33	1195.1	39.4944495	73.5910533	4402.0
244	120.1	120.1	120.1	105,721,8,48	1187.2	39.5049058	73.5994819	4212.4
245	65.1	65.1	66.1	974,47,31,26	1181.6	39.4977615	73.5938343	4366.4
246	108.1	107.1	108.1	93,1046,20,34	1181.1	39.5033501	73.5982085	4260.8
247	71.1	71.1	71.1	550,705,13,36	1180.6	39.4985306	73.5944692	4365.4
248	84.1	83.1	84.1	682,273,24,18	1179.4	39.5001950	73.5958409	4357.5
249	103.1	103.1	103.1	826,595,25,25	1174.7	39.5027021	73.5976930	4280.8
250	77.1	77.1	77.1	712,423,11,66	1171.8	39.4992990	73.5951032	4365.5
251	14.0	13.0	14.0	389,449,22,32	1171.0	39.4915012	73.5887138	4445.7
252	108.1	108.1	108.1	759,944,8,57	1167.5	39.5033501	73.5982085	4260.8
253	121.1	120.1	121.1	603,519,20,32	1165.6	39.5050337	73.5995863	4208.4
254	51.1	51.1	51.1	49,369,16,48	1164.4	39.4959787	73.5923258	4367.0
255	29.0	29.0	30.0	221,961,20,40	1161.3	39.4933107	73.5901484	4441.5
256	106.1	106.1	106.1	249,861,10,60	1159.9	39.5030941	73.5979978	4268.8
257	76.1	76.1	76.1	1910,254,10,50	1157.5	39.4991713	73.5949980	4365.4
258	95.1	95.1	96.1	128,1025,21,33	1152.7	39.5016473	73.5969150	4313.0
259	32.0	27.0	32.0	135,233,14,34	1151.5	39.4935985	73.5903783	4430.1
260	24.0	24.0	24.0	235,341,22,46	1150.6	39.4927973	73.5897409	4445.6
261	0.0	0.0	1.0	35,169,18,36	1147.3	39.4895773	73.5874431	4445.6
262	24.0	24.0	24.0	705,717,26,45	1144.8	39.4927973	73.5897409	4445.6
263	104.1	104.1	104.1	241,625,17,48	1141.6	39.5028343	73.5977906	4276.8
264	8.0	8.0	8.0	1902,34,18,63	1141.1	39.4906926	73.5881328	4445.6
265	88.1	88.1	88.1	443,333,14,42	1138.9	39.5007263	73.5962331	4341.0
266	101.1	101.1	101.1	1569,657,14,32	1138.4	39.5024402	73.5974995	4288.8
267	17.0	17.0	17.0	459,977,16,30	1138.1	39.4918905	73.5890223	4445.6
268	10.0	10.0	13.0	0,597,9,42	1136.9	39.4909691	73.5883069	4445.6
269	78.1	78.1	78.1	483,781,21,68	1135.6	39.4994273	73.5952090	4365.5
270	96.1	94.1	103.1	817,883,30,35	1131.6	39.5017792	73.5970120	4309.0
271	99.1	99.1	99.1	1681,81,21,22	1129.9	39.5021762	73.5973049	4296.9
272	3.0	3.0	3.0	629,537,20,44	1129.1	39.4899909	73.5876985	4445.6
273	38.0	36.0	39.0	965,539,12,48	1127.4	39.4943211	73.5909514	4406.0
274	109.1	108.1	109.1	1104,657,13,44	1126.7	39.5034795	73.5983145	4256.8
275	42.0	42.0	42.0	1731,743,24,24	1126.0	39.4948338	73.5913589	4389.8
276	20.0	20.0	20.0	1811,886,18,35	1118.4	39.4922793	73.5893300	4445.6
277	112.1	112.1	114.1	1844,529,21,48	1116.6	39.5038643	73.5986290	4244.9
278	56.1	56.1	56.1	1899,145,21,24	1116.0	39.4966095	73.5928718	4367.3
279	12.0	12.0	12.0	101,33,20,48	1112.1	39.4912427	73.5885054	4445.6
280	33.0	33.0	33.0	781,867,28,28	1110.0	39.4937115	73.5904678	4426.0
281	27.0	27.0	27.0	1873,651,17,20	1108.0	39.4931588	73.5900285	4445.4
282	18.0	18.0	20.0	1357,1049,22,20	1107.7	39.4920209	73.5891251	4445.6
283	57.1	57.1	58.1	361,81,16,42	1107.4	39.4967364	73.5929818	4367.5
284	93.1	93.1	93.1	1082,263,25,22	1105.7	39.5013848	73.5967203	4320.9
285	79.1	79.1	79.1	1894,753,16,36	1101.7	39.4995555	73.5953146	4365.5
286	39.0	39.0	39.0	865,161,24,28	1099.3	39.4944495	73.5910533	4402.0
287	81.1	81.1	81.1	1775,599,16,36	1099.3	39.4998114	73.5955256	4365.4
288	84.1	84.1	84.1	989,899,31,36	1093.6	39.5001950	73.5958409	4357.5
289	52.1	52.1	52.1	223,65,15,22	1091.5	39.4961062	73.5924361	4367.0
290	99.1	99.1	99.1	669,19,12,60	1090.9	39.5021762	73.5973049	4296.9
291	16.0	16.0	16.0	547,863,32,30	1089.2	39.4917603	73.5889192	4445.6
292	4.0	4.0	4.0	1041,129,24,14	1088.2	39.4901284	73.5877836	4445.6
293	56.1	56.1	56.1	1426,297,23,40	1083.1	39.4966095	73.5928718	4367.3
294	54.1	54.1	54.1	1249,343,32,24	1082.5	39.4963582	73.5926541	4367.2
295	56.1	56.1	56.1	1111,449,34,28	1081.4	39.4966095	73.5928718	4367.3
296	43.0	43.0	43.0	1697,817,22,24	1080.4	39.4949652	73.5914632	4385.8
297	51.1	51.1	51.1	57,282,20,31	1077.8	39.4959787	73.5923258	4367.0
298	74.1	74.1	74.1	35,927,22,26	1075.7	39.4989156	73.5947869	4365.4
299	53.1	53.1	53.1	1853,551,27,30	1073.6	39.4962310	73.5925439	4367.1
300	38.0	38.0	38.0	121,722,14,43	1067.5	39.4943211	73.5909514	4406.0
301	53.1	53.1	53.1	1633,545,32,14	1064.2	39.4962310	73.5925439	4367.1
302	36.0	34.0	36.0	1071,95,15,24	1062.6	39.4940710	73.5907533	4413.9
303	85.1	85.1	85.1	1865,537,24,28	1060.7	39.5003303	73.5959401	4353.4
304	39.0	39.0	39.0	461,125,8,38	1060.5	39.4944495	73.5910533	4402.0
305	8.0	8.0	8.0	101,989,18,52	1058.3	39.4906926	73.5881328	4445.6
306	101.1	101.1	102.1	1385,1011,22,32	1057.2	39.5024402	73.5974995	4288.8
307	111.1	111.1	111.1	401,45,20,28	1050.9	39.5037362	73.5985241	4248.9
308	99.1	99.1	99.1	373,349,18,36	1050.5	39.5021762	73.5973049	4296.9
309	59.1	57.1	59.1	1890,343,14,34	1047.0	39.4969915	73.5932000	4367.6
310	16.0	16.0	19.0	296,939,19,28	1046.7	39.4917603	73.5889192	4445.6
311	113.1	113.1	113.1	34,93,33,13	1044.6	39.5040071	73.5987460	4240.4
312	24.0	24.0	24.0	459,961,24,16	1040.6	39.4927973	73.5897409	4445.6
313	29.0	29.0	29.0	673,77,14,30	1040.1	39.4933107	73.5901484	4441.5
314	36.0	34.0	36.0	457,891,16,22	1038.4	39.4940710	73.5907533	4413.9
315	53.1	53.1	53.1	0,227,11,30	1036.6	39.4962310	73.5925439	4367.1
316	103.1	103.1	103.1	775,681,20,36	1034.0	39.5027021	73.5976930	4280.8
317	69.1	69.1	69.1	785,425,16,16	1032.5	39.4982733	73.5942570	4365.6
318	68.1	68.1	68.1	389,703,28,14	1030.3	39.4981457	73.5941516	4365.7
319	58.1	58.1	58.1	137,241,12,48	1030.1	39.4968625	73.5930910	4367.6
320	68.1	68.1	68.1	213,861,26,30	1028.7	39.4981457	73.5941516	4365.7
321	24.0	24.0	24.0	1409,498,16,31	1024.6	39.4927973	73.5897409	4445.6
322	96.1	96.1	96.1	1380,867,25,14	1024.0	39.5017792	73.5970120	4309.0
323	38.0	38.0	38.0	49,520,16,41	1023.9	39.4943211	73.5909514	4406.0
324	109.1	109.1	109.1	407,183,20,38	1023.8	39.5034795	73.5983145	4256.8
325	112.1	111.1	112.1	309,143,11,56	1023.0	39.5038643	73.5986290	4244.9
326	34.0	34.0	34.0	176,289,17,30	1022.8	39.4938275	73.5905599	4422.0
327	101.1	96.1	101.1	1905,83,12,36	1022.5	39.5024402	73.5974995	4288.8
328	80.1	77.1	80.1	71,365,20,36	1022.4	39.4996833	73.5954200	4365.5
329	31.0	31.0	31.0	1663,43,24,22	1020.0	39.4934938	73.5902948	4434.1
330	80.1	80.1	80.1	31,1051,14,26	1013.3	39.4996833	73.5954200	4365.5
331	113.1	113.1	113.1	901,849,20,22	1012.8	39.5040071	73.5987460	4240.4
332	62.1	62.1	62.1	1889,391,13,30	1011.9	39.4973769	73.5935162	4367.3
333	73.1	63.1	75.1	1339,1009,19,32	1010.1	39.4987873	73.5946811	4365.4
334	36.0	36.0	36.0	320,239,14,77	1005.6	39.4940710	73.5907533	4413.9
335	62.1	62.1	62.1	653,615,17,48	1005.2	39.4973769	73.5935162	4367.3
336	66.1	66.1	66.1	625,411,12,32	1005.0	39.4978892	73.5939398	4366.1
337	55.1	55.1	55.1	1867,49,18,32	1002.4	39.4964841	73.5927631	4367.2
338	86.1	86.1	86.1	1145,33,14,35	1001.4	39.5004632	73.5960381	4349.3
339	52.1	51.1	52.1	9,885,12,35	998.3	39.4961062	73.5924361	4367.0
340	81.1	81.1	81.1	377,487,15,46	996.9	39.4998114	73.5955256	4365.4
341	44.0	43.0	44.0	1649,417,32,22	992.0	39.4950944	73.5915661	4381.8
342	50.1	50.1	51.1	1287,999,22,18	990.8	39.4958528	73.5922173	4367.2
343	34.0	34.0	34.0	1759,447,16,19	990.1	39.4938275	73.5905599	4422.0
344	113.1	113.1	113.1	1721,968,16,35	989.2	39.5040071	73.5987460	4240.4
345	38.0	37.0	38.0	577,689,22,15	982.0	39.4943211	73.5909514	4406.0
346	7.0	7.0	7.0	57,1063,32,17	981.1	39.4905546	73.5880474	4445.6
347	66.1	66.1	66.1	681,295,14,44	976.9	39.4978892	73.5939398	4366.1
348	113.1	113.1	113.1	823,843,18,22	975.9	39.5040071	73.5987460	4240.4
349	103.1	103.1	103.1	61,570,12,55	974.7	39.5027021	73.5976930	4280.8
350	24.0	24.0	24.0	135,862,17,19	969.5	39.4927973	73.5897409	4445.6
351	117.1	114.1	117.1	709,289,12,55	969.0	39.5045199	73.5991658	4224.4
352	42.0	42.0	42.0	1859,931,14,28	966.0	39.4948338	73.5913589	4389.8
353	86.1	86.1	86.1	453,0,28,26	965.6	39.5004632	73.5960381	4349.3
354	11.0	11.0	11.0	263,471,22,34	961.8	39.4911085	73.5884032	4445.6
355	65.1	65.1	65.1	533,121,28,30	961.3	39.4977615	73.5938343	4366.4
356	107.1	107.1	107.1	1763,638,13,29	961.1	39.5032224	73.5981035	4264.8
357	48.0	48.0	48.0	201,33,12,33	959.6	39.4955998	73.5919992	4368.7
358	37.0	37.0	37.0	493,117,20,26	959.5	39.4941958	73.5908522	4409.9
359	16.0	16.0	16.0	932,841,14,29	958.7	39.4917603	73.5889192	4445.6
360	7.0	7.0	7.0	241,637,12,27	958.0	39.4905546	73.5880474	4445.6
361	3.0	2.0	3.0	481,13,16,24	957.3	39.4899909	73.5876985	4445.6
362	9.0	9.0	9.0	1203,649,30,18	954.5	39.4908297	73.5882179	4445.6
363	41.0	41.0	41.0	429,631,18,42	954.2	39.4947059	73.5912570	4393.9
364	105.1	105.1	105.1	245,336,12,35	954.0	39.5029666	73.5978923	4272.8
365	51.1	51.1	51.1	1073,929,14,24	949.2	39.4959787	73.5923258	4367.0
366	36.0	36.0	36.0	1870,970,16,23	943.2	39.4940710	73.5907533	4413.9
367	111.1	111.1	111.1	1825,33,24,20	937.4	39.5037362	73.5985241	4248.9
368	12.0	12.0	12.0	1889,261,28,36	936.1	39.4912427	73.5885054	4445.6
369	119.1	119.1	119.1	167,1033,24,33	930.6	39.5047776	73.5993768	4216.4
370	33.0	33.0	33.0	0,779,13,32	929.3	39.4937115	73.5904678	4426.0
371	14.0	14.0	15.0	225,175,14,20	926.4	39.4915012	73.5887138	4445.7
372	97.1	97.1	97.1	1087,1057,21,16	926.0	39.5019130	73.5971107	4304.9
373	73.1	73.1	73.1	138,361,17,35	925.3	39.4987873	73.5946811	4365.4
374	27.0	27.0	30.0	1764,97,15,32	925.0	39.4931588	73.5900285	4445.4
375	111.1	111.1	111.1	1546,833,8,56	921.5	39.5037362	73.5985241	4248.9
376	101.1	101.1	101.1	1893,595,8,30	921.0	39.5024402	73.5974995	4288.8
377	45.0	42.0	45.0	125,729,26,45	920.4	39.4952230	73.5916707	4377.7
378	84.1	84.1	84.1	797,299,20,20	919.7	39.5001950	73.5958409	4357.5
379	41.0	41.0	41.0	198,503,21,20	919.0	39.4947059	73.5912570	4393.9
380	121.1	121.1	121.1	1381,238,22,21	918.8	39.5050337	73.5995863	4208.4
381	106.1	106.1	108.1	183,0,16,20	916.0	39.5030941	73.5979978	4268.8
382	17.0	14.0	20.0	425,929,16,19	914.2	39.4918905	73.5890223	4445.6
383	117.1	117.1	117.1	1797,954,10,39	908.5	39.5045199	73.5991658	4224.4
384	21.0	21.0	21.0	362,1039,11,34	908.1	39.4924098	73.5894334	4445.6
385	0.0	0.0	0.0	1529,85,20,20	906.9	39.4895773	73.5874431	4445.6
386	12.0	12.0	12.0	677,67,22,18	901.7	39.4912427	73.5885054	4445.6
387	78.1	78.1	78.1	73,625,12,32	899.8	39.4994273	73.5952090	4365.5
388	80.1	80.1	80.1	87,905,26,32	898.8	39.4996833	73.5954200	4365.5
389	46.0	46.0	46.0	1135,305,14,32	896.8	39.4953488	73.5917801	4373.7
390	111.1	105.1	111.1	469,933,16,20	896.1	39.5037362	73.5985241	4248.9
391	109.1	109.1	112.1	1745,907,18,38	895.6	39.5034795	73.5983145	4256.8
392	68.1	68.1	68.1	14,704,25,18	895.4	39.4981457	73.5941516	4365.7
393	41.0	41.0	41.0	351,559,16,24	893.5	39.4947059	73.5912570	4393.9
394	74.1	74.1	74.1	1885,1003,14,34	893.5	39.4989156	73.5947869	4365.4
395	2.0	0.0	3.0	33,559,9,36	893.1	39.4898536	73.5876136	4445.5
396	86.1	86.1	87.1	1271,603,8,54	892.9	39.5004632	73.5960381	4349.3
397	6.0	0.0	6.0	0,37,11,22	891.6	39.4904040	73.5879541	4445.6
398	41.0	41.0	42.0	511,764,16,29	891.1	39.4947059	73.5912570	4393.9
399	116.1	116.1	116.1	1839,865,20,16	890.8	39.5043921	73.5990611	4228.4
400	100.1	95.1	100.1	1489,593,30,16	888.0	39.5023087	73.5974026	4292.9
401	44.0	40.0	44.0	988,211,23,20	887.9	39.4950944	73.5915661	4381.8
402	12.0	12.0	12.0	71,1047,14,33	887.2	39.4912427	73.5885054	4445.6
403	1.0	1.0	1.0	0,143,13,44	886.9	39.4897147	73.5875280	4445.5
404	82.1	82.1	82.1	293,729,10,33	883.8	39.4999381	73.5956301	4364.7
405	76.1	76.1	76.1	31,0,12,27	883.2	39.4991713	73.5949980	4365.4
406	113.1	113.1	113.1	1576,447,13,26	881.2	39.5040071	73.5987460	4240.4
407	14.0	14.0	14.0	391,1005,25,26	880.9	39.4915012	73.5887138	4445.7
408	108.1	108.1	108.1	1832,465,15,40	879.9	39.5033501	73.5982085	4260.8
409	44.0	43.0	47.0	279,545,21,32	874.9	39.4950944	73.5915661	4381.8
410	114.1	114.1	114.1	724,578,7,47	874.9	39.5041214	73.5988397	4236.8
411	40.0	40.0	40.0	712,255,23,26	874.5	39.4945768	73.5911544	4398.0
412	32.0	32.0	32.0	143,51,16,23	873.8	39.4935985	73.5903783	4430.1
413	19.0	16.0	19.0	512,161,10,32	873.0	39.4921507	73.5892280	4445.6
414	21.0	21.0	21.0	605,723,17,26	872.9	39.4924098	73.5894334	4445.6
415	67.1	67.1	67.1	1577,223,24,24	872.2	39.4980165	73.5940450	4365.9
416	8.0	8.0	8.0	1561,1027,8,46	872.0	39.4906926	73.5881328	4445.6
417	31.0	31.0	31.0	1777,463,18,18	869.7	39.4934938	73.5902948	4434.1
418	68.1	68.1	68.1	93,873,14,37	869.0	39.4981457	73.5941516	4365.7
419	40.0	40.0	40.0	689,715,16,20	867.9	39.4945768	73.5911544	4398.0
420	111.1	107.1	111.1	1758,89,9,34	867.6	39.5037362	73.5985241	4248.9
421	94.1	94.1	94.1	1719,27,22,26	863.7	39.5015161	73.5968173	4317.0
422	39.0	35.0	39.0	325,879,15,18	862.2	39.4944495	73.5910533	4402.0
423	11.0	11.0	11.0	100,625,13,50	861.7	39.4911085	73.5884032	4445.6
424	28.0	28.0	28.0	1329,679,35,29	860.8	39.4932368	73.5900898	4444.0
425	22.0	22.0	22.0	409,157,18,20	860.1	39.4925385	73.5895354	4445.6
426	40.0	40.0	44.0	1782,353,9,30	856.3	39.4945768	73.5911544	4398.0
427	6.0	6.0	6.0	81,681,12,40	854.8	39.4904040	73.5879541	4445.6
428	28.0	28.0	28.0	1503,635,39,18	854.1	39.4932368	73.5900898	4444.0
429	106.1	106.1	106.1	131,555,10,39	847.4	39.5030941	73.5979978	4268.8
430	109.1	109.1	109.1	1841,465,12,32	846.9	39.5034795	73.5983145	4256.8
431	17.0	17.0	17.0	1329,1065,38,15	846.5	39.4918905	73.5890223	4445.6
432	114.1	114.1	120.1	1911,151,9,42	846.4	39.5041214	73.5988397	4236.8
433	121.1	121.1	121.1	1119,543,17,33	846.3	39.5050337	73.5995863	4208.4
434	34.0	34.0	36.0	854,411,21,22	844.7	39.4938275	73.5905599	4422.0
435	81.1	77.1	81.1	445,445,14,30	842.8	39.4998114	73.5955256	4365.4
436	35.0	35.0	35.0	209,867,17,14	842.0	39.4939478	73.5906556	4418.0
437	56.1	56.1	56.1	465,97,16,16	841.9	39.4966095	73.5928718	4367.3
438	111.1	111.1	111.1	709,753,28,32	840.5	39.5037362	73.5985241	4248.9
439	54.1	54.1	54.1	573,485,22,20	836.2	39.4963582	73.5926541	4367.2
440	99.1	99.1	99.1	322,669,31,13	835.5	39.5021762	73.5973049	4296.9
441	51.1	51.1	51.1	11,529,21,18	834.0	39.4959787	73.5923258	4367.0
442	74.1	74.1	74.1	149,167,16,42	833.9	39.4989156	73.5947869	4365.4
443	12.0	12.0	12.0	433,635,12,30	833.6	39.4912427	73.5885054	4445.6
444	96.1	95.1	96.1	1293,353,25,22	831.5	39.5017792	73.5970120	4309.0
445	11.0	11.0	11.0	0,161,15,24	829.2	39.4911085	73.5884032	4445.6
446	118.1	116.1	119.1	1711,621,17,34	828.4	39.5046478	73.5992708	4220.4
447	49.0	49.0	49.0	1911,123,9,30	824.8	39.4957249	73.5921071	4367.8
448	71.1	69.1	71.1	225,513,19,16	822.6	39.4985306	73.5944692	4365.4
449	114.1	114.1	114.1	99,745,14,25	821.8	39.5041214	73.5988397	4236.8
450	118.1	118.1	119.1	545,838,10,27	820.5	39.5046478	73.5992708	4220.4
451	107.1	107.1	107.1	613,273,30,16	820.4	39.5032224	73.5981035	4264.8
452	22.0	22.0	22.0	861,633,28,16	819.7	39.4925385	73.5895354	4445.6
453	14.0	14.0	14.0	281,1049,12,20	817.8	39.4915012	73.5887138	4445.7
454	16.0	16.0	16.0	969,189,24,19	814.0	39.4917603	73.5889192	4445.6
455	14.0	14.0	14.0	1768,65,22,14	813.8	39.4915012	73.5887138	4445.7
456	47.0	47.0	47.0	175,1051,16,23	813.7	39.4954746	73.5918905	4370.1
457	86.1	86.1	86.1	401,817,12,32	813.7	39.5004632	73.5960381	4349.3
458	37.0	37.0	37.0	33,161,18,16	812.9	39.4941958	73.5908522	4409.9
459	51.1	51.1	51.1	1913,259,7,30	812.7	39.4959787	73.5923258	4367.0
460	82.1	82.1	83.1	0,991,7,34	812.3	39.4999381	73.5956301	4364.7
461	25.0	25.0	25.0	281,0,12,33	809.6	39.4929284	73.5898451	4445.6
462	13.0	13.0	17.0	1731,731,17,22	806.4	39.4913739	73.5886114	4445.7
463	53.1	53.1	53.1	126,363,15,22	806.1	39.4962310	73.5925439	4367.1
464	57.1	57.1	57.1	1015,996,14,33	805.1	39.4967364	73.5929818	4367.5
465	35.0	35.0	35.0	81,713,16,40	804.2	39.4939478	73.5906556	4418.0
466	18.0	18.0	19.0	665,217,10,40	804.1	39.4920209	73.5891251	4445.6
467	119.1	119.1	119.1	233,145,10,32	803.8	39.5047776	73.5993768	4216.4
468	13.0	13.0	13.0	121,145,6,40	803.5	39.4913739	73.5886114	4445.7
469	49.0	47.0	49.0	0,321,11,40	801.8	39.4957249	73.5921071	4367.8
470	99.1	99.1	99.1	1314,433,15,32	800.9	39.5021762	73.5973049	4296.9
471	85.1	85.1	87.1	1425,967,24,34	800.2	39.5003303	73.5959401	4353.4
472	93.1	93.1	93.1	1509,209,16,20	799.2	39.5013848	73.5967203	4320.9
473	43.0	43.0	43.0	1845,1011,10,50	798.2	39.4949652	73.5914632	4385.8
474	37.0	37.0	37.0	17,697,10,24	798.1	39.4941958	73.5908522	4409.9
475	113.1	113.1	113.1	579,1023,22,30	797.4	39.5040071	73.5987460	4240.4
476	60.1	60.1	60.1	1873,1030,23,33	797.0	39.4971201	73.5933052	4367.6
477	119.1	119.1	119.1	999,473,20,26	796.2	39.5047776	73.5993768	4216.4
478	53.1	53.1	53.1	83,1057,24,23	796.1	39.4962310	73.5925439	4367.1
479	23.0	23.0	23.0	1730,450,16,20	794.1	39.4926690	73.5896389	4445.6
480	54.1	54.1	54.1	369,785,16,16	791.9	39.4963582	73.5926541	4367.2
481	62.1	62.1	62.1	1490,353,23,21	789.6	39.4973769	73.5935162	4367.3
482	46.0	46.0	46.0	1410,465,13,25	788.6	39.4953488	73.5917801	4373.7
483	96.1	96.1	97.1	1171,987,14,26	788.1	39.5017792	73.5970120	4309.0
484	6.0	3.0	6.0	257,760,15,33	786.4	39.4904040	73.5879541	4445.6
485	54.1	54.1	54.1	101,7,10,26	785.7	39.4963582	73.5926541	4367.2
486	47.0	47.0	47.0	37,449,18,22	784.6	39.4954746	73.5918905	4370.1
487	5.0	5.0	8.0	1808,405,25,24	784.5	39.4902656	73.5878682	4445.6
488	42.0	42.0	42.0	1432,399,18,16	781.5	39.4948338	73.5913589	4389.8
489	67.1	67.1	67.1	1869,129,20,29	779.7	39.4980165	73.5940450	4365.9
490	36.0	36.0	36.0	659,697,22,16	779.5	39.4940710	73.5907533	4413.9
491	10.0	10.0	10.0	1889,433,16,16	779.2	39.4909691	73.5883069	4445.6
492	65.1	65.1	65.1	131,865,11,42	778.6	39.4977615	73.5938343	4366.4
493	24.0	24.0	24.0	187,961,22,17	775.4	39.4927973	73.5897409	4445.6
494	54.1	54.1	54.1	1251,203,18,18	774.5	39.4963582	73.5926541	4367.2
495	58.1	57.1	58.1	862,569,15,20	773.2	39.4968625	73.5930910	4367.6
496	87.1	87.1	87.1	75,295,12,40	773.1	39.5005948	73.5961354	4345.2
497	86.1	86.1	86.1	1787,817,10,26	772.9	39.5004632	73.5960381	4349.3
498	26.0	26.0	26.0	143,985,26,28	772.8	39.4930566	73.5899473	4445.7
499	99.1	99.1	101.1	653,441,18,31	772.8	39.5021762	73.5973049	4296.9
500	40.0	40.0	40.0	159,383,12,22	770.6	39.4945768	73.5911544	4398.0
501	95.1	95.1	96.1	1798,979,17,22	769.5	39.5016473	73.5969150	4313.0
502	61.1	61.1	61.1	235,777,10,39	767.4	39.4972488	73.5934108	4367.4
503	8.0	8.0	10.0	0,11,5,38	766.8	39.4906926	73.5881328	4445.6
504	50.1	47.0	50.1	581,761,12,40	766.3	39.4958528	73.5922173	4367.2
505	0.0	0.0	0.0	217,579,16,40	766.2	39.4895773	73.5874431	4445.6
506	18.0	18.0	18.0	0,337,17,16	764.1	39.4920209	73.5891251	4445.6
507	25.0	25.0	26.0	1249,0,14,17	763.1	39.4929284	73.5898451	4445.6
508	101.1	101.1	101.1	9,343,8,26	762.2	39.5024402	73.5974995	4288.8
509	54.1	54.1	54.1	177,175,9,40	762.1	39.4963582	73.5926541	4367.2
510	109.1	109.1	109.1	41,849,20,26	761.1	39.5034795	73.5983145	4256.8
511	84.1	84.1	84.1	593,369,16,20	759.4	39.5001950	73.5958409	4357.5
512	16.0	16.0	19.0	33,771,10,56	758.9	39.4917603	73.5889192	4445.6
513	87.1	87.1	87.1	193,371,10,36	756.9	39.5005948	73.5961354	4345.2
514	20.0	20.0	20.0	1139,315,30,14	756.5	39.4922793	73.5893300	4445.6
515	23.0	23.0	23.0	1081,125,14,16	755.5	39.4926690	73.5896389	4445.6
516	100.1	100.1	100.1	480,769,11,48	754.6	39.5023087	73.5974026	4292.9
517	121.1	121.1	121.1	945,160,16,27	754.5	39.5050337	73.5995863	4208.4
518	50.1	50.1	51.1	1509,937,13,22	753.4	39.4958528	73.5922173	4367.2
519	44.0	44.0	44.0	853,723,22,22	752.3	39.4950944	73.5915661	4381.8
520	45.0	44.0	49.0	445,977,10,30	752.3	39.4952230	73.5916707	4377.7
521	58.1	58.1	58.1	319,677,12,20	751.9	39.4968625	73.5930910	4367.6
522	55.1	55.1	55.1	181,337,14,32	750.7	39.4964841	73.5927631	4367.2
523	84.1	83.1	84.1	131,809,8,47	747.0	39.5001950	73.5958409	4357.5
524	102.1	102.1	102.1	819,183,10,40	746.3	39.5025716	73.5975966	4284.7
525	119.1	117.1	119.1	45,809,6,40	745.0	39.5047776	73.5993768	4216.4
526	86.1	86.1	86.1	145,781,16,18	744.9	39.5004632	73.5960381	4349.3
527	19.0	19.0	19.0	443,1041,12,39	742.7	39.4921507	73.5892280	4445.6
528	98.1	98.1	102.1	257,985,14,20	742.7	39.5020445	73.5972080	4300.9
529	105.1	105.1	105.1	241,743,12,30	742.4	39.5029666	73.5978923	4272.8
530	88.1	88.1	88.1	115,145,18,24	736.4	39.5007263	73.5962331	4341.0
531	43.0	43.0	43.0	1683,259,25,20	735.5	39.4949652	73.5914632	4385.8
532	5.0	5.0	6.0	21,505,11,40	732.9	39.4902656	73.5878682	4445.6
533	16.0	16.0	16.0	1841,131,12,28	732.0	39.4917603	73.5889192	4445.6
534	36.0	36.0	36.0	1381,17,28,16	731.3	39.4940710	73.5907533	4413.9
535	101.1	97.1	103.1	1049,425,20,22	730.7	39.5024402	73.5974995	4288.8
536	0.0	0.0	0.0	245,309,12,44	730.0	39.4895773	73.5874431	4445.6
537	38.0	34.0	38.0	71,817,10,24	729.4	39.4943211	73.5909514	4406.0
538	24.0	24.0	24.0	263,209,17,38	728.5	39.4927973	73.5897409	4445.6
539	39.0	39.0	39.0	615,352,12,21	728.1	39.4944495	73.5910533	4402.0
540	100.1	100.1	100.1	1081,555,18,20	727.3	39.5023087	73.5974026	4292.9
541	101.1	98.1	106.1	1831,163,14,22	726.9	39.5024402	73.5974995	4288.8
542	120.1	120.1	120.1	141,103,12,26	725.2	39.5049058	73.5994819	4212.4
543	42.0	42.0	42.0	1601,433,16,20	724.6	39.4948338	73.5913589	4389.8
544	7.0	7.0	7.0	209,535,10,25	724.2	39.4905546	73.5880474	4445.6
545	26.0	26.0	26.0	113,187,10,30	724.1	39.4930566	73.5899473	4445.7
546	100.1	100.1	100.1	539,705,26,24	723.9	39.5023087	73.5974026	4292.9
547	98.1	98.1	98.1	1637,159,22,20	722.8	39.5020445	73.5972080	4300.9
548	76.1	76.1	80.1	1193,45,16,28	722.3	39.4991713	73.5949980	4365.4
549	0.0	0.0	0.0	1417,301,20,26	721.1	39.4895773	73.5874431	4445.6
550	34.0	34.0	34.0	165,783,14,24	719.3	39.4938275	73.5905599	4422.0
551	55.1	55.1	61.1	1816,0,15,25	718.8	39.4964841	73.5927631	4367.2
552	110.1	110.1	110.1	17,705,15,28	718.0	39.5036199	73.5984292	4252.4
553	8.0	8.0	8.0	109,751,14,26	717.7	39.4906926	73.5881328	4445.6
554	35.0	35.0	35.0	769,111,23,14	717.7	39.4939478	73.5906556	4418.0
555	53.1	53.1	53.1	189,92,10,35	717.4	39.4962310	73.5925439	4367.1
556	106.1	106.1	106.1	81,835,8,40	714.6	39.5030941	73.5979978	4268.8
557	110.1	110.1	110.1	1006,133,19,21	714.5	39.5036199	73.5984292	4252.4
558	92.1	92.1	92.1	721,757,10,28	713.1	39.5012520	73.5966227	4325.0
559	22.0	22.0	22.0	69,1065,17,15	712.4	39.4925385	73.5895354	4445.6
560	64.1	64.1	65.1	0,0,12,22	710.7	39.4976335	73.5937283	4366.7
561	81.1	78.1	81.1	1787,713,22,18	709.8	39.4998114	73.5955256	4365.4
562	93.1	93.1	93.1	1736,32,17,17	709.6	39.5013848	73.5967203	4320.9
563	3.0	3.0	3.0	125,859,16,20	709.5	39.4899909	73.5876985	4445.6
564	48.0	42.0	48.0	54,729,15,24	708.8	39.4955998	73.5919992	4368.7
565	35.0	35.0	35.0	27,593,16,31	708.6	39.4939478	73.5906556	4418.0
566	51.1	51.1	54.1	1603,177,28,16	706.7	39.4959787	73.5923258	4367.0
567	77.1	77.1	79.1	1345,0,26,17	706.1	39.4992990	73.5951032	4365.5
568	70.1	70.1	70.1	77,957,21,28	705.9	39.4984022	73.5943632	4365.5
569	49.0	48.0	49.0	69,169,6,40	705.0	39.4957249	73.5921071	4367.8
570	116.1	116.1	116.1	1021,851,10,32	704.9	39.5043921	73.5990611	4228.4
571	2.0	1.0	2.0	1262,993,19,19	704.7	39.4898536	73.5876136	4445.5
572	97.1	97.1	97.1	737,987,12,22	703.9	39.5019130	73.5971107	4304.9
573	54.1	54.1	54.1	1191,849,17,16	703.2	39.4963582	73.5926541	4367.2
574	95.1	95.1	95.1	105,739,8,24	702.3	39.5016473	73.5969150	4313.0
575	41.0	41.0	41.0	0,801,15,16	701.6	39.4947059	73.5912570	4393.9
576	21.0	21.0	24.0	799,465,24,16	701.4	39.4924098	73.5894334	4445.6
577	2.0	0.0	4.0	523,913,38,16	699.3	39.4898536	73.5876136	4445.5
578	23.0	23.0	23.0	17,941,15,20	699.1	39.4926690	73.5896389	4445.6
579	5.0	5.0	5.0	349,283,12,22	699.0	39.4902656	73.5878682	4445.6
580	86.1	86.1	86.1	163,975,11,34	698.4	39.5004632	73.5960381	4349.3
581	43.0	43.0	43.0	535,385,12,20	697.5	39.4949652	73.5914632	4385.8
582	12.0	12.0	12.0	1423,987,12,22	696.3	39.4912427	73.5885054	4445.6
583	72.1	72.1	72.1	79,293,12,20	695.5	39.4986583	73.5945747	4365.4
584	53.1	53.1	53.1	1195,569,16,16	695.1	39.4962310	73.5925439	4367.1
585	0.0	0.0	0.0	111,961,10,38	694.9	39.4895773	73.5874431	4445.6
586	72.1	72.1	72.1	1215,690,14,19	693.8	39.4986583	73.5945747	4365.4
587	34.0	34.0	34.0	63,125,16,26	691.1	39.4938275	73.5905599	4422.0
588	109.1	109.1	111.1	833,1065,16,15	688.2	39.5034795	73.5983145	4256.8
589	49.0	49.0	49.0	343,345,8,24	686.9	39.4957249	73.5921071	4367.8
590	72.1	72.1	74.1	9,825,32,30	686.9	39.4986583	73.5945747	4365.4
591	106.1	106.1	106.1	1423,497,9,46	686.7	39.5030941	73.5979978	4268.8
592	84.1	83.1	84.1	97,65,12,22	686.4	39.5001950	73.5958409	4357.5
593	40.0	40.0	40.0	785,365,12,20	685.9	39.4945768	73.5911544	4398.0
594	54.1	54.1	54.1	435,143,16,18	684.4	39.4963582	73.5926541	4367.2
595	25.0	25.0	25.0	1365,1013,23,16	683.4	39.4929284	73.5898451	4445.6
596	120.1	120.1	120.1	111,323,20,14	683.4	39.5049058	73.5994819	4212.4
597	38.0	38.0	38.0	1034,235,24,15	683.2	39.4943211	73.5909514	4406.0
598	33.0	33.0	33.0	1615,779,15,22	682.4	39.4937115	73.5904678	4426.0
599	53.1	53.1	53.1	122,433,21,24	682.1	39.4962310	73.5925439	4367.1
600	69.1	68.1	69.1	1842,692,23,21	681.7	39.4982733	73.5942570	4365.6
601	98.1	97.1	98.1	887,723,14,30	681.1	39.5020445	73.5972080	4300.9
602	0.0	0.0	0.0	1253,533,16,28	680.3	39.4895773	73.5874431	4445.6
603	83.1	83.1	83.1	785,427,16,14	680.0	39.5000647	73.5957349	4361.4
604	107.1	107.1	107.1	731,195,18,21	679.8	39.5032224	73.5981035	4264.8
605	97.1	97.1	97.1	1697,410,12,31	679.7	39.5019130	73.5971107	4304.9
606	31.0	31.0	31.0	1802,529,19,32	679.6	39.4934938	73.5902948	4434.1
607	46.0	46.0	46.0	1505,0,30,12	678.3	39.4953488	73.5917801	4373.7
608	85.1	85.1	86.1	714,691,8,44	676.4	39.5003303	73.5959401	4353.4
609	119.1	116.1	119.1	397,169,12,23	676.1	39.5047776	73.5993768	4216.4
610	26.0	26.0	26.0	391,145,18,16	674.8	39.4930566	73.5899473	4445.7
611	74.1	74.1	75.1	5,1027,12,20	672.5	39.4989156	73.5947869	4365.4
612	112.1	112.1	112.1	108,688,11,34	672.3	39.5038643	73.5986290	4244.9
613	49.0	49.0	49.0	139,101,14,30	669.5	39.4957249	73.5921071	4367.8
614	120.1	115.1	120.1	155,592,9,25	668.1	39.5049058	73.5994819	4212.4
615	14.0	14.0	14.0	383,131,8,30	665.5	39.4915012	73.5887138	4445.7
616	103.1	103.1	103.1	1253,1041,6,39	664.9	39.5027021	73.5976930	4280.8
617	105.1	101.1	105.1	95,1033,11,27	664.9	39.5029666	73.5978923	4272.8
618	5.0	5.0	10.0	1610,947,11,44	664.1	39.4902656	73.5878682	4445.6
619	2.0	2.0	5.0	1813,470,22,49	664.0	39.4898536	73.5876136	4445.5
620	25.0	23.0	25.0	151,0,11,23	663.3	39.4929284	73.5898451	4445.6
621	53.1	53.1	53.1	1763,515,22,15	663.0	39.4962310	73.5925439	4367.1
622	0.0	0.0	0.0	447,963,14,22	662.4	39.4895773	73.5874431	4445.6
623	32.0	32.0	32.0	32,315,16,34	661.6	39.4935985	73.5903783	4430.1
624	29.0	25.0	31.0	996,113,18,20	660.8	39.4933107	73.5901484	4441.5
625	62.1	62.1	64.1	1041,713,24,16	660.6	39.4973769	73.5935162	4367.3
626	54.1	54.1	54.1	1883,7,10,18	660.2	39.4963582	73.5926541	4367.2
627	67.1	67.1	67.1	319,209,17,17	660.1	39.4980165	73.5940450	4365.9
628	26.0	26.0	26.0	1427,753,22,24	658.3	39.4930566	73.5899473	4445.7
629	97.1	97.1	97.1	577,171,20,22	658.1	39.5019130	73.5971107	4304.9
630	5.0	5.0	5.0	197,269,16,34	656.6	39.4902656	73.5878682	4445.6
631	0.0	0.0	0.0	701,113,16,20	654.6	39.4895773	73.5874431	4445.6
632	72.1	72.1	72.1	227,784,6,30	654.4	39.4986583	73.5945747	4365.4
633	1.0	1.0	1.0	173,897,8,40	650.0	39.4897147	73.5875280	4445.5
634	97.1	97.1	97.1	1291,1049,16,16	648.3	39.5019130	73.5971107	4304.9
635	35.0	35.0	35.0	49,321,18,16	648.1	39.4939478	73.5906556	4418.0
636	102.1	102.1	102.1	1812,513,9,30	647.1	39.5025716	73.5975966	4284.7
637	17.0	17.0	17.0	1233,921,12,17	646.5	39.4918905	73.5890223	4445.6
638	120.1	120.1	120.1	441,1065,14,15	646.0	39.5049058	73.5994819	4212.4
639	56.1	56.1	56.1	1857,0,41,16	645.8	39.4966095	73.5928718	4367.3
640	39.0	39.0	39.0	1617,1050,23,30	645.5	39.4944495	73.5910533	4402.0
641	55.1	55.1	58.1	121,657,16,22	644.3	39.4964841	73.5927631	4367.2
642	41.0	41.0	41.0	37,313,18,16	643.9	39.4947059	73.5912570	4393.9
643	30.0	30.0	30.0	1377,481,16,14	643.1	39.4933974	73.5902175	4438.0
644	73.1	72.1	75.1	965,987,15,34	642.5	39.4987873	73.5946811	4365.4
645	5.0	5.0	5.0	21,817,11,40	640.9	39.4902656	73.5878682	4445.6
646	83.1	83.1	83.1	1277,1041,20,16	640.0	39.5000647	73.5957349	4361.4
647	118.1	118.1	118.1	67,17,12,22	639.5	39.5046478	73.5992708	4220.4
648	47.0	47.0	50.1	917,873,12,22	639.1	39.4954746	73.5918905	4370.1
649	101.1	101.1	101.1	721,0,14,38	637.2	39.5024402	73.5974995	4288.8
650	40.0	40.0	40.0	746,141,18,24	637.1	39.4945768	73.5911544	4398.0
651	33.0	33.0	33.0	1888,889,23,8	635.5	39.4937115	73.5904678	4426.0
652	105.1	105.1	105.1	417,449,8,48	635.4	39.5029666	73.5978923	4272.8
653	100.1	100.1	100.1	735,973,12,27	635.2	39.5023087	73.5974026	4292.9
654	6.0	6.0	6.0	125,1041,15,26	634.5	39.4904040	73.5879541	4445.6
655	27.0	27.0	27.0	1579,439,14,16	634.2	39.4931588	73.5900285	4445.4
656	53.1	53.1	53.1	57,425,15,24	633.5	39.4962310	73.5925439	4367.1
657	14.0	14.0	14.0	19,898,14,35	632.8	39.4915012	73.5887138	4445.7
658	46.0	46.0	46.0	53,273,8,26	631.7	39.4953488	73.5917801	4373.7
659	94.1	94.1	94.1	17,955,8,24	630.4	39.5015161	73.5968173	4317.0
660	39.0	39.0	39.0	29,81,20,30	630.2	39.4944495	73.5910533	4402.0
661	61.1	61.1	61.1	851,69,30,23	629.4	39.4972488	73.5934108	4367.4
662	107.1	107.1	110.1	1321,257,16,36	628.1	39.5032224	73.5981035	4264.8
663	10.0	10.0	10.0	707,353,14,22	627.8	39.4909691	73.5883069	4445.6
664	3.0	3.0	3.0	461,169,20,12	627.5	39.4899909	73.5876985	4445.6
665	53.1	53.1	53.1	25,897,10,22	626.9	39.4962310	73.5925439	4367.1
666	70.1	68.1	70.1	164,515,17,19	625.7	39.4984022	73.5943632	4365.5
667	64.1	62.1	64.1	1885,429,16,40	625.6	39.4976335	73.5937283	4366.7
668	54.1	54.1	54.1	1355,195,16,21	623.1	39.4963582	73.5926541	4367.2
669	109.1	109.1	109.1	715,359,16,16	620.6	39.5034795	73.5983145	4256.8
670	48.0	45.0	48.0	199,895,12,21	620.4	39.4955998	73.5919992	4368.7
671	21.0	21.0	22.0	117,882,22,19	620.0	39.4924098	73.5894334	4445.6
672	99.1	99.1	99.1	1393,465,12,16	619.4	39.5021762	73.5973049	4296.9
673	77.1	77.1	82.1	321,89,8,32	618.5	39.4992990	73.5951032	4365.5
674	109.1	109.1	109.1	1337,992,9,27	618.1	39.5034795	73.5983145	4256.8
675	10.0	10.0	10.0	1905,947,15,34	617.6	39.4909691	73.5883069	4445.6
676	101.1	101.1	101.1	403,0,8,33	616.7	39.5024402	73.5974995	4288.8
677	116.1	116.1	116.1	0,501,11,28	616.5	39.5043921	73.5990611	4228.4
678	96.1	95.1	96.1	1381,241,12,24	616.4	39.5017792	73.5970120	4309.0
679	81.1	81.1	81.1	129,0,10,23	616.1	39.4998114	73.5955256	4365.4
680	21.0	21.0	21.0	861,0,18,15	615.5	39.4924098	73.5894334	4445.6
681	86.1	86.1	86.1	330,555,7,53	615.3	39.5004632	73.5960381	4349.3
682	88.1	85.1	88.1	194,257,15,24	613.2	39.5007263	73.5962331	4341.0
683	108.1	108.1	108.1	192,993,11,20	613.0	39.5033501	73.5982085	4260.8
684	99.1	99.1	99.1	1876,95,8,34	612.4	39.5021762	73.5973049	4296.9
685	2.0	2.0	5.0	212,433,11,22	612.0	39.4898536	73.5876136	4445.5
686	17.0	17.0	17.0	367,713,26,14	610.6	39.4918905	73.5890223	4445.6
687	44.0	44.0	44.0	89,859,16,30	610.5	39.4950944	73.5915661	4381.8
688	3.0	3.0	4.0	1301,837,28,12	610.2	39.4899909	73.5876985	4445.6
689	109.1	109.1	109.1	209,719,8,32	609.4	39.5034795	73.5983145	4256.8
690	33.0	33.0	33.0	1569,709,11,45	608.0	39.4937115	73.5904678	4426.0
691	32.0	32.0	32.0	385,0,12,17	607.1	39.4935985	73.5903783	4430.1
692	12.0	12.0	12.0	151,957,14,20	606.8	39.4912427	73.5885054	4445.6
693	73.1	73.1	73.1	493,284,10,27	604.7	39.4987873	73.5946811	4365.4
694	42.0	42.0	42.0	19,419,8,30	602.4	39.4948338	73.5913589	4389.8
695	104.1	104.1	104.1	745,705,8,24	602.2	39.5028343	73.5977906	4276.8
696	57.1	57.1	57.1	183,253,10,36	602.0	39.4967364	73.5929818	4367.5
697	92.1	92.1	92.1	1731,715,10,26	601.9	39.5012520	73.5966227	4325.0
698	55.1	55.1	55.1	328,523,21,30	601.5	39.4964841	73.5927631	4367.2
699	8.0	8.0	12.0	397,443,16,14	600.6	39.4906926	73.5881328	4445.6
700	78.1	78.1	78.1	1083,17,14,17	598.7	39.4994273	73.5952090	4365.5
701	29.0	29.0	29.0	1799,963,18,16	596.9	39.4933107	73.5901484	4441.5
702	86.1	86.1	86.1	865,735,8,24	596.5	39.5004632	73.5960381	4349.3
703	121.1	121.1	121.1	1094,857,7,32	596.5	39.5050337	73.5995863	4208.4
704	72.1	72.1	72.1	1169,1067,14,13	595.5	39.4986583	73.5945747	4365.4
705	45.0	45.0	45.0	134,243,17,16	595.2	39.4952230	73.5916707	4377.7
706	25.0	25.0	25.0	143,905,10,24	594.9	39.4929284	73.5898451	4445.6
707	52.1	45.0	52.1	161,851,12,38	594.9	39.4961062	73.5924361	4367.0
708	0.0	0.0	0.0	389,1033,24,16	594.8	39.4895773	73.5874431	4445.6
709	10.0	8.0	10.0	1505,43,14,30	594.4	39.4909691	73.5883069	4445.6
710	73.1	73.1	73.1	9,832,8,25	594.1	39.4987873	73.5946811	4365.4
711	41.0	41.0	45.0	662,581,23,20	592.7	39.4947059	73.5912570	4393.9
712	16.0	10.0	16.0	401,937,22,16	589.7	39.4917603	73.5889192	4445.6
713	21.0	21.0	22.0	637,691,10,22	588.6	39.4924098	73.5894334	4445.6
714	12.0	12.0	12.0	195,1039,10,22	587.9	39.4912427	73.5885054	4445.6
715	84.1	82.1	84.1	317,345,14,24	587.8	39.5001950	73.5958409	4357.5
716	21.0	21.0	21.0	37,649,8,31	587.3	39.4924098	73.5894334	4445.6
717	13.0	13.0	13.0	1135,210,26,23	587.1	39.4913739	73.5886114	4445.7
718	62.1	62.1	62.1	1589,927,18,20	585.6	39.4973769	73.5935162	4367.3
719	1.0	1.0	1.0	7,981,6,42	584.4	39.4897147	73.5875280	4445.5
720	72.1	70.1	72.1	1761,953,10,24	584.0	39.4986583	73.5945747	4365.4
721	67.1	67.1	67.1	1549,920,12,19	583.2	39.4980165	73.5940450	4365.9
722	110.1	110.1	110.1	797,139,14,16	580.3	39.5036199	73.5984292	4252.4
723	93.1	93.1	93.1	201,125,11,28	580.2	39.5013848	73.5967203	4320.9
724	48.0	48.0	50.1	279,641,8,20	580.1	39.4955998	73.5919992	4368.7
725	57.1	57.1	57.1	635,630,12,24	578.5	39.4967364	73.5929818	4367.5
726	7.0	7.0	7.0	1591,267,18,20	578.3	39.4905546	73.5880474	4445.6
727	87.1	87.1	87.1	115,1025,8,32	578.3	39.5005948	73.5961354	4345.2
728	117.1	117.1	117.1	439,785,8,22	578.2	39.5045199	73.5991658	4224.4
729	28.0	28.0	28.0	1085,1026,22,15	578.1	39.4932368	73.5900898	4444.0
730	73.1	73.1	73.1	849,1049,9,31	575.4	39.4987873	73.5946811	4365.4
731	21.0	21.0	21.0	479,684,11,19	575.3	39.4924098	73.5894334	4445.6
732	67.1	67.1	67.1	1595,969,16,25	575.2	39.4980165	73.5940450	4365.9
733	100.1	100.1	100.1	68,579,12,28	574.8	39.5023087	73.5974026	4292.9
734	8.0	8.0	9.0	53,621,14,36	574.2	39.4906926	73.5881328	4445.6
735	117.1	117.1	117.1	1445,561,15,20	573.5	39.5045199	73.5991658	4224.4
736	96.1	95.1	96.1	1564,787,19,14	572.6	39.5017792	73.5970120	4309.0
737	44.0	44.0	44.0	55,371,14,29	572.0	39.4950944	73.5915661	4381.8
738	36.0	36.0	36.0	481,597,16,14	571.7	39.4940710	73.5907533	4413.9
739	14.0	14.0	17.0	439,806,14,17	570.5	39.4915012	73.5887138	4445.7
740	113.1	112.1	113.1	753,849,10,22	567.0	39.5040071	73.5987460	4240.4
741	52.1	52.1	52.1	361,878,12,19	566.9	39.4961062	73.5924361	4367.0
742	26.0	26.0	26.0	1779,177,20,10	566.7	39.4930566	73.5899473	4445.7
743	102.1	102.1	107.1	1537,1025,10,20	566.6	39.5025716	73.5975966	4284.7
744	98.1	98.1	98.1	1177,129,14,16	566.5	39.5020445	73.5972080	4300.9
745	57.1	57.1	57.1	1307,620,10,28	565.6	39.4967364	73.5929818	4367.5
746	83.1	83.1	83.1	499,107,10,24	565.1	39.5000647	73.5957349	4361.4
747	121.1	121.1	121.1	1283,405,14,28	564.7	39.5050337	73.5995863	4208.4
748	111.1	107.1	111.1	1539,579,17,29	562.9	39.5037362	73.5985241	4248.9
749	31.0	31.0	31.0	1681,577,10,32	562.2	39.4934938	73.5902948	4434.1
750	117.1	117.1	117.1	1025,561,10,20	562.1	39.5045199	73.5991658	4224.4
751	81.1	81.1	81.1	1833,1041,12,24	561.5	39.4998114	73.5955256	4365.4
752	119.1	119.1	119.1	1585,17,10,22	561.0	39.5047776	73.5993768	4216.4
753	110.1	110.1	110.1	175,147,13,19	560.8	39.5036199	73.5984292	4252.4
754	35.0	35.0	35.0	217,473,13,22	560.6	39.4939478	73.5906556	4418.0
755	109.1	109.1	109.1	1845,378,9,39	557.5	39.5034795	73.5983145	4256.8
756	79.1	79.1	79.1	1260,117,23,20	556.5	39.4995555	73.5953146	4365.5
757	80.1	80.1	80.1	33,775,10,20	556.5	39.4996833	73.5954200	4365.5
758	67.1	67.1	67.1	263,909,10,14	556.3	39.4980165	73.5940450	4365.9
759	105.1	105.1	105.1	315,561,14,20	555.1	39.5029666	73.5978923	4272.8
760	35.0	35.0	35.0	409,643,10,24	554.9	39.4939478	73.5906556	4418.0
761	99.1	99.1	99.1	545,369,10,30	553.1	39.5021762	73.5973049	4296.9
762	109.1	109.1	109.1	485,29,20,26	552.8	39.5034795	73.5983145	4256.8
763	62.1	62.1	62.1	1893,843,12,14	552.0	39.4973769	73.5935162	4367.3
764	22.0	22.0	22.0	1044,841,16,18	551.9	39.4925385	73.5895354	4445.6
765	100.1	100.1	100.1	1664,537,17,24	551.9	39.5023087	73.5974026	4292.9
766	94.1	94.1	94.1	279,857,14,20	551.7	39.5015161	73.5968173	4317.0
767	94.1	94.1	97.1	1429,859,12,20	551.3	39.5015161	73.5968173	4317.0
768	14.0	14.0	14.0	981,963,10,27	551.2	39.4915012	73.5887138	4445.7
769	41.0	41.0	42.0	1681,1003,18,14	550.2	39.4947059	73.5912570	4393.9
770	73.1	73.1	73.1	650,594,8,23	548.4	39.4987873	73.5946811	4365.4
771	87.1	87.1	87.1	213,771,10,30	547.1	39.5005948	73.5961354	4345.2
772	116.1	116.1	120.1	661,705,8,40	547.0	39.5043921	73.5990611	4228.4
773	29.0	29.0	29.0	607,227,12,20	545.5	39.4933107	73.5901484	4441.5
774	7.0	7.0	11.0	977,131,14,18	545.3	39.4905546	73.5880474	4445.6
775	36.0	36.0	36.0	391,342,22,26	544.9	39.4940710	73.5907533	4413.9
776	26.0	26.0	26.0	1366,460,11,21	543.5	39.4930566	73.5899473	4445.7
777	57.1	57.1	57.1	1095,137,14,24	542.5	39.4967364	73.5929818	4367.5
778	101.1	101.1	101.1	805,177,8,21	538.5	39.5024402	73.5974995	4288.8
779	27.0	27.0	32.0	1703,579,10,30	537.3	39.4931588	73.5900285	4445.4
780	109.1	109.1	109.1	1065,1049,13,16	536.2	39.5034795	73.5983145	4256.8
781	87.1	87.1	87.1	113,902,5,49	535.5	39.5005948	73.5961354	4345.2
782	114.1	114.1	114.1	857,259,14,21	534.3	39.5041214	73.5988397	4236.8
783	50.1	50.1	50.1	109,655,10,20	534.0	39.4958528	73.5922173	4367.2
784	109.1	107.1	112.1	1565,89,12,18	532.9	39.5034795	73.5983145	4256.8
785	59.1	59.1	59.1	0,753,15,16	531.4	39.4969915	73.5932000	4367.6
786	18.0	18.0	18.0	369,11,7,30	531.2	39.4920209	73.5891251	4445.6
787	48.0	48.0	48.0	25,301,8,22	530.6	39.4955998	73.5919992	4368.7
788	11.0	11.0	11.0	66,969,11,34	530.4	39.4911085	73.5884032	4445.6
789	119.1	117.1	119.1	881,505,15,24	530.1	39.5047776	73.5993768	4216.4
790	80.1	80.1	80.1	838,227,16,17	529.9	39.4996833	73.5954200	4365.5
791	1.0	1.0	1.0	240,11,13,22	529.5	39.4897147	73.5875280	4445.5
792	55.1	55.1	55.1	663,971,18,22	529.5	39.4964841	73.5927631	4367.2
793	10.0	8.0	10.0	365,603,20,18	528.1	39.4909691	73.5883069	4445.6
794	109.1	109.1	109.1	1489,0,10,19	527.6	39.5034795	73.5983145	4256.8
795	3.0	3.0	3.0	57,125,18,12	527.3	39.4899909	73.5876985	4445.6
796	94.1	94.1	94.1	455,779,14,34	527.0	39.5015161	73.5968173	4317.0
797	88.1	88.1	88.1	84,643,7,30	524.9	39.5007263	73.5962331	4341.0
798	15.0	15.0	15.0	1447,163,10,22	523.8	39.4916315	73.5888172	4445.7
799	116.1	116.1	116.1	153,643,8,23	523.1	39.5043921	73.5990611	4228.4
800	74.1	73.1	74.1	25,825,12,34	523.0	39.4989156	73.5947869	4365.4
801	46.0	46.0	46.0	353,83,16,14	522.8	39.4953488	73.5917801	4373.7
802	19.0	19.0	19.0	64,113,9,32	522.6	39.4921507	73.5892280	4445.6
803	40.0	40.0	40.0	49,945,12,28	522.2	39.4945768	73.5911544	4398.0
804	59.1	59.1	59.1	1793,146,16,31	520.8	39.4969915	73.5932000	4367.6
805	4.0	4.0	4.0	101,353,14,22	520.7	39.4901284	73.5877836	4445.6
806	42.0	42.0	42.0	1485,157,20,14	520.4	39.4948338	73.5913589	4389.8
807	108.1	108.1	108.1	461,1017,8,30	519.6	39.5033501	73.5982085	4260.8
808	35.0	35.0	35.0	0,483,9,20	518.7	39.4939478	73.5906556	4418.0
809	64.1	64.1	67.1	1657,793,8,32	517.7	39.4976335	73.5937283	4366.7
810	37.0	37.0	37.0	115,359,10,18	516.1	39.4941958	73.5908522	4409.9
811	31.0	31.0	31.0	117,475,10,28	514.8	39.4934938	73.5902948	4434.1
812	94.1	94.1	94.1	513,125,8,20	514.5	39.5015161	73.5968173	4317.0
813	109.1	109.1	109.1	1557,843,12,18	514.1	39.5034795	73.5983145	4256.8
814	66.1	66.1	66.1	269,1009,14,22	513.5	39.4978892	73.5939398	4366.1
815	53.1	48.0	53.1	1535,737,10,24	513.1	39.4962310	73.5925439	4367.1
816	86.1	85.1	86.1	109,241,14,22	512.9	39.5004632	73.5960381	4349.3
817	101.1	101.1	101.1	1167,305,8,24	512.7	39.5024402	73.5974995	4288.8
818	13.0	13.0	13.0	99,357,14,16	512.3	39.4913739	73.5886114	4445.7
819	41.0	41.0	41.0	237,816,12,17	510.4	39.4947059	73.5912570	4393.9
820	100.1	99.1	100.1	368,171,21,20	509.5	39.5023087	73.5974026	4292.9
821	75.1	75.1	75.1	934,484,29,19	509.4	39.4990436	73.5948923	4365.4
822	105.1	101.1	105.1	441,595,12,31	509.3	39.5029666	73.5978923	4272.8
823	106.1	102.1	106.1	1337,569,14,33	508.7	39.5030941	73.5979978	4268.8
824	37.0	34.0	37.0	822,432,20,11	508.6	39.4941958	73.5908522	4409.9
825	12.0	12.0	12.0	1803,919,17,34	507.7	39.4912427	73.5885054	4445.6
826	85.1	85.1	85.1	33,879,13,24	507.6	39.5003303	73.5959401	4353.4
827	121.1	121.1	121.1	449,671,10,26	507.0	39.5050337	73.5995863	4208.4
828	88.1	88.1	88.1	387,803,10,22	506.6	39.5007263	73.5962331	4341.0
829	67.1	67.1	67.1	153,225,12,14	506.3	39.4980165	73.5940450	4365.9
830	59.1	59.1	59.1	1466,535,15,22	505.6	39.4969915	73.5932000	4367.6
831	108.1	108.1	108.1	1463,597,10,28	503.9	39.5033501	73.5982085	4260.8
832	51.1	51.1	51.1	867,625,14,10	503.8	39.4959787	73.5923258	4367.0
833	69.1	68.1	70.1	359,704,26,25	503.7	39.4982733	73.5942570	4365.6
834	29.0	27.0	29.0	1425,456,12,17	503.5	39.4933107	73.5901484	4441.5
835	79.1	79.1	79.1	785,3,8,22	502.4	39.4995555	73.5953146	4365.5
836	37.0	37.0	37.0	1765,545,28,10	502.3	39.4941958	73.5908522	4409.9
837	41.0	41.0	41.0	1643,529,12,16	502.2	39.4947059	73.5912570	4393.9
838	57.1	57.1	58.1	271,433,11,26	501.6	39.4967364	73.5929818	4367.5
839	101.1	101.1	101.1	1693,417,12,26	499.5	39.5024402	73.5974995	4288.8
840	105.1	105.1	105.1	33,801,8,32	497.7	39.5029666	73.5978923	4272.8
841	98.1	98.1	98.1	1248,161,10,17	497.4	39.5020445	73.5972080	4300.9
842	47.0	47.0	47.0	257,1025,6,26	497.3	39.4954746	73.5918905	4370.1
843	72.1	72.1	76.1	81,476,12,19	497.2	39.4986583	73.5945747	4365.4
844	117.1	117.1	117.1	413,845,10,26	496.1	39.5045199	73.5991658	4224.4
845	9.0	9.0	9.0	1884,217,5,40	495.1	39.4908297	73.5882179	4445.6
846	55.1	55.1	55.1	561,697,8,24	494.9	39.4964841	73.5927631	4367.2
847	16.0	16.0	16.0	1637,883,12,12	494.6	39.4917603	73.5889192	4445.6
848	29.0	29.0	29.0	728,1060,17,13	494.4	39.4933107	73.5901484	4441.5
849	107.1	107.1	111.1	813,531,5,29	494.4	39.5032224	73.5981035	4264.8
850	26.0	26.0	29.0	407,549,12,26	493.8	39.4930566	73.5899473	4445.7
851	121.1	121.1	121.1	1114,21,18,20	492.9	39.5050337	73.5995863	4208.4
852	72.1	72.1	72.1	163,769,14,12	492.8	39.4986583	73.5945747	4365.4
853	93.1	93.1	93.1	1879,961,18,10	492.0	39.5013848	73.5967203	4320.9
854	84.1	84.1	84.1	209,17,12,22	491.6	39.5001950	73.5958409	4357.5
855	80.1	80.1	80.1	84,209,15,28	491.5	39.4996833	73.5954200	4365.5
856	37.0	37.0	37.0	5,239,8,18	491.1	39.4941958	73.5908522	4409.9
857	84.1	84.1	84.1	737,973,16,12	490.5	39.5001950	73.5958409	4357.5
858	5.0	4.0	5.0	477,540,12,29	490.4	39.4902656	73.5878682	4445.6
859	85.1	85.1	85.1	751,473,7,29	490.1	39.5003303	73.5959401	4353.4
860	97.1	97.1	97.1	1873,971,10,20	490.1	39.5019130	73.5971107	4304.9
861	87.1	87.1	87.1	151,737,10,30	490.0	39.5005948	73.5961354	4345.2
862	95.1	95.1	95.1	1605,1025,11,16	490.0	39.5016473	73.5969150	4313.0
863	37.0	37.0	37.0	0,507,7,20	489.9	39.4941958	73.5908522	4409.9
864	80.1	76.1	80.1	19,641,14,18	489.9	39.4996833	73.5954200	4365.5
865	12.0	9.0	12.0	1170,253,21,28	489.8	39.4912427	73.5885054	4445.6
866	37.0	37.0	37.0	259,1059,14,18	489.0	39.4941958	73.5908522	4409.9
867	73.1	73.1	73.1	317,141,12,28	488.6	39.4987873	73.5946811	4365.4
868	118.1	118.1	118.1	417,657,16,8	488.6	39.5046478	73.5992708	4220.4
869	37.0	37.0	37.0	567,195,16,15	487.5	39.4941958	73.5908522	4409.9
870	53.1	52.1	53.1	189,705,15,22	487.3	39.4962310	73.5925439	4367.1
871	104.1	104.1	104.1	265,231,3,43	486.6	39.5028343	73.5977906	4276.8
872	51.1	51.1	51.1	35,33,13,24	486.1	39.4959787	73.5923258	4367.0
873	65.1	65.1	65.1	0,1029,4,36	486.1	39.4977615	73.5938343	4366.4
874	78.1	78.1	78.1	54,811,19,24	485.3	39.4994273	73.5952090	4365.5
875	64.1	64.1	64.1	1617,861,16,24	485.0	39.4976335	73.5937283	4366.7
876	24.0	24.0	28.0	1851,686,9,18	484.8	39.4927973	73.5897409	4445.6
877	53.1	52.1	53.1	224,1001,15,14	484.8	39.4962310	73.5925439	4367.1
878	22.0	22.0	22.0	33,653,23,20	484.4	39.4925385	73.5895354	4445.6
879	81.1	81.1	81.1	1675,931,7,27	483.2	39.4998114	73.5955256	4365.4
880	25.0	24.0	25.0	405,279,8,26	483.1	39.4929284	73.5898451	4445.6
881	66.1	64.1	66.1	1361,295,32,10	482.4	39.4978892	73.5939398	4366.1
882	25.0	21.0	25.0	412,225,14,19	481.5	39.4929284	73.5898451	4445.6
883	81.1	81.1	81.1	645,551,11,26	481.4	39.4998114	73.5955256	4365.4
884	114.1	114.1	114.1	1569,1015,16,10	480.9	39.5041214	73.5988397	4236.8
885	1.0	1.0	1.0	1809,681,24,15	480.5	39.4897147	73.5875280	4445.5
886	43.0	43.0	43.0	1490,143,25,8	480.5	39.4949652	73.5914632	4385.8
887	42.0	42.0	42.0	369,1057,8,16	479.9	39.4948338	73.5913589	4389.8
888	93.1	93.1	93.1	217,183,8,32	479.0	39.5013848	73.5967203	4320.9
889	93.1	93.1	93.1	101,905,8,16	477.6	39.5013848	73.5967203	4320.9
890	35.0	35.0	35.0	87,459,14,16	475.9	39.4939478	73.5906556	4418.0
891	80.1	80.1	80.1	281,215,8,32	475.1	39.4996833	73.5954200	4365.5
892	10.0	10.0	10.0	1173,0,10,17	474.4	39.4909691	73.5883069	4445.6
893	1.0	1.0	1.0	1842,110,13,19	473.4	39.4897147	73.5875280	4445.5
894	8.0	8.0	9.0	75,817,10,24	472.9	39.4906926	73.5881328	4445.6
895	118.1	118.1	118.1	1521,129,12,16	472.5	39.5046478	73.5992708	4220.4
896	63.1	63.1	64.1	1669,885,16,29	472.2	39.4975060	73.5936229	4367.0
897	3.0	3.0	3.0	1437,737,13,26	471.4	39.4899909	73.5876985	4445.6
898	41.0	41.0	41.0	249,625,11,24	471.4	39.4947059	73.5912570	4393.9
899	54.1	54.1	54.1	41,307,9,30	469.9	39.4963582	73.5926541	4367.2
900	67.1	67.1	69.1	869,929,8,17	468.5	39.4980165	73.5940450	4365.9
901	1.0	1.0	1.0	657,1065,12,15	467.9	39.4897147	73.5875280	4445.5
902	52.1	52.1	52.1	363,727,10,18	467.8	39.4961062	73.5924361	4367.0
903	30.0	30.0	30.0	915,241,19,12	466.8	39.4933974	73.5902175	4438.0
904	95.1	95.1	95.1	1833,375,8,24	466.8	39.5016473	73.5969150	4313.0
905	88.1	88.1	88.1	369,945,12,24	466.6	39.5007263	73.5962331	4341.0
906	73.1	73.1	73.1	243,609,10,26	466.4	39.4987873	73.5946811	4365.4
907	96.1	95.1	96.1	1713,419,8,18	466.3	39.5017792	73.5970120	4309.0
908	81.1	80.1	81.1	853,961,7,26	465.9	39.4998114	73.5955256	4365.4
909	73.1	73.1	73.1	1585,1073,21,7	465.8	39.4987873	73.5946811	4365.4
910	5.0	3.0	5.0	54,316,7,21	465.1	39.4902656	73.5878682	4445.6
911	31.0	31.0	31.0	1801,111,14,18	464.8	39.4934938	73.5902948	4434.1
912	119.1	119.1	119.1	389,769,12,12	464.7	39.5047776	73.5993768	4216.4
913	120.1	120.1	120.1	457,623,6,34	464.3	39.5049058	73.5994819	4212.4
914	81.1	81.1	81.1	875,1061,12,19	461.9	39.4998114	73.5955256	4365.4
915	116.1	116.1	116.1	1447,484,11,21	460.9	39.5043921	73.5990611	4228.4
916	92.1	92.1	92.1	185,989,8,34	460.6	39.5012520	73.5966227	4325.0
917	110.1	110.1	110.1	361,455,8,19	460.1	39.5036199	73.5984292	4252.4
918	47.0	47.0	47.0	825,401,24,14	459.7	39.4954746	73.5918905	4370.1
919	13.0	13.0	13.0	7,513,16,13	459.4	39.4913739	73.5886114	4445.7
920	10.0	10.0	10.0	135,129,14,16	459.1	39.4909691	73.5883069	4445.6
921	17.0	17.0	17.0	1149,839,7,24	458.6	39.4918905	73.5890223	4445.6
922	94.1	94.1	94.1	55,814,10,25	458.2	39.5015161	73.5968173	4317.0
923	37.0	33.0	37.0	321,496,10,17	458.1	39.4941958	73.5908522	4409.9
924	93.1	93.1	93.1	293,219,8,38	458.1	39.5013848	73.5967203	4320.9
925	116.1	116.1	119.1	1615,987,18,14	457.6	39.5043921	73.5990611	4228.4
926	62.1	61.1	62.1	11,22,6,21	457.5	39.4973769	73.5935162	4367.3
927	22.0	22.0	22.0	507,1060,7,20	456.7	39.4925385	73.5895354	4445.6
928	67.1	67.1	67.1	764,582,11,19	456.3	39.4980165	73.5940450	4365.9
929	16.0	16.0	16.0	349,841,6,38	456.1	39.4917603	73.5889192	4445.6
930	39.0	38.0	39.0	37,1057,16,17	456.1	39.4944495	73.5910533	4402.0
931	9.0	9.0	9.0	1571,851,8,29	454.5	39.4908297	73.5882179	4445.6
932	25.0	25.0	25.0	333,225,10,20	454.4	39.4929284	73.5898451	4445.6
933	37.0	37.0	37.0	785,297,8,18	454.0	39.4941958	73.5908522	4409.9
934	40.0	40.0	40.0	385,59,8,22	453.9	39.4945768	73.5911544	4398.0
935	111.1	111.1	111.1	1821,111,14,18	453.9	39.5037362	73.5985241	4248.9
936	5.0	5.0	5.0	683,595,7,22	452.5	39.4902656	73.5878682	4445.6
937	66.1	66.1	66.1	719,0,6,25	452.4	39.4978892	73.5939398	4366.1
938	0.0	0.0	0.0	17,535,10,18	450.9	39.4895773	73.5874431	4445.6
939	72.1	72.1	72.1	344,985,13,16	450.7	39.4986583	73.5945747	4365.4
940	97.1	97.1	97.1	447,575,11,18	450.7	39.5019130	73.5971107	4304.9
941	3.0	3.0	3.0	9,715,10,20	450.0	39.4899909	73.5876985	4445.6
942	82.1	82.1	82.1	1253,283,12,20	450.0	39.4999381	73.5956301	4364.7
943	52.1	51.1	52.1	149,623,19,12	449.9	39.4961062	73.5924361	4367.0
944	84.1	84.1	84.1	405,443,8,24	449.8	39.5001950	73.5958409	4357.5
945	23.0	23.0	23.0	162,1059,13,14	449.7	39.4926690	73.5896389	4445.6
946	51.1	48.0	51.1	0,417,11,16	448.7	39.4959787	73.5923258	4367.0
947	67.1	67.1	67.1	1753,291,14,14	448.4	39.4980165	73.5940450	4365.9
948	84.1	84.1	84.1	43,705,11,14	448.0	39.5001950	73.5958409	4357.5
949	47.0	47.0	47.0	0,403,7,26	447.6	39.4954746	73.5918905	4370.1
950	44.0	44.0	46.0	17,17,16,8	446.8	39.4950944	73.5915661	4381.8
951	28.0	28.0	28.0	1779,0,4,33	446.5	39.4932368	73.5900898	4444.0
952	119.1	119.1	119.1	223,833,5,48	445.3	39.5047776	73.5993768	4216.4
953	0.0	0.0	0.0	105,415,12,22	445.1	39.4895773	73.5874431	4445.6
954	76.1	76.1	76.1	505,641,10,20	444.9	39.4991713	73.5949980	4365.4
955	66.1	66.1	66.1	823,189,8,23	444.7	39.4978892	73.5939398	4366.1
956	18.0	18.0	18.0	293,177,8,30	444.2	39.4920209	73.5891251	4445.6
957	94.1	94.1	94.1	49,9,10,14	444.2	39.5015161	73.5968173	4317.0
958	93.1	93.1	93.1	1397,353,14,12	443.4	39.5013848	73.5967203	4320.9
959	4.0	4.0	4.0	9,1041,7,32	443.2	39.4901284	73.5877836	4445.6
960	22.0	22.0	26.0	1433,1057,14,23	440.7	39.4925385	73.5895354	4445.6
961	11.0	11.0	11.0	1087,634,13,13	440.6	39.4911085	73.5884032	4445.6
962	102.1	102.1	102.1	561,849,7,32	440.4	39.5025716	73.5975966	4284.7
963	29.0	29.0	29.0	635,0,13,15	440.0	39.4933107	73.5901484	4441.5
964	88.1	88.1	88.1	257,643,8,28	439.7	39.5007263	73.5962331	4341.0
965	80.1	80.1	80.1	413,201,12,18	439.5	39.4996833	73.5954200	4365.5
966	88.1	88.1	88.1	1193,497,15,14	439.0	39.5007263	73.5962331	4341.0
967	61.1	61.1	61.1	785,833,8,16	438.9	39.4972488	73.5934108	4367.4
968	111.1	111.1	113.1	1569,1035,15,16	438.6	39.5037362	73.5985241	4248.9
969	30.0	30.0	30.0	1659,787,12,20	438.3	39.4933974	73.5902175	4438.0
970	118.1	118.1	118.1	913,161,6,24	437.6	39.5046478	73.5992708	4220.4
971	50.1	47.0	50.1	1209,894,8,24	437.1	39.4958528	73.5922173	4367.2
972	7.0	7.0	7.0	9,310,14,33	435.9	39.4905546	73.5880474	4445.6
973	14.0	14.0	14.0	449,634,16,15	435.7	39.4915012	73.5887138	4445.7
974	21.0	21.0	21.0	33,182,10,19	435.2	39.4924098	73.5894334	4445.6
975	34.0	34.0	34.0	1531,799,12,20	434.6	39.4938275	73.5905599	4422.0
976	15.0	15.0	15.0	1756,0,20,9	433.9	39.4916315	73.5888172	4445.7
977	73.1	73.1	73.1	401,967,14,26	433.8	39.4987873	73.5946811	4365.4
978	120.1	120.1	120.1	233,513,16,16	433.5	39.5049058	73.5994819	4212.4
979	23.0	23.0	23.0	0,963,11,23	433.3	39.4926690	73.5896389	4445.6
980	35.0	35.0	35.0	1339,371,22,10	433.3	39.4939478	73.5906556	4418.0
981	52.1	52.1	52.1	603,685,14,18	433.0	39.4961062	73.5924361	4367.0
982	31.0	31.0	32.0	1569,417,14,22	432.7	39.4934938	73.5902948	4434.1
983	107.1	107.1	107.1	1419,228,6,31	432.7	39.5032224	73.5981035	4264.8
984	68.1	68.1	68.1	363,767,10,14	432.4	39.4981457	73.5941516	4365.7
985	105.1	105.1	105.1	5,556,12,13	432.3	39.5029666	73.5978923	4272.8
986	73.1	72.1	73.1	1181,333,11,18	432.1	39.4987873	73.5946811	4365.4
987	6.0	2.0	6.0	49,771,12,14	431.6	39.4904040	73.5879541	4445.6
988	68.1	68.1	73.1	279,401,14,25	430.7	39.4981457	73.5941516	4365.7
989	86.1	86.1	86.1	339,17,16,11	430.5	39.5004632	73.5960381	4349.3
990	5.0	5.0	5.0	9,673,8,22	430.4	39.4902656	73.5878682	4445.6
991	24.0	24.0	24.0	635,89,14,24	430.4	39.4927973	73.5897409	4445.6
992	86.1	86.1	86.1	401,131,8,22	430.2	39.5004632	73.5960381	4349.3
993	74.1	74.1	74.1	113,265,8,23	428.5	39.4989156	73.5947869	4365.4
994	104.1	104.1	104.1	1573,705,7,28	428.5	39.5028343	73.5977906	4276.8
995	42.0	42.0	42.0	579,963,8,14	427.8	39.4948338	73.5913589	4389.8
996	117.1	115.1	117.1	466,535,9,26	427.8	39.5045199	73.5991658	4224.4
997	4.0	4.0	4.0	699,365,11,23	427.6	39.4901284	73.5877836	4445.6
998	84.1	84.1	84.1	279,463,13,18	426.1	39.5001950	73.5958409	4357.5
999	47.0	47.0	47.0	41,542,11,19	425.9	39.4954746	73.5918905	4370.1
1000	108.1	108.1	108.1	1549,420,14,29	425.8	39.5033501	73.5982085	4260.8
1001	84.1	84.1	84.1	77,839,14,29	424.6	39.5001950	73.5958409	4357.5
1002	108.1	108.1	108.1	71,497,10,29	424.4	39.5033501	73.5982085	4260.8
1003	70.1	69.1	70.1	1607,275,10,14	424.1	39.4984022	73.5943632	4365.5
1004	53.1	53.1	53.1	1051,929,14,13	423.7	39.4962310	73.5925439	4367.1
1005	52.1	52.1	52.1	835,801,10,30	423.1	39.4961062	73.5924361	4367.0
1006	102.1	102.1	102.1	249,1057,6,23	422.5	39.5025716	73.5975966	4284.7
1007	80.1	80.1	80.1	105,677,10,20	421.0	39.4996833	73.5954200	4365.5
1008	100.1	100.1	100.1	0,673,21,9	420.7	39.5023087	73.5974026	4292.9
1009	43.0	43.0	43.0	1911,755,9,24	420.6	39.4949652	73.5914632	4385.8
1010	35.0	35.0	39.0	1211,681,12,21	420.5	39.4939478	73.5906556	4418.0
1011	50.1	50.1	50.1	1528,545,11,16	420.2	39.4958528	73.5922173	4367.2
1012	10.0	10.0	10.0	387,1041,10,14	420.0	39.4909691	73.5883069	4445.6
1013	17.0	17.0	17.0	1274,729,13,11	419.2	39.4918905	73.5890223	4445.6
1014	28.0	28.0	28.0	195,535,14,24	418.5	39.4932368	73.5900898	4444.0
1015	6.0	6.0	6.0	193,602,12,31	417.8	39.4904040	73.5879541	4445.6
1016	105.1	105.1	105.1	0,615,11,20	417.8	39.5029666	73.5978923	4272.8
1017	62.1	62.1	63.1	1128,801,7,20	416.7	39.4973769	73.5935162	4367.3
1018	41.0	41.0	41.0	1727,625,13,18	416.6	39.4947059	73.5912570	4393.9
1019	12.0	12.0	12.0	1823,1059,12,21	416.4	39.4912427	73.5885054	4445.6
1020	94.1	94.1	94.1	173,901,8,20	416.4	39.5015161	73.5968173	4317.0
1021	29.0	29.0	30.0	473,323,8,22	415.9	39.4933107	73.5901484	4441.5
1022	68.1	67.1	68.1	773,353,6,32	415.9	39.4981457	73.5941516	4365.7
1023	106.1	106.1	106.1	1269,785,6,32	414.1	39.5030941	73.5979978	4268.8
1024	76.1	76.1	76.1	1915,593,5,33	414.0	39.4991713	73.5949980	4365.4
1025	35.0	35.0	35.0	1287,307,10,20	413.9	39.4939478	73.5906556	4418.0
1026	73.1	69.1	73.1	905,487,6,32	413.8	39.4987873	73.5946811	4365.4
1027	25.0	25.0	25.0	65,838,9,21	413.6	39.4929284	73.5898451	4445.6
1028	55.1	55.1	55.1	197,1004,6,29	412.6	39.4964841	73.5927631	4367.2
1029	78.1	78.1	78.1	1873,1031,16,26	412.6	39.4994273	73.5952090	4365.5
1030	87.1	85.1	87.1	359,215,6,26	412.4	39.5005948	73.5961354	4345.2
1031	7.0	7.0	7.0	422,941,9,36	412.2	39.4905546	73.5880474	4445.6
1032	81.1	81.1	81.1	55,633,8,26	412.2	39.4998114	73.5955256	4365.4
1033	51.1	51.1	51.1	273,174,8,15	412.1	39.4959787	73.5923258	4367.0
1034	87.1	87.1	90.1	1891,355,4,28	411.6	39.5005948	73.5961354	4345.2
1035	37.0	37.0	37.0	101,209,12,12	411.5	39.4941958	73.5908522	4409.9
1036	34.0	34.0	34.0	1689,1053,14,12	411.3	39.4938275	73.5905599	4422.0
1037	72.1	72.1	72.1	9,361,7,24	411.2	39.4986583	73.5945747	4365.4
1038	6.0	2.0	6.0	103,501,14,12	410.7	39.4904040	73.5879541	4445.6
1039	82.1	82.1	82.1	27,353,10,16	410.6	39.4999381	73.5956301	4364.7
1040	81.1	81.1	81.1	1751,798,10,19	410.3	39.4998114	73.5955256	4365.4
1041	93.1	93.1	93.1	1259,355,17,22	410.2	39.5013848	73.5967203	4320.9
1042	72.1	72.1	72.1	1128,873,13,15	409.9	39.4986583	73.5945747	4365.4
1043	121.1	121.1	121.1	1077,595,10,19	409.1	39.5050337	73.5995863	4208.4
1044	101.1	101.1	104.1	1417,17,10,18	408.4	39.5024402	73.5974995	4288.8
1045	56.1	56.1	56.1	1004,907,11,34	408.0	39.4966095	73.5928718	4367.3
1046	86.1	86.1	86.1	1895,1059,6,21	408.0	39.5004632	73.5960381	4349.3
1047	24.0	24.0	24.0	224,762,15,17	407.7	39.4927973	73.5897409	4445.6
1048	108.1	106.1	108.1	19,323,8,30	406.4	39.5033501	73.5982085	4260.8
1049	48.0	48.0	48.0	187,740,18,13	405.6	39.4955998	73.5919992	4368.7
1050	24.0	24.0	24.0	86,995,9,29	405.3	39.4927973	73.5897409	4445.6
1051	93.1	93.1	93.1	49,229,16,16	405.1	39.5013848	73.5967203	4320.9
1052	121.1	118.1	121.1	553,175,8,18	404.2	39.5050337	73.5995863	4208.4
1053	79.1	79.1	79.1	1212,757,9,42	403.8	39.4995555	73.5953146	4365.5
1054	81.1	81.1	85.1	361,683,8,32	403.6	39.4998114	73.5955256	4365.4
1055	0.0	0.0	1.0	27,935,8,26	403.5	39.4895773	73.5874431	4445.6
1056	30.0	27.0	30.0	1591,369,10,16	403.5	39.4933974	73.5902175	4438.0
1057	15.0	13.0	15.0	810,65,15,16	402.9	39.4916315	73.5888172	4445.7
1058	104.1	104.1	104.1	1915,1041,5,23	402.9	39.5028343	73.5977906	4276.8
1059	32.0	32.0	32.0	213,657,10,16	402.1	39.4935985	73.5903783	4430.1
1060	111.1	111.1	111.1	277,120,10,25	401.9	39.5037362	73.5985241	4248.9
1061	100.1	100.1	100.1	609,737,8,16	401.8	39.5023087	73.5974026	4292.9
1062	98.1	98.1	102.1	823,145,9,16	401.6	39.5020445	73.5972080	4300.9
1063	105.1	105.1	105.1	179,141,10,32	401.4	39.5029666	73.5978923	4272.8
1064	84.1	84.1	84.1	546,433,11,16	401.3	39.5001950	73.5958409	4357.5
1065	80.1	80.1	80.1	41,955,8,26	400.8	39.4996833	73.5954200	4365.5
1066	40.0	40.0	40.0	185,25,14,14	400.2	39.4945768	73.5911544	4398.0
1067	0.0	0.0	0.0	1887,357,10,22	400.1	39.4895773	73.5874431	4445.6
1068	50.1	49.0	54.1	1135,89,26,10	399.5	39.4958528	73.5922173	4367.2
1069	76.1	72.1	76.1	1146,203,8,21	399.5	39.4991713	73.5949980	4365.4
1070	46.0	46.0	46.0	931,0,8,12	399.3	39.4953488	73.5917801	4373.7
1071	117.1	114.1	117.1	32,624,5,27	398.5	39.5045199	73.5991658	4224.4
1072	34.0	34.0	34.0	1344,657,7,22	398.4	39.4938275	73.5905599	4422.0
1073	37.0	37.0	37.0	177,87,9,18	397.9	39.4941958	73.5908522	4409.9
1074	0.0	0.0	0.0	425,845,8,26	397.4	39.4895773	73.5874431	4445.6
1075	31.0	31.0	31.0	1877,481,12,16	397.3	39.4934938	73.5902948	4434.1
1076	5.0	2.0	5.0	1026,15,21,38	397.2	39.4902656	73.5878682	4445.6
1077	39.0	39.0	39.0	1666,1009,17,17	397.1	39.4944495	73.5910533	4402.0
1078	31.0	31.0	31.0	1683,521,12,12	396.3	39.4934938	73.5902948	4434.1
1079	83.1	83.1	83.1	357,608,10,17	396.1	39.5000647	73.5957349	4361.4
1080	73.1	73.1	73.1	225,530,14,19	396.0	39.4987873	73.5946811	4365.4
1081	30.0	27.0	30.0	1680,325,11,12	395.7	39.4933974	73.5902175	4438.0
1082	41.0	41.0	41.0	1425,767,11,16	395.3	39.4947059	73.5912570	4393.9
1083	14.0	14.0	14.0	875,1001,8,22	395.1	39.4915012	73.5887138	4445.7
1084	21.0	21.0	21.0	681,597,7,28	394.9	39.4924098	73.5894334	4445.6
1085	14.0	14.0	14.0	1761,203,19,10	393.6	39.4915012	73.5887138	4445.7
1086	34.0	34.0	34.0	129,353,16,9	393.2	39.4938275	73.5905599	4422.0
1087	54.1	54.1	54.1	281,291,14,20	392.3	39.4963582	73.5926541	4367.2
1088	72.1	72.1	76.1	48,530,8,17	391.4	39.4986583	73.5945747	4365.4
1089	6.0	2.0	6.0	0,1012,19,21	391.1	39.4904040	73.5879541	4445.6
1090	58.1	57.1	58.1	749,893,10,20	390.5	39.4968625	73.5930910	4367.6
1091	99.1	99.1	99.1	587,193,10,16	390.5	39.5021762	73.5973049	4296.9
1092	81.1	81.1	81.1	63,1042,10,21	389.9	39.4998114	73.5955256	4365.4
1093	95.1	94.1	95.1	929,0,8,16	389.3	39.5016473	73.5969150	4313.0
1094	96.1	95.1	96.1	1459,959,6,26	389.1	39.5017792	73.5970120	4309.0
1095	9.0	9.0	9.0	7,977,9,21	388.7	39.4908297	73.5882179	4445.6
1096	72.1	72.1	72.1	1185,785,12,20	388.5	39.4986583	73.5945747	4365.4
1097	39.0	39.0	39.0	1399,0,13,17	388.3	39.4944495	73.5910533	4402.0
1098	113.1	113.1	113.1	1222,356,7,29	388.3	39.5040071	73.5987460	4240.4
1099	14.0	14.0	15.0	1077,863,6,18	388.2	39.4915012	73.5887138	4445.7
1100	52.1	52.1	52.1	73,643,8,14	387.7	39.4961062	73.5924361	4367.0
1101	23.0	23.0	23.0	383,65,15,12	387.4	39.4926690	73.5896389	4445.6
1102	21.0	21.0	21.0	1725,123,11,18	387.3	39.4924098	73.5894334	4445.6
1103	102.1	102.1	102.1	117,857,14,24	387.2	39.5025716	73.5975966	4284.7
1104	65.1	65.1	65.1	97,49,8,24	386.8	39.4977615	73.5938343	4366.4
1105	65.1	65.1	65.1	369,289,12,12	386.6	39.4977615	73.5938343	4366.4
1106	0.0	0.0	0.0	1579,125,18,10	386.5	39.4895773	73.5874431	4445.6
1107	15.0	15.0	15.0	1425,311,12,20	385.8	39.4916315	73.5888172	4445.7
1108	35.0	35.0	35.0	201,347,14,22	385.5	39.4939478	73.5906556	4418.0
1109	94.1	94.1	94.1	1353,958,8,19	384.8	39.5015161	73.5968173	4317.0
1110	28.0	28.0	28.0	1721,963,8,24	384.6	39.4932368	73.5900898	4444.0
1111	25.0	25.0	25.0	441,91,8,19	384.5	39.4929284	73.5898451	4445.6
1112	62.1	62.1	62.1	1881,631,6,19	384.1	39.4973769	73.5935162	4367.3
1113	106.1	106.1	106.1	1878,0,8,18	383.7	39.5030941	73.5979978	4268.8
1114	22.0	22.0	22.0	317,965,8,20	383.1	39.4925385	73.5895354	4445.6
1115	114.1	114.1	114.1	0,972,9,17	382.4	39.5041214	73.5988397	4236.8
1116	62.1	62.1	62.1	1689,539,13,12	382.2	39.4973769	73.5935162	4367.3
1117	110.1	110.1	110.1	65,27,22,6	382.1	39.5036199	73.5984292	4252.4
1118	35.0	35.0	35.0	117,273,10,18	381.0	39.4939478	73.5906556	4418.0
1119	105.1	105.1	105.1	627,0,9,29	380.5	39.5029666	73.5978923	4272.8
1120	118.1	118.1	118.1	0,993,9,16	380.5	39.5046478	73.5992708	4220.4
1121	83.1	83.1	83.1	97,337,8,15	378.4	39.5000647	73.5957349	4361.4
1122	67.1	67.1	67.1	1633,213,24,18	378.2	39.4980165	73.5940450	4365.9
1123	35.0	35.0	35.0	1633,307,10,14	378.0	39.4939478	73.5906556	4418.0
1124	1.0	1.0	1.0	209,209,10,16	377.8	39.4897147	73.5875280	4445.5
1125	2.0	2.0	2.0	135,897,8,14	377.7	39.4898536	73.5876136	4445.5
1126	11.0	11.0	11.0	161,657,5,34	377.6	39.4911085	73.5884032	4445.6
1127	22.0	22.0	22.0	115,301,6,20	377.6	39.4925385	73.5895354	4445.6
1128	100.1	100.1	100.1	255,302,10,23	377.5	39.5023087	73.5974026	4292.9
1129	85.1	85.1	85.1	345,897,13,22	377.0	39.5003303	73.5959401	4353.4
1130	23.0	23.0	23.0	747,235,6,22	376.7	39.4926690	73.5896389	4445.6
1131	93.1	93.1	93.1	37,297,8,16	376.6	39.5013848	73.5967203	4320.9
1132	104.1	104.1	104.1	145,737,16,8	376.4	39.5028343	73.5977906	4276.8
1133	93.1	93.1	93.1	1673,787,12,14	375.9	39.5013848	73.5967203	4320.9
1134	0.0	0.0	0.0	37,605,6,20	374.2	39.4895773	73.5874431	4445.6
1135	61.1	57.1	61.1	54,400,15,14	373.7	39.4972488	73.5934108	4367.4
1136	73.1	73.1	73.1	51,897,10,16	373.2	39.4987873	73.5946811	4365.4
1137	29.0	29.0	30.0	575,397,12,19	372.9	39.4933107	73.5901484	4441.5
1138	93.1	93.1	93.1	183,329,26,18	372.9	39.5013848	73.5967203	4320.9
1139	47.0	47.0	47.0	793,109,14,20	372.2	39.4954746	73.5918905	4370.1
1140	56.1	56.1	56.1	1616,905,9,16	372.1	39.4966095	73.5928718	4367.3
1141	8.0	8.0	9.0	237,746,10,17	372.0	39.4906926	73.5881328	4445.6
1142	107.1	103.1	107.1	15,497,10,26	371.8	39.5032224	73.5981035	4264.8
1143	14.0	14.0	14.0	793,932,6,32	371.4	39.4915012	73.5887138	4445.7
1144	31.0	31.0	31.0	337,1031,8,18	371.1	39.4934938	73.5902948	4434.1
1145	110.1	110.1	110.1	17,977,10,12	371.1	39.5036199	73.5984292	4252.4
1146	88.1	88.1	88.1	881,265,14,8	370.8	39.5007263	73.5962331	4341.0
1147	31.0	31.0	31.0	1026,715,12,22	370.6	39.4934938	73.5902948	4434.1
1148	70.1	70.1	70.1	1781,1067,12,13	370.6	39.4984022	73.5943632	4365.5
1149	47.0	47.0	47.0	673,681,6,24	370.4	39.4954746	73.5918905	4370.1
1150	47.0	47.0	47.0	589,355,12,19	370.2	39.4954746	73.5918905	4370.1
1151	35.0	35.0	35.0	87,833,6,26	369.2	39.4939478	73.5906556	4418.0
1152	37.0	37.0	37.0	407,143,14,12	369.2	39.4941958	73.5908522	4409.9
1153	46.0	46.0	46.0	1203,177,12,16	368.7	39.4953488	73.5917801	4373.7
1154	1.0	1.0	1.0	19,263,10,18	368.3	39.4897147	73.5875280	4445.5
1155	58.1	55.1	58.1	285,721,12,20	368.0	39.4968625	73.5930910	4367.6
1156	86.1	86.1	86.1	1749,35,12,31	367.9	39.5004632	73.5960381	4349.3
1157	96.1	96.1	96.1	1879,513,6,16	367.9	39.5017792	73.5970120	4309.0
1158	10.0	9.0	10.0	193,225,10,18	367.7	39.4909691	73.5883069	4445.6
1159	33.0	33.0	33.0	1313,161,12,14	367.4	39.4937115	73.5904678	4426.0
1160	8.0	8.0	9.0	33,1041,12,16	367.3	39.4906926	73.5881328	4445.6
1161	35.0	35.0	35.0	97,555,10,22	366.6	39.4939478	73.5906556	4418.0
1162	83.1	83.1	83.1	153,449,12,26	366.5	39.5000647	73.5957349	4361.4
1163	103.1	103.1	103.1	1323,99,22,8	366.4	39.5027021	73.5976930	4280.8
1164	119.1	119.1	119.1	7,705,6,32	366.1	39.5047776	73.5993768	4216.4
1165	45.0	45.0	45.0	378,975,7,18	366.0	39.4952230	73.5916707	4377.7
1166	34.0	34.0	34.0	52,67,11,21	365.7	39.4938275	73.5905599	4422.0
1167	77.1	77.1	77.1	1624,353,11,16	365.6	39.4992990	73.5951032	4365.5
1168	76.1	76.1	76.1	1282,626,18,13	365.2	39.4991713	73.5949980	4365.4
1169	85.1	85.1	85.1	1852,441,5,40	365.1	39.5003303	73.5959401	4353.4
1170	115.1	115.1	115.1	1897,566,10,19	364.8	39.5042640	73.5989563	4232.4
1171	8.0	8.0	13.0	101,251,8,14	364.4	39.4906926	73.5881328	4445.6
1172	10.0	10.0	10.0	1095,498,7,21	364.2	39.4909691	73.5883069	4445.6
1173	22.0	22.0	22.0	137,545,14,18	363.9	39.4925385	73.5895354	4445.6
1174	16.0	15.0	16.0	546,1045,9,12	363.7	39.4917603	73.5889192	4445.6
1175	44.0	44.0	44.0	190,833,10,16	363.3	39.4950944	73.5915661	4381.8
1176	51.1	51.1	51.1	830,769,10,18	362.3	39.4959787	73.5923258	4367.0
1177	39.0	38.0	39.0	109,231,18,6	362.0	39.4944495	73.5910533	4402.0
1178	102.1	102.1	102.1	363,145,6,29	361.9	39.5025716	73.5975966	4284.7
1179	54.1	54.1	54.1	507,119,8,14	361.8	39.4963582	73.5926541	4367.2
1180	108.1	108.1	108.1	471,0,5,25	360.8	39.5033501	73.5982085	4260.8
1181	44.0	44.0	44.0	41,473,8,16	360.6	39.4950944	73.5915661	4381.8
1182	13.0	13.0	13.0	225,775,8,28	360.3	39.4913739	73.5886114	4445.7
1183	94.1	94.1	94.1	103,729,4,24	360.1	39.5015161	73.5968173	4317.0
1184	3.0	3.0	3.0	71,481,8,18	359.5	39.4899909	73.5876985	4445.6
1185	94.1	94.1	97.1	1557,157,8,18	359.5	39.5015161	73.5968173	4317.0
1186	121.1	121.1	121.1	86,975,7,21	359.2	39.5050337	73.5995863	4208.4
1187	25.0	25.0	25.0	332,922,9,18	358.2	39.4929284	73.5898451	4445.6
1188	36.0	36.0	36.0	1637,585,10,16	358.2	39.4940710	73.5907533	4413.9
1189	33.0	28.0	33.0	13,337,4,24	358.1	39.4937115	73.5904678	4426.0
1190	12.0	12.0	12.0	325,1057,12,12	358.0	39.4912427	73.5885054	4445.6
1191	37.0	37.0	37.0	499,0,13,11	357.6	39.4941958	73.5908522	4409.9
1192	26.0	26.0	26.0	785,27,10,14	357.5	39.4930566	73.5899473	4445.7
1193	108.1	107.1	108.1	949,1020,20,11	357.5	39.5033501	73.5982085	4260.8
1194	110.1	110.1	110.1	1295,282,18,15	357.4	39.5036199	73.5984292	4252.4
1195	5.0	5.0	5.0	105,344,6,25	357.1	39.4902656	73.5878682	4445.6
1196	98.1	98.1	98.1	289,332,10,15	357.0	39.5020445	73.5972080	4300.9
1197	37.0	37.0	37.0	901,705,12,22	356.7	39.4941958	73.5908522	4409.9
1198	41.0	41.0	42.0	433,529,8,16	356.6	39.4947059	73.5912570	4393.9
1199	61.1	61.1	61.1	719,193,12,12	356.1	39.4972488	73.5934108	4367.4
1200	108.1	108.1	108.1	999,261,12,10	355.9	39.5033501	73.5982085	4260.8
1201	99.1	99.1	99.1	0,578,4,32	355.6	39.5021762	73.5973049	4296.9
1202	12.0	12.0	12.0	311,147,6,30	355.1	39.4912427	73.5885054	4445.6
1203	1.0	1.0	1.0	435,927,6,18	354.2	39.4897147	73.5875280	4445.5
1204	62.1	62.1	62.1	1763,961,14,10	354.2	39.4973769	73.5935162	4367.3
1205	104.1	104.1	104.1	327,54,8,19	353.9	39.5028343	73.5977906	4276.8
1206	112.1	112.1	112.1	1519,145,8,16	353.6	39.5038643	73.5986290	4244.9
1207	110.1	110.1	110.1	437,970,10,13	353.5	39.5036199	73.5984292	4252.4
1208	33.0	33.0	33.0	85,835,10,14	353.3	39.4937115	73.5904678	4426.0
1209	52.1	52.1	52.1	1655,3,8,46	353.0	39.4961062	73.5924361	4367.0
1210	94.1	94.1	94.1	1191,227,10,10	352.8	39.5015161	73.5968173	4317.0
1211	87.1	87.1	87.1	30,1017,7,30	351.8	39.5005948	73.5961354	4345.2
1212	96.1	96.1	96.1	99,1039,8,20	351.4	39.5017792	73.5970120	4309.0
1213	118.1	118.1	118.1	113,115,6,20	350.4	39.5046478	73.5992708	4220.4
1214	49.0	49.0	49.0	165,251,5,24	349.9	39.4957249	73.5921071	4367.8
1215	60.1	60.1	60.1	860,1073,22,7	349.6	39.4971201	73.5933052	4367.6
1216	2.0	2.0	3.0	213,585,8,16	349.2	39.4898536	73.5876136	4445.5
1217	40.0	40.0	40.0	678,435,9,14	348.9	39.4945768	73.5911544	4398.0
1218	97.1	97.1	97.1	231,0,7,19	348.7	39.5019130	73.5971107	4304.9
1219	36.0	36.0	36.0	1065,265,8,14	348.5	39.4940710	73.5907533	4413.9
1220	111.1	111.1	112.1	1774,799,15,14	348.5	39.5037362	73.5985241	4248.9
1221	29.0	29.0	29.0	261,833,12,8	348.0	39.4933107	73.5901484	4441.5
1222	37.0	37.0	37.0	611,107,10,22	348.0	39.4941958	73.5908522	4409.9
1223	66.1	66.1	66.1	737,433,6,32	348.0	39.4978892	73.5939398	4366.1
1224	67.1	67.1	67.1	1875,952,14,16	347.9	39.4980165	73.5940450	4365.9
1225	43.0	43.0	43.0	835,1011,12,12	347.7	39.4949652	73.5914632	4385.8
1226	25.0	25.0	25.0	241,423,11,26	346.9	39.4929284	73.5898451	4445.6
1227	52.1	52.1	52.1	203,979,10,28	346.8	39.4961062	73.5924361	4367.0
1228	98.1	98.1	98.1	541,611,8,16	346.8	39.5020445	73.5972080	4300.9
1229	105.1	105.1	105.1	289,700,6,21	346.7	39.5029666	73.5978923	4272.8
1230	33.0	33.0	34.0	745,761,8,16	346.6	39.4937115	73.5904678	4426.0
1231	1.0	1.0	1.0	747,283,6,22	346.0	39.4897147	73.5875280	4445.5
1232	83.1	83.1	83.1	48,395,8,18	346.0	39.5000647	73.5957349	4361.4
1233	113.1	113.1	113.1	109,615,6,18	345.8	39.5040071	73.5987460	4240.4
1234	43.0	43.0	43.0	1715,524,10,19	344.3	39.4949652	73.5914632	4385.8
1235	33.0	33.0	33.0	503,896,6,17	344.2	39.4937115	73.5904678	4426.0
1236	31.0	31.0	31.0	759,979,10,22	343.9	39.4934938	73.5902948	4434.1
1237	93.1	93.1	93.1	1796,291,9,26	343.7	39.5013848	73.5967203	4320.9
1238	41.0	41.0	41.0	149,631,8,16	343.5	39.4947059	73.5912570	4393.9
1239	48.0	48.0	48.0	273,35,6,22	343.3	39.4955998	73.5919992	4368.7
1240	93.1	93.1	93.1	1909,347,6,36	343.1	39.5013848	73.5967203	4320.9
1241	64.1	64.1	64.1	1857,657,10,12	341.6	39.4976335	73.5937283	4366.7
1242	24.0	24.0	24.0	245,283,6,20	341.5	39.4927973	73.5897409	4445.6
1243	55.1	55.1	55.1	78,609,5,21	340.9	39.4964841	73.5927631	4367.2
1244	48.0	48.0	48.0	43,897,4,24	340.4	39.4955998	73.5919992	4368.7
1245	23.0	23.0	23.0	609,725,13,22	340.1	39.4926690	73.5896389	4445.6
1246	12.0	12.0	12.0	1105,353,17,6	340.0	39.4912427	73.5885054	4445.6
1247	118.1	118.1	118.1	635,51,6,22	340.0	39.5046478	73.5992708	4220.4
1248	56.1	56.1	56.1	1761,871,10,12	339.7	39.4966095	73.5928718	4367.3
1249	50.1	50.1	50.1	1071,1065,15,15	339.4	39.4958528	73.5922173	4367.2
1250	108.1	108.1	108.1	1848,721,7,24	339.0	39.5033501	73.5982085	4260.8
1251	5.0	5.0	5.0	396,543,9,15	338.8	39.4902656	73.5878682	4445.6
1252	6.0	6.0	6.0	115,555,6,22	338.4	39.4904040	73.5879541	4445.6
1253	30.0	30.0	30.0	1771,849,10,22	338.0	39.4933974	73.5902175	4438.0
1254	93.1	93.1	93.1	347,995,6,16	338.0	39.5013848	73.5967203	4320.9
1255	6.0	4.0	6.0	287,225,6,17	337.7	39.4904040	73.5879541	4445.6
1256	73.1	73.1	73.1	531,201,12,14	337.4	39.4987873	73.5946811	4365.4
1257	19.0	19.0	19.0	382,0,17,7	337.3	39.4921507	73.5892280	4445.6
1258	58.1	58.1	58.1	1885,393,8,13	337.0	39.4968625	73.5930910	4367.6
1259	68.1	68.1	68.1	445,27,16,11	337.0	39.4981457	73.5941516	4365.7
1260	32.0	32.0	32.0	132,71,11,16	336.9	39.4935985	73.5903783	4430.1
1261	51.1	50.1	51.1	507,827,6,16	336.8	39.4959787	73.5923258	4367.0
1262	44.0	40.0	44.0	19,835,8,14	336.6	39.4950944	73.5915661	4381.8
1263	44.0	44.0	44.0	1535,671,18,18	336.5	39.4950944	73.5915661	4381.8
1264	69.1	66.1	69.1	1059,1001,14,8	336.1	39.4982733	73.5942570	4365.6
1265	44.0	44.0	44.0	1911,257,6,16	335.7	39.4950944	73.5915661	4381.8
1266	46.0	46.0	46.0	1271,67,18,10	335.5	39.4953488	73.5917801	4373.7
1267	61.1	61.1	61.1	17,771,8,14	335.2	39.4972488	73.5934108	4367.4
1268	27.0	27.0	27.0	1809,590,13,9	334.5	39.4931588	73.5900285	4445.4
1269	68.1	68.1	70.1	1683,1059,12,13	334.1	39.4981457	73.5941516	4365.7
1270	104.1	104.1	104.1	287,187,18,20	333.5	39.5028343	73.5977906	4276.8
1271	56.1	56.1	56.1	1729,23,10,18	333.4	39.4966095	73.5928718	4367.3
1272	97.1	97.1	97.1	1831,721,6,16	333.3	39.5019130	73.5971107	4304.9
1273	113.1	113.1	113.1	833,913,16,6	332.9	39.5040071	73.5987460	4240.4
1274	2.0	2.0	6.0	467,977,16,18	332.1	39.4898536	73.5876136	4445.5
1275	34.0	34.0	34.0	1683,294,12,11	331.9	39.4938275	73.5905599	4422.0
1276	39.0	39.0	40.0	1177,107,12,15	331.9	39.4944495	73.5910533	4402.0
1277	1.0	1.0	4.0	1399,490,4,24	331.5	39.4897147	73.5875280	4445.5
1278	50.1	50.1	50.1	1425,177,16,17	331.0	39.4958528	73.5922173	4367.2
1279	74.1	74.1	74.1	1736,1053,7,20	331.0	39.4989156	73.5947869	4365.4
1280	11.0	7.0	11.0	1063,0,12,9	330.5	39.4911085	73.5884032	4445.6
1281	119.1	119.1	120.1	553,567,4,26	329.3	39.5047776	73.5993768	4216.4
1282	24.0	24.0	24.0	247,1067,18,13	329.2	39.4927973	73.5897409	4445.6
1283	58.1	58.1	58.1	1803,1050,12,15	328.8	39.4968625	73.5930910	4367.6
1284	62.1	62.1	62.1	1812,542,11,11	328.6	39.4973769	73.5935162	4367.3
1285	110.1	110.1	110.1	1178,755,9,22	328.6	39.5036199	73.5984292	4252.4
1286	43.0	43.0	43.0	1825,529,14,10	328.5	39.4949652	73.5914632	4385.8
1287	38.0	38.0	38.0	203,115,6,14	328.4	39.4943211	73.5909514	4406.0
1288	26.0	26.0	26.0	1301,593,10,14	328.2	39.4930566	73.5899473	4445.7
1289	79.1	78.1	79.1	1209,819,12,22	327.6	39.4995555	73.5953146	4365.5
1290	97.1	94.1	97.1	235,453,6,14	327.6	39.5019130	73.5971107	4304.9
1291	118.1	118.1	118.1	1021,577,11,11	327.3	39.5046478	73.5992708	4220.4
1292	118.1	118.1	118.1	312,625,7,18	326.6	39.5046478	73.5992708	4220.4
1293	1.0	1.0	1.0	21,63,6,26	326.3	39.4897147	73.5875280	4445.5
1294	12.0	8.0	12.0	1285,221,16,17	326.1	39.4912427	73.5885054	4445.6
1295	100.1	100.1	100.1	625,910,10,21	325.8	39.5023087	73.5974026	4292.9
1296	24.0	24.0	24.0	0,151,12,14	325.7	39.4927973	73.5897409	4445.6
1297	70.1	70.1	70.1	1487,949,8,17	325.2	39.4984022	73.5943632	4365.5
1298	107.1	106.1	107.1	1137,647,6,18	324.4	39.5032224	73.5981035	4264.8
1299	74.1	74.1	74.1	1433,427,7,14	324.3	39.4989156	73.5947869	4365.4
1300	33.0	33.0	36.0	1857,563,8,22	323.3	39.4937115	73.5904678	4426.0
1301	58.1	58.1	58.1	453,225,8,24	323.3	39.4968625	73.5930910	4367.6
1302	121.1	121.1	121.1	993,115,16,8	323.2	39.5050337	73.5995863	4208.4
1303	3.0	3.0	6.0	593,431,11,19	323.1	39.4899909	73.5876985	4445.6
1304	16.0	16.0	16.0	1505,181,7,13	322.6	39.4917603	73.5889192	4445.6
1305	67.1	67.1	67.1	1765,843,8,19	321.8	39.4980165	73.5940450	4365.9
1306	88.1	88.1	92.1	727,409,8,16	321.3	39.5007263	73.5962331	4341.0
1307	23.0	23.0	23.0	939,137,11,16	320.8	39.4926690	73.5896389	4445.6
1308	25.0	25.0	25.0	1052,0,8,14	320.6	39.4929284	73.5898451	4445.6
1309	22.0	22.0	22.0	1845,745,6,16	320.3	39.4925385	73.5895354	4445.6
1310	6.0	6.0	6.0	1867,203,9,22	319.2	39.4904040	73.5879541	4445.6
1311	61.1	58.1	61.1	708,759,11,12	318.5	39.4972488	73.5934108	4367.4
1312	84.1	84.1	84.1	215,457,6,16	318.5	39.5001950	73.5958409	4357.5
1313	8.0	8.0	8.0	183,17,8,22	318.1	39.4906926	73.5881328	4445.6
1314	58.1	58.1	58.1	311,505,10,16	316.7	39.4968625	73.5930910	4367.6
1315	35.0	35.0	35.0	179,1063,8,17	316.3	39.4939478	73.5906556	4418.0
1316	113.1	113.1	113.1	705,913,9,20	316.0	39.5040071	73.5987460	4240.4
1317	83.1	83.1	83.1	17,938,12,23	315.9	39.5000647	73.5957349	4361.4
1318	20.0	20.0	20.0	1473,913,6,24	315.5	39.4922793	73.5893300	4445.6
1319	97.1	97.1	97.1	1464,487,9,20	315.3	39.5019130	73.5971107	4304.9
1320	43.0	43.0	43.0	1889,499,6,28	314.9	39.4949652	73.5914632	4385.8
1321	70.1	70.1	70.1	1653,321,9,16	314.9	39.4984022	73.5943632	4365.5
1322	66.1	66.1	66.1	523,537,13,14	314.5	39.4978892	73.5939398	4366.1
1323	26.0	26.0	26.0	1685,505,16,10	313.4	39.4930566	73.5899473	4445.7
1324	121.1	121.1	121.1	1339,529,7,14	313.4	39.5050337	73.5995863	4208.4
1325	73.1	73.1	73.1	65,1041,7,24	312.8	39.4987873	73.5946811	4365.4
1326	106.1	106.1	106.1	729,1057,4,23	312.6	39.5030941	73.5979978	4268.8
1327	80.1	76.1	80.1	174,205,15,10	312.5	39.4996833	73.5954200	4365.5
1328	1.0	1.0	1.0	1663,675,5,24	312.3	39.4897147	73.5875280	4445.5
1329	84.1	84.1	84.1	221,613,12,12	312.2	39.5001950	73.5958409	4357.5
1330	3.0	3.0	3.0	1655,249,10,18	311.8	39.4899909	73.5876985	4445.6
1331	47.0	47.0	47.0	183,731,6,22	311.7	39.4954746	73.5918905	4370.1
1332	8.0	8.0	8.0	1345,1023,8,14	311.0	39.4906926	73.5881328	4445.6
1333	94.1	94.1	94.1	468,645,7,18	310.2	39.5015161	73.5968173	4317.0
1334	47.0	47.0	47.0	88,757,9,12	310.1	39.4954746	73.5918905	4370.1
1335	33.0	33.0	33.0	145,613,10,18	309.7	39.4937115	73.5904678	4426.0
1336	15.0	15.0	15.0	1433,417,8,16	309.5	39.4916315	73.5888172	4445.7
1337	51.1	51.1	51.1	1569,385,14,16	308.7	39.4959787	73.5923258	4367.0
1338	96.1	96.1	96.1	59,895,12,14	308.4	39.5017792	73.5970120	4309.0
1339	12.0	12.0	12.0	241,289,8,10	308.2	39.4912427	73.5885054	4445.6
1340	42.0	42.0	42.0	113,865,16,6	307.4	39.4948338	73.5913589	4389.8
1341	48.0	48.0	48.0	0,81,9,18	307.4	39.4955998	73.5919992	4368.7
1342	52.1	52.1	52.1	65,1059,16,7	307.3	39.4961062	73.5924361	4367.0
1343	51.1	51.1	51.1	1799,87,10,16	306.9	39.4959787	73.5923258	4367.0
1344	38.0	38.0	38.0	1178,1009,13,15	305.8	39.4943211	73.5909514	4406.0
1345	121.1	121.1	121.1	753,49,6,16	305.6	39.5050337	73.5995863	4208.4
1346	88.1	88.1	88.1	113,387,10,14	305.2	39.5007263	73.5962331	4341.0
1347	31.0	31.0	31.0	1913,425,7,14	305.1	39.4934938	73.5902948	4434.1
1348	96.1	94.1	96.1	184,737,5,22	304.7	39.5017792	73.5970120	4309.0
1349	40.0	40.0	40.0	1823,409,8,16	304.3	39.4945768	73.5911544	4398.0
1350	105.1	105.1	105.1	153,65,10,12	304.2	39.5029666	73.5978923	4272.8
1351	98.1	98.1	98.1	921,17,6,22	303.6	39.5020445	73.5972080	4300.9
1352	9.0	9.0	9.0	82,433,4,32	303.3	39.4908297	73.5882179	4445.6
1353	17.0	17.0	17.0	1580,749,11,11	303.0	39.4918905	73.5890223	4445.6
1354	11.0	11.0	11.0	269,190,14,13	302.9	39.4911085	73.5884032	4445.6
1355	16.0	16.0	16.0	915,129,7,16	302.7	39.4917603	73.5889192	4445.6
1356	26.0	26.0	26.0	219,363,7,22	302.2	39.4930566	73.5899473	4445.7
1357	30.0	30.0	30.0	1699,111,9,11	302.1	39.4933974	73.5902175	4438.0
1358	4.0	4.0	4.0	319,123,10,14	301.9	39.4901284	73.5877836	4445.6
1359	121.1	121.1	121.1	597,665,6,38	301.8	39.5050337	73.5995863	4208.4
1360	67.1	67.1	67.1	1703,497,10,10	301.1	39.4980165	73.5940450	4365.9
1361	98.1	98.1	98.1	1419,209,6,14	300.0	39.5020445	73.5972080	4300.9
1362	86.1	86.1	86.1	843,600,6,25	299.6	39.5004632	73.5960381	4349.3
1363	47.0	45.0	47.0	1075,171,12,16	298.5	39.4954746	73.5918905	4370.1
1364	73.1	73.1	73.1	1403,187,6,20	298.4	39.4987873	73.5946811	4365.4
1365	34.0	34.0	34.0	525,1025,12,10	298.1	39.4938275	73.5905599	4422.0
1366	47.0	47.0	47.0	798,335,9,14	298.0	39.4954746	73.5918905	4370.1
1367	79.1	79.1	79.1	1122,953,17,10	297.8	39.4995555	73.5953146	4365.5
1368	113.1	112.1	114.1	817,757,12,10	297.7	39.5040071	73.5987460	4240.4
1369	79.1	79.1	79.1	0,161,9,13	297.6	39.4995555	73.5953146	4365.5
1370	120.1	120.1	120.1	237,674,12,7	297.6	39.5049058	73.5994819	4212.4
1371	105.1	105.1	105.1	606,511,6,18	297.4	39.5029666	73.5978923	4272.8
1372	7.0	7.0	7.0	61,977,8,18	297.2	39.4905546	73.5880474	4445.6
1373	8.0	8.0	8.0	612,127,7,18	297.0	39.4906926	73.5881328	4445.6
1374	60.1	60.1	60.1	587,702,10,14	296.9	39.4971201	73.5933052	4367.6
1375	50.1	50.1	50.1	759,873,8,14	296.8	39.4958528	73.5922173	4367.2
1376	104.1	104.1	104.1	1169,428,6,21	296.2	39.5028343	73.5977906	4276.8
1377	81.1	81.1	81.1	321,1036,19,7	296.1	39.4998114	73.5955256	4365.4
1378	86.1	86.1	86.1	347,929,4,32	296.1	39.5004632	73.5960381	4349.3
1379	95.1	95.1	95.1	25,1063,8,17	296.0	39.5016473	73.5969150	4313.0
1380	52.1	52.1	52.1	603,500,14,11	295.9	39.4961062	73.5924361	4367.0
1381	54.1	54.1	54.1	148,81,9,22	295.9	39.4963582	73.5926541	4367.2
1382	96.1	96.1	96.1	621,977,12,14	295.3	39.5017792	73.5970120	4309.0
1383	94.1	94.1	94.1	1447,536,15,15	294.9	39.5015161	73.5968173	4317.0
1384	38.0	38.0	38.0	169,493,8,14	294.7	39.4943211	73.5909514	4406.0
1385	42.0	42.0	42.0	1739,100,14,13	294.4	39.4948338	73.5913589	4389.8
1386	3.0	3.0	3.0	205,297,4,24	294.3	39.4899909	73.5876985	4445.6
1387	72.1	72.1	72.1	1453,921,12,10	294.0	39.4986583	73.5945747	4365.4
1388	16.0	16.0	16.0	725,673,4,22	293.8	39.4917603	73.5889192	4445.6
1389	111.1	107.1	111.1	225,213,4,24	293.3	39.5037362	73.5985241	4248.9
1390	47.0	47.0	47.0	736,603,7,22	293.1	39.4954746	73.5918905	4370.1
1391	2.0	2.0	2.0	87,0,8,17	292.6	39.4898536	73.5876136	4445.5
1392	28.0	28.0	28.0	443,407,11,13	292.4	39.4932368	73.5900898	4444.0
1393	10.0	10.0	10.0	29,417,12,20	292.0	39.4909691	73.5883069	4445.6
1394	83.1	83.1	83.1	1235,887,11,11	291.8	39.5000647	73.5957349	4361.4
1395	18.0	18.0	18.0	857,105,8,22	291.5	39.4920209	73.5891251	4445.6
1396	68.1	68.1	70.1	1873,1047,8,10	291.0	39.4981457	73.5941516	4365.7
1397	87.1	85.1	87.1	345,447,8,16	290.9	39.5005948	73.5961354	4345.2
1398	82.1	82.1	82.1	64,294,6,18	290.0	39.4999381	73.5956301	4364.7
1399	114.1	114.1	114.1	1682,721,6,16	289.7	39.5041214	73.5988397	4236.8
1400	33.0	33.0	33.0	1509,577,8,16	289.1	39.4937115	73.5904678	4426.0
1401	10.0	10.0	10.0	475,811,6,15	288.8	39.4909691	73.5883069	4445.6
1402	80.1	80.1	80.1	1607,0,7,21	288.8	39.4996833	73.5954200	4365.5
1403	120.1	120.1	120.1	0,302,6,21	288.7	39.5049058	73.5994819	4212.4
1404	26.0	26.0	26.0	449,843,6,17	288.5	39.4930566	73.5899473	4445.7
1405	81.1	77.1	81.1	355,199,9,20	288.5	39.4998114	73.5955256	4365.4
1406	85.1	85.1	85.1	306,513,11,18	288.5	39.5003303	73.5959401	4353.4
1407	10.0	10.0	10.0	307,201,4,16	288.1	39.4909691	73.5883069	4445.6
1408	27.0	27.0	30.0	1503,623,6,16	287.9	39.4931588	73.5900285	4445.4
1409	40.0	40.0	40.0	997,547,10,14	287.8	39.4945768	73.5911544	4398.0
1410	51.1	51.1	51.1	1057,431,7,18	287.8	39.4959787	73.5923258	4367.0
1411	64.1	64.1	64.1	1701,595,17,11	287.4	39.4976335	73.5937283	4366.7
1412	48.0	46.0	48.0	1631,84,11,19	287.3	39.4955998	73.5919992	4368.7
1413	30.0	30.0	30.0	97,1067,9,13	287.2	39.4933974	73.5902175	4438.0
1414	98.1	98.1	98.1	21,35,6,14	287.1	39.5020445	73.5972080	4300.9
1415	61.1	61.1	61.1	797,55,11,14	286.7	39.4972488	73.5934108	4367.4
1416	76.1	76.1	76.1	282,519,12,14	286.5	39.4991713	73.5949980	4365.4
1417	56.1	56.1	56.1	1220,357,12,9	285.7	39.4966095	73.5928718	4367.3
1418	28.0	28.0	28.0	1185,1027,9,12	285.3	39.4932368	73.5900898	4444.0
1419	107.1	107.1	107.1	725,408,5,21	285.3	39.5032224	73.5981035	4264.8
1420	21.0	21.0	21.0	389,737,6,14	285.2	39.4924098	73.5894334	4445.6
1421	26.0	26.0	26.0	171,1073,14,7	285.1	39.4930566	73.5899473	4445.7
1422	40.0	40.0	40.0	1211,256,9,11	284.9	39.4945768	73.5911544	4398.0
1423	34.0	34.0	34.0	887,1067,8,13	283.0	39.4938275	73.5905599	4422.0
1424	88.1	88.1	92.1	405,558,6,17	282.8	39.5007263	73.5962331	4341.0
1425	121.1	121.1	121.1	1186,106,9,21	282.7	39.5050337	73.5995863	4208.4
1426	32.0	32.0	32.0	99,529,6,16	282.5	39.4935985	73.5903783	4430.1
1427	48.0	48.0	48.0	1816,639,13,8	282.5	39.4955998	73.5919992	4368.7
1428	3.0	3.0	7.0	1473,801,11,22	282.3	39.4899909	73.5876985	4445.6
1429	98.1	98.1	98.1	63,1027,11,18	282.3	39.5020445	73.5972080	4300.9
1430	113.1	113.1	113.1	1867,139,6,15	282.2	39.5040071	73.5987460	4240.4
1431	94.1	94.1	94.1	253,993,10,10	282.0	39.5015161	73.5968173	4317.0
1432	54.1	54.1	54.1	1589,137,11,14	281.9	39.4963582	73.5926541	4367.2
1433	33.0	33.0	33.0	779,1011,6,16	281.5	39.4937115	73.5904678	4426.0
1434	110.1	110.1	110.1	47,265,8,16	281.0	39.5036199	73.5984292	4252.4
1435	29.0	29.0	29.0	161,659,6,13	280.6	39.4933107	73.5901484	4441.5
1436	78.1	78.1	78.1	7,337,10,10	280.6	39.4994273	73.5952090	4365.5
1437	39.0	39.0	39.0	809,243,8,15	280.1	39.4944495	73.5910533	4402.0
1438	42.0	42.0	42.0	193,1025,6,16	280.0	39.4948338	73.5913589	4389.8
1439	118.1	118.1	118.1	1399,680,4,21	278.9	39.5046478	73.5992708	4220.4
1440	1.0	1.0	1.0	1029,19,8,12	278.7	39.4897147	73.5875280	4445.5
1441	56.1	56.1	56.1	1269,253,16,10	278.7	39.4966095	73.5928718	4367.3
1442	29.0	29.0	29.0	370,871,17,18	278.4	39.4933107	73.5901484	4441.5
1443	7.0	7.0	7.0	190,49,13,14	277.3	39.4905546	73.5880474	4445.6
1444	74.1	74.1	74.1	1815,1041,9,16	277.2	39.4989156	73.5947869	4365.4
1445	118.1	116.1	118.1	1059,905,6,22	276.6	39.5046478	73.5992708	4220.4
1446	69.1	69.1	69.1	1169,82,9,13	276.5	39.4982733	73.5942570	4365.6
1447	92.1	92.1	92.1	1361,257,8,18	276.1	39.5012520	73.5966227	4325.0
1448	39.0	39.0	39.0	727,268,10,13	275.9	39.4944495	73.5910533	4402.0
1449	62.1	62.1	62.1	1889,305,3,36	275.9	39.4973769	73.5935162	4367.3
1450	66.1	66.1	66.1	573,359,8,26	275.7	39.4978892	73.5939398	4366.1
1451	55.1	55.1	55.1	299,161,8,13	275.4	39.4964841	73.5927631	4367.2
1452	82.1	82.1	82.1	0,261,5,22	275.0	39.4999381	73.5956301	4364.7
1453	39.0	39.0	39.0	811,749,12,18	274.3	39.4944495	73.5910533	4402.0
1454	29.0	29.0	29.0	197,737,6,24	273.4	39.4933107	73.5901484	4441.5
1455	19.0	19.0	19.0	497,269,6,20	273.0	39.4921507	73.5892280	4445.6
1456	83.1	83.1	83.1	513,227,8,12	272.9	39.5000647	73.5957349	4361.4
1457	29.0	29.0	29.0	1623,241,6,14	272.8	39.4933107	73.5901484	4441.5
1458	88.1	88.1	88.1	57,59,10,12	272.8	39.5007263	73.5962331	4341.0
1459	16.0	16.0	16.0	1337,353,11,20	272.4	39.4917603	73.5889192	4445.6
1460	65.1	65.1	65.1	285,775,10,10	272.3	39.4977615	73.5938343	4366.4
1461	15.0	15.0	15.0	1655,52,26,5	272.1	39.4916315	73.5888172	4445.7
1462	95.1	95.1	95.1	1337,257,8,14	272.0	39.5016473	73.5969150	4313.0
1463	56.1	56.1	56.1	641,832,6,17	271.8	39.4966095	73.5928718	4367.3
1464	76.1	76.1	76.1	1529,447,14,22	271.4	39.4991713	73.5949980	4365.4
1465	32.0	32.0	32.0	1889,1029,14,6	270.8	39.4935985	73.5903783	4430.1
1466	99.1	99.1	99.1	1273,361,8,16	270.7	39.5021762	73.5973049	4296.9
1467	27.0	27.0	27.0	1651,359,10,10	270.6	39.4931588	73.5900285	4445.4
1468	40.0	40.0	40.0	1541,1017,8,12	270.6	39.4945768	73.5911544	4398.0
1469	72.1	70.1	72.1	149,353,8,10	270.3	39.4986583	73.5945747	4365.4
1470	43.0	43.0	43.0	1603,597,12,8	270.2	39.4949652	73.5914632	4385.8
1471	104.1	104.1	104.1	846,820,5,27	269.9	39.5028343	73.5977906	4276.8
1472	88.1	88.1	88.1	1191,756,8,21	269.8	39.5007263	73.5962331	4341.0
1473	61.1	61.1	61.1	49,826,7,18	269.6	39.4972488	73.5934108	4367.4
1474	21.0	21.0	21.0	687,1036,6,16	269.5	39.4924098	73.5894334	4445.6
1475	23.0	23.0	23.0	908,43,13,21	269.4	39.4926690	73.5896389	4445.6
1476	81.1	81.1	81.1	1492,1029,9,18	269.3	39.4998114	73.5955256	4365.4
1477	82.1	82.1	82.1	1101,545,5,16	268.7	39.4999381	73.5956301	4364.7
1478	88.1	88.1	88.1	157,551,8,12	268.6	39.5007263	73.5962331	4341.0
1479	118.1	118.1	118.1	269,477,7,16	268.4	39.5046478	73.5992708	4220.4
1480	74.1	74.1	74.1	245,715,6,14	267.7	39.4989156	73.5947869	4365.4
1481	100.1	100.1	100.1	1675,737,10,16	267.5	39.5023087	73.5974026	4292.9
1482	119.1	119.1	119.1	151,345,5,24	267.5	39.5047776	73.5993768	4216.4
1483	104.1	104.1	104.1	465,359,7,17	267.2	39.5028343	73.5977906	4276.8
1484	58.1	58.1	58.1	689,705,10,16	267.0	39.4968625	73.5930910	4367.6
1485	17.0	17.0	17.0	991,773,16,12	266.1	39.4918905	73.5890223	4445.6
1486	88.1	88.1	88.1	301,143,4,20	265.8	39.5007263	73.5962331	4341.0
1487	28.0	28.0	28.0	417,661,11,16	265.4	39.4932368	73.5900898	4444.0
1488	94.1	94.1	94.1	1817,761,6,24	264.8	39.5015161	73.5968173	4317.0
1489	111.1	111.1	111.1	1397,801,6,16	264.8	39.5037362	73.5985241	4248.9
1490	81.1	81.1	85.1	662,13,7,14	264.2	39.4998114	73.5955256	4365.4
1491	57.1	57.1	57.1	1321,686,5,17	263.8	39.4967364	73.5929818	4367.5
1492	4.0	2.0	4.0	23,77,9,20	263.7	39.4901284	73.5877836	4445.6
1493	27.0	27.0	27.0	1547,761,6,30	263.7	39.4931588	73.5900285	4445.4
1494	33.0	33.0	33.0	1717,365,6,25	263.1	39.4937115	73.5904678	4426.0
1495	80.1	76.1	80.1	669,121,12,8	263.0	39.4996833	73.5954200	4365.5
1496	88.1	88.1	88.1	887,843,6,14	262.7	39.5007263	73.5962331	4341.0
1497	4.0	4.0	4.0	725,265,6,18	261.4	39.4901284	73.5877836	4445.6
1498	33.0	33.0	33.0	283,1051,8,12	261.3	39.4937115	73.5904678	4426.0
1499	30.0	30.0	30.0	225,178,7,14	261.1	39.4933974	73.5902175	4438.0
1500	28.0	28.0	28.0	1743,561,12,10	260.7	39.4932368	73.5900898	4444.0
1501	45.0	45.0	45.0	115,161,8,19	260.7	39.4952230	73.5916707	4377.7
1502	107.1	107.1	107.1	587,127,6,12	260.5	39.5032224	73.5981035	4264.8
1503	111.1	111.1	111.1	1497,805,7,20	258.7	39.5037362	73.5985241	4248.9
1504	40.0	40.0	40.0	587,303,15,12	258.3	39.4945768	73.5911544	4398.0
1505	7.0	7.0	7.0	1549,961,8,24	258.2	39.4905546	73.5880474	4445.6
1506	57.1	57.1	57.1	387,29,6,20	257.8	39.4967364	73.5929818	4367.5
1507	118.1	118.1	118.1	115,937,10,14	257.8	39.5046478	73.5992708	4220.4
1508	70.1	70.1	70.1	1828,463,11,13	257.7	39.4984022	73.5943632	4365.5
1509	4.0	4.0	4.0	953,239,6,12	257.0	39.4901284	73.5877836	4445.6
1510	27.0	27.0	27.0	547,1073,10,7	257.0	39.4931588	73.5900285	4445.4
1511	6.0	6.0	6.0	417,441,12,8	256.0	39.4904040	73.5879541	4445.6
1512	4.0	4.0	4.0	247,696,7,25	255.7	39.4901284	73.5877836	4445.6
1513	9.0	9.0	9.0	42,559,5,27	255.7	39.4908297	73.5882179	4445.6
1514	80.1	80.1	80.1	345,535,7,16	255.5	39.4996833	73.5954200	4365.5
1515	16.0	16.0	16.0	1333,944,9,11	255.4	39.4917603	73.5889192	4445.6
1516	118.1	115.1	118.1	59,405,5,24	255.0	39.5046478	73.5992708	4220.4
1517	55.1	55.1	55.1	307,787,8,18	254.9	39.4964841	73.5927631	4367.2
1518	106.1	106.1	106.1	909,1033,8,20	254.6	39.5030941	73.5979978	4268.8
1519	7.0	7.0	7.0	31,379,6,20	254.5	39.4905546	73.5880474	4445.6
1520	104.1	104.1	104.1	401,353,3,32	253.7	39.5028343	73.5977906	4276.8
1521	4.0	4.0	4.0	1156,489,13,16	253.6	39.4901284	73.5877836	4445.6
1522	61.1	61.1	61.1	1259,113,8,16	253.3	39.4972488	73.5934108	4367.4
1523	68.1	68.1	68.1	577,159,19,5	253.3	39.4981457	73.5941516	4365.7
1524	116.1	116.1	116.1	1721,673,8,8	253.3	39.5043921	73.5990611	4228.4
1525	48.0	48.0	48.0	0,153,5,14	253.1	39.4955998	73.5919992	4368.7
1526	96.1	96.1	96.1	459,95,6,18	252.7	39.5017792	73.5970120	4309.0
1527	98.1	98.1	98.1	1885,169,8,14	252.6	39.5020445	73.5972080	4300.9
1528	110.1	110.1	110.1	246,106,8,13	252.4	39.5036199	73.5984292	4252.4
1529	8.0	8.0	8.0	865,564,11,13	252.0	39.4906926	73.5881328	4445.6
1530	28.0	28.0	28.0	775,861,10,10	252.0	39.4932368	73.5900898	4444.0
1531	20.0	20.0	20.0	1654,81,12,20	251.6	39.4922793	73.5893300	4445.6
1532	112.1	112.1	112.1	1493,284,6,17	251.6	39.5038643	73.5986290	4244.9
1533	7.0	7.0	7.0	390,1073,11,7	251.3	39.4905546	73.5880474	4445.6
1534	87.1	87.1	87.1	961,389,16,16	251.3	39.5005948	73.5961354	4345.2
1535	7.0	7.0	7.0	0,515,5,14	251.1	39.4905546	73.5880474	4445.6
1536	46.0	46.0	46.0	269,385,4,24	251.0	39.4953488	73.5917801	4373.7
1537	21.0	21.0	21.0	1409,795,9,14	250.9	39.4924098	73.5894334	4445.6
1538	63.1	62.1	63.1	1765,864,12,13	249.5	39.4975060	73.5936229	4367.0
1539	81.1	81.1	81.1	913,460,8,12	249.5	39.4998114	73.5955256	4365.4
1540	89.1	89.1	89.1	1523,1065,15,11	249.2	39.5008579	73.5963310	4337.0
1541	63.1	61.1	63.1	781,909,10,12	249.1	39.4975060	73.5936229	4367.0
1542	98.1	98.1	98.1	77,519,4,19	248.9	39.5020445	73.5972080	4300.9
1543	57.1	57.1	57.1	210,225,9,16	248.5	39.4967364	73.5929818	4367.5
1544	10.0	10.0	10.0	1602,938,8,14	248.1	39.4909691	73.5883069	4445.6
1545	52.1	52.1	52.1	291,915,10,14	247.8	39.4961062	73.5924361	4367.0
1546	30.0	30.0	30.0	850,275,13,7	247.7	39.4933974	73.5902175	4438.0
1547	82.1	82.1	82.1	77,70,3,27	247.5	39.4999381	73.5956301	4364.7
1548	19.0	19.0	19.0	1305,165,4,18	247.4	39.4921507	73.5892280	4445.6
1549	19.0	19.0	19.0	1355,25,7,22	247.2	39.4921507	73.5892280	4445.6
1550	96.1	96.1	96.1	1657,541,8,10	247.2	39.5017792	73.5970120	4309.0
1551	21.0	21.0	21.0	1842,0,11,8	247.1	39.4924098	73.5894334	4445.6
1552	78.1	78.1	78.1	1681,233,8,16	246.9	39.4994273	73.5952090	4365.5
1553	50.1	50.1	50.1	911,45,12,12	246.0	39.4958528	73.5922173	4367.2
1554	58.1	58.1	58.1	629,905,12,8	245.7	39.4968625	73.5930910	4367.6
1555	13.0	13.0	13.0	1442,497,13,6	245.4	39.4913739	73.5886114	4445.7
1556	21.0	21.0	21.0	0,785,5,26	245.4	39.4924098	73.5894334	4445.6
1557	78.1	78.1	78.1	1075,697,8,20	245.4	39.4994273	73.5952090	4365.5
1558	42.0	42.0	42.0	542,857,9,16	245.2	39.4948338	73.5913589	4389.8
1559	28.0	28.0	28.0	1729,753,10,8	244.1	39.4932368	73.5900898	4444.0
1560	10.0	10.0	10.0	1453,684,8,11	243.2	39.4909691	73.5883069	4445.6
1561	61.1	61.1	61.1	1043,51,10,9	243.1	39.4972488	73.5934108	4367.4
1562	19.0	19.0	19.0	439,945,10,8	242.8	39.4921507	73.5892280	4445.6
1563	13.0	13.0	13.0	1893,151,8,22	242.4	39.4913739	73.5886114	4445.7
1564	46.0	46.0	46.0	5,165,6,18	241.6	39.4953488	73.5917801	4373.7
1565	61.1	61.1	61.1	417,337,14,10	241.4	39.4972488	73.5934108	4367.4
1566	50.1	50.1	50.1	1539,790,7,25	241.3	39.4958528	73.5922173	4367.2
1567	112.1	112.1	112.1	1057,992,5,14	241.2	39.5038643	73.5986290	4244.9
1568	23.0	23.0	23.0	381,801,10,8	241.1	39.4926690	73.5896389	4445.6
1569	28.0	28.0	28.0	1722,819,11,14	241.1	39.4932368	73.5900898	4444.0
1570	6.0	6.0	6.0	417,43,14,6	240.5	39.4904040	73.5879541	4445.6
1571	61.1	61.1	61.1	1408,116,6,13	240.3	39.4972488	73.5934108	4367.4
1572	17.0	17.0	18.0	129,743,16,9	240.2	39.4918905	73.5890223	4445.6
1573	89.1	89.1	89.1	1643,713,6,18	239.8	39.5008579	73.5963310	4337.0
1574	102.1	102.1	102.1	1003,468,7,13	239.8	39.5025716	73.5975966	4284.7
1575	46.0	45.0	46.0	165,797,8,12	239.2	39.4953488	73.5917801	4373.7
1576	33.0	33.0	33.0	162,945,5,18	238.8	39.4937115	73.5904678	4426.0
1577	92.1	92.1	92.1	1738,257,5,16	238.1	39.5012520	73.5966227	4325.0
1578	76.1	76.1	76.1	1837,824,8,13	237.9	39.4991713	73.5949980	4365.4
1579	76.1	76.1	76.1	1845,49,7,22	237.6	39.4991713	73.5949980	4365.4
1580	78.1	78.1	78.1	25,897,8,8	237.6	39.4994273	73.5952090	4365.5
1581	46.0	46.0	48.0	1671,744,13,9	237.4	39.4953488	73.5917801	4373.7
1582	55.1	55.1	55.1	407,435,8,14	236.6	39.4964841	73.5927631	4367.2
1583	78.1	78.1	78.1	273,1021,8,20	236.1	39.4994273	73.5952090	4365.5
1584	112.1	112.1	112.1	142,560,6,15	236.0	39.5038643	73.5986290	4244.9
1585	46.0	46.0	46.0	1049,196,9,13	235.9	39.4953488	73.5917801	4373.7
1586	76.1	76.1	76.1	1140,751,8,14	235.7	39.4991713	73.5949980	4365.4
1587	33.0	33.0	33.0	181,777,4,16	235.6	39.4937115	73.5904678	4426.0
1588	43.0	43.0	43.0	1911,147,9,12	235.2	39.4949652	73.5914632	4385.8
1589	61.1	61.1	61.1	35,989,10,12	234.7	39.4972488	73.5934108	4367.4
1590	4.0	4.0	4.0	202,957,6,20	233.9	39.4901284	73.5877836	4445.6
1591	103.1	103.1	103.1	1865,129,9,8	233.3	39.5027021	73.5976930	4280.8
1592	31.0	31.0	31.0	1583,523,9,12	233.1	39.4934938	73.5902948	4434.1
1593	3.0	3.0	3.0	517,95,8,10	232.4	39.4899909	73.5876985	4445.6
1594	17.0	17.0	17.0	1707,1023,6,17	231.9	39.4918905	73.5890223	4445.6
1595	74.1	74.1	74.1	295,33,7,16	231.6	39.4989156	73.5947869	4365.4
1596	104.1	104.1	106.1	93,633,15,11	231.5	39.5028343	73.5977906	4276.8
1597	48.0	48.0	49.0	1880,385,7,16	231.4	39.4955998	73.5919992	4368.7
1598	102.1	102.1	102.1	707,753,4,14	231.4	39.5025716	73.5975966	4284.7
1599	36.0	36.0	36.0	993,1011,4,14	231.3	39.4940710	73.5907533	4413.9
1600	106.1	106.1	106.1	1339,516,10,13	230.9	39.5030941	73.5979978	4268.8
1601	97.1	97.1	97.1	1901,64,8,9	230.2	39.5019130	73.5971107	4304.9
1602	74.1	74.1	74.1	102,753,8,13	230.0	39.4989156	73.5947869	4365.4
1603	79.1	79.1	79.1	1573,937,12,13	230.0	39.4995555	73.5953146	4365.5
1604	117.1	117.1	117.1	1804,1051,6,16	230.0	39.5045199	73.5991658	4224.4
1605	22.0	22.0	22.0	161,1062,10,9	229.3	39.4925385	73.5895354	4445.6
1606	40.0	40.0	40.0	493,385,4,16	229.1	39.4945768	73.5911544	4398.0
1607	18.0	18.0	18.0	33,747,12,14	228.6	39.4920209	73.5891251	4445.6
1608	50.1	50.1	50.1	345,851,6,14	228.5	39.4958528	73.5922173	4367.2
1609	42.0	42.0	42.0	20,0,7,11	228.3	39.4948338	73.5913589	4389.8
1610	112.1	112.1	112.1	357,137,5,18	227.9	39.5038643	73.5986290	4244.9
1611	45.0	45.0	45.0	253,887,6,16	227.6	39.4952230	73.5916707	4377.7
1612	19.0	19.0	19.0	205,521,4,24	227.4	39.4921507	73.5892280	4445.6
1613	79.1	79.1	79.1	1621,281,11,12	227.0	39.4995555	73.5953146	4365.5
1614	58.1	58.1	58.1	1487,773,10,12	226.9	39.4968625	73.5930910	4367.6
1615	48.0	48.0	48.0	0,953,9,14	226.7	39.4955998	73.5919992	4368.7
1616	57.1	57.1	57.1	641,305,9,8	226.0	39.4967364	73.5929818	4367.5
1617	64.1	64.1	64.1	1569,769,7,12	225.8	39.4976335	73.5937283	4366.7
1618	48.0	48.0	48.0	97,231,8,15	225.2	39.4955998	73.5919992	4368.7
1619	28.0	28.0	28.0	1457,773,8,12	224.2	39.4932368	73.5900898	4444.0
1620	9.0	9.0	9.0	205,895,8,10	224.0	39.4908297	73.5882179	4445.6
1621	80.1	80.1	80.1	993,257,10,8	223.8	39.4996833	73.5954200	4365.5
1622	120.1	120.1	120.1	1673,449,8,8	223.8	39.5049058	73.5994819	4212.4
1623	52.1	52.1	52.1	727,585,10,10	223.2	39.4961062	73.5924361	4367.0
1624	103.1	103.1	103.1	1488,761,6,24	223.0	39.5027021	73.5976930	4280.8
1625	58.1	58.1	58.1	0,1021,6,12	222.9	39.4968625	73.5930910	4367.6
1626	3.0	3.0	3.0	0,593,5,16	222.3	39.4899909	73.5876985	4445.6
1627	100.1	100.1	100.1	1517,723,10,14	221.8	39.5023087	73.5974026	4292.9
1628	79.1	79.1	79.1	1045,951,7,12	221.5	39.4995555	73.5953146	4365.5
1629	2.0	2.0	2.0	1461,675,5,20	221.3	39.4898536	73.5876136	4445.5
1630	99.1	99.1	99.1	481,1049,8,8	221.0	39.5021762	73.5973049	4296.9
1631	15.0	15.0	15.0	361,0,4,19	219.6	39.4916315	73.5888172	4445.7
1632	62.1	62.1	62.1	1841,721,4,16	219.6	39.4973769	73.5935162	4367.3
1633	92.1	92.1	92.1	1695,1049,5,24	218.7	39.5012520	73.5966227	4325.0
1634	102.1	102.1	102.1	1767,783,4,18	218.7	39.5025716	73.5975966	4284.7
1635	99.1	99.1	99.1	1405,949,5,17	217.4	39.5021762	73.5973049	4296.9
1636	85.1	85.1	85.1	201,665,8,8	217.3	39.5003303	73.5959401	4353.4
1637	95.1	95.1	95.1	145,611,8,13	217.3	39.5016473	73.5969150	4313.0
1638	62.1	62.1	62.1	1827,291,10,14	217.1	39.4973769	73.5935162	4367.3
1639	2.0	2.0	2.0	441,874,6,17	216.9	39.4898536	73.5876136	4445.5
1640	7.0	7.0	7.0	27,241,5,22	216.7	39.4905546	73.5880474	4445.6
1641	95.1	95.1	95.1	613,111,12,7	216.6	39.5016473	73.5969150	4313.0
1642	78.1	78.1	78.1	1886,47,13,10	215.9	39.4994273	73.5952090	4365.5
1643	36.0	36.0	36.0	1451,969,12,8	215.3	39.4940710	73.5907533	4413.9
1644	107.1	107.1	107.1	1883,981,6,13	215.2	39.5032224	73.5981035	4264.8
1645	27.0	27.0	27.0	241,419,12,6	214.4	39.4931588	73.5900285	4445.4
1646	19.0	19.0	19.0	165,849,8,8	214.3	39.4921507	73.5892280	4445.6
1647	95.1	95.1	95.1	1539,1053,8,11	214.2	39.5016473	73.5969150	4313.0
1648	72.1	72.1	72.1	1149,959,4,26	214.0	39.4986583	73.5945747	4365.4
1649	82.1	82.1	82.1	395,633,4,14	214.0	39.4999381	73.5956301	4364.7
1650	115.1	115.1	115.1	1062,577,7,12	213.6	39.5042640	73.5989563	4232.4
1651	27.0	27.0	27.0	1841,471,14,10	213.5	39.4931588	73.5900285	4445.4
1652	23.0	23.0	23.0	1019,594,5,14	212.8	39.4926690	73.5896389	4445.6
1653	119.1	119.1	119.1	1649,705,4,29	212.3	39.5047776	73.5993768	4216.4
1654	46.0	46.0	46.0	457,291,8,14	212.0	39.4953488	73.5917801	4373.7
1655	46.0	46.0	46.0	1501,357,4,18	211.7	39.4953488	73.5917801	4373.7
1656	87.1	87.1	87.1	899,607,4,18	211.3	39.5005948	73.5961354	4345.2
1657	56.1	56.1	56.1	149,97,4,16	211.2	39.4966095	73.5928718	4367.3
1658	78.1	78.1	78.1	1413,209,8,12	211.1	39.4994273	73.5952090	4365.5
1659	9.0	9.0	9.0	0,343,5,18	211.0	39.4908297	73.5882179	4445.6
1660	7.0	7.0	7.0	1379,1059,12,10	210.8	39.4905546	73.5880474	4445.6
1661	36.0	36.0	36.0	386,523,7,13	210.4	39.4940710	73.5907533	4413.9
1662	57.1	57.1	57.1	617,473,8,8	210.4	39.4967364	73.5929818	4367.5
1663	42.0	42.0	42.0	19,491,12,6	210.0	39.4948338	73.5913589	4389.8
1664	16.0	16.0	16.0	852,129,6,11	209.6	39.4917603	73.5889192	4445.6
1665	63.1	63.1	63.1	1913,161,7,16	209.6	39.4975060	73.5936229	4367.0
1666	13.0	13.0	13.0	142,815,7,18	209.3	39.4913739	73.5886114	4445.7
1667	27.0	27.0	27.0	1339,611,6,8	209.2	39.4931588	73.5900285	4445.4
1668	32.0	32.0	32.0	903,248,8,9	209.2	39.4935985	73.5903783	4430.1
1669	116.1	116.1	116.1	215,945,2,32	209.1	39.5043921	73.5990611	4228.4
1670	10.0	10.0	10.0	574,907,7,16	208.8	39.4909691	73.5883069	4445.6
1671	110.1	110.1	110.1	1310,73,8,10	208.8	39.5036199	73.5984292	4252.4
1672	17.0	17.0	17.0	513,705,12,8	208.7	39.4918905	73.5890223	4445.6
1673	38.0	38.0	38.0	277,505,6,8	208.6	39.4943211	73.5909514	4406.0
1674	66.1	66.1	66.1	913,296,8,17	207.9	39.4978892	73.5939398	4366.1
1675	19.0	15.0	19.0	65,81,6,16	206.9	39.4921507	73.5892280	4445.6
1676	62.1	62.1	62.1	1795,631,7,17	206.9	39.4973769	73.5935162	4367.3
1677	56.1	56.1	56.1	1446,849,11,8	206.5	39.4966095	73.5928718	4367.3
1678	61.1	61.1	61.1	243,423,7,10	206.4	39.4972488	73.5934108	4367.4
1679	99.1	99.1	99.1	507,293,6,10	206.3	39.5021762	73.5973049	4296.9
1680	9.0	9.0	9.0	711,839,6,17	205.6	39.4908297	73.5882179	4445.6
1681	9.0	9.0	9.0	167,670,3,19	205.5	39.4908297	73.5882179	4445.6
1682	26.0	26.0	26.0	33,381,10,8	205.5	39.4930566	73.5899473	4445.7
1683	87.1	87.1	87.1	1829,263,6,10	205.4	39.5005948	73.5961354	4345.2
1684	36.0	36.0	36.0	1615,997,8,10	205.0	39.4940710	73.5907533	4413.9
1685	76.1	76.1	76.1	1101,833,12,10	204.3	39.4991713	73.5949980	4365.4
1686	119.1	119.1	119.1	193,193,4,20	204.3	39.5047776	73.5993768	4216.4
1687	7.0	7.0	7.0	1881,225,5,16	203.7	39.4905546	73.5880474	4445.6
1688	62.1	62.1	62.1	1131,679,18,6	203.7	39.4973769	73.5935162	4367.3
1689	40.0	40.0	40.0	611,723,14,6	203.6	39.4945768	73.5911544	4398.0
1690	9.0	9.0	9.0	1303,785,5,16	202.8	39.4908297	73.5882179	4445.6
1691	23.0	23.0	23.0	265,543,8,8	202.2	39.4926690	73.5896389	4445.6
1692	3.0	3.0	3.0	1267,6,6,17	202.1	39.4899909	73.5876985	4445.6
1693	57.1	57.1	57.1	289,23,6,14	202.0	39.4967364	73.5929818	4367.5
1694	40.0	40.0	40.0	1803,227,5,21	201.8	39.4945768	73.5911544	4398.0
1695	36.0	36.0	36.0	1491,169,4,14	201.7	39.4940710	73.5907533	4413.9
1696	13.0	13.0	13.0	1465,105,8,8	201.6	39.4913739	73.5886114	4445.7
1697	15.0	15.0	15.0	316,929,5,12	201.4	39.4916315	73.5888172	4445.7
1698	113.1	113.1	113.1	613,465,7,10	200.9	39.5040071	73.5987460	4240.4
1699	26.0	26.0	26.0	341,167,8,10	200.6	39.4930566	73.5899473	4445.7
1700	29.0	29.0	29.0	375,371,4,12	200.0	39.4933107	73.5901484	4441.5
1701	29.0	29.0	29.0	307,691,12,6	199.8	39.4933107	73.5901484	4441.5
1702	18.0	18.0	18.0	597,385,4,16	199.3	39.4920209	73.5891251	4445.6
1703	26.0	26.0	26.0	1825,271,10,9	199.2	39.4930566	73.5899473	4445.7
1704	26.0	26.0	26.0	1428,353,9,8	199.2	39.4930566	73.5899473	4445.7
1705	78.1	78.1	78.1	651,1015,9,18	199.2	39.4994273	73.5952090	4365.5
1706	111.1	111.1	111.1	1073,277,8,8	199.1	39.5037362	73.5985241	4248.9
1707	66.1	66.1	66.1	685,181,4,20	199.0	39.4978892	73.5939398	4366.1
1708	23.0	23.0	23.0	185,915,7,10	198.8	39.4926690	73.5896389	4445.6
1709	120.1	120.1	120.1	509,397,4,19	198.6	39.5049058	73.5994819	4212.4
1710	114.1	114.1	114.1	842,0,7,9	198.3	39.5041214	73.5988397	4236.8
1711	107.1	107.1	107.1	1611,449,8,10	198.1	39.5032224	73.5981035	4264.8
1712	64.1	64.1	64.1	1561,492,12,13	197.5	39.4976335	73.5937283	4366.7
1713	112.1	112.1	112.1	1195,685,9,17	196.6	39.5038643	73.5986290	4244.9
1714	75.1	75.1	75.1	1181,817,4,15	196.3	39.4990436	73.5948923	4365.4
1715	70.1	70.1	70.1	977,291,7,13	195.5	39.4984022	73.5943632	4365.5
1716	117.1	117.1	117.1	1482,0,7,8	195.2	39.5045199	73.5991658	4224.4
1717	27.0	27.0	27.0	1905,962,10,21	194.3	39.4931588	73.5900285	4445.4
1718	65.1	65.1	65.1	383,723,5,15	194.3	39.4977615	73.5938343	4366.4
1719	70.1	70.1	70.1	333,403,11,8	193.7	39.4984022	73.5943632	4365.5
1720	63.1	63.1	63.1	1381,943,12,18	193.3	39.4975060	73.5936229	4367.0
1721	26.0	26.0	26.0	275,307,5,12	192.9	39.4930566	73.5899473	4445.7
1722	30.0	30.0	30.0	49,192,11,11	192.0	39.4933974	73.5902175	4438.0
1723	79.1	79.1	79.1	1185,209,8,8	191.9	39.4995555	73.5953146	4365.5
1724	59.1	59.1	59.1	391,1065,6,15	191.5	39.4969915	73.5932000	4367.6
1725	75.1	75.1	75.1	881,449,16,4	190.1	39.4990436	73.5948923	4365.4
1726	30.0	30.0	30.0	1891,419,4,14	188.7	39.4933974	73.5902175	4438.0
1727	102.1	102.1	102.1	583,433,4,14	188.6	39.5025716	73.5975966	4284.7
1728	82.1	82.1	82.1	181,837,4,14	188.1	39.4999381	73.5956301	4364.7
1729	30.0	30.0	30.0	1196,835,9,8	188.0	39.4933974	73.5902175	4438.0
1730	15.0	15.0	15.0	1409,25,8,6	187.8	39.4916315	73.5888172	4445.7
1731	42.0	42.0	42.0	500,581,13,10	187.0	39.4948338	73.5913589	4389.8
1732	66.1	66.1	66.1	209,849,8,12	186.8	39.4978892	73.5939398	4366.1
1733	13.0	13.0	13.0	1737,593,12,8	186.1	39.4913739	73.5886114	4445.7
1734	49.0	49.0	49.0	1472,979,8,19	185.6	39.4957249	73.5921071	4367.8
1735	42.0	42.0	42.0	115,675,14,4	184.1	39.4948338	73.5913589	4389.8
1736	116.1	116.1	116.1	1021,833,4,15	184.1	39.5043921	73.5990611	4228.4
1737	87.1	87.1	87.1	1139,260,6,11	183.8	39.5005948	73.5961354	4345.2
1738	117.1	113.1	117.1	133,97,4,16	183.8	39.5045199	73.5991658	4224.4
1739	77.1	77.1	77.1	1892,1003,5,18	183.3	39.4992990	73.5951032	4365.5
1740	94.1	94.1	94.1	87,1011,6,16	183.2	39.5015161	73.5968173	4317.0
1741	116.1	116.1	116.1	1423,890,5,15	182.6	39.5043921	73.5990611	4228.4
1742	43.0	43.0	43.0	1549,273,4,14	182.4	39.4949652	73.5914632	4385.8
1743	26.0	26.0	26.0	675,521,6,17	182.2	39.4930566	73.5899473	4445.7
1744	19.0	19.0	19.0	665,849,7,12	181.8	39.4921507	73.5892280	4445.6
1745	113.1	113.1	113.1	1713,227,5,14	180.9	39.5040071	73.5987460	4240.4
1746	87.1	87.1	87.1	273,739,5,16	180.4	39.5005948	73.5961354	4345.2
1747	87.1	87.1	87.1	1898,657,7,10	179.8	39.5005948	73.5961354	4345.2
1748	13.0	13.0	13.0	1500,393,7,8	178.4	39.4913739	73.5886114	4445.7
1749	78.1	78.1	78.1	641,377,6,8	177.3	39.4994273	73.5952090	4365.5
1750	94.1	94.1	94.1	185,365,8,10	176.3	39.5015161	73.5968173	4317.0
1751	56.1	56.1	56.1	1697,879,4,13	175.5	39.4966095	73.5928718	4367.3
1752	64.1	64.1	64.1	1646,573,5,20	175.2	39.4976335	73.5937283	4366.7
1753	17.0	17.0	17.0	1633,713,5,11	174.0	39.4918905	73.5890223	4445.6
1754	82.1	82.1	82.1	183,529,6,12	173.1	39.4999381	73.5956301	4364.7
1755	28.0	28.0	28.0	1525,49,4,14	172.9	39.4932368	73.5900898	4444.0
1756	32.0	32.0	32.0	1807,1071,14,5	171.3	39.4935985	73.5903783	4430.1
1757	43.0	43.0	43.0	1883,1023,10,16	170.9	39.4949652	73.5914632	4385.8
1758	70.1	70.1	70.1	819,1065,8,8	170.4	39.4984022	73.5943632	4365.5
1759	42.0	42.0	42.0	707,601,14,8	168.5	39.4948338	73.5913589	4389.8
1760	120.1	120.1	120.1	606,525,5,19	168.5	39.5049058	73.5994819	4212.4
1761	32.0	32.0	32.0	453,37,10,10	168.1	39.4935985	73.5903783	4430.1
1762	63.1	60.1	63.1	1580,1005,13,10	167.1	39.4975060	73.5936229	4367.0
1763	20.0	20.0	20.0	1777,1073,6,7	166.5	39.4922793	73.5893300	4445.6
1764	66.1	66.1	66.1	777,385,10,6	162.3	39.4978892	73.5939398	4366.1
1765	66.1	66.1	66.1	549,765,6,10	162.2	39.4978892	73.5939398	4366.1
1766	120.1	120.1	120.1	665,337,4,13	161.4	39.5049058	73.5994819	4212.4
1767	66.1	66.1	66.1	773,989,6,10	160.4	39.4978892	73.5939398	4366.1
1768	43.0	43.0	43.0	1367,129,6,10	160.2	39.4949652	73.5914632	4385.8
1769	77.1	77.1	77.1	1684,3,7,14	159.0	39.4992990	73.5951032	4365.5
1770	76.1	76.1	76.1	1465,717,4,12	158.0	39.4991713	73.5949980	4365.4
1771	114.1	114.1	114.1	17,1077,12,3	158.0	39.5041214	73.5988397	4236.8
1772	61.1	61.1	61.1	599,125,8,10	157.4	39.4972488	73.5934108	4367.4
1773	32.0	32.0	32.0	929,0,10,5	157.3	39.4935985	73.5903783	4430.1
1774	70.1	69.1	70.1	641,497,10,5	156.5	39.4984022	73.5943632	4365.5
1775	66.1	66.1	66.1	739,153,5,8	154.1	39.4978892	73.5939398	4366.1
1776	56.1	56.1	56.1	1217,289,8,8	153.7	39.4966095	73.5928718	4367.3
1777	65.1	65.1	65.1	257,898,4,15	152.4	39.4977615	73.5938343	4366.4
1778	45.0	45.0	45.0	1565,145,4,12	151.9	39.4952230	73.5916707	4377.7
1779	65.1	65.1	65.1	713,561,6,8	151.9	39.4977615	73.5938343	4366.4
1780	79.1	79.1	79.1	1633,657,5,16	151.9	39.4995555	73.5953146	4365.5
1781	77.1	77.1	77.1	917,1009,7,8	148.6	39.4992990	73.5951032	4365.5
1782	69.1	69.1	69.1	865,281,8,6	148.1	39.4982733	73.5942570	4365.6
1783	117.1	117.1	117.1	551,193,4,12	147.8	39.5045199	73.5991658	4224.4
1784	117.1	117.1	117.1	409,308,2,21	145.7	39.5045199	73.5991658	4224.4
1785	79.1	79.1	79.1	1333,793,5,11	145.6	39.4995555	73.5953146	4365.5
1786	20.0	20.0	20.0	33,995,4,14	145.4	39.4922793	73.5893300	4445.6
1787	28.0	28.0	28.0	0,779,7,6	145.1	39.4932368	73.5900898	4444.0
1788	59.1	59.1	59.1	161,801,4,16	143.3	39.4969915	73.5932000	4367.6
1789	13.0	13.0	13.0	1782,81,7,8	142.9	39.4913739	73.5886114	4445.7
1790	66.1	66.1	66.1	407,727,4,18	141.1	39.4978892	73.5939398	4366.1
1791	115.1	115.1	115.1	1547,169,9,8	141.1	39.5042640	73.5989563	4232.4
1792	59.1	59.1	59.1	1783,225,4,16	141.0	39.4969915	73.5932000	4367.6
1793	28.0	28.0	28.0	673,369,5,9	140.7	39.4932368	73.5900898	4444.0
1794	28.0	28.0	28.0	653,1025,5,8	139.8	39.4932368	73.5900898	4444.0
1795	17.0	17.0	17.0	1713,561,9,9	139.7	39.4918905	73.5890223	4445.6
1796	13.0	13.0	13.0	167,273,6,8	139.1	39.4913739	73.5886114	4445.7
1797	64.1	64.1	64.1	1835,489,10,11	139.1	39.4976335	73.5937283	4366.7
1798	20.0	20.0	20.0	1628,1009,9,14	137.8	39.4922793	73.5893300	4445.6
1799	117.1	117.1	117.1	1745,73,6,8	137.0	39.5045199	73.5991658	4224.4
1800	115.1	115.1	115.1	1876,744,5,9	136.8	39.5042640	73.5989563	4232.4
1801	32.0	32.0	32.0	1467,467,4,12	135.3	39.4935985	73.5903783	4430.1
1802	56.1	56.1	56.1	1413,1073,6,7	133.3	39.4966095	73.5928718	4367.3
1803	56.1	56.1	56.1	1637,57,6,8	132.6	39.4966095	73.5928718	4367.3
1804	56.1	56.1	56.1	1767,607,6,8	132.3	39.4966095	73.5928718	4367.3
1805	45.0	45.0	45.0	505,833,6,6	131.7	39.4952230	73.5916707	4377.7
1806	65.1	65.1	65.1	343,472,4,13	131.6	39.4977615	73.5938343	4366.4
1807	38.0	38.0	38.0	123,225,4,12	129.7	39.4943211	73.5909514	4406.0
1808	15.0	15.0	18.0	245,483,6,6	128.0	39.4916315	73.5888172	4445.7
1809	115.1	115.1	115.1	1667,609,2,16	127.8	39.5042640	73.5989563	4232.4
1810	85.1	85.1	85.1	1768,473,6,8	127.5	39.5003303	73.5959401	4353.4
1811	20.0	20.0	20.0	1333,907,4,10	127.3	39.4922793	73.5893300	4445.6
1812	71.1	71.1	71.1	279,853,7,11	127.1	39.4985306	73.5944692	4365.4
1813	77.1	77.1	77.1	1844,809,6,8	125.9	39.4992990	73.5951032	4365.5
1814	49.0	49.0	49.0	0,49,6,6	124.9	39.4957249	73.5921071	4367.8
1815	79.1	79.1	79.1	947,289,2,18	124.8	39.4995555	73.5953146	4365.5
1816	112.1	112.1	112.1	777,769,5,8	124.5	39.5038643	73.5986290	4244.9
1817	77.1	77.1	77.1	1493,565,4,8	124.4	39.4992990	73.5951032	4365.5
1818	64.1	64.1	64.1	1521,344,8,9	123.2	39.4976335	73.5937283	4366.7
1819	56.1	56.1	56.1	29,665,4,8	122.2	39.4966095	73.5928718	4367.3
1820	77.1	77.1	77.1	1906,813,3,13	121.7	39.4992990	73.5951032	4365.5
1821	18.0	18.0	18.0	401,524,6,7	120.0	39.4920209	73.5891251	4445.6
1822	70.1	70.1	70.1	242,575,5,9	119.0	39.4984022	73.5943632	4365.5
1823	114.1	114.1	114.1	433,433,2,16	118.9	39.5041214	73.5988397	4236.8
1824	17.0	17.0	17.0	1457,1007,5,8	116.3	39.4918905	73.5890223	4445.6
1825	77.1	77.1	77.1	993,665,4,8	116.1	39.4992990	73.5951032	4365.5
1826	69.1	69.1	69.1	1731,699,5,6	116.0	39.4982733	73.5942570	4365.6
1827	75.1	75.1	75.1	1471,25,10,7	115.1	39.4990436	73.5948923	4365.4
1828	75.1	75.1	75.1	629,945,4,8	114.6	39.4990436	73.5948923	4365.4
1829	15.0	15.0	15.0	213,19,2,14	113.1	39.4916315	73.5888172	4445.7
1830	63.1	63.1	64.1	1914,745,6,8	113.1	39.4975060	73.5936229	4367.0
1831	115.1	115.1	115.1	33,738,4,11	111.7	39.5042640	73.5989563	4232.4
1832	77.1	77.1	77.1	689,53,4,12	110.2	39.4992990	73.5951032	4365.5
1833	66.1	66.1	66.1	465,553,4,11	108.7	39.4978892	73.5939398	4366.1
1834	70.1	70.1	70.1	1670,103,3,13	107.9	39.4984022	73.5943632	4365.5
1835	64.1	64.1	64.1	177,13,8,10	106.9	39.4976335	73.5937283	4366.7
1836	79.1	79.1	79.1	971,529,6,12	106.1	39.4995555	73.5953146	4365.5
1837	64.1	64.1	64.1	1139,425,4,8	105.3	39.4976335	73.5937283	4366.7
1838	114.1	114.1	114.1	1555,409,3,11	105.3	39.5041214	73.5988397	4236.8
1839	17.0	17.0	17.0	1869,466,4,16	104.5	39.4918905	73.5890223	4445.6
1840	20.0	20.0	20.0	1539,99,14,3	103.7	39.4922793	73.5893300	4445.6
1841	63.1	63.1	63.1	1523,1041,12,8	103.7	39.4975060	73.5936229	4367.0
1842	79.1	79.1	79.1	751,193,2,16	103.0	39.4995555	73.5953146	4365.5
1843	18.0	18.0	20.0	409,673,7,8	102.8	39.4920209	73.5891251	4445.6
1844	70.1	70.1	70.1	293,136,12,5	101.3	39.4984022	73.5943632	4365.5
1845	38.0	38.0	38.0	125,501,3,12	100.9	39.4943211	73.5909514	4406.0
1846	114.1	114.1	114.1	839,369,2,16	100.9	39.5041214	73.5988397	4236.8
1847	38.0	38.0	38.0	595,1067,8,6	98.9	39.4943211	73.5909514	4406.0
1848	15.0	15.0	15.0	1003,147,3,9	98.5	39.4916315	73.5888172	4445.7
1849	75.1	75.1	75.1	1117,753,10,10	98.4	39.4990436	73.5948923	4365.4
1850	117.1	117.1	117.1	401,959,4,10	96.4	39.5045199	73.5991658	4224.4
1851	114.1	114.1	114.1	1789,180,2,13	94.8	39.5041214	73.5988397	4236.8
1852	60.1	60.1	60.1	801,921,12,4	94.1	39.4971201	73.5933052	4367.6
1853	92.1	92.1	92.1	1449,621,4,12	94.1	39.5012520	73.5966227	4325.0
1854	92.1	92.1	92.1	1577,642,7,7	94.1	39.5012520	73.5966227	4325.0
1855	65.1	65.1	65.1	339,877,5,6	91.6	39.4977615	73.5938343	4366.4
1856	65.1	65.1	65.1	1017,199,6,6	90.1	39.4977615	73.5938343	4366.4
1857	20.0	20.0	20.0	410,687,3,12	88.4	39.4922793	73.5893300	4445.6
1858	49.0	49.0	49.0	269,131,2,14	88.2	39.4957249	73.5921071	4367.8
1859	20.0	18.0	20.0	1651,747,7,6	88.0	39.4922793	73.5893300	4445.6
1860	75.1	75.1	75.1	1105,875,6,6	87.4	39.4990436	73.5948923	4365.4
1861	89.1	89.1	90.1	1098,1009,7,4	86.0	39.5008579	73.5963310	4337.0
1862	115.1	115.1	115.1	129,409,3,8	85.8	39.5042640	73.5989563	4232.4
1863	64.1	64.1	64.1	1009,567,16,2	85.7	39.4976335	73.5937283	4366.7
1864	49.0	49.0	49.0	233,193,5,10	85.5	39.4957249	73.5921071	4367.8
1865	69.1	69.1	71.1	819,337,6,8	85.1	39.4982733	73.5942570	4365.6
1866	64.1	64.1	64.1	1573,949,4,8	84.0	39.4976335	73.5937283	4366.7
1867	75.1	75.1	75.1	817,31,8,9	83.6	39.4990436	73.5948923	4365.4
1868	49.0	49.0	49.0	1789,123,4,6	83.4	39.4957249	73.5921071	4367.8
1869	92.1	92.1	92.1	759,871,6,5	82.0	39.5012520	73.5966227	4325.0
1870	75.1	75.1	75.1	986,382,12,3	81.7	39.4990436	73.5948923	4365.4
1871	115.1	115.1	115.1	1189,377,3,8	80.4	39.5042640	73.5989563	4232.4
1872	71.1	69.1	71.1	257,993,3,8	80.3	39.4985306	73.5944692	4365.4
1873	69.1	69.1	69.1	449,263,10,3	79.4	39.4982733	73.5942570	4365.6
1874	92.1	92.1	92.1	1531,25,5,8	78.3	39.5012520	73.5966227	4325.0
1875	65.1	65.1	65.1	432,621,4,6	76.2	39.4977615	73.5938343	4366.4
1876	92.1	92.1	92.1	1440,735,5,10	75.3	39.5012520	73.5966227	4325.0
1877	71.1	71.1	71.1	177,20,4,7	72.3	39.4985306	73.5944692	4365.4
1878	92.1	92.1	92.1	50,881,3,10	72.3	39.5012520	73.5966227	4325.0
1879	92.1	92.1	92.1	484,983,3,8	71.3	39.5012520	73.5966227	4325.0
1880	20.0	20.0	20.0	317,673,5,6	69.9	39.4922793	73.5893300	4445.6
1881	65.1	65.1	65.1	586,849,3,10	68.3	39.4977615	73.5938343	4366.4
1882	92.1	92.1	92.1	1391,653,2,11	68.0	39.5012520	73.5966227	4325.0
1883	92.1	91.1	92.1	1491,86,3,10	66.7	39.5012520	73.5966227	4325.0
1884	69.1	69.1	69.1	353,417,2,9	64.2	39.4982733	73.5942570	4365.6
1885	69.1	69.1	69.1	1645,305,4,5	60.6	39.4982733	73.5942570	4365.6
1886	63.1	63.1	63.1	1735,781,6,4	58.7	39.4975060	73.5936229	4367.0
1887	69.1	69.1	69.1	1843,953,4,4	56.8	39.4982733	73.5942570	4365.6
1888	89.1	89.1	89.1	531,681,2,8	53.8	39.5008579	73.5963310	4337.0
1889	70.1	70.1	70.1	1037,606,5,3	53.3	39.4984022	73.5943632	4365.5
1890	18.0	18.0	18.0	161,201,2,8	51.7	39.4920209	73.5891251	4445.6
1891	69.1	69.1	69.1	217,146,4,6	50.2	39.4982733	73.5942570	4365.6
1892	59.1	59.1	59.1	524,937,3,7	49.8	39.4969915	73.5932000	4367.6
1893	115.1	115.1	115.1	1614,425,3,6	49.7	39.5042640	73.5989563	4232.4
1894	90.1	89.1	90.1	1125,521,6,3	49.0	39.5009890	73.5964290	4333.0
1895	18.0	18.0	18.0	1143,266,2,7	47.8	39.4920209	73.5891251	4445.6
1896	71.1	71.1	71.1	658,213,5,4	47.3	39.4985306	73.5944692	4365.4
1897	69.1	69.1	69.1	669,1040,4,5	47.0	39.4982733	73.5942570	4365.6
1898	115.1	115.1	115.1	529,585,2,8	42.9	39.5042640	73.5989563	4232.4
1899	71.1	71.1	71.1	1898,807,3,4	42.2	39.4985306	73.5944692	4365.4
1900	59.1	59.1	59.1	1885,113,4,4	41.6	39.4969915	73.5932000	4367.6
1901	71.1	71.1	71.1	465,733,4,4	39.9	39.4985306	73.5944692	4365.4
1902	59.1	59.1	59.1	358,924,4,4	37.4	39.4969915	73.5932000	4367.6
1903	89.1	89.1	89.1	663,606,6,3	37.4	39.5008579	73.5963310	4337.0
1904	75.1	75.1	75.1	1198,833,3,4	36.6	39.4990436	73.5948923	4365.4
1905	59.1	59.1	59.1	394,1005,2,5	35.8	39.4969915	73.5932000	4367.6
1906	49.0	49.0	49.0	1457,243,2,6	32.6	39.4957249	73.5921071	4367.8
1907	49.0	49.0	49.0	776,611,4,2	32.2	39.4957249	73.5921071	4367.8
1908	69.1	69.1	69.1	57,667,3,4	31.1	39.4982733	73.5942570	4365.6
1909	90.1	90.1	90.1	1589,635,4,4	31.1	39.5009890	73.5964290	4333.0
1910	90.1	90.1	90.1	1036,519,5,2	30.1	39.5009890	73.5964290	4333.0
1911	89.1	89.1	89.1	1870,951,3,4	29.4	39.5008579	73.5963310	4337.0
1912	90.1	90.1	90.1	1881,1017,3,4	29.4	39.5009890	73.5964290	4333.0
1913	71.1	71.1	71.1	1788,97,4,2	23.7	39.4985306	73.5944692	4365.4
1914	90.1	90.1	90.1	1617,767,4,2	22.0	39.5009890	73.5964290	4333.0
1915	71.1	71.1	71.1	676,321,3,2	19.6	39.4985306	73.5944692	4365.4
1916	90.1	90.1	90.1	1193,797,2,4	18.4	39.5009890	73.5964290	4333.0
1917	71.1	71.1	71.1	1076,209,2,3	18.3	39.4985306	73.5944692	4365.4
