ранг	ранг_в_группе	расстояние	сигнатура	d_ab	d_L	ловушка	d_ловушки	L	a	b	C	цвет_измерен	track	t_best	t0	t1	bbox	score	lat	lon	alt
1	1	1.581	стакан-марка-красная	11.0	21.6	порода-в-тени	0.531	28.2	0.0	2.0	2.0	bbox	0	23.0	23.0	23.0	0,23,35,35	2865.3	39.4827891	73.5852204	4611.2
2	2	1.923	стакан-марка-красная	14.8	15.1	снег-розовый	1.009	64.9	-2.0	8.0	8.2	bbox	1	66.1	62.1	74.1	1715,667,28,28	2175.3	39.4827925	73.5852163	4611.2
3	3	1.613	стакан-марка-красная	12.2	15.1	порода-в-тени	0.526	34.7	-1.0	-1.0	1.4	bbox	2	122.2	122.2	125.2	1569,289,43,72	1999.1	39.4827891	73.5852183	4611.2
4	4	1.534	стакан-марка-красная	11.7	12.9	снег-освещённый	0.756	62.7	0.0	-3.0	3.0	bbox	3	129.2	128.2	131.2	0,255,37,74	1954.4	39.4827903	73.5852175	4611.2
5	5	1.439	стакан-марка-красная	11.0	11.4	порода-в-тени	0.702	38.4	0.0	0.0	0.0	bbox	4	14.0	12.0	19.0	659,161,28,30	1945.5	39.4827894	73.5852180	4611.3
6	6	1.439	стакан-марка-красная	11.0	11.4	снег-розовый	0.685	61.2	0.0	0.0	0.0	bbox	5	9.0	9.0	13.0	899,819,28,24	1877.5	39.4827910	73.5852169	4611.3
7	7	1.505	стакан-марка-красная	12.0	0.8	снег-в-тени	1.009	49.0	-1.0	0.0	1.0	bbox	6	27.0	27.0	27.0	1507,307,30,28	1773.0	39.4827883	73.5852210	4611.2
8	8	0.987	рюкзак-синий	6.1	17.6	порода-в-тени	0.910	21.2	0.0	-8.0	8.0	bbox	7	7.0	6.0	7.0	1147,41,22,42	1742.9	39.4827918	73.5852164	4611.3
9	9	1.572	стакан-марка-красная	12.0	12.7	порода-в-тени	0.621	37.1	-1.0	0.0	1.0	bbox	8	121.2	121.2	126.2	1701,33,20,47	1700.2	39.4827896	73.5852177	4611.2
10	10	1.506	стакан-марка-красная	11.0	16.9	порода-в-тени	0.528	32.9	0.0	0.0	0.0	bbox	9	8.0	6.0	8.0	1111,830,40,27	1685.3	39.4827914	73.5852168	4611.3
11	11	1.568	стакан-марка-красная	11.0	20.8	снег-розовый	0.354	70.6	0.0	2.0	2.0	bbox	10	20.0	20.0	20.0	0,0,33,33	1666.8	39.4827886	73.5852193	4611.3
12	12	0.679	рюкзак-синий	5.0	7.4	снег-в-тени	0.613	31.4	1.0	-9.0	9.1	bbox	11	165.3	162.3	168.3	1851,963,8,62	1473.5	39.4826891	73.5847260	4591.8
13	13	1.561	стакан-марка-красная	11.0	20.4	снег-освещённый	0.399	70.2	0.0	0.0	0.0	bbox	12	125.2	124.2	125.2	1873,497,32,16	1429.0	39.4827892	73.5852179	4611.2
14	14	1.595	рюкзак-синий	12.4	11.0	снег-в-тени	0.794	49.8	-2.0	-2.0	2.8	bbox	13	146.2	145.2	147.2	41,128,32,75	1371.1	39.4827909	73.5852160	4611.2
15	15	1.860	стакан-марка-красная	11.0	34.9	порода-в-тени	0.342	14.9	0.0	0.0	0.0	bbox	14	92.1	90.1	92.1	601,826,24,23	1338.9	39.4827908	73.5852189	4611.2
16	16	1.394	стакан-марка-красная	11.0	5.3	снег-розовый	0.878	55.1	0.0	0.0	0.0	bbox	15	121.2	119.2	122.2	1499,467,38,30	1333.2	39.4827896	73.5852177	4611.2
17	17	1.835	рюкзак-синий	14.6	6.6	порода-в-тени	0.456	32.2	-3.0	0.0	3.0	bbox	16	33.1	33.1	33.1	241,419,26,14	1265.2	39.4827900	73.5852191	4611.3
18	18	0.889	рюкзак-синий	6.1	12.9	снег-в-тени	0.822	25.9	2.0	-8.0	8.2	bbox	17	92.1	92.1	92.1	1899,0,21,33	1246.1	39.4827908	73.5852189	4611.2
19	19	1.750	стакан-марка-красная	12.4	22.9	снег-освещённый	0.381	72.7	-1.0	-2.0	2.2	bbox	18	14.0	6.0	19.0	887,1043,42,30	1160.6	39.4827894	73.5852180	4611.3
20	20	1.519	рюкзак-синий	10.0	23.9	порода-в-тени	0.492	14.9	0.0	-4.0	4.0	bbox	19	54.1	53.1	90.1	39,83,32,48	1010.1	39.4827957	73.5852197	4611.2
21	21	1.567	стакан-марка-красная	12.0	12.2	снег-освещённый	0.673	62.0	-1.0	0.0	1.0	bbox	20	50.1	45.1	57.1	1881,487,30,24	980.2	39.4827946	73.5852202	4611.3
22	22	2.035	стакан-марка-красная	16.1	7.8	корка-жёлтая-на-скале	0.909	57.6	-3.0	9.0	9.5	bbox	21	165.3	158.3	168.3	911,887,18,18	967.5	39.4826891	73.5847260	4591.8
23	23	0.927	рюкзак-синий	7.0	8.6	снег-в-тени	0.653	30.2	1.0	-7.0	7.1	bbox	22	61.1	53.1	64.1	63,113,16,34	956.7	39.4827920	73.5852177	4611.2
24	24	1.472	стакан-марка-красная	11.0	14.3	порода-в-тени	0.607	35.5	0.0	0.0	0.0	bbox	23	26.0	22.0	31.0	1171,611,22,12	955.5	39.4827882	73.5852212	4611.3
25	25	1.447	стакан-марка-красная	11.0	12.2	снег-розовый	0.661	62.0	0.0	0.0	0.0	bbox	24	8.0	8.0	8.0	1665,971,28,12	928.7	39.4827914	73.5852168	4611.3
26	26	1.486	стакан-марка-красная	11.4	11.8	снег-освещённый	0.742	61.6	0.0	-2.0	2.0	bbox	25	20.0	20.0	20.0	1591,589,26,21	911.4	39.4827886	73.5852193	4611.3
27	27	1.548	стакан-марка-красная	11.0	19.6	снег-освещённый	0.425	69.4	0.0	0.0	0.0	bbox	26	34.1	33.1	34.1	0,33,17,32	859.8	39.4827905	73.5852191	4611.3
28	28	0.931	рюкзак-синий	7.1	8.2	снег-в-тени	0.675	30.6	2.0	-7.0	7.3	bbox	27	145.2	145.2	147.2	0,291,11,46	854.2	39.4827911	73.5852157	4611.2
29	29	1.919	стакан-марка-красная	12.0	33.3	порода-в-тени	0.226	16.5	-1.0	0.0	1.0	bbox	28	31.0	31.0	34.1	243,35,14,19	849.8	39.4827896	73.5852197	4611.2
30	30	1.384	стакан-марка-красная	11.0	2.7	порода-в-тени	0.992	47.1	0.0	0.0	0.0	bbox	29	8.0	7.0	8.0	1281,695,32,24	845.3	39.4827914	73.5852168	4611.3
31	31	1.404	стакан-марка-красная	11.0	7.1	снег-розовый	0.821	56.9	0.0	0.0	0.0	bbox	30	19.0	19.0	19.0	1123,707,14,14	839.7	39.4827886	73.5852195	4611.3
32	32	1.957	стакан-марка-красная	11.0	38.8	снег-освещённый	0.306	88.6	0.0	0.0	0.0	bbox	31	90.1	90.1	90.1	0,0,17,17	838.6	39.4827904	73.5852189	4611.2
33	33	1.003	рюкзак-синий	7.5	10.0	снег-в-тени	0.714	28.8	1.0	-6.5	6.6	bbox	32	145.2	145.2	147.2	29,225,14,32	835.4	39.4827911	73.5852157	4611.2
34	34	1.143	рюкзак-синий	6.1	23.9	порода-в-тени	0.931	14.9	0.0	-8.0	8.0	bbox	33	90.1	90.1	94.1	1349,819,27,14	819.8	39.4827904	73.5852189	4611.2
35	35	1.270	рюкзак-синий	8.0	21.9	порода-в-тени	0.740	16.9	1.0	-6.0	6.1	bbox	34	42.1	42.1	43.1	191,81,18,34	816.6	39.4827940	73.5852162	4611.3
36	36	1.828	стакан-марка-красная	12.0	29.0	снег-освещённый	0.071	78.8	-1.0	0.0	1.0	bbox	35	6.0	6.0	11.0	1449,1064,20,16	816.5	39.4827921	73.5852158	4611.2
37	37	1.809	стакан-марка-красная	12.4	26.3	снег-освещённый	0.302	76.1	-1.0	-2.0	2.2	bbox	36	12.0	12.0	16.0	1137,804,32,29	810.5	39.4827897	73.5852181	4611.3
38	38	1.655	стакан-марка-красная	11.4	23.5	снег-освещённый	0.386	73.3	0.0	-2.0	2.0	bbox	37	16.0	7.0	19.0	856,1055,25,20	787.6	39.4827892	73.5852184	4611.3
39	39	1.574	стакан-марка-красная	11.0	21.2	порода-в-тени	0.406	28.6	0.0	0.0	0.0	bbox	38	30.0	26.0	31.0	1171,611,14,14	785.4	39.4827892	73.5852203	4611.3
40	40	1.775	стакан-марка-красная	14.0	7.4	порода-в-тени	0.804	42.4	-3.0	0.0	3.0	bbox	39	32.1	32.1	32.1	641,0,24,10	772.3	39.4827898	73.5852193	4611.2
41	41	1.888	стакан-марка-красная	11.0	36.1	порода-в-тени	0.367	13.7	0.0	0.0	0.0	bbox	40	117.2	102.2	118.2	1421,798,25,24	766.3	39.4827901	73.5852167	4611.2
42	42	1.869	стакан-марка-красная	11.0	35.3	порода-в-тени	0.350	14.5	0.0	0.0	0.0	bbox	41	0.0	0.0	1.0	453,251,22,19	751.6	39.4827946	73.5852145	4611.2
43	43	1.405	стакан-марка-красная	11.0	7.3	порода-в-тени	0.839	42.5	0.0	0.0	0.0	bbox	42	119.2	119.2	123.2	1059,755,14,22	747.9	39.4827903	73.5852170	4611.2
44	44	1.175	рюкзак-синий	7.0	21.9	порода-в-тени	0.848	16.9	1.0	-7.0	7.1	bbox	43	43.1	42.1	44.1	109,201,18,32	743.7	39.4827942	73.5852164	4611.2
45	45	1.394	стакан-марка-красная	11.0	5.3	порода-в-тени	0.905	44.5	0.0	0.0	0.0	bbox	44	31.0	20.0	35.1	1347,547,14,14	734.4	39.4827896	73.5852197	4611.2
46	46	1.584	стакан-марка-красная	11.0	21.8	порода-в-тени	0.391	28.0	0.0	0.0	0.0	bbox	45	27.0	26.0	31.0	1571,259,14,14	721.6	39.4827883	73.5852210	4611.2
47	47	1.430	стакан-марка-красная	11.0	10.4	порода-в-тени	0.734	39.4	0.0	0.0	0.0	bbox	46	12.0	12.0	12.0	35,179,12,14	713.4	39.4827897	73.5852181	4611.3
48	48	1.624	стакан-марка-красная	11.0	23.9	снег-освещённый	0.282	73.7	0.0	0.0	0.0	bbox	47	8.0	8.0	11.0	1197,931,23,14	711.2	39.4827914	73.5852168	4611.3
49	49	1.886	рюкзак-синий	14.6	13.9	порода-в-тени	0.239	24.9	-3.0	0.0	3.0	bbox	48	21.0	21.0	23.0	403,67,26,11	706.5	39.4827887	73.5852198	4611.3
50	50	1.504	стакан-марка-красная	11.0	16.7	снег-освещённый	0.527	66.5	0.0	0.0	0.0	bbox	49	124.2	121.2	124.2	995,881,20,16	700.3	39.4827891	73.5852181	4611.2
51	51	1.381	стакан-марка-красная	11.0	1.0	снег-в-тени	1.001	48.8	0.0	0.0	0.0	bbox	50	8.0	8.0	8.0	1033,913,24,8	696.6	39.4827914	73.5852168	4611.3
52	52	1.873	стакан-марка-красная	14.8	9.0	корка-жёлтая-на-скале	0.944	40.8	-2.0	8.0	8.2	bbox	51	167.3	164.3	168.3	587,265,16,16	692.5	39.4827086	73.5847491	4591.9
53	53	1.133	рюкзак-синий	6.1	23.5	порода-в-тени	0.928	15.3	0.0	-8.0	8.0	bbox	52	90.1	90.1	94.1	1521,210,24,15	681.4	39.4827904	73.5852189	4611.2
54	54	1.411	стакан-марка-красная	11.2	5.5	снег-в-тени	0.915	55.3	0.0	-1.0	1.0	bbox	53	28.0	28.0	29.0	1443,371,13,13	676.4	39.4827884	73.5852209	4611.2
55	55	1.317	рюкзак-синий	7.3	26.6	порода-в-тени	0.815	12.2	-1.0	-7.0	7.1	bbox	54	47.1	47.1	47.1	443,571,14,22	672.7	39.4827934	73.5852191	4611.2
56	56	1.387	стакан-марка-красная	11.0	3.7	снег-розовый	0.930	53.5	0.0	0.0	0.0	bbox	55	27.0	22.0	31.0	1331,467,14,12	668.9	39.4827883	73.5852210	4611.2
57	57	2.084	стакан-марка-красная	13.6	33.7	снег-пересвеченный	0.355	83.5	-2.0	-3.0	3.6	bbox	56	147.2	145.2	148.2	93,0,24,45	665.0	39.4827910	73.5852148	4611.2
58	58	1.563	стакан-марка-красная	11.2	19.6	порода-в-тени	0.659	30.2	0.0	3.0	3.0	bbox	57	124.2	124.2	125.2	1909,1059,11,21	664.3	39.4827891	73.5852181	4611.2
59	59	2.023	стакан-марка-красная	11.4	40.2	снег-освещённый	0.431	90.0	0.0	-2.0	2.0	bbox	58	34.1	34.1	34.1	1864,875,17,22	662.0	39.4827905	73.5852191	4611.3
60	60	1.414	рюкзак-синий	8.2	27.1	снег-в-тени	0.704	65.9	-1.0	-6.0	6.1	bbox	59	155.2	155.2	155.2	11,923,16,44	655.5	39.4828738	73.5846894	4598.6
61	61	1.646	стакан-марка-красная	11.0	25.1	порода-в-тени	0.319	24.7	0.0	0.0	0.0	bbox	60	7.0	7.0	10.0	1402,1051,30,13	653.8	39.4827918	73.5852164	4611.3
62	62	1.388	стакан-марка-красная	11.0	3.9	порода-в-тени	0.952	45.9	0.0	0.0	0.0	bbox	61	16.0	16.0	18.0	259,35,22,22	641.7	39.4827892	73.5852184	4611.3
63	63	1.382	стакан-марка-красная	11.0	1.8	снег-розовый	0.995	51.6	0.0	0.0	0.0	bbox	62	119.2	119.2	125.2	915,899,14,14	633.5	39.4827903	73.5852170	4611.2
64	64	0.894	рюкзак-синий	7.0	5.1	снег-в-тени	0.533	33.7	1.0	-7.0	7.1	bbox	63	129.2	128.2	129.2	89,129,12,38	627.6	39.4827903	73.5852175	4611.2
65	65	1.406	стакан-марка-красная	11.0	7.4	порода-в-тени	0.832	42.4	0.0	0.0	0.0	bbox	64	122.2	120.2	124.2	1683,119,16,26	626.6	39.4827891	73.5852183	4611.2
66	66	1.385	стакан-марка-красная	11.0	3.1	порода-в-тени	0.979	46.7	0.0	0.0	0.0	bbox	65	31.0	19.0	31.0	1283,611,12,12	611.4	39.4827896	73.5852197	4611.2
67	67	1.420	стакан-марка-красная	11.2	7.1	порода-в-тени	0.836	42.7	0.0	-1.0	1.0	bbox	66	20.0	20.0	24.0	1249,745,24,8	597.8	39.4827886	73.5852193	4611.3
68	68	1.583	стакан-марка-красная	11.2	20.8	снег-освещённый	0.405	70.6	0.0	-1.0	1.0	bbox	67	27.0	23.0	30.0	1443,371,14,14	594.9	39.4827883	73.5852210	4611.2
69	69	0.760	рюкзак-синий	6.1	0.2	снег-в-тени	0.328	38.6	0.0	-8.0	8.0	bbox	68	92.1	92.1	92.1	1853,65,20,16	592.1	39.4827908	73.5852189	4611.2
70	70	1.917	рюкзак-синий	14.6	16.8	порода-в-тени	0.185	22.0	-3.0	0.0	3.0	bbox	69	14.0	14.0	14.0	1027,179,14,14	586.2	39.4827894	73.5852180	4611.3
71	71	1.290	стакан-марка-красная	10.0	8.2	порода-в-тени	0.853	41.6	1.0	0.0	1.0	bbox	70	32.1	32.1	33.1	1747,699,28,19	584.3	39.4827898	73.5852193	4611.2
72	72	2.119	рюкзак-синий	14.3	31.7	порода-в-тени	0.493	7.1	-2.0	0.0	2.0	bbox	71	114.2	114.2	114.2	1203,195,12,14	576.3	39.4827897	73.5852173	4611.2
73	73	1.169	рюкзак-синий	6.1	24.9	порода-в-тени	0.939	13.9	0.0	-8.0	8.0	bbox	72	126.2	124.2	126.2	1123,99,14,14	571.7	39.4827894	73.5852178	4611.2
74	74	1.385	стакан-марка-красная	11.0	3.1	снег-розовый	0.949	52.9	0.0	0.0	0.0	bbox	73	30.0	30.0	30.0	855,915,10,14	565.1	39.4827892	73.5852203	4611.3
75	75	1.533	рюкзак-синий	6.1	37.3	снег-в-тени	1.040	76.1	2.0	-8.0	8.2	bbox	74	168.3	163.3	168.3	105,50,6,47	562.5	39.4827104	73.5847498	4591.9
76	76	1.522	рюкзак-синий	12.2	1.9	порода-в-тени	0.614	36.9	-1.0	-2.0	2.2	bbox	75	158.3	158.3	158.3	1841,0,28,29	562.0	39.4827413	73.5845277	4594.0
77	77	1.888	рюкзак-синий	14.6	14.1	порода-в-тени	0.234	24.7	-3.0	0.0	3.0	bbox	76	125.2	125.2	125.2	0,449,17,14	560.9	39.4827892	73.5852179	4611.2
78	78	0.696	рюкзак-синий	5.0	8.6	снег-в-тени	0.653	30.2	1.0	-9.0	9.1	bbox	77	7.0	5.0	7.0	161,497,12,16	557.3	39.4827918	73.5852164	4611.3
79	79	2.248	стакан-марка-красная	11.0	49.8	снег-освещённый	0.695	99.6	0.0	1.0	1.0	bbox	78	90.1	90.1	90.1	1670,751,19,18	555.6	39.4827904	73.5852189	4611.2
80	80	0.649	рюкзак-синий	4.0	11.6	снег-в-тени	0.294	50.4	1.0	-10.0	10.0	bbox	79	53.1	50.1	87.1	33,223,12,18	550.3	39.4827956	73.5852201	4611.2
81	81	1.823	палка-ручка-пробка	11.2	32.6	корка-жёлтая-на-скале	0.376	43.1	1.0	12.5	12.5	bbox	80	77.1	58.1	78.1	1893,313,12,12	547.2	39.4827909	73.5852171	4611.2
82	82	2.145	стакан-марка-красная	13.0	39.2	порода-в-тени	0.430	10.6	-2.0	1.0	2.2	bbox	81	91.1	91.1	91.1	161,81,13,14	545.3	39.4827903	73.5852190	4611.2
83	83	1.184	рюкзак-синий	6.3	24.7	порода-в-тени	0.912	14.1	-1.0	-8.0	8.1	bbox	82	50.1	50.1	50.1	535,975,10,25	544.5	39.4827946	73.5852202	4611.3
84	84	1.789	стакан-марка-красная	14.0	9.8	снег-освещённый	0.797	59.6	-3.0	0.0	3.0	bbox	83	29.0	25.0	29.0	136,211,15,14	544.1	39.4827887	73.5852204	4611.2
85	85	1.480	стакан-марка-красная	11.0	14.9	снег-розовый	0.581	64.7	0.0	0.0	0.0	bbox	84	106.2	101.2	117.2	273,55,16,10	543.1	39.4827885	73.5852170	4611.2
86	86	1.452	стакан-марка-красная	11.0	12.6	снег-розовый	0.649	62.4	0.0	0.0	0.0	bbox	85	102.2	102.2	118.2	289,0,13,17	539.0	39.4827905	73.5852162	4611.2
87	87	1.683	стакан-марка-красная	12.2	20.2	снег-освещённый	0.405	70.0	-1.0	-1.0	1.4	bbox	86	5.0	5.0	5.0	1146,939,18,15	538.9	39.4827926	73.5852150	4611.3
88	88	1.575	стакан-марка-красная	12.0	12.9	корка-жёлтая-на-скале	0.827	36.9	3.0	10.0	10.4	bbox	87	44.1	44.1	44.1	1909,273,11,16	533.4	39.4827940	73.5852169	4611.2
89	89	1.132	рюкзак-синий	5.4	25.5	порода-в-тени	1.206	13.3	3.0	-9.0	9.5	bbox	88	8.0	8.0	8.0	1009,129,16,12	530.4	39.4827914	73.5852168	4611.3
90	90	2.145	стакан-марка-красная	12.2	42.4	снег-освещённый	0.424	92.2	-1.0	-1.0	1.4	bbox	89	89.1	89.1	89.1	257,155,14,22	526.7	39.4827907	73.5852186	4611.2
91	91	1.908	стакан-марка-красная	11.0	36.9	порода-в-тени	0.524	12.9	0.0	2.0	2.0	bbox	90	101.2	101.2	104.2	1697,745,12,20	525.3	39.4827911	73.5852159	4611.2
92	92	1.342	стакан-марка-красная	10.2	11.8	порода-в-тени	0.887	38.0	1.0	3.0	3.2	bbox	91	22.0	22.0	22.0	75,0,16,17	518.1	39.4827893	73.5852202	4611.3
93	93	1.946	стакан-марка-красная	12.0	34.7	порода-в-тени	0.338	15.1	-1.0	1.0	1.4	bbox	92	141.2	141.2	141.2	391,983,16,18	517.3	39.4827896	73.5852173	4611.2
94	94	1.444	стакан-марка-красная	11.4	6.5	снег-в-тени	0.767	43.3	0.0	-2.0	2.0	bbox	93	154.2	154.2	154.2	33,95,26,26	513.9	39.4828861	73.5847815	4600.6
95	95	0.895	рюкзак-синий	7.1	3.9	снег-в-тени	0.477	34.9	0.0	-7.0	7.0	bbox	94	45.1	42.1	45.1	1627,781,16,20	507.7	39.4827936	73.5852176	4611.2
96	96	1.927	стакан-марка-красная	11.0	37.6	порода-в-тени	0.406	12.2	0.0	0.0	0.0	bbox	95	60.1	60.1	60.1	1670,818,9,39	505.0	39.4827920	73.5852179	4611.2
97	97	1.912	стакан-марка-красная	15.3	3.5	корка-жёлтая-на-скале	0.792	46.3	-2.0	9.0	9.2	bbox	96	160.3	160.3	160.3	493,417,12,12	498.2	39.4826559	73.5845712	4592.3
98	98	1.662	стакан-марка-красная	12.8	12.5	корка-жёлтая-на-скале	0.849	37.3	1.0	9.0	9.1	bbox	97	39.1	39.1	42.1	319,13,13,13	495.0	39.4827927	73.5852169	4611.2
99	99	1.468	стакан-марка-красная	11.2	12.5	порода-в-тени	0.652	37.3	0.0	-1.0	1.0	bbox	98	95.2	95.2	96.2	529,785,8,16	489.1	39.4827926	73.5852188	4611.2
100	100	1.011	рюкзак-синий	6.3	17.6	порода-в-тени	0.884	21.2	-1.0	-8.0	8.1	bbox	99	89.1	89.1	93.1	1809,0,13,17	487.3	39.4827907	73.5852186	4611.2
101	101	2.062	стакан-марка-красная	12.0	39.6	порода-в-тени	0.459	10.2	-1.0	1.0	1.4	bbox	100	103.2	101.2	103.2	337,238,13,16	486.4	39.4827898	73.5852163	4611.2
102	102	1.143	рюкзак-синий	6.1	23.9	порода-в-тени	0.931	14.9	0.0	-8.0	8.0	bbox	101	127.2	127.2	127.2	915,451,14,12	482.7	39.4827896	73.5852177	4611.2
103	103	1.207	рюкзак-синий	6.1	26.3	порода-в-тени	0.952	12.5	0.0	-8.0	8.0	bbox	102	49.1	48.1	49.1	785,602,8,25	482.1	39.4827941	73.5852198	4611.3
104	104	1.879	рюкзак-синий	14.6	13.1	порода-в-тени	0.259	25.7	-3.0	0.0	3.0	bbox	103	17.0	16.0	17.0	471,467,26,12	480.7	39.4827887	73.5852189	4611.3
105	105	2.038	стакан-марка-красная	12.0	38.6	порода-в-тени	0.432	11.2	-1.0	1.0	1.4	bbox	104	2.0	2.0	2.0	83,385,16,12	477.3	39.4827944	73.5852145	4611.2
106	106	1.940	рюкзак-синий	14.6	18.8	порода-в-тени	0.177	20.0	-3.0	0.0	3.0	bbox	105	13.0	13.0	13.0	515,212,28,7	475.3	39.4827894	73.5852180	4611.3
107	107	1.676	стакан-марка-красная	11.2	25.9	снег-освещённый	0.254	75.7	0.0	-1.0	1.0	bbox	106	5.0	5.0	7.0	1201,903,16,16	470.2	39.4827926	73.5852150	4611.3
108	108	1.912	рюкзак-синий	14.6	16.4	порода-в-тени	0.190	22.4	-3.0	0.0	3.0	bbox	107	17.0	14.0	19.0	1315,547,14,12	466.9	39.4827887	73.5852189	4611.3
109	109	2.079	стакан-марка-красная	11.0	43.5	порода-в-тени	0.577	6.3	0.0	0.0	0.0	bbox	108	40.1	40.1	40.1	1798,577,11,16	464.3	39.4827932	73.5852163	4611.3
110	110	2.238	стакан-марка-красная	11.0	49.4	снег-освещённый	0.672	99.2	0.0	0.5	0.5	bbox	109	139.2	139.2	139.2	145,737,16,8	462.1	39.4827892	73.5852175	4611.2
111	111	1.432	стакан-марка-красная	11.0	10.6	снег-розовый	0.709	60.4	0.0	0.0	0.0	bbox	110	86.1	83.1	86.1	149,55,17,15	459.3	39.4827924	73.5852177	4611.2
112	112	1.908	стакан-марка-красная	11.0	36.9	порода-в-тени	0.386	12.9	0.0	0.0	0.0	bbox	111	2.0	2.0	5.0	9,101,16,12	458.3	39.4827944	73.5852145	4611.2
113	113	0.925	рюкзак-синий	7.3	4.7	снег-в-тени	0.520	34.1	-1.0	-7.0	7.1	bbox	112	45.1	45.1	45.1	1729,737,12,16	456.3	39.4827936	73.5852176	4611.2
114	114	2.252	стакан-марка-красная	11.0	49.8	снег-освещённый	0.683	99.6	0.0	0.0	0.0	bbox	113	101.2	101.2	104.2	1631,331,18,14	453.8	39.4827911	73.5852159	4611.2
115	115	1.542	стакан-марка-красная	11.4	16.5	снег-освещённый	0.589	66.3	0.0	-2.0	2.0	bbox	114	9.0	6.0	10.0	730,980,23,13	443.7	39.4827910	73.5852169	4611.3
116	116	2.078	стакан-марка-красная	13.0	36.1	снег-освещённый	0.220	85.9	-2.0	0.0	2.0	bbox	115	110.2	106.2	110.2	1553,455,16,10	423.1	39.4827884	73.5852173	4611.2
117	117	1.906	рюкзак-синий	13.3	25.9	порода-в-тени	0.266	12.9	-2.0	-1.0	2.2	bbox	116	150.2	150.2	155.2	1143,199,17,13	420.9	39.4828294	73.5851057	4608.1
118	118	0.762	рюкзак-синий	6.1	1.5	снег-в-тени	0.377	37.3	0.0	-8.0	8.0	bbox	117	120.2	120.2	120.2	429,969,18,11	420.3	39.4827901	73.5852173	4611.2
119	119	1.084	рюкзак-синий	8.1	11.2	снег-в-тени	0.262	50.0	0.0	-6.0	6.0	bbox	118	152.2	152.2	152.2	117,17,16,22	420.2	39.4828685	73.5849604	4604.4
120	120	2.014	рюкзак-синий	14.3	25.9	порода-в-тени	0.294	12.9	-2.0	0.0	2.0	bbox	119	1.0	1.0	2.0	523,467,6,19	415.5	39.4827946	73.5852142	4611.2
121	121	0.761	рюкзак-синий	6.1	0.8	снег-в-тени	0.429	38.0	2.0	-8.0	8.2	bbox	120	153.2	153.2	154.2	0,233,5,24	414.6	39.4828831	73.5848732	4602.6
122	122	1.991	стакан-марка-красная	12.0	36.5	снег-освещённый	0.196	86.3	-1.0	0.0	1.0	bbox	121	123.2	121.2	123.2	1401,1041,8,16	412.6	39.4827889	73.5852182	4611.2
123	123	1.381	стакан-марка-красная	11.0	0.8	снег-в-тени	1.005	50.6	0.0	0.0	0.0	bbox	122	113.2	112.2	118.2	1257,553,22,8	403.5	39.4827891	73.5852173	4611.2
124	124	1.728	стакан-марка-красная	13.0	16.5	порода-в-тени	0.525	33.3	-2.0	1.0	2.2	bbox	123	119.2	119.2	123.2	833,995,8,26	403.4	39.4827903	73.5852170	4611.2
125	125	1.228	рюкзак-синий	5.1	29.4	порода-в-тени	1.185	9.4	2.0	-9.0	9.2	bbox	124	122.2	106.2	122.2	601,203,12,14	400.8	39.4827891	73.5852183	4611.2
126	126	1.568	стакан-марка-красная	11.0	20.8	снег-розовый	0.354	70.6	0.0	2.0	2.0	bbox	125	141.2	138.2	141.2	267,1010,24,7	394.4	39.4827896	73.5852173	4611.2
127	127	1.133	рюкзак-синий	8.0	14.9	снег-в-тени	0.351	53.7	1.0	-6.0	6.1	bbox	126	152.2	152.2	152.2	29,241,16,20	388.9	39.4828685	73.5849604	4604.4
128	128	1.761	стакан-марка-красная	14.0	4.3	порода-в-тени	0.913	45.5	-3.0	0.0	3.0	bbox	127	4.0	3.0	4.0	33,9,14,8	383.8	39.4827930	73.5852148	4611.3
129	129	0.543	рюкзак-синий	3.2	10.4	снег-в-тени	0.378	49.2	0.0	-11.0	11.0	bbox	128	46.1	46.1	46.1	1885,997,12,8	381.0	39.4827932	73.5852184	4611.2
130	130	1.467	стакан-марка-красная	11.0	14.3	снег-розовый	0.557	64.1	0.0	1.0	1.0	bbox	129	125.2	120.2	125.2	1241,497,8,18	378.2	39.4827892	73.5852179	4611.2
131	131	1.406	стакан-марка-красная	11.0	7.5	снег-розовый	0.808	57.3	0.0	0.0	0.0	bbox	130	119.2	119.2	123.2	1395,163,12,14	377.8	39.4827903	73.5852170	4611.2
132	132	1.904	рюкзак-синий	14.6	15.7	порода-в-тени	0.202	23.1	-3.0	0.0	3.0	bbox	131	34.1	34.1	34.1	419,259,9,14	374.8	39.4827905	73.5852191	4611.3
133	133	1.278	стакан-марка-красная	10.0	7.4	порода-в-тени	0.904	42.4	1.0	1.0	1.4	bbox	132	32.1	32.1	32.1	1865,625,14,12	372.9	39.4827898	73.5852193	4611.2
134	134	1.498	стакан-марка-красная	11.0	16.3	порода-в-тени	0.546	33.5	0.0	0.0	0.0	bbox	133	8.0	8.0	8.0	897,1053,6,20	371.9	39.4827914	73.5852168	4611.3
135	135	1.087	рюкзак-синий	5.4	23.9	порода-в-тени	1.027	14.9	-1.0	-9.0	9.1	bbox	134	119.2	119.2	119.2	1217,210,16,13	367.1	39.4827903	73.5852170	4611.2
136	136	0.841	рюкзак-синий	5.6	13.1	снег-в-тени	0.792	25.7	0.0	-8.5	8.5	bbox	135	50.1	50.1	50.1	73,457,8,15	366.2	39.4827946	73.5852202	4611.3
137	137	2.028	стакан-марка-красная	12.0	38.0	порода-в-тени	0.501	11.8	-1.0	2.0	2.2	bbox	136	106.2	101.2	112.2	1525,855,14,19	364.8	39.4827885	73.5852170	4611.2
138	138	1.347	стакан-марка-красная	10.8	1.2	снег-в-тени	0.638	48.6	1.0	-3.0	3.2	bbox	137	49.1	48.1	50.1	1400,49,9,15	364.6	39.4827941	73.5852198	4611.3
139	139	1.675	стакан-марка-красная	12.0	20.6	порода-в-тени	0.361	29.2	-1.0	0.0	1.0	bbox	138	18.0	18.0	18.0	1257,657,8,15	364.1	39.4827884	73.5852193	4611.3
140	140	1.452	стакан-марка-красная	11.0	12.6	снег-розовый	0.649	62.4	0.0	0.0	0.0	bbox	139	100.2	100.2	100.2	0,241,9,18	362.8	39.4827918	73.5852162	4611.2
141	141	1.591	стакан-марка-красная	12.7	0.2	корка-жёлтая-на-скале	0.678	50.0	2.0	10.0	10.2	bbox	140	133.2	129.2	133.2	1529,1027,10,10	359.6	39.4827917	73.5852170	4611.2
142	142	1.834	рюкзак-синий	7.0	45.1	снег-пересвеченный	0.835	83.9	1.0	-7.0	7.1	bbox	141	148.2	145.2	148.2	21,58,11,21	359.0	39.4827981	73.5851957	4610.9
143	143	1.834	рюкзак-синий	11.4	32.3	порода-в-тени	0.557	6.5	-2.0	-3.0	3.6	bbox	142	3.0	3.0	4.0	40,747,13,12	358.3	39.4827936	73.5852146	4611.3
144	144	0.927	рюкзак-синий	7.1	7.8	снег-в-тени	0.614	31.0	0.0	-7.0	7.0	bbox	143	154.2	153.2	154.2	25,967,24,10	357.3	39.4828861	73.5847815	4600.6
145	145	1.830	рюкзак-синий	11.4	32.1	порода-в-тени	0.551	6.7	-2.0	-3.0	3.6	bbox	144	3.0	3.0	3.0	3,827,13,13	357.0	39.4827936	73.5852146	4611.3
146	146	2.064	рюкзак-синий	14.3	28.8	порода-в-тени	0.392	10.0	-2.0	0.0	2.0	bbox	145	99.2	99.2	99.2	1144,193,12,13	356.0	39.4827921	73.5852167	4611.2
147	147	1.986	стакан-марка-красная	13.0	31.8	порода-в-тени	0.384	18.0	-2.0	2.0	2.8	bbox	146	132.2	132.2	132.2	1460,996,13,12	355.4	39.4827914	73.5852170	4611.2
148	148	1.813	рюкзак-синий	7.1	44.3	снег-пересвеченный	0.756	83.1	0.0	-7.0	7.0	bbox	147	148.2	148.2	148.2	0,133,7,28	352.5	39.4827981	73.5851957	4610.9
149	149	1.431	стакан-марка-красная	11.0	10.6	порода-в-тени	0.809	39.2	0.0	2.0	2.0	bbox	148	23.0	23.0	23.0	63,0,15,13	351.5	39.4827891	73.5852204	4611.2
150	150	2.054	рюкзак-синий	14.3	28.2	порода-в-тени	0.372	10.6	-2.0	0.0	2.0	bbox	149	159.3	159.3	159.3	1643,689,16,6	350.8	39.4826916	73.5845390	4592.9
151	151	1.183	рюкзак-синий	7.3	21.2	порода-в-тени	0.767	17.6	-1.0	-7.0	7.1	bbox	150	127.2	125.2	127.2	963,467,14,12	350.5	39.4827896	73.5852177	4611.2
152	152	1.000	рюкзак-синий	8.0	0.8	снег-в-тени	0.447	38.0	1.0	-6.0	6.1	bbox	151	147.2	147.2	148.2	1881,749,12,22	350.0	39.4827910	73.5852148	4611.2
153	153	1.143	рюкзак-синий	6.1	23.9	порода-в-тени	0.931	14.9	0.0	-8.0	8.0	bbox	152	126.2	125.2	126.2	851,675,12,12	349.9	39.4827894	73.5852178	4611.2
154	154	1.646	стакан-марка-красная	11.0	25.1	снег-освещённый	0.245	74.9	0.0	0.0	0.0	bbox	153	88.1	88.1	88.1	487,401,10,16	349.2	39.4827912	73.5852186	4611.2
155	155	2.362	стакан-марка-красная	15.1	39.6	снег-пересвеченный	0.254	89.4	-4.0	-1.0	4.1	bbox	154	20.0	20.0	20.0	1432,888,17,15	346.0	39.4827886	73.5852193	4611.3
156	156	1.384	стакан-марка-красная	11.0	2.7	порода-в-тени	0.992	47.1	0.0	0.0	0.0	bbox	155	93.1	93.1	95.2	1734,758,11,11	341.4	39.4827914	73.5852191	4611.2
157	157	2.018	рюкзак-синий	13.0	33.3	порода-в-тени	0.588	5.5	0.0	-1.0	1.0	bbox	156	99.2	99.2	99.2	753,741,11,11	338.7	39.4827921	73.5852167	4611.2
158	158	2.248	стакан-марка-красная	11.0	49.8	снег-освещённый	0.695	99.6	0.0	1.0	1.0	bbox	157	88.1	88.1	88.1	1319,977,6,16	337.4	39.4827912	73.5852186	4611.2
159	159	1.850	стакан-марка-красная	12.4	28.4	снег-освещённый	0.266	78.2	-1.0	-2.0	2.2	bbox	158	17.0	17.0	22.0	1075,845,14,10	337.1	39.4827887	73.5852189	4611.3
160	160	1.035	рюкзак-синий	7.0	15.5	порода-в-тени	0.845	23.3	1.0	-7.0	7.1	bbox	159	87.1	82.1	87.1	1883,1041,22,15	335.6	39.4827918	73.5852181	4611.2
161	161	2.330	стакан-марка-красная	12.0	49.8	снег-пересвеченный	0.620	99.6	-1.0	0.0	1.0	bbox	160	2.0	2.0	2.0	1355,751,30,8	334.8	39.4827944	73.5852145	4611.2
162	162	1.462	рюкзак-синий	10.2	20.0	снег-в-тени	0.649	58.8	-1.0	-4.0	4.1	bbox	161	22.0	22.0	22.0	289,337,11,14	331.6	39.4827893	73.5852202	4611.3
163	163	1.076	рюкзак-синий	6.0	21.6	снег-в-тени	0.467	60.4	1.0	-8.0	8.1	bbox	162	144.2	143.2	144.2	31,963,6,32	330.6	39.4827909	73.5852160	4611.2
164	164	0.801	рюкзак-синий	4.5	16.1	снег-в-тени	0.937	22.7	-1.0	-10.0	10.0	bbox	163	125.2	125.2	125.2	769,226,9,15	329.3	39.4827892	73.5852179	4611.2
165	165	2.005	стакан-марка-красная	12.0	37.3	порода-в-тени	0.396	12.5	-1.0	1.0	1.4	bbox	164	128.2	128.2	128.2	657,17,12,12	328.5	39.4827898	73.5852175	4611.2
166	166	0.745	рюкзак-синий	5.0	11.3	снег-в-тени	0.748	27.5	1.0	-9.0	9.1	bbox	165	138.2	138.2	139.2	375,161,6,16	326.2	39.4827896	73.5852175	4611.2
167	167	1.663	стакан-марка-красная	12.2	18.8	снег-освещённый	0.452	68.6	-1.0	-1.0	1.4	bbox	166	49.1	48.1	49.1	1633,1025,11,15	320.8	39.4827941	73.5852198	4611.3
168	168	1.650	стакан-марка-красная	11.7	21.4	снег-освещённый	0.524	71.2	0.0	-3.0	3.0	bbox	167	46.1	46.1	46.1	1801,1047,14,28	320.6	39.4827932	73.5852184	4611.2
169	169	1.933	рюкзак-синий	14.6	18.2	порода-в-тени	0.177	20.6	-3.0	0.0	3.0	bbox	168	9.0	8.0	10.0	675,49,17,12	318.0	39.4827910	73.5852169	4611.3
170	170	2.027	стакан-марка-красная	11.0	41.6	порода-в-тени	0.517	8.2	0.0	0.0	0.0	bbox	169	107.2	99.2	107.2	1673,480,6,21	314.9	39.4827883	73.5852174	4611.2
171	171	1.511	рюкзак-синий	10.8	19.2	порода-в-тени	0.396	19.6	-3.0	-4.0	5.0	bbox	170	25.0	25.0	25.0	251,1065,14,8	309.6	39.4827888	73.5852209	4611.3
172	172	0.601	рюкзак-синий	4.1	8.7	снег-в-тени	0.354	47.5	2.0	-10.0	10.2	bbox	171	157.3	157.3	165.3	0,587,15,6	307.9	39.4827968	73.5845471	4595.2
173	173	1.415	стакан-марка-красная	11.0	8.6	порода-в-тени	0.793	41.2	0.0	0.0	0.0	bbox	172	32.1	32.1	33.1	1649,793,13,13	307.7	39.4827898	73.5852193	4611.2
174	174	1.067	рюкзак-синий	6.1	21.0	порода-в-тени	0.915	17.8	0.0	-8.0	8.0	bbox	173	28.0	24.0	28.0	523,849,6,16	306.9	39.4827884	73.5852209	4611.2
175	175	2.048	стакан-марка-красная	11.0	42.3	порода-в-тени	0.646	7.5	0.0	2.0	2.0	bbox	174	139.2	139.2	139.2	169,976,22,10	305.7	39.4827892	73.5852175	4611.2
176	176	1.575	стакан-марка-красная	12.0	12.9	порода-в-тени	0.614	36.9	-1.0	0.0	1.0	bbox	175	122.2	122.2	123.2	1137,1041,11,10	304.5	39.4827891	73.5852183	4611.2
177	177	1.908	стакан-марка-красная	11.0	36.9	порода-в-тени	0.386	12.9	0.0	0.0	0.0	bbox	176	92.1	92.1	92.1	433,1071,12,9	301.6	39.4827908	73.5852189	4611.2
178	178	0.883	рюкзак-синий	6.3	11.0	снег-в-тени	0.144	49.8	-1.0	-8.0	8.1	bbox	177	154.2	154.2	154.2	193,961,8,18	301.2	39.4828861	73.5847815	4600.6
179	179	1.086	рюкзак-синий	8.5	5.5	снег-в-тени	0.375	44.3	-2.0	-6.0	6.3	bbox	178	24.0	24.0	24.0	439,675,13,11	300.4	39.4827890	73.5852207	4611.3
180	180	1.963	стакан-марка-красная	12.0	35.3	порода-в-тени	0.275	14.5	-1.0	0.0	1.0	bbox	179	124.2	124.2	124.2	8,113,10,14	300.2	39.4827891	73.5852181	4611.2
181	181	1.947	стакан-марка-красная	11.0	38.4	порода-в-тени	0.427	11.4	0.0	0.0	0.0	bbox	180	158.3	158.3	158.3	1258,172,15,8	300.1	39.4827413	73.5845277	4594.0
182	182	1.893	стакан-марка-красная	14.8	11.8	корка-жёлтая-на-скале	1.034	61.6	-2.0	8.0	8.2	bbox	181	53.1	53.1	55.1	1771,659,14,6	299.1	39.4827956	73.5852201	4611.2
183	183	1.519	стакан-марка-красная	11.2	16.7	снег-освещённый	0.541	66.5	0.0	-1.0	1.0	bbox	182	51.1	49.1	51.1	1243,505,6,24	295.5	39.4827951	73.5852203	4611.3
184	184	0.904	рюкзак-синий	7.2	1.7	снег-в-тени	0.536	37.1	-3.0	-8.0	8.5	bbox	183	45.1	45.1	45.1	1857,813,23,4	294.0	39.4827936	73.5852176	4611.2
185	185	1.884	стакан-марка-красная	15.0	5.1	порода-в-тени	0.937	44.7	-4.0	1.0	4.1	bbox	184	4.0	1.0	8.0	497,161,14,6	293.9	39.4827930	73.5852148	4611.3
186	186	1.050	рюкзак-синий	6.0	20.6	порода-в-тени	0.955	18.2	1.0	-8.0	8.1	bbox	185	116.2	116.2	116.2	1025,49,16,6	293.7	39.4827900	73.5852170	4611.2
187	187	1.558	стакан-марка-красная	11.0	20.2	снег-освещённый	0.405	70.0	0.0	0.0	0.0	bbox	186	105.2	102.2	109.2	1623,541,10,11	293.1	39.4827890	73.5852166	4611.2
188	188	1.976	рюкзак-синий	14.6	21.5	порода-в-тени	0.209	17.3	-3.0	0.0	3.0	bbox	187	31.0	31.0	31.0	611,483,12,9	291.8	39.4827896	73.5852197	4611.2
189	189	0.803	рюкзак-синий	6.3	3.9	снег-в-тени	0.220	42.7	-1.0	-8.0	8.1	bbox	188	32.1	32.1	32.1	913,833,6,16	290.6	39.4827898	73.5852193	4611.2
190	190	1.089	рюкзак-синий	5.1	24.7	снег-в-тени	0.627	63.5	2.0	-9.0	9.2	bbox	189	159.3	159.3	159.3	85,81,10,16	286.7	39.4826916	73.5845390	4592.9
191	191	0.661	рюкзак-синий	5.1	4.9	снег-в-тени	0.315	43.7	2.0	-9.0	9.2	bbox	190	31.0	31.0	31.0	723,625,10,8	284.7	39.4827896	73.5852197	4611.2
192	192	1.801	стакан-марка-красная	12.4	25.9	снег-освещённый	0.310	75.7	-1.0	-2.0	2.2	bbox	191	9.0	6.0	13.0	979,752,14,17	284.0	39.4827910	73.5852169	4611.3
193	193	1.821	стакан-марка-красная	13.0	22.7	снег-освещённый	0.320	72.5	-2.0	0.0	2.0	bbox	192	85.1	81.1	85.1	1369,697,16,13	283.1	39.4827927	73.5852176	4611.2
194	194	1.035	рюкзак-синий	6.0	20.0	порода-в-тени	0.954	18.8	1.0	-8.0	8.1	bbox	193	116.2	116.2	116.2	673,875,15,6	282.7	39.4827900	73.5852170	4611.2
195	195	1.086	рюкзак-синий	7.1	17.7	снег-в-тени	0.334	56.5	0.0	-7.0	7.0	bbox	194	137.2	137.2	138.2	461,203,4,20	281.8	39.4827900	73.5852174	4611.1
196	196	1.707	рюкзак-синий	11.2	27.4	порода-в-тени	0.427	11.4	-1.0	-3.0	3.2	bbox	195	22.0	22.0	23.0	1347,759,12,12	281.7	39.4827893	73.5852202	4611.3
197	197	0.536	рюкзак-синий	4.0	5.1	снег-в-тени	0.342	43.9	1.5	-10.0	10.1	bbox	196	18.0	18.0	18.0	443,935,6,12	281.3	39.4827884	73.5852193	4611.3
198	198	1.472	стакан-марка-красная	11.0	14.7	снег-розовый	0.545	64.5	0.0	1.0	1.0	bbox	197	101.2	101.2	105.2	445,21,6,14	279.6	39.4827911	73.5852159	4611.2
199	199	2.251	стакан-марка-красная	11.2	49.4	снег-пересвеченный	0.638	99.2	0.0	-1.0	1.0	bbox	198	34.1	34.1	34.1	1757,1041,6,17	279.4	39.4827905	73.5852191	4611.3
200	200	0.903	рюкзак-синий	6.0	14.1	снег-в-тени	0.834	24.7	1.0	-8.0	8.1	bbox	199	31.0	30.0	34.1	273,1025,6,16	278.5	39.4827896	73.5852197	4611.2
201	201	2.059	стакан-марка-красная	11.2	42.4	снег-освещённый	0.442	92.2	0.0	-1.0	1.0	bbox	200	119.2	119.2	119.2	1764,113,13,16	278.1	39.4827903	73.5852170	4611.2
202	202	1.506	стакан-марка-красная	11.2	15.7	снег-освещённый	0.575	65.5	0.0	-1.0	1.0	bbox	201	141.2	140.2	148.2	717,381,11,12	277.3	39.4827896	73.5852173	4611.2
203	203	1.092	рюкзак-синий	6.1	21.9	порода-в-тени	0.919	16.9	0.0	-8.0	8.0	bbox	202	31.0	31.0	31.0	147,946,6,14	275.6	39.4827896	73.5852197	4611.2
204	204	1.164	рюкзак-синий	6.1	24.7	порода-в-тени	0.937	14.1	0.0	-8.0	8.0	bbox	203	90.1	90.1	90.1	1380,755,11,12	275.4	39.4827904	73.5852189	4611.2
205	205	1.787	стакан-марка-красная	12.2	26.3	снег-освещённый	0.210	76.1	-1.0	-1.0	1.4	bbox	204	49.1	44.1	51.1	1183,721,18,16	274.5	39.4827941	73.5852198	4611.3
206	206	0.773	рюкзак-синий	6.0	5.3	снег-в-тени	0.525	33.5	1.0	-8.0	8.1	bbox	205	160.3	160.3	160.3	1905,389,8,16	273.7	39.4826559	73.5845712	4592.3
207	207	0.997	рюкзак-синий	6.0	18.4	порода-в-тени	0.952	20.4	1.0	-8.0	8.1	bbox	206	92.1	88.1	92.1	295,1049,10,16	273.3	39.4827908	73.5852189	4611.2
208	208	1.062	рюкзак-синий	6.1	20.8	порода-в-тени	0.914	18.0	0.0	-8.0	8.0	bbox	207	47.1	47.1	47.1	573,535,8,18	273.0	39.4827934	73.5852191	4611.2
209	209	1.839	рюкзак-синий	11.4	32.5	порода-в-тени	0.563	6.3	-2.0	-3.0	3.6	bbox	208	4.0	4.0	4.0	409,1025,12,10	272.7	39.4827930	73.5852148	4611.3
210	210	1.919	стакан-марка-красная	12.0	33.5	порода-в-тени	0.316	16.3	-1.0	1.0	1.4	bbox	209	126.2	126.2	126.2	275,292,8,11	271.5	39.4827894	73.5852178	4611.2
211	211	2.130	стакан-марка-красная	12.5	40.4	снег-освещённый	0.341	90.2	-1.5	0.0	1.5	bbox	210	164.3	164.3	164.3	779,433,6,16	271.5	39.4826754	73.5847064	4591.8
212	212	0.984	рюкзак-синий	7.1	12.1	снег-в-тени	0.805	26.7	2.0	-7.0	7.3	bbox	211	155.2	155.2	155.2	1912,993,5,24	267.4	39.4828738	73.5846894	4598.6
213	213	1.032	рюкзак-синий	5.1	22.7	порода-в-тени	1.129	16.1	2.0	-9.0	9.2	bbox	212	48.1	47.1	48.1	411,981,6,14	263.8	39.4827936	73.5852195	4611.2
214	214	0.912	рюкзак-синий	7.0	7.2	снег-в-тени	0.606	31.6	1.0	-7.0	7.1	bbox	213	151.2	151.2	151.2	93,293,14,12	259.4	39.4828491	73.5850390	4606.3
215	215	1.950	стакан-марка-красная	11.4	37.3	снег-освещённый	0.358	87.1	0.0	-2.0	2.0	bbox	214	34.1	33.1	35.1	1816,950,10,11	257.1	39.4827905	73.5852191	4611.3
216	216	1.078	рюкзак-синий	7.0	17.6	порода-в-тени	0.839	21.2	1.0	-7.0	7.1	bbox	215	129.2	127.2	131.2	63,194,10,21	256.0	39.4827903	73.5852175	4611.2
217	217	0.619	рюкзак-синий	4.5	7.2	снег-в-тени	0.622	31.6	1.0	-9.5	9.6	bbox	216	149.2	145.2	149.2	1753,1069,8,11	255.9	39.4828120	73.5851582	4609.6
218	218	0.797	рюкзак-синий	6.1	6.6	снег-в-тени	0.612	32.2	2.0	-8.0	8.2	bbox	217	162.3	161.3	165.3	1903,383,8,18	255.1	39.4826479	73.5846514	4592.0
219	219	1.660	рюкзак-синий	9.5	32.5	порода-в-тени	0.710	6.3	-2.0	-5.0	5.4	bbox	218	4.0	3.0	10.0	885,791,17,7	254.5	39.4827930	73.5852148	4611.3
220	220	1.065	рюкзак-синий	6.3	20.0	порода-в-тени	0.886	18.8	-1.0	-8.0	8.1	bbox	219	47.1	47.1	47.1	247,731,4,22	251.9	39.4827934	73.5852191	4611.2
221	221	0.872	рюкзак-синий	2.2	23.1	снег-в-тени	1.276	15.7	2.0	-12.0	12.2	bbox	220	47.1	47.1	47.1	99,953,6,16	251.1	39.4827934	73.5852191	4611.2
222	222	1.917	стакан-марка-красная	11.0	37.3	порода-в-тени	0.396	12.5	0.0	0.0	0.0	bbox	221	118.2	108.2	118.2	197,194,9,12	251.0	39.4827906	73.5852166	4611.2
223	223	1.957	стакан-марка-красная	15.7	0.4	корка-жёлтая-на-скале	0.954	49.4	-3.0	8.0	8.5	bbox	222	158.3	158.3	158.3	49,695,8,10	250.1	39.4827413	73.5845277	4594.0
224	224	1.119	рюкзак-синий	8.5	9.4	снег-в-тени	0.862	29.4	4.0	-6.0	7.2	bbox	223	36.1	36.1	37.1	1913,453,7,20	249.4	39.4827913	73.5852180	4611.2
225	225	2.014	рюкзак-синий	14.3	25.9	порода-в-тени	0.294	12.9	-2.0	0.0	2.0	bbox	224	127.2	127.2	127.2	415,316,10,14	246.4	39.4827896	73.5852177	4611.2
226	226	1.800	стакан-марка-красная	11.2	31.8	снег-освещённый	0.179	81.6	0.0	-1.0	1.0	bbox	225	47.1	47.1	47.1	1895,1040,15,11	246.3	39.4827934	73.5852191	4611.2
227	227	0.787	рюкзак-синий	6.0	6.6	снег-в-тени	0.572	32.2	1.0	-8.0	8.1	bbox	226	155.2	153.2	159.3	1847,857,6,18	246.3	39.4828738	73.5846894	4598.6
228	228	2.252	стакан-марка-красная	11.0	49.8	снег-освещённый	0.683	99.6	0.0	0.0	0.0	bbox	227	112.2	112.2	112.2	1521,601,8,8	246.2	39.4827888	73.5852172	4611.2
229	229	1.790	стакан-марка-красная	14.3	1.2	корка-жёлтая-на-скале	1.031	48.6	-2.0	7.0	7.3	bbox	228	159.3	159.3	159.3	317,473,10,9	245.4	39.4826916	73.5845390	4592.9
230	230	2.336	рюкзак-синий	9.2	56.9	снег-пересвеченный	0.486	95.7	-1.0	-5.0	5.1	bbox	229	106.2	105.2	109.2	1892,425,13,8	244.5	39.4827885	73.5852170	4611.2
231	231	1.008	рюкзак-синий	8.1	0.2	снег-в-тени	0.412	38.6	0.0	-6.0	6.0	bbox	230	146.2	138.2	150.2	1881,751,12,20	244.2	39.4827909	73.5852160	4611.2
232	232	1.307	рюкзак-синий	6.1	29.8	порода-в-тени	0.997	9.0	0.0	-8.0	8.0	bbox	231	50.1	46.1	51.1	613,835,6,12	243.4	39.4827946	73.5852202	4611.3
233	233	1.284	стакан-марка-красная	10.0	7.4	порода-в-тени	0.878	42.4	1.0	0.0	1.0	bbox	232	33.1	32.1	33.1	1305,1059,8,11	243.2	39.4827900	73.5852191	4611.3
234	234	1.941	стакан-марка-красная	15.2	10.6	снег-розовый	1.077	60.4	-3.0	7.0	7.6	bbox	233	135.2	135.2	135.2	1817,637,8,8	242.0	39.4827913	73.5852170	4611.2
235	235	1.925	рюкзак-синий	14.9	14.1	порода-в-тени	0.319	24.7	-4.0	0.0	4.0	bbox	234	14.0	12.0	16.0	1571,435,14,7	241.5	39.4827894	73.5852180	4611.3
236	236	1.606	стакан-марка-красная	11.0	22.9	снег-освещённый	0.314	72.7	0.0	0.0	0.0	bbox	235	105.2	103.2	122.2	1429,917,10,10	241.4	39.4827890	73.5852166	4611.2
237	237	1.728	стакан-марка-красная	11.2	28.4	снег-освещённый	0.199	78.2	0.0	-1.0	1.0	bbox	236	25.0	25.0	25.0	856,925,9,20	241.0	39.4827888	73.5852209	4611.3
238	238	2.330	стакан-марка-красная	12.0	49.8	снег-пересвеченный	0.620	99.6	-1.0	0.0	1.0	bbox	237	119.2	119.2	119.2	1889,49,8,8	240.2	39.4827903	73.5852170	4611.2
239	239	2.330	стакан-марка-красная	12.0	49.8	снег-пересвеченный	0.620	99.6	-1.0	0.0	1.0	bbox	238	89.1	89.1	89.1	1801,1065,8,8	239.9	39.4827907	73.5852186	4611.2
240	240	1.381	стакан-марка-красная	11.0	0.8	снег-в-тени	1.001	49.0	0.0	0.0	0.0	bbox	239	48.1	46.1	50.1	1759,1054,12,11	239.7	39.4827936	73.5852195	4611.2
241	241	1.203	рюкзак-синий	6.1	26.1	снег-в-тени	0.611	64.9	0.0	-8.0	8.0	bbox	240	151.2	151.2	151.2	1905,9,8,8	239.6	39.4828491	73.5850390	4606.3
242	242	2.288	стакан-марка-красная	11.5	49.8	снег-освещённый	0.677	99.6	-0.5	0.5	0.7	bbox	241	87.1	83.1	87.1	1313,465,8,8	238.8	39.4827918	73.5852181	4611.2
243	243	1.028	рюкзак-синий	8.0	6.6	снег-в-тени	0.625	32.2	1.0	-6.0	6.1	bbox	242	151.2	151.2	151.2	1829,809,9,16	238.7	39.4828491	73.5850390	4606.3
244	244	1.723	стакан-марка-красная	12.1	23.1	порода-в-тени	0.264	26.7	-1.0	-0.5	1.1	bbox	243	81.1	81.1	85.1	169,265,8,8	238.0	39.4827917	73.5852170	4611.2
245	245	1.137	рюкзак-синий	7.2	19.4	снег-в-тени	1.191	19.4	5.0	-8.0	9.4	bbox	244	93.1	93.1	94.1	29,1010,6,15	238.0	39.4827914	73.5852191	4611.2
246	246	1.616	стакан-марка-красная	12.0	16.5	порода-в-тени	0.495	33.3	-1.0	0.0	1.0	bbox	245	96.2	95.2	97.2	809,273,8,8	238.0	39.4827928	73.5852182	4611.2
247	247	0.881	рюкзак-синий	6.0	12.9	снег-в-тени	0.793	25.9	1.0	-8.0	8.1	bbox	246	123.2	123.2	123.2	1475,317,9,12	237.8	39.4827889	73.5852182	4611.2
248	248	1.935	рюкзак-синий	14.6	18.4	порода-в-тени	0.177	20.4	-3.0	0.0	3.0	bbox	247	11.0	10.0	11.0	385,898,7,21	237.3	39.4827902	73.5852179	4611.3
249	249	1.945	палка-древко-контроль	15.0	14.1	снег-освещённый	1.169	55.7	-7.0	0.0	7.0	bbox	248	112.2	112.2	112.2	1897,161,4,16	237.0	39.4827888	73.5852172	4611.2
250	250	0.638	рюкзак-синий	5.1	0.6	снег-в-тени	0.441	38.2	2.0	-9.0	9.2	bbox	249	152.2	152.2	152.2	21,888,8,11	236.7	39.4828685	73.5849604	4604.4
251	251	2.079	стакан-марка-красная	11.0	43.5	порода-в-тени	0.577	6.3	0.0	0.0	0.0	bbox	250	99.2	99.2	100.2	1908,9,8,13	236.5	39.4827921	73.5852167	4611.2
252	252	2.142	палка-древко-контроль	15.0	28.8	снег-освещённый	0.837	70.4	-7.0	0.0	7.0	bbox	251	102.2	102.2	103.2	1765,743,16,8	234.3	39.4827905	73.5852162	4611.2
253	253	1.103	рюкзак-синий	7.1	18.5	снег-в-тени	0.360	57.3	0.0	-7.0	7.0	bbox	252	158.3	157.3	158.3	255,121,12,12	234.2	39.4827413	73.5845277	4594.0
254	254	2.014	рюкзак-синий	14.1	27.0	порода-в-тени	0.355	11.8	-1.0	0.0	1.0	bbox	253	128.2	128.2	130.2	1745,832,8,11	233.1	39.4827898	73.5852175	4611.2
255	255	0.737	рюкзак-синий	5.8	3.1	снег-в-тени	0.515	35.7	-2.0	-9.0	9.2	bbox	254	83.1	83.1	85.1	1811,491,12,6	231.7	39.4827927	73.5852173	4611.2
256	256	2.287	стакан-марка-красная	11.5	49.8	снег-освещённый	0.686	99.6	-0.5	1.0	1.1	bbox	255	141.2	141.2	141.2	1569,965,16,8	231.3	39.4827896	73.5852173	4611.2
257	257	0.912	рюкзак-синий	5.4	17.2	снег-в-тени	0.953	21.6	-1.0	-9.0	9.1	bbox	256	92.1	92.1	92.1	1803,81,10,8	230.2	39.4827908	73.5852189	4611.2
258	258	1.813	рюкзак-синий	11.0	32.9	порода-в-тени	0.628	5.9	0.0	-3.0	3.0	bbox	257	23.0	19.0	23.0	1068,975,9,11	229.9	39.4827891	73.5852204	4611.2
259	259	1.879	стакан-марка-красная	11.0	35.7	порода-в-тени	0.358	14.1	0.0	0.0	0.0	bbox	258	48.1	46.1	51.1	1137,553,7,15	229.5	39.4827936	73.5852195	4611.2
260	260	0.751	рюкзак-синий	6.0	1.2	снег-в-тени	0.305	40.0	1.0	-8.0	8.1	bbox	259	154.2	154.2	155.2	79,1049,24,4	228.9	39.4828861	73.5847815	4600.6
261	261	1.264	рюкзак-синий	6.1	28.3	снег-в-тени	0.732	67.1	2.0	-8.0	8.2	bbox	260	157.3	157.3	157.3	107,569,4,16	227.1	39.4827968	73.5845471	4595.2
262	262	2.100	стакан-марка-красная	11.0	44.3	порода-в-тени	0.601	5.5	0.0	0.0	0.0	bbox	261	84.1	81.1	84.1	1393,881,10,8	225.9	39.4827928	73.5852175	4611.2
263	263	0.779	рюкзак-синий	6.0	5.9	снег-в-тени	0.167	44.7	1.0	-8.0	8.1	bbox	262	139.2	139.2	151.2	573,39,8,10	225.4	39.4827892	73.5852175	4611.2
264	264	1.123	рюкзак-синий	6.3	22.3	порода-в-тени	0.895	16.5	-1.0	-8.0	8.1	bbox	263	124.2	124.2	124.2	561,975,16,8	223.9	39.4827891	73.5852181	4611.2
265	265	1.072	рюкзак-синий	6.1	21.2	порода-в-тени	1.013	17.6	2.0	-8.0	8.2	bbox	264	31.0	31.0	31.0	485,679,6,10	223.4	39.4827896	73.5852197	4611.2
266	266	2.330	стакан-марка-красная	12.0	49.8	снег-пересвеченный	0.620	99.6	-1.0	0.0	1.0	bbox	265	88.1	88.1	88.1	1473,513,8,8	222.7	39.4827912	73.5852186	4611.2
267	267	1.470	стакан-марка-красная	11.0	14.1	порода-в-тени	0.613	35.7	0.0	0.0	0.0	bbox	266	99.2	98.2	99.2	961,1073,8,7	220.8	39.4827921	73.5852167	4611.2
268	268	1.416	рюкзак-синий	10.2	17.2	порода-в-тени	0.397	21.6	-1.0	-4.0	4.1	bbox	267	19.0	18.0	24.0	442,712,7,10	220.6	39.4827886	73.5852195	4611.3
269	269	0.886	рюкзак-синий	7.1	1.8	снег-в-тени	0.286	40.6	0.0	-7.0	7.0	bbox	268	20.0	18.0	20.0	281,705,8,10	219.7	39.4827886	73.5852193	4611.3
270	270	1.923	стакан-марка-красная	11.0	37.7	снег-освещённый	0.296	87.5	0.0	1.0	1.0	bbox	269	164.3	164.3	164.3	743,305,10,15	219.1	39.4826754	73.5847064	4591.8
271	271	1.855	стакан-марка-красная	14.8	5.1	корка-жёлтая-на-скале	0.917	44.7	-2.0	8.0	8.2	bbox	270	166.3	162.3	168.3	1155,767,8,8	219.1	39.4827003	73.5847402	4591.9
272	272	1.308	рюкзак-синий	5.0	32.2	снег-в-тени	0.847	71.0	1.0	-9.0	9.1	bbox	271	157.3	157.3	157.3	21,263,12,10	218.8	39.4827968	73.5845471	4595.2
273	273	1.251	рюкзак-синий	9.0	15.3	снег-в-тени	0.455	54.1	1.0	-5.0	5.1	bbox	272	152.2	151.2	152.2	0,164,17,13	218.2	39.4828685	73.5849604	4604.4
274	274	1.650	рюкзак-синий	9.5	32.1	порода-в-тени	0.700	6.7	-2.0	-5.0	5.4	bbox	273	41.1	41.1	41.1	1497,47,12,10	217.4	39.4827936	73.5852162	4611.3
275	275	0.714	рюкзак-синий	5.1	9.0	снег-в-тени	0.655	29.8	0.0	-9.0	9.0	bbox	274	120.2	120.2	120.2	508,1035,17,6	215.8	39.4827901	73.5852173	4611.2
276	276	1.084	рюкзак-синий	8.6	4.9	снег-в-тени	0.586	33.9	0.0	-5.5	5.5	bbox	275	28.0	28.0	31.0	227,971,4,14	215.3	39.4827884	73.5852209	4611.2
277	277	1.224	рюкзак-синий	6.0	27.1	снег-в-тени	0.658	65.9	1.0	-8.0	8.1	bbox	276	155.2	155.2	155.2	0,31,9,10	214.9	39.4828738	73.5846894	4598.6
278	278	1.650	стакан-марка-красная	11.0	25.5	порода-в-тени	0.342	24.3	0.0	0.5	0.5	bbox	277	6.0	6.0	7.0	275,985,10,13	213.6	39.4827921	73.5852158	4611.2
279	279	1.893	стакан-марка-красная	12.0	32.2	порода-в-тени	0.202	17.6	-1.0	0.0	1.0	bbox	278	28.0	28.0	28.0	707,390,9,9	213.4	39.4827884	73.5852209	4611.2
280	280	1.212	рюкзак-синий	8.2	17.9	снег-в-тени	0.422	56.7	-1.0	-6.0	6.1	bbox	279	37.1	36.1	37.1	1901,1025,16,16	212.7	39.4827916	73.5852176	4611.2
281	281	1.102	рюкзак-синий	6.1	22.3	порода-в-тени	0.921	16.5	0.0	-8.0	8.0	bbox	280	51.1	51.1	51.1	721,769,4,16	211.5	39.4827951	73.5852203	4611.3
282	282	1.234	рюкзак-синий	7.1	24.1	порода-в-тени	0.816	14.7	0.0	-7.0	7.0	bbox	281	50.1	48.1	50.1	622,401,7,10	210.3	39.4827946	73.5852202	4611.3
283	283	0.688	рюкзак-синий	5.5	0.8	снег-в-тени	0.324	39.6	1.0	-8.5	8.6	bbox	282	20.0	20.0	20.0	801,779,14,4	209.9	39.4827886	73.5852193	4611.3
284	284	1.040	рюкзак-синий	7.6	11.7	порода-в-тени	0.787	27.1	-2.0	-7.0	7.3	bbox	283	119.2	119.2	120.2	983,161,10,16	209.9	39.4827903	73.5852170	4611.2
285	285	1.549	стакан-марка-красная	12.0	10.2	снег-освещённый	0.743	60.0	-1.0	0.0	1.0	bbox	284	47.1	45.1	47.1	1415,949,10,10	209.4	39.4827934	73.5852191	4611.2
286	286	1.561	стакан-марка-красная	11.0	20.4	снег-освещённый	0.399	70.2	0.0	0.0	0.0	bbox	285	56.1	55.1	56.1	1740,280,8,10	209.0	39.4827951	73.5852187	4611.2
287	287	1.360	рюкзак-синий	9.4	19.0	порода-в-тени	0.673	19.8	-4.0	-6.0	7.2	bbox	286	82.1	82.1	86.1	1605,777,6,10	208.7	39.4827923	73.5852171	4611.2
288	288	1.823	стакан-марка-красная	11.0	33.3	снег-освещённый	0.150	83.1	0.0	0.0	0.0	bbox	287	130.2	126.2	131.2	397,243,9,10	207.7	39.4827908	73.5852174	4611.2
289	289	1.309	рюкзак-синий	7.1	27.0	порода-в-тени	0.849	11.8	0.0	-7.0	7.0	bbox	288	47.1	46.1	49.1	495,681,6,16	207.3	39.4827934	73.5852191	4611.2
290	290	0.768	рюкзак-синий	6.0	4.7	снег-в-тени	0.504	34.1	1.0	-8.0	8.1	bbox	289	149.2	149.2	150.2	1843,785,4,16	207.1	39.4828120	73.5851582	4609.6
291	291	1.435	стакан-марка-красная	11.4	4.7	снег-в-тени	0.787	54.5	0.0	-2.0	2.0	bbox	290	5.0	5.0	5.0	257,527,9,10	206.5	39.4827926	73.5852150	4611.3
292	292	0.970	рюкзак-синий	6.1	16.9	снег-в-тени	0.282	55.7	0.0	-8.0	8.0	bbox	291	162.3	162.3	162.3	1851,959,6,12	205.1	39.4826479	73.5846514	4592.0
293	293	1.404	стакан-марка-красная	11.0	7.1	снег-розовый	0.821	56.9	0.0	0.0	0.0	bbox	292	48.1	45.1	50.1	1859,772,11,9	204.4	39.4827936	73.5852195	4611.2
294	294	0.641	рюкзак-синий	4.7	6.8	снег-в-тени	0.673	32.0	2.5	-9.5	9.8	bbox	293	161.3	158.3	161.3	1857,1067,6,13	202.8	39.4826428	73.5846124	4592.2
295	295	1.714	стакан-марка-красная	11.0	28.6	снег-освещённый	0.196	78.4	0.0	1.0	1.0	bbox	294	61.1	53.1	63.1	271,102,6,19	200.8	39.4827920	73.5852177	4611.2
296	296	1.149	рюкзак-синий	7.3	19.6	снег-в-тени	0.419	58.4	-1.0	-7.0	7.1	bbox	295	155.2	155.2	155.2	121,1027,15,8	200.7	39.4828738	73.5846894	4598.6
297	297	0.769	рюкзак-синий	6.1	3.3	снег-в-тени	0.506	35.5	2.0	-8.0	8.2	bbox	296	150.2	150.2	150.2	1913,695,7,18	200.5	39.4828294	73.5851057	4608.1
298	298	1.717	стакан-марка-красная	12.0	23.1	порода-в-тени	0.285	26.7	-1.0	0.0	1.0	bbox	297	25.0	25.0	25.0	253,0,9,12	200.4	39.4827888	73.5852209	4611.3
299	299	1.321	рюкзак-синий	8.1	23.9	порода-в-тени	0.701	14.9	0.0	-6.0	6.0	bbox	298	8.0	8.0	8.0	330,515,7,14	200.3	39.4827914	73.5852168	4611.3
300	300	1.932	стакан-марка-красная	11.0	37.8	порода-в-тени	0.411	12.0	0.0	0.0	0.0	bbox	299	50.1	48.1	51.1	1073,737,7,10	199.8	39.4827946	73.5852202	4611.3
301	301	1.686	стакан-марка-красная	12.4	18.8	снег-освещённый	0.501	68.6	-1.0	-2.0	2.2	bbox	300	13.0	13.0	14.0	1259,566,10,15	199.3	39.4827894	73.5852180	4611.3
302	302	0.748	рюкзак-синий	5.0	11.3	снег-в-тени	0.740	27.5	0.5	-9.0	9.0	bbox	301	123.2	123.2	123.2	1137,66,6,13	199.3	39.4827889	73.5852182	4611.2
303	303	1.633	палка-древко-контроль	13.0	4.5	порода-в-тени	0.965	37.1	-8.0	-2.0	8.2	bbox	302	111.2	109.2	120.2	1751,689,6,10	198.9	39.4827886	73.5852172	4611.2
304	304	0.814	рюкзак-синий	6.0	8.8	снег-в-тени	0.125	47.6	1.0	-8.0	8.1	bbox	303	155.2	155.2	155.2	17,1041,8,8	198.6	39.4828738	73.5846894	4598.6
305	305	1.622	рюкзак-синий	12.6	10.2	порода-в-тени	0.343	28.6	-3.0	-2.0	3.6	bbox	304	18.0	18.0	18.0	500,867,7,12	198.4	39.4827884	73.5852193	4611.3
306	306	1.428	стакан-марка-красная	11.2	8.2	порода-в-тени	0.940	41.6	0.0	3.0	3.0	bbox	305	119.2	119.2	119.2	1884,1070,7,10	198.3	39.4827903	73.5852170	4611.2
307	307	1.818	рюкзак-синий	11.3	32.1	порода-в-тени	0.554	6.7	-1.5	-3.0	3.4	bbox	306	17.0	15.0	17.0	803,996,10,9	197.0	39.4827887	73.5852189	4611.3
308	308	0.825	рюкзак-синий	6.3	6.6	снег-в-тени	0.572	32.2	-1.0	-8.0	8.1	bbox	307	161.3	161.3	161.3	1898,799,7,8	197.0	39.4826428	73.5846124	4592.2
309	309	1.546	стакан-марка-красная	11.0	19.8	снег-розовый	0.399	69.6	0.0	1.0	1.0	bbox	308	140.2	140.2	140.2	691,465,6,10	196.3	39.4827892	73.5852174	4611.2
310	310	1.943	стакан-марка-красная	12.4	32.9	снег-освещённый	0.259	82.7	-1.0	-2.0	2.2	bbox	309	28.0	26.0	30.0	1415,405,10,12	195.3	39.4827884	73.5852209	4611.2
311	311	1.841	стакан-марка-красная	11.0	34.1	порода-в-тени	0.326	15.7	0.0	0.0	0.0	bbox	310	38.1	38.1	38.1	649,873,8,8	195.1	39.4827921	73.5852171	4611.2
312	312	2.273	стакан-марка-красная	14.1	40.0	снег-пересвеченный	0.281	89.8	-3.0	-1.0	3.2	bbox	311	26.0	26.0	31.0	946,902,14,11	194.3	39.4827882	73.5852212	4611.3
313	313	0.685	рюкзак-синий	5.1	7.0	снег-в-тени	0.637	31.8	2.0	-9.0	9.2	bbox	312	45.1	45.1	45.1	1657,821,8,8	194.1	39.4827936	73.5852176	4611.2
314	314	2.206	рюкзак-синий	14.9	33.3	порода-в-тени	0.601	5.5	-4.0	0.0	4.0	bbox	313	125.2	125.2	125.2	1306,219,13,6	193.7	39.4827892	73.5852179	4611.2
315	315	1.987	стакан-марка-красная	11.0	40.0	порода-в-тени	0.470	9.8	0.0	0.0	0.0	bbox	314	45.1	45.1	45.1	1748,804,5,13	193.5	39.4827936	73.5852176	4611.2
316	316	1.839	рюкзак-синий	14.6	7.4	порода-в-тени	0.430	31.4	-3.0	0.0	3.0	bbox	315	12.0	12.0	12.0	609,14,10,8	192.4	39.4827897	73.5852181	4611.3
317	317	0.965	рюкзак-синий	6.1	16.6	порода-в-тени	0.912	22.2	0.0	-8.0	8.0	bbox	316	90.1	90.1	90.1	1271,883,14,11	192.4	39.4827904	73.5852189	4611.2
318	318	1.980	стакан-марка-красная	9.2	45.1	порода-в-тени	0.751	4.7	2.0	-1.0	2.2	bbox	317	47.1	46.1	47.1	1727,1075,12,5	192.0	39.4827934	73.5852191	4611.2
319	319	1.937	стакан-марка-красная	11.0	38.0	порода-в-тени	0.416	11.8	0.0	0.0	0.0	bbox	318	52.1	52.1	52.1	387,273,7,11	191.7	39.4827955	73.5852204	4611.2
320	320	1.523	рюкзак-синий	5.5	38.1	снег-в-тени	1.047	76.9	1.0	-8.5	8.6	bbox	319	163.3	163.3	163.3	1093,201,8,7	191.4	39.4826608	73.5846818	4591.9
321	321	1.140	рюкзак-синий	7.6	17.8	порода-в-тени	0.850	21.0	2.0	-6.5	6.8	bbox	320	36.1	36.1	37.1	1673,331,6,13	191.3	39.4827913	73.5852180	4611.2
322	322	1.345	стакан-марка-красная	10.0	13.9	порода-в-тени	0.713	35.9	1.0	1.0	1.4	bbox	321	22.0	22.0	22.0	13,3,8,9	191.1	39.4827893	73.5852202	4611.3
323	323	1.663	стакан-марка-красная	12.0	19.8	снег-освещённый	0.400	69.6	-1.0	0.0	1.0	bbox	322	45.1	39.1	45.1	1425,467,8,6	191.0	39.4827936	73.5852176	4611.2
324	324	1.634	стакан-марка-красная	11.4	22.4	снег-освещённый	0.416	72.2	0.0	-2.0	2.0	bbox	323	25.0	25.0	25.0	790,983,11,10	190.4	39.4827888	73.5852209	4611.3
325	325	2.195	стакан-марка-красная	12.2	44.3	снег-пересвеченный	0.468	94.1	-1.0	-1.0	1.4	bbox	324	124.2	120.2	125.2	1201,825,16,8	190.2	39.4827891	73.5852181	4611.2
326	326	1.014	рюкзак-синий	6.1	18.8	порода-в-тени	0.910	20.0	0.0	-8.0	8.0	bbox	325	126.2	126.2	126.2	1091,245,14,12	189.8	39.4827894	73.5852178	4611.2
327	327	1.861	стакан-марка-красная	12.4	29.0	снег-освещённый	0.260	78.8	-1.0	-2.0	2.2	bbox	326	64.1	64.1	64.1	969,617,8,8	188.9	39.4827922	73.5852168	4611.2
328	328	1.561	стакан-марка-красная	11.0	20.4	снег-освещённый	0.399	70.2	0.0	0.0	0.0	bbox	327	34.1	34.1	34.1	154,61,6,12	188.4	39.4827905	73.5852191	4611.3
329	329	1.400	рюкзак-синий	6.1	32.9	порода-в-тени	1.047	5.9	0.0	-8.0	8.0	bbox	328	119.2	119.2	122.2	1305,247,8,15	187.9	39.4827903	73.5852170	4611.2
330	330	0.888	рюкзак-синий	7.1	2.4	снег-в-тени	0.268	41.2	0.0	-7.0	7.0	bbox	329	38.1	38.1	38.1	1761,961,11,12	187.5	39.4827921	73.5852171	4611.2
331	331	1.966	стакан-марка-красная	14.0	25.1	порода-в-тени	0.319	24.7	-3.0	1.0	3.2	bbox	330	21.0	21.0	21.0	24,392,9,9	187.3	39.4827887	73.5852198	4611.3
332	332	0.961	рюкзак-синий	7.2	9.8	снег-в-тени	0.338	48.6	2.5	-7.0	7.4	bbox	331	149.2	149.2	149.2	103,1041,6,16	187.2	39.4828120	73.5851582	4609.6
333	333	1.507	стакан-марка-красная	10.0	23.3	порода-в-тени	0.573	26.5	1.0	2.0	2.2	bbox	332	158.3	158.3	163.3	943,473,12,13	187.1	39.4827413	73.5845277	4594.0
334	334	1.513	рюкзак-синий	8.2	31.0	снег-в-тени	0.834	69.8	-1.0	-6.0	6.1	bbox	333	158.3	158.3	158.3	39,561,10,15	186.6	39.4827413	73.5845277	4594.0
335	335	1.447	стакан-марка-красная	11.0	12.2	снег-розовый	0.661	62.0	0.0	0.0	0.0	bbox	334	81.1	81.1	84.1	278,65,6,17	185.9	39.4827917	73.5852170	4611.2
336	336	1.583	стакан-марка-красная	11.2	20.8	снег-освещённый	0.405	70.6	0.0	-1.0	1.0	bbox	335	12.0	11.0	13.0	870,1062,9,11	184.8	39.4827897	73.5852181	4611.3
337	337	1.977	рюкзак-синий	13.5	28.6	порода-в-тени	0.446	10.2	0.0	-0.5	0.5	bbox	336	90.1	90.1	90.1	606,187,9,6	184.5	39.4827904	73.5852189	4611.2
338	338	1.648	рюкзак-синий	8.0	36.7	снег-освещённый	0.813	75.5	1.0	-6.0	6.1	bbox	337	153.2	153.2	153.2	95,169,8,16	184.3	39.4828831	73.5848732	4602.6
339	339	0.687	рюкзак-синий	5.0	7.8	снег-в-тени	0.642	31.0	1.5	-9.0	9.1	bbox	338	145.2	145.2	149.2	1849,965,6,12	184.2	39.4827911	73.5852157	4611.2
340	340	1.773	стакан-марка-красная	12.4	24.3	снег-освещённый	0.346	74.1	-1.0	-2.0	2.2	bbox	339	15.0	12.0	16.0	1420,491,10,12	184.1	39.4827893	73.5852184	4611.3
341	341	2.475	стакан-марка-красная	15.1	44.7	снег-пересвеченный	0.286	94.5	-4.0	-1.0	4.1	bbox	340	28.0	26.0	28.0	1864,826,9,9	184.0	39.4827884	73.5852209	4611.2
342	342	0.833	рюкзак-синий	6.0	10.2	снег-в-тени	0.696	28.6	1.0	-8.0	8.1	bbox	341	145.2	145.2	148.2	1851,881,6,16	183.3	39.4827911	73.5852157	4611.2
343	343	1.514	стакан-марка-красная	11.2	16.3	снег-освещённый	0.555	66.1	0.0	-1.0	1.0	bbox	342	100.2	100.2	100.2	15,0,4,16	182.5	39.4827918	73.5852162	4611.2
344	344	2.148	стакан-марка-красная	11.0	46.1	порода-в-тени	0.658	3.7	0.0	0.0	0.0	bbox	343	112.2	112.2	116.2	1259,467,6,8	182.5	39.4827888	73.5852172	4611.2
345	345	1.877	стакан-марка-красная	13.0	26.1	снег-освещённый	0.216	75.9	-2.0	0.0	2.0	bbox	344	84.1	82.1	86.1	1229,1022,8,9	181.9	39.4827928	73.5852175	4611.2
346	346	2.029	стакан-марка-красная	11.2	41.2	снег-пересвеченный	0.638	91.0	1.0	-4.0	4.1	bbox	345	91.1	91.1	91.1	1736,808,9,25	181.8	39.4827903	73.5852190	4611.2
347	347	0.833	рюкзак-синий	6.0	10.2	снег-в-тени	0.696	28.6	1.0	-8.0	8.1	bbox	346	159.3	159.3	159.3	1901,983,8,10	180.9	39.4826916	73.5845390	4592.9
348	348	0.883	рюкзак-синий	6.3	11.0	снег-в-тени	0.144	49.8	-1.0	-8.0	8.1	bbox	347	45.1	44.1	45.1	1809,439,8,6	180.4	39.4827936	73.5852176	4611.2
349	349	2.006	стакан-марка-красная	13.2	32.2	снег-освещённый	0.182	82.0	-2.0	-1.0	2.2	bbox	348	87.1	83.1	87.1	1337,559,12,10	180.4	39.4827918	73.5852181	4611.2
350	350	0.936	рюкзак-синий	5.1	19.2	снег-в-тени	1.045	19.6	2.0	-9.0	9.2	bbox	349	138.2	138.2	138.2	343,215,6,10	179.7	39.4827896	73.5852175	4611.2
351	351	2.150	рюкзак-синий	13.3	38.0	порода-в-тени	0.701	0.8	-2.0	-1.0	2.2	bbox	350	8.0	7.0	11.0	838,994,7,8	179.3	39.4827914	73.5852168	4611.3
352	352	1.033	рюкзак-синий	6.1	19.6	порода-в-тени	0.911	19.2	0.0	-8.0	8.0	bbox	351	21.0	21.0	21.0	593,930,6,15	179.3	39.4827887	73.5852198	4611.3
353	353	0.787	рюкзак-синий	6.1	5.7	снег-в-тени	0.580	33.1	2.0	-8.0	8.2	bbox	352	161.3	157.3	161.3	1713,15,8,8	179.0	39.4826428	73.5846124	4592.2
354	354	1.465	стакан-марка-красная	11.0	14.1	снег-розовый	0.563	63.9	0.0	1.0	1.0	bbox	353	1.0	1.0	5.0	592,106,13,11	178.9	39.4827946	73.5852142	4611.2
355	355	1.855	рюкзак-синий	14.6	10.0	порода-в-тени	0.349	28.8	-3.0	0.0	3.0	bbox	354	143.2	142.2	143.2	961,177,7,16	178.1	39.4827905	73.5852162	4611.2
356	356	1.606	стакан-марка-красная	12.0	15.7	порода-в-тени	0.521	34.1	-1.0	0.0	1.0	bbox	355	123.2	123.2	123.2	1305,769,8,8	176.7	39.4827889	73.5852182	4611.2
357	357	1.384	стакан-марка-красная	11.0	4.5	порода-в-тени	0.957	45.3	0.0	1.0	1.0	bbox	356	32.1	32.1	33.1	1793,679,9,8	176.1	39.4827898	73.5852193	4611.2
358	358	2.074	стакан-марка-красная	13.1	35.7	снег-освещённый	0.218	85.5	-2.0	-0.5	2.1	bbox	357	103.2	103.2	103.2	1207,859,10,6	175.8	39.4827898	73.5852163	4611.2
359	359	1.292	рюкзак-синий	10.2	5.9	снег-в-тени	0.527	44.7	-1.0	-4.0	4.1	bbox	358	10.0	10.0	13.0	609,59,14,6	174.8	39.4827906	73.5852175	4611.3
360	360	1.386	рюкзак-синий	7.6	28.2	порода-в-тени	0.828	10.6	-2.0	-7.0	7.3	bbox	359	48.1	48.1	48.1	753,747,7,13	174.7	39.4827936	73.5852195	4611.2
361	361	0.893	рюкзак-синий	7.0	4.9	снег-в-тени	0.229	43.7	1.0	-7.0	7.1	bbox	360	135.2	135.2	135.2	326,65,7,12	174.5	39.4827913	73.5852170	4611.2
362	362	0.437	рюкзак-синий	2.2	9.4	снег-в-тени	0.981	29.4	3.0	-13.0	13.3	bbox	361	159.3	153.2	159.3	1915,0,5,9	174.1	39.4826916	73.5845390	4592.9
363	363	1.150	рюкзак-синий	5.4	26.1	снег-в-тени	0.636	64.9	-1.0	-9.0	9.1	bbox	362	45.1	45.1	45.1	1727,681,8,6	173.6	39.4827936	73.5852176	4611.2
364	364	1.931	рюкзак-синий	13.0	29.0	порода-в-тени	0.454	9.8	0.0	-1.0	1.0	bbox	363	160.3	160.3	160.3	1737,1065,8,8	172.9	39.4826559	73.5845712	4592.3
365	365	2.014	рюкзак-синий	14.1	27.0	порода-в-тени	0.355	11.8	-1.0	0.0	1.0	bbox	364	128.2	128.2	128.2	1770,1055,8,10	172.4	39.4827898	73.5852175	4611.2
366	366	2.386	стакан-марка-красная	15.0	41.2	снег-пересвеченный	0.375	91.0	-4.0	0.0	4.0	bbox	365	1.0	1.0	1.0	340,89,13,8	171.6	39.4827946	73.5852142	4611.2
367	367	1.533	стакан-марка-красная	11.5	14.5	порода-в-тени	0.578	35.3	-0.5	0.0	0.5	bbox	366	95.2	95.2	96.2	753,985,8,8	171.3	39.4827926	73.5852188	4611.2
368	368	0.628	рюкзак-синий	5.0	1.6	снег-в-тени	0.318	40.4	1.0	-9.0	9.1	bbox	367	151.2	151.2	151.2	1897,489,8,10	170.8	39.4828491	73.5850390	4606.3
369	369	1.530	рюкзак-синий	10.0	24.7	порода-в-тени	0.576	14.1	1.0	-4.0	4.1	bbox	368	150.2	149.2	150.2	671,851,11,12	170.5	39.4828294	73.5851057	4608.1
370	370	1.462	стакан-марка-красная	11.5	6.7	снег-розовый	0.854	56.5	-0.5	0.0	0.5	bbox	369	45.1	45.1	45.1	1482,622,8,9	170.0	39.4827936	73.5852176	4611.2
371	371	2.140	стакан-марка-красная	13.0	38.8	снег-освещённый	0.306	88.6	-2.0	0.0	2.0	bbox	370	48.1	48.1	49.1	1789,479,22,4	169.5	39.4827936	73.5852195	4611.2
372	372	1.144	рюкзак-синий	6.7	21.8	снег-в-тени	0.521	60.6	-2.0	-8.0	8.2	bbox	371	45.1	45.1	45.1	1651,624,10,9	169.2	39.4827936	73.5852176	4611.2
373	373	1.903	стакан-марка-красная	11.4	35.3	снег-освещённый	0.319	85.1	0.0	-2.0	2.0	bbox	372	99.2	96.2	99.2	1289,759,8,10	169.2	39.4827921	73.5852167	4611.2
374	374	0.932	рюкзак-синий	6.1	15.1	снег-в-тени	0.860	23.7	0.0	-8.0	8.0	bbox	373	28.0	28.0	28.0	393,1001,8,8	169.0	39.4827884	73.5852209	4611.2
375	375	0.625	рюкзак-синий	5.0	0.6	снег-в-тени	0.348	39.4	1.0	-9.0	9.1	bbox	374	39.1	39.1	43.1	1827,89,6,8	168.9	39.4827927	73.5852169	4611.2
376	376	1.024	рюкзак-синий	6.1	19.2	порода-в-тени	0.910	19.6	0.0	-8.0	8.0	bbox	375	51.1	51.1	51.1	344,1009,11,6	168.8	39.4827951	73.5852203	4611.3
377	377	1.664	палка-древко-контроль	13.0	9.4	снег-в-тени	1.158	51.0	-7.0	-2.0	7.3	bbox	376	110.2	102.2	117.2	1810,682,7,7	167.5	39.4827884	73.5852173	4611.2
378	378	0.956	рюкзак-синий	7.1	10.2	снег-в-тени	0.696	28.6	0.0	-7.0	7.0	bbox	377	152.2	152.2	152.2	1737,932,6,15	167.4	39.4828685	73.5849604	4604.4
379	379	1.826	рюкзак-синий	7.1	44.7	снег-пересвеченный	0.936	83.5	2.0	-7.0	7.3	bbox	378	158.3	158.3	158.3	149,561,5,16	166.3	39.4827413	73.5845277	4594.0
380	380	1.885	стакан-марка-красная	12.4	30.2	снег-освещённый	0.252	80.0	-1.0	-2.0	2.2	bbox	379	99.2	96.2	99.2	1213,833,12,12	166.0	39.4827921	73.5852167	4611.2
381	381	1.888	рюкзак-синий	14.6	14.1	порода-в-тени	0.234	24.7	-3.0	0.0	3.0	bbox	380	25.0	25.0	25.0	473,307,8,7	165.7	39.4827888	73.5852209	4611.3
382	382	1.377	рюкзак-синий	10.4	12.3	порода-в-тени	0.433	26.5	-2.0	-4.0	4.5	bbox	381	34.1	34.1	34.1	467,825,6,14	164.9	39.4827905	73.5852191	4611.3
383	383	1.663	рюкзак-синий	9.1	34.1	порода-в-тени	0.792	4.7	0.0	-5.0	5.0	bbox	382	91.1	91.1	91.1	1530,13,4,14	164.5	39.4827903	73.5852190	4611.2
384	384	2.008	стакан-марка-красная	12.4	35.9	снег-освещённый	0.305	85.7	-1.0	-2.0	2.2	bbox	383	99.2	99.2	99.2	1205,1025,12,6	164.4	39.4827921	73.5852167	4611.2
385	385	0.927	рюкзак-синий	6.3	13.6	снег-в-тени	0.205	52.4	-1.0	-8.0	8.1	bbox	384	61.1	60.1	64.1	99,23,4,10	164.2	39.4827920	73.5852177	4611.2
386	386	0.517	рюкзак-синий	4.1	1.0	снег-в-тени	0.454	39.8	2.0	-10.0	10.2	bbox	385	20.0	20.0	21.0	545,857,6,8	164.1	39.4827886	73.5852193	4611.3
387	387	0.631	рюкзак-синий	5.0	2.3	снег-в-тени	0.442	36.5	1.0	-9.0	9.1	bbox	386	160.3	159.3	160.3	193,0,6,7	163.9	39.4826559	73.5845712	4592.3
388	388	0.773	рюкзак-синий	5.8	7.2	снег-в-тени	0.644	31.6	-2.0	-9.0	9.2	bbox	387	125.2	125.2	125.2	585,233,8,8	163.2	39.4827892	73.5852179	4611.2
389	389	2.187	палка-древко-контроль	17.0	14.1	снег-освещённый	1.196	55.7	-7.0	2.0	7.3	bbox	388	112.2	112.2	112.2	1905,417,8,12	162.9	39.4827888	73.5852172	4611.2
390	390	1.947	стакан-марка-красная	11.0	38.4	снег-освещённый	0.293	88.2	0.0	0.0	0.0	bbox	389	59.1	59.1	59.1	369,145,8,6	162.0	39.4827927	73.5852183	4611.2
391	391	0.903	рюкзак-синий	5.4	16.8	снег-в-тени	0.940	22.0	-1.0	-9.0	9.1	bbox	390	124.2	124.2	124.2	1227,35,6,12	161.7	39.4827891	73.5852181	4611.2
392	392	0.815	рюкзак-синий	6.3	5.5	снег-в-тени	0.395	44.3	3.0	-8.0	8.5	bbox	391	152.2	152.2	152.2	69,159,4,17	160.9	39.4828685	73.5849604	4604.4
393	393	1.813	рюкзак-синий	11.0	32.9	порода-в-тени	0.628	5.9	0.0	-3.0	3.0	bbox	392	41.1	41.1	41.1	1281,278,12,6	160.7	39.4827936	73.5852162	4611.3
394	394	1.216	рюкзак-синий	6.3	25.9	порода-в-тени	0.923	12.9	-1.0	-8.0	8.1	bbox	393	47.1	47.1	50.1	705,127,8,8	159.2	39.4827934	73.5852191	4611.2
395	395	1.654	стакан-марка-красная	11.0	25.5	снег-освещённый	0.233	75.3	0.0	0.0	0.0	bbox	394	60.1	60.1	60.1	391,65,12,9	159.0	39.4827920	73.5852179	4611.2
396	396	1.602	стакан-марка-красная	10.0	28.0	снег-розовый	0.177	77.8	1.0	1.0	1.4	bbox	395	127.2	127.2	127.2	1901,160,8,7	158.2	39.4827896	73.5852177	4611.2
397	397	1.288	рюкзак-синий	10.2	5.1	снег-в-тени	0.534	43.9	-1.0	-4.0	4.1	bbox	396	24.0	24.0	24.0	497,273,8,6	157.9	39.4827890	73.5852207	4611.3
398	398	1.972	стакан-марка-красная	12.0	35.7	снег-освещённый	0.168	85.5	-1.0	0.0	1.0	bbox	397	162.3	162.3	162.3	442,927,5,13	157.1	39.4826479	73.5846514	4592.0
399	399	2.014	стакан-марка-красная	12.0	37.6	порода-в-тени	0.406	12.2	-1.0	1.0	1.4	bbox	398	48.1	48.1	52.1	1281,313,4,14	156.4	39.4827936	73.5852195	4611.2
400	400	0.833	рюкзак-синий	6.0	10.2	снег-в-тени	0.696	28.6	1.0	-8.0	8.1	bbox	399	21.0	21.0	21.0	1702,13,11,6	156.1	39.4827887	73.5852198	4611.3
401	401	1.228	рюкзак-синий	9.7	5.3	порода-в-тени	0.653	33.5	-1.0	-4.5	4.6	bbox	400	21.0	21.0	21.0	331,803,4,14	156.0	39.4827887	73.5852198	4611.3
402	402	2.126	рюкзак-синий	14.3	32.1	порода-в-тени	0.506	6.7	-2.0	0.0	2.0	bbox	401	131.2	130.2	131.2	1690,986,10,8	155.7	39.4827912	73.5852169	4611.2
403	403	0.518	рюкзак-синий	4.1	1.3	снег-в-тени	0.446	37.5	0.0	-10.0	10.0	bbox	402	45.1	45.1	45.1	1905,341,8,6	155.2	39.4827936	73.5852176	4611.2
404	404	1.856	стакан-марка-красная	11.0	34.7	снег-освещённый	0.182	84.5	0.0	0.0	0.0	bbox	403	162.3	162.3	164.3	678,311,9,10	155.1	39.4826479	73.5846514	4592.0
405	405	1.241	рюкзак-синий	5.4	29.2	порода-в-тени	1.241	9.6	3.0	-9.0	9.5	bbox	404	137.2	137.2	137.2	101,475,10,4	154.8	39.4827900	73.5852174	4611.1
406	406	1.424	стакан-марка-красная	11.0	9.8	порода-в-тени	0.754	40.0	0.0	0.0	0.0	bbox	405	92.1	92.1	92.1	1192,25,9,6	154.7	39.4827908	73.5852189	4611.2
407	407	2.187	стакан-марка-красная	12.5	42.7	снег-пересвеченный	0.563	92.5	0.0	-5.0	5.0	bbox	406	164.3	164.3	164.3	153,246,8,11	154.3	39.4826754	73.5847064	4591.8
408	408	1.960	стакан-марка-красная	14.0	24.7	порода-в-тени	0.326	25.1	-3.0	1.0	3.2	bbox	407	25.0	24.0	29.0	337,104,13,4	153.8	39.4827888	73.5852209	4611.3
409	409	1.888	стакан-марка-красная	14.9	9.4	порода-в-тени	1.136	40.4	-3.0	6.0	6.7	bbox	408	163.3	163.3	168.3	1299,327,4,10	153.7	39.4826608	73.5846818	4591.9
410	410	1.748	рюкзак-синий	5.0	45.7	снег-пересвеченный	1.000	84.5	1.0	-9.0	9.1	bbox	409	161.3	161.3	161.3	53,73,8,6	153.6	39.4826428	73.5846124	4592.2
411	411	1.379	стакан-марка-красная	10.9	5.5	снег-в-тени	0.799	55.3	0.5	-2.0	2.1	bbox	410	10.0	10.0	10.0	1861,1073,6,7	153.2	39.4827906	73.5852175	4611.3
412	412	1.902	рюкзак-синий	13.6	23.9	порода-в-тени	0.233	14.9	-3.0	-1.0	3.2	bbox	411	30.0	30.0	30.0	531,461,12,4	152.6	39.4827892	73.5852203	4611.3
413	413	2.403	стакан-марка-красная	19.0	10.8	снег-освещённый	1.360	60.6	-7.0	7.0	9.9	bbox	412	160.3	160.3	160.3	1805,0,8,5	152.3	39.4826559	73.5845712	4592.3
414	414	1.381	стакан-марка-красная	11.0	1.0	снег-в-тени	1.006	50.8	0.0	0.0	0.0	bbox	413	161.3	161.3	161.3	368,1049,11,10	152.0	39.4826428	73.5846124	4592.2
415	415	2.522	палка-ручка-пробка	19.7	14.9	снег-освещённый	0.967	90.6	-5.0	6.0	7.8	bbox	414	168.3	162.3	168.3	1835,811,6,8	152.0	39.4827104	73.5847498	4591.9
416	416	1.621	рюкзак-синий	4.0	43.2	снег-пересвеченный	1.119	82.0	1.0	-10.0	10.0	bbox	415	159.3	159.3	159.3	123,155,6,8	151.1	39.4826916	73.5845390	4592.9
417	417	1.019	рюкзак-синий	8.1	3.9	снег-в-тени	0.557	34.9	-2.0	-6.5	6.8	bbox	416	26.0	26.0	26.0	97,721,7,10	150.3	39.4827882	73.5852212	4611.3
418	418	1.267	рюкзак-синий	7.3	24.7	порода-в-тени	0.793	14.1	-1.0	-7.0	7.1	bbox	417	51.1	50.1	51.1	1185,51,8,14	150.2	39.4827951	73.5852203	4611.3
419	419	1.461	стакан-марка-красная	11.0	13.3	снег-розовый	0.626	63.1	0.0	0.0	0.0	bbox	418	84.1	83.1	86.1	176,22,4,13	150.2	39.4827928	73.5852175	4611.2
420	420	1.634	стакан-марка-красная	11.4	22.4	снег-розовый	0.403	72.2	0.0	4.0	4.0	bbox	419	128.2	128.2	128.2	119,392,4,11	150.1	39.4827898	73.5852175	4611.2
421	421	0.699	рюкзак-синий	5.1	8.0	снег-в-тени	0.620	30.8	0.0	-9.0	9.0	bbox	420	30.0	30.0	30.0	366,633,7,8	149.0	39.4827892	73.5852203	4611.3
422	422	1.642	рюкзак-синий	9.1	33.3	порода-в-тени	0.772	5.5	0.0	-5.0	5.0	bbox	421	5.0	5.0	5.0	779,1012,7,6	148.6	39.4827926	73.5852150	4611.3
423	423	1.198	рюкзак-синий	6.1	25.9	снег-в-тени	0.604	64.7	0.0	-8.0	8.0	bbox	422	155.2	155.2	155.2	37,181,8,8	148.5	39.4828738	73.5846894	4598.6
424	424	1.761	стакан-марка-красная	11.0	30.6	порода-в-тени	0.283	19.2	0.0	0.0	0.0	bbox	423	30.0	30.0	30.0	771,723,9,9	148.3	39.4827892	73.5852203	4611.3
425	425	2.116	стакан-марка-красная	14.1	32.6	снег-освещённый	0.285	82.4	-3.0	-1.0	3.2	bbox	424	86.1	82.1	86.1	1303,526,23,3	148.0	39.4827924	73.5852177	4611.2
426	426	1.846	рюкзак-синий	14.6	8.6	порода-в-тени	0.392	30.2	-3.0	0.0	3.0	bbox	425	119.2	119.2	123.2	1171,579,7,7	147.6	39.4827903	73.5852170	4611.2
427	427	1.386	стакан-марка-красная	11.0	3.5	снег-розовый	0.902	53.3	0.0	2.0	2.0	bbox	426	49.1	49.1	50.1	1874,962,5,9	145.7	39.4827941	73.5852198	4611.3
428	428	0.877	рюкзак-синий	5.0	17.2	снег-в-тени	0.953	21.6	1.0	-9.0	9.1	bbox	427	26.0	24.0	26.0	491,801,4,8	145.6	39.4827882	73.5852212	4611.3
429	429	0.831	рюкзак-синий	5.0	15.3	снег-в-тени	0.287	54.1	1.0	-9.0	9.1	bbox	428	160.3	160.3	160.3	41,209,8,6	144.9	39.4826559	73.5845712	4592.3
430	430	1.832	рюкзак-синий	11.0	33.7	порода-в-тени	0.651	5.1	0.0	-3.0	3.0	bbox	429	2.0	2.0	2.0	241,759,6,8	144.7	39.4827944	73.5852145	4611.2
431	431	1.529	рюкзак-синий	8.1	32.2	снег-освещённый	0.837	71.0	0.0	-6.0	6.0	bbox	430	42.1	42.1	44.1	1750,59,11,6	144.7	39.4827940	73.5852162	4611.3
432	432	0.935	рюкзак-синий	7.2	7.6	снег-в-тени	0.682	31.2	2.5	-7.0	7.4	bbox	431	137.2	137.2	139.2	570,151,13,6	143.7	39.4827900	73.5852174	4611.1
433	433	1.018	рюкзак-синий	8.0	5.3	снег-в-тени	0.581	33.5	1.0	-6.0	6.1	bbox	432	154.2	154.2	154.2	1915,545,5,16	143.7	39.4828861	73.5847815	4600.6
434	434	0.745	рюкзак-синий	5.1	10.8	снег-в-тени	0.287	49.6	2.0	-9.0	9.2	bbox	433	166.3	162.3	166.3	1711,898,10,5	143.5	39.4827003	73.5847402	4591.9
435	435	2.015	стакан-марка-красная	14.1	27.1	снег-освещённый	0.313	76.9	-3.0	-1.0	3.2	bbox	434	80.1	80.1	91.1	1313,617,8,8	143.3	39.4827918	73.5852169	4611.2
436	436	1.602	стакан-марка-красная	11.0	22.7	снег-розовый	0.308	72.5	0.0	2.0	2.0	bbox	435	128.2	128.2	128.2	57,500,8,5	143.3	39.4827898	73.5852175	4611.2
437	437	0.994	рюкзак-синий	7.1	12.7	снег-в-тени	0.786	26.1	0.0	-7.0	7.0	bbox	436	24.0	24.0	24.0	673,705,6,10	143.2	39.4827890	73.5852207	4611.3
438	438	1.062	рюкзак-синий	6.2	20.4	порода-в-тени	0.898	18.4	-0.5	-8.0	8.0	bbox	437	34.1	34.1	34.1	353,1073,8,7	143.1	39.4827905	73.5852191	4611.3
439	439	1.262	рюкзак-синий	6.1	28.2	порода-в-тени	0.975	10.6	0.0	-8.0	8.0	bbox	438	118.2	118.2	118.2	585,899,5,12	143.1	39.4827906	73.5852166	4611.2
440	440	1.463	стакан-марка-красная	11.7	3.3	корка-жёлтая-на-скале	1.009	46.5	1.0	7.0	7.1	bbox	439	135.2	135.2	135.2	1909,1027,8,4	143.0	39.4827913	73.5852170	4611.2
441	441	1.856	рюкзак-синий	11.4	33.3	порода-в-тени	0.588	5.5	-2.0	-3.0	3.6	bbox	440	3.0	3.0	3.0	173,663,6,7	142.9	39.4827936	73.5852146	4611.3
442	442	2.228	стакан-марка-красная	12.5	44.3	снег-освещённый	0.480	94.1	-1.5	0.0	1.5	bbox	441	123.2	123.2	123.2	1329,1001,8,8	141.3	39.4827889	73.5852182	4611.2
443	443	2.055	палка-древко-контроль	14.0	30.2	снег-пересвеченный	0.875	71.8	-8.0	-1.0	8.1	bbox	442	106.2	103.2	116.2	1810,711,5,8	141.0	39.4827885	73.5852170	4611.2
444	444	1.022	рюкзак-синий	8.1	4.7	снег-в-тени	0.293	43.5	0.0	-6.0	6.0	bbox	443	144.2	143.2	144.2	27,511,14,11	141.0	39.4827909	73.5852160	4611.2
445	445	2.628	палка-ручка-пробка	20.6	14.5	снег-освещённый	1.282	90.2	-8.0	7.0	10.6	bbox	444	168.3	168.3	168.3	1727,1041,8,6	141.0	39.4827104	73.5847498	4591.9
446	446	1.932	стакан-марка-красная	11.1	37.6	порода-в-тени	0.391	12.2	0.0	-0.5	0.5	bbox	445	117.2	111.2	118.2	1622,731,11,4	140.8	39.4827901	73.5852167	4611.2
447	447	1.430	стакан-марка-красная	11.4	3.1	снег-в-тени	0.772	52.9	0.0	-2.0	2.0	bbox	446	22.0	22.0	22.0	628,7,7,8	140.1	39.4827893	73.5852202	4611.3
448	448	0.678	рюкзак-синий	5.1	6.4	снег-в-тени	0.618	32.4	2.0	-9.0	9.2	bbox	447	30.0	30.0	34.1	361,913,4,8	140.0	39.4827892	73.5852203	4611.3
449	449	0.874	рюкзак-синий	5.5	15.1	снег-в-тени	0.259	53.9	1.0	-8.5	8.6	bbox	448	157.3	157.3	157.3	15,504,10,5	139.9	39.4827968	73.5845471	4595.2
450	450	2.131	стакан-марка-красная	15.1	27.5	снег-освещённый	0.415	77.3	-4.0	-1.0	4.1	bbox	449	93.1	93.1	93.1	392,746,9,6	139.6	39.4827914	73.5852191	4611.2
451	451	1.666	стакан-марка-красная	12.0	20.0	порода-в-тени	0.380	29.8	-1.0	0.0	1.0	bbox	450	96.2	96.2	99.2	487,645,10,6	139.2	39.4827928	73.5852182	4611.2
452	452	1.847	стакан-марка-красная	11.1	34.1	порода-в-тени	0.308	15.7	0.0	-0.5	0.5	bbox	451	117.2	114.2	118.2	1665,769,8,6	139.1	39.4827901	73.5852167	4611.2
453	453	2.152	стакан-марка-красная	14.0	34.9	снег-освещённый	0.286	84.7	-3.0	0.0	3.0	bbox	452	115.2	115.2	115.2	1457,427,14,6	139.0	39.4827900	73.5852172	4611.2
454	454	0.884	рюкзак-синий	5.4	16.1	снег-в-тени	0.912	22.7	-1.0	-9.0	9.1	bbox	453	34.1	34.1	34.1	731,945,5,8	138.5	39.4827905	73.5852191	4611.3
455	455	1.691	рюкзак-синий	11.2	26.6	порода-в-тени	0.406	12.2	-1.0	-3.0	3.2	bbox	454	146.2	143.2	152.2	1283,227,8,9	138.3	39.4827909	73.5852160	4611.2
456	456	1.349	рюкзак-синий	8.1	25.1	снег-в-тени	0.628	63.9	0.0	-6.0	6.0	bbox	455	16.0	11.0	16.0	739,502,5,9	138.0	39.4827892	73.5852184	4611.3
457	457	1.037	рюкзак-синий	7.3	13.9	порода-в-тени	0.777	24.9	-1.0	-7.0	7.1	bbox	456	46.1	46.1	46.1	1017,414,8,10	137.2	39.4827932	73.5852184	4611.2
458	458	0.875	рюкзак-синий	5.6	14.7	снег-в-тени	0.214	53.5	0.0	-8.5	8.5	bbox	457	82.1	82.1	84.1	1665,577,6,6	137.2	39.4827923	73.5852171	4611.2
459	459	1.957	стакан-марка-красная	11.0	38.8	порода-в-тени	0.437	11.0	0.0	0.0	0.0	bbox	458	48.1	48.1	52.1	849,913,9,4	137.1	39.4827936	73.5852195	4611.2
460	460	1.679	рюкзак-синий	7.6	38.7	снег-пересвеченный	0.777	77.5	-0.5	-6.5	6.5	bbox	459	156.2	154.2	156.2	129,41,8,8	136.8	39.4828456	73.5846053	4596.7
461	461	2.362	стакан-марка-красная	15.1	39.6	снег-пересвеченный	0.254	89.4	-4.0	-1.0	4.1	bbox	460	25.0	24.0	25.0	826,1018,6,12	136.0	39.4827888	73.5852209	4611.3
462	462	2.336	стакан-марка-красная	14.1	42.7	снег-пересвеченный	0.288	92.5	-3.0	-1.0	3.2	bbox	461	17.0	14.0	20.0	964,1066,8,7	135.9	39.4827887	73.5852189	4611.3
463	463	0.938	рюкзак-синий	7.0	9.4	снег-в-тени	0.177	48.2	1.0	-7.0	7.1	bbox	462	144.2	144.2	144.2	73,873,6,13	135.9	39.4827909	73.5852160	4611.2
464	464	1.707	рюкзак-синий	11.2	27.4	порода-в-тени	0.427	11.4	-1.0	-3.0	3.2	bbox	463	17.0	16.0	17.0	771,923,7,8	135.8	39.4827887	73.5852189	4611.3
465	465	2.247	стакан-марка-красная	12.6	44.7	снег-пересвеченный	0.400	94.5	-1.0	-3.0	3.2	bbox	464	53.1	53.1	55.1	1667,131,6,6	135.5	39.4827956	73.5852201	4611.2
466	466	0.813	рюкзак-синий	6.0	8.8	снег-в-тени	0.648	30.0	1.0	-8.0	8.1	bbox	465	153.2	153.2	153.2	1735,1057,6,8	135.5	39.4828831	73.5848732	4602.6
467	467	2.249	стакан-марка-красная	12.1	46.7	снег-пересвеченный	0.556	96.5	0.0	-4.0	4.0	bbox	466	104.2	102.2	112.2	1898,507,7,8	135.4	39.4827893	73.5852165	4611.2
468	468	1.677	стакан-марка-красная	11.0	26.7	снег-освещённый	0.199	76.5	0.0	0.0	0.0	bbox	467	139.2	138.2	139.2	316,953,5,8	135.4	39.4827892	73.5852175	4611.2
469	469	1.135	рюкзак-синий	7.3	19.0	порода-в-тени	0.977	19.8	3.0	-7.0	7.6	bbox	468	152.2	152.2	152.2	1835,266,6,7	135.4	39.4828685	73.5849604	4604.4
470	470	1.412	стакан-марка-красная	11.0	8.2	снег-розовый	0.783	58.0	0.0	0.0	0.0	bbox	469	117.2	117.2	117.2	137,187,7,6	134.8	39.4827901	73.5852167	4611.2
471	471	1.722	стакан-марка-красная	11.0	29.0	снег-освещённый	0.190	78.8	0.0	1.0	1.0	bbox	470	35.1	35.1	35.1	523,409,6,8	134.5	39.4827910	73.5852186	4611.2
472	472	2.362	стакан-марка-красная	15.1	39.6	снег-пересвеченный	0.254	89.4	-4.0	-1.0	4.1	bbox	471	20.0	20.0	20.0	1776,610,9,7	134.3	39.4827886	73.5852193	4611.3
473	473	1.281	рюкзак-синий	6.3	28.2	порода-в-тени	0.951	10.6	-1.0	-8.0	8.1	bbox	472	90.1	90.1	90.1	1779,24,7,9	134.2	39.4827904	73.5852189	4611.2
474	474	0.691	рюкзак-синий	5.0	8.3	снег-в-тени	0.179	47.1	1.0	-9.0	9.1	bbox	473	157.3	157.3	157.3	1797,81,7,7	134.2	39.4827968	73.5845471	4595.2
475	475	1.531	стакан-марка-красная	12.0	7.8	снег-освещённый	0.827	57.6	-1.0	0.0	1.0	bbox	474	47.1	46.1	47.1	1715,675,14,6	134.0	39.4827934	73.5852191	4611.2
476	476	1.097	рюкзак-синий	6.8	19.4	снег-в-тени	0.398	58.2	-1.0	-7.5	7.6	bbox	475	85.1	83.1	87.1	1601,733,8,4	133.7	39.4827927	73.5852176	4611.2
477	477	2.139	рюкзак-синий	14.1	33.7	порода-в-тени	0.574	5.1	-1.0	0.0	1.0	bbox	476	60.1	60.1	60.1	1883,546,11,4	133.5	39.4827920	73.5852179	4611.2
478	478	0.666	рюкзак-синий	5.0	6.4	снег-в-тени	0.579	32.4	1.0	-9.0	9.1	bbox	477	160.3	160.3	160.3	1678,25,5,8	133.0	39.4826559	73.5845712	4592.3
479	479	1.932	рюкзак-синий	14.3	20.4	порода-в-тени	0.143	18.4	-2.0	0.0	2.0	bbox	478	51.1	48.1	51.1	1341,265,7,14	132.5	39.4827951	73.5852203	4611.3
480	480	1.641	стакан-марка-красная	12.2	17.3	снег-освещённый	0.506	67.1	-1.0	-1.0	1.4	bbox	479	46.1	46.1	46.1	1823,589,14,4	132.4	39.4827932	73.5852184	4611.2
481	481	0.988	рюкзак-синий	6.1	17.7	снег-в-тени	0.310	56.5	0.0	-8.0	8.0	bbox	480	38.1	38.1	38.1	55,142,6,7	132.3	39.4827921	73.5852171	4611.2
482	482	0.760	рюкзак-синий	6.1	0.4	снег-в-тени	0.307	39.2	0.0	-8.0	8.0	bbox	481	149.2	149.2	149.2	1915,697,5,8	132.2	39.4828120	73.5851582	4609.6
483	483	1.200	рюкзак-синий	7.1	22.7	порода-в-тени	0.805	16.1	0.0	-7.0	7.0	bbox	482	115.2	115.2	115.2	853,225,6,8	131.6	39.4827900	73.5852172	4611.2
484	484	1.285	рюкзак-синий	10.1	6.4	порода-в-тени	0.598	32.4	-0.5	-4.0	4.0	bbox	483	27.0	27.0	27.0	321,577,6,8	131.5	39.4827883	73.5852210	4611.2
485	485	0.775	рюкзак-синий	6.1	4.1	снег-в-тени	0.174	42.9	0.0	-8.0	8.0	bbox	484	164.3	164.3	164.3	1513,28,8,5	130.6	39.4826754	73.5847064	4591.8
486	486	1.722	стакан-марка-красная	11.0	29.0	снег-освещённый	0.190	78.8	0.0	1.0	1.0	bbox	485	60.1	54.1	62.1	1547,426,5,9	130.2	39.4827920	73.5852179	4611.2
487	487	0.842	рюкзак-синий	3.6	19.8	снег-в-тени	0.556	58.6	2.0	-10.5	10.7	bbox	486	159.3	159.3	165.3	131,33,6,6	130.2	39.4826916	73.5845390	4592.9
488	488	1.265	стакан-марка-красная	10.0	4.1	порода-в-тени	0.986	45.7	1.0	0.0	1.0	bbox	487	33.1	33.1	33.1	1816,617,9,6	129.9	39.4827900	73.5852191	4611.3
489	489	1.240	рюкзак-синий	6.1	27.4	порода-в-тени	0.965	11.4	0.0	-8.0	8.0	bbox	488	126.2	126.2	126.2	891,407,6,8	129.8	39.4827894	73.5852178	4611.2
490	490	1.920	стакан-марка-красная	10.4	39.4	снег-освещённый	0.464	89.2	1.0	-2.0	2.2	bbox	489	65.1	63.1	65.1	1708,566,8,6	129.6	39.4827924	73.5852163	4611.2
491	491	1.851	рюкзак-синий	14.6	9.4	порода-в-тени	0.367	29.4	-3.0	0.0	3.0	bbox	490	12.0	12.0	12.0	211,758,7,6	129.1	39.4827897	73.5852181	4611.3
492	492	0.675	рюкзак-синий	5.4	1.3	снег-в-тени	0.541	37.5	3.0	-9.0	9.5	bbox	491	166.3	163.3	167.3	1545,983,6,6	128.8	39.4827003	73.5847402	4591.9
493	493	0.859	рюкзак-синий	6.0	11.7	снег-в-тени	0.751	27.1	1.0	-8.0	8.1	bbox	492	159.3	159.3	159.3	65,811,6,6	128.7	39.4826916	73.5845390	4592.9
494	494	1.416	стакан-марка-красная	11.0	9.4	снег-розовый	0.714	59.2	0.0	1.0	1.0	bbox	493	47.1	47.1	47.1	1713,586,6,7	128.2	39.4827934	73.5852191	4611.2
495	495	1.662	рюкзак-синий	12.1	19.4	снег-в-тени	0.883	58.2	-4.0	-3.0	5.0	bbox	494	34.1	34.1	34.1	219,731,6,6	128.0	39.4827905	73.5852191	4611.3
496	496	0.862	рюкзак-синий	6.0	11.7	снег-в-тени	0.764	27.1	1.5	-8.0	8.1	bbox	495	168.3	165.3	168.3	1883,39,6,10	128.0	39.4827104	73.5847498	4591.9
497	497	1.787	стакан-марка-красная	11.4	30.2	снег-освещённый	0.281	80.0	0.0	-2.0	2.0	bbox	496	53.1	53.1	54.1	1209,748,11,5	127.8	39.4827956	73.5852201	4611.2
498	498	1.431	рюкзак-синий	10.1	18.8	порода-в-тени	0.420	20.0	-0.5	-4.0	4.0	bbox	497	104.2	104.2	104.2	1289,0,4,9	127.7	39.4827893	73.5852165	4611.2
499	499	1.139	рюкзак-синий	7.3	19.2	порода-в-тени	0.761	19.6	-1.0	-7.0	7.1	bbox	498	116.2	116.2	116.2	970,617,7,8	127.1	39.4827900	73.5852170	4611.2
500	500	1.656	стакан-марка-красная	10.0	30.2	снег-освещённый	0.252	80.0	1.0	0.0	1.0	bbox	499	103.2	101.2	105.2	1497,934,6,9	126.0	39.4827898	73.5852163	4611.2
501	501	1.008	рюкзак-синий	6.0	18.8	снег-в-тени	0.373	57.6	1.0	-8.0	8.1	bbox	500	143.2	143.2	149.2	80,777,5,8	125.9	39.4827905	73.5852162	4611.2
502	502	1.906	рюкзак-синий	14.6	15.9	порода-в-тени	0.199	22.9	-3.0	0.0	3.0	bbox	501	9.0	9.0	9.0	1220,163,13,8	125.8	39.4827910	73.5852169	4611.3
503	503	2.215	стакан-марка-красная	12.2	45.1	снег-пересвеченный	0.476	94.9	-1.0	-1.0	1.4	bbox	502	119.2	119.2	119.2	1239,743,4,10	125.7	39.4827903	73.5852170	4611.2
504	504	2.128	стакан-марка-красная	17.0	3.3	корка-жёлтая-на-скале	0.903	46.5	-4.0	9.0	9.8	bbox	503	148.2	145.2	148.2	1535,943,6,6	125.5	39.4827981	73.5851957	4610.9
505	505	2.244	стакан-марка-красная	13.0	43.3	снег-пересвеченный	0.406	93.1	-1.0	-4.0	4.1	bbox	504	84.1	84.1	85.1	1889,177,6,8	125.4	39.4827928	73.5852175	4611.2
506	506	0.857	рюкзак-синий	6.4	8.6	снег-в-тени	0.743	30.2	-3.0	-9.0	9.5	bbox	505	124.2	124.2	124.2	455,513,6,8	125.3	39.4827891	73.5852181	4611.2
507	507	1.716	стакан-марка-красная	10.2	32.2	порода-в-тени	0.388	17.6	1.0	-1.0	1.4	bbox	506	38.1	38.1	38.1	1506,455,5,10	125.1	39.4827921	73.5852171	4611.2
508	508	1.933	стакан-марка-красная	10.8	38.8	снег-освещённый	0.530	88.6	1.0	-3.0	3.2	bbox	507	63.1	61.1	63.1	1695,407,8,6	124.4	39.4827919	73.5852173	4611.2
509	509	0.708	рюкзак-синий	3.2	16.4	снег-в-тени	1.211	22.4	4.0	-13.0	13.6	bbox	508	34.1	34.1	34.1	417,1049,4,8	124.3	39.4827905	73.5852191	4611.3
510	510	1.893	стакан-марка-красная	12.0	32.3	порода-в-тени	0.299	17.5	-1.0	1.0	1.4	bbox	509	51.1	49.1	52.1	1351,245,5,8	124.3	39.4827951	73.5852203	4611.3
511	511	0.891	рюкзак-синий	5.1	17.4	снег-в-тени	0.952	21.4	0.0	-9.0	9.0	bbox	510	51.1	51.1	51.1	820,423,5,10	123.5	39.4827951	73.5852203	4611.3
512	512	1.994	стакан-марка-красная	11.7	38.0	снег-освещённый	0.288	87.8	-0.5	-1.0	1.1	bbox	511	126.2	126.2	127.2	1517,791,4,10	123.4	39.4827894	73.5852178	4611.2
513	513	1.856	рюкзак-синий	14.6	10.2	порода-в-тени	0.343	28.6	-3.0	0.0	3.0	bbox	512	119.2	119.2	119.2	0,115,5,7	123.2	39.4827903	73.5852170	4611.2
514	514	0.928	рюкзак-синий	6.1	14.9	снег-в-тени	0.889	23.9	2.0	-8.0	8.2	bbox	513	39.1	39.1	39.1	129,277,8,6	122.8	39.4827927	73.5852169	4611.2
515	515	0.893	рюкзак-синий	7.1	3.6	снег-в-тени	0.231	42.4	0.0	-7.0	7.0	bbox	514	159.3	159.3	159.3	797,209,6,8	122.8	39.4826916	73.5845390	4592.9
516	516	1.403	стакан-марка-красная	11.0	7.1	порода-в-тени	0.846	42.7	0.0	0.0	0.0	bbox	515	96.2	95.2	96.2	221,925,10,4	121.6	39.4827928	73.5852182	4611.2
517	517	1.795	рюкзак-синий	11.0	32.1	порода-в-тени	0.744	6.7	2.0	-3.0	3.6	bbox	516	33.1	33.1	36.1	1217,37,9,8	120.6	39.4827900	73.5852191	4611.3
518	518	0.797	рюкзак-синий	5.6	10.8	снег-в-тени	0.709	28.0	0.0	-8.5	8.5	bbox	517	153.2	153.2	153.2	1819,237,5,8	120.6	39.4828831	73.5848732	4602.6
519	519	0.657	рюкзак-синий	5.0	5.7	снег-в-тени	0.553	33.1	1.0	-9.0	9.1	bbox	518	124.2	124.2	124.2	81,665,4,8	120.2	39.4827891	73.5852181	4611.2
520	520	1.267	стакан-марка-красная	10.0	4.7	порода-в-тени	0.967	45.1	1.0	0.0	1.0	bbox	519	32.1	32.1	33.1	1505,931,7,7	119.8	39.4827898	73.5852193	4611.2
521	521	1.684	стакан-марка-красная	11.4	25.1	снег-освещённый	0.350	74.9	0.0	-2.0	2.0	bbox	520	53.1	53.1	57.1	1539,259,7,9	119.8	39.4827956	73.5852201	4611.2
522	522	1.518	рюкзак-синий	7.0	34.7	снег-в-тени	0.936	73.5	1.0	-7.0	7.1	bbox	521	151.2	151.2	151.2	173,189,6,12	119.6	39.4828491	73.5850390	4606.3
523	523	0.803	рюкзак-синий	6.1	7.2	снег-в-тени	0.631	31.6	2.0	-8.0	8.2	bbox	522	160.3	160.3	160.3	1806,467,8,7	119.5	39.4826559	73.5845712	4592.3
524	524	0.989	рюкзак-синий	7.0	12.9	снег-в-тени	0.802	25.9	1.0	-7.0	7.1	bbox	523	166.3	164.3	168.3	1779,210,4,15	119.4	39.4827003	73.5847402	4591.9
525	525	1.381	палка-древко-контроль	11.0	0.2	снег-в-тени	1.034	41.4	-7.0	-4.0	8.1	bbox	524	114.2	113.2	118.2	1879,770,6,7	119.1	39.4827897	73.5852173	4611.2
526	526	0.583	рюкзак-синий	4.1	7.6	снег-в-тени	0.691	31.2	2.0	-10.0	10.2	bbox	525	21.0	21.0	21.0	347,1073,4,7	118.8	39.4827887	73.5852198	4611.3
527	527	1.570	стакан-марка-красная	12.4	7.7	снег-в-тени	0.835	57.5	-1.0	-2.0	2.2	bbox	526	142.2	142.2	142.2	1707,165,6,10	118.7	39.4827899	73.5852166	4611.2
528	528	0.873	рюкзак-синий	5.1	16.7	снег-в-тени	0.302	55.5	0.0	-9.0	9.0	bbox	527	120.2	120.2	120.2	862,7,7,8	118.0	39.4827901	73.5852173	4611.2
529	529	2.031	стакан-марка-красная	14.0	28.6	снег-освещённый	0.264	78.4	-3.0	0.0	3.0	bbox	528	52.1	52.1	52.1	1284,605,13,4	117.8	39.4827955	73.5852204	4611.2
530	530	2.053	стакан-марка-красная	13.3	33.5	снег-освещённый	0.294	83.3	-2.0	-2.0	2.8	bbox	529	18.0	15.0	18.0	1522,241,3,16	117.6	39.4827884	73.5852193	4611.3
531	531	2.001	рюкзак-синий	14.1	26.3	порода-в-тени	0.331	12.5	-1.0	0.0	1.0	bbox	530	47.1	47.1	47.1	849,609,8,10	117.6	39.4827934	73.5852191	4611.2
532	532	1.233	рюкзак-синий	7.0	24.3	снег-в-тени	0.576	63.1	1.0	-7.0	7.1	bbox	531	162.3	159.3	163.3	1825,921,8,8	117.3	39.4826479	73.5846514	4592.0
533	533	0.944	рюкзак-синий	6.1	15.7	снег-в-тени	0.881	23.1	0.0	-8.0	8.0	bbox	532	116.2	116.2	116.2	1115,346,6,7	116.8	39.4827900	73.5852170	4611.2
534	534	0.780	рюкзак-синий	6.1	4.9	снег-в-тени	0.146	43.7	0.0	-8.0	8.0	bbox	533	158.3	158.3	158.3	1865,617,4,8	116.6	39.4827413	73.5845277	4594.0
535	535	1.368	рюкзак-синий	8.1	25.9	снег-в-тени	0.653	64.7	0.0	-6.0	6.0	bbox	534	37.1	37.1	37.1	3,817,6,8	116.1	39.4827916	73.5852176	4611.2
536	536	1.047	рюкзак-синий	6.1	20.2	порода-в-тени	1.010	18.6	2.0	-8.0	8.2	bbox	535	152.2	152.2	152.2	1785,760,4,9	116.1	39.4828685	73.5849604	4604.4
537	537	1.974	стакан-марка-красная	13.2	30.6	снег-освещённый	0.177	80.4	-2.0	-1.0	2.2	bbox	536	99.2	99.2	99.2	1202,858,5,11	115.8	39.4827921	73.5852167	4611.2
538	538	0.878	рюкзак-синий	7.0	2.0	снег-в-тени	0.307	40.8	1.0	-7.0	7.1	bbox	537	154.2	154.2	154.2	1857,441,8,4	115.7	39.4828861	73.5847815	4600.6
539	539	2.272	палка-древко-контроль	15.1	35.3	снег-освещённый	0.641	76.9	-6.0	0.0	6.0	bbox	538	112.2	112.2	112.2	1842,11,7,12	115.2	39.4827888	73.5852172	4611.2
540	540	2.045	стакан-марка-красная	12.4	37.5	снег-освещённый	0.340	87.3	-1.0	-2.0	2.2	bbox	539	19.0	19.0	19.0	1674,523,7,6	114.7	39.4827886	73.5852195	4611.3
541	541	0.953	рюкзак-синий	6.0	16.4	снег-в-тени	0.917	22.4	1.0	-8.0	8.1	bbox	540	44.1	44.1	44.1	44,151,5,12	114.7	39.4827940	73.5852169	4611.2
542	542	0.888	рюкзак-синий	7.0	4.3	снег-в-тени	0.507	34.5	1.0	-7.0	7.1	bbox	541	155.2	155.2	155.2	1889,743,8,6	114.3	39.4828738	73.5846894	4598.6
543	543	0.759	рюкзак-синий	5.9	5.7	снег-в-тени	0.542	33.1	-1.0	-8.5	8.6	bbox	542	82.1	82.1	82.1	1859,955,5,8	113.8	39.4827923	73.5852171	4611.2
544	544	0.953	рюкзак-синий	6.0	16.4	снег-в-тени	0.917	22.4	1.0	-8.0	8.1	bbox	543	144.2	144.2	144.2	1689,17,6,8	113.8	39.4827909	73.5852160	4611.2
545	545	0.756	рюкзак-синий	6.0	2.8	снег-в-тени	0.255	41.6	1.0	-8.0	8.1	bbox	544	157.3	157.3	157.3	1787,145,4,8	113.8	39.4827968	73.5845471	4595.2
546	546	1.534	рюкзак-синий	11.4	15.9	порода-в-тени	0.266	22.9	-2.0	-3.0	3.6	bbox	545	34.1	34.1	34.1	483,770,8,7	113.7	39.4827905	73.5852191	4611.3
547	547	2.208	стакан-марка-красная	12.4	44.1	снег-пересвеченный	0.413	93.9	-1.0	-2.0	2.2	bbox	546	68.1	68.1	69.1	1419,357,6,10	113.6	39.4827931	73.5852161	4611.2
548	548	0.630	рюкзак-синий	5.0	1.4	снег-в-тени	0.353	40.2	1.5	-9.0	9.1	bbox	547	161.3	157.3	161.3	721,97,8,4	113.5	39.4826428	73.5846124	4592.2
549	549	1.624	стакан-марка-красная	11.0	23.9	снег-освещённый	0.282	73.7	0.0	0.0	0.0	bbox	548	126.2	126.2	130.2	191,29,6,8	113.0	39.4827894	73.5852178	4611.2
550	550	1.646	рюкзак-синий	11.0	25.1	порода-в-тени	0.426	13.7	0.0	-3.0	3.0	bbox	549	150.2	150.2	150.2	1640,373,18,5	112.9	39.4828294	73.5851057	4608.1
551	551	1.415	стакан-марка-красная	11.2	6.3	снег-розовый	0.818	56.1	0.0	3.0	3.0	bbox	550	145.2	145.2	147.2	1259,113,8,16	112.7	39.4827911	73.5852157	4611.2
552	552	1.189	рюкзак-синий	9.1	10.2	порода-в-тени	0.766	28.6	2.0	-5.0	5.4	bbox	551	150.2	150.2	150.2	1807,815,10,6	112.5	39.4828294	73.5851057	4608.1
553	553	0.988	рюкзак-синий	6.1	17.7	снег-в-тени	0.310	56.5	0.0	-8.0	8.0	bbox	552	39.1	39.1	39.1	103,345,6,6	112.0	39.4827927	73.5852169	4611.2
554	554	1.412	стакан-марка-красная	11.0	8.2	порода-в-тени	0.806	41.6	0.0	0.0	0.0	bbox	553	33.1	33.1	33.1	1363,1011,5,8	111.4	39.4827900	73.5852191	4611.3
555	555	0.678	рюкзак-синий	5.1	6.4	снег-в-тени	0.566	32.4	0.0	-9.0	9.0	bbox	554	119.2	119.2	120.2	420,1073,4,7	111.4	39.4827903	73.5852170	4611.2
556	556	1.386	стакан-марка-красная	11.0	3.5	порода-в-тени	0.965	46.3	0.0	0.0	0.0	bbox	555	101.2	101.2	111.2	465,109,3,16	111.0	39.4827911	73.5852159	4611.2
557	557	0.809	рюкзак-синий	2.0	21.5	снег-в-тени	1.207	17.3	1.0	-12.0	12.0	bbox	556	120.2	120.2	120.2	1035,273,9,5	110.7	39.4827901	73.5852173	4611.2
558	558	0.964	рюкзак-синий	7.0	11.3	снег-в-тени	0.748	27.5	1.0	-7.0	7.1	bbox	557	152.2	152.2	152.2	1827,850,8,15	110.4	39.4828685	73.5849604	4604.4
559	559	2.131	рюкзак-синий	15.5	24.7	порода-в-тени	0.358	14.1	-3.0	1.0	3.2	bbox	558	110.2	110.2	110.2	281,467,8,11	110.2	39.4827884	73.5852173	4611.2
560	560	0.965	рюкзак-синий	7.2	9.6	снег-в-тени	0.376	48.4	-3.0	-8.0	8.5	bbox	559	45.1	45.1	45.1	1557,813,8,4	110.1	39.4827936	73.5852176	4611.2
561	561	1.916	рюкзак-синий	13.9	22.4	снег-освещённый	0.805	61.2	-4.0	-1.0	4.1	bbox	560	25.0	25.0	25.0	1082,257,7,8	109.8	39.4827888	73.5852209	4611.3
562	562	0.915	рюкзак-синий	6.0	14.7	снег-в-тени	0.855	24.1	1.0	-8.0	8.1	bbox	561	139.2	139.2	139.2	417,23,8,6	109.5	39.4827892	73.5852175	4611.2
563	563	1.321	рюкзак-синий	7.1	27.5	снег-в-тени	0.672	66.3	0.0	-7.0	7.0	bbox	562	157.3	157.3	157.3	1897,11,8,4	109.2	39.4827968	73.5845471	4595.2
564	564	0.994	рюкзак-синий	7.0	13.1	снег-в-тени	0.802	25.7	0.5	-7.0	7.0	bbox	563	28.0	28.0	31.0	281,785,4,8	109.1	39.4827884	73.5852209	4611.2
565	565	2.010	рюкзак-синий	13.0	32.9	порода-в-тени	0.576	5.9	0.0	-1.0	1.0	bbox	564	41.1	38.1	41.1	394,494,7,6	108.7	39.4827936	73.5852162	4611.3
566	566	1.678	стакан-марка-красная	13.4	1.8	корка-жёлтая-на-скале	1.008	48.0	-1.0	7.0	7.1	bbox	565	131.2	131.2	131.2	1763,939,4,6	108.6	39.4827912	73.5852169	4611.2
567	567	1.410	стакан-марка-красная	11.0	8.0	снег-розовый	0.789	57.8	0.0	0.0	0.0	bbox	566	142.2	142.2	142.2	161,537,8,6	108.6	39.4827899	73.5852166	4611.2
568	568	1.805	стакан-марка-красная	11.0	32.6	снег-освещённый	0.137	82.4	0.0	0.0	0.0	bbox	567	163.3	163.3	163.3	214,373,11,4	108.5	39.4826608	73.5846818	4591.9
569	569	1.297	рюкзак-синий	4.6	32.5	порода-в-тени	1.202	6.3	0.0	-9.5	9.5	bbox	568	119.2	119.2	119.2	1281,48,8,5	108.2	39.4827903	73.5852170	4611.2
570	570	1.555	стакан-марка-красная	11.0	20.0	снег-розовый	0.374	69.8	0.0	2.0	2.0	bbox	569	34.1	34.1	34.1	61,102,4,11	107.9	39.4827905	73.5852191	4611.3
571	571	1.463	рюкзак-синий	6.0	35.1	снег-в-тени	0.952	73.9	1.5	-8.0	8.1	bbox	570	160.3	160.3	160.3	109,123,8,7	107.8	39.4826559	73.5845712	4592.3
572	572	1.698	стакан-марка-красная	11.7	24.3	снег-освещённый	0.277	74.1	-0.5	-1.0	1.1	bbox	571	8.0	8.0	8.0	1163,827,6,6	107.3	39.4827914	73.5852168	4611.3
573	573	1.805	стакан-марка-красная	11.0	32.6	снег-освещённый	0.137	82.4	0.0	0.0	0.0	bbox	572	53.1	53.1	53.1	1805,240,4,10	107.3	39.4827956	73.5852201	4611.2
574	574	1.151	рюкзак-синий	7.0	21.0	порода-в-тени	0.843	17.8	1.0	-7.0	7.1	bbox	573	161.3	161.3	163.3	1011,597,6,6	107.2	39.4826428	73.5846124	4592.2
575	575	1.977	рюкзак-синий	12.4	34.5	порода-в-тени	0.588	4.3	-2.0	-2.0	2.8	bbox	574	31.0	31.0	31.0	852,929,6,6	107.0	39.4827896	73.5852197	4611.2
576	576	1.130	рюкзак-синий	7.0	20.0	снег-в-тени	0.432	58.8	1.0	-7.0	7.1	bbox	575	156.2	156.2	159.3	105,879,6,10	107.0	39.4828456	73.5846053	4596.7
577	577	1.196	рюкзак-синий	6.1	25.9	порода-в-тени	0.948	12.9	0.0	-8.0	8.0	bbox	576	50.1	50.1	50.1	945,87,6,10	106.8	39.4827946	73.5852202	4611.3
578	578	1.879	стакан-марка-красная	11.0	35.7	порода-в-тени	0.358	14.1	0.0	0.0	0.0	bbox	577	8.0	8.0	8.0	753,177,9,8	106.4	39.4827914	73.5852168	4611.3
579	579	1.084	рюкзак-синий	6.3	20.8	порода-в-тени	0.888	18.0	-1.0	-8.0	8.1	bbox	578	91.1	91.1	91.1	1388,171,13,4	106.4	39.4827903	73.5852190	4611.2
580	580	0.869	рюкзак-синий	5.9	13.1	снег-в-тени	0.802	25.7	-1.0	-8.5	8.6	bbox	579	124.2	124.2	124.2	167,1073,6,7	106.3	39.4827891	73.5852181	4611.2
581	581	1.473	рюкзак-синий	6.2	35.1	снег-в-тени	0.984	73.9	2.5	-8.0	8.4	bbox	580	144.2	143.2	144.2	117,769,4,8	106.2	39.4827909	73.5852160	4611.2
582	582	0.771	рюкзак-синий	6.1	3.5	снег-в-тени	0.512	35.3	2.0	-8.0	8.2	bbox	581	157.3	157.3	157.3	1851,129,6,6	106.0	39.4827968	73.5845471	4595.2
583	583	1.538	рюкзак-синий	8.5	31.0	снег-освещённый	0.856	69.8	-2.0	-6.0	6.3	bbox	582	38.1	38.1	38.1	193,3,8,4	105.9	39.4827921	73.5852171	4611.2
584	584	1.662	стакан-марка-красная	11.0	25.9	снег-розовый	0.259	75.7	0.0	2.0	2.0	bbox	583	23.0	23.0	23.0	28,121,5,6	105.7	39.4827891	73.5852204	4611.2
585	585	1.915	стакан-марка-красная	12.0	33.1	порода-в-тени	0.221	16.7	-1.0	0.0	1.0	bbox	584	141.2	141.2	141.2	1483,1025,6,5	105.6	39.4827896	73.5852173	4611.2
586	586	1.715	стакан-марка-красная	11.2	27.8	снег-освещённый	0.210	77.6	0.0	-1.0	1.0	bbox	585	17.0	17.0	17.0	0,68,5,13	105.4	39.4827887	73.5852189	4611.3
587	587	1.197	рюкзак-синий	9.6	2.5	снег-в-тени	0.601	36.3	0.0	-4.5	4.5	bbox	586	27.0	24.0	27.0	571,921,6,8	105.2	39.4827883	73.5852210	4611.2
588	588	1.105	рюкзак-синий	6.8	19.8	порода-в-тени	1.026	19.0	3.0	-7.5	8.1	bbox	587	148.2	147.2	148.2	1867,247,8,4	104.2	39.4827981	73.5851957	4610.9
589	589	1.077	рюкзак-синий	6.1	21.3	порода-в-тени	0.916	17.5	0.0	-8.0	8.0	bbox	588	50.1	46.1	51.1	785,1014,6,7	104.1	39.4827946	73.5852202	4611.3
590	590	1.623	палка-древко-контроль	12.2	15.9	порода-в-тени	0.590	25.7	-6.0	-3.0	6.7	bbox	589	82.1	82.1	87.1	1539,795,4,12	104.1	39.4827923	73.5852171	4611.2
591	591	1.674	рюкзак-синий	13.3	4.1	порода-в-тени	0.511	34.7	-2.0	-1.0	2.2	bbox	590	33.1	33.1	36.1	417,569,6,6	104.0	39.4827900	73.5852191	4611.3
592	592	2.263	рюкзак-синий	9.2	54.5	снег-пересвеченный	0.461	93.3	-1.0	-5.0	5.1	bbox	591	82.1	82.1	83.1	1908,793,5,8	104.0	39.4827923	73.5852171	4611.2
593	593	1.990	стакан-марка-красная	14.0	26.3	снег-освещённый	0.302	76.1	-3.0	0.0	3.0	bbox	592	33.1	33.1	33.1	998,110,11,3	103.9	39.4827900	73.5852191	4611.3
594	594	2.341	стакан-марка-красная	12.0	50.2	снег-пересвеченный	0.628	100.0	-1.0	0.0	1.0	bbox	593	48.1	43.1	48.1	1809,215,16,2	103.9	39.4827936	73.5852195	4611.2
595	595	1.081	рюкзак-синий	6.0	21.8	снег-в-тени	0.474	60.6	1.0	-8.0	8.1	bbox	594	156.2	156.2	156.2	191,905,4,8	103.5	39.4828456	73.5846053	4596.7
596	596	1.932	стакан-марка-красная	12.0	33.9	снег-освещённый	0.104	83.7	-1.0	0.0	1.0	bbox	595	163.3	163.3	163.3	870,332,7,6	103.5	39.4826608	73.5846818	4591.9
597	597	1.957	стакан-марка-красная	11.0	38.8	порода-в-тени	0.437	11.0	0.0	0.0	0.0	bbox	596	48.1	48.1	49.1	1011,769,7,6	103.3	39.4827936	73.5852195	4611.2
598	598	1.720	рюкзак-синий	13.8	1.5	порода-в-тени	0.630	37.3	-3.5	-1.0	3.6	bbox	597	5.0	5.0	5.0	545,169,4,8	103.0	39.4827926	73.5852150	4611.3
599	599	0.846	рюкзак-синий	6.3	8.5	снег-в-тени	0.127	47.3	-1.0	-8.0	8.1	bbox	598	167.3	167.3	167.3	1661,1069,8,7	103.0	39.4827086	73.5847491	4591.9
600	600	1.218	рюкзак-синий	7.8	20.6	снег-в-тени	0.472	59.4	-1.0	-6.5	6.6	bbox	599	168.3	162.3	168.3	65,377,8,4	102.9	39.4827104	73.5847498	4591.9
601	601	1.511	рюкзак-синий	9.8	24.5	снег-в-тени	0.767	63.3	-3.0	-5.0	5.8	bbox	600	38.1	38.1	42.1	345,195,8,4	102.8	39.4827921	73.5852171	4611.2
602	602	1.776	палка-древко-контроль	14.0	8.4	порода-в-тени	1.296	50.0	-8.0	-1.0	8.1	bbox	601	112.2	112.2	112.2	1911,227,6,4	102.5	39.4827888	73.5852172	4611.2
603	603	1.586	рюкзак-синий	7.1	36.9	снег-пересвеченный	0.885	75.7	0.0	-7.0	7.0	bbox	602	144.2	143.2	144.2	41,310,6,11	102.4	39.4827909	73.5852160	4611.2
604	604	1.934	рюкзак-синий	13.3	27.4	порода-в-тени	0.322	11.4	-2.0	-1.0	2.2	bbox	603	36.1	36.1	36.1	409,1041,8,4	102.0	39.4827913	73.5852180	4611.2
605	605	0.984	рюкзак-синий	6.0	17.8	порода-в-тени	0.952	21.0	1.0	-8.0	8.1	bbox	604	37.1	37.1	37.1	907,47,6,6	101.8	39.4827916	73.5852176	4611.2
606	606	1.359	рюкзак-синий	8.1	25.5	снег-в-тени	0.641	64.3	0.0	-6.0	6.0	bbox	605	17.0	17.0	17.0	1898,55,5,7	101.7	39.4827887	73.5852189	4611.3
607	607	2.404	стакан-марка-красная	15.0	42.0	снег-пересвеченный	0.377	91.8	-4.0	0.0	4.0	bbox	606	52.1	52.1	52.1	1871,174,18,3	101.4	39.4827955	73.5852204	4611.2
608	608	1.976	стакан-марка-красная	11.9	36.5	снег-освещённый	0.323	86.3	-0.5	-2.0	2.1	bbox	607	42.1	41.1	42.1	986,1019,7,6	100.8	39.4827940	73.5852162	4611.3
609	609	0.852	рюкзак-синий	5.5	14.1	снег-в-тени	0.837	24.7	1.0	-8.5	8.6	bbox	608	152.2	152.2	152.2	1877,761,4,8	100.7	39.4828685	73.5849604	4604.4
610	610	0.642	рюкзак-синий	4.9	5.1	снег-в-тени	0.655	33.7	3.0	-9.5	10.0	bbox	609	155.2	155.2	155.2	7,1077,10,3	100.5	39.4828738	73.5846894	4598.6
611	611	1.107	рюкзак-синий	7.1	18.7	снег-в-тени	0.367	57.5	0.0	-7.0	7.0	bbox	610	148.2	148.2	149.2	1433,999,7,4	100.4	39.4827981	73.5851957	4610.9
612	612	0.855	рюкзак-синий	6.7	4.7	снег-в-тени	0.699	34.1	4.0	-8.0	8.9	bbox	611	157.3	157.3	157.3	1627,0,4,7	100.3	39.4827968	73.5845471	4595.2
613	613	0.645	рюкзак-синий	5.1	2.7	снег-в-тени	0.503	36.1	2.0	-9.0	9.2	bbox	612	156.2	156.2	156.2	1913,1041,7,4	100.1	39.4828456	73.5846053	4596.7
614	614	1.047	рюкзак-синий	7.0	16.1	снег-в-тени	0.309	54.9	1.0	-7.0	7.1	bbox	613	39.1	39.1	39.1	23,33,6,8	99.9	39.4827927	73.5852169	4611.2
615	615	0.795	рюкзак-синий	6.3	2.3	снег-в-тени	0.423	36.5	-1.0	-8.0	8.1	bbox	614	85.1	82.1	85.1	1421,955,6,4	99.9	39.4827927	73.5852176	4611.2
616	616	1.319	рюкзак-синий	6.1	30.2	порода-в-тени	1.092	8.6	2.0	-8.0	8.2	bbox	615	160.3	160.3	160.3	1677,1057,6,4	99.9	39.4826559	73.5845712	4592.3
617	617	1.402	стакан-марка-красная	7.6	28.8	порода-в-тени	1.398	21.0	8.0	-6.0	10.0	bbox	616	104.2	104.2	104.2	1874,817,5,6	99.7	39.4827893	73.5852165	4611.2
618	618	1.919	стакан-марка-красная	12.0	33.5	порода-в-тени	0.316	16.3	-1.0	1.0	1.4	bbox	617	135.2	135.2	135.2	1715,936,10,5	99.5	39.4827913	73.5852170	4611.2
619	619	1.575	рюкзак-синий	8.2	33.4	снег-освещённый	0.811	72.2	-1.0	-6.0	6.1	bbox	618	156.2	156.2	156.2	57,83,8,4	98.5	39.4828456	73.5846053	4596.7
620	620	0.819	рюкзак-синий	6.0	9.2	снег-в-тени	0.662	29.6	1.0	-8.0	8.1	bbox	619	139.2	139.2	142.2	487,235,4,8	98.4	39.4827892	73.5852175	4611.2
621	621	1.140	рюкзак-синий	5.0	26.7	снег-в-тени	0.656	65.5	1.0	-9.0	9.1	bbox	620	38.1	38.1	38.1	0,1017,3,8	98.1	39.4827921	73.5852171	4611.2
622	622	0.877	рюкзак-синий	7.0	1.6	снег-в-тени	0.318	40.4	1.0	-7.0	7.1	bbox	621	149.2	149.2	151.2	1793,955,8,4	97.7	39.4828120	73.5851582	4609.6
623	623	1.633	рюкзак-синий	7.1	38.5	снег-пересвеченный	0.853	77.3	0.0	-7.0	7.0	bbox	622	19.0	19.0	19.0	709,565,4,9	97.5	39.4827886	73.5852195	4611.3
624	624	0.811	рюкзак-синий	6.3	5.1	снег-в-тени	0.518	33.7	-1.0	-8.0	8.1	bbox	623	161.3	161.3	161.3	1739,364,4,7	97.5	39.4826428	73.5846124	4592.2
625	625	0.983	рюкзак-синий	7.0	12.5	снег-в-тени	0.789	26.3	1.0	-7.0	7.1	bbox	624	168.3	168.3	168.3	1591,1059,6,6	97.4	39.4827104	73.5847498	4591.9
626	626	1.688	стакан-марка-красная	10.0	31.6	порода-в-тени	0.536	18.2	1.0	2.0	2.2	bbox	625	151.2	151.2	152.2	835,475,8,9	97.3	39.4828491	73.5850390	4606.3
627	627	1.670	рюкзак-синий	9.5	32.9	порода-в-тени	0.720	5.9	-2.0	-5.0	5.4	bbox	626	41.1	41.1	41.1	1393,143,7,5	96.8	39.4827936	73.5852162	4611.3
628	628	1.945	стакан-марка-красная	15.1	13.5	снег-освещённый	0.731	63.3	-4.0	-0.5	4.0	bbox	627	25.0	25.0	25.0	467,484,4,8	96.7	39.4827888	73.5852209	4611.3
629	629	2.116	стакан-марка-красная	12.2	41.2	снег-освещённый	0.384	91.0	-1.0	-1.0	1.4	bbox	628	124.2	124.2	124.2	1665,1067,16,6	96.7	39.4827891	73.5852181	4611.2
630	630	0.925	рюкзак-синий	7.3	4.7	снег-в-тени	0.520	34.1	-1.0	-7.0	7.1	bbox	629	31.0	31.0	31.0	211,497,4,8	96.6	39.4827896	73.5852197	4611.2
631	631	0.940	рюкзак-синий	7.1	9.0	снег-в-тени	0.701	29.8	2.0	-7.0	7.3	bbox	630	36.1	36.1	36.1	1777,277,6,8	96.6	39.4827913	73.5852180	4611.2
632	632	0.761	рюкзак-синий	6.1	0.8	снег-в-тени	0.349	38.0	0.0	-8.0	8.0	bbox	631	153.2	153.2	153.2	1745,990,5,7	96.2	39.4828831	73.5848732	4602.6
633	633	0.952	рюкзак-синий	7.6	0.4	снег-в-тени	0.436	38.4	-2.0	-7.0	7.3	bbox	632	31.0	31.0	31.0	353,481,4,10	96.0	39.4827896	73.5852197	4611.2
634	634	2.177	палка-древко-контроль	17.0	13.3	снег-освещённый	1.298	54.9	-8.0	2.0	8.2	bbox	633	49.1	49.1	49.1	523,1073,4,7	95.9	39.4827941	73.5852198	4611.3
635	635	2.328	стакан-марка-красная	12.6	47.8	снег-пересвеченный	0.452	97.6	-1.0	-3.0	3.2	bbox	634	104.2	104.2	104.2	1882,603,7,6	95.8	39.4827893	73.5852165	4611.2
636	636	1.320	рюкзак-синий	5.1	32.4	снег-в-тени	0.844	71.2	0.0	-9.0	9.0	bbox	635	157.3	157.3	157.3	103,0,10,3	95.5	39.4827968	73.5845471	4595.2
637	637	2.051	стакан-марка-красная	10.8	43.3	снег-освещённый	0.630	93.1	1.0	-3.0	3.2	bbox	636	91.1	91.1	91.1	1594,1045,7,12	95.3	39.4827903	73.5852190	4611.2
638	638	1.098	рюкзак-синий	6.1	22.2	снег-в-тени	0.533	61.0	2.0	-8.0	8.2	bbox	637	164.3	164.3	164.3	0,467,7,4	95.3	39.4826754	73.5847064	4591.8
639	639	1.490	стакан-марка-красная	11.0	15.7	снег-розовый	0.559	65.5	0.0	0.0	0.0	bbox	638	44.1	42.1	44.1	1555,383,7,11	95.2	39.4827940	73.5852169	4611.2
640	640	1.620	рюкзак-синий	11.0	23.7	порода-в-тени	0.590	15.1	2.0	-3.0	3.6	bbox	639	15.0	15.0	15.0	725,786,5,10	95.1	39.4827893	73.5852184	4611.3
641	641	1.252	рюкзак-синий	8.1	20.8	снег-в-тени	0.550	59.6	2.0	-6.0	6.3	bbox	640	168.3	168.3	168.3	1611,35,8,4	95.0	39.4827104	73.5847498	4591.9
642	642	2.298	стакан-марка-красная	14.5	39.4	снег-пересвеченный	0.383	89.2	-3.5	0.0	3.5	bbox	641	20.0	20.0	20.0	1329,979,8,4	94.9	39.4827886	73.5852193	4611.3
643	643	2.084	стакан-марка-красная	11.0	43.7	порода-в-тени	0.583	6.1	0.0	0.0	0.0	bbox	642	64.1	56.1	64.1	1651,737,4,7	94.7	39.4827922	73.5852168	4611.2
644	644	1.200	рюкзак-синий	5.4	27.8	порода-в-тени	1.062	11.0	-1.0	-9.0	9.1	bbox	643	50.1	50.1	50.1	609,1073,4,7	94.5	39.4827946	73.5852202	4611.3
645	645	1.874	стакан-марка-красная	13.0	25.9	снег-освещённый	0.221	75.7	-2.0	0.0	2.0	bbox	644	52.1	52.1	55.1	1345,513,6,5	94.3	39.4827955	73.5852204	4611.2
646	646	1.813	стакан-марка-красная	10.2	36.1	снег-освещённый	0.333	85.9	1.0	-1.0	1.4	bbox	645	118.2	117.2	118.2	1484,726,3,9	94.3	39.4827906	73.5852166	4611.2
647	647	0.734	рюкзак-синий	5.6	6.3	снег-в-тени	0.710	32.5	3.5	-9.0	9.7	bbox	646	133.2	133.2	133.2	147,187,4,6	93.5	39.4827917	73.5852170	4611.2
648	648	2.269	стакан-марка-красная	15.1	35.1	снег-пересвеченный	0.322	84.9	-4.0	-1.0	4.1	bbox	647	109.2	109.2	109.2	1351,794,8,7	93.4	39.4827881	73.5852173	4611.2
649	649	1.954	стакан-марка-красная	14.0	24.3	порода-в-тени	0.333	25.5	-3.0	1.0	3.2	bbox	648	23.0	23.0	23.0	227,353,5,8	93.2	39.4827891	73.5852204	4611.2
650	650	1.913	стакан-марка-красная	10.8	38.0	снег-освещённый	0.516	87.8	1.0	-3.0	3.2	bbox	649	46.1	46.1	46.1	1916,835,4,8	93.1	39.4827932	73.5852184	4611.2
651	651	2.175	стакан-марка-красная	11.0	47.1	снег-освещённый	0.587	96.9	0.0	0.0	0.0	bbox	650	123.2	120.2	125.2	1669,665,4,8	93.1	39.4827889	73.5852182	4611.2
652	652	0.855	рюкзак-синий	6.1	11.0	снег-в-тени	0.713	27.8	0.0	-8.0	8.0	bbox	651	119.2	119.2	119.2	653,147,5,6	92.8	39.4827903	73.5852170	4611.2
653	653	2.085	стакан-марка-красная	12.0	40.4	снег-освещённый	0.336	90.2	-1.0	0.0	1.0	bbox	652	132.2	132.2	132.2	313,121,7,8	92.7	39.4827914	73.5852170	4611.2
654	654	0.868	рюкзак-синий	6.1	11.7	снег-в-тени	0.741	27.1	0.0	-8.0	8.0	bbox	653	167.3	167.3	167.3	1744,1003,5,7	92.7	39.4827086	73.5847491	4591.9
655	655	1.821	рюкзак-синий	11.4	31.7	порода-в-тени	0.538	7.1	-2.0	-3.0	3.6	bbox	654	2.0	2.0	2.0	291,701,7,7	92.5	39.4827944	73.5852145	4611.2
656	656	1.144	рюкзак-синий	7.6	18.0	порода-в-тени	0.732	20.8	0.0	-6.5	6.5	bbox	655	49.1	49.1	49.1	177,277,4,8	92.3	39.4827941	73.5852198	4611.3
657	657	0.937	рюкзак-синий	7.0	9.4	снег-в-тени	0.680	29.4	1.0	-7.0	7.1	bbox	656	158.3	158.3	158.3	1793,578,6,5	92.2	39.4827413	73.5845277	4594.0
658	658	0.375	рюкзак-синий	3.0	0.4	снег-в-тени	0.500	39.2	1.0	-11.0	11.0	bbox	657	125.2	120.2	125.2	627,761,6,4	92.0	39.4827892	73.5852179	4611.2
659	659	2.117	стакан-марка-красная	14.0	33.3	снег-освещённый	0.292	83.1	-3.0	1.0	3.2	bbox	658	128.2	128.2	128.2	77,621,3,10	92.0	39.4827898	73.5852175	4611.2
660	660	1.019	рюкзак-синий	6.1	19.0	порода-в-тени	1.008	19.8	2.0	-8.0	8.2	bbox	659	27.0	27.0	27.0	113,1073,4,7	91.9	39.4827883	73.5852210	4611.2
661	661	1.864	стакан-марка-красная	10.8	36.1	снег-освещённый	0.486	85.9	1.0	-3.0	3.2	bbox	660	61.1	60.1	68.1	1474,321,7,5	91.9	39.4827920	73.5852177	4611.2
662	662	1.379	стакан-марка-красная	11.0	2.7	снег-розовый	0.937	52.5	0.0	1.0	1.0	bbox	661	47.1	46.1	47.1	1763,647,3,11	91.6	39.4827934	73.5852191	4611.2
663	663	2.246	стакан-марка-красная	12.0	46.7	снег-освещённый	0.560	96.5	-1.0	0.0	1.0	bbox	662	122.2	120.2	122.2	1553,665,4,8	91.4	39.4827891	73.5852183	4611.2
664	664	2.064	стакан-марка-красная	15.1	23.1	снег-освещённый	0.485	72.9	-4.0	-1.0	4.1	bbox	663	25.0	25.0	25.0	1891,139,7,6	91.3	39.4827888	73.5852209	4611.3
665	665	1.624	стакан-марка-красная	11.2	23.1	снег-освещённый	0.332	72.9	0.0	-1.0	1.0	bbox	664	36.1	36.1	37.1	673,347,8,7	90.8	39.4827913	73.5852180	4611.2
666	666	1.828	стакан-марка-красная	11.0	33.5	снег-освещённый	0.154	83.3	0.0	0.0	0.0	bbox	665	106.2	106.2	109.2	1610,811,5,6	90.8	39.4827885	73.5852170	4611.2
667	667	1.115	рюкзак-синий	7.3	18.0	порода-в-тени	0.760	20.8	-1.0	-7.0	7.1	bbox	666	50.1	50.1	50.1	640,513,5,7	90.4	39.4827946	73.5852202	4611.3
668	668	2.290	рюкзак-синий	15.3	35.3	порода-в-тени	0.652	3.5	-2.0	1.0	2.2	bbox	667	131.2	131.2	132.2	1899,717,7,4	90.1	39.4827912	73.5852169	4611.2
669	669	2.330	стакан-марка-красная	12.0	49.8	снег-пересвеченный	0.620	99.6	-1.0	0.0	1.0	bbox	668	88.1	88.1	88.1	1351,769,2,16	90.0	39.4827912	73.5852186	4611.2
670	670	1.928	стакан-марка-красная	12.0	33.7	порода-в-тени	0.235	16.1	-1.0	0.0	1.0	bbox	669	147.2	147.2	147.2	781,879,8,8	89.9	39.4827910	73.5852148	4611.2
671	671	1.098	рюкзак-синий	7.1	18.3	снег-в-тени	0.354	57.1	0.0	-7.0	7.0	bbox	670	11.0	11.0	11.0	516,531,5,6	89.5	39.4827902	73.5852179	4611.3
672	672	1.982	стакан-марка-красная	12.4	34.7	снег-освещённый	0.283	84.5	-1.0	-2.0	2.2	bbox	671	60.1	60.1	62.1	1178,868,10,5	89.3	39.4827920	73.5852179	4611.2
673	673	0.970	рюкзак-синий	7.0	11.7	снег-в-тени	0.762	27.1	1.0	-7.0	7.1	bbox	672	151.2	151.2	151.2	1793,817,4,8	89.3	39.4828491	73.5850390	4606.3
674	674	1.778	стакан-марка-красная	11.0	31.4	порода-в-тени	0.288	18.4	0.0	0.0	0.0	bbox	673	147.2	147.2	151.2	842,817,7,6	89.2	39.4827910	73.5852148	4611.2
675	675	2.060	стакан-марка-красная	13.0	35.3	снег-освещённый	0.198	85.1	-2.0	0.0	2.0	bbox	674	120.2	112.2	120.2	1679,959,16,2	89.1	39.4827901	73.5852173	4611.2
676	676	1.758	стакан-марка-красная	14.0	3.1	порода-в-тени	0.955	46.7	-3.0	0.0	3.0	bbox	675	4.0	4.0	4.0	641,91,6,5	89.0	39.4827930	73.5852148	4611.3
677	677	1.525	стакан-марка-красная	12.2	3.3	снег-в-тени	0.904	53.1	-1.0	-1.0	1.4	bbox	676	49.1	49.1	49.1	973,833,12,6	88.8	39.4827941	73.5852198	4611.3
678	678	1.172	рюкзак-синий	7.1	21.5	порода-в-тени	0.908	17.3	2.0	-7.0	7.3	bbox	677	155.2	155.2	155.2	121,295,8,5	88.6	39.4828738	73.5846894	4598.6
679	679	1.977	стакан-марка-красная	11.0	39.6	порода-в-тени	0.580	10.2	0.0	2.0	2.0	bbox	678	157.3	157.3	157.3	657,459,8,4	88.5	39.4827968	73.5845471	4595.2
680	680	0.924	рюкзак-синий	7.3	4.5	снег-в-тени	0.238	43.3	-1.0	-7.0	7.1	bbox	679	38.1	38.1	38.1	1649,45,8,7	88.4	39.4827921	73.5852171	4611.2
681	681	1.595	стакан-марка-красная	10.8	23.9	снег-освещённый	0.517	73.7	1.0	-3.0	3.2	bbox	680	40.1	40.1	40.1	1321,1027,6,7	88.3	39.4827932	73.5852163	4611.3
682	682	0.804	рюкзак-синий	6.3	4.1	снег-в-тени	0.214	42.9	-1.0	-8.0	8.1	bbox	681	38.1	38.1	39.1	245,333,8,4	88.1	39.4827921	73.5852171	4611.2
683	683	0.990	рюкзак-синий	7.0	13.0	снег-в-тени	0.226	51.8	1.0	-7.0	7.1	bbox	682	168.3	162.3	168.3	97,283,7,8	87.9	39.4827104	73.5847498	4591.9
684	684	0.756	рюкзак-синий	6.0	2.6	снег-в-тени	0.261	41.4	1.0	-8.0	8.1	bbox	683	159.3	159.3	159.3	135,1053,8,4	87.8	39.4826916	73.5845390	4592.9
685	685	1.864	стакан-марка-красная	12.5	28.4	снег-освещённый	0.326	78.2	-1.0	-2.5	2.7	bbox	684	24.0	24.0	24.0	817,561,4,8	87.5	39.4827890	73.5852207	4611.3
686	686	1.027	рюкзак-синий	7.6	10.8	снег-в-тени	0.759	28.0	-2.0	-7.0	7.3	bbox	685	121.2	121.2	121.2	207,713,6,6	87.5	39.4827896	73.5852177	4611.2
687	687	1.126	рюкзак-синий	7.6	16.8	порода-в-тени	0.752	22.0	-2.0	-7.0	7.3	bbox	686	47.1	47.1	47.1	469,259,4,8	87.4	39.4827934	73.5852191	4611.2
688	688	0.806	рюкзак-синий	6.3	4.3	снег-в-тени	0.208	43.1	-1.0	-8.0	8.1	bbox	687	86.1	86.1	86.1	1461,842,4,6	87.4	39.4827924	73.5852177	4611.2
689	689	0.826	рюкзак-синий	5.1	14.7	снег-в-тени	0.240	53.5	0.0	-9.0	9.0	bbox	688	144.2	144.2	144.2	5,497,4,8	87.2	39.4827909	73.5852160	4611.2
690	690	1.126	рюкзак-синий	6.0	23.5	порода-в-тени	0.969	15.3	1.0	-8.0	8.1	bbox	689	47.1	47.1	47.1	157,705,4,8	87.1	39.4827934	73.5852191	4611.2
691	691	1.113	рюкзак-синий	8.5	9.2	снег-в-тени	0.419	48.0	-3.0	-6.5	7.2	bbox	690	84.1	79.1	85.1	1761,433,8,4	87.1	39.4827928	73.5852175	4611.2
692	692	1.060	рюкзак-синий	8.1	9.2	снег-в-тени	0.250	48.0	0.0	-6.0	6.0	bbox	691	158.3	158.3	158.3	1873,393,4,8	87.1	39.4827413	73.5845277	4594.0
693	693	1.899	рюкзак-синий	14.1	20.0	порода-в-тени	0.151	18.8	-3.0	-0.5	3.0	bbox	692	27.0	27.0	28.0	538,19,6,6	86.7	39.4827883	73.5852210	4611.2
694	694	1.351	рюкзак-синий	10.3	11.3	порода-в-тени	0.456	27.5	-1.5	-4.0	4.3	bbox	693	24.0	24.0	24.0	529,578,6,7	86.2	39.4827890	73.5852207	4611.3
695	695	1.512	рюкзак-синий	9.2	27.4	порода-в-тени	0.608	11.4	-1.0	-5.0	5.1	bbox	694	27.0	26.0	27.0	305,977,4,8	86.1	39.4827883	73.5852210	4611.2
696	696	1.396	рюкзак-синий	6.1	32.8	снег-в-тени	0.849	71.6	0.0	-8.0	8.0	bbox	695	155.2	155.2	155.2	17,905,4,8	85.9	39.4828738	73.5846894	4598.6
697	697	0.875	рюкзак-синий	7.0	0.6	снег-в-тени	0.348	39.4	1.0	-7.0	7.1	bbox	696	150.2	150.2	150.2	1903,101,6,6	85.8	39.4828294	73.5851057	4608.1
698	698	0.876	рюкзак-синий	7.0	1.2	снег-в-тени	0.403	37.6	1.0	-7.0	7.1	bbox	697	156.2	156.2	156.2	0,1041,3,8	85.8	39.4828456	73.5846053	4596.7
699	699	0.890	рюкзак-синий	7.0	4.5	снег-в-тени	0.513	34.3	1.0	-7.0	7.1	bbox	698	151.2	150.2	151.2	1629,1010,4,7	85.3	39.4828491	73.5850390	4606.3
700	700	1.966	стакан-марка-красная	13.2	30.2	снег-освещённый	0.179	80.0	-2.0	-1.0	2.2	bbox	699	51.1	51.1	52.1	1169,695,16,2	85.2	39.4827951	73.5852203	4611.3
701	701	1.561	стакан-марка-красная	11.0	20.4	снег-освещённый	0.399	70.2	0.0	0.0	0.0	bbox	700	103.2	103.2	103.2	294,7,5,5	85.1	39.4827898	73.5852163	4611.2
702	702	1.930	рюкзак-синий	14.6	18.0	порода-в-тени	0.177	20.8	-3.0	0.0	3.0	bbox	701	19.0	19.0	20.0	708,659,7,5	84.8	39.4827886	73.5852195	4611.3
703	703	2.430	палка-древко-контроль	15.0	43.3	снег-пересвеченный	0.657	84.9	-8.0	0.0	8.0	bbox	702	79.1	79.1	79.1	1707,149,4,6	84.8	39.4827913	73.5852171	4611.2
704	704	1.489	рюкзак-синий	7.1	33.6	снег-в-тени	0.886	72.4	0.0	-7.0	7.0	bbox	703	53.1	53.1	53.1	121,49,4,7	84.7	39.4827956	73.5852201	4611.2
705	705	1.090	рюкзак-синий	8.0	12.1	порода-в-тени	0.762	26.7	1.0	-6.0	6.1	bbox	704	155.2	155.2	155.2	1778,833,7,6	84.6	39.4828738	73.5846894	4598.6
706	706	1.631	стакан-марка-красная	12.2	16.5	снег-освещённый	0.534	66.3	-1.0	-1.0	1.4	bbox	705	35.1	35.1	37.1	951,131,6,8	84.5	39.4827910	73.5852186	4611.2
707	707	2.249	стакан-марка-красная	11.0	49.8	снег-освещённый	0.686	99.6	0.0	0.5	0.5	bbox	706	118.2	118.2	118.2	1873,727,16,2	84.4	39.4827906	73.5852166	4611.2
708	708	0.711	рюкзак-синий	5.6	3.7	снег-в-тени	0.458	35.1	0.0	-8.5	8.5	bbox	707	161.3	161.3	161.3	1869,649,6,4	84.2	39.4826428	73.5846124	4592.2
709	709	0.767	рюкзак-синий	6.0	4.1	снег-в-тени	0.255	42.9	1.5	-8.0	8.1	bbox	708	156.2	156.2	156.2	89,887,8,6	83.7	39.4828456	73.5846053	4596.7
710	710	2.264	стакан-марка-красная	14.1	39.6	снег-пересвеченный	0.283	89.4	-3.0	-1.0	3.2	bbox	709	28.0	25.0	28.0	1041,818,8,5	83.5	39.4827884	73.5852209	4611.2
711	711	2.278	стакан-марка-красная	13.0	44.7	снег-пересвеченный	0.419	94.5	-1.0	-4.0	4.1	bbox	710	91.1	91.1	91.1	1802,711,7,10	83.3	39.4827903	73.5852190	4611.2
712	712	1.530	стакан-марка-красная	11.0	18.4	порода-в-тени	0.481	31.4	0.0	0.0	0.0	bbox	711	95.2	95.2	95.2	317,737,5,5	82.8	39.4827926	73.5852188	4611.2
713	713	1.882	палка-древко-контроль	13.2	25.7	снег-освещённый	0.829	67.3	-6.0	-2.0	6.3	bbox	712	101.2	101.2	101.2	723,705,4,8	82.8	39.4827911	73.5852159	4611.2
714	714	2.095	стакан-марка-красная	13.0	36.9	снег-освещённый	0.244	86.7	-2.0	0.0	2.0	bbox	713	100.2	100.2	100.2	1893,43,10,4	82.6	39.4827918	73.5852162	4611.2
715	715	2.214	стакан-марка-красная	14.3	36.5	снег-пересвеченный	0.235	86.3	-3.0	-2.0	3.6	bbox	714	20.0	20.0	20.0	561,371,4,11	82.1	39.4827886	73.5852193	4611.3
716	716	0.890	рюкзак-синий	7.0	4.5	снег-в-тени	0.513	34.3	1.0	-7.0	7.1	bbox	715	162.3	162.3	164.3	1767,715,4,6	81.9	39.4826479	73.5846514	4592.0
717	717	0.939	рюкзак-синий	7.5	1.6	снег-в-тени	0.348	40.4	1.0	-6.5	6.6	bbox	716	156.2	156.2	156.2	1781,909,4,6	81.6	39.4828456	73.5846053	4596.7
718	718	1.043	рюкзак-синий	7.3	14.3	порода-в-тени	0.774	24.5	-1.0	-7.0	7.1	bbox	717	38.1	38.1	39.1	686,345,5,8	81.5	39.4827921	73.5852171	4611.2
719	719	2.308	палка-древко-контроль	15.1	37.0	снег-пересвеченный	0.621	78.6	-6.0	0.0	6.0	bbox	718	52.1	52.1	52.1	1585,747,4,8	81.5	39.4827955	73.5852204	4611.2
720	720	1.927	стакан-марка-красная	11.0	37.6	порода-в-тени	0.406	12.2	0.0	0.0	0.0	bbox	719	158.3	158.3	158.3	1434,355,7,5	81.4	39.4827413	73.5845277	4594.0
721	721	2.081	рюкзак-синий	8.2	50.6	снег-пересвеченный	0.532	89.4	-1.0	-6.0	6.1	bbox	720	68.1	68.1	68.1	1413,807,11,4	81.3	39.4827931	73.5852161	4611.2
722	722	1.332	рюкзак-синий	9.6	16.1	порода-в-тени	0.483	22.7	-0.5	-4.5	4.5	bbox	721	25.0	25.0	25.0	667,723,5,4	81.2	39.4827888	73.5852209	4611.3
723	723	1.833	рюкзак-синий	10.2	36.9	снег-освещённый	0.532	75.7	-1.0	-4.0	4.1	bbox	722	25.0	25.0	25.0	1816,374,9,11	80.9	39.4827888	73.5852209	4611.3
724	724	0.998	рюкзак-синий	6.6	15.9	порода-в-тени	0.855	22.9	0.0	-7.5	7.5	bbox	723	39.1	39.1	41.1	337,413,6,4	80.9	39.4827927	73.5852169	4611.2
725	725	1.974	стакан-марка-красная	11.1	39.4	снег-освещённый	0.472	89.2	0.5	-2.5	2.5	bbox	724	101.2	101.2	101.2	584,59,4,8	80.5	39.4827911	73.5852159	4611.2
726	726	1.906	стакан-марка-красная	12.6	29.8	снег-освещённый	0.377	79.6	-1.0	-3.0	3.2	bbox	725	3.0	3.0	3.0	1035,873,6,8	79.9	39.4827936	73.5852146	4611.3
727	727	1.630	палка-древко-контроль	13.0	0.8	порода-в-тени	1.010	42.4	-7.0	-2.0	7.3	bbox	726	50.1	50.1	50.1	689,999,6,4	79.9	39.4827946	73.5852202	4611.3
728	728	0.946	рюкзак-синий	7.3	7.2	снег-в-тени	0.606	31.6	-1.0	-7.0	7.1	bbox	727	37.1	37.1	37.1	341,457,4,6	79.3	39.4827916	73.5852176	4611.2
729	729	0.894	рюкзак-синий	6.1	13.2	снег-в-тени	0.149	52.0	0.0	-8.0	8.0	bbox	728	159.3	159.3	159.3	743,13,6,4	79.3	39.4826916	73.5845390	4592.9
730	730	1.717	стакан-марка-красная	12.0	23.1	порода-в-тени	0.285	26.7	-1.0	0.0	1.0	bbox	729	34.1	34.1	34.1	1059,771,6,5	78.8	39.4827905	73.5852191	4611.3
731	731	1.387	рюкзак-синий	10.2	15.3	снег-в-тени	0.563	54.1	-1.0	-4.0	4.1	bbox	730	22.0	22.0	22.0	1449,67,4,6	78.7	39.4827893	73.5852202	4611.3
732	732	1.937	стакан-марка-красная	15.2	10.0	корка-жёлтая-на-скале	1.106	39.8	-3.0	7.0	7.6	bbox	731	66.1	66.1	70.1	1695,346,8,5	78.7	39.4827925	73.5852163	4611.2
733	733	0.880	рюкзак-синий	7.0	2.6	снег-в-тени	0.290	41.4	1.0	-7.0	7.1	bbox	732	148.2	145.2	148.2	1849,633,8,8	78.6	39.4827981	73.5851957	4610.9
734	734	1.994	стакан-марка-красная	13.0	32.2	снег-освещённый	0.132	82.0	-2.0	0.0	2.0	bbox	733	149.2	148.2	149.2	687,705,2,14	78.6	39.4828120	73.5851582	4609.6
735	735	2.352	палка-древко-бирюзовое	16.2	33.8	снег-пересвеченный	0.691	86.3	-9.0	-1.0	9.1	bbox	734	113.2	113.2	113.2	1913,5,4,5	78.5	39.4827891	73.5852173	4611.2
736	736	2.137	стакан-марка-красная	16.2	19.6	снег-розовый	1.019	69.4	-4.0	7.0	8.1	bbox	735	129.2	129.2	129.2	1891,785,6,4	78.5	39.4827903	73.5852175	4611.2
737	737	0.843	рюкзак-синий	6.3	8.2	снег-в-тени	0.627	30.6	-1.0	-8.0	8.1	bbox	736	121.2	121.2	121.2	292,947,5,10	78.4	39.4827896	73.5852177	4611.2
738	738	1.882	стакан-марка-красная	12.1	31.4	снег-освещённый	0.064	81.2	-1.0	-0.5	1.1	bbox	737	33.1	33.1	33.1	1425,971,7,6	78.3	39.4827900	73.5852191	4611.3
739	739	1.795	рюкзак-синий	11.0	32.1	порода-в-тени	0.605	6.7	0.0	-3.0	3.0	bbox	738	14.0	14.0	14.0	1206,625,7,6	77.8	39.4827894	73.5852180	4611.3
740	740	1.889	стакан-марка-красная	12.2	31.4	снег-освещённый	0.126	81.2	-1.0	-1.0	1.4	bbox	739	38.1	38.1	38.1	605,343,4,8	77.8	39.4827921	73.5852171	4611.2
741	741	1.219	рюкзак-синий	8.1	19.2	порода-в-тени	0.674	19.6	0.0	-6.0	6.0	bbox	740	153.2	153.2	153.2	1418,9,7,4	77.8	39.4828831	73.5848732	4602.6
742	742	1.683	стакан-марка-красная	12.4	18.6	снег-освещённый	0.508	68.4	-1.0	-2.0	2.2	bbox	741	6.0	6.0	6.0	1085,24,4,8	77.5	39.4827921	73.5852158	4611.2
743	743	2.041	рюкзак-синий	14.6	25.9	порода-в-тени	0.320	12.9	-3.0	0.0	3.0	bbox	742	99.2	99.2	99.2	689,817,6,5	77.5	39.4827921	73.5852167	4611.2
744	744	1.803	рюкзак-синий	14.4	2.9	порода-в-тени	0.610	35.9	-4.0	-0.5	4.0	bbox	743	121.2	121.2	121.2	189,1009,4,8	77.1	39.4827896	73.5852177	4611.2
745	745	2.188	стакан-марка-красная	12.6	42.4	снег-пересвеченный	0.379	92.2	-1.0	-3.0	3.2	bbox	744	90.1	90.1	91.1	1859,254,7,5	77.0	39.4827904	73.5852189	4611.2
746	746	1.465	рюкзак-синий	8.1	29.8	порода-в-тени	0.898	9.0	2.0	-6.0	6.3	bbox	745	160.3	160.3	160.3	1605,993,4,6	77.0	39.4826559	73.5845712	4592.3
747	747	1.495	стакан-марка-красная	11.0	16.1	снег-освещённый	0.547	65.9	0.0	0.0	0.0	bbox	746	161.3	161.3	165.3	180,298,5,7	77.0	39.4826428	73.5846124	4592.2
748	748	2.109	рюкзак-синий	8.0	52.0	снег-пересвеченный	0.729	90.8	1.0	-6.0	6.1	bbox	747	162.3	162.3	168.3	219,25,4,7	77.0	39.4826479	73.5846514	4592.0
749	749	2.017	стакан-марка-красная	11.0	41.2	снег-освещённый	0.384	91.0	0.0	0.0	0.0	bbox	748	167.3	167.3	167.3	341,11,5,5	76.9	39.4827086	73.5847491	4591.9
750	750	1.670	рюкзак-синий	9.5	32.9	порода-в-тени	0.720	5.9	-2.0	-5.0	5.4	bbox	749	34.1	34.1	34.1	1607,237,5,6	76.8	39.4827905	73.5852191	4611.3
751	751	2.145	стакан-марка-красная	12.0	42.9	порода-в-тени	0.558	6.9	-1.0	1.0	1.4	bbox	750	35.1	35.1	35.1	1495,961,4,8	76.6	39.4827910	73.5852186	4611.2
752	752	2.058	стакан-марка-красная	11.4	41.6	снег-освещённый	0.470	91.4	0.0	-2.0	2.0	bbox	751	73.1	73.1	73.1	1732,545,5,5	76.5	39.4827913	73.5852160	4611.2
753	753	0.628	рюкзак-синий	5.0	1.8	снег-в-тени	0.312	40.6	1.0	-9.0	9.1	bbox	752	129.2	128.2	129.2	103,123,6,4	76.5	39.4827903	73.5852175	4611.2
754	754	1.189	рюкзак-синий	9.1	10.2	порода-в-тени	0.632	28.6	0.0	-5.0	5.0	bbox	753	37.1	36.1	37.1	1729,518,4,11	76.4	39.4827916	73.5852176	4611.2
755	755	1.211	рюкзак-синий	9.6	5.7	порода-в-тени	0.679	33.1	0.0	-4.5	4.5	bbox	754	168.3	168.3	168.3	793,593,8,4	76.4	39.4827104	73.5847498	4591.9
756	756	2.074	стакан-марка-красная	11.0	43.3	порода-в-тени	0.571	6.5	0.0	0.0	0.0	bbox	755	47.1	47.1	47.1	689,817,6,6	75.9	39.4827934	73.5852191	4611.2
757	757	1.833	стакан-марка-красная	12.2	28.6	снег-освещённый	0.151	78.4	-1.0	-1.0	1.4	bbox	756	39.1	39.1	39.1	684,353,5,6	75.8	39.4827927	73.5852169	4611.2
758	758	1.404	палка-древко-контроль	11.2	3.7	снег-в-тени	0.906	45.3	-6.0	-4.0	7.2	bbox	757	85.1	84.1	86.1	1641,587,4,6	75.8	39.4827927	73.5852176	4611.2
759	759	1.653	рюкзак-синий	8.1	36.7	снег-освещённый	0.784	75.5	0.0	-6.0	6.0	bbox	758	157.3	157.3	157.3	113,359,8,4	75.7	39.4827968	73.5845471	4595.2
760	760	0.751	рюкзак-синий	6.0	1.2	снег-в-тени	0.384	37.6	1.0	-8.0	8.1	bbox	759	168.3	168.3	168.3	1337,969,6,4	75.5	39.4827104	73.5847498	4591.9
761	761	2.043	стакан-марка-красная	13.0	34.5	снег-освещённый	0.177	84.3	-2.0	0.0	2.0	bbox	760	149.2	146.2	149.2	750,105,3,8	75.3	39.4828120	73.5851582	4609.6
762	762	1.228	рюкзак-синий	5.1	29.4	порода-в-тени	1.185	9.4	2.0	-9.0	9.2	bbox	761	122.2	122.2	122.2	231,166,4,8	75.2	39.4827891	73.5852183	4611.2
763	763	2.041	рюкзак-синий	14.6	25.9	порода-в-тени	0.320	12.9	-3.0	0.0	3.0	bbox	762	8.0	8.0	8.0	1507,243,8,4	74.6	39.4827914	73.5852168	4611.3
764	764	1.860	рюкзак-синий	8.2	43.4	снег-пересвеченный	0.610	82.2	-1.0	-6.0	6.1	bbox	763	43.1	42.1	43.1	1321,666,4,7	74.4	39.4827942	73.5852164	4611.2
765	765	1.653	стакан-марка-красная	11.2	24.7	снег-освещённый	0.286	74.5	0.0	-1.0	1.0	bbox	764	155.2	155.2	155.2	792,295,7,3	74.2	39.4828738	73.5846894	4598.6
766	766	2.031	стакан-марка-красная	12.4	36.9	снег-освещённый	0.326	86.7	-1.0	-2.0	2.2	bbox	765	15.0	15.0	15.0	1885,1019,4,6	74.1	39.4827893	73.5852184	4611.3
767	767	1.448	палка-древко-контроль	10.2	19.2	порода-в-тени	0.711	22.4	-6.0	-5.0	7.8	bbox	766	117.2	117.2	118.2	1917,1009,3,10	74.1	39.4827901	73.5852167	4611.2
768	768	1.990	стакан-марка-красная	13.0	32.0	снег-освещённый	0.130	81.8	-2.0	0.0	2.0	bbox	767	36.1	35.1	36.1	756,235,5,6	74.0	39.4827913	73.5852180	4611.2
769	769	1.810	стакан-марка-красная	11.0	32.9	снег-освещённый	0.190	82.7	0.0	1.0	1.0	bbox	768	165.3	164.3	166.3	345,89,5,5	74.0	39.4826891	73.5847260	4591.8
770	770	1.918	стакан-марка-красная	12.6	30.4	снег-освещённый	0.376	80.2	-1.0	-3.0	3.2	bbox	769	18.0	18.0	18.0	1353,161,4,8	73.9	39.4827884	73.5852193	4611.3
771	771	0.995	рюкзак-синий	6.0	18.2	порода-в-тени	0.929	20.6	0.5	-8.0	8.0	bbox	770	150.2	150.2	150.2	1141,861,5,4	73.8	39.4828294	73.5851057	4608.1
772	772	1.801	рюкзак-синий	14.4	1.7	порода-в-тени	0.648	37.1	-4.0	-0.5	4.0	bbox	771	4.0	4.0	4.0	1091,195,6,4	73.7	39.4827930	73.5852148	4611.3
773	773	2.201	стакан-марка-красная	14.8	33.3	снег-пересвеченный	0.301	83.1	-3.5	-2.0	4.0	bbox	772	24.0	24.0	24.0	346,297,3,8	73.7	39.4827890	73.5852207	4611.3
774	774	1.582	стакан-марка-красная	12.0	14.1	порода-в-тени	0.613	35.7	-1.0	1.0	1.4	bbox	773	96.2	96.2	96.2	182,1025,3,8	73.7	39.4827928	73.5852182	4611.2
775	775	1.960	рюкзак-синий	14.6	20.4	порода-в-тени	0.190	18.4	-3.0	0.0	3.0	bbox	774	28.0	27.0	28.0	883,5,4,8	73.6	39.4827884	73.5852209	4611.2
776	776	1.461	стакан-марка-красная	11.0	13.3	снег-розовый	0.626	63.1	0.0	0.0	0.0	bbox	775	100.2	100.2	100.2	97,118,4,6	73.5	39.4827918	73.5852162	4611.2
777	777	1.844	стакан-марка-красная	12.0	29.8	снег-освещённый	0.043	79.6	-1.0	0.0	1.0	bbox	776	156.2	156.2	156.2	635,327,6,4	73.2	39.4828456	73.5846053	4596.7
778	778	1.721	стакан-марка-красная	11.5	26.3	снег-освещённый	0.376	76.1	0.0	-2.5	2.5	bbox	777	6.0	6.0	6.0	446,338,3,8	73.1	39.4827921	73.5852158	4611.2
779	779	2.334	стакан-марка-красная	14.2	42.4	снег-пересвеченный	0.232	92.2	-3.0	-1.5	3.4	bbox	778	51.1	51.1	54.1	1903,144,4,10	73.0	39.4827951	73.5852203	4611.3
780	780	1.945	рюкзак-синий	14.6	19.2	порода-в-тени	0.179	19.6	-3.0	0.0	3.0	bbox	779	11.0	11.0	11.0	1059,136,4,7	72.9	39.4827902	73.5852179	4611.3
781	781	2.217	стакан-марка-красная	12.6	43.5	снег-пересвеченный	0.387	93.3	-1.0	-3.0	3.2	bbox	780	52.1	52.1	52.1	1369,954,7,7	72.8	39.4827955	73.5852204	4611.2
782	782	1.401	рюкзак-синий	8.6	25.3	снег-в-тени	0.661	64.1	0.0	-5.5	5.5	bbox	781	167.3	166.3	168.3	129,201,4,6	72.5	39.4827086	73.5847491	4591.9
783	783	0.871	рюкзак-синий	6.7	7.0	снег-в-тени	0.579	31.8	-0.5	-7.5	7.5	bbox	782	163.3	163.3	167.3	1543,715,4,6	72.4	39.4826608	73.5846818	4591.9
784	784	2.163	стакан-марка-красная	12.4	42.4	снег-пересвеченный	0.399	92.2	-1.0	-2.0	2.2	bbox	783	59.1	58.1	59.1	1564,325,3,12	72.3	39.4827927	73.5852183	4611.2
785	785	0.994	рюкзак-синий	7.1	12.7	снег-в-тени	0.786	26.1	0.0	-7.0	7.0	bbox	784	21.0	21.0	21.0	107,1041,4,7	72.2	39.4827887	73.5852198	4611.3
786	786	1.736	рюкзак-синий	13.3	13.5	порода-в-тени	0.175	25.3	-2.0	-1.0	2.2	bbox	785	18.0	18.0	18.0	1195,435,4,6	72.1	39.4827884	73.5852193	4611.3
787	787	1.820	рюкзак-синий	13.9	14.9	порода-в-тени	0.280	23.9	-4.0	-1.0	4.1	bbox	786	120.2	120.2	124.2	867,425,4,6	72.0	39.4827901	73.5852173	4611.2
788	788	0.908	рюкзак-синий	7.1	5.9	снег-в-тени	0.545	32.9	0.0	-7.0	7.0	bbox	787	21.0	19.0	21.0	277,939,4,5	71.9	39.4827887	73.5852198	4611.3
789	789	1.443	стакан-марка-красная	11.0	11.8	снег-розовый	0.673	61.6	0.0	0.0	0.0	bbox	788	101.2	100.2	101.2	55,162,3,7	71.9	39.4827911	73.5852159	4611.2
790	790	1.436	рюкзак-синий	8.5	26.9	снег-в-тени	0.730	65.7	-2.0	-6.0	6.3	bbox	789	92.1	92.1	92.1	1820,827,5,6	71.7	39.4827908	73.5852189	4611.2
791	791	1.068	рюкзак-синий	8.5	0.6	снег-в-тени	0.463	39.4	-2.0	-6.0	6.3	bbox	790	135.2	135.2	135.2	21,277,4,6	71.5	39.4827913	73.5852170	4611.2
792	792	0.680	рюкзак-синий	5.1	6.6	снег-в-тени	0.572	32.2	0.0	-9.0	9.0	bbox	791	137.2	137.2	137.2	125,147,4,6	71.5	39.4827900	73.5852174	4611.1
793	793	1.706	стакан-марка-красная	11.0	28.0	снег-освещённый	0.164	77.8	0.0	0.0	0.0	bbox	792	165.3	165.3	166.3	0,123,2,10	71.3	39.4826891	73.5847260	4591.8
794	794	1.626	рюкзак-синий	13.0	1.2	порода-в-тени	0.754	40.0	-4.0	-2.0	4.5	bbox	793	32.1	32.1	32.1	1027,681,6,8	70.9	39.4827898	73.5852193	4611.2
795	795	1.700	рюкзак-синий	8.0	38.5	снег-освещённый	0.783	77.3	0.5	-6.0	6.0	bbox	794	73.1	73.1	78.1	1665,97,10,4	70.8	39.4827913	73.5852160	4611.2
796	796	2.001	рюкзак-синий	14.1	26.3	порода-в-тени	0.331	12.5	-1.0	0.0	1.0	bbox	795	82.1	82.1	82.1	241,231,3,8	70.7	39.4827923	73.5852171	4611.2
797	797	1.962	стакан-марка-красная	13.0	30.6	снег-освещённый	0.126	80.4	-2.0	0.0	2.0	bbox	796	110.2	103.2	110.2	1220,851,10,4	70.6	39.4827884	73.5852173	4611.2
798	798	1.023	рюкзак-синий	7.3	13.1	порода-в-тени	0.783	25.7	-1.0	-7.0	7.1	bbox	797	35.1	35.1	35.1	1585,409,6,4	70.4	39.4827910	73.5852186	4611.2
799	799	0.881	рюкзак-синий	6.0	12.9	снег-в-тени	0.793	25.9	1.0	-8.0	8.1	bbox	798	120.2	118.2	120.2	819,578,6,5	70.4	39.4827901	73.5852173	4611.2
800	800	1.918	стакан-марка-красная	12.4	31.8	снег-освещённый	0.252	81.6	-1.0	-2.0	2.2	bbox	799	143.2	143.2	143.2	315,362,6,5	70.2	39.4827905	73.5852162	4611.2
801	801	1.526	стакан-марка-красная	12.0	7.7	снег-розовый	0.833	57.5	-1.0	0.5	1.1	bbox	800	2.0	2.0	2.0	33,225,10,2	69.8	39.4827944	73.5852145	4611.2
802	802	1.908	стакан-марка-красная	11.0	36.9	порода-в-тени	0.386	12.9	0.0	0.0	0.0	bbox	801	126.2	126.2	126.2	241,241,6,7	69.8	39.4827894	73.5852178	4611.2
803	803	1.626	стакан-марка-красная	12.0	17.3	порода-в-тени	0.469	32.5	-1.0	0.0	1.0	bbox	802	96.2	95.2	98.2	401,647,10,2	69.7	39.4827928	73.5852182	4611.2
804	804	2.155	рюкзак-синий	15.5	26.3	порода-в-тени	0.396	12.5	-3.0	1.0	3.2	bbox	803	99.2	99.2	99.2	969,465,6,4	69.6	39.4827921	73.5852167	4611.2
805	805	1.567	рюкзак-синий	6.5	37.5	снег-пересвеченный	0.946	76.3	0.5	-7.5	7.5	bbox	804	154.2	154.2	154.2	123,39,6,8	69.5	39.4828861	73.5847815	4600.6
806	806	1.691	стакан-марка-красная	11.1	27.1	снег-освещённый	0.198	76.9	0.0	-0.5	0.5	bbox	805	52.1	52.1	52.1	1405,858,4,6	69.4	39.4827955	73.5852204	4611.2
807	807	2.091	стакан-марка-красная	13.0	36.9	порода-в-тени	0.365	12.9	-2.0	1.0	2.2	bbox	806	88.1	88.1	91.1	305,22,5,5	69.2	39.4827912	73.5852186	4611.2
808	808	0.960	рюкзак-синий	6.7	13.1	снег-в-тени	0.935	25.7	4.0	-8.0	8.9	bbox	807	137.2	137.2	137.2	11,866,4,5	69.2	39.4827900	73.5852174	4611.1
809	809	2.056	рюкзак-синий	9.2	47.7	снег-пересвеченный	0.474	86.5	-1.0	-5.0	5.1	bbox	808	57.1	57.1	57.1	1302,602,6,6	68.9	39.4827941	73.5852186	4611.2
810	810	0.907	рюкзак-синий	5.0	18.4	снег-в-тени	0.995	20.4	1.0	-9.0	9.1	bbox	809	151.2	151.2	151.2	1886,623,3,10	68.7	39.4828491	73.5850390	4606.3
811	811	1.805	стакан-марка-красная	11.0	32.6	снег-освещённый	0.137	82.4	0.0	0.0	0.0	bbox	810	165.3	165.3	166.3	289,528,6,4	68.6	39.4826891	73.5847260	4591.8
812	812	1.232	рюкзак-синий	6.7	25.3	порода-в-тени	0.909	13.5	-2.0	-8.0	8.2	bbox	811	90.1	90.1	90.1	1805,145,4,12	68.2	39.4827904	73.5852189	4611.2
813	813	2.225	стакан-марка-красная	13.2	42.0	снег-пересвеченный	0.356	91.8	-2.0	-1.0	2.2	bbox	812	124.2	124.2	124.2	1697,215,13,2	68.2	39.4827891	73.5852181	4611.2
814	814	1.454	рюкзак-синий	8.7	26.9	снег-в-тени	0.722	65.7	-1.0	-5.5	5.6	bbox	813	36.1	36.1	36.1	235,809,4,5	68.0	39.4827913	73.5852180	4611.2
815	815	2.294	стакан-марка-красная	18.3	2.4	снег-освещённый	1.388	52.2	-7.0	4.5	8.3	bbox	814	92.1	92.1	92.1	461,333,4,4	67.9	39.4827908	73.5852189	4611.2
816	816	1.392	рюкзак-синий	10.2	15.7	порода-в-тени	0.407	23.1	-1.0	-4.0	4.1	bbox	815	147.2	147.2	147.2	651,901,4,10	67.8	39.4827910	73.5852148	4611.2
817	817	1.911	стакан-марка-красная	11.2	36.5	снег-освещённый	0.592	86.3	1.0	-4.0	4.1	bbox	816	89.1	89.1	89.1	105,49,5,5	67.6	39.4827907	73.5852186	4611.2
818	818	1.979	стакан-марка-красная	13.1	31.2	порода-в-тени	0.442	18.6	-2.0	2.5	3.2	bbox	817	85.1	82.1	85.1	1416,625,6,4	67.5	39.4827927	73.5852176	4611.2
819	819	1.738	стакан-марка-красная	12.0	24.3	снег-освещённый	0.239	74.1	-1.0	0.0	1.0	bbox	818	38.1	38.1	38.1	537,427,6,4	67.2	39.4827921	73.5852171	4611.2
820	820	2.226	стакан-марка-красная	17.0	18.2	снег-освещённый	0.813	68.0	-6.0	2.0	6.3	bbox	819	79.1	79.1	79.1	1619,377,4,4	67.1	39.4827913	73.5852171	4611.2
821	821	0.787	рюкзак-синий	6.0	6.6	снег-в-тени	0.572	32.2	1.0	-8.0	8.1	bbox	820	156.2	156.2	156.2	1797,1069,6,4	67.0	39.4828456	73.5846053	4596.7
822	822	1.011	рюкзак-синий	8.1	2.2	снег-в-тени	0.349	41.0	0.0	-6.0	6.0	bbox	821	154.2	154.2	154.2	217,1073,8,3	66.7	39.4828861	73.5847815	4600.6
823	823	1.604	рюкзак-синий	8.1	34.9	снег-освещённый	0.801	73.7	0.0	-6.0	6.0	bbox	822	39.1	38.1	39.1	39,229,10,6	66.5	39.4827927	73.5852169	4611.2
824	824	0.900	рюкзак-синий	7.1	4.7	снег-в-тени	0.504	34.1	0.0	-7.0	7.0	bbox	823	37.1	37.1	37.1	1337,1049,4,6	66.4	39.4827916	73.5852176	4611.2
825	825	0.776	рюкзак-синий	6.1	4.3	снег-в-тени	0.475	34.5	0.0	-8.0	8.0	bbox	824	153.2	153.2	153.2	1905,273,4,7	66.4	39.4828831	73.5848732	4602.6
826	826	2.247	стакан-марка-красная	13.0	43.5	снег-пересвеченный	0.333	93.3	-1.5	-2.5	2.9	bbox	825	113.2	112.2	113.2	1772,673,5,6	66.3	39.4827891	73.5852173	4611.2
827	827	1.774	палка-древко-контроль	13.1	19.2	порода-в-тени	0.580	22.4	-6.5	-2.0	6.8	bbox	826	52.1	50.1	52.1	1831,947,6,4	66.2	39.4827955	73.5852204	4611.2
828	828	1.803	стакан-марка-красная	13.7	16.3	снег-розовый	0.823	66.1	-1.5	6.5	6.7	bbox	827	79.1	79.1	79.1	1851,707,4,4	65.9	39.4827913	73.5852171	4611.2
829	829	2.197	стакан-марка-красная	11.2	47.5	снег-пересвеченный	0.607	97.3	0.0	-1.0	1.0	bbox	828	90.1	90.1	90.1	1569,863,10,2	65.9	39.4827904	73.5852189	4611.2
830	830	1.308	рюкзак-синий	8.1	23.4	снег-в-тени	0.570	62.2	0.0	-6.0	6.0	bbox	829	15.0	15.0	15.0	1592,51,6,4	65.8	39.4827893	73.5852184	4611.3
831	831	1.494	стакан-марка-красная	11.4	12.6	снег-освещённый	0.716	62.4	0.0	-2.0	2.0	bbox	830	13.0	13.0	13.0	96,33,5,7	65.7	39.4827894	73.5852180	4611.3
832	832	1.934	стакан-марка-красная	12.4	32.6	снег-освещённый	0.256	82.4	-1.0	-2.0	2.2	bbox	831	30.0	26.0	30.0	1722,171,7,6	65.0	39.4827892	73.5852203	4611.3
833	833	1.360	рюкзак-синий	7.6	27.1	снег-в-тени	0.675	65.9	-0.5	-6.5	6.5	bbox	832	143.2	143.2	144.2	245,745,4,6	65.0	39.4827905	73.5852162	4611.2
834	834	0.762	рюкзак-синий	5.5	9.2	снег-в-тени	0.665	29.6	1.0	-8.5	8.6	bbox	833	161.3	161.3	161.3	1699,91,8,4	65.0	39.4826428	73.5846124	4592.2
835	835	1.156	рюкзак-синий	7.0	21.2	порода-в-тени	0.844	17.6	1.0	-7.0	7.1	bbox	834	8.0	8.0	8.0	877,363,4,6	64.9	39.4827914	73.5852168	4611.3
836	836	2.476	стакан-марка-красная	15.0	45.3	снег-пересвеченный	0.525	95.1	-4.0	1.0	4.1	bbox	835	15.0	14.0	15.0	1139,1027,6,5	64.9	39.4827893	73.5852184	4611.3
837	837	1.399	стакан-марка-красная	11.0	6.3	снег-розовый	0.846	56.1	0.0	0.0	0.0	bbox	836	51.1	51.1	51.1	1228,530,5,5	64.9	39.4827951	73.5852203	4611.3
838	838	0.952	рюкзак-синий	7.3	7.8	снег-в-тени	0.626	31.0	-1.0	-7.0	7.1	bbox	837	138.2	138.2	138.2	1676,114,5,5	64.8	39.4827896	73.5852175	4611.2
839	839	1.714	стакан-марка-красная	11.5	25.9	снег-освещённый	0.193	75.7	-0.5	0.0	0.5	bbox	838	156.2	156.2	156.2	895,4,6,5	64.8	39.4828456	73.5846053	4596.7
840	840	1.781	рюкзак-синий	12.0	26.6	порода-в-тени	0.406	12.2	0.0	-2.0	2.0	bbox	839	89.1	89.1	89.1	496,884,6,3	64.7	39.4827907	73.5852186	4611.2
841	841	2.285	стакан-марка-красная	18.2	3.5	порода-в-тени	1.279	46.3	-7.0	4.0	8.1	bbox	840	133.2	133.2	133.2	147,19,4,4	64.7	39.4827917	73.5852170	4611.2
842	842	1.160	рюкзак-синий	8.1	16.1	снег-в-тени	0.356	54.9	0.0	-6.0	6.0	bbox	841	152.2	152.2	152.2	1833,29,8,4	64.7	39.4828685	73.5849604	4604.4
843	843	0.963	рюкзак-синий	7.6	3.3	снег-в-тени	0.482	35.5	-0.5	-6.5	6.5	bbox	842	162.3	162.3	162.3	1623,699,6,4	64.6	39.4826479	73.5846514	4592.0
844	844	2.228	стакан-марка-красная	12.4	44.9	снег-пересвеченный	0.422	94.7	-1.0	-2.0	2.2	bbox	843	59.1	59.1	59.1	1731,355,6,8	64.5	39.4827927	73.5852183	4611.2
845	845	2.132	стакан-марка-красная	11.0	45.5	порода-в-тени	0.639	4.3	0.0	0.0	0.0	bbox	844	60.1	58.1	60.1	1614,635,4,6	64.3	39.4827920	73.5852179	4611.2
846	846	1.717	стакан-марка-красная	11.5	26.1	снег-освещённый	0.312	75.9	-0.5	2.0	2.1	bbox	845	60.1	60.1	60.1	397,37,4,6	64.3	39.4827920	73.5852179	4611.2
847	847	1.781	рюкзак-синий	12.0	26.6	порода-в-тени	0.406	12.2	0.0	-2.0	2.0	bbox	846	38.1	38.1	38.1	583,1028,4,5	64.2	39.4827921	73.5852171	4611.2
848	848	1.779	рюкзак-синий	11.2	30.6	порода-в-тени	0.550	8.2	-3.0	-3.5	4.6	bbox	847	41.1	41.1	41.1	1448,50,6,9	64.1	39.4827936	73.5852162	4611.3
849	849	1.851	стакан-марка-красная	11.0	34.5	снег-освещённый	0.177	84.3	0.0	0.0	0.0	bbox	848	62.1	61.1	64.1	1897,928,3,6	64.0	39.4827918	73.5852176	4611.2
850	850	1.342	рюкзак-синий	7.6	26.6	порода-в-тени	0.789	12.2	0.0	-6.5	6.5	bbox	849	107.2	107.2	107.2	701,1003,4,4	63.8	39.4827883	73.5852174	4611.2
851	851	2.082	стакан-марка-красная	12.4	39.0	снег-освещённый	0.380	88.8	-1.0	-2.0	2.2	bbox	850	130.2	130.2	132.2	1739,89,4,6	63.8	39.4827908	73.5852174	4611.2
852	852	1.948	рюкзак-синий	13.6	26.6	порода-в-тени	0.320	12.2	-3.0	-1.0	3.2	bbox	851	143.2	143.2	143.2	980,81,3,6	63.6	39.4827905	73.5852162	4611.2
853	853	0.775	рюкзак-синий	6.0	5.5	снег-в-тени	0.532	33.3	1.0	-8.0	8.1	bbox	852	164.3	164.3	164.3	1095,683,5,4	63.6	39.4826754	73.5847064	4591.8
854	854	0.841	рюкзак-синий	6.5	6.1	снег-в-тени	0.556	32.7	1.0	-7.5	7.6	bbox	853	135.2	135.2	135.2	269,195,4,4	63.5	39.4827913	73.5852170	4611.2
855	855	1.328	рюкзак-синий	7.3	27.1	снег-в-тени	0.670	65.9	-1.0	-7.0	7.1	bbox	854	144.2	143.2	144.2	145,489,6,4	63.5	39.4827909	73.5852160	4611.2
856	856	1.937	рюкзак-синий	8.2	45.9	снег-пересвеченный	0.571	84.7	-1.0	-6.0	6.1	bbox	855	156.2	156.2	156.2	243,131,4,6	63.5	39.4828456	73.5846053	4596.7
857	857	1.928	стакан-марка-красная	11.0	37.8	снег-освещённый	0.302	87.6	0.0	1.0	1.0	bbox	856	168.3	168.3	168.3	893,471,4,6	63.5	39.4827104	73.5847498	4591.9
858	858	1.074	рюкзак-синий	8.1	10.4	снег-в-тени	0.777	28.4	2.0	-6.0	6.3	bbox	857	37.1	37.1	37.1	1803,283,6,6	63.3	39.4827916	73.5852176	4611.2
859	859	1.163	рюкзак-синий	7.0	21.4	снег-в-тени	0.497	60.2	1.5	-7.0	7.2	bbox	858	139.2	139.2	142.2	331,689,2,8	63.3	39.4827892	73.5852175	4611.2
860	860	2.008	рюкзак-синий	14.1	26.6	порода-в-тени	0.343	12.2	-1.0	0.0	1.0	bbox	859	82.1	82.1	85.1	234,142,7,4	63.2	39.4827923	73.5852171	4611.2
861	861	1.968	стакан-марка-красная	12.0	35.5	порода-в-тени	0.280	14.3	-1.0	0.0	1.0	bbox	860	134.2	134.2	134.2	1606,994,5,6	63.2	39.4827918	73.5852170	4611.2
862	862	1.070	рюкзак-синий	7.0	17.2	порода-в-тени	0.840	21.6	1.0	-7.0	7.1	bbox	861	138.2	138.2	138.2	171,247,4,5	63.1	39.4827896	73.5852175	4611.2
863	863	0.832	рюкзак-синий	6.3	7.2	снег-в-тени	0.593	31.6	-1.0	-8.0	8.1	bbox	862	50.1	50.1	50.1	506,197,7,6	63.0	39.4827946	73.5852202	4611.3
864	864	1.927	стакан-марка-красная	12.2	33.1	снег-освещённый	0.147	82.9	-1.0	-1.0	1.4	bbox	863	143.2	143.2	143.2	366,517,3,10	63.0	39.4827905	73.5852162	4611.2
865	865	1.190	рюкзак-синий	9.5	2.8	снег-в-тени	0.503	41.6	-2.0	-5.0	5.4	bbox	864	151.2	151.2	151.2	561,205,8,4	63.0	39.4828491	73.5850390	4606.3
866	866	1.008	рюкзак-синий	8.1	0.8	снег-в-тени	0.385	39.6	0.0	-6.0	6.0	bbox	865	151.2	151.2	151.2	9,417,4,6	63.0	39.4828491	73.5850390	4606.3
867	867	1.061	рюкзак-синий	6.6	18.8	порода-в-тени	0.850	20.0	0.0	-7.5	7.5	bbox	866	160.3	160.3	160.3	787,135,4,5	63.0	39.4826559	73.5845712	4592.3
868	868	1.908	стакан-марка-красная	11.0	36.9	порода-в-тени	0.386	12.9	0.0	0.0	0.0	bbox	867	127.2	127.2	127.2	505,100,5,5	62.7	39.4827896	73.5852177	4611.2
869	869	2.341	стакан-марка-красная	12.0	50.2	снег-пересвеченный	0.628	100.0	-1.0	0.0	1.0	bbox	868	127.2	127.2	127.2	1617,885,7,3	62.7	39.4827896	73.5852177	4611.2
870	870	2.337	стакан-марка-красная	12.3	49.4	снег-пересвеченный	0.520	99.2	-1.0	-1.5	1.8	bbox	869	8.0	8.0	8.0	856,118,3,8	62.6	39.4827914	73.5852168	4611.3
871	871	1.921	рюкзак-синий	12.4	31.9	порода-в-тени	0.499	6.9	-2.0	-2.0	2.8	bbox	870	14.0	14.0	14.0	787,1061,4,8	62.6	39.4827894	73.5852180	4611.3
872	872	1.917	стакан-марка-красная	15.3	0.8	корка-жёлтая-на-скале	1.211	50.6	-3.5	6.0	6.9	bbox	871	160.3	160.3	160.3	1849,120,4,5	62.6	39.4826559	73.5845712	4592.3
873	873	1.210	рюкзак-синий	7.3	22.3	порода-в-тени	0.986	16.5	3.0	-7.0	7.6	bbox	872	151.2	151.2	151.2	201,567,4,5	62.0	39.4828491	73.5850390	4606.3
874	874	1.778	стакан-марка-красная	12.0	26.5	снег-освещённый	0.162	76.3	-1.0	0.0	1.0	bbox	873	88.1	88.1	88.1	509,346,4,6	61.8	39.4827912	73.5852186	4611.2
875	875	2.122	стакан-марка-красная	12.6	39.6	снег-пересвеченный	0.377	89.4	-1.0	-3.0	3.2	bbox	874	52.1	52.1	57.1	1677,437,4,10	61.7	39.4827955	73.5852204	4611.2
876	876	1.921	палка-древко-контроль	15.3	5.1	порода-в-тени	1.018	46.7	-5.0	0.0	5.0	bbox	875	4.0	4.0	4.0	321,65,5,5	61.6	39.4827930	73.5852148	4611.3
877	877	1.701	стакан-марка-красная	11.0	28.0	снег-освещённый	0.206	77.8	0.0	1.0	1.0	bbox	876	126.2	126.2	126.2	1484,625,5,4	61.5	39.4827894	73.5852178	4611.2
878	878	0.902	рюкзак-синий	7.1	5.1	снег-в-тени	0.575	33.7	2.0	-7.0	7.3	bbox	877	159.3	159.3	159.3	1649,201,4,6	61.5	39.4826916	73.5845390	4592.9
879	879	1.711	стакан-марка-красная	12.2	22.0	снег-освещённый	0.346	71.8	-1.0	-1.0	1.4	bbox	878	155.2	155.2	155.2	733,33,4,8	61.4	39.4828738	73.5846894	4598.6
880	880	1.644	рюкзак-синий	13.0	7.0	порода-в-тени	0.493	31.8	-4.0	-2.0	4.5	bbox	879	2.0	2.0	2.0	769,395,4,4	61.3	39.4827944	73.5852145	4611.2
881	881	1.979	стакан-марка-красная	12.0	36.1	снег-освещённый	0.192	85.9	-1.0	0.5	1.1	bbox	880	146.2	143.2	146.2	645,538,4,7	61.2	39.4827909	73.5852160	4611.2
882	882	1.801	рюкзак-синий	8.1	41.8	снег-пересвеченный	0.720	80.6	0.0	-6.0	6.0	bbox	881	99.2	99.2	99.2	1915,103,5,4	61.1	39.4827921	73.5852167	4611.2
883	883	1.042	рюкзак-синий	6.0	20.2	порода-в-тени	0.980	18.6	1.5	-8.0	8.1	bbox	882	155.2	155.2	155.2	57,315,6,3	61.1	39.4828738	73.5846894	4598.6
884	884	2.246	стакан-марка-красная	15.1	33.9	снег-пересвеченный	0.350	83.7	-4.0	-1.0	4.1	bbox	883	114.2	111.2	115.2	1369,571,8,4	61.0	39.4827897	73.5852173	4611.2
885	885	2.063	стакан-марка-красная	11.0	42.9	порода-в-тени	0.661	6.9	0.0	2.0	2.0	bbox	884	115.2	113.2	117.2	1443,835,5,4	61.0	39.4827900	73.5852172	4611.2
886	886	1.102	рюкзак-синий	7.1	18.4	порода-в-тени	0.791	20.4	0.0	-7.0	7.0	bbox	885	24.0	24.0	24.0	710,961,5,6	60.9	39.4827890	73.5852207	4611.3
887	887	2.225	стакан-марка-красная	13.2	42.0	снег-пересвеченный	0.356	91.8	-2.0	-1.0	2.2	bbox	886	120.2	120.2	120.2	1749,583,12,2	60.9	39.4827901	73.5852173	4611.2
888	888	1.918	рюкзак-синий	14.9	13.3	порода-в-тени	0.333	25.5	-4.0	0.0	4.0	bbox	887	21.0	21.0	21.0	307,1015,3,8	60.8	39.4827887	73.5852198	4611.3
889	889	1.326	рюкзак-синий	9.3	17.6	порода-в-тени	0.851	21.2	3.5	-5.0	6.1	bbox	888	139.2	139.2	139.2	1641,275,8,2	60.4	39.4827892	73.5852175	4611.2
890	890	1.460	стакан-марка-красная	11.0	13.7	снег-розовый	0.575	63.5	0.0	1.0	1.0	bbox	889	148.2	148.2	148.2	874,669,8,3	60.3	39.4827981	73.5851957	4610.9
891	891	1.906	стакан-марка-красная	12.0	32.9	порода-в-тени	0.307	16.9	-1.0	1.0	1.4	bbox	890	132.2	130.2	132.2	1403,860,3,8	60.2	39.4827914	73.5852170	4611.2
892	892	1.165	рюкзак-синий	7.3	20.4	порода-в-тени	0.764	18.4	-1.0	-7.0	7.1	bbox	891	153.2	153.2	153.2	226,999,5,4	60.1	39.4828831	73.5848732	4602.6
893	893	1.128	рюкзак-синий	9.0	1.6	снег-в-тени	0.480	40.4	-2.0	-5.5	5.9	bbox	892	28.0	28.0	28.0	275,363,4,4	60.0	39.4827884	73.5852209	4611.2
894	894	1.441	стакан-марка-красная	11.0	11.6	снег-розовый	0.679	61.4	0.0	0.0	0.0	bbox	893	142.2	142.2	142.2	537,91,4,6	60.0	39.4827899	73.5852166	4611.2
895	895	2.001	стакан-марка-красная	14.1	26.3	снег-освещённый	0.326	76.1	-3.0	-1.0	3.2	bbox	894	80.1	80.1	85.1	1275,753,4,8	59.7	39.4827918	73.5852169	4611.2
896	896	1.994	рюкзак-синий	14.1	25.9	порода-в-тени	0.320	12.9	-1.0	0.0	1.0	bbox	895	90.1	90.1	90.1	86,849,5,6	59.5	39.4827904	73.5852189	4611.2
897	897	1.602	стакан-марка-красная	12.7	7.1	снег-розовый	0.869	56.9	-1.5	3.0	3.4	bbox	896	142.2	142.2	142.2	1727,427,2,12	59.5	39.4827899	73.5852166	4611.2
898	898	1.393	рюкзак-синий	10.0	16.9	снег-в-тени	0.574	55.7	0.0	-4.0	4.0	bbox	897	96.2	96.2	96.2	273,803,3,6	59.4	39.4827928	73.5852182	4611.2
899	899	2.338	стакан-марка-красная	12.0	50.2	снег-пересвеченный	0.667	100.0	-1.0	0.5	1.1	bbox	898	102.2	101.2	102.2	1505,325,4,4	59.4	39.4827905	73.5852162	4611.2
900	900	1.829	рюкзак-синий	13.8	17.4	порода-в-тени	0.191	21.4	-3.5	-1.0	3.6	bbox	899	20.0	20.0	20.0	809,555,6,4	59.3	39.4827886	73.5852193	4611.3
901	901	2.103	стакан-марка-красная	11.0	44.5	порода-в-тени	0.623	5.3	0.0	0.5	0.5	bbox	900	131.2	130.2	131.2	1605,801,6,4	59.3	39.4827912	73.5852169	4611.2
902	902	1.032	рюкзак-синий	6.5	17.8	порода-в-тени	0.895	21.0	1.0	-7.5	7.6	bbox	901	144.2	144.2	144.2	1699,125,6,6	59.3	39.4827909	73.5852160	4611.2
903	903	2.058	стакан-марка-красная	11.1	42.6	снег-освещённый	0.436	92.4	0.0	-0.5	0.5	bbox	902	167.3	165.3	167.3	681,721,8,4	59.3	39.4827086	73.5847491	4591.9
904	904	1.349	рюкзак-синий	8.1	25.1	снег-в-тени	0.628	63.9	0.0	-6.0	6.0	bbox	903	41.1	41.1	41.1	91,289,4,5	59.2	39.4827936	73.5852162	4611.3
905	905	1.904	стакан-марка-красная	11.0	36.9	порода-в-тени	0.443	12.9	0.0	1.0	1.0	bbox	904	118.2	118.2	118.2	1431,804,4,6	59.1	39.4827906	73.5852166	4611.2
906	906	1.957	стакан-марка-красная	14.0	24.5	порода-в-тени	0.330	25.3	-3.0	1.0	3.2	bbox	905	116.2	114.2	117.2	1666,764,6,3	59.0	39.4827900	73.5852170	4611.2
907	907	2.170	палка-древко-контроль	15.1	29.8	снег-освещённый	0.710	71.4	-6.0	0.0	6.0	bbox	906	52.1	52.1	52.1	1539,675,5,5	58.9	39.4827955	73.5852204	4611.2
908	908	2.265	палка-древко-контроль	15.1	34.9	снег-освещённый	0.644	76.5	-6.0	0.0	6.0	bbox	907	95.2	95.2	98.2	700,519,5,5	58.9	39.4827926	73.5852188	4611.2
909	909	1.536	стакан-марка-красная	11.0	18.8	снег-освещённый	0.452	68.6	0.0	0.0	0.0	bbox	908	54.1	54.1	54.1	1741,104,6,5	58.8	39.4827957	73.5852197	4611.2
910	910	1.898	стакан-марка-красная	10.6	38.0	порода-в-тени	0.443	11.8	0.5	-0.5	0.7	bbox	909	161.3	161.3	161.3	1639,61,3,6	58.7	39.4826428	73.5846124	4592.2
911	911	2.130	рюкзак-синий	15.0	28.0	порода-в-тени	0.411	10.8	-3.0	0.5	3.0	bbox	910	130.2	130.2	130.2	1661,861,4,5	58.6	39.4827908	73.5852174	4611.2
912	912	0.886	рюкзак-синий	7.1	1.6	снег-в-тени	0.293	40.4	0.0	-7.0	7.0	bbox	911	144.2	144.2	144.2	27,617,3,6	58.6	39.4827909	73.5852160	4611.2
913	913	0.824	рюкзак-синий	6.0	9.4	снег-в-тени	0.660	29.4	0.5	-8.0	8.0	bbox	912	37.1	37.1	37.1	699,43,5,4	58.4	39.4827916	73.5852176	4611.2
914	914	2.227	стакан-марка-красная	12.6	43.9	снег-пересвеченный	0.391	93.7	-1.0	-3.0	3.2	bbox	913	59.1	59.1	59.1	1877,921,4,7	58.4	39.4827927	73.5852183	4611.2
915	915	1.843	рюкзак-синий	11.4	32.7	порода-в-тени	0.569	6.1	-2.0	-3.0	3.6	bbox	914	4.0	4.0	4.0	382,965,5,4	58.1	39.4827930	73.5852148	4611.3
916	916	1.028	рюкзак-синий	6.1	19.4	порода-в-тени	1.008	19.4	2.0	-8.0	8.2	bbox	915	157.3	157.3	157.3	8,1069,9,2	58.0	39.4827968	73.5845471	4595.2
917	917	2.250	стакан-марка-красная	15.1	34.1	снег-пересвеченный	0.346	83.9	-4.0	-1.0	4.1	bbox	916	64.1	64.1	64.1	1817,341,6,4	57.9	39.4827922	73.5852168	4611.2
918	918	1.804	стакан-марка-красная	12.0	27.8	снег-освещённый	0.113	77.6	-1.0	0.0	1.0	bbox	917	88.1	88.1	88.1	663,39,2,10	57.9	39.4827912	73.5852186	4611.2
919	919	1.916	стакан-марка-красная	11.5	35.3	снег-освещённый	0.166	85.1	-0.5	0.0	0.5	bbox	918	168.3	168.3	168.3	819,278,4,7	57.8	39.4827104	73.5847498	4591.9
920	920	1.138	рюкзак-синий	6.1	23.7	порода-в-тени	1.025	15.1	2.0	-8.0	8.2	bbox	919	39.1	39.1	42.1	377,329,4,4	57.7	39.4827927	73.5852169	4611.2
921	921	1.799	рюкзак-синий	11.9	28.4	порода-в-тени	0.404	10.4	-2.0	-2.5	3.2	bbox	920	37.1	37.1	37.1	497,1025,6,5	57.6	39.4827916	73.5852176	4611.2
922	922	1.055	рюкзак-синий	6.0	20.8	порода-в-тени	0.956	18.0	1.0	-8.0	8.1	bbox	921	39.1	39.1	39.1	571,379,4,4	57.6	39.4827927	73.5852169	4611.2
923	923	1.366	рюкзак-синий	8.4	24.5	снег-в-тени	0.637	63.3	-1.5	-6.0	6.2	bbox	922	39.1	39.1	39.1	177,499,8,2	57.5	39.4827927	73.5852169	4611.2
924	924	1.092	рюкзак-синий	8.7	0.4	снег-в-тени	0.475	38.4	-1.0	-5.5	5.6	bbox	923	152.2	152.2	152.2	1769,886,8,3	57.5	39.4828685	73.5849604	4604.4
925	925	1.662	стакан-марка-красная	11.0	25.9	снег-освещённый	0.221	75.7	0.0	0.0	0.0	bbox	924	126.2	126.2	126.2	1415,730,6,4	57.4	39.4827894	73.5852178	4611.2
926	926	1.238	рюкзак-синий	9.1	13.5	порода-в-тени	0.562	25.3	-0.5	-5.0	5.0	bbox	925	160.3	160.3	161.3	983,77,6,4	57.4	39.4826559	73.5845712	4592.3
927	927	1.636	стакан-марка-красная	12.2	16.9	снег-освещённый	0.520	66.7	-1.0	-1.0	1.4	bbox	926	20.0	20.0	20.0	939,1051,5,6	57.3	39.4827886	73.5852193	4611.3
928	928	0.938	рюкзак-синий	7.5	0.6	снег-в-тени	0.375	39.4	1.0	-6.5	6.6	bbox	927	150.2	150.2	150.2	1907,221,4,4	57.3	39.4828294	73.5851057	4608.1
929	929	1.360	рюкзак-синий	9.1	20.8	порода-в-тени	0.541	18.0	-0.5	-5.0	5.0	bbox	928	5.0	5.0	5.0	116,525,5,4	57.2	39.4827926	73.5852150	4611.3
930	930	1.762	стакан-марка-красная	12.2	24.9	снег-розовый	0.409	74.7	-1.0	3.0	3.2	bbox	929	56.1	56.1	56.1	260,134,3,6	57.2	39.4827951	73.5852187	4611.2
931	931	1.512	рюкзак-синий	7.1	34.3	снег-в-тени	0.913	73.1	0.0	-7.0	7.0	bbox	930	160.3	160.3	160.3	121,181,4,8	57.1	39.4826559	73.5845712	4592.3
932	932	1.192	рюкзак-синий	7.3	21.5	порода-в-тени	0.769	17.3	-1.0	-7.0	7.1	bbox	931	90.1	90.1	90.1	1213,911,4,8	57.0	39.4827904	73.5852189	4611.2
933	933	0.811	рюкзак-синий	6.0	8.7	снег-в-тени	0.126	47.5	1.0	-8.0	8.1	bbox	932	150.2	150.2	150.2	5,857,5,7	57.0	39.4828294	73.5851057	4608.1
934	934	1.837	палка-древко-контроль	14.1	14.0	порода-в-тени	0.563	27.6	-6.0	-1.0	6.1	bbox	933	122.2	122.2	122.2	89,889,4,4	56.9	39.4827891	73.5852183	4611.2
935	935	0.825	рюкзак-синий	6.6	1.9	снег-в-тени	0.396	36.9	0.0	-7.5	7.5	bbox	934	160.3	160.3	160.3	109,242,4,5	56.9	39.4826559	73.5845712	4592.3
936	936	0.923	рюкзак-синий	7.1	7.4	снег-в-тени	0.600	31.4	0.0	-7.0	7.0	bbox	935	30.0	30.0	30.0	631,561,2,8	56.4	39.4827892	73.5852203	4611.3
937	937	2.554	стакан-марка-красная	16.1	43.9	снег-пересвеченный	0.301	93.7	-5.0	-1.0	5.1	bbox	936	113.2	112.2	113.2	1813,21,12,4	56.3	39.4827891	73.5852173	4611.2
938	938	0.884	рюкзак-синий	7.1	0.4	снег-в-тени	0.331	39.2	0.0	-7.0	7.0	bbox	937	39.1	39.1	39.1	1899,125,4,4	56.1	39.4827927	73.5852169	4611.2
939	939	1.591	стакан-марка-красная	12.2	13.1	снег-освещённый	0.650	62.9	-1.0	-1.0	1.4	bbox	938	113.2	113.2	116.2	1119,845,10,4	56.1	39.4827891	73.5852173	4611.2
940	940	2.008	рюкзак-синий	14.1	26.6	порода-в-тени	0.343	12.2	-1.0	0.0	1.0	bbox	939	134.2	134.2	134.2	1612,931,5,4	55.9	39.4827918	73.5852170	4611.2
941	941	2.330	стакан-марка-красная	12.0	49.8	снег-пересвеченный	0.620	99.6	-1.0	0.0	1.0	bbox	940	5.0	5.0	5.0	1889,925,8,2	55.8	39.4827926	73.5852150	4611.3
942	942	1.399	стакан-марка-красная	11.2	1.6	снег-в-тени	0.875	48.2	0.0	-1.0	1.0	bbox	941	142.2	142.2	142.2	42,44,7,3	55.8	39.4827899	73.5852166	4611.2
943	943	1.032	рюкзак-синий	7.1	14.9	снег-в-тени	0.246	53.7	0.0	-7.0	7.0	bbox	942	149.2	149.2	149.2	1188,839,5,4	55.8	39.4828120	73.5851582	4609.6
944	944	2.063	стакан-марка-красная	11.4	41.8	снег-освещённый	0.475	91.6	0.0	-2.0	2.0	bbox	943	168.3	168.3	168.3	1386,782,7,4	55.8	39.4827104	73.5847498	4591.9
945	945	1.008	рюкзак-синий	5.0	22.1	порода-в-тени	1.076	16.7	1.0	-9.0	9.1	bbox	944	8.0	8.0	8.0	1720,60,6,3	55.6	39.4827914	73.5852168	4611.3
946	946	1.158	рюкзак-синий	8.5	12.9	порода-в-тени	0.726	25.9	-3.0	-6.5	7.2	bbox	945	34.1	34.1	34.1	583,987,2,10	55.4	39.4827905	73.5852191	4611.3
947	947	1.977	стакан-марка-красная	12.0	36.1	порода-в-тени	0.367	13.7	-1.0	1.0	1.4	bbox	946	88.1	88.1	88.1	65,369,6,5	55.4	39.4827912	73.5852186	4611.2
948	948	0.877	рюкзак-синий	7.0	0.2	снег-в-тени	0.386	39.0	1.5	-7.0	7.2	bbox	947	146.2	142.2	146.2	1839,549,6,6	55.2	39.4827909	73.5852160	4611.2
949	949	1.723	стакан-марка-красная	11.2	28.2	снег-освещённый	0.202	78.0	0.0	-1.0	1.0	bbox	948	64.1	64.1	64.1	351,460,4,9	55.0	39.4827922	73.5852168	4611.2
950	950	1.246	рюкзак-синий	3.6	32.5	порода-в-тени	1.486	6.3	3.0	-11.0	11.4	bbox	949	125.2	125.2	125.2	312,1027,7,4	54.9	39.4827892	73.5852179	4611.2
951	951	1.572	стакан-марка-красная	11.7	16.1	порода-в-тени	0.923	33.7	0.0	5.0	5.0	bbox	950	161.3	161.3	161.3	881,225,8,2	54.9	39.4826428	73.5846124	4592.2
952	952	1.861	стакан-марка-красная	12.4	29.0	снег-освещённый	0.260	78.8	-1.0	-2.0	2.2	bbox	951	42.1	38.1	43.1	1499,376,4,7	54.8	39.4827940	73.5852162	4611.3
953	953	1.433	стакан-марка-красная	11.0	10.8	снег-розовый	0.703	60.6	0.0	0.0	0.0	bbox	952	52.1	52.1	52.1	553,0,3,6	54.8	39.4827955	73.5852204	4611.2
954	954	1.827	стакан-марка-красная	11.2	32.9	снег-освещённый	0.190	82.7	0.0	-1.0	1.0	bbox	953	131.2	131.2	131.2	1585,491,4,5	54.8	39.4827912	73.5852169	4611.2
955	955	1.103	рюкзак-синий	6.1	22.4	снег-в-тени	0.478	61.2	0.0	-8.0	8.0	bbox	954	38.1	38.1	38.1	25,14,8,3	54.6	39.4827921	73.5852171	4611.2
956	956	1.913	стакан-марка-красная	11.7	34.5	снег-освещённый	0.415	84.3	0.0	-3.0	3.0	bbox	955	99.2	99.2	99.2	1582,933,6,4	54.6	39.4827921	73.5852167	4611.2
957	957	2.173	стакан-марка-красная	13.0	40.4	снег-пересвеченный	0.396	90.2	-1.0	-4.0	4.1	bbox	956	54.1	54.1	57.1	1901,145,5,4	54.5	39.4827957	73.5852197	4611.2
958	958	1.569	стакан-марка-красная	11.0	21.2	снег-розовый	0.366	71.0	0.0	1.0	1.0	bbox	957	161.3	161.3	161.3	1418,909,5,4	54.5	39.4826428	73.5846124	4592.2
959	959	1.545	стакан-марка-красная	11.0	19.4	снег-розовый	0.390	69.2	0.0	2.0	2.0	bbox	958	141.2	141.2	141.2	850,193,3,6	54.4	39.4827896	73.5852173	4611.2
960	960	2.020	рюкзак-синий	14.3	26.3	порода-в-тени	0.307	12.5	-2.0	0.0	2.0	bbox	959	8.0	8.0	8.0	1898,131,3,6	54.3	39.4827914	73.5852168	4611.3
961	961	1.413	рюкзак-синий	8.1	27.7	снег-в-тени	0.736	66.5	-2.0	-6.5	6.8	bbox	960	159.3	159.3	159.3	1873,173,4,4	54.3	39.4826916	73.5845390	4592.9
962	962	1.084	рюкзак-синий	8.1	11.0	снег-в-тени	0.321	49.8	-2.0	-6.5	6.8	bbox	961	158.3	158.3	158.3	1913,475,4,4	54.0	39.4827413	73.5845277	4594.0
963	963	1.846	стакан-марка-красная	11.0	34.3	снег-освещённый	0.172	84.1	0.0	0.0	0.0	bbox	962	59.1	59.1	59.1	1687,876,6,5	53.9	39.4827927	73.5852183	4611.2
964	964	1.660	стакан-марка-красная	12.0	19.6	снег-освещённый	0.407	69.4	-1.0	0.0	1.0	bbox	963	91.1	91.1	91.1	483,351,8,2	53.9	39.4827903	73.5852190	4611.2
965	965	2.267	стакан-марка-красная	12.6	45.5	снег-пересвеченный	0.411	95.3	-1.0	-3.0	3.2	bbox	964	112.2	112.2	112.2	1145,941,8,4	53.9	39.4827888	73.5852172	4611.2
966	966	1.093	рюкзак-синий	6.3	21.2	порода-в-тени	0.889	17.6	-1.0	-8.0	8.1	bbox	965	47.1	47.1	47.1	330,625,3,8	53.8	39.4827934	73.5852191	4611.2
967	967	1.894	стакан-марка-красная	11.1	36.1	снег-освещённый	0.229	85.9	0.0	-0.5	0.5	bbox	966	126.2	126.2	126.2	1453,940,4,5	53.7	39.4827894	73.5852178	4611.2
968	968	2.104	рюкзак-синий	15.0	26.4	порода-в-тени	0.365	12.4	-3.0	0.5	3.0	bbox	967	102.2	102.2	102.2	193,98,3,6	53.5	39.4827905	73.5852162	4611.2
969	969	2.122	стакан-марка-красная	12.6	39.6	снег-пересвеченный	0.377	89.4	-1.0	-3.0	3.2	bbox	968	54.1	54.1	54.1	852,1050,5,7	53.4	39.4827957	73.5852197	4611.2
970	970	1.578	стакан-марка-красная	12.2	11.8	снег-освещённый	0.698	61.6	-1.0	-1.0	1.4	bbox	969	1.0	1.0	1.0	865,41,8,4	53.3	39.4827946	73.5852142	4611.2
971	971	1.635	стакан-марка-красная	11.0	24.5	снег-освещённый	0.263	74.3	0.0	0.0	0.0	bbox	970	126.2	126.2	128.2	257,33,4,6	53.2	39.4827894	73.5852178	4611.2
972	972	1.927	стакан-марка-красная	11.0	37.6	порода-в-тени	0.406	12.2	0.0	0.0	0.0	bbox	971	128.2	128.2	128.2	561,166,4,6	53.1	39.4827898	73.5852175	4611.2
973	973	0.895	рюкзак-синий	7.2	0.6	снег-в-тени	0.331	39.4	-0.5	-7.0	7.0	bbox	972	149.2	149.2	149.2	1809,505,5,4	53.1	39.4828120	73.5851582	4609.6
974	974	2.382	стакан-марка-красная	15.1	40.8	снег-пересвеченный	0.313	90.6	-4.0	-0.5	4.0	bbox	973	2.0	2.0	2.0	849,1065,8,4	53.0	39.4827944	73.5852145	4611.2
975	975	2.338	стакан-марка-красная	12.0	50.2	снег-освещённый	0.697	100.0	-1.0	1.0	1.4	bbox	974	127.2	127.2	130.2	1780,766,6,5	53.0	39.4827896	73.5852177	4611.2
976	976	1.871	стакан-марка-красная	10.0	38.8	снег-освещённый	0.375	88.6	1.0	0.0	1.0	bbox	975	167.3	167.3	167.3	263,0,3,5	53.0	39.4827086	73.5847491	4591.9
977	977	2.320	стакан-марка-красная	12.0	49.4	снег-пересвеченный	0.613	99.2	-1.0	0.0	1.0	bbox	976	117.2	114.2	117.2	1367,305,2,8	52.9	39.4827901	73.5852167	4611.2
978	978	1.559	рюкзак-синий	8.1	33.3	порода-в-тени	0.858	5.5	0.0	-6.0	6.0	bbox	977	91.1	91.1	91.1	1531,0,3,7	52.7	39.4827903	73.5852190	4611.2
979	979	1.746	стакан-марка-красная	11.4	28.2	снег-освещённый	0.296	78.0	0.0	-2.0	2.0	bbox	978	54.1	54.1	54.1	1905,640,5,7	52.6	39.4827957	73.5852197	4611.2
980	980	1.556	палка-древко-контроль	11.3	18.4	снег-в-тени	0.955	60.0	-5.5	-4.0	6.8	bbox	979	103.2	103.2	103.2	1911,891,4,4	52.6	39.4827898	73.5852163	4611.2
981	981	0.826	рюкзак-синий	5.9	10.8	снег-в-тени	0.802	28.0	3.0	-8.5	9.0	bbox	980	163.3	161.3	163.3	1673,1075,4,5	52.5	39.4826608	73.5846818	4591.9
982	982	1.579	рюкзак-синий	11.4	18.8	снег-в-тени	0.795	57.6	-3.5	-3.5	4.9	bbox	981	2.0	2.0	2.0	933,41,4,8	52.3	39.4827944	73.5852145	4611.2
983	983	1.016	рюкзак-синий	8.0	5.1	снег-в-тени	0.575	33.7	1.0	-6.0	6.1	bbox	982	9.0	9.0	13.0	1033,226,3,5	52.3	39.4827910	73.5852169	4611.3
984	984	0.767	рюкзак-синий	6.0	4.1	снег-в-тени	0.472	34.7	0.5	-8.0	8.0	bbox	983	39.1	39.1	39.1	0,509,4,4	52.3	39.4827927	73.5852169	4611.2
985	985	1.046	рюкзак-синий	7.0	16.1	порода-в-тени	0.843	22.7	1.0	-7.0	7.1	bbox	984	151.2	151.2	151.2	75,1041,6,3	52.3	39.4828491	73.5850390	4606.3
986	986	1.371	рюкзак-синий	9.2	20.8	снег-в-тени	0.578	59.6	-1.0	-5.0	5.1	bbox	985	141.2	141.2	141.2	785,113,5,5	52.2	39.4827896	73.5852173	4611.2
987	987	1.670	стакан-марка-красная	13.2	8.2	снег-розовый	0.868	58.0	-2.0	3.0	3.6	bbox	986	142.2	142.2	142.2	1623,685,10,4	52.2	39.4827899	73.5852166	4611.2
988	988	1.200	рюкзак-синий	8.5	15.3	снег-в-тени	0.419	54.1	-2.0	-6.0	6.3	bbox	987	148.2	148.2	148.2	873,345,8,2	52.2	39.4827981	73.5851957	4610.9
989	989	1.883	рюкзак-синий	14.6	13.5	порода-в-тени	0.249	25.3	-3.0	0.0	3.0	bbox	988	22.0	22.0	22.0	1171,51,4,4	52.1	39.4827893	73.5852202	4611.3
990	990	1.164	рюкзак-синий	5.6	26.1	порода-в-тени	1.008	12.7	0.0	-8.5	8.5	bbox	989	127.2	127.2	127.2	1187,27,4,4	52.1	39.4827896	73.5852177	4611.2
991	991	1.472	рюкзак-синий	7.5	31.8	снег-в-тени	0.844	70.6	1.0	-6.5	6.6	bbox	990	144.2	143.2	144.2	69,285,4,4	52.1	39.4827909	73.5852160	4611.2
992	992	1.098	рюкзак-синий	8.2	10.6	порода-в-тени	0.696	28.2	-1.0	-6.0	6.1	bbox	991	156.2	156.2	156.2	225,993,8,4	52.1	39.4828456	73.5846053	4596.7
993	993	1.766	стакан-марка-красная	12.0	25.9	порода-в-тени	0.217	23.9	-1.0	0.0	1.0	bbox	992	46.1	46.1	46.1	1901,331,4,4	51.9	39.4827932	73.5852184	4611.2
994	994	1.447	рюкзак-синий	10.2	19.2	порода-в-тени	0.396	19.6	-1.0	-4.0	4.1	bbox	993	18.0	15.0	18.0	1368,61,5,4	51.8	39.4827884	73.5852193	4611.3
995	995	1.941	стакан-марка-красная	14.9	15.7	порода-в-тени	1.011	34.1	-3.0	6.0	6.7	bbox	994	146.2	146.2	146.2	1435,1057,2,8	51.8	39.4827909	73.5852160	4611.2
996	996	0.501	рюкзак-синий	4.0	0.8	снег-в-тени	0.405	39.6	1.0	-10.0	10.0	bbox	995	160.3	160.3	160.3	1919,291,1,12	51.8	39.4826559	73.5845712	4592.3
997	997	1.015	рюкзак-синий	7.0	14.3	порода-в-тени	0.826	24.5	0.5	-7.0	7.0	bbox	996	23.0	23.0	23.0	407,985,2,8	51.7	39.4827891	73.5852204	4611.2
998	998	0.953	рюкзак-синий	6.3	14.9	снег-в-тени	0.862	23.9	-1.0	-8.0	8.1	bbox	997	121.2	121.2	121.2	729,438,2,10	51.7	39.4827896	73.5852177	4611.2
999	999	1.426	рюкзак-синий	9.2	23.5	порода-в-тени	0.547	15.3	-1.0	-5.0	5.1	bbox	998	2.0	2.0	2.0	637,529,4,8	51.5	39.4827944	73.5852145	4611.2
1000	1000	1.893	стакан-марка-красная	12.2	31.6	снег-освещённый	0.127	81.4	-1.0	-1.0	1.4	bbox	999	11.0	11.0	11.0	1322,829,5,4	51.5	39.4827902	73.5852179	4611.3
1001	1001	1.910	стакан-марка-красная	12.6	30.0	снег-освещённый	0.377	79.8	-1.0	-3.0	3.2	bbox	1000	64.1	64.1	64.1	1195,395,6,6	51.5	39.4827922	73.5852168	4611.2
1002	1002	1.270	рюкзак-синий	8.5	19.2	снег-в-тени	0.509	58.0	-2.0	-6.0	6.3	bbox	1001	156.2	156.2	156.2	1881,921,2,8	51.5	39.4828456	73.5846053	4596.7
1003	1003	0.962	рюкзак-синий	7.0	11.2	снег-в-тени	0.193	50.0	1.0	-7.0	7.1	bbox	1002	145.2	145.2	145.2	265,105,2,7	51.4	39.4827911	73.5852157	4611.2
1004	1004	0.961	рюкзак-синий	7.2	9.8	снег-в-тени	0.719	29.0	-2.0	-7.5	7.8	bbox	1003	149.2	149.2	149.2	1788,869,5,4	51.4	39.4828120	73.5851582	4609.6
1005	1005	2.209	рюкзак-синий	15.3	31.0	порода-в-тени	0.513	7.8	-2.0	1.0	2.2	bbox	1004	60.1	60.1	60.1	1811,812,7,5	50.9	39.4827920	73.5852179	4611.2
1006	1006	1.436	рюкзак-синий	6.1	34.1	порода-в-тени	1.153	4.7	2.0	-8.0	8.2	bbox	1005	125.2	125.2	125.2	1196,433,4,5	50.9	39.4827892	73.5852179	4611.2
1007	1007	1.193	рюкзак-синий	9.5	3.7	снег-в-тени	0.639	35.1	-2.0	-5.0	5.4	bbox	1006	37.1	37.1	37.1	641,133,4,4	50.8	39.4827916	73.5852176	4611.2
1008	1008	2.006	стакан-марка-красная	13.2	32.2	снег-освещённый	0.182	82.0	-2.0	-1.0	2.2	bbox	1007	125.2	125.2	125.2	1198,585,3,7	50.8	39.4827892	73.5852179	4611.2
1009	1009	1.775	рюкзак-синий	10.8	32.4	снег-освещённый	0.656	71.2	-3.0	-4.0	5.0	bbox	1008	159.3	158.3	159.3	1445,177,4,4	50.6	39.4826916	73.5845390	4592.9
1010	1010	0.940	рюкзак-синий	7.3	6.6	снег-в-тени	0.586	32.2	-1.0	-7.0	7.1	bbox	1009	20.0	20.0	20.0	25,963,4,4	50.5	39.4827886	73.5852193	4611.3
1011	1011	1.860	стакан-марка-красная	12.2	30.0	снег-освещённый	0.130	79.8	-1.0	-1.0	1.4	bbox	1010	101.2	101.2	101.2	1316,561,4,5	50.5	39.4827911	73.5852159	4611.2
1012	1012	1.116	рюкзак-синий	8.7	6.5	снег-в-тени	0.348	45.3	-1.0	-5.5	5.6	bbox	1011	162.3	162.3	162.3	547,669,4,4	50.4	39.4826479	73.5846514	4592.0
1013	1013	1.438	стакан-марка-красная	11.0	11.8	снег-розовый	0.637	61.6	0.0	1.0	1.0	bbox	1012	52.1	52.1	52.1	273,161,3,5	50.2	39.4827955	73.5852204	4611.2
1014	1014	1.682	рюкзак-синий	10.7	28.6	порода-в-тени	0.496	10.2	-1.0	-3.5	3.6	bbox	1013	80.1	80.1	80.1	1136,186,7,2	50.2	39.4827918	73.5852169	4611.2
1015	1015	1.403	рюкзак-синий	8.7	24.7	порода-в-тени	0.618	14.1	-1.0	-5.5	5.6	bbox	1014	24.0	24.0	24.0	796,811,3,6	50.1	39.4827890	73.5852207	4611.3
1016	1016	1.538	рюкзак-синий	8.1	32.5	порода-в-тени	0.841	6.3	0.0	-6.0	6.0	bbox	1015	116.2	116.2	116.2	1253,66,4,4	50.1	39.4827900	73.5852170	4611.2
1017	1017	2.020	стакан-марка-красная	16.2	1.6	корка-жёлтая-на-скале	1.125	51.4	-4.0	7.0	8.1	bbox	1016	163.3	163.3	163.3	883,739,4,4	50.1	39.4826608	73.5846818	4591.9
1018	1018	1.631	стакан-марка-красная	12.2	16.5	снег-освещённый	0.534	66.3	-1.0	-1.0	1.4	bbox	1017	49.1	49.1	49.1	1591,1036,5,3	49.9	39.4827941	73.5852198	4611.3
1019	1019	2.330	стакан-марка-красная	12.0	49.8	снег-пересвеченный	0.620	99.6	-1.0	0.0	1.0	bbox	1018	131.2	131.2	131.2	129,143,8,2	49.9	39.4827912	73.5852169	4611.2
1020	1020	1.561	стакан-марка-красная	11.0	20.6	снег-розовый	0.364	70.4	0.0	1.5	1.5	bbox	1019	39.1	39.1	39.1	1510,493,2,6	49.8	39.4827927	73.5852169	4611.2
1021	1021	1.835	стакан-марка-красная	12.6	26.1	снег-освещённый	0.414	75.9	-1.0	-3.0	3.2	bbox	1020	131.2	131.2	131.2	1531,542,6,4	49.8	39.4827912	73.5852169	4611.2
1022	1022	1.464	стакан-марка-красная	11.4	9.4	снег-освещённый	0.820	59.2	0.0	-2.0	2.0	bbox	1021	1.0	1.0	1.0	545,75,4,5	49.7	39.4827946	73.5852142	4611.2
1023	1023	1.561	рюкзак-синий	8.6	31.6	снег-освещённый	0.784	70.4	-0.5	-5.5	5.5	bbox	1022	37.1	37.1	37.1	503,41,4,4	49.7	39.4827916	73.5852176	4611.2
1024	1024	2.009	стакан-марка-красная	11.2	40.4	снег-освещённый	0.379	90.2	0.0	-1.0	1.0	bbox	1023	61.1	61.1	61.1	1538,409,3,6	49.7	39.4827920	73.5852177	4611.2
1025	1025	1.346	рюкзак-синий	7.1	28.4	порода-в-тени	0.868	10.4	0.0	-7.0	7.0	bbox	1024	8.0	8.0	8.0	1293,45,4,4	49.6	39.4827914	73.5852168	4611.3
1026	1026	1.605	рюкзак-синий	12.2	14.3	порода-в-тени	0.269	24.5	-3.0	-2.5	3.9	bbox	1025	20.0	20.0	20.0	683,851,4,4	49.6	39.4827886	73.5852193	4611.3
1027	1027	1.026	рюкзак-синий	8.1	5.1	снег-в-тени	0.592	33.7	-2.0	-6.5	6.8	bbox	1026	154.2	154.2	154.2	1677,1073,4,4	49.6	39.4828861	73.5847815	4600.6
1028	1028	1.962	стакан-марка-красная	11.0	39.0	порода-в-тени	0.443	10.8	0.0	0.0	0.0	bbox	1027	126.2	126.2	126.2	1469,856,3,6	49.5	39.4827894	73.5852178	4611.2
1029	1029	1.408	стакан-марка-красная	11.2	4.9	снег-розовый	0.864	54.7	0.0	3.0	3.0	bbox	1028	142.2	142.2	142.2	694,420,5,6	49.5	39.4827899	73.5852166	4611.2
1030	1030	1.537	стакан-марка-красная	11.0	19.2	порода-в-тени	0.507	30.6	0.0	1.0	1.0	bbox	1029	81.1	81.1	81.1	338,0,7,2	49.4	39.4827917	73.5852170	4611.2
1031	1031	1.465	рюкзак-синий	8.5	28.1	снег-в-тени	0.767	66.9	-2.0	-6.0	6.3	bbox	1030	144.2	144.2	144.2	1211,131,4,4	49.3	39.4827909	73.5852160	4611.2
1032	1032	1.040	рюкзак-синий	8.2	3.9	снег-в-тени	0.539	34.9	-1.0	-6.0	6.1	bbox	1031	154.2	153.2	154.2	1829,227,4,4	49.3	39.4828861	73.5847815	4600.6
1033	1033	1.685	стакан-марка-красная	11.0	27.1	снег-освещённый	0.188	76.9	0.0	0.0	0.0	bbox	1032	165.3	165.3	165.3	977,1045,5,3	49.3	39.4826891	73.5847260	4591.8
1034	1034	1.346	рюкзак-синий	10.8	0.6	снег-в-тени	0.693	39.4	-3.0	-4.0	5.0	bbox	1033	30.0	30.0	30.0	163,473,6,5	49.2	39.4827892	73.5852203	4611.3
1035	1035	1.009	рюкзак-синий	8.1	1.2	снег-в-тени	0.536	37.6	-3.0	-7.0	7.6	bbox	1034	49.1	49.1	49.1	697,35,4,4	49.2	39.4827941	73.5852198	4611.3
1036	1036	0.822	рюкзак-синий	6.2	7.8	снег-в-тени	0.604	31.0	-0.5	-8.0	8.0	bbox	1035	144.2	144.2	144.2	160,521,5,4	49.2	39.4827909	73.5852160	4611.2
1037	1037	1.231	рюкзак-синий	7.5	22.3	порода-в-тени	0.796	16.5	1.0	-6.5	6.6	bbox	1036	151.2	151.2	151.2	499,1015,4,4	49.0	39.4828491	73.5850390	4606.3
1038	1038	1.865	стакан-марка-красная	11.0	35.1	снег-освещённый	0.193	84.9	0.0	0.0	0.0	bbox	1037	79.1	79.1	79.1	1869,579,4,4	48.9	39.4827913	73.5852171	4611.2
1039	1039	2.042	стакан-марка-красная	11.7	40.0	снег-освещённый	0.351	89.8	-0.5	-1.0	1.1	bbox	1038	116.2	116.2	117.2	1293,844,6,5	48.9	39.4827900	73.5852170	4611.2
1040	1040	1.978	стакан-марка-красная	13.0	31.4	снег-освещённый	0.126	81.2	-2.0	0.0	2.0	bbox	1039	146.2	146.2	146.2	673,164,4,5	48.8	39.4827909	73.5852160	4611.2
1041	1041	0.685	рюкзак-синий	3.2	15.7	снег-в-тени	0.989	23.1	2.0	-11.0	11.2	bbox	1040	124.2	124.2	124.2	633,531,5,3	48.6	39.4827891	73.5852181	4611.2
1042	1042	1.074	рюкзак-синий	7.9	11.8	снег-в-тени	0.283	50.6	-1.5	-6.5	6.7	bbox	1041	153.2	153.2	153.2	1777,181,8,2	48.5	39.4828831	73.5848732	4602.6
1043	1043	1.336	рюкзак-синий	10.2	11.2	снег-в-тени	0.521	50.0	-1.0	-4.0	4.1	bbox	1042	10.0	10.0	10.0	1106,37,4,4	48.3	39.4827906	73.5852175	4611.3
1044	1044	1.261	рюкзак-синий	7.8	22.6	снег-в-тени	0.535	61.4	-1.0	-6.5	6.6	bbox	1043	37.1	37.1	37.1	419,14,4,4	48.3	39.4827916	73.5852176	4611.2
1045	1045	1.699	палка-древко-контроль	13.2	10.8	порода-в-тени	0.587	30.8	-5.5	-2.0	5.9	bbox	1044	49.1	49.1	49.1	767,289,2,8	48.3	39.4827941	73.5852198	4611.3
1046	1046	0.845	рюкзак-синий	5.4	14.3	снег-в-тени	0.850	24.5	-1.0	-9.0	9.1	bbox	1045	121.2	121.2	121.2	275,1067,6,4	48.3	39.4827896	73.5852177	4611.2
1047	1047	1.010	рюкзак-синий	8.0	3.9	снег-в-тени	0.333	42.7	1.0	-6.0	6.1	bbox	1046	37.1	37.1	37.1	1905,631,6,6	48.0	39.4827916	73.5852176	4611.2
1048	1048	0.791	рюкзак-синий	6.0	7.0	снег-в-тени	0.586	31.8	1.0	-8.0	8.1	bbox	1047	82.1	82.1	84.1	1781,938,8,5	47.9	39.4827923	73.5852171	4611.2
1049	1049	1.249	рюкзак-синий	7.3	23.9	снег-в-тени	0.562	62.7	-1.0	-7.0	7.1	bbox	1048	135.2	135.2	135.2	105,115,4,4	47.8	39.4827913	73.5852170	4611.2
1050	1050	1.902	стакан-марка-красная	12.2	32.0	снег-освещённый	0.130	81.8	-1.0	-1.0	1.4	bbox	1049	150.2	150.2	150.2	441,138,4,5	47.7	39.4828294	73.5851057	4608.1
1051	1051	1.908	стакан-марка-красная	11.0	36.9	снег-освещённый	0.244	86.7	0.0	0.0	0.0	bbox	1050	163.3	163.3	167.3	17,3,3,4	47.7	39.4826608	73.5846818	4591.9
1052	1052	1.797	стакан-марка-красная	12.1	27.3	снег-освещённый	0.532	77.1	0.0	-4.0	4.0	bbox	1051	44.1	44.1	44.1	1665,91,4,4	47.6	39.4827940	73.5852169	4611.2
1053	1053	2.319	стакан-марка-красная	12.2	49.0	снег-пересвеченный	0.538	98.8	-1.0	-1.0	1.4	bbox	1052	73.1	73.1	78.1	1722,124,7,3	47.6	39.4827913	73.5852160	4611.2
1054	1054	0.836	рюкзак-синий	6.0	10.4	снег-в-тени	0.703	28.4	1.0	-8.0	8.1	bbox	1053	124.2	124.2	124.2	443,731,4,4	47.5	39.4827891	73.5852181	4611.2
1055	1055	1.765	рюкзак-синий	13.6	13.3	порода-в-тени	0.221	25.5	-3.0	-1.0	3.2	bbox	1054	125.2	125.2	125.2	739,51,5,3	47.5	39.4827892	73.5852179	4611.2
1056	1056	1.730	стакан-марка-красная	11.3	28.0	снег-освещённый	0.249	77.8	0.0	-1.5	1.5	bbox	1055	53.1	53.1	53.1	1237,679,4,10	47.4	39.4827956	73.5852201	4611.2
1057	1057	2.247	стакан-марка-красная	12.8	44.1	снег-пересвеченный	0.398	93.9	-1.0	-3.5	3.6	bbox	1056	109.2	109.2	110.2	1917,359,3,4	47.4	39.4827881	73.5852173	4611.2
1058	1058	1.000	рюкзак-синий	8.0	0.2	снег-в-тени	0.431	38.6	1.0	-6.0	6.1	bbox	1057	149.2	149.2	149.2	217,801,8,2	47.4	39.4828120	73.5851582	4609.6
1059	1059	0.956	рюкзак-синий	6.3	15.1	снег-в-тени	0.938	23.7	3.0	-8.0	8.5	bbox	1058	113.2	111.2	117.2	1579,723,4,4	47.1	39.4827891	73.5852173	4611.2
1060	1060	1.939	стакан-марка-красная	13.0	29.4	снег-освещённый	0.137	79.2	-2.0	0.0	2.0	bbox	1059	37.1	35.1	37.1	830,237,3,8	47.0	39.4827916	73.5852176	4611.2
1061	1061	2.330	стакан-марка-красная	12.0	49.8	снег-пересвеченный	0.620	99.6	-1.0	0.0	1.0	bbox	1060	59.1	59.1	59.1	1241,489,2,8	46.9	39.4827927	73.5852183	4611.2
1062	1062	1.544	рюкзак-синий	9.5	27.7	снег-в-тени	0.805	66.5	-2.0	-5.0	5.4	bbox	1061	36.1	36.1	37.1	69,731,4,4	46.8	39.4827913	73.5852180	4611.2
1063	1063	1.993	стакан-марка-красная	12.0	36.7	снег-освещённый	0.378	86.5	-0.5	-2.5	2.5	bbox	1062	100.2	100.2	100.2	1658,137,4,4	46.6	39.4827918	73.5852162	4611.2
1064	1064	1.166	рюкзак-синий	8.1	16.4	порода-в-тени	0.677	22.4	0.0	-6.0	6.0	bbox	1063	149.2	149.2	149.2	455,998,6,5	46.5	39.4828120	73.5851582	4609.6
1065	1065	2.139	стакан-марка-красная	11.0	45.9	порода-в-тени	0.687	3.9	0.0	1.0	1.0	bbox	1064	139.2	138.2	139.2	1448,1078,7,2	46.4	39.4827892	73.5852175	4611.2
1066	1066	2.108	стакан-марка-красная	13.0	37.5	снег-освещённый	0.262	87.3	-2.0	0.0	2.0	bbox	1065	79.1	79.1	79.1	1835,387,3,4	46.3	39.4827913	73.5852171	4611.2
1067	1067	1.514	стакан-марка-красная	12.1	2.5	снег-в-тени	0.946	47.3	-1.0	-0.5	1.1	bbox	1066	93.1	93.1	93.1	1815,633,2,8	46.3	39.4827914	73.5852191	4611.2
1068	1068	1.614	рюкзак-синий	12.6	9.0	снег-в-тени	0.839	47.8	-3.0	-2.0	3.6	bbox	1067	160.3	160.3	160.3	1887,169,2,8	46.2	39.4826559	73.5845712	4592.3
1069	1069	2.122	рюкзак-синий	14.3	31.9	порода-в-тени	0.499	6.9	-2.0	0.0	2.0	bbox	1068	60.1	60.1	60.1	1733,938,5,4	45.9	39.4827920	73.5852179	4611.2
1070	1070	2.321	стакан-марка-красная	13.0	46.5	снег-пересвеченный	0.378	96.3	-1.5	-2.5	2.9	bbox	1069	117.2	117.2	117.2	1901,545,4,6	45.8	39.4827901	73.5852167	4611.2
1071	1071	1.283	рюкзак-синий	10.2	4.1	снег-в-тени	0.544	42.9	-1.0	-4.0	4.1	bbox	1070	153.2	153.2	153.2	901,785,4,4	45.7	39.4828831	73.5848732	4602.6
1072	1072	1.531	рюкзак-синий	11.7	13.0	снег-в-тени	0.713	51.8	-1.0	-2.5	2.7	bbox	1071	25.0	25.0	25.0	981,378,4,5	45.3	39.4827888	73.5852209	4611.3
1073	1073	1.694	рюкзак-синий	7.6	39.2	снег-пересвеченный	0.717	78.0	-2.0	-7.0	7.3	bbox	1072	148.2	148.2	148.2	161,0,4,5	45.3	39.4827981	73.5851957	4610.9
1074	1074	1.541	стакан-марка-красная	11.0	19.4	снег-розовый	0.395	69.2	0.0	1.5	1.5	bbox	1073	148.2	148.2	148.2	1005,472,2,8	45.1	39.4827981	73.5851957	4610.9
1075	1075	1.541	стакан-марка-красная	10.8	21.0	порода-в-тени	0.891	28.8	1.0	5.0	5.1	bbox	1074	137.2	137.2	137.2	1788,931,3,4	45.0	39.4827900	73.5852174	4611.1
1076	1076	1.874	стакан-марка-красная	11.0	35.5	снег-освещённый	0.203	85.3	0.0	0.0	0.0	bbox	1075	79.1	77.1	79.1	1695,295,4,4	44.8	39.4827913	73.5852171	4611.2
1077	1077	1.185	рюкзак-синий	8.1	17.5	снег-в-тени	0.393	56.3	0.0	-6.0	6.0	bbox	1076	12.0	9.0	12.0	795,435,4,4	44.7	39.4827897	73.5852181	4611.3
1078	1078	2.165	стакан-марка-красная	14.7	32.0	снег-освещённый	0.366	81.8	-3.5	-1.5	3.8	bbox	1077	82.1	82.1	82.1	1137,741,4,4	44.7	39.4827923	73.5852171	4611.2
1079	1079	0.690	рюкзак-синий	5.1	7.4	снег-в-тени	0.600	31.4	0.0	-9.0	9.0	bbox	1078	121.2	121.2	121.2	393,801,3,4	44.6	39.4827896	73.5852177	4611.2
1080	1080	1.141	рюкзак-синий	8.2	13.7	порода-в-тени	0.659	25.1	-1.0	-6.0	6.1	bbox	1079	2.0	2.0	2.0	817,555,4,5	44.5	39.4827944	73.5852145	4611.2
1081	1081	2.354	стакан-марка-красная	15.1	39.2	снег-пересвеченный	0.256	89.0	-4.0	-1.0	4.1	bbox	1080	26.0	26.0	29.0	785,1074,3,6	44.5	39.4827882	73.5852212	4611.3
1082	1082	0.795	рюкзак-синий	5.5	11.2	снег-в-тени	0.733	27.6	1.0	-8.5	8.6	bbox	1081	153.2	153.2	153.2	1813,946,5,4	44.5	39.4828831	73.5848732	4602.6
1083	1083	1.972	рюкзак-синий	13.8	27.0	порода-в-тени	0.361	11.8	-3.5	-1.0	3.6	bbox	1082	38.1	38.1	38.1	1381,0,4,5	44.4	39.4827921	73.5852171	4611.2
1084	1084	0.626	рюкзак-синий	5.0	1.2	снег-в-тени	0.403	37.6	1.0	-9.0	9.1	bbox	1083	164.3	164.3	164.3	1915,1077,5,3	44.2	39.4826754	73.5847064	4591.8
1085	1085	1.354	стакан-марка-красная	10.8	4.1	снег-в-тени	0.674	53.9	1.0	-3.0	3.2	bbox	1084	1.0	1.0	1.0	667,127,4,5	44.0	39.4827946	73.5852142	4611.2
1086	1086	1.672	стакан-марка-красная	12.0	20.4	снег-освещённый	0.454	70.2	-1.0	2.0	2.2	bbox	1085	55.1	54.1	57.1	187,334,5,3	43.7	39.4827955	73.5852191	4611.2
1087	1087	2.213	стакан-марка-красная	14.1	37.3	снег-пересвеченный	0.307	87.1	-3.0	-1.0	3.2	bbox	1086	101.2	101.2	101.2	1269,849,4,4	43.5	39.4827911	73.5852159	4611.2
1088	1088	1.986	стакан-марка-красная	12.0	36.3	снег-освещённый	0.189	86.1	-1.0	0.0	1.0	bbox	1087	167.3	167.3	167.3	640,658,3,8	43.5	39.4827086	73.5847491	4591.9
1089	1089	1.270	рюкзак-синий	9.1	16.1	снег-в-тени	0.453	54.9	0.0	-5.0	5.0	bbox	1088	11.0	11.0	11.0	1153,29,4,3	43.3	39.4827902	73.5852179	4611.3
1090	1090	1.741	стакан-марка-красная	12.0	24.5	снег-освещённый	0.232	74.3	-1.0	0.0	1.0	bbox	1089	156.2	156.2	156.2	706,186,3,6	43.2	39.4828456	73.5846053	4596.7
1091	1091	2.395	стакан-марка-красная	15.0	41.6	снег-освещённый	0.588	91.4	-4.0	2.0	4.5	bbox	1090	162.3	162.3	162.3	1901,265,4,4	43.2	39.4826479	73.5846514	4592.0
1092	1092	2.048	стакан-марка-красная	12.2	38.4	порода-в-тени	0.608	11.4	-1.0	3.0	3.2	bbox	1091	47.1	47.1	47.1	1113,129,3,5	43.1	39.4827934	73.5852191	4611.2
1093	1093	1.826	стакан-марка-красная	11.7	30.6	снег-освещённый	0.396	80.4	0.0	-3.0	3.0	bbox	1092	53.1	53.1	53.1	1579,530,3,5	43.1	39.4827956	73.5852201	4611.2
1094	1094	1.113	рюкзак-синий	8.2	11.8	снег-в-тени	0.297	50.6	-1.0	-6.0	6.1	bbox	1093	139.2	139.2	140.2	459,169,6,2	43.1	39.4827892	73.5852175	4611.2
1095	1095	1.182	рюкзак-синий	8.1	17.3	снег-в-тени	0.387	56.1	0.0	-6.0	6.0	bbox	1094	25.0	25.0	25.0	1304,144,3,5	42.9	39.4827888	73.5852209	4611.3
1096	1096	1.538	стакан-марка-красная	12.0	8.8	снег-розовый	0.774	58.6	-1.0	2.0	2.2	bbox	1095	143.2	143.2	143.2	1328,393,4,8	42.9	39.4827905	73.5852162	4611.2
1097	1097	1.155	рюкзак-синий	8.7	10.6	порода-в-тени	0.641	28.2	-1.0	-5.5	5.6	bbox	1096	24.0	24.0	24.0	805,281,2,8	42.8	39.4827890	73.5852207	4611.3
1098	1098	2.043	стакан-марка-красная	11.0	42.2	снег-освещённый	0.418	92.0	0.0	0.0	0.0	bbox	1097	75.1	75.1	79.1	1686,356,4,6	42.8	39.4827908	73.5852167	4611.2
1099	1099	1.251	рюкзак-синий	7.5	23.1	порода-в-тени	0.774	15.7	0.5	-6.5	6.5	bbox	1098	138.2	138.2	139.2	251,411,4,4	42.8	39.4827896	73.5852175	4611.2
1100	1100	1.501	стакан-марка-красная	11.5	11.6	порода-в-тени	0.676	38.2	-0.5	0.0	0.5	bbox	1099	97.2	95.2	97.2	375,881,2,6	42.7	39.4827926	73.5852177	4611.2
1101	1101	2.022	стакан-марка-красная	12.6	35.3	снег-освещённый	0.405	85.1	-1.0	-3.0	3.2	bbox	1100	100.2	100.2	100.2	1450,1050,3,7	42.7	39.4827918	73.5852162	4611.2
1102	1102	2.327	стакан-марка-красная	12.0	49.8	снег-освещённый	0.683	99.6	-1.0	1.0	1.4	bbox	1101	141.2	141.2	141.2	407,481,10,2	42.4	39.4827896	73.5852173	4611.2
1103	1103	1.531	стакан-марка-красная	12.0	8.6	снег-розовый	0.791	58.4	-1.0	1.0	1.4	bbox	1102	142.2	142.2	142.2	1807,199,2,10	42.1	39.4827899	73.5852166	4611.2
1104	1104	2.322	стакан-марка-красная	14.1	42.2	снег-пересвеченный	0.284	92.0	-3.0	-1.0	3.2	bbox	1103	109.2	109.2	109.2	1299,733,8,3	41.9	39.4827881	73.5852173	4611.2
1105	1105	2.171	стакан-марка-красная	11.0	47.1	порода-в-тени	0.723	2.7	0.0	1.0	1.0	bbox	1104	137.2	137.2	137.2	1724,945,5,3	41.8	39.4827900	73.5852174	4611.1
1106	1106	1.297	рюкзак-синий	10.2	6.6	порода-в-тени	0.577	32.2	-1.0	-4.0	4.1	bbox	1105	101.2	101.2	101.2	538,491,3,4	41.7	39.4827911	73.5852159	4611.2
1107	1107	1.161	рюкзак-синий	8.5	12.8	снег-в-тени	0.378	51.6	-2.0	-6.0	6.3	bbox	1106	37.1	37.1	37.1	905,0,4,5	41.6	39.4827916	73.5852176	4611.2
1108	1108	0.983	рюкзак-синий	7.0	12.5	снег-в-тени	0.789	26.3	1.0	-7.0	7.1	bbox	1107	39.1	39.1	39.1	465,456,4,5	41.6	39.4827927	73.5852169	4611.2
1109	1109	2.170	стакан-марка-красная	11.0	46.9	порода-в-тени	0.683	2.9	0.0	0.0	0.0	bbox	1108	133.2	133.2	133.2	1844,337,3,4	41.6	39.4827917	73.5852170	4611.2
1110	1110	1.070	рюкзак-синий	8.2	8.1	снег-в-тени	0.282	46.9	-1.0	-6.0	6.1	bbox	1109	21.0	21.0	21.0	428,243,3,4	41.5	39.4827887	73.5852198	4611.3
1111	1111	1.067	рюкзак-синий	8.4	5.7	снег-в-тени	0.610	33.1	-1.5	-6.0	6.2	bbox	1110	37.1	37.1	37.1	1768,633,4,4	41.4	39.4827916	73.5852176	4611.2
1112	1112	1.465	стакан-марка-красная	11.0	13.7	снег-розовый	0.614	63.5	0.0	0.0	0.0	bbox	1111	107.2	107.2	107.2	437,11,3,4	41.4	39.4827883	73.5852174	4611.2
1113	1113	2.198	стакан-марка-красная	14.6	34.1	снег-пересвеченный	0.351	83.9	-3.5	-1.0	3.6	bbox	1112	101.2	101.2	101.2	1625,447,8,2	41.2	39.4827911	73.5852159	4611.2
1114	1114	1.620	стакан-марка-красная	10.0	28.6	снег-освещённый	0.264	78.4	1.0	0.0	1.0	bbox	1113	127.2	127.2	127.2	1356,894,3,5	41.1	39.4827896	73.5852177	4611.2
1115	1115	1.664	стакан-марка-красная	11.2	25.3	снег-освещённый	0.270	75.1	0.0	-1.0	1.0	bbox	1114	40.1	40.1	40.1	1387,1010,3,4	41.0	39.4827932	73.5852163	4611.3
1116	1116	1.623	стакан-марка-красная	11.5	20.8	снег-розовый	0.400	70.6	-0.5	2.0	2.1	bbox	1115	54.1	54.1	54.1	1645,80,4,3	41.0	39.4827957	73.5852197	4611.2
1117	1117	1.772	стакан-марка-красная	11.5	28.8	порода-в-тени	0.226	21.0	-0.5	0.0	0.5	bbox	1116	126.2	126.2	126.2	981,707,3,4	40.9	39.4827894	73.5852178	4611.2
1118	1118	1.475	стакан-марка-красная	11.0	14.5	снег-розовый	0.592	64.3	0.0	0.0	0.0	bbox	1117	129.2	129.2	129.2	300,114,2,7	40.9	39.4827903	73.5852175	4611.2
1119	1119	1.674	стакан-марка-красная	12.2	19.6	снег-освещённый	0.425	69.4	-1.0	-1.0	1.4	bbox	1118	142.2	142.2	142.2	105,173,8,4	40.9	39.4827899	73.5852166	4611.2
1120	1120	1.073	рюкзак-синий	7.1	17.0	порода-в-тени	0.792	21.8	0.0	-7.0	7.0	bbox	1119	85.1	85.1	85.1	358,675,5,4	40.7	39.4827927	73.5852176	4611.2
1121	1121	1.270	рюкзак-синий	9.0	16.5	снег-в-тени	0.477	55.3	1.0	-5.0	5.1	bbox	1120	94.1	94.1	94.1	51,621,4,4	40.7	39.4827921	73.5852191	4611.2
1122	1122	1.458	рюкзак-синий	10.2	19.8	снег-в-тени	0.644	58.6	-1.0	-4.0	4.1	bbox	1121	18.0	18.0	18.0	549,587,3,4	40.6	39.4827884	73.5852193	4611.3
1123	1123	1.853	стакан-марка-красная	12.6	27.1	снег-освещённый	0.400	76.9	-1.0	-3.0	3.2	bbox	1122	41.1	41.1	41.1	225,145,4,3	40.5	39.4827936	73.5852162	4611.3
1124	1124	1.673	стакан-марка-красная	11.0	26.5	снег-освещённый	0.204	76.3	0.0	0.0	0.0	bbox	1123	55.1	55.1	55.1	1623,127,4,3	40.5	39.4827955	73.5852191	4611.2
1125	1125	1.471	стакан-марка-красная	11.4	10.2	снег-освещённый	0.794	60.0	0.0	-2.0	2.0	bbox	1124	35.1	35.1	35.1	755,193,3,4	40.4	39.4827910	73.5852186	4611.2
1126	1126	2.048	стакан-марка-красная	11.0	42.3	порода-в-тени	0.540	7.5	0.0	0.0	0.0	bbox	1125	137.2	137.2	137.2	1877,1045,4,4	40.4	39.4827900	73.5852174	4611.1
1127	1127	1.969	стакан-марка-красная	12.4	34.1	снег-освещённый	0.274	83.9	-1.0	-2.0	2.2	bbox	1126	153.2	153.2	153.2	370,148,3,5	40.3	39.4828831	73.5848732	4602.6
1128	1128	0.942	рюкзак-синий	7.2	8.2	снег-в-тени	0.701	30.6	2.5	-7.0	7.4	bbox	1127	161.3	161.3	161.3	45,421,4,4	40.1	39.4826428	73.5846124	4592.2
1129	1129	1.588	стакан-марка-красная	11.0	22.0	снег-розовый	0.325	71.8	0.0	2.0	2.0	bbox	1128	64.1	64.1	66.1	28,498,2,5	40.0	39.4827922	73.5852168	4611.2
1130	1130	1.634	стакан-марка-красная	11.0	24.7	снег-освещённый	0.286	74.5	0.0	1.0	1.0	bbox	1129	88.1	88.1	88.1	155,535,3,4	39.7	39.4827912	73.5852186	4611.2
1131	1131	2.271	стакан-марка-красная	15.3	34.3	снег-пересвеченный	0.263	84.1	-4.0	-2.0	4.5	bbox	1130	82.1	82.1	84.1	1529,835,4,6	39.6	39.4827923	73.5852171	4611.2
1132	1132	1.880	рюкзак-синий	13.3	24.3	порода-в-тени	0.210	14.5	-2.0	-1.0	2.2	bbox	1131	150.2	150.2	150.2	481,990,5,4	39.6	39.4828294	73.5851057	4608.1
1133	1133	1.855	рюкзак-синий	13.6	20.8	порода-в-тени	0.151	18.0	-3.0	-1.0	3.2	bbox	1132	0.0	0.0	0.0	1081,105,8,2	39.4	39.4827946	73.5852145	4611.2
1134	1134	1.898	стакан-марка-красная	11.4	35.1	снег-освещённый	0.316	84.9	0.0	-2.0	2.0	bbox	1133	43.1	43.1	43.1	1841,94,6,3	39.4	39.4827942	73.5852164	4611.2
1135	1135	1.058	рюкзак-синий	7.0	16.6	порода-в-тени	0.841	22.2	1.0	-7.0	7.1	bbox	1134	2.0	2.0	2.0	1101,177,2,6	39.3	39.4827944	73.5852145	4611.2
1136	1136	1.972	стакан-марка-красная	11.0	39.4	порода-в-тени	0.454	10.4	0.0	0.0	0.0	bbox	1135	35.1	35.1	35.1	1761,705,4,3	39.3	39.4827910	73.5852186	4611.2
1137	1137	1.671	стакан-марка-красная	12.6	15.7	снег-освещённый	0.554	65.5	-1.5	-0.5	1.6	bbox	1136	141.2	141.2	141.2	647,789,2,8	39.1	39.4827896	73.5852173	4611.2
1138	1138	1.357	рюкзак-синий	10.0	15.1	снег-в-тени	0.549	53.9	-2.0	-4.5	4.9	bbox	1137	39.1	39.1	39.1	301,145,4,4	39.0	39.4827927	73.5852169	4611.2
1139	1139	2.076	стакан-марка-красная	15.0	24.7	порода-в-тени	0.481	25.1	-4.0	2.0	4.5	bbox	1138	14.0	14.0	14.0	195,564,4,3	38.9	39.4827894	73.5852180	4611.3
1140	1140	2.043	стакан-марка-красная	12.5	36.9	снег-освещённый	0.376	86.7	-1.0	-2.5	2.7	bbox	1139	25.0	25.0	25.0	1821,921,4,6	38.8	39.4827888	73.5852209	4611.3
1141	1141	1.584	стакан-марка-красная	11.1	21.4	снег-освещённый	0.371	71.2	0.0	-0.5	0.5	bbox	1140	87.1	87.1	87.1	125,269,3,4	38.7	39.4827918	73.5852181	4611.2
1142	1142	1.434	рюкзак-синий	9.5	22.6	снег-в-тени	0.662	61.4	-2.0	-5.0	5.4	bbox	1141	153.2	153.2	153.2	1857,177,4,4	38.6	39.4828831	73.5848732	4602.6
1143	1143	1.913	стакан-марка-красная	11.0	37.1	снег-освещённый	0.250	86.9	0.0	0.0	0.0	bbox	1142	167.3	166.3	167.3	359,56,2,5	38.4	39.4827086	73.5847491	4591.9
1144	1144	1.819	стакан-марка-красная	12.0	28.8	снег-освещённый	0.147	78.6	-1.0	1.0	1.4	bbox	1143	64.1	64.1	64.1	0,587,4,3	38.3	39.4827922	73.5852168	4611.2
1145	1145	2.287	стакан-марка-красная	13.2	44.5	снег-пересвеченный	0.378	94.3	-2.0	-1.0	2.2	bbox	1144	120.2	120.2	120.2	1353,487,8,2	38.2	39.4827901	73.5852173	4611.2
1146	1146	1.104	рюкзак-синий	8.4	9.8	порода-в-тени	0.699	29.0	-1.5	-6.0	6.2	bbox	1145	161.3	161.3	161.3	1064,883,4,4	38.2	39.4826428	73.5846124	4592.2
1147	1147	2.045	стакан-марка-красная	12.2	38.2	снег-пересвеченный	0.447	88.0	-0.5	-3.0	3.0	bbox	1146	160.3	160.3	160.3	383,77,3,4	37.9	39.4826559	73.5845712	4592.3
1148	1148	2.115	стакан-марка-красная	11.9	42.2	снег-пересвеченный	0.458	92.0	-0.5	-2.0	2.1	bbox	1147	73.1	73.1	73.1	1759,222,4,3	37.7	39.4827913	73.5852160	4611.2
1149	1149	1.947	стакан-марка-красная	13.0	29.8	снег-освещённый	0.132	79.6	-2.0	0.0	2.0	bbox	1148	64.1	64.1	64.1	34,684,2,6	37.6	39.4827922	73.5852168	4611.2
1150	1150	1.814	стакан-марка-красная	11.0	32.9	снег-освещённый	0.143	82.7	0.0	0.0	0.0	bbox	1149	167.3	167.3	167.3	456,0,3,4	37.5	39.4827086	73.5847491	4591.9
1151	1151	1.591	рюкзак-синий	8.1	34.5	порода-в-тени	0.885	4.3	0.0	-6.0	6.0	bbox	1150	91.1	91.1	91.1	1482,67,4,4	37.3	39.4827903	73.5852190	4611.2
1152	1152	1.653	рюкзак-синий	11.2	24.7	снег-освещённый	0.722	63.5	-1.0	-3.0	3.2	bbox	1151	94.1	93.1	94.1	1662,1036,3,5	37.3	39.4827921	73.5852191	4611.2
1153	1153	1.081	рюкзак-синий	6.2	21.2	порода-в-тени	0.900	17.6	-0.5	-8.0	8.0	bbox	1152	139.2	139.2	139.2	1906,697,4,3	37.3	39.4827892	73.5852175	4611.2
1154	1154	2.055	стакан-марка-красная	11.7	40.4	снег-пересвеченный	0.500	90.2	0.0	-3.0	3.0	bbox	1153	73.1	73.1	76.1	1214,665,4,4	37.2	39.4827913	73.5852160	4611.2
1155	1155	2.303	стакан-марка-красная	12.6	46.9	снег-пересвеченный	0.433	96.7	-1.0	-3.0	3.2	bbox	1154	59.1	59.1	59.1	1660,141,5,4	37.1	39.4827927	73.5852183	4611.2
1156	1156	1.460	стакан-марка-красная	11.5	6.3	порода-в-тени	0.856	43.5	-0.5	0.0	0.5	bbox	1155	94.1	94.1	94.1	1671,839,6,2	37.0	39.4827921	73.5852191	4611.2
1157	1157	0.916	рюкзак-синий	7.3	3.0	снег-в-тени	0.279	41.8	-1.0	-7.0	7.1	bbox	1156	115.2	115.2	115.2	503,770,2,5	37.0	39.4827900	73.5852172	4611.2
1158	1158	1.749	стакан-марка-красная	11.5	27.8	снег-освещённый	0.143	77.6	-0.5	0.5	0.7	bbox	1157	44.1	42.1	44.1	1615,185,4,4	36.9	39.4827940	73.5852169	4611.2
1159	1159	1.094	рюкзак-синий	7.2	17.6	порода-в-тени	0.774	21.2	-0.5	-7.0	7.0	bbox	1158	14.0	14.0	14.0	435,931,4,4	36.8	39.4827894	73.5852180	4611.3
1160	1160	1.615	стакан-марка-красная	11.0	23.7	снег-освещённый	0.314	73.5	0.0	1.0	1.0	bbox	1159	138.2	138.2	140.2	303,523,3,4	36.8	39.4827896	73.5852175	4611.2
1161	1161	2.065	палка-древко-контроль	13.3	34.1	снег-пересвеченный	0.561	75.7	-5.0	-2.0	5.4	bbox	1160	93.1	93.1	93.1	346,247,7,4	36.7	39.4827914	73.5852191	4611.2
1162	1162	1.389	рюкзак-синий	7.6	28.2	порода-в-тени	0.794	10.6	-0.5	-6.5	6.5	bbox	1161	46.1	46.1	46.1	891,175,6,2	36.5	39.4827932	73.5852184	4611.2
1163	1163	1.769	стакан-марка-красная	11.0	31.0	снег-освещённый	0.125	80.8	0.0	0.0	0.0	bbox	1162	78.1	78.1	78.1	1893,928,2,5	36.5	39.4827909	73.5852170	4611.2
1164	1164	2.048	стакан-марка-красная	12.5	37.1	порода-в-тени	0.376	12.7	-1.5	1.0	1.8	bbox	1163	83.1	83.1	83.1	193,307,4,3	36.5	39.4827927	73.5852173	4611.2
1165	1165	0.815	рюкзак-синий	5.6	11.7	снег-в-тени	0.743	27.1	0.0	-8.5	8.5	bbox	1164	154.2	154.2	154.2	1917,409,3,4	36.5	39.4828861	73.5847815	4600.6
1166	1166	1.863	палка-древко-контроль	13.0	25.5	порода-в-тени	0.776	16.1	-8.0	-2.0	8.2	bbox	1165	40.1	40.1	40.1	18,491,3,4	36.4	39.4827932	73.5852163	4611.3
1167	1167	1.391	стакан-марка-красная	11.0	4.7	снег-розовый	0.897	54.5	0.0	0.0	0.0	bbox	1166	52.1	52.1	52.1	517,83,2,5	36.4	39.4827955	73.5852204	4611.2
1168	1168	1.578	рюкзак-синий	8.5	32.5	порода-в-тени	0.803	6.3	-2.0	-6.0	6.3	bbox	1167	31.0	31.0	31.0	1907,39,5,3	36.2	39.4827896	73.5852197	4611.2
1169	1169	1.978	стакан-марка-красная	12.0	36.1	порода-в-тени	0.412	13.7	-1.0	1.5	1.8	bbox	1168	134.2	134.2	134.2	1910,716,2,5	36.2	39.4827918	73.5852170	4611.2
1170	1170	0.761	рюкзак-синий	5.2	11.0	снег-в-тени	0.788	27.8	2.5	-9.0	9.3	bbox	1169	166.3	166.3	166.3	1585,1079,8,1	36.1	39.4827003	73.5847402	4591.9
1171	1171	1.407	рюкзак-синий	8.1	27.2	порода-в-тени	0.725	11.6	-0.5	-6.0	6.0	bbox	1170	19.0	19.0	19.0	1560,122,5,4	36.0	39.4827886	73.5852195	4611.3
1172	1172	1.800	стакан-марка-красная	11.2	31.8	снег-освещённый	0.179	81.6	0.0	-1.0	1.0	bbox	1171	88.1	88.1	88.1	39,115,3,4	36.0	39.4827912	73.5852186	4611.2
1173	1173	2.205	стакан-марка-красная	12.2	44.7	снег-пересвеченный	0.472	94.5	-1.0	-1.0	1.4	bbox	1172	167.3	167.3	167.3	1006,637,3,5	36.0	39.4827086	73.5847491	4591.9
1174	1174	2.152	стакан-марка-красная	15.2	28.2	снег-освещённый	0.431	78.0	-4.0	-1.5	4.3	bbox	1173	30.0	30.0	31.0	405,721,2,6	35.9	39.4827892	73.5852203	4611.3
1175	1175	1.406	стакан-марка-красная	11.0	7.5	снег-розовый	0.808	57.3	0.0	0.0	0.0	bbox	1174	117.2	117.2	117.2	382,8,3,3	35.8	39.4827901	73.5852167	4611.2
1176	1176	2.148	стакан-марка-красная	12.4	41.8	снег-пересвеченный	0.397	91.6	-1.0	-2.0	2.2	bbox	1175	27.0	27.0	27.0	1739,1068,4,3	35.7	39.4827883	73.5852210	4611.2
1177	1177	1.677	стакан-марка-красная	11.0	26.7	снег-освещённый	0.199	76.5	0.0	0.0	0.0	bbox	1176	143.2	143.2	143.2	1217,491,2,6	35.7	39.4827905	73.5852162	4611.2
1178	1178	1.783	стакан-марка-красная	11.0	31.6	снег-освещённый	0.127	81.4	0.0	0.0	0.0	bbox	1177	164.3	164.3	164.3	364,527,3,4	35.7	39.4826754	73.5847064	4591.8
1179	1179	1.515	рюкзак-синий	10.0	23.7	порода-в-тени	0.653	15.1	2.0	-4.0	4.5	bbox	1178	139.2	139.2	139.2	1846,417,5,2	35.6	39.4827892	73.5852175	4611.2
1180	1180	2.150	стакан-марка-красная	16.5	17.1	снег-освещённый	0.943	66.9	-5.0	5.0	7.1	bbox	1179	162.3	162.3	162.3	1393,17,4,4	35.4	39.4826479	73.5846514	4592.0
1181	1181	1.648	стакан-марка-красная	11.4	23.1	снег-освещённый	0.396	72.9	0.0	-2.0	2.0	bbox	1180	19.0	19.0	19.0	387,612,3,4	35.3	39.4827886	73.5852195	4611.3
1182	1182	2.188	стакан-марка-красная	12.9	41.6	снег-пересвеченный	0.338	91.4	-1.5	-2.0	2.5	bbox	1181	114.2	114.2	114.2	1630,827,3,4	34.8	39.4827897	73.5852173	4611.2
1183	1183	2.047	стакан-марка-красная	12.0	38.8	снег-освещённый	0.280	88.6	-1.0	0.0	1.0	bbox	1182	135.2	135.2	135.2	67,745,4,4	34.7	39.4827913	73.5852170	4611.2
1184	1184	1.503	рюкзак-синий	11.2	15.5	порода-в-тени	0.298	23.3	-1.0	-3.0	3.2	bbox	1183	18.0	18.0	18.0	1331,417,2,6	34.6	39.4827884	73.5852193	4611.3
1185	1185	2.031	стакан-марка-красная	13.0	34.1	снег-пересвеченный	0.462	83.9	-1.0	-4.0	4.1	bbox	1184	88.1	88.1	88.1	1833,816,8,3	34.6	39.4827912	73.5852186	4611.2
1186	1186	1.869	стакан-марка-красная	12.4	29.4	снег-освещённый	0.256	79.2	-1.0	-2.0	2.2	bbox	1185	35.1	35.1	35.1	50,144,3,6	34.3	39.4827910	73.5852186	4611.2
1187	1187	1.225	рюкзак-синий	9.7	4.7	снег-в-тени	0.480	43.5	-1.0	-4.5	4.6	bbox	1186	9.0	9.0	9.0	588,450,3,4	34.2	39.4827910	73.5852169	4611.3
1188	1188	2.287	стакан-марка-красная	12.6	46.3	снег-пересвеченный	0.423	96.1	-1.0	-3.0	3.2	bbox	1187	56.1	56.1	56.1	901,1004,4,3	34.2	39.4827951	73.5852187	4611.2
1189	1189	2.362	стакан-марка-красная	15.1	39.6	снег-пересвеченный	0.254	89.4	-4.0	-1.0	4.1	bbox	1188	105.2	102.2	105.2	1466,593,3,4	34.2	39.4827890	73.5852166	4611.2
1190	1190	1.927	стакан-марка-красная	11.0	37.7	снег-освещённый	0.268	87.5	0.0	0.0	0.0	bbox	1189	135.2	135.2	135.2	306,424,3,4	34.2	39.4827913	73.5852170	4611.2
1191	1191	0.835	стакан-марка-красная	6.4	6.7	снег-в-тени	1.021	43.1	7.0	-4.0	8.1	bbox	1190	90.1	90.1	90.1	1547,690,3,3	34.0	39.4827904	73.5852189	4611.2
1192	1192	1.898	стакан-марка-красная	11.5	34.5	порода-в-тени	0.290	15.3	-0.5	0.0	0.5	bbox	1191	135.2	135.2	135.2	1810,952,4,3	34.0	39.4827913	73.5852170	4611.2
1193	1193	0.946	рюкзак-синий	7.3	7.2	снег-в-тени	0.606	31.6	-1.0	-7.0	7.1	bbox	1192	31.0	31.0	31.0	150,891,3,4	33.8	39.4827896	73.5852197	4611.2
1194	1194	1.190	рюкзак-синий	8.1	17.3	снег-в-тени	0.392	56.1	-0.5	-6.0	6.0	bbox	1193	93.1	93.1	93.1	281,89,5,2	33.8	39.4827914	73.5852191	4611.2
1195	1195	2.135	стакан-марка-красная	12.2	42.0	снег-освещённый	0.411	91.8	-1.0	-1.0	1.4	bbox	1194	59.1	59.1	59.1	1647,413,3,4	33.3	39.4827927	73.5852183	4611.2
1196	1196	1.914	стакан-марка-красная	12.6	30.2	снег-освещённый	0.376	80.0	-1.0	-3.0	3.2	bbox	1195	18.0	18.0	18.0	1168,226,3,5	33.2	39.4827884	73.5852193	4611.3
1197	1197	2.241	стакан-марка-красная	11.0	49.4	снег-освещённый	0.669	99.2	0.0	0.0	0.0	bbox	1196	141.2	141.2	141.2	1881,29,4,4	33.2	39.4827896	73.5852173	4611.2
1198	1198	2.286	стакан-марка-красная	16.0	31.0	снег-освещённый	0.515	80.8	-5.0	1.0	5.1	bbox	1197	107.2	107.2	107.2	1489,462,4,3	33.1	39.4827883	73.5852174	4611.2
1199	1199	1.577	рюкзак-синий	7.0	36.7	снег-освещённый	0.915	75.5	0.5	-7.0	7.0	bbox	1198	153.2	153.2	153.2	31,681,2,6	33.1	39.4828831	73.5848732	4602.6
1200	1200	1.766	рюкзак-синий	9.2	37.5	снег-освещённый	0.646	76.3	-1.0	-5.0	5.1	bbox	1199	18.0	18.0	18.0	1121,411,4,6	32.9	39.4827884	73.5852193	4611.3
1201	1201	2.330	стакан-марка-красная	12.0	49.8	снег-пересвеченный	0.620	99.6	-1.0	0.0	1.0	bbox	1200	44.1	44.1	44.1	1369,599,2,6	32.8	39.4827940	73.5852169	4611.2
1202	1202	2.082	стакан-марка-красная	11.0	43.7	порода-в-тени	0.599	6.1	0.0	0.5	0.5	bbox	1201	40.1	40.1	40.1	1656,374,2,5	32.3	39.4827932	73.5852163	4611.3
1203	1203	1.553	стакан-марка-красная	11.0	20.2	снег-розовый	0.390	70.0	0.0	1.0	1.0	bbox	1202	55.1	55.1	55.1	1702,289,3,4	32.3	39.4827955	73.5852191	4611.2
1204	1204	1.531	стакан-марка-красная	11.0	18.8	снег-розовый	0.425	68.6	0.0	1.0	1.0	bbox	1203	91.1	91.1	91.1	262,379,3,3	32.3	39.4827903	73.5852190	4611.2
1205	1205	2.077	рюкзак-синий	8.4	50.2	снег-пересвеченный	0.491	89.0	-1.5	-6.0	6.2	bbox	1204	139.2	139.2	139.2	1543,723,6,2	32.3	39.4827892	73.5852175	4611.2
1206	1206	1.701	рюкзак-синий	11.3	26.6	порода-в-тени	0.391	12.2	-1.5	-3.0	3.4	bbox	1205	15.0	15.0	15.0	1483,260,3,4	32.2	39.4827893	73.5852184	4611.3
1207	1207	2.259	рюкзак-синий	15.3	33.7	порода-в-тени	0.601	5.1	-2.0	1.0	2.2	bbox	1206	59.1	53.1	59.1	1605,784,2,4	31.8	39.4827927	73.5852183	4611.2
1208	1208	1.815	рюкзак-синий	11.4	31.3	порода-в-тени	0.589	7.5	-3.5	-3.5	4.9	bbox	1207	116.2	116.2	116.2	1064,441,5,2	31.8	39.4827900	73.5852170	4611.2
1209	1209	1.458	стакан-марка-красная	11.4	8.6	снег-в-тени	0.841	58.4	0.0	-2.0	2.0	bbox	1208	12.0	11.0	12.0	113,113,3,3	31.7	39.4827897	73.5852181	4611.3
1210	1210	1.908	стакан-марка-красная	11.0	36.9	снег-освещённый	0.244	86.7	0.0	0.0	0.0	bbox	1209	138.2	138.2	138.2	1483,995,3,3	31.7	39.4827896	73.5852175	4611.2
1211	1211	2.307	стакан-марка-красная	13.2	45.3	снег-пересвеченный	0.388	95.1	-2.0	-1.0	2.2	bbox	1210	6.0	6.0	6.0	1831,921,2,5	31.6	39.4827921	73.5852158	4611.2
1212	1212	1.634	стакан-марка-красная	9.6	31.0	порода-в-тени	0.621	18.8	1.5	2.5	2.9	bbox	1211	132.2	132.2	132.2	1825,796,5,2	31.6	39.4827914	73.5852170	4611.2
1213	1213	2.163	стакан-марка-красная	14.1	34.9	снег-освещённый	0.312	84.7	-3.0	-1.0	3.2	bbox	1212	145.2	145.2	145.2	1006,188,3,5	31.1	39.4827911	73.5852157	4611.2
1214	1214	1.951	стакан-марка-красная	12.4	33.3	снег-освещённый	0.264	83.1	-1.0	-2.0	2.2	bbox	1213	35.1	35.1	35.1	14,197,3,4	31.0	39.4827910	73.5852186	4611.2
1215	1215	2.417	стакан-марка-красная	15.0	42.6	снег-пересвеченный	0.380	92.4	-4.0	0.0	4.0	bbox	1214	1.0	1.0	1.0	278,125,4,4	30.8	39.4827946	73.5852142	4611.2
1216	1216	1.305	рюкзак-синий	10.2	7.9	снег-в-тени	0.517	46.7	-1.0	-4.0	4.1	bbox	1215	20.0	20.0	20.0	724,787,3,5	30.8	39.4827886	73.5852193	4611.3
1217	1217	1.084	рюкзак-синий	8.2	9.4	снег-в-тени	0.714	29.4	-1.0	-6.0	6.1	bbox	1216	154.2	154.2	154.2	338,289,4,3	30.7	39.4828861	73.5847815	4600.6
1218	1218	2.198	стакан-марка-красная	12.4	43.7	снег-пересвеченный	0.409	93.5	-1.0	-2.0	2.2	bbox	1217	41.1	41.1	41.1	1277,734,4,3	30.6	39.4827936	73.5852162	4611.3
1219	1219	2.030	стакан-марка-красная	13.2	33.3	снег-освещённый	0.195	83.1	-2.0	-1.0	2.2	bbox	1218	120.2	118.2	120.2	1865,711,6,2	30.6	39.4827901	73.5852173	4611.2
1220	1220	1.657	рюкзак-синий	10.7	27.4	порода-в-тени	0.466	11.4	-1.0	-3.5	3.6	bbox	1219	15.0	15.0	15.0	1200,98,3,4	30.4	39.4827893	73.5852184	4611.3
1221	1221	1.972	стакан-марка-красная	11.0	39.4	порода-в-тени	0.454	10.4	0.0	0.0	0.0	bbox	1220	134.2	134.2	134.2	1430,957,3,4	30.4	39.4827918	73.5852170	4611.2
1222	1222	1.899	стакан-марка-красная	12.5	30.0	порода-в-тени	0.141	19.8	-1.5	0.0	1.5	bbox	1221	126.2	126.2	126.2	332,198,2,4	30.3	39.4827894	73.5852178	4611.2
1223	1223	1.902	рюкзак-синий	13.0	27.4	порода-в-тени	0.408	11.4	0.0	-1.0	1.0	bbox	1222	134.2	133.2	134.2	1534,898,3,3	30.3	39.4827918	73.5852170	4611.2
1224	1224	2.117	стакан-марка-красная	10.4	46.7	снег-освещённый	0.662	96.5	1.0	-2.0	2.2	bbox	1223	62.1	62.1	63.1	1767,112,3,3	30.2	39.4827918	73.5852176	4611.2
1225	1225	1.516	стакан-марка-красная	11.8	10.2	снег-освещённый	0.769	60.0	-0.5	-1.5	1.6	bbox	1224	96.2	95.2	96.2	285,958,4,3	30.2	39.4827928	73.5852182	4611.2
1226	1226	1.480	стакан-марка-красная	11.0	15.3	снег-розовый	0.527	65.1	0.0	1.0	1.0	bbox	1225	91.1	91.1	91.1	232,432,3,3	30.1	39.4827903	73.5852190	4611.2
1227	1227	0.741	рюкзак-синий	5.6	6.9	снег-в-тени	0.098	45.7	0.0	-8.5	8.5	bbox	1226	163.3	163.3	163.3	1191,599,4,2	29.9	39.4826608	73.5846818	4591.9
1228	1228	1.524	стакан-марка-красная	11.0	18.0	снег-освещённый	0.479	67.8	0.0	0.0	0.0	bbox	1227	165.3	165.3	165.3	959,329,3,4	29.8	39.4826891	73.5847260	4591.8
1229	1229	1.518	стакан-марка-красная	12.0	5.5	снег-освещённый	0.911	55.3	-1.0	0.0	1.0	bbox	1228	154.2	154.2	154.2	1143,1034,3,4	29.7	39.4828861	73.5847815	4600.6
1230	1230	1.370	рюкзак-синий	8.7	23.2	снег-в-тени	0.608	62.0	-1.0	-5.5	5.6	bbox	1229	40.1	40.1	40.1	1452,331,3,6	29.6	39.4827932	73.5852163	4611.3
1231	1231	1.774	рюкзак-синий	12.6	22.5	порода-в-тени	0.230	16.3	-3.0	-2.0	3.6	bbox	1230	46.1	46.1	46.1	157,833,4,2	29.6	39.4827932	73.5852184	4611.2
1232	1232	2.095	стакан-марка-красная	13.0	36.9	порода-в-тени	0.460	12.9	-2.0	2.0	2.8	bbox	1231	140.2	140.2	140.2	1531,1067,4,2	29.6	39.4827892	73.5852174	4611.2
1233	1233	2.174	стакан-марка-красная	15.0	30.6	снег-освещённый	0.375	80.4	-4.0	0.0	4.0	bbox	1232	142.2	142.2	142.2	779,116,3,5	29.5	39.4827899	73.5852166	4611.2
1234	1234	2.131	стакан-марка-красная	12.0	42.3	порода-в-тени	0.572	7.5	-1.0	1.5	1.8	bbox	1233	42.1	42.1	42.1	1852,207,3,4	29.3	39.4827940	73.5852162	4611.3
1235	1235	1.370	стакан-марка-красная	10.5	10.4	порода-в-тени	0.758	39.4	0.5	0.0	0.5	bbox	1234	55.1	55.1	55.1	1865,1076,3,4	29.3	39.4827955	73.5852191	4611.2
1236	1236	1.639	стакан-марка-красная	11.5	21.8	снег-освещённый	0.336	71.6	-0.5	0.0	0.5	bbox	1235	55.1	55.1	55.1	1874,333,4,2	29.2	39.4827955	73.5852191	4611.2
1237	1237	1.726	стакан-марка-красная	13.2	14.7	снег-освещённый	0.608	64.5	-2.0	-1.0	2.2	bbox	1236	142.2	142.2	142.2	387,430,4,3	29.2	39.4827899	73.5852166	4611.2
1238	1238	1.025	рюкзак-синий	8.0	6.3	снег-в-тени	0.296	45.1	1.0	-6.0	6.1	bbox	1237	9.0	9.0	9.0	765,114,2,4	28.8	39.4827910	73.5852169	4611.3
1239	1239	1.962	стакан-марка-красная	13.2	30.0	снег-освещённый	0.180	79.8	-2.0	-1.0	2.2	bbox	1238	40.1	40.1	40.1	1874,331,3,4	28.8	39.4827932	73.5852163	4611.3
1240	1240	2.151	стакан-марка-красная	13.3	38.0	снег-пересвеченный	0.296	87.8	-2.0	-2.0	2.8	bbox	1239	140.2	138.2	140.2	1093,702,4,3	28.8	39.4827892	73.5852174	4611.2
1241	1241	1.751	рюкзак-синий	12.2	24.3	порода-в-тени	0.275	14.5	-1.0	-2.0	2.2	bbox	1240	145.2	145.2	145.2	1773,238,5,3	28.8	39.4827911	73.5852157	4611.2
1242	1242	1.955	стакан-марка-красная	12.7	32.2	снег-освещённый	0.146	82.0	-1.5	-1.0	1.8	bbox	1241	36.1	35.1	36.1	585,451,2,6	28.7	39.4827913	73.5852180	4611.2
1243	1243	1.726	стакан-марка-красная	11.0	29.0	снег-освещённый	0.144	78.8	0.0	0.0	0.0	bbox	1242	143.2	143.2	143.2	1078,724,3,3	28.7	39.4827905	73.5852162	4611.2
1244	1244	1.737	стакан-марка-красная	12.5	21.0	снег-освещённый	0.363	70.8	-1.5	0.0	1.5	bbox	1243	154.2	154.2	154.2	751,12,2,5	28.7	39.4828861	73.5847815	4600.6
1245	1245	2.285	стакан-марка-красная	13.3	43.7	снег-пересвеченный	0.298	93.5	-2.0	-2.0	2.8	bbox	1244	2.0	2.0	2.0	1577,66,2,5	28.6	39.4827944	73.5852145	4611.2
1246	1246	1.647	стакан-марка-красная	12.4	15.9	снег-освещённый	0.595	65.7	-1.0	-2.0	2.2	bbox	1245	81.1	81.1	81.1	1350,987,4,3	28.6	39.4827917	73.5852170	4611.2
1247	1247	1.759	стакан-марка-красная	10.5	32.7	порода-в-тени	0.383	17.1	0.5	0.5	0.7	bbox	1246	132.2	132.2	132.2	119,213,2,4	28.6	39.4827914	73.5852170	4611.2
1248	1248	1.468	стакан-марка-красная	11.2	12.6	снег-освещённый	0.682	62.4	0.0	-1.0	1.0	bbox	1247	1.0	1.0	1.0	785,97,5,2	28.5	39.4827946	73.5852142	4611.2
1249	1249	1.535	стакан-марка-красная	11.0	19.0	снег-розовый	0.406	68.8	0.0	1.5	1.5	bbox	1248	55.1	54.1	55.1	47,457,2,5	28.4	39.4827955	73.5852191	4611.2
1250	1250	1.967	стакан-марка-красная	11.0	39.2	снег-освещённый	0.319	89.0	0.0	0.0	0.0	bbox	1249	135.2	135.2	135.2	390,132,3,3	28.4	39.4827913	73.5852170	4611.2
1251	1251	1.971	стакан-марка-красная	11.9	36.3	снег-освещённый	0.319	86.1	-0.5	-2.0	2.1	bbox	1250	57.1	57.1	57.1	1795,19,4,4	28.3	39.4827941	73.5852186	4611.2
1252	1252	1.201	рюкзак-синий	8.2	17.2	порода-в-тени	0.639	21.6	-1.0	-6.0	6.1	bbox	1251	13.0	13.0	13.0	406,451,2,4	28.2	39.4827894	73.5852180	4611.3
1253	1253	1.345	рюкзак-синий	10.6	6.6	порода-в-тени	0.566	32.2	-2.5	-4.0	4.7	bbox	1252	26.0	26.0	26.0	277,715,2,4	28.2	39.4827882	73.5852212	4611.3
1254	1254	2.082	стакан-марка-красная	12.4	39.0	снег-освещённый	0.380	88.8	-1.0	-2.0	2.2	bbox	1253	131.2	130.2	131.2	1785,261,4,2	28.2	39.4827912	73.5852169	4611.2
1255	1255	1.339	рюкзак-синий	9.7	15.9	порода-в-тени	0.464	22.9	-1.0	-4.5	4.6	bbox	1254	13.0	13.0	13.0	407,555,2,4	28.1	39.4827894	73.5852180	4611.3
1256	1256	1.470	стакан-марка-красная	11.0	14.1	снег-розовый	0.603	63.9	0.0	0.0	0.0	bbox	1255	55.1	55.1	55.1	1666,169,6,3	28.1	39.4827955	73.5852191	4611.2
1257	1257	2.061	стакан-марка-красная	13.0	35.5	снег-пересвеченный	0.438	85.3	-1.0	-4.0	4.1	bbox	1256	130.2	130.2	130.2	1749,414,2,5	28.1	39.4827908	73.5852174	4611.2
1258	1258	1.503	стакан-марка-красная	12.0	1.8	снег-розовый	1.020	51.6	-1.0	0.5	1.1	bbox	1257	142.2	142.2	142.2	609,593,3,4	28.0	39.4827899	73.5852166	4611.2
1259	1259	2.149	рюкзак-синий	14.3	33.3	порода-в-тени	0.547	5.5	-2.0	0.0	2.0	bbox	1258	60.1	60.1	60.1	1792,914,3,3	27.9	39.4827920	73.5852179	4611.2
1260	1260	1.426	рюкзак-синий	9.5	22.2	снег-в-тени	0.652	61.0	-2.0	-5.0	5.4	bbox	1259	93.1	93.1	93.1	1787,843,6,6	27.9	39.4827914	73.5852191	4611.2
1261	1261	2.516	стакан-марка-красная	16.1	42.2	снег-пересвеченный	0.284	92.0	-5.0	-1.0	5.1	bbox	1260	102.2	102.2	102.2	1660,963,3,4	27.9	39.4827905	73.5852162	4611.2
1262	1262	2.264	стакан-марка-красная	14.1	39.6	снег-пересвеченный	0.283	89.4	-3.0	-1.0	3.2	bbox	1261	108.2	108.2	108.2	1578,127,2,6	27.9	39.4827882	73.5852174	4611.1
1263	1263	1.602	стакан-марка-красная	12.2	14.1	снег-освещённый	0.616	63.9	-1.0	-1.0	1.4	bbox	1262	1.0	0.0	1.0	737,135,4,6	27.8	39.4827946	73.5852142	4611.2
1264	1264	2.287	стакан-марка-красная	12.6	46.3	снег-пересвеченный	0.423	96.1	-1.0	-3.0	3.2	bbox	1263	73.1	71.1	73.1	1749,0,6,2	27.8	39.4827913	73.5852160	4611.2
1265	1265	1.792	стакан-марка-красная	11.0	32.0	снег-освещённый	0.130	81.8	0.0	0.0	0.0	bbox	1264	70.1	70.1	70.1	1814,394,4,4	27.7	39.4827930	73.5852156	4611.2
1266	1266	2.047	стакан-марка-красная	12.0	38.8	снег-освещённый	0.280	88.6	-1.0	0.0	1.0	bbox	1265	135.2	135.2	135.2	341,334,3,3	27.7	39.4827913	73.5852170	4611.2
1267	1267	1.384	стакан-марка-красная	11.0	4.3	снег-розовый	0.884	54.1	0.0	1.0	1.0	bbox	1266	142.2	142.2	142.2	529,141,3,3	27.7	39.4827899	73.5852166	4611.2
1268	1268	1.401	стакан-марка-красная	11.0	7.3	снег-розовый	0.778	57.1	0.0	1.5	1.5	bbox	1267	142.2	142.2	142.2	662,531,2,4	27.3	39.4827899	73.5852166	4611.2
1269	1269	1.539	стакан-марка-красная	11.2	18.0	снег-освещённый	0.495	67.8	0.0	-1.0	1.0	bbox	1268	63.1	63.1	63.1	1633,146,3,4	27.1	39.4827919	73.5852173	4611.2
1270	1270	1.343	стакан-марка-красная	10.6	6.3	снег-в-тени	0.759	56.1	1.0	-2.5	2.7	bbox	1269	20.0	20.0	20.0	292,276,3,4	27.0	39.4827886	73.5852193	4611.3
1271	1271	2.130	рюкзак-синий	14.3	32.3	порода-в-тени	0.513	6.5	-2.0	0.0	2.0	bbox	1270	60.1	60.1	64.1	1816,745,2,4	26.9	39.4827920	73.5852179	4611.2
1272	1272	2.216	рюкзак-синий	15.3	31.3	порода-в-тени	0.526	7.5	-2.0	1.0	2.2	bbox	1271	64.1	64.1	64.1	1816,1015,3,3	26.9	39.4827922	73.5852168	4611.2
1273	1273	1.203	рюкзак-синий	8.5	15.7	снег-в-тени	0.399	54.5	0.5	-5.5	5.5	bbox	1272	93.1	93.1	93.1	131,529,2,4	26.9	39.4827914	73.5852191	4611.2
1274	1274	2.273	стакан-марка-красная	15.1	35.3	снег-пересвеченный	0.318	85.1	-4.0	-1.0	4.1	bbox	1273	100.2	100.2	100.2	1875,151,5,2	26.9	39.4827918	73.5852162	4611.2
1275	1275	2.211	стакан-марка-красная	13.0	42.0	снег-пересвеченный	0.397	91.8	-1.0	-4.0	4.1	bbox	1274	113.2	113.2	113.2	1428,910,4,3	26.9	39.4827891	73.5852173	4611.2
1276	1276	1.889	стакан-марка-красная	11.0	36.1	снег-освещённый	0.333	85.9	0.0	2.0	2.0	bbox	1275	135.2	135.2	135.2	1739,640,6,3	26.9	39.4827913	73.5852170	4611.2
1277	1277	1.174	рюкзак-синий	8.7	12.1	порода-в-тени	0.618	26.7	-1.0	-5.5	5.6	bbox	1276	14.0	14.0	14.0	311,755,2,4	26.7	39.4827894	73.5852180	4611.3
1278	1278	1.681	стакан-марка-красная	11.5	24.1	снег-освещённый	0.253	73.9	-0.5	0.0	0.5	bbox	1277	57.1	57.1	57.1	1854,0,2,4	26.6	39.4827941	73.5852186	4611.2
1279	1279	2.352	стакан-марка-красная	14.3	42.7	снег-пересвеченный	0.190	92.5	-3.0	-2.0	3.6	bbox	1278	141.2	140.2	142.2	1025,918,4,3	26.6	39.4827896	73.5852173	4611.2
1280	1280	1.447	стакан-марка-красная	11.5	2.9	снег-розовый	0.974	52.7	-0.5	0.0	0.5	bbox	1279	113.2	113.2	113.2	1201,673,2,4	26.5	39.4827891	73.5852173	4611.2
1281	1281	2.180	стакан-марка-красная	12.2	43.7	снег-пересвеченный	0.463	93.5	-1.0	-1.0	1.4	bbox	1280	162.3	162.3	162.3	878,7,3,4	26.5	39.4826479	73.5846514	4592.0
1282	1282	1.561	рюкзак-синий	11.5	16.6	порода-в-тени	0.265	22.2	-2.5	-3.0	3.9	bbox	1281	145.2	145.2	145.2	1045,702,4,3	26.4	39.4827911	73.5852157	4611.2
1283	1283	1.726	стакан-марка-красная	12.9	17.7	снег-освещённый	0.542	67.5	-1.5	-2.0	2.5	bbox	1282	35.1	35.1	35.1	175,5,2,5	26.3	39.4827910	73.5852186	4611.2
1284	1284	1.914	стакан-марка-красная	12.2	32.6	снег-освещённый	0.137	82.4	-1.0	-1.0	1.4	bbox	1283	127.2	127.2	127.2	1230,942,3,3	26.2	39.4827896	73.5852177	4611.2
1285	1285	1.981	стакан-марка-красная	12.0	36.1	снег-освещённый	0.182	85.9	-1.0	0.0	1.0	bbox	1284	135.2	135.2	135.2	311,275,2,4	26.1	39.4827913	73.5852170	4611.2
1286	1286	1.758	стакан-марка-красная	12.6	22.0	снег-освещённый	0.335	71.8	-1.5	-0.5	1.6	bbox	1285	64.1	64.1	64.1	188,365,3,4	26.0	39.4827922	73.5852168	4611.2
1287	1287	1.022	рюкзак-синий	8.1	4.7	снег-в-тени	0.549	34.1	0.0	-6.0	6.0	bbox	1286	20.0	20.0	20.0	455,779,2,4	25.9	39.4827886	73.5852193	4611.3
1288	1288	2.243	стакан-марка-красная	13.0	43.1	порода-в-тени	0.617	6.7	-2.0	2.0	2.8	bbox	1287	64.1	64.1	64.1	1864,1066,2,3	25.7	39.4827922	73.5852168	4611.2
1289	1289	1.683	стакан-марка-красная	12.2	20.2	снег-освещённый	0.405	70.0	-1.0	-1.0	1.4	bbox	1288	20.0	20.0	20.0	1181,797,4,3	25.6	39.4827886	73.5852193	4611.3
1290	1290	1.493	стакан-марка-красная	11.0	15.9	снег-розовый	0.493	65.7	0.0	2.0	2.0	bbox	1289	56.1	56.1	56.1	32,537,2,4	25.6	39.4827951	73.5852187	4611.2
1291	1291	1.533	стакан-марка-красная	12.1	7.1	снег-освещённый	0.857	56.9	-1.0	-0.5	1.1	bbox	1290	113.2	113.2	113.2	1115,697,4,2	25.5	39.4827891	73.5852173	4611.2
1292	1292	1.616	стакан-марка-красная	12.4	13.1	снег-освещённый	0.685	62.9	-1.0	-2.0	2.2	bbox	1291	14.0	14.0	17.0	18,253,2,4	25.4	39.4827894	73.5852180	4611.3
1293	1293	2.112	стакан-марка-красная	14.3	31.4	снег-освещённый	0.354	81.2	-3.0	-2.0	3.6	bbox	1292	93.1	93.1	93.1	442,833,3,4	25.3	39.4827914	73.5852191	4611.2
1294	1294	2.215	стакан-марка-красная	13.2	41.6	порода-в-тени	0.662	8.2	-2.0	3.0	3.6	bbox	1293	60.1	60.1	60.1	1583,567,4,3	25.2	39.4827920	73.5852179	4611.2
1295	1295	1.675	стакан-марка-красная	11.1	26.3	снег-освещённый	0.219	76.1	0.0	-0.5	0.5	bbox	1294	88.1	88.1	88.1	383,602,2,5	25.2	39.4827912	73.5852186	4611.2
1296	1296	1.437	рюкзак-синий	11.4	4.7	снег-в-тени	0.768	43.5	-4.5	-4.0	6.0	bbox	1295	117.2	117.2	117.2	1689,555,4,2	25.0	39.4827901	73.5852167	4611.2
1297	1297	1.474	рюкзак-синий	10.7	17.4	порода-в-тени	0.338	21.4	-1.0	-3.5	3.6	bbox	1296	13.0	13.0	13.0	695,515,2,3	24.8	39.4827894	73.5852180	4611.3
1298	1298	1.606	стакан-марка-красная	11.0	22.9	снег-освещённый	0.314	72.7	0.0	0.0	0.0	bbox	1297	109.2	109.2	109.2	126,155,2,3	24.8	39.4827881	73.5852173	4611.2
1299	1299	1.601	стакан-марка-красная	11.5	19.4	снег-розовый	0.433	69.2	-0.5	2.0	2.1	bbox	1298	140.2	140.2	140.2	537,927,4,2	24.8	39.4827892	73.5852174	4611.2
1300	1300	1.381	стакан-марка-красная	11.0	0.6	снег-в-тени	1.004	50.4	0.0	0.0	0.0	bbox	1299	91.1	91.1	91.1	303,213,2,4	24.7	39.4827903	73.5852190	4611.2
1301	1301	1.523	стакан-марка-красная	12.2	2.4	снег-розовый	0.991	52.2	-1.0	3.0	3.2	bbox	1300	2.0	2.0	2.0	254,42,3,3	24.6	39.4827944	73.5852145	4611.2
1302	1302	1.556	стакан-марка-красная	12.4	4.9	снег-в-тени	0.799	54.7	-1.0	-2.0	2.2	bbox	1301	5.0	5.0	5.0	1708,391,5,2	24.6	39.4827926	73.5852150	4611.3
1303	1303	2.168	стакан-марка-красная	13.2	39.2	снег-пересвеченный	0.318	89.0	-2.0	-1.5	2.5	bbox	1302	6.0	6.0	6.0	1903,763,2,4	24.6	39.4827921	73.5852158	4611.2
1304	1304	1.398	стакан-марка-красная	11.0	6.1	снег-розовый	0.852	55.9	0.0	0.0	0.0	bbox	1303	91.1	91.1	91.1	274,344,2,4	24.6	39.4827903	73.5852190	4611.2
1305	1305	2.363	стакан-марка-красная	13.3	46.9	снег-пересвеченный	0.354	96.7	-2.0	-2.0	2.8	bbox	1304	117.2	117.2	117.2	1585,791,4,3	24.6	39.4827901	73.5852167	4611.2
1306	1306	1.486	стакан-марка-красная	11.9	1.2	снег-в-тени	0.761	51.0	-0.5	-2.0	2.1	bbox	1305	40.1	40.1	40.1	1665,73,4,4	24.5	39.4827932	73.5852163	4611.3
1307	1307	1.609	стакан-марка-красная	11.0	23.1	снег-освещённый	0.307	72.9	0.0	0.0	0.0	bbox	1306	60.1	60.1	62.1	1720,304,3,3	24.5	39.4827920	73.5852179	4611.2
1308	1308	1.503	рюкзак-синий	11.2	15.5	порода-в-тени	0.298	23.3	-1.0	-3.0	3.2	bbox	1307	2.0	2.0	2.0	1113,413,2,4	24.4	39.4827944	73.5852145	4611.2
1309	1309	1.770	стакан-марка-красная	12.0	26.1	снег-освещённый	0.306	75.9	-1.0	2.0	2.2	bbox	1308	60.1	60.1	64.1	369,93,2,4	24.4	39.4827920	73.5852179	4611.2
1310	1310	1.684	стакан-марка-красная	11.5	24.3	снег-освещённый	0.247	74.1	-0.5	0.0	0.5	bbox	1309	131.2	131.2	131.2	567,90,2,4	24.4	39.4827912	73.5852169	4611.2
1311	1311	1.996	стакан-марка-красная	12.0	36.9	порода-в-тени	0.386	12.9	-1.0	1.0	1.4	bbox	1310	131.2	131.2	132.2	1704,743,3,5	24.4	39.4827912	73.5852169	4611.2
1312	1312	1.258	рюкзак-синий	9.2	14.1	снег-в-тени	0.436	52.9	-1.0	-5.0	5.1	bbox	1311	4.0	4.0	4.0	441,470,3,3	24.2	39.4827930	73.5852148	4611.3
1313	1313	1.302	рюкзак-синий	7.6	24.7	снег-в-тени	0.596	63.5	-0.5	-6.5	6.5	bbox	1312	154.2	154.2	154.2	1801,595,2,4	24.2	39.4828861	73.5847815	4600.6
1314	1314	2.334	стакан-марка-красная	13.9	43.5	снег-пересвеченный	0.296	93.3	-2.0	-4.0	4.5	bbox	1313	83.1	83.1	83.1	1548,700,3,2	24.0	39.4827927	73.5852173	4611.2
1315	1315	2.287	стакан-марка-красная	12.6	46.3	снег-пересвеченный	0.423	96.1	-1.0	-3.0	3.2	bbox	1314	115.2	115.2	115.2	1779,396,3,3	24.0	39.4827900	73.5852172	4611.2
1316	1316	2.109	стакан-марка-красная	13.0	37.7	снег-пересвеченный	0.411	87.5	-1.0	-4.0	4.1	bbox	1315	131.2	131.2	131.2	1838,610,3,3	24.0	39.4827912	73.5852169	4611.2
1317	1317	1.696	рюкзак-синий	13.5	5.9	порода-в-тени	0.906	44.7	-4.0	-1.5	4.3	bbox	1316	4.0	4.0	4.0	423,15,7,2	23.9	39.4827930	73.5852148	4611.3
1318	1318	1.760	стакан-марка-красная	14.1	0.4	снег-в-тени	1.011	49.4	-3.0	-0.5	3.0	bbox	1317	29.0	29.0	29.0	169,307,2,4	23.8	39.4827887	73.5852204	4611.2
1319	1319	2.371	стакан-марка-красная	12.5	49.8	снег-пересвеченный	0.585	99.6	-1.5	0.0	1.5	bbox	1318	131.2	131.2	131.2	1405,255,4,2	23.7	39.4827912	73.5852169	4611.2
1320	1320	2.220	палка-древко-контроль	13.8	39.0	снег-пересвеченный	0.423	80.6	-5.0	-1.5	5.2	bbox	1319	18.0	18.0	18.0	977,427,2,4	23.6	39.4827884	73.5852193	4611.3
1321	1321	1.702	стакан-марка-красная	11.0	27.8	снег-освещённый	0.168	77.6	0.0	0.0	0.0	bbox	1320	116.2	116.2	116.2	113,9,3,3	23.5	39.4827900	73.5852170	4611.2
1322	1322	2.327	стакан-марка-красная	14.1	42.4	снег-пересвеченный	0.285	92.2	-3.0	-1.0	3.2	bbox	1321	109.2	106.2	110.2	1096,1007,5,2	23.3	39.4827881	73.5852173	4611.2
1323	1323	1.910	стакан-марка-красная	12.0	32.9	порода-в-тени	0.217	16.9	-1.0	0.0	1.0	bbox	1322	126.2	126.2	126.2	90,126,2,3	23.2	39.4827894	73.5852178	4611.2
1324	1324	1.860	стакан-марка-красная	12.0	30.6	снег-освещённый	0.015	80.4	-1.0	0.0	1.0	bbox	1323	126.2	126.2	126.2	1309,991,4,2	23.0	39.4827894	73.5852178	4611.2
1325	1325	1.244	рюкзак-синий	9.2	13.1	порода-в-тени	0.549	25.7	-1.0	-5.0	5.1	bbox	1324	19.0	19.0	19.0	455,931,2,4	22.8	39.4827886	73.5852195	4611.3
1326	1326	1.531	стакан-марка-красная	11.0	18.8	снег-розовый	0.425	68.6	0.0	1.0	1.0	bbox	1325	91.1	91.1	91.1	306,106,2,3	22.8	39.4827903	73.5852190	4611.2
1327	1327	2.263	стакан-марка-красная	14.6	37.7	снег-пересвеченный	0.168	87.5	-3.0	-3.0	4.2	bbox	1326	95.2	95.2	95.2	1775,1077,3,3	22.8	39.4827926	73.5852188	4611.2
1328	1328	1.937	стакан-марка-красная	11.0	38.0	порода-в-тени	0.416	11.8	0.0	0.0	0.0	bbox	1327	126.2	126.2	126.2	273,161,3,2	22.8	39.4827894	73.5852178	4611.2
1329	1329	2.381	стакан-марка-красная	13.2	48.2	снег-пересвеченный	0.442	98.0	-2.0	-1.0	2.2	bbox	1328	6.0	6.0	6.0	1871,1037,2,4	22.7	39.4827921	73.5852158	4611.2
1330	1330	1.630	рюкзак-синий	11.2	23.5	порода-в-тени	0.334	15.3	-1.0	-3.0	3.2	bbox	1329	145.2	145.2	145.2	824,937,3,3	22.7	39.4827911	73.5852157	4611.2
1331	1331	1.799	рюкзак-синий	13.2	19.8	порода-в-тени	0.080	19.0	-1.5	-1.0	1.8	bbox	1330	19.0	19.0	19.0	1419,451,3,2	22.6	39.4827886	73.5852195	4611.3
1332	1332	1.553	стакан-марка-красная	11.4	17.3	снег-освещённый	0.565	67.1	0.0	-2.0	2.0	bbox	1331	73.1	73.1	73.1	1554,225,3,3	22.5	39.4827913	73.5852160	4611.2
1333	1333	1.793	стакан-марка-красная	13.2	20.0	снег-освещённый	0.431	69.8	-2.0	-1.0	2.2	bbox	1332	1.0	1.0	1.0	652,40,3,3	22.4	39.4827946	73.5852142	4611.2
1334	1334	1.622	рюкзак-синий	11.5	20.8	порода-в-тени	0.271	18.0	-2.5	-3.0	3.9	bbox	1333	1.0	1.0	1.0	535,1021,2,4	22.3	39.4827946	73.5852142	4611.2
1335	1335	1.474	стакан-марка-красная	10.0	21.6	снег-розовый	0.255	71.4	1.0	2.0	2.2	bbox	1334	64.1	61.1	64.1	183,289,2,3	22.3	39.4827922	73.5852168	4611.2
1336	1336	1.349	рюкзак-синий	9.2	19.6	снег-в-тени	0.548	58.4	-1.0	-5.0	5.1	bbox	1335	94.1	94.1	94.1	41,902,3,3	22.2	39.4827921	73.5852191	4611.2
1337	1337	1.476	рюкзак-синий	10.2	20.8	снег-в-тени	0.666	59.6	-1.0	-4.0	4.1	bbox	1336	1.0	1.0	1.0	795,0,6,2	22.1	39.4827946	73.5852142	4611.2
1338	1338	1.439	рюкзак-синий	8.7	26.3	порода-в-тени	0.641	12.5	-1.0	-5.5	5.6	bbox	1337	35.1	35.1	35.1	1885,169,2,4	22.1	39.4827910	73.5852186	4611.2
1339	1339	1.590	стакан-марка-красная	12.4	10.4	снег-освещённый	0.777	60.2	-1.0	-2.0	2.2	bbox	1338	1.0	1.0	1.0	1134,707,3,4	21.9	39.4827946	73.5852142	4611.2
1340	1340	1.997	стакан-марка-красная	11.7	38.0	снег-освещённый	0.469	87.8	0.0	-3.0	3.0	bbox	1339	88.1	88.1	88.1	1768,912,3,3	21.9	39.4827912	73.5852186	4611.2
1341	1341	1.691	стакан-марка-красная	11.2	26.7	снег-освещённый	0.235	76.5	0.0	-1.0	1.0	bbox	1340	131.2	131.2	131.2	774,31,2,3	21.9	39.4827912	73.5852169	4611.2
1342	1342	1.250	рюкзак-синий	9.2	13.6	снег-в-тени	0.427	52.4	-1.0	-5.0	5.1	bbox	1341	29.0	29.0	29.0	1917,277,3,2	21.8	39.4827887	73.5852204	4611.2
1343	1343	0.964	рюкзак-синий	6.3	15.5	снег-в-тени	0.951	23.3	3.0	-8.0	8.5	bbox	1342	136.2	136.2	136.2	1883,258,2,3	21.8	39.4827906	73.5852174	4611.1
1344	1344	1.754	стакан-марка-красная	11.7	27.3	снег-освещённый	0.193	77.1	-0.5	-1.0	1.1	bbox	1343	138.2	138.2	140.2	220,498,3,2	21.7	39.4827896	73.5852175	4611.2
1345	1345	1.523	рюкзак-синий	10.2	23.4	снег-в-тени	0.727	62.2	-1.0	-4.0	4.1	bbox	1344	6.0	6.0	6.0	601,1041,2,3	21.6	39.4827921	73.5852158	4611.2
1346	1346	1.164	рюкзак-синий	8.1	16.3	снег-в-тени	0.361	55.1	0.0	-6.0	6.0	bbox	1345	13.0	13.0	13.0	867,195,2,3	21.6	39.4827894	73.5852180	4611.3
1347	1347	2.020	рюкзак-синий	8.2	48.7	снег-пересвеченный	0.542	87.5	-1.0	-6.0	6.1	bbox	1346	56.1	56.1	56.1	1404,534,3,3	21.6	39.4827951	73.5852187	4611.2
1348	1348	1.741	стакан-марка-красная	12.6	20.4	снег-освещённый	0.533	70.2	-1.0	-3.0	3.2	bbox	1347	26.0	26.0	26.0	119,901,2,4	21.5	39.4827882	73.5852212	4611.3
1349	1349	1.856	стакан-марка-красная	11.0	34.7	снег-освещённый	0.182	84.5	0.0	0.0	0.0	bbox	1348	166.3	166.3	166.3	193,104,2,3	21.4	39.4827003	73.5847402	4591.9
1350	1350	1.861	рюкзак-синий	11.4	33.5	порода-в-тени	0.595	5.3	-2.0	-3.0	3.6	bbox	1349	3.0	3.0	3.0	729,1073,3,2	21.1	39.4827936	73.5852146	4611.3
1351	1351	1.514	рюкзак-синий	8.1	31.4	снег-в-тени	0.840	70.2	-0.5	-6.0	6.0	bbox	1350	21.0	21.0	21.0	64,327,2,3	20.9	39.4827887	73.5852198	4611.3
1352	1352	1.982	стакан-марка-красная	11.0	39.8	снег-освещённый	0.338	89.6	0.0	0.0	0.0	bbox	1351	69.1	69.1	69.1	1666,428,2,3	20.9	39.4827931	73.5852159	4611.3
1353	1353	1.428	стакан-марка-красная	11.4	2.6	снег-в-тени	0.767	52.4	0.0	-2.0	2.0	bbox	1352	17.0	17.0	17.0	6,276,2,3	20.8	39.4827887	73.5852189	4611.3
1354	1354	2.037	стакан-марка-красная	13.3	32.7	снег-освещённый	0.286	82.5	-2.0	-2.0	2.8	bbox	1353	80.1	80.1	80.1	1107,875,4,4	20.6	39.4827918	73.5852169	4611.2
1355	1355	1.537	стакан-марка-красная	10.6	21.8	снег-розовый	0.292	71.6	0.5	2.5	2.5	bbox	1354	40.1	40.1	41.1	977,23,2,3	20.5	39.4827932	73.5852163	4611.3
1356	1356	1.752	стакан-марка-красная	11.0	30.2	снег-освещённый	0.128	80.0	0.0	0.0	0.0	bbox	1355	61.1	61.1	63.1	1868,59,3,2	20.3	39.4827920	73.5852177	4611.2
1357	1357	1.809	рюкзак-синий	13.5	18.6	порода-в-тени	0.063	20.2	-2.5	-1.0	2.7	bbox	1356	115.2	115.2	115.2	211,454,2,3	20.3	39.4827900	73.5852172	4611.2
1358	1358	1.835	стакан-марка-красная	10.0	37.4	порода-в-тени	0.489	12.4	1.0	0.0	1.0	bbox	1357	35.1	35.1	35.1	948,61,3,2	20.2	39.4827910	73.5852186	4611.2
1359	1359	1.652	стакан-марка-красная	12.4	16.3	снег-освещённый	0.582	66.1	-1.0	-2.0	2.2	bbox	1358	81.1	81.1	81.1	1311,1005,2,4	20.2	39.4827917	73.5852170	4611.2
1360	1360	2.334	стакан-марка-красная	14.3	42.0	снег-пересвеченный	0.182	91.8	-3.0	-2.0	3.6	bbox	1359	88.1	88.1	88.1	1739,73,4,2	20.1	39.4827912	73.5852186	4611.2
1361	1361	1.484	рюкзак-синий	10.8	17.3	снег-в-тени	0.663	56.1	-1.5	-3.5	3.8	bbox	1360	93.1	93.1	93.1	345,0,2,3	20.0	39.4827914	73.5852191	4611.2
1362	1362	2.288	стакан-марка-красная	15.0	36.7	снег-освещённый	0.431	86.5	-4.0	0.5	4.0	bbox	1361	130.2	130.2	130.2	1649,437,2,3	20.0	39.4827908	73.5852174	4611.2
1363	1363	2.051	стакан-марка-красная	12.0	39.0	снег-освещённый	0.287	88.8	-1.0	0.0	1.0	bbox	1362	78.1	78.1	78.1	1709,566,2,3	19.9	39.4827909	73.5852170	4611.2
1364	1364	1.431	стакан-марка-красная	11.2	8.6	снег-освещённый	0.818	58.4	0.0	-1.0	1.0	bbox	1363	1.0	1.0	4.0	498,321,2,4	19.7	39.4827946	73.5852142	4611.2
1365	1365	1.908	стакан-марка-красная	11.0	36.9	порода-в-тени	0.386	12.9	0.0	0.0	0.0	bbox	1364	89.1	89.1	89.1	709,617,2,3	19.7	39.4827907	73.5852186	4611.2
1366	1366	2.155	стакан-марка-красная	12.2	42.7	снег-освещённый	0.438	92.5	-1.0	-1.0	1.4	bbox	1365	129.2	129.2	129.2	1789,551,4,2	19.6	39.4827903	73.5852175	4611.2
1367	1367	1.992	палка-древко-контроль	14.1	25.7	порода-в-тени	0.525	15.9	-6.0	-1.0	6.1	bbox	1366	120.2	120.2	120.2	581,549,2,4	19.4	39.4827901	73.5852173	4611.2
1368	1368	1.928	стакан-марка-красная	11.0	37.8	снег-освещённый	0.302	87.6	0.0	1.0	1.0	bbox	1367	135.2	135.2	135.2	254,559,2,3	19.3	39.4827913	73.5852170	4611.2
1369	1369	2.379	стакан-марка-красная	16.0	36.1	снег-пересвеченный	0.542	85.9	-5.0	1.0	5.1	bbox	1368	130.2	130.2	130.2	1913,124,2,3	19.2	39.4827908	73.5852174	4611.2
1370	1370	2.328	стакан-марка-красная	12.0	49.8	снег-пересвеченный	0.660	99.6	-1.0	0.5	1.1	bbox	1369	35.1	35.1	35.1	1371,669,2,4	18.9	39.4827910	73.5852186	4611.2
1371	1371	1.372	рюкзак-синий	10.0	16.1	снег-в-тени	0.564	54.9	-2.0	-4.5	4.9	bbox	1370	18.0	18.0	18.0	651,766,2,3	18.8	39.4827884	73.5852193	4611.3
1372	1372	1.633	рюкзак-синий	10.7	26.3	снег-освещённый	0.711	65.1	-1.0	-3.5	3.6	bbox	1371	94.1	94.1	94.1	1759,953,2,4	18.7	39.4827921	73.5852191	4611.2
1373	1373	1.714	стакан-марка-красная	12.0	22.9	порода-в-тени	0.291	26.9	-1.0	0.0	1.0	bbox	1372	21.0	21.0	21.0	852,884,3,2	18.4	39.4827887	73.5852198	4611.3
1374	1374	1.539	рюкзак-синий	12.2	6.6	порода-в-тени	0.456	32.2	-1.0	-2.0	2.2	bbox	1373	9.0	9.0	9.0	102,593,2,3	18.3	39.4827910	73.5852169	4611.3
1375	1375	1.583	рюкзак-синий	10.7	23.7	снег-в-тени	0.781	62.5	-1.0	-3.5	3.6	bbox	1374	23.0	23.0	23.0	1407,539,2,3	18.2	39.4827891	73.5852204	4611.2
1376	1376	2.011	стакан-марка-красная	11.6	39.0	снег-освещённый	0.300	88.8	-0.5	-0.5	0.7	bbox	1375	44.1	44.1	44.1	1726,527,3,2	18.2	39.4827940	73.5852169	4611.2
1377	1377	1.480	стакан-марка-красная	11.7	6.3	снег-в-тени	0.691	56.1	0.0	-3.0	3.0	bbox	1376	40.1	40.1	40.1	1441,898,3,3	18.1	39.4827932	73.5852163	4611.3
1378	1378	2.440	стакан-марка-красная	15.1	43.1	снег-пересвеченный	0.264	92.9	-4.0	-1.0	4.1	bbox	1377	141.2	141.2	141.2	1130,457,2,4	18.1	39.4827896	73.5852173	4611.2
1379	1379	2.018	стакан-марка-красная	12.0	37.6	порода-в-тени	0.493	12.2	-1.0	2.0	2.2	bbox	1378	130.2	130.2	130.2	1198,986,2,3	18.0	39.4827908	73.5852174	4611.2
1380	1380	1.868	стакан-марка-красная	12.0	31.0	порода-в-тени	0.186	18.8	-1.0	0.0	1.0	bbox	1379	132.2	132.2	132.2	1802,628,3,2	18.0	39.4827914	73.5852170	4611.2
1381	1381	1.603	рюкзак-синий	11.2	22.0	снег-в-тени	0.788	60.8	-1.0	-3.0	3.2	bbox	1380	0.0	0.0	0.0	835,262,3,3	17.7	39.4827946	73.5852145	4611.2
1382	1382	1.398	стакан-марка-красная	11.2	0.8	снег-в-тени	0.881	50.6	0.0	-1.0	1.0	bbox	1381	3.0	3.0	3.0	209,0,2,4	17.6	39.4827936	73.5852146	4611.3
1383	1383	1.732	стакан-марка-красная	11.2	28.6	снег-освещённый	0.196	78.4	0.0	-1.0	1.0	bbox	1382	16.0	16.0	16.0	49,0,3,3	17.5	39.4827892	73.5852184	4611.3
1384	1384	1.424	стакан-марка-красная	11.0	9.8	снег-розовый	0.733	59.6	0.0	0.0	0.0	bbox	1383	55.1	55.1	55.1	279,362,2,3	17.3	39.4827955	73.5852191	4611.2
1385	1385	1.410	стакан-марка-красная	11.0	8.0	снег-розовый	0.789	57.8	0.0	0.0	0.0	bbox	1384	137.2	137.2	137.2	1692,1014,2,3	17.3	39.4827900	73.5852174	4611.1
1386	1386	2.312	стакан-марка-красная	13.2	45.5	снег-пересвеченный	0.391	95.3	-2.0	-1.0	2.2	bbox	1385	120.2	120.2	120.2	1623,413,2,4	17.0	39.4827901	73.5852173	4611.2
1387	1387	1.169	рюкзак-синий	8.2	15.5	порода-в-тени	0.646	23.3	-1.0	-6.0	6.1	bbox	1386	5.0	5.0	5.0	249,118,2,3	16.9	39.4827926	73.5852150	4611.3
1388	1388	1.477	стакан-марка-красная	11.0	14.7	снег-розовый	0.530	64.5	0.0	2.0	2.0	bbox	1387	141.2	141.2	141.2	541,863,2,3	16.9	39.4827896	73.5852173	4611.2
1389	1389	1.949	стакан-марка-красная	11.0	38.6	снег-освещённый	0.306	88.4	0.0	0.5	0.5	bbox	1388	166.3	166.3	166.3	303,157,2,3	16.9	39.4827003	73.5847402	4591.9
1390	1390	1.914	стакан-марка-красная	12.6	30.2	снег-освещённый	0.376	80.0	-1.0	-3.0	3.2	bbox	1389	15.0	15.0	15.0	1412,117,3,2	16.8	39.4827893	73.5852184	4611.3
1391	1391	1.889	стакан-марка-красная	12.4	30.4	снег-освещённый	0.251	80.2	-1.0	-2.0	2.2	bbox	1390	44.1	44.1	44.1	1841,1038,2,3	16.7	39.4827940	73.5852169	4611.2
1392	1392	1.424	стакан-марка-красная	11.0	9.8	порода-в-тени	0.754	40.0	0.0	0.0	0.0	bbox	1391	56.1	56.1	56.1	664,215,2,3	16.7	39.4827951	73.5852187	4611.2
1393	1393	1.923	стакан-марка-красная	12.5	31.4	снег-освещённый	0.313	81.2	-1.0	-2.5	2.7	bbox	1392	143.2	143.2	143.2	399,204,2,3	16.7	39.4827905	73.5852162	4611.2
1394	1394	1.873	стакан-марка-красная	11.7	32.7	снег-освещённый	0.400	82.5	0.0	-3.0	3.0	bbox	1393	67.1	67.1	67.1	1686,83,3,2	16.6	39.4827930	73.5852161	4611.2
1395	1395	1.661	рюкзак-синий	10.7	27.6	порода-в-тени	0.471	11.2	-1.0	-3.5	3.6	bbox	1394	15.0	15.0	15.0	1565,268,3,2	16.4	39.4827893	73.5852184	4611.3
1396	1396	1.334	стакан-марка-красная	10.0	12.6	снег-розовый	0.612	62.4	1.0	0.0	1.0	bbox	1395	57.1	57.1	57.1	1753,319,2,3	16.3	39.4827941	73.5852186	4611.2
1397	1397	1.958	стакан-марка-красная	12.6	32.4	снег-освещённый	0.378	82.2	-1.0	-3.0	3.2	bbox	1396	54.1	54.1	54.1	1331,549,3,2	15.8	39.4827957	73.5852197	4611.2
1398	1398	2.032	стакан-марка-красная	12.1	38.0	снег-пересвеченный	0.525	87.8	0.0	-4.0	4.0	bbox	1397	79.1	79.1	79.1	1549,307,2,3	15.6	39.4827913	73.5852171	4611.2
1399	1399	2.139	палка-древко-контроль	14.2	33.3	снег-освещённый	0.614	74.9	-5.5	-1.0	5.6	bbox	1398	94.1	94.1	94.1	271,509,2,4	15.2	39.4827921	73.5852191	4611.2
1400	1400	1.740	стакан-марка-красная	12.4	22.4	снег-освещённый	0.397	72.2	-1.0	-2.0	2.2	bbox	1399	2.0	2.0	2.0	1599,308,2,3	15.0	39.4827944	73.5852145	4611.2
1401	1401	1.590	рюкзак-синий	10.7	24.1	снег-освещённый	0.773	62.9	-1.0	-3.5	3.6	bbox	1400	5.0	5.0	5.0	0,210,3,2	15.0	39.4827926	73.5852150	4611.3
1402	1402	1.405	рюкзак-синий	11.2	4.1	снег-в-тени	0.661	42.9	-1.0	-3.0	3.2	bbox	1401	10.0	10.0	10.0	44,83,3,2	14.9	39.4827906	73.5852175	4611.3
1403	1403	1.711	стакан-марка-красная	12.6	18.8	снег-освещённый	0.444	68.6	-1.5	-0.5	1.6	bbox	1402	141.2	141.2	141.2	855,270,2,3	14.9	39.4827896	73.5852173	4611.2
1404	1404	1.714	стакан-марка-красная	12.9	16.7	снег-освещённый	0.573	66.5	-1.5	-2.0	2.5	bbox	1403	28.0	28.0	28.0	877,190,2,3	13.9	39.4827884	73.5852209	4611.2
1405	1405	1.951	рюкзак-синий	10.9	39.0	снег-освещённый	0.467	77.8	-2.0	-3.5	4.0	bbox	1404	140.2	140.2	140.2	1751,859,2,3	13.7	39.4827892	73.5852174	4611.2
1406	1406	2.325	стакан-марка-красная	13.5	44.9	снег-пересвеченный	0.296	94.7	-2.0	-2.5	3.2	bbox	1405	115.2	115.2	115.2	1884,239,3,2	13.4	39.4827900	73.5852172	4611.2
1407	1407	2.025	стакан-марка-красная	13.3	32.2	снег-освещённый	0.283	82.0	-2.0	-2.0	2.8	bbox	1406	11.0	11.0	11.0	470,295,2,3	13.2	39.4827902	73.5852179	4611.3
1408	1408	2.025	стакан-марка-красная	13.3	32.2	снег-освещённый	0.283	82.0	-2.0	-2.0	2.8	bbox	1407	12.0	12.0	12.0	423,192,2,3	13.1	39.4827897	73.5852181	4611.3
1409	1409	2.334	стакан-марка-красная	14.2	42.4	снег-пересвеченный	0.232	92.2	-3.0	-1.5	3.4	bbox	1408	140.2	140.2	140.2	1007,1060,2,3	12.2	39.4827892	73.5852174	4611.2
