ранг	ранг_в_группе	расстояние	сигнатура	d_ab	d_L	ловушка	d_ловушки	L	a	b	C	цвет_измерен	track	t_best	t0	t1	bbox	score	lat	lon	alt
1	1	1.306	стакан-марка-красная	10.4	1.2	порода-охристая	0.523	48.6	8.0	11.0	13.6	bbox	0	62.1	62.1	62.1	1452,377,61,100	9144.1	39.4862310	73.5854577	4440.9
2	2	1.825	стакан-марка-красная	14.0	14.5	снег-освещённый	0.652	64.3	-3.0	1.0	3.2	bbox	1	324.4	321.4	326.4	69,99,31,98	6955.3	39.4860313	73.5856298	4439.5
3	3	1.382	стакан-марка-красная	11.0	1.6	порода-охристая	0.496	51.4	10.0	12.0	15.6	bbox	2	152.2	152.2	152.2	761,311,70,49	6086.8	39.4859618	73.5857918	4439.5
4	4	1.001	палка-ручка-пробка	7.6	8.6	лишайник-жёлтый-на-камне	1.306	67.1	12.0	20.0	23.3	bbox	3	238.3	238.3	239.3	125,273,73,48	5762.7	39.4859089	73.5857998	4439.5
5	5	1.014	рюкзак-синий	8.1	3.1	снег-в-тени	0.500	35.7	0.0	-6.0	6.0	bbox	4	33.0	28.0	33.0	1843,373,77,50	5478.8	39.4862336	73.5854573	4440.9
6	6	1.646	стакан-марка-красная	13.2	2.4	порода-охристая	0.667	52.2	13.0	14.0	19.1	bbox	5	163.2	157.2	166.2	1404,689,62,52	5426.2	39.4859631	73.5857906	4439.5
7	7	1.658	палка-ручка-контроль	13.0	8.6	порода-охристая	0.676	49.0	13.0	15.0	19.8	bbox	6	151.2	151.2	151.2	687,267,66,38	5074.3	39.4859618	73.5857922	4439.5
8	8	1.203	палка-ручка-пробка	9.4	6.7	лишайник-жёлтый-на-камне	1.038	69.0	10.0	15.0	18.0	bbox	7	330.4	330.4	330.4	65,0,86,29	4309.2	39.4860308	73.5856307	4439.6
9	9	0.791	палка-ручка-пробка	6.3	0.0	лишайник-жёлтый-на-камне	0.723	75.7	7.0	17.0	18.4	bbox	8	282.4	279.4	283.4	0,836,57,70	4194.9	39.4859995	73.5857772	4439.5
10	10	1.350	палка-ручка-пробка	10.3	11.4	порода-охристая	1.006	64.3	10.0	14.0	17.2	bbox	9	170.2	170.2	172.2	21,597,72,63	4051.3	39.4859630	73.5857886	4439.5
11	11	1.518	стакан-марка-красная	12.0	5.5	порода-охристая	0.665	55.3	12.0	13.0	17.7	bbox	10	119.2	115.1	126.2	602,335,49,49	4023.4	39.4862243	73.5854625	4440.9
12	12	1.813	стакан-марка-красная	13.9	14.1	порода-охристая	1.167	63.9	16.0	14.0	21.3	bbox	11	78.1	78.1	78.1	1809,1027,48,38	3980.8	39.4862259	73.5854595	4440.9
13	13	1.181	стакан-марка-красная	9.1	9.4	порода-охристая	0.191	40.4	12.0	10.0	15.6	bbox	12	171.2	171.2	175.2	13,817,38,37	3826.3	39.4859630	73.5857884	4439.5
14	14	1.568	палка-ручка-контроль	12.2	10.1	порода-охристая	0.747	47.5	13.0	16.0	20.6	bbox	13	277.4	277.4	277.4	255,177,60,58	3790.3	39.4859996	73.5857774	4439.5
15	15	1.506	стакан-марка-красная	12.0	1.6	снег-в-тени	1.008	48.2	-1.0	0.0	1.0	bbox	14	337.4	337.4	342.4	1265,987,39,66	3495.1	39.4860321	73.5856295	4439.6
16	16	1.792	стакан-марка-красная	13.4	17.6	порода-в-тени	1.092	32.2	-1.0	7.0	7.1	bbox	15	307.4	303.4	309.4	85,245,64,38	3455.5	39.4859967	73.5857760	4439.5
17	17	0.639	палка-ручка-контроль	5.1	1.1	лишайник-жёлтый-на-камне	0.703	56.5	5.0	21.0	21.6	bbox	16	280.4	278.4	284.4	73,125,51,80	3356.0	39.4859997	73.5857779	4439.6
18	18	1.075	палка-ручка-контроль	8.6	0.3	порода-охристая	1.442	57.3	13.0	21.0	24.7	bbox	17	273.4	272.4	277.4	1749,140,50,47	3339.0	39.4859998	73.5857768	4439.6
19	19	1.413	стакан-марка-красная	11.2	5.9	порода-в-тени	0.876	43.9	0.0	-1.0	1.0	bbox	18	288.4	286.4	288.4	755,1009,50,64	3338.6	39.4859984	73.5857752	4439.5
20	20	1.398	стакан-марка-красная	11.2	0.4	снег-в-тени	0.877	49.4	0.0	-1.0	1.0	bbox	19	324.4	321.4	325.4	96,217,33,53	3174.0	39.4860313	73.5856298	4439.5
21	21	1.047	рюкзак-синий	7.8	10.6	снег-в-тени	0.859	28.2	-4.0	-8.0	8.9	bbox	20	323.4	323.4	323.4	867,562,30,47	3140.4	39.4860310	73.5856301	4439.5
22	22	1.842	стакан-марка-красная	14.0	15.7	снег-освещённый	0.601	65.5	-3.0	0.0	3.0	bbox	21	331.4	330.4	331.4	427,187,20,54	3092.5	39.4860306	73.5856305	4439.6
23	23	1.249	палка-ручка-пробка	9.8	5.9	лишайник-жёлтый-на-камне	0.964	69.8	9.0	14.0	16.6	bbox	22	63.1	63.1	71.1	1455,379,42,70	3039.6	39.4862309	73.5854578	4440.9
24	24	1.773	стакан-марка-красная	12.0	26.5	порода-в-тени	0.298	23.3	-1.0	1.0	1.4	bbox	23	312.4	311.4	324.4	977,1025,24,55	3005.2	39.4859955	73.5857769	4439.6
25	25	1.063	рюкзак-синий	7.8	11.7	снег-в-тени	0.894	27.1	-4.0	-8.0	8.9	bbox	24	332.4	332.4	332.4	929,535,32,42	2996.7	39.4860308	73.5856303	4439.6
26	26	0.923	палка-ручка-контроль	7.1	7.4	лишайник-жёлтый-на-камне	1.937	50.2	13.0	27.0	30.0	bbox	25	290.4	290.4	296.4	1767,0,36,43	2867.0	39.4859980	73.5857748	4439.5
27	27	2.087	палка-ручка-пробка	16.4	11.0	корка-жёлтая-на-скале	1.070	64.7	-5.0	10.0	11.2	bbox	26	147.2	147.2	147.2	809,257,44,39	2837.5	39.4859623	73.5857913	4439.5
28	28	1.244	стакан-марка-красная	6.4	26.7	снег-розовый	0.801	76.5	7.0	6.0	9.2	bbox	27	172.2	172.2	173.2	9,229,30,54	2796.2	39.4859631	73.5857883	4439.5
29	29	1.668	стакан-марка-красная	7.1	39.6	порода-в-тени	0.843	10.2	4.0	0.0	4.0	bbox	28	7.0	3.0	7.0	1793,703,60,38	2789.1	39.4862327	73.5854586	4440.9
30	30	1.316	стакан-марка-красная	10.0	11.0	порода-охристая	0.809	60.8	10.0	11.0	14.9	bbox	29	301.4	301.4	309.4	11,49,32,72	2783.9	39.4859966	73.5857756	4439.5
31	31	1.337	стакан-марка-красная	6.0	31.0	порода-в-тени	0.912	18.8	5.0	1.0	5.1	bbox	30	60.1	57.1	60.1	1694,175,53,37	2763.2	39.4862314	73.5854575	4440.9
32	32	1.353	палка-ручка-пробка	9.8	15.7	порода-охристая	0.893	60.0	9.0	14.0	16.6	bbox	31	278.4	278.4	282.4	60,257,37,63	2756.5	39.4859996	73.5857780	4439.5
33	33	1.027	палка-ручка-пробка	8.1	5.5	лишайник-жёлтый-на-камне	1.046	81.2	9.0	16.0	18.4	bbox	32	326.4	326.4	326.4	67,81,66,25	2721.6	39.4860314	73.5856299	4439.6
34	34	1.239	палка-ручка-контроль	9.9	1.7	порода-охристая	1.205	55.9	13.0	19.0	23.0	bbox	33	136.2	131.2	136.2	709,547,36,38	2690.5	39.4862055	73.5854627	4440.9
35	35	1.607	стакан-марка-красная	12.2	14.5	порода-в-тени	0.546	35.3	-1.0	-1.0	1.4	bbox	34	241.3	241.3	244.3	1241,769,24,48	2656.4	39.4859092	73.5858004	4439.5
36	36	1.581	стакан-марка-красная	11.0	21.6	порода-в-тени	0.531	28.2	0.0	2.0	2.0	bbox	35	203.3	196.3	211.3	257,497,48,42	2638.6	39.4859391	73.5857876	4439.5
37	37	1.734	предмет-оранжевый	13.3	13.3	порода-охристая	2.004	51.0	23.0	21.0	31.1	bbox	36	28.0	23.0	30.0	1195,55,34,44	2605.8	39.4862337	73.5854586	4440.9
38	38	1.021	палка-ручка-контроль	8.1	4.7	лишайник-жёлтый-на-камне	0.513	52.9	2.0	19.0	19.1	bbox	37	309.4	308.4	309.4	0,841,37,50	2574.6	39.4859961	73.5857763	4439.5
39	39	1.742	стакан-марка-красная	13.9	1.2	корка-жёлтая-на-скале	1.153	48.6	-2.0	6.0	6.3	bbox	38	147.2	147.2	147.2	1169,721,36,30	2571.4	39.4859623	73.5857913	4439.5
40	40	1.354	палка-ручка-контроль	10.8	1.9	порода-охристая	0.979	55.7	12.0	17.0	20.8	bbox	39	150.2	150.2	151.2	1049,273,36,37	2517.3	39.4859619	73.5857924	4439.5
41	41	2.290	палка-ручка-пробка	17.1	23.1	снег-розовый	1.052	98.8	-1.0	7.0	7.1	bbox	40	247.3	246.3	247.3	49,917,62,80	2500.5	39.4859100	73.5858018	4439.5
42	42	1.238	рюкзак-синий	9.0	14.5	порода-в-тени	0.640	24.3	1.0	-5.0	5.1	bbox	41	74.1	73.1	77.1	1731,969,30,48	2499.7	39.4862273	73.5854591	4440.9
43	43	0.975	палка-ручка-пробка	7.3	9.8	лишайник-жёлтый-на-камне	0.638	65.9	7.0	16.0	17.5	bbox	42	168.2	168.2	171.2	1219,533,36,34	2498.6	39.4859631	73.5857891	4439.5
44	44	1.226	предмет-оранжевый	9.4	9.4	лишайник-жёлтый-на-камне	1.998	73.7	15.0	26.0	30.0	bbox	43	314.4	312.4	315.4	701,55,46,52	2486.5	39.4859971	73.5857640	4439.5
45	45	1.797	палка-ручка-контроль	14.1	9.0	порода-охристая	0.956	48.6	16.0	16.0	22.6	bbox	44	86.1	86.1	92.1	1877,397,40,60	2484.6	39.4862243	73.5854588	4440.9
46	46	1.680	предмет-оранжевый	12.0	21.2	порода-охристая	1.785	43.1	20.0	22.0	29.7	bbox	45	49.1	49.1	50.1	0,0,53,39	2463.7	39.4862327	73.5854562	4440.9
47	47	0.881	палка-ручка-контроль	7.0	2.8	лишайник-жёлтый-на-камне	1.786	60.4	13.0	26.0	29.1	bbox	46	292.4	292.4	292.4	1873,44,47,49	2406.7	39.4859976	73.5857746	4439.5
48	48	1.963	стакан-марка-красная	12.0	35.3	порода-в-тени	0.275	14.5	-1.0	0.0	1.0	bbox	47	311.4	311.4	311.4	890,975,29,34	2399.6	39.4859958	73.5857767	4439.6
49	49	1.647	стакан-марка-красная	12.6	12.9	порода-охристая	0.562	36.9	15.0	13.0	19.8	bbox	48	161.2	157.2	165.2	1256,371,35,30	2367.9	39.4859630	73.5857910	4439.5
50	50	0.667	предмет-оранжевый	4.5	10.2	порода-охристая	2.593	54.1	18.0	30.0	35.0	bbox	49	294.4	293.4	294.4	1866,233,41,22	2364.9	39.4859967	73.5857742	4439.5
51	51	0.379	предмет-оранжевый	1.4	9.4	лишайник-жёлтый-на-камне	2.943	54.9	19.0	33.0	38.1	bbox	50	293.4	293.4	297.4	1755,81,38,20	2350.7	39.4859970	73.5857744	4439.5
52	52	0.603	палка-ручка-контроль	4.5	6.3	лишайник-жёлтый-на-камне	1.701	63.9	10.0	28.0	29.7	bbox	51	288.4	286.4	291.4	1279,399,18,68	2344.7	39.4859984	73.5857752	4439.5
53	53	0.972	палка-ручка-пробка	7.6	5.5	лишайник-жёлтый-на-камне	0.779	70.2	8.0	16.0	17.9	bbox	52	279.4	278.4	282.4	0,509,59,32	2336.7	39.4859997	73.5857783	4439.5
54	54	1.661	палка-ручка-пробка	13.0	9.0	снег-розовый	1.062	84.7	4.0	10.0	10.8	bbox	53	304.4	297.4	320.4	145,994,54,79	2325.3	39.4859966	73.5857761	4439.5
55	55	1.941	стакан-марка-красная	15.2	10.6	корка-жёлтая-на-скале	1.111	39.2	-3.0	7.0	7.6	bbox	54	302.4	300.4	303.4	1821,387,49,34	2322.1	39.4859965	73.5857760	4439.5
56	56	1.464	стакан-марка-красная	11.4	9.4	корка-жёлтая-на-скале	0.898	59.2	4.0	10.0	10.8	bbox	55	242.3	240.3	242.3	0,849,31,56	2319.6	39.4859093	73.5858007	4439.5
57	57	1.723	стакан-марка-красная	11.2	28.2	снег-освещённый	0.202	78.0	0.0	-1.0	1.0	bbox	56	241.3	237.3	245.3	618,112,39,25	2308.0	39.4859092	73.5858004	4439.5
58	58	1.876	предмет-оранжевый	13.0	26.3	порода-охристая	1.682	38.0	20.0	21.0	29.0	bbox	57	70.1	69.1	70.1	9,6,30,55	2285.9	39.4862286	73.5854588	4440.9
59	59	0.478	предмет-оранжевый	2.8	9.0	лишайник-жёлтый-на-камне	2.766	55.3	18.0	32.0	36.7	bbox	58	297.4	295.4	299.4	1778,659,39,22	2265.5	39.4859963	73.5857743	4439.5
60	60	0.555	палка-ручка-контроль	2.0	13.9	лишайник-жёлтый-на-камне	1.273	43.7	6.0	24.0	24.7	bbox	59	327.4	327.4	329.4	1263,77,19,92	2260.4	39.4860314	73.5856302	4439.6
61	61	0.940	стакан-марка-красная	7.2	7.5	порода-охристая	0.976	57.3	7.0	7.0	9.9	bbox	60	260.3	260.3	260.3	129,715,22,77	2221.9	39.4859081	73.5858006	4439.5
62	62	1.120	палка-ручка-контроль	8.9	1.9	порода-охристая	1.553	55.7	14.0	22.0	26.1	bbox	61	254.3	253.3	255.3	13,719,62,23	2195.1	39.4859093	73.5858015	4439.5
63	63	2.394	стакан-марка-красная	14.3	44.5	снег-освещённый	0.739	94.3	-3.0	4.0	5.0	bbox	62	239.3	227.3	241.3	349,257,32,52	2155.6	39.4859091	73.5857998	4439.5
64	64	0.458	палка-ручка-контроль	3.6	2.3	лишайник-жёлтый-на-камне	0.956	55.3	3.0	24.0	24.2	bbox	63	283.4	282.4	284.4	49,737,36,46	2150.6	39.4859991	73.5857769	4439.5
65	65	1.069	стакан-марка-красная	8.5	1.0	порода-охристая	0.585	48.8	14.0	9.0	16.6	bbox	64	113.1	105.1	118.2	1149,89,35,46	2127.0	39.4862236	73.5854632	4440.9
66	66	0.541	палка-ручка-пробка	2.2	13.0	лишайник-жёлтый-на-камне	0.889	62.7	7.0	22.0	23.1	bbox	65	250.3	250.3	253.3	111,173,34,42	2125.0	39.4859098	73.5858021	4439.5
67	67	1.574	стакан-марка-красная	12.4	8.2	порода-охристая	0.834	58.0	14.0	13.0	19.1	bbox	66	35.0	35.0	37.0	1553,923,42,38	2119.9	39.4862336	73.5854577	4440.9
68	68	1.275	стакан-марка-красная	10.2	0.4	порода-охристая	0.466	49.4	13.0	11.0	17.0	bbox	67	121.2	120.2	127.2	193,50,34,31	2118.7	39.4862246	73.5854616	4440.9
69	69	1.929	стакан-марка-красная	15.0	12.2	снег-освещённый	0.770	62.0	-4.0	0.0	4.0	bbox	68	323.4	319.4	323.4	517,315,14,50	2116.5	39.4860310	73.5856301	4439.5
70	70	1.759	предмет-оранжевый	13.3	15.7	порода-охристая	1.986	48.6	23.0	21.0	31.1	bbox	69	26.0	23.0	34.0	1371,56,32,39	2069.5	39.4862335	73.5854585	4440.9
71	71	1.297	рюкзак-синий	10.0	9.0	порода-в-тени	0.562	29.8	0.0	-4.0	4.0	bbox	70	86.1	85.1	100.1	1249,1029,26,51	2066.5	39.4862243	73.5854588	4440.9
72	72	0.542	предмет-оранжевый	4.1	4.7	лишайник-жёлтый-на-камне	2.880	69.0	21.0	30.0	36.6	bbox	71	50.1	49.1	52.1	490,139,31,48	2064.8	39.4862327	73.5854562	4440.9
73	73	0.411	палка-ручка-контроль	3.2	3.2	лишайник-жёлтый-на-камне	0.991	60.8	7.0	23.0	24.0	bbox	72	224.3	224.3	224.3	65,1057,42,23	2056.2	39.4859380	73.5857959	4439.5
74	74	1.477	стакан-марка-красная	11.0	14.7	снег-розовый	0.586	64.5	0.0	0.0	0.0	bbox	73	72.1	66.1	73.1	219,561,30,50	2046.2	39.4862278	73.5854587	4440.9
75	75	1.790	палка-ручка-контроль	14.2	6.2	порода-охристая	0.845	51.4	15.0	15.0	21.2	bbox	74	39.1	35.0	44.1	1045,987,34,33	2034.6	39.4862335	73.5854574	4440.9
76	76	1.454	стакан-марка-красная	6.1	34.7	порода-в-тени	0.904	15.1	5.0	0.0	5.0	bbox	75	13.0	10.0	16.0	488,621,30,36	2029.4	39.4862335	73.5854589	4440.9
77	77	1.440	предмет-оранжевый	8.1	28.8	порода-охристая	2.256	35.5	21.0	26.0	33.4	bbox	76	2.0	2.0	5.0	253,0,28,42	2025.4	39.4862325	73.5854593	4441.0
78	78	1.229	палка-ручка-пробка	9.5	9.0	лишайник-жёлтый-на-камне	1.547	66.7	14.0	20.0	24.4	bbox	77	184.2	183.2	185.2	129,845,36,42	2023.9	39.4859636	73.5857883	4439.5
79	79	0.454	предмет-оранжевый	3.6	1.6	порода-охристая	2.983	62.7	22.0	31.0	38.0	bbox	78	22.0	9.0	23.0	319,0,23,51	2002.0	39.4862334	73.5854583	4440.9
80	80	0.560	палка-ручка-пробка	4.5	1.0	лишайник-жёлтый-на-камне	1.369	74.7	9.0	25.0	26.6	bbox	79	288.4	285.4	291.4	1267,473,22,68	2001.6	39.4859984	73.5857752	4439.5
81	81	1.399	стакан-марка-красная	10.0	17.3	порода-охристая	0.243	32.5	12.0	11.0	16.3	bbox	80	255.3	255.3	255.3	301,0,30,69	1988.2	39.4859090	73.5858011	4439.5
82	82	1.016	предмет-оранжевый	8.1	3.5	порода-охристая	2.391	60.8	21.0	26.0	33.4	bbox	81	23.0	16.0	23.0	14,0,37,31	1974.4	39.4862334	73.5854583	4440.9
83	83	0.793	стакан-марка-красная	6.1	6.3	порода-охристая	0.547	43.5	10.0	7.0	12.2	bbox	82	158.2	157.2	165.2	1177,113,37,34	1973.3	39.4859625	73.5857916	4439.5
84	84	1.426	стакан-марка-красная	11.4	1.2	снег-розовый	1.093	48.6	0.0	4.0	4.0	bbox	83	297.4	297.4	299.4	961,685,32,28	1970.0	39.4859963	73.5857743	4439.5
85	85	0.376	палка-ручка-контроль	2.8	3.6	лишайник-жёлтый-на-камне	1.163	61.2	8.0	24.0	25.3	bbox	84	218.3	213.3	218.3	0,929,23,36	1963.9	39.4859374	73.5857951	4439.5
86	86	1.124	предмет-оранжевый	8.9	3.1	лишайник-жёлтый-на-камне	2.086	61.2	16.0	26.0	30.5	bbox	85	237.3	237.3	240.3	89,735,22,26	1939.4	39.4859086	73.5857995	4439.5
87	87	1.890	палка-ручка-пробка	15.0	6.7	лишайник-жёлтый-на-камне	1.220	82.4	-4.0	11.0	11.7	bbox	86	255.3	254.3	255.3	1513,125,36,46	1935.1	39.4859090	73.5858011	4439.5
88	88	1.646	палка-ручка-контроль	9.2	32.9	порода-охристая	0.971	24.7	8.0	17.0	18.8	bbox	87	285.4	284.4	285.4	16,1025,39,55	1920.6	39.4859988	73.5857760	4439.5
89	89	1.481	стакан-марка-красная	11.2	13.7	снег-освещённый	0.642	63.5	0.0	-1.0	1.0	bbox	88	240.3	240.3	240.3	1889,1057,31,23	1916.1	39.4859091	73.5857999	4439.5
90	90	1.547	предмет-оранжевый	11.4	16.8	порода-охристая	2.146	47.5	23.0	23.0	32.5	bbox	89	23.0	22.0	23.0	1355,12,46,29	1915.1	39.4862334	73.5854583	4440.9
91	91	1.406	палка-ручка-пробка	11.0	7.4	лишайник-жёлтый-на-камне	1.019	83.1	6.0	12.0	13.4	bbox	90	147.2	147.2	147.2	1769,322,27,24	1912.8	39.4859623	73.5857913	4439.5
92	92	1.508	стакан-марка-красная	12.0	2.4	снег-розовый	1.014	52.2	-1.0	0.0	1.0	bbox	91	322.4	322.4	322.4	552,321,15,47	1899.9	39.4860309	73.5856302	4439.5
93	93	0.633	палка-ручка-контроль	5.0	2.9	лишайник-жёлтый-на-камне	0.843	54.7	2.0	23.0	23.1	bbox	92	284.4	278.4	284.4	71,1021,34,44	1895.4	39.4859989	73.5857765	4439.5
94	94	0.519	палка-ручка-пробка	3.2	9.4	лишайник-жёлтый-на-камне	0.452	66.3	4.0	20.0	20.4	bbox	93	252.3	252.3	255.3	75,285,36,43	1894.3	39.4859095	73.5858021	4439.5
95	95	1.885	палка-ручка-пробка	15.0	5.5	лишайник-жёлтый-на-камне	1.199	81.2	-4.0	11.0	11.7	bbox	94	310.4	307.4	310.4	73,731,37,35	1893.8	39.4859957	73.5857766	4439.6
96	96	1.684	рюкзак-синий	13.3	6.6	порода-в-тени	0.420	32.2	-2.0	-1.0	2.2	bbox	95	226.3	225.3	226.3	1089,1019,24,54	1886.0	39.4859384	73.5857959	4439.5
97	97	1.710	палка-ручка-контроль	13.0	15.2	порода-охристая	1.395	42.4	17.5	20.0	26.6	bbox	96	291.4	291.4	296.4	1608,121,65,20	1885.5	39.4859980	73.5857746	4439.5
98	98	0.735	палка-ручка-пробка	5.4	8.2	лишайник-жёлтый-на-камне	0.641	67.5	7.0	18.0	19.3	bbox	97	251.3	251.3	252.3	104,23,37,42	1862.6	39.4859096	73.5858023	4439.5
99	99	1.307	палка-ручка-контроль	10.4	1.9	порода-охристая	1.738	55.7	16.0	23.0	28.0	bbox	98	260.3	260.3	260.3	445,441,34,18	1857.4	39.4859081	73.5858006	4439.5
100	100	0.891	палка-ручка-пробка	7.1	3.2	лишайник-жёлтый-на-камне	1.039	72.5	10.0	18.0	20.6	bbox	99	337.4	335.4	342.4	1777,891,30,22	1854.2	39.4860321	73.5856295	4439.6
101	101	0.476	стакан-марка-красная	2.2	10.8	снег-розовый	1.177	60.6	10.0	3.0	10.4	bbox	100	277.4	277.4	277.4	33,0,36,33	1852.5	39.4859996	73.5857774	4439.5
102	102	0.954	палка-ручка-пробка	7.6	1.6	лишайник-жёлтый-на-камне	0.820	74.1	8.0	16.0	17.9	bbox	101	298.4	298.4	298.4	0,87,31,46	1835.4	39.4859964	73.5857744	4439.5
103	103	0.714	палка-ручка-пробка	5.1	9.0	лишайник-жёлтый-на-камне	1.180	66.7	10.0	22.0	24.2	bbox	102	238.3	238.3	240.3	83,807,39,38	1825.9	39.4859089	73.5857998	4439.5
104	104	1.623	рюкзак-синий	11.2	23.1	порода-в-тени	0.326	15.7	-1.0	-3.0	3.2	bbox	103	85.1	84.1	85.1	1857,611,36,24	1823.2	39.4862245	73.5854589	4440.9
105	105	1.341	палка-ручка-пробка	10.4	8.6	лишайник-жёлтый-на-камне	1.426	67.1	-5.0	26.0	26.5	bbox	104	309.4	306.4	310.4	13,293,44,26	1807.4	39.4859961	73.5857763	4439.5
106	106	1.058	стакан-марка-красная	7.1	16.3	порода-охристая	0.432	33.5	12.0	8.0	14.4	bbox	105	249.3	249.3	252.3	357,177,16,81	1803.7	39.4859099	73.5858020	4439.5
107	107	1.122	предмет-оранжевый	3.2	29.4	порода-охристая	2.798	34.9	21.0	31.0	37.4	bbox	106	5.0	5.0	6.0	41,29,32,46	1801.8	39.4862326	73.5854588	4440.9
108	108	1.153	стакан-марка-красная	9.2	1.0	порода-охристая	0.523	50.8	13.0	10.0	16.4	bbox	107	123.2	121.2	127.2	528,43,27,36	1800.3	39.4862249	73.5854612	4440.9
109	109	1.381	стакан-марка-красная	11.0	1.2	снег-розовый	0.983	51.0	0.0	2.0	2.0	bbox	108	255.3	253.3	255.3	33,614,28,50	1793.4	39.4859090	73.5858011	4439.5
110	110	1.014	палка-ручка-пробка	7.3	12.5	лишайник-жёлтый-на-камне	0.831	88.2	3.0	16.0	16.3	bbox	109	187.2	186.2	191.2	5,111,28,66	1792.6	39.4859637	73.5857885	4439.5
111	111	0.761	палка-ручка-пробка	6.1	1.2	лишайник-жёлтый-на-камне	0.834	76.9	-1.0	22.0	22.0	bbox	110	304.4	299.4	309.4	139,739,34,62	1782.8	39.4859966	73.5857761	4439.5
112	112	0.928	палка-ручка-пробка	5.8	16.1	лишайник-жёлтый-на-камне	0.245	59.6	2.0	18.0	18.1	bbox	111	46.1	46.1	49.1	17,599,34,20	1768.7	39.4862325	73.5854567	4440.9
113	113	1.157	палка-ручка-пробка	9.2	2.8	лишайник-жёлтый-на-камне	0.476	72.9	-1.0	16.0	16.0	bbox	112	290.4	286.4	290.4	1737,1025,72,38	1765.1	39.4859980	73.5857748	4439.5
114	114	1.888	стакан-марка-красная	14.3	16.9	снег-розовый	0.891	66.7	-2.0	7.0	7.3	bbox	113	220.3	219.3	220.3	1276,503,36,94	1764.4	39.4859372	73.5857952	4439.5
115	115	1.420	палка-ручка-контроль	11.2	7.0	порода-охристая	0.762	50.6	11.0	16.0	19.4	bbox	114	161.2	161.2	164.2	63,589,22,30	1763.8	39.4859630	73.5857910	4439.5
116	116	1.774	палка-ручка-пробка	13.0	19.6	корка-жёлтая-на-скале	0.539	56.1	-2.0	12.0	12.2	bbox	115	295.4	295.4	301.4	1883,54,22,35	1748.1	39.4859966	73.5857742	4439.5
117	117	1.389	палка-ручка-пробка	11.0	4.3	лишайник-жёлтый-на-камне	0.953	80.0	6.0	12.0	13.4	bbox	116	195.3	195.3	195.3	449,945,64,44	1746.8	39.4859635	73.5857880	4439.5
118	118	1.451	стакан-марка-красная	11.2	11.0	порода-в-тени	0.704	38.8	0.0	-1.0	1.0	bbox	117	243.3	243.3	243.3	1105,1001,32,24	1723.2	39.4859093	73.5858010	4439.5
119	119	0.830	предмет-оранжевый	6.5	4.7	лишайник-жёлтый-на-камне	2.362	59.6	14.0	31.5	34.5	bbox	118	293.4	292.4	298.4	1603,207,34,28	1703.2	39.4859970	73.5857744	4439.5
120	120	1.665	стакан-марка-красная	13.0	10.2	снег-освещённый	0.764	60.0	-2.0	1.0	2.2	bbox	119	332.4	331.4	332.4	581,279,18,50	1701.2	39.4860308	73.5856303	4439.6
121	121	0.919	рюкзак-синий	6.0	14.9	снег-в-тени	0.862	23.9	1.0	-8.0	8.1	bbox	120	73.1	73.1	77.1	1891,987,29,22	1697.5	39.4862275	73.5854588	4440.9
122	122	0.759	палка-ручка-пробка	5.4	9.8	лишайник-жёлтый-на-камне	0.957	85.5	7.0	18.0	19.3	bbox	121	193.2	193.2	193.2	777,553,27,26	1693.5	39.4859633	73.5857883	4439.5
123	123	1.946	стакан-марка-красная	14.8	17.3	снег-розовый	0.977	67.1	-2.0	8.0	8.2	bbox	122	71.1	66.1	72.1	241,1039,40,17	1689.0	39.4862282	73.5854589	4440.9
124	124	1.854	палка-ручка-контроль	14.1	15.6	порода-охристая	0.893	42.0	16.0	16.0	22.6	bbox	123	48.1	47.1	48.1	206,719,33,18	1683.0	39.4862327	73.5854563	4440.9
125	125	1.546	стакан-марка-красная	12.4	0.8	порода-охристая	0.589	49.0	8.0	13.0	15.3	bbox	124	285.4	281.4	285.4	0,837,35,59	1682.9	39.4859988	73.5857760	4439.5
126	126	1.846	палка-ручка-контроль	14.1	14.9	порода-охристая	0.897	42.7	16.0	16.0	22.6	bbox	125	122.2	122.2	127.2	55,249,26,20	1676.6	39.4862247	73.5854612	4440.9
127	127	1.267	стакан-марка-красная	5.8	29.0	порода-охристая	0.963	20.8	8.0	6.0	10.0	bbox	126	327.4	327.4	329.4	123,331,17,141	1671.0	39.4860314	73.5856302	4439.6
128	128	0.399	палка-ручка-пробка	3.2	1.6	лишайник-жёлтый-на-камне	0.546	74.1	4.0	20.0	20.4	bbox	127	330.4	328.4	330.4	147,281,42,32	1668.8	39.4860308	73.5856307	4439.6
129	129	1.393	стакан-марка-красная	10.0	16.9	снег-розовый	0.480	66.7	1.0	0.0	1.0	bbox	128	23.0	8.0	23.0	153,23,26,34	1659.9	39.4862334	73.5854583	4440.9
130	130	0.907	стакан-марка-красная	4.5	20.0	порода-охристая	1.159	29.8	7.0	3.0	7.6	bbox	129	158.2	157.2	163.2	279,491,48,26	1659.5	39.4859625	73.5857916	4439.5
131	131	1.008	палка-ручка-пробка	8.1	0.2	лишайник-жёлтый-на-камне	0.671	75.9	6.0	15.0	16.2	bbox	130	164.2	164.2	167.2	858,55,38,40	1618.8	39.4859635	73.5857904	4439.5
132	132	1.537	стакан-марка-красная	12.2	6.3	порода-в-тени	0.835	43.5	-1.0	-1.0	1.4	bbox	131	203.3	202.3	207.3	1017,65,16,38	1612.2	39.4859391	73.5857876	4439.5
133	133	1.408	палка-ручка-пробка	9.9	18.8	порода-охристая	0.917	56.9	12.0	16.0	20.0	bbox	132	120.2	115.1	127.2	753,347,33,44	1600.1	39.4862244	73.5854619	4440.9
134	134	0.746	рюкзак-синий	5.4	9.0	снег-в-тени	0.667	29.8	-1.0	-9.0	9.1	bbox	133	89.1	88.1	89.1	1841,37,26,36	1585.6	39.4862235	73.5854588	4440.9
135	135	0.989	палка-ручка-контроль	7.8	4.4	лишайник-жёлтый-на-камне	1.352	62.0	12.0	21.0	24.2	bbox	134	203.3	202.3	205.3	1797,1042,28,38	1585.4	39.4859391	73.5857876	4439.5
136	136	0.641	палка-ручка-контроль	4.7	7.0	лишайник-жёлтый-на-камне	1.830	50.6	10.0	28.5	30.2	bbox	135	301.4	301.4	303.4	805,0,12,69	1584.6	39.4859966	73.5857756	4439.5
137	137	1.849	стакан-марка-красная	13.3	22.3	порода-охристая	0.659	27.5	8.0	14.0	16.1	bbox	136	283.4	282.4	285.4	31,490,30,73	1581.8	39.4859991	73.5857769	4439.5
138	138	0.801	палка-ручка-пробка	6.4	0.4	лишайник-жёлтый-на-камне	0.951	75.3	9.0	18.0	20.1	bbox	137	79.1	79.1	79.1	1565,50,26,51	1581.3	39.4862255	73.5854598	4440.9
139	139	1.507	стакан-марка-красная	12.0	2.0	порода-в-тени	0.996	47.8	-1.0	0.0	1.0	bbox	138	331.4	331.4	331.4	1089,881,24,48	1581.2	39.4860306	73.5856305	4439.6
140	140	0.550	предмет-оранжевый	3.6	8.8	лишайник-жёлтый-на-камне	3.064	73.1	22.0	31.0	38.0	bbox	139	20.0	14.0	21.0	249,477,24,38	1579.1	39.4862334	73.5854585	4440.9
141	141	1.569	предмет-оранжевый	12.2	10.8	порода-охристая	2.018	53.5	22.0	22.0	31.1	bbox	140	147.2	147.2	147.2	529,171,30,26	1578.5	39.4859623	73.5857913	4439.5
142	142	1.037	палка-ручка-пробка	8.2	3.1	лишайник-жёлтый-на-камне	0.824	78.8	7.0	15.0	16.6	bbox	141	323.4	323.4	323.4	1312,59,43,27	1565.5	39.4860310	73.5856301	4439.5
143	143	1.966	стакан-марка-красная	14.3	22.7	снег-освещённый	0.632	72.5	-3.0	4.0	5.0	bbox	142	283.4	278.4	283.4	10,871,29,50	1555.6	39.4859991	73.5857769	4439.5
144	144	1.829	палка-ручка-пробка	14.4	8.6	корка-жёлтая-на-скале	0.929	67.1	-3.0	11.0	11.4	bbox	143	164.2	161.2	167.2	1694,473,39,28	1553.7	39.4859635	73.5857904	4439.5
145	145	1.654	стакан-марка-красная	13.0	7.8	порода-охристая	0.415	42.0	10.0	14.0	17.2	bbox	144	179.2	179.2	189.2	95,165,46,32	1548.8	39.4859640	73.5857882	4439.5
146	146	0.682	палка-ручка-пробка	5.4	3.2	лишайник-жёлтый-на-камне	0.685	72.5	7.0	18.0	19.3	bbox	145	248.3	248.3	251.3	30,43,25,50	1548.0	39.4859098	73.5858019	4439.5
147	147	0.645	стакан-марка-красная	3.6	12.9	порода-охристая	0.912	36.9	13.0	4.0	13.6	bbox	146	63.1	63.1	63.1	720,892,25,30	1543.5	39.4862309	73.5854578	4440.9
148	148	1.829	стакан-марка-красная	13.9	15.7	порода-охристая	0.745	34.1	16.0	14.0	21.3	bbox	147	150.2	150.2	150.2	1389,263,24,20	1531.1	39.4859619	73.5857924	4439.5
149	149	0.726	палка-ручка-пробка	4.1	14.3	лишайник-жёлтый-на-камне	0.654	61.4	1.0	22.0	22.0	bbox	148	218.3	216.3	218.3	65,179,20,58	1526.2	39.4859374	73.5857951	4439.5
150	150	1.306	палка-ручка-контроль	10.4	1.5	порода-охристая	1.743	56.1	16.0	23.0	28.0	bbox	149	261.3	261.3	261.3	927,445,34,18	1525.4	39.4859083	73.5858006	4439.5
151	151	1.506	стакан-марка-красная	11.2	15.7	порода-охристая	0.319	34.1	9.0	12.0	15.0	bbox	150	167.2	166.2	167.2	47,869,34,26	1519.3	39.4859634	73.5857895	4439.5
152	152	0.762	палка-ручка-контроль	6.1	1.2	лишайник-жёлтый-на-камне	1.618	58.8	12.0	25.0	27.7	bbox	151	250.3	250.3	257.3	1567,67,26,22	1508.7	39.4859098	73.5858021	4439.5
153	153	1.433	стакан-марка-красная	6.7	32.5	порода-охристая	0.980	17.3	8.0	7.0	10.6	bbox	152	329.4	328.4	329.4	167,281,18,104	1506.5	39.4860308	73.5856306	4439.6
154	154	1.389	палка-ручка-пробка	10.4	13.3	лишайник-жёлтый-на-камне	0.908	62.4	8.0	13.0	15.3	bbox	153	118.2	115.1	127.2	511,119,23,26	1506.1	39.4862244	73.5854629	4440.9
155	155	0.977	палка-ручка-контроль	7.8	1.2	лишайник-жёлтый-на-камне	1.367	58.8	12.0	21.0	24.2	bbox	154	191.2	181.2	192.2	1867,829,30,36	1503.4	39.4859632	73.5857886	4439.5
156	156	0.848	палка-ручка-пробка	5.0	16.1	лишайник-жёлтый-на-камне	1.018	91.8	1.0	20.0	20.0	bbox	155	203.3	195.3	210.3	321,583,16,90	1487.7	39.4859391	73.5857876	4439.5
157	157	1.977	стакан-марка-красная	15.8	1.0	корка-жёлтая-на-скале	0.682	50.8	-2.0	10.0	10.2	bbox	156	313.4	310.4	315.4	1657,985,27,24	1486.3	39.4859951	73.5857759	4439.5
158	158	1.739	палка-ручка-контроль	12.4	22.3	порода-охристая	1.740	35.3	18.0	23.0	29.2	bbox	157	179.2	179.2	184.2	0,685,21,20	1484.1	39.4859640	73.5857882	4439.5
159	159	1.510	стакан-марка-красная	12.0	3.5	порода-в-тени	0.941	46.3	-1.0	0.0	1.0	bbox	158	271.3	271.3	271.3	1074,465,15,40	1482.3	39.4860007	73.5857770	4439.5
160	160	0.806	рюкзак-синий	6.4	2.7	снег-в-тени	0.576	36.1	-3.0	-9.0	9.5	bbox	159	343.4	343.4	343.4	1504,778,23,29	1479.8	39.4860316	73.5856295	4439.6
161	161	1.528	стакан-марка-красная	12.2	4.3	снег-в-тени	0.888	45.5	-1.0	-1.0	1.4	bbox	160	337.4	337.4	340.4	961,1057,30,23	1479.7	39.4860321	73.5856295	4439.6
162	162	1.829	палка-ручка-контроль	14.1	13.1	порода-охристая	0.910	44.5	16.0	16.0	22.6	bbox	161	71.1	67.1	71.1	7,97,26,20	1476.9	39.4862282	73.5854589	4440.9
163	163	0.099	палка-ручка-пробка	0.0	2.8	лишайник-жёлтый-на-камне	0.880	72.9	5.0	23.0	23.5	bbox	162	283.4	283.4	288.4	1337,15,22,58	1469.0	39.4859991	73.5857769	4439.5
164	164	2.280	палка-ручка-пробка	17.9	12.5	снег-освещённый	0.948	88.2	-3.0	7.0	7.6	bbox	163	269.3	268.3	269.3	1873,809,32,19	1464.0	39.4860011	73.5857770	4439.5
165	165	1.411	стакан-марка-красная	11.2	5.5	снег-в-тени	0.884	44.3	0.0	-1.0	1.0	bbox	164	249.3	248.3	249.3	20,873,29,20	1459.6	39.4859099	73.5858020	4439.5
166	166	1.198	стакан-марка-красная	9.1	11.0	порода-в-тени	0.836	38.8	2.0	0.0	2.0	bbox	165	316.4	316.4	317.4	85,213,34,19	1459.1	39.4860111	73.5857029	4439.5
167	167	1.188	палка-ручка-контроль	9.4	4.0	порода-охристая	1.545	61.6	14.0	21.0	25.2	bbox	166	83.1	82.1	83.1	337,359,28,38	1450.9	39.4862250	73.5854593	4440.9
168	168	0.990	палка-ручка-контроль	5.4	20.3	лишайник-жёлтый-на-камне	2.043	37.3	11.0	28.0	30.1	bbox	167	10.0	10.0	15.0	1099,37,20,28	1450.3	39.4862331	73.5854588	4440.9
169	169	1.583	стакан-марка-красная	12.0	13.7	порода-охристая	0.292	36.1	10.0	13.0	16.4	bbox	168	125.2	125.2	128.2	41,593,31,28	1447.7	39.4862255	73.5854617	4440.9
170	170	0.791	палка-ручка-пробка	6.3	3.2	лишайник-жёлтый-на-камне	0.794	72.5	8.0	17.5	19.2	bbox	169	224.3	224.3	224.3	1640,11,33,30	1444.0	39.4859380	73.5857959	4439.5
171	171	0.896	палка-ручка-пробка	6.3	11.8	лишайник-жёлтый-на-камне	1.232	63.9	11.0	21.0	23.7	bbox	170	242.3	241.3	242.3	401,577,38,24	1441.0	39.4859093	73.5858007	4439.5
172	172	1.439	стакан-марка-красная	11.4	5.5	порода-охристая	0.448	44.3	14.0	12.0	18.4	bbox	171	47.1	41.1	48.1	1269,553,20,34	1439.6	39.4862326	73.5854565	4440.9
173	173	1.826	стакан-марка-красная	10.0	37.3	снег-розовый	0.721	87.1	3.0	7.0	7.6	bbox	172	183.2	181.2	185.2	389,797,58,64	1432.4	39.4859637	73.5857884	4439.5
174	174	0.651	стакан-марка-красная	3.0	14.9	порода-охристая	1.311	34.9	8.0	1.0	8.1	bbox	173	30.0	29.0	33.0	1683,981,44,28	1429.8	39.4862337	73.5854582	4440.9
175	175	1.993	палка-ручка-пробка	15.2	16.5	снег-розовый	1.085	92.2	-1.0	9.0	9.1	bbox	174	346.4	346.4	348.4	1870,97,43,96	1429.7	39.4860310	73.5856300	4439.6
176	176	1.186	палка-ручка-пробка	9.5	0.4	лишайник-жёлтый-на-камне	0.909	75.3	8.0	14.0	16.1	bbox	175	332.4	332.4	332.4	1395,27,29,28	1429.1	39.4860308	73.5856303	4439.6
177	177	0.917	предмет-оранжевый	7.3	3.1	порода-охристая	3.399	61.2	27.0	32.0	41.9	bbox	176	20.0	20.0	21.0	233,72,27,21	1422.6	39.4862334	73.5854585	4440.9
178	178	0.516	палка-ручка-контроль	4.1	0.9	лишайник-жёлтый-на-камне	0.794	56.7	5.0	22.0	22.6	bbox	177	284.4	280.4	284.4	1569,873,32,59	1420.1	39.4859989	73.5857765	4439.5
179	179	1.392	стакан-марка-красная	4.5	35.7	снег-розовый	0.697	85.5	7.0	3.0	7.6	bbox	178	276.4	276.4	276.4	145,0,38,41	1412.7	39.4859994	73.5857769	4439.5
180	180	1.467	палка-ручка-контроль	11.2	12.5	порода-охристая	0.669	45.1	8.0	15.0	17.0	bbox	179	182.2	181.2	182.2	1845,73,44,28	1412.5	39.4859637	73.5857883	4439.5
181	181	0.386	палка-ручка-пробка	2.2	7.5	лишайник-жёлтый-на-камне	0.714	68.2	6.0	21.0	21.8	bbox	180	283.4	280.4	285.4	1829,672,51,33	1405.3	39.4859991	73.5857769	4439.5
182	182	1.643	стакан-марка-красная	12.0	18.4	порода-в-тени	0.430	31.4	-1.0	0.0	1.0	bbox	181	239.3	238.3	239.3	1233,81,26,54	1395.2	39.4859091	73.5857998	4439.5
183	183	1.074	палка-ручка-пробка	8.5	3.2	лишайник-жёлтый-на-камне	0.830	72.5	8.0	15.0	17.0	bbox	182	346.4	341.4	348.4	425,433,32,26	1394.9	39.4860310	73.5856300	4439.6
184	184	0.877	палка-ручка-пробка	5.1	16.9	лишайник-жёлтый-на-камне	0.568	58.8	6.0	18.0	19.0	bbox	183	212.3	207.3	212.3	133,1041,29,32	1394.7	39.4859367	73.5857952	4439.5
185	185	1.921	предмет-оранжевый	13.2	27.8	порода-охристая	1.860	36.5	22.0	21.0	30.4	bbox	184	69.1	67.1	69.1	51,77,28,53	1389.3	39.4862288	73.5854587	4440.9
186	186	1.562	стакан-марка-красная	12.4	6.3	порода-охристая	0.487	43.5	14.0	13.0	19.1	bbox	185	275.4	275.4	276.4	251,119,38,37	1389.0	39.4859992	73.5857767	4439.5
187	187	1.673	стакан-марка-красная	13.3	3.7	порода-охристая	0.597	46.1	14.0	14.0	19.8	bbox	186	149.2	148.2	149.2	625,403,27,22	1388.2	39.4859620	73.5857928	4439.5
188	188	1.500	предмет-оранжевый	10.2	22.1	порода-охристая	1.850	42.2	18.0	24.0	30.0	bbox	187	182.2	179.2	184.2	81,907,26,18	1386.6	39.4859637	73.5857883	4439.5
189	189	0.618	палка-ручка-пробка	3.2	13.3	лишайник-жёлтый-на-камне	1.047	89.0	2.0	22.0	22.1	bbox	188	196.3	196.3	210.3	343,960,14,89	1385.7	39.4859631	73.5857882	4439.5
190	190	0.755	предмет-оранжевый	5.8	5.5	порода-охристая	3.138	58.8	25.0	31.0	39.8	bbox	189	50.1	50.1	50.1	30,73,21,64	1382.8	39.4862327	73.5854562	4440.9
191	191	0.977	палка-ручка-пробка	7.8	1.2	лишайник-жёлтый-на-камне	1.079	76.9	10.0	17.0	19.7	bbox	190	238.3	238.3	238.3	69,701,58,30	1381.6	39.4859089	73.5857998	4439.5
192	192	0.835	палка-ручка-контроль	6.3	7.5	лишайник-жёлтый-на-камне	1.526	65.1	12.0	24.0	26.8	bbox	191	138.2	138.2	138.2	100,33,41,16	1376.1	39.4861474	73.5854883	4440.9
193	193	1.700	палка-ручка-контроль	13.5	7.0	порода-охристая	0.911	50.6	15.0	16.0	21.9	bbox	192	125.2	125.2	127.2	29,681,36,24	1370.9	39.4862255	73.5854617	4440.9
194	194	1.845	палка-ручка-пробка	14.4	11.0	порода-охристая	1.302	64.7	17.0	15.0	22.7	bbox	193	98.1	92.1	103.1	1897,434,23,29	1370.4	39.4862226	73.5854596	4440.9
195	195	0.535	палка-ручка-контроль	4.2	2.0	лишайник-жёлтый-на-камне	0.789	59.6	3.0	23.0	23.2	bbox	194	240.3	239.3	240.3	0,1018,13,47	1367.2	39.4859091	73.5857999	4439.5
196	196	1.004	стакан-марка-красная	7.1	13.3	порода-охристая	0.401	36.5	10.0	8.0	12.8	bbox	195	64.1	64.1	64.1	1879,326,41,39	1363.9	39.4862304	73.5854582	4440.9
197	197	1.864	стакан-марка-красная	12.2	30.2	снег-освещённый	0.128	80.0	-1.0	-1.0	1.4	bbox	196	249.3	247.3	250.3	317,629,37,30	1352.1	39.4859099	73.5858020	4439.5
198	198	1.626	стакан-марка-красная	13.0	1.6	порода-охристая	0.514	48.2	11.0	14.0	17.8	bbox	197	172.2	172.2	172.2	73,217,29,30	1334.5	39.4859631	73.5857883	4439.5
199	199	0.966	рюкзак-синий	7.3	9.0	снег-в-тени	0.177	47.8	-1.0	-7.0	7.1	bbox	198	31.0	31.0	32.0	1775,375,39,22	1330.5	39.4862337	73.5854577	4440.9
200	200	1.547	стакан-марка-красная	12.4	1.2	снег-розовый	1.052	51.0	-1.0	4.0	4.1	bbox	199	230.3	228.3	233.3	775,51,26,70	1324.5	39.4859352	73.5857965	4439.5
201	201	1.459	палка-ручка-контроль	11.2	11.7	порода-охристая	1.423	45.9	16.0	21.0	26.4	bbox	200	262.3	262.3	262.3	993,49,26,25	1320.8	39.4859085	73.5858005	4439.5
202	202	1.881	стакан-марка-красная	14.8	10.2	корка-жёлтая-на-скале	1.009	60.0	-2.0	8.0	8.2	bbox	201	247.3	246.3	247.3	81,449,40,32	1319.7	39.4859100	73.5858018	4439.5
203	203	1.632	стакан-марка-красная	13.0	4.3	порода-охристая	0.719	45.5	6.0	13.0	14.3	bbox	202	238.3	237.3	238.3	35,657,21,32	1313.9	39.4859089	73.5857998	4439.5
204	204	1.091	рюкзак-синий	7.2	17.2	порода-в-тени	0.885	21.6	-3.0	-8.0	8.5	bbox	203	322.4	322.4	322.4	881,566,25,31	1312.4	39.4860309	73.5856302	4439.5
205	205	2.327	стакан-марка-красная	12.0	49.8	снег-освещённый	0.683	99.6	-1.0	1.0	1.4	bbox	204	276.4	275.4	277.4	1765,649,38,48	1309.0	39.4859994	73.5857769	4439.5
206	206	1.539	стакан-марка-красная	11.2	18.0	снег-освещённый	0.495	67.8	0.0	-1.0	1.0	bbox	205	56.1	50.1	56.1	1855,753,24,24	1306.7	39.4862324	73.5854565	4440.9
207	207	1.247	палка-ручка-пробка	9.4	11.4	лишайник-жёлтый-на-камне	0.356	64.3	0.0	15.0	15.0	bbox	206	48.1	38.0	48.1	1883,145,22,30	1302.6	39.4862327	73.5854563	4440.9
208	208	1.200	палка-ручка-контроль	9.2	9.4	порода-охристая	1.205	48.2	13.0	20.0	23.9	bbox	207	184.2	184.2	184.2	0,998,39,25	1302.5	39.4859636	73.5857883	4439.5
209	209	2.278	палка-ручка-пробка	17.9	12.1	снег-освещённый	0.944	87.8	-3.0	7.0	7.6	bbox	208	267.3	267.3	270.3	1891,945,29,19	1301.1	39.4859991	73.5857774	4439.5
210	210	1.412	стакан-марка-красная	11.2	5.7	порода-охристая	0.671	55.5	9.0	12.0	15.0	bbox	209	75.1	74.1	75.1	1809,905,32,35	1300.7	39.4862269	73.5854593	4440.9
211	211	0.688	предмет-оранжевый	5.4	3.9	порода-охристая	3.330	68.2	25.0	32.0	40.6	bbox	210	9.0	8.0	11.0	131,120,24,32	1299.3	39.4862331	73.5854586	4440.9
212	212	1.664	стакан-марка-красная	13.0	9.4	порода-в-тени	0.725	40.4	-2.0	0.0	2.0	bbox	211	227.3	220.3	227.3	1886,1019,19,32	1299.2	39.4859387	73.5857959	4439.5
213	213	0.894	стакан-марка-красная	7.0	5.1	снег-розовый	0.857	54.9	4.0	1.0	4.1	bbox	212	137.2	137.2	144.2	307,240,27,27	1298.0	39.4861792	73.5854706	4440.9
214	214	1.249	палка-ручка-пробка	7.3	23.9	лишайник-жёлтый-на-камне	0.804	51.8	7.0	16.0	17.5	bbox	213	169.2	168.2	171.2	1417,569,26,52	1298.0	39.4859630	73.5857889	4439.5
215	215	1.713	палка-ручка-контроль	13.3	11.3	порода-охристая	1.233	46.3	17.0	18.5	25.1	bbox	214	194.2	194.2	194.2	805,981,24,20	1297.3	39.4859634	73.5857882	4439.5
216	216	1.921	стакан-марка-красная	15.0	11.8	корка-жёлтая-на-скале	0.726	38.0	-1.0	10.0	10.0	bbox	215	308.4	307.4	309.4	1784,0,33,23	1291.6	39.4859965	73.5857764	4439.5
217	217	0.810	рюкзак-синий	6.3	4.9	снег-в-тени	0.511	33.9	-1.0	-8.0	8.1	bbox	216	79.1	79.1	81.1	1900,168,20,21	1289.5	39.4862255	73.5854598	4440.9
218	218	0.641	палка-ручка-пробка	5.1	1.9	лишайник-жёлтый-на-камне	1.398	77.6	10.0	24.0	26.0	bbox	217	266.3	264.3	266.3	939,227,20,28	1287.8	39.4859884	73.5857801	4439.5
219	219	1.510	стакан-марка-красная	12.0	3.5	порода-охристая	0.602	53.3	12.0	13.0	17.7	bbox	218	101.1	101.1	101.1	1793,791,22,34	1286.4	39.4862222	73.5854602	4440.9
220	220	1.225	палка-ручка-контроль	9.5	8.6	порода-охристая	1.626	49.0	15.0	23.0	27.5	bbox	219	138.2	135.2	141.2	11,0,36,25	1285.3	39.4861474	73.5854883	4440.9
221	221	1.186	стакан-марка-красная	9.4	3.5	порода-охристая	0.730	46.3	6.0	9.0	10.8	bbox	220	214.3	214.3	218.3	1871,17,32,28	1281.7	39.4859374	73.5857952	4439.5
222	222	1.166	стакан-марка-красная	9.2	4.9	порода-охристая	1.021	54.7	5.0	8.0	9.4	bbox	221	189.2	186.2	191.2	187,837,22,38	1274.0	39.4859635	73.5857888	4439.5
223	223	1.177	палка-ручка-пробка	9.2	6.7	лишайник-жёлтый-на-камне	1.139	69.0	11.0	16.0	19.4	bbox	222	70.1	69.1	71.1	321,113,24,20	1270.8	39.4862286	73.5854588	4440.9
224	224	1.490	стакан-марка-красная	11.0	15.7	порода-охристая	0.234	34.1	12.0	12.0	17.0	bbox	223	160.2	157.2	160.2	225,1012,27,21	1267.3	39.4859629	73.5857913	4439.4
225	225	1.831	предмет-оранжевый	12.6	25.9	порода-охристая	3.540	38.4	32.0	30.0	43.9	bbox	224	17.0	7.0	19.0	1899,53,21,24	1260.8	39.4862336	73.5854587	4440.9
226	226	1.675	стакан-марка-красная	13.3	4.5	снег-розовый	1.002	54.3	-2.0	4.0	4.5	bbox	225	275.4	271.3	276.4	1405,885,35,24	1259.2	39.4859992	73.5857767	4439.5
227	227	1.161	палка-ручка-пробка	9.1	7.2	лишайник-жёлтый-на-камне	0.882	82.9	6.0	14.0	15.2	bbox	226	295.4	295.4	301.4	1715,55,42,26	1256.2	39.4859966	73.5857742	4439.5
228	228	1.736	палка-ручка-пробка	12.8	18.8	порода-охристая	0.967	56.9	15.0	15.0	21.2	bbox	227	101.1	101.1	101.1	1889,685,20,20	1249.0	39.4862222	73.5854602	4440.9
229	229	0.729	предмет-оранжевый	5.8	0.4	порода-охристая	3.185	63.9	25.0	31.0	39.8	bbox	228	20.0	20.0	20.0	200,5,28,30	1248.5	39.4862334	73.5854585	4440.9
230	230	1.651	палка-ручка-пробка	13.0	8.2	снег-розовый	1.092	83.9	5.0	10.0	11.2	bbox	229	192.2	192.2	192.2	407,1033,48,26	1247.1	39.4859632	73.5857884	4439.5
231	231	0.637	палка-ручка-контроль	5.0	3.5	лишайник-жёлтый-на-камне	0.816	54.1	6.0	21.0	21.8	bbox	230	176.2	171.2	177.2	1847,401,34,20	1247.0	39.4859635	73.5857881	4439.5
232	232	1.463	стакан-марка-красная	11.7	0.8	порода-охристая	0.640	49.0	15.0	12.0	19.2	bbox	231	43.1	35.0	43.1	1865,499,29,20	1243.4	39.4862334	73.5854572	4440.9
233	233	1.008	палка-ручка-пробка	8.1	0.4	лишайник-жёлтый-на-камне	0.951	75.3	9.0	16.0	18.4	bbox	232	294.4	294.4	295.4	0,108,23,28	1242.4	39.4859967	73.5857742	4439.5
234	234	1.753	стакан-марка-красная	11.7	27.1	порода-охристая	0.760	22.7	15.0	12.0	19.2	bbox	233	108.1	102.1	115.1	793,333,24,20	1239.7	39.4862222	73.5854626	4440.9
235	235	1.329	рюкзак-синий	10.0	12.1	порода-в-тени	0.503	26.7	0.0	-4.0	4.0	bbox	234	28.0	28.0	28.0	1786,937,31,19	1236.9	39.4862337	73.5854586	4440.9
236	236	1.625	палка-ручка-пробка	12.8	7.9	порода-охристая	1.267	67.8	15.0	15.0	21.2	bbox	235	87.1	86.1	97.1	1667,917,30,32	1235.6	39.4862241	73.5854588	4440.9
237	237	1.480	стакан-марка-красная	11.0	14.9	порода-в-тени	0.589	34.9	0.0	0.0	0.0	bbox	236	248.3	248.3	251.3	1094,138,19,31	1235.1	39.4859098	73.5858019	4439.5
238	238	1.634	стакан-марка-красная	11.0	24.7	снег-освещённый	0.286	74.5	0.0	1.0	1.0	bbox	237	257.3	257.3	257.3	769,1023,26,22	1232.1	39.4859088	73.5858009	4439.5
239	239	0.771	палка-древко-контроль	6.1	3.5	снег-в-тени	0.889	45.1	-7.0	-9.0	11.4	bbox	238	326.4	326.4	326.4	772,560,29,41	1232.0	39.4860314	73.5856299	4439.6
240	240	1.061	палка-ручка-контроль	8.5	0.2	порода-охристая	1.328	57.8	12.0	20.0	23.3	bbox	239	192.2	192.2	192.2	1781,841,24,34	1226.2	39.4859632	73.5857884	4439.5
241	241	1.322	рюкзак-синий	10.2	9.8	порода-в-тени	0.501	29.0	-1.0	-4.0	4.1	bbox	240	79.1	78.1	79.1	1773,610,33,15	1220.9	39.4862255	73.5854598	4440.9
242	242	1.273	палка-ручка-контроль	10.0	5.8	порода-охристая	1.919	51.8	16.0	25.0	29.7	bbox	241	206.3	195.3	209.3	1732,688,27,15	1212.4	39.4859367	73.5857911	4439.5
243	243	1.742	стакан-марка-красная	13.3	14.1	порода-охристая	0.539	35.7	14.0	14.0	19.8	bbox	242	71.1	70.1	71.1	0,17,13,50	1207.3	39.4862282	73.5854589	4440.9
244	244	1.344	палка-ручка-пробка	10.4	9.0	лишайник-жёлтый-на-камне	1.582	84.7	-5.0	26.0	26.5	bbox	243	299.4	299.4	299.4	0,125,15,42	1204.3	39.4859965	73.5857748	4439.5
245	245	1.849	палка-ручка-пробка	14.8	3.1	лишайник-жёлтый-на-камне	1.343	78.8	-8.0	16.0	17.9	bbox	244	308.4	302.4	309.4	401,653,22,20	1203.9	39.4859965	73.5857764	4439.5
246	246	1.465	стакан-марка-красная	11.0	13.7	порода-в-тени	0.626	36.1	0.0	0.0	0.0	bbox	245	322.4	322.4	322.4	1009,753,18,32	1198.1	39.4860309	73.5856302	4439.5
247	247	0.852	палка-ручка-пробка	6.7	4.3	лишайник-жёлтый-на-камне	0.518	80.0	2.0	17.0	17.1	bbox	246	244.3	244.3	244.3	1899,12,21,29	1195.4	39.4859095	73.5858011	4439.5
248	248	2.360	стакан-марка-красная	18.0	19.6	корка-жёлтая-на-скале	0.946	30.2	-4.0	11.0	11.7	bbox	247	302.4	296.4	302.4	1540,1064,45,16	1189.9	39.4859965	73.5857760	4439.5
249	249	1.131	палка-ручка-пробка	9.0	3.1	лишайник-жёлтый-на-камне	0.713	78.8	5.0	14.0	14.9	bbox	248	186.2	186.2	192.2	73,59,40,40	1188.5	39.4859637	73.5857883	4439.5
250	250	2.072	стакан-марка-красная	14.3	29.2	снег-розовый	0.802	79.0	-2.0	7.0	7.3	bbox	249	222.3	221.3	222.3	107,601,19,22	1187.3	39.4859373	73.5857959	4439.5
251	251	1.269	палка-ручка-контроль	10.0	6.1	лишайник-жёлтый-на-камне	1.942	63.7	-2.0	32.0	32.1	bbox	250	303.4	303.4	309.4	1215,17,76,10	1181.9	39.4859965	73.5857762	4439.5
252	252	0.554	стакан-марка-красная	4.0	6.7	порода-охристая	1.357	43.1	7.0	1.0	7.1	bbox	251	168.2	168.2	168.2	1809,0,28,29	1181.4	39.4859631	73.5857891	4439.5
253	253	0.419	палка-ручка-контроль	3.2	3.9	лишайник-жёлтый-на-камне	1.679	53.7	7.0	29.0	29.8	bbox	252	309.4	309.4	309.4	0,961,16,40	1179.9	39.4859961	73.5857763	4439.5
254	254	1.305	стакан-марка-красная	10.4	0.4	порода-охристая	0.543	49.4	14.0	11.0	17.8	bbox	253	75.1	72.1	78.1	1448,560,31,23	1177.5	39.4862269	73.5854593	4440.9
255	255	1.081	палка-ручка-контроль	8.1	10.9	порода-охристая	1.050	46.7	10.0	19.0	21.5	bbox	254	211.3	210.3	213.3	21,809,28,22	1171.0	39.4859364	73.5857951	4439.5
256	256	0.289	палка-ручка-контроль	2.2	2.0	лишайник-жёлтый-на-камне	1.268	59.6	8.0	25.0	26.2	bbox	255	301.4	300.4	302.4	1208,231,25,63	1170.1	39.4859966	73.5857756	4439.5
257	257	1.641	палка-ручка-контроль	12.1	18.0	порода-охристая	1.458	39.6	17.0	21.0	27.0	bbox	256	196.3	195.3	196.3	1865,872,26,19	1169.8	39.4859631	73.5857882	4439.5
258	258	0.919	стакан-марка-красная	5.8	15.7	снег-розовый	1.000	65.5	8.0	6.0	10.0	bbox	257	137.2	137.2	137.2	1842,935,26,28	1167.7	39.4861792	73.5854706	4440.9
259	259	1.779	палка-ручка-контроль	12.7	22.3	порода-охристая	0.908	35.3	15.0	17.0	22.7	bbox	258	274.4	274.4	274.4	623,401,18,22	1162.3	39.4859993	73.5857767	4439.6
260	260	1.916	рюкзак-синий	13.9	22.4	снег-освещённый	0.805	61.2	-4.0	-1.0	4.1	bbox	259	129.2	129.2	129.2	385,657,32,16	1160.8	39.4862263	73.5854623	4440.9
261	261	1.042	предмет-оранжевый	8.2	4.3	лишайник-жёлтый-на-камне	2.256	68.6	12.0	32.0	34.2	bbox	260	301.4	301.4	301.4	1369,25,16,24	1159.7	39.4859966	73.5857756	4439.5
262	262	1.642	палка-ручка-пробка	11.7	21.2	корка-жёлтая-на-скале	0.368	54.5	-1.0	13.0	13.0	bbox	261	47.1	42.1	49.1	1185,971,42,16	1158.2	39.4862326	73.5854565	4440.9
263	263	0.580	предмет-оранжевый	4.1	7.5	лишайник-жёлтый-на-камне	2.684	71.8	19.0	30.0	35.5	bbox	262	147.2	147.2	147.2	1399,917,22,24	1155.6	39.4859623	73.5857913	4439.5
264	264	1.676	стакан-марка-красная	11.2	25.9	порода-в-тени	0.280	23.9	0.0	-1.0	1.0	bbox	263	241.3	241.3	242.3	1245,881,20,16	1149.5	39.4859092	73.5858004	4439.5
265	265	1.387	стакан-марка-красная	11.0	5.1	снег-розовый	0.857	54.9	0.0	1.0	1.0	bbox	264	188.2	188.2	191.2	55,105,22,22	1148.9	39.4859636	73.5857888	4439.5
266	266	1.829	стакан-марка-красная	14.3	10.6	порода-охристая	0.839	39.2	17.0	14.0	22.0	bbox	265	149.2	148.2	149.2	221,653,20,18	1146.2	39.4859620	73.5857928	4439.5
267	267	1.370	палка-ручка-контроль	8.0	26.2	корка-жёлтая-на-скале	1.023	31.4	6.0	18.0	19.0	bbox	266	327.4	327.4	329.4	1315,219,21,77	1144.8	39.4860314	73.5856302	4439.6
268	268	0.320	палка-ручка-пробка	1.0	8.2	лишайник-жёлтый-на-камне	0.904	67.5	6.0	23.0	23.8	bbox	267	298.4	298.4	299.4	1324,57,53,18	1143.8	39.4859964	73.5857744	4439.5
269	269	1.204	палка-ручка-пробка	8.1	18.4	лишайник-жёлтый-на-камне	0.343	57.3	1.0	16.0	16.0	bbox	268	173.2	172.2	175.2	51,1015,31,36	1142.6	39.4859632	73.5857881	4439.5
270	270	0.631	палка-ручка-пробка	5.0	2.3	лишайник-жёлтый-на-камне	0.909	78.0	8.0	19.0	20.6	bbox	269	147.2	144.2	148.2	493,687,20,26	1142.4	39.4859623	73.5857913	4439.5
271	271	1.807	стакан-марка-красная	14.3	7.1	корка-жёлтая-на-скале	1.046	42.7	-2.0	7.0	7.3	bbox	270	238.3	238.3	239.3	325,963,44,26	1141.1	39.4859089	73.5857998	4439.5
272	272	1.314	палка-ручка-пробка	10.0	11.4	лишайник-жёлтый-на-камне	0.626	64.3	5.0	13.0	13.9	bbox	271	204.3	201.3	208.3	55,801,22,32	1138.7	39.4859388	73.5857879	4439.5
273	273	1.289	рюкзак-синий	9.0	17.6	порода-в-тени	0.626	21.2	1.0	-5.0	5.1	bbox	272	74.1	74.1	74.1	1800,944,39,27	1136.3	39.4862273	73.5854591	4440.9
274	274	1.277	стакан-марка-красная	7.3	25.1	порода-в-тени	0.766	24.7	4.0	-1.0	4.1	bbox	273	10.0	9.0	23.0	186,562,23,25	1136.0	39.4862331	73.5854588	4440.9
275	275	1.459	стакан-марка-красная	11.2	11.8	порода-в-тени	0.678	38.0	0.0	-1.0	1.0	bbox	274	238.3	238.3	238.3	1625,691,24,30	1134.9	39.4859089	73.5857998	4439.5
276	276	0.405	палка-ручка-пробка	2.2	8.2	лишайник-жёлтый-на-камне	0.916	83.9	3.0	22.0	22.2	bbox	275	192.2	192.2	192.2	461,535,10,78	1132.7	39.4859632	73.5857884	4439.5
277	277	0.881	палка-ручка-контроль	6.7	7.6	лишайник-жёлтый-на-камне	1.559	50.0	12.0	23.0	25.9	bbox	276	326.4	326.4	329.4	1885,895,24,22	1131.2	39.4860314	73.5856299	4439.6
278	278	1.390	палка-ручка-контроль	10.8	9.0	порода-охристая	1.284	48.6	15.0	20.0	25.0	bbox	277	237.3	236.3	237.3	929,449,26,16	1129.4	39.4859086	73.5857995	4439.5
279	279	1.752	палка-ручка-пробка	13.5	13.7	корка-жёлтая-на-скале	0.754	62.0	-4.0	13.0	13.6	bbox	278	238.3	237.3	239.3	117,193,25,32	1127.4	39.4859089	73.5857998	4439.5
280	280	0.640	предмет-оранжевый	5.0	3.9	порода-охристая	3.083	60.4	24.0	31.0	39.2	bbox	279	67.1	67.1	67.1	161,5,24,33	1124.9	39.4862298	73.5854582	4440.9
281	281	1.347	палка-ручка-пробка	10.8	1.6	лишайник-жёлтый-на-камне	1.583	77.3	-5.0	27.0	27.5	bbox	280	305.4	299.4	309.4	57,697,20,40	1124.5	39.4859967	73.5857760	4439.5
282	282	0.562	палка-ручка-контроль	4.5	1.6	лишайник-жёлтый-на-камне	1.002	59.2	8.0	22.0	23.4	bbox	281	199.3	197.3	199.3	25,869,24,32	1122.9	39.4859488	73.5857875	4439.5
283	283	1.297	палка-ручка-пробка	10.0	9.0	лишайник-жёлтый-на-камне	0.561	66.7	4.0	13.0	13.6	bbox	282	200.3	198.3	206.3	23,909,26,28	1118.9	39.4859445	73.5857873	4439.5
284	284	0.856	стакан-марка-красная	2.0	22.9	порода-охристая	1.082	26.9	11.0	3.0	11.4	bbox	283	259.3	253.3	259.3	9,15,14,43	1118.4	39.4859081	73.5858006	4439.5
285	285	1.529	палка-ручка-контроль	12.2	2.9	порода-охристая	1.315	54.7	16.0	19.0	24.8	bbox	284	273.4	272.4	273.4	1557,139,34,17	1113.2	39.4859998	73.5857768	4439.6
286	286	0.778	палка-ручка-контроль	6.0	5.8	лишайник-жёлтый-на-камне	1.752	51.8	12.0	26.0	28.6	bbox	285	277.4	275.4	277.4	197,349,44,12	1112.3	39.4859996	73.5857774	4439.5
287	287	0.916	стакан-марка-красная	5.1	18.4	порода-в-тени	1.081	31.4	6.0	0.0	6.0	bbox	286	246.3	246.3	246.3	113,555,24,30	1111.0	39.4859098	73.5858015	4439.5
288	288	0.496	стакан-марка-красная	2.7	10.2	порода-охристая	1.168	39.6	8.5	2.0	8.7	bbox	287	63.1	63.1	63.1	581,1030,32,12	1109.9	39.4862309	73.5854578	4440.9
289	289	0.848	палка-ручка-пробка	5.8	12.1	лишайник-жёлтый-на-камне	1.102	87.8	8.0	18.0	19.7	bbox	288	67.1	66.1	67.1	52,325,26,24	1109.0	39.4862298	73.5854582	4440.9
290	290	1.616	стакан-марка-красная	12.2	15.3	порода-в-тени	0.519	34.5	-1.0	-1.0	1.4	bbox	289	271.3	271.3	271.3	1052,593,16,32	1107.8	39.4860007	73.5857770	4439.5
291	291	1.435	предмет-оранжевый	9.1	24.7	порода-охристая	3.553	39.6	29.0	33.0	43.9	bbox	290	6.0	6.0	22.0	121,0,24,27	1107.6	39.4862326	73.5854588	4440.9
292	292	1.270	предмет-оранжевый	10.0	6.3	порода-охристая	2.097	58.0	20.0	24.0	31.2	bbox	291	24.0	23.0	25.0	1201,0,27,22	1107.6	39.4862334	73.5854584	4440.9
293	293	2.037	палка-ручка-контроль	15.0	22.3	порода-охристая	1.158	35.3	18.0	17.0	24.8	bbox	292	134.2	130.2	136.2	491,712,19,21	1107.0	39.4862281	73.5854629	4440.9
294	294	0.931	палка-ручка-пробка	7.3	5.5	лишайник-жёлтый-на-камне	0.848	81.2	7.0	16.0	17.5	bbox	293	345.4	345.4	345.4	335,417,26,28	1105.6	39.4860314	73.5856298	4439.6
295	295	1.082	палка-ручка-пробка	8.1	11.0	лишайник-жёлтый-на-камне	1.275	64.7	12.0	19.0	22.5	bbox	294	197.3	197.3	197.3	169,93,32,28	1105.1	39.4859598	73.5857879	4439.5
296	296	1.546	стакан-марка-красная	12.4	0.4	снег-розовый	1.103	49.4	-1.0	4.0	4.1	bbox	295	318.4	318.4	320.4	1109,749,17,52	1104.4	39.4860303	73.5856355	4439.5
297	297	1.232	палка-ручка-контроль	8.6	16.8	порода-охристая	1.004	40.8	11.0	19.0	22.0	bbox	296	289.4	286.4	290.4	1893,961,27,30	1100.5	39.4859981	73.5857750	4439.5
298	298	1.878	предмет-оранжевый	13.6	22.3	порода-охристая	2.054	42.0	24.0	21.0	31.9	bbox	297	128.2	128.2	128.2	251,602,22,17	1100.2	39.4862260	73.5854623	4440.9
299	299	1.282	стакан-марка-красная	10.2	3.9	порода-охристая	0.602	53.7	9.0	11.0	14.2	bbox	298	119.2	106.1	119.2	1797,72,31,30	1098.7	39.4862243	73.5854625	4440.9
300	300	1.362	палка-ручка-пробка	10.8	4.5	лишайник-жёлтый-на-камне	0.568	71.2	-1.0	14.0	14.0	bbox	299	37.0	36.0	45.1	181,155,24,26	1098.6	39.4862336	73.5854575	4440.9
301	301	1.978	палка-ручка-пробка	15.7	8.2	снег-розовый	1.033	83.9	-2.0	9.0	9.2	bbox	300	248.3	248.3	250.3	13,305,20,48	1095.2	39.4859098	73.5858019	4439.5
302	302	1.338	палка-ручка-пробка	10.3	10.2	порода-охристая	1.357	65.5	14.0	18.0	22.8	bbox	301	196.3	196.3	206.3	1865,723,16,29	1092.8	39.4859631	73.5857882	4439.5
303	303	1.387	стакан-марка-красная	2.2	38.0	порода-в-тени	1.458	11.8	9.0	2.0	9.2	bbox	302	261.3	261.3	261.3	0,1041,19,39	1092.5	39.4859083	73.5858006	4439.5
304	304	1.815	палка-ручка-пробка	14.4	5.9	лишайник-жёлтый-на-камне	1.163	69.8	-7.0	15.0	16.6	bbox	303	147.2	147.2	147.2	401,1055,14,25	1092.3	39.4859623	73.5857913	4439.5
305	305	1.441	стакан-марка-красная	11.2	9.8	снег-освещённый	0.777	59.6	0.0	-1.0	1.0	bbox	304	173.2	164.2	176.2	739,869,24,24	1088.5	39.4859632	73.5857881	4439.5
306	306	2.191	стакан-марка-красная	17.5	3.7	корка-жёлтая-на-скале	0.803	46.1	-4.0	10.0	10.8	bbox	305	248.3	248.3	249.3	173,616,24,25	1087.2	39.4859098	73.5858019	4439.5
307	307	1.089	стакан-марка-красная	3.0	28.6	порода-в-тени	1.275	21.2	8.0	1.0	8.1	bbox	306	248.3	248.3	249.3	0,229,21,28	1086.7	39.4859098	73.5858019	4439.5
308	308	2.321	стакан-марка-красная	17.5	21.8	порода-охристая	1.339	28.0	20.0	16.0	25.6	bbox	307	261.3	261.3	261.3	0,361,13,26	1083.4	39.4859083	73.5858006	4439.5
309	309	0.451	палка-ручка-контроль	3.6	0.6	лишайник-жёлтый-на-камне	0.832	58.2	4.0	23.0	23.3	bbox	308	276.4	275.4	276.4	73,241,16,44	1078.6	39.4859994	73.5857769	4439.5
310	310	1.078	палка-ручка-пробка	8.2	8.8	лишайник-жёлтый-на-камне	1.464	66.9	13.0	21.0	24.7	bbox	309	275.4	275.4	276.4	1815,519,32,26	1076.5	39.4859992	73.5857767	4439.5
311	311	1.634	стакан-марка-красная	13.0	3.3	снег-освещённый	0.996	53.1	-2.0	0.0	2.0	bbox	310	289.4	288.4	295.4	769,223,24,15	1076.0	39.4859981	73.5857750	4439.5
312	312	1.872	стакан-марка-красная	14.4	14.1	корка-жёлтая-на-скале	0.875	35.7	-1.0	9.0	9.1	bbox	311	147.2	147.2	147.2	945,903,19,34	1074.9	39.4859623	73.5857913	4439.5
313	313	0.840	палка-ручка-пробка	6.7	1.2	лишайник-жёлтый-на-камне	0.322	74.5	2.0	17.0	17.1	bbox	312	78.1	76.1	79.1	1591,601,20,16	1066.8	39.4862259	73.5854595	4440.9
314	314	0.453	палка-ручка-контроль	3.6	1.2	лишайник-жёлтый-на-камне	1.694	58.8	8.0	29.0	30.1	bbox	313	302.4	302.4	302.4	773,29,16,48	1065.9	39.4859965	73.5857760	4439.5
315	315	0.626	палка-ручка-пробка	5.0	0.8	лишайник-жёлтый-на-камне	1.310	76.5	10.0	23.0	25.1	bbox	314	270.3	270.3	270.3	1028,57,29,26	1065.0	39.4860009	73.5857771	4439.5
316	316	0.678	палка-ручка-пробка	5.2	5.1	лишайник-жёлтый-на-камне	0.289	70.6	3.5	18.0	18.3	bbox	315	326.4	324.4	326.4	139,333,33,22	1064.0	39.4860314	73.5856299	4439.6
317	317	1.190	стакан-марка-красная	8.2	16.7	снег-розовый	0.561	66.5	3.0	-1.0	3.2	bbox	316	246.3	246.3	249.3	203,17,22,16	1060.8	39.4859098	73.5858015	4439.5
318	318	1.625	рюкзак-синий	12.2	16.1	порода-в-тени	0.196	22.7	-1.0	-2.0	2.2	bbox	317	280.4	280.4	283.4	905,255,24,26	1060.8	39.4859997	73.5857779	4439.6
319	319	1.702	палка-ручка-контроль	12.1	21.9	порода-охристая	0.584	35.7	12.0	15.5	19.6	bbox	318	196.3	196.3	196.3	419,979,26,38	1058.8	39.4859631	73.5857882	4439.5
320	320	1.766	стакан-марка-красная	8.6	39.2	снег-розовый	0.692	89.0	4.0	6.0	7.2	bbox	319	146.2	144.2	146.2	1491,317,25,30	1057.0	39.4859634	73.5857865	4439.5
321	321	0.987	палка-ручка-контроль	7.8	4.0	лишайник-жёлтый-на-камне	2.191	61.6	11.0	32.0	33.8	bbox	320	310.4	310.4	310.4	1175,493,22,20	1056.7	39.4859957	73.5857766	4439.6
322	322	1.104	стакан-марка-красная	5.0	25.5	снег-розовый	0.843	75.3	8.0	5.0	9.4	bbox	321	166.2	166.2	167.2	81,91,20,22	1053.4	39.4859635	73.5857899	4439.5
323	323	1.738	предмет-оранжевый	11.4	27.8	порода-охристая	2.122	36.5	23.0	23.0	32.5	bbox	322	69.1	69.1	69.1	0,22,21,35	1052.3	39.4862288	73.5854587	4440.9
324	324	1.565	стакан-марка-красная	9.8	27.1	порода-охристая	0.760	22.7	15.0	10.0	18.0	bbox	323	289.4	289.4	289.4	0,116,11,37	1052.1	39.4859981	73.5857750	4439.5
325	325	0.691	палка-ручка-контроль	5.4	4.4	лишайник-жёлтый-на-камне	1.431	62.0	11.0	24.0	26.4	bbox	324	248.3	247.3	250.3	1728,484,40,18	1049.9	39.4859098	73.5858019	4439.5
326	326	1.606	стакан-марка-красная	12.1	15.3	порода-в-тени	1.040	34.5	0.0	6.0	6.0	bbox	325	8.0	2.0	9.0	1741,413,20,34	1049.4	39.4862328	73.5854586	4440.9
327	327	1.723	стакан-марка-красная	13.0	15.7	снег-розовый	0.901	65.5	0.0	8.0	8.0	bbox	326	283.4	283.4	283.4	1489,1063,30,17	1048.3	39.4859991	73.5857769	4439.5
328	328	1.527	стакан-марка-красная	11.2	17.3	порода-охристая	0.349	32.5	13.0	12.0	17.7	bbox	327	164.2	164.2	167.2	1543,33,28,23	1046.7	39.4859635	73.5857904	4439.5
329	329	0.856	предмет-оранжевый	3.6	20.4	порода-охристая	3.030	43.9	23.0	32.0	39.4	bbox	328	7.0	5.0	11.0	513,111,16,34	1046.2	39.4862327	73.5854586	4440.9
330	330	1.310	стакан-марка-красная	9.8	12.6	снег-розовый	0.661	62.4	2.0	5.0	5.4	bbox	329	286.4	286.4	289.4	484,10,22,24	1043.1	39.4859986	73.5857757	4439.5
331	331	1.529	палка-ручка-пробка	11.7	13.0	порода-охристая	0.905	62.7	11.0	13.0	17.0	bbox	330	171.2	170.2	173.2	184,699,33,36	1042.1	39.4859630	73.5857884	4439.5
332	332	1.400	палка-ручка-контроль	10.3	15.4	порода-охристая	1.353	42.2	15.0	21.0	25.8	bbox	331	254.3	254.3	255.3	258,175,23,22	1040.4	39.4859093	73.5858015	4439.5
333	333	1.494	палка-ручка-контроль	11.4	12.5	порода-охристая	1.694	45.1	17.0	23.0	28.6	bbox	332	187.2	187.2	192.2	1528,16,25,15	1037.7	39.4859637	73.5857885	4439.5
334	334	1.631	стакан-марка-красная	12.1	17.3	порода-в-тени	1.008	32.5	0.0	6.0	6.0	bbox	333	25.0	24.0	29.0	1553,65,22,29	1036.5	39.4862334	73.5854584	4440.9
335	335	1.508	предмет-оранжевый	12.0	2.8	порода-охристая	4.116	67.1	32.0	35.0	47.4	bbox	334	57.1	57.1	60.1	151,465,18,28	1035.9	39.4862321	73.5854570	4440.9
336	336	1.708	палка-ручка-контроль	12.1	22.3	корка-жёлтая-на-скале	0.464	35.3	1.0	15.0	15.0	bbox	335	308.4	304.4	310.4	1565,1011,54,30	1033.2	39.4859965	73.5857764	4439.5
337	337	1.703	стакан-марка-красная	13.4	8.2	снег-розовый	1.010	58.0	-1.0	7.0	7.1	bbox	336	35.0	35.0	36.0	159,685,30,20	1032.4	39.4862336	73.5854577	4440.9
338	338	0.887	предмет-оранжевый	7.1	2.1	порода-охристая	2.392	62.2	19.0	27.0	33.0	bbox	337	256.3	252.3	259.3	0,469,17,18	1032.2	39.4859089	73.5858010	4439.5
339	339	1.507	стакан-марка-красная	12.0	2.0	порода-охристая	0.553	51.8	12.0	13.0	17.7	bbox	338	158.2	157.2	159.2	1795,222,21,26	1031.9	39.4859625	73.5857916	4439.5
340	340	0.442	палка-ручка-пробка	2.0	10.2	лишайник-жёлтый-на-камне	0.625	65.5	5.0	21.0	21.6	bbox	339	214.3	211.3	217.3	174,769,19,28	1029.5	39.4859374	73.5857952	4439.5
341	341	1.304	рюкзак-синий	10.0	9.8	порода-в-тени	0.546	29.0	0.0	-4.0	4.0	bbox	340	90.1	86.1	91.1	1435,251,30,16	1020.6	39.4862233	73.5854589	4440.9
342	342	1.327	палка-ручка-пробка	9.5	16.7	лишайник-жёлтый-на-камне	1.030	92.4	2.0	14.0	14.1	bbox	341	294.4	294.4	295.4	1679,191,46,34	1018.1	39.4859967	73.5857742	4439.5
343	343	1.679	стакан-марка-красная	5.8	42.3	порода-в-тени	1.109	7.5	6.0	-2.0	6.3	bbox	342	64.1	64.1	64.1	501,800,18,25	1018.0	39.4862304	73.5854582	4440.9
344	344	1.474	палка-ручка-пробка	11.7	4.9	порода-охристая	1.652	70.8	16.0	19.0	24.8	bbox	343	195.3	195.3	196.3	1849,707,14,24	1013.8	39.4859635	73.5857880	4439.5
345	345	1.306	стакан-марка-красная	7.8	24.3	порода-охристая	1.080	25.5	5.0	6.0	7.8	bbox	344	200.3	200.3	200.3	1745,11,48,22	1011.4	39.4859445	73.5857873	4439.5
346	346	0.257	палка-ручка-контроль	2.0	1.6	лишайник-жёлтый-на-камне	1.032	59.2	6.0	24.0	24.7	bbox	345	334.4	333.4	336.4	1009,153,14,32	1011.1	39.4860314	73.5856301	4439.6
347	347	1.495	стакан-марка-красная	5.0	38.0	порода-охристая	1.138	11.8	11.0	6.0	12.5	bbox	346	309.4	308.4	309.4	403,0,26,21	1010.9	39.4859961	73.5857763	4439.5
348	348	1.461	палка-ручка-контроль	11.2	11.9	порода-охристая	0.677	45.7	11.0	16.0	19.4	bbox	347	252.3	252.3	254.3	1641,304,24,27	1008.7	39.4859095	73.5858021	4439.5
349	349	1.912	стакан-марка-красная	15.3	3.5	корка-жёлтая-на-скале	0.815	53.3	-2.0	9.0	9.2	bbox	348	287.4	285.4	287.4	1789,921,28,34	1008.1	39.4859987	73.5857754	4439.5
350	350	1.988	стакан-марка-красная	15.7	9.8	корка-жёлтая-на-скале	1.041	59.6	-3.0	8.0	8.5	bbox	349	81.1	74.1	81.1	231,882,34,33	1007.5	39.4862252	73.5854596	4440.9
351	351	0.803	палка-ручка-пробка	6.4	1.9	лишайник-жёлтый-на-камне	0.468	77.6	1.0	18.0	18.0	bbox	350	325.4	324.4	325.4	337,281,46,24	1007.3	39.4860314	73.5856299	4439.6
352	352	1.950	палка-ручка-пробка	13.4	27.9	корка-жёлтая-на-скале	0.515	47.8	-1.0	11.0	11.0	bbox	351	218.3	211.3	218.3	1863,957,32,22	1006.4	39.4859374	73.5857951	4439.5
353	353	1.310	предмет-оранжевый	10.4	3.1	порода-охристая	1.966	61.2	17.0	24.0	29.4	bbox	352	128.2	128.2	128.2	91,253,24,16	1003.5	39.4862260	73.5854623	4440.9
354	354	1.156	палка-ручка-контроль	8.5	12.9	порода-охристая	1.154	44.7	12.0	20.0	23.3	bbox	353	256.3	256.3	256.3	1853,11,44,20	1002.5	39.4859089	73.5858010	4439.5
355	355	1.490	стакан-марка-красная	11.4	12.2	снег-розовый	0.661	62.0	0.0	4.0	4.0	bbox	354	329.4	327.4	329.4	167,1025,16,40	1001.6	39.4860308	73.5856306	4439.6
356	356	2.056	стакан-марка-красная	15.6	18.0	корка-жёлтая-на-скале	0.770	31.8	-1.0	11.0	11.0	bbox	355	308.4	303.4	308.4	271,815,40,18	1000.5	39.4859965	73.5857764	4439.5
357	357	1.437	стакан-марка-красная	9.5	22.7	порода-в-тени	0.568	27.1	2.0	-2.0	2.8	bbox	356	83.1	82.1	83.1	1107,635,18,34	1000.1	39.4862250	73.5854593	4440.9
358	358	1.570	стакан-марка-красная	12.2	11.0	снег-освещённый	0.726	60.8	-1.0	-1.0	1.4	bbox	357	130.2	130.2	130.2	1275,321,30,16	999.4	39.4862267	73.5854625	4440.9
359	359	1.018	палка-ручка-пробка	7.1	14.1	лишайник-жёлтый-на-камне	0.534	61.6	6.0	16.0	17.1	bbox	358	195.3	195.3	212.3	47,795,26,38	996.0	39.4859635	73.5857880	4439.5
360	360	1.643	стакан-марка-красная	12.6	12.6	снег-розовый	0.760	62.4	-1.0	5.0	5.1	bbox	359	207.3	207.3	207.3	1497,669,20,34	994.6	39.4859364	73.5857938	4439.5
361	361	1.382	рюкзак-синий	10.3	14.1	порода-в-тени	0.580	24.7	-4.0	-5.0	6.4	bbox	360	333.4	333.4	337.4	947,520,19,27	992.5	39.4860311	73.5856302	4439.6
362	362	1.715	палка-ручка-контроль	13.5	9.4	порода-охристая	0.874	48.2	15.0	16.0	21.9	bbox	361	149.2	148.2	149.2	39,753,26,12	991.8	39.4859620	73.5857928	4439.5
363	363	1.906	стакан-марка-красная	15.2	2.3	порода-охристая	0.958	47.5	17.0	15.0	22.7	bbox	362	79.1	79.1	80.1	1859,655,32,18	990.5	39.4862255	73.5854598	4440.9
364	364	1.299	палка-ручка-пробка	9.8	11.6	лишайник-жёлтый-на-камне	0.792	64.1	-4.0	19.0	19.4	bbox	363	282.4	278.4	282.4	13,673,16,30	989.3	39.4859995	73.5857772	4439.5
365	365	1.167	предмет-оранжевый	8.5	13.2	лишайник-жёлтый-на-камне	2.193	77.5	12.0	31.0	33.2	bbox	364	311.4	311.4	315.4	619,39,22,21	988.9	39.4859958	73.5857767	4439.6
366	366	1.757	стакан-марка-красная	13.3	15.5	порода-в-тени	0.798	34.3	-2.0	4.0	4.5	bbox	365	247.3	246.3	247.3	67,609,22,28	988.4	39.4859100	73.5858018	4439.5
367	367	1.466	палка-ручка-контроль	11.7	4.5	порода-охристая	1.390	53.1	16.0	20.0	25.6	bbox	366	137.2	137.2	138.2	1753,993,20,20	985.1	39.4861792	73.5854706	4440.9
368	368	1.870	стакан-марка-красная	8.9	42.0	снег-розовый	0.642	91.8	3.0	5.0	5.8	bbox	367	143.2	143.2	143.2	143,659,21,30	985.1	39.4860000	73.5856715	4440.4
369	369	0.458	палка-ручка-контроль	2.2	10.1	лишайник-жёлтый-на-камне	1.254	47.5	7.0	24.0	25.0	bbox	368	245.3	245.3	245.3	1858,123,25,17	983.1	39.4859096	73.5858012	4439.5
370	370	1.969	стакан-марка-красная	11.4	38.0	порода-в-тени	0.740	11.8	0.0	4.0	4.0	bbox	369	303.4	303.4	303.4	565,833,30,24	981.9	39.4859965	73.5857762	4439.5
371	371	1.444	стакан-марка-красная	5.8	34.9	порода-охристая	1.112	14.9	8.0	6.0	10.0	bbox	370	328.4	323.4	329.4	185,513,12,72	978.7	39.4860310	73.5856305	4439.6
372	372	1.309	палка-ручка-пробка	8.5	21.2	корка-жёлтая-на-скале	0.346	54.5	2.0	15.0	15.1	bbox	371	121.2	121.2	121.2	1803,0,37,9	976.3	39.4862246	73.5854616	4440.9
373	373	0.952	палка-ручка-пробка	7.3	7.9	лишайник-жёлтый-на-камне	1.349	67.8	12.0	21.0	24.2	bbox	372	291.4	290.4	294.4	1803,279,22,42	975.8	39.4859980	73.5857746	4439.5
374	374	2.065	палка-ручка-пробка	16.1	12.5	снег-розовый	1.140	88.2	-3.0	9.0	9.5	bbox	373	1.0	0.0	1.0	273,969,26,27	975.4	39.4862323	73.5854594	4440.9
375	375	0.763	палка-ручка-пробка	4.5	14.5	лишайник-жёлтый-на-камне	0.538	61.2	1.0	21.0	21.0	bbox	374	178.2	176.2	180.2	1863,347,19,28	974.8	39.4859639	73.5857883	4439.5
376	376	0.888	палка-ручка-контроль	7.1	2.3	лишайник-жёлтый-на-камне	1.284	55.3	11.0	21.0	23.7	bbox	375	217.3	207.3	217.3	1850,1045,22,22	974.1	39.4859374	73.5857951	4439.5
377	377	1.951	стакан-марка-красная	15.0	15.1	корка-жёлтая-на-скале	0.791	34.7	-1.0	10.0	10.0	bbox	376	316.4	316.4	316.4	209,1035,16,22	973.4	39.4860111	73.5857029	4439.5
378	378	0.858	предмет-оранжевый	6.7	5.1	лишайник-жёлтый-на-камне	2.309	69.4	14.0	31.0	34.0	bbox	377	308.4	303.4	308.4	1572,851,23,16	972.4	39.4859965	73.5857764	4439.5
379	379	1.706	стакан-марка-красная	13.6	3.9	порода-охристая	0.680	45.9	15.0	14.0	20.5	bbox	378	101.1	101.1	102.1	1710,789,16,36	971.7	39.4862222	73.5854602	4440.9
380	380	1.630	стакан-марка-красная	13.0	0.8	порода-в-тени	1.030	49.0	-2.0	0.0	2.0	bbox	379	274.4	274.4	274.4	1035,467,8,46	971.5	39.4859993	73.5857767	4439.6
381	381	1.110	стакан-марка-красная	7.1	18.8	порода-в-тени	0.920	31.0	4.0	2.0	4.5	bbox	380	242.3	241.3	242.3	202,985,25,28	971.4	39.4859093	73.5858007	4439.5
382	382	1.389	стакан-марка-красная	10.8	9.6	порода-охристая	0.504	40.2	15.0	11.0	18.6	bbox	381	149.2	148.2	149.2	727,585,26,20	967.9	39.4859620	73.5857928	4439.5
383	383	0.923	стакан-марка-красная	7.3	4.3	порода-охристая	0.517	45.5	13.0	8.0	15.3	bbox	382	281.4	278.4	281.4	0,1017,9,63	963.0	39.4859998	73.5857775	4439.5
384	384	1.756	стакан-марка-красная	11.0	30.6	порода-в-тени	0.356	19.2	0.0	1.0	1.0	bbox	383	228.3	227.3	236.3	485,633,28,22	962.9	39.4859391	73.5857959	4439.5
385	385	1.638	стакан-марка-красная	10.0	29.4	снег-освещённый	0.256	79.2	1.0	0.0	1.0	bbox	384	227.3	227.3	235.3	817,167,24,18	961.8	39.4859387	73.5857959	4439.5
386	386	1.642	палка-ручка-контроль	10.6	27.0	порода-охристая	1.104	30.6	14.0	19.0	23.6	bbox	385	207.3	200.3	211.3	1883,607,22,20	961.7	39.4859364	73.5857938	4439.5
387	387	1.776	стакан-марка-красная	7.1	43.1	порода-в-тени	0.905	6.7	4.0	0.0	4.0	bbox	386	223.3	223.3	223.3	62,1018,15,31	959.8	39.4859375	73.5857958	4439.5
388	388	0.419	стакан-марка-красная	3.2	3.9	порода-охристая	1.216	45.9	8.0	2.0	8.2	bbox	387	215.3	214.3	218.3	13,57,26,21	957.5	39.4859375	73.5857951	4439.5
389	389	0.809	рюкзак-синий	5.8	9.8	снег-в-тени	0.281	48.6	-2.0	-9.0	9.2	bbox	388	32.0	29.0	32.0	1897,327,23,21	955.1	39.4862337	73.5854574	4440.9
390	390	0.520	палка-ручка-контроль	4.1	2.0	лишайник-жёлтый-на-камне	1.615	59.6	10.0	27.0	28.8	bbox	389	277.4	277.4	277.4	97,59,26,30	954.9	39.4859996	73.5857774	4439.5
391	391	0.907	палка-ручка-пробка	7.2	2.7	лишайник-жёлтый-на-камне	0.478	78.4	1.0	17.0	17.0	bbox	390	49.1	49.1	50.1	35,791,26,14	953.6	39.4862327	73.5854562	4440.9
392	392	2.246	стакан-марка-красная	12.2	46.3	снег-освещённый	0.662	96.1	-1.0	3.0	3.2	bbox	391	272.4	272.4	273.4	1023,545,10,48	952.9	39.4860003	73.5857769	4439.5
393	393	0.958	палка-ручка-пробка	7.6	3.1	лишайник-жёлтый-на-камне	0.897	78.8	8.0	16.0	17.9	bbox	392	248.3	248.3	248.3	1555,39,51,21	951.6	39.4859098	73.5858019	4439.5
394	394	0.359	палка-ручка-контроль	2.2	6.3	лишайник-жёлтый-на-камне	0.954	63.9	5.0	24.0	24.5	bbox	393	319.4	319.4	319.4	1355,1041,30,16	947.7	39.4860315	73.5856313	4439.6
395	395	1.481	стакан-марка-красная	11.2	13.7	порода-в-тени	0.613	36.1	0.0	-1.0	1.0	bbox	394	230.3	225.3	235.3	1009,769,14,16	946.8	39.4859352	73.5857965	4439.5
396	396	1.636	палка-ручка-пробка	12.6	11.8	порода-охристая	1.547	63.9	17.0	19.0	25.5	bbox	395	128.2	128.2	128.2	167,97,22,32	946.0	39.4862260	73.5854623	4440.9
397	397	1.494	палка-ручка-контроль	11.4	12.5	порода-охристая	1.143	45.1	15.0	19.0	24.2	bbox	396	180.2	180.2	185.2	1613,83,20,18	944.6	39.4859639	73.5857880	4439.5
398	398	1.717	рюкзак-синий	12.0	23.1	порода-в-тени	0.326	15.7	0.0	-2.0	2.0	bbox	397	265.3	264.3	265.3	689,561,20,21	942.9	39.4859539	73.5857892	4439.5
399	399	1.251	палка-ручка-пробка	10.0	1.6	лишайник-жёлтый-на-камне	1.227	77.3	11.0	15.0	18.6	bbox	398	38.0	35.0	43.1	1215,553,29,18	941.7	39.4862336	73.5854573	4440.9
400	400	1.467	палка-ручка-пробка	10.0	21.2	лишайник-жёлтый-на-камне	0.809	54.5	6.0	13.0	14.3	bbox	399	180.2	180.2	180.2	1749,35,31,22	941.3	39.4859639	73.5857880	4439.5
401	401	0.869	палка-ручка-контроль	6.9	1.2	лишайник-жёлтый-на-камне	1.446	58.8	12.0	22.5	25.5	bbox	400	83.1	82.1	83.1	1142,77,19,28	939.1	39.4862250	73.5854593	4440.9
402	402	1.044	палка-ручка-пробка	8.2	4.7	лишайник-жёлтый-на-камне	0.701	71.0	7.0	15.0	16.6	bbox	401	38.0	35.0	43.1	1163,603,36,16	937.6	39.4862336	73.5854573	4440.9
403	403	1.054	предмет-оранжевый	7.1	16.1	лишайник-жёлтый-на-камне	2.296	48.2	15.0	29.0	32.6	bbox	402	293.4	292.4	295.4	1831,161,27,19	935.3	39.4859970	73.5857744	4439.5
404	404	1.293	палка-ручка-контроль	9.4	14.9	корка-жёлтая-на-скале	0.811	42.7	-2.0	21.0	21.1	bbox	403	293.4	292.4	297.4	1507,163,26,22	933.6	39.4859970	73.5857744	4439.5
405	405	1.023	палка-ручка-контроль	7.8	8.6	порода-охристая	1.312	49.0	12.0	21.0	24.2	bbox	404	184.2	182.2	184.2	185,923,24,22	933.5	39.4859636	73.5857883	4439.5
406	406	0.826	палка-ручка-пробка	6.1	9.0	лишайник-жёлтый-на-камне	0.502	66.7	6.0	17.0	18.0	bbox	405	133.2	130.2	134.2	444,546,21,29	931.5	39.4862277	73.5854628	4440.9
407	407	1.981	стакан-марка-красная	13.9	26.7	снег-розовый	0.839	76.5	-1.0	8.0	8.1	bbox	406	69.1	69.1	73.1	1857,979,16,21	931.1	39.4862288	73.5854587	4440.9
408	408	0.852	палка-ручка-контроль	6.8	1.7	лишайник-жёлтый-на-камне	1.932	55.9	12.5	28.0	30.7	bbox	407	300.4	300.4	308.4	1205,29,10,66	930.9	39.4859966	73.5857753	4439.5
409	409	1.495	стакан-марка-красная	11.2	14.9	порода-в-тени	0.575	34.9	0.0	-1.0	1.0	bbox	408	237.3	237.3	237.3	1231,561,10,32	928.2	39.4859086	73.5857995	4439.5
410	410	1.170	стакан-марка-красная	8.2	15.5	снег-розовый	0.591	65.3	3.0	-1.0	3.2	bbox	409	261.3	261.3	266.3	1858,545,11,50	927.0	39.4859083	73.5858006	4439.5
411	411	1.151	рюкзак-синий	9.0	6.8	снег-в-тени	0.690	32.0	1.0	-5.0	5.1	bbox	410	80.1	80.1	81.1	1731,81,29,16	926.9	39.4862254	73.5854596	4440.9
412	412	1.969	палка-ручка-контроль	15.6	7.0	порода-охристая	1.160	50.6	18.0	16.0	24.1	bbox	411	99.1	93.1	100.1	1405,831,21,20	926.5	39.4862226	73.5854597	4440.9
413	413	1.821	стакан-марка-красная	14.4	7.3	корка-жёлтая-на-скале	0.829	57.1	-1.0	9.0	9.1	bbox	412	121.2	120.2	127.2	137,205,24,26	926.2	39.4862246	73.5854616	4440.9
414	414	1.505	стакан-марка-красная	12.0	0.0	порода-охристая	0.494	49.8	12.0	13.0	17.7	bbox	413	182.2	182.2	183.2	9,145,36,30	925.6	39.4859637	73.5857883	4439.5
415	415	1.378	палка-ручка-контроль	10.8	7.4	порода-охристая	1.301	50.2	15.0	20.0	25.0	bbox	414	244.3	244.3	244.3	185,1065,28,15	925.1	39.4859095	73.5858011	4439.5
416	416	1.873	палка-ручка-пробка	13.9	19.6	корка-жёлтая-на-скале	0.632	56.1	-2.0	11.0	11.2	bbox	415	147.2	147.2	147.2	17,656,25,18	925.0	39.4859623	73.5857913	4439.5
417	417	1.385	палка-ручка-контроль	10.8	9.1	порода-охристая	1.817	66.7	16.0	22.0	27.2	bbox	416	2.0	2.0	3.0	460,179,23,20	923.2	39.4862325	73.5854593	4441.0
418	418	1.471	палка-ручка-контроль	11.4	10.1	порода-охристая	1.164	47.5	15.0	19.0	24.2	bbox	417	271.3	271.3	276.4	1445,599,22,18	921.7	39.4860007	73.5857770	4439.5
419	419	0.826	палка-ручка-пробка	6.4	5.7	лишайник-жёлтый-на-камне	1.050	81.4	9.0	18.0	20.1	bbox	418	342.4	342.4	342.4	1897,1009,23,16	917.4	39.4860317	73.5856295	4439.6
420	420	1.748	рюкзак-синий	13.6	11.3	порода-в-тени	0.281	27.5	-3.0	-1.0	3.2	bbox	419	284.4	281.4	284.4	912,1045,41,20	917.0	39.4859989	73.5857765	4439.5
421	421	0.452	палка-ручка-контроль	3.6	0.8	лишайник-жёлтый-на-камне	1.696	58.4	8.0	29.0	30.1	bbox	420	300.4	300.4	309.4	955,69,17,28	914.2	39.4859966	73.5857753	4439.5
422	422	1.342	палка-ручка-контроль	9.5	17.6	порода-охристая	1.582	40.0	15.0	23.0	27.5	bbox	421	238.3	238.3	239.3	441,369,22,16	913.2	39.4859089	73.5857998	4439.5
423	423	1.979	стакан-марка-красная	14.8	20.0	снег-розовый	0.943	69.8	-2.0	8.0	8.2	bbox	422	69.1	69.1	76.1	1841,1041,16,16	912.6	39.4862288	73.5854587	4440.9
424	424	1.403	палка-ручка-контроль	10.3	15.6	порода-охристая	0.761	42.0	11.0	17.0	20.2	bbox	423	251.3	251.3	255.3	1677,47,26,26	912.6	39.4859096	73.5858023	4439.5
425	425	1.510	палка-ручка-пробка	10.8	18.8	корка-жёлтая-на-скале	0.369	56.9	-1.0	14.0	14.0	bbox	424	326.4	326.4	326.4	127,233,18,32	912.2	39.4860314	73.5856299	4439.6
426	426	1.548	стакан-марка-красная	12.4	2.4	снег-в-тени	0.776	52.2	-1.0	-2.0	2.2	bbox	425	157.2	157.2	159.2	1889,143,31,11	911.2	39.4859621	73.5857914	4439.5
427	427	1.002	палка-ручка-пробка	8.0	0.6	лишайник-жёлтый-на-камне	0.990	75.1	-3.0	22.5	22.7	bbox	426	250.3	250.3	253.3	13,129,14,34	910.8	39.4859098	73.5858021	4439.5
428	428	1.155	палка-ручка-пробка	9.1	6.5	лишайник-жёлтый-на-камне	1.630	69.2	14.0	22.0	26.1	bbox	427	237.3	236.3	239.3	585,397,16,16	910.3	39.4859086	73.5857995	4439.5
429	429	2.198	палка-ручка-пробка	17.1	14.5	снег-розовый	0.857	90.2	-1.0	7.0	7.1	bbox	428	50.1	50.1	50.1	1107,835,25,22	909.1	39.4862327	73.5854562	4440.9
430	430	1.640	стакан-марка-красная	13.0	6.3	порода-охристая	0.923	56.1	16.0	13.0	20.6	bbox	429	99.1	91.1	100.1	1475,769,27,16	906.4	39.4862226	73.5854597	4440.9
431	431	1.250	палка-ручка-контроль	9.8	6.0	порода-охристая	1.537	51.6	15.0	22.0	26.6	bbox	430	246.3	246.3	246.3	655,1063,20,17	906.2	39.4859098	73.5858015	4439.5
432	432	1.742	стакан-марка-красная	13.3	14.1	порода-охристая	0.539	35.7	14.0	14.0	19.8	bbox	431	151.2	151.2	151.2	1029,239,22,16	905.9	39.4859618	73.5857922	4439.5
433	433	1.590	палка-ручка-пробка	12.2	13.0	лишайник-жёлтый-на-камне	1.508	62.7	-7.0	25.0	26.0	bbox	432	304.4	304.4	309.4	1727,37,20,26	905.3	39.4859966	73.5857761	4439.5
434	434	1.534	палка-ручка-контроль	12.2	4.4	порода-охристая	1.449	62.0	16.0	19.0	24.8	bbox	433	81.1	81.1	81.1	1143,730,26,27	904.4	39.4862252	73.5854596	4440.9
435	435	0.674	палка-ручка-контроль	5.4	1.1	лишайник-жёлтый-на-камне	0.957	56.5	8.0	21.0	22.5	bbox	434	198.3	197.3	201.3	133,683,23,28	903.6	39.4859532	73.5857876	4439.5
436	436	1.925	палка-ручка-контроль	14.1	21.3	порода-охристая	0.887	36.3	16.0	16.0	22.6	bbox	435	271.3	267.3	276.4	679,407,22,18	901.8	39.4860007	73.5857770	4439.5
437	437	1.183	стакан-марка-красная	4.1	29.8	порода-в-тени	1.132	20.0	7.0	0.0	7.0	bbox	436	241.3	240.3	242.3	129,7,22,26	901.1	39.4859092	73.5858004	4439.5
438	438	0.680	палка-ручка-контроль	5.4	2.7	лишайник-жёлтый-на-камне	1.475	54.9	11.0	24.0	26.4	bbox	437	230.3	225.3	236.3	385,919,16,20	898.9	39.4859352	73.5857965	4439.5
439	439	1.291	стакан-марка-красная	10.0	9.0	порода-охристая	0.729	58.8	11.0	11.0	15.6	bbox	438	299.4	294.4	299.4	0,945,17,34	897.9	39.4859965	73.5857748	4439.5
440	440	0.826	палка-ручка-пробка	6.3	6.7	лишайник-жёлтый-на-камне	1.075	69.0	-1.0	25.0	25.0	bbox	439	255.3	252.3	255.3	81,889,30,20	896.9	39.4859090	73.5858011	4439.5
441	441	1.831	стакан-марка-красная	14.6	5.5	снег-розовый	1.080	55.3	-3.0	5.0	5.8	bbox	440	223.3	222.3	223.3	181,1025,20,16	895.4	39.4859375	73.5857958	4439.5
442	442	1.574	стакан-марка-красная	12.2	11.4	порода-в-тени	0.656	38.4	-1.0	-1.0	1.4	bbox	441	187.2	187.2	190.2	1001,129,16,40	894.3	39.4859637	73.5857885	4439.5
443	443	0.876	стакан-марка-красная	6.3	10.6	порода-охристая	0.964	60.4	13.0	7.0	14.8	bbox	442	64.1	64.1	66.1	1362,985,17,20	894.0	39.4862304	73.5854582	4440.9
444	444	0.710	стакан-марка-красная	2.8	17.3	порода-в-тени	1.442	32.5	9.0	-1.0	9.1	bbox	443	89.1	86.1	89.1	1545,499,30,15	892.9	39.4862235	73.5854588	4440.9
445	445	1.635	предмет-оранжевый	13.0	3.5	порода-охристая	1.789	60.8	19.0	21.0	28.3	bbox	444	128.2	128.2	128.2	15,27,26,22	891.9	39.4862260	73.5854623	4440.9
446	446	1.548	стакан-марка-красная	12.4	2.4	снег-розовый	1.014	52.2	-1.0	4.0	4.1	bbox	445	321.4	318.4	324.4	745,419,16,30	890.6	39.4860312	73.5856303	4439.5
447	447	1.516	палка-ручка-контроль	10.8	19.2	порода-охристая	0.760	38.4	12.0	17.0	20.8	bbox	446	130.2	130.2	130.2	553,30,23,19	890.5	39.4862267	73.5854625	4440.9
448	448	1.853	рюкзак-синий	13.0	24.7	порода-в-тени	0.336	14.1	0.0	-1.0	1.0	bbox	447	154.2	154.2	154.2	1049,405,24,20	890.2	39.4859617	73.5857913	4439.5
449	449	0.388	палка-ручка-пробка	3.0	2.8	лишайник-жёлтый-на-камне	1.215	72.9	5.0	26.0	26.5	bbox	448	297.4	294.4	300.4	1177,511,24,34	887.0	39.4859963	73.5857743	4439.5
450	450	1.451	рюкзак-синий	11.0	12.5	порода-в-тени	0.411	26.3	0.0	-3.0	3.0	bbox	449	168.2	168.2	168.2	689,265,24,16	886.9	39.4859631	73.5857891	4439.5
451	451	0.672	стакан-марка-красная	4.0	12.6	порода-охристая	1.138	62.4	11.0	5.0	12.1	bbox	450	180.2	179.2	185.2	225,793,12,36	883.3	39.4859639	73.5857880	4439.5
452	452	1.833	рюкзак-синий	13.0	23.5	порода-в-тени	0.309	15.3	0.0	-1.0	1.0	bbox	451	138.2	138.2	138.2	1729,877,24,20	882.8	39.4861474	73.5854883	4440.9
453	453	0.308	палка-ручка-пробка	1.4	7.0	лишайник-жёлтый-на-камне	1.181	82.7	6.0	24.0	24.7	bbox	452	285.4	285.4	287.4	1401,0,22,25	882.2	39.4859988	73.5857760	4439.5
454	454	1.241	палка-ручка-пробка	9.8	4.3	лишайник-жёлтый-на-камне	1.535	71.4	14.0	19.0	23.6	bbox	453	206.3	202.3	206.3	1745,539,17,23	881.8	39.4859367	73.5857911	4439.5
455	455	1.190	стакан-марка-красная	6.0	25.9	порода-охристая	0.719	23.9	11.0	7.0	13.0	bbox	454	277.4	277.4	277.4	121,533,14,40	879.8	39.4859996	73.5857774	4439.5
456	456	1.435	стакан-марка-красная	11.0	11.0	порода-в-тени	0.715	38.8	0.0	0.0	0.0	bbox	455	274.4	274.4	274.4	1017,585,12,40	878.9	39.4859993	73.5857767	4439.6
457	457	2.401	палка-ручка-пробка	19.2	0.0	снег-освещённый	1.263	75.7	-7.0	8.0	10.6	bbox	456	190.2	190.2	191.2	1769,27,20,36	878.5	39.4859633	73.5857888	4439.5
458	458	0.885	палка-ручка-контроль	6.7	7.9	лишайник-жёлтый-на-камне	1.458	65.5	12.0	23.0	25.9	bbox	457	240.3	240.3	240.3	181,625,22,28	877.2	39.4859091	73.5857999	4439.5
459	459	0.799	стакан-марка-красная	5.0	13.9	порода-охристая	1.012	35.9	7.0	4.0	8.1	bbox	458	242.3	238.3	242.3	241,28,18,49	876.5	39.4859093	73.5858007	4439.5
460	460	1.602	стакан-марка-красная	12.6	7.3	снег-розовый	0.905	57.1	-1.0	5.0	5.1	bbox	459	258.3	258.3	259.3	913,545,15,30	871.9	39.4859084	73.5858008	4439.5
461	461	1.399	палка-ручка-пробка	10.4	14.1	лишайник-жёлтый-на-камне	0.912	61.6	8.0	13.0	15.3	bbox	460	113.1	109.1	120.2	662,89,19,19	870.9	39.4862236	73.5854632	4440.9
462	462	0.662	палка-ручка-контроль	3.6	13.6	лишайник-жёлтый-на-камне	1.689	71.2	8.0	29.0	30.1	bbox	461	302.4	298.4	303.4	135,888,18,29	869.3	39.4859965	73.5857760	4439.5
463	463	0.807	стакан-марка-красная	6.4	2.9	снег-розовый	1.086	52.7	6.0	5.0	7.8	bbox	462	182.2	182.2	184.2	0,41,31,24	867.1	39.4859637	73.5857883	4439.5
464	464	1.238	палка-ручка-контроль	9.4	10.5	порода-охристая	0.928	47.1	11.0	18.0	21.1	bbox	463	289.4	289.4	296.4	1892,9,28,16	863.0	39.4859981	73.5857750	4439.5
465	465	0.938	палка-ручка-пробка	5.7	17.3	лишайник-жёлтый-на-камне	0.944	58.4	9.0	19.0	21.0	bbox	464	261.3	258.3	261.3	97,82,21,30	862.2	39.4859083	73.5858006	4439.5
466	466	1.047	стакан-марка-красная	8.2	5.1	порода-охристая	0.687	54.9	9.0	9.0	12.7	bbox	465	253.3	253.3	254.3	195,61,60,22	861.6	39.4859094	73.5858019	4439.5
467	467	0.754	палка-ручка-контроль	5.0	11.8	лишайник-жёлтый-на-камне	1.825	69.4	6.0	31.0	31.6	bbox	466	303.4	303.4	307.4	789,143,12,56	861.2	39.4859965	73.5857762	4439.5
468	468	1.141	палка-ручка-контроль	9.1	0.2	лишайник-жёлтый-на-камне	1.159	57.8	-3.0	24.5	24.7	bbox	467	280.4	279.4	282.4	109,573,16,26	860.2	39.4859997	73.5857779	4439.6
469	469	1.548	палка-древко-контроль	11.0	19.6	снег-пересвеченный	1.229	61.2	-9.0	-4.0	9.8	bbox	468	2.0	2.0	5.0	1273,551,24,15	859.9	39.4862325	73.5854593	4441.0
470	470	1.814	палка-ручка-пробка	14.3	8.2	снег-розовый	1.092	83.9	-1.0	10.0	10.0	bbox	469	346.4	346.4	348.4	1829,33,26,64	858.3	39.4860310	73.5856300	4439.6
471	471	0.794	палка-ручка-пробка	6.3	2.0	лишайник-жёлтый-на-камне	0.319	73.7	3.0	17.0	17.3	bbox	470	122.2	122.2	128.2	33,309,24,13	857.9	39.4862247	73.5854612	4440.9
472	472	1.066	стакан-марка-красная	6.7	18.4	порода-охристая	0.674	31.4	8.0	7.0	10.6	bbox	471	244.3	244.3	247.3	327,641,18,32	857.8	39.4859095	73.5858011	4439.5
473	473	0.395	палка-ручка-контроль	3.2	0.0	лишайник-жёлтый-на-камне	0.884	57.6	5.0	23.0	23.5	bbox	472	175.2	174.2	176.2	1901,161,19,30	857.4	39.4859634	73.5857880	4439.5
474	474	1.215	палка-ручка-пробка	9.4	8.2	лишайник-жёлтый-на-камне	1.033	67.5	10.0	15.0	18.0	bbox	473	344.4	344.4	345.4	1869,562,19,23	856.9	39.4860316	73.5856296	4439.6
475	475	0.528	палка-ручка-контроль	4.0	4.8	лишайник-жёлтый-на-камне	1.131	62.4	2.0	26.0	26.1	bbox	474	305.4	305.4	305.4	133,945,30,32	854.8	39.4859967	73.5857760	4439.5
476	476	1.438	стакан-марка-красная	11.0	11.8	порода-в-тени	0.722	38.0	0.0	1.0	1.0	bbox	475	233.3	231.3	235.3	1237,1057,20,16	852.7	39.4859195	73.5857977	4439.5
477	477	1.275	палка-ручка-пробка	10.2	1.2	лишайник-жёлтый-на-камне	0.863	74.5	7.0	13.0	14.8	bbox	476	225.3	225.3	225.3	1298,471,29,14	850.8	39.4859383	73.5857959	4439.5
478	478	1.557	стакан-марка-красная	12.2	9.4	порода-в-тени	0.725	40.4	-1.0	-1.0	1.4	bbox	477	192.2	192.2	193.2	929,36,16,38	850.3	39.4859632	73.5857884	4439.5
479	479	2.107	стакан-марка-красная	16.3	15.3	корка-жёлтая-на-скале	0.618	34.5	-1.0	12.0	12.0	bbox	478	308.4	304.4	308.4	1599,595,34,26	850.1	39.4859965	73.5857764	4439.5
480	480	1.464	рюкзак-синий	11.0	14.1	порода-в-тени	0.476	24.7	1.0	-3.0	3.2	bbox	479	85.1	85.1	85.1	1691,35,23,14	849.8	39.4862245	73.5854589	4440.9
481	481	1.706	стакан-марка-красная	13.0	14.1	порода-охристая	0.407	35.7	10.0	14.0	17.2	bbox	480	251.3	251.3	256.3	1849,41,40,16	849.2	39.4859096	73.5858023	4439.5
482	482	0.676	палка-ручка-контроль	5.4	1.6	лишайник-жёлтый-на-камне	1.443	59.2	11.0	24.0	26.4	bbox	481	200.3	200.3	209.3	1669,783,20,18	848.9	39.4859445	73.5857873	4439.5
483	483	1.654	стакан-марка-красная	12.2	18.2	порода-в-тени	0.418	31.6	-1.0	-1.0	1.4	bbox	482	205.3	202.3	205.3	1185,817,16,16	847.9	39.4859379	73.5857891	4439.5
484	484	1.567	стакан-марка-красная	5.8	38.8	снег-розовый	0.984	88.6	8.0	6.0	10.0	bbox	483	241.3	239.3	242.3	299,33,22,32	847.6	39.4859092	73.5858004	4439.5
485	485	1.953	стакан-марка-красная	11.0	38.8	порода-в-тени	0.488	11.0	0.0	1.0	1.0	bbox	484	220.3	219.3	220.3	1169,954,29,23	846.9	39.4859372	73.5857952	4439.5
486	486	0.970	рюкзак-синий	7.6	5.3	снег-в-тени	0.725	33.5	4.0	-7.0	8.1	bbox	485	237.3	237.3	239.3	0,26,14,17	846.4	39.4859086	73.5857995	4439.5
487	487	1.188	палка-ручка-контроль	9.5	1.9	порода-охристая	1.697	55.7	15.0	23.0	27.5	bbox	486	273.4	272.4	274.4	1321,194,15,23	844.9	39.4859998	73.5857768	4439.6
488	488	1.623	рюкзак-синий	11.2	23.1	порода-в-тени	0.326	15.7	-1.0	-3.0	3.2	bbox	487	101.1	101.1	101.1	1887,1057,18,23	844.3	39.4862222	73.5854602	4440.9
489	489	1.085	стакан-марка-красная	8.0	11.8	порода-охристая	0.250	38.0	11.0	9.0	14.2	bbox	488	152.2	152.2	152.2	1089,945,18,20	841.5	39.4859618	73.5857918	4439.5
490	490	1.007	стакан-марка-красная	7.6	9.2	снег-розовый	0.868	59.0	4.0	-2.0	4.5	bbox	489	82.1	82.1	83.1	113,703,18,25	840.4	39.4862252	73.5854596	4440.9
491	491	1.137	стакан-марка-красная	6.0	23.9	порода-охристая	0.671	25.9	11.0	7.0	13.0	bbox	490	183.2	183.2	184.2	0,237,27,14	840.2	39.4859637	73.5857884	4439.5
492	492	0.998	палка-ручка-пробка	7.1	13.0	лишайник-жёлтый-на-камне	1.013	62.7	-2.0	24.0	24.1	bbox	491	279.4	277.4	282.4	147,530,16,27	835.3	39.4859997	73.5857783	4439.5
493	493	1.601	палка-ручка-контроль	12.7	5.1	порода-охристая	1.033	52.5	15.0	17.0	22.7	bbox	492	165.2	157.2	165.2	1507,979,16,21	834.7	39.4859635	73.5857902	4439.5
494	494	0.826	палка-ручка-пробка	6.1	9.0	лишайник-жёлтый-на-камне	0.849	84.7	6.0	17.0	18.0	bbox	493	48.1	48.1	49.1	29,533,16,20	834.3	39.4862327	73.5854563	4440.9
495	495	0.631	стакан-марка-красная	5.0	2.4	порода-охристая	0.972	52.2	8.0	5.0	9.4	bbox	494	322.4	322.4	322.4	47,437,18,31	832.6	39.4860309	73.5856302	4439.5
496	496	2.317	стакан-марка-красная	16.0	32.6	снег-пересвеченный	0.493	82.4	-5.0	0.0	5.0	bbox	495	280.4	279.4	280.4	1508,534,18,29	830.8	39.4859997	73.5857779	4439.6
497	497	1.435	стакан-марка-красная	9.1	24.7	порода-охристая	1.302	74.5	10.0	10.0	14.1	bbox	496	295.4	294.4	297.4	1855,161,42,14	829.5	39.4859966	73.5857742	4439.5
498	498	1.734	стакан-марка-красная	12.2	23.3	порода-охристая	0.554	26.5	13.0	13.0	18.4	bbox	497	149.2	148.2	149.2	814,549,26,20	829.1	39.4859620	73.5857928	4439.5
499	499	0.572	стакан-марка-красная	3.2	11.6	порода-в-тени	1.408	38.2	8.0	0.0	8.0	bbox	498	275.4	275.4	276.4	86,0,35,14	828.2	39.4859992	73.5857767	4439.5
500	500	1.877	палка-ручка-пробка	15.0	2.4	лишайник-жёлтый-на-камне	1.097	73.3	-4.0	11.0	11.7	bbox	499	284.4	279.4	284.4	1783,933,31,18	827.5	39.4859989	73.5857765	4439.5
501	501	0.922	палка-ручка-пробка	7.3	4.1	лишайник-жёлтый-на-камне	1.364	71.6	12.0	21.0	24.2	bbox	500	296.4	293.4	299.4	1853,521,20,35	826.3	39.4859962	73.5857743	4439.5
502	502	1.381	предмет-оранжевый	11.0	0.8	порода-охристая	2.173	65.1	21.0	23.0	31.1	bbox	501	68.1	67.1	68.1	79,251,15,21	825.1	39.4862293	73.5854584	4440.9
503	503	1.529	палка-ручка-пробка	12.1	6.7	лишайник-жёлтый-на-камне	1.174	82.4	-6.0	18.0	19.0	bbox	502	304.4	304.4	305.4	1473,1041,20,20	825.1	39.4859966	73.5857761	4439.5
504	504	2.254	стакан-марка-красная	16.6	24.3	корка-жёлтая-на-скале	1.080	25.5	-3.0	10.0	10.4	bbox	503	309.4	301.4	309.4	1761,585,32,12	825.1	39.4859961	73.5857763	4439.5
505	505	1.681	палка-ручка-контроль	12.2	19.8	порода-охристая	0.673	37.8	13.0	16.0	20.6	bbox	504	255.3	253.3	255.3	1852,369,19,28	824.4	39.4859090	73.5858011	4439.5
506	506	1.599	стакан-марка-красная	12.6	6.7	снег-розовый	0.922	56.5	-1.0	5.0	5.1	bbox	505	235.3	235.3	235.3	993,217,12,40	824.0	39.4859085	73.5857990	4439.5
507	507	1.258	палка-ручка-контроль	9.5	11.7	порода-охристая	0.835	45.9	9.0	17.0	19.2	bbox	506	182.2	182.2	184.2	0,313,39,14	822.7	39.4859637	73.5857883	4439.5
508	508	0.454	стакан-марка-красная	3.2	6.3	порода-охристая	1.086	56.1	10.0	4.0	10.8	bbox	507	257.3	257.3	257.3	137,673,8,46	820.1	39.4859088	73.5858009	4439.5
509	509	0.387	палка-ручка-контроль	2.0	8.3	лишайник-жёлтый-на-камне	1.008	65.9	6.0	24.0	24.7	bbox	508	334.4	333.4	334.4	1019,33,20,14	819.7	39.4860314	73.5856301	4439.6
510	510	1.516	палка-ручка-пробка	10.8	19.2	корка-жёлтая-на-скале	0.357	56.5	-1.0	14.0	14.0	bbox	509	215.3	215.3	215.3	439,1047,36,18	819.6	39.4859375	73.5857951	4439.5
511	511	0.846	палка-ручка-пробка	6.7	3.2	лишайник-жёлтый-на-камне	1.212	72.5	-1.0	26.0	26.0	bbox	510	243.3	243.3	243.3	1577,919,18,18	818.8	39.4859093	73.5858010	4439.5
512	512	0.696	стакан-марка-красная	5.1	7.8	порода-охристая	0.937	57.6	12.0	6.0	13.4	bbox	511	240.3	238.3	240.3	193,193,10,32	817.6	39.4859091	73.5857999	4439.5
513	513	0.787	стакан-марка-красная	4.5	15.5	снег-розовый	1.049	65.3	9.0	5.0	10.3	bbox	512	282.4	281.4	286.4	156,249,13,24	816.8	39.4859995	73.5857772	4439.5
514	514	1.615	стакан-марка-красная	12.6	9.2	снег-розовый	0.849	59.0	-1.0	5.0	5.1	bbox	513	15.0	15.0	15.0	1385,1052,16,28	816.0	39.4862336	73.5854588	4440.9
515	515	0.993	предмет-оранжевый	6.4	16.5	порода-охристая	2.359	47.8	16.0	29.0	33.1	bbox	514	310.4	310.4	310.4	407,319,20,16	815.2	39.4859957	73.5857766	4439.6
516	516	1.821	рюкзак-синий	13.0	22.7	порода-в-тени	0.294	16.1	0.0	-1.0	1.0	bbox	515	218.3	218.3	220.3	1177,1012,15,45	815.0	39.4859374	73.5857951	4439.5
517	517	0.902	стакан-марка-красная	7.2	0.8	порода-охристая	0.830	50.6	7.0	7.0	9.9	bbox	516	286.4	286.4	286.4	890,355,28,22	814.9	39.4859986	73.5857757	4439.5
518	518	1.821	рюкзак-синий	13.0	22.7	порода-в-тени	0.294	16.1	0.0	-1.0	1.0	bbox	517	153.2	153.2	153.2	1159,293,24,12	813.8	39.4859619	73.5857916	4439.4
519	519	1.632	палка-ручка-пробка	12.0	17.7	порода-охристая	0.834	58.0	13.0	14.0	19.1	bbox	518	36.0	35.0	36.0	1861,0,22,21	812.4	39.4862336	73.5854576	4440.9
520	520	1.070	стакан-марка-красная	5.0	24.3	порода-в-тени	1.047	25.5	6.0	1.0	6.1	bbox	519	64.1	64.1	64.1	1145,477,32,28	812.1	39.4862304	73.5854582	4440.9
521	521	1.659	стакан-марка-красная	13.2	6.3	снег-освещённый	0.900	56.1	-2.0	-1.0	2.2	bbox	520	177.2	177.2	177.2	1634,771,23,26	811.2	39.4859636	73.5857883	4439.5
522	522	1.603	стакан-марка-красная	12.6	7.5	снег-розовый	0.900	57.3	-1.0	5.0	5.1	bbox	521	272.4	272.4	273.4	211,979,8,44	810.8	39.4860003	73.5857769	4439.5
523	523	1.576	стакан-марка-красная	12.2	11.6	порода-в-тени	0.649	38.2	-1.0	-1.0	1.4	bbox	522	129.2	129.2	129.2	1875,449,22,16	810.3	39.4862263	73.5854623	4440.9
524	524	0.674	палка-ручка-пробка	5.0	7.0	лишайник-жёлтый-на-камне	0.732	82.7	5.0	18.0	18.7	bbox	523	221.3	221.3	222.3	1746,9,18,26	809.5	39.4859372	73.5857956	4439.5
525	525	1.215	предмет-оранжевый	9.5	7.4	порода-охристая	2.397	56.9	23.0	25.0	34.0	bbox	524	144.2	144.2	148.2	329,163,23,14	808.6	39.4859819	73.5857156	4440.1
526	526	1.365	палка-ручка-пробка	10.8	6.3	лишайник-жёлтый-на-камне	1.635	82.0	-5.0	27.0	27.5	bbox	525	304.4	298.4	308.4	85,849,16,32	808.4	39.4859966	73.5857761	4439.5
527	527	0.855	палка-ручка-пробка	5.8	12.5	лишайник-жёлтый-на-камне	1.597	88.2	2.0	28.0	28.1	bbox	526	309.4	304.4	310.4	1437,151,56,18	807.8	39.4859961	73.5857763	4439.5
528	528	1.673	стакан-марка-красная	12.5	16.5	снег-розовый	0.785	66.3	0.0	7.0	7.0	bbox	527	322.4	322.4	322.4	857,0,18,22	807.2	39.4860309	73.5856302	4439.5
529	529	0.741	стакан-марка-красная	2.2	19.2	порода-охристая	1.425	30.6	9.0	0.0	9.0	bbox	528	247.3	247.3	248.3	17,55,18,14	806.8	39.4859100	73.5858018	4439.5
530	530	1.203	палка-ручка-пробка	9.5	5.7	лишайник-жёлтый-на-камне	1.012	81.4	8.0	14.0	16.1	bbox	529	337.4	335.4	337.4	1402,659,23,14	806.2	39.4860321	73.5856295	4439.6
531	531	1.987	стакан-марка-красная	13.9	27.1	порода-в-тени	1.135	22.7	-1.0	8.0	8.1	bbox	530	277.4	277.4	277.4	1768,921,37,36	805.7	39.4859996	73.5857774	4439.5
532	532	1.197	палка-ручка-контроль	9.6	2.4	лишайник-жёлтый-на-камне	1.971	60.0	15.5	25.0	29.4	bbox	531	184.2	181.2	185.2	247,775,18,15	803.7	39.4859636	73.5857883	4439.5
533	533	1.415	рюкзак-синий	11.0	9.4	порода-в-тени	0.554	29.4	1.0	-3.0	3.2	bbox	532	34.0	25.0	34.0	1839,288,25,17	803.6	39.4862336	73.5854574	4440.9
534	534	1.701	стакан-марка-красная	13.4	8.0	снег-розовый	1.014	57.8	-1.0	7.0	7.1	bbox	533	168.2	168.2	171.2	669,921,19,20	802.5	39.4859631	73.5857891	4439.5
535	535	0.977	палка-ручка-контроль	7.8	1.3	лишайник-жёлтый-на-камне	1.386	56.3	12.0	21.0	24.2	bbox	534	128.2	128.2	128.2	0,207,19,24	800.9	39.4862260	73.5854623	4440.9
536	536	1.046	рюкзак-синий	8.1	7.8	снег-в-тени	0.651	31.0	0.0	-6.0	6.0	bbox	535	101.1	101.1	101.1	1899,961,21,25	799.5	39.4862222	73.5854602	4440.9
537	537	1.865	стакан-марка-красная	14.8	7.5	корка-жёлтая-на-скале	0.971	57.3	-2.0	8.0	8.2	bbox	536	17.0	17.0	23.0	1151,989,18,26	798.3	39.4862336	73.5854587	4440.9
538	538	1.078	палка-ручка-пробка	8.6	1.9	лишайник-жёлтый-на-камне	0.516	77.6	0.0	16.0	16.0	bbox	537	103.1	101.1	104.1	1761,851,24,10	794.1	39.4862221	73.5854608	4440.9
539	539	0.791	палка-ручка-контроль	6.3	0.8	лишайник-жёлтый-на-камне	0.876	58.4	8.0	20.0	21.5	bbox	538	192.2	192.2	192.2	129,409,30,28	793.6	39.4859632	73.5857884	4439.5
540	540	1.804	рюкзак-синий	13.2	20.8	порода-в-тени	0.151	18.0	-1.0	-1.0	1.4	bbox	539	267.3	267.3	268.3	0,944,13,23	792.8	39.4859991	73.5857774	4439.5
541	541	1.745	стакан-марка-красная	13.0	17.4	порода-в-тени	0.568	32.4	-2.0	2.0	2.8	bbox	540	273.4	272.4	273.4	761,819,16,14	789.7	39.4859998	73.5857768	4439.6
542	542	1.734	стакан-марка-красная	13.6	9.6	порода-в-тени	1.031	40.2	-2.0	5.0	5.4	bbox	541	320.4	319.4	323.4	995,721,12,30	788.9	39.4860316	73.5856303	4439.6
543	543	1.149	палка-ручка-пробка	7.3	19.6	лишайник-жёлтый-на-камне	0.721	56.1	7.0	16.0	17.5	bbox	542	344.4	344.4	344.4	9,465,16,30	786.0	39.4860316	73.5856296	4439.6
544	544	1.601	палка-ручка-контроль	12.0	15.2	порода-охристая	0.850	42.4	14.0	17.0	22.0	bbox	543	240.3	240.3	240.3	9,515,20,30	785.6	39.4859091	73.5857999	4439.5
545	545	0.745	рюкзак-синий	5.8	4.3	снег-в-тени	0.551	34.5	-2.0	-9.0	9.2	bbox	544	29.0	29.0	32.0	1901,509,19,26	785.5	39.4862337	73.5854586	4440.9
546	546	1.084	палка-ручка-пробка	7.2	16.9	лишайник-жёлтый-на-камне	0.269	58.8	1.0	17.0	17.0	bbox	545	330.4	328.4	330.4	143,249,26,24	785.5	39.4860308	73.5856307	4439.6
547	547	1.548	палка-ручка-пробка	9.8	26.3	корка-жёлтая-на-скале	0.186	49.4	1.0	14.0	14.0	bbox	546	330.4	327.4	330.4	141,161,20,42	783.7	39.4860308	73.5856307	4439.6
548	548	1.730	рюкзак-синий	11.0	29.2	порода-в-тени	0.523	9.6	0.0	-3.0	3.0	bbox	547	129.2	127.2	129.2	1743,1037,26,12	781.3	39.4862263	73.5854623	4440.9
549	549	2.402	стакан-марка-красная	17.5	27.8	корка-жёлтая-на-скале	1.222	22.0	-4.0	10.0	10.8	bbox	548	298.4	292.4	298.4	1675,1031,22,14	780.4	39.4859964	73.5857744	4439.5
550	550	1.685	палка-ручка-пробка	13.5	2.7	лишайник-жёлтый-на-камне	1.013	78.4	-4.0	13.0	13.6	bbox	549	309.4	305.4	309.4	1673,261,24,28	776.1	39.4859961	73.5857763	4439.5
551	551	0.821	палка-ручка-пробка	5.8	10.6	лишайник-жёлтый-на-камне	1.068	65.1	10.0	20.0	22.4	bbox	550	199.3	199.3	199.3	0,170,15,19	775.6	39.4859488	73.5857875	4439.5
552	552	1.980	стакан-марка-красная	14.7	20.6	корка-жёлтая-на-скале	0.964	29.2	-1.0	9.5	9.6	bbox	551	273.4	273.4	273.4	477,1001,22,24	775.0	39.4859998	73.5857768	4439.6
553	553	0.395	стакан-марка-красная	3.2	0.2	порода-охристая	0.976	50.0	10.0	4.0	10.8	bbox	552	238.3	235.3	238.3	443,75,14,29	772.7	39.4859089	73.5857998	4439.5
554	554	0.803	предмет-оранжевый	6.4	1.8	лишайник-жёлтый-на-камне	2.307	62.5	16.0	29.0	33.1	bbox	553	303.4	296.4	303.4	1825,1024,18,19	771.6	39.4859965	73.5857762	4439.5
555	555	1.739	рюкзак-синий	13.2	15.9	порода-в-тени	0.154	22.9	-1.0	-1.0	1.4	bbox	554	90.1	82.1	96.1	965,945,20,16	771.4	39.4862233	73.5854589	4440.9
556	556	1.323	палка-ручка-пробка	10.3	8.6	порода-охристая	1.398	67.1	14.0	18.0	22.8	bbox	555	191.2	189.2	191.2	1826,237,15,24	770.7	39.4859632	73.5857886	4439.5
557	557	1.222	палка-ручка-пробка	9.2	11.4	лишайник-жёлтый-на-камне	0.398	64.3	3.0	14.0	14.3	bbox	556	147.2	147.2	147.2	376,150,19,20	770.6	39.4859623	73.5857913	4439.5
558	558	1.664	предмет-оранжевый	11.2	25.3	порода-охристая	2.035	39.0	22.0	23.0	31.8	bbox	557	69.1	69.1	69.1	113,17,17,16	770.4	39.4862288	73.5854587	4440.9
559	559	1.733	стакан-марка-красная	12.0	24.3	порода-в-тени	0.333	25.5	-1.0	1.0	1.4	bbox	558	33.0	28.0	33.0	1769,257,16,20	769.7	39.4862336	73.5854573	4440.9
560	560	1.552	стакан-марка-красная	12.0	10.6	порода-в-тени	0.780	39.2	-1.0	2.0	2.2	bbox	559	257.3	256.3	257.3	261,1049,25,20	768.8	39.4859088	73.5858009	4439.5
561	561	1.954	стакан-марка-красная	15.3	11.8	корка-жёлтая-на-скале	0.864	38.0	-2.0	9.0	9.2	bbox	560	292.4	292.4	292.4	1875,257,22,22	767.7	39.4859976	73.5857746	4439.5
562	562	1.388	предмет-оранжевый	6.4	31.8	порода-охристая	2.957	32.5	25.0	30.0	39.1	bbox	561	4.0	4.0	5.0	0,0,18,13	765.8	39.4862326	73.5854590	4440.9
563	563	0.685	палка-ручка-пробка	5.4	3.5	лишайник-жёлтый-на-камне	1.497	79.2	10.0	25.0	26.9	bbox	562	258.3	258.3	260.3	139,719,26,12	764.4	39.4859084	73.5858008	4439.5
564	564	0.630	палка-ручка-пробка	4.0	10.6	лишайник-жёлтый-на-камне	1.113	65.1	9.0	22.5	24.2	bbox	563	324.4	324.4	325.4	1685,463,19,22	758.6	39.4860313	73.5856298	4439.5
565	565	1.254	палка-ручка-пробка	10.0	2.8	лишайник-жёлтый-на-камне	0.523	72.9	-1.0	15.0	15.0	bbox	564	151.2	151.2	151.2	553,451,14,22	757.9	39.4859618	73.5857922	4439.5
566	566	1.478	палка-ручка-контроль	11.4	10.9	порода-охристая	1.703	46.7	17.0	23.0	28.6	bbox	565	192.2	186.2	192.2	1748,465,21,12	757.8	39.4859632	73.5857884	4439.5
567	567	0.825	стакан-марка-красная	5.4	13.3	порода-охристая	1.111	63.1	9.0	6.0	10.8	bbox	566	173.2	173.2	173.2	25,266,41,26	757.7	39.4859632	73.5857881	4439.5
568	568	1.522	стакан-марка-красная	12.0	6.3	порода-в-тени	0.845	43.5	-1.0	0.0	1.0	bbox	567	261.3	261.3	261.3	195,523,25,14	754.8	39.4859083	73.5858006	4439.5
569	569	1.601	палка-ручка-пробка	11.0	23.2	корка-жёлтая-на-скале	0.309	52.5	0.5	13.0	13.0	bbox	568	276.4	276.4	276.4	9,161,18,18	754.7	39.4859994	73.5857769	4439.5
570	570	1.677	стакан-марка-красная	13.4	0.4	корка-жёлтая-на-скале	1.009	49.4	-1.0	7.0	7.1	bbox	569	280.4	280.4	280.4	1345,213,32,12	754.7	39.4859997	73.5857779	4439.6
571	571	1.567	стакан-марка-красная	12.2	10.6	порода-в-тени	0.684	39.2	-1.0	-1.0	1.4	bbox	570	181.2	177.2	181.2	1398,1041,15,21	754.1	39.4859639	73.5857882	4439.5
572	572	1.744	стакан-марка-красная	11.2	29.2	порода-в-тени	0.250	20.6	0.0	-1.0	1.0	bbox	571	272.4	272.4	272.4	931,387,14,19	754.0	39.4860003	73.5857769	4439.5
573	573	0.397	палка-ручка-контроль	2.8	5.1	лишайник-жёлтый-на-камне	1.242	52.5	8.0	24.0	25.3	bbox	572	322.4	322.4	322.4	983,0,26,11	751.4	39.4860309	73.5856302	4439.5
574	574	0.639	палка-ручка-контроль	5.0	3.8	лишайник-жёлтый-на-камне	1.259	61.4	10.0	23.0	25.1	bbox	573	331.4	331.4	331.4	1509,948,12,23	750.6	39.4860306	73.5856305	4439.6
575	575	1.664	стакан-марка-красная	12.4	17.3	порода-охристая	0.497	32.5	14.0	13.0	19.1	bbox	574	167.2	165.2	170.2	1541,359,22,20	750.4	39.4859634	73.5857895	4439.5
576	576	1.467	предмет-оранжевый	11.0	13.9	порода-охристая	1.853	50.4	19.0	23.0	29.8	bbox	575	31.0	30.0	34.0	1059,18,16,21	748.7	39.4862337	73.5854577	4440.9
577	577	2.266	палка-ручка-пробка	18.1	2.4	снег-освещённый	1.345	73.3	-6.5	9.0	11.1	bbox	576	192.2	189.2	192.2	1757,257,16,36	745.9	39.4859632	73.5857884	4439.5
578	578	0.647	палка-ручка-контроль	5.1	3.1	лишайник-жёлтый-на-камне	1.556	54.5	11.0	25.0	27.3	bbox	577	202.3	202.3	204.3	399,1053,18,27	745.4	39.4859390	73.5857874	4439.5
579	579	1.458	палка-ручка-контроль	11.7	0.3	порода-охристая	1.452	57.3	16.0	20.0	25.6	bbox	578	274.4	274.4	274.4	1415,601,23,12	744.5	39.4859993	73.5857767	4439.6
580	580	1.590	палка-ручка-пробка	12.2	12.6	корка-жёлтая-на-скале	0.840	63.1	-5.0	16.0	16.8	bbox	579	308.4	300.4	309.4	1633,701,24,16	743.1	39.4859965	73.5857764	4439.5
581	581	1.370	палка-ручка-контроль	10.2	14.1	порода-охристая	0.752	43.5	8.0	16.0	17.9	bbox	580	245.3	245.3	248.3	436,236,15,22	739.3	39.4859096	73.5858012	4439.5
582	582	1.314	стакан-марка-красная	9.2	17.7	порода-охристая	1.075	67.5	13.0	10.0	16.4	bbox	581	132.2	131.2	134.2	1041,83,18,17	739.1	39.4862273	73.5854630	4440.9
583	583	1.993	палка-ручка-пробка	12.5	34.5	корка-жёлтая-на-скале	0.461	41.2	-1.0	12.0	12.0	bbox	582	278.4	275.4	279.4	1830,710,27,21	738.5	39.4859996	73.5857780	4439.5
584	584	1.857	палка-ручка-пробка	13.0	24.9	корка-жёлтая-на-скале	0.463	50.8	-2.0	12.0	12.2	bbox	583	330.4	330.4	332.4	99,321,14,28	738.0	39.4860308	73.5856307	4439.6
585	585	1.490	стакан-марка-красная	11.2	14.5	порода-в-тени	0.588	35.3	0.0	-1.0	1.0	bbox	584	254.3	254.3	254.3	769,177,12,24	737.9	39.4859093	73.5858015	4439.5
586	586	1.367	стакан-марка-красная	5.4	33.3	порода-охристая	1.416	16.5	16.0	3.0	16.3	bbox	585	148.2	148.2	149.2	791,241,17,18	736.9	39.4859620	73.5857927	4439.4
587	587	1.381	стакан-марка-красная	10.2	14.9	порода-охристая	0.972	64.7	9.0	11.0	14.2	bbox	586	102.1	102.1	103.1	1755,982,28,15	735.7	39.4862220	73.5854606	4440.9
588	588	1.588	стакан-марка-красная	9.2	30.6	порода-в-тени	0.708	19.2	2.0	3.0	3.6	bbox	587	168.2	168.2	169.2	641,1044,34,21	735.0	39.4859631	73.5857891	4439.5
589	589	0.801	палка-ручка-пробка	6.4	0.8	лишайник-жёлтый-на-камне	0.967	76.5	9.0	18.0	20.1	bbox	588	214.3	213.3	214.3	1897,1033,23,16	734.9	39.4859374	73.5857952	4439.5
590	590	1.014	палка-ручка-контроль	8.0	4.7	лишайник-жёлтый-на-камне	0.683	52.9	6.0	18.0	19.0	bbox	589	249.3	249.3	252.3	78,153,19,24	734.2	39.4859099	73.5858020	4439.5
591	591	0.997	палка-ручка-пробка	7.8	5.7	лишайник-жёлтый-на-камне	1.143	70.0	11.0	18.0	21.1	bbox	590	334.4	333.4	334.4	189,37,20,14	734.2	39.4860314	73.5856301	4439.6
592	592	1.870	рюкзак-синий	13.0	25.9	снег-освещённый	0.730	64.7	-4.0	-2.0	4.5	bbox	591	340.4	340.4	342.4	246,1035,20,16	732.3	39.4860316	73.5856298	4439.6
593	593	1.366	палка-ручка-контроль	10.8	5.4	порода-охристая	1.326	52.2	15.0	20.0	25.0	bbox	592	269.3	267.3	269.3	1715,287,24,23	732.1	39.4860011	73.5857770	4439.5
594	594	1.237	палка-ручка-пробка	9.2	12.6	лишайник-жёлтый-на-камне	0.905	63.1	-4.0	21.0	21.4	bbox	593	252.3	250.3	253.3	87,766,18,23	731.7	39.4859095	73.5858021	4439.5
595	595	1.475	стакан-марка-красная	5.1	37.3	порода-в-тени	1.046	12.5	6.0	0.0	6.0	bbox	594	59.1	57.1	60.1	747,589,23,20	731.1	39.4862316	73.5854573	4440.9
596	596	1.189	палка-ручка-контроль	9.2	8.2	порода-охристая	0.926	49.4	8.0	17.0	18.8	bbox	595	345.4	345.4	346.4	947,143,14,40	728.4	39.4860314	73.5856298	4439.6
597	597	1.309	стакан-марка-красная	9.1	18.4	порода-в-тени	0.647	31.4	2.0	0.0	2.0	bbox	596	259.3	259.3	260.3	401,557,18,26	724.8	39.4859081	73.5858006	4439.5
598	598	1.183	палка-ручка-пробка	9.2	7.4	лишайник-жёлтый-на-камне	1.295	83.1	11.0	16.0	19.4	bbox	597	100.1	93.1	100.1	1601,834,17,19	724.3	39.4862224	73.5854598	4440.9
599	599	1.455	стакан-марка-красная	10.4	18.0	снег-освещённый	0.582	67.8	1.0	-2.0	2.2	bbox	598	121.2	119.2	126.2	385,49,22,17	724.1	39.4862246	73.5854616	4440.9
600	600	0.637	палка-ручка-контроль	5.0	3.5	лишайник-жёлтый-на-камне	1.865	54.1	6.0	31.0	31.6	bbox	599	284.4	284.4	287.4	1585,367,12,28	724.0	39.4859989	73.5857765	4439.5
601	601	1.133	предмет-оранжевый	8.5	10.6	порода-охристая	2.092	53.7	17.0	26.0	31.1	bbox	600	258.3	258.3	260.3	265,515,20,14	722.9	39.4859084	73.5858008	4439.5
602	602	2.094	палка-ручка-контроль	14.9	27.0	порода-охристая	1.015	30.6	17.0	16.0	23.3	bbox	601	147.2	147.2	147.2	1215,787,17,16	722.3	39.4859623	73.5857913	4439.5
603	603	1.459	стакан-марка-красная	8.5	27.8	порода-в-тени	0.640	22.0	3.0	-2.0	3.6	bbox	602	40.1	39.1	42.1	0,449,18,32	721.6	39.4862335	73.5854573	4440.9
604	604	1.399	стакан-марка-красная	11.2	1.6	снег-в-тени	0.875	48.2	0.0	-1.0	1.0	bbox	603	124.2	122.2	127.2	411,625,16,14	720.4	39.4862251	73.5854612	4440.9
605	605	0.486	палка-ручка-пробка	3.0	8.6	лишайник-жёлтый-на-камне	1.062	67.1	8.0	23.0	24.4	bbox	604	273.4	272.4	273.4	1003,289,10,34	717.7	39.4859998	73.5857768	4439.6
606	606	1.942	палка-ручка-пробка	12.7	31.2	корка-жёлтая-на-скале	0.529	44.5	-4.0	14.0	14.6	bbox	605	299.4	295.4	299.4	1661,850,22,15	717.6	39.4859965	73.5857748	4439.5
607	607	1.267	палка-ручка-контроль	10.0	4.7	порода-охристая	1.929	52.9	16.0	25.0	29.7	bbox	606	265.3	264.3	268.3	1487,350,22,23	717.3	39.4859539	73.5857892	4439.5
608	608	0.845	палка-ручка-пробка	6.7	3.0	лишайник-жёлтый-на-камне	0.590	72.7	-1.0	20.0	20.0	bbox	607	217.3	210.3	217.3	393,1061,24,19	715.8	39.4859374	73.5857951	4439.5
609	609	0.723	палка-ручка-контроль	5.4	7.4	лишайник-жёлтый-на-камне	1.054	50.2	8.0	21.0	22.5	bbox	608	324.4	324.4	325.4	1601,815,26,18	715.7	39.4860313	73.5856298	4439.5
610	610	1.348	стакан-марка-красная	10.8	2.0	снег-в-тени	0.637	47.8	1.0	-3.0	3.2	bbox	609	32.0	29.0	33.0	1837,514,11,23	715.3	39.4862337	73.5854574	4440.9
611	611	1.825	стакан-марка-красная	14.3	10.0	корка-жёлтая-на-скале	1.070	39.8	-2.0	7.0	7.3	bbox	610	330.4	329.4	330.4	131,61,14,16	715.2	39.4860308	73.5856307	4439.6
612	612	1.154	палка-ручка-контроль	8.9	8.0	корка-жёлтая-на-скале	0.912	49.6	-2.0	22.0	22.1	bbox	611	224.3	224.3	232.3	153,309,8,48	715.0	39.4859380	73.5857959	4439.5
613	613	1.496	палка-ручка-контроль	11.4	12.7	порода-охристая	1.693	44.9	17.0	23.0	28.6	bbox	612	257.3	257.3	257.3	335,497,18,12	714.7	39.4859088	73.5858009	4439.5
614	614	1.265	палка-ручка-пробка	10.0	5.5	порода-охристая	1.384	70.2	13.0	17.0	21.4	bbox	613	321.4	317.4	321.4	161,152,18,16	714.3	39.4860312	73.5856303	4439.5
615	615	1.792	стакан-марка-красная	13.0	21.2	снег-розовый	0.668	71.0	-1.0	6.0	6.1	bbox	614	268.3	268.3	269.3	1909,1055,11,20	713.5	39.4860009	73.5857768	4439.5
616	616	1.413	стакан-марка-красная	11.2	5.9	порода-в-тени	0.876	43.9	0.0	-1.0	1.0	bbox	615	179.2	179.2	182.2	1137,256,16,18	712.9	39.4859640	73.5857882	4439.5
617	617	1.455	палка-ручка-пробка	11.4	8.2	лишайник-жёлтый-на-камне	0.764	67.5	-4.0	16.0	16.5	bbox	616	298.4	298.4	302.4	1620,307,29,19	712.2	39.4859964	73.5857744	4439.5
618	618	1.132	стакан-марка-красная	9.0	3.5	порода-охристая	0.548	53.3	11.0	10.0	14.9	bbox	617	154.2	154.2	154.2	645,381,18,20	711.8	39.4859617	73.5857913	4439.5
619	619	1.292	стакан-марка-красная	3.6	33.9	порода-охристая	1.214	15.9	13.0	4.0	13.6	bbox	618	295.4	290.4	295.4	0,773,9,28	711.6	39.4859966	73.5857742	4439.5
620	620	1.163	палка-ручка-пробка	9.2	4.3	лишайник-жёлтый-на-камне	0.758	71.4	7.0	14.0	15.7	bbox	619	63.1	60.1	64.1	816,1045,31,21	710.3	39.4862309	73.5854578	4440.9
621	621	1.860	стакан-марка-красная	11.7	32.2	снег-розовый	0.477	82.0	0.0	5.0	5.0	bbox	620	243.3	243.3	245.3	655,345,10,32	709.8	39.4859093	73.5858010	4439.5
622	622	0.911	палка-ручка-пробка	7.2	3.7	лишайник-жёлтый-на-камне	0.905	72.0	9.0	17.0	19.2	bbox	621	242.3	241.3	242.3	370,791,31,14	709.4	39.4859093	73.5858007	4439.5
623	623	1.227	палка-ручка-пробка	8.1	19.6	лишайник-жёлтый-на-камне	0.652	56.1	6.0	15.0	16.2	bbox	622	149.2	149.2	149.2	480,29,33,18	706.8	39.4859620	73.5857928	4439.5
624	624	1.084	палка-ручка-контроль	7.8	13.2	лишайник-жёлтый-на-камне	1.778	70.8	0.0	31.0	31.0	bbox	623	295.4	295.4	297.4	1115,65,26,12	706.4	39.4859966	73.5857742	4439.5
625	625	1.481	стакан-марка-красная	11.2	13.7	порода-в-тени	0.613	36.1	0.0	-1.0	1.0	bbox	624	155.2	155.2	155.2	977,377,16,16	706.0	39.4859618	73.5857911	4439.5
626	626	1.523	стакан-марка-красная	12.0	6.5	порода-в-тени	0.838	43.3	-1.0	0.0	1.0	bbox	625	202.3	201.3	202.3	1385,713,16,24	705.9	39.4859390	73.5857874	4439.5
627	627	1.331	стакан-марка-красная	9.1	19.6	порода-охристая	0.342	30.2	10.0	10.0	14.1	bbox	626	201.3	201.3	206.3	437,1017,20,33	705.6	39.4859404	73.5857871	4439.5
628	628	1.068	палка-ручка-контроль	8.5	0.8	лишайник-жёлтый-на-камне	0.936	58.4	-2.0	23.0	23.1	bbox	627	287.4	287.4	287.4	1875,913,34,16	703.0	39.4859987	73.5857754	4439.5
629	629	1.805	палка-ручка-контроль	13.5	18.4	порода-охристая	0.801	39.2	15.0	16.0	21.9	bbox	628	131.2	131.2	135.2	909,975,20,18	702.8	39.4862270	73.5854626	4440.9
630	630	1.690	палка-ручка-контроль	13.0	12.5	порода-охристая	1.273	45.1	17.0	19.0	25.5	bbox	629	271.3	271.3	271.3	1802,0,23,10	700.2	39.4860007	73.5857770	4439.5
631	631	0.966	палка-ручка-пробка	7.3	9.0	лишайник-жёлтый-на-камне	0.182	66.7	3.0	16.0	16.3	bbox	630	64.1	60.1	64.1	457,1063,17,17	700.1	39.4862304	73.5854582	4440.9
632	632	0.668	стакан-марка-красная	3.0	15.5	снег-розовый	0.878	65.3	8.0	1.0	8.1	bbox	631	256.3	256.3	256.3	1745,0,10,35	699.9	39.4859089	73.5858010	4439.5
633	633	1.703	стакан-марка-красная	13.4	8.2	порода-охристая	0.799	41.6	17.0	13.0	21.4	bbox	632	295.4	295.4	295.4	1199,10,41,9	699.5	39.4859966	73.5857742	4439.5
634	634	2.246	палка-древко-контроль	14.3	38.0	снег-пересвеченный	0.482	79.6	-5.0	-1.0	5.1	bbox	633	344.4	344.4	344.4	9,721,19,13	698.9	39.4860316	73.5856296	4439.6
635	635	1.466	стакан-марка-красная	11.7	2.7	порода-охристая	0.601	47.1	15.0	12.0	19.2	bbox	634	134.2	131.2	135.2	793,987,24,11	698.7	39.4862281	73.5854629	4440.9
636	636	1.083	палка-ручка-контроль	8.5	5.1	порода-охристая	1.627	52.5	14.0	23.0	26.9	bbox	635	271.3	271.3	271.3	1733,14,24,19	697.7	39.4860007	73.5857770	4439.5
637	637	1.995	стакан-марка-красная	13.6	29.2	корка-жёлтая-на-скале	1.228	20.6	0.0	9.0	9.0	bbox	636	292.4	292.4	297.4	1569,127,16,14	696.6	39.4859976	73.5857746	4439.5
638	638	0.928	предмет-оранжевый	5.8	16.1	лишайник-жёлтый-на-камне	2.447	80.4	15.0	31.0	34.4	bbox	637	143.2	141.2	143.2	1245,939,28,16	696.0	39.4860000	73.5856715	4440.4
639	639	0.504	палка-ручка-контроль	4.0	0.3	лишайник-жёлтый-на-камне	1.059	57.3	8.0	22.5	23.9	bbox	638	219.3	219.3	220.3	1183,241,14,26	696.0	39.4859373	73.5857951	4439.5
640	640	1.186	палка-ручка-контроль	9.5	0.7	порода-охристая	1.713	56.9	15.0	23.0	27.5	bbox	639	256.3	256.3	256.3	1825,499,22,14	695.2	39.4859089	73.5858010	4439.5
641	641	1.509	палка-ручка-контроль	11.4	13.9	порода-охристая	1.688	43.7	17.0	23.0	28.6	bbox	640	196.3	195.3	196.3	1777,698,16,16	694.4	39.4859631	73.5857882	4439.5
642	642	1.797	стакан-марка-красная	13.0	21.2	порода-охристая	0.950	28.6	18.0	12.0	21.6	bbox	641	240.3	240.3	240.3	252,760,15,17	693.5	39.4859091	73.5857999	4439.5
643	643	0.622	палка-ручка-пробка	3.2	13.3	лишайник-жёлтый-на-камне	0.857	62.4	7.5	21.0	22.3	bbox	642	280.4	278.4	284.4	9,153,18,20	692.2	39.4859997	73.5857779	4439.6
644	644	0.640	палка-ручка-контроль	5.0	3.9	лишайник-жёлтый-на-камне	1.319	53.7	10.0	23.0	25.1	bbox	643	192.2	192.2	192.2	557,920,20,23	692.1	39.4859632	73.5857884	4439.5
645	645	0.659	стакан-марка-красная	5.1	4.7	порода-охристая	0.859	54.5	10.0	6.0	11.7	bbox	644	260.3	260.3	260.3	335,739,18,30	692.1	39.4859081	73.5858006	4439.5
646	646	1.340	палка-ручка-пробка	8.6	22.4	порода-охристая	0.831	53.3	10.0	16.0	18.9	bbox	645	100.1	98.1	100.1	1343,965,14,21	691.4	39.4862224	73.5854598	4440.9
647	647	0.950	предмет-оранжевый	5.8	17.0	лишайник-жёлтый-на-камне	2.475	47.3	15.0	31.0	34.4	bbox	646	293.4	291.4	295.4	1749,353,26,12	691.2	39.4859970	73.5857744	4439.5
648	648	1.989	палка-ручка-пробка	15.3	15.7	корка-жёлтая-на-скале	0.849	60.0	-3.0	10.0	10.4	bbox	647	250.3	250.3	250.3	1879,25,36,20	691.0	39.4859098	73.5858021	4439.5
649	649	0.421	палка-ручка-пробка	0.0	11.8	лишайник-жёлтый-на-камне	0.840	63.9	5.0	23.0	23.5	bbox	648	336.4	334.4	337.4	1057,387,8,28	690.6	39.4860323	73.5856296	4439.6
650	650	1.800	палка-ручка-пробка	14.3	5.3	снег-розовый	0.883	81.0	2.0	9.0	9.2	bbox	649	191.2	190.2	191.2	151,109,20,16	690.2	39.4859632	73.5857886	4439.5
651	651	1.303	палка-ручка-пробка	9.4	15.5	порода-охристая	1.198	60.2	13.0	18.0	22.2	bbox	650	69.1	69.1	69.1	9,183,13,22	689.5	39.4862288	73.5854587	4440.9
652	652	1.465	палка-ручка-пробка	9.4	24.3	корка-жёлтая-на-скале	0.545	51.4	-3.0	18.0	18.2	bbox	651	285.4	282.4	285.4	57,784,14,19	689.5	39.4859988	73.5857760	4439.5
653	653	1.603	стакан-марка-красная	11.2	22.0	порода-в-тени	0.365	27.8	0.0	-1.0	1.0	bbox	652	192.2	192.2	192.2	1185,648,31,9	688.7	39.4859632	73.5857884	4439.5
654	654	0.800	стакан-марка-красная	5.1	13.5	порода-охристая	1.095	63.3	10.0	6.0	11.7	bbox	653	301.4	297.4	303.4	71,688,10,25	687.5	39.4859966	73.5857756	4439.5
655	655	0.767	палка-ручка-контроль	5.8	6.7	лишайник-жёлтый-на-камне	1.755	64.3	3.0	31.0	31.1	bbox	654	287.4	285.4	289.4	1509,681,28,14	686.8	39.4859987	73.5857754	4439.5
656	656	1.566	палка-ручка-контроль	11.7	15.6	порода-охристая	0.531	42.0	10.0	15.0	18.0	bbox	655	222.3	221.3	222.3	196,333,25,25	686.5	39.4859373	73.5857959	4439.5
657	657	1.648	стакан-марка-красная	13.2	3.1	снег-в-тени	0.928	52.9	-2.0	-1.0	2.2	bbox	656	4.0	4.0	6.0	1644,771,9,29	686.0	39.4862326	73.5854590	4440.9
658	658	1.624	стакан-марка-красная	12.7	10.2	порода-в-тени	0.689	39.6	-1.5	-1.0	1.8	bbox	657	193.2	193.2	193.2	1313,1019,8,26	684.5	39.4859633	73.5857883	4439.5
659	659	1.860	рюкзак-синий	13.0	25.1	порода-в-тени	0.345	13.7	0.0	-1.0	1.0	bbox	658	246.3	246.3	246.3	998,813,27,12	683.8	39.4859098	73.5858015	4439.5
660	660	1.703	рюкзак-синий	13.6	2.7	порода-в-тени	0.574	36.1	-3.0	-1.0	3.2	bbox	659	237.3	237.3	237.3	129,215,16,20	681.3	39.4859086	73.5857995	4439.5
661	661	1.147	палка-ручка-пробка	8.5	11.8	лишайник-жёлтый-на-камне	0.823	87.5	2.0	15.0	15.1	bbox	660	241.3	240.3	242.3	138,794,11,31	680.9	39.4859092	73.5858004	4439.5
662	662	1.930	стакан-марка-красная	12.6	31.0	порода-в-тени	0.762	18.8	-1.0	5.0	5.1	bbox	661	256.3	256.3	256.3	1461,875,28,16	679.3	39.4859089	73.5858010	4439.5
663	663	0.588	предмет-оранжевый	2.0	14.9	лишайник-жёлтый-на-камне	2.974	49.4	18.0	34.0	38.5	bbox	662	292.4	292.4	292.4	1813,1005,19,20	679.0	39.4859976	73.5857746	4439.5
664	664	0.893	палка-ручка-контроль	7.0	5.1	лишайник-жёлтый-на-камне	0.726	52.5	6.0	19.0	19.9	bbox	663	176.2	175.2	176.2	1878,203,23,23	677.7	39.4859635	73.5857881	4439.5
665	665	1.500	стакан-марка-красная	10.3	21.6	порода-охристая	1.339	71.4	16.0	10.0	18.9	bbox	664	63.1	63.1	63.1	1770,432,13,35	676.8	39.4862309	73.5854578	4440.9
666	666	1.434	палка-ручка-пробка	10.8	13.3	лишайник-жёлтый-на-камне	0.542	62.4	-1.0	14.0	14.0	bbox	665	49.1	49.1	49.1	73,927,17,18	675.9	39.4862327	73.5854562	4440.9
667	667	1.495	стакан-марка-красная	5.0	38.0	порода-охристая	1.268	11.8	14.0	5.0	14.9	bbox	666	296.4	296.4	297.4	97,74,14,23	674.2	39.4859962	73.5857743	4439.5
668	668	0.618	палка-ручка-контроль	3.2	13.3	лишайник-жёлтый-на-камне	1.235	44.3	7.0	23.0	24.0	bbox	667	219.3	219.3	222.3	1217,13,12,20	674.0	39.4859373	73.5857951	4439.5
669	669	1.625	стакан-марка-красная	12.5	12.5	порода-охристая	0.506	37.3	7.5	13.0	15.0	bbox	668	182.2	179.2	185.2	139,415,30,22	673.7	39.4859637	73.5857883	4439.5
670	670	1.532	рюкзак-синий	12.2	5.3	порода-в-тени	0.501	33.5	-1.0	-2.0	2.2	bbox	669	286.4	286.4	286.4	725,745,20,24	673.7	39.4859986	73.5857757	4439.5
671	671	1.296	стакан-марка-красная	10.2	6.5	снег-в-тени	0.898	43.3	1.0	-1.0	1.4	bbox	670	185.2	183.2	185.2	425,915,10,24	673.1	39.4859636	73.5857883	4439.5
672	672	1.544	палка-ручка-пробка	12.1	9.0	порода-охристая	1.475	66.7	16.0	18.0	24.1	bbox	671	95.1	90.1	100.1	951,653,14,28	672.9	39.4862229	73.5854593	4440.9
673	673	1.662	палка-ручка-пробка	12.2	18.4	корка-жёлтая-на-скале	0.489	57.3	-2.0	13.0	13.2	bbox	672	277.4	277.4	277.4	0,804,21,17	672.3	39.4859996	73.5857774	4439.5
674	674	1.662	палка-ручка-контроль	12.8	12.5	порода-охристая	0.767	45.1	14.0	16.0	21.3	bbox	673	291.4	291.4	291.4	1813,15,32,9	672.1	39.4859980	73.5857746	4439.5
675	675	1.629	стакан-марка-красная	12.6	11.0	порода-охристая	0.559	38.8	15.0	13.0	19.8	bbox	674	262.3	262.3	262.3	1567,55,34,8	671.7	39.4859085	73.5858005	4439.5
676	676	2.234	палка-ручка-пробка	17.8	5.5	корка-жёлтая-на-скале	1.328	70.2	-6.0	9.0	10.8	bbox	675	241.3	241.3	242.3	1837,896,14,23	670.3	39.4859092	73.5858004	4439.5
677	677	1.193	палка-ручка-пробка	8.5	15.3	лишайник-жёлтый-на-камне	0.417	60.4	-1.0	17.0	17.0	bbox	676	172.2	172.2	172.2	25,953,18,16	670.2	39.4859631	73.5857883	4439.5
678	678	1.852	стакан-марка-красная	13.9	17.6	порода-охристая	0.762	32.2	16.0	14.0	21.3	bbox	677	150.2	150.2	150.2	481,237,16,11	668.6	39.4859619	73.5857924	4439.5
679	679	1.640	палка-ручка-пробка	13.0	5.1	лишайник-жёлтый-на-камне	1.409	70.6	-8.0	22.0	23.4	bbox	678	303.4	300.4	303.4	1891,953,10,24	668.1	39.4859965	73.5857762	4439.5
680	680	1.780	стакан-марка-красная	14.2	2.9	корка-жёлтая-на-скале	0.649	52.7	0.0	10.0	10.0	bbox	679	304.4	304.4	305.4	82,93,31,14	667.9	39.4859966	73.5857761	4439.5
681	681	1.521	рюкзак-синий	12.2	0.0	порода-в-тени	0.681	38.8	-1.0	-2.0	2.2	bbox	680	279.4	278.4	279.4	865,513,21,19	667.4	39.4859997	73.5857783	4439.5
682	682	0.758	палка-ручка-пробка	6.0	3.1	лишайник-жёлтый-на-камне	1.433	78.8	11.0	23.0	25.5	bbox	681	267.3	265.3	268.3	938,290,15,21	666.7	39.4859991	73.5857774	4439.5
683	683	1.296	палка-ручка-контроль	10.2	6.6	порода-охристая	1.798	51.0	16.0	24.0	28.8	bbox	682	262.3	261.3	262.3	535,141,26,10	666.2	39.4859085	73.5858005	4439.5
684	684	0.798	стакан-марка-красная	3.6	18.4	порода-охристая	0.944	31.4	9.0	4.0	9.8	bbox	683	300.4	300.4	300.4	271,281,18,24	666.1	39.4859966	73.5857753	4439.5
685	685	0.909	предмет-оранжевый	7.2	3.3	лишайник-жёлтый-на-камне	2.231	61.0	16.0	28.0	32.2	bbox	684	261.3	257.3	261.3	205,79,18,14	664.5	39.4859083	73.5858006	4439.5
686	686	0.685	палка-ручка-контроль	5.4	3.5	лишайник-жёлтый-на-камне	1.439	54.1	1.0	28.0	28.0	bbox	685	286.4	286.4	287.4	1553,69,12,20	664.0	39.4859986	73.5857757	4439.5
687	687	1.241	стакан-марка-красная	9.8	4.3	снег-в-тени	0.710	54.1	2.0	-3.0	3.6	bbox	686	119.2	117.2	123.2	257,65,23,18	663.9	39.4862243	73.5854625	4440.9
688	688	0.968	стакан-марка-красная	7.0	11.6	порода-охристая	0.902	61.4	11.0	8.0	13.6	bbox	687	211.3	210.3	211.3	1877,1061,43,14	662.9	39.4859364	73.5857951	4439.5
689	689	0.836	палка-ручка-пробка	4.1	18.4	лишайник-жёлтый-на-камне	0.632	57.3	6.0	19.0	19.9	bbox	688	215.3	212.3	215.3	437,925,22,25	662.3	39.4859375	73.5857951	4439.5
690	690	1.666	стакан-марка-красная	12.6	14.7	порода-охристая	0.571	35.1	15.0	13.0	19.8	bbox	689	47.1	46.1	48.1	349,517,18,26	661.8	39.4862326	73.5854565	4440.9
691	691	1.164	палка-ручка-пробка	7.1	21.2	лишайник-жёлтый-на-камне	0.482	54.5	4.0	16.0	16.5	bbox	690	147.2	147.2	147.2	489,381,22,16	661.4	39.4859623	73.5857913	4439.5
692	692	1.834	палка-ручка-пробка	13.4	20.8	корка-жёлтая-на-скале	0.574	54.9	-1.0	11.0	11.0	bbox	691	348.4	348.4	348.4	1729,185,22,32	660.7	39.4860309	73.5856298	4439.6
693	693	1.913	стакан-марка-красная	11.1	36.9	порода-в-тени	0.371	12.9	0.0	-0.5	0.5	bbox	692	234.3	234.3	234.3	1194,1017,15,16	660.3	39.4859130	73.5857984	4439.5
694	694	0.760	палка-ручка-контроль	6.1	0.1	лишайник-жёлтый-на-камне	1.626	57.5	12.0	25.0	27.7	bbox	693	273.4	272.4	273.4	1387,242,16,19	659.9	39.4859998	73.5857768	4439.6
695	695	0.778	палка-древко-контроль	6.1	4.7	снег-в-тени	0.886	46.3	-7.0	-9.0	11.4	bbox	694	331.4	331.4	331.4	917,533,12,31	659.9	39.4860306	73.5856305	4439.6
696	696	1.631	стакан-марка-красная	11.2	23.5	снег-розовый	0.318	73.3	0.0	3.0	3.0	bbox	695	322.4	322.4	322.4	429,105,26,41	659.1	39.4860309	73.5856302	4439.5
697	697	2.295	палка-ручка-пробка	17.9	14.5	снег-освещённый	0.970	90.2	-3.0	7.0	7.6	bbox	696	0.0	0.0	0.0	157,949,24,8	658.5	39.4862320	73.5854596	4441.0
698	698	1.467	предмет-оранжевый	11.7	3.1	порода-охристая	2.356	61.2	24.0	23.0	33.2	bbox	697	143.2	143.2	143.2	1321,995,16,16	658.4	39.4860000	73.5856715	4440.4
699	699	1.648	палка-ручка-пробка	12.8	11.0	лишайник-жёлтый-на-камне	1.183	86.7	-5.0	15.0	15.8	bbox	698	342.4	342.4	342.4	427,1009,27,16	658.4	39.4860317	73.5856295	4439.6
700	700	1.443	стакан-марка-красная	9.2	24.3	порода-охристая	0.539	25.5	13.0	10.0	16.4	bbox	699	149.2	148.2	149.2	445,569,22,22	657.6	39.4859620	73.5857928	4439.5
701	701	1.223	стакан-марка-красная	8.2	18.4	порода-в-тени	0.891	31.4	3.0	3.0	4.2	bbox	700	206.3	206.3	208.3	1729,0,30,11	657.2	39.4859367	73.5857911	4439.5
702	702	1.647	палка-ручка-пробка	12.8	10.8	корка-жёлтая-на-скале	0.874	64.9	-5.0	15.0	15.8	bbox	701	243.3	243.3	243.3	1793,39,26,16	657.0	39.4859093	73.5858010	4439.5
703	703	2.077	стакан-марка-красная	12.2	39.6	снег-освещённый	0.332	89.4	-1.0	-1.0	1.4	bbox	702	128.2	128.2	128.2	531,407,20,10	656.8	39.4862260	73.5854623	4440.9
704	704	1.796	стакан-марка-красная	12.0	27.5	снег-освещённый	0.127	77.3	-1.0	0.0	1.0	bbox	703	221.3	221.3	222.3	271,957,22,16	656.6	39.4859372	73.5857956	4439.5
705	705	0.791	стакан-марка-красная	6.3	0.0	порода-охристая	0.692	49.8	9.0	7.0	11.4	bbox	704	168.2	168.2	168.2	1913,984,7,25	656.1	39.4859631	73.5857891	4439.5
706	706	1.001	палка-ручка-пробка	7.5	9.8	лишайник-жёлтый-на-камне	0.419	65.9	-1.0	18.5	18.5	bbox	705	176.2	175.2	178.2	1871,301,16,20	656.0	39.4859635	73.5857881	4439.5
707	707	0.998	палка-ручка-пробка	7.1	13.0	лишайник-жёлтый-на-камне	1.013	62.7	10.0	18.0	20.6	bbox	706	288.4	288.4	289.4	1873,19,24,12	652.4	39.4859984	73.5857752	4439.5
708	708	1.677	рюкзак-синий	13.2	9.2	порода-в-тени	0.352	29.6	-1.0	-1.0	1.4	bbox	707	155.2	155.2	155.2	969,473,16,16	651.9	39.4859618	73.5857911	4439.5
709	709	1.785	стакан-марка-красная	13.9	11.0	порода-в-тени	1.095	38.8	-2.0	6.0	6.3	bbox	708	310.4	310.4	310.4	1385,597,18,15	651.3	39.4859957	73.5857766	4439.6
710	710	1.762	стакан-марка-красная	14.0	4.7	порода-в-тени	0.967	45.1	-3.0	2.0	3.6	bbox	709	220.3	219.3	221.3	101,961,16,16	650.1	39.4859372	73.5857952	4439.5
711	711	1.737	рюкзак-синий	12.2	23.5	порода-в-тени	0.254	15.3	-1.0	-2.0	2.2	bbox	710	137.2	137.2	142.2	1289,621,16,12	649.1	39.4861792	73.5854706	4440.9
712	712	1.046	палка-ручка-пробка	8.1	7.9	лишайник-жёлтый-на-камне	1.079	67.8	-3.0	24.0	24.2	bbox	711	179.2	179.2	180.2	107,849,14,16	647.6	39.4859640	73.5857882	4439.5
713	713	1.504	стакан-марка-красная	12.0	3.1	порода-в-тени	0.979	46.7	-1.0	1.0	1.4	bbox	712	250.3	249.3	250.3	1345,1041,14,36	647.6	39.4859098	73.5858021	4439.5
714	714	0.763	стакан-марка-красная	3.6	17.3	порода-в-тени	1.447	32.5	9.0	-2.0	9.2	bbox	713	95.1	95.1	95.1	1484,0,22,9	646.7	39.4862229	73.5854593	4440.9
715	715	1.404	палка-ручка-пробка	10.3	15.7	порода-охристая	1.225	60.0	14.0	18.0	22.8	bbox	714	43.1	37.0	46.1	1233,853,14,20	646.5	39.4862334	73.5854572	4440.9
716	716	0.936	палка-древко-контроль	7.2	7.0	снег-в-тени	0.516	48.6	-4.0	-9.0	9.8	bbox	715	6.0	6.0	6.0	1906,822,14,28	646.4	39.4862326	73.5854588	4440.9
717	717	1.758	рюкзак-синий	12.2	24.7	порода-в-тени	0.286	14.1	-1.0	-2.0	2.2	bbox	716	345.4	345.4	345.4	865,0,16,15	645.5	39.4860314	73.5856298	4439.6
718	718	1.241	стакан-марка-красная	3.2	32.9	снег-розовый	1.047	82.7	10.0	4.0	10.8	bbox	717	234.3	228.3	234.3	303,35,10,32	644.9	39.4859130	73.5857984	4439.5
719	719	0.893	предмет-оранжевый	6.7	8.6	порода-охристая	3.185	55.7	26.0	31.0	40.5	bbox	718	21.0	18.0	21.0	127,231,18,26	641.9	39.4862334	73.5854584	4440.9
720	720	1.860	рюкзак-синий	13.0	25.1	порода-в-тени	0.345	13.7	0.0	-1.0	1.0	bbox	719	266.3	266.3	266.3	785,993,16,15	641.8	39.4859884	73.5857801	4439.5
721	721	0.801	палка-ручка-контроль	6.4	0.7	лишайник-жёлтый-на-камне	1.160	56.9	10.0	21.0	23.3	bbox	720	323.4	323.4	323.4	1291,865,14,16	641.6	39.4860310	73.5856301	4439.5
722	722	1.518	стакан-марка-красная	12.1	4.3	порода-охристая	0.686	45.5	16.0	12.0	20.0	bbox	721	124.2	124.2	125.2	297,167,20,20	641.4	39.4862251	73.5854612	4440.9
723	723	0.929	стакан-марка-красная	7.1	8.0	порода-охристая	0.892	41.8	6.0	6.0	8.5	bbox	722	310.4	310.4	310.4	87,977,24,28	641.3	39.4859957	73.5857766	4439.6
724	724	1.324	палка-ручка-пробка	9.4	16.9	порода-охристая	0.893	58.8	10.0	15.0	18.0	bbox	723	345.4	345.4	345.4	9,1029,20,20	640.3	39.4860314	73.5856298	4439.6
725	725	1.637	стакан-марка-красная	5.0	42.3	порода-охристая	1.387	7.5	8.0	5.0	9.4	bbox	724	330.4	330.4	330.4	280,75,9,46	639.8	39.4860308	73.5856307	4439.6
726	726	0.908	палка-ручка-пробка	7.2	3.2	лишайник-жёлтый-на-камне	0.516	72.5	-1.0	19.0	19.0	bbox	725	243.3	243.3	243.3	1608,205,25,20	639.2	39.4859093	73.5858010	4439.5
727	727	0.751	предмет-оранжевый	5.8	5.1	порода-охристая	3.141	59.2	25.0	31.0	39.8	bbox	726	54.1	53.1	54.1	253,259,25,14	637.7	39.4862327	73.5854565	4440.9
728	728	1.450	стакан-марка-красная	6.7	33.1	порода-охристая	0.997	16.7	8.0	7.0	10.6	bbox	727	206.3	201.3	206.3	41,1057,26,18	637.7	39.4859367	73.5857911	4439.5
729	729	1.271	стакан-марка-красная	10.0	6.5	порода-охристая	1.016	56.3	5.0	9.0	10.3	bbox	728	209.3	196.3	209.3	265,1017,24,34	634.2	39.4859363	73.5857952	4439.5
730	730	1.068	палка-ручка-пробка	8.5	0.4	лишайник-жёлтый-на-камне	0.876	76.1	8.0	15.0	17.0	bbox	729	348.4	348.4	348.4	140,25,18,32	634.0	39.4860309	73.5856298	4439.6
731	731	1.513	палка-ручка-контроль	11.7	10.7	порода-охристая	1.595	46.9	17.0	22.0	27.8	bbox	730	190.2	190.2	191.2	1677,102,12,19	633.4	39.4859633	73.5857888	4439.5
732	732	0.437	палка-ручка-пробка	3.0	6.3	лишайник-жёлтый-на-камне	1.070	69.4	8.0	23.0	24.4	bbox	731	285.4	283.4	285.4	1839,825,22,15	633.3	39.4859988	73.5857760	4439.5
733	733	1.702	стакан-марка-красная	12.6	17.6	порода-охристая	0.602	32.2	15.0	13.0	19.8	bbox	732	263.3	263.3	264.3	1435,199,30,17	632.3	39.4859101	73.5858002	4439.5
734	734	1.455	палка-ручка-пробка	11.4	8.2	лишайник-жёлтый-на-камне	1.177	83.9	8.0	12.0	14.4	bbox	733	337.4	335.4	337.4	51,139,20,17	632.0	39.4860321	73.5856295	4439.6
735	735	1.072	стакан-марка-красная	8.2	8.2	снег-розовый	0.803	58.0	3.0	-1.0	3.2	bbox	734	23.0	16.0	24.0	188,737,15,20	631.1	39.4862334	73.5854583	4440.9
736	736	0.639	стакан-марка-красная	2.8	14.9	порода-охристая	1.038	34.9	9.0	3.0	9.5	bbox	735	260.3	260.3	260.3	85,682,19,25	631.1	39.4859081	73.5858006	4439.5
737	737	1.406	рюкзак-синий	11.0	7.4	порода-в-тени	0.528	31.4	0.0	-3.0	3.0	bbox	736	73.1	73.1	75.1	1811,1055,32,25	630.4	39.4862275	73.5854588	4440.9
738	738	1.739	стакан-марка-красная	8.5	38.4	снег-розовый	1.213	88.2	8.0	9.0	12.0	bbox	737	81.1	81.1	81.1	1318,241,23,22	630.1	39.4862252	73.5854596	4440.9
739	739	1.755	стакан-марка-красная	13.0	18.2	порода-охристая	0.465	31.6	10.0	14.0	17.2	bbox	738	217.3	216.3	217.3	17,999,12,29	629.1	39.4859374	73.5857951	4439.5
740	740	1.232	палка-ручка-контроль	9.8	1.6	порода-охристая	1.641	59.2	15.0	22.0	26.6	bbox	739	242.3	242.3	242.3	1849,791,17,16	628.7	39.4859093	73.5858007	4439.5
741	741	1.779	предмет-оранжевый	13.0	20.0	порода-охристая	4.075	44.3	33.0	35.0	48.1	bbox	740	11.0	10.0	16.0	1147,142,22,19	628.4	39.4862333	73.5854589	4440.9
742	742	1.633	стакан-марка-красная	6.3	40.0	порода-в-тени	0.953	9.8	5.0	-1.0	5.1	bbox	741	326.4	325.4	326.4	25,192,14,23	627.8	39.4860314	73.5856299	4439.6
743	743	0.718	палка-ручка-контроль	4.5	12.6	лишайник-жёлтый-на-камне	1.385	70.2	2.0	28.0	28.1	bbox	742	300.4	299.4	301.4	893,97,24,18	627.4	39.4859966	73.5857753	4439.5
744	744	1.206	стакан-марка-красная	7.3	22.2	снег-розовый	1.170	72.0	9.0	8.0	12.0	bbox	743	301.4	301.4	302.4	195,25,16,18	626.9	39.4859966	73.5857756	4439.5
745	745	1.927	стакан-марка-красная	10.8	38.4	снег-розовый	0.731	88.2	2.0	7.0	7.3	bbox	744	299.4	297.4	299.4	35,535,18,32	626.3	39.4859965	73.5857748	4439.5
746	746	1.429	стакан-марка-красная	11.4	2.7	снег-розовый	1.147	47.1	0.0	4.0	4.0	bbox	745	256.3	256.3	256.3	961,500,12,37	624.6	39.4859089	73.5858010	4439.5
747	747	1.616	стакан-марка-красная	12.8	6.3	корка-жёлтая-на-скале	0.691	56.1	3.0	11.0	11.4	bbox	746	276.4	272.4	276.4	397,1005,22,20	624.0	39.4859994	73.5857769	4439.5
748	748	1.342	стакан-марка-красная	10.7	0.0	снег-розовый	1.113	49.8	1.5	6.0	6.2	bbox	747	303.4	303.4	303.4	515,0,24,14	623.5	39.4859965	73.5857762	4439.5
749	749	1.592	палка-ручка-пробка	10.8	23.5	корка-жёлтая-на-скале	0.236	52.2	-1.0	14.0	14.0	bbox	748	326.4	326.4	326.4	85,371,16,18	621.7	39.4860314	73.5856299	4439.6
750	750	0.581	палка-ручка-контроль	4.5	4.5	лишайник-жёлтый-на-камне	1.400	53.1	10.0	24.0	26.0	bbox	749	212.3	209.3	213.3	51,1000,14,24	621.5	39.4859367	73.5857952	4439.5
751	751	1.218	палка-ручка-контроль	9.3	9.8	порода-охристая	0.880	47.8	8.5	17.0	19.0	bbox	750	256.3	256.3	256.3	1691,141,36,19	620.1	39.4859089	73.5858010	4439.5
752	752	1.181	стакан-марка-красная	9.4	1.6	порода-охристая	0.759	48.2	6.0	9.0	10.8	bbox	751	179.2	179.2	185.2	117,37,18,16	619.8	39.4859640	73.5857882	4439.5
753	753	0.822	стакан-марка-красная	6.3	6.3	порода-охристая	0.588	43.5	9.0	7.0	11.4	bbox	752	168.2	168.2	168.2	1881,623,28,18	619.6	39.4859631	73.5857891	4439.5
754	754	1.034	стакан-марка-красная	8.2	2.2	снег-в-тени	0.963	52.0	3.0	-1.0	3.2	bbox	753	136.2	136.2	136.2	1447,943,12,18	619.3	39.4862055	73.5854627	4440.9
755	755	1.720	палка-ручка-контроль	13.5	10.1	порода-охристая	1.028	47.5	16.0	17.0	23.3	bbox	754	127.2	125.2	128.2	307,124,18,13	618.9	39.4862259	73.5854622	4440.9
756	756	1.491	стакан-марка-красная	5.4	37.3	порода-охристая	1.498	12.5	16.0	3.0	16.3	bbox	755	302.4	302.4	303.4	0,127,7,26	618.7	39.4859965	73.5857760	4439.5
757	757	1.792	палка-ручка-пробка	12.8	22.6	корка-жёлтая-на-скале	0.489	53.1	-3.0	13.0	13.3	bbox	756	252.3	252.3	252.3	1899,507,21,14	618.5	39.4859095	73.5858021	4439.5
758	758	1.658	стакан-марка-красная	12.0	19.8	порода-в-тени	0.442	30.0	-1.0	1.0	1.4	bbox	757	255.3	255.3	255.3	1793,97,26,18	617.9	39.4859090	73.5858011	4439.5
759	759	1.715	стакан-марка-красная	12.6	18.6	снег-розовый	0.623	68.4	-1.0	5.0	5.1	bbox	758	323.4	323.4	323.4	396,109,21,32	617.9	39.4860310	73.5856301	4439.5
760	760	1.602	стакан-марка-красная	11.0	22.7	порода-в-тени	0.367	27.1	0.0	0.0	0.0	bbox	759	173.2	172.2	173.2	65,221,24,20	617.2	39.4859632	73.5857881	4439.5
761	761	1.739	стакан-марка-красная	8.5	38.4	снег-розовый	1.213	88.2	8.0	9.0	12.0	bbox	760	194.2	194.2	194.2	515,602,22,12	616.0	39.4859634	73.5857882	4439.5
762	762	1.277	палка-ручка-пробка	8.9	17.3	лишайник-жёлтый-на-камне	0.719	58.4	-3.0	19.0	19.2	bbox	761	162.2	161.2	163.2	117,849,14,12	615.9	39.4859631	73.5857908	4439.5
763	763	1.683	стакан-марка-красная	10.0	31.4	снег-освещённый	0.250	81.2	1.0	0.0	1.0	bbox	762	234.3	232.3	236.3	833,317,14,20	615.7	39.4859130	73.5857984	4439.5
764	764	0.977	палка-ручка-контроль	7.8	0.8	лишайник-жёлтый-на-камне	1.212	58.4	11.0	20.0	22.8	bbox	763	195.3	195.3	200.3	1505,223,22,18	615.3	39.4859635	73.5857880	4439.5
765	765	1.705	рюкзак-синий	11.0	28.2	порода-в-тени	0.571	10.6	1.0	-3.0	3.2	bbox	764	317.4	316.4	318.4	1569,649,15,24	615.2	39.4860227	73.5856620	4439.5
766	766	2.116	предмет-оранжевый	13.6	35.3	порода-охристая	2.077	29.0	24.0	21.0	31.9	bbox	765	28.0	23.0	28.0	1065,0,29,7	613.8	39.4862337	73.5854586	4440.9
767	767	1.607	палка-ручка-пробка	12.2	14.1	корка-жёлтая-на-скале	0.606	61.6	-2.0	13.0	13.2	bbox	766	147.2	147.2	147.2	409,609,16,24	612.8	39.4859623	73.5857913	4439.5
768	768	1.536	стакан-марка-красная	11.2	17.8	снег-розовый	0.452	67.6	0.0	3.0	3.0	bbox	767	274.4	274.4	275.4	1057,667,10,30	611.6	39.4859993	73.5857767	4439.6
769	769	1.361	стакан-марка-красная	9.8	16.3	порода-охристая	0.544	33.5	15.0	10.0	18.0	bbox	768	297.4	297.4	299.4	13,137,14,20	611.0	39.4859963	73.5857743	4439.5
770	770	0.791	палка-ручка-контроль	6.3	0.0	лишайник-жёлтый-на-камне	1.551	57.6	12.0	24.0	26.8	bbox	769	192.2	192.2	192.2	1675,557,14,16	609.5	39.4859632	73.5857884	4439.5
771	771	1.429	палка-ручка-контроль	11.4	3.0	порода-охристая	1.855	60.6	17.0	23.0	28.6	bbox	770	2.0	2.0	6.0	385,113,9,22	609.0	39.4862325	73.5854593	4441.0
772	772	1.511	стакан-марка-красная	9.8	24.5	порода-охристая	0.696	25.3	15.0	10.0	18.0	bbox	771	260.3	260.3	260.3	143,141,18,16	609.0	39.4859081	73.5858006	4439.5
773	773	1.728	стакан-марка-красная	13.6	8.6	порода-охристая	0.633	41.2	15.0	14.0	20.5	bbox	772	72.1	71.1	79.1	1377,268,24,17	608.7	39.4862278	73.5854587	4440.9
774	774	0.566	палка-ручка-контроль	4.5	2.4	лишайник-жёлтый-на-камне	0.701	60.0	4.0	22.0	22.4	bbox	773	276.4	275.4	277.4	51,445,18,22	608.3	39.4859994	73.5857769	4439.5
775	775	1.728	стакан-марка-красная	13.0	16.5	снег-розовый	0.744	66.3	-1.0	6.0	6.1	bbox	774	13.0	13.0	14.0	865,987,24,13	608.2	39.4862335	73.5854589	4440.9
776	776	0.793	палка-ручка-пробка	6.3	1.6	лишайник-жёлтый-на-камне	1.536	74.1	11.0	25.0	27.3	bbox	775	256.3	256.3	256.3	465,705,24,12	608.0	39.4859089	73.5858010	4439.5
777	777	0.709	палка-ручка-контроль	5.6	3.3	лишайник-жёлтый-на-камне	1.497	54.3	1.0	28.5	28.5	bbox	776	277.4	275.4	277.4	382,139,11,38	606.7	39.4859996	73.5857774	4439.5
778	778	1.291	стакан-марка-красная	9.9	10.8	корка-жёлтая-на-скале	1.209	39.0	2.5	6.0	6.5	bbox	777	171.2	170.2	171.2	153,1011,19,14	605.9	39.4859630	73.5857884	4439.5
779	779	1.750	стакан-марка-красная	13.6	11.6	порода-в-тени	0.984	38.2	-2.0	5.0	5.4	bbox	778	258.3	258.3	258.3	1397,861,20,14	605.7	39.4859084	73.5858008	4439.5
780	780	1.783	стакан-марка-красная	13.9	10.8	снег-розовый	0.932	60.6	-2.0	6.0	6.3	bbox	779	35.0	35.0	36.0	501,878,14,17	605.6	39.4862336	73.5854577	4440.9
781	781	1.594	стакан-марка-красная	12.5	8.2	порода-охристая	0.769	41.6	17.0	12.0	20.8	bbox	780	165.2	163.2	167.2	117,309,16,12	605.6	39.4859635	73.5857902	4439.5
782	782	1.561	палка-ручка-контроль	11.4	17.8	порода-охристая	0.792	39.8	13.0	17.0	21.4	bbox	781	212.3	212.3	212.3	1841,852,30,13	605.1	39.4859367	73.5857952	4439.5
783	783	0.968	палка-ручка-контроль	6.3	15.6	порода-охристая	1.635	42.0	12.0	24.0	26.8	bbox	782	293.4	292.4	293.4	1857,229,32,18	603.6	39.4859970	73.5857744	4439.5
784	784	0.791	палка-ручка-пробка	6.3	0.8	лишайник-жёлтый-на-камне	0.738	76.5	7.0	17.0	18.4	bbox	783	81.1	81.1	81.1	957,227,15,15	603.1	39.4862252	73.5854596	4440.9
785	785	0.904	палка-ручка-пробка	7.1	5.3	лишайник-жёлтый-на-камне	1.149	81.0	-2.0	24.0	24.1	bbox	784	251.3	250.3	252.3	135,343,26,14	603.1	39.4859096	73.5858023	4439.5
786	786	1.506	стакан-марка-красная	11.2	15.7	порода-в-тени	0.550	34.1	0.0	-1.0	1.0	bbox	785	171.2	171.2	171.2	1569,985,16,16	603.0	39.4859630	73.5857884	4439.5
787	787	1.320	стакан-марка-красная	9.4	16.9	порода-охристая	0.568	32.9	15.0	9.5	17.8	bbox	786	112.1	109.1	120.2	693,367,14,17	602.6	39.4862233	73.5854628	4440.9
788	788	0.781	стакан-марка-красная	5.8	7.8	порода-охристая	1.002	57.6	8.0	6.0	10.0	bbox	787	282.4	282.4	282.4	187,1051,10,29	602.6	39.4859995	73.5857772	4439.5
789	789	1.447	палка-ручка-пробка	11.4	7.0	лишайник-жёлтый-на-камне	1.154	82.7	8.0	12.0	14.4	bbox	788	164.2	164.2	167.2	1192,51,19,16	601.6	39.4859635	73.5857904	4439.5
790	790	0.834	стакан-марка-красная	5.8	11.4	порода-охристая	0.729	38.4	8.0	6.0	10.0	bbox	789	187.2	187.2	188.2	1763,7,41,17	600.7	39.4859637	73.5857885	4439.5
791	791	0.784	рюкзак-синий	6.1	5.3	снег-в-тени	0.132	44.1	0.0	-8.0	8.0	bbox	790	283.4	282.4	283.4	851,249,20,12	599.0	39.4859991	73.5857769	4439.5
792	792	0.785	палка-ручка-пробка	6.0	6.5	лишайник-жёлтый-на-камне	0.398	69.2	5.0	17.0	17.7	bbox	791	220.3	220.3	220.3	1234,308,20,17	598.7	39.4859372	73.5857952	4439.5
793	793	1.637	палка-ручка-пробка	12.1	17.7	корка-жёлтая-на-скале	0.915	58.0	-6.0	18.0	19.0	bbox	792	215.3	213.3	215.3	17,1066,22,14	598.0	39.4859375	73.5857951	4439.5
794	794	1.634	палка-ручка-пробка	12.8	9.2	лишайник-жёлтый-на-камне	0.801	66.5	-3.0	13.0	13.3	bbox	793	82.1	82.1	82.1	1787,65,16,22	597.8	39.4862252	73.5854596	4440.9
795	795	1.451	палка-ручка-контроль	10.0	20.3	порода-охристая	0.801	37.3	7.0	16.0	17.5	bbox	794	170.2	170.2	170.2	1111,294,23,16	597.7	39.4859630	73.5857886	4439.5
796	796	1.163	стакан-марка-красная	9.0	8.2	порода-в-тени	0.940	41.6	2.0	1.0	2.2	bbox	795	326.4	326.4	326.4	41,561,16,23	597.4	39.4860314	73.5856299	4439.6
797	797	0.901	стакан-марка-красная	7.1	4.9	порода-охристая	0.704	54.7	10.0	8.0	12.8	bbox	796	152.2	152.2	152.2	313,226,24,17	595.6	39.4859618	73.5857918	4439.5
798	798	1.165	стакан-марка-красная	9.2	4.7	снег-в-тени	0.915	45.1	2.0	-1.0	2.2	bbox	797	196.3	196.3	196.3	585,357,15,20	595.3	39.4859631	73.5857882	4439.5
799	799	1.130	палка-ручка-пробка	7.0	20.0	лишайник-жёлтый-на-камне	0.528	55.7	5.0	16.0	16.8	bbox	798	166.2	165.2	166.2	767,131,18,14	595.1	39.4859635	73.5857899	4439.5
800	800	1.354	палка-ручка-контроль	10.8	4.1	порода-охристая	1.604	53.5	16.0	22.0	27.2	bbox	799	258.3	258.3	259.3	1633,735,20,12	595.1	39.4859084	73.5858008	4439.5
801	801	1.464	стакан-марка-красная	11.7	1.6	порода-охристая	0.693	51.4	15.0	12.0	19.2	bbox	800	131.2	131.2	135.2	1082,113,19,18	594.8	39.4862270	73.5854626	4440.9
802	802	1.511	стакан-марка-красная	11.0	17.4	порода-охристая	0.257	32.4	11.5	12.0	16.6	bbox	801	151.2	151.2	151.2	1179,1055,22,12	593.8	39.4859618	73.5857922	4439.5
803	803	1.587	стакан-марка-красная	12.6	3.9	порода-в-тени	1.186	45.9	-1.0	5.0	5.1	bbox	802	264.3	263.3	267.3	1799,915,12,20	593.4	39.4859257	73.5857967	4439.5
804	804	1.595	палка-ручка-пробка	12.1	14.3	корка-жёлтая-на-скале	0.613	61.4	0.0	12.0	12.0	bbox	803	53.1	53.1	55.1	1513,1036,16,17	593.0	39.4862328	73.5854563	4440.9
805	805	0.982	палка-ручка-контроль	7.8	3.1	лишайник-жёлтый-на-камне	1.249	54.5	11.0	20.0	22.8	bbox	804	199.3	197.3	201.3	53,481,22,16	592.8	39.4859488	73.5857875	4439.5
806	806	1.520	предмет-оранжевый	11.0	17.8	порода-охристая	1.974	46.5	21.0	23.0	31.1	bbox	805	25.0	23.0	28.0	1183,0,16,21	592.4	39.4862334	73.5854584	4440.9
807	807	1.660	стакан-марка-красная	11.2	25.1	порода-в-тени	0.294	24.7	0.0	-1.0	1.0	bbox	806	207.3	207.3	207.3	1039,5,13,26	592.1	39.4859364	73.5857938	4439.5
808	808	1.522	предмет-оранжевый	12.2	1.9	порода-охристая	1.841	62.4	18.0	22.0	28.4	bbox	807	83.1	83.1	83.1	1288,621,13,18	592.0	39.4862250	73.5854593	4440.9
809	809	0.931	палка-ручка-пробка	7.3	5.5	лишайник-жёлтый-на-камне	0.727	70.2	-2.0	21.0	21.1	bbox	808	310.4	310.4	310.4	109,977,20,24	591.3	39.4859957	73.5857766	4439.6
810	810	1.814	стакан-марка-красная	11.0	32.9	порода-в-тени	0.307	16.9	0.0	0.0	0.0	bbox	809	138.2	138.2	138.2	1632,849,17,22	591.2	39.4861474	73.5854883	4440.9
811	811	1.748	стакан-марка-красная	13.9	4.3	корка-жёлтая-на-скале	1.155	45.5	-2.0	6.0	6.3	bbox	810	264.3	263.3	267.3	1808,961,9,38	591.1	39.4859257	73.5857967	4439.5
812	812	1.471	палка-ручка-контроль	10.8	16.2	порода-охристая	1.236	41.4	15.0	20.0	25.0	bbox	811	272.4	272.4	276.4	1199,189,24,16	589.8	39.4860003	73.5857769	4439.5
813	813	1.231	палка-ручка-пробка	8.1	19.8	корка-жёлтая-на-скале	0.629	55.9	-2.0	19.0	19.1	bbox	812	148.2	148.2	149.2	676,257,13,16	589.5	39.4859620	73.5857927	4439.4
814	814	1.761	рюкзак-синий	12.2	24.9	порода-в-тени	0.291	13.9	-1.0	-2.0	2.2	bbox	813	130.2	130.2	130.2	97,621,18,12	588.8	39.4862267	73.5854625	4440.9
815	815	0.979	стакан-марка-красная	5.1	20.8	снег-розовый	1.146	70.6	10.0	6.0	11.7	bbox	814	234.3	233.3	234.3	0,0,11,33	588.6	39.4859130	73.5857984	4439.5
816	816	0.571	стакан-марка-красная	3.6	9.8	порода-охристая	0.912	40.0	9.0	4.0	9.8	bbox	815	168.2	168.2	168.2	1901,0,19,13	588.3	39.4859631	73.5857891	4439.5
817	817	1.247	палка-ручка-пробка	9.9	4.3	лишайник-жёлтый-на-камне	0.731	80.0	-2.0	16.0	16.1	bbox	816	156.2	156.2	156.2	1617,935,16,10	587.2	39.4859620	73.5857912	4439.5
818	818	1.909	палка-ручка-пробка	15.2	3.9	снег-розовый	0.975	71.8	-1.0	9.0	9.1	bbox	817	75.1	73.1	75.1	867,1027,14,12	586.7	39.4862269	73.5854593	4440.9
819	819	1.640	стакан-марка-красная	13.0	6.3	порода-охристая	0.417	43.5	11.0	14.0	17.8	bbox	818	280.4	278.4	280.4	0,705,13,28	585.8	39.4859997	73.5857779	4439.6
820	820	1.568	стакан-марка-красная	11.0	20.8	снег-освещённый	0.386	70.6	0.0	0.0	0.0	bbox	819	128.2	128.2	128.2	569,457,24,29	585.4	39.4862260	73.5854623	4440.9
821	821	0.752	палка-ручка-контроль	5.4	9.4	лишайник-жёлтый-на-камне	1.553	48.2	11.0	24.0	26.4	bbox	820	216.3	214.3	216.3	1816,1069,19,11	584.4	39.4859375	73.5857950	4439.5
822	822	0.741	стакан-марка-красная	5.1	10.6	порода-охристая	0.638	39.2	10.0	6.0	11.7	bbox	821	332.4	329.4	332.4	686,379,24,15	583.9	39.4860308	73.5856303	4439.6
823	823	1.046	стакан-марка-красная	7.8	10.4	снег-розовый	0.875	60.2	4.0	-2.5	4.7	bbox	822	82.1	80.1	82.1	53,819,12,24	583.8	39.4862252	73.5854596	4440.9
824	824	1.146	палка-ручка-пробка	8.5	12.2	лишайник-жёлтый-на-камне	1.127	63.5	11.0	17.0	20.2	bbox	823	47.1	47.1	49.1	153,430,18,11	583.5	39.4862326	73.5854565	4440.9
825	825	1.698	стакан-марка-красная	12.2	21.2	порода-в-тени	0.593	28.6	-1.0	3.0	3.2	bbox	824	261.3	261.3	261.3	1689,174,10,31	583.1	39.4859083	73.5858006	4439.5
826	826	1.311	палка-ручка-контроль	9.5	15.6	порода-охристая	1.586	42.0	15.0	23.0	27.5	bbox	825	246.3	246.3	246.3	129,1041,16,18	582.9	39.4859098	73.5858015	4439.5
827	827	1.348	предмет-оранжевый	10.4	9.4	лишайник-жёлтый-на-камне	2.090	73.7	17.0	24.0	29.4	bbox	826	139.2	139.2	139.2	157,831,16,14	582.4	39.4861135	73.5855151	4440.9
828	828	1.193	палка-ручка-контроль	8.5	14.9	порода-охристая	0.923	42.7	9.0	18.0	20.1	bbox	827	207.3	207.3	210.3	1755,97,29,21	581.7	39.4859364	73.5857938	4439.5
829	829	1.576	предмет-оранжевый	11.2	20.4	порода-охристая	1.748	43.9	18.0	23.0	29.2	bbox	828	82.1	82.1	83.1	1173,1001,20,14	581.0	39.4862252	73.5854596	4440.9
830	830	1.528	стакан-марка-красная	12.2	4.3	порода-охристая	0.435	45.5	9.0	13.0	15.8	bbox	829	208.3	199.3	208.3	97,1037,18,20	580.1	39.4859362	73.5857950	4439.5
831	831	0.917	палка-ручка-пробка	7.3	3.2	лишайник-жёлтый-на-камне	0.685	72.5	7.0	16.0	17.5	bbox	830	347.4	346.4	347.4	1295,843,14,14	579.2	39.4860308	73.5856299	4439.6
832	832	1.288	палка-ручка-пробка	9.2	16.1	лишайник-жёлтый-на-камне	0.448	59.6	-1.0	16.0	16.0	bbox	831	310.4	310.4	310.4	1649,333,18,20	576.6	39.4859957	73.5857766	4439.6
833	833	1.605	стакан-марка-красная	12.6	7.6	порода-в-тени	1.087	42.2	-1.0	5.0	5.1	bbox	832	263.3	263.3	270.3	1293,747,12,36	576.3	39.4859101	73.5858002	4439.5
834	834	1.957	палка-ручка-пробка	15.7	1.2	снег-розовый	1.014	74.5	-2.0	9.0	9.2	bbox	833	58.1	55.1	58.1	1481,849,16,12	575.8	39.4862320	73.5854573	4440.9
835	835	1.640	стакан-марка-красная	12.2	16.9	корка-жёлтая-на-скале	1.031	32.9	1.0	8.0	8.1	bbox	834	238.3	231.3	240.3	75,29,20,24	575.7	39.4859089	73.5857998	4439.5
836	836	1.278	палка-ручка-контроль	8.6	19.4	порода-охристая	1.275	38.2	13.0	21.0	24.7	bbox	835	218.3	213.3	218.3	1883,513,18,10	575.6	39.4859374	73.5857951	4439.5
837	837	1.524	стакан-марка-красная	12.2	2.7	снег-розовый	0.978	52.5	-1.0	3.0	3.2	bbox	836	243.3	243.3	243.3	1121,721,6,32	575.5	39.4859093	73.5858010	4439.5
838	838	0.853	стакан-марка-красная	4.5	18.0	снег-в-тени	1.409	31.8	9.0	-3.0	9.5	bbox	837	79.1	79.1	79.1	1825,759,19,10	574.3	39.4862255	73.5854598	4440.9
839	839	1.090	палка-ручка-контроль	8.6	5.1	порода-охристая	1.371	52.5	13.0	21.0	24.7	bbox	838	274.4	274.4	274.4	1719,0,34,11	573.9	39.4859993	73.5857767	4439.6
840	840	0.966	палка-ручка-пробка	7.3	9.0	лишайник-жёлтый-на-камне	0.639	66.7	7.0	16.0	17.5	bbox	839	148.2	148.2	149.2	873,37,24,12	573.3	39.4859620	73.5857927	4439.4
841	841	0.456	палка-ручка-контроль	3.6	2.0	лишайник-жёлтый-на-камне	1.081	59.6	8.0	23.0	24.4	bbox	840	219.3	219.3	219.3	1202,305,10,24	572.7	39.4859373	73.5857951	4439.5
842	842	1.432	стакан-марка-красная	11.4	3.9	корка-жёлтая-на-скале	0.803	45.9	4.0	10.0	10.8	bbox	841	259.3	259.3	260.3	105,1017,30,24	572.5	39.4859081	73.5858006	4439.5
843	843	1.127	палка-ручка-контроль	8.6	9.5	лишайник-жёлтый-на-камне	2.005	67.1	1.0	33.0	33.0	bbox	842	302.4	302.4	302.4	997,45,39,10	571.6	39.4859965	73.5857760	4439.5
844	844	0.878	стакан-марка-красная	5.3	16.1	порода-охристая	0.884	33.7	14.5	5.0	15.3	bbox	843	187.2	186.2	191.2	9,513,12,19	571.3	39.4859637	73.5857885	4439.5
845	845	0.222	палка-ручка-контроль	1.4	3.8	лишайник-жёлтый-на-камне	1.188	61.4	7.0	25.0	26.0	bbox	844	4.0	4.0	9.0	1011,81,28,10	570.6	39.4862326	73.5854590	4440.9
846	846	1.370	стакан-марка-красная	9.5	19.2	порода-охристая	0.484	30.6	14.0	10.0	17.2	bbox	845	71.1	71.1	72.1	195,551,19,16	569.8	39.4862282	73.5854589	4440.9
847	847	1.815	рюкзак-синий	13.2	21.5	порода-в-тени	0.168	17.3	-1.0	-1.0	1.4	bbox	846	115.1	115.1	124.2	16,443,23,11	569.8	39.4862239	73.5854636	4440.9
848	848	1.267	рюкзак-синий	10.0	4.7	снег-в-тени	0.742	34.1	2.0	-4.0	4.5	bbox	847	87.1	87.1	89.1	1883,74,14,21	568.8	39.4862241	73.5854588	4440.9
849	849	1.809	стакан-марка-красная	11.2	32.2	порода-в-тени	0.568	17.6	0.0	3.0	3.0	bbox	848	315.4	315.4	316.4	1140,1025,15,22	568.2	39.4860025	73.5857379	4439.5
850	850	1.337	стакан-марка-красная	7.6	26.3	снег-розовый	1.062	76.1	8.0	8.0	11.3	bbox	849	179.2	179.2	179.2	105,529,14,24	567.2	39.4859640	73.5857882	4439.5
851	851	0.865	палка-ручка-контроль	6.4	9.2	порода-охристая	1.421	48.4	11.0	22.0	24.6	bbox	850	210.3	208.3	215.3	1649,499,26,11	565.4	39.4859363	73.5857951	4439.5
852	852	1.032	палка-ручка-пробка	8.2	1.2	лишайник-жёлтый-на-камне	1.518	76.9	13.0	21.0	24.7	bbox	851	137.2	137.2	139.2	193,577,16,16	564.8	39.4861792	73.5854706	4440.9
853	853	1.403	стакан-марка-красная	11.2	3.5	порода-в-тени	1.080	46.3	0.0	3.0	3.0	bbox	852	329.4	327.4	329.4	562,153,15,24	564.5	39.4860308	73.5856306	4439.6
854	854	1.684	палка-ручка-контроль	12.8	14.7	порода-охристая	1.087	42.9	16.0	18.0	24.1	bbox	853	298.4	298.4	299.4	1877,0,21,22	564.4	39.4859964	73.5857744	4439.5
855	855	1.027	стакан-марка-красная	7.2	14.1	порода-охристая	0.430	35.7	12.5	8.0	14.8	bbox	854	261.3	261.3	261.3	255,690,8,39	563.7	39.4859083	73.5858006	4439.5
856	856	1.521	стакан-марка-красная	11.0	17.8	порода-охристая	0.290	32.0	12.0	12.0	17.0	bbox	855	247.3	247.3	247.3	8,923,17,20	563.5	39.4859100	73.5858018	4439.5
857	857	1.062	стакан-марка-красная	8.1	9.4	порода-охристая	0.629	40.4	7.0	8.0	10.6	bbox	856	170.2	168.2	170.2	917,1039,22,26	563.2	39.4859630	73.5857886	4439.5
858	858	0.631	палка-ручка-пробка	5.0	2.3	лишайник-жёлтый-на-камне	1.328	78.0	10.0	23.0	25.1	bbox	857	257.3	257.3	257.3	219,159,18,18	562.9	39.4859088	73.5858009	4439.5
859	859	1.451	палка-ручка-пробка	11.0	12.5	лишайник-жёлтый-на-камне	1.140	88.2	6.0	12.0	13.4	bbox	858	322.4	322.4	322.4	299,960,26,19	562.9	39.4860309	73.5856302	4439.5
860	860	1.201	палка-ручка-пробка	9.2	9.4	лишайник-жёлтый-на-камне	1.132	66.3	11.0	16.0	19.4	bbox	859	62.1	59.1	62.1	942,943,19,17	562.8	39.4862310	73.5854577	4440.9
861	861	0.638	палка-ручка-пробка	5.0	3.5	лишайник-жёлтый-на-камне	0.461	72.2	5.0	18.0	18.7	bbox	860	53.1	52.1	53.1	292,30,15,19	560.8	39.4862328	73.5854563	4440.9
862	862	1.694	предмет-оранжевый	9.1	35.3	порода-охристая	2.043	29.0	19.0	25.0	31.4	bbox	861	302.4	302.4	302.4	797,0,18,11	560.3	39.4859965	73.5857760	4439.5
863	863	1.384	палка-ручка-пробка	10.8	9.0	лишайник-жёлтый-на-камне	0.517	66.7	1.0	13.0	13.0	bbox	862	188.2	188.2	189.2	41,39,20,14	560.0	39.4859636	73.5857888	4439.5
864	864	0.334	палка-ручка-контроль	1.0	8.7	лишайник-жёлтый-на-камне	1.118	66.3	6.0	25.0	25.7	bbox	863	279.4	279.4	279.4	1826,876,19,13	559.9	39.4859997	73.5857783	4439.5
865	865	1.610	стакан-марка-красная	11.7	18.8	порода-охристая	1.196	68.6	15.0	12.0	19.2	bbox	864	62.1	60.1	62.1	1737,1069,23,11	559.8	39.4862310	73.5854577	4440.9
866	866	0.911	стакан-марка-красная	7.2	3.7	порода-охристая	0.758	46.1	7.0	7.0	9.9	bbox	865	298.4	298.4	300.4	963,31,20,14	559.6	39.4859964	73.5857744	4439.5
867	867	1.427	стакан-марка-красная	10.8	12.7	порода-охристая	0.762	37.1	5.0	10.0	11.2	bbox	866	186.2	185.2	186.2	25,337,16,25	559.5	39.4859637	73.5857883	4439.5
868	868	1.568	стакан-марка-красная	12.5	0.4	снег-в-тени	1.021	50.2	-1.5	0.0	1.5	bbox	867	195.3	195.3	195.3	343,869,20,14	559.2	39.4859635	73.5857880	4439.5
869	869	1.348	палка-ручка-контроль	10.0	13.7	корка-жёлтая-на-скале	0.652	43.9	5.0	16.0	16.8	bbox	868	218.3	218.3	218.3	115,240,20,33	559.0	39.4859374	73.5857951	4439.5
870	870	0.932	предмет-оранжевый	3.4	23.3	порода-охристая	2.672	41.0	18.5	31.0	36.1	bbox	869	297.4	296.4	297.4	1857,737,16,12	558.4	39.4859963	73.5857743	4439.5
871	871	1.881	палка-ручка-пробка	15.0	4.1	лишайник-жёлтый-на-камне	1.177	79.8	-4.0	11.0	11.7	bbox	870	246.3	246.3	246.3	53,1025,20,16	558.3	39.4859098	73.5858015	4439.5
872	872	1.525	стакан-марка-красная	12.2	3.1	порода-в-тени	1.070	46.7	-1.0	3.0	3.2	bbox	871	253.3	253.3	253.3	971,99,14,14	558.2	39.4859094	73.5858019	4439.5
873	873	0.608	стакан-марка-красная	4.5	6.5	порода-охристая	0.710	43.3	11.0	5.5	12.3	bbox	872	176.2	174.2	176.2	21,1013,15,14	557.5	39.4859635	73.5857881	4439.5
874	874	0.898	палка-ручка-пробка	6.7	9.0	лишайник-жёлтый-на-камне	0.751	66.7	8.0	17.0	18.8	bbox	873	182.2	182.2	189.2	21,416,18,15	557.1	39.4859637	73.5857883	4439.5
875	875	1.917	палка-ручка-контроль	14.6	16.4	корка-жёлтая-на-скале	0.769	41.2	-5.5	17.0	17.9	bbox	874	309.4	304.4	309.4	1713,1041,13,24	555.7	39.4859961	73.5857763	4439.5
876	876	1.905	стакан-марка-красная	14.9	11.8	порода-охристая	0.800	38.0	16.0	15.0	21.9	bbox	875	191.2	191.2	192.2	528,1001,23,12	555.0	39.4859632	73.5857886	4439.5
877	877	1.987	стакан-марка-красная	13.9	27.1	снег-розовый	0.839	76.9	-1.0	8.0	8.1	bbox	876	68.1	68.1	74.1	1111,451,10,27	554.9	39.4862293	73.5854584	4440.9
878	878	1.747	стакан-марка-красная	12.0	25.1	порода-в-тени	0.319	24.7	-1.0	1.0	1.4	bbox	877	251.3	251.3	251.3	1089,481,12,16	554.9	39.4859096	73.5858023	4439.5
879	879	0.903	палка-ручка-контроль	6.3	12.2	лишайник-жёлтый-на-камне	2.025	69.8	8.0	32.0	33.0	bbox	878	293.4	293.4	293.4	1125,1053,22,16	553.3	39.4859970	73.5857744	4439.5
880	880	0.365	стакан-марка-красная	1.0	9.6	порода-охристая	1.127	40.2	11.0	2.0	11.2	bbox	879	260.3	260.3	260.3	193,669,18,20	552.1	39.4859081	73.5858006	4439.5
881	881	1.481	стакан-марка-красная	11.2	13.7	порода-в-тени	0.613	36.1	0.0	-1.0	1.0	bbox	880	345.4	345.4	345.4	1834,1072,35,8	552.0	39.4860314	73.5856298	4439.6
882	882	0.886	стакан-марка-красная	5.1	17.3	порода-охристая	0.671	32.5	10.0	6.0	11.7	bbox	881	177.2	177.2	179.2	25,1063,20,17	551.2	39.4859636	73.5857883	4439.5
883	883	0.923	палка-ручка-пробка	6.7	10.8	лишайник-жёлтый-на-камне	0.750	64.9	8.0	17.0	18.8	bbox	882	130.2	130.2	130.2	461,109,12,18	550.9	39.4862267	73.5854625	4440.9
884	884	1.085	палка-ручка-контроль	7.8	13.3	корка-жёлтая-на-скале	0.649	44.3	1.0	20.0	20.0	bbox	883	261.3	259.3	261.3	165,81,12,22	550.7	39.4859083	73.5858006	4439.5
885	885	1.153	предмет-оранжевый	9.2	1.2	порода-охристая	2.880	63.1	26.0	27.0	37.5	bbox	884	68.1	66.1	68.1	93,89,8,20	550.0	39.4862293	73.5854584	4440.9
886	886	2.031	стакан-марка-красная	14.8	23.7	снег-розовый	0.913	73.5	-2.0	8.0	8.2	bbox	885	52.1	51.1	52.1	1385,1033,16,16	549.3	39.4862329	73.5854561	4440.9
887	887	1.243	палка-ручка-контроль	6.4	26.6	порода-охристая	1.284	31.0	10.0	21.0	23.3	bbox	886	290.4	290.4	293.4	1901,0,19,15	549.2	39.4859980	73.5857748	4439.5
888	888	1.664	палка-ручка-пробка	12.6	14.5	лишайник-жёлтый-на-камне	1.451	90.2	-7.0	19.0	20.2	bbox	887	294.4	294.4	294.4	0,256,17,17	548.5	39.4859967	73.5857742	4439.5
889	889	1.346	палка-ручка-пробка	10.8	0.2	лишайник-жёлтый-на-камне	1.069	75.5	9.0	13.0	15.8	bbox	888	324.4	319.4	325.4	283,291,36,11	548.3	39.4860313	73.5856298	4439.5
890	890	0.878	стакан-марка-красная	3.2	22.0	порода-охристая	1.244	27.8	8.0	2.0	8.2	bbox	889	163.2	163.2	167.2	73,0,26,21	547.9	39.4859631	73.5857906	4439.5
891	891	1.452	палка-ручка-пробка	10.3	18.8	порода-охристая	0.769	56.9	10.0	14.0	17.2	bbox	890	340.4	340.4	341.4	1769,931,16,14	546.8	39.4860316	73.5856298	4439.6
892	892	1.554	палка-ручка-контроль	12.2	8.2	порода-охристая	0.780	49.4	13.0	16.0	20.6	bbox	891	149.2	149.2	149.2	275,975,14,18	546.6	39.4859620	73.5857928	4439.5
893	893	1.014	палка-ручка-пробка	7.3	12.5	лишайник-жёлтый-на-камне	0.831	88.2	3.0	16.0	16.3	bbox	892	221.3	221.3	221.3	1861,0,19,17	546.5	39.4859372	73.5857956	4439.5
894	894	1.309	палка-ручка-контроль	10.2	8.3	лишайник-жёлтый-на-камне	1.957	65.9	16.0	24.0	28.8	bbox	893	24.0	22.0	24.0	1137,9,25,8	546.4	39.4862334	73.5854584	4440.9
895	895	1.451	стакан-марка-красная	11.2	11.0	порода-в-тени	0.704	38.8	0.0	-1.0	1.0	bbox	894	133.2	131.2	133.2	1836,849,22,14	546.2	39.4862277	73.5854628	4440.9
896	896	1.574	стакан-марка-красная	11.0	21.4	порода-в-тени	0.424	28.4	0.0	0.5	0.5	bbox	895	82.1	82.1	83.1	705,1053,16,14	545.7	39.4862252	73.5854596	4440.9
897	897	1.097	стакан-марка-красная	5.8	22.9	снег-розовый	0.918	72.7	8.0	6.0	10.0	bbox	896	344.4	344.4	344.4	736,731,15,20	544.6	39.4860316	73.5856296	4439.6
898	898	1.200	палка-ручка-контроль	8.2	17.2	корка-жёлтая-на-скале	0.679	40.4	4.0	18.0	18.4	bbox	897	237.3	237.3	237.3	237,657,14,26	544.5	39.4859086	73.5857995	4439.5
899	899	1.660	палка-ручка-пробка	12.5	15.7	порода-охристая	1.078	60.0	15.0	15.5	21.6	bbox	898	91.1	89.1	96.1	1557,225,16,16	544.2	39.4862233	73.5854590	4440.9
900	900	0.731	палка-ручка-пробка	5.8	1.6	лишайник-жёлтый-на-камне	0.820	74.1	8.0	18.0	19.7	bbox	899	187.2	187.2	188.2	29,209,21,18	544.2	39.4859637	73.5857885	4439.5
901	901	0.760	палка-ручка-пробка	6.1	0.4	лишайник-жёлтый-на-камне	1.468	75.3	11.0	24.0	26.4	bbox	900	263.3	263.3	264.3	68,33,13,14	543.5	39.4859101	73.5858002	4439.5
902	902	1.845	палка-ручка-пробка	14.4	11.0	порода-охристая	1.302	64.7	17.0	15.0	22.7	bbox	901	25.0	23.0	28.0	1485,127,20,18	543.4	39.4862334	73.5854584	4440.9
903	903	1.236	палка-ручка-контроль	9.8	3.2	порода-охристая	1.667	60.8	15.0	22.0	26.6	bbox	902	258.3	258.3	259.3	1761,489,18,12	542.9	39.4859084	73.5858008	4439.5
904	904	1.002	стакан-марка-красная	8.0	1.6	порода-охристая	0.431	48.2	11.0	9.0	14.2	bbox	903	188.2	182.2	188.2	448,935,7,34	542.6	39.4859636	73.5857888	4439.5
905	905	1.163	палка-ручка-контроль	9.1	7.5	лишайник-жёлтый-на-камне	1.908	65.1	15.0	25.0	29.2	bbox	904	255.3	255.3	255.3	1365,65,14,18	542.1	39.4859090	73.5858011	4439.5
906	906	1.462	палка-ручка-контроль	11.3	10.3	порода-охристая	1.003	47.3	14.0	18.0	22.8	bbox	905	284.4	284.4	284.4	1623,703,8,28	540.7	39.4859989	73.5857765	4439.5
907	907	1.453	стакан-марка-красная	6.3	34.1	снег-розовый	1.099	83.9	9.0	7.0	11.4	bbox	906	64.1	64.1	64.1	1825,827,8,26	540.4	39.4862304	73.5854582	4440.9
908	908	2.235	стакан-марка-красная	15.1	33.3	снег-пересвеченный	0.365	83.1	-4.0	-1.0	4.1	bbox	907	0.0	0.0	1.0	1190,729,10,20	540.3	39.4862320	73.5854596	4441.0
909	909	2.095	рюкзак-синий	13.0	36.8	порода-в-тени	0.704	2.0	0.0	-1.0	1.0	bbox	908	167.2	167.2	169.2	1241,1049,8,24	540.1	39.4859634	73.5857895	4439.5
910	910	1.541	стакан-марка-красная	11.7	13.5	порода-охристая	0.521	36.3	15.0	12.0	19.2	bbox	909	76.1	74.1	78.1	1619,573,14,16	539.9	39.4862266	73.5854594	4440.9
911	911	1.915	палка-ручка-пробка	15.3	4.7	лишайник-жёлтый-на-камне	1.093	71.0	-3.0	10.0	10.4	bbox	910	82.1	82.1	83.1	141,789,18,24	539.2	39.4862252	73.5854596	4440.9
912	912	1.651	палка-ручка-контроль	11.7	21.3	порода-охристая	1.065	36.3	15.0	18.5	23.8	bbox	911	258.3	258.3	258.3	1814,0,14,17	539.0	39.4859084	73.5858008	4439.5
913	913	1.703	палка-ручка-контроль	12.0	22.3	порода-охристая	1.014	35.3	15.0	18.0	23.4	bbox	912	261.3	261.3	261.3	108,739,11,22	539.0	39.4859083	73.5858006	4439.5
914	914	2.016	стакан-марка-красная	16.1	1.6	корка-жёлтая-на-скале	0.839	48.2	-3.0	9.0	9.5	bbox	913	287.4	283.4	287.4	9,1011,13,14	538.7	39.4859987	73.5857754	4439.5
915	915	0.612	палка-ручка-контроль	2.2	15.2	лишайник-жёлтый-на-камне	1.356	42.4	7.0	24.0	25.0	bbox	914	4.0	4.0	4.0	884,618,13,19	538.5	39.4862326	73.5854590	4440.9
916	916	1.398	стакан-марка-красная	11.2	1.2	снег-в-тени	0.875	48.6	0.0	-1.0	1.0	bbox	915	116.1	102.1	116.1	1891,487,18,13	538.2	39.4862241	73.5854633	4440.9
917	917	1.655	предмет-оранжевый	12.0	19.6	порода-охристая	1.791	44.7	20.0	22.0	29.7	bbox	916	294.4	294.4	296.4	1815,540,12,21	537.8	39.4859967	73.5857742	4439.5
918	918	2.028	стакан-марка-красная	12.0	38.0	снег-освещённый	0.355	87.8	-1.0	2.0	2.2	bbox	917	237.3	237.3	237.3	645,345,26,26	537.5	39.4859086	73.5857995	4439.5
919	919	0.909	стакан-марка-красная	6.7	9.8	порода-охристая	0.628	40.0	8.0	7.0	10.6	bbox	918	259.3	259.3	260.3	1255,39,34,18	536.9	39.4859081	73.5858006	4439.5
920	920	1.536	стакан-марка-красная	11.2	17.8	порода-в-тени	0.483	32.0	0.0	-1.0	1.0	bbox	919	130.2	130.2	130.2	1331,289,8,17	536.0	39.4862267	73.5854625	4440.9
921	921	1.284	стакан-марка-красная	9.8	10.2	снег-в-тени	0.734	39.6	2.0	-3.0	3.6	bbox	920	331.4	331.4	331.4	316,275,12,21	535.8	39.4860306	73.5856305	4439.6
922	922	1.690	палка-ручка-пробка	13.3	7.6	лишайник-жёлтый-на-камне	1.452	83.3	-8.0	20.0	21.5	bbox	921	252.3	252.3	252.3	147,207,12,16	535.7	39.4859095	73.5858021	4439.5
923	923	1.278	палка-ручка-контроль	8.6	19.4	корка-жёлтая-на-скале	0.618	38.2	1.0	19.0	19.0	bbox	922	278.4	277.4	282.4	127,317,10,24	534.0	39.4859996	73.5857780	4439.5
924	924	1.271	стакан-марка-красная	5.0	31.0	порода-охристая	1.092	18.8	14.0	5.0	14.9	bbox	923	255.3	255.3	255.3	352,115,18,14	532.5	39.4859090	73.5858011	4439.5
925	925	1.177	палка-ручка-пробка	9.1	9.0	лишайник-жёлтый-на-камне	1.153	66.7	-4.0	24.0	24.3	bbox	924	290.4	290.4	290.4	1905,89,15,12	532.5	39.4859980	73.5857748	4439.5
926	926	0.590	палка-ручка-пробка	4.1	8.1	лишайник-жёлтый-на-камне	0.362	67.6	4.0	19.0	19.4	bbox	925	214.3	212.3	218.3	162,693,29,16	532.3	39.4859374	73.5857952	4439.5
927	927	1.997	стакан-марка-красная	15.2	16.9	снег-розовый	0.966	66.7	-3.0	7.0	7.6	bbox	926	249.3	249.3	250.3	71,673,16,16	531.5	39.4859099	73.5858020	4439.5
928	928	1.398	рюкзак-синий	11.2	1.2	порода-в-тени	0.676	37.6	-1.0	-3.0	3.2	bbox	927	152.2	152.2	152.2	1585,97,16,16	531.3	39.4859618	73.5857918	4439.5
929	929	1.309	предмет-оранжевый	10.3	6.7	порода-охристая	2.569	57.6	25.0	25.0	35.4	bbox	928	68.1	68.1	68.1	176,23,17,10	531.1	39.4862293	73.5854584	4440.9
930	930	0.768	палка-ручка-пробка	6.1	3.0	лишайник-жёлтый-на-камне	1.449	72.7	11.0	24.0	26.4	bbox	929	258.3	258.3	259.3	401,697,30,10	530.2	39.4859084	73.5858008	4439.5
931	931	0.500	стакан-марка-красная	4.0	0.0	порода-охристая	0.853	49.8	11.0	5.0	12.1	bbox	930	250.3	250.3	250.3	485,973,20,18	529.5	39.4859098	73.5858021	4439.5
932	932	1.706	стакан-марка-красная	12.0	22.7	порода-в-тени	0.367	27.1	-1.0	1.0	1.4	bbox	931	265.3	264.3	265.3	433,961,16,14	529.3	39.4859539	73.5857892	4439.5
933	933	1.678	палка-ручка-контроль	12.8	14.1	корка-жёлтая-на-скале	0.318	43.5	-2.0	16.0	16.1	bbox	932	218.3	218.3	218.3	41,1045,22,28	528.9	39.4859374	73.5857951	4439.5
934	934	1.527	стакан-марка-красная	11.2	17.3	снег-освещённый	0.522	67.1	0.0	-1.0	1.0	bbox	933	104.1	102.1	111.1	305,129,23,22	528.8	39.4862221	73.5854610	4440.9
935	935	0.472	палка-ручка-пробка	3.6	3.9	лишайник-жёлтый-на-камне	1.306	71.8	7.0	26.0	26.9	bbox	934	284.4	284.4	285.4	1390,89,19,16	528.7	39.4859989	73.5857765	4439.5
936	936	1.187	стакан-марка-красная	9.5	1.2	снег-в-тени	0.799	51.0	2.0	-2.0	2.8	bbox	935	166.2	165.2	167.2	241,331,21,9	528.1	39.4859635	73.5857899	4439.5
937	937	0.642	предмет-оранжевый	5.0	4.1	порода-охристая	3.007	68.4	23.0	30.0	37.8	bbox	936	9.0	9.0	12.0	145,82,20,15	526.9	39.4862331	73.5854586	4440.9
938	938	0.734	палка-ручка-пробка	5.8	2.4	лишайник-жёлтый-на-камне	1.104	73.3	10.0	20.0	22.4	bbox	937	218.3	218.3	218.3	1669,93,15,17	526.5	39.4859374	73.5857951	4439.5
939	939	1.062	стакан-марка-красная	8.1	9.4	снег-в-тени	0.843	40.4	4.0	-3.0	5.0	bbox	938	241.3	241.3	241.3	473,241,14,16	526.4	39.4859092	73.5858004	4439.5
940	940	0.177	палка-ручка-пробка	1.4	0.4	лишайник-жёлтый-на-камне	1.067	75.3	6.0	24.0	24.7	bbox	939	248.3	248.3	248.3	1772,874,25,17	525.8	39.4859098	73.5858019	4439.5
941	941	1.443	стакан-марка-красная	10.4	17.3	порода-в-тени	0.587	32.5	1.0	-2.0	2.2	bbox	940	281.4	281.4	281.4	929,702,14,19	525.5	39.4859998	73.5857775	4439.5
942	942	0.921	стакан-марка-красная	6.4	12.7	снег-в-тени	1.049	37.1	6.0	-3.0	6.7	bbox	941	331.4	330.4	331.4	1541,48,16,12	525.4	39.4860306	73.5856305	4439.6
943	943	0.785	палка-ручка-контроль	6.0	6.5	лишайник-жёлтый-на-камне	1.682	64.1	12.0	26.0	28.6	bbox	942	249.3	246.3	250.3	1601,775,16,15	525.3	39.4859099	73.5858020	4439.5
944	944	1.418	рюкзак-синий	9.1	23.9	порода-в-тени	0.593	14.9	0.0	-5.0	5.0	bbox	943	87.1	87.1	89.1	1907,0,13,27	524.4	39.4862241	73.5854588	4440.9
945	945	0.920	палка-ручка-пробка	7.3	3.7	лишайник-жёлтый-на-камне	0.678	72.0	7.0	16.0	17.5	bbox	944	50.1	50.1	56.1	573,681,14,14	524.1	39.4862327	73.5854562	4440.9
946	946	0.820	палка-ручка-контроль	5.0	14.9	лишайник-жёлтый-на-камне	1.348	42.7	9.0	22.0	23.8	bbox	945	283.4	283.4	283.4	1873,836,21,11	524.1	39.4859991	73.5857769	4439.5
947	947	1.949	палка-ручка-контроль	12.7	31.5	порода-охристая	1.003	26.1	15.0	17.0	22.7	bbox	946	192.2	192.2	192.2	1677,313,12,17	521.7	39.4859632	73.5857884	4439.5
948	948	0.852	палка-ручка-пробка	6.8	1.4	лишайник-жёлтый-на-камне	1.136	74.3	-1.5	25.0	25.0	bbox	947	243.3	243.3	243.3	1757,145,16,12	521.5	39.4859093	73.5858010	4439.5
949	949	0.626	палка-ручка-контроль	5.0	1.1	лишайник-жёлтый-на-камне	0.816	56.5	2.0	23.0	23.1	bbox	948	215.3	214.3	215.3	329,931,20,15	521.4	39.4859375	73.5857951	4439.5
950	950	1.406	стакан-марка-красная	10.3	15.9	порода-охристая	0.657	33.9	6.0	10.0	11.7	bbox	949	331.4	330.4	331.4	265,33,24,16	521.1	39.4860306	73.5856305	4439.6
951	951	1.638	стакан-марка-красная	13.0	5.7	снег-розовый	1.007	55.5	-1.0	6.0	6.1	bbox	950	81.1	81.1	81.1	769,957,13,12	519.6	39.4862252	73.5854596	4440.9
952	952	1.431	палка-ручка-пробка	11.2	8.6	лишайник-жёлтый-на-камне	1.304	84.3	-6.0	21.0	21.8	bbox	951	255.3	255.3	255.3	9,9,12,16	519.4	39.4859090	73.5858011	4439.5
953	953	1.126	палка-ручка-контроль	8.6	9.4	порода-охристая	1.060	48.2	11.0	19.0	22.0	bbox	952	197.3	197.3	197.3	317,1051,16,16	519.1	39.4859598	73.5857879	4439.5
954	954	1.478	рюкзак-синий	11.4	11.0	снег-в-тени	0.677	49.8	-2.0	-3.0	3.6	bbox	953	211.3	210.3	211.3	1058,163,11,24	519.0	39.4859364	73.5857951	4439.5
955	955	0.452	палка-ручка-пробка	3.2	5.9	лишайник-жёлтый-на-камне	1.342	81.6	7.5	25.0	26.1	bbox	954	256.3	256.3	256.3	213,727,18,10	518.8	39.4859089	73.5858010	4439.5
956	956	1.814	палка-ручка-пробка	14.3	8.2	порода-охристая	1.551	67.5	18.0	17.0	24.8	bbox	955	277.4	277.4	277.4	1650,949,10,22	518.3	39.4859996	73.5857774	4439.5
957	957	0.649	палка-ручка-контроль	5.0	4.9	лишайник-жёлтый-на-камне	0.841	52.7	6.0	21.0	21.8	bbox	956	214.3	210.3	215.3	525,995,16,16	518.1	39.4859374	73.5857952	4439.5
958	958	1.447	палка-ручка-пробка	11.4	7.1	лишайник-жёлтый-на-камне	0.635	68.6	-2.0	14.0	14.1	bbox	957	173.2	172.2	183.2	17,493,16,24	518.0	39.4859632	73.5857881	4439.5
959	959	1.449	стакан-марка-красная	7.2	31.8	снег-розовый	0.549	81.6	5.0	5.0	7.1	bbox	958	144.2	144.2	145.2	87,1015,14,22	517.8	39.4859819	73.5857156	4440.1
960	960	1.734	палка-ручка-пробка	11.7	26.3	корка-жёлтая-на-скале	0.285	49.4	-1.0	13.0	13.0	bbox	959	190.2	190.2	192.2	109,65,20,18	517.7	39.4859633	73.5857888	4439.5
961	961	1.207	стакан-марка-красная	8.1	18.6	порода-охристая	0.380	31.2	12.0	9.0	15.0	bbox	960	277.4	277.4	277.4	55,443,16,30	517.5	39.4859996	73.5857774	4439.5
962	962	1.495	палка-ручка-пробка	9.2	26.7	корка-жёлтая-на-скале	0.398	49.0	3.0	14.0	14.3	bbox	961	166.2	166.2	167.2	25,117,18,16	516.7	39.4859635	73.5857899	4439.5
963	963	1.021	стакан-марка-красная	8.1	4.5	порода-охристая	0.372	45.3	12.0	9.0	15.0	bbox	962	290.4	289.4	290.4	13,153,12,22	515.3	39.4859980	73.5857748	4439.5
964	964	0.333	палка-ручка-пробка	2.2	5.1	лишайник-жёлтый-на-камне	0.839	80.8	3.0	22.0	22.2	bbox	963	228.3	228.3	234.3	641,177,24,11	515.2	39.4859391	73.5857959	4439.5
965	965	0.983	палка-ручка-пробка	7.0	12.6	лишайник-жёлтый-на-камне	0.905	63.1	-2.0	23.0	23.1	bbox	964	254.3	254.3	254.3	0,1051,15,18	515.1	39.4859093	73.5858015	4439.5
966	966	0.782	стакан-марка-красная	6.1	5.1	порода-охристая	0.562	44.7	10.0	7.0	12.2	bbox	965	110.1	105.1	117.2	666,221,13,21	515.0	39.4862227	73.5854627	4440.9
967	967	1.814	палка-ручка-пробка	12.2	27.5	корка-жёлтая-на-скале	0.354	48.2	-2.0	13.0	13.2	bbox	966	203.3	196.3	215.3	26,133,23,18	515.0	39.4859391	73.5857876	4439.5
968	968	1.160	палка-ручка-пробка	8.6	12.5	лишайник-жёлтый-на-камне	1.378	88.2	-3.5	24.0	24.3	bbox	967	243.3	243.3	243.3	1575,141,13,16	515.0	39.4859093	73.5858010	4439.5
969	969	1.637	палка-ручка-контроль	12.0	18.0	порода-охристая	1.009	39.6	15.0	18.0	23.4	bbox	968	239.3	237.3	239.3	975,511,20,18	514.4	39.4859091	73.5857998	4439.5
970	970	0.826	палка-ручка-контроль	6.1	9.1	лишайник-жёлтый-на-камне	1.601	66.7	12.0	25.0	27.7	bbox	969	243.3	243.3	243.3	1697,909,17,10	514.3	39.4859093	73.5858010	4439.5
971	971	0.992	предмет-оранжевый	5.0	21.6	порода-охристая	2.813	42.7	23.0	30.0	37.8	bbox	970	20.0	19.0	21.0	1597,33,12,32	513.3	39.4862334	73.5854585	4440.9
972	972	0.677	палка-ручка-пробка	5.0	7.3	лишайник-жёлтый-на-камне	0.797	68.4	8.0	19.0	20.6	bbox	971	223.3	223.3	223.3	1389,265,12,16	513.0	39.4859375	73.5857958	4439.5
973	973	1.481	стакан-марка-красная	11.2	13.7	порода-в-тени	0.613	36.1	0.0	-1.0	1.0	bbox	972	115.1	104.1	115.1	1627,654,11,19	512.9	39.4862239	73.5854636	4440.9
974	974	1.452	стакан-марка-красная	11.2	11.0	снег-освещённый	0.736	60.8	0.0	-1.0	1.0	bbox	973	171.2	170.2	173.2	153,625,28,8	512.2	39.4859630	73.5857884	4439.5
975	975	1.607	палка-ручка-контроль	12.8	3.5	порода-охристая	1.674	54.1	18.0	21.5	28.0	bbox	974	256.3	256.3	256.3	1699,749,19,10	512.2	39.4859089	73.5858010	4439.5
976	976	1.151	стакан-марка-красная	8.2	14.3	порода-охристая	0.984	64.1	9.0	9.0	12.7	bbox	975	237.3	237.3	237.3	251,963,15,30	511.8	39.4859086	73.5857995	4439.5
977	977	2.231	палка-ручка-пробка	17.8	4.5	снег-освещённый	1.332	71.2	-6.0	9.0	10.8	bbox	976	84.1	84.1	84.1	299,863,22,14	511.6	39.4862247	73.5854591	4440.9
978	978	1.294	палка-ручка-пробка	9.4	14.9	порода-охристая	0.951	60.8	10.0	15.0	18.0	bbox	977	71.1	66.1	71.1	147,923,14,20	511.5	39.4862282	73.5854589	4440.9
979	979	1.433	стакан-марка-красная	8.9	25.1	порода-охристая	0.743	24.7	15.0	9.0	17.5	bbox	978	254.3	252.3	255.3	157,637,13,13	511.5	39.4859093	73.5858015	4439.5
980	980	1.748	палка-ручка-пробка	13.5	13.3	корка-жёлтая-на-скале	0.822	62.4	-5.0	14.0	14.9	bbox	979	212.3	207.3	213.3	237,1008,31,21	511.1	39.4859367	73.5857952	4439.5
981	981	1.816	предмет-оранжевый	12.4	26.7	порода-охристая	3.625	37.6	32.0	31.0	44.6	bbox	980	14.0	9.0	15.0	1596,185,22,20	510.8	39.4862336	73.5854587	4440.9
982	982	1.248	палка-ручка-пробка	8.1	20.6	порода-охристая	0.899	55.1	9.0	16.0	18.4	bbox	981	346.4	346.4	346.4	153,965,16,12	510.6	39.4860310	73.5856300	4439.6
983	983	0.907	палка-ручка-контроль	7.1	5.6	лишайник-жёлтый-на-камне	1.768	52.0	13.0	25.0	28.2	bbox	982	247.3	246.3	248.3	77,889,14,16	510.2	39.4859100	73.5858018	4439.5
984	984	1.234	палка-ручка-пробка	9.8	2.4	лишайник-жёлтый-на-камне	0.992	73.3	9.0	14.0	16.6	bbox	983	331.4	324.4	331.4	575,307,33,10	510.2	39.4860306	73.5856305	4439.6
985	985	2.058	стакан-марка-красная	14.8	25.5	снег-розовый	0.905	75.3	-2.0	8.0	8.2	bbox	984	68.1	68.1	70.1	1913,1057,7,23	510.1	39.4862293	73.5854584	4440.9
986	986	1.562	стакан-марка-красная	12.4	6.3	порода-в-тени	1.043	43.5	-1.0	4.0	4.1	bbox	985	326.4	326.4	326.4	115,141,14,12	509.9	39.4860314	73.5856299	4439.6
987	987	0.982	стакан-марка-красная	5.8	18.4	снег-розовый	0.651	68.2	6.0	4.0	7.2	bbox	986	280.4	280.4	280.4	1639,800,7,33	509.5	39.4859997	73.5857779	4439.6
988	988	1.046	палка-ручка-контроль	7.8	10.5	порода-охристая	1.294	47.1	12.0	21.0	24.2	bbox	987	280.4	278.4	280.4	55,841,16,18	509.4	39.4859997	73.5857779	4439.6
989	989	1.071	палка-ручка-пробка	8.5	2.3	лишайник-жёлтый-на-камне	0.513	78.0	2.0	15.0	15.1	bbox	988	167.2	167.2	167.2	26,131,15,18	509.2	39.4859634	73.5857895	4439.5
990	990	1.210	предмет-оранжевый	9.4	7.6	порода-охристая	3.163	56.7	28.0	29.0	40.3	bbox	989	68.1	66.1	68.1	55,180,10,15	508.8	39.4862293	73.5854584	4440.9
991	991	1.301	стакан-марка-красная	10.2	7.3	порода-охристая	0.291	42.5	13.0	11.0	17.0	bbox	990	149.2	148.2	149.2	30,875,17,20	508.7	39.4859620	73.5857928	4439.5
992	992	1.072	палка-ручка-контроль	8.1	10.2	лишайник-жёлтый-на-камне	1.954	67.8	14.0	27.0	30.4	bbox	991	254.3	254.3	254.3	0,827,25,11	507.7	39.4859093	73.5858015	4439.5
993	993	1.790	палка-ручка-контроль	13.5	17.2	порода-охристая	0.804	40.4	15.0	16.0	21.9	bbox	992	244.3	244.3	244.3	233,1057,12,19	507.4	39.4859095	73.5858011	4439.5
994	994	1.259	палка-ручка-пробка	9.9	6.5	лишайник-жёлтый-на-камне	0.532	69.2	-2.0	16.0	16.1	bbox	993	147.2	147.2	147.2	505,1022,12,13	506.1	39.4859623	73.5857913	4439.5
995	995	1.154	палка-ручка-пробка	8.9	8.0	лишайник-жёлтый-на-камне	1.119	83.7	9.0	15.0	17.5	bbox	994	241.3	241.3	242.3	206,1057,25,16	506.1	39.4859092	73.5858004	4439.5
996	996	1.415	стакан-марка-красная	11.2	6.3	порода-в-тени	0.863	43.5	0.0	-1.0	1.0	bbox	995	198.3	194.2	198.3	1111,309,18,20	505.6	39.4859532	73.5857876	4439.5
997	997	1.354	палка-ручка-пробка	10.8	3.9	лишайник-жёлтый-на-камне	1.127	79.6	9.0	13.0	15.8	bbox	996	134.2	134.2	143.2	25,813,20,22	505.5	39.4862281	73.5854629	4440.9
998	998	0.638	палка-ручка-контроль	5.0	3.6	лишайник-жёлтый-на-камне	0.766	61.2	2.0	23.0	23.1	bbox	997	283.4	281.4	284.4	17,629,16,28	505.5	39.4859991	73.5857769	4439.5
999	999	1.586	стакан-марка-красная	12.6	3.5	порода-охристая	0.773	53.3	15.0	13.0	19.8	bbox	998	42.1	35.0	46.1	1055,1011,12,20	505.0	39.4862335	73.5854573	4440.9
1000	1000	1.557	рюкзак-синий	11.2	19.2	порода-в-тени	0.281	19.6	-1.0	-3.0	3.2	bbox	999	77.1	74.1	77.1	1593,1025,14,15	504.0	39.4862262	73.5854594	4440.9
1001	1001	1.290	стакан-марка-красная	4.2	32.9	порода-в-тени	1.263	16.9	8.0	-2.0	8.2	bbox	1000	25.0	25.0	27.0	1858,1002,15,20	503.7	39.4862334	73.5854584	4440.9
1002	1002	1.848	палка-ручка-пробка	14.8	2.6	лишайник-жёлтый-на-камне	1.044	73.1	-2.0	10.0	10.2	bbox	1001	122.2	121.2	124.2	309,209,14,16	503.5	39.4862247	73.5854612	4440.9
1003	1003	0.472	палка-ручка-контроль	3.6	4.0	лишайник-жёлтый-на-камне	1.070	61.6	8.0	23.0	24.4	bbox	1002	285.4	283.4	285.4	1297,479,13,34	502.9	39.4859988	73.5857760	4439.5
1004	1004	0.778	стакан-марка-красная	2.8	19.4	порода-в-тени	1.421	30.4	9.0	-1.0	9.1	bbox	1003	229.3	229.3	229.3	0,179,15,10	502.5	39.4859386	73.5857961	4439.5
1005	1005	1.249	палка-ручка-пробка	9.5	11.0	лишайник-жёлтый-на-камне	0.839	64.7	8.0	14.0	16.1	bbox	1004	119.2	115.1	121.2	635,25,10,24	501.9	39.4862243	73.5854625	4440.9
1006	1006	0.580	палка-ручка-пробка	3.6	10.2	лишайник-жёлтый-на-камне	0.729	65.5	7.0	20.0	21.2	bbox	1005	259.3	256.3	259.3	483,929,22,20	501.2	39.4859081	73.5858006	4439.5
1007	1007	0.685	палка-ручка-пробка	5.0	7.9	лишайник-жёлтый-на-камне	0.795	67.8	0.0	23.0	23.0	bbox	1006	270.3	270.3	270.3	1809,331,14,14	500.5	39.4860009	73.5857771	4439.5
1008	1008	1.380	стакан-марка-красная	4.2	35.7	порода-в-тени	1.276	14.1	8.0	-2.0	8.2	bbox	1007	62.1	61.1	62.1	1472,533,17,15	500.4	39.4862310	73.5854577	4440.9
1009	1009	1.529	рюкзак-синий	11.0	18.4	порода-в-тени	0.354	20.4	0.0	-3.0	3.0	bbox	1008	136.2	136.2	136.2	721,49,16,12	500.3	39.4862055	73.5854627	4440.9
1010	1010	1.522	рюкзак-синий	12.2	1.9	порода-в-тени	0.614	36.9	-1.0	-2.0	2.2	bbox	1009	185.2	185.2	187.2	441,199,24,6	499.8	39.4859636	73.5857883	4439.5
1011	1011	1.032	палка-ручка-контроль	8.2	1.1	лишайник-жёлтый-на-камне	2.060	56.5	14.0	28.0	31.3	bbox	1010	296.4	290.4	296.4	1447,801,22,20	499.8	39.4859962	73.5857743	4439.5
1012	1012	0.764	палка-ручка-пробка	6.1	2.0	лишайник-жёлтый-на-камне	1.455	73.7	11.0	24.0	26.4	bbox	1011	240.3	240.3	240.3	49,451,23,10	498.9	39.4859091	73.5857999	4439.5
1013	1013	1.259	стакан-марка-красная	10.0	2.3	снег-в-тени	1.008	47.5	1.0	0.0	1.0	bbox	1012	53.1	53.1	53.1	1485,542,5,35	498.7	39.4862328	73.5854563	4440.9
1014	1014	1.157	палка-ручка-пробка	9.2	2.8	лишайник-жёлтый-на-камне	0.476	72.9	3.0	14.0	14.3	bbox	1013	247.3	246.3	247.3	219,957,17,24	498.6	39.4859100	73.5858018	4439.5
1015	1015	1.010	палка-ручка-контроль	8.1	1.9	лишайник-жёлтый-на-камне	1.837	55.7	14.0	25.0	28.7	bbox	1014	256.3	256.3	256.3	333,526,18,13	497.8	39.4859089	73.5858010	4439.5
1016	1016	0.985	стакан-марка-красная	7.1	12.2	порода-охристая	0.396	37.6	12.0	8.0	14.4	bbox	1015	247.3	245.3	250.3	216,281,11,28	497.7	39.4859100	73.5858018	4439.5
1017	1017	1.653	палка-ручка-контроль	11.0	25.4	корка-жёлтая-на-скале	0.838	32.2	5.0	15.0	15.8	bbox	1016	219.3	219.3	220.3	1399,936,20,25	497.6	39.4859373	73.5857951	4439.5
1018	1018	1.515	стакан-марка-красная	12.1	3.1	порода-охристая	0.702	46.7	16.0	12.0	20.0	bbox	1017	40.1	40.1	42.1	993,782,16,13	497.5	39.4862335	73.5854573	4440.9
1019	1019	1.609	стакан-марка-красная	11.2	22.3	порода-в-тени	0.355	27.5	0.0	-1.0	1.0	bbox	1018	187.2	187.2	187.2	886,241,19,16	497.1	39.4859637	73.5857885	4439.5
1020	1020	1.193	палка-ручка-пробка	9.5	3.5	лишайник-жёлтый-на-камне	0.872	72.2	8.0	14.0	16.1	bbox	1019	322.4	322.4	322.4	1321,78,15,21	496.8	39.4860309	73.5856302	4439.5
1021	1021	1.654	стакан-марка-красная	10.4	28.4	снег-розовый	0.280	78.2	1.0	4.0	4.1	bbox	1020	276.4	276.4	276.4	125,120,20,19	496.5	39.4859994	73.5857769	4439.5
1022	1022	1.469	палка-ручка-контроль	11.7	5.1	порода-охристая	0.813	52.5	12.0	16.0	20.0	bbox	1021	70.1	68.1	71.1	214,405,17,14	496.3	39.4862286	73.5854588	4440.9
1023	1023	1.420	стакан-марка-красная	11.2	7.1	снег-розовый	0.867	56.9	0.0	-1.0	1.0	bbox	1022	324.4	324.4	326.4	153,320,12,17	496.0	39.4860313	73.5856298	4439.5
1024	1024	1.629	палка-ручка-пробка	12.8	8.4	лишайник-жёлтый-на-камне	1.041	84.1	-3.0	13.0	13.3	bbox	1023	142.2	142.2	142.2	223,1010,16,15	495.3	39.4860217	73.5856279	4440.7
1025	1025	0.877	стакан-марка-красная	5.7	14.5	снег-розовый	0.870	64.3	7.0	5.0	8.6	bbox	1024	2.0	2.0	2.0	1632,290,26,7	494.9	39.4862325	73.5854593	4441.0
1026	1026	1.300	стакан-марка-красная	10.0	10.0	порода-охристая	0.764	59.8	11.0	11.0	15.6	bbox	1025	186.2	184.2	186.2	1877,329,14,24	494.8	39.4859637	73.5857883	4439.5
1027	1027	0.841	палка-ручка-контроль	6.7	1.9	лишайник-жёлтый-на-камне	1.499	55.7	12.0	23.0	25.9	bbox	1026	230.3	228.3	231.3	273,51,16,10	494.8	39.4859352	73.5857965	4439.5
1028	1028	1.169	палка-ручка-пробка	9.1	8.2	лишайник-жёлтый-на-камне	0.907	83.9	6.0	14.0	15.2	bbox	1027	77.1	76.1	77.1	1833,1020,18,21	494.6	39.4862262	73.5854594	4440.9
1029	1029	1.463	палка-ручка-пробка	11.7	0.2	лишайник-жёлтый-на-камне	1.137	75.9	9.0	12.0	15.0	bbox	1028	132.2	130.2	136.2	216,897,18,14	494.4	39.4862273	73.5854630	4440.9
1030	1030	1.305	стакан-марка-красная	8.9	18.8	порода-охристая	0.619	31.0	7.0	9.0	11.4	bbox	1029	155.2	153.2	155.2	601,157,18,16	494.4	39.4859618	73.5857911	4439.5
1031	1031	0.683	палка-ручка-контроль	5.2	5.6	лишайник-жёлтый-на-камне	1.542	52.0	11.0	24.5	26.9	bbox	1030	211.3	200.3	211.3	1887,739,20,8	494.2	39.4859364	73.5857951	4439.5
1032	1032	1.411	стакан-марка-красная	11.2	5.5	снег-в-тени	0.884	44.3	0.0	-1.0	1.0	bbox	1031	187.2	187.2	187.2	970,33,11,21	493.5	39.4859637	73.5857885	4439.5
1033	1033	1.596	стакан-марка-красная	12.0	14.9	порода-в-тени	0.547	34.9	-1.0	0.0	1.0	bbox	1032	94.1	93.1	97.1	433,1007,10,19	493.2	39.4862228	73.5854593	4440.9
1034	1034	1.443	палка-ручка-контроль	11.5	1.1	порода-охристая	1.745	56.5	17.0	22.5	28.2	bbox	1033	254.3	254.3	255.3	197,185,12,12	492.2	39.4859093	73.5858015	4439.5
1035	1035	0.903	палка-ручка-контроль	7.2	1.6	лишайник-жёлтый-на-камне	1.415	59.2	12.0	22.0	25.1	bbox	1034	187.2	185.2	191.2	1533,385,18,14	492.1	39.4859637	73.5857885	4439.5
1036	1036	1.913	стакан-марка-красная	11.0	37.3	снег-освещённый	0.285	87.1	0.0	1.0	1.0	bbox	1035	195.3	195.3	195.3	511,1019,23,18	491.9	39.4859635	73.5857880	4439.5
1037	1037	1.506	стакан-марка-красная	12.0	1.2	снег-в-тени	1.008	48.6	-1.0	0.0	1.0	bbox	1036	223.3	223.3	223.3	1497,1009,8,16	491.3	39.4859375	73.5857958	4439.5
1038	1038	1.638	стакан-марка-красная	12.0	18.4	порода-в-тени	0.481	31.4	-1.0	1.0	1.4	bbox	1037	173.2	173.2	173.2	265,254,16,11	490.5	39.4859632	73.5857881	4439.5
1039	1039	0.912	стакан-марка-красная	7.2	3.9	порода-охристая	0.756	45.9	7.0	7.0	9.9	bbox	1038	291.4	291.4	291.4	569,1014,13,19	490.3	39.4859980	73.5857746	4439.5
1040	1040	0.890	стакан-марка-красная	2.0	23.9	порода-охристая	1.351	25.9	9.0	1.0	9.1	bbox	1039	348.4	348.4	348.4	49,14,16,19	490.2	39.4860309	73.5856298	4439.6
1041	1041	0.638	палка-ручка-пробка	4.9	4.7	лишайник-жёлтый-на-камне	0.298	71.0	3.0	18.5	18.7	bbox	1040	200.3	200.3	206.3	1871,1007,18,20	489.9	39.4859445	73.5857873	4439.5
1042	1042	1.226	палка-ручка-пробка	9.4	9.4	лишайник-жёлтый-на-камне	1.031	66.3	10.0	15.0	18.0	bbox	1041	101.1	101.1	101.1	1879,897,18,8	489.6	39.4862222	73.5854602	4440.9
1043	1043	1.463	стакан-марка-красная	11.7	0.4	порода-охристая	0.666	50.2	15.0	12.0	19.2	bbox	1042	132.2	131.2	134.2	1055,251,14,22	488.5	39.4862273	73.5854630	4440.9
1044	1044	1.629	стакан-марка-красная	13.0	3.1	порода-охристая	0.735	46.7	16.0	13.0	20.6	bbox	1043	76.1	72.1	79.1	1328,223,17,12	487.7	39.4862266	73.5854594	4440.9
1045	1045	1.666	палка-ручка-пробка	11.4	24.1	корка-жёлтая-на-скале	0.310	51.6	-2.0	14.0	14.1	bbox	1044	314.4	314.4	315.4	1635,1057,16,12	487.7	39.4859971	73.5857640	4439.5
1046	1046	1.452	стакан-марка-красная	11.2	11.0	порода-охристая	0.847	60.8	9.0	12.0	15.0	bbox	1045	347.4	346.4	347.4	1083,974,14,17	486.0	39.4860308	73.5856299	4439.6
1047	1047	1.279	стакан-марка-красная	10.2	2.9	снег-в-тени	0.901	52.7	1.0	-1.0	1.4	bbox	1046	112.1	106.1	112.1	1295,239,18,14	485.8	39.4862233	73.5854628	4440.9
1048	1048	1.141	стакан-марка-красная	9.1	3.9	снег-в-тени	1.033	45.9	2.0	0.0	2.0	bbox	1047	59.1	57.1	61.1	1883,860,20,12	485.7	39.4862316	73.5854573	4440.9
1049	1049	0.929	палка-ручка-контроль	6.0	15.2	лишайник-жёлтый-на-камне	1.912	42.4	12.0	26.5	29.1	bbox	1048	298.4	298.4	298.4	1089,153,16,26	485.0	39.4859964	73.5857744	4439.5
1050	1050	1.024	палка-ручка-контроль	8.0	6.2	лишайник-жёлтый-на-камне	0.721	51.4	6.0	18.0	19.0	bbox	1049	168.2	168.2	173.2	833,131,18,14	484.9	39.4859631	73.5857891	4439.5
1051	1051	0.179	палка-ручка-контроль	1.4	0.7	лишайник-жёлтый-на-камне	1.112	56.9	5.0	25.0	25.5	bbox	1050	337.4	337.4	340.4	1111,545,12,15	484.9	39.4860321	73.5856295	4439.6
1052	1052	0.816	палка-ручка-пробка	6.3	5.7	лишайник-жёлтый-на-камне	1.242	70.0	11.0	21.0	23.7	bbox	1051	193.2	192.2	193.2	817,922,18,12	484.3	39.4859633	73.5857883	4439.5
1053	1053	1.052	стакан-марка-красная	8.1	8.2	снег-в-тени	0.896	41.6	3.5	-2.0	4.0	bbox	1052	102.1	102.1	108.1	241,81,16,16	484.2	39.4862220	73.5854606	4440.9
1054	1054	1.755	палка-ручка-пробка	13.4	14.5	корка-жёлтая-на-скале	0.703	61.2	-1.0	11.0	11.0	bbox	1053	23.0	23.0	27.0	449,993,26,10	484.1	39.4862334	73.5854583	4440.9
1055	1055	1.388	стакан-марка-красная	10.8	9.4	снег-розовый	0.766	59.2	1.0	5.0	5.1	bbox	1054	271.3	271.3	271.3	1521,405,24,16	483.8	39.4860007	73.5857770	4439.5
1056	1056	2.027	палка-ручка-контроль	14.9	22.7	корка-жёлтая-на-скале	0.786	34.9	-5.0	16.0	16.8	bbox	1055	292.4	292.4	292.4	1873,580,12,13	483.5	39.4859976	73.5857746	4439.5
1057	1057	1.307	стакан-марка-красная	10.4	2.2	снег-в-тени	0.775	52.0	1.0	-2.0	2.2	bbox	1056	112.1	102.1	114.1	1393,81,16,14	483.4	39.4862233	73.5854628	4440.9
1058	1058	1.991	стакан-марка-красная	15.8	6.7	снег-розовый	1.176	56.5	-4.0	6.0	7.2	bbox	1057	195.3	195.3	195.3	1793,209,20,16	483.0	39.4859635	73.5857880	4439.5
1059	1059	1.995	стакан-марка-красная	14.8	21.2	корка-жёлтая-на-скале	1.139	28.6	-2.0	8.0	8.2	bbox	1058	280.4	280.4	280.4	1393,305,16,8	482.2	39.4859997	73.5857779	4439.6
1060	1060	1.188	палка-ручка-пробка	9.4	3.9	лишайник-жёлтый-на-камне	1.055	71.8	10.0	15.0	18.0	bbox	1059	72.1	71.1	75.1	1465,42,14,15	482.1	39.4862278	73.5854587	4440.9
1061	1061	0.843	палка-ручка-пробка	6.1	10.2	лишайник-жёлтый-на-камне	0.500	65.5	6.0	17.0	18.0	bbox	1060	148.2	148.2	148.2	1089,105,14,14	482.1	39.4859620	73.5857927	4439.4
1062	1062	0.858	стакан-марка-красная	4.5	18.2	снег-розовый	0.723	68.0	7.0	3.0	7.6	bbox	1061	276.4	275.4	276.4	1843,47,20,18	481.7	39.4859994	73.5857769	4439.5
1063	1063	0.848	предмет-оранжевый	6.7	3.5	порода-охристая	3.226	60.8	26.0	31.0	40.5	bbox	1062	67.1	65.1	67.1	89,133,14,14	480.7	39.4862298	73.5854582	4440.9
1064	1064	1.396	стакан-марка-красная	11.1	4.3	порода-в-тени	0.932	45.5	0.0	-0.5	0.5	bbox	1063	223.3	220.3	223.3	1329,865,16,8	480.5	39.4859375	73.5857958	4439.5
1065	1065	1.474	рюкзак-синий	11.0	14.5	порода-в-тени	0.380	24.3	0.0	-3.0	3.0	bbox	1064	85.1	85.1	85.1	1911,71,9,20	480.0	39.4862245	73.5854589	4440.9
1066	1066	0.542	палка-ручка-пробка	4.0	5.9	лишайник-жёлтый-на-камне	1.287	81.6	9.0	23.0	24.7	bbox	1065	234.3	232.3	234.3	1897,141,16,12	479.8	39.4859130	73.5857984	4439.5
1067	1067	0.645	палка-ручка-пробка	5.1	2.7	лишайник-жёлтый-на-камне	1.407	78.4	10.0	24.0	26.0	bbox	1066	262.3	262.3	262.3	1224,129,15,12	479.7	39.4859085	73.5858005	4439.5
1068	1068	1.811	палка-ручка-пробка	14.4	4.7	порода-охристая	1.472	71.0	17.0	15.0	22.7	bbox	1067	27.0	26.0	27.0	1385,0,15,17	479.4	39.4862337	73.5854586	4440.9
1069	1069	1.959	стакан-марка-красная	13.2	29.8	снег-освещённый	0.182	79.6	-2.0	-1.0	2.2	bbox	1068	67.1	67.1	67.1	97,987,14,12	478.7	39.4862298	73.5854582	4440.9
1070	1070	1.036	палка-ручка-пробка	7.2	14.3	лишайник-жёлтый-на-камне	0.887	61.4	9.0	17.0	19.2	bbox	1069	48.1	48.1	48.1	0,695,11,18	478.6	39.4862327	73.5854563	4440.9
1071	1071	0.283	палка-ручка-пробка	2.2	1.2	лишайник-жёлтый-на-камне	0.973	76.9	7.0	22.0	23.1	bbox	1070	325.4	325.4	325.4	1653,599,24,14	478.0	39.4860314	73.5856299	4439.6
1072	1072	1.116	стакан-марка-красная	4.5	27.1	порода-охристая	0.968	22.7	9.0	5.0	10.3	bbox	1071	163.2	163.2	163.2	25,561,34,11	477.5	39.4859631	73.5857906	4439.5
1073	1073	0.199	палка-ручка-пробка	1.0	4.3	лишайник-жёлтый-на-камне	0.925	71.4	6.0	23.0	23.8	bbox	1072	92.1	91.1	94.1	1881,621,14,18	476.8	39.4862233	73.5854590	4440.9
1074	1074	1.867	предмет-оранжевый	13.3	23.5	порода-охристая	1.954	40.8	23.0	21.0	31.1	bbox	1073	69.1	69.1	69.1	121,81,15,16	476.4	39.4862288	73.5854587	4440.9
1075	1075	0.457	палка-ручка-контроль	3.2	6.4	лишайник-жёлтый-на-камне	0.982	51.2	5.0	23.0	23.5	bbox	1074	336.4	333.4	339.4	1107,817,8,30	476.1	39.4860323	73.5856296	4439.6
1076	1076	1.626	палка-ручка-пробка	12.8	8.1	порода-охристая	1.261	67.6	15.0	15.0	21.2	bbox	1075	134.2	131.2	134.2	408,951,18,13	475.7	39.4862281	73.5854629	4440.9
1077	1077	1.656	стакан-марка-красная	11.2	24.9	порода-в-тени	0.297	24.9	0.0	-1.0	1.0	bbox	1076	205.3	205.3	205.3	953,313,16,11	475.2	39.4859379	73.5857891	4439.5
1078	1078	1.078	предмет-оранжевый	8.6	1.9	лишайник-жёлтый-на-камне	2.053	62.4	15.0	27.0	30.9	bbox	1077	310.4	310.4	310.4	1375,0,18,9	475.0	39.4859957	73.5857766	4439.6
1079	1079	1.759	палка-ручка-пробка	13.0	18.8	корка-жёлтая-на-скале	0.596	56.9	0.0	11.0	11.0	bbox	1078	174.2	174.2	175.2	0,1069,25,11	474.9	39.4859633	73.5857879	4439.5
1080	1080	0.883	палка-ручка-пробка	5.8	13.9	лишайник-жёлтый-на-камне	0.772	61.8	8.0	18.0	19.7	bbox	1079	211.3	210.3	211.3	259,1013,18,22	474.6	39.4859364	73.5857951	4439.5
1081	1081	0.913	палка-ручка-пробка	7.3	2.0	лишайник-жёлтый-на-камне	0.702	73.7	7.0	16.0	17.5	bbox	1080	218.3	217.3	218.3	129,985,15,16	474.3	39.4859374	73.5857951	4439.5
1082	1082	1.039	стакан-марка-красная	7.1	15.3	порода-в-тени	0.912	34.5	4.0	0.0	4.0	bbox	1081	150.2	150.2	150.2	0,119,27,14	473.7	39.4859619	73.5857924	4439.5
1083	1083	0.376	палка-ручка-пробка	2.0	7.9	лишайник-жёлтый-на-камне	0.980	67.8	7.0	23.0	24.0	bbox	1082	245.3	245.3	245.3	1865,179,8,26	473.0	39.4859096	73.5858012	4439.5
1084	1084	1.457	палка-ручка-пробка	9.1	25.7	корка-жёлтая-на-скале	0.764	50.0	6.0	14.0	15.2	bbox	1083	67.1	67.1	73.1	1421,65,16,14	471.5	39.4862298	73.5854582	4440.9
1085	1085	1.559	стакан-марка-красная	12.4	5.5	порода-в-тени	1.066	44.3	-1.0	4.0	4.1	bbox	1084	243.3	243.3	243.3	17,979,16,12	471.5	39.4859093	73.5858010	4439.5
1086	1086	1.158	палка-ручка-контроль	8.5	12.5	лишайник-жёлтый-на-камне	2.243	45.1	14.0	29.0	32.2	bbox	1085	0.0	0.0	1.0	398,285,11,20	471.2	39.4862320	73.5854596	4441.0
1087	1087	1.625	стакан-марка-красная	13.0	0.4	порода-охристая	0.780	49.4	16.0	13.0	20.6	bbox	1086	130.2	129.2	130.2	1073,741,10,16	470.8	39.4862267	73.5854625	4440.9
1088	1088	1.397	палка-ручка-пробка	11.0	5.9	лишайник-жёлтый-на-камне	0.690	69.8	4.0	12.0	12.6	bbox	1087	182.2	179.2	190.2	79,289,22,24	469.5	39.4859637	73.5857883	4439.5
1089	1089	0.660	палка-ручка-пробка	4.2	11.0	лишайник-жёлтый-на-камне	0.839	64.7	8.0	20.0	21.5	bbox	1088	188.2	187.2	188.2	1793,399,22,13	469.4	39.4859636	73.5857888	4439.5
1090	1090	1.110	палка-ручка-пробка	8.5	8.4	лишайник-жёлтый-на-камне	0.793	67.3	8.0	15.0	17.0	bbox	1089	292.4	292.4	292.4	1367,121,26,16	469.1	39.4859976	73.5857746	4439.5
1091	1091	0.953	палка-ручка-контроль	7.6	1.2	лишайник-жёлтый-на-камне	1.584	58.8	13.0	23.0	26.4	bbox	1090	237.3	235.3	237.3	1837,589,16,12	468.6	39.4859086	73.5857995	4439.5
1092	1092	1.473	стакан-марка-красная	9.9	22.3	порода-охристая	1.029	27.5	4.0	8.0	8.9	bbox	1091	239.3	239.3	239.3	0,231,15,22	468.3	39.4859091	73.5857998	4439.5
1093	1093	0.772	палка-ручка-пробка	6.1	3.7	лишайник-жёлтый-на-камне	0.980	72.0	-1.0	24.0	24.0	bbox	1092	184.2	183.2	188.2	93,537,14,18	468.2	39.4859636	73.5857883	4439.5
1094	1094	0.951	палка-ручка-пробка	6.7	12.6	лишайник-жёлтый-на-камне	1.189	63.1	11.0	20.0	22.8	bbox	1093	242.3	241.3	242.3	379,843,18,22	468.0	39.4859093	73.5858007	4439.5
1095	1095	1.718	палка-ручка-контроль	12.5	19.8	порода-охристая	0.516	37.8	12.0	15.0	19.2	bbox	1094	76.1	76.1	79.1	1859,219,26,9	467.8	39.4862266	73.5854594	4440.9
1096	1096	0.641	палка-ручка-контроль	5.0	4.0	лишайник-жёлтый-на-камне	1.258	61.6	10.0	23.0	25.1	bbox	1095	332.4	332.4	332.4	1855,927,14,15	467.7	39.4860308	73.5856303	4439.6
1097	1097	1.307	стакан-марка-красная	5.4	31.4	порода-в-тени	1.002	18.4	6.0	-1.0	6.1	bbox	1096	139.2	139.2	140.2	295,231,16,19	467.4	39.4861135	73.5855151	4440.9
1098	1098	1.445	палка-ручка-пробка	10.0	20.0	лишайник-жёлтый-на-камне	1.641	95.7	-5.0	24.0	24.5	bbox	1097	312.4	312.4	315.4	1005,463,16,10	467.3	39.4859955	73.5857769	4439.6
1099	1099	2.035	стакан-марка-красная	11.7	39.6	снег-розовый	0.617	89.4	0.0	5.0	5.0	bbox	1098	222.3	222.3	222.3	1906,586,14,23	466.7	39.4859373	73.5857959	4439.5
1100	1100	1.984	стакан-марка-красная	12.2	35.7	порода-в-тени	0.562	14.1	-1.0	3.0	3.2	bbox	1099	27.0	27.0	27.0	8,857,9,28	466.5	39.4862337	73.5854586	4440.9
1101	1101	0.346	палка-ручка-контроль	2.2	5.7	лишайник-жёлтый-на-камне	1.034	63.3	4.0	25.0	25.3	bbox	1100	175.2	175.2	178.2	1811,277,14,12	466.3	39.4859634	73.5857880	4439.5
1102	1102	0.839	палка-ручка-пробка	6.7	0.4	лишайник-жёлтый-на-камне	1.245	76.1	11.0	20.0	22.8	bbox	1101	243.3	243.3	243.3	1699,0,16,12	465.7	39.4859093	73.5858010	4439.5
1103	1103	1.718	стакан-марка-красная	12.2	22.4	снег-розовый	0.441	72.2	-1.0	3.0	3.2	bbox	1102	250.3	247.3	250.3	225,1013,30,10	465.7	39.4859098	73.5858021	4439.5
1104	1104	1.579	стакан-марка-красная	11.0	21.8	порода-в-тени	0.447	28.0	0.0	1.0	1.0	bbox	1103	258.3	258.3	258.3	969,913,8,16	465.1	39.4859084	73.5858008	4439.5
1105	1105	1.898	стакан-марка-красная	15.1	4.5	порода-в-тени	1.050	45.3	-4.0	3.0	5.0	bbox	1104	261.3	261.3	261.3	1397,561,12,16	464.2	39.4859083	73.5858006	4439.5
1106	1106	1.512	стакан-марка-красная	12.0	4.1	порода-охристая	0.621	53.9	10.0	13.0	16.4	bbox	1105	257.3	257.3	257.3	689,61,32,12	464.0	39.4859088	73.5858009	4439.5
1107	1107	1.616	палка-ручка-контроль	11.4	21.3	порода-охристая	1.679	36.3	17.0	23.0	28.6	bbox	1106	261.3	261.3	261.3	739,133,14,12	463.8	39.4859083	73.5858006	4439.5
1108	1108	2.124	стакан-марка-красная	12.4	40.8	снег-освещённый	0.610	90.6	-1.0	4.0	4.1	bbox	1107	299.4	293.4	299.4	1474,944,26,10	463.8	39.4859965	73.5857748	4439.5
1109	1109	1.397	стакан-марка-красная	8.4	25.9	снег-розовый	0.460	75.7	3.0	-1.5	3.4	bbox	1108	148.2	148.2	148.2	71,548,12,19	463.5	39.4859620	73.5857927	4439.4
1110	1110	1.730	рюкзак-синий	12.0	23.9	порода-в-тени	0.342	14.9	0.0	-2.0	2.0	bbox	1109	312.4	312.4	316.4	909,907,14,18	462.1	39.4859955	73.5857769	4439.6
1111	1111	1.699	стакан-марка-красная	11.2	27.1	порода-в-тени	0.264	22.7	0.0	-1.0	1.0	bbox	1110	187.2	187.2	187.2	833,97,16,8	461.9	39.4859637	73.5857885	4439.5
1112	1112	1.092	палка-ручка-пробка	7.3	16.9	лишайник-жёлтый-на-камне	0.681	58.8	7.0	16.0	17.5	bbox	1111	224.3	224.3	224.3	258,46,15,21	461.9	39.4859380	73.5857959	4439.5
1113	1113	1.408	стакан-марка-красная	11.2	4.7	снег-в-тени	0.907	54.5	0.0	-1.0	1.0	bbox	1112	336.4	333.4	337.4	778,221,7,17	461.9	39.4860323	73.5856296	4439.6
1114	1114	1.723	палка-ручка-пробка	13.6	7.9	порода-охристая	1.322	67.8	16.0	15.0	21.9	bbox	1113	147.2	147.2	147.2	1338,890,14,17	461.6	39.4859623	73.5857913	4439.5
1115	1115	1.191	стакан-марка-красная	7.1	22.4	снег-розовый	0.733	72.2	6.0	6.0	8.5	bbox	1114	254.3	254.3	255.3	372,597,13,16	461.6	39.4859093	73.5858015	4439.5
1116	1116	1.467	предмет-оранжевый	11.7	2.9	порода-охристая	3.545	61.4	31.0	30.0	43.1	bbox	1115	56.1	55.1	61.1	899,345,10,16	461.1	39.4862324	73.5854565	4440.9
1117	1117	1.700	стакан-марка-красная	13.6	0.0	порода-охристая	0.746	49.8	15.0	14.0	20.5	bbox	1116	71.1	70.1	72.1	293,143,14,14	460.7	39.4862282	73.5854589	4440.9
1118	1118	1.415	стакан-марка-красная	11.2	6.3	порода-охристая	0.651	43.5	16.0	11.0	19.4	bbox	1117	149.2	149.2	149.2	397,951,14,12	460.6	39.4859620	73.5857928	4439.5
1119	1119	2.373	стакан-марка-красная	17.5	26.1	порода-в-тени	1.192	23.7	-5.0	8.0	9.4	bbox	1118	277.4	277.4	277.4	1857,745,24,10	460.6	39.4859996	73.5857774	4439.5
1120	1120	1.090	палка-ручка-пробка	8.5	6.1	лишайник-жёлтый-на-камне	1.433	69.6	13.0	20.0	23.9	bbox	1119	138.2	138.2	138.2	1913,1005,7,24	460.5	39.4861474	73.5854883	4440.9
1121	1121	1.683	палка-ручка-пробка	13.5	2.2	лишайник-жёлтый-на-камне	0.946	73.5	-4.0	13.0	13.6	bbox	1120	216.3	215.3	216.3	19,971,12,26	460.3	39.4859375	73.5857950	4439.5
1122	1122	1.360	палка-ручка-контроль	10.2	13.3	порода-охристая	0.759	44.3	8.0	16.0	17.9	bbox	1121	197.3	197.3	197.3	87,1069,14,11	460.2	39.4859598	73.5857879	4439.5
1123	1123	1.521	стакан-марка-красная	12.2	0.0	снег-в-тени	0.887	49.8	-1.0	-1.0	1.4	bbox	1122	213.3	213.3	213.3	1117,87,12,22	460.1	39.4859373	73.5857953	4439.5
1124	1124	1.162	палка-ручка-пробка	9.2	4.1	лишайник-жёлтый-на-камне	0.451	71.6	-1.0	16.0	16.0	bbox	1123	266.3	266.3	266.3	1699,691,12,22	459.9	39.4859884	73.5857801	4439.5
1125	1125	1.415	палка-ручка-пробка	11.3	0.8	лишайник-жёлтый-на-камне	0.752	74.9	-3.0	15.0	15.3	bbox	1124	0.0	0.0	1.0	335,791,14,26	459.6	39.4862320	73.5854596	4441.0
1126	1126	1.946	палка-ручка-контроль	10.8	39.2	порода-охристая	1.042	18.4	12.0	17.0	20.8	bbox	1125	288.4	288.4	289.4	1865,132,11,18	459.1	39.4859984	73.5857752	4439.5
1127	1127	2.053	палка-ручка-пробка	16.1	11.0	корка-жёлтая-на-скале	1.277	64.7	-9.0	15.0	17.5	bbox	1126	276.4	275.4	276.4	1904,759,16,12	458.9	39.4859994	73.5857769	4439.5
1128	1128	0.952	палка-ручка-пробка	7.6	0.0	лишайник-жёлтый-на-камне	0.385	75.7	2.0	16.0	16.1	bbox	1127	50.1	47.1	52.1	1073,149,16,8	458.8	39.4862327	73.5854562	4440.9
1129	1129	1.897	стакан-марка-красная	11.6	34.1	порода-охристая	1.026	15.7	16.0	11.5	19.7	bbox	1128	88.1	86.1	91.1	1211,881,14,15	458.8	39.4862239	73.5854586	4440.9
1130	1130	1.499	палка-ручка-пробка	11.3	13.9	корка-жёлтая-на-скале	0.624	61.8	-3.0	15.0	15.3	bbox	1129	212.3	212.3	213.3	121,819,20,27	458.8	39.4859367	73.5857952	4439.5
1131	1131	1.187	палка-ручка-контроль	8.6	14.1	порода-охристая	1.017	43.5	11.0	19.0	22.0	bbox	1130	200.3	200.3	200.3	1537,0,25,13	458.6	39.4859445	73.5857873	4439.5
1132	1132	0.520	стакан-марка-красная	3.6	7.3	снег-в-тени	1.342	42.5	8.0	-1.0	8.1	bbox	1131	51.1	50.1	51.1	941,35,10,22	458.3	39.4862328	73.5854564	4440.9
1133	1133	1.490	стакан-марка-красная	11.0	16.1	порода-в-тени	0.593	33.7	0.0	1.0	1.0	bbox	1132	236.3	236.3	236.3	1153,945,8,16	458.3	39.4859082	73.5857993	4439.5
1134	1134	0.674	палка-ручка-пробка	5.0	7.1	лишайник-жёлтый-на-камне	0.411	68.6	1.0	20.0	20.0	bbox	1133	217.3	217.3	218.3	113,119,20,24	457.7	39.4859374	73.5857951	4439.5
1135	1135	1.774	палка-ручка-контроль	11.4	29.6	порода-охристая	1.178	28.0	15.0	19.0	24.2	bbox	1134	252.3	249.3	252.3	1849,1042,8,25	457.7	39.4859095	73.5858021	4439.5
1136	1136	1.009	палка-ручка-контроль	8.1	1.1	порода-охристая	1.539	56.5	13.0	22.0	25.6	bbox	1135	32.0	30.0	34.0	1414,275,23,21	457.4	39.4862337	73.5854574	4440.9
1137	1137	1.437	стакан-марка-красная	11.2	9.4	снег-освещённый	0.791	59.2	0.0	-1.0	1.0	bbox	1136	61.1	61.1	61.1	1759,961,12,12	456.5	39.4862314	73.5854577	4440.9
1138	1138	1.474	палка-ручка-контроль	7.6	31.5	порода-охристая	1.121	26.1	9.0	19.0	21.0	bbox	1137	63.1	63.1	66.1	1750,1003,7,32	456.4	39.4862309	73.5854578	4440.9
1139	1139	1.592	палка-ручка-пробка	12.0	14.5	порода-охристая	1.026	61.2	14.0	15.0	20.5	bbox	1138	149.2	148.2	149.2	75,814,20,13	456.0	39.4859620	73.5857928	4439.5
1140	1140	1.472	стакан-марка-красная	11.2	12.9	порода-в-тени	0.639	36.9	0.0	-1.0	1.0	bbox	1139	194.2	194.2	194.2	1267,889,14,29	455.7	39.4859634	73.5857882	4439.5
1141	1141	1.108	палка-ручка-пробка	8.5	8.2	лишайник-жёлтый-на-камне	0.260	67.5	2.0	15.0	15.1	bbox	1140	147.2	147.2	147.2	489,465,15,12	455.1	39.4859623	73.5857913	4439.5
1142	1142	1.463	палка-ручка-пробка	10.8	16.1	лишайник-жёлтый-на-камне	1.070	91.8	1.0	13.0	13.0	bbox	1141	24.0	24.0	24.0	1864,242,15,31	455.0	39.4862334	73.5854584	4440.9
1143	1143	1.752	стакан-марка-красная	13.0	18.0	порода-охристая	0.461	31.8	10.0	14.0	17.2	bbox	1142	190.2	190.2	191.2	91,799,18,18	455.0	39.4859633	73.5857888	4439.5
1144	1144	1.765	рюкзак-синий	12.2	25.1	порода-в-тени	0.297	13.7	-1.0	-2.0	2.2	bbox	1143	348.4	348.4	348.4	33,749,14,14	454.8	39.4860309	73.5856298	4439.6
1145	1145	0.903	стакан-марка-красная	6.7	9.4	снег-в-тени	1.011	40.4	5.0	-2.0	5.4	bbox	1144	325.4	325.4	325.4	337,397,8,19	454.7	39.4860314	73.5856299	4439.6
1146	1146	1.336	стакан-марка-красная	9.5	17.3	порода-в-тени	0.674	32.5	2.0	-2.0	2.8	bbox	1145	231.3	228.3	231.3	905,136,7,25	454.6	39.4859303	73.5857967	4439.5
1147	1147	1.258	палка-ручка-пробка	7.3	24.3	лишайник-жёлтый-на-камне	0.813	51.4	7.0	16.0	17.5	bbox	1146	244.3	244.3	244.3	436,73,21,26	454.6	39.4859095	73.5858011	4439.5
1148	1148	1.873	стакан-марка-красная	14.6	12.3	порода-охристая	0.708	37.5	15.0	15.0	21.2	bbox	1147	86.1	86.1	95.1	1319,647,12,18	454.4	39.4862243	73.5854588	4440.9
1149	1149	1.154	стакан-марка-красная	8.2	14.5	порода-охристая	0.371	35.3	13.0	9.0	15.8	bbox	1148	293.4	293.4	293.4	25,60,14,13	454.4	39.4859970	73.5857744	4439.5
1150	1150	1.913	стакан-марка-красная	13.0	28.2	снег-розовый	0.625	78.0	-1.0	6.0	6.1	bbox	1149	327.4	327.4	332.4	85,640,18,17	454.3	39.4860314	73.5856302	4439.6
1151	1151	1.085	палка-ручка-пробка	8.6	5.1	лишайник-жёлтый-на-камне	0.947	70.6	-3.5	22.0	22.3	bbox	1150	191.2	191.2	191.2	0,337,7,32	454.2	39.4859632	73.5857886	4439.5
1152	1152	1.637	стакан-марка-красная	9.8	30.2	снег-розовый	1.182	80.0	7.0	10.0	12.2	bbox	1151	193.2	193.2	193.2	1791,245,18,12	454.1	39.4859633	73.5857883	4439.5
1153	1153	1.100	палка-ручка-пробка	8.1	12.3	лишайник-жёлтый-на-камне	1.343	88.0	-3.0	24.0	24.2	bbox	1152	256.3	256.3	256.3	133,425,8,26	454.0	39.4859089	73.5858010	4439.5
1154	1154	1.041	стакан-марка-красная	8.1	7.3	порода-в-тени	1.016	42.5	3.0	0.0	3.0	bbox	1153	195.3	195.3	195.3	93,517,12,26	453.8	39.4859635	73.5857880	4439.5
1155	1155	1.214	стакан-марка-красная	8.7	14.9	порода-охристая	0.519	34.9	7.5	9.0	11.7	bbox	1154	155.2	155.2	155.2	1029,117,17,16	453.7	39.4859618	73.5857911	4439.5
1156	1156	1.479	палка-ручка-контроль	11.7	7.0	порода-охристая	0.772	50.6	12.0	16.0	20.0	bbox	1155	166.2	166.2	166.2	113,891,11,24	453.1	39.4859635	73.5857899	4439.5
1157	1157	1.270	палка-ручка-пробка	10.0	6.3	лишайник-жёлтый-на-камне	0.741	82.0	-1.0	15.0	15.0	bbox	1156	148.2	146.2	148.2	1249,811,16,12	452.5	39.4859620	73.5857927	4439.4
1158	1158	0.299	палка-ручка-пробка	2.2	3.0	лишайник-жёлтый-на-камне	1.106	72.7	7.0	24.0	25.0	bbox	1157	270.3	270.3	274.4	1766,241,13,14	452.1	39.4860009	73.5857771	4439.5
1159	1159	0.941	палка-ручка-контроль	7.5	2.4	лишайник-жёлтый-на-камне	1.144	60.0	10.5	20.0	22.6	bbox	1158	225.3	225.3	236.3	417,45,16,14	452.0	39.4859383	73.5857959	4439.5
1160	1160	0.775	стакан-марка-красная	3.6	17.6	порода-охристая	1.091	32.2	8.0	3.0	8.5	bbox	1159	170.2	170.2	171.2	0,385,13,19	451.8	39.4859630	73.5857886	4439.5
1161	1161	1.740	стакан-марка-красная	11.2	29.0	снег-освещённый	0.190	78.8	0.0	-1.0	1.0	bbox	1160	113.1	101.1	115.1	1537,481,16,12	451.4	39.4862236	73.5854632	4440.9
1162	1162	1.446	палка-ручка-контроль	11.3	8.4	порода-охристая	1.027	49.2	14.0	18.0	22.8	bbox	1161	179.2	179.2	180.2	15,297,12,16	450.9	39.4859640	73.5857882	4439.5
1163	1163	0.289	палка-ручка-контроль	2.2	2.1	лишайник-жёлтый-на-камне	1.300	55.5	8.0	25.0	26.2	bbox	1162	224.3	224.3	224.3	343,143,12,14	450.9	39.4859380	73.5857959	4439.5
1164	1164	1.829	стакан-марка-красная	14.3	10.6	корка-жёлтая-на-скале	1.075	39.2	-2.0	7.0	7.3	bbox	1163	260.3	260.3	260.3	1564,0,13,17	450.2	39.4859081	73.5858006	4439.5
1165	1165	1.257	палка-ручка-пробка	9.8	7.1	лишайник-жёлтый-на-камне	0.411	68.6	1.0	14.0	14.0	bbox	1164	149.2	148.2	149.2	1161,533,18,12	450.1	39.4859620	73.5857928	4439.5
1166	1166	0.662	палка-ручка-контроль	3.2	14.9	лишайник-жёлтый-на-камне	1.270	42.7	7.0	23.0	24.0	bbox	1165	245.3	245.3	245.3	1888,0,13,13	450.1	39.4859096	73.5858012	4439.5
1167	1167	2.037	стакан-марка-красная	13.4	32.4	снег-розовый	0.747	82.2	-1.0	7.0	7.1	bbox	1166	69.1	69.1	69.1	1731,899,12,12	449.9	39.4862288	73.5854587	4440.9
1168	1168	0.899	стакан-марка-красная	3.6	21.8	снег-розовый	0.935	71.6	9.0	4.0	9.8	bbox	1167	258.3	258.3	260.3	353,853,16,19	449.1	39.4859084	73.5858008	4439.5
1169	1169	0.931	предмет-оранжевый	6.4	13.3	лишайник-жёлтый-на-камне	2.362	51.0	16.0	29.0	33.1	bbox	1168	291.4	291.4	291.4	1749,907,16,14	448.9	39.4859980	73.5857746	4439.5
1170	1170	0.898	палка-ручка-пробка	6.7	9.0	лишайник-жёлтый-на-камне	0.042	66.7	2.0	17.0	17.1	bbox	1169	18.0	17.0	22.0	1095,945,20,8	448.3	39.4862337	73.5854586	4440.9
1171	1171	1.091	палка-ручка-пробка	7.6	14.9	лишайник-жёлтый-на-камне	0.779	60.8	8.0	16.0	17.9	bbox	1170	37.0	37.0	40.1	1794,659,19,14	447.8	39.4862336	73.5854575	4440.9
1172	1172	1.634	стакан-марка-красная	11.2	23.7	порода-в-тени	0.595	26.1	0.0	3.0	3.0	bbox	1171	228.3	225.3	233.3	555,713,16,12	447.4	39.4859391	73.5857959	4439.5
1173	1173	1.280	стакан-марка-красная	1.0	35.7	порода-охристая	1.527	14.1	10.0	1.0	10.0	bbox	1172	258.3	258.3	258.3	1833,97,24,8	447.2	39.4859084	73.5858008	4439.5
1174	1174	0.801	предмет-оранжевый	6.4	0.8	порода-охристая	3.100	65.1	25.0	30.0	39.1	bbox	1173	8.0	8.0	9.0	96,50,17,17	447.1	39.4862328	73.5854586	4440.9
1175	1175	0.677	палка-ручка-контроль	5.4	0.9	лишайник-жёлтый-на-камне	1.087	56.7	9.0	21.5	23.3	bbox	1174	196.3	196.3	196.3	1737,451,19,16	446.6	39.4859631	73.5857882	4439.5
1176	1176	1.016	палка-ручка-контроль	7.8	7.9	лишайник-жёлтый-на-камне	1.879	65.5	1.0	32.0	32.0	bbox	1175	300.4	300.4	300.4	89,69,8,22	446.2	39.4859966	73.5857753	4439.5
1177	1177	2.033	палка-ручка-пробка	16.2	6.5	снег-розовый	0.854	82.2	-1.0	8.0	8.1	bbox	1176	50.1	50.1	50.1	1187,825,20,8	446.0	39.4862327	73.5854562	4440.9
1178	1178	1.575	стакан-марка-красная	10.2	25.9	порода-в-тени	0.396	23.9	1.0	-1.0	1.4	bbox	1177	224.3	224.3	224.3	120,225,25,15	445.4	39.4859380	73.5857959	4439.5
1179	1179	0.796	палка-ручка-пробка	5.4	11.8	лишайник-жёлтый-на-камне	0.196	63.9	2.0	18.5	18.6	bbox	1178	331.4	331.4	331.4	0,181,17,14	445.2	39.4860306	73.5856305	4439.6
1180	1180	0.859	палка-ручка-пробка	5.0	16.5	лишайник-жёлтый-на-камне	0.822	59.2	8.0	19.0	20.6	bbox	1179	326.4	326.4	326.4	1861,1041,20,19	445.0	39.4860314	73.5856299	4439.6
1181	1181	1.194	палка-ручка-контроль	9.2	8.8	корка-жёлтая-на-скале	1.186	48.8	-3.0	24.0	24.2	bbox	1180	293.4	291.4	293.4	1886,479,27,22	444.1	39.4859970	73.5857744	4439.5
1182	1182	1.758	стакан-марка-красная	5.1	45.9	порода-в-тени	1.167	3.9	6.0	0.0	6.0	bbox	1181	37.0	35.0	37.0	1079,391,16,19	444.0	39.4862336	73.5854575	4440.9
1183	1183	1.530	рюкзак-синий	12.2	4.7	снег-в-тени	0.775	43.5	-1.0	-2.0	2.2	bbox	1182	224.3	224.3	224.3	1297,961,16,16	443.3	39.4859380	73.5857959	4439.5
1184	1184	2.176	стакан-марка-красная	13.0	40.4	порода-в-тени	1.217	9.4	0.0	8.0	8.0	bbox	1183	308.4	307.4	308.4	1860,982,21,23	443.1	39.4859965	73.5857764	4439.5
1185	1185	1.234	стакан-марка-красная	5.0	29.8	порода-в-тени	1.132	20.0	7.0	-2.0	7.3	bbox	1184	34.0	33.0	34.0	1867,873,13,16	442.5	39.4862336	73.5854574	4440.9
1186	1186	1.647	стакан-марка-красная	12.6	12.9	снег-розовый	0.750	62.7	-1.0	5.0	5.1	bbox	1185	238.3	238.3	242.3	1653,241,12,24	442.4	39.4859089	73.5857998	4439.5
1187	1187	1.672	палка-ручка-контроль	11.4	24.5	порода-охристая	0.590	33.1	9.0	15.0	17.5	bbox	1186	133.2	131.2	135.2	395,763,20,22	441.4	39.4862277	73.5854628	4440.9
1188	1188	1.461	палка-ручка-контроль	11.2	11.9	порода-охристая	0.677	45.7	11.0	16.0	19.4	bbox	1187	199.3	199.3	201.3	1848,341,25,10	441.3	39.4859488	73.5857875	4439.5
1189	1189	1.682	палка-ручка-контроль	13.5	0.7	порода-охристая	1.178	56.9	16.0	17.0	23.3	bbox	1188	299.4	299.4	299.4	33,691,10,22	441.2	39.4859965	73.5857748	4439.5
1190	1190	2.042	стакан-марка-красная	15.1	21.6	снег-освещённый	0.519	71.4	-4.0	-1.0	4.1	bbox	1189	277.4	277.4	277.4	1361,413,10,14	440.9	39.4859996	73.5857774	4439.5
1191	1191	0.726	палка-ручка-пробка	4.5	13.0	лишайник-жёлтый-на-камне	0.680	62.7	7.0	19.0	20.2	bbox	1190	244.3	244.3	244.3	1912,117,8,17	440.7	39.4859095	73.5858011	4439.5
1192	1192	1.788	рюкзак-синий	12.0	27.0	порода-в-тени	0.416	11.8	0.0	-2.0	2.0	bbox	1191	188.2	188.2	188.2	769,9,21,8	439.9	39.4859636	73.5857888	4439.5
1193	1193	0.827	палка-ручка-пробка	5.8	11.0	лишайник-жёлтый-на-камне	1.308	86.7	10.0	20.0	22.4	bbox	1192	194.2	194.2	194.2	765,575,10,18	439.5	39.4859634	73.5857882	4439.5
1194	1194	0.841	палка-ручка-пробка	6.4	7.3	лишайник-жёлтый-на-камне	0.890	68.4	9.0	18.0	20.1	bbox	1193	183.2	183.2	184.2	0,13,17,12	439.4	39.4859637	73.5857884	4439.5
1195	1195	1.613	стакан-марка-красная	11.2	22.5	порода-в-тени	0.350	27.3	0.0	-1.0	1.0	bbox	1194	184.2	184.2	186.2	1261,465,12,16	439.4	39.4859636	73.5857883	4439.5
1196	1196	0.559	палка-ручка-пробка	4.5	0.0	лишайник-жёлтый-на-камне	0.631	75.7	1.0	21.0	21.0	bbox	1195	101.1	99.1	104.1	1445,817,12,8	439.1	39.4862222	73.5854602	4440.9
1197	1197	1.308	стакан-марка-красная	1.0	36.5	порода-в-тени	1.541	13.3	10.0	1.0	10.0	bbox	1196	179.2	179.2	185.2	32,0,9,17	438.5	39.4859640	73.5857882	4439.5
1198	1198	1.716	палка-ручка-пробка	13.6	5.3	лишайник-жёлтый-на-камне	0.886	70.4	-1.5	11.0	11.1	bbox	1197	316.4	316.4	316.4	35,999,12,16	438.0	39.4860111	73.5857029	4439.5
1199	1199	0.887	палка-ручка-пробка	5.0	17.6	лишайник-жёлтый-на-камне	1.270	93.3	0.0	23.0	23.0	bbox	1198	15.0	10.0	15.0	849,51,19,22	437.9	39.4862336	73.5854588	4440.9
1200	1200	1.025	стакан-марка-красная	5.0	22.7	порода-в-тени	1.157	27.1	7.0	-2.0	7.3	bbox	1199	63.1	63.1	63.1	1481,545,14,12	437.8	39.4862309	73.5854578	4440.9
1201	1201	1.339	палка-ручка-пробка	10.3	10.2	лишайник-жёлтый-на-камне	1.219	85.9	-5.0	20.5	21.1	bbox	1200	179.2	179.2	181.2	107,657,10,16	437.3	39.4859640	73.5857882	4439.5
1202	1202	1.522	рюкзак-синий	12.0	6.3	порода-в-тени	0.516	32.5	0.0	-2.0	2.0	bbox	1201	101.1	101.1	101.1	79,337,10,16	437.2	39.4862222	73.5854602	4440.9
1203	1203	1.987	стакан-марка-красная	11.0	40.0	порода-в-тени	0.470	9.8	0.0	0.0	0.0	bbox	1202	237.3	237.3	237.3	997,71,10,32	437.0	39.4859086	73.5857995	4439.5
1204	1204	2.165	палка-ручка-пробка	17.0	11.6	снег-розовый	1.035	87.3	-3.0	8.0	8.5	bbox	1203	256.3	256.3	256.3	161,45,16,10	436.4	39.4859089	73.5858010	4439.5
1205	1205	1.022	палка-ручка-пробка	8.1	4.7	лишайник-жёлтый-на-камне	1.032	80.4	9.0	16.0	18.4	bbox	1204	100.1	97.1	105.1	1855,439,13,12	436.2	39.4862224	73.5854598	4440.9
1206	1206	1.985	стакан-марка-красная	14.6	22.2	порода-в-тени	0.803	27.6	-3.0	5.0	5.8	bbox	1205	168.2	168.2	168.2	1895,497,10,16	436.0	39.4859631	73.5857891	4439.5
1207	1207	1.961	палка-ручка-контроль	12.7	32.1	порода-охристая	1.012	25.5	15.0	17.0	22.7	bbox	1206	254.3	254.3	254.3	1663,188,14,16	435.9	39.4859093	73.5858015	4439.5
1208	1208	1.523	палка-ручка-пробка	12.0	6.5	лишайник-жёлтый-на-камне	0.802	69.2	4.0	11.0	11.7	bbox	1207	71.1	70.1	71.1	161,817,8,16	435.8	39.4862282	73.5854589	4440.9
1209	1209	1.404	стакан-марка-красная	10.2	16.5	снег-розовый	0.566	66.3	1.0	-1.0	1.4	bbox	1208	154.2	154.2	154.2	1787,255,22,16	435.6	39.4859617	73.5857913	4439.5
1210	1210	1.640	стакан-марка-красная	12.4	15.3	снег-освещённый	0.614	65.1	-1.0	-2.0	2.2	bbox	1209	342.4	341.4	345.4	1273,854,18,15	434.8	39.4860317	73.5856295	4439.6
1211	1211	0.409	палка-ручка-контроль	2.8	5.7	лишайник-жёлтый-на-камне	0.913	63.3	4.0	24.0	24.3	bbox	1210	243.3	243.3	243.3	1483,877,28,17	434.6	39.4859093	73.5858010	4439.5
1212	1212	0.777	палка-ручка-пробка	4.5	15.1	лишайник-жёлтый-на-камне	0.544	60.6	1.0	21.0	21.0	bbox	1211	216.3	215.3	217.3	257,937,16,18	434.0	39.4859375	73.5857950	4439.5
1213	1213	1.206	палка-ручка-пробка	9.4	7.0	лишайник-жёлтый-на-камне	0.710	82.7	0.0	15.0	15.0	bbox	1212	346.4	346.4	348.4	1777,25,12,20	433.3	39.4860310	73.5856300	4439.6
1214	1214	1.751	палка-ручка-контроль	12.5	21.9	порода-охристая	0.524	35.7	12.0	15.0	19.2	bbox	1213	259.3	258.3	259.3	1601,125,22,12	432.9	39.4859081	73.5858006	4439.5
1215	1215	1.084	палка-ручка-контроль	8.5	6.2	порода-охристая	1.223	51.4	12.0	20.0	23.3	bbox	1214	147.2	147.2	147.2	321,803,16,22	431.8	39.4859623	73.5857913	4439.5
1216	1216	1.670	палка-ручка-пробка	13.3	2.6	лишайник-жёлтый-на-камне	1.333	73.1	-8.0	20.0	21.5	bbox	1215	307.4	302.4	309.4	1823,457,12,16	431.2	39.4859967	73.5857760	4439.5
1217	1217	1.523	стакан-марка-красная	12.0	6.5	порода-охристая	0.697	56.3	10.0	13.0	16.4	bbox	1216	46.1	46.1	48.1	71,253,20,12	430.8	39.4862325	73.5854567	4440.9
1218	1218	1.338	палка-ручка-пробка	10.6	4.3	лишайник-жёлтый-на-камне	0.821	80.0	-3.0	16.0	16.3	bbox	1217	268.3	268.3	268.3	1763,995,14,17	430.7	39.4860009	73.5857768	4439.5
1219	1219	1.211	палка-ручка-контроль	9.5	6.8	порода-охристая	1.642	50.8	15.0	23.0	27.5	bbox	1218	274.4	274.4	274.4	1611,17,18,13	430.7	39.4859993	73.5857767	4439.6
1220	1220	1.534	палка-ручка-контроль	12.2	4.4	порода-охристая	1.449	62.0	16.0	19.0	24.8	bbox	1219	84.1	84.1	84.1	1909,11,11,27	430.5	39.4862247	73.5854591	4440.9
1221	1221	0.801	палка-ручка-контроль	6.4	1.1	лишайник-жёлтый-на-камне	2.041	56.5	10.0	31.0	32.6	bbox	1220	293.4	293.4	293.4	1129,169,18,18	430.1	39.4859970	73.5857744	4439.5
1222	1222	1.651	стакан-марка-красная	13.2	4.3	снег-в-тени	0.938	54.1	-2.0	-1.0	2.2	bbox	1221	186.2	186.2	186.2	1506,969,17,8	429.7	39.4859637	73.5857883	4439.5
1223	1223	0.912	стакан-марка-красная	6.3	12.7	порода-охристая	0.561	37.1	13.0	7.0	14.8	bbox	1222	171.2	171.2	172.2	129,732,12,17	429.6	39.4859630	73.5857884	4439.5
1224	1224	0.739	стакан-марка-красная	5.8	3.3	порода-охристая	0.784	46.5	8.0	6.0	10.0	bbox	1223	296.4	296.4	296.4	891,3,11,12	429.3	39.4859962	73.5857743	4439.5
1225	1225	0.809	палка-ручка-пробка	6.4	3.3	лишайник-жёлтый-на-камне	0.917	72.4	9.0	18.0	20.1	bbox	1224	333.4	333.4	333.4	531,52,14,15	428.3	39.4860311	73.5856302	4439.6
1226	1226	1.620	стакан-марка-красная	6.3	39.6	порода-в-тени	0.948	10.2	5.0	-1.0	5.1	bbox	1225	40.1	40.1	40.1	17,373,13,15	428.2	39.4862335	73.5854573	4440.9
1227	1227	1.304	стакан-марка-красная	6.3	29.0	снег-розовый	1.076	78.8	9.0	7.0	11.4	bbox	1226	85.1	85.1	85.1	1086,359,15,14	428.2	39.4862245	73.5854589	4440.9
1228	1228	1.935	стакан-марка-красная	13.9	23.9	порода-охристая	1.014	25.9	18.0	13.0	22.2	bbox	1227	291.4	291.4	291.4	0,0,15,9	428.0	39.4859980	73.5857746	4439.5
1229	1229	1.572	стакан-марка-красная	10.6	23.5	снег-розовый	0.775	73.3	3.0	8.0	8.5	bbox	1228	258.3	258.3	258.3	1738,0,21,13	427.8	39.4859084	73.5858008	4439.5
1230	1230	1.033	стакан-марка-красная	8.2	2.0	порода-охристая	0.594	51.8	9.0	9.0	12.7	bbox	1229	199.3	199.3	199.3	17,999,10,26	427.5	39.4859488	73.5857875	4439.5
1231	1231	1.262	рюкзак-синий	7.0	25.5	порода-в-тени	0.876	13.3	1.0	-7.0	7.1	bbox	1230	344.4	344.4	344.4	793,395,10,28	427.2	39.4860316	73.5856296	4439.6
1232	1232	1.816	предмет-оранжевый	14.3	8.6	порода-охристая	1.974	55.7	23.0	20.0	30.5	bbox	1231	26.0	24.0	26.0	1455,177,26,16	427.0	39.4862335	73.5854585	4440.9
1233	1233	1.297	стакан-марка-красная	7.3	25.9	снег-розовый	0.456	75.7	4.0	-1.0	4.1	bbox	1232	197.3	197.3	197.3	1841,721,12,22	427.0	39.4859598	73.5857879	4439.5
1234	1234	1.661	палка-ручка-контроль	13.0	9.0	порода-охристая	0.668	48.6	13.0	15.0	19.8	bbox	1233	156.2	156.2	156.2	199,745,15,13	426.8	39.4859620	73.5857912	4439.5
1235	1235	1.568	палка-ручка-контроль	11.5	17.2	порода-охристая	0.539	40.4	9.5	15.0	17.8	bbox	1234	179.2	179.2	180.2	413,225,14,14	426.3	39.4859640	73.5857882	4439.5
1236	1236	1.581	стакан-марка-красная	11.0	21.6	порода-в-тени	0.531	28.2	0.0	2.0	2.0	bbox	1235	13.0	11.0	16.0	1059,987,14,20	425.9	39.4862335	73.5854589	4440.9
1237	1237	1.930	стакан-марка-красная	12.6	31.0	снег-розовый	0.542	80.8	-1.0	5.0	5.1	bbox	1236	322.4	322.4	322.4	409,18,11,25	425.9	39.4860309	73.5856302	4439.5
1238	1238	1.559	палка-ручка-пробка	11.4	17.7	корка-жёлтая-на-скале	0.580	58.0	2.0	12.0	12.2	bbox	1237	211.3	211.3	213.3	427,777,16,26	425.4	39.4859364	73.5857951	4439.5
1239	1239	1.078	предмет-оранжевый	8.6	2.1	лишайник-жёлтый-на-камне	2.054	62.2	15.0	27.0	30.9	bbox	1238	260.3	258.3	260.3	845,275,16,10	425.3	39.4859081	73.5858006	4439.5
1240	1240	1.681	стакан-марка-красная	13.2	9.8	порода-охристая	0.454	40.0	13.0	14.0	19.1	bbox	1239	46.1	46.1	47.1	109,461,21,13	425.2	39.4862325	73.5854567	4440.9
1241	1241	1.389	палка-ручка-контроль	10.6	11.3	порода-охристая	1.104	46.3	14.0	19.0	23.6	bbox	1240	273.4	272.4	273.4	1078,172,19,18	425.2	39.4859998	73.5857768	4439.6
1242	1242	0.644	палка-ручка-контроль	4.5	9.0	лишайник-жёлтый-на-камне	1.459	48.6	10.0	24.0	26.0	bbox	1241	215.3	214.3	217.3	1800,709,9,16	425.0	39.4859375	73.5857951	4439.5
1243	1243	1.442	палка-ручка-контроль	9.2	24.3	порода-охристая	1.024	33.3	12.0	19.0	22.5	bbox	1242	209.3	198.3	211.3	1781,769,16,16	424.2	39.4859363	73.5857952	4439.5
1244	1244	2.395	палка-ручка-контроль	16.4	34.7	корка-жёлтая-на-скале	1.049	22.9	-4.0	13.0	13.6	bbox	1243	254.3	253.3	254.3	1815,583,14,12	423.9	39.4859093	73.5858015	4439.5
1245	1245	1.905	палка-ручка-контроль	13.5	25.1	порода-охристая	0.998	32.5	16.0	17.0	23.3	bbox	1244	194.2	194.2	194.2	727,1009,12,12	423.3	39.4859634	73.5857882	4439.5
1246	1246	1.603	стакан-марка-красная	8.1	34.9	порода-охристая	1.046	14.9	7.0	8.0	10.6	bbox	1245	221.3	221.3	221.3	545,243,8,22	423.3	39.4859372	73.5857956	4439.5
1247	1247	1.256	палка-ручка-пробка	10.0	3.5	лишайник-жёлтый-на-камне	0.666	79.2	-1.0	15.0	15.0	bbox	1246	210.3	208.3	210.3	43,973,18,20	423.1	39.4859363	73.5857951	4439.5
1248	1248	1.800	стакан-марка-красная	13.5	17.8	снег-розовый	0.753	67.6	-1.5	6.0	6.2	bbox	1247	263.3	263.3	265.3	550,873,9,22	422.9	39.4859101	73.5858002	4439.5
1249	1249	1.406	палка-ручка-пробка	11.0	7.4	лишайник-жёлтый-на-камне	1.019	83.1	6.0	12.0	13.4	bbox	1248	343.4	343.4	343.4	277,841,12,16	422.9	39.4860316	73.5856295	4439.6
1250	1250	1.148	палка-ручка-контроль	9.2	0.6	порода-охристая	1.538	58.2	14.0	21.5	25.7	bbox	1249	195.3	195.3	195.3	1701,687,12,12	422.7	39.4859635	73.5857880	4439.5
1251	1251	1.732	палка-ручка-контроль	8.2	39.0	корка-жёлтая-на-скале	1.215	18.6	4.0	18.0	18.4	bbox	1250	249.3	249.3	249.3	1749,149,20,14	422.3	39.4859099	73.5858020	4439.5
1252	1252	1.865	палка-ручка-пробка	14.9	4.3	снег-розовый	0.937	71.4	0.0	9.0	9.0	bbox	1251	205.3	200.3	205.3	1767,43,22,13	421.9	39.4859379	73.5857891	4439.5
1253	1253	0.902	стакан-марка-красная	7.1	5.1	порода-охристая	0.455	44.7	10.0	8.0	12.8	bbox	1252	155.2	155.2	155.2	570,11,10,19	421.3	39.4859618	73.5857911	4439.5
1254	1254	0.779	палка-ручка-контроль	6.1	4.8	лишайник-жёлтый-на-камне	1.037	62.4	0.0	25.0	25.0	bbox	1253	247.3	247.3	247.3	1789,629,12,22	421.2	39.4859100	73.5858018	4439.5
1255	1255	1.185	стакан-марка-красная	9.1	9.8	снег-розовый	0.689	59.6	2.0	0.0	2.0	bbox	1254	172.2	172.2	172.2	77,382,26,25	421.1	39.4859631	73.5857883	4439.5
1256	1256	1.143	рюкзак-синий	7.8	16.6	снег-в-тени	1.273	22.2	7.0	-9.0	11.4	bbox	1255	239.3	239.3	239.3	33,0,20,7	421.1	39.4859091	73.5857998	4439.5
1257	1257	1.125	палка-ручка-контроль	9.0	0.0	лишайник-жёлтый-на-камне	1.996	57.6	15.0	26.0	30.0	bbox	1256	256.3	256.3	256.3	385,299,14,10	421.1	39.4859089	73.5858010	4439.5
1258	1258	1.743	стакан-марка-красная	11.0	29.8	порода-в-тени	0.280	20.0	0.0	0.0	0.0	bbox	1257	90.1	86.1	100.1	884,943,32,10	420.8	39.4862233	73.5854589	4440.9
1259	1259	1.455	стакан-марка-красная	11.0	13.3	порода-в-тени	0.674	36.5	0.0	1.0	1.0	bbox	1258	261.3	261.3	261.3	1905,884,10,13	420.8	39.4859083	73.5858006	4439.5
1260	1260	1.690	рюкзак-синий	13.2	11.0	порода-в-тени	0.294	27.8	-1.0	-1.0	1.4	bbox	1259	268.3	265.3	269.3	17,714,24,9	420.6	39.4860009	73.5857768	4439.5
1261	1261	2.121	стакан-марка-красная	11.0	45.1	порода-в-тени	0.626	4.7	0.0	0.0	0.0	bbox	1260	255.3	255.3	255.3	841,1009,8,24	420.4	39.4859090	73.5858011	4439.5
1262	1262	1.425	палка-ручка-пробка	11.2	7.8	лишайник-жёлтый-на-камне	1.094	83.5	7.0	12.0	13.9	bbox	1261	63.1	60.1	63.1	717,1028,20,16	420.2	39.4862309	73.5854578	4440.9
1263	1263	2.206	стакан-марка-красная	15.1	31.8	снег-освещённый	0.396	81.6	-4.0	-1.0	4.1	bbox	1262	278.4	278.4	278.4	1521,449,15,16	420.2	39.4859996	73.5857780	4439.5
1264	1264	1.361	стакан-марка-красная	9.8	16.3	порода-охристая	0.544	33.5	7.0	10.0	12.2	bbox	1263	327.4	327.4	327.4	88,161,9,28	419.8	39.4860314	73.5856302	4439.6
1265	1265	1.618	палка-ручка-контроль	12.8	6.6	порода-охристая	0.856	51.0	14.0	16.0	21.3	bbox	1264	45.1	43.1	47.1	813,737,14,20	419.4	39.4862328	73.5854569	4440.9
1266	1266	1.432	стакан-марка-красная	10.5	15.7	порода-в-тени	0.594	34.1	0.5	0.0	0.5	bbox	1265	272.4	272.4	273.4	993,641,12,14	419.0	39.4860003	73.5857769	4439.5
1267	1267	0.879	палка-ручка-пробка	6.4	10.2	лишайник-жёлтый-на-камне	1.468	85.9	0.0	27.0	27.0	bbox	1266	303.4	303.4	303.4	973,163,33,14	418.9	39.4859965	73.5857762	4439.5
1268	1268	1.182	палка-ручка-контроль	9.2	7.4	порода-охристая	1.752	50.2	15.0	24.0	28.3	bbox	1267	313.4	312.4	314.4	1745,673,20,16	418.5	39.4859951	73.5857759	4439.5
1269	1269	1.076	палка-ручка-контроль	8.1	10.5	порода-охристая	1.054	47.1	10.0	19.0	21.5	bbox	1268	182.2	179.2	182.2	374,814,17,15	418.4	39.4859637	73.5857883	4439.5
1270	1270	0.633	палка-ручка-пробка	5.0	2.7	лишайник-жёлтый-на-камне	0.608	78.4	5.0	18.0	18.7	bbox	1269	345.4	345.4	345.4	1347,871,15,15	418.2	39.4860314	73.5856298	4439.6
1271	1271	2.018	стакан-марка-красная	11.4	40.0	порода-в-тени	0.772	9.8	0.0	4.0	4.0	bbox	1270	273.4	271.3	273.4	1027,829,14,18	417.5	39.4859998	73.5857768	4439.6
1272	1272	1.536	стакан-марка-красная	11.2	17.8	снег-освещённый	0.502	67.6	0.0	-1.0	1.0	bbox	1271	129.2	129.2	129.2	1329,252,6,26	416.4	39.4862263	73.5854623	4440.9
1273	1273	1.556	стакан-марка-красная	12.0	11.6	порода-охристая	0.250	38.2	11.0	13.0	17.0	bbox	1272	88.1	88.1	95.1	1865,929,18,12	416.3	39.4862239	73.5854586	4440.9
1274	1274	1.605	палка-ручка-пробка	12.8	3.3	лишайник-жёлтый-на-камне	2.015	79.0	-5.0	31.0	31.4	bbox	1273	308.4	308.4	312.4	385,309,11,12	416.0	39.4859965	73.5857764	4439.5
1275	1275	1.364	палка-ручка-контроль	10.7	6.8	порода-охристая	1.440	50.8	15.5	21.0	26.1	bbox	1274	317.4	317.4	317.4	1906,193,14,13	415.4	39.4860227	73.5856620	4439.5
1276	1276	2.037	предмет-оранжевый	14.2	27.8	порода-охристая	1.827	36.5	22.5	20.0	30.1	bbox	1275	128.2	128.2	128.2	407,825,14,12	414.8	39.4862260	73.5854623	4440.9
1277	1277	1.054	палка-ручка-пробка	7.1	16.1	лишайник-жёлтый-на-камне	0.557	59.6	6.0	16.0	17.1	bbox	1276	147.2	147.2	147.2	1641,473,32,8	414.7	39.4859623	73.5857913	4439.5
1278	1278	0.669	предмет-оранжевый	4.1	11.9	порода-охристая	2.730	52.4	21.0	30.0	36.6	bbox	1277	10.0	8.0	11.0	1000,161,12,22	414.2	39.4862331	73.5854588	4440.9
1279	1279	1.705	палка-ручка-контроль	13.5	7.8	порода-охристая	0.898	49.8	15.0	16.0	21.9	bbox	1278	48.1	48.1	48.1	127,493,18,11	414.1	39.4862327	73.5854563	4440.9
1280	1280	1.414	палка-ручка-контроль	10.3	16.4	порода-охристая	1.350	41.2	15.0	21.0	25.8	bbox	1279	317.4	317.4	317.4	1791,193,16,10	414.0	39.4860227	73.5856620	4439.5
1281	1281	1.058	стакан-марка-красная	8.2	6.7	снег-розовый	0.852	56.5	3.0	-1.0	3.2	bbox	1280	82.1	82.1	83.1	1631,103,16,8	413.8	39.4862252	73.5854596	4440.9
1282	1282	1.814	стакан-марка-красная	13.0	22.5	порода-в-тени	0.917	27.3	-1.0	6.0	6.1	bbox	1281	263.3	263.3	265.3	465,785,10,15	413.6	39.4859101	73.5858002	4439.5
1283	1283	1.876	стакан-марка-красная	15.0	1.8	порода-в-тени	1.049	48.0	-4.0	1.0	4.1	bbox	1282	224.3	224.3	224.3	101,537,16,10	413.5	39.4859380	73.5857959	4439.5
1284	1284	1.135	стакан-марка-красная	6.4	22.5	порода-охристая	0.894	27.3	15.0	6.0	16.2	bbox	1283	301.4	301.4	301.4	1269,15,18,10	413.5	39.4859966	73.5857756	4439.5
1285	1285	0.956	палка-ручка-пробка	7.1	10.2	лишайник-жёлтый-на-камне	1.008	65.5	10.0	18.0	20.6	bbox	1284	128.2	128.2	128.2	61,181,18,12	412.8	39.4862260	73.5854623	4440.9
1286	1286	0.941	стакан-марка-красная	3.6	23.1	порода-охристая	1.602	26.7	14.0	-1.0	14.0	bbox	1285	248.3	248.3	252.3	269,23,12,10	412.5	39.4859098	73.5858019	4439.5
1287	1287	0.198	стакан-марка-красная	1.1	3.9	порода-охристая	1.345	45.9	10.0	0.5	10.0	bbox	1286	237.3	226.3	237.3	489,141,26,9	412.4	39.4859086	73.5857995	4439.5
1288	1288	0.948	стакан-марка-красная	7.1	9.6	снег-розовый	0.740	59.4	4.0	0.0	4.0	bbox	1287	138.2	138.2	138.2	777,432,12,13	411.9	39.4861474	73.5854883	4440.9
1289	1289	0.965	палка-ручка-пробка	6.7	13.3	лишайник-жёлтый-на-камне	1.191	62.4	11.0	20.0	22.8	bbox	1288	201.3	200.3	201.3	1903,993,12,16	411.8	39.4859404	73.5857871	4439.5
1290	1290	1.169	предмет-оранжевый	9.2	5.5	порода-охристая	2.088	58.8	18.0	25.0	30.8	bbox	1289	138.2	138.2	138.2	785,721,8,12	411.4	39.4861474	73.5854883	4440.9
1291	1291	0.649	стакан-марка-красная	5.0	4.9	порода-охристая	0.667	44.9	11.0	6.0	12.5	bbox	1290	215.3	215.3	216.3	91,546,8,19	410.7	39.4859375	73.5857951	4439.5
1292	1292	2.228	палка-ручка-пробка	17.5	12.5	снег-розовый	0.886	88.2	-2.0	7.0	7.3	bbox	1291	51.1	51.1	51.1	1846,997,11,23	410.3	39.4862328	73.5854564	4440.9
1293	1293	1.696	стакан-марка-красная	13.4	7.1	снег-розовый	1.039	56.9	-1.0	7.0	7.1	bbox	1292	107.1	103.1	107.1	1719,953,22,16	409.9	39.4862223	73.5854621	4440.9
1294	1294	1.403	стакан-марка-красная	11.2	3.5	снег-в-тени	0.897	53.3	0.0	-1.0	1.0	bbox	1293	154.2	154.2	154.2	1659,155,12,14	409.2	39.4859617	73.5857913	4439.5
1295	1295	1.466	палка-ручка-контроль	11.7	2.7	порода-охристая	1.673	54.9	17.0	22.0	27.8	bbox	1294	137.2	137.2	137.2	353,515,12,10	408.7	39.4861792	73.5854706	4440.9
1296	1296	1.133	палка-ручка-контроль	9.0	3.9	порода-охристая	2.016	53.7	15.0	26.0	30.0	bbox	1295	277.4	277.4	277.4	1875,277,14,12	408.6	39.4859996	73.5857774	4439.5
1297	1297	1.688	стакан-марка-красная	5.0	43.9	порода-охристая	1.432	5.9	8.0	5.0	9.4	bbox	1296	279.4	279.4	279.4	631,350,14,15	408.6	39.4859997	73.5857783	4439.5
1298	1298	1.680	стакан-марка-красная	13.0	11.4	снег-розовый	0.984	61.2	0.0	8.0	8.0	bbox	1297	118.2	118.2	118.2	587,651,17,12	408.0	39.4862244	73.5854629	4440.9
1299	1299	0.788	палка-ручка-контроль	5.8	8.4	лишайник-жёлтый-на-камне	0.957	49.2	1.0	23.0	23.0	bbox	1298	293.4	291.4	293.4	1793,627,8,18	407.5	39.4859970	73.5857744	4439.5
1300	1300	1.574	стакан-марка-красная	12.2	11.4	снег-освещённый	0.712	61.2	-1.0	-1.0	1.4	bbox	1299	339.4	338.4	339.4	1017,827,8,22	407.4	39.4860317	73.5856298	4439.6
1301	1301	1.319	стакан-марка-красная	8.9	19.6	порода-охристая	0.631	30.2	7.0	9.0	11.4	bbox	1300	154.2	154.2	154.2	1009,37,12,14	406.7	39.4859617	73.5857913	4439.5
1302	1302	1.413	стакан-марка-красная	11.1	7.4	порода-в-тени	0.825	42.4	0.0	-0.5	0.5	bbox	1301	167.2	167.2	167.2	1401,985,16,13	406.5	39.4859634	73.5857895	4439.5
1303	1303	0.953	палка-ручка-контроль	7.6	1.1	лишайник-жёлтый-на-камне	1.599	56.5	13.0	23.0	26.4	bbox	1302	184.2	184.2	191.2	77,149,10,16	406.1	39.4859636	73.5857883	4439.5
1304	1304	1.260	стакан-марка-красная	6.3	27.5	снег-розовый	1.075	77.3	9.0	7.0	11.4	bbox	1303	136.2	135.2	141.2	482,683,13,11	405.8	39.4862055	73.5854627	4440.9
1305	1305	1.133	стакан-марка-красная	8.0	14.9	порода-охристая	0.279	34.9	11.0	9.0	14.2	bbox	1304	191.2	191.2	191.2	1775,11,18,11	405.8	39.4859632	73.5857886	4439.5
1306	1306	1.029	стакан-марка-красная	2.8	27.1	порода-в-тени	1.378	22.7	9.0	-1.0	9.1	bbox	1305	331.4	331.4	331.4	105,199,10,22	405.5	39.4860306	73.5856305	4439.6
1307	1307	0.912	палка-ручка-контроль	7.2	3.9	лишайник-жёлтый-на-камне	1.459	53.7	12.0	22.0	25.1	bbox	1306	192.2	190.2	193.2	50,645,14,17	405.4	39.4859632	73.5857884	4439.5
1308	1308	1.777	стакан-марка-красная	13.4	16.5	снег-розовый	0.834	66.3	-1.0	7.0	7.1	bbox	1307	114.1	114.1	114.1	23,911,12,18	405.0	39.4862238	73.5854635	4440.9
1309	1309	0.626	палка-ручка-пробка	5.0	1.0	лишайник-жёлтый-на-камне	0.562	76.7	5.0	18.0	18.7	bbox	1308	325.4	325.4	325.4	1629,1053,13,20	404.9	39.4860314	73.5856299	4439.6
1310	1310	0.832	палка-ручка-пробка	6.3	7.3	лишайник-жёлтый-на-камне	0.163	68.4	3.0	17.0	17.3	bbox	1309	55.1	50.1	55.1	1503,241,16,10	404.4	39.4862325	73.5854564	4440.9
1311	1311	1.231	палка-ручка-контроль	9.8	0.8	порода-охристая	1.629	58.4	15.0	22.0	26.6	bbox	1310	262.3	262.3	262.3	1469,0,12,17	404.3	39.4859085	73.5858005	4439.5
1312	1312	1.533	стакан-марка-красная	11.2	17.6	порода-в-тени	0.489	32.2	0.0	-1.0	1.0	bbox	1311	166.2	166.2	166.2	1153,1069,16,11	404.1	39.4859635	73.5857899	4439.5
1313	1313	1.225	стакан-марка-красная	0.0	34.3	порода-охристая	1.494	15.5	11.0	1.0	11.0	bbox	1312	276.4	276.4	276.4	219,412,8,29	404.1	39.4859994	73.5857769	4439.5
1314	1314	0.412	стакан-марка-красная	3.2	2.7	порода-охристая	1.094	52.5	9.0	3.5	9.7	bbox	1313	259.3	259.3	259.3	1425,81,24,8	404.0	39.4859081	73.5858006	4439.5
1315	1315	1.366	палка-ручка-пробка	10.8	6.5	порода-охристая	1.569	69.2	15.0	19.0	24.2	bbox	1314	242.3	242.3	242.3	1865,977,14,12	403.7	39.4859093	73.5858007	4439.5
1316	1316	1.150	палка-ручка-пробка	8.6	11.8	лишайник-жёлтый-на-камне	0.404	63.9	4.0	14.5	15.0	bbox	1315	203.3	202.3	203.3	497,1039,16,20	403.6	39.4859391	73.5857876	4439.5
1317	1317	1.506	палка-ручка-пробка	11.7	10.0	порода-охристая	1.014	65.7	9.0	12.0	15.0	bbox	1316	155.2	155.2	155.2	455,404,20,9	403.3	39.4859618	73.5857911	4439.5
1318	1318	1.943	стакан-марка-красная	14.1	22.5	порода-охристая	0.686	27.3	13.0	15.0	19.8	bbox	1317	134.2	131.2	136.2	225,705,16,12	403.1	39.4862281	73.5854629	4440.9
1319	1319	0.649	палка-ручка-контроль	5.1	3.4	лишайник-жёлтый-на-камне	1.267	61.0	1.0	27.0	27.0	bbox	1318	275.4	275.4	275.4	353,91,9,28	402.9	39.4859992	73.5857767	4439.5
1320	1320	0.890	палка-ручка-пробка	6.1	12.9	лишайник-жёлтый-на-камне	0.863	88.6	4.0	17.0	17.5	bbox	1319	24.0	24.0	24.0	1799,56,9,26	402.8	39.4862334	73.5854584	4440.9
1321	1321	0.979	стакан-марка-красная	4.6	22.2	порода-охристая	1.315	27.6	15.5	2.0	15.6	bbox	1320	276.4	275.4	276.4	81,329,6,20	402.7	39.4859994	73.5857769	4439.5
1322	1322	1.335	предмет-оранжевый	10.4	7.8	порода-охристая	2.304	56.5	23.0	24.0	33.2	bbox	1321	144.2	144.2	144.2	647,105,24,18	402.3	39.4859819	73.5857156	4440.1
1323	1323	0.661	стакан-марка-красная	3.6	13.5	порода-в-тени	1.373	36.3	8.0	-1.0	8.1	bbox	1322	343.4	343.4	343.4	651,643,8,16	402.1	39.4860316	73.5856295	4439.6
1324	1324	1.399	стакан-марка-красная	11.2	1.8	снег-в-тени	0.885	51.6	0.0	-1.0	1.0	bbox	1323	198.3	198.3	198.3	1534,923,11,14	401.6	39.4859532	73.5857876	4439.5
1325	1325	1.708	палка-ручка-пробка	13.5	8.4	лишайник-жёлтый-на-камне	1.120	84.1	-4.0	13.0	13.6	bbox	1324	217.3	217.3	218.3	1568,0,22,14	401.1	39.4859374	73.5857951	4439.5
1326	1326	1.815	стакан-марка-красная	14.4	5.9	корка-жёлтая-на-скале	0.811	55.7	-1.0	9.0	9.1	bbox	1325	74.1	73.1	77.1	1587,1053,14,10	400.9	39.4862273	73.5854591	4440.9
1327	1327	1.885	стакан-марка-красная	12.4	30.2	порода-в-тени	0.638	19.6	-1.0	4.0	4.1	bbox	1326	318.4	318.4	319.4	1409,873,6,35	400.8	39.4860303	73.5856355	4439.5
1328	1328	1.939	палка-ручка-пробка	13.6	26.1	корка-жёлтая-на-скале	1.120	49.6	-8.0	19.0	20.6	bbox	1327	310.4	310.4	313.4	27,1069,12,11	399.9	39.4859957	73.5857766	4439.6
1329	1329	1.411	стакан-марка-красная	11.2	5.5	снег-розовый	0.844	55.3	0.0	3.0	3.0	bbox	1328	227.3	227.3	233.3	1061,171,10,30	399.7	39.4859387	73.5857959	4439.5
1330	1330	1.477	стакан-марка-красная	8.2	29.6	порода-в-тени	0.625	20.2	3.0	-1.0	3.2	bbox	1329	15.0	7.0	15.0	1885,735,13,18	399.4	39.4862336	73.5854588	4440.9
1331	1331	1.644	стакан-марка-красная	13.2	0.8	порода-охристая	0.589	49.0	13.0	14.0	19.1	bbox	1330	163.2	162.2	166.2	494,241,19,8	399.3	39.4859631	73.5857906	4439.5
1332	1332	1.657	стакан-марка-красная	11.0	25.9	порода-в-тени	0.375	23.9	0.0	1.0	1.0	bbox	1331	256.3	256.3	256.3	894,199,11,21	399.3	39.4859089	73.5858010	4439.5
1333	1333	0.870	палка-ручка-контроль	6.3	10.1	лишайник-жёлтый-на-камне	0.787	47.5	4.0	20.0	20.4	bbox	1332	259.3	258.3	259.3	11,686,10,19	398.1	39.4859081	73.5858006	4439.5
1334	1334	0.503	палка-ручка-пробка	3.0	9.4	лишайник-жёлтый-на-камне	1.271	85.1	8.0	23.0	24.4	bbox	1333	21.0	21.0	21.0	439,0,8,29	397.9	39.4862334	73.5854584	4440.9
1335	1335	1.564	палка-ручка-контроль	12.0	11.9	порода-охристая	1.041	45.7	15.0	18.0	23.4	bbox	1334	257.3	257.3	257.3	1427,537,12,14	397.8	39.4859088	73.5858009	4439.5
1336	1336	1.080	стакан-марка-красная	7.2	16.7	порода-охристая	0.732	33.1	7.0	7.0	9.9	bbox	1335	292.4	292.4	292.4	116,249,12,11	397.1	39.4859976	73.5857746	4439.5
1337	1337	1.153	палка-ручка-пробка	9.2	0.6	лишайник-жёлтый-на-камне	0.631	76.3	-2.0	17.0	17.1	bbox	1336	267.3	266.3	267.3	1609,665,8,20	396.8	39.4859991	73.5857774	4439.5
1338	1338	1.512	палка-ручка-пробка	12.1	0.8	лишайник-жёлтый-на-камне	0.996	74.9	6.5	11.0	12.8	bbox	1337	197.3	197.3	197.3	257,1057,16,16	396.5	39.4859598	73.5857879	4439.5
1339	1339	0.963	стакан-марка-красная	5.8	17.6	порода-в-тени	1.092	32.2	6.0	-2.0	6.3	bbox	1338	260.3	260.3	260.3	154,337,15,12	396.4	39.4859081	73.5858006	4439.5
1340	1340	1.452	стакан-марка-красная	11.0	12.5	порода-в-тени	0.664	37.3	0.0	0.0	0.0	bbox	1339	173.2	173.2	173.2	1758,1062,25,11	396.1	39.4859632	73.5857881	4439.5
1341	1341	0.697	стакан-марка-красная	5.4	5.1	порода-охристая	0.710	44.7	9.0	6.0	10.8	bbox	1340	162.2	162.2	164.2	1153,8,22,15	395.9	39.4859631	73.5857908	4439.5
1342	1342	1.307	палка-ручка-пробка	10.4	2.0	лишайник-жёлтый-на-камне	1.693	73.7	15.0	20.0	25.0	bbox	1341	3.0	2.0	3.0	722,107,15,12	395.3	39.4862326	73.5854594	4440.9
1343	1343	1.342	стакан-марка-красная	10.2	11.8	порода-охристая	0.250	38.0	13.0	11.0	17.0	bbox	1342	75.1	75.1	78.1	1869,830,10,19	395.2	39.4862269	73.5854593	4440.9
1344	1344	1.238	стакан-марка-красная	8.9	14.9	порода-охристая	1.093	64.7	7.0	9.0	11.4	bbox	1343	210.3	210.3	210.3	421,971,14,22	394.4	39.4859363	73.5857951	4439.5
1345	1345	0.551	палка-ручка-контроль	4.1	5.4	лишайник-жёлтый-на-камне	1.004	52.2	7.0	22.0	23.1	bbox	1344	224.3	224.3	224.3	1581,45,21,14	394.4	39.4859380	73.5857959	4439.5
1346	1346	1.113	стакан-марка-красная	4.0	27.8	порода-охристая	0.952	22.0	11.0	5.0	12.1	bbox	1345	276.4	276.4	276.4	167,345,14,24	393.9	39.4859994	73.5857769	4439.5
1347	1347	1.458	стакан-марка-красная	11.4	8.6	снег-в-тени	0.841	58.4	0.0	-2.0	2.0	bbox	1346	341.4	340.4	341.4	116,955,21,10	393.4	39.4860316	73.5856296	4439.6
1348	1348	0.540	палка-ручка-контроль	4.1	4.6	лишайник-жёлтый-на-камне	1.007	62.2	2.0	25.0	25.1	bbox	1347	177.2	174.2	177.2	1859,394,14,20	393.3	39.4859636	73.5857883	4439.5
1349	1349	1.851	палка-ручка-контроль	12.0	30.1	порода-охристая	1.081	27.5	15.0	18.0	23.4	bbox	1348	292.4	292.4	293.4	1453,0,20,11	393.3	39.4859976	73.5857746	4439.5
1350	1350	1.290	палка-ручка-контроль	9.2	16.2	порода-охристая	1.703	41.4	15.0	24.0	28.3	bbox	1349	287.4	285.4	288.4	1669,355,10,15	393.1	39.4859987	73.5857754	4439.5
1351	1351	0.980	палка-ручка-пробка	7.8	2.5	лишайник-жёлтый-на-камне	0.519	78.2	0.0	17.0	17.0	bbox	1350	23.0	11.0	23.0	118,393,17,6	392.9	39.4862334	73.5854583	4440.9
1352	1352	1.215	палка-ручка-пробка	8.9	13.3	порода-охристая	1.340	62.4	13.0	19.0	23.0	bbox	1351	195.3	195.3	195.3	1649,481,16,12	392.9	39.4859635	73.5857880	4439.5
1353	1353	0.676	палка-ручка-пробка	5.1	6.3	лишайник-жёлтый-на-камне	1.336	69.4	10.0	24.0	26.0	bbox	1352	318.4	318.4	318.4	371,17,12,10	392.9	39.4860303	73.5856355	4439.5
1354	1354	1.163	палка-ручка-пробка	8.5	13.3	лишайник-жёлтый-на-камне	1.131	62.4	11.0	17.0	20.2	bbox	1353	73.1	73.1	75.1	1873,769,12,8	392.8	39.4862275	73.5854588	4440.9
1355	1355	0.696	стакан-марка-красная	2.2	17.8	порода-охристая	1.175	32.0	9.0	2.0	9.2	bbox	1354	275.4	275.4	275.4	563,1043,14,22	392.7	39.4859992	73.5857767	4439.5
1356	1356	1.072	палка-ручка-пробка	8.5	2.7	лишайник-жёлтый-на-камне	0.916	78.4	8.0	15.0	17.0	bbox	1355	225.3	225.3	226.3	1573,729,12,11	392.6	39.4859383	73.5857959	4439.5
1357	1357	1.379	рюкзак-синий	11.0	2.9	порода-в-тени	0.713	35.9	1.0	-3.0	3.2	bbox	1356	234.3	227.3	236.3	422,341,11,12	392.4	39.4859130	73.5857984	4439.5
1358	1358	1.674	стакан-марка-красная	12.2	19.6	порода-в-тени	0.623	30.2	-1.0	3.0	3.2	bbox	1357	264.3	263.3	264.3	1729,593,14,42	392.2	39.4859257	73.5857967	4439.5
1359	1359	1.439	рюкзак-синий	11.0	11.3	порода-в-тени	0.434	27.5	0.0	-3.0	3.0	bbox	1358	80.1	80.1	80.1	1899,697,14,10	392.0	39.4862254	73.5854596	4440.9
1360	1360	1.797	стакан-марка-красная	13.7	14.9	порода-охристая	0.964	34.9	18.5	12.5	22.3	bbox	1359	166.2	165.2	167.2	1317,237,8,12	392.0	39.4859635	73.5857899	4439.5
1361	1361	2.183	палка-ручка-пробка	16.8	16.7	корка-жёлтая-на-скале	1.012	59.0	-5.0	9.5	10.7	bbox	1360	242.3	241.3	242.3	505,921,12,14	392.0	39.4859093	73.5858007	4439.5
1362	1362	0.565	палка-ручка-пробка	4.5	2.3	лишайник-жёлтый-на-камне	1.103	78.0	9.0	21.0	22.8	bbox	1361	258.3	258.3	258.3	1466,485,19,12	391.7	39.4859084	73.5858008	4439.5
1363	1363	1.269	стакан-марка-красная	9.8	8.6	порода-охристая	0.882	58.4	15.0	10.0	18.0	bbox	1362	101.1	97.1	101.1	1737,903,12,18	391.0	39.4862222	73.5854602	4440.9
1364	1364	1.011	палка-ручка-пробка	7.1	13.7	лишайник-жёлтый-на-камне	1.016	62.0	10.0	18.0	20.6	bbox	1363	149.2	149.2	149.2	19,561,9,20	390.9	39.4859620	73.5857928	4439.5
1365	1365	2.046	стакан-марка-красная	12.5	36.9	порода-в-тени	1.065	12.9	0.0	7.0	7.0	bbox	1364	256.3	256.3	256.3	1783,1053,18,12	390.8	39.4859089	73.5858010	4439.5
1366	1366	1.370	стакан-марка-красная	9.8	16.9	порода-в-тени	0.716	32.9	2.0	-3.0	3.6	bbox	1365	28.0	28.0	32.0	1828,443,14,20	390.4	39.4862337	73.5854586	4440.9
1367	1367	1.570	стакан-марка-красная	12.2	11.0	порода-в-тени	0.670	38.8	-1.0	-1.0	1.4	bbox	1366	132.2	132.2	132.2	1675,827,22,9	390.3	39.4862273	73.5854630	4440.9
1368	1368	1.716	палка-ручка-контроль	13.0	15.1	корка-жёлтая-на-скале	0.225	42.5	-1.0	15.0	15.0	bbox	1367	246.3	246.3	246.3	145,625,12,16	390.3	39.4859098	73.5858015	4439.5
1369	1369	1.787	палка-ручка-контроль	13.6	15.4	корка-жёлтая-на-скале	0.756	42.2	-5.0	18.0	18.7	bbox	1368	306.4	306.4	306.4	321,551,16,10	390.2	39.4859969	73.5857760	4439.5
1370	1370	1.400	рюкзак-синий	11.0	6.4	порода-в-тени	0.554	32.4	0.0	-3.0	3.0	bbox	1369	346.4	346.4	347.4	1716,1008,29,10	389.8	39.4860310	73.5856300	4439.6
1371	1371	1.469	палка-ручка-пробка	10.0	21.6	порода-охристая	0.752	54.1	11.0	15.0	18.6	bbox	1370	247.3	247.3	249.3	177,57,12,18	389.7	39.4859100	73.5858018	4439.5
1372	1372	1.986	стакан-марка-красная	15.6	10.2	корка-жёлтая-на-скале	0.593	39.6	-1.0	11.0	11.0	bbox	1371	228.3	224.3	230.3	1792,753,10,18	389.6	39.4859391	73.5857959	4439.5
1373	1373	1.010	стакан-марка-красная	8.1	2.0	снег-розовый	0.964	51.8	3.0	0.0	3.0	bbox	1372	74.1	71.1	74.1	165,15,12,18	389.5	39.4862273	73.5854591	4440.9
1374	1374	1.898	стакан-марка-красная	14.9	10.8	порода-охристая	0.801	39.0	16.0	15.0	21.9	bbox	1373	80.1	80.1	80.1	1365,1027,20,16	389.3	39.4862254	73.5854596	4440.9
1375	1375	1.746	стакан-марка-красная	5.4	45.1	порода-в-тени	1.251	4.7	6.0	3.0	6.7	bbox	1374	244.3	244.3	244.3	617,209,16,27	389.3	39.4859095	73.5858011	4439.5
1376	1376	1.503	палка-ручка-контроль	7.2	33.7	корка-жёлтая-на-скале	1.086	23.9	2.0	20.0	20.1	bbox	1375	247.3	247.3	247.3	1901,665,10,19	389.3	39.4859100	73.5858018	4439.5
1377	1377	0.811	рюкзак-синий	6.0	8.6	снег-в-тени	0.641	30.2	1.0	-8.0	8.1	bbox	1376	99.1	97.1	100.1	1509,503,12,10	388.8	39.4862226	73.5854597	4440.9
1378	1378	1.458	стакан-марка-красная	11.4	8.6	снег-в-тени	0.786	41.2	0.0	-2.0	2.0	bbox	1377	127.2	127.2	127.2	381,1071,12,9	388.7	39.4862259	73.5854622	4440.9
1379	1379	2.224	палка-ручка-пробка	17.7	6.7	корка-жёлтая-на-скале	1.351	69.0	-8.0	11.0	13.6	bbox	1378	209.3	209.3	209.3	41,155,18,10	388.7	39.4859363	73.5857952	4439.5
1380	1380	2.193	рюкзак-синий	14.0	36.8	порода-в-тени	0.715	2.0	0.0	0.0	0.0	bbox	1379	170.2	170.2	170.2	1153,1041,16,16	388.5	39.4859630	73.5857886	4439.5
1381	1381	1.849	палка-ручка-пробка	13.3	22.3	лишайник-жёлтый-на-камне	2.044	98.0	-8.0	26.0	27.2	bbox	1380	237.3	237.3	237.3	1849,484,16,11	388.5	39.4859086	73.5857995	4439.5
1382	1382	0.980	палка-ручка-контроль	7.2	10.7	корка-жёлтая-на-скале	0.674	46.9	2.0	20.0	20.1	bbox	1381	243.3	243.3	243.3	0,899,17,14	388.5	39.4859093	73.5858010	4439.5
1383	1383	1.597	стакан-марка-красная	12.6	6.3	порода-охристая	0.843	56.1	15.0	13.0	19.8	bbox	1382	148.2	148.2	148.2	107,755,14,12	388.3	39.4859620	73.5857927	4439.4
1384	1384	1.423	стакан-марка-красная	3.0	38.4	порода-в-тени	1.315	11.4	8.0	1.0	8.1	bbox	1383	227.3	227.3	233.3	91,350,10,19	388.3	39.4859387	73.5857959	4439.5
1385	1385	1.475	палка-ручка-пробка	10.2	20.8	порода-охристая	0.812	54.9	7.0	13.0	14.8	bbox	1384	218.3	218.3	218.3	273,1057,8,20	388.1	39.4859374	73.5857951	4439.5
1386	1386	1.700	стакан-марка-красная	8.6	36.9	порода-охристая	1.165	12.9	6.0	8.0	10.0	bbox	1385	251.3	251.3	251.3	54,569,17,18	388.1	39.4859096	73.5858023	4439.5
1387	1387	1.803	палка-ручка-контроль	14.4	1.1	порода-охристая	1.396	56.5	18.0	18.0	25.5	bbox	1386	87.1	87.1	91.1	1863,493,11,14	387.9	39.4862241	73.5854588	4440.9
1388	1388	1.090	палка-ручка-пробка	8.5	7.1	лишайник-жёлтый-на-камне	0.391	68.6	-1.0	17.0	17.0	bbox	1387	177.2	177.2	178.2	1821,529,12,14	387.8	39.4859636	73.5857883	4439.5
1389	1389	1.095	палка-ручка-пробка	8.7	2.6	лишайник-жёлтый-на-камне	0.750	73.1	-3.0	19.5	19.7	bbox	1388	148.2	148.2	148.2	325,289,10,15	387.7	39.4859620	73.5857927	4439.4
1390	1390	0.551	палка-ручка-контроль	4.1	5.4	лишайник-жёлтый-на-камне	1.004	52.2	7.0	22.0	23.1	bbox	1389	332.4	332.4	332.4	1405,905,21,18	387.5	39.4860308	73.5856303	4439.6
1391	1391	1.995	палка-ручка-контроль	14.9	20.3	порода-охристая	0.977	37.3	17.0	16.0	23.3	bbox	1390	147.2	147.2	147.2	1774,173,7,28	387.3	39.4859623	73.5857913	4439.5
1392	1392	0.550	стакан-марка-красная	3.6	8.8	порода-охристая	0.915	41.0	9.0	4.0	9.8	bbox	1391	156.2	153.2	156.2	527,482,18,11	387.3	39.4859620	73.5857912	4439.5
1393	1393	1.471	палка-ручка-контроль	10.0	21.7	порода-охристая	1.189	35.9	14.0	20.0	24.4	bbox	1392	240.3	238.3	240.3	125,645,10,26	387.2	39.4859091	73.5857999	4439.5
1394	1394	1.448	стакан-марка-красная	10.8	14.9	порода-охристая	0.515	34.9	15.0	11.0	18.6	bbox	1393	80.1	80.1	80.1	899,785,20,11	387.0	39.4862254	73.5854596	4440.9
1395	1395	1.845	стакан-марка-красная	14.4	11.0	корка-жёлтая-на-скале	0.825	38.8	-1.0	9.0	9.1	bbox	1394	107.1	107.1	107.1	611,825,14,8	386.7	39.4862223	73.5854621	4440.9
1396	1396	1.290	стакан-марка-красная	10.2	5.5	снег-в-тени	0.893	44.3	1.0	-1.0	1.4	bbox	1395	250.3	250.3	250.3	1171,671,16,10	386.6	39.4859098	73.5858021	4439.5
1397	1397	0.510	стакан-марка-красная	3.6	6.7	снег-розовый	1.128	56.5	8.0	-1.0	8.1	bbox	1396	41.1	35.0	45.1	550,399,11,18	386.4	39.4862335	73.5854573	4440.9
1398	1398	0.970	палка-ручка-пробка	7.0	11.8	лишайник-жёлтый-на-камне	0.878	87.5	5.0	16.0	16.8	bbox	1397	86.1	86.1	87.1	1549,1065,17,15	386.3	39.4862243	73.5854588	4440.9
1399	1399	2.277	стакан-марка-красная	14.9	36.9	порода-в-тени	0.923	12.9	-3.0	6.0	6.7	bbox	1398	235.3	235.3	236.3	1909,1025,11,15	386.2	39.4859085	73.5857990	4439.5
1400	1400	1.150	стакан-марка-красная	5.8	24.9	порода-охристая	0.874	24.9	14.0	6.0	15.2	bbox	1399	260.3	260.3	260.3	211,135,19,10	386.2	39.4859081	73.5858006	4439.5
1401	1401	2.143	стакан-марка-красная	16.4	17.5	порода-охристая	1.924	67.3	24.0	11.0	26.4	bbox	1400	63.1	63.1	74.1	1909,807,11,18	385.8	39.4862309	73.5854578	4440.9
1402	1402	1.175	палка-ручка-контроль	9.2	6.4	порода-охристая	1.760	51.2	15.0	24.0	28.3	bbox	1401	201.3	197.3	201.3	37,415,12,10	385.6	39.4859404	73.5857871	4439.5
1403	1403	1.865	стакан-марка-красная	14.4	13.3	корка-жёлтая-на-скале	0.937	63.1	-1.0	9.0	9.1	bbox	1402	208.3	207.3	208.3	1869,1065,13,15	385.6	39.4859362	73.5857950	4439.5
1404	1404	0.834	стакан-марка-красная	6.3	7.5	порода-охристая	0.875	57.3	9.0	7.0	11.4	bbox	1403	271.3	271.3	271.3	1658,1066,21,11	385.6	39.4860007	73.5857770	4439.5
1405	1405	1.034	палка-ручка-пробка	8.1	6.5	лишайник-жёлтый-на-камне	1.229	82.2	-3.0	24.0	24.2	bbox	1404	252.3	252.3	252.3	369,973,16,15	385.4	39.4859095	73.5858021	4439.5
1406	1406	1.470	предмет-оранжевый	11.0	14.1	порода-охристая	1.851	50.2	19.0	23.0	29.8	bbox	1405	83.1	80.1	83.1	1285,919,21,7	384.6	39.4862250	73.5854593	4440.9
1407	1407	1.022	стакан-марка-красная	8.1	4.7	порода-охристая	0.669	45.1	15.0	8.0	17.0	bbox	1406	301.4	301.4	301.4	79,369,10,16	384.4	39.4859966	73.5857756	4439.5
1408	1408	0.238	палка-ручка-пробка	1.0	5.7	лишайник-жёлтый-на-камне	1.108	81.4	5.0	24.0	24.5	bbox	1407	243.3	243.3	243.3	1403,255,20,12	384.1	39.4859093	73.5858010	4439.5
1409	1409	0.761	стакан-марка-красная	4.1	15.7	порода-охристая	0.776	34.1	12.0	5.0	13.0	bbox	1408	241.3	241.3	242.3	359,491,8,23	383.9	39.4859092	73.5858004	4439.5
1410	1410	0.977	стакан-марка-красная	7.8	1.0	порода-охристая	0.914	50.8	6.0	7.0	9.2	bbox	1409	323.4	323.4	323.4	585,1025,8,16	383.4	39.4860310	73.5856301	4439.5
1411	1411	1.656	палка-ручка-пробка	12.6	13.7	корка-жёлтая-на-скале	0.722	62.0	1.0	11.0	11.0	bbox	1410	189.2	188.2	189.2	1891,83,22,22	382.6	39.4859635	73.5857888	4439.5
1412	1412	1.623	стакан-марка-красная	11.2	23.1	порода-охристая	0.504	26.7	9.0	12.0	15.0	bbox	1411	63.1	63.1	63.1	1631,618,9,29	382.5	39.4862309	73.5854578	4440.9
1413	1413	1.575	палка-ручка-контроль	12.2	10.9	порода-охристая	0.735	46.7	13.0	16.0	20.6	bbox	1412	238.3	238.3	238.3	47,181,24,10	382.3	39.4859089	73.5857998	4439.5
1414	1414	0.258	палка-ручка-контроль	1.4	5.2	лишайник-жёлтый-на-камне	1.269	52.4	7.0	25.0	26.0	bbox	1413	324.4	324.4	324.4	1851,615,15,10	381.7	39.4860313	73.5856298	4439.5
1415	1415	0.234	палка-ручка-контроль	1.8	1.8	лишайник-жёлтый-на-камне	1.307	59.4	4.5	27.0	27.4	bbox	1414	294.4	294.4	294.4	91,339,18,20	381.4	39.4859967	73.5857742	4439.5
1416	1416	1.204	стакан-марка-красная	9.5	5.9	снег-в-тени	0.803	43.9	2.0	-2.0	2.8	bbox	1415	80.1	80.1	80.1	1823,985,12,12	381.3	39.4862254	73.5854596	4440.9
1417	1417	1.417	стакан-марка-красная	11.2	6.5	снег-розовый	0.885	56.3	0.0	-1.0	1.0	bbox	1416	106.1	102.1	115.1	583,291,8,14	380.8	39.4862223	73.5854618	4440.9
1418	1418	2.035	палка-ручка-пробка	13.0	34.1	корка-жёлтая-на-скале	0.503	41.6	-2.0	12.0	12.2	bbox	1417	239.3	239.3	239.3	313,765,22,16	380.3	39.4859091	73.5857998	4439.5
1419	1419	1.330	палка-ручка-пробка	10.3	9.4	лишайник-жёлтый-на-камне	1.068	66.3	10.0	14.0	17.2	bbox	1418	44.1	38.0	45.1	1617,981,16,16	380.1	39.4862332	73.5854571	4440.9
1420	1420	1.040	стакан-марка-красная	8.2	3.9	снег-в-тени	0.954	45.9	3.0	-1.0	3.2	bbox	1419	38.0	38.0	40.1	62,256,11,17	379.8	39.4862336	73.5854573	4440.9
1421	1421	2.019	стакан-марка-красная	16.1	3.1	корка-жёлтая-на-скале	0.840	46.7	-3.0	9.0	9.5	bbox	1420	129.2	129.2	129.2	87,37,12,28	379.8	39.4862263	73.5854623	4440.9
1422	1422	1.175	палка-ручка-контроль	9.2	6.4	лишайник-жёлтый-на-камне	0.908	51.2	8.0	17.0	18.8	bbox	1421	212.3	212.3	212.3	529,1031,22,12	379.4	39.4859367	73.5857952	4439.5
1423	1423	0.639	палка-ручка-контроль	3.2	14.1	лишайник-жёлтый-на-камне	1.253	43.5	7.0	23.0	24.0	bbox	1422	218.3	218.3	218.3	63,289,18,9	379.0	39.4859374	73.5857951	4439.5
1424	1424	0.797	стакан-марка-красная	6.3	2.9	порода-охристая	0.635	46.9	9.0	7.0	11.4	bbox	1423	63.1	63.1	63.1	551,976,12,12	378.9	39.4862309	73.5854578	4440.9
1425	1425	1.673	палка-ручка-контроль	13.0	10.5	порода-охристая	0.639	47.1	13.0	15.0	19.8	bbox	1424	124.2	124.2	124.2	37,289,18,14	378.6	39.4862251	73.5854612	4440.9
1426	1426	0.566	палка-ручка-контроль	3.2	11.3	лишайник-жёлтый-на-камне	1.194	46.3	7.0	23.0	24.0	bbox	1425	245.3	245.3	245.3	1853,56,12,11	378.5	39.4859096	73.5858012	4439.5
1427	1427	1.019	палка-ручка-пробка	8.0	5.5	лишайник-жёлтый-на-камне	0.481	70.2	5.0	15.0	15.8	bbox	1426	130.2	130.2	130.2	491,1041,12,19	378.4	39.4862267	73.5854625	4440.9
1428	1428	1.434	палка-ручка-контроль	10.4	16.6	корка-жёлтая-на-скале	0.464	41.0	3.0	16.0	16.3	bbox	1427	167.2	167.2	167.2	113,338,14,11	378.2	39.4859634	73.5857895	4439.5
1429	1429	1.378	стакан-марка-красная	10.0	15.9	снег-розовый	0.509	65.7	1.0	0.0	1.0	bbox	1428	237.3	225.3	241.3	637,45,20,14	378.2	39.4859086	73.5857995	4439.5
1430	1430	1.323	палка-ручка-пробка	8.6	21.6	порода-охристая	0.849	54.1	10.0	16.0	18.9	bbox	1429	48.1	48.1	48.1	139,337,14,13	378.0	39.4862327	73.5854563	4440.9
1431	1431	1.468	палка-ручка-пробка	11.7	4.9	порода-охристая	1.183	70.8	11.0	13.0	17.0	bbox	1430	183.2	183.2	183.2	73,656,12,14	378.0	39.4859637	73.5857884	4439.5
1432	1432	1.568	стакан-марка-красная	10.3	25.1	снег-розовый	0.509	74.9	2.0	6.0	6.3	bbox	1431	254.3	251.3	254.3	695,977,15,14	377.3	39.4859093	73.5858015	4439.5
1433	1433	0.986	палка-ручка-пробка	7.8	3.9	лишайник-жёлтый-на-камне	0.454	71.8	-1.0	18.0	18.0	bbox	1432	270.3	270.3	270.3	109,926,20,9	377.3	39.4860009	73.5857771	4439.5
1434	1434	0.818	стакан-марка-красная	6.1	8.2	снег-в-тени	1.893	41.6	14.5	-4.0	15.0	bbox	1433	84.1	84.1	84.1	49,0,6,25	377.2	39.4862247	73.5854591	4440.9
1435	1435	0.899	стакан-марка-красная	2.8	23.1	порода-в-тени	1.393	26.7	9.0	-1.0	9.1	bbox	1434	30.0	30.0	30.0	1713,0,11,11	377.1	39.4862337	73.5854582	4440.9
1436	1436	1.537	стакан-марка-красная	11.0	19.2	порода-в-тени	0.507	30.6	0.0	1.0	1.0	bbox	1435	256.3	256.3	256.3	980,643,21,14	377.0	39.4859089	73.5858010	4439.5
1437	1437	1.660	стакан-марка-красная	11.2	25.1	порода-в-тени	0.294	24.7	0.0	-1.0	1.0	bbox	1436	316.4	311.4	316.4	1345,833,16,9	377.0	39.4860111	73.5857029	4439.5
1438	1438	1.259	стакан-марка-красная	5.4	29.8	порода-в-тени	1.000	20.0	6.0	-1.0	6.1	bbox	1437	265.3	265.3	265.3	23,97,18,12	376.9	39.4859539	73.5857892	4439.5
1439	1439	1.123	палка-ручка-пробка	8.6	9.0	лишайник-жёлтый-на-камне	1.009	66.7	10.0	16.0	18.9	bbox	1438	44.1	39.1	45.1	1651,201,20,8	376.7	39.4862332	73.5854571	4440.9
1440	1440	1.201	палка-ручка-контроль	9.2	9.5	лишайник-жёлтый-на-камне	1.846	67.1	15.0	24.0	28.3	bbox	1439	147.2	147.2	147.2	1478,889,17,14	376.7	39.4859623	73.5857913	4439.5
1441	1441	1.621	палка-ручка-контроль	10.8	25.1	порода-охристая	0.789	32.5	12.0	17.0	20.8	bbox	1440	186.2	186.2	186.2	56,706,11,19	375.6	39.4859637	73.5857883	4439.5
1442	1442	1.456	стакан-марка-красная	5.8	35.3	порода-в-тени	1.030	14.5	6.0	-2.0	6.3	bbox	1441	60.1	60.1	65.1	1033,971,8,17	375.3	39.4862314	73.5854575	4440.9
1443	1443	1.320	палка-ручка-контроль	9.4	16.6	корка-жёлтая-на-скале	0.827	41.0	-2.0	21.0	21.1	bbox	1442	255.3	254.3	257.3	1861,169,28,6	375.3	39.4859090	73.5858011	4439.5
1444	1444	1.062	палка-ручка-пробка	8.5	1.2	лишайник-жёлтый-на-камне	0.494	74.5	-1.0	17.0	17.0	bbox	1443	193.2	193.2	193.2	755,867,14,10	375.0	39.4859633	73.5857883	4439.5
1445	1445	1.562	палка-ручка-контроль	10.0	26.2	порода-охристая	0.919	31.4	6.0	16.0	17.1	bbox	1444	64.1	64.1	64.1	1645,945,18,12	374.2	39.4862304	73.5854582	4440.9
1446	1446	2.125	палка-ручка-пробка	17.0	0.2	снег-розовый	0.978	75.9	-3.0	8.0	8.5	bbox	1445	187.2	187.2	187.2	1641,567,10,26	374.1	39.4859637	73.5857885	4439.5
1447	1447	0.800	палка-ручка-контроль	5.6	10.9	лишайник-жёлтый-на-камне	1.167	46.7	8.5	21.0	22.7	bbox	1446	331.4	331.4	331.4	139,963,12,14	374.1	39.4860306	73.5856305	4439.6
1448	1448	0.971	палка-ручка-контроль	6.1	16.9	лишайник-жёлтый-на-камне	1.939	74.5	5.0	32.0	32.4	bbox	1447	310.4	310.4	310.4	1055,1041,14,12	374.0	39.4859957	73.5857766	4439.6
1449	1449	0.972	палка-ручка-пробка	7.6	5.5	лишайник-жёлтый-на-камне	0.779	70.2	8.0	16.0	17.9	bbox	1448	193.2	193.2	193.2	1639,660,12,15	373.6	39.4859633	73.5857883	4439.5
1450	1450	1.311	палка-ручка-контроль	10.4	3.5	порода-охристая	1.719	54.1	16.0	23.0	28.0	bbox	1449	265.3	264.3	265.3	1061,381,15,20	373.4	39.4859539	73.5857892	4439.5
1451	1451	0.960	палка-ручка-контроль	7.6	3.4	лишайник-жёлтый-на-камне	1.575	61.0	13.0	23.0	26.4	bbox	1450	67.1	67.1	67.1	27,471,12,13	373.3	39.4862298	73.5854582	4440.9
1452	1452	1.803	стакан-марка-красная	13.0	21.6	корка-жёлтая-на-скале	1.120	28.2	0.0	8.0	8.0	bbox	1451	258.3	258.3	258.3	1905,17,12,23	373.3	39.4859084	73.5858008	4439.5
1453	1453	0.498	палка-ручка-пробка	3.8	4.1	лишайник-жёлтый-на-камне	0.606	71.6	1.5	21.5	21.6	bbox	1452	83.1	82.1	83.1	75,1049,12,22	373.0	39.4862250	73.5854593	4440.9
1454	1454	1.707	стакан-марка-красная	13.3	10.2	порода-охристая	0.532	39.6	14.0	14.0	19.8	bbox	1453	76.1	76.1	76.1	1875,1067,18,13	372.9	39.4862266	73.5854594	4440.9
1455	1455	0.991	стакан-марка-красная	7.8	4.7	порода-охристая	0.986	54.5	6.0	7.0	9.2	bbox	1454	218.3	218.3	218.3	83,739,12,16	372.9	39.4859374	73.5857951	4439.5
1456	1456	1.179	палка-ручка-пробка	9.4	0.4	лишайник-жёлтый-на-камне	0.517	76.1	0.0	15.0	15.0	bbox	1455	46.1	46.1	48.1	165,251,12,14	372.6	39.4862325	73.5854567	4440.9
1457	1457	1.371	стакан-марка-красная	9.2	20.8	порода-охристая	1.183	70.6	9.0	10.0	13.5	bbox	1456	201.3	201.3	204.3	129,981,30,10	372.5	39.4859404	73.5857871	4439.5
1458	1458	1.524	палка-ручка-пробка	12.0	6.7	лишайник-жёлтый-на-камне	1.997	82.4	-4.0	31.0	31.3	bbox	1457	307.4	307.4	307.4	1591,877,14,12	372.5	39.4859967	73.5857760	4439.5
1459	1459	1.363	стакан-марка-красная	5.0	33.9	порода-охристая	1.289	15.9	7.0	4.0	8.1	bbox	1458	219.3	219.3	220.3	449,743,16,14	372.4	39.4859373	73.5857951	4439.5
1460	1460	1.343	палка-ручка-пробка	10.0	13.3	лишайник-жёлтый-на-камне	1.496	89.0	-5.0	24.0	24.5	bbox	1459	290.4	289.4	290.4	1845,271,18,10	372.4	39.4859980	73.5857748	4439.5
1461	1461	0.923	палка-ручка-пробка	7.0	8.2	лишайник-жёлтый-на-камне	1.599	83.9	12.0	23.0	25.9	bbox	1460	138.2	138.2	138.2	624,777,11,14	372.2	39.4861474	73.5854883	4440.9
1462	1462	2.064	стакан-марка-красная	14.8	25.9	порода-в-тени	1.132	23.9	-2.0	8.0	8.2	bbox	1461	234.3	234.3	234.3	1742,631,13,10	372.1	39.4859130	73.5857984	4439.5
1463	1463	1.003	стакан-марка-красная	2.8	26.3	порода-в-тени	1.380	23.5	9.0	-1.0	9.1	bbox	1462	64.1	64.1	64.1	1156,545,13,13	371.9	39.4862304	73.5854582	4440.9
1464	1464	1.815	стакан-марка-красная	13.9	14.3	порода-охристая	0.736	35.5	16.0	14.0	21.3	bbox	1463	149.2	149.2	149.2	1773,279,12,10	371.9	39.4859620	73.5857928	4439.5
1465	1465	1.866	палка-ручка-пробка	14.9	4.7	лишайник-жёлтый-на-камне	1.200	80.4	-5.0	12.0	13.0	bbox	1464	312.4	311.4	315.4	435,1031,18,10	371.4	39.4859955	73.5857769	4439.6
1466	1466	1.294	палка-ручка-пробка	10.2	6.3	лишайник-жёлтый-на-камне	1.997	82.0	15.0	25.0	29.2	bbox	1465	314.4	314.4	317.4	155,423,19,6	371.1	39.4859971	73.5857640	4439.5
1467	1467	1.244	стакан-марка-красная	8.5	18.0	порода-охристая	0.309	31.8	10.5	9.5	14.2	bbox	1466	190.2	189.2	192.2	0,1002,17,12	371.0	39.4859633	73.5857888	4439.5
1468	1468	1.473	палка-ручка-контроль	10.0	21.5	корка-жёлтая-на-скале	0.763	36.1	5.0	16.0	16.8	bbox	1467	218.3	214.3	218.3	1847,573,20,12	371.0	39.4859374	73.5857951	4439.5
1469	1469	1.954	предмет-оранжевый	11.2	38.2	порода-охристая	2.428	26.1	25.0	24.0	34.7	bbox	1468	23.0	20.0	23.0	859,3,20,6	370.4	39.4862334	73.5854583	4440.9
1470	1470	1.474	предмет-оранжевый	9.0	26.7	порода-охристая	2.081	37.6	20.0	25.0	32.0	bbox	1469	291.4	291.4	297.4	1853,211,8,14	370.4	39.4859980	73.5857746	4439.5
1471	1471	1.776	стакан-марка-красная	7.1	43.1	порода-в-тени	0.905	6.7	4.0	0.0	4.0	bbox	1470	240.3	240.3	240.3	1480,326,30,11	370.3	39.4859091	73.5857999	4439.5
1472	1472	1.339	палка-ручка-пробка	9.9	14.3	лишайник-жёлтый-на-камне	1.016	90.0	-2.0	16.0	16.1	bbox	1471	33.0	26.0	34.0	1457,933,12,10	370.0	39.4862336	73.5854573	4440.9
1473	1473	0.665	стакан-марка-красная	4.1	11.8	снег-розовый	0.848	61.6	7.0	2.0	7.3	bbox	1472	44.1	44.1	44.1	989,5,20,8	370.0	39.4862332	73.5854571	4440.9
1474	1474	1.314	палка-ручка-пробка	10.0	11.4	лишайник-жёлтый-на-камне	0.453	64.3	-1.0	15.0	15.0	bbox	1473	141.2	141.2	144.2	1057,233,8,16	369.7	39.4860486	73.5855872	4440.8
1475	1475	1.360	палка-ручка-контроль	10.2	13.3	порода-охристая	1.754	44.3	16.0	24.0	28.8	bbox	1474	255.3	255.3	255.3	1521,363,10,14	369.6	39.4859090	73.5858011	4439.5
1476	1476	1.683	палка-ручка-контроль	13.5	1.9	порода-охристая	1.011	55.7	15.0	16.0	21.9	bbox	1475	62.1	62.1	62.1	949,973,12,19	369.4	39.4862310	73.5854577	4440.9
1477	1477	1.535	стакан-марка-красная	12.2	5.9	снег-розовый	0.877	55.7	-1.0	3.0	3.2	bbox	1476	243.3	243.3	243.3	1109,609,12,12	369.4	39.4859093	73.5858010	4439.5
1478	1478	0.281	палка-ручка-пробка	2.2	0.8	лишайник-жёлтый-на-камне	1.144	76.5	7.0	24.0	25.0	bbox	1477	284.4	284.4	284.4	1889,161,12,16	369.1	39.4859989	73.5857765	4439.5
1479	1479	1.119	предмет-оранжевый	7.6	16.5	лишайник-жёлтый-на-камне	2.313	47.8	13.0	31.0	33.6	bbox	1478	289.4	289.4	292.4	1907,410,8,15	369.1	39.4859981	73.5857750	4439.5
1480	1480	0.400	палка-ручка-контроль	3.0	3.9	лишайник-жёлтый-на-камне	0.995	53.7	6.0	23.0	23.8	bbox	1479	318.4	318.4	318.4	437,256,17,9	369.0	39.4860303	73.5856355	4439.5
1481	1481	1.723	рюкзак-синий	13.6	7.8	порода-в-тени	0.398	31.0	-3.0	-1.0	3.2	bbox	1480	220.3	220.3	220.3	1313,1063,8,17	368.9	39.4859372	73.5857952	4439.5
1482	1482	1.375	стакан-марка-красная	11.0	0.6	снег-розовый	1.011	50.4	0.0	1.0	1.0	bbox	1481	242.3	242.3	242.3	1057,289,8,16	368.7	39.4859093	73.5858007	4439.5
1483	1483	1.001	стакан-марка-красная	8.0	1.4	порода-охристая	0.520	51.2	11.0	9.0	14.2	bbox	1482	151.2	151.2	151.2	315,157,19,10	368.6	39.4859618	73.5857922	4439.5
1484	1484	0.689	палка-ручка-пробка	5.4	4.1	лишайник-жёлтый-на-камне	0.817	79.8	7.0	18.0	19.3	bbox	1483	23.0	23.0	24.0	1859,49,11,20	368.5	39.4862334	73.5854583	4440.9
1485	1485	0.785	палка-ручка-пробка	6.1	5.5	лишайник-жёлтый-на-камне	0.919	81.2	-1.0	22.0	22.0	bbox	1484	249.3	249.3	249.3	37,286,12,31	368.4	39.4859099	73.5858020	4439.5
1486	1486	0.798	палка-ручка-пробка	6.0	7.7	лишайник-жёлтый-на-камне	0.386	68.0	5.0	17.0	17.7	bbox	1485	147.2	147.2	147.2	1193,947,8,18	368.3	39.4859623	73.5857913	4439.5
1487	1487	1.507	стакан-марка-красная	7.8	32.2	порода-в-тени	0.957	17.6	5.0	-4.0	6.4	bbox	1486	82.1	82.1	82.1	273,758,14,15	368.0	39.4862252	73.5854596	4440.9
1488	1488	0.837	палка-ручка-контроль	5.8	11.5	лишайник-жёлтый-на-камне	1.520	46.1	11.0	23.0	25.5	bbox	1487	198.3	197.3	199.3	11,855,22,8	367.5	39.4859532	73.5857876	4439.5
1489	1489	1.110	стакан-марка-красная	5.0	25.7	снег-розовый	0.677	75.5	7.0	4.0	8.1	bbox	1488	256.3	256.3	256.3	419,864,16,17	367.0	39.4859089	73.5858010	4439.5
1490	1490	0.864	стакан-марка-красная	6.7	5.9	снег-в-тени	0.986	43.9	5.0	-2.0	5.4	bbox	1489	52.1	50.1	52.1	1169,161,13,16	366.9	39.4862329	73.5854561	4440.9
1491	1491	1.325	палка-ручка-пробка	10.3	8.6	лишайник-жёлтый-на-камне	0.811	84.3	1.0	13.5	13.5	bbox	1490	192.2	192.2	192.2	641,899,20,26	366.5	39.4859632	73.5857884	4439.5
1492	1492	1.673	палка-ручка-пробка	12.5	16.5	лишайник-жёлтый-на-камне	1.381	92.2	-6.0	17.0	18.0	bbox	1491	344.4	344.4	344.4	273,1063,12,10	366.5	39.4860316	73.5856296	4439.6
1493	1493	1.031	палка-ручка-пробка	8.1	6.1	лишайник-жёлтый-на-камне	1.730	81.8	13.0	24.0	27.3	bbox	1492	147.2	147.2	147.2	1381,3,24,18	366.4	39.4859623	73.5857913	4439.5
1494	1494	1.525	палка-ручка-пробка	11.7	12.6	порода-охристая	1.262	63.1	15.0	17.0	22.7	bbox	1493	87.1	87.1	90.1	961,621,16,16	366.3	39.4862241	73.5854588	4440.9
1495	1495	1.021	палка-ручка-пробка	7.8	8.2	лишайник-жёлтый-на-камне	1.447	83.9	-2.0	26.5	26.6	bbox	1494	239.3	239.3	241.3	353,464,16,9	366.1	39.4859091	73.5857998	4439.5
1496	1496	1.408	стакан-марка-красная	10.8	11.0	корка-жёлтая-на-скале	1.079	38.8	2.0	7.0	7.3	bbox	1495	189.2	189.2	189.2	69,347,11,23	365.3	39.4859635	73.5857888	4439.5
1497	1497	1.249	палка-ручка-пробка	8.1	20.6	лишайник-жёлтый-на-камне	0.858	55.1	8.0	15.5	17.4	bbox	1496	197.3	197.3	197.3	0,723,11,16	365.3	39.4859598	73.5857879	4439.5
1498	1498	0.937	стакан-марка-красная	5.8	16.5	порода-охристая	0.751	33.3	14.0	6.0	15.2	bbox	1497	259.3	259.3	259.3	1905,99,8,18	365.0	39.4859081	73.5858006	4439.5
1499	1499	1.275	палка-ручка-пробка	9.5	13.2	лишайник-жёлтый-на-камне	0.845	62.5	8.0	14.0	16.1	bbox	1498	286.4	286.4	287.4	1874,849,18,16	365.0	39.4859986	73.5857757	4439.5
1500	1500	0.657	стакан-марка-красная	5.0	5.7	порода-охристая	0.658	44.1	11.0	6.0	12.5	bbox	1499	224.3	224.3	224.3	199,977,10,12	364.9	39.4859380	73.5857959	4439.5
1501	1501	1.389	палка-ручка-пробка	11.0	4.3	лишайник-жёлтый-на-камне	1.198	71.4	-6.0	22.0	22.8	bbox	1500	295.4	295.4	295.4	1635,521,18,12	364.7	39.4859966	73.5857742	4439.5
1502	1502	1.239	палка-ручка-пробка	9.5	10.0	лишайник-жёлтый-на-камне	0.839	65.7	8.0	14.0	16.1	bbox	1501	185.2	185.2	185.2	1593,127,12,20	364.6	39.4859636	73.5857883	4439.5
1503	1503	1.833	стакан-марка-красная	13.9	16.1	снег-розовый	0.822	65.9	-2.0	6.0	6.3	bbox	1502	317.4	311.4	319.4	472,669,9,16	364.5	39.4860227	73.5856620	4439.5
1504	1504	1.444	стакан-марка-красная	11.4	6.5	снег-розовый	0.840	56.3	0.0	4.0	4.0	bbox	1503	195.3	195.3	195.3	329,621,14,20	364.4	39.4859635	73.5857880	4439.5
1505	1505	1.691	стакан-марка-красная	13.5	4.5	порода-охристая	0.627	45.3	14.5	14.0	20.2	bbox	1504	211.3	211.3	211.3	1779,589,12,16	364.3	39.4859364	73.5857951	4439.5
1506	1506	1.938	стакан-марка-красная	15.2	10.2	снег-розовый	1.085	60.0	-3.0	7.0	7.6	bbox	1505	268.3	264.3	269.3	59,929,6,21	364.3	39.4860009	73.5857768	4439.5
1507	1507	1.307	стакан-марка-красная	7.3	26.3	снег-розовый	1.154	76.1	9.0	8.0	12.0	bbox	1506	336.4	335.4	337.4	1585,498,22,15	364.2	39.4860323	73.5856296	4439.6
1508	1508	1.559	палка-ручка-пробка	11.8	14.1	корка-жёлтая-на-скале	0.583	61.6	-2.0	13.5	13.6	bbox	1507	205.3	205.3	205.3	25,245,24,12	364.1	39.4859379	73.5857891	4439.5
1509	1509	0.395	палка-ручка-контроль	3.2	0.1	лишайник-жёлтый-на-камне	1.018	57.5	7.0	23.0	24.0	bbox	1508	83.1	83.1	83.1	149,881,12,20	363.6	39.4862250	73.5854593	4440.9
1510	1510	1.003	стакан-марка-красная	3.6	25.1	порода-охристая	1.175	24.7	8.0	3.0	8.5	bbox	1509	168.2	164.2	168.2	1857,407,26,8	363.6	39.4859631	73.5857891	4439.5
1511	1511	1.541	стакан-марка-красная	7.6	33.9	снег-розовый	1.083	83.7	8.0	8.0	11.3	bbox	1510	196.3	196.3	196.3	1844,177,14,17	363.6	39.4859631	73.5857882	4439.5
1512	1512	1.618	стакан-марка-красная	6.1	40.0	порода-в-тени	0.961	9.8	5.0	0.0	5.0	bbox	1511	36.0	36.0	37.0	129,329,15,14	363.5	39.4862336	73.5854576	4440.9
1513	1513	1.464	палка-ручка-контроль	11.4	9.4	порода-охристая	0.865	48.2	13.0	17.0	21.4	bbox	1512	45.1	42.1	47.1	787,825,11,14	363.0	39.4862328	73.5854569	4440.9
1514	1514	1.646	палка-ручка-пробка	12.2	17.3	корка-жёлтая-на-скале	0.742	58.4	-5.0	16.0	16.8	bbox	1513	205.3	205.3	205.3	65,185,16,14	363.0	39.4859379	73.5857891	4439.5
1515	1515	0.307	палка-ручка-контроль	2.2	3.6	лишайник-жёлтый-на-камне	1.466	61.2	8.0	27.0	28.2	bbox	1514	240.3	240.3	240.3	172,737,23,12	362.9	39.4859091	73.5857999	4439.5
1516	1516	0.779	палка-ручка-пробка	6.1	4.7	лишайник-жёлтый-на-камне	1.090	80.4	-1.0	24.0	24.0	bbox	1515	262.3	262.3	262.3	1655,1025,10,10	361.6	39.4859085	73.5858005	4439.5
1517	1517	1.195	палка-ручка-контроль	9.5	4.1	порода-охристая	1.671	53.5	15.0	23.0	27.5	bbox	1516	257.3	257.3	257.3	311,45,12,12	361.4	39.4859088	73.5858009	4439.5
1518	1518	1.789	палка-ручка-пробка	12.0	27.1	корка-жёлтая-на-скале	0.501	48.6	-4.0	15.0	15.5	bbox	1517	224.3	223.3	224.3	1657,232,20,13	361.2	39.4859380	73.5857959	4439.5
1519	1519	1.644	стакан-марка-красная	13.0	6.1	порода-охристая	0.439	43.7	12.0	14.0	18.4	bbox	1518	70.1	70.1	73.1	1146,135,19,16	361.0	39.4862286	73.5854588	4440.9
1520	1520	1.933	палка-ручка-пробка	15.3	8.6	корка-жёлтая-на-скале	1.214	67.1	-8.0	15.0	17.0	bbox	1519	207.3	207.3	207.3	83,357,14,12	360.9	39.4859364	73.5857938	4439.5
1521	1521	1.244	палка-ручка-контроль	9.5	10.5	порода-охристая	1.611	47.1	15.0	23.0	27.5	bbox	1520	239.3	239.3	239.3	1043,515,8,20	360.8	39.4859091	73.5857998	4439.5
1522	1522	1.439	стакан-марка-красная	11.2	9.6	порода-в-тени	0.750	40.2	0.0	-1.0	1.0	bbox	1521	6.0	4.0	6.0	1717,705,14,20	360.5	39.4862326	73.5854588	4440.9
1523	1523	0.547	палка-ручка-пробка	3.0	11.0	лишайник-жёлтый-на-камне	0.813	64.7	2.0	23.5	23.6	bbox	1522	176.2	176.2	178.2	1830,127,17,10	359.9	39.4859635	73.5857881	4439.5
1524	1524	0.597	стакан-марка-красная	4.5	5.9	снег-в-тени	1.245	43.9	7.0	-1.0	7.1	bbox	1523	18.0	11.0	21.0	969,423,8,18	359.8	39.4862337	73.5854586	4440.9
1525	1525	1.860	стакан-марка-красная	12.2	30.0	порода-в-тени	0.516	19.8	-1.0	3.0	3.2	bbox	1524	83.1	83.1	83.1	1181,739,15,14	359.3	39.4862250	73.5854593	4440.9
1526	1526	1.443	палка-ручка-пробка	11.3	8.1	порода-охристая	1.185	67.6	13.0	15.0	19.8	bbox	1525	348.4	348.4	348.4	71,75,10,13	359.2	39.4860309	73.5856298	4439.6
1527	1527	1.835	палка-ручка-контроль	14.2	12.9	порода-охристая	1.084	44.7	17.0	17.0	24.0	bbox	1526	95.1	91.1	100.1	1243,586,10,14	358.8	39.4862229	73.5854593	4440.9
1528	1528	2.181	палка-ручка-пробка	17.0	13.7	снег-розовый	1.064	89.4	-3.0	8.0	8.5	bbox	1527	59.1	59.1	59.1	1703,817,11,14	358.7	39.4862316	73.5854573	4440.9
1529	1529	1.588	палка-ручка-пробка	9.9	27.9	корка-жёлтая-на-скале	0.280	47.8	-2.0	16.0	16.1	bbox	1528	261.3	261.3	261.3	179,609,10,14	358.4	39.4859083	73.5858006	4439.5
1530	1530	0.997	палка-ручка-пробка	7.3	11.4	лишайник-жёлтый-на-камне	0.182	64.3	3.0	16.0	16.3	bbox	1529	164.2	163.2	164.2	1393,151,11,17	357.9	39.4859635	73.5857904	4439.5
1531	1531	1.165	стакан-марка-красная	9.2	4.7	порода-охристая	0.872	45.1	5.0	8.0	9.4	bbox	1530	217.3	211.3	218.3	367,965,12,16	357.7	39.4859374	73.5857951	4439.5
1532	1532	0.553	палка-ручка-пробка	3.8	7.9	лишайник-жёлтый-на-камне	0.943	67.8	1.5	24.5	24.5	bbox	1531	216.3	213.3	216.3	260,1065,11,12	357.0	39.4859375	73.5857950	4439.5
1533	1533	1.537	палка-ручка-пробка	11.0	19.2	лишайник-жёлтый-на-камне	1.633	94.9	-6.0	23.0	23.8	bbox	1532	251.3	251.3	251.3	1760,169,17,10	356.7	39.4859096	73.5858023	4439.5
1534	1534	1.684	стакан-марка-красная	13.4	4.3	корка-жёлтая-на-скале	1.033	54.1	-1.0	7.0	7.1	bbox	1533	291.4	291.4	291.4	665,313,16,6	356.5	39.4859980	73.5857746	4439.5
1535	1535	0.379	палка-ручка-контроль	3.0	1.6	лишайник-жёлтый-на-камне	1.597	59.2	6.0	29.0	29.6	bbox	1534	239.3	239.3	239.3	569,443,12,12	356.4	39.4859091	73.5857998	4439.5
1536	1536	1.086	палка-ручка-пробка	6.0	22.0	лишайник-жёлтый-на-камне	0.563	53.7	5.0	17.0	17.7	bbox	1535	189.2	189.2	189.2	0,185,27,15	354.6	39.4859635	73.5857888	4439.5
1537	1537	1.012	предмет-оранжевый	7.8	7.4	лишайник-жёлтый-на-камне	2.151	56.9	15.0	28.0	31.8	bbox	1536	310.4	310.4	310.4	1395,1013,10,26	354.5	39.4859957	73.5857766	4439.6
1538	1538	0.944	палка-ручка-пробка	6.7	12.2	лишайник-жёлтый-на-камне	0.535	63.5	-1.0	20.0	20.0	bbox	1537	328.4	328.4	328.4	1474,473,11,22	354.3	39.4860310	73.5856305	4439.6
1539	1539	0.841	палка-ручка-контроль	6.7	0.0	лишайник-жёлтый-на-камне	1.289	57.6	11.0	21.5	24.2	bbox	1538	276.4	276.4	276.4	29,701,12,16	353.6	39.4859994	73.5857769	4439.5
1540	1540	0.918	палка-ручка-контроль	7.3	3.5	лишайник-жёлтый-на-камне	1.680	54.1	13.0	24.0	27.3	bbox	1539	260.3	260.3	260.3	272,20,18,16	353.4	39.4859081	73.5858006	4439.5
1541	1541	1.651	палка-ручка-контроль	12.0	19.0	корка-жёлтая-на-скале	0.482	38.6	-2.0	17.0	17.1	bbox	1540	304.4	304.4	304.4	1669,617,14,12	353.2	39.4859966	73.5857761	4439.5
1542	1542	1.354	стакан-марка-красная	10.6	7.8	порода-охристая	0.456	42.0	14.5	11.0	18.2	bbox	1541	306.4	306.4	306.4	65,862,10,15	353.2	39.4859969	73.5857760	4439.5
1543	1543	1.540	стакан-марка-красная	11.7	13.9	лишайник-жёлтый-на-камне	0.841	63.7	5.0	11.0	12.1	bbox	1542	331.4	331.4	331.4	107,1037,14,14	353.0	39.4860306	73.5856305	4439.6
1544	1544	1.431	палка-ручка-контроль	11.4	3.5	порода-охристая	1.769	54.1	17.0	23.0	28.6	bbox	1543	25.0	25.0	34.0	1404,180,10,28	352.8	39.4862334	73.5854584	4440.9
1545	1545	1.674	стакан-марка-красная	7.1	39.8	порода-охристая	1.749	10.0	18.0	2.0	18.1	bbox	1544	64.1	62.1	64.1	5,317,10,16	352.7	39.4862304	73.5854582	4440.9
1546	1546	0.625	палка-ручка-пробка	5.0	0.0	лишайник-жёлтый-на-камне	0.537	75.7	1.0	20.0	20.0	bbox	1545	200.3	196.3	200.3	0,93,12,20	352.5	39.4859445	73.5857873	4439.5
1547	1547	1.468	палка-ручка-пробка	10.4	18.8	корка-жёлтая-на-скале	0.941	56.9	-5.0	20.0	20.6	bbox	1546	292.4	292.4	292.4	1885,973,9,12	352.3	39.4859976	73.5857746	4439.5
1548	1548	1.577	палка-ручка-контроль	12.2	11.1	порода-охристая	0.732	46.5	13.0	16.0	20.6	bbox	1547	47.1	47.1	49.1	5,569,12,12	352.2	39.4862326	73.5854565	4440.9
1549	1549	1.625	палка-ручка-контроль	12.1	16.8	порода-охристая	0.507	40.8	11.0	15.0	18.6	bbox	1548	98.1	98.1	100.1	1749,788,18,13	352.0	39.4862226	73.5854596	4440.9
1550	1550	0.449	палка-ручка-контроль	2.2	9.9	лишайник-жёлтый-на-камне	1.252	67.5	8.0	25.0	26.2	bbox	1549	218.3	218.3	218.3	257,29,10,10	351.9	39.4859374	73.5857951	4439.5
1551	1551	0.688	палка-ручка-пробка	5.0	7.8	лишайник-жёлтый-на-камне	1.374	83.5	10.0	22.5	24.6	bbox	1550	195.3	195.3	195.3	1801,311,16,10	351.8	39.4859635	73.5857880	4439.5
1552	1552	1.419	палка-ручка-контроль	8.9	24.5	порода-охристая	1.438	33.1	14.0	22.0	26.1	bbox	1551	238.3	238.3	238.3	23,411,9,16	351.8	39.4859089	73.5857998	4439.5
1553	1553	0.917	палка-ручка-пробка	7.3	3.2	лишайник-жёлтый-на-камне	0.685	72.5	7.0	16.0	17.5	bbox	1552	197.3	197.3	197.3	99,939,14,22	351.7	39.4859598	73.5857879	4439.5
1554	1554	1.707	палка-ручка-пробка	12.0	22.6	корка-жёлтая-на-скале	0.535	53.1	-4.0	15.0	15.5	bbox	1553	275.4	272.4	275.4	353,987,12,10	351.5	39.4859992	73.5857767	4439.5
1555	1555	1.748	стакан-марка-красная	11.2	29.4	порода-в-тени	0.250	20.4	0.0	-1.0	1.0	bbox	1554	186.2	186.2	186.2	859,41,14,10	351.4	39.4859637	73.5857883	4439.5
1556	1556	1.933	стакан-марка-красная	14.8	16.1	снег-розовый	0.994	65.9	-2.0	8.0	8.2	bbox	1555	18.0	18.0	18.0	1587,947,18,14	350.0	39.4862337	73.5854586	4440.9
1557	1557	0.904	палка-ручка-пробка	7.1	5.3	лишайник-жёлтый-на-камне	0.330	70.4	4.0	16.0	16.5	bbox	1556	244.3	244.3	244.3	1653,1057,8,23	350.0	39.4859095	73.5858011	4439.5
1558	1558	1.914	рюкзак-синий	13.2	27.4	порода-в-тени	0.346	11.4	-1.0	-1.0	1.4	bbox	1557	204.3	204.3	204.3	873,52,15,21	349.8	39.4859388	73.5857879	4439.5
1559	1559	1.243	палка-ручка-контроль	5.8	28.2	порода-охристая	1.534	29.4	11.0	23.0	25.5	bbox	1558	285.4	285.4	285.4	1439,909,22,6	349.8	39.4859988	73.5857760	4439.5
1560	1560	1.612	стакан-марка-красная	8.2	34.7	снег-розовый	1.262	84.5	9.0	9.0	12.7	bbox	1559	338.4	335.4	339.4	575,395,10,15	349.7	39.4860319	73.5856296	4439.6
1561	1561	1.404	стакан-марка-красная	10.2	16.5	снег-розовый	0.566	66.3	1.0	-1.0	1.4	bbox	1560	116.1	116.1	116.1	1905,145,12,10	349.6	39.4862241	73.5854633	4440.9
1562	1562	1.980	палка-ручка-пробка	15.7	8.4	снег-розовый	1.034	84.1	-2.0	9.0	9.2	bbox	1561	277.4	277.4	277.4	1737,873,14,28	349.6	39.4859996	73.5857774	4439.5
1563	1563	0.998	стакан-марка-красная	2.0	27.1	порода-охристая	1.392	22.7	9.0	1.0	9.1	bbox	1562	310.4	310.4	310.4	1481,23,24,6	349.6	39.4859957	73.5857766	4439.6
1564	1564	0.877	палка-ручка-пробка	5.1	16.9	лишайник-жёлтый-на-камне	0.367	58.8	4.0	18.0	18.4	bbox	1563	212.3	212.3	213.3	481,979,16,18	349.4	39.4859367	73.5857952	4439.5
1565	1565	1.214	палка-ручка-пробка	9.4	8.1	лишайник-жёлтый-на-камне	1.034	67.6	10.0	15.0	18.0	bbox	1564	128.2	128.2	128.2	127,397,10,18	349.2	39.4862260	73.5854623	4440.9
1566	1566	0.737	палка-ручка-контроль	5.8	3.1	лишайник-жёлтый-на-камне	1.082	54.5	9.0	21.0	22.8	bbox	1565	226.3	225.3	236.3	1337,279,14,14	349.2	39.4859384	73.5857959	4439.5
1567	1567	1.324	стакан-марка-красная	10.2	10.0	порода-в-тени	0.788	39.8	1.0	-1.0	1.4	bbox	1566	101.1	101.1	101.1	99,161,14,11	349.1	39.4862222	73.5854602	4440.9
1568	1568	1.080	стакан-марка-красная	6.0	21.8	снег-розовый	0.450	71.6	5.0	1.0	5.1	bbox	1567	331.4	331.4	331.4	191,569,14,16	349.1	39.4860306	73.5856305	4439.6
1569	1569	1.005	стакан-марка-красная	2.0	27.3	порода-охристая	1.603	22.5	11.0	-1.0	11.0	bbox	1568	38.0	38.0	44.1	53,23,12,10	349.0	39.4862336	73.5854573	4440.9
1570	1570	0.520	палка-ручка-контроль	4.1	2.0	лишайник-жёлтый-на-камне	1.615	59.6	10.0	27.0	28.8	bbox	1569	255.3	255.3	255.3	189,87,16,9	349.0	39.4859090	73.5858011	4439.5
1571	1571	1.066	стакан-марка-красная	3.6	27.1	снег-розовый	0.839	76.9	8.0	-1.0	8.1	bbox	1570	82.1	82.1	82.1	22,603,10,22	348.9	39.4862252	73.5854596	4440.9
1572	1572	1.658	стакан-марка-красная	11.0	25.7	порода-в-тени	0.309	24.1	0.0	0.0	0.0	bbox	1571	94.1	94.1	94.1	1873,953,20,8	348.8	39.4862228	73.5854593	4440.9
1573	1573	1.338	рюкзак-синий	9.1	20.0	порода-в-тени	0.562	18.8	0.0	-5.0	5.0	bbox	1572	97.1	93.1	100.1	952,913,17,11	348.6	39.4862225	73.5854594	4440.9
1574	1574	1.854	стакан-марка-красная	14.8	4.9	корка-жёлтая-на-скале	0.943	54.7	-2.0	8.0	8.2	bbox	1573	147.2	147.2	151.2	1174,480,7,16	348.6	39.4859623	73.5857913	4439.5
1575	1575	1.815	палка-ручка-пробка	13.2	21.6	лишайник-жёлтый-на-камне	1.962	97.3	-8.0	25.0	26.2	bbox	1574	242.3	242.3	244.3	1859,677,14,10	348.6	39.4859093	73.5858007	4439.5
1576	1576	1.171	палка-ручка-пробка	8.6	13.0	порода-охристая	1.240	62.7	12.0	18.0	21.6	bbox	1575	100.1	100.1	100.1	1726,1066,17,14	348.3	39.4862224	73.5854598	4440.9
1577	1577	1.574	стакан-марка-красная	12.4	8.2	снег-розовый	0.831	58.0	-1.0	4.0	4.1	bbox	1576	321.4	319.4	321.4	0,563,16,14	348.3	39.4860312	73.5856303	4439.5
1578	1578	0.816	стакан-марка-красная	2.0	21.8	порода-охристая	1.066	28.0	11.0	3.0	11.4	bbox	1577	256.3	256.3	256.3	1891,101,14,12	348.2	39.4859089	73.5858010	4439.5
1579	1579	1.524	стакан-марка-красная	12.2	2.7	снег-в-тени	0.884	47.1	-1.0	-1.0	1.4	bbox	1578	199.3	196.3	199.3	309,149,18,8	348.0	39.4859488	73.5857875	4439.5
1580	1580	0.404	предмет-оранжевый	2.8	5.5	лишайник-жёлтый-на-камне	2.752	58.8	18.0	32.0	36.7	bbox	1579	6.0	6.0	8.0	67,0,6,18	347.7	39.4862326	73.5854588	4440.9
1581	1581	1.428	палка-ручка-контроль	10.8	12.9	корка-жёлтая-на-скале	0.737	44.7	-3.0	20.0	20.2	bbox	1580	248.3	248.3	248.3	27,909,10,14	347.5	39.4859098	73.5858019	4439.5
1582	1582	2.182	стакан-марка-красная	11.0	47.4	порода-в-тени	0.735	2.4	0.0	1.0	1.0	bbox	1581	272.4	272.4	272.4	173,867,4,30	347.1	39.4860003	73.5857769	4439.5
1583	1583	2.090	стакан-марка-красная	11.0	43.9	порода-в-тени	0.687	5.9	0.0	2.0	2.0	bbox	1582	224.3	224.3	224.3	1182,1041,19,8	346.6	39.4859380	73.5857959	4439.5
1584	1584	0.513	предмет-оранжевый	3.0	9.8	лишайник-жёлтый-на-камне	2.867	74.1	20.0	31.0	36.9	bbox	1583	51.1	51.1	53.1	541,201,12,14	346.4	39.4862328	73.5854564	4440.9
1585	1585	1.898	палка-ручка-пробка	12.0	32.4	корка-жёлтая-на-скале	0.426	43.3	-3.0	14.0	14.3	bbox	1584	298.4	298.4	298.4	1726,165,13,28	345.7	39.4859964	73.5857744	4439.5
1586	1586	1.191	предмет-оранжевый	5.7	26.8	порода-охристая	2.456	37.5	16.0	30.0	34.0	bbox	1585	300.4	300.4	300.4	1143,457,8,14	345.5	39.4859966	73.5857753	4439.5
1587	1587	0.570	палка-ручка-пробка	4.1	6.8	лишайник-жёлтый-на-камне	1.413	82.5	4.0	27.0	27.3	bbox	1586	249.3	249.3	249.3	5,401,6,24	344.9	39.4859099	73.5858020	4439.5
1588	1588	1.393	стакан-марка-красная	11.0	6.3	порода-в-тени	0.899	43.5	0.0	1.0	1.0	bbox	1587	252.3	252.3	252.3	1078,613,11,20	344.4	39.4859095	73.5858021	4439.5
1589	1589	1.896	палка-ручка-пробка	11.7	33.9	корка-жёлтая-на-скале	0.353	41.8	-1.0	13.0	13.0	bbox	1588	323.4	323.4	323.4	1673,937,13,14	344.0	39.4860310	73.5856301	4439.5
1590	1590	1.622	стакан-марка-красная	9.2	32.0	порода-в-тени	0.508	17.8	2.0	-1.0	2.2	bbox	1589	278.4	278.4	278.4	929,414,10,19	343.8	39.4859996	73.5857780	4439.5
1591	1591	1.174	стакан-марка-красная	4.3	29.2	порода-охристая	1.078	20.6	8.5	4.5	9.6	bbox	1590	261.3	261.3	261.3	0,105,11,16	343.7	39.4859083	73.5858006	4439.5
1592	1592	1.338	палка-ручка-пробка	10.6	4.3	лишайник-жёлтый-на-камне	0.762	80.0	-2.0	15.0	15.1	bbox	1591	8.0	6.0	10.0	547,827,12,12	343.3	39.4862328	73.5854586	4440.9
1593	1593	1.277	стакан-марка-красная	10.2	2.0	снег-в-тени	0.884	47.8	1.0	-1.0	1.4	bbox	1592	135.2	132.2	135.2	1227,1072,14,8	343.1	39.4862226	73.5854620	4440.9
1594	1594	0.883	стакан-марка-красная	5.0	17.5	снег-розовый	0.768	67.3	7.0	4.0	8.1	bbox	1593	271.3	271.3	271.3	74,981,7,26	343.1	39.4860007	73.5857770	4439.5
1595	1595	1.697	палка-ручка-контроль	13.0	13.3	корка-жёлтая-на-скале	0.810	44.3	-5.0	19.0	19.6	bbox	1594	249.3	249.3	249.3	145,33,12,10	342.5	39.4859099	73.5858020	4439.5
1596	1596	1.313	палка-ручка-контроль	10.3	7.3	лишайник-жёлтый-на-камне	1.858	64.9	-3.0	31.0	31.1	bbox	1595	310.4	310.4	313.4	163,302,8,27	342.4	39.4859957	73.5857766	4439.6
1597	1597	0.904	палка-ручка-контроль	7.2	1.8	лишайник-жёлтый-на-камне	2.136	59.4	10.0	32.0	33.5	bbox	1596	294.4	294.4	294.4	1761,885,14,8	342.3	39.4859967	73.5857742	4439.5
1598	1598	0.964	стакан-марка-красная	7.6	3.9	порода-охристая	0.716	45.9	7.0	7.5	10.3	bbox	1597	322.4	322.4	322.4	683,641,10,16	341.7	39.4860309	73.5856302	4439.5
1599	1599	1.374	стакан-марка-красная	5.4	33.5	порода-в-тени	1.433	16.3	9.0	-4.0	9.8	bbox	1598	275.4	275.4	275.4	1789,95,28,6	341.6	39.4859992	73.5857767	4439.5
1600	1600	0.872	палка-ручка-пробка	6.7	6.7	лишайник-жёлтый-на-камне	0.760	69.0	8.0	17.0	18.8	bbox	1599	340.4	340.4	341.4	1003,737,19,8	341.6	39.4860316	73.5856298	4439.6
1601	1601	1.283	палка-ручка-пробка	8.9	17.6	лишайник-жёлтый-на-камне	1.715	93.3	-3.0	27.0	27.2	bbox	1600	246.3	246.3	246.3	1786,488,16,9	341.5	39.4859098	73.5858015	4439.5
1602	1602	0.560	палка-ручка-контроль	4.5	0.9	лишайник-жёлтый-на-камне	1.366	56.7	10.0	24.0	26.0	bbox	1601	318.4	317.4	318.4	1771,147,6,20	341.4	39.4860303	73.5856355	4439.5
1603	1603	1.662	палка-ручка-пробка	12.4	17.0	лишайник-жёлтый-на-камне	1.534	92.7	-7.0	20.0	21.2	bbox	1602	210.3	207.3	210.3	3,1033,11,16	341.3	39.4859363	73.5857951	4439.5
1604	1604	0.671	палка-ручка-контроль	5.1	5.8	лишайник-жёлтый-на-камне	1.922	51.8	7.0	31.0	31.8	bbox	1603	298.4	298.4	299.4	1298,369,23,12	341.1	39.4859964	73.5857744	4439.5
1605	1605	1.153	рюкзак-синий	9.2	0.6	снег-в-тени	0.496	39.4	-1.0	-5.0	5.1	bbox	1604	97.1	92.1	99.1	1099,817,21,8	340.8	39.4862225	73.5854594	4440.9
1606	1606	1.836	стакан-марка-красная	11.2	33.3	снег-освещённый	0.195	83.1	0.0	-1.0	1.0	bbox	1605	132.2	131.2	132.2	1591,97,12,9	340.7	39.4862273	73.5854630	4440.9
1607	1607	1.206	стакан-марка-красная	9.0	12.2	снег-розовый	0.572	62.0	2.0	1.0	2.2	bbox	1606	229.3	229.3	233.3	103,321,14,12	340.6	39.4859386	73.5857961	4439.5
1608	1608	1.864	палка-ручка-контроль	13.5	22.5	порода-охристая	0.809	35.1	15.0	16.0	21.9	bbox	1607	168.2	168.2	168.2	1913,201,7,16	340.5	39.4859631	73.5857891	4439.5
1609	1609	1.640	палка-ручка-контроль	11.4	22.7	порода-охристая	1.125	34.9	15.0	19.0	24.2	bbox	1608	259.3	258.3	259.3	1581,185,12,16	340.4	39.4859081	73.5858006	4439.5
1610	1610	1.573	стакан-марка-красная	11.2	20.2	снег-освещённый	0.424	70.0	0.0	-1.0	1.0	bbox	1609	155.2	155.2	155.2	1897,160,20,9	340.3	39.4859618	73.5857911	4439.5
1611	1611	1.742	стакан-марка-красная	13.9	2.0	корка-жёлтая-на-скале	1.152	47.8	-2.0	6.0	6.3	bbox	1610	258.3	258.3	258.3	899,481,8,14	340.2	39.4859084	73.5858008	4439.5
1612	1612	1.535	стакан-марка-красная	12.2	5.9	снег-розовый	0.877	55.7	-1.0	3.0	3.2	bbox	1611	238.3	236.3	238.3	1644,365,7,36	340.1	39.4859089	73.5857998	4439.5
1613	1613	0.953	палка-ручка-пробка	7.6	1.2	лишайник-жёлтый-на-камне	0.862	76.9	8.0	16.0	17.9	bbox	1612	81.1	81.1	81.1	1257,765,13,11	340.0	39.4862252	73.5854596	4440.9
1614	1614	2.064	стакан-марка-красная	14.8	25.9	снег-розовый	0.904	75.7	-2.0	8.0	8.2	bbox	1613	110.1	110.1	110.1	1813,817,10,14	339.8	39.4862227	73.5854627	4440.9
1615	1615	1.660	стакан-марка-красная	10.0	30.4	снег-освещённый	0.251	80.2	1.0	0.0	1.0	bbox	1614	149.2	149.2	149.2	251,505,16,10	339.8	39.4859620	73.5857928	4439.5
1616	1616	1.068	палка-ручка-контроль	8.5	0.7	порода-охристая	1.681	56.9	14.0	23.0	26.9	bbox	1615	271.3	271.3	271.3	1633,27,12,24	339.7	39.4860007	73.5857770	4439.5
1617	1617	0.813	стакан-марка-красная	6.4	3.9	порода-охристая	0.844	45.9	7.0	6.0	9.2	bbox	1616	64.1	64.1	64.1	1747,984,15,13	339.6	39.4862304	73.5854582	4440.9
1618	1618	1.172	палка-ручка-пробка	9.2	5.9	лишайник-жёлтый-на-камне	1.589	69.8	14.0	21.0	25.2	bbox	1617	261.3	261.3	261.3	585,109,12,12	339.5	39.4859083	73.5858006	4439.5
1619	1619	1.955	стакан-марка-красная	14.8	18.0	снег-розовый	0.966	67.8	-2.0	8.0	8.2	bbox	1618	57.1	56.1	58.1	1901,1035,19,6	339.3	39.4862321	73.5854570	4440.9
1620	1620	1.874	стакан-марка-красная	14.4	14.3	корка-жёлтая-на-скале	0.958	64.1	-1.0	9.0	9.1	bbox	1619	74.1	74.1	74.1	91,468,12,13	339.3	39.4862273	73.5854591	4440.9
1621	1621	1.209	палка-ручка-контроль	9.4	7.4	порода-охристая	1.371	50.2	14.0	21.0	25.2	bbox	1620	271.3	271.3	274.4	7,425,14,12	339.1	39.4860007	73.5857770	4439.5
1622	1622	1.969	палка-ручка-контроль	14.1	24.3	порода-охристая	0.902	33.3	16.0	16.0	22.6	bbox	1621	70.1	70.1	70.1	79,17,25,7	339.0	39.4862286	73.5854588	4440.9
1623	1623	1.587	стакан-марка-красная	12.6	3.9	порода-охристая	0.620	45.9	15.0	13.0	19.8	bbox	1622	156.2	156.2	156.2	1003,259,22,8	339.0	39.4859620	73.5857912	4439.5
1624	1624	0.967	палка-ручка-пробка	7.1	11.0	лишайник-жёлтый-на-камне	1.260	86.7	-2.0	24.0	24.1	bbox	1623	255.3	255.3	255.3	27,95,14,16	339.0	39.4859090	73.5858011	4439.5
1625	1625	1.598	палка-ручка-пробка	12.5	8.8	лишайник-жёлтый-на-камне	1.001	66.9	-6.0	17.0	18.0	bbox	1624	299.4	296.4	299.4	1889,721,10,12	338.9	39.4859965	73.5857748	4439.5
1626	1626	1.081	палка-ручка-пробка	8.0	11.4	лишайник-жёлтый-на-камне	0.930	64.3	-3.0	22.5	22.7	bbox	1625	82.1	82.1	83.1	49,947,7,16	338.6	39.4862252	73.5854596	4440.9
1627	1627	1.830	стакан-марка-красная	10.0	37.3	порода-в-тени	0.485	12.5	1.0	0.0	1.0	bbox	1626	258.3	258.3	258.3	979,1042,14,14	338.4	39.4859084	73.5858008	4439.5
1628	1628	0.638	стакан-марка-красная	5.0	3.5	порода-охристая	0.884	46.3	8.0	5.0	9.4	bbox	1627	135.2	131.2	135.2	1629,232,11,13	337.8	39.4862226	73.5854620	4440.9
1629	1629	0.790	палка-ручка-пробка	5.4	11.6	лишайник-жёлтый-на-камне	0.639	64.1	7.0	18.0	19.3	bbox	1628	76.1	76.1	77.1	1909,353,11,10	337.5	39.4862266	73.5854594	4440.9
1630	1630	1.308	стакан-марка-красная	10.0	10.2	порода-охристая	0.781	60.0	12.0	11.0	16.3	bbox	1629	130.2	130.2	130.2	1017,710,10,15	337.3	39.4862267	73.5854625	4440.9
1631	1631	1.861	палка-ручка-пробка	14.1	16.3	снег-розовый	1.022	92.0	3.0	9.0	9.5	bbox	1630	63.1	63.1	63.1	1421,394,16,13	337.2	39.4862309	73.5854578	4440.9
1632	1632	2.153	стакан-марка-красная	11.0	46.3	порода-в-тени	0.752	3.5	0.0	2.0	2.0	bbox	1631	262.3	262.3	262.3	1339,945,12,16	337.1	39.4859085	73.5858005	4439.5
1633	1633	1.834	палка-ручка-пробка	14.4	9.4	порода-охристая	1.343	66.3	17.0	15.0	22.7	bbox	1632	62.1	62.1	62.1	793,904,15,9	337.0	39.4862310	73.5854577	4440.9
1634	1634	2.147	палка-ручка-пробка	16.6	16.1	снег-розовый	1.034	91.8	-2.0	8.0	8.2	bbox	1633	114.1	114.1	118.2	97,561,16,6	336.9	39.4862238	73.5854635	4440.9
1635	1635	1.414	стакан-марка-красная	11.0	9.2	порода-охристая	0.147	40.6	11.0	12.0	16.3	bbox	1634	149.2	149.2	149.2	455,23,24,16	336.8	39.4859620	73.5857928	4439.5
1636	1636	0.976	стакан-марка-красная	7.8	0.0	порода-охристая	0.898	49.8	6.0	7.0	9.2	bbox	1635	229.3	229.3	229.3	801,209,14,8	336.5	39.4859386	73.5857961	4439.5
1637	1637	0.967	стакан-марка-красная	3.2	24.7	порода-в-тени	1.267	25.1	8.0	0.0	8.0	bbox	1636	168.2	168.2	170.2	1377,41,15,11	336.4	39.4859631	73.5857891	4439.5
1638	1638	1.707	стакан-марка-красная	11.2	27.4	порода-в-тени	0.260	22.4	0.0	-1.0	1.0	bbox	1637	149.2	149.2	149.2	439,195,8,14	336.2	39.4859620	73.5857928	4439.5
1639	1639	0.852	палка-ручка-контроль	6.7	4.3	лишайник-жёлтый-на-камне	1.521	53.3	12.0	23.0	25.9	bbox	1638	195.3	195.3	195.3	49,977,10,12	336.2	39.4859635	73.5857880	4439.5
1640	1640	0.991	стакан-марка-красная	3.6	24.7	порода-охристая	1.169	25.1	8.0	3.0	8.5	bbox	1639	234.3	234.3	234.3	691,459,30,7	336.1	39.4859130	73.5857984	4439.5
1641	1641	0.509	палка-ручка-пробка	3.0	9.6	лишайник-жёлтый-на-камне	1.061	66.1	8.0	23.0	24.4	bbox	1640	186.2	186.2	186.2	1857,31,16,12	336.0	39.4859637	73.5857883	4439.5
1642	1642	0.641	палка-ручка-контроль	5.0	3.6	лишайник-жёлтый-на-камне	1.845	61.2	6.5	31.0	31.7	bbox	1641	299.4	299.4	299.4	1013,64,20,9	336.0	39.4859965	73.5857748	4439.5
1643	1643	0.752	стакан-марка-красная	5.9	4.9	снег-розовый	1.000	54.7	5.5	-1.0	5.6	bbox	1642	84.1	84.1	84.1	41,462,10,19	335.8	39.4862247	73.5854591	4440.9
1644	1644	0.650	стакан-марка-красная	5.1	3.5	снег-розовый	1.031	53.3	6.0	0.0	6.0	bbox	1643	39.1	38.0	41.1	517,410,8,15	335.4	39.4862335	73.5854574	4440.9
1645	1645	0.597	стакан-марка-красная	4.5	5.9	снег-розовый	1.069	55.7	7.0	-1.0	7.1	bbox	1644	343.4	343.4	343.4	67,813,18,8	335.1	39.4860316	73.5856295	4439.6
1646	1646	0.685	стакан-марка-красная	5.3	4.7	порода-охристая	1.114	54.5	15.0	4.5	15.7	bbox	1645	75.1	75.1	75.1	1905,985,8,14	334.9	39.4862269	73.5854593	4440.9
1647	1647	1.139	палка-ручка-контроль	6.7	21.5	корка-жёлтая-на-скале	0.923	36.1	1.0	21.5	21.5	bbox	1646	310.4	310.4	310.4	65,403,12,15	334.9	39.4859957	73.5857766	4439.6
1648	1648	0.659	палка-ручка-контроль	5.0	5.8	лишайник-жёлтый-на-камне	1.343	51.8	10.0	23.0	25.1	bbox	1647	325.4	325.4	325.4	1601,849,14,14	334.8	39.4860314	73.5856299	4439.6
1649	1649	1.397	палка-ручка-пробка	11.0	5.9	лишайник-жёлтый-на-камне	0.690	69.8	4.0	12.0	12.6	bbox	1648	123.2	122.2	123.2	257,195,13,12	334.6	39.4862249	73.5854612	4440.9
1650	1650	1.854	палка-ручка-пробка	13.9	17.8	снег-розовый	1.177	93.5	0.0	10.0	10.0	bbox	1649	329.4	327.4	329.4	1809,37,18,14	334.3	39.4860308	73.5856306	4439.6
1651	1651	1.859	стакан-марка-красная	14.1	16.1	снег-освещённый	0.602	65.9	-3.0	-1.0	3.2	bbox	1650	342.4	341.4	342.4	1581,899,21,10	334.1	39.4860317	73.5856295	4439.6
1652	1652	0.956	предмет-оранжевый	4.1	22.5	лишайник-жёлтый-на-камне	2.789	41.8	16.0	33.0	36.7	bbox	1651	302.4	302.4	302.4	965,201,8,20	333.5	39.4859965	73.5857760	4439.5
1653	1653	0.674	стакан-марка-красная	5.4	0.8	порода-охристая	0.773	49.0	9.0	6.0	10.8	bbox	1652	344.4	344.4	344.4	439,899,10,26	333.0	39.4860316	73.5856296	4439.6
1654	1654	2.088	стакан-марка-красная	15.8	18.8	корка-жёлтая-на-скале	0.902	31.0	-2.0	10.0	10.2	bbox	1653	286.4	286.4	286.4	817,1065,12,8	332.8	39.4859986	73.5857757	4439.5
1655	1655	1.016	предмет-оранжевый	7.8	7.9	лишайник-жёлтый-на-камне	2.142	72.2	15.0	28.0	31.8	bbox	1654	289.4	289.4	289.4	1791,935,15,8	332.6	39.4859981	73.5857750	4439.5
1656	1656	2.201	стакан-марка-красная	13.0	41.6	снег-розовый	0.795	91.4	-1.0	6.0	6.1	bbox	1655	328.4	328.4	328.4	1761,105,13,16	332.6	39.4860310	73.5856305	4439.6
1657	1657	1.450	стакан-марка-красная	2.0	40.0	порода-в-тени	1.448	9.8	9.0	1.0	9.1	bbox	1656	101.1	101.1	101.1	1737,1041,12,10	332.5	39.4862222	73.5854602	4440.9
1658	1658	1.748	стакан-марка-красная	13.6	11.4	корка-жёлтая-на-скале	0.821	38.4	0.0	9.0	9.0	bbox	1657	326.4	326.4	328.4	561,265,12,20	332.3	39.4860314	73.5856299	4439.6
1659	1659	0.930	палка-ручка-пробка	7.4	1.4	лишайник-жёлтый-на-камне	0.766	74.3	7.5	16.0	17.7	bbox	1658	37.0	37.0	37.0	1913,243,7,18	332.1	39.4862336	73.5854575	4440.9
1660	1660	1.017	палка-ручка-пробка	7.1	14.1	лишайник-жёлтый-на-камне	1.330	89.8	-2.0	24.0	24.1	bbox	1659	289.4	289.4	289.4	1909,713,8,14	332.1	39.4859981	73.5857750	4439.5
1661	1661	1.231	стакан-марка-красная	9.8	0.0	снег-в-тени	0.677	49.8	2.0	-3.0	3.6	bbox	1660	103.1	102.1	113.1	303,305,11,16	331.8	39.4862221	73.5854608	4440.9
1662	1662	0.928	стакан-марка-красная	7.0	8.6	порода-охристая	0.808	58.4	11.0	8.0	13.6	bbox	1661	191.2	191.2	191.2	1813,87,25,12	331.8	39.4859632	73.5857886	4439.5
1663	1663	0.787	палка-ручка-пробка	6.0	6.7	лишайник-жёлтый-на-камне	1.032	82.4	-1.0	23.0	23.0	bbox	1662	257.3	257.3	257.3	3,685,8,20	331.8	39.4859088	73.5858009	4439.5
1664	1664	0.972	палка-ручка-пробка	6.7	13.7	лишайник-жёлтый-на-камне	0.761	62.0	8.0	17.0	18.8	bbox	1663	172.2	172.2	172.2	73,277,14,12	331.6	39.4859631	73.5857883	4439.5
1665	1665	1.195	палка-ручка-пробка	7.6	20.2	лишайник-жёлтый-на-камне	0.720	55.5	-2.0	20.0	20.1	bbox	1664	202.3	196.3	202.3	87,350,12,17	331.5	39.4859390	73.5857874	4439.5
1666	1666	1.804	стакан-марка-красная	14.4	1.6	корка-жёлтая-на-скале	0.761	48.2	-1.0	9.0	9.1	bbox	1665	256.3	256.3	256.3	1633,370,16,23	331.5	39.4859089	73.5858010	4439.5
1667	1667	0.356	палка-ручка-пробка	1.4	8.6	лишайник-жёлтый-на-камне	1.009	67.1	6.0	24.0	24.7	bbox	1666	318.4	318.4	321.4	1443,643,12,12	331.5	39.4860303	73.5856355	4439.5
1668	1668	1.702	палка-ручка-контроль	13.5	7.4	порода-охристая	0.904	50.2	15.0	16.0	21.9	bbox	1667	78.1	78.1	78.1	1825,373,8,14	331.1	39.4862259	73.5854595	4440.9
1669	1669	1.666	палка-ручка-пробка	10.7	27.7	корка-жёлтая-на-скале	0.676	48.0	-4.5	18.0	18.6	bbox	1668	247.3	247.3	247.3	65,1021,12,12	331.1	39.4859100	73.5858018	4439.5
1670	1670	1.297	стакан-марка-красная	10.0	9.0	порода-охристая	0.151	40.8	12.0	11.0	16.3	bbox	1669	148.2	148.2	148.2	282,389,19,10	330.9	39.4859620	73.5857927	4439.4
1671	1671	1.451	палка-ручка-контроль	10.0	20.3	порода-охристая	1.859	37.3	16.0	25.0	29.7	bbox	1670	276.4	276.4	276.4	1569,550,11,11	330.8	39.4859994	73.5857769	4439.5
1672	1672	1.559	стакан-марка-красная	12.1	10.8	порода-в-тени	1.127	39.0	0.0	6.0	6.0	bbox	1671	311.4	311.4	311.4	1365,309,16,8	330.6	39.4859958	73.5857767	4439.6
1673	1673	1.292	палка-ручка-контроль	10.3	3.3	порода-охристая	1.461	54.3	15.0	21.0	25.8	bbox	1672	273.4	273.4	273.4	1147,183,24,10	330.4	39.4859998	73.5857768	4439.6
1674	1674	1.473	палка-ручка-контроль	11.7	5.9	порода-охристая	1.569	63.5	16.0	20.0	25.6	bbox	1673	84.1	84.1	84.1	1159,727,10,16	330.3	39.4862247	73.5854591	4440.9
1675	1675	0.367	палка-ручка-контроль	2.8	2.8	лишайник-жёлтый-на-камне	1.167	60.4	8.0	24.0	25.3	bbox	1674	224.3	224.3	224.3	11,349,14,12	329.7	39.4859380	73.5857959	4439.5
1676	1676	1.380	стакан-марка-красная	2.2	37.8	порода-в-тени	1.413	12.0	9.0	0.0	9.0	bbox	1675	332.4	332.4	332.4	57,407,4,31	329.6	39.4860308	73.5856303	4439.6
1677	1677	1.010	стакан-марка-красная	7.6	9.4	порода-охристая	0.535	40.4	14.0	8.0	16.1	bbox	1676	71.1	71.1	71.1	1337,453,16,12	329.5	39.4862282	73.5854589	4440.9
1678	1678	0.809	стакан-марка-красная	5.4	12.6	порода-охристая	1.089	62.4	9.0	6.0	10.8	bbox	1677	140.2	140.2	140.2	251,243,13,17	329.5	39.4860803	73.5855491	4440.9
1679	1679	1.520	палка-ручка-контроль	12.0	5.8	порода-охристая	1.115	51.8	15.0	18.0	23.4	bbox	1678	243.3	243.3	243.3	457,731,21,14	329.5	39.4859093	73.5858010	4439.5
1680	1680	1.004	палка-ручка-пробка	8.0	2.6	лишайник-жёлтый-на-камне	1.014	73.1	-3.0	23.0	23.2	bbox	1679	248.3	248.3	248.3	34,504,12,17	329.0	39.4859098	73.5858019	4439.5
1681	1681	0.544	палка-ручка-пробка	2.0	13.5	лишайник-жёлтый-на-камне	0.770	62.2	3.0	23.0	23.2	bbox	1680	339.4	335.4	339.4	1159,257,6,16	328.9	39.4860317	73.5856298	4439.6
1682	1682	1.298	стакан-марка-красная	6.3	28.8	снег-розовый	0.532	78.6	5.0	-1.0	5.1	bbox	1681	322.4	322.4	325.4	143,401,8,12	328.8	39.4860309	73.5856302	4439.5
1683	1683	1.534	стакан-марка-красная	12.2	5.7	снег-розовый	0.883	55.5	-1.0	3.0	3.2	bbox	1682	84.1	84.1	86.1	867,733,18,10	328.6	39.4862247	73.5854591	4440.9
1684	1684	2.132	палка-ручка-контроль	15.3	26.6	корка-жёлтая-на-скале	0.697	31.0	-2.0	13.0	13.2	bbox	1683	167.2	165.2	167.2	1681,309,10,13	328.5	39.4859634	73.5857895	4439.5
1685	1685	1.588	палка-ручка-пробка	11.3	20.2	корка-жёлтая-на-скале	0.465	55.5	-3.0	15.0	15.3	bbox	1684	251.3	251.3	251.3	1797,397,14,12	328.5	39.4859096	73.5858023	4439.5
1686	1686	1.298	палка-ручка-пробка	10.3	4.7	лишайник-жёлтый-на-камне	1.086	71.0	10.0	14.0	17.2	bbox	1685	75.1	74.1	75.1	1815,701,10,16	328.3	39.4862269	73.5854593	4440.9
1687	1687	1.497	стакан-марка-красная	10.2	22.0	порода-в-тени	0.679	27.8	1.0	3.0	3.2	bbox	1686	324.4	324.4	325.4	1743,79,14,10	328.1	39.4860313	73.5856298	4439.5
1688	1688	1.139	палка-ручка-пробка	9.1	3.5	лишайник-жёлтый-на-камне	0.510	72.2	4.0	14.0	14.6	bbox	1687	167.2	167.2	167.2	41,237,14,14	326.9	39.4859634	73.5857895	4439.5
1689	1689	0.931	палка-ручка-контроль	7.3	5.5	лишайник-жёлтый-на-камне	1.428	63.1	-1.0	28.0	28.0	bbox	1688	255.3	255.3	255.3	81,357,16,10	326.6	39.4859090	73.5858011	4439.5
1690	1690	0.963	стакан-марка-красная	7.3	8.8	порода-охристая	0.460	41.0	9.0	8.0	12.0	bbox	1689	196.3	196.3	196.3	1718,277,11,22	326.4	39.4859631	73.5857882	4439.5
1691	1691	1.851	стакан-марка-красная	11.7	31.8	снег-розовый	0.472	81.6	0.0	5.0	5.0	bbox	1690	244.3	244.3	244.3	591,282,11,15	326.3	39.4859095	73.5858011	4439.5
1692	1692	2.206	палка-ручка-пробка	15.0	32.6	корка-жёлтая-на-скале	0.726	43.1	-4.0	11.0	11.7	bbox	1691	311.4	311.4	311.4	135,981,18,8	325.9	39.4859958	73.5857767	4439.6
1693	1693	1.382	палка-ручка-пробка	10.6	10.6	порода-охристая	1.084	65.1	12.0	15.0	19.2	bbox	1692	345.4	345.4	345.4	627,917,14,10	325.9	39.4860314	73.5856298	4439.6
1694	1694	1.906	палка-ручка-пробка	15.2	2.4	снег-розовый	0.964	73.3	-1.0	9.0	9.1	bbox	1693	71.1	71.1	71.1	1889,801,6,16	325.1	39.4862282	73.5854589	4440.9
1695	1695	1.662	палка-ручка-пробка	12.8	12.6	корка-жёлтая-на-скале	0.709	63.1	-3.0	13.0	13.3	bbox	1694	188.2	188.2	188.2	827,1009,16,12	324.8	39.4859636	73.5857888	4439.5
1696	1696	1.456	стакан-марка-красная	4.5	37.6	порода-охристая	1.226	12.2	9.0	5.0	10.3	bbox	1695	161.2	160.2	161.2	140,1018,24,8	324.5	39.4859630	73.5857910	4439.5
1697	1697	2.055	палка-ручка-контроль	13.5	33.1	порода-охристая	0.942	24.5	15.0	16.0	21.9	bbox	1696	248.3	248.3	248.3	1607,311,12,12	324.1	39.4859098	73.5858019	4439.5
1698	1698	1.194	палка-ручка-пробка	9.5	3.9	лишайник-жёлтый-на-камне	0.978	79.6	8.0	14.0	16.1	bbox	1697	48.1	48.1	49.1	169,783,14,10	323.9	39.4862327	73.5854563	4440.9
1699	1699	1.531	стакан-марка-красная	11.5	14.3	порода-охристая	0.248	35.5	12.0	12.5	17.3	bbox	1698	125.2	123.2	126.2	553,133,16,12	323.8	39.4862255	73.5854617	4440.9
1700	1700	1.795	палка-ручка-контроль	13.5	17.6	порода-охристая	0.802	40.0	15.0	16.0	21.9	bbox	1699	79.1	78.1	79.1	1303,873,16,14	323.4	39.4862255	73.5854598	4440.9
1701	1701	1.260	стакан-марка-красная	10.0	2.7	снег-в-тени	1.008	47.1	1.0	0.0	1.0	bbox	1700	59.1	59.1	59.1	1769,1038,9,17	323.1	39.4862316	73.5854573	4440.9
1702	1702	0.839	палка-ручка-контроль	6.7	0.3	лишайник-жёлтый-на-камне	0.996	57.3	9.0	20.0	21.9	bbox	1701	242.3	242.3	242.3	75,464,18,9	322.8	39.4859093	73.5858007	4439.5
1703	1703	1.468	стакан-марка-красная	11.2	12.5	порода-охристая	0.282	37.3	13.0	12.0	17.7	bbox	1702	257.3	257.3	257.3	325,557,16,14	322.7	39.4859088	73.5858009	4439.5
1704	1704	1.128	стакан-марка-красная	9.0	1.4	снег-розовый	1.171	48.4	3.5	6.0	6.9	bbox	1703	214.3	214.3	214.3	0,265,12,16	322.6	39.4859374	73.5857952	4439.5
1705	1705	1.256	палка-ручка-пробка	8.5	18.8	порода-охристая	0.999	56.9	11.0	17.0	20.2	bbox	1704	149.2	149.2	149.2	545,139,14,8	322.0	39.4859620	73.5857928	4439.5
1706	1706	1.775	стакан-марка-красная	13.0	20.0	снег-розовый	0.684	69.8	-1.0	6.0	6.1	bbox	1705	179.2	179.2	179.2	319,227,18,10	322.0	39.4859640	73.5857882	4439.5
1707	1707	0.707	стакан-марка-красная	5.7	0.2	порода-охристая	0.986	49.6	7.0	5.0	8.6	bbox	1706	129.2	129.2	129.2	635,700,12,13	321.9	39.4862263	73.5854623	4440.9
1708	1708	1.213	стакан-марка-красная	9.2	10.6	порода-охристая	0.281	39.2	9.0	10.0	13.5	bbox	1707	171.2	171.2	171.2	0,219,7,21	321.7	39.4859630	73.5857884	4439.5
1709	1709	1.849	стакан-марка-красная	14.8	3.3	корка-жёлтая-на-скале	0.930	53.1	-2.0	8.0	8.2	bbox	1708	173.2	173.2	173.2	81,157,12,12	321.3	39.4859632	73.5857881	4439.5
1710	1710	1.434	стакан-марка-красная	11.0	11.4	снег-розовый	0.650	61.2	0.0	1.0	1.0	bbox	1709	174.2	174.2	174.2	345,1040,6,17	321.3	39.4859633	73.5857879	4439.5
1711	1711	0.827	палка-ручка-пробка	5.8	11.0	лишайник-жёлтый-на-камне	1.308	86.7	10.0	20.0	22.4	bbox	1710	67.1	67.1	67.1	185,318,13,13	320.9	39.4862298	73.5854582	4440.9
1712	1712	1.682	палка-ручка-контроль	13.5	0.9	порода-охристая	1.174	56.7	16.0	17.0	23.3	bbox	1711	48.1	48.1	48.1	73,741,9,22	320.7	39.4862327	73.5854563	4440.9
1713	1713	1.164	палка-ручка-контроль	8.9	9.1	лишайник-жёлтый-на-камне	1.626	66.7	14.0	22.0	26.1	bbox	1712	258.3	258.3	258.3	1281,753,8,16	320.7	39.4859084	73.5858008	4439.5
1714	1714	2.115	палка-ручка-пробка	16.4	14.5	лишайник-жёлтый-на-камне	1.609	90.2	-8.0	13.0	15.3	bbox	1713	180.2	180.2	180.2	0,761,7,22	320.6	39.4859639	73.5857880	4439.5
1715	1715	1.740	стакан-марка-красная	13.0	17.4	порода-охристая	0.433	32.4	11.0	14.0	17.8	bbox	1714	192.2	192.2	192.2	529,555,20,29	320.5	39.4859632	73.5857884	4439.5
1716	1716	1.330	стакан-марка-красная	9.5	16.9	порода-охристая	0.441	32.9	8.0	10.0	12.8	bbox	1715	323.4	323.4	323.4	273,1009,10,16	320.3	39.4860310	73.5856301	4439.5
1717	1717	2.083	стакан-марка-красная	15.7	20.0	корка-жёлтая-на-скале	1.149	29.8	-3.0	8.0	8.5	bbox	1716	277.4	277.4	277.4	65,999,16,9	320.2	39.4859996	73.5857774	4439.5
1718	1718	2.137	палка-ручка-контроль	14.8	30.1	корка-жёлтая-на-скале	0.779	27.5	-1.0	13.0	13.0	bbox	1717	224.3	223.3	224.3	1885,643,12,20	320.1	39.4859380	73.5857959	4439.5
1719	1719	0.630	палка-ручка-контроль	3.9	11.1	лишайник-жёлтый-на-камне	1.374	46.5	9.0	23.5	25.2	bbox	1718	14.0	11.0	15.0	1655,131,10,14	319.8	39.4862336	73.5854587	4440.9
1720	1720	1.427	стакан-марка-красная	11.4	2.0	корка-жёлтая-на-скале	0.800	47.8	4.0	10.0	10.8	bbox	1719	195.3	195.3	195.3	131,813,10,20	319.8	39.4859635	73.5857880	4439.5
1721	1721	1.398	рюкзак-синий	11.0	6.1	снег-в-тени	0.634	44.9	0.0	-3.0	3.0	bbox	1720	277.4	277.4	277.4	925,389,16,12	319.8	39.4859996	73.5857774	4439.5
1722	1722	0.892	палка-ручка-контроль	7.1	3.3	лишайник-жёлтый-на-камне	0.783	54.3	7.0	19.0	20.2	bbox	1721	203.3	203.3	203.3	401,935,12,12	319.6	39.4859391	73.5857876	4439.5
1723	1723	0.725	стакан-марка-красная	3.6	15.9	снег-розовый	0.871	65.7	8.0	3.0	8.5	bbox	1722	257.3	257.3	257.3	167,630,16,21	319.5	39.4859088	73.5858009	4439.5
1724	1724	1.121	стакан-марка-красная	6.4	22.0	порода-в-тени	1.065	27.8	6.0	-3.0	6.7	bbox	1723	63.1	63.1	63.1	1499,463,15,13	319.3	39.4862309	73.5854578	4440.9
1725	1725	1.314	палка-ручка-контроль	10.3	7.2	порода-охристая	1.546	50.4	15.5	22.0	26.9	bbox	1724	195.3	195.3	195.3	0,761,13,8	319.3	39.4859635	73.5857880	4439.5
1726	1726	1.046	стакан-марка-красная	8.1	7.8	порода-охристая	0.742	57.6	10.0	9.0	13.5	bbox	1725	152.2	152.2	152.2	493,251,14,11	319.0	39.4859618	73.5857918	4439.5
1727	1727	1.752	палка-ручка-контроль	13.0	18.0	порода-охристая	0.561	39.6	13.0	15.0	19.8	bbox	1726	152.2	152.2	152.2	1166,1027,13,12	319.0	39.4859618	73.5857918	4439.5
1728	1728	0.919	палка-ручка-контроль	6.1	14.4	лишайник-жёлтый-на-камне	1.939	72.0	11.0	29.5	31.5	bbox	1727	63.1	63.1	63.1	0,221,13,16	318.5	39.4862309	73.5854578	4440.9
1729	1729	1.646	палка-ручка-контроль	13.0	6.4	порода-охристая	0.722	51.2	13.0	15.0	19.8	bbox	1728	149.2	149.2	149.2	121,921,12,8	318.4	39.4859620	73.5857928	4439.5
1730	1730	0.739	палка-ручка-контроль	5.8	3.5	лишайник-жёлтый-на-камне	1.412	54.1	11.0	23.0	25.5	bbox	1729	224.3	224.3	226.3	1809,302,10,11	318.2	39.4859380	73.5857959	4439.5
1731	1731	1.501	стакан-марка-красная	11.2	15.3	снег-освещённый	0.588	65.1	0.0	-1.0	1.0	bbox	1730	107.1	102.1	107.1	657,703,8,18	318.1	39.4862223	73.5854621	4440.9
1732	1732	1.743	стакан-марка-красная	13.3	14.5	снег-розовый	0.974	64.3	0.0	8.5	8.5	bbox	1731	202.3	202.3	202.3	1777,825,11,16	318.1	39.4859390	73.5857874	4439.5
1733	1733	1.829	палка-ручка-пробка	14.4	8.6	лишайник-жёлтый-на-камне	1.185	84.3	-3.0	11.0	11.4	bbox	1732	260.3	260.3	260.3	83,333,14,16	318.0	39.4859081	73.5858006	4439.5
1734	1734	1.101	палка-ручка-пробка	8.2	10.8	лишайник-жёлтый-на-камне	0.280	64.9	3.0	15.0	15.3	bbox	1733	78.1	78.1	78.1	1683,330,12,13	317.8	39.4862259	73.5854595	4440.9
1735	1735	1.287	стакан-марка-красная	10.3	0.4	порода-охристая	0.764	50.2	16.0	10.0	18.9	bbox	1734	101.1	101.1	101.1	1683,963,8,14	317.4	39.4862222	73.5854602	4440.9
1736	1736	2.072	стакан-марка-красная	14.9	25.7	порода-охристая	0.949	24.1	16.0	15.0	21.9	bbox	1735	125.2	125.2	127.2	113,401,12,10	317.3	39.4862255	73.5854617	4440.9
1737	1737	1.594	палка-ручка-контроль	12.2	12.9	порода-охристая	1.201	44.7	16.0	19.0	24.8	bbox	1736	138.2	138.2	138.2	285,15,12,12	317.3	39.4861474	73.5854883	4440.9
1738	1738	1.277	стакан-марка-красная	8.9	17.3	порода-охристая	0.597	32.5	7.0	9.0	11.4	bbox	1737	152.2	152.2	152.2	582,995,12,15	317.3	39.4859618	73.5857918	4439.5
1739	1739	0.805	палка-ручка-контроль	6.4	2.5	лишайник-жёлтый-на-камне	0.738	55.1	1.0	22.0	22.0	bbox	1738	235.3	235.3	236.3	779,755,15,10	316.9	39.4859085	73.5857990	4439.5
1740	1740	1.813	палка-ручка-пробка	14.4	5.5	лишайник-жёлтый-на-камне	0.991	70.2	-3.0	11.0	11.4	bbox	1739	181.2	181.2	181.2	1884,0,15,9	316.8	39.4859639	73.5857882	4439.5
1741	1741	0.668	стакан-марка-красная	4.9	7.3	снег-в-тени	1.209	42.5	6.5	-1.0	6.6	bbox	1740	17.0	10.0	21.0	967,615,12,12	316.7	39.4862336	73.5854587	4440.9
1742	1742	1.491	палка-ручка-пробка	10.0	22.8	корка-жёлтая-на-скале	0.487	52.9	-3.0	17.0	17.3	bbox	1741	200.3	200.3	200.3	169,397,19,12	316.7	39.4859445	73.5857873	4439.5
1743	1743	1.594	палка-ручка-пробка	12.1	14.3	лишайник-жёлтый-на-камне	1.335	90.0	-6.0	18.0	19.0	bbox	1742	202.3	202.3	202.3	51,509,14,19	316.4	39.4859390	73.5857874	4439.5
1744	1744	1.439	палка-ручка-пробка	10.3	18.0	лишайник-жёлтый-на-камне	1.104	93.7	0.0	14.0	14.0	bbox	1743	137.2	137.2	137.2	9,161,12,16	316.3	39.4861792	73.5854706	4440.9
1745	1745	1.668	стакан-марка-красная	11.2	25.5	порода-в-тени	0.286	24.3	0.0	-1.0	1.0	bbox	1744	348.4	346.4	348.4	57,353,24,10	315.3	39.4860309	73.5856298	4439.6
1746	1746	2.050	палка-ручка-пробка	15.8	15.3	снег-розовый	0.924	91.0	0.0	8.0	8.0	bbox	1745	221.3	221.3	221.3	1891,185,8,24	315.2	39.4859372	73.5857956	4439.5
1747	1747	1.985	палка-ручка-контроль	14.4	23.3	корка-жёлтая-на-скале	0.557	34.3	-2.0	14.0	14.1	bbox	1746	257.3	257.3	257.3	1775,755,12,14	315.1	39.4859088	73.5858009	4439.5
1748	1748	1.261	стакан-марка-красная	7.6	23.1	снег-розовый	1.074	72.9	8.0	8.0	11.3	bbox	1747	228.3	228.3	232.3	1723,209,12,14	314.7	39.4859391	73.5857959	4439.5
1749	1749	0.258	палка-ручка-пробка	2.0	1.8	лишайник-жёлтый-на-камне	0.818	73.9	3.0	23.0	23.2	bbox	1748	232.3	232.3	234.3	27,109,8,18	314.7	39.4859253	73.5857971	4439.5
1750	1750	0.764	палка-ручка-пробка	6.1	2.2	лишайник-жёлтый-на-камне	1.454	73.5	11.0	24.0	26.4	bbox	1749	257.3	257.3	257.3	629,645,16,8	314.1	39.4859088	73.5858009	4439.5
1751	1751	0.332	стакан-марка-красная	1.0	8.6	порода-охристая	1.379	41.2	11.0	0.0	11.0	bbox	1750	260.3	260.3	260.3	89,609,8,14	314.0	39.4859081	73.5858006	4439.5
1752	1752	1.862	палка-ручка-пробка	13.9	18.8	корка-жёлтая-на-скале	0.646	56.9	-2.0	11.0	11.2	bbox	1751	261.3	259.3	261.3	1239,39,10,21	314.0	39.4859083	73.5858006	4439.5
1753	1753	0.154	палка-ручка-пробка	1.0	2.5	лишайник-жёлтый-на-камне	0.912	78.2	4.0	23.0	23.3	bbox	1752	270.3	270.3	270.3	509,359,14,10	314.0	39.4860009	73.5857771	4439.5
1754	1754	1.247	стакан-марка-красная	8.5	18.0	порода-в-тени	0.756	31.8	3.0	-2.0	3.6	bbox	1753	330.4	330.4	330.4	57,540,7,15	314.0	39.4860308	73.5856307	4439.6
1755	1755	1.537	палка-ручка-контроль	11.7	13.7	порода-охристая	1.302	43.9	16.0	20.0	25.6	bbox	1754	317.4	315.4	317.4	1399,0,22,9	313.9	39.4860227	73.5856620	4439.5
1756	1756	1.277	стакан-марка-красная	8.1	22.0	порода-охристая	0.730	27.8	15.0	8.0	17.0	bbox	1755	266.3	266.3	266.3	1599,112,10,13	313.7	39.4859884	73.5857801	4439.5
1757	1757	0.969	палка-ручка-пробка	7.6	5.1	лишайник-жёлтый-на-камне	0.936	80.8	8.0	16.0	17.9	bbox	1756	76.1	75.1	78.1	1828,888,20,5	313.5	39.4862266	73.5854594	4440.9
1758	1758	1.263	палка-ручка-пробка	10.0	5.1	лишайник-жёлтый-на-камне	0.708	80.8	-1.0	15.0	15.0	bbox	1757	46.1	46.1	46.1	49,391,10,16	313.3	39.4862325	73.5854567	4440.9
1759	1759	1.184	стакан-марка-красная	8.5	14.3	порода-в-тени	0.835	35.5	3.0	-2.0	3.6	bbox	1758	34.0	34.0	34.0	1905,1059,9,12	312.5	39.4862336	73.5854574	4440.9
1760	1760	0.747	палка-ручка-контроль	5.4	9.1	лишайник-жёлтый-на-камне	1.426	66.7	11.0	24.0	26.4	bbox	1759	257.3	257.3	257.3	469,657,12,10	312.5	39.4859088	73.5858009	4439.5
1761	1761	1.533	палка-ручка-пробка	11.2	17.6	лишайник-жёлтый-на-камне	1.181	93.3	3.0	12.0	12.4	bbox	1760	310.4	310.4	314.4	553,1003,20,15	312.5	39.4859957	73.5857766	4439.6
1762	1762	0.956	палка-ручка-пробка	7.6	2.4	лишайник-жёлтый-на-камне	0.306	73.3	2.0	16.0	16.1	bbox	1761	48.1	48.1	48.1	65,593,8,16	312.2	39.4862327	73.5854563	4440.9
1763	1763	1.934	стакан-марка-красная	15.3	8.8	корка-жёлтая-на-скале	0.827	41.0	-2.0	9.0	9.2	bbox	1762	94.1	88.1	96.1	157,401,15,10	312.1	39.4862228	73.5854593	4440.9
1764	1764	0.452	палка-ручка-контроль	3.6	0.8	лишайник-жёлтый-на-камне	0.830	58.4	4.0	23.0	23.3	bbox	1763	210.3	210.3	212.3	97,523,28,6	311.9	39.4859363	73.5857951	4439.5
1765	1765	0.313	стакан-марка-красная	2.2	3.9	порода-охристая	1.183	45.9	9.0	2.0	9.2	bbox	1764	64.1	64.1	64.1	565,871,14,10	311.8	39.4862304	73.5854582	4440.9
1766	1766	0.709	стакан-марка-красная	5.4	6.3	порода-охристая	0.698	43.5	9.0	6.0	10.8	bbox	1765	211.3	211.3	213.3	552,729,10,16	311.7	39.4859364	73.5857951	4439.5
1767	1767	1.554	стакан-марка-красная	12.2	9.0	порода-охристая	0.811	58.8	13.0	13.0	18.4	bbox	1766	45.1	42.1	47.1	713,921,9,12	311.4	39.4862328	73.5854569	4440.9
1768	1768	1.676	стакан-марка-красная	9.4	33.3	порода-охристая	1.033	16.5	6.0	9.0	10.8	bbox	1767	63.1	63.1	64.1	1837,993,20,16	311.2	39.4862309	73.5854578	4440.9
1769	1769	1.327	стакан-марка-красная	8.9	20.0	порода-охристая	0.638	29.8	15.0	9.0	17.5	bbox	1768	148.2	148.2	150.2	906,169,25,9	310.7	39.4859620	73.5857927	4439.4
1770	1770	1.817	стакан-марка-красная	12.2	27.8	порода-охристая	0.685	22.0	13.0	13.0	18.4	bbox	1769	242.3	242.3	242.3	0,357,11,20	310.7	39.4859093	73.5858007	4439.5
1771	1771	1.222	палка-ручка-пробка	9.1	12.9	лишайник-жёлтый-на-камне	0.941	88.6	4.0	14.0	14.6	bbox	1770	99.1	97.1	99.1	1901,973,10,20	310.5	39.4862226	73.5854597	4440.9
1772	1772	0.942	палка-ручка-контроль	7.3	6.8	порода-охристая	1.703	50.8	13.0	24.0	27.3	bbox	1771	274.4	274.4	274.4	1857,147,16,10	310.4	39.4859993	73.5857767	4439.6
1773	1773	0.848	предмет-оранжевый	6.7	3.5	лишайник-жёлтый-на-камне	2.331	60.8	17.0	28.0	32.8	bbox	1772	261.3	261.3	261.3	1249,509,14,6	310.3	39.4859083	73.5858006	4439.5
1774	1774	0.342	палка-ручка-пробка	2.2	5.5	лишайник-жёлтый-на-камне	1.088	70.2	7.0	24.0	25.0	bbox	1773	6.0	6.0	6.0	613,167,6,22	310.1	39.4862326	73.5854588	4440.9
1775	1775	1.069	палка-ручка-контроль	8.2	7.9	лишайник-жёлтый-на-камне	1.737	65.5	14.0	24.0	27.8	bbox	1774	50.1	50.1	50.1	113,141,22,10	310.1	39.4862327	73.5854562	4440.9
1776	1776	1.567	стакан-марка-красная	12.0	12.2	порода-в-тени	0.641	37.6	-1.0	0.0	1.0	bbox	1775	227.3	222.3	227.3	885,945,12,8	310.0	39.4859387	73.5857959	4439.5
1777	1777	0.402	палка-ручка-контроль	3.2	2.1	лишайник-жёлтый-на-камне	1.376	55.5	9.0	25.0	26.6	bbox	1776	243.3	243.3	245.3	1575,677,15,8	309.9	39.4859093	73.5858010	4439.5
1778	1778	1.612	стакан-марка-красная	7.3	37.3	снег-розовый	1.201	87.1	9.0	8.0	12.0	bbox	1777	23.0	21.0	23.0	385,25,6,18	309.6	39.4862334	73.5854583	4440.9
1779	1779	1.372	стакан-марка-красная	8.5	24.1	порода-охристая	0.640	25.7	14.0	9.0	16.6	bbox	1778	260.3	260.3	260.3	445,539,12,18	309.6	39.4859081	73.5858006	4439.5
1780	1780	0.838	стакан-марка-красная	5.8	11.6	снег-розовый	1.072	61.4	8.0	6.0	10.0	bbox	1779	7.0	7.0	7.0	1765,785,12,10	309.5	39.4862327	73.5854586	4440.9
1781	1781	0.951	стакан-марка-красная	7.1	9.8	порода-охристая	0.399	40.0	12.0	8.0	14.4	bbox	1780	153.2	153.2	153.2	81,531,12,10	309.3	39.4859619	73.5857916	4439.4
1782	1782	2.531	палка-ручка-пробка	19.8	13.9	корка-жёлтая-на-скале	1.419	61.8	-8.0	8.0	11.3	bbox	1781	195.3	195.3	195.3	145,759,22,8	309.3	39.4859635	73.5857880	4439.5
1783	1783	1.079	палка-ручка-контроль	7.8	12.9	порода-охристая	1.276	44.7	12.0	21.0	24.2	bbox	1782	279.4	279.4	279.4	1847,945,8,16	309.2	39.4859997	73.5857783	4439.5
1784	1784	1.049	предмет-оранжевый	6.9	16.5	лишайник-жёлтый-на-камне	3.019	80.8	14.0	37.5	40.0	bbox	1783	63.1	63.1	63.1	665,15,30,8	308.8	39.4862309	73.5854578	4440.9
1785	1785	1.932	стакан-марка-красная	11.7	35.5	снег-розовый	0.694	85.3	1.0	7.0	7.1	bbox	1784	290.4	290.4	290.4	1497,78,20,13	308.8	39.4859980	73.5857748	4439.5
1786	1786	1.482	стакан-марка-красная	6.3	35.1	снег-розовый	1.106	84.9	9.0	7.0	11.4	bbox	1785	9.0	9.0	17.0	377,337,8,16	308.7	39.4862331	73.5854586	4440.9
1787	1787	0.954	палка-ручка-пробка	7.2	9.2	лишайник-жёлтый-на-камне	0.753	66.5	-2.0	21.5	21.6	bbox	1786	207.3	207.3	209.3	187,199,16,12	308.7	39.4859364	73.5857938	4439.5
1788	1788	1.752	стакан-марка-красная	11.0	30.2	снег-освещённый	0.128	80.0	0.0	0.0	0.0	bbox	1787	239.3	239.3	239.3	1649,57,8,24	308.5	39.4859091	73.5857998	4439.5
1789	1789	1.015	стакан-марка-красная	8.1	3.3	снег-в-тени	1.069	46.5	3.0	0.0	3.0	bbox	1788	130.2	130.2	130.2	533,241,12,16	308.1	39.4862267	73.5854625	4440.9
1790	1790	1.399	палка-ручка-пробка	10.8	10.0	лишайник-жёлтый-на-камне	0.530	65.7	-1.0	14.0	14.0	bbox	1789	141.2	141.2	141.2	1497,879,16,8	307.7	39.4860486	73.5855872	4440.8
1791	1791	0.755	стакан-марка-красная	5.8	5.5	порода-охристая	0.946	55.3	8.0	6.0	10.0	bbox	1790	120.2	116.1	121.2	555,773,14,13	307.5	39.4862244	73.5854619	4440.9
1792	1792	1.362	стакан-марка-красная	8.0	25.9	порода-охристая	0.574	23.9	11.0	9.0	14.2	bbox	1791	149.2	148.2	149.2	561,540,12,13	307.4	39.4859620	73.5857928	4439.5
1793	1793	1.232	палка-ручка-контроль	8.0	20.1	корка-жёлтая-на-скале	0.916	37.5	6.0	18.0	19.0	bbox	1792	223.3	223.3	223.3	1613,992,8,24	307.4	39.4859375	73.5857958	4439.5
1794	1794	1.573	стакан-марка-красная	9.1	30.6	порода-в-тени	0.517	19.2	2.0	0.0	2.0	bbox	1793	17.0	17.0	17.0	667,1051,14,14	307.3	39.4862336	73.5854587	4440.9
1795	1795	1.437	стакан-марка-красная	11.2	9.4	порода-в-тени	0.757	40.4	0.0	-1.0	1.0	bbox	1794	331.4	331.4	331.4	487,325,10,18	307.3	39.4860306	73.5856305	4439.6
1796	1796	1.242	палка-ручка-контроль	9.8	4.7	порода-охристая	0.921	52.9	10.0	17.0	19.7	bbox	1795	287.4	286.4	287.4	1894,1027,15,14	307.2	39.4859987	73.5857754	4439.5
1797	1797	1.804	палка-ручка-пробка	14.3	6.3	лишайник-жёлтый-на-камне	0.962	69.4	-1.0	10.0	10.0	bbox	1796	314.4	312.4	314.4	331,921,12,14	306.9	39.4859971	73.5857640	4439.5
1798	1798	1.840	стакан-марка-красная	13.4	21.2	порода-охристая	1.407	71.0	17.0	13.0	21.4	bbox	1797	100.1	100.1	100.1	1705,785,8,10	306.7	39.4862224	73.5854598	4440.9
1799	1799	0.761	палка-ручка-контроль	6.1	0.4	лишайник-жёлтый-на-камне	0.776	58.0	7.0	20.0	21.2	bbox	1798	246.3	246.3	246.3	33,969,16,8	306.7	39.4859098	73.5858015	4439.5
1800	1800	1.890	стакан-марка-красная	13.2	26.1	порода-в-тени	0.514	23.7	-2.0	3.0	3.6	bbox	1799	252.3	252.3	252.3	1797,179,12,10	306.7	39.4859095	73.5858021	4439.5
1801	1801	1.031	палка-ручка-контроль	8.2	0.0	лишайник-жёлтый-на-камне	2.054	57.6	14.0	28.0	31.3	bbox	1800	261.3	261.3	261.3	1307,297,10,8	306.7	39.4859083	73.5858006	4439.5
1802	1802	1.658	стакан-марка-красная	8.1	36.9	порода-в-тени	0.776	12.9	3.0	2.0	3.6	bbox	1801	237.3	237.3	237.3	9,475,14,16	306.5	39.4859086	73.5857995	4439.5
1803	1803	2.313	палка-ручка-пробка	18.4	5.3	корка-жёлтая-на-скале	1.472	70.4	-9.0	11.0	14.2	bbox	1802	195.3	195.3	195.3	1853,1069,10,11	306.2	39.4859635	73.5857880	4439.5
1804	1804	1.400	стакан-марка-красная	11.2	2.5	порода-охристая	0.422	47.3	13.0	12.0	17.7	bbox	1803	71.1	71.1	71.1	17,199,12,10	305.8	39.4862282	73.5854589	4440.9
1805	1805	1.411	стакан-марка-красная	6.7	31.8	порода-охристая	0.959	18.0	14.0	7.0	15.7	bbox	1804	116.1	114.1	123.2	356,785,13,13	305.7	39.4862241	73.5854633	4440.9
1806	1806	2.170	палка-ручка-контроль	16.1	22.5	корка-жёлтая-на-скале	0.639	35.1	-2.0	12.0	12.2	bbox	1805	262.3	262.3	262.3	181,921,8,17	305.5	39.4859085	73.5858005	4439.5
1807	1807	1.570	стакан-марка-красная	11.5	17.6	порода-в-тени	0.523	32.2	-0.5	1.0	1.1	bbox	1806	330.4	326.4	330.4	57,45,12,10	305.5	39.4860308	73.5856307	4439.6
1808	1808	1.319	стакан-марка-красная	10.1	10.6	снег-розовый	0.701	60.4	1.0	-0.5	1.1	bbox	1807	131.2	131.2	131.2	1889,987,18,6	305.1	39.4862270	73.5854626	4440.9
1809	1809	0.700	палка-ручка-пробка	4.5	11.8	лишайник-жёлтый-на-камне	1.009	63.9	9.0	21.0	22.8	bbox	1808	225.3	225.3	225.3	513,1005,12,12	305.0	39.4859383	73.5857959	4439.5
1810	1810	0.962	палка-ручка-пробка	7.6	3.9	лишайник-жёлтый-на-камне	1.251	71.8	-2.0	26.0	26.1	bbox	1809	246.3	246.3	248.3	97,721,10,12	304.4	39.4859098	73.5858015	4439.5
1811	1811	1.294	стакан-марка-красная	10.2	6.3	порода-в-тени	1.036	43.5	1.0	3.0	3.2	bbox	1810	195.3	195.3	195.3	1533,513,18,12	304.3	39.4859635	73.5857880	4439.5
1812	1812	1.470	рюкзак-синий	11.0	14.1	порода-в-тени	0.386	24.7	0.0	-3.0	3.0	bbox	1811	78.1	78.1	79.1	1901,0,12,8	304.2	39.4862259	73.5854595	4440.9
1813	1813	1.487	стакан-марка-красная	11.7	7.4	порода-охристая	0.534	42.4	15.0	12.0	19.2	bbox	1812	133.2	133.2	134.2	1909,683,11,12	304.2	39.4862277	73.5854628	4440.9
1814	1814	1.503	палка-ручка-пробка	11.0	16.9	корка-жёлтая-на-скале	0.471	58.8	-2.0	14.5	14.6	bbox	1813	189.2	189.2	189.2	105,833,11,10	304.2	39.4859635	73.5857888	4439.5
1815	1815	1.047	предмет-оранжевый	7.2	14.9	порода-охристая	2.704	49.4	24.0	28.0	36.9	bbox	1814	5.0	5.0	6.0	159,0,12,16	304.1	39.4862326	73.5854588	4440.9
1816	1816	1.093	стакан-марка-красная	8.1	11.2	порода-охристая	0.850	38.6	5.5	7.0	8.9	bbox	1815	206.3	206.3	206.3	433,949,13,18	303.9	39.4859367	73.5857911	4439.5
1817	1817	1.326	стакан-марка-красная	10.2	10.2	порода-охристая	0.254	39.6	13.0	11.0	17.0	bbox	1816	125.2	125.2	126.2	491,426,12,15	303.5	39.4862255	73.5854617	4440.9
1818	1818	0.901	палка-ручка-пробка	6.1	13.5	лишайник-жёлтый-на-камне	0.883	89.2	4.0	17.0	17.5	bbox	1817	287.4	286.4	291.4	1889,285,18,16	303.5	39.4859987	73.5857754	4439.5
1819	1819	1.472	стакан-марка-красная	8.2	29.4	порода-в-тени	0.625	20.4	3.0	-1.0	3.2	bbox	1818	257.3	257.3	257.3	1569,217,14,8	303.3	39.4859088	73.5858009	4439.5
1820	1820	0.754	стакан-марка-красная	2.2	19.6	порода-охристая	1.533	30.2	10.0	-1.0	10.0	bbox	1819	231.3	229.3	233.3	21,117,18,6	303.2	39.4859303	73.5857967	4439.5
1821	1821	1.871	стакан-марка-красная	14.8	8.6	корка-жёлтая-на-скале	0.940	41.2	-2.0	8.0	8.2	bbox	1820	153.2	153.2	153.2	1465,653,8,18	303.0	39.4859619	73.5857916	4439.4
1822	1822	1.072	стакан-марка-красная	1.0	29.8	порода-охристая	1.418	20.0	10.0	1.0	10.0	bbox	1821	133.2	131.2	136.2	807,747,10,12	302.6	39.4862277	73.5854628	4440.9
1823	1823	0.846	стакан-марка-красная	6.0	11.0	порода-охристая	0.500	38.8	11.0	7.0	13.0	bbox	1822	211.3	211.3	211.3	1901,15,16,8	302.2	39.4859364	73.5857951	4439.5
1824	1824	1.215	палка-ручка-контроль	9.5	7.4	порода-охристая	0.896	50.2	9.0	17.0	19.2	bbox	1823	192.2	192.2	192.2	1580,129,21,12	302.1	39.4859632	73.5857884	4439.5
1825	1825	1.702	стакан-марка-красная	13.6	2.3	корка-жёлтая-на-скале	0.750	47.5	0.0	9.0	9.0	bbox	1824	130.2	130.2	130.2	27,1063,20,12	301.7	39.4862267	73.5854625	4440.9
1826	1826	1.419	палка-ручка-пробка	11.2	6.8	лишайник-жёлтый-на-камне	1.740	82.5	15.0	18.0	23.4	bbox	1825	317.4	317.4	317.4	51,121,14,8	301.3	39.4860227	73.5856620	4439.5
1827	1827	0.805	палка-ручка-пробка	6.4	2.4	лишайник-жёлтый-на-камне	1.305	73.3	0.0	27.0	27.0	bbox	1826	219.3	219.3	220.3	1489,716,8,10	300.5	39.4859373	73.5857951	4439.5
1828	1828	1.026	палка-ручка-пробка	7.0	14.9	лишайник-жёлтый-на-камне	0.969	60.8	-2.0	23.5	23.6	bbox	1827	196.3	196.3	196.3	1503,6,12,11	300.4	39.4859631	73.5857882	4439.5
1829	1829	1.138	стакан-марка-красная	8.5	11.0	снег-в-тени	0.898	38.8	3.0	-2.0	3.6	bbox	1828	38.0	38.0	41.1	0,731,15,14	300.2	39.4862336	73.5854573	4440.9
1830	1830	1.820	палка-ручка-пробка	14.4	7.1	корка-жёлтая-на-скале	0.972	68.6	-3.0	11.0	11.4	bbox	1829	224.3	224.3	224.3	0,973,13,13	300.2	39.4859380	73.5857959	4439.5
1831	1831	0.558	стакан-марка-красная	3.6	9.2	порода-охристая	0.913	40.6	9.0	4.0	9.8	bbox	1830	151.2	150.2	153.2	855,136,23,8	300.0	39.4859618	73.5857922	4439.5
1832	1832	0.748	предмет-оранжевый	5.8	4.7	порода-охристая	3.144	59.6	25.0	31.0	39.8	bbox	1831	50.1	50.1	50.1	69,12,8,25	299.8	39.4862327	73.5854562	4440.9
1833	1833	1.347	стакан-марка-красная	10.8	1.2	порода-охристая	0.619	48.6	15.0	11.0	18.6	bbox	1832	45.1	45.1	45.1	855,449,14,10	299.6	39.4862328	73.5854569	4440.9
1834	1834	1.323	палка-ручка-пробка	9.8	13.5	лишайник-жёлтый-на-камне	0.959	62.2	9.0	14.0	16.6	bbox	1833	101.1	101.1	101.1	1841,801,12,8	299.4	39.4862222	73.5854602	4440.9
1835	1835	1.151	стакан-марка-красная	7.6	18.0	порода-охристая	0.705	31.8	15.0	7.5	16.8	bbox	1834	347.4	346.4	347.4	685,857,9,12	298.9	39.4860308	73.5856299	4439.6
1836	1836	1.306	палка-ручка-пробка	10.4	1.6	лишайник-жёлтый-на-камне	0.952	74.1	8.0	13.0	15.3	bbox	1835	292.4	292.4	292.4	1881,789,8,12	298.7	39.4859976	73.5857746	4439.5
1837	1837	1.446	стакан-марка-красная	11.2	10.4	снег-розовый	0.807	60.2	1.0	6.0	6.1	bbox	1836	5.0	4.0	5.0	186,449,10,13	298.4	39.4862326	73.5854588	4440.9
1838	1838	1.777	палка-ручка-пробка	12.8	21.6	порода-охристая	0.903	54.1	15.0	15.0	21.2	bbox	1837	130.2	130.2	130.2	1017,873,19,14	298.4	39.4862267	73.5854625	4440.9
1839	1839	2.085	палка-ручка-пробка	16.6	7.2	снег-розовый	0.921	82.9	-2.0	8.0	8.2	bbox	1838	110.1	110.1	110.1	1749,1027,12,12	298.1	39.4862227	73.5854627	4440.9
1840	1840	1.831	стакан-марка-красная	12.0	29.2	порода-в-тени	0.177	20.6	-1.0	0.0	1.0	bbox	1839	79.1	79.1	79.1	1833,53,12,16	297.8	39.4862255	73.5854598	4440.9
1841	1841	1.743	стакан-марка-красная	13.9	2.6	порода-охристая	0.883	52.4	16.0	14.0	21.3	bbox	1840	315.4	315.4	315.4	987,194,6,15	297.8	39.4860025	73.5857379	4439.5
1842	1842	1.693	стакан-марка-красная	7.6	39.2	порода-охристая	1.126	10.6	8.0	8.0	11.3	bbox	1841	329.4	327.4	329.4	126,0,9,23	297.8	39.4860308	73.5856306	4439.6
1843	1843	1.566	палка-ручка-пробка	12.5	0.6	лишайник-жёлтый-на-камне	0.824	76.3	-1.0	12.0	12.0	bbox	1842	20.0	15.0	20.0	1387,685,14,14	297.5	39.4862334	73.5854585	4440.9
1844	1844	1.211	палка-ручка-пробка	8.5	16.3	лишайник-жёлтый-на-камне	0.921	59.4	9.0	15.5	17.9	bbox	1843	63.1	63.1	65.1	861,989,10,22	297.3	39.4862309	73.5854578	4440.9
1845	1845	1.495	стакан-марка-красная	11.2	14.9	порода-охристая	0.637	34.9	16.0	11.0	19.4	bbox	1844	103.1	102.1	105.1	1567,259,12,9	296.8	39.4862221	73.5854608	4440.9
1846	1846	0.760	палка-ручка-пробка	5.1	11.6	лишайник-жёлтый-на-камне	0.518	64.1	6.0	18.0	19.0	bbox	1845	259.3	259.3	259.3	173,547,10,18	296.7	39.4859081	73.5858006	4439.5
1847	1847	1.401	стакан-марка-красная	11.2	2.7	снег-в-тени	0.875	47.1	0.0	-1.0	1.0	bbox	1846	129.2	129.2	129.2	459,595,7,14	296.2	39.4862263	73.5854623	4440.9
1848	1848	1.748	стакан-марка-красная	6.7	42.9	порода-в-тени	1.430	6.9	8.0	-5.0	9.4	bbox	1847	82.1	82.1	82.1	325,946,8,15	295.9	39.4862252	73.5854596	4440.9
1849	1849	1.633	палка-ручка-пробка	12.6	11.4	лишайник-жёлтый-на-камне	0.762	64.3	1.0	11.0	11.0	bbox	1848	291.4	291.4	291.4	1552,81,11,10	295.9	39.4859980	73.5857746	4439.5
1850	1850	0.703	стакан-марка-красная	4.5	12.0	порода-охристая	1.118	37.8	7.0	3.0	7.6	bbox	1849	331.4	331.4	331.4	73,125,10,22	295.9	39.4860306	73.5856305	4439.6
1851	1851	1.140	предмет-оранжевый	8.9	6.3	порода-охристая	2.578	58.0	24.0	26.0	35.4	bbox	1850	145.2	145.2	145.2	917,408,23,9	295.7	39.4859696	73.5857576	4439.7
1852	1852	1.428	стакан-марка-красная	11.2	8.2	снег-розовый	0.831	58.0	0.0	-1.0	1.0	bbox	1851	155.2	153.2	155.2	1719,52,10,13	294.3	39.4859618	73.5857911	4439.5
1853	1853	0.978	предмет-оранжевый	7.8	1.6	лишайник-жёлтый-на-камне	2.131	62.7	15.0	28.0	31.8	bbox	1852	5.0	4.0	6.0	277,59,8,24	294.0	39.4862326	73.5854588	4440.9
1854	1854	2.314	палка-ручка-пробка	18.4	7.6	снег-освещённый	1.528	83.3	-8.0	10.0	12.8	bbox	1853	207.3	207.3	207.3	21,315,12,10	293.8	39.4859364	73.5857938	4439.5
1855	1855	1.567	палка-ручка-пробка	12.0	12.2	корка-жёлтая-на-скале	0.687	63.5	-3.0	14.0	14.3	bbox	1854	127.2	127.2	127.2	143,842,10,9	293.2	39.4862259	73.5854622	4440.9
1856	1856	0.896	палка-ручка-пробка	7.1	4.1	лишайник-жёлтый-на-камне	0.726	79.8	6.0	16.0	17.1	bbox	1855	221.3	221.3	222.3	1785,133,10,11	293.1	39.4859372	73.5857956	4439.5
1857	1857	2.230	стакан-марка-красная	16.8	21.0	корка-жёлтая-на-скале	0.898	28.8	-2.5	11.0	11.3	bbox	1856	310.4	310.4	310.4	1325,901,12,12	293.0	39.4859957	73.5857766	4439.6
1858	1858	1.901	рюкзак-синий	12.0	32.5	порода-в-тени	0.577	6.3	0.0	-2.0	2.0	bbox	1857	165.2	165.2	165.2	1201,1025,16,12	292.5	39.4859635	73.5857902	4439.5
1859	1859	2.070	палка-ручка-пробка	16.6	1.9	снег-розовый	0.901	77.6	-2.0	8.0	8.2	bbox	1858	72.1	72.1	72.1	129,881,16,6	292.3	39.4862278	73.5854587	4440.9
1860	1860	1.963	стакан-марка-красная	14.3	22.5	порода-охристая	0.928	27.3	17.0	14.0	22.0	bbox	1859	270.3	270.3	270.3	257,111,8,16	292.2	39.4860009	73.5857771	4439.5
1861	1861	0.914	палка-ручка-пробка	7.3	2.4	лишайник-жёлтый-на-камне	1.375	73.3	12.0	21.0	24.2	bbox	1860	268.3	268.3	268.3	567,235,18,18	292.1	39.4860009	73.5857768	4439.5
1862	1862	2.005	стакан-марка-красная	14.8	22.0	корка-жёлтая-на-скале	1.156	27.8	-2.0	8.0	8.2	bbox	1861	167.2	167.2	167.2	169,591,8,15	291.9	39.4859634	73.5857895	4439.5
1863	1863	1.556	палка-ручка-контроль	11.7	14.9	порода-охристая	0.538	42.7	10.0	15.0	18.0	bbox	1862	44.1	44.1	45.1	1675,45,14,14	291.4	39.4862332	73.5854571	4440.9
1864	1864	0.626	стакан-марка-красная	5.0	0.8	порода-охристая	0.731	49.0	11.0	6.0	12.5	bbox	1863	152.2	152.2	152.2	1000,984,16,11	291.3	39.4859618	73.5857918	4439.5
1865	1865	0.859	палка-ручка-пробка	5.0	16.5	лишайник-жёлтый-на-камне	0.455	59.2	1.0	20.0	20.0	bbox	1864	181.2	181.2	181.2	1497,181,24,6	291.2	39.4859639	73.5857882	4439.5
1866	1866	1.122	стакан-марка-красная	7.8	15.5	снег-розовый	0.764	65.3	5.0	6.0	7.8	bbox	1865	142.2	140.2	142.2	362,465,20,9	291.0	39.4860217	73.5856279	4440.7
1867	1867	0.760	палка-ручка-контроль	6.1	0.2	лишайник-жёлтый-на-камне	1.624	57.8	12.0	25.0	27.7	bbox	1866	218.3	217.3	218.3	1722,181,11,8	291.0	39.4859374	73.5857951	4439.5
1868	1868	1.879	стакан-марка-красная	11.0	35.7	порода-охристая	0.885	14.1	10.0	12.0	15.6	bbox	1867	260.3	260.3	260.3	33,234,18,9	291.0	39.4859081	73.5858006	4439.5
1869	1869	2.069	стакан-марка-красная	11.0	43.1	снег-освещённый	0.451	92.9	0.0	0.0	0.0	bbox	1868	109.1	108.1	109.1	541,333,12,10	290.9	39.4862224	73.5854627	4440.9
1870	1870	1.349	предмет-оранжевый	9.2	19.6	лишайник-жёлтый-на-камне	2.283	83.9	11.0	32.0	33.8	bbox	1869	61.1	60.1	61.1	1209,185,10,12	290.8	39.4862314	73.5854577	4440.9
1871	1871	1.214	палка-ручка-пробка	9.7	0.8	лишайник-жёлтый-на-камне	0.560	76.5	-0.5	15.0	15.0	bbox	1870	172.2	172.2	172.2	203,0,22,5	290.6	39.4859631	73.5857883	4439.5
1872	1872	1.302	рюкзак-синий	7.3	26.1	порода-в-тени	1.014	12.7	3.0	-7.0	7.6	bbox	1871	119.2	116.1	120.2	517,375,18,12	290.4	39.4862243	73.5854625	4440.9
1873	1873	1.420	стакан-марка-красная	5.8	34.1	порода-в-тени	1.191	15.7	6.0	4.0	7.2	bbox	1872	64.1	64.1	64.1	1895,622,12,15	290.2	39.4862304	73.5854582	4440.9
1874	1874	1.554	палка-ручка-пробка	10.6	22.6	корка-жёлтая-на-скале	0.314	53.1	-2.0	15.0	15.1	bbox	1873	210.3	210.3	210.3	293,579,12,12	290.2	39.4859363	73.5857951	4439.5
1875	1875	0.588	предмет-оранжевый	4.5	5.1	порода-охристая	2.843	59.2	22.0	30.0	37.2	bbox	1874	140.2	140.2	140.2	840,231,9,9	290.1	39.4860803	73.5855491	4440.9
1876	1876	1.618	палка-ручка-контроль	12.5	11.3	порода-охристая	0.587	46.3	12.0	15.0	19.2	bbox	1875	209.3	209.3	209.3	557,1061,14,8	290.1	39.4859363	73.5857952	4439.5
1877	1877	0.208	палка-ручка-контроль	1.4	3.1	лишайник-жёлтый-на-камне	1.243	54.5	7.0	25.0	26.0	bbox	1876	331.4	331.4	331.4	1503,680,13,11	289.7	39.4860306	73.5856305	4439.6
1878	1878	1.101	стакан-марка-красная	8.5	7.4	снег-в-тени	0.861	42.4	3.0	-2.0	3.6	bbox	1877	206.3	206.3	206.3	83,49,14,6	289.6	39.4859367	73.5857911	4439.5
1879	1879	1.160	стакан-марка-красная	8.1	16.1	порода-охристая	0.647	33.7	7.0	8.0	10.6	bbox	1878	292.4	292.4	292.4	937,7,16,12	289.5	39.4859976	73.5857746	4439.5
1880	1880	1.084	палка-ручка-контроль	8.6	3.9	порода-охристая	1.387	53.7	13.0	21.0	24.7	bbox	1879	332.4	332.4	332.4	1354,837,14,8	289.4	39.4860308	73.5856303	4439.6
1881	1881	0.991	палка-ручка-пробка	7.3	11.0	лишайник-жёлтый-на-камне	1.350	86.7	-2.0	25.0	25.1	bbox	1880	251.3	251.3	251.3	229,1011,10,10	289.3	39.4859096	73.5858023	4439.5
1882	1882	1.501	предмет-оранжевый	11.0	16.5	порода-охристая	1.981	47.8	21.0	23.0	31.1	bbox	1881	29.0	29.0	29.0	1021,59,17,13	289.2	39.4862337	73.5854586	4440.9
1883	1883	2.206	стакан-марка-красная	15.2	31.2	снег-розовый	0.892	81.0	-3.0	7.0	7.6	bbox	1882	228.3	225.3	231.3	1705,1073,14,7	289.1	39.4859391	73.5857959	4439.5
1884	1884	1.608	палка-ручка-контроль	12.2	14.7	корка-жёлтая-на-скале	0.544	42.9	4.0	14.0	14.6	bbox	1883	208.3	207.3	208.3	99,97,18,12	289.0	39.4859362	73.5857950	4439.5
1885	1885	1.175	стакан-марка-красная	3.6	30.4	порода-в-тени	1.250	19.4	8.0	-1.0	8.1	bbox	1884	331.4	331.4	335.4	77,775,12,10	288.7	39.4860306	73.5856305	4439.6
1886	1886	1.821	рюкзак-синий	13.0	22.7	порода-в-тени	0.294	16.1	0.0	-1.0	1.0	bbox	1885	134.2	131.2	134.2	1857,945,16,6	288.3	39.4862281	73.5854629	4440.9
1887	1887	1.538	палка-ручка-пробка	11.7	13.7	порода-охристая	0.878	62.0	11.0	13.0	17.0	bbox	1886	150.2	150.2	150.2	459,113,12,14	288.2	39.4859619	73.5857924	4439.5
1888	1888	2.388	стакан-марка-красная	18.0	22.2	корка-жёлтая-на-скале	1.009	27.6	-4.0	11.0	11.7	bbox	1887	324.4	324.4	324.4	1895,321,6,22	288.2	39.4860313	73.5856298	4439.5
1889	1889	1.368	стакан-марка-красная	4.2	35.3	снег-розовый	0.835	85.1	8.0	4.0	8.9	bbox	1888	139.2	139.2	140.2	1057,0,22,8	287.9	39.4861135	73.5855151	4440.9
1890	1890	0.730	палка-ручка-пробка	3.6	16.1	лишайник-жёлтый-на-камне	0.759	59.6	7.0	20.0	21.2	bbox	1889	52.1	52.1	52.1	0,0,9,13	287.7	39.4862329	73.5854561	4440.9
1891	1891	1.823	палка-ручка-пробка	13.4	20.0	корка-жёлтая-на-скале	0.587	55.7	-1.0	11.0	11.0	bbox	1890	177.2	177.2	177.2	417,193,11,8	287.7	39.4859636	73.5857883	4439.5
1892	1892	1.223	стакан-марка-красная	8.2	18.4	порода-в-тени	0.738	31.4	3.0	-1.0	3.2	bbox	1891	57.1	57.1	57.1	1731,979,13,14	287.6	39.4862321	73.5854570	4440.9
1893	1893	1.855	стакан-марка-красная	13.6	20.4	снег-розовый	0.827	70.2	-1.0	7.5	7.6	bbox	1892	113.1	113.1	113.1	17,793,14,6	287.3	39.4862236	73.5854632	4440.9
1894	1894	1.434	стакан-марка-красная	11.2	9.0	порода-охристая	0.631	40.8	16.0	11.0	19.4	bbox	1893	39.1	35.0	39.1	1826,990,15,7	286.6	39.4862335	73.5854574	4440.9
1895	1895	1.102	стакан-марка-красная	7.1	18.4	порода-охристая	0.919	31.4	16.0	6.0	17.1	bbox	1894	46.1	45.1	46.1	991,900,10,11	286.6	39.4862325	73.5854567	4440.9
1896	1896	1.379	палка-ручка-пробка	11.0	4.1	лишайник-жёлтый-на-камне	0.576	71.6	0.5	13.0	13.0	bbox	1895	200.3	200.3	200.3	79,313,16,10	286.6	39.4859445	73.5857873	4439.5
1897	1897	1.108	палка-ручка-контроль	8.1	12.9	порода-охристая	1.416	44.7	13.0	22.0	25.6	bbox	1896	240.3	240.3	240.3	161,549,14,18	286.6	39.4859091	73.5857999	4439.5
1898	1898	1.344	стакан-марка-красная	6.7	29.4	порода-охристая	0.897	20.4	14.0	7.0	15.7	bbox	1897	275.4	275.4	275.4	163,115,14,12	286.6	39.4859992	73.5857767	4439.5
1899	1899	1.146	стакан-марка-красная	5.1	26.7	порода-охристая	0.839	23.1	12.0	6.0	13.4	bbox	1898	257.3	257.3	257.3	231,681,6,24	286.3	39.4859088	73.5858009	4439.5
1900	1900	1.298	палка-ручка-контроль	10.0	9.8	порода-охристая	1.233	47.8	14.0	20.0	24.4	bbox	1899	273.4	272.4	273.4	1443,217,20,13	286.1	39.4859998	73.5857768	4439.6
1901	1901	1.129	стакан-марка-красная	4.5	27.5	снег-розовый	0.952	77.3	9.0	5.0	10.3	bbox	1900	204.3	204.3	204.3	1793,521,10,20	285.9	39.4859388	73.5857879	4439.5
1902	1902	1.498	палка-ручка-контроль	11.4	12.9	порода-охристая	1.140	44.7	15.0	19.0	24.2	bbox	1901	137.2	137.2	137.2	1681,1053,16,8	285.6	39.4861792	73.5854706	4440.9
1903	1903	1.230	предмет-оранжевый	9.4	9.8	лишайник-жёлтый-на-камне	2.000	74.1	15.0	26.0	30.0	bbox	1902	140.2	138.2	140.2	1905,673,11,9	285.5	39.4860803	73.5855491	4440.9
1904	1904	0.946	палка-ручка-пробка	5.8	16.9	лишайник-жёлтый-на-камне	0.269	58.8	2.0	18.0	18.1	bbox	1903	167.2	163.2	169.2	1805,581,12,8	285.5	39.4859634	73.5857895	4439.5
1905	1905	1.283	стакан-марка-красная	8.9	17.6	порода-в-тени	0.793	32.2	3.0	-3.0	4.2	bbox	1904	61.1	55.1	61.1	1840,144,8,13	285.1	39.4862314	73.5854577	4440.9
1906	1906	1.732	палка-ручка-контроль	13.0	16.4	порода-охристая	0.568	41.2	13.0	15.0	19.8	bbox	1905	129.2	129.2	129.2	267,605,8,12	284.8	39.4862263	73.5854623	4440.9
1907	1907	1.885	палка-ручка-пробка	12.1	31.6	корка-жёлтая-на-скале	0.397	44.1	0.0	12.0	12.0	bbox	1906	165.2	165.2	165.2	1617,985,14,12	284.7	39.4859635	73.5857902	4439.5
1908	1908	1.977	стакан-марка-красная	14.3	23.5	снег-розовый	0.815	73.3	-2.0	7.0	7.3	bbox	1907	224.3	224.3	224.3	1185,575,10,20	284.6	39.4859380	73.5857959	4439.5
1909	1909	1.427	стакан-марка-красная	4.1	37.3	порода-в-тени	1.166	12.5	7.0	0.0	7.0	bbox	1908	237.3	237.3	237.3	481,329,10,16	284.6	39.4859086	73.5857995	4439.5
1910	1910	1.349	стакан-марка-красная	5.4	32.7	порода-в-тени	1.007	17.1	6.0	-1.0	6.1	bbox	1909	137.2	137.2	137.2	13,389,14,17	284.1	39.4861792	73.5854706	4440.9
1911	1911	1.705	стакан-марка-красная	12.1	22.2	порода-охристая	0.744	27.6	6.0	12.0	13.4	bbox	1910	220.3	220.3	220.3	158,13,13,12	284.1	39.4859372	73.5857952	4439.5
1912	1912	1.887	стакан-марка-красная	13.9	20.4	порода-в-тени	0.932	29.4	-2.0	6.0	6.3	bbox	1911	35.0	35.0	39.1	811,937,8,13	283.8	39.4862336	73.5854577	4440.9
1913	1913	2.070	рюкзак-синий	14.1	30.2	порода-в-тени	0.456	8.6	-1.0	0.0	1.0	bbox	1912	129.2	129.2	129.2	1593,1041,14,18	283.8	39.4862263	73.5854623	4440.9
1914	1914	1.710	стакан-марка-красная	12.8	16.9	корка-жёлтая-на-скале	0.820	32.9	3.0	11.0	11.4	bbox	1913	215.3	215.3	215.3	1911,241,9,18	283.6	39.4859375	73.5857951	4439.5
1915	1915	1.941	стакан-марка-красная	14.8	16.9	снег-розовый	0.982	66.7	-2.0	8.0	8.2	bbox	1914	40.1	40.1	40.1	685,693,11,12	283.5	39.4862335	73.5854573	4440.9
1916	1916	0.405	палка-ручка-контроль	2.8	5.5	лишайник-жёлтый-на-камне	1.156	63.1	8.0	24.0	25.3	bbox	1915	331.4	331.4	331.4	1562,438,11,11	283.3	39.4860306	73.5856305	4439.6
1917	1917	0.901	палка-ручка-контроль	7.2	0.1	лишайник-жёлтый-на-камне	1.427	57.5	12.0	22.0	25.1	bbox	1916	217.3	217.3	217.3	1889,981,11,10	283.2	39.4859374	73.5857951	4439.5
1918	1918	1.423	стакан-марка-красная	6.4	32.9	порода-в-тени	1.038	16.9	6.0	-3.0	6.7	bbox	1917	287.4	287.4	287.4	693,1054,14,7	283.2	39.4859987	73.5857754	4439.5
1919	1919	1.206	палка-ручка-пробка	8.6	15.3	лишайник-жёлтый-на-камне	0.952	91.0	0.0	16.0	16.0	bbox	1918	86.1	86.1	87.1	1536,500,8,13	282.7	39.4862243	73.5854588	4440.9
1920	1920	2.015	стакан-марка-красная	13.9	28.6	порода-в-тени	1.132	21.2	-1.0	8.0	8.1	bbox	1919	158.2	158.2	158.2	1721,1020,16,10	282.7	39.4859625	73.5857916	4439.5
1921	1921	1.341	палка-ручка-контроль	6.1	30.9	порода-охристая	1.804	26.7	12.0	25.0	27.7	bbox	1920	253.3	253.3	253.3	0,937,8,13	282.7	39.4859094	73.5858019	4439.5
1922	1922	1.922	палка-ручка-пробка	15.2	7.3	снег-розовый	1.007	68.4	-1.0	9.0	9.1	bbox	1921	127.2	127.2	127.2	1701,1059,10,12	282.5	39.4862259	73.5854622	4440.9
1923	1923	1.827	стакан-марка-красная	14.4	8.2	корка-жёлтая-на-скале	0.844	58.0	-1.0	9.0	9.1	bbox	1922	13.0	13.0	14.0	758,1067,8,13	282.4	39.4862335	73.5854589	4440.9
1924	1924	2.061	палка-ручка-пробка	16.3	7.4	снег-розовый	0.891	83.1	-1.5	8.0	8.1	bbox	1923	51.1	51.1	51.1	1265,969,8,14	282.0	39.4862328	73.5854564	4440.9
1925	1925	0.804	стакан-марка-красная	4.6	15.7	снег-в-тени	1.455	34.1	10.0	-3.5	10.6	bbox	1924	82.1	82.1	82.1	113,985,8,14	281.5	39.4862252	73.5854596	4440.9
1926	1926	1.707	стакан-марка-красная	13.6	4.1	корка-жёлтая-на-скале	0.781	53.9	0.0	9.0	9.0	bbox	1925	25.0	25.0	26.0	66,585,15,14	281.4	39.4862334	73.5854584	4440.9
1927	1927	1.752	стакан-марка-красная	13.9	5.5	порода-охристая	0.759	44.3	16.0	14.0	21.3	bbox	1926	194.2	194.2	194.2	1682,857,11,8	281.4	39.4859634	73.5857882	4439.5
1928	1928	0.913	палка-ручка-пробка	6.1	14.1	лишайник-жёлтый-на-камне	0.962	61.6	-1.0	24.0	24.0	bbox	1927	288.4	288.4	288.4	1863,649,15,17	281.4	39.4859984	73.5857752	4439.5
1929	1929	0.411	палка-ручка-пробка	1.0	11.0	лишайник-жёлтый-на-камне	1.050	86.7	5.0	22.0	22.6	bbox	1928	269.3	269.3	269.3	1898,65,13,16	281.2	39.4860011	73.5857770	4439.5
1930	1930	1.465	палка-ручка-пробка	11.7	1.9	лишайник-жёлтый-на-камне	1.160	77.6	9.0	12.0	15.0	bbox	1929	72.1	71.1	72.1	694,601,11,10	281.1	39.4862278	73.5854587	4440.9
1931	1931	2.087	палка-ручка-пробка	16.6	7.6	снег-розовый	0.924	83.3	-2.0	8.0	8.2	bbox	1930	56.1	56.1	56.1	1715,1043,11,14	281.0	39.4862324	73.5854565	4440.9
1932	1932	0.631	стакан-марка-красная	4.1	10.2	снег-в-тени	1.651	39.6	12.0	-3.0	12.4	bbox	1931	83.1	82.1	83.1	117,213,8,19	280.6	39.4862250	73.5854593	4440.9
1933	1933	1.320	стакан-марка-красная	9.8	13.3	порода-охристая	0.520	36.5	15.0	10.0	18.0	bbox	1932	134.2	134.2	134.2	847,905,14,8	280.3	39.4862281	73.5854629	4440.9
1934	1934	1.424	стакан-марка-красная	11.0	9.8	снег-розовый	0.733	59.6	0.0	0.0	0.0	bbox	1933	174.2	174.2	174.2	839,417,14,8	280.3	39.4859633	73.5857879	4439.5
1935	1935	1.092	палка-ручка-пробка	8.7	0.2	лишайник-жёлтый-на-камне	1.265	75.5	-3.5	25.0	25.2	bbox	1934	189.2	189.2	189.2	53,1021,8,16	280.2	39.4859635	73.5857888	4439.5
1936	1936	1.903	стакан-марка-красная	13.9	21.8	порода-охристая	0.982	28.0	18.0	13.0	22.2	bbox	1935	266.3	266.3	266.3	5,265,9,10	279.9	39.4859884	73.5857801	4439.5
1937	1937	1.058	предмет-оранжевый	7.6	12.9	лишайник-жёлтый-на-камне	2.282	51.4	13.0	31.0	33.6	bbox	1936	291.4	291.4	291.4	1808,994,13,11	279.9	39.4859980	73.5857746	4439.5
1938	1938	1.445	стакан-марка-красная	4.2	37.6	порода-в-тени	1.290	12.2	8.0	-2.0	8.2	bbox	1937	159.2	159.2	160.2	1345,281,15,16	279.8	39.4859626	73.5857915	4439.5
1939	1939	1.711	палка-ручка-контроль	10.3	31.5	корка-жёлтая-на-скале	0.990	26.1	-2.0	19.5	19.6	bbox	1938	310.4	310.4	310.4	1245,899,20,10	279.8	39.4859957	73.5857766	4439.6
1940	1940	1.143	стакан-марка-красная	3.6	29.4	порода-в-тени	1.381	20.4	9.0	-2.0	9.2	bbox	1939	320.4	320.4	320.4	1482,307,11,10	279.8	39.4860316	73.5856303	4439.6
1941	1941	1.136	предмет-оранжевый	7.1	20.0	порода-охристая	2.315	44.3	15.0	29.0	32.6	bbox	1940	1.0	0.0	1.0	929,658,14,15	279.7	39.4862323	73.5854594	4440.9
1942	1942	1.699	стакан-марка-красная	11.2	27.1	порода-в-тени	0.264	22.7	0.0	-1.0	1.0	bbox	1941	233.3	233.3	233.3	1201,993,8,11	279.3	39.4859195	73.5857977	4439.5
1943	1943	2.253	палка-ручка-пробка	17.8	9.8	корка-жёлтая-на-скале	1.350	65.9	-9.0	12.0	15.0	bbox	1942	199.3	199.3	199.3	83,25,12,9	279.2	39.4859488	73.5857875	4439.5
1944	1944	1.041	палка-ручка-пробка	8.2	4.1	лишайник-жёлтый-на-камне	0.845	79.8	7.0	15.0	16.6	bbox	1943	22.0	22.0	22.0	1346,205,11,12	278.8	39.4862334	73.5854583	4440.9
1945	1945	1.605	стакан-марка-красная	12.6	7.6	порода-охристая	0.575	42.2	15.0	13.0	19.8	bbox	1944	135.2	135.2	136.2	297,839,8,14	278.0	39.4862226	73.5854620	4440.9
1946	1946	1.946	палка-ручка-контроль	13.5	27.4	порода-охристая	0.852	30.2	15.0	16.0	21.9	bbox	1945	257.3	257.3	257.3	1505,214,12,11	278.0	39.4859088	73.5858009	4439.5
1947	1947	1.911	стакан-марка-красная	15.3	2.9	корка-жёлтая-на-скале	0.810	52.7	-2.0	9.0	9.2	bbox	1946	110.1	110.1	110.1	1425,851,6,14	277.9	39.4862227	73.5854627	4440.9
1948	1948	1.009	палка-ручка-пробка	8.1	1.6	лишайник-жёлтый-на-камне	1.683	77.3	13.0	24.0	27.3	bbox	1947	262.3	262.3	262.3	535,513,11,11	277.8	39.4859085	73.5858005	4439.5
1949	1949	1.717	стакан-марка-красная	8.2	38.4	снег-розовый	1.294	88.2	9.0	9.0	12.7	bbox	1948	100.1	100.1	100.1	1689,995,12,10	277.5	39.4862224	73.5854598	4440.9
1950	1950	0.681	палка-ручка-пробка	5.1	6.7	лишайник-жёлтый-на-камне	0.530	69.0	6.0	18.0	19.0	bbox	1949	231.3	231.3	231.3	1735,67,26,6	277.5	39.4859303	73.5857967	4439.5
1951	1951	1.127	палка-ручка-пробка	8.2	12.7	лишайник-жёлтый-на-камне	1.060	88.4	7.0	15.0	16.6	bbox	1950	98.1	98.1	100.1	1731,549,14,6	276.9	39.4862226	73.5854596	4440.9
1952	1952	1.389	стакан-марка-красная	10.4	13.3	порода-охристая	0.960	63.1	14.0	11.0	17.8	bbox	1951	318.4	318.4	318.4	21,85,12,12	276.4	39.4860303	73.5856355	4439.5
1953	1953	0.948	стакан-марка-красная	7.2	8.2	порода-охристая	0.716	41.6	7.0	7.0	9.9	bbox	1952	279.4	279.4	279.4	287,447,10,18	276.2	39.4859997	73.5857783	4439.5
1954	1954	1.884	стакан-марка-красная	14.8	10.6	корка-жёлтая-на-скале	1.015	60.4	-2.0	8.0	8.2	bbox	1953	11.0	11.0	11.0	711,979,14,14	276.1	39.4862333	73.5854589	4440.9
1955	1955	1.432	стакан-марка-красная	5.0	36.1	порода-в-тени	1.297	13.7	8.0	-3.0	8.5	bbox	1954	34.0	34.0	34.0	1813,988,11,13	275.7	39.4862336	73.5854574	4440.9
1956	1956	1.860	предмет-оранжевый	12.1	30.4	порода-охристая	3.367	33.9	31.0	29.0	42.4	bbox	1955	12.0	12.0	12.0	1233,107,16,14	275.6	39.4862333	73.5854588	4440.9
1957	1957	2.056	стакан-марка-красная	14.0	30.0	порода-охристая	0.841	19.8	12.0	15.0	19.2	bbox	1956	287.4	287.4	287.4	333,289,11,20	275.6	39.4859987	73.5857754	4439.5
1958	1958	1.730	палка-ручка-контроль	12.0	23.9	порода-охристая	1.022	33.7	15.0	18.0	23.4	bbox	1957	87.1	87.1	89.1	1445,279,25,6	275.4	39.4862241	73.5854588	4440.9
1959	1959	0.307	палка-ручка-пробка	1.0	7.9	лишайник-жёлтый-на-камне	0.905	67.8	6.0	23.0	23.8	bbox	1958	267.3	267.3	267.3	0,371,9,17	275.3	39.4859991	73.5857774	4439.5
1960	1960	0.560	палка-ручка-контроль	4.1	6.1	лишайник-жёлтый-на-камне	1.416	63.7	10.0	25.0	26.9	bbox	1959	243.3	243.3	243.3	1649,945,12,10	275.1	39.4859093	73.5858010	4439.5
1961	1961	0.741	палка-ручка-пробка	5.1	10.6	лишайник-жёлтый-на-камне	0.910	65.1	0.0	24.0	24.0	bbox	1960	224.3	224.3	227.3	261,309,8,28	275.0	39.4859380	73.5857959	4439.5
1962	1962	1.981	стакан-марка-красная	15.3	14.9	корка-жёлтая-на-скале	0.995	64.7	-2.0	9.0	9.2	bbox	1961	53.1	50.1	55.1	1427,759,10,14	274.6	39.4862328	73.5854563	4440.9
1963	1963	1.766	палка-ручка-контроль	13.5	15.1	порода-охристая	0.987	42.5	16.0	17.0	23.3	bbox	1962	229.3	229.3	235.3	945,737,8,8	274.5	39.4859386	73.5857961	4439.5
1964	1964	1.072	палка-ручка-контроль	8.5	2.7	порода-охристая	1.655	54.9	14.0	23.0	26.9	bbox	1963	268.3	268.3	269.3	1626,335,15,16	274.2	39.4860009	73.5857768	4439.5
1965	1965	0.280	палка-ручка-контроль	2.2	0.4	лишайник-жёлтый-на-камне	1.278	58.0	8.0	25.0	26.2	bbox	1964	262.3	262.3	262.3	1649,97,16,10	274.1	39.4859085	73.5858005	4439.5
1966	1966	0.821	палка-ручка-пробка	5.0	14.9	лишайник-жёлтый-на-камне	0.808	60.8	0.0	23.0	23.0	bbox	1965	225.3	225.3	225.3	563,345,6,24	274.0	39.4859383	73.5857959	4439.5
1967	1967	1.827	стакан-марка-красная	13.0	23.1	порода-в-тени	0.256	26.7	-2.0	0.0	2.0	bbox	1966	92.1	92.1	95.1	921,669,8,10	273.9	39.4862233	73.5854590	4440.9
1968	1968	1.250	палка-ручка-пробка	10.0	0.2	лишайник-жёлтый-на-камне	0.727	75.9	-3.0	17.0	17.3	bbox	1967	193.2	193.2	193.2	1881,1067,10,10	273.7	39.4859633	73.5857883	4439.5
1969	1969	1.056	палка-древко-контроль	8.1	8.8	снег-в-тени	0.508	50.4	-4.0	-8.0	8.9	bbox	1968	5.0	3.0	5.0	1837,865,20,8	273.6	39.4862326	73.5854588	4440.9
1970	1970	0.940	стакан-марка-красная	7.2	7.4	порода-охристая	0.721	42.4	7.0	7.0	9.9	bbox	1969	243.3	243.3	243.3	153,903,8,10	273.5	39.4859093	73.5858010	4439.5
1971	1971	1.339	стакан-марка-красная	10.1	12.3	порода-охристая	0.191	37.5	12.5	11.0	16.7	bbox	1970	246.3	246.3	247.3	181,695,10,10	273.4	39.4859098	73.5858015	4439.5
1972	1972	1.390	палка-ручка-контроль	10.8	9.0	порода-охристая	1.284	48.6	15.0	20.0	25.0	bbox	1971	318.4	318.4	318.4	1906,51,14,13	273.2	39.4860303	73.5856355	4439.5
1973	1973	1.698	стакан-марка-красная	11.7	24.3	порода-в-тени	0.261	25.5	-0.5	-1.0	1.1	bbox	1972	121.2	117.2	127.2	561,545,12,10	273.1	39.4862246	73.5854616	4440.9
1974	1974	0.752	палка-ручка-контроль	6.0	1.4	лишайник-жёлтый-на-камне	1.954	59.0	6.0	32.0	32.6	bbox	1973	291.4	291.4	291.4	1161,17,4,18	272.8	39.4859980	73.5857746	4439.5
1975	1975	1.390	стакан-марка-красная	8.9	23.1	порода-охристая	0.699	26.7	7.0	9.0	11.4	bbox	1974	152.2	152.2	152.2	219,337,6,16	272.7	39.4859618	73.5857918	4439.5
1976	1976	1.826	палка-ручка-контроль	13.5	20.0	порода-охристая	0.977	37.6	16.0	17.0	23.3	bbox	1975	259.3	259.3	259.3	501,413,8,12	272.7	39.4859081	73.5858006	4439.5
1977	1977	1.508	стакан-марка-красная	11.2	15.9	снег-освещённый	0.568	65.7	0.0	-1.0	1.0	bbox	1976	44.1	44.1	44.1	17,827,16,9	272.5	39.4862332	73.5854571	4440.9
1978	1978	1.905	палка-ручка-пробка	15.2	1.6	снег-розовый	0.952	77.3	-1.0	9.0	9.1	bbox	1977	121.2	119.2	122.2	905,707,19,6	272.2	39.4862246	73.5854616	4440.9
1979	1979	0.514	палка-ручка-контроль	4.0	3.3	лишайник-жёлтый-на-камне	1.557	54.3	10.0	26.0	27.9	bbox	1978	83.1	83.1	83.1	1025,0,16,5	272.1	39.4862250	73.5854593	4440.9
1980	1980	1.082	стакан-марка-красная	8.2	9.2	снег-розовый	0.772	59.0	3.0	-1.0	3.2	bbox	1979	348.4	347.4	348.4	1827,383,14,14	272.1	39.4860309	73.5856298	4439.6
1981	1981	1.695	стакан-марка-красная	5.7	43.1	порода-в-тени	1.438	6.7	7.0	5.0	8.6	bbox	1980	81.1	81.1	81.1	795,1051,14,12	272.0	39.4862252	73.5854596	4440.9
1982	1982	1.016	стакан-марка-красная	5.8	19.8	снег-розовый	0.946	69.6	8.0	6.0	10.0	bbox	1981	264.3	264.3	264.3	1685,33,7,16	272.0	39.4859257	73.5857967	4439.5
1983	1983	0.996	стакан-марка-красная	2.8	26.1	порода-в-тени	1.380	23.7	9.0	-1.0	9.1	bbox	1982	331.4	331.4	331.4	201,326,12,11	272.0	39.4860306	73.5856305	4439.6
1984	1984	1.898	палка-ручка-пробка	14.8	12.4	корка-жёлтая-на-скале	0.872	63.3	-2.0	10.0	10.2	bbox	1983	76.1	76.1	76.1	1845,131,9,14	271.8	39.4862266	73.5854594	4440.9
1985	1985	1.005	палка-ручка-пробка	6.1	18.4	лишайник-жёлтый-на-камне	1.255	94.1	-1.0	22.0	22.0	bbox	1984	138.2	138.2	138.2	483,337,14,12	271.8	39.4861474	73.5854883	4440.9
1986	1986	1.681	палка-ручка-пробка	10.6	28.8	корка-жёлтая-на-скале	0.252	46.9	-2.0	15.0	15.1	bbox	1985	236.3	236.3	236.3	1485,423,12,12	271.6	39.4859082	73.5857993	4439.5
1987	1987	0.782	палка-ручка-пробка	6.1	5.1	лишайник-жёлтый-на-камне	0.969	70.6	-1.0	24.0	24.0	bbox	1986	325.4	325.4	325.4	1837,417,12,8	271.6	39.4860314	73.5856299	4439.6
1988	1988	1.645	палка-ручка-контроль	12.2	17.6	корка-жёлтая-на-скале	0.586	40.0	4.0	14.0	14.6	bbox	1987	133.2	133.2	133.2	353,717,14,18	271.5	39.4862277	73.5854628	4440.9
1989	1989	1.058	палка-ручка-контроль	7.6	12.9	порода-охристая	1.055	44.7	9.0	19.0	21.0	bbox	1988	208.3	208.3	208.3	1901,472,14,9	271.3	39.4859362	73.5857950	4439.5
1990	1990	1.734	палка-ручка-контроль	11.0	29.4	корка-жёлтая-на-скале	0.937	28.2	5.0	15.0	15.8	bbox	1989	225.3	225.3	226.3	598,627,11,15	271.2	39.4859383	73.5857959	4439.5
1991	1991	1.919	палка-ручка-пробка	15.2	6.7	снег-розовый	0.967	82.4	-1.0	9.0	9.1	bbox	1990	118.2	118.2	118.2	71,681,8,16	270.8	39.4862244	73.5854629	4440.9
1992	1992	0.640	стакан-марка-красная	5.0	3.9	снег-в-тени	1.154	45.9	7.0	-2.0	7.3	bbox	1991	340.4	340.4	340.4	569,1031,10,8	270.7	39.4860316	73.5856298	4439.6
1993	1993	1.637	стакан-марка-красная	11.4	22.5	порода-охристая	0.561	27.3	14.0	12.0	18.4	bbox	1992	125.2	125.2	125.2	119,569,18,12	270.6	39.4862255	73.5854617	4440.9
1994	1994	1.175	предмет-оранжевый	9.2	6.5	порода-охристая	2.331	57.8	22.0	25.0	33.3	bbox	1993	68.1	68.1	68.1	7,269,10,10	269.6	39.4862293	73.5854584	4440.9
1995	1995	0.957	стакан-марка-красная	7.6	2.7	порода-охристая	0.614	47.1	8.0	8.0	11.3	bbox	1994	154.2	154.2	154.2	663,161,10,10	269.6	39.4859617	73.5857913	4439.5
1996	1996	0.605	палка-ручка-пробка	4.5	6.5	лишайник-жёлтый-на-камне	1.456	82.2	9.0	25.0	26.6	bbox	1995	20.0	15.0	20.0	31,443,10,14	269.4	39.4862334	73.5854585	4440.9
1997	1997	1.683	палка-ручка-контроль	13.5	1.9	порода-охристая	1.011	55.7	15.0	16.0	21.9	bbox	1996	130.2	130.2	130.2	1140,299,9,14	269.4	39.4862267	73.5854625	4440.9
1998	1998	0.868	стакан-марка-красная	5.0	16.9	снег-розовый	0.925	66.7	8.0	5.0	9.4	bbox	1997	238.3	238.3	238.3	441,159,13,10	269.3	39.4859089	73.5857998	4439.5
1999	1999	1.702	палка-ручка-пробка	12.5	18.6	корка-жёлтая-на-скале	0.515	57.1	-1.0	12.0	12.0	bbox	1998	244.3	244.3	244.3	265,969,8,8	269.3	39.4859095	73.5858011	4439.5
2000	2000	1.958	стакан-марка-красная	13.0	30.6	снег-розовый	0.633	80.4	-1.0	6.0	6.1	bbox	1999	331.4	327.4	331.4	669,569,12,8	269.1	39.4860306	73.5856305	4439.6
2001	2001	0.813	стакан-марка-красная	6.4	3.9	порода-охристая	0.844	45.9	7.0	6.0	9.2	bbox	2000	339.4	334.4	339.4	796,57,13,10	269.0	39.4860317	73.5856298	4439.6
2002	2002	2.147	стакан-марка-красная	12.1	42.7	порода-в-тени	1.027	7.1	0.0	6.0	6.0	bbox	2001	313.4	312.4	313.4	805,993,10,10	268.6	39.4859951	73.5857759	4439.5
2003	2003	1.479	стакан-марка-красная	11.2	13.5	порода-в-тени	0.620	36.3	0.0	-1.0	1.0	bbox	2002	193.2	193.2	193.2	900,225,11,14	268.5	39.4859633	73.5857883	4439.5
2004	2004	0.991	палка-ручка-пробка	7.8	4.5	лишайник-жёлтый-на-камне	1.391	80.2	-2.0	26.5	26.6	bbox	2003	248.3	248.3	248.3	315,112,6,17	268.4	39.4859098	73.5858019	4439.5
2005	2005	1.016	предмет-оранжевый	7.8	7.8	порода-охристая	2.827	56.5	25.0	28.0	37.5	bbox	2004	141.2	141.2	141.2	1133,567,8,12	268.2	39.4860486	73.5855872	4440.8
2006	2006	1.564	стакан-марка-красная	5.1	40.0	снег-розовый	1.200	89.8	10.0	6.0	11.7	bbox	2005	141.2	141.2	141.2	1521,209,16,6	267.8	39.4860486	73.5855872	4440.8
2007	2007	1.445	палка-ручка-контроль	11.2	9.6	порода-охристая	0.671	48.0	10.0	15.5	18.4	bbox	2006	103.1	102.1	103.1	1795,1057,10,8	267.7	39.4862221	73.5854608	4440.9
2008	2008	2.056	палка-ручка-пробка	16.4	4.5	снег-розовый	1.332	80.2	-5.0	10.0	11.2	bbox	2007	181.2	178.2	181.2	143,1033,18,10	267.6	39.4859639	73.5857882	4439.5
2009	2009	0.963	палка-ручка-пробка	7.3	8.8	лишайник-жёлтый-на-камне	1.119	66.9	-2.0	25.0	25.1	bbox	2008	247.3	247.3	247.3	1449,175,16,8	267.6	39.4859100	73.5858018	4439.5
2010	2010	1.546	стакан-марка-красная	12.2	7.8	порода-в-тени	0.780	42.0	-1.0	-1.0	1.4	bbox	2009	323.4	323.4	323.4	993,833,8,8	267.5	39.4860310	73.5856301	4439.5
2011	2011	1.256	палка-ручка-контроль	9.8	7.0	порода-охристая	1.526	50.6	15.0	22.0	26.6	bbox	2010	262.3	262.3	266.3	612,115,13,12	267.4	39.4859085	73.5858005	4439.5
2012	2012	2.265	стакан-марка-красная	13.9	40.6	порода-в-тени	0.962	9.2	-2.0	6.0	6.3	bbox	2011	315.4	315.4	315.4	977,737,15,6	267.2	39.4860025	73.5857379	4439.5
2013	2013	0.448	палка-ручка-пробка	2.2	9.8	лишайник-жёлтый-на-камне	1.136	85.5	7.0	22.0	23.1	bbox	2012	22.0	19.0	22.0	179,119,9,14	266.9	39.4862334	73.5854583	4440.9
2014	2014	1.236	предмет-оранжевый	9.8	3.0	лишайник-жёлтый-на-камне	2.017	67.3	16.0	25.0	29.7	bbox	2013	67.1	67.1	67.1	41,51,16,6	266.9	39.4862298	73.5854582	4440.9
2015	2015	1.993	стакан-марка-красная	15.2	16.5	порода-охристая	0.919	33.3	17.0	15.0	22.7	bbox	2014	33.0	33.0	33.0	1595,33,12,12	266.2	39.4862336	73.5854573	4440.9
2016	2016	1.133	палка-ручка-контроль	8.9	5.1	лишайник-жёлтый-на-камне	1.703	62.7	-2.0	30.0	30.1	bbox	2015	198.3	198.3	198.3	1825,742,9,9	266.1	39.4859532	73.5857876	4439.5
2017	2017	1.197	стакан-марка-красная	9.2	9.0	снег-розовый	0.768	58.8	2.0	-1.0	2.2	bbox	2016	71.1	71.1	74.1	993,919,8,10	265.7	39.4862282	73.5854589	4440.9
2018	2018	0.231	палка-ручка-пробка	0.0	6.5	лишайник-жёлтый-на-камне	1.028	82.2	5.0	23.0	23.5	bbox	2017	198.3	198.3	198.3	155,865,7,16	265.7	39.4859532	73.5857876	4439.5
2019	2019	1.591	предмет-оранжевый	10.2	26.7	порода-охристая	2.129	37.6	22.0	24.0	32.6	bbox	2018	139.2	139.2	140.2	841,31,12,11	265.6	39.4861135	73.5855151	4440.9
2020	2020	1.183	палка-ручка-контроль	9.4	2.7	порода-охристая	1.432	54.9	14.0	21.0	25.2	bbox	2019	266.3	263.3	266.3	1879,409,10,14	265.4	39.4859884	73.5857801	4439.5
2021	2021	0.983	предмет-оранжевый	7.8	3.2	порода-охристая	3.107	67.5	26.0	29.0	38.9	bbox	2020	67.1	67.1	67.1	270,215,15,6	265.3	39.4862298	73.5854582	4440.9
2022	2022	1.426	рюкзак-синий	11.0	10.6	порода-в-тени	0.531	28.2	1.0	-3.0	3.2	bbox	2021	150.2	150.2	150.2	1233,65,24,8	265.2	39.4859619	73.5857924	4439.5
2023	2023	0.920	палка-ручка-пробка	6.3	13.2	лишайник-жёлтый-на-камне	0.634	62.5	-1.0	21.0	21.0	bbox	2022	198.3	198.3	198.3	185,297,16,14	264.9	39.4859532	73.5857876	4439.5
2024	2024	1.778	стакан-марка-красная	14.0	8.6	корка-жёлтая-на-скале	0.789	41.2	-0.5	9.0	9.0	bbox	2023	114.1	108.1	114.1	1463,779,8,12	264.6	39.4862238	73.5854635	4440.9
2025	2025	1.800	палка-ручка-контроль	13.5	18.0	порода-охристая	0.802	39.6	15.0	16.0	21.9	bbox	2024	127.2	127.2	127.2	165,737,16,12	264.4	39.4862259	73.5854622	4440.9
2026	2026	1.630	палка-ручка-пробка	13.0	0.6	лишайник-жёлтый-на-камне	1.079	76.3	-6.0	16.0	17.1	bbox	2025	84.1	84.1	84.1	0,733,8,18	264.3	39.4862247	73.5854591	4440.9
2027	2027	1.672	стакан-марка-красная	12.0	20.4	порода-в-тени	0.367	29.4	-1.0	0.0	1.0	bbox	2026	224.3	224.3	224.3	1217,918,8,21	264.0	39.4859380	73.5857959	4439.5
2028	2028	1.630	палка-ручка-контроль	12.2	16.4	порода-охристая	0.540	41.2	8.0	14.0	16.1	bbox	2027	174.2	174.2	176.2	0,977,9,9	263.7	39.4859633	73.5857879	4439.5
2029	2029	1.670	палка-ручка-пробка	13.0	10.8	корка-жёлтая-на-скале	0.789	64.9	0.0	11.0	11.0	bbox	2028	224.3	224.3	224.3	26,797,11,20	263.6	39.4859380	73.5857959	4439.5
2030	2030	0.828	палка-ручка-пробка	6.5	4.5	лишайник-жёлтый-на-камне	0.212	71.2	2.5	17.0	17.2	bbox	2029	325.4	322.4	325.4	73,825,18,10	263.6	39.4860314	73.5856299	4439.6
2031	2031	0.561	палка-ручка-пробка	4.2	5.1	лишайник-жёлтый-на-камне	0.858	70.6	8.0	20.0	21.5	bbox	2030	128.2	128.2	128.2	209,16,11,11	263.3	39.4862260	73.5854623	4440.9
2032	2032	0.733	стакан-марка-красная	3.6	16.1	порода-охристая	0.839	33.7	12.0	4.5	12.8	bbox	2031	62.1	62.1	66.1	867,823,8,15	263.1	39.4862310	73.5854577	4440.9
2033	2033	1.650	стакан-марка-красная	13.0	8.0	корка-жёлтая-на-скале	1.152	41.8	-1.0	6.0	6.1	bbox	2032	270.3	270.3	270.3	1893,1065,12,10	262.9	39.4860009	73.5857771	4439.5
2034	2034	2.155	стакан-марка-красная	15.7	25.3	порода-охристая	1.123	24.5	18.0	15.0	23.4	bbox	2033	69.1	69.1	69.1	79,5,12,10	262.8	39.4862288	73.5854587	4440.9
2035	2035	1.703	стакан-марка-красная	9.2	35.1	снег-освещённый	0.422	84.9	2.0	-1.0	2.2	bbox	2034	159.2	158.2	159.2	305,209,16,8	262.7	39.4859626	73.5857915	4439.5
2036	2036	1.615	палка-ручка-пробка	10.6	25.7	корка-жёлтая-на-скале	0.403	50.0	-3.0	16.0	16.3	bbox	2035	207.3	207.3	207.3	347,397,14,14	262.4	39.4859364	73.5857938	4439.5
2037	2037	1.241	палка-ручка-пробка	9.8	4.3	лишайник-жёлтый-на-камне	0.975	71.4	9.0	14.0	16.6	bbox	2036	343.4	343.4	343.4	481,283,14,12	262.3	39.4860316	73.5856295	4439.6
2038	2038	1.136	предмет-оранжевый	8.9	5.7	лишайник-жёлтый-на-камне	2.095	58.6	16.0	26.0	30.5	bbox	2037	67.1	67.1	67.1	153,97,14,16	262.1	39.4862298	73.5854582	4440.9
2039	2039	1.618	стакан-марка-красная	3.6	43.5	порода-в-тени	1.438	6.3	8.0	3.0	8.5	bbox	2038	254.3	254.3	254.3	1805,187,10,13	262.1	39.4859093	73.5858015	4439.5
2040	2040	1.479	стакан-марка-красная	9.1	26.7	порода-в-тени	0.525	23.1	2.0	0.0	2.0	bbox	2039	268.3	268.3	268.3	697,1069,10,11	261.8	39.4860009	73.5857768	4439.5
2041	2041	0.258	палка-ручка-контроль	2.0	1.8	лишайник-жёлтый-на-камне	1.031	59.4	6.0	24.0	24.7	bbox	2040	236.3	233.3	236.3	1225,907,6,20	261.3	39.4859082	73.5857993	4439.5
2042	2042	0.791	палка-ручка-пробка	6.3	0.8	лишайник-жёлтый-на-камне	0.358	74.9	3.0	17.0	17.3	bbox	2041	21.0	20.0	21.0	193,1003,14,8	261.0	39.4862334	73.5854584	4440.9
2043	2043	1.455	стакан-марка-красная	11.2	11.4	порода-в-тени	0.691	38.4	0.0	-1.0	1.0	bbox	2042	193.2	193.2	193.2	850,153,13,13	260.6	39.4859633	73.5857883	4439.5
2044	2044	1.855	палка-ручка-пробка	13.6	20.8	порода-охристая	0.994	54.9	16.0	15.0	21.9	bbox	2043	93.1	93.1	93.1	1043,891,14,7	260.4	39.4862230	73.5854592	4440.9
2045	2045	1.403	палка-ручка-пробка	10.0	17.5	лишайник-жёлтый-на-камне	0.616	58.2	4.0	13.0	13.6	bbox	2044	163.2	161.2	163.2	277,309,10,22	260.2	39.4859631	73.5857906	4439.5
2046	2046	0.769	стакан-марка-красная	5.4	10.4	снег-розовый	0.881	60.2	6.0	-1.0	6.1	bbox	2045	37.0	35.0	37.0	1057,240,16,7	260.1	39.4862336	73.5854575	4440.9
2047	2047	1.731	стакан-марка-красная	10.0	33.3	снег-освещённый	0.264	83.1	1.0	0.0	1.0	bbox	2046	117.2	117.2	117.2	1803,671,12,8	260.0	39.4862243	73.5854631	4440.9
2048	2048	1.495	рюкзак-синий	11.0	16.4	порода-в-тени	0.456	22.4	1.0	-3.0	3.2	bbox	2047	194.2	194.2	194.2	849,169,5,37	260.0	39.4859634	73.5857882	4439.5
2049	2049	1.552	стакан-марка-красная	12.0	11.0	порода-в-тени	0.696	38.8	-1.0	0.5	1.1	bbox	2048	92.1	91.1	100.1	679,835,16,10	259.5	39.4862233	73.5854590	4440.9
2050	2050	1.015	палка-ручка-пробка	6.1	18.8	лишайник-жёлтый-на-камне	1.407	94.5	-1.0	24.0	24.0	bbox	2049	225.3	225.3	227.3	1181,34,8,11	259.5	39.4859383	73.5857959	4439.5
2051	2051	1.796	палка-ручка-пробка	14.3	4.3	лишайник-жёлтый-на-камне	0.975	71.4	-1.0	10.0	10.0	bbox	2050	139.2	139.2	139.2	1851,759,16,6	259.4	39.4861135	73.5855151	4440.9
2052	2052	0.760	стакан-марка-красная	6.1	0.4	снег-розовый	1.077	50.2	5.0	0.0	5.0	bbox	2051	82.1	82.1	82.1	102,59,16,6	259.1	39.4862252	73.5854596	4440.9
2053	2053	1.064	палка-ручка-пробка	8.5	2.3	лишайник-жёлтый-на-камне	0.584	78.0	-1.0	17.0	17.0	bbox	2052	31.0	26.0	34.0	17,357,9,8	259.0	39.4862337	73.5854577	4440.9
2054	2054	2.133	стакан-марка-красная	11.2	45.1	снег-освещённый	0.534	94.9	0.0	-1.0	1.0	bbox	2053	126.2	126.2	126.2	1153,287,11,8	258.8	39.4862257	73.5854620	4440.9
2055	2055	1.723	стакан-марка-красная	13.0	15.7	порода-в-тени	0.617	34.1	-2.0	2.0	2.8	bbox	2054	333.4	333.4	333.4	1209,51,10,10	258.8	39.4860311	73.5856302	4439.6
2056	2056	2.043	стакан-марка-красная	13.0	34.5	порода-в-тени	1.167	15.3	0.0	8.0	8.0	bbox	2055	259.3	259.3	259.3	1691,1032,18,11	258.7	39.4859081	73.5858006	4439.5
2057	2057	1.116	стакан-марка-красная	5.0	25.9	порода-в-тени	1.139	23.9	7.0	-2.0	7.3	bbox	2056	324.4	324.4	324.4	455,700,4,26	257.9	39.4860313	73.5856298	4439.5
2058	2058	1.708	стакан-марка-красная	9.2	35.3	снег-розовый	1.355	85.1	9.0	10.0	13.5	bbox	2057	133.2	132.2	133.2	0,822,9,12	257.6	39.4862277	73.5854628	4440.9
2059	2059	1.063	стакан-марка-красная	8.2	7.3	снег-в-тени	0.970	42.5	3.0	-1.0	3.2	bbox	2058	224.3	224.3	224.3	57,241,12,11	257.5	39.4859380	73.5857959	4439.5
2060	2060	1.120	палка-ручка-пробка	8.5	9.4	лишайник-жёлтый-на-камне	0.252	66.3	2.0	15.0	15.1	bbox	2059	344.4	344.4	344.4	362,449,12,16	257.5	39.4860316	73.5856296	4439.6
2061	2061	2.087	стакан-марка-красная	15.2	24.1	снег-розовый	0.947	73.9	-2.5	8.0	8.4	bbox	2060	315.4	311.4	318.4	142,1039,12,12	257.4	39.4860025	73.5857379	4439.5
2062	2062	1.891	стакан-марка-красная	13.0	27.1	снег-розовый	0.626	76.9	-1.0	6.0	6.1	bbox	2061	199.3	199.3	199.3	1714,373,13,12	257.2	39.4859488	73.5857875	4439.5
2063	2063	1.132	стакан-марка-красная	9.1	0.2	снег-розовый	0.986	50.0	2.0	2.0	2.8	bbox	2062	260.3	260.3	260.3	241,441,16,10	257.2	39.4859081	73.5858006	4439.5
2064	2064	0.911	стакан-марка-красная	7.2	3.7	порода-охристая	0.890	53.5	7.0	7.0	9.9	bbox	2063	154.2	154.2	156.2	647,823,17,16	257.0	39.4859617	73.5857913	4439.5
2065	2065	0.309	палка-ручка-пробка	0.0	8.6	лишайник-жёлтый-на-камне	0.840	67.1	5.0	23.0	23.5	bbox	2064	320.4	320.4	320.4	1101,941,4,20	256.7	39.4860316	73.5856303	4439.6
2066	2066	2.639	крышка-контроль	21.0	6.5	корка-жёлтая-на-скале	1.704	35.9	-12.0	9.5	15.3	bbox	2065	324.4	324.4	325.4	1651,1073,12,7	256.6	39.4860313	73.5856298	4439.5
2067	2067	1.238	палка-ручка-пробка	8.9	14.9	лишайник-жёлтый-на-камне	0.326	60.8	1.0	15.0	15.0	bbox	2066	274.4	274.4	274.4	1429,703,14,14	256.5	39.4859993	73.5857767	4439.6
2068	2068	1.643	стакан-марка-красная	9.1	33.3	порода-в-тени	0.534	16.5	2.0	0.0	2.0	bbox	2067	7.0	7.0	7.0	58,1067,17,13	256.4	39.4862327	73.5854586	4440.9
2069	2069	1.591	стакан-марка-красная	5.8	39.6	порода-в-тени	1.072	10.2	6.0	-2.0	6.3	bbox	2068	59.1	59.1	59.1	1891,747,12,9	256.4	39.4862316	73.5854573	4440.9
2070	2070	1.575	стакан-марка-красная	12.1	12.5	порода-охристая	0.639	37.3	16.0	12.0	20.0	bbox	2069	71.1	71.1	71.1	361,133,16,6	256.2	39.4862282	73.5854589	4440.9
2071	2071	0.988	рюкзак-синий	6.0	18.0	порода-в-тени	0.952	20.8	1.0	-8.0	8.1	bbox	2070	274.4	274.4	274.4	953,849,11,10	256.1	39.4859993	73.5857767	4439.6
2072	2072	0.626	палка-ручка-пробка	3.0	13.9	лишайник-жёлтый-на-камне	1.102	89.6	2.0	22.5	22.6	bbox	2071	235.3	235.3	235.3	569,145,14,6	255.8	39.4859085	73.5857990	4439.5
2073	2073	1.273	палка-ручка-контроль	10.0	6.8	порода-охристая	0.988	50.8	12.0	18.0	21.6	bbox	2072	344.4	344.4	344.4	497,963,11,10	255.8	39.4860316	73.5856296	4439.6
2074	2074	1.377	палка-ручка-пробка	11.0	1.0	лишайник-жёлтый-на-камне	0.675	74.7	-2.0	14.5	14.6	bbox	2073	190.2	190.2	190.2	459,801,14,16	255.6	39.4859633	73.5857888	4439.5
2075	2075	1.452	стакан-марка-красная	10.0	20.4	порода-в-тени	0.510	29.4	1.0	0.0	1.0	bbox	2074	154.2	154.2	154.2	105,689,8,14	255.3	39.4859617	73.5857913	4439.5
2076	2076	2.073	рюкзак-синий	13.0	35.9	порода-в-тени	0.672	2.9	0.0	-1.0	1.0	bbox	2075	319.4	318.4	319.4	1185,753,22,10	255.3	39.4860315	73.5856313	4439.6
2077	2077	1.015	рюкзак-синий	7.8	7.8	снег-в-тени	0.782	31.0	-4.0	-8.0	8.9	bbox	2076	327.4	327.4	327.4	833,650,11,9	255.3	39.4860314	73.5856302	4439.6
2078	2078	1.782	стакан-марка-красная	11.0	31.6	порода-в-тени	0.290	18.2	0.0	0.0	0.0	bbox	2077	82.1	82.1	83.1	633,874,18,11	255.2	39.4862252	73.5854596	4440.9
2079	2079	1.393	рюкзак-синий	7.8	27.8	порода-в-тени	1.371	11.0	6.0	-8.0	10.0	bbox	2078	83.1	83.1	83.1	943,81,8,12	255.1	39.4862250	73.5854593	4440.9
2080	2080	1.801	стакан-марка-красная	12.5	24.9	порода-в-тени	1.043	24.9	0.0	7.0	7.0	bbox	2079	270.3	270.3	270.3	169,785,8,24	255.0	39.4860009	73.5857771	4439.5
2081	2081	0.957	стакан-марка-красная	6.3	15.1	порода-охристая	0.574	34.7	13.0	7.0	14.8	bbox	2080	270.3	270.3	270.3	291,45,10,14	254.9	39.4860009	73.5857771	4439.5
2082	2082	1.398	стакан-марка-красная	11.2	0.6	снег-в-тени	0.880	50.4	0.0	-1.0	1.0	bbox	2081	125.2	125.2	126.2	231,993,14,6	254.6	39.4862255	73.5854617	4440.9
2083	2083	1.642	палка-ручка-пробка	13.1	2.0	лишайник-жёлтый-на-камне	0.873	73.7	1.0	10.5	10.5	bbox	2082	106.1	102.1	106.1	1537,727,24,10	254.4	39.4862223	73.5854618	4440.9
2084	2084	1.330	предмет-оранжевый	10.3	9.4	порода-охристая	2.544	54.9	25.0	25.0	35.4	bbox	2083	145.2	145.2	145.2	241,96,14,9	254.1	39.4859696	73.5857576	4439.7
2085	2085	1.127	палка-ручка-пробка	8.1	14.1	лишайник-жёлтый-на-камне	1.382	89.8	-3.0	24.0	24.2	bbox	2084	248.3	248.3	248.3	1546,241,10,12	254.1	39.4859098	73.5858019	4439.5
2086	2086	1.649	стакан-марка-красная	11.4	23.1	порода-охристая	0.805	26.7	5.5	11.0	12.3	bbox	2085	63.1	63.1	63.1	1441,295,6,22	253.5	39.4862309	73.5854578	4440.9
2087	2087	0.986	палка-ручка-пробка	7.8	3.9	лишайник-жёлтый-на-камне	1.443	71.8	-1.0	28.0	28.0	bbox	2086	239.3	239.3	239.3	95,83,12,10	253.5	39.4859091	73.5857998	4439.5
2088	2088	1.529	рюкзак-синий	12.2	4.5	порода-в-тени	0.527	34.3	-1.0	-2.0	2.2	bbox	2087	157.2	157.2	161.2	1329,241,14,8	253.2	39.4859621	73.5857914	4439.5
2089	2089	1.316	рюкзак-синий	10.0	11.0	порода-в-тени	0.523	27.8	0.0	-4.0	4.0	bbox	2088	79.1	79.1	79.1	1889,107,16,7	253.1	39.4862255	73.5854598	4440.9
2090	2090	1.995	палка-ручка-пробка	14.4	23.9	корка-жёлтая-на-скале	0.886	51.8	-7.0	15.0	16.6	bbox	2089	84.1	84.1	84.1	47,1033,8,10	253.1	39.4862247	73.5854591	4440.9
2091	2091	1.300	стакан-марка-красная	10.0	9.4	снег-розовый	0.714	59.2	1.0	0.0	1.0	bbox	2090	130.2	130.2	130.2	657,313,6,12	253.1	39.4862267	73.5854625	4440.9
2092	2092	1.325	палка-ручка-пробка	10.0	11.8	лишайник-жёлтый-на-камне	1.239	63.9	-5.0	24.0	24.5	bbox	2091	287.4	287.4	288.4	1857,369,8,12	253.1	39.4859987	73.5857754	4439.5
2093	2093	0.437	палка-ручка-пробка	3.0	6.3	лишайник-жёлтый-на-камне	1.213	82.0	8.0	23.0	24.4	bbox	2092	317.4	317.4	317.4	1367,89,6,14	252.2	39.4860227	73.5856620	4439.5
2094	2094	2.288	стакан-марка-красная	13.0	45.1	снег-розовый	0.879	94.9	-1.0	6.0	6.1	bbox	2093	190.2	190.2	190.2	31,1055,18,12	252.1	39.4859633	73.5857888	4439.5
2095	2095	1.459	палка-ручка-пробка	10.6	16.8	лишайник-жёлтый-на-камне	1.116	92.5	-2.0	15.0	15.1	bbox	2094	80.1	80.1	80.1	1622,851,11,10	252.0	39.4862254	73.5854596	4440.9
2096	2096	1.271	стакан-марка-красная	5.0	31.0	порода-охристая	1.227	18.8	7.0	4.0	8.1	bbox	2095	168.2	168.2	168.2	945,405,8,12	251.9	39.4859631	73.5857891	4439.5
2097	2097	1.190	палка-ручка-пробка	9.4	4.5	лишайник-жёлтый-на-камне	2.014	80.2	13.0	28.0	30.9	bbox	2096	145.2	145.2	146.2	1169,481,16,12	251.7	39.4859696	73.5857576	4439.7
2098	2098	1.683	палка-ручка-пробка	10.8	28.1	корка-жёлтая-на-скале	0.177	47.6	-1.0	14.0	14.0	bbox	2097	313.4	313.4	313.4	1801,385,7,22	251.5	39.4859951	73.5857759	4439.5
2099	2099	2.215	стакан-марка-красная	11.0	48.6	порода-в-тени	0.772	1.2	0.0	1.0	1.0	bbox	2098	333.4	333.4	333.4	861,819,4,28	251.2	39.4860311	73.5856302	4439.6
2100	2100	1.540	палка-ручка-пробка	12.2	5.9	лишайник-жёлтый-на-камне	1.728	81.6	15.0	16.0	21.9	bbox	2099	318.4	318.4	318.4	77,55,12,6	250.7	39.4860303	73.5856355	4439.5
2101	2101	0.855	стакан-марка-красная	4.0	19.4	порода-в-тени	1.206	30.4	7.0	1.0	7.1	bbox	2100	331.4	331.4	331.4	161,153,14,14	250.7	39.4860306	73.5856305	4439.6
2102	2102	1.509	рюкзак-синий	12.0	3.1	порода-в-тени	0.613	35.7	0.0	-2.0	2.0	bbox	2101	173.2	173.2	173.2	1277,513,10,16	250.4	39.4859632	73.5857881	4439.5
2103	2103	0.423	палка-ручка-контроль	2.8	6.5	лишайник-жёлтый-на-камне	1.154	64.1	8.0	24.0	25.3	bbox	2102	324.4	324.4	324.4	1639,662,14,12	250.4	39.4860313	73.5856298	4439.5
2104	2104	1.347	палка-ручка-пробка	10.8	1.6	лишайник-жёлтый-на-камне	1.054	74.1	9.0	13.0	15.8	bbox	2103	22.0	22.0	22.0	1911,57,9,14	250.3	39.4862334	73.5854583	4440.9
2105	2105	2.276	палка-ручка-пробка	17.5	18.0	снег-розовый	0.986	93.7	-2.0	7.0	7.3	bbox	2104	233.3	233.3	236.3	1762,991,14,18	250.2	39.4859195	73.5857977	4439.5
2106	2106	1.302	стакан-марка-красная	7.2	26.5	снег-в-тени	1.364	23.3	8.0	-5.5	9.7	bbox	2105	126.2	126.2	128.2	111,0,8,14	250.1	39.4862257	73.5854620	4440.9
2107	2107	1.816	палка-ручка-контроль	14.2	10.5	порода-охристая	0.772	47.1	15.0	15.0	21.2	bbox	2106	98.1	91.1	99.1	1551,694,19,11	250.0	39.4862226	73.5854596	4440.9
2108	2108	1.865	палка-ручка-контроль	11.4	33.7	порода-охристая	0.945	23.9	13.0	17.0	21.4	bbox	2107	127.2	126.2	127.2	907,275,12,7	249.9	39.4862259	73.5854622	4440.9
2109	2109	0.680	стакан-марка-красная	5.4	2.7	снег-розовый	1.091	52.5	6.0	-1.0	6.1	bbox	2108	44.1	42.1	44.1	786,113,17,8	249.6	39.4862332	73.5854571	4440.9
2110	2110	1.949	стакан-марка-красная	12.1	34.5	порода-в-тени	0.928	15.3	0.0	6.0	6.0	bbox	2109	83.1	83.1	83.1	1905,925,4,20	249.4	39.4862250	73.5854593	4440.9
2111	2111	1.522	стакан-марка-красная	10.3	22.7	порода-охристая	0.755	27.1	16.0	10.0	18.9	bbox	2110	125.2	124.2	125.2	545,725,10,8	249.4	39.4862255	73.5854617	4440.9
2112	2112	1.859	палка-ручка-пробка	14.9	1.8	снег-розовый	0.910	77.5	0.0	9.0	9.0	bbox	2111	111.1	106.1	111.1	1555,977,14,6	249.0	39.4862227	73.5854626	4440.9
2113	2113	1.381	стакан-марка-красная	11.0	0.2	снег-в-тени	1.002	49.6	0.0	0.0	0.0	bbox	2112	67.1	67.1	67.1	1891,986,16,13	248.7	39.4862298	73.5854582	4440.9
2114	2114	1.104	палка-ручка-пробка	8.5	8.6	лишайник-жёлтый-на-камне	0.769	84.3	-1.0	17.0	17.0	bbox	2113	92.1	92.1	92.1	1123,91,14,14	248.6	39.4862233	73.5854590	4440.9
2115	2115	1.807	стакан-марка-красная	14.3	7.1	корка-жёлтая-на-скале	1.046	42.7	-2.0	7.0	7.3	bbox	2114	169.2	169.2	169.2	663,1071,14,9	248.4	39.4859630	73.5857889	4439.5
2116	2116	0.929	палка-ручка-контроль	7.4	0.4	лишайник-жёлтый-на-камне	1.619	58.0	13.0	23.5	26.9	bbox	2115	226.3	226.3	230.3	1208,229,9,8	248.4	39.4859384	73.5857959	4439.5
2117	2117	0.935	стакан-марка-красная	4.2	21.6	порода-охристая	1.019	28.2	14.0	4.0	14.6	bbox	2116	124.2	118.2	124.2	949,49,13,8	247.8	39.4862251	73.5854612	4440.9
2118	2118	0.691	стакан-марка-красная	5.4	4.3	порода-охристая	0.719	45.5	9.0	6.0	10.8	bbox	2117	129.2	129.2	129.2	1500,349,7,14	247.7	39.4862263	73.5854623	4440.9
2119	2119	1.788	палка-ручка-пробка	10.8	32.8	корка-жёлтая-на-скале	0.248	42.9	-1.0	14.0	14.0	bbox	2118	314.4	313.4	314.4	1457,1051,8,12	247.3	39.4859971	73.5857640	4439.5
2120	2120	1.120	стакан-марка-красная	1.4	31.0	порода-в-тени	1.506	18.8	10.0	0.0	10.0	bbox	2119	7.0	7.0	7.0	1913,353,7,12	247.0	39.4862327	73.5854586	4440.9
2121	2121	0.879	палка-ручка-пробка	6.4	10.2	лишайник-жёлтый-на-камне	1.759	85.9	10.0	27.0	28.8	bbox	2120	52.1	51.1	52.1	627,81,9,19	246.5	39.4862329	73.5854561	4440.9
2122	2122	1.115	стакан-марка-красная	4.2	27.4	порода-охристая	1.111	22.4	8.0	4.0	8.9	bbox	2121	81.1	80.1	81.1	169,1067,12,13	246.5	39.4862252	73.5854596	4440.9
2123	2123	1.319	палка-ручка-пробка	10.0	11.8	лишайник-жёлтый-на-камне	0.628	63.9	-3.0	17.0	17.3	bbox	2122	152.2	152.2	152.2	837,9,8,8	246.0	39.4859618	73.5857918	4439.5
2124	2124	1.629	стакан-марка-красная	1.0	45.5	порода-охристая	1.658	4.3	11.0	2.0	11.2	bbox	2123	36.0	35.0	36.0	1858,247,7,14	245.9	39.4862336	73.5854576	4440.9
2125	2125	0.377	палка-ручка-пробка	3.0	1.0	лишайник-жёлтый-на-камне	0.624	74.7	5.0	20.0	20.6	bbox	2124	197.3	197.3	197.3	115,201,10,15	245.8	39.4859598	73.5857879	4439.5
2126	2126	0.815	палка-ручка-пробка	6.1	8.2	лишайник-жёлтый-на-камне	0.704	83.9	4.0	17.0	17.5	bbox	2125	87.1	81.1	87.1	1869,897,7,11	245.6	39.4862241	73.5854588	4440.9
2127	2127	0.680	стакан-марка-красная	5.4	2.7	снег-розовый	1.206	47.1	6.0	3.0	6.7	bbox	2126	171.2	171.2	171.2	217,509,8,18	245.3	39.4859630	73.5857884	4439.5
2128	2128	1.307	палка-ручка-пробка	9.0	18.6	лишайник-жёлтый-на-камне	1.478	94.3	-4.0	23.0	23.3	bbox	2127	83.1	83.1	86.1	488,93,9,10	245.1	39.4862250	73.5854593	4440.9
2129	2129	0.411	палка-ручка-контроль	3.2	3.2	лишайник-жёлтый-на-камне	1.535	60.8	9.0	27.0	28.5	bbox	2128	257.3	257.3	257.3	1915,779,5,15	245.0	39.4859088	73.5858009	4439.5
2130	2130	1.077	палка-ручка-пробка	8.5	5.3	лишайник-жёлтый-на-камне	0.414	70.4	-1.0	17.0	17.0	bbox	2129	341.4	338.4	341.4	1201,507,14,8	244.7	39.4860316	73.5856296	4439.6
2131	2131	1.495	стакан-марка-красная	5.0	38.0	порода-охристая	1.268	11.8	8.0	5.0	9.4	bbox	2130	154.2	154.2	154.2	349,113,12,8	244.6	39.4859617	73.5857913	4439.5
2132	2132	1.994	стакан-марка-красная	15.8	7.4	корка-жёлтая-на-скале	0.701	42.4	-2.0	10.0	10.2	bbox	2131	159.2	159.2	159.2	1671,1026,10,11	244.5	39.4859626	73.5857915	4439.5
2133	2133	1.852	палка-ручка-пробка	11.7	32.0	корка-жёлтая-на-скале	0.315	43.7	-1.0	13.0	13.0	bbox	2132	314.4	314.4	314.4	674,1025,15,12	244.5	39.4859971	73.5857640	4439.5
2134	2134	1.519	стакан-марка-красная	11.2	16.7	порода-охристая	0.337	33.1	13.0	12.0	17.7	bbox	2133	133.2	133.2	135.2	862,91,11,10	244.4	39.4862277	73.5854628	4440.9
2135	2135	1.660	стакан-марка-красная	12.6	14.1	порода-охристая	0.567	35.7	15.0	13.0	19.8	bbox	2134	77.1	76.1	77.1	1875,989,11,15	244.2	39.4862262	73.5854594	4440.9
2136	2136	1.028	стакан-марка-красная	7.8	9.0	снег-в-тени	0.839	40.8	5.0	-4.0	6.4	bbox	2135	79.1	78.1	79.1	1687,843,8,10	243.9	39.4862255	73.5854598	4440.9
2137	2137	0.953	палка-ручка-пробка	7.6	1.2	лишайник-жёлтый-на-камне	0.862	76.9	8.0	16.0	17.9	bbox	2136	341.4	340.4	341.4	787,661,12,10	243.4	39.4860316	73.5856296	4439.6
2138	2138	1.425	предмет-оранжевый	11.4	0.2	порода-охристая	1.919	64.5	17.0	23.0	28.6	bbox	2137	265.3	263.3	265.3	1495,617,10,10	243.3	39.4859539	73.5857892	4439.5
2139	2139	0.981	палка-ручка-пробка	7.6	6.7	лишайник-жёлтый-на-камне	0.771	69.0	8.0	16.0	17.9	bbox	2138	348.4	348.4	348.4	265,0,16,9	243.3	39.4860309	73.5856298	4439.6
2140	2140	0.926	палка-ручка-пробка	7.2	5.9	лишайник-жёлтый-на-камне	0.476	69.8	-1.0	19.0	19.0	bbox	2139	342.4	341.4	342.4	989,866,11,7	242.9	39.4860317	73.5856295	4439.6
2141	2141	0.967	палка-ручка-пробка	7.5	6.7	лишайник-жёлтый-на-камне	0.630	82.4	0.5	17.0	17.0	bbox	2140	41.1	36.0	42.1	801,3,16,4	242.7	39.4862335	73.5854573	4440.9
2142	2142	1.286	палка-ручка-контроль	10.3	2.5	порода-охристая	1.206	55.1	13.5	19.0	23.3	bbox	2141	257.3	257.3	257.3	1249,197,16,10	242.6	39.4859088	73.5858009	4439.5
2143	2143	1.666	палка-ручка-контроль	12.8	12.9	порода-охристая	1.099	44.7	16.0	18.0	24.1	bbox	2142	267.3	267.3	268.3	127,338,10,14	242.4	39.4859991	73.5857774	4439.5
2144	2144	1.588	палка-ручка-пробка	11.4	19.6	порода-охристая	0.964	56.1	14.0	16.0	21.3	bbox	2143	343.4	343.4	343.4	359,704,15,8	242.4	39.4860316	73.5856295	4439.6
2145	2145	2.181	стакан-марка-красная	15.2	29.8	порода-охристая	1.115	20.0	17.0	15.0	22.7	bbox	2144	2.0	2.0	2.0	506,97,7,16	242.2	39.4862325	73.5854593	4441.0
2146	2146	1.461	стакан-марка-красная	11.5	6.5	порода-охристая	0.677	56.3	12.0	12.5	17.3	bbox	2145	63.1	59.1	63.1	911,983,11,10	241.8	39.4862309	73.5854578	4440.9
2147	2147	0.602	палка-ручка-пробка	4.5	6.3	лишайник-жёлтый-на-камне	0.687	69.4	7.0	19.0	20.2	bbox	2146	223.3	223.3	223.3	1411,335,8,12	241.7	39.4859375	73.5857958	4439.5
2148	2148	0.835	рюкзак-синий	6.4	6.6	снег-в-тени	0.684	32.2	-3.0	-9.0	9.5	bbox	2147	29.0	29.0	33.0	1913,568,7,13	241.1	39.4862337	73.5854586	4440.9
2149	2149	1.165	стакан-марка-красная	8.9	9.2	порода-охристая	0.564	40.6	15.0	9.0	17.5	bbox	2148	270.3	267.3	270.3	388,23,9,14	240.7	39.4860009	73.5857771	4439.5
2150	2150	0.886	предмет-оранжевый	7.1	1.6	порода-охристая	2.514	62.7	21.0	27.0	34.2	bbox	2149	143.2	137.2	143.2	321,577,8,13	240.5	39.4860000	73.5856715	4440.4
2151	2151	1.092	палка-ручка-пробка	8.5	7.3	лишайник-жёлтый-на-камне	0.389	68.4	-1.0	17.0	17.0	bbox	2150	194.2	194.2	194.2	743,925,10,8	240.5	39.4859634	73.5857882	4439.5
2152	2152	2.022	стакан-марка-красная	13.9	29.0	снег-розовый	0.840	78.8	-1.0	8.0	8.1	bbox	2151	60.1	60.1	60.1	1851,751,12,10	240.2	39.4862314	73.5854575	4440.9
2153	2153	0.666	стакан-марка-красная	2.5	16.5	порода-в-тени	1.510	33.3	9.5	-1.0	9.6	bbox	2152	45.1	45.1	45.1	181,146,8,11	239.7	39.4862328	73.5854569	4440.9
2154	2154	1.420	стакан-марка-красная	8.9	24.5	порода-охристая	0.729	25.3	15.0	9.0	17.5	bbox	2153	32.0	29.0	33.0	1799,925,10,13	239.6	39.4862337	73.5854574	4440.9
2155	2155	1.401	рюкзак-синий	11.0	6.6	порода-в-тени	0.549	32.2	0.0	-3.0	3.0	bbox	2154	325.4	325.4	325.4	933,1058,7,15	239.5	39.4860314	73.5856299	4439.6
2156	2156	1.905	палка-ручка-пробка	15.2	2.0	снег-розовый	0.962	73.7	-1.0	9.0	9.1	bbox	2155	56.1	56.1	56.1	1891,979,12,12	239.2	39.4862324	73.5854565	4440.9
2157	2157	1.334	палка-ручка-пробка	10.0	12.5	лишайник-жёлтый-на-камне	1.480	88.2	-5.0	24.0	24.5	bbox	2156	254.3	254.3	254.3	51,75,10,11	239.2	39.4859093	73.5858015	4439.5
2158	2158	1.527	стакан-марка-красная	11.2	17.3	порода-охристая	0.659	32.5	16.0	11.0	19.4	bbox	2157	267.3	267.3	269.3	403,313,10,12	239.2	39.4859991	73.5857774	4439.5
2159	2159	0.622	палка-ручка-пробка	4.0	10.2	лишайник-жёлтый-на-камне	1.113	65.5	9.0	22.5	24.2	bbox	2158	268.3	268.3	269.3	1865,55,20,12	239.1	39.4860009	73.5857768	4439.5
2160	2160	0.994	палка-ручка-пробка	7.8	5.3	лишайник-жёлтый-на-камне	0.607	81.0	0.0	17.0	17.0	bbox	2159	175.2	175.2	177.2	1721,137,8,8	239.0	39.4859634	73.5857880	4439.5
2161	2161	1.678	стакан-марка-красная	3.4	45.5	порода-в-тени	1.377	4.3	8.0	-0.5	8.0	bbox	2160	65.1	65.1	65.1	1195,425,14,8	238.8	39.4862302	73.5854582	4440.9
2162	2162	1.353	палка-ручка-контроль	10.2	12.7	порода-охристая	0.765	44.9	8.0	16.0	17.9	bbox	2161	327.4	327.4	330.4	27,345,8,9	238.6	39.4860314	73.5856302	4439.6
2163	2163	1.469	стакан-марка-красная	8.6	28.0	порода-охристая	0.940	21.8	16.0	8.0	17.9	bbox	2162	270.3	269.3	270.3	311,137,11,8	238.2	39.4860009	73.5857771	4439.5
2164	2164	1.605	палка-ручка-контроль	12.8	3.1	порода-охристая	0.929	54.5	14.0	16.0	21.3	bbox	2163	100.1	99.1	100.1	1761,935,6,20	237.0	39.4862224	73.5854598	4440.9
2165	2165	1.521	стакан-марка-красная	12.2	1.0	снег-розовый	1.036	50.8	-1.0	3.0	3.2	bbox	2164	137.2	137.2	137.2	1913,12,7,10	236.9	39.4861792	73.5854706	4440.9
2166	2166	1.493	стакан-марка-красная	11.7	8.8	порода-охристая	0.787	58.6	9.0	12.5	15.4	bbox	2165	48.1	48.1	48.1	585,465,8,12	236.4	39.4862327	73.5854563	4440.9
2167	2167	1.861	палка-ручка-контроль	13.5	22.3	порода-охристая	0.808	35.3	15.0	16.0	21.9	bbox	2166	136.2	134.2	136.2	1315,385,14,10	236.4	39.4862055	73.5854627	4440.9
2168	2168	1.513	стакан-марка-красная	11.0	17.6	порода-в-тени	0.549	32.2	0.0	1.0	1.0	bbox	2167	228.3	228.3	228.3	1217,1049,8,9	236.3	39.4859391	73.5857959	4439.5
2169	2169	1.596	стакан-марка-красная	6.3	38.8	снег-розовый	1.145	88.6	9.0	7.0	11.4	bbox	2168	319.4	319.4	320.4	1187,225,10,6	236.1	39.4860315	73.5856313	4439.6
2170	2170	1.407	стакан-марка-красная	11.2	4.5	снег-розовый	0.877	54.3	0.0	3.0	3.0	bbox	2169	154.2	154.2	154.2	25,849,12,14	235.7	39.4859617	73.5857913	4439.5
2171	2171	1.268	стакан-марка-красная	3.2	33.7	порода-в-тени	1.513	16.1	10.0	-2.0	10.2	bbox	2170	324.4	324.4	325.4	19,724,6,25	235.6	39.4860313	73.5856298	4439.5
2172	2172	1.630	палка-ручка-контроль	11.7	20.1	порода-охристая	0.517	37.5	10.0	15.0	18.0	bbox	2171	125.2	124.2	125.2	467,217,8,12	235.4	39.4862255	73.5854617	4440.9
2173	2173	0.910	палка-ручка-пробка	6.4	12.1	лишайник-жёлтый-на-камне	1.191	87.8	9.0	18.0	20.1	bbox	2172	137.2	137.2	137.2	1513,722,10,12	235.2	39.4861792	73.5854706	4440.9
2174	2174	1.470	стакан-марка-красная	5.0	37.3	порода-в-тени	1.305	12.5	8.0	-3.0	8.5	bbox	2173	85.1	85.1	85.1	1549,967,11,18	235.1	39.4862245	73.5854589	4440.9
2175	2175	1.759	стакан-марка-красная	13.3	15.7	порода-в-тени	0.794	34.1	-2.0	4.0	4.5	bbox	2174	86.1	86.1	86.1	37,987,13,11	235.1	39.4862243	73.5854588	4440.9
2176	2176	0.932	стакан-марка-красная	5.8	16.3	снег-розовый	0.818	66.1	6.0	-2.0	6.3	bbox	2175	82.1	82.1	82.1	113,375,6,15	235.0	39.4862252	73.5854596	4440.9
2177	2177	1.235	стакан-марка-красная	9.5	9.6	порода-охристая	0.848	59.4	8.0	10.0	12.8	bbox	2176	154.2	154.2	156.2	841,537,11,8	235.0	39.4859617	73.5857913	4439.5
2178	2178	0.957	стакан-марка-красная	2.8	24.9	порода-в-тени	1.384	24.9	9.0	-1.0	9.1	bbox	2177	100.1	100.1	100.1	1265,1049,13,10	234.6	39.4862224	73.5854598	4440.9
2179	2179	1.321	стакан-марка-красная	8.5	21.8	порода-в-тени	0.693	28.0	3.0	-2.0	3.6	bbox	2178	85.1	85.1	85.1	1762,866,8,11	234.5	39.4862245	73.5854589	4440.9
2180	2180	0.426	палка-ручка-пробка	2.2	9.0	лишайник-жёлтый-на-камне	1.275	84.7	7.0	24.0	25.0	bbox	2179	269.3	267.3	269.3	912,244,17,9	234.5	39.4860011	73.5857770	4439.5
2181	2181	0.550	палка-ручка-пробка	1.1	14.9	лишайник-жёлтый-на-камне	1.235	90.6	4.0	23.5	23.8	bbox	2180	19.0	15.0	21.0	445,470,10,13	234.2	39.4862336	73.5854585	4440.9
2182	2182	1.428	стакан-марка-красная	11.2	8.2	порода-в-тени	0.796	41.6	0.0	-1.0	1.0	bbox	2181	243.3	243.3	243.3	1114,993,13,12	233.9	39.4859093	73.5858010	4439.5
2183	2183	0.888	палка-ручка-пробка	6.7	8.2	лишайник-жёлтый-на-камне	0.998	83.9	8.0	17.0	18.8	bbox	2182	80.1	80.1	80.1	1668,53,15,12	233.8	39.4862254	73.5854596	4440.9
2184	2184	1.258	палка-ручка-пробка	10.0	3.9	лишайник-жёлтый-на-камне	1.174	71.8	11.0	15.0	18.6	bbox	2183	130.2	130.2	130.2	215,86,18,9	233.7	39.4862267	73.5854625	4440.9
2185	2185	1.782	стакан-марка-красная	14.2	3.9	корка-жёлтая-на-скале	0.629	45.9	0.0	10.0	10.0	bbox	2184	223.3	223.3	223.3	519,843,18,6	233.7	39.4859375	73.5857958	4439.5
2186	2186	1.517	палка-ручка-пробка	9.4	26.9	порода-охристая	0.626	48.8	9.0	14.5	17.1	bbox	2185	84.1	84.1	84.1	327,569,14,8	233.6	39.4862247	73.5854591	4440.9
2187	2187	1.013	палка-ручка-контроль	8.1	2.1	порода-охристая	1.649	55.5	13.5	23.0	26.7	bbox	2186	228.3	228.3	230.3	1345,37,12,6	233.6	39.4859391	73.5857959	4439.5
2188	2188	0.820	палка-ручка-пробка	6.5	3.1	лишайник-жёлтый-на-камне	1.483	78.8	11.5	23.0	25.7	bbox	2187	8.0	8.0	8.0	1163,27,22,6	233.1	39.4862328	73.5854586	4440.9
2189	2189	1.582	стакан-марка-красная	12.6	1.4	порода-охристая	0.722	51.2	15.0	13.0	19.8	bbox	2188	99.1	96.1	99.1	1701,375,9,18	233.1	39.4862226	73.5854597	4440.9
2190	2190	0.245	палка-ручка-пробка	1.0	5.9	лишайник-жёлтый-на-камне	0.805	69.8	4.0	23.0	23.3	bbox	2189	317.4	317.4	317.4	299,375,20,4	233.1	39.4860227	73.5856620	4439.5
2191	2191	1.003	палка-ручка-пробка	7.0	13.7	лишайник-жёлтый-на-камне	0.941	89.4	5.0	16.0	16.8	bbox	2190	24.0	24.0	24.0	1889,309,10,12	232.8	39.4862334	73.5854584	4440.9
2192	2192	1.855	стакан-марка-красная	13.9	18.2	снег-розовый	0.905	68.0	-1.0	8.0	8.1	bbox	2191	112.1	112.1	113.1	1051,1075,12,5	232.6	39.4862233	73.5854628	4440.9
2193	2193	0.978	палка-ручка-пробка	7.8	1.4	лишайник-жёлтый-на-камне	1.048	74.3	10.0	17.0	19.7	bbox	2192	343.4	343.4	343.4	561,865,10,12	232.6	39.4860316	73.5856295	4439.6
2194	2194	1.399	стакан-марка-красная	11.2	1.6	снег-в-тени	0.875	48.2	0.0	-1.0	1.0	bbox	2193	122.2	122.2	122.2	395,337,14,4	232.5	39.4862247	73.5854612	4440.9
2195	2195	1.630	стакан-марка-красная	12.2	16.5	порода-охристая	0.397	33.3	9.0	13.0	15.8	bbox	2194	129.2	129.2	129.2	783,929,8,8	232.5	39.4862263	73.5854623	4440.9
2196	2196	1.856	стакан-марка-красная	11.1	34.5	порода-в-тени	0.316	15.3	0.0	-0.5	0.5	bbox	2195	133.2	131.2	133.2	1809,897,6,15	232.3	39.4862277	73.5854628	4440.9
2197	2197	0.853	палка-ручка-пробка	6.5	7.3	лишайник-жёлтый-на-камне	0.695	68.4	7.5	17.0	18.6	bbox	2196	344.4	344.4	344.4	1033,1041,9,10	232.3	39.4860316	73.5856296	4439.6
2198	2198	0.864	стакан-марка-красная	4.5	18.4	снег-розовый	1.009	68.2	9.0	5.0	10.3	bbox	2197	271.3	271.3	271.3	164,654,8,15	232.2	39.4860007	73.5857770	4439.5
2199	2199	1.532	палка-ручка-контроль	8.6	30.5	порода-охристая	1.338	27.1	13.0	21.0	24.7	bbox	2198	288.4	288.4	288.4	1906,299,7,15	232.1	39.4859984	73.5857752	4439.5
2200	2200	1.505	палка-ручка-пробка	11.7	10.4	лишайник-жёлтый-на-камне	1.185	86.1	7.0	11.5	13.5	bbox	2199	332.4	332.4	333.4	335,958,12,9	232.1	39.4860308	73.5856303	4439.6
2201	2201	1.452	стакан-марка-красная	11.2	11.0	снег-освещённый	0.736	60.8	0.0	-1.0	1.0	bbox	2200	158.2	157.2	159.2	1516,441,13,8	231.6	39.4859625	73.5857916	4439.5
2202	2202	0.657	стакан-марка-красная	5.1	4.5	порода-охристая	0.683	45.3	10.0	6.0	11.7	bbox	2201	194.2	194.2	194.2	1377,541,14,12	231.5	39.4859634	73.5857882	4439.5
2203	2203	0.715	стакан-марка-красная	1.4	19.4	порода-охристая	1.167	30.4	10.0	2.0	10.2	bbox	2202	49.1	48.1	49.1	673,157,10,17	231.3	39.4862327	73.5854562	4440.9
2204	2204	0.455	стакан-марка-красная	2.8	8.0	порода-охристая	1.038	41.8	9.0	3.0	9.5	bbox	2203	213.3	213.3	213.3	63,183,10,8	231.3	39.4859373	73.5857953	4439.5
2205	2205	1.565	стакан-марка-красная	8.1	33.5	порода-охристая	0.838	16.3	10.0	9.0	13.5	bbox	2204	152.2	152.2	152.2	1025,311,7,14	230.9	39.4859618	73.5857918	4439.5
2206	2206	1.706	стакан-марка-красная	13.4	8.8	снег-розовый	0.995	58.6	-1.0	7.0	7.1	bbox	2205	266.3	266.3	266.3	1681,1009,7,16	230.9	39.4859884	73.5857801	4439.5
2207	2207	0.177	палка-ручка-пробка	1.0	3.5	лишайник-жёлтый-на-камне	0.930	79.2	4.0	23.0	23.3	bbox	2206	5.0	5.0	7.0	997,31,10,18	230.7	39.4862326	73.5854588	4440.9
2208	2208	0.582	стакан-марка-красная	3.2	12.0	порода-охристая	1.186	37.8	8.0	2.0	8.2	bbox	2207	144.2	144.2	144.2	561,113,24,7	230.7	39.4859819	73.5857156	4440.1
2209	2209	0.834	палка-ручка-контроль	5.8	11.3	лишайник-жёлтый-на-камне	1.516	46.3	11.0	23.0	25.5	bbox	2208	193.2	193.2	193.2	745,945,12,8	230.6	39.4859633	73.5857883	4439.5
2210	2210	1.818	рюкзак-синий	13.0	22.5	порода-в-тени	0.290	16.3	0.0	-1.0	1.0	bbox	2209	194.2	194.2	194.2	289,186,8,11	230.3	39.4859634	73.5857882	4439.5
2211	2211	1.851	стакан-марка-красная	11.7	31.8	порода-охристая	0.891	18.0	7.0	12.0	13.9	bbox	2210	222.3	221.3	222.3	70,107,9,10	230.0	39.4859373	73.5857959	4439.5
2212	2212	0.951	стакан-марка-красная	5.4	18.8	порода-охристая	0.723	31.0	9.0	6.0	10.8	bbox	2211	177.2	174.2	177.2	211,1023,17,10	229.9	39.4859636	73.5857883	4439.5
2213	2213	1.660	стакан-марка-красная	12.6	14.1	снег-розовый	0.721	63.9	-1.0	5.0	5.1	bbox	2212	270.3	270.3	270.3	1073,561,4,22	229.9	39.4860009	73.5857771	4439.5
2214	2214	1.400	палка-ручка-пробка	10.8	10.2	порода-охристая	1.280	65.5	14.0	17.0	22.0	bbox	2213	136.2	134.2	136.2	1079,183,10,8	229.8	39.4862055	73.5854627	4440.9
2215	2215	0.767	стакан-марка-красная	5.8	6.7	порода-охристая	0.748	43.1	8.0	6.0	10.0	bbox	2214	168.2	168.2	168.2	1849,889,8,16	229.7	39.4859631	73.5857891	4439.5
2216	2216	2.035	палка-ручка-пробка	15.7	15.7	снег-розовый	1.121	91.4	-2.0	9.0	9.2	bbox	2215	107.1	107.1	107.1	1493,835,11,8	229.6	39.4862223	73.5854621	4440.9
2217	2217	1.398	стакан-марка-красная	11.2	0.4	снег-в-тени	0.877	49.4	0.0	-1.0	1.0	bbox	2216	223.3	223.3	223.3	1513,1073,8,7	229.6	39.4859375	73.5857958	4439.5
2218	2218	1.827	стакан-марка-красная	13.9	15.9	снег-розовый	0.940	65.7	-1.0	8.0	8.1	bbox	2217	51.1	51.1	51.1	1619,1075,12,5	229.4	39.4862328	73.5854564	4440.9
2219	2219	1.682	предмет-оранжевый	13.2	10.0	порода-охристая	1.943	54.3	22.0	21.0	30.4	bbox	2218	142.2	142.2	142.2	1421,709,12,9	229.4	39.4860217	73.5856279	4440.7
2220	2220	0.900	палка-ручка-пробка	7.1	4.7	лишайник-жёлтый-на-камне	0.341	71.0	0.0	18.0	18.0	bbox	2219	223.3	223.3	223.3	1685,985,12,10	229.4	39.4859375	73.5857958	4439.5
2221	2221	1.409	стакан-марка-красная	9.8	19.2	порода-в-тени	0.667	30.6	2.0	-3.0	3.6	bbox	2220	5.0	4.0	5.0	1857,511,13,11	229.3	39.4862326	73.5854588	4440.9
2222	2222	1.807	стакан-марка-красная	14.3	7.1	порода-в-тени	1.021	42.7	-3.0	4.0	5.0	bbox	2221	219.3	219.3	220.3	339,544,11,9	229.0	39.4859373	73.5857951	4439.5
2223	2223	1.410	стакан-марка-красная	10.2	16.9	порода-в-тени	0.584	32.9	1.0	-1.0	1.4	bbox	2222	8.0	8.0	8.0	40,993,11,8	228.8	39.4862328	73.5854586	4440.9
2224	2224	1.345	палка-ручка-контроль	7.1	28.4	порода-охристая	1.798	29.2	13.0	25.0	28.2	bbox	2223	288.4	288.4	288.4	1285,329,8,14	228.6	39.4859984	73.5857752	4439.5
2225	2225	1.018	палка-ручка-пробка	8.1	3.9	лишайник-жёлтый-на-камне	0.912	71.8	9.0	16.0	18.4	bbox	2224	39.1	39.1	39.1	911,46,8,11	228.3	39.4862335	73.5854574	4440.9
2226	2226	1.177	палка-ручка-пробка	8.2	15.9	лишайник-жёлтый-на-камне	0.703	59.8	7.0	15.0	16.6	bbox	2225	45.1	43.1	45.1	513,525,8,10	227.3	39.4862328	73.5854569	4440.9
2227	2227	1.445	палка-ручка-пробка	11.4	6.7	лишайник-жёлтый-на-камне	1.147	82.4	8.0	12.0	14.4	bbox	2226	103.1	102.1	103.1	1909,847,11,10	227.3	39.4862221	73.5854608	4440.9
2228	2228	1.153	палка-ручка-контроль	9.2	0.3	порода-охристая	1.829	57.3	15.0	24.0	28.3	bbox	2227	262.3	262.3	262.3	581,475,12,6	227.2	39.4859085	73.5858005	4439.5
2229	2229	0.952	палка-ручка-контроль	7.6	0.7	лишайник-жёлтый-на-камне	0.893	56.9	-1.0	23.0	23.0	bbox	2228	219.3	219.3	219.3	1461,914,10,14	227.1	39.4859373	73.5857951	4439.5
2230	2230	2.085	палка-ручка-пробка	16.2	14.5	снег-розовый	0.952	90.2	-1.0	8.0	8.1	bbox	2229	124.2	124.2	124.2	1719,269,10,10	227.0	39.4862251	73.5854612	4440.9
2231	2231	1.988	палка-ручка-контроль	14.4	23.5	корка-жёлтая-на-скале	0.563	34.1	-2.0	14.0	14.1	bbox	2230	234.3	232.3	236.3	1604,1024,13,7	226.6	39.4859130	73.5857984	4439.5
2232	2232	1.906	стакан-марка-красная	12.6	29.8	снег-розовый	0.535	79.6	-1.0	5.0	5.1	bbox	2231	337.4	337.4	337.4	1890,1073,12,7	226.6	39.4860321	73.5856295	4439.6
2233	2233	2.035	стакан-марка-красная	14.0	29.0	корка-жёлтая-на-скале	1.224	20.8	-0.5	9.0	9.0	bbox	2232	317.4	317.4	317.4	313,811,8,12	226.4	39.4860227	73.5856620	4439.5
2234	2234	1.219	палка-ручка-пробка	8.9	13.9	лишайник-жёлтый-на-камне	0.998	89.6	-2.0	17.5	17.6	bbox	2233	80.1	80.1	80.1	1770,600,7,10	226.3	39.4862254	73.5854596	4440.9
2235	2235	0.977	стакан-марка-красная	7.8	0.8	порода-охристая	0.911	50.6	6.0	7.0	9.2	bbox	2234	322.4	322.4	322.4	705,465,10,10	226.2	39.4860309	73.5856302	4439.5
2236	2236	0.800	палка-древко-контроль	6.3	3.5	снег-в-тени	0.766	45.1	-6.0	-9.0	10.8	bbox	2235	324.4	324.4	324.4	769,641,8,9	226.2	39.4860313	73.5856298	4439.5
2237	2237	1.510	палка-ручка-пробка	12.0	3.3	лишайник-жёлтый-на-камне	0.769	72.4	-3.0	14.0	14.3	bbox	2236	348.4	346.4	348.4	1863,323,8,14	226.2	39.4860309	73.5856298	4439.6
2238	2238	1.533	палка-ручка-пробка	12.2	4.1	лишайник-жёлтый-на-камне	0.740	71.6	-2.0	13.0	13.2	bbox	2237	1.0	1.0	1.0	185,396,12,9	226.0	39.4862323	73.5854594	4440.9
2239	2239	1.011	стакан-марка-красная	7.1	13.7	порода-в-тени	0.944	36.1	4.0	0.0	4.0	bbox	2238	58.1	56.1	58.1	1417,616,18,7	225.9	39.4862320	73.5854573	4440.9
2240	2240	1.873	рюкзак-синий	13.0	25.9	порода-в-тени	0.365	12.9	0.0	-1.0	1.0	bbox	2239	154.2	154.2	155.2	913,221,12,14	225.3	39.4859617	73.5857913	4439.5
2241	2241	2.046	стакан-марка-красная	14.8	24.7	порода-в-тени	1.137	25.1	-2.0	8.0	8.2	bbox	2240	158.2	157.2	160.2	569,487,22,4	225.3	39.4859625	73.5857916	4439.5
2242	2242	1.161	стакан-марка-красная	8.5	12.7	порода-охристая	0.453	37.1	8.0	9.0	12.0	bbox	2241	154.2	154.2	154.2	294,61,13,8	225.2	39.4859617	73.5857913	4439.5
2243	2243	1.218	палка-ручка-контроль	9.0	13.1	корка-жёлтая-на-скале	0.799	44.5	6.0	17.0	18.0	bbox	2242	213.3	213.3	213.3	501,1031,20,8	225.2	39.4859373	73.5857953	4439.5
2244	2244	1.981	стакан-марка-красная	14.8	20.2	корка-жёлтая-на-скале	1.118	29.6	-2.0	8.0	8.2	bbox	2243	234.3	234.3	234.3	1551,905,12,8	225.1	39.4859130	73.5857984	4439.5
2245	2245	1.304	палка-ручка-пробка	8.9	19.0	корка-жёлтая-на-скале	0.346	56.7	-0.5	16.0	16.0	bbox	2244	315.4	315.4	315.4	1467,587,20,6	225.1	39.4860025	73.5857379	4439.5
2246	2246	0.419	предмет-оранжевый	2.0	9.4	лишайник-жёлтый-на-камне	2.944	73.7	20.0	32.0	37.7	bbox	2245	9.0	9.0	9.0	177,257,10,10	224.9	39.4862331	73.5854586	4440.9
2247	2247	2.316	стакан-марка-красная	16.4	30.2	корка-жёлтая-на-скале	1.152	19.6	-2.0	11.0	11.2	bbox	2246	317.4	316.4	317.4	1490,852,7,13	224.9	39.4860227	73.5856620	4439.5
2248	2248	2.006	стакан-марка-красная	15.9	8.0	корка-жёлтая-на-скале	0.964	57.8	-3.0	8.5	9.0	bbox	2247	325.4	325.4	325.4	1668,395,11,14	224.7	39.4860314	73.5856299	4439.6
2249	2249	2.218	рюкзак-синий	14.0	38.0	порода-в-тени	0.754	0.8	0.0	0.0	0.0	bbox	2248	336.4	336.4	336.4	881,1041,16,7	224.5	39.4860323	73.5856296	4439.6
2250	2250	0.572	предмет-оранжевый	3.2	11.6	лишайник-жёлтый-на-камне	2.973	75.9	21.0	31.0	37.4	bbox	2249	53.1	51.1	53.1	897,0,6,17	224.4	39.4862328	73.5854563	4440.9
2251	2251	1.760	стакан-марка-красная	12.4	23.5	снег-розовый	0.476	73.3	-1.0	4.0	4.1	bbox	2250	273.4	273.4	273.4	1585,689,16,7	224.3	39.4859998	73.5857768	4439.6
2252	2252	1.444	стакан-марка-красная	5.8	34.9	порода-в-тени	1.027	14.9	6.0	-2.0	6.3	bbox	2251	59.1	55.1	59.1	1721,559,8,8	224.2	39.4862316	73.5854573	4440.9
2253	2253	1.275	предмет-оранжевый	9.1	16.5	порода-охристая	2.177	47.8	21.0	25.0	32.6	bbox	2252	139.2	139.2	139.2	185,777,8,12	224.1	39.4861135	73.5855151	4440.9
2254	2254	0.566	палка-ручка-контроль	4.5	2.4	лишайник-жёлтый-на-камне	0.996	60.0	8.0	22.0	23.4	bbox	2253	268.3	268.3	268.3	219,283,9,17	224.1	39.4860009	73.5857768	4439.5
2255	2255	2.182	стакан-марка-красная	11.0	47.4	порода-в-тени	0.735	2.4	0.0	1.0	1.0	bbox	2254	94.1	94.1	94.1	1913,1041,7,10	224.0	39.4862228	73.5854593	4440.9
2256	2256	1.701	стакан-марка-красная	13.6	1.2	корка-жёлтая-на-скале	0.751	48.6	0.0	9.0	9.0	bbox	2255	329.4	329.4	329.4	1497,830,10,15	223.9	39.4860308	73.5856306	4439.6
2257	2257	1.324	палка-ручка-контроль	10.4	6.2	порода-охристая	0.817	51.4	9.0	16.0	18.4	bbox	2256	318.4	318.4	318.4	849,68,14,19	223.5	39.4860303	73.5856355	4439.5
2258	2258	1.338	стакан-марка-красная	5.0	33.1	снег-розовый	0.860	82.9	8.0	5.0	9.4	bbox	2257	342.4	342.4	342.4	825,753,10,8	223.5	39.4860317	73.5856295	4439.6
2259	2259	1.797	стакан-марка-красная	5.1	47.1	порода-в-тени	1.189	2.7	6.0	0.0	6.0	bbox	2258	8.0	8.0	8.0	151,427,6,14	223.4	39.4862328	73.5854586	4440.9
2260	2260	1.506	палка-ручка-пробка	12.0	1.2	порода-охристая	1.433	74.5	14.0	15.0	20.5	bbox	2259	128.2	128.2	128.2	82,0,9,7	223.4	39.4862260	73.5854623	4440.9
2261	2261	1.733	стакан-марка-красная	12.5	20.8	порода-в-тени	1.076	29.0	0.0	7.0	7.0	bbox	2260	137.2	137.2	137.2	1603,756,14,11	223.2	39.4861792	73.5854706	4440.9
2262	2262	1.050	палка-ручка-пробка	7.8	10.8	лишайник-жёлтый-на-камне	1.000	64.9	10.0	17.0	19.7	bbox	2261	98.1	98.1	98.1	1335,917,8,12	222.9	39.4862226	73.5854596	4440.9
2263	2263	0.334	палка-ручка-пробка	2.2	5.1	лишайник-жёлтый-на-камне	1.133	70.6	6.0	25.0	25.7	bbox	2262	332.4	332.4	332.4	1047,21,11,7	222.7	39.4860308	73.5856303	4439.6
2264	2264	1.698	стакан-марка-красная	9.8	32.7	порода-охристая	0.920	17.1	15.0	10.0	18.0	bbox	2263	136.2	136.2	136.2	1277,39,12,10	222.4	39.4862055	73.5854627	4440.9
2265	2265	2.252	палка-ручка-пробка	15.0	34.9	корка-жёлтая-на-скале	0.750	40.8	-4.0	11.0	11.7	bbox	2264	36.0	36.0	42.1	708,543,7,10	222.0	39.4862336	73.5854576	4440.9
2266	2266	1.479	стакан-марка-красная	8.5	28.6	снег-розовый	1.153	78.4	8.0	9.0	12.0	bbox	2265	130.2	130.2	130.2	1433,1035,10,8	221.9	39.4862267	73.5854625	4440.9
2267	2267	0.424	стакан-марка-красная	2.0	9.6	порода-охристая	1.501	40.2	11.0	-1.0	11.0	bbox	2266	82.1	82.1	82.1	381,97,8,13	221.8	39.4862252	73.5854596	4440.9
2268	2268	2.175	стакан-марка-красная	11.0	47.1	порода-в-тени	0.690	2.7	0.0	0.0	0.0	bbox	2267	156.2	153.2	156.2	1057,547,8,14	221.3	39.4859620	73.5857912	4439.5
2269	2269	1.511	стакан-марка-красная	7.1	34.3	снег-розовый	0.423	84.1	4.0	0.0	4.0	bbox	2268	166.2	166.2	166.2	1585,0,16,4	221.2	39.4859635	73.5857899	4439.5
2270	2270	1.635	стакан-марка-красная	12.0	18.2	порода-в-тени	0.487	31.6	-1.0	1.0	1.4	bbox	2269	317.4	317.4	317.4	1437,737,12,8	221.2	39.4860227	73.5856620	4439.5
2271	2271	1.363	стакан-марка-красная	10.6	9.0	порода-охристая	0.851	58.8	7.5	11.0	13.3	bbox	2270	45.1	45.1	45.1	1145,33,14,6	221.1	39.4862328	73.5854569	4440.9
2272	2272	0.841	палка-ручка-контроль	6.7	0.0	лишайник-жёлтый-на-камне	1.207	57.6	10.5	21.0	23.5	bbox	2271	139.2	139.2	139.2	289,0,12,9	221.1	39.4861135	73.5855151	4440.9
2273	2273	1.996	стакан-марка-красная	15.8	7.8	корка-жёлтая-на-скале	0.705	42.0	-2.0	10.0	10.2	bbox	2272	5.0	5.0	6.0	25,966,8,19	220.9	39.4862326	73.5854588	4440.9
2274	2274	1.569	палка-ручка-пробка	12.5	2.8	лишайник-жёлтый-на-камне	0.776	72.9	-1.0	12.0	12.0	bbox	2273	139.2	139.2	139.2	1899,805,14,10	220.8	39.4861135	73.5855151	4440.9
2275	2275	1.436	стакан-марка-красная	6.1	34.1	порода-в-тени	0.967	15.7	5.0	2.0	5.4	bbox	2274	16.0	12.0	18.0	881,643,15,18	220.7	39.4862336	73.5854587	4440.9
2276	2276	1.898	стакан-марка-красная	14.8	12.3	корка-жёлтая-на-скале	0.982	37.5	-2.0	8.0	8.2	bbox	2275	125.2	125.2	125.2	1731,609,14,6	220.6	39.4862255	73.5854617	4440.9
2277	2277	2.037	палка-ручка-пробка	16.2	7.4	снег-розовый	0.862	83.1	-1.0	8.0	8.1	bbox	2276	57.1	57.1	57.1	1091,1065,12,8	220.5	39.4862321	73.5854570	4440.9
2278	2278	1.960	палка-ручка-пробка	14.8	18.4	корка-жёлтая-на-скале	0.753	57.3	-2.0	10.0	10.2	bbox	2277	78.1	78.1	78.1	0,443,17,6	220.0	39.4862259	73.5854595	4440.9
2279	2279	0.721	стакан-марка-красная	5.1	9.4	порода-охристая	0.641	40.4	10.0	6.0	11.7	bbox	2278	7.0	7.0	7.0	1679,737,12,8	219.9	39.4862327	73.5854586	4440.9
2280	2280	2.061	палка-ручка-пробка	13.0	35.3	корка-жёлтая-на-скале	0.523	40.4	-2.0	12.0	12.2	bbox	2279	10.0	8.0	10.0	1913,160,7,15	219.9	39.4862331	73.5854588	4440.9
2281	2281	1.699	предмет-оранжевый	11.2	27.0	порода-охристая	2.388	37.3	25.0	24.0	34.7	bbox	2280	6.0	6.0	7.0	1041,42,11,13	219.7	39.4862326	73.5854588	4440.9
2282	2282	1.046	палка-ручка-контроль	8.0	8.6	порода-охристая	1.949	49.0	14.0	26.0	29.5	bbox	2281	311.4	311.4	314.4	1671,690,10,7	219.7	39.4859958	73.5857767	4439.6
2283	2283	1.328	палка-ручка-пробка	9.6	15.9	корка-жёлтая-на-скале	0.451	59.8	-1.0	15.5	15.5	bbox	2282	315.4	314.4	315.4	1331,927,10,11	219.7	39.4860025	73.5857379	4439.5
2284	2284	0.953	стакан-марка-красная	7.6	1.2	порода-охристая	0.644	48.6	8.0	8.0	11.3	bbox	2283	323.4	323.4	323.4	583,797,5,28	219.7	39.4860310	73.5856301	4439.5
2285	2285	1.647	палка-ручка-контроль	12.1	18.4	порода-охристая	0.501	39.2	11.0	15.0	18.6	bbox	2284	38.0	35.0	43.1	1295,897,10,8	219.6	39.4862336	73.5854573	4440.9
2286	2286	1.794	палка-ручка-контроль	14.2	7.0	порода-охристая	0.830	50.6	15.0	15.0	21.2	bbox	2285	77.1	77.1	77.1	1297,611,8,12	219.6	39.4862262	73.5854594	4440.9
2287	2287	1.661	рюкзак-синий	11.5	23.3	порода-в-тени	0.454	15.5	1.0	-2.5	2.7	bbox	2286	110.1	110.1	110.1	1057,403,14,6	219.6	39.4862227	73.5854627	4440.9
2288	2288	0.923	стакан-марка-красная	5.8	15.9	порода-охристая	0.746	33.9	8.0	6.0	10.0	bbox	2287	227.3	226.3	228.3	719,261,22,6	219.6	39.4859387	73.5857959	4439.5
2289	2289	1.948	стакан-марка-красная	15.3	11.0	корка-жёлтая-на-скале	0.917	60.8	-2.0	9.0	9.2	bbox	2288	66.1	66.1	66.1	1155,661,14,6	219.5	39.4862300	73.5854581	4440.9
2290	2290	1.955	стакан-марка-красная	13.5	27.8	снег-розовый	0.813	77.6	-0.5	8.0	8.0	bbox	2289	69.1	66.1	69.1	483,1067,14,6	219.4	39.4862288	73.5854587	4440.9
2291	2291	1.486	стакан-марка-красная	11.2	14.1	снег-освещённый	0.628	63.9	0.0	-1.0	1.0	bbox	2290	160.2	160.2	162.2	1745,625,16,6	219.4	39.4859629	73.5857913	4439.4
2292	2292	1.363	стакан-марка-красная	10.4	11.0	порода-охристая	0.375	38.8	14.0	11.0	17.8	bbox	2291	150.2	150.2	150.2	241,577,14,8	219.1	39.4859619	73.5857924	4439.5
2293	2293	1.181	палка-ручка-пробка	9.4	2.0	лишайник-жёлтый-на-камне	1.072	73.7	10.0	15.0	18.0	bbox	2292	340.4	338.4	340.4	275,693,14,8	219.1	39.4860316	73.5856298	4439.6
2294	2294	1.273	палка-ручка-пробка	7.3	24.9	лишайник-жёлтый-на-камне	0.826	50.8	7.0	16.0	17.5	bbox	2293	45.1	45.1	45.1	1733,284,8,11	219.0	39.4862328	73.5854569	4440.9
2295	2295	0.838	палка-ручка-контроль	6.0	10.3	лишайник-жёлтый-на-камне	0.870	47.3	5.5	20.0	20.7	bbox	2294	64.1	64.1	64.1	1808,1011,13,6	219.0	39.4862304	73.5854582	4440.9
2296	2296	0.675	палка-ручка-пробка	5.1	6.3	лишайник-жёлтый-на-камне	0.651	82.0	4.0	18.0	18.4	bbox	2295	53.1	53.1	53.1	147,17,10,12	218.9	39.4862328	73.5854563	4440.9
2297	2297	1.527	стакан-марка-красная	10.8	20.2	порода-охристая	0.590	29.6	15.0	11.0	18.6	bbox	2296	132.2	132.2	132.2	1671,321,10,8	218.8	39.4862273	73.5854630	4440.9
2298	2298	1.981	рюкзак-синий	14.6	21.9	порода-в-тени	0.217	16.9	-3.0	0.0	3.0	bbox	2297	269.3	267.3	269.3	811,833,8,8	218.8	39.4860011	73.5857770	4439.5
2299	2299	1.506	палка-ручка-контроль	11.7	10.5	порода-охристая	0.708	47.1	12.0	16.0	20.0	bbox	2298	100.1	98.1	100.1	1591,1059,10,8	218.3	39.4862224	73.5854598	4440.9
2300	2300	1.632	стакан-марка-красная	13.0	4.3	корка-жёлтая-на-скале	1.135	45.5	-1.0	6.0	6.1	bbox	2299	9.0	9.0	9.0	562,939,9,15	218.2	39.4862331	73.5854586	4440.9
2301	2301	0.898	палка-ручка-пробка	6.7	9.0	лишайник-жёлтый-на-камне	0.751	66.7	8.0	17.0	18.8	bbox	2300	21.0	21.0	22.0	1825,65,16,15	218.2	39.4862334	73.5854584	4440.9
2302	2302	0.981	палка-ручка-пробка	6.4	15.9	лишайник-жёлтый-на-камне	0.907	59.8	9.0	18.0	20.1	bbox	2301	339.4	339.4	342.4	297,939,13,12	218.2	39.4860317	73.5856298	4439.6
2303	2303	0.858	палка-ручка-пробка	5.4	14.9	лишайник-жёлтый-на-камне	0.659	60.8	7.0	18.0	19.3	bbox	2302	174.2	174.2	178.2	1809,345,12,8	218.1	39.4859633	73.5857879	4439.5
2304	2304	0.706	палка-ручка-пробка	5.6	2.8	лишайник-жёлтый-на-камне	0.748	72.9	7.5	18.0	19.5	bbox	2303	338.4	338.4	339.4	247,1041,10,8	218.1	39.4860319	73.5856296	4439.6
2305	2305	1.961	стакан-марка-красная	15.6	5.1	корка-жёлтая-на-скале	0.527	44.7	-1.0	11.0	11.0	bbox	2304	178.2	178.2	178.2	156,625,9,16	218.0	39.4859639	73.5857883	4439.5
2306	2306	2.023	палка-ручка-пробка	16.2	3.5	снег-розовый	0.841	79.2	-1.0	8.0	8.1	bbox	2305	111.1	111.1	111.1	1810,993,15,6	217.8	39.4862227	73.5854626	4440.9
2307	2307	1.326	стакан-марка-красная	10.2	10.2	порода-охристая	0.254	39.6	13.0	11.0	17.0	bbox	2306	71.1	71.1	71.1	81,0,13,11	217.5	39.4862282	73.5854589	4440.9
2308	2308	1.380	стакан-марка-красная	4.2	35.7	порода-в-тени	1.276	14.1	8.0	-2.0	8.2	bbox	2307	25.0	25.0	25.0	1911,129,9,8	217.3	39.4862334	73.5854584	4440.9
2309	2309	0.953	предмет-оранжевый	7.6	1.2	порода-охристая	3.345	65.5	27.0	31.0	41.1	bbox	2308	57.1	56.1	60.1	564,355,13,28	217.1	39.4862321	73.5854570	4440.9
2310	2310	0.988	палка-ручка-пробка	7.6	7.4	лишайник-жёлтый-на-камне	0.987	83.1	8.0	16.0	17.9	bbox	2309	343.4	343.4	343.4	1469,75,14,6	217.0	39.4860316	73.5856295	4439.6
2311	2311	1.876	стакан-марка-красная	15.0	1.8	корка-жёлтая-на-скале	0.651	51.6	-1.0	10.0	10.0	bbox	2310	236.3	234.3	236.3	645,901,13,12	216.9	39.4859082	73.5857993	4439.5
2312	2312	1.485	палка-ручка-пробка	11.7	7.1	лишайник-жёлтый-на-камне	1.081	68.6	9.0	12.0	15.0	bbox	2311	193.2	193.2	193.2	1331,381,13,6	216.6	39.4859633	73.5857883	4439.5
2313	2313	1.216	стакан-марка-красная	2.2	33.1	порода-в-тени	1.506	16.7	10.0	-1.0	10.0	bbox	2312	41.1	41.1	48.1	84,0,11,6	216.5	39.4862335	73.5854573	4440.9
2314	2314	1.955	стакан-марка-красная	14.8	18.0	снег-розовый	0.966	67.8	-2.0	8.0	8.2	bbox	2313	221.3	221.3	221.3	67,315,10,10	216.5	39.4859372	73.5857956	4439.5
2315	2315	1.518	стакан-марка-красная	10.5	21.4	порода-охристая	0.361	28.4	11.0	11.5	15.9	bbox	2314	197.3	197.3	197.3	370,1036,12,9	216.4	39.4859598	73.5857879	4439.5
2316	2316	0.735	стакан-марка-красная	2.8	18.0	порода-охристая	1.058	31.8	9.0	3.0	9.5	bbox	2315	103.1	103.1	106.1	835,0,14,7	216.3	39.4862221	73.5854608	4440.9
2317	2317	0.816	стакан-марка-красная	5.0	14.7	снег-розовый	0.960	64.5	8.0	5.0	9.4	bbox	2316	130.2	130.2	130.2	1392,889,8,8	216.3	39.4862267	73.5854625	4440.9
2318	2318	0.217	палка-ручка-пробка	1.4	3.5	лишайник-жёлтый-на-камне	0.833	79.2	4.0	22.0	22.4	bbox	2317	270.3	270.3	270.3	0,0,9,9	216.2	39.4860009	73.5857771	4439.5
2319	2319	1.393	стакан-марка-красная	11.0	5.1	порода-охристая	0.286	44.7	12.0	12.0	17.0	bbox	2318	135.2	135.2	135.2	497,1011,16,12	216.1	39.4862226	73.5854620	4440.9
2320	2320	2.268	стакан-марка-красная	13.0	44.3	снег-розовый	0.859	94.1	-1.0	6.0	6.1	bbox	2319	245.3	245.3	245.3	1569,185,8,12	216.0	39.4859096	73.5858012	4439.5
2321	2321	1.275	стакан-марка-красная	10.2	0.4	снег-в-тени	0.888	50.2	1.0	-1.0	1.4	bbox	2320	43.1	43.1	43.1	502,901,9,9	215.7	39.4862334	73.5854572	4440.9
2322	2322	1.180	палка-ручка-пробка	8.2	16.1	лишайник-жёлтый-на-камне	0.979	91.8	3.0	15.0	15.3	bbox	2321	136.2	136.2	136.2	780,548,13,13	215.7	39.4862055	73.5854627	4440.9
2323	2323	1.477	палка-ручка-пробка	11.0	14.7	лишайник-жёлтый-на-камне	0.817	61.0	6.0	12.0	13.4	bbox	2322	175.2	175.2	175.2	11,985,14,10	215.2	39.4859634	73.5857880	4439.5
2324	2324	1.097	палка-ручка-контроль	8.1	12.1	порода-охристая	1.420	45.5	13.0	22.0	25.6	bbox	2323	243.3	243.3	244.3	1692,769,13,9	215.1	39.4859093	73.5858010	4439.5
2325	2325	1.066	палка-ручка-пробка	7.1	16.7	лишайник-жёлтый-на-камне	0.363	59.0	0.0	18.0	18.0	bbox	2324	315.4	315.4	315.4	547,1047,12,9	215.1	39.4860025	73.5857379	4439.5
2326	2326	0.494	стакан-марка-красная	3.6	5.7	порода-охристая	0.933	44.1	9.0	4.0	9.8	bbox	2325	159.2	158.2	161.2	119,139,12,12	215.0	39.4859626	73.5857915	4439.5
2327	2327	1.316	палка-ручка-пробка	9.9	12.6	лишайник-жёлтый-на-камне	0.522	63.1	-2.0	16.0	16.1	bbox	2326	194.2	194.2	194.2	61,649,8,8	214.8	39.4859634	73.5857882	4439.5
2328	2328	1.803	стакан-марка-красная	14.4	1.2	корка-жёлтая-на-скале	0.761	48.6	-1.0	9.0	9.1	bbox	2327	219.3	219.3	219.3	1295,755,8,18	214.8	39.4859373	73.5857951	4439.5
2329	2329	0.396	палка-ручка-пробка	1.6	9.6	лишайник-жёлтый-на-камне	0.988	66.1	6.5	23.5	24.4	bbox	2328	266.3	266.3	266.3	219,56,6,19	214.8	39.4859884	73.5857801	4439.5
2330	2330	1.088	палка-ручка-пробка	8.6	4.7	лишайник-жёлтый-на-камне	1.027	71.0	10.0	16.0	18.9	bbox	2329	346.4	346.4	347.4	1565,217,9,8	214.7	39.4860310	73.5856300	4439.6
2331	2331	0.997	предмет-оранжевый	3.6	24.9	порода-охристая	3.024	39.4	23.0	32.0	39.4	bbox	2330	65.1	65.1	65.1	475,164,10,8	214.5	39.4862302	73.5854582	4440.9
2332	2332	1.632	стакан-марка-красная	3.6	43.9	порода-в-тени	1.443	5.9	8.0	3.0	8.5	bbox	2331	175.2	175.2	175.2	1107,241,14,14	214.5	39.4859634	73.5857880	4439.5
2333	2333	1.723	стакан-марка-красная	13.0	15.7	снег-розовый	0.901	65.5	0.0	8.0	8.0	bbox	2332	113.1	113.1	113.1	83,275,12,8	214.3	39.4862236	73.5854632	4440.9
2334	2334	1.376	стакан-марка-красная	11.0	3.3	порода-охристая	0.632	46.5	15.5	11.0	19.0	bbox	2333	156.2	156.2	156.2	0,77,9,8	214.3	39.4859620	73.5857912	4439.5
2335	2335	0.840	палка-ручка-контроль	6.7	1.2	лишайник-жёлтый-на-камне	1.477	58.8	12.0	23.0	25.9	bbox	2334	228.3	228.3	228.3	1634,1075,15,5	214.3	39.4859391	73.5857959	4439.5
2336	2336	1.804	стакан-марка-красная	13.6	16.9	снег-розовый	0.737	66.7	-2.0	5.0	5.4	bbox	2335	311.4	311.4	311.4	401,613,16,7	214.1	39.4859958	73.5857767	4439.6
2337	2337	1.510	предмет-оранжевый	11.8	9.6	порода-охристая	2.115	54.7	22.5	22.5	31.8	bbox	2336	144.2	141.2	144.2	951,789,8,12	213.9	39.4859819	73.5857156	4440.1
2338	2338	1.982	стакан-марка-красная	12.5	34.1	снег-розовый	0.538	83.9	-1.0	4.5	4.6	bbox	2337	5.0	5.0	5.0	0,485,3,22	213.8	39.4862326	73.5854588	4440.9
2339	2339	0.769	палка-ручка-контроль	6.1	3.2	лишайник-жёлтый-на-камне	1.610	60.8	12.0	25.0	27.7	bbox	2338	82.1	82.1	82.1	218,1071,7,9	213.8	39.4862252	73.5854596	4440.9
2340	2340	1.458	палка-ручка-пробка	11.7	1.0	лишайник-жёлтый-на-камне	0.935	74.7	-5.0	17.0	17.7	bbox	2339	289.4	289.4	289.4	1877,1047,10,10	213.8	39.4859981	73.5857750	4439.5
2341	2341	1.090	палка-ручка-контроль	7.3	16.8	порода-охристая	1.071	40.8	8.0	19.0	20.6	bbox	2340	330.4	330.4	330.4	1418,812,8,13	213.6	39.4860308	73.5856307	4439.6
2342	2342	0.583	стакан-марка-красная	3.6	10.2	порода-охристая	1.208	39.6	7.5	2.0	7.8	bbox	2341	340.4	338.4	341.4	1077,649,10,8	213.6	39.4860316	73.5856298	4439.6
2343	2343	1.202	стакан-марка-красная	2.2	32.7	порода-охристая	1.382	17.1	9.0	2.0	9.2	bbox	2342	20.0	20.0	20.0	1859,26,14,11	213.5	39.4862334	73.5854585	4440.9
2344	2344	1.834	палка-ручка-контроль	14.1	13.7	порода-охристая	0.906	43.9	16.0	16.0	22.6	bbox	2343	130.2	130.2	130.2	729,917,8,8	213.5	39.4862267	73.5854625	4440.9
2345	2345	1.934	предмет-оранжевый	12.4	32.5	порода-охристая	2.049	31.8	23.0	22.0	31.8	bbox	2344	24.0	24.0	28.0	1371,7,7,13	213.3	39.4862334	73.5854584	4440.9
2346	2346	1.203	стакан-марка-красная	8.6	15.1	порода-охристая	0.741	34.7	16.0	8.0	17.9	bbox	2345	38.0	38.0	38.0	1389,921,8,8	213.2	39.4862336	73.5854573	4440.9
2347	2347	1.907	стакан-марка-красная	13.5	25.1	снег-розовый	0.818	74.9	-0.5	8.0	8.0	bbox	2346	19.0	19.0	19.0	1003,643,4,28	213.1	39.4862336	73.5854585	4440.9
2348	2348	2.171	стакан-марка-красная	11.0	47.1	порода-в-тени	0.723	2.7	0.0	1.0	1.0	bbox	2347	229.3	229.3	229.3	1051,865,6,16	213.1	39.4859386	73.5857961	4439.5
2349	2349	1.451	палка-ручка-пробка	10.8	14.7	порода-охристая	0.889	61.0	11.0	14.0	17.8	bbox	2348	150.2	150.2	150.2	692,158,13,8	213.0	39.4859619	73.5857924	4439.5
2350	2350	0.704	стакан-марка-красная	2.0	18.4	порода-охристая	1.521	31.4	11.0	-1.0	11.0	bbox	2349	19.0	17.0	19.0	881,241,8,8	212.9	39.4862336	73.5854585	4440.9
2351	2351	1.019	предмет-оранжевый	7.6	10.2	порода-охристая	3.250	54.1	27.0	31.0	41.1	bbox	2350	54.1	53.1	55.1	509,97,14,14	212.9	39.4862327	73.5854565	4440.9
2352	2352	1.460	стакан-марка-красная	1.8	40.4	порода-в-тени	1.537	9.4	9.5	2.0	9.7	bbox	2351	112.1	112.1	112.1	1025,561,12,8	212.8	39.4862233	73.5854628	4440.9
2353	2353	0.497	стакан-марка-красная	3.2	8.4	снег-розовый	1.050	58.2	8.0	0.0	8.0	bbox	2352	38.0	36.0	46.1	377,291,4,14	212.4	39.4862336	73.5854573	4440.9
2354	2354	2.028	палка-ручка-пробка	16.2	5.1	снег-розовый	0.846	80.8	-1.0	8.0	8.1	bbox	2353	112.1	112.1	112.1	1097,995,8,13	212.4	39.4862233	73.5854628	4440.9
2355	2355	0.606	стакан-марка-красная	4.2	8.2	порода-охристая	0.959	41.6	8.0	4.0	8.9	bbox	2354	340.4	340.4	340.4	865,945,11,8	212.4	39.4860316	73.5856298	4439.6
2356	2356	1.962	стакан-марка-красная	14.8	18.6	снег-розовый	0.959	68.4	-2.0	8.0	8.2	bbox	2355	35.0	35.0	36.0	139,1011,6,11	212.2	39.4862336	73.5854577	4440.9
2357	2357	1.483	стакан-марка-красная	11.7	7.5	снег-розовый	0.801	57.3	-0.5	3.0	3.0	bbox	2356	271.3	271.3	271.3	1096,682,10,7	212.2	39.4860007	73.5857770	4439.5
2358	2358	1.288	палка-ручка-пробка	9.9	10.0	лишайник-жёлтый-на-камне	0.515	65.7	-2.0	16.0	16.1	bbox	2357	5.0	5.0	5.0	1331,1001,12,7	212.0	39.4862326	73.5854588	4440.9
2359	2359	0.952	палка-ручка-пробка	7.6	3.0	лишайник-жёлтый-на-камне	1.599	72.7	12.5	24.0	27.1	bbox	2358	274.4	274.4	274.4	574,297,7,10	211.9	39.4859993	73.5857767	4439.6
2360	2360	0.918	палка-ручка-пробка	7.3	3.3	лишайник-жёлтый-на-камне	0.683	72.4	7.0	16.0	17.5	bbox	2359	22.0	22.0	22.0	1681,371,8,10	211.8	39.4862334	73.5854583	4440.9
2361	2361	2.011	стакан-марка-красная	14.3	25.7	порода-в-тени	1.009	24.1	-2.0	7.0	7.3	bbox	2360	265.3	265.3	265.3	269,725,12,8	211.4	39.4859539	73.5857892	4439.5
2362	2362	1.855	стакан-марка-красная	13.3	22.7	порода-охристая	0.667	27.1	14.0	14.0	19.8	bbox	2361	127.2	123.2	127.2	613,153,10,11	211.2	39.4862259	73.5854622	4440.9
2363	2363	1.475	палка-ручка-пробка	10.0	21.9	лишайник-жёлтый-на-камне	1.307	97.6	-3.0	17.0	17.3	bbox	2362	332.4	332.4	332.4	553,893,16,8	211.2	39.4860308	73.5856303	4439.6
2364	2364	1.677	стакан-марка-красная	9.2	34.1	снег-розовый	1.348	83.9	9.0	10.0	13.5	bbox	2363	69.1	69.1	69.1	30,539,9,11	210.9	39.4862288	73.5854587	4440.9
2365	2365	1.627	стакан-марка-красная	13.0	2.2	корка-жёлтая-на-скале	1.132	47.6	-1.0	6.0	6.1	bbox	2364	272.4	272.4	274.4	1015,499,8,14	210.6	39.4860003	73.5857769	4439.5
2366	2366	1.031	палка-ручка-пробка	8.2	0.6	лишайник-жёлтый-на-камне	0.476	76.3	3.0	15.0	15.3	bbox	2365	36.0	36.0	39.1	487,274,8,14	210.3	39.4862336	73.5854576	4440.9
2367	2367	0.280	стакан-марка-красная	2.2	0.4	снег-розовый	1.357	49.4	9.0	0.0	9.0	bbox	2366	42.1	42.1	45.1	27,17,14,6	210.3	39.4862335	73.5854573	4440.9
2368	2368	1.055	стакан-марка-красная	8.2	6.3	порода-охристая	0.398	43.5	13.0	9.0	15.8	bbox	2367	73.1	73.1	73.1	1593,653,8,12	210.3	39.4862275	73.5854588	4440.9
2369	2369	0.965	палка-ручка-пробка	6.6	14.1	лишайник-жёлтый-на-камне	0.523	61.6	6.0	16.5	17.6	bbox	2368	54.1	54.1	56.1	41,843,8,10	210.2	39.4862327	73.5854565	4440.9
2370	2370	1.438	стакан-марка-красная	11.5	0.2	порода-охристая	0.442	49.6	11.0	12.5	16.7	bbox	2369	46.1	46.1	49.1	89,351,14,8	210.0	39.4862325	73.5854567	4440.9
2371	2371	0.791	стакан-марка-красная	5.1	13.1	порода-в-тени	1.216	36.7	6.0	2.0	6.3	bbox	2370	312.4	312.4	312.4	89,917,8,8	210.0	39.4859955	73.5857769	4439.6
2372	2372	2.258	стакан-марка-красная	15.6	32.2	корка-жёлтая-на-скале	1.140	17.6	0.0	12.0	12.0	bbox	2371	325.4	325.4	325.4	1881,241,8,16	209.8	39.4860314	73.5856299	4439.6
2373	2373	1.782	стакан-марка-красная	13.4	16.9	порода-охристая	1.282	66.7	17.0	13.0	21.4	bbox	2372	315.4	315.4	315.4	777,367,12,6	209.7	39.4860025	73.5857379	4439.5
2374	2374	1.394	стакан-марка-красная	11.0	5.3	порода-в-тени	0.905	44.5	0.0	0.0	0.0	bbox	2373	332.4	332.4	332.4	1067,787,6,14	209.5	39.4860308	73.5856303	4439.6
2375	2375	1.909	палка-ручка-пробка	15.2	3.9	снег-розовый	0.975	71.8	-1.0	9.0	9.1	bbox	2374	76.1	74.1	76.1	1703,839,10,8	209.4	39.4862266	73.5854594	4440.9
2376	2376	1.133	стакан-марка-красная	5.0	26.5	порода-в-тени	1.036	23.3	6.0	1.0	6.1	bbox	2375	142.2	142.2	142.2	1177,213,15,8	209.4	39.4860217	73.5856279	4440.7
2377	2377	1.153	палка-ручка-контроль	9.0	7.0	лишайник-жёлтый-на-камне	0.730	50.6	6.0	17.0	18.0	bbox	2376	37.0	37.0	37.0	1437,5,19,4	208.8	39.4862336	73.5854575	4440.9
2378	2378	1.613	предмет-оранжевый	11.7	19.0	порода-охристая	2.225	45.3	24.0	23.0	33.2	bbox	2377	141.2	141.2	145.2	1157,494,10,11	208.8	39.4860486	73.5855872	4440.8
2379	2379	1.161	палка-ручка-пробка	8.5	12.7	лишайник-жёлтый-на-камне	1.096	88.4	-3.0	20.0	20.2	bbox	2378	226.3	226.3	226.3	483,835,9,12	208.8	39.4859384	73.5857959	4439.5
2380	2380	1.835	стакан-марка-красная	12.0	29.6	порода-в-тени	0.280	20.2	-1.0	1.0	1.4	bbox	2379	26.0	25.0	26.0	58,771,7,12	208.7	39.4862335	73.5854585	4440.9
2381	2381	1.315	палка-ручка-пробка	8.5	21.8	корка-жёлтая-на-скале	0.355	53.9	-1.0	17.0	17.0	bbox	2380	314.4	314.4	314.4	795,785,7,14	208.6	39.4859971	73.5857640	4439.5
2382	2382	1.291	стакан-марка-красная	10.3	2.7	снег-розовый	1.025	52.5	2.0	6.0	6.3	bbox	2381	265.3	265.3	265.3	421,707,10,10	208.5	39.4859539	73.5857892	4439.5
2383	2383	0.884	палка-ручка-пробка	7.1	0.4	лишайник-жёлтый-на-камне	0.448	75.3	0.0	18.0	18.0	bbox	2382	325.4	325.4	325.4	383,231,18,8	208.5	39.4860314	73.5856299	4439.6
2384	2384	2.101	стакан-марка-красная	12.5	39.2	порода-в-тени	1.089	10.6	0.0	7.0	7.0	bbox	2383	334.4	334.4	334.4	1641,345,6,14	208.5	39.4860314	73.5856301	4439.6
2385	2385	2.072	стакан-марка-красная	14.4	28.6	корка-жёлтая-на-скале	1.217	21.2	-1.0	9.0	9.1	bbox	2384	138.2	138.2	138.2	1075,1041,13,6	207.9	39.4861474	73.5854883	4440.9
2386	2386	1.369	палка-ручка-пробка	10.3	13.0	порода-охристая	0.957	62.7	9.0	13.5	16.2	bbox	2385	154.2	154.2	154.2	753,91,8,6	207.7	39.4859617	73.5857913	4439.5
2387	2387	1.411	палка-ручка-контроль	9.9	19.0	порода-охристая	1.031	38.6	13.0	19.0	23.0	bbox	2386	197.3	197.3	197.3	291,951,14,9	207.7	39.4859598	73.5857879	4439.5
2388	2388	1.450	стакан-марка-красная	5.8	35.1	снег-розовый	0.938	84.9	8.0	6.0	10.0	bbox	2387	320.4	320.4	320.4	233,275,8,11	207.7	39.4860316	73.5856303	4439.6
2389	2389	1.124	палка-ручка-пробка	8.2	12.6	лишайник-жёлтый-на-камне	0.678	63.1	7.0	15.0	16.6	bbox	2388	44.1	44.1	47.1	481,1005,12,8	207.6	39.4862332	73.5854571	4440.9
2390	2390	0.911	предмет-оранжевый	5.8	15.3	лишайник-жёлтый-на-камне	2.441	79.6	15.0	31.0	34.4	bbox	2389	144.2	144.2	144.2	605,207,12,8	207.6	39.4859819	73.5857156	4440.1
2391	2391	1.120	стакан-марка-красная	1.0	31.2	порода-охристая	1.441	18.6	10.0	1.0	10.0	bbox	2390	270.3	270.3	270.3	49,134,10,11	207.6	39.4860009	73.5857771	4439.5
2392	2392	1.297	стакан-марка-красная	10.3	4.5	порода-охристая	0.683	45.3	16.0	10.0	18.9	bbox	2391	72.1	72.1	74.1	1513,18,12,7	207.4	39.4862278	73.5854587	4440.9
2393	2393	1.461	стакан-марка-красная	11.2	12.0	снег-освещённый	0.702	61.8	0.0	-1.0	1.0	bbox	2392	160.2	158.2	160.2	1619,611,14,6	207.4	39.4859629	73.5857913	4439.4
2394	2394	0.914	стакан-марка-красная	6.7	10.2	порода-охристая	0.626	39.6	14.0	7.0	15.7	bbox	2393	75.1	75.1	75.1	1364,248,13,9	207.3	39.4862269	73.5854593	4440.9
2395	2395	1.335	палка-ручка-контроль	10.6	3.7	порода-охристая	1.066	53.9	13.0	18.0	22.2	bbox	2394	272.4	272.4	272.4	817,171,12,10	207.3	39.4860003	73.5857769	4439.5
2396	2396	1.687	палка-ручка-контроль	13.5	3.3	порода-охристая	1.408	54.3	17.5	19.0	25.8	bbox	2395	273.4	273.4	273.4	1849,389,8,8	207.3	39.4859998	73.5857768	4439.6
2397	2397	1.287	стакан-марка-красная	7.3	25.5	порода-в-тени	0.763	24.3	4.0	-1.0	4.1	bbox	2396	313.4	313.4	313.4	767,43,8,10	207.0	39.4859951	73.5857759	4439.5
2398	2398	1.902	стакан-марка-красная	13.4	25.1	порода-охристая	0.930	24.7	17.0	13.0	21.4	bbox	2397	130.2	130.2	130.2	987,457,8,9	206.9	39.4862267	73.5854625	4440.9
2399	2399	2.122	стакан-марка-красная	13.0	38.0	порода-в-тени	1.193	11.8	0.0	8.0	8.0	bbox	2398	311.4	311.4	311.4	475,1020,15,9	206.8	39.4859958	73.5857767	4439.6
2400	2400	0.762	стакан-марка-красная	6.1	1.4	порода-охристая	0.628	48.4	10.0	7.0	12.2	bbox	2399	153.2	153.2	155.2	828,220,14,13	206.7	39.4859619	73.5857916	4439.4
2401	2401	1.420	стакан-марка-красная	11.2	7.1	порода-в-тени	0.836	42.7	0.0	-1.0	1.0	bbox	2400	68.1	68.1	68.1	275,1059,11,5	206.6	39.4862293	73.5854584	4440.9
2402	2402	1.239	стакан-марка-красная	9.1	14.1	снег-розовый	0.549	63.9	2.0	0.0	2.0	bbox	2401	65.1	65.1	66.1	1754,761,7,8	206.5	39.4862302	73.5854582	4440.9
2403	2403	1.429	палка-ручка-контроль	11.4	2.9	порода-охристая	0.982	54.7	13.0	17.0	21.4	bbox	2402	62.1	62.1	65.1	1573,919,16,6	206.3	39.4862310	73.5854577	4440.9
2404	2404	2.124	стакан-марка-красная	13.4	36.5	снег-розовый	0.792	86.3	-1.0	7.0	7.1	bbox	2403	219.3	219.3	220.3	1423,105,6,21	206.1	39.4859373	73.5857951	4439.5
2405	2405	1.251	стакан-марка-красная	9.5	11.2	порода-в-тени	0.830	38.6	2.0	-2.0	2.8	bbox	2404	128.2	128.2	128.2	353,259,8,18	205.8	39.4862260	73.5854623	4440.9
2406	2406	0.957	палка-ручка-пробка	6.6	13.7	лишайник-жёлтый-на-камне	0.520	62.0	6.0	16.5	17.6	bbox	2405	77.1	77.1	77.1	1873,741,12,6	205.7	39.4862262	73.5854594	4440.9
2407	2407	1.513	палка-ручка-пробка	12.0	4.3	лишайник-жёлтый-на-камне	1.516	80.0	-7.0	24.0	25.0	bbox	2406	197.3	197.3	197.3	273,533,8,10	205.7	39.4859598	73.5857879	4439.5
2408	2408	1.795	стакан-марка-красная	13.6	16.1	корка-жёлтая-на-скале	0.990	65.9	0.0	9.0	9.0	bbox	2407	139.2	139.2	139.2	0,996,9,13	205.3	39.4861135	73.5855151	4440.9
2409	2409	2.023	стакан-марка-красная	11.0	41.6	порода-в-тени	0.560	8.2	0.0	1.0	1.0	bbox	2408	132.2	132.2	132.2	1653,913,10,12	205.1	39.4862273	73.5854630	4440.9
2410	2410	0.916	стакан-марка-красная	3.2	23.1	порода-в-тени	1.276	26.7	8.0	0.0	8.0	bbox	2409	15.0	15.0	20.0	1003,561,8,8	205.0	39.4862336	73.5854588	4440.9
2411	2411	0.883	стакан-марка-красная	2.0	23.7	порода-охристая	1.093	26.1	11.0	3.0	11.4	bbox	2410	1.0	0.0	1.0	485,385,7,14	204.4	39.4862323	73.5854594	4440.9
2412	2412	1.746	рюкзак-синий	13.2	16.4	порода-в-тени	0.143	22.4	-1.0	-1.0	1.4	bbox	2411	92.1	90.1	98.1	745,797,8,8	204.1	39.4862233	73.5854590	4440.9
2413	2413	1.911	палка-ручка-пробка	15.2	4.7	снег-розовый	0.957	80.4	-1.0	9.0	9.1	bbox	2412	109.1	109.1	109.1	1753,993,7,13	204.1	39.4862224	73.5854627	4440.9
2414	2414	0.938	стакан-марка-красная	6.3	14.1	порода-охристая	1.069	63.9	9.0	7.0	11.4	bbox	2413	154.2	154.2	154.2	515,931,10,8	203.8	39.4859617	73.5857913	4439.5
2415	2415	2.068	палка-ручка-контроль	15.7	18.8	порода-охристая	1.505	38.8	20.0	19.0	27.6	bbox	2414	263.3	263.3	263.3	1665,40,18,9	203.8	39.4859101	73.5858002	4439.5
2416	2416	0.461	палка-ручка-пробка	3.6	2.8	лишайник-жёлтый-на-камне	1.278	72.9	8.0	25.0	26.2	bbox	2415	274.4	274.4	274.4	1241,55,16,8	203.8	39.4859993	73.5857767	4439.6
2417	2417	1.249	палка-ручка-пробка	8.5	18.4	корка-жёлтая-на-скале	0.438	57.3	-1.0	17.0	17.0	bbox	2416	270.3	270.3	270.3	1883,751,10,20	203.6	39.4860009	73.5857771	4439.5
2418	2418	1.791	стакан-марка-красная	12.6	23.5	порода-охристая	0.707	26.3	15.0	13.0	19.8	bbox	2417	274.4	274.4	274.4	197,605,12,10	203.5	39.4859993	73.5857767	4439.6
2419	2419	2.061	стакан-марка-красная	14.3	28.6	снег-розовый	0.801	78.4	-2.0	7.0	7.3	bbox	2418	312.4	312.4	314.4	1791,896,6,15	203.5	39.4859955	73.5857769	4439.6
2420	2420	1.720	стакан-марка-красная	13.6	7.3	корка-жёлтая-на-скале	0.820	57.1	0.0	9.0	9.0	bbox	2419	22.0	22.0	22.0	621,1065,11,8	203.4	39.4862334	73.5854583	4440.9
2421	2421	0.746	палка-ручка-пробка	5.4	9.0	лишайник-жёлтый-на-камне	1.572	84.7	10.0	25.0	26.9	bbox	2420	3.0	2.0	3.0	333,11,6,16	203.2	39.4862326	73.5854594	4440.9
2422	2422	1.638	стакан-марка-красная	12.6	12.0	порода-охристая	0.559	37.8	15.0	13.0	19.8	bbox	2421	77.1	77.1	78.1	1627,713,12,8	202.9	39.4862262	73.5854594	4440.9
2423	2423	1.995	стакан-марка-красная	13.5	30.0	порода-в-тени	1.141	19.8	-0.5	8.0	8.0	bbox	2422	236.3	235.3	236.3	1559,1015,12,10	202.9	39.4859082	73.5857993	4439.5
2424	2424	1.277	стакан-марка-красная	10.2	2.2	снег-в-тени	0.896	52.0	1.0	-1.0	1.4	bbox	2423	98.1	97.1	98.1	181,483,10,7	202.8	39.4862226	73.5854596	4440.9
2425	2425	0.930	палка-ручка-пробка	7.3	5.3	лишайник-жёлтый-на-камне	0.661	70.4	7.0	16.0	17.5	bbox	2424	97.1	97.1	97.1	1895,107,12,10	202.5	39.4862225	73.5854594	4440.9
2426	2426	1.792	стакан-марка-красная	12.0	27.4	порода-в-тени	0.288	22.4	-1.0	1.0	1.4	bbox	2425	177.2	177.2	177.2	1625,968,9,9	202.4	39.4859636	73.5857883	4439.5
2427	2427	0.835	палка-ручка-пробка	6.4	6.7	лишайник-жёлтый-на-камне	1.194	82.4	10.0	19.0	21.5	bbox	2426	68.1	67.1	68.1	172,240,7,10	202.2	39.4862293	73.5854584	4440.9
2428	2428	0.863	стакан-марка-красная	5.0	16.7	порода-в-тени	1.220	33.1	7.0	-2.0	7.3	bbox	2427	126.2	126.2	126.2	1028,131,9,14	202.2	39.4862257	73.5854620	4440.9
2429	2429	1.935	стакан-марка-красная	14.3	20.6	снег-розовый	0.841	70.4	-2.0	7.0	7.3	bbox	2428	54.1	54.1	54.1	1897,923,8,17	202.1	39.4862327	73.5854565	4440.9
2430	2430	1.535	стакан-марка-красная	5.4	38.6	порода-в-тени	1.053	11.2	6.0	-1.0	6.1	bbox	2429	8.0	8.0	8.0	0,401,11,6	201.5	39.4862328	73.5854586	4440.9
2431	2431	1.577	стакан-марка-красная	12.1	12.6	порода-охристая	0.911	62.4	12.5	13.0	18.0	bbox	2430	39.1	39.1	44.1	986,225,12,8	201.4	39.4862335	73.5854574	4440.9
2432	2432	2.171	стакан-марка-красная	11.0	47.1	порода-в-тени	0.723	2.7	0.0	1.0	1.0	bbox	2431	171.2	171.2	171.2	849,529,8,16	201.4	39.4859630	73.5857884	4439.5
2433	2433	1.486	стакан-марка-красная	11.7	7.3	порода-охристая	0.842	57.1	15.0	12.0	19.2	bbox	2432	128.2	128.2	128.2	393,168,11,12	201.3	39.4862260	73.5854623	4440.9
2434	2434	1.947	стакан-марка-красная	13.0	30.0	снег-розовый	0.630	79.8	-1.0	6.0	6.1	bbox	2433	229.3	229.3	230.3	1111,660,8,13	201.3	39.4859386	73.5857961	4439.5
2435	2435	1.760	стакан-марка-красная	13.6	12.7	корка-жёлтая-на-скале	0.916	62.5	0.0	9.0	9.0	bbox	2434	127.2	127.2	127.2	1619,713,12,6	201.2	39.4862259	73.5854622	4440.9
2436	2436	2.319	палка-ручка-пробка	17.5	21.9	снег-освещённый	1.069	97.6	-2.0	7.0	7.3	bbox	2435	114.1	114.1	119.2	45,17,8,8	201.1	39.4862238	73.5854635	4440.9
2437	2437	1.404	стакан-марка-красная	4.5	36.1	порода-охристая	1.424	13.7	15.0	3.0	15.3	bbox	2436	138.2	138.2	138.2	29,811,4,14	201.1	39.4861474	73.5854883	4440.9
2438	2438	1.950	стакан-марка-красная	14.8	17.7	снег-розовый	0.972	67.5	-2.0	8.0	8.2	bbox	2437	127.2	127.2	127.2	657,453,14,6	200.8	39.4862259	73.5854622	4440.9
2439	2439	1.371	палка-ручка-пробка	8.2	25.3	порода-охристая	0.827	50.4	7.0	15.0	16.6	bbox	2438	18.0	13.0	19.0	1609,0,8,19	200.7	39.4862337	73.5854586	4440.9
2440	2440	0.552	палка-ручка-пробка	4.1	5.5	лишайник-жёлтый-на-камне	1.088	70.2	9.0	22.0	23.8	bbox	2439	268.3	266.3	268.3	290,267,8,8	200.5	39.4860009	73.5857768	4439.5
2441	2441	1.055	палка-ручка-пробка	7.0	16.5	лишайник-жёлтый-на-камне	0.455	59.2	5.0	16.0	16.8	bbox	2440	21.0	21.0	22.0	1851,480,12,7	200.2	39.4862334	73.5854584	4440.9
2442	2442	1.366	стакан-марка-красная	4.5	34.9	порода-охристая	1.153	14.9	9.0	5.0	10.3	bbox	2441	225.3	225.3	225.3	353,13,8,12	200.1	39.4859383	73.5857959	4439.5
2443	2443	1.153	палка-ручка-пробка	9.2	1.0	лишайник-жёлтый-на-камне	0.598	74.7	-2.0	17.0	17.1	bbox	2442	344.4	344.4	344.4	433,1043,6,14	199.9	39.4860316	73.5856296	4439.6
2444	2444	1.541	палка-ручка-пробка	11.0	19.4	корка-жёлтая-на-скале	0.398	56.3	-2.0	14.5	14.6	bbox	2443	233.3	233.3	233.3	1779,913,14,7	199.8	39.4859195	73.5857977	4439.5
2445	2445	2.272	палка-ручка-пробка	17.5	17.6	снег-розовый	0.978	93.3	-2.0	7.0	7.3	bbox	2444	245.3	245.3	245.3	1732,958,9,11	199.5	39.4859096	73.5858012	4439.5
2446	2446	1.879	палка-ручка-контроль	14.1	17.8	порода-охристая	0.885	39.8	16.0	16.0	22.6	bbox	2445	130.2	130.2	130.2	1491,37,12,6	199.3	39.4862267	73.5854625	4440.9
2447	2447	1.099	стакан-марка-красная	6.3	21.4	снег-розовый	1.099	71.2	9.0	7.0	11.4	bbox	2446	194.2	194.2	194.2	1697,615,8,10	199.1	39.4859634	73.5857882	4439.5
2448	2448	1.287	палка-ручка-пробка	10.0	7.9	лишайник-жёлтый-на-камне	0.712	67.8	6.0	13.0	14.3	bbox	2447	105.1	103.1	108.1	1409,287,6,10	199.0	39.4862222	73.5854613	4440.9
2449	2449	1.476	стакан-марка-красная	2.5	40.4	порода-в-тени	1.431	9.4	9.0	-0.5	9.0	bbox	2448	111.1	111.1	111.1	607,139,8,8	199.0	39.4862227	73.5854626	4440.9
2450	2450	1.256	палка-ручка-контроль	9.5	11.6	лишайник-жёлтый-на-камне	1.795	69.2	15.0	23.0	27.5	bbox	2449	67.1	66.1	67.1	345,481,16,8	198.9	39.4862298	73.5854582	4440.9
2451	2451	0.910	палка-ручка-контроль	6.4	12.1	порода-охристая	1.398	45.5	11.0	22.0	24.6	bbox	2450	271.3	271.3	271.3	1836,707,13,9	198.9	39.4860007	73.5857770	4439.5
2452	2452	1.689	стакан-марка-красная	13.0	12.9	снег-розовый	0.820	62.7	-1.0	6.0	6.1	bbox	2451	266.3	266.3	266.3	1798,993,5,22	198.8	39.4859884	73.5857801	4439.5
2453	2453	1.013	палка-ручка-пробка	8.1	2.8	лишайник-жёлтый-на-камне	0.923	72.9	9.0	16.0	18.4	bbox	2452	30.0	30.0	30.0	1399,379,10,14	198.7	39.4862337	73.5854582	4440.9
2454	2454	1.672	стакан-марка-красная	3.6	45.1	порода-в-тени	1.370	4.7	8.0	-1.0	8.1	bbox	2453	16.0	13.0	16.0	1151,587,10,6	198.6	39.4862336	73.5854587	4440.9
2455	2455	1.627	стакан-марка-красная	9.5	31.2	порода-охристая	0.809	18.6	8.0	10.0	12.8	bbox	2454	64.1	64.1	64.1	1905,953,15,10	198.6	39.4862304	73.5854582	4440.9
2456	2456	1.265	стакан-марка-красная	4.2	32.2	порода-в-тени	1.260	17.6	8.0	-2.0	8.2	bbox	2455	53.1	53.1	53.1	1231,128,8,11	198.3	39.4862328	73.5854563	4440.9
2457	2457	2.037	стакан-марка-красная	13.9	29.6	порода-в-тени	0.875	20.2	-2.0	6.0	6.3	bbox	2456	311.4	311.4	311.4	1721,651,8,15	198.0	39.4859958	73.5857767	4439.6
2458	2458	1.653	стакан-марка-красная	13.0	8.4	корка-жёлтая-на-скале	1.155	41.4	-1.0	6.0	6.1	bbox	2457	83.1	83.1	83.1	475,605,11,12	197.9	39.4862250	73.5854593	4440.9
2459	2459	0.843	предмет-оранжевый	6.7	2.5	порода-охристая	3.234	61.8	26.0	31.0	40.5	bbox	2458	53.1	53.1	54.1	401,201,8,13	197.4	39.4862328	73.5854563	4440.9
2460	2460	1.800	стакан-марка-красная	11.2	31.8	порода-в-тени	0.565	18.0	0.0	3.0	3.0	bbox	2459	137.2	137.2	137.2	1445,729,12,10	197.2	39.4861792	73.5854706	4440.9
2461	2461	1.837	стакан-марка-красная	13.0	23.7	снег-розовый	0.804	73.5	0.0	8.0	8.0	bbox	2460	114.1	114.1	114.1	643,531,14,5	197.0	39.4862238	73.5854635	4440.9
2462	2462	1.237	палка-ручка-пробка	9.9	0.2	лишайник-жёлтый-на-камне	0.627	75.5	-2.0	16.0	16.1	bbox	2461	5.0	4.0	5.0	1251,943,14,6	196.9	39.4862326	73.5854588	4440.9
2463	2463	1.777	стакан-марка-красная	13.0	19.8	снег-розовый	0.841	69.6	0.0	8.0	8.0	bbox	2462	113.1	113.1	113.1	323,209,14,6	196.9	39.4862236	73.5854632	4440.9
2464	2464	1.837	стакан-марка-красная	11.0	34.1	порода-в-тени	0.392	15.7	0.0	1.0	1.0	bbox	2463	176.2	176.2	176.2	1265,769,8,8	196.9	39.4859635	73.5857881	4439.5
2465	2465	0.745	стакан-марка-красная	4.9	11.8	снег-розовый	0.812	61.6	6.5	3.0	7.2	bbox	2464	45.1	43.1	45.1	1201,83,6,10	196.8	39.4862328	73.5854569	4440.9
2466	2466	1.264	стакан-марка-красная	9.2	14.5	снег-розовый	0.605	64.3	2.0	-1.0	2.2	bbox	2465	68.1	68.1	68.1	1640,233,7,8	196.6	39.4862293	73.5854584	4440.9
2467	2467	2.050	палка-ручка-пробка	16.3	7.1	корка-жёлтая-на-скале	1.169	68.6	-6.0	11.0	12.5	bbox	2466	173.2	173.2	173.2	67,417,12,8	196.5	39.4859632	73.5857881	4439.5
2468	2468	0.452	предмет-оранжевый	3.6	0.8	порода-охристая	3.154	63.5	23.0	32.0	39.4	bbox	2467	53.1	53.1	54.1	169,321,10,9	196.4	39.4862328	73.5854563	4440.9
2469	2469	0.702	палка-ручка-пробка	5.6	2.0	лишайник-жёлтый-на-камне	1.267	73.7	10.5	22.0	24.4	bbox	2468	54.1	54.1	54.1	431,77,12,16	196.3	39.4862327	73.5854565	4440.9
2470	2470	2.303	палка-ручка-пробка	17.2	22.7	снег-розовый	0.966	98.4	0.0	6.5	6.5	bbox	2469	59.1	59.1	59.1	439,977,12,12	196.3	39.4862316	73.5854573	4440.9
2471	2471	1.467	палка-ручка-контроль	11.2	12.5	порода-охристая	1.418	45.1	16.0	21.0	26.4	bbox	2470	322.4	322.4	322.4	1287,837,6,8	196.3	39.4860309	73.5856302	4439.5
2472	2472	1.277	палка-ручка-пробка	10.2	1.9	лишайник-жёлтый-на-камне	0.674	77.6	3.0	13.0	13.3	bbox	2471	324.4	321.4	324.4	337,464,15,7	196.2	39.4860313	73.5856298	4439.5
2473	2473	1.859	стакан-марка-красная	14.4	12.7	корка-жёлтая-на-скале	0.852	37.1	-1.0	9.0	9.1	bbox	2472	85.1	84.1	85.1	1499,1068,18,7	196.1	39.4862245	73.5854589	4440.9
2474	2474	1.513	палка-ручка-контроль	10.0	23.9	порода-охристая	0.900	33.7	6.0	16.0	17.1	bbox	2473	85.1	85.1	85.1	1305,258,12,10	196.0	39.4862245	73.5854589	4440.9
2475	2475	1.097	палка-ручка-пробка	8.5	7.9	лишайник-жёлтый-на-камне	0.384	67.8	-1.0	17.0	17.0	bbox	2474	270.3	270.3	270.3	309,1053,15,10	196.0	39.4860009	73.5857771	4439.5
2476	2476	1.792	стакан-марка-красная	14.3	2.4	корка-жёлтая-на-скале	1.042	52.2	-2.0	7.0	7.3	bbox	2475	269.3	266.3	269.3	58,1051,12,8	195.9	39.4860011	73.5857770	4439.5
2477	2477	1.258	палка-ручка-пробка	9.2	14.1	лишайник-жёлтый-на-камне	0.954	89.8	-1.0	16.0	16.0	bbox	2476	5.0	3.0	5.0	863,439,14,6	195.8	39.4862326	73.5854588	4440.9
2478	2478	1.818	стакан-марка-красная	14.3	8.8	порода-охристая	1.177	58.6	18.0	13.5	22.5	bbox	2477	14.0	12.0	15.0	1521,181,6,12	195.8	39.4862336	73.5854587	4440.9
2479	2479	1.647	стакан-марка-красная	13.0	7.4	корка-жёлтая-на-скале	1.149	42.4	-1.0	6.0	6.1	bbox	2478	16.0	16.0	16.0	1523,1011,5,14	195.8	39.4862336	73.5854587	4440.9
2480	2480	0.630	палка-ручка-контроль	5.0	2.2	лишайник-жёлтый-на-камне	1.150	59.8	1.0	26.0	26.0	bbox	2479	327.4	327.4	327.4	1597,819,7,14	195.4	39.4860314	73.5856302	4439.6
2481	2481	1.904	палка-ручка-пробка	15.2	1.2	снег-розовый	0.958	74.5	-1.0	9.0	9.1	bbox	2480	28.0	28.0	28.0	1149,876,8,14	195.2	39.4862337	73.5854586	4440.9
2482	2482	0.900	стакан-марка-красная	3.5	22.0	порода-в-тени	1.341	27.8	8.5	-1.5	8.6	bbox	2481	131.2	131.2	131.2	1201,151,10,7	195.2	39.4862270	73.5854626	4440.9
2483	2483	1.579	палка-ручка-контроль	10.0	27.0	порода-охристая	0.927	30.6	6.0	16.0	17.1	bbox	2482	170.2	170.2	170.2	1604,764,5,12	195.2	39.4859630	73.5857886	4439.5
2484	2484	1.533	стакан-марка-красная	11.3	16.9	порода-в-тени	0.761	32.9	0.0	3.5	3.5	bbox	2483	273.4	273.4	273.4	1220,793,17,8	195.1	39.4859998	73.5857768	4439.6
2485	2485	0.542	палка-древко-контроль	4.1	4.7	снег-в-тени	0.954	46.3	-7.0	-11.0	13.0	bbox	2484	328.4	328.4	328.4	843,569,6,8	195.1	39.4860310	73.5856305	4439.6
2486	2486	1.075	стакан-марка-красная	6.3	20.4	снег-розовый	1.107	70.2	9.0	7.0	11.4	bbox	2485	194.2	194.2	194.2	891,984,8,9	195.0	39.4859634	73.5857882	4439.5
2487	2487	1.778	палка-ручка-контроль	14.1	5.4	порода-охристая	1.011	52.2	16.0	16.0	22.6	bbox	2486	28.0	28.0	28.0	1868,985,9,10	194.9	39.4862337	73.5854586	4440.9
2488	2488	0.902	стакан-марка-красная	7.2	0.8	порода-охристая	0.830	50.6	7.0	7.0	9.9	bbox	2487	332.4	332.4	332.4	625,961,8,8	194.9	39.4860308	73.5856303	4439.6
2489	2489	0.337	палка-ручка-контроль	2.2	5.2	лишайник-жёлтый-на-камне	1.061	52.4	5.0	24.0	24.5	bbox	2488	337.4	336.4	337.4	1081,699,8,12	194.8	39.4860321	73.5856295	4439.6
2490	2490	1.264	стакан-марка-красная	10.0	3.9	порода-охристая	0.561	53.7	12.0	11.0	16.3	bbox	2489	79.1	79.1	79.1	1914,846,6,15	194.7	39.4862255	73.5854598	4440.9
2491	2491	0.424	стакан-марка-красная	3.2	4.3	порода-охристая	1.047	54.1	10.0	4.0	10.8	bbox	2490	139.2	139.2	139.2	410,9,19,6	194.7	39.4861135	73.5855151	4440.9
2492	2492	1.008	палка-ручка-пробка	7.3	12.1	лишайник-жёлтый-на-камне	1.021	87.8	7.0	16.0	17.5	bbox	2491	89.1	86.1	89.1	1258,916,16,7	194.0	39.4862235	73.5854588	4440.9
2493	2493	1.377	палка-ручка-контроль	11.0	1.5	порода-охристая	1.059	56.1	13.0	17.5	21.8	bbox	2492	343.4	343.4	343.4	314,429,7,8	193.9	39.4860316	73.5856295	4439.6
2494	2494	2.045	стакан-марка-красная	11.7	40.0	порода-в-тени	0.876	9.8	0.0	5.0	5.0	bbox	2493	226.3	225.3	226.3	1816,689,15,6	193.8	39.4859384	73.5857959	4439.5
2495	2495	1.368	стакан-марка-красная	8.5	23.9	снег-розовый	0.534	73.7	3.0	-2.0	3.6	bbox	2494	124.2	124.2	124.2	934,125,11,7	193.5	39.4862251	73.5854612	4440.9
2496	2496	0.570	стакан-марка-красная	4.5	3.1	порода-охристая	0.946	52.9	9.0	5.0	10.3	bbox	2495	231.3	231.3	231.3	689,5,15,8	193.5	39.4859303	73.5857967	4439.5
2497	2497	2.063	стакан-марка-красная	13.6	32.7	порода-в-тени	1.280	17.1	0.0	9.0	9.0	bbox	2496	231.3	231.3	231.3	1635,719,12,8	193.5	39.4859303	73.5857967	4439.5
2498	2498	0.994	палка-ручка-пробка	7.5	9.2	лишайник-жёлтый-на-камне	0.421	66.5	-1.0	18.5	18.5	bbox	2497	178.2	178.2	178.2	1763,339,12,8	193.4	39.4859639	73.5857883	4439.5
2499	2499	1.966	палка-ручка-пробка	15.7	5.3	снег-розовый	1.040	70.4	-2.0	9.0	9.2	bbox	2498	22.0	22.0	22.0	625,804,8,11	193.3	39.4862334	73.5854583	4440.9
2500	2500	1.200	предмет-оранжевый	9.5	5.1	порода-охристая	2.422	59.2	23.0	25.0	34.0	bbox	2499	143.2	143.2	143.2	565,937,12,8	193.2	39.4860000	73.5856715	4440.4
2501	2501	1.112	палка-ручка-контроль	2.2	30.1	корка-жёлтая-на-скале	1.600	27.5	7.0	24.0	25.0	bbox	2500	288.4	288.4	288.4	1900,958,6,15	192.9	39.4859984	73.5857752	4439.5
2502	2502	0.959	палка-ручка-пробка	7.6	3.3	лишайник-жёлтый-на-камне	0.901	79.0	8.0	16.0	17.9	bbox	2501	345.4	345.4	345.4	1671,161,10,8	192.9	39.4860314	73.5856298	4439.6
2503	2503	1.658	стакан-марка-красная	13.2	6.1	порода-в-тени	0.972	43.7	-2.0	3.0	3.6	bbox	2502	227.3	227.3	227.3	1041,961,9,8	192.8	39.4859387	73.5857959	4439.5
2504	2504	1.778	стакан-марка-красная	13.3	17.3	порода-в-тени	0.761	32.5	-2.0	4.0	4.5	bbox	2503	25.0	25.0	27.0	1811,1071,14,9	192.7	39.4862334	73.5854584	4440.9
2505	2505	1.227	стакан-марка-красная	9.7	5.1	порода-охристая	0.342	44.7	9.0	10.5	13.8	bbox	2504	154.2	150.2	154.2	423,1041,10,8	192.3	39.4859617	73.5857913	4439.5
2506	2506	1.943	стакан-марка-красная	14.3	21.2	снег-розовый	0.835	71.0	-2.0	7.0	7.3	bbox	2505	17.0	17.0	17.0	1771,971,14,12	192.0	39.4862336	73.5854587	4440.9
2507	2507	2.129	стакан-марка-красная	12.4	41.0	снег-освещённый	0.614	90.8	-1.0	4.0	4.1	bbox	2506	140.2	140.2	140.2	912,887,14,11	192.0	39.4860803	73.5855491	4440.9
2508	2508	0.961	палка-ручка-контроль	7.6	3.6	лишайник-жёлтый-на-камне	1.574	61.2	13.0	23.0	26.4	bbox	2507	67.1	62.1	67.1	0,663,11,13	191.8	39.4862298	73.5854582	4440.9
2509	2509	1.716	стакан-марка-красная	13.4	10.2	снег-розовый	0.962	60.0	-1.0	7.0	7.1	bbox	2508	127.2	127.2	127.2	1827,907,12,6	191.7	39.4862259	73.5854622	4440.9
2510	2510	1.814	палка-ручка-пробка	13.9	14.7	порода-охристая	1.266	61.0	17.0	16.0	23.3	bbox	2509	12.0	12.0	12.0	1881,65,8,16	191.5	39.4862333	73.5854588	4440.9
2511	2511	1.728	стакан-марка-красная	11.2	28.4	снег-освещённый	0.199	78.2	0.0	-1.0	1.0	bbox	2510	115.1	113.1	115.1	1769,24,6,15	191.5	39.4862239	73.5854636	4440.9
2512	2512	1.760	рюкзак-синий	11.0	30.6	порода-в-тени	0.560	8.2	0.0	-3.0	3.0	bbox	2511	271.3	271.3	271.3	971,881,12,5	191.3	39.4860007	73.5857770	4439.5
2513	2513	1.894	стакан-марка-красная	15.0	6.7	снег-освещённый	0.946	56.5	-4.0	0.0	4.0	bbox	2512	4.0	4.0	4.0	1838,480,11,18	191.2	39.4862326	73.5854590	4440.9
2514	2514	2.003	стакан-марка-красная	14.2	25.9	корка-жёлтая-на-скале	1.057	23.9	0.0	10.0	10.0	bbox	2513	138.2	138.2	138.2	1353,865,8,13	191.2	39.4861474	73.5854883	4440.9
2515	2515	1.314	стакан-марка-красная	10.1	10.0	снег-розовый	0.719	59.8	1.0	-0.5	1.1	bbox	2514	164.2	163.2	164.2	1575,1035,18,6	191.2	39.4859635	73.5857904	4439.5
2516	2516	1.253	стакан-марка-красная	6.7	26.1	снег-розовый	0.978	75.9	8.0	7.0	10.6	bbox	2515	194.2	194.2	194.2	1562,619,11,8	190.9	39.4859634	73.5857882	4439.5
2517	2517	0.885	палка-ручка-пробка	7.1	1.2	лишайник-жёлтый-на-камне	0.656	76.9	6.0	16.0	17.1	bbox	2516	49.1	49.1	49.1	161,660,12,7	190.7	39.4862327	73.5854562	4440.9
2518	2518	2.097	стакан-марка-красная	14.3	30.6	снег-розовый	0.807	80.4	-2.0	7.0	7.3	bbox	2517	114.1	114.1	114.1	199,17,10,14	190.7	39.4862238	73.5854635	4440.9
2519	2519	1.178	палка-ручка-пробка	8.5	13.9	лишайник-жёлтый-на-камне	0.283	61.8	2.0	15.0	15.1	bbox	2518	130.2	130.2	130.2	193,491,6,16	190.6	39.4862267	73.5854625	4440.9
2520	2520	1.124	палка-ручка-пробка	7.2	18.8	лишайник-жёлтый-на-камне	1.044	94.5	1.0	17.0	17.0	bbox	2519	194.2	194.2	194.2	60,363,9,7	190.1	39.4859634	73.5857882	4439.5
2521	2521	1.923	стакан-марка-красная	7.3	47.4	порода-в-тени	0.989	2.4	4.0	-1.0	4.1	bbox	2520	36.0	36.0	36.0	1587,815,6,11	190.0	39.4862336	73.5854576	4440.9
2522	2522	2.293	стакан-марка-красная	15.9	32.2	порода-в-тени	1.198	17.6	-3.0	8.5	9.0	bbox	2521	272.4	272.4	272.4	967,713,7,8	190.0	39.4860003	73.5857769	4439.5
2523	2523	1.585	рюкзак-синий	11.2	21.0	порода-в-тени	0.294	17.8	-1.0	-3.0	3.2	bbox	2522	80.1	80.1	80.1	1757,945,8,8	189.9	39.4862254	73.5854596	4440.9
2524	2524	0.464	предмет-оранжевый	3.6	3.1	порода-охристая	3.131	61.2	23.0	32.0	39.4	bbox	2523	52.1	52.1	52.1	296,121,9,14	189.8	39.4862329	73.5854561	4440.9
2525	2525	1.258	стакан-марка-красная	4.5	31.6	порода-в-тени	1.128	18.2	7.0	-1.0	7.1	bbox	2524	59.1	53.1	59.1	1905,299,11,10	189.8	39.4862316	73.5854573	4440.9
2526	2526	1.824	стакан-марка-красная	12.1	28.6	порода-охристая	0.886	21.2	16.0	12.0	20.0	bbox	2525	318.4	318.4	318.4	169,9,12,6	189.7	39.4860303	73.5856355	4439.5
2527	2527	1.698	стакан-марка-красная	13.0	13.3	корка-жёлтая-на-скале	0.964	36.5	0.0	8.0	8.0	bbox	2526	67.1	67.1	67.1	1899,274,12,5	189.5	39.4862298	73.5854582	4440.9
2528	2528	0.796	палка-ручка-контроль	6.3	2.7	лишайник-жёлтый-на-камне	1.572	54.9	12.0	24.0	26.8	bbox	2527	232.3	229.3	232.3	519,0,10,5	189.3	39.4859253	73.5857971	4439.5
2529	2529	1.423	палка-древко-контроль	9.8	20.0	снег-в-тени	0.745	61.6	-4.0	-6.0	7.2	bbox	2528	5.0	2.0	6.0	1650,728,17,7	189.0	39.4862326	73.5854588	4440.9
2530	2530	1.039	стакан-марка-красная	6.2	19.4	снег-розовый	0.573	69.2	5.0	-0.5	5.0	bbox	2529	36.0	36.0	36.0	97,1017,4,14	188.6	39.4862336	73.5854576	4440.9
2531	2531	1.309	стакан-марка-красная	6.3	29.2	снег-розовый	0.533	79.0	5.0	-1.0	5.1	bbox	2530	78.1	78.1	78.1	1739,612,15,6	188.3	39.4862259	73.5854595	4440.9
2532	2532	0.401	палка-ручка-пробка	2.2	8.1	лишайник-жёлтый-на-камне	0.887	67.6	3.0	24.0	24.2	bbox	2531	272.4	272.4	272.4	1029,127,6,12	188.2	39.4860003	73.5857769	4439.5
2533	2533	2.185	рюкзак-синий	14.0	36.4	порода-в-тени	0.703	2.4	0.0	0.0	0.0	bbox	2532	319.4	319.4	321.4	1193,833,8,8	188.2	39.4860315	73.5856313	4439.6
2534	2534	1.738	палка-ручка-контроль	12.7	19.6	порода-охристая	0.901	38.0	15.0	17.0	22.7	bbox	2533	274.4	274.4	274.4	1727,209,16,8	187.9	39.4859993	73.5857767	4439.6
2535	2535	1.974	стакан-марка-красная	14.6	21.4	снег-освещённый	0.756	71.2	-3.0	5.0	5.8	bbox	2534	323.4	323.4	323.4	93,301,18,7	187.9	39.4860310	73.5856301	4439.5
2536	2536	2.103	палка-ручка-пробка	16.6	10.6	снег-розовый	0.953	86.3	-2.0	8.0	8.2	bbox	2535	122.2	116.1	122.2	903,1067,7,13	187.8	39.4862247	73.5854612	4440.9
2537	2537	1.105	палка-ручка-пробка	7.8	14.5	лишайник-жёлтый-на-камне	0.917	90.2	0.0	17.0	17.0	bbox	2536	85.1	85.1	85.1	1585,740,5,13	187.7	39.4862245	73.5854589	4440.9
2538	2538	0.879	стакан-марка-красная	2.2	23.3	порода-в-тени	1.398	26.5	9.0	0.0	9.0	bbox	2537	162.2	161.2	162.2	91,217,10,10	187.7	39.4859631	73.5857908	4439.5
2539	2539	0.736	палка-ручка-пробка	5.8	3.0	лишайник-жёлтый-на-камне	0.803	72.7	8.0	18.0	19.7	bbox	2538	54.1	54.1	60.1	77,929,10,7	187.5	39.4862327	73.5854565	4440.9
2540	2540	1.942	стакан-марка-красная	13.9	24.3	снег-розовый	0.848	74.1	-1.0	8.0	8.1	bbox	2539	111.1	111.1	111.1	1832,915,7,20	187.5	39.4862227	73.5854626	4440.9
2541	2541	1.550	стакан-марка-красная	9.2	29.0	снег-розовый	0.378	78.8	2.0	-1.0	2.2	bbox	2540	122.2	122.2	122.2	553,177,19,13	187.5	39.4862247	73.5854612	4440.9
2542	2542	1.307	палка-ручка-пробка	9.6	14.9	лишайник-жёлтый-на-камне	0.485	60.8	-1.5	16.0	16.1	bbox	2541	345.4	345.4	345.4	1449,325,8,8	187.5	39.4860314	73.5856298	4439.6
2543	2543	1.108	палка-ручка-пробка	8.2	11.4	лишайник-жёлтый-на-камне	1.023	87.1	7.0	15.0	16.6	bbox	2542	70.1	70.1	72.1	465,34,6,9	187.3	39.4862286	73.5854588	4440.9
2544	2544	1.271	стакан-марка-красная	10.0	5.5	снег-розовый	0.844	55.3	1.0	0.0	1.0	bbox	2543	131.2	131.2	131.2	1746,1067,15,7	187.3	39.4862270	73.5854626	4440.9
2545	2545	1.069	палка-ручка-пробка	8.5	1.6	лишайник-жёлтый-на-камне	0.895	77.3	8.0	15.0	17.0	bbox	2544	128.2	128.2	128.2	59,497,8,8	187.0	39.4862260	73.5854623	4440.9
2546	2546	1.291	стакан-марка-красная	10.2	5.7	снег-в-тени	0.894	44.1	1.0	-1.0	1.4	bbox	2545	107.1	107.1	107.1	401,739,9,14	186.7	39.4862223	73.5854621	4440.9
2547	2547	1.890	стакан-марка-красная	14.4	15.9	порода-охристая	1.043	33.9	19.0	13.0	23.0	bbox	2546	139.2	139.2	142.2	989,35,15,8	186.6	39.4861135	73.5855151	4440.9
2548	2548	1.187	стакан-марка-красная	9.4	4.9	порода-охристая	0.790	54.7	7.0	9.5	11.8	bbox	2547	153.2	153.2	153.2	1163,78,8,10	186.6	39.4859619	73.5857916	4439.4
2549	2549	1.973	стакан-марка-красная	15.6	7.8	корка-жёлтая-на-скале	0.556	42.0	-1.0	11.0	11.0	bbox	2548	230.3	230.3	230.3	1794,336,15,9	186.6	39.4859352	73.5857965	4439.5
2550	2550	1.402	палка-ручка-пробка	9.2	22.3	лишайник-жёлтый-на-камне	1.471	98.0	-4.0	21.0	21.4	bbox	2549	322.4	322.4	322.4	523,897,14,6	186.5	39.4860309	73.5856302	4439.5
2551	2551	1.588	стакан-марка-красная	12.1	13.7	порода-в-тени	1.068	36.1	0.0	6.0	6.0	bbox	2550	9.0	9.0	9.0	86,963,7,11	186.3	39.4862331	73.5854586	4440.9
2552	2552	1.388	стакан-марка-красная	10.9	7.1	порода-охристая	0.411	42.7	14.0	11.5	18.1	bbox	2551	76.1	76.1	76.1	1911,105,9,8	185.9	39.4862266	73.5854594	4440.9
2553	2553	1.027	палка-ручка-пробка	7.3	13.3	лишайник-жёлтый-на-камне	0.647	62.4	7.0	16.0	17.5	bbox	2552	21.0	21.0	21.0	295,435,10,10	185.8	39.4862334	73.5854584	4440.9
2554	2554	2.252	стакан-марка-красная	11.0	49.8	снег-освещённый	0.683	99.6	0.0	0.0	0.0	bbox	2553	35.0	35.0	35.0	1195,69,8,12	185.8	39.4862336	73.5854577	4440.9
2555	2555	0.977	палка-ручка-пробка	7.8	1.0	лишайник-жёлтый-на-камне	1.077	76.7	10.0	17.0	19.7	bbox	2554	343.4	343.4	343.4	1233,897,10,6	185.8	39.4860316	73.5856295	4439.6
2556	2556	1.115	стакан-марка-красная	8.1	13.3	снег-розовый	0.587	63.1	3.0	0.0	3.0	bbox	2555	139.2	139.2	139.2	1227,721,7,8	185.7	39.4861135	73.5855151	4440.9
2557	2557	0.971	палка-ручка-пробка	7.8	1.2	лишайник-жёлтый-на-камне	0.768	76.9	7.0	15.5	17.0	bbox	2556	49.1	49.1	49.1	132,817,9,14	185.5	39.4862327	73.5854562	4440.9
2558	2558	2.301	стакан-марка-красная	13.0	45.5	порода-в-тени	0.686	4.3	-2.0	2.0	2.8	bbox	2557	83.1	80.1	83.1	1848,857,5,16	185.5	39.4862250	73.5854593	4440.9
2559	2559	2.237	стакан-марка-красная	11.0	49.4	снег-освещённый	0.681	99.2	0.0	1.0	1.0	bbox	2558	141.2	141.2	141.2	449,1025,16,4	185.5	39.4860486	73.5855872	4440.8
2560	2560	1.195	палка-ручка-пробка	9.2	8.8	лишайник-жёлтый-на-камне	2.090	84.5	7.0	32.0	32.8	bbox	2559	64.1	64.1	64.1	157,351,8,16	185.4	39.4862304	73.5854582	4440.9
2561	2561	0.816	стакан-марка-красная	6.3	5.7	порода-охристая	0.828	55.5	9.0	7.0	11.4	bbox	2560	154.2	154.2	154.2	817,361,10,8	185.4	39.4859617	73.5857913	4439.5
2562	2562	0.671	рюкзак-синий	5.0	6.6	снег-в-тени	0.576	32.2	0.5	-9.0	9.0	bbox	2561	89.1	89.1	89.1	1889,0,12,5	185.2	39.4862235	73.5854588	4440.9
2563	2563	1.422	рюкзак-синий	11.0	9.6	порода-в-тени	0.473	29.2	0.0	-3.0	3.0	bbox	2562	137.2	137.2	137.2	1566,201,11,12	185.1	39.4861792	73.5854706	4440.9
2564	2564	0.302	предмет-оранжевый	2.0	4.7	лишайник-жёлтый-на-камне	2.932	69.0	20.0	32.0	37.7	bbox	2563	50.1	50.1	51.1	493,180,5,17	184.9	39.4862327	73.5854562	4440.9
2565	2565	1.769	стакан-марка-красная	11.0	31.0	порода-в-тени	0.454	18.8	0.0	2.0	2.0	bbox	2564	265.3	264.3	265.3	675,981,8,11	184.9	39.4859539	73.5857892	4439.5
2566	2566	1.573	стакан-марка-красная	7.2	36.1	снег-розовый	0.932	85.9	7.0	7.0	9.9	bbox	2565	342.4	342.4	342.4	571,875,10,12	184.9	39.4860317	73.5856295	4439.6
2567	2567	1.538	стакан-марка-красная	2.2	42.3	порода-в-тени	1.456	7.5	9.0	0.0	9.0	bbox	2566	19.0	18.0	19.0	1499,15,13,9	184.8	39.4862336	73.5854585	4440.9
2568	2568	1.128	стакан-марка-красная	7.1	19.6	порода-охристая	0.931	30.2	6.0	6.0	8.5	bbox	2567	169.2	169.2	169.2	899,927,10,10	184.8	39.4859630	73.5857889	4439.5
2569	2569	1.189	палка-ручка-пробка	9.4	4.3	лишайник-жёлтый-на-камне	0.821	80.0	-3.0	18.0	18.2	bbox	2568	1.0	0.0	1.0	469,1035,9,9	184.5	39.4862323	73.5854594	4440.9
2570	2570	0.676	палка-ручка-контроль	2.0	17.6	лишайник-жёлтый-на-камне	1.358	40.0	6.0	24.0	24.7	bbox	2569	219.3	219.3	220.3	1310,57,7,8	184.1	39.4859373	73.5857951	4439.5
2571	2571	1.366	палка-ручка-контроль	10.2	13.8	лишайник-жёлтый-на-камне	1.968	71.4	16.0	24.0	28.8	bbox	2570	67.1	67.1	67.1	89,319,8,12	184.0	39.4862298	73.5854582	4440.9
2572	2572	0.656	стакан-марка-красная	4.0	11.8	порода-в-тени	1.303	38.0	7.0	0.5	7.0	bbox	2571	50.1	50.1	50.1	705,251,8,6	183.7	39.4862327	73.5854562	4440.9
2573	2573	0.917	палка-ручка-пробка	6.7	10.2	лишайник-жёлтый-на-камне	0.946	65.5	9.5	18.0	20.4	bbox	2572	340.4	340.4	342.4	121,910,8,7	183.7	39.4860316	73.5856298	4439.6
2574	2574	1.032	стакан-марка-красная	8.2	1.2	снег-в-тени	0.952	48.6	3.0	-1.0	3.2	bbox	2573	42.1	41.1	44.1	341,137,12,6	183.6	39.4862335	73.5854573	4440.9
2575	2575	1.530	стакан-марка-красная	11.0	18.8	порода-в-тени	0.517	31.0	0.0	1.0	1.0	bbox	2574	321.4	321.4	321.4	1181,67,10,11	183.6	39.4860312	73.5856303	4439.5
2576	2576	1.576	стакан-марка-красная	11.2	20.4	порода-в-тени	0.408	29.4	0.0	-1.0	1.0	bbox	2575	229.3	229.3	229.3	913,261,8,10	183.5	39.4859386	73.5857961	4439.5
2577	2577	0.653	стакан-марка-красная	5.1	3.9	порода-охристая	0.691	45.9	10.0	6.0	11.7	bbox	2576	176.2	176.2	176.2	81,1073,10,7	183.4	39.4859635	73.5857881	4439.5
2578	2578	1.867	стакан-марка-красная	14.3	14.9	снег-розовый	0.923	64.7	-2.0	7.0	7.3	bbox	2577	333.4	333.4	334.4	248,59,9,7	183.3	39.4860311	73.5856302	4439.6
2579	2579	1.263	палка-ручка-контроль	4.5	31.7	корка-жёлтая-на-скале	1.276	25.9	4.0	22.0	22.4	bbox	2578	64.1	64.1	64.1	1798,609,5,10	183.2	39.4862304	73.5854582	4440.9
2580	2580	1.620	палка-ручка-контроль	11.7	19.4	корка-жёлтая-на-скале	0.463	38.2	-1.5	17.0	17.1	bbox	2579	272.4	272.4	272.4	1781,1035,12,6	183.1	39.4860003	73.5857769	4439.5
2581	2581	0.360	стакан-марка-красная	2.0	7.3	порода-охристая	1.011	42.5	11.0	3.0	11.4	bbox	2580	137.2	137.2	137.2	49,213,21,6	183.0	39.4861792	73.5854706	4440.9
2582	2582	1.704	палка-ручка-пробка	12.0	22.3	лишайник-жёлтый-на-камне	1.372	98.0	-3.0	14.0	14.3	bbox	2581	137.2	137.2	137.2	657,837,6,12	182.8	39.4861792	73.5854706	4440.9
2583	2583	1.462	стакан-марка-красная	4.5	37.8	порода-в-тени	1.267	12.0	7.0	3.0	7.6	bbox	2582	341.4	341.4	341.4	417,609,15,4	182.7	39.4860316	73.5856296	4439.6
2584	2584	1.906	предмет-оранжевый	12.6	29.8	порода-охристая	2.133	34.5	24.0	22.0	32.6	bbox	2583	23.0	22.0	23.0	1361,0,12,9	182.3	39.4862334	73.5854583	4440.9
2585	2585	1.912	рюкзак-синий	13.0	28.0	порода-в-тени	0.425	10.8	0.0	-1.0	1.0	bbox	2584	176.2	176.2	176.2	1297,1009,16,8	182.2	39.4859635	73.5857881	4439.5
2586	2586	1.572	палка-ручка-контроль	11.8	15.2	корка-жёлтая-на-скале	0.298	42.4	-1.0	16.5	16.5	bbox	2585	311.4	311.4	311.4	1006,1065,8,15	182.2	39.4859958	73.5857767	4439.6
2587	2587	0.873	стакан-марка-красная	2.8	22.3	порода-в-тени	1.398	27.5	9.0	-1.0	9.1	bbox	2586	18.0	18.0	18.0	1423,130,10,7	182.0	39.4862337	73.5854586	4440.9
2588	2588	1.611	стакан-марка-красная	12.2	14.9	порода-в-тени	0.533	34.9	-1.0	-1.0	1.4	bbox	2587	122.2	122.2	122.2	453,369,11,6	181.8	39.4862247	73.5854612	4440.9
2589	2589	2.084	стакан-марка-красная	15.0	25.5	корка-жёлтая-на-скале	1.053	24.3	-1.0	10.0	10.0	bbox	2588	316.4	316.4	316.4	1523,1069,14,4	181.5	39.4860111	73.5857029	4439.5
2590	2590	1.203	палка-ручка-пробка	9.2	9.6	лишайник-жёлтый-на-камне	0.396	66.1	-1.0	16.0	16.0	bbox	2589	85.1	85.1	85.1	1045,841,6,8	181.4	39.4862245	73.5854589	4440.9
2591	2591	1.602	стакан-марка-красная	12.8	2.0	корка-жёлтая-на-скале	0.760	47.8	1.0	9.0	9.1	bbox	2590	286.4	286.4	286.4	1183,993,6,8	181.4	39.4859986	73.5857757	4439.5
2592	2592	0.567	палка-ручка-контроль	3.9	8.1	лишайник-жёлтый-на-камне	1.194	65.7	9.0	23.5	25.2	bbox	2591	227.3	227.3	227.3	233,371,10,6	181.3	39.4859387	73.5857959	4439.5
2593	2593	0.734	стакан-марка-красная	4.5	13.3	снег-розовый	1.083	63.1	9.0	5.0	10.3	bbox	2592	270.3	270.3	270.3	148,71,13,5	180.9	39.4860009	73.5857771	4439.5
2594	2594	1.862	палка-ручка-контроль	14.9	3.3	порода-охристая	0.982	54.3	16.0	15.0	21.9	bbox	2593	90.1	90.1	90.1	665,173,8,10	180.6	39.4862233	73.5854589	4440.9
2595	2595	1.925	стакан-марка-красная	13.4	26.5	снег-розовый	0.730	76.3	-1.0	7.0	7.1	bbox	2594	114.1	114.1	114.1	113,949,14,4	180.6	39.4862238	73.5854635	4440.9
2596	2596	1.120	палка-ручка-контроль	8.8	5.1	корка-жёлтая-на-скале	0.651	52.5	-0.5	20.0	20.0	bbox	2595	136.2	135.2	136.2	249,849,8,10	180.6	39.4862055	73.5854627	4440.9
2597	2597	1.353	стакан-марка-красная	10.7	4.9	порода-охристая	0.857	54.7	6.0	10.5	12.1	bbox	2596	60.1	60.1	62.1	1837,1031,8,10	180.5	39.4862314	73.5854575	4440.9
2598	2598	1.582	стакан-марка-красная	12.6	1.0	снег-розовый	1.156	48.8	-1.0	5.0	5.1	bbox	2597	60.1	60.1	60.1	1790,649,16,6	180.4	39.4862314	73.5854575	4440.9
2599	2599	0.701	палка-ручка-пробка	5.4	5.5	лишайник-жёлтый-на-камне	1.131	70.2	10.0	21.0	23.3	bbox	2598	86.1	86.1	86.1	1889,1041,8,14	180.3	39.4862243	73.5854588	4440.9
2600	2600	1.972	стакан-марка-красная	15.7	6.9	порода-охристая	1.021	42.9	18.0	15.0	23.4	bbox	2599	89.1	89.1	89.1	1775,877,7,16	180.3	39.4862235	73.5854588	4440.9
2601	2601	1.204	стакан-марка-красная	8.2	17.4	порода-охристая	0.414	32.4	13.0	9.0	15.8	bbox	2600	267.3	266.3	267.3	918,405,7,18	180.3	39.4859991	73.5857774	4439.5
2602	2602	0.679	палка-ручка-пробка	4.1	12.4	лишайник-жёлтый-на-камне	0.642	63.3	1.0	22.0	22.0	bbox	2601	230.3	230.3	230.3	819,1019,9,12	180.1	39.4859352	73.5857965	4439.5
2603	2603	1.856	палка-ручка-контроль	13.9	18.6	корка-жёлтая-на-скале	0.365	39.0	0.0	13.5	13.5	bbox	2602	314.4	314.4	314.4	1549,947,4,16	180.1	39.4859971	73.5857640	4439.5
2604	2604	1.861	стакан-марка-красная	14.4	12.9	корка-жёлтая-на-скале	0.855	36.9	-1.0	9.0	9.1	bbox	2603	113.1	113.1	113.1	361,425,11,6	179.9	39.4862236	73.5854632	4440.9
2605	2605	1.186	стакан-марка-красная	6.1	25.5	порода-в-тени	0.895	24.3	5.0	0.0	5.0	bbox	2604	84.1	84.1	84.1	705,1025,8,7	179.7	39.4862247	73.5854591	4440.9
2606	2606	1.937	стакан-марка-красная	14.8	16.5	снег-розовый	0.988	66.3	-2.0	8.0	8.2	bbox	2605	20.0	20.0	20.0	1277,963,8,11	179.6	39.4862334	73.5854585	4440.9
2607	2607	1.657	стакан-марка-красная	6.3	40.8	порода-в-тени	0.965	9.0	5.0	-1.0	5.1	bbox	2606	16.0	16.0	19.0	660,1075,11,5	179.5	39.4862336	73.5854587	4440.9
2608	2608	1.512	стакан-марка-красная	5.3	38.0	порода-охристая	2.001	11.8	15.0	-2.5	15.2	bbox	2607	141.2	141.2	141.2	49,817,5,12	179.2	39.4860486	73.5855872	4440.8
2609	2609	0.468	палка-ручка-контроль	3.6	3.6	лишайник-жёлтый-на-камне	1.247	61.2	9.0	24.0	25.6	bbox	2608	29.0	29.0	29.0	1351,259,4,12	179.1	39.4862337	73.5854586	4440.9
2610	2610	1.707	палка-ручка-контроль	13.5	8.2	порода-охристая	1.053	49.4	16.0	17.0	23.3	bbox	2609	126.2	126.2	126.2	111,521,6,12	179.1	39.4862257	73.5854620	4440.9
2611	2611	1.609	стакан-марка-красная	12.8	4.1	корка-жёлтая-на-скале	1.196	45.7	-1.0	5.5	5.6	bbox	2610	137.2	137.2	137.2	1913,1057,7,10	179.1	39.4861792	73.5854706	4440.9
2612	2612	0.980	палка-ручка-пробка	7.6	6.5	лишайник-жёлтый-на-камне	0.182	69.2	2.0	16.0	16.1	bbox	2611	41.1	41.1	41.1	714,875,5,12	179.0	39.4862335	73.5854573	4440.9
2613	2613	2.228	палка-ручка-контроль	16.6	22.3	корка-жёлтая-на-скале	0.693	35.3	-3.0	12.0	12.4	bbox	2612	264.3	264.3	264.3	1779,767,3,18	179.0	39.4859257	73.5857967	4439.5
2614	2614	1.974	стакан-марка-красная	13.9	26.3	снег-розовый	0.840	76.1	-1.0	8.0	8.1	bbox	2613	122.2	122.2	122.2	1092,905,11,6	178.9	39.4862247	73.5854612	4440.9
2615	2615	2.118	стакан-марка-красная	11.0	45.1	порода-в-тени	0.663	4.7	0.0	1.0	1.0	bbox	2614	129.2	129.2	129.2	1657,907,16,6	178.7	39.4862263	73.5854623	4440.9
2616	2616	1.516	стакан-марка-красная	11.2	16.5	порода-охристая	0.651	33.3	16.0	11.0	19.4	bbox	2615	103.1	103.1	103.1	1363,253,12,4	178.6	39.4862221	73.5854608	4440.9
2617	2617	1.899	палка-ручка-пробка	13.4	24.9	корка-жёлтая-на-скале	0.526	50.8	-1.0	11.0	11.0	bbox	2616	315.4	311.4	315.4	1422,951,17,10	178.6	39.4860025	73.5857379	4439.5
2618	2618	0.620	стакан-марка-красная	2.2	15.5	порода-охристая	1.162	34.3	13.0	2.0	13.2	bbox	2617	142.2	140.2	142.2	55,746,8,7	178.3	39.4860217	73.5856279	4440.7
2619	2619	1.804	стакан-марка-красная	14.3	6.3	корка-жёлтая-на-скале	1.042	43.5	-2.0	7.0	7.3	bbox	2618	319.4	319.4	319.4	1753,1037,14,6	178.2	39.4860315	73.5856313	4439.6
2620	2620	1.290	стакан-марка-красная	8.9	18.0	снег-розовый	0.726	67.8	3.0	-3.0	4.2	bbox	2619	343.4	343.4	343.4	431,800,9,7	178.2	39.4860316	73.5856295	4439.6
2621	2621	0.886	стакан-марка-красная	2.8	22.7	порода-в-тени	1.395	27.1	9.0	-1.0	9.1	bbox	2620	31.0	31.0	31.0	1795,763,9,6	178.1	39.4862337	73.5854577	4440.9
2622	2622	1.520	палка-ручка-пробка	11.4	14.7	лишайник-жёлтый-на-камне	1.249	90.4	-5.0	17.5	18.2	bbox	2621	271.3	267.3	271.3	219,523,6,14	178.0	39.4860007	73.5857770	4439.5
2623	2623	1.713	стакан-марка-красная	13.4	9.8	корка-жёлтая-на-скале	1.046	40.0	-1.0	7.0	7.1	bbox	2622	115.1	115.1	115.1	401,889,8,8	177.8	39.4862239	73.5854636	4440.9
2624	2624	2.282	стакан-марка-красная	11.7	49.0	снег-розовый	0.882	98.8	0.0	5.0	5.0	bbox	2623	235.3	235.3	235.3	561,637,8,12	177.8	39.4859085	73.5857990	4439.5
2625	2625	1.341	стакан-марка-красная	9.8	14.9	порода-охристая	0.530	34.9	15.0	10.0	18.0	bbox	2624	318.4	318.4	318.4	0,277,9,9	177.7	39.4860303	73.5856355	4439.5
2626	2626	1.312	палка-ручка-пробка	9.0	18.8	корка-жёлтая-на-скале	0.414	56.9	2.0	14.5	14.6	bbox	2625	132.2	132.2	132.2	1226,645,14,10	177.6	39.4862273	73.5854630	4440.9
2627	2627	0.705	стакан-марка-красная	5.4	5.9	порода-охристая	0.701	43.9	13.0	6.0	14.3	bbox	2626	1.0	0.0	1.0	97,291,6,14	177.3	39.4862323	73.5854594	4440.9
2628	2628	0.714	палка-ручка-пробка	5.1	9.0	лишайник-жёлтый-на-камне	1.495	84.7	10.0	24.0	26.0	bbox	2627	22.0	19.0	22.0	142,41,9,18	177.1	39.4862334	73.5854583	4440.9
2629	2629	1.374	стакан-марка-красная	7.3	28.8	снег-розовый	0.452	78.6	4.0	-1.0	4.1	bbox	2628	50.1	50.1	50.1	881,327,6,8	177.1	39.4862327	73.5854562	4440.9
2630	2630	0.675	стакан-марка-красная	5.4	1.6	порода-охристая	0.817	51.4	9.0	6.0	10.8	bbox	2629	13.0	13.0	13.0	301,860,10,10	177.0	39.4862335	73.5854589	4440.9
2631	2631	1.251	палка-ручка-пробка	10.0	1.6	лишайник-жёлтый-на-камне	0.546	74.1	-1.0	15.0	15.0	bbox	2630	344.4	344.4	344.4	1037,667,8,14	176.7	39.4860316	73.5856296	4439.6
2632	2632	1.115	палка-древко-контроль	7.6	16.2	снег-в-тени	0.721	57.8	-5.0	-8.0	9.4	bbox	2631	5.0	5.0	5.0	1757,669,12,6	176.6	39.4862326	73.5854588	4440.9
2633	2633	0.702	стакан-марка-красная	5.1	8.2	порода-охристая	0.647	41.6	10.0	6.0	11.7	bbox	2632	154.2	154.2	154.2	289,595,8,14	176.5	39.4859617	73.5857913	4439.5
2634	2634	0.529	палка-ручка-пробка	2.2	12.6	лишайник-жёлтый-на-камне	0.888	63.1	7.0	22.0	23.1	bbox	2633	318.4	318.4	318.4	1755,219,4,17	176.5	39.4860303	73.5856355	4439.5
2635	2635	1.576	стакан-марка-красная	11.2	20.4	снег-освещённый	0.418	70.2	0.0	-1.0	1.0	bbox	2634	159.2	159.2	159.2	916,115,13,4	176.2	39.4859626	73.5857915	4439.5
2636	2636	2.062	стакан-марка-красная	15.3	21.6	корка-жёлтая-на-скале	0.906	28.2	-1.0	10.5	10.5	bbox	2635	138.2	138.2	138.2	1116,905,11,8	176.1	39.4861474	73.5854883	4440.9
2637	2637	2.143	стакан-марка-красная	11.2	45.5	снег-освещённый	0.547	95.3	0.0	-1.0	1.0	bbox	2636	152.2	152.2	152.2	1769,113,6,15	176.1	39.4859618	73.5857918	4439.5
2638	2638	1.709	стакан-марка-красная	11.0	28.4	порода-в-тени	0.355	21.4	0.0	1.0	1.0	bbox	2637	265.3	263.3	265.3	812,953,11,12	176.0	39.4859539	73.5857892	4439.5
2639	2639	1.399	предмет-оранжевый	11.2	1.8	порода-охристая	3.418	66.1	30.0	29.0	41.7	bbox	2638	61.1	61.1	61.1	807,121,10,14	175.9	39.4862314	73.5854577	4440.9
2640	2640	1.213	палка-ручка-контроль	9.5	7.1	лишайник-жёлтый-на-камне	1.790	64.7	15.0	23.0	27.5	bbox	2639	96.1	96.1	96.1	882,101,11,6	175.8	39.4862226	73.5854592	4440.9
2641	2641	2.095	стакан-марка-красная	11.0	44.1	порода-в-тени	0.692	5.7	0.0	2.0	2.0	bbox	2640	262.3	262.3	262.3	1265,403,7,14	175.7	39.4859085	73.5858005	4439.5
2642	2642	1.884	стакан-марка-красная	15.0	5.1	корка-жёлтая-на-скале	0.686	54.9	-1.0	10.0	10.0	bbox	2641	100.1	100.1	100.1	1416,595,10,12	175.6	39.4862224	73.5854598	4440.9
2643	2643	0.434	стакан-марка-красная	1.8	10.4	порода-охристая	1.443	39.4	10.0	-0.5	10.0	bbox	2642	37.0	37.0	37.0	93,103,8,10	175.2	39.4862336	73.5854575	4440.9
2644	2644	1.236	палка-ручка-пробка	8.6	17.1	лишайник-жёлтый-на-камне	0.372	58.6	0.0	16.0	16.0	bbox	2643	177.2	177.2	177.2	1697,313,8,24	175.2	39.4859636	73.5857883	4439.5
2645	2645	0.708	палка-ручка-пробка	4.5	12.2	лишайник-жёлтый-на-камне	0.520	63.5	1.0	21.0	21.0	bbox	2644	136.2	136.2	136.2	29,451,8,6	175.1	39.4862055	73.5854627	4440.9
2646	2646	1.701	стакан-марка-красная	13.6	1.2	снег-розовый	1.138	51.0	-2.0	5.0	5.4	bbox	2645	271.3	271.3	271.3	732,965,9,9	175.1	39.4860007	73.5857770	4439.5
2647	2647	1.363	палка-ручка-контроль	10.8	5.9	порода-охристая	1.757	63.5	16.0	22.0	27.2	bbox	2646	316.4	316.4	316.4	80,84,17,7	175.1	39.4860111	73.5857029	4439.5
2648	2648	1.820	палка-ручка-пробка	14.3	9.2	корка-жёлтая-на-скале	0.922	66.5	-1.0	10.0	10.0	bbox	2647	52.1	52.1	52.1	1689,438,6,9	175.0	39.4862329	73.5854561	4440.9
2649	2649	1.284	палка-ручка-пробка	10.0	8.2	лишайник-жёлтый-на-камне	0.456	67.5	-1.0	15.0	15.0	bbox	2648	133.2	132.2	133.2	209,785,6,10	175.0	39.4862277	73.5854628	4440.9
2650	2650	0.486	стакан-марка-красная	3.6	5.1	порода-охристая	1.091	44.7	8.0	3.0	8.5	bbox	2649	152.2	152.2	152.2	1213,76,11,9	175.0	39.4859618	73.5857918	4439.5
2651	2651	1.796	стакан-марка-красная	13.4	18.0	порода-в-тени	1.086	31.8	-1.0	7.0	7.1	bbox	2650	320.4	320.4	320.4	1521,993,16,4	174.6	39.4860316	73.5856303	4439.6
2652	2652	1.175	палка-ручка-пробка	9.1	8.8	лишайник-жёлтый-на-камне	0.627	66.9	6.0	14.0	15.2	bbox	2651	49.1	49.1	49.1	661,529,8,8	174.5	39.4862327	73.5854562	4440.9
2653	2653	1.515	стакан-марка-красная	11.7	11.0	порода-в-тени	1.029	38.8	0.0	5.0	5.0	bbox	2652	79.1	79.1	79.1	16,1019,8,19	174.1	39.4862255	73.5854598	4440.9
2654	2654	0.582	стакан-марка-красная	3.2	12.0	снег-розовый	0.972	61.8	8.0	0.0	8.0	bbox	2653	84.1	84.1	84.1	253,926,10,14	174.0	39.4862247	73.5854591	4440.9
2655	2655	1.322	стакан-марка-красная	10.0	12.0	порода-в-тени	0.791	37.8	1.0	1.5	1.8	bbox	2654	59.1	59.1	59.1	1889,999,8,10	173.9	39.4862316	73.5854573	4440.9
2656	2656	1.499	стакан-марка-красная	9.1	27.3	порода-охристая	0.609	22.5	12.5	10.0	16.0	bbox	2655	64.1	64.1	64.1	1909,799,11,8	173.9	39.4862304	73.5854582	4440.9
2657	2657	1.308	стакан-марка-красная	5.8	30.4	снег-розовый	0.906	80.2	8.0	6.0	10.0	bbox	2656	31.0	31.0	31.0	1681,727,8,10	173.8	39.4862337	73.5854577	4440.9
2658	2658	1.631	стакан-марка-красная	3.2	44.3	порода-в-тени	1.409	5.5	8.0	2.0	8.2	bbox	2657	262.3	262.3	262.3	1218,49,7,8	173.8	39.4859085	73.5858005	4439.5
2659	2659	2.043	рюкзак-синий	13.0	34.5	порода-в-тени	0.627	4.3	0.0	-1.0	1.0	bbox	2658	225.3	222.3	225.3	1058,985,7,8	173.6	39.4859383	73.5857959	4439.5
2660	2660	1.713	палка-ручка-пробка	13.6	5.9	снег-розовый	1.018	81.6	1.0	10.0	10.0	bbox	2659	59.1	57.1	59.1	1107,853,4,14	173.4	39.4862316	73.5854573	4440.9
2661	2661	1.918	палка-ручка-пробка	14.9	13.3	корка-жёлтая-на-скале	0.946	62.4	-6.0	13.0	14.3	bbox	2660	311.4	311.4	313.4	739,744,15,7	173.3	39.4859958	73.5857767	4439.6
2662	2662	0.652	стакан-марка-красная	4.1	11.2	порода-охристая	1.231	38.6	15.0	2.0	15.1	bbox	2661	84.1	84.1	84.1	273,0,14,5	173.1	39.4862247	73.5854591	4440.9
2663	2663	1.106	предмет-оранжевый	8.5	8.0	порода-охристая	2.485	56.3	23.0	26.0	34.7	bbox	2662	7.0	7.0	7.0	1012,27,10,12	172.8	39.4862327	73.5854586	4440.9
2664	2664	1.855	стакан-марка-красная	14.6	10.0	порода-в-тени	1.029	39.8	-3.0	5.0	5.8	bbox	2663	227.3	227.3	227.3	549,1017,9,8	172.8	39.4859387	73.5857959	4439.5
2665	2665	1.831	стакан-марка-красная	14.4	9.0	корка-жёлтая-на-скале	0.856	58.8	-1.0	9.0	9.1	bbox	2664	40.1	40.1	40.1	1457,633,8,8	172.4	39.4862335	73.5854573	4440.9
2666	2666	2.358	стакан-марка-красная	17.5	24.7	корка-жёлтая-на-скале	1.139	25.1	-4.0	10.0	10.8	bbox	2665	83.1	83.1	83.1	359,1076,12,4	172.3	39.4862250	73.5854593	4440.9
2667	2667	1.954	рюкзак-синий	12.0	34.9	порода-в-тени	0.652	3.9	0.0	-2.0	2.0	bbox	2666	345.4	345.4	345.4	390,1049,8,12	172.3	39.4860314	73.5856298	4439.6
2668	2668	0.873	рюкзак-синий	6.7	6.8	снег-в-тени	0.755	32.0	4.0	-8.0	8.9	bbox	2667	347.4	346.4	347.4	62,193,5,8	172.3	39.4860308	73.5856299	4439.6
2669	2669	1.696	стакан-марка-красная	4.2	45.1	порода-в-тени	1.376	4.7	8.0	-2.0	8.2	bbox	2668	31.0	31.0	31.0	1595,321,6,8	172.2	39.4862337	73.5854577	4440.9
2670	2670	0.954	палка-ручка-пробка	7.6	1.6	лишайник-жёлтый-на-камне	0.869	77.3	8.0	16.0	17.9	bbox	2669	193.2	193.2	193.2	473,777,6,8	172.2	39.4859633	73.5857883	4439.5
2671	2671	0.281	палка-ручка-контроль	2.2	0.8	лишайник-жёлтый-на-камне	0.985	58.4	5.0	24.0	24.5	bbox	2670	226.3	226.3	226.3	1097,673,6,9	172.1	39.4859384	73.5857959	4439.5
2672	2672	0.632	палка-ручка-контроль	5.0	2.7	лишайник-жёлтый-на-камне	0.840	54.9	2.0	23.0	23.1	bbox	2671	320.4	320.4	320.4	659,961,14,5	172.1	39.4860316	73.5856303	4439.6
2673	2673	1.804	стакан-марка-красная	13.6	16.9	снег-розовый	0.990	66.7	0.0	9.0	9.0	bbox	2672	112.1	112.1	112.1	778,835,5,12	172.0	39.4862233	73.5854628	4440.9
2674	2674	1.766	стакан-марка-красная	13.3	16.3	порода-охристая	0.558	33.5	14.0	14.0	19.8	bbox	2673	138.2	138.2	138.2	145,503,8,8	172.0	39.4861474	73.5854883	4440.9
2675	2675	1.691	палка-ручка-пробка	12.0	21.6	порода-охристая	0.840	54.1	14.0	15.0	20.5	bbox	2674	77.1	77.1	77.1	649,213,8,6	171.5	39.4862262	73.5854594	4440.9
2676	2676	1.994	стакан-марка-красная	15.8	7.4	корка-жёлтая-на-скале	0.701	42.4	-2.0	10.0	10.2	bbox	2675	263.3	263.3	263.3	1365,1065,5,15	171.4	39.4859101	73.5858002	4439.5
2677	2677	1.364	стакан-марка-красная	7.8	26.7	порода-охристая	0.968	23.1	16.0	7.0	17.5	bbox	2676	27.0	27.0	27.0	1785,60,8,11	171.3	39.4862337	73.5854586	4440.9
2678	2678	1.611	палка-ручка-контроль	9.5	30.5	порода-охристая	0.888	27.1	9.0	17.0	19.2	bbox	2677	193.2	193.2	193.2	218,835,16,6	171.0	39.4859633	73.5857883	4439.5
2679	2679	0.766	палка-ручка-пробка	6.1	2.5	лишайник-жёлтый-на-камне	0.676	78.2	6.0	17.0	18.0	bbox	2678	97.1	95.1	97.1	1909,737,11,4	170.8	39.4862225	73.5854594	4440.9
2680	2680	1.753	стакан-марка-красная	13.9	6.7	корка-жёлтая-на-скале	0.899	43.1	-1.0	8.0	8.1	bbox	2679	122.2	122.2	122.2	1620,428,13,6	170.8	39.4862247	73.5854612	4440.9
2681	2681	0.782	палка-ручка-контроль	5.7	9.4	лишайник-жёлтый-на-камне	1.331	48.2	10.0	22.0	24.2	bbox	2680	318.4	318.4	318.4	344,171,13,6	170.3	39.4860303	73.5856355	4439.5
2682	2682	1.796	стакан-марка-красная	12.0	27.6	порода-в-тени	0.286	22.2	-1.0	1.0	1.4	bbox	2681	25.0	25.0	25.0	195,379,6,11	170.2	39.4862334	73.5854584	4440.9
2683	2683	1.713	рюкзак-синий	12.0	23.1	порода-в-тени	0.376	15.7	0.5	-2.0	2.1	bbox	2682	265.3	265.3	265.3	673,681,12,8	170.2	39.4859539	73.5857892	4439.5
2684	2684	0.229	палка-ручка-контроль	1.8	1.1	лишайник-жёлтый-на-камне	1.060	56.5	5.0	24.5	25.0	bbox	2683	322.4	322.4	323.4	1077,641,4,16	170.2	39.4860309	73.5856302	4439.5
2685	2685	0.940	стакан-марка-красная	7.2	7.4	порода-охристая	0.721	42.4	7.0	7.0	9.9	bbox	2684	332.4	332.4	332.4	641,889,6,8	170.2	39.4860308	73.5856303	4439.6
2686	2686	1.001	предмет-оранжевый	7.6	9.2	порода-охристая	2.382	55.1	21.0	26.5	33.8	bbox	2685	11.0	11.0	11.0	1379,395,8,14	170.0	39.4862333	73.5854589	4440.9
2687	2687	1.198	палка-ручка-пробка	8.2	17.1	лишайник-жёлтый-на-камне	0.372	58.6	3.0	15.0	15.3	bbox	2686	49.1	49.1	49.1	682,299,11,6	170.0	39.4862327	73.5854562	4440.9
2688	2688	1.619	стакан-марка-красная	4.6	42.3	порода-охристая	1.674	7.5	15.5	2.0	15.6	bbox	2687	138.2	138.2	138.2	233,401,6,8	169.9	39.4861474	73.5854883	4440.9
2689	2689	1.728	стакан-марка-красная	8.5	38.0	снег-розовый	1.209	87.8	8.0	9.0	12.0	bbox	2688	337.4	337.4	339.4	258,897,9,7	169.9	39.4860321	73.5856295	4439.6
2690	2690	1.416	стакан-марка-красная	11.2	6.5	порода-в-тени	0.856	43.3	0.0	-1.0	1.0	bbox	2689	129.2	129.2	129.2	1465,771,6,8	169.8	39.4862263	73.5854623	4440.9
2691	2691	1.209	палка-ручка-пробка	9.4	7.4	лишайник-жёлтый-на-камне	0.722	83.1	0.0	15.0	15.0	bbox	2690	170.2	170.2	170.2	1473,455,11,9	169.8	39.4859630	73.5857886	4439.5
2692	2692	1.677	стакан-марка-красная	11.0	26.7	порода-в-тени	0.461	23.1	0.0	2.0	2.0	bbox	2691	136.2	136.2	136.2	652,566,9,11	169.6	39.4862055	73.5854627	4440.9
2693	2693	1.240	палка-ручка-пробка	8.5	17.6	лишайник-жёлтый-на-камне	1.626	93.3	-3.0	26.0	26.2	bbox	2692	144.2	144.2	145.2	122,875,7,10	169.5	39.4859819	73.5857156	4440.1
2694	2694	1.936	рюкзак-синий	12.0	34.1	порода-в-тени	0.626	4.7	0.0	-2.0	2.0	bbox	2693	151.2	151.2	152.2	1900,29,9,12	169.5	39.4859618	73.5857922	4439.5
2695	2695	0.935	стакан-марка-красная	3.6	22.9	порода-в-тени	1.271	26.9	8.0	-1.0	8.1	bbox	2694	315.4	311.4	315.4	739,65,6,11	169.3	39.4860025	73.5857379	4439.5
2696	2696	1.029	стакан-марка-красная	2.8	27.1	порода-в-тени	1.378	22.7	9.0	-1.0	9.1	bbox	2695	32.0	32.0	32.0	1685,58,11,9	169.2	39.4862337	73.5854574	4440.9
2697	2697	1.140	стакан-марка-красная	8.9	6.3	снег-в-тени	0.787	56.1	3.0	-3.0	4.2	bbox	2696	97.1	94.1	97.1	1723,90,5,14	169.0	39.4862225	73.5854594	4440.9
2698	2698	1.435	стакан-марка-красная	10.2	18.4	порода-в-тени	0.542	31.4	1.0	-1.0	1.4	bbox	2697	233.3	233.3	233.3	991,225,9,6	168.6	39.4859195	73.5857977	4439.5
2699	2699	1.461	стакан-марка-красная	11.2	12.0	порода-в-тени	0.671	37.8	0.0	-1.0	1.0	bbox	2698	61.1	61.1	65.1	1042,1045,7,6	168.5	39.4862314	73.5854577	4440.9
2700	2700	2.029	палка-ручка-пробка	16.2	5.5	снег-розовый	0.848	81.2	-1.0	8.0	8.1	bbox	2699	110.1	110.1	110.1	1851,905,12,6	168.4	39.4862227	73.5854627	4440.9
2701	2701	1.381	стакан-марка-красная	11.0	0.2	снег-в-тени	1.003	50.0	0.0	0.0	0.0	bbox	2700	129.2	129.2	129.2	1539,235,12,4	168.4	39.4862263	73.5854623	4440.9
2702	2702	1.072	палка-ручка-пробка	8.1	10.2	лишайник-жёлтый-на-камне	0.354	65.5	4.0	15.0	15.5	bbox	2701	104.1	103.1	107.1	1345,487,8,6	168.0	39.4862221	73.5854610	4440.9
2703	2703	1.926	стакан-марка-красная	15.3	7.3	корка-жёлтая-на-скале	0.813	42.5	-2.0	9.0	9.2	bbox	2702	168.2	168.2	169.2	1705,563,8,6	167.9	39.4859631	73.5857891	4439.5
2704	2704	1.226	палка-ручка-контроль	9.4	9.4	корка-жёлтая-на-скале	0.791	48.2	-2.0	21.0	21.1	bbox	2703	341.4	341.4	341.4	185,753,8,6	167.9	39.4860316	73.5856296	4439.6
2705	2705	1.238	стакан-марка-красная	1.4	34.3	порода-в-тени	1.515	15.5	10.0	0.0	10.0	bbox	2704	17.0	17.0	17.0	1329,443,8,10	167.8	39.4862336	73.5854587	4440.9
2706	2706	2.064	палка-ручка-пробка	15.8	16.7	снег-розовый	0.950	92.4	0.0	8.0	8.0	bbox	2705	111.1	111.1	111.1	307,507,12,4	167.6	39.4862227	73.5854626	4440.9
2707	2707	1.924	стакан-марка-красная	14.3	19.8	снег-розовый	0.850	69.6	-2.0	7.0	7.3	bbox	2706	14.0	14.0	14.0	793,1031,8,10	167.5	39.4862336	73.5854587	4440.9
2708	2708	1.720	стакан-марка-красная	8.1	38.8	порода-в-тени	0.713	11.0	3.0	-0.5	3.0	bbox	2707	8.0	8.0	8.0	99,854,7,8	167.0	39.4862328	73.5854586	4440.9
2709	2709	1.250	стакан-марка-красная	8.2	19.8	снег-розовый	0.488	69.6	3.0	-1.0	3.2	bbox	2708	49.1	49.1	49.1	1100,497,13,6	167.0	39.4862327	73.5854562	4440.9
2710	2710	0.958	стакан-марка-красная	4.5	21.8	снег-розовый	0.976	71.6	9.0	5.0	10.3	bbox	2709	345.4	342.4	347.4	1153,985,6,10	167.0	39.4860314	73.5856298	4439.6
2711	2711	1.682	стакан-марка-красная	13.5	1.4	корка-жёлтая-на-скале	0.638	48.4	1.0	10.0	10.0	bbox	2710	81.1	81.1	81.1	1681,1029,16,8	166.9	39.4862252	73.5854596	4440.9
2712	2712	1.425	стакан-марка-красная	11.2	7.8	порода-в-тени	0.810	42.0	0.0	-1.0	1.0	bbox	2711	171.2	171.2	171.2	881,953,8,6	166.9	39.4859630	73.5857884	4439.5
2713	2713	1.115	палка-ручка-пробка	7.3	18.1	лишайник-жёлтый-на-камне	0.696	57.6	7.0	16.0	17.5	bbox	2712	42.1	42.1	42.1	1261,1073,8,7	166.8	39.4862335	73.5854573	4440.9
2714	2714	2.330	стакан-марка-красная	12.0	49.8	снег-пересвеченный	0.620	99.6	-1.0	0.0	1.0	bbox	2713	338.4	338.4	339.4	1271,757,10,12	166.5	39.4860319	73.5856296	4439.6
2715	2715	1.435	стакан-марка-красная	3.2	38.6	порода-в-тени	1.299	11.2	8.0	0.0	8.0	bbox	2714	133.2	133.2	133.2	529,849,12,12	166.3	39.4862277	73.5854628	4440.9
2716	2716	0.964	палка-ручка-пробка	7.6	4.3	лишайник-жёлтый-на-камне	0.920	80.0	8.0	16.0	17.9	bbox	2715	337.4	333.4	337.4	23,0,10,7	166.3	39.4860321	73.5856295	4439.6
2717	2717	1.013	палка-ручка-контроль	8.0	4.3	лишайник-жёлтый-на-камне	0.722	53.3	6.5	18.0	19.1	bbox	2716	344.4	344.4	344.4	593,641,8,8	166.2	39.4860316	73.5856296	4439.6
2718	2718	1.040	стакан-марка-красная	8.2	3.9	снег-розовый	0.940	53.7	3.0	-1.0	3.2	bbox	2717	73.1	73.1	73.1	667,128,6,9	166.1	39.4862275	73.5854588	4440.9
2719	2719	1.155	палка-ручка-пробка	9.2	2.3	лишайник-жёлтый-на-камне	0.855	78.0	7.0	14.0	15.7	bbox	2718	193.2	193.2	193.2	203,1069,12,4	166.1	39.4859633	73.5857883	4439.5
2720	2720	2.000	стакан-марка-красная	14.8	21.6	корка-жёлтая-на-скале	1.147	28.2	-2.0	8.0	8.2	bbox	2719	108.1	108.1	108.1	1685,745,12,6	165.8	39.4862222	73.5854626	4440.9
2721	2721	1.348	стакан-марка-красная	8.6	22.7	порода-охристая	0.834	27.1	16.0	8.0	17.9	bbox	2720	119.2	119.2	119.2	1057,296,10,5	165.8	39.4862243	73.5854625	4440.9
2722	2722	0.341	палка-ручка-контроль	1.0	8.9	лишайник-жёлтый-на-камне	1.119	66.5	6.0	25.0	25.7	bbox	2721	142.2	140.2	145.2	7,207,6,12	165.8	39.4860217	73.5856279	4440.7
2723	2723	2.135	палка-ручка-пробка	16.6	14.7	снег-розовый	1.011	90.4	-2.0	8.0	8.2	bbox	2722	115.1	115.1	116.1	91,756,6,12	165.6	39.4862239	73.5854636	4440.9
2724	2724	1.950	стакан-марка-красная	12.0	34.9	порода-в-тени	0.342	14.9	-1.0	1.0	1.4	bbox	2723	194.2	194.2	194.2	739,541,7,16	165.3	39.4859634	73.5857882	4439.5
2725	2725	1.687	стакан-марка-красная	13.4	5.1	корка-жёлтая-на-скале	1.014	44.7	-1.0	7.0	7.1	bbox	2724	327.4	327.4	327.4	481,529,6,16	165.3	39.4860314	73.5856302	4439.6
2726	2726	1.801	стакан-марка-красная	14.3	5.7	корка-жёлтая-на-скале	1.039	44.1	-2.0	7.0	7.3	bbox	2725	134.2	134.2	134.2	65,453,14,4	165.2	39.4862281	73.5854629	4440.9
2727	2727	0.884	палка-ручка-пробка	7.1	0.0	лишайник-жёлтый-на-камне	0.459	75.7	4.0	16.0	16.5	bbox	2726	81.1	81.1	81.1	1653,227,4,14	165.1	39.4862252	73.5854596	4440.9
2728	2728	1.097	палка-ручка-контроль	8.6	6.1	лишайник-жёлтый-на-камне	1.464	63.7	13.0	21.0	24.7	bbox	2727	266.3	266.3	266.3	1051,363,14,6	165.1	39.4859884	73.5857801	4439.5
2729	2729	1.249	стакан-марка-красная	9.8	5.9	порода-охристая	0.552	43.9	15.0	10.0	18.0	bbox	2728	47.1	47.1	47.1	1337,323,8,8	165.0	39.4862326	73.5854565	4440.9
2730	2730	1.742	стакан-марка-красная	13.9	1.4	порода-охристая	0.860	51.2	16.0	14.0	21.3	bbox	2729	78.1	78.1	78.1	1271,95,8,8	165.0	39.4862259	73.5854595	4440.9
2731	2731	0.776	предмет-оранжевый	4.2	15.9	порода-охристая	2.937	48.4	23.0	31.0	38.6	bbox	2730	53.1	53.1	53.1	0,389,5,10	164.9	39.4862328	73.5854563	4440.9
2732	2732	1.752	стакан-марка-красная	13.9	5.5	корка-жёлтая-на-скале	1.159	44.3	-2.0	6.0	6.3	bbox	2731	85.1	84.1	85.1	0,921,8,10	164.9	39.4862245	73.5854589	4440.9
2733	2733	1.424	стакан-марка-красная	11.2	7.7	снег-розовый	0.849	57.5	0.0	-1.0	1.0	bbox	2732	176.2	176.2	176.2	1433,469,10,13	164.9	39.4859635	73.5857881	4439.5
2734	2734	1.448	стакан-марка-красная	10.2	19.2	снег-розовый	0.500	69.0	1.0	-1.0	1.4	bbox	2733	344.4	344.4	344.4	1663,929,14,4	164.9	39.4860316	73.5856296	4439.6
2735	2735	1.128	стакан-марка-красная	3.0	29.8	порода-в-тени	1.275	20.0	8.0	1.0	8.1	bbox	2734	49.1	49.1	49.1	0,249,7,8	164.8	39.4862327	73.5854562	4440.9
2736	2736	0.782	стакан-марка-красная	3.0	19.2	порода-в-тени	1.326	30.6	8.0	1.0	8.1	bbox	2735	52.1	52.1	52.1	1137,225,6,14	164.8	39.4862329	73.5854561	4440.9
2737	2737	1.243	стакан-марка-красная	9.8	4.7	порода-охристая	0.772	54.5	15.0	10.0	18.0	bbox	2736	75.1	75.1	75.1	1605,551,6,10	164.7	39.4862269	73.5854593	4440.9
2738	2738	1.092	палка-ручка-пробка	8.1	11.8	лишайник-жёлтый-на-камне	0.186	63.9	1.0	16.0	16.0	bbox	2737	97.1	97.1	97.1	825,699,8,6	164.7	39.4862225	73.5854594	4440.9
2739	2739	1.138	палка-ручка-пробка	8.5	11.0	лишайник-жёлтый-на-камне	1.094	86.7	8.0	15.0	17.0	bbox	2738	343.4	343.4	343.4	52,123,13,5	164.7	39.4860316	73.5856295	4439.6
2740	2740	1.758	палка-ручка-пробка	13.0	18.4	корка-жёлтая-на-скале	0.563	57.3	-2.0	12.0	12.2	bbox	2739	0.0	0.0	1.0	651,1069,12,11	164.6	39.4862320	73.5854596	4441.0
2741	2741	1.159	стакан-марка-красная	9.2	3.3	снег-розовый	1.103	53.1	4.0	7.0	8.1	bbox	2740	40.1	40.1	42.1	609,157,14,12	164.6	39.4862335	73.5854573	4440.9
2742	2742	1.026	палка-ручка-пробка	8.1	5.1	лишайник-жёлтый-на-камне	0.794	70.6	8.0	15.5	17.4	bbox	2741	225.3	225.3	225.3	1359,576,10,7	164.3	39.4859383	73.5857959	4439.5
2743	2743	1.761	стакан-марка-красная	13.0	19.0	снег-розовый	0.699	68.8	-1.0	6.0	6.1	bbox	2742	274.4	274.4	274.4	1539,407,10,6	164.3	39.4859993	73.5857767	4439.6
2744	2744	1.552	стакан-марка-красная	11.7	14.5	порода-охристая	0.527	35.3	15.0	12.0	19.2	bbox	2743	107.1	105.1	107.1	353,567,10,6	164.2	39.4862223	73.5854621	4440.9
2745	2745	1.496	стакан-марка-красная	11.2	14.9	снег-освещённый	0.601	64.7	0.0	-1.0	1.0	bbox	2744	106.1	106.1	107.1	497,69,11,6	164.2	39.4862223	73.5854618	4440.9
2746	2746	1.341	палка-ручка-пробка	10.6	5.1	лишайник-жёлтый-на-камне	0.781	80.8	-2.0	15.0	15.1	bbox	2745	316.4	316.4	316.4	605,995,8,14	164.2	39.4860111	73.5857029	4439.5
2747	2747	1.436	стакан-марка-красная	8.6	26.7	порода-охристая	0.910	23.1	16.0	8.0	17.9	bbox	2746	43.1	43.1	43.1	1375,1071,12,6	163.8	39.4862334	73.5854572	4440.9
2748	2748	1.393	стакан-марка-красная	7.6	28.6	снег-розовый	0.314	78.4	3.5	0.0	3.5	bbox	2747	264.3	264.3	264.3	1659,795,6,6	163.8	39.4859257	73.5857967	4439.5
2749	2749	1.024	стакан-марка-красная	7.6	10.6	порода-охристая	0.531	39.2	14.0	8.0	16.1	bbox	2748	41.1	41.1	41.1	500,355,11,8	163.6	39.4862335	73.5854573	4440.9
2750	2750	0.922	стакан-марка-красная	5.4	17.6	порода-в-тени	1.085	32.2	6.0	-1.0	6.1	bbox	2749	65.1	65.1	65.1	1192,161,7,8	163.5	39.4862302	73.5854582	4440.9
2751	2751	1.468	рюкзак-синий	11.7	3.4	снег-в-тени	0.756	42.2	-3.0	-3.0	4.2	bbox	2750	33.0	33.0	33.0	1716,821,15,6	163.4	39.4862336	73.5854573	4440.9
2752	2752	1.772	палка-ручка-пробка	13.0	19.8	снег-розовый	1.318	95.5	0.0	11.0	11.0	bbox	2751	114.1	114.1	114.1	665,205,10,8	163.3	39.4862238	73.5854635	4440.9
2753	2753	0.239	палка-ручка-пробка	1.4	4.5	лишайник-жёлтый-на-камне	1.028	71.2	6.0	24.0	24.7	bbox	2752	267.3	267.3	267.3	349,73,16,8	163.2	39.4859991	73.5857774	4439.5
2754	2754	1.216	стакан-марка-красная	9.6	5.1	порода-охристая	0.300	44.7	9.5	10.5	14.2	bbox	2753	230.3	230.3	230.3	205,207,10,10	162.9	39.4859352	73.5857965	4439.5
2755	2755	2.023	палка-ручка-пробка	13.9	29.0	корка-жёлтая-на-скале	0.560	46.7	-2.0	11.0	11.2	bbox	2754	25.0	25.0	28.0	839,689,7,8	162.8	39.4862334	73.5854584	4440.9
2756	2756	1.315	палка-ручка-пробка	10.4	5.5	лишайник-жёлтый-на-камне	0.516	70.2	-1.0	14.5	14.5	bbox	2755	194.2	194.2	194.2	589,985,10,8	162.8	39.4859634	73.5857882	4439.5
2757	2757	1.062	предмет-оранжевый	7.6	13.2	лишайник-жёлтый-на-камне	2.266	77.5	13.0	31.0	33.6	bbox	2756	146.2	146.2	146.2	997,663,6,10	162.7	39.4859634	73.5857865	4439.5
2758	2758	1.379	стакан-марка-красная	7.3	29.0	порода-охристая	0.774	20.8	9.0	8.0	12.0	bbox	2757	151.2	151.2	151.2	873,885,5,10	162.7	39.4859618	73.5857922	4439.5
2759	2759	1.906	стакан-марка-красная	13.0	27.7	снег-розовый	0.791	77.5	0.0	8.0	8.0	bbox	2758	70.1	70.1	70.1	595,947,12,4	162.3	39.4862286	73.5854588	4440.9
2760	2760	2.134	стакан-марка-красная	15.6	24.1	корка-жёлтая-на-скале	0.943	25.7	-1.0	11.0	11.0	bbox	2759	272.4	272.4	272.4	963,795,10,6	162.1	39.4860003	73.5857769	4439.5
2761	2761	1.426	стакан-марка-красная	11.4	1.4	порода-охристая	0.533	48.4	14.0	12.0	18.4	bbox	2760	111.1	108.1	112.1	1041,133,8,8	162.0	39.4862227	73.5854626	4440.9
2762	2762	1.539	палка-ручка-пробка	11.4	16.3	порода-охристая	0.848	59.4	12.0	14.0	18.4	bbox	2761	193.2	193.2	193.2	1615,807,6,8	161.9	39.4859633	73.5857883	4439.5
2763	2763	0.918	стакан-марка-красная	4.2	21.0	порода-в-тени	1.292	28.8	8.0	-2.0	8.2	bbox	2762	315.4	315.4	316.4	1145,241,7,8	161.8	39.4860025	73.5857379	4439.5
2764	2764	1.549	палка-ручка-пробка	9.9	26.1	корка-жёлтая-на-скале	0.287	49.6	-2.0	16.0	16.1	bbox	2763	342.4	338.4	342.4	421,228,10,11	161.8	39.4860317	73.5856295	4439.6
2765	2765	2.007	палка-ручка-пробка	15.8	9.8	снег-розовый	0.839	85.5	0.0	8.0	8.0	bbox	2764	50.1	50.1	50.1	1059,722,4,13	161.7	39.4862327	73.5854562	4440.9
2766	2766	1.180	стакан-марка-красная	8.9	10.6	порода-охристая	0.560	39.2	15.0	9.0	17.5	bbox	2765	343.4	343.4	343.4	259,1059,14,6	161.7	39.4860316	73.5856295	4439.6
2767	2767	1.292	палка-ручка-контроль	9.0	17.8	корка-жёлтая-на-скале	0.841	39.8	6.0	17.0	18.0	bbox	2766	87.1	87.1	87.1	1283,178,12,7	161.6	39.4862241	73.5854588	4440.9
2768	2768	2.055	стакан-марка-красная	14.8	25.3	снег-розовый	0.906	75.1	-2.0	8.0	8.2	bbox	2767	334.4	334.4	334.4	1007,267,3,22	161.6	39.4860314	73.5856301	4439.6
2769	2769	1.482	палка-ручка-пробка	9.4	25.1	порода-охристая	0.675	50.6	10.0	15.0	18.0	bbox	2768	43.1	43.1	43.1	1721,481,10,12	161.3	39.4862334	73.5854572	4440.9
2770	2770	1.815	стакан-марка-красная	13.0	22.4	снег-розовый	0.814	72.2	0.0	8.0	8.0	bbox	2769	75.1	75.1	75.1	963,771,4,12	161.3	39.4862269	73.5854593	4440.9
2771	2771	1.820	стакан-марка-красная	14.4	7.1	корка-жёлтая-на-скале	0.826	56.9	-1.0	9.0	9.1	bbox	2770	40.1	35.0	40.1	763,939,6,10	161.1	39.4862335	73.5854573	4440.9
2772	2772	0.902	палка-ручка-контроль	5.8	14.9	порода-охристая	1.508	42.7	11.0	23.0	25.5	bbox	2771	270.3	270.3	270.3	1891,83,8,13	161.1	39.4860009	73.5857771	4439.5
2773	2773	1.586	стакан-марка-красная	4.5	41.6	снег-розовый	1.072	91.4	9.0	5.0	10.3	bbox	2772	317.4	317.4	318.4	733,401,10,8	161.1	39.4860227	73.5856620	4439.5
2774	2774	0.941	стакан-марка-красная	7.3	6.7	снег-розовый	0.879	56.5	4.0	-1.0	4.1	bbox	2773	344.4	344.4	344.4	871,885,10,10	161.1	39.4860316	73.5856296	4439.6
2775	2775	0.956	палка-ручка-пробка	7.6	2.5	лишайник-жёлтый-на-камне	0.886	78.2	8.0	16.0	17.9	bbox	2774	342.4	342.4	343.4	517,489,10,6	160.9	39.4860317	73.5856295	4439.6
2776	2776	1.314	палка-ручка-пробка	8.6	21.2	лишайник-жёлтый-на-камне	1.233	96.9	-2.0	18.0	18.1	bbox	2775	227.3	227.3	227.3	633,129,8,8	160.8	39.4859387	73.5857959	4439.5
2777	2777	0.415	палка-ручка-пробка	3.2	3.5	лишайник-жёлтый-на-камне	1.252	79.2	8.0	24.0	25.3	bbox	2776	232.3	232.3	232.3	465,105,6,8	160.7	39.4859253	73.5857971	4439.5
2778	2778	1.643	стакан-марка-красная	10.5	27.4	порода-в-тени	0.344	22.4	0.5	0.0	0.5	bbox	2777	177.2	177.2	177.2	1281,729,6,8	160.4	39.4859636	73.5857883	4439.5
2779	2779	1.920	стакан-марка-красная	11.2	36.9	порода-в-тени	0.619	12.9	0.0	3.0	3.0	bbox	2778	334.4	334.4	336.4	1367,725,26,3	160.0	39.4860314	73.5856301	4439.6
2780	2780	1.075	стакан-марка-красная	6.7	18.8	снег-розовый	1.028	68.6	8.0	7.0	10.6	bbox	2779	341.4	340.4	341.4	1901,137,10,7	160.0	39.4860316	73.5856296	4439.6
2781	2781	0.964	палка-ручка-пробка	7.1	10.8	лишайник-жёлтый-на-камне	1.008	64.9	10.0	18.0	20.6	bbox	2780	99.1	99.1	99.1	1223,681,8,11	159.9	39.4862226	73.5854597	4440.9
2782	2782	1.527	палка-ручка-пробка	12.2	1.4	лишайник-жёлтый-на-камне	0.938	74.3	-5.0	16.0	16.8	bbox	2781	156.2	156.2	156.2	1137,23,10,4	159.9	39.4859620	73.5857912	4439.5
2783	2783	1.849	стакан-марка-красная	14.8	3.3	корка-жёлтая-на-скале	0.930	53.1	-2.0	8.0	8.2	bbox	2782	43.1	43.1	43.1	440,707,8,10	159.7	39.4862334	73.5854572	4440.9
2784	2784	1.400	палка-ручка-пробка	11.1	5.1	лишайник-жёлтый-на-камне	1.847	70.6	16.0	21.5	26.8	bbox	2783	263.3	263.3	265.3	1033,224,6,9	159.7	39.4859101	73.5858002	4439.5
2785	2785	1.946	рюкзак-синий	13.0	29.8	порода-в-тени	0.477	9.0	0.0	-1.0	1.0	bbox	2784	156.2	156.2	156.2	885,433,12,13	159.6	39.4859620	73.5857912	4439.5
2786	2786	1.063	палка-ручка-пробка	8.5	1.8	лишайник-жёлтый-на-камне	0.568	77.5	-1.0	17.0	17.0	bbox	2785	194.2	194.2	194.2	245,673,8,8	159.6	39.4859634	73.5857882	4439.5
2787	2787	0.632	стакан-марка-красная	4.5	8.2	порода-охристая	0.799	41.6	9.0	5.0	10.3	bbox	2786	176.2	176.2	176.2	257,975,9,10	159.5	39.4859635	73.5857881	4439.5
2788	2788	1.790	стакан-марка-красная	14.2	6.1	корка-жёлтая-на-скале	0.688	55.9	0.0	10.0	10.0	bbox	2787	18.0	18.0	18.0	1587,1051,12,4	159.3	39.4862337	73.5854586	4440.9
2789	2789	1.887	стакан-марка-красная	10.0	39.4	снег-освещённый	0.391	89.2	1.0	0.0	1.0	bbox	2788	115.1	115.1	115.1	655,499,14,4	159.1	39.4862239	73.5854636	4440.9
2790	2790	2.048	стакан-марка-красная	13.0	34.9	снег-розовый	0.675	84.7	-1.0	6.0	6.1	bbox	2789	113.1	113.1	117.2	33,505,8,6	159.0	39.4862236	73.5854632	4440.9
2791	2791	1.417	стакан-марка-красная	10.8	12.3	порода-охристая	0.501	37.5	15.0	11.0	18.6	bbox	2790	102.1	102.1	103.1	1717,753,6,8	158.7	39.4862220	73.5854606	4440.9
2792	2792	1.819	стакан-марка-красная	13.6	17.7	снег-освещённый	0.527	67.5	-2.5	-1.0	2.7	bbox	2791	340.4	340.4	340.4	1313,977,8,8	158.6	39.4860316	73.5856298	4439.6
2793	2793	1.809	стакан-марка-красная	13.6	16.9	снег-розовый	0.875	66.7	-1.0	7.5	7.6	bbox	2792	117.2	117.2	117.2	0,907,9,6	158.4	39.4862243	73.5854631	4440.9
2794	2794	1.460	палка-ручка-контроль	10.2	20.0	порода-охристая	0.729	37.6	8.0	16.0	17.9	bbox	2793	244.3	244.3	244.3	401,829,9,9	158.3	39.4859095	73.5858011	4439.5
2795	2795	1.257	стакан-марка-красная	8.9	16.1	порода-охристая	1.130	65.9	7.0	9.0	11.4	bbox	2794	104.1	101.1	104.1	1829,987,9,9	158.2	39.4862221	73.5854610	4440.9
2796	2796	1.336	палка-ручка-контроль	10.0	12.7	порода-охристая	0.833	44.9	7.0	16.0	17.5	bbox	2795	168.2	168.2	170.2	817,247,10,10	158.1	39.4859631	73.5857891	4439.5
2797	2797	1.483	стакан-марка-красная	7.1	33.3	порода-охристая	0.877	16.5	12.0	8.0	14.4	bbox	2796	152.2	152.2	152.2	344,319,9,10	157.9	39.4859618	73.5857918	4439.5
2798	2798	0.517	палка-ручка-контроль	3.6	7.1	лишайник-жёлтый-на-камне	1.061	64.7	8.0	23.0	24.4	bbox	2797	323.4	323.4	323.4	1385,848,8,9	157.6	39.4860310	73.5856301	4439.5
2799	2799	2.227	рюкзак-синий	14.0	38.4	порода-в-тени	0.767	0.4	0.0	0.0	0.0	bbox	2798	134.2	134.2	134.2	1633,874,8,13	157.5	39.4862281	73.5854629	4440.9
2800	2800	1.038	палка-ручка-контроль	8.2	3.4	лишайник-жёлтый-на-камне	1.744	61.0	14.0	24.0	27.8	bbox	2799	52.1	52.1	52.1	183,316,14,10	157.4	39.4862329	73.5854561	4440.9
2801	2801	1.836	палка-ручка-пробка	13.6	19.4	порода-охристая	1.024	56.3	16.0	15.0	21.9	bbox	2800	136.2	136.2	136.2	822,39,11,8	157.4	39.4862055	73.5854627	4440.9
2802	2802	0.597	палка-ручка-пробка	3.2	12.5	лишайник-жёлтый-на-камне	1.410	88.2	8.0	24.0	25.3	bbox	2801	18.0	18.0	18.0	27,97,5,16	157.0	39.4862337	73.5854586	4440.9
2803	2803	0.436	стакан-марка-красная	1.4	11.2	порода-охристая	1.132	38.6	12.0	2.0	12.2	bbox	2802	135.2	135.2	135.2	1185,161,8,15	157.0	39.4862226	73.5854620	4440.9
2804	2804	1.209	палка-ручка-пробка	9.4	7.5	лишайник-жёлтый-на-камне	1.035	68.2	10.0	15.0	18.0	bbox	2803	344.4	344.4	344.4	1486,423,18,4	157.0	39.4860316	73.5856296	4439.6
2805	2805	1.108	предмет-оранжевый	7.2	18.1	лишайник-жёлтый-на-камне	2.292	82.4	14.0	30.0	33.1	bbox	2804	14.0	14.0	14.0	0,929,7,14	156.9	39.4862336	73.5854587	4440.9
2806	2806	1.960	стакан-марка-красная	14.6	20.4	порода-охристая	0.777	29.4	15.0	15.0	21.2	bbox	2805	262.3	262.3	262.3	1107,30,14,5	156.8	39.4859085	73.5858005	4439.5
2807	2807	1.363	палка-ручка-контроль	10.8	5.9	порода-охристая	1.757	63.5	16.0	22.0	27.2	bbox	2806	315.4	315.4	315.4	0,163,6,12	156.6	39.4860025	73.5857379	4439.5
2808	2808	0.866	стакан-марка-красная	3.2	21.6	порода-охристая	1.240	28.2	8.0	2.0	8.2	bbox	2807	146.2	145.2	146.2	639,227,6,14	156.5	39.4859634	73.5857865	4439.5
2809	2809	1.911	стакан-марка-красная	14.8	13.9	снег-розовый	1.029	63.7	-2.0	8.0	8.2	bbox	2808	235.3	235.3	235.3	1333,577,10,12	156.5	39.4859085	73.5857990	4439.5
2810	2810	0.844	предмет-оранжевый	5.1	15.5	лишайник-жёлтый-на-камне	2.627	79.8	15.0	33.0	36.2	bbox	2809	14.0	11.0	14.0	783,177,8,10	156.4	39.4862336	73.5854587	4440.9
2811	2811	1.912	палка-ручка-контроль	14.2	19.8	порода-охристая	1.061	37.8	17.0	17.0	24.0	bbox	2810	80.1	80.1	80.1	1601,20,16,5	156.2	39.4862254	73.5854596	4440.9
2812	2812	1.701	стакан-марка-красная	8.9	35.9	порода-охристая	1.038	13.9	7.0	9.0	11.4	bbox	2811	81.1	81.1	81.1	654,815,4,22	156.1	39.4862252	73.5854596	4440.9
2813	2813	1.511	стакан-марка-красная	1.6	42.0	порода-в-тени	1.517	7.8	9.5	0.5	9.5	bbox	2812	236.3	236.3	236.3	1169,45,18,6	156.0	39.4859082	73.5857993	4439.5
2814	2814	0.572	стакан-марка-красная	3.2	11.6	порода-в-тени	1.408	38.2	8.0	0.0	8.0	bbox	2813	38.0	38.0	38.0	147,721,10,6	155.9	39.4862336	73.5854573	4440.9
2815	2815	2.155	стакан-марка-красная	12.2	42.7	порода-в-тени	0.702	7.1	-1.0	3.0	3.2	bbox	2814	321.4	320.4	321.4	977,353,6,16	155.8	39.4860312	73.5856303	4439.5
2816	2816	0.330	палка-ручка-пробка	2.2	4.9	лишайник-жёлтый-на-камне	1.092	70.8	7.0	24.0	25.0	bbox	2815	6.0	3.0	6.0	1303,453,6,8	155.7	39.4862326	73.5854588	4440.9
2817	2817	0.635	стакан-марка-красная	3.2	13.9	порода-охристая	1.189	35.9	8.0	2.0	8.2	bbox	2816	347.4	347.4	347.4	129,1068,12,9	155.6	39.4860308	73.5856299	4439.6
2818	2818	0.478	предмет-оранжевый	3.6	4.5	лишайник-жёлтый-на-камне	2.665	59.8	18.0	31.0	35.8	bbox	2817	140.2	140.2	140.2	904,241,7,10	155.5	39.4860803	73.5855491	4440.9
2819	2819	1.113	палка-ручка-пробка	8.5	9.4	лишайник-жёлтый-на-камне	0.376	66.3	-1.0	17.0	17.0	bbox	2818	344.4	344.4	344.4	91,59,12,5	155.5	39.4860316	73.5856296	4439.6
2820	2820	1.066	стакан-марка-красная	5.6	22.5	порода-охристая	0.700	27.3	12.0	6.5	13.6	bbox	2819	132.2	132.2	132.2	1009,197,8,8	155.4	39.4862273	73.5854630	4440.9
2821	2821	1.127	палка-ручка-пробка	7.1	19.6	лишайник-жёлтый-на-камне	1.331	95.3	-2.0	22.0	22.1	bbox	2820	138.2	138.2	138.2	1497,289,12,4	155.4	39.4861474	73.5854883	4440.9
2822	2822	0.430	стакан-марка-красная	3.0	5.9	порода-охристая	1.320	43.9	8.0	1.0	8.1	bbox	2821	343.4	343.4	343.4	1083,183,12,6	155.4	39.4860316	73.5856295	4439.6
2823	2823	1.035	стакан-марка-красная	8.2	2.6	снег-в-тени	0.966	52.4	3.0	-1.0	3.2	bbox	2822	107.1	106.1	109.1	481,625,4,16	155.3	39.4862223	73.5854621	4440.9
2824	2824	2.035	стакан-марка-красная	14.1	28.2	снег-освещённый	0.296	78.0	-3.0	-1.0	3.2	bbox	2823	344.4	344.4	344.4	1297,867,7,7	155.3	39.4860316	73.5856296	4439.6
2825	2825	1.644	стакан-марка-красная	12.2	17.5	снег-освещённый	0.500	67.3	-1.0	-1.0	1.4	bbox	2824	342.4	342.4	342.4	207,923,8,10	155.1	39.4860317	73.5856295	4439.6
2826	2826	0.909	стакан-марка-красная	6.7	9.8	порода-охристая	0.982	59.6	8.0	7.0	10.6	bbox	2825	154.2	154.2	154.2	220,871,12,6	155.0	39.4859617	73.5857913	4439.5
2827	2827	2.056	стакан-марка-красная	16.1	11.8	корка-жёлтая-на-скале	0.707	38.0	-2.0	10.5	10.7	bbox	2826	262.3	262.3	262.3	515,457,14,6	155.0	39.4859085	73.5858005	4439.5
2828	2828	1.873	палка-ручка-пробка	13.4	23.3	корка-жёлтая-на-скале	0.540	52.4	-1.0	11.0	11.0	bbox	2827	327.4	327.4	327.4	1367,487,6,16	154.8	39.4860314	73.5856302	4439.6
2829	2829	2.239	палка-ручка-пробка	17.5	13.9	снег-розовый	0.908	89.6	-2.0	7.0	7.3	bbox	2828	72.1	72.1	72.1	1779,883,12,4	154.7	39.4862278	73.5854587	4440.9
2830	2830	1.521	стакан-марка-красная	12.2	0.2	снег-в-тени	0.886	49.6	-1.0	-1.0	1.4	bbox	2829	153.2	153.2	155.2	1587,223,6,8	154.6	39.4859619	73.5857916	4439.4
2831	2831	0.621	стакан-марка-красная	4.9	1.4	снег-в-тени	1.163	48.4	7.5	-2.5	7.9	bbox	2830	343.4	343.4	343.4	0,615,7,6	154.6	39.4860316	73.5856295	4439.6
2832	2832	0.606	палка-ручка-контроль	2.2	15.1	лишайник-жёлтый-на-камне	1.256	42.5	5.0	24.0	24.5	bbox	2831	4.0	4.0	4.0	1213,983,12,6	154.5	39.4862326	73.5854590	4440.9
2833	2833	2.063	стакан-марка-красная	14.9	25.1	корка-жёлтая-на-скале	0.965	24.7	0.0	11.0	11.0	bbox	2832	227.3	227.3	227.3	19,1063,28,4	154.5	39.4859387	73.5857959	4439.5
2834	2834	0.769	палка-ручка-пробка	6.0	4.7	лишайник-жёлтый-на-камне	1.366	71.0	11.0	23.0	25.5	bbox	2833	263.3	263.3	263.3	659,201,13,8	154.5	39.4859101	73.5858002	4439.5
2835	2835	0.877	палка-ручка-пробка	7.0	1.6	лишайник-жёлтый-на-камне	0.501	74.1	5.0	16.0	16.8	bbox	2834	20.0	20.0	20.0	1787,8,6,9	154.2	39.4862334	73.5854585	4440.9
2836	2836	1.904	палка-ручка-пробка	15.2	1.0	снег-розовый	0.953	76.7	-1.0	9.0	9.1	bbox	2835	35.0	35.0	39.1	616,0,14,5	154.2	39.4862336	73.5854577	4440.9
2837	2837	2.133	палка-ручка-пробка	16.6	14.5	снег-розовый	1.007	90.2	-2.0	8.0	8.2	bbox	2836	113.1	113.1	113.1	381,1063,6,10	154.2	39.4862236	73.5854632	4440.9
2838	2838	1.207	стакан-марка-красная	6.0	26.5	снег-розовый	1.288	76.3	11.0	7.0	13.0	bbox	2837	140.2	140.2	140.2	336,89,10,8	154.2	39.4860803	73.5855491	4440.9
2839	2839	1.061	стакан-марка-красная	8.5	1.2	порода-охристая	1.007	51.0	5.0	7.0	8.6	bbox	2838	312.4	312.4	312.4	1340,499,15,5	154.2	39.4859955	73.5857769	4439.6
2840	2840	1.841	стакан-марка-красная	13.6	19.8	корка-жёлтая-на-скале	0.983	30.0	0.0	9.0	9.0	bbox	2839	162.2	161.2	162.2	240,761,7,8	154.1	39.4859631	73.5857908	4439.5
2841	2841	2.223	рюкзак-синий	14.0	38.2	порода-в-тени	0.761	0.6	0.0	0.0	0.0	bbox	2840	131.2	131.2	131.2	1425,809,8,7	154.0	39.4862270	73.5854626	4440.9
2842	2842	1.280	стакан-марка-красная	8.4	20.6	порода-в-тени	0.703	29.2	3.0	-1.5	3.4	bbox	2841	136.2	136.2	136.2	1201,785,9,10	154.0	39.4862055	73.5854627	4440.9
2843	2843	1.498	стакан-марка-красная	7.3	33.3	порода-в-тени	0.763	16.5	4.0	-1.0	4.1	bbox	2842	65.1	65.1	65.1	1853,625,6,14	153.8	39.4862302	73.5854582	4440.9
2844	2844	1.821	палка-ручка-пробка	13.0	22.8	корка-жёлтая-на-скале	0.487	52.9	-2.0	12.0	12.2	bbox	2843	175.2	175.2	175.2	79,1048,5,13	153.6	39.4859634	73.5857880	4439.5
2845	2845	2.065	стакан-марка-красная	13.4	33.7	порода-в-тени	1.020	16.1	-1.0	7.0	7.1	bbox	2844	137.2	137.2	137.2	1693,842,10,7	153.5	39.4861792	73.5854706	4440.9
2846	2846	1.330	стакан-марка-красная	7.4	26.7	порода-охристая	1.002	23.1	6.0	6.5	8.8	bbox	2845	161.2	161.2	161.2	219,149,8,8	153.3	39.4859630	73.5857910	4439.5
2847	2847	0.745	стакан-марка-красная	4.7	12.7	снег-розовый	1.044	62.5	8.5	5.0	9.9	bbox	2846	137.2	137.2	137.2	173,481,8,8	153.2	39.4861792	73.5854706	4440.9
2848	2848	1.162	стакан-марка-красная	3.6	30.0	порода-в-тени	1.250	19.8	8.0	-1.0	8.1	bbox	2847	20.0	20.0	20.0	467,659,6,12	153.0	39.4862334	73.5854585	4440.9
2849	2849	1.668	стакан-марка-красная	12.6	14.9	порода-в-тени	0.920	34.9	-1.0	5.0	5.1	bbox	2848	57.1	53.1	57.1	1672,997,9,9	152.8	39.4862321	73.5854570	4440.9
2850	2850	1.912	палка-ручка-пробка	15.2	4.9	снег-розовый	0.983	70.8	-1.0	9.0	9.1	bbox	2849	65.1	65.1	65.1	1031,935,8,10	152.7	39.4862302	73.5854582	4440.9
2851	2851	1.826	стакан-марка-красная	13.6	18.6	порода-охристая	0.676	31.2	15.0	14.0	20.5	bbox	2850	85.1	85.1	85.1	1349,903,10,10	152.7	39.4862245	73.5854589	4440.9
2852	2852	1.255	палка-ручка-пробка	9.1	14.7	лишайник-жёлтый-на-камне	1.292	90.4	-4.0	21.5	21.9	bbox	2851	323.4	323.4	323.4	489,929,8,8	152.7	39.4860310	73.5856301	4439.5
2853	2853	1.708	стакан-марка-красная	13.4	9.0	снег-розовый	0.990	58.8	-1.0	7.0	7.1	bbox	2852	118.2	118.2	118.2	499,819,12,4	152.5	39.4862244	73.5854629	4440.9
2854	2854	0.684	палка-ручка-контроль	5.0	7.8	лишайник-жёлтый-на-камне	1.213	49.8	9.0	22.0	23.8	bbox	2853	321.4	321.4	321.4	983,267,9,9	152.5	39.4860312	73.5856303	4439.5
2855	2855	1.433	палка-ручка-пробка	11.4	4.1	лишайник-жёлтый-на-камне	1.102	79.8	8.0	12.0	14.4	bbox	2854	322.4	322.4	322.4	266,323,7,8	152.5	39.4860309	73.5856302	4439.5
2856	2856	1.123	палка-ручка-пробка	7.3	18.4	лишайник-жёлтый-на-камне	0.343	57.3	3.0	16.0	16.3	bbox	2855	53.1	53.1	55.1	1777,793,6,8	152.3	39.4862328	73.5854563	4440.9
2857	2857	1.053	палка-ручка-пробка	8.3	4.5	лишайник-жёлтый-на-камне	1.082	80.2	9.5	16.0	18.6	bbox	2856	339.4	339.4	339.4	1537,1073,6,7	152.3	39.4860317	73.5856298	4439.6
2858	2858	1.063	стакан-марка-красная	8.2	7.8	порода-охристая	0.773	42.0	6.0	7.5	9.6	bbox	2857	42.1	42.1	42.1	609,241,8,8	152.2	39.4862335	73.5854573	4440.9
2859	2859	1.514	стакан-марка-красная	6.7	35.3	снег-розовый	0.680	85.1	5.0	-2.0	5.4	bbox	2858	348.4	348.4	348.4	145,213,4,12	152.2	39.4860309	73.5856298	4439.6
2860	2860	1.894	стакан-марка-красная	10.4	38.4	снег-розовый	0.472	88.2	1.0	4.0	4.1	bbox	2859	262.3	262.3	262.3	1169,812,6,13	152.1	39.4859085	73.5858005	4439.5
2861	2861	1.986	палка-ручка-контроль	14.5	22.7	порода-охристая	0.850	34.9	16.0	15.5	22.3	bbox	2860	86.1	86.1	87.1	927,453,10,6	152.0	39.4862243	73.5854588	4440.9
2862	2862	1.766	стакан-марка-красная	13.9	8.2	порода-охристая	1.012	58.0	16.0	14.0	21.3	bbox	2861	26.0	26.0	26.0	1192,855,7,11	151.9	39.4862335	73.5854585	4440.9
2863	2863	1.005	предмет-оранжевый	4.2	23.9	порода-охристая	2.916	40.4	23.0	31.0	38.6	bbox	2862	55.1	55.1	55.1	129,198,12,8	151.7	39.4862325	73.5854564	4440.9
2864	2864	1.206	палка-ручка-пробка	8.5	16.1	лишайник-жёлтый-на-камне	0.430	59.6	-1.0	17.0	17.0	bbox	2863	270.3	270.3	270.3	553,477,12,9	151.6	39.4860009	73.5857771	4439.5
2865	2865	1.701	стакан-марка-красная	13.6	1.6	порода-охристая	0.778	51.4	15.0	14.0	20.5	bbox	2864	79.1	79.1	79.1	1164,728,12,7	151.5	39.4862255	73.5854598	4440.9
2866	2866	1.686	палка-ручка-контроль	12.8	14.9	корка-жёлтая-на-скале	0.333	42.7	-2.0	16.0	16.1	bbox	2865	273.4	273.4	273.4	1126,989,20,2	151.5	39.4859998	73.5857768	4439.6
2867	2867	0.952	палка-ручка-пробка	7.6	0.8	лишайник-жёлтый-на-камне	0.831	74.9	8.0	16.0	17.9	bbox	2866	333.4	333.4	333.4	427,129,12,8	151.5	39.4860311	73.5856302	4439.6
2868	2868	1.931	стакан-марка-красная	12.2	33.3	порода-в-тени	0.534	16.5	-1.0	3.0	3.2	bbox	2867	336.4	333.4	336.4	0,489,7,8	151.4	39.4860323	73.5856296	4439.6
2869	2869	1.820	палка-ручка-пробка	12.0	28.6	корка-жёлтая-на-скале	0.396	47.1	-3.0	14.0	14.3	bbox	2868	319.4	319.4	319.4	1539,1033,9,7	151.3	39.4860315	73.5856313	4439.6
2870	2870	1.629	стакан-марка-красная	4.2	43.1	порода-в-тени	1.349	6.7	8.0	-2.0	8.2	bbox	2869	322.4	322.4	322.4	1609,109,14,4	151.1	39.4860309	73.5856302	4439.5
2871	2871	1.164	палка-ручка-пробка	8.1	16.3	лишайник-жёлтый-на-камне	0.600	59.4	6.0	15.0	16.2	bbox	2870	59.1	59.1	59.1	985,1001,8,8	150.9	39.4862316	73.5854573	4440.9
2872	2872	1.792	стакан-марка-красная	8.9	39.2	порода-охристая	1.140	10.6	7.0	9.0	11.4	bbox	2871	81.1	81.1	81.1	1251,347,10,7	150.9	39.4862252	73.5854596	4440.9
2873	2873	0.657	палка-ручка-пробка	5.0	5.7	лишайник-жёлтый-на-камне	0.973	81.4	8.0	19.0	20.6	bbox	2872	337.4	337.4	342.4	735,1050,8,7	150.8	39.4860321	73.5856295	4439.6
2874	2874	0.979	палка-ручка-пробка	7.1	11.8	лишайник-жёлтый-на-камне	0.518	63.9	6.0	16.0	17.1	bbox	2873	61.1	61.1	61.1	1401,1021,6,8	150.6	39.4862314	73.5854577	4440.9
2875	2875	1.494	стакан-марка-красная	11.4	12.5	порода-в-тени	0.664	37.3	0.0	-2.0	2.0	bbox	2874	152.2	152.2	152.2	1609,161,13,6	150.6	39.4859618	73.5857918	4439.5
2876	2876	2.166	стакан-марка-красная	10.0	49.4	снег-освещённый	0.704	99.2	1.0	0.0	1.0	bbox	2875	321.4	321.4	321.4	1817,33,8,6	150.6	39.4860312	73.5856303	4439.5
2877	2877	2.307	стакан-марка-красная	15.0	37.6	порода-в-тени	1.412	12.2	-1.0	10.0	10.0	bbox	2876	335.4	335.4	335.4	1504,398,8,9	150.6	39.4860320	73.5856299	4439.6
2878	2878	1.618	палка-ручка-пробка	11.4	21.4	корка-жёлтая-на-скале	0.347	54.3	-0.5	13.0	13.0	bbox	2877	263.3	263.3	263.3	893,885,10,12	150.5	39.4859101	73.5858002	4439.5
2879	2879	2.145	палка-ручка-пробка	16.6	15.9	снег-розовый	1.030	91.6	-2.0	8.0	8.2	bbox	2878	106.1	106.1	106.1	1767,938,8,10	150.4	39.4862223	73.5854618	4440.9
2880	2880	1.184	палка-ручка-пробка	9.2	7.6	лишайник-жёлтый-на-камне	1.104	83.3	-4.0	21.0	21.4	bbox	2879	0.0	0.0	0.0	247,753,5,12	150.3	39.4862320	73.5854596	4441.0
2881	2881	1.405	стакан-марка-красная	11.2	3.9	снег-в-тени	0.878	45.9	0.0	-1.0	1.0	bbox	2880	129.2	129.2	129.2	1179,529,6,10	150.3	39.4862263	73.5854623	4440.9
2882	2882	1.511	стакан-марка-красная	5.8	37.1	снег-розовый	0.960	86.9	8.0	6.0	10.0	bbox	2881	342.4	342.4	344.4	911,1003,8,7	150.3	39.4860317	73.5856295	4439.6
2883	2883	1.545	стакан-марка-красная	12.2	7.6	порода-в-тени	0.932	42.2	-1.0	3.0	3.2	bbox	2882	263.3	263.3	263.3	679,729,10,8	150.0	39.4859101	73.5858002	4439.5
2884	2884	0.833	стакан-марка-красная	2.2	22.0	снег-розовый	1.088	71.8	10.0	-1.0	10.0	bbox	2883	84.1	84.1	84.1	49,339,10,9	149.5	39.4862247	73.5854591	4440.9
2885	2885	0.807	предмет-оранжевый	6.3	4.5	лишайник-жёлтый-на-камне	2.404	68.8	14.0	32.0	34.9	bbox	2884	17.0	17.0	17.0	73,530,8,5	149.4	39.4862336	73.5854587	4440.9
2886	2886	2.304	стакан-марка-красная	16.0	32.0	корка-жёлтая-на-скале	1.196	17.8	-1.5	11.0	11.1	bbox	2885	318.4	318.4	318.4	0,199,5,10	149.2	39.4860303	73.5856355	4439.5
2887	2887	2.309	палка-ручка-пробка	18.3	8.6	снег-освещённый	1.248	67.1	-5.5	8.0	9.7	bbox	2886	322.4	322.4	322.4	1569,451,6,6	149.2	39.4860309	73.5856302	4439.5
2888	2888	0.476	палка-ручка-пробка	3.0	8.2	лишайник-жёлтый-на-камне	1.248	83.9	8.0	23.0	24.4	bbox	2887	4.0	4.0	4.0	1193,19,8,6	149.0	39.4862326	73.5854590	4440.9
2889	2889	1.563	предмет-оранжевый	12.4	6.5	порода-охристая	3.691	57.8	32.0	31.0	44.6	bbox	2888	60.1	60.1	60.1	975,3,12,8	149.0	39.4862314	73.5854575	4440.9
2890	2890	1.134	стакан-марка-красная	5.1	26.3	снег-розовый	1.119	76.1	10.0	6.0	11.7	bbox	2889	11.0	11.0	11.0	551,489,9,7	148.7	39.4862333	73.5854589	4440.9
2891	2891	1.401	стакан-марка-красная	11.2	2.6	снег-в-тени	0.890	52.4	0.0	-1.0	1.0	bbox	2890	105.1	104.1	109.1	225,707,6,12	148.7	39.4862222	73.5854613	4440.9
2892	2892	1.353	стакан-марка-красная	2.2	37.1	порода-в-тени	1.451	12.7	9.0	2.0	9.2	bbox	2891	344.4	344.4	344.4	1505,551,8,6	148.7	39.4860316	73.5856296	4439.6
2893	2893	1.010	палка-ручка-пробка	8.1	1.9	лишайник-жёлтый-на-камне	0.985	77.6	9.0	16.0	18.4	bbox	2892	286.4	286.4	286.4	1911,1073,9,7	148.6	39.4859986	73.5857757	4439.5
2894	2894	1.591	стакан-марка-красная	12.2	12.9	порода-охристая	0.537	36.9	15.0	12.5	19.5	bbox	2893	268.3	268.3	268.3	1450,365,7,12	148.5	39.4860009	73.5857768	4439.5
2895	2895	2.193	рюкзак-синий	14.0	36.8	порода-в-тени	0.715	2.0	0.0	0.0	0.0	bbox	2894	230.3	230.3	230.3	823,449,8,6	148.4	39.4859352	73.5857965	4439.5
2896	2896	1.123	стакан-марка-красная	6.1	23.1	снег-розовый	1.191	72.9	10.0	7.0	12.2	bbox	2895	135.2	135.2	135.2	1012,663,13,8	148.3	39.4862226	73.5854620	4440.9
2897	2897	1.066	предмет-оранжевый	6.7	18.4	порода-охристая	3.136	45.9	26.0	31.0	40.5	bbox	2896	54.1	54.1	54.1	253,210,11,10	148.1	39.4862327	73.5854565	4440.9
2898	2898	1.154	стакан-марка-красная	9.2	1.6	снег-в-тени	0.919	51.4	2.0	-1.0	2.2	bbox	2897	117.2	117.2	117.2	523,155,7,13	148.1	39.4862243	73.5854631	4440.9
2899	2899	1.215	палка-ручка-пробка	8.9	13.3	лишайник-жёлтый-на-камне	0.917	62.4	9.0	15.0	17.5	bbox	2898	150.2	150.2	150.2	529,169,13,5	148.1	39.4859619	73.5857924	4439.5
2900	2900	1.145	палка-ручка-пробка	9.1	2.8	лишайник-жёлтый-на-камне	0.726	72.9	6.5	14.0	15.4	bbox	2899	193.2	193.2	193.2	577,679,8,6	147.9	39.4859633	73.5857883	4439.5
2901	2901	1.932	стакан-марка-красная	12.1	33.7	порода-в-тени	0.923	16.1	0.0	6.0	6.0	bbox	2900	21.0	21.0	21.0	169,1063,6,9	147.7	39.4862334	73.5854584	4440.9
2902	2902	1.494	палка-ручка-контроль	11.7	9.2	порода-охристая	1.336	48.4	16.0	20.0	25.6	bbox	2901	138.2	138.2	138.2	961,65,10,5	147.6	39.4861474	73.5854883	4440.9
2903	2903	1.018	стакан-марка-красная	8.1	4.1	порода-охристая	0.382	45.7	10.0	9.0	13.5	bbox	2902	234.3	234.3	234.3	481,329,12,9	147.6	39.4859130	73.5857984	4439.5
2904	2904	2.314	стакан-марка-красная	15.3	36.5	снег-освещённый	0.655	86.3	-4.0	4.0	5.7	bbox	2903	323.4	323.4	323.4	1017,123,8,17	147.6	39.4860310	73.5856301	4439.5
2905	2905	1.905	стакан-марка-красная	13.0	27.6	порода-в-тени	1.154	22.2	0.0	8.0	8.0	bbox	2904	334.4	334.4	334.4	617,357,8,6	147.6	39.4860314	73.5856301	4439.6
2906	2906	1.561	палка-ручка-пробка	11.4	17.9	корка-жёлтая-на-скале	0.455	57.8	-2.0	14.0	14.1	bbox	2905	345.4	345.4	345.4	544,919,11,6	147.6	39.4860314	73.5856298	4439.6
2907	2907	1.258	стакан-марка-красная	9.8	7.3	порода-охристая	0.536	42.5	7.0	10.0	12.2	bbox	2906	176.2	176.2	176.2	426,533,10,12	147.5	39.4859635	73.5857881	4439.5
2908	2908	1.451	стакан-марка-красная	8.1	29.2	порода-охристая	0.695	20.6	10.0	9.0	13.5	bbox	2907	155.2	155.2	155.2	57,73,8,8	147.4	39.4859618	73.5857911	4439.5
2909	2909	0.974	палка-ручка-контроль	7.6	5.7	лишайник-жёлтый-на-камне	1.568	63.3	13.0	23.0	26.4	bbox	2908	227.3	227.3	227.3	9,141,8,6	147.4	39.4859387	73.5857959	4439.5
2910	2910	2.008	стакан-марка-красная	11.9	37.8	порода-в-тени	0.902	12.0	0.0	5.5	5.5	bbox	2909	323.4	323.4	323.4	1503,415,12,9	147.4	39.4860310	73.5856301	4439.5
2911	2911	0.763	палка-ручка-пробка	3.6	17.2	лишайник-жёлтый-на-камне	1.057	92.9	3.0	20.0	20.2	bbox	2910	19.0	19.0	19.0	849,0,8,9	147.3	39.4862336	73.5854585	4440.9
2912	2912	1.866	стакан-марка-красная	14.8	7.7	корка-жёлтая-на-скале	0.973	57.5	-2.0	8.0	8.2	bbox	2911	65.1	62.1	65.1	1445,423,8,6	147.2	39.4862302	73.5854582	4440.9
2913	2913	1.018	стакан-марка-красная	8.1	4.1	снег-в-тени	1.071	45.7	3.0	0.0	3.0	bbox	2912	136.2	136.2	136.2	1807,247,6,11	146.9	39.4862055	73.5854627	4440.9
2914	2914	2.048	стакан-марка-красная	13.9	30.4	порода-в-тени	1.132	19.4	-1.0	8.0	8.1	bbox	2913	12.0	12.0	12.0	307,1033,6,8	146.7	39.4862333	73.5854588	4440.9
2915	2915	1.710	палка-ручка-пробка	13.6	5.1	порода-охристая	1.401	70.6	16.0	15.0	21.9	bbox	2914	316.4	316.4	316.4	753,97,6,10	146.6	39.4860111	73.5857029	4439.5
2916	2916	1.991	палка-ручка-пробка	15.8	6.7	снег-розовый	0.809	82.4	0.0	8.0	8.0	bbox	2915	112.1	112.1	112.1	1251,835,4,11	146.5	39.4862233	73.5854628	4440.9
2917	2917	1.418	стакан-марка-красная	11.2	6.7	снег-розовый	0.879	56.5	0.0	-1.0	1.0	bbox	2916	164.2	164.2	164.2	1081,933,8,11	146.5	39.4859635	73.5857904	4439.5
2918	2918	1.445	стакан-марка-красная	6.7	32.9	порода-в-тени	0.893	16.9	5.0	-2.0	5.4	bbox	2917	38.0	38.0	38.0	121,994,8,10	146.2	39.4862336	73.5854573	4440.9
2919	2919	1.465	стакан-марка-красная	11.7	4.1	корка-жёлтая-на-скале	1.031	53.9	1.0	7.0	7.1	bbox	2918	322.4	322.4	322.4	1031,139,8,10	146.2	39.4860309	73.5856302	4439.5
2920	2920	1.069	палка-ручка-пробка	8.5	1.6	лишайник-жёлтый-на-камне	0.848	74.1	8.0	15.0	17.0	bbox	2919	225.3	225.3	225.3	1659,977,12,6	146.1	39.4859383	73.5857959	4439.5
2921	2921	1.648	стакан-марка-красная	13.2	3.1	снег-в-тени	0.911	46.7	-2.0	-1.0	2.2	bbox	2920	225.3	225.3	225.3	1131,959,9,9	146.0	39.4859383	73.5857959	4439.5
2922	2922	0.987	стакан-марка-красная	7.6	7.3	порода-охристая	0.551	42.5	8.0	8.0	11.3	bbox	2921	223.3	223.3	223.3	569,406,8,11	145.7	39.4859375	73.5857958	4439.5
2923	2923	1.847	стакан-марка-красная	13.0	24.3	порода-в-тени	1.167	25.5	0.0	8.0	8.0	bbox	2922	262.3	262.3	262.3	721,1028,7,7	145.7	39.4859085	73.5858005	4439.5
2924	2924	1.692	стакан-марка-красная	12.6	16.9	порода-в-тени	0.882	32.9	-1.0	5.0	5.1	bbox	2923	319.4	319.4	319.4	167,107,12,6	145.5	39.4860315	73.5856313	4439.6
2925	2925	1.928	стакан-марка-красная	15.3	7.8	корка-жёлтая-на-скале	0.818	42.0	-2.0	9.0	9.2	bbox	2924	321.4	321.4	321.4	1825,411,19,3	145.5	39.4860312	73.5856303	4439.5
2926	2926	0.877	стакан-марка-красная	6.0	12.7	снег-розовый	0.667	62.5	5.0	1.0	5.1	bbox	2925	84.1	84.1	84.1	183,1011,6,14	145.3	39.4862247	73.5854591	4440.9
2927	2927	2.234	палка-ручка-контроль	15.8	29.2	корка-жёлтая-на-скале	0.826	28.4	-3.0	13.0	13.3	bbox	2926	262.3	262.3	262.3	243,795,8,6	145.2	39.4859085	73.5858005	4439.5
2928	2928	0.904	стакан-марка-красная	7.2	2.0	порода-охристая	0.783	47.8	7.0	7.0	9.9	bbox	2927	337.4	337.4	337.4	851,97,6,8	145.2	39.4860321	73.5856295	4439.6
2929	2929	1.336	стакан-марка-красная	9.5	17.3	снег-розовый	0.626	67.1	2.0	-2.0	2.8	bbox	2928	108.1	108.1	108.1	601,193,10,6	145.1	39.4862222	73.5854626	4440.9
2930	2930	1.881	стакан-марка-красная	15.0	4.3	корка-жёлтая-на-скале	0.676	54.1	-1.0	10.0	10.0	bbox	2929	52.1	52.1	53.1	1729,764,10,5	144.9	39.4862329	73.5854561	4440.9
2931	2931	1.428	предмет-оранжевый	10.0	19.0	порода-охристая	3.642	45.3	30.0	33.0	44.6	bbox	2930	58.1	58.1	62.1	271,340,8,9	144.8	39.4862320	73.5854573	4440.9
2932	2932	1.008	рюкзак-синий	8.1	0.2	снег-в-тени	0.482	38.6	2.0	-6.0	6.3	bbox	2931	154.2	154.2	154.2	1873,1047,8,10	144.4	39.4859617	73.5857913	4439.5
2933	2933	1.548	стакан-марка-красная	11.7	14.1	снег-розовый	0.665	63.9	0.0	5.0	5.0	bbox	2932	245.3	245.3	245.3	1506,943,10,8	144.4	39.4859096	73.5858012	4439.5
2934	2934	1.126	стакан-марка-красная	7.6	16.9	порода-в-тени	0.882	32.9	4.0	-2.0	4.5	bbox	2933	57.1	57.1	57.1	1810,917,9,7	144.3	39.4862321	73.5854570	4440.9
2935	2935	1.093	стакан-марка-красная	8.2	10.2	снег-розовый	0.743	60.0	3.0	-1.0	3.2	bbox	2934	151.2	151.2	151.2	1842,345,7,8	144.2	39.4859618	73.5857922	4439.5
2936	2936	1.084	стакан-марка-красная	4.2	26.5	порода-охристая	1.094	23.3	8.0	4.0	8.9	bbox	2935	225.3	225.3	225.3	347,266,4,15	144.0	39.4859383	73.5857959	4439.5
2937	2937	1.541	стакан-марка-красная	12.2	7.1	снег-розовый	0.840	56.9	-1.0	3.0	3.2	bbox	2936	274.4	274.4	274.4	101,623,7,7	144.0	39.4859993	73.5857767	4439.6
2938	2938	1.369	палка-ручка-пробка	10.9	2.8	лишайник-жёлтый-на-камне	0.622	72.9	2.0	12.5	12.7	bbox	2937	98.1	98.1	98.1	1873,737,12,6	143.9	39.4862226	73.5854596	4440.9
2939	2939	1.394	стакан-марка-красная	8.5	25.1	порода-охристая	0.665	24.7	8.0	9.0	12.0	bbox	2938	159.2	159.2	160.2	987,26,7,7	143.9	39.4859626	73.5857915	4439.5
2940	2940	1.840	стакан-марка-красная	13.9	17.1	снег-розовый	0.922	66.9	-1.0	8.0	8.1	bbox	2939	110.1	110.1	110.1	129,771,6,8	143.8	39.4862227	73.5854627	4440.9
2941	2941	2.108	стакан-марка-красная	13.6	34.9	снег-освещённый	0.652	84.7	-2.0	5.0	5.4	bbox	2940	319.4	319.4	319.4	1259,529,4,22	143.8	39.4860315	73.5856313	4439.6
2942	2942	1.501	стакан-марка-красная	11.0	16.5	снег-освещённый	0.534	66.3	0.0	0.0	0.0	bbox	2941	163.2	161.2	163.2	1827,843,8,12	143.5	39.4859631	73.5857906	4439.5
2943	2943	1.074	стакан-марка-красная	4.5	25.7	порода-охристая	0.941	24.1	13.0	5.0	13.9	bbox	2942	137.2	137.2	137.2	661,0,6,9	143.4	39.4861792	73.5854706	4440.9
2944	2944	1.474	стакан-марка-красная	10.4	19.2	порода-охристая	0.467	30.6	14.0	11.0	17.8	bbox	2943	343.4	343.4	343.4	339,505,10,7	143.3	39.4860316	73.5856295	4439.6
2945	2945	0.714	стакан-марка-красная	5.4	6.7	порода-охристая	0.933	56.5	9.0	6.0	10.8	bbox	2944	105.1	105.1	105.1	1815,379,6,10	143.0	39.4862222	73.5854613	4440.9
2946	2946	1.350	палка-ручка-пробка	10.8	2.8	лишайник-жёлтый-на-камне	0.580	72.9	1.0	13.0	13.0	bbox	2945	142.2	142.2	142.2	1301,961,8,7	142.8	39.4860217	73.5856279	4440.7
2947	2947	1.648	палка-ручка-пробка	10.2	29.2	корка-жёлтая-на-скале	0.453	46.5	3.0	13.0	13.3	bbox	2946	21.0	17.0	21.0	1361,439,4,14	142.7	39.4862334	73.5854584	4440.9
2948	2948	1.133	палка-ручка-пробка	8.0	14.9	лишайник-жёлтый-на-камне	0.481	60.8	5.0	15.0	15.8	bbox	2947	37.0	37.0	37.0	627,213,4,12	142.7	39.4862336	73.5854575	4440.9
2949	2949	1.464	стакан-марка-красная	10.8	16.1	порода-охристая	0.527	33.7	15.0	11.0	18.6	bbox	2948	1.0	0.0	1.0	661,395,9,12	142.5	39.4862323	73.5854594	4440.9
2950	2950	1.942	палка-ручка-пробка	15.3	10.2	снег-розовый	1.216	85.9	-3.0	10.0	10.4	bbox	2949	139.2	139.2	139.2	1237,961,12,6	142.5	39.4861135	73.5855151	4440.9
2951	2951	1.933	стакан-марка-красная	15.3	8.6	корка-жёлтая-на-скале	0.825	41.2	-2.0	9.0	9.2	bbox	2950	2.0	2.0	2.0	1722,943,13,7	142.4	39.4862325	73.5854593	4441.0
2952	2952	1.327	стакан-марка-красная	7.6	25.9	порода-охристая	0.741	23.9	8.0	8.0	11.3	bbox	2951	169.2	169.2	169.2	1903,785,13,5	142.3	39.4859630	73.5857889	4439.5
2953	2953	2.241	стакан-марка-красная	11.0	49.4	снег-освещённый	0.669	99.2	0.0	0.0	0.0	bbox	2952	23.0	23.0	23.0	1381,571,6,8	142.0	39.4862334	73.5854583	4440.9
2954	2954	2.018	предмет-оранжевый	16.0	6.7	порода-охристая	1.674	57.6	21.0	18.0	27.7	bbox	2953	55.1	53.1	55.1	447,226,11,11	141.6	39.4862325	73.5854564	4440.9
2955	2955	0.742	палка-ручка-пробка	5.0	11.2	лишайник-жёлтый-на-камне	0.397	64.5	5.0	18.0	18.7	bbox	2954	65.1	65.1	65.1	295,913,8,10	141.6	39.4862302	73.5854582	4440.9
2956	2956	1.455	стакан-марка-красная	7.4	31.4	порода-охристая	0.864	18.4	8.5	8.0	11.7	bbox	2955	151.2	151.2	151.2	87,147,8,6	141.5	39.4859618	73.5857922	4439.5
2957	2957	1.166	палка-ручка-контроль	9.2	5.1	порода-охристая	1.258	52.5	13.0	20.0	23.9	bbox	2956	274.4	274.4	274.4	1142,550,7,11	141.5	39.4859993	73.5857767	4439.6
2958	2958	1.895	палка-ручка-пробка	14.9	10.4	снег-розовый	0.959	86.1	0.0	9.0	9.0	bbox	2957	110.1	110.1	110.1	425,723,10,5	141.4	39.4862227	73.5854627	4440.9
2959	2959	1.949	палка-ручка-контроль	14.4	20.7	корка-жёлтая-на-скале	0.480	36.9	-2.0	14.0	14.1	bbox	2958	262.3	262.3	262.3	47,681,4,14	141.0	39.4859085	73.5858005	4439.5
2960	2960	1.871	стакан-марка-красная	14.3	15.3	снег-розовый	0.917	65.1	-2.0	7.0	7.3	bbox	2959	221.3	221.3	221.3	53,21,4,12	140.9	39.4859372	73.5857956	4439.5
2961	2961	0.887	палка-ручка-пробка	7.1	1.9	лишайник-жёлтый-на-камне	0.674	77.6	6.0	16.0	17.1	bbox	2960	39.1	39.1	39.1	967,170,9,7	140.8	39.4862335	73.5854574	4440.9
2962	2962	1.957	палка-ручка-пробка	15.7	0.6	снег-розовый	1.009	76.3	-2.0	9.0	9.2	bbox	2961	114.1	114.1	114.1	15,761,6,8	140.8	39.4862238	73.5854635	4440.9
2963	2963	1.710	стакан-марка-красная	12.6	18.2	порода-охристая	0.610	31.6	15.0	13.0	19.8	bbox	2962	129.2	129.2	129.2	594,323,13,6	140.7	39.4862263	73.5854623	4440.9
2964	2964	0.988	стакан-марка-красная	7.1	12.3	порода-охристая	0.397	37.5	10.0	8.0	12.8	bbox	2963	155.2	155.2	155.2	723,931,10,7	140.7	39.4859618	73.5857911	4439.5
2965	2965	0.973	палка-ручка-пробка	7.1	11.4	лишайник-жёлтый-на-камне	0.283	64.3	4.0	16.0	16.5	bbox	2964	21.0	21.0	21.0	487,801,10,6	140.6	39.4862334	73.5854584	4440.9
2966	2966	1.243	палка-ручка-контроль	7.1	24.5	порода-охристая	1.134	33.1	7.0	19.0	20.2	bbox	2965	57.1	57.1	58.1	11,16,4,17	140.6	39.4862321	73.5854570	4440.9
2967	2967	1.203	палка-ручка-контроль	9.5	5.6	порода-охристая	1.654	52.0	15.0	23.0	27.5	bbox	2966	62.1	62.1	62.1	1413,265,12,6	140.6	39.4862310	73.5854577	4440.9
2968	2968	1.228	палка-ручка-контроль	9.5	9.0	порода-охристая	1.623	48.6	15.0	23.0	27.5	bbox	2967	262.3	262.3	262.3	267,135,9,9	140.6	39.4859085	73.5858005	4439.5
2969	2969	1.664	стакан-марка-красная	12.3	17.8	порода-в-тени	1.054	32.0	0.0	6.5	6.5	bbox	2968	92.1	92.1	92.1	419,1031,6,10	140.4	39.4862233	73.5854590	4440.9
2970	2970	1.626	стакан-марка-красная	12.1	16.9	порода-в-тени	1.014	32.9	0.0	6.0	6.0	bbox	2969	56.1	56.1	56.1	1899,669,7,8	140.3	39.4862324	73.5854565	4440.9
2971	2971	1.920	стакан-марка-красная	15.3	5.9	корка-жёлтая-на-скале	0.803	43.9	-2.0	9.0	9.2	bbox	2970	129.2	129.2	129.2	767,273,8,6	140.3	39.4862263	73.5854623	4440.9
2972	2972	0.668	палка-ручка-пробка	4.2	11.4	лишайник-жёлтый-на-камне	1.138	87.1	8.0	20.0	21.5	bbox	2971	51.1	51.1	51.1	98,220,7,11	140.1	39.4862328	73.5854564	4440.9
2973	2973	0.748	палка-ручка-пробка	5.8	4.7	лишайник-жёлтый-на-камне	0.785	71.0	8.0	18.0	19.7	bbox	2972	323.4	323.4	323.4	127,481,14,4	140.1	39.4860310	73.5856301	4439.5
2974	2974	0.966	рюкзак-синий	7.6	4.5	снег-в-тени	0.322	43.3	-2.0	-7.0	7.3	bbox	2973	33.0	33.0	33.0	1854,322,11,6	139.9	39.4862336	73.5854573	4440.9
2975	2975	1.774	стакан-марка-красная	13.0	19.6	снег-освещённый	0.494	69.4	-2.0	2.0	2.8	bbox	2974	223.3	223.3	223.3	597,779,8,7	139.8	39.4859375	73.5857958	4439.5
2976	2976	0.957	стакан-марка-красная	2.0	25.9	порода-охристая	1.376	23.9	9.0	1.0	9.1	bbox	2975	146.2	146.2	146.2	1325,91,8,6	139.4	39.4859634	73.5857865	4439.5
2977	2977	1.847	стакан-марка-красная	13.9	17.6	корка-жёлтая-на-скале	1.046	32.2	-1.0	8.0	8.1	bbox	2976	348.4	348.4	348.4	60,816,5,13	139.4	39.4860309	73.5856298	4439.6
2978	2978	1.378	палка-ручка-пробка	10.6	10.2	лишайник-жёлтый-на-камне	0.559	65.5	-2.0	15.0	15.1	bbox	2977	99.1	99.1	99.1	1745,5,8,4	139.3	39.4862226	73.5854597	4440.9
2979	2979	1.658	стакан-марка-красная	4.6	43.5	порода-в-тени	1.235	6.3	6.5	2.0	6.8	bbox	2978	163.2	163.2	163.2	29,497,10,8	139.1	39.4859631	73.5857906	4439.5
2980	2980	1.517	стакан-марка-красная	12.0	6.3	снег-розовый	0.864	56.1	-1.0	1.0	1.4	bbox	2979	219.3	219.3	219.3	456,833,7,8	139.0	39.4859373	73.5857951	4439.5
2981	2981	1.882	палка-ручка-пробка	11.7	33.3	корка-жёлтая-на-скале	0.341	42.4	-1.0	13.0	13.0	bbox	2980	235.3	235.3	235.3	1437,893,18,4	139.0	39.4859085	73.5857990	4439.5
2982	2982	1.472	стакан-марка-красная	8.2	29.4	снег-розовый	1.239	79.2	9.0	9.0	12.7	bbox	2981	72.1	72.1	72.1	1732,270,9,5	138.9	39.4862278	73.5854587	4440.9
2983	2983	1.298	палка-ручка-контроль	8.1	22.9	корка-жёлтая-на-скале	0.866	34.7	5.0	18.0	18.7	bbox	2982	144.2	144.2	144.2	1887,1025,10,6	138.8	39.4859819	73.5857156	4440.1
2984	2984	0.978	палка-ручка-пробка	7.1	11.8	лишайник-жёлтый-на-камне	1.120	87.5	-2.0	22.0	22.1	bbox	2983	316.4	316.4	316.4	1689,903,8,6	138.6	39.4860111	73.5857029	4439.5
2985	2985	1.084	палка-ручка-пробка	8.0	11.6	лишайник-жёлтый-на-камне	0.874	87.3	4.5	15.0	15.7	bbox	2984	78.1	78.1	78.1	1397,520,8,7	138.5	39.4862259	73.5854595	4440.9
2986	2986	1.860	стакан-марка-красная	14.9	2.0	порода-охристая	0.869	47.8	16.0	15.0	21.9	bbox	2985	80.1	80.1	80.1	1313,342,8,11	138.4	39.4862254	73.5854596	4440.9
2987	2987	1.788	палка-ручка-пробка	13.6	15.5	порода-охристая	1.117	60.2	16.0	15.0	21.9	bbox	2986	12.0	12.0	12.0	739,0,8,9	137.9	39.4862333	73.5854588	4440.9
2988	2988	1.476	стакан-марка-красная	11.2	13.3	снег-освещённый	0.655	63.1	0.0	-1.0	1.0	bbox	2987	343.4	343.4	343.4	1151,946,10,7	137.9	39.4860316	73.5856295	4439.6
2989	2989	0.548	палка-ручка-пробка	4.2	3.9	лишайник-жёлтый-на-камне	1.443	79.6	8.0	26.0	27.2	bbox	2988	4.0	4.0	4.0	1821,0,6,13	137.7	39.4862326	73.5854590	4440.9
2990	2990	0.787	палка-ручка-пробка	4.2	16.3	лишайник-жёлтый-на-камне	0.866	59.4	8.0	20.0	21.5	bbox	2989	52.1	52.1	52.1	129,289,8,12	137.6	39.4862329	73.5854561	4440.9
2991	2991	1.786	стакан-марка-красная	14.2	5.1	корка-жёлтая-на-скале	0.675	54.9	0.0	10.0	10.0	bbox	2990	111.1	111.1	111.1	969,129,8,6	137.5	39.4862227	73.5854626	4440.9
2992	2992	1.648	стакан-марка-красная	13.0	6.9	корка-жёлтая-на-скале	0.892	42.9	0.0	8.0	8.0	bbox	2991	177.2	177.2	177.2	197,385,5,8	137.4	39.4859636	73.5857883	4439.5
2993	2993	1.282	палка-ручка-контроль	10.1	7.0	порода-охристая	0.869	50.6	10.5	17.0	20.0	bbox	2992	343.4	343.4	343.4	1351,349,10,4	137.3	39.4860316	73.5856295	4439.6
2994	2994	1.716	стакан-марка-красная	10.8	29.8	порода-охристая	0.826	20.0	15.0	11.0	18.6	bbox	2993	274.4	274.4	274.4	215,342,10,8	137.1	39.4859993	73.5857767	4439.6
2995	2995	1.166	стакан-марка-красная	9.1	7.8	снег-розовый	0.755	57.6	2.0	0.0	2.0	bbox	2994	54.1	54.1	54.1	1757,258,5,11	136.9	39.4862327	73.5854565	4440.9
2996	2996	0.299	стакан-марка-красная	2.2	2.9	снег-в-тени	1.526	46.9	10.0	-1.0	10.0	bbox	2995	49.1	49.1	49.1	0,717,9,6	136.7	39.4862327	73.5854562	4440.9
2997	2997	2.070	палка-ручка-пробка	16.6	1.4	снег-розовый	0.902	77.1	-2.0	8.0	8.2	bbox	2996	54.1	54.1	54.1	227,1075,12,5	136.7	39.4862327	73.5854565	4440.9
2998	2998	1.555	стакан-марка-красная	12.0	11.0	порода-в-тени	0.768	38.8	-1.0	2.0	2.2	bbox	2997	56.1	56.1	56.1	1798,824,11,9	136.7	39.4862324	73.5854565	4440.9
2999	2999	0.667	стакан-марка-красная	4.5	10.2	порода-охристая	1.119	39.6	7.0	3.0	7.6	bbox	2998	141.2	141.2	143.2	721,911,8,8	136.6	39.4860486	73.5855872	4440.8
3000	3000	1.318	стакан-марка-красная	9.4	16.5	снег-розовый	1.086	66.3	6.0	9.0	10.8	bbox	2999	105.1	102.1	105.1	1761,703,4,10	136.3	39.4862222	73.5854613	4440.9
3001	3001	1.045	палка-ручка-контроль	8.1	7.7	лишайник-жёлтый-на-камне	1.510	65.3	13.0	22.0	25.6	bbox	3000	51.1	51.1	51.1	297,641,6,15	136.1	39.4862328	73.5854564	4440.9
3002	3002	1.270	стакан-марка-красная	10.0	6.3	снег-розовый	0.999	56.1	3.0	7.0	7.6	bbox	3001	141.2	141.2	141.2	1566,922,11,5	136.1	39.4860486	73.5855872	4440.8
3003	3003	2.435	палка-ручка-контроль	16.1	38.4	порода-охристая	1.394	19.2	19.0	16.5	25.2	bbox	3002	2.0	2.0	2.0	376,9,9,10	136.0	39.4862325	73.5854593	4441.0
3004	3004	0.790	стакан-марка-красная	2.0	21.0	порода-охристая	1.538	28.8	11.0	-1.0	11.0	bbox	3003	343.4	343.4	343.4	795,941,6,10	136.0	39.4860316	73.5856295	4439.6
3005	3005	1.439	палка-ручка-пробка	11.4	5.5	лишайник-жёлтый-на-камне	0.944	81.2	-4.0	16.0	16.5	bbox	3004	266.3	266.3	266.3	1827,1058,11,5	135.8	39.4859884	73.5857801	4439.5
3006	3006	0.698	предмет-оранжевый	3.2	16.1	лишайник-жёлтый-на-камне	2.793	80.4	17.0	33.0	37.1	bbox	3005	61.1	60.1	61.1	1193,389,15,10	135.7	39.4862314	73.5854577	4440.9
3007	3007	1.061	палка-ручка-пробка	8.5	0.4	лишайник-жёлтый-на-камне	0.513	75.3	-1.0	17.0	17.0	bbox	3006	193.2	193.2	193.2	1251,89,8,6	135.7	39.4859633	73.5857883	4439.5
3008	3008	2.037	стакан-марка-красная	13.6	31.2	снег-розовый	0.792	81.0	-1.0	7.5	7.6	bbox	3007	65.1	65.1	65.1	1547,637,6,10	135.4	39.4862302	73.5854582	4440.9
3009	3009	1.728	палка-ручка-пробка	11.0	29.2	корка-жёлтая-на-скале	0.457	46.5	-3.5	16.0	16.4	bbox	3008	319.4	319.4	319.4	17,49,8,6	135.4	39.4860315	73.5856313	4439.6
3010	3010	1.010	стакан-марка-красная	7.2	12.7	порода-охристая	0.709	37.1	7.0	7.0	9.9	bbox	3009	3.0	3.0	3.0	1345,65,6,10	134.9	39.4862326	73.5854594	4440.9
3011	3011	1.632	стакан-марка-красная	13.0	2.2	корка-жёлтая-на-скале	0.888	52.0	0.0	8.0	8.0	bbox	3010	119.2	119.2	119.2	743,839,10,6	134.9	39.4862243	73.5854625	4440.9
3012	3012	1.102	палка-ручка-пробка	8.5	7.7	лишайник-жёлтый-на-камне	0.796	68.0	8.0	15.0	17.0	bbox	3011	51.1	51.1	51.1	623,935,10,4	134.8	39.4862328	73.5854564	4440.9
3013	3013	1.794	стакан-марка-красная	14.3	3.5	корка-жёлтая-на-скале	1.050	53.3	-2.0	7.0	7.3	bbox	3012	152.2	152.2	152.2	1827,1027,8,9	134.8	39.4859618	73.5857918	4439.5
3014	3014	2.014	палка-ручка-контроль	12.2	36.8	корка-жёлтая-на-скале	0.981	20.8	-1.0	16.0	16.0	bbox	3013	333.4	333.4	333.4	466,1018,9,5	134.8	39.4860311	73.5856302	4439.6
3015	3015	1.409	палка-ручка-пробка	11.2	3.2	лишайник-жёлтый-на-камне	0.629	72.5	1.0	12.5	12.5	bbox	3014	61.1	61.1	61.1	1607,549,6,8	134.6	39.4862314	73.5854577	4440.9
3016	3016	1.537	стакан-марка-красная	1.4	42.7	порода-в-тени	1.579	7.1	10.0	0.0	10.0	bbox	3015	12.0	12.0	16.0	281,677,10,8	134.4	39.4862333	73.5854588	4440.9
3017	3017	1.747	палка-ручка-пробка	13.4	13.7	корка-жёлтая-на-скале	0.722	62.0	-1.0	11.0	11.0	bbox	3016	52.1	52.1	52.1	83,1041,10,9	134.4	39.4862329	73.5854561	4440.9
3018	3018	1.038	палка-ручка-пробка	8.2	3.5	лишайник-жёлтый-на-камне	1.543	79.2	13.0	21.0	24.7	bbox	3017	144.2	144.2	144.2	1297,693,15,5	134.4	39.4859819	73.5857156	4440.1
3019	3019	1.593	стакан-марка-красная	11.7	17.6	порода-охристая	0.562	32.2	15.0	12.0	19.2	bbox	3018	265.3	265.3	265.3	1155,27,14,10	134.4	39.4859539	73.5857892	4439.5
3020	3020	0.721	палка-ручка-пробка	4.5	12.8	лишайник-жёлтый-на-камне	0.294	62.9	3.0	19.0	19.2	bbox	3019	173.2	173.2	173.2	1307,81,8,6	134.0	39.4859632	73.5857881	4439.5
3021	3021	1.671	палка-ручка-контроль	12.0	20.3	корка-жёлтая-на-скале	0.517	37.3	-2.0	17.0	17.1	bbox	3020	338.4	338.4	338.4	257,965,5,10	133.9	39.4860319	73.5856296	4439.6
3022	3022	1.382	стакан-марка-красная	5.0	34.5	порода-охристая	1.176	15.3	14.0	5.0	14.9	bbox	3021	25.0	25.0	25.0	1864,252,5,13	133.8	39.4862334	73.5854584	4440.9
3023	3023	0.721	предмет-оранжевый	4.5	12.8	лишайник-жёлтый-на-камне	3.354	77.1	24.0	32.0	40.0	bbox	3022	66.1	66.1	66.1	203,461,4,10	133.7	39.4862300	73.5854581	4440.9
3024	3024	1.034	стакан-марка-красная	8.2	2.2	снег-в-тени	0.952	47.6	3.0	-1.0	3.2	bbox	3023	74.1	74.1	74.1	116,81,6,15	133.7	39.4862273	73.5854591	4440.9
3025	3025	1.332	стакан-марка-красная	10.2	10.8	порода-в-тени	0.763	39.0	1.0	-1.0	1.4	bbox	3024	345.4	345.4	345.4	1109,603,4,11	133.6	39.4860314	73.5856298	4439.6
3026	3026	1.324	стакан-марка-красная	10.2	10.0	порода-охристая	0.255	39.8	13.0	11.0	17.0	bbox	3025	73.1	73.1	73.1	553,545,8,10	133.5	39.4862275	73.5854588	4440.9
3027	3027	1.008	стакан-марка-красная	7.3	12.2	порода-в-тени	0.971	37.6	4.0	-1.0	4.1	bbox	3026	98.1	94.1	98.1	1118,945,11,8	133.4	39.4862226	73.5854596	4440.9
3028	3028	1.457	стакан-марка-красная	9.1	25.7	снег-розовый	0.261	75.5	2.0	0.0	2.0	bbox	3027	343.4	343.4	343.4	1859,59,12,6	133.3	39.4860316	73.5856295	4439.6
3029	3029	1.257	стакан-марка-красная	9.1	15.3	порода-в-тени	0.721	34.5	2.0	0.0	2.0	bbox	3028	65.1	65.1	65.1	1905,563,10,8	133.0	39.4862302	73.5854582	4440.9
3030	3030	1.758	стакан-марка-красная	12.2	24.7	порода-в-тени	0.542	25.1	-1.0	3.0	3.2	bbox	3029	177.2	177.2	177.2	1530,1017,8,17	132.8	39.4859636	73.5857883	4439.5
3031	3031	0.739	палка-ручка-пробка	5.8	3.3	лишайник-жёлтый-на-камне	0.275	72.4	2.0	18.0	18.1	bbox	3030	57.1	57.1	57.1	1413,1065,6,8	132.6	39.4862321	73.5854570	4440.9
3032	3032	1.613	стакан-марка-красная	11.2	22.6	снег-освещённый	0.350	72.4	0.0	-1.0	1.0	bbox	3031	156.2	156.2	156.2	1547,291,6,5	132.6	39.4859620	73.5857912	4439.5
3033	3033	1.194	палка-ручка-пробка	7.0	22.8	лишайник-жёлтый-на-камне	0.598	52.9	5.0	16.0	16.8	bbox	3032	58.1	55.1	58.1	1371,879,6,10	132.5	39.4862320	73.5854573	4440.9
3034	3034	1.891	стакан-марка-красная	14.8	11.6	корка-жёлтая-на-скале	1.031	61.4	-2.0	8.0	8.2	bbox	3033	119.2	119.2	119.2	243,1027,4,12	132.3	39.4862243	73.5854625	4440.9
3035	3035	1.111	палка-ручка-пробка	8.5	8.6	лишайник-жёлтый-на-камне	1.452	84.3	-3.0	26.0	26.2	bbox	3034	84.1	84.1	84.1	435,991,6,6	132.1	39.4862247	73.5854591	4440.9
3036	3036	1.634	стакан-марка-красная	1.4	45.5	порода-в-тени	1.649	4.3	10.0	2.0	10.2	bbox	3035	51.1	51.1	51.1	227,678,4,11	131.8	39.4862328	73.5854564	4440.9
3037	3037	1.782	стакан-марка-красная	13.9	10.6	порода-в-тени	1.103	39.2	-2.0	6.0	6.3	bbox	3036	80.1	80.1	80.1	24,915,11,5	131.7	39.4862254	73.5854596	4440.9
3038	3038	0.839	стакан-марка-красная	6.4	7.1	порода-охристая	0.815	42.7	7.0	6.0	9.2	bbox	3037	177.2	177.2	177.2	177,996,10,5	131.7	39.4859636	73.5857883	4439.5
3039	3039	0.210	палка-ручка-пробка	1.0	4.7	лишайник-жёлтый-на-камне	0.972	71.0	5.0	24.0	24.5	bbox	3038	144.2	144.2	144.2	265,790,7,11	131.6	39.4859819	73.5857156	4440.1
3040	3040	0.911	палка-ручка-пробка	6.4	12.2	лишайник-жёлтый-на-камне	1.033	63.5	10.0	19.0	21.5	bbox	3039	98.1	98.1	98.1	1489,731,8,7	131.5	39.4862226	73.5854596	4440.9
3041	3041	0.318	палка-ручка-пробка	2.0	5.5	лишайник-жёлтый-на-камне	0.779	70.2	3.0	23.0	23.2	bbox	3040	318.4	318.4	318.4	841,605,16,4	131.5	39.4860303	73.5856355	4439.5
3042	3042	1.202	стакан-марка-красная	9.1	10.6	порода-охристая	0.227	39.2	12.5	10.0	16.0	bbox	3041	194.2	194.2	194.2	1579,727,10,10	131.4	39.4859634	73.5857882	4439.5
3043	3043	1.600	стакан-марка-красная	7.3	36.9	порода-в-тени	0.796	12.9	4.0	-1.0	4.1	bbox	3042	65.1	65.1	66.1	597,531,8,6	131.3	39.4862302	73.5854582	4440.9
3044	3044	1.337	палка-ручка-пробка	10.6	4.1	лишайник-жёлтый-на-камне	0.757	79.8	-2.0	15.0	15.1	bbox	3043	141.2	141.2	141.2	1689,965,8,8	131.3	39.4860486	73.5855872	4440.8
3045	3045	1.892	стакан-марка-красная	14.4	16.1	корка-жёлтая-на-скале	0.998	65.9	-1.0	9.0	9.1	bbox	3044	221.3	221.3	221.3	129,1075,8,5	131.3	39.4859372	73.5857956	4439.5
3046	3046	1.251	палка-ручка-пробка	10.0	1.6	лишайник-жёлтый-на-камне	0.546	74.1	-1.0	15.0	15.0	bbox	3045	78.1	78.1	78.1	221,17,10,6	131.2	39.4862259	73.5854595	4440.9
3047	3047	0.638	стакан-марка-красная	5.1	1.0	порода-охристая	0.776	50.8	12.0	6.0	13.4	bbox	3046	109.1	109.1	109.1	423,19,10,6	131.0	39.4862224	73.5854627	4440.9
3048	3048	0.902	палка-ручка-пробка	7.2	0.8	лишайник-жёлтый-на-камне	0.358	74.9	1.0	17.0	17.0	bbox	3047	223.3	223.3	223.3	1601,657,12,10	131.0	39.4859375	73.5857958	4439.5
3049	3049	1.192	предмет-оранжевый	9.3	6.7	порода-охристая	2.048	57.6	17.5	25.0	30.5	bbox	3048	314.4	314.4	314.4	1597,603,7,8	130.9	39.4859971	73.5857640	4439.5
3050	3050	1.151	стакан-марка-красная	7.8	17.1	порода-охристая	0.825	32.7	16.0	7.0	17.5	bbox	3049	1.0	1.0	1.0	565,359,6,10	130.8	39.4862323	73.5854594	4440.9
3051	3051	0.522	палка-ручка-контроль	3.2	9.6	лишайник-жёлтый-на-камне	1.158	48.0	7.0	23.0	24.0	bbox	3050	318.4	318.4	318.4	1009,0,6,10	130.6	39.4860303	73.5856355	4439.5
3052	3052	0.982	палка-ручка-пробка	6.7	14.3	лишайник-жёлтый-на-камне	0.764	61.4	8.0	17.0	18.8	bbox	3051	22.0	22.0	22.0	1804,683,11,12	130.5	39.4862334	73.5854583	4440.9
3053	3053	1.044	стакан-марка-красная	1.0	29.0	порода-охристая	1.405	20.8	10.0	1.0	10.0	bbox	3052	0.0	0.0	1.0	501,385,6,8	130.4	39.4862320	73.5854596	4441.0
3054	3054	1.679	стакан-марка-красная	10.0	31.4	порода-в-тени	0.456	18.4	1.0	1.0	1.4	bbox	3053	263.3	263.3	263.3	1010,795,7,10	130.4	39.4859101	73.5858002	4439.5
3055	3055	1.674	стакан-марка-красная	9.8	31.8	порода-охристая	0.891	18.0	15.0	10.0	18.0	bbox	3054	105.1	105.1	105.1	1196,293,11,4	130.3	39.4862222	73.5854613	4440.9
3056	3056	1.399	стакан-марка-красная	11.2	1.6	снег-в-тени	0.884	51.4	0.0	-1.0	1.0	bbox	3055	152.2	152.2	152.2	1713,313,8,8	130.3	39.4859618	73.5857918	4439.5
3057	3057	1.762	рюкзак-синий	12.0	25.9	порода-в-тени	0.477	12.9	1.0	-2.0	2.2	bbox	3056	245.3	245.3	245.3	947,881,4,8	130.3	39.4859096	73.5858012	4439.5
3058	3058	0.535	палка-ручка-контроль	4.2	1.9	лишайник-жёлтый-на-камне	1.205	55.7	9.0	23.0	24.7	bbox	3057	323.4	323.4	323.4	1289,977,9,6	130.3	39.4860310	73.5856301	4439.5
3059	3059	0.928	стакан-марка-красная	5.0	19.2	порода-охристая	0.884	30.6	14.0	5.0	14.9	bbox	3058	264.3	263.3	264.3	1857,199,8,6	130.2	39.4859257	73.5857967	4439.5
3060	3060	1.422	стакан-марка-красная	6.7	32.2	снег-розовый	0.989	82.0	8.0	7.0	10.6	bbox	3059	31.0	31.0	31.0	945,595,6,7	130.1	39.4862337	73.5854577	4440.9
3061	3061	1.874	стакан-марка-красная	14.9	6.9	порода-в-тени	1.196	42.9	-3.0	6.0	6.7	bbox	3060	88.1	88.1	88.1	72,782,6,8	130.1	39.4862239	73.5854586	4440.9
3062	3062	1.375	стакан-марка-красная	10.4	12.2	порода-охристая	0.376	37.6	14.0	11.0	17.8	bbox	3061	72.1	72.1	72.1	817,46,4,11	130.0	39.4862278	73.5854587	4440.9
3063	3063	1.728	стакан-марка-красная	13.0	16.1	снег-розовый	0.895	65.9	0.0	8.0	8.0	bbox	3062	116.1	116.1	116.1	33,121,6,10	129.9	39.4862241	73.5854633	4440.9
3064	3064	1.635	палка-ручка-пробка	10.6	26.7	корка-жёлтая-на-скале	0.254	49.0	-2.0	15.0	15.1	bbox	3063	234.3	234.3	234.3	49,405,14,3	129.9	39.4859130	73.5857984	4439.5
3065	3065	0.962	палка-ручка-контроль	7.4	7.0	лишайник-жёлтый-на-камне	0.754	50.6	0.5	21.0	21.0	bbox	3064	342.4	340.4	342.4	1129,427,8,4	129.9	39.4860317	73.5856295	4439.6
3066	3066	0.969	палка-ручка-пробка	6.4	15.3	лишайник-жёлтый-на-камне	0.398	60.4	0.0	19.0	19.0	bbox	3065	141.2	141.2	141.2	813,841,7,8	129.8	39.4860486	73.5855872	4440.8
3067	3067	1.856	палка-древко-контроль	10.0	38.4	снег-пересвеченный	0.675	80.0	-8.0	-5.0	9.4	bbox	3066	1.0	0.0	1.0	1413,525,12,4	129.7	39.4862323	73.5854594	4440.9
3068	3068	1.748	стакан-марка-красная	13.9	5.7	корка-жёлтая-на-скале	0.926	55.5	-1.0	8.0	8.1	bbox	3067	155.2	155.2	155.2	673,281,8,8	129.7	39.4859618	73.5857911	4439.5
3069	3069	1.526	стакан-марка-красная	5.1	38.8	порода-в-тени	1.062	11.0	6.0	0.0	6.0	bbox	3068	60.1	60.1	60.1	1733,121,12,8	129.6	39.4862314	73.5854575	4440.9
3070	3070	1.795	стакан-марка-красная	13.5	17.4	порода-в-тени	0.976	32.4	-1.5	6.0	6.2	bbox	3069	20.0	20.0	20.0	834,1073,6,7	129.5	39.4862334	73.5854585	4440.9
3071	3071	0.897	предмет-оранжевый	5.1	17.7	лишайник-жёлтый-на-камне	2.643	82.0	15.0	33.0	36.2	bbox	3070	61.1	61.1	61.1	1011,116,9,7	129.5	39.4862314	73.5854577	4440.9
3072	3072	0.987	палка-ручка-пробка	6.1	17.6	лишайник-жёлтый-на-камне	1.233	93.3	-1.0	22.0	22.0	bbox	3071	15.0	12.0	15.0	881,187,6,14	129.2	39.4862336	73.5854588	4440.9
3073	3073	1.606	стакан-марка-красная	11.2	22.2	порода-в-тени	0.360	27.6	0.0	-1.0	1.0	bbox	3072	114.1	114.1	114.1	1571,553,6,6	129.2	39.4862238	73.5854635	4440.9
3074	3074	1.876	стакан-марка-красная	14.4	14.5	корка-жёлтая-на-скале	0.962	64.3	-1.0	9.0	9.1	bbox	3073	22.0	22.0	22.0	1259,995,14,4	129.1	39.4862334	73.5854583	4440.9
3075	3075	1.939	палка-ручка-пробка	13.9	24.1	корка-жёлтая-на-скале	0.575	51.6	-2.0	11.0	11.2	bbox	3074	1.0	1.0	1.0	1762,361,6,8	129.0	39.4862323	73.5854594	4440.9
3076	3076	1.803	палка-ручка-пробка	14.4	0.6	лишайник-жёлтый-на-камне	1.049	76.3	-3.0	11.0	11.4	bbox	3075	312.4	312.4	312.4	561,933,10,10	128.9	39.4859955	73.5857769	4439.6
3077	3077	1.462	стакан-марка-красная	3.4	39.2	порода-в-тени	1.485	10.6	9.5	-2.0	9.7	bbox	3076	129.2	129.2	129.2	1235,157,9,4	128.6	39.4862263	73.5854623	4440.9
3078	3078	2.060	рюкзак-синий	13.0	35.3	порода-в-тени	0.652	3.5	0.0	-1.0	1.0	bbox	3077	337.4	337.4	337.4	913,785,15,5	128.3	39.4860321	73.5856295	4439.6
3079	3079	1.371	палка-ручка-пробка	11.0	0.4	лишайник-жёлтый-на-камне	1.128	76.1	9.5	13.0	16.1	bbox	3078	336.4	335.4	336.4	1417,730,8,6	128.2	39.4860323	73.5856296	4439.6
3080	3080	1.092	палка-ручка-контроль	8.5	6.4	порода-охристая	1.612	51.2	14.0	23.0	26.9	bbox	3079	19.0	19.0	19.0	559,24,14,9	128.1	39.4862336	73.5854585	4440.9
3081	3081	1.587	палка-ручка-контроль	11.7	17.6	порода-охристая	1.288	40.0	16.0	20.0	25.6	bbox	3080	3.0	3.0	3.0	1169,281,8,8	127.9	39.4862326	73.5854594	4440.9
3082	3082	1.700	стакан-марка-красная	13.6	0.2	корка-жёлтая-на-скале	0.754	50.0	0.0	9.0	9.0	bbox	3081	22.0	22.0	22.0	355,803,12,4	127.9	39.4862334	73.5854583	4440.9
3083	3083	0.638	палка-ручка-пробка	5.0	3.5	лишайник-жёлтый-на-камне	1.272	72.2	10.0	23.0	25.1	bbox	3082	266.3	266.3	266.3	240,315,9,10	127.8	39.4859884	73.5857801	4439.5
3084	3084	1.605	стакан-марка-красная	3.6	43.1	порода-в-тени	1.433	6.7	8.0	3.0	8.5	bbox	3083	178.2	178.2	178.2	469,241,10,9	127.6	39.4859639	73.5857883	4439.5
3085	3085	2.028	стакан-марка-красная	14.8	23.5	снег-розовый	0.914	73.3	-2.0	8.0	8.2	bbox	3084	107.1	107.1	107.1	1668,922,13,7	127.4	39.4862223	73.5854621	4440.9
3086	3086	0.411	стакан-марка-красная	3.2	3.1	порода-охристая	1.222	46.7	8.0	2.0	8.2	bbox	3085	129.2	129.2	129.2	341,121,6,8	127.3	39.4862263	73.5854623	4440.9
3087	3087	1.211	стакан-марка-красная	5.8	27.1	снег-розовый	0.902	76.9	8.0	6.0	10.0	bbox	3086	139.2	139.2	139.2	347,806,11,7	127.2	39.4861135	73.5855151	4440.9
3088	3088	1.450	стакан-марка-красная	4.5	37.4	порода-охристая	1.454	12.4	15.0	3.0	15.3	bbox	3087	37.0	37.0	37.0	1911,179,6,12	127.1	39.4862336	73.5854575	4440.9
3089	3089	1.553	палка-ручка-контроль	8.1	33.1	порода-охристая	1.123	24.5	7.0	18.0	19.3	bbox	3088	51.1	51.1	56.1	17,995,4,8	127.1	39.4862328	73.5854564	4440.9
3090	3090	1.759	стакан-марка-красная	13.4	14.9	корка-жёлтая-на-скале	1.108	34.9	-1.0	7.0	7.1	bbox	3089	34.0	34.0	34.0	91,630,8,9	126.9	39.4862336	73.5854574	4440.9
3091	3091	0.337	палка-ручка-пробка	2.5	3.5	лишайник-жёлтый-на-камне	1.045	72.2	7.5	23.0	24.2	bbox	3090	95.1	95.1	95.1	1106,1045,7,6	126.9	39.4862229	73.5854593	4440.9
3092	3092	0.979	стакан-марка-красная	7.8	2.2	порода-охристая	1.031	47.6	5.0	6.0	7.8	bbox	3091	312.4	312.4	312.4	25,703,16,2	126.7	39.4859955	73.5857769	4439.6
3093	3093	1.305	стакан-марка-красная	8.9	18.8	порода-охристая	0.619	31.0	15.0	9.0	17.5	bbox	3092	266.3	265.3	266.3	68,445,13,4	126.5	39.4859884	73.5857801	4439.5
3094	3094	2.039	палка-ручка-контроль	13.5	32.3	корка-жёлтая-на-скале	0.896	25.3	-3.0	16.0	16.3	bbox	3093	341.4	341.4	341.4	1392,491,10,4	126.3	39.4860316	73.5856296	4439.6
3095	3095	2.098	стакан-марка-красная	13.9	32.9	корка-жёлтая-на-скале	1.301	16.9	0.0	9.5	9.5	bbox	3094	314.4	312.4	314.4	183,1011,10,8	126.2	39.4859971	73.5857640	4439.5
3096	3096	0.676	стакан-марка-красная	4.0	12.7	порода-охристая	0.752	37.1	11.0	5.0	12.1	bbox	3095	268.3	268.3	268.3	389,339,6,12	126.0	39.4860009	73.5857768	4439.5
3097	3097	1.069	палка-ручка-пробка	8.5	3.7	лишайник-жёлтый-на-камне	0.622	79.4	-1.0	17.0	17.0	bbox	3096	193.2	193.2	193.2	302,641,7,6	125.7	39.4859633	73.5857883	4439.5
3098	3098	2.122	стакан-марка-красная	12.6	39.6	снег-розовый	0.678	89.4	-1.0	5.0	5.1	bbox	3097	336.4	335.4	336.4	1878,890,9,7	125.6	39.4860323	73.5856296	4439.6
3099	3099	1.468	стакан-марка-красная	11.7	3.3	снег-розовый	1.200	46.5	0.0	5.0	5.0	bbox	3098	58.1	57.1	58.1	1790,1008,10,6	125.5	39.4862320	73.5854573	4440.9
3100	3100	1.140	палка-ручка-пробка	8.7	9.2	лишайник-жёлтый-на-камне	1.097	84.9	8.5	15.0	17.2	bbox	3099	340.4	340.4	340.4	312,567,5,8	125.5	39.4860316	73.5856298	4439.6
3101	3101	1.153	стакан-марка-красная	9.2	0.4	снег-в-тени	0.914	50.2	2.0	-1.0	2.2	bbox	3100	117.2	117.2	117.2	1715,697,11,8	125.3	39.4862243	73.5854631	4440.9
3102	3102	1.808	палка-ручка-контроль	14.2	9.4	порода-охристая	1.117	48.2	17.0	17.0	24.0	bbox	3101	34.0	34.0	34.0	1627,145,6,6	125.1	39.4862336	73.5854574	4440.9
3103	3103	1.560	стакан-марка-красная	6.3	37.7	снег-розовый	1.131	87.5	9.0	7.0	11.4	bbox	3102	235.3	235.3	235.3	1289,97,6,8	125.1	39.4859085	73.5857990	4439.5
3104	3104	1.250	стакан-марка-красная	3.0	33.3	порода-в-тени	1.296	16.5	8.0	1.5	8.1	bbox	3103	105.1	105.1	105.1	279,413,6,10	124.8	39.4862222	73.5854613	4440.9
3105	3105	0.998	палка-ручка-контроль	7.6	8.4	корка-жёлтая-на-скале	1.009	49.2	-1.0	23.0	23.0	bbox	3104	311.4	311.4	311.4	247,1057,8,7	124.7	39.4859958	73.5857767	4439.6
3106	3106	1.217	предмет-оранжевый	9.4	8.4	порода-охристая	2.640	55.9	25.0	26.0	36.1	bbox	3105	22.0	22.0	22.0	1371,15,4,8	124.5	39.4862334	73.5854583	4440.9
3107	3107	1.022	стакан-марка-красная	4.1	24.7	порода-в-тени	1.144	25.1	7.0	0.0	7.0	bbox	3106	110.1	110.1	111.1	717,289,8,6	124.5	39.4862227	73.5854627	4440.9
3108	3108	1.657	палка-ручка-пробка	12.0	19.4	порода-охристая	0.893	56.3	14.0	15.0	20.5	bbox	3107	135.2	135.2	135.2	164,1011,9,14	124.5	39.4862226	73.5854620	4440.9
3109	3109	2.178	стакан-марка-красная	10.0	49.8	снег-освещённый	0.717	99.6	1.0	0.0	1.0	bbox	3108	320.4	320.4	320.4	1039,987,2,20	124.5	39.4860316	73.5856303	4439.6
3110	3110	1.461	предмет-оранжевый	9.5	23.9	порода-охристая	2.306	40.4	23.0	25.0	34.0	bbox	3109	142.2	142.2	142.2	1791,898,9,5	124.4	39.4860217	73.5856279	4440.7
3111	3111	1.402	стакан-марка-красная	3.0	37.8	порода-в-тени	1.310	12.0	8.0	1.0	8.1	bbox	3110	336.4	336.4	336.4	1625,103,10,6	124.4	39.4860323	73.5856296	4439.6
3112	3112	0.361	палка-ручка-пробка	2.5	5.1	лишайник-жёлтый-на-камне	1.252	80.8	7.0	24.5	25.5	bbox	3111	267.3	267.3	267.3	115,572,12,5	124.2	39.4859991	73.5857774	4439.5
3113	3113	1.042	палка-ручка-пробка	8.1	7.5	лишайник-жёлтый-на-камне	0.567	68.2	6.0	15.0	16.2	bbox	3112	61.1	59.1	61.1	1137,541,12,6	124.1	39.4862314	73.5854577	4440.9
3114	3114	1.078	стакан-марка-красная	4.2	26.3	снег-розовый	0.792	76.1	8.0	4.0	8.9	bbox	3113	320.4	320.4	320.4	1709,144,6,9	124.0	39.4860316	73.5856303	4439.6
3115	3115	1.796	стакан-марка-красная	14.3	4.1	корка-жёлтая-на-скале	1.034	45.7	-2.0	7.0	7.3	bbox	3114	265.3	265.3	265.3	161,821,8,8	123.8	39.4859539	73.5857892	4439.5
3116	3116	1.437	стакан-марка-красная	11.2	9.4	снег-освещённый	0.791	59.2	0.0	-1.0	1.0	bbox	3115	129.2	129.2	129.2	455,145,6,7	123.5	39.4862263	73.5854623	4440.9
3117	3117	1.011	стакан-марка-красная	7.1	13.7	порода-охристая	0.404	36.1	10.0	8.0	12.8	bbox	3116	155.2	153.2	155.2	619,922,11,5	123.4	39.4859618	73.5857911	4439.5
3118	3118	1.539	стакан-марка-красная	11.2	18.0	порода-в-тени	0.477	31.8	0.0	-1.0	1.0	bbox	3117	332.4	332.4	332.4	873,557,4,12	123.4	39.4860308	73.5856303	4439.6
3119	3119	1.752	палка-ручка-пробка	10.6	32.0	корка-жёлтая-на-скале	0.289	43.7	-2.0	15.0	15.1	bbox	3118	336.4	336.4	336.4	1513,922,12,5	123.4	39.4860323	73.5856296	4439.6
3120	3120	1.325	стакан-марка-красная	3.6	34.9	порода-в-тени	1.265	14.9	8.0	-1.0	8.1	bbox	3119	55.1	55.1	55.1	1041,357,7,8	123.3	39.4862325	73.5854564	4440.9
3121	3121	1.211	палка-ручка-пробка	9.2	10.4	лишайник-жёлтый-на-камне	1.035	86.1	7.0	14.0	15.7	bbox	3120	37.0	37.0	37.0	1585,247,10,4	123.2	39.4862336	73.5854575	4440.9
3122	3122	1.390	стакан-марка-красная	5.8	33.1	порода-охристая	1.065	16.7	14.0	6.0	15.2	bbox	3121	80.1	80.1	80.1	1669,745,7,12	123.0	39.4862254	73.5854596	4440.9
3123	3123	2.203	стакан-марка-красная	13.6	39.2	порода-в-тени	0.828	10.6	-2.0	5.0	5.4	bbox	3122	84.1	84.1	84.1	1019,1048,10,9	123.0	39.4862247	73.5854591	4440.9
3124	3124	1.271	стакан-марка-красная	5.0	31.0	порода-в-тени	1.133	18.8	7.0	-2.0	7.3	bbox	3123	338.4	338.4	338.4	545,577,6,6	123.0	39.4860319	73.5856296	4439.6
3125	3125	2.396	предмет-оранжевый	14.9	42.3	порода-охристая	2.162	22.0	25.0	20.0	32.0	bbox	3124	16.0	16.0	16.0	1271,195,2,20	122.9	39.4862336	73.5854587	4440.9
3126	3126	0.476	стакан-марка-красная	3.2	7.4	снег-в-тени	1.428	42.4	8.0	0.0	8.0	bbox	3125	343.4	341.4	347.4	1785,0,8,5	122.8	39.4860316	73.5856295	4439.6
3127	3127	0.746	предмет-оранжевый	5.0	11.4	лишайник-жёлтый-на-камне	3.594	75.7	25.0	34.0	42.2	bbox	3126	66.1	66.1	66.1	33,51,6,7	122.5	39.4862300	73.5854581	4440.9
3128	3128	1.719	стакан-марка-красная	13.6	7.1	корка-жёлтая-на-скале	0.817	56.9	0.0	9.0	9.0	bbox	3127	53.1	53.1	53.1	1716,947,11,4	122.4	39.4862328	73.5854563	4440.9
3129	3129	1.627	стакан-марка-красная	11.4	22.0	снег-розовый	0.410	71.8	0.0	4.0	4.0	bbox	3128	223.3	223.3	223.3	641,637,8,4	122.4	39.4859375	73.5857958	4439.5
3130	3130	1.917	палка-ручка-пробка	14.8	14.5	снег-розовый	1.205	90.2	-2.0	10.0	10.2	bbox	3129	65.1	65.1	65.1	609,873,10,6	122.3	39.4862302	73.5854582	4440.9
3131	3131	1.172	стакан-марка-красная	8.5	13.5	порода-в-тени	0.853	36.3	3.0	-2.0	3.6	bbox	3130	54.1	54.1	54.1	1800,214,7,8	122.2	39.4862327	73.5854565	4440.9
3132	3132	1.160	стакан-марка-красная	6.1	24.5	снег-розовый	1.185	74.3	10.0	7.0	12.2	bbox	3131	141.2	141.2	141.2	487,536,10,11	122.2	39.4860486	73.5855872	4440.8
3133	3133	1.390	стакан-марка-красная	7.3	29.4	снег-розовый	1.154	79.2	9.0	8.0	12.0	bbox	3132	345.4	345.4	345.4	533,809,10,5	122.1	39.4860314	73.5856298	4439.6
3134	3134	0.801	стакан-марка-красная	6.4	0.4	порода-охристая	0.904	50.2	15.0	6.0	16.2	bbox	3133	54.1	54.1	54.1	961,681,6,6	122.0	39.4862327	73.5854565	4440.9
3135	3135	1.893	стакан-марка-красная	14.3	17.3	снег-розовый	0.885	67.1	-2.0	7.0	7.3	bbox	3134	269.3	269.3	269.3	1917,1042,3,16	122.0	39.4860011	73.5857770	4439.5
3136	3136	0.968	палка-ручка-пробка	7.6	4.9	лишайник-жёлтый-на-камне	0.226	70.8	2.0	16.0	16.1	bbox	3135	65.1	65.1	65.1	913,833,8,6	121.9	39.4862302	73.5854582	4440.9
3137	3137	1.501	палка-ручка-пробка	10.4	21.0	лишайник-жёлтый-на-камне	1.215	96.7	-1.0	14.5	14.5	bbox	3136	143.2	143.2	143.2	119,551,8,14	121.8	39.4860000	73.5856715	4440.4
3138	3138	0.621	стакан-марка-красная	2.8	14.3	порода-охристая	1.036	35.5	9.0	3.0	9.5	bbox	3137	155.2	155.2	155.2	1839,226,8,7	121.8	39.4859618	73.5857911	4439.5
3139	3139	1.679	стакан-марка-красная	5.8	42.4	снег-розовый	1.041	92.2	8.0	6.0	10.0	bbox	3138	320.4	320.4	320.4	633,13,10,4	121.8	39.4860316	73.5856303	4439.6
3140	3140	1.745	стакан-марка-красная	12.3	23.1	порода-охристая	0.815	26.7	16.5	12.0	20.4	bbox	3139	85.1	85.1	85.1	1665,0,6,5	121.6	39.4862245	73.5854589	4440.9
3141	3141	1.121	стакан-марка-красная	8.2	12.3	порода-в-тени	0.873	37.5	3.0	-1.0	3.2	bbox	3140	84.1	84.1	84.1	641,601,4,8	121.5	39.4862247	73.5854591	4440.9
3142	3142	1.424	стакан-марка-красная	11.0	9.8	порода-в-тени	0.754	40.0	0.0	0.0	0.0	bbox	3141	219.3	219.3	219.3	1255,881,3,16	121.5	39.4859373	73.5857951	4439.5
3143	3143	0.396	стакан-марка-красная	3.2	0.8	порода-охристая	1.245	49.0	8.0	2.0	8.2	bbox	3142	119.2	119.2	119.2	1131,851,15,7	121.4	39.4862243	73.5854625	4440.9
3144	3144	1.941	стакан-марка-красная	14.8	16.9	снег-розовый	0.982	66.7	-2.0	8.0	8.2	bbox	3143	120.2	120.2	120.2	679,931,6,8	121.4	39.4862244	73.5854619	4440.9
3145	3145	1.792	стакан-марка-красная	13.4	17.6	порода-в-тени	1.092	32.2	-1.0	7.0	7.1	bbox	3144	155.2	155.2	155.2	71,993,4,8	121.4	39.4859618	73.5857911	4439.5
3146	3146	0.699	палка-ручка-пробка	5.6	0.4	лишайник-жёлтый-на-камне	0.993	75.3	-0.5	24.0	24.0	bbox	3145	332.4	332.4	332.4	1045,117,6,6	121.4	39.4860308	73.5856303	4439.6
3147	3147	1.234	палка-ручка-пробка	9.4	10.2	лишайник-жёлтый-на-камне	1.031	65.5	10.0	15.0	18.0	bbox	3146	346.4	346.4	346.4	993,1061,8,4	121.4	39.4860310	73.5856300	4439.6
3148	3148	1.145	стакан-марка-красная	2.5	30.8	порода-в-тени	1.350	19.0	8.5	1.5	8.6	bbox	3147	342.4	342.4	342.4	793,869,8,6	121.3	39.4860317	73.5856295	4439.6
3149	3149	1.073	стакан-марка-красная	6.4	20.0	снег-розовый	0.847	69.8	7.0	6.0	9.2	bbox	3148	320.4	320.4	320.4	0,197,7,10	121.2	39.4860316	73.5856303	4439.6
3150	3150	1.791	палка-ручка-пробка	14.3	1.6	лишайник-жёлтый-на-камне	1.040	77.3	-1.0	10.0	10.0	bbox	3149	35.0	35.0	35.0	67,547,4,10	120.8	39.4862336	73.5854577	4440.9
3151	3151	1.823	предмет-оранжевый	12.4	27.0	порода-охристая	2.035	37.3	23.0	22.0	31.8	bbox	3150	141.2	141.2	141.2	1402,348,15,5	120.8	39.4860486	73.5855872	4440.8
3152	3152	1.135	палка-ручка-контроль	7.8	16.2	корка-жёлтая-на-скале	0.784	41.4	0.0	21.0	21.0	bbox	3151	84.1	84.1	84.1	1915,617,5,8	120.4	39.4862247	73.5854591	4440.9
3153	3153	0.374	палка-ручка-пробка	1.4	9.2	лишайник-жёлтый-на-камне	1.008	66.5	6.0	24.0	24.7	bbox	3152	263.3	263.3	263.3	1257,451,6,6	120.4	39.4859101	73.5858002	4439.5
3154	3154	1.282	стакан-марка-красная	10.2	3.9	порода-охристая	0.602	53.7	9.0	11.0	14.2	bbox	3153	153.2	153.2	153.2	860,467,6,10	120.3	39.4859619	73.5857916	4439.4
3155	3155	1.937	стакан-марка-красная	14.8	16.5	снег-розовый	0.988	66.3	-2.0	8.0	8.2	bbox	3154	53.1	53.1	53.1	1463,872,6,7	120.1	39.4862328	73.5854563	4440.9
3156	3156	2.016	палка-ручка-контроль	14.8	22.7	корка-жёлтая-на-скале	0.539	34.9	-1.0	13.0	13.0	bbox	3155	311.4	311.4	311.4	1261,1073,10,7	120.1	39.4859958	73.5857767	4439.6
3157	3157	1.310	палка-ручка-пробка	10.2	8.4	лишайник-жёлтый-на-камне	0.841	84.1	3.0	13.0	13.3	bbox	3156	66.1	66.1	66.1	1089,883,8,4	120.0	39.4862300	73.5854581	4440.9
3158	3158	1.539	стакан-марка-красная	5.1	39.2	порода-в-тени	1.067	10.6	6.0	0.0	6.0	bbox	3157	151.2	151.2	151.2	847,57,6,8	120.0	39.4859618	73.5857922	4439.5
3159	3159	1.220	стакан-марка-красная	4.1	31.0	порода-в-тени	1.187	18.8	7.0	2.0	7.3	bbox	3158	169.2	169.2	169.2	601,943,8,6	120.0	39.4859630	73.5857889	4439.5
3160	3160	0.489	стакан-марка-красная	1.8	12.2	порода-охристая	1.070	37.6	10.0	2.5	10.3	bbox	3159	151.2	151.2	151.2	537,31,8,6	119.9	39.4859618	73.5857922	4439.5
3161	3161	1.717	палка-ручка-пробка	11.3	27.3	корка-жёлтая-на-скале	0.376	48.4	-3.0	15.0	15.3	bbox	3160	344.4	344.4	344.4	1057,571,8,6	119.9	39.4860316	73.5856296	4439.6
3162	3162	1.398	стакан-марка-красная	11.2	1.4	снег-в-тени	0.883	51.2	0.0	-1.0	1.0	bbox	3161	129.2	129.2	129.2	947,163,4,8	119.7	39.4862263	73.5854623	4440.9
3163	3163	1.405	стакан-марка-красная	11.0	7.3	порода-охристая	0.231	42.5	10.0	12.0	15.6	bbox	3162	84.1	84.1	84.1	153,853,10,8	119.6	39.4862247	73.5854591	4440.9
3164	3164	1.563	стакан-марка-красная	4.2	41.2	порода-в-тени	1.325	8.6	8.0	-2.0	8.2	bbox	3163	320.4	320.4	320.4	761,407,8,9	119.4	39.4860316	73.5856303	4439.6
3165	3165	0.916	палка-ручка-пробка	7.2	5.5	лишайник-жёлтый-на-камне	0.938	81.2	8.0	16.5	18.3	bbox	3164	343.4	343.4	343.4	1757,324,4,11	119.4	39.4860316	73.5856295	4439.6
3166	3166	1.845	стакан-марка-красная	12.2	29.2	порода-охристая	0.831	20.6	15.0	12.5	19.5	bbox	3165	85.1	85.1	85.1	1111,150,6,8	119.3	39.4862245	73.5854589	4440.9
3167	3167	0.828	предмет-оранжевый	5.8	11.0	лишайник-жёлтый-на-камне	2.414	75.3	15.0	31.0	34.4	bbox	3166	146.2	142.2	146.2	977,947,6,8	119.3	39.4859634	73.5857865	4439.5
3168	3168	0.306	палка-ручка-контроль	2.2	3.5	лишайник-жёлтый-на-камне	1.150	54.1	7.0	24.0	25.0	bbox	3167	141.2	141.2	141.2	93,1010,10,5	119.2	39.4860486	73.5855872	4440.8
3169	3169	1.604	стакан-марка-красная	12.8	2.7	корка-жёлтая-на-скале	0.779	52.5	1.0	9.0	9.1	bbox	3168	59.1	56.1	59.1	1623,433,10,6	119.1	39.4862316	73.5854573	4440.9
3170	3170	1.009	предмет-оранжевый	6.7	15.7	лишайник-жёлтый-на-камне	2.362	80.0	14.0	31.0	34.0	bbox	3169	143.2	143.2	143.2	1857,581,9,6	119.0	39.4860000	73.5856715	4440.4
3171	3171	1.570	рюкзак-синий	12.2	11.0	порода-в-тени	0.319	27.8	-1.0	-2.0	2.2	bbox	3170	332.4	332.4	332.4	1026,883,4,13	118.9	39.4860308	73.5856303	4439.6
3172	3172	1.037	палка-ручка-пробка	8.1	6.7	лишайник-жёлтый-на-камне	0.980	82.4	8.0	15.5	17.4	bbox	3171	22.0	22.0	22.0	1805,7,6,8	118.8	39.4862334	73.5854583	4440.9
3173	3173	0.786	стакан-марка-красная	3.6	18.0	порода-в-тени	1.314	31.8	8.0	-1.0	8.1	bbox	3172	2.0	2.0	2.0	1361,988,8,5	118.6	39.4862325	73.5854593	4441.0
3174	3174	2.060	стакан-марка-красная	11.0	42.9	порода-в-тени	0.599	6.9	0.0	1.0	1.0	bbox	3173	158.2	158.2	158.2	1161,658,4,15	118.6	39.4859625	73.5857916	4439.5
3175	3175	2.118	стакан-марка-красная	13.0	38.0	снег-розовый	0.724	87.8	-1.0	6.0	6.1	bbox	3174	332.4	332.4	332.4	1134,40,6,9	118.5	39.4860308	73.5856303	4439.6
3176	3176	1.905	стакан-марка-красная	14.9	11.8	порода-охристая	0.800	38.0	16.0	15.0	21.9	bbox	3175	37.0	37.0	37.0	1683,1065,7,7	118.3	39.4862336	73.5854575	4440.9
3177	3177	1.946	стакан-марка-красная	15.4	7.1	порода-охристая	0.967	42.7	17.5	15.0	23.0	bbox	3176	35.0	35.0	35.0	907,127,5,8	118.1	39.4862336	73.5854577	4440.9
3178	3178	0.597	палка-ручка-пробка	4.1	8.4	лишайник-жёлтый-на-камне	0.640	67.3	1.0	22.0	22.0	bbox	3177	343.4	343.4	343.4	481,565,7,6	118.0	39.4860316	73.5856295	4439.6
3179	3179	0.917	стакан-марка-красная	6.4	12.5	порода-охристая	0.801	37.3	7.0	6.0	9.2	bbox	3178	344.4	344.4	344.4	802,929,11,8	117.7	39.4860316	73.5856296	4439.6
3180	3180	0.584	палка-ручка-контроль	4.2	6.8	лишайник-жёлтый-на-камне	1.267	50.8	9.0	23.0	24.7	bbox	3179	33.0	33.0	33.0	1489,481,6,7	117.6	39.4862336	73.5854573	4440.9
3181	3181	2.013	стакан-марка-красная	15.9	7.8	корка-жёлтая-на-скале	0.501	42.0	-1.0	11.5	11.5	bbox	3180	219.3	219.3	219.3	225,657,6,6	117.5	39.4859373	73.5857951	4439.5
3182	3182	1.337	стакан-марка-красная	6.1	30.8	порода-в-тени	0.885	19.0	5.0	0.0	5.0	bbox	3181	110.1	110.1	110.1	929,13,6,8	117.4	39.4862227	73.5854627	4440.9
3183	3183	1.450	стакан-марка-красная	11.2	10.8	порода-в-тени	0.710	39.0	0.0	-1.0	1.0	bbox	3182	337.4	337.4	338.4	273,963,7,8	117.4	39.4860321	73.5856295	4439.6
3184	3184	1.443	палка-ручка-пробка	9.2	24.3	корка-жёлтая-на-скале	0.218	51.4	-1.0	16.0	16.0	bbox	3183	341.4	341.4	341.4	475,516,6,11	117.4	39.4860316	73.5856296	4439.6
3185	3185	0.948	стакан-марка-красная	7.1	9.6	снег-розовый	0.696	59.4	4.0	2.0	4.5	bbox	3184	140.2	140.2	140.2	1067,1074,15,6	117.2	39.4860803	73.5855491	4440.9
3186	3186	0.614	палка-ручка-контроль	4.5	7.1	лишайник-жёлтый-на-камне	1.329	64.7	10.0	24.0	26.0	bbox	3185	269.3	269.3	269.3	127,162,10,5	117.2	39.4860011	73.5857770	4439.5
3187	3187	1.344	стакан-марка-красная	5.0	33.3	порода-охристая	1.276	16.5	15.0	4.0	15.5	bbox	3186	1.0	1.0	1.0	353,384,8,5	117.0	39.4862323	73.5854594	4440.9
3188	3188	1.373	стакан-марка-красная	4.6	34.9	порода-охристая	1.289	14.9	14.5	4.0	15.0	bbox	3187	320.4	320.4	320.4	1913,101,7,4	117.0	39.4860316	73.5856303	4439.6
3189	3189	1.306	палка-ручка-пробка	8.6	21.0	лишайник-жёлтый-на-камне	0.556	54.7	4.0	14.5	15.0	bbox	3188	18.0	18.0	18.0	617,929,12,7	116.9	39.4862337	73.5854586	4440.9
3190	3190	1.509	рюкзак-синий	12.0	3.1	порода-в-тени	0.613	35.7	0.0	-2.0	2.0	bbox	3189	106.1	106.1	106.1	97,915,8,6	116.9	39.4862223	73.5854618	4440.9
3191	3191	1.321	стакан-марка-красная	7.2	27.1	порода-охристая	0.901	22.7	7.0	7.0	9.9	bbox	3190	220.3	220.3	221.3	505,465,8,6	116.9	39.4859372	73.5857952	4439.5
3192	3192	1.824	стакан-марка-красная	12.6	25.5	порода-охристая	0.752	24.3	15.0	13.0	19.8	bbox	3191	86.1	86.1	86.1	1416,921,9,8	116.8	39.4862243	73.5854588	4440.9
3193	3193	1.569	рюкзак-синий	11.2	20.0	порода-в-тени	0.285	18.8	-1.0	-3.0	3.2	bbox	3192	347.4	347.4	347.4	881,81,5,8	116.8	39.4860308	73.5856299	4439.6
3194	3194	1.109	палка-ручка-пробка	8.8	2.3	лишайник-жёлтый-на-камне	0.587	78.0	-1.0	16.5	16.5	bbox	3193	91.1	91.1	91.1	1041,373,6,6	116.7	39.4862233	73.5854590	4440.9
3195	3195	1.547	предмет-оранжевый	11.0	19.8	порода-охристая	3.863	44.5	31.0	34.5	46.4	bbox	3194	12.0	12.0	12.0	1235,39,8,6	116.6	39.4862333	73.5854588	4440.9
3196	3196	1.429	палка-ручка-пробка	11.4	2.8	лишайник-жёлтый-на-камне	1.012	72.9	8.0	12.0	14.4	bbox	3195	193.2	193.2	193.2	1691,395,6,6	116.5	39.4859633	73.5857883	4439.5
3197	3197	1.110	палка-ручка-контроль	6.9	19.4	порода-охристая	1.443	38.2	12.0	22.5	25.5	bbox	3196	33.0	33.0	33.0	1473,724,8,6	116.4	39.4862336	73.5854573	4440.9
3198	3198	1.677	стакан-марка-красная	13.4	0.8	корка-жёлтая-на-скале	1.009	49.0	-1.0	7.0	7.1	bbox	3197	267.3	267.3	267.3	1086,1077,17,3	116.4	39.4859991	73.5857774	4439.5
3199	3199	1.889	рюкзак-синий	12.0	31.9	порода-в-тени	0.558	6.9	0.0	-2.0	2.0	bbox	3198	156.2	153.2	156.2	909,489,10,8	116.3	39.4859620	73.5857912	4439.5
3200	3200	1.883	стакан-марка-красная	13.9	20.4	снег-розовый	0.879	70.2	-1.0	8.0	8.1	bbox	3199	55.1	55.1	55.1	1699,869,4,10	116.0	39.4862325	73.5854564	4440.9
3201	3201	1.521	стакан-марка-красная	12.2	0.8	снег-розовый	1.095	49.0	-1.0	3.0	3.2	bbox	3200	60.1	60.1	60.1	1673,983,6,7	116.0	39.4862314	73.5854575	4440.9
3202	3202	1.493	палка-ручка-пробка	11.2	14.7	порода-охристая	1.291	61.0	15.0	18.0	23.4	bbox	3201	88.1	88.1	88.1	1187,203,6,10	116.0	39.4862239	73.5854586	4440.9
3203	3203	1.511	стакан-марка-красная	3.6	40.4	порода-в-тени	1.310	9.4	8.0	-1.0	8.1	bbox	3202	158.2	158.2	158.2	379,23,6,8	115.9	39.4859625	73.5857916	4439.5
3204	3204	1.115	стакан-марка-красная	7.3	18.0	порода-охристая	0.509	31.8	9.0	8.0	12.0	bbox	3203	225.3	225.3	225.3	379,347,8,8	115.6	39.4859383	73.5857959	4439.5
3205	3205	1.392	стакан-марка-красная	10.2	15.7	снег-розовый	0.586	65.5	1.0	-1.0	1.4	bbox	3204	112.1	112.1	112.1	1255,475,8,6	115.5	39.4862233	73.5854628	4440.9
3206	3206	1.418	палка-ручка-пробка	11.1	8.2	лишайник-жёлтый-на-камне	0.875	83.9	-1.5	14.0	14.1	bbox	3205	54.1	54.1	54.1	1428,731,9,4	115.4	39.4862327	73.5854565	4440.9
3207	3207	1.710	стакан-марка-красная	13.3	10.6	порода-в-тени	0.918	39.2	-2.0	4.0	4.5	bbox	3206	56.1	56.1	56.1	1633,125,4,10	115.3	39.4862324	73.5854565	4440.9
3208	3208	1.645	стакан-марка-красная	6.3	40.4	порода-охристая	1.623	9.4	17.0	3.0	17.3	bbox	3207	141.2	141.2	141.2	385,547,6,10	115.1	39.4860486	73.5855872	4440.8
3209	3209	1.546	стакан-марка-красная	4.3	40.6	порода-в-тени	1.254	9.2	7.5	-1.5	7.6	bbox	3208	162.2	162.2	162.2	1259,91,6,8	115.1	39.4859631	73.5857908	4439.5
3210	3210	1.919	палка-ручка-контроль	14.4	18.4	корка-жёлтая-на-скале	0.415	39.2	-2.0	14.0	14.1	bbox	3209	313.4	313.4	313.4	1593,973,6,10	115.1	39.4859951	73.5857759	4439.5
3211	3211	1.068	стакан-марка-красная	7.6	13.5	порода-охристая	0.536	36.3	8.0	8.0	11.3	bbox	3210	154.2	154.2	154.2	713,229,8,6	115.0	39.4859617	73.5857913	4439.5
3212	3212	1.305	палка-ручка-пробка	9.9	11.6	лишайник-жёлтый-на-камне	0.518	64.1	-2.0	16.0	16.1	bbox	3211	266.3	266.3	266.3	177,1019,10,6	115.0	39.4859884	73.5857801	4439.5
3213	3213	2.101	стакан-марка-красная	11.2	43.9	снег-освещённый	0.494	93.7	0.0	-1.0	1.0	bbox	3212	123.2	123.2	123.2	915,19,10,6	114.9	39.4862249	73.5854612	4440.9
3214	3214	1.265	стакан-марка-красная	10.0	6.3	снег-в-тени	0.788	43.5	1.5	-2.0	2.5	bbox	3213	3.0	3.0	3.0	1777,67,6,8	114.5	39.4862326	73.5854594	4440.9
3215	3215	1.857	стакан-марка-красная	13.4	22.4	снег-розовый	0.754	72.2	-1.0	7.0	7.1	bbox	3214	112.1	112.1	112.1	1811,659,12,4	114.4	39.4862233	73.5854628	4440.9
3216	3216	1.460	палка-ручка-пробка	9.2	25.1	корка-жёлтая-на-скале	0.367	50.6	-2.0	17.0	17.1	bbox	3215	341.4	341.4	342.4	267,699,10,4	114.2	39.4860316	73.5856296	4439.6
3217	3217	1.611	стакан-марка-красная	11.0	23.5	порода-в-тени	0.411	26.3	0.0	1.0	1.0	bbox	3216	245.3	245.3	245.3	1147,401,6,12	114.1	39.4859096	73.5858012	4439.5
3218	3218	1.401	стакан-марка-красная	11.2	2.7	снег-в-тени	0.891	52.5	0.0	-1.0	1.0	bbox	3217	159.2	159.2	159.2	678,241,8,10	113.6	39.4859626	73.5857915	4439.5
3219	3219	1.230	предмет-оранжевый	7.8	21.2	порода-охристая	2.382	43.1	22.0	26.5	34.4	bbox	3218	140.2	140.2	140.2	1138,18,7,8	113.5	39.4860803	73.5855491	4440.9
3220	3220	1.056	палка-ручка-контроль	8.3	5.1	лишайник-жёлтый-на-камне	0.529	52.5	1.5	19.0	19.1	bbox	3219	313.4	313.4	313.4	133,955,2,20	113.4	39.4859951	73.5857759	4439.5
3221	3221	1.891	палка-ручка-контроль	10.8	37.0	корка-жёлтая-на-скале	1.003	20.6	0.0	17.0	17.0	bbox	3220	336.4	336.4	336.4	1435,993,6,6	113.4	39.4860323	73.5856296	4439.6
3222	3222	1.402	предмет-оранжевый	10.7	11.4	порода-охристая	2.486	52.9	25.0	24.5	35.0	bbox	3221	146.2	146.2	146.2	217,579,10,6	113.3	39.4859634	73.5857865	4439.5
3223	3223	1.638	палка-ручка-пробка	13.0	4.7	порода-охристая	1.461	71.0	16.0	16.0	22.6	bbox	3222	314.4	314.4	314.4	1457,28,4,11	113.2	39.4859971	73.5857640	4439.5
3224	3224	1.039	палка-ручка-пробка	8.2	3.5	лишайник-жёлтый-на-камне	0.714	72.2	7.0	15.0	16.6	bbox	3223	347.4	346.4	347.4	1129,549,8,5	112.9	39.4860308	73.5856299	4439.6
3225	3225	0.804	стакан-марка-красная	5.4	12.2	снег-розовый	1.032	62.0	8.0	5.5	9.7	bbox	3224	319.4	319.4	319.4	1557,155,6,8	112.8	39.4860315	73.5856313	4439.6
3226	3226	1.315	палка-ручка-пробка	10.5	2.3	лишайник-жёлтый-на-камне	1.900	78.0	15.5	23.0	27.7	bbox	3225	314.4	314.4	314.4	1081,31,2,18	112.6	39.4859971	73.5857640	4439.5
3227	3227	2.077	стакан-марка-красная	13.4	34.3	снег-розовый	0.765	84.1	-1.0	7.0	7.1	bbox	3226	57.1	57.1	59.1	1225,969,8,6	112.4	39.4862321	73.5854570	4440.9
3228	3228	0.776	стакан-марка-красная	3.0	19.0	порода-в-тени	1.328	30.8	8.0	1.0	8.1	bbox	3227	321.4	321.4	321.4	1142,375,9,4	112.4	39.4860312	73.5856303	4439.5
3229	3229	1.134	стакан-марка-красная	7.6	17.3	порода-охристая	0.570	32.5	8.0	8.0	11.3	bbox	3228	226.3	226.3	226.3	702,513,6,8	112.2	39.4859384	73.5857959	4439.5
3230	3230	1.281	палка-ручка-пробка	10.0	7.0	лишайник-жёлтый-на-камне	1.946	82.7	15.0	24.0	28.3	bbox	3229	7.0	7.0	7.0	1073,116,9,7	112.1	39.4862327	73.5854586	4440.9
3231	3231	1.731	палка-ручка-пробка	13.4	12.0	корка-жёлтая-на-скале	0.768	63.7	-1.0	11.0	11.0	bbox	3230	56.1	56.1	56.1	1801,331,8,4	112.0	39.4862324	73.5854565	4440.9
3232	3232	0.731	стакан-марка-красная	5.8	1.4	порода-охристая	0.860	51.2	8.0	6.0	10.0	bbox	3231	112.1	112.1	112.1	1189,395,10,4	112.0	39.4862233	73.5854628	4440.9
3233	3233	0.907	стакан-марка-красная	3.0	23.1	порода-в-тени	1.294	26.7	8.0	1.0	8.1	bbox	3232	2.0	2.0	2.0	1640,539,13,5	111.6	39.4862325	73.5854593	4441.0
3234	3234	1.316	палка-ручка-контроль	8.2	22.9	порода-охристая	0.961	34.7	8.0	18.0	19.7	bbox	3233	223.3	223.3	223.3	1626,1017,7,6	111.6	39.4859375	73.5857958	4439.5
3235	3235	1.742	палка-ручка-пробка	13.9	1.4	лишайник-жёлтый-на-камне	0.963	74.3	0.0	10.0	10.0	bbox	3234	65.1	65.1	65.1	947,1063,6,6	111.1	39.4862302	73.5854582	4440.9
3236	3236	2.011	стакан-марка-красная	13.6	29.8	снег-розовый	0.786	79.6	-1.0	7.5	7.6	bbox	3235	111.1	111.1	111.1	77,89,8,8	110.9	39.4862227	73.5854626	4440.9
3237	3237	1.446	стакан-марка-красная	6.4	33.7	порода-охристая	1.130	16.1	15.0	6.0	16.2	bbox	3236	140.2	140.2	140.2	485,0,6,7	110.9	39.4860803	73.5855491	4440.9
3238	3238	1.815	стакан-марка-красная	13.0	22.3	корка-жёлтая-на-скале	1.137	27.5	0.0	8.0	8.0	bbox	3237	154.2	154.2	154.2	329,816,8,7	110.8	39.4859617	73.5857913	4439.5
3239	3239	1.442	стакан-марка-красная	2.5	39.4	порода-в-тени	1.481	10.4	9.5	-1.0	9.6	bbox	3238	334.4	334.4	334.4	207,455,8,4	110.3	39.4860314	73.5856301	4439.6
3240	3240	1.496	стакан-марка-красная	11.0	16.5	снег-розовый	0.492	66.3	0.0	1.0	1.0	bbox	3239	102.1	102.1	102.1	459,567,6,6	110.2	39.4862220	73.5854606	4440.9
3241	3241	1.559	рюкзак-синий	10.0	25.9	порода-в-тени	0.524	12.9	0.0	-4.0	4.0	bbox	3240	154.2	154.2	154.2	169,921,8,4	110.1	39.4859617	73.5857913	4439.5
3242	3242	0.806	стакан-марка-красная	6.1	7.3	порода-охристая	1.013	57.1	7.5	6.0	9.6	bbox	3241	13.0	13.0	13.0	284,888,8,9	110.0	39.4862335	73.5854589	4440.9
3243	3243	1.413	стакан-марка-красная	8.5	25.9	снег-розовый	1.154	75.7	8.0	9.0	12.0	bbox	3242	346.4	346.4	346.4	616,393,9,8	109.9	39.4860310	73.5856300	4439.6
3244	3244	1.879	стакан-марка-красная	14.8	9.8	корка-жёлтая-на-скале	1.003	59.6	-2.0	8.0	8.2	bbox	3243	27.0	27.0	27.0	28,687,5,10	109.7	39.4862337	73.5854586	4440.9
3245	3245	0.959	палка-ручка-пробка	7.4	6.7	лишайник-жёлтый-на-камне	0.655	82.4	0.0	17.5	17.5	bbox	3244	223.3	223.3	223.3	1718,577,11,8	109.7	39.4859375	73.5857958	4439.5
3246	3246	1.845	стакан-марка-красная	14.4	11.0	корка-жёлтая-на-скале	0.891	60.8	-1.0	9.0	9.1	bbox	3245	55.1	55.1	55.1	1895,1051,9,7	109.5	39.4862325	73.5854564	4440.9
3247	3247	0.920	палка-ручка-пробка	7.3	3.7	лишайник-жёлтый-на-камне	0.527	79.4	3.0	16.0	16.3	bbox	3246	94.1	93.1	94.1	953,235,8,4	109.3	39.4862228	73.5854593	4440.9
3248	3248	1.104	стакан-марка-красная	6.3	21.6	порода-охристая	0.667	28.2	13.0	7.0	14.8	bbox	3247	102.1	102.1	102.1	1341,789,8,6	109.1	39.4862220	73.5854606	4440.9
3249	3249	1.164	палка-ручка-пробка	7.1	21.2	корка-жёлтая-на-скале	0.445	54.5	0.0	18.0	18.0	bbox	3248	219.3	219.3	220.3	1393,451,8,6	109.0	39.4859373	73.5857951	4439.5
3250	3250	1.641	палка-ручка-пробка	12.2	16.9	корка-жёлтая-на-скале	0.529	58.8	-2.0	13.0	13.2	bbox	3249	265.3	265.3	265.3	1294,1052,11,7	108.9	39.4859539	73.5857892	4439.5
3251	3251	1.414	палка-ручка-контроль	10.8	12.1	корка-жёлтая-на-скале	0.291	45.5	2.0	16.0	16.1	bbox	3250	150.2	150.2	150.2	1099,460,6,6	108.8	39.4859619	73.5857924	4439.5
3252	3252	1.393	палка-ручка-пробка	11.1	3.5	лишайник-жёлтый-на-камне	0.623	72.2	-1.5	14.0	14.1	bbox	3251	348.4	348.4	348.4	1621,33,8,6	108.7	39.4860309	73.5856298	4439.6
3253	3253	1.111	стакан-марка-красная	8.6	7.8	порода-охристая	0.740	42.0	6.0	8.0	10.0	bbox	3252	226.3	226.3	226.3	561,201,4,8	108.6	39.4859384	73.5857959	4439.5
3254	3254	1.209	стакан-марка-красная	9.2	10.2	порода-охристая	1.009	39.6	4.0	7.0	8.1	bbox	3253	142.2	142.2	142.2	1626,713,5,9	108.5	39.4860217	73.5856279	4440.7
3255	3255	1.557	стакан-марка-красная	11.2	19.2	снег-освещённый	0.456	69.0	0.0	-1.0	1.0	bbox	3254	161.2	161.2	162.2	1831,360,10,5	108.4	39.4859630	73.5857910	4439.5
3256	3256	2.252	стакан-марка-красная	11.0	49.8	снег-освещённый	0.683	99.6	0.0	0.0	0.0	bbox	3255	35.0	35.0	35.0	1249,125,6,10	108.3	39.4862336	73.5854577	4440.9
3257	3257	1.828	стакан-марка-красная	12.6	25.7	порода-в-тени	0.772	24.1	-1.0	5.0	5.1	bbox	3256	114.1	114.1	114.1	1639,940,8,7	108.3	39.4862238	73.5854635	4440.9
3258	3258	1.740	палка-ручка-пробка	13.5	12.3	лишайник-жёлтый-на-камне	1.339	88.0	-6.5	16.0	17.3	bbox	3257	311.4	311.4	311.4	1839,297,10,8	108.0	39.4859958	73.5857767	4439.6
3259	3259	0.517	палка-ручка-пробка	2.2	12.2	лишайник-жёлтый-на-камне	0.711	63.5	6.0	21.0	21.8	bbox	3258	336.4	336.4	336.4	355,0,12,3	108.0	39.4860323	73.5856296	4439.6
3260	3260	1.938	стакан-марка-красная	12.6	31.4	порода-охристая	0.906	18.4	15.0	13.0	19.8	bbox	3259	312.4	312.4	312.4	1187,241,4,15	107.9	39.4859955	73.5857769	4439.6
3261	3261	0.954	стакан-марка-красная	3.6	23.5	снег-розовый	0.775	73.3	8.0	3.0	8.5	bbox	3260	269.3	269.3	269.3	97,297,8,9	107.6	39.4860011	73.5857770	4439.5
3262	3262	1.429	стакан-марка-красная	6.3	33.3	порода-в-тени	0.886	16.5	5.0	-1.0	5.1	bbox	3261	12.0	12.0	12.0	153,1075,8,5	107.2	39.4862333	73.5854588	4440.9
3263	3263	1.720	палка-ручка-контроль	12.8	17.6	корка-жёлтая-на-скале	0.395	40.0	-2.0	16.0	16.1	bbox	3262	2.0	2.0	2.0	1915,1027,5,6	107.1	39.4862325	73.5854593	4441.0
3264	3264	0.684	стакан-марка-красная	5.4	3.3	порода-охристая	0.732	46.5	13.0	6.0	14.3	bbox	3263	56.1	56.1	56.1	1677,521,6,8	107.1	39.4862324	73.5854565	4440.9
3265	3265	1.482	стакан-марка-красная	4.5	38.4	порода-в-тени	1.170	11.4	7.0	-1.0	7.1	bbox	3264	334.4	334.4	334.4	1385,139,14,6	107.1	39.4860314	73.5856301	4439.6
3266	3266	1.247	стакан-марка-красная	8.5	18.0	порода-в-тени	0.756	31.8	3.0	-2.0	3.6	bbox	3265	332.4	332.4	332.4	505,359,5,7	107.0	39.4860308	73.5856303	4439.6
3267	3267	1.834	стакан-марка-красная	11.7	31.0	порода-в-тени	0.793	18.8	0.0	5.0	5.0	bbox	3266	321.4	321.4	321.4	1235,171,12,3	106.8	39.4860312	73.5856303	4439.5
3268	3268	1.250	палка-ручка-пробка	8.2	19.8	лишайник-жёлтый-на-камне	0.756	55.9	7.0	15.0	16.6	bbox	3267	348.4	348.4	348.4	501,15,8,8	106.8	39.4860309	73.5856298	4439.6
3269	3269	0.663	стакан-марка-красная	5.1	5.1	снег-розовый	1.277	44.7	6.0	2.0	6.3	bbox	3268	146.2	146.2	146.2	1068,581,11,4	106.7	39.4859634	73.5857865	4439.5
3270	3270	0.516	палка-ручка-пробка	1.1	13.9	лишайник-жёлтый-на-камне	1.210	89.6	4.0	23.5	23.8	bbox	3269	60.1	60.1	60.1	769,433,4,15	106.6	39.4862314	73.5854575	4440.9
3271	3271	2.022	стакан-марка-красная	14.8	23.1	снег-розовый	0.917	72.9	-2.0	8.0	8.2	bbox	3270	332.4	332.4	332.4	1665,427,6,5	106.6	39.4860308	73.5856303	4439.6
3272	3272	1.063	стакан-марка-красная	8.5	0.8	порода-охристая	0.733	50.6	7.0	8.5	11.0	bbox	3271	193.2	193.2	193.2	1503,533,14,4	106.5	39.4859633	73.5857883	4439.5
3273	3273	1.521	палка-ручка-пробка	9.5	26.7	корка-жёлтая-на-скале	0.283	49.0	2.0	14.0	14.1	bbox	3272	265.3	265.3	265.3	1176,375,4,10	106.5	39.4859539	73.5857892	4439.5
3274	3274	1.532	палка-ручка-контроль	10.3	23.3	корка-жёлтая-на-скале	0.557	34.3	1.0	17.0	17.0	bbox	3273	140.2	140.2	140.2	1695,1009,6,8	106.1	39.4860803	73.5855491	4440.9
3275	3275	1.471	стакан-марка-красная	10.4	19.0	лишайник-жёлтый-на-камне	1.067	68.8	8.0	11.0	13.6	bbox	3274	226.3	226.3	226.3	131,297,8,4	106.0	39.4859384	73.5857959	4439.5
3276	3276	1.426	предмет-оранжевый	11.4	1.2	порода-охристая	3.644	63.1	31.0	31.0	43.8	bbox	3275	61.1	58.1	61.1	955,241,8,6	105.9	39.4862314	73.5854577	4440.9
3277	3277	1.816	предмет-оранжевый	13.6	17.8	порода-охристая	2.070	46.5	24.0	21.0	31.9	bbox	3276	146.2	146.2	146.2	1861,639,5,8	105.9	39.4859634	73.5857865	4439.5
3278	3278	1.266	рюкзак-синий	7.6	23.4	снег-в-тени	0.727	62.2	4.0	-7.0	8.1	bbox	3277	169.2	169.2	169.2	1689,193,12,3	105.8	39.4859630	73.5857889	4439.5
3279	3279	2.062	стакан-марка-красная	15.8	16.5	порода-охристая	1.548	66.3	20.0	14.0	24.4	bbox	3278	18.0	18.0	18.0	76,937,7,7	105.7	39.4862337	73.5854586	4440.9
3280	3280	1.152	стакан-марка-красная	6.8	21.8	порода-охристая	0.625	28.0	9.0	7.5	11.7	bbox	3279	155.2	155.2	155.2	262,539,9,4	105.3	39.4859618	73.5857911	4439.5
3281	3281	1.211	стакан-марка-красная	5.8	27.1	снег-розовый	0.902	76.9	8.0	6.0	10.0	bbox	3280	7.0	7.0	7.0	1231,1011,8,4	105.1	39.4862327	73.5854586	4440.9
3282	3282	0.671	стакан-марка-красная	4.3	11.4	порода-в-тени	1.298	38.4	7.0	-0.5	7.0	bbox	3281	2.0	2.0	2.0	1909,155,5,6	105.0	39.4862325	73.5854593	4441.0
3283	3283	0.874	стакан-марка-красная	5.8	13.5	порода-охристая	1.078	36.3	6.0	4.0	7.2	bbox	3282	169.2	169.2	169.2	1569,238,16,3	104.9	39.4859630	73.5857889	4439.5
3284	3284	1.540	стакан-марка-красная	7.2	35.1	порода-охристая	1.464	14.7	17.5	4.0	18.0	bbox	3283	1.0	1.0	1.0	417,195,6,8	104.4	39.4862323	73.5854594	4440.9
3285	3285	1.416	стакан-марка-красная	7.3	30.4	порода-охристая	0.814	19.4	13.0	8.0	15.3	bbox	3284	85.1	85.1	85.1	1621,499,6,7	104.4	39.4862245	73.5854589	4440.9
3286	3286	0.773	палка-ручка-пробка	5.0	12.7	лишайник-жёлтый-на-камне	1.397	88.4	1.0	26.0	26.0	bbox	3285	143.2	143.2	143.2	51,657,4,8	104.4	39.4860000	73.5856715	4440.4
3287	3287	1.202	стакан-марка-красная	6.4	25.1	снег-розовый	0.632	74.9	6.0	5.0	7.8	bbox	3286	333.4	333.4	335.4	1891,156,13,4	104.4	39.4860311	73.5856302	4439.6
3288	3288	1.551	палка-ручка-контроль	11.0	19.8	порода-охристая	0.707	37.8	7.0	15.0	16.6	bbox	3287	245.3	245.3	245.3	491,473,6,8	104.3	39.4859096	73.5858012	4439.5
3289	3289	1.685	стакан-марка-красная	13.4	4.7	корка-жёлтая-на-скале	1.012	45.1	-1.0	7.0	7.1	bbox	3288	335.4	335.4	335.4	1021,371,5,6	104.2	39.4860320	73.5856299	4439.6
3290	3290	1.896	стакан-марка-красная	14.8	12.2	корка-жёлтая-на-скале	0.980	37.6	-2.0	8.0	8.2	bbox	3289	34.0	34.0	34.0	22,970,7,5	104.1	39.4862336	73.5854574	4440.9
3291	3291	0.920	палка-ручка-пробка	7.3	3.7	лишайник-жёлтый-на-камне	1.366	72.0	12.0	21.0	24.2	bbox	3290	94.1	94.1	94.1	1009,987,6,4	104.1	39.4862228	73.5854593	4440.9
3292	3292	1.459	палка-ручка-пробка	10.6	16.9	корка-жёлтая-на-скале	0.558	58.8	-3.0	16.0	16.3	bbox	3291	1.0	1.0	1.0	127,787,6,6	103.9	39.4862323	73.5854594	4440.9
3293	3293	1.186	стакан-марка-красная	4.6	29.0	порода-охристая	1.094	20.8	14.0	4.5	14.7	bbox	3292	36.0	36.0	36.0	813,149,10,4	103.8	39.4862336	73.5854576	4440.9
3294	3294	1.921	стакан-марка-красная	14.2	20.4	порода-в-тени	0.660	29.4	-3.0	3.5	4.6	bbox	3293	90.1	90.1	93.1	1115,665,6,6	103.5	39.4862233	73.5854589	4440.9
3295	3295	1.705	стакан-марка-красная	13.6	3.7	снег-розовый	1.063	53.5	-2.0	5.0	5.4	bbox	3294	336.4	334.4	336.4	689,28,6,5	103.3	39.4860323	73.5856296	4439.6
3296	3296	1.371	стакан-марка-красная	10.4	11.8	порода-охристая	0.375	38.0	14.0	11.0	17.8	bbox	3295	103.1	103.1	103.1	1781,935,5,6	103.2	39.4862221	73.5854608	4440.9
3297	3297	1.402	стакан-марка-красная	10.0	17.4	порода-в-тени	0.582	32.4	1.0	0.0	1.0	bbox	3296	106.1	106.1	108.1	549,27,10,4	103.2	39.4862223	73.5854618	4440.9
3298	3298	0.574	стакан-марка-красная	4.1	7.1	снег-розовый	0.969	56.9	7.0	2.0	7.3	bbox	3297	142.2	142.2	142.2	1859,417,9,5	103.2	39.4860217	73.5856279	4440.7
3299	3299	1.378	стакан-марка-красная	3.6	36.5	порода-в-тени	1.275	13.3	8.0	-1.0	8.1	bbox	3298	341.4	341.4	341.4	637,894,6,12	103.2	39.4860316	73.5856296	4439.6
3300	3300	0.636	предмет-оранжевый	3.6	12.6	лишайник-жёлтый-на-камне	3.079	76.9	22.0	31.0	38.0	bbox	3299	65.1	65.1	65.1	699,249,10,6	103.1	39.4862302	73.5854582	4440.9
3301	3301	1.519	стакан-марка-красная	11.2	16.7	порода-в-тени	0.519	33.1	0.0	-1.0	1.0	bbox	3300	157.2	157.2	157.2	777,321,8,8	102.3	39.4859621	73.5857914	4439.5
3302	3302	0.828	палка-ручка-пробка	5.0	15.1	лишайник-жёлтый-на-камне	0.964	90.8	4.5	18.0	18.6	bbox	3301	65.1	65.1	65.1	849,521,5,8	102.2	39.4862302	73.5854582	4440.9
3303	3303	1.215	стакан-марка-красная	9.2	11.2	порода-охристая	0.616	38.6	6.5	9.0	11.1	bbox	3302	155.2	155.2	155.2	971,207,6,10	102.0	39.4859618	73.5857911	4439.5
3304	3304	1.322	палка-ручка-контроль	10.2	9.9	лишайник-жёлтый-на-камне	1.958	67.5	16.0	24.0	28.8	bbox	3303	62.1	62.1	62.1	105,737,4,8	101.9	39.4862310	73.5854577	4440.9
3305	3305	1.250	стакан-марка-красная	9.2	13.5	порода-в-тени	0.756	36.3	2.0	-1.0	2.2	bbox	3304	105.1	105.1	105.1	499,211,11,4	101.6	39.4862222	73.5854613	4440.9
3306	3306	1.896	стакан-марка-красная	14.8	12.2	корка-жёлтая-на-скале	0.980	37.6	-2.0	8.0	8.2	bbox	3305	153.2	153.2	153.2	1391,570,8,9	101.4	39.4859619	73.5857916	4439.4
3307	3307	1.413	предмет-оранжевый	7.6	29.4	порода-охристая	3.440	34.9	27.5	33.0	43.0	bbox	3306	66.1	66.1	66.1	235,193,4,13	101.2	39.4862300	73.5854581	4440.9
3308	3308	0.733	стакан-марка-красная	5.8	2.2	порода-охристая	0.875	52.0	8.0	6.0	10.0	bbox	3307	222.3	222.3	222.3	341,485,7,8	101.2	39.4859373	73.5857959	4439.5
3309	3309	0.859	палка-ручка-пробка	6.1	11.2	лишайник-жёлтый-на-камне	0.953	64.5	-1.0	24.0	24.0	bbox	3308	311.4	311.4	311.4	753,1035,8,4	100.8	39.4859958	73.5857767	4439.6
3310	3310	1.756	стакан-марка-красная	12.6	21.4	порода-в-тени	0.813	28.4	-1.0	5.0	5.1	bbox	3309	333.4	333.4	333.4	388,739,13,4	100.7	39.4860311	73.5856302	4439.6
3311	3311	1.991	стакан-марка-красная	15.8	6.7	корка-жёлтая-на-скале	0.693	43.1	-2.0	10.0	10.2	bbox	3310	160.2	160.2	160.2	1813,809,7,6	100.6	39.4859629	73.5857913	4439.4
3312	3312	1.086	палка-ручка-пробка	8.5	5.5	лишайник-жёлтый-на-камне	0.301	70.2	2.0	15.0	15.1	bbox	3311	163.2	163.2	163.2	1283,0,4,7	100.3	39.4859631	73.5857906	4439.5
3313	3313	1.705	стакан-марка-красная	13.4	8.6	корка-жёлтая-на-скале	1.035	41.2	-1.0	7.0	7.1	bbox	3312	160.2	160.2	160.2	99,1011,10,6	100.2	39.4859629	73.5857913	4439.4
3314	3314	1.405	стакан-марка-красная	6.7	31.6	снег-розовый	0.986	81.4	8.0	7.0	10.6	bbox	3313	335.4	335.4	335.4	1777,121,14,4	100.1	39.4860320	73.5856299	4439.6
3315	3315	1.190	палка-ручка-пробка	9.5	2.9	лишайник-жёлтый-на-камне	0.961	78.6	8.0	14.0	16.1	bbox	3314	347.4	347.4	347.4	1090,368,9,4	100.1	39.4860308	73.5856299	4439.6
3316	3316	1.564	палка-ручка-пробка	11.4	18.0	лишайник-жёлтый-на-камне	1.186	93.7	-2.0	14.0	14.1	bbox	3315	341.4	341.4	341.4	481,369,8,4	100.0	39.4860316	73.5856296	4439.6
3317	3317	1.983	палка-ручка-пробка	14.9	19.4	снег-розовый	1.104	95.1	0.0	9.0	9.0	bbox	3316	129.2	129.2	129.2	697,358,10,4	99.9	39.4862263	73.5854623	4440.9
3318	3318	1.235	палка-ручка-пробка	9.8	2.8	лишайник-жёлтый-на-камне	1.544	72.9	14.0	19.0	23.6	bbox	3317	314.4	314.4	314.4	71,495,8,6	99.6	39.4859971	73.5857640	4439.5
3319	3319	1.769	стакан-марка-красная	11.0	31.2	порода-в-тени	0.359	18.6	0.0	1.0	1.0	bbox	3318	92.1	92.1	92.1	1145,361,4,8	99.2	39.4862233	73.5854590	4440.9
3320	3320	2.017	предмет-оранжевый	16.1	2.2	порода-охристая	1.913	66.5	22.0	18.0	28.4	bbox	3319	143.2	143.2	143.2	1721,1057,16,2	98.8	39.4860000	73.5856715	4440.4
3321	3321	1.802	палка-ручка-пробка	10.8	33.3	корка-жёлтая-на-скале	0.263	42.4	-1.0	14.0	14.0	bbox	3320	265.3	265.3	265.3	75,529,6,8	98.8	39.4859539	73.5857892	4439.5
3322	3322	1.239	стакан-марка-красная	4.2	31.4	порода-охристая	1.189	18.4	14.0	4.0	14.6	bbox	3321	94.1	94.1	94.1	1044,745,5,12	98.7	39.4862228	73.5854593	4440.9
3323	3323	1.380	палка-ручка-контроль	11.0	4.5	порода-охристая	1.068	53.1	13.5	18.0	22.5	bbox	3322	332.4	332.4	332.4	1351,642,6,5	98.7	39.4860308	73.5856303	4439.6
3324	3324	1.502	палка-ручка-пробка	10.6	19.6	корка-жёлтая-на-скале	0.387	56.1	-2.0	15.0	15.1	bbox	3323	341.4	339.4	341.4	1331,435,7,7	98.6	39.4860316	73.5856296	4439.6
3325	3325	0.983	стакан-марка-красная	7.3	10.4	порода-в-тени	1.012	39.4	4.0	-1.0	4.1	bbox	3324	55.1	55.1	56.1	945,801,10,6	98.5	39.4862325	73.5854564	4440.9
3326	3326	1.906	стакан-марка-красная	15.2	2.5	корка-жёлтая-на-скале	1.068	47.3	-3.0	7.0	7.6	bbox	3325	92.1	91.1	92.1	150,913,6,9	98.4	39.4862233	73.5854590	4440.9
3327	3327	1.239	стакан-марка-красная	7.1	24.3	порода-охристая	0.997	25.5	16.0	6.0	17.1	bbox	3326	17.0	17.0	17.0	1775,31,5,9	98.2	39.4862336	73.5854587	4440.9
3328	3328	1.793	стакан-марка-красная	13.9	12.5	корка-жёлтая-на-скале	0.961	37.3	-1.0	8.0	8.1	bbox	3327	155.2	155.2	155.2	253,833,6,8	98.2	39.4859618	73.5857911	4439.5
3329	3329	1.569	стакан-марка-красная	12.5	2.7	корка-жёлтая-на-скале	1.014	52.5	0.0	7.0	7.0	bbox	3328	155.2	155.2	155.2	97,673,8,10	98.1	39.4859618	73.5857911	4439.5
3330	3330	2.023	стакан-марка-красная	13.0	33.7	снег-освещённый	0.202	83.5	-2.0	1.0	2.2	bbox	3329	169.2	169.2	169.2	1273,151,8,4	98.1	39.4859630	73.5857889	4439.5
3331	3331	0.752	палка-ручка-пробка	4.5	14.1	лишайник-жёлтый-на-камне	1.009	89.8	1.0	21.0	21.0	bbox	3330	34.0	34.0	34.0	1709,65,4,8	97.7	39.4862336	73.5854574	4440.9
3332	3332	1.019	палка-ручка-пробка	7.6	10.2	лишайник-жёлтый-на-камне	1.053	85.9	8.0	16.0	17.9	bbox	3331	333.4	333.4	333.4	827,9,6,5	97.7	39.4860311	73.5856302	4439.6
3333	3333	1.916	рюкзак-синий	13.0	28.2	порода-в-тени	0.430	10.6	0.0	-1.0	1.0	bbox	3332	154.2	150.2	154.2	193,1041,7,6	97.6	39.4859617	73.5857913	4439.5
3334	3334	1.188	стакан-марка-красная	3.2	31.4	порода-в-тени	1.258	18.4	8.0	0.0	8.0	bbox	3333	1.0	1.0	1.0	1473,759,14,6	97.5	39.4862323	73.5854594	4440.9
3335	3335	1.531	предмет-оранжевый	12.2	4.9	порода-охристая	3.787	59.4	32.0	32.0	45.3	bbox	3334	61.1	61.1	61.1	869,113,10,6	97.5	39.4862314	73.5854577	4440.9
3336	3336	1.769	стакан-марка-красная	11.0	31.0	снег-освещённый	0.125	80.8	0.0	0.0	0.0	bbox	3335	104.1	104.1	104.1	787,67,8,4	97.2	39.4862221	73.5854610	4440.9
3337	3337	0.924	стакан-марка-красная	6.9	8.8	порода-охристая	0.671	41.0	14.5	7.0	16.1	bbox	3336	266.3	266.3	266.3	0,481,5,6	97.1	39.4859884	73.5857801	4439.5
3338	3338	1.372	палка-ручка-контроль	11.0	1.8	порода-охристая	1.258	59.4	14.0	18.5	23.2	bbox	3337	55.1	55.1	55.1	677,501,8,6	96.9	39.4862325	73.5854564	4440.9
3339	3339	1.407	стакан-марка-красная	8.9	23.9	порода-охристая	0.716	25.9	7.0	9.0	11.4	bbox	3338	219.3	219.3	219.3	344,35,6,6	96.8	39.4859373	73.5857951	4439.5
3340	3340	1.863	стакан-марка-красная	14.8	7.1	корка-жёлтая-на-скале	0.928	42.7	-2.0	8.0	8.2	bbox	3339	156.2	156.2	156.2	1519,1071,14,4	96.7	39.4859620	73.5857912	4439.5
3341	3341	1.878	стакан-марка-красная	13.9	20.0	корка-жёлтая-на-скале	1.093	29.8	-1.0	8.0	8.1	bbox	3340	345.4	345.4	345.4	114,641,5,6	96.4	39.4860314	73.5856298	4439.6
3342	3342	1.696	палка-ручка-контроль	12.5	18.2	корка-жёлтая-на-скале	0.300	39.4	0.0	15.0	15.0	bbox	3341	347.4	347.4	347.4	371,991,6,6	96.4	39.4860308	73.5856299	4439.6
3343	3343	0.338	палка-ручка-контроль	2.2	5.3	лишайник-жёлтый-на-камне	0.956	62.9	5.0	24.0	24.5	bbox	3342	333.4	333.4	333.4	1037,440,6,7	96.3	39.4860311	73.5856302	4439.6
3344	3344	1.265	стакан-марка-красная	5.4	30.0	снег-розовый	1.011	79.8	9.0	6.0	10.8	bbox	3343	333.4	333.4	333.4	433,52,8,5	96.2	39.4860311	73.5856302	4439.6
3345	3345	0.865	предмет-оранжевый	5.7	13.9	лишайник-жёлтый-на-камне	2.431	78.2	16.0	30.0	34.0	bbox	3344	143.2	143.2	143.2	721,1067,6,6	95.7	39.4860000	73.5856715	4440.4
3346	3346	0.703	палка-ручка-контроль	5.6	2.1	лишайник-жёлтый-на-камне	0.843	55.5	7.0	20.5	21.7	bbox	3345	178.2	178.2	178.2	1849,401,8,4	95.5	39.4859639	73.5857883	4439.5
3347	3347	2.171	палка-ручка-пробка	16.6	18.4	снег-розовый	1.077	94.1	-2.0	8.0	8.2	bbox	3346	153.2	153.2	153.2	1683,685,8,7	95.2	39.4859619	73.5857916	4439.4
3348	3348	1.626	предмет-оранжевый	13.0	0.6	порода-охристая	4.036	63.7	33.0	33.5	47.0	bbox	3347	61.1	61.1	61.1	791,239,10,6	95.1	39.4862314	73.5854577	4440.9
3349	3349	1.513	палка-ручка-пробка	11.1	16.9	лишайник-жёлтый-на-камне	0.874	58.8	6.5	12.0	13.6	bbox	3348	0.0	0.0	0.0	331,718,8,7	94.9	39.4862320	73.5854596	4441.0
3350	3350	1.684	палка-ручка-контроль	12.8	14.7	корка-жёлтая-на-скале	0.329	42.9	-2.0	16.0	16.1	bbox	3349	334.4	334.4	334.4	1802,899,8,5	94.9	39.4860314	73.5856301	4439.6
3351	3351	0.638	палка-ручка-контроль	5.1	0.5	лишайник-жёлтый-на-камне	0.855	57.1	7.0	21.0	22.1	bbox	3350	144.2	144.2	144.2	433,511,4,10	94.8	39.4859819	73.5857156	4440.1
3352	3352	2.302	стакан-марка-красная	15.6	34.5	корка-жёлтая-на-скале	1.220	15.3	0.0	12.0	12.0	bbox	3351	235.3	235.3	235.3	17,898,7,5	94.8	39.4859085	73.5857990	4439.5
3353	3353	1.398	стакан-марка-красная	11.2	0.4	снег-в-тени	0.879	50.2	0.0	-1.0	1.0	bbox	3352	178.2	178.2	178.2	1353,579,4,8	94.6	39.4859639	73.5857883	4439.5
3354	3354	2.274	палка-ручка-контроль	13.9	41.1	корка-жёлтая-на-скале	1.133	16.5	-1.0	14.0	14.0	bbox	3353	339.4	339.4	339.4	1698,339,11,4	94.6	39.4860317	73.5856298	4439.6
3355	3355	1.458	палка-ручка-контроль	10.0	20.7	корка-жёлтая-на-скале	0.748	36.9	5.0	16.0	16.8	bbox	3354	96.1	96.1	96.1	1227,35,6,9	94.4	39.4862226	73.5854592	4440.9
3356	3356	1.895	палка-ручка-пробка	14.3	17.5	корка-жёлтая-на-скале	0.738	58.2	-1.0	10.0	10.0	bbox	3355	56.1	56.1	56.1	1673,419,7,4	94.3	39.4862324	73.5854565	4440.9
3357	3357	1.093	палка-ручка-пробка	6.7	19.6	лишайник-жёлтый-на-камне	0.628	56.1	-1.0	20.0	20.0	bbox	3356	220.3	220.3	220.3	1581,1048,5,7	94.1	39.4859372	73.5857952	4439.5
3358	3358	1.728	стакан-марка-красная	8.5	38.0	снег-розовый	1.209	87.8	8.0	9.0	12.0	bbox	3357	85.1	85.1	85.1	1319,367,5,5	94.0	39.4862245	73.5854589	4440.9
3359	3359	0.626	стакан-марка-красная	5.0	1.2	порода-охристая	0.770	51.0	11.0	6.0	12.5	bbox	3358	156.2	156.2	156.2	118,195,11,4	93.9	39.4859620	73.5857912	4439.5
3360	3360	1.445	стакан-марка-красная	3.6	38.4	порода-охристая	1.440	11.4	14.0	3.0	14.3	bbox	3359	1.0	1.0	1.0	145,329,8,8	93.7	39.4862323	73.5854594	4440.9
3361	3361	1.722	стакан-марка-красная	13.0	16.3	порода-охристая	1.255	66.1	17.0	12.5	21.1	bbox	3360	7.0	7.0	7.0	1253,0,4,9	93.4	39.4862327	73.5854586	4440.9
3362	3362	1.891	стакан-марка-красная	11.2	35.7	порода-в-тени	0.978	14.1	1.0	6.0	6.1	bbox	3361	334.4	334.4	334.4	451,107,12,4	92.8	39.4860314	73.5856301	4439.6
3363	3363	1.535	стакан-марка-красная	10.2	23.9	снег-освещённый	0.377	73.7	1.0	-1.0	1.4	bbox	3362	155.2	155.2	155.2	1913,65,7,4	92.7	39.4859618	73.5857911	4439.5
3364	3364	1.507	стакан-марка-красная	12.0	2.0	снег-в-тени	1.018	51.8	-1.0	0.0	1.0	bbox	3363	111.1	111.1	111.1	619,529,4,6	92.6	39.4862227	73.5854626	4440.9
3365	3365	1.212	палка-ручка-пробка	9.0	12.5	лишайник-жёлтый-на-камне	0.870	88.2	2.0	14.5	14.6	bbox	3364	162.2	162.2	162.2	1331,451,6,4	92.5	39.4859631	73.5857908	4439.5
3366	3366	1.997	стакан-марка-красная	11.0	40.4	порода-в-тени	0.598	9.4	0.0	2.0	2.0	bbox	3365	158.2	158.2	158.2	1073,497,8,6	92.2	39.4859625	73.5857916	4439.5
3367	3367	2.257	предмет-оранжевый	16.1	28.4	порода-охристая	1.632	35.9	22.0	18.0	28.4	bbox	3366	144.2	144.2	144.2	25,449,6,8	92.1	39.4859819	73.5857156	4440.1
3368	3368	1.320	стакан-марка-красная	9.2	18.0	порода-охристая	1.035	31.8	18.0	7.0	19.3	bbox	3367	56.1	56.1	56.1	545,731,6,8	91.9	39.4862324	73.5854565	4440.9
3369	3369	0.816	стакан-марка-красная	6.0	9.0	порода-охристая	0.884	58.8	11.0	7.0	13.0	bbox	3368	345.4	345.4	345.4	7,951,4,10	91.7	39.4860314	73.5856298	4439.6
3370	3370	1.277	предмет-оранжевый	10.2	2.0	порода-охристая	2.350	66.3	22.0	24.0	32.6	bbox	3369	142.2	142.2	142.2	937,663,8,4	91.5	39.4860217	73.5856279	4440.7
3371	3371	1.434	стакан-марка-красная	11.2	9.0	снег-освещённый	0.805	58.8	0.0	-1.0	1.0	bbox	3370	159.2	158.2	160.2	1746,506,7,7	91.4	39.4859626	73.5857915	4439.5
3372	3372	1.901	стакан-марка-красная	12.2	31.8	порода-в-тени	1.189	18.0	1.0	8.0	8.1	bbox	3371	156.2	156.2	156.2	1450,817,7,5	91.3	39.4859620	73.5857912	4439.5
3373	3373	1.931	палка-ручка-пробка	14.8	15.9	корка-жёлтая-на-скале	0.798	59.8	-2.0	10.0	10.2	bbox	3372	162.2	162.2	162.2	495,41,8,8	91.1	39.4859631	73.5857908	4439.5
3374	3374	1.645	стакан-марка-красная	2.7	45.1	порода-охристая	1.531	4.7	10.0	3.5	10.6	bbox	3373	3.0	3.0	3.0	1889,979,4,10	90.6	39.4862326	73.5854594	4440.9
3375	3375	2.263	палка-ручка-пробка	17.5	16.7	снег-розовый	0.958	92.4	-2.0	7.0	7.3	bbox	3374	60.1	59.1	60.1	1647,848,8,7	90.5	39.4862314	73.5854575	4440.9
3376	3376	1.271	стакан-марка-красная	10.0	5.5	порода-в-тени	0.941	44.3	1.0	0.0	1.0	bbox	3375	104.1	104.1	104.1	887,0,6,7	90.5	39.4862221	73.5854610	4440.9
3377	3377	1.226	предмет-оранжевый	9.4	9.4	порода-охристая	2.632	54.9	25.0	26.0	36.1	bbox	3376	145.2	145.2	146.2	617,249,5,6	90.4	39.4859696	73.5857576	4439.7
3378	3378	1.184	стакан-марка-красная	9.2	7.7	порода-охристая	0.736	57.5	9.0	10.0	13.5	bbox	3377	156.2	156.2	156.2	1110,249,6,6	90.2	39.4859620	73.5857912	4439.5
3379	3379	1.288	палка-ручка-пробка	10.3	3.3	лишайник-жёлтый-на-камне	0.587	72.4	-2.0	15.5	15.6	bbox	3378	340.4	340.4	340.4	1691,281,5,8	89.7	39.4860316	73.5856298	4439.6
3380	3380	1.336	палка-ручка-пробка	10.6	3.9	лишайник-жёлтый-на-камне	0.753	79.6	-2.0	15.0	15.1	bbox	3379	266.3	266.3	266.3	1783,929,4,6	88.9	39.4859884	73.5857801	4439.5
3381	3381	1.219	стакан-марка-красная	8.1	19.2	порода-охристая	0.684	30.6	7.0	8.0	10.6	bbox	3380	245.3	245.3	245.3	257,667,8,4	88.5	39.4859096	73.5858012	4439.5
3382	3382	1.584	стакан-марка-красная	12.1	13.3	порода-охристая	1.089	63.1	16.0	12.0	20.0	bbox	3381	7.0	7.0	7.0	1306,148,7,5	88.4	39.4862327	73.5854586	4440.9
3383	3383	1.120	стакан-марка-красная	6.7	20.8	порода-охристая	0.709	29.0	8.0	7.0	10.6	bbox	3382	153.2	153.2	153.2	714,840,7,8	88.3	39.4859619	73.5857916	4439.4
3384	3384	1.686	стакан-марка-красная	7.1	40.2	порода-охристая	1.356	9.6	16.0	6.0	17.1	bbox	3383	80.1	80.1	80.1	1709,609,4,6	88.2	39.4862254	73.5854596	4440.9
3385	3385	1.233	стакан-марка-красная	5.8	27.8	снег-розовый	0.901	77.6	8.0	6.0	10.0	bbox	3384	345.4	345.4	345.4	1052,533,5,6	87.7	39.4860314	73.5856298	4439.6
3386	3386	1.943	стакан-марка-красная	12.4	32.9	порода-в-тени	0.650	16.9	-1.0	4.0	4.1	bbox	3385	321.4	321.4	321.4	1539,0,9,4	87.5	39.4860312	73.5856303	4439.5
3387	3387	1.429	палка-ручка-пробка	10.0	19.4	лишайник-жёлтый-на-камне	1.149	95.1	-1.0	15.0	15.0	bbox	3386	7.0	7.0	7.0	1417,909,8,4	87.4	39.4862327	73.5854586	4440.9
3388	3388	1.424	стакан-марка-красная	7.8	29.0	порода-охристая	1.018	20.8	6.0	7.0	9.2	bbox	3387	155.2	155.2	155.2	158,561,3,12	87.3	39.4859618	73.5857911	4439.5
3389	3389	0.746	предмет-оранжевый	5.0	11.4	лишайник-жёлтый-на-камне	2.501	75.7	16.0	31.0	34.9	bbox	3388	145.2	145.2	145.2	123,505,8,7	87.1	39.4859696	73.5857576	4439.7
3390	3390	1.777	стакан-марка-красная	13.4	16.5	снег-розовый	0.834	66.3	-1.0	7.0	7.1	bbox	3389	221.3	221.3	222.3	94,913,5,12	87.1	39.4859372	73.5857956	4439.5
3391	3391	0.735	стакан-марка-красная	3.6	16.3	порода-в-тени	1.335	33.5	8.0	-1.0	8.1	bbox	3390	159.2	159.2	159.2	273,395,6,4	87.0	39.4859626	73.5857915	4439.5
3392	3392	2.338	стакан-марка-красная	13.0	47.1	снег-розовый	0.929	96.9	-1.0	6.0	6.1	bbox	3391	159.2	159.2	159.2	0,858,7,5	87.0	39.4859626	73.5857915	4439.5
3393	3393	1.626	стакан-марка-красная	12.5	12.2	порода-в-тени	1.086	37.6	-0.5	6.0	6.0	bbox	3392	66.1	66.1	66.1	1619,535,4,10	86.9	39.4862300	73.5854581	4440.9
3394	3394	1.216	предмет-оранжевый	8.2	18.1	лишайник-жёлтый-на-камне	2.332	82.4	12.0	32.0	34.2	bbox	3393	143.2	143.2	143.2	713,983,6,5	86.9	39.4860000	73.5856715	4440.4
3395	3395	1.417	стакан-марка-красная	4.7	36.1	порода-в-тени	1.152	13.7	7.0	-1.5	7.2	bbox	3394	143.2	143.2	143.2	1027,723,8,4	86.7	39.4860000	73.5856715	4440.4
3396	3396	2.178	стакан-марка-красная	10.0	49.8	снег-освещённый	0.717	99.6	1.0	0.0	1.0	bbox	3395	7.0	7.0	7.0	1201,347,4,6	86.2	39.4862327	73.5854586	4440.9
3397	3397	1.519	предмет-оранжевый	10.3	22.5	порода-охристая	3.496	41.8	30.0	31.5	43.5	bbox	3396	60.1	60.1	60.1	1021,132,6,10	85.8	39.4862314	73.5854575	4440.9
3398	3398	1.662	стакан-марка-красная	11.7	22.3	порода-в-тени	1.097	27.5	1.0	7.0	7.1	bbox	3397	80.1	80.1	80.1	389,587,4,6	85.8	39.4862254	73.5854596	4440.9
3399	3399	1.798	палка-ручка-контроль	12.8	22.9	корка-жёлтая-на-скале	0.545	34.7	-2.0	16.0	16.1	bbox	3398	335.4	335.4	335.4	454,1076,9,4	85.7	39.4860320	73.5856299	4439.6
3400	3400	1.440	стакан-марка-красная	9.4	23.1	порода-охристая	0.793	26.7	6.0	9.0	10.8	bbox	3399	146.2	146.2	146.2	1443,61,6,6	85.4	39.4859634	73.5857865	4439.5
3401	3401	2.204	палка-ручка-пробка	17.0	16.3	снег-розовый	0.993	92.0	-2.0	7.5	7.8	bbox	3400	266.3	266.3	266.3	1303,741,8,4	85.4	39.4859884	73.5857801	4439.5
3402	3402	1.766	стакан-марка-красная	13.0	19.0	снег-розовый	0.850	68.8	0.0	8.0	8.0	bbox	3401	57.1	57.1	57.1	891,929,6,6	85.0	39.4862321	73.5854570	4440.9
3403	3403	1.054	палка-ручка-пробка	7.3	14.9	лишайник-жёлтый-на-камне	0.244	60.8	3.0	16.0	16.3	bbox	3402	345.4	345.4	345.4	1001,489,9,6	84.9	39.4860314	73.5856298	4439.6
3404	3404	1.857	стакан-марка-красная	14.8	5.7	корка-жёлтая-на-скале	0.919	44.1	-2.0	8.0	8.2	bbox	3403	56.1	56.1	56.1	1674,729,5,6	84.7	39.4862324	73.5854565	4440.9
3405	3405	1.806	предмет-оранжевый	10.8	33.7	порода-охристая	3.370	30.6	30.0	30.0	42.4	bbox	3404	58.1	58.1	58.1	1076,99,6,8	84.5	39.4862320	73.5854573	4440.9
3406	3406	1.423	стакан-марка-красная	11.2	7.4	порода-в-тени	0.823	42.4	0.0	-1.0	1.0	bbox	3405	155.2	155.2	155.2	1649,95,12,2	84.5	39.4859618	73.5857911	4439.5
3407	3407	1.691	стакан-марка-красная	13.4	6.1	корка-жёлтая-на-скале	1.018	43.7	-1.0	7.0	7.1	bbox	3406	161.2	161.2	161.2	83,1013,4,10	84.5	39.4859630	73.5857910	4439.5
3408	3408	1.486	стакан-марка-красная	8.1	30.6	порода-охристая	0.927	19.2	7.0	8.0	10.6	bbox	3407	151.2	151.2	151.2	938,1019,5,8	84.4	39.4859618	73.5857922	4439.5
3409	3409	1.914	предмет-оранжевый	14.1	20.6	порода-охристая	1.787	43.7	22.0	20.0	29.7	bbox	3408	145.2	145.2	145.2	134,953,3,10	84.3	39.4859696	73.5857576	4439.7
3410	3410	1.158	палка-ручка-пробка	8.8	9.6	лишайник-жёлтый-на-камне	2.040	85.3	11.5	29.0	31.2	bbox	3409	146.2	146.2	146.2	759,663,6,6	84.3	39.4859634	73.5857865	4439.5
3411	3411	1.694	стакан-марка-красная	13.0	12.9	снег-розовый	0.952	62.7	0.0	8.0	8.0	bbox	3410	245.3	245.3	245.3	1515,802,2,15	84.3	39.4859096	73.5858012	4439.5
3412	3412	1.606	стакан-марка-красная	6.1	39.6	снег-розовый	0.564	89.4	5.0	2.0	5.4	bbox	3411	145.2	142.2	145.2	1422,713,6,7	84.2	39.4859696	73.5857576	4439.7
3413	3413	1.386	палка-ручка-пробка	10.6	11.0	лишайник-жёлтый-на-камне	0.638	64.7	-3.0	16.0	16.3	bbox	3412	312.4	312.4	312.4	553,1055,8,6	84.1	39.4859955	73.5857769	4439.6
3414	3414	0.708	палка-ручка-пробка	4.0	13.9	лишайник-жёлтый-на-камне	0.422	61.8	4.5	19.0	19.5	bbox	3413	146.2	146.2	146.2	72,135,4,9	83.7	39.4859634	73.5857865	4439.5
3415	3415	0.906	стакан-марка-красная	5.1	18.0	снег-розовый	1.171	67.8	10.0	6.0	11.7	bbox	3414	145.2	145.2	145.2	1448,434,5,9	83.1	39.4859696	73.5857576	4439.7
3416	3416	1.769	стакан-марка-красная	13.0	19.6	порода-в-тени	0.951	30.2	-1.0	6.0	6.1	bbox	3415	66.1	66.1	66.1	1417,1017,6,5	82.9	39.4862300	73.5854581	4440.9
3417	3417	0.833	стакан-марка-красная	5.4	13.7	снег-розовый	0.802	63.5	6.0	-1.0	6.1	bbox	3416	93.1	93.1	93.1	1294,0,7,3	82.8	39.4862230	73.5854592	4440.9
3418	3418	1.133	стакан-марка-красная	4.1	28.2	снег-розовый	1.068	78.0	10.0	5.0	11.2	bbox	3417	142.2	142.2	142.2	135,895,5,11	82.3	39.4860217	73.5856279	4440.7
3419	3419	0.531	палка-ручка-пробка	4.2	0.4	лишайник-жёлтый-на-камне	0.532	76.1	2.0	20.0	20.1	bbox	3418	96.1	96.1	96.1	1849,529,6,5	82.1	39.4862226	73.5854592	4440.9
3420	3420	1.839	палка-ручка-контроль	13.0	23.9	корка-жёлтая-на-скале	0.518	33.7	-1.0	15.0	15.0	bbox	3419	339.4	339.4	339.4	192,964,7,5	81.8	39.4860317	73.5856298	4439.6
3421	3421	1.055	палка-ручка-пробка	7.6	12.8	лишайник-жёлтый-на-камне	0.632	62.9	-2.0	20.0	20.1	bbox	3420	269.3	269.3	269.3	1329,755,6,4	81.4	39.4860011	73.5857770	4439.5
3422	3422	1.820	стакан-марка-красная	10.6	34.9	порода-охристая	1.886	14.9	21.5	2.5	21.6	bbox	3421	145.2	145.2	145.2	57,737,4,7	81.2	39.4859696	73.5857576	4439.7
3423	3423	2.045	предмет-оранжевый	15.5	18.0	порода-охристая	1.929	46.3	24.0	19.0	30.6	bbox	3422	146.2	146.2	146.2	679,23,8,6	81.2	39.4859634	73.5857865	4439.5
3424	3424	0.984	палка-ручка-пробка	7.4	9.0	лишайник-жёлтый-на-камне	0.700	66.7	7.5	16.0	17.7	bbox	3423	335.4	335.4	335.4	1146,195,7,4	80.5	39.4860320	73.5856299	4439.6
3425	3425	1.143	палка-ручка-пробка	8.1	15.1	лишайник-жёлтый-на-камне	0.920	90.8	1.0	16.0	16.0	bbox	3424	146.2	146.2	146.2	1416,167,13,2	79.9	39.4859634	73.5857865	4439.5
3426	3426	1.313	стакан-марка-красная	10.2	8.8	снег-розовый	0.784	58.6	1.0	-1.0	1.4	bbox	3425	151.2	151.2	151.2	1663,235,6,5	79.5	39.4859618	73.5857922	4439.5
3427	3427	0.641	стакан-марка-красная	4.7	7.1	порода-охристая	1.046	56.9	8.5	5.0	9.9	bbox	3426	109.1	109.1	109.1	611,433,12,5	78.9	39.4862224	73.5854627	4440.9
3428	3428	1.521	стакан-марка-красная	12.2	0.8	снег-розовый	1.043	50.6	-1.0	3.0	3.2	bbox	3427	269.3	269.3	269.3	1710,975,5,7	78.8	39.4860011	73.5857770	4439.5
3429	3429	1.310	палка-ручка-контроль	10.0	10.9	порода-охристая	1.222	46.7	14.0	20.0	24.4	bbox	3428	93.1	93.1	93.1	1269,693,6,4	78.7	39.4862230	73.5854592	4440.9
3430	3430	1.193	стакан-марка-красная	5.1	28.2	порода-охристая	1.626	21.6	16.0	0.0	16.0	bbox	3429	143.2	143.2	143.2	609,182,9,5	78.4	39.4860000	73.5856715	4440.4
3431	3431	1.186	предмет-оранжевый	9.3	5.9	порода-охристая	3.484	58.4	29.0	31.5	42.8	bbox	3430	59.1	59.1	59.1	535,423,14,4	78.2	39.4862316	73.5854573	4440.9
3432	3432	2.191	стакан-марка-красная	17.2	11.8	порода-охристая	1.580	61.6	21.0	15.0	25.8	bbox	3431	62.1	62.1	62.1	1854,597,3,8	78.1	39.4862310	73.5854577	4440.9
3433	3433	2.186	стакан-марка-красная	10.8	48.2	снег-розовый	0.830	98.0	1.0	5.0	5.1	bbox	3432	145.2	145.2	145.2	945,1047,7,4	78.1	39.4859696	73.5857576	4439.7
3434	3434	0.910	стакан-марка-красная	7.1	6.1	снег-розовый	1.050	55.9	6.0	6.0	8.5	bbox	3433	153.2	153.2	153.2	251,396,4,11	78.1	39.4859619	73.5857916	4439.4
3435	3435	1.702	стакан-марка-красная	13.6	2.4	корка-жёлтая-на-скале	0.766	52.2	0.0	9.0	9.0	bbox	3434	178.2	178.2	178.2	537,461,6,4	77.8	39.4859639	73.5857883	4439.5
3436	3436	1.651	стакан-марка-красная	13.0	8.2	корка-жёлтая-на-скале	1.154	41.6	-1.0	6.0	6.1	bbox	3435	66.1	66.1	66.1	1827,323,5,9	77.6	39.4862300	73.5854581	4440.9
3437	3437	1.843	предмет-оранжевый	13.2	23.3	порода-охристая	3.803	41.0	33.0	32.0	46.0	bbox	3436	62.1	62.1	62.1	869,412,4,10	77.1	39.4862310	73.5854577	4440.9
3438	3438	0.944	палка-ручка-пробка	6.7	12.2	лишайник-жёлтый-на-камне	0.753	63.5	8.0	17.0	18.8	bbox	3437	66.1	66.1	66.1	0,1066,9,3	76.1	39.4862300	73.5854581	4440.9
3439	3439	0.910	палка-ручка-пробка	7.3	0.4	лишайник-жёлтый-на-камне	0.741	76.1	7.0	16.0	17.5	bbox	3438	81.1	81.1	81.1	1912,144,8,5	75.8	39.4862252	73.5854596	4440.9
3440	3440	1.068	стакан-марка-красная	6.4	19.8	порода-в-тени	1.086	30.0	6.0	-3.0	6.7	bbox	3439	150.2	150.2	150.2	79,53,10,4	75.7	39.4859619	73.5857924	4439.5
3441	3441	1.251	стакан-марка-красная	9.1	14.9	снег-розовый	0.524	64.7	2.0	0.0	2.0	bbox	3440	161.2	161.2	161.2	1768,347,9,3	75.6	39.4859630	73.5857910	4439.5
3442	3442	1.475	палка-ручка-пробка	9.8	22.8	корка-жёлтая-на-скале	0.255	52.9	1.0	14.0	14.0	bbox	3441	96.1	96.1	96.1	1779,89,4,6	75.5	39.4862226	73.5854592	4440.9
3443	3443	0.924	палка-ручка-пробка	7.3	4.5	лишайник-жёлтый-на-камне	0.736	71.2	-2.0	21.0	21.1	bbox	3442	321.4	321.4	321.4	1452,651,5,6	75.0	39.4860312	73.5856303	4439.5
3444	3444	1.379	палка-ручка-пробка	10.8	8.4	лишайник-жёлтый-на-камне	0.841	84.1	1.0	13.0	13.0	bbox	3443	61.1	61.1	61.1	1285,937,4,8	74.7	39.4862314	73.5854577	4440.9
3445	3445	2.295	предмет-оранжевый	15.2	35.9	порода-охристая	2.215	28.4	26.0	20.0	32.8	bbox	3444	146.2	146.2	146.2	265,651,3,10	74.6	39.4859634	73.5857865	4439.5
3446	3446	0.981	стакан-марка-красная	6.4	15.9	порода-охристая	0.816	33.9	7.0	6.0	9.2	bbox	3445	143.2	143.2	143.2	662,737,6,7	74.5	39.4860000	73.5856715	4440.4
3447	3447	1.712	предмет-оранжевый	13.6	5.5	порода-охристая	2.337	69.8	24.0	21.0	31.9	bbox	3446	58.1	58.1	58.1	1513,29,8,4	74.1	39.4862320	73.5854573	4440.9
3448	3448	1.254	предмет-оранжевый	8.9	15.9	лишайник-жёлтый-на-камне	2.146	80.2	16.0	26.0	30.5	bbox	3447	146.2	146.2	146.2	585,261,4,6	74.1	39.4859634	73.5857865	4439.5
3449	3449	1.941	стакан-марка-красная	13.9	24.3	порода-охристая	1.020	25.5	18.0	13.0	22.2	bbox	3448	0.0	0.0	0.0	437,395,5,5	73.6	39.4862320	73.5854596	4441.0
3450	3450	0.793	палка-ручка-пробка	6.3	1.8	лишайник-жёлтый-на-камне	0.757	77.5	7.0	17.0	18.4	bbox	3449	321.4	321.4	321.4	113,81,6,4	73.4	39.4860312	73.5856303	4439.5
3451	3451	1.511	палка-ручка-пробка	11.2	16.1	лишайник-жёлтый-на-камне	1.697	91.8	-6.0	25.0	25.7	bbox	3450	145.2	145.2	145.2	663,1067,4,6	73.1	39.4859696	73.5857576	4439.7
3452	3452	2.171	стакан-марка-красная	10.1	49.4	порода-в-тени	0.809	0.4	1.0	-0.5	1.1	bbox	3451	156.2	156.2	156.2	1153,757,6,4	72.3	39.4859620	73.5857912	4439.5
3453	3453	1.381	стакан-марка-красная	8.5	24.5	порода-охристая	1.360	74.3	14.0	9.0	16.6	bbox	3452	146.2	146.2	146.2	668,205,3,10	72.2	39.4859634	73.5857865	4439.5
3454	3454	1.466	предмет-оранжевый	10.6	17.6	порода-охристая	2.274	46.7	23.5	24.0	33.6	bbox	3453	142.2	142.2	142.2	1647,937,6,7	72.1	39.4860217	73.5856279	4440.7
3455	3455	0.526	палка-ручка-пробка	1.8	13.3	лишайник-жёлтый-на-камне	1.041	89.0	4.0	21.5	21.9	bbox	3454	66.1	66.1	66.1	113,331,6,6	71.8	39.4862300	73.5854581	4440.9
3456	3456	0.595	стакан-марка-красная	2.2	14.7	порода-охристая	1.510	35.1	10.0	-1.0	10.0	bbox	3455	96.1	96.1	96.1	1740,571,4,7	71.6	39.4862226	73.5854592	4440.9
3457	3457	0.895	стакан-марка-красная	6.3	11.8	порода-охристая	0.559	38.0	9.0	7.0	11.4	bbox	3456	153.2	153.2	153.2	518,65,3,7	71.5	39.4859619	73.5857916	4439.4
3458	3458	1.745	стакан-марка-красная	10.3	32.9	порода-охристая	0.830	16.9	13.5	11.0	17.4	bbox	3457	146.2	146.2	146.2	1506,421,7,6	71.4	39.4859634	73.5857865	4439.5
3459	3459	1.301	стакан-марка-красная	5.1	31.8	порода-в-тени	1.011	18.0	6.0	0.0	6.0	bbox	3458	158.2	158.2	158.2	404,293,5,6	71.4	39.4859625	73.5857916	4439.5
3460	3460	1.738	стакан-марка-красная	10.6	31.4	порода-охристая	1.284	18.4	3.0	8.0	8.5	bbox	3459	153.2	153.2	153.2	644,101,5,7	71.2	39.4859619	73.5857916	4439.4
3461	3461	1.042	стакан-марка-красная	3.5	26.5	порода-в-тени	1.218	23.3	7.5	1.0	7.6	bbox	3460	56.1	56.1	56.1	1569,495,6,5	70.7	39.4862324	73.5854565	4440.9
3462	3462	2.249	стакан-марка-красная	11.0	49.8	снег-освещённый	0.686	99.6	0.0	0.5	0.5	bbox	3461	146.2	146.2	146.2	1281,291,4,8	70.5	39.4859634	73.5857865	4439.5
3463	3463	0.776	предмет-оранжевый	5.4	10.8	лишайник-жёлтый-на-камне	2.505	75.1	15.0	32.0	35.3	bbox	3462	146.2	146.2	146.2	89,467,4,7	70.4	39.4859634	73.5857865	4439.5
3464	3464	1.187	предмет-оранжевый	9.4	3.7	порода-охристая	2.775	68.0	25.0	26.0	36.1	bbox	3463	145.2	145.2	145.2	165,578,5,4	70.2	39.4859696	73.5857576	4439.7
3465	3465	1.786	палка-ручка-пробка	13.8	12.5	снег-розовый	1.012	88.2	2.0	9.5	9.7	bbox	3464	142.2	142.2	142.2	589,840,4,9	70.1	39.4860217	73.5856279	4440.7
3466	3466	0.355	палка-ручка-пробка	1.4	8.6	лишайник-жёлтый-на-камне	1.131	84.3	4.0	24.0	24.3	bbox	3465	66.1	66.1	66.1	131,261,4,6	70.0	39.4862300	73.5854581	4440.9
3467	3467	1.530	палка-ручка-пробка	11.2	17.5	корка-жёлтая-на-скале	0.449	58.2	0.0	13.0	13.0	bbox	3466	142.2	142.2	142.2	1773,579,4,5	70.0	39.4860217	73.5856279	4440.7
3468	3468	1.119	предмет-оранжевый	7.6	16.5	лишайник-жёлтый-на-камне	2.292	80.8	13.0	31.0	33.6	bbox	3467	143.2	143.2	143.2	983,386,4,7	69.4	39.4860000	73.5856715	4440.4
3469	3469	1.220	предмет-оранжевый	9.5	8.0	порода-охристая	2.392	56.3	23.0	25.0	34.0	bbox	3468	146.2	146.2	146.2	363,111,10,5	69.2	39.4859634	73.5857865	4439.5
3470	3470	1.518	палка-ручка-пробка	10.4	21.9	лишайник-жёлтый-на-камне	1.338	97.6	-3.5	17.0	17.4	bbox	3469	66.1	66.1	66.1	240,760,4,6	68.8	39.4862300	73.5854581	4440.9
3471	3471	1.438	стакан-марка-красная	10.2	18.6	снег-розовый	0.513	68.4	1.0	-1.0	1.4	bbox	3470	160.2	160.2	160.2	1682,177,10,2	68.5	39.4859629	73.5857913	4439.4
3472	3472	1.760	стакан-марка-красная	6.7	43.3	порода-охристая	2.122	6.5	17.0	-2.0	17.1	bbox	3471	145.2	145.2	145.2	349,649,2,10	68.4	39.4859696	73.5857576	4439.7
3473	3473	1.299	стакан-марка-красная	2.0	35.7	порода-охристая	1.542	14.1	13.0	1.0	13.0	bbox	3472	142.2	142.2	142.2	233,460,7,5	67.7	39.4860217	73.5856279	4440.7
3474	3474	1.645	предмет-оранжевый	13.2	1.8	порода-охристая	3.898	62.5	33.0	32.0	46.0	bbox	3473	61.1	61.1	61.1	857,181,8,4	65.2	39.4862314	73.5854577	4440.9
3475	3475	1.709	рюкзак-синий	11.0	28.2	порода-в-тени	0.498	10.6	0.0	-3.0	3.0	bbox	3474	156.2	156.2	156.2	1413,82,4,7	65.1	39.4859620	73.5857912	4439.5
3476	3476	0.502	палка-ручка-пробка	4.0	1.2	лишайник-жёлтый-на-камне	0.554	74.5	5.0	19.0	19.6	bbox	3475	61.1	61.1	61.1	1689,340,8,5	64.6	39.4862314	73.5854577	4440.9
3477	3477	1.742	стакан-марка-красная	13.9	3.9	корка-жёлтая-на-скале	0.887	45.9	-1.0	8.0	8.1	bbox	3476	104.1	104.1	104.1	1250,1067,5,5	62.7	39.4862221	73.5854610	4440.9
3478	3478	1.551	стакан-марка-красная	11.2	18.8	снег-освещённый	0.469	68.6	0.0	-1.0	1.0	bbox	3477	160.2	160.2	160.2	937,51,6,4	62.6	39.4859629	73.5857913	4439.4
3479	3479	1.031	стакан-марка-красная	8.2	0.8	снег-в-тени	0.957	50.6	3.0	-1.0	3.2	bbox	3478	150.2	150.2	150.2	1562,177,7,3	62.3	39.4859619	73.5857924	4439.5
3480	3480	2.031	стакан-марка-красная	12.6	35.7	снег-розовый	0.601	85.5	-1.0	5.0	5.1	bbox	3479	222.3	222.3	222.3	1835,252,7,3	62.3	39.4859373	73.5857959	4439.5
3481	3481	1.122	стакан-марка-красная	5.0	26.1	снег-розовый	0.841	75.9	8.0	5.0	9.4	bbox	3480	143.2	143.2	143.2	335,725,4,6	62.2	39.4860000	73.5856715	4440.4
3482	3482	1.954	стакан-марка-красная	15.3	11.8	корка-жёлтая-на-скале	0.864	38.0	-2.0	9.0	9.2	bbox	3481	150.2	150.2	150.2	1882,744,6,3	61.6	39.4859619	73.5857924	4439.5
3483	3483	1.431	палка-ручка-контроль	10.0	19.2	порода-охристая	0.800	38.4	7.0	16.0	17.5	bbox	3482	245.3	245.3	245.3	369,289,11,3	61.6	39.4859096	73.5858012	4439.5
3484	3484	2.109	стакан-марка-красная	13.7	34.3	порода-охристая	1.683	15.5	22.5	8.5	24.1	bbox	3483	145.2	145.2	145.2	1227,153,3,6	61.5	39.4859696	73.5857576	4439.7
3485	3485	1.077	стакан-марка-красная	6.1	21.4	снег-розовый	1.201	71.2	10.0	7.0	12.2	bbox	3484	143.2	143.2	143.2	721,772,6,4	61.2	39.4860000	73.5856715	4440.4
3486	3486	1.766	стакан-марка-красная	10.7	32.2	порода-охристая	0.972	17.6	6.0	10.5	12.1	bbox	3485	153.2	153.2	153.2	1061,970,6,3	60.8	39.4859619	73.5857916	4439.4
3487	3487	1.132	палка-ручка-пробка	7.1	19.8	лишайник-жёлтый-на-камне	1.337	95.5	-2.0	22.0	22.1	bbox	3486	142.2	142.2	142.2	369,867,6,4	60.5	39.4860217	73.5856279	4440.7
3488	3488	1.445	предмет-оранжевый	11.4	6.7	порода-охристая	2.230	57.6	23.0	23.0	32.5	bbox	3487	143.2	143.2	143.2	683,865,8,4	60.2	39.4860000	73.5856715	4440.4
3489	3489	1.366	палка-ручка-пробка	8.2	25.1	корка-жёлтая-на-скале	0.388	50.6	3.0	15.0	15.3	bbox	3488	81.1	81.1	81.1	1816,945,3,8	59.2	39.4862252	73.5854596	4440.9
3490	3490	1.971	стакан-марка-красная	14.9	18.4	корка-жёлтая-на-скале	0.771	31.4	0.0	11.0	11.0	bbox	3489	150.2	150.2	150.2	937,855,6,4	58.8	39.4859619	73.5857924	4439.5
3491	3491	1.858	стакан-марка-красная	8.1	43.5	порода-в-тени	1.378	6.3	5.0	6.5	8.2	bbox	3490	81.1	81.1	81.1	1818,545,2,8	55.2	39.4862252	73.5854596	4440.9
3492	3492	1.495	стакан-марка-красная	9.2	26.7	порода-охристая	0.613	23.1	13.0	10.0	16.4	bbox	3491	145.2	145.2	145.2	1285,89,4,8	54.8	39.4859696	73.5857576	4439.7
3493	3493	1.840	стакан-марка-красная	9.9	38.2	снег-розовый	0.627	88.0	2.5	6.0	6.5	bbox	3492	145.2	145.2	145.2	599,999,6,3	52.9	39.4859696	73.5857576	4439.7
3494	3494	1.885	предмет-оранжевый	14.0	19.6	порода-охристая	1.607	44.7	20.0	20.0	28.3	bbox	3493	145.2	145.2	145.2	1148,633,9,4	52.7	39.4859696	73.5857576	4439.7
3495	3495	1.728	стакан-марка-красная	13.0	16.1	порода-охристая	0.429	33.7	10.0	14.0	17.2	bbox	3494	222.3	222.3	222.3	146,427,5,5	46.5	39.4859373	73.5857959	4439.5
3496	3496	1.656	стакан-марка-красная	7.8	37.4	порода-охристая	1.227	12.4	6.0	7.0	9.2	bbox	3495	221.3	221.3	222.3	767,217,2,8	39.4	39.4859372	73.5857956	4439.5
3497	3497	1.083	стакан-марка-красная	8.6	3.5	порода-охристая	0.903	53.3	6.0	8.0	10.0	bbox	3496	222.3	222.3	222.3	314,758,3,3	21.2	39.4859373	73.5857959	4439.5
3498	3498	0.976	стакан-марка-красная	7.8	0.4	порода-охристая	0.892	49.4	6.0	7.0	9.2	bbox	3497	222.3	222.3	222.3	248,793,3,2	20.3	39.4859373	73.5857959	4439.5
