ранг	ранг_в_группе	расстояние	сигнатура	d_ab	d_L	ловушка	d_ловушки	L	a	b	C	цвет_измерен	track	t_best	t0	t1	bbox	score	lat	lon	alt
1	1	5.633	предмет-оранжевый	45.0	8.2	порода-охристая	7.364	56.1	65.0	34.0	73.4	bbox	0	300.0	300.0	300.0	1197,663,206,364	30846.5			
2	2	1.455	рюкзак-синий	11.0	13.3	порода-в-тени	0.486	25.5	1.0	-3.0	3.2	bbox	1	296.0	296.0	296.0	349,47,916,122	18311.2			
3	3	1.974	рюкзак-синий	11.7	37.3	снег-в-тени	2.405	76.1	7.0	-24.0	25.0	bbox	2	300.0	300.0	300.0	1579,335,64,138	11106.6			
4	4	1.275	рюкзак-синий	9.1	16.4	порода-в-тени	0.711	22.4	2.0	-5.0	5.4	bbox	3	295.0	295.0	297.0	195,0,403,31	10800.0			
5	5	2.479	палка-древко-контроль	11.7	56.0	снег-пересвеченный	0.281	97.6	-4.0	-4.0	5.7	bbox	4	301.0	297.0	301.0	102,447,337,72	9842.3			
6	6	0.314	рюкзак-синий	1.0	8.1	снег-в-тени	0.751	46.9	0.0	-14.0	14.0	bbox	5	306.0	306.0	306.0	0,497,109,337	9223.9			
7	7	1.583	стакан-марка-красная	9.8	27.8	снег-розовый	0.375	77.6	2.0	5.0	5.4	bbox	6	289.0	289.0	292.0	365,303,38,218	8625.0			
8	8	3.897	предмет-оранжевый	30.1	28.6	порода-охристая	5.108	35.7	49.0	26.0	55.5	bbox	7	291.0	291.0	291.0	1716,965,69,115	8053.9			
9	9	1.791	стакан-марка-красная	13.5	17.3	порода-охристая	1.144	32.5	20.0	11.0	22.8	bbox	8	301.0	301.0	303.0	1153,839,74,96	7846.2			
10	10	1.574	стакан-марка-красная	9.8	27.4	порода-в-тени	0.904	22.4	2.0	5.0	5.4	bbox	9	288.0	288.0	288.0	99,0,104,125	7560.2			
11	11	2.219	стакан-марка-красная	11.0	48.6	снег-освещённый	0.642	98.4	0.0	0.0	0.0	bbox	10	298.0	298.0	298.0	112,0,160,389	6785.2			
12	12	0.559	стакан-марка-красная	4.5	0.4	порода-охристая	0.896	50.2	9.0	5.0	10.3	bbox	11	301.0	301.0	306.0	1255,501,62,54	6102.1			
13	13	1.419	рюкзак-синий	10.0	18.8	порода-в-тени	0.531	20.0	1.0	-4.0	4.1	bbox	12	288.0	288.0	288.0	1405,181,73,146	6055.8			
14	14	1.936	рюкзак-синий	12.0	34.1	порода-в-тени	0.626	4.7	0.0	-2.0	2.0	bbox	13	95.0	95.0	95.0	1735,897,154,183	5723.9			
15	15	1.561	стакан-марка-красная	9.4	28.6	порода-охристая	0.912	21.2	16.0	9.0	18.4	bbox	14	303.0	302.0	303.0	585,645,64,40	5187.0			
16	16	1.383	рюкзак-синий	7.1	29.8	порода-в-тени	0.889	9.0	0.0	-7.0	7.0	bbox	15	97.0	97.0	97.0	1805,1011,115,69	4834.4			
17	17	1.828	рюкзак-синий	12.6	25.7	снег-в-тени	2.135	64.5	13.0	-18.0	22.2	bbox	16	300.0	300.0	300.0	1071,235,40,80	4807.1			
18	18	1.817	стакан-марка-красная	12.6	25.1	порода-охристая	0.743	24.7	15.0	13.0	19.8	bbox	17	301.0	301.0	303.0	1125,53,34,86	4759.9			
19	19	0.925	стакан-марка-красная	2.2	24.7	порода-охристая	1.247	25.1	9.0	2.0	9.2	bbox	18	301.0	300.0	301.0	1057,773,94,55	4537.1			
20	20	0.911	стакан-марка-красная	0.0	25.5	снег-розовый	1.135	75.3	11.0	1.0	11.0	bbox	19	301.0	301.0	306.0	1773,117,46,38	4145.0			
21	21	2.263	стакан-марка-красная	11.0	50.2	снег-освещённый	0.697	100.0	0.0	0.0	0.0	bbox	20	302.0	302.0	302.0	319,203,50,154	3522.7			
22	22	1.165	рюкзак-синий	6.1	24.7	снег-в-тени	1.621	63.5	2.0	-20.0	20.1	bbox	21	300.0	300.0	304.0	1059,7,44,79	3462.8			
23	23	1.799	стакан-марка-красная	10.0	36.1	порода-в-тени	0.462	13.7	1.0	0.0	1.0	bbox	22	304.0	304.0	304.0	533,363,178,192	3391.8			
24	24	1.261	стакан-марка-красная	7.8	22.3	снег-в-тени	1.110	27.5	6.0	-5.0	7.8	bbox	23	302.0	302.0	302.0	45,143,134,24	3363.1			
25	25	1.355	стакан-марка-красная	10.4	10.2	порода-в-тени	0.792	39.6	1.0	-2.0	2.2	bbox	24	301.0	301.0	301.0	64,707,78,189	3337.2			
26	26	1.216	рюкзак-синий	9.0	12.9	порода-в-тени	0.655	25.9	1.0	-5.0	5.1	bbox	25	35.0	34.0	35.0	1785,390,88,128	3244.0			
27	27	2.156	стакан-марка-красная	15.0	29.8	порода-охристая	1.327	20.0	20.0	13.0	23.9	bbox	26	304.0	304.0	306.0	759,819,60,66	3182.1			
28	28	2.541	стакан-марка-красная	19.1	24.3	порода-охристая	1.762	25.5	24.0	15.0	28.3	bbox	27	288.0	287.0	288.0	19,279,48,76	3046.2			
29	29	2.428	рюкзак-синий	19.4	2.3	снег-в-тени	3.032	36.5	17.0	-25.0	30.2	bbox	28	300.0	300.0	300.0	1349,529,44,26	3041.5			
30	30	0.966	стакан-марка-красная	2.2	25.9	порода-охристая	1.592	23.9	12.0	-1.0	12.0	bbox	29	303.0	303.0	303.0	1597,297,78,32	3026.8			
31	31	5.381	предмет-оранжевый	42.4	25.5	порода-охристая	7.334	38.8	62.0	40.0	73.8	bbox	30	300.0	300.0	306.0	1241,775,50,37	2953.8			
32	32	0.867	рюкзак-синий	3.2	21.6	снег-в-тени	0.586	60.4	0.0	-11.0	11.0	bbox	31	288.0	288.0	288.0	1379,66,13,203	2939.4			
33	33	2.381	стакан-марка-красная	13.6	46.7	снег-пересвеченный	0.326	96.5	-2.0	-3.0	3.6	bbox	32	301.0	299.0	301.0	61,513,32,144	2887.0			
34	34	1.508	стакан-марка-красная	12.0	2.7	корка-жёлтая-на-скале	0.791	47.1	2.0	9.0	9.2	bbox	33	290.0	290.0	290.0	701,137,162,31	2880.6			
35	35	1.313	стакан-марка-красная	10.4	3.9	снег-в-тени	0.763	45.9	1.0	-2.0	2.2	bbox	34	301.0	301.0	301.0	177,897,42,183	2836.1			
36	36	0.925	стакан-марка-красная	2.2	24.7	порода-охристая	1.476	25.1	13.0	0.0	13.0	bbox	35	302.0	302.0	302.0	1769,91,100,40	2769.5			
37	37	1.627	стакан-марка-красная	11.0	24.1	порода-в-тени	0.337	25.7	0.0	0.0	0.0	bbox	36	304.0	300.0	304.0	1281,317,95,192	2745.5			
38	38	0.551	стакан-марка-красная	3.0	11.2	снег-розовый	1.316	61.0	10.5	-2.0	10.7	bbox	37	301.0	301.0	306.0	1717,745,32,31	2730.5			
39	39	1.321	стакан-марка-красная	8.1	23.9	снег-в-тени	1.200	25.9	7.0	-6.0	9.2	bbox	38	288.0	288.0	288.0	522,0,37,29	2702.7			
40	40	1.301	стакан-марка-красная	5.1	31.8	снег-розовый	0.577	81.6	6.0	0.0	6.0	bbox	39	289.0	289.0	289.0	307,389,17,140	2587.1			
41	41	1.418	стакан-марка-красная	9.2	23.1	порода-охристая	1.091	26.7	4.0	7.0	8.1	bbox	40	301.0	301.0	306.0	1769,823,36,52	2502.5			
42	42	1.223	стакан-марка-красная	6.0	27.1	порода-в-тени	0.914	22.7	5.0	1.0	5.1	bbox	41	301.0	301.0	301.0	1393,980,26,100	2491.3			
43	43	1.621	стакан-марка-красная	7.1	38.0	порода-в-тени	0.821	11.8	4.0	0.0	4.0	bbox	42	303.0	303.0	303.0	517,585,70,38	2386.0			
44	44	1.243	стакан-марка-красная	8.6	17.5	снег-розовый	0.873	67.3	4.0	-4.0	5.7	bbox	43	304.0	302.0	304.0	405,471,16,112	2349.0			
45	45	1.182	рюкзак-синий	9.0	10.2	порода-в-тени	0.691	28.6	1.0	-5.0	5.1	bbox	44	34.0	31.0	38.0	1680,518,65,90	2339.1			
46	46	1.600	стакан-марка-красная	10.2	27.1	порода-в-тени	0.631	22.7	1.0	3.0	3.2	bbox	45	302.0	299.0	303.0	561,141,133,52	2324.9			
47	47	0.767	рюкзак-синий	1.0	21.2	снег-в-тени	0.985	60.0	1.0	-15.0	15.0	bbox	46	303.0	303.0	303.0	1681,283,239,28	2316.3			
48	48	1.638	стакан-марка-красная	10.0	29.4	снег-розовый	0.138	79.2	1.0	2.0	2.2	bbox	47	305.0	304.0	306.0	1645,492,20,137	2278.8			
49	49	0.829	стакан-марка-красная	3.2	20.4	снег-розовый	1.523	70.2	14.0	2.0	14.1	bbox	48	300.0	300.0	300.0	1603,269,30,44	2273.2			
50	50	2.230	стакан-марка-красная	11.0	49.0	снег-освещённый	0.656	98.8	0.0	0.0	0.0	bbox	49	303.0	301.0	303.0	183,267,30,114	2151.8			
51	51	3.914	предмет-оранжевый	31.3	2.7	порода-охристая	4.831	61.6	48.0	20.0	52.0	bbox	50	291.0	291.0	291.0	1265,761,44,36	2100.5			
52	52	1.974	стакан-марка-красная	15.3	14.1	корка-жёлтая-на-скале	0.978	63.9	-2.0	9.0	9.2	bbox	51	301.0	301.0	301.0	1274,407,70,40	2070.1			
53	53	0.638	стакан-марка-красная	5.0	3.5	снег-в-тени	1.181	46.3	8.0	-3.0	8.5	bbox	52	302.0	302.0	302.0	285,42,32,31	2047.6			
54	54	1.170	рюкзак-синий	9.0	9.0	порода-в-тени	0.710	29.8	1.0	-5.0	5.1	bbox	53	33.0	31.0	38.0	1620,602,65,87	2043.0			
55	55	2.320	предмет-оранжевый	15.7	34.9	порода-охристая	2.317	29.4	27.0	20.0	33.6	bbox	54	302.0	300.0	304.0	801,602,39,31	1908.9			
56	56	0.613	стакан-марка-красная	2.0	15.7	порода-охристая	1.284	34.1	13.0	1.0	13.0	bbox	55	302.0	302.0	303.0	1581,19,42,30	1860.7			
57	57	0.811	рюкзак-синий	6.0	8.6	снег-в-тени	0.641	30.2	1.0	-8.0	8.1	bbox	56	243.0	243.0	244.0	70,901,26,45	1860.1			
58	58	0.810	рюкзак-синий	6.1	7.8	снег-в-тени	0.601	31.0	0.0	-8.0	8.0	bbox	57	245.0	245.0	245.0	528,1034,29,46	1774.2			
59	59	0.837	рюкзак-синий	6.1	9.8	снег-в-тени	1.076	48.6	7.0	-13.0	14.8	bbox	58	292.0	292.0	292.0	379,215,122,10	1718.7			
60	60	0.944	рюкзак-синий	6.1	15.7	снег-в-тени	0.916	23.1	2.0	-8.0	8.2	bbox	59	162.0	162.0	162.0	0,970,29,26	1684.3			
61	61	1.153	рюкзак-синий	9.0	7.0	снег-в-тени	0.696	31.8	1.0	-5.0	5.1	bbox	60	31.0	31.0	40.0	1409,679,68,82	1675.9			
62	62	1.211	рюкзак-синий	8.1	18.8	порода-в-тени	0.673	20.0	0.0	-6.0	6.0	bbox	61	195.0	195.0	196.0	261,572,23,43	1674.7			
63	63	0.482	стакан-марка-красная	1.4	12.5	порода-охристая	1.381	37.3	12.0	0.0	12.0	bbox	62	303.0	303.0	303.0	1239,777,30,20	1672.8			
64	64	2.041	рюкзак-синий	16.3	4.3	снег-в-тени	2.680	43.1	13.0	-25.0	28.2	bbox	63	291.0	291.0	291.0	1496,267,41,38	1667.9			
65	65	4.418	предмет-оранжевый	35.3	0.0	порода-охристая	5.303	64.3	52.0	19.0	55.4	bbox	64	300.0	300.0	300.0	1183,883,34,44	1664.2			
66	66	0.948	рюкзак-синий	6.0	16.3	снег-в-тени	0.910	22.5	1.0	-8.0	8.1	bbox	65	251.0	251.0	253.0	340,887,22,30	1622.0			
67	67	1.435	стакан-марка-красная	10.2	18.4	снег-розовый	0.378	68.2	1.0	3.0	3.2	bbox	66	306.0	305.0	306.0	1715,434,18,117	1583.6			
68	68	0.685	рюкзак-синий	5.4	3.6	снег-в-тени	0.922	42.4	6.0	-12.0	13.4	bbox	67	292.0	289.0	292.0	173,223,138,11	1582.3			
69	69	1.282	рюкзак-синий	5.4	30.6	снег-в-тени	1.887	8.2	6.0	-16.0	17.1	bbox	68	305.0	304.0	306.0	223,579,32,46	1435.2			
70	70	0.753	рюкзак-синий	6.0	1.9	снег-в-тени	0.410	36.9	1.0	-8.0	8.1	bbox	69	218.0	218.0	218.0	1307,24,28,20	1434.4			
71	71	1.452	стакан-марка-красная	11.0	12.5	порода-в-тени	0.664	37.3	0.0	0.0	0.0	bbox	70	297.0	297.0	298.0	607,29,54,28	1418.5			
72	72	1.393	стакан-марка-красная	9.8	18.2	порода-в-тени	0.687	31.6	2.0	-3.0	3.6	bbox	71	301.0	301.0	305.0	1171,133,110,28	1416.2			
73	73	1.117	стакан-марка-красная	3.6	28.6	порода-охристая	1.232	21.2	8.0	3.0	8.5	bbox	72	289.0	289.0	289.0	0,127,27,27	1399.7			
74	74	0.967	рюкзак-синий	5.1	20.4	снег-в-тени	1.085	18.4	2.0	-9.0	9.2	bbox	73	197.0	196.0	198.0	684,447,22,26	1393.3			
75	75	0.798	рюкзак-синий	1.4	21.8	снег-в-тени	1.018	60.6	2.0	-15.0	15.1	bbox	74	306.0	306.0	306.0	11,285,32,42	1348.8			
76	76	2.103	стакан-марка-красная	9.5	48.6	снег-освещённый	0.774	98.4	2.0	-2.0	2.8	bbox	75	301.0	301.0	301.0	609,483,10,134	1327.3			
77	77	0.879	рюкзак-синий	6.1	12.3	снег-в-тени	0.802	26.5	2.0	-8.0	8.2	bbox	76	162.0	161.0	162.0	0,1056,39,24	1308.3			
78	78	1.743	стакан-марка-красная	11.0	30.0	снег-освещённый	0.180	79.8	0.0	1.0	1.0	bbox	77	302.0	302.0	302.0	1345,217,40,120	1305.5			
79	79	1.586	рюкзак-синий	3.0	43.2	снег-пересвеченный	1.431	82.0	-2.0	-14.0	14.1	bbox	78	301.0	301.0	301.0	415,987,14,56	1284.4			
80	80	0.988	рюкзак-синий	6.0	18.0	порода-в-тени	0.952	20.8	1.0	-8.0	8.1	bbox	79	185.0	183.0	187.0	1609,900,18,25	1263.7			
81	81	0.763	рюкзак-синий	6.1	1.9	снег-в-тени	0.391	36.9	0.0	-8.0	8.0	bbox	80	216.0	213.0	216.0	1045,69,29,17	1258.2			
82	82	0.931	рюкзак-синий	7.3	5.5	снег-в-тени	0.546	33.3	-1.0	-7.0	7.1	bbox	81	264.0	264.0	264.0	0,1012,31,28	1254.4			
83	83	0.834	рюкзак-синий	6.3	7.4	снег-в-тени	0.600	31.4	-1.0	-8.0	8.1	bbox	82	286.0	286.0	286.0	1864,1068,56,12	1246.8			
84	84	0.940	рюкзак-синий	7.1	9.0	снег-в-тени	0.655	29.8	0.0	-7.0	7.0	bbox	83	192.0	192.0	192.0	1746,74,20,37	1237.8			
85	85	1.585	стакан-марка-красная	5.0	40.8	порода-охристая	1.455	9.0	15.0	4.0	15.5	bbox	84	299.0	299.0	299.0	449,1049,30,31	1232.5			
86	86	0.846	стакан-марка-красная	2.2	22.3	порода-охристая	1.217	27.5	13.0	2.0	13.2	bbox	85	303.0	303.0	303.0	1425,209,34,24	1224.4			
87	87	1.542	рюкзак-синий	12.0	9.4	порода-в-тени	0.426	29.4	0.0	-2.0	2.0	bbox	86	288.0	288.0	288.0	1441,162,56,69	1190.8			
88	88	0.967	рюкзак-синий	7.1	11.0	снег-в-тени	0.724	27.8	0.0	-7.0	7.0	bbox	87	188.0	188.0	190.0	1269,10,22,34	1190.6			
89	89	0.763	рюкзак-синий	6.1	1.9	снег-в-тени	0.391	36.9	0.0	-8.0	8.0	bbox	88	220.0	220.0	220.0	1589,0,34,14	1190.0			
90	90	0.811	рюкзак-синий	6.0	8.6	снег-в-тени	0.641	30.2	1.0	-8.0	8.1	bbox	89	259.0	259.0	259.0	1853,722,36,13	1186.4			
91	91	1.378	рюкзак-синий	6.7	30.6	снег-в-тени	1.621	69.4	7.0	-17.0	18.4	bbox	90	300.0	300.0	306.0	1503,65,32,48	1181.8			
92	92	1.017	рюкзак-синий	7.0	14.5	порода-в-тени	0.850	24.3	1.0	-7.0	7.1	bbox	91	221.0	221.0	221.0	132,546,17,27	1156.7			
93	93	0.886	рюкзак-синий	7.1	1.5	снег-в-тени	0.397	37.3	0.0	-7.0	7.0	bbox	92	247.0	247.0	247.0	794,1002,29,41	1140.5			
94	94	1.164	стакан-марка-красная	8.9	9.0	снег-в-тени	0.968	58.8	7.0	-7.0	9.9	bbox	93	289.0	289.0	292.0	207,166,30,17	1136.2			
95	95	1.952	стакан-марка-красная	11.0	38.6	снег-освещённый	0.300	88.4	0.0	0.0	0.0	bbox	94	305.0	305.0	305.0	1439,393,48,112	1120.6			
96	96	0.925	рюкзак-синий	7.3	4.7	снег-в-тени	1.220	34.1	8.0	-12.0	14.4	bbox	95	305.0	302.0	305.0	1839,259,72,13	1106.0			
97	97	1.054	рюкзак-синий	7.0	16.4	порода-в-тени	0.841	22.4	1.0	-7.0	7.1	bbox	96	186.0	184.0	188.0	1693,334,22,18	1073.5			
98	98	1.609	рюкзак-синий	6.3	39.2	снег-пересвеченный	0.856	78.0	-1.0	-8.0	8.1	bbox	97	291.0	291.0	291.0	1351,209,58,16	1072.0			
99	99	1.108	стакан-марка-красная	8.2	11.4	снег-розовый	0.707	61.2	3.0	-1.0	3.2	bbox	98	305.0	305.0	305.0	1646,369,21,69	1067.5			
100	100	1.677	рюкзак-синий	11.0	26.6	порода-в-тени	0.460	12.2	0.0	-3.0	3.0	bbox	99	290.0	290.0	290.0	469,1057,20,23	1037.4			
101	101	0.573	рюкзак-синий	4.5	3.5	снег-в-тени	1.261	35.3	5.0	-16.0	16.8	bbox	100	305.0	301.0	305.0	1677,657,6,89	1031.1			
102	102	0.900	рюкзак-синий	7.1	4.7	снег-в-тени	0.504	34.1	0.0	-7.0	7.0	bbox	101	240.0	240.0	240.0	70,759,31,27	1026.8			
103	103	0.891	рюкзак-синий	7.1	3.1	снег-в-тени	0.450	35.7	0.0	-7.0	7.0	bbox	102	161.0	161.0	162.0	195,937,26,35	1018.8			
104	104	0.858	рюкзак-синий	5.4	14.9	снег-в-тени	0.871	23.9	-1.0	-9.0	9.1	bbox	103	291.0	291.0	291.0	141,911,41,23	1018.2			
105	105	2.155	палка-ручка-пробка	15.6	25.5	корка-жёлтая-на-скале	0.805	50.2	-5.0	11.0	12.1	bbox	104	302.0	302.0	302.0	1203,121,68,10	1017.1			
106	106	0.703	рюкзак-синий	2.2	18.1	снег-в-тени	1.005	56.9	3.0	-15.0	15.3	bbox	105	305.0	305.0	305.0	0,345,93,12	1002.7			
107	107	3.454	предмет-оранжевый	25.0	41.2	порода-охристая	4.617	23.1	44.0	27.0	51.6	bbox	106	291.0	291.0	291.0	1569,1049,34,16	998.5			
108	108	0.889	рюкзак-синий	6.0	13.4	снег-в-тени	0.200	52.2	1.0	-8.0	8.1	bbox	107	27.0	26.0	29.0	1209,1037,33,37	996.6			
109	109	1.739	стакан-марка-красная	13.9	2.7	корка-жёлтая-на-скале	0.900	52.5	-1.0	8.0	8.1	bbox	108	289.0	289.0	289.0	417,9,19,24	954.3			
110	110	0.284	стакан-марка-красная	2.2	1.4	порода-охристая	1.207	48.4	9.0	2.0	9.2	bbox	109	301.0	301.0	301.0	386,313,43,14	951.7			
111	111	2.712	рюкзак-синий	20.5	24.7	снег-в-тени	3.443	14.1	15.0	-29.0	32.6	bbox	110	300.0	300.0	300.0	1119,385,19,34	932.3			
112	112	0.961	рюкзак-синий	7.1	10.6	снег-в-тени	0.710	28.2	0.0	-7.0	7.0	bbox	111	157.0	157.0	158.0	1559,822,28,26	929.7			
113	113	0.751	стакан-марка-красная	4.1	15.3	снег-розовый	1.467	65.1	12.0	-3.0	12.4	bbox	112	301.0	301.0	301.0	1863,263,17,19	920.4			
114	114	1.756	рюкзак-синий	1.0	49.0	снег-пересвеченный	1.401	87.8	1.0	-13.0	13.0	bbox	113	7.0	3.0	9.0	716,744,12,32	897.5			
115	115	1.826	стакан-марка-красная	11.7	30.6	порода-охристая	2.168	80.4	22.0	5.0	22.6	bbox	114	300.0	300.0	300.0	1135,767,24,29	892.1			
116	116	1.094	рюкзак-синий	8.1	11.9	порода-в-тени	0.712	26.9	0.0	-6.0	6.0	bbox	115	156.0	156.0	156.0	1326,878,22,23	886.8			
117	117	2.260	стакан-марка-красная	12.1	47.1	снег-пересвеченный	0.562	96.9	0.0	-4.0	4.0	bbox	116	292.0	292.0	292.0	0,46,18,34	876.8			
118	118	0.812	рюкзак-синий	5.1	14.1	снег-в-тени	0.834	24.7	0.0	-9.0	9.0	bbox	117	20.0	20.0	20.0	0,201,25,23	837.4			
119	119	1.279	стакан-марка-красная	8.0	22.3	порода-в-тени	0.719	27.5	3.0	1.0	3.2	bbox	118	294.0	294.0	294.0	1809,0,29,17	824.1			
120	120	0.896	рюкзак-синий	4.2	20.2	снег-в-тени	0.742	59.0	4.0	-11.0	11.7	bbox	119	297.0	297.0	298.0	623,107,39,18	814.8			
121	121	2.272	палка-древко-контроль	18.0	8.1	порода-в-тени	0.928	33.5	-7.0	3.0	7.6	bbox	120	301.0	301.0	305.0	1247,779,16,28	811.3			
122	122	1.017	рюкзак-синий	7.0	14.5	снег-в-тени	0.265	53.3	1.0	-7.0	7.1	bbox	121	34.0	32.0	35.0	1797,583,23,41	807.5			
123	123	2.067	стакан-марка-красная	13.6	32.9	порода-охристая	1.268	16.9	19.0	12.0	22.5	bbox	122	306.0	306.0	306.0	775,695,36,26	806.1			
124	124	0.999	рюкзак-синий	7.0	13.5	снег-в-тени	0.823	25.3	1.0	-7.0	7.1	bbox	123	221.0	221.0	221.0	208,700,18,19	801.9			
125	125	1.287	рюкзак-синий	9.2	16.1	порода-в-тени	0.522	22.7	-1.0	-5.0	5.1	bbox	124	181.0	179.0	182.0	1071,768,18,19	797.8			
126	126	1.281	рюкзак-синий	1.0	35.7	снег-в-тени	1.147	74.5	1.0	-13.0	13.0	bbox	125	29.0	29.0	29.0	1829,909,30,18	789.3			
127	127	0.979	стакан-марка-красная	6.1	17.3	порода-охристая	0.556	32.5	12.0	7.0	13.9	bbox	126	300.0	300.0	301.0	1823,459,30,26	787.6			
128	128	1.177	стакан-марка-красная	5.8	25.9	порода-в-тени	1.186	23.9	6.0	4.0	7.2	bbox	127	288.0	288.0	288.0	21,95,34,32	786.2			
129	129	1.988	рюкзак-синий	13.9	26.9	снег-в-тени	2.571	65.7	6.0	-27.0	27.7	bbox	128	300.0	300.0	300.0	1611,497,21,32	784.3			
130	130	1.354	рюкзак-синий	4.5	34.5	снег-в-тени	0.954	73.3	-1.0	-10.0	10.0	bbox	129	298.0	298.0	298.0	11,137,20,16	777.1			
131	131	1.832	стакан-марка-красная	11.0	33.7	снег-освещённый	0.296	83.5	0.0	2.0	2.0	bbox	130	295.0	295.0	295.0	1018,30,23,20	773.2			
132	132	0.938	рюкзак-синий	7.0	9.4	снег-в-тени	0.177	48.2	1.0	-7.0	7.1	bbox	131	216.0	209.0	223.0	1729,657,18,16	769.0			
133	133	1.122	рюкзак-синий	5.4	25.1	снег-в-тени	0.602	63.9	-1.0	-9.0	9.1	bbox	132	288.0	288.0	292.0	1401,359,22,26	762.4			
134	134	0.761	рюкзак-синий	6.1	0.8	снег-в-тени	0.293	39.6	0.0	-8.0	8.0	bbox	133	202.0	199.0	202.0	1907,364,13,64	761.3			
135	135	1.251	стакан-марка-красная	10.0	1.6	снег-розовый	1.064	48.2	1.0	1.0	1.4	bbox	134	304.0	304.0	304.0	1377,513,26,66	760.5			
136	136	0.769	рюкзак-синий	6.1	3.3	снег-в-тени	0.440	35.5	0.0	-8.0	8.0	bbox	135	160.0	160.0	160.0	99,780,22,37	751.2			
137	137	0.878	рюкзак-синий	7.0	2.2	снег-в-тени	1.274	41.0	8.0	-14.0	16.1	bbox	136	304.0	304.0	304.0	81,397,56,10	744.2			
138	138	1.682	рюкзак-синий	13.0	12.2	снег-в-тени	2.374	51.0	6.0	-26.0	26.7	bbox	137	300.0	300.0	300.0	1415,477,22,32	736.6			
139	139	1.817	рюкзак-синий	14.1	11.7	снег-в-тени	2.250	27.1	15.0	-16.0	21.9	bbox	138	291.0	291.0	291.0	1820,635,21,14	735.8			
140	140	0.952	рюкзак-синий	6.1	16.1	снег-в-тени	0.929	22.7	2.0	-8.0	8.2	bbox	139	171.0	170.0	175.0	424,1021,25,19	734.2			
141	141	1.498	стакан-марка-красная	9.4	25.9	порода-охристая	1.492	75.7	16.0	9.0	18.4	bbox	140	291.0	291.0	291.0	892,307,21,16	733.9			
142	142	1.823	рюкзак-синий	3.2	49.8	снег-пересвеченный	1.120	88.6	0.0	-11.0	11.0	bbox	141	11.0	9.0	12.0	186,753,23,16	718.9			
143	143	1.147	стакан-марка-красная	8.6	11.2	снег-в-тени	0.849	61.0	4.0	-4.0	5.7	bbox	142	300.0	300.0	300.0	1734,397,40,16	716.1			
144	144	0.996	рюкзак-синий	7.8	5.5	снег-в-тени	0.760	44.3	6.0	-8.0	10.0	bbox	143	288.0	288.0	288.0	473,309,16,13	714.6			
145	145	0.911	рюкзак-синий	6.0	14.5	снег-в-тени	0.848	24.3	1.0	-8.0	8.1	bbox	144	191.0	191.0	192.0	1658,63,15,20	713.0			
146	146	1.764	рюкзак-синий	13.9	7.9	порода-в-тени	0.971	46.7	-4.0	-1.0	4.1	bbox	145	289.0	289.0	289.0	1883,0,31,9	704.4			
147	147	1.782	стакан-марка-красная	13.6	14.9	снег-розовый	0.776	64.7	-2.0	5.0	5.4	bbox	146	292.0	292.0	292.0	123,11,26,18	700.3			
148	148	1.173	стакан-марка-красная	8.2	15.7	порода-в-тени	0.794	34.1	3.0	-1.0	3.2	bbox	147	102.0	102.0	102.0	809,33,16,16	693.7			
149	149	0.177	рюкзак-синий	1.4	0.4	снег-в-тени	0.960	39.2	2.0	-15.0	15.1	bbox	148	306.0	305.0	306.0	240,841,27,56	691.4			
150	150	1.893	рюкзак-синий	12.0	32.1	порода-в-тени	0.565	6.7	0.0	-2.0	2.0	bbox	149	300.0	300.0	300.0	1528,668,17,25	684.5			
151	151	0.694	рюкзак-синий	5.4	4.7	снег-в-тени	1.259	43.5	6.0	-16.0	17.1	bbox	150	302.0	302.0	302.0	0,132,47,13	678.6			
152	152	0.967	рюкзак-синий	7.0	11.5	снег-в-тени	0.755	27.3	1.0	-7.0	7.1	bbox	151	254.0	254.0	254.0	600,923,22,14	672.9			
153	153	0.833	рюкзак-синий	6.0	10.2	снег-в-тени	0.696	28.6	1.0	-8.0	8.1	bbox	152	252.0	252.0	252.0	1718,533,25,18	663.5			
154	154	1.536	стакан-марка-красная	11.0	18.8	снег-освещённый	0.452	68.6	0.0	0.0	0.0	bbox	153	288.0	288.0	288.0	511,673,35,8	654.1			
155	155	1.764	стакан-марка-красная	13.6	13.1	снег-розовый	0.815	62.9	-2.0	5.0	5.4	bbox	154	303.0	303.0	305.0	973,318,40,21	649.8			
156	156	0.797	рюкзак-синий	6.1	6.6	снег-в-тени	0.559	32.2	0.0	-8.0	8.0	bbox	155	155.0	155.0	155.0	1696,1031,15,33	647.2			
157	157	0.917	рюкзак-синий	7.3	3.1	снег-в-тени	1.199	35.7	8.0	-12.0	14.4	bbox	156	303.0	303.0	303.0	115,255,12,20	646.9			
158	158	1.527	стакан-марка-красная	11.2	17.3	порода-в-тени	0.708	32.5	0.0	3.0	3.0	bbox	157	290.0	287.0	290.0	561,617,16,32	646.1			
159	159	0.742	стакан-марка-красная	5.0	11.2	порода-охристая	0.625	38.6	11.0	6.0	12.5	bbox	158	302.0	302.0	302.0	1081,335,16,16	637.3			
160	160	1.130	рюкзак-синий	8.1	14.3	порода-в-тени	0.689	24.5	0.0	-6.0	6.0	bbox	159	225.0	224.0	226.0	1128,692,23,20	636.5			
161	161	0.575	стакан-марка-красная	2.0	14.5	снег-розовый	1.277	64.3	11.0	-1.0	11.0	bbox	160	291.0	291.0	291.0	1431,223,48,14	628.2			
162	162	1.002	рюкзак-синий	8.0	1.9	снег-в-тени	0.480	36.9	1.0	-6.0	6.1	bbox	161	21.0	21.0	23.0	233,527,20,18	626.4			
163	163	1.531	стакан-марка-красная	11.4	15.7	снег-розовый	0.559	65.5	0.0	4.0	4.0	bbox	162	299.0	299.0	299.0	13,0,16,49	623.7			
164	164	0.875	рюкзак-синий	3.6	21.0	снег-в-тени	1.197	59.8	4.0	-16.0	16.5	bbox	163	305.0	304.0	305.0	101,357,52,8	620.1			
165	165	0.674	рюкзак-синий	5.4	0.6	снег-в-тени	0.950	39.4	6.0	-12.0	13.4	bbox	164	303.0	303.0	303.0	891,77,60,6	616.0			
166	166	0.915	рюкзак-синий	7.1	6.6	снег-в-тени	0.572	32.2	0.0	-7.0	7.0	bbox	165	265.0	265.0	270.0	144,996,20,15	613.1			
167	167	1.805	стакан-марка-красная	13.9	13.3	снег-розовый	0.876	63.1	-2.0	6.0	6.3	bbox	166	288.0	288.0	288.0	669,828,5,53	609.2			
168	168	2.861	предмет-оранжевый	22.7	11.0	порода-охристая	3.361	75.3	35.0	17.0	38.9	bbox	167	300.0	300.0	302.0	1347,815,16,12	607.1			
169	169	1.334	стакан-марка-красная	10.0	12.6	снег-розовый	0.559	62.4	1.0	2.0	2.2	bbox	168	299.0	299.0	299.0	257,803,24,62	604.8			
170	170	0.680	рюкзак-синий	5.0	7.5	снег-в-тени	0.185	46.3	1.0	-9.0	9.1	bbox	169	219.0	215.0	221.0	129,801,20,14	603.4			
171	171	0.874	стакан-марка-красная	6.4	9.8	снег-в-тени	1.015	40.0	6.0	-3.0	6.7	bbox	170	289.0	289.0	289.0	261,85,19,30	601.8			
172	172	0.816	рюкзак-синий	6.0	9.0	снег-в-тени	0.655	29.8	1.0	-8.0	8.1	bbox	171	201.0	201.0	201.0	1764,493,11,27	598.4			
173	173	0.997	рюкзак-синий	7.1	12.9	снег-в-тени	0.793	25.9	0.0	-7.0	7.0	bbox	172	253.0	252.0	253.0	379,988,23,12	593.5			
174	174	0.952	рюкзак-синий	7.3	7.8	снег-в-тени	0.626	31.0	-1.0	-7.0	7.1	bbox	173	204.0	204.0	204.0	1870,1037,26,11	581.1			
175	175	0.755	рюкзак-синий	6.0	2.3	снег-в-тени	0.423	36.5	1.0	-8.0	8.1	bbox	174	219.0	219.0	219.0	1464,0,27,19	575.2			
176	176	0.980	рюкзак-синий	3.2	25.1	снег-в-тени	0.687	63.9	0.0	-11.0	11.0	bbox	175	278.0	278.0	281.0	207,7,22,10	572.2			
177	177	0.752	рюкзак-синий	3.6	16.8	снег-в-тени	1.064	22.0	3.0	-11.0	11.4	bbox	176	95.0	95.0	95.0	1890,162,21,19	567.8			
178	178	2.120	стакан-марка-красная	11.9	42.3	порода-в-тени	0.800	7.5	-0.5	4.0	4.0	bbox	177	306.0	306.0	306.0	1141,0,48,9	567.0			
179	179	1.425	стакан-марка-красная	11.2	7.8	порода-в-тени	0.952	42.0	0.0	3.0	3.0	bbox	178	287.0	287.0	287.0	505,849,12,33	562.0			
180	180	2.084	стакан-марка-красная	10.4	45.5	снег-освещённый	0.627	95.3	1.0	-2.0	2.2	bbox	179	301.0	301.0	306.0	1791,305,20,43	557.6			
181	181	0.928	рюкзак-синий	6.1	14.9	снег-в-тени	0.889	23.9	2.0	-8.0	8.2	bbox	180	193.0	193.0	193.0	1837,145,11,19	554.1			
182	182	1.708	рюкзак-синий	13.2	12.9	порода-в-тени	0.232	25.9	-1.0	-1.0	1.4	bbox	181	96.0	78.0	98.0	929,0,34,9	549.5			
183	183	0.903	рюкзак-синий	7.0	6.3	снег-в-тени	0.573	32.5	1.0	-7.0	7.1	bbox	182	34.0	34.0	34.0	1745,479,22,34	546.5			
184	184	0.796	стакан-марка-красная	5.1	13.3	снег-в-тени	1.406	36.5	10.0	-4.0	10.8	bbox	183	291.0	291.0	291.0	1512,425,13,18	546.3			
185	185	0.970	рюкзак-синий	7.0	11.7	снег-в-тени	0.762	27.1	1.0	-7.0	7.1	bbox	184	194.0	194.0	194.0	25,531,18,34	544.4			
186	186	0.702	рюкзак-синий	5.1	8.2	снег-в-тени	0.627	30.6	0.0	-9.0	9.0	bbox	185	236.0	235.0	238.0	327,839,5,45	540.1			
187	187	0.923	рюкзак-синий	7.1	7.4	снег-в-тени	0.600	31.4	0.0	-7.0	7.0	bbox	186	241.0	241.0	246.0	299,723,21,17	539.7			
188	188	1.120	рюкзак-синий	8.1	13.7	порода-в-тени	0.694	25.1	0.0	-6.0	6.0	bbox	187	250.0	250.0	251.0	1489,634,14,16	538.8			
189	189	1.551	стакан-марка-красная	12.2	7.8	корка-жёлтая-на-скале	0.951	57.6	1.0	8.0	8.1	bbox	188	290.0	290.0	290.0	864,167,25,13	534.7			
190	190	0.354	рюкзак-синий	2.8	0.0	снег-в-тени	1.115	38.8	3.0	-16.0	16.3	bbox	189	303.0	303.0	303.0	0,183,37,14	526.5			
191	191	0.783	рюкзак-синий	6.0	6.3	снег-в-тени	0.559	32.5	1.0	-8.0	8.1	bbox	190	262.0	262.0	263.0	0,1025,12,20	525.8			
192	192	0.950	рюкзак-синий	7.0	10.4	снег-в-тени	0.714	28.4	1.0	-7.0	7.1	bbox	191	209.0	209.0	209.0	145,588,18,11	519.2			
193	193	0.948	рюкзак-синий	7.3	7.4	снег-в-тени	0.613	31.4	-1.0	-7.0	7.1	bbox	192	233.0	229.0	237.0	149,563,20,8	505.0			
194	194	1.560	рюкзак-синий	6.3	37.7	снег-пересвеченный	0.887	76.5	-1.0	-8.0	8.1	bbox	193	288.0	288.0	289.0	1389,0,6,47	501.3			
195	195	1.031	рюкзак-синий	7.0	15.3	порода-в-тени	0.846	23.5	1.0	-7.0	7.1	bbox	194	250.0	249.0	251.0	1542,508,14,12	499.2			
196	196	1.154	стакан-марка-красная	9.1	6.3	снег-розовый	0.808	56.1	2.0	0.0	2.0	bbox	195	63.0	63.0	63.0	239,590,11,21	499.1			
197	197	1.863	стакан-марка-красная	14.8	7.1	корка-жёлтая-на-скале	0.928	42.7	-2.0	8.0	8.2	bbox	196	306.0	305.0	306.0	778,280,53,9	493.1			
198	198	1.013	стакан-марка-красная	8.1	2.9	снег-в-тени	0.820	52.7	4.0	-3.0	5.0	bbox	197	304.0	304.0	305.0	503,497,11,50	486.3			
199	199	1.288	рюкзак-синий	10.2	5.1	снег-в-тени	0.534	43.9	-1.0	-4.0	4.1	bbox	198	16.0	16.0	23.0	21,405,20,14	486.1			
200	200	2.094	рюкзак-синий	14.9	27.0	снег-в-тени	2.839	11.8	11.0	-25.0	27.3	bbox	199	291.0	291.0	291.0	1575,387,14,21	486.1			
201	201	1.370	стакан-марка-красная	10.8	7.1	снег-в-тени	0.662	42.7	1.0	-3.0	3.2	bbox	200	2.0	2.0	6.0	1265,217,24,16	483.2			
202	202	2.073	стакан-марка-красная	13.0	35.9	порода-охристая	1.243	13.9	18.0	12.0	21.6	bbox	201	306.0	305.0	306.0	959,827,24,22	480.7			
203	203	1.251	рюкзак-синий	8.1	20.8	порода-в-тени	0.805	18.0	2.0	-6.0	6.3	bbox	202	180.0	179.0	180.0	1907,1017,13,16	477.6			
204	204	0.935	рюкзак-синий	7.0	9.2	снег-в-тени	0.673	29.6	1.0	-7.0	7.1	bbox	203	261.0	261.0	263.0	419,841,14,12	476.2			
205	205	0.538	рюкзак-синий	4.1	4.3	снег-в-тени	0.300	43.1	0.0	-10.0	10.0	bbox	204	235.0	235.0	237.0	107,852,10,41	468.0			
206	206	0.711	рюкзак-синий	4.1	13.7	снег-в-тени	0.848	25.1	0.0	-10.0	10.0	bbox	205	277.0	276.0	278.0	6,1048,16,17	467.0			
207	207	1.293	рюкзак-синий	6.3	28.7	снег-в-тени	0.796	67.5	3.0	-8.0	8.5	bbox	206	297.0	297.0	297.0	936,209,53,16	466.7			
208	208	0.874	стакан-марка-красная	4.5	18.8	порода-охристая	1.149	31.0	7.0	3.0	7.6	bbox	207	288.0	288.0	288.0	0,128,21,33	460.4			
209	209	1.291	стакан-марка-красная	7.2	25.9	порода-охристая	0.876	23.9	7.0	7.0	9.9	bbox	208	291.0	291.0	291.0	470,41,19,16	456.0			
210	210	2.060	рюкзак-синий	13.0	35.3	порода-в-тени	0.652	3.5	0.0	-1.0	1.0	bbox	209	53.0	53.0	54.0	61,1057,18,8	454.7			
211	211	1.216	рюкзак-синий	8.1	19.0	снег-в-тени	0.437	57.8	0.0	-6.0	6.0	bbox	210	287.0	287.0	288.0	1611,585,46,16	453.3			
212	212	1.254	рюкзак-синий	0.0	35.1	снег-в-тени	1.204	73.9	1.0	-14.0	14.0	bbox	211	31.0	31.0	31.0	1755,504,22,23	450.3			
213	213	1.275	рюкзак-синий	9.2	15.3	порода-в-тени	0.527	23.5	-1.0	-5.0	5.1	bbox	212	226.0	225.0	227.0	1317,776,14,13	449.4			
214	214	1.238	рюкзак-синий	9.5	10.0	снег-в-тени	1.471	28.8	10.0	-11.0	14.9	bbox	213	306.0	303.0	306.0	1795,253,12,18	447.3			
215	215	0.811	рюкзак-синий	6.0	8.6	снег-в-тени	0.641	30.2	1.0	-8.0	8.1	bbox	214	260.0	259.0	260.0	282,828,15,11	445.8			
216	216	1.169	рюкзак-синий	9.1	8.2	порода-в-тени	0.667	30.6	0.0	-5.0	5.0	bbox	215	271.0	267.0	271.0	1511,505,13,18	442.8			
217	217	1.228	рюкзак-синий	9.1	13.3	порода-в-тени	0.588	25.5	0.0	-5.0	5.0	bbox	216	74.0	69.0	74.0	1316,61,15,22	436.2			
218	218	1.245	рюкзак-синий	9.1	14.5	порода-в-тени	0.576	24.3	0.0	-5.0	5.0	bbox	217	177.0	177.0	177.0	1809,634,26,15	435.3			
219	219	1.811	рюкзак-синий	5.1	47.5	снег-пересвеченный	0.915	86.3	0.0	-9.0	9.0	bbox	218	27.0	27.0	28.0	1187,924,9,28	433.0			
220	220	1.549	рюкзак-синий	11.0	20.0	порода-в-тени	0.454	18.8	1.0	-3.0	3.2	bbox	219	102.0	101.0	104.0	917,786,19,12	429.3			
221	221	0.786	стакан-марка-красная	3.6	18.0	порода-в-тени	1.314	31.8	8.0	-1.0	8.1	bbox	220	31.0	31.0	31.0	1819,801,19,12	426.3			
222	222	1.553	стакан-марка-красная	10.3	24.3	снег-розовый	0.515	74.1	2.0	6.0	6.3	bbox	221	306.0	306.0	306.0	1593,606,8,52	424.5			
223	223	1.516	стакан-марка-красная	11.2	16.5	порода-в-тени	0.525	33.3	0.0	-1.0	1.0	bbox	222	294.0	294.0	295.0	1239,953,10,38	423.2			
224	224	1.115	стакан-марка-красная	7.8	15.1	снег-розовый	0.772	64.9	5.0	6.0	7.8	bbox	223	291.0	291.0	291.0	1257,580,22,13	422.9			
225	225	1.318	стакан-марка-красная	9.5	16.1	порода-в-тени	0.931	33.7	2.0	4.0	4.5	bbox	224	303.0	303.0	303.0	1261,847,20,18	422.2			
226	226	1.375	рюкзак-синий	11.0	0.8	снег-в-тени	0.701	39.6	1.0	-3.0	3.2	bbox	225	3.0	2.0	3.0	845,549,22,28	417.6			
227	227	2.143	стакан-марка-красная	11.2	45.5	снег-розовый	0.815	95.3	1.0	6.0	6.1	bbox	226	302.0	302.0	302.0	1553,404,3,53	416.8			
228	228	1.260	рюкзак-синий	8.1	21.2	порода-в-тени	0.680	17.6	0.0	-6.0	6.0	bbox	227	177.0	173.0	185.0	1018,532,8,17	416.7			
229	229	0.865	рюкзак-синий	6.1	11.5	снег-в-тени	0.734	27.3	0.0	-8.0	8.0	bbox	228	212.0	212.0	212.0	1868,541,13,12	415.8			
230	230	1.642	стакан-марка-красная	7.2	38.4	снег-розовый	0.822	88.2	5.0	-3.0	5.8	bbox	229	291.0	290.0	291.0	1179,199,38,10	414.5			
231	231	1.299	стакан-марка-красная	2.0	35.7	порода-охристая	1.324	14.1	11.0	3.0	11.4	bbox	230	289.0	289.0	289.0	103,0,10,17	403.9			
232	232	1.430	стакан-марка-красная	11.4	3.3	снег-в-тени	0.752	46.5	0.0	-2.0	2.0	bbox	231	3.0	0.0	14.0	799,603,22,20	399.0			
233	233	1.420	рюкзак-синий	11.0	10.0	порода-в-тени	0.542	28.8	1.0	-3.0	3.2	bbox	232	69.0	69.0	69.0	1841,201,26,14	393.6			
234	234	0.693	рюкзак-синий	5.0	8.4	снег-в-тени	0.646	30.4	1.0	-9.0	9.1	bbox	233	272.0	268.0	272.0	1737,1018,12,14	393.2			
235	235	1.273	рюкзак-синий	9.2	15.1	снег-в-тени	0.452	53.9	-1.0	-5.0	5.1	bbox	234	287.0	287.0	288.0	1862,667,21,10	392.8			
236	236	1.810	стакан-марка-красная	11.1	32.6	снег-освещённый	0.150	82.4	0.0	-0.5	0.5	bbox	235	289.0	289.0	289.0	1905,537,12,24	392.6			
237	237	0.716	рюкзак-синий	5.0	9.8	снег-в-тени	0.694	29.0	1.0	-9.0	9.1	bbox	236	238.0	238.0	239.0	122,73,6,18	390.1			
238	238	1.710	рюкзак-синий	13.3	10.6	порода-в-тени	0.280	28.2	-2.0	-1.0	2.2	bbox	237	81.0	80.0	81.0	381,0,24,9	389.8			
239	239	0.855	рюкзак-синий	6.1	11.0	снег-в-тени	0.713	27.8	0.0	-8.0	8.0	bbox	238	228.0	226.0	228.0	1810,875,23,13	387.0			
240	240	2.126	стакан-марка-красная	15.2	26.5	порода-в-тени	1.013	23.3	-3.0	7.0	7.6	bbox	239	303.0	303.0	303.0	881,0,30,7	382.5			
241	241	1.840	стакан-марка-красная	14.1	14.3	снег-освещённый	0.658	64.1	-3.0	-1.0	3.2	bbox	240	288.0	287.0	288.0	1839,535,38,14	376.0			
242	242	1.521	рюкзак-синий	11.0	18.2	порода-в-тени	0.451	20.6	1.0	-3.0	3.2	bbox	241	74.0	73.0	75.0	1337,96,14,17	372.8			
243	243	0.801	стакан-марка-красная	5.4	12.2	порода-в-тени	1.174	37.6	6.0	-1.0	6.1	bbox	242	31.0	27.0	32.0	1818,1009,13,18	372.4			
244	244	0.629	рюкзак-синий	5.0	1.9	снег-в-тени	0.429	36.9	1.0	-9.0	9.1	bbox	243	218.0	218.0	218.0	1690,56,20,7	371.9			
245	245	1.859	стакан-марка-красная	14.8	6.3	корка-жёлтая-на-скале	0.923	43.5	-2.0	8.0	8.2	bbox	244	302.0	302.0	302.0	1283,123,32,15	369.3			
246	246	0.891	рюкзак-синий	2.7	23.1	снег-в-тени	1.583	15.7	2.0	-16.5	16.6	bbox	245	304.0	304.0	306.0	975,700,18,7	367.0			
247	247	1.387	стакан-марка-красная	8.6	24.5	снег-розовый	0.799	74.3	4.0	-4.0	5.7	bbox	246	304.0	303.0	304.0	489,421,9,40	364.7			
248	248	1.555	стакан-марка-красная	11.7	14.7	снег-освещённый	0.703	64.5	0.0	-3.0	3.0	bbox	247	63.0	63.0	67.0	871,107,22,14	364.1			
249	249	1.555	рюкзак-синий	4.0	41.2	снег-пересвеченный	1.078	80.0	-1.0	-10.5	10.5	bbox	248	33.0	32.0	33.0	1897,967,10,19	363.8			
250	250	0.905	рюкзак-синий	3.6	22.0	снег-в-тени	1.273	60.8	3.0	-17.0	17.3	bbox	249	16.0	9.0	20.0	213,272,24,17	361.0			
251	251	1.389	стакан-марка-красная	11.0	5.5	снег-розовый	0.844	55.3	0.0	1.0	1.0	bbox	250	291.0	291.0	293.0	1066,167,55,10	359.4			
252	252	0.800	рюкзак-синий	6.0	7.8	снег-в-тени	0.614	31.0	1.0	-8.0	8.1	bbox	251	208.0	208.0	208.0	95,610,26,6	359.1			
253	253	0.460	рюкзак-синий	2.2	10.2	снег-в-тени	1.032	49.0	2.0	-16.0	16.1	bbox	252	48.0	48.0	48.0	1669,697,14,12	357.5			
254	254	0.669	рюкзак-синий	5.0	6.6	снег-в-тени	0.586	32.2	1.0	-9.0	9.1	bbox	253	254.0	253.0	255.0	162,360,11,15	350.7			
255	255	1.304	палка-ручка-контроль	10.0	9.8	порода-охристая	0.869	47.8	7.0	16.0	17.5	bbox	254	291.0	291.0	295.0	1265,369,13,8	350.3			
256	256	1.344	стакан-марка-красная	9.8	15.1	порода-в-тени	0.757	34.7	2.0	-3.0	3.6	bbox	255	3.0	0.0	3.0	1409,425,32,12	350.2			
257	257	1.819	стакан-марка-красная	11.0	33.3	снег-освещённый	0.195	83.1	0.0	1.0	1.0	bbox	256	293.0	293.0	293.0	935,89,26,8	345.9			
258	258	1.195	рюкзак-синий	6.0	26.1	порода-в-тени	0.990	12.7	1.0	-8.0	8.1	bbox	257	299.0	299.0	299.0	1781,1057,12,23	345.4			
259	259	1.754	стакан-марка-красная	10.2	33.7	порода-в-тени	0.406	16.1	1.0	-1.0	1.4	bbox	258	71.0	71.0	71.0	1805,18,26,18	341.2			
260	260	1.768	рюкзак-синий	13.2	18.2	порода-в-тени	0.125	20.6	-1.0	-1.0	1.4	bbox	259	91.0	86.0	94.0	773,13,14,18	340.5			
261	261	1.312	рюкзак-синий	8.1	23.5	порода-в-тени	0.697	15.3	0.0	-6.0	6.0	bbox	260	133.0	133.0	133.0	1399,1010,14,19	339.7			
262	262	0.805	рюкзак-синий	6.0	8.2	снег-в-тени	0.627	30.6	1.0	-8.0	8.1	bbox	261	239.0	239.0	247.0	0,510,11,11	338.1			
263	263	0.522	рюкзак-синий	4.1	2.3	снег-в-тени	0.537	36.5	2.0	-10.0	10.2	bbox	262	217.0	217.0	217.0	1161,71,15,8	335.8			
264	264	1.682	рюкзак-синий	12.6	16.1	порода-в-тени	0.196	22.7	-3.0	-2.0	3.6	bbox	263	78.0	78.0	81.0	0,5,21,18	335.0			
265	265	1.035	рюкзак-синий	8.0	7.4	снег-в-тени	0.650	31.4	1.0	-6.0	6.1	bbox	264	36.0	36.0	38.0	1856,475,19,24	332.3			
266	266	1.084	рюкзак-синий	8.5	6.3	снег-в-тени	1.031	32.5	7.0	-8.0	10.6	bbox	265	306.0	306.0	306.0	449,367,10,18	329.0			
267	267	1.074	рюкзак-синий	8.1	10.4	порода-в-тени	0.732	28.4	0.0	-6.0	6.0	bbox	266	159.0	154.0	162.0	1407,212,10,25	327.7			
268	268	1.752	рюкзак-синий	4.5	46.5	снег-пересвеченный	0.971	85.3	-1.0	-10.0	10.0	bbox	267	26.0	25.0	30.0	936,949,11,28	325.8			
269	269	0.385	рюкзак-синий	2.5	6.3	снег-в-тени	1.074	45.1	1.0	-16.5	16.5	bbox	268	49.0	49.0	49.0	145,852,10,13	323.9			
270	270	1.054	рюкзак-синий	3.6	26.7	снег-в-тени	1.296	65.5	-1.0	-17.0	17.0	bbox	269	55.0	55.0	55.0	1699,661,10,22	323.8			
271	271	0.866	рюкзак-синий	6.1	11.6	снег-в-тени	1.079	50.4	7.0	-13.0	14.8	bbox	270	292.0	292.0	292.0	601,209,24,6	320.6			
272	272	1.404	рюкзак-синий	10.2	16.4	порода-в-тени	0.401	22.4	-1.0	-4.0	4.1	bbox	271	130.0	129.0	130.0	302,778,11,11	319.3			
273	273	1.208	рюкзак-синий	3.6	31.4	снег-в-тени	0.892	70.2	-1.0	-11.0	11.0	bbox	272	298.0	298.0	299.0	49,227,14,14	319.1			
274	274	0.831	рюкзак-синий	6.1	9.4	снег-в-тени	0.657	29.4	0.0	-8.0	8.0	bbox	273	254.0	254.0	254.0	1286,829,11,16	317.4			
275	275	0.633	стакан-марка-красная	5.0	2.7	снег-в-тени	1.153	47.1	7.0	-2.0	7.3	bbox	274	303.0	303.0	303.0	183,105,14,12	317.2			
276	276	1.512	рюкзак-синий	6.3	36.1	снег-пересвеченный	0.920	74.9	-1.0	-8.0	8.1	bbox	275	62.0	59.0	62.0	679,22,18,11	315.4			
277	277	1.645	стакан-марка-красная	11.2	24.3	порода-в-тени	0.309	25.5	0.0	-1.0	1.0	bbox	276	69.0	59.0	70.0	1595,19,34,8	314.6			
278	278	0.835	рюкзак-синий	4.1	18.4	снег-в-тени	1.041	20.4	2.0	-10.0	10.2	bbox	277	181.0	178.0	191.0	601,56,12,11	314.6			
279	279	1.265	рюкзак-синий	2.2	34.5	снег-в-тени	1.040	73.3	0.0	-12.0	12.0	bbox	278	33.0	32.0	34.0	1879,495,12,18	313.2			
280	280	0.811	рюкзак-синий	6.0	8.6	снег-в-тени	0.641	30.2	1.0	-8.0	8.1	bbox	279	199.0	196.0	199.0	1253,523,12,35	309.9			
281	281	0.685	рюкзак-синий	5.0	7.8	снег-в-тени	0.626	31.0	1.0	-9.0	9.1	bbox	280	209.0	205.0	211.0	1290,452,11,13	309.5			
282	282	0.667	рюкзак-синий	5.0	6.3	снег-в-тени	0.589	32.5	1.5	-9.0	9.1	bbox	281	272.0	267.0	272.0	1664,538,25,6	304.6			
283	283	0.948	рюкзак-синий	7.3	7.4	снег-в-тени	0.613	31.4	-1.0	-7.0	7.1	bbox	282	238.0	238.0	238.0	194,744,17,10	304.5			
284	284	1.106	рюкзак-синий	7.8	14.5	снег-в-тени	1.689	53.3	6.0	-20.0	20.9	bbox	283	21.0	21.0	22.0	379,393,15,14	304.4			
285	285	0.685	рюкзак-синий	5.0	7.8	снег-в-тени	0.626	31.0	1.0	-9.0	9.1	bbox	284	267.0	264.0	267.0	1846,963,11,13	304.2			
286	286	1.275	стакан-марка-красная	10.2	0.0	снег-в-тени	0.887	49.8	1.0	-1.0	1.4	bbox	285	1.0	1.0	1.0	143,848,8,19	303.4			
287	287	4.763	рюкзак-синий	38.1	5.1	снег-в-тени	5.503	43.9	16.0	-49.0	51.5	bbox	286	291.0	291.0	291.0	1841,53,16,12	299.0			
288	288	1.353	рюкзак-синий	9.1	20.8	порода-в-тени	0.565	18.0	0.0	-5.0	5.0	bbox	287	131.0	130.0	131.0	1220,1010,9,15	295.1			
289	289	1.319	рюкзак-синий	10.2	9.4	снег-в-тени	0.516	48.2	-1.0	-4.0	4.1	bbox	288	303.0	303.0	303.0	57,374,24,8	294.3			
290	290	1.190	рюкзак-синий	2.2	32.4	снег-в-тени	0.973	71.2	0.0	-12.0	12.0	bbox	289	31.0	31.0	31.0	1583,1053,10,17	292.8			
291	291	1.682	рюкзак-синий	12.6	16.1	порода-в-тени	0.196	22.7	-3.0	-2.0	3.6	bbox	290	79.0	79.0	98.0	55,35,20,14	291.9			
292	292	2.245	стакан-марка-красная	14.9	35.3	порода-охристая	1.519	14.5	21.0	12.0	24.2	bbox	291	304.0	304.0	304.0	729,883,12,16	291.4			
293	293	1.495	рюкзак-синий	11.0	16.1	порода-в-тени	0.363	22.7	0.0	-3.0	3.0	bbox	292	107.0	105.0	107.0	1805,703,24,6	289.4			
294	294	1.355	рюкзак-синий	9.2	20.0	порода-в-тени	0.802	18.8	3.0	-5.0	5.8	bbox	293	178.0	175.0	178.0	1726,987,13,12	282.1			
295	295	1.452	стакан-марка-красная	6.3	34.1	порода-охристая	0.985	15.7	13.0	7.0	14.8	bbox	294	305.0	305.0	305.0	1126,731,10,10	281.2			
296	296	2.964	рюкзак-синий	23.7	1.2	снег-в-тени	3.711	37.6	12.0	-35.0	37.0	bbox	295	291.0	291.0	291.0	1639,587,9,16	276.7			
297	297	1.904	стакан-марка-красная	14.8	13.1	порода-охристая	1.669	36.7	24.0	8.0	25.3	bbox	296	291.0	291.0	291.0	1399,393,10,10	276.6			
298	298	1.352	рюкзак-синий	7.1	28.7	снег-в-тени	1.716	67.5	6.0	-19.0	19.9	bbox	297	61.0	60.0	61.0	835,177,20,8	275.4			
299	299	1.353	рюкзак-синий	9.1	20.4	порода-в-тени	0.756	18.4	2.5	-5.0	5.6	bbox	298	180.0	178.0	180.0	1790,1034,9,16	275.3			
300	300	4.478	предмет-оранжевый	35.1	25.9	порода-охристая	6.094	38.4	55.0	32.0	63.6	bbox	299	291.0	291.0	291.0	1605,1045,12,22	274.9			
301	301	0.507	рюкзак-синий	4.0	2.3	снег-в-тени	0.492	36.5	1.0	-10.0	10.0	bbox	300	219.0	219.0	219.0	1841,30,19,7	274.7			
302	302	1.529	рюкзак-синий	7.8	33.0	снег-в-тени	1.883	71.8	6.0	-20.0	20.9	bbox	301	62.0	58.0	62.0	1163,41,20,8	274.3			
303	303	0.623	рюкзак-синий	4.6	6.6	снег-в-тени	1.245	32.2	5.5	-15.0	16.0	bbox	302	90.0	86.0	91.0	1427,0,24,7	274.2			
304	304	0.538	рюкзак-синий	4.1	4.3	снег-в-тени	0.300	43.1	0.0	-10.0	10.0	bbox	303	64.0	64.0	64.0	1911,961,9,14	273.4			
305	305	0.967	рюкзак-синий	7.0	11.5	снег-в-тени	0.755	27.3	1.0	-7.0	7.1	bbox	304	264.0	264.0	266.0	1103,889,10,8	273.4			
306	306	1.687	рюкзак-синий	13.2	10.6	порода-в-тени	0.306	28.2	-1.0	-1.0	1.4	bbox	305	82.0	76.0	82.0	1113,9,28,6	273.3			
307	307	0.829	рюкзак-синий	5.0	15.3	снег-в-тени	0.885	23.5	1.0	-9.0	9.1	bbox	306	48.0	48.0	48.0	893,976,5,19	272.0			
308	308	0.542	рюкзак-синий	4.1	4.7	снег-в-тени	0.293	43.5	0.0	-10.0	10.0	bbox	307	247.0	247.0	247.0	1878,207,15,12	271.2			
309	309	1.183	рюкзак-синий	4.1	29.8	снег-в-тени	0.785	68.6	0.0	-10.0	10.0	bbox	308	283.0	283.0	283.0	831,309,24,9	270.0			
310	310	0.696	рюкзак-синий	5.0	8.6	снег-в-тени	0.653	30.2	1.0	-9.0	9.1	bbox	309	258.0	257.0	258.0	1674,813,19,12	266.4			
311	311	0.892	рюкзак-синий	7.1	3.3	снег-в-тени	0.457	35.5	0.0	-7.0	7.0	bbox	310	275.0	269.0	275.0	1693,841,6,18	265.8			
312	312	1.245	рюкзак-синий	9.9	3.9	снег-в-тени	1.917	42.7	8.0	-21.0	22.5	bbox	311	66.0	66.0	66.0	1085,13,22,4	265.1			
313	313	0.517	рюкзак-синий	4.1	1.0	снег-в-тени	1.113	39.8	5.0	-15.0	15.8	bbox	312	69.0	67.0	72.0	1287,51,26,8	264.3			
314	314	1.050	рюкзак-синий	7.0	16.3	порода-в-тени	0.842	22.5	1.0	-7.0	7.1	bbox	313	299.0	299.0	299.0	1841,1025,10,16	263.8			
315	315	1.032	рюкзак-синий	7.1	14.9	снег-в-тени	0.246	53.7	0.0	-7.0	7.0	bbox	314	34.0	31.0	34.0	1870,436,16,22	263.4			
316	316	0.960	рюкзак-синий	3.0	24.7	снег-в-тени	0.687	63.5	1.0	-11.0	11.0	bbox	315	286.0	286.0	286.0	1903,295,12,14	262.9			
317	317	1.363	рюкзак-синий	4.3	35.1	снег-в-тени	0.968	73.9	-0.5	-10.0	10.0	bbox	316	61.0	61.0	61.0	1007,283,18,8	261.6			
318	318	1.153	рюкзак-синий	8.2	14.5	порода-в-тени	0.653	24.3	-1.0	-6.0	6.1	bbox	317	249.0	245.0	251.0	1139,855,12,16	260.1			
319	319	1.275	рюкзак-синий	9.1	16.4	порода-в-тени	0.563	22.4	0.0	-5.0	5.0	bbox	318	74.0	73.0	76.0	1363,132,16,11	259.1			
320	320	1.282	рюкзак-синий	8.2	21.3	порода-в-тени	0.646	17.5	-1.0	-6.0	6.1	bbox	319	153.0	153.0	153.0	1051,929,6,15	256.7			
321	321	1.400	рюкзак-синий	11.0	6.4	порода-в-тени	0.554	32.4	0.0	-3.0	3.0	bbox	320	69.0	62.0	69.0	1797,27,20,14	256.2			
322	322	0.465	рюкзак-синий	3.6	3.2	снег-в-тени	1.137	42.0	4.0	-16.0	16.5	bbox	321	222.0	222.0	222.0	1689,657,8,12	255.8			
323	323	1.258	стакан-марка-красная	9.8	7.3	снег-в-тени	0.750	57.1	2.0	-3.0	3.6	bbox	322	2.0	0.0	4.0	1353,295,20,18	254.0			
324	324	1.302	рюкзак-синий	9.9	11.3	снег-в-тени	1.242	27.5	8.0	-7.0	10.6	bbox	323	13.0	9.0	16.0	401,673,16,14	253.1			
325	325	1.796	рюкзак-синий	13.0	21.2	порода-в-тени	0.269	17.6	0.0	-1.0	1.0	bbox	324	90.0	86.0	91.0	1641,17,14,10	253.0			
326	326	1.153	рюкзак-синий	8.1	15.7	порода-в-тени	0.680	23.1	0.0	-6.0	6.0	bbox	325	249.0	249.0	249.0	1198,152,16,9	251.0			
327	327	0.988	рюкзак-синий	7.3	10.8	снег-в-тени	0.728	28.0	-1.0	-7.0	7.1	bbox	326	161.0	159.0	161.0	1377,195,14,9	250.5			
328	328	0.846	рюкзак-синий	5.5	13.7	снег-в-тени	0.816	25.1	0.5	-8.5	8.5	bbox	327	48.0	48.0	48.0	1449,489,12,11	249.8			
329	329	0.710	рюкзак-синий	5.4	6.3	снег-в-тени	0.907	45.1	6.0	-12.0	13.4	bbox	328	292.0	292.0	292.0	137,231,31,3	248.1			
330	330	1.418	стакан-марка-красная	11.2	6.7	порода-в-тени	0.850	43.1	0.0	-1.0	1.0	bbox	329	295.0	295.0	295.0	1221,1027,13,16	248.1			
331	331	0.860	рюкзак-синий	6.0	11.8	снег-в-тени	0.160	50.6	1.0	-8.0	8.1	bbox	330	24.0	24.0	24.0	680,741,17,15	248.0			
332	332	1.171	рюкзак-синий	6.1	24.9	снег-в-тени	0.621	63.7	2.0	-8.0	8.2	bbox	331	290.0	290.0	290.0	1883,213,20,10	247.4			
333	333	1.295	рюкзак-синий	9.1	17.6	порода-в-тени	0.560	21.2	0.0	-5.0	5.0	bbox	332	130.0	129.0	130.0	203,931,11,12	246.3			
334	334	0.710	рюкзак-синий	5.6	3.6	снег-в-тени	0.204	42.4	0.0	-8.5	8.5	bbox	333	91.0	91.0	91.0	1843,593,16,9	246.1			
335	335	1.716	рюкзак-синий	12.0	23.3	порода-в-тени	0.432	15.5	1.0	-2.0	2.2	bbox	334	137.0	137.0	137.0	93,845,12,12	245.8			
336	336	1.343	рюкзак-синий	7.3	27.7	снег-в-тени	0.690	66.5	-1.0	-7.0	7.1	bbox	335	24.0	24.0	24.0	614,717,11,20	245.0			
337	337	1.237	рюкзак-синий	8.0	20.4	порода-в-тени	0.732	18.4	1.0	-6.0	6.1	bbox	336	58.0	58.0	58.0	205,1014,9,14	244.6			
338	338	0.915	стакан-марка-красная	4.1	21.2	снег-розовый	0.668	71.0	7.0	2.0	7.3	bbox	337	288.0	288.0	288.0	625,841,4,24	242.8			
339	339	1.017	рюкзак-синий	4.1	24.5	снег-в-тени	0.608	63.3	0.0	-10.0	10.0	bbox	338	298.0	298.0	298.0	101,345,8,14	242.2			
340	340	1.824	рюкзак-синий	5.4	47.5	снег-в-тени	1.980	86.3	3.0	-19.0	19.2	bbox	339	11.0	8.0	11.0	57,737,8,15	240.5			
341	341	1.554	рюкзак-синий	11.0	20.0	порода-в-тени	0.358	18.8	0.0	-3.0	3.0	bbox	340	88.0	81.0	94.0	1547,153,24,16	240.4			
342	342	1.309	рюкзак-синий	7.1	27.0	порода-в-тени	0.849	11.8	0.0	-7.0	7.0	bbox	341	95.0	95.0	95.0	1894,897,26,4	240.0			
343	343	0.492	рюкзак-синий	2.2	11.3	снег-в-тени	1.029	27.5	3.0	-13.0	13.3	bbox	342	135.0	131.0	135.0	1576,39,27,14	239.4			
344	344	0.723	рюкзак-синий	5.0	10.2	снег-в-тени	0.707	28.6	1.0	-9.0	9.1	bbox	343	222.0	222.0	222.0	21,729,9,12	236.6			
345	345	0.625	рюкзак-синий	5.0	0.4	снег-в-тени	0.378	38.4	1.0	-9.0	9.1	bbox	344	36.0	32.0	37.0	1857,406,12,25	236.4			
346	346	1.802	стакан-марка-красная	12.1	27.4	порода-в-тени	0.156	22.4	-1.0	-0.5	1.1	bbox	345	88.0	87.0	88.0	1223,5,18,8	235.5			
347	347	0.716	рюкзак-синий	5.0	9.8	снег-в-тени	0.694	29.0	1.0	-9.0	9.1	bbox	346	185.0	182.0	187.0	1208,210,11,15	234.1			
348	348	0.888	рюкзак-синий	6.0	13.3	снег-в-тени	0.807	25.5	1.0	-8.0	8.1	bbox	347	0.0	0.0	1.0	241,1069,12,11	233.6			
349	349	0.542	рюкзак-синий	4.1	4.7	снег-в-тени	0.293	43.5	0.0	-10.0	10.0	bbox	348	182.0	166.0	182.0	1915,899,5,20	233.3			
350	350	1.257	рюкзак-синий	6.0	28.3	снег-в-тени	1.342	67.1	7.0	-14.0	15.7	bbox	349	63.0	57.0	63.0	146,65,13,7	232.9			
351	351	1.535	рюкзак-синий	10.0	24.9	снег-в-тени	2.038	63.7	7.0	-22.0	23.1	bbox	350	59.0	58.0	63.0	851,33,18,6	232.0			
352	352	1.603	стакан-марка-красная	11.2	22.0	порода-в-тени	0.365	27.8	0.0	-1.0	1.0	bbox	351	39.0	36.0	43.0	1819,672,6,11	231.7			
353	353	1.789	стакан-марка-красная	13.4	17.4	порода-в-тени	1.094	32.4	-1.0	7.0	7.1	bbox	352	289.0	289.0	290.0	519,849,6,22	230.9			
354	354	1.740	рюкзак-синий	13.3	13.9	порода-в-тени	0.161	24.9	-2.0	-1.0	2.2	bbox	353	79.0	78.0	81.0	609,5,16,12	229.6			
355	355	0.716	рюкзак-синий	5.0	9.8	снег-в-тени	0.694	29.0	1.0	-9.0	9.1	bbox	354	257.0	257.0	261.0	1471,864,14,10	229.4			
356	356	1.134	рюкзак-синий	5.8	24.3	снег-в-тени	1.562	63.1	4.0	-19.0	19.4	bbox	355	18.0	14.0	19.0	237,333,18,13	229.0			
357	357	0.961	рюкзак-синий	5.6	18.5	снег-в-тени	0.343	57.3	0.0	-8.5	8.5	bbox	356	279.0	279.0	279.0	277,228,10,10	227.6			
358	358	0.505	рюкзак-синий	3.2	8.8	снег-в-тени	0.779	30.0	2.0	-11.0	11.2	bbox	357	257.0	257.0	258.0	290,612,4,25	227.4			
359	359	1.140	рюкзак-синий	4.2	28.3	снег-в-тени	0.929	67.1	4.0	-11.0	11.7	bbox	358	297.0	297.0	297.0	1188,147,33,10	225.3			
360	360	1.260	рюкзак-синий	8.1	21.2	порода-в-тени	0.806	17.6	2.0	-6.0	6.3	bbox	359	179.0	178.0	179.0	1893,1017,11,12	224.6			
361	361	1.049	стакан-марка-красная	8.2	5.5	снег-в-тени	0.960	44.3	3.0	-1.0	3.2	bbox	360	29.0	29.0	30.0	1629,983,6,12	222.2			
362	362	1.595	рюкзак-синий	7.8	35.3	снег-в-тени	1.922	74.1	6.0	-20.0	20.9	bbox	361	65.0	65.0	65.0	0,101,17,10	221.6			
363	363	1.373	рюкзак-синий	10.0	15.9	снег-в-тени	1.972	54.7	7.0	-22.0	23.1	bbox	362	59.0	57.0	59.0	633,25,12,6	220.9			
364	364	1.535	рюкзак-синий	12.0	8.4	порода-в-тени	0.453	30.4	0.0	-2.0	2.0	bbox	363	3.0	1.0	3.0	1091,255,16,8	217.9			
365	365	0.975	рюкзак-синий	7.3	9.8	снег-в-тени	0.694	29.0	-1.0	-7.0	7.1	bbox	364	266.0	266.0	268.0	78,980,11,9	217.8			
366	366	1.093	рюкзак-синий	8.2	10.2	порода-в-тени	0.702	28.6	-1.0	-6.0	6.1	bbox	365	266.0	266.0	268.0	6,824,11,13	215.2			
367	367	1.025	рюкзак-синий	8.0	6.3	снег-в-тени	0.612	32.5	1.0	-6.0	6.1	bbox	366	35.0	31.0	42.0	1713,584,16,20	214.2			
368	368	1.463	рюкзак-синий	3.2	39.4	снег-в-тени	1.564	78.2	0.0	-17.0	17.0	bbox	367	32.0	22.0	32.0	1893,469,9,16	213.1			
369	369	0.603	рюкзак-синий	4.5	6.3	снег-в-тени	1.183	45.1	5.0	-16.0	16.8	bbox	368	69.0	66.0	69.0	549,69,18,8	212.7			
370	370	0.819	рюкзак-синий	4.0	18.1	снег-в-тени	1.237	56.9	-1.0	-17.5	17.5	bbox	369	53.0	53.0	53.0	1753,695,8,12	212.2			
371	371	1.068	рюкзак-синий	7.3	15.7	порода-в-тени	0.767	23.1	-1.0	-7.0	7.1	bbox	370	224.0	224.0	224.0	131,872,10,10	212.0			
372	372	1.679	рюкзак-синий	13.3	5.5	порода-в-тени	0.462	33.3	-2.0	-1.0	2.2	bbox	371	98.0	98.0	98.0	1705,0,12,7	211.0			
373	373	1.052	рюкзак-синий	6.1	20.4	порода-в-тени	1.010	18.4	2.0	-8.0	8.2	bbox	372	180.0	180.0	180.0	1757,979,7,10	210.9			
374	374	1.677	рюкзак-синий	13.2	9.2	порода-в-тени	0.352	29.6	-1.0	-1.0	1.4	bbox	373	84.0	78.0	85.0	1143,19,18,6	210.8			
375	375	1.132	рюкзак-синий	4.6	27.3	снег-в-тени	1.136	66.1	5.5	-13.0	14.1	bbox	374	297.0	297.0	297.0	1256,131,25,8	209.8			
376	376	0.829	рюкзак-синий	5.0	15.3	снег-в-тени	0.885	23.5	1.0	-9.0	9.1	bbox	375	48.0	48.0	48.0	810,865,12,7	208.4			
377	377	1.035	стакан-марка-красная	8.2	2.7	снег-в-тени	0.967	52.5	3.0	-1.0	3.2	bbox	376	290.0	290.0	290.0	724,0,5,17	207.7			
378	378	1.722	стакан-марка-красная	11.0	29.0	снег-освещённый	0.190	78.8	0.0	1.0	1.0	bbox	377	293.0	293.0	293.0	833,113,16,4	207.5			
379	379	0.861	рюкзак-синий	2.8	22.0	снег-в-тени	1.109	60.8	-1.0	-16.0	16.0	bbox	378	23.0	23.0	23.0	35,133,12,16	207.0			
380	380	0.745	рюкзак-синий	3.2	17.7	снег-в-тени	0.486	56.5	0.0	-11.0	11.0	bbox	379	163.0	163.0	163.0	0,5,7,18	207.0			
381	381	2.268	рюкзак-синий	8.1	56.9	снег-пересвеченный	0.651	95.7	0.0	-6.0	6.0	bbox	380	63.0	61.0	63.0	1425,93,24,6	206.8			
382	382	0.680	рюкзак-синий	5.4	2.8	снег-в-тени	1.270	41.6	6.0	-16.0	17.1	bbox	381	66.0	66.0	66.0	1141,53,14,8	206.2			
383	383	0.913	рюкзак-синий	5.4	17.3	снег-в-тени	1.284	56.1	6.0	-16.0	17.1	bbox	382	18.0	13.0	19.0	431,1023,10,14	206.0			
384	384	0.564	рюкзак-синий	3.0	11.8	снег-в-тени	1.136	50.6	1.0	-17.0	17.0	bbox	383	46.0	46.0	46.0	1649,671,12,10	205.0			
385	385	1.732	рюкзак-синий	4.5	45.9	снег-в-тени	1.821	84.7	-1.0	-18.0	18.0	bbox	384	65.0	65.0	65.0	121,801,10,15	204.5			
386	386	1.072	рюкзак-синий	6.1	21.2	порода-в-тени	0.915	17.6	0.0	-8.0	8.0	bbox	385	153.0	153.0	153.0	1471,1062,4,18	204.1			
387	387	0.948	рюкзак-синий	6.7	12.4	снег-в-тени	1.430	51.2	7.0	-17.0	18.4	bbox	386	66.0	63.0	66.0	899,59,21,6	203.2			
388	388	0.912	рюкзак-синий	7.1	6.3	снег-в-тени	0.559	32.5	0.0	-7.0	7.0	bbox	387	255.0	253.0	255.0	334,192,9,17	202.4			
389	389	0.750	рюкзак-синий	5.7	7.0	снег-в-тени	1.510	31.8	5.0	-18.0	18.7	bbox	388	31.0	31.0	32.0	1767,375,8,20	202.3			
390	390	0.928	рюкзак-синий	6.1	14.9	снег-в-тени	0.889	23.9	2.0	-8.0	8.2	bbox	389	187.0	187.0	187.0	93,979,9,8	202.3			
391	391	0.919	рюкзак-синий	6.0	14.9	снег-в-тени	0.862	23.9	1.0	-8.0	8.1	bbox	390	281.0	281.0	281.0	6,1055,10,9	202.2			
392	392	0.922	рюкзак-синий	5.1	18.7	снег-в-тени	1.035	57.5	6.0	-13.0	14.3	bbox	391	297.0	297.0	297.0	1082,175,25,10	202.1			
393	393	1.148	рюкзак-синий	8.1	14.9	порода-в-тени	0.665	23.9	-0.5	-6.0	6.0	bbox	392	254.0	254.0	254.0	891,1072,9,8	201.7			
394	394	1.915	рюкзак-синий	6.3	48.8	снег-пересвеченный	0.736	87.6	-1.0	-8.0	8.1	bbox	393	30.0	28.0	30.0	1541,892,9,16	201.5			
395	395	0.833	рюкзак-синий	6.0	10.2	снег-в-тени	0.696	28.6	1.0	-8.0	8.1	bbox	394	257.0	257.0	257.0	1854,1021,5,13	200.6			
396	396	0.970	рюкзак-синий	7.3	9.4	снег-в-тени	0.680	29.4	-1.0	-7.0	7.1	bbox	395	286.0	286.0	286.0	0,1071,9,6	200.2			
397	397	1.538	рюкзак-синий	12.0	8.8	порода-в-тени	0.442	30.0	0.0	-2.0	2.0	bbox	396	97.0	96.0	97.0	1523,77,16,10	200.1			
398	398	0.701	рюкзак-синий	4.1	13.3	снег-в-тени	0.872	25.5	2.0	-10.0	10.2	bbox	397	156.0	155.0	157.0	944,320,8,11	200.1			
399	399	1.168	рюкзак-синий	6.0	25.1	порода-в-тени	0.981	13.7	1.0	-8.0	8.1	bbox	398	288.0	288.0	288.0	1345,95,12,6	199.9			
400	400	0.779	рюкзак-синий	6.0	5.9	снег-в-тени	0.545	32.9	1.0	-8.0	8.1	bbox	399	205.0	204.0	206.0	1104,45,6,17	199.6			
401	401	0.761	рюкзак-синий	5.9	5.9	снег-в-тени	0.178	44.7	-1.0	-8.5	8.6	bbox	400	288.0	284.0	288.0	1583,457,13,8	198.5			
402	402	0.590	рюкзак-синий	4.1	8.1	снег-в-тени	1.076	46.9	5.0	-15.0	15.8	bbox	401	63.0	60.0	63.0	1043,21,12,12	197.7			
403	403	1.045	рюкзак-синий	8.2	4.7	снег-в-тени	0.318	43.5	-1.0	-6.0	6.1	bbox	402	288.0	286.0	288.0	1709,493,22,14	197.7			
404	404	1.213	рюкзак-синий	9.2	10.6	снег-в-тени	1.127	28.2	7.0	-7.0	9.9	bbox	403	12.0	12.0	13.0	553,619,12,9	196.8			
405	405	1.601	рюкзак-синий	7.3	36.9	снег-пересвеченный	0.821	75.7	-1.0	-7.0	7.1	bbox	404	31.0	31.0	35.0	1641,593,11,11	196.8			
406	406	1.580	рюкзак-синий	2.2	43.6	снег-пересвеченный	1.266	82.4	0.0	-12.0	12.0	bbox	405	23.0	22.0	25.0	467,625,12,10	196.5			
407	407	1.370	рюкзак-синий	10.8	6.3	снег-в-тени	2.140	32.5	7.0	-23.0	24.0	bbox	406	12.0	12.0	13.0	137,449,6,14	195.8			
408	408	1.518	рюкзак-синий	7.0	34.7	снег-в-тени	0.936	73.5	1.0	-7.0	7.1	bbox	407	29.0	29.0	30.0	1751,807,7,18	195.2			
409	409	0.972	рюкзак-синий	5.4	19.6	снег-в-тени	1.432	58.4	-1.0	-19.0	19.0	bbox	408	54.0	54.0	54.0	1699,685,8,14	194.5			
410	410	0.888	рюкзак-синий	6.0	13.3	снег-в-тени	0.807	25.5	1.0	-8.0	8.1	bbox	409	225.0	225.0	225.0	899,964,9,9	194.4			
411	411	0.394	рюкзак-синий	3.0	3.4	снег-в-тени	0.924	42.2	4.0	-14.0	14.6	bbox	410	123.0	121.0	127.0	1189,95,26,6	193.9			
412	412	1.583	стакан-марка-красная	12.0	13.7	снег-освещённый	0.617	63.5	-1.0	0.0	1.0	bbox	411	65.0	61.0	66.0	1649,57,10,11	193.8			
413	413	1.574	стакан-марка-красная	12.2	11.4	порода-в-тени	0.656	38.4	-1.0	-1.0	1.4	bbox	412	15.0	12.0	15.0	21,483,6,20	193.7			
414	414	1.601	стакан-марка-красная	12.0	15.3	порода-в-тени	0.534	34.5	-1.0	0.0	1.0	bbox	413	29.0	29.0	30.0	1727,927,10,10	192.8			
415	415	1.133	рюкзак-синий	9.1	1.3	снег-в-тени	0.527	37.5	0.0	-5.0	5.0	bbox	414	23.0	22.0	23.0	349,745,14,8	192.3			
416	416	1.751	стакан-марка-красная	13.3	14.9	снег-освещённый	0.639	64.7	-2.0	-2.0	2.8	bbox	415	66.0	66.0	66.0	1381,9,18,8	192.1			
417	417	0.859	рюкзак-синий	6.0	11.7	снег-в-тени	0.751	27.1	1.0	-8.0	8.1	bbox	416	188.0	187.0	188.0	1911,666,9,10	192.0			
418	418	1.095	рюкзак-синий	8.2	10.4	порода-в-тени	0.699	28.4	-1.0	-6.0	6.1	bbox	417	267.0	266.0	268.0	495,1045,8,8	191.9			
419	419	0.286	рюкзак-синий	2.0	3.9	снег-в-тени	0.957	34.9	3.0	-14.0	14.3	bbox	418	132.0	131.0	137.0	1437,0,16,11	189.7			
420	420	1.237	рюкзак-синий	8.0	20.4	порода-в-тени	0.732	18.4	1.0	-6.0	6.1	bbox	419	113.0	113.0	113.0	718,985,9,9	188.9			
421	421	0.800	рюкзак-синий	6.0	7.8	снег-в-тени	0.614	31.0	1.0	-8.0	8.1	bbox	420	240.0	240.0	240.0	393,204,5,17	188.9			
422	422	1.707	стакан-марка-красная	11.2	27.4	порода-в-тени	0.260	22.4	0.0	-1.0	1.0	bbox	421	70.0	70.0	70.0	1865,363,12,6	188.5			
423	423	1.139	рюкзак-синий	8.0	15.3	порода-в-тени	0.737	23.5	1.0	-6.0	6.1	bbox	422	222.0	222.0	222.0	395,513,12,12	188.3			
424	424	0.647	рюкзак-синий	4.6	8.2	снег-в-тени	0.690	30.6	2.0	-9.5	9.7	bbox	423	265.0	265.0	265.0	122,183,11,6	188.1			
425	425	1.890	рюкзак-синий	14.6	14.3	порода-в-тени	0.230	24.5	-3.0	0.0	3.0	bbox	424	82.0	82.0	85.0	771,0,12,5	187.9			
426	426	1.404	рюкзак-синий	11.2	3.9	порода-в-тени	0.589	34.9	-1.0	-3.0	3.2	bbox	425	16.0	13.0	19.0	177,335,16,8	187.5			
427	427	1.020	рюкзак-синий	6.3	18.1	снег-в-тени	0.347	56.9	-1.0	-8.0	8.1	bbox	426	158.0	158.0	158.0	47,7,15,24	187.4			
428	428	0.670	рюкзак-синий	4.9	7.4	снег-в-тени	0.628	31.4	-1.0	-9.5	9.6	bbox	427	48.0	48.0	48.0	102,763,10,12	187.1			
429	429	0.534	рюкзак-синий	4.1	3.9	снег-в-тени	0.308	42.7	0.0	-10.0	10.0	bbox	428	182.0	178.0	182.0	1898,333,7,12	186.1			
430	430	1.676	стакан-марка-красная	11.2	25.9	снег-освещённый	0.254	75.7	0.0	-1.0	1.0	bbox	429	293.0	293.0	293.0	265,279,12,6	186.1			
431	431	1.330	стакан-марка-красная	10.2	10.6	порода-в-тени	0.770	39.2	1.0	-1.0	1.4	bbox	430	35.0	34.0	35.0	1856,536,11,15	184.4			
432	432	0.959	рюкзак-синий	7.0	11.0	снег-в-тени	0.734	27.8	1.0	-7.0	7.1	bbox	431	254.0	254.0	254.0	1277,953,6,18	184.3			
433	433	1.570	стакан-марка-красная	12.2	11.0	порода-в-тени	0.670	38.8	-1.0	-1.0	1.4	bbox	432	15.0	14.0	15.0	3,545,8,16	183.0			
434	434	0.709	рюкзак-синий	5.0	9.4	снег-в-тени	0.680	29.4	1.0	-9.0	9.1	bbox	433	256.0	256.0	261.0	528,324,9,9	182.8			
435	435	0.895	рюкзак-синий	6.3	11.7	снег-в-тени	0.830	27.1	3.0	-8.0	8.5	bbox	434	1.0	1.0	1.0	1870,421,17,13	182.6			
436	436	0.857	рюкзак-синий	5.1	16.1	снег-в-тени	0.904	22.7	0.0	-9.0	9.0	bbox	435	11.0	11.0	11.0	48,911,8,10	182.0			
437	437	1.643	стакан-марка-красная	12.2	17.4	порода-в-тени	0.445	32.4	-1.0	-1.0	1.4	bbox	436	96.0	94.0	98.0	1085,35,14,4	181.9			
438	438	1.155	рюкзак-синий	6.1	24.3	снег-в-тени	0.548	63.1	0.0	-8.0	8.0	bbox	437	281.0	279.0	281.0	279,241,8,10	181.9			
439	439	0.802	рюкзак-синий	5.0	14.1	снег-в-тени	0.844	24.7	1.0	-9.0	9.1	bbox	438	251.0	251.0	253.0	274,1022,7,15	180.0			
440	440	1.278	стакан-марка-красная	8.2	21.2	порода-в-тени	0.853	28.6	3.0	3.0	4.2	bbox	439	294.0	294.0	294.0	1569,5,16,10	179.6			
441	441	0.972	рюкзак-синий	6.4	15.5	снег-в-тени	1.745	23.3	5.0	-19.0	19.6	bbox	440	38.0	35.0	44.0	1825,161,10,9	178.6			
442	442	1.682	рюкзак-синий	13.2	10.0	порода-в-тени	0.326	28.8	-1.0	-1.0	1.4	bbox	441	88.0	87.0	88.0	1741,5,10,8	178.2			
443	443	1.215	рюкзак-синий	8.1	19.0	порода-в-тени	0.673	19.8	0.0	-6.0	6.0	bbox	442	155.0	155.0	155.0	1095,839,6,12	177.2			
444	444	1.462	рюкзак-синий	9.1	25.9	снег-в-тени	0.711	64.7	0.0	-5.0	5.0	bbox	443	36.0	32.0	36.0	1909,283,11,14	177.1			
445	445	0.386	рюкзак-синий	2.8	4.3	снег-в-тени	1.081	43.1	3.0	-16.0	16.3	bbox	444	282.0	282.0	283.0	1657,665,6,10	175.3			
446	446	0.803	рюкзак-синий	6.3	3.9	снег-в-тени	0.220	42.7	-1.0	-8.0	8.1	bbox	445	218.0	218.0	218.0	41,187,14,8	174.6			
447	447	0.614	рюкзак-синий	2.0	15.7	снег-в-тени	1.036	54.5	1.0	-16.0	16.0	bbox	446	6.0	6.0	6.0	241,869,6,12	174.3			
448	448	1.279	рюкзак-синий	4.0	33.0	снег-в-тени	1.298	71.8	5.0	-14.0	14.9	bbox	447	297.0	297.0	297.0	1411,93,20,6	173.8			
449	449	1.399	стакан-марка-красная	9.5	20.8	порода-в-тени	0.858	29.0	2.0	4.0	4.5	bbox	448	294.0	294.0	295.0	1775,26,14,11	173.3			
450	450	0.716	рюкзак-синий	2.0	18.8	снег-в-тени	1.300	20.0	3.0	-14.0	14.3	bbox	449	37.0	33.0	44.0	1885,107,12,12	173.2			
451	451	1.040	рюкзак-синий	7.3	14.1	порода-в-тени	0.776	24.7	-1.0	-7.0	7.1	bbox	450	223.0	222.0	223.0	149,907,6,13	173.2			
452	452	0.519	рюкзак-синий	4.1	1.6	снег-в-тени	1.107	40.4	5.0	-15.0	15.8	bbox	451	69.0	68.0	69.0	511,0,16,9	172.4			
453	453	1.579	рюкзак-синий	9.2	30.2	снег-в-тени	1.995	69.0	7.0	-21.0	22.1	bbox	452	65.0	64.0	68.0	1284,121,21,4	172.2			
454	454	0.748	рюкзак-синий	5.9	4.3	снег-в-тени	0.217	43.1	-1.0	-8.5	8.6	bbox	453	147.0	143.0	147.0	1740,143,11,8	171.6			
455	455	0.719	рюкзак-синий	4.0	14.5	снег-в-тени	0.884	24.3	1.0	-10.0	10.0	bbox	454	185.0	177.0	192.0	699,203,7,11	171.6			
456	456	0.851	рюкзак-синий	6.3	8.8	снег-в-тени	0.648	30.0	-1.0	-8.0	8.1	bbox	455	239.0	239.0	239.0	16,264,8,7	171.0			
457	457	0.910	рюкзак-синий	7.0	7.0	снег-в-тени	0.599	31.8	1.0	-7.0	7.1	bbox	456	207.0	204.0	209.0	960,491,9,10	169.8			
458	458	1.814	рюкзак-синий	2.8	49.8	снег-пересвеченный	1.669	88.6	-1.0	-16.0	16.0	bbox	457	61.0	61.0	61.0	1867,1033,8,14	169.7			
459	459	0.880	рюкзак-синий	6.3	10.8	снег-в-тени	1.330	49.6	7.0	-16.0	17.5	bbox	458	17.0	16.0	17.0	351,1025,6,16	164.8			
460	460	0.507	рюкзак-синий	2.8	10.2	снег-в-тени	1.269	28.6	3.0	-16.0	16.3	bbox	459	46.0	42.0	46.0	1836,617,9,15	164.1			
461	461	0.534	рюкзак-синий	4.1	3.9	снег-в-тени	0.308	42.7	0.0	-10.0	10.0	bbox	460	75.0	75.0	75.0	25,967,16,7	163.7			
462	462	1.746	рюкзак-синий	13.2	16.4	порода-в-тени	0.143	22.4	-1.0	-1.0	1.4	bbox	461	87.0	81.0	90.0	1565,195,12,6	163.3			
463	463	1.581	рюкзак-синий	12.0	13.5	порода-в-тени	0.330	25.3	0.0	-2.0	2.0	bbox	462	82.0	76.0	94.0	903,67,18,6	163.1			
464	464	1.445	рюкзак-синий	10.0	20.0	порода-в-тени	0.454	18.8	0.0	-4.0	4.0	bbox	463	200.0	200.0	200.0	1777,763,5,16	162.7			
465	465	0.793	рюкзак-синий	4.2	16.5	снег-в-тени	1.183	55.3	-2.0	-17.0	17.1	bbox	464	39.0	39.0	43.0	129,801,6,12	162.3			
466	466	0.970	рюкзак-синий	7.0	11.7	снег-в-тени	0.762	27.1	1.0	-7.0	7.1	bbox	465	242.0	242.0	243.0	545,708,11,7	162.1			
467	467	1.133	стакан-марка-красная	8.5	11.0	порода-в-тени	0.901	38.8	2.5	1.0	2.7	bbox	466	3.0	3.0	3.0	1759,697,6,8	162.0			
468	468	1.767	рюкзак-синий	5.4	45.7	снег-в-тени	1.859	84.5	5.5	-17.0	17.9	bbox	467	63.0	57.0	63.0	763,104,18,5	161.6			
469	469	1.698	рюкзак-синий	13.3	9.0	порода-в-тени	0.336	29.8	-2.0	-1.0	2.2	bbox	468	87.0	87.0	88.0	1185,3,18,6	160.9			
470	470	1.832	стакан-марка-красная	14.3	11.0	снег-розовый	1.001	60.8	-2.0	7.0	7.3	bbox	469	299.0	299.0	299.0	245,765,6,18	160.6			
471	471	0.658	рюкзак-синий	4.5	9.4	снег-в-тени	0.708	29.4	1.5	-9.5	9.6	bbox	470	192.0	192.0	192.0	1835,681,6,9	160.4			
472	472	1.204	рюкзак-синий	9.2	9.8	порода-в-тени	0.600	29.0	-1.0	-5.0	5.1	bbox	471	269.0	269.0	270.0	985,1031,6,10	159.3			
473	473	1.555	рюкзак-синий	9.2	29.2	снег-освещённый	0.774	68.0	-1.0	-5.0	5.1	bbox	472	63.0	63.0	63.0	859,193,8,8	158.2			
474	474	1.651	стакан-марка-красная	10.6	27.4	порода-охристая	1.212	22.4	3.0	8.0	8.5	bbox	473	292.0	292.0	292.0	885,727,10,11	157.8			
475	475	0.642	рюкзак-синий	4.0	11.2	снег-в-тени	1.175	27.6	5.0	-13.5	14.4	bbox	474	77.0	76.0	90.0	263,15,12,8	156.8			
476	476	1.631	стакан-марка-красная	11.2	23.5	порода-в-тени	0.326	26.3	0.0	-1.0	1.0	bbox	475	42.0	37.0	42.0	1897,577,12,6	156.2			
477	477	1.427	рюкзак-синий	9.1	24.3	снег-в-тени	0.664	63.1	0.0	-5.0	5.0	bbox	476	63.0	59.0	63.0	573,33,14,14	155.7			
478	478	1.444	палка-древко-контроль	11.4	6.4	снег-в-тени	0.800	48.0	-5.0	-4.0	6.4	bbox	477	12.0	12.0	15.0	183,694,10,11	155.4			
479	479	1.952	стакан-марка-красная	12.5	32.6	снег-освещённый	0.264	82.4	-1.5	2.0	2.5	bbox	478	289.0	289.0	289.0	322,271,4,14	154.7			
480	480	1.515	стакан-марка-красная	12.1	3.1	снег-розовый	1.043	52.9	0.0	6.0	6.0	bbox	479	299.0	299.0	299.0	227,705,4,16	154.7			
481	481	1.581	рюкзак-синий	2.8	43.2	снег-в-тени	1.621	82.0	3.0	-16.0	16.3	bbox	480	298.0	298.0	298.0	811,259,9,8	154.4			
482	482	0.707	рюкзак-синий	4.5	12.1	снег-в-тени	1.400	26.7	5.0	-16.0	16.8	bbox	481	88.0	86.0	90.0	1117,0,14,6	154.1			
483	483	1.464	стакан-марка-красная	11.7	1.2	снег-розовый	1.052	51.0	0.0	5.0	5.0	bbox	482	292.0	292.0	292.0	707,681,6,8	154.0			
484	484	1.370	рюкзак-синий	9.2	20.8	порода-в-тени	0.522	18.0	-1.0	-5.0	5.1	bbox	483	132.0	132.0	132.0	1265,1062,11,12	153.8			
485	485	1.458	рюкзак-синий	10.2	19.8	снег-в-тени	0.644	58.6	-1.0	-4.0	4.1	bbox	484	29.0	29.0	29.0	1847,809,10,8	153.5			
486	486	0.931	рюкзак-синий	6.0	15.5	снег-в-тени	0.883	23.3	1.0	-8.0	8.1	bbox	485	255.0	255.0	256.0	1184,1027,6,9	153.4			
487	487	0.903	рюкзак-синий	4.1	20.8	снег-в-тени	1.120	18.0	2.0	-10.0	10.2	bbox	486	135.0	135.0	135.0	1613,1069,4,11	153.0			
488	488	1.198	рюкзак-синий	7.6	20.4	порода-в-тени	1.063	18.4	4.0	-7.0	8.1	bbox	487	171.0	170.0	173.0	524,1050,7,10	152.4			
489	489	1.295	стакан-марка-красная	10.0	8.8	порода-в-тени	0.835	41.0	1.0	0.0	1.0	bbox	488	62.0	62.0	62.0	569,915,7,12	152.3			
490	490	1.463	рюкзак-синий	11.0	13.5	порода-в-тени	0.394	25.3	0.0	-3.0	3.0	bbox	489	92.0	92.0	95.0	1661,289,12,10	152.2			
491	491	0.311	рюкзак-синий	2.1	4.9	снег-в-тени	0.927	33.9	3.0	-13.5	13.8	bbox	490	84.0	79.0	84.0	1033,55,6,8	151.4			
492	492	0.580	рюкзак-синий	4.0	8.2	снег-в-тени	0.675	30.6	1.0	-10.0	10.0	bbox	491	240.0	240.0	241.0	146,287,7,7	150.0			
493	493	1.140	стакан-марка-красная	8.6	10.6	порода-охристая	0.729	39.2	6.0	8.0	10.0	bbox	492	294.0	294.0	294.0	995,403,12,12	149.4			
494	494	1.602	рюкзак-синий	12.3	13.1	порода-в-тени	0.235	25.7	-1.5	-2.0	2.5	bbox	493	72.0	70.0	72.0	1865,187,10,6	148.1			
495	495	0.890	рюкзак-синий	5.4	16.3	снег-в-тени	0.938	55.1	6.0	-12.0	13.4	bbox	494	292.0	292.0	292.0	689,207,7,6	148.0			
496	496	0.685	рюкзак-синий	5.4	3.6	снег-в-тени	1.265	42.4	6.0	-16.0	17.1	bbox	495	82.0	80.0	82.0	1149,27,12,4	147.6			
497	497	1.313	стакан-марка-красная	10.4	4.1	снег-в-тени	0.791	53.9	1.0	-2.0	2.2	bbox	496	3.0	3.0	5.0	1491,475,14,8	147.5			
498	498	1.511	стакан-марка-красная	11.2	16.1	порода-в-тени	0.538	33.7	0.0	-1.0	1.0	bbox	497	39.0	38.0	39.0	1841,827,8,6	146.8			
499	499	1.695	стакан-марка-красная	11.2	26.9	порода-в-тени	0.266	22.9	0.0	-1.0	1.0	bbox	498	90.0	90.0	90.0	1717,25,10,6	145.9			
500	500	1.055	рюкзак-синий	6.0	20.8	порода-в-тени	0.956	18.0	1.0	-8.0	8.1	bbox	499	136.0	135.0	136.0	1790,1065,7,15	145.1			
501	501	2.018	стакан-марка-красная	11.0	41.4	снег-освещённый	0.411	91.2	0.0	1.0	1.0	bbox	500	295.0	295.0	295.0	931,45,12,6	144.8			
502	502	1.935	стакан-марка-красная	14.5	18.6	снег-розовый	0.911	68.4	-2.0	7.5	7.8	bbox	501	297.0	297.0	297.0	1481,25,6,10	144.5			
503	503	1.202	рюкзак-синий	4.0	30.6	снег-в-тени	0.821	69.4	1.0	-10.0	10.0	bbox	502	282.0	282.0	282.0	531,391,11,10	144.3			
504	504	1.526	рюкзак-синий	5.7	37.9	снег-в-тени	1.737	76.7	5.0	-18.0	18.7	bbox	503	63.0	60.0	63.0	1249,21,14,6	143.1			
505	505	2.017	стакан-марка-красная	11.0	41.2	снег-освещённый	0.459	91.0	0.0	2.0	2.0	bbox	504	294.0	294.0	294.0	1091,11,14,4	142.8			
506	506	0.523	рюкзак-синий	3.2	9.6	снег-в-тени	0.802	29.2	2.0	-11.0	11.2	bbox	505	156.0	155.0	156.0	1448,461,13,8	142.4			
507	507	1.934	рюкзак-синий	12.4	32.5	порода-в-тени	0.520	6.3	-2.0	-2.0	2.8	bbox	506	294.0	294.0	294.0	1363,1075,10,5	142.4			
508	508	1.602	рюкзак-синий	12.2	14.1	порода-в-тени	0.234	24.7	-1.0	-2.0	2.2	bbox	507	85.0	85.0	85.0	1349,23,12,10	142.0			
509	509	1.591	рюкзак-синий	10.2	26.6	порода-в-тени	0.786	12.2	3.0	-4.0	5.0	bbox	508	144.0	144.0	144.0	1530,1021,6,10	141.3			
510	510	0.679	рюкзак-синий	5.0	7.4	снег-в-тени	0.613	31.4	1.0	-9.0	9.1	bbox	509	255.0	255.0	255.0	1604,985,6,13	139.9			
511	511	1.126	рюкзак-синий	8.6	9.0	снег-в-тени	0.319	47.8	-0.5	-5.5	5.5	bbox	510	57.0	57.0	57.0	696,25,9,8	139.4			
512	512	0.779	рюкзак-синий	5.0	12.9	снег-в-тени	0.815	25.9	1.5	-9.0	9.1	bbox	511	198.0	197.0	198.0	1078,270,4,13	139.4			
513	513	1.262	стакан-марка-красная	10.0	3.3	снег-розовый	0.917	53.1	1.0	0.0	1.0	bbox	512	2.0	1.0	2.0	1409,377,7,6	139.1			
514	514	0.767	рюкзак-синий	3.2	18.4	снег-в-тени	1.078	20.4	2.0	-11.0	11.2	bbox	513	160.0	160.0	160.0	59,962,3,13	138.9			
515	515	1.224	стакан-марка-красная	7.3	22.9	порода-в-тени	0.785	26.9	4.0	-1.0	4.1	bbox	514	294.0	294.0	294.0	1673,0,14,11	138.4			
516	516	1.599	рюкзак-синий	10.2	27.0	порода-в-тени	0.501	11.8	-1.0	-4.0	4.1	bbox	515	142.0	142.0	142.0	300,168,5,13	138.3			
517	517	1.374	рюкзак-синий	10.2	14.3	снег-в-тени	0.550	53.1	-1.0	-4.0	4.1	bbox	516	28.0	26.0	30.0	1622,831,11,6	138.0			
518	518	1.684	рюкзак-синий	7.2	39.8	снег-в-тени	1.963	78.6	5.0	-20.0	20.6	bbox	517	62.0	55.0	65.0	657,110,10,5	138.0			
519	519	0.889	рюкзак-синий	6.4	10.8	снег-в-тени	1.512	49.6	5.0	-19.0	19.6	bbox	518	10.0	10.0	10.0	1805,489,18,8	137.9			
520	520	1.847	стакан-марка-красная	11.0	34.5	снег-освещённый	0.217	84.3	0.0	1.0	1.0	bbox	519	295.0	295.0	295.0	575,193,12,6	137.7			
521	521	1.705	рюкзак-синий	13.3	10.0	порода-в-тени	0.301	28.8	-2.0	-1.0	2.2	bbox	520	73.0	72.0	73.0	1857,5,11,4	137.1			
522	522	1.788	рюкзак-синий	3.6	48.5	снег-в-тени	1.799	87.3	4.0	-16.0	16.5	bbox	521	63.0	58.0	63.0	103,15,14,5	137.0			
523	523	1.381	рюкзак-синий	11.0	1.2	снег-в-тени	0.684	40.0	0.0	-3.0	3.0	bbox	522	87.0	87.0	87.0	1297,5,16,8	136.9			
524	524	1.416	стакан-марка-красная	11.2	6.5	порода-в-тени	0.856	43.3	0.0	-1.0	1.0	bbox	523	30.0	30.0	30.0	1785,689,8,8	136.0			
525	525	1.609	рюкзак-синий	11.2	22.3	порода-в-тени	0.313	16.5	-1.0	-3.0	3.2	bbox	524	90.0	87.0	90.0	1777,0,8,6	135.4			
526	526	1.329	рюкзак-синий	10.2	10.6	порода-в-тени	0.484	28.2	-1.0	-4.0	4.1	bbox	525	268.0	268.0	268.0	754,1055,9,9	135.3			
527	527	0.400	рюкзак-синий	3.2	1.7	снег-в-тени	1.078	37.1	4.0	-15.0	15.5	bbox	526	128.0	127.0	128.0	1418,101,19,4	135.2			
528	528	1.567	рюкзак-синий	7.3	35.7	снег-пересвеченный	0.849	74.5	-1.0	-7.0	7.1	bbox	527	30.0	28.0	30.0	1399,1049,10,11	135.0			
529	529	1.427	стакан-марка-красная	7.2	31.0	порода-в-тени	1.232	18.8	7.0	-5.0	8.6	bbox	528	10.0	10.0	10.0	546,1033,7,8	134.5			
530	530	2.023	стакан-марка-красная	11.0	41.6	порода-в-тени	0.560	8.2	0.0	1.0	1.0	bbox	529	295.0	295.0	295.0	1264,757,11,10	134.2			
531	531	1.653	стакан-марка-красная	11.2	24.7	порода-в-тени	0.301	25.1	0.0	-1.0	1.0	bbox	530	42.0	39.0	43.0	1881,635,6,20	133.9			
532	532	0.757	рюкзак-синий	4.5	14.3	снег-в-тени	0.946	24.5	3.0	-10.0	10.4	bbox	531	101.0	101.0	108.0	673,895,4,13	133.9			
533	533	0.603	рюкзак-синий	4.0	9.4	снег-в-тени	0.280	48.2	1.0	-10.0	10.0	bbox	532	216.0	215.0	221.0	411,897,12,10	133.4			
534	534	1.365	рюкзак-синий	10.2	13.7	порода-в-тени	0.748	25.1	3.0	-4.0	5.0	bbox	533	299.0	299.0	299.0	1875,9,12,6	133.1			
535	535	0.396	рюкзак-синий	3.2	0.6	снег-в-тени	1.064	38.2	4.0	-15.0	15.5	bbox	534	81.0	81.0	81.0	79,0,10,5	133.0			
536	536	0.531	рюкзак-синий	4.1	3.6	снег-в-тени	0.317	42.4	0.0	-10.0	10.0	bbox	535	144.0	144.0	144.0	609,13,8,8	133.0			
537	537	0.873	рюкзак-синий	2.2	23.2	снег-в-тени	0.754	62.0	2.0	-12.0	12.2	bbox	536	111.0	111.0	111.0	1304,0,19,15	132.7			
538	538	1.343	стакан-марка-красная	9.5	17.6	порода-в-тени	0.665	32.2	2.0	-2.0	2.8	bbox	537	28.0	28.0	30.0	1421,965,10,8	131.7			
539	539	1.692	рюкзак-синий	13.3	8.0	порода-в-тени	0.371	30.8	-2.0	-1.0	2.2	bbox	538	97.0	96.0	97.0	1591,19,10,8	131.6			
540	540	1.110	рюкзак-синий	6.7	20.4	порода-в-тени	1.155	18.4	4.0	-8.0	8.9	bbox	539	14.0	12.0	15.0	165,803,9,8	131.2			
541	541	1.065	рюкзак-синий	5.0	24.1	снег-в-тени	1.385	62.9	-2.0	-18.0	18.1	bbox	540	33.0	33.0	33.0	143,827,11,8	131.1			
542	542	0.396	рюкзак-синий	2.0	8.6	снег-в-тени	1.048	30.2	3.0	-14.0	14.3	bbox	541	45.0	45.0	45.0	1878,608,9,13	130.0			
543	543	1.470	стакан-марка-красная	11.7	5.3	корка-жёлтая-на-скале	1.015	44.5	1.0	7.0	7.1	bbox	542	296.0	296.0	296.0	47,35,4,13	129.9			
544	544	1.653	стакан-марка-красная	11.2	24.7	порода-в-тени	0.301	25.1	0.0	-1.0	1.0	bbox	543	35.0	35.0	35.0	1789,881,10,6	129.4			
545	545	0.918	рюкзак-синий	7.0	7.8	снег-в-тени	0.626	31.0	1.0	-7.0	7.1	bbox	544	230.0	230.0	230.0	1130,968,9,5	129.4			
546	546	1.431	рюкзак-синий	9.2	23.7	снег-в-тени	1.919	62.5	7.0	-21.0	22.1	bbox	545	10.0	0.0	12.0	1017,243,12,6	129.2			
547	547	1.020	рюкзак-синий	6.0	19.2	снег-в-тени	1.674	19.6	6.5	-16.5	17.7	bbox	546	66.0	66.0	66.0	1843,579,6,10	129.0			
548	548	1.434	стакан-марка-красная	10.4	16.7	порода-в-тени	0.603	33.1	1.0	-2.0	2.2	bbox	547	3.0	3.0	3.0	1889,569,14,4	128.6			
549	549	1.465	рюкзак-синий	10.1	20.8	порода-в-тени	0.428	18.0	-0.5	-4.0	4.0	bbox	548	171.0	169.0	171.0	390,703,8,5	128.1			
550	550	1.773	рюкзак-синий	13.6	14.1	порода-в-тени	0.198	24.7	-3.0	-1.0	3.2	bbox	549	78.0	78.0	81.0	521,5,8,6	127.9			
551	551	0.961	рюкзак-синий	4.0	23.0	снег-в-тени	0.572	61.8	1.0	-10.0	10.0	bbox	550	22.0	22.0	23.0	87,975,13,10	127.6			
552	552	0.570	рюкзак-синий	4.2	5.9	снег-в-тени	1.341	32.9	4.0	-17.0	17.5	bbox	551	46.0	42.0	46.0	1794,585,7,8	127.2			
553	553	0.594	рюкзак-синий	4.0	9.0	снег-в-тени	0.701	29.8	1.0	-10.0	10.0	bbox	552	255.0	255.0	256.0	1583,756,9,9	127.2			
554	554	1.595	стакан-марка-красная	11.0	22.3	порода-в-тени	0.376	27.5	0.0	0.0	0.0	bbox	553	144.0	144.0	151.0	11,859,6,8	126.3			
555	555	1.919	рюкзак-синий	12.0	33.3	порода-в-тени	0.601	5.5	0.0	-2.0	2.0	bbox	554	289.0	289.0	289.0	1421,0,4,9	126.3			
556	556	1.659	стакан-марка-красная	13.2	6.3	порода-в-тени	0.826	43.5	-2.0	-1.0	2.2	bbox	555	62.0	62.0	62.0	439,277,14,4	126.0			
557	557	1.911	стакан-марка-красная	11.2	36.5	снег-освещённый	0.264	86.3	0.0	-1.0	1.0	bbox	556	294.0	294.0	294.0	135,51,10,8	125.9			
558	558	0.772	рюкзак-синий	6.0	5.1	снег-в-тени	0.518	33.7	1.0	-8.0	8.1	bbox	557	260.0	259.0	260.0	1773,765,7,8	125.8			
559	559	0.975	рюкзак-синий	6.7	13.9	снег-в-тени	1.436	52.7	7.0	-17.0	18.4	bbox	558	16.0	16.0	17.0	439,649,4,14	125.7			
560	560	0.652	рюкзак-синий	5.1	3.9	снег-в-тени	0.477	34.9	0.0	-9.0	9.0	bbox	559	275.0	275.0	275.0	17,909,12,4	125.7			
561	561	0.676	рюкзак-синий	5.0	7.2	снег-в-тени	0.805	31.6	4.0	-10.0	10.8	bbox	560	222.0	222.0	222.0	455,563,8,8	125.6			
562	562	0.993	рюкзак-синий	5.0	21.6	снег-в-тени	0.483	60.4	1.0	-9.0	9.1	bbox	561	280.0	280.0	280.0	77,239,10,6	125.6			
563	563	0.787	рюкзак-синий	6.0	6.6	снег-в-тени	0.572	32.2	1.0	-8.0	8.1	bbox	562	207.0	207.0	207.0	1365,131,5,14	125.2			
564	564	0.846	рюкзак-синий	6.0	11.0	снег-в-тени	0.724	27.8	1.0	-8.0	8.1	bbox	563	286.0	286.0	286.0	907,1071,7,9	124.4			
565	565	0.619	рюкзак-синий	4.1	9.6	снег-в-тени	0.752	29.2	2.0	-10.0	10.2	bbox	564	259.0	257.0	260.0	415,813,6,8	124.1			
566	566	0.893	рюкзак-синий	7.1	3.5	снег-в-тени	0.464	35.3	0.0	-7.0	7.0	bbox	565	233.0	233.0	233.0	205,565,12,4	123.7			
567	567	1.034	рюкзак-синий	7.4	12.7	снег-в-тени	1.797	26.1	6.0	-19.5	20.4	bbox	566	42.0	40.0	44.0	1789,75,8,10	123.5			
568	568	1.346	рюкзак-синий	10.0	13.9	снег-в-тени	1.965	52.7	7.0	-22.0	23.1	bbox	567	62.0	57.0	68.0	533,27,10,4	122.6			
569	569	1.344	рюкзак-синий	8.7	21.9	порода-в-тени	0.590	16.9	-1.0	-5.5	5.6	bbox	568	134.0	134.0	134.0	1523,1014,12,6	122.6			
570	570	0.516	рюкзак-синий	4.0	3.6	снег-в-тени	0.341	42.4	1.0	-10.0	10.0	bbox	569	64.0	64.0	64.0	1803,1067,10,6	122.5			
571	571	1.711	рюкзак-синий	13.6	5.5	порода-в-тени	0.479	33.3	-3.0	-1.0	3.2	bbox	570	77.0	76.0	79.0	354,0,11,3	122.4			
572	572	1.256	рюкзак-синий	2.8	33.7	снег-в-тени	1.340	72.5	-1.0	-16.0	16.0	bbox	571	20.0	20.0	20.0	33,51,8,12	121.7			
573	573	1.399	рюкзак-синий	11.2	1.9	порода-в-тени	0.651	36.9	-1.0	-3.0	3.2	bbox	572	78.0	77.0	89.0	403,101,10,10	121.5			
574	574	0.631	рюкзак-синий	4.1	10.2	снег-в-тени	0.771	28.6	2.0	-10.0	10.2	bbox	573	208.0	208.0	214.0	0,630,7,5	121.4			
575	575	1.086	рюкзак-синий	8.5	6.5	снег-в-тени	1.739	45.3	7.0	-20.0	21.2	bbox	574	56.0	56.0	56.0	553,49,8,7	120.9			
576	576	0.619	рюкзак-синий	4.5	7.4	снег-в-тени	0.740	31.4	3.0	-10.0	10.4	bbox	575	234.0	234.0	237.0	113,707,9,5	120.9			
577	577	1.522	рюкзак-синий	10.0	24.3	снег-в-тени	2.032	63.1	7.0	-22.0	23.1	bbox	576	57.0	57.0	57.0	417,53,10,8	120.7			
578	578	0.520	рюкзак-синий	4.1	2.0	снег-в-тени	0.354	40.8	0.0	-10.0	10.0	bbox	577	5.0	2.0	5.0	0,616,4,12	120.5			
579	579	1.228	рюкзак-синий	8.0	20.0	порода-в-тени	0.731	18.8	1.0	-6.0	6.1	bbox	578	136.0	136.0	136.0	1768,860,5,16	120.3			
580	580	1.067	рюкзак-синий	5.1	23.9	снег-в-тени	0.548	62.7	0.0	-9.0	9.0	bbox	579	298.0	296.0	298.0	149,451,8,12	119.8			
581	581	0.776	рюкзак-синий	6.1	4.3	снег-в-тени	0.475	34.5	0.0	-8.0	8.0	bbox	580	214.0	213.0	214.0	1725,678,13,9	119.6			
582	582	1.621	рюкзак-синий	12.6	10.0	порода-в-тени	0.349	28.8	-3.0	-2.0	3.6	bbox	581	80.0	79.0	84.0	145,99,10,10	119.2			
583	583	1.058	рюкзак-синий	8.1	9.0	снег-в-тени	0.690	29.8	0.0	-6.0	6.0	bbox	582	192.0	189.0	192.0	701,313,12,6	118.4			
584	584	0.803	рюкзак-синий	6.3	3.9	снег-в-тени	0.220	42.7	-1.0	-8.0	8.1	bbox	583	211.0	211.0	211.0	1867,31,10,10	118.2			
585	585	0.679	рюкзак-синий	5.0	7.4	снег-в-тени	0.613	31.4	1.0	-9.0	9.1	bbox	584	264.0	264.0	264.0	47,204,11,5	117.8			
586	586	0.435	рюкзак-синий	3.2	5.1	снег-в-тени	1.126	33.7	4.0	-15.0	15.5	bbox	585	133.0	132.0	137.0	1588,71,9,8	117.6			
587	587	1.149	рюкзак-синий	3.2	30.2	снег-в-тени	0.846	69.0	0.0	-11.0	11.0	bbox	586	282.0	282.0	282.0	707,269,10,12	117.4			
588	588	1.217	стакан-марка-красная	9.1	12.5	порода-в-тени	0.792	37.3	2.0	0.0	2.0	bbox	587	116.0	116.0	116.0	710,70,5,9	117.0			
589	589	1.646	стакан-марка-красная	13.2	2.3	снег-в-тени	0.910	47.5	-2.0	-1.0	2.2	bbox	588	68.0	64.0	68.0	1841,161,14,6	116.3			
590	590	1.061	рюкзак-синий	7.3	15.3	снег-в-тени	0.953	23.5	3.0	-7.0	7.6	bbox	589	102.0	102.0	102.0	815,707,11,7	116.3			
591	591	0.542	рюкзак-синий	3.6	8.4	снег-в-тени	0.817	30.4	3.0	-11.0	11.4	bbox	590	142.0	140.0	142.0	1257,5,8,10	116.3			
592	592	0.999	рюкзак-синий	6.3	17.1	снег-в-тени	0.315	55.9	-1.0	-8.0	8.1	bbox	591	184.0	184.0	184.0	1729,111,14,6	116.1			
593	593	1.598	стакан-марка-красная	12.2	13.7	порода-в-тени	0.574	36.1	-1.0	-1.0	1.4	bbox	592	69.0	63.0	69.0	1881,111,8,6	116.0			
594	594	1.861	рюкзак-синий	14.3	14.3	порода-в-тени	0.193	24.5	-2.0	0.0	2.0	bbox	593	85.0	85.0	94.0	761,9,12,4	115.9			
595	595	1.361	рюкзак-синий	8.6	23.4	снег-в-тени	1.862	62.2	6.0	-21.0	21.8	bbox	594	61.0	61.0	61.0	1021,215,12,4	115.0			
596	596	0.801	рюкзак-синий	6.4	0.8	снег-в-тени	1.538	39.6	5.0	-19.0	19.6	bbox	595	21.0	21.0	22.0	290,398,13,7	114.3			
597	597	0.510	рюкзак-синий	3.2	9.0	снег-в-тени	1.008	47.8	4.0	-15.0	15.5	bbox	596	152.0	149.0	152.0	1513,109,22,4	114.0			
598	598	0.469	рюкзак-синий	2.5	9.8	снег-в-тени	0.810	29.0	1.0	-11.5	11.5	bbox	597	48.0	48.0	48.0	127,686,10,7	113.8			
599	599	1.576	стакан-марка-красная	11.2	20.4	порода-в-тени	0.408	29.4	0.0	-1.0	1.0	bbox	598	69.0	68.0	70.0	1695,181,10,10	113.8			
600	600	1.302	стакан-марка-красная	9.1	18.0	порода-в-тени	0.656	31.8	2.0	0.0	2.0	bbox	599	294.0	294.0	294.0	1851,125,8,12	113.8			
601	601	1.429	рюкзак-синий	2.2	39.2	снег-в-тени	1.190	78.0	0.0	-12.0	12.0	bbox	600	0.0	0.0	7.0	1603,657,4,8	113.5			
602	602	0.701	рюкзак-синий	5.4	5.5	снег-в-тени	1.353	33.3	6.0	-16.0	17.1	bbox	601	84.0	82.0	96.0	937,9,10,4	112.6			
603	603	1.352	рюкзак-синий	7.2	28.2	порода-в-тени	1.286	10.6	5.0	-8.0	9.4	bbox	602	289.0	289.0	289.0	1479,49,10,5	112.6			
604	604	1.117	рюкзак-синий	8.5	9.8	снег-в-тени	1.102	29.0	7.0	-8.0	10.6	bbox	603	14.0	14.0	18.0	449,721,8,7	112.3			
605	605	1.775	стакан-марка-красная	13.0	20.0	порода-в-тени	0.946	29.8	-1.0	6.0	6.1	bbox	604	297.0	297.0	297.0	1871,0,10,5	111.8			
606	606	1.202	стакан-марка-красная	9.2	9.6	порода-в-тени	0.866	40.2	2.0	-1.0	2.2	bbox	605	30.0	30.0	30.0	1473,1073,8,7	111.6			
607	607	1.084	рюкзак-синий	8.0	11.7	порода-в-тени	0.767	27.1	1.0	-6.0	6.1	bbox	606	79.0	79.0	79.0	459,355,14,8	111.6			
608	608	1.532	стакан-марка-красная	12.2	5.3	порода-в-тени	0.870	44.5	-1.0	-1.0	1.4	bbox	607	144.0	144.0	144.0	43,45,12,4	111.6			
609	609	1.638	стакан-марка-красная	12.2	17.1	порода-в-тени	0.458	32.7	-1.0	-1.0	1.4	bbox	608	94.0	91.0	100.0	1143,0,12,9	111.5			
610	610	1.120	рюкзак-синий	8.1	13.7	порода-в-тени	0.694	25.1	0.0	-6.0	6.0	bbox	609	125.0	125.0	125.0	422,930,7,14	111.4			
611	611	1.288	стакан-марка-красная	7.6	24.3	порода-в-тени	0.782	25.5	4.0	-2.0	4.5	bbox	610	294.0	294.0	294.0	1830,43,11,10	110.7			
612	612	1.666	стакан-марка-красная	12.1	19.6	порода-в-тени	0.377	30.2	-1.0	-0.5	1.1	bbox	611	29.0	29.0	29.0	1777,887,4,8	110.4			
613	613	1.399	стакан-марка-красная	11.2	2.0	снег-в-тени	0.886	51.8	0.0	-1.0	1.0	bbox	612	289.0	289.0	289.0	329,229,6,8	109.4			
614	614	0.737	рюкзак-синий	5.0	11.0	снег-в-тени	0.734	27.8	1.0	-9.0	9.1	bbox	613	256.0	256.0	258.0	798,379,5,9	109.3			
615	615	1.884	стакан-марка-красная	11.4	34.5	снег-освещённый	0.306	84.3	0.0	-2.0	2.0	bbox	614	294.0	294.0	294.0	81,0,11,9	109.1			
616	616	0.579	рюкзак-синий	3.4	11.2	снег-в-тени	1.129	50.0	-0.5	-17.0	17.0	bbox	615	42.0	42.0	42.0	1689,673,4,8	108.9			
617	617	2.069	стакан-марка-красная	11.0	43.1	порода-в-тени	0.565	6.7	0.0	0.0	0.0	bbox	616	96.0	96.0	96.0	1906,47,7,6	108.9			
618	618	1.158	рюкзак-синий	7.2	20.4	снег-в-тени	1.221	18.4	5.0	-8.0	9.4	bbox	617	9.0	9.0	11.0	557,1013,8,10	108.7			
619	619	0.834	рюкзак-синий	4.6	16.9	снег-в-тени	1.201	55.7	-2.5	-17.0	17.2	bbox	618	37.0	37.0	37.0	153,805,4,10	108.5			
620	620	1.038	рюкзак-синий	6.3	18.8	снег-в-тени	0.373	57.6	-1.0	-8.0	8.1	bbox	619	190.0	190.0	190.0	1848,209,5,9	108.4			
621	621	0.543	рюкзак-синий	3.2	10.4	снег-в-тени	1.009	49.2	4.0	-15.0	15.5	bbox	620	146.0	146.0	146.0	113,217,8,6	108.0			
622	622	1.065	рюкзак-синий	5.0	24.1	снег-в-тени	0.569	62.9	1.0	-9.0	9.1	bbox	621	296.0	296.0	296.0	329,0,6,9	107.9			
623	623	1.279	стакан-марка-красная	6.7	27.1	порода-в-тени	0.888	22.7	5.0	-2.0	5.4	bbox	622	1.0	1.0	2.0	881,773,10,14	107.8			
624	624	0.789	рюкзак-синий	6.1	5.9	снег-в-тени	0.531	32.9	0.0	-8.0	8.0	bbox	623	260.0	256.0	261.0	1130,111,9,6	107.7			
625	625	0.923	рюкзак-синий	7.1	7.4	снег-в-тени	0.600	31.4	0.0	-7.0	7.0	bbox	624	261.0	261.0	261.0	709,766,5,8	107.6			
626	626	0.731	рюкзак-синий	2.0	19.2	снег-в-тени	0.915	58.0	3.0	-14.0	14.3	bbox	625	61.0	59.0	61.0	859,347,10,10	107.4			
627	627	0.938	рюкзак-синий	6.7	11.7	снег-в-тени	1.206	27.1	7.0	-11.0	13.0	bbox	626	13.0	13.0	13.0	1849,577,8,4	107.0			
628	628	1.092	рюкзак-синий	8.1	11.7	порода-в-тени	0.714	27.1	0.0	-6.0	6.0	bbox	627	0.0	0.0	0.0	178,1065,12,8	106.8			
629	629	1.125	рюкзак-синий	3.6	28.8	снег-в-тени	1.382	67.6	3.0	-17.0	17.3	bbox	628	61.0	61.0	62.0	927,67,8,10	106.7			
630	630	1.551	стакан-марка-красная	11.2	18.8	порода-в-тени	0.453	31.0	0.0	-1.0	1.0	bbox	629	69.0	69.0	71.0	1589,91,12,6	106.7			
631	631	0.446	рюкзак-синий	2.8	7.6	снег-в-тени	0.862	31.2	3.0	-12.0	12.4	bbox	630	199.0	199.0	201.0	1340,169,15,2	106.7			
632	632	1.019	рюкзак-синий	6.8	15.7	снег-в-тени	0.277	54.5	-1.0	-7.5	7.6	bbox	631	156.0	156.0	157.0	21,85,5,14	106.5			
633	633	1.256	стакан-марка-красная	5.8	28.6	порода-в-тени	1.305	21.2	8.0	-4.0	8.9	bbox	632	23.0	19.0	23.0	549,938,7,13	106.3			
634	634	1.378	рюкзак-синий	2.8	37.3	снег-в-тени	1.427	76.1	-1.0	-16.0	16.0	bbox	633	17.0	17.0	17.0	575,353,12,10	106.2			
635	635	1.279	стакан-марка-красная	10.0	6.7	порода-в-тени	0.903	43.1	1.0	0.0	1.0	bbox	634	62.0	62.0	62.0	474,901,11,6	105.8			
636	636	2.058	стакан-марка-красная	12.4	38.0	снег-освещённый	0.355	87.8	-1.0	-2.0	2.2	bbox	635	65.0	61.0	65.0	1871,223,6,16	104.8			
637	637	1.505	рюкзак-синий	2.2	41.4	снег-в-тени	1.260	80.2	0.0	-12.0	12.0	bbox	636	31.0	31.0	31.0	1701,734,6,11	104.7			
638	638	1.216	стакан-марка-красная	9.0	12.9	порода-в-тени	0.811	36.9	2.0	1.0	2.2	bbox	637	116.0	116.0	116.0	801,73,11,4	104.6			
639	639	1.533	рюкзак-синий	7.4	34.1	снег-в-тени	1.853	72.9	6.0	-19.5	20.4	bbox	638	63.0	59.0	65.0	1155,91,10,4	104.3			
640	640	0.562	рюкзак-синий	3.6	9.4	снег-в-тени	0.844	29.4	3.0	-11.0	11.4	bbox	639	192.0	192.0	192.0	1597,261,6,8	104.2			
641	641	1.018	рюкзак-синий	7.1	14.1	снег-в-тени	1.577	52.9	6.0	-19.0	19.9	bbox	640	62.0	62.0	62.0	1393,145,10,7	104.1			
642	642	0.816	рюкзак-синий	6.0	9.0	снег-в-тени	0.655	29.8	1.0	-8.0	8.1	bbox	641	255.0	255.0	255.0	1589,877,5,13	103.8			
643	643	0.919	рюкзак-синий	5.8	15.7	снег-в-тени	1.021	23.1	4.0	-9.0	9.8	bbox	642	170.0	170.0	170.0	603,1053,3,12	103.4			
644	644	1.498	стакан-марка-красная	11.2	15.1	порода-в-тени	0.569	34.7	0.0	-1.0	1.0	bbox	643	1.0	0.0	1.0	689,865,8,8	102.5			
645	645	0.462	рюкзак-синий	3.2	6.7	снег-в-тени	1.155	45.5	2.0	-17.0	17.1	bbox	644	49.0	49.0	49.0	1711,697,6,8	102.5			
646	646	0.806	рюкзак-синий	6.3	4.3	снег-в-тени	0.208	43.1	-1.0	-8.0	8.1	bbox	645	94.0	94.0	94.0	73,889,4,15	102.5			
647	647	1.459	рюкзак-синий	10.0	20.8	порода-в-тени	0.459	18.0	0.0	-4.0	4.0	bbox	646	58.0	58.0	58.0	0,1009,5,8	102.3			
648	648	0.709	рюкзак-синий	5.0	9.4	снег-в-тени	0.680	29.4	1.0	-9.0	9.1	bbox	647	243.0	243.0	246.0	135,625,5,9	102.1			
649	649	1.058	стакан-марка-красная	8.2	6.7	снег-в-тени	0.966	43.1	3.0	-1.0	3.2	bbox	648	28.0	28.0	28.0	1337,1069,7,4	101.7			
650	650	0.682	рюкзак-синий	3.4	15.1	снег-в-тени	1.143	23.7	4.0	-12.5	13.1	bbox	649	87.0	87.0	89.0	1371,0,6,11	101.6			
651	651	0.833	рюкзак-синий	3.6	19.6	снег-в-тени	1.181	58.4	4.0	-16.0	16.5	bbox	650	148.0	147.0	148.0	843,229,16,3	101.4			
652	652	0.686	рюкзак-синий	5.4	3.7	снег-в-тени	0.258	42.5	-1.0	-9.0	9.1	bbox	651	171.0	171.0	172.0	1879,270,6,13	101.2			
653	653	1.100	рюкзак-синий	8.5	8.2	снег-в-тени	1.069	30.6	7.0	-8.0	10.6	bbox	652	16.0	16.0	23.0	597,696,6,7	100.7			
654	654	0.514	рюкзак-синий	3.2	9.2	снег-в-тени	1.199	29.6	4.0	-15.0	15.5	bbox	653	45.0	45.0	45.0	1884,535,7,10	100.7			
655	655	0.532	рюкзак-синий	3.2	10.0	снег-в-тени	1.049	28.8	4.0	-13.0	13.6	bbox	654	80.0	80.0	80.0	409,0,12,13	100.6			
656	656	1.428	стакан-марка-красная	10.0	19.0	порода-в-тени	0.542	30.8	1.0	0.0	1.0	bbox	655	109.0	109.0	109.0	250,231,5,10	100.5			
657	657	0.903	рюкзак-синий	6.0	14.1	снег-в-тени	0.834	24.7	1.0	-8.0	8.1	bbox	656	48.0	48.0	48.0	821,946,5,7	100.4			
658	658	1.382	рюкзак-синий	2.0	38.1	снег-в-тени	1.447	76.9	1.0	-16.0	16.0	bbox	657	25.0	24.0	25.0	1837,417,4,14	100.3			
659	659	0.746	рюкзак-синий	5.9	4.1	снег-в-тени	1.300	42.9	6.5	-16.0	17.3	bbox	658	70.0	69.0	70.0	707,49,8,4	100.0			
660	660	1.013	рюкзак-синий	7.0	14.3	снег-в-тени	0.850	24.5	1.0	-7.0	7.1	bbox	659	182.0	178.0	183.0	1764,255,5,12	99.2			
661	661	0.538	рюкзак-синий	4.1	4.3	снег-в-тени	0.300	43.1	0.0	-10.0	10.0	bbox	660	216.0	216.0	217.0	45,243,6,10	99.0			
662	662	1.112	рюкзак-синий	6.1	22.7	порода-в-тени	0.923	16.1	0.0	-8.0	8.0	bbox	661	136.0	136.0	136.0	1817,985,8,6	98.2			
663	663	0.547	рюкзак-синий	4.1	5.1	снег-в-тени	0.286	43.9	0.0	-10.0	10.0	bbox	662	186.0	186.0	186.0	25,185,6,6	98.2			
664	664	1.173	рюкзак-синий	5.4	26.9	снег-в-тени	0.751	65.7	3.0	-9.0	9.5	bbox	663	296.0	296.0	296.0	1269,65,4,12	98.2			
665	665	0.709	рюкзак-синий	5.0	9.4	снег-в-тени	0.680	29.4	1.0	-9.0	9.1	bbox	664	252.0	252.0	253.0	147,1053,9,6	98.1			
666	666	0.874	рюкзак-синий	6.5	9.0	снег-в-тени	0.658	29.8	1.0	-7.5	7.6	bbox	665	229.0	229.0	229.0	934,849,8,4	97.6			
667	667	0.745	рюкзак-синий	5.0	11.3	снег-в-тени	1.530	27.5	4.0	-18.0	18.4	bbox	666	45.0	45.0	45.0	1907,339,6,7	97.5			
668	668	1.216	стакан-марка-красная	7.6	21.2	порода-в-тени	0.815	28.6	4.0	-2.0	4.5	bbox	667	2.0	2.0	2.0	1081,693,8,12	97.3			
669	669	0.789	рюкзак-синий	5.7	9.8	снег-в-тени	1.550	29.0	5.0	-18.0	18.7	bbox	668	31.0	31.0	31.0	1610,457,7,10	97.2			
670	670	0.892	рюкзак-синий	6.4	11.0	снег-в-тени	1.459	49.8	6.0	-18.0	19.0	bbox	669	19.0	19.0	19.0	1521,467,18,4	96.7			
671	671	1.017	стакан-марка-красная	8.1	3.9	снег-розовый	0.897	53.7	3.0	0.0	3.0	bbox	670	290.0	290.0	290.0	699,99,6,14	96.7			
672	672	0.773	рюкзак-синий	6.1	3.9	снег-в-тени	0.181	42.7	0.0	-8.0	8.0	bbox	671	195.0	195.0	195.0	1873,1041,8,5	96.6			
673	673	0.952	рюкзак-синий	7.3	7.8	снег-в-тени	0.626	31.0	-1.0	-7.0	7.1	bbox	672	239.0	239.0	240.0	436,853,7,5	96.4			
674	674	1.704	рюкзак-синий	13.2	12.5	порода-в-тени	0.244	26.3	-1.0	-1.0	1.4	bbox	673	88.0	85.0	92.0	1617,127,8,6	96.2			
675	675	1.662	рюкзак-синий	10.8	27.1	снег-в-тени	2.168	65.9	7.0	-23.0	24.0	bbox	674	60.0	59.0	60.0	557,37,14,4	96.0			
676	676	0.808	рюкзак-синий	6.3	4.7	снег-в-тени	0.197	43.5	-1.0	-8.0	8.1	bbox	675	132.0	132.0	132.0	1874,1017,7,5	96.0			
677	677	1.474	рюкзак-синий	11.0	14.9	порода-в-тени	0.468	23.9	1.0	-3.0	3.2	bbox	676	65.0	65.0	65.0	1163,1035,6,9	95.9			
678	678	0.671	рюкзак-синий	5.0	6.8	снег-в-тени	0.593	32.0	1.0	-9.0	9.1	bbox	677	242.0	241.0	246.0	300,575,6,10	95.8			
679	679	0.354	рюкзак-синий	2.0	7.0	снег-в-тени	1.015	31.8	3.0	-14.0	14.3	bbox	678	138.0	138.0	138.0	1873,3,12,8	95.6			
680	680	0.534	рюкзак-синий	4.1	3.9	снег-в-тени	0.308	42.7	0.0	-10.0	10.0	bbox	679	203.0	203.0	203.0	9,49,8,4	95.5			
681	681	0.611	рюкзак-синий	4.1	9.2	снег-в-тени	0.740	29.6	2.0	-10.0	10.2	bbox	680	264.0	263.0	264.0	1633,256,4,7	95.4			
682	682	1.492	стакан-марка-красная	10.7	18.6	порода-в-тени	0.704	31.2	0.5	3.0	3.0	bbox	681	299.0	299.0	299.0	1771,7,10,8	94.9			
683	683	1.325	стакан-марка-красная	5.7	31.4	порода-в-тени	1.155	18.4	7.0	-3.0	7.6	bbox	682	19.0	19.0	20.0	1699,997,6,6	94.8			
684	684	0.827	рюкзак-синий	6.0	9.8	снег-в-тени	0.682	29.0	1.0	-8.0	8.1	bbox	683	160.0	160.0	160.0	517,932,7,9	94.7			
685	685	0.805	рюкзак-синий	6.0	8.2	снег-в-тени	0.627	30.6	1.0	-8.0	8.1	bbox	684	242.0	242.0	242.0	1896,871,7,7	94.6			
686	686	1.096	рюкзак-синий	6.4	21.0	снег-в-тени	1.245	17.8	5.0	-9.0	10.3	bbox	685	8.0	8.0	8.0	618,1043,7,6	94.5			
687	687	1.152	рюкзак-синий	6.7	22.1	порода-в-тени	1.160	16.7	4.0	-8.0	8.9	bbox	686	26.0	26.0	26.0	1761,663,4,7	94.5			
688	688	1.718	рюкзак-синий	9.8	33.6	снег-в-тени	2.162	72.4	5.0	-23.0	23.5	bbox	687	16.0	16.0	19.0	265,191,8,6	94.2			
689	689	0.829	рюкзак-синий	5.0	15.3	снег-в-тени	0.885	23.5	1.0	-9.0	9.1	bbox	688	187.0	187.0	188.0	27,757,3,9	93.8			
690	690	0.503	рюкзак-синий	3.0	9.4	снег-в-тени	1.115	29.4	4.0	-14.0	14.6	bbox	689	84.0	82.0	84.0	1233,19,8,4	93.7			
691	691	1.456	рюкзак-синий	11.0	12.9	порода-в-тени	0.404	25.9	0.0	-3.0	3.0	bbox	690	96.0	96.0	97.0	1115,113,14,4	93.7			
692	692	1.163	рюкзак-синий	8.2	15.1	порода-в-тени	0.648	23.7	-1.0	-6.0	6.1	bbox	691	223.0	223.0	223.0	827,707,8,8	93.7			
693	693	1.400	стакан-марка-красная	6.4	32.2	порода-в-тени	1.190	17.6	7.0	-4.0	8.1	bbox	692	22.0	22.0	22.0	499,1069,8,11	93.6			
694	694	1.187	рюкзак-синий	7.5	20.4	снег-в-тени	1.254	18.4	5.5	-8.0	9.7	bbox	693	26.0	26.0	26.0	1852,889,4,9	93.6			
695	695	1.080	рюкзак-синий	7.8	12.9	снег-в-тени	1.084	25.9	6.0	-8.0	10.0	bbox	694	23.0	21.0	23.0	1521,837,10,6	93.4			
696	696	1.517	рюкзак-синий	3.4	40.8	снег-в-тени	1.600	79.6	-0.5	-17.0	17.0	bbox	695	24.0	21.0	24.0	1691,833,10,4	93.4			
697	697	1.147	рюкзак-синий	8.2	14.1	порода-в-тени	0.656	24.7	-1.0	-6.0	6.1	bbox	696	215.0	215.0	215.0	1804,713,4,8	92.8			
698	698	1.464	рюкзак-синий	3.2	39.4	снег-в-тени	1.489	78.2	-1.5	-16.0	16.1	bbox	697	19.0	19.0	19.0	257,825,7,6	92.7			
699	699	0.854	рюкзак-синий	3.2	21.2	снег-в-тени	1.009	60.0	-2.0	-15.0	15.1	bbox	698	56.0	56.0	56.0	33,19,6,8	92.6			
700	700	1.045	рюкзак-синий	6.0	20.4	порода-в-тени	0.955	18.4	1.0	-8.0	8.1	bbox	699	5.0	4.0	5.0	51,1075,5,5	92.2			
701	701	2.077	рюкзак-синий	13.0	36.1	порода-в-тени	0.678	2.7	0.0	-1.0	1.0	bbox	700	54.0	54.0	54.0	0,1011,15,2	92.2			
702	702	1.737	рюкзак-синий	6.4	43.2	снег-в-тени	1.901	82.0	6.0	-18.0	19.0	bbox	701	63.0	63.0	66.0	425,53,8,4	92.2			
703	703	1.803	рюкзак-синий	13.3	19.2	порода-в-тени	0.028	19.6	-2.0	-1.0	2.2	bbox	702	81.0	80.0	81.0	823,9,4,8	92.2			
704	704	1.129	рюкзак-синий	3.0	29.8	снег-в-тени	0.842	68.6	1.0	-11.0	11.0	bbox	703	280.0	280.0	280.0	183,197,6,9	92.1			
705	705	0.808	рюкзак-синий	4.7	15.5	снег-в-тени	1.511	23.3	5.0	-16.5	17.2	bbox	704	67.0	64.0	67.0	1804,209,8,8	91.6			
706	706	0.975	рюкзак-синий	4.1	23.2	снег-в-тени	1.348	62.0	0.0	-18.0	18.0	bbox	705	15.0	15.0	15.0	0,29,8,4	91.5			
707	707	1.037	рюкзак-синий	7.8	9.8	снег-в-тени	1.677	48.6	6.0	-20.0	20.9	bbox	706	18.0	16.0	18.0	141,357,10,6	91.4			
708	708	1.136	рюкзак-синий	2.8	30.2	снег-в-тени	0.916	69.0	-1.0	-12.0	12.0	bbox	707	43.0	43.0	43.0	853,729,12,5	91.4			
709	709	0.719	рюкзак-синий	4.0	14.5	снег-в-тени	0.884	24.3	1.0	-10.0	10.0	bbox	708	173.0	173.0	173.0	162,789,5,9	91.4			
710	710	2.049	рюкзак-синий	5.1	54.5	снег-пересвеченный	0.907	93.3	0.0	-9.0	9.0	bbox	709	30.0	30.0	30.0	1485,960,5,8	91.0			
711	711	0.914	рюкзак-синий	6.4	12.4	снег-в-тени	1.463	51.2	6.0	-18.0	19.0	bbox	710	67.0	67.0	67.0	223,35,10,6	90.7			
712	712	1.177	стакан-марка-красная	6.1	25.1	порода-в-тени	1.029	24.7	6.0	-2.5	6.5	bbox	711	3.0	3.0	3.0	999,539,10,8	90.4			
713	713	1.132	стакан-марка-красная	9.1	0.0	снег-розовый	1.024	49.8	2.0	0.0	2.0	bbox	712	63.0	63.0	63.0	1007,783,4,10	90.4			
714	714	0.702	рюкзак-синий	4.0	13.7	снег-в-тени	0.946	25.1	3.0	-10.5	10.9	bbox	713	251.0	251.0	251.0	21,530,6,7	90.4			
715	715	0.999	рюкзак-синий	2.0	27.1	снег-в-тени	1.197	65.9	1.0	-16.0	16.0	bbox	714	6.0	6.0	6.0	443,185,4,14	90.3			
716	716	1.227	рюкзак-синий	8.5	16.9	снег-в-тени	0.452	55.7	-2.0	-6.0	6.3	bbox	715	157.0	157.0	157.0	11,115,10,9	90.3			
717	717	0.644	рюкзак-синий	5.0	4.3	снег-в-тени	0.507	34.5	1.0	-9.0	9.1	bbox	716	208.0	208.0	209.0	1481,162,5,11	90.3			
718	718	1.753	стакан-марка-красная	13.3	15.1	снег-освещённый	0.633	64.9	-2.0	-2.0	2.8	bbox	717	66.0	65.0	67.0	1688,205,11,8	90.2			
719	719	1.031	рюкзак-синий	7.1	14.9	снег-в-тени	1.143	23.9	6.0	-9.0	10.8	bbox	718	19.0	19.0	19.0	443,297,6,6	90.1			
720	720	1.722	рюкзак-синий	13.2	14.3	порода-в-тени	0.193	24.5	-1.0	-1.0	1.4	bbox	719	86.0	86.0	91.0	909,15,12,6	90.0			
721	721	0.653	рюкзак-синий	5.2	0.2	снег-в-тени	1.244	38.6	6.0	-15.5	16.6	bbox	720	86.0	86.0	90.0	1473,7,10,4	89.9			
722	722	0.871	рюкзак-синий	1.0	24.1	снег-в-тени	1.036	62.9	1.0	-15.0	15.0	bbox	721	3.0	3.0	3.0	49,399,8,6	89.5			
723	723	1.645	стакан-марка-красная	11.2	24.3	порода-в-тени	0.309	25.5	0.0	-1.0	1.0	bbox	722	70.0	70.0	71.0	1591,251,12,4	89.5			
724	724	1.045	рюкзак-синий	6.0	20.4	порода-в-тени	0.955	18.4	1.0	-8.0	8.1	bbox	723	25.0	25.0	25.0	137,1066,6,8	89.4			
725	725	1.658	рюкзак-синий	7.4	38.5	снег-в-тени	1.912	77.3	6.5	-19.0	20.1	bbox	724	63.0	61.0	63.0	692,123,7,4	89.3			
726	726	1.039	стакан-марка-красная	8.1	5.9	снег-в-тени	1.019	43.9	3.0	-0.5	3.0	bbox	725	2.0	2.0	2.0	645,993,4,11	89.2			
727	727	1.452	стакан-марка-красная	10.0	20.4	порода-в-тени	0.510	29.4	1.0	0.0	1.0	bbox	726	130.0	130.0	130.0	1257,0,5,5	89.0			
728	728	0.567	рюкзак-синий	3.6	9.6	снег-в-тени	1.118	48.4	4.0	-16.0	16.5	bbox	727	46.0	46.0	47.0	1196,375,17,4	88.9			
729	729	0.824	рюкзак-синий	2.0	22.0	снег-в-тени	1.109	60.8	1.0	-16.0	16.0	bbox	728	52.0	50.0	52.0	1513,0,6,7	88.9			
730	730	2.034	стакан-марка-красная	11.0	42.0	снег-освещённый	0.430	91.8	0.0	1.0	1.0	bbox	729	295.0	295.0	295.0	1105,24,14,3	88.9			
731	731	1.925	стакан-марка-красная	14.8	15.3	снег-розовый	1.006	65.1	-2.0	8.0	8.2	bbox	730	295.0	295.0	295.0	0,397,5,10	88.8			
732	732	1.928	палка-древко-контроль	9.8	41.5	снег-пересвеченный	0.460	83.1	-4.0	-6.0	7.2	bbox	731	10.0	10.0	10.0	365,775,12,12	88.3			
733	733	1.206	рюкзак-синий	8.5	16.1	снег-в-тени	1.954	22.7	7.0	-20.0	21.2	bbox	732	43.0	36.0	44.0	1837,13,7,5	88.3			
734	734	0.678	рюкзак-синий	4.1	12.3	снег-в-тени	0.840	26.5	2.0	-10.0	10.2	bbox	733	173.0	173.0	173.0	249,712,4,8	88.2			
735	735	1.399	стакан-марка-красная	11.2	1.6	снег-в-тени	0.884	51.4	0.0	-1.0	1.0	bbox	734	295.0	295.0	295.0	1167,1073,12,7	88.2			
736	736	1.198	рюкзак-синий	7.6	20.4	порода-в-тени	1.063	18.4	4.0	-7.0	8.1	bbox	735	16.0	16.0	16.0	1185,951,7,6	88.0			
737	737	1.300	рюкзак-синий	3.6	34.1	снег-в-тени	1.445	72.9	-1.0	-17.0	17.0	bbox	736	33.0	33.0	33.0	1825,245,12,2	87.9			
738	738	1.438	рюкзак-синий	5.3	35.7	снег-в-тени	1.072	74.5	-3.0	-10.5	10.9	bbox	737	26.0	26.0	28.0	1069,389,6,12	87.8			
739	739	1.237	рюкзак-синий	8.0	20.4	порода-в-тени	0.732	18.4	1.0	-6.0	6.1	bbox	738	73.0	73.0	73.0	1910,44,6,5	87.7			
740	740	1.576	стакан-марка-красная	11.2	20.4	порода-в-тени	0.408	29.4	0.0	-1.0	1.0	bbox	739	35.0	35.0	35.0	1811,989,6,6	86.9			
741	741	1.115	рюкзак-синий	2.2	30.2	снег-в-тени	0.908	69.0	0.0	-12.0	12.0	bbox	740	280.0	280.0	280.0	505,29,5,10	86.9			
742	742	1.070	рюкзак-синий	6.0	21.3	порода-в-тени	0.958	17.5	1.0	-8.0	8.1	bbox	741	153.0	153.0	153.0	1789,383,4,7	86.8			
743	743	0.647	рюкзак-синий	5.1	3.2	снег-в-тени	0.243	42.0	0.0	-9.0	9.0	bbox	742	91.0	91.0	91.0	1905,581,15,2	86.7			
744	744	0.532	рюкзак-синий	4.0	5.1	снег-в-тени	0.312	43.9	1.0	-10.0	10.0	bbox	743	63.0	63.0	63.0	1895,903,4,8	86.3			
745	745	0.514	рюкзак-синий	4.0	2.8	снег-в-тени	0.340	41.6	0.5	-10.0	10.0	bbox	744	247.0	247.0	247.0	1903,317,6,8	86.2			
746	746	1.763	рюкзак-синий	11.4	29.0	снег-в-тени	2.242	67.8	8.0	-23.0	24.4	bbox	745	64.0	63.0	64.0	458,83,7,4	86.0			
747	747	1.090	стакан-марка-красная	8.6	5.9	порода-в-тени	1.019	43.9	2.5	0.0	2.5	bbox	746	64.0	64.0	64.0	1257,823,7,4	85.6			
748	748	0.696	рюкзак-синий	5.0	8.6	снег-в-тени	0.653	30.2	1.0	-9.0	9.1	bbox	747	267.0	267.0	267.0	1881,1023,5,8	85.6			
749	749	0.988	рюкзак-синий	6.1	17.7	снег-в-тени	0.310	56.5	0.0	-8.0	8.0	bbox	748	182.0	182.0	182.0	1765,61,10,4	85.4			
750	750	1.039	рюкзак-синий	7.0	15.7	порода-в-тени	0.844	23.1	1.0	-7.0	7.1	bbox	749	199.0	199.0	199.0	1332,793,3,9	85.4			
751	751	1.463	рюкзак-синий	10.0	21.0	снег-в-тени	0.659	59.8	0.0	-4.0	4.0	bbox	750	4.0	0.0	7.0	1625,141,8,10	85.2			
752	752	1.022	рюкзак-синий	5.1	22.4	снег-в-тени	0.494	61.2	0.0	-9.0	9.0	bbox	751	280.0	280.0	280.0	11,259,6,6	85.2			
753	753	1.799	стакан-марка-красная	13.4	18.2	снег-розовый	0.805	68.0	-1.0	7.0	7.1	bbox	752	299.0	299.0	299.0	57,147,2,14	85.2			
754	754	1.388	рюкзак-синий	11.0	5.3	порода-в-тени	0.650	33.5	1.0	-3.0	3.2	bbox	753	1.0	1.0	5.0	1733,339,12,4	84.9			
755	755	1.129	рюкзак-синий	3.0	29.8	снег-в-тени	0.842	68.6	1.0	-11.0	11.0	bbox	754	281.0	281.0	281.0	347,213,6,6	84.9			
756	756	1.378	рюкзак-синий	11.0	2.7	порода-в-тени	0.719	36.1	1.0	-3.0	3.2	bbox	755	1.0	1.0	3.0	1801,357,14,8	84.8			
757	757	1.475	рюкзак-синий	10.0	21.9	порода-в-тени	1.293	16.9	7.0	-6.0	9.2	bbox	756	13.0	9.0	14.0	249,1005,4,6	84.7			
758	758	1.699	рюкзак-синий	11.2	27.0	порода-в-тени	0.740	11.8	3.0	-3.0	4.2	bbox	757	72.0	72.0	72.0	1916,495,4,6	84.6			
759	759	0.918	рюкзак-синий	7.0	7.8	снег-в-тени	0.626	31.0	1.0	-7.0	7.1	bbox	758	202.0	202.0	202.0	1228,867,8,5	84.4			
760	760	1.354	рюкзак-синий	7.3	28.1	снег-в-тени	0.703	66.9	-1.0	-7.0	7.1	bbox	759	42.0	39.0	42.0	1819,1051,6,9	84.3			
761	761	1.391	стакан-марка-красная	11.1	2.7	снег-в-тени	0.953	52.5	0.0	-0.5	0.5	bbox	760	295.0	295.0	295.0	1161,925,8,4	84.2			
762	762	1.621	рюкзак-синий	7.1	38.1	снег-в-тени	1.879	76.9	6.0	-19.0	19.9	bbox	761	64.0	64.0	64.0	1530,257,11,3	84.1			
763	763	1.112	рюкзак-синий	6.7	20.4	снег-в-тени	1.260	18.4	5.5	-9.0	10.5	bbox	762	10.0	10.0	10.0	463,1049,8,8	83.9			
764	764	1.326	рюкзак-синий	8.2	23.4	снег-в-тени	0.584	62.2	-1.0	-6.0	6.1	bbox	763	147.0	145.0	147.0	1407,0,10,3	83.9			
765	765	0.832	рюкзак-синий	4.9	15.7	снег-в-тени	0.976	23.1	3.0	-9.5	10.0	bbox	764	65.0	65.0	65.0	1288,635,7,8	83.7			
766	766	0.960	рюкзак-синий	7.3	8.6	снег-в-тени	0.653	30.2	-1.0	-7.0	7.1	bbox	765	255.0	252.0	255.0	897,410,5,7	83.4			
767	767	1.186	палка-древко-контроль	5.1	28.0	снег-в-тени	1.322	69.6	-3.0	-16.0	16.3	bbox	766	66.0	66.0	66.0	171,875,4,10	83.2			
768	768	1.698	рюкзак-синий	13.2	11.9	порода-в-тени	0.262	26.9	-1.0	-1.0	1.4	bbox	767	89.0	89.0	94.0	1317,99,8,8	82.7			
769	769	0.534	рюкзак-синий	4.1	3.9	снег-в-тени	0.308	42.7	0.0	-10.0	10.0	bbox	768	192.0	192.0	192.0	1902,203,6,6	82.4			
770	770	1.254	рюкзак-синий	8.2	20.0	порода-в-тени	0.640	18.8	-1.0	-6.0	6.1	bbox	769	174.0	174.0	174.0	654,971,3,10	82.2			
771	771	0.977	рюкзак-синий	7.8	0.8	снег-в-тени	1.702	39.6	6.0	-20.0	20.9	bbox	770	10.0	10.0	10.0	1663,425,8,6	82.1			
772	772	0.716	рюкзак-синий	2.2	18.5	снег-в-тени	1.055	57.3	0.0	-16.0	16.0	bbox	771	49.0	49.0	49.0	521,65,4,14	81.7			
773	773	0.519	рюкзак-синий	4.1	1.7	снег-в-тени	1.142	37.1	5.0	-15.0	15.8	bbox	772	86.0	86.0	87.0	1305,9,12,4	81.4			
774	774	1.126	рюкзак-синий	8.5	10.6	снег-в-тени	1.738	49.4	7.0	-20.0	21.2	bbox	773	58.0	58.0	59.0	601,189,8,6	81.3			
775	775	0.701	рюкзак-синий	5.4	5.5	снег-в-тени	1.039	33.3	6.0	-12.0	13.4	bbox	774	9.0	9.0	9.0	1195,655,5,5	80.8			
776	776	0.529	рюкзак-синий	2.2	12.6	снег-в-тени	1.039	51.4	2.0	-16.0	16.1	bbox	775	50.0	50.0	50.0	1683,165,8,6	80.7			
777	777	1.211	стакан-марка-красная	9.0	12.5	порода-в-тени	0.821	37.3	2.0	1.0	2.2	bbox	776	66.0	66.0	66.0	1151,763,5,7	80.6			
778	778	0.520	рюкзак-синий	4.1	2.0	снег-в-тени	0.354	40.8	0.0	-10.0	10.0	bbox	777	173.0	171.0	173.0	1905,283,6,6	80.6			
779	779	1.076	рюкзак-синий	7.3	16.1	порода-в-тени	0.765	22.7	-1.0	-7.0	7.1	bbox	778	222.0	222.0	222.0	526,677,5,8	80.3			
780	780	0.812	рюкзак-синий	4.5	16.5	снег-в-тени	0.844	55.3	5.0	-12.0	13.0	bbox	779	297.0	297.0	297.0	712,281,12,5	80.3			
781	781	1.683	стакан-марка-красная	10.0	31.4	снег-освещённый	0.250	81.2	1.0	0.0	1.0	bbox	780	299.0	299.0	299.0	633,193,6,4	80.1			
782	782	0.903	рюкзак-синий	1.5	24.7	снег-в-тени	1.100	63.5	1.0	-15.5	15.5	bbox	781	6.0	6.0	6.0	189,249,4,8	80.0			
783	783	1.487	рюкзак-синий	11.0	15.9	порода-в-тени	0.460	22.9	1.0	-3.0	3.2	bbox	782	86.0	86.0	86.0	1157,147,8,4	79.6			
784	784	0.983	рюкзак-синий	7.0	12.5	снег-в-тени	0.789	26.3	1.0	-7.0	7.1	bbox	783	157.0	156.0	158.0	933,294,5,7	79.6			
785	785	1.768	рюкзак-синий	3.6	47.9	снег-пересвеченный	1.077	86.7	-1.0	-11.0	11.0	bbox	784	32.0	32.0	32.0	1847,696,5,7	79.1			
786	786	0.709	рюкзак-синий	5.4	6.3	снег-в-тени	0.573	32.5	-1.0	-9.0	9.1	bbox	785	246.0	246.0	246.0	1858,985,7,5	79.1			
787	787	1.117	рюкзак-синий	6.0	23.1	порода-в-тени	0.944	15.7	0.5	-8.0	8.0	bbox	786	135.0	135.0	135.0	1682,971,5,6	78.9			
788	788	1.554	рюкзак-синий	2.8	42.4	снег-в-тени	1.561	81.2	-1.0	-16.0	16.0	bbox	787	61.0	61.0	61.0	1721,971,8,4	78.7			
789	789	1.252	рюкзак-синий	9.1	14.5	порода-в-тени	0.552	24.3	-0.5	-5.0	5.0	bbox	788	223.0	223.0	223.0	793,921,5,6	78.7			
790	790	0.953	рюкзак-синий	6.0	16.4	снег-в-тени	0.917	22.4	1.0	-8.0	8.1	bbox	789	251.0	250.0	251.0	1823,658,4,9	78.6			
791	791	1.208	рюкзак-синий	6.1	26.3	снег-в-тени	0.618	65.1	0.0	-8.0	8.0	bbox	790	42.0	40.0	42.0	1770,1045,5,11	78.4			
792	792	1.081	стакан-марка-красная	5.0	24.7	порода-в-тени	1.144	25.1	7.0	-2.0	7.3	bbox	791	2.0	0.0	2.0	1097,623,8,8	78.3			
793	793	1.190	рюкзак-синий	7.1	22.3	порода-в-тени	0.803	16.5	0.0	-7.0	7.0	bbox	792	172.0	171.0	173.0	257,995,3,9	78.3			
794	794	1.409	рюкзак-синий	4.0	36.9	снег-в-тени	1.603	75.7	1.0	-18.0	18.0	bbox	793	32.0	31.0	32.0	1903,491,5,8	78.2			
795	795	0.415	рюкзак-синий	2.2	8.6	снег-в-тени	0.841	30.2	2.0	-12.0	12.2	bbox	794	157.0	156.0	157.0	187,33,7,5	78.1			
796	796	1.547	стакан-марка-красная	12.4	1.0	снег-в-тени	0.768	50.8	-1.0	-2.0	2.2	bbox	795	2.0	1.0	2.0	1559,61,10,6	78.0			
797	797	0.812	рюкзак-синий	6.1	7.8	снег-в-тени	1.528	31.0	6.0	-17.5	18.5	bbox	796	65.0	65.0	65.0	1593,451,6,8	77.8			
798	798	1.100	рюкзак-синий	4.6	26.3	порода-в-тени	1.207	12.5	2.0	-9.5	9.7	bbox	797	41.0	41.0	41.0	1915,225,5,6	77.6			
799	799	0.667	рюкзак-синий	5.1	5.5	снег-в-тени	0.532	33.3	0.0	-9.0	9.0	bbox	798	202.0	202.0	202.0	54,87,5,8	77.6			
800	800	0.566	рюкзак-синий	4.0	7.4	снег-в-тени	0.650	31.4	1.0	-10.0	10.0	bbox	799	91.0	91.0	91.0	1781,666,4,7	77.4			
801	801	0.787	рюкзак-синий	6.2	4.1	снег-в-тени	0.184	42.9	-0.5	-8.0	8.0	bbox	800	148.0	148.0	148.0	1905,115,8,6	77.4			
802	802	1.515	стакан-марка-красная	11.0	17.4	порода-в-тени	0.510	32.4	0.0	0.0	0.0	bbox	801	163.0	163.0	164.0	0,1051,3,6	77.4			
803	803	1.682	стакан-марка-красная	10.7	28.6	порода-в-тени	0.314	21.2	0.5	-1.0	1.1	bbox	802	72.0	72.0	72.0	1889,333,6,4	77.2			
804	804	1.673	рюкзак-синий	13.2	8.6	порода-в-тени	0.372	30.2	-1.0	-1.0	1.4	bbox	803	69.0	69.0	69.0	1719,25,6,6	77.1			
805	805	0.734	рюкзак-синий	4.5	13.3	снег-в-тени	1.423	25.5	5.0	-16.0	16.8	bbox	804	67.0	67.0	68.0	1758,161,7,6	77.0			
806	806	1.896	рюкзак-синий	13.6	23.5	порода-в-тени	0.221	15.3	-3.0	-1.0	3.2	bbox	805	137.0	137.0	137.0	97,925,6,6	77.0			
807	807	0.542	рюкзак-синий	3.0	11.0	снег-в-тени	0.815	27.8	1.0	-11.0	11.0	bbox	806	60.0	60.0	60.0	1460,823,5,6	76.9			
808	808	0.594	рюкзак-синий	4.2	7.5	снег-в-тени	1.232	46.3	4.0	-17.0	17.5	bbox	807	4.0	4.0	6.0	1695,195,4,6	76.4			
809	809	1.682	рюкзак-синий	13.2	10.0	порода-в-тени	0.326	28.8	-1.0	-1.0	1.4	bbox	808	71.0	70.0	71.0	1747,9,6,4	76.3			
810	810	0.828	рюкзак-синий	5.5	12.9	снег-в-тени	0.795	25.9	1.0	-8.5	8.6	bbox	809	185.0	185.0	185.0	1899,306,4,9	76.3			
811	811	0.985	рюкзак-синий	7.3	10.6	снег-в-тени	0.721	28.2	-1.0	-7.0	7.1	bbox	810	159.0	159.0	159.0	1637,696,8,3	76.0			
812	812	0.820	рюкзак-синий	6.1	8.6	снег-в-тени	0.629	30.2	0.0	-8.0	8.0	bbox	811	192.0	192.0	193.0	1684,727,5,7	76.0			
813	813	0.626	рюкзак-синий	5.0	1.0	снег-в-тени	1.119	37.8	6.0	-14.0	15.2	bbox	812	12.0	10.0	16.0	713,697,5,8	75.8			
814	814	0.456	рюкзак-синий	3.6	2.0	снег-в-тени	0.468	40.8	-1.0	-11.0	11.0	bbox	813	165.0	165.0	165.0	177,797,6,4	75.6			
815	815	0.954	рюкзак-синий	3.6	23.6	снег-в-тени	1.246	62.4	-1.0	-17.0	17.0	bbox	814	67.0	67.0	67.0	141,856,4,6	75.5			
816	816	1.258	рюкзак-синий	5.9	28.7	снег-в-тени	1.184	67.5	6.5	-12.0	13.6	bbox	815	64.0	64.0	71.0	549,251,7,6	75.5			
817	817	1.486	рюкзак-синий	9.2	26.3	порода-в-тени	0.848	12.5	3.0	-5.0	5.8	bbox	816	146.0	146.0	146.0	406,1044,5,9	75.4			
818	818	0.969	рюкзак-синий	1.4	26.7	снег-в-тени	1.079	65.5	0.0	-15.0	15.0	bbox	817	39.0	36.0	39.0	353,977,8,8	75.2			
819	819	0.815	рюкзак-синий	6.1	8.2	снег-в-тени	0.664	30.6	2.0	-8.0	8.2	bbox	818	199.0	198.0	199.0	1433,645,6,8	75.2			
820	820	0.395	рюкзак-синий	3.2	0.2	снег-в-тени	0.489	39.0	0.0	-11.0	11.0	bbox	819	133.0	132.0	133.0	1875,335,13,2	75.1			
821	821	0.817	рюкзак-синий	5.1	14.3	снег-в-тени	1.283	24.5	6.0	-13.0	14.3	bbox	820	296.0	296.0	296.0	1841,0,8,3	75.1			
822	822	1.602	рюкзак-синий	12.2	14.1	порода-в-тени	0.234	24.7	-1.0	-2.0	2.2	bbox	821	82.0	81.0	85.0	681,0,8,3	75.0			
823	823	1.123	стакан-марка-красная	5.8	23.9	порода-в-тени	1.027	25.9	6.0	-2.0	6.3	bbox	822	22.0	21.0	22.0	209,953,6,8	74.9			
824	824	1.365	стакан-марка-красная	6.4	31.0	порода-в-тени	1.187	18.8	7.0	-4.0	8.1	bbox	823	24.0	21.0	24.0	1112,889,5,6	74.9			
825	825	2.247	стакан-марка-красная	14.1	38.8	снег-пересвеченный	0.288	88.6	-3.0	-1.0	3.2	bbox	824	298.0	298.0	298.0	706,315,7,7	74.9			
826	826	1.843	рюкзак-синий	7.2	45.1	снег-пересвеченный	0.706	83.9	-0.5	-7.0	7.0	bbox	825	4.0	4.0	4.0	756,753,4,8	74.8			
827	827	0.542	рюкзак-синий	4.1	4.7	снег-в-тени	1.181	34.1	5.0	-15.0	15.8	bbox	826	146.0	146.0	146.0	1123,17,6,4	74.8			
828	828	0.388	рюкзак-синий	2.9	3.7	снег-в-тени	1.051	42.5	3.5	-15.5	15.9	bbox	827	46.0	46.0	46.0	1817,503,6,6	74.7			
829	829	0.504	рюкзак-синий	4.0	0.4	снег-в-тени	0.400	39.2	0.5	-10.0	10.0	bbox	828	171.0	171.0	171.0	103,841,4,6	74.7			
830	830	1.129	рюкзак-синий	7.0	20.0	порода-в-тени	0.840	18.8	1.0	-7.0	7.1	bbox	829	154.0	154.0	154.0	1393,961,5,8	74.6			
831	831	0.737	рюкзак-синий	5.0	11.0	снег-в-тени	0.734	27.8	1.0	-9.0	9.1	bbox	830	212.0	212.0	212.0	1835,279,5,7	74.6			
832	832	0.918	рюкзак-синий	7.3	3.3	снег-в-тени	0.474	35.5	-1.0	-7.0	7.1	bbox	831	260.0	260.0	261.0	16,45,5,6	74.2			
833	833	1.401	рюкзак-синий	7.2	30.0	снег-в-тени	1.790	68.8	5.0	-20.0	20.6	bbox	832	64.0	64.0	64.0	1879,85,6,6	74.0			
834	834	0.679	рюкзак-синий	2.0	17.7	снег-в-тени	1.054	56.5	1.0	-16.0	16.0	bbox	833	50.0	50.0	50.0	625,23,10,6	73.9			
835	835	2.126	стакан-марка-красная	15.5	24.3	снег-освещённый	0.767	74.1	-4.0	5.0	6.4	bbox	834	290.0	290.0	290.0	1759,54,8,5	73.7			
836	836	1.406	рюкзак-синий	3.6	37.3	снег-в-тени	1.517	76.1	-1.0	-17.0	17.0	bbox	835	19.0	19.0	19.0	161,0,14,5	73.5			
837	837	0.582	рюкзак-синий	4.2	6.7	снег-в-тени	1.234	45.5	4.0	-17.0	17.5	bbox	836	46.0	46.0	47.0	1557,455,6,4	72.9			
838	838	0.561	рюкзак-синий	4.5	1.2	снег-в-тени	0.578	37.6	3.0	-10.0	10.4	bbox	837	218.0	218.0	218.0	1772,72,5,6	72.5			
839	839	1.397	рюкзак-синий	8.1	27.1	снег-в-тени	1.857	65.9	5.0	-21.0	21.6	bbox	838	15.0	15.0	18.0	601,225,8,4	72.4			
840	840	1.227	рюкзак-синий	9.2	11.8	снег-в-тени	1.848	50.6	7.0	-21.0	22.1	bbox	839	58.0	58.0	58.0	897,159,9,4	72.3			
841	841	1.177	рюкзак-синий	9.2	6.7	снег-в-тени	1.847	45.5	7.0	-21.0	22.1	bbox	840	62.0	62.0	62.0	1395,285,6,4	72.3			
842	842	0.937	рюкзак-синий	5.1	19.2	снег-в-тени	0.386	58.0	0.0	-9.0	9.0	bbox	841	186.0	186.0	186.0	1675,73,6,4	72.3			
843	843	1.162	рюкзак-синий	2.8	31.0	снег-в-тени	1.278	69.8	-1.0	-16.0	16.0	bbox	842	8.0	8.0	8.0	1381,50,6,5	72.2			
844	844	0.801	рюкзак-синий	5.4	12.1	снег-в-тени	1.460	26.7	6.0	-16.0	17.1	bbox	843	73.0	70.0	76.0	1081,0,6,5	71.8			
845	845	1.419	стакан-марка-красная	11.2	6.9	порода-в-тени	0.843	42.9	0.0	-1.0	1.0	bbox	844	66.0	65.0	66.0	1758,275,7,6	71.6			
846	846	1.150	стакан-марка-красная	6.4	23.1	порода-в-тени	1.207	26.7	7.0	-4.0	8.1	bbox	845	17.0	12.0	18.0	113,721,10,10	71.4			
847	847	1.672	рюкзак-синий	11.0	26.6	порода-в-тени	0.538	12.2	1.0	-3.0	3.2	bbox	846	67.0	67.0	67.0	1751,945,8,4	71.3			
848	848	1.215	стакан-марка-красная	9.1	11.8	порода-в-тени	0.807	38.0	2.0	-0.5	2.1	bbox	847	30.0	30.0	30.0	1731,1023,6,8	71.2			
849	849	0.914	рюкзак-синий	6.7	10.0	снег-в-тени	1.512	48.8	6.0	-18.5	19.4	bbox	848	64.0	64.0	64.0	1624,493,6,6	71.2			
850	850	1.267	рюкзак-синий	5.6	29.6	порода-в-тени	1.049	9.2	0.0	-8.5	8.5	bbox	849	53.0	53.0	54.0	329,1022,8,3	71.0			
851	851	1.344	рюкзак-синий	9.5	17.6	порода-в-тени	0.577	21.2	1.0	-4.5	4.6	bbox	850	65.0	65.0	65.0	941,767,4,6	71.0			
852	852	0.350	рюкзак-синий	2.2	5.9	снег-в-тени	1.006	44.7	0.0	-16.0	16.0	bbox	851	50.0	50.0	50.0	165,849,4,8	70.9			
853	853	1.093	рюкзак-синий	7.5	15.7	порода-в-тени	0.821	23.1	1.5	-6.5	6.7	bbox	852	182.0	182.0	182.0	1589,737,4,7	70.9			
854	854	0.692	рюкзак-синий	4.1	12.9	снег-в-тени	1.330	25.9	5.0	-15.0	15.8	bbox	853	93.0	91.0	99.0	1719,13,10,4	70.5			
855	855	0.925	рюкзак-синий	6.4	13.0	снег-в-тени	1.517	51.8	5.0	-19.0	19.6	bbox	854	58.0	57.0	58.0	121,243,9,3	70.2			
856	856	1.332	рюкзак-синий	4.0	34.5	снег-в-тени	0.948	73.3	0.5	-10.0	10.0	bbox	855	287.0	287.0	287.0	1453,193,4,6	70.2			
857	857	1.279	стакан-марка-красная	10.0	6.7	порода-в-тени	0.903	43.1	1.0	0.0	1.0	bbox	856	62.0	62.0	62.0	529,752,2,12	69.9			
858	858	0.964	рюкзак-синий	5.8	17.7	снег-в-тени	1.387	56.5	6.0	-17.0	18.0	bbox	857	62.0	62.0	62.0	1509,461,10,4	69.8			
859	859	1.258	рюкзак-синий	9.6	10.6	снег-в-тени	2.025	28.2	7.0	-21.5	22.6	bbox	858	34.0	34.0	34.0	1853,297,4,6	69.6			
860	860	1.836	рюкзак-синий	3.6	49.8	снег-пересвеченный	1.791	88.6	-1.0	-17.0	17.0	bbox	859	61.0	61.0	61.0	1885,893,4,10	69.5			
861	861	1.490	рюкзак-синий	11.4	12.2	снег-в-тени	2.128	51.0	8.0	-23.0	24.4	bbox	860	56.0	53.0	56.0	1609,91,7,3	69.4			
862	862	1.401	рюкзак-синий	9.4	21.4	снег-в-тени	1.968	60.2	5.0	-22.5	23.0	bbox	861	12.0	10.0	12.0	465,129,6,4	69.3			
863	863	1.783	рюкзак-синий	13.3	17.6	порода-в-тени	0.028	21.2	-2.0	-1.0	2.2	bbox	862	79.0	78.0	79.0	409,87,8,6	69.3			
864	864	1.645	стакан-марка-красная	13.0	6.3	корка-жёлтая-на-скале	0.888	43.5	0.0	8.0	8.0	bbox	863	296.0	296.0	296.0	1327,0,9,3	69.3			
865	865	0.511	рюкзак-синий	2.2	12.0	снег-в-тени	1.036	50.8	2.0	-16.0	16.1	bbox	864	69.0	69.0	69.0	133,839,4,6	69.1			
866	866	1.135	рюкзак-синий	2.0	31.0	снег-в-тени	1.278	69.8	1.0	-16.0	16.0	bbox	865	36.0	36.0	36.0	1135,1033,6,8	69.0			
867	867	0.611	рюкзак-синий	3.2	12.9	снег-в-тени	1.027	25.9	3.5	-12.0	12.5	bbox	866	195.0	194.0	201.0	239,451,8,6	69.0			
868	868	0.539	рюкзак-синий	2.0	13.4	снег-в-тени	1.020	52.2	1.0	-16.0	16.0	bbox	867	50.0	50.0	50.0	1795,161,10,6	68.9			
869	869	1.397	стакан-марка-красная	11.0	5.9	снег-розовый	0.822	55.7	0.0	2.0	2.0	bbox	868	292.0	292.0	292.0	626,507,11,4	68.9			
870	870	0.824	рюкзак-синий	6.0	9.6	снег-в-тени	0.675	29.2	1.0	-8.0	8.1	bbox	869	212.0	212.0	212.0	1886,449,5,6	68.8			
871	871	0.680	рюкзак-синий	5.4	2.7	снег-в-тени	0.454	36.1	-1.0	-9.0	9.1	bbox	870	223.0	223.0	223.0	174,809,3,8	68.8			
872	872	0.948	рюкзак-синий	5.0	20.0	снег-в-тени	1.050	18.8	1.0	-9.0	9.1	bbox	871	175.0	175.0	176.0	1714,1043,4,6	68.7			
873	873	1.202	рюкзак-синий	3.2	31.8	снег-в-тени	0.896	70.6	0.0	-11.0	11.0	bbox	872	283.0	283.0	283.0	1115,25,4,6	68.7			
874	874	2.000	стакан-марка-красная	14.8	21.6	корка-жёлтая-на-скале	1.147	28.2	-2.0	8.0	8.2	bbox	873	298.0	298.0	298.0	1089,0,6,3	68.7			
875	875	1.414	стакан-марка-красная	11.2	6.1	корка-жёлтая-на-скале	1.141	43.7	1.0	6.0	6.1	bbox	874	296.0	296.0	296.0	147,389,4,12	68.6			
876	876	1.688	рюкзак-синий	13.5	3.6	порода-в-тени	0.787	42.4	-2.5	-1.0	2.7	bbox	875	92.0	90.0	92.0	1387,0,6,3	68.5			
877	877	0.822	рюкзак-синий	6.0	9.4	снег-в-тени	0.669	29.4	1.0	-8.0	8.1	bbox	876	277.0	277.0	278.0	129,1069,6,4	68.5			
878	878	1.149	рюкзак-синий	2.8	30.6	снег-в-тени	1.269	69.4	-1.0	-16.0	16.0	bbox	877	26.0	26.0	26.0	235,19,6,6	68.4			
879	879	0.530	рюкзак-синий	3.6	7.8	снег-в-тени	0.801	31.0	3.0	-11.0	11.4	bbox	878	254.0	253.0	254.0	290,344,7,4	68.3			
880	880	0.692	рюкзак-синий	4.1	12.9	снег-в-тени	0.859	25.9	2.0	-10.0	10.2	bbox	879	95.0	95.0	95.0	1546,537,6,5	68.1			
881	881	0.827	рюкзак-синий	6.3	6.8	снег-в-тени	0.579	32.0	-1.0	-8.0	8.1	bbox	880	227.0	224.0	227.0	1913,1015,7,6	68.1			
882	882	1.110	рюкзак-синий	6.4	21.5	снег-в-тени	1.263	17.3	5.0	-9.0	10.3	bbox	881	26.0	26.0	26.0	1597,771,7,4	68.0			
883	883	0.919	рюкзак-синий	7.1	7.1	снег-в-тени	1.568	45.9	6.0	-19.0	19.9	bbox	882	62.0	62.0	62.0	947,411,6,3	68.0			
884	884	0.897	рюкзак-синий	5.1	17.7	снег-в-тени	0.334	56.5	0.0	-9.0	9.0	bbox	883	179.0	179.0	179.0	1329,695,8,6	67.9			
885	885	1.161	рюкзак-синий	8.1	15.7	снег-в-тени	1.243	23.1	7.0	-8.5	11.0	bbox	884	12.0	12.0	12.0	1853,913,6,8	67.8			
886	886	0.967	рюкзак-синий	7.2	9.8	снег-в-тени	1.625	48.6	5.0	-20.0	20.6	bbox	885	64.0	64.0	64.0	1679,529,6,8	67.4			
887	887	1.615	рюкзак-синий	2.2	44.5	снег-в-тени	1.616	83.3	0.0	-16.0	16.0	bbox	886	9.0	9.0	9.0	360,577,7,4	67.2			
888	888	0.310	рюкзак-синий	2.0	5.1	снег-в-тени	1.017	43.9	1.0	-16.0	16.0	bbox	887	75.0	75.0	75.0	1675,693,4,6	67.1			
889	889	0.552	рюкзак-синий	4.1	5.5	снег-в-тени	0.279	44.3	0.0	-10.0	10.0	bbox	888	139.0	139.0	139.0	0,0,12,2	67.1			
890	890	1.981	рюкзак-синий	12.0	36.1	порода-в-тени	0.690	2.7	0.0	-2.0	2.0	bbox	889	54.0	54.0	54.0	89,1013,6,8	67.0			
891	891	0.740	рюкзак-синий	5.4	8.6	снег-в-тени	0.653	30.2	-1.0	-9.0	9.1	bbox	890	181.0	181.0	181.0	1778,1062,3,7	67.0			
892	892	1.575	рюкзак-синий	7.1	36.5	снег-пересвеченный	0.894	75.3	0.0	-7.0	7.0	bbox	891	7.0	4.0	10.0	1529,553,6,8	66.9			
893	893	1.045	рюкзак-синий	7.8	10.4	снег-в-тени	1.678	49.2	6.0	-20.0	20.9	bbox	892	59.0	59.0	64.0	798,189,6,4	66.9			
894	894	0.937	рюкзак-синий	6.3	14.1	снег-в-тени	0.906	24.7	3.0	-8.0	8.5	bbox	893	65.0	65.0	65.0	1612,983,4,8	66.9			
895	895	1.265	рюкзак-синий	2.2	34.5	снег-в-тени	1.270	73.3	-1.0	-15.0	15.0	bbox	894	62.0	62.0	62.0	1395,885,4,6	66.8			
896	896	0.942	рюкзак-синий	7.0	9.8	снег-в-тени	0.694	29.0	1.0	-7.0	7.1	bbox	895	254.0	253.0	255.0	206,300,5,5	66.8			
897	897	0.971	рюкзак-синий	6.0	17.3	снег-в-тени	0.321	56.1	1.0	-8.0	8.1	bbox	896	239.0	239.0	239.0	779,0,8,5	66.7			
898	898	0.898	рюкзак-синий	5.0	18.1	снег-в-тени	0.369	56.9	1.0	-9.0	9.1	bbox	897	188.0	188.0	188.0	1635,177,6,5	66.5			
899	899	0.513	рюкзак-синий	3.6	6.8	снег-в-тени	0.775	32.0	3.0	-11.0	11.4	bbox	898	247.0	247.0	247.0	1051,370,8,4	66.5			
900	900	1.437	рюкзак-синий	3.0	38.8	снег-в-тени	1.555	77.6	1.0	-17.0	17.0	bbox	899	32.0	32.0	32.0	1831,373,4,6	66.2			
901	901	1.166	рюкзак-синий	8.2	15.3	порода-в-тени	0.647	23.5	-1.0	-6.0	6.1	bbox	900	126.0	125.0	127.0	1321,32,8,3	66.2			
902	902	1.117	рюкзак-синий	8.6	8.5	снег-в-тени	1.790	47.3	6.0	-21.0	21.8	bbox	901	57.0	57.0	57.0	653,17,8,3	66.1			
903	903	1.825	стакан-марка-красная	14.1	12.7	снег-освещённый	0.709	62.5	-3.0	-1.0	3.2	bbox	902	66.0	64.0	66.0	1611,167,8,4	66.1			
904	904	0.742	рюкзак-синий	5.5	7.8	снег-в-тени	0.617	31.0	1.0	-8.5	8.6	bbox	903	265.0	265.0	265.0	297,1047,4,6	66.1			
905	905	0.604	рюкзак-синий	4.6	5.1	снег-в-тени	1.355	33.7	4.5	-17.0	17.6	bbox	904	145.0	145.0	147.0	786,39,7,4	65.9			
906	906	1.370	рюкзак-синий	10.0	15.3	порода-в-тени	0.464	23.5	0.0	-4.0	4.0	bbox	905	95.0	95.0	95.0	655,525,6,4	65.8			
907	907	1.050	рюкзак-синий	7.0	16.3	порода-в-тени	0.842	22.5	1.0	-7.0	7.1	bbox	906	226.0	226.0	226.0	1200,1060,6,4	65.4			
908	908	0.779	рюкзак-синий	6.1	4.7	снег-в-тени	0.153	43.5	0.0	-8.0	8.0	bbox	907	166.0	166.0	166.0	475,41,8,4	65.1			
909	909	0.762	рюкзак-синий	4.1	15.7	снег-в-тени	0.346	54.5	0.0	-10.0	10.0	bbox	908	68.0	68.0	68.0	1335,1023,3,10	64.9			
910	910	0.542	рюкзак-синий	4.1	4.7	снег-в-тени	1.181	34.1	5.0	-15.0	15.8	bbox	909	125.0	125.0	127.0	1193,11,6,4	64.8			
911	911	0.901	рюкзак-синий	7.2	0.2	снег-в-тени	1.561	38.6	7.0	-18.0	19.3	bbox	910	16.0	14.0	18.0	451,729,5,4	64.7			
912	912	0.897	рюкзак-синий	6.4	11.3	снег-в-тени	1.629	27.5	6.0	-18.0	19.0	bbox	911	65.0	65.0	67.0	1545,343,4,6	64.6			
913	913	0.768	рюкзак-синий	6.1	3.1	снег-в-тени	0.433	35.7	0.0	-8.0	8.0	bbox	912	237.0	237.0	237.0	598,857,7,4	64.5			
914	914	0.540	рюкзак-синий	3.9	6.4	снег-в-тени	1.327	32.4	3.5	-17.0	17.4	bbox	913	52.0	52.0	52.0	84,9,9,2	64.4			
915	915	1.341	рюкзак-синий	2.0	36.9	снег-в-тени	1.417	75.7	1.0	-16.0	16.0	bbox	914	26.0	24.0	26.0	1653,306,7,5	64.3			
916	916	1.112	рюкзак-синий	8.5	9.4	снег-в-тени	1.857	29.4	7.0	-20.0	21.2	bbox	915	36.0	36.0	36.0	1913,189,4,4	64.2			
917	917	1.940	стакан-марка-красная	15.2	10.4	снег-розовый	1.081	60.2	-3.0	7.0	7.6	bbox	916	293.0	293.0	293.0	15,699,4,6	64.2			
918	918	0.640	рюкзак-синий	5.1	1.5	снег-в-тени	0.397	37.3	0.0	-9.0	9.0	bbox	917	73.0	73.0	73.0	27,929,2,9	64.1			
919	919	1.375	рюкзак-синий	3.2	36.9	снег-в-тени	1.503	75.7	0.0	-17.0	17.0	bbox	918	18.0	18.0	18.0	431,229,6,6	63.9			
920	920	1.113	рюкзак-синий	8.6	8.1	снег-в-тени	1.790	46.9	6.0	-21.0	21.8	bbox	919	65.0	65.0	65.0	1741,211,6,4	63.6			
921	921	0.956	рюкзак-синий	1.4	26.3	снег-в-тени	1.071	65.1	0.0	-15.0	15.0	bbox	920	6.0	6.0	6.0	441,49,2,16	63.5			
922	922	1.065	рюкзак-синий	8.5	2.7	снег-в-тени	0.970	36.1	7.0	-8.0	10.6	bbox	921	21.0	21.0	21.0	147,891,6,6	63.5			
923	923	1.260	рюкзак-синий	9.2	14.3	порода-в-тени	0.536	24.5	-1.0	-5.0	5.1	bbox	922	228.0	228.0	228.0	1883,847,4,6	63.4			
924	924	1.596	рюкзак-синий	2.0	44.1	снег-в-тени	1.610	82.9	1.0	-16.0	16.0	bbox	923	9.0	9.0	10.0	405,797,7,4	63.3			
925	925	1.512	рюкзак-синий	11.0	17.6	порода-в-тени	0.452	21.2	1.0	-3.0	3.2	bbox	924	297.0	297.0	297.0	1778,0,5,7	63.0			
926	926	0.859	рюкзак-синий	6.0	11.7	снег-в-тени	0.751	27.1	1.0	-8.0	8.1	bbox	925	256.0	254.0	256.0	1165,862,4,6	62.8			
927	927	1.320	стакан-марка-красная	8.1	23.5	порода-в-тени	1.001	26.3	5.0	-4.5	6.7	bbox	926	295.0	295.0	295.0	1885,25,6,8	62.6			
928	928	1.796	стакан-марка-красная	14.3	4.3	корка-жёлтая-на-скале	1.055	54.1	-2.0	7.0	7.3	bbox	927	293.0	293.0	293.0	33,795,2,8	62.0			
929	929	1.229	стакан-марка-красная	6.7	25.1	порода-в-тени	1.137	24.7	6.5	-4.0	7.6	bbox	928	0.0	0.0	4.0	968,909,7,4	61.7			
930	930	0.836	рюкзак-синий	6.0	10.4	снег-в-тени	0.703	28.4	1.0	-8.0	8.1	bbox	929	263.0	262.0	263.0	799,926,4,5	61.7			
931	931	1.282	стакан-марка-красная	10.2	3.9	снег-в-тени	0.887	45.9	1.0	-1.0	1.4	bbox	930	0.0	0.0	0.0	1551,721,6,4	61.6			
932	932	0.798	рюкзак-синий	6.0	7.6	снег-в-тени	0.607	31.2	1.0	-8.0	8.1	bbox	931	262.0	262.0	262.0	1316,107,3,6	61.2			
933	933	0.893	рюкзак-синий	7.1	3.5	снег-в-тени	0.464	35.3	0.0	-7.0	7.0	bbox	932	271.0	271.0	271.0	1381,191,8,6	61.2			
934	934	1.354	стакан-марка-красная	6.4	30.6	порода-в-тени	1.187	19.2	7.0	-4.0	8.1	bbox	933	19.0	19.0	19.0	1913,1026,7,5	61.1			
935	935	0.794	рюкзак-синий	6.3	2.2	снег-в-тени	0.274	41.0	-1.0	-8.0	8.1	bbox	934	249.0	249.0	249.0	1721,91,4,7	61.1			
936	936	0.758	рюкзак-синий	4.5	14.3	снег-в-тени	1.195	53.1	5.0	-16.0	16.8	bbox	935	146.0	146.0	146.0	446,117,9,4	60.4			
937	937	0.805	рюкзак-синий	6.0	8.2	снег-в-тени	0.627	30.6	1.0	-8.0	8.1	bbox	936	253.0	253.0	256.0	513,540,8,3	60.4			
938	938	1.492	стакан-марка-красная	10.0	22.5	порода-в-тени	0.584	27.3	1.0	2.0	2.2	bbox	937	290.0	290.0	290.0	547,723,4,6	60.4			
939	939	1.860	рюкзак-синий	13.0	25.1	порода-в-тени	0.345	13.7	0.0	-1.0	1.0	bbox	938	137.0	137.0	137.0	9,953,2,8	60.3			
940	940	1.451	рюкзак-синий	11.6	1.4	снег-в-тени	0.742	40.2	-0.5	-2.5	2.5	bbox	939	20.0	20.0	26.0	1023,571,10,2	60.1			
941	941	1.244	стакан-марка-красная	9.2	13.1	порода-в-тени	0.766	36.7	2.0	-1.0	2.2	bbox	940	0.0	0.0	0.0	1777,867,10,5	59.9			
942	942	0.431	рюкзак-синий	2.0	9.8	снег-в-тени	1.008	48.6	1.0	-16.0	16.0	bbox	941	82.0	82.0	82.0	119,853,6,8	59.8			
943	943	0.804	рюкзак-синий	4.1	17.3	снег-в-тени	0.387	56.1	0.0	-10.0	10.0	bbox	942	114.0	112.0	114.0	1628,0,7,3	59.8			
944	944	0.359	рюкзак-синий	1.8	7.8	снег-в-тени	1.141	31.0	2.0	-15.5	15.6	bbox	943	46.0	43.0	46.0	1878,587,3,6	59.3			
945	945	1.047	рюкзак-синий	6.3	19.2	снег-в-тени	0.386	58.0	-1.0	-8.0	8.1	bbox	944	99.0	99.0	99.0	1721,27,6,4	59.1			
946	946	1.587	стакан-марка-красная	11.1	21.6	порода-в-тени	0.380	28.2	0.0	-0.5	0.5	bbox	945	70.0	70.0	71.0	1625,313,4,4	59.0			
947	947	0.659	рюкзак-синий	5.1	4.7	снег-в-тени	0.197	43.5	0.0	-9.0	9.0	bbox	946	175.0	175.0	175.0	0,353,13,2	58.9			
948	948	1.195	рюкзак-синий	9.2	8.8	снег-в-тени	1.089	30.0	7.0	-7.0	9.9	bbox	947	296.0	296.0	296.0	1754,13,5,4	58.8			
949	949	0.846	рюкзак-синий	6.4	7.7	снег-в-тени	1.459	46.5	6.0	-18.0	19.0	bbox	948	13.0	13.0	14.0	703,277,9,2	58.7			
950	950	0.786	рюкзак-синий	5.8	8.2	снег-в-тени	1.040	30.6	6.0	-11.0	12.5	bbox	949	22.0	22.0	25.0	905,905,4,8	58.6			
951	951	0.815	рюкзак-синий	6.3	5.5	снег-в-тени	0.176	44.3	-1.0	-8.0	8.1	bbox	950	72.0	72.0	72.0	26,965,7,8	58.6			
952	952	0.379	рюкзак-синий	1.4	9.4	снег-в-тени	1.122	29.4	2.0	-15.0	15.1	bbox	951	49.0	49.0	49.0	1812,357,3,6	58.5			
953	953	0.803	рюкзак-синий	6.3	3.9	снег-в-тени	0.220	42.7	-1.0	-8.0	8.1	bbox	952	197.0	197.0	197.0	106,825,5,4	58.4			
954	954	1.052	рюкзак-синий	6.1	20.4	порода-в-тени	1.010	18.4	2.0	-8.0	8.2	bbox	953	58.0	58.0	58.0	1132,877,3,7	58.3			
955	955	0.819	рюкзак-синий	6.0	9.2	снег-в-тени	0.662	29.6	1.0	-8.0	8.1	bbox	954	244.0	244.0	244.0	185,963,4,5	58.3			
956	956	1.525	рюкзак-синий	12.2	3.2	снег-в-тени	0.788	42.0	-1.0	-2.0	2.2	bbox	955	43.0	43.0	43.0	1687,11,8,4	58.1			
957	957	0.914	рюкзак-синий	1.4	25.1	снег-в-тени	1.047	63.9	0.0	-15.0	15.0	bbox	956	43.0	42.0	43.0	1785,979,6,4	58.0			
958	958	0.713	рюкзак-синий	5.6	3.9	снег-в-тени	0.191	42.7	0.0	-8.5	8.5	bbox	957	178.0	178.0	178.0	1809,257,4,8	57.9			
959	959	0.836	рюкзак-синий	3.2	20.6	снег-в-тени	1.203	18.2	3.0	-11.5	11.9	bbox	958	180.0	180.0	180.0	1851,829,5,4	57.9			
960	960	0.530	рюкзак-синий	3.6	7.8	снег-в-тени	1.269	31.0	4.0	-16.0	16.5	bbox	959	49.0	49.0	49.0	1879,351,4,4	57.8			
961	961	1.893	стакан-марка-красная	11.0	36.3	порода-в-тени	0.372	13.5	0.0	0.0	0.0	bbox	960	138.0	138.0	138.0	265,1001,4,4	57.8			
962	962	1.088	рюкзак-синий	5.0	24.9	снег-в-тени	0.596	63.7	1.0	-9.0	9.1	bbox	961	298.0	298.0	298.0	163,475,4,6	57.7			
963	963	0.988	рюкзак-синий	6.1	17.7	снег-в-тени	0.310	56.5	0.0	-8.0	8.0	bbox	962	143.0	141.0	143.0	1107,857,5,5	57.6			
964	964	1.665	стакан-марка-красная	10.0	30.6	порода-в-тени	0.398	19.2	1.0	0.0	1.0	bbox	963	290.0	290.0	290.0	175,853,2,10	57.5			
965	965	0.807	рюкзак-синий	2.2	21.2	снег-в-тени	0.985	60.0	-1.0	-15.0	15.0	bbox	964	56.0	56.0	56.0	0,75,3,6	57.4			
966	966	0.894	рюкзак-синий	1.4	24.5	снег-в-тени	1.036	63.3	0.0	-15.0	15.0	bbox	965	37.0	36.0	37.0	1714,85,11,2	57.2			
967	967	1.237	рюкзак-синий	9.2	12.6	снег-в-тени	1.850	51.4	7.0	-21.0	22.1	bbox	966	20.0	17.0	20.0	111,245,4,6	57.1			
968	968	1.684	рюкзак-синий	13.2	8.8	порода-в-тени	0.349	30.0	-1.5	-1.0	1.8	bbox	967	79.0	79.0	81.0	577,0,6,3	57.1			
969	969	0.473	рюкзак-синий	3.5	4.7	снег-в-тени	0.353	43.5	0.5	-10.5	10.5	bbox	968	5.0	5.0	5.0	19,521,8,4	57.0			
970	970	1.446	рюкзак-синий	7.6	30.6	снег-в-тени	0.794	69.4	0.0	-6.5	6.5	bbox	969	10.0	10.0	11.0	1653,658,4,7	57.0			
971	971	1.478	рюкзак-синий	11.5	9.6	порода-в-тени	0.524	29.2	1.0	-2.5	2.7	bbox	970	83.0	83.0	83.0	1009,365,6,4	57.0			
972	972	0.554	рюкзак-синий	4.3	4.1	снег-в-тени	0.311	42.9	-0.5	-10.0	10.0	bbox	971	147.0	147.0	147.0	1452,60,4,7	56.9			
973	973	1.556	рюкзак-синий	11.4	17.5	снег-в-тени	0.738	56.3	-2.0	-3.0	3.6	bbox	972	41.0	40.0	44.0	1809,0,4,5	56.8			
974	974	0.550	рюкзак-синий	3.9	7.1	снег-в-тени	1.143	45.9	-1.5	-17.0	17.1	bbox	973	52.0	52.0	52.0	57,812,6,5	56.6			
975	975	0.576	рюкзак-синий	2.2	14.1	снег-в-тени	0.996	24.7	2.0	-12.0	12.2	bbox	974	102.0	102.0	102.0	1913,247,7,3	56.6			
976	976	0.808	рюкзак-синий	6.3	4.7	снег-в-тени	0.197	43.5	-1.0	-8.0	8.1	bbox	975	184.0	183.0	184.0	1902,405,7,8	56.6			
977	977	1.228	рюкзак-синий	4.0	31.4	снег-в-тени	0.847	70.2	1.0	-10.0	10.0	bbox	976	283.0	283.0	283.0	923,279,8,4	56.6			
978	978	1.553	палка-древко-контроль	12.4	4.0	порода-в-тени	0.763	37.6	-5.0	-3.0	5.8	bbox	977	21.0	21.0	22.0	409,279,8,2	56.4			
979	979	1.414	стакан-марка-красная	11.2	6.1	снег-розовый	0.897	55.9	0.0	-1.0	1.0	bbox	978	2.0	2.0	2.0	157,685,6,4	56.1			
980	980	1.662	рюкзак-синий	13.0	9.8	снег-в-тени	0.902	48.6	-4.0	-2.0	4.5	bbox	979	61.0	61.0	61.0	1087,511,8,2	56.1			
981	981	0.520	рюкзак-синий	4.1	1.9	снег-в-тени	1.144	36.9	5.0	-15.0	15.8	bbox	980	94.0	94.0	94.0	1005,3,6,3	56.0			
982	982	0.735	рюкзак-синий	5.7	5.7	снег-в-тени	1.492	33.1	5.0	-18.0	18.7	bbox	981	51.0	50.0	51.0	97,65,4,5	55.9			
983	983	1.877	стакан-марка-красная	14.1	17.7	снег-освещённый	0.656	67.5	-3.0	3.0	4.2	bbox	982	290.0	290.0	290.0	1838,87,7,4	55.8			
984	984	1.402	рюкзак-синий	3.2	37.7	снег-в-тени	1.521	76.5	0.0	-17.0	17.0	bbox	983	18.0	18.0	18.0	609,333,6,6	55.6			
985	985	0.774	рюкзак-синий	5.7	8.8	снег-в-тени	1.398	47.6	5.0	-18.0	18.7	bbox	984	27.0	27.0	27.0	667,337,5,4	55.4			
986	986	1.557	рюкзак-синий	9.4	28.5	снег-в-тени	2.027	67.3	6.0	-22.0	22.8	bbox	985	58.0	57.0	58.0	227,15,8,2	55.4			
987	987	1.354	рюкзак-синий	2.5	36.9	снег-в-тени	1.462	75.7	1.0	-16.5	16.5	bbox	986	25.0	21.0	25.0	1777,397,6,4	55.3			
988	988	1.543	стакан-марка-красная	12.2	7.3	порода-в-тени	0.801	42.5	-1.0	-1.0	1.4	bbox	987	68.0	68.0	68.0	1811,247,6,8	55.2			
989	989	1.425	стакан-марка-красная	11.3	5.7	снег-в-тени	0.823	44.1	0.0	-1.5	1.5	bbox	988	1.0	1.0	3.0	973,485,4,4	55.1			
990	990	0.842	рюкзак-синий	3.2	20.8	снег-в-тени	1.003	59.6	-2.0	-15.0	15.1	bbox	989	34.0	34.0	34.0	115,15,2,12	55.1			
991	991	1.216	рюкзак-синий	8.0	19.4	порода-в-тени	0.730	19.4	1.0	-6.0	6.1	bbox	990	178.0	178.0	180.0	1416,1072,6,4	55.0			
992	992	0.522	рюкзак-синий	4.1	2.4	снег-в-тени	0.344	41.2	0.0	-10.0	10.0	bbox	991	194.0	194.0	194.0	1914,163,6,8	55.0			
993	993	1.065	рюкзак-синий	7.6	13.7	порода-в-тени	0.751	25.1	0.0	-6.5	6.5	bbox	992	223.0	223.0	223.0	1021,985,4,6	54.9			
994	994	1.761	стакан-марка-красная	7.2	42.3	порода-охристая	1.312	7.5	15.0	7.0	16.6	bbox	993	287.0	287.0	287.0	164,515,4,5	54.7			
995	995	1.414	рюкзак-синий	11.2	6.1	порода-в-тени	0.522	32.7	-1.0	-3.0	3.2	bbox	994	38.0	38.0	41.0	257,165,6,6	54.6			
996	996	1.133	рюкзак-синий	8.1	14.5	порода-в-тени	0.688	24.3	0.0	-6.0	6.0	bbox	995	159.0	159.0	159.0	232,221,5,3	54.5			
997	997	0.451	рюкзак-синий	3.6	0.4	снег-в-тени	1.167	38.4	4.0	-16.0	16.5	bbox	996	147.0	147.0	147.0	1377,93,6,4	54.4			
998	998	0.630	рюкзак-синий	5.0	2.2	снег-в-тени	1.310	41.0	5.0	-17.0	17.7	bbox	997	17.0	17.0	19.0	1301,657,6,4	54.3			
999	999	0.685	рюкзак-синий	5.0	7.9	снег-в-тени	1.288	46.7	5.0	-17.0	17.7	bbox	998	27.0	23.0	27.0	1169,461,6,3	54.3			
1000	1000	0.288	рюкзак-синий	2.2	1.9	снег-в-тени	1.102	36.9	2.0	-16.0	16.1	bbox	999	47.0	47.0	47.0	1866,597,7,5	54.3			
1001	1001	0.602	рюкзак-синий	2.2	14.9	снег-в-тени	1.022	53.7	0.0	-16.0	16.0	bbox	1000	48.0	48.0	48.0	291,257,10,6	54.3			
1002	1002	0.951	рюкзак-синий	5.5	18.4	снег-в-тени	0.989	20.4	1.0	-8.5	8.6	bbox	1001	123.0	123.0	123.0	49,966,4,7	54.2			
1003	1003	1.670	стакан-марка-красная	13.2	8.2	снег-освещённый	0.832	58.0	-2.0	-1.0	2.2	bbox	1002	290.0	290.0	290.0	1620,0,5,3	54.2			
1004	1004	1.213	стакан-марка-красная	7.2	22.7	снег-в-тени	1.206	27.1	7.0	-5.0	8.6	bbox	1003	19.0	19.0	19.0	1316,819,5,8	54.1			
1005	1005	1.440	рюкзак-синий	6.6	33.1	порода-в-тени	1.089	5.7	2.0	-7.5	7.8	bbox	1004	54.0	54.0	54.0	693,1062,7,2	54.1			
1006	1006	0.856	рюкзак-синий	4.5	18.1	снег-в-тени	0.394	56.9	1.0	-9.5	9.6	bbox	1005	153.0	153.0	154.0	1173,611,8,4	54.1			
1007	1007	1.747	стакан-марка-красная	13.4	13.7	снег-розовый	0.885	63.5	-1.0	7.0	7.1	bbox	1006	295.0	295.0	295.0	75,619,3,6	54.1			
1008	1008	0.534	рюкзак-синий	4.1	3.9	снег-в-тени	0.308	42.7	0.0	-10.0	10.0	bbox	1007	217.0	216.0	217.0	146,215,6,4	54.0			
1009	1009	0.907	рюкзак-синий	6.1	13.7	снег-в-тени	1.415	52.5	6.0	-17.5	18.5	bbox	1008	56.0	56.0	56.0	971,121,8,2	53.8			
1010	1010	0.823	рюкзак-синий	5.0	14.9	снег-в-тени	0.864	23.9	0.5	-9.0	9.0	bbox	1009	12.0	12.0	12.0	301,597,4,4	53.7			
1011	1011	0.815	рюкзак-синий	4.1	17.7	снег-в-тени	0.398	56.5	0.0	-10.0	10.0	bbox	1010	114.0	114.0	114.0	1355,0,2,9	53.7			
1012	1012	1.047	рюкзак-синий	7.8	10.6	снег-в-тени	1.025	28.2	6.0	-8.0	10.0	bbox	1011	10.0	10.0	10.0	809,751,4,6	53.6			
1013	1013	1.454	рюкзак-синий	11.4	8.1	снег-в-тени	2.125	46.9	8.0	-23.0	24.4	bbox	1012	56.0	56.0	56.0	646,85,7,2	53.6			
1014	1014	1.638	стакан-марка-красная	11.2	23.9	порода-в-тени	0.318	25.9	0.0	-1.0	1.0	bbox	1013	37.0	37.0	37.0	1807,977,2,8	53.5			
1015	1015	1.632	рюкзак-синий	13.0	4.1	порода-в-тени	0.582	34.7	-4.0	-2.0	4.5	bbox	1014	21.0	18.0	21.0	239,485,6,4	53.3			
1016	1016	1.777	рюкзак-синий	4.2	47.5	снег-пересвеченный	1.042	86.3	-2.0	-11.0	11.2	bbox	1015	26.0	25.0	26.0	809,1060,4,8	53.3			
1017	1017	0.672	рюкзак-синий	2.0	17.5	снег-в-тени	1.052	56.3	1.0	-16.0	16.0	bbox	1016	48.0	48.0	48.0	471,251,6,6	52.7			
1018	1018	0.531	рюкзак-синий	4.1	3.6	снег-в-тени	0.317	42.4	0.0	-10.0	10.0	bbox	1017	195.0	195.0	195.0	1803,70,4,7	52.7			
1019	1019	1.182	рюкзак-синий	6.4	24.3	снег-в-тени	0.840	63.1	5.0	-9.0	10.3	bbox	1018	296.0	296.0	296.0	341,133,7,6	52.6			
1020	1020	0.896	рюкзак-синий	5.1	17.6	снег-в-тени	0.959	21.2	0.0	-9.0	9.0	bbox	1019	9.0	8.0	9.0	332,1015,5,6	52.5			
1021	1021	0.928	рюкзак-синий	6.1	14.9	снег-в-тени	0.853	23.9	0.0	-8.0	8.0	bbox	1020	13.0	12.0	13.0	212,571,6,6	52.5			
1022	1022	0.927	рюкзак-синий	3.0	23.7	снег-в-тени	1.248	62.5	1.0	-17.0	17.0	bbox	1021	39.0	39.0	40.0	1523,765,2,8	52.5			
1023	1023	0.957	рюкзак-синий	5.9	17.3	снег-в-тени	0.327	56.1	-1.0	-8.5	8.6	bbox	1022	175.0	175.0	175.0	684,265,11,2	52.5			
1024	1024	0.816	рюкзак-синий	6.0	8.8	снег-в-тени	0.639	30.0	0.5	-8.0	8.0	bbox	1023	272.0	272.0	272.0	1745,904,3,6	52.5			
1025	1025	0.586	рюкзак-синий	4.1	7.8	снег-в-тени	0.697	31.0	2.0	-10.0	10.2	bbox	1024	192.0	192.0	192.0	54,0,5,3	52.4			
1026	1026	0.642	рюкзак-синий	5.0	4.1	снег-в-тени	0.500	34.7	1.0	-9.0	9.1	bbox	1025	237.0	237.0	237.0	929,467,8,3	52.3			
1027	1027	1.527	стакан-марка-красная	11.2	17.3	порода-в-тени	0.501	32.5	0.0	-1.0	1.0	bbox	1026	130.0	130.0	130.0	1341,0,6,3	52.2			
1028	1028	1.454	стакан-марка-красная	10.2	19.6	порода-в-тени	0.513	30.2	1.0	-1.0	1.4	bbox	1027	59.0	59.0	59.0	153,861,6,4	52.1			
1029	1029	1.244	рюкзак-синий	4.7	30.6	снег-в-тени	0.797	69.4	-0.5	-9.5	9.5	bbox	1028	0.0	0.0	0.0	33,265,8,4	52.0			
1030	1030	1.311	рюкзак-синий	8.6	21.0	снег-в-тени	1.840	59.8	6.0	-21.0	21.8	bbox	1029	19.0	19.0	19.0	1023,299,8,2	52.0			
1031	1031	1.150	рюкзак-синий	7.2	20.0	снег-в-тени	1.209	18.8	5.0	-8.0	9.4	bbox	1030	11.0	9.0	11.0	349,970,8,6	51.9			
1032	1032	0.819	рюкзак-синий	2.5	21.2	снег-в-тени	1.093	60.0	-0.5	-16.0	16.0	bbox	1031	34.0	34.0	34.0	191,35,4,6	51.9			
1033	1033	1.465	рюкзак-синий	9.4	24.3	снег-в-тени	1.981	63.1	6.0	-22.0	22.8	bbox	1032	59.0	59.0	59.0	947,163,5,3	51.9			
1034	1034	0.681	рюкзак-синий	3.6	14.3	снег-в-тени	1.092	24.5	4.0	-12.0	12.6	bbox	1033	95.0	95.0	95.0	129,474,4,5	51.9			
1035	1035	1.047	рюкзак-синий	7.8	10.6	снег-в-тени	1.025	28.2	6.0	-8.0	10.0	bbox	1034	21.0	18.0	22.0	809,661,6,6	51.7			
1036	1036	1.030	стакан-марка-красная	5.7	21.0	порода-в-тени	1.191	28.8	7.0	-3.0	7.6	bbox	1035	25.0	25.0	25.0	1043,881,5,6	51.6			
1037	1037	0.626	рюкзак-синий	4.9	3.2	снег-в-тени	1.231	42.0	5.5	-16.0	16.9	bbox	1036	138.0	138.0	138.0	513,99,6,3	51.6			
1038	1038	0.902	рюкзак-синий	5.1	17.9	снег-в-тени	0.340	56.7	0.0	-9.0	9.0	bbox	1037	186.0	186.0	187.0	1627,29,4,7	51.6			
1039	1039	0.765	рюкзак-синий	3.5	17.5	снег-в-тени	0.440	56.3	0.5	-10.5	10.5	bbox	1038	247.0	247.0	247.0	1171,5,6,4	51.3			
1040	1040	0.868	рюкзак-синий	6.1	11.7	снег-в-тени	0.782	27.1	2.0	-8.0	8.2	bbox	1039	247.0	247.0	247.0	1190,651,3,5	51.1			
1041	1041	1.279	рюкзак-синий	9.2	15.5	снег-в-тени	1.860	54.3	7.0	-21.0	22.1	bbox	1040	59.0	59.0	59.0	1655,117,8,2	51.0			
1042	1042	1.210	стакан-марка-красная	5.8	27.1	порода-в-тени	1.011	22.7	6.0	-2.0	6.3	bbox	1041	2.0	2.0	2.0	1667,799,12,2	50.8			
1043	1043	1.365	стакан-марка-красная	6.4	31.0	порода-в-тени	1.187	18.8	7.0	-4.0	8.1	bbox	1042	24.0	22.0	24.0	967,833,4,11	50.8			
1044	1044	0.955	рюкзак-синий	4.0	22.7	снег-в-тени	1.162	16.1	0.5	-10.0	10.0	bbox	1043	96.0	96.0	96.0	1651,845,2,7	50.8			
1045	1045	0.957	рюкзак-синий	6.3	15.1	снег-в-тени	0.252	53.9	-1.0	-8.0	8.1	bbox	1044	157.0	157.0	157.0	69,85,6,7	50.8			
1046	1046	0.577	рюкзак-синий	4.5	3.6	снег-в-тени	0.298	42.4	1.0	-9.5	9.6	bbox	1045	194.0	194.0	194.0	1578,985,5,4	50.7			
1047	1047	1.266	стакан-марка-красная	5.7	29.4	порода-в-тени	1.152	20.4	7.0	-3.0	7.6	bbox	1046	27.0	27.0	27.0	1737,931,5,7	50.6			
1048	1048	0.991	рюкзак-синий	7.1	12.6	снег-в-тени	0.179	51.4	0.0	-7.0	7.0	bbox	1047	47.0	47.0	47.0	1677,691,4,6	50.6			
1049	1049	1.886	стакан-марка-красная	11.0	36.1	снег-освещённый	0.229	85.9	0.0	0.5	0.5	bbox	1048	293.0	293.0	293.0	629,131,8,2	50.5			
1050	1050	0.937	рюкзак-синий	6.1	15.3	снег-в-тени	0.226	54.1	0.0	-8.0	8.0	bbox	1049	3.0	3.0	5.0	0,719,9,2	50.3			
1051	1051	1.129	рюкзак-синий	8.2	12.9	порода-в-тени	0.667	25.9	-1.0	-6.0	6.1	bbox	1050	156.0	156.0	156.0	1599,998,6,3	50.3			
1052	1052	0.808	рюкзак-синий	6.3	4.7	снег-в-тени	0.197	43.5	-1.0	-8.0	8.1	bbox	1051	174.0	174.0	174.0	1915,263,5,4	50.3			
1053	1053	1.732	рюкзак-синий	12.2	23.2	снег-в-тени	2.331	62.0	5.0	-25.5	26.0	bbox	1052	14.0	14.0	14.0	65,121,4,4	50.1			
1054	1054	1.055	рюкзак-синий	4.6	24.7	снег-в-тени	0.592	63.5	0.0	-9.5	9.5	bbox	1053	281.0	281.0	281.0	270,467,3,8	50.1			
1055	1055	1.548	рюкзак-синий	11.2	18.7	снег-в-тени	0.725	57.5	-1.0	-3.0	3.2	bbox	1054	14.0	12.0	15.0	1797,715,4,6	50.0			
1056	1056	1.798	рюкзак-синий	5.1	47.1	снег-пересвеченный	0.917	85.9	0.0	-9.0	9.0	bbox	1055	24.0	24.0	24.0	587,812,4,5	49.8			
1057	1057	1.677	рюкзак-синий	11.0	26.6	порода-в-тени	0.460	12.2	0.0	-3.0	3.0	bbox	1056	68.0	68.0	68.0	1883,629,4,8	49.8			
1058	1058	0.808	рюкзак-синий	5.4	12.5	снег-в-тени	0.789	26.3	-1.0	-9.0	9.1	bbox	1057	58.0	58.0	58.0	1319,1073,4,7	49.7			
1059	1059	1.354	рюкзак-синий	2.5	36.9	снег-в-тени	1.413	75.7	-0.5	-16.0	16.0	bbox	1058	8.0	7.0	8.0	1641,443,6,6	49.5			
1060	1060	1.274	рюкзак-синий	3.6	33.4	снег-в-тени	1.428	72.2	-1.0	-17.0	17.0	bbox	1059	8.0	8.0	8.0	385,345,4,8	49.5			
1061	1061	0.847	рюкзак-синий	4.3	18.4	снег-в-тени	1.493	20.4	5.0	-15.5	16.3	bbox	1060	72.0	72.0	72.0	1883,91,6,4	49.2			
1062	1062	0.736	рюкзак-синий	5.8	2.9	снег-в-тени	0.940	35.9	6.0	-11.0	12.5	bbox	1061	166.0	164.0	166.0	215,1043,4,4	49.1			
1063	1063	1.670	рюкзак-синий	13.3	2.5	порода-в-тени	0.567	36.3	-2.0	-1.0	2.2	bbox	1062	83.0	83.0	83.0	929,141,8,2	49.0			
1064	1064	0.773	рюкзак-синий	6.1	3.9	снег-в-тени	0.181	42.7	0.0	-8.0	8.0	bbox	1063	178.0	178.0	178.0	1900,1043,5,6	48.9			
1065	1065	1.583	рюкзак-синий	12.6	2.2	порода-в-тени	0.756	41.0	-3.0	-2.0	3.6	bbox	1064	57.0	56.0	57.0	805,329,4,4	48.7			
1066	1066	0.481	рюкзак-синий	3.6	4.7	снег-в-тени	1.220	34.1	4.0	-16.0	16.5	bbox	1065	50.0	50.0	51.0	309,265,8,2	48.6			
1067	1067	0.766	рюкзак-синий	4.5	14.7	снег-в-тени	1.451	24.1	5.0	-16.0	16.8	bbox	1066	97.0	97.0	97.0	1657,103,5,4	48.6			
1068	1068	1.611	стакан-марка-красная	12.2	14.9	порода-в-тени	0.533	34.9	-1.0	-1.0	1.4	bbox	1067	34.0	34.0	38.0	1667,1037,4,6	48.5			
1069	1069	0.538	рюкзак-синий	4.1	4.3	снег-в-тени	0.300	43.1	0.0	-10.0	10.0	bbox	1068	185.0	183.0	186.0	1839,381,4,4	48.5			
1070	1070	0.741	рюкзак-синий	5.0	11.2	снег-в-тени	0.741	27.6	1.0	-9.0	9.1	bbox	1069	226.0	226.0	226.0	1917,91,3,4	48.5			
1071	1071	1.475	рюкзак-синий	11.2	12.6	снег-в-тени	2.130	51.4	7.0	-23.5	24.5	bbox	1070	64.0	64.0	64.0	1917,515,3,4	48.3			
1072	1072	0.521	рюкзак-синий	4.0	4.1	снег-в-тени	0.545	34.7	1.0	-10.0	10.0	bbox	1071	243.0	243.0	243.0	953,347,5,6	48.2			
1073	1073	1.571	рюкзак-синий	11.5	17.4	порода-в-тени	0.314	21.4	0.0	-2.5	2.5	bbox	1072	142.0	142.0	142.0	73,729,2,8	48.1			
1074	1074	0.890	рюкзак-синий	5.5	15.7	снег-в-тени	0.255	54.5	0.5	-8.5	8.5	bbox	1073	0.0	0.0	0.0	41,485,4,4	48.0			
1075	1075	1.249	рюкзак-синий	6.4	26.8	порода-в-тени	1.363	12.0	5.0	-9.0	10.3	bbox	1074	138.0	138.0	142.0	17,1022,4,5	47.9			
1076	1076	0.758	рюкзак-синий	5.9	5.5	снег-в-тени	0.187	44.3	-1.0	-8.5	8.6	bbox	1075	98.0	98.0	98.0	1906,841,8,2	47.8			
1077	1077	0.633	рюкзак-синий	5.0	2.8	снег-в-тени	1.306	41.6	5.0	-17.0	17.7	bbox	1076	135.0	135.0	135.0	1731,101,8,2	47.8			
1078	1078	1.110	рюкзак-синий	6.7	20.4	порода-в-тени	1.155	18.4	4.0	-8.0	8.9	bbox	1077	8.0	8.0	8.0	1799,827,3,6	47.6			
1079	1079	1.379	рюкзак-синий	11.0	2.9	порода-в-тени	0.713	35.9	1.0	-3.0	3.2	bbox	1078	1.0	1.0	1.0	1083,773,10,4	47.4			
1080	1080	1.348	рюкзак-синий	10.0	13.7	порода-в-тени	0.481	25.1	0.0	-4.0	4.0	bbox	1079	130.0	130.0	130.0	301,860,4,5	47.4			
1081	1081	0.673	рюкзак-синий	4.9	7.6	снег-в-тени	0.727	31.2	3.0	-9.5	10.0	bbox	1080	241.0	241.0	241.0	344,491,4,4	47.4			
1082	1082	0.810	рюкзак-синий	6.1	7.8	снег-в-тени	0.601	31.0	0.0	-8.0	8.0	bbox	1081	242.0	242.0	242.0	455,203,4,5	47.4			
1083	1083	1.148	рюкзак-синий	9.0	6.1	снег-в-тени	1.850	44.9	6.0	-21.5	22.3	bbox	1082	11.0	11.0	11.0	1517,429,6,4	47.3			
1084	1084	1.820	рюкзак-синий	6.3	45.9	снег-пересвеченный	0.759	84.7	-1.0	-8.0	8.1	bbox	1083	23.0	23.0	23.0	1196,898,3,5	47.3			
1085	1085	1.466	стакан-марка-красная	11.7	4.3	корка-жёлтая-на-скале	1.011	45.5	1.0	7.0	7.1	bbox	1084	296.0	296.0	296.0	109,257,2,7	47.3			
1086	1086	0.512	рюкзак-синий	4.0	2.5	снег-в-тени	1.105	36.3	5.0	-14.5	15.3	bbox	1085	84.0	84.0	84.0	1089,299,8,2	47.2			
1087	1087	0.459	рюкзак-синий	3.6	1.8	снег-в-тени	0.879	40.6	4.5	-13.0	13.8	bbox	1086	89.0	89.0	89.0	1564,19,7,2	47.2			
1088	1088	0.803	рюкзак-синий	6.3	3.9	снег-в-тени	0.220	42.7	-1.0	-8.0	8.1	bbox	1087	174.0	174.0	175.0	1727,299,8,4	47.2			
1089	1089	0.771	рюкзак-синий	6.1	3.6	снег-в-тени	0.195	42.4	0.0	-8.0	8.0	bbox	1088	176.0	174.0	176.0	1697,1045,4,4	47.1			
1090	1090	1.253	рюкзак-синий	9.3	12.7	порода-в-тени	0.874	26.1	3.5	-5.0	6.1	bbox	1089	295.0	295.0	295.0	1729,5,6,6	47.1			
1091	1091	1.963	рюкзак-синий	12.0	35.3	порода-в-тени	0.664	3.5	0.0	-2.0	2.0	bbox	1090	54.0	54.0	54.0	383,1049,2,8	47.0			
1092	1092	0.554	рюкзак-синий	4.1	5.7	снег-в-тени	1.196	33.1	5.0	-15.0	15.8	bbox	1091	97.0	94.0	97.0	1317,57,8,4	47.0			
1093	1093	1.248	рюкзак-синий	3.6	32.6	снег-в-тени	0.930	71.4	-1.0	-11.0	11.0	bbox	1092	282.0	282.0	282.0	809,67,4,6	46.9			
1094	1094	1.046	рюкзак-синий	7.8	10.8	снег-в-тени	1.652	49.6	6.5	-19.5	20.6	bbox	1093	64.0	64.0	64.0	1760,411,4,4	46.7			
1095	1095	0.509	рюкзак-синий	3.8	5.1	снег-в-тени	1.203	33.7	4.5	-15.5	16.1	bbox	1094	122.0	122.0	122.0	985,0,6,3	46.7			
1096	1096	0.144	рюкзак-синий	1.0	2.0	снег-в-тени	0.919	40.8	1.0	-15.0	15.0	bbox	1095	48.0	48.0	48.0	1809,953,4,8	46.6			
1097	1097	1.663	палка-древко-контроль	13.2	4.5	порода-в-тени	0.749	37.1	-5.5	-2.0	5.9	bbox	1096	25.0	25.0	25.0	865,373,7,2	46.5			
1098	1098	0.846	рюкзак-синий	6.3	8.4	снег-в-тени	0.634	30.4	-1.0	-8.0	8.1	bbox	1097	272.0	272.0	272.0	1853,985,3,4	46.4			
1099	1099	1.092	рюкзак-синий	7.3	16.9	снег-в-тени	0.333	55.7	-1.0	-7.0	7.1	bbox	1098	183.0	182.0	183.0	1732,99,7,3	46.3			
1100	1100	0.799	рюкзак-синий	6.3	3.2	снег-в-тени	0.243	42.0	-1.0	-8.0	8.1	bbox	1099	195.0	195.0	195.0	265,805,4,4	46.3			
1101	1101	0.842	рюкзак-синий	3.6	19.8	снег-в-тени	1.249	58.6	0.0	-17.5	17.5	bbox	1100	30.0	30.0	30.0	1691,5,4,4	46.2			
1102	1102	0.979	рюкзак-синий	7.8	2.0	снег-в-тени	1.649	40.8	7.0	-19.0	20.2	bbox	1101	56.0	56.0	56.0	313,0,4,3	46.2			
1103	1103	0.887	рюкзак-синий	1.4	24.3	снег-в-тени	1.032	63.1	0.0	-15.0	15.0	bbox	1102	43.0	40.0	43.0	1545,939,6,6	46.1			
1104	1104	1.468	рюкзак-синий	10.2	20.4	порода-в-тени	0.401	18.4	-1.0	-4.0	4.1	bbox	1103	149.0	149.0	149.0	882,772,3,9	46.1			
1105	1105	0.538	рюкзак-синий	4.1	4.3	снег-в-тени	0.300	43.1	0.0	-10.0	10.0	bbox	1104	157.0	157.0	157.0	135,113,4,4	46.1			
1106	1106	0.971	рюкзак-синий	5.4	19.6	снег-в-тени	1.614	19.2	6.0	-16.0	17.1	bbox	1105	68.0	68.0	68.0	1903,367,4,4	46.0			
1107	1107	0.799	рюкзак-синий	6.3	3.2	снег-в-тени	0.243	42.0	-1.0	-8.0	8.1	bbox	1106	191.0	191.0	191.0	89,9,3,8	46.0			
1108	1108	1.127	рюкзак-синий	4.5	27.3	снег-в-тени	0.682	66.1	0.5	-9.5	9.5	bbox	1107	40.0	36.0	40.0	1639,1065,4,6	45.9			
1109	1109	0.386	рюкзак-синий	3.0	2.6	снег-в-тени	0.457	41.4	1.0	-11.0	11.0	bbox	1108	197.0	197.0	197.0	1905,497,5,6	45.9			
1110	1110	1.669	рюкзак-синий	13.3	1.6	порода-в-тени	0.714	40.4	-2.0	-1.0	2.2	bbox	1109	19.0	19.0	19.0	361,193,4,4	45.8			
1111	1111	1.204	рюкзак-синий	7.2	22.3	порода-в-тени	1.245	16.5	5.0	-8.0	9.4	bbox	1110	18.0	18.0	18.0	0,1009,7,2	45.7			
1112	1112	0.319	рюкзак-синий	1.1	8.0	снег-в-тени	1.045	30.8	2.0	-14.5	14.6	bbox	1111	46.0	46.0	46.0	1851,991,4,5	45.7			
1113	1113	0.301	рюкзак-синий	2.2	3.2	снег-в-тени	1.052	42.0	2.0	-16.0	16.1	bbox	1112	49.0	49.0	49.0	1439,311,6,4	45.7			
1114	1114	1.306	стакан-марка-красная	9.6	14.3	снег-в-тени	0.779	35.5	2.5	-3.5	4.3	bbox	1113	22.0	21.0	23.0	1703,807,10,2	45.5			
1115	1115	0.420	рюкзак-синий	3.2	3.9	снег-в-тени	0.416	42.7	0.0	-11.0	11.0	bbox	1114	192.0	192.0	192.0	121,791,6,7	45.5			
1116	1116	0.460	рюкзак-синий	2.2	10.2	снег-в-тени	1.032	49.0	2.0	-16.0	16.1	bbox	1115	141.0	141.0	141.0	1699,671,4,8	45.3			
1117	1117	1.197	рюкзак-синий	9.0	11.3	порода-в-тени	0.711	27.5	1.5	-5.0	5.2	bbox	1116	270.0	270.0	271.0	861,885,2,6	45.3			
1118	1118	1.152	рюкзак-синий	4.1	28.8	снег-в-тени	1.437	67.6	0.0	-18.0	18.0	bbox	1117	60.0	60.0	60.0	1423,1069,4,8	45.2			
1119	1119	0.451	рюкзак-синий	3.5	2.5	снег-в-тени	1.071	36.3	4.5	-14.5	15.2	bbox	1118	76.0	76.0	76.0	1679,3,4,5	45.2			
1120	1120	0.765	рюкзак-синий	6.1	2.4	снег-в-тени	0.237	41.2	0.0	-8.0	8.0	bbox	1119	148.0	148.0	148.0	1838,255,3,8	45.2			
1121	1121	1.656	рюкзак-синий	11.0	25.9	порода-в-тени	0.524	12.9	1.0	-3.0	3.2	bbox	1120	88.0	88.0	89.0	1905,824,4,8	45.1			
1122	1122	0.464	рюкзак-синий	3.5	4.3	снег-в-тени	0.376	43.1	1.0	-10.5	10.5	bbox	1121	214.0	214.0	214.0	1195,9,4,6	45.0			
1123	1123	0.952	рюкзак-синий	6.1	16.1	снег-в-тени	0.895	22.7	0.0	-8.0	8.0	bbox	1122	224.0	224.0	224.0	1334,995,3,7	45.0			
1124	1124	0.544	рюкзак-синий	4.2	3.4	снег-в-тени	1.247	42.2	4.0	-17.0	17.5	bbox	1123	46.0	46.0	46.0	1686,537,5,4	44.9			
1125	1125	0.888	рюкзак-синий	5.0	17.7	снег-в-тени	0.357	56.5	1.0	-9.0	9.1	bbox	1124	112.0	112.0	112.0	1363,129,8,8	44.8			
1126	1126	0.925	рюкзак-синий	7.3	4.7	снег-в-тени	0.520	34.1	-1.0	-7.0	7.1	bbox	1125	260.0	260.0	260.0	214,889,3,4	44.8			
1127	1127	1.161	рюкзак-синий	5.8	25.3	снег-в-тени	1.472	64.1	6.0	-17.0	18.0	bbox	1126	64.0	64.0	64.0	1331,255,5,4	44.4			
1128	1128	0.400	рюкзак-синий	3.2	1.8	снег-в-тени	1.040	40.6	4.0	-15.0	15.5	bbox	1127	84.0	84.0	84.0	1257,227,8,2	44.4			
1129	1129	0.773	рюкзак-синий	6.1	3.9	снег-в-тени	0.181	42.7	0.0	-8.0	8.0	bbox	1128	184.0	184.0	184.0	1903,337,2,8	44.4			
1130	1130	0.629	рюкзак-синий	5.0	1.9	снег-в-тени	0.429	36.9	1.0	-9.0	9.1	bbox	1129	274.0	274.0	274.0	1504,844,4,4	44.4			
1131	1131	1.590	рюкзак-синий	11.0	22.3	порода-в-тени	0.472	16.5	1.0	-3.0	3.2	bbox	1130	141.0	141.0	141.0	149,577,6,6	44.2			
1132	1132	0.928	рюкзак-синий	6.1	14.9	снег-в-тени	0.889	23.9	2.0	-8.0	8.2	bbox	1131	162.0	162.0	162.0	122,978,7,3	44.2			
1133	1133	0.696	рюкзак-синий	1.4	18.8	снег-в-тени	0.943	57.6	0.0	-15.0	15.0	bbox	1132	49.0	49.0	50.0	653,53,4,4	44.1			
1134	1134	0.669	рюкзак-синий	5.0	6.6	снег-в-тени	1.403	32.2	5.0	-17.0	17.7	bbox	1133	50.0	50.0	51.0	135,221,6,2	44.1			
1135	1135	0.659	рюкзак-синий	5.1	4.7	снег-в-тени	0.197	43.5	0.0	-9.0	9.0	bbox	1134	217.0	216.0	217.0	85,199,4,6	44.1			
1136	1136	0.731	рюкзак-синий	4.0	14.9	снег-в-тени	0.351	53.7	1.0	-10.0	10.0	bbox	1135	50.0	50.0	51.0	1670,1049,5,8	44.0			
1137	1137	1.449	рюкзак-синий	11.0	12.3	порода-в-тени	0.415	26.5	0.0	-3.0	3.0	bbox	1136	141.0	141.0	141.0	41,441,4,4	44.0			
1138	1138	0.951	рюкзак-синий	5.0	20.0	снег-в-тени	1.059	18.8	1.5	-9.0	9.1	bbox	1137	154.0	154.0	154.0	1841,964,4,3	44.0			
1139	1139	1.393	рюкзак-синий	11.1	3.4	снег-в-тени	0.660	42.2	-0.5	-3.0	3.0	bbox	1138	15.0	15.0	15.0	359,467,4,6	43.8			
1140	1140	1.407	стакан-марка-красная	10.6	13.3	порода-в-тени	0.711	36.5	1.0	-2.5	2.7	bbox	1139	151.0	151.0	151.0	1729,665,4,4	43.8			
1141	1141	0.492	рюкзак-синий	3.2	8.0	снег-в-тени	0.900	30.8	3.5	-12.0	12.5	bbox	1140	198.0	198.0	198.0	1130,151,6,2	43.6			
1142	1142	0.822	рюкзак-синий	6.0	9.4	снег-в-тени	0.669	29.4	1.0	-8.0	8.1	bbox	1141	226.0	226.0	226.0	1684,969,5,4	43.6			
1143	1143	0.641	рюкзак-синий	5.1	1.9	снег-в-тени	0.410	36.9	0.0	-9.0	9.0	bbox	1142	237.0	237.0	237.0	83,347,5,3	43.5			
1144	1144	0.693	рюкзак-синий	5.0	8.2	снег-в-тени	0.655	30.6	1.5	-9.0	9.1	bbox	1143	242.0	240.0	242.0	1743,424,6,4	43.5			
1145	1145	1.613	рюкзак-синий	12.0	16.3	порода-в-тени	0.290	22.5	0.0	-2.0	2.0	bbox	1144	94.0	94.0	97.0	1723,213,6,4	43.4			
1146	1146	1.014	рюкзак-синий	7.3	12.5	порода-в-тени	0.789	26.3	-1.0	-7.0	7.1	bbox	1145	223.0	223.0	223.0	299,787,4,3	43.3			
1147	1147	1.186	стакан-марка-красная	9.5	0.2	снег-в-тени	0.793	49.6	2.0	-2.0	2.8	bbox	1146	0.0	0.0	0.0	273,1009,8,2	43.1			
1148	1148	1.225	стакан-марка-красная	7.6	21.6	порода-в-тени	0.810	28.2	4.0	-2.0	4.5	bbox	1147	21.0	21.0	21.0	137,731,6,6	43.1			
1149	1149	1.997	рюкзак-синий	13.0	32.3	порода-в-тени	0.557	6.5	0.0	-1.0	1.0	bbox	1148	95.0	95.0	95.0	1881,1046,2,6	43.1			
1150	1150	1.202	стакан-марка-красная	6.4	25.1	порода-в-тени	1.196	24.7	7.0	-4.0	8.1	bbox	1149	8.0	8.0	8.0	1015,689,5,3	43.0			
1151	1151	1.035	рюкзак-синий	6.0	20.0	порода-в-тени	0.954	18.8	1.0	-8.0	8.1	bbox	1150	131.0	131.0	134.0	1075,1069,2,6	42.9			
1152	1152	1.579	стакан-марка-красная	11.2	20.6	порода-в-тени	0.402	29.2	0.0	-1.0	1.0	bbox	1151	293.0	293.0	293.0	973,913,2,7	42.9			
1153	1153	1.471	стакан-марка-красная	7.1	32.9	порода-в-тени	1.075	16.9	6.0	-4.0	7.2	bbox	1152	15.0	15.0	15.0	185,1025,6,3	42.7			
1154	1154	1.162	рюкзак-синий	3.0	30.8	снег-в-тени	0.873	69.6	1.0	-11.0	11.0	bbox	1153	283.0	283.0	283.0	1019,69,6,4	42.6			
1155	1155	0.732	рюкзак-синий	5.5	7.0	снег-в-тени	0.589	31.8	1.0	-8.5	8.6	bbox	1154	247.0	247.0	247.0	1051,457,6,2	42.5			
1156	1156	0.711	рюкзак-синий	5.6	3.7	снег-в-тени	0.198	42.5	0.0	-8.5	8.5	bbox	1155	165.0	165.0	165.0	1525,65,4,6	42.4			
1157	1157	0.693	рюкзак-синий	4.0	13.3	снег-в-тени	0.934	25.5	3.0	-10.5	10.9	bbox	1156	101.0	101.0	101.0	1594,369,4,4	42.3			
1158	1158	1.035	рюкзак-синий	7.8	9.6	снег-в-тени	1.677	48.4	6.0	-20.0	20.9	bbox	1157	19.0	19.0	19.0	1467,451,6,2	42.2			
1159	1159	1.423	стакан-марка-красная	7.4	30.2	порода-в-тени	1.010	19.6	5.5	-4.0	6.8	bbox	1158	20.0	20.0	20.0	19,971,10,2	42.1			
1160	1160	1.696	рюкзак-синий	11.0	27.8	порода-в-тени	0.562	11.0	1.0	-3.0	3.2	bbox	1159	70.0	70.0	70.0	1884,489,5,3	41.9			
1161	1161	1.515	стакан-марка-красная	10.2	22.9	порода-в-тени	0.440	26.9	1.0	-1.0	1.4	bbox	1160	143.0	143.0	143.0	1235,283,6,2	41.9			
1162	1162	1.020	рюкзак-синий	7.0	14.7	порода-в-тени	0.849	24.1	1.0	-7.0	7.1	bbox	1161	249.0	249.0	249.0	582,222,4,3	41.9			
1163	1163	0.523	рюкзак-синий	4.0	4.3	снег-в-тени	0.990	43.1	5.0	-14.0	14.9	bbox	1162	119.0	117.0	119.0	1050,103,7,2	41.7			
1164	1164	1.968	стакан-марка-красная	12.0	35.5	порода-в-тени	0.280	14.3	-1.0	0.0	1.0	bbox	1163	139.0	139.0	139.0	549,1025,2,6	41.7			
1165	1165	0.703	рюкзак-синий	5.0	9.0	снег-в-тени	0.667	29.8	1.0	-9.0	9.1	bbox	1164	198.0	198.0	198.0	1870,557,3,5	41.6			
1166	1166	0.907	рюкзак-синий	5.1	18.1	снег-в-тени	0.347	56.9	0.0	-9.0	9.0	bbox	1165	185.0	185.0	185.0	1625,37,6,6	41.5			
1167	1167	0.854	рюкзак-синий	3.2	21.2	снег-в-тени	1.009	60.0	-2.0	-15.0	15.1	bbox	1166	54.0	54.0	54.0	1905,981,8,2	41.3			
1168	1168	0.919	рюкзак-синий	5.0	18.8	снег-в-тени	0.394	57.6	1.0	-9.0	9.1	bbox	1167	187.0	187.0	187.0	1673,103,4,5	41.3			
1169	1169	0.552	рюкзак-синий	4.3	3.9	снег-в-тени	0.315	42.7	-0.5	-10.0	10.0	bbox	1168	203.0	203.0	203.0	1877,45,7,2	41.3			
1170	1170	0.696	рюкзак-синий	5.0	8.6	снег-в-тени	0.653	30.2	1.0	-9.0	9.1	bbox	1169	214.0	214.0	214.0	1538,737,3,4	41.3			
1171	1171	1.376	рюкзак-синий	11.0	1.6	снег-в-тени	0.690	40.4	1.0	-3.0	3.2	bbox	1170	19.0	19.0	19.0	1613,699,6,4	40.9			
1172	1172	0.807	рюкзак-синий	2.2	21.2	снег-в-тени	1.091	60.0	0.0	-16.0	16.0	bbox	1171	50.0	49.0	50.0	1187,35,4,6	40.8			
1173	1173	1.350	рюкзак-синий	3.2	36.1	снег-в-тени	1.443	74.9	-1.0	-16.5	16.5	bbox	1172	8.0	8.0	8.0	1913,575,7,2	40.7			
1174	1174	1.523	стакан-марка-красная	10.2	23.3	порода-в-тени	0.433	26.5	1.0	-1.0	1.4	bbox	1173	71.0	70.0	72.0	1657,341,6,6	40.5			
1175	1175	0.643	рюкзак-синий	3.2	14.1	снег-в-тени	1.368	24.7	3.5	-16.0	16.4	bbox	1174	45.0	45.0	45.0	1830,575,5,4	40.4			
1176	1176	0.535	рюкзак-синий	1.4	14.1	снег-в-тени	0.928	52.9	2.0	-15.0	15.1	bbox	1175	50.0	50.0	50.0	1305,245,8,4	40.3			
1177	1177	1.316	рюкзак-синий	9.2	17.8	снег-в-тени	1.385	21.0	8.0	-8.0	11.3	bbox	1176	296.0	296.0	296.0	1703,69,6,2	40.3			
1178	1178	1.363	рюкзак-синий	7.8	26.6	порода-в-тени	1.361	12.2	6.0	-8.0	10.0	bbox	1177	26.0	26.0	26.0	1886,808,3,4	40.2			
1179	1179	1.591	рюкзак-синий	10.2	26.6	порода-в-тени	0.786	12.2	3.0	-4.0	5.0	bbox	1178	152.0	152.0	152.0	1811,1019,3,4	40.2			
1180	1180	0.523	рюкзак-синий	4.0	3.9	снег-в-тени	0.315	42.7	0.5	-10.0	10.0	bbox	1179	182.0	182.0	182.0	1901,759,4,4	40.2			
1181	1181	0.811	рюкзак-синий	6.3	5.1	снег-в-тени	0.187	43.9	-1.0	-8.0	8.1	bbox	1180	90.0	90.0	90.0	9,555,6,2	40.1			
1182	1182	1.200	рюкзак-синий	5.1	28.5	снег-в-тени	0.706	67.3	0.0	-9.0	9.0	bbox	1181	298.0	298.0	298.0	199,525,4,4	40.1			
1183	1183	0.843	рюкзак-синий	5.1	15.5	снег-в-тени	0.883	23.3	0.0	-9.0	9.0	bbox	1182	197.0	197.0	197.0	139,945,2,5	40.0			
1184	1184	1.717	стакан-марка-красная	10.3	31.8	порода-в-тени	0.389	18.0	1.0	-1.5	1.8	bbox	1183	141.0	141.0	142.0	141,833,4,4	39.9			
1185	1185	1.144	рюкзак-синий	8.6	11.0	снег-в-тени	1.042	27.8	6.0	-7.0	9.2	bbox	1184	21.0	20.0	21.0	791,613,8,4	39.8			
1186	1186	1.549	рюкзак-синий	11.0	20.0	порода-в-тени	0.454	18.8	1.0	-3.0	3.2	bbox	1185	93.0	91.0	93.0	1501,0,4,5	39.7			
1187	1187	0.547	рюкзак-синий	4.1	5.1	снег-в-тени	0.286	43.9	0.0	-10.0	10.0	bbox	1186	211.0	211.0	211.0	15,13,8,4	39.7			
1188	1188	1.401	рюкзак-синий	9.6	20.2	снег-в-тени	1.943	59.0	7.0	-21.5	22.6	bbox	1187	56.0	56.0	56.0	1751,17,6,2	39.6			
1189	1189	1.382	рюкзак-синий	11.0	1.4	снег-в-тени	0.681	40.2	0.0	-3.0	3.0	bbox	1188	10.0	10.0	10.0	1531,591,6,2	39.5			
1190	1190	0.763	рюкзак-синий	6.1	0.4	снег-в-тени	1.438	39.2	6.0	-17.5	18.5	bbox	1189	16.0	16.0	16.0	329,903,2,6	39.5			
1191	1191	0.403	рюкзак-синий	2.5	6.9	снег-в-тени	0.926	45.7	3.5	-14.5	14.9	bbox	1190	160.0	156.0	160.0	1465,31,6,2	39.3			
1192	1192	1.509	рюкзак-синий	12.0	2.9	порода-в-тени	0.620	35.9	0.0	-2.0	2.0	bbox	1191	85.0	85.0	85.0	1603,601,4,4	39.2			
1193	1193	1.771	рюкзак-синий	13.2	18.4	порода-в-тени	0.125	20.4	-1.0	-1.0	1.4	bbox	1192	165.0	165.0	166.0	67,973,2,6	39.2			
1194	1194	0.281	рюкзак-синий	0.5	7.7	снег-в-тени	0.775	46.5	1.5	-14.0	14.1	bbox	1193	220.0	218.0	220.0	321,255,5,4	39.1			
1195	1195	1.448	рюкзак-синий	11.5	3.4	снег-в-тени	0.716	42.2	0.0	-2.5	2.5	bbox	1194	20.0	20.0	20.0	1473,665,6,2	39.0			
1196	1196	0.639	рюкзак-синий	5.0	3.3	снег-в-тени	1.190	35.5	6.0	-14.5	15.7	bbox	1195	26.0	26.0	26.0	1899,509,4,4	39.0			
1197	1197	1.026	рюкзак-синий	7.8	8.8	снег-в-тени	1.630	47.6	7.0	-19.0	20.2	bbox	1196	35.0	35.0	35.0	1332,271,5,2	39.0			
1198	1198	1.033	рюкзак-синий	6.1	19.6	порода-в-тени	1.009	19.2	2.0	-8.0	8.2	bbox	1197	135.0	135.0	135.0	1632,871,3,4	39.0			
1199	1199	0.859	рюкзак-синий	6.5	7.8	снег-в-тени	0.617	31.0	1.0	-7.5	7.6	bbox	1198	229.0	229.0	229.0	1468,796,3,4	39.0			
1200	1200	0.354	рюкзак-синий	2.8	0.6	снег-в-тени	1.121	38.2	3.0	-16.0	16.3	bbox	1199	49.0	49.0	49.0	3,317,6,4	38.7			
1201	1201	1.451	стакан-марка-красная	9.7	22.5	порода-в-тени	0.587	27.3	2.0	-2.5	3.2	bbox	1200	17.0	17.0	19.0	1809,807,10,2	38.6			
1202	1202	1.511	рюкзак-синий	2.5	41.4	снег-в-тени	1.531	80.2	-0.5	-16.0	16.0	bbox	1201	17.0	14.0	20.0	1543,785,2,7	38.6			
1203	1203	0.425	рюкзак-синий	3.2	4.3	снег-в-тени	0.480	43.1	2.0	-11.0	11.2	bbox	1202	143.0	143.0	143.0	81,77,6,4	38.6			
1204	1204	1.814	рюкзак-синий	6.3	45.7	снег-пересвеченный	1.097	84.5	3.0	-8.0	8.5	bbox	1203	290.0	290.0	290.0	1585,88,4,3	38.6			
1205	1205	1.520	рюкзак-синий	9.9	24.7	снег-в-тени	1.989	63.5	8.0	-21.0	22.5	bbox	1204	58.0	58.0	58.0	475,409,6,2	38.5			
1206	1206	0.678	рюкзак-синий	4.0	12.7	снег-в-тени	1.286	26.1	5.0	-14.5	15.3	bbox	1205	91.0	91.0	91.0	273,0,4,3	38.5			
1207	1207	0.994	рюкзак-синий	6.6	15.7	порода-в-тени	0.856	23.1	0.0	-7.5	7.5	bbox	1206	194.0	194.0	194.0	37,503,3,4	38.4			
1208	1208	0.770	рюкзак-синий	6.1	3.4	снег-в-тени	0.202	42.2	0.0	-8.0	8.0	bbox	1207	235.0	235.0	235.0	89,141,4,4	38.4			
1209	1209	0.500	рюкзак-синий	4.0	0.2	снег-в-тени	1.025	39.0	5.0	-14.0	14.9	bbox	1208	85.0	85.0	85.0	1365,13,3,4	38.2			
1210	1210	1.463	стакан-марка-красная	11.4	9.2	порода-в-тени	0.773	40.6	0.0	-2.0	2.0	bbox	1209	6.0	6.0	6.0	1705,669,6,4	38.1			
1211	1211	0.779	рюкзак-синий	6.2	2.6	снег-в-тени	0.238	41.4	-0.5	-8.0	8.0	bbox	1210	133.0	133.0	133.0	1315,22,6,3	38.1			
1212	1212	1.756	стакан-марка-красная	10.6	32.2	порода-в-тени	1.291	17.6	3.0	8.0	8.5	bbox	1211	293.0	293.0	293.0	987,565,8,4	38.1			
1213	1213	0.791	рюкзак-синий	6.3	0.8	снег-в-тени	1.374	38.0	7.0	-16.0	17.5	bbox	1212	15.0	14.0	16.0	425,1071,3,5	38.0			
1214	1214	0.887	рюкзак-синий	1.4	24.3	снег-в-тени	1.032	63.1	0.0	-15.0	15.0	bbox	1213	44.0	44.0	44.0	1717,944,5,5	37.8			
1215	1215	0.779	рюкзак-синий	6.1	4.7	снег-в-тени	0.153	43.5	0.0	-8.0	8.0	bbox	1214	180.0	180.0	183.0	1745,0,2,8	37.8			
1216	1216	1.282	рюкзак-синий	6.3	28.3	снег-в-тени	0.783	67.1	3.0	-8.0	8.5	bbox	1215	290.0	290.0	290.0	1726,145,5,2	37.8			
1217	1217	1.179	рюкзак-синий	8.6	13.6	снег-в-тени	1.797	52.4	6.0	-21.0	21.8	bbox	1216	11.0	11.0	11.0	485,255,6,4	37.3			
1218	1218	1.659	рюкзак-синий	11.7	22.1	порода-в-тени	0.262	16.7	-1.0	-2.5	2.7	bbox	1217	168.0	168.0	168.0	50,1013,6,2	37.3			
1219	1219	1.309	рюкзак-синий	1.0	36.5	снег-в-тени	1.236	75.3	0.0	-14.0	14.0	bbox	1218	36.0	36.0	36.0	1385,1074,2,6	37.2			
1220	1220	1.343	стакан-марка-красная	6.4	30.2	порода-в-тени	1.186	19.6	7.0	-4.0	8.1	bbox	1219	24.0	24.0	28.0	1073,953,8,4	37.1			
1221	1221	0.813	рюкзак-синий	6.0	8.8	снег-в-тени	0.648	30.0	1.0	-8.0	8.1	bbox	1220	228.0	228.0	228.0	1666,767,3,4	37.1			
1222	1222	1.737	стакан-марка-красная	13.9	0.2	корка-жёлтая-на-скале	0.887	50.0	-1.0	8.0	8.1	bbox	1221	296.0	296.0	296.0	83,171,4,4	37.0			
1223	1223	1.512	рюкзак-синий	12.1	0.6	порода-в-тени	0.676	38.2	-0.5	-2.0	2.1	bbox	1222	18.0	18.0	18.0	1097,711,6,2	36.9			
1224	1224	1.338	рюкзак-синий	6.4	30.0	снег-в-тени	1.640	68.8	6.0	-18.0	19.0	bbox	1223	16.0	16.0	19.0	425,803,2,6	36.9			
1225	1225	1.169	рюкзак-синий	3.2	30.8	снег-в-тени	0.864	69.6	0.0	-11.0	11.0	bbox	1224	281.0	281.0	281.0	735,9,2,6	36.9			
1226	1226	1.573	стакан-марка-красная	11.2	20.2	снег-розовый	0.582	70.0	1.0	6.0	6.1	bbox	1225	290.0	290.0	290.0	1767,865,6,2	36.9			
1227	1227	0.917	рюкзак-синий	5.1	18.5	снег-в-тени	0.360	57.3	0.0	-9.0	9.0	bbox	1226	188.0	188.0	188.0	1733,241,4,4	36.8			
1228	1228	0.767	рюкзак-синий	6.1	2.8	снег-в-тени	0.223	41.6	0.0	-8.0	8.0	bbox	1227	198.0	198.0	198.0	661,1061,8,2	36.8			
1229	1229	0.429	рюкзак-синий	3.2	4.3	снег-в-тени	1.104	43.1	3.5	-16.0	16.4	bbox	1228	262.0	262.0	262.0	81,839,4,6	36.8			
1230	1230	1.100	рюкзак-синий	4.9	25.5	снег-в-тени	0.631	64.3	-1.0	-9.5	9.6	bbox	1229	41.0	40.0	41.0	1659,1046,4,7	36.6			
1231	1231	0.905	рюкзак-синий	7.0	6.3	снег-в-тени	0.562	32.5	0.5	-7.0	7.0	bbox	1230	202.0	202.0	202.0	511,278,3,4	36.6			
1232	1232	0.580	рюкзак-синий	4.1	7.4	снег-в-тени	0.685	31.4	2.0	-10.0	10.2	bbox	1231	229.0	229.0	229.0	1272,267,3,5	36.6			
1233	1233	0.800	рюкзак-синий	6.4	0.2	снег-в-тени	1.491	39.0	6.0	-18.0	19.0	bbox	1232	7.0	7.0	7.0	1085,255,5,2	36.5			
1234	1234	1.550	рюкзак-синий	8.1	33.0	снег-освещённый	0.826	71.8	0.0	-6.0	6.0	bbox	1233	25.0	25.0	25.0	1205,690,3,4	36.5			
1235	1235	0.814	рюкзак-синий	2.2	21.4	снег-в-тени	1.094	60.2	0.0	-16.0	16.0	bbox	1234	50.0	49.0	50.0	1355,9,4,8	36.5			
1236	1236	0.779	рюкзак-синий	6.1	4.7	снег-в-тени	0.153	43.5	0.0	-8.0	8.0	bbox	1235	171.0	171.0	171.0	433,19,4,4	36.4			
1237	1237	0.497	рюкзак-синий	2.8	9.8	снег-в-тени	1.261	29.0	3.0	-16.0	16.3	bbox	1236	46.0	46.0	46.0	1702,711,3,4	36.3			
1238	1238	1.020	рюкзак-синий	6.3	18.1	снег-в-тени	0.347	56.9	-1.0	-8.0	8.1	bbox	1237	170.0	170.0	172.0	1145,790,4,3	36.3			
1239	1239	0.593	рюкзак-синий	3.9	9.4	снег-в-тени	1.174	48.2	4.0	-16.5	17.0	bbox	1238	27.0	27.0	28.0	566,429,4,4	36.2			
1240	1240	0.628	рюкзак-синий	5.0	1.6	снег-в-тени	1.314	40.4	5.0	-17.0	17.7	bbox	1239	29.0	27.0	29.0	339,275,5,4	36.2			
1241	1241	1.094	рюкзак-синий	2.0	29.8	снег-в-тени	1.064	68.6	-1.0	-14.0	14.0	bbox	1240	43.0	43.0	43.0	821,1058,3,5	36.2			
1242	1242	1.056	рюкзак-синий	6.3	19.6	порода-в-тени	1.076	19.2	3.0	-8.0	8.5	bbox	1241	175.0	172.0	175.0	1141,943,2,5	36.2			
1243	1243	0.940	рюкзак-синий	6.1	15.5	снег-в-тени	0.874	23.3	0.0	-8.0	8.0	bbox	1242	180.0	180.0	180.0	301,310,4,3	36.2			
1244	1244	0.384	рюкзак-синий	1.1	10.0	снег-в-тени	0.813	48.8	0.0	-14.5	14.5	bbox	1243	50.0	50.0	50.0	415,931,2,8	36.0			
1245	1245	1.489	стакан-марка-красная	10.1	22.0	порода-в-тени	0.545	27.8	1.5	-2.5	2.9	bbox	1244	71.0	71.0	71.0	1794,245,5,2	36.0			
1246	1246	0.387	рюкзак-синий	2.0	8.3	снег-в-тени	1.008	47.1	1.0	-16.0	16.0	bbox	1245	174.0	174.0	174.0	91,853,4,4	36.0			
1247	1247	1.794	рюкзак-синий	1.8	49.8	снег-пересвеченный	1.326	88.6	-0.5	-13.0	13.0	bbox	1246	20.0	20.0	20.0	809,1052,3,4	35.8			
1248	1248	1.275	рюкзак-синий	9.2	15.3	снег-в-тени	1.323	23.5	8.0	-8.0	11.3	bbox	1247	296.0	296.0	296.0	1739,163,6,2	35.8			
1249	1249	0.927	рюкзак-синий	5.1	18.8	снег-в-тени	0.373	57.6	0.0	-9.0	9.0	bbox	1248	185.0	185.0	185.0	1691,93,4,4	35.7			
1250	1250	0.483	рюкзак-синий	3.6	4.9	снег-в-тени	1.223	33.9	4.0	-16.0	16.5	bbox	1249	47.0	47.0	47.0	1817,671,6,2	35.6			
1251	1251	0.713	рюкзак-синий	5.6	3.9	снег-в-тени	0.191	42.7	0.0	-8.5	8.5	bbox	1250	184.0	183.0	184.0	1840,347,3,4	35.6			
1252	1252	1.535	рюкзак-синий	8.0	32.6	снег-освещённый	0.843	71.4	0.5	-6.0	6.0	bbox	1251	11.0	4.0	11.0	1309,571,4,3	35.5			
1253	1253	1.233	рюкзак-синий	7.2	23.6	снег-в-тени	1.706	62.4	5.0	-20.0	20.6	bbox	1252	17.0	17.0	17.0	59,375,6,4	35.5			
1254	1254	0.862	рюкзак-синий	6.8	3.9	снег-в-тени	0.228	42.7	-1.0	-7.5	7.6	bbox	1253	235.0	235.0	235.0	315,925,6,4	35.5			
1255	1255	1.153	рюкзак-синий	9.2	1.2	снег-в-тени	1.867	40.0	7.0	-21.0	22.1	bbox	1254	36.0	36.0	36.0	1174,0,3,3	35.4			
1256	1256	1.136	рюкзак-синий	2.8	30.2	снег-в-тени	1.261	69.0	-1.0	-16.0	16.0	bbox	1255	25.0	25.0	25.0	29,0,2,7	35.3			
1257	1257	0.468	рюкзак-синий	3.2	7.0	снег-в-тени	1.159	31.8	4.0	-15.0	15.5	bbox	1256	77.0	75.0	77.0	1801,135,4,5	35.3			
1258	1258	1.129	рюкзак-синий	6.1	23.4	снег-в-тени	0.513	62.2	0.0	-8.0	8.0	bbox	1257	148.0	148.0	148.0	1157,143,4,3	35.3			
1259	1259	1.070	рюкзак-синий	4.0	26.5	снег-в-тени	0.684	65.3	1.0	-10.0	10.0	bbox	1258	285.0	284.0	285.0	1235,421,4,4	35.3			
1260	1260	0.769	рюкзак-синий	6.1	3.2	снег-в-тени	0.209	42.0	0.0	-8.0	8.0	bbox	1259	249.0	249.0	249.0	1479,441,2,6	35.2			
1261	1261	1.954	рюкзак-синий	12.0	34.9	порода-в-тени	0.652	3.9	0.0	-2.0	2.0	bbox	1260	293.0	293.0	293.0	1089,1076,4,4	35.2			
1262	1262	0.435	рюкзак-синий	2.1	9.8	снег-в-тени	1.018	48.6	1.5	-16.0	16.1	bbox	1261	173.0	173.0	173.0	83,863,6,2	35.1			
1263	1263	0.720	рюкзак-синий	5.1	9.4	снег-в-тени	0.669	29.4	0.0	-9.0	9.0	bbox	1262	242.0	242.0	242.0	680,126,2,5	35.1			
1264	1264	0.873	рюкзак-синий	5.1	16.7	снег-в-тени	0.302	55.5	0.0	-9.0	9.0	bbox	1263	175.0	174.0	175.0	1317,145,4,4	35.0			
1265	1265	0.740	рюкзак-синий	5.5	7.4	снег-в-тени	0.619	31.4	1.5	-8.5	8.6	bbox	1264	262.0	262.0	262.0	1347,184,3,4	35.0			
1266	1266	0.702	рюкзак-синий	5.0	8.8	снег-в-тени	0.651	30.0	0.5	-9.0	9.0	bbox	1265	266.0	266.0	266.0	160,374,4,3	35.0			
1267	1267	1.158	рюкзак-синий	3.2	30.4	снег-в-тени	1.273	69.2	-1.5	-16.0	16.1	bbox	1266	56.0	56.0	56.0	1899,1069,4,3	34.9			
1268	1268	0.451	рюкзак-синий	3.2	6.1	снег-в-тени	1.142	32.7	4.0	-15.0	15.5	bbox	1267	136.0	136.0	136.0	1706,97,5,4	34.8			
1269	1269	0.623	рюкзак-синий	4.1	9.8	снег-в-тени	0.716	29.0	0.0	-10.0	10.0	bbox	1268	101.0	101.0	101.0	1917,389,3,3	34.7			
1270	1270	0.746	рюкзак-синий	5.8	4.5	снег-в-тени	1.435	34.3	6.0	-17.0	18.0	bbox	1269	51.0	51.0	51.0	531,313,4,3	34.6			
1271	1271	0.708	рюкзак-синий	5.6	3.2	снег-в-тени	0.218	42.0	0.0	-8.5	8.5	bbox	1270	145.0	145.0	146.0	57,86,6,3	34.6			
1272	1272	1.191	рюкзак-синий	3.0	31.6	снег-в-тени	1.386	70.4	0.5	-17.0	17.0	bbox	1271	8.0	8.0	8.0	1525,293,2,6	34.5			
1273	1273	0.982	рюкзак-синий	1.0	27.3	снег-в-тени	1.099	66.1	1.0	-15.0	15.0	bbox	1272	6.0	6.0	6.0	133,323,4,6	34.4			
1274	1274	0.571	рюкзак-синий	3.2	11.4	снег-в-тени	1.021	50.2	-1.5	-16.0	16.1	bbox	1273	47.0	47.0	47.0	107,853,2,6	34.4			
1275	1275	1.595	рюкзак-синий	11.2	21.5	порода-в-тени	0.301	17.3	-1.0	-3.0	3.2	bbox	1274	151.0	151.0	152.0	1383,694,3,7	34.3			
1276	1276	1.356	рюкзак-синий	10.0	14.7	порода-в-тени	0.547	24.1	1.0	-4.0	4.1	bbox	1275	179.0	179.0	179.0	1286,625,3,4	34.2			
1277	1277	0.523	рюкзак-синий	3.6	7.2	снег-в-тени	0.704	31.6	2.0	-10.5	10.7	bbox	1276	247.0	247.0	247.0	439,469,4,4	34.2			
1278	1278	1.365	стакан-марка-красная	6.4	31.0	порода-в-тени	1.187	18.8	7.0	-4.0	8.1	bbox	1277	20.0	20.0	20.0	1657,911,5,4	34.1			
1279	1279	1.354	рюкзак-синий	2.2	37.1	снег-в-тени	1.416	75.9	0.0	-16.0	16.0	bbox	1278	25.0	25.0	25.0	1441,310,4,3	34.1			
1280	1280	0.523	рюкзак-синий	4.0	4.3	снег-в-тени	0.325	43.1	1.0	-10.0	10.0	bbox	1279	245.0	245.0	245.0	551,295,6,2	34.1			
1281	1281	0.495	рюкзак-синий	3.5	6.5	снег-в-тени	0.942	45.3	4.5	-14.0	14.7	bbox	1280	150.0	150.0	150.0	391,291,6,2	34.0			
1282	1282	0.761	рюкзак-синий	6.0	3.6	снег-в-тени	0.231	42.4	1.0	-8.0	8.1	bbox	1281	182.0	182.0	182.0	1845,247,4,4	33.9			
1283	1283	0.757	рюкзак-синий	4.5	14.3	снег-в-тени	0.946	24.5	3.0	-10.0	10.4	bbox	1282	185.0	181.0	185.0	627,150,4,3	33.9			
1284	1284	0.907	рюкзак-синий	5.1	18.1	снег-в-тени	0.347	56.9	0.0	-9.0	9.0	bbox	1283	280.0	280.0	280.0	41,551,6,2	33.9			
1285	1285	0.937	рюкзак-синий	5.1	19.2	снег-в-тени	0.386	58.0	0.0	-9.0	9.0	bbox	1284	280.0	280.0	280.0	119,507,4,6	33.7			
1286	1286	1.348	стакан-марка-красная	7.9	25.7	порода-в-тени	1.210	24.1	6.5	-5.5	8.5	bbox	1285	296.0	296.0	296.0	1583,77,6,2	33.6			
1287	1287	0.744	рюкзак-синий	5.1	10.8	снег-в-тени	0.717	28.0	0.0	-9.0	9.0	bbox	1286	6.0	6.0	6.0	849,465,6,2	33.3			
1288	1288	0.435	рюкзак-синий	2.5	8.5	снег-в-тени	1.048	47.3	2.5	-16.0	16.2	bbox	1287	179.0	179.0	179.0	89,857,4,4	33.3			
1289	1289	0.857	рюкзак-синий	1.8	23.2	снег-в-тени	1.013	62.0	-0.5	-15.0	15.0	bbox	1288	60.0	60.0	60.0	1619,385,2,5	33.2			
1290	1290	0.337	рюкзак-синий	2.5	3.6	снег-в-тени	0.495	42.4	1.0	-11.5	11.5	bbox	1289	174.0	174.0	174.0	273,269,6,2	33.2			
1291	1291	1.818	рюкзак-синий	9.1	39.8	снег-освещённый	0.642	78.6	0.0	-5.0	5.0	bbox	1290	4.0	4.0	4.0	645,879,2,6	33.1			
1292	1292	1.554	рюкзак-синий	8.1	33.1	порода-в-тени	0.854	5.7	0.0	-6.0	6.0	bbox	1291	53.0	53.0	53.0	787,1077,4,3	33.0			
1293	1293	0.887	рюкзак-синий	5.1	17.3	снег-в-тени	0.321	56.1	0.0	-9.0	9.0	bbox	1292	247.0	247.0	247.0	1073,20,4,4	32.9			
1294	1294	0.840	рюкзак-синий	6.0	10.6	снег-в-тени	0.710	28.2	1.0	-8.0	8.1	bbox	1293	255.0	255.0	255.0	590,359,3,4	32.9			
1295	1295	1.201	рюкзак-синий	8.8	13.2	снег-в-тени	1.797	52.0	7.0	-20.5	21.7	bbox	1294	58.0	58.0	58.0	401,7,5,2	32.7			
1296	1296	0.745	рюкзак-синий	5.0	11.2	снег-в-тени	1.379	50.0	0.5	-19.0	19.0	bbox	1295	51.0	51.0	51.0	1695,725,2,4	32.5			
1297	1297	0.562	рюкзак-синий	4.1	6.3	снег-в-тени	1.205	32.5	5.0	-15.0	15.8	bbox	1296	140.0	140.0	140.0	12,489,3,3	32.5			
1298	1298	1.350	рюкзак-синий	2.8	36.5	снег-в-тени	1.407	75.3	-1.0	-16.0	16.0	bbox	1297	19.0	19.0	19.0	481,195,6,2	32.1			
1299	1299	0.573	рюкзак-синий	4.1	7.0	снег-в-тени	0.673	31.8	2.0	-10.0	10.2	bbox	1298	222.0	222.0	222.0	458,883,5,3	32.1			
1300	1300	1.156	рюкзак-синий	7.3	20.0	порода-в-тени	0.762	18.8	-1.0	-7.0	7.1	bbox	1299	49.0	49.0	49.0	105,475,5,2	31.9			
1301	1301	0.860	рюкзак-синий	6.8	3.6	снег-в-тени	0.240	42.4	-1.0	-7.5	7.6	bbox	1300	194.0	194.0	194.0	201,601,2,6	31.9			
1302	1302	0.639	рюкзак-синий	5.1	1.2	снег-в-тени	0.458	37.6	2.0	-9.0	9.2	bbox	1301	216.0	216.0	216.0	1463,99,4,3	31.9			
1303	1303	0.314	рюкзак-синий	2.0	5.3	снег-в-тени	1.016	44.1	1.0	-16.0	16.0	bbox	1302	48.0	48.0	48.0	109,854,4,3	31.8			
1304	1304	1.030	рюкзак-синий	5.8	20.4	снег-в-тени	1.169	18.4	4.0	-9.0	9.8	bbox	1303	25.0	25.0	25.0	1517,681,3,4	31.7			
1305	1305	1.526	рюкзак-синий	11.0	18.2	порода-в-тени	0.354	20.6	0.0	-3.0	3.0	bbox	1304	140.0	140.0	140.0	9,605,4,2	31.7			
1306	1306	1.806	стакан-марка-красная	14.4	2.9	корка-жёлтая-на-скале	0.781	52.7	-1.0	9.0	9.1	bbox	1305	296.0	296.0	296.0	63,96,2,5	31.7			
1307	1307	0.456	рюкзак-синий	3.5	3.6	снег-в-тени	0.389	42.4	1.0	-10.5	10.5	bbox	1306	189.0	189.0	189.0	1537,81,6,2	31.6			
1308	1308	1.522	рюкзак-синий	9.5	26.6	порода-в-тени	0.647	12.2	1.0	-4.5	4.6	bbox	1307	55.0	55.0	55.0	0,838,3,4	31.5			
1309	1309	0.526	рюкзак-синий	4.1	3.0	снег-в-тени	0.330	41.8	0.0	-10.0	10.0	bbox	1308	203.0	203.0	203.0	1886,917,3,4	31.5			
1310	1310	0.519	рюкзак-синий	4.0	3.9	снег-в-тени	0.333	42.7	1.0	-10.0	10.0	bbox	1309	214.0	214.0	214.0	1827,0,2,5	31.3			
1311	1311	0.468	рюкзак-синий	3.5	4.3	снег-в-тени	0.401	43.1	1.5	-10.5	10.6	bbox	1310	188.0	188.0	188.0	1894,547,3,4	31.2			
1312	1312	0.553	рюкзак-синий	4.0	6.6	снег-в-тени	0.625	32.2	1.0	-10.0	10.0	bbox	1311	243.0	242.0	243.0	199,785,4,4	31.2			
1313	1313	0.480	рюкзак-синий	3.2	7.6	снег-в-тени	0.745	31.2	2.0	-11.0	11.2	bbox	1312	266.0	266.0	266.0	186,596,4,3	31.0			
1314	1314	0.451	рюкзак-синий	2.8	7.8	снег-в-тени	0.867	31.0	3.0	-12.0	12.4	bbox	1313	157.0	156.0	157.0	960,211,3,3	30.8			
1315	1315	0.776	рюкзак-синий	6.1	4.3	снег-в-тени	0.167	43.1	0.0	-8.0	8.0	bbox	1314	195.0	195.0	195.0	101,447,4,4	30.8			
1316	1316	0.922	рюкзак-синий	5.6	16.8	снег-в-тени	0.925	22.0	0.0	-8.5	8.5	bbox	1315	10.0	9.0	10.0	152,1035,3,4	30.7			
1317	1317	1.715	рюкзак-синий	13.2	13.7	порода-в-тени	0.209	25.1	-1.0	-1.0	1.4	bbox	1316	139.0	139.0	139.0	161,13,4,2	30.7			
1318	1318	1.075	рюкзак-синий	8.6	0.4	снег-в-тени	1.816	39.2	6.0	-21.0	21.8	bbox	1317	12.0	12.0	12.0	1917,341,3,4	30.6			
1319	1319	0.538	рюкзак-синий	2.7	11.7	снег-в-тени	0.896	27.1	2.0	-11.5	11.7	bbox	1318	127.0	127.0	127.0	147,633,2,4	30.6			
1320	1320	0.626	рюкзак-синий	4.9	3.2	снег-в-тени	0.307	42.0	-1.0	-9.5	9.6	bbox	1319	186.0	186.0	186.0	1855,407,4,3	30.6			
1321	1321	0.988	рюкзак-синий	6.1	17.7	снег-в-тени	0.310	56.5	0.0	-8.0	8.0	bbox	1320	187.0	187.0	187.0	1613,47,4,3	30.6			
1322	1322	0.465	рюкзак-синий	2.7	9.0	снег-в-тени	0.817	29.8	2.0	-11.5	11.7	bbox	1321	228.0	228.0	228.0	1105,323,2,4	30.5			
1323	1323	1.121	рюкзак-синий	2.0	30.6	снег-в-тени	1.083	69.4	-1.0	-14.0	14.0	bbox	1322	41.0	41.0	41.0	878,716,3,3	30.4			
1324	1324	0.853	рюкзак-синий	6.0	11.3	снег-в-тени	0.737	27.5	1.0	-8.0	8.1	bbox	1323	244.0	244.0	244.0	133,1077,3,3	30.4			
1325	1325	1.435	рюкзак-синий	9.3	23.4	снег-в-тени	1.992	62.2	3.5	-23.0	23.3	bbox	1324	13.0	13.0	13.0	85,305,3,4	30.3			
1326	1326	0.743	рюкзак-синий	5.6	7.0	снег-в-тени	1.421	31.8	6.0	-16.5	17.6	bbox	1325	141.0	141.0	141.0	15,1078,4,2	30.3			
1327	1327	1.519	рюкзак-синий	10.0	23.9	порода-в-тени	0.655	14.9	2.0	-4.0	4.5	bbox	1326	149.0	149.0	149.0	1711,1017,2,6	30.3			
1328	1328	1.750	рюкзак-синий	6.5	43.4	снег-пересвеченный	0.938	82.2	1.5	-7.5	7.6	bbox	1327	22.0	22.0	22.0	1257,713,4,4	30.0			
1329	1329	1.053	стакан-марка-красная	5.0	23.7	порода-в-тени	1.150	26.1	7.0	-2.0	7.3	bbox	1328	27.0	27.0	27.0	1767,883,2,6	30.0			
1330	1330	0.944	рюкзак-синий	6.1	15.7	снег-в-тени	0.881	23.1	0.0	-8.0	8.0	bbox	1329	152.0	152.0	152.0	1804,179,3,4	30.0			
1331	1331	1.061	рюкзак-синий	7.3	15.3	порода-в-тени	0.769	23.5	-1.0	-7.0	7.1	bbox	1330	191.0	191.0	191.0	1872,707,3,3	30.0			
1332	1332	0.978	рюкзак-синий	7.1	11.7	снег-в-тени	0.751	27.1	0.0	-7.0	7.0	bbox	1331	198.0	198.0	198.0	516,1037,3,3	30.0			
1333	1333	1.217	рюкзак-синий	3.0	32.4	снег-в-тени	1.402	71.2	0.5	-17.0	17.0	bbox	1332	8.0	8.0	8.0	401,53,2,6	29.9			
1334	1334	1.521	рюкзак-синий	12.2	0.2	порода-в-тени	0.675	38.6	-1.0	-2.0	2.2	bbox	1333	76.0	76.0	76.0	1779,21,4,4	29.9			
1335	1335	0.876	рюкзак-синий	6.5	9.2	снег-в-тени	0.665	29.6	1.0	-7.5	7.6	bbox	1334	186.0	185.0	186.0	1756,514,4,4	29.9			
1336	1336	0.580	рюкзак-синий	4.5	4.3	снег-в-тени	1.271	34.5	5.0	-16.0	16.8	bbox	1335	51.0	51.0	51.0	405,257,3,3	29.6			
1337	1337	1.576	рюкзак-синий	12.2	11.5	порода-в-тени	0.302	27.3	-1.0	-2.0	2.2	bbox	1336	99.0	99.0	99.0	1781,219,4,2	29.6			
1338	1338	1.754	стакан-марка-красная	10.2	33.7	порода-в-тени	0.406	16.1	1.0	-1.0	1.4	bbox	1337	71.0	71.0	71.0	1911,545,6,2	29.4			
1339	1339	1.183	рюкзак-синий	8.2	16.3	порода-в-тени	0.642	22.5	-1.0	-6.0	6.1	bbox	1338	125.0	125.0	125.0	298,1063,2,4	29.4			
1340	1340	0.842	рюкзак-синий	6.7	1.4	снег-в-тени	1.536	40.2	6.0	-18.5	19.4	bbox	1339	55.0	55.0	55.0	1305,153,4,2	29.3			
1341	1341	1.581	рюкзак-синий	12.2	12.1	порода-в-тени	0.285	26.7	-1.0	-2.0	2.2	bbox	1340	142.0	142.0	142.0	977,59,2,4	29.3			
1342	1342	0.709	рюкзак-синий	2.5	17.8	снег-в-тени	1.293	21.0	3.5	-14.0	14.4	bbox	1341	38.0	38.0	38.0	1749,193,2,5	29.2			
1343	1343	1.558	рюкзак-синий	12.4	5.5	порода-в-тени	0.479	33.3	-2.0	-2.0	2.8	bbox	1342	94.0	94.0	94.0	741,33,4,2	29.2			
1344	1344	0.805	рюкзак-синий	6.0	8.2	снег-в-тени	0.627	30.6	1.0	-8.0	8.1	bbox	1343	231.0	231.0	231.0	1917,1063,3,3	29.2			
1345	1345	0.977	рюкзак-синий	2.5	25.9	снег-в-тени	1.122	64.7	-1.0	-15.5	15.5	bbox	1344	55.0	55.0	55.0	1821,1051,4,4	29.1			
1346	1346	1.024	рюкзак-синий	6.1	19.2	порода-в-тени	1.008	19.6	2.0	-8.0	8.2	bbox	1345	122.0	122.0	122.0	1354,915,3,3	29.1			
1347	1347	0.818	рюкзак-синий	4.9	15.1	снег-в-тени	1.209	23.7	5.5	-12.0	13.2	bbox	1346	138.0	138.0	138.0	29,919,4,2	29.0			
1348	1348	1.701	рюкзак-синий	11.0	27.8	порода-в-тени	0.488	11.0	0.0	-3.0	3.0	bbox	1347	143.0	143.0	143.0	596,257,3,3	29.0			
1349	1349	0.659	рюкзак-синий	5.1	4.7	снег-в-тени	0.197	43.5	0.0	-9.0	9.0	bbox	1348	197.0	197.0	197.0	153,281,5,2	29.0			
1350	1350	0.636	рюкзак-синий	5.0	2.7	снег-в-тени	0.441	36.1	0.5	-9.0	9.0	bbox	1349	158.0	158.0	158.0	1821,341,2,4	28.9			
1351	1351	0.929	рюкзак-синий	7.4	0.2	снег-в-тени	1.630	38.6	6.5	-19.0	20.1	bbox	1350	55.0	55.0	55.0	1395,49,4,2	28.8			
1352	1352	0.783	рюкзак-синий	4.0	16.9	снег-в-тени	0.397	55.7	1.0	-10.0	10.0	bbox	1351	244.0	244.0	244.0	1130,36,5,3	28.8			
1353	1353	1.123	рюкзак-синий	7.8	15.5	снег-в-тени	1.693	54.3	6.0	-20.0	20.9	bbox	1352	19.0	19.0	19.0	1401,431,4,2	28.7			
1354	1354	0.600	рюкзак-синий	1.4	16.1	снег-в-тени	1.276	22.7	2.0	-15.0	15.1	bbox	1353	46.0	46.0	46.0	1843,843,4,4	28.7			
1355	1355	1.739	рюкзак-синий	13.6	10.2	порода-в-тени	0.319	28.6	-3.0	-1.0	3.2	bbox	1354	137.0	137.0	137.0	201,85,4,2	28.7			
1356	1356	0.970	рюкзак-синий	6.1	16.9	снег-в-тени	0.282	55.7	0.0	-8.0	8.0	bbox	1355	153.0	153.0	153.0	1321,563,3,4	28.7			
1357	1357	1.497	рюкзак-синий	10.5	20.2	порода-в-тени	0.492	18.6	1.0	-3.5	3.6	bbox	1356	173.0	173.0	173.0	1226,1008,3,4	28.7			
1358	1358	0.708	рюкзак-синий	5.6	3.1	снег-в-тени	0.437	35.7	0.0	-8.5	8.5	bbox	1357	261.0	261.0	261.0	1883,0,2,4	28.7			
1359	1359	1.135	рюкзак-синий	7.0	20.2	порода-в-тени	0.815	18.6	0.5	-7.0	7.0	bbox	1358	24.0	24.0	24.0	232,937,3,4	28.6			
1360	1360	1.707	рюкзак-синий	13.2	11.7	порода-в-тени	0.246	27.1	-1.5	-1.0	1.8	bbox	1359	141.0	141.0	141.0	21,603,4,2	28.6			
1361	1361	0.942	рюкзак-синий	3.6	23.2	снег-в-тени	1.240	62.0	-1.0	-17.0	17.0	bbox	1360	15.0	15.0	15.0	0,38,3,3	28.5			
1362	1362	1.606	стакан-марка-красная	11.2	22.2	порода-в-тени	0.360	27.6	0.0	-1.0	1.0	bbox	1361	38.0	37.0	42.0	1877,957,2,4	28.5			
1363	1363	0.562	рюкзак-синий	2.0	14.1	снег-в-тени	0.973	24.7	1.0	-12.0	12.0	bbox	1362	57.0	57.0	57.0	1423,577,2,5	28.4			
1364	1364	0.715	рюкзак-синий	5.7	3.0	снег-в-тени	0.707	41.8	5.0	-10.0	11.2	bbox	1363	27.0	27.0	27.0	1745,721,2,4	28.3			
1365	1365	0.387	рюкзак-синий	3.0	2.7	снег-в-тени	0.576	36.1	1.0	-11.0	11.0	bbox	1364	113.0	113.0	113.0	135,855,2,4	28.2			
1366	1366	0.800	рюкзак-синий	6.0	7.8	снег-в-тени	0.614	31.0	1.0	-8.0	8.1	bbox	1365	156.0	156.0	156.0	1005,285,3,3	28.2			
1367	1367	1.138	рюкзак-синий	8.6	10.4	снег-в-тени	1.790	49.2	6.0	-21.0	21.8	bbox	1366	55.0	52.0	55.0	717,7,4,2	28.1			
1368	1368	0.647	рюкзак-синий	5.1	3.1	снег-в-тени	0.450	35.7	0.0	-9.0	9.0	bbox	1367	109.0	109.0	109.0	1690,660,3,3	28.0			
1369	1369	0.526	рюкзак-синий	4.0	4.5	снег-в-тени	0.322	43.3	1.0	-10.0	10.0	bbox	1368	198.0	197.0	198.0	277,465,4,3	28.0			
1370	1370	1.852	рюкзак-синий	4.5	49.4	снег-пересвеченный	0.956	88.2	-1.0	-10.0	10.0	bbox	1369	60.0	60.0	60.0	1382,193,3,3	27.9			
1371	1371	0.431	рюкзак-синий	3.0	5.7	снег-в-тени	0.961	44.5	4.0	-14.5	15.0	bbox	1370	84.0	84.0	84.0	1094,141,5,4	27.9			
1372	1372	0.808	рюкзак-синий	4.6	15.9	снег-в-тени	0.907	22.9	0.0	-9.5	9.5	bbox	1371	154.0	154.0	154.0	1839,1069,2,3	27.8			
1373	1373	0.773	рюкзак-синий	6.1	3.9	снег-в-тени	0.181	42.7	0.0	-8.0	8.0	bbox	1372	178.0	178.0	178.0	1869,750,4,3	27.8			
1374	1374	0.489	рюкзак-синий	3.5	5.9	снег-в-тени	0.644	32.9	1.5	-10.5	10.6	bbox	1373	226.0	226.0	226.0	867,233,2,4	27.8			
1375	1375	0.898	рюкзак-синий	5.0	18.1	снег-в-тени	0.369	56.9	1.0	-9.0	9.1	bbox	1374	280.0	280.0	280.0	639,575,6,2	27.8			
1376	1376	1.658	рюкзак-синий	1.0	46.3	снег-в-тени	1.599	85.1	1.0	-15.0	15.0	bbox	1375	20.0	20.0	20.0	741,1048,3,8	27.7			
1377	1377	1.565	рюкзак-синий	11.5	17.2	порода-в-тени	0.367	21.6	0.5	-2.5	2.5	bbox	1376	137.0	137.0	137.0	25,1009,4,2	27.7			
1378	1378	1.554	рюкзак-синий	12.4	4.5	порода-в-тени	0.512	34.3	-2.0	-2.0	2.8	bbox	1377	44.0	44.0	44.0	1901,223,4,2	27.6			
1379	1379	0.312	рюкзак-синий	2.1	4.9	снег-в-тени	1.012	43.7	0.5	-16.0	16.0	bbox	1378	75.0	75.0	75.0	115,851,2,4	27.6			
1380	1380	1.520	рюкзак-синий	12.1	4.5	порода-в-тени	0.546	34.3	-0.5	-2.0	2.1	bbox	1379	90.0	90.0	90.0	1681,329,2,4	27.6			
1381	1381	1.516	рюкзак-синий	6.0	36.9	снег-в-тени	1.004	75.7	1.0	-8.0	8.1	bbox	1380	24.0	24.0	24.0	1473,977,3,3	27.5			
1382	1382	0.805	рюкзак-синий	4.0	17.7	снег-в-тени	0.417	56.5	1.0	-10.0	10.0	bbox	1381	153.0	153.0	153.0	1109,612,8,3	27.5			
1383	1383	0.658	рюкзак-синий	5.1	4.5	снег-в-тени	0.203	43.3	0.0	-9.0	9.0	bbox	1382	191.0	191.0	191.0	1917,853,3,4	27.5			
1384	1384	1.582	рюкзак-синий	8.1	34.1	снег-освещённый	0.810	72.9	0.0	-6.0	6.0	bbox	1383	7.0	7.0	7.0	1262,743,3,3	27.4			
1385	1385	1.738	стакан-марка-красная	10.6	31.4	порода-охристая	1.284	18.4	3.0	8.0	8.5	bbox	1384	293.0	293.0	293.0	929,715,2,6	27.4			
1386	1386	0.944	рюкзак-синий	1.5	25.9	снег-в-тени	1.122	64.7	1.0	-15.5	15.5	bbox	1385	6.0	6.0	6.0	421,437,4,4	27.3			
1387	1387	1.178	рюкзак-синий	5.4	27.1	снег-в-тени	0.670	65.9	-1.0	-9.0	9.1	bbox	1386	42.0	42.0	43.0	1866,1065,3,3	27.3			
1388	1388	1.076	рюкзак-синий	8.6	3.1	снег-в-тени	0.534	35.7	0.0	-5.5	5.5	bbox	1387	84.0	84.0	84.0	933,143,4,2	27.3			
1389	1389	0.380	рюкзак-синий	1.5	9.2	снег-в-тени	0.813	48.0	2.5	-14.0	14.2	bbox	1388	154.0	154.0	154.0	1865,101,8,2	27.3			
1390	1390	0.403	рюкзак-синий	3.2	2.1	снег-в-тени	1.083	36.7	4.0	-15.0	15.5	bbox	1389	163.0	163.0	163.0	1581,133,4,2	27.3			
1391	1391	0.702	рюкзак-синий	5.1	8.2	снег-в-тени	0.675	30.6	2.0	-9.0	9.2	bbox	1390	192.0	192.0	192.0	1061,295,2,4	27.3			
1392	1392	0.647	рюкзак-синий	5.0	4.3	снег-в-тени	0.217	43.1	0.5	-9.0	9.0	bbox	1391	197.0	197.0	197.0	17,331,6,2	27.3			
1393	1393	0.580	рюкзак-синий	4.0	8.2	снег-в-тени	1.154	30.6	5.0	-14.0	14.9	bbox	1392	97.0	97.0	97.0	1643,63,2,4	27.2			
1394	1394	0.722	рюкзак-синий	3.0	17.3	снег-в-тени	0.494	56.1	1.0	-11.0	11.0	bbox	1393	114.0	114.0	114.0	1425,12,2,5	27.2			
1395	1395	1.844	стакан-марка-красная	12.0	30.0	порода-в-тени	0.226	19.8	-1.0	0.5	1.1	bbox	1394	137.0	137.0	137.0	125,749,2,4	27.2			
1396	1396	1.363	рюкзак-синий	9.0	21.5	порода-в-тени	0.635	17.3	1.0	-5.0	5.1	bbox	1395	152.0	152.0	152.0	1117,1011,4,3	27.2			
1397	1397	0.646	рюкзак-синий	5.1	3.0	снег-в-тени	0.249	41.8	0.0	-9.0	9.0	bbox	1396	189.0	189.0	189.0	1843,937,2,5	27.2			
1398	1398	0.547	рюкзак-синий	4.1	5.1	снег-в-тени	0.286	43.9	0.0	-10.0	10.0	bbox	1397	190.0	190.0	190.0	65,11,2,6	27.2			
1399	1399	0.392	рюкзак-синий	3.0	3.2	снег-в-тени	0.925	42.0	4.0	-14.0	14.6	bbox	1398	217.0	217.0	220.0	1545,781,2,4	27.2			
1400	1400	1.388	рюкзак-синий	11.1	0.8	порода-в-тени	0.703	38.0	-0.5	-3.0	3.0	bbox	1399	98.0	98.0	98.0	1381,17,4,2	27.1			
1401	1401	0.549	рюкзак-синий	4.1	5.3	снег-в-тени	0.282	44.1	0.0	-10.0	10.0	bbox	1400	132.0	132.0	133.0	1797,140,4,3	27.1			
1402	1402	1.368	рюкзак-синий	9.7	17.7	снег-в-тени	1.998	56.5	3.0	-23.5	23.7	bbox	1401	8.0	8.0	8.0	191,809,2,4	27.0			
1403	1403	1.428	рюкзак-синий	9.9	20.0	снег-в-тени	1.445	18.8	8.0	-7.0	10.6	bbox	1402	27.0	27.0	27.0	1795,828,3,3	27.0			
1404	1404	1.613	рюкзак-синий	12.0	16.6	порода-в-тени	0.400	22.2	1.0	-2.0	2.2	bbox	1403	90.0	90.0	90.0	1601,399,4,2	27.0			
1405	1405	1.532	рюкзак-синий	12.2	5.1	снег-в-тени	0.773	43.9	-1.0	-2.0	2.2	bbox	1404	4.0	4.0	4.0	1333,167,4,2	26.9			
1406	1406	0.986	рюкзак-синий	6.0	17.8	снег-в-тени	1.159	21.0	5.0	-9.5	10.7	bbox	1405	26.0	26.0	26.0	1899,689,2,6	26.9			
1407	1407	0.704	рюкзак-синий	5.6	2.4	снег-в-тени	0.245	41.2	0.0	-8.5	8.5	bbox	1406	183.0	183.0	183.0	1851,687,2,5	26.8			
1408	1408	0.442	рюкзак-синий	2.8	7.4	снег-в-тени	0.857	31.4	3.0	-12.0	12.4	bbox	1407	192.0	192.0	192.0	203,9,4,2	26.8			
1409	1409	0.594	рюкзак-синий	4.7	1.2	снег-в-тени	0.413	37.6	-0.5	-9.5	9.5	bbox	1408	250.0	250.0	250.0	95,257,4,2	26.8			
1410	1410	1.058	рюкзак-синий	3.2	27.5	снег-в-тени	0.759	66.3	0.0	-11.0	11.0	bbox	1409	281.0	281.0	281.0	374,377,3,8	26.7			
1411	1411	1.202	рюкзак-синий	8.1	18.3	снег-в-тени	1.791	57.1	4.0	-21.5	21.9	bbox	1410	11.0	11.0	11.0	213,393,4,2	26.6			
1412	1412	0.986	рюкзак-синий	6.4	16.3	снег-в-тени	1.504	55.1	5.5	-18.5	19.3	bbox	1411	22.0	22.0	22.0	119,409,4,2	26.6			
1413	1413	1.643	стакан-марка-красная	10.2	29.0	порода-в-тени	0.375	20.8	1.0	-1.0	1.4	bbox	1412	71.0	71.0	71.0	1805,431,4,4	26.6			
1414	1414	0.256	рюкзак-синий	2.0	1.5	снег-в-тени	0.638	37.3	1.0	-12.0	12.0	bbox	1413	138.0	138.0	138.0	1806,0,3,3	26.6			
1415	1415	1.768	рюкзак-синий	13.3	16.4	порода-в-тени	0.070	22.4	-2.0	-1.0	2.2	bbox	1414	141.0	141.0	141.0	23,537,2,4	26.6			
1416	1416	0.525	рюкзак-синий	4.0	4.1	снег-в-тени	0.311	42.9	0.5	-10.0	10.0	bbox	1415	174.0	174.0	175.0	219,299,4,4	26.6			
1417	1417	0.940	рюкзак-синий	6.1	15.5	снег-в-тени	0.909	23.3	2.0	-8.0	8.2	bbox	1416	179.0	177.0	179.0	1467,421,2,4	26.6			
1418	1418	1.124	рюкзак-синий	8.0	14.3	порода-в-тени	0.714	24.5	0.5	-6.0	6.0	bbox	1417	224.0	224.0	224.0	701,1045,4,2	26.6			
1419	1419	1.414	рюкзак-синий	11.3	2.8	снег-в-тени	0.689	41.6	-1.5	-3.0	3.4	bbox	1418	25.0	25.0	25.0	1465,453,4,2	26.5			
1420	1420	1.427	рюкзак-синий	11.2	8.0	порода-в-тени	0.464	30.8	-1.0	-3.0	3.2	bbox	1419	83.0	83.0	83.0	1019,177,4,2	26.5			
1421	1421	0.829	рюкзак-синий	5.0	15.3	снег-в-тени	0.885	23.5	1.0	-9.0	9.1	bbox	1420	182.0	182.0	185.0	380,80,3,3	26.5			
1422	1422	1.332	рюкзак-синий	9.9	14.1	снег-в-тени	1.970	52.9	6.0	-22.5	23.3	bbox	1421	14.0	14.0	14.0	159,271,4,4	26.4			
1423	1423	0.931	рюкзак-синий	6.5	12.7	снег-в-тени	0.788	26.1	1.0	-7.5	7.6	bbox	1422	199.0	199.0	200.0	1513,831,4,4	26.4			
1424	1424	1.110	рюкзак-синий	6.4	21.5	снег-в-тени	1.263	17.3	5.0	-9.0	10.3	bbox	1423	9.0	9.0	9.0	680,912,3,3	26.3			
1425	1425	0.808	рюкзак-синий	6.3	4.7	снег-в-тени	0.197	43.5	-1.0	-8.0	8.1	bbox	1424	166.0	166.0	166.0	1361,29,6,2	26.3			
1426	1426	0.519	рюкзак-синий	4.0	3.9	снег-в-тени	0.333	42.7	1.0	-10.0	10.0	bbox	1425	194.0	194.0	194.0	1690,47,5,2	26.3			
1427	1427	1.114	рюкзак-синий	8.1	13.3	порода-в-тени	0.697	25.5	0.0	-6.0	6.0	bbox	1426	247.0	247.0	247.0	728,1069,3,3	26.3			
1428	1428	1.581	рюкзак-синий	11.0	21.5	порода-в-тени	0.371	17.3	0.0	-3.0	3.0	bbox	1427	41.0	41.0	41.0	1715,505,2,4	26.2			
1429	1429	0.466	рюкзак-синий	3.5	4.1	снег-в-тени	0.404	42.9	1.5	-10.5	10.6	bbox	1428	186.0	186.0	186.0	163,162,2,5	26.2			
1430	1430	0.502	рюкзак-синий	2.0	12.2	снег-в-тени	1.014	51.0	1.0	-16.0	16.0	bbox	1429	50.0	50.0	50.0	1677,158,4,3	26.1			
1431	1431	1.566	рюкзак-синий	2.5	43.0	снег-в-тени	1.617	81.8	1.0	-16.5	16.5	bbox	1430	9.0	9.0	11.0	1483,519,2,4	26.0			
1432	1432	1.499	стакан-марка-красная	11.8	8.0	порода-в-тени	0.788	41.8	-0.5	-1.5	1.6	bbox	1431	6.0	6.0	6.0	1765,693,4,2	25.9			
1433	1433	1.761	стакан-марка-красная	11.2	30.0	порода-в-тени	0.251	19.8	0.0	-1.0	1.0	bbox	1432	91.0	91.0	91.0	1169,383,2,4	25.9			
1434	1434	1.347	рюкзак-синий	8.5	23.0	снег-в-тени	0.611	61.8	-2.0	-6.0	6.3	bbox	1433	147.0	147.0	147.0	53,0,4,2	25.9			
1435	1435	0.547	рюкзак-синий	4.1	5.1	снег-в-тени	0.286	43.9	0.0	-10.0	10.0	bbox	1434	218.0	218.0	218.0	37,173,3,3	25.9			
1436	1436	1.655	рюкзак-синий	12.5	14.9	порода-в-тени	0.287	23.9	0.0	-1.5	1.5	bbox	1435	92.0	92.0	92.0	1445,373,4,4	25.8			
1437	1437	0.932	рюкзак-синий	3.0	23.9	снег-в-тени	1.240	14.9	1.0	-11.0	11.0	bbox	1436	96.0	96.0	96.0	1666,1009,3,4	25.8			
1438	1438	1.194	рюкзак-синий	8.2	16.9	снег-в-тени	0.397	55.7	-1.0	-6.0	6.1	bbox	1437	141.0	141.0	141.0	1293,205,3,5	25.8			
1439	1439	0.701	рюкзак-синий	3.6	14.9	снег-в-тени	1.062	53.7	4.5	-15.0	15.7	bbox	1438	6.0	6.0	6.0	1076,341,5,2	25.7			
1440	1440	0.808	рюкзак-синий	6.0	8.4	снег-в-тени	0.634	30.4	1.0	-8.0	8.1	bbox	1439	156.0	156.0	156.0	1173,420,2,4	25.7			
1441	1441	1.584	рюкзак-синий	11.0	21.9	порода-в-тени	0.519	16.9	1.5	-3.0	3.4	bbox	1440	141.0	141.0	141.0	141,517,4,2	25.6			
1442	1442	0.811	рюкзак-синий	6.3	5.1	снег-в-тени	0.187	43.9	-1.0	-8.0	8.1	bbox	1441	165.0	165.0	165.0	69,299,3,3	25.6			
1443	1443	0.882	рюкзак-синий	6.3	11.0	снег-в-тени	0.724	27.8	-1.0	-8.0	8.1	bbox	1442	187.0	187.0	188.0	75,829,3,3	25.6			
1444	1444	0.528	рюкзак-синий	4.0	4.7	снег-в-тени	0.318	43.5	1.0	-10.0	10.0	bbox	1443	213.0	213.0	213.0	873,87,2,4	25.6			
1445	1445	1.597	рюкзак-синий	12.4	11.2	порода-в-тени	0.287	27.6	-2.0	-2.0	2.8	bbox	1444	91.0	91.0	91.0	1321,359,4,2	25.5			
1446	1446	0.547	рюкзак-синий	4.3	3.4	снег-в-тени	1.145	42.2	5.0	-15.5	16.3	bbox	1445	153.0	153.0	153.0	1688,55,5,2	25.5			
1447	1447	0.705	рюкзак-синий	4.7	10.8	снег-в-тени	1.234	49.6	5.0	-16.5	17.2	bbox	1446	55.0	55.0	55.0	261,431,2,4	25.4			
1448	1448	1.571	стакан-марка-красная	10.7	23.1	порода-в-тени	0.384	26.7	0.5	-1.0	1.1	bbox	1447	71.0	71.0	71.0	1905,323,2,4	25.4			
1449	1449	0.867	рюкзак-синий	4.5	18.5	снег-в-тени	0.406	57.3	1.0	-9.5	9.6	bbox	1448	140.0	140.0	140.0	1214,227,2,4	25.4			
1450	1450	0.521	рюкзак-синий	4.0	4.1	снег-в-тени	0.329	42.9	1.0	-10.0	10.0	bbox	1449	166.0	166.0	166.0	125,587,4,4	25.4			
1451	1451	0.379	рюкзак-синий	1.0	10.0	снег-в-тени	0.751	48.8	0.0	-14.0	14.0	bbox	1450	200.0	200.0	200.0	148,843,3,4	25.4			
1452	1452	0.659	рюкзак-синий	5.1	4.7	снег-в-тени	0.563	34.1	2.0	-9.0	9.2	bbox	1451	209.0	209.0	211.0	1381,189,3,3	25.4			
1453	1453	1.962	стакан-марка-красная	11.0	39.0	порода-в-тени	0.567	10.8	0.0	2.0	2.0	bbox	1452	292.0	292.0	292.0	993,899,2,4	25.4			
1454	1454	1.251	рюкзак-синий	8.5	18.4	порода-в-тени	0.643	20.4	0.5	-5.5	5.5	bbox	1453	141.0	141.0	141.0	247,765,2,4	25.3			
1455	1455	0.837	рюкзак-синий	6.1	9.8	снег-в-тени	0.671	29.0	0.0	-8.0	8.0	bbox	1454	199.0	199.0	199.0	1893,957,2,4	25.3			
1456	1456	0.561	рюкзак-синий	3.6	9.2	снег-в-тени	0.763	29.6	2.0	-10.5	10.7	bbox	1455	148.0	148.0	148.0	1551,1076,2,4	25.2			
1457	1457	0.688	рюкзак-синий	5.4	3.9	снег-в-тени	0.253	42.7	-1.0	-9.0	9.1	bbox	1456	176.0	176.0	176.0	1919,1046,1,7	25.2			
1458	1458	0.644	рюкзак-синий	4.5	8.6	снег-в-тени	0.682	30.2	1.5	-9.5	9.6	bbox	1457	268.0	266.0	268.0	903,457,3,2	25.2			
1459	1459	0.875	рюкзак-синий	6.6	8.4	снег-в-тени	0.625	30.4	0.0	-7.5	7.5	bbox	1458	71.0	71.0	71.0	1621,159,4,2	25.1			
1460	1460	1.504	рюкзак-синий	11.0	17.0	порода-в-тени	0.453	21.8	1.0	-3.0	3.2	bbox	1459	96.0	96.0	96.0	1339,263,4,2	25.1			
1461	1461	0.696	рюкзак-синий	5.0	8.6	снег-в-тени	0.653	30.2	1.0	-9.0	9.1	bbox	1460	226.0	226.0	226.0	1298,683,3,3	25.1			
1462	1462	1.389	рюкзак-синий	8.5	25.1	снег-в-тени	1.830	63.9	7.0	-20.0	21.2	bbox	1461	22.0	22.0	22.0	539,457,4,2	25.0			
1463	1463	0.888	рюкзак-синий	5.0	17.7	снег-в-тени	0.357	56.5	1.0	-9.0	9.1	bbox	1462	141.0	141.0	141.0	1330,93,3,3	24.9			
1464	1464	1.716	рюкзак-синий	11.5	26.3	порода-в-тени	0.504	12.5	1.0	-2.5	2.7	bbox	1463	141.0	141.0	141.0	141,781,2,4	24.9			
1465	1465	1.448	рюкзак-синий	4.0	38.1	снег-в-тени	1.075	76.9	1.0	-10.0	10.0	bbox	1464	7.0	7.0	7.0	1216,695,3,3	24.7			
1466	1466	1.023	рюкзак-синий	5.7	20.6	снег-в-тени	1.298	18.2	5.5	-10.5	11.9	bbox	1465	138.0	137.0	138.0	521,973,2,4	24.7			
1467	1467	0.951	рюкзак-синий	5.0	20.0	снег-в-тени	1.044	18.8	0.5	-9.0	9.0	bbox	1466	45.0	45.0	45.0	1767,915,2,4	24.6			
1468	1468	0.773	рюкзак-синий	6.1	3.9	снег-в-тени	0.181	42.7	0.0	-8.0	8.0	bbox	1467	157.0	157.0	157.0	1915,399,5,2	24.6			
1469	1469	0.231	рюкзак-синий	1.6	3.4	снег-в-тени	0.601	42.2	0.5	-12.5	12.5	bbox	1468	166.0	166.0	166.0	1713,655,2,6	24.6			
1470	1470	1.027	рюкзак-синий	7.3	13.3	порода-в-тени	0.782	25.5	-1.0	-7.0	7.1	bbox	1469	102.0	102.0	102.0	1306,986,3,3	24.5			
1471	1471	0.386	рюкзак-синий	3.0	2.6	снег-в-тени	0.457	41.4	1.0	-11.0	11.0	bbox	1470	250.0	250.0	250.0	1825,469,4,2	24.5			
1472	1472	1.597	рюкзак-синий	12.7	6.1	порода-в-тени	0.463	32.7	-1.0	-1.5	1.8	bbox	1471	60.0	60.0	60.0	349,827,4,2	24.4			
1473	1473	1.575	рюкзак-синий	10.0	26.8	порода-в-тени	0.610	12.0	1.0	-4.0	4.1	bbox	1472	140.0	140.0	140.0	1495,1069,4,2	24.4			
1474	1474	0.580	рюкзак-синий	4.5	3.6	снег-в-тени	0.277	42.4	0.5	-9.5	9.5	bbox	1473	214.0	214.0	214.0	943,177,2,4	24.4			
1475	1475	0.833	рюкзак-синий	6.0	10.2	снег-в-тени	0.696	28.6	1.0	-8.0	8.1	bbox	1474	230.0	230.0	230.0	1719,908,3,2	24.4			
1476	1476	0.833	рюкзак-синий	4.7	16.5	снег-в-тени	1.261	55.3	5.0	-16.5	17.2	bbox	1475	57.0	57.0	57.0	341,179,4,2	24.3			
1477	1477	0.519	рюкзак-синий	4.0	3.9	снег-в-тени	0.333	42.7	1.0	-10.0	10.0	bbox	1476	132.0	132.0	132.0	1843,478,3,3	24.3			
1478	1478	0.955	рюкзак-синий	7.0	10.6	снег-в-тени	0.713	28.2	0.5	-7.0	7.0	bbox	1477	160.0	160.0	160.0	1445,709,2,4	24.3			
1479	1479	0.739	рюкзак-синий	3.2	17.5	снег-в-тени	1.052	56.3	4.0	-15.0	15.5	bbox	1478	57.0	57.0	57.0	249,87,4,2	24.2			
1480	1480	0.804	рюкзак-синий	6.3	4.1	снег-в-тени	0.214	42.9	-1.0	-8.0	8.1	bbox	1479	146.0	146.0	146.0	241,241,4,2	24.2			
1481	1481	0.892	рюкзак-синий	5.0	17.8	снег-в-тени	0.974	21.0	1.0	-9.0	9.1	bbox	1480	181.0	180.0	181.0	1880,1047,2,3	24.2			
1482	1482	0.602	рюкзак-синий	3.2	12.7	снег-в-тени	0.862	26.1	0.0	-11.0	11.0	bbox	1481	128.0	128.0	128.0	1875,838,2,3	24.1			
1483	1483	1.529	рюкзак-синий	8.1	32.2	снег-освещённый	0.837	71.0	0.0	-6.0	6.0	bbox	1482	8.0	8.0	8.0	999,497,2,3	24.0			
1484	1484	1.648	стакан-марка-красная	11.6	22.0	порода-в-тени	0.331	27.8	-0.5	-0.5	0.7	bbox	1483	38.0	38.0	38.0	1789,781,4,2	24.0			
1485	1485	0.851	рюкзак-синий	6.4	8.1	снег-в-тени	1.458	46.9	6.0	-18.0	19.0	bbox	1484	60.0	60.0	60.0	1349,277,3,2	23.9			
1486	1486	1.049	рюкзак-синий	6.7	17.7	снег-в-тени	0.398	56.5	-2.0	-8.0	8.2	bbox	1485	179.0	179.0	179.0	1318,705,3,3	23.9			
1487	1487	0.526	рюкзак-синий	4.0	4.5	снег-в-тени	0.322	43.3	1.0	-10.0	10.0	bbox	1486	195.0	195.0	195.0	74,131,5,2	23.9			
1488	1488	1.775	стакан-марка-красная	11.1	31.0	порода-в-тени	0.264	18.8	0.0	-0.5	0.5	bbox	1487	72.0	72.0	72.0	1773,23,4,2	23.7			
1489	1489	0.674	рюкзак-синий	5.4	1.0	снег-в-тени	1.300	37.8	6.0	-16.0	17.1	bbox	1488	139.0	139.0	139.0	821,103,4,2	23.7			
1490	1490	0.841	рюкзак-синий	6.7	0.2	снег-в-тени	1.547	38.6	6.0	-18.5	19.4	bbox	1489	10.0	10.0	10.0	505,430,2,3	23.5			
1491	1491	1.181	рюкзак-синий	8.6	13.7	снег-в-тени	1.112	25.1	6.0	-7.0	9.2	bbox	1490	14.0	14.0	14.0	329,951,5,2	23.5			
1492	1492	1.849	стакан-марка-красная	10.6	36.1	порода-в-тени	0.398	13.7	0.5	-0.5	0.7	bbox	1491	138.0	138.0	138.0	237,1047,4,2	23.5			
1493	1493	0.427	рюкзак-синий	2.2	9.0	снег-в-тени	1.031	47.8	2.0	-16.0	16.1	bbox	1492	198.0	198.0	198.0	99,843,2,4	23.4			
1494	1494	1.075	рюкзак-синий	6.7	18.8	снег-в-тени	0.431	57.6	-2.0	-8.0	8.2	bbox	1493	53.0	53.0	53.0	1350,435,3,3	23.2			
1495	1495	0.791	рюкзак-синий	6.0	7.0	снег-в-тени	0.586	31.8	1.0	-8.0	8.1	bbox	1494	157.0	157.0	157.0	1514,765,3,3	23.2			
1496	1496	0.661	рюкзак-синий	4.7	8.2	снег-в-тени	0.715	30.6	2.5	-9.5	9.8	bbox	1495	226.0	226.0	226.0	832,649,2,3	23.2			
1497	1497	0.753	рюкзак-синий	5.6	7.8	снег-в-тени	0.604	31.0	0.0	-8.5	8.5	bbox	1496	230.0	230.0	230.0	376,175,3,2	23.2			
1498	1498	1.109	рюкзак-синий	2.8	29.4	снег-в-тени	1.244	68.2	-1.0	-16.0	16.0	bbox	1497	25.0	25.0	25.0	81,77,4,2	23.1			
1499	1499	0.864	рюкзак-синий	5.2	15.9	снег-в-тени	0.899	22.9	-0.5	-9.0	9.0	bbox	1498	136.0	136.0	136.0	1855,1067,2,3	23.1			
1500	1500	1.012	рюкзак-синий	7.8	8.0	снег-в-тени	0.648	30.8	-1.0	-6.5	6.6	bbox	1499	202.0	202.0	202.0	202,995,3,2	23.1			
1501	1501	0.389	рюкзак-синий	0.7	10.6	снег-в-тени	0.836	49.4	1.5	-14.5	14.6	bbox	1500	177.0	177.0	177.0	121,847,4,2	22.9			
1502	1502	0.865	рюкзак-синий	4.3	19.0	снег-в-тени	0.442	57.8	-0.5	-10.0	10.0	bbox	1501	189.0	189.0	189.0	1863,317,2,4	22.9			
1503	1503	0.822	рюкзак-синий	2.7	21.0	снег-в-тени	0.992	59.8	-1.5	-15.0	15.1	bbox	1502	45.0	44.0	45.0	1887,1051,2,4	22.8			
1504	1504	0.996	рюкзак-синий	7.0	13.3	снег-в-тени	0.816	25.5	1.0	-7.0	7.1	bbox	1503	173.0	173.0	176.0	1324,1009,3,3	22.7			
1505	1505	1.264	рюкзак-синий	6.3	27.6	порода-в-тени	0.943	11.2	-1.0	-8.0	8.1	bbox	1504	54.0	54.0	54.0	267,1001,3,2	22.6			
1506	1506	1.481	рюкзак-синий	10.0	21.9	порода-в-тени	0.638	16.9	2.0	-4.0	4.5	bbox	1505	151.0	151.0	151.0	1815,712,3,3	22.6			
1507	1507	0.630	рюкзак-синий	5.0	2.2	снег-в-тени	1.310	41.0	5.0	-17.0	17.7	bbox	1506	28.0	28.0	28.0	275,103,3,2	22.5			
1508	1508	1.100	рюкзак-синий	4.9	25.5	снег-в-тени	0.631	64.3	-1.0	-9.5	9.6	bbox	1507	43.0	43.0	43.0	1721,979,2,4	22.5			
1509	1509	0.852	рюкзак-синий	4.1	19.0	снег-в-тени	1.061	19.8	2.0	-10.0	10.2	bbox	1508	153.0	153.0	153.0	1873,249,3,2	22.5			
1510	1510	1.136	рюкзак-синий	3.0	30.0	снег-в-тени	0.849	68.8	1.0	-11.0	11.0	bbox	1509	281.0	281.0	281.0	529,217,4,2	22.5			
1511	1511	1.013	рюкзак-синий	7.5	10.8	снег-в-тени	0.985	28.0	5.5	-8.0	9.7	bbox	1510	7.0	7.0	7.0	1729,739,4,2	22.3			
1512	1512	0.653	рюкзак-синий	5.2	0.6	снег-в-тени	0.331	39.4	-0.5	-9.0	9.0	bbox	1511	139.0	139.0	139.0	1903,309,2,4	22.3			
1513	1513	0.841	рюкзак-синий	5.4	14.1	снег-в-тени	0.844	24.7	-1.0	-9.0	9.1	bbox	1512	279.0	279.0	279.0	61,1077,2,3	22.3			
1514	1514	1.135	рюкзак-синий	2.0	31.0	снег-в-тени	1.093	69.8	-1.0	-14.0	14.0	bbox	1513	44.0	44.0	44.0	1033,819,3,2	22.2			
1515	1515	0.349	рюкзак-синий	2.2	5.9	снег-в-тени	0.771	32.9	2.0	-12.0	12.2	bbox	1514	157.0	157.0	157.0	63,396,3,3	22.2			
1516	1516	0.537	рюкзак-синий	4.0	5.5	снег-в-тени	0.306	44.3	1.0	-10.0	10.0	bbox	1515	250.0	250.0	250.0	37,244,3,3	22.2			
1517	1517	0.649	рюкзак-синий	3.2	14.3	снег-в-тени	1.012	24.5	3.0	-11.5	11.9	bbox	1516	251.0	251.0	251.0	1467,479,2,3	22.2			
1518	1518	0.767	рюкзак-синий	5.1	11.9	снег-в-тени	0.798	26.9	2.0	-9.0	9.2	bbox	1517	159.0	159.0	159.0	1876,581,2,3	22.1			
1519	1519	0.772	рюкзак-синий	6.1	3.7	снег-в-тени	0.188	42.5	0.0	-8.0	8.0	bbox	1518	166.0	166.0	166.0	1445,78,4,3	22.1			
1520	1520	0.737	рюкзак-синий	5.5	7.4	снег-в-тени	0.603	31.4	1.0	-8.5	8.6	bbox	1519	272.0	272.0	272.0	1602,713,2,3	22.1			
1521	1521	0.673	рюкзак-синий	5.1	6.1	снег-в-тени	0.552	32.7	0.0	-9.0	9.0	bbox	1520	48.0	48.0	48.0	1291,913,2,4	22.0			
1522	1522	1.338	рюкзак-синий	8.5	22.7	порода-в-тени	0.729	16.1	1.5	-5.5	5.7	bbox	1521	170.0	170.0	170.0	210,1049,3,2	22.0			
1523	1523	1.120	рюкзак-синий	8.0	14.1	порода-в-тени	0.745	24.7	1.0	-6.0	6.1	bbox	1522	179.0	179.0	179.0	1643,715,3,2	22.0			
1524	1524	0.454	рюкзак-синий	2.5	9.2	снег-в-тени	1.010	48.0	3.0	-15.5	15.8	bbox	1523	196.0	196.0	196.0	1673,685,2,4	22.0			
1525	1525	1.178	рюкзак-синий	6.7	23.2	снег-в-тени	0.564	62.0	-2.0	-8.0	8.2	bbox	1524	43.0	43.0	43.0	1917,1041,3,2	21.9			
1526	1526	0.466	рюкзак-синий	3.6	3.4	снег-в-тени	1.136	42.2	4.0	-16.0	16.5	bbox	1525	46.0	46.0	46.0	1657,513,4,2	21.8			
1527	1527	1.053	рюкзак-синий	7.4	13.9	порода-в-тени	0.770	24.9	-1.5	-7.0	7.2	bbox	1526	225.0	225.0	225.0	839,991,3,2	21.8			
1528	1528	0.727	рюкзак-синий	5.5	6.6	снег-в-тени	0.576	32.2	1.0	-8.5	8.6	bbox	1527	265.0	265.0	265.0	21,480,3,2	21.8			
1529	1529	0.991	рюкзак-синий	7.8	4.7	снег-в-тени	1.684	43.5	6.0	-20.0	20.9	bbox	1528	7.0	7.0	7.0	1057,187,2,3	21.7			
1530	1530	0.553	рюкзак-синий	4.0	6.6	снег-в-тени	0.625	32.2	1.0	-10.0	10.0	bbox	1529	253.0	253.0	253.0	850,757,3,3	21.6			
1531	1531	1.122	рюкзак-синий	2.8	29.8	снег-в-тени	1.253	68.6	-1.0	-16.0	16.0	bbox	1530	26.0	26.0	26.0	9,33,4,2	21.5			
1532	1532	0.980	рюкзак-синий	7.3	10.2	снег-в-тени	0.707	28.6	-1.0	-7.0	7.1	bbox	1531	161.0	161.0	161.0	93,1077,2,3	21.5			
1533	1533	1.483	рюкзак-синий	8.9	27.6	порода-в-тени	0.947	11.2	3.5	-5.5	6.5	bbox	1532	164.0	164.0	165.0	59,1078,3,2	21.5			
1534	1534	0.525	рюкзак-синий	4.1	2.8	снег-в-тени	0.335	41.6	0.0	-10.0	10.0	bbox	1533	173.0	173.0	173.0	1821,343,4,2	21.5			
1535	1535	1.013	рюкзак-синий	6.0	19.0	порода-в-тени	0.929	19.8	0.5	-8.0	8.0	bbox	1534	178.0	178.0	178.0	1886,866,3,2	21.5			
1536	1536	1.605	рюкзак-синий	7.6	36.3	снег-освещённый	0.847	75.1	0.0	-6.5	6.5	bbox	1535	10.0	10.0	10.0	1220,463,3,2	21.4			
1537	1537	0.984	рюкзак-синий	6.1	17.5	снег-в-тени	0.303	56.3	0.0	-8.0	8.0	bbox	1536	183.0	183.0	183.0	1606,4,3,4	21.4			
1538	1538	0.813	рюкзак-синий	6.0	8.6	снег-в-тени	0.656	30.2	1.5	-8.0	8.1	bbox	1537	245.0	245.0	245.0	1230,463,3,2	21.4			
1539	1539	1.196	рюкзак-синий	3.2	31.6	снег-в-тени	0.890	70.4	0.0	-11.0	11.0	bbox	1538	282.0	282.0	282.0	779,57,4,2	21.4			
1540	1540	0.489	рюкзак-синий	3.9	0.6	снег-в-тени	1.244	39.4	3.5	-17.0	17.4	bbox	1539	7.0	7.0	7.0	785,505,3,2	21.3			
1541	1541	1.573	рюкзак-синий	11.0	21.3	порода-в-тени	0.414	17.5	0.5	-3.0	3.0	bbox	1540	149.0	149.0	149.0	1527,673,2,4	21.3			
1542	1542	0.807	рюкзак-синий	6.3	4.5	снег-в-тени	0.203	43.3	-1.0	-8.0	8.1	bbox	1541	175.0	175.0	175.0	1729,255,4,2	21.3			
1543	1543	0.532	рюкзак-синий	4.0	5.1	снег-в-тени	0.312	43.9	1.0	-10.0	10.0	bbox	1542	73.0	73.0	73.0	237,908,3,3	21.2			
1544	1544	0.396	рюкзак-синий	2.2	7.9	снег-в-тени	0.953	46.7	3.0	-15.0	15.3	bbox	1543	123.0	123.0	123.0	1673,679,4,2	21.2			
1545	1545	1.333	рюкзак-синий	2.5	36.3	снег-в-тени	1.398	75.1	-0.5	-16.0	16.0	bbox	1544	8.0	8.0	8.0	1705,477,2,4	21.0			
1546	1546	1.426	рюкзак-синий	5.5	34.9	снег-в-тени	0.947	73.7	1.5	-8.5	8.6	bbox	1545	11.0	11.0	11.0	1494,631,3,2	20.9			
1547	1547	0.356	рюкзак-синий	1.4	8.7	снег-в-тени	0.910	47.5	2.0	-15.0	15.1	bbox	1546	244.0	244.0	244.0	1643,631,2,4	20.9			
1548	1548	0.376	рюкзак-синий	2.7	4.7	снег-в-тени	0.702	34.1	2.0	-11.5	11.7	bbox	1547	259.0	259.0	259.0	1849,54,2,3	20.9			
1549	1549	1.124	рюкзак-синий	3.0	29.6	снег-в-тени	0.848	68.4	1.5	-11.0	11.1	bbox	1548	283.0	283.0	283.0	783,261,2,4	20.9			
1550	1550	1.643	рюкзак-синий	10.0	30.0	снег-освещённый	0.718	68.8	-2.0	-4.5	4.9	bbox	1549	8.0	8.0	8.0	1356,379,3,2	20.8			
1551	1551	0.521	рюкзак-синий	4.0	4.1	снег-в-тени	0.329	42.9	1.0	-10.0	10.0	bbox	1550	247.0	247.0	247.0	1403,313,2,4	20.8			
1552	1552	0.969	рюкзак-синий	4.1	23.0	снег-в-тени	0.558	61.8	0.0	-10.0	10.0	bbox	1551	280.0	280.0	280.0	63,411,2,4	20.8			
1553	1553	1.271	рюкзак-синий	9.0	16.4	порода-в-тени	0.594	22.4	0.5	-5.0	5.0	bbox	1552	177.0	177.0	177.0	1206,1063,3,2	20.7			
1554	1554	0.777	рюкзак-синий	5.0	12.9	снег-в-тени	0.802	25.9	1.0	-9.0	9.1	bbox	1553	182.0	182.0	182.0	565,645,3,2	20.7			
1555	1555	0.660	рюкзак-синий	4.6	9.0	снег-в-тени	1.440	29.8	4.0	-17.5	18.0	bbox	1554	51.0	51.0	51.0	129,129,3,2	20.6			
1556	1556	0.407	рюкзак-синий	3.2	2.8	снег-в-тени	0.503	41.6	2.0	-11.0	11.2	bbox	1555	189.0	189.0	189.0	85,321,4,4	20.6			
1557	1557	1.374	рюкзак-синий	2.2	37.7	снег-в-тени	1.353	76.5	-1.0	-15.0	15.0	bbox	1556	26.0	26.0	26.0	1871,359,2,4	20.5			
1558	1558	0.682	рюкзак-синий	1.4	18.5	снег-в-тени	0.938	57.3	0.0	-15.0	15.0	bbox	1557	52.0	52.0	52.0	1877,295,2,4	20.5			
1559	1559	0.389	рюкзак-синий	2.7	5.5	снег-в-тени	0.722	33.3	2.0	-11.5	11.7	bbox	1558	225.0	225.0	225.0	915,195,3,2	20.4			
1560	1560	0.804	рюкзак-синий	6.3	4.1	снег-в-тени	0.214	42.9	-1.0	-8.0	8.1	bbox	1559	165.0	165.0	166.0	121,341,4,2	20.3			
1561	1561	0.469	рюкзак-синий	1.1	12.5	снег-в-тени	1.008	26.3	1.5	-13.0	13.1	bbox	1560	48.0	48.0	48.0	0,477,3,2	20.2			
1562	1562	0.842	рюкзак-синий	4.5	17.6	снег-в-тени	1.052	21.2	3.0	-10.0	10.4	bbox	1561	179.0	179.0	179.0	1657,781,2,3	20.1			
1563	1563	0.803	рюкзак-синий	6.3	3.9	снег-в-тени	0.220	42.7	-1.0	-8.0	8.1	bbox	1562	194.0	194.0	194.0	27,113,4,2	20.1			
1564	1564	0.919	рюкзак-синий	7.3	3.6	снег-в-тени	0.263	42.4	-1.0	-7.0	7.1	bbox	1563	194.0	194.0	194.0	313,137,4,2	20.1			
1565	1565	0.723	рюкзак-синий	5.1	9.6	снег-в-тени	0.675	29.2	0.0	-9.0	9.0	bbox	1564	147.0	147.0	147.0	1913,998,2,3	20.0			
1566	1566	0.625	рюкзак-синий	4.7	5.5	снег-в-тени	0.234	44.3	-0.5	-9.5	9.5	bbox	1565	132.0	132.0	132.0	1831,32,4,2	19.9			
1567	1567	0.768	рюкзак-синий	6.1	3.0	снег-в-тени	0.216	41.8	0.0	-8.0	8.0	bbox	1566	183.0	182.0	183.0	1905,619,4,2	19.9			
1568	1568	1.100	рюкзак-синий	8.1	11.7	порода-в-тени	0.695	27.1	-0.5	-6.0	6.0	bbox	1567	199.0	199.0	199.0	1106,1031,3,2	19.9			
1569	1569	1.239	рюкзак-синий	6.0	27.6	порода-в-тени	1.007	11.2	1.0	-8.0	8.1	bbox	1568	43.0	43.0	43.0	1742,601,3,2	19.8			
1570	1570	1.001	рюкзак-синий	7.1	13.2	снег-в-тени	0.194	52.0	0.0	-7.0	7.0	bbox	1569	47.0	47.0	47.0	1887,439,2,3	19.8			
1571	1571	0.313	рюкзак-синий	2.5	0.0	снег-в-тени	1.096	38.8	2.5	-16.0	16.2	bbox	1570	49.0	49.0	49.0	1909,257,4,2	19.8			
1572	1572	0.809	рюкзак-синий	5.3	12.9	снег-в-тени	1.554	25.9	5.0	-17.5	18.2	bbox	1571	55.0	55.0	55.0	359,1050,2,3	19.8			
1573	1573	0.773	рюкзак-синий	6.1	3.9	снег-в-тени	0.181	42.7	0.0	-8.0	8.0	bbox	1572	139.0	139.0	139.0	97,0,2,3	19.8			
1574	1574	0.426	рюкзак-синий	2.8	6.6	снег-в-тени	0.838	32.2	3.0	-12.0	12.4	bbox	1573	209.0	209.0	209.0	21,55,2,3	19.8			
1575	1575	0.825	рюкзак-синий	6.6	1.9	снег-в-тени	0.396	36.9	0.0	-7.5	7.5	bbox	1574	237.0	237.0	237.0	890,523,3,2	19.8			
1576	1576	0.785	рюкзак-синий	6.2	3.7	снег-в-тени	0.198	42.5	-0.5	-8.0	8.0	bbox	1575	171.0	171.0	171.0	341,433,4,2	19.7			
1577	1577	0.647	рюкзак-синий	5.1	3.1	снег-в-тени	0.450	35.7	0.0	-9.0	9.0	bbox	1576	133.0	133.0	133.0	1895,715,3,2	19.5			
1578	1578	0.803	рюкзак-синий	6.3	3.9	снег-в-тени	0.220	42.7	-1.0	-8.0	8.1	bbox	1577	166.0	166.0	166.0	603,81,4,2	19.4			
1579	1579	0.497	рюкзак-синий	3.6	5.9	снег-в-тени	1.238	32.9	4.0	-16.0	16.5	bbox	1578	52.0	52.0	52.0	513,253,3,2	19.2			
1580	1580	0.606	рюкзак-синий	4.6	5.3	снег-в-тени	0.543	33.5	0.0	-9.5	9.5	bbox	1579	137.0	137.0	137.0	1787,744,2,3	19.2			
1581	1581	0.656	рюкзак-синий	5.1	4.3	снег-в-тени	0.551	34.5	2.0	-9.0	9.2	bbox	1580	212.0	212.0	212.0	587,815,3,2	19.2			
1582	1582	0.893	рюкзак-синий	7.1	3.5	снег-в-тени	0.464	35.3	0.0	-7.0	7.0	bbox	1581	233.0	233.0	233.0	281,396,2,3	19.1			
1583	1583	0.557	рюкзак-синий	4.2	4.7	снег-в-тени	1.241	43.5	4.0	-17.0	17.5	bbox	1582	265.0	265.0	265.0	125,825,4,4	19.1			
1584	1584	0.800	рюкзак-синий	6.3	3.4	снег-в-тени	0.237	42.2	-1.0	-8.0	8.1	bbox	1583	184.0	184.0	184.0	122,143,3,2	19.0			
1585	1585	0.879	рюкзак-синий	6.1	12.3	снег-в-тени	0.762	26.5	0.0	-8.0	8.0	bbox	1584	224.0	224.0	224.0	408,950,2,3	19.0			
1586	1586	1.382	рюкзак-синий	2.0	38.1	снег-в-тени	1.447	76.9	1.0	-16.0	16.0	bbox	1585	25.0	25.0	25.0	1901,429,4,2	18.9			
1587	1587	0.861	рюкзак-синий	4.9	16.8	снег-в-тени	0.950	22.0	-1.0	-9.5	9.6	bbox	1586	49.0	49.0	49.0	53,401,3,2	18.9			
1588	1588	1.088	рюкзак-синий	6.3	21.2	снег-в-тени	1.189	17.6	4.0	-8.5	9.4	bbox	1587	139.0	138.0	139.0	913,1042,2,3	18.9			
1589	1589	1.007	рюкзак-синий	6.3	17.5	снег-в-тени	0.327	56.3	-1.0	-8.0	8.1	bbox	1588	185.0	185.0	185.0	1723,109,4,2	18.9			
1590	1590	0.471	рюкзак-синий	3.6	3.4	снег-в-тени	0.372	42.2	0.0	-10.5	10.5	bbox	1589	235.0	235.0	235.0	17,151,3,2	18.8			
1591	1591	0.534	рюкзак-синий	3.6	8.0	снег-в-тени	0.725	30.8	-1.0	-11.0	11.0	bbox	1590	48.0	48.0	48.0	1127,732,2,3	18.7			
1592	1592	0.451	рюкзак-синий	0.7	12.4	снег-в-тени	0.723	51.2	1.5	-13.5	13.6	bbox	1591	147.0	147.0	147.0	1681,665,2,4	18.7			
1593	1593	0.861	рюкзак-синий	5.0	16.5	снег-в-тени	0.302	55.3	0.5	-9.0	9.0	bbox	1592	169.0	169.0	169.0	1151,683,2,5	18.7			
1594	1594	0.674	рюкзак-синий	5.4	1.0	снег-в-тени	0.397	37.8	-1.0	-9.0	9.1	bbox	1593	156.0	156.0	156.0	1917,27,3,2	18.6			
1595	1595	0.430	рюкзак-синий	3.0	5.9	снег-в-тени	0.410	44.7	1.0	-11.0	11.0	bbox	1594	214.0	214.0	214.0	1897,0,3,3	18.5			
1596	1596	0.540	рюкзак-синий	4.1	4.5	снег-в-тени	0.597	34.3	2.0	-10.0	10.2	bbox	1595	244.0	244.0	244.0	452,761,2,3	18.5			
1597	1597	1.589	рюкзак-синий	11.2	21.2	порода-в-тени	0.296	17.6	-1.0	-3.0	3.2	bbox	1596	147.0	147.0	147.0	1207,786,2,3	18.4			
1598	1598	0.804	рюкзак-синий	4.1	17.3	снег-в-тени	0.387	56.1	0.0	-10.0	10.0	bbox	1597	50.0	50.0	50.0	1595,975,4,4	18.3			
1599	1599	1.076	рюкзак-синий	5.3	23.7	снег-в-тени	1.361	15.1	5.0	-10.5	11.6	bbox	1598	142.0	142.0	142.0	217,1021,2,3	18.3			
1600	1600	0.710	рюкзак-синий	3.0	16.9	снег-в-тени	0.485	55.7	1.0	-11.0	11.0	bbox	1599	247.0	247.0	247.0	1245,5,4,4	18.2			
1601	1601	1.515	рюкзак-синий	9.1	28.2	порода-в-тени	0.660	10.6	0.0	-5.0	5.0	bbox	1600	44.0	44.0	44.0	1845,584,2,3	18.1			
1602	1602	0.480	рюкзак-синий	3.0	8.2	снег-в-тени	1.135	30.6	4.0	-14.5	15.0	bbox	1601	50.0	50.0	50.0	185,625,3,2	18.1			
1603	1603	0.456	рюкзак-синий	2.8	8.1	снег-в-тени	1.069	46.9	3.0	-16.0	16.3	bbox	1602	174.0	174.0	174.0	1655,695,4,4	18.1			
1604	1604	0.869	рюкзак-синий	6.1	11.8	снег-в-тени	0.100	50.6	0.0	-8.0	8.0	bbox	1603	49.0	49.0	49.0	1463,1077,4,3	18.0			
1605	1605	0.904	рюкзак-синий	5.4	16.9	снег-в-тени	0.333	55.7	-1.0	-9.0	9.1	bbox	1604	241.0	241.0	241.0	819,33,3,3	17.9			
1606	1606	0.637	рюкзак-синий	0.7	17.7	снег-в-тени	0.777	56.5	1.5	-13.5	13.6	bbox	1605	6.0	6.0	6.0	1019,89,4,2	17.8			
1607	1607	0.794	рюкзак-синий	6.1	6.4	снег-в-тени	0.606	32.4	2.0	-8.0	8.2	bbox	1606	240.0	240.0	240.0	1462,996,2,3	17.8			
1608	1608	1.309	рюкзак-синий	6.9	27.4	порода-в-тени	1.237	11.4	4.5	-8.0	9.2	bbox	1607	142.0	142.0	142.0	313,1052,2,3	17.7			
1609	1609	0.528	рюкзак-синий	4.1	3.2	снег-в-тени	0.326	42.0	0.0	-10.0	10.0	bbox	1608	148.0	148.0	148.0	949,255,3,2	17.7			
1610	1610	1.119	рюкзак-синий	3.5	28.8	снег-в-тени	0.785	67.6	1.0	-10.5	10.5	bbox	1609	284.0	284.0	284.0	1053,305,3,2	17.6			
1611	1611	0.729	рюкзак-синий	2.2	18.8	снег-в-тени	1.060	57.6	0.0	-16.0	16.0	bbox	1610	50.0	50.0	50.0	745,23,2,4	17.5			
1612	1612	0.733	рюкзак-синий	1.5	19.8	снег-в-тени	1.022	58.6	1.0	-15.5	15.5	bbox	1611	50.0	50.0	50.0	1459,35,4,2	17.5			
1613	1613	0.777	рюкзак-синий	1.8	20.8	снег-в-тени	1.028	59.6	0.0	-15.5	15.5	bbox	1612	50.0	50.0	50.0	895,51,2,4	17.5			
1614	1614	2.002	рюкзак-синий	12.5	34.9	порода-в-тени	0.642	3.9	0.0	-1.5	1.5	bbox	1613	54.0	54.0	54.0	555,1077,2,3	17.5			
1615	1615	1.011	рюкзак-синий	6.1	18.7	снег-в-тени	0.345	57.5	0.0	-8.0	8.0	bbox	1614	100.0	100.0	100.0	573,0,2,3	17.5			
1616	1616	0.566	рюкзак-синий	4.0	7.4	снег-в-тени	0.650	31.4	1.0	-10.0	10.0	bbox	1615	139.0	139.0	139.0	1487,1077,2,3	17.5			
1617	1617	0.580	рюкзак-синий	4.6	1.7	снег-в-тени	0.427	37.1	0.0	-9.5	9.5	bbox	1616	126.0	126.0	126.0	1859,945,2,3	17.4			
1618	1618	0.592	рюкзак-синий	4.6	3.7	снег-в-тени	0.265	42.5	0.0	-9.5	9.5	bbox	1617	235.0	235.0	235.0	713,410,2,3	17.4			
1619	1619	0.831	рюкзак-синий	4.1	18.3	снег-в-тени	0.415	57.1	0.0	-10.0	10.0	bbox	1618	143.0	143.0	143.0	1825,137,2,3	17.3			
1620	1620	0.442	рюкзак-синий	3.5	0.0	снег-в-тени	0.452	38.8	0.5	-10.5	10.5	bbox	1619	184.0	184.0	184.0	1781,244,2,3	17.3			
1621	1621	0.807	рюкзак-синий	6.3	4.5	снег-в-тени	0.203	43.3	-1.0	-8.0	8.1	bbox	1620	188.0	188.0	188.0	193,194,2,3	17.2			
1622	1622	0.247	рюкзак-синий	1.1	5.7	снег-в-тени	0.903	44.5	1.5	-15.0	15.1	bbox	1621	49.0	49.0	49.0	137,495,4,2	17.1			
1623	1623	0.547	рюкзак-синий	4.1	5.1	снег-в-тени	0.286	43.9	0.0	-10.0	10.0	bbox	1622	192.0	192.0	192.0	181,125,2,3	17.1			
1624	1624	0.798	рюкзак-синий	6.3	3.0	снег-в-тени	0.249	41.8	-1.0	-8.0	8.1	bbox	1623	198.0	198.0	198.0	217,479,3,2	17.1			
1625	1625	0.833	рюкзак-синий	4.5	17.3	снег-в-тени	0.539	56.1	3.0	-10.0	10.4	bbox	1624	240.0	240.0	240.0	797,61,3,2	17.1			
1626	1626	0.588	рюкзак-синий	1.6	15.5	снег-в-тени	0.984	54.3	1.5	-15.5	15.6	bbox	1625	48.0	48.0	48.0	709,17,2,3	17.0			
1627	1627	0.787	рюкзак-синий	5.1	12.9	снег-в-тени	0.793	25.9	0.0	-9.0	9.0	bbox	1626	278.0	278.0	278.0	9,1020,2,3	17.0			
1628	1628	0.473	рюкзак-синий	3.2	7.1	снег-в-тени	1.094	45.9	3.5	-16.0	16.4	bbox	1627	49.0	49.0	49.0	1427,301,2,4	16.9			
1629	1629	0.549	рюкзак-синий	4.1	5.3	снег-в-тени	0.282	44.1	0.0	-10.0	10.0	bbox	1628	73.0	73.0	73.0	0,953,3,2	16.9			
1630	1630	0.578	рюкзак-синий	4.6	1.4	снег-в-тени	0.330	40.2	0.0	-9.5	9.5	bbox	1629	178.0	178.0	178.0	1870,1074,3,2	16.9			
1631	1631	0.881	рюкзак-синий	5.0	17.3	снег-в-тени	0.327	56.1	0.5	-9.0	9.0	bbox	1630	280.0	280.0	280.0	315,529,3,4	16.9			
1632	1632	0.866	рюкзак-синий	1.4	23.7	снег-в-тени	1.021	62.5	0.0	-15.0	15.0	bbox	1631	40.0	40.0	40.0	1691,925,2,4	16.8			
1633	1633	1.058	рюкзак-синий	7.1	16.3	снег-в-тени	0.382	55.1	2.0	-7.0	7.3	bbox	1632	83.0	83.0	83.0	1199,689,2,3	16.6			
1634	1634	0.504	рюкзак-синий	4.0	1.7	снег-в-тени	0.475	37.1	1.0	-10.0	10.0	bbox	1633	94.0	94.0	94.0	1827,967,3,2	16.6			
1635	1635	0.356	рюкзак-синий	1.4	8.7	снег-в-тени	0.910	47.5	2.0	-15.0	15.1	bbox	1634	48.0	48.0	48.0	1541,341,4,2	16.5			
1636	1636	0.917	рюкзак-синий	7.3	3.2	снег-в-тени	0.273	42.0	-1.0	-7.0	7.1	bbox	1635	174.0	174.0	174.0	41,327,2,3	16.5			
1637	1637	0.671	рюкзак-синий	5.2	4.3	снег-в-тени	0.217	43.1	-0.5	-9.0	9.0	bbox	1636	195.0	195.0	195.0	1860,1033,3,2	16.5			
1638	1638	1.178	рюкзак-синий	5.9	25.9	порода-в-тени	1.158	12.9	3.0	-8.5	9.0	bbox	1637	150.0	150.0	150.0	1713,922,2,3	16.4			
1639	1639	0.979	рюкзак-синий	6.1	17.3	снег-в-тени	0.296	56.1	0.0	-8.0	8.0	bbox	1638	189.0	189.0	189.0	1640,130,3,2	16.4			
1640	1640	1.581	рюкзак-синий	8.1	34.1	порода-в-тени	0.977	4.7	2.0	-6.0	6.3	bbox	1639	53.0	53.0	53.0	653,1062,2,3	16.3			
1641	1641	0.845	рюкзак-синий	4.5	17.7	снег-в-тени	0.383	56.5	1.0	-9.5	9.6	bbox	1640	175.0	175.0	175.0	511,809,3,2	16.2			
1642	1642	0.552	рюкзак-синий	4.1	5.5	снег-в-тени	0.279	44.3	0.0	-10.0	10.0	bbox	1641	184.0	184.0	184.0	61,169,3,2	16.2			
1643	1643	0.782	рюкзак-синий	3.5	18.1	снег-в-тени	0.454	56.9	0.5	-10.5	10.5	bbox	1642	114.0	114.0	114.0	1497,9,2,3	16.1			
1644	1644	0.562	рюкзак-синий	1.4	14.9	снег-в-тени	0.934	53.7	2.0	-15.0	15.1	bbox	1643	49.0	49.0	49.0	1055,429,2,4	16.0			
1645	1645	0.534	рюкзак-синий	4.0	4.9	снег-в-тени	0.296	43.7	0.5	-10.0	10.0	bbox	1644	189.0	189.0	189.0	470,297,3,2	15.9			
1646	1646	0.442	рюкзак-синий	1.5	11.2	снег-в-тени	0.949	50.0	1.0	-15.5	15.5	bbox	1645	48.0	48.0	48.0	1589,439,4,2	15.8			
1647	1647	0.401	рюкзак-синий	3.0	3.6	снег-в-тени	0.462	42.4	1.5	-11.0	11.1	bbox	1646	175.0	175.0	175.0	1879,262,2,3	15.8			
1648	1648	0.549	рюкзак-синий	4.1	5.3	снег-в-тени	0.282	44.1	0.0	-10.0	10.0	bbox	1647	192.0	192.0	192.0	32,77,4,4	15.7			
1649	1649	0.857	рюкзак-синий	6.7	4.9	снег-в-тени	0.289	43.7	-2.0	-8.0	8.2	bbox	1648	198.0	198.0	198.0	113,369,2,3	15.7			
1650	1650	0.593	рюкзак-синий	4.5	4.9	снег-в-тени	0.245	43.7	0.5	-9.5	9.5	bbox	1649	173.0	173.0	173.0	1678,353,3,2	15.5			
1651	1651	0.316	рюкзак-синий	2.2	4.1	снег-в-тени	0.749	42.9	3.0	-13.0	13.3	bbox	1650	169.0	169.0	169.0	1711,19,3,2	15.4			
1652	1652	1.584	рюкзак-синий	10.0	27.0	порода-в-тени	0.546	11.8	0.0	-4.0	4.0	bbox	1651	43.0	43.0	43.0	1763,481,3,2	15.3			
1653	1653	0.519	рюкзак-синий	4.0	3.9	снег-в-тени	0.333	42.7	1.0	-10.0	10.0	bbox	1652	184.0	184.0	184.0	1779,387,2,3	15.3			
1654	1654	0.629	рюкзак-синий	3.6	12.2	снег-в-тени	0.333	51.0	0.0	-10.5	10.5	bbox	1653	48.0	48.0	48.0	1717,1056,2,3	15.0			
1655	1655	0.525	рюкзак-синий	4.0	4.1	снег-в-тени	0.311	42.9	0.5	-10.0	10.0	bbox	1654	133.0	133.0	133.0	1691,394,2,3	15.0			
1656	1656	0.786	рюкзак-синий	6.2	3.9	снег-в-тени	0.191	42.7	-0.5	-8.0	8.0	bbox	1655	166.0	166.0	166.0	461,114,2,3	14.9			
1657	1657	0.529	рюкзак-синий	4.0	4.5	снег-в-тени	0.303	43.3	0.5	-10.0	10.0	bbox	1656	190.0	190.0	190.0	1902,1033,3,2	14.9			
1658	1658	0.869	рюкзак-синий	5.0	16.9	снег-в-тени	0.333	55.7	1.0	-9.0	9.1	bbox	1657	168.0	168.0	168.0	1415,748,3,2	14.8			
1659	1659	0.598	рюкзак-синий	4.7	2.2	снег-в-тени	0.314	41.0	-0.5	-9.5	9.5	bbox	1658	174.0	174.0	174.0	1887,260,2,3	14.8			
1660	1660	0.779	рюкзак-синий	6.1	4.7	снег-в-тени	0.153	43.5	0.0	-8.0	8.0	bbox	1659	213.0	213.0	213.0	1062,71,3,2	14.8			
1661	1661	0.772	рюкзак-синий	6.1	3.7	снег-в-тени	0.188	42.5	0.0	-8.0	8.0	bbox	1660	183.0	183.0	183.0	1736,687,3,2	14.6			
1662	1662	0.957	рюкзак-синий	7.3	8.3	снег-в-тени	0.179	47.1	-1.0	-7.0	7.1	bbox	1661	147.0	147.0	147.0	1850,1069,3,2	14.5			
1663	1663	0.638	рюкзак-синий	5.0	3.2	снег-в-тени	0.251	42.0	0.5	-9.0	9.0	bbox	1662	172.0	171.0	172.0	378,371,3,2	14.3			
1664	1664	0.417	рюкзак-синий	1.0	11.2	снег-в-тени	1.140	27.6	1.0	-15.0	15.0	bbox	1663	45.0	45.0	45.0	1917,973,3,2	14.0			
1665	1665	0.776	рюкзак-синий	6.1	4.3	снег-в-тени	0.167	43.1	0.0	-8.0	8.0	bbox	1664	148.0	148.0	148.0	184,543,3,2	14.0			
1666	1666	0.651	рюкзак-синий	5.1	3.7	снег-в-тени	0.225	42.5	0.0	-9.0	9.0	bbox	1665	165.0	165.0	165.0	244,271,3,2	14.0			
1667	1667	0.907	рюкзак-синий	5.1	18.1	снег-в-тени	0.347	56.9	0.0	-9.0	9.0	bbox	1666	172.0	172.0	172.0	1169,226,2,3	13.9			
1668	1668	0.441	рюкзак-синий	3.0	6.5	снег-в-тени	0.405	45.3	1.0	-11.0	11.0	bbox	1667	172.0	172.0	172.0	47,317,2,3	13.4			
1669	1669	0.783	рюкзак-синий	4.1	16.5	снег-в-тени	0.366	55.3	0.0	-10.0	10.0	bbox	1668	115.0	115.0	115.0	1329,27,4,4	13.3			
1670	1670	0.542	рюкзак-синий	4.1	4.7	снег-в-тени	0.293	43.5	0.0	-10.0	10.0	bbox	1669	184.0	184.0	184.0	1857,1074,2,3	13.3			
1671	1671	0.542	рюкзак-синий	4.1	4.7	снег-в-тени	0.293	43.5	0.0	-10.0	10.0	bbox	1670	191.0	191.0	191.0	133,139,2,3	13.3			
1672	1672	0.801	рюкзак-синий	6.3	3.6	снег-в-тени	0.231	42.4	-1.0	-8.0	8.1	bbox	1671	195.0	195.0	195.0	1917,1071,3,2	13.2			
1673	1673	0.439	рюкзак-синий	3.2	5.3	снег-в-тени	0.397	44.1	0.0	-11.0	11.0	bbox	1672	214.0	214.0	214.0	227,265,2,3	13.2			
1674	1674	0.554	рюкзак-синий	4.0	6.7	снег-в-тени	0.291	45.5	1.0	-10.0	10.0	bbox	1673	192.0	192.0	192.0	11,998,2,3	13.1			
1675	1675	0.962	рюкзак-синий	6.1	16.5	снег-в-тени	0.268	55.3	0.0	-8.0	8.0	bbox	1674	173.0	173.0	173.0	1018,0,2,3	12.7			
1676	1676	0.564	рюкзак-синий	4.0	7.3	снег-в-тени	0.286	46.1	1.0	-10.0	10.0	bbox	1675	133.0	133.0	133.0	1761,629,2,3	12.5			
1677	1677	0.988	рюкзак-синий	6.1	17.7	снег-в-тени	0.310	56.5	0.0	-8.0	8.0	bbox	1676	175.0	175.0	175.0	937,231,3,2	12.5			
1678	1678	0.893	рюкзак-синий	5.0	17.9	снег-в-тени	0.363	56.7	1.0	-9.0	9.1	bbox	1677	45.0	45.0	45.0	1499,725,2,3	12.4			
1679	1679	0.880	рюкзак-синий	2.2	23.4	снег-в-тени	0.716	62.2	0.0	-12.0	12.0	bbox	1678	111.0	111.0	111.0	1298,15,3,2	12.4			
1680	1680	0.448	рюкзак-синий	3.2	5.9	снег-в-тени	0.464	44.7	2.0	-11.0	11.2	bbox	1679	178.0	178.0	178.0	12,283,3,2	12.4			
1681	1681	0.820	рюкзак-синий	4.5	16.7	снег-в-тени	0.355	55.5	1.0	-9.5	9.6	bbox	1680	142.0	142.0	142.0	1363,99,2,3	12.2			
1682	1682	0.854	рюкзак-синий	6.7	4.5	снег-в-тени	0.297	43.3	-2.0	-8.0	8.2	bbox	1681	166.0	166.0	166.0	13,626,2,3	12.2			
1683	1683	0.530	рюкзак-синий	4.0	4.9	снег-в-тени	0.315	43.7	1.0	-10.0	10.0	bbox	1682	211.0	211.0	211.0	1807,174,2,3	12.1			
1684	1684	0.855	рюкзак-синий	4.6	17.7	снег-в-тени	0.362	56.5	0.0	-9.5	9.5	bbox	1683	143.0	143.0	143.0	857,73,2,3	11.8			
1685	1685	0.788	рюкзак-синий	4.1	16.7	снег-в-тени	0.371	55.5	0.0	-10.0	10.0	bbox	1684	159.0	159.0	159.0	1250,594,2,3	11.3			
1686	1686	0.701	рюкзак-синий	3.0	16.5	снег-в-тени	0.465	55.3	0.5	-11.0	11.0	bbox	1685	48.0	48.0	48.0	1087,1038,2,3	10.9			
1687	1687	0.877	рюкзак-синий	5.1	16.9	снег-в-тени	0.308	55.7	0.0	-9.0	9.0	bbox	1686	160.0	160.0	160.0	1465,514,2,3	10.5			
1688	1688	0.547	рюкзак-синий	0.0	15.3	снег-в-тени	0.793	54.1	1.0	-14.0	14.0	bbox	1687	48.0	48.0	48.0	1580,175,3,2	9.5			
