ранг	ранг_в_группе	расстояние	сигнатура	d_ab	d_L	ловушка	d_ловушки	L	a	b	C	цвет_измерен	track	t_best	t0	t1	bbox	score	lat	lon	alt
1	1	0.620	рюкзак-синий	3.2	13.4	снег-в-тени	0.691	52.2	-2.0	-13.0	13.2	bbox	0	2.0	1.0	4.0	29,649,80,53	3217.8	39.4863180	73.5937900	4927.5
2	2	1.602	стакан-марка-красная	12.4	11.8	порода-охристая	0.451	38.0	14.0	13.0	19.1	bbox	1	199.2	195.2	203.2	386,566,27,59	2667.1	39.4863260	73.5937830	4927.4
3	3	1.486	палка-ручка-пробка	10.3	20.8	порода-охристая	0.710	54.9	10.0	14.0	17.2	bbox	2	162.2	162.2	163.2	65,1027,50,20	2644.6	39.4863280	73.5937830	4927.4
4	4	0.402	рюкзак-синий	3.2	2.0	снег-в-тени	0.451	40.8	0.0	-11.0	11.0	bbox	3	179.2	167.2	181.2	1206,129,45,70	2554.1	39.4863260	73.5937830	4927.4
5	5	1.286	стакан-марка-красная	3.6	33.7	порода-в-тени	1.389	16.1	9.0	-2.0	9.2	bbox	4	80.1	80.1	82.1	1845,31,75,38	2456.3	39.4863270	73.5937820	4927.5
6	6	0.777	рюкзак-синий	4.5	15.1	снег-в-тени	0.662	53.9	-3.0	-12.0	12.4	bbox	5	126.1	122.1	126.1	47,35,74,50	2418.7	39.4863270	73.5937820	4927.4
7	7	0.924	рюкзак-синий	7.3	4.5	снег-в-тени	0.623	34.3	3.0	-7.0	7.6	bbox	6	204.2	200.2	204.2	93,446,46,56	2332.3	39.4863260	73.5937840	4927.5
8	8	1.733	палка-ручка-контроль	13.5	11.7	порода-охристая	0.844	45.9	15.0	16.0	21.9	bbox	7	126.1	113.1	126.1	300,0,69,45	2290.4	39.4863270	73.5937820	4927.4
9	9	1.705	палка-ручка-контроль	12.8	16.4	порода-охристая	0.736	41.2	14.0	16.0	21.3	bbox	8	12.0	9.0	12.0	217,927,39,44	2273.3	39.4863220	73.5937870	4927.6
10	10	1.374	стакан-марка-красная	8.9	22.3	порода-охристая	0.682	27.5	15.0	9.0	17.5	bbox	9	58.1	47.0	61.1	23,575,54,38	2102.5	39.4863270	73.5937820	4927.6
11	11	1.682	стакан-марка-красная	7.6	38.8	порода-в-тени	0.831	11.0	4.0	-2.0	4.5	bbox	10	55.1	55.1	56.1	1449,499,41,73	2009.5	39.4863260	73.5937820	4927.6
12	12	1.210	стакан-марка-красная	7.8	20.0	порода-охристая	0.857	29.8	6.0	7.0	9.2	bbox	11	144.1	143.1	144.1	1643,445,28,32	1964.7	39.4863290	73.5937840	4927.5
13	13	1.301	стакан-марка-красная	8.5	20.8	порода-охристая	0.562	29.0	8.0	9.0	12.0	bbox	12	81.1	81.1	81.1	1771,135,18,46	1961.5	39.4863270	73.5937820	4927.5
14	14	1.115	стакан-марка-красная	8.1	13.3	порода-охристая	0.629	36.5	7.0	8.0	10.6	bbox	13	10.0	7.0	10.0	675,683,29,26	1893.7	39.4863220	73.5937880	4927.6
15	15	0.924	стакан-марка-красная	7.3	4.5	порода-охристая	0.514	45.3	9.0	8.0	12.0	bbox	14	169.2	168.2	171.2	1877,997,34,48	1891.5	39.4863280	73.5937840	4927.5
16	16	1.002	палка-ручка-пробка	6.4	16.9	лишайник-жёлтый-на-камне	1.058	58.8	10.0	19.0	21.5	bbox	15	204.2	204.2	207.2	185,985,20,48	1855.3	39.4863260	73.5937840	4927.5
17	17	1.054	стакан-марка-красная	7.2	15.3	порода-охристая	0.721	34.5	7.0	7.0	9.9	bbox	16	223.2	216.2	225.2	525,446,44,21	1853.1	39.4863270	73.5937830	4927.5
18	18	0.772	рюкзак-синий	5.1	12.2	снег-в-тени	0.169	51.0	0.0	-9.0	9.0	bbox	17	189.2	178.2	190.2	993,74,30,27	1816.0	39.4863260	73.5937830	4927.4
19	19	0.849	рюкзак-синий	6.1	10.6	снег-в-тени	0.742	28.2	2.0	-8.0	8.2	bbox	18	170.2	164.2	171.2	1751,32,24,74	1808.2	39.4863280	73.5937840	4927.5
20	20	0.762	рюкзак-синий	6.1	1.5	снег-в-тени	0.377	37.3	0.0	-8.0	8.0	bbox	19	150.2	149.1	164.2	1869,979,28,42	1804.0	39.4863280	73.5937850	4927.5
21	21	1.731	стакан-марка-красная	13.0	16.7	порода-охристая	0.699	33.1	16.0	13.0	20.6	bbox	20	182.2	182.2	185.2	835,251,30,22	1723.5	39.4863260	73.5937830	4927.4
22	22	1.105	стакан-марка-красная	7.6	15.7	порода-охристая	0.552	34.1	8.0	8.0	11.3	bbox	21	4.0	4.0	4.0	156,575,43,23	1713.0	39.4863190	73.5937890	4927.5
23	23	1.005	стакан-марка-красная	7.6	9.0	порода-в-тени	1.218	40.8	4.0	4.0	5.7	bbox	22	197.2	195.2	200.2	267,705,50,55	1711.9	39.4863260	73.5937830	4927.4
24	24	1.317	стакан-марка-красная	7.6	25.5	порода-в-тени	0.773	24.3	4.0	-2.0	4.5	bbox	23	80.1	80.1	80.1	13,822,36,83	1703.0	39.4863270	73.5937820	4927.5
25	25	0.518	рюкзак-синий	2.8	10.6	снег-в-тени	0.519	49.4	-1.0	-12.0	12.0	bbox	24	0.0	0.0	3.0	41,671,66,30	1660.1	39.4863170	73.5937900	4927.5
26	26	1.589	стакан-марка-красная	12.5	7.4	порода-охристая	0.773	42.4	17.0	12.0	20.8	bbox	25	170.2	159.2	174.2	1129,277,22,28	1659.9	39.4863280	73.5937840	4927.5
27	27	1.126	стакан-марка-красная	8.9	3.7	порода-охристая	0.623	46.1	7.0	9.0	11.4	bbox	26	196.2	195.2	198.2	17,751,16,39	1647.5	39.4863260	73.5937830	4927.4
28	28	1.223	стакан-марка-красная	8.1	19.4	порода-охристая	0.687	30.4	7.0	8.0	10.6	bbox	27	110.1	108.1	117.1	741,361,28,24	1629.7	39.4863260	73.5937820	4927.5
29	29	0.898	рюкзак-синий	6.1	13.4	снег-в-тени	0.156	52.2	0.0	-8.0	8.0	bbox	28	169.2	165.2	170.2	1887,55,26,30	1614.0	39.4863280	73.5937840	4927.5
30	30	1.098	рюкзак-синий	8.0	12.7	порода-в-тени	0.757	26.1	1.0	-6.0	6.1	bbox	29	177.2	177.2	178.2	1895,37,25,64	1601.5	39.4863270	73.5937830	4927.5
31	31	1.279	стакан-марка-красная	6.7	27.1	порода-в-тени	0.888	22.7	5.0	-2.0	5.4	bbox	30	58.1	58.1	58.1	177,87,60,56	1597.6	39.4863270	73.5937820	4927.6
32	32	1.096	стакан-марка-красная	8.6	5.9	порода-охристая	0.955	55.7	6.0	8.0	10.0	bbox	31	162.2	156.2	163.2	1709,101,30,24	1586.2	39.4863280	73.5937830	4927.4
33	33	1.435	палка-ручка-пробка	11.4	4.7	порода-охристая	1.229	71.0	12.0	14.0	18.4	bbox	32	204.2	200.2	204.2	297,700,24,55	1563.8	39.4863260	73.5937840	4927.5
34	34	0.799	стакан-марка-красная	6.3	3.3	снег-розовый	1.180	46.5	5.0	3.0	5.8	bbox	33	199.2	199.2	200.2	121,909,23,36	1559.8	39.4863260	73.5937830	4927.4
35	35	1.089	стакан-марка-красная	8.2	9.8	порода-охристая	0.836	59.6	9.0	9.0	12.7	bbox	34	174.2	173.2	176.2	1112,988,25,27	1551.2	39.4863280	73.5937840	4927.4
36	36	0.884	рюкзак-синий	5.4	16.1	снег-в-тени	0.912	22.7	-1.0	-9.0	9.1	bbox	35	191.2	189.2	193.2	149,733,36,56	1528.0	39.4863260	73.5937830	4927.4
37	37	1.036	стакан-марка-красная	5.0	23.1	порода-в-тени	1.294	26.7	8.0	-3.0	8.5	bbox	36	80.1	80.1	80.1	1771,11,70,22	1510.6	39.4863270	73.5937820	4927.5
38	38	1.077	стакан-марка-красная	7.6	14.1	порода-охристая	0.539	35.7	8.0	8.0	11.3	bbox	37	112.1	112.1	112.1	703,646,24,45	1500.3	39.4863260	73.5937820	4927.5
39	39	1.653	стакан-марка-красная	12.1	18.8	порода-охристая	0.690	31.0	16.0	12.0	20.0	bbox	38	178.2	171.2	181.2	965,549,28,24	1492.3	39.4863260	73.5937830	4927.5
40	40	1.279	стакан-марка-красная	7.1	25.9	порода-в-тени	1.075	23.9	6.0	-4.0	7.2	bbox	39	58.1	55.1	58.1	73,0,30,43	1421.3	39.4863270	73.5937820	4927.6
41	41	1.001	стакан-марка-красная	7.2	12.2	снег-розовый	1.046	62.0	7.0	7.0	9.9	bbox	40	198.2	195.2	198.2	371,31,33,23	1417.1	39.4863260	73.5937830	4927.4
42	42	1.956	стакан-марка-красная	15.1	13.9	порода-в-тени	0.786	35.9	-4.0	3.0	5.0	bbox	41	57.1	38.0	57.1	223,1023,34,48	1415.0	39.4863260	73.5937820	4927.6
43	43	0.938	стакан-марка-красная	6.3	14.1	порода-охристая	0.567	35.7	9.0	7.0	11.4	bbox	42	78.1	59.1	78.1	1193,99,18,48	1414.6	39.4863280	73.5937820	4927.6
44	44	1.501	стакан-марка-красная	12.0	1.6	порода-охристая	0.431	48.2	11.0	13.0	17.0	bbox	43	177.2	175.2	185.2	1821,675,30,26	1391.0	39.4863270	73.5937830	4927.5
45	45	1.557	стакан-марка-красная	12.4	5.1	порода-охристая	0.504	44.7	14.0	13.0	19.1	bbox	44	174.2	170.2	182.2	1683,627,19,42	1390.1	39.4863280	73.5937840	4927.4
46	46	1.116	стакан-марка-красная	7.2	18.4	порода-охристая	0.750	31.4	7.0	7.0	9.9	bbox	45	209.2	208.2	210.2	1509,217,34,24	1373.6	39.4863280	73.5937840	4927.5
47	47	0.801	стакан-марка-красная	6.1	7.1	порода-охристая	0.538	42.7	12.0	7.0	13.9	bbox	46	126.1	114.1	126.1	1287,0,42,29	1355.2	39.4863270	73.5937820	4927.4
48	48	0.797	стакан-марка-красная	5.8	9.0	порода-охристая	0.734	40.8	8.0	6.0	10.0	bbox	47	210.2	209.2	210.2	1857,71,34,32	1338.0	39.4863280	73.5937840	4927.5
49	49	0.677	стакан-марка-красная	5.4	2.0	порода-охристая	0.825	51.8	13.0	6.0	14.3	bbox	48	192.2	189.2	194.2	613,325,26,24	1334.9	39.4863270	73.5937830	4927.5
50	50	2.299	стакан-марка-красная	16.1	31.0	снег-освещённый	0.625	80.8	-5.0	3.0	5.8	bbox	49	57.1	49.0	57.1	337,927,26,46	1305.0	39.4863260	73.5937820	4927.6
51	51	1.211	стакан-марка-красная	8.1	18.8	порода-охристая	0.679	31.0	7.0	8.0	10.6	bbox	50	142.1	137.1	142.1	1651,635,24,32	1303.6	39.4863280	73.5937840	4927.5
52	52	0.580	рюкзак-синий	4.5	4.3	снег-в-тени	0.325	43.1	-1.0	-10.0	10.0	bbox	51	58.1	56.1	58.1	227,235,38,26	1299.0	39.4863270	73.5937820	4927.6
53	53	0.584	стакан-марка-красная	4.5	4.7	порода-охристая	0.826	45.1	9.0	5.0	10.3	bbox	52	210.2	208.2	210.2	1604,207,21,27	1283.5	39.4863280	73.5937840	4927.5
54	54	1.321	стакан-марка-красная	7.2	27.1	порода-охристая	0.901	22.7	7.0	7.0	9.9	bbox	53	143.1	140.1	145.1	1611,435,30,30	1271.8	39.4863290	73.5937840	4927.5
55	55	0.923	стакан-марка-красная	6.7	10.8	порода-охристая	0.625	39.0	14.0	7.0	15.7	bbox	54	126.1	113.1	126.1	1347,30,42,21	1259.3	39.4863270	73.5937820	4927.4
56	56	2.388	стакан-марка-красная	14.0	45.5	снег-пересвеченный	0.542	95.3	-3.0	1.0	3.2	bbox	55	56.1	55.1	56.1	221,207,100,24	1250.5	39.4863260	73.5937820	4927.6
57	57	1.247	стакан-марка-красная	9.4	11.4	порода-охристая	0.673	38.4	6.0	9.0	10.8	bbox	56	162.2	159.2	164.2	1803,179,26,22	1245.4	39.4863280	73.5937830	4927.4
58	58	1.309	стакан-марка-красная	10.3	6.7	порода-охристая	0.907	56.5	16.0	10.0	18.9	bbox	57	196.2	194.2	199.2	69,199,26,18	1239.8	39.4863260	73.5937830	4927.4
59	59	1.862	палка-ручка-контроль	14.2	15.6	порода-охристая	1.068	42.0	17.0	17.0	24.0	bbox	58	126.1	113.1	126.1	298,0,42,15	1239.0	39.4863270	73.5937820	4927.4
60	60	0.671	стакан-марка-красная	5.1	5.9	порода-охристая	0.887	55.7	10.0	6.0	11.7	bbox	59	56.1	56.1	56.1	634,59,32,27	1228.4	39.4863260	73.5937820	4927.6
61	61	1.256	стакан-марка-красная	5.8	28.6	порода-в-тени	1.305	21.2	8.0	-4.0	8.9	bbox	60	82.1	79.1	82.1	0,47,33,38	1219.2	39.4863270	73.5937820	4927.5
62	62	2.003	стакан-марка-красная	15.1	18.4	порода-в-тени	0.683	31.4	-4.0	3.0	5.0	bbox	61	57.1	50.1	57.1	187,969,37,36	1217.4	39.4863260	73.5937820	4927.6
63	63	1.749	палка-ручка-контроль	12.7	20.3	порода-охристая	0.902	37.3	15.0	17.0	22.7	bbox	62	13.0	13.0	13.0	242,1021,37,40	1216.4	39.4863230	73.5937870	4927.6
64	64	1.934	рюкзак-синий	12.4	32.5	порода-в-тени	0.520	6.3	-2.0	-2.0	2.8	bbox	63	56.1	55.1	56.1	1601,957,14,50	1206.7	39.4863260	73.5937820	4927.6
65	65	0.765	рюкзак-синий	6.1	2.4	снег-в-тени	0.237	41.2	0.0	-8.0	8.0	bbox	64	204.2	204.2	204.2	235,249,44,30	1199.3	39.4863260	73.5937840	4927.5
66	66	1.988	стакан-марка-красная	15.7	9.8	порода-охристая	1.009	40.0	18.0	15.0	23.4	bbox	65	42.0	37.0	51.1	593,731,25,18	1199.0	39.4863250	73.5937820	4927.6
67	67	1.550	стакан-марка-красная	10.6	22.3	порода-охристая	1.137	27.5	3.0	8.0	8.5	bbox	66	210.2	208.2	210.2	1751,77,28,20	1192.1	39.4863280	73.5937840	4927.5
68	68	1.163	стакан-марка-красная	9.2	4.3	порода-охристая	0.627	54.1	9.0	10.0	13.5	bbox	67	175.2	175.2	187.2	1155,1007,20,40	1180.6	39.4863270	73.5937840	4927.4
69	69	0.568	рюкзак-синий	4.1	6.7	снег-в-тени	0.363	45.5	2.0	-10.0	10.2	bbox	68	204.2	204.2	204.2	217,171,20,38	1159.5	39.4863260	73.5937840	4927.5
70	70	0.791	стакан-марка-красная	6.3	0.4	порода-охристая	0.683	49.4	13.0	7.0	14.8	bbox	69	194.2	182.2	194.2	377,269,20,32	1155.3	39.4863260	73.5937830	4927.4
71	71	0.405	стакан-марка-красная	3.0	4.3	порода-охристая	1.329	45.5	8.0	1.0	8.1	bbox	70	138.1	138.1	139.1	1141,129,31,21	1097.3	39.4863270	73.5937830	4927.5
72	72	1.528	стакан-марка-красная	12.2	4.3	порода-охристая	0.663	54.1	9.0	13.0	15.8	bbox	71	200.2	200.2	200.2	794,208,17,31	1091.6	39.4863260	73.5937830	4927.4
73	73	0.057	рюкзак-синий	0.0	1.6	снег-в-тени	0.805	40.4	1.0	-14.0	14.0	bbox	72	124.1	115.1	126.1	101,209,28,24	1088.5	39.4863270	73.5937820	4927.5
74	74	1.279	стакан-марка-красная	7.6	23.9	порода-охристая	0.694	25.9	8.0	8.0	11.3	bbox	73	158.2	158.2	161.2	125,1047,30,20	1074.7	39.4863280	73.5937840	4927.5
75	75	0.567	рюкзак-синий	4.5	2.7	снег-в-тени	0.503	36.1	-1.0	-10.0	10.0	bbox	74	159.2	159.2	167.2	1895,732,25,32	1074.3	39.4863280	73.5937840	4927.5
76	76	0.690	рюкзак-синий	5.0	8.2	снег-в-тени	0.640	30.6	1.0	-9.0	9.1	bbox	75	85.1	84.1	89.1	81,211,16,24	1074.1	39.4863270	73.5937830	4927.5
77	77	1.034	стакан-марка-красная	6.7	16.9	снег-розовый	0.848	66.7	6.5	6.0	8.8	bbox	76	201.2	201.2	201.2	761,913,30,18	1072.9	39.4863260	73.5937830	4927.4
78	78	1.056	рюкзак-синий	6.0	20.8	снег-в-тени	0.440	59.6	1.0	-8.0	8.1	bbox	77	204.2	204.2	204.2	569,869,32,52	1064.2	39.4863260	73.5937840	4927.5
79	79	0.825	рюкзак-синий	6.0	9.6	снег-в-тени	0.127	48.4	1.0	-8.0	8.1	bbox	78	185.2	172.2	185.2	1101,35,20,34	1060.2	39.4863260	73.5937830	4927.5
80	80	0.831	рюкзак-синий	6.1	9.4	снег-в-тени	0.657	29.4	0.0	-8.0	8.0	bbox	79	59.1	59.1	60.1	355,48,28,17	1047.5	39.4863270	73.5937820	4927.6
81	81	1.488	стакан-марка-красная	10.4	20.0	порода-охристая	0.485	29.8	14.0	11.0	17.8	bbox	80	198.2	195.2	203.2	669,319,24,30	1029.5	39.4863260	73.5937830	4927.4
82	82	0.782	стакан-марка-красная	6.1	5.1	снег-в-тени	1.184	44.7	5.0	0.0	5.0	bbox	81	54.1	53.1	54.1	367,214,57,45	1024.8	39.4863260	73.5937820	4927.6
83	83	1.238	стакан-марка-красная	6.7	25.5	порода-в-тени	0.895	24.3	5.0	-2.0	5.4	bbox	82	73.1	70.1	73.1	145,11,28,42	1019.8	39.4863290	73.5937830	4927.6
84	84	1.764	стакан-марка-красная	7.1	42.7	порода-в-тени	1.169	7.1	6.0	-4.0	7.2	bbox	83	80.1	78.1	80.1	771,15,36,40	1015.2	39.4863270	73.5937820	4927.5
85	85	0.902	рюкзак-синий	5.8	14.9	снег-в-тени	0.897	23.9	-2.0	-9.0	9.2	bbox	84	180.2	180.2	184.2	140,1007,19,30	1013.6	39.4863260	73.5937830	4927.4
86	86	1.167	стакан-марка-красная	6.7	22.7	порода-в-тени	0.915	27.1	5.0	-2.0	5.4	bbox	85	77.1	76.1	80.1	131,43,36,36	1009.1	39.4863280	73.5937830	4927.6
87	87	1.464	палка-ручка-контроль	11.7	3.9	порода-охристая	0.840	53.7	12.0	16.0	20.0	bbox	86	204.2	201.2	204.2	705,401,24,37	1007.8	39.4863260	73.5937840	4927.5
88	88	1.400	стакан-марка-красная	10.0	17.6	порода-охристая	0.223	32.2	11.0	11.0	15.6	bbox	87	0.0	0.0	4.0	537,860,32,13	1007.4	39.4863170	73.5937900	4927.5
89	89	1.022	стакан-марка-красная	7.6	10.4	порода-охристая	0.532	39.4	8.0	8.0	11.3	bbox	88	86.1	83.1	86.1	967,33,18,22	999.7	39.4863270	73.5937830	4927.5
90	90	1.157	палка-ручка-пробка	8.2	14.7	лишайник-жёлтый-на-камне	0.692	61.0	7.0	15.0	16.6	bbox	89	179.2	178.2	193.2	909,975,20,19	996.4	39.4863260	73.5937830	4927.4
91	91	1.223	стакан-марка-красная	6.0	27.1	порода-охристая	0.750	22.7	11.0	7.0	13.0	bbox	90	202.2	202.2	202.2	345,1029,30,30	990.5	39.4863260	73.5937830	4927.4
92	92	1.803	палка-ручка-контроль	13.6	16.8	порода-охристая	0.631	40.8	14.0	15.0	20.5	bbox	91	174.2	173.2	183.2	1859,749,26,18	985.8	39.4863280	73.5937840	4927.4
93	93	1.433	стакан-марка-красная	10.8	13.7	порода-охристая	0.507	36.1	15.0	11.0	18.6	bbox	92	157.2	154.2	160.2	1795,691,10,46	984.4	39.4863280	73.5937840	4927.5
94	94	1.227	стакан-марка-красная	4.2	31.0	порода-в-тени	1.257	18.8	8.0	-2.0	8.2	bbox	93	55.1	55.1	55.1	267,597,29,40	981.2	39.4863260	73.5937820	4927.6
95	95	1.018	стакан-марка-красная	5.4	21.4	порода-в-тени	1.040	28.4	6.0	-1.0	6.1	bbox	94	58.1	58.1	58.1	139,3,26,24	980.4	39.4863270	73.5937820	4927.6
96	96	1.396	стакан-марка-красная	9.8	18.4	порода-охристая	0.573	31.4	15.0	10.0	18.0	bbox	95	67.1	59.1	67.1	113,31,36,14	979.2	39.4863290	73.5937840	4927.6
97	97	1.515	стакан-марка-красная	12.0	4.7	снег-освещённый	0.939	54.5	-1.0	0.0	1.0	bbox	96	204.2	204.2	204.2	451,0,20,16	978.4	39.4863260	73.5937840	4927.5
98	98	1.665	стакан-марка-красная	13.2	7.4	порода-охристая	0.472	42.4	13.0	14.0	19.1	bbox	97	186.2	186.2	194.2	889,985,16,34	978.2	39.4863260	73.5937830	4927.5
99	99	1.172	стакан-марка-красная	8.9	9.8	порода-охристая	0.562	40.0	15.0	9.0	17.5	bbox	98	185.2	182.2	187.2	1119,361,16,30	967.6	39.4863260	73.5937830	4927.5
100	100	1.157	стакан-марка-красная	9.2	2.7	порода-охристая	0.894	47.1	5.0	8.0	9.4	bbox	99	211.2	207.2	211.2	1359,157,16,20	955.9	39.4863280	73.5937840	4927.5
101	101	0.280	рюкзак-синий	2.0	3.5	снег-в-тени	0.682	35.3	1.0	-12.0	12.0	bbox	100	30.0	14.0	31.0	201,121,28,26	953.3	39.4863240	73.5937830	4927.6
102	102	0.520	рюкзак-синий	4.1	1.9	снег-в-тени	0.464	36.9	0.0	-10.0	10.0	bbox	101	156.2	151.2	166.2	1752,715,25,32	947.6	39.4863280	73.5937840	4927.5
103	103	0.635	рюкзак-синий	5.0	3.1	снег-в-тени	0.467	35.7	1.0	-9.0	9.1	bbox	102	145.1	141.1	149.1	1699,343,18,19	943.4	39.4863290	73.5937840	4927.5
104	104	1.124	стакан-марка-красная	7.2	18.8	порода-охристая	0.755	31.0	7.0	7.0	9.9	bbox	103	10.0	8.0	11.0	611,631,20,37	941.6	39.4863220	73.5937880	4927.6
105	105	1.674	стакан-марка-красная	10.8	27.8	порода-охристая	0.771	22.0	15.0	11.0	18.6	bbox	104	195.2	195.2	199.2	24,814,15,31	935.8	39.4863260	73.5937830	4927.4
106	106	0.774	рюкзак-синий	6.1	4.1	снег-в-тени	0.468	34.7	0.0	-8.0	8.0	bbox	105	198.2	191.2	199.2	825,97,20,24	917.5	39.4863260	73.5937830	4927.4
107	107	0.627	стакан-марка-красная	5.0	1.6	порода-охристая	0.909	48.2	8.0	5.0	9.4	bbox	106	57.1	57.1	57.1	767,255,23,20	909.8	39.4863260	73.5937820	4927.6
108	108	1.340	стакан-марка-красная	10.0	13.5	порода-охристая	0.794	36.3	5.0	9.0	10.3	bbox	107	162.2	161.2	162.2	13,959,24,16	905.3	39.4863280	73.5937830	4927.4
109	109	0.944	рюкзак-синий	6.0	16.1	снег-в-тени	0.904	22.7	1.0	-8.0	8.1	bbox	108	199.2	195.2	199.2	562,163,24,20	899.7	39.4863260	73.5937830	4927.4
110	110	0.566	рюкзак-синий	4.0	7.4	снег-в-тени	0.650	31.4	1.0	-10.0	10.0	bbox	109	141.1	129.1	141.1	235,0,24,35	894.2	39.4863280	73.5937840	4927.5
111	111	0.971	стакан-марка-красная	6.7	13.7	порода-охристая	0.630	36.1	8.0	7.0	10.6	bbox	110	76.1	75.1	77.1	827,69,16,26	893.8	39.4863280	73.5937830	4927.6
112	112	0.674	рюкзак-синий	5.0	7.0	снег-в-тени	0.599	31.8	1.0	-9.0	9.1	bbox	111	83.1	83.1	86.1	309,313,14,24	887.5	39.4863270	73.5937820	4927.5
113	113	0.850	рюкзак-синий	6.7	3.9	снег-в-тени	0.308	42.7	-2.0	-8.0	8.2	bbox	112	38.0	38.0	53.1	1415,731,32,20	882.6	39.4863250	73.5937810	4927.6
114	114	1.765	стакан-марка-красная	12.2	25.1	порода-в-тени	0.538	24.7	-1.0	3.0	3.2	bbox	113	218.2	216.2	225.2	1895,1043,25,22	877.0	39.4863280	73.5937840	4927.5
115	115	1.422	стакан-марка-красная	8.5	26.3	порода-охристая	0.697	23.5	14.0	9.0	16.6	bbox	114	53.1	50.1	53.1	371,715,24,38	868.2	39.4863260	73.5937820	4927.6
116	116	1.127	стакан-марка-красная	5.0	26.3	порода-в-тени	1.137	23.5	7.0	-2.0	7.3	bbox	115	54.1	51.1	58.1	345,365,30,45	864.4	39.4863260	73.5937820	4927.6
117	117	0.802	рюкзак-синий	5.0	14.1	снег-в-тени	0.897	24.7	-2.0	-10.0	10.2	bbox	116	185.2	180.2	190.2	266,611,17,36	861.8	39.4863260	73.5937830	4927.5
118	118	0.714	рюкзак-синий	5.1	9.0	снег-в-тени	0.655	29.8	0.0	-9.0	9.0	bbox	117	191.2	187.2	194.2	89,675,20,20	854.9	39.4863260	73.5937830	4927.4
119	119	1.358	стакан-марка-красная	9.8	16.1	порода-охристая	0.542	33.7	15.0	10.0	18.0	bbox	118	56.1	56.1	56.1	133,221,26,40	844.1	39.4863260	73.5937820	4927.6
120	120	1.553	рюкзак-синий	10.4	23.6	снег-в-тени	0.763	62.4	-2.0	-4.0	4.5	bbox	119	122.1	112.1	123.1	667,179,40,16	844.1	39.4863260	73.5937820	4927.5
121	121	1.170	стакан-марка-красная	8.6	12.9	снег-розовый	0.771	62.7	4.0	6.0	7.2	bbox	120	122.1	113.1	124.1	631,176,28,21	840.4	39.4863260	73.5937820	4927.5
122	122	0.645	рюкзак-синий	4.5	9.0	снег-в-тени	0.701	29.8	-1.0	-10.0	10.0	bbox	121	185.2	181.2	190.2	263,675,28,18	839.3	39.4863260	73.5937830	4927.5
123	123	0.615	рюкзак-синий	4.1	9.4	снег-в-тени	0.703	29.4	0.0	-10.0	10.0	bbox	122	192.2	190.2	193.2	56,607,17,18	835.2	39.4863270	73.5937830	4927.5
124	124	0.412	рюкзак-синий	1.0	11.0	снег-в-тени	0.887	49.8	1.0	-15.0	15.0	bbox	123	121.1	113.1	123.1	379,239,24,16	832.4	39.4863260	73.5937820	4927.5
125	125	1.959	стакан-марка-красная	14.2	23.1	корка-жёлтая-на-скале	0.980	26.7	0.0	10.0	10.0	bbox	124	4.0	0.0	4.0	575,551,20,14	831.6	39.4863190	73.5937890	4927.5
126	126	1.358	стакан-марка-красная	8.1	25.5	порода-охристая	0.802	24.3	7.0	8.0	10.6	bbox	125	144.1	137.1	144.1	1721,417,22,20	831.1	39.4863290	73.5937840	4927.5
127	127	0.125	рюкзак-синий	0.0	3.5	снег-в-тени	0.882	35.3	1.0	-14.0	14.0	bbox	126	31.0	14.0	32.0	203,77,18,31	822.1	39.4863240	73.5937820	4927.6
128	128	0.787	стакан-марка-красная	6.0	6.7	порода-охристая	0.816	56.5	11.0	7.0	13.0	bbox	127	156.2	151.2	162.2	330,773,15,20	818.9	39.4863280	73.5937840	4927.5
129	129	1.672	стакан-марка-красная	11.2	25.7	порода-охристая	0.807	24.1	16.0	11.0	19.4	bbox	128	56.1	56.1	56.1	204,115,18,20	816.7	39.4863260	73.5937820	4927.6
130	130	1.014	рюкзак-синий	7.0	14.3	снег-в-тени	0.260	53.1	1.0	-7.0	7.1	bbox	129	204.2	204.2	204.2	189,638,28,33	810.7	39.4863260	73.5937840	4927.5
131	131	1.193	стакан-марка-красная	8.5	14.9	порода-охристая	0.468	34.9	8.0	9.0	12.0	bbox	130	211.2	208.2	211.2	1730,569,25,19	810.6	39.4863280	73.5937840	4927.5
132	132	1.189	стакан-марка-красная	8.9	11.4	порода-охристая	0.559	38.4	15.0	9.0	17.5	bbox	131	185.2	184.2	187.2	1109,417,14,32	807.8	39.4863260	73.5937830	4927.5
133	133	0.538	рюкзак-синий	4.1	4.3	снег-в-тени	0.592	34.5	2.0	-10.0	10.2	bbox	132	186.2	186.2	188.2	1907,210,13,26	799.7	39.4863260	73.5937830	4927.5
134	134	0.716	рюкзак-синий	5.0	9.8	снег-в-тени	0.694	29.0	1.0	-9.0	9.1	bbox	133	13.0	13.0	13.0	926,363,15,20	793.7	39.4863230	73.5937870	4927.6
135	135	1.256	стакан-марка-красная	7.6	22.9	порода-охристая	0.672	26.9	8.0	8.0	11.3	bbox	134	134.1	128.1	135.1	1599,99,20,22	792.3	39.4863270	73.5937820	4927.5
136	136	1.355	стакан-марка-красная	9.8	15.9	порода-в-тени	0.739	33.9	2.0	-3.0	3.6	bbox	135	58.1	58.1	58.1	863,23,46,20	790.3	39.4863270	73.5937820	4927.6
137	137	1.108	стакан-марка-красная	7.2	18.0	порода-охристая	0.746	31.8	7.0	7.0	9.9	bbox	136	74.1	60.1	77.1	685,435,9,34	787.4	39.4863290	73.5937830	4927.6
138	138	1.157	стакан-марка-красная	9.2	2.7	снег-розовый	1.120	52.5	4.0	7.0	8.1	bbox	137	79.1	79.1	84.1	1269,177,24,16	784.3	39.4863270	73.5937820	4927.6
139	139	0.841	рюкзак-синий	6.7	1.9	снег-в-тени	0.464	36.9	-2.0	-8.0	8.2	bbox	138	4.0	4.0	4.0	238,659,27,20	781.8	39.4863190	73.5937890	4927.5
140	140	0.687	рюкзак-синий	5.0	8.0	снег-в-тени	0.633	30.8	1.0	-9.0	9.1	bbox	139	152.2	150.2	160.2	1881,847,12,34	778.4	39.4863280	73.5937840	4927.5
141	141	1.455	стакан-марка-красная	7.0	32.5	порода-в-тени	1.745	17.3	11.0	-6.0	12.5	bbox	140	200.2	200.2	200.2	51,103,14,42	776.2	39.4863260	73.5937830	4927.4
142	142	0.780	рюкзак-синий	5.1	12.6	снег-в-тени	0.179	51.4	0.0	-9.0	9.0	bbox	141	163.2	163.2	169.2	1855,490,16,29	767.6	39.4863280	73.5937830	4927.5
143	143	1.638	стакан-марка-красная	12.2	16.7	корка-жёлтая-на-скале	1.027	33.1	1.0	8.0	8.1	bbox	142	81.1	79.1	81.1	303,9,37,12	767.2	39.4863270	73.5937820	4927.5
144	144	1.945	рюкзак-синий	12.0	34.5	порода-в-тени	0.639	4.3	0.0	-2.0	2.0	bbox	143	79.1	79.1	79.1	1735,121,16,39	763.3	39.4863270	73.5937820	4927.6
145	145	1.573	стакан-марка-красная	6.7	37.3	порода-в-тени	0.927	12.5	5.0	-2.0	5.4	bbox	144	197.2	195.2	199.2	771,13,36,25	756.5	39.4863260	73.5937830	4927.4
146	146	1.341	стакан-марка-красная	10.6	5.1	корка-жёлтая-на-скале	0.936	54.9	4.0	9.0	9.8	bbox	145	133.1	122.1	133.1	666,29,19,16	756.1	39.4863270	73.5937820	4927.5
147	147	0.809	стакан-марка-красная	5.4	12.5	порода-охристая	1.180	37.3	6.0	3.0	6.7	bbox	146	130.1	127.1	130.1	1147,36,28,21	751.8	39.4863270	73.5937810	4927.5
148	148	1.713	стакан-марка-красная	12.5	19.4	порода-в-тени	1.091	30.4	0.0	7.0	7.0	bbox	147	112.1	112.1	112.1	205,904,18,21	745.7	39.4863260	73.5937820	4927.5
149	149	1.061	рюкзак-синий	7.3	15.3	снег-в-тени	0.953	23.5	3.0	-7.0	7.6	bbox	148	204.2	204.2	204.2	387,91,18,33	737.0	39.4863260	73.5937840	4927.5
150	150	1.526	стакан-марка-красная	12.0	7.8	порода-охристая	0.280	42.0	11.0	13.0	17.0	bbox	149	173.2	172.2	181.2	1839,757,14,24	731.4	39.4863280	73.5937840	4927.4
151	151	1.406	стакан-марка-красная	10.8	10.8	корка-жёлтая-на-скале	1.077	39.0	2.0	7.0	7.3	bbox	150	137.1	136.1	138.1	900,89,63,8	725.6	39.4863270	73.5937830	4927.5
152	152	1.485	стакан-марка-красная	11.7	7.1	порода-охристая	0.538	42.7	15.0	12.0	19.2	bbox	151	165.2	158.2	169.2	1081,511,22,18	714.3	39.4863280	73.5937840	4927.5
153	153	1.071	стакан-марка-красная	7.6	13.7	порода-охристая	0.537	36.1	8.0	8.0	11.3	bbox	152	112.1	112.1	112.1	581,581,22,16	709.6	39.4863260	73.5937820	4927.5
154	154	1.185	стакан-марка-красная	7.8	18.8	порода-охристая	0.843	31.0	6.0	7.0	9.2	bbox	153	202.2	202.2	202.2	77,805,16,22	709.2	39.4863260	73.5937830	4927.4
155	155	1.515	палка-ручка-пробка	11.0	17.5	лишайник-жёлтый-на-камне	0.841	58.2	6.0	12.0	13.4	bbox	154	56.1	55.1	57.1	407,207,17,16	703.0	39.4863260	73.5937820	4927.6
156	156	0.880	рюкзак-синий	4.1	20.0	снег-в-тени	1.361	18.8	5.0	-13.0	13.9	bbox	155	41.0	35.0	41.0	3,396,10,38	702.3	39.4863250	73.5937810	4927.6
157	157	0.745	стакан-марка-красная	5.8	4.3	порода-охристая	0.920	54.1	8.0	6.0	10.0	bbox	156	197.2	195.2	199.2	315,0,22,19	697.2	39.4863260	73.5937830	4927.4
158	158	1.760	стакан-марка-красная	13.6	12.7	снег-розовый	0.824	62.5	-2.0	5.0	5.4	bbox	157	54.1	54.1	57.1	59,3,68,18	696.4	39.4863260	73.5937820	4927.6
159	159	0.565	рюкзак-синий	4.5	2.3	снег-в-тени	0.492	36.5	-1.0	-10.0	10.0	bbox	158	140.1	128.1	140.1	237,81,18,16	695.3	39.4863280	73.5937830	4927.5
160	160	1.332	стакан-марка-красная	5.0	32.9	порода-в-тени	1.038	16.9	6.0	1.0	6.1	bbox	159	101.1	97.1	101.1	1207,24,14,35	692.5	39.4863260	73.5937820	4927.5
161	161	1.300	стакан-марка-красная	9.4	15.3	порода-охристая	0.687	34.5	6.0	9.0	10.8	bbox	160	81.1	81.1	84.1	1617,287,18,16	691.8	39.4863270	73.5937820	4927.5
162	162	2.300	стакан-марка-красная	15.8	32.9	снег-освещённый	0.841	82.7	-4.0	6.0	7.2	bbox	161	58.1	58.1	58.1	201,63,42,14	690.5	39.4863270	73.5937820	4927.6
163	163	1.216	стакан-марка-красная	6.3	25.9	снег-в-тени	1.461	23.9	9.0	-5.0	10.3	bbox	162	200.2	200.2	200.2	11,153,14,40	687.3	39.4863260	73.5937830	4927.4
164	164	1.558	стакан-марка-красная	11.4	17.6	порода-охристая	0.454	32.2	14.0	12.0	18.4	bbox	163	34.0	34.0	42.0	833,1035,18,32	686.6	39.4863240	73.5937820	4927.6
165	165	2.096	стакан-марка-красная	16.8	1.4	корка-жёлтая-на-скале	1.293	51.2	-5.0	6.0	7.8	bbox	164	55.1	55.1	56.1	139,383,16,16	686.5	39.4863260	73.5937820	4927.6
166	166	0.923	рюкзак-синий	6.3	13.4	снег-в-тени	0.200	52.2	-1.0	-8.0	8.1	bbox	165	174.2	173.2	186.2	1571,976,20,21	686.5	39.4863280	73.5937840	4927.4
167	167	1.490	стакан-марка-красная	11.2	14.5	порода-охристая	0.635	35.3	16.0	11.0	19.4	bbox	166	34.0	33.0	39.0	711,940,31,22	685.7	39.4863240	73.5937820	4927.6
168	168	0.682	стакан-марка-красная	5.4	3.1	порода-охристая	0.735	46.7	9.0	6.0	10.8	bbox	167	219.2	216.2	223.2	1729,355,27,16	685.7	39.4863280	73.5937840	4927.5
169	169	0.839	стакан-марка-красная	6.7	0.6	порода-охристая	0.735	49.2	8.0	7.0	10.6	bbox	168	218.2	216.2	221.2	1699,227,16,16	680.9	39.4863280	73.5937840	4927.5
170	170	1.377	стакан-марка-красная	7.6	27.8	порода-охристая	0.791	22.0	14.0	8.0	16.1	bbox	169	21.0	14.0	30.0	716,776,25,28	678.9	39.4863230	73.5937850	4927.6
171	171	1.415	стакан-марка-красная	10.8	12.2	порода-охристая	0.979	62.0	15.0	11.0	18.6	bbox	170	204.2	203.2	204.2	1081,405,14,20	678.8	39.4863260	73.5937840	4927.5
172	172	0.667	рюкзак-синий	5.1	5.5	снег-в-тени	0.587	33.3	2.0	-9.0	9.2	bbox	171	164.2	164.2	173.2	1877,622,12,27	677.7	39.4863280	73.5937830	4927.5
173	173	2.369	стакан-марка-красная	15.0	40.4	снег-освещённый	0.562	90.2	-4.0	2.0	4.5	bbox	172	82.1	76.1	83.1	688,56,39,25	672.9	39.4863270	73.5937820	4927.5
174	174	2.146	палка-древко-контроль	16.1	20.6	порода-в-тени	0.559	21.0	-6.0	1.0	6.1	bbox	173	82.1	79.1	82.1	1885,83,8,30	670.8	39.4863270	73.5937820	4927.5
175	175	0.349	рюкзак-синий	2.5	4.3	снег-в-тени	0.600	43.1	-1.0	-12.5	12.5	bbox	174	47.0	38.0	51.1	327,557,14,30	669.7	39.4863250	73.5937820	4927.6
176	176	1.817	рюкзак-синий	13.3	20.2	порода-в-тени	0.063	18.6	-2.0	-1.0	2.2	bbox	175	198.2	197.2	198.2	1699,467,24,33	665.4	39.4863260	73.5937830	4927.4
177	177	1.233	стакан-марка-красная	9.8	2.0	порода-охристая	0.616	47.8	7.0	10.0	12.2	bbox	176	165.2	164.2	167.2	1801,132,29,17	665.2	39.4863280	73.5937840	4927.5
178	178	1.036	стакан-марка-красная	8.1	6.7	порода-охристая	0.898	56.5	7.0	8.0	10.6	bbox	177	165.2	165.2	168.2	1859,367,14,16	663.9	39.4863280	73.5937840	4927.5
179	179	1.764	стакан-марка-красная	13.3	16.1	снег-розовый	0.698	65.9	-2.0	4.0	4.5	bbox	178	136.1	134.1	136.1	705,37,50,12	663.0	39.4863270	73.5937820	4927.5
180	180	0.822	рюкзак-синий	6.3	6.3	снег-в-тени	1.508	45.1	-1.0	-20.0	20.0	bbox	179	14.0	14.0	15.0	539,105,14,24	662.9	39.4863230	73.5937870	4927.6
181	181	2.352	стакан-марка-красная	18.2	16.1	снег-освещённый	1.047	65.9	-7.0	4.0	8.1	bbox	180	82.1	82.1	82.1	61,175,22,24	659.2	39.4863270	73.5937820	4927.5
182	182	2.334	стакан-марка-красная	15.3	37.5	снег-освещённый	0.666	87.3	-4.0	4.0	5.7	bbox	181	58.1	58.1	58.1	409,13,40,14	658.2	39.4863270	73.5937820	4927.6
183	183	1.528	стакан-марка-красная	12.2	4.3	порода-охристая	0.663	54.1	9.0	13.0	15.8	bbox	182	204.2	200.2	204.2	171,561,16,38	656.5	39.4863260	73.5937840	4927.5
184	184	2.169	стакан-марка-красная	17.1	10.6	корка-жёлтая-на-скале	1.218	39.2	-5.0	7.0	8.6	bbox	183	57.1	57.1	57.1	17,125,40,8	648.2	39.4863260	73.5937820	4927.6
185	185	1.446	стакан-марка-красная	8.1	29.0	порода-в-тени	0.791	20.8	4.0	-3.0	5.0	bbox	184	212.2	212.2	213.2	1866,61,23,32	643.0	39.4863280	73.5937840	4927.5
186	186	0.137	рюкзак-синий	1.0	1.6	снег-в-тени	0.795	40.4	0.0	-14.0	14.0	bbox	185	120.1	114.1	126.1	103,573,26,23	642.4	39.4863270	73.5937820	4927.4
187	187	1.002	стакан-марка-красная	7.8	6.3	порода-охристая	0.821	43.5	6.0	7.0	9.2	bbox	186	57.1	57.1	57.1	621,343,21,12	642.3	39.4863260	73.5937820	4927.6
188	188	1.213	стакан-марка-красная	8.5	16.1	порода-охристая	0.481	33.7	8.0	9.0	12.0	bbox	187	11.0	11.0	11.0	411,821,12,24	640.3	39.4863220	73.5937880	4927.6
189	189	0.768	рюкзак-синий	2.2	20.0	снег-в-тени	1.075	58.8	0.0	-16.0	16.0	bbox	188	201.2	201.2	201.2	35,793,10,32	637.1	39.4863260	73.5937830	4927.4
190	190	1.266	рюкзак-синий	9.2	14.7	снег-в-тени	1.310	24.1	8.0	-8.0	11.3	bbox	189	11.0	9.0	17.0	1234,1019,9,22	636.2	39.4863220	73.5937880	4927.6
191	191	0.683	стакан-марка-красная	5.1	6.9	порода-охристая	0.912	56.7	10.0	6.0	11.7	bbox	190	54.1	54.1	54.1	792,288,18,20	633.1	39.4863260	73.5937820	4927.6
192	192	1.409	стакан-марка-красная	8.6	25.5	порода-охристая	0.886	24.3	6.0	8.0	10.0	bbox	191	202.2	202.2	202.2	1699,0,31,9	630.7	39.4863260	73.5937830	4927.4
193	193	1.431	стакан-марка-красная	11.2	8.6	лишайник-жёлтый-на-камне	0.936	58.4	6.0	11.0	12.5	bbox	192	179.2	179.2	190.2	486,1017,27,18	628.1	39.4863260	73.5937830	4927.4
194	194	1.163	рюкзак-синий	7.1	21.2	порода-в-тени	0.797	17.6	0.0	-7.0	7.0	bbox	193	79.1	79.1	80.1	95,791,18,18	624.8	39.4863270	73.5937820	4927.6
195	195	0.703	стакан-марка-красная	4.5	12.0	порода-охристая	0.791	37.8	9.0	5.0	10.3	bbox	194	140.1	140.1	140.1	881,0,18,21	622.3	39.4863280	73.5937830	4927.5
196	196	0.766	рюкзак-синий	5.4	10.2	снег-в-тени	0.182	49.0	-1.0	-9.0	9.1	bbox	195	222.2	212.2	224.2	1832,165,26,26	621.0	39.4863270	73.5937830	4927.5
197	197	0.639	рюкзак-синий	5.1	1.3	снег-в-тени	0.463	37.5	2.0	-9.0	9.2	bbox	196	61.1	59.1	61.1	5,331,16,16	613.4	39.4863270	73.5937830	4927.6
198	198	0.216	рюкзак-синий	1.0	4.9	снег-в-тени	0.804	43.7	2.0	-14.0	14.1	bbox	197	127.1	127.1	131.1	21,414,12,23	611.5	39.4863270	73.5937810	4927.4
199	199	0.990	рюкзак-синий	5.1	21.2	снег-в-тени	0.518	60.0	2.0	-9.0	9.2	bbox	198	204.2	204.2	204.2	879,537,12,24	611.1	39.4863260	73.5937840	4927.5
200	200	1.230	рюкзак-синий	9.4	9.8	снег-в-тени	1.316	29.0	9.0	-9.0	12.7	bbox	199	54.1	54.1	54.1	221,31,20,18	608.4	39.4863260	73.5937820	4927.6
201	201	2.174	стакан-марка-красная	13.9	36.5	снег-розовый	0.772	86.3	-2.0	6.0	6.3	bbox	200	196.2	191.2	198.2	655,203,46,8	607.8	39.4863260	73.5937830	4927.4
202	202	0.781	рюкзак-синий	5.8	7.8	снег-в-тени	0.791	31.0	4.0	-9.0	9.8	bbox	201	55.1	55.1	55.1	213,653,22,22	607.2	39.4863260	73.5937820	4927.6
203	203	1.731	стакан-марка-красная	12.0	23.9	порода-в-тени	0.264	25.9	-1.0	0.0	1.0	bbox	202	105.1	104.1	105.1	82,793,25,34	606.4	39.4863260	73.5937820	4927.5
204	204	1.893	рюкзак-синий	12.0	32.1	порода-в-тени	0.565	6.7	0.0	-2.0	2.0	bbox	203	57.1	57.1	57.1	1253,518,22,41	600.7	39.4863260	73.5937820	4927.6
205	205	1.207	стакан-марка-красная	7.6	20.8	порода-в-тени	0.820	29.0	4.0	-2.0	4.5	bbox	204	148.1	148.1	150.2	1822,1037,21,43	599.5	39.4863290	73.5937850	4927.5
206	206	1.376	рюкзак-синий	8.5	24.5	снег-в-тени	1.619	14.3	8.5	-10.0	13.1	bbox	205	55.1	55.1	55.1	1317,59,24,16	596.2	39.4863260	73.5937820	4927.6
207	207	1.350	стакан-марка-красная	8.5	23.1	порода-охристая	0.615	26.7	14.0	9.0	16.6	bbox	206	27.0	14.0	32.0	488,649,21,17	591.6	39.4863240	73.5937840	4927.5
208	208	1.796	стакан-марка-красная	11.0	32.2	порода-в-тени	0.296	17.6	0.0	0.0	0.0	bbox	207	3.0	0.0	3.0	22,209,25,25	588.3	39.4863190	73.5937890	4927.5
209	209	0.741	рюкзак-синий	5.1	10.6	снег-в-тени	0.710	28.2	0.0	-9.0	9.0	bbox	208	160.2	160.2	169.2	1817,667,16,22	588.1	39.4863280	73.5937840	4927.5
210	210	1.533	стакан-марка-красная	12.2	4.1	корка-жёлтая-на-скале	0.887	45.7	1.0	8.0	8.1	bbox	209	205.2	205.2	205.2	1475,123,14,18	585.0	39.4863270	73.5937840	4927.5
211	211	1.773	рюкзак-синий	12.0	26.3	порода-в-тени	0.587	12.5	2.0	-2.0	2.8	bbox	210	54.1	54.1	54.1	1217,519,22,38	583.8	39.4863260	73.5937820	4927.6
212	212	1.123	рюкзак-синий	8.6	9.0	снег-в-тени	1.008	47.8	8.0	-9.0	12.0	bbox	211	55.1	55.1	56.1	333,229,11,30	583.4	39.4863260	73.5937820	4927.6
213	213	1.930	палка-древко-контроль	15.1	10.8	снег-освещённый	1.193	52.4	-6.0	0.0	6.0	bbox	212	82.1	82.1	86.1	1727,235,20,33	581.2	39.4863270	73.5937820	4927.5
214	214	2.030	стакан-марка-красная	16.1	6.7	снег-освещённый	1.070	56.5	-5.0	3.0	5.8	bbox	213	82.1	79.1	83.1	51,113,26,28	578.7	39.4863270	73.5937820	4927.5
215	215	1.110	стакан-марка-красная	7.6	16.3	порода-охристая	0.379	33.5	10.0	8.5	13.1	bbox	214	216.2	216.2	225.2	549,771,25,20	572.8	39.4863280	73.5937840	4927.5
216	216	0.729	рюкзак-синий	5.8	0.4	снег-в-тени	0.415	39.2	-2.0	-9.0	9.2	bbox	215	109.1	109.1	110.1	1543,39,14,18	570.4	39.4863270	73.5937820	4927.5
217	217	0.849	стакан-марка-красная	6.7	3.7	снег-в-тени	0.997	53.5	5.0	-2.0	5.4	bbox	216	67.1	65.1	71.1	135,231,26,28	567.3	39.4863290	73.5937840	4927.6
218	218	1.285	стакан-марка-красная	10.2	4.5	снег-в-тени	0.914	54.3	1.0	-1.0	1.4	bbox	217	113.1	113.1	115.1	633,21,30,18	566.9	39.4863270	73.5937820	4927.5
219	219	1.126	стакан-марка-красная	9.0	1.6	порода-охристая	0.373	48.2	11.0	10.0	14.9	bbox	218	20.0	14.0	29.0	607,563,22,20	565.8	39.4863230	73.5937850	4927.6
220	220	1.604	стакан-марка-красная	11.7	18.4	снег-освещённый	0.598	68.2	0.0	-3.0	3.0	bbox	219	73.1	66.1	76.1	43,257,24,41	565.4	39.4863290	73.5937830	4927.6
221	221	1.675	стакан-марка-красная	13.3	4.3	порода-охристая	0.588	45.5	14.0	14.0	19.8	bbox	220	204.2	204.2	204.2	587,956,22,14	562.5	39.4863260	73.5937840	4927.5
222	222	1.615	рюкзак-синий	10.4	26.6	порода-в-тени	0.889	12.2	4.0	-4.0	5.7	bbox	221	91.1	86.1	91.1	143,0,34,21	561.7	39.4863270	73.5937820	4927.5
223	223	1.000	рюкзак-синий	7.6	8.6	снег-в-тени	0.813	30.2	4.0	-7.0	8.1	bbox	222	61.1	59.1	61.1	7,247,16,22	560.7	39.4863270	73.5937830	4927.6
224	224	1.358	стакан-марка-красная	7.3	28.2	порода-охристая	0.751	21.6	13.0	8.0	15.3	bbox	223	31.0	31.0	32.0	17,609,29,30	560.3	39.4863240	73.5937820	4927.6
225	225	0.983	стакан-марка-красная	7.6	6.9	порода-охристая	0.841	56.7	8.0	8.0	11.3	bbox	224	173.2	173.2	176.2	1220,1037,18,17	559.3	39.4863280	73.5937840	4927.4
226	226	1.377	стакан-марка-красная	8.1	26.3	порода-охристая	0.820	23.5	7.0	8.0	10.6	bbox	225	216.2	216.2	221.2	1797,731,28,14	557.1	39.4863280	73.5937840	4927.5
227	227	0.404	рюкзак-синий	3.2	2.4	снег-в-тени	0.443	41.2	0.0	-11.0	11.0	bbox	226	33.0	33.0	36.0	541,925,16,14	554.5	39.4863240	73.5937820	4927.6
228	228	1.234	рюкзак-синий	9.4	10.2	снег-в-тени	1.046	28.6	6.0	-6.0	8.5	bbox	227	80.1	75.1	81.1	669,75,32,20	554.0	39.4863270	73.5937820	4927.5
229	229	1.355	палка-ручка-контроль	10.8	2.3	порода-охристая	0.971	55.3	12.0	17.0	20.8	bbox	228	3.0	0.0	3.0	227,1067,16,13	553.8	39.4863190	73.5937890	4927.5
230	230	1.661	стакан-марка-красная	12.7	13.3	корка-жёлтая-на-скале	0.785	36.5	2.0	10.0	10.2	bbox	229	134.1	130.1	142.1	449,637,8,28	553.3	39.4863270	73.5937820	4927.5
231	231	0.943	стакан-марка-красная	6.6	12.9	порода-охристая	0.458	36.9	12.0	7.5	14.2	bbox	230	222.2	219.2	225.2	505,741,10,18	551.6	39.4863270	73.5937830	4927.5
232	232	2.060	палка-ручка-пробка	16.2	11.4	снег-розовый	0.904	87.1	-1.0	8.0	8.1	bbox	231	4.0	4.0	4.0	241,769,14,14	550.7	39.4863190	73.5937890	4927.5
233	233	1.030	стакан-марка-красная	5.8	20.4	снег-в-тени	1.297	29.4	8.0	-4.0	8.9	bbox	232	82.1	79.1	82.1	645,0,32,23	550.7	39.4863270	73.5937820	4927.5
234	234	0.813	стакан-марка-красная	5.7	11.0	порода-охристая	0.988	38.8	6.5	4.5	7.9	bbox	233	7.0	5.0	7.0	1195,973,28,22	549.8	39.4863200	73.5937890	4927.6
235	235	1.278	стакан-марка-красная	6.9	26.3	порода-охристая	0.851	23.5	14.5	7.0	16.1	bbox	234	173.2	164.2	177.2	1042,397,19,18	547.8	39.4863280	73.5937840	4927.4
236	236	1.222	стакан-марка-красная	6.3	26.1	порода-охристая	0.766	23.7	9.0	7.0	11.4	bbox	235	88.1	86.1	100.1	1437,505,24,16	543.2	39.4863270	73.5937830	4927.5
237	237	1.435	стакан-марка-красная	8.1	28.6	порода-охристая	0.877	21.2	15.0	8.0	17.0	bbox	236	65.1	59.1	72.1	290,365,15,20	543.0	39.4863280	73.5937840	4927.6
238	238	1.246	стакан-марка-красная	8.6	17.6	порода-охристая	0.762	32.2	6.0	8.0	10.0	bbox	237	5.0	5.0	7.0	1077,553,22,10	541.5	39.4863190	73.5937890	4927.5
239	239	1.461	стакан-марка-красная	11.4	9.0	корка-жёлтая-на-скале	0.944	40.8	2.0	8.0	8.2	bbox	238	137.1	136.1	144.1	1791,863,22,8	540.4	39.4863270	73.5937830	4927.5
240	240	1.077	рюкзак-синий	7.6	14.1	снег-в-тени	0.973	24.7	4.0	-7.0	8.1	bbox	239	121.1	113.1	121.1	29,59,22,20	539.8	39.4863260	73.5937820	4927.5
241	241	1.120	стакан-марка-красная	8.9	2.0	снег-в-тени	0.895	51.8	7.0	-7.0	9.9	bbox	240	56.1	55.1	56.1	265,263,24,23	538.9	39.4863260	73.5937820	4927.6
242	242	0.508	рюкзак-синий	2.8	10.2	снег-в-тени	1.009	49.0	-1.0	-16.0	16.0	bbox	241	220.2	216.2	220.2	1906,17,14,20	535.7	39.4863270	73.5937840	4927.5
243	243	1.328	стакан-марка-красная	10.3	9.2	снег-в-тени	0.688	59.0	2.0	-4.0	4.5	bbox	242	197.2	194.2	197.2	675,19,30,17	531.1	39.4863260	73.5937830	4927.4
244	244	1.177	стакан-марка-красная	9.2	6.7	порода-охристая	1.058	56.5	5.0	8.0	9.4	bbox	243	173.2	173.2	177.2	1887,603,16,12	530.2	39.4863280	73.5937840	4927.4
245	245	1.009	рюкзак-синий	8.1	1.4	снег-в-тени	0.693	40.2	5.0	-7.0	8.6	bbox	244	53.1	51.1	53.1	40,542,15,26	530.0	39.4863260	73.5937820	4927.6
246	246	1.181	стакан-марка-красная	8.1	17.3	порода-охристая	0.659	32.5	7.0	8.0	10.6	bbox	245	2.0	0.0	3.0	63,860,12,19	528.3	39.4863180	73.5937900	4927.5
247	247	1.354	стакан-марка-красная	7.8	26.3	порода-охристая	0.961	23.5	6.0	7.0	9.2	bbox	246	193.2	190.2	194.2	51,197,14,32	527.4	39.4863270	73.5937820	4927.4
248	248	1.305	рюкзак-синий	10.2	7.8	снег-в-тени	2.092	31.0	-1.0	-24.0	24.0	bbox	247	26.0	26.0	26.0	27,249,22,11	523.1	39.4863240	73.5937840	4927.6
249	249	1.239	стакан-марка-красная	7.8	21.4	порода-охристая	0.876	28.4	6.0	7.0	9.2	bbox	248	213.2	212.2	214.2	1567,789,18,14	523.1	39.4863280	73.5937840	4927.5
250	250	1.349	рюкзак-синий	10.2	12.3	порода-в-тени	0.760	26.5	3.0	-4.0	5.0	bbox	249	55.1	55.1	55.1	1776,941,32,16	520.4	39.4863260	73.5937820	4927.6
251	251	1.124	рюкзак-синий	6.7	21.0	порода-в-тени	1.156	17.8	4.0	-8.0	8.9	bbox	250	81.1	76.1	81.1	427,29,17,14	520.0	39.4863270	73.5937820	4927.5
252	252	2.237	стакан-марка-красная	16.8	22.0	снег-освещённый	0.957	71.8	-5.0	6.0	7.8	bbox	251	57.1	57.1	57.1	271,139,33,10	519.3	39.4863260	73.5937820	4927.6
253	253	0.977	стакан-марка-красная	7.2	10.6	порода-охристая	0.708	39.2	15.0	7.0	16.6	bbox	252	177.2	175.2	177.2	965,219,24,32	518.2	39.4863270	73.5937830	4927.5
254	254	2.282	стакан-марка-красная	13.2	44.3	снег-пересвеченный	0.375	94.1	-2.0	-1.0	2.2	bbox	253	45.0	39.0	46.0	531,93,22,27	515.4	39.4863250	73.5937810	4927.5
255	255	0.399	рюкзак-синий	3.2	1.6	снег-в-тени	0.459	40.4	0.0	-11.0	11.0	bbox	254	44.0	42.0	50.1	493,927,14,16	515.3	39.4863250	73.5937810	4927.5
256	256	0.999	палка-древко-контроль	5.1	21.5	снег-в-тени	1.002	63.1	-3.0	-14.0	14.3	bbox	255	215.2	214.2	215.2	9,217,32,24	513.9	39.4863280	73.5937840	4927.5
257	257	1.136	рюкзак-синий	6.0	23.9	порода-в-тени	0.972	14.9	1.0	-8.0	8.1	bbox	256	101.1	83.1	101.1	213,19,14,18	513.6	39.4863260	73.5937820	4927.5
258	258	1.271	стакан-марка-красная	8.5	19.6	порода-охристая	0.948	30.2	5.0	7.0	8.6	bbox	257	209.2	208.2	210.2	1841,1029,14,20	512.9	39.4863280	73.5937840	4927.5
259	259	0.716	рюкзак-синий	5.7	3.2	снег-в-тени	0.497	42.0	-3.0	-10.0	10.4	bbox	258	36.0	36.0	36.0	1863,44,19,28	511.8	39.4863240	73.5937810	4927.6
260	260	1.001	рюкзак-синий	5.8	19.2	снег-в-тени	1.310	19.6	6.0	-11.0	12.5	bbox	259	52.1	50.1	52.1	0,717,10,28	511.8	39.4863260	73.5937820	4927.6
261	261	1.439	рюкзак-синий	10.0	20.0	порода-в-тени	1.288	18.8	7.0	-6.0	9.2	bbox	260	200.2	200.2	200.2	355,485,12,34	510.4	39.4863260	73.5937830	4927.4
262	262	1.060	стакан-марка-красная	7.5	13.7	снег-в-тени	1.390	36.1	10.5	-6.5	12.3	bbox	261	54.1	54.1	54.1	139,91,14,24	508.3	39.4863260	73.5937820	4927.6
263	263	1.333	палка-ручка-пробка	10.0	13.0	лишайник-жёлтый-на-камне	0.633	62.7	5.0	13.0	13.9	bbox	262	163.2	163.2	164.2	1903,97,17,11	508.2	39.4863280	73.5937830	4927.5
264	264	2.063	палка-ручка-пробка	16.2	11.8	снег-розовый	0.909	87.5	-1.0	8.0	8.1	bbox	263	4.0	4.0	4.0	753,1055,10,16	503.9	39.4863190	73.5937890	4927.5
265	265	1.398	рюкзак-синий	8.9	23.5	порода-в-тени	1.091	15.3	5.0	-6.0	7.8	bbox	264	196.2	195.2	198.2	475,781,8,35	503.0	39.4863260	73.5937830	4927.4
266	266	1.241	стакан-марка-красная	6.1	27.4	порода-охристая	0.771	22.4	10.0	7.0	12.2	bbox	265	74.1	74.1	77.1	733,697,22,22	501.1	39.4863290	73.5937830	4927.6
267	267	1.229	рюкзак-синий	8.6	16.6	снег-в-тени	1.362	22.2	8.0	-9.0	12.0	bbox	266	55.1	55.1	56.1	1143,189,28,12	500.8	39.4863260	73.5937820	4927.6
268	268	0.483	рюкзак-синий	1.4	12.6	снег-в-тени	0.884	51.4	0.0	-15.0	15.0	bbox	267	211.2	208.2	211.2	1555,69,19,22	500.8	39.4863280	73.5937840	4927.5
269	269	1.326	стакан-марка-красная	8.1	24.1	снег-в-тени	1.484	25.7	10.0	-7.0	12.2	bbox	268	57.1	57.1	57.1	17,33,19,24	500.6	39.4863260	73.5937820	4927.6
270	270	0.510	рюкзак-синий	4.0	2.1	снег-в-тени	0.851	36.7	4.5	-12.0	12.8	bbox	269	44.0	40.0	45.0	37,983,12,21	496.8	39.4863250	73.5937810	4927.5
271	271	0.874	стакан-марка-красная	6.7	6.9	снег-розовый	0.974	56.7	5.0	-2.0	5.4	bbox	270	201.2	201.2	201.2	47,1050,18,23	491.9	39.4863260	73.5937830	4927.4
272	272	0.993	рюкзак-синий	6.3	16.8	порода-в-тени	0.886	22.0	-1.0	-8.0	8.1	bbox	271	186.2	185.2	188.2	194,975,31,18	491.4	39.4863260	73.5937830	4927.5
273	273	0.982	рюкзак-синий	6.7	14.3	снег-в-тени	0.971	24.5	4.0	-8.0	8.9	bbox	272	59.1	59.1	63.1	35,859,10,22	490.6	39.4863270	73.5937820	4927.6
274	274	2.348	стакан-марка-красная	18.0	18.4	снег-освещённый	1.165	68.2	-6.0	7.0	9.2	bbox	273	57.1	57.1	57.1	589,0,36,7	490.2	39.4863260	73.5937820	4927.6
275	275	1.256	стакан-марка-красная	7.2	24.5	порода-охристая	0.848	25.3	7.0	7.0	9.9	bbox	274	76.1	76.1	77.1	503,184,22,13	485.7	39.4863280	73.5937830	4927.6
276	276	1.185	стакан-марка-красная	9.1	9.8	порода-охристая	0.186	40.0	10.0	10.0	14.1	bbox	275	211.2	211.2	211.2	1801,577,14,13	484.4	39.4863280	73.5937840	4927.5
277	277	1.177	стакан-марка-красная	9.1	9.0	снег-розовый	0.716	58.8	2.0	0.0	2.0	bbox	276	54.1	52.1	54.1	31,1063,24,10	484.3	39.4863260	73.5937820	4927.6
278	278	1.515	стакан-марка-красная	12.0	4.9	снег-освещённый	0.932	54.7	-1.0	0.0	1.0	bbox	277	45.0	40.0	45.0	539,11,28,24	484.1	39.4863250	73.5937810	4927.5
279	279	2.401	стакан-марка-красная	15.5	39.6	снег-освещённый	0.791	89.4	-4.0	5.0	6.4	bbox	278	137.1	137.1	137.1	827,11,56,6	483.1	39.4863270	73.5937830	4927.5
280	280	1.718	стакан-марка-красная	11.0	28.6	порода-в-тени	0.281	21.2	0.0	0.0	0.0	bbox	279	106.1	102.1	107.1	79,705,43,16	482.9	39.4863270	73.5937820	4927.5
281	281	1.106	стакан-марка-красная	7.1	18.6	снег-в-тени	1.079	31.2	6.0	-4.0	7.2	bbox	280	67.1	59.1	72.1	317,315,16,33	482.5	39.4863290	73.5937840	4927.6
282	282	0.843	стакан-марка-красная	6.7	2.6	порода-охристая	0.799	52.4	8.0	7.0	10.6	bbox	281	13.0	13.0	13.0	591,993,14,12	481.0	39.4863230	73.5937870	4927.6
283	283	2.608	стакан-марка-красная	17.0	42.4	снег-пересвеченный	0.562	92.2	-6.0	1.0	6.1	bbox	282	82.1	80.1	84.1	1823,347,30,26	480.3	39.4863270	73.5937820	4927.5
284	284	0.818	стакан-марка-красная	6.3	5.9	снег-в-тени	1.084	43.9	5.0	-1.0	5.1	bbox	283	203.2	203.2	203.2	555,69,18,26	479.8	39.4863260	73.5937830	4927.5
285	285	0.975	рюкзак-синий	4.1	23.2	снег-в-тени	0.564	62.0	0.0	-10.0	10.0	bbox	284	14.0	14.0	31.0	739,207,22,8	479.6	39.4863230	73.5937870	4927.6
286	286	1.418	стакан-марка-красная	3.6	37.6	порода-в-тени	1.284	12.2	8.0	-1.0	8.1	bbox	285	100.1	100.1	100.1	1035,26,26,8	474.8	39.4863260	73.5937820	4927.5
287	287	1.439	стакан-марка-красная	11.0	11.4	снег-розовый	0.638	61.2	0.0	2.0	2.0	bbox	286	71.1	59.1	73.1	263,107,40,28	474.7	39.4863290	73.5937830	4927.6
288	288	0.944	стакан-марка-красная	6.0	16.1	порода-охристая	0.527	33.7	11.0	7.0	13.0	bbox	287	15.0	15.0	23.0	548,607,37,18	474.3	39.4863230	73.5937860	4927.6
289	289	1.086	рюкзак-синий	8.1	11.3	снег-в-тени	0.967	27.5	5.0	-7.0	8.6	bbox	288	133.1	133.1	133.1	231,6,22,19	474.2	39.4863270	73.5937820	4927.5
290	290	1.569	стакан-марка-красная	5.7	39.2	порода-в-тени	1.205	10.6	7.0	-3.0	7.6	bbox	289	54.1	54.1	54.1	1181,49,24,24	473.8	39.4863260	73.5937820	4927.6
291	291	0.721	рюкзак-синий	4.0	14.5	снег-в-тени	0.342	53.3	1.0	-10.0	10.0	bbox	290	204.2	204.2	204.2	505,896,34,24	472.7	39.4863260	73.5937840	4927.5
292	292	0.946	стакан-марка-красная	6.4	14.1	снег-в-тени	1.097	35.7	7.0	-4.0	8.1	bbox	291	183.2	183.2	184.2	1901,283,10,32	472.5	39.4863260	73.5937830	4927.4
293	293	1.450	стакан-марка-красная	11.4	7.5	порода-охристая	0.781	57.3	8.0	12.0	14.4	bbox	292	20.0	9.0	24.0	323,677,17,16	471.5	39.4863230	73.5937850	4927.6
294	294	0.560	стакан-марка-красная	3.2	11.0	порода-охристая	0.970	38.8	13.0	3.5	13.5	bbox	293	19.0	11.0	21.0	617,775,15,18	471.2	39.4863230	73.5937860	4927.6
295	295	1.294	стакан-марка-красная	10.2	6.3	снег-розовый	0.864	56.1	1.0	-1.0	1.4	bbox	294	202.2	202.2	202.2	1013,757,28,32	467.3	39.4863260	73.5937830	4927.4
296	296	1.726	стакан-марка-красная	13.4	11.4	порода-охристая	0.791	38.4	17.0	13.0	21.4	bbox	295	169.2	160.2	170.2	1096,355,11,28	465.1	39.4863280	73.5937840	4927.5
297	297	1.192	стакан-марка-красная	9.4	4.9	порода-охристая	0.890	54.7	6.0	9.0	10.8	bbox	296	0.0	0.0	3.0	73,795,17,16	465.0	39.4863170	73.5937900	4927.5
298	298	2.579	палка-ручка-пробка	20.6	3.2	снег-освещённый	1.272	72.5	-8.0	7.0	10.6	bbox	297	57.1	53.1	57.1	73,913,12,14	464.4	39.4863260	73.5937820	4927.6
299	299	1.411	стакан-марка-красная	11.2	5.5	снег-в-тени	0.915	55.3	0.0	-1.0	1.0	bbox	298	120.1	115.1	120.1	571,23,24,20	462.8	39.4863270	73.5937820	4927.4
300	300	2.174	стакан-марка-красная	15.7	26.5	снег-освещённый	0.800	76.3	-4.0	5.5	6.8	bbox	299	57.1	57.1	57.1	695,3,32,12	461.9	39.4863260	73.5937820	4927.6
301	301	0.929	стакан-марка-красная	7.2	6.3	порода-охристая	0.730	43.5	7.0	7.0	9.9	bbox	300	208.2	205.2	210.2	1873,85,16,16	461.6	39.4863270	73.5937840	4927.5
302	302	2.313	стакан-марка-красная	14.1	41.8	снег-освещённый	0.592	91.6	-3.0	3.0	4.2	bbox	301	126.1	125.1	126.1	225,115,46,14	461.2	39.4863270	73.5937820	4927.4
303	303	1.201	стакан-марка-красная	7.8	19.6	порода-охристая	0.852	30.2	6.0	7.0	9.2	bbox	302	216.2	216.2	223.2	1867,781,17,16	459.1	39.4863280	73.5937840	4927.5
304	304	1.127	стакан-марка-красная	8.1	14.1	порода-охристая	0.632	35.7	7.0	8.0	10.6	bbox	303	134.1	134.1	134.1	407,573,9,36	458.4	39.4863270	73.5937820	4927.5
305	305	1.158	стакан-марка-красная	7.8	17.4	порода-охристая	0.829	32.4	6.0	7.0	9.2	bbox	304	87.1	83.1	92.1	1052,255,15,14	457.3	39.4863270	73.5937830	4927.5
306	306	1.468	стакан-марка-красная	11.7	4.9	снег-розовый	1.037	54.7	1.0	7.0	7.1	bbox	305	29.0	29.0	32.0	171,557,14,26	456.7	39.4863240	73.5937830	4927.6
307	307	1.299	стакан-марка-красная	8.6	20.4	порода-охристая	0.796	29.4	6.0	8.0	10.0	bbox	306	78.1	76.1	78.1	1135,51,14,15	456.7	39.4863280	73.5937820	4927.6
308	308	0.911	рюкзак-синий	6.7	10.0	снег-в-тени	1.169	28.8	7.0	-11.0	13.0	bbox	307	125.1	114.1	126.1	39,27,14,24	456.0	39.4863270	73.5937820	4927.5
309	309	2.157	стакан-марка-красная	17.0	9.8	снег-освещённый	1.013	59.6	-6.0	2.0	6.3	bbox	308	79.1	79.1	79.1	15,59,30,12	453.0	39.4863270	73.5937820	4927.6
310	310	1.967	стакан-марка-красная	13.9	25.9	порода-в-тени	1.139	23.9	-1.0	8.0	8.1	bbox	309	11.0	11.0	11.0	63,853,14,14	452.2	39.4863220	73.5937880	4927.6
311	311	1.112	стакан-марка-красная	7.2	18.2	порода-охристая	0.748	31.6	7.0	7.0	9.9	bbox	310	75.1	73.1	78.1	675,405,20,10	449.1	39.4863280	73.5937830	4927.6
312	312	1.068	стакан-марка-красная	7.8	12.2	порода-охристая	0.977	37.6	5.0	6.0	7.8	bbox	311	140.1	132.1	140.1	1033,22,28,11	448.6	39.4863280	73.5937830	4927.5
313	313	1.108	рюкзак-синий	8.1	12.9	снег-в-тени	1.009	25.9	5.0	-7.0	8.6	bbox	312	202.2	202.2	202.2	0,1059,13,21	446.8	39.4863260	73.5937830	4927.4
314	314	0.477	рюкзак-синий	3.2	7.5	снег-в-тени	0.802	46.3	4.0	-13.0	13.6	bbox	313	121.1	118.1	122.1	25,181,12,18	446.6	39.4863260	73.5937820	4927.5
315	315	0.651	рюкзак-синий	4.1	11.2	снег-в-тени	0.802	27.6	2.0	-10.0	10.2	bbox	314	141.1	141.1	141.1	169,0,20,19	446.5	39.4863280	73.5937840	4927.5
316	316	1.050	палка-древко-контроль	5.8	21.1	снег-в-тени	0.859	62.7	-5.0	-10.0	11.2	bbox	315	35.0	35.0	35.0	1861,41,59,7	446.3	39.4863240	73.5937820	4927.6
317	317	1.047	стакан-марка-красная	6.3	19.2	порода-охристая	0.625	30.6	9.0	7.0	11.4	bbox	316	208.2	208.2	210.2	1521,227,22,14	444.3	39.4863270	73.5937840	4927.5
318	318	1.249	рюкзак-синий	8.0	21.0	снег-в-тени	1.724	17.8	9.0	-14.0	16.6	bbox	317	48.0	44.0	48.0	0,601,7,24	443.9	39.4863250	73.5937820	4927.6
319	319	1.040	рюкзак-синий	8.1	6.1	снег-в-тени	0.974	32.7	6.5	-8.0	10.3	bbox	318	80.1	80.1	80.1	53,912,12,25	440.9	39.4863270	73.5937820	4927.5
320	320	0.416	рюкзак-синий	3.0	5.1	снег-в-тени	0.639	33.7	1.0	-11.0	11.0	bbox	319	186.2	186.2	193.2	1898,1069,13,11	437.7	39.4863260	73.5937830	4927.5
321	321	1.126	стакан-марка-красная	9.0	1.6	порода-охристая	0.480	51.4	11.0	10.0	14.9	bbox	320	49.0	49.0	53.1	901,949,12,14	436.3	39.4863260	73.5937820	4927.6
322	322	1.657	стакан-марка-красная	11.0	25.9	порода-в-тени	0.375	23.9	0.0	1.0	1.0	bbox	321	106.1	103.1	107.1	65,763,20,28	434.2	39.4863270	73.5937820	4927.5
323	323	0.820	рюкзак-синий	5.4	13.1	снег-в-тени	0.883	25.7	3.0	-9.0	9.5	bbox	322	1.0	0.0	3.0	1763,765,8,19	432.7	39.4863180	73.5937900	4927.5
324	324	2.158	стакан-марка-красная	17.1	7.8	порода-в-тени	1.045	42.0	-6.0	3.0	6.7	bbox	323	82.1	82.1	82.1	1705,0,16,17	432.1	39.4863270	73.5937820	4927.5
325	325	1.530	стакан-марка-красная	12.2	4.7	порода-в-тени	1.022	45.1	-1.0	3.0	3.2	bbox	324	116.1	116.1	118.1	945,151,38,8	430.1	39.4863270	73.5937820	4927.5
326	326	1.706	стакан-марка-красная	12.0	22.7	порода-в-тени	0.367	27.1	-1.0	1.0	1.4	bbox	325	142.1	139.1	142.1	1871,11,28,24	429.5	39.4863280	73.5937840	4927.5
327	327	0.826	стакан-марка-красная	6.1	9.0	порода-охристая	0.893	58.8	12.0	7.0	13.9	bbox	326	188.2	188.2	188.2	585,119,18,19	428.9	39.4863260	73.5937830	4927.4
328	328	1.791	стакан-марка-красная	11.0	32.2	порода-в-тени	0.367	17.6	0.0	1.0	1.0	bbox	327	105.1	103.1	105.1	0,798,15,25	428.7	39.4863260	73.5937820	4927.5
329	329	1.412	стакан-марка-красная	11.0	8.2	порода-в-тени	0.806	41.6	0.0	0.0	0.0	bbox	328	102.1	102.1	102.1	195,1042,12,13	428.3	39.4863260	73.5937810	4927.5
330	330	1.158	стакан-марка-красная	9.2	3.1	снег-в-тени	0.626	46.7	4.0	-5.0	6.4	bbox	329	69.1	62.1	71.1	323,89,24,16	428.0	39.4863290	73.5937830	4927.6
331	331	1.181	стакан-марка-красная	8.1	17.3	порода-охристая	0.349	32.5	10.0	9.0	13.5	bbox	330	113.1	113.1	117.1	945,11,38,14	425.9	39.4863270	73.5937820	4927.5
332	332	1.541	стакан-марка-красная	9.2	28.6	порода-в-тени	0.501	21.2	2.0	-1.0	2.2	bbox	331	115.1	113.1	117.1	1019,65,22,18	423.5	39.4863270	73.5937820	4927.5
333	333	1.751	стакан-марка-красная	13.9	5.1	корка-жёлтая-на-скале	1.158	44.7	-2.0	6.0	6.3	bbox	332	214.2	214.2	215.2	1745,0,12,23	422.7	39.4863280	73.5937840	4927.5
334	334	0.801	рюкзак-синий	6.4	1.2	снег-в-тени	0.870	37.6	6.0	-10.0	11.7	bbox	333	58.1	58.1	61.1	45,897,10,22	422.5	39.4863270	73.5937820	4927.6
335	335	1.259	стакан-марка-красная	10.0	2.2	порода-охристая	0.353	47.6	12.0	11.0	16.3	bbox	334	116.1	114.1	116.1	1131,115,15,12	420.4	39.4863270	73.5937820	4927.5
336	336	1.255	стакан-марка-красная	9.9	5.9	корка-жёлтая-на-скале	1.046	55.7	4.0	8.0	8.9	bbox	335	195.2	195.2	198.2	131,0,14,13	419.3	39.4863260	73.5937830	4927.4
337	337	0.894	рюкзак-синий	6.4	11.2	снег-в-тени	1.069	27.6	6.0	-10.0	11.7	bbox	336	55.1	55.1	57.1	419,345,19,18	419.0	39.4863260	73.5937820	4927.6
338	338	0.399	стакан-марка-красная	3.2	1.6	снег-розовый	1.200	51.4	8.0	2.0	8.2	bbox	337	211.2	211.2	211.2	1889,498,16,12	418.3	39.4863280	73.5937840	4927.5
339	339	1.204	стакан-марка-красная	9.5	5.9	порода-охристая	0.442	43.9	8.0	10.0	12.8	bbox	338	82.1	80.1	82.1	1409,17,12,17	417.8	39.4863270	73.5937820	4927.5
340	340	0.779	стакан-марка-красная	6.1	4.7	порода-охристая	0.772	54.5	10.0	7.0	12.2	bbox	339	155.2	152.2	160.2	205,869,16,10	417.7	39.4863280	73.5937840	4927.5
341	341	0.917	палка-древко-контроль	7.2	4.7	снег-в-тени	0.518	46.3	-4.0	-9.0	9.8	bbox	340	33.0	33.0	36.0	1895,300,25,7	416.5	39.4863240	73.5937820	4927.6
342	342	0.985	рюкзак-синий	6.4	16.1	снег-в-тени	1.099	22.7	5.0	-9.0	10.3	bbox	341	11.0	11.0	11.0	573,1021,15,14	416.4	39.4863220	73.5937880	4927.6
343	343	0.915	стакан-марка-красная	7.1	6.7	порода-охристая	0.430	43.1	12.0	8.0	14.4	bbox	342	134.1	129.1	135.1	733,92,14,11	416.3	39.4863270	73.5937820	4927.5
344	344	1.397	стакан-марка-красная	7.6	28.6	порода-в-тени	1.398	21.2	8.0	-6.0	10.0	bbox	343	36.0	36.0	36.0	0,391,19,21	415.4	39.4863240	73.5937810	4927.6
345	345	2.189	палка-ручка-пробка	17.0	14.7	снег-розовый	1.078	90.4	-3.0	8.0	8.5	bbox	344	113.1	113.1	113.1	1349,0,22,7	415.2	39.4863270	73.5937820	4927.5
346	346	0.497	стакан-марка-красная	3.6	5.9	порода-охристая	0.931	43.9	9.0	4.0	9.8	bbox	345	150.2	147.1	154.2	140,788,13,15	413.2	39.4863280	73.5937850	4927.5
347	347	0.964	рюкзак-синий	4.2	22.5	снег-в-тени	1.288	16.3	4.0	-11.0	11.7	bbox	346	216.2	216.2	218.2	1905,931,15,14	412.5	39.4863280	73.5937840	4927.5
348	348	1.854	стакан-марка-красная	14.3	13.5	корка-жёлтая-на-скале	1.110	36.3	-2.0	7.0	7.3	bbox	347	205.2	205.2	205.2	1709,317,12,18	412.4	39.4863270	73.5937840	4927.5
349	349	0.983	рюкзак-синий	7.2	11.0	снег-в-тени	0.948	27.8	5.0	-8.0	9.4	bbox	348	58.1	58.1	58.1	193,151,16,23	412.1	39.4863270	73.5937820	4927.6
350	350	0.975	рюкзак-синий	7.6	5.9	снег-в-тени	1.193	32.9	8.0	-11.0	13.6	bbox	349	34.0	33.0	34.0	17,723,8,26	411.7	39.4863240	73.5937820	4927.6
351	351	0.989	рюкзак-синий	7.0	12.9	снег-в-тени	0.802	25.9	1.0	-7.0	7.1	bbox	350	198.2	194.2	199.2	735,447,17,12	411.4	39.4863260	73.5937830	4927.4
352	352	0.962	стакан-марка-красная	7.6	4.9	порода-охристая	0.409	44.9	12.0	8.5	14.7	bbox	351	23.0	22.0	29.0	617,779,14,20	411.3	39.4863230	73.5937840	4927.6
353	353	1.265	рюкзак-синий	9.7	10.0	снег-в-тени	0.456	48.8	-1.0	-4.5	4.6	bbox	352	79.1	79.1	82.1	1713,45,16,16	410.4	39.4863270	73.5937820	4927.6
354	354	0.825	рюкзак-синий	6.1	9.0	снег-в-тени	0.690	29.8	2.0	-8.0	8.2	bbox	353	170.2	168.2	174.2	1877,309,12,18	409.9	39.4863280	73.5937840	4927.5
355	355	1.154	стакан-марка-красная	7.8	17.3	порода-охристая	0.827	32.5	6.0	7.0	9.2	bbox	354	153.2	151.2	163.2	573,845,14,10	409.8	39.4863280	73.5937840	4927.5
356	356	1.194	стакан-марка-красная	8.9	11.8	порода-охристая	0.559	38.0	7.0	9.0	11.4	bbox	355	195.2	195.2	195.2	93,925,14,12	409.2	39.4863260	73.5937830	4927.4
357	357	0.808	рюкзак-синий	4.0	17.7	снег-в-тени	0.440	56.5	1.5	-10.0	10.1	bbox	356	204.2	204.2	204.2	1275,225,14,14	408.3	39.4863260	73.5937840	4927.5
358	358	1.292	стакан-марка-красная	9.8	11.0	снег-в-тени	0.746	38.8	2.0	-3.0	3.6	bbox	357	58.1	58.1	58.1	37,1017,14,22	408.2	39.4863270	73.5937820	4927.6
359	359	0.742	рюкзак-синий	5.8	3.9	снег-в-тени	0.539	34.9	-2.0	-9.0	9.2	bbox	358	6.0	5.0	8.0	905,173,12,12	407.0	39.4863200	73.5937890	4927.5
360	360	1.715	рюкзак-синий	10.4	31.2	порода-в-тени	0.590	7.6	-2.0	-4.0	4.5	bbox	359	0.0	0.0	6.0	0,273,17,16	406.6	39.4863170	73.5937900	4927.5
361	361	1.441	стакан-марка-красная	11.2	9.8	снег-розовый	0.824	59.6	1.0	6.0	6.1	bbox	360	83.1	74.1	84.1	1053,44,49,11	405.1	39.4863270	73.5937820	4927.5
362	362	0.789	рюкзак-синий	5.0	13.5	снег-в-тени	0.979	25.3	4.0	-10.0	10.8	bbox	361	55.1	55.1	55.1	885,199,12,16	404.1	39.4863260	73.5937820	4927.6
363	363	1.036	стакан-марка-красная	5.0	23.1	порода-охристая	0.937	26.7	14.0	5.0	14.9	bbox	362	199.2	199.2	199.2	7,820,18,18	403.5	39.4863260	73.5937830	4927.4
364	364	1.204	стакан-марка-красная	8.9	12.5	порода-охристая	0.561	37.3	7.0	9.0	11.4	bbox	363	161.2	160.2	161.2	0,1005,21,17	402.0	39.4863280	73.5937830	4927.4
365	365	0.707	рюкзак-синий	5.7	0.0	снег-в-тени	0.553	38.8	-3.0	-10.0	10.4	bbox	364	178.2	178.2	178.2	23,1007,14,10	398.8	39.4863260	73.5937830	4927.5
366	366	1.497	стакан-марка-красная	10.2	22.0	снег-освещённый	0.427	71.8	1.0	-1.0	1.4	bbox	365	66.1	63.1	66.1	156,73,21,12	398.0	39.4863280	73.5937840	4927.6
367	367	2.111	стакан-марка-красная	16.3	15.7	снег-освещённый	0.894	65.5	-5.0	4.0	6.4	bbox	366	82.1	82.1	82.1	463,123,30,12	397.3	39.4863270	73.5937820	4927.5
368	368	2.403	палка-ручка-пробка	18.9	12.9	снег-освещённый	1.046	88.6	-5.0	7.0	8.6	bbox	367	55.1	55.1	56.1	554,125,23,10	396.1	39.4863260	73.5937820	4927.6
369	369	2.175	палка-древко-контроль	15.1	30.0	порода-в-тени	0.604	11.6	-6.0	0.0	6.0	bbox	368	171.2	170.2	172.2	43,971,14,16	396.1	39.4863280	73.5937840	4927.5
370	370	0.730	стакан-марка-красная	5.8	1.2	порода-охристая	0.856	51.0	8.0	6.0	10.0	bbox	369	4.0	4.0	4.0	802,458,11,19	395.1	39.4863190	73.5937890	4927.5
371	371	1.780	стакан-марка-красная	12.0	26.9	порода-в-тени	0.294	22.9	-1.0	1.0	1.4	bbox	370	137.1	136.1	138.1	707,128,36,15	395.0	39.4863270	73.5937830	4927.5
372	372	1.505	стакан-марка-красная	12.0	0.6	корка-жёлтая-на-скале	0.792	49.2	2.0	9.0	9.2	bbox	371	130.1	130.1	130.1	1439,47,42,8	394.6	39.4863270	73.5937810	4927.5
373	373	2.269	стакан-марка-красная	18.0	7.5	корка-жёлтая-на-скале	1.295	57.3	-6.0	7.0	9.2	bbox	372	80.1	80.1	80.1	135,835,12,17	393.3	39.4863270	73.5937820	4927.5
374	374	1.021	стакан-марка-красная	6.0	19.4	порода-охристая	0.576	30.4	11.0	7.0	13.0	bbox	373	19.0	16.0	20.0	495,734,18,11	393.2	39.4863230	73.5937860	4927.6
375	375	1.330	стакан-марка-красная	8.1	24.3	снег-в-тени	1.210	25.5	7.0	-6.0	9.2	bbox	374	134.1	132.1	134.1	153,0,22,19	392.1	39.4863270	73.5937820	4927.5
376	376	0.955	рюкзак-синий	7.6	2.0	снег-в-тени	0.573	40.8	4.0	-7.0	8.1	bbox	375	132.1	132.1	132.1	79,37,22,20	391.5	39.4863270	73.5937820	4927.5
377	377	1.196	стакан-марка-красная	9.5	4.3	порода-охристая	0.687	54.1	8.0	10.0	12.8	bbox	376	58.1	58.1	68.1	283,978,9,14	391.3	39.4863270	73.5937820	4927.6
378	378	1.007	стакан-марка-красная	7.2	12.5	порода-охристая	0.708	37.3	7.0	7.0	9.9	bbox	377	2.0	2.0	2.0	63,923,12,16	390.7	39.4863180	73.5937900	4927.5
379	379	2.000	стакан-марка-красная	15.8	8.6	корка-жёлтая-на-скале	0.714	41.2	-2.0	10.0	10.2	bbox	378	11.0	11.0	11.0	1229,817,13,10	390.5	39.4863220	73.5937880	4927.6
380	380	0.580	рюкзак-синий	3.6	10.2	снег-в-тени	1.133	49.0	-1.0	-17.0	17.0	bbox	379	217.2	216.2	220.2	1857,265,24,14	389.4	39.4863280	73.5937840	4927.5
381	381	0.608	стакан-марка-красная	3.2	12.9	снег-в-тени	1.509	36.9	10.0	-2.0	10.2	bbox	380	44.0	42.0	46.0	81,527,11,32	388.7	39.4863250	73.5937810	4927.5
382	382	1.229	стакан-марка-красная	7.1	23.9	порода-охристая	0.597	25.9	10.0	8.0	12.8	bbox	381	140.1	139.1	144.1	1397,757,16,12	388.6	39.4863280	73.5937830	4927.5
383	383	0.793	рюкзак-синий	6.0	7.2	снег-в-тени	0.593	31.6	1.0	-8.0	8.1	bbox	382	12.0	12.0	12.0	791,397,10,16	388.3	39.4863220	73.5937870	4927.6
384	384	1.027	стакан-марка-красная	8.1	5.5	порода-охристая	0.660	44.3	7.0	8.0	10.6	bbox	383	175.2	175.2	177.2	995,1063,20,12	387.7	39.4863270	73.5937840	4927.4
385	385	1.213	стакан-марка-красная	7.2	22.7	порода-охристая	0.815	27.1	7.0	7.0	9.9	bbox	384	215.2	213.2	215.2	1617,993,14,16	387.6	39.4863280	73.5937840	4927.5
386	386	1.104	стакан-марка-красная	8.5	7.8	порода-охристая	0.822	57.6	8.0	9.0	12.0	bbox	385	125.1	120.1	125.1	880,0,16,9	387.1	39.4863270	73.5937820	4927.5
387	387	0.858	рюкзак-синий	5.0	16.4	снег-в-тени	0.926	22.4	1.0	-9.0	9.1	bbox	386	193.2	193.2	193.2	1879,13,8,28	386.5	39.4863270	73.5937820	4927.4
388	388	0.997	стакан-марка-красная	7.8	5.7	порода-охристая	1.007	55.5	6.0	7.0	9.2	bbox	387	169.2	168.2	171.2	1893,173,16,14	386.0	39.4863280	73.5937840	4927.5
389	389	1.212	рюкзак-синий	8.6	15.7	снег-в-тени	1.164	23.1	6.0	-7.0	9.2	bbox	388	121.1	117.1	121.1	179,19,20,14	385.4	39.4863260	73.5937820	4927.5
390	390	0.801	стакан-марка-красная	6.4	0.4	порода-охристая	1.063	50.2	6.0	5.0	7.8	bbox	389	195.2	195.2	198.2	0,999,22,12	385.1	39.4863260	73.5937830	4927.4
391	391	1.847	стакан-марка-красная	12.0	30.2	порода-в-тени	0.281	19.6	-1.0	1.0	1.4	bbox	390	90.1	86.1	91.1	81,641,13,16	383.7	39.4863270	73.5937820	4927.5
392	392	0.991	рюкзак-синий	7.1	12.5	снег-в-тени	1.081	26.3	6.0	-9.0	10.8	bbox	391	127.1	123.1	128.1	177,53,17,16	383.4	39.4863270	73.5937810	4927.4
393	393	1.191	рюкзак-синий	9.1	10.4	порода-в-тени	0.763	28.4	2.0	-5.0	5.4	bbox	392	185.2	185.2	185.2	1883,931,12,28	382.6	39.4863260	73.5937830	4927.5
394	394	1.595	стакан-марка-красная	12.4	11.0	снег-освещённый	0.757	60.8	-1.0	-2.0	2.2	bbox	393	58.1	58.1	58.1	489,5,16,18	382.3	39.4863270	73.5937820	4927.6
395	395	2.128	стакан-марка-красная	14.9	29.0	снег-освещённый	0.794	78.8	-3.0	6.0	6.7	bbox	394	20.0	15.0	26.0	149,849,11,22	381.6	39.4863230	73.5937850	4927.6
396	396	0.809	стакан-марка-красная	5.4	12.5	порода-охристая	0.674	37.3	9.0	6.0	10.8	bbox	395	86.1	82.1	96.1	1383,312,7,25	381.4	39.4863270	73.5937830	4927.5
397	397	1.798	рюкзак-синий	13.0	21.5	порода-в-тени	0.301	17.3	-4.0	-2.0	4.5	bbox	396	54.1	54.1	54.1	1477,1042,15,21	380.4	39.4863260	73.5937820	4927.6
398	398	1.114	рюкзак-синий	6.1	22.7	снег-в-тени	1.271	16.1	4.5	-9.0	10.1	bbox	397	56.1	55.1	56.1	1397,767,18,12	380.2	39.4863260	73.5937820	4927.6
399	399	1.141	стакан-марка-красная	7.2	19.6	порода-охристая	0.765	30.2	7.0	7.0	9.9	bbox	398	147.1	145.1	151.2	1301,305,12,13	379.4	39.4863290	73.5937850	4927.5
400	400	1.566	стакан-марка-красная	12.5	0.2	корка-жёлтая-на-скале	1.002	49.6	0.0	7.0	7.0	bbox	399	203.2	203.2	203.2	611,23,28,8	379.4	39.4863260	73.5937830	4927.5
401	401	2.569	палка-ручка-пробка	19.7	20.8	снег-освещённый	0.963	96.5	-4.0	5.5	6.8	bbox	400	54.1	54.1	54.1	347,1047,18,18	378.8	39.4863260	73.5937820	4927.6
402	402	0.989	рюкзак-синий	6.4	16.3	снег-в-тени	1.199	22.5	6.0	-10.0	11.7	bbox	401	29.0	27.0	30.0	79,209,12,16	378.6	39.4863240	73.5937830	4927.6
403	403	1.340	рюкзак-синий	7.1	28.2	порода-в-тени	0.967	10.6	2.0	-7.0	7.3	bbox	402	63.1	59.1	63.1	781,665,10,24	378.1	39.4863280	73.5937830	4927.6
404	404	1.645	стакан-марка-красная	12.6	12.7	порода-охристая	0.561	37.1	15.0	13.0	19.8	bbox	403	17.0	15.0	25.0	427,553,9,24	377.6	39.4863230	73.5937860	4927.6
405	405	0.942	рюкзак-синий	6.3	14.3	снег-в-тени	0.228	53.1	-1.0	-8.0	8.1	bbox	404	49.0	40.0	50.1	283,477,20,22	376.9	39.4863260	73.5937820	4927.6
406	406	1.248	рюкзак-синий	6.3	27.0	порода-в-тени	1.119	11.8	3.0	-8.0	8.5	bbox	405	56.1	55.1	56.1	1125,952,17,19	376.0	39.4863260	73.5937820	4927.6
407	407	1.423	стакан-марка-красная	9.8	20.0	порода-охристая	0.600	29.8	15.0	10.0	18.0	bbox	406	67.1	60.1	67.1	1039,727,12,14	373.8	39.4863290	73.5937840	4927.6
408	408	1.322	стакан-марка-красная	6.7	28.6	порода-в-тени	1.347	21.2	8.0	-5.0	9.4	bbox	407	72.1	62.1	72.1	225,60,18,23	373.8	39.4863290	73.5937830	4927.6
409	409	0.860	рюкзак-синий	6.4	8.8	снег-в-тени	0.900	30.0	5.0	-9.0	10.3	bbox	408	4.0	4.0	4.0	919,621,10,10	372.5	39.4863190	73.5937890	4927.5
410	410	0.930	рюкзак-синий	6.3	13.7	снег-в-тени	1.293	25.1	7.0	-12.0	13.9	bbox	409	201.2	201.2	201.2	133,497,18,13	371.3	39.4863260	73.5937830	4927.4
411	411	1.262	стакан-марка-красная	8.5	18.8	порода-охристая	0.523	31.0	14.0	9.0	16.6	bbox	410	175.2	174.2	178.2	1191,499,17,18	371.1	39.4863270	73.5937840	4927.4
412	412	0.958	рюкзак-синий	7.6	3.1	снег-в-тени	1.152	35.7	8.0	-11.0	13.6	bbox	411	55.1	55.1	55.1	1073,145,17,10	370.0	39.4863260	73.5937820	4927.6
413	413	0.806	стакан-марка-красная	6.1	7.5	порода-охристая	0.848	57.3	10.0	7.0	12.2	bbox	412	191.2	191.2	194.2	559,195,15,10	369.0	39.4863260	73.5937830	4927.4
414	414	0.903	рюкзак-синий	5.7	15.7	снег-в-тени	0.510	54.5	-3.0	-10.0	10.4	bbox	413	30.0	30.0	30.0	0,0,18,11	368.9	39.4863240	73.5937830	4927.6
415	415	1.508	стакан-марка-красная	8.5	29.8	снег-розовый	0.520	79.6	3.0	-2.0	3.6	bbox	414	58.1	58.1	58.1	129,1039,18,20	368.7	39.4863270	73.5937820	4927.6
416	416	0.848	рюкзак-синий	6.7	3.5	снег-в-тени	1.052	35.3	7.0	-11.0	13.0	bbox	415	53.1	49.0	61.1	9,379,8,22	368.7	39.4863260	73.5937820	4927.6
417	417	2.622	палка-ручка-пробка	20.2	19.2	снег-освещённый	1.099	94.9	-6.0	6.0	8.5	bbox	416	54.1	54.1	54.1	131,179,34,8	367.8	39.4863260	73.5937820	4927.6
418	418	0.795	рюкзак-синий	5.1	13.3	снег-в-тени	0.844	25.5	2.0	-9.0	9.2	bbox	417	199.2	199.2	199.2	311,1053,6,18	367.7	39.4863260	73.5937830	4927.4
419	419	1.559	стакан-марка-красная	12.1	10.8	порода-охристая	0.638	39.0	16.0	12.0	20.0	bbox	418	127.1	124.1	129.1	977,253,8,12	367.1	39.4863270	73.5937810	4927.4
420	420	1.311	стакан-марка-красная	10.3	7.1	порода-охристая	0.656	42.7	6.0	10.0	11.7	bbox	419	131.1	131.1	132.1	1175,129,22,10	365.4	39.4863270	73.5937810	4927.5
421	421	1.558	стакан-марка-красная	12.2	8.8	корка-жёлтая-на-скале	0.917	41.0	1.0	8.0	8.1	bbox	420	5.0	5.0	5.0	1891,711,12,14	365.0	39.4863190	73.5937890	4927.5
422	422	0.539	рюкзак-синий	3.6	8.3	снег-в-тени	1.132	47.1	-1.0	-17.0	17.0	bbox	421	201.2	201.2	203.2	214,395,17,6	364.7	39.4863260	73.5937830	4927.4
423	423	1.754	стакан-марка-красная	13.9	5.9	порода-охристая	0.755	43.9	16.0	14.0	21.3	bbox	422	29.0	26.0	33.0	1079,1061,22,10	364.5	39.4863240	73.5937830	4927.6
424	424	0.981	стакан-марка-красная	7.8	2.7	порода-охристая	0.947	52.5	6.0	7.0	9.2	bbox	423	194.2	194.2	194.2	575,99,12,12	364.4	39.4863260	73.5937830	4927.4
425	425	1.209	рюкзак-синий	8.6	15.5	снег-в-тени	1.334	23.3	8.0	-9.0	12.0	bbox	424	58.1	58.1	58.1	739,26,20,15	364.3	39.4863270	73.5937820	4927.6
426	426	2.234	стакан-марка-красная	14.9	34.7	снег-освещённый	0.802	84.5	-3.0	6.0	6.7	bbox	425	136.1	134.1	136.1	769,12,36,7	363.6	39.4863270	73.5937820	4927.5
427	427	1.172	рюкзак-синий	7.1	21.5	порода-в-тени	0.799	17.3	0.0	-7.0	7.0	bbox	426	104.1	103.1	104.1	41,913,16,12	363.4	39.4863260	73.5937820	4927.5
428	428	0.792	рюкзак-синий	6.3	1.5	снег-в-тени	0.397	37.3	-1.0	-8.0	8.1	bbox	427	153.2	153.2	153.2	0,1029,11,12	363.2	39.4863280	73.5937840	4927.5
429	429	1.423	стакан-марка-красная	11.0	9.6	снег-розовый	0.696	59.4	0.0	2.0	2.0	bbox	428	5.0	5.0	5.0	1901,7,13,12	362.7	39.4863190	73.5937890	4927.5
430	430	2.049	стакан-марка-красная	13.5	32.7	снег-розовый	0.687	82.5	-1.5	6.0	6.2	bbox	429	133.1	132.1	133.1	831,34,20,11	359.6	39.4863270	73.5937820	4927.5
431	431	1.862	стакан-марка-красная	13.9	18.8	снег-розовый	0.898	68.6	-1.0	8.0	8.1	bbox	430	112.1	112.1	112.1	291,937,10,11	359.1	39.4863260	73.5937820	4927.5
432	432	1.297	рюкзак-синий	8.9	18.4	порода-в-тени	1.075	20.4	5.0	-6.0	7.8	bbox	431	83.1	83.1	83.1	259,0,26,15	358.5	39.4863270	73.5937820	4927.5
433	433	1.738	стакан-марка-красная	13.3	13.7	порода-охристая	0.537	36.1	14.0	14.0	19.8	bbox	432	21.0	11.0	27.0	425,451,18,14	356.5	39.4863230	73.5937850	4927.6
434	434	0.307	рюкзак-синий	2.2	3.6	снег-в-тени	1.049	42.4	2.0	-16.0	16.1	bbox	433	201.2	201.2	201.2	129,655,10,18	355.2	39.4863260	73.5937830	4927.4
435	435	1.172	стакан-марка-красная	8.7	12.0	порода-охристая	0.891	61.8	9.0	9.5	13.1	bbox	434	128.1	125.1	130.1	1089,115,12,9	354.7	39.4863270	73.5937810	4927.5
436	436	1.700	стакан-марка-красная	13.4	7.8	порода-охристая	0.801	42.0	17.0	13.0	21.4	bbox	435	20.0	15.0	30.0	857,692,14,17	354.1	39.4863230	73.5937850	4927.6
437	437	1.153	стакан-марка-красная	8.1	15.7	порода-охристая	0.643	34.1	7.0	8.0	10.6	bbox	436	62.1	62.1	64.1	555,1011,12,14	354.0	39.4863270	73.5937830	4927.6
438	438	0.911	стакан-марка-красная	7.3	1.2	порода-охристая	0.636	51.0	13.0	8.0	15.3	bbox	437	185.2	185.2	188.2	1029,255,18,21	352.8	39.4863260	73.5937830	4927.5
439	439	2.337	стакан-марка-красная	15.1	38.4	снег-освещённый	0.593	88.2	-4.0	3.0	5.0	bbox	438	53.1	41.0	53.1	533,97,32,12	351.7	39.4863260	73.5937820	4927.6
440	440	1.354	стакан-марка-красная	10.8	2.2	корка-жёлтая-на-скале	1.031	47.6	2.0	7.0	7.3	bbox	439	78.1	72.1	78.1	1075,99,33,4	351.5	39.4863280	73.5937820	4927.6
441	441	1.293	стакан-марка-красная	7.0	26.7	порода-охристая	0.662	23.1	11.0	8.0	13.6	bbox	440	194.2	194.2	194.2	331,745,16,28	350.4	39.4863260	73.5937830	4927.4
442	442	1.776	палка-ручка-контроль	13.5	16.0	порода-охристая	0.808	41.6	15.0	16.0	21.9	bbox	441	18.0	16.0	27.0	549,1025,21,10	349.6	39.4863230	73.5937860	4927.6
443	443	1.163	рюкзак-синий	7.1	21.2	порода-в-тени	0.907	17.6	2.0	-7.0	7.3	bbox	442	23.0	14.0	28.0	513,255,16,18	349.3	39.4863230	73.5937840	4927.6
444	444	1.419	стакан-марка-красная	11.3	3.3	корка-жёлтая-на-скале	0.860	53.1	3.0	9.0	9.5	bbox	443	34.0	33.0	35.0	213,994,12,11	349.0	39.4863240	73.5937820	4927.6
445	445	0.640	рюкзак-синий	3.6	12.7	снег-в-тени	0.871	26.1	-1.0	-11.0	11.0	bbox	444	183.2	183.2	183.2	9,1043,14,8	348.2	39.4863260	73.5937830	4927.4
446	446	0.928	рюкзак-синий	6.1	14.9	снег-в-тени	0.853	23.9	0.0	-8.0	8.0	bbox	445	13.0	13.0	13.0	408,559,11,22	344.1	39.4863230	73.5937870	4927.6
447	447	1.336	рюкзак-синий	6.1	30.8	порода-в-тени	1.100	8.0	2.0	-8.0	8.2	bbox	446	74.1	74.1	81.1	619,127,8,22	343.2	39.4863290	73.5937830	4927.6
448	448	1.008	рюкзак-синий	7.1	13.6	снег-в-тени	0.323	52.4	2.0	-7.0	7.3	bbox	447	73.1	72.1	74.1	335,111,14,20	343.0	39.4863290	73.5937830	4927.6
449	449	1.276	рюкзак-синий	7.2	25.5	снег-в-тени	1.592	13.3	7.5	-11.0	13.3	bbox	448	112.1	112.1	113.1	1743,521,10,10	342.4	39.4863260	73.5937820	4927.5
450	450	1.219	рюкзак-синий	9.2	11.2	снег-в-тени	1.232	27.6	8.0	-8.0	11.3	bbox	449	200.2	200.2	202.2	407,19,8,20	342.0	39.4863260	73.5937830	4927.4
451	451	0.895	стакан-марка-красная	3.0	22.7	порода-в-тени	1.297	27.1	8.0	1.0	8.1	bbox	450	10.0	9.0	10.0	123,1021,38,6	341.7	39.4863220	73.5937880	4927.6
452	452	0.821	стакан-марка-красная	5.0	14.9	снег-в-тени	1.241	34.9	7.0	-2.0	7.3	bbox	451	58.1	58.1	58.1	57,813,18,27	341.5	39.4863270	73.5937820	4927.6
453	453	1.074	рюкзак-синий	8.1	10.4	снег-в-тени	0.777	28.4	2.0	-6.0	6.3	bbox	452	56.1	56.1	56.1	1183,803,20,19	341.3	39.4863260	73.5937820	4927.6
454	454	0.396	рюкзак-синий	3.2	0.8	снег-в-тени	0.512	38.0	0.0	-11.0	11.0	bbox	453	158.2	156.2	164.2	1721,569,22,28	340.0	39.4863280	73.5937840	4927.5
455	455	0.650	стакан-марка-красная	3.6	13.1	порода-в-тени	1.378	36.7	8.0	-1.0	8.1	bbox	454	4.0	4.0	4.0	627,195,14,10	339.7	39.4863190	73.5937890	4927.5
456	456	1.025	палка-ручка-пробка	6.1	19.2	лишайник-жёлтый-на-камне	0.595	56.5	6.0	17.0	18.0	bbox	455	15.0	14.0	27.0	887,882,12,9	339.3	39.4863230	73.5937860	4927.6
457	457	1.349	стакан-марка-красная	10.8	2.3	порода-охристая	0.595	47.5	15.0	11.0	18.6	bbox	456	187.2	186.2	187.2	755,459,16,12	338.8	39.4863260	73.5937830	4927.5
458	458	0.688	рюкзак-синий	3.4	15.3	снег-в-тени	0.995	23.5	2.5	-11.0	11.3	bbox	457	119.1	114.1	122.1	443,363,12,10	338.1	39.4863270	73.5937820	4927.5
459	459	0.762	стакан-марка-красная	5.4	10.0	порода-охристая	0.675	39.8	9.0	6.0	10.8	bbox	458	4.0	4.0	8.0	517,145,16,11	338.0	39.4863190	73.5937890	4927.5
460	460	1.005	рюкзак-синий	5.8	19.4	снег-в-тени	1.137	19.4	4.0	-9.0	9.8	bbox	459	11.0	7.0	12.0	721,757,14,11	337.6	39.4863220	73.5937880	4927.6
461	461	2.205	рюкзак-синий	14.3	36.1	порода-в-тени	0.643	2.7	-2.0	0.0	2.0	bbox	460	77.1	74.1	77.1	1823,593,16,10	337.3	39.4863280	73.5937830	4927.6
462	462	2.021	рюкзак-синий	16.2	2.0	порода-в-тени	0.856	40.8	-5.0	1.0	5.1	bbox	461	224.2	224.2	224.2	1857,983,9,20	336.5	39.4863270	73.5937830	4927.5
463	463	2.020	палка-ручка-пробка	16.1	3.7	снег-розовый	1.077	79.4	-3.0	9.0	9.5	bbox	462	26.0	14.0	27.0	247,1015,6,34	335.0	39.4863240	73.5937840	4927.6
464	464	0.891	рюкзак-синий	6.7	8.4	снег-в-тени	0.798	30.4	4.0	-8.0	8.9	bbox	463	175.2	174.2	175.2	1883,0,10,15	334.8	39.4863270	73.5937840	4927.4
465	465	0.977	рюкзак-синий	7.8	0.8	снег-в-тени	0.827	38.0	6.0	-8.0	10.0	bbox	464	186.2	186.2	187.2	1901,83,6,22	334.3	39.4863260	73.5937830	4927.5
466	466	1.646	рюкзак-синий	12.2	17.6	порода-в-тени	0.179	21.2	-1.0	-2.0	2.2	bbox	465	54.1	54.1	54.1	1735,999,14,16	334.1	39.4863260	73.5937820	4927.6
467	467	0.647	рюкзак-синий	5.0	4.7	снег-в-тени	0.878	34.1	5.0	-11.0	12.1	bbox	466	55.1	55.1	55.1	1071,387,12,15	334.1	39.4863260	73.5937820	4927.6
468	468	0.590	рюкзак-синий	4.1	8.0	снег-в-тени	1.073	30.8	5.0	-13.0	13.9	bbox	467	32.0	29.0	32.0	153,189,10,12	334.0	39.4863240	73.5937820	4927.6
469	469	1.507	стакан-марка-красная	12.0	1.8	порода-охристая	0.443	48.0	12.0	13.0	17.7	bbox	468	33.0	33.0	33.0	23,1000,20,9	333.5	39.4863240	73.5937820	4927.6
470	470	1.413	стакан-марка-красная	8.2	27.1	снег-в-тени	1.443	22.7	9.0	-7.0	11.4	bbox	469	128.1	126.1	128.1	119,19,14,23	333.2	39.4863270	73.5937810	4927.5
471	471	1.275	стакан-марка-красная	9.5	13.1	порода-охристая	0.400	36.7	8.0	10.0	12.8	bbox	470	57.1	57.1	57.1	521,187,17,12	332.6	39.4863260	73.5937820	4927.6
472	472	0.790	стакан-марка-красная	5.0	13.5	порода-охристая	0.842	36.3	14.0	5.0	14.9	bbox	471	1.0	0.0	2.0	785,513,8,14	332.5	39.4863180	73.5937900	4927.5
473	473	1.247	рюкзак-синий	9.4	11.3	снег-в-тени	1.345	27.5	9.0	-9.0	12.7	bbox	472	204.2	204.2	204.2	117,1069,12,11	332.5	39.4863260	73.5937840	4927.5
474	474	1.453	стакан-марка-красная	11.0	13.1	порода-в-тени	0.680	36.7	0.0	1.0	1.0	bbox	473	106.1	102.1	107.1	37,704,10,11	332.4	39.4863270	73.5937820	4927.5
475	475	1.294	стакан-марка-красная	10.0	9.4	порода-охристая	0.794	40.4	5.0	9.0	10.3	bbox	474	31.0	14.0	31.0	11,789,18,26	331.6	39.4863240	73.5937820	4927.6
476	476	1.186	рюкзак-синий	8.2	16.4	порода-в-тени	0.887	22.4	3.0	-6.0	6.7	bbox	475	8.0	8.0	8.0	1787,445,21,16	331.5	39.4863210	73.5937880	4927.6
477	477	2.065	стакан-марка-красная	13.0	35.7	снег-освещённый	0.244	85.5	-2.0	1.0	2.2	bbox	476	136.1	132.1	137.1	793,89,30,8	330.3	39.4863270	73.5937820	4927.5
478	478	1.876	палка-древко-контроль	14.0	18.6	снег-освещённый	1.248	60.2	-9.0	-1.0	9.1	bbox	477	205.2	205.2	206.2	0,1015,13,10	330.0	39.4863270	73.5937840	4927.5
479	479	1.447	палка-ручка-пробка	9.9	21.0	порода-охристая	0.863	54.7	12.0	16.0	20.0	bbox	478	185.2	183.2	192.2	701,833,11,16	329.9	39.4863260	73.5937830	4927.5
480	480	2.269	стакан-марка-красная	14.9	36.5	снег-освещённый	0.814	86.3	-3.0	6.0	6.7	bbox	479	46.0	40.0	47.0	695,53,38,8	328.9	39.4863250	73.5937810	4927.6
481	481	0.839	стакан-марка-красная	6.4	7.1	порода-охристая	0.815	42.7	15.0	6.0	16.2	bbox	480	118.1	114.1	121.1	1192,358,13,13	328.7	39.4863270	73.5937820	4927.5
482	482	1.536	стакан-марка-красная	11.9	11.4	порода-охристая	0.690	38.4	5.5	11.5	12.7	bbox	481	33.0	33.0	35.0	385,803,10,16	328.5	39.4863240	73.5937820	4927.6
483	483	0.873	рюкзак-синий	6.1	12.0	снег-в-тени	0.107	50.8	0.0	-8.0	8.0	bbox	482	49.0	48.0	49.0	5,187,22,8	328.5	39.4863260	73.5937820	4927.6
484	484	1.193	стакан-марка-красная	9.2	8.6	снег-розовый	1.082	58.4	5.0	8.0	9.4	bbox	483	54.1	54.1	54.1	892,586,15,9	327.6	39.4863260	73.5937820	4927.6
485	485	1.230	рюкзак-синий	7.8	21.0	снег-в-тени	1.307	17.8	6.0	-8.0	10.0	bbox	484	73.1	67.1	73.1	43,19,16,15	327.6	39.4863290	73.5937830	4927.6
486	486	0.970	рюкзак-синий	7.2	10.0	снег-в-тени	0.377	48.8	-3.0	-8.0	8.5	bbox	485	33.0	33.0	33.0	101,0,22,7	327.4	39.4863240	73.5937820	4927.6
487	487	1.389	стакан-марка-красная	9.9	17.6	порода-охристая	0.978	32.2	4.0	8.0	8.9	bbox	486	193.2	192.2	193.2	0,673,9,16	326.5	39.4863270	73.5937820	4927.4
488	488	1.388	стакан-марка-красная	11.0	3.9	снег-розовый	0.923	53.7	0.0	0.0	0.0	bbox	487	107.1	107.1	107.1	722,0,15,17	326.1	39.4863260	73.5937820	4927.5
489	489	0.983	стакан-марка-красная	7.2	11.0	порода-охристая	0.707	38.8	15.0	7.0	16.6	bbox	488	173.2	163.2	173.2	1230,257,13,20	326.1	39.4863280	73.5937840	4927.4
490	490	1.279	рюкзак-синий	7.6	23.9	снег-в-тени	1.588	14.9	8.0	-11.0	13.6	bbox	489	55.1	55.1	55.1	1377,381,12,15	325.5	39.4863260	73.5937820	4927.6
491	491	0.600	стакан-марка-красная	4.1	8.6	снег-в-тени	1.642	41.2	12.0	-3.0	12.4	bbox	490	82.1	79.1	82.1	1671,321,6,24	325.5	39.4863270	73.5937820	4927.5
492	492	1.094	стакан-марка-красная	8.5	6.7	порода-охристая	0.481	43.1	8.0	9.0	12.0	bbox	491	194.2	194.2	194.2	323,551,8,24	324.8	39.4863260	73.5937830	4927.4
493	493	0.698	рюкзак-синий	2.0	18.3	снег-в-тени	1.061	57.1	1.0	-16.0	16.0	bbox	492	201.2	201.2	201.2	145,1025,8,18	323.9	39.4863260	73.5937830	4927.4
494	494	1.280	рюкзак-синий	6.7	27.1	снег-в-тени	0.692	65.9	-2.0	-8.0	8.2	bbox	493	109.1	109.1	109.1	0,0,25,5	323.0	39.4863270	73.5937820	4927.5
495	495	1.452	стакан-марка-красная	11.2	11.0	порода-охристая	0.847	60.8	9.0	12.0	15.0	bbox	494	198.2	195.2	200.2	108,121,10,14	322.7	39.4863260	73.5937830	4927.4
496	496	2.097	палка-ручка-пробка	15.8	19.6	снег-розовый	1.012	95.3	0.0	8.0	8.0	bbox	495	113.1	113.1	113.1	1146,265,36,4	322.4	39.4863270	73.5937820	4927.5
497	497	1.008	стакан-марка-красная	8.1	0.0	порода-охристая	0.494	49.8	10.0	9.0	13.5	bbox	496	118.1	117.1	118.1	1128,15,15,16	320.5	39.4863270	73.5937820	4927.5
498	498	1.109	рюкзак-синий	8.6	7.6	снег-в-тени	0.965	31.2	6.0	-7.0	9.2	bbox	497	84.1	84.1	85.1	93,111,16,14	319.7	39.4863270	73.5937820	4927.5
499	499	1.239	рюкзак-синий	9.6	8.6	снег-в-тени	1.235	30.2	8.5	-8.0	11.7	bbox	498	177.2	176.2	177.2	1911,1035,6,18	319.6	39.4863270	73.5937830	4927.5
500	500	1.927	стакан-марка-красная	11.0	37.6	порода-в-тени	0.406	12.2	0.0	0.0	0.0	bbox	499	143.1	142.1	145.1	1784,929,15,21	318.5	39.4863290	73.5937840	4927.5
501	501	0.806	рюкзак-синий	6.4	2.7	снег-в-тени	0.576	36.1	-3.0	-9.0	9.5	bbox	500	12.0	9.0	12.0	125,977,8,14	318.3	39.4863220	73.5937870	4927.6
502	502	0.824	рюкзак-синий	6.5	3.9	снег-в-тени	1.081	34.9	7.0	-11.5	13.5	bbox	501	204.2	204.2	204.2	209,785,6,16	317.8	39.4863260	73.5937840	4927.5
503	503	2.092	стакан-марка-красная	16.1	15.7	порода-охристая	1.128	34.1	19.0	15.0	24.2	bbox	502	201.2	201.2	201.2	1683,883,12,12	317.5	39.4863260	73.5937830	4927.4
504	504	2.471	палка-ручка-пробка	19.4	12.9	снег-освещённый	1.111	88.6	-6.0	7.0	9.2	bbox	503	126.1	119.1	129.1	111,295,8,22	317.4	39.4863270	73.5937820	4927.4
505	505	1.435	стакан-марка-красная	8.5	27.1	порода-охристая	1.061	22.7	5.0	7.0	8.6	bbox	504	108.1	108.1	108.1	789,915,12,16	317.2	39.4863260	73.5937820	4927.5
506	506	2.265	палка-ручка-пробка	18.0	6.3	снег-освещённый	1.119	82.0	-5.0	8.0	9.4	bbox	505	212.2	212.2	212.2	1881,981,14,12	316.5	39.4863280	73.5937840	4927.5
507	507	0.562	стакан-марка-красная	3.6	9.4	порода-охристая	0.913	40.4	13.0	4.0	13.6	bbox	506	127.1	127.1	127.1	1455,7,14,16	316.1	39.4863270	73.5937810	4927.4
508	508	0.964	рюкзак-синий	5.0	20.6	снег-в-тени	1.071	18.2	1.0	-9.0	9.1	bbox	507	84.1	83.1	96.1	323,691,10,14	316.0	39.4863270	73.5937820	4927.5
509	509	1.163	рюкзак-синий	8.5	12.9	снег-в-тени	0.962	25.9	4.0	-6.0	7.2	bbox	508	73.1	68.1	73.1	281,67,19,14	315.9	39.4863290	73.5937830	4927.6
510	510	1.195	рюкзак-синий	9.2	8.8	снег-в-тени	1.185	30.0	8.0	-8.0	11.3	bbox	509	80.1	80.1	80.1	1712,15,23,8	315.5	39.4863270	73.5937820	4927.5
511	511	1.046	рюкзак-синий	7.2	14.9	снег-в-тени	1.057	23.9	5.0	-8.0	9.4	bbox	510	84.1	83.1	84.1	399,97,14,22	314.8	39.4863270	73.5937820	4927.5
512	512	1.470	стакан-марка-красная	7.6	31.4	порода-охристая	0.889	18.4	14.0	8.0	16.1	bbox	511	64.1	64.1	65.1	101,113,11,16	312.9	39.4863280	73.5937840	4927.6
513	513	1.470	стакан-марка-красная	10.0	21.4	порода-в-тени	0.488	28.4	1.0	0.0	1.0	bbox	512	213.2	213.2	215.2	1835,699,20,8	312.5	39.4863280	73.5937840	4927.5
514	514	1.037	стакан-марка-красная	7.3	13.9	порода-охристая	0.460	35.9	9.0	8.0	12.0	bbox	513	4.0	4.0	4.0	169,657,7,16	312.4	39.4863190	73.5937890	4927.5
515	515	0.985	стакан-марка-красная	6.3	16.5	порода-охристая	0.588	33.3	13.0	7.0	14.8	bbox	514	12.0	11.0	13.0	617,787,26,16	312.2	39.4863220	73.5937870	4927.6
516	516	0.905	рюкзак-синий	7.1	5.5	снег-в-тени	1.426	33.3	8.0	-15.0	17.0	bbox	515	126.1	120.1	129.1	27,259,6,18	311.6	39.4863270	73.5937820	4927.4
517	517	1.260	стакан-марка-красная	8.1	21.2	порода-охристая	0.716	28.6	7.0	8.0	10.6	bbox	516	190.2	190.2	193.2	257,305,9,22	311.4	39.4863260	73.5937830	4927.4
518	518	1.683	рюкзак-синий	9.1	34.9	порода-в-тени	0.920	3.9	2.0	-5.0	5.4	bbox	517	56.1	56.1	56.1	1139,862,20,19	310.8	39.4863260	73.5937820	4927.6
519	519	1.281	стакан-марка-красная	7.2	25.5	порода-охристая	0.868	24.3	7.0	7.0	9.9	bbox	518	81.1	81.1	81.1	1721,235,16,22	309.7	39.4863270	73.5937820	4927.5
520	520	1.613	стакан-марка-красная	12.2	15.1	порода-охристая	0.377	34.7	13.0	13.0	18.4	bbox	519	48.0	39.0	50.1	637,681,14,18	309.6	39.4863250	73.5937820	4927.6
521	521	2.446	стакан-марка-красная	18.4	22.9	снег-освещённый	1.018	72.7	-7.0	5.0	8.6	bbox	520	57.1	57.1	57.1	229,887,10,16	309.6	39.4863260	73.5937820	4927.6
522	522	1.148	рюкзак-синий	6.7	21.9	порода-в-тени	1.159	16.9	4.0	-8.0	8.9	bbox	521	182.2	182.2	182.2	1841,1034,6,25	308.0	39.4863260	73.5937830	4927.4
523	523	2.187	палка-ручка-пробка	17.5	1.4	снег-розовый	1.061	77.1	-4.0	8.0	8.9	bbox	522	37.0	34.0	37.0	15,751,6,28	307.2	39.4863240	73.5937820	4927.6
524	524	1.519	рюкзак-синий	11.2	16.6	порода-в-тени	0.286	22.2	-1.0	-3.0	3.2	bbox	523	59.1	59.1	64.1	1617,749,14,12	307.2	39.4863270	73.5937820	4927.6
525	525	0.884	рюкзак-синий	5.4	16.1	снег-в-тени	0.912	22.7	-1.0	-9.0	9.1	bbox	524	70.1	68.1	70.1	25,965,11,11	307.2	39.4863290	73.5937830	4927.6
526	526	1.254	стакан-марка-красная	10.0	2.7	порода-охристая	0.309	47.1	11.0	11.0	15.6	bbox	525	25.0	22.0	29.0	579,637,14,12	307.0	39.4863240	73.5937840	4927.6
527	527	1.918	стакан-марка-красная	15.0	10.6	порода-охристая	0.851	39.2	16.5	15.0	22.3	bbox	526	19.0	15.0	26.0	243,567,10,12	306.0	39.4863230	73.5937860	4927.6
528	528	0.873	рюкзак-синий	6.3	10.4	снег-в-тени	0.787	28.4	3.0	-8.0	8.5	bbox	527	189.2	188.2	189.2	1853,91,6,28	305.5	39.4863260	73.5937830	4927.4
529	529	1.636	стакан-марка-красная	13.0	3.9	корка-жёлтая-на-скале	0.900	53.7	0.0	8.0	8.0	bbox	528	51.1	46.0	53.1	945,75,30,8	305.4	39.4863260	73.5937820	4927.6
530	530	0.673	рюкзак-синий	5.4	0.4	снег-в-тени	0.518	38.4	3.0	-9.0	9.5	bbox	529	58.1	58.1	58.1	731,121,24,10	305.4	39.4863270	73.5937820	4927.6
531	531	1.879	стакан-марка-красная	11.5	33.7	порода-в-тени	0.273	16.1	-0.5	0.0	0.5	bbox	530	90.1	90.1	101.1	1829,523,12,16	305.1	39.4863270	73.5937820	4927.5
532	532	1.150	стакан-марка-красная	6.4	23.1	порода-в-тени	1.207	26.7	7.0	-4.0	8.1	bbox	531	93.1	92.1	93.1	1025,19,19,8	304.8	39.4863270	73.5937820	4927.5
533	533	0.820	рюкзак-синий	5.4	13.1	снег-в-тени	0.809	25.7	-1.0	-9.0	9.1	bbox	532	185.2	185.2	189.2	247,988,14,9	304.4	39.4863260	73.5937830	4927.5
534	534	0.288	рюкзак-синий	2.1	3.2	снег-в-тени	1.010	42.0	2.5	-15.5	15.7	bbox	533	127.1	127.1	127.1	1023,29,16,8	303.8	39.4863270	73.5937810	4927.4
535	535	1.141	стакан-марка-красная	7.2	19.6	порода-охристая	0.765	30.2	15.0	7.0	16.6	bbox	534	34.0	32.0	42.0	831,863,9,27	303.7	39.4863240	73.5937820	4927.6
536	536	0.544	рюкзак-синий	4.1	4.9	снег-в-тени	1.013	33.9	5.0	-13.0	13.9	bbox	535	201.2	201.2	201.2	55,693,10,12	303.0	39.4863260	73.5937830	4927.4
537	537	1.396	стакан-марка-красная	9.8	18.4	порода-охристая	0.573	31.4	15.0	10.0	18.0	bbox	536	12.0	11.0	12.0	621,615,16,12	302.9	39.4863220	73.5937870	4927.6
538	538	1.973	стакан-марка-красная	15.7	7.1	корка-жёлтая-на-скале	1.005	56.9	-3.0	8.0	8.5	bbox	537	79.1	79.1	81.1	929,46,22,7	302.6	39.4863270	73.5937820	4927.6
539	539	2.043	стакан-марка-красная	11.0	42.2	порода-в-тени	0.534	7.6	0.0	0.0	0.0	bbox	538	107.1	107.1	107.1	245,650,21,14	302.1	39.4863260	73.5937820	4927.5
540	540	1.480	рюкзак-синий	10.3	20.4	снег-в-тени	1.699	18.4	10.5	-10.0	14.5	bbox	539	57.1	57.1	57.1	196,3,23,8	300.1	39.4863260	73.5937820	4927.6
541	541	0.687	рюкзак-синий	5.0	8.0	снег-в-тени	0.826	30.8	4.0	-10.0	10.8	bbox	540	9.0	9.0	9.0	121,1007,8,10	300.0	39.4863210	73.5937880	4927.6
542	542	1.262	стакан-марка-красная	9.4	12.6	порода-охристая	1.089	62.4	6.0	9.0	10.8	bbox	541	173.2	173.2	175.2	1509,1021,9,12	298.9	39.4863280	73.5937840	4927.4
543	543	1.348	рюкзак-синий	8.1	25.1	порода-в-тени	1.177	13.7	5.0	-7.0	8.6	bbox	542	21.0	16.0	25.0	57,843,10,18	298.1	39.4863230	73.5937850	4927.6
544	544	1.047	рюкзак-синий	5.0	23.5	снег-в-тени	1.572	15.3	6.0	-14.0	15.2	bbox	543	37.0	36.0	37.0	0,396,9,13	297.9	39.4863240	73.5937820	4927.6
545	545	0.638	рюкзак-синий	5.1	0.8	снег-в-тени	0.318	39.6	0.0	-9.0	9.0	bbox	544	111.1	110.1	111.1	217,1057,10,18	297.7	39.4863270	73.5937820	4927.5
546	546	1.549	стакан-марка-красная	12.0	10.2	порода-в-тени	0.708	39.6	-1.0	0.0	1.0	bbox	545	196.2	196.2	199.2	463,706,7,23	297.7	39.4863260	73.5937830	4927.4
547	547	1.292	рюкзак-синий	6.3	28.6	порода-в-тени	1.135	10.2	3.0	-8.0	8.5	bbox	546	74.1	62.1	74.1	361,105,6,24	297.4	39.4863290	73.5937830	4927.6
548	548	1.175	стакан-марка-красная	6.1	25.1	порода-охристая	0.711	24.7	10.0	7.0	12.2	bbox	547	202.2	202.2	202.2	1473,1069,14,8	297.0	39.4863260	73.5937830	4927.4
549	549	1.589	стакан-марка-красная	11.2	21.2	порода-охристая	0.716	28.6	16.0	11.0	19.4	bbox	548	13.0	13.0	13.0	721,631,13,10	296.9	39.4863230	73.5937870	4927.6
550	550	1.026	стакан-марка-красная	7.8	8.8	порода-охристая	0.806	41.0	6.0	7.0	9.2	bbox	549	215.2	214.2	215.2	1612,809,13,10	295.8	39.4863280	73.5937840	4927.5
551	551	1.400	рюкзак-синий	8.3	26.3	снег-в-тени	1.619	12.5	8.0	-9.5	12.4	bbox	550	57.1	57.1	57.1	335,171,8,15	295.5	39.4863260	73.5937820	4927.6
552	552	1.130	рюкзак-синий	8.1	14.3	снег-в-тени	1.325	24.5	8.0	-10.0	12.8	bbox	551	201.2	201.2	201.2	93,599,12,10	294.9	39.4863260	73.5937830	4927.4
553	553	0.653	рюкзак-синий	4.5	9.4	снег-в-тени	0.801	48.2	5.0	-12.0	13.0	bbox	552	179.2	179.2	179.2	1915,291,5,16	294.7	39.4863260	73.5937830	4927.4
554	554	1.631	стакан-марка-красная	13.0	1.8	снег-в-тени	1.040	51.6	-2.0	0.0	2.0	bbox	553	101.1	101.1	109.1	531,447,22,14	293.9	39.4863260	73.5937820	4927.5
555	555	1.449	рюкзак-синий	8.5	27.6	порода-в-тени	1.463	11.2	7.0	-8.0	10.6	bbox	554	11.0	11.0	11.0	609,596,12,9	293.2	39.4863220	73.5937880	4927.6
556	556	1.399	стакан-марка-красная	11.2	1.6	порода-охристая	0.717	48.2	6.0	11.0	12.5	bbox	555	163.2	163.2	165.2	1911,255,9,14	293.2	39.4863280	73.5937830	4927.5
557	557	1.187	стакан-марка-красная	8.2	16.5	порода-охристая	0.397	33.3	9.0	9.0	12.7	bbox	556	137.1	136.1	138.1	109,153,10,10	293.0	39.4863270	73.5937830	4927.5
558	558	0.498	рюкзак-синий	3.6	5.9	снег-в-тени	0.410	44.7	-1.0	-11.0	11.0	bbox	557	49.0	49.0	49.0	7,1003,6,18	292.9	39.4863260	73.5937820	4927.6
559	559	0.682	рюкзак-синий	2.2	17.4	снег-в-тени	1.068	21.4	0.0	-12.0	12.0	bbox	558	1.0	0.0	3.0	264,1001,9,10	292.8	39.4863180	73.5937900	4927.5
560	560	0.477	стакан-марка-красная	2.0	11.4	порода-охристая	1.275	38.4	13.0	1.0	13.0	bbox	559	54.1	54.1	54.1	132,827,11,18	292.6	39.4863260	73.5937820	4927.6
561	561	1.281	стакан-марка-красная	10.0	7.1	порода-в-тени	0.891	42.7	1.0	0.0	1.0	bbox	560	103.1	103.1	105.1	198,948,11,11	292.5	39.4863260	73.5937820	4927.5
562	562	1.892	палка-древко-контроль	10.8	37.2	снег-пересвеченный	0.489	78.8	-4.0	-5.0	6.4	bbox	561	122.1	120.1	125.1	77,269,16,12	291.7	39.4863260	73.5937820	4927.5
563	563	1.260	стакан-марка-красная	9.8	7.4	порода-охристая	0.534	42.4	15.0	10.0	18.0	bbox	562	184.2	183.2	185.2	501,710,15,9	290.5	39.4863270	73.5937830	4927.4
564	564	1.119	рюкзак-синий	7.1	19.2	снег-в-тени	1.262	19.6	6.0	-9.0	10.8	bbox	563	141.1	140.1	141.1	731,0,11,11	290.3	39.4863280	73.5937840	4927.5
565	565	2.164	стакан-марка-красная	11.0	46.7	порода-в-тени	0.764	3.1	0.0	2.0	2.0	bbox	564	206.2	206.2	206.2	103,497,11,12	290.2	39.4863270	73.5937840	4927.5
566	566	0.980	стакан-марка-красная	4.5	22.5	порода-в-тени	1.419	27.3	9.0	-3.0	9.5	bbox	565	112.1	112.1	112.1	243,1038,16,11	289.8	39.4863260	73.5937820	4927.5
567	567	1.475	стакан-марка-красная	11.8	0.8	корка-жёлтая-на-скале	0.900	50.6	1.5	8.0	8.1	bbox	566	45.0	40.0	47.0	293,961,14,8	289.7	39.4863250	73.5937810	4927.5
568	568	0.912	рюкзак-синий	7.1	6.3	снег-в-тени	0.559	32.5	0.0	-7.0	7.0	bbox	567	172.2	170.2	175.2	790,377,15,14	289.7	39.4863280	73.5937850	4927.5
569	569	1.574	стакан-марка-красная	12.2	10.8	корка-жёлтая-на-скале	0.938	39.0	1.0	8.0	8.1	bbox	568	215.2	213.2	215.2	1903,1039,8,14	289.7	39.4863280	73.5937840	4927.5
570	570	2.346	палка-ручка-пробка	18.6	8.6	снег-освещённый	1.277	67.1	-6.0	8.0	10.0	bbox	569	57.1	57.1	57.1	517,121,20,6	289.4	39.4863260	73.5937820	4927.6
571	571	0.606	стакан-марка-красная	3.0	13.3	порода-охристая	1.307	36.5	14.0	1.0	14.0	bbox	570	120.1	118.1	120.1	1121,19,14,10	289.4	39.4863270	73.5937820	4927.4
572	572	1.598	стакан-марка-красная	9.0	31.8	снег-в-тени	1.738	18.0	11.0	-8.0	13.6	bbox	571	45.0	43.0	48.0	142,957,11,14	288.9	39.4863250	73.5937810	4927.5
573	573	0.627	рюкзак-синий	5.0	1.4	снег-в-тени	0.596	40.2	-3.0	-11.0	11.4	bbox	572	28.0	14.0	28.0	12,163,15,10	288.5	39.4863240	73.5937830	4927.6
574	574	0.775	стакан-марка-красная	3.6	17.6	порода-охристая	1.091	32.2	14.0	3.0	14.3	bbox	573	117.1	113.1	117.1	1045,169,18,9	288.1	39.4863270	73.5937820	4927.5
575	575	2.218	стакан-марка-красная	14.9	33.9	снег-освещённый	0.797	83.7	-3.0	6.0	6.7	bbox	574	130.1	128.1	131.1	560,103,31,10	287.7	39.4863270	73.5937810	4927.5
576	576	2.101	стакан-марка-красная	16.8	4.3	корка-жёлтая-на-скале	1.307	54.1	-5.0	6.0	7.8	bbox	575	82.1	79.1	82.1	171,75,20,15	287.5	39.4863270	73.5937820	4927.5
577	577	2.259	палка-ручка-пробка	17.9	9.0	снег-розовый	0.920	84.7	-3.0	7.0	7.6	bbox	576	119.1	113.1	119.1	1073,31,35,7	287.4	39.4863270	73.5937820	4927.5
578	578	0.696	рюкзак-синий	5.0	8.6	снег-в-тени	0.721	30.2	-2.0	-10.0	10.2	bbox	577	13.0	13.0	13.0	114,1073,11,7	287.3	39.4863230	73.5937870	4927.6
579	579	1.710	палка-ручка-пробка	13.4	9.4	лишайник-жёлтый-на-камне	1.092	85.1	-1.0	11.0	11.0	bbox	578	124.1	124.1	124.1	711,61,24,8	287.2	39.4863270	73.5937820	4927.5
580	580	1.181	рюкзак-синий	8.1	17.2	снег-в-тени	1.133	21.6	5.0	-7.0	8.6	bbox	579	134.1	133.1	136.1	523,187,11,18	287.0	39.4863270	73.5937820	4927.5
581	581	1.062	стакан-марка-красная	8.1	9.4	порода-охристая	0.629	40.4	7.0	8.0	10.6	bbox	580	167.2	167.2	167.2	1809,1057,7,14	286.9	39.4863280	73.5937840	4927.4
582	582	1.325	стакан-марка-красная	9.8	13.7	порода-охристая	0.522	36.1	15.0	10.0	18.0	bbox	581	178.2	178.2	178.2	933,139,12,18	286.9	39.4863260	73.5937830	4927.5
583	583	1.044	рюкзак-синий	5.4	22.3	снег-в-тени	1.187	16.5	3.0	-9.0	9.5	bbox	582	213.2	212.2	213.2	1879,119,15,12	286.7	39.4863280	73.5937840	4927.5
584	584	0.986	рюкзак-синий	7.2	11.2	снег-в-тени	0.630	50.0	5.0	-8.0	9.4	bbox	583	35.0	34.0	36.0	161,817,8,26	286.4	39.4863240	73.5937820	4927.6
585	585	1.668	стакан-марка-красная	13.3	1.2	порода-охристая	0.695	51.0	14.0	14.0	19.8	bbox	584	164.2	158.2	170.2	989,635,8,14	285.9	39.4863280	73.5937830	4927.5
586	586	0.936	рюкзак-синий	4.7	20.4	снег-в-тени	1.297	18.4	5.0	-11.5	12.5	bbox	585	31.0	30.0	31.0	207,11,18,8	285.6	39.4863240	73.5937820	4927.6
587	587	1.238	стакан-марка-красная	8.9	14.9	порода-охристая	0.573	34.9	7.0	9.0	11.4	bbox	586	62.1	62.1	64.1	399,665,16,8	285.5	39.4863270	73.5937830	4927.6
588	588	0.511	рюкзак-синий	2.2	12.0	снег-в-тени	1.006	50.8	0.0	-16.0	16.0	bbox	587	124.1	124.1	127.1	583,221,11,14	285.5	39.4863270	73.5937820	4927.5
589	589	1.344	стакан-марка-красная	8.1	24.9	снег-в-тени	1.223	24.9	7.0	-6.0	9.2	bbox	588	83.1	83.1	85.1	495,135,12,18	285.2	39.4863270	73.5937820	4927.5
590	590	1.909	стакан-марка-красная	15.3	1.2	корка-жёлтая-на-скале	0.791	48.6	-2.0	9.0	9.2	bbox	589	50.1	50.1	53.1	391,688,8,19	285.0	39.4863260	73.5937820	4927.6
591	591	1.775	стакан-марка-красная	13.9	9.6	порода-охристая	0.732	40.2	16.0	14.0	21.3	bbox	590	164.2	163.2	168.2	1839,719,10,14	284.9	39.4863280	73.5937830	4927.5
592	592	1.327	стакан-марка-красная	9.2	18.4	порода-охристая	0.875	31.4	5.0	8.0	9.4	bbox	591	172.2	172.2	172.2	47,1045,12,12	284.9	39.4863280	73.5937850	4927.5
593	593	1.315	стакан-марка-красная	8.9	19.4	порода-охристая	0.628	30.4	15.0	9.0	17.5	bbox	592	217.2	217.2	224.2	717,775,10,12	284.8	39.4863280	73.5937840	4927.5
594	594	0.561	стакан-марка-красная	4.5	1.2	снег-розовый	1.198	51.0	7.0	-1.0	7.1	bbox	593	120.1	120.1	120.1	715,273,16,14	284.6	39.4863270	73.5937820	4927.4
595	595	2.189	рюкзак-синий	14.8	32.7	порода-в-тени	0.545	6.1	-2.0	0.5	2.1	bbox	594	145.1	145.1	148.1	95,1045,20,21	284.3	39.4863290	73.5937840	4927.5
596	596	0.560	рюкзак-синий	4.2	5.1	снег-в-тени	1.330	33.7	4.0	-17.0	17.5	bbox	595	128.1	127.1	139.1	119,1005,10,8	284.2	39.4863270	73.5937810	4927.5
597	597	1.092	рюкзак-синий	7.5	15.7	снег-в-тени	1.117	23.1	5.5	-8.0	9.7	bbox	596	0.0	0.0	3.0	1915,1013,5,24	283.9	39.4863170	73.5937900	4927.5
598	598	1.259	стакан-марка-красная	7.1	25.1	порода-в-тени	1.079	24.7	6.0	-4.0	7.2	bbox	597	61.1	59.1	66.1	683,81,22,18	283.9	39.4863270	73.5937830	4927.6
599	599	0.988	рюкзак-синий	7.2	11.3	снег-в-тени	0.959	27.5	5.0	-8.0	9.4	bbox	598	7.0	6.0	7.0	1907,423,13,16	283.7	39.4863200	73.5937890	4927.6
600	600	0.785	рюкзак-синий	6.1	5.5	снег-в-тени	0.517	33.3	0.0	-8.0	8.0	bbox	599	12.0	12.0	12.0	879,423,13,10	283.5	39.4863220	73.5937870	4927.6
601	601	0.706	рюкзак-синий	5.0	9.2	снег-в-тени	1.244	29.6	6.0	-14.0	15.2	bbox	600	48.0	48.0	48.0	47,987,6,22	283.2	39.4863250	73.5937820	4927.6
602	602	1.210	рюкзак-синий	8.2	18.0	снег-в-тени	1.224	20.8	6.0	-7.5	9.6	bbox	601	11.0	11.0	11.0	293,797,16,8	283.0	39.4863220	73.5937880	4927.6
603	603	1.721	палка-древко-контроль	11.0	29.0	снег-пересвеченный	0.881	70.6	-8.0	-4.0	8.9	bbox	602	224.2	221.2	224.2	9,173,16,7	279.3	39.4863270	73.5937830	4927.5
604	604	1.136	стакан-марка-красная	8.1	14.7	порода-охристая	0.636	35.1	7.0	8.0	10.6	bbox	603	111.1	110.1	112.1	769,561,10,12	279.0	39.4863270	73.5937820	4927.5
605	605	1.042	стакан-марка-красная	8.1	7.4	порода-охристая	0.641	42.4	7.0	8.0	10.6	bbox	604	191.2	191.2	193.2	469,396,12,13	279.0	39.4863260	73.5937830	4927.4
606	606	1.754	стакан-марка-красная	14.0	0.2	снег-в-тени	1.071	50.0	-3.0	0.0	3.0	bbox	605	80.1	80.1	80.1	197,868,14,11	278.6	39.4863270	73.5937820	4927.5
607	607	1.539	стакан-марка-красная	12.3	3.9	снег-в-тени	0.825	45.9	-1.0	-1.5	1.8	bbox	606	78.1	74.1	78.1	1507,31,20,10	277.6	39.4863280	73.5937820	4927.6
608	608	0.781	стакан-марка-красная	4.5	15.3	порода-в-тени	1.233	34.5	7.0	-1.0	7.1	bbox	607	9.0	9.0	10.0	359,987,20,10	277.3	39.4863210	73.5937880	4927.6
609	609	0.699	стакан-марка-красная	5.1	8.0	порода-охристая	0.943	57.8	10.0	6.0	11.7	bbox	608	155.2	153.2	159.2	147,931,8,14	277.2	39.4863280	73.5937840	4927.5
610	610	0.466	рюкзак-синий	3.6	3.3	снег-в-тени	0.689	35.5	3.0	-11.0	11.4	bbox	609	172.2	172.2	173.2	1877,175,6,16	277.2	39.4863280	73.5937850	4927.5
611	611	1.636	стакан-марка-красная	13.0	3.9	корка-жёлтая-на-скале	0.878	45.9	0.0	8.0	8.0	bbox	610	48.0	48.0	50.1	133,627,11,22	277.0	39.4863250	73.5937820	4927.6
612	612	1.156	стакан-марка-красная	8.9	8.2	порода-охристая	0.570	41.6	15.0	9.0	17.5	bbox	611	188.2	188.2	188.2	577,963,13,14	276.9	39.4863260	73.5937830	4927.4
613	613	1.735	стакан-марка-красная	13.2	15.5	порода-в-тени	0.705	34.3	-2.0	3.0	3.6	bbox	612	6.0	5.0	6.0	1879,29,20,14	276.8	39.4863200	73.5937890	4927.5
614	614	1.055	стакан-марка-красная	5.1	23.5	снег-в-тени	1.758	26.3	12.0	-4.0	12.6	bbox	613	200.2	200.2	200.2	215,107,12,16	275.7	39.4863260	73.5937830	4927.4
615	615	1.054	рюкзак-синий	6.4	19.2	снег-в-тени	1.192	19.6	5.0	-9.0	10.3	bbox	614	133.1	131.1	133.1	979,0,22,9	275.4	39.4863270	73.5937820	4927.5
616	616	2.107	стакан-марка-красная	16.6	11.2	корка-жёлтая-на-скале	1.060	38.6	-4.0	8.0	8.9	bbox	615	81.1	81.1	81.1	57,1029,7,16	275.1	39.4863270	73.5937820	4927.5
617	617	1.433	стакан-марка-красная	11.4	4.1	корка-жёлтая-на-скале	0.913	45.7	2.0	8.0	8.2	bbox	616	134.1	133.1	135.1	443,161,14,10	275.0	39.4863270	73.5937820	4927.5
618	618	1.710	стакан-марка-красная	12.6	18.2	снег-освещённый	0.590	68.0	-1.0	-3.0	3.2	bbox	617	31.0	31.0	32.0	615,183,22,18	274.2	39.4863240	73.5937820	4927.6
619	619	1.210	стакан-марка-красная	9.7	2.2	снег-в-тени	0.732	47.6	2.0	-2.5	3.2	bbox	618	99.1	93.1	100.1	1247,101,16,10	273.8	39.4863260	73.5937820	4927.5
620	620	1.891	стакан-марка-красная	13.0	27.1	порода-в-тени	0.264	22.7	-2.0	1.0	2.2	bbox	619	101.1	101.1	104.1	113,1071,19,9	273.7	39.4863260	73.5937820	4927.5
621	621	1.189	стакан-марка-красная	8.1	17.6	порода-охристая	0.664	32.2	15.0	8.0	17.0	bbox	620	114.1	114.1	114.1	1173,161,20,10	273.6	39.4863270	73.5937820	4927.5
622	622	1.427	рюкзак-синий	11.4	1.9	снег-в-тени	2.175	36.9	-2.0	-25.0	25.1	bbox	621	15.0	15.0	15.0	307,235,12,14	272.9	39.4863230	73.5937860	4927.6
623	623	1.912	стакан-марка-красная	14.3	18.8	снег-розовый	0.862	68.6	-2.0	7.0	7.3	bbox	622	73.1	68.1	75.1	437,123,14,12	272.6	39.4863290	73.5937830	4927.6
624	624	0.451	стакан-марка-красная	3.6	0.4	порода-охристая	1.003	50.2	9.0	4.0	9.8	bbox	623	219.2	213.2	224.2	1613,425,10,13	272.6	39.4863280	73.5937840	4927.5
625	625	0.685	стакан-марка-красная	5.4	3.5	порода-охристая	0.730	46.3	9.0	6.0	10.8	bbox	624	49.0	48.0	53.1	803,805,12,13	270.6	39.4863260	73.5937820	4927.6
626	626	0.647	рюкзак-синий	5.1	3.2	снег-в-тени	0.243	42.0	0.0	-9.0	9.0	bbox	625	182.2	181.2	183.2	113,967,17,14	269.2	39.4863260	73.5937830	4927.4
627	627	1.032	рюкзак-синий	7.8	9.4	снег-в-тени	1.101	29.4	7.0	-9.0	11.4	bbox	626	39.0	38.0	39.0	112,245,13,15	268.6	39.4863250	73.5937810	4927.6
628	628	1.041	стакан-марка-красная	7.6	11.8	порода-охристая	0.530	38.0	8.0	8.0	11.3	bbox	627	80.1	80.1	80.1	1906,513,11,8	268.6	39.4863270	73.5937820	4927.5
629	629	1.442	стакан-марка-красная	11.0	12.2	порода-в-тени	0.710	37.6	0.0	1.0	1.0	bbox	628	105.1	105.1	106.1	439,1011,14,15	268.3	39.4863260	73.5937820	4927.5
630	630	0.908	стакан-марка-красная	7.2	3.1	порода-охристая	0.877	52.9	15.0	7.0	16.6	bbox	629	186.2	186.2	189.2	634,1015,9,14	268.1	39.4863260	73.5937830	4927.5
631	631	0.687	рюкзак-синий	4.1	12.7	снег-в-тени	0.815	26.1	0.0	-10.0	10.0	bbox	630	125.1	124.1	125.1	1040,141,8,17	267.4	39.4863270	73.5937820	4927.5
632	632	1.087	рюкзак-синий	8.5	6.4	снег-в-тени	0.854	32.4	5.0	-6.5	8.2	bbox	631	118.1	111.1	120.1	246,329,11,14	266.6	39.4863270	73.5937820	4927.5
633	633	0.546	рюкзак-синий	4.1	5.1	снег-в-тени	0.561	33.7	0.0	-10.0	10.0	bbox	632	73.1	68.1	73.1	617,199,5,18	266.5	39.4863290	73.5937830	4927.6
634	634	1.383	рюкзак-синий	9.8	17.6	порода-в-тени	1.008	21.2	5.0	-5.0	7.1	bbox	633	91.1	87.1	91.1	959,69,24,8	266.1	39.4863270	73.5937820	4927.5
635	635	1.048	рюкзак-синий	5.0	23.6	снег-в-тени	0.743	62.4	-3.0	-11.0	11.4	bbox	634	0.0	0.0	3.0	229,480,12,11	265.9	39.4863170	73.5937900	4927.5
636	636	2.064	стакан-марка-красная	14.1	29.8	снег-освещённый	0.453	79.6	-3.0	3.0	4.2	bbox	635	44.0	39.0	45.0	489,27,34,14	265.2	39.4863250	73.5937810	4927.5
637	637	1.029	стакан-марка-красная	8.1	5.9	порода-охристая	0.342	43.9	12.0	9.0	15.0	bbox	636	131.1	131.1	131.1	1039,185,13,10	264.5	39.4863270	73.5937810	4927.5
638	638	1.103	стакан-марка-красная	8.5	8.4	снег-розовый	1.005	58.2	5.0	7.0	8.6	bbox	637	188.2	188.2	190.2	623,853,10,10	264.5	39.4863260	73.5937830	4927.4
639	639	0.963	стакан-марка-красная	2.8	25.1	порода-охристая	1.141	24.7	9.0	3.0	9.5	bbox	638	206.2	206.2	206.2	671,702,18,8	264.2	39.4863270	73.5937840	4927.5
640	640	1.634	палка-ручка-пробка	11.4	22.4	порода-охристая	0.664	53.3	12.0	14.0	18.4	bbox	639	2.0	2.0	4.0	228,805,11,10	264.1	39.4863180	73.5937900	4927.5
641	641	1.389	стакан-марка-красная	8.2	26.1	снег-в-тени	1.421	23.7	9.0	-7.0	11.4	bbox	640	80.1	78.1	80.1	1125,0,20,9	263.5	39.4863270	73.5937820	4927.5
642	642	2.052	палка-ручка-пробка	16.4	2.3	лишайник-жёлтый-на-камне	1.316	78.0	-5.0	10.0	11.2	bbox	641	119.1	119.1	119.1	965,0,22,5	263.2	39.4863270	73.5937820	4927.5
643	643	0.628	рюкзак-синий	5.0	1.7	снег-в-тени	0.422	37.1	1.0	-9.0	9.1	bbox	642	158.2	158.2	159.2	1883,735,10,12	262.8	39.4863280	73.5937840	4927.5
644	644	0.437	стакан-марка-красная	3.0	6.3	порода-охристая	1.318	43.5	14.0	1.0	14.0	bbox	643	126.1	126.1	127.1	1569,87,14,10	262.1	39.4863270	73.5937820	4927.4
645	645	1.464	стакан-марка-красная	11.7	1.0	порода-охристая	0.636	48.8	15.0	12.0	19.2	bbox	644	2.0	2.0	3.0	405,1025,7,14	261.9	39.4863180	73.5937900	4927.5
646	646	0.782	рюкзак-синий	6.1	5.1	снег-в-тени	0.503	33.7	0.0	-8.0	8.0	bbox	645	13.0	13.0	14.0	1037,392,12,17	261.8	39.4863230	73.5937870	4927.6
647	647	1.353	рюкзак-синий	10.2	12.7	порода-в-тени	0.444	26.1	-1.0	-4.0	4.1	bbox	646	106.1	106.1	106.1	369,1054,8,12	260.8	39.4863270	73.5937820	4927.5
648	648	1.829	стакан-марка-красная	13.8	17.5	снег-розовый	0.760	67.3	-2.0	5.5	5.9	bbox	647	72.1	69.1	75.1	487,339,14,16	260.5	39.4863290	73.5937830	4927.6
649	649	1.007	стакан-марка-красная	7.2	12.5	порода-охристая	0.708	37.3	7.0	7.0	9.9	bbox	648	162.2	162.2	162.2	163,973,16,8	260.4	39.4863280	73.5937830	4927.4
650	650	1.876	стакан-марка-красная	13.4	23.5	порода-в-тени	1.029	26.3	-1.0	7.0	7.1	bbox	649	10.0	7.0	13.0	953,761,12,8	259.9	39.4863220	73.5937880	4927.6
651	651	1.105	стакан-марка-красная	7.8	14.5	порода-охристая	0.808	35.3	16.0	7.0	17.5	bbox	650	124.1	122.1	125.1	1131,85,12,12	259.8	39.4863270	73.5937820	4927.5
652	652	1.433	рюкзак-синий	10.3	17.6	снег-в-тени	1.576	21.2	10.0	-9.0	13.5	bbox	651	54.1	54.1	54.1	283,69,20,10	259.7	39.4863260	73.5937820	4927.6
653	653	0.568	стакан-марка-красная	4.5	2.7	порода-охристая	0.849	47.1	13.0	5.0	13.9	bbox	652	129.1	126.1	130.1	1546,125,18,9	259.7	39.4863270	73.5937810	4927.5
654	654	0.453	рюкзак-синий	3.6	1.2	снег-в-тени	0.484	40.0	-1.0	-11.0	11.0	bbox	653	214.2	213.2	215.2	1609,89,13,10	258.9	39.4863280	73.5937840	4927.5
655	655	1.275	рюкзак-синий	10.2	0.8	снег-в-тени	2.034	38.0	-1.0	-24.0	24.0	bbox	654	16.0	16.0	22.0	417,169,14,8	258.5	39.4863230	73.5937860	4927.6
656	656	1.029	рюкзак-синий	4.2	24.7	снег-в-тени	1.721	14.1	4.0	-17.0	17.5	bbox	655	201.2	201.2	201.2	27,67,6,14	258.1	39.4863260	73.5937830	4927.4
657	657	1.998	стакан-марка-красная	13.0	32.6	снег-пересвеченный	0.493	82.4	-1.0	-4.0	4.1	bbox	656	181.2	177.2	182.2	1801,491,14,14	258.0	39.4863260	73.5937830	4927.4
658	658	2.213	рюкзак-синий	14.3	36.4	порода-в-тени	0.657	2.4	-2.0	0.0	2.0	bbox	657	88.1	88.1	92.1	1741,243,20,10	257.5	39.4863270	73.5937830	4927.5
659	659	1.142	рюкзак-синий	6.9	20.8	порода-в-тени	0.881	18.0	-2.5	-8.0	8.4	bbox	658	56.1	56.1	56.1	1525,877,10,10	257.3	39.4863260	73.5937820	4927.6
660	660	1.433	рюкзак-синий	7.2	31.3	снег-в-тени	1.842	7.5	8.0	-12.5	14.8	bbox	659	131.1	127.1	131.1	141,63,8,12	257.3	39.4863270	73.5937810	4927.5
661	661	1.222	рюкзак-синий	9.7	4.1	снег-в-тени	1.220	34.7	9.0	-8.5	12.4	bbox	660	200.2	200.2	200.2	211,19,6,16	256.9	39.4863260	73.5937830	4927.4
662	662	0.397	рюкзак-синий	2.0	8.7	снег-в-тени	0.760	47.5	-1.0	-14.0	14.0	bbox	661	12.0	12.0	12.0	659,321,22,8	256.2	39.4863220	73.5937870	4927.6
663	663	1.120	рюкзак-синий	6.4	21.9	снег-в-тени	1.359	16.9	6.0	-10.0	11.7	bbox	662	122.1	122.1	122.1	153,937,8,16	255.5	39.4863260	73.5937820	4927.5
664	664	0.993	рюкзак-синий	7.8	5.1	снег-в-тени	0.903	33.7	6.0	-8.0	10.0	bbox	663	177.2	177.2	177.2	1905,189,4,30	255.4	39.4863270	73.5937830	4927.5
665	665	1.311	рюкзак-синий	10.3	7.0	снег-в-тени	1.381	31.8	10.0	-9.0	13.5	bbox	664	56.1	55.1	56.1	500,152,23,7	255.1	39.4863260	73.5937820	4927.6
666	666	2.432	стакан-марка-красная	14.9	43.9	снег-освещённый	0.915	93.7	-3.0	6.0	6.7	bbox	665	130.1	130.1	131.1	271,67,30,12	255.1	39.4863270	73.5937810	4927.5
667	667	1.288	стакан-марка-красная	10.2	5.1	порода-охристая	0.640	54.9	9.0	11.0	14.2	bbox	666	165.2	163.2	168.2	1281,885,10,14	254.9	39.4863280	73.5937840	4927.5
668	668	1.112	стакан-марка-красная	7.2	18.2	порода-охристая	0.748	31.6	15.0	7.0	16.6	bbox	667	180.2	176.2	180.2	1299,27,16,10	254.7	39.4863260	73.5937830	4927.4
669	669	2.037	стакан-марка-красная	13.3	32.7	снег-освещённый	0.286	82.5	-2.0	-2.0	2.8	bbox	668	174.2	174.2	174.2	1837,1057,12,16	254.6	39.4863280	73.5937840	4927.4
670	670	1.587	стакан-марка-красная	10.4	25.3	снег-освещённый	0.408	75.1	1.0	-2.0	2.2	bbox	669	197.2	197.2	198.2	706,509,12,15	254.6	39.4863260	73.5937830	4927.4
671	671	1.932	стакан-марка-красная	13.0	29.0	снег-освещённый	0.144	78.8	-2.0	0.0	2.0	bbox	670	52.1	49.0	53.1	769,133,36,20	254.5	39.4863260	73.5937820	4927.6
672	672	1.999	стакан-марка-красная	14.3	24.9	снег-розовый	0.807	74.7	-2.0	7.0	7.3	bbox	671	4.0	4.0	4.0	161,9,14,12	254.3	39.4863190	73.5937890	4927.5
673	673	1.882	стакан-марка-красная	11.2	35.3	снег-розовый	0.387	85.1	0.0	3.0	3.0	bbox	672	35.0	35.0	35.0	523,133,14,12	253.8	39.4863240	73.5937820	4927.6
674	674	0.638	стакан-марка-красная	5.0	3.5	порода-охристая	0.685	46.3	11.0	6.0	12.5	bbox	673	211.2	211.2	211.2	1393,319,17,12	253.8	39.4863280	73.5937840	4927.5
675	675	1.974	стакан-марка-красная	15.7	7.3	корка-жёлтая-на-скале	0.970	42.5	-3.0	8.0	8.5	bbox	674	121.1	121.1	121.1	841,26,20,5	253.7	39.4863260	73.5937820	4927.5
676	676	0.876	стакан-марка-красная	6.3	10.6	порода-охристая	0.560	39.2	9.0	7.0	11.4	bbox	675	171.2	171.2	171.2	1149,611,20,10	253.7	39.4863280	73.5937840	4927.5
677	677	0.744	стакан-марка-красная	3.2	17.6	порода-в-тени	1.325	32.2	8.0	0.0	8.0	bbox	676	154.2	154.2	159.2	1908,779,12,16	253.6	39.4863280	73.5937840	4927.5
678	678	1.789	стакан-марка-красная	14.0	10.2	корка-жёлтая-на-скале	0.870	60.0	-0.5	9.0	9.0	bbox	677	36.0	30.0	36.0	0,37,7,10	253.4	39.4863240	73.5937810	4927.6
679	679	0.769	рюкзак-синий	6.0	4.7	снег-в-тени	0.197	43.5	1.0	-8.0	8.1	bbox	678	78.1	78.1	81.1	573,0,18,6	253.3	39.4863280	73.5937820	4927.6
680	680	0.908	рюкзак-синий	6.1	13.9	снег-в-тени	0.855	24.9	2.0	-8.0	8.2	bbox	679	4.0	4.0	6.0	1205,654,10,11	253.0	39.4863190	73.5937890	4927.5
681	681	2.414	стакан-марка-красная	14.9	43.1	снег-освещённый	0.902	92.9	-3.0	6.0	6.7	bbox	680	15.0	15.0	16.0	1133,181,36,4	252.9	39.4863230	73.5937860	4927.6
682	682	1.585	стакан-марка-красная	12.2	12.5	порода-в-тени	0.615	37.3	-1.0	-1.0	1.4	bbox	681	106.1	104.1	106.1	75,852,12,15	252.7	39.4863270	73.5937820	4927.5
683	683	0.517	рюкзак-синий	4.1	1.0	снег-в-тени	0.929	39.8	5.0	-13.0	13.9	bbox	682	45.0	45.0	45.0	179,98,10,11	251.6	39.4863250	73.5937810	4927.5
684	684	2.160	стакан-марка-красная	17.0	10.2	снег-освещённый	1.002	60.0	-6.0	2.0	6.3	bbox	683	84.1	84.1	84.1	11,1067,16,13	250.8	39.4863270	73.5937820	4927.5
685	685	1.367	рюкзак-синий	9.2	20.6	порода-в-тени	1.354	18.2	7.0	-7.0	9.9	bbox	684	85.1	84.1	85.1	269,37,10,14	249.9	39.4863270	73.5937830	4927.5
686	686	0.972	рюкзак-синий	7.1	11.3	снег-в-тени	1.052	27.5	6.0	-9.0	10.8	bbox	685	121.1	114.1	124.1	437,301,10,19	249.8	39.4863260	73.5937820	4927.5
687	687	1.958	палка-ручка-пробка	15.7	1.8	снег-розовый	1.008	77.5	-2.0	9.0	9.2	bbox	686	28.0	28.0	29.0	172,1050,11,30	249.7	39.4863240	73.5937830	4927.6
688	688	1.296	палка-древко-контроль	10.3	4.3	снег-в-тени	2.036	45.9	-3.0	-24.0	24.2	bbox	687	14.0	14.0	14.0	73,41,8,12	249.2	39.4863230	73.5937870	4927.6
689	689	0.798	рюкзак-синий	3.6	18.5	снег-в-тени	1.085	57.3	-2.0	-16.0	16.1	bbox	688	201.2	201.2	201.2	375,1039,12,14	248.2	39.4863260	73.5937830	4927.4
690	690	1.722	стакан-марка-красная	12.1	23.1	порода-охристая	0.763	26.7	16.0	12.0	20.0	bbox	689	178.2	178.2	178.2	1032,425,11,11	247.9	39.4863260	73.5937830	4927.5
691	691	1.742	стакан-марка-красная	13.0	17.3	порода-в-тени	0.452	32.5	-2.0	0.0	2.0	bbox	690	144.1	143.1	146.1	1849,941,15,10	247.7	39.4863290	73.5937840	4927.5
692	692	1.058	стакан-марка-красная	8.1	9.0	порода-охристая	0.292	40.8	10.0	9.0	13.5	bbox	691	13.0	13.0	13.0	953,1058,14,9	247.5	39.4863230	73.5937870	4927.6
693	693	0.861	рюкзак-синий	6.7	5.5	снег-в-тени	0.719	33.3	4.0	-8.0	8.9	bbox	692	77.1	77.1	79.1	23,597,8,18	246.7	39.4863280	73.5937830	4927.6
694	694	0.735	рюкзак-синий	5.4	8.3	снег-в-тени	0.179	47.1	-1.0	-9.0	9.1	bbox	693	111.1	111.1	111.1	1849,481,32,4	246.7	39.4863270	73.5937820	4927.5
695	695	0.959	рюкзак-синий	5.0	20.4	снег-в-тени	1.277	18.4	5.0	-11.0	12.1	bbox	694	172.2	172.2	172.2	1914,915,6,14	246.6	39.4863280	73.5937850	4927.5
696	696	1.075	стакан-марка-красная	6.7	18.8	порода-охристая	0.679	31.0	8.0	7.0	10.6	bbox	695	216.2	216.2	223.2	653,889,15,14	246.5	39.4863280	73.5937840	4927.5
697	697	1.246	рюкзак-синий	7.2	24.1	порода-в-тени	1.254	14.7	5.0	-8.0	9.4	bbox	696	85.1	84.1	86.1	35,133,10,15	246.2	39.4863270	73.5937830	4927.5
698	698	1.301	стакан-марка-красная	6.7	27.8	порода-в-тени	1.347	22.0	8.0	-5.0	9.4	bbox	697	137.1	137.1	138.1	1006,85,17,8	245.9	39.4863270	73.5937830	4927.5
699	699	1.065	рюкзак-синий	5.0	24.1	снег-в-тени	0.757	62.9	-3.0	-11.0	11.4	bbox	698	113.1	113.1	113.1	73,1000,18,9	245.2	39.4863270	73.5937820	4927.5
700	700	1.129	стакан-марка-красная	8.6	9.6	снег-розовый	0.857	59.4	4.0	6.0	7.2	bbox	699	177.2	177.2	177.2	1285,1003,22,7	244.2	39.4863270	73.5937830	4927.5
701	701	1.749	палка-ручка-контроль	13.0	17.8	порода-охристая	0.561	39.8	13.0	15.0	19.8	bbox	700	199.2	199.2	199.2	433,327,8,12	243.8	39.4863260	73.5937830	4927.4
702	702	1.172	рюкзак-синий	9.0	9.0	снег-в-тени	1.005	29.8	6.0	-6.5	8.8	bbox	701	53.1	53.1	53.1	465,164,26,9	243.3	39.4863260	73.5937820	4927.6
703	703	1.138	стакан-марка-красная	8.9	5.9	порода-охристая	0.833	55.7	7.0	9.0	11.4	bbox	702	54.1	54.1	54.1	671,367,12,9	243.0	39.4863260	73.5937820	4927.6
704	704	1.474	стакан-марка-красная	11.7	5.1	порода-охристая	0.562	44.7	15.0	12.0	19.2	bbox	703	173.2	171.2	174.2	1815,467,8,14	242.8	39.4863280	73.5937840	4927.4
705	705	1.353	рюкзак-синий	8.5	23.5	порода-в-тени	1.437	15.3	7.0	-8.0	10.6	bbox	704	88.1	87.1	91.1	1217,119,14,6	242.2	39.4863270	73.5937830	4927.5
706	706	2.331	стакан-марка-красная	16.0	33.3	снег-пересвеченный	0.477	83.1	-5.0	0.0	5.0	bbox	705	102.1	101.1	106.1	347,906,11,17	241.5	39.4863260	73.5937810	4927.5
707	707	2.230	стакан-марка-красная	14.6	36.1	снег-освещённый	0.697	85.9	-3.0	5.0	5.8	bbox	706	115.1	115.1	118.1	753,200,16,9	241.5	39.4863270	73.5937820	4927.5
708	708	0.537	стакан-марка-красная	4.2	2.4	снег-в-тени	1.260	52.2	8.0	-2.0	8.2	bbox	707	184.2	184.2	184.2	839,719,12,9	241.2	39.4863270	73.5937830	4927.4
709	709	1.424	рюкзак-синий	10.0	18.8	порода-в-тени	0.625	20.0	2.0	-4.0	4.5	bbox	708	184.2	184.2	184.2	1803,1031,20,18	241.1	39.4863270	73.5937830	4927.4
710	710	1.158	рюкзак-синий	7.2	20.4	снег-в-тени	1.389	18.4	7.0	-10.0	12.2	bbox	709	114.1	114.1	119.1	49,323,10,17	240.7	39.4863270	73.5937820	4927.5
711	711	1.108	стакан-марка-красная	8.6	7.5	порода-охристая	0.992	57.3	6.0	8.0	10.0	bbox	710	56.1	56.1	56.1	827,632,19,5	240.5	39.4863260	73.5937820	4927.6
712	712	2.294	палка-ручка-пробка	18.0	11.9	снег-освещённый	1.144	87.6	-5.0	8.0	9.4	bbox	711	35.0	33.0	35.0	321,29,26,4	240.2	39.4863240	73.5937820	4927.6
713	713	2.218	рюкзак-синий	14.0	38.0	порода-в-тени	0.754	0.8	0.0	0.0	0.0	bbox	712	78.1	78.1	78.1	109,1011,12,7	239.2	39.4863280	73.5937820	4927.6
714	714	1.557	стакан-марка-красная	10.6	22.7	порода-охристая	1.142	27.1	3.0	8.0	8.5	bbox	713	202.2	202.2	202.2	1233,0,6,15	238.9	39.4863260	73.5937830	4927.4
715	715	2.314	стакан-марка-красная	14.6	40.0	снег-освещённый	0.746	89.8	-3.0	5.0	5.8	bbox	714	50.1	50.1	52.1	911,157,26,8	238.5	39.4863260	73.5937820	4927.6
716	716	1.616	стакан-марка-красная	7.8	36.1	порода-в-тени	0.981	13.7	5.0	-4.0	6.4	bbox	715	95.1	91.1	98.1	1232,117,19,9	238.5	39.4863270	73.5937820	4927.5
717	717	2.435	стакан-марка-красная	15.8	39.8	снег-освещённый	0.896	89.6	-4.0	6.0	7.2	bbox	716	67.1	67.1	70.1	87,1001,4,24	237.6	39.4863290	73.5937840	4927.6
718	718	2.208	стакан-марка-красная	13.9	38.0	снег-розовый	0.796	87.8	-2.0	6.0	6.3	bbox	717	132.1	131.1	132.1	837,7,16,8	237.6	39.4863270	73.5937820	4927.5
719	719	1.268	стакан-марка-красная	10.1	4.5	снег-в-тени	0.658	54.3	2.0	-3.5	4.0	bbox	718	200.2	200.2	200.2	105,195,14,14	237.5	39.4863260	73.5937830	4927.4
720	720	2.322	стакан-марка-красная	15.5	35.7	снег-освещённый	0.748	85.5	-4.0	5.0	6.4	bbox	719	36.0	36.0	36.0	839,75,24,4	237.2	39.4863240	73.5937810	4927.6
721	721	0.825	рюкзак-синий	5.0	15.1	снег-в-тени	1.127	23.7	5.0	-11.0	12.1	bbox	720	36.0	36.0	37.0	163,719,8,16	237.1	39.4863240	73.5937810	4927.6
722	722	1.525	рюкзак-синий	12.2	3.1	снег-в-тени	2.295	35.7	-1.0	-26.0	26.0	bbox	721	15.0	14.0	15.0	153,273,8,10	236.9	39.4863230	73.5937860	4927.6
723	723	0.994	рюкзак-синий	7.1	12.7	снег-в-тени	1.412	26.1	8.0	-13.0	15.3	bbox	722	47.0	46.0	48.0	113,419,6,16	236.9	39.4863250	73.5937820	4927.6
724	724	2.196	стакан-марка-красная	14.9	32.7	снег-освещённый	0.793	82.5	-3.0	6.0	6.7	bbox	723	67.1	67.1	67.1	858,11,31,6	236.9	39.4863290	73.5937840	4927.6
725	725	1.287	стакан-марка-красная	10.0	7.8	снег-розовый	0.723	57.6	1.0	2.0	2.2	bbox	724	133.1	133.1	134.1	689,89,20,8	236.6	39.4863270	73.5937820	4927.5
726	726	1.229	рюкзак-синий	7.1	23.9	снег-в-тени	1.399	14.9	6.0	-9.0	10.8	bbox	725	205.2	205.2	205.2	333,35,10,10	236.6	39.4863270	73.5937840	4927.5
727	727	2.570	стакан-марка-красная	16.6	42.4	снег-освещённый	0.942	92.2	-5.0	5.5	7.4	bbox	726	128.1	128.1	129.1	277,93,14,8	236.4	39.4863270	73.5937810	4927.5
728	728	1.894	стакан-марка-красная	14.8	12.0	корка-жёлтая-на-скале	0.977	37.8	-2.0	8.0	8.2	bbox	727	19.0	15.0	26.0	225,841,12,16	236.1	39.4863230	73.5937860	4927.6
729	729	1.971	стакан-марка-красная	15.2	14.3	снег-розовый	1.007	64.1	-3.0	7.0	7.6	bbox	728	54.1	54.1	54.1	463,63,22,14	235.8	39.4863260	73.5937820	4927.6
730	730	1.239	стакан-марка-красная	8.6	17.3	порода-охристая	0.758	32.5	6.0	8.0	10.0	bbox	729	155.2	155.2	155.2	40,1057,9,12	235.6	39.4863280	73.5937840	4927.5
731	731	1.421	палка-ручка-контроль	11.2	7.2	порода-охристая	0.758	50.4	11.0	16.0	19.4	bbox	730	16.0	15.0	25.0	837,1073,12,7	235.3	39.4863230	73.5937860	4927.6
732	732	1.160	рюкзак-синий	6.4	23.5	снег-в-тени	1.324	15.3	5.0	-9.0	10.3	bbox	731	6.0	6.0	6.0	1909,847,11,18	235.2	39.4863200	73.5937890	4927.5
733	733	1.732	стакан-марка-красная	13.5	11.0	порода-в-тени	0.707	38.8	-2.5	1.0	2.7	bbox	732	142.1	142.1	149.1	1854,1009,13,16	234.7	39.4863280	73.5937840	4927.5
734	734	1.312	стакан-марка-красная	8.9	19.2	порода-охристая	0.625	30.6	15.0	9.0	17.5	bbox	733	167.2	167.2	167.2	1093,151,9,11	234.6	39.4863280	73.5937840	4927.4
735	735	1.796	рюкзак-синий	12.0	27.4	порода-в-тени	0.427	11.4	0.0	-2.0	2.0	bbox	734	52.1	52.1	52.1	399,536,14,9	234.5	39.4863260	73.5937820	4927.6
736	736	1.036	стакан-марка-красная	6.4	18.4	порода-охристая	0.839	31.4	15.0	6.0	16.2	bbox	735	120.1	120.1	120.1	1245,123,8,14	234.5	39.4863270	73.5937820	4927.4
737	737	1.924	стакан-марка-красная	13.9	22.9	снег-розовый	0.728	72.7	-2.0	6.0	6.3	bbox	736	120.1	113.1	123.1	371,409,12,22	234.3	39.4863270	73.5937820	4927.4
738	738	2.041	стакан-марка-красная	13.9	29.8	снег-розовый	0.711	79.6	-2.0	6.0	6.3	bbox	737	59.1	59.1	65.1	776,220,23,5	234.1	39.4863270	73.5937820	4927.6
739	739	1.769	палка-ручка-пробка	13.9	9.4	лишайник-жёлтый-на-камне	1.141	85.1	-2.0	11.0	11.2	bbox	738	37.0	37.0	41.0	362,517,5,14	233.6	39.4863240	73.5937820	4927.6
740	740	0.875	рюкзак-синий	7.0	0.8	снег-в-тени	0.391	38.0	1.0	-7.0	7.1	bbox	739	176.2	176.2	176.2	93,1069,22,6	233.6	39.4863270	73.5937840	4927.5
741	741	1.153	стакан-марка-красная	8.5	12.2	порода-охристая	0.451	37.6	14.0	9.0	16.6	bbox	740	13.0	13.0	13.0	857,1051,14,12	233.4	39.4863230	73.5937870	4927.6
742	742	1.835	стакан-марка-красная	14.3	11.4	снег-розовый	0.992	61.2	-2.0	7.0	7.3	bbox	741	6.0	6.0	6.0	1907,585,4,16	233.3	39.4863200	73.5937890	4927.5
743	743	0.675	рюкзак-синий	4.6	9.8	снег-в-тени	0.190	48.6	0.0	-9.5	9.5	bbox	742	37.0	37.0	38.0	209,771,16,16	233.2	39.4863240	73.5937820	4927.6
744	744	1.320	стакан-марка-красная	9.2	18.0	порода-охристая	1.088	67.8	9.0	10.0	13.5	bbox	743	0.0	0.0	0.0	9,739,13,15	233.1	39.4863170	73.5937900	4927.5
745	745	1.350	рюкзак-синий	10.8	2.9	снег-в-тени	1.461	35.9	11.0	-10.0	14.9	bbox	744	39.0	38.0	39.0	29,435,5,16	233.0	39.4863250	73.5937810	4927.6
746	746	1.276	рюкзак-синий	9.8	9.4	снег-в-тени	0.981	29.4	5.0	-5.0	7.1	bbox	745	10.0	10.0	10.0	69,915,16,10	232.7	39.4863220	73.5937880	4927.6
747	747	1.280	рюкзак-синий	6.7	27.0	порода-в-тени	1.405	11.8	5.5	-9.0	10.5	bbox	746	90.1	90.1	90.1	5,496,6,17	232.7	39.4863270	73.5937820	4927.5
748	748	2.306	стакан-марка-красная	14.9	38.2	снег-освещённый	0.832	88.0	-3.0	6.0	6.7	bbox	747	132.1	131.1	132.1	1273,0,22,5	232.4	39.4863270	73.5937820	4927.5
749	749	1.163	рюкзак-синий	5.1	27.2	снег-в-тени	1.621	11.6	6.0	-13.0	14.3	bbox	748	42.0	38.0	42.0	11,881,8,12	232.2	39.4863250	73.5937820	4927.6
750	750	1.330	стакан-марка-красная	10.1	11.6	снег-розовый	0.670	61.4	1.0	-0.5	1.1	bbox	749	65.1	61.1	67.1	219,203,16,10	231.9	39.4863280	73.5937840	4927.6
751	751	0.852	рюкзак-синий	4.1	19.0	снег-в-тени	1.335	19.8	5.0	-13.0	13.9	bbox	750	213.2	212.2	213.2	1895,43,10,7	231.4	39.4863280	73.5937840	4927.5
752	752	2.255	палка-ручка-пробка	17.5	15.5	снег-освещённый	1.130	91.2	-4.0	8.0	8.9	bbox	751	50.1	49.0	50.1	938,35,21,6	230.8	39.4863260	73.5937820	4927.6
753	753	2.302	палка-ручка-пробка	18.4	3.7	снег-освещённый	1.527	79.4	-8.0	10.0	12.8	bbox	752	54.1	51.1	54.1	101,638,6,13	230.8	39.4863260	73.5937820	4927.6
754	754	2.357	стакан-марка-красная	16.0	34.9	снег-освещённый	0.534	84.7	-5.0	1.0	5.1	bbox	753	97.1	94.1	100.1	171,97,11,9	229.9	39.4863260	73.5937810	4927.5
755	755	2.286	стакан-марка-красная	14.9	37.3	снег-освещённый	0.822	87.1	-3.0	6.0	6.7	bbox	754	134.1	134.1	136.1	873,203,22,4	229.7	39.4863270	73.5937820	4927.5
756	756	1.781	палка-ручка-пробка	14.2	5.9	лишайник-жёлтый-на-камне	1.099	81.6	-2.5	11.0	11.3	bbox	755	56.1	56.1	56.1	431,106,8,9	229.4	39.4863260	73.5937820	4927.6
757	757	1.539	стакан-марка-красная	12.0	9.0	снег-освещённый	0.785	58.8	-1.0	0.0	1.0	bbox	756	81.1	81.1	81.1	1880,349,23,12	228.7	39.4863270	73.5937820	4927.5
758	758	0.822	рюкзак-синий	5.6	12.1	снег-в-тени	1.150	26.7	6.0	-11.5	13.0	bbox	757	7.0	7.0	9.0	1773,221,10,7	228.6	39.4863200	73.5937890	4927.6
759	759	1.769	стакан-марка-красная	13.0	19.6	порода-в-тени	0.430	30.2	-2.0	1.0	2.2	bbox	758	143.1	141.1	143.1	1890,0,15,5	228.5	39.4863290	73.5937840	4927.5
760	760	0.579	стакан-марка-красная	3.0	12.3	порода-охристая	1.305	37.5	8.0	1.0	8.1	bbox	759	112.1	112.1	112.1	339,827,15,12	228.4	39.4863260	73.5937820	4927.5
761	761	1.704	рюкзак-синий	13.2	12.5	порода-в-тени	0.244	26.3	-1.0	-1.0	1.4	bbox	760	101.1	99.1	102.1	161,901,14,14	228.2	39.4863260	73.5937820	4927.5
762	762	0.376	рюкзак-синий	3.0	0.6	снег-в-тени	0.950	39.4	4.0	-14.0	14.6	bbox	761	120.1	120.1	120.1	25,1035,8,14	227.8	39.4863270	73.5937820	4927.4
763	763	0.862	стакан-марка-красная	6.1	11.4	порода-охристая	0.963	61.2	10.0	7.0	12.2	bbox	762	172.2	172.2	172.2	1371,908,15,7	227.5	39.4863280	73.5937850	4927.5
764	764	1.508	стакан-марка-красная	11.7	10.2	порода-охристая	0.517	39.6	15.0	12.0	19.2	bbox	763	186.2	186.2	186.2	1081,527,14,6	227.2	39.4863260	73.5937830	4927.5
765	765	2.019	стакан-марка-красная	11.2	40.8	снег-розовый	0.693	90.6	1.0	6.0	6.1	bbox	764	188.2	188.2	189.2	550,361,22,4	227.1	39.4863260	73.5937830	4927.4
766	766	0.674	стакан-марка-красная	5.0	7.1	порода-охристая	0.909	56.9	11.0	6.0	12.5	bbox	765	160.2	157.2	162.2	153,865,10,12	226.9	39.4863280	73.5937840	4927.5
767	767	1.404	стакан-марка-красная	10.8	10.6	корка-жёлтая-на-скале	1.075	39.2	2.0	7.0	7.3	bbox	766	210.2	209.2	210.2	1497,157,14,6	226.2	39.4863280	73.5937840	4927.5
768	768	1.257	стакан-марка-красная	10.0	0.8	порода-охристая	0.399	49.0	12.0	11.0	16.3	bbox	767	43.0	43.0	43.0	433,697,8,18	225.7	39.4863250	73.5937810	4927.6
769	769	0.948	рюкзак-синий	5.1	19.6	снег-в-тени	0.400	58.4	0.0	-9.0	9.0	bbox	768	184.2	184.2	184.2	1913,81,7,12	225.7	39.4863270	73.5937830	4927.4
770	770	1.254	рюкзак-синий	5.4	29.6	порода-в-тени	1.360	9.2	4.0	-9.5	10.3	bbox	769	121.1	121.1	121.1	255,73,10,14	225.6	39.4863260	73.5937820	4927.5
771	771	2.056	рюкзак-синий	14.1	29.4	порода-в-тени	0.430	9.4	-1.0	0.0	1.0	bbox	770	144.1	144.1	144.1	1888,53,15,21	225.1	39.4863290	73.5937840	4927.5
772	772	1.230	рюкзак-синий	7.8	21.0	снег-в-тени	1.307	17.8	6.0	-8.0	10.0	bbox	771	134.1	133.1	134.1	491,22,10,21	224.7	39.4863270	73.5937820	4927.5
773	773	1.639	палка-древко-контроль	13.0	4.9	порода-в-тени	1.284	46.5	-9.0	-2.0	9.2	bbox	772	177.2	177.2	177.2	17,654,6,11	224.4	39.4863270	73.5937830	4927.5
774	774	0.921	рюкзак-синий	6.0	14.9	снег-в-тени	1.467	23.9	7.0	-14.5	16.1	bbox	773	115.1	115.1	117.1	51,323,6,14	223.0	39.4863270	73.5937820	4927.5
775	775	0.986	стакан-марка-красная	6.7	14.5	порода-охристая	0.635	35.3	14.0	7.0	15.7	bbox	774	184.2	184.2	184.2	965,511,8,16	223.0	39.4863270	73.5937830	4927.4
776	776	1.283	стакан-марка-красная	10.0	7.3	порода-охристая	0.678	57.1	12.0	11.0	16.3	bbox	775	126.1	125.1	126.1	1251,8,14,7	222.7	39.4863270	73.5937820	4927.4
777	777	2.089	стакан-марка-красная	14.0	31.8	порода-в-тени	0.404	18.0	-3.0	2.0	3.6	bbox	776	165.2	165.2	165.2	84,951,19,5	222.6	39.4863280	73.5937840	4927.5
778	778	0.915	рюкзак-синий	6.3	12.9	снег-в-тени	0.868	25.9	3.0	-8.0	8.5	bbox	777	1.0	0.0	1.0	1875,47,10,10	222.5	39.4863180	73.5937900	4927.5
779	779	1.092	рюкзак-синий	8.7	0.4	снег-в-тени	1.207	39.2	9.0	-10.5	13.8	bbox	778	201.2	201.2	201.2	45,0,12,9	222.4	39.4863260	73.5937830	4927.4
780	780	1.151	рюкзак-синий	5.1	26.8	порода-в-тени	1.074	12.0	0.0	-9.0	9.0	bbox	779	202.2	202.2	202.2	1497,51,14,10	222.1	39.4863260	73.5937830	4927.4
781	781	1.493	палка-ручка-пробка	10.3	21.2	порода-охристая	0.698	54.5	10.0	14.0	17.2	bbox	780	2.0	0.0	2.0	140,879,5,20	222.0	39.4863180	73.5937900	4927.5
782	782	2.090	рюкзак-синий	13.3	35.3	порода-в-тени	0.603	3.5	-2.0	-1.0	2.2	bbox	781	156.2	156.2	159.2	151,1069,10,11	222.0	39.4863280	73.5937840	4927.5
783	783	0.961	стакан-марка-красная	6.4	14.9	порода-охристая	0.810	34.9	15.0	6.0	16.2	bbox	782	128.1	127.1	128.1	1547,41,12,8	221.8	39.4863270	73.5937810	4927.5
784	784	1.737	палка-ручка-контроль	13.0	16.8	порода-охристая	0.565	40.8	13.0	15.0	19.8	bbox	783	200.2	200.2	200.2	1135,95,12,8	221.7	39.4863260	73.5937830	4927.4
785	785	1.242	рюкзак-синий	7.6	22.3	порода-в-тени	1.070	16.5	4.0	-7.0	8.1	bbox	784	205.2	205.2	206.2	369,439,10,14	221.5	39.4863270	73.5937840	4927.5
786	786	0.792	рюкзак-синий	6.1	6.3	снег-в-тени	0.545	32.5	0.0	-8.0	8.0	bbox	785	145.1	145.1	146.1	591,75,10,8	221.3	39.4863290	73.5937840	4927.5
787	787	1.368	палка-ручка-пробка	9.8	16.7	порода-охристая	0.863	59.0	9.0	14.0	16.6	bbox	786	182.2	182.2	183.2	855,1003,14,8	221.0	39.4863260	73.5937830	4927.4
788	788	2.093	стакан-марка-красная	13.0	37.1	снег-розовый	0.773	86.9	-0.5	7.0	7.0	bbox	787	44.0	44.0	45.0	517,143,23,4	220.8	39.4863250	73.5937810	4927.5
789	789	1.320	стакан-марка-красная	8.3	22.7	порода-охристая	0.788	27.1	6.5	8.0	10.3	bbox	788	225.2	225.2	225.2	1905,439,8,11	219.9	39.4863270	73.5937830	4927.5
790	790	1.568	стакан-марка-красная	12.1	11.8	порода-в-тени	1.107	38.0	0.0	6.0	6.0	bbox	789	213.2	212.2	215.2	1633,0,8,9	219.8	39.4863280	73.5937840	4927.5
791	791	0.909	рюкзак-синий	3.2	22.9	снег-в-тени	1.393	15.9	4.0	-13.0	13.6	bbox	790	115.1	114.1	119.1	279,245,10,11	219.7	39.4863270	73.5937820	4927.5
792	792	1.414	стакан-марка-красная	10.6	13.5	корка-жёлтая-на-скале	1.037	36.3	3.0	8.0	8.5	bbox	791	176.2	176.2	176.2	709,703,24,6	219.6	39.4863270	73.5937840	4927.5
793	793	1.173	рюкзак-синий	8.9	10.0	снег-в-тени	0.955	28.8	5.0	-6.0	7.8	bbox	792	75.1	75.1	78.1	187,103,18,16	219.3	39.4863280	73.5937830	4927.6
794	794	1.265	стакан-марка-красная	10.0	5.5	корка-жёлтая-на-скале	1.075	44.3	3.0	7.0	7.6	bbox	793	133.1	133.1	134.1	552,85,25,11	219.1	39.4863270	73.5937820	4927.5
795	795	2.121	стакан-марка-красная	13.9	33.9	порода-в-тени	0.890	15.9	-2.0	6.0	6.3	bbox	794	8.0	8.0	8.0	609,877,8,8	219.0	39.4863210	73.5937880	4927.6
796	796	1.243	стакан-марка-красная	7.8	21.6	порода-охристая	0.879	28.2	6.0	7.0	9.2	bbox	795	166.2	165.2	166.2	0,965,15,8	218.8	39.4863280	73.5937840	4927.5
797	797	1.690	стакан-марка-красная	13.0	12.5	порода-в-тени	0.615	37.3	-2.0	0.0	2.0	bbox	796	101.1	100.1	101.1	273,38,5,19	218.6	39.4863260	73.5937820	4927.5
798	798	1.154	стакан-марка-красная	8.6	11.8	порода-охристая	0.729	38.0	16.0	8.0	17.9	bbox	797	166.2	166.2	166.2	1193,445,8,12	218.4	39.4863280	73.5937840	4927.5
799	799	0.638	рюкзак-синий	5.1	0.6	снег-в-тени	1.021	39.4	6.0	-13.0	14.3	bbox	798	18.0	16.0	18.0	637,304,14,9	218.2	39.4863230	73.5937860	4927.6
800	800	0.982	стакан-марка-красная	5.8	18.4	порода-охристая	0.771	31.4	8.0	6.0	10.0	bbox	799	202.2	202.2	202.2	1889,663,9,13	218.2	39.4863260	73.5937830	4927.4
801	801	0.416	стакан-марка-красная	3.2	3.1	снег-в-тени	1.388	46.7	9.0	-1.5	9.1	bbox	800	136.1	136.1	136.1	1255,134,14,7	217.9	39.4863270	73.5937820	4927.5
802	802	2.287	стакан-марка-красная	14.6	38.4	снег-пересвеченный	0.271	88.2	-3.5	-1.0	3.6	bbox	801	74.1	74.1	75.1	487,362,10,8	217.7	39.4863290	73.5937830	4927.6
803	803	0.898	рюкзак-синий	5.0	18.1	снег-в-тени	0.479	56.9	-2.0	-10.0	10.2	bbox	802	225.2	225.2	225.2	1870,285,9,10	216.9	39.4863270	73.5937830	4927.5
804	804	1.731	стакан-марка-красная	12.0	23.9	порода-в-тени	0.264	25.9	-1.0	0.0	1.0	bbox	803	144.1	143.1	144.1	1191,191,22,7	216.6	39.4863290	73.5937840	4927.5
805	805	1.373	стакан-марка-красная	8.6	23.9	порода-охристая	0.855	25.9	6.0	8.0	10.0	bbox	804	181.2	181.2	181.2	817,1055,12,10	216.6	39.4863260	73.5937830	4927.4
806	806	1.218	рюкзак-синий	7.8	20.4	снег-в-тени	1.372	18.4	7.0	-9.0	11.4	bbox	805	8.0	8.0	8.0	1867,431,12,9	216.1	39.4863210	73.5937880	4927.6
807	807	1.120	рюкзак-синий	8.1	13.7	снег-в-тени	1.311	25.1	8.0	-10.0	12.8	bbox	806	28.0	28.0	28.0	95,852,5,21	215.7	39.4863240	73.5937830	4927.6
808	808	1.138	рюкзак-синий	6.7	21.5	порода-в-тени	1.158	17.3	4.0	-8.0	8.9	bbox	807	215.2	214.2	215.2	1723,973,8,15	215.5	39.4863280	73.5937840	4927.5
809	809	1.084	стакан-марка-красная	8.1	11.2	порода-охристая	0.625	38.6	15.0	8.0	17.0	bbox	808	169.2	169.2	169.2	1310,805,14,10	215.1	39.4863280	73.5937840	4927.5
810	810	0.978	рюкзак-синий	6.7	14.1	снег-в-тени	1.260	24.7	7.0	-11.0	13.0	bbox	809	212.2	212.2	212.2	1913,119,7,10	214.9	39.4863280	73.5937840	4927.5
811	811	1.610	стакан-марка-красная	12.6	8.4	порода-охристая	0.569	41.4	15.0	13.0	19.8	bbox	810	32.0	32.0	32.0	119,1021,8,14	214.5	39.4863240	73.5937820	4927.6
812	812	1.423	стакан-марка-красная	10.8	12.9	порода-охристая	0.503	36.9	15.0	11.0	18.6	bbox	811	13.0	7.0	13.0	716,839,19,10	213.5	39.4863230	73.5937870	4927.6
813	813	2.257	палка-ручка-пробка	17.9	8.6	снег-розовый	0.916	84.3	-3.0	7.0	7.6	bbox	812	34.0	33.0	34.0	128,929,5,26	213.3	39.4863240	73.5937820	4927.6
814	814	2.054	рюкзак-синий	14.9	24.5	порода-в-тени	0.354	14.3	-4.0	0.0	4.0	bbox	813	192.2	191.2	192.2	282,837,21,10	213.3	39.4863270	73.5937830	4927.5
815	815	0.809	рюкзак-синий	4.1	17.5	снег-в-тени	0.393	56.3	0.0	-10.0	10.0	bbox	814	117.1	117.1	117.1	581,109,12,14	213.2	39.4863270	73.5937820	4927.5
816	816	1.099	стакан-марка-красная	7.3	17.3	порода-охристая	0.497	32.5	9.0	8.0	12.0	bbox	815	5.0	5.0	10.0	923,15,10,10	212.6	39.4863190	73.5937890	4927.5
817	817	2.288	стакан-марка-красная	14.6	38.8	снег-освещённый	0.729	88.6	-3.0	5.0	5.8	bbox	816	138.1	138.1	139.1	877,78,24,7	212.5	39.4863270	73.5937830	4927.5
818	818	0.627	стакан-марка-красная	4.0	10.6	порода-в-тени	1.334	39.2	7.0	1.0	7.1	bbox	817	198.2	198.2	198.2	753,169,21,7	212.2	39.4863260	73.5937830	4927.4
819	819	1.959	рюкзак-синий	14.3	22.3	порода-в-тени	0.188	16.5	-2.0	0.0	2.0	bbox	818	28.0	28.0	28.0	1569,958,16,13	212.0	39.4863240	73.5937830	4927.6
820	820	1.011	рюкзак-синий	6.3	17.6	снег-в-тени	1.634	21.2	7.0	-16.0	17.5	bbox	819	6.0	6.0	7.0	1913,214,7,9	211.8	39.4863200	73.5937890	4927.5
821	821	0.723	рюкзак-синий	5.0	10.2	снег-в-тени	0.707	28.6	1.0	-9.0	9.1	bbox	820	173.2	172.2	173.2	1862,13,7,14	211.7	39.4863280	73.5937840	4927.4
822	822	2.181	стакан-марка-красная	14.3	34.9	снег-розовый	0.840	84.7	-2.0	7.0	7.3	bbox	821	47.0	47.0	49.0	187,479,12,14	211.5	39.4863250	73.5937820	4927.6
823	823	1.105	рюкзак-синий	8.7	4.9	снег-в-тени	1.381	33.9	9.5	-12.0	15.3	bbox	822	82.1	82.1	82.1	53,241,8,10	211.5	39.4863270	73.5937820	4927.5
824	824	1.553	стакан-марка-красная	12.4	4.1	порода-охристая	0.520	45.7	14.0	13.0	19.1	bbox	823	167.2	167.2	174.2	1863,905,12,12	211.5	39.4863280	73.5937840	4927.4
825	825	0.563	рюкзак-синий	4.5	1.8	снег-в-тени	0.519	40.6	3.0	-10.0	10.4	bbox	824	181.2	181.2	181.2	1565,1055,8,8	211.3	39.4863260	73.5937830	4927.4
826	826	1.997	палка-древко-контроль	13.0	32.5	снег-пересвеченный	0.782	74.1	-8.0	-2.0	8.2	bbox	825	206.2	206.2	206.2	71,1065,8,8	211.1	39.4863270	73.5937840	4927.5
827	827	0.807	рюкзак-синий	6.3	4.5	снег-в-тени	0.408	43.3	3.0	-8.0	8.5	bbox	826	73.1	73.1	73.1	153,91,16,11	210.9	39.4863290	73.5937830	4927.6
828	828	1.045	стакан-марка-красная	6.4	18.8	порода-в-тени	1.098	31.0	6.0	-3.0	6.7	bbox	827	111.1	108.1	111.1	1799,873,10,12	210.7	39.4863270	73.5937820	4927.5
829	829	1.210	рюкзак-синий	6.3	25.7	снег-в-тени	1.596	13.1	7.0	-12.0	13.9	bbox	828	112.1	112.1	112.1	1118,911,8,8	210.7	39.4863260	73.5937820	4927.5
830	830	0.680	рюкзак-синий	5.0	7.5	снег-в-тени	1.276	46.3	-2.0	-18.0	18.1	bbox	829	18.0	18.0	22.0	609,113,8,8	210.6	39.4863230	73.5937860	4927.6
831	831	1.194	рюкзак-синий	5.4	27.6	порода-в-тени	1.224	11.2	3.0	-9.0	9.5	bbox	830	187.2	187.2	187.2	1879,869,6,14	210.6	39.4863260	73.5937830	4927.5
832	832	2.297	палка-древко-контроль	17.1	23.4	порода-в-тени	0.630	18.2	-6.0	2.0	6.3	bbox	831	151.2	151.2	155.2	119,1060,10,9	210.5	39.4863280	73.5937850	4927.5
833	833	0.284	стакан-марка-красная	2.2	1.4	порода-охристая	1.443	48.4	13.0	0.0	13.0	bbox	832	115.1	115.1	115.1	1057,745,20,5	210.4	39.4863270	73.5937820	4927.5
834	834	2.484	палка-ручка-пробка	19.5	13.0	корка-жёлтая-на-скале	1.389	62.7	-7.5	8.0	11.0	bbox	833	82.1	82.1	82.1	279,771,8,10	209.3	39.4863270	73.5937820	4927.5
835	835	1.032	рюкзак-синий	8.1	6.3	снег-в-тени	0.649	32.5	2.0	-6.0	6.3	bbox	834	172.2	172.2	172.2	1908,275,12,16	209.1	39.4863280	73.5937850	4927.5
836	836	1.184	рюкзак-синий	9.0	10.2	снег-в-тени	1.582	28.6	10.0	-13.5	16.8	bbox	835	39.0	37.0	39.0	25,289,9,10	207.6	39.4863250	73.5937810	4927.6
837	837	0.956	стакан-марка-красная	7.1	10.2	порода-охристая	0.398	39.6	10.0	8.0	12.8	bbox	836	210.2	208.2	210.2	1487,0,8,9	207.6	39.4863280	73.5937840	4927.5
838	838	1.069	стакан-марка-красная	8.5	1.6	снег-в-тени	0.839	48.2	3.0	-2.0	3.6	bbox	837	107.1	107.1	107.1	22,915,8,11	207.5	39.4863260	73.5937820	4927.5
839	839	1.028	рюкзак-синий	6.7	16.6	снег-в-тени	1.043	22.2	4.0	-8.0	8.9	bbox	838	189.2	189.2	189.2	1885,175,6,20	207.3	39.4863260	73.5937830	4927.4
840	840	1.114	рюкзак-синий	8.1	13.3	снег-в-тени	1.303	25.5	8.0	-10.0	12.8	bbox	839	5.0	5.0	5.0	1829,993,8,12	206.9	39.4863190	73.5937890	4927.5
841	841	0.711	стакан-марка-красная	4.1	13.7	порода-охристая	1.234	36.1	15.0	2.0	15.1	bbox	840	29.0	29.0	30.0	365,665,10,9	206.7	39.4863240	73.5937830	4927.6
842	842	2.217	палка-ручка-пробка	17.5	10.2	снег-освещённый	1.083	85.9	-4.0	8.0	8.9	bbox	841	65.1	61.1	66.1	849,49,18,4	206.7	39.4863280	73.5937840	4927.6
843	843	2.191	стакан-марка-красная	12.3	43.7	снег-розовый	0.838	93.5	0.0	6.5	6.5	bbox	842	39.0	39.0	39.0	911,155,26,4	206.5	39.4863250	73.5937810	4927.6
844	844	1.290	стакан-марка-красная	8.1	22.5	порода-охристая	0.741	27.3	7.0	8.0	10.6	bbox	843	222.2	219.2	222.2	1353,13,7,12	206.0	39.4863270	73.5937830	4927.5
845	845	0.722	стакан-марка-красная	1.4	19.6	порода-охристая	1.169	30.2	10.0	2.0	10.2	bbox	844	202.2	202.2	202.2	1426,69,16,8	204.8	39.4863260	73.5937830	4927.4
846	846	0.948	рюкзак-синий	7.1	9.6	снег-в-тени	1.485	29.2	8.0	-15.0	17.0	bbox	845	35.0	35.0	35.0	75,549,4,13	203.9	39.4863240	73.5937820	4927.6
847	847	1.822	стакан-марка-красная	12.5	26.1	порода-охристая	0.923	23.7	17.0	12.0	20.8	bbox	846	113.1	113.1	113.1	511,649,6,15	202.5	39.4863270	73.5937820	4927.5
848	848	1.371	стакан-марка-красная	6.3	31.4	порода-в-тени	1.465	18.4	9.0	-5.0	10.3	bbox	847	112.1	112.1	112.1	1099,485,11,6	202.2	39.4863260	73.5937820	4927.5
849	849	1.294	палка-древко-контроль	8.1	22.7	снег-в-тени	0.773	64.3	-4.0	-8.0	8.9	bbox	848	21.0	19.0	22.0	861,0,12,6	201.6	39.4863230	73.5937850	4927.6
850	850	2.328	стакан-марка-красная	13.0	46.7	снег-розовый	0.919	96.5	-1.0	6.0	6.1	bbox	849	180.2	180.2	180.2	910,1023,19,4	201.5	39.4863260	73.5937830	4927.4
851	851	1.025	рюкзак-синий	5.8	20.2	снег-в-тени	1.162	18.6	4.0	-9.0	9.8	bbox	850	128.1	126.1	128.1	91,661,10,18	201.4	39.4863270	73.5937810	4927.5
852	852	1.361	рюкзак-синий	10.6	8.8	снег-в-тени	1.547	30.0	11.0	-10.5	15.2	bbox	851	168.2	167.2	170.2	1889,973,6,12	201.4	39.4863280	73.5937840	4927.4
853	853	1.710	рюкзак-синий	9.5	34.5	порода-в-тени	1.069	4.3	4.0	-5.0	6.4	bbox	852	88.1	86.1	91.1	673,75,14,14	201.3	39.4863270	73.5937830	4927.5
854	854	1.517	стакан-марка-красная	12.1	3.9	порода-охристая	0.691	45.9	16.0	12.0	20.0	bbox	853	173.2	173.2	173.2	1156,387,5,14	201.3	39.4863280	73.5937840	4927.4
855	855	1.661	стакан-марка-красная	12.5	15.5	порода-охристая	0.774	34.3	17.0	12.0	20.8	bbox	854	185.2	185.2	188.2	1421,567,6,10	201.2	39.4863260	73.5937830	4927.5
856	856	2.164	стакан-марка-красная	14.8	31.4	снег-освещённый	0.590	81.2	-3.5	4.0	5.3	bbox	855	212.2	212.2	215.2	1831,779,14,20	201.2	39.4863280	73.5937840	4927.5
857	857	0.439	рюкзак-синий	1.0	11.8	снег-в-тени	0.757	50.6	0.0	-14.0	14.0	bbox	856	210.2	208.2	210.2	1911,268,9,9	200.9	39.4863280	73.5937840	4927.5
858	858	1.104	рюкзак-синий	8.7	4.3	снег-в-тени	0.672	34.5	-3.5	-6.5	7.4	bbox	857	180.2	178.2	180.2	209,901,14,8	200.8	39.4863260	73.5937830	4927.4
859	859	0.931	стакан-марка-красная	6.4	13.3	порода-охристая	0.803	36.5	7.0	6.0	9.2	bbox	858	191.2	188.2	193.2	777,291,12,8	200.6	39.4863260	73.5937830	4927.4
860	860	1.386	рюкзак-синий	8.9	22.9	снег-в-тени	1.621	15.9	9.0	-10.0	13.5	bbox	859	26.0	25.0	26.0	373,705,4,14	200.3	39.4863240	73.5937840	4927.6
861	861	1.157	стакан-марка-красная	8.6	12.0	порода-охристая	0.729	37.8	6.0	8.0	10.0	bbox	860	177.2	176.2	177.2	1267,845,10,8	200.2	39.4863270	73.5937830	4927.5
862	862	1.275	стакан-марка-красная	10.2	0.8	порода-охристая	0.454	49.0	13.0	11.0	17.0	bbox	861	33.0	33.0	33.0	102,1065,10,11	200.0	39.4863240	73.5937820	4927.6
863	863	2.068	стакан-марка-красная	13.2	35.1	снег-освещённый	0.422	84.9	-2.0	3.0	3.6	bbox	862	126.1	126.1	126.1	705,65,18,10	199.9	39.4863270	73.5937820	4927.4
864	864	1.162	стакан-марка-красная	9.2	4.1	порода-охристая	0.621	53.9	9.0	10.0	13.5	bbox	863	31.0	31.0	31.0	30,1016,9,8	199.6	39.4863240	73.5937820	4927.6
865	865	2.221	стакан-марка-красная	15.4	31.0	снег-освещённый	0.676	80.8	-4.0	4.5	6.0	bbox	864	135.1	135.1	137.1	649,183,12,12	199.5	39.4863270	73.5937820	4927.5
866	866	1.161	стакан-марка-красная	9.2	3.9	порода-охристая	0.880	45.9	5.0	8.0	9.4	bbox	865	178.2	178.2	178.2	482,1055,9,12	199.4	39.4863260	73.5937830	4927.5
867	867	1.031	стакан-марка-красная	8.1	6.1	порода-охристая	0.653	43.7	7.0	8.0	10.6	bbox	866	211.2	211.2	211.2	1754,259,9,8	199.4	39.4863280	73.5937840	4927.5
868	868	2.255	стакан-марка-красная	15.0	34.9	порода-в-тени	0.492	14.9	-4.0	2.0	4.5	bbox	867	187.2	187.2	187.2	55,1005,8,14	199.2	39.4863260	73.5937830	4927.5
869	869	1.459	стакан-марка-красная	10.0	20.8	снег-розовый	0.280	70.6	1.0	2.0	2.2	bbox	868	114.1	114.1	114.1	1275,73,14,14	199.1	39.4863270	73.5937820	4927.5
870	870	2.238	палка-ручка-пробка	17.4	14.1	снег-освещённый	1.022	89.8	-3.0	7.5	8.1	bbox	869	139.1	134.1	139.1	609,3,14,6	199.1	39.4863280	73.5937830	4927.5
871	871	1.484	палка-ручка-контроль	11.7	7.8	порода-охристая	0.756	49.8	12.0	16.0	20.0	bbox	870	1.0	0.0	3.0	0,1033,7,20	199.0	39.4863180	73.5937900	4927.5
872	872	1.028	рюкзак-синий	5.4	21.7	снег-в-тени	1.421	17.1	6.0	-12.0	13.4	bbox	871	112.1	112.1	112.1	665,751,8,9	198.6	39.4863260	73.5937820	4927.5
873	873	1.925	стакан-марка-красная	15.2	8.0	корка-жёлтая-на-скале	1.127	57.8	-3.0	7.0	7.6	bbox	872	79.1	79.1	79.1	771,201,14,12	198.4	39.4863270	73.5937820	4927.6
874	874	1.218	стакан-марка-красная	7.8	20.4	порода-в-тени	1.005	29.4	5.0	-4.0	6.4	bbox	873	197.2	197.2	202.2	237,509,10,14	198.3	39.4863260	73.5937830	4927.4
875	875	1.657	стакан-марка-красная	10.8	27.1	порода-охристая	0.750	22.7	15.0	11.0	18.6	bbox	874	113.1	113.1	115.1	347,609,4,14	198.2	39.4863270	73.5937820	4927.5
876	876	1.438	стакан-марка-красная	10.8	14.1	порода-охристая	0.509	35.7	15.0	11.0	18.6	bbox	875	126.1	126.1	126.1	1165,117,10,13	198.2	39.4863270	73.5937820	4927.4
877	877	1.049	стакан-марка-красная	2.8	27.6	порода-в-тени	1.376	22.2	9.0	-1.0	9.1	bbox	876	11.0	11.0	12.0	661,889,8,13	197.9	39.4863220	73.5937880	4927.6
878	878	2.487	стакан-марка-красная	15.5	43.5	снег-освещённый	0.855	93.3	-4.0	5.0	6.4	bbox	877	39.0	39.0	42.0	803,79,32,6	197.4	39.4863250	73.5937810	4927.6
879	879	1.309	рюкзак-синий	6.4	29.0	порода-в-тени	1.552	9.8	6.0	-10.0	11.7	bbox	878	17.0	14.0	17.0	637,241,8,11	197.2	39.4863230	73.5937860	4927.6
880	880	1.127	стакан-марка-красная	7.6	16.9	снег-розовый	1.130	66.7	8.0	8.0	11.3	bbox	879	201.2	201.2	201.2	641,425,10,10	196.9	39.4863260	73.5937830	4927.4
881	881	1.759	стакан-марка-красная	13.0	18.8	порода-охристая	0.459	31.0	11.0	14.0	17.8	bbox	880	201.2	201.2	201.2	1889,984,12,7	196.7	39.4863260	73.5937830	4927.4
882	882	2.394	стакан-марка-красная	14.6	43.5	снег-освещённый	0.808	93.3	-3.0	5.0	5.8	bbox	881	138.1	138.1	138.1	1177,69,23,4	196.6	39.4863270	73.5937830	4927.5
883	883	1.161	стакан-марка-красная	9.1	6.1	порода-в-тени	1.066	43.7	2.0	2.5	3.2	bbox	882	34.0	33.0	34.0	47,939,10,10	196.4	39.4863240	73.5937820	4927.6
884	884	1.026	стакан-марка-красная	7.2	13.7	порода-охристая	0.712	36.1	15.0	7.0	16.6	bbox	883	175.2	170.2	175.2	1645,379,10,10	196.3	39.4863270	73.5937840	4927.4
885	885	1.143	рюкзак-синий	6.1	23.9	порода-в-тени	1.027	14.9	2.0	-8.0	8.2	bbox	884	79.1	79.1	79.1	757,987,8,12	196.2	39.4863270	73.5937820	4927.6
886	886	1.177	рюкзак-синий	5.8	25.9	снег-в-тени	1.501	12.9	6.0	-11.0	12.5	bbox	885	215.2	212.2	215.2	1865,0,18,3	196.2	39.4863280	73.5937840	4927.5
887	887	1.036	рюкзак-синий	7.2	14.3	снег-в-тени	1.040	24.5	5.0	-8.0	9.4	bbox	886	179.2	179.2	180.2	1915,925,5,12	196.0	39.4863260	73.5937830	4927.4
888	888	1.473	стакан-марка-красная	11.7	4.7	порода-охристая	0.568	45.1	15.0	12.0	19.2	bbox	887	29.0	29.0	29.0	3,674,15,9	195.8	39.4863240	73.5937830	4927.6
889	889	1.334	рюкзак-синий	9.2	18.8	снег-в-тени	1.409	20.0	8.0	-8.0	11.3	bbox	888	73.1	70.1	74.1	475,297,8,12	195.8	39.4863290	73.5937830	4927.6
890	890	0.916	рюкзак-синий	7.1	6.7	снег-в-тени	0.765	45.5	6.0	-9.0	10.8	bbox	889	79.1	79.1	79.1	287,211,13,11	195.3	39.4863270	73.5937820	4927.6
891	891	0.189	рюкзак-синий	1.5	0.6	снег-в-тени	0.649	39.4	1.0	-12.5	12.5	bbox	890	128.1	128.1	128.1	743,101,10,8	195.0	39.4863270	73.5937810	4927.5
892	892	1.688	рюкзак-синий	10.3	30.6	порода-в-тени	1.854	8.2	10.0	-9.0	13.5	bbox	891	26.0	26.0	26.0	100,417,7,12	194.5	39.4863240	73.5937840	4927.6
893	893	1.163	стакан-марка-красная	7.1	21.2	порода-охристая	0.527	28.6	12.0	8.0	14.4	bbox	892	116.1	115.1	117.1	1297,217,16,12	194.3	39.4863270	73.5937820	4927.5
894	894	0.858	рюкзак-синий	5.4	14.9	снег-в-тени	0.871	23.9	-1.0	-9.0	9.1	bbox	893	209.2	208.2	209.2	433,587,8,10	194.0	39.4863280	73.5937840	4927.5
895	895	0.852	стакан-марка-красная	5.7	13.3	порода-охристая	0.904	36.5	15.0	5.0	15.8	bbox	894	32.0	32.0	32.0	861,1027,17,10	193.8	39.4863240	73.5937820	4927.6
896	896	0.562	стакан-марка-красная	4.1	6.3	порода-охристая	1.245	43.5	15.0	2.0	15.1	bbox	895	113.1	113.1	113.1	1611,927,13,6	193.8	39.4863270	73.5937820	4927.5
897	897	1.878	стакан-марка-красная	14.3	15.9	снег-розовый	0.906	65.7	-2.0	7.0	7.3	bbox	896	131.1	131.1	131.1	1270,87,19,4	193.7	39.4863270	73.5937810	4927.5
898	898	1.282	стакан-марка-красная	9.9	9.4	снег-розовый	1.028	59.2	4.0	8.0	8.9	bbox	897	13.0	13.0	13.0	445,935,14,6	193.3	39.4863230	73.5937870	4927.6
899	899	1.595	рюкзак-синий	11.2	21.5	порода-в-тени	0.301	17.3	-1.0	-3.0	3.2	bbox	898	84.1	84.1	87.1	1820,655,10,14	192.9	39.4863270	73.5937820	4927.5
900	900	1.406	рюкзак-синий	8.5	25.9	порода-в-тени	1.450	12.9	7.0	-8.0	10.6	bbox	899	139.1	138.1	139.1	630,67,16,8	192.7	39.4863280	73.5937830	4927.5
901	901	2.150	стакан-марка-красная	16.1	21.2	снег-розовый	1.045	71.0	-3.5	8.0	8.7	bbox	900	7.0	7.0	7.0	1817,31,8,10	191.9	39.4863200	73.5937890	4927.6
902	902	2.181	стакан-марка-красная	14.3	34.9	снег-розовый	0.840	84.7	-2.0	7.0	7.3	bbox	901	31.0	31.0	33.0	701,149,22,6	191.4	39.4863240	73.5937820	4927.6
903	903	1.933	стакан-марка-красная	13.9	23.5	снег-розовый	0.723	73.3	-2.0	6.0	6.3	bbox	902	34.0	34.0	34.0	49,873,12,20	191.0	39.4863240	73.5937820	4927.6
904	904	2.034	рюкзак-синий	13.0	34.1	порода-в-тени	0.614	4.7	0.0	-1.0	1.0	bbox	903	78.1	78.1	78.1	1529,277,8,14	190.6	39.4863280	73.5937820	4927.6
905	905	1.223	рюкзак-синий	5.4	28.6	порода-в-тени	1.234	10.2	3.0	-9.0	9.5	bbox	904	114.1	110.1	115.1	551,881,10,16	190.5	39.4863270	73.5937820	4927.5
906	906	1.089	рюкзак-синий	7.1	17.8	снег-в-тени	1.223	21.0	6.0	-9.0	10.8	bbox	905	61.1	59.1	66.1	469,345,10,10	190.4	39.4863270	73.5937830	4927.6
907	907	1.177	рюкзак-синий	7.8	18.4	снег-в-тени	1.233	20.4	6.0	-8.0	10.0	bbox	906	81.1	78.1	81.1	357,37,15,10	190.4	39.4863270	73.5937820	4927.5
908	908	2.522	палка-ручка-пробка	19.4	19.2	снег-освещённый	1.187	94.9	-6.0	7.0	9.2	bbox	907	114.1	114.1	114.1	1423,0,21,3	190.3	39.4863270	73.5937820	4927.5
909	909	1.830	стакан-марка-красная	13.0	23.3	корка-жёлтая-на-скале	1.160	26.5	0.0	8.0	8.0	bbox	908	9.0	9.0	10.0	223,971,7,10	190.0	39.4863210	73.5937880	4927.6
910	910	2.107	палка-ручка-пробка	16.6	9.4	корка-жёлтая-на-скале	1.117	66.3	-4.0	9.0	9.8	bbox	909	38.0	35.0	38.0	81,153,4,16	189.9	39.4863250	73.5937810	4927.6
911	911	1.610	стакан-марка-красная	12.6	8.4	порода-охристая	0.569	41.4	15.0	13.0	19.8	bbox	910	169.2	169.2	172.2	1745,353,6,14	189.6	39.4863280	73.5937840	4927.5
912	912	0.471	рюкзак-синий	2.2	10.6	снег-в-тени	1.002	49.4	0.0	-16.0	16.0	bbox	911	26.0	26.0	26.0	427,17,6,8	189.4	39.4863240	73.5937840	4927.6
913	913	1.167	рюкзак-синий	7.2	20.8	снег-в-тени	1.399	18.0	7.0	-10.0	12.2	bbox	912	73.1	73.1	73.1	0,69,7,12	189.2	39.4863290	73.5937830	4927.6
914	914	1.963	рюкзак-синий	14.6	20.6	порода-в-тени	0.193	18.2	-3.0	0.0	3.0	bbox	913	197.2	194.2	197.2	1619,310,14,13	189.2	39.4863260	73.5937830	4927.4
915	915	2.005	стакан-марка-красная	14.6	23.5	снег-освещённый	0.724	73.3	-3.0	5.0	5.8	bbox	914	71.1	69.1	72.1	301,7,12,12	189.1	39.4863290	73.5937830	4927.6
916	916	1.901	стакан-марка-красная	11.2	36.1	снег-освещённый	0.253	85.9	0.0	-1.0	1.0	bbox	915	195.2	193.2	195.2	818,582,15,11	188.8	39.4863260	73.5937830	4927.4
917	917	0.873	стакан-марка-красная	6.3	10.4	порода-охристая	0.560	39.4	13.0	7.0	14.8	bbox	916	13.0	11.0	13.0	755,692,8,9	188.1	39.4863230	73.5937870	4927.6
918	918	1.505	стакан-марка-красная	12.0	0.2	снег-в-тени	1.011	50.0	-1.0	0.0	1.0	bbox	917	107.1	107.1	107.1	281,652,8,15	188.1	39.4863260	73.5937820	4927.5
919	919	1.255	стакан-марка-красная	9.8	6.9	порода-охристая	0.540	42.9	7.0	10.0	12.2	bbox	918	13.0	13.0	13.0	921,749,10,10	188.0	39.4863230	73.5937870	4927.6
920	920	0.933	рюкзак-синий	2.1	25.1	снег-в-тени	0.905	63.9	-1.0	-13.5	13.5	bbox	919	201.2	201.2	201.2	197,649,6,16	188.0	39.4863260	73.5937830	4927.4
921	921	0.833	стакан-марка-красная	3.6	19.6	порода-в-тени	1.298	30.2	8.0	-1.0	8.1	bbox	920	8.0	8.0	8.0	1729,1073,8,7	187.8	39.4863210	73.5937880	4927.6
922	922	0.269	рюкзак-синий	2.0	2.8	снег-в-тени	0.792	41.6	-1.0	-14.0	14.0	bbox	921	13.0	13.0	13.0	722,303,13,8	187.6	39.4863230	73.5937870	4927.6
923	923	1.527	стакан-марка-красная	12.2	3.9	снег-в-тени	0.909	53.7	-1.0	-1.0	1.4	bbox	922	101.1	94.1	102.1	975,147,14,13	187.6	39.4863260	73.5937820	4927.5
924	924	1.921	стакан-марка-красная	13.6	24.7	снег-розовый	0.791	74.5	-1.0	7.5	7.6	bbox	923	135.1	135.1	135.1	877,19,14,6	187.6	39.4863270	73.5937820	4927.5
925	925	1.110	рюкзак-синий	8.5	9.2	снег-в-тени	1.090	29.6	7.0	-8.0	10.6	bbox	924	113.1	113.1	113.1	1100,27,21,4	187.5	39.4863270	73.5937820	4927.5
926	926	1.196	рюкзак-синий	6.7	23.9	порода-в-тени	1.169	14.9	4.0	-8.0	8.9	bbox	925	156.2	156.2	157.2	1867,671,6,14	187.4	39.4863280	73.5937840	4927.5
927	927	1.459	рюкзак-синий	8.5	27.8	порода-в-тени	1.033	11.0	4.0	-6.0	7.2	bbox	926	90.1	88.1	91.1	833,59,18,8	186.4	39.4863270	73.5937820	4927.5
928	928	1.935	стакан-марка-красная	13.0	29.2	порода-в-тени	0.375	20.6	-2.0	2.0	2.8	bbox	927	101.1	101.1	101.1	221,889,13,10	186.1	39.4863260	73.5937820	4927.5
929	929	1.343	рюкзак-синий	6.7	29.4	порода-в-тени	1.217	9.4	4.0	-8.0	8.9	bbox	928	179.2	179.2	179.2	1889,519,8,14	185.7	39.4863260	73.5937830	4927.4
930	930	2.313	палка-ручка-пробка	18.4	5.3	снег-освещённый	1.063	81.0	-5.0	7.5	9.0	bbox	929	137.1	137.1	137.1	638,99,13,6	185.6	39.4863270	73.5937830	4927.5
931	931	1.352	стакан-марка-красная	3.6	35.7	порода-в-тени	1.270	14.1	8.0	-1.0	8.1	bbox	930	144.1	142.1	144.1	1235,437,14,6	185.6	39.4863290	73.5937840	4927.5
932	932	1.474	стакан-марка-красная	11.7	5.1	порода-охристая	0.562	44.7	15.0	12.0	19.2	bbox	931	20.0	20.0	24.0	509,649,8,12	185.5	39.4863230	73.5937850	4927.6
933	933	2.077	рюкзак-синий	13.0	36.1	порода-в-тени	0.678	2.7	0.0	-1.0	1.0	bbox	932	153.2	150.2	154.2	359,829,10,8	185.5	39.4863280	73.5937840	4927.5
934	934	2.261	палка-ручка-пробка	17.5	16.1	снег-освещённый	1.138	91.8	-4.0	8.0	8.9	bbox	933	51.1	51.1	51.1	1123,44,28,3	185.4	39.4863260	73.5937820	4927.6
935	935	1.350	рюкзак-синий	7.0	28.8	снег-в-тени	1.840	10.0	8.0	-14.0	16.1	bbox	934	201.2	199.2	201.2	5,409,5,10	185.3	39.4863260	73.5937830	4927.4
936	936	2.112	рюкзак-синий	13.0	37.6	порода-в-тени	0.731	1.2	0.0	-1.0	1.0	bbox	935	34.0	34.0	34.0	1601,678,11,11	184.9	39.4863240	73.5937820	4927.6
937	937	1.938	стакан-марка-красная	14.6	18.6	снег-розовый	0.799	68.4	-3.0	5.0	5.8	bbox	936	70.1	70.1	72.1	513,137,15,8	184.8	39.4863290	73.5937830	4927.6
938	938	1.465	стакан-марка-красная	11.2	12.3	порода-охристая	0.282	37.5	9.0	12.0	15.0	bbox	937	79.1	79.1	79.1	1393,555,12,8	184.6	39.4863270	73.5937820	4927.6
939	939	2.202	стакан-марка-красная	15.2	31.0	снег-розовый	0.891	80.8	-3.0	7.0	7.6	bbox	938	126.1	126.1	126.1	495,63,19,9	184.6	39.4863270	73.5937820	4927.4
940	940	1.946	стакан-марка-красная	12.0	34.7	порода-в-тени	0.338	15.1	-1.0	1.0	1.4	bbox	939	32.0	32.0	32.0	1552,922,15,12	184.4	39.4863240	73.5937820	4927.6
941	941	1.649	стакан-марка-красная	13.0	7.1	порода-в-тени	0.808	42.7	-2.0	0.0	2.0	bbox	940	101.1	101.1	105.1	293,1051,8,16	184.4	39.4863260	73.5937820	4927.5
942	942	1.005	рюкзак-синий	6.1	18.4	порода-в-тени	1.008	20.4	2.0	-8.0	8.2	bbox	941	170.2	170.2	171.2	875,99,8,8	184.4	39.4863280	73.5937840	4927.5
943	943	1.683	стакан-марка-красная	11.2	26.3	снег-освещённый	0.244	76.1	0.0	-1.0	1.0	bbox	942	197.2	194.2	197.2	903,373,8,16	183.7	39.4863260	73.5937830	4927.4
944	944	0.991	рюкзак-синий	5.4	20.4	порода-в-тени	1.010	18.4	-1.0	-9.0	9.1	bbox	943	207.2	207.2	207.2	1909,537,11,8	183.6	39.4863270	73.5937840	4927.5
945	945	0.908	стакан-марка-красная	7.2	3.1	порода-охристая	0.877	52.9	7.0	7.0	9.9	bbox	944	129.1	129.1	129.1	405,153,20,10	183.4	39.4863270	73.5937810	4927.5
946	946	0.529	рюкзак-синий	3.9	5.7	снег-в-тени	1.098	44.5	-2.0	-16.5	16.6	bbox	945	23.0	23.0	24.0	527,161,10,10	183.2	39.4863230	73.5937840	4927.6
947	947	0.802	рюкзак-синий	6.4	1.5	снег-в-тени	0.546	37.3	-3.0	-9.0	9.5	bbox	946	109.1	109.1	110.1	1593,0,8,9	183.0	39.4863270	73.5937820	4927.5
948	948	1.534	стакан-марка-красная	12.1	7.4	порода-охристая	0.653	42.4	16.0	12.0	20.0	bbox	947	165.2	162.2	165.2	1299,597,10,12	183.0	39.4863280	73.5937840	4927.5
949	949	1.714	палка-ручка-пробка	12.8	17.0	лишайник-жёлтый-на-камне	1.243	92.7	0.5	11.0	11.0	bbox	948	116.1	116.1	116.1	849,209,14,4	182.9	39.4863270	73.5937820	4927.5
950	950	1.639	стакан-марка-красная	11.0	24.7	снег-освещённый	0.257	74.5	0.0	0.0	0.0	bbox	949	214.2	214.2	215.2	1909,701,11,10	182.9	39.4863280	73.5937840	4927.5
951	951	1.259	стакан-марка-красная	6.3	27.4	порода-охристая	0.801	22.4	9.0	7.0	11.4	bbox	950	138.1	138.1	143.1	1577,954,8,16	182.8	39.4863270	73.5937830	4927.5
952	952	1.349	стакан-марка-красная	10.4	9.6	порода-в-тени	1.015	40.2	1.0	4.0	4.1	bbox	951	14.0	14.0	14.0	511,377,12,10	181.3	39.4863230	73.5937870	4927.6
953	953	2.040	палка-древко-контроль	14.0	29.4	снег-пересвеченный	0.896	71.0	-8.0	-1.0	8.1	bbox	952	171.2	169.2	171.2	0,907,3,16	181.0	39.4863280	73.5937840	4927.5
954	954	1.035	рюкзак-синий	7.0	15.5	снег-в-тени	1.525	23.3	8.0	-14.0	16.1	bbox	953	33.0	33.0	33.0	47,78,8,9	180.8	39.4863240	73.5937820	4927.6
955	955	1.145	стакан-марка-красная	8.1	15.1	снег-розовый	0.551	64.9	3.5	4.0	5.3	bbox	954	62.1	62.1	62.1	1021,805,12,10	180.8	39.4863270	73.5937830	4927.6
956	956	1.079	рюкзак-синий	6.7	19.0	снег-в-тени	1.118	19.8	4.0	-8.0	8.9	bbox	955	202.2	202.2	206.2	129,405,12,8	180.6	39.4863260	73.5937830	4927.4
957	957	1.828	стакан-марка-красная	11.1	33.3	снег-освещённый	0.163	83.1	0.0	-0.5	0.5	bbox	956	202.2	202.2	202.2	1665,506,14,5	180.2	39.4863260	73.5937830	4927.4
958	958	1.754	палка-древко-контроль	14.0	0.2	порода-в-тени	0.986	41.8	-7.0	-1.0	7.1	bbox	957	187.2	187.2	187.2	33,525,6,12	180.1	39.4863260	73.5937830	4927.5
959	959	2.088	рюкзак-синий	16.0	17.0	порода-в-тени	0.403	21.8	-4.5	1.0	4.6	bbox	958	158.2	156.2	158.2	7,917,8,11	180.0	39.4863280	73.5937840	4927.5
960	960	2.387	стакан-марка-красная	14.9	42.0	снег-освещённый	0.882	91.8	-3.0	6.0	6.7	bbox	959	33.0	33.0	34.0	397,159,22,8	179.5	39.4863240	73.5937820	4927.6
961	961	1.391	стакан-марка-красная	8.1	26.9	снег-в-тени	2.090	22.9	15.0	-6.0	16.2	bbox	960	38.0	37.0	38.0	27,75,14,4	179.4	39.4863250	73.5937810	4927.6
962	962	1.574	стакан-марка-красная	9.8	27.4	порода-охристая	0.771	22.4	15.0	10.0	18.0	bbox	961	126.1	126.1	127.1	217,251,7,14	179.3	39.4863270	73.5937820	4927.4
963	963	2.384	палка-ручка-пробка	18.9	9.8	снег-освещённый	1.022	85.5	-5.0	7.0	8.6	bbox	962	37.0	34.0	37.0	73,45,4,18	178.8	39.4863240	73.5937820	4927.6
964	964	1.737	стакан-марка-красная	13.9	1.0	корка-жёлтая-на-скале	0.885	48.8	-1.0	8.0	8.1	bbox	963	17.0	17.0	17.0	71,769,10,12	178.7	39.4863230	73.5937860	4927.6
965	965	0.993	рюкзак-синий	6.3	16.8	снег-в-тени	1.366	22.0	7.0	-12.0	13.9	bbox	964	112.1	112.1	112.1	1636,635,7,8	178.7	39.4863260	73.5937820	4927.5
966	966	0.765	рюкзак-синий	6.0	3.9	снег-в-тени	0.465	34.9	0.5	-8.0	8.0	bbox	965	11.0	11.0	11.0	213,837,8,8	178.4	39.4863220	73.5937880	4927.6
967	967	1.457	стакан-марка-красная	11.6	2.6	порода-охристая	0.802	52.4	6.0	11.5	13.0	bbox	966	17.0	17.0	24.0	385,993,8,8	178.3	39.4863230	73.5937860	4927.6
968	968	1.469	стакан-марка-красная	11.4	10.0	корка-жёлтая-на-скале	0.954	39.8	2.0	8.0	8.2	bbox	967	4.0	4.0	4.0	321,161,7,10	178.2	39.4863190	73.5937890	4927.5
969	969	1.960	стакан-марка-красная	14.3	22.4	снег-освещённый	0.639	72.2	-3.0	4.0	5.0	bbox	968	68.1	68.1	68.1	907,19,18,6	178.2	39.4863290	73.5937840	4927.6
970	970	1.112	рюкзак-синий	7.8	14.9	снег-в-тени	1.228	23.9	7.0	-9.0	11.4	bbox	969	34.0	34.0	35.0	143,99,8,16	178.0	39.4863240	73.5937820	4927.6
971	971	1.176	стакан-марка-красная	6.0	25.3	порода-охристая	0.707	24.5	10.5	7.0	12.6	bbox	970	209.2	208.2	209.2	1172,89,9,10	177.9	39.4863280	73.5937840	4927.5
972	972	1.072	стакан-марка-красная	7.2	16.3	порода-охристая	0.728	33.5	7.0	7.0	9.9	bbox	971	64.1	64.1	64.1	770,553,15,4	177.7	39.4863280	73.5937840	4927.6
973	973	1.458	стакан-марка-красная	11.7	0.8	порода-охристая	0.867	50.6	17.0	11.0	20.2	bbox	972	199.2	199.2	199.2	38,701,9,10	177.7	39.4863260	73.5937830	4927.4
974	974	2.335	стакан-марка-красная	14.9	39.6	снег-освещённый	0.848	89.4	-3.0	6.0	6.7	bbox	973	36.0	35.0	36.0	519,95,26,6	177.6	39.4863240	73.5937810	4927.6
975	975	0.906	стакан-марка-красная	5.1	18.0	снег-розовый	1.171	67.8	10.0	6.0	11.7	bbox	974	176.2	174.2	176.2	993,923,15,6	177.2	39.4863270	73.5937840	4927.5
976	976	0.977	рюкзак-синий	7.8	1.2	снег-в-тени	0.800	40.0	6.0	-8.0	10.0	bbox	975	115.1	115.1	115.1	49,417,12,10	176.7	39.4863270	73.5937820	4927.5
977	977	2.030	рюкзак-синий	16.2	5.9	порода-в-тени	0.635	32.9	-5.0	1.0	5.1	bbox	976	149.1	149.1	158.2	287,1039,17,14	176.7	39.4863290	73.5937850	4927.5
978	978	1.330	рюкзак-синий	8.6	21.9	порода-в-тени	1.256	16.9	6.0	-7.0	9.2	bbox	977	74.1	73.1	77.1	75,263,8,10	176.4	39.4863290	73.5937830	4927.6
979	979	0.547	стакан-марка-красная	3.2	10.6	порода-в-тени	1.425	39.2	8.0	0.0	8.0	bbox	978	4.0	1.0	4.0	1767,931,16,6	176.3	39.4863190	73.5937890	4927.5
980	980	2.181	рюкзак-синий	14.3	34.9	порода-в-тени	0.602	3.9	-2.0	0.0	2.0	bbox	979	192.2	192.2	192.2	1779,707,21,6	176.0	39.4863270	73.5937830	4927.5
981	981	1.300	рюкзак-синий	9.9	11.2	снег-в-тени	1.238	27.6	8.0	-7.0	10.6	bbox	980	118.1	118.1	118.1	123,1009,8,16	175.7	39.4863270	73.5937820	4927.5
982	982	1.353	стакан-марка-красная	10.8	1.4	корка-жёлтая-на-скале	1.031	48.4	2.0	7.0	7.3	bbox	981	179.2	179.2	179.2	589,891,16,8	175.6	39.4863260	73.5937830	4927.4
983	983	1.084	стакан-марка-красная	8.4	7.8	порода-охристая	0.420	42.0	8.5	9.0	12.4	bbox	982	195.2	195.2	195.2	21,61,14,8	175.6	39.4863260	73.5937830	4927.4
984	984	1.465	стакан-марка-красная	10.4	18.6	снег-освещённый	0.566	68.4	1.0	-2.0	2.2	bbox	983	207.2	207.2	207.2	857,664,10,9	175.6	39.4863270	73.5937840	4927.5
985	985	1.024	рюкзак-синий	5.0	22.7	снег-в-тени	1.347	16.1	5.0	-11.0	12.1	bbox	984	68.1	68.1	68.1	147,277,5,12	175.2	39.4863290	73.5937840	4927.6
986	986	1.242	рюкзак-синий	7.0	24.7	снег-в-тени	1.735	14.1	8.0	-14.0	16.1	bbox	985	215.2	213.2	215.2	1779,49,6,9	174.9	39.4863280	73.5937840	4927.5
987	987	1.351	рюкзак-синий	8.6	22.9	порода-в-тени	1.260	15.9	6.0	-7.0	9.2	bbox	986	91.1	91.1	91.1	711,75,12,10	174.3	39.4863270	73.5937820	4927.5
988	988	1.048	рюкзак-синий	8.1	7.0	снег-в-тени	1.048	31.8	7.0	-8.5	11.0	bbox	987	67.1	67.1	67.1	899,26,14,5	173.9	39.4863290	73.5937840	4927.6
989	989	1.233	рюкзак-синий	6.4	26.3	снег-в-тени	1.487	12.5	6.0	-10.0	11.7	bbox	988	112.1	112.1	112.1	1206,373,7,8	173.5	39.4863260	73.5937820	4927.5
990	990	1.626	стакан-марка-красная	10.3	27.8	порода-в-тени	1.009	22.0	2.0	6.0	6.3	bbox	989	7.0	7.0	7.0	1745,13,12,8	173.2	39.4863200	73.5937890	4927.6
991	991	1.021	стакан-марка-красная	8.1	4.5	порода-охристая	0.633	54.3	12.0	9.0	15.0	bbox	990	167.2	167.2	167.2	1377,843,10,10	173.1	39.4863280	73.5937840	4927.4
992	992	0.951	стакан-марка-красная	6.7	12.5	порода-охристая	0.626	37.3	8.0	7.0	10.6	bbox	991	205.2	205.2	205.2	1659,107,10,11	172.8	39.4863270	73.5937840	4927.5
993	993	1.397	стакан-марка-красная	7.6	28.6	порода-в-тени	1.398	21.2	8.0	-6.0	10.0	bbox	992	14.0	14.0	22.0	921,163,14,10	172.7	39.4863230	73.5937870	4927.6
994	994	0.762	рюкзак-синий	6.1	1.6	снег-в-тени	1.265	40.4	7.0	-15.0	16.6	bbox	993	24.0	22.0	24.0	233,685,6,10	172.6	39.4863230	73.5937840	4927.6
995	995	1.885	стакан-марка-красная	15.0	5.1	корка-жёлтая-на-скале	0.887	54.9	-2.0	8.5	8.7	bbox	994	34.0	34.0	34.0	92,615,7,22	172.6	39.4863240	73.5937820	4927.6
996	996	0.839	рюкзак-синий	6.3	7.9	снег-в-тени	0.377	46.7	3.0	-8.0	8.5	bbox	995	75.1	75.1	75.1	229,151,20,6	172.4	39.4863280	73.5937830	4927.6
997	997	1.004	стакан-марка-красная	6.9	14.1	порода-охристая	0.671	35.7	7.5	7.0	10.3	bbox	996	176.2	176.2	176.2	633,993,10,10	172.3	39.4863270	73.5937840	4927.5
998	998	1.152	палка-древко-контроль	8.1	15.7	снег-в-тени	0.603	57.3	-4.0	-8.0	8.9	bbox	997	33.0	33.0	33.0	1257,105,12,9	172.2	39.4863240	73.5937820	4927.6
999	999	0.945	рюкзак-синий	6.8	11.5	снег-в-тени	1.291	27.3	7.5	-12.0	14.2	bbox	998	50.1	49.0	51.1	133,355,6,15	172.0	39.4863260	73.5937820	4927.6
1000	1000	1.233	рюкзак-синий	8.9	14.9	снег-в-тени	1.316	23.9	8.0	-8.5	11.7	bbox	999	66.1	66.1	66.1	0,327,6,9	171.9	39.4863280	73.5937840	4927.6
1001	1001	1.195	стакан-марка-красная	6.3	25.1	порода-охристая	0.743	24.7	9.0	7.0	11.4	bbox	1000	134.1	134.1	134.1	353,383,11,7	171.8	39.4863270	73.5937820	4927.5
1002	1002	0.960	стакан-марка-красная	7.6	3.5	порода-охристая	0.600	46.3	14.0	8.0	16.1	bbox	1001	49.0	49.0	49.0	725,662,8,10	171.6	39.4863260	73.5937820	4927.6
1003	1003	1.316	стакан-марка-красная	10.3	7.6	корка-жёлтая-на-скале	1.170	42.2	2.0	6.0	6.3	bbox	1002	20.0	20.0	20.0	513,377,8,12	171.5	39.4863230	73.5937850	4927.6
1004	1004	0.843	рюкзак-синий	4.5	17.7	снег-в-тени	0.417	56.5	-1.0	-10.0	10.0	bbox	1003	10.0	10.0	10.0	73,489,8,10	171.0	39.4863220	73.5937880	4927.6
1005	1005	0.962	стакан-марка-красная	7.2	9.4	порода-охристая	0.711	40.4	15.0	7.0	16.6	bbox	1004	183.2	183.2	183.2	1057,227,12,6	170.8	39.4863260	73.5937830	4927.4
1006	1006	0.906	рюкзак-синий	6.3	12.4	снег-в-тени	0.174	51.2	-1.0	-8.0	8.1	bbox	1005	8.0	8.0	9.0	873,309,14,6	170.5	39.4863210	73.5937880	4927.6
1007	1007	1.825	стакан-марка-красная	13.9	15.3	снег-розовый	0.836	65.1	-2.0	6.0	6.3	bbox	1006	36.0	35.0	36.0	351,51,18,12	170.3	39.4863240	73.5937810	4927.6
1008	1008	0.801	рюкзак-синий	6.4	0.8	снег-в-тени	0.527	38.0	-3.0	-9.0	9.5	bbox	1007	13.0	13.0	13.0	209,429,15,6	170.2	39.4863230	73.5937870	4927.6
1009	1009	0.888	рюкзак-синий	5.4	16.1	снег-в-тени	0.591	54.9	4.0	-9.5	10.3	bbox	1008	34.0	34.0	34.0	685,39,10,10	169.9	39.4863240	73.5937820	4927.6
1010	1010	1.295	рюкзак-синий	8.9	18.8	снег-в-тени	1.877	20.0	9.5	-16.5	19.0	bbox	1009	41.0	41.0	41.0	87,832,5,10	169.7	39.4863250	73.5937810	4927.6
1011	1011	1.988	стакан-марка-красная	13.9	26.9	снег-розовый	0.708	76.7	-2.0	6.0	6.3	bbox	1010	200.2	200.2	200.2	1089,179,22,6	169.7	39.4863260	73.5937830	4927.4
1012	1012	1.499	стакан-марка-красная	5.8	36.7	порода-в-тени	1.041	13.1	6.0	-2.0	6.3	bbox	1011	98.1	94.1	100.1	1816,131,13,6	169.5	39.4863270	73.5937810	4927.5
1013	1013	0.853	стакан-марка-красная	6.4	8.2	порода-охристая	0.808	41.6	15.0	6.0	16.2	bbox	1012	199.2	199.2	199.2	0,888,8,9	169.2	39.4863260	73.5937830	4927.4
1014	1014	2.274	рюкзак-синий	15.3	34.5	порода-в-тени	0.627	4.3	-2.0	1.0	2.2	bbox	1013	114.1	114.1	114.1	1822,0,19,3	169.0	39.4863270	73.5937820	4927.5
1015	1015	1.392	стакан-марка-красная	11.0	5.9	корка-жёлтая-на-скале	0.939	43.9	2.5	8.0	8.4	bbox	1014	59.1	59.1	59.1	564,31,13,6	168.9	39.4863270	73.5937820	4927.6
1016	1016	1.076	стакан-марка-красная	8.6	1.0	порода-охристая	0.818	48.8	6.0	8.0	10.0	bbox	1015	188.2	188.2	188.2	447,29,10,6	168.2	39.4863260	73.5937830	4927.4
1017	1017	1.205	рюкзак-синий	7.1	22.9	снег-в-тени	1.370	15.9	6.0	-9.0	10.8	bbox	1016	77.1	76.1	77.1	175,99,10,8	167.7	39.4863280	73.5937830	4927.6
1018	1018	2.373	палка-ручка-пробка	18.9	7.4	снег-освещённый	1.011	83.1	-5.0	7.0	8.6	bbox	1017	212.2	212.2	212.2	1887,1071,10,9	167.5	39.4863280	73.5937840	4927.5
1019	1019	1.033	стакан-марка-красная	7.2	14.1	порода-охристая	0.714	35.7	7.0	7.0	9.9	bbox	1018	192.2	192.2	192.2	561,413,12,6	167.4	39.4863270	73.5937830	4927.5
1020	1020	0.571	рюкзак-синий	3.6	9.8	снег-в-тени	1.132	48.6	-1.0	-17.0	17.0	bbox	1019	13.0	13.0	13.0	535,185,28,2	167.3	39.4863230	73.5937870	4927.6
1021	1021	1.572	стакан-марка-красная	5.0	40.4	порода-в-тени	1.334	9.4	8.0	-3.0	8.5	bbox	1020	203.2	203.2	203.2	132,1073,13,7	166.9	39.4863260	73.5937830	4927.5
1022	1022	1.310	стакан-марка-красная	7.1	27.1	снег-в-тени	1.764	22.7	12.0	-6.0	13.4	bbox	1021	117.1	117.1	117.1	1387,115,16,7	166.3	39.4863270	73.5937820	4927.5
1023	1023	1.875	палка-древко-контроль	15.0	1.1	порода-в-тени	1.102	42.7	-8.0	0.0	8.0	bbox	1022	173.2	173.2	173.2	64,701,5,11	166.3	39.4863280	73.5937840	4927.4
1024	1024	2.209	стакан-марка-красная	15.7	28.4	снег-розовый	0.929	78.2	-3.5	7.0	7.8	bbox	1023	5.0	5.0	5.0	1861,63,8,10	166.1	39.4863190	73.5937890	4927.5
1025	1025	0.934	стакан-марка-красная	7.3	5.9	порода-охристая	0.492	43.9	13.0	8.0	15.3	bbox	1024	169.2	169.2	169.2	1242,836,11,15	166.1	39.4863280	73.5937840	4927.5
1026	1026	1.291	стакан-марка-красная	6.1	29.2	порода-охристая	0.819	20.6	10.0	7.0	12.2	bbox	1025	193.2	193.2	193.2	625,748,12,13	166.1	39.4863270	73.5937820	4927.4
1027	1027	1.893	стакан-марка-красная	14.5	14.9	снег-розовый	0.967	64.7	-2.0	7.5	7.8	bbox	1026	49.0	49.0	49.0	47,812,6,21	166.0	39.4863260	73.5937820	4927.6
1028	1028	1.092	стакан-марка-красная	3.6	27.8	порода-в-тени	1.251	22.0	8.0	-1.0	8.1	bbox	1027	144.1	144.1	144.1	1203,513,10,10	165.8	39.4863290	73.5937840	4927.5
1029	1029	2.384	стакан-марка-красная	16.5	33.5	снег-освещённый	0.805	83.3	-5.0	5.0	7.1	bbox	1028	66.1	66.1	66.1	0,261,11,10	165.7	39.4863280	73.5937840	4927.6
1030	1030	0.940	рюкзак-синий	6.7	11.7	снег-в-тени	1.071	27.1	6.0	-9.5	11.2	bbox	1029	112.1	108.1	112.1	1695,991,8,8	165.2	39.4863260	73.5937820	4927.5
1031	1031	0.732	рюкзак-синий	5.8	1.9	снег-в-тени	0.480	36.9	-2.0	-9.0	9.2	bbox	1030	6.0	6.0	6.0	1120,695,11,10	165.0	39.4863200	73.5937890	4927.5
1032	1032	0.897	стакан-марка-красная	7.1	4.3	порода-охристая	0.919	45.5	16.0	6.0	17.1	bbox	1031	115.1	115.1	115.1	1139,331,6,12	164.8	39.4863270	73.5937820	4927.5
1033	1033	1.626	рюкзак-синий	9.2	32.1	порода-в-тени	1.603	6.7	8.0	-8.0	11.3	bbox	1032	14.0	14.0	21.0	65,545,8,16	164.6	39.4863230	73.5937870	4927.6
1034	1034	1.653	стакан-марка-красная	11.2	24.7	снег-освещённый	0.286	74.5	0.0	-1.0	1.0	bbox	1033	202.2	202.2	202.2	1781,557,10,8	164.4	39.4863260	73.5937830	4927.4
1035	1035	1.077	рюкзак-синий	7.8	12.7	снег-в-тени	1.176	26.1	7.0	-9.0	11.4	bbox	1034	200.2	200.2	200.2	301,323,4,16	164.1	39.4863260	73.5937830	4927.4
1036	1036	1.365	рюкзак-синий	8.9	22.1	снег-в-тени	1.497	16.7	8.0	-8.5	11.7	bbox	1035	133.1	133.1	133.1	587,247,10,10	164.0	39.4863270	73.5937820	4927.5
1037	1037	2.327	стакан-марка-красная	14.6	40.6	снег-освещённый	0.755	90.4	-3.0	5.0	5.8	bbox	1036	132.1	132.1	132.1	1297,131,14,4	163.9	39.4863270	73.5937820	4927.5
1038	1038	0.843	рюкзак-синий	6.0	10.8	снег-в-тени	0.717	28.0	1.0	-8.0	8.1	bbox	1037	175.2	175.2	175.2	727,599,6,10	163.9	39.4863270	73.5937840	4927.4
1039	1039	2.469	палка-ручка-пробка	19.2	15.7	снег-освещённый	0.920	91.4	-4.0	6.0	7.2	bbox	1038	48.0	48.0	48.0	731,51,16,6	163.8	39.4863250	73.5937820	4927.6
1040	1040	0.782	рюкзак-синий	6.1	5.1	снег-в-тени	0.286	43.9	2.0	-8.0	8.2	bbox	1039	203.2	203.2	203.2	378,297,11,11	163.6	39.4863260	73.5937830	4927.5
1041	1041	2.530	палка-ручка-пробка	19.7	15.9	снег-освещённый	0.980	91.6	-5.0	6.0	7.8	bbox	1040	31.0	24.0	31.0	459,21,28,2	163.5	39.4863240	73.5937820	4927.6
1042	1042	1.400	рюкзак-синий	9.4	21.2	порода-в-тени	1.183	17.6	6.0	-6.0	8.5	bbox	1041	12.0	12.0	12.0	1855,999,12,12	163.1	39.4863220	73.5937870	4927.6
1043	1043	1.058	стакан-марка-красная	8.1	9.0	порода-охристая	0.631	40.8	7.0	8.0	10.6	bbox	1042	164.2	164.2	164.2	1749,357,4,12	163.1	39.4863280	73.5937830	4927.5
1044	1044	2.275	стакан-марка-красная	15.3	34.5	снег-освещённый	0.637	84.3	-4.0	4.0	5.7	bbox	1043	37.0	37.0	39.0	155,459,16,8	162.9	39.4863240	73.5937820	4927.6
1045	1045	1.282	рюкзак-синий	9.9	9.4	снег-в-тени	1.203	29.4	8.0	-7.0	10.6	bbox	1044	203.2	203.2	203.2	495,109,16,8	162.9	39.4863260	73.5937830	4927.5
1046	1046	1.342	стакан-марка-красная	8.9	20.8	порода-охристая	0.652	29.0	15.0	9.0	17.5	bbox	1045	116.1	116.1	116.1	769,111,6,13	162.7	39.4863270	73.5937820	4927.5
1047	1047	0.824	рюкзак-синий	4.2	17.7	снег-в-тени	0.547	56.5	-2.0	-11.0	11.2	bbox	1046	127.1	127.1	127.1	1195,118,9,13	162.7	39.4863270	73.5937810	4927.4
1048	1048	1.055	рюкзак-синий	5.8	21.3	снег-в-тени	1.200	17.5	4.0	-9.0	9.8	bbox	1047	134.1	133.1	134.1	491,109,8,10	162.6	39.4863270	73.5937820	4927.5
1049	1049	1.716	стакан-марка-красная	13.4	10.2	снег-розовый	0.962	60.0	-1.0	7.0	7.1	bbox	1048	73.1	73.1	75.1	431,247,12,8	162.0	39.4863290	73.5937830	4927.6
1050	1050	1.740	рюкзак-синий	12.4	22.3	порода-в-тени	0.188	16.5	-2.0	-2.0	2.8	bbox	1049	81.1	81.1	81.1	1451,208,8,16	161.8	39.4863270	73.5937820	4927.5
1051	1051	1.765	стакан-марка-красная	14.1	1.0	порода-охристая	0.899	50.8	16.5	14.0	21.6	bbox	1050	179.2	179.2	179.2	1417,21,7,10	161.7	39.4863260	73.5937830	4927.4
1052	1052	1.037	рюкзак-синий	7.4	12.9	снег-в-тени	1.343	25.9	8.0	-11.5	14.0	bbox	1051	33.0	33.0	33.0	77,223,8,10	161.6	39.4863240	73.5937820	4927.6
1053	1053	1.213	рюкзак-синий	7.2	22.7	снег-в-тени	1.453	16.1	7.0	-10.0	12.2	bbox	1052	5.0	5.0	5.0	1897,441,8,11	161.5	39.4863190	73.5937890	4927.5
1054	1054	0.959	рюкзак-синий	7.4	6.6	снег-в-тени	0.994	32.2	6.5	-9.0	11.1	bbox	1053	47.0	47.0	47.0	257,971,7,16	161.5	39.4863250	73.5937820	4927.6
1055	1055	1.766	стакан-марка-красная	14.0	6.7	порода-в-тени	0.859	43.1	-3.0	1.0	3.2	bbox	1054	195.2	195.2	195.2	1527,0,15,3	161.2	39.4863260	73.5937830	4927.4
1056	1056	1.180	рюкзак-синий	5.0	28.0	порода-в-тени	1.395	10.8	4.0	-10.0	10.8	bbox	1055	28.0	28.0	28.0	599,117,8,7	161.1	39.4863240	73.5937830	4927.6
1057	1057	1.776	палка-ручка-контроль	13.5	16.0	порода-охристая	0.983	41.6	16.0	17.0	23.3	bbox	1056	125.1	125.1	125.1	345,35,14,9	161.1	39.4863270	73.5937820	4927.5
1058	1058	1.889	стакан-марка-красная	12.0	32.0	порода-в-тени	0.406	17.8	-1.0	2.0	2.2	bbox	1057	46.0	46.0	46.0	1259,659,11,8	160.9	39.4863250	73.5937810	4927.6
1059	1059	1.123	стакан-марка-красная	6.1	23.1	снег-в-тени	1.508	26.7	10.0	-5.0	11.2	bbox	1058	51.1	51.1	51.1	169,133,11,12	160.8	39.4863260	73.5937820	4927.6
1060	1060	2.047	стакан-марка-красная	14.3	27.8	снег-розовый	0.800	77.6	-2.0	7.0	7.3	bbox	1059	8.0	8.0	8.0	1591,1055,8,6	160.7	39.4863210	73.5937880	4927.6
1061	1061	1.113	палка-древко-контроль	6.3	21.9	снег-в-тени	0.945	63.5	-6.0	-9.0	10.8	bbox	1060	36.0	36.0	36.0	1745,19,11,6	160.7	39.4863240	73.5937810	4927.6
1062	1062	0.980	рюкзак-синий	5.0	21.2	снег-в-тени	1.213	17.6	4.0	-10.0	10.8	bbox	1061	205.2	205.2	205.2	7,721,8,8	159.9	39.4863270	73.5937840	4927.5
1063	1063	2.095	рюкзак-синий	13.0	36.8	порода-в-тени	0.704	2.0	0.0	-1.0	1.0	bbox	1062	158.2	158.2	158.2	125,858,6,13	159.4	39.4863280	73.5937840	4927.5
1064	1064	1.247	стакан-марка-красная	3.6	32.5	порода-в-тени	1.255	17.3	8.0	-1.0	8.1	bbox	1063	96.1	94.1	98.1	1594,11,15,7	159.2	39.4863270	73.5937820	4927.5
1065	1065	0.476	стакан-марка-красная	3.6	4.3	снег-в-тени	1.331	45.5	8.0	-1.0	8.1	bbox	1064	164.2	164.2	164.2	193,1071,16,9	159.1	39.4863280	73.5937830	4927.5
1066	1066	1.797	стакан-марка-красная	13.6	16.3	порода-охристая	0.649	33.5	15.0	14.0	20.5	bbox	1065	15.0	15.0	15.0	481,611,14,6	158.8	39.4863230	73.5937860	4927.6
1067	1067	0.729	рюкзак-синий	5.8	0.2	снег-в-тени	0.895	39.0	6.0	-11.0	12.5	bbox	1066	51.1	50.1	51.1	123,769,6,16	158.6	39.4863260	73.5937820	4927.6
1068	1068	1.979	стакан-марка-красная	13.4	29.4	снег-розовый	0.731	79.2	-1.0	7.0	7.1	bbox	1067	10.0	10.0	10.0	753,667,10,4	158.2	39.4863220	73.5937880	4927.6
1069	1069	1.686	стакан-марка-красная	12.4	18.8	порода-охристая	0.523	31.0	14.0	13.0	19.1	bbox	1068	14.0	14.0	14.0	825,855,14,8	158.2	39.4863230	73.5937870	4927.6
1070	1070	2.185	рюкзак-синий	14.0	36.4	порода-в-тени	0.703	2.4	0.0	0.0	0.0	bbox	1069	160.2	160.2	160.2	1317,941,12,6	158.2	39.4863280	73.5937840	4927.5
1071	1071	0.469	стакан-марка-красная	3.2	7.1	порода-охристая	1.103	56.9	10.0	4.0	10.8	bbox	1070	192.2	189.2	193.2	456,82,7,8	158.2	39.4863270	73.5937830	4927.5
1072	1072	1.987	стакан-марка-красная	11.0	40.0	порода-в-тени	0.470	9.8	0.0	0.0	0.0	bbox	1071	129.1	129.1	129.1	1065,247,10,10	158.0	39.4863270	73.5937810	4927.5
1073	1073	1.821	стакан-марка-красная	14.3	9.4	снег-розовый	1.035	59.2	-2.0	7.0	7.3	bbox	1072	24.0	24.0	24.0	75,774,18,9	157.9	39.4863230	73.5937840	4927.6
1074	1074	1.077	стакан-марка-красная	5.4	23.5	порода-охристая	1.256	26.3	16.0	3.0	16.3	bbox	1073	48.0	48.0	48.0	5,179,9,8	157.6	39.4863250	73.5937820	4927.6
1075	1075	1.892	стакан-марка-красная	13.4	24.5	порода-в-тени	1.023	25.3	-1.0	7.0	7.1	bbox	1074	215.2	215.2	215.2	199,1023,8,8	157.4	39.4863280	73.5937840	4927.5
1076	1076	1.169	стакан-марка-красная	9.2	5.5	порода-охристая	0.865	44.3	5.0	8.0	9.4	bbox	1075	4.0	4.0	4.0	331,299,9,8	157.2	39.4863190	73.5937890	4927.5
1077	1077	0.877	рюкзак-синий	6.7	7.2	снег-в-тени	1.115	31.6	7.0	-11.0	13.0	bbox	1076	48.0	48.0	48.0	955,7,20,4	157.2	39.4863250	73.5937820	4927.6
1078	1078	0.805	рюкзак-синий	6.4	2.3	снег-в-тени	0.755	36.5	5.0	-9.0	10.3	bbox	1077	67.1	64.1	67.1	275,7,10,8	156.7	39.4863290	73.5937840	4927.6
1079	1079	1.523	стакан-марка-красная	12.0	7.4	порода-в-тени	0.832	42.4	-1.0	1.0	1.4	bbox	1078	199.2	199.2	199.2	1287,197,15,5	156.5	39.4863260	73.5937830	4927.4
1080	1080	1.022	рюкзак-синий	5.4	21.5	снег-в-тени	1.160	17.3	3.0	-9.0	9.5	bbox	1079	10.0	10.0	10.0	657,954,8,7	156.4	39.4863220	73.5937880	4927.6
1081	1081	1.460	стакан-марка-красная	9.4	24.3	порода-в-тени	0.955	25.5	2.5	5.0	5.6	bbox	1080	134.1	134.1	134.1	467,577,12,14	156.3	39.4863270	73.5937820	4927.5
1082	1082	1.604	стакан-марка-красная	12.1	15.1	снег-розовый	0.720	64.9	0.0	6.0	6.0	bbox	1081	139.1	139.1	139.1	837,65,17,10	156.3	39.4863280	73.5937830	4927.5
1083	1083	0.490	рюкзак-синий	3.0	8.8	снег-в-тени	0.395	47.6	1.0	-11.0	11.0	bbox	1082	166.2	158.2	166.2	1547,114,10,11	156.3	39.4863280	73.5937840	4927.5
1084	1084	1.615	стакан-марка-красная	12.6	9.2	снег-розовый	0.849	59.0	-1.0	5.0	5.1	bbox	1083	214.2	214.2	214.2	1679,113,10,14	156.1	39.4863280	73.5937840	4927.5
1085	1085	1.405	стакан-марка-красная	11.2	0.8	корка-жёлтая-на-скале	1.018	49.0	1.5	7.0	7.2	bbox	1084	66.1	66.1	68.1	113,300,14,5	156.0	39.4863280	73.5937840	4927.6
1086	1086	1.634	стакан-марка-красная	11.4	22.4	снег-розовый	0.403	72.2	0.0	4.0	4.0	bbox	1085	209.2	209.2	210.2	1249,209,18,6	156.0	39.4863280	73.5937840	4927.5
1087	1087	2.193	рюкзак-синий	15.5	28.6	порода-в-тени	0.459	10.2	-3.0	1.0	3.2	bbox	1086	150.2	149.1	151.2	107,943,8,8	155.6	39.4863280	73.5937850	4927.5
1088	1088	0.941	стакан-марка-красная	3.6	23.1	порода-в-тени	1.270	26.7	8.0	-1.0	8.1	bbox	1087	150.2	148.1	151.2	172,918,11,7	154.7	39.4863280	73.5937850	4927.5
1089	1089	1.007	рюкзак-синий	8.0	3.3	снег-в-тени	0.521	35.5	1.0	-6.0	6.1	bbox	1088	159.2	159.2	163.2	1297,894,12,11	154.7	39.4863280	73.5937840	4927.5
1090	1090	2.164	стакан-марка-красная	15.0	30.0	снег-розовый	0.845	79.8	-3.0	6.5	7.2	bbox	1089	48.0	48.0	48.0	1061,75,16,4	154.3	39.4863250	73.5937820	4927.6
1091	1091	0.607	рюкзак-синий	3.6	11.4	снег-в-тени	1.135	50.2	-1.0	-17.0	17.0	bbox	1090	27.0	27.0	27.0	199,17,10,12	154.2	39.4863240	73.5937840	4927.5
1092	1092	2.283	стакан-марка-красная	16.2	29.8	снег-освещённый	0.953	79.6	-4.0	7.0	8.1	bbox	1091	72.1	72.1	72.1	949,15,22,6	154.2	39.4863290	73.5937830	4927.6
1093	1093	0.841	рюкзак-синий	5.4	14.1	снег-в-тени	0.844	24.7	-1.0	-9.0	9.1	bbox	1092	222.2	222.2	222.2	1292,37,7,6	154.2	39.4863270	73.5937830	4927.5
1094	1094	0.740	стакан-марка-красная	5.4	8.6	порода-охристая	0.680	41.2	9.0	6.0	10.8	bbox	1093	5.0	5.0	6.0	1010,886,6,13	154.1	39.4863190	73.5937890	4927.5
1095	1095	2.413	стакан-марка-красная	14.3	45.3	снег-пересвеченный	0.239	95.1	-3.0	-2.0	3.6	bbox	1094	92.1	87.1	92.1	918,14,8,7	154.1	39.4863270	73.5937820	4927.5
1096	1096	1.656	стакан-марка-красная	13.1	6.3	порода-охристая	0.617	43.5	15.0	13.5	20.2	bbox	1095	1.0	1.0	1.0	705,1037,6,10	153.9	39.4863180	73.5937900	4927.5
1097	1097	0.600	палка-древко-контроль	4.7	3.1	снег-в-тени	0.761	44.7	-4.0	-12.5	13.1	bbox	1096	29.0	29.0	29.0	0,111,12,11	153.9	39.4863240	73.5937830	4927.6
1098	1098	1.387	стакан-марка-красная	7.6	28.2	порода-охристая	0.802	21.6	8.0	8.0	11.3	bbox	1097	190.2	190.2	190.2	430,337,12,8	153.8	39.4863260	73.5937830	4927.4
1099	1099	1.005	рюкзак-синий	7.6	9.0	снег-в-тени	1.246	29.8	8.0	-11.0	13.6	bbox	1098	37.0	37.0	37.0	83,1002,5,11	153.7	39.4863240	73.5937820	4927.6
1100	1100	1.165	рюкзак-синий	7.8	17.8	снег-в-тени	1.303	21.0	7.0	-9.0	11.4	bbox	1099	88.1	88.1	91.1	787,67,20,4	153.5	39.4863270	73.5937830	4927.5
1101	1101	0.917	стакан-марка-красная	6.7	10.4	порода-охристая	0.998	60.2	8.0	7.0	10.6	bbox	1100	125.1	125.1	125.1	1473,99,11,6	153.5	39.4863270	73.5937820	4927.5
1102	1102	2.086	стакан-марка-красная	13.0	36.5	снег-освещённый	0.232	86.3	-2.0	0.0	2.0	bbox	1101	143.1	143.1	144.1	1619,338,20,6	153.4	39.4863290	73.5937840	4927.5
1103	1103	1.730	стакан-марка-красная	5.8	43.9	порода-в-тени	1.404	5.9	8.0	-4.0	8.9	bbox	1102	209.2	209.2	209.2	23,226,10,13	153.4	39.4863280	73.5937840	4927.5
1104	1104	0.980	рюкзак-синий	7.8	2.3	снег-в-тени	0.643	36.5	-4.0	-8.0	8.9	bbox	1103	35.0	35.0	35.0	1707,161,15,4	153.2	39.4863240	73.5937820	4927.6
1105	1105	2.074	рюкзак-синий	15.8	17.6	порода-в-тени	0.355	21.2	-4.0	1.0	4.1	bbox	1104	203.2	203.2	203.2	1748,49,10,9	153.2	39.4863260	73.5937830	4927.5
1106	1106	1.014	рюкзак-синий	4.5	23.7	снег-в-тени	1.252	15.1	3.0	-10.0	10.4	bbox	1105	74.1	74.1	74.1	565,383,6,10	153.1	39.4863290	73.5937830	4927.6
1107	1107	1.181	стакан-марка-красная	8.5	14.1	порода-охристая	0.461	35.7	14.0	9.0	16.6	bbox	1106	12.0	12.0	12.0	1266,939,10,10	153.0	39.4863220	73.5937870	4927.6
1108	1108	1.288	стакан-марка-красная	9.2	16.1	порода-охристая	1.022	33.7	4.0	7.0	8.1	bbox	1107	203.2	203.2	203.2	137,193,11,10	152.9	39.4863260	73.5937830	4927.5
1109	1109	1.141	стакан-марка-красная	7.1	20.2	порода-охристая	0.938	29.6	16.0	6.0	17.1	bbox	1108	114.1	111.1	114.1	1134,822,9,10	152.8	39.4863270	73.5937820	4927.5
1110	1110	0.737	рюкзак-синий	5.4	8.2	снег-в-тени	0.996	30.6	5.5	-11.0	12.3	bbox	1109	28.0	28.0	28.0	205,277,16,8	152.6	39.4863240	73.5937830	4927.6
1111	1111	2.033	палка-древко-контроль	14.0	29.0	снег-пересвеченный	0.907	70.6	-8.0	-1.0	8.1	bbox	1110	211.2	207.2	211.2	227,1067,10,6	152.3	39.4863280	73.5937840	4927.5
1112	1112	1.220	стакан-марка-красная	9.6	7.1	порода-охристая	0.991	42.7	4.0	7.5	8.5	bbox	1111	178.2	178.2	178.2	545,1021,8,10	152.1	39.4863260	73.5937830	4927.5
1113	1113	1.263	рюкзак-синий	7.1	25.3	порода-в-тени	1.435	13.5	6.0	-9.0	10.8	bbox	1112	138.1	138.1	139.1	791,93,10,6	152.0	39.4863270	73.5937830	4927.5
1114	1114	1.588	стакан-марка-красная	11.4	19.6	порода-охристая	0.492	30.2	8.0	12.0	14.4	bbox	1113	129.1	127.1	131.1	1443,227,10,8	151.7	39.4863270	73.5937810	4927.5
1115	1115	1.119	рюкзак-синий	6.7	20.8	порода-в-тени	1.156	18.0	4.0	-8.0	8.9	bbox	1114	172.2	171.2	172.2	1843,237,6,17	151.5	39.4863280	73.5937850	4927.5
1116	1116	2.221	стакан-марка-красная	16.4	24.1	снег-освещённый	0.792	73.9	-5.0	4.5	6.7	bbox	1115	68.1	68.1	68.1	263,29,10,10	151.3	39.4863290	73.5937840	4927.6
1117	1117	1.102	рюкзак-синий	7.1	18.4	порода-в-тени	0.791	20.4	0.0	-7.0	7.0	bbox	1116	81.1	81.1	81.1	1539,487,7,14	151.2	39.4863270	73.5937820	4927.5
1118	1118	1.465	рюкзак-синий	8.1	29.8	порода-в-тени	0.786	9.0	0.0	-6.0	6.0	bbox	1117	0.0	0.0	0.0	108,433,5,17	151.0	39.4863170	73.5937900	4927.5
1119	1119	1.798	палка-ручка-пробка	14.1	9.6	корка-жёлтая-на-скале	0.906	66.1	-0.5	10.0	10.0	bbox	1118	36.0	36.0	38.0	279,655,6,12	151.0	39.4863240	73.5937810	4927.6
1120	1120	1.306	рюкзак-синий	6.6	28.4	снег-в-тени	1.748	10.4	7.5	-13.0	15.0	bbox	1119	132.1	128.1	133.1	215,277,6,10	150.9	39.4863270	73.5937820	4927.5
1121	1121	2.176	стакан-марка-красная	13.0	40.4	порода-в-тени	0.543	9.4	-2.0	2.0	2.8	bbox	1120	161.2	161.2	161.2	312,821,9,7	150.9	39.4863280	73.5937830	4927.4
1122	1122	1.150	рюкзак-синий	7.8	17.0	снег-в-тени	1.195	21.8	6.0	-8.0	10.0	bbox	1121	176.2	176.2	176.2	1887,63,6,9	150.9	39.4863270	73.5937840	4927.5
1123	1123	1.852	стакан-марка-красная	14.5	10.0	корка-жёлтая-на-скале	1.011	39.8	-2.0	7.5	7.8	bbox	1122	212.2	212.2	214.2	1667,0,8,9	150.9	39.4863280	73.5937840	4927.5
1124	1124	0.900	рюкзак-синий	7.2	2.7	снег-в-тени	1.093	36.1	7.5	-11.0	13.3	bbox	1123	127.1	127.1	127.1	75,279,6,13	150.8	39.4863270	73.5937810	4927.4
1125	1125	1.311	стакан-марка-красная	8.3	22.3	порода-охристая	0.781	27.5	6.5	8.0	10.3	bbox	1124	147.1	145.1	147.1	1463,477,10,8	150.5	39.4863290	73.5937850	4927.5
1126	1126	1.392	рюкзак-синий	5.6	33.7	порода-в-тени	1.738	5.1	6.0	-11.5	13.0	bbox	1125	35.0	35.0	35.0	637,0,8,7	150.4	39.4863240	73.5937820	4927.6
1127	1127	0.750	рюкзак-синий	5.4	9.2	снег-в-тени	0.177	48.0	-1.0	-9.0	9.1	bbox	1126	39.0	39.0	39.0	1063,947,6,10	150.0	39.4863250	73.5937810	4927.6
1128	1128	1.867	стакан-марка-красная	12.8	27.1	снег-розовый	0.732	76.9	0.0	7.5	7.5	bbox	1127	41.0	40.0	45.0	419,521,10,10	149.9	39.4863250	73.5937810	4927.6
1129	1129	0.906	стакан-марка-красная	6.7	9.6	порода-охристая	0.628	40.2	8.0	7.0	10.6	bbox	1128	216.2	216.2	216.2	1559,663,8,10	149.7	39.4863280	73.5937840	4927.5
1130	1130	2.215	стакан-марка-красная	11.0	48.6	порода-в-тени	0.772	1.2	0.0	1.0	1.0	bbox	1129	94.1	93.1	100.1	1803,241,12,13	149.5	39.4863270	73.5937820	4927.5
1131	1131	0.912	рюкзак-синий	6.1	14.1	снег-в-тени	1.712	24.7	0.0	-20.0	20.0	bbox	1130	110.1	110.1	110.1	589,0,8,13	149.2	39.4863260	73.5937820	4927.5
1132	1132	1.792	стакан-марка-красная	14.2	6.5	корка-жёлтая-на-скале	0.645	43.3	0.0	10.0	10.0	bbox	1131	22.0	22.0	22.0	279,919,6,23	149.1	39.4863240	73.5937840	4927.6
1133	1133	1.128	стакан-марка-красная	7.6	16.9	снег-в-тени	1.070	32.9	7.0	-5.5	8.9	bbox	1132	181.2	181.2	181.2	1885,671,4,16	149.1	39.4863260	73.5937830	4927.4
1134	1134	2.133	палка-ручка-пробка	16.6	14.5	снег-розовый	1.007	90.2	-2.0	8.0	8.2	bbox	1133	40.0	38.0	43.0	177,185,4,10	149.0	39.4863250	73.5937810	4927.6
1135	1135	2.314	стакан-марка-красная	14.0	42.4	снег-пересвеченный	0.458	92.2	-3.0	0.5	3.0	bbox	1134	52.1	52.1	53.1	669,71,16,12	148.7	39.4863260	73.5937820	4927.6
1136	1136	0.810	стакан-марка-красная	6.4	3.5	порода-охристая	0.962	53.3	15.0	6.0	16.2	bbox	1135	176.2	176.2	176.2	929,311,14,8	148.6	39.4863270	73.5937840	4927.5
1137	1137	2.420	стакан-марка-красная	14.4	45.3	снег-освещённый	0.927	95.1	-2.5	6.0	6.5	bbox	1136	19.0	19.0	23.0	7,726,6,13	148.3	39.4863230	73.5937860	4927.6
1138	1138	1.871	стакан-марка-красная	14.8	8.6	корка-жёлтая-на-скале	0.986	58.4	-2.0	8.0	8.2	bbox	1137	46.0	44.0	46.0	989,13,16,4	148.2	39.4863250	73.5937810	4927.6
1139	1139	1.869	стакан-марка-красная	14.8	8.2	корка-жёлтая-на-скале	0.981	58.0	-2.0	8.0	8.2	bbox	1138	129.1	129.1	129.1	1265,27,20,6	148.2	39.4863270	73.5937810	4927.5
1140	1140	1.087	стакан-марка-красная	7.6	14.7	порода-охристая	0.543	35.1	8.0	8.0	11.3	bbox	1139	174.2	174.2	174.2	1367,1013,6,12	147.5	39.4863280	73.5937840	4927.4
1141	1141	1.784	палка-древко-контроль	12.0	27.0	снег-пересвеченный	0.930	68.6	-8.0	-3.0	8.5	bbox	1140	211.2	211.2	211.2	1891,1037,9,6	147.5	39.4863280	73.5937840	4927.5
1142	1142	0.806	рюкзак-синий	6.4	2.7	снег-в-тени	0.895	36.1	6.0	-10.0	11.7	bbox	1141	34.0	34.0	34.0	11,123,6,12	147.4	39.4863240	73.5937820	4927.6
1143	1143	1.578	стакан-марка-красная	12.6	1.6	корка-жёлтая-на-скале	0.886	51.4	0.5	8.0	8.0	bbox	1142	135.1	135.1	135.1	969,5,10,6	147.3	39.4863270	73.5937820	4927.5
1144	1144	2.168	стакан-марка-красная	15.2	29.0	снег-розовый	0.885	78.8	-3.0	7.0	7.6	bbox	1143	129.1	129.1	129.1	885,43,20,4	146.8	39.4863270	73.5937810	4927.5
1145	1145	1.077	рюкзак-синий	6.1	21.3	порода-в-тени	1.013	17.5	2.0	-8.0	8.2	bbox	1144	74.1	71.1	74.1	541,861,6,8	146.7	39.4863290	73.5937830	4927.6
1146	1146	0.391	стакан-марка-красная	2.2	7.7	снег-розовый	1.133	57.5	9.0	2.0	9.2	bbox	1145	155.2	155.2	159.2	350,1067,9,8	146.7	39.4863280	73.5937840	4927.5
1147	1147	1.016	стакан-марка-красная	6.7	16.1	снег-розовый	1.062	65.9	8.0	7.0	10.6	bbox	1146	0.0	0.0	0.0	465,710,6,7	146.4	39.4863170	73.5937900	4927.5
1148	1148	1.906	стакан-марка-красная	15.2	2.7	корка-жёлтая-на-скале	1.081	52.5	-3.0	7.0	7.6	bbox	1147	46.0	46.0	46.0	323,59,4,18	146.0	39.4863250	73.5937810	4927.6
1149	1149	2.305	палка-ручка-пробка	18.4	6.1	снег-освещённый	0.953	81.8	-4.0	7.0	8.1	bbox	1148	38.0	38.0	38.0	959,0,14,3	145.9	39.4863250	73.5937810	4927.6
1150	1150	1.443	стакан-марка-красная	9.2	24.3	порода-охристая	0.957	25.5	5.0	8.0	9.4	bbox	1149	220.2	220.2	220.2	1779,593,11,6	145.9	39.4863270	73.5937840	4927.5
1151	1151	1.283	рюкзак-синий	7.6	24.1	порода-в-тени	1.080	14.7	4.0	-7.0	8.1	bbox	1150	59.1	59.1	59.1	371,1005,10,13	145.8	39.4863270	73.5937820	4927.6
1152	1152	1.492	рюкзак-синий	10.3	21.2	порода-в-тени	1.122	17.6	6.0	-5.0	7.8	bbox	1151	111.1	111.1	111.1	593,797,10,6	145.7	39.4863270	73.5937820	4927.5
1153	1153	1.973	стакан-марка-красная	15.0	16.9	порода-в-тени	0.635	32.9	-4.0	2.0	4.5	bbox	1152	3.0	1.0	3.0	1693,899,10,13	145.5	39.4863190	73.5937890	4927.5
1154	1154	1.218	рюкзак-синий	7.2	22.9	порода-в-тени	1.248	15.9	5.0	-8.0	9.4	bbox	1153	135.1	135.1	135.1	355,17,16,8	145.4	39.4863270	73.5937820	4927.5
1155	1155	1.384	стакан-марка-красная	7.2	29.4	порода-охристая	0.956	20.4	7.0	7.0	9.9	bbox	1154	5.0	5.0	5.0	775,357,10,9	145.2	39.4863190	73.5937890	4927.5
1156	1156	1.305	стакан-марка-красная	8.9	18.8	порода-охристая	0.619	31.0	7.0	9.0	11.4	bbox	1155	85.1	85.1	85.1	917,95,7,8	145.1	39.4863270	73.5937830	4927.5
1157	1157	1.441	стакан-марка-красная	10.6	15.9	порода-охристая	0.466	33.9	14.5	11.0	18.2	bbox	1156	12.0	9.0	12.0	699,747,6,10	144.6	39.4863220	73.5937870	4927.6
1158	1158	0.708	стакан-марка-красная	3.6	15.3	порода-в-тени	1.348	34.5	8.0	-1.0	8.1	bbox	1157	4.0	4.0	4.0	1459,615,8,8	144.3	39.4863190	73.5937890	4927.5
1159	1159	0.608	стакан-марка-красная	4.5	6.7	порода-охристая	0.808	43.1	9.0	5.0	10.3	bbox	1158	8.0	7.0	8.0	719,860,9,7	144.3	39.4863210	73.5937880	4927.6
1160	1160	0.472	рюкзак-синий	3.6	3.9	снег-в-тени	0.607	34.9	-1.0	-11.0	11.0	bbox	1159	26.0	26.0	26.0	40,607,7,9	144.3	39.4863240	73.5937840	4927.6
1161	1161	0.422	рюкзак-синий	2.2	8.8	снег-в-тени	0.637	47.6	-1.0	-13.0	13.0	bbox	1160	130.1	130.1	130.1	1025,109,10,12	144.2	39.4863270	73.5937810	4927.5
1162	1162	0.376	рюкзак-синий	2.8	3.6	снег-в-тени	0.655	42.4	3.0	-12.0	12.4	bbox	1161	137.1	137.1	137.1	525,235,4,12	144.0	39.4863270	73.5937830	4927.5
1163	1163	0.898	стакан-марка-красная	5.0	18.0	снег-в-тени	1.311	31.8	8.0	-3.0	8.5	bbox	1162	7.0	7.0	7.0	84,1018,7,11	143.5	39.4863200	73.5937890	4927.6
1164	1164	0.924	стакан-марка-красная	7.2	5.7	порода-охристая	0.736	44.1	7.0	7.0	9.9	bbox	1163	0.0	0.0	0.0	831,305,8,8	143.2	39.4863170	73.5937900	4927.5
1165	1165	1.310	стакан-марка-красная	9.1	18.0	снег-в-тени	1.318	31.8	9.5	-8.0	12.4	bbox	1164	44.0	43.0	44.0	7,415,8,10	142.6	39.4863250	73.5937810	4927.5
1166	1166	1.081	стакан-марка-красная	8.6	3.1	порода-охристая	0.786	46.7	6.0	8.0	10.0	bbox	1165	4.0	4.0	4.0	443,584,8,6	142.5	39.4863190	73.5937890	4927.5
1167	1167	1.106	рюкзак-синий	8.6	7.2	снег-в-тени	1.163	31.6	8.0	-9.0	12.0	bbox	1166	130.1	130.1	131.1	247,157,8,10	142.4	39.4863270	73.5937810	4927.5
1168	1168	1.978	палка-древко-контроль	15.0	17.6	снег-освещённый	1.166	59.2	-8.0	0.0	8.0	bbox	1167	205.2	205.2	205.2	205,1009,14,8	142.4	39.4863270	73.5937840	4927.5
1169	1169	1.932	стакан-марка-красная	14.3	20.4	снег-розовый	0.843	70.2	-2.0	7.0	7.3	bbox	1168	29.0	29.0	29.0	453,755,4,16	142.3	39.4863240	73.5937830	4927.6
1170	1170	1.129	рюкзак-синий	6.7	21.2	снег-в-тени	1.437	17.6	7.0	-11.0	13.0	bbox	1169	133.1	132.1	133.1	41,41,6,10	142.3	39.4863270	73.5937820	4927.5
1171	1171	2.449	палка-ручка-пробка	18.8	19.4	снег-освещённый	0.941	95.1	-3.0	6.0	6.7	bbox	1170	48.0	47.0	48.0	866,5,15,4	142.0	39.4863250	73.5937820	4927.6
1172	1172	1.380	стакан-марка-красная	10.7	9.0	порода-охристая	0.634	40.8	16.0	10.5	19.1	bbox	1171	40.0	40.0	44.0	1145,839,12,7	141.8	39.4863250	73.5937810	4927.6
1173	1173	0.436	рюкзак-синий	3.2	5.1	снег-в-тени	0.400	43.9	0.0	-11.0	11.0	bbox	1172	138.1	138.1	138.1	969,9,12,8	141.8	39.4863270	73.5937830	4927.5
1174	1174	2.354	стакан-марка-красная	18.8	1.8	корка-жёлтая-на-скале	1.376	48.0	-7.0	6.5	9.6	bbox	1173	171.2	171.2	171.2	7,1055,6,6	141.4	39.4863280	73.5937840	4927.5
1175	1175	1.314	стакан-марка-красная	7.0	27.4	порода-охристая	0.685	22.4	11.0	8.0	13.6	bbox	1174	85.1	84.1	85.1	1129,73,12,6	140.9	39.4863270	73.5937830	4927.5
1176	1176	2.392	стакан-марка-красная	14.9	42.2	снег-освещённый	0.885	92.0	-3.0	6.0	6.7	bbox	1175	31.0	31.0	31.0	390,209,17,10	140.2	39.4863240	73.5937820	4927.6
1177	1177	1.119	рюкзак-синий	8.9	1.5	снег-в-тени	0.771	37.3	5.0	-6.0	7.8	bbox	1176	179.2	179.2	179.2	1865,1073,20,7	140.1	39.4863260	73.5937830	4927.4
1178	1178	1.428	рюкзак-синий	9.4	22.5	порода-в-тени	1.188	16.3	6.0	-6.0	8.5	bbox	1177	143.1	142.1	143.1	1108,61,11,8	139.7	39.4863290	73.5937840	4927.5
1179	1179	1.436	стакан-марка-красная	8.6	26.7	порода-охристая	0.910	23.1	16.0	8.0	17.9	bbox	1178	47.0	47.0	47.0	656,652,11,7	139.5	39.4863250	73.5937820	4927.6
1180	1180	2.211	стакан-марка-красная	13.0	42.0	снег-пересвеченный	0.397	91.8	-1.0	-4.0	4.1	bbox	1179	131.1	131.1	131.1	1353,155,12,8	139.5	39.4863270	73.5937810	4927.5
1181	1181	0.887	стакан-марка-красная	5.4	16.1	порода-охристая	0.801	33.7	8.0	5.5	9.7	bbox	1180	21.0	21.0	21.0	619,421,8,10	139.3	39.4863230	73.5937850	4927.6
1182	1182	1.282	рюкзак-синий	8.5	20.2	снег-в-тени	1.361	18.6	7.0	-8.0	10.6	bbox	1181	85.1	85.1	86.1	621,143,8,10	139.2	39.4863270	73.5937830	4927.5
1183	1183	2.135	стакан-марка-красная	14.9	29.4	снег-освещённый	0.793	79.2	-3.0	6.0	6.7	bbox	1182	137.1	137.1	137.1	821,84,14,3	139.2	39.4863270	73.5937830	4927.5
1184	1184	1.298	рюкзак-синий	6.4	28.6	порода-в-тени	1.378	10.2	5.0	-9.0	10.3	bbox	1183	141.1	141.1	141.1	583,129,6,10	139.2	39.4863280	73.5937840	4927.5
1185	1185	1.388	рюкзак-синий	6.7	31.0	порода-в-тени	1.237	7.8	4.0	-8.0	8.9	bbox	1184	162.2	162.2	163.2	1913,345,7,10	139.1	39.4863280	73.5937830	4927.4
1186	1186	0.516	стакан-марка-красная	2.2	12.2	порода-охристая	1.153	37.6	9.0	2.0	9.2	bbox	1185	111.1	109.1	111.1	413,1027,10,6	138.5	39.4863270	73.5937820	4927.5
1187	1187	1.354	стакан-марка-красная	10.8	3.9	снег-в-тени	0.672	53.7	1.0	-3.0	3.2	bbox	1186	46.0	46.0	46.0	1051,67,12,10	138.4	39.4863250	73.5937810	4927.6
1188	1188	2.065	стакан-марка-красная	13.4	33.7	снег-розовый	0.759	83.5	-1.0	7.0	7.1	bbox	1187	215.2	215.2	215.2	773,627,6,6	138.1	39.4863280	73.5937840	4927.5
1189	1189	1.251	рюкзак-синий	8.1	20.8	порода-в-тени	1.156	18.0	5.0	-7.0	8.6	bbox	1188	1.0	1.0	1.0	1840,999,7,12	137.7	39.4863180	73.5937900	4927.5
1190	1190	1.521	стакан-марка-красная	9.5	26.7	порода-в-тени	0.806	23.1	2.0	4.0	4.5	bbox	1189	214.2	214.2	214.2	1617,463,8,10	137.4	39.4863280	73.5937840	4927.5
1191	1191	0.714	рюкзак-синий	5.4	6.6	снег-в-тени	0.684	32.2	3.0	-9.0	9.5	bbox	1190	78.1	77.1	78.1	319,147,8,10	137.2	39.4863280	73.5937820	4927.6
1192	1192	2.029	стакан-марка-красная	15.2	19.6	снег-розовый	0.931	69.4	-3.0	7.0	7.6	bbox	1191	6.0	6.0	6.0	1869,1073,8,7	137.1	39.4863200	73.5937890	4927.5
1193	1193	2.380	стакан-марка-красная	14.3	43.9	снег-пересвеченный	0.209	93.7	-3.0	-2.0	3.6	bbox	1192	93.1	92.1	98.1	644,67,6,9	137.1	39.4863270	73.5937820	4927.5
1194	1194	0.988	рюкзак-синий	5.2	20.8	снег-в-тени	1.115	18.0	2.5	-9.0	9.3	bbox	1193	76.1	76.1	76.1	53,495,6,10	137.0	39.4863280	73.5937830	4927.6
1195	1195	1.358	стакан-марка-красная	3.6	35.9	порода-охристая	1.862	13.9	13.0	-2.0	13.2	bbox	1194	127.1	127.1	127.1	1529,55,8,8	136.9	39.4863270	73.5937810	4927.4
1196	1196	1.367	стакан-марка-красная	10.0	15.5	снег-розовый	1.049	65.3	5.0	9.0	10.3	bbox	1195	3.0	2.0	3.0	146,233,13,8	136.6	39.4863190	73.5937890	4927.5
1197	1197	1.555	стакан-марка-красная	7.3	35.3	порода-охристая	0.965	14.5	9.0	8.0	12.0	bbox	1196	202.2	202.2	202.2	1865,1055,8,6	136.5	39.4863260	73.5937830	4927.4
1198	1198	2.316	палка-ручка-пробка	17.9	16.8	снег-освещённый	1.002	92.5	-3.0	7.0	7.6	bbox	1197	36.0	36.0	36.0	481,37,14,6	136.4	39.4863240	73.5937810	4927.6
1199	1199	0.779	стакан-марка-красная	5.4	11.0	порода-охристая	0.673	38.8	9.0	6.0	10.8	bbox	1198	135.1	135.1	135.1	1241,95,9,10	136.4	39.4863270	73.5937820	4927.5
1200	1200	2.359	стакан-марка-красная	17.7	22.7	снег-освещённый	1.020	72.5	-6.0	6.0	8.5	bbox	1199	69.1	69.1	69.1	863,31,10,4	136.1	39.4863290	73.5937830	4927.6
1201	1201	1.435	рюкзак-синий	8.1	28.6	порода-в-тени	1.209	10.2	5.0	-7.0	8.6	bbox	1200	91.1	91.1	91.1	781,39,10,8	136.0	39.4863270	73.5937820	4927.5
1202	1202	0.941	стакан-марка-красная	7.1	9.0	порода-охристая	0.888	40.8	16.0	6.0	17.1	bbox	1201	179.2	179.2	179.2	1461,175,8,6	136.0	39.4863260	73.5937830	4927.4
1203	1203	1.639	стакан-марка-красная	13.0	4.9	порода-в-тени	0.884	44.9	-2.0	0.0	2.0	bbox	1202	107.1	107.1	107.1	339,647,8,10	135.6	39.4863260	73.5937820	4927.5
1204	1204	1.491	рюкзак-синий	10.8	17.6	снег-в-тени	1.571	21.2	10.0	-8.0	12.8	bbox	1203	36.0	35.0	36.0	63,557,8,14	135.5	39.4863240	73.5937810	4927.6
1205	1205	1.666	стакан-марка-красная	13.0	9.6	порода-в-тени	0.718	40.2	-2.0	0.0	2.0	bbox	1204	199.2	199.2	199.2	911,709,8,6	135.5	39.4863260	73.5937830	4927.4
1206	1206	2.001	рюкзак-синий	14.1	26.3	порода-в-тени	0.331	12.5	-1.0	0.0	1.0	bbox	1205	107.1	107.1	107.1	317,26,12,8	135.2	39.4863260	73.5937820	4927.5
1207	1207	1.211	стакан-марка-красная	8.1	18.8	снег-в-тени	1.090	31.0	7.0	-6.0	9.2	bbox	1206	112.1	112.1	112.1	1459,1045,8,8	135.1	39.4863260	73.5937820	4927.5
1208	1208	1.517	стакан-марка-красная	8.1	31.8	порода-охристая	0.959	18.0	15.0	8.0	17.0	bbox	1207	52.1	52.1	52.1	321,497,7,9	135.0	39.4863260	73.5937820	4927.6
1209	1209	2.181	стакан-марка-красная	14.9	32.0	снег-освещённый	0.791	81.8	-3.0	6.0	6.7	bbox	1208	135.1	134.1	135.1	657,17,12,6	134.9	39.4863270	73.5937820	4927.5
1210	1210	1.275	стакан-марка-красная	10.0	7.1	снег-розовый	0.977	56.9	3.0	7.0	7.6	bbox	1209	62.1	62.1	63.1	623,647,14,12	134.8	39.4863270	73.5937830	4927.6
1211	1211	1.181	рюкзак-синий	5.7	26.5	снег-в-тени	0.770	65.3	-3.0	-10.0	10.4	bbox	1210	211.2	211.2	211.2	1543,88,10,6	134.6	39.4863280	73.5937840	4927.5
1212	1212	2.017	стакан-марка-красная	14.9	22.0	снег-розовый	0.827	71.8	-3.0	6.0	6.7	bbox	1211	132.1	132.1	132.1	1409,29,18,6	134.4	39.4863270	73.5937820	4927.5
1213	1213	0.969	стакан-марка-красная	6.3	15.7	порода-охристая	0.580	34.1	9.0	7.0	11.4	bbox	1212	210.2	210.2	210.2	1729,4,10,7	134.1	39.4863280	73.5937840	4927.5
1214	1214	1.187	рюкзак-синий	6.7	23.5	порода-в-тени	1.167	15.3	4.0	-8.0	8.9	bbox	1213	215.2	215.2	215.2	1741,99,12,10	133.8	39.4863280	73.5937840	4927.5
1215	1215	0.673	стакан-марка-красная	5.4	0.6	порода-охристая	0.798	50.4	9.0	6.0	10.8	bbox	1214	153.2	153.2	153.2	155,1073,12,7	133.7	39.4863280	73.5937840	4927.5
1216	1216	1.366	стакан-марка-красная	8.2	25.1	снег-в-тени	1.401	24.7	9.0	-7.0	11.4	bbox	1215	112.1	108.1	112.1	1679,771,5,9	133.6	39.4863260	73.5937820	4927.5
1217	1217	0.753	стакан-марка-красная	5.0	11.8	порода-охристая	0.839	38.0	8.0	5.0	9.4	bbox	1216	213.2	213.2	213.2	1479,334,7,9	133.6	39.4863280	73.5937840	4927.5
1218	1218	1.396	рюкзак-синий	6.1	32.7	порода-в-тени	1.635	6.1	6.0	-10.5	12.1	bbox	1217	205.2	205.2	205.2	55,771,7,8	133.5	39.4863270	73.5937840	4927.5
1219	1219	1.642	стакан-марка-красная	12.5	13.7	порода-охристая	0.658	36.1	16.0	12.5	20.3	bbox	1218	13.0	12.0	13.0	825,699,9,8	133.2	39.4863230	73.5937870	4927.6
1220	1220	1.281	рюкзак-синий	9.2	15.7	снег-в-тени	1.333	23.1	8.0	-8.0	11.3	bbox	1219	6.0	6.0	6.0	1873,165,8,8	133.0	39.4863200	73.5937890	4927.5
1221	1221	1.856	стакан-марка-красная	14.3	13.7	снег-розовый	0.945	63.5	-2.0	7.0	7.3	bbox	1220	130.1	130.1	130.1	655,99,20,8	133.0	39.4863270	73.5937810	4927.5
1222	1222	0.393	рюкзак-синий	1.4	9.8	снег-в-тени	0.910	48.6	2.0	-15.0	15.1	bbox	1221	220.2	220.2	221.2	1673,175,12,6	133.0	39.4863270	73.5937840	4927.5
1223	1223	1.252	рюкзак-синий	7.3	24.1	порода-в-тени	0.997	14.7	3.0	-7.0	7.6	bbox	1222	94.1	93.1	97.1	901,7,8,6	132.8	39.4863270	73.5937820	4927.5
1224	1224	2.423	стакан-марка-красная	18.0	24.9	снег-освещённый	1.097	74.7	-6.0	7.0	9.2	bbox	1223	128.1	128.1	129.1	107,87,8,10	132.8	39.4863270	73.5937810	4927.5
1225	1225	0.950	стакан-марка-красная	7.2	8.4	порода-охристая	0.715	41.4	7.0	7.0	9.9	bbox	1224	170.2	170.2	170.2	135,941,6,8	132.8	39.4863280	73.5937840	4927.5
1226	1226	0.571	стакан-марка-красная	3.6	9.8	снег-в-тени	1.358	40.0	8.0	-1.0	8.1	bbox	1225	53.1	53.1	53.1	950,379,9,8	132.6	39.4863260	73.5937820	4927.6
1227	1227	2.072	стакан-марка-красная	14.3	29.2	снег-розовый	0.802	79.0	-2.0	7.0	7.3	bbox	1226	112.1	108.1	112.1	1141,641,8,6	132.6	39.4863260	73.5937820	4927.5
1228	1228	2.332	стакан-марка-красная	14.7	40.2	снег-освещённый	0.802	90.0	-3.0	5.5	6.3	bbox	1227	130.1	130.1	130.1	505,195,18,4	132.6	39.4863270	73.5937810	4927.5
1229	1229	0.801	рюкзак-синий	5.4	12.1	снег-в-тени	0.852	26.7	3.0	-9.0	9.5	bbox	1228	70.1	70.1	70.1	659,157,11,5	132.4	39.4863290	73.5937830	4927.6
1230	1230	1.382	стакан-марка-красная	11.0	1.4	снег-в-тени	1.007	51.2	0.0	0.0	0.0	bbox	1229	102.1	101.1	103.1	300,98,8,7	132.4	39.4863260	73.5937810	4927.5
1231	1231	1.848	стакан-марка-красная	14.3	12.9	корка-жёлтая-на-скале	1.102	36.9	-2.0	7.0	7.3	bbox	1230	65.1	65.1	65.1	532,0,20,5	132.2	39.4863280	73.5937840	4927.6
1232	1232	1.909	рюкзак-синий	14.3	18.6	порода-в-тени	0.125	20.2	-2.0	0.0	2.0	bbox	1231	144.1	143.1	144.1	1771,957,10,14	132.0	39.4863290	73.5937840	4927.5
1233	1233	1.438	стакан-марка-красная	10.0	19.6	снег-розовый	0.405	69.4	1.0	0.0	1.0	bbox	1232	202.2	202.2	202.2	202,381,7,9	131.9	39.4863260	73.5937830	4927.4
1234	1234	2.069	палка-ручка-пробка	16.6	1.0	снег-розовый	0.902	76.7	-2.0	8.0	8.2	bbox	1233	11.0	8.0	11.0	1141,959,8,6	131.8	39.4863220	73.5937880	4927.6
1235	1235	1.848	стакан-марка-красная	14.3	12.9	снег-розовый	0.960	62.7	-2.0	7.0	7.3	bbox	1234	38.0	38.0	38.0	220,201,7,12	131.8	39.4863250	73.5937810	4927.6
1236	1236	1.883	стакан-марка-красная	12.6	28.6	снег-розовый	0.531	78.4	-1.0	5.0	5.1	bbox	1235	39.0	39.0	39.0	687,48,14,11	131.7	39.4863250	73.5937810	4927.6
1237	1237	0.868	стакан-марка-красная	5.0	16.9	порода-в-тени	1.217	32.9	7.0	-2.0	7.3	bbox	1236	10.0	10.0	10.0	225,1071,10,6	131.6	39.4863220	73.5937880	4927.6
1238	1238	1.132	рюкзак-синий	7.8	16.1	снег-в-тени	1.168	22.7	6.0	-8.0	10.0	bbox	1237	85.1	85.1	85.1	918,0,11,7	131.2	39.4863270	73.5937830	4927.5
1239	1239	2.294	стакан-марка-красная	16.6	27.3	снег-освещённый	0.861	77.1	-5.0	5.5	7.4	bbox	1238	203.2	203.2	203.2	751,51,12,4	131.2	39.4863260	73.5937830	4927.5
1240	1240	2.143	стакан-марка-красная	12.1	42.6	снег-розовый	0.768	92.4	0.0	6.0	6.0	bbox	1239	178.2	178.2	178.2	767,766,14,7	131.1	39.4863260	73.5937830	4927.5
1241	1241	2.129	стакан-марка-красная	13.6	35.9	снег-освещённый	0.661	85.7	-2.0	5.0	5.4	bbox	1240	73.1	73.1	73.1	407,383,4,10	130.8	39.4863290	73.5937830	4927.6
1242	1242	1.354	стакан-марка-красная	10.5	8.6	снег-розовый	0.886	58.4	2.0	6.5	6.8	bbox	1241	63.1	63.1	63.1	645,693,10,6	130.7	39.4863280	73.5937830	4927.6
1243	1243	2.258	стакан-марка-красная	15.8	30.6	снег-освещённый	0.839	80.4	-4.0	6.0	7.2	bbox	1242	47.0	47.0	47.0	409,459,8,12	130.6	39.4863250	73.5937820	4927.6
1244	1244	1.277	рюкзак-синий	7.0	26.1	порода-в-тени	0.882	12.7	1.0	-7.0	7.1	bbox	1243	111.1	111.1	111.1	49,1067,12,10	130.6	39.4863270	73.5937820	4927.5
1245	1245	0.430	стакан-марка-красная	2.0	9.8	порода-охристая	1.501	40.0	11.0	-1.0	11.0	bbox	1244	219.2	219.2	219.2	387,1047,8,6	130.5	39.4863280	73.5937840	4927.5
1246	1246	0.726	рюкзак-синий	5.4	7.6	снег-в-тени	0.619	31.2	-1.0	-9.0	9.1	bbox	1245	2.0	2.0	2.0	369,837,4,14	129.8	39.4863180	73.5937900	4927.5
1247	1247	0.521	стакан-марка-красная	4.1	2.2	снег-розовый	1.239	47.6	7.0	2.0	7.3	bbox	1246	150.2	150.2	151.2	0,997,15,4	129.6	39.4863280	73.5937850	4927.5
1248	1248	1.381	рюкзак-синий	10.0	16.4	снег-в-тени	1.811	22.4	11.0	-14.0	17.8	bbox	1247	39.0	39.0	39.0	0,854,3,11	129.4	39.4863250	73.5937810	4927.6
1249	1249	1.291	стакан-марка-красная	7.2	25.9	порода-охристая	0.876	23.9	15.0	7.0	16.6	bbox	1248	47.0	47.0	47.0	703,722,8,9	129.2	39.4863250	73.5937820	4927.6
1250	1250	1.495	рюкзак-синий	11.2	14.9	порода-в-тени	0.307	23.9	-1.0	-3.0	3.2	bbox	1249	106.1	106.1	106.1	78,616,8,6	129.0	39.4863270	73.5937820	4927.5
1251	1251	1.157	стакан-марка-красная	9.2	2.9	порода-охристая	0.584	52.7	9.0	10.0	13.5	bbox	1250	31.0	31.0	31.0	323,1018,4,10	128.7	39.4863240	73.5937820	4927.6
1252	1252	0.871	рюкзак-синий	6.5	8.8	снег-в-тени	1.359	30.0	7.5	-14.0	15.9	bbox	1251	38.0	38.0	38.0	63,805,4,9	128.7	39.4863250	73.5937810	4927.6
1253	1253	2.031	стакан-марка-красная	13.0	34.1	порода-в-тени	0.301	15.7	-2.0	1.0	2.2	bbox	1252	76.1	76.1	76.1	55,784,9,5	128.6	39.4863280	73.5937830	4927.6
1254	1254	1.077	стакан-марка-красная	8.6	1.8	порода-охристая	0.806	48.0	6.0	8.0	10.0	bbox	1253	2.0	2.0	2.0	0,583,9,6	128.3	39.4863180	73.5937900	4927.5
1255	1255	2.163	стакан-марка-красная	14.9	31.0	снег-освещённый	0.791	80.8	-3.0	6.0	6.7	bbox	1254	5.0	5.0	5.0	1861,183,4,10	128.3	39.4863190	73.5937890	4927.5
1256	1256	1.256	стакан-марка-красная	10.0	0.4	порода-охристая	0.439	50.2	10.0	11.0	14.9	bbox	1255	13.0	13.0	13.0	753,558,7,9	128.2	39.4863230	73.5937870	4927.6
1257	1257	1.255	рюкзак-синий	6.4	27.1	снег-в-тени	0.757	65.9	-3.0	-9.0	9.5	bbox	1256	220.2	220.2	220.2	1721,573,13,4	128.2	39.4863270	73.5937840	4927.5
1258	1258	2.242	стакан-марка-красная	17.3	17.1	снег-освещённый	0.943	66.9	-6.0	4.0	7.2	bbox	1257	27.0	27.0	27.0	105,725,8,6	128.1	39.4863240	73.5937840	4927.5
1259	1259	2.227	стакан-марка-красная	16.3	25.3	снег-освещённый	0.892	75.1	-4.5	6.0	7.5	bbox	1258	133.1	133.1	133.1	235,135,6,8	128.1	39.4863270	73.5937820	4927.5
1260	1260	1.139	рюкзак-синий	7.3	19.2	снег-в-тени	1.505	19.6	8.0	-12.0	14.4	bbox	1259	32.0	32.0	32.0	59,105,7,8	127.9	39.4863240	73.5937820	4927.6
1261	1261	0.775	рюкзак-синий	5.1	12.3	снег-в-тени	0.772	26.5	0.0	-9.0	9.0	bbox	1260	13.0	13.0	13.0	687,1074,10,6	127.4	39.4863230	73.5937870	4927.6
1262	1262	1.503	рюкзак-синий	11.2	15.5	порода-в-тени	0.298	23.3	-1.0	-3.0	3.2	bbox	1261	63.1	63.1	64.1	1174,1064,7,16	127.4	39.4863280	73.5937830	4927.6
1263	1263	1.229	рюкзак-синий	7.1	23.9	порода-в-тени	0.923	14.9	2.0	-7.0	7.3	bbox	1262	59.1	59.1	63.1	826,989,9,11	127.1	39.4863270	73.5937820	4927.6
1264	1264	1.428	рюкзак-синий	6.4	33.1	порода-в-тени	1.429	5.7	5.0	-9.0	10.3	bbox	1263	127.1	127.1	127.1	139,621,6,14	127.0	39.4863270	73.5937810	4927.4
1265	1265	1.325	рюкзак-синий	7.8	25.1	порода-в-тени	1.350	13.7	6.0	-8.0	10.0	bbox	1264	91.1	84.1	91.1	131,21,6,10	126.8	39.4863270	73.5937820	4927.5
1266	1266	1.914	стакан-марка-красная	12.2	32.6	снег-освещённый	0.137	82.4	-1.0	-1.0	1.4	bbox	1265	202.2	202.2	202.2	1321,1035,20,8	126.5	39.4863260	73.5937830	4927.4
1267	1267	0.781	рюкзак-синий	5.8	7.8	снег-в-тени	0.791	31.0	4.0	-9.0	9.8	bbox	1266	75.1	75.1	77.1	171,205,11,6	126.4	39.4863280	73.5937830	4927.6
1268	1268	1.436	стакан-марка-красная	8.6	26.7	порода-охристая	0.910	23.1	6.0	8.0	10.0	bbox	1267	203.2	203.2	203.2	315,1001,8,6	126.4	39.4863260	73.5937830	4927.5
1269	1269	1.941	стакан-марка-красная	12.0	34.5	порода-в-тени	0.334	15.3	-1.0	1.0	1.4	bbox	1268	34.0	34.0	34.0	1818,930,9,9	126.0	39.4863240	73.5937820	4927.6
1270	1270	1.982	стакан-марка-красная	13.0	31.8	снег-розовый	0.641	81.6	-1.0	6.0	6.1	bbox	1269	47.0	47.0	47.0	819,67,16,6	126.0	39.4863250	73.5937820	4927.6
1271	1271	1.181	рюкзак-синий	7.1	21.9	порода-в-тени	0.910	16.9	2.0	-7.0	7.3	bbox	1270	63.1	63.1	63.1	729,921,7,10	125.9	39.4863280	73.5937830	4927.6
1272	1272	2.166	стакан-марка-красная	15.3	28.2	снег-освещённый	0.818	78.0	-3.5	6.0	6.9	bbox	1271	5.0	5.0	5.0	1887,1055,10,6	125.7	39.4863190	73.5937890	4927.5
1273	1273	0.982	стакан-марка-красная	6.0	17.6	порода-охристая	0.964	32.2	15.5	5.0	16.3	bbox	1272	45.0	45.0	45.0	1092,837,13,4	125.7	39.4863250	73.5937810	4927.5
1274	1274	1.524	рюкзак-синий	11.2	17.0	снег-в-тени	1.665	21.8	11.0	-9.0	14.2	bbox	1273	46.0	46.0	46.0	505,593,8,8	125.4	39.4863250	73.5937810	4927.6
1275	1275	1.268	стакан-марка-красная	6.0	28.6	порода-охристая	0.793	21.2	11.0	7.0	13.0	bbox	1274	221.2	221.2	224.2	309,941,10,9	124.8	39.4863270	73.5937830	4927.5
1276	1276	2.112	стакан-марка-красная	14.0	32.9	порода-в-тени	0.415	16.9	-3.0	2.0	3.6	bbox	1275	222.2	222.2	222.2	1126,1013,9,6	124.7	39.4863270	73.5937830	4927.5
1277	1277	1.341	рюкзак-синий	9.0	20.4	снег-в-тени	1.943	18.4	9.5	-17.0	19.5	bbox	1276	51.1	47.0	51.1	5,209,4,10	124.5	39.4863260	73.5937820	4927.6
1278	1278	1.046	стакан-марка-красная	8.1	7.8	порода-охристая	0.638	42.0	15.0	8.0	17.0	bbox	1277	42.0	42.0	42.0	877,873,12,5	124.4	39.4863250	73.5937820	4927.6
1279	1279	2.001	рюкзак-синий	14.6	23.3	порода-в-тени	0.249	15.5	-3.0	0.0	3.0	bbox	1278	192.2	192.2	192.2	387,881,14,8	124.2	39.4863270	73.5937830	4927.5
1280	1280	1.199	рюкзак-синий	8.9	12.5	снег-в-тени	1.126	26.3	6.5	-7.0	9.6	bbox	1279	61.1	61.1	61.1	1091,0,10,9	124.1	39.4863270	73.5937830	4927.6
1281	1281	0.984	стакан-марка-красная	7.8	3.5	порода-охристая	0.962	53.3	6.0	7.0	9.2	bbox	1280	112.1	112.1	112.1	1747,794,5,7	124.0	39.4863260	73.5937820	4927.5
1282	1282	0.538	стакан-марка-красная	3.6	8.2	снег-в-тени	1.347	41.6	8.0	-1.0	8.1	bbox	1281	213.2	213.2	213.2	323,1059,8,6	123.9	39.4863280	73.5937840	4927.5
1283	1283	1.429	стакан-марка-красная	7.4	30.4	порода-в-тени	1.454	19.4	8.5	-6.0	10.4	bbox	1282	59.1	59.1	59.1	205,537,8,10	123.8	39.4863270	73.5937820	4927.6
1284	1284	0.952	рюкзак-синий	5.4	18.8	снег-в-тени	0.394	57.6	-1.0	-9.0	9.1	bbox	1283	112.1	112.1	112.1	1020,221,9,6	123.8	39.4863260	73.5937820	4927.5
1285	1285	2.252	стакан-марка-красная	12.6	44.9	снег-освещённый	0.798	94.7	-1.0	5.0	5.1	bbox	1284	12.0	12.0	12.0	768,701,17,4	123.6	39.4863220	73.5937870	4927.6
1286	1286	0.917	стакан-марка-красная	3.6	22.3	порода-в-тени	1.275	27.5	8.0	-1.0	8.1	bbox	1285	202.2	202.2	202.2	1377,17,6,10	123.4	39.4863260	73.5937830	4927.4
1287	1287	1.904	стакан-марка-красная	11.0	36.9	порода-в-тени	0.443	12.9	0.0	1.0	1.0	bbox	1286	219.2	219.2	223.2	1849,973,8,15	123.1	39.4863280	73.5937840	4927.5
1288	1288	1.398	стакан-марка-красная	11.2	0.4	снег-розовый	1.131	49.4	1.0	6.0	6.1	bbox	1287	35.0	35.0	35.0	762,97,9,8	123.0	39.4863240	73.5937820	4927.6
1289	1289	1.718	стакан-марка-красная	11.0	28.6	снег-освещённый	0.151	78.4	0.0	0.0	0.0	bbox	1288	207.2	207.2	207.2	283,88,6,7	123.0	39.4863270	73.5937840	4927.5
1290	1290	0.795	стакан-марка-красная	5.7	10.2	снег-в-тени	1.114	39.6	7.0	-3.0	7.6	bbox	1289	5.0	5.0	6.0	55,573,8,12	122.9	39.4863190	73.5937890	4927.5
1291	1291	1.080	рюкзак-синий	7.8	12.9	снег-в-тени	1.084	25.9	6.0	-8.0	10.0	bbox	1290	7.0	7.0	7.0	1898,1053,7,8	122.8	39.4863200	73.5937890	4927.6
1292	1292	0.948	рюкзак-синий	5.0	20.0	снег-в-тени	1.266	18.8	5.0	-11.0	12.1	bbox	1291	133.1	133.1	133.1	403,19,10,4	122.8	39.4863270	73.5937820	4927.5
1293	1293	2.340	стакан-марка-красная	14.9	39.8	снег-освещённый	0.851	89.6	-3.0	6.0	6.7	bbox	1292	36.0	36.0	36.0	688,51,19,4	122.5	39.4863240	73.5937810	4927.6
1294	1294	1.327	стакан-марка-красная	9.0	19.6	порода-охристая	0.758	30.2	16.0	8.5	18.1	bbox	1293	32.0	32.0	32.0	838,966,6,8	122.1	39.4863240	73.5937820	4927.6
1295	1295	0.561	рюкзак-синий	4.5	1.2	снег-в-тени	0.578	37.6	3.0	-10.0	10.4	bbox	1294	112.1	110.1	112.1	995,701,10,6	122.1	39.4863260	73.5937820	4927.5
1296	1296	0.694	рюкзак-синий	5.0	8.5	снег-в-тени	0.354	47.3	-2.0	-10.0	10.2	bbox	1295	203.2	203.2	203.2	451,0,4,10	122.1	39.4863260	73.5937830	4927.5
1297	1297	1.768	стакан-марка-красная	11.7	28.0	порода-в-тени	1.069	21.8	1.0	7.0	7.1	bbox	1296	111.1	111.1	111.1	1163,487,8,6	121.9	39.4863270	73.5937820	4927.5
1298	1298	2.120	палка-ручка-пробка	16.2	18.0	снег-розовый	1.017	93.7	-1.0	8.0	8.1	bbox	1297	112.1	112.1	112.1	195,977,6,6	121.8	39.4863260	73.5937820	4927.5
1299	1299	0.763	стакан-марка-красная	6.0	3.9	порода-охристая	0.567	45.9	11.0	7.0	13.0	bbox	1298	192.2	192.2	194.2	269,593,4,14	121.6	39.4863270	73.5937830	4927.5
1300	1300	1.860	стакан-марка-красная	12.5	28.0	снег-розовый	0.590	77.8	-0.5	6.0	6.0	bbox	1299	132.1	132.1	132.1	919,16,12,5	121.5	39.4863270	73.5937820	4927.5
1301	1301	1.555	рюкзак-синий	11.5	16.3	порода-в-тени	0.269	22.5	-2.5	-3.0	3.9	bbox	1300	105.1	105.1	105.1	1122,530,7,6	121.3	39.4863260	73.5937820	4927.5
1302	1302	2.153	стакан-марка-красная	15.5	26.1	снег-освещённый	0.750	75.9	-4.0	5.0	6.4	bbox	1301	70.1	70.1	70.1	581,129,10,6	120.8	39.4863290	73.5937830	4927.6
1303	1303	2.254	палка-ручка-пробка	18.0	0.4	снег-освещённый	1.131	76.1	-5.0	8.0	9.4	bbox	1302	42.0	42.0	42.0	785,0,6,5	120.4	39.4863250	73.5937820	4927.6
1304	1304	1.181	стакан-марка-красная	8.5	14.1	порода-охристая	0.461	35.7	14.0	9.0	16.6	bbox	1303	1.0	1.0	1.0	357,429,8,4	120.2	39.4863180	73.5937900	4927.5
1305	1305	1.768	стакан-марка-красная	5.8	45.1	порода-в-тени	1.153	4.7	6.0	-2.0	6.3	bbox	1304	206.2	206.2	206.2	178,322,5,11	120.2	39.4863270	73.5937840	4927.5
1306	1306	1.015	рюкзак-синий	8.1	3.3	снег-в-тени	0.774	35.5	5.0	-7.0	8.6	bbox	1305	134.1	134.1	134.1	543,273,8,8	120.1	39.4863270	73.5937820	4927.5
1307	1307	1.077	стакан-марка-красная	8.5	5.3	порода-охристая	0.927	44.5	5.0	7.0	8.6	bbox	1306	59.1	59.1	59.1	177,469,12,4	119.7	39.4863270	73.5937820	4927.6
1308	1308	1.866	стакан-марка-красная	13.0	25.7	порода-в-тени	0.283	24.1	-2.0	1.0	2.2	bbox	1307	102.1	101.1	104.1	209,851,9,6	119.6	39.4863260	73.5937810	4927.5
1309	1309	1.387	рюкзак-синий	8.1	26.6	снег-в-тени	1.700	12.2	8.5	-11.0	13.9	bbox	1308	47.0	47.0	47.0	251,915,4,8	119.3	39.4863250	73.5937820	4927.6
1310	1310	1.008	рюкзак-синий	5.0	22.1	снег-в-тени	1.245	16.7	4.0	-10.0	10.8	bbox	1309	134.1	134.1	134.1	155,165,6,8	119.3	39.4863270	73.5937820	4927.5
1311	1311	2.010	стакан-марка-красная	14.4	25.1	снег-розовый	0.759	74.9	-2.5	6.0	6.5	bbox	1310	78.1	75.1	78.1	1015,99,16,4	118.9	39.4863280	73.5937820	4927.6
1312	1312	1.151	стакан-марка-красная	8.9	7.6	порода-охристая	0.575	42.2	7.0	9.0	11.4	bbox	1311	2.0	2.0	2.0	585,1063,8,8	118.7	39.4863180	73.5937900	4927.5
1313	1313	1.317	стакан-марка-красная	10.3	7.8	снег-розовый	0.871	57.6	2.0	6.0	6.3	bbox	1312	161.2	161.2	161.2	1393,1023,16,4	118.7	39.4863280	73.5937830	4927.4
1314	1314	1.252	стакан-марка-красная	5.0	30.4	порода-охристая	1.215	19.4	15.0	4.0	15.5	bbox	1313	202.2	202.2	202.2	1401,891,5,8	118.5	39.4863260	73.5937830	4927.4
1315	1315	0.380	рюкзак-синий	3.0	1.7	снег-в-тени	0.551	37.1	1.0	-11.0	11.0	bbox	1314	40.0	40.0	40.0	47,755,10,12	118.4	39.4863250	73.5937810	4927.6
1316	1316	1.982	стакан-марка-красная	13.0	31.8	порода-в-тени	0.264	18.0	-2.0	1.0	2.2	bbox	1315	163.2	163.2	163.2	294,869,11,6	118.4	39.4863280	73.5937830	4927.5
1317	1317	1.571	стакан-марка-красная	12.5	3.3	корка-жёлтая-на-скале	1.018	53.1	0.0	7.0	7.0	bbox	1316	212.2	212.2	212.2	1753,917,6,6	118.3	39.4863280	73.5937840	4927.5
1318	1318	1.717	стакан-марка-красная	12.0	23.1	порода-в-тени	0.285	26.7	-1.0	0.0	1.0	bbox	1317	142.1	142.1	142.1	1663,1055,10,4	118.0	39.4863280	73.5937840	4927.5
1319	1319	0.766	рюкзак-синий	6.1	2.6	снег-в-тени	0.230	41.4	0.0	-8.0	8.0	bbox	1318	189.2	189.2	191.2	1185,381,8,6	118.0	39.4863260	73.5937830	4927.4
1320	1320	1.445	стакан-марка-красная	5.7	35.3	порода-в-тени	1.171	14.5	7.0	-3.0	7.6	bbox	1319	142.1	142.1	143.1	1304,166,9,7	117.7	39.4863280	73.5937840	4927.5
1321	1321	1.857	стакан-марка-красная	13.5	22.0	снег-розовый	0.839	71.8	-0.5	8.0	8.0	bbox	1320	27.0	27.0	27.0	575,751,6,14	117.6	39.4863240	73.5937840	4927.5
1322	1322	1.127	стакан-марка-красная	9.0	1.0	порода-охристая	0.609	50.8	8.0	9.5	12.4	bbox	1321	12.0	12.0	12.0	555,506,12,5	117.5	39.4863220	73.5937870	4927.6
1323	1323	2.002	стакан-марка-красная	11.0	40.6	порода-в-тени	0.488	9.2	0.0	0.0	0.0	bbox	1322	144.1	144.1	144.1	1912,987,8,9	117.5	39.4863290	73.5937840	4927.5
1324	1324	1.159	рюкзак-синий	6.7	22.3	снег-в-тени	1.360	16.5	6.0	-9.5	11.2	bbox	1323	202.2	202.2	202.2	103,1013,4,14	117.5	39.4863260	73.5937830	4927.4
1325	1325	1.243	стакан-марка-красная	7.8	21.6	порода-охристая	0.879	28.2	6.0	7.0	9.2	bbox	1324	5.0	5.0	5.0	884,325,7,14	117.1	39.4863190	73.5937890	4927.5
1326	1326	2.058	стакан-марка-красная	14.3	28.4	снег-освещённый	0.566	78.2	-3.0	4.0	5.0	bbox	1325	140.1	139.1	140.1	681,50,12,5	117.0	39.4863280	73.5937830	4927.5
1327	1327	1.187	рюкзак-синий	4.9	28.4	снег-в-тени	1.584	10.4	5.5	-12.0	13.2	bbox	1326	6.0	6.0	6.0	1826,0,9,4	116.9	39.4863200	73.5937890	4927.5
1328	1328	2.728	крышка-бирюзовая	19.2	36.1	снег-пересвеченный	0.801	90.2	-8.0	2.0	8.2	bbox	1327	78.1	78.1	78.1	0,993,3,10	116.7	39.4863280	73.5937820	4927.6
1329	1329	1.180	рюкзак-синий	8.9	10.6	снег-в-тени	1.348	28.2	9.0	-10.0	13.5	bbox	1328	50.1	50.1	50.1	992,105,11,4	116.6	39.4863260	73.5937820	4927.6
1330	1330	1.733	стакан-марка-красная	13.6	9.4	снег-розовый	0.906	59.2	-2.0	5.0	5.4	bbox	1329	83.1	83.1	86.1	1055,220,12,3	116.6	39.4863270	73.5937820	4927.5
1331	1331	2.653	стакан-марка-красная	17.0	44.3	снег-пересвеченный	0.468	94.1	-6.0	0.0	6.0	bbox	1330	205.2	205.2	205.2	1682,431,8,6	116.6	39.4863270	73.5937840	4927.5
1332	1332	1.512	стакан-марка-красная	12.1	1.2	корка-жёлтая-на-скале	1.002	48.6	0.5	7.0	7.0	bbox	1331	85.1	85.1	85.1	1289,73,14,4	116.3	39.4863270	73.5937830	4927.5
1333	1333	1.077	стакан-марка-красная	8.6	1.6	порода-охристая	0.864	51.4	6.0	8.0	10.0	bbox	1332	191.2	191.2	191.2	363,444,7,7	116.3	39.4863260	73.5937830	4927.4
1334	1334	1.058	рюкзак-синий	7.0	16.6	снег-в-тени	1.550	22.2	8.0	-14.0	16.1	bbox	1333	42.0	42.0	43.0	141,85,6,8	116.2	39.4863250	73.5937820	4927.6
1335	1335	2.044	стакан-марка-красная	15.7	16.1	снег-розовый	1.019	65.9	-3.5	7.0	7.8	bbox	1334	59.1	59.1	59.1	565,127,16,6	116.2	39.4863270	73.5937820	4927.6
1336	1336	0.642	рюкзак-синий	4.7	7.1	снег-в-тени	0.509	45.9	3.5	-10.0	10.6	bbox	1335	32.0	32.0	32.0	509,173,10,5	115.6	39.4863240	73.5937820	4927.6
1337	1337	0.897	рюкзак-синий	7.1	4.3	снег-в-тени	0.896	34.5	6.0	-9.0	10.8	bbox	1336	31.0	31.0	31.0	541,457,8,11	115.4	39.4863240	73.5937820	4927.6
1338	1338	2.025	палка-ручка-пробка	16.1	5.5	снег-розовый	1.083	81.2	-3.0	9.0	9.5	bbox	1337	47.0	47.0	47.0	747,77,18,2	115.2	39.4863250	73.5937820	4927.6
1339	1339	1.370	стакан-марка-красная	9.8	16.9	порода-охристая	0.551	32.9	15.0	10.0	18.0	bbox	1338	12.0	12.0	12.0	771,623,7,10	114.9	39.4863220	73.5937870	4927.6
1340	1340	2.098	стакан-марка-красная	14.6	29.2	снег-освещённый	0.676	79.0	-3.0	5.0	5.8	bbox	1339	70.1	70.1	70.1	1007,65,18,4	114.8	39.4863290	73.5937830	4927.6
1341	1341	1.089	стакан-марка-красная	3.0	28.6	порода-в-тени	1.275	21.2	8.0	1.0	8.1	bbox	1340	207.2	207.2	207.2	0,1048,9,7	114.6	39.4863270	73.5937840	4927.5
1342	1342	2.190	палка-ручка-пробка	17.4	5.7	снег-розовый	0.939	81.4	-3.0	7.5	8.1	bbox	1341	129.1	129.1	129.1	477,151,8,8	114.4	39.4863270	73.5937810	4927.5
1343	1343	1.186	стакан-марка-красная	9.2	7.8	порода-охристая	1.016	42.0	4.0	7.0	8.1	bbox	1342	86.1	85.1	86.1	1181,30,8,5	114.2	39.4863270	73.5937830	4927.5
1344	1344	1.066	стакан-марка-красная	7.0	17.1	снег-в-тени	1.497	32.7	11.0	-6.0	12.5	bbox	1343	46.0	45.0	46.0	25,959,6,12	113.8	39.4863250	73.5937810	4927.6
1345	1345	2.155	стакан-марка-красная	12.0	43.3	порода-в-тени	0.571	6.5	-1.0	1.0	1.4	bbox	1344	145.1	145.1	147.1	13,962,8,13	113.8	39.4863290	73.5937840	4927.5
1346	1346	2.070	рюкзак-синий	14.6	27.6	порода-в-тени	0.374	11.2	-3.0	0.0	3.0	bbox	1345	218.2	217.2	218.2	242,1027,8,8	113.4	39.4863280	73.5937840	4927.5
1347	1347	1.417	рюкзак-синий	6.6	32.3	порода-в-тени	1.076	6.5	2.0	-7.5	7.8	bbox	1346	89.1	89.1	90.1	194,382,7,10	113.2	39.4863270	73.5937830	4927.5
1348	1348	1.532	рюкзак-синий	8.6	30.6	порода-в-тени	1.323	8.2	6.0	-7.0	9.2	bbox	1347	205.2	205.2	205.2	345,805,5,8	112.8	39.4863270	73.5937840	4927.5
1349	1349	0.964	рюкзак-синий	7.1	10.8	снег-в-тени	1.505	28.0	8.0	-15.0	17.0	bbox	1348	42.0	42.0	42.0	19,607,4,10	112.7	39.4863250	73.5937820	4927.6
1350	1350	1.136	рюкзак-синий	7.8	16.3	снег-в-тени	1.263	22.5	7.0	-9.0	11.4	bbox	1349	45.0	45.0	45.0	129,685,4,10	112.4	39.4863250	73.5937810	4927.5
1351	1351	1.828	стакан-марка-красная	11.0	33.5	порода-в-тени	0.316	16.3	0.0	0.0	0.0	bbox	1350	45.0	45.0	45.0	1614,985,11,8	112.2	39.4863250	73.5937810	4927.5
1352	1352	0.564	рюкзак-синий	4.0	7.3	снег-в-тени	0.286	46.1	1.0	-10.0	10.0	bbox	1351	132.1	132.1	132.1	33,0,6,7	112.1	39.4863270	73.5937820	4927.5
1353	1353	1.789	палка-древко-контроль	14.1	7.7	порода-в-тени	0.695	33.9	-6.0	-1.0	6.1	bbox	1352	190.2	190.2	190.2	170,11,5,10	112.1	39.4863260	73.5937830	4927.4
1354	1354	0.953	стакан-марка-красная	3.6	23.5	порода-в-тени	1.267	26.3	8.0	-1.0	8.1	bbox	1353	111.1	111.1	111.1	377,881,9,4	111.9	39.4863270	73.5937820	4927.5
1355	1355	0.791	стакан-марка-красная	6.3	0.6	порода-охристая	0.679	49.2	9.0	7.0	11.4	bbox	1354	154.2	152.2	154.2	173,837,8,5	111.6	39.4863280	73.5937840	4927.5
1356	1356	2.580	стакан-марка-красная	16.1	45.1	снег-пересвеченный	0.319	94.9	-5.0	-1.0	5.1	bbox	1355	75.1	75.1	75.1	540,498,5,8	110.7	39.4863280	73.5937830	4927.6
1357	1357	1.829	стакан-марка-красная	14.3	10.6	корка-жёлтая-на-скале	1.075	39.2	-2.0	7.0	7.3	bbox	1356	109.1	109.1	109.1	617,391,6,4	110.4	39.4863270	73.5937820	4927.5
1358	1358	1.230	стакан-марка-красная	6.1	27.1	порода-охристая	0.760	22.7	10.0	7.0	12.2	bbox	1357	6.0	6.0	6.0	943,665,6,8	110.1	39.4863200	73.5937890	4927.5
1359	1359	2.188	палка-ручка-пробка	17.2	10.6	снег-розовый	1.064	86.3	-3.5	8.0	8.7	bbox	1358	4.0	4.0	5.0	979,887,4,8	109.5	39.4863190	73.5937890	4927.5
1360	1360	2.096	рюкзак-синий	14.3	30.6	порода-в-тени	0.452	8.2	-2.0	0.0	2.0	bbox	1359	148.1	147.1	148.1	105,823,10,11	109.2	39.4863290	73.5937850	4927.5
1361	1361	1.212	стакан-марка-красная	8.6	15.7	порода-охристая	0.745	34.1	6.0	8.0	10.0	bbox	1360	209.2	209.2	210.2	1421,77,6,8	109.0	39.4863280	73.5937840	4927.5
1362	1362	1.459	рюкзак-синий	9.3	24.7	порода-в-тени	1.285	14.1	6.5	-6.5	9.2	bbox	1361	12.0	12.0	12.0	1844,905,7,4	108.7	39.4863220	73.5937870	4927.6
1363	1363	1.658	рюкзак-синий	11.4	23.7	снег-в-тени	2.209	15.1	12.0	-17.0	20.8	bbox	1362	32.0	32.0	32.0	48,765,3,10	108.1	39.4863240	73.5937820	4927.6
1364	1364	0.950	стакан-марка-красная	2.8	24.7	порода-охристая	1.135	25.1	9.0	3.0	9.5	bbox	1363	207.2	207.2	207.2	70,1042,11,5	108.1	39.4863270	73.5937840	4927.5
1365	1365	1.845	стакан-марка-красная	14.3	12.6	снег-розовый	0.968	62.4	-2.0	7.0	7.3	bbox	1364	8.0	8.0	8.0	1683,623,6,7	107.8	39.4863210	73.5937880	4927.6
1366	1366	2.160	стакан-марка-красная	15.1	29.2	порода-в-тени	0.559	20.6	-4.0	3.0	5.0	bbox	1365	162.2	162.2	162.2	323,1061,13,4	107.7	39.4863280	73.5937830	4927.4
1367	1367	0.940	рюкзак-синий	7.3	6.6	снег-в-тени	0.684	32.2	3.0	-7.0	7.6	bbox	1366	111.1	111.1	111.1	1567,713,6,6	107.5	39.4863270	73.5937820	4927.5
1368	1368	1.360	рюкзак-синий	6.7	30.0	порода-в-тени	1.224	8.8	4.0	-8.0	8.9	bbox	1367	74.1	74.1	74.1	493,514,6,7	107.4	39.4863290	73.5937830	4927.6
1369	1369	1.393	стакан-марка-красная	4.2	36.1	порода-в-тени	1.279	13.7	8.0	-2.0	8.2	bbox	1368	144.1	143.1	144.1	1803,161,6,6	106.3	39.4863290	73.5937840	4927.5
1370	1370	0.937	стакан-марка-красная	2.8	24.3	порода-в-тени	1.387	25.5	9.0	-1.0	9.1	bbox	1369	4.0	4.0	4.0	1833,793,8,6	106.2	39.4863190	73.5937890	4927.5
1371	1371	0.546	стакан-марка-красная	4.0	5.9	порода-охристая	0.873	43.9	9.0	4.5	10.1	bbox	1370	8.0	8.0	8.0	846,1023,5,10	106.2	39.4863210	73.5937880	4927.6
1372	1372	1.771	палка-древко-контроль	14.0	6.7	порода-в-тени	0.812	34.9	-7.0	-1.0	7.1	bbox	1371	217.2	217.2	217.2	67,985,4,8	106.1	39.4863280	73.5937840	4927.5
1373	1373	1.369	рюкзак-синий	8.7	23.1	порода-в-тени	0.600	15.7	-1.0	-5.5	5.6	bbox	1372	101.1	93.1	101.1	886,121,4,10	105.7	39.4863260	73.5937820	4927.5
1374	1374	1.945	рюкзак-синий	12.0	34.5	порода-в-тени	0.639	4.3	0.0	-2.0	2.0	bbox	1373	68.1	68.1	68.1	1345,861,10,4	105.5	39.4863290	73.5937840	4927.6
1375	1375	2.264	палка-ручка-пробка	17.5	16.8	снег-розовый	0.962	92.5	-2.0	7.0	7.3	bbox	1374	4.0	4.0	4.0	927,945,6,6	105.4	39.4863190	73.5937890	4927.5
1376	1376	1.718	стакан-марка-красная	13.2	13.9	порода-охристая	0.460	35.9	13.0	14.0	19.1	bbox	1375	42.0	42.0	42.0	397,697,8,4	105.4	39.4863250	73.5937820	4927.6
1377	1377	1.773	рюкзак-синий	11.0	31.2	порода-в-тени	0.577	7.6	0.0	-3.0	3.0	bbox	1376	83.1	83.1	83.1	1543,243,4,15	105.4	39.4863270	73.5937820	4927.5
1378	1378	2.004	рюкзак-синий	14.3	25.3	порода-в-тени	0.275	13.5	-2.0	0.0	2.0	bbox	1377	93.1	93.1	93.1	1859,59,11,12	105.4	39.4863270	73.5937820	4927.5
1379	1379	1.186	стакан-марка-красная	7.6	19.8	порода-охристая	0.609	30.0	8.0	8.0	11.3	bbox	1378	212.2	212.2	212.2	1313,255,8,4	105.4	39.4863280	73.5937840	4927.5
1380	1380	0.421	рюкзак-синий	3.4	1.2	снег-в-тени	1.184	37.6	-0.5	-17.0	17.0	bbox	1379	8.0	8.0	8.0	177,4,8,5	105.1	39.4863210	73.5937880	4927.6
1381	1381	1.200	стакан-марка-красная	8.2	17.4	снег-в-тени	0.982	32.4	6.0	-5.5	8.1	bbox	1380	32.0	32.0	32.0	697,189,7,10	104.6	39.4863240	73.5937820	4927.6
1382	1382	0.882	рюкзак-синий	5.8	13.9	снег-в-тени	1.171	24.9	6.0	-11.0	12.5	bbox	1381	42.0	42.0	42.0	467,641,4,8	104.6	39.4863250	73.5937820	4927.6
1383	1383	1.999	рюкзак-синий	12.0	36.8	порода-в-тени	0.715	2.0	0.0	-2.0	2.0	bbox	1382	159.2	159.2	159.2	38,981,7,6	104.5	39.4863280	73.5937840	4927.5
1384	1384	0.944	стакан-марка-красная	6.0	16.1	порода-охристая	0.527	33.7	11.0	7.0	13.0	bbox	1383	222.2	222.2	223.2	365,567,10,4	104.2	39.4863270	73.5937830	4927.5
1385	1385	2.057	рюкзак-синий	14.3	28.4	порода-в-тени	0.379	10.4	-2.0	0.0	2.0	bbox	1384	192.2	191.2	192.2	633,845,10,6	104.1	39.4863270	73.5937830	4927.5
1386	1386	1.082	рюкзак-синий	5.0	24.7	снег-в-тени	0.664	63.5	-2.0	-10.0	10.2	bbox	1385	221.2	217.2	225.2	1647,439,9,5	104.1	39.4863270	73.5937830	4927.5
1387	1387	0.993	рюкзак-синий	6.3	16.8	порода-в-тени	0.886	22.0	-1.0	-8.0	8.1	bbox	1386	225.2	224.2	225.2	1734,573,7,7	103.7	39.4863270	73.5937830	4927.5
1388	1388	2.150	стакан-марка-красная	13.9	35.3	снег-розовый	0.756	85.1	-2.0	6.0	6.3	bbox	1387	53.1	53.1	53.1	569,281,16,8	103.5	39.4863260	73.5937820	4927.6
1389	1389	2.041	стакан-марка-красная	15.4	18.6	снег-розовый	0.985	68.4	-3.0	7.5	8.1	bbox	1388	215.2	215.2	215.2	1805,567,6,6	103.4	39.4863280	73.5937840	4927.5
1390	1390	1.573	стакан-марка-красная	8.6	32.2	порода-охристая	1.040	17.6	6.0	8.0	10.0	bbox	1389	205.2	205.2	205.2	1691,1059,12,6	103.3	39.4863270	73.5937840	4927.5
1391	1391	2.244	стакан-марка-красная	13.0	43.3	снег-розовый	0.836	93.1	-1.0	6.0	6.1	bbox	1390	46.0	46.0	46.0	897,89,14,8	103.1	39.4863250	73.5937810	4927.6
1392	1392	1.461	рюкзак-синий	10.0	21.2	порода-в-тени	1.291	17.6	7.0	-6.0	9.2	bbox	1391	8.0	8.0	8.0	1895,517,10,4	102.8	39.4863210	73.5937880	4927.6
1393	1393	1.533	рюкзак-синий	11.2	17.6	порода-в-тени	0.281	21.2	-1.0	-3.0	3.2	bbox	1392	141.1	141.1	143.1	1465,969,13,6	102.7	39.4863280	73.5937840	4927.5
1394	1394	1.181	рюкзак-синий	5.0	28.1	снег-в-тени	0.767	66.9	-2.0	-10.0	10.2	bbox	1393	214.2	214.2	214.2	181,129,8,6	102.6	39.4863280	73.5937840	4927.5
1395	1395	1.241	стакан-марка-красная	6.1	27.4	порода-охристая	0.771	22.4	12.0	7.0	13.9	bbox	1394	224.2	224.2	224.2	1115,1014,6,11	102.6	39.4863270	73.5937830	4927.5
1396	1396	0.496	рюкзак-синий	3.8	3.9	снег-в-тени	1.275	34.9	-0.5	-17.5	17.5	bbox	1395	8.0	8.0	8.0	65,537,8,8	102.5	39.4863210	73.5937880	4927.6
1397	1397	1.169	стакан-марка-красная	6.7	22.7	порода-в-тени	1.074	27.1	6.0	-3.5	6.9	bbox	1396	111.1	110.1	111.1	220,843,13,4	102.1	39.4863270	73.5937820	4927.5
1398	1398	0.647	стакан-марка-красная	5.1	3.1	порода-охристая	0.702	46.7	10.0	6.0	11.7	bbox	1397	219.2	218.2	221.2	1554,315,5,8	102.1	39.4863280	73.5937840	4927.5
1399	1399	1.472	рюкзак-синий	4.2	38.5	снег-пересвеченный	1.136	77.3	-2.0	-11.0	11.2	bbox	1398	10.0	10.0	10.0	151,641,12,8	102.0	39.4863220	73.5937880	4927.6
1400	1400	0.868	рюкзак-синий	6.9	0.0	снег-в-тени	0.448	38.8	-2.5	-8.0	8.4	bbox	1399	140.1	140.1	140.1	155,9,15,2	101.6	39.4863280	73.5937830	4927.5
1401	1401	1.800	стакан-марка-красная	12.0	27.6	порода-в-тени	0.188	22.2	-1.0	0.0	1.0	bbox	1400	90.1	90.1	90.1	57,919,7,8	101.4	39.4863270	73.5937820	4927.5
1402	1402	1.009	стакан-марка-красная	2.8	26.5	порода-в-тени	1.379	23.3	9.0	-1.0	9.1	bbox	1401	150.2	148.1	150.2	1477,421,12,6	101.2	39.4863280	73.5937850	4927.5
1403	1403	2.064	рюкзак-синий	14.6	27.2	порода-в-тени	0.362	11.6	-3.0	0.0	3.0	bbox	1402	156.2	153.2	156.2	169,889,8,9	101.1	39.4863280	73.5937840	4927.5
1404	1404	1.114	стакан-марка-красная	2.2	30.2	порода-в-тени	1.500	19.6	10.0	-1.0	10.0	bbox	1403	207.2	207.2	207.2	233,829,8,4	101.1	39.4863270	73.5937840	4927.5
1405	1405	2.127	палка-древко-контроль	14.0	33.7	снег-пересвеченный	0.708	75.3	-7.0	-1.0	7.1	bbox	1404	222.2	222.2	222.2	1734,1031,11,6	100.6	39.4863270	73.5937830	4927.5
1406	1406	1.573	стакан-марка-красная	8.6	32.2	порода-охристая	1.040	17.6	6.0	8.0	10.0	bbox	1405	205.2	205.2	205.2	1795,281,8,6	100.4	39.4863270	73.5937840	4927.5
1407	1407	1.480	рюкзак-синий	7.6	31.7	порода-в-тени	1.163	7.1	4.0	-7.0	8.1	bbox	1406	93.1	92.1	95.1	128,84,5,7	100.3	39.4863270	73.5937820	4927.5
1408	1408	1.197	рюкзак-синий	8.1	18.0	порода-в-тени	1.018	20.8	4.0	-6.5	7.6	bbox	1407	10.0	10.0	10.0	41,935,6,6	99.6	39.4863220	73.5937880	4927.6
1409	1409	0.913	рюкзак-синий	7.1	6.4	снег-в-тени	0.939	32.4	6.0	-9.0	10.8	bbox	1408	139.1	139.1	139.1	999,3,6,6	99.4	39.4863280	73.5937830	4927.5
1410	1410	1.786	рюкзак-синий	11.2	31.2	порода-в-тени	0.534	7.6	-1.0	-3.0	3.2	bbox	1409	87.1	86.1	87.1	1907,425,8,14	99.1	39.4863270	73.5937830	4927.5
1411	1411	1.479	рюкзак-синий	9.0	26.8	порода-в-тени	1.250	12.0	6.0	-6.5	8.8	bbox	1410	3.0	3.0	3.0	502,547,7,6	98.3	39.4863190	73.5937890	4927.5
1412	1412	1.207	рюкзак-синий	8.5	16.1	снег-в-тени	1.107	22.7	5.0	-6.5	8.2	bbox	1411	149.1	147.1	150.2	1903,901,6,8	98.2	39.4863290	73.5937850	4927.5
1413	1413	2.086	рюкзак-синий	13.0	36.4	порода-в-тени	0.691	2.4	0.0	-1.0	1.0	bbox	1412	71.1	71.1	71.1	1893,913,6,6	98.0	39.4863290	73.5937830	4927.6
1414	1414	1.133	рюкзак-синий	7.5	17.8	снег-в-тени	1.179	21.0	5.5	-8.0	9.7	bbox	1413	83.1	83.1	83.1	115,1033,7,8	98.0	39.4863270	73.5937820	4927.5
1415	1415	1.256	рюкзак-синий	8.9	16.1	порода-в-тени	1.079	22.7	5.0	-6.0	7.8	bbox	1414	7.0	7.0	7.0	1628,207,13,3	97.8	39.4863200	73.5937890	4927.6
1416	1416	0.813	рюкзак-синий	5.4	12.8	снег-в-тени	0.222	51.6	-1.0	-9.0	9.1	bbox	1415	9.0	9.0	9.0	1825,573,8,6	97.8	39.4863210	73.5937880	4927.6
1417	1417	2.120	рюкзак-синий	15.5	23.9	порода-в-тени	0.342	14.9	-3.0	1.0	3.2	bbox	1416	225.2	225.2	225.2	1149,1075,9,5	97.7	39.4863270	73.5937830	4927.5
1418	1418	1.836	стакан-марка-красная	11.2	33.3	снег-розовый	0.552	83.1	1.0	6.0	6.1	bbox	1417	193.2	193.2	193.2	797,97,12,2	97.3	39.4863270	73.5937820	4927.4
1419	1419	1.730	рюкзак-синий	10.3	32.5	порода-в-тени	1.513	6.3	8.0	-6.5	10.3	bbox	1418	205.2	205.2	205.2	447,181,5,8	97.2	39.4863270	73.5937840	4927.5
1420	1420	0.904	рюкзак-синий	5.9	14.9	снег-в-тени	0.864	23.9	-1.0	-8.5	8.6	bbox	1419	225.2	225.2	225.2	1642,105,4,16	96.7	39.4863270	73.5937830	4927.5
1421	1421	0.961	рюкзак-синий	5.4	19.2	порода-в-тени	1.008	19.6	-1.0	-9.0	9.1	bbox	1420	225.2	222.2	225.2	639,827,6,8	96.4	39.4863270	73.5937830	4927.5
1422	1422	1.370	рюкзак-синий	9.6	18.8	снег-в-тени	1.371	20.0	7.5	-7.0	10.3	bbox	1421	110.1	108.1	110.1	1240,455,7,4	96.3	39.4863260	73.5937820	4927.5
1423	1423	0.674	стакан-марка-красная	5.0	7.1	порода-охристая	0.853	42.7	8.0	5.0	9.4	bbox	1422	213.2	213.2	213.2	81,1050,4,7	95.8	39.4863280	73.5937840	4927.5
1424	1424	1.279	стакан-марка-красная	10.0	6.7	порода-в-тени	0.970	43.1	1.0	2.0	2.2	bbox	1423	218.2	218.2	218.2	933,658,7,7	95.8	39.4863280	73.5937840	4927.5
1425	1425	1.218	рюкзак-синий	7.8	20.4	снег-в-тени	1.372	18.4	7.0	-9.0	11.4	bbox	1424	75.1	75.1	75.1	461,285,6,8	95.7	39.4863280	73.5937830	4927.6
1426	1426	1.319	стакан-марка-красная	9.2	18.2	порода-охристая	0.662	31.6	6.5	9.0	11.1	bbox	1425	139.1	139.1	139.1	1091,21,14,2	95.6	39.4863280	73.5937830	4927.5
1427	1427	0.769	стакан-марка-красная	5.0	12.6	снег-розовый	1.000	62.4	8.0	5.0	9.4	bbox	1426	190.2	190.2	190.2	580,0,5,8	95.6	39.4863260	73.5937830	4927.4
1428	1428	1.278	рюкзак-синий	10.0	6.6	снег-в-тени	2.077	32.2	0.0	-24.0	24.0	bbox	1427	8.0	8.0	8.0	161,449,2,16	95.4	39.4863210	73.5937880	4927.6
1429	1429	0.776	рюкзак-синий	5.4	10.8	снег-в-тени	0.188	49.6	-1.0	-9.0	9.1	bbox	1428	7.0	7.0	7.0	321,205,8,4	95.2	39.4863200	73.5937890	4927.6
1430	1430	0.543	рюкзак-синий	3.0	11.0	снег-в-тени	1.134	49.8	1.0	-17.0	17.0	bbox	1429	211.2	211.2	211.2	1494,197,9,7	95.2	39.4863280	73.5937840	4927.5
1431	1431	0.777	стакан-марка-красная	5.0	12.9	снег-в-тени	1.242	36.9	8.0	-3.0	8.5	bbox	1430	214.2	214.2	214.2	36,917,5,8	95.0	39.4863280	73.5937840	4927.5
1432	1432	1.032	стакан-марка-красная	8.1	6.3	порода-охристая	0.651	43.5	7.0	8.0	10.6	bbox	1431	155.2	155.2	155.2	1879,541,6,4	94.7	39.4863280	73.5937840	4927.5
1433	1433	0.553	рюкзак-синий	2.2	13.4	снег-в-тени	1.012	52.2	0.0	-16.0	16.0	bbox	1432	211.2	211.2	211.2	1561,171,8,6	94.7	39.4863280	73.5937840	4927.5
1434	1434	1.144	рюкзак-синий	7.2	20.0	порода-в-тени	0.775	18.8	-0.5	-7.0	7.0	bbox	1433	93.1	93.1	97.1	1617,165,8,4	94.5	39.4863270	73.5937820	4927.5
1435	1435	0.989	стакан-марка-красная	6.0	18.0	порода-охристая	0.553	31.8	11.0	7.0	13.0	bbox	1434	153.2	152.2	153.2	1774,713,3,12	94.1	39.4863280	73.5937840	4927.5
1436	1436	1.001	рюкзак-синий	6.4	16.8	снег-в-тени	1.122	22.0	5.0	-9.0	10.3	bbox	1435	78.1	78.1	78.1	541,65,12,4	93.5	39.4863280	73.5937820	4927.6
1437	1437	1.400	рюкзак-синий	7.3	29.8	порода-в-тени	1.058	9.0	3.0	-7.0	7.6	bbox	1436	145.1	145.1	147.1	1883,1045,6,4	93.5	39.4863290	73.5937840	4927.5
1438	1438	0.575	стакан-марка-красная	3.6	10.0	снег-в-тени	1.382	39.8	9.0	-2.0	9.2	bbox	1437	139.1	139.1	139.1	1250,21,11,4	93.3	39.4863280	73.5937830	4927.5
1439	1439	0.381	рюкзак-синий	2.8	3.9	снег-в-тени	1.024	42.7	-1.0	-16.0	16.0	bbox	1438	9.0	9.0	9.0	95,433,8,8	93.0	39.4863210	73.5937880	4927.6
1440	1440	1.902	стакан-марка-красная	13.4	25.1	порода-в-тени	1.019	24.7	-1.0	7.0	7.1	bbox	1439	9.0	9.0	9.0	1367,755,6,4	93.0	39.4863210	73.5937880	4927.6
1441	1441	0.934	рюкзак-синий	6.7	11.5	снег-в-тени	0.888	27.3	4.0	-8.0	8.9	bbox	1440	145.1	145.1	145.1	1879,72,4,7	92.9	39.4863290	73.5937840	4927.5
1442	1442	1.044	рюкзак-синий	6.7	17.4	снег-в-тени	1.068	21.4	4.0	-8.0	8.9	bbox	1441	91.1	91.1	91.1	571,147,8,5	92.8	39.4863270	73.5937820	4927.5
1443	1443	1.481	рюкзак-синий	9.4	25.1	порода-в-тени	1.203	13.7	6.0	-6.0	8.5	bbox	1442	85.1	85.1	85.1	847,0,6,7	92.7	39.4863270	73.5937830	4927.5
1444	1444	1.940	стакан-марка-красная	14.6	18.8	снег-розовый	0.796	68.6	-3.0	5.0	5.8	bbox	1443	78.1	77.1	78.1	529,169,8,4	92.5	39.4863280	73.5937820	4927.6
1445	1445	1.283	стакан-марка-красная	5.4	30.6	порода-в-тени	1.426	19.2	9.0	-4.0	9.8	bbox	1444	84.1	84.1	84.1	793,77,8,6	92.5	39.4863270	73.5937820	4927.5
1446	1446	1.330	стакан-марка-красная	8.1	24.3	снег-в-тени	1.210	25.5	7.0	-6.0	9.2	bbox	1445	146.1	146.1	148.1	1817,1013,5,6	92.3	39.4863290	73.5937850	4927.5
1447	1447	1.215	рюкзак-синий	7.6	21.2	порода-в-тени	1.065	17.6	4.0	-7.0	8.1	bbox	1446	89.1	89.1	89.1	753,25,8,8	92.2	39.4863270	73.5937830	4927.5
1448	1448	2.427	стакан-марка-красная	14.3	45.9	снег-пересвеченный	0.253	95.7	-3.0	-2.0	3.6	bbox	1447	206.2	206.2	206.2	178,923,7,4	92.2	39.4863270	73.5937840	4927.5
1449	1449	1.003	рюкзак-синий	6.8	14.9	снег-в-тени	0.934	23.9	3.0	-7.5	8.1	bbox	1448	9.0	9.0	9.0	1573,1024,4,7	91.6	39.4863210	73.5937880	4927.6
1450	1450	1.320	стакан-марка-красная	8.8	20.2	порода-охристая	0.923	29.6	5.0	7.5	9.0	bbox	1449	146.1	146.1	146.1	0,1026,6,5	91.5	39.4863290	73.5937850	4927.5
1451	1451	1.950	стакан-марка-красная	12.1	34.5	снег-розовый	0.608	84.3	0.0	6.0	6.0	bbox	1450	214.2	214.2	214.2	1757,641,4,6	91.2	39.4863280	73.5937840	4927.5
1452	1452	1.719	стакан-марка-красная	13.6	7.1	корка-жёлтая-на-скале	0.771	42.7	0.0	9.0	9.0	bbox	1451	205.2	205.2	205.2	1607,215,8,6	90.4	39.4863270	73.5937840	4927.5
1453	1453	0.398	рюкзак-синий	3.2	1.3	снег-в-тени	0.527	37.5	0.0	-11.0	11.0	bbox	1452	213.2	213.2	213.2	1487,937,8,4	90.3	39.4863280	73.5937840	4927.5
1454	1454	1.389	палка-древко-контроль	6.8	30.8	снег-в-тени	1.027	72.4	-4.0	-9.5	10.3	bbox	1453	214.2	214.2	214.2	57,203,8,8	90.2	39.4863280	73.5937840	4927.5
1455	1455	1.728	стакан-марка-красная	11.1	28.8	снег-освещённый	0.160	78.6	0.0	-0.5	0.5	bbox	1454	88.1	87.1	92.1	1247,189,12,4	90.0	39.4863270	73.5937830	4927.5
1456	1456	1.129	рюкзак-синий	8.0	14.7	порода-в-тени	0.741	24.1	1.0	-6.0	6.1	bbox	1455	111.1	111.1	111.1	1761,775,6,6	89.9	39.4863270	73.5937820	4927.5
1457	1457	0.762	рюкзак-синий	5.4	10.0	снег-в-тени	0.181	48.8	-1.0	-9.0	9.1	bbox	1456	207.2	207.2	207.2	1673,61,8,4	89.7	39.4863270	73.5937840	4927.5
1458	1458	0.851	стакан-марка-красная	6.8	1.4	порода-охристая	0.834	48.4	7.0	6.5	9.6	bbox	1457	211.2	208.2	211.2	1827,259,8,5	89.4	39.4863280	73.5937840	4927.5
1459	1459	1.287	палка-древко-контроль	6.4	28.2	снег-в-тени	0.964	69.8	-4.0	-10.0	10.8	bbox	1458	12.0	12.0	12.0	186,430,10,5	89.0	39.4863220	73.5937870	4927.6
1460	1460	2.116	стакан-марка-красная	14.0	33.1	порода-в-тени	0.417	16.7	-3.0	2.0	3.6	bbox	1459	145.1	145.1	145.1	1667,1061,10,8	88.7	39.4863290	73.5937840	4927.5
1461	1461	1.241	рюкзак-синий	7.2	23.9	порода-в-тени	1.253	14.9	5.0	-8.0	9.4	bbox	1460	141.1	141.1	142.1	121,67,6,8	88.6	39.4863280	73.5937840	4927.5
1462	1462	0.863	стакан-марка-красная	5.8	12.9	снег-розовый	1.046	62.7	8.0	6.0	10.0	bbox	1461	158.2	158.2	158.2	0,737,5,6	88.2	39.4863280	73.5937840	4927.5
1463	1463	1.396	стакан-марка-красная	11.0	5.7	порода-в-тени	0.892	44.1	0.0	0.0	0.0	bbox	1462	101.1	100.1	101.1	1881,133,8,4	87.8	39.4863260	73.5937820	4927.5
1464	1464	2.006	рюкзак-синий	14.9	21.2	порода-в-тени	0.296	17.6	-4.0	0.0	4.0	bbox	1463	150.2	150.2	152.2	1781,1061,6,9	87.8	39.4863280	73.5937850	4927.5
1465	1465	2.082	рюкзак-синий	14.3	29.8	порода-в-тени	0.425	9.0	-2.0	0.0	2.0	bbox	1464	162.2	157.2	162.2	264,730,7,9	87.8	39.4863280	73.5937830	4927.4
1466	1466	2.337	стакан-марка-красная	15.1	38.4	снег-пересвеченный	0.264	88.2	-4.0	-1.0	4.1	bbox	1465	100.1	99.1	100.1	929,442,5,7	87.7	39.4863260	73.5937820	4927.5
1467	1467	1.154	рюкзак-синий	6.1	24.3	порода-в-тени	1.030	14.5	2.0	-8.0	8.2	bbox	1466	162.2	162.2	162.2	1406,205,5,7	87.5	39.4863280	73.5937830	4927.4
1468	1468	1.301	рюкзак-синий	5.0	31.9	порода-в-тени	1.436	6.9	4.0	-10.0	10.8	bbox	1467	214.2	214.2	214.2	1600,13,6,5	87.4	39.4863280	73.5937840	4927.5
1469	1469	1.222	рюкзак-синий	9.1	12.9	порода-в-тени	0.734	25.9	2.0	-5.0	5.4	bbox	1468	111.1	111.1	111.1	1301,589,6,4	87.3	39.4863270	73.5937820	4927.5
1470	1470	1.298	стакан-марка-красная	6.8	27.4	порода-охристая	0.763	22.4	13.0	7.5	15.0	bbox	1469	221.2	221.2	224.2	645,511,6,6	87.1	39.4863270	73.5937830	4927.5
1471	1471	1.988	стакан-марка-красная	15.5	12.3	порода-в-тени	1.134	37.5	-3.5	6.5	7.4	bbox	1470	8.0	8.0	8.0	1911,413,6,4	86.8	39.4863210	73.5937880	4927.6
1472	1472	1.402	стакан-марка-красная	9.9	18.4	порода-охристая	0.985	31.4	4.0	8.0	8.9	bbox	1471	209.2	208.2	210.2	1025,207,8,4	86.8	39.4863280	73.5937840	4927.5
1473	1473	1.284	рюкзак-синий	6.7	27.2	порода-в-тени	1.195	11.6	4.0	-8.0	8.9	bbox	1472	85.1	85.1	85.1	367,0,6,5	86.2	39.4863270	73.5937830	4927.5
1474	1474	1.461	рюкзак-синий	11.0	13.4	снег-в-тени	0.644	52.2	0.0	-3.0	3.0	bbox	1473	106.1	104.1	106.1	0,817,5,6	85.4	39.4863270	73.5937820	4927.5
1475	1475	2.227	рюкзак-синий	14.0	38.4	порода-в-тени	0.767	0.4	0.0	0.0	0.0	bbox	1474	91.1	91.1	92.1	580,653,12,3	85.3	39.4863270	73.5937820	4927.5
1476	1476	1.616	рюкзак-синий	12.0	16.8	порода-в-тени	0.399	22.0	1.0	-2.0	2.2	bbox	1475	64.1	64.1	64.1	990,337,3,8	83.6	39.4863280	73.5937840	4927.6
1477	1477	1.966	стакан-марка-красная	13.5	28.4	снег-освещённый	0.583	78.2	-2.0	4.5	4.9	bbox	1476	74.1	74.1	74.1	725,117,6,4	83.2	39.4863290	73.5937830	4927.6
1478	1478	1.535	стакан-марка-красная	12.2	5.9	порода-в-тени	0.986	43.9	-1.0	3.0	3.2	bbox	1477	75.1	75.1	75.1	76,637,5,6	83.1	39.4863280	73.5937830	4927.6
1479	1479	0.962	стакан-марка-красная	6.9	11.6	порода-охристая	0.664	38.2	7.5	7.0	10.3	bbox	1478	219.2	219.2	219.2	1787,157,6,4	83.0	39.4863280	73.5937840	4927.5
1480	1480	1.423	стакан-марка-красная	6.4	32.9	порода-в-тени	1.193	16.9	7.0	-4.0	8.1	bbox	1479	9.0	9.0	9.0	844,592,7,5	82.6	39.4863210	73.5937880	4927.6
1481	1481	2.017	стакан-марка-красная	11.0	41.2	порода-в-тени	0.505	8.6	0.0	0.0	0.0	bbox	1480	81.1	81.1	81.1	1693,602,4,11	82.5	39.4863270	73.5937820	4927.5
1482	1482	1.844	рюкзак-синий	14.6	8.2	порода-в-тени	0.405	30.6	-3.0	0.0	3.0	bbox	1481	93.1	93.1	98.1	65,1014,5,7	82.5	39.4863270	73.5937820	4927.5
1483	1483	1.507	стакан-марка-красная	12.0	1.8	снег-в-тени	1.017	51.6	-1.0	0.0	1.0	bbox	1482	219.2	219.2	219.2	1679,815,6,6	82.5	39.4863280	73.5937840	4927.5
1484	1484	1.464	рюкзак-синий	5.0	37.1	снег-пересвеченный	1.051	75.9	-2.0	-10.0	10.2	bbox	1483	111.1	110.1	111.1	268,579,13,6	81.5	39.4863270	73.5937820	4927.5
1485	1485	1.036	стакан-марка-красная	7.5	12.3	порода-охристая	0.753	37.5	6.5	7.0	9.6	bbox	1484	64.1	64.1	64.1	129,793,4,8	80.3	39.4863280	73.5937840	4927.6
1486	1486	1.767	стакан-марка-красная	14.0	6.9	порода-в-тени	0.852	42.9	-3.0	1.0	3.2	bbox	1485	224.2	222.2	224.2	1861,867,11,2	79.8	39.4863270	73.5937830	4927.5
1487	1487	1.450	рюкзак-синий	7.5	31.0	порода-в-тени	1.359	7.8	5.5	-8.0	9.7	bbox	1486	90.1	90.1	90.1	293,89,4,6	79.6	39.4863270	73.5937820	4927.5
1488	1488	2.137	палка-древко-контроль	16.0	20.8	снег-освещённый	1.204	62.4	-9.0	1.0	9.1	bbox	1487	205.2	205.2	205.2	97,697,6,5	79.6	39.4863270	73.5937840	4927.5
1489	1489	1.875	рюкзак-синий	14.9	7.1	порода-в-тени	0.952	45.9	-4.0	0.0	4.0	bbox	1488	224.2	224.2	224.2	1864,565,5,8	79.0	39.4863270	73.5937830	4927.5
1490	1490	1.258	стакан-марка-красная	6.0	28.2	порода-в-тени	1.168	21.6	7.0	-3.5	7.8	bbox	1489	111.1	111.1	111.1	497,1069,4,6	78.8	39.4863270	73.5937820	4927.5
1491	1491	1.053	стакан-марка-красная	4.0	25.9	порода-в-тени	1.194	23.9	7.5	-1.0	7.6	bbox	1490	144.1	142.1	144.1	1573,107,8,6	78.7	39.4863290	73.5937840	4927.5
1492	1492	2.310	стакан-марка-красная	14.9	38.4	снег-освещённый	0.834	88.2	-3.0	6.0	6.7	bbox	1491	111.1	111.1	111.1	1621,897,4,8	78.2	39.4863270	73.5937820	4927.5
1493	1493	1.041	рюкзак-синий	4.6	24.3	снег-в-тени	1.368	14.5	4.5	-11.0	11.9	bbox	1492	205.2	205.2	205.2	65,13,8,4	77.8	39.4863270	73.5937840	4927.5
1494	1494	1.358	рюкзак-синий	8.1	25.5	порода-в-тени	0.839	13.3	2.0	-6.0	6.3	bbox	1493	88.1	87.1	89.1	51,993,4,6	77.7	39.4863270	73.5937830	4927.5
1495	1495	1.843	стакан-марка-красная	11.7	31.4	снег-освещённый	0.396	81.2	0.0	-3.0	3.0	bbox	1494	89.1	89.1	89.1	1563,39,4,12	77.7	39.4863270	73.5937830	4927.5
1496	1496	1.565	рюкзак-синий	7.6	34.9	снег-освещённый	0.860	73.7	0.0	-6.5	6.5	bbox	1495	111.1	111.1	111.1	729,609,6,4	77.5	39.4863270	73.5937820	4927.5
1497	1497	1.009	стакан-марка-красная	3.6	25.3	порода-в-тени	1.259	24.5	8.0	-1.0	8.1	bbox	1496	144.1	144.1	144.1	1705,217,6,4	77.5	39.4863290	73.5937840	4927.5
1498	1498	1.321	рюкзак-синий	6.4	29.4	снег-в-тени	0.830	68.2	-3.0	-9.0	9.5	bbox	1497	213.2	213.2	213.2	84,141,9,6	77.4	39.4863280	73.5937840	4927.5
1499	1499	1.554	стакан-марка-красная	11.0	20.0	порода-в-тени	0.437	29.8	0.0	0.0	0.0	bbox	1498	144.1	144.1	147.1	1751,895,8,4	76.9	39.4863290	73.5937840	4927.5
1500	1500	1.099	стакан-марка-красная	7.3	17.3	порода-охристая	0.497	32.5	13.0	8.0	15.3	bbox	1499	225.2	225.2	225.2	716,801,5,6	76.5	39.4863270	73.5937830	4927.5
1501	1501	1.459	рюкзак-синий	7.6	31.0	порода-в-тени	1.152	7.8	4.0	-7.0	8.1	bbox	1500	81.1	81.1	81.1	1496,81,9,4	76.4	39.4863270	73.5937820	4927.5
1502	1502	1.037	рюкзак-синий	6.3	18.8	порода-в-тени	0.884	20.0	-1.0	-8.0	8.1	bbox	1501	77.1	77.1	77.1	482,652,5,5	76.2	39.4863280	73.5937830	4927.6
1503	1503	2.112	палка-древко-контроль	16.0	19.0	снег-освещённый	1.141	60.6	-8.0	1.0	8.1	bbox	1502	205.2	205.2	205.2	193,610,6,6	76.2	39.4863270	73.5937840	4927.5
1504	1504	1.805	стакан-марка-красная	11.0	32.6	снег-освещённый	0.137	82.4	0.0	0.0	0.0	bbox	1503	207.2	207.2	207.2	227,220,5,5	76.0	39.4863270	73.5937840	4927.5
1505	1505	2.001	рюкзак-синий	13.3	31.0	порода-в-тени	0.448	7.8	-2.0	-1.0	2.2	bbox	1504	217.2	217.2	217.2	1793,974,10,3	76.0	39.4863280	73.5937840	4927.5
1506	1506	1.035	рюкзак-синий	5.7	21.2	снег-в-тени	1.270	17.6	5.0	-10.0	11.2	bbox	1505	191.2	191.2	191.2	1918,169,2,10	75.8	39.4863260	73.5937830	4927.4
1507	1507	1.791	рюкзак-синий	9.1	38.8	снег-освещённый	0.647	77.6	0.0	-5.0	5.0	bbox	1506	97.1	96.1	98.1	1705,27,6,11	75.5	39.4863260	73.5937810	4927.5
1508	1508	1.278	стакан-марка-красная	8.1	22.0	снег-в-тени	1.242	27.8	8.0	-6.5	10.3	bbox	1507	7.0	7.0	7.0	1859,199,6,4	75.2	39.4863200	73.5937890	4927.6
1509	1509	1.394	стакан-марка-красная	5.0	34.9	порода-в-тени	1.149	14.9	7.0	-2.0	7.3	bbox	1508	95.1	89.1	99.1	1154,34,7,5	75.1	39.4863270	73.5937820	4927.5
1510	1510	0.923	рюкзак-синий	5.2	18.3	снег-в-тени	0.359	57.1	-0.5	-9.0	9.0	bbox	1509	208.2	208.2	210.2	1340,163,6,4	75.1	39.4863270	73.5937840	4927.5
1511	1511	0.879	стакан-марка-красная	2.2	23.3	порода-в-тени	1.398	26.5	9.0	0.0	9.0	bbox	1510	149.1	149.1	149.1	377,997,6,7	74.2	39.4863290	73.5937850	4927.5
1512	1512	1.331	стакан-марка-красная	9.9	13.7	порода-охристая	0.956	36.1	4.0	8.0	8.9	bbox	1511	211.2	211.2	211.2	1405,240,10,5	74.0	39.4863280	73.5937840	4927.5
1513	1513	0.778	стакан-марка-красная	2.8	19.4	порода-в-тени	1.421	30.4	9.0	-1.0	9.1	bbox	1512	111.1	109.1	111.1	452,995,11,2	73.6	39.4863270	73.5937820	4927.5
1514	1514	0.853	рюкзак-синий	5.0	16.3	снег-в-тени	1.061	22.5	4.0	-10.0	10.8	bbox	1513	75.1	75.1	75.1	49,485,3,8	73.4	39.4863280	73.5937830	4927.6
1515	1515	1.325	стакан-марка-красная	3.6	34.9	порода-в-тени	1.395	14.9	9.0	-2.0	9.2	bbox	1514	94.1	94.1	94.1	1086,146,7,3	72.6	39.4863270	73.5937820	4927.5
1516	1516	1.740	стакан-марка-красная	13.0	17.1	порода-в-тени	0.458	32.7	-2.0	0.0	2.0	bbox	1515	93.1	93.1	100.1	359,198,3,8	71.4	39.4863270	73.5937820	4927.5
1517	1517	1.502	стакан-марка-красная	8.9	28.2	порода-охристая	0.987	21.6	5.5	8.0	9.7	bbox	1516	108.1	108.1	108.1	921,1009,2,12	71.2	39.4863260	73.5937820	4927.5
1518	1518	1.269	рюкзак-синий	7.8	22.9	порода-в-тени	0.943	15.9	3.0	-6.5	7.2	bbox	1517	111.1	111.1	111.1	671,795,6,4	71.2	39.4863270	73.5937820	4927.5
1519	1519	1.489	стакан-марка-красная	11.9	2.7	снег-в-тени	0.753	47.1	-0.5	-2.0	2.1	bbox	1518	106.1	106.1	106.1	247,971,5,6	70.8	39.4863270	73.5937820	4927.5
1520	1520	2.077	рюкзак-синий	13.5	34.1	порода-в-тени	0.564	4.7	-2.5	-1.0	2.7	bbox	1519	191.2	191.2	191.2	1876,668,6,6	69.8	39.4863260	73.5937830	4927.4
1521	1521	2.093	рюкзак-синий	14.3	30.4	порода-в-тени	0.445	8.4	-2.0	0.0	2.0	bbox	1520	147.1	147.1	147.1	1759,41,4,8	69.7	39.4863290	73.5937850	4927.5
1522	1522	1.463	стакан-марка-красная	11.0	13.5	снег-розовый	0.620	63.3	0.0	0.0	0.0	bbox	1521	107.1	107.1	107.1	645,903,8,8	69.4	39.4863260	73.5937820	4927.5
1523	1523	2.403	палка-древко-контроль	15.0	41.9	снег-пересвеченный	0.771	83.5	-9.0	0.0	9.0	bbox	1522	211.2	211.2	211.2	163,1077,8,3	68.6	39.4863280	73.5937840	4927.5
1524	1524	1.460	рюкзак-синий	7.6	31.0	порода-в-тени	1.275	7.8	5.0	-7.5	9.0	bbox	1523	90.1	90.1	90.1	1067,0,4,5	68.5	39.4863270	73.5937820	4927.5
1525	1525	0.920	рюкзак-синий	6.1	14.5	снег-в-тени	1.719	24.3	0.0	-20.0	20.0	bbox	1524	110.1	110.1	110.1	345,29,13,4	68.5	39.4863260	73.5937820	4927.5
1526	1526	2.344	стакан-марка-красная	15.0	39.2	снег-пересвеченный	0.379	89.0	-4.0	0.0	4.0	bbox	1525	91.1	91.1	98.1	93,443,4,6	68.0	39.4863270	73.5937820	4927.5
1527	1527	1.342	стакан-марка-красная	8.9	20.8	снег-розовый	0.468	70.6	3.0	5.0	5.8	bbox	1526	208.2	208.2	208.2	1664,303,6,3	67.6	39.4863270	73.5937840	4927.5
1528	1528	1.512	стакан-марка-красная	11.0	17.3	снег-освещённый	0.506	67.1	0.0	0.0	0.0	bbox	1527	98.1	98.1	99.1	191,156,5,7	67.1	39.4863270	73.5937810	4927.5
1529	1529	0.607	рюкзак-синий	3.6	11.4	снег-в-тени	0.404	50.2	-1.0	-11.0	11.0	bbox	1528	209.2	209.2	209.2	1905,340,4,5	67.0	39.4863280	73.5937840	4927.5
1530	1530	0.673	стакан-марка-красная	5.4	0.4	порода-охристая	0.794	50.2	9.0	6.0	10.8	bbox	1529	211.2	211.2	211.2	1275,383,4,6	66.9	39.4863280	73.5937840	4927.5
1531	1531	1.246	стакан-марка-красная	4.0	32.0	порода-охристая	1.533	17.8	15.0	1.0	15.0	bbox	1530	217.2	217.2	217.2	825,918,4,5	66.8	39.4863280	73.5937840	4927.5
1532	1532	1.304	рюкзак-синий	8.1	23.1	порода-в-тени	1.031	15.7	4.0	-6.5	7.6	bbox	1531	93.1	92.1	93.1	837,51,4,4	66.6	39.4863270	73.5937820	4927.5
1533	1533	1.461	стакан-марка-красная	10.8	15.9	снег-освещённый	0.703	65.7	1.0	-3.0	3.2	bbox	1532	107.1	107.1	107.1	1264,165,9,6	66.6	39.4863260	73.5937820	4927.5
1534	1534	2.193	рюкзак-синий	14.0	36.8	порода-в-тени	0.715	2.0	0.0	0.0	0.0	bbox	1533	206.2	206.2	206.2	681,769,6,4	66.6	39.4863270	73.5937840	4927.5
1535	1535	1.464	рюкзак-синий	9.2	25.3	порода-в-тени	1.374	13.5	7.0	-7.0	9.9	bbox	1534	89.1	87.1	89.1	607,7,10,2	66.5	39.4863270	73.5937830	4927.5
1536	1536	2.422	стакан-марка-красная	15.0	42.9	снег-пересвеченный	0.506	92.7	-4.0	1.0	4.1	bbox	1535	218.2	218.2	218.2	13,765,10,4	66.2	39.4863280	73.5937840	4927.5
1537	1537	1.636	стакан-марка-красная	12.2	16.9	снег-освещённый	0.520	66.7	-1.0	-1.0	1.4	bbox	1536	100.1	100.1	100.1	981,264,10,3	65.6	39.4863260	73.5937820	4927.5
1538	1538	2.009	стакан-марка-красная	11.2	40.4	снег-освещённый	0.379	90.2	0.0	-1.0	1.0	bbox	1537	207.2	207.2	207.2	859,1067,3,6	65.3	39.4863270	73.5937840	4927.5
1539	1539	1.402	рюкзак-синий	7.4	29.4	порода-в-тени	1.090	9.4	3.5	-7.0	7.8	bbox	1538	144.1	144.1	144.1	1023,92,8,3	65.1	39.4863290	73.5937840	4927.5
1540	1540	1.060	стакан-марка-красная	5.8	21.6	снег-в-тени	1.318	28.2	8.0	-4.0	8.9	bbox	1539	7.0	7.0	7.0	1809,941,8,4	64.7	39.4863200	73.5937890	4927.6
1541	1541	1.182	стакан-марка-красная	7.6	19.6	порода-в-тени	1.037	30.2	4.0	4.0	5.7	bbox	1540	217.2	217.2	217.2	1737,875,4,6	64.6	39.4863280	73.5937840	4927.5
1542	1542	1.513	рюкзак-синий	7.6	32.9	порода-в-тени	1.181	5.9	4.0	-7.0	8.1	bbox	1541	92.1	92.1	92.1	1240,59,7,4	64.4	39.4863270	73.5937820	4927.5
1543	1543	1.754	стакан-марка-красная	6.7	43.1	порода-в-тени	1.433	6.7	8.0	-5.0	9.4	bbox	1542	90.1	89.1	90.1	462,0,9,3	64.3	39.4863270	73.5937820	4927.5
1544	1544	1.199	стакан-марка-красная	5.8	26.7	порода-охристая	0.910	23.1	8.0	6.0	10.0	bbox	1543	208.2	208.2	208.2	521,553,5,6	64.3	39.4863270	73.5937840	4927.5
1545	1545	1.524	стакан-марка-красная	12.2	2.9	снег-в-тени	0.901	52.7	-1.0	-1.0	1.4	bbox	1544	107.1	107.1	107.1	435,725,4,10	64.2	39.4863260	73.5937820	4927.5
1546	1546	1.549	стакан-марка-красная	7.4	34.7	порода-охристая	0.965	15.1	8.5	8.0	11.7	bbox	1545	194.2	194.2	194.2	373,893,8,6	63.6	39.4863260	73.5937830	4927.4
1547	1547	1.034	рюкзак-синий	8.1	6.4	снег-в-тени	0.655	32.4	2.0	-6.0	6.3	bbox	1546	145.1	145.1	147.1	1891,161,4,4	62.9	39.4863290	73.5937840	4927.5
1548	1548	2.164	стакан-марка-красная	11.0	46.7	порода-в-тени	0.677	3.1	0.0	0.0	0.0	bbox	1547	193.2	193.2	193.2	544,785,9,3	62.6	39.4863270	73.5937820	4927.4
1549	1549	1.264	стакан-марка-красная	7.5	23.7	порода-охристая	0.872	26.1	6.5	7.0	9.6	bbox	1548	209.2	209.2	209.2	533,543,6,5	62.6	39.4863280	73.5937840	4927.5
1550	1550	0.510	стакан-марка-красная	3.2	9.0	порода-охристая	1.189	40.8	8.0	2.0	8.2	bbox	1549	110.1	110.1	110.1	476,963,5,7	62.3	39.4863260	73.5937820	4927.5
1551	1551	1.116	стакан-марка-красная	2.5	30.0	порода-в-тени	1.377	19.8	9.0	-0.5	9.0	bbox	1550	151.2	150.2	151.2	1545,561,5,4	62.0	39.4863280	73.5937850	4927.5
1552	1552	1.999	рюкзак-синий	12.0	36.8	порода-в-тени	0.715	2.0	0.0	-2.0	2.0	bbox	1551	88.1	88.1	88.1	1323,129,4,6	61.7	39.4863270	73.5937830	4927.5
1553	1553	1.706	стакан-марка-красная	13.0	14.5	снег-освещённый	0.615	64.3	-2.0	1.0	2.2	bbox	1552	107.1	107.1	107.1	1300,0,5,5	61.6	39.4863260	73.5937820	4927.5
1554	1554	1.011	стакан-марка-красная	5.1	22.0	порода-в-тени	1.101	27.8	6.0	2.0	6.3	bbox	1553	108.1	108.1	108.1	636,18,3,8	61.6	39.4863260	73.5937820	4927.5
1555	1555	1.451	стакан-марка-красная	11.0	12.9	снег-розовый	0.600	62.7	0.0	1.0	1.0	bbox	1554	207.2	207.2	207.2	396,46,7,5	61.5	39.4863270	73.5937840	4927.5
1556	1556	0.372	рюкзак-синий	2.2	6.9	снег-в-тени	0.887	45.7	-1.0	-15.0	15.0	bbox	1555	7.0	7.0	7.0	192,133,3,8	61.3	39.4863200	73.5937890	4927.6
1557	1557	1.854	стакан-марка-красная	12.4	28.6	снег-освещённый	0.264	78.4	-1.0	-2.0	2.2	bbox	1556	207.2	207.2	207.2	965,792,7,9	60.9	39.4863270	73.5937840	4927.5
1558	1558	1.044	рюкзак-синий	5.5	21.9	порода-в-тени	0.996	16.9	0.5	-8.5	8.5	bbox	1557	110.1	110.1	110.1	1875,958,4,5	60.5	39.4863260	73.5937820	4927.5
1559	1559	1.903	рюкзак-синий	13.3	25.7	порода-в-тени	0.259	13.1	-2.0	-1.0	2.2	bbox	1558	147.1	147.1	147.1	1904,211,7,6	60.4	39.4863290	73.5937850	4927.5
1560	1560	0.730	стакан-марка-красная	3.6	16.1	порода-в-тени	1.338	33.7	8.0	-1.0	8.1	bbox	1559	224.2	224.2	224.2	369,733,6,6	60.3	39.4863270	73.5937830	4927.5
1561	1561	1.533	стакан-марка-красная	11.0	18.6	порода-в-тени	0.476	31.2	0.0	0.0	0.0	bbox	1560	142.1	142.1	142.1	1604,787,7,8	60.0	39.4863280	73.5937840	4927.5
1562	1562	1.586	стакан-марка-красная	9.6	29.2	порода-охристая	1.098	20.6	4.5	8.0	9.2	bbox	1561	88.1	88.1	88.1	579,99,4,4	59.6	39.4863270	73.5937830	4927.5
1563	1563	0.650	стакан-марка-красная	3.4	13.9	порода-в-тени	1.368	35.9	8.0	-0.5	8.0	bbox	1562	145.1	145.1	145.1	1361,366,4,5	59.2	39.4863290	73.5937840	4927.5
1564	1564	0.850	стакан-марка-красная	6.8	0.2	порода-охристая	0.852	49.6	7.0	6.5	9.6	bbox	1563	194.2	194.2	194.2	411,201,4,6	58.6	39.4863260	73.5937830	4927.4
1565	1565	0.911	рюкзак-синий	5.8	15.3	снег-в-тени	0.359	54.1	-2.0	-9.0	9.2	bbox	1564	109.1	109.1	109.1	140,13,5,4	58.0	39.4863270	73.5937820	4927.5
1566	1566	1.213	стакан-марка-красная	7.2	22.7	порода-охристая	0.815	27.1	7.0	7.0	9.9	bbox	1565	224.2	222.2	224.2	1803,331,5,4	57.8	39.4863270	73.5937830	4927.5
1567	1567	1.805	стакан-марка-красная	11.0	32.6	снег-освещённый	0.137	82.4	0.0	0.0	0.0	bbox	1566	93.1	93.1	94.1	1473,145,6,4	57.3	39.4863270	73.5937820	4927.5
1568	1568	1.894	стакан-марка-красная	14.0	20.0	порода-в-тени	0.519	29.8	-3.0	2.0	3.6	bbox	1567	206.2	206.2	206.2	9,85,5,5	56.7	39.4863270	73.5937840	4927.5
1569	1569	0.735	стакан-марка-красная	3.6	16.3	порода-в-тени	1.335	33.5	8.0	-1.0	8.1	bbox	1568	224.2	217.2	224.2	653,629,5,4	56.3	39.4863270	73.5937830	4927.5
1570	1570	1.977	рюкзак-синий	13.8	26.8	порода-в-тени	0.308	12.0	-2.0	-0.5	2.1	bbox	1569	88.1	88.1	88.1	121,649,4,4	56.1	39.4863270	73.5937830	4927.5
1571	1571	0.739	стакан-марка-красная	2.1	19.4	порода-охристая	1.366	30.4	9.0	0.5	9.0	bbox	1570	147.1	146.1	151.2	0,721,5,4	55.3	39.4863290	73.5937850	4927.5
1572	1572	1.818	стакан-марка-красная	11.2	32.6	снег-освещённый	0.185	82.4	0.0	-1.0	1.0	bbox	1571	98.1	98.1	98.1	459,351,6,3	55.2	39.4863270	73.5937810	4927.5
1573	1573	1.504	стакан-марка-красная	3.0	40.8	порода-в-тени	1.338	9.0	8.0	1.0	8.1	bbox	1572	110.1	110.1	110.1	274,741,5,5	55.1	39.4863260	73.5937820	4927.5
1574	1574	1.976	рюкзак-синий	13.5	29.0	порода-в-тени	0.384	9.8	-2.5	-1.0	2.7	bbox	1573	152.2	150.2	152.2	257,809,5,6	55.1	39.4863280	73.5937840	4927.5
1575	1575	1.548	стакан-марка-красная	11.0	19.6	снег-освещённый	0.425	69.4	0.0	0.0	0.0	bbox	1574	100.1	99.1	100.1	1747,66,7,3	55.0	39.4863260	73.5937820	4927.5
1576	1576	1.430	рюкзак-синий	6.3	33.4	снег-в-тени	0.879	72.2	-1.0	-8.0	8.1	bbox	1575	211.2	211.2	211.2	1480,370,5,7	54.6	39.4863280	73.5937840	4927.5
1577	1577	1.506	стакан-марка-красная	11.0	16.9	снег-освещённый	0.520	66.7	0.0	0.0	0.0	bbox	1576	95.1	92.1	95.1	1310,260,5,3	53.9	39.4863270	73.5937820	4927.5
1578	1578	1.379	рюкзак-синий	7.3	29.0	порода-в-тени	1.047	9.8	3.0	-7.0	7.6	bbox	1577	89.1	89.1	89.1	873,211,6,4	53.7	39.4863270	73.5937830	4927.5
1579	1579	0.966	стакан-марка-красная	4.3	22.5	порода-в-тени	1.153	27.3	7.0	-0.5	7.0	bbox	1578	151.2	148.1	151.2	1733,771,6,5	53.7	39.4863280	73.5937850	4927.5
1580	1580	1.653	рюкзак-синий	8.3	36.1	снег-пересвеченный	0.735	74.9	-2.5	-6.5	7.0	bbox	1579	110.1	110.1	110.1	21,372,8,3	53.4	39.4863260	73.5937820	4927.5
1581	1581	1.469	стакан-марка-красная	11.1	13.5	снег-освещённый	0.639	63.3	0.0	-0.5	0.5	bbox	1580	207.2	207.2	207.2	925,1009,4,5	53.4	39.4863270	73.5937840	4927.5
1582	1582	1.275	стакан-марка-красная	2.8	34.3	порода-в-тени	1.386	15.5	9.0	-1.0	9.1	bbox	1581	95.1	95.1	95.1	970,295,7,4	53.1	39.4863270	73.5937820	4927.5
1583	1583	1.357	рюкзак-синий	8.2	24.9	порода-в-тени	1.309	13.9	6.0	-7.5	9.6	bbox	1582	141.1	141.1	141.1	1491,45,8,2	52.9	39.4863280	73.5937840	4927.5
1584	1584	1.599	стакан-марка-красная	12.0	15.1	снег-освещённый	0.568	64.9	-1.0	0.0	1.0	bbox	1583	96.1	92.1	97.1	1066,43,8,4	52.3	39.4863270	73.5937820	4927.5
1585	1585	2.203	палка-древко-контроль	14.0	37.4	снег-пересвеченный	0.652	79.0	-7.5	-1.0	7.6	bbox	1584	211.2	211.2	211.2	91,1019,6,4	52.3	39.4863280	73.5937840	4927.5
1586	1586	1.479	стакан-марка-красная	11.2	13.5	снег-освещённый	0.648	63.3	0.0	-1.0	1.0	bbox	1585	207.2	207.2	207.2	915,733,5,4	52.2	39.4863270	73.5937840	4927.5
1587	1587	1.772	рюкзак-синий	12.2	25.5	порода-в-тени	0.308	13.3	-1.0	-2.0	2.2	bbox	1586	141.1	141.1	141.1	1669,1026,5,5	52.1	39.4863280	73.5937840	4927.5
1588	1588	1.290	рюкзак-синий	6.1	29.2	порода-в-тени	1.079	9.6	2.0	-8.0	8.2	bbox	1587	110.1	110.1	110.1	733,627,5,4	52.0	39.4863260	73.5937820	4927.5
1589	1589	1.163	стакан-марка-красная	7.2	20.6	порода-охристая	0.779	29.2	7.0	7.0	9.9	bbox	1588	152.2	152.2	152.2	1465,111,4,6	51.9	39.4863280	73.5937840	4927.5
1590	1590	1.890	стакан-марка-красная	15.0	6.7	порода-в-тени	0.886	43.1	-4.0	1.0	4.1	bbox	1589	224.2	224.2	224.2	1447,935,3,5	51.7	39.4863270	73.5937830	4927.5
1591	1591	0.656	стакан-марка-красная	3.6	13.3	порода-в-тени	1.375	36.5	8.0	-1.0	8.1	bbox	1590	224.2	223.2	224.2	386,804,4,4	51.4	39.4863270	73.5937830	4927.5
1592	1592	1.594	стакан-марка-красная	12.0	14.7	снег-освещённый	0.582	64.5	-1.0	0.0	1.0	bbox	1591	93.1	93.1	93.1	282,184,6,3	51.3	39.4863270	73.5937820	4927.5
1593	1593	2.031	стакан-марка-красная	13.0	33.9	порода-в-тени	0.408	15.9	-2.0	2.0	2.8	bbox	1592	93.1	93.1	100.1	1621,229,6,5	51.3	39.4863270	73.5937820	4927.5
1594	1594	0.684	стакан-марка-красная	2.0	17.8	порода-охристая	1.295	32.0	9.0	1.0	9.1	bbox	1593	149.1	146.1	149.1	83,615,8,4	51.3	39.4863290	73.5937850	4927.5
1595	1595	2.028	рюкзак-синий	13.3	32.3	порода-в-тени	0.497	6.5	-2.0	-1.0	2.2	bbox	1594	153.2	153.2	153.2	559,1055,4,5	51.2	39.4863280	73.5937840	4927.5
1596	1596	2.025	рюкзак-синий	14.6	24.9	порода-в-тени	0.291	13.9	-3.0	0.0	3.0	bbox	1595	218.2	218.2	218.2	933,1039,6,3	51.1	39.4863280	73.5937840	4927.5
1597	1597	1.102	стакан-марка-красная	2.8	29.2	порода-охристая	1.211	20.6	13.0	3.0	13.3	bbox	1596	222.2	222.2	222.2	851,845,2,8	51.1	39.4863270	73.5937830	4927.5
1598	1598	1.958	рюкзак-синий	12.0	35.1	порода-в-тени	0.658	3.7	0.0	-2.0	2.0	bbox	1597	110.1	110.1	110.1	386,1029,6,4	50.9	39.4863260	73.5937820	4927.5
1599	1599	1.058	стакан-марка-красная	1.4	29.2	порода-в-тени	1.505	20.6	10.0	0.0	10.0	bbox	1598	207.2	207.2	207.2	251,820,6,3	50.5	39.4863270	73.5937840	4927.5
1600	1600	1.823	стакан-марка-красная	13.0	23.1	порода-в-тени	0.336	26.7	-2.0	1.0	2.2	bbox	1599	224.2	224.2	224.2	225,382,4,7	50.3	39.4863270	73.5937830	4927.5
1601	1601	1.649	стакан-марка-красная	12.4	16.1	снег-освещённый	0.589	65.9	-1.0	-2.0	2.2	bbox	1600	207.2	207.2	207.2	1115,985,5,5	50.2	39.4863270	73.5937840	4927.5
1602	1602	0.606	стакан-марка-красная	3.0	13.3	порода-охристая	1.307	36.5	8.0	1.0	8.1	bbox	1601	224.2	222.2	224.2	236,462,3,7	49.9	39.4863270	73.5937830	4927.5
1603	1603	1.360	стакан-марка-красная	6.3	31.0	порода-охристая	0.895	18.8	13.0	7.0	14.8	bbox	1602	217.2	217.2	217.2	378,838,5,4	49.6	39.4863280	73.5937840	4927.5
1604	1604	2.080	стакан-марка-красная	12.1	40.0	снег-освещённый	0.328	89.8	-1.0	-0.5	1.1	bbox	1603	86.1	86.1	86.1	1381,385,2,8	49.2	39.4863270	73.5937830	4927.5
1605	1605	1.398	рюкзак-синий	10.2	16.1	порода-в-тени	0.404	22.7	-1.0	-4.0	4.1	bbox	1604	104.1	98.1	104.1	1799,125,5,4	48.9	39.4863260	73.5937820	4927.5
1606	1606	1.593	рюкзак-синий	8.9	31.8	снег-пересвеченный	0.817	70.6	-3.0	-6.0	6.7	bbox	1605	109.1	109.1	109.1	1829,71,10,2	48.9	39.4863270	73.5937820	4927.5
1607	1607	1.748	рюкзак-синий	10.9	30.6	порода-в-тени	0.535	8.2	-2.0	-3.5	4.0	bbox	1606	96.1	94.1	96.1	1783,542,4,4	48.8	39.4863270	73.5937820	4927.5
1608	1608	1.355	рюкзак-синий	9.2	20.0	порода-в-тени	0.802	18.8	3.0	-5.0	5.8	bbox	1607	110.1	110.1	110.1	1089,780,6,3	48.3	39.4863260	73.5937820	4927.5
1609	1609	1.593	рюкзак-синий	9.0	31.5	порода-в-тени	1.048	7.3	4.0	-5.5	6.8	bbox	1608	109.1	109.1	109.1	771,697,6,2	48.1	39.4863270	73.5937820	4927.5
1610	1610	0.576	стакан-марка-красная	2.2	14.1	порода-охристая	1.401	35.7	9.0	0.0	9.0	bbox	1609	223.2	223.2	223.2	1557,121,4,4	48.0	39.4863270	73.5937830	4927.5
1611	1611	2.335	палка-древко-контроль	16.0	33.7	снег-пересвеченный	0.930	75.3	-8.5	1.0	8.6	bbox	1610	225.2	225.2	225.2	1769,1059,4,4	47.9	39.4863270	73.5937830	4927.5
1612	1612	1.116	стакан-марка-красная	5.0	25.9	порода-в-тени	1.139	23.9	7.0	-2.0	7.3	bbox	1611	151.2	151.2	151.2	1309,215,5,4	47.2	39.4863280	73.5937850	4927.5
1613	1613	1.752	стакан-марка-красная	11.0	30.2	снег-освещённый	0.128	80.0	0.0	0.0	0.0	bbox	1612	194.2	194.2	194.2	993,269,4,6	47.0	39.4863260	73.5937830	4927.4
1614	1614	1.061	стакан-марка-красная	2.1	28.8	порода-в-тени	1.388	21.0	9.0	0.5	9.0	bbox	1613	206.2	206.2	206.2	338,845,5,4	45.2	39.4863270	73.5937840	4927.5
1615	1615	2.121	рюкзак-синий	13.0	38.0	порода-в-тени	0.744	0.8	0.0	-1.0	1.0	bbox	1614	225.2	225.2	225.2	533,1041,6,6	45.2	39.4863270	73.5937830	4927.5
1616	1616	2.101	стакан-марка-красная	16.0	18.0	снег-освещённый	0.693	67.8	-5.0	1.0	5.1	bbox	1615	220.2	220.2	220.2	425,526,5,3	45.1	39.4863270	73.5937840	4927.5
1617	1617	1.227	стакан-марка-красная	7.2	23.3	порода-охристая	0.826	26.5	7.0	7.0	9.9	bbox	1616	223.2	223.2	223.2	643,791,5,4	44.5	39.4863270	73.5937830	4927.5
1618	1618	1.628	стакан-марка-красная	3.5	43.9	порода-в-тени	1.320	5.9	7.5	1.0	7.6	bbox	1617	142.1	142.1	142.1	1473,633,4,5	44.3	39.4863280	73.5937840	4927.5
1619	1619	1.083	рюкзак-синий	6.4	20.4	снег-в-тени	0.568	59.2	-3.0	-9.0	9.5	bbox	1618	220.2	220.2	225.2	1685,666,6,3	44.0	39.4863270	73.5937840	4927.5
1620	1620	0.692	стакан-марка-красная	4.1	12.9	порода-в-тени	1.276	36.9	7.0	0.0	7.0	bbox	1619	152.2	152.2	152.2	581,1007,4,4	43.8	39.4863280	73.5937840	4927.5
1621	1621	2.095	рюкзак-синий	13.0	36.8	порода-в-тени	0.704	2.0	0.0	-1.0	1.0	bbox	1620	90.1	90.1	90.1	1269,511,4,5	43.7	39.4863270	73.5937820	4927.5
1622	1622	2.017	стакан-марка-красная	10.9	41.6	снег-освещённый	0.490	91.4	0.5	-2.0	2.1	bbox	1621	142.1	142.1	142.1	1804,517,5,4	43.7	39.4863280	73.5937840	4927.5
1623	1623	2.209	рюкзак-синий	15.3	31.0	порода-в-тени	0.513	7.8	-2.0	1.0	2.2	bbox	1622	225.2	225.2	225.2	597,685,4,4	43.6	39.4863270	73.5937830	4927.5
1624	1624	0.992	стакан-марка-красная	4.7	22.3	порода-охристая	1.132	27.5	7.0	3.5	7.8	bbox	1623	109.1	108.1	109.1	938,933,4,5	43.1	39.4863270	73.5937820	4927.5
1625	1625	1.507	стакан-марка-красная	11.0	17.3	порода-в-тени	0.560	32.5	0.0	1.0	1.0	bbox	1624	142.1	142.1	146.1	1669,861,6,8	42.8	39.4863280	73.5937840	4927.5
1626	1626	2.368	стакан-марка-красная	14.1	44.1	снег-пересвеченный	0.304	93.9	-3.0	-1.0	3.2	bbox	1625	206.2	206.2	206.2	742,610,4,4	42.8	39.4863270	73.5937840	4927.5
1627	1627	2.079	стакан-марка-красная	11.0	43.5	порода-в-тени	0.676	6.3	0.0	2.0	2.0	bbox	1626	95.1	94.1	95.1	1797,247,6,4	42.7	39.4863270	73.5937820	4927.5
1628	1628	1.223	стакан-марка-красная	4.6	30.2	порода-в-тени	1.264	19.6	8.0	-2.5	8.4	bbox	1627	206.2	206.2	206.2	125,722,4,3	42.2	39.4863270	73.5937840	4927.5
1629	1629	1.746	стакан-марка-красная	11.7	26.7	снег-освещённый	0.424	76.5	0.0	-3.0	3.0	bbox	1628	98.1	98.1	99.1	1726,71,5,5	41.9	39.4863270	73.5937810	4927.5
1630	1630	1.436	рюкзак-синий	8.5	26.9	снег-в-тени	0.730	65.7	-2.0	-6.0	6.3	bbox	1629	109.1	109.1	109.1	1642,67,7,2	41.9	39.4863270	73.5937820	4927.5
1631	1631	1.096	стакан-марка-красная	4.7	25.9	порода-охристая	0.963	23.9	13.5	5.0	14.4	bbox	1630	225.2	225.2	225.2	819,797,4,4	41.8	39.4863270	73.5937830	4927.5
1632	1632	0.598	стакан-марка-красная	4.6	4.5	порода-охристая	1.009	45.3	7.5	4.0	8.5	bbox	1631	148.1	148.1	149.1	147,1048,4,4	41.4	39.4863290	73.5937850	4927.5
1633	1633	1.154	стакан-марка-красная	5.2	26.7	порода-в-тени	1.007	23.1	6.0	-0.5	6.0	bbox	1632	151.2	151.2	151.2	1569,0,6,3	41.2	39.4863280	73.5937850	4927.5
1634	1634	0.755	стакан-марка-красная	5.7	7.4	порода-охристая	0.912	42.4	7.0	5.0	8.6	bbox	1633	145.1	145.1	145.1	1879,925,4,3	40.5	39.4863290	73.5937840	4927.5
1635	1635	2.002	стакан-марка-красная	11.0	40.6	порода-в-тени	0.488	9.2	0.0	0.0	0.0	bbox	1634	225.2	225.2	225.2	1885,196,2,8	40.0	39.4863270	73.5937830	4927.5
1636	1636	2.435	стакан-марка-красная	14.8	44.3	снег-пересвеченный	0.188	94.1	-3.5	-2.0	4.0	bbox	1635	87.1	87.1	87.1	917,350,3,4	39.8	39.4863270	73.5937830	4927.5
1637	1637	1.838	стакан-марка-красная	13.9	16.5	снег-розовый	0.815	66.3	-2.0	6.0	6.3	bbox	1636	108.1	108.1	108.1	799,853,4,4	39.8	39.4863260	73.5937820	4927.5
1638	1638	0.963	стакан-марка-красная	4.5	22.0	порода-охристая	1.180	27.8	7.0	3.0	7.6	bbox	1637	109.1	109.1	109.1	214,790,5,3	38.2	39.4863270	73.5937820	4927.5
1639	1639	1.774	палка-древко-контроль	11.0	31.3	снег-пересвеченный	0.778	72.9	-7.5	-4.0	8.5	bbox	1638	223.2	223.2	223.2	33,381,8,2	38.2	39.4863270	73.5937830	4927.5
1640	1640	1.997	рюкзак-синий	13.3	30.8	порода-в-тени	0.441	8.0	-2.0	-1.0	2.2	bbox	1639	90.1	90.1	90.1	1873,466,2,7	37.5	39.4863270	73.5937820	4927.5
1641	1641	2.021	стакан-марка-красная	14.3	26.3	снег-освещённый	0.392	76.1	-3.0	-2.0	3.6	bbox	1640	86.1	86.1	86.1	1573,329,2,8	37.3	39.4863270	73.5937830	4927.5
1642	1642	2.137	рюкзак-синий	14.3	32.7	порода-в-тени	0.527	6.1	-2.0	0.0	2.0	bbox	1641	222.2	222.2	222.2	548,871,6,3	37.1	39.4863270	73.5937830	4927.5
1643	1643	1.520	рюкзак-синий	7.6	33.3	порода-в-тени	1.003	5.5	2.0	-6.5	6.8	bbox	1642	100.1	99.1	100.1	16,869,3,4	37.0	39.4863260	73.5937820	4927.5
1644	1644	1.055	стакан-марка-красная	6.3	19.8	порода-охристая	0.740	30.0	8.0	6.5	10.3	bbox	1643	222.2	222.2	222.2	463,553,4,4	37.0	39.4863270	73.5937830	4927.5
1645	1645	1.735	стакан-марка-красная	11.0	29.4	снег-освещённый	0.137	79.2	0.0	0.0	0.0	bbox	1644	98.1	98.1	98.1	995,141,5,4	36.8	39.4863270	73.5937810	4927.5
1646	1646	1.597	стакан-марка-красная	12.0	14.9	снег-освещённый	0.575	64.7	-1.0	0.0	1.0	bbox	1645	99.1	99.1	99.1	263,93,3,4	36.7	39.4863260	73.5937820	4927.5
1647	1647	0.748	рюкзак-синий	4.5	13.9	снег-в-тени	0.864	24.9	-1.0	-10.0	10.0	bbox	1646	222.2	222.2	222.2	156,701,5,2	36.6	39.4863270	73.5937830	4927.5
1648	1648	1.709	рюкзак-синий	11.0	28.2	порода-в-тени	0.498	10.6	0.0	-3.0	3.0	bbox	1647	87.1	87.1	87.1	1876,11,3,4	36.5	39.4863270	73.5937830	4927.5
1649	1649	2.164	стакан-марка-красная	11.0	46.7	порода-в-тени	0.677	3.1	0.0	0.0	0.0	bbox	1648	147.1	147.1	147.1	31,1073,2,7	36.1	39.4863290	73.5937850	4927.5
1650	1650	2.237	стакан-марка-красная	11.0	49.4	порода-в-тени	0.797	0.4	0.0	1.0	1.0	bbox	1649	92.1	92.1	92.1	1691,265,3,4	35.8	39.4863270	73.5937820	4927.5
1651	1651	1.509	стакан-марка-красная	3.2	40.8	порода-в-тени	1.320	9.0	8.0	0.0	8.0	bbox	1650	109.1	108.1	109.1	959,291,6,2	35.7	39.4863270	73.5937820	4927.5
1652	1652	1.603	рюкзак-синий	9.0	31.9	порода-в-тени	1.055	6.9	4.0	-5.5	6.8	bbox	1651	97.1	97.1	97.1	68,15,5,2	34.5	39.4863260	73.5937810	4927.5
1653	1653	1.730	стакан-марка-красная	10.5	31.4	порода-в-тени	0.344	18.4	0.5	0.0	0.5	bbox	1652	206.2	206.2	206.2	1907,41,2,6	34.2	39.4863270	73.5937840	4927.5
1654	1654	0.934	стакан-марка-красная	4.6	20.6	порода-в-тени	1.115	29.2	6.5	0.0	6.5	bbox	1653	150.2	150.2	150.2	34,649,3,4	34.1	39.4863280	73.5937850	4927.5
1655	1655	1.450	рюкзак-синий	7.8	30.0	порода-в-тени	1.181	8.8	4.5	-7.0	8.3	bbox	1654	149.1	149.1	149.1	1769,1051,4,6	33.9	39.4863290	73.5937850	4927.5
1656	1656	1.822	стакан-марка-красная	7.0	44.7	порода-в-тени	0.947	5.1	4.0	0.5	4.0	bbox	1655	98.1	98.1	98.1	718,67,3,4	33.8	39.4863270	73.5937810	4927.5
1657	1657	1.454	стакан-марка-красная	5.4	36.1	порода-в-тени	1.028	13.7	6.0	-1.0	6.1	bbox	1656	99.1	99.1	99.1	880,252,3,4	33.8	39.4863260	73.5937820	4927.5
1658	1658	0.838	стакан-марка-красная	4.0	18.8	порода-в-тени	1.213	31.0	7.0	1.0	7.1	bbox	1657	147.1	147.1	147.1	1405,610,4,3	33.2	39.4863290	73.5937850	4927.5
1659	1659	0.940	рюкзак-синий	7.5	0.0	снег-в-тени	0.377	38.8	0.5	-6.5	6.5	bbox	1658	108.1	108.1	108.1	587,953,2,4	32.4	39.4863260	73.5937820	4927.5
1660	1660	0.898	стакан-марка-красная	0.5	25.1	порода-охристая	1.284	24.7	11.0	1.5	11.1	bbox	1659	87.1	87.1	87.1	1299,303,5,2	31.7	39.4863270	73.5937830	4927.5
1661	1661	1.733	стакан-марка-красная	12.0	24.3	порода-в-тени	0.333	25.5	-1.0	1.0	1.4	bbox	1660	96.1	96.1	96.1	619,659,3,3	31.6	39.4863270	73.5937820	4927.5
1662	1662	1.803	стакан-марка-красная	10.2	35.7	порода-в-тени	0.437	14.1	1.0	-1.0	1.4	bbox	1661	147.1	147.1	147.1	1701,5,4,4	31.2	39.4863290	73.5937850	4927.5
1663	1663	2.462	стакан-марка-красная	15.1	44.1	снег-пересвеченный	0.277	93.9	-4.0	-1.0	4.1	bbox	1662	94.1	94.1	94.1	964,562,2,4	30.1	39.4863270	73.5937820	4927.5
1664	1664	1.864	стакан-марка-красная	12.0	30.8	порода-в-тени	0.184	19.0	-1.0	0.0	1.0	bbox	1663	206.2	206.2	206.2	537,1078,4,2	29.1	39.4863270	73.5937840	4927.5
1665	1665	1.699	стакан-марка-красная	13.0	13.9	снег-освещённый	0.635	63.7	-2.0	1.0	2.2	bbox	1664	94.1	94.1	94.1	1115,88,4,3	29.0	39.4863270	73.5937820	4927.5
1666	1666	1.981	стакан-марка-красная	12.0	36.1	порода-в-тени	0.462	13.7	-1.0	2.0	2.2	bbox	1665	87.1	87.1	87.1	25,806,3,3	28.7	39.4863270	73.5937830	4927.5
1667	1667	1.774	стакан-марка-красная	11.0	31.4	снег-освещённый	0.177	81.2	0.0	1.0	1.0	bbox	1666	108.1	108.1	108.1	683,284,4,3	27.9	39.4863260	73.5937820	4927.5
1668	1668	1.910	стакан-марка-красная	12.0	32.9	порода-в-тени	0.217	16.9	-1.0	0.0	1.0	bbox	1667	99.1	99.1	99.1	1401,15,4,4	27.6	39.4863260	73.5937820	4927.5
1669	1669	1.670	рюкзак-синий	11.9	21.3	порода-в-тени	0.215	17.5	-2.0	-2.5	3.2	bbox	1668	147.1	147.1	147.1	1791,137,2,4	27.6	39.4863290	73.5937850	4927.5
1670	1670	0.918	стакан-марка-красная	2.5	24.1	порода-в-тени	1.575	25.7	10.5	-1.5	10.6	bbox	1669	148.1	148.1	148.1	193,901,2,4	27.5	39.4863290	73.5937850	4927.5
1671	1671	1.730	рюкзак-синий	11.6	26.4	порода-в-тени	0.391	12.4	-0.5	-2.5	2.5	bbox	1670	87.1	87.1	87.1	1658,443,2,4	27.0	39.4863270	73.5937830	4927.5
1672	1672	1.920	рюкзак-синий	13.0	28.6	порода-в-тени	0.480	10.2	0.5	-1.0	1.1	bbox	1671	87.1	87.1	87.1	1019,1033,4,2	26.4	39.4863270	73.5937830	4927.5
1673	1673	1.221	стакан-марка-красная	5.6	28.0	порода-в-тени	1.366	21.8	8.5	-4.0	9.4	bbox	1672	223.2	223.2	223.2	599,649,2,4	26.2	39.4863270	73.5937830	4927.5
1674	1674	1.109	стакан-марка-красная	6.3	21.8	порода-в-тени	0.917	28.0	5.0	-1.0	5.1	bbox	1673	87.1	87.1	87.1	1249,587,4,4	25.9	39.4863270	73.5937830	4927.5
1675	1675	1.288	рюкзак-синий	7.6	24.5	порода-в-тени	0.877	14.3	2.0	-6.5	6.8	bbox	1674	108.1	108.1	108.1	531,463,2,4	24.8	39.4863260	73.5937820	4927.5
1676	1676	1.021	стакан-марка-красная	4.3	24.3	порода-в-тени	1.203	25.5	7.5	-1.5	7.6	bbox	1675	147.1	146.1	147.1	1581,393,3,2	23.8	39.4863290	73.5937850	4927.5
1677	1677	1.092	стакан-марка-красная	6.1	22.0	порода-в-тени	0.988	27.8	5.0	2.0	5.4	bbox	1676	109.1	109.1	109.1	45,1061,2,4	23.5	39.4863270	73.5937820	4927.5
1678	1678	1.079	рюкзак-синий	8.6	0.6	снег-в-тени	0.534	39.4	2.5	-5.5	6.0	bbox	1677	108.1	108.1	108.1	0,221,2,3	23.3	39.4863260	73.5937820	4927.5
1679	1679	1.601	рюкзак-синий	12.2	13.9	порода-в-тени	0.277	24.9	-3.0	-2.5	3.9	bbox	1678	147.1	147.1	147.1	1688,989,3,2	21.0	39.4863290	73.5937850	4927.5
1680	1680	1.590	стакан-марка-красная	3.2	43.1	порода-в-тени	1.394	6.7	8.0	2.0	8.2	bbox	1679	109.1	109.1	109.1	1052,251,3,2	19.9	39.4863270	73.5937820	4927.5
1681	1681	1.261	стакан-марка-красная	5.8	28.8	порода-в-тени	1.008	21.0	6.0	-2.0	6.3	bbox	1680	109.1	109.1	109.1	676,1059,3,2	18.3	39.4863270	73.5937820	4927.5
1682	1682	1.147	стакан-марка-красная	7.0	20.8	порода-в-тени	0.848	29.0	4.0	1.0	4.1	bbox	1681	146.1	146.1	146.1	1149,368,2,3	17.0	39.4863290	73.5937850	4927.5
1683	1683	1.601	рюкзак-синий	11.0	22.7	порода-в-тени	0.386	16.1	0.0	-3.0	3.0	bbox	1682	146.1	146.1	146.1	1473,140,2,3	16.7	39.4863290	73.5937850	4927.5
1684	1684	1.467	стакан-марка-красная	6.4	34.5	порода-в-тени	1.122	15.3	6.5	-3.5	7.4	bbox	1683	108.1	108.1	108.1	184,1077,2,3	14.6	39.4863260	73.5937820	4927.5
1685	1685	1.566	стакан-марка-красная	5.0	40.2	порода-в-тени	1.100	9.6	6.0	1.0	6.1	bbox	1684	108.1	108.1	108.1	879,165,2,3	14.0	39.4863260	73.5937820	4927.5
