ранг	ранг_в_группе	расстояние	сигнатура	d_ab	d_L	ловушка	d_ловушки	L	a	b	C	цвет_измерен	track	t_best	t0	t1	bbox	score	lat	lon	alt
1	1	1.568	палка-ручка-пробка	10.0	26.3	корка-жёлтая-на-скале	0.562	49.4	4.0	13.0	13.6	bbox	0	30.0	28.0	33.0	431,129,222,80	25013.8	39.4790800	73.5923178	5287.7
2	2	1.630	стакан-марка-красная	13.0	0.8	корка-жёлтая-на-скале	0.633	50.6	4.0	12.0	12.6	bbox	1	22.0	18.0	22.0	498,153,221,82	24623.8	39.4790791	73.5923184	5287.7
3	3	0.870	палка-ручка-пробка	4.1	19.6	лишайник-жёлтый-на-камне	0.488	56.1	4.0	19.0	19.4	bbox	2	23.0	23.0	27.0	229,17,160,114	20437.6	39.4790790	73.5923183	5287.7
4	4	1.333	стакан-марка-красная	10.6	3.1	корка-жёлтая-на-скале	0.920	52.9	4.0	9.0	9.8	bbox	3	19.0	19.0	22.0	505,3,142,42	8483.8	39.4790786	73.5923185	5287.7
5	5	1.451	палка-ручка-контроль	11.0	12.5	корка-жёлтая-на-скале	0.632	45.1	5.0	15.0	15.8	bbox	4	14.0	13.0	14.0	889,217,106,40	8335.1	39.4790793	73.5923184	5287.7
6	6	1.300	палка-ручка-контроль	10.0	9.4	корка-жёлтая-на-скале	0.638	48.2	5.0	16.0	16.8	bbox	5	13.0	13.0	14.0	937,228,107,37	8196.5	39.4790794	73.5923186	5287.7
7	7	1.760	палка-ручка-контроль	13.2	17.6	корка-жёлтая-на-скале	0.625	40.0	4.0	13.0	13.6	bbox	6	34.0	34.0	34.0	905,53,104,40	8038.4	39.4790802	73.5923176	5287.7
8	8	1.402	стакан-марка-красная	9.2	22.3	порода-в-тени	0.751	27.5	2.0	3.0	3.6	bbox	7	36.0	34.0	37.1	343,233,50,136	6670.2	39.4790802	73.5923177	5287.7
9	9	0.709	палка-ручка-контроль	5.0	9.4	лишайник-жёлтый-на-камне	0.938	48.2	6.0	21.0	21.8	bbox	8	23.0	23.0	23.0	137,23,104,52	6647.0	39.4790790	73.5923183	5287.7
10	10	1.154	стакан-марка-красная	9.2	1.6	порода-охристая	1.067	48.2	4.0	7.0	8.1	bbox	9	30.0	30.0	34.0	184,39,69,50	4818.3	39.4790800	73.5923178	5287.7
11	11	1.289	стакан-марка-красная	10.3	2.0	корка-жёлтая-на-скале	1.152	47.8	2.0	6.0	6.3	bbox	10	22.0	20.0	26.0	253,61,68,52	4566.0	39.4790791	73.5923184	5287.7
12	12	1.370	стакан-марка-красная	10.8	7.1	снег-розовый	0.840	56.9	1.0	5.0	5.1	bbox	11	30.0	30.0	31.0	255,33,76,44	4394.2	39.4790800	73.5923178	5287.7
13	13	1.461	стакан-марка-красная	11.7	2.7	корка-жёлтая-на-скале	0.818	52.5	5.0	11.0	12.1	bbox	12	23.0	23.0	23.0	97,67,69,38	4388.6	39.4790790	73.5923183	5287.7
14	14	1.282	палка-ручка-контроль	9.0	17.2	корка-жёлтая-на-скале	0.834	40.4	6.0	17.0	18.0	bbox	13	12.0	12.0	12.0	957,313,66,24	3904.6	39.4790794	73.5923185	5287.7
15	15	1.660	стакан-марка-красная	12.6	14.1	порода-охристая	0.567	35.7	7.0	13.0	14.8	bbox	14	13.0	13.0	21.0	617,350,40,59	3596.5	39.4790794	73.5923186	5287.7
16	16	1.018	рюкзак-синий	8.1	3.9	снег-в-тени	1.046	42.7	8.0	-10.0	12.8	bbox	15	27.0	24.0	28.0	845,365,28,37	3213.1	39.4790797	73.5923182	5287.7
17	17	1.441	стакан-марка-красная	11.4	5.9	снег-в-тени	0.763	43.9	0.0	-2.0	2.0	bbox	16	20.0	16.0	22.0	117,133,60,124	3165.7	39.4790786	73.5923184	5287.7
18	18	0.776	палка-ручка-контроль	5.0	12.9	лишайник-жёлтый-на-камне	1.307	44.7	9.0	22.0	23.8	bbox	17	22.0	19.0	22.0	553,81,44,28	2936.6	39.4790791	73.5923184	5287.7
19	19	1.330	палка-ручка-пробка	8.2	23.5	лишайник-жёлтый-на-камне	0.825	52.2	7.0	15.0	16.6	bbox	18	33.0	33.0	33.0	509,15,38,38	2829.0	39.4790802	73.5923176	5287.7
20	20	1.362	палка-ручка-контроль	10.4	10.9	порода-охристая	0.735	46.7	9.0	16.0	18.4	bbox	19	33.0	32.0	34.0	451,17,41,36	2803.7	39.4790802	73.5923176	5287.7
21	21	1.408	стакан-марка-красная	11.2	4.7	снег-в-тени	0.880	45.1	0.0	-1.0	1.0	bbox	20	18.0	12.0	18.0	315,51,60,126	2759.0	39.4790785	73.5923183	5287.7
22	22	1.513	стакан-марка-красная	12.1	1.6	корка-жёлтая-на-скале	0.763	48.2	5.0	11.5	12.5	bbox	21	14.0	13.0	14.0	768,167,69,20	2718.9	39.4790793	73.5923184	5287.7
23	23	1.193	палка-ручка-контроль	9.1	10.5	корка-жёлтая-на-скале	0.674	47.1	5.0	17.0	17.7	bbox	22	8.0	8.0	11.0	1193,9,48,20	2547.3	39.4790797	73.5923185	5287.7
24	24	1.404	стакан-марка-красная	10.4	14.5	порода-в-тени	0.663	35.3	1.0	-2.0	2.2	bbox	23	33.0	29.0	33.0	201,131,48,110	2534.5	39.4790802	73.5923176	5287.7
25	25	1.809	стакан-марка-красная	11.7	29.8	снег-освещённый	0.398	79.6	0.0	-3.0	3.0	bbox	24	22.0	19.0	22.0	123,0,58,81	2518.6	39.4790791	73.5923184	5287.7
26	26	1.118	палка-ручка-контроль	8.2	12.1	порода-охристая	0.985	45.5	8.0	18.0	19.7	bbox	25	30.0	30.0	33.0	481,55,48,32	2502.0	39.4790800	73.5923178	5287.7
27	27	1.577	палка-ручка-пробка	10.0	26.7	порода-охристая	0.773	49.0	6.0	13.0	14.3	bbox	26	22.0	18.0	29.0	481,187,48,28	2363.7	39.4790791	73.5923184	5287.7
28	28	1.349	стакан-марка-красная	9.5	18.0	порода-охристая	0.461	31.8	8.0	10.0	12.8	bbox	27	24.0	24.0	24.0	641,849,36,36	2307.3	39.4790794	73.5923182	5287.7
29	29	1.366	палка-ручка-контроль	10.0	15.1	корка-жёлтая-на-скале	0.664	42.5	5.0	16.0	16.8	bbox	28	28.0	24.0	28.0	599,0,38,31	2297.7	39.4790801	73.5923181	5287.7
30	30	1.461	стакан-марка-красная	11.7	2.7	корка-жёлтая-на-скале	0.801	47.1	5.0	11.0	12.1	bbox	29	30.0	30.0	32.0	409,167,54,26	2216.9	39.4790800	73.5923178	5287.7
31	31	1.297	рюкзак-синий	10.0	9.0	снег-в-тени	0.500	47.8	0.0	-4.0	4.0	bbox	30	76.1	73.1	76.1	197,418,60,47	2114.7	39.4790803	73.5923184	5287.7
32	32	1.522	рюкзак-синий	11.2	16.9	снег-в-тени	0.697	55.7	-1.0	-3.0	3.2	bbox	31	15.0	15.0	15.0	213,290,146,125	2108.5	39.4790789	73.5923184	5287.7
33	33	1.730	палка-ручка-контроль	12.2	23.1	порода-охристая	0.548	34.5	8.0	14.0	16.1	bbox	32	34.0	31.0	35.0	585,201,26,40	1993.0	39.4790802	73.5923176	5287.7
34	34	1.787	стакан-марка-красная	14.2	5.5	корка-жёлтая-на-скале	0.637	44.3	0.0	10.0	10.0	bbox	33	45.1	39.1	47.1	1299,217,28,34	1986.7	39.4790798	73.5923176	5287.7
35	35	1.436	стакан-марка-красная	8.6	26.7	порода-охристая	0.910	23.1	6.0	8.0	10.0	bbox	34	13.0	13.0	14.0	315,685,36,63	1947.0	39.4790794	73.5923186	5287.7
36	36	1.261	рюкзак-синий	10.0	3.0	снег-в-тени	0.544	41.8	0.0	-4.0	4.0	bbox	35	32.0	31.0	32.0	129,117,44,68	1775.2	39.4790801	73.5923176	5287.7
37	37	0.864	рюкзак-синий	6.7	5.9	снег-в-тени	0.729	32.9	4.0	-8.0	8.9	bbox	36	75.1	73.1	76.1	249,337,40,22	1680.3	39.4790803	73.5923183	5287.7
38	38	1.412	рюкзак-синий	10.0	18.1	снег-в-тени	0.596	56.9	0.0	-4.0	4.0	bbox	37	15.0	15.0	15.0	359,0,42,77	1662.7	39.4790789	73.5923184	5287.7
39	39	2.202	стакан-марка-красная	14.0	37.3	снег-освещённый	0.335	87.1	-3.0	0.0	3.0	bbox	38	32.0	31.0	32.0	73,921,32,108	1657.6	39.4790801	73.5923176	5287.7
40	40	1.511	стакан-марка-красная	11.2	16.1	порода-охристая	0.647	33.7	6.0	11.0	12.5	bbox	39	10.0	8.0	14.0	865,369,28,34	1619.6	39.4790797	73.5923183	5287.7
41	41	1.375	рюкзак-синий	11.0	0.8	снег-в-тени	0.701	39.6	1.0	-3.0	3.2	bbox	40	31.0	30.0	33.0	263,0,50,61	1614.5	39.4790800	73.5923177	5287.7
42	42	1.823	стакан-марка-красная	12.4	27.1	порода-охристая	0.718	22.7	8.0	13.0	15.3	bbox	41	15.0	15.0	15.0	305,164,50,30	1604.1	39.4790789	73.5923184	5287.7
43	43	1.393	стакан-марка-красная	11.0	5.1	снег-розовый	0.884	54.9	0.0	0.0	0.0	bbox	42	30.0	30.0	32.0	4,83,35,44	1590.9	39.4790800	73.5923178	5287.7
44	44	0.910	рюкзак-синий	7.1	6.1	снег-в-тени	0.552	32.7	0.0	-7.0	7.0	bbox	43	71.1	71.1	71.1	711,215,64,18	1588.1	39.4790806	73.5923184	5287.7
45	45	1.771	палка-ручка-контроль	12.2	25.4	порода-охристая	0.575	32.2	8.0	14.0	16.1	bbox	44	12.0	12.0	14.0	733,407,24,28	1573.9	39.4790794	73.5923185	5287.7
46	46	1.838	палка-ручка-контроль	13.6	19.6	корка-жёлтая-на-скале	0.429	38.0	-2.0	15.0	15.1	bbox	45	64.1	64.1	76.1	289,323,26,30	1528.9	39.4790808	73.5923181	5287.7
47	47	1.113	палка-ручка-пробка	6.1	22.8	лишайник-жёлтый-на-камне	0.513	52.9	4.0	17.0	17.5	bbox	46	24.0	24.0	24.0	761,309,38,18	1499.0	39.4790794	73.5923182	5287.7
48	48	1.239	палка-ручка-пробка	8.2	19.2	лишайник-жёлтый-на-камне	0.427	56.5	3.0	15.0	15.3	bbox	47	15.0	15.0	15.0	921,0,44,19	1469.7	39.4790789	73.5923184	5287.7
49	49	1.411	рюкзак-синий	11.0	8.2	порода-в-тени	0.507	30.6	0.0	-3.0	3.0	bbox	48	64.1	64.1	68.1	5,397,14,108	1467.2	39.4790808	73.5923181	5287.7
50	50	1.279	палка-ручка-пробка	7.6	23.9	корка-жёлтая-на-скале	0.313	51.8	2.0	16.0	16.1	bbox	49	37.1	35.0	37.1	1703,161,22,33	1456.5	39.4790799	73.5923176	5287.7
51	51	1.135	рюкзак-синий	9.1	2.3	снег-в-тени	0.606	36.5	2.0	-5.0	5.4	bbox	50	15.0	15.0	17.0	1533,97,74,16	1448.0	39.4790789	73.5923184	5287.7
52	52	1.416	палка-ручка-пробка	8.1	27.9	корка-жёлтая-на-скале	0.750	47.8	6.0	15.0	16.2	bbox	51	33.0	33.0	33.0	650,139,43,20	1444.3	39.4790802	73.5923176	5287.7
53	53	1.381	стакан-марка-красная	11.0	0.8	снег-в-тени	1.005	50.6	0.0	0.0	0.0	bbox	52	22.0	13.0	22.0	83,106,28,41	1419.0	39.4790791	73.5923184	5287.7
54	54	1.383	рюкзак-синий	11.0	2.4	снег-в-тени	0.668	41.2	0.0	-3.0	3.0	bbox	53	22.0	20.0	22.0	25,67,40,56	1376.4	39.4790791	73.5923184	5287.7
55	55	1.294	стакан-марка-красная	8.1	22.7	порода-охристая	0.745	27.1	7.0	8.0	10.6	bbox	54	14.0	10.0	14.0	293,746,25,34	1371.2	39.4790793	73.5923184	5287.7
56	56	1.914	стакан-марка-красная	12.6	30.2	снег-освещённый	0.376	80.0	-1.0	-3.0	3.2	bbox	55	30.0	29.0	32.0	83,915,22,66	1329.5	39.4790800	73.5923178	5287.7
57	57	1.833	палка-ручка-контроль	11.7	30.9	порода-охристая	0.664	26.7	10.0	15.0	18.0	bbox	56	25.0	23.0	33.0	707,145,38,24	1320.2	39.4790796	73.5923179	5287.7
58	58	1.922	стакан-марка-красная	14.0	22.0	снег-освещённый	0.408	71.8	-3.0	0.0	3.0	bbox	57	15.0	14.0	15.0	0,614,23,59	1294.0	39.4790789	73.5923184	5287.7
59	59	1.063	палка-ручка-пробка	7.0	16.9	лишайник-жёлтый-на-камне	0.462	58.8	5.0	16.0	16.8	bbox	58	16.0	15.0	17.0	1695,695,22,49	1291.6	39.4790786	73.5923185	5287.7
60	60	1.279	палка-ручка-пробка	7.6	23.9	корка-жёлтая-на-скале	0.313	51.8	2.0	16.0	16.1	bbox	59	50.1	48.1	54.1	1893,0,27,15	1268.9	39.4790801	73.5923179	5287.7
61	61	1.389	рюкзак-синий	11.0	4.3	снег-в-тени	0.647	43.1	0.0	-3.0	3.0	bbox	60	71.1	71.1	76.1	597,413,40,32	1214.6	39.4790806	73.5923184	5287.7
62	62	0.975	палка-ручка-пробка	7.3	9.8	лишайник-жёлтый-на-камне	0.177	65.9	3.0	16.0	16.3	bbox	61	16.0	16.0	17.0	1613,669,32,20	1176.0	39.4790786	73.5923185	5287.7
63	63	1.495	рюкзак-синий	11.2	14.9	порода-в-тени	0.307	23.9	-1.0	-3.0	3.2	bbox	62	43.1	42.1	43.1	95,73,44,40	1156.1	39.4790793	73.5923174	5287.7
64	64	1.540	стакан-марка-красная	12.2	5.9	корка-жёлтая-на-скале	0.721	43.9	4.0	11.0	11.7	bbox	63	12.0	12.0	12.0	869,273,46,18	1145.6	39.4790794	73.5923185	5287.7
65	65	1.595	стакан-марка-красная	11.0	22.3	порода-охристая	0.429	27.5	12.0	12.0	17.0	bbox	64	29.0	29.0	32.0	663,822,34,19	1144.8	39.4790800	73.5923180	5287.8
66	66	1.906	стакан-марка-красная	12.6	29.8	снег-освещённый	0.377	79.6	-1.0	-3.0	3.2	bbox	65	22.0	16.0	22.0	151,937,20,60	1137.9	39.4790791	73.5923184	5287.7
67	67	0.898	палка-ручка-пробка	5.0	18.1	лишайник-жёлтый-на-камне	0.485	57.6	1.0	20.0	20.0	bbox	66	6.0	6.0	11.0	1765,225,23,14	1137.1	39.4790801	73.5923185	5287.7
68	68	1.426	стакан-марка-красная	11.4	1.2	порода-охристая	0.598	51.0	8.0	12.0	14.4	bbox	67	17.0	14.0	17.0	179,205,22,40	1124.9	39.4790785	73.5923184	5287.7
69	69	1.222	рюкзак-синий	9.5	8.2	снег-в-тени	0.877	30.6	4.0	-5.0	6.4	bbox	68	21.0	16.0	22.0	121,257,22,44	1123.7	39.4790787	73.5923184	5287.7
70	70	1.608	стакан-марка-красная	12.8	4.3	корка-жёлтая-на-скале	0.765	45.5	1.0	9.0	9.1	bbox	69	55.1	48.1	56.1	1241,207,19,26	1112.8	39.4790806	73.5923179	5287.7
71	71	1.966	стакан-марка-красная	13.0	31.0	снег-освещённый	0.500	80.8	-1.0	-4.0	4.1	bbox	70	15.0	15.0	15.0	119,469,53,72	1111.7	39.4790789	73.5923184	5287.7
72	72	2.201	стакан-марка-красная	13.0	41.6	снег-пересвеченный	0.396	91.4	-1.0	-4.0	4.1	bbox	71	16.0	16.0	17.0	233,281,52,58	1111.2	39.4790786	73.5923185	5287.7
73	73	1.156	рюкзак-синий	8.1	15.9	порода-в-тени	0.679	22.9	0.0	-6.0	6.0	bbox	72	38.1	35.0	38.1	102,11,27,40	1090.8	39.4790796	73.5923174	5287.7
74	74	1.707	рюкзак-синий	9.2	35.3	порода-в-тени	1.002	3.5	3.0	-5.0	5.8	bbox	73	76.1	76.1	76.1	461,31,42,18	1068.2	39.4790803	73.5923184	5287.7
75	75	1.652	палка-ручка-пробка	10.6	27.5	корка-жёлтая-на-скале	0.250	48.2	-2.0	15.0	15.1	bbox	74	25.0	25.0	28.0	991,861,16,24	1064.8	39.4790796	73.5923179	5287.7
76	76	1.706	стакан-марка-красная	13.6	3.9	корка-жёлтая-на-скале	0.753	45.9	0.0	9.0	9.0	bbox	75	5.0	4.0	7.0	1085,137,26,26	1055.2	39.4790802	73.5923185	5287.7
77	77	1.170	рюкзак-синий	9.0	9.0	снег-в-тени	0.395	47.8	1.0	-5.0	5.1	bbox	76	72.1	72.1	72.1	571,401,32,28	1045.8	39.4790805	73.5923183	5287.7
78	78	1.287	стакан-марка-красная	10.3	0.8	снег-в-тени	0.561	49.0	2.0	-4.0	4.5	bbox	77	18.0	18.0	18.0	1813,33,24,40	1038.0	39.4790785	73.5923183	5287.7
79	79	1.565	палка-ручка-пробка	10.6	23.2	корка-жёлтая-на-скале	0.302	52.5	-2.0	15.0	15.1	bbox	78	38.1	35.0	38.1	1873,117,24,26	1024.0	39.4790796	73.5923174	5287.7
80	80	1.534	стакан-марка-красная	12.0	8.2	корка-жёлтая-на-скале	0.815	58.0	3.0	10.0	10.4	bbox	79	30.0	30.0	33.0	378,21,35,20	983.9	39.4790800	73.5923178	5287.7
81	81	1.101	палка-ручка-контроль	7.1	18.4	корка-жёлтая-на-скале	1.053	39.2	7.0	19.0	20.2	bbox	80	22.0	22.0	22.0	487,85,16,24	973.1	39.4790791	73.5923184	5287.7
82	82	1.486	палка-ручка-контроль	11.1	14.9	порода-охристая	0.682	42.7	7.5	15.0	16.8	bbox	81	26.0	25.0	28.0	749,583,28,20	970.3	39.4790796	73.5923179	5287.8
83	83	1.780	стакан-марка-красная	13.0	20.0	снег-освещённый	0.412	69.8	-2.0	0.0	2.0	bbox	82	19.0	19.0	19.0	1833,69,66,38	967.1	39.4790786	73.5923185	5287.7
84	84	1.618	рюкзак-синий	12.2	15.5	порода-в-тени	0.205	23.3	-1.0	-2.0	2.2	bbox	83	64.1	64.1	70.1	57,205,20,52	951.0	39.4790808	73.5923181	5287.7
85	85	0.868	рюкзак-синий	6.7	6.3	снег-в-тени	0.739	32.5	4.0	-8.0	8.9	bbox	84	78.1	77.1	78.1	97,463,12,44	939.6	39.4790804	73.5923184	5287.7
86	86	1.908	стакан-марка-красная	14.0	21.0	снег-освещённый	0.436	70.8	-3.0	0.0	3.0	bbox	85	32.0	32.0	32.0	1761,65,64,26	933.5	39.4790801	73.5923176	5287.7
87	87	2.530	стакан-марка-красная	17.0	38.4	снег-пересвеченный	0.565	88.2	-6.0	1.0	6.1	bbox	86	20.0	18.0	21.0	65,961,16,50	910.3	39.4790786	73.5923184	5287.7
88	88	1.288	рюкзак-синий	10.2	5.1	порода-в-тени	0.619	33.7	-1.0	-4.0	4.1	bbox	87	38.1	38.1	38.1	411,29,41,50	908.2	39.4790796	73.5923174	5287.7
89	89	0.954	палка-ручка-пробка	7.6	1.6	лишайник-жёлтый-на-камне	0.332	74.1	2.0	16.0	16.1	bbox	88	24.0	24.0	24.0	181,237,20,24	905.7	39.4790794	73.5923182	5287.7
90	90	1.729	стакан-марка-красная	6.7	42.3	порода-в-тени	1.424	7.5	8.0	-5.0	9.4	bbox	89	73.1	64.1	80.1	327,510,20,13	897.4	39.4790804	73.5923183	5287.7
91	91	1.725	стакан-марка-красная	13.6	8.2	корка-жёлтая-на-скале	0.782	41.6	0.0	9.0	9.0	bbox	90	80.1	80.1	80.1	1437,151,18,20	891.1	39.4790808	73.5923181	5287.6
92	92	1.749	палка-ручка-контроль	12.4	22.9	корка-жёлтая-на-скале	0.612	34.7	3.0	14.0	14.3	bbox	91	35.0	35.0	37.1	549,583,18,30	890.8	39.4790802	73.5923175	5287.7
93	93	1.047	палка-ручка-пробка	7.0	16.1	лишайник-жёлтый-на-камне	0.448	59.6	5.0	16.0	16.8	bbox	92	29.0	26.0	29.0	861,569,24,17	889.8	39.4790800	73.5923180	5287.8
94	94	1.382	палка-ручка-пробка	8.6	24.3	корка-жёлтая-на-скале	0.179	51.4	0.0	16.0	16.0	bbox	93	74.1	73.1	77.1	601,843,24,18	888.1	39.4790804	73.5923182	5287.7
95	95	1.667	рюкзак-синий	11.2	25.5	порода-в-тени	0.377	13.3	-1.0	-3.0	3.2	bbox	94	53.1	48.1	54.1	1883,1009,28,48	872.7	39.4790802	73.5923180	5287.7
96	96	1.194	стакан-марка-красная	9.5	3.9	снег-в-тени	0.794	45.9	2.0	-2.0	2.8	bbox	95	24.0	24.0	24.0	1329,60,24,31	866.4	39.4790794	73.5923182	5287.7
97	97	1.330	палка-ручка-контроль	9.1	19.6	порода-охристая	0.901	38.0	7.0	17.0	18.4	bbox	96	31.0	31.0	33.0	629,57,18,24	860.5	39.4790800	73.5923177	5287.7
98	98	1.521	рюкзак-синий	12.2	1.2	порода-в-тени	0.722	40.0	-1.0	-2.0	2.2	bbox	97	24.0	24.0	24.0	1287,340,26,39	857.4	39.4790794	73.5923182	5287.7
99	99	1.409	рюкзак-синий	11.0	7.9	снег-в-тени	0.626	46.7	0.0	-3.0	3.0	bbox	98	32.0	32.0	32.0	82,477,37,56	855.0	39.4790801	73.5923176	5287.7
100	100	1.458	стакан-марка-красная	11.7	0.0	корка-жёлтая-на-скале	0.804	49.8	5.0	11.0	12.1	bbox	99	10.0	9.0	11.0	969,281,34,14	843.8	39.4790797	73.5923183	5287.7
101	101	1.231	стакан-марка-красная	9.8	0.8	снег-в-тени	0.675	49.0	2.0	-3.0	3.6	bbox	100	72.1	72.1	74.1	457,231,40,14	843.5	39.4790805	73.5923183	5287.7
102	102	1.623	рюкзак-синий	11.0	23.9	порода-в-тени	0.404	14.9	0.0	-3.0	3.0	bbox	101	42.1	42.1	42.1	55,78,32,35	837.6	39.4790792	73.5923171	5287.7
103	103	1.430	палка-ручка-контроль	9.1	24.5	корка-жёлтая-на-скале	0.853	33.1	5.0	17.0	17.7	bbox	102	23.0	23.0	23.0	503,5,26,16	829.8	39.4790790	73.5923183	5287.7
104	104	1.127	палка-ручка-контроль	7.1	19.6	корка-жёлтая-на-скале	1.066	38.0	7.0	19.0	20.2	bbox	103	20.0	19.0	22.0	619,41,18,22	816.9	39.4790786	73.5923184	5287.7
105	105	0.812	палка-ручка-пробка	4.5	16.5	лишайник-жёлтый-на-камне	0.710	59.2	7.0	19.0	20.2	bbox	104	30.0	30.0	32.0	1389,939,20,18	812.8	39.4790800	73.5923178	5287.7
106	106	1.009	рюкзак-синий	8.1	1.5	снег-в-тени	0.452	37.3	0.0	-6.0	6.0	bbox	105	26.0	26.0	28.0	1663,94,20,19	803.0	39.4790796	73.5923179	5287.8
107	107	1.521	рюкзак-синий	12.2	1.2	порода-в-тени	0.722	40.0	-1.0	-2.0	2.2	bbox	106	64.1	64.1	69.1	22,327,25,68	794.7	39.4790808	73.5923181	5287.7
108	108	1.403	стакан-марка-красная	7.8	28.2	порода-охристая	1.001	21.6	6.0	7.0	9.2	bbox	107	8.0	7.0	11.0	871,249,18,26	790.4	39.4790797	73.5923185	5287.7
109	109	1.613	палка-ручка-контроль	11.6	19.6	корка-жёлтая-на-скале	0.376	38.0	1.0	15.5	15.5	bbox	108	77.1	72.1	78.1	0,247,18,15	773.6	39.4790804	73.5923184	5287.7
110	110	1.019	палка-ручка-контроль	8.1	4.3	лишайник-жёлтый-на-камне	0.771	53.3	7.0	18.0	19.3	bbox	109	22.0	17.0	22.0	1393,967,20,18	772.0	39.4790791	73.5923184	5287.7
111	111	1.305	рюкзак-синий	10.2	7.8	порода-в-тени	0.547	31.0	-1.0	-4.0	4.1	bbox	110	37.1	36.0	37.1	36,13,47,53	769.6	39.4790799	73.5923176	5287.7
112	112	1.378	рюкзак-синий	11.0	2.7	порода-в-тени	0.719	36.1	1.0	-3.0	3.2	bbox	111	32.0	31.0	34.0	155,9,38,35	766.2	39.4790801	73.5923176	5287.7
113	113	1.451	стакан-марка-красная	11.2	11.0	порода-в-тени	0.704	38.8	0.0	-1.0	1.0	bbox	112	27.0	26.0	28.0	1790,307,19,28	747.6	39.4790797	73.5923182	5287.7
114	114	1.269	палка-ручка-контроль	9.8	8.6	корка-жёлтая-на-скале	0.356	49.0	2.0	17.0	17.1	bbox	113	74.1	73.1	74.1	589,1072,28,8	744.0	39.4790804	73.5923182	5287.7
115	115	1.547	палка-ручка-пробка	10.0	25.5	корка-жёлтая-на-скале	0.459	50.2	-3.0	17.0	17.3	bbox	114	74.1	74.1	74.1	0,993,13,16	727.0	39.4790804	73.5923182	5287.7
116	116	2.125	стакан-марка-красная	13.3	36.9	снег-пересвеченный	0.313	86.7	-2.0	-2.0	2.8	bbox	115	41.1	40.1	45.1	901,501,28,44	712.9	39.4790791	73.5923170	5287.7
117	117	1.252	палка-ручка-пробка	8.1	20.8	корка-жёлтая-на-скале	0.309	54.9	1.0	16.0	16.0	bbox	116	37.1	34.0	38.1	1721,209,16,24	712.7	39.4790799	73.5923176	5287.7
118	118	1.404	палка-ручка-пробка	9.0	23.5	корка-жёлтая-на-скале	0.656	52.2	5.0	14.0	14.9	bbox	117	35.0	34.0	36.0	1413,239,18,22	705.3	39.4790802	73.5923175	5287.7
119	119	1.537	палка-ручка-пробка	11.4	16.1	корка-жёлтая-на-скале	0.666	59.6	-4.0	16.0	16.5	bbox	118	34.0	33.0	38.1	1745,1024,16,17	696.1	39.4790802	73.5923176	5287.7
120	120	1.808	стакан-марка-красная	12.1	27.8	снег-розовый	0.559	77.6	0.0	6.0	6.0	bbox	119	76.1	73.1	78.1	332,724,21,21	694.8	39.4790803	73.5923184	5287.7
121	121	1.419	палка-ручка-пробка	9.9	19.4	корка-жёлтая-на-скале	0.412	56.3	-2.0	16.0	16.1	bbox	120	75.1	71.1	78.1	589,349,20,18	691.5	39.4790803	73.5923183	5287.7
122	122	0.887	палка-ручка-пробка	7.1	1.9	лишайник-жёлтый-на-камне	0.516	77.6	4.0	16.0	16.5	bbox	121	31.0	31.0	31.0	1457,897,16,14	688.0	39.4790800	73.5923177	5287.7
123	123	2.026	палка-ручка-пробка	15.7	14.7	снег-розовый	1.107	90.4	-2.0	9.0	9.2	bbox	122	26.0	25.0	28.0	409,496,18,14	678.6	39.4790796	73.5923179	5287.8
124	124	1.193	палка-ручка-пробка	7.3	21.6	лишайник-жёлтый-на-камне	0.443	54.1	3.0	16.0	16.3	bbox	123	12.0	12.0	12.0	1441,785,13,17	657.8	39.4790794	73.5923185	5287.7
125	125	0.884	рюкзак-синий	7.1	0.8	снег-в-тени	0.370	38.0	0.0	-7.0	7.0	bbox	124	71.1	71.1	79.1	587,249,46,14	650.1	39.4790806	73.5923184	5287.7
126	126	1.779	рюкзак-синий	13.0	20.0	порода-в-тени	0.256	18.8	0.0	-1.0	1.0	bbox	125	23.0	23.0	23.0	1889,537,26,14	648.6	39.4790790	73.5923183	5287.7
127	127	0.634	рюкзак-синий	5.0	2.9	снег-в-тени	0.703	35.9	4.0	-10.0	10.8	bbox	126	36.0	35.0	37.1	9,433,8,38	641.1	39.4790802	73.5923177	5287.7
128	128	0.488	рюкзак-синий	2.0	11.7	снег-в-тени	0.902	27.1	1.0	-12.0	12.0	bbox	127	71.1	71.1	72.1	1041,385,28,12	640.8	39.4790806	73.5923184	5287.7
129	129	1.011	рюкзак-синий	8.0	4.1	снег-в-тени	0.545	34.7	1.0	-6.0	6.1	bbox	128	77.1	77.1	79.1	561,487,16,22	639.5	39.4790804	73.5923184	5287.7
130	130	0.761	палка-ручка-контроль	6.1	0.8	лишайник-жёлтый-на-камне	0.771	58.4	7.0	20.0	21.2	bbox	129	22.0	22.0	22.0	1453,969,22,14	638.3	39.4790791	73.5923184	5287.7
131	131	1.166	палка-ручка-контроль	9.2	5.1	лишайник-жёлтый-на-камне	0.881	52.5	8.0	17.0	18.8	bbox	130	30.0	30.0	30.0	1321,937,24,15	635.2	39.4790800	73.5923178	5287.7
132	132	1.300	рюкзак-синий	10.0	9.4	порода-в-тени	0.554	29.4	0.0	-4.0	4.0	bbox	131	35.0	34.0	36.0	351,0,24,31	628.0	39.4790802	73.5923175	5287.7
133	133	1.068	стакан-марка-красная	8.5	3.5	снег-в-тени	0.731	46.3	5.0	-5.0	7.1	bbox	132	30.0	30.0	30.0	1211,9,49,8	618.4	39.4790800	73.5923178	5287.7
134	134	1.580	палка-ручка-пробка	10.6	23.9	корка-жёлтая-на-скале	0.287	51.8	-2.0	15.0	15.1	bbox	133	8.0	8.0	9.0	1568,473,23,16	613.4	39.4790797	73.5923185	5287.7
135	135	1.530	стакан-марка-красная	11.7	12.5	порода-охристая	0.517	37.3	7.0	12.0	13.9	bbox	134	34.0	34.0	34.0	889,71,23,12	604.1	39.4790802	73.5923176	5287.7
136	136	1.354	палка-ручка-пробка	8.5	23.5	корка-жёлтая-на-скале	0.320	52.2	-1.0	17.0	17.0	bbox	135	71.1	71.1	71.1	285,797,20,16	603.8	39.4790806	73.5923184	5287.7
137	137	1.175	палка-ручка-пробка	7.3	20.8	лишайник-жёлтый-на-камне	0.418	54.9	3.0	16.0	16.3	bbox	136	11.0	9.0	11.0	1745,407,24,10	602.8	39.4790795	73.5923183	5287.7
138	138	0.923	рюкзак-синий	6.3	13.4	снег-в-тени	0.406	52.2	3.0	-8.0	8.5	bbox	137	25.0	25.0	28.0	1721,87,24,12	602.8	39.4790796	73.5923179	5287.7
139	139	1.451	стакан-марка-красная	8.1	29.2	порода-охристая	0.892	20.6	7.0	8.0	10.6	bbox	138	53.1	52.1	53.1	1047,17,15,18	602.2	39.4790802	73.5923180	5287.7
140	140	0.966	палка-ручка-контроль	7.2	9.8	корка-жёлтая-на-скале	0.673	47.8	2.0	20.0	20.1	bbox	139	71.1	71.1	71.1	49,191,28,12	601.2	39.4790806	73.5923184	5287.7
141	141	1.702	палка-ручка-контроль	12.4	20.0	корка-жёлтая-на-скале	0.536	37.6	3.0	14.0	14.3	bbox	140	30.0	27.0	32.0	657,102,16,13	600.0	39.4790800	73.5923178	5287.7
142	142	1.181	рюкзак-синий	7.1	21.9	порода-в-тени	0.910	16.9	2.0	-7.0	7.3	bbox	141	75.1	73.1	76.1	1037,349,20,24	597.5	39.4790803	73.5923183	5287.7
143	143	1.647	стакан-марка-красная	13.0	6.7	корка-жёлтая-на-скале	0.891	43.1	0.0	8.0	8.0	bbox	142	24.0	20.0	24.0	955,697,18,22	596.8	39.4790794	73.5923182	5287.7
144	144	1.156	рюкзак-синий	7.0	21.2	порода-в-тени	0.844	17.6	1.0	-7.0	7.1	bbox	143	72.1	71.1	72.1	956,172,23,17	596.6	39.4790805	73.5923183	5287.7
145	145	1.037	рюкзак-синий	8.1	6.8	снег-в-тени	0.618	32.0	0.0	-6.0	6.0	bbox	144	70.1	70.1	70.1	817,369,34,10	589.7	39.4790806	73.5923183	5287.7
146	146	1.225	стакан-марка-красная	9.5	8.6	снег-в-тени	0.825	41.2	2.0	-2.0	2.8	bbox	145	23.0	23.0	23.0	1197,219,26,22	587.8	39.4790790	73.5923183	5287.7
147	147	1.119	рюкзак-синий	7.1	19.2	порода-в-тени	0.902	19.6	2.0	-7.0	7.3	bbox	146	76.1	76.1	76.1	881,17,30,18	585.0	39.4790803	73.5923184	5287.7
148	148	1.133	стакан-марка-красная	8.0	14.9	порода-охристая	0.279	34.9	11.0	9.0	14.2	bbox	147	26.0	26.0	26.0	379,1067,32,13	574.1	39.4790796	73.5923179	5287.8
149	149	2.565	крышка-бирюзовая	18.9	28.3	снег-пересвеченный	1.020	82.4	-9.0	3.0	9.5	bbox	148	15.0	15.0	15.0	51,1038,6,42	567.0	39.4790789	73.5923184	5287.7
150	150	1.730	палка-ручка-контроль	12.7	19.6	корка-жёлтая-на-скале	0.638	38.0	4.0	13.5	14.1	bbox	149	20.0	18.0	25.0	861,81,17,14	566.5	39.4790786	73.5923184	5287.7
151	151	1.968	стакан-марка-красная	11.7	36.9	порода-охристая	1.045	12.9	7.0	12.0	13.9	bbox	150	72.1	70.1	72.1	361,934,17,15	563.0	39.4790805	73.5923183	5287.7
152	152	1.288	палка-ручка-контроль	9.1	17.2	порода-охристая	0.904	40.4	7.0	17.0	18.4	bbox	151	36.0	35.0	37.1	407,405,12,18	562.9	39.4790802	73.5923177	5287.7
153	153	1.522	рюкзак-синий	12.2	1.5	порода-в-тени	0.627	37.3	-1.0	-2.0	2.2	bbox	152	64.1	64.1	68.1	171,113,22,30	560.4	39.4790808	73.5923181	5287.7
154	154	1.136	рюкзак-синий	9.0	4.3	снег-в-тени	0.429	43.1	1.0	-5.0	5.1	bbox	153	17.0	16.0	17.0	93,417,20,32	559.0	39.4790785	73.5923184	5287.7
155	155	1.229	палка-ручка-пробка	9.2	12.0	лишайник-жёлтый-на-камне	0.400	63.7	-1.0	16.0	16.0	bbox	154	38.1	37.1	38.1	1865,0,15,12	558.6	39.4790796	73.5923174	5287.7
156	156	1.010	рюкзак-синий	8.0	3.9	снег-в-тени	0.333	42.7	1.0	-6.0	6.1	bbox	155	17.0	16.0	18.0	36,505,23,28	554.3	39.4790785	73.5923184	5287.7
157	157	2.624	стакан-марка-красная	19.2	29.4	снег-освещённый	1.009	79.2	-8.0	4.0	8.9	bbox	156	78.1	78.1	78.1	17,207,14,26	552.3	39.4790804	73.5923184	5287.7
158	158	1.195	рюкзак-синий	2.2	32.5	порода-в-тени	1.548	6.3	2.0	-12.0	12.2	bbox	157	71.1	71.1	71.1	1389,533,23,10	552.0	39.4790806	73.5923184	5287.7
159	159	0.774	стакан-марка-красная	5.8	7.3	порода-охристая	0.744	42.5	8.0	6.0	10.0	bbox	158	29.0	29.0	29.0	1294,119,35,10	547.7	39.4790800	73.5923180	5287.8
160	160	1.155	рюкзак-синий	9.2	2.3	снег-в-тени	0.566	36.5	-1.0	-5.0	5.1	bbox	159	39.1	36.0	39.1	483,29,22,32	536.2	39.4790794	73.5923172	5287.7
161	161	1.797	стакан-марка-красная	13.9	12.9	снег-розовый	0.992	62.7	-1.0	8.0	8.1	bbox	160	27.0	27.0	29.0	433,593,10,16	535.3	39.4790797	73.5923182	5287.7
162	162	1.052	рюкзак-синий	8.1	8.5	снег-в-тени	0.354	47.3	2.0	-6.0	6.3	bbox	161	23.0	23.0	23.0	1697,49,40,12	535.2	39.4790790	73.5923183	5287.7
163	163	0.876	стакан-марка-красная	6.7	7.1	порода-охристая	0.644	42.7	8.0	7.0	10.6	bbox	162	33.0	29.0	33.0	145,311,24,14	532.0	39.4790802	73.5923176	5287.7
164	164	0.832	рюкзак-синий	6.6	3.5	снег-в-тени	0.516	35.3	2.0	-7.5	7.8	bbox	163	70.1	70.1	70.1	0,301,25,12	522.7	39.4790806	73.5923183	5287.7
165	165	1.543	палка-ручка-контроль	9.1	29.4	порода-охристая	0.972	28.2	7.0	17.0	18.4	bbox	164	32.0	32.0	36.0	93,329,22,19	520.9	39.4790801	73.5923176	5287.7
166	166	1.319	стакан-марка-красная	8.9	19.6	порода-в-тени	0.759	30.2	3.0	-3.0	4.2	bbox	165	33.0	30.0	33.0	295,73,16,26	520.1	39.4790802	73.5923176	5287.7
167	167	1.471	стакан-марка-красная	9.8	22.6	снег-освещённый	0.610	72.4	2.0	-3.0	3.6	bbox	166	22.0	22.0	27.0	543,0,28,33	516.2	39.4790791	73.5923184	5287.7
168	168	1.917	стакан-марка-красная	14.1	20.8	снег-освещённый	0.459	70.6	-3.0	-1.0	3.2	bbox	167	70.1	70.1	70.1	425,875,40,16	511.7	39.4790806	73.5923183	5287.7
169	169	1.460	рюкзак-синий	6.3	34.5	порода-в-тени	1.331	4.3	4.0	-8.5	9.4	bbox	168	72.1	72.1	72.1	729,181,23,8	510.4	39.4790805	73.5923183	5287.7
170	170	0.907	рюкзак-синий	7.0	6.6	снег-в-тени	0.586	32.2	1.0	-7.0	7.1	bbox	169	64.1	64.1	65.1	21,85,8,36	510.1	39.4790808	73.5923181	5287.7
171	171	1.031	палка-ручка-пробка	7.3	13.5	лишайник-жёлтый-на-камне	0.213	62.2	3.0	16.0	16.3	bbox	170	36.0	34.0	36.0	1365,169,22,11	506.3	39.4790802	73.5923177	5287.7
172	172	1.620	стакан-марка-красная	11.6	20.0	снег-освещённый	0.663	69.8	0.5	-4.0	4.0	bbox	171	15.0	15.0	15.0	1881,85,39,8	504.9	39.4790789	73.5923184	5287.7
173	173	1.569	палка-ручка-контроль	11.4	18.4	корка-жёлтая-на-скале	0.484	39.2	3.0	15.0	15.3	bbox	172	14.0	14.0	14.0	464,983,15,22	504.3	39.4790793	73.5923184	5287.7
174	174	1.707	стакан-марка-красная	12.0	22.5	порода-в-тени	0.302	27.3	-1.0	0.0	1.0	bbox	173	64.1	64.1	69.1	157,229,20,27	503.0	39.4790808	73.5923181	5287.7
175	175	1.306	стакан-марка-красная	7.8	24.3	порода-охристая	0.924	25.5	6.0	7.0	9.2	bbox	174	22.0	22.0	22.0	937,697,18,16	498.5	39.4790791	73.5923184	5287.7
176	176	1.454	палка-ручка-пробка	9.9	21.4	корка-жёлтая-на-скале	0.364	54.3	-2.0	16.0	16.1	bbox	175	52.1	52.1	54.1	1737,233,22,10	491.8	39.4790802	73.5923179	5287.7
177	177	1.866	рюкзак-синий	13.0	25.5	порода-в-тени	0.355	13.3	0.0	-1.0	1.0	bbox	176	24.0	24.0	24.0	1799,913,18,18	491.7	39.4790794	73.5923182	5287.7
178	178	1.807	палка-ручка-пробка	14.3	7.1	лишайник-жёлтый-на-камне	0.959	68.6	-1.0	10.0	10.0	bbox	177	27.0	27.0	27.0	9,857,14,12	489.4	39.4790797	73.5923182	5287.7
179	179	1.413	рюкзак-синий	10.0	18.5	снег-в-тени	0.616	57.3	1.0	-4.0	4.1	bbox	178	15.0	15.0	15.0	45,561,28,28	487.5	39.4790789	73.5923184	5287.7
180	180	1.022	стакан-марка-красная	7.8	8.4	снег-в-тени	0.869	41.4	6.0	-5.0	7.8	bbox	179	15.0	15.0	22.0	305,73,47,6	486.9	39.4790789	73.5923184	5287.7
181	181	1.350	палка-ручка-пробка	9.5	18.1	корка-жёлтая-на-скале	0.449	57.6	2.0	14.0	14.1	bbox	180	14.0	14.0	14.0	985,201,25,12	483.6	39.4790793	73.5923184	5287.7
182	182	1.765	палка-ручка-пробка	14.1	0.8	лишайник-жёлтый-на-камне	1.008	76.5	-0.5	10.0	10.0	bbox	181	75.1	68.1	79.1	73,560,13,16	480.2	39.4790803	73.5923183	5287.7
183	183	1.139	рюкзак-синий	8.1	14.9	порода-в-тени	0.685	23.9	0.0	-6.0	6.0	bbox	182	39.1	38.1	39.1	234,91,13,34	480.0	39.4790794	73.5923172	5287.7
184	184	1.629	палка-ручка-пробка	12.6	11.0	лишайник-жёлтый-на-камне	1.072	86.7	1.0	11.0	11.0	bbox	183	23.0	23.0	23.0	689,635,22,10	477.8	39.4790790	73.5923183	5287.7
185	185	1.923	стакан-марка-красная	13.9	23.1	порода-в-тени	1.154	26.7	-1.0	8.0	8.1	bbox	184	47.1	45.1	47.1	1481,200,21,14	477.3	39.4790798	73.5923178	5287.7
186	186	1.321	палка-ручка-пробка	8.2	23.2	лишайник-жёлтый-на-камне	0.817	52.5	7.0	15.0	16.6	bbox	185	27.0	25.0	28.0	325,835,28,10	476.5	39.4790797	73.5923182	5287.7
187	187	0.905	рюкзак-синий	7.2	2.1	снег-в-тени	0.741	36.7	5.0	-8.0	9.4	bbox	186	18.0	15.0	18.0	1633,203,33,6	472.7	39.4790785	73.5923183	5287.7
188	188	1.335	палка-ручка-контроль	9.8	14.5	корка-жёлтая-на-скале	0.391	43.1	2.0	17.0	17.1	bbox	187	78.1	77.1	82.1	521,407,16,8	471.5	39.4790804	73.5923184	5287.7
189	189	1.627	палка-ручка-пробка	12.5	12.4	корка-жёлтая-на-скале	0.966	63.3	-6.0	17.0	18.0	bbox	188	76.1	75.1	76.1	367,677,10,12	467.8	39.4790803	73.5923184	5287.7
190	190	2.687	стакан-марка-красная	19.1	34.5	снег-пересвеченный	0.929	84.3	-8.0	3.0	8.5	bbox	189	78.1	78.1	79.1	0,137,9,24	466.7	39.4790804	73.5923184	5287.7
191	191	0.985	палка-ручка-пробка	7.1	12.2	лишайник-жёлтый-на-камне	0.288	63.5	4.0	16.0	16.5	bbox	190	28.0	28.0	29.0	801,629,16,16	454.5	39.4790801	73.5923181	5287.7
192	192	0.942	рюкзак-синий	7.0	9.8	снег-в-тени	0.694	29.0	1.0	-7.0	7.1	bbox	191	34.0	34.0	36.0	235,305,12,34	453.4	39.4790802	73.5923176	5287.7
193	193	1.076	рюкзак-синий	8.5	5.1	снег-в-тени	1.009	33.7	7.0	-8.0	10.6	bbox	192	29.0	29.0	29.0	903,455,14,15	448.8	39.4790800	73.5923180	5287.8
194	194	1.082	рюкзак-синий	8.6	3.3	снег-в-тени	0.878	35.5	6.0	-7.0	9.2	bbox	193	23.0	23.0	23.0	895,513,10,16	447.5	39.4790790	73.5923183	5287.7
195	195	1.420	рюкзак-синий	11.2	7.0	порода-в-тени	0.493	31.8	-1.0	-3.0	3.2	bbox	194	84.1	81.1	89.1	1857,341,24,22	443.0	39.4790815	73.5923178	5287.7
196	196	1.153	палка-ручка-пробка	9.2	0.8	лишайник-жёлтый-на-камне	0.519	74.9	-1.0	16.0	16.0	bbox	195	22.0	16.0	22.0	527,853,11,16	440.3	39.4790791	73.5923184	5287.7
197	197	1.358	стакан-марка-красная	8.1	25.5	порода-охристая	0.802	24.3	7.0	8.0	10.6	bbox	196	30.0	30.0	30.0	871,673,18,16	439.7	39.4790800	73.5923178	5287.7
198	198	1.313	рюкзак-синий	9.2	17.6	снег-в-тени	1.298	21.2	7.0	-7.0	9.9	bbox	197	73.1	73.1	75.1	59,0,16,11	438.0	39.4790804	73.5923183	5287.7
199	199	1.833	рюкзак-синий	13.0	23.5	порода-в-тени	0.309	15.3	0.0	-1.0	1.0	bbox	198	31.0	31.0	31.0	1809,472,22,9	437.8	39.4790800	73.5923177	5287.7
200	200	1.623	палка-ручка-пробка	10.6	26.1	корка-жёлтая-на-скале	0.258	49.6	-2.0	15.0	15.1	bbox	199	12.0	6.0	12.0	1837,1026,14,15	435.2	39.4790794	73.5923185	5287.7
201	201	1.122	палка-ручка-пробка	7.8	15.5	лишайник-жёлтый-на-камне	0.438	60.2	-1.0	18.0	18.0	bbox	200	13.0	13.0	14.0	1681,975,10,18	431.7	39.4790794	73.5923186	5287.7
202	202	1.112	рюкзак-синий	8.1	13.2	снег-в-тени	0.291	52.0	0.0	-6.0	6.0	bbox	201	82.1	81.1	89.1	1871,1033,14,30	431.2	39.4790813	73.5923178	5287.7
203	203	1.174	рюкзак-синий	9.0	9.4	порода-в-тени	0.703	29.4	1.0	-5.0	5.1	bbox	202	34.0	34.0	34.0	705,0,20,21	430.1	39.4790802	73.5923176	5287.7
204	204	1.427	стакан-марка-красная	11.4	1.8	порода-охристая	0.524	48.0	8.0	12.0	14.4	bbox	203	23.0	23.0	23.0	796,0,17,16	427.1	39.4790790	73.5923183	5287.7
205	205	1.267	палка-ручка-пробка	9.2	14.7	лишайник-жёлтый-на-камне	0.525	61.0	-2.0	17.0	17.1	bbox	204	72.1	72.1	72.1	21,953,12,10	424.2	39.4790805	73.5923183	5287.7
206	206	1.118	рюкзак-синий	8.2	12.1	порода-в-тени	0.676	26.7	-1.0	-6.0	6.1	bbox	205	42.1	40.1	42.1	117,12,18,26	423.4	39.4790792	73.5923171	5287.7
207	207	1.908	палка-ручка-пробка	15.2	3.5	снег-розовый	0.954	79.2	-1.0	9.0	9.1	bbox	206	27.0	27.0	28.0	845,467,10,30	422.6	39.4790797	73.5923182	5287.7
208	208	1.426	стакан-марка-красная	11.4	1.2	снег-в-тени	0.759	51.0	0.0	-2.0	2.0	bbox	207	82.1	81.1	89.1	1874,103,13,21	420.7	39.4790813	73.5923178	5287.7
209	209	1.874	палка-ручка-пробка	14.8	9.0	корка-жёлтая-на-скале	0.952	66.7	-2.0	10.0	10.2	bbox	208	53.1	52.1	54.1	1757,343,15,14	419.3	39.4790802	73.5923180	5287.7
210	210	1.766	стакан-марка-красная	13.6	13.3	снег-розовый	0.811	63.1	-2.0	5.0	5.4	bbox	209	24.0	24.0	24.0	65,483,12,27	416.4	39.4790794	73.5923182	5287.7
211	211	1.646	стакан-марка-красная	11.0	25.1	порода-в-тени	0.319	24.7	0.0	0.0	0.0	bbox	210	82.1	81.1	89.1	1813,305,26,23	415.4	39.4790813	73.5923178	5287.7
212	212	1.546	стакан-марка-красная	12.4	0.6	снег-в-тени	0.762	49.2	-1.0	-2.0	2.2	bbox	211	10.0	10.0	11.0	1883,23,18,20	411.6	39.4790797	73.5923183	5287.7
213	213	1.351	палка-ручка-пробка	8.1	25.1	порода-охристая	0.804	50.6	8.0	15.5	17.4	bbox	212	23.0	23.0	24.0	365,161,12,12	409.9	39.4790790	73.5923183	5287.7
214	214	1.559	стакан-марка-красная	12.2	9.6	порода-охристая	0.359	40.2	9.0	13.0	15.8	bbox	213	15.0	15.0	15.0	260,241,19,16	408.3	39.4790789	73.5923184	5287.7
215	215	0.822	рюкзак-синий	6.0	9.4	снег-в-тени	0.126	48.2	1.0	-8.0	8.1	bbox	214	39.1	38.1	42.1	201,377,8,28	408.0	39.4790794	73.5923172	5287.7
216	216	1.166	рюкзак-синий	9.1	7.8	снег-в-тени	0.751	31.0	2.0	-5.0	5.4	bbox	215	14.0	14.0	14.0	801,41,24,16	402.0	39.4790793	73.5923184	5287.7
217	217	1.529	палка-ручка-контроль	11.0	18.4	корка-жёлтая-на-скале	0.696	39.2	5.0	15.0	15.8	bbox	216	23.0	23.0	23.0	91,157,18,15	398.6	39.4790790	73.5923183	5287.7
218	218	1.496	палка-ручка-пробка	10.0	22.8	корка-жёлтая-на-скале	0.588	52.9	4.0	13.0	13.6	bbox	217	24.0	24.0	24.0	838,609,19,13	398.4	39.4790794	73.5923182	5287.7
219	219	1.411	рюкзак-синий	11.2	5.5	снег-в-тени	0.649	44.3	-1.0	-3.0	3.2	bbox	218	70.1	66.1	70.1	753,471,24,18	398.3	39.4790806	73.5923183	5287.7
220	220	1.050	рюкзак-синий	7.3	14.7	порода-в-тени	0.772	24.1	-1.0	-7.0	7.1	bbox	219	8.0	6.0	8.0	1877,1053,14,14	397.8	39.4790797	73.5923185	5287.7
221	221	1.159	рюкзак-синий	9.2	3.6	снег-в-тени	0.441	42.4	-1.0	-5.0	5.1	bbox	220	38.1	37.1	38.1	371,105,18,30	395.1	39.4790796	73.5923174	5287.7
222	222	1.209	стакан-марка-красная	9.7	2.0	снег-в-тени	0.745	51.8	2.0	-2.5	3.2	bbox	221	24.0	24.0	25.0	581,115,20,18	392.2	39.4790794	73.5923182	5287.7
223	223	1.668	стакан-марка-красная	12.6	14.9	снег-освещённый	0.686	64.7	-1.0	-3.0	3.2	bbox	222	39.1	38.1	39.1	732,21,21,14	389.6	39.4790794	73.5923172	5287.7
224	224	1.066	рюкзак-синий	7.1	16.7	снег-в-тени	0.392	55.5	2.0	-7.0	7.3	bbox	223	78.1	77.1	78.1	93,385,14,18	388.6	39.4790804	73.5923184	5287.7
225	225	1.334	рюкзак-синий	10.0	12.6	снег-в-тени	0.516	51.4	0.0	-4.0	4.0	bbox	224	15.0	15.0	15.0	174,436,19,33	382.4	39.4790789	73.5923184	5287.7
226	226	1.626	стакан-марка-красная	13.0	1.6	порода-в-тени	1.025	48.2	-2.0	1.0	2.2	bbox	225	32.0	32.0	32.0	1617,73,28,12	381.4	39.4790801	73.5923176	5287.7
227	227	1.541	палка-ручка-пробка	12.1	8.6	лишайник-жёлтый-на-камне	0.951	84.3	0.0	12.0	12.0	bbox	226	16.0	16.0	20.0	1211,349,18,8	378.9	39.4790786	73.5923185	5287.7
228	228	1.520	палка-ручка-контроль	9.5	26.6	корка-жёлтая-на-скале	0.751	31.0	3.0	17.0	17.3	bbox	227	71.1	71.1	71.1	135,138,10,18	374.5	39.4790806	73.5923184	5287.7
229	229	1.051	палка-ручка-пробка	7.3	14.7	лишайник-жёлтый-на-камне	0.725	61.0	-2.0	21.0	21.1	bbox	228	71.1	67.1	71.1	97,917,12,12	374.1	39.4790806	73.5923184	5287.7
230	230	1.590	стакан-марка-красная	11.0	22.3	порода-охристая	0.411	27.5	11.0	12.0	16.3	bbox	229	23.0	23.0	23.0	729,769,22,10	371.0	39.4790790	73.5923183	5287.7
231	231	0.685	рюкзак-синий	5.1	7.0	снег-в-тени	0.637	31.8	2.0	-9.0	9.2	bbox	230	19.0	19.0	19.0	1897,151,23,10	370.5	39.4790786	73.5923185	5287.7
232	232	1.252	палка-ручка-контроль	9.2	13.7	корка-жёлтая-на-скале	0.576	43.9	4.0	17.0	17.5	bbox	231	29.0	27.0	29.0	785,275,16,10	370.0	39.4790800	73.5923180	5287.8
233	233	0.791	рюкзак-синий	6.0	7.0	снег-в-тени	0.586	31.8	1.0	-8.0	8.1	bbox	232	34.0	34.0	34.0	1727,25,34,8	367.9	39.4790802	73.5923176	5287.7
234	234	1.467	палка-ручка-контроль	11.2	12.5	корка-жёлтая-на-скале	0.201	45.1	1.0	16.0	16.0	bbox	233	72.1	72.1	73.1	54,71,11,12	367.7	39.4790805	73.5923183	5287.7
235	235	1.890	палка-ручка-пробка	14.8	11.4	снег-розовый	1.168	87.1	-2.0	10.0	10.2	bbox	234	24.0	24.0	24.0	565,993,14,8	367.6	39.4790794	73.5923182	5287.7
236	236	0.970	палка-ручка-пробка	7.3	9.4	лишайник-жёлтый-на-камне	0.179	66.3	3.0	16.0	16.3	bbox	235	28.0	25.0	28.0	687,718,18,9	367.5	39.4790801	73.5923181	5287.7
237	237	2.468	палка-древко-контроль	16.0	40.4	снег-пересвеченный	0.697	82.0	-7.0	1.0	7.1	bbox	236	78.1	75.1	78.1	197,439,10,26	367.3	39.4790804	73.5923184	5287.7
238	238	1.034	палка-ручка-пробка	8.2	2.4	лишайник-жёлтый-на-камне	0.395	73.3	3.0	15.0	15.3	bbox	237	14.0	12.0	14.0	1841,705,12,10	365.3	39.4790793	73.5923184	5287.7
239	239	0.561	рюкзак-синий	4.5	1.2	снег-в-тени	0.578	37.6	3.0	-10.0	10.4	bbox	238	34.0	34.0	36.0	251,432,4,33	365.2	39.4790802	73.5923176	5287.7
240	240	2.650	стакан-марка-красная	19.6	27.8	снег-освещённый	1.158	77.6	-8.0	6.0	10.0	bbox	239	19.0	18.0	19.0	29,471,6,46	364.2	39.4790786	73.5923185	5287.7
241	241	1.845	стакан-марка-красная	14.3	12.6	снег-розовый	0.968	62.4	-2.0	7.0	7.3	bbox	240	39.1	39.1	43.1	661,605,12,13	361.3	39.4790794	73.5923172	5287.7
242	242	0.750	рюкзак-синий	6.0	0.6	снег-в-тени	0.364	38.2	1.0	-8.0	8.1	bbox	241	13.0	13.0	14.0	293,992,14,25	358.3	39.4790794	73.5923186	5287.7
243	243	1.629	стакан-марка-красная	12.6	11.0	порода-охристая	0.559	38.8	7.0	13.0	14.8	bbox	242	27.0	27.0	29.0	24,709,13,15	358.0	39.4790797	73.5923182	5287.7
244	244	1.366	стакан-марка-красная	6.7	30.2	порода-охристая	0.917	19.6	8.0	7.0	10.6	bbox	243	20.0	20.0	20.0	1247,167,12,12	356.8	39.4790786	73.5923184	5287.7
245	245	0.952	стакан-марка-красная	7.6	0.4	порода-охристая	0.677	50.2	8.0	8.0	11.3	bbox	244	29.0	25.0	29.0	633,671,16,11	355.8	39.4790800	73.5923180	5287.8
246	246	1.142	палка-ручка-пробка	9.1	4.3	лишайник-жёлтый-на-камне	0.497	71.4	4.0	14.0	14.6	bbox	245	34.0	34.0	35.0	1219,329,18,12	353.9	39.4790802	73.5923176	5287.7
247	247	0.989	стакан-марка-красная	7.8	4.5	снег-в-тени	0.805	45.3	5.0	-4.0	6.4	bbox	246	20.0	20.0	20.0	1189,81,24,8	353.6	39.4790786	73.5923184	5287.7
248	248	0.983	стакан-марка-красная	7.8	3.1	порода-охристая	0.853	46.7	6.0	7.0	9.2	bbox	247	24.0	24.0	24.0	1298,165,25,14	349.5	39.4790794	73.5923182	5287.7
249	249	1.123	стакан-марка-красная	5.8	23.9	порода-охристая	0.855	25.9	8.0	6.0	10.0	bbox	248	17.0	16.0	17.0	1235,429,14,20	348.6	39.4790785	73.5923184	5287.7
250	250	0.729	палка-ручка-контроль	5.8	0.3	лишайник-жёлтый-на-камне	1.050	57.3	9.0	21.0	22.8	bbox	249	33.0	33.0	33.0	1527,847,14,9	346.8	39.4790802	73.5923176	5287.7
251	251	1.212	палка-ручка-пробка	8.1	18.8	лишайник-жёлтый-на-камне	0.356	56.9	1.0	16.0	16.0	bbox	250	37.1	36.0	37.1	1905,421,15,9	346.4	39.4790799	73.5923176	5287.7
252	252	1.560	стакан-марка-красная	8.1	33.3	порода-охристая	1.002	16.5	7.0	8.0	10.6	bbox	251	20.0	17.0	20.0	1144,403,21,12	345.9	39.4790786	73.5923184	5287.7
253	253	1.256	палка-ручка-пробка	8.5	18.8	корка-жёлтая-на-скале	0.428	56.9	-1.0	17.0	17.0	bbox	252	12.0	12.0	12.0	1665,985,12,10	343.8	39.4790794	73.5923185	5287.7
254	254	1.282	палка-ручка-пробка	10.0	8.0	лишайник-жёлтый-на-камне	0.792	83.7	-1.0	15.0	15.0	bbox	253	24.0	24.0	24.0	189,381,8,18	343.8	39.4790794	73.5923182	5287.7
255	255	1.258	палка-ручка-пробка	10.0	3.9	лишайник-жёлтый-на-камне	0.676	79.6	-1.0	15.0	15.0	bbox	254	23.0	23.0	27.0	169,985,16,14	342.4	39.4790790	73.5923183	5287.7
256	256	0.906	рюкзак-синий	7.1	5.5	снег-в-тени	0.306	44.3	2.0	-7.0	7.3	bbox	255	15.0	15.0	17.0	1207,105,26,7	342.0	39.4790789	73.5923184	5287.7
257	257	1.086	рюкзак-синий	8.1	11.3	порода-в-тени	0.719	27.5	0.0	-6.0	6.0	bbox	256	66.1	65.1	75.1	67,105,16,17	338.7	39.4790805	73.5923181	5287.7
258	258	1.914	стакан-марка-красная	14.4	18.0	снег-розовый	1.014	67.8	-1.0	9.0	9.1	bbox	257	11.0	6.0	11.0	1403,886,11,14	337.5	39.4790795	73.5923183	5287.7
259	259	1.815	палка-ручка-контроль	13.6	17.8	корка-жёлтая-на-скале	0.380	39.8	-2.0	15.0	15.1	bbox	258	2.0	0.0	5.0	533,335,10,13	335.6	39.4790802	73.5923189	5287.7
260	260	1.547	стакан-марка-красная	12.4	1.6	порода-охристая	0.646	51.4	8.0	13.0	15.3	bbox	259	28.0	27.0	28.0	298,837,11,12	329.1	39.4790801	73.5923181	5287.7
261	261	1.840	рюкзак-синий	13.0	23.9	порода-в-тени	0.318	14.9	0.0	-1.0	1.0	bbox	260	18.0	18.0	18.0	1495,923,10,18	328.5	39.4790785	73.5923183	5287.7
262	262	2.662	стакан-марка-красная	19.2	32.0	снег-освещённый	1.008	81.8	-8.0	4.0	8.9	bbox	261	33.0	33.0	33.0	23,441,4,24	326.9	39.4790802	73.5923176	5287.7
263	263	0.959	рюкзак-синий	6.1	16.3	снег-в-тени	1.070	22.5	4.5	-9.0	10.1	bbox	262	70.1	70.1	70.1	413,79,12,10	326.2	39.4790806	73.5923183	5287.7
264	264	1.134	рюкзак-синий	5.1	26.3	порода-в-тени	1.068	12.5	0.0	-9.0	9.0	bbox	263	70.1	70.1	70.1	1165,533,15,8	324.7	39.4790806	73.5923183	5287.7
265	265	1.786	палка-ручка-контроль	12.4	25.1	корка-жёлтая-на-скале	0.673	32.5	3.0	14.0	14.3	bbox	264	12.0	12.0	12.0	657,829,16,16	322.4	39.4790794	73.5923185	5287.7
266	266	2.619	стакан-марка-красная	18.1	36.9	снег-пересвеченный	0.850	86.7	-7.0	3.0	7.6	bbox	265	73.1	70.1	73.1	305,773,14,12	322.1	39.4790804	73.5923183	5287.7
267	267	1.739	палка-ручка-пробка	12.5	21.2	корка-жёлтая-на-скале	0.462	54.5	-1.0	12.0	12.0	bbox	266	7.0	6.0	11.0	1701,269,10,13	322.0	39.4790799	73.5923184	5287.7
268	268	1.340	палка-ручка-пробка	8.6	22.4	корка-жёлтая-на-скале	0.234	53.3	0.0	16.0	16.0	bbox	267	54.1	52.1	54.1	1709,0,7,15	320.8	39.4790807	73.5923178	5287.7
269	269	1.076	рюкзак-синий	8.5	3.6	снег-в-тени	0.592	42.4	4.0	-6.0	7.2	bbox	268	70.1	70.1	70.1	192,725,9,21	317.6	39.4790806	73.5923183	5287.7
270	270	1.777	стакан-марка-красная	14.2	0.8	корка-жёлтая-на-скале	0.627	49.0	0.0	10.0	10.0	bbox	269	83.1	81.1	89.1	367,3,11,10	316.7	39.4790817	73.5923178	5287.7
271	271	1.753	стакан-марка-красная	13.0	18.4	порода-охристая	0.718	31.4	6.0	13.0	14.3	bbox	270	23.0	23.0	23.0	1607,537,14,14	316.2	39.4790790	73.5923183	5287.7
272	272	0.724	рюкзак-синий	5.4	7.5	снег-в-тени	0.399	46.3	3.0	-9.0	9.5	bbox	271	89.1	81.1	89.1	1913,429,7,18	315.6	39.4790815	73.5923185	5287.6
273	273	1.103	рюкзак-синий	7.1	18.5	снег-в-тени	0.360	57.3	0.0	-7.0	7.0	bbox	272	68.1	68.1	71.1	3,265,12,10	315.5	39.4790805	73.5923183	5287.6
274	274	1.711	стакан-марка-красная	13.6	5.5	корка-жёлтая-на-скале	0.760	44.3	0.0	9.0	9.0	bbox	273	80.1	80.1	80.1	1876,109,14,9	314.4	39.4790808	73.5923181	5287.6
275	275	1.594	палка-ручка-пробка	12.4	10.8	лишайник-жёлтый-на-камне	0.750	64.9	2.0	11.0	11.2	bbox	274	11.0	8.0	11.0	1121,505,16,8	314.0	39.4790795	73.5923183	5287.7
276	276	1.088	рюкзак-синий	6.6	20.0	порода-в-тени	0.956	18.8	2.0	-7.5	7.8	bbox	275	64.1	64.1	69.1	213,621,6,24	314.0	39.4790808	73.5923181	5287.7
277	277	1.257	рюкзак-синий	10.0	1.2	снег-в-тени	0.572	40.0	0.0	-4.0	4.0	bbox	276	15.0	15.0	15.0	365,269,26,20	312.8	39.4790789	73.5923184	5287.7
278	278	1.357	рюкзак-синий	9.5	18.4	порода-в-тени	0.576	20.4	1.0	-4.5	4.6	bbox	277	47.1	40.1	47.1	481,353,14,16	311.5	39.4790798	73.5923178	5287.7
279	279	1.634	стакан-марка-красная	11.2	23.7	снег-розовый	0.535	73.5	1.0	6.0	6.1	bbox	278	15.0	15.0	15.0	944,269,20,12	306.6	39.4790789	73.5923184	5287.7
280	280	0.932	рюкзак-синий	5.6	17.3	снег-в-тени	0.392	56.1	2.0	-8.5	8.7	bbox	279	15.0	15.0	15.0	511,941,10,20	305.1	39.4790789	73.5923184	5287.7
281	281	1.686	рюкзак-синий	13.0	12.6	снег-в-тени	0.910	51.4	-4.0	-2.0	4.5	bbox	280	15.0	15.0	15.0	1249,1045,24,16	302.9	39.4790789	73.5923184	5287.7
282	282	1.977	стакан-марка-красная	15.7	7.8	корка-жёлтая-на-скале	1.015	57.6	-3.0	8.0	8.5	bbox	281	24.0	24.0	24.0	17,65,12,12	301.7	39.4790794	73.5923182	5287.7
283	283	1.426	палка-ручка-пробка	10.6	14.5	корка-жёлтая-на-скале	0.620	61.2	-3.0	16.0	16.3	bbox	282	12.0	12.0	16.0	1522,974,15,10	299.9	39.4790794	73.5923185	5287.7
284	284	1.515	рюкзак-синий	9.1	28.2	порода-в-тени	0.660	10.6	0.0	-5.0	5.0	bbox	283	64.1	64.1	65.1	1227,29,25,11	297.9	39.4790808	73.5923181	5287.7
285	285	1.364	палка-ручка-пробка	9.9	16.1	корка-жёлтая-на-скале	0.506	59.6	-2.0	16.0	16.1	bbox	284	14.0	13.0	14.0	1708,1027,11,14	297.3	39.4790793	73.5923184	5287.7
286	286	1.120	палка-ручка-пробка	8.5	9.4	лишайник-жёлтый-на-камне	0.252	66.3	2.0	15.0	15.1	bbox	285	34.0	34.0	34.0	1857,541,16,8	296.7	39.4790802	73.5923176	5287.7
287	287	1.988	палка-ручка-пробка	15.7	9.8	корка-жёлтая-на-скале	1.021	65.9	-2.0	9.0	9.2	bbox	286	25.0	25.0	25.0	852,945,9,15	296.0	39.4790796	73.5923179	5287.7
288	288	1.513	палка-ручка-контроль	10.0	23.9	порода-охристая	0.900	33.7	6.0	16.0	17.1	bbox	287	16.0	16.0	16.0	249,181,10,20	292.6	39.4790786	73.5923185	5287.7
289	289	1.474	палка-ручка-контроль	10.2	20.7	корка-жёлтая-на-скале	0.647	36.9	4.0	16.0	16.5	bbox	288	37.1	37.1	37.1	124,163,14,14	292.1	39.4790799	73.5923176	5287.7
290	290	0.571	рюкзак-синий	4.1	6.9	снег-в-тени	0.362	45.7	2.0	-10.0	10.2	bbox	289	37.1	37.1	37.1	19,177,6,24	292.1	39.4790799	73.5923176	5287.7
291	291	1.202	рюкзак-синий	9.5	5.5	порода-в-тени	0.681	33.3	-2.0	-5.0	5.4	bbox	290	70.1	70.1	70.1	289,885,24,16	289.6	39.4790806	73.5923183	5287.7
292	292	1.198	рюкзак-синий	9.1	11.0	порода-в-тени	0.619	27.8	0.0	-5.0	5.0	bbox	291	4.0	4.0	4.0	1891,1001,18,16	288.6	39.4790803	73.5923185	5287.7
293	293	1.800	палка-ручка-контроль	12.6	24.1	корка-жёлтая-на-скале	0.581	33.5	2.0	14.0	14.1	bbox	292	65.1	64.1	69.1	441,561,16,10	288.4	39.4790806	73.5923180	5287.7
294	294	1.008	рюкзак-синий	8.1	0.8	снег-в-тени	0.701	39.6	5.0	-7.0	8.6	bbox	293	31.0	29.0	31.0	1375,17,32,6	285.8	39.4790800	73.5923177	5287.7
295	295	1.756	стакан-марка-красная	13.6	12.3	корка-жёлтая-на-скале	0.836	37.5	0.0	9.0	9.0	bbox	294	86.1	81.1	89.1	1549,263,12,10	284.1	39.4790816	73.5923182	5287.7
296	296	2.274	палка-древко-контроль	18.0	9.2	порода-в-тени	1.411	50.8	-8.0	3.0	8.5	bbox	295	18.0	18.0	18.0	1773,69,12,12	283.9	39.4790785	73.5923183	5287.7
297	297	0.613	стакан-марка-красная	4.5	7.1	снег-в-тени	1.251	42.7	7.0	-1.0	7.1	bbox	296	29.0	29.0	29.0	1477,39,14,14	281.1	39.4790800	73.5923180	5287.8
298	298	2.603	стакан-марка-красная	17.0	42.0	снег-пересвеченный	0.453	91.8	-6.0	0.0	6.0	bbox	297	78.1	78.1	78.1	165,699,12,22	279.6	39.4790804	73.5923184	5287.7
299	299	1.196	рюкзак-синий	8.1	18.0	порода-в-тени	0.801	20.8	2.0	-6.0	6.3	bbox	298	44.1	43.1	44.1	101,33,12,20	278.7	39.4790794	73.5923176	5287.7
300	300	1.888	стакан-марка-красная	13.0	26.7	порода-в-тени	1.157	23.1	0.0	8.0	8.0	bbox	299	44.1	44.1	44.1	1133,0,12,9	277.1	39.4790794	73.5923176	5287.7
301	301	0.919	рюкзак-синий	7.1	7.1	снег-в-тени	0.143	45.9	0.0	-7.0	7.0	bbox	300	13.0	13.0	13.0	1319,176,31,5	275.2	39.4790794	73.5923186	5287.7
302	302	0.888	рюкзак-синий	7.0	4.3	снег-в-тени	0.507	34.5	1.0	-7.0	7.1	bbox	301	71.1	64.1	71.1	637,353,27,9	275.2	39.4790806	73.5923184	5287.7
303	303	0.909	палка-ручка-пробка	6.3	12.6	лишайник-жёлтый-на-камне	0.151	63.1	3.0	17.0	17.3	bbox	302	34.0	34.0	34.0	1153,171,6,14	273.9	39.4790802	73.5923176	5287.7
304	304	0.862	палка-ручка-пробка	6.3	9.6	лишайник-жёлтый-на-камне	0.127	66.1	3.0	17.0	17.3	bbox	303	36.0	35.0	36.0	1783,135,8,12	273.3	39.4790802	73.5923177	5287.7
305	305	1.640	палка-ручка-контроль	12.2	16.8	корка-жёлтая-на-скале	0.307	40.8	-1.0	16.0	16.0	bbox	304	72.1	72.1	72.1	17,175,16,8	273.0	39.4790805	73.5923183	5287.7
306	306	1.502	рюкзак-синий	7.6	32.5	порода-в-тени	1.175	6.3	4.0	-7.0	8.1	bbox	305	70.1	69.1	70.1	0,433,3,24	272.8	39.4790806	73.5923183	5287.7
307	307	1.710	палка-ручка-контроль	12.8	16.8	корка-жёлтая-на-скале	0.375	40.8	-2.0	16.0	16.1	bbox	306	71.1	71.1	71.1	149,77,8,18	269.2	39.4790806	73.5923184	5287.7
308	308	2.151	стакан-марка-красная	13.2	38.8	снег-освещённый	0.331	88.6	-2.0	-1.0	2.2	bbox	307	46.1	42.1	47.1	1119,285,13,19	268.7	39.4790798	73.5923175	5287.7
309	309	1.696	палка-ручка-пробка	13.4	7.1	лишайник-жёлтый-на-камне	0.846	68.6	-1.0	11.0	11.0	bbox	308	29.0	29.0	29.0	545,419,8,14	265.0	39.4790800	73.5923180	5287.8
310	310	1.794	стакан-марка-красная	14.2	7.1	корка-жёлтая-на-скале	0.651	42.7	0.0	10.0	10.0	bbox	309	4.0	1.0	5.0	449,578,9,15	264.8	39.4790803	73.5923185	5287.7
311	311	1.075	палка-ручка-пробка	8.6	0.0	лишайник-жёлтый-на-камне	0.459	75.7	0.0	16.0	16.0	bbox	310	33.0	33.0	33.0	685,735,10,13	263.7	39.4790802	73.5923176	5287.7
312	312	1.683	палка-ручка-контроль	12.5	17.2	корка-жёлтая-на-скале	0.265	40.4	0.0	15.0	15.0	bbox	311	62.1	56.1	63.1	623,443,10,14	262.7	39.4790812	73.5923182	5287.7
313	313	1.812	стакан-марка-красная	12.0	28.2	снег-освещённый	0.099	78.0	-1.0	0.0	1.0	bbox	312	41.1	40.1	43.1	1020,246,15,33	260.3	39.4790791	73.5923170	5287.7
314	314	1.075	рюкзак-синий	2.5	28.8	снег-в-тени	1.510	10.0	3.0	-12.5	12.9	bbox	313	71.1	71.1	71.1	627,527,11,10	254.5	39.4790806	73.5923184	5287.7
315	315	1.245	рюкзак-синий	9.1	13.9	снег-в-тени	0.419	52.7	-0.5	-5.0	5.0	bbox	314	38.1	38.1	40.1	689,241,24,18	254.0	39.4790796	73.5923174	5287.7
316	316	2.552	стакан-марка-красная	19.3	23.1	снег-освещённый	1.077	72.9	-8.0	4.5	9.2	bbox	315	33.0	33.0	33.0	99,1033,6,16	253.7	39.4790802	73.5923176	5287.7
317	317	1.061	палка-ручка-пробка	8.2	7.1	лишайник-жёлтый-на-камне	0.301	68.6	3.0	15.0	15.3	bbox	316	14.0	14.0	14.0	1137,337,12,14	251.0	39.4790793	73.5923184	5287.7
318	318	1.000	стакан-марка-красная	7.2	12.2	порода-охристая	0.708	37.6	7.0	7.0	9.9	bbox	317	30.0	30.0	30.0	1193,329,12,10	247.3	39.4790800	73.5923178	5287.7
319	319	1.377	палка-ручка-пробка	8.1	26.3	корка-жёлтая-на-скале	0.186	49.4	1.0	16.0	16.0	bbox	318	7.0	7.0	11.0	1545,117,8,8	242.5	39.4790799	73.5923184	5287.7
320	320	1.816	стакан-марка-красная	13.9	14.9	снег-розовый	0.957	64.7	-1.0	8.0	8.1	bbox	319	28.0	28.0	28.0	897,102,8,12	242.0	39.4790801	73.5923181	5287.7
321	321	1.139	рюкзак-синий	8.1	14.9	порода-в-тени	0.685	23.9	0.0	-6.0	6.0	bbox	320	44.1	44.1	47.1	57,977,10,18	240.4	39.4790794	73.5923176	5287.7
322	322	1.694	палка-ручка-пробка	9.8	32.6	корка-жёлтая-на-скале	0.243	43.1	1.0	14.0	14.0	bbox	321	39.1	39.1	43.1	819,585,6,13	239.9	39.4790794	73.5923172	5287.7
323	323	1.188	рюкзак-синий	8.1	17.6	порода-в-тени	0.674	21.2	0.0	-6.0	6.0	bbox	322	69.1	69.1	72.1	64,319,11,20	238.6	39.4790805	73.5923182	5287.7
324	324	1.184	рюкзак-синий	8.1	17.4	порода-в-тени	0.801	21.4	2.0	-6.0	6.3	bbox	323	78.1	78.1	79.1	475,158,14,13	238.5	39.4790804	73.5923184	5287.7
325	325	1.721	стакан-марка-красная	13.0	15.5	снег-розовый	0.905	65.3	0.0	8.0	8.0	bbox	324	28.0	28.0	28.0	617,645,8,8	237.4	39.4790801	73.5923181	5287.7
326	326	1.027	рюкзак-синий	7.3	13.4	снег-в-тени	0.425	52.2	3.0	-7.0	7.6	bbox	325	16.0	16.0	17.0	465,987,6,21	237.2	39.4790786	73.5923185	5287.7
327	327	0.748	рюкзак-синий	5.1	11.0	снег-в-тени	0.724	27.8	0.0	-9.0	9.0	bbox	326	70.1	70.1	70.1	985,457,14,8	236.8	39.4790806	73.5923183	5287.7
328	328	1.360	палка-ручка-пробка	10.6	8.1	лишайник-жёлтый-на-камне	0.642	67.6	-3.0	16.0	16.3	bbox	327	72.1	70.1	72.1	495,515,10,8	235.9	39.4790805	73.5923183	5287.7
329	329	1.345	рюкзак-синий	10.0	13.9	порода-в-тени	0.554	24.9	1.0	-4.0	4.1	bbox	328	38.1	38.1	38.1	761,23,12,14	232.8	39.4790796	73.5923174	5287.7
330	330	1.512	палка-ручка-контроль	11.1	16.8	корка-жёлтая-на-скале	0.616	40.8	4.5	15.0	15.7	bbox	329	16.0	16.0	17.0	1854,1025,7,16	232.3	39.4790786	73.5923185	5287.7
331	331	2.014	рюкзак-синий	14.1	27.0	порода-в-тени	0.355	11.8	-1.0	0.0	1.0	bbox	330	87.1	82.1	87.1	1755,139,10,10	231.9	39.4790815	73.5923182	5287.7
332	332	1.223	стакан-марка-красная	9.5	8.4	снег-в-тени	0.823	41.4	2.0	-2.0	2.8	bbox	331	10.0	9.0	10.0	1813,253,12,18	230.2	39.4790797	73.5923183	5287.7
333	333	1.645	стакан-марка-красная	13.0	6.3	корка-жёлтая-на-скале	0.888	43.5	0.0	8.0	8.0	bbox	332	81.1	81.1	81.1	929,441,8,11	230.1	39.4790812	73.5923179	5287.6
334	334	1.710	палка-ручка-контроль	11.2	27.6	корка-жёлтая-на-скале	0.660	30.0	1.0	16.0	16.0	bbox	333	72.1	72.1	72.1	250,853,15,14	228.5	39.4790805	73.5923183	5287.7
335	335	1.483	стакан-марка-красная	11.5	10.2	порода-в-тени	0.754	39.6	-0.5	1.0	1.1	bbox	334	79.1	69.1	79.1	585,102,12,13	228.4	39.4790807	73.5923182	5287.7
336	336	1.507	палка-ручка-контроль	10.2	22.5	корка-жёлтая-на-скале	0.687	35.1	4.0	16.0	16.5	bbox	335	12.0	12.0	12.0	369,787,12,10	227.7	39.4790794	73.5923185	5287.7
337	337	0.792	палка-ручка-пробка	5.8	8.6	лишайник-жёлтый-на-камне	0.454	67.1	0.0	20.0	20.0	bbox	336	70.1	70.1	70.1	385,309,10,10	227.7	39.4790806	73.5923183	5287.7
338	338	0.797	стакан-марка-красная	6.3	2.7	снег-в-тени	1.076	47.1	5.0	-1.0	5.1	bbox	337	24.0	24.0	24.0	1463,81,12,10	227.6	39.4790794	73.5923182	5287.7
339	339	1.459	стакан-марка-красная	10.0	20.8	порода-в-тени	0.613	29.0	1.0	2.0	2.2	bbox	338	39.1	39.1	39.1	879,47,26,10	226.8	39.4790794	73.5923172	5287.7
340	340	1.082	рюкзак-синий	8.6	3.3	снег-в-тени	0.878	35.5	6.0	-7.0	9.2	bbox	339	30.0	30.0	30.0	1871,937,8,10	226.5	39.4790800	73.5923178	5287.7
341	341	0.875	рюкзак-синий	7.0	0.6	снег-в-тени	0.348	39.4	1.0	-7.0	7.1	bbox	340	70.1	70.1	70.1	697,397,9,12	225.0	39.4790806	73.5923183	5287.7
342	342	0.789	рюкзак-синий	6.1	5.9	снег-в-тени	0.587	32.9	2.0	-8.0	8.2	bbox	341	88.1	81.1	89.1	1883,21,8,12	224.7	39.4790815	73.5923184	5287.6
343	343	1.970	стакан-марка-красная	13.0	31.0	порода-в-тени	1.154	18.8	0.0	8.0	8.0	bbox	342	49.1	49.1	49.1	380,1017,11,15	224.5	39.4790801	73.5923180	5287.7
344	344	1.548	палка-ручка-пробка	10.0	25.3	корка-жёлтая-на-скале	0.796	50.4	6.0	13.0	14.3	bbox	343	12.0	12.0	12.0	1247,591,10,12	224.3	39.4790794	73.5923185	5287.7
345	345	1.153	рюкзак-синий	8.0	16.1	порода-в-тени	0.734	22.7	1.0	-6.0	6.1	bbox	344	80.1	80.1	80.1	1819,405,10,12	222.0	39.4790808	73.5923181	5287.6
346	346	1.535	палка-ручка-пробка	10.0	24.7	корка-жёлтая-на-скале	0.799	51.0	6.0	13.0	14.3	bbox	345	14.0	14.0	14.0	861,161,13,10	221.5	39.4790793	73.5923184	5287.7
347	347	1.104	палка-ручка-пробка	7.0	18.8	лишайник-жёлтый-на-камне	0.501	56.9	5.0	16.0	16.8	bbox	346	14.0	14.0	14.0	1327,634,12,13	219.9	39.4790793	73.5923184	5287.7
348	348	2.171	стакан-марка-красная	11.0	47.1	порода-в-тени	0.723	2.7	0.0	1.0	1.0	bbox	347	29.0	29.0	29.0	1506,673,14,8	219.4	39.4790800	73.5923180	5287.8
349	349	0.395	рюкзак-синий	2.2	7.8	снег-в-тени	0.945	31.0	3.0	-13.0	13.3	bbox	348	71.1	71.1	71.1	827,213,22,4	217.7	39.4790806	73.5923184	5287.7
350	350	0.671	палка-ручка-контроль	5.0	6.8	лишайник-жёлтый-на-камне	0.881	50.8	6.0	21.0	21.8	bbox	349	23.0	23.0	23.0	485,76,8,13	217.3	39.4790790	73.5923183	5287.7
351	351	1.705	стакан-марка-красная	12.8	16.5	снег-розовый	0.972	66.3	1.0	9.0	9.1	bbox	350	11.0	9.0	11.0	1251,267,9,14	216.6	39.4790795	73.5923183	5287.7
352	352	0.866	палка-ручка-пробка	6.7	6.1	лишайник-жёлтый-на-камне	0.147	69.6	2.0	17.0	17.1	bbox	351	25.0	25.0	25.0	845,329,9,8	215.7	39.4790796	73.5923179	5287.7
353	353	1.846	стакан-марка-красная	14.8	1.2	корка-жёлтая-на-скале	0.910	48.6	-2.0	8.0	8.2	bbox	352	27.0	27.0	27.0	796,957,13,8	214.0	39.4790797	73.5923182	5287.7
354	354	1.706	стакан-марка-красная	13.0	14.1	корка-жёлтая-на-скале	0.976	35.7	0.0	8.0	8.0	bbox	353	82.1	82.1	86.1	1689,26,14,7	212.4	39.4790813	73.5923178	5287.7
355	355	0.801	палка-ручка-контроль	6.4	1.1	лишайник-жёлтый-на-камне	0.714	56.5	1.0	22.0	22.0	bbox	354	70.1	70.1	70.1	466,357,15,6	210.1	39.4790806	73.5923183	5287.7
356	356	1.551	стакан-марка-красная	3.6	41.6	порода-в-тени	1.323	8.2	8.0	-1.0	8.1	bbox	355	28.0	26.0	28.0	61,513,12,8	209.9	39.4790801	73.5923181	5287.7
357	357	0.820	рюкзак-синий	6.1	8.6	снег-в-тени	0.677	30.2	2.0	-8.0	8.2	bbox	356	88.1	81.1	89.1	1849,473,8,10	209.6	39.4790815	73.5923184	5287.6
358	358	1.668	стакан-марка-красная	12.5	16.1	снег-розовый	0.793	65.9	0.0	7.0	7.0	bbox	357	77.1	77.1	77.1	160,893,9,8	206.9	39.4790804	73.5923184	5287.7
359	359	1.835	стакан-марка-красная	12.8	25.1	корка-жёлтая-на-скале	1.122	24.7	1.0	9.0	9.1	bbox	358	47.1	46.1	47.1	537,1033,14,6	205.3	39.4790798	73.5923178	5287.7
360	360	1.803	стакан-марка-красная	14.2	8.6	корка-жёлтая-на-скале	0.668	41.2	0.0	10.0	10.0	bbox	359	58.1	55.1	62.1	581,436,11,11	205.1	39.4790807	73.5923180	5287.7
361	361	1.005	рюкзак-синий	6.1	18.4	порода-в-тени	1.008	20.4	2.0	-8.0	8.2	bbox	360	10.0	10.0	10.0	1895,1029,6,14	204.8	39.4790797	73.5923183	5287.7
362	362	1.130	рюкзак-синий	8.1	14.3	порода-в-тени	0.689	24.5	0.0	-6.0	6.0	bbox	361	69.1	68.1	69.1	145,11,12,25	204.6	39.4790805	73.5923182	5287.7
363	363	1.867	палка-ручка-пробка	13.9	19.2	корка-жёлтая-на-скале	0.639	56.5	-2.0	11.0	11.2	bbox	362	53.1	52.1	54.1	1857,329,6,11	203.5	39.4790802	73.5923180	5287.7
364	364	1.260	палка-ручка-пробка	10.0	4.3	лишайник-жёлтый-на-камне	0.497	71.4	-1.0	15.0	15.0	bbox	363	78.1	78.1	80.1	367,441,6,10	202.9	39.4790804	73.5923184	5287.7
365	365	2.029	палка-древко-контроль	16.1	6.4	порода-в-тени	1.134	48.0	-6.0	1.0	6.1	bbox	364	70.1	70.1	70.1	387,865,17,12	202.1	39.4790806	73.5923183	5287.7
366	366	1.706	стакан-марка-красная	10.2	31.8	порода-охристая	0.769	18.0	13.0	11.0	17.0	bbox	365	12.0	12.0	12.0	931,169,8,8	201.6	39.4790794	73.5923185	5287.7
367	367	1.086	палка-ручка-пробка	7.1	17.7	лишайник-жёлтый-на-камне	0.386	58.0	4.0	16.0	16.5	bbox	366	24.0	24.0	24.0	145,329,12,7	199.5	39.4790794	73.5923182	5287.7
368	368	1.972	рюкзак-синий	12.0	35.7	порода-в-тени	0.677	3.1	0.0	-2.0	2.0	bbox	367	35.0	35.0	35.0	1289,361,8,8	199.4	39.4790802	73.5923175	5287.7
369	369	1.189	рюкзак-синий	9.1	10.2	порода-в-тени	0.632	28.6	0.0	-5.0	5.0	bbox	368	11.0	10.0	11.0	1847,947,14,10	198.4	39.4790795	73.5923183	5287.7
370	370	2.037	стакан-марка-красная	12.0	38.4	снег-освещённый	0.266	88.2	-1.0	0.0	1.0	bbox	369	80.1	80.1	80.1	73,311,4,17	198.1	39.4790808	73.5923181	5287.6
371	371	2.230	палка-древко-контроль	16.0	27.4	снег-освещённый	0.869	69.0	-7.0	1.0	7.1	bbox	370	78.1	77.1	78.1	477,875,16,10	196.8	39.4790804	73.5923184	5287.7
372	372	1.486	рюкзак-синий	7.6	31.9	порода-в-тени	1.166	6.9	4.0	-7.0	8.1	bbox	371	74.1	73.1	76.1	1867,526,22,6	196.5	39.4790804	73.5923182	5287.7
373	373	0.877	рюкзак-синий	7.0	1.5	снег-в-тени	0.416	37.3	1.0	-7.0	7.1	bbox	372	70.1	70.1	70.1	761,387,13,6	195.9	39.4790806	73.5923183	5287.7
374	374	1.615	палка-ручка-контроль	12.2	14.9	корка-жёлтая-на-скале	0.253	42.7	-1.0	16.0	16.0	bbox	373	72.1	72.1	72.1	777,859,16,8	195.8	39.4790805	73.5923183	5287.7
375	375	1.193	рюкзак-синий	9.5	3.7	снег-в-тени	0.639	35.1	-2.0	-5.0	5.4	bbox	374	79.1	79.1	80.1	486,177,13,14	195.3	39.4790807	73.5923182	5287.7
376	376	1.896	стакан-марка-красная	14.8	12.2	корка-жёлтая-на-скале	1.041	62.0	-2.0	8.0	8.2	bbox	375	39.1	38.1	39.1	1121,49,8,8	194.9	39.4790794	73.5923172	5287.7
377	377	1.909	стакан-марка-красная	13.0	27.8	порода-в-тени	1.154	22.0	0.0	8.0	8.0	bbox	376	47.1	44.1	47.1	1527,241,10,7	193.0	39.4790798	73.5923178	5287.7
378	378	1.433	палка-ручка-пробка	11.2	8.8	лишайник-жёлтый-на-камне	0.561	66.9	0.0	13.0	13.0	bbox	377	14.0	14.0	14.0	1853,1043,11,14	192.0	39.4790793	73.5923184	5287.7
379	379	1.807	стакан-марка-красная	14.4	3.3	корка-жёлтая-на-скале	0.762	46.5	-1.0	9.0	9.1	bbox	378	59.1	56.1	61.1	495,652,11,14	190.9	39.4790808	73.5923181	5287.7
380	380	1.053	рюкзак-синий	8.2	6.1	снег-в-тени	0.606	32.7	-1.0	-6.0	6.1	bbox	379	39.1	39.1	39.1	427,215,12,18	190.5	39.4790794	73.5923172	5287.7
381	381	2.120	стакан-марка-красная	16.3	16.7	корка-жёлтая-на-скале	0.656	33.1	-1.0	12.0	12.0	bbox	380	23.0	23.0	23.0	1651,777,14,8	189.4	39.4790790	73.5923183	5287.7
382	382	1.649	стакан-марка-красная	13.0	7.1	корка-жёлтая-на-скале	0.933	56.9	0.0	8.0	8.0	bbox	381	77.1	77.1	77.1	27,812,10,9	188.1	39.4790804	73.5923184	5287.7
383	383	0.924	рюкзак-синий	6.1	14.7	снег-в-тени	0.882	24.1	2.0	-8.0	8.2	bbox	382	39.1	39.1	39.1	9,88,8,9	187.5	39.4790794	73.5923172	5287.7
384	384	1.908	стакан-марка-красная	15.3	0.8	корка-жёлтая-на-скале	0.797	50.6	-2.0	9.0	9.2	bbox	383	47.1	42.1	47.1	1449,116,7,11	187.4	39.4790798	73.5923178	5287.7
385	385	1.040	рюкзак-синий	7.3	14.1	снег-в-тени	0.915	24.7	3.0	-7.0	7.6	bbox	384	85.1	81.1	88.1	1881,497,6,12	187.1	39.4790816	73.5923181	5287.7
386	386	1.393	рюкзак-синий	9.1	22.7	порода-в-тени	0.580	16.1	0.0	-5.0	5.0	bbox	385	7.0	6.0	7.0	1827,905,12,16	185.7	39.4790799	73.5923184	5287.7
387	387	0.894	рюкзак-синий	7.0	5.1	снег-в-тени	0.225	43.9	1.0	-7.0	7.1	bbox	386	35.0	35.0	35.0	113,773,8,12	185.1	39.4790802	73.5923175	5287.7
388	388	1.532	палка-ручка-пробка	11.7	13.2	корка-жёлтая-на-скале	0.596	62.5	-1.0	13.0	13.0	bbox	387	52.1	52.1	53.1	1832,29,9,6	184.7	39.4790802	73.5923179	5287.7
389	389	1.415	рюкзак-синий	11.2	6.3	порода-в-тени	0.516	32.5	-1.0	-3.0	3.2	bbox	388	13.0	13.0	13.0	751,164,18,19	183.2	39.4790794	73.5923186	5287.7
390	390	0.939	рюкзак-синий	7.5	1.5	снег-в-тени	0.439	37.3	1.0	-6.5	6.6	bbox	389	17.0	17.0	17.0	1586,169,17,6	181.5	39.4790785	73.5923184	5287.7
391	391	1.235	рюкзак-синий	7.1	24.1	снег-в-тени	0.555	62.9	0.0	-7.0	7.0	bbox	390	4.0	4.0	4.0	1865,6,8,11	180.8	39.4790803	73.5923185	5287.7
392	392	1.097	рюкзак-синий	7.1	18.2	порода-в-тени	0.901	20.6	2.0	-7.0	7.3	bbox	391	78.1	78.1	78.1	1809,985,8,8	177.7	39.4790804	73.5923184	5287.7
393	393	1.057	рюкзак-синий	8.0	9.6	снег-в-тени	0.720	29.2	1.0	-6.0	6.1	bbox	392	13.0	13.0	13.0	425,323,10,16	177.5	39.4790794	73.5923186	5287.7
394	394	1.822	стакан-марка-красная	14.4	7.5	корка-жёлтая-на-скале	0.832	57.3	-1.0	9.0	9.1	bbox	393	64.1	64.1	64.1	337,41,11,16	176.7	39.4790808	73.5923181	5287.7
395	395	1.678	палка-ручка-контроль	12.2	19.6	корка-жёлтая-на-скале	0.391	38.0	-1.0	16.0	16.0	bbox	394	72.1	72.1	75.1	197,13,12,6	176.7	39.4790805	73.5923183	5287.7
396	396	1.803	стакан-марка-красная	14.4	1.2	корка-жёлтая-на-скале	0.761	48.6	-1.0	9.0	9.1	bbox	395	5.0	0.0	5.0	273,890,11,5	175.1	39.4790802	73.5923185	5287.7
397	397	0.977	рюкзак-синий	6.3	16.1	снег-в-тени	0.970	22.7	3.0	-8.0	8.5	bbox	396	70.1	68.1	70.1	25,375,8,12	174.6	39.4790806	73.5923183	5287.7
398	398	0.816	рюкзак-синий	6.1	8.3	снег-в-тени	0.251	47.1	2.0	-8.0	8.2	bbox	397	38.1	38.1	38.1	721,43,16,4	174.5	39.4790796	73.5923174	5287.7
399	399	0.758	рюкзак-синий	6.0	3.2	снег-в-тени	0.243	42.0	1.0	-8.0	8.1	bbox	398	37.1	37.1	37.1	180,0,14,13	174.3	39.4790799	73.5923176	5287.7
400	400	1.240	палка-ручка-пробка	8.1	20.2	корка-жёлтая-на-скале	0.327	55.5	1.0	16.0	16.0	bbox	399	71.1	71.1	72.1	221,77,10,11	173.7	39.4790806	73.5923184	5287.7
401	401	1.631	стакан-марка-красная	13.0	1.8	корка-жёлтая-на-скале	0.875	48.0	0.0	8.0	8.0	bbox	400	50.1	48.1	50.1	337,882,8,7	171.9	39.4790801	73.5923179	5287.7
402	402	0.900	рюкзак-синий	6.0	13.9	снег-в-тени	0.216	52.7	1.0	-8.0	8.1	bbox	401	36.0	36.0	36.0	633,11,18,9	171.2	39.4790802	73.5923177	5287.7
403	403	0.836	рюкзак-синий	6.3	7.6	снег-в-тени	0.607	31.2	-1.0	-8.0	8.1	bbox	402	40.1	39.1	40.1	17,89,10,14	170.0	39.4790790	73.5923171	5287.7
404	404	2.485	стакан-марка-красная	18.2	28.2	снег-освещённый	0.874	78.0	-7.0	3.5	7.8	bbox	403	17.0	17.0	17.0	171,899,6,14	169.0	39.4790785	73.5923184	5287.7
405	405	1.919	палка-ручка-пробка	13.4	26.1	корка-жёлтая-на-скале	0.519	49.6	-1.0	11.0	11.0	bbox	404	66.1	64.1	68.1	369,479,8,14	167.6	39.4790805	73.5923181	5287.7
406	406	1.695	стакан-марка-красная	8.5	36.9	порода-охристая	1.015	12.9	8.0	9.0	12.0	bbox	405	29.0	29.0	29.0	1289,999,12,6	166.2	39.4790800	73.5923180	5287.8
407	407	1.469	стакан-марка-красная	9.9	22.3	порода-охристая	0.761	27.5	6.0	9.5	11.2	bbox	406	10.0	9.0	11.0	1017,205,6,8	165.4	39.4790797	73.5923183	5287.7
408	408	0.916	рюкзак-синий	7.0	7.4	снег-в-тени	0.603	31.4	0.5	-7.0	7.0	bbox	407	87.1	82.1	89.1	1801,501,10,12	165.3	39.4790815	73.5923182	5287.7
409	409	1.933	стакан-марка-красная	15.3	8.6	корка-жёлтая-на-скале	0.877	58.4	-2.0	9.0	9.2	bbox	408	86.1	81.1	89.1	1506,187,9,6	165.2	39.4790816	73.5923182	5287.7
410	410	1.290	стакан-марка-красная	4.2	32.9	порода-в-тени	1.263	16.9	8.0	-2.0	8.2	bbox	409	29.0	29.0	29.0	375,809,7,8	164.3	39.4790800	73.5923180	5287.8
411	411	0.844	рюкзак-синий	4.5	17.6	снег-в-тени	0.977	21.2	1.0	-9.5	9.6	bbox	410	80.1	80.1	83.1	979,207,8,6	162.0	39.4790808	73.5923181	5287.6
412	412	0.705	палка-ручка-пробка	5.1	8.4	лишайник-жёлтый-на-камне	0.286	67.3	4.0	18.0	18.4	bbox	411	36.0	36.0	36.0	1623,273,9,6	161.7	39.4790802	73.5923177	5287.7
413	413	1.770	стакан-марка-красная	13.4	15.9	снег-розовый	0.844	65.7	-1.0	7.0	7.1	bbox	412	29.0	29.0	29.0	583,957,8,12	161.6	39.4790800	73.5923180	5287.8
414	414	0.700	стакан-марка-красная	4.7	10.6	порода-охристая	1.063	39.2	7.0	3.5	7.8	bbox	413	27.0	27.0	27.0	1465,155,12,7	161.5	39.4790797	73.5923182	5287.7
415	415	1.722	стакан-марка-красная	11.0	29.0	снег-освещённый	0.190	78.8	0.0	1.0	1.0	bbox	414	80.1	75.1	80.1	732,652,5,13	159.8	39.4790808	73.5923181	5287.6
416	416	1.529	палка-ручка-пробка	10.6	21.2	корка-жёлтая-на-скале	0.462	54.5	-3.0	16.0	16.3	bbox	415	78.1	78.1	78.1	257,697,8,8	159.2	39.4790804	73.5923184	5287.7
417	417	2.066	палка-древко-контроль	16.0	14.1	снег-освещённый	1.176	55.7	-7.0	1.0	7.1	bbox	416	78.1	78.1	78.1	333,889,20,8	158.7	39.4790804	73.5923184	5287.7
418	418	0.800	рюкзак-синий	6.0	7.8	снег-в-тени	0.614	31.0	1.0	-8.0	8.1	bbox	417	89.1	89.1	89.1	1737,475,8,8	158.1	39.4790815	73.5923185	5287.6
419	419	1.080	рюкзак-синий	8.0	11.4	снег-в-тени	0.292	50.2	1.0	-6.0	6.1	bbox	418	64.1	64.1	65.1	261,109,8,9	157.6	39.4790808	73.5923181	5287.7
420	420	1.530	стакан-марка-красная	11.2	17.4	порода-в-тени	0.495	32.4	0.0	-1.0	1.0	bbox	419	29.0	29.0	29.0	1377,427,8,6	157.1	39.4790800	73.5923180	5287.8
421	421	1.160	рюкзак-синий	8.0	16.4	порода-в-тени	0.732	22.4	1.0	-6.0	6.1	bbox	420	47.1	47.1	47.1	1533,9,16,3	156.9	39.4790798	73.5923178	5287.7
422	422	1.635	палка-ручка-контроль	12.4	14.9	корка-жёлтая-на-скале	0.435	42.7	3.0	14.0	14.3	bbox	421	53.1	52.1	53.1	649,181,8,6	156.5	39.4790802	73.5923180	5287.7
423	423	1.799	палка-ручка-контроль	13.6	16.4	корка-жёлтая-на-скале	0.344	41.2	-2.0	15.0	15.1	bbox	422	59.1	58.1	62.1	461,529,8,8	155.6	39.4790808	73.5923181	5287.7
424	424	1.781	стакан-марка-красная	13.9	11.0	корка-жёлтая-на-скале	0.829	60.8	0.0	9.5	9.5	bbox	423	26.0	26.0	26.0	195,401,6,8	155.3	39.4790796	73.5923179	5287.8
425	425	0.953	стакан-марка-красная	7.2	8.6	порода-охристая	0.714	41.2	7.0	7.0	9.9	bbox	424	25.0	25.0	26.0	305,993,8,8	155.0	39.4790796	73.5923179	5287.7
426	426	1.392	стакан-марка-красная	4.6	35.5	порода-в-тени	1.214	14.3	7.5	-2.0	7.8	bbox	425	25.0	25.0	25.0	233,25,5,12	154.9	39.4790796	73.5923179	5287.7
427	427	2.391	рюкзак-синий	10.8	55.3	снег-пересвеченный	0.217	94.1	-3.0	-4.0	5.0	bbox	426	77.1	77.1	77.1	541,409,12,7	152.5	39.4790804	73.5923184	5287.7
428	428	1.108	рюкзак-синий	7.6	15.9	порода-в-тени	0.755	22.9	-2.0	-7.0	7.3	bbox	427	6.0	6.0	6.0	1913,889,4,12	150.9	39.4790801	73.5923185	5287.7
429	429	2.088	палка-ручка-пробка	16.2	14.9	снег-розовый	0.958	90.6	-1.0	8.0	8.1	bbox	428	25.0	25.0	25.0	805,467,10,6	149.5	39.4790796	73.5923179	5287.7
430	430	2.086	палка-ручка-пробка	16.6	7.4	снег-розовый	0.923	83.1	-2.0	8.0	8.2	bbox	429	17.0	17.0	17.0	562,173,7,11	149.4	39.4790785	73.5923184	5287.7
431	431	1.027	стакан-марка-красная	4.5	24.1	порода-охристая	1.207	25.7	7.0	3.0	7.6	bbox	430	29.0	29.0	29.0	1895,481,9,10	148.3	39.4790800	73.5923180	5287.8
432	432	1.627	стакан-марка-красная	11.0	24.1	снег-розовый	0.282	73.9	0.0	2.0	2.0	bbox	431	85.1	85.1	85.1	658,135,7,8	147.3	39.4790816	73.5923181	5287.7
433	433	0.893	рюкзак-синий	7.1	3.5	снег-в-тени	0.464	35.3	0.0	-7.0	7.0	bbox	432	41.1	41.1	41.1	324,0,11,9	146.2	39.4790791	73.5923170	5287.7
434	434	1.919	стакан-марка-красная	14.4	18.4	корка-жёлтая-на-скале	0.960	31.4	-1.0	9.0	9.1	bbox	433	87.1	87.1	88.1	714,41,11,8	145.7	39.4790815	73.5923182	5287.7
435	435	1.066	рюкзак-синий	7.0	17.0	порода-в-тени	0.840	21.8	1.0	-7.0	7.1	bbox	434	8.0	5.0	8.0	1849,987,8,5	145.4	39.4790797	73.5923185	5287.7
436	436	1.611	палка-ручка-контроль	12.2	14.9	корка-жёлтая-на-скале	0.546	42.7	4.0	14.0	14.6	bbox	435	52.1	52.1	52.1	913,55,12,8	145.4	39.4790802	73.5923179	5287.7
437	437	0.981	палка-ручка-пробка	7.6	6.7	лишайник-жёлтый-на-камне	0.177	69.0	2.0	16.0	16.1	bbox	436	12.0	7.0	12.0	1593,643,8,5	143.9	39.4790794	73.5923185	5287.7
438	438	1.192	рюкзак-синий	9.5	3.5	снег-в-тени	0.635	35.3	-2.0	-5.0	5.4	bbox	437	79.1	79.1	79.1	263,483,8,14	143.5	39.4790807	73.5923182	5287.7
439	439	0.799	рюкзак-синий	6.0	7.5	снег-в-тени	0.655	46.3	5.0	-9.5	10.7	bbox	438	24.0	24.0	24.0	1273,65,10,4	143.3	39.4790794	73.5923182	5287.7
440	440	1.781	стакан-марка-красная	13.6	14.9	корка-жёлтая-на-скале	0.880	34.9	0.0	9.0	9.0	bbox	439	84.1	84.1	87.1	777,9,7,10	141.9	39.4790815	73.5923178	5287.7
441	441	1.003	рюкзак-синий	8.0	1.4	снег-в-тени	0.414	40.2	1.5	-6.0	6.2	bbox	440	54.1	54.1	54.1	1840,89,5,12	141.1	39.4790807	73.5923178	5287.7
442	442	1.843	палка-ручка-контроль	10.8	35.2	корка-жёлтая-на-скале	0.951	22.4	2.0	16.0	16.1	bbox	441	73.1	73.1	74.1	8,195,11,7	140.1	39.4790804	73.5923183	5287.7
443	443	2.563	стакан-марка-красная	16.1	44.3	снег-пересвеченный	0.306	94.1	-5.0	-1.0	5.1	bbox	442	47.1	46.1	47.1	13,92,8,14	139.6	39.4790798	73.5923178	5287.7
444	444	1.801	стакан-марка-красная	13.9	13.3	корка-жёлтая-на-скале	0.690	36.5	4.0	13.0	13.6	bbox	443	10.0	7.0	10.0	809,695,8,8	138.6	39.4790797	73.5923183	5287.7
445	445	1.673	стакан-марка-красная	12.5	16.5	корка-жёлтая-на-скале	1.126	33.3	0.0	7.0	7.0	bbox	444	82.1	82.1	86.1	1077,57,11,7	138.5	39.4790813	73.5923178	5287.7
446	446	1.261	палка-ручка-пробка	9.3	13.3	лишайник-жёлтый-на-камне	0.876	62.4	-4.0	20.5	20.9	bbox	445	71.1	71.1	71.1	293,37,8,8	138.3	39.4790806	73.5923184	5287.7
447	447	1.548	палка-ручка-пробка	10.0	25.3	корка-жёлтая-на-скале	0.567	50.4	4.0	13.0	13.6	bbox	446	11.0	8.0	11.0	1167,563,10,6	138.1	39.4790795	73.5923183	5287.7
448	448	1.902	стакан-марка-красная	12.0	32.6	снег-освещённый	0.055	82.4	-1.0	0.0	1.0	bbox	447	41.1	40.1	41.1	993,343,8,16	136.6	39.4790791	73.5923170	5287.7
449	449	1.898	стакан-марка-красная	11.0	36.5	порода-в-тени	0.377	13.3	0.0	0.0	0.0	bbox	448	80.1	79.1	80.1	807,105,9,7	136.3	39.4790808	73.5923181	5287.6
450	450	2.248	стакан-марка-красная	11.0	49.8	снег-освещённый	0.695	99.6	0.0	1.0	1.0	bbox	449	55.1	55.1	55.1	463,565,18,12	132.9	39.4790806	73.5923179	5287.7
451	451	2.030	стакан-марка-красная	12.2	37.7	снег-освещённый	0.268	87.5	-1.0	-1.0	1.4	bbox	450	43.1	43.1	47.1	921,689,14,8	132.4	39.4790793	73.5923174	5287.7
452	452	1.198	палка-ручка-пробка	9.1	11.0	лишайник-жёлтый-на-камне	0.452	64.7	4.0	14.0	14.6	bbox	451	12.0	12.0	12.0	1121,393,4,10	131.8	39.4790794	73.5923185	5287.7
453	453	2.073	рюкзак-синий	13.3	34.5	порода-в-тени	0.575	4.3	-2.0	-1.0	2.2	bbox	452	65.1	61.1	67.1	1752,455,9,8	130.2	39.4790806	73.5923180	5287.7
454	454	0.977	рюкзак-синий	5.0	21.0	порода-в-тени	1.052	17.8	0.5	-9.0	9.0	bbox	453	52.1	52.1	55.1	1857,1041,4,8	129.8	39.4790802	73.5923179	5287.7
455	455	1.223	рюкзак-синий	8.2	18.4	порода-в-тени	0.884	20.4	3.0	-6.0	6.7	bbox	454	85.1	83.1	89.1	1769,365,8,8	129.6	39.4790816	73.5923181	5287.7
456	456	1.215	палка-ручка-пробка	9.2	10.8	лишайник-жёлтый-на-камне	0.396	64.9	3.0	14.0	14.3	bbox	455	11.0	7.0	11.0	1445,613,7,6	127.5	39.4790795	73.5923183	5287.7
457	457	1.136	рюкзак-синий	6.6	21.9	порода-в-тени	0.962	16.9	2.0	-7.5	7.8	bbox	456	6.0	6.0	6.0	1858,949,7,8	127.2	39.4790801	73.5923185	5287.7
458	458	1.559	палка-ручка-контроль	11.2	19.0	корка-жёлтая-на-скале	0.417	38.6	2.0	15.5	15.6	bbox	457	7.0	7.0	7.0	1817,623,8,6	125.9	39.4790799	73.5923184	5287.7
459	459	1.774	стакан-марка-красная	12.0	26.3	снег-освещённый	0.169	76.1	-1.0	0.0	1.0	bbox	458	80.1	77.1	80.1	931,223,8,10	125.5	39.4790808	73.5923181	5287.6
460	460	1.380	палка-ручка-пробка	10.4	12.6	лишайник-жёлтый-на-камне	0.507	63.1	2.0	13.0	13.2	bbox	459	12.0	12.0	12.0	1393,646,8,5	125.3	39.4790794	73.5923185	5287.7
461	461	0.943	рюкзак-синий	7.1	9.2	снег-в-тени	0.125	48.0	0.0	-7.0	7.0	bbox	460	47.1	46.1	47.1	263,1028,6,13	123.0	39.4790798	73.5923178	5287.7
462	462	1.691	стакан-марка-красная	12.5	17.8	порода-в-тени	1.110	32.0	0.0	7.0	7.0	bbox	461	88.1	84.1	89.1	1733,336,8,9	123.0	39.4790815	73.5923184	5287.6
463	463	0.897	рюкзак-синий	6.1	13.3	снег-в-тени	0.797	25.5	0.0	-8.0	8.0	bbox	462	38.1	38.1	38.1	337,23,7,6	122.8	39.4790796	73.5923174	5287.7
464	464	1.282	рюкзак-синий	9.1	16.8	порода-в-тени	0.562	22.0	0.0	-5.0	5.0	bbox	463	64.1	64.1	64.1	489,39,8,10	122.8	39.4790808	73.5923181	5287.7
465	465	1.174	палка-ручка-пробка	8.9	10.0	лишайник-жёлтый-на-камне	0.280	65.7	1.0	15.0	15.0	bbox	464	12.0	12.0	12.0	1501,553,4,8	122.3	39.4790794	73.5923185	5287.7
466	466	1.846	стакан-марка-красная	12.6	26.9	порода-в-тени	1.171	22.9	0.5	8.0	8.0	bbox	465	44.1	44.1	44.1	1297,425,8,6	122.0	39.4790794	73.5923176	5287.7
467	467	0.996	рюкзак-синий	7.0	13.3	снег-в-тени	0.816	25.5	1.0	-7.0	7.1	bbox	466	64.1	64.1	64.1	17,507,6,10	121.2	39.4790808	73.5923181	5287.7
468	468	1.751	стакан-марка-красная	13.6	11.8	корка-жёлтая-на-скале	0.827	38.0	0.0	9.0	9.0	bbox	467	86.1	86.1	86.1	1493,125,8,7	118.3	39.4790816	73.5923182	5287.7
469	469	1.716	палка-ручка-пробка	10.4	31.2	корка-жёлтая-на-скале	0.373	44.5	2.0	13.0	13.2	bbox	468	9.0	8.0	9.0	393,555,8,4	118.0	39.4790798	73.5923185	5287.7
470	470	2.031	палка-ручка-пробка	16.2	6.1	снег-розовый	0.852	81.8	-1.0	8.0	8.1	bbox	469	26.0	26.0	26.0	477,753,8,8	117.4	39.4790796	73.5923179	5287.8
471	471	1.379	рюкзак-синий	7.3	29.0	порода-в-тени	1.047	9.8	3.0	-7.0	7.6	bbox	470	77.1	77.1	77.1	919,278,10,7	117.4	39.4790804	73.5923184	5287.7
472	472	0.975	рюкзак-синий	7.6	5.9	снег-в-тени	0.740	32.9	4.0	-7.0	8.1	bbox	471	83.1	83.1	89.1	1891,581,6,6	117.3	39.4790817	73.5923178	5287.7
473	473	0.934	рюкзак-синий	7.1	8.5	снег-в-тени	0.280	47.3	2.0	-7.0	7.3	bbox	472	39.1	39.1	40.1	785,139,16,4	116.3	39.4790794	73.5923172	5287.7
474	474	0.827	рюкзак-синий	6.0	9.8	снег-в-тени	0.682	29.0	1.0	-8.0	8.1	bbox	473	82.1	82.1	82.1	1731,469,6,8	115.1	39.4790813	73.5923178	5287.7
475	475	2.213	стакан-марка-красная	12.4	44.3	снег-пересвеченный	0.415	94.1	-1.0	-2.0	2.2	bbox	474	0.0	0.0	0.0	683,1051,6,6	115.0	39.4790803	73.5923191	5287.7
476	476	1.771	стакан-марка-красная	12.5	23.1	снег-розовый	0.693	72.9	0.0	7.0	7.0	bbox	475	72.1	72.1	76.1	0,445,7,7	114.2	39.4790805	73.5923183	5287.7
477	477	1.504	палка-ручка-контроль	11.4	13.5	корка-жёлтая-на-скале	0.397	44.1	3.0	15.0	15.3	bbox	476	52.1	52.1	53.1	1129,111,8,4	114.1	39.4790802	73.5923179	5287.7
478	478	1.905	стакан-марка-красная	15.2	3.3	корка-жёлтая-на-скале	0.948	53.1	-2.5	8.0	8.4	bbox	477	44.1	44.1	44.1	1249,493,8,4	113.9	39.4790794	73.5923176	5287.7
479	479	1.136	рюкзак-синий	8.1	14.1	снег-в-тени	0.316	52.9	-0.5	-6.0	6.0	bbox	478	88.1	88.1	88.1	860,111,9,6	113.4	39.4790815	73.5923184	5287.6
480	480	1.680	палка-ручка-пробка	11.4	24.9	корка-жёлтая-на-скале	0.299	50.8	-2.0	14.0	14.1	bbox	479	65.1	65.1	65.1	557,187,6,6	112.2	39.4790806	73.5923180	5287.7
481	481	1.783	палка-ручка-пробка	11.4	30.0	корка-жёлтая-на-скале	0.521	45.7	-4.0	16.0	16.5	bbox	480	10.0	10.0	10.0	9,171,6,6	111.5	39.4790797	73.5923183	5287.7
482	482	1.002	рюкзак-синий	7.3	11.7	снег-в-тени	0.840	27.1	3.0	-7.0	7.6	bbox	481	8.0	8.0	8.0	1883,923,5,6	111.3	39.4790797	73.5923185	5287.7
483	483	1.992	стакан-марка-красная	14.8	21.0	снег-розовый	0.934	70.8	-2.0	8.0	8.2	bbox	482	11.0	11.0	11.0	1883,740,4,9	110.5	39.4790795	73.5923183	5287.7
484	484	0.931	рюкзак-синий	6.0	15.5	снег-в-тени	0.883	23.3	1.0	-8.0	8.1	bbox	483	80.1	76.1	80.1	1017,43,6,6	110.5	39.4790808	73.5923181	5287.6
485	485	2.330	стакан-марка-красная	12.0	49.8	снег-пересвеченный	0.620	99.6	-1.0	0.0	1.0	bbox	484	55.1	55.1	65.1	873,385,4,12	108.2	39.4790806	73.5923179	5287.7
486	486	1.878	стакан-марка-красная	11.7	32.9	снег-розовый	0.487	82.7	0.0	5.0	5.0	bbox	485	75.1	75.1	76.1	140,818,10,3	107.1	39.4790803	73.5923183	5287.7
487	487	1.031	рюкзак-синий	8.2	0.0	снег-в-тени	0.425	38.8	-1.0	-6.0	6.1	bbox	486	79.1	79.1	79.1	471,263,6,6	106.8	39.4790807	73.5923182	5287.7
488	488	1.561	палка-ручка-контроль	11.7	15.2	корка-жёлтая-на-скале	0.317	42.4	2.0	15.0	15.1	bbox	487	52.1	52.1	53.1	593,169,6,6	106.2	39.4790802	73.5923179	5287.7
489	489	0.973	рюкзак-синий	7.0	11.9	снег-в-тени	0.768	26.9	1.0	-7.0	7.1	bbox	488	46.1	46.1	46.1	73,486,8,11	106.0	39.4790798	73.5923175	5287.7
490	490	1.239	рюкзак-синий	9.1	14.1	порода-в-тени	0.580	24.7	0.0	-5.0	5.0	bbox	489	66.1	66.1	66.1	897,939,8,6	105.9	39.4790805	73.5923181	5287.7
491	491	1.954	стакан-марка-красная	13.0	30.2	снег-освещённый	0.128	80.0	-2.0	0.0	2.0	bbox	490	64.1	57.1	64.1	497,518,16,3	105.6	39.4790808	73.5923181	5287.7
492	492	1.760	стакан-марка-красная	13.9	8.0	корка-жёлтая-на-скале	0.954	57.8	-1.0	8.0	8.1	bbox	491	39.1	39.1	39.1	890,285,7,8	105.4	39.4790794	73.5923172	5287.7
493	493	1.337	палка-ручка-пробка	9.4	17.7	корка-жёлтая-на-скале	0.366	58.0	0.0	15.0	15.0	bbox	492	10.0	10.0	10.0	1433,497,8,5	105.0	39.4790797	73.5923183	5287.7
494	494	1.524	палка-ручка-пробка	11.4	15.1	корка-жёлтая-на-скале	0.535	60.6	-2.0	14.0	14.1	bbox	493	54.1	48.1	55.1	1884,303,5,8	104.3	39.4790807	73.5923178	5287.7
495	495	1.786	стакан-марка-красная	14.2	5.1	корка-жёлтая-на-скале	0.635	44.7	0.0	10.0	10.0	bbox	494	3.0	1.0	3.0	472,671,9,6	103.8	39.4790802	73.5923188	5287.7
496	496	2.253	стакан-марка-красная	12.4	45.9	снег-пересвеченный	0.435	95.7	-1.0	-2.0	2.2	bbox	495	55.1	49.1	56.1	1089,299,6,6	103.8	39.4790806	73.5923179	5287.7
497	497	1.860	стакан-марка-красная	12.0	30.6	снег-освещённый	0.250	80.4	-1.0	2.0	2.2	bbox	496	41.1	41.1	43.1	883,575,6,10	103.2	39.4790791	73.5923170	5287.7
498	498	2.330	стакан-марка-красная	12.0	49.8	снег-пересвеченный	0.620	99.6	-1.0	0.0	1.0	bbox	497	61.1	60.1	63.1	641,289,8,4	103.0	39.4790811	73.5923182	5287.7
499	499	1.225	рюкзак-синий	9.1	13.1	порода-в-тени	0.732	25.7	2.0	-5.0	5.4	bbox	498	67.1	66.1	69.1	273,465,5,8	102.5	39.4790805	73.5923183	5287.6
500	500	1.046	рюкзак-синий	8.0	8.4	снег-в-тени	0.673	30.4	0.5	-6.0	6.0	bbox	499	89.1	88.1	89.1	1843,0,10,7	100.1	39.4790815	73.5923185	5287.6
501	501	1.182	рюкзак-синий	6.7	23.3	порода-в-тени	1.166	15.5	4.0	-8.0	8.9	bbox	500	74.1	73.1	75.1	1167,241,6,8	99.5	39.4790804	73.5923182	5287.7
502	502	2.086	стакан-марка-красная	13.0	36.5	снег-освещённый	0.232	86.3	-2.0	0.0	2.0	bbox	501	81.1	81.1	82.1	831,382,2,19	98.5	39.4790812	73.5923179	5287.6
503	503	2.516	палка-ручка-пробка	19.8	12.1	снег-освещённый	1.055	87.8	-6.0	6.5	8.8	bbox	502	69.1	69.1	69.1	273,81,6,12	98.1	39.4790805	73.5923182	5287.7
504	504	0.835	рюкзак-синий	6.2	8.8	снег-в-тени	0.708	30.0	2.5	-8.0	8.4	bbox	503	83.1	81.1	85.1	1581,9,6,6	97.5	39.4790817	73.5923178	5287.7
505	505	1.429	палка-ручка-пробка	9.9	20.0	корка-жёлтая-на-скале	0.397	55.7	-2.0	16.0	16.1	bbox	504	10.0	10.0	10.0	1665,833,6,7	97.0	39.4790797	73.5923183	5287.7
506	506	1.090	рюкзак-синий	6.0	22.1	порода-в-тени	0.961	16.7	1.0	-8.0	8.1	bbox	505	69.1	69.1	69.1	67,897,4,9	96.7	39.4790805	73.5923182	5287.7
507	507	1.725	стакан-марка-красная	13.6	8.2	корка-жёлтая-на-скале	0.782	41.6	0.0	9.0	9.0	bbox	506	58.1	57.1	63.1	455,433,6,10	95.9	39.4790807	73.5923180	5287.7
508	508	1.870	стакан-марка-красная	13.9	19.4	корка-жёлтая-на-скале	1.081	30.4	-1.0	8.0	8.1	bbox	507	48.1	48.1	48.1	1203,71,6,12	95.4	39.4790800	73.5923180	5287.7
509	509	0.778	рюкзак-синий	5.6	9.6	снег-в-тени	0.712	29.2	2.0	-8.5	8.7	bbox	508	69.1	69.1	69.1	235,153,7,10	95.4	39.4790805	73.5923182	5287.7
510	510	1.717	стакан-марка-красная	13.0	15.1	корка-жёлтая-на-скале	0.992	34.7	0.0	8.0	8.0	bbox	509	85.1	85.1	86.1	1251,53,6,12	94.6	39.4790816	73.5923181	5287.7
511	511	1.533	палка-ручка-пробка	11.2	17.7	корка-жёлтая-на-скале	0.443	58.0	0.0	13.0	13.0	bbox	510	53.1	53.1	53.1	1557,0,5,5	93.1	39.4790802	73.5923180	5287.7
512	512	2.186	стакан-марка-красная	11.2	47.1	снег-освещённый	0.600	96.9	0.0	-1.0	1.0	bbox	511	3.0	3.0	4.0	774,140,7,5	91.8	39.4790802	73.5923188	5287.7
513	513	1.569	палка-ручка-пробка	11.0	21.4	корка-жёлтая-на-скале	0.446	54.3	-3.0	15.5	15.8	bbox	512	69.1	69.1	69.1	569,601,6,4	91.2	39.4790805	73.5923182	5287.7
514	514	1.719	стакан-марка-красная	13.4	10.6	снег-розовый	0.953	60.4	-1.0	7.0	7.1	bbox	513	40.1	40.1	42.1	693,489,4,8	90.3	39.4790790	73.5923171	5287.7
515	515	1.153	рюкзак-синий	7.8	17.4	порода-в-тени	0.700	21.4	-1.0	-6.5	6.6	bbox	514	8.0	8.0	8.0	499,699,4,6	88.7	39.4790797	73.5923185	5287.7
516	516	1.606	стакан-марка-красная	11.0	22.9	снег-розовый	0.304	72.7	0.0	2.0	2.0	bbox	515	87.1	87.1	87.1	819,387,5,6	88.0	39.4790815	73.5923182	5287.7
517	517	0.919	рюкзак-синий	7.2	5.1	снег-в-тени	0.627	33.7	-3.0	-8.0	8.5	bbox	516	79.1	79.1	79.1	11,545,6,6	87.5	39.4790807	73.5923182	5287.7
518	518	1.990	стакан-марка-красная	13.0	32.0	порода-в-тени	1.156	17.8	0.0	8.0	8.0	bbox	517	5.0	5.0	5.0	43,241,5,8	85.8	39.4790802	73.5923185	5287.7
519	519	2.185	стакан-марка-красная	12.2	43.9	снег-пересвеченный	0.464	93.7	-1.0	-1.0	1.4	bbox	518	50.1	50.1	51.1	818,495,3,13	85.5	39.4790801	73.5923179	5287.7
520	520	1.588	стакан-марка-красная	11.0	22.0	снег-освещённый	0.346	71.8	0.0	0.0	0.0	bbox	519	87.1	87.1	87.1	1025,20,6,5	85.4	39.4790815	73.5923182	5287.7
521	521	1.076	рюкзак-синий	8.0	11.2	снег-в-тени	0.772	27.6	1.0	-6.0	6.1	bbox	520	41.1	40.1	41.1	1057,59,12,4	84.5	39.4790791	73.5923170	5287.7
522	522	1.700	стакан-марка-красная	13.6	0.8	корка-жёлтая-на-скале	0.751	49.0	0.0	9.0	9.0	bbox	521	3.0	3.0	3.0	518,714,9,6	83.3	39.4790802	73.5923188	5287.7
523	523	1.704	палка-ручка-контроль	12.2	21.5	корка-жёлтая-на-скале	0.664	36.1	4.0	14.0	14.6	bbox	522	8.0	7.0	11.0	901,337,4,8	81.8	39.4790797	73.5923185	5287.7
524	524	1.680	стакан-марка-красная	13.4	2.7	корка-жёлтая-на-скале	1.022	52.5	-1.0	7.0	7.1	bbox	523	58.1	56.1	63.1	482,412,7,5	81.7	39.4790807	73.5923180	5287.7
525	525	1.321	рюкзак-синий	8.1	23.9	порода-в-тени	0.701	14.9	0.0	-6.0	6.0	bbox	524	43.1	42.1	47.1	1161,345,8,4	81.6	39.4790793	73.5923174	5287.7
526	526	2.253	стакан-марка-красная	12.7	44.9	снег-пересвеченный	0.426	94.7	-1.5	-1.0	1.8	bbox	525	59.1	56.1	63.1	701,356,4,13	81.3	39.4790808	73.5923181	5287.7
527	527	2.047	стакан-марка-красная	12.0	38.8	снег-освещённый	0.280	88.6	-1.0	0.0	1.0	bbox	526	80.1	80.1	80.1	218,609,3,9	81.0	39.4790808	73.5923181	5287.6
528	528	2.066	стакан-марка-красная	12.0	39.6	снег-освещённый	0.308	89.4	-1.0	0.0	1.0	bbox	527	80.1	80.1	80.1	101,41,4,8	80.6	39.4790808	73.5923181	5287.6
529	529	0.936	рюкзак-синий	6.1	15.3	снег-в-тени	0.902	23.5	2.0	-8.0	8.2	bbox	528	80.1	80.1	80.1	1889,549,6,4	80.4	39.4790808	73.5923181	5287.6
530	530	1.504	палка-ручка-пробка	11.3	14.3	корка-жёлтая-на-скале	0.613	61.4	-3.0	15.0	15.3	bbox	529	9.0	9.0	11.0	1253,57,6,4	80.0	39.4790798	73.5923185	5287.7
531	531	1.860	стакан-марка-красная	12.0	30.6	снег-освещённый	0.015	80.4	-1.0	0.0	1.0	bbox	530	88.1	88.1	88.1	799,113,5,8	79.9	39.4790815	73.5923184	5287.6
532	532	2.040	рюкзак-синий	13.3	32.9	порода-в-тени	0.518	5.9	-2.0	-1.0	2.2	bbox	531	9.0	9.0	9.0	1745,426,7,7	79.7	39.4790798	73.5923185	5287.7
533	533	2.196	стакан-марка-красная	17.1	14.3	снег-освещённый	1.171	64.1	-5.0	7.0	8.6	bbox	532	83.1	83.1	83.1	1915,193,5,12	78.7	39.4790817	73.5923178	5287.7
534	534	1.852	стакан-марка-красная	14.8	4.3	корка-жёлтая-на-скале	0.938	54.1	-2.0	8.0	8.2	bbox	533	51.1	48.1	63.1	393,946,7,7	78.4	39.4790801	73.5923180	5287.7
535	535	1.707	стакан-марка-красная	12.0	22.6	снег-освещённый	0.302	72.4	-1.0	0.0	1.0	bbox	534	89.1	89.1	89.1	793,259,4,6	78.3	39.4790815	73.5923185	5287.6
536	536	1.823	стакан-марка-красная	11.0	33.5	снег-освещённый	0.199	83.3	0.0	1.0	1.0	bbox	535	89.1	89.1	89.1	893,62,10,3	78.2	39.4790815	73.5923185	5287.6
537	537	1.678	стакан-марка-красная	13.4	1.6	корка-жёлтая-на-скале	1.016	51.4	-1.0	7.0	7.1	bbox	536	3.0	0.0	3.0	421,462,10,3	78.0	39.4790802	73.5923188	5287.7
538	538	1.885	стакан-марка-красная	15.0	5.5	корка-жёлтая-на-скале	0.649	44.3	-1.0	10.0	10.0	bbox	537	86.1	86.1	89.1	853,542,2,11	77.6	39.4790816	73.5923182	5287.7
539	539	1.571	стакан-марка-красная	12.5	3.3	корка-жёлтая-на-скале	1.018	53.1	0.0	7.0	7.0	bbox	538	43.1	40.1	46.1	1393,433,5,4	77.2	39.4790793	73.5923174	5287.7
540	540	1.107	рюкзак-синий	8.4	10.0	снег-в-тени	0.315	48.8	-1.5	-6.0	6.2	bbox	539	11.0	11.0	11.0	1873,186,4,5	76.9	39.4790795	73.5923183	5287.7
541	541	1.955	стакан-марка-красная	15.6	2.7	корка-жёлтая-на-скале	0.516	47.1	-1.0	11.0	11.0	bbox	540	50.1	48.1	50.1	450,696,7,5	76.8	39.4790801	73.5923179	5287.7
542	542	2.065	палка-ручка-контроль	14.4	28.2	корка-жёлтая-на-скале	0.714	29.4	-2.0	14.0	14.1	bbox	541	65.1	65.1	65.1	491,253,6,4	76.8	39.4790806	73.5923180	5287.7
543	543	0.898	рюкзак-синий	6.7	9.0	снег-в-тени	0.814	29.8	4.0	-8.0	8.9	bbox	542	75.1	75.1	75.1	241,17,6,6	76.5	39.4790803	73.5923183	5287.7
544	544	1.220	рюкзак-синий	9.5	8.0	порода-в-тени	0.623	30.8	-2.0	-5.0	5.4	bbox	543	79.1	79.1	79.1	257,389,4,8	76.5	39.4790807	73.5923182	5287.7
545	545	1.357	рюкзак-синий	10.1	14.3	порода-в-тени	0.554	24.5	-3.5	-5.0	6.1	bbox	544	1.0	1.0	1.0	1905,1017,6,6	75.5	39.4790802	73.5923191	5287.7
546	546	1.284	рюкзак-синий	10.0	7.4	порода-в-тени	0.738	31.4	2.0	-4.0	4.5	bbox	545	40.1	40.1	40.1	953,99,6,6	75.0	39.4790790	73.5923171	5287.7
547	547	1.875	палка-ручка-контроль	13.4	23.5	корка-жёлтая-на-скале	0.504	34.1	0.0	14.0	14.0	bbox	546	55.1	55.1	55.1	159,236,6,5	75.0	39.4790806	73.5923179	5287.7
548	548	2.308	палка-ручка-пробка	18.4	2.9	снег-освещённый	1.065	78.6	-5.0	7.5	9.0	bbox	547	86.1	86.1	86.1	1753,0,6,5	74.9	39.4790816	73.5923182	5287.7
549	549	1.172	рюкзак-синий	7.1	21.5	порода-в-тени	0.908	17.3	2.0	-7.0	7.3	bbox	548	6.0	6.0	7.0	1837,669,4,6	74.6	39.4790801	73.5923185	5287.7
550	550	1.008	рюкзак-синий	8.1	0.2	снег-в-тени	0.473	39.0	2.0	-6.0	6.3	bbox	549	81.1	81.1	81.1	1677,129,6,8	73.9	39.4790812	73.5923179	5287.6
551	551	2.259	стакан-марка-красная	13.0	43.9	снег-пересвеченный	0.411	93.7	-1.0	-4.0	4.1	bbox	550	74.1	73.1	75.1	1789,473,4,6	72.7	39.4790804	73.5923182	5287.7
552	552	1.135	рюкзак-синий	9.1	2.4	снег-в-тени	0.443	41.2	0.0	-5.0	5.0	bbox	551	47.1	46.1	47.1	417,597,4,8	71.1	39.4790798	73.5923178	5287.7
553	553	1.863	рюкзак-синий	12.0	30.8	порода-в-тени	0.523	8.0	0.0	-2.0	2.0	bbox	552	68.1	68.1	68.1	1579,611,6,8	70.8	39.4790805	73.5923183	5287.6
554	554	1.820	стакан-марка-красная	12.0	28.6	снег-освещённый	0.085	78.4	-1.0	0.0	1.0	bbox	553	80.1	80.1	80.1	1276,921,5,5	70.7	39.4790808	73.5923181	5287.6
555	555	1.800	палка-ручка-пробка	14.3	5.5	лишайник-жёлтый-на-камне	0.967	70.2	-1.0	10.0	10.0	bbox	554	74.1	74.1	74.1	340,1077,7,3	70.4	39.4790804	73.5923182	5287.7
556	556	1.497	палка-ручка-контроль	10.4	20.5	корка-жёлтая-на-скале	0.551	37.1	3.0	16.0	16.3	bbox	555	9.0	9.0	9.0	657,453,6,6	69.7	39.4790798	73.5923185	5287.7
557	557	1.818	стакан-марка-красная	14.2	10.8	корка-жёлтая-на-скале	0.774	60.6	0.0	10.0	10.0	bbox	556	66.1	66.1	66.1	443,593,6,5	69.7	39.4790805	73.5923181	5287.7
558	558	1.282	рюкзак-синий	7.3	25.3	порода-в-тени	0.799	13.5	-1.0	-7.0	7.1	bbox	557	4.0	4.0	4.0	1878,377,3,8	69.6	39.4790803	73.5923185	5287.7
559	559	1.269	рюкзак-синий	10.0	6.1	порода-в-тени	0.690	32.7	1.0	-4.0	4.1	bbox	558	65.1	65.1	66.1	180,505,3,8	69.0	39.4790806	73.5923180	5287.7
560	560	1.123	рюкзак-синий	8.1	13.9	порода-в-тени	0.692	24.9	0.0	-6.0	6.0	bbox	559	41.1	41.1	41.1	5,963,4,8	68.7	39.4790791	73.5923170	5287.7
561	561	1.386	рюкзак-синий	8.1	26.6	порода-в-тени	0.853	12.2	2.0	-6.0	6.3	bbox	560	43.1	43.1	43.1	3,94,6,3	68.7	39.4790793	73.5923174	5287.7
562	562	1.812	палка-ручка-пробка	14.3	7.9	лишайник-жёлтый-на-камне	0.956	67.8	-1.0	10.0	10.0	bbox	561	8.0	7.0	8.0	1708,346,5,6	68.5	39.4790797	73.5923185	5287.7
563	563	1.132	рюкзак-синий	9.1	1.0	снег-в-тени	0.517	37.8	0.0	-5.0	5.0	bbox	562	79.1	79.1	79.1	307,273,6,4	68.5	39.4790807	73.5923182	5287.7
564	564	2.149	стакан-марка-красная	13.0	39.2	порода-в-тени	1.205	10.6	0.0	8.0	8.0	bbox	563	59.1	59.1	59.1	572,603,4,5	68.4	39.4790808	73.5923181	5287.7
565	565	1.845	стакан-марка-красная	14.5	9.0	корка-жёлтая-на-скале	1.047	58.8	-2.0	7.5	7.8	bbox	564	51.1	48.1	51.1	321,842,4,5	68.1	39.4790801	73.5923180	5287.7
566	566	1.151	рюкзак-синий	9.0	6.8	снег-в-тени	0.690	32.0	1.0	-5.0	5.1	bbox	565	5.0	5.0	5.0	1781,57,4,4	67.4	39.4790802	73.5923185	5287.7
567	567	1.156	рюкзак-синий	7.0	21.2	порода-в-тени	0.844	17.6	1.0	-7.0	7.1	bbox	566	5.0	5.0	5.0	1862,817,3,8	67.3	39.4790802	73.5923185	5287.7
568	568	1.752	стакан-марка-красная	11.0	30.2	снег-освещённый	0.128	80.0	0.0	0.0	0.0	bbox	567	88.1	88.1	88.1	983,105,6,4	66.1	39.4790815	73.5923184	5287.6
569	569	1.253	рюкзак-синий	9.1	15.1	порода-в-тени	0.571	23.7	0.0	-5.0	5.0	bbox	568	9.0	9.0	9.0	1845,11,5,4	65.7	39.4790798	73.5923185	5287.7
570	570	1.595	стакан-марка-красная	7.2	36.9	порода-охристая	1.152	12.9	7.0	7.0	9.9	bbox	569	74.1	74.1	74.1	42,1046,6,6	65.0	39.4790804	73.5923182	5287.7
571	571	1.654	стакан-марка-красная	11.0	25.5	снег-освещённый	0.233	75.3	0.0	0.0	0.0	bbox	570	83.1	83.1	83.1	953,92,6,3	65.0	39.4790817	73.5923178	5287.7
572	572	2.021	стакан-марка-красная	12.2	37.3	снег-освещённый	0.256	87.1	-1.0	-1.0	1.4	bbox	571	82.1	82.1	82.1	924,163,5,6	64.9	39.4790813	73.5923178	5287.7
573	573	2.153	стакан-марка-красная	12.4	42.0	снег-пересвеченный	0.397	91.8	-1.0	-2.0	2.2	bbox	572	49.1	49.1	50.1	732,465,5,6	64.2	39.4790801	73.5923180	5287.7
574	574	1.424	стакан-марка-красная	11.0	9.8	снег-розовый	0.733	59.6	0.0	0.0	0.0	bbox	573	80.1	80.1	80.1	1018,1060,5,5	64.0	39.4790808	73.5923181	5287.6
575	575	1.418	рюкзак-синий	9.1	23.9	порода-в-тени	0.593	14.9	0.0	-5.0	5.0	bbox	574	2.0	2.0	2.0	1788,57,5,6	63.0	39.4790802	73.5923189	5287.7
576	576	1.507	рюкзак-синий	10.0	23.3	порода-в-тени	0.484	15.5	0.0	-4.0	4.0	bbox	575	58.1	58.1	58.1	1291,827,4,4	63.0	39.4790807	73.5923180	5287.7
577	577	0.920	рюкзак-синий	6.6	11.5	снег-в-тени	0.736	27.3	0.0	-7.5	7.5	bbox	576	47.1	46.1	47.1	169,49,4,4	62.9	39.4790798	73.5923178	5287.7
578	578	1.720	стакан-марка-красная	13.6	7.3	корка-жёлтая-на-скале	0.773	42.5	0.0	9.0	9.0	bbox	577	56.1	56.1	60.1	513,866,8,3	62.8	39.4790807	73.5923179	5287.7
579	579	2.248	стакан-марка-красная	12.4	45.7	снег-пересвеченный	0.432	95.5	-1.0	-2.0	2.2	bbox	578	49.1	49.1	49.1	373,0,4,9	62.5	39.4790801	73.5923180	5287.7
580	580	1.553	стакан-марка-красная	12.2	8.0	корка-жёлтая-на-скале	0.954	57.8	1.0	8.0	8.1	bbox	579	1.0	0.0	2.0	759,443,6,5	62.4	39.4790802	73.5923191	5287.7
581	581	2.029	стакан-марка-красная	12.5	36.1	снег-пересвеченный	0.485	85.9	-0.5	-4.0	4.0	bbox	580	73.1	73.1	73.1	444,161,5,4	62.3	39.4790804	73.5923183	5287.7
582	582	1.015	рюкзак-синий	8.0	4.5	снег-в-тени	0.574	34.3	1.5	-6.0	6.2	bbox	581	50.1	48.1	51.1	1884,106,3,6	62.1	39.4790801	73.5923179	5287.7
583	583	1.828	стакан-марка-красная	11.1	33.3	снег-освещённый	0.163	83.1	0.0	-0.5	0.5	bbox	582	83.1	83.1	83.1	866,263,5,8	61.8	39.4790817	73.5923178	5287.7
584	584	1.633	стакан-марка-красная	13.0	2.9	снег-розовый	1.019	52.7	-2.0	2.0	2.8	bbox	583	84.1	84.1	84.1	954,17,3,8	61.7	39.4790815	73.5923178	5287.7
585	585	2.056	стакан-марка-красная	12.0	39.2	снег-освещённый	0.294	89.0	-1.0	0.0	1.0	bbox	584	3.0	1.0	4.0	865,362,7,3	61.5	39.4790802	73.5923188	5287.7
586	586	2.181	рюкзак-синий	14.3	34.9	порода-в-тени	0.602	3.9	-2.0	0.0	2.0	bbox	585	55.1	51.1	57.1	430,426,9,3	61.5	39.4790806	73.5923179	5287.7
587	587	1.848	стакан-марка-красная	12.2	29.4	снег-освещённый	0.137	79.2	-1.0	-1.0	1.4	bbox	586	57.1	57.1	57.1	350,371,3,11	61.4	39.4790807	73.5923182	5287.7
588	588	2.125	рюкзак-синий	13.9	34.1	порода-в-тени	0.614	4.7	-4.0	-1.0	4.1	bbox	587	79.1	79.1	79.1	1165,37,5,5	61.3	39.4790807	73.5923182	5287.7
589	589	0.980	рюкзак-синий	7.0	12.3	снег-в-тени	0.782	26.5	1.0	-7.0	7.1	bbox	588	44.1	44.1	44.1	85,63,6,6	61.2	39.4790794	73.5923176	5287.7
590	590	0.915	рюкзак-синий	7.3	2.6	снег-в-тени	0.290	41.4	-1.0	-7.0	7.1	bbox	589	80.1	80.1	80.1	1179,321,2,8	61.2	39.4790808	73.5923181	5287.6
591	591	1.633	стакан-марка-красная	13.0	2.9	корка-жёлтая-на-скале	0.876	46.9	0.0	8.0	8.0	bbox	590	58.1	58.1	59.1	530,721,9,2	60.9	39.4790807	73.5923180	5287.7
592	592	1.463	рюкзак-синий	10.8	16.1	порода-в-тени	0.404	22.7	-3.0	-4.0	5.0	bbox	591	7.0	7.0	7.0	1908,1043,3,6	60.8	39.4790799	73.5923184	5287.7
593	593	1.256	рюкзак-синий	8.6	18.4	порода-в-тени	0.616	20.4	0.0	-5.5	5.5	bbox	592	79.1	79.1	79.1	549,349,4,4	60.7	39.4790807	73.5923182	5287.7
594	594	1.681	рюкзак-синий	11.0	26.8	порода-в-тени	0.635	12.0	2.0	-3.0	3.6	bbox	593	65.1	65.1	68.1	411,435,4,4	60.2	39.4790806	73.5923180	5287.7
595	595	1.557	палка-ручка-пробка	11.7	15.3	корка-жёлтая-на-скале	0.530	60.4	-1.0	13.0	13.0	bbox	594	9.0	9.0	9.0	1857,571,4,4	59.5	39.4790798	73.5923185	5287.7
596	596	1.401	рюкзак-синий	9.2	22.3	порода-в-тени	0.534	16.5	-1.0	-5.0	5.1	bbox	595	54.1	50.1	54.1	505,675,4,4	59.5	39.4790807	73.5923178	5287.7
597	597	2.122	стакан-марка-красная	13.0	38.0	порода-в-тени	0.486	11.8	-2.0	2.0	2.8	bbox	596	80.1	80.1	80.1	1829,39,4,6	59.5	39.4790808	73.5923181	5287.6
598	598	1.521	стакан-марка-красная	9.4	27.1	снег-розовый	0.381	76.9	2.5	5.0	5.6	bbox	597	53.1	53.1	53.1	537,241,6,5	58.6	39.4790802	73.5923180	5287.7
599	599	1.769	рюкзак-синий	10.2	34.3	снег-освещённый	0.570	73.1	-1.0	-4.0	4.1	bbox	598	82.1	82.1	82.1	1420,37,7,4	58.4	39.4790813	73.5923178	5287.7
600	600	1.320	рюкзак-синий	9.5	16.1	порода-в-тени	0.544	22.7	0.5	-4.5	4.5	bbox	599	55.1	55.1	55.1	1795,691,4,4	58.1	39.4790806	73.5923179	5287.7
601	601	1.854	стакан-марка-красная	12.4	28.6	снег-освещённый	0.264	78.4	-1.0	-2.0	2.2	bbox	600	42.1	42.1	42.1	1009,794,7,4	57.7	39.4790792	73.5923171	5287.7
602	602	1.792	стакан-марка-красная	14.2	6.7	корка-жёлтая-на-скале	0.647	43.1	0.0	10.0	10.0	bbox	601	42.1	42.1	43.1	867,177,4,6	57.1	39.4790792	73.5923171	5287.7
603	603	2.186	стакан-марка-красная	11.2	47.1	снег-освещённый	0.600	96.9	0.0	-1.0	1.0	bbox	602	59.1	59.1	59.1	857,90,8,3	57.0	39.4790808	73.5923181	5287.7
604	604	1.220	рюкзак-синий	9.6	7.0	порода-в-тени	0.647	31.8	0.0	-4.5	4.5	bbox	603	46.1	46.1	46.1	441,426,4,7	56.8	39.4790798	73.5923175	5287.7
605	605	2.053	стакан-марка-красная	11.0	42.6	снег-освещённый	0.431	92.4	0.0	0.0	0.0	bbox	604	51.1	51.1	51.1	749,107,6,6	56.5	39.4790801	73.5923180	5287.7
606	606	1.923	стакан-марка-красная	12.2	32.9	снег-освещённый	0.143	82.7	-1.0	-1.0	1.4	bbox	605	84.1	84.1	84.1	1047,369,2,11	56.5	39.4790815	73.5923178	5287.7
607	607	1.286	рюкзак-синий	9.0	17.4	порода-в-тени	0.626	21.4	1.0	-5.0	5.1	bbox	606	48.1	48.1	49.1	939,1041,4,4	56.2	39.4790800	73.5923180	5287.7
608	608	1.502	стакан-марка-красная	11.7	10.0	снег-розовый	0.719	59.8	-0.5	3.0	3.0	bbox	607	84.1	84.1	84.1	294,436,4,5	56.1	39.4790815	73.5923178	5287.7
609	609	1.007	рюкзак-синий	8.0	3.3	снег-в-тени	0.521	35.5	1.0	-6.0	6.1	bbox	608	54.1	51.1	54.1	1893,457,4,8	55.1	39.4790807	73.5923178	5287.7
610	610	1.994	стакан-марка-красная	13.0	32.2	порода-в-тени	1.157	17.6	0.0	8.0	8.0	bbox	609	5.0	3.0	5.0	153,342,6,3	54.5	39.4790802	73.5923185	5287.7
611	611	2.154	стакан-марка-красная	12.0	43.1	снег-освещённый	0.434	92.9	-1.0	0.0	1.0	bbox	610	3.0	3.0	5.0	666,362,3,7	54.1	39.4790802	73.5923188	5287.7
612	612	1.860	стакан-марка-красная	12.0	30.6	снег-освещённый	0.015	80.4	-1.0	0.0	1.0	bbox	611	81.1	81.1	81.1	843,54,7,3	53.7	39.4790812	73.5923179	5287.6
613	613	1.172	рюкзак-синий	8.0	17.0	порода-в-тени	0.700	21.8	0.5	-6.0	6.0	bbox	612	47.1	47.1	47.1	139,657,4,4	53.1	39.4790798	73.5923178	5287.7
614	614	2.105	стакан-марка-красная	11.8	42.2	снег-освещённый	0.445	92.0	-0.5	-1.5	1.6	bbox	613	50.1	50.1	50.1	109,180,4,5	52.5	39.4790801	73.5923179	5287.7
615	615	1.843	рюкзак-синий	10.5	36.1	порода-в-тени	0.863	2.7	2.0	-3.5	4.0	bbox	614	66.1	66.1	66.1	467,713,4,4	52.4	39.4790805	73.5923181	5287.7
616	616	2.133	стакан-марка-красная	13.0	38.8	порода-в-тени	1.072	11.0	-0.5	7.0	7.0	bbox	615	57.1	57.1	57.1	169,285,4,4	52.0	39.4790807	73.5923182	5287.7
617	617	2.163	стакан-марка-красная	12.4	42.4	снег-пересвеченный	0.399	92.2	-1.0	-2.0	2.2	bbox	616	49.1	49.1	49.1	766,575,3,10	50.9	39.4790801	73.5923180	5287.7
618	618	2.155	стакан-марка-красная	13.6	37.1	снег-пересвеченный	0.283	86.9	-2.0	-3.0	3.6	bbox	617	48.1	48.1	52.1	679,446,2,8	49.9	39.4790800	73.5923180	5287.7
619	619	1.665	стакан-марка-красная	13.3	1.4	корка-жёлтая-на-скале	0.821	51.2	0.0	8.5	8.5	bbox	618	42.1	42.1	42.1	939,145,4,4	49.8	39.4790792	73.5923171	5287.7
620	620	2.158	стакан-марка-красная	12.1	43.1	снег-освещённый	0.438	92.9	-1.0	-0.5	1.1	bbox	619	5.0	5.0	5.0	731,457,2,8	49.2	39.4790802	73.5923185	5287.7
621	621	1.716	стакан-марка-красная	8.9	36.5	порода-охристая	1.055	13.3	7.0	9.0	11.4	bbox	620	75.1	75.1	75.1	321,397,4,4	48.6	39.4790803	73.5923183	5287.7
622	622	1.730	рюкзак-синий	10.2	32.8	снег-освещённый	0.599	71.6	-1.0	-4.0	4.1	bbox	621	42.1	42.1	42.1	1658,209,3,8	48.4	39.4790792	73.5923171	5287.7
623	623	1.846	стакан-марка-красная	14.8	0.4	корка-жёлтая-на-скале	0.914	50.2	-2.0	8.0	8.2	bbox	622	43.1	40.1	43.1	1069,163,3,5	48.2	39.4790793	73.5923174	5287.7
624	624	1.937	стакан-марка-красная	12.0	34.1	снег-освещённый	0.111	83.9	-1.0	0.0	1.0	bbox	623	59.1	59.1	60.1	230,553,3,7	48.0	39.4790808	73.5923181	5287.7
625	625	1.762	рюкзак-синий	10.4	33.2	снег-освещённый	0.604	72.0	-2.0	-4.0	4.5	bbox	624	42.1	42.1	44.1	1743,375,2,10	47.9	39.4790792	73.5923171	5287.7
626	626	1.712	стакан-марка-красная	13.0	15.1	снег-розовый	0.772	64.9	-1.0	6.0	6.1	bbox	625	77.1	77.1	77.1	49,636,3,6	47.2	39.4790804	73.5923184	5287.7
627	627	2.158	стакан-марка-красная	12.4	42.2	снег-пересвеченный	0.398	92.0	-1.0	-2.0	2.2	bbox	626	60.1	56.1	62.1	945,204,4,5	47.0	39.4790808	73.5923183	5287.7
628	628	2.372	стакан-марка-красная	13.0	48.2	снег-пересвеченный	0.523	98.0	-2.0	0.0	2.0	bbox	627	5.0	5.0	5.0	365,625,4,8	46.9	39.4790802	73.5923185	5287.7
629	629	2.016	стакан-марка-красная	12.2	37.1	снег-освещённый	0.250	86.9	-1.0	-1.0	1.4	bbox	628	49.1	49.1	50.1	226,545,3,8	46.8	39.4790801	73.5923180	5287.7
630	630	2.394	стакан-марка-красная	15.8	37.8	порода-в-тени	1.408	12.0	-2.0	10.0	10.2	bbox	629	51.1	49.1	51.1	489,1030,5,4	46.8	39.4790801	73.5923180	5287.7
631	631	1.488	рюкзак-синий	9.1	27.0	порода-в-тени	0.771	11.8	2.0	-5.0	5.4	bbox	630	1.0	1.0	1.0	1269,505,4,4	46.2	39.4790802	73.5923191	5287.7
632	632	2.049	рюкзак-синий	13.3	33.3	порода-в-тени	0.532	5.5	-2.0	-1.0	2.2	bbox	631	1.0	1.0	1.0	1745,497,4,5	46.0	39.4790802	73.5923191	5287.7
633	633	1.704	палка-ручка-контроль	11.0	28.2	порода-охристая	0.862	29.4	6.0	15.0	16.2	bbox	632	53.1	53.1	53.1	1071,99,2,6	45.9	39.4790802	73.5923180	5287.7
634	634	1.243	рюкзак-синий	8.1	20.4	порода-в-тени	0.803	18.4	2.0	-6.0	6.3	bbox	633	4.0	4.0	4.0	1385,571,4,4	45.4	39.4790803	73.5923185	5287.7
635	635	1.442	рюкзак-синий	9.2	24.3	порода-в-тени	0.557	14.5	-1.0	-5.0	5.1	bbox	634	2.0	2.0	2.0	726,973,3,4	45.3	39.4790802	73.5923189	5287.7
636	636	1.906	стакан-марка-красная	12.0	32.9	снег-освещённый	0.143	82.7	-1.0	1.0	1.4	bbox	635	45.1	45.1	45.1	1184,58,5,7	44.9	39.4790798	73.5923176	5287.7
637	637	1.923	стакан-марка-красная	12.2	32.9	снег-освещённый	0.143	82.7	-1.0	-1.0	1.4	bbox	636	51.1	51.1	55.1	1371,278,6,3	44.7	39.4790801	73.5923180	5287.7
638	638	1.870	стакан-марка-красная	13.0	25.9	снег-освещённый	0.254	75.7	-2.0	1.0	2.2	bbox	637	5.0	5.0	5.0	214,289,3,5	44.4	39.4790802	73.5923185	5287.7
639	639	1.597	стакан-марка-красная	12.6	7.1	корка-жёлтая-на-скале	0.935	56.9	0.5	8.0	8.0	bbox	638	6.0	6.0	6.0	1027,107,2,6	44.3	39.4790801	73.5923185	5287.7
640	640	1.402	рюкзак-синий	10.0	17.7	снег-в-тени	0.591	56.5	0.5	-4.0	4.0	bbox	639	77.1	77.1	77.1	593,586,2,6	44.2	39.4790804	73.5923184	5287.7
641	641	2.018	стакан-марка-красная	12.0	37.7	снег-освещённый	0.238	87.5	-1.0	0.0	1.0	bbox	640	5.0	4.0	5.0	648,473,5,5	44.0	39.4790802	73.5923185	5287.7
642	642	1.249	рюкзак-синий	7.5	23.1	порода-в-тени	0.801	15.7	1.0	-6.5	6.6	bbox	641	46.1	46.1	46.1	445,694,4,5	44.0	39.4790798	73.5923175	5287.7
643	643	1.405	рюкзак-синий	9.1	23.3	порода-в-тени	0.586	15.5	0.0	-5.0	5.0	bbox	642	63.1	63.1	63.1	1801,51,2,6	43.8	39.4790809	73.5923181	5287.7
644	644	2.155	стакан-марка-красная	12.2	42.7	снег-освещённый	0.438	92.5	-1.0	-1.0	1.4	bbox	643	56.1	56.1	56.1	617,423,8,2	43.5	39.4790807	73.5923179	5287.7
645	645	1.506	рюкзак-синий	9.0	28.0	порода-в-тени	0.713	10.8	1.0	-5.0	5.1	bbox	644	2.0	2.0	2.0	1914,897,3,4	43.4	39.4790802	73.5923189	5287.7
646	646	2.232	стакан-марка-красная	14.4	36.9	порода-в-тени	1.284	12.9	-1.0	9.0	9.1	bbox	645	77.1	77.1	77.1	177,199,3,5	43.3	39.4790804	73.5923184	5287.7
647	647	1.922	стакан-марка-красная	12.6	30.6	снег-освещённый	0.375	80.4	-1.0	-3.0	3.2	bbox	646	67.1	67.1	67.1	1797,219,4,6	42.9	39.4790805	73.5923183	5287.6
648	648	1.891	стакан-марка-красная	14.8	10.2	корка-жёлтая-на-скале	0.887	60.0	-1.5	9.0	9.1	bbox	647	2.0	1.0	3.0	643,444,2,6	42.6	39.4790802	73.5923189	5287.7
649	649	1.641	палка-ручка-пробка	12.3	16.1	корка-жёлтая-на-скале	0.568	59.6	-0.5	12.0	12.0	bbox	648	53.1	53.1	53.1	1767,0,2,5	42.4	39.4790802	73.5923180	5287.7
650	650	2.275	стакан-марка-красная	14.8	37.3	порода-в-тени	1.159	12.5	-2.0	8.0	8.2	bbox	649	53.1	53.1	53.1	43,273,4,4	41.7	39.4790802	73.5923180	5287.7
651	651	2.319	стакан-марка-красная	13.3	45.1	снег-пересвеченный	0.319	94.9	-2.0	-2.0	2.8	bbox	650	55.1	51.1	55.1	649,188,4,5	41.5	39.4790806	73.5923179	5287.7
652	652	1.743	рюкзак-синий	12.1	24.3	порода-в-тени	0.532	14.5	-5.0	-3.5	6.1	bbox	651	5.0	5.0	5.0	1902,957,3,4	39.9	39.4790802	73.5923185	5287.7
653	653	2.034	рюкзак-синий	13.0	34.1	порода-в-тени	0.614	4.7	0.0	-1.0	1.0	bbox	652	2.0	2.0	2.0	1612,267,5,3	39.0	39.4790802	73.5923189	5287.7
654	654	1.706	стакан-марка-красная	13.6	3.9	корка-жёлтая-на-скале	0.753	45.9	0.0	9.0	9.0	bbox	653	4.0	0.0	5.0	488,889,4,3	38.9	39.4790803	73.5923185	5287.7
655	655	1.689	рюкзак-синий	11.0	27.2	порода-в-тени	0.474	11.6	0.0	-3.0	3.0	bbox	654	5.0	5.0	5.0	1127,1039,4,6	38.9	39.4790802	73.5923185	5287.7
656	656	1.956	рюкзак-синий	13.3	28.6	порода-в-тени	0.364	10.2	-2.0	-1.0	2.2	bbox	655	1.0	1.0	1.0	1785,329,3,7	38.6	39.4790802	73.5923191	5287.7
657	657	2.125	стакан-марка-красная	11.7	43.1	снег-пересвеченный	0.507	92.9	0.0	-3.0	3.0	bbox	656	0.0	0.0	3.0	1087,138,4,3	37.0	39.4790803	73.5923191	5287.7
658	658	2.031	стакан-марка-красная	13.0	34.1	снег-розовый	0.665	83.9	-1.0	6.0	6.1	bbox	657	76.1	76.1	76.1	509,918,4,3	36.2	39.4790803	73.5923184	5287.7
659	659	1.736	стакан-марка-красная	11.1	29.2	снег-освещённый	0.154	79.0	0.0	-0.5	0.5	bbox	658	5.0	5.0	5.0	1274,238,6,3	35.8	39.4790802	73.5923185	5287.7
660	660	1.272	рюкзак-синий	10.0	5.7	порода-в-тени	0.640	33.1	0.0	-4.0	4.0	bbox	659	52.1	52.1	52.1	1405,503,4,4	35.1	39.4790802	73.5923179	5287.7
661	661	1.872	стакан-марка-красная	12.6	28.2	порода-в-тени	1.168	21.6	0.5	8.0	8.0	bbox	660	48.1	48.1	49.1	252,479,3,4	34.8	39.4790800	73.5923180	5287.7
662	662	1.991	стакан-марка-красная	13.9	27.3	порода-в-тени	1.135	22.5	-1.0	8.0	8.1	bbox	661	48.1	48.1	48.1	145,378,4,4	34.7	39.4790800	73.5923180	5287.7
663	663	2.220	стакан-марка-красная	13.2	41.8	снег-пересвеченный	0.355	91.6	-2.0	-1.0	2.2	bbox	662	62.1	62.1	62.1	756,437,5,4	34.7	39.4790812	73.5923182	5287.7
664	664	1.570	рюкзак-синий	10.3	25.1	снег-в-тени	0.785	63.9	-1.5	-4.0	4.3	bbox	663	45.1	45.1	45.1	165,1022,4,3	34.5	39.4790798	73.5923176	5287.7
665	665	2.205	стакан-марка-красная	11.5	46.7	снег-освещённый	0.563	96.5	-0.5	0.0	0.5	bbox	664	5.0	5.0	5.0	697,377,4,3	34.4	39.4790802	73.5923185	5287.7
666	666	2.171	стакан-марка-красная	12.0	43.9	снег-освещённый	0.466	93.7	-1.0	0.5	1.1	bbox	665	3.0	3.0	4.0	916,265,4,4	34.3	39.4790802	73.5923188	5287.7
667	667	1.281	рюкзак-синий	9.0	17.1	снег-в-тени	0.493	55.9	-2.0	-5.5	5.9	bbox	666	77.1	77.1	77.1	1308,589,5,2	33.9	39.4790804	73.5923184	5287.7
668	668	1.704	стакан-марка-красная	13.6	3.1	корка-жёлтая-на-скале	0.772	52.9	0.0	9.0	9.0	bbox	667	6.0	6.0	6.0	1718,93,3,4	33.6	39.4790801	73.5923185	5287.7
669	669	2.117	стакан-марка-красная	13.6	35.1	снег-освещённый	0.269	84.9	-2.5	-1.0	2.7	bbox	668	59.1	59.1	59.1	271,385,2,8	33.3	39.4790808	73.5923181	5287.7
670	670	1.805	рюкзак-синий	11.1	32.3	порода-в-тени	0.587	6.5	-0.5	-3.0	3.0	bbox	669	48.1	48.1	48.1	535,721,2,4	33.2	39.4790800	73.5923180	5287.7
671	671	1.677	стакан-марка-красная	13.4	0.8	корка-жёлтая-на-скале	1.013	50.6	-1.0	7.0	7.1	bbox	670	50.1	48.1	50.1	349,678,4,3	33.0	39.4790801	73.5923179	5287.7
672	672	2.028	рюкзак-синий	13.3	32.3	порода-в-тени	0.497	6.5	-2.0	-1.0	2.2	bbox	671	53.1	53.1	53.1	1705,729,3,4	33.0	39.4790802	73.5923180	5287.7
673	673	1.861	стакан-марка-красная	14.8	6.7	корка-жёлтая-на-скале	0.961	56.5	-2.0	8.0	8.2	bbox	672	48.1	48.1	48.1	1858,9,3,3	32.8	39.4790800	73.5923180	5287.7
674	674	1.573	рюкзак-синий	10.6	23.7	порода-в-тени	0.411	15.1	-0.5	-3.5	3.5	bbox	673	60.1	60.1	61.1	1767,1036,2,5	32.7	39.4790808	73.5923183	5287.7
675	675	1.950	стакан-марка-красная	12.5	32.5	порода-в-тени	1.037	17.3	0.0	7.0	7.0	bbox	674	49.1	49.1	49.1	459,877,3,4	32.5	39.4790801	73.5923180	5287.7
676	676	1.970	стакан-марка-красная	13.0	31.0	снег-освещённый	0.125	80.8	-2.0	0.0	2.0	bbox	675	51.1	51.1	51.1	642,620,3,5	32.5	39.4790801	73.5923180	5287.7
677	677	1.664	стакан-марка-красная	13.3	0.4	корка-жёлтая-на-скале	0.817	50.2	0.0	8.5	8.5	bbox	676	6.0	6.0	6.0	1084,147,3,6	32.3	39.4790801	73.5923185	5287.7
678	678	2.338	стакан-марка-красная	12.0	50.2	снег-освещённый	0.697	100.0	-1.0	1.0	1.4	bbox	677	55.1	55.1	55.1	793,239,8,4	32.2	39.4790806	73.5923179	5287.7
679	679	1.164	рюкзак-синий	7.6	18.6	порода-в-тени	0.713	20.2	-0.5	-6.5	6.5	bbox	678	60.1	60.1	60.1	1867,425,2,4	32.2	39.4790808	73.5923183	5287.7
680	680	1.838	стакан-марка-красная	12.5	26.9	снег-освещённый	0.160	76.7	-1.5	0.0	1.5	bbox	679	5.0	5.0	5.0	183,757,2,5	31.9	39.4790802	73.5923185	5287.7
681	681	2.272	стакан-марка-красная	13.0	44.3	снег-пересвеченный	0.468	94.1	-2.0	0.0	2.0	bbox	680	62.1	62.1	62.1	1121,204,4,5	31.8	39.4790812	73.5923182	5287.7
682	682	2.215	стакан-марка-красная	12.2	45.1	снег-пересвеченный	0.476	94.9	-1.0	-1.0	1.4	bbox	681	5.0	5.0	5.0	621,117,4,3	31.7	39.4790802	73.5923185	5287.7
683	683	2.196	рюкзак-синий	14.8	33.1	порода-в-тени	0.558	5.7	-2.0	0.5	2.1	bbox	682	4.0	4.0	4.0	605,277,3,4	31.4	39.4790803	73.5923185	5287.7
684	684	1.507	рюкзак-синий	9.5	26.1	порода-в-тени	0.570	12.7	-2.0	-5.0	5.4	bbox	683	59.1	55.1	60.1	919,353,2,4	31.1	39.4790808	73.5923181	5287.7
685	685	1.409	рюкзак-синий	11.2	5.1	порода-в-тени	0.552	33.7	-1.0	-3.0	3.2	bbox	684	61.1	61.1	61.1	857,945,2,4	30.9	39.4790811	73.5923182	5287.7
686	686	1.468	рюкзак-синий	8.5	28.2	порода-в-тени	0.717	10.6	-2.0	-6.0	6.3	bbox	685	1.0	1.0	1.0	1465,305,3,3	30.6	39.4790802	73.5923191	5287.7
687	687	2.223	стакан-марка-красная	12.3	45.1	снег-пересвеченный	0.447	94.9	-1.0	-1.5	1.8	bbox	686	51.1	51.1	51.1	685,413,4,4	30.6	39.4790801	73.5923180	5287.7
688	688	1.309	стакан-марка-красная	10.4	2.7	снег-в-тени	0.779	52.5	1.0	-2.0	2.2	bbox	687	0.0	0.0	0.0	1352,875,4,4	30.5	39.4790803	73.5923191	5287.7
689	689	2.332	стакан-марка-красная	15.2	37.8	порода-в-тени	1.166	12.0	-2.5	8.0	8.4	bbox	688	0.0	0.0	0.0	620,1022,4,2	30.5	39.4790803	73.5923191	5287.7
690	690	2.225	палка-древко-контроль	17.1	17.1	порода-в-тени	0.642	24.5	-6.0	2.0	6.3	bbox	689	60.1	60.1	60.1	25,985,2,4	30.5	39.4790808	73.5923183	5287.7
691	691	1.633	рюкзак-синий	10.0	29.2	порода-в-тени	0.734	9.6	2.0	-4.0	4.5	bbox	690	60.1	60.1	63.1	1041,649,2,4	30.5	39.4790808	73.5923183	5287.7
692	692	1.367	стакан-марка-красная	10.8	6.7	снег-в-тени	0.709	56.5	1.0	-3.0	3.2	bbox	691	3.0	3.0	3.0	1018,673,3,3	30.2	39.4790802	73.5923188	5287.7
693	693	1.319	рюкзак-синий	9.0	19.2	порода-в-тени	0.665	19.6	1.5	-5.0	5.2	bbox	692	51.1	51.1	51.1	1407,693,2,4	29.2	39.4790801	73.5923180	5287.7
694	694	1.472	рюкзак-синий	9.6	24.1	порода-в-тени	0.543	14.7	0.0	-4.5	4.5	bbox	693	1.0	1.0	1.0	1745,399,4,2	29.0	39.4790802	73.5923191	5287.7
695	695	2.206	стакан-марка-красная	13.2	41.2	снег-пересвеченный	0.354	91.0	-2.0	-1.0	2.2	bbox	694	51.1	51.1	51.1	491,159,6,2	28.6	39.4790801	73.5923180	5287.7
696	696	1.859	стакан-марка-красная	13.2	24.3	снег-освещённый	0.297	74.1	-2.0	-1.0	2.2	bbox	695	57.1	57.1	57.1	351,468,2,5	28.5	39.4790807	73.5923182	5287.7
697	697	2.319	стакан-марка-красная	13.3	45.1	снег-пересвеченный	0.319	94.9	-2.0	-2.0	2.8	bbox	696	59.1	59.1	61.1	799,161,2,6	28.5	39.4790808	73.5923181	5287.7
698	698	1.581	рюкзак-синий	11.4	19.2	порода-в-тени	0.252	19.6	-2.0	-3.0	3.6	bbox	697	54.1	54.1	54.1	657,279,4,2	28.0	39.4790807	73.5923178	5287.7
699	699	1.159	рюкзак-синий	8.1	16.1	порода-в-тени	0.678	22.7	0.0	-6.0	6.0	bbox	698	7.0	7.0	7.0	1316,690,3,3	27.9	39.4790799	73.5923184	5287.7
700	700	2.366	палка-древко-контроль	15.1	39.8	снег-пересвеченный	0.558	81.4	-6.0	0.0	6.0	bbox	699	48.1	48.1	48.1	107,1029,2,4	27.8	39.4790800	73.5923180	5287.7
701	701	2.253	стакан-марка-красная	15.3	33.5	порода-в-тени	1.259	16.3	-2.0	9.0	9.2	bbox	700	62.1	58.1	62.1	483,563,4,4	27.8	39.4790812	73.5923182	5287.7
702	702	1.321	рюкзак-синий	8.4	22.5	порода-в-тени	0.645	16.3	-1.5	-6.0	6.2	bbox	701	55.1	55.1	55.1	1741,873,4,2	27.6	39.4790806	73.5923179	5287.7
703	703	1.510	рюкзак-синий	11.1	16.6	порода-в-тени	0.319	22.2	-0.5	-3.0	3.0	bbox	702	60.1	60.1	60.1	1081,595,2,4	27.5	39.4790808	73.5923183	5287.7
704	704	1.905	палка-ручка-пробка	14.4	17.3	корка-жёлтая-на-скале	0.731	58.4	-3.0	11.0	11.4	bbox	703	52.1	52.1	52.1	1882,76,3,3	26.3	39.4790802	73.5923179	5287.7
705	705	2.282	стакан-марка-красная	13.2	44.3	снег-пересвеченный	0.375	94.1	-2.0	-1.0	2.2	bbox	704	49.1	49.1	49.1	534,205,3,4	26.1	39.4790801	73.5923180	5287.7
706	706	1.862	стакан-марка-красная	14.5	11.4	снег-розовый	1.033	61.2	-2.0	7.5	7.8	bbox	705	48.1	48.1	48.1	337,883,3,2	26.0	39.4790800	73.5923180	5287.7
707	707	1.876	рюкзак-синий	13.0	26.3	порода-в-тени	0.396	12.5	-4.0	-2.0	4.5	bbox	706	60.1	60.1	60.1	1873,136,3,3	25.9	39.4790808	73.5923183	5287.7
708	708	2.118	стакан-марка-красная	13.5	35.7	снег-освещённый	0.251	85.5	-2.5	0.0	2.5	bbox	707	2.0	2.0	2.0	295,451,2,6	25.8	39.4790802	73.5923189	5287.7
709	709	2.062	стакан-марка-красная	12.5	37.7	снег-освещённый	0.309	87.5	-1.5	1.5	2.1	bbox	708	49.1	49.1	49.1	239,191,2,5	25.5	39.4790801	73.5923180	5287.7
710	710	1.923	стакан-марка-красная	12.2	32.9	снег-освещённый	0.143	82.7	-1.0	-1.0	1.4	bbox	709	57.1	57.1	57.1	228,202,3,3	24.9	39.4790807	73.5923182	5287.7
711	711	1.852	стакан-марка-красная	12.0	30.2	снег-освещённый	0.029	80.0	-1.0	0.0	1.0	bbox	710	57.1	57.1	57.1	494,148,3,5	24.7	39.4790807	73.5923182	5287.7
712	712	1.854	стакан-марка-красная	12.4	28.6	снег-освещённый	0.264	78.4	-1.0	-2.0	2.2	bbox	711	57.1	57.1	57.1	1142,493,3,4	23.8	39.4790807	73.5923182	5287.7
713	713	1.720	палка-ручка-контроль	12.8	17.6	корка-жёлтая-на-скале	0.395	40.0	-2.0	16.0	16.1	bbox	712	62.1	62.1	63.1	41,30,2,3	23.7	39.4790812	73.5923182	5287.7
714	714	2.334	стакан-марка-красная	15.3	37.6	порода-в-тени	1.284	12.2	-2.0	9.0	9.2	bbox	713	0.0	0.0	0.0	577,0,4,2	23.6	39.4790803	73.5923191	5287.7
715	715	1.901	стакан-марка-красная	11.2	36.1	снег-освещённый	0.253	85.9	0.0	-1.0	1.0	bbox	714	50.1	50.1	50.1	1101,109,2,4	23.6	39.4790801	73.5923179	5287.7
716	716	1.579	рюкзак-синий	12.2	11.9	порода-в-тени	0.291	26.9	-1.0	-2.0	2.2	bbox	715	55.1	55.1	55.1	1316,875,3,4	23.4	39.4790806	73.5923179	5287.7
717	717	1.388	стакан-марка-красная	11.1	0.0	снег-в-тени	0.940	49.8	0.0	-0.5	0.5	bbox	716	0.0	0.0	0.0	1042,1072,3,2	22.8	39.4790803	73.5923191	5287.7
718	718	2.327	стакан-марка-красная	12.0	49.8	снег-освещённый	0.683	99.6	-1.0	1.0	1.4	bbox	717	55.1	55.1	55.1	953,331,2,6	22.2	39.4790806	73.5923179	5287.7
719	719	1.743	стакан-марка-красная	12.6	21.0	снег-освещённый	0.368	70.8	-1.5	-0.5	1.6	bbox	718	57.1	57.1	57.1	1285,31,4,2	22.2	39.4790807	73.5923182	5287.7
720	720	1.798	стакан-марка-красная	12.4	25.7	снег-освещённый	0.314	75.5	-1.0	-2.0	2.2	bbox	719	0.0	0.0	0.0	706,291,2,3	22.0	39.4790803	73.5923191	5287.7
721	721	1.975	стакан-марка-красная	12.2	35.3	снег-освещённый	0.198	85.1	-1.0	-1.0	1.4	bbox	720	49.1	49.1	49.1	126,641,3,3	21.9	39.4790801	73.5923180	5287.7
722	722	1.381	рюкзак-синий	8.5	24.7	порода-в-тени	0.712	14.1	1.0	-5.5	5.6	bbox	721	58.1	58.1	58.1	1503,476,2,3	21.9	39.4790807	73.5923180	5287.7
723	723	2.008	стакан-марка-красная	12.6	34.9	снег-освещённый	0.165	84.7	-1.5	-0.5	1.6	bbox	722	57.1	57.1	61.1	223,484,2,5	21.8	39.4790807	73.5923182	5287.7
724	724	1.995	рюкзак-синий	12.9	33.1	порода-в-тени	0.529	5.7	-2.0	-1.5	2.5	bbox	723	1.0	1.0	1.0	44,37,2,3	20.5	39.4790802	73.5923191	5287.7
725	725	2.115	стакан-марка-красная	13.8	34.1	корка-жёлтая-на-скале	1.308	15.7	0.5	10.0	10.0	bbox	724	1.0	1.0	1.0	584,445,2,3	20.2	39.4790802	73.5923191	5287.7
726	726	1.984	стакан-марка-красная	12.2	35.7	снег-освещённый	0.209	85.5	-1.0	-1.0	1.4	bbox	725	3.0	3.0	3.0	1111,668,2,5	19.8	39.4790802	73.5923188	5287.7
727	727	2.021	стакан-марка-красная	11.7	39.2	порода-в-тени	1.124	10.6	1.0	7.0	7.1	bbox	726	63.1	63.1	63.1	701,343,3,2	19.8	39.4790809	73.5923181	5287.7
728	728	2.123	рюкзак-синий	14.4	31.3	порода-в-тени	0.483	7.5	-2.5	0.0	2.5	bbox	727	62.1	62.1	62.1	1873,438,2,3	19.7	39.4790812	73.5923182	5287.7
729	729	1.595	рюкзак-синий	11.2	21.5	порода-в-тени	0.301	17.3	-1.0	-3.0	3.2	bbox	728	2.0	2.0	2.0	1550,443,3,2	19.4	39.4790802	73.5923189	5287.7
730	730	1.762	стакан-марка-красная	12.5	22.7	снег-освещённый	0.355	72.5	-1.5	1.5	2.1	bbox	729	50.1	50.1	50.1	143,318,2,3	18.7	39.4790801	73.5923179	5287.7
731	731	2.219	стакан-марка-красная	13.0	42.2	снег-освещённый	0.418	92.0	-2.0	0.0	2.0	bbox	730	50.1	50.1	50.1	579,622,2,3	18.5	39.4790801	73.5923179	5287.7
732	732	2.175	стакан-марка-красная	11.0	47.1	порода-в-тени	0.690	2.7	0.0	0.0	0.0	bbox	731	63.1	63.1	63.1	710,27,3,2	18.4	39.4790809	73.5923181	5287.7
733	733	1.951	стакан-марка-красная	11.8	35.9	снег-освещённый	0.264	85.7	-0.5	-1.5	1.6	bbox	732	2.0	2.0	2.0	351,721,2,4	18.1	39.4790802	73.5923189	5287.7
734	734	2.234	стакан-марка-красная	13.2	42.4	снег-пересвеченный	0.358	92.2	-2.0	-1.0	2.2	bbox	733	63.1	63.1	63.1	420,188,3,3	17.9	39.4790809	73.5923181	5287.7
735	735	2.282	стакан-марка-красная	13.2	44.3	снег-пересвеченный	0.375	94.1	-2.0	-1.0	2.2	bbox	734	54.1	54.1	54.1	840,254,3,3	17.6	39.4790807	73.5923178	5287.7
736	736	2.096	стакан-марка-красная	12.2	40.4	снег-освещённый	0.358	90.2	-1.0	-1.0	1.4	bbox	735	0.0	0.0	0.0	912,303,3,2	17.3	39.4790803	73.5923191	5287.7
737	737	2.253	стакан-марка-красная	13.2	43.1	снег-пересвеченный	0.363	92.9	-2.0	-1.0	2.2	bbox	736	60.1	60.1	60.1	406,22,3,3	17.2	39.4790808	73.5923183	5287.7
738	738	2.101	стакан-марка-красная	11.2	43.9	снег-освещённый	0.494	93.7	0.0	-1.0	1.0	bbox	737	54.1	54.1	54.1	283,321,3,2	15.6	39.4790807	73.5923178	5287.7
739	739	2.124	стакан-марка-красная	13.0	38.2	снег-освещённый	0.294	88.0	-2.0	0.5	2.1	bbox	738	58.1	58.1	58.1	598,673,3,2	15.2	39.4790807	73.5923180	5287.7
740	740	2.113	стакан-марка-красная	13.6	34.9	снег-освещённый	0.265	84.7	-2.5	-1.0	2.7	bbox	739	2.0	2.0	2.0	335,270,2,3	14.2	39.4790802	73.5923189	5287.7
741	741	2.012	стакан-марка-красная	12.5	35.3	снег-освещённый	0.166	85.1	-1.5	0.0	1.5	bbox	740	2.0	2.0	2.0	631,854,2,3	14.2	39.4790802	73.5923189	5287.7
742	742	2.252	стакан-марка-красная	12.6	45.1	снег-пересвеченный	0.468	94.9	-1.5	-0.5	1.6	bbox	741	62.1	62.1	62.1	823,198,2,3	13.3	39.4790812	73.5923182	5287.7
743	743	2.057	стакан-марка-красная	13.1	34.9	снег-освещённый	0.197	84.7	-2.0	-0.5	2.1	bbox	742	58.1	58.1	58.1	357,294,2,3	12.2	39.4790807	73.5923180	5287.7
744	744	2.181	стакан-марка-красная	12.2	43.7	снег-пересвеченный	0.450	93.5	-0.5	-3.0	3.0	bbox	743	56.1	56.1	56.1	599,30,2,3	11.8	39.4790807	73.5923179	5287.7
