ранг	ранг_в_группе	расстояние	сигнатура	d_ab	d_L	ловушка	d_ловушки	L	a	b	C	цвет_измерен	track	t_best	t0	t1	bbox	score	lat	lon	alt
1	1	1.034	стакан-марка-красная	7.3	13.7	снег-розовый	0.675	63.5	4.0	-1.0	4.1	bbox	0	96.0	96.0	96.0	1345,42,200,139	34586.4			
2	2	1.805	стакан-марка-красная	11.0	32.6	снег-освещённый	0.137	82.4	0.0	0.0	0.0	bbox	1	94.0	94.0	95.0	0,109,612,201	19013.5			
3	3	0.786	стакан-марка-красная	3.6	18.0	порода-охристая	1.391	67.8	13.0	4.0	13.6	bbox	2	115.0	107.0	120.0	0,541,194,539	12527.3			
4	4	4.694	предмет-оранжевый	37.5	3.9	порода-охристая	4.698	60.4	48.0	9.0	48.8	bbox	3	96.0	96.0	96.0	1622,145,125,60	10956.5			
5	5	0.500	стакан-марка-красная	4.0	0.4	порода-охристая	0.860	50.2	11.0	5.0	12.1	bbox	4	120.0	114.0	120.0	0,817,69,263	10298.2			
6	6	0.430	рюкзак-синий	2.0	9.8	снег-в-тени	0.846	29.0	1.0	-12.0	12.0	bbox	5	29.0	23.0	33.0	1861,919,59,120	10084.5			
7	7	1.011	рюкзак-синий	7.1	13.7	снег-в-тени	0.211	52.5	0.0	-7.0	7.0	bbox	6	100.0	100.0	100.0	731,301,97,78	9691.0			
8	8	0.771	рюкзак-синий	6.1	3.6	снег-в-тени	0.195	42.4	0.0	-8.0	8.0	bbox	7	131.0	131.0	131.0	1826,605,94,475	8709.3			
9	9	0.518	рюкзак-синий	2.8	10.6	снег-в-тени	0.519	49.4	-1.0	-12.0	12.0	bbox	8	10.0	9.0	18.0	0,0,73,77	8263.9			
10	10	0.761	рюкзак-синий	6.1	1.2	снег-в-тени	1.563	37.6	2.0	-20.0	20.1	bbox	9	111.0	111.0	111.0	0,767,187,313	8217.1			
11	11	0.566	стакан-марка-красная	4.0	7.5	порода-охристая	1.008	57.3	11.0	5.0	12.1	bbox	10	119.0	113.0	120.0	0,807,71,273	7676.3			
12	12	1.748	стакан-марка-красная	11.2	29.4	порода-в-тени	0.250	20.4	0.0	-1.0	1.0	bbox	11	129.0	129.0	129.0	1653,857,267,134	7258.6			
13	13	0.820	рюкзак-синий	5.0	14.9	снег-в-тени	0.871	23.9	1.0	-9.0	9.1	bbox	12	17.0	14.0	17.0	1866,889,54,106	6514.4			
14	14	1.690	рюкзак-синий	12.0	21.5	порода-в-тени	0.301	17.3	0.0	-2.0	2.0	bbox	13	67.0	67.0	68.0	1705,941,90,139	6313.6			
15	15	1.788	рюкзак-синий	12.0	27.0	порода-в-тени	0.416	11.8	0.0	-2.0	2.0	bbox	14	88.0	88.0	92.0	1815,121,84,208	6302.6			
16	16	1.465	рюкзак-синий	11.0	13.7	порода-в-тени	0.391	25.1	0.0	-3.0	3.0	bbox	15	16.0	14.0	18.0	1781,775,128,184	5769.2			
17	17	0.763	рюкзак-синий	5.1	11.7	снег-в-тени	0.792	27.1	2.0	-9.0	9.2	bbox	16	21.0	15.0	22.0	1832,891,47,82	5761.0			
18	18	0.755	рюкзак-синий	5.1	11.3	снег-в-тени	0.779	27.5	2.0	-9.0	9.2	bbox	17	22.0	20.0	22.0	1807,951,42,74	5639.4			
19	19	1.367	палка-древко-бирюзовое	6.4	31.0	снег-пересвеченный	2.427	83.5	-11.0	-21.0	23.7	bbox	18	101.0	101.0	102.0	598,0,441,153	5530.3			
20	20	1.077	стакан-марка-красная	7.6	14.1	порода-в-тени	0.936	35.7	4.0	-2.0	4.5	bbox	19	113.0	106.0	113.0	101,939,44,141	5521.4			
21	21	0.795	рюкзак-синий	5.1	13.3	снег-в-тени	0.844	25.5	2.0	-9.0	9.2	bbox	20	20.0	14.0	20.0	1824,924,49,81	5313.4			
22	22	0.705	стакан-марка-красная	5.4	5.9	снег-в-тени	1.706	43.9	13.0	-4.0	13.6	bbox	21	110.0	106.0	120.0	0,901,85,179	5269.1			
23	23	1.038	рюкзак-синий	8.0	7.8	снег-в-тени	0.663	31.0	1.0	-6.0	6.1	bbox	22	132.0	132.0	132.0	1868,437,52,220	5266.7			
24	24	1.075	рюкзак-синий	4.0	26.6	порода-в-тени	1.222	12.2	1.0	-10.0	10.0	bbox	23	24.0	24.0	24.0	1797,0,42,150	4972.9			
25	25	1.782	рюкзак-синий	11.0	31.7	порода-в-тени	0.656	7.1	1.0	-3.0	3.2	bbox	24	28.0	25.0	35.0	1875,850,45,161	4935.1			
26	26	1.087	рюкзак-синий	8.1	11.4	снег-в-тени	0.643	50.2	5.0	-7.0	8.6	bbox	25	134.0	133.0	136.0	0,0,43,69	4912.5			
27	27	1.913	рюкзак-синий	5.0	50.6	снег-пересвеченный	0.977	89.4	1.0	-9.0	9.1	bbox	26	94.0	94.0	94.0	348,65,213,43	4775.9			
28	28	1.766	рюкзак-синий	12.0	25.9	порода-в-тени	0.386	12.9	0.0	-2.0	2.0	bbox	27	89.0	89.0	91.0	1785,193,74,186	4740.3			
29	29	1.634	стакан-марка-красная	10.2	28.6	порода-в-тени	0.376	21.2	1.0	-1.0	1.4	bbox	28	2.0	1.0	3.0	1763,815,44,146	4680.9			
30	30	1.680	рюкзак-синий	11.0	27.0	порода-в-тени	0.546	11.8	1.0	-3.0	3.2	bbox	29	88.0	88.0	92.0	1721,207,56,137	4664.8			
31	31	0.956	рюкзак-синий	7.1	10.2	снег-в-тени	0.696	28.6	0.0	-7.0	7.0	bbox	30	7.0	7.0	7.0	1875,911,45,76	4586.5			
32	32	1.117	стакан-марка-красная	8.5	9.8	порода-охристая	2.137	40.0	17.0	-5.0	17.7	bbox	31	96.0	96.0	96.0	1281,13,92,48	4491.0			
33	33	1.697	рюкзак-синий	12.0	21.9	порода-в-тени	0.307	16.9	0.0	-2.0	2.0	bbox	32	68.0	67.0	72.0	1547,941,73,139	4381.6			
34	34	1.654	стакан-марка-красная	11.0	25.5	порода-в-тени	0.313	24.3	0.0	0.0	0.0	bbox	33	68.0	68.0	70.0	1897,917,23,163	4314.2			
35	35	1.661	стакан-марка-красная	11.0	25.9	порода-в-тени	0.307	23.9	0.0	0.0	0.0	bbox	34	129.0	129.0	129.0	1729,645,191,84	4313.3			
36	36	1.703	рюкзак-синий	12.0	22.3	порода-в-тени	0.313	16.5	0.0	-2.0	2.0	bbox	35	69.0	68.0	70.0	1789,741,100,156	4274.2			
37	37	1.542	стакан-марка-красная	10.2	24.3	порода-в-тени	0.651	25.5	1.0	3.0	3.2	bbox	36	130.0	129.0	130.0	1606,721,57,115	4167.7			
38	38	0.740	стакан-марка-красная	5.4	8.6	снег-розовый	0.857	58.4	6.0	3.0	6.7	bbox	37	136.0	133.0	137.0	0,269,61,78	4139.8			
39	39	1.185	рюкзак-синий	6.1	25.5	порода-в-тени	0.944	13.3	0.0	-8.0	8.0	bbox	38	98.0	97.0	98.0	1662,26,83,97	4039.7			
40	40	0.978	рюкзак-синий	6.1	17.2	порода-в-тени	0.911	21.6	0.0	-8.0	8.0	bbox	39	132.0	132.0	134.0	1743,868,74,212	3645.0			
41	41	0.669	рюкзак-синий	5.0	6.6	снег-в-тени	0.586	32.2	1.0	-9.0	9.1	bbox	40	25.0	25.0	26.0	1799,1017,42,54	3638.6			
42	42	2.263	стакан-марка-красная	12.4	46.3	снег-пересвеченный	0.441	96.1	-1.0	-2.0	2.2	bbox	41	105.0	105.0	110.0	11,475,56,42	3585.5			
43	43	2.285	стакан-марка-красная	18.2	3.5	порода-охристая	2.790	46.3	29.0	-2.0	29.1	bbox	42	96.0	96.0	96.0	1360,169,71,50	3500.5			
44	44	1.027	рюкзак-синий	6.0	19.6	снег-в-тени	0.400	58.4	1.0	-8.0	8.1	bbox	43	24.0	24.0	28.0	1585,609,58,44	3445.1			
45	45	1.653	рюкзак-синий	11.0	25.5	порода-в-тени	0.613	13.3	2.0	-3.0	3.6	bbox	44	89.0	86.0	90.0	1697,267,48,128	3319.4			
46	46	0.671	рюкзак-синий	1.0	18.5	снег-в-тени	0.946	57.3	1.0	-15.0	15.0	bbox	45	132.0	131.0	133.0	1795,41,58,40	3275.7			
47	47	0.996	рюкзак-синий	7.0	13.3	снег-в-тени	0.816	25.5	1.0	-7.0	7.1	bbox	46	10.0	8.0	10.0	1897,1029,23,51	3230.3			
48	48	0.867	рюкзак-синий	5.1	16.4	снег-в-тени	0.951	22.4	2.0	-9.0	9.2	bbox	47	84.0	83.0	89.0	1751,201,46,122	3149.9			
49	49	1.358	рюкзак-синий	8.1	25.5	порода-в-тени	0.839	13.3	2.0	-6.0	6.3	bbox	48	94.0	94.0	94.0	493,0,104,64	3120.7			
50	50	0.894	рюкзак-синий	3.0	22.7	снег-в-тени	1.200	16.1	1.0	-11.0	11.0	bbox	49	23.0	23.0	23.0	1895,35,25,98	3102.4			
51	51	1.608	стакан-марка-красная	8.1	35.1	снег-розовый	2.141	84.9	19.0	2.0	19.1	bbox	50	96.0	96.0	96.0	1649,14,68,47	3020.5			
52	52	1.690	палка-древко-контроль	4.1	45.1	снег-пересвеченный	1.077	86.7	-7.0	-11.0	13.0	bbox	51	33.0	33.0	33.0	449,0,254,41	2944.3			
53	53	1.208	рюкзак-синий	8.6	15.7	снег-в-тени	1.828	54.5	0.0	-22.5	22.5	bbox	52	42.0	40.0	47.0	55,199,30,54	2869.8			
54	54	0.708	рюкзак-синий	5.1	8.7	снег-в-тени	0.280	47.5	2.0	-9.0	9.2	bbox	53	18.0	17.0	33.0	1626,437,55,44	2853.1			
55	55	1.826	стакан-марка-красная	11.4	32.0	снег-освещённый	0.282	81.8	0.0	-2.0	2.0	bbox	54	87.0	87.0	90.0	1651,385,80,100	2775.7			
56	56	1.712	палка-древко-контроль	3.2	46.6	снег-пересвеченный	1.383	88.2	-5.0	-14.0	14.9	bbox	55	27.0	27.0	28.0	543,69,228,28	2752.1			
57	57	1.893	рюкзак-синий	12.0	32.1	порода-в-тени	0.565	6.7	0.0	-2.0	2.0	bbox	56	102.0	102.0	102.0	1709,953,52,127	2680.2			
58	58	0.573	стакан-марка-красная	4.5	3.5	снег-розовый	1.076	53.3	7.0	3.0	7.6	bbox	57	134.0	134.0	134.0	0,559,31,32	2486.8			
59	59	0.803	стакан-марка-красная	5.0	14.1	снег-розовый	0.970	63.9	8.0	5.0	9.4	bbox	58	133.0	133.0	136.0	30,392,35,51	2443.3			
60	60	1.541	рюкзак-синий	11.0	19.2	порода-в-тени	0.355	19.6	0.0	-3.0	3.0	bbox	59	83.0	82.0	92.0	1853,127,58,100	2407.8			
61	61	1.552	рюкзак-синий	12.0	10.6	порода-в-тени	0.396	28.2	0.0	-2.0	2.0	bbox	60	34.0	30.0	34.0	1865,880,55,45	2377.8			
62	62	2.252	стакан-марка-красная	11.0	49.8	снег-освещённый	0.683	99.6	0.0	0.0	0.0	bbox	61	94.0	94.0	94.0	141,105,136,88	2351.4			
63	63	1.863	рюкзак-синий	12.0	31.0	порода-в-тени	0.598	7.8	1.0	-2.0	2.2	bbox	62	90.0	86.0	93.0	1855,209,50,106	2349.2			
64	64	0.384	стакан-марка-красная	3.0	2.3	снег-в-тени	1.566	47.5	11.0	-2.0	11.2	bbox	63	114.0	113.0	117.0	0,621,77,169	2319.8			
65	65	1.759	рюкзак-синий	12.0	25.5	порода-в-тени	0.377	13.3	0.0	-2.0	2.0	bbox	64	103.0	103.0	103.0	1864,957,56,123	2275.4			
66	66	1.245	рюкзак-синий	8.0	20.8	порода-в-тени	0.734	18.0	1.0	-6.0	6.1	bbox	65	83.0	82.0	85.0	1735,229,47,116	2262.2			
67	67	1.872	рюкзак-синий	12.0	31.3	порода-в-тени	0.608	7.5	1.0	-2.0	2.2	bbox	66	87.0	87.0	87.0	1781,297,62,100	2250.8			
68	68	1.034	рюкзак-синий	2.2	27.9	снег-в-тени	1.111	66.7	-1.0	-15.0	15.0	bbox	67	95.0	95.0	96.0	1523,415,42,38	2223.2			
69	69	0.597	рюкзак-синий	4.5	5.9	снег-в-тени	0.301	44.7	-1.0	-10.0	10.0	bbox	68	103.0	101.0	103.0	0,600,53,45	2183.2			
70	70	1.837	рюкзак-синий	5.4	47.9	снег-пересвеченный	0.850	86.7	-1.0	-9.0	9.1	bbox	69	33.0	26.0	48.0	3,0,158,81	2175.4			
71	71	1.961	рюкзак-синий	7.3	48.7	снег-пересвеченный	0.635	87.5	-1.0	-7.0	7.1	bbox	70	34.0	32.0	34.0	82,0,181,99	2163.7			
72	72	1.406	стакан-марка-красная	4.2	36.5	порода-в-тени	1.281	13.3	8.0	-2.0	8.2	bbox	71	94.0	94.0	94.0	1620,33,41,35	2158.8			
73	73	1.624	стакан-марка-красная	11.2	23.1	снег-освещённый	0.332	72.9	0.0	-1.0	1.0	bbox	72	98.0	98.0	98.0	876,209,57,36	2145.9			
74	74	1.093	рюкзак-синий	3.6	27.9	снег-в-тени	0.781	66.7	-1.0	-11.0	11.0	bbox	73	67.0	67.0	72.0	1813,977,54,103	2129.2			
75	75	1.406	рюкзак-синий	3.6	37.3	снег-в-тени	1.085	76.1	-1.0	-11.0	11.0	bbox	74	27.0	24.0	28.0	1831,441,89,46	2100.1			
76	76	1.603	стакан-марка-красная	8.1	34.9	порода-в-тени	1.079	14.9	4.0	5.0	6.4	bbox	75	137.0	134.0	137.0	39,1023,22,57	2094.3			
77	77	0.766	палка-древко-контроль	5.8	6.6	снег-в-тени	1.625	48.2	-5.0	-20.0	20.6	bbox	76	103.0	103.0	104.0	1118,0,127,47	2075.7			
78	78	0.561	рюкзак-синий	1.0	15.3	снег-в-тени	0.912	54.1	1.0	-15.0	15.0	bbox	77	88.0	88.0	91.0	1593,179,130,38	2067.5			
79	79	1.539	рюкзак-синий	8.1	32.6	снег-пересвеченный	0.859	71.4	-3.0	-7.0	7.6	bbox	78	111.0	106.0	111.0	0,439,137,52	2053.3			
80	80	0.863	стакан-марка-красная	4.5	18.4	порода-охристая	0.829	31.4	13.0	5.0	13.9	bbox	79	133.0	133.0	136.0	0,159,19,74	2029.5			
81	81	1.543	стакан-марка-красная	11.0	19.6	порода-в-тени	0.497	30.2	0.0	1.0	1.0	bbox	80	34.0	34.0	36.0	1865,803,39,58	2017.1			
82	82	1.484	палка-древко-бирюзовое	7.1	33.4	снег-пересвеченный	2.378	85.9	-10.0	-21.0	23.3	bbox	81	102.0	102.0	102.0	1777,0,52,37	2000.9			
83	83	1.504	стакан-марка-красная	10.0	23.1	снег-розовый	0.325	72.9	1.0	0.0	1.0	bbox	82	132.0	127.0	132.0	1741,331,30,34	1996.7			
84	84	1.707	палка-древко-бирюзовое	8.9	36.1	снег-пересвеченный	1.188	88.6	-7.0	-12.0	13.9	bbox	83	36.0	34.0	38.0	557,188,205,19	1974.5			
85	85	1.164	рюкзак-синий	4.0	29.4	снег-в-тени	0.782	68.2	1.0	-10.0	10.0	bbox	84	13.0	10.0	16.0	1673,192,82,47	1969.6			
86	86	1.334	рюкзак-синий	10.0	12.6	снег-в-тени	2.004	51.4	0.0	-24.0	24.0	bbox	85	39.0	33.0	41.0	133,391,28,42	1929.8			
87	87	0.608	рюкзак-синий	2.0	15.5	снег-в-тени	0.565	54.3	1.0	-12.0	12.0	bbox	86	16.0	15.0	21.0	1561,315,56,26	1900.0			
88	88	1.030	рюкзак-синий	2.8	27.1	снег-в-тени	1.197	65.9	-1.0	-16.0	16.0	bbox	87	107.0	102.0	108.0	285,271,68,14	1861.0			
89	89	1.845	стакан-марка-красная	11.2	33.7	снег-освещённый	0.202	83.5	0.0	-1.0	1.0	bbox	88	130.0	126.0	135.0	1804,0,93,25	1846.7			
90	90	0.687	рюкзак-синий	2.8	16.5	снег-в-тени	0.680	55.3	3.0	-12.0	12.4	bbox	89	13.0	1.0	14.0	1556,149,37,37	1838.8			
91	91	1.323	рюкзак-синий	10.4	6.1	снег-в-тени	0.569	44.9	-2.0	-4.0	4.5	bbox	90	95.0	95.0	95.0	1859,0,40,15	1837.4			
92	92	1.843	рюкзак-синий	12.0	29.8	порода-в-тени	0.493	9.0	0.0	-2.0	2.0	bbox	91	92.0	91.0	92.0	1729,187,52,72	1831.4			
93	93	1.160	стакан-марка-красная	9.1	7.1	снег-розовый	0.782	56.9	2.0	0.0	2.0	bbox	92	0.0	0.0	8.0	1542,97,49,32	1808.4			
94	94	0.502	рюкзак-синий	4.0	1.2	снег-в-тени	1.287	40.0	1.0	-18.0	18.0	bbox	93	26.0	26.0	28.0	1763,475,90,50	1804.5			
95	95	1.101	стакан-марка-красная	8.5	7.4	снег-в-тени	1.026	42.4	8.0	-7.0	10.6	bbox	94	136.0	136.0	137.0	21,0,44,45	1768.3			
96	96	1.633	стакан-марка-красная	10.8	25.9	порода-в-тени	0.848	23.9	1.0	5.0	5.1	bbox	95	132.0	131.0	132.0	1518,961,29,119	1748.7			
97	97	1.455	стакан-марка-красная	11.5	6.3	снег-в-тени	1.441	56.1	11.0	-10.5	15.2	bbox	96	106.0	106.0	107.0	77,691,68,97	1733.6			
98	98	1.634	стакан-марка-красная	10.2	28.6	порода-в-тени	0.376	21.2	1.0	-1.0	1.4	bbox	97	87.0	87.0	87.0	1774,403,57,69	1676.7			
99	99	1.732	стакан-марка-красная	11.2	28.6	порода-в-тени	0.252	21.2	0.0	-1.0	1.0	bbox	98	7.0	7.0	7.0	1891,1057,29,23	1638.4			
100	100	1.122	рюкзак-синий	6.1	23.1	порода-в-тени	0.925	15.7	0.0	-8.0	8.0	bbox	99	45.0	45.0	47.0	1901,827,19,54	1634.2			
101	101	1.344	стакан-марка-красная	10.0	13.3	снег-розовый	0.587	63.1	1.0	0.0	1.0	bbox	100	3.0	1.0	10.0	1586,167,35,34	1622.5			
102	102	1.677	палка-древко-контроль	4.5	44.3	снег-пересвеченный	1.758	85.9	-4.0	-17.0	17.5	bbox	101	26.0	26.0	28.0	499,0,144,29	1620.0			
103	103	0.457	рюкзак-синий	1.4	11.8	снег-в-тени	0.633	50.6	0.0	-13.0	13.0	bbox	102	68.0	67.0	68.0	1685,885,21,100	1617.1			
104	104	0.896	рюкзак-синий	6.0	13.7	снег-в-тени	0.820	25.1	1.0	-8.0	8.1	bbox	103	19.0	17.0	20.0	1899,1017,21,58	1613.7			
105	105	1.972	палка-древко-бирюзовое	11.3	38.5	снег-пересвеченный	0.729	91.0	-7.0	-8.0	10.6	bbox	104	34.0	34.0	34.0	503,31,185,36	1611.6			
106	106	1.202	рюкзак-синий	3.2	31.8	снег-в-тени	0.930	70.6	2.0	-11.0	11.2	bbox	105	15.0	13.0	16.0	1440,193,38,29	1607.0			
107	107	1.270	стакан-марка-красная	10.0	6.3	порода-охристая	1.877	56.1	21.0	1.0	21.0	bbox	106	96.0	96.0	96.0	1899,705,21,56	1587.6			
108	108	1.251	стакан-марка-красная	9.8	6.3	снег-розовый	0.855	56.1	2.0	5.0	5.4	bbox	107	98.0	98.0	98.0	0,61,41,24	1562.7			
109	109	1.317	стакан-марка-красная	7.3	26.7	снег-розовый	0.452	76.5	4.0	-1.0	4.1	bbox	108	86.0	79.0	87.0	1325,449,32,34	1554.7			
110	110	3.101	стакан-марка-красная	23.3	30.2	порода-охристая	2.709	19.6	32.0	11.0	33.8	bbox	109	96.0	96.0	96.0	1311,376,44,29	1542.6			
111	111	0.889	рюкзак-синий	6.7	8.3	снег-в-тени	0.501	47.1	4.0	-8.0	8.9	bbox	110	94.0	94.0	94.0	649,0,28,51	1540.9			
112	112	0.496	рюкзак-синий	1.4	13.0	снег-в-тени	0.886	51.8	0.0	-15.0	15.0	bbox	111	111.0	110.0	112.0	1027,135,94,38	1506.8			
113	113	0.848	палка-древко-контроль	5.0	16.0	снег-в-тени	1.089	57.6	-8.0	-10.0	12.8	bbox	112	43.0	42.0	43.0	0,44,137,21	1502.8			
114	114	0.961	стакан-марка-красная	7.3	8.6	снег-розовый	0.820	58.4	4.0	-1.0	4.1	bbox	113	5.0	3.0	9.0	1657,217,32,36	1455.0			
115	115	2.278	палка-древко-контроль	17.7	14.9	снег-в-тени	3.039	56.5	-3.0	-32.0	32.1	bbox	114	105.0	105.0	105.0	0,0,59,12	1446.2			
116	116	1.080	рюкзак-синий	3.6	27.5	снег-в-тени	1.310	66.3	-1.0	-17.0	17.0	bbox	115	40.0	40.0	44.0	11,235,86,52	1439.5			
117	117	1.456	рюкзак-синий	11.0	13.0	снег-в-тени	2.130	51.8	0.0	-25.0	25.0	bbox	116	39.0	39.0	41.0	179,315,22,34	1429.9			
118	118	0.879	палка-древко-контроль	6.7	7.4	снег-в-тени	1.742	49.0	-5.0	-21.0	21.6	bbox	117	18.0	18.0	21.0	146,13,110,16	1421.5			
119	119	0.658	рюкзак-синий	2.2	16.7	снег-в-тени	0.694	55.5	-1.0	-13.0	13.0	bbox	118	111.0	111.0	111.0	497,329,94,14	1416.6			
120	120	1.789	рюкзак-синий	8.1	41.4	снег-пересвеченный	0.635	80.2	-3.0	-7.0	7.6	bbox	119	106.0	106.0	106.0	3,411,61,18	1407.6			
121	121	1.923	палка-древко-бирюзовое	9.9	41.2	снег-пересвеченный	0.908	93.7	-8.0	-9.0	12.0	bbox	120	45.0	45.0	48.0	0,0,37,21	1381.5			
122	122	0.301	рюкзак-синий	2.0	4.7	снег-в-тени	0.710	34.1	1.0	-12.0	12.0	bbox	121	87.0	87.0	87.0	1861,397,38,78	1323.6			
123	123	0.179	рюкзак-синий	1.4	0.8	снег-в-тени	0.716	38.0	0.0	-13.0	13.0	bbox	122	69.0	69.0	77.0	1857,879,63,76	1300.7			
124	124	1.527	стакан-марка-красная	11.2	17.3	порода-в-тени	0.501	32.5	0.0	-1.0	1.0	bbox	123	21.0	21.0	21.0	1771,801,34,48	1276.1			
125	125	1.807	рюкзак-синий	12.0	28.2	порода-в-тени	0.528	10.6	1.0	-2.0	2.2	bbox	124	128.0	128.0	130.0	1829,1027,91,18	1266.5			
126	126	1.519	стакан-марка-красная	4.1	40.0	снег-розовый	0.802	89.8	7.0	0.0	7.0	bbox	125	96.0	96.0	96.0	1399,0,42,37	1261.1			
127	127	0.646	стакан-марка-красная	3.6	12.9	снег-розовый	0.992	62.7	8.0	-1.0	8.1	bbox	126	134.0	133.0	134.0	0,337,15,61	1234.8			
128	128	1.175	палка-древко-контроль	6.1	25.1	снег-в-тени	1.111	66.7	-7.0	-9.0	11.4	bbox	127	40.0	38.0	42.0	405,206,136,13	1221.8			
129	129	1.398	стакан-марка-красная	10.8	10.6	снег-в-тени	0.780	60.4	1.0	-3.0	3.2	bbox	128	3.0	1.0	9.0	1487,221,55,28	1196.7			
130	130	1.987	стакан-марка-красная	11.0	40.0	порода-в-тени	0.589	9.8	0.0	2.0	2.0	bbox	129	59.0	53.0	59.0	1883,1067,37,13	1178.1			
131	131	0.691	рюкзак-синий	4.0	13.4	снег-в-тени	1.266	52.2	1.0	-18.0	18.0	bbox	130	133.0	133.0	133.0	1697,281,36,12	1174.1			
132	132	0.776	рюкзак-синий	3.6	17.7	снег-в-тени	0.614	56.5	3.0	-11.0	11.4	bbox	131	36.0	36.0	38.0	1481,324,67,11	1172.7			
133	133	0.588	рюкзак-синий	3.2	12.2	снег-в-тени	0.392	51.0	0.0	-11.0	11.0	bbox	132	31.0	25.0	31.0	1847,475,73,14	1171.1			
134	134	1.443	стакан-марка-красная	11.4	6.3	снег-в-тени	0.765	43.5	0.0	-2.0	2.0	bbox	133	92.0	85.0	92.0	1475,493,146,40	1159.6			
135	135	1.530	рюкзак-синий	10.0	24.7	порода-в-тени	0.576	14.1	1.0	-4.0	4.1	bbox	134	1.0	1.0	2.0	1858,947,17,57	1156.9			
136	136	1.016	стакан-марка-красная	8.1	3.5	снег-в-тени	0.824	53.3	4.0	-3.0	5.0	bbox	135	0.0	0.0	0.0	1477,101,38,27	1148.5			
137	137	1.909	рюкзак-синий	6.1	49.0	снег-пересвеченный	0.806	87.8	0.0	-8.0	8.0	bbox	136	38.0	37.0	39.0	1699,309,18,32	1142.9			
138	138	0.733	рюкзак-синий	3.2	17.3	снег-в-тени	0.957	56.1	-2.0	-15.0	15.1	bbox	137	133.0	132.0	133.0	1855,123,32,20	1137.6			
139	139	1.362	рюкзак-синий	3.2	36.5	снег-в-тени	1.080	75.3	2.0	-11.0	11.2	bbox	138	92.0	81.0	92.0	400,239,47,50	1137.4			
140	140	1.023	рюкзак-синий	4.1	24.7	снег-в-тени	0.615	63.5	0.0	-10.0	10.0	bbox	139	102.0	102.0	102.0	1507,68,34,27	1129.7			
141	141	1.339	рюкзак-синий	3.6	35.3	снег-в-тени	1.079	74.1	3.0	-11.0	11.4	bbox	140	34.0	30.0	37.0	1410,248,49,21	1102.5			
142	142	0.254	рюкзак-синий	1.4	5.1	снег-в-тени	0.886	43.9	0.0	-15.0	15.0	bbox	141	34.0	29.0	35.0	1887,515,33,30	1102.4			
143	143	1.288	рюкзак-синий	10.0	8.7	снег-в-тени	2.004	47.5	1.0	-24.0	24.0	bbox	142	37.0	37.0	42.0	303,405,24,36	1087.4			
144	144	1.560	стакан-марка-красная	10.4	23.9	порода-в-тени	0.441	25.9	1.0	-2.0	2.2	bbox	143	22.0	21.0	25.0	1716,953,41,54	1086.7			
145	145	1.523	стакан-марка-красная	8.0	32.2	снег-розовый	0.236	82.0	3.0	1.0	3.2	bbox	144	131.0	131.0	131.0	1760,413,29,16	1086.6			
146	146	1.595	стакан-марка-красная	11.0	22.3	порода-в-тени	0.376	27.5	0.0	0.0	0.0	bbox	145	24.0	24.0	24.0	1542,1041,13,39	1070.3			
147	147	0.565	стакан-марка-красная	4.5	2.3	снег-в-тени	1.237	47.5	7.0	-1.0	7.1	bbox	146	90.0	88.0	90.0	1031,477,32,30	1069.4			
148	148	0.210	рюкзак-синий	1.4	3.2	снег-в-тени	0.659	42.0	0.0	-13.0	13.0	bbox	147	14.0	12.0	15.0	1566,277,81,16	1060.7			
149	149	1.896	рюкзак-синий	7.2	46.7	снег-пересвеченный	0.663	85.5	-3.0	-8.0	8.5	bbox	148	112.0	112.0	112.0	29,497,45,16	1023.9			
150	150	1.679	рюкзак-синий	13.3	5.5	порода-в-тени	0.462	33.3	-2.0	-1.0	2.2	bbox	149	97.0	97.0	97.0	1869,0,12,49	1016.2			
151	151	0.895	рюкзак-синий	7.1	3.9	снег-в-тени	0.477	34.9	0.0	-7.0	7.0	bbox	150	49.0	49.0	50.0	1913,563,7,73	1009.7			
152	152	0.908	рюкзак-синий	4.5	20.0	снег-в-тени	0.739	58.8	-3.0	-12.0	12.4	bbox	151	109.0	109.0	109.0	389,337,72,9	1009.4			
153	153	1.516	рюкзак-синий	12.1	3.5	снег-в-тени	2.297	35.3	6.0	-25.0	25.7	bbox	152	22.0	22.0	22.0	1232,681,31,34	1004.6			
154	154	1.237	рюкзак-синий	9.2	12.6	снег-в-тени	1.883	51.4	-1.0	-23.0	23.0	bbox	153	48.0	48.0	48.0	19,231,42,16	998.7			
155	155	1.071	рюкзак-синий	8.5	2.4	снег-в-тени	0.425	41.2	-2.0	-6.0	6.3	bbox	154	8.0	4.0	9.0	1311,121,46,10	988.2			
156	156	1.563	рюкзак-синий	12.0	11.7	порода-в-тени	0.367	27.1	0.0	-2.0	2.0	bbox	155	20.0	19.0	20.0	1729,943,40,40	986.6			
157	157	1.897	стакан-марка-красная	12.2	31.8	снег-освещённый	0.128	81.6	-1.0	-1.0	1.4	bbox	156	0.0	0.0	0.0	1813,33,76,12	984.8			
158	158	0.587	палка-древко-контроль	2.0	14.9	снег-в-тени	1.193	56.5	-6.0	-15.0	16.2	bbox	157	37.0	37.0	38.0	279,163,106,12	984.0			
159	159	1.107	рюкзак-синий	4.1	27.4	порода-в-тени	1.273	11.4	2.0	-10.0	10.2	bbox	158	23.0	23.0	23.0	1877,162,28,47	981.5			
160	160	1.003	рюкзак-синий	7.0	13.7	снег-в-тени	0.830	25.1	1.0	-7.0	7.1	bbox	159	137.0	137.0	137.0	1860,862,21,61	975.9			
161	161	1.153	рюкзак-синий	8.5	12.2	снег-в-тени	1.595	51.0	9.0	-17.0	19.2	bbox	160	106.0	106.0	106.0	27,601,27,45	974.8			
162	162	1.715	стакан-марка-красная	11.2	27.8	порода-в-тени	0.954	22.0	1.0	6.0	6.1	bbox	161	134.0	132.0	134.0	1857,967,28,50	966.8			
163	163	1.330	рюкзак-синий	10.0	12.7	порода-в-тени	0.568	26.1	1.0	-4.0	4.1	bbox	162	91.0	91.0	91.0	1785,367,24,28	966.5			
164	164	1.445	стакан-марка-красная	2.8	39.2	снег-розовый	1.036	89.0	9.0	-1.0	9.1	bbox	163	94.0	94.0	94.0	113,199,20,42	964.2			
165	165	0.974	рюкзак-синий	4.5	22.3	порода-в-тени	1.141	16.5	-1.0	-10.0	10.0	bbox	164	97.0	97.0	97.0	1642,13,19,52	954.8			
166	166	1.535	палка-древко-контроль	10.8	20.4	снег-в-тени	2.078	62.0	-2.0	-24.0	24.1	bbox	165	57.0	56.0	61.0	723,21,57,15	951.9			
167	167	1.693	стакан-марка-красная	10.0	31.8	порода-в-тени	0.404	18.0	1.0	0.0	1.0	bbox	166	72.0	72.0	87.0	1911,593,9,46	949.9			
168	168	0.797	рюкзак-синий	3.9	17.6	снег-в-тени	1.511	21.2	4.0	-16.5	17.0	bbox	167	81.0	81.0	81.0	1771,294,10,67	949.1			
169	169	1.180	палка-древко-контроль	3.0	31.3	снег-пересвеченный	1.383	72.9	-8.0	-12.0	14.4	bbox	168	35.0	35.0	41.0	565,98,115,13	928.2			
170	170	1.170	рюкзак-синий	9.2	5.7	снег-в-тени	0.412	44.5	-1.0	-5.0	5.1	bbox	169	94.0	94.0	94.0	1825,33,26,16	919.2			
171	171	1.022	рюкзак-синий	5.1	22.4	снег-в-тени	0.553	61.2	2.0	-9.0	9.2	bbox	170	94.0	94.0	94.0	451,0,23,31	918.1			
172	172	1.498	палка-древко-бирюзовое	6.1	36.1	снег-пересвеченный	1.860	88.6	-9.0	-17.0	19.2	bbox	171	84.0	84.0	84.0	0,0,33,17	915.2			
173	173	1.432	стакан-марка-красная	11.4	3.9	снег-в-тени	0.753	45.9	0.0	-2.0	2.0	bbox	172	90.0	86.0	93.0	1515,549,106,30	897.3			
174	174	1.202	рюкзак-синий	9.1	11.3	порода-в-тени	0.613	27.5	0.0	-5.0	5.0	bbox	173	57.0	53.0	60.0	1901,475,19,32	890.6			
175	175	0.797	рюкзак-синий	5.8	9.0	снег-в-тени	0.824	29.8	4.0	-9.0	9.8	bbox	174	76.0	74.0	76.0	1359,811,28,22	888.0			
176	176	1.559	рюкзак-синий	3.6	41.8	снег-в-тени	1.560	80.6	-2.0	-16.0	16.1	bbox	175	97.0	97.0	97.0	1091,0,28,15	881.7			
177	177	1.444	палка-древко-контроль	5.0	36.4	снег-в-тени	1.726	78.0	-4.0	-18.0	18.4	bbox	176	26.0	26.0	28.0	0,27,56,17	857.1			
178	178	1.577	стакан-марка-красная	11.7	16.9	порода-охристая	2.367	32.9	21.0	-5.0	21.6	bbox	177	96.0	96.0	96.0	1245,67,38,18	856.7			
179	179	1.327	рюкзак-синий	5.0	32.8	снег-в-тени	0.920	71.6	-2.0	-10.0	10.2	bbox	178	133.0	131.0	133.0	1757,61,20,20	851.6			
180	180	1.835	рюкзак-синий	12.0	29.4	порода-в-тени	0.482	9.4	0.0	-2.0	2.0	bbox	179	21.0	21.0	22.0	1749,885,36,53	846.9			
181	181	0.913	рюкзак-синий	6.1	14.1	снег-в-тени	1.511	52.9	0.0	-20.0	20.0	bbox	180	38.0	38.0	47.0	267,296,20,25	833.8			
182	182	0.651	рюкзак-синий	3.6	13.2	снег-в-тени	1.142	52.0	-1.0	-17.0	17.0	bbox	181	3.0	2.0	3.0	1879,0,28,13	826.6			
183	183	1.901	стакан-марка-красная	12.4	31.0	снег-освещённый	0.250	80.8	-1.0	-2.0	2.2	bbox	182	7.0	1.0	7.0	1873,115,47,13	816.0			
184	184	0.756	рюкзак-синий	2.0	20.0	снег-в-тени	1.332	18.8	3.0	-14.0	14.3	bbox	183	106.0	101.0	106.0	851,201,17,24	797.2			
185	185	1.261	рюкзак-синий	3.6	33.0	снег-в-тени	1.462	71.8	3.0	-17.0	17.3	bbox	184	132.0	132.0	134.0	1511,127,24,14	794.2			
186	186	1.317	рюкзак-синий	4.1	33.9	снег-в-тени	1.396	72.7	5.0	-15.0	15.8	bbox	185	129.0	129.0	131.0	804,27,41,10	793.5			
187	187	1.470	палка-древко-контроль	3.6	39.2	снег-пересвеченный	1.304	80.8	-5.0	-13.0	13.9	bbox	186	33.0	32.0	35.0	735,59,82,22	792.7			
188	188	1.565	рюкзак-синий	9.2	29.6	снег-освещённый	0.765	68.4	-1.0	-5.0	5.1	bbox	187	130.0	130.0	133.0	1663,0,46,13	786.1			
189	189	1.329	стакан-марка-красная	10.4	7.1	снег-в-тени	0.826	56.9	1.0	-2.0	2.2	bbox	188	43.0	43.0	45.0	1905,847,15,22	783.5			
190	190	1.183	рюкзак-синий	9.2	7.4	снег-в-тени	1.896	31.4	8.0	-20.0	21.5	bbox	189	12.0	12.0	12.0	1867,616,40,12	779.2			
191	191	1.505	стакан-марка-красная	11.4	13.5	снег-освещённый	0.684	63.3	0.0	-2.0	2.0	bbox	190	2.0	1.0	8.0	1301,97,70,8	777.4			
192	192	1.342	палка-древко-контроль	5.4	32.5	снег-в-тени	1.513	74.1	-3.0	-17.0	17.3	bbox	191	134.0	131.0	135.0	1637,55,30,26	777.4			
193	193	1.557	рюкзак-синий	11.2	19.2	снег-в-тени	2.160	58.0	-1.0	-25.0	25.0	bbox	192	39.0	34.0	41.0	59,414,16,20	763.6			
194	194	0.803	рюкзак-синий	3.2	19.6	снег-в-тени	1.540	19.2	2.0	-17.0	17.1	bbox	193	69.0	69.0	70.0	1728,778,13,67	760.3			
195	195	1.402	рюкзак-синий	2.2	38.5	снег-в-тени	1.374	77.3	-1.0	-15.0	15.0	bbox	194	110.0	110.0	110.0	457,305,70,14	758.2			
196	196	1.700	рюкзак-синий	5.1	44.1	снег-пересвеченный	1.095	82.9	2.0	-9.0	9.2	bbox	195	40.0	40.0	42.0	1675,300,26,27	753.7			
197	197	0.396	рюкзак-синий	2.0	8.6	снег-в-тени	0.813	30.2	1.0	-12.0	12.0	bbox	196	2.0	2.0	2.0	1879,710,18,85	748.4			
198	198	1.590	рюкзак-синий	8.5	33.0	снег-в-тени	2.011	71.8	4.0	-22.0	22.4	bbox	197	94.0	94.0	94.0	565,95,40,11	725.8			
199	199	0.853	рюкзак-синий	6.0	11.3	снег-в-тени	1.362	27.5	7.0	-14.0	15.7	bbox	198	61.0	61.0	61.0	1353,361,24,22	724.6			
200	200	2.049	стакан-марка-красная	12.6	36.5	снег-пересвеченный	0.406	86.3	-1.0	-3.0	3.2	bbox	199	5.0	3.0	6.0	1865,163,55,22	712.0			
201	201	1.908	палка-древко-контроль	11.7	34.5	снег-в-тени	2.366	76.1	-2.0	-25.0	25.1	bbox	200	34.0	34.0	34.0	1339,0,32,21	711.7			
202	202	1.046	рюкзак-синий	8.1	7.8	снег-в-тени	1.710	31.0	8.0	-18.0	19.7	bbox	201	58.0	58.0	58.0	1347,335,32,13	702.7			
203	203	1.689	рюкзак-синий	6.0	42.4	снег-пересвеченный	0.946	81.2	1.0	-8.0	8.1	bbox	202	103.0	103.0	103.0	465,293,18,21	697.0			
204	204	0.345	рюкзак-синий	1.0	9.0	снег-в-тени	0.905	29.8	1.0	-13.0	13.0	bbox	203	76.0	76.0	78.0	1482,1057,83,23	695.9			
205	205	1.146	стакан-марка-красная	8.1	15.3	порода-охристая	0.640	34.5	7.0	8.0	10.6	bbox	204	133.0	133.0	134.0	13,602,16,35	688.2			
206	206	1.988	стакан-марка-красная	11.0	40.2	порода-в-тени	0.523	9.6	0.0	1.0	1.0	bbox	205	72.0	72.0	73.0	1892,1070,28,10	685.4			
207	207	2.048	стакан-марка-красная	12.2	38.4	порода-в-тени	0.608	11.4	-1.0	3.0	3.2	bbox	206	122.0	122.0	122.0	65,841,12,19	681.3			
208	208	0.688	рюкзак-синий	4.1	12.8	снег-в-тени	0.284	51.6	0.0	-10.0	10.0	bbox	207	32.0	32.0	32.0	1871,469,49,10	680.4			
209	209	1.981	стакан-марка-красная	12.0	36.1	порода-в-тени	0.462	13.7	-1.0	2.0	2.2	bbox	208	120.0	119.0	120.0	115,856,10,22	678.2			
210	210	1.435	рюкзак-синий	4.0	37.7	снег-в-тени	1.061	76.5	1.0	-10.0	10.0	bbox	209	17.0	8.0	25.0	1631,329,39,24	675.6			
211	211	0.793	рюкзак-синий	5.4	11.7	снег-в-тени	1.453	27.1	6.0	-16.0	17.1	bbox	210	55.0	55.0	55.0	1585,389,34,24	667.7			
212	212	1.974	рюкзак-синий	7.1	49.4	снег-пересвеченный	0.712	88.2	0.0	-7.0	7.0	bbox	211	27.0	27.0	27.0	1757,347,34,14	666.4			
213	213	0.967	рюкзак-синий	3.6	23.9	снег-в-тени	0.664	62.7	-1.0	-11.0	11.0	bbox	212	114.0	114.0	114.0	539,373,42,10	666.4			
214	214	1.471	рюкзак-синий	7.1	32.9	порода-в-тени	1.040	5.9	2.0	-7.0	7.3	bbox	213	26.0	26.0	26.0	1779,929,12,40	664.1			
215	215	1.703	рюкзак-синий	12.0	22.3	порода-в-тени	0.313	16.5	0.0	-2.0	2.0	bbox	214	3.0	2.0	3.0	1870,991,50,16	663.1			
216	216	0.991	палка-древко-контроль	2.2	26.6	снег-в-тени	1.300	68.2	-7.0	-13.0	14.8	bbox	215	20.0	17.0	25.0	441,43,68,6	662.9			
217	217	1.644	рюкзак-синий	5.4	42.0	снег-в-тени	1.483	80.8	6.0	-12.0	13.4	bbox	216	130.0	129.0	130.0	887,35,44,8	661.4			
218	218	1.756	рюкзак-синий	5.8	44.7	снег-в-тени	1.941	83.5	4.0	-19.0	19.4	bbox	217	114.0	114.0	114.0	1002,212,68,7	658.8			
219	219	1.437	рюкзак-синий	6.1	34.1	снег-в-тени	0.898	72.9	0.0	-8.0	8.0	bbox	218	20.0	18.0	23.0	1373,285,44,20	654.9			
220	220	0.859	рюкзак-синий	6.3	9.4	снег-в-тени	0.126	48.2	-1.0	-8.0	8.1	bbox	219	96.0	96.0	96.0	0,0,19,17	652.2			
221	221	1.349	рюкзак-синий	3.2	36.1	снег-в-тени	1.505	74.9	2.0	-17.0	17.1	bbox	220	88.0	88.0	88.0	465,41,48,14	651.5			
222	222	1.306	стакан-марка-красная	10.4	1.2	снег-в-тени	0.761	48.6	1.0	-2.0	2.2	bbox	221	70.0	68.0	70.0	1829,773,28,16	650.7			
223	223	1.679	рюкзак-синий	4.1	44.7	снег-в-тени	1.804	83.5	2.0	-18.0	18.1	bbox	222	108.0	108.0	111.0	1061,49,43,12	644.8			
224	224	1.797	рюкзак-синий	14.0	11.4	снег-в-тени	2.505	50.2	1.0	-28.0	28.0	bbox	223	32.0	31.0	37.0	361,225,16,20	641.7			
225	225	1.170	рюкзак-синий	9.1	8.3	снег-в-тени	1.875	47.1	0.0	-23.0	23.0	bbox	224	42.0	42.0	47.0	295,329,18,26	639.5			
226	226	0.546	рюкзак-синий	3.6	8.7	снег-в-тени	1.132	47.5	-1.0	-17.0	17.0	bbox	225	135.0	135.0	136.0	1832,63,13,32	638.0			
227	227	1.622	рюкзак-синий	9.5	31.0	снег-в-тени	1.523	69.8	10.0	-11.0	14.9	bbox	226	117.0	117.0	117.0	0,587,25,46	636.7			
228	228	0.727	рюкзак-синий	0.0	20.4	снег-в-тени	1.295	18.4	1.0	-14.0	14.0	bbox	227	7.0	2.0	8.0	1613,213,16,15	630.1			
229	229	1.627	стакан-марка-красная	9.2	32.2	снег-освещённый	0.397	82.0	2.0	-1.0	2.2	bbox	228	128.0	128.0	128.0	1211,79,24,14	629.3			
230	230	1.490	рюкзак-синий	11.2	14.5	порода-в-тени	0.313	24.3	-1.0	-3.0	3.2	bbox	229	84.0	84.0	86.0	1887,105,33,20	627.5			
231	231	1.821	стакан-марка-красная	13.6	18.2	снег-розовый	0.972	68.0	0.0	9.0	9.0	bbox	230	98.0	92.0	98.0	159,97,41,14	620.7			
232	232	1.231	рюкзак-синий	8.2	18.8	снег-в-тени	1.789	57.6	-1.0	-22.0	22.0	bbox	231	39.0	38.0	44.0	0,393,15,22	619.0			
233	233	3.517	предмет-оранжевый	27.0	27.4	порода-охристая	5.274	36.9	47.0	33.0	57.4	bbox	232	96.0	96.0	96.0	1195,0,30,24	614.9			
234	234	1.172	рюкзак-синий	9.2	5.9	снег-в-тени	1.849	44.7	7.0	-21.0	22.1	bbox	233	62.0	62.0	62.0	1323,93,22,20	612.4			
235	235	0.588	рюкзак-синий	3.2	12.2	снег-в-тени	1.158	51.0	2.0	-17.0	17.1	bbox	234	86.0	86.0	86.0	1831,415,42,20	611.3			
236	236	1.433	рюкзак-синий	11.4	4.3	снег-в-тени	2.177	34.5	8.0	-23.0	24.4	bbox	235	15.0	13.0	15.0	1700,630,19,31	611.0			
237	237	0.696	рюкзак-синий	5.0	8.6	снег-в-тени	1.432	30.2	5.0	-17.0	17.7	bbox	236	94.0	94.0	94.0	1905,17,15,16	610.9			
238	238	0.994	палка-древко-контроль	7.2	11.7	снег-в-тени	1.712	53.3	-4.0	-21.0	21.4	bbox	237	38.0	34.0	41.0	5,631,34,26	606.7			
239	239	2.063	рюкзак-синий	7.1	52.2	снег-пересвеченный	0.707	91.0	0.0	-7.0	7.0	bbox	238	31.0	30.0	32.0	1801,323,28,14	595.6			
240	240	0.763	рюкзак-синий	5.1	11.7	снег-в-тени	1.582	27.1	2.0	-19.0	19.1	bbox	239	2.0	2.0	2.0	1911,534,9,61	593.8			
241	241	1.467	рюкзак-синий	6.1	35.1	снег-в-тени	0.933	73.9	0.0	-8.0	8.0	bbox	240	40.0	40.0	46.0	1853,488,22,10	592.7			
242	242	2.149	стакан-марка-красная	12.2	42.4	снег-пересвеченный	0.731	92.2	1.0	-6.0	6.1	bbox	241	20.0	17.0	23.0	1532,401,27,17	589.5			
243	243	1.178	стакан-марка-красная	4.5	29.0	снег-розовый	0.730	78.8	7.0	-1.0	7.1	bbox	242	86.0	85.0	87.0	1291,511,14,14	586.6			
244	244	1.011	стакан-марка-красная	3.0	26.3	снег-розовый	0.762	76.1	8.0	1.0	8.1	bbox	243	89.0	81.0	89.0	1193,385,13,18	583.8			
245	245	0.759	рюкзак-синий	5.4	9.8	снег-в-тени	0.179	48.6	-1.0	-9.0	9.1	bbox	244	103.0	103.0	103.0	389,429,26,24	583.2			
246	246	1.906	палка-ручка-пробка	15.2	2.8	снег-розовый	0.966	72.9	-1.0	9.0	9.1	bbox	245	98.0	97.0	98.0	100,89,36,10	582.5			
247	247	2.220	палка-древко-контроль	8.9	53.7	снег-пересвеченный	0.527	95.3	-4.0	-7.0	8.1	bbox	246	17.0	12.0	22.0	0,0,23,14	580.6			
248	248	1.877	палка-древко-контроль	9.5	40.8	снег-пересвеченный	0.493	82.4	-5.0	-6.0	7.8	bbox	247	18.0	18.0	19.0	0,132,43,31	576.6			
249	249	1.010	рюкзак-синий	4.5	23.6	снег-в-тени	0.590	62.4	-1.0	-10.0	10.0	bbox	248	135.0	135.0	136.0	1681,37,22,14	576.5			
250	250	0.564	рюкзак-синий	2.0	14.1	снег-в-тени	0.858	52.9	3.0	-14.0	14.3	bbox	249	87.0	83.0	92.0	373,192,36,29	572.6			
251	251	1.071	рюкзак-синий	4.1	26.3	снег-в-тени	0.666	65.1	0.0	-10.0	10.0	bbox	250	94.0	94.0	94.0	49,121,28,12	571.8			
252	252	1.097	рюкзак-синий	5.8	23.0	снег-в-тени	1.484	61.8	-2.0	-19.0	19.1	bbox	251	38.0	30.0	41.0	47,475,18,14	563.2			
253	253	0.845	рюкзак-синий	5.0	15.9	снег-в-тени	0.431	54.7	-2.0	-10.0	10.2	bbox	252	103.0	101.0	103.0	166,551,33,10	563.1			
254	254	2.063	стакан-марка-красная	12.4	38.2	снег-освещённый	0.360	88.0	-1.0	-2.0	2.2	bbox	253	4.0	0.0	4.0	1881,115,39,10	557.3			
255	255	0.986	рюкзак-синий	7.3	10.6	снег-в-тени	1.669	49.4	3.0	-21.0	21.2	bbox	254	39.0	37.0	41.0	127,473,20,24	549.6			
256	256	1.653	рюкзак-синий	11.0	25.5	порода-в-тени	0.434	13.3	0.0	-3.0	3.0	bbox	255	59.0	53.0	60.0	1885,899,24,13	549.1			
257	257	0.760	палка-древко-контроль	4.1	15.7	снег-в-тени	1.168	57.3	-4.0	-16.0	16.5	bbox	256	101.0	101.0	102.0	540,153,57,18	544.2			
258	258	0.858	палка-древко-контроль	2.2	22.7	снег-в-тени	1.226	64.3	-7.0	-13.0	14.8	bbox	257	19.0	18.0	22.0	447,57,58,6	535.6			
259	259	0.355	рюкзак-синий	2.8	1.0	снег-в-тени	1.126	37.8	3.0	-16.0	16.3	bbox	258	104.0	104.0	104.0	1609,121,12,12	530.9			
260	260	0.760	палка-древко-контроль	5.0	12.1	снег-в-тени	1.363	53.7	-4.0	-18.0	18.4	bbox	259	42.0	42.0	42.0	345,213,60,10	528.3			
261	261	1.905	рюкзак-синий	15.1	6.3	снег-в-тени	2.707	32.5	3.0	-29.0	29.2	bbox	260	68.0	67.0	68.0	1786,0,9,49	527.4			
262	262	0.510	рюкзак-синий	3.6	6.7	снег-в-тени	1.135	45.5	-1.0	-17.0	17.0	bbox	261	100.0	100.0	100.0	905,249,6,36	526.7			
263	263	2.143	рюкзак-синий	16.1	20.4	снег-в-тени	2.783	59.2	-1.0	-30.0	30.0	bbox	262	36.0	36.0	43.0	270,191,15,24	525.8			
264	264	1.357	палка-древко-контроль	8.1	25.5	снег-в-тени	2.180	67.1	-7.0	-23.0	24.0	bbox	263	106.0	106.0	106.0	0,13,37,16	524.8			
265	265	1.697	стакан-марка-красная	11.0	27.7	снег-освещённый	0.173	77.5	0.0	0.0	0.0	bbox	264	129.0	129.0	130.0	1120,81,27,10	524.2			
266	266	1.884	рюкзак-синий	12.0	31.7	порода-в-тени	0.552	7.1	0.0	-2.0	2.0	bbox	265	26.0	25.0	33.0	1818,969,53,33	520.5			
267	267	0.342	рюкзак-синий	1.4	8.2	снег-в-тени	0.912	30.6	2.0	-13.0	13.2	bbox	266	62.0	62.0	62.0	1885,673,32,28	520.1			
268	268	1.010	стакан-марка-красная	5.7	20.2	порода-охристая	0.955	29.6	7.0	5.0	8.6	bbox	267	137.0	137.0	137.0	83,760,8,51	519.4			
269	269	1.038	рюкзак-синий	6.3	18.8	снег-в-тени	0.373	57.6	-1.0	-8.0	8.1	bbox	268	29.0	29.0	33.0	1814,353,39,12	518.6			
270	270	1.091	палка-древко-контроль	3.6	27.8	снег-в-тени	1.501	69.4	-5.0	-17.0	17.7	bbox	269	23.0	21.0	23.0	471,47,56,10	517.2			
271	271	1.296	рюкзак-синий	5.0	31.8	снег-в-тени	0.833	70.6	1.0	-9.0	9.1	bbox	270	35.0	34.0	35.0	1309,227,28,10	516.6			
272	272	2.047	стакан-марка-красная	13.2	34.1	снег-освещённый	0.209	83.9	-2.0	-1.0	2.2	bbox	271	3.0	2.0	3.0	1859,117,37,8	515.6			
273	273	1.155	стакан-марка-красная	9.2	2.3	снег-в-тени	1.125	47.5	9.0	-8.0	12.0	bbox	272	83.0	83.0	84.0	1261,481,32,23	515.0			
274	274	2.269	рюкзак-синий	9.2	54.7	снег-пересвеченный	0.463	93.5	-1.0	-5.0	5.1	bbox	273	16.0	7.0	16.0	1311,145,21,14	512.2			
275	275	1.116	стакан-марка-красная	3.2	29.2	снег-розовый	0.792	79.0	8.0	0.0	8.0	bbox	274	89.0	87.0	91.0	1527,345,12,20	510.4			
276	276	1.601	стакан-марка-красная	11.4	20.4	снег-освещённый	0.471	70.2	0.0	-2.0	2.0	bbox	275	0.0	0.0	0.0	1646,57,55,18	501.8			
277	277	0.563	рюкзак-синий	3.6	9.4	снег-в-тени	0.396	48.2	-1.0	-11.0	11.0	bbox	276	11.0	11.0	11.0	37,72,36,39	501.8			
278	278	0.733	палка-древко-контроль	2.2	19.0	снег-в-тени	1.168	60.6	-7.0	-13.0	14.8	bbox	277	26.0	26.0	26.0	659,31,46,8	500.8			
279	279	2.484	стакан-марка-красная	14.3	48.2	снег-пересвеченный	0.319	98.0	-3.0	-2.0	3.6	bbox	278	14.0	12.0	22.0	55,0,22,27	492.1			
280	280	0.855	палка-древко-контроль	1.8	23.1	снег-в-тени	1.266	64.7	-7.0	-13.5	15.2	bbox	279	28.0	27.0	31.0	293,14,56,7	491.8			
281	281	1.206	рюкзак-синий	7.1	23.0	снег-в-тени	1.700	61.8	0.0	-21.0	21.0	bbox	280	83.0	83.0	86.0	201,299,46,20	491.2			
282	282	0.396	рюкзак-синий	2.0	8.6	снег-в-тени	1.188	30.2	1.0	-16.0	16.0	bbox	281	20.0	16.0	20.0	1735,1025,42,36	491.0			
283	283	2.141	стакан-марка-красная	13.2	38.0	порода-в-тени	0.641	11.8	-2.0	3.5	4.0	bbox	282	124.0	121.0	127.0	127,809,10,19	490.2			
284	284	1.742	рюкзак-синий	5.0	45.5	снег-в-тени	1.874	84.3	4.0	-18.0	18.4	bbox	283	116.0	111.0	116.0	1321,189,64,6	488.8			
285	285	1.317	стакан-марка-красная	7.3	26.7	порода-охристая	1.432	76.5	13.0	8.0	15.3	bbox	284	115.0	115.0	115.0	5,968,23,15	482.4			
286	286	0.967	рюкзак-синий	5.1	20.4	порода-в-тени	1.033	18.4	0.0	-9.0	9.0	bbox	285	101.0	101.0	101.0	1557,41,12,26	477.8			
287	287	0.774	палка-древко-контроль	4.0	16.4	снег-в-тени	1.022	58.0	-4.0	-14.5	15.0	bbox	286	22.0	22.0	22.0	88,69,41,18	477.7			
288	288	1.420	рюкзак-синий	5.0	35.7	снег-в-тени	1.427	74.5	6.0	-14.0	15.2	bbox	287	131.0	131.0	131.0	481,61,46,6	472.8			
289	289	0.963	палка-древко-контроль	1.5	26.4	снег-в-тени	1.396	68.0	-6.5	-15.0	16.3	bbox	288	137.0	137.0	137.0	1485,41,16,10	469.8			
290	290	0.991	стакан-марка-красная	7.3	11.0	порода-охристая	0.918	60.8	9.0	8.0	12.0	bbox	289	133.0	133.0	137.0	91,531,12,38	467.2			
291	291	0.997	рюкзак-синий	7.6	8.3	снег-в-тени	1.068	47.1	8.0	-11.0	13.6	bbox	290	95.0	95.0	95.0	1531,27,12,16	464.2			
292	292	0.907	рюкзак-синий	5.1	18.1	снег-в-тени	0.347	56.9	0.0	-9.0	9.0	bbox	291	24.0	24.0	27.0	1415,447,42,12	463.6			
293	293	1.676	стакан-марка-красная	11.2	25.9	порода-в-тени	0.573	23.9	0.0	3.0	3.0	bbox	292	43.0	43.0	45.0	1855,709,16,24	462.3			
294	294	1.521	стакан-марка-красная	12.2	1.4	снег-в-тени	0.892	51.2	-1.0	-1.0	1.4	bbox	293	92.0	92.0	92.0	1095,616,50,11	460.6			
295	295	1.732	рюкзак-синий	11.2	28.7	снег-в-тени	2.241	67.5	-1.0	-25.0	25.0	bbox	294	42.0	40.0	42.0	1337,21,26,8	460.5			
296	296	1.093	рюкзак-синий	6.1	22.0	снег-в-тени	1.570	60.8	0.0	-20.0	20.0	bbox	295	81.0	79.0	82.0	375,271,42,18	460.5			
297	297	0.890	рюкзак-синий	6.1	13.0	снег-в-тени	0.142	51.8	0.0	-8.0	8.0	bbox	296	120.0	118.0	125.0	1425,213,34,8	458.4			
298	298	1.122	рюкзак-синий	5.8	23.9	снег-в-тени	1.876	14.9	4.0	-19.0	19.4	bbox	297	23.0	22.0	23.0	1909,9,11,22	457.2			
299	299	0.715	рюкзак-синий	5.1	9.0	снег-в-тени	1.398	47.8	2.0	-19.0	19.1	bbox	298	117.0	117.0	120.0	833,431,66,21	457.2			
300	300	1.935	стакан-марка-красная	9.2	43.5	снег-освещённый	0.597	93.3	2.0	-1.0	2.2	bbox	299	128.0	128.0	128.0	1180,26,19,17	455.8			
301	301	1.222	рюкзак-синий	3.2	32.4	снег-в-тени	0.915	71.2	0.0	-11.0	11.0	bbox	300	131.0	131.0	131.0	1411,6,14,19	453.5			
302	302	1.061	рюкзак-синий	8.5	0.8	снег-в-тени	1.771	38.0	7.0	-20.0	21.2	bbox	301	109.0	109.0	109.0	7,521,18,22	453.3			
303	303	1.595	палка-древко-контроль	11.2	21.1	снег-в-тени	2.145	62.7	-2.0	-24.5	24.6	bbox	302	46.0	46.0	46.0	1227,27,25,14	453.0			
304	304	0.497	рюкзак-синий	3.2	8.5	снег-в-тени	0.376	47.3	0.0	-11.0	11.0	bbox	303	37.0	37.0	39.0	1885,509,35,16	451.3			
305	305	0.748	рюкзак-синий	5.1	11.0	снег-в-тени	0.724	27.8	0.0	-9.0	9.0	bbox	304	58.0	51.0	58.0	1133,637,44,11	451.2			
306	306	1.418	стакан-марка-красная	11.2	6.7	порода-в-тени	0.986	43.1	0.0	3.0	3.0	bbox	305	130.0	130.0	130.0	1609,619,16,22	440.1			
307	307	0.938	стакан-марка-красная	7.2	7.8	порода-охристая	0.590	42.0	8.0	7.5	11.0	bbox	306	134.0	134.0	137.0	25,703,8,34	436.8			
308	308	1.158	рюкзак-синий	7.6	18.5	снег-в-тени	1.678	57.3	-2.0	-21.0	21.1	bbox	307	36.0	35.0	36.0	353,149,50,10	434.6			
309	309	1.770	стакан-марка-красная	10.0	34.9	порода-в-тени	0.441	14.9	1.0	0.0	1.0	bbox	308	61.0	61.0	61.0	1913,597,7,34	434.3			
310	310	1.383	рюкзак-синий	5.0	34.5	снег-в-тени	0.929	73.3	1.0	-9.0	9.1	bbox	309	116.0	115.0	116.0	77,494,24,17	432.0			
311	311	1.561	стакан-марка-красная	11.0	20.4	порода-в-тени	0.426	29.4	0.0	0.0	0.0	bbox	310	55.0	52.0	55.0	1861,705,12,24	431.9			
312	312	1.477	палка-древко-контроль	3.6	39.4	снег-в-тени	1.879	81.0	-6.0	-18.0	19.0	bbox	311	31.0	27.0	32.0	759,5,32,12	431.6			
313	313	1.469	рюкзак-синий	11.0	14.5	порода-в-тени	0.472	24.3	1.0	-3.0	3.2	bbox	312	2.0	2.0	3.0	1861,926,16,29	427.9			
314	314	1.583	стакан-марка-красная	12.0	14.1	снег-в-тени	1.537	63.9	11.0	-11.0	15.6	bbox	313	118.0	118.0	118.0	26,662,12,26	427.1			
315	315	0.857	рюкзак-синий	3.6	20.4	снег-в-тени	1.203	59.2	-1.0	-17.0	17.0	bbox	314	100.0	100.0	100.0	895,337,8,24	426.7			
316	316	1.706	стакан-марка-красная	12.4	20.2	снег-освещённый	0.460	70.0	-1.0	-2.0	2.2	bbox	315	9.0	9.0	9.0	1887,59,33,8	425.4			
317	317	1.060	стакан-марка-красная	3.6	26.9	снег-розовый	0.839	76.7	8.0	-1.0	8.1	bbox	316	94.0	93.0	94.0	19,269,14,12	424.9			
318	318	2.949	стакан-марка-красная	22.8	21.2	порода-охристая	2.817	28.6	33.0	7.0	33.7	bbox	317	96.0	96.0	96.0	1319,526,8,31	424.0			
319	319	1.059	палка-древко-контроль	1.1	29.4	снег-в-тени	1.453	71.0	-7.0	-14.5	16.1	bbox	318	28.0	27.0	28.0	429,44,30,11	423.1			
320	320	2.049	стакан-марка-красная	12.2	38.4	снег-освещённый	0.293	88.2	-1.0	-1.0	1.4	bbox	319	130.0	126.0	130.0	1769,24,30,15	420.5			
321	321	2.090	стакан-марка-красная	11.0	43.9	порода-в-тени	0.589	5.9	0.0	0.0	0.0	bbox	320	38.0	29.0	45.0	1905,1071,15,9	420.0			
322	322	1.961	стакан-марка-красная	11.9	35.7	снег-пересвеченный	0.722	85.5	1.0	-5.5	5.6	bbox	321	90.0	89.0	90.0	223,712,18,25	419.8			
323	323	2.121	стакан-марка-красная	11.0	45.1	порода-в-тени	0.626	4.7	0.0	0.0	0.0	bbox	322	36.0	35.0	37.0	1757,1065,10,15	417.9			
324	324	1.501	рюкзак-синий	5.1	38.1	снег-в-тени	1.425	76.9	6.0	-13.0	14.3	bbox	323	130.0	130.0	130.0	713,94,32,9	417.3			
325	325	1.027	рюкзак-синий	7.3	13.4	снег-в-тени	0.236	52.2	-1.0	-7.0	7.1	bbox	324	112.0	111.0	114.0	184,457,25,16	416.3			
326	326	0.989	стакан-марка-красная	7.5	8.8	снег-в-тени	1.409	41.0	11.0	-6.5	12.8	bbox	325	107.0	106.0	107.0	153,1025,11,30	412.5			
327	327	1.845	стакан-марка-красная	14.6	8.4	порода-в-тени	1.067	41.4	-3.0	5.0	5.8	bbox	326	81.0	81.0	93.0	1902,171,18,8	412.4			
328	328	1.339	стакан-марка-красная	9.1	20.0	снег-розовый	0.374	69.8	2.0	0.0	2.0	bbox	327	100.0	100.0	100.0	1015,347,5,42	411.4			
329	329	1.310	рюкзак-синий	7.1	27.1	снег-в-тени	0.658	65.9	0.0	-7.0	7.0	bbox	328	105.0	105.0	106.0	345,337,26,12	405.4			
330	330	1.610	палка-древко-контроль	5.0	41.5	снег-пересвеченный	1.042	83.1	-5.0	-11.0	12.1	bbox	329	101.0	101.0	101.0	247,301,22,16	403.3			
331	331	0.891	рюкзак-синий	7.1	3.1	снег-в-тени	0.450	35.7	0.0	-7.0	7.0	bbox	330	53.0	50.0	53.0	1239,545,38,10	403.2			
332	332	1.638	стакан-марка-красная	11.0	24.7	порода-в-тени	0.326	25.1	0.0	0.0	0.0	bbox	331	99.0	99.0	99.0	1895,1033,12,15	403.0			
333	333	2.104	рюкзак-синий	6.1	54.9	снег-пересвеченный	0.808	93.7	0.0	-8.0	8.0	bbox	332	68.0	68.0	68.0	1358,972,12,24	399.2			
334	334	1.206	рюкзак-синий	9.0	12.1	порода-в-тени	0.664	26.7	1.0	-5.0	5.1	bbox	333	58.0	58.0	58.0	1911,461,9,20	398.0			
335	335	0.465	рюкзак-синий	3.6	3.2	снег-в-тени	1.204	42.0	3.0	-17.0	17.3	bbox	334	111.0	111.0	113.0	81,545,16,18	396.7			
336	336	1.401	рюкзак-синий	6.1	33.0	снег-в-тени	0.856	71.8	0.0	-8.0	8.0	bbox	335	119.0	117.0	126.0	1522,207,15,20	396.7			
337	337	0.608	рюкзак-синий	4.5	6.7	снег-в-тени	0.291	45.5	-1.0	-10.0	10.0	bbox	336	16.0	10.0	16.0	1651,251,26,12	396.5			
338	338	0.565	стакан-марка-красная	4.5	2.4	снег-розовый	1.165	52.2	7.0	-1.0	7.1	bbox	337	88.0	88.0	93.0	1116,271,13,14	396.3			
339	339	1.420	палка-древко-контроль	8.1	28.0	снег-в-тени	0.926	69.6	-4.0	-8.0	8.9	bbox	338	28.0	28.0	28.0	61,130,44,17	395.5			
340	340	0.532	рюкзак-синий	3.0	10.6	снег-в-тени	0.803	28.2	1.0	-11.0	11.0	bbox	339	31.0	31.0	31.0	1891,899,13,22	395.0			
341	341	1.290	стакан-марка-красная	10.0	8.2	снег-в-тени	1.276	41.6	10.0	-9.0	13.5	bbox	340	137.0	137.0	137.0	15,87,6,26	395.0			
342	342	2.058	стакан-марка-красная	12.2	38.8	порода-в-тени	0.615	11.0	-1.0	3.0	3.2	bbox	341	128.0	128.0	128.0	193,783,10,16	394.2			
343	343	3.866	стакан-марка-красная	30.4	20.6	порода-охристая	3.803	70.4	40.0	10.0	41.2	bbox	342	96.0	96.0	96.0	1590,77,39,22	392.9			
344	344	1.553	палка-древко-бирюзовое	5.1	39.7	снег-пересвеченный	1.804	92.2	-16.0	-11.0	19.4	bbox	343	37.0	37.0	37.0	11,0,18,25	392.2			
345	345	1.491	рюкзак-синий	6.7	34.5	снег-в-тени	1.825	73.3	4.0	-20.0	20.4	bbox	344	116.0	116.0	116.0	1417,181,54,6	391.4			
346	346	1.406	рюкзак-синий	3.6	37.3	снег-в-тени	1.517	76.1	-1.0	-17.0	17.0	bbox	345	114.0	109.0	114.0	1305,0,18,14	390.0			
347	347	1.931	стакан-марка-красная	8.6	44.9	снег-освещённый	0.942	94.7	4.0	-4.0	5.7	bbox	346	93.0	92.0	93.0	829,329,36,17	388.4			
348	348	1.031	рюкзак-синий	8.2	0.6	снег-в-тени	0.441	38.2	-1.0	-6.0	6.1	bbox	347	89.0	89.0	91.0	1653,511,20,11	387.9			
349	349	0.924	рюкзак-синий	7.3	4.5	снег-в-тени	0.513	34.3	-1.0	-7.0	7.1	bbox	348	51.0	50.0	63.0	1385,489,32,6	386.9			
350	350	0.582	палка-древко-контроль	2.2	14.3	снег-в-тени	1.099	55.9	-6.0	-14.0	15.2	bbox	349	20.0	20.0	21.0	387,39,44,6	383.8			
351	351	0.791	палка-древко-бирюзовое	5.0	13.6	снег-в-тени	1.729	66.1	-10.0	-16.0	18.9	bbox	350	136.0	136.0	136.0	1841,17,12,12	383.0			
352	352	1.569	стакан-марка-красная	11.0	21.2	порода-в-тени	0.460	28.6	0.0	1.0	1.0	bbox	351	53.0	53.0	53.0	1893,549,20,12	381.3			
353	353	1.219	рюкзак-синий	1.0	33.9	снег-в-тени	1.095	72.7	1.0	-13.0	13.0	bbox	352	87.0	86.0	92.0	87,653,24,34	378.7			
354	354	1.188	стакан-марка-красная	8.6	14.1	порода-охристая	0.735	35.7	6.0	8.0	10.0	bbox	353	137.0	137.0	137.0	26,418,9,27	377.3			
355	355	0.612	рюкзак-синий	3.6	11.6	снег-в-тени	0.567	50.4	-2.0	-12.0	12.2	bbox	354	112.0	112.0	112.0	680,337,56,8	376.8			
356	356	1.255	рюкзак-синий	5.7	29.0	снег-в-тени	0.846	67.8	-3.0	-10.0	10.4	bbox	355	34.0	34.0	35.0	1160,221,41,8	375.8			
357	357	1.276	рюкзак-синий	10.0	6.3	порода-в-тени	0.761	32.5	2.0	-4.0	4.5	bbox	356	78.0	78.0	79.0	1908,789,9,14	375.1			
358	358	1.884	рюкзак-синий	12.0	31.7	порода-в-тени	0.552	7.1	0.0	-2.0	2.0	bbox	357	99.0	99.0	99.0	1873,545,26,14	374.6			
359	359	0.724	рюкзак-синий	5.4	7.4	снег-в-тени	0.613	31.4	-1.0	-9.0	9.1	bbox	358	47.0	47.0	49.0	1868,607,29,10	373.1			
360	360	1.936	рюкзак-синий	12.0	34.1	порода-в-тени	0.626	4.7	0.0	-2.0	2.0	bbox	359	114.0	113.0	119.0	353,1053,32,24	372.7			
361	361	1.286	рюкзак-синий	8.2	21.5	снег-в-тени	1.859	17.3	9.0	-16.0	18.4	bbox	360	16.0	10.0	22.0	1805,395,15,17	370.1			
362	362	1.758	палка-древко-контроль	5.4	45.5	снег-пересвеченный	1.759	87.1	-3.0	-17.0	17.3	bbox	361	23.0	23.0	23.0	355,0,43,5	368.2			
363	363	1.718	стакан-марка-красная	9.2	35.7	порода-в-тени	0.742	14.1	2.0	3.0	3.6	bbox	362	98.0	98.0	98.0	8,1025,15,16	366.6			
364	364	0.860	рюкзак-синий	1.4	23.6	снег-в-тени	1.018	62.4	0.0	-15.0	15.0	bbox	363	102.0	101.0	102.0	114,477,15,9	365.7			
365	365	0.446	рюкзак-синий	3.5	1.6	снег-в-тени	0.673	40.4	3.5	-11.5	12.0	bbox	364	104.0	103.0	104.0	1679,201,10,10	365.0			
366	366	2.259	стакан-марка-красная	11.3	49.4	снег-пересвеченный	0.616	99.2	0.0	-1.5	1.5	bbox	365	106.0	106.0	109.0	0,293,31,12	362.0			
367	367	0.696	рюкзак-синий	5.1	7.8	снег-в-тени	0.614	31.0	0.0	-9.0	9.0	bbox	366	51.0	50.0	65.0	1535,327,34,8	361.9			
368	368	0.762	рюкзак-синий	1.4	20.8	снег-в-тени	1.399	18.0	2.0	-15.0	15.1	bbox	367	100.0	100.0	100.0	1687,669,6,38	357.3			
369	369	1.853	палка-древко-бирюзовое	12.0	30.2	снег-в-тени	2.474	82.7	-6.0	-24.0	24.7	bbox	368	59.0	53.0	60.0	9,158,30,13	356.2			
370	370	1.852	стакан-марка-красная	12.0	30.2	порода-в-тени	0.179	19.6	-1.0	0.0	1.0	bbox	369	66.0	66.0	67.0	1913,1019,7,22	356.0			
371	371	0.341	рюкзак-синий	2.2	5.5	снег-в-тени	0.820	33.3	-1.0	-13.0	13.0	bbox	370	19.0	18.0	19.0	1782,1017,34,12	354.8			
372	372	0.244	стакан-марка-красная	1.4	4.7	порода-охристая	1.401	45.1	10.0	0.0	10.0	bbox	371	91.0	89.0	93.0	1011,539,14,16	353.6			
373	373	1.576	палка-древко-бирюзовое	7.1	36.5	снег-пересвеченный	1.582	89.0	-8.0	-15.0	17.0	bbox	372	56.0	54.0	56.0	57,29,22,14	352.6			
374	374	1.523	стакан-марка-красная	12.2	2.5	снег-в-тени	0.884	47.3	-1.0	-1.0	1.4	bbox	373	91.0	91.0	91.0	1769,503,44,14	351.1			
375	375	1.217	палка-древко-контроль	5.4	28.4	снег-в-тени	1.077	70.0	-3.0	-13.0	13.3	bbox	374	114.0	114.0	115.0	1129,209,24,8	349.8			
376	376	1.806	палка-древко-контроль	10.8	33.7	снег-в-тени	2.394	75.3	-4.0	-25.0	25.3	bbox	375	80.0	79.0	80.0	78,0,37,5	349.0			
377	377	0.954	стакан-марка-красная	3.2	24.3	снег-розовый	1.038	74.1	10.0	4.0	10.8	bbox	376	107.0	106.0	108.0	20,1053,15,17	348.9			
378	378	1.901	рюкзак-синий	14.5	15.7	снег-в-тени	2.565	54.5	7.5	-27.0	28.0	bbox	377	38.0	38.0	41.0	15,549,12,10	346.7			
379	379	1.531	рюкзак-синий	10.0	24.7	снег-в-тени	1.664	63.5	11.0	-14.0	17.8	bbox	378	118.0	118.0	118.0	0,601,7,19	346.2			
380	380	1.337	рюкзак-синий	9.5	17.3	снег-в-тени	0.539	56.1	-2.0	-5.0	5.4	bbox	379	114.0	109.0	114.0	442,405,41,16	345.9			
381	381	1.861	стакан-марка-красная	10.0	38.4	снег-освещённый	0.365	88.2	1.0	0.0	1.0	bbox	380	128.0	128.0	128.0	1531,42,14,9	345.8			
382	382	1.256	рюкзак-синий	10.0	0.0	снег-в-тени	2.026	38.8	0.0	-24.0	24.0	bbox	381	58.0	58.0	58.0	17,701,16,16	345.7			
383	383	1.702	рюкзак-синий	5.0	44.3	снег-пересвеченный	1.012	83.1	1.0	-9.0	9.1	bbox	382	39.0	36.0	39.0	1542,135,13,12	344.7			
384	384	3.830	предмет-оранжевый	29.1	33.3	порода-охристая	4.998	31.0	48.0	26.0	54.6	bbox	383	96.0	96.0	96.0	1483,299,16,14	344.4			
385	385	1.946	рюкзак-синий	12.0	34.5	снег-в-тени	2.428	73.3	0.0	-26.0	26.0	bbox	384	37.0	36.0	37.0	1545,3,16,10	343.0			
386	386	1.759	рюкзак-синий	12.0	25.5	порода-в-тени	0.377	13.3	0.0	-2.0	2.0	bbox	385	64.0	64.0	64.0	1681,1007,22,12	341.8			
387	387	0.761	рюкзак-синий	5.8	6.1	снег-в-тени	0.298	44.9	-2.0	-9.0	9.2	bbox	386	54.0	54.0	59.0	285,433,28,10	341.2			
388	388	1.455	стакан-марка-красная	10.0	20.8	порода-в-тени	0.577	29.0	1.0	1.5	1.8	bbox	387	52.0	52.0	52.0	1916,528,4,28	340.8			
389	389	2.057	стакан-марка-красная	13.3	33.7	снег-освещённый	0.296	83.5	-2.0	-2.0	2.8	bbox	388	12.0	11.0	12.0	189,33,14,28	338.2			
390	390	1.424	рюкзак-синий	8.9	24.7	снег-в-тени	2.214	14.1	5.0	-22.0	22.6	bbox	389	132.0	130.0	132.0	1850,702,11,28	334.8			
391	391	0.897	рюкзак-синий	7.1	4.3	снег-в-тени	0.491	34.5	0.0	-7.0	7.0	bbox	390	64.0	62.0	64.0	1153,783,17,15	333.8			
392	392	1.699	стакан-марка-красная	12.0	22.3	порода-в-тени	0.376	27.5	-1.0	1.0	1.4	bbox	391	55.0	55.0	55.0	1909,633,11,8	333.0			
393	393	1.024	рюкзак-синий	8.1	5.1	снег-в-тени	0.561	33.7	0.0	-6.0	6.0	bbox	392	15.0	15.0	17.0	1883,829,37,10	332.8			
394	394	1.649	рюкзак-синий	1.4	45.9	снег-пересвеченный	1.363	84.7	0.0	-13.0	13.0	bbox	393	13.0	12.0	13.0	45,143,16,22	329.6			
395	395	0.834	рюкзак-синий	2.8	21.2	снег-в-тени	1.517	17.6	3.0	-16.0	16.3	bbox	394	112.0	112.0	112.0	1480,266,8,31	329.1			
396	396	1.962	рюкзак-синий	13.0	30.6	порода-в-тени	0.501	8.2	0.0	-1.0	1.0	bbox	395	69.0	68.0	70.0	1809,1049,16,8	328.1			
397	397	1.766	рюкзак-синий	13.0	19.4	снег-в-тени	2.579	19.4	6.0	-26.0	26.7	bbox	396	112.0	112.0	112.0	1490,349,16,8	326.9			
398	398	1.140	стакан-марка-красная	7.8	16.5	порода-охристая	0.821	33.3	6.0	7.0	9.2	bbox	397	137.0	133.0	137.0	11,937,20,17	324.9			
399	399	1.085	рюкзак-синий	7.1	17.6	снег-в-тени	1.899	21.2	2.0	-21.0	21.1	bbox	398	132.0	130.0	132.0	1813,832,10,33	320.6			
400	400	1.732	стакан-марка-красная	11.2	28.6	порода-в-тени	0.252	21.2	0.0	-1.0	1.0	bbox	399	71.0	71.0	75.0	1773,777,18,14	319.9			
401	401	0.805	рюкзак-синий	6.3	4.3	снег-в-тени	0.491	34.5	-1.0	-8.0	8.1	bbox	400	0.0	0.0	0.0	1087,13,26,6	319.8			
402	402	1.901	стакан-марка-красная	14.1	19.6	снег-освещённый	0.494	69.4	-3.0	-1.0	3.2	bbox	401	130.0	130.0	130.0	675,5,28,6	319.7			
403	403	0.401	рюкзак-синий	3.2	1.9	снег-в-тени	0.541	36.9	0.0	-11.0	11.0	bbox	402	24.0	24.0	24.0	1787,147,8,30	317.7			
404	404	0.657	рюкзак-синий	5.0	5.7	снег-в-тени	1.292	44.5	5.0	-17.0	17.7	bbox	403	133.0	133.0	133.0	1639,333,12,12	314.9			
405	405	1.145	рюкзак-синий	9.0	5.9	снег-в-тени	1.882	44.7	1.0	-23.0	23.0	bbox	404	136.0	135.0	136.0	1763,133,10,9	314.9			
406	406	1.641	рюкзак-синий	12.2	17.3	снег-в-тени	2.273	56.1	-1.0	-26.0	26.0	bbox	405	40.0	36.0	42.0	11,417,12,12	314.3			
407	407	0.990	рюкзак-синий	6.4	16.3	снег-в-тени	0.689	55.1	5.0	-9.0	10.3	bbox	406	91.0	89.0	93.0	1365,103,10,18	313.7			
408	408	1.050	рюкзак-синий	7.3	14.7	снег-в-тени	1.870	24.1	3.0	-21.0	21.2	bbox	407	80.0	79.0	80.0	1813,374,6,35	313.2			
409	409	0.319	рюкзак-синий	1.0	8.2	снег-в-тени	1.001	30.6	2.0	-14.0	14.1	bbox	408	75.0	72.0	80.0	1241,1049,48,16	312.2			
410	410	1.029	палка-древко-контроль	1.0	28.6	снег-в-тени	1.473	70.2	-7.0	-15.0	16.6	bbox	409	24.0	24.0	24.0	479,9,34,8	311.9			
411	411	1.910	палка-древко-контроль	7.1	47.4	снег-пересвеченный	0.886	89.0	-3.0	-10.0	10.4	bbox	410	68.0	67.0	68.0	1461,1001,12,13	311.3			
412	412	1.342	палка-древко-контроль	4.0	34.9	снег-пересвеченный	1.227	76.5	-8.0	-11.0	13.6	bbox	411	28.0	27.0	28.0	475,63,30,10	311.2			
413	413	0.579	палка-древко-контроль	3.6	10.2	снег-в-тени	1.465	51.8	-6.0	-18.0	19.0	bbox	412	36.0	36.0	36.0	28,753,19,10	308.5			
414	414	1.593	рюкзак-синий	5.4	40.4	снег-пересвеченный	0.932	79.2	-1.0	-9.0	9.1	bbox	413	98.0	98.0	98.0	914,189,25,20	308.3			
415	415	1.619	стакан-марка-красная	11.0	23.9	порода-в-тени	0.404	25.9	0.0	1.0	1.0	bbox	414	84.0	82.0	84.0	1873,659,16,10	307.3			
416	416	1.512	рюкзак-синий	2.2	41.6	снег-в-тени	1.535	80.4	0.0	-16.0	16.0	bbox	415	107.0	107.0	109.0	1017,8,16,11	307.1			
417	417	1.691	стакан-марка-красная	11.2	26.7	снег-освещённый	0.235	76.5	0.0	-1.0	1.0	bbox	416	9.0	9.0	9.0	1387,99,12,8	306.3			
418	418	0.720	рюкзак-синий	3.6	15.7	снег-в-тени	0.462	54.5	-1.0	-11.0	11.0	bbox	417	35.0	34.0	35.0	1615,305,20,10	306.1			
419	419	0.833	рюкзак-синий	6.0	10.2	снег-в-тени	0.696	28.6	1.0	-8.0	8.1	bbox	418	119.0	117.0	119.0	769,1014,26,7	305.8			
420	420	0.708	рюкзак-синий	1.4	19.2	снег-в-тени	1.211	19.6	2.0	-13.0	13.2	bbox	419	104.0	104.0	104.0	1606,29,15,13	305.3			
421	421	0.521	рюкзак-синий	3.4	8.7	снег-в-тени	0.970	47.5	-2.0	-15.5	15.6	bbox	420	112.0	112.0	112.0	142,473,39,12	304.8			
422	422	0.787	рюкзак-синий	5.1	12.9	снег-в-тени	0.793	25.9	0.0	-9.0	9.0	bbox	421	119.0	119.0	119.0	575,983,30,8	304.3			
423	423	0.805	рюкзак-синий	4.0	17.7	снег-в-тени	0.894	56.5	-3.0	-14.0	14.3	bbox	422	110.0	109.0	112.0	1333,7,28,12	303.9			
424	424	1.898	стакан-марка-красная	11.0	36.5	порода-в-тени	0.517	13.3	0.0	2.0	2.0	bbox	423	61.0	61.0	61.0	1898,1073,22,7	303.2			
425	425	1.367	рюкзак-синий	6.7	30.2	снег-в-тени	1.614	69.0	7.0	-17.0	18.4	bbox	424	93.0	93.0	93.0	1453,5,24,6	301.2			
426	426	1.392	рюкзак-синий	8.6	24.7	снег-в-тени	1.876	63.5	6.0	-21.0	21.8	bbox	425	88.0	88.0	90.0	1371,179,26,6	300.0			
427	427	0.285	рюкзак-синий	1.4	6.3	снег-в-тени	0.866	32.5	2.0	-13.0	13.2	bbox	426	75.0	73.0	75.0	1190,1065,49,15	295.8			
428	428	1.936	рюкзак-синий	12.0	34.1	порода-в-тени	0.626	4.7	0.0	-2.0	2.0	bbox	427	67.0	67.0	67.0	1667,985,10,18	293.6			
429	429	1.604	стакан-марка-красная	11.0	23.1	порода-в-тени	0.418	26.7	0.0	1.0	1.0	bbox	428	23.0	23.0	23.0	1557,1057,20,8	293.0			
430	430	1.668	рюкзак-синий	11.2	25.5	снег-в-тени	1.688	64.3	12.0	-12.0	17.0	bbox	429	118.0	118.0	118.0	57,737,11,26	292.8			
431	431	0.548	рюкзак-синий	1.0	14.9	снег-в-тени	0.909	53.7	1.0	-15.0	15.0	bbox	430	116.0	116.0	116.0	779,391,32,14	292.6			
432	432	1.093	рюкзак-синий	3.6	27.9	снег-в-тени	1.305	66.7	4.0	-16.0	16.5	bbox	431	136.0	135.0	136.0	1631,33,11,12	292.4			
433	433	0.636	рюкзак-синий	3.6	12.6	снег-в-тени	1.139	51.4	-1.0	-17.0	17.0	bbox	432	120.0	120.0	121.0	33,378,12,11	291.7			
434	434	1.836	рюкзак-синий	9.5	39.2	снег-пересвеченный	0.571	78.0	-2.0	-5.0	5.4	bbox	433	136.0	136.0	136.0	1483,201,14,8	291.2			
435	435	1.958	стакан-марка-красная	12.2	34.5	снег-освещённый	0.177	84.3	-1.0	-1.0	1.4	bbox	434	129.0	129.0	129.0	991,17,17,10	291.0			
436	436	1.424	рюкзак-синий	11.0	9.8	порода-в-тени	0.469	29.0	0.0	-3.0	3.0	bbox	435	34.0	34.0	34.0	1885,760,14,9	290.0			
437	437	1.014	палка-древко-контроль	6.1	18.8	снег-в-тени	0.992	60.4	-7.0	-9.0	11.4	bbox	436	38.0	36.0	38.0	445,211,42,6	290.0			
438	438	1.707	стакан-марка-красная	11.2	27.4	порода-в-тени	0.260	22.4	0.0	-1.0	1.0	bbox	437	128.0	128.0	128.0	1767,1017,26,8	290.0			
439	439	1.531	рюкзак-синий	12.0	7.8	снег-в-тени	2.342	31.0	2.0	-26.0	26.1	bbox	438	32.0	32.0	32.0	908,1056,15,9	289.4			
440	440	1.639	рюкзак-синий	11.0	24.7	снег-в-тени	2.198	63.5	0.0	-25.0	25.0	bbox	439	39.0	39.0	39.0	1426,41,17,9	289.2			
441	441	1.216	рюкзак-синий	5.1	29.0	порода-в-тени	1.180	9.8	2.0	-9.0	9.2	bbox	440	81.0	81.0	81.0	1713,627,14,8	287.4			
442	442	1.631	рюкзак-синий	11.2	23.6	снег-в-тени	2.191	62.4	-1.0	-25.0	25.0	bbox	441	51.0	51.0	56.0	923,0,12,7	287.3			
443	443	0.378	рюкзак-синий	1.1	9.8	снег-в-тени	0.732	48.6	2.0	-13.5	13.6	bbox	442	27.0	24.0	27.0	1863,357,16,8	285.2			
444	444	2.253	палка-древко-бирюзовое	13.9	40.0	снег-пересвеченный	0.753	92.5	-10.0	-3.0	10.4	bbox	443	136.0	135.0	136.0	1593,29,14,6	284.3			
445	445	1.334	стакан-марка-красная	10.0	12.6	снег-розовый	0.612	62.4	1.0	0.0	1.0	bbox	444	132.0	132.0	136.0	137,847,11,10	283.9			
446	446	1.527	рюкзак-синий	6.3	36.7	снег-в-тени	1.763	75.5	-2.0	-19.5	19.6	bbox	445	137.0	137.0	137.0	1393,97,17,8	282.5			
447	447	1.915	стакан-марка-красная	12.0	33.3	порода-в-тени	0.313	16.5	-1.0	1.0	1.4	bbox	446	80.0	80.0	80.0	1105,1033,16,8	282.4			
448	448	0.645	палка-древко-контроль	3.6	12.9	снег-в-тени	1.367	54.5	-10.0	-12.0	15.6	bbox	447	38.0	38.0	38.0	35,855,14,8	281.5			
449	449	0.468	рюкзак-синий	3.6	3.5	снег-в-тени	0.596	35.3	-1.0	-11.0	11.0	bbox	448	43.0	43.0	43.0	1518,526,23,9	280.6			
450	450	1.680	рюкзак-синий	12.2	20.0	порода-в-тени	0.186	18.8	-1.0	-2.0	2.2	bbox	449	35.0	33.0	35.0	1799,1069,10,11	278.0			
451	451	1.527	рюкзак-синий	11.2	17.2	снег-в-тени	2.332	21.6	6.0	-24.0	24.7	bbox	450	31.0	31.0	32.0	1914,737,6,24	277.6			
452	452	1.757	палка-древко-бирюзовое	10.8	31.4	снег-в-тени	2.729	83.9	-9.0	-25.0	26.6	bbox	451	22.0	22.0	23.0	580,0,33,5	277.2			
453	453	0.663	рюкзак-синий	5.1	5.1	снег-в-тени	0.518	33.7	0.0	-9.0	9.0	bbox	452	17.0	17.0	18.0	1811,797,18,20	276.9			
454	454	1.156	палка-древко-контроль	4.0	29.2	снег-пересвеченный	1.323	70.8	-8.0	-11.0	13.6	bbox	453	21.0	21.0	21.0	489,89,32,4	276.7			
455	455	1.294	стакан-марка-красная	8.1	22.7	снег-розовый	1.193	72.5	7.0	-6.0	9.2	bbox	454	82.0	80.0	82.0	1567,497,14,8	275.5			
456	456	0.832	палка-древко-контроль	2.2	21.9	снег-в-тени	1.213	63.5	-7.0	-13.0	14.8	bbox	455	27.0	27.0	28.0	821,119,24,6	273.4			
457	457	1.737	рюкзак-синий	13.2	15.7	порода-в-тени	0.159	23.1	-1.0	-1.0	1.4	bbox	456	55.0	55.0	57.0	1825,793,26,6	270.9			
458	458	1.540	рюкзак-синий	5.1	39.2	снег-в-тени	1.116	78.0	2.0	-9.0	9.2	bbox	457	28.0	24.0	28.0	1565,335,12,8	270.8			
459	459	0.600	рюкзак-синий	2.0	15.3	снег-в-тени	1.153	23.5	-1.0	-14.0	14.0	bbox	458	4.0	4.0	4.0	1263,149,20,12	268.1			
460	460	1.777	стакан-марка-красная	12.0	26.7	порода-в-тени	0.296	23.1	-1.0	1.0	1.4	bbox	459	45.0	45.0	45.0	1857,715,8,14	266.3			
461	461	1.345	рюкзак-синий	5.0	33.4	снег-в-тени	1.034	72.2	4.0	-10.0	10.8	bbox	460	116.0	116.0	116.0	17,513,18,16	264.8			
462	462	1.627	стакан-марка-красная	11.2	23.3	снег-освещённый	0.326	73.1	0.0	-1.0	1.0	bbox	461	129.0	129.0	129.0	1009,257,16,6	264.8			
463	463	2.265	рюкзак-синий	17.1	20.8	снег-в-тени	2.930	59.6	3.0	-31.0	31.1	bbox	462	82.0	81.0	82.0	1243,111,18,12	264.6			
464	464	2.330	стакан-марка-красная	12.0	49.8	снег-пересвеченный	0.620	99.6	-1.0	0.0	1.0	bbox	463	53.0	52.0	58.0	83,337,18,10	264.2			
465	465	3.819	предмет-оранжевый	30.5	7.3	порода-охристая	3.814	71.6	40.0	11.0	41.5	bbox	464	96.0	96.0	96.0	1730,0,24,17	263.7			
466	466	0.714	рюкзак-синий	2.2	18.4	снег-в-тени	1.099	20.4	0.0	-12.0	12.0	bbox	465	25.0	25.0	32.0	1840,977,9,24	262.5			
467	467	0.869	рюкзак-синий	5.5	14.9	снег-в-тени	1.676	23.9	1.0	-19.5	19.5	bbox	466	121.0	121.0	121.0	1849,708,8,15	260.6			
468	468	1.542	рюкзак-синий	5.4	38.8	снег-пересвеченный	0.958	77.6	-1.0	-9.0	9.1	bbox	467	94.0	94.0	94.0	129,95,17,12	258.3			
469	469	1.132	рюкзак-синий	9.1	0.4	снег-в-тени	1.921	38.4	2.0	-23.0	23.1	bbox	468	137.0	137.0	137.0	1577,813,8,12	257.3			
470	470	1.315	рюкзак-синий	10.4	4.5	снег-в-тени	0.581	43.3	-2.0	-4.0	4.5	bbox	469	87.0	87.0	91.0	1659,591,30,8	256.6			
471	471	0.984	рюкзак-синий	7.8	3.5	снег-в-тени	1.690	35.3	7.0	-19.0	20.2	bbox	470	43.0	43.0	45.0	1361,563,12,16	255.9			
472	472	1.267	стакан-марка-красная	3.6	33.1	снег-розовый	0.860	82.9	8.0	-1.0	8.1	bbox	471	90.0	90.0	93.0	1603,339,6,19	255.3			
473	473	1.067	палка-древко-контроль	6.4	19.8	снег-в-тени	0.740	61.4	-4.0	-10.0	10.8	bbox	472	27.0	27.0	27.0	138,153,29,10	254.2			
474	474	0.915	рюкзак-синий	4.1	21.2	снег-в-тени	1.133	17.6	2.0	-10.0	10.2	bbox	473	96.0	96.0	96.0	1267,483,14,17	254.1			
475	475	1.591	рюкзак-синий	3.2	43.2	снег-пересвеченный	1.160	82.0	0.0	-11.0	11.0	bbox	474	100.0	99.0	100.0	903,22,3,35	252.5			
476	476	1.465	рюкзак-синий	3.6	39.0	снег-в-тени	1.560	77.8	-1.0	-17.0	17.0	bbox	475	94.0	94.0	94.0	201,67,18,10	252.1			
477	477	1.049	рюкзак-синий	8.2	5.5	снег-в-тени	0.587	33.3	-1.0	-6.0	6.1	bbox	476	46.0	39.0	46.0	1783,582,19,13	251.5			
478	478	2.216	рюкзак-синий	17.0	17.3	снег-в-тени	2.890	56.1	0.0	-31.0	31.0	bbox	477	82.0	82.0	82.0	1305,129,20,9	250.4			
479	479	0.730	палка-древко-контроль	0.5	20.4	снег-в-тени	1.384	62.0	-8.0	-14.5	16.6	bbox	478	100.0	100.0	100.0	871,393,12,22	248.7			
480	480	1.166	рюкзак-синий	6.4	23.7	снег-в-тени	1.550	62.5	6.0	-18.0	19.0	bbox	479	87.0	87.0	87.0	1376,337,32,4	248.0			
481	481	1.606	палка-древко-бирюзовое	8.6	33.4	снег-пересвеченный	2.311	85.9	-8.0	-21.0	22.5	bbox	480	84.0	84.0	84.0	129,25,10,9	246.6			
482	482	1.964	рюкзак-синий	14.1	23.9	снег-в-тени	2.559	62.7	-1.0	-28.0	28.0	bbox	481	64.0	64.0	64.0	1393,33,16,8	246.5			
483	483	2.325	палка-древко-контроль	18.0	16.0	снег-в-тени	3.031	57.6	-2.0	-32.0	32.1	bbox	482	69.0	69.0	69.0	19,59,14,14	246.1			
484	484	0.451	рюкзак-синий	3.0	7.0	снег-в-тени	1.269	31.8	1.0	-17.0	17.0	bbox	483	125.0	124.0	127.0	1514,125,21,12	244.3			
485	485	0.991	палка-древко-контроль	3.2	25.5	снег-в-тени	1.220	67.1	-7.0	-12.0	13.9	bbox	484	34.0	34.0	34.0	787,97,32,10	243.3			
486	486	2.068	стакан-марка-красная	11.4	42.0	снег-пересвеченный	1.180	91.8	4.0	-8.0	8.9	bbox	485	92.0	88.0	92.0	491,205,30,9	242.8			
487	487	0.987	палка-древко-контроль	6.3	16.8	снег-в-тени	0.755	58.4	-5.0	-9.5	10.7	bbox	486	23.0	23.0	23.0	0,29,17,12	242.6			
488	488	0.859	рюкзак-синий	5.0	16.5	снег-в-тени	0.594	55.3	-3.0	-11.0	11.4	bbox	487	113.0	113.0	113.0	834,322,27,3	241.6			
489	489	1.564	стакан-марка-красная	12.1	11.2	снег-освещённый	0.711	61.0	-1.0	-0.5	1.1	bbox	488	0.0	0.0	0.0	1311,0,18,5	240.7			
490	490	1.732	рюкзак-синий	2.8	47.5	снег-пересвеченный	1.675	86.3	-1.0	-16.0	16.0	bbox	489	135.0	135.0	135.0	1303,7,11,10	240.4			
491	491	1.718	стакан-марка-красная	11.0	28.6	порода-в-тени	0.281	21.2	0.0	0.0	0.0	bbox	490	69.0	69.0	70.0	1869,727,12,10	239.6			
492	492	1.169	рюкзак-синий	8.5	13.7	снег-в-тени	0.891	52.5	7.0	-8.0	10.6	bbox	491	81.0	81.0	81.0	1697,406,12,9	239.6			
493	493	1.919	рюкзак-синий	12.0	33.3	порода-в-тени	0.601	5.5	0.0	-2.0	2.0	bbox	492	69.0	69.0	71.0	1873,985,14,14	239.1			
494	494	1.728	рюкзак-синий	1.0	48.3	снег-пересвеченный	1.469	87.1	0.0	-14.0	14.0	bbox	493	13.0	12.0	13.0	42,15,15,12	238.9			
495	495	1.631	стакан-марка-красная	11.0	24.3	порода-в-тени	0.333	25.5	0.0	0.0	0.0	bbox	494	54.0	52.0	54.0	1905,489,8,8	238.8			
496	496	0.871	палка-древко-контроль	1.4	23.9	снег-в-тени	1.471	65.5	-7.0	-16.0	17.5	bbox	495	34.0	34.0	34.0	41,101,30,8	238.7			
497	497	0.875	рюкзак-синий	6.1	12.1	снег-в-тени	0.795	26.7	2.0	-8.0	8.2	bbox	496	75.0	75.0	75.0	1911,668,9,11	237.1			
498	498	1.461	рюкзак-синий	11.4	9.0	снег-в-тени	2.125	47.8	8.0	-23.0	24.4	bbox	497	20.0	20.0	20.0	1751,113,18,12	237.0			
499	499	0.614	рюкзак-синий	1.0	16.8	снег-в-тени	1.189	22.0	0.0	-14.0	14.0	bbox	498	39.0	39.0	39.0	1849,977,24,6	236.9			
500	500	0.645	палка-древко-контроль	4.5	9.0	снег-в-тени	0.844	50.6	-6.0	-11.0	12.5	bbox	499	42.0	42.0	42.0	81,501,10,10	236.5			
501	501	1.109	палка-древко-контроль	5.0	25.7	снег-в-тени	0.991	67.3	-4.0	-12.0	12.6	bbox	500	35.0	35.0	35.0	103,125,25,20	233.4			
502	502	0.727	рюкзак-синий	0.0	20.4	снег-в-тени	1.295	18.4	1.0	-14.0	14.0	bbox	501	105.0	102.0	108.0	747,307,10,11	233.1			
503	503	0.820	палка-древко-контроль	5.0	14.9	снег-в-тени	0.792	56.5	-5.0	-11.0	12.1	bbox	502	22.0	21.0	22.0	0,150,25,9	232.5			
504	504	1.088	палка-древко-контроль	4.6	25.9	снег-в-тени	1.164	67.5	-7.0	-10.5	12.6	bbox	503	31.0	27.0	31.0	889,31,28,2	232.1			
505	505	1.177	рюкзак-синий	7.2	21.2	снег-в-тени	1.587	60.0	7.0	-18.0	19.3	bbox	504	131.0	131.0	131.0	473,0,18,5	230.2			
506	506	0.842	рюкзак-синий	6.7	2.0	снег-в-тени	0.354	40.8	-2.0	-8.0	8.2	bbox	505	101.0	101.0	101.0	1472,1006,17,19	230.0			
507	507	1.420	рюкзак-синий	11.2	7.1	снег-в-тени	0.641	45.9	-1.0	-3.0	3.2	bbox	506	80.0	79.0	80.0	118,600,17,15	229.4			
508	508	1.002	стакан-марка-красная	8.0	2.0	снег-в-тени	1.381	47.8	11.0	-7.0	13.0	bbox	507	107.0	107.0	107.0	49,807,14,21	229.0			
509	509	1.168	рюкзак-синий	9.0	8.8	порода-в-тени	0.713	30.0	1.0	-5.0	5.1	bbox	508	50.0	50.0	54.0	1912,445,8,18	228.6			
510	510	1.774	рюкзак-синий	5.0	46.5	снег-пересвеченный	0.995	85.3	1.0	-9.0	9.1	bbox	509	1.0	0.0	1.0	149,791,12,12	228.5			
511	511	0.977	рюкзак-синий	6.4	15.7	снег-в-тени	0.462	54.5	-3.0	-9.0	9.5	bbox	510	117.0	117.0	126.0	501,581,28,12	227.9			
512	512	0.510	рюкзак-синий	3.2	9.0	снег-в-тени	0.910	47.8	-2.0	-15.0	15.1	bbox	511	137.0	135.0	137.0	1651,147,12,8	227.8			
513	513	1.345	рюкзак-синий	10.5	8.3	снег-в-тени	2.066	47.1	1.0	-24.5	24.5	bbox	512	26.0	26.0	26.0	201,301,10,10	227.6			
514	514	1.176	стакан-марка-красная	8.9	10.2	снег-в-тени	0.985	60.0	7.0	-7.0	9.9	bbox	513	133.0	133.0	133.0	105,9,12,16	227.5			
515	515	1.936	рюкзак-синий	10.9	38.5	снег-освещённый	0.472	77.3	-2.0	-3.5	4.0	bbox	514	13.0	12.0	13.0	33,223,8,16	227.2			
516	516	1.189	рюкзак-синий	8.1	17.7	снег-в-тени	0.398	56.5	0.0	-6.0	6.0	bbox	515	88.0	88.0	90.0	1155,183,18,10	227.0			
517	517	1.595	стакан-марка-красная	12.4	11.0	снег-освещённый	0.757	60.8	-1.0	-2.0	2.2	bbox	516	2.0	2.0	2.0	1891,156,29,9	225.5			
518	518	1.480	палка-древко-контроль	10.8	16.8	снег-в-тени	2.051	58.4	-2.0	-24.0	24.1	bbox	517	52.0	52.0	52.0	1203,17,14,10	225.2			
519	519	0.683	рюкзак-синий	4.5	11.0	снег-в-тени	0.289	49.8	-1.0	-10.0	10.0	bbox	518	118.0	118.0	118.0	627,670,25,15	224.9			
520	520	1.057	рюкзак-синий	5.4	22.8	снег-в-тени	0.583	61.6	-2.0	-9.5	9.7	bbox	519	104.0	103.0	104.0	761,188,14,11	224.8			
521	521	1.639	рюкзак-синий	8.5	34.9	снег-в-тени	2.024	73.7	5.0	-21.5	22.1	bbox	520	131.0	127.0	131.0	1569,5,8,8	221.7			
522	522	1.747	рюкзак-синий	10.6	31.7	снег-в-тени	2.486	7.1	8.0	-22.0	23.4	bbox	521	101.0	101.0	101.0	1571,327,4,26	220.4			
523	523	1.279	палка-древко-контроль	6.1	28.8	снег-пересвеченный	1.214	70.4	-9.0	-9.0	12.7	bbox	522	36.0	36.0	36.0	411,153,27,6	219.1			
524	524	1.507	рюкзак-синий	9.5	26.1	снег-в-тени	2.309	12.7	4.0	-23.0	23.3	bbox	523	101.0	97.0	101.0	1583,977,8,24	219.0			
525	525	2.091	рюкзак-синий	13.8	32.9	снег-в-тени	2.839	5.9	10.0	-24.5	26.5	bbox	524	101.0	101.0	101.0	1577,485,4,22	218.9			
526	526	1.774	стакан-марка-красная	12.0	26.3	снег-освещённый	0.169	76.1	-1.0	0.0	1.0	bbox	525	130.0	130.0	132.0	1045,125,16,8	218.6			
527	527	0.500	рюкзак-синий	3.6	6.1	снег-в-тени	0.667	32.7	-1.0	-11.0	11.0	bbox	526	24.0	24.0	24.0	1766,273,8,16	218.5			
528	528	0.982	рюкзак-синий	5.4	20.0	снег-в-тени	1.436	58.8	-1.0	-19.0	19.0	bbox	527	35.0	35.0	35.0	39,223,12,8	217.9			
529	529	1.631	рюкзак-синий	11.2	23.6	снег-освещённый	0.758	62.4	-1.0	-3.0	3.2	bbox	528	0.0	0.0	0.0	1727,37,22,12	217.8			
530	530	1.897	палка-древко-контроль	5.0	50.2	снег-пересвеченный	1.009	91.8	-5.0	-11.0	12.1	bbox	529	137.0	137.0	137.0	1195,22,11,11	216.7			
531	531	1.004	рюкзак-синий	7.2	12.4	снег-в-тени	1.531	51.2	7.0	-18.0	19.3	bbox	530	84.0	83.0	89.0	1647,201,17,8	214.8			
532	532	1.598	стакан-марка-красная	9.0	31.8	порода-в-тени	0.565	18.0	2.0	1.0	2.2	bbox	531	22.0	22.0	22.0	1679,933,7,23	214.5			
533	533	1.580	рюкзак-синий	12.5	5.9	снег-в-тени	2.301	44.7	7.0	-25.0	26.0	bbox	532	22.0	22.0	22.0	1343,321,14,10	214.1			
534	534	1.466	рюкзак-синий	11.7	3.9	снег-в-тени	2.267	34.9	3.0	-25.5	25.7	bbox	533	88.0	88.0	88.0	1913,315,7,14	213.1			
535	535	2.477	рюкзак-синий	19.1	18.5	снег-в-тени	3.146	57.3	-1.0	-33.0	33.0	bbox	534	103.0	103.0	103.0	265,65,10,16	212.7			
536	536	1.977	рюкзак-синий	6.4	50.6	снег-пересвеченный	1.526	89.4	6.0	-10.0	11.7	bbox	535	93.0	93.0	93.0	0,133,9,11	212.3			
537	537	1.407	рюкзак-синий	8.1	27.5	снег-в-тени	1.870	66.3	0.0	-22.0	22.0	bbox	536	95.0	95.0	95.0	1567,367,23,10	211.4			
538	538	1.527	рюкзак-синий	11.7	12.8	снег-в-тени	2.187	51.6	7.0	-24.0	25.0	bbox	537	19.0	19.0	19.0	1559,159,12,12	210.2			
539	539	0.867	рюкзак-синий	5.4	15.3	снег-в-тени	0.287	54.1	-1.0	-9.0	9.1	bbox	538	119.0	119.0	119.0	1617,183,18,4	210.2			
540	540	2.006	стакан-марка-красная	13.0	32.9	снег-пересвеченный	0.485	82.7	-1.0	-4.0	4.1	bbox	539	10.0	10.0	13.0	1039,29,10,8	209.9			
541	541	0.620	рюкзак-синий	4.1	9.6	снег-в-тени	0.729	48.4	-3.0	-13.0	13.3	bbox	540	113.0	113.0	113.0	53,507,28,8	209.1			
542	542	1.954	рюкзак-синий	12.0	34.9	порода-в-тени	0.652	3.9	0.0	-2.0	2.0	bbox	541	41.0	41.0	42.0	1667,1059,8,14	207.9			
543	543	0.863	рюкзак-синий	2.0	23.1	снег-в-тени	1.421	15.7	3.0	-14.0	14.3	bbox	542	72.0	72.0	73.0	1855,629,4,36	206.9			
544	544	1.275	палка-древко-контроль	8.6	19.2	снег-в-тени	1.849	60.8	-3.0	-22.0	22.2	bbox	543	39.0	37.0	39.0	31,283,16,12	206.5			
545	545	0.879	рюкзак-синий	5.8	13.7	снег-в-тени	1.363	52.5	6.0	-17.0	18.0	bbox	544	87.0	83.0	87.0	1539,325,13,15	206.4			
546	546	0.929	рюкзак-синий	4.5	20.8	снег-в-тени	1.683	18.0	3.0	-18.0	18.2	bbox	545	121.0	121.0	121.0	1837,910,8,13	205.3			
547	547	0.856	палка-древко-контроль	3.6	20.4	снег-в-тени	1.018	62.0	-5.0	-13.0	13.9	bbox	546	28.0	28.0	28.0	242,26,23,11	202.9			
548	548	1.953	палка-древко-бирюзовое	10.0	42.0	снег-пересвеченный	0.895	94.5	-9.0	-8.0	12.0	bbox	547	95.0	95.0	95.0	69,6,15,8	202.4			
549	549	1.735	стакан-марка-красная	11.0	29.4	порода-в-тени	0.280	20.4	0.0	0.0	0.0	bbox	548	71.0	71.0	77.0	1713,865,6,12	202.1			
550	550	1.026	палка-древко-контроль	2.1	27.8	снег-в-тени	1.366	69.4	-7.5	-13.0	15.0	bbox	549	19.0	18.0	20.0	255,0,14,7	202.0			
551	551	1.027	стакан-марка-красная	7.6	10.8	снег-в-тени	1.127	60.6	8.0	-6.0	10.0	bbox	550	83.0	83.0	89.0	1457,403,16,6	201.3			
552	552	1.465	рюкзак-синий	6.3	34.5	снег-в-тени	1.612	73.3	7.0	-16.0	17.5	bbox	551	131.0	131.0	131.0	615,41,20,4	201.0			
553	553	0.746	рюкзак-синий	5.4	9.0	снег-в-тени	0.667	29.8	-1.0	-9.0	9.1	bbox	552	88.0	88.0	88.0	0,971,18,10	199.9			
554	554	1.568	рюкзак-синий	10.8	22.5	снег-в-тени	2.379	16.3	5.0	-24.0	24.5	bbox	553	132.0	132.0	132.0	1864,660,7,14	199.8			
555	555	0.772	рюкзак-синий	5.4	10.6	снег-в-тени	0.721	28.2	-1.0	-9.0	9.1	bbox	554	45.0	42.0	48.0	1687,500,22,7	199.7			
556	556	1.461	рюкзак-синий	11.7	2.7	снег-в-тени	2.223	36.1	7.0	-24.0	25.0	bbox	555	23.0	23.0	23.0	1275,679,12,15	199.1			
557	557	0.841	стакан-марка-красная	3.2	20.8	снег-розовый	0.829	70.6	8.0	0.0	8.0	bbox	556	90.0	90.0	90.0	1477,569,12,9	199.0			
558	558	1.174	рюкзак-синий	9.2	6.3	снег-в-тени	1.924	32.5	7.0	-21.0	22.1	bbox	557	21.0	21.0	21.0	1742,337,11,11	198.8			
559	559	1.550	рюкзак-синий	12.1	9.8	снег-в-тени	2.351	29.0	6.0	-25.0	25.7	bbox	558	111.0	111.0	111.0	1281,326,15,7	198.8			
560	560	0.364	рюкзак-синий	1.8	8.0	снег-в-тени	1.110	30.8	2.5	-15.0	15.2	bbox	559	95.0	95.0	95.0	485,121,21,8	198.7			
561	561	1.509	рюкзак-синий	6.2	36.3	снег-в-тени	1.611	75.1	7.0	-15.5	17.0	bbox	560	131.0	131.0	131.0	698,29,15,4	198.6			
562	562	1.109	рюкзак-синий	5.0	25.7	снег-в-тени	1.786	13.1	5.0	-17.0	17.7	bbox	561	35.0	35.0	35.0	1537,1057,15,8	197.2			
563	563	1.786	рюкзак-синий	11.0	31.7	порода-в-тени	0.593	7.1	0.0	-3.0	3.0	bbox	562	39.0	39.0	39.0	1906,1074,14,6	196.2			
564	564	1.169	палка-древко-контроль	7.3	20.6	снег-в-тени	0.909	62.2	-6.0	-8.0	10.0	bbox	563	40.0	40.0	40.0	727,243,18,4	195.3			
565	565	1.710	стакан-марка-красная	11.0	28.2	порода-в-тени	0.283	21.6	0.0	0.0	0.0	bbox	564	53.0	53.0	53.0	1777,1073,20,7	195.1			
566	566	0.721	рюкзак-синий	3.2	16.9	снег-в-тени	1.160	55.7	0.0	-17.0	17.0	bbox	565	15.0	15.0	15.0	93,851,8,14	194.4			
567	567	1.567	стакан-марка-красная	11.0	20.8	порода-в-тени	0.416	29.0	0.0	0.0	0.0	bbox	566	85.0	84.0	85.0	1777,731,16,6	193.4			
568	568	0.546	рюкзак-синий	3.2	10.6	снег-в-тени	1.348	28.2	2.0	-17.0	17.1	bbox	567	75.0	75.0	78.0	1460,981,33,12	192.7			
569	569	0.772	рюкзак-синий	4.2	15.7	снег-в-тени	0.669	54.5	4.0	-11.0	11.7	bbox	568	87.0	84.0	87.0	1285,115,12,13	192.4			
570	570	1.993	рюкзак-синий	12.5	34.5	порода-в-тени	0.630	4.3	0.0	-1.5	1.5	bbox	569	71.0	71.0	71.0	1903,977,10,8	192.1			
571	571	1.621	рюкзак-синий	9.4	31.2	снег-в-тени	2.384	7.6	6.0	-22.0	22.8	bbox	570	101.0	101.0	102.0	1595,897,4,16	191.6			
572	572	0.838	рюкзак-синий	6.3	7.8	снег-в-тени	0.614	31.0	-1.0	-8.0	8.1	bbox	571	75.0	75.0	76.0	431,867,26,8	190.5			
573	573	1.803	рюкзак-синий	14.0	12.0	снег-в-тени	2.503	50.8	0.5	-28.0	28.0	bbox	572	48.0	48.0	48.0	19,701,10,7	190.1			
574	574	1.910	рюкзак-синий	12.0	32.9	порода-в-тени	0.589	5.9	0.0	-2.0	2.0	bbox	573	77.0	77.0	77.0	1799,1077,26,3	190.0			
575	575	1.067	рюкзак-синий	5.1	23.9	снег-в-тени	0.548	62.7	0.0	-9.0	9.0	bbox	574	100.0	100.0	100.0	1665,241,8,12	189.3			
576	576	0.451	рюкзак-синий	3.6	0.4	снег-в-тени	1.173	39.2	-1.0	-17.0	17.0	bbox	575	41.0	41.0	41.0	1392,317,28,6	189.1			
577	577	1.247	рюкзак-синий	5.0	30.2	снег-в-тени	0.836	69.0	-2.0	-10.0	10.2	bbox	576	129.0	129.0	129.0	1571,723,14,17	188.4			
578	578	0.202	палка-древко-контроль	0.0	5.7	снег-в-тени	1.329	47.3	-8.0	-15.0	17.0	bbox	577	41.0	41.0	41.0	11,985,14,6	188.3			
579	579	2.018	стакан-марка-красная	12.0	37.7	снег-освещённый	0.238	87.5	-1.0	0.0	1.0	bbox	578	90.0	88.0	90.0	211,819,10,8	187.0			
580	580	1.554	стакан-марка-красная	12.0	11.4	порода-в-тени	0.702	38.4	-1.0	1.0	1.4	bbox	579	130.0	120.0	130.0	1505,579,20,4	186.8			
581	581	2.068	рюкзак-синий	13.0	35.7	порода-в-тени	0.665	3.1	0.0	-1.0	1.0	bbox	580	66.0	66.0	68.0	1805,963,12,12	186.7			
582	582	1.608	рюкзак-синий	12.6	8.3	снег-в-тени	2.335	47.1	5.0	-26.0	26.5	bbox	581	82.0	81.0	82.0	1721,145,8,14	186.7			
583	583	1.418	стакан-марка-красная	10.0	18.4	порода-в-тени	0.557	31.4	1.0	0.0	1.0	bbox	582	116.0	116.0	119.0	898,1074,7,6	184.0			
584	584	1.413	рюкзак-синий	8.5	25.9	снег-в-тени	1.918	64.7	4.0	-22.0	22.4	bbox	583	116.0	116.0	117.0	1497,173,20,4	183.9			
585	585	1.334	рюкзак-синий	6.7	29.0	снег-в-тени	1.595	67.8	7.0	-17.0	18.4	bbox	584	93.0	93.0	93.0	1381,0,16,4	183.4			
586	586	1.486	стакан-марка-красная	9.2	26.3	снег-розовый	0.379	76.1	2.0	-1.0	2.2	bbox	585	3.0	3.0	5.0	1354,67,11,12	183.2			
587	587	1.946	рюкзак-синий	13.0	29.8	порода-в-тени	0.477	9.0	0.0	-1.0	1.0	bbox	586	62.0	62.0	66.0	1813,811,16,10	182.6			
588	588	1.694	рюкзак-синий	3.6	45.7	снег-в-тени	1.732	84.5	-1.0	-17.0	17.0	bbox	587	94.0	94.0	94.0	325,85,12,10	182.5			
589	589	0.781	рюкзак-синий	3.0	19.2	снег-в-тени	1.082	19.6	1.0	-11.0	11.0	bbox	588	97.0	97.0	97.0	1809,15,8,10	182.3			
590	590	1.112	рюкзак-синий	3.6	28.5	снег-в-тени	0.874	67.3	3.0	-11.0	11.4	bbox	589	26.0	26.0	26.0	1609,354,14,15	181.1			
591	591	2.263	стакан-марка-красная	11.0	50.2	снег-освещённый	0.697	100.0	0.0	0.0	0.0	bbox	590	28.0	28.0	28.0	37,23,12,6	181.0			
592	592	2.136	стакан-марка-красная	12.5	40.8	снег-пересвеченный	0.380	90.6	-1.0	-2.5	2.7	bbox	591	19.0	19.0	20.0	1371,296,12,9	180.9			
593	593	0.529	рюкзак-синий	3.2	9.8	снег-в-тени	1.125	48.6	0.0	-17.0	17.0	bbox	592	100.0	100.0	100.0	906,129,4,22	180.9			
594	594	0.928	рюкзак-синий	4.1	21.6	снег-в-тени	1.328	60.4	0.0	-18.0	18.0	bbox	593	87.0	83.0	87.0	173,231,24,14	179.8			
595	595	0.884	рюкзак-синий	6.7	7.8	снег-в-тени	0.782	31.0	4.0	-8.0	8.9	bbox	594	78.0	78.0	78.0	1253,774,12,9	179.7			
596	596	0.457	палка-древко-контроль	1.0	12.3	снег-в-тени	1.257	53.9	-7.0	-15.0	16.6	bbox	595	100.0	100.0	100.0	833,441,8,8	179.7			
597	597	0.834	рюкзак-синий	6.1	9.6	снег-в-тени	0.664	29.2	0.0	-8.0	8.0	bbox	596	64.0	64.0	65.0	1329,593,14,4	178.9			
598	598	1.300	рюкзак-синий	10.2	7.1	снег-в-тени	0.520	45.9	-1.0	-4.0	4.1	bbox	597	74.0	74.0	74.0	1451,329,14,6	177.7			
599	599	0.354	палка-древко-контроль	2.0	7.0	снег-в-тени	1.180	48.6	-8.0	-13.0	15.3	bbox	598	102.0	102.0	102.0	942,169,21,10	177.6			
600	600	1.930	рюкзак-синий	11.2	37.3	снег-в-тени	2.356	76.1	-1.0	-25.0	25.0	bbox	599	80.0	79.0	80.0	234,0,9,13	177.4			
601	601	0.902	рюкзак-синий	4.2	20.4	снег-в-тени	0.608	59.2	-2.0	-11.0	11.2	bbox	600	31.0	29.0	31.0	1459,191,16,7	175.9			
602	602	2.034	рюкзак-синий	13.0	34.1	порода-в-тени	0.614	4.7	0.0	-1.0	1.0	bbox	601	42.0	42.0	42.0	1871,1057,6,8	175.2			
603	603	1.101	палка-древко-контроль	3.0	29.0	снег-в-тени	1.383	70.6	-8.0	-12.0	14.4	bbox	602	34.0	33.0	34.0	459,11,24,10	175.1			
604	604	1.504	рюкзак-синий	6.0	36.5	снег-в-тени	0.990	75.3	1.0	-8.0	8.1	bbox	603	8.0	8.0	8.0	1893,961,12,14	175.0			
605	605	1.641	стакан-марка-красная	11.0	25.1	порода-в-тени	0.386	24.7	0.0	1.0	1.0	bbox	604	43.0	43.0	46.0	1789,801,10,12	174.2			
606	606	1.527	рюкзак-синий	10.2	23.6	снег-в-тени	2.070	62.4	-1.0	-24.0	24.0	bbox	605	58.0	58.0	58.0	601,73,14,8	173.8			
607	607	1.828	палка-древко-контроль	8.5	41.5	снег-в-тени	2.345	83.1	-5.0	-23.0	23.5	bbox	606	21.0	21.0	21.0	759,0,16,5	173.4			
608	608	1.567	рюкзак-синий	12.5	3.2	порода-в-тени	0.783	42.0	-2.5	-2.0	3.2	bbox	607	92.0	92.0	93.0	1450,533,21,6	173.4			
609	609	1.648	рюкзак-синий	4.0	43.9	снег-в-тени	1.615	82.7	5.0	-14.5	15.3	bbox	608	132.0	131.0	132.0	809,13,20,4	173.3			
610	610	1.593	рюкзак-синий	11.2	21.4	снег-в-тени	2.174	60.2	-1.0	-25.0	25.0	bbox	609	58.0	58.0	58.0	871,3,12,9	173.1			
611	611	1.781	рюкзак-синий	2.2	49.2	снег-в-тени	1.724	88.0	3.0	-15.0	15.3	bbox	610	16.0	16.0	16.0	1378,127,22,4	172.9			
612	612	1.400	палка-древко-контроль	10.3	15.5	снег-в-тени	2.062	57.1	-3.0	-24.0	24.2	bbox	611	40.0	40.0	40.0	0,531,9,14	172.9			
613	613	1.168	рюкзак-синий	8.5	13.7	снег-в-тени	1.193	25.1	7.0	-8.0	10.6	bbox	612	77.0	77.0	77.0	1841,937,12,8	171.9			
614	614	1.252	рюкзак-синий	6.1	27.9	снег-в-тени	0.674	66.7	0.0	-8.0	8.0	bbox	613	103.0	103.0	105.0	559,313,10,10	171.8			
615	615	1.095	рюкзак-синий	6.1	22.0	снег-в-тени	1.556	60.8	4.5	-19.0	19.5	bbox	614	82.0	79.0	82.0	156,251,13,10	169.6			
616	616	0.474	стакан-марка-красная	3.6	4.1	снег-розовый	1.191	53.9	8.0	-1.0	8.1	bbox	615	90.0	90.0	90.0	1155,431,8,11	168.8			
617	617	1.538	рюкзак-синий	10.0	25.1	порода-в-тени	0.581	13.7	1.0	-4.0	4.1	bbox	616	42.0	42.0	42.0	1725,1044,16,6	167.4			
618	618	1.582	рюкзак-синий	6.1	38.8	снег-в-тени	1.633	77.6	7.0	-15.0	16.6	bbox	617	132.0	131.0	132.0	873,13,16,4	167.4			
619	619	1.852	рюкзак-синий	4.5	49.4	снег-пересвеченный	0.956	88.2	-1.0	-10.0	10.0	bbox	618	91.0	91.0	91.0	0,0,9,6	166.9			
620	620	1.088	рюкзак-синий	6.0	22.0	снег-в-тени	0.625	60.8	-3.0	-9.5	10.0	bbox	619	17.0	17.0	17.0	1887,134,16,5	166.4			
621	621	0.831	рюкзак-синий	6.1	9.4	снег-в-тени	0.657	29.4	0.0	-8.0	8.0	bbox	620	59.0	59.0	63.0	1287,705,19,8	165.4			
622	622	1.718	стакан-марка-красная	11.0	28.6	порода-в-тени	0.281	21.2	0.0	0.0	0.0	bbox	621	53.0	53.0	53.0	1871,1029,18,10	165.3			
623	623	0.538	рюкзак-синий	4.1	4.3	снег-в-тени	0.536	34.5	0.0	-10.0	10.0	bbox	622	120.0	119.0	121.0	849,245,16,6	165.1			
624	624	1.641	стакан-марка-красная	7.3	38.2	снег-розовый	0.585	88.0	4.0	-1.0	4.1	bbox	623	85.0	85.0	85.0	1847,423,8,14	163.2			
625	625	1.188	рюкзак-синий	9.5	2.0	снег-в-тени	0.516	40.8	-2.0	-5.0	5.4	bbox	624	87.0	87.0	87.0	1599,609,16,7	162.8			
626	626	0.418	рюкзак-синий	2.0	9.4	снег-в-тени	1.203	29.4	1.0	-16.0	16.0	bbox	625	127.0	126.0	127.0	1481,82,12,7	162.0			
627	627	1.586	рюкзак-синий	10.7	23.9	снег-в-тени	2.134	62.7	-1.0	-24.5	24.5	bbox	626	42.0	42.0	42.0	1423,37,18,4	161.0			
628	628	1.412	палка-древко-контроль	6.1	33.3	снег-пересвеченный	1.009	74.9	-7.0	-9.0	11.4	bbox	627	37.0	37.0	37.0	743,229,17,4	160.9			
629	629	1.932	стакан-марка-красная	11.0	37.8	снег-освещённый	0.275	87.6	0.0	0.0	0.0	bbox	628	130.0	130.0	130.0	889,51,12,6	160.4			
630	630	0.644	палка-древко-контроль	2.2	16.2	снег-в-тени	1.134	57.8	-7.0	-13.0	14.8	bbox	629	28.0	26.0	28.0	833,142,16,5	160.2			
631	631	1.583	рюкзак-синий	11.2	20.8	снег-в-тени	2.170	59.6	-1.0	-25.0	25.0	bbox	630	47.0	47.0	47.0	1363,0,12,5	158.7			
632	632	1.961	рюкзак-синий	6.1	50.6	снег-пересвеченный	0.802	89.4	0.0	-8.0	8.0	bbox	631	35.0	32.0	35.0	1741,335,14,6	158.1			
633	633	0.198	рюкзак-синий	1.0	4.3	снег-в-тени	1.003	34.5	1.0	-15.0	15.0	bbox	632	48.0	47.0	48.0	1557,495,17,10	157.6			
634	634	1.732	стакан-марка-красная	11.2	28.6	порода-в-тени	0.252	21.2	0.0	-1.0	1.0	bbox	633	55.0	55.0	55.0	1783,995,14,6	157.3			
635	635	1.031	рюкзак-синий	8.1	6.1	снег-в-тени	0.271	44.9	0.0	-6.0	6.0	bbox	634	43.0	43.0	43.0	1755,593,16,6	157.0			
636	636	1.893	рюкзак-синий	12.0	32.1	порода-в-тени	0.565	6.7	0.0	-2.0	2.0	bbox	635	56.0	56.0	60.0	1841,817,12,6	156.4			
637	637	1.665	рюкзак-синий	11.0	26.1	порода-в-тени	0.622	12.7	2.0	-3.0	3.6	bbox	636	68.0	68.0	68.0	1803,77,8,12	155.5			
638	638	0.407	рюкзак-синий	2.0	9.0	снег-в-тени	1.195	29.8	1.0	-16.0	16.0	bbox	637	127.0	127.0	127.0	1513,159,8,8	155.3			
639	639	1.607	рюкзак-синий	4.0	42.8	снег-пересвеченный	1.123	81.6	1.0	-10.0	10.0	bbox	638	106.0	104.0	107.0	883,0,5,10	155.1			
640	640	0.906	палка-древко-контроль	4.6	19.6	снег-в-тени	0.900	61.2	-5.0	-11.5	12.5	bbox	639	136.0	135.0	136.0	1543,97,6,8	154.8			
641	641	2.051	рюкзак-синий	13.0	34.9	порода-в-тени	0.639	3.9	0.0	-1.0	1.0	bbox	640	39.0	39.0	39.0	1737,1059,14,6	154.7			
642	642	1.496	стакан-марка-красная	11.2	14.9	снег-освещённый	0.601	64.7	0.0	-1.0	1.0	bbox	641	132.0	132.0	132.0	39,911,10,10	154.5			
643	643	1.570	палка-древко-контроль	10.8	22.3	снег-в-тени	2.096	63.9	-2.0	-24.0	24.1	bbox	642	16.0	16.0	16.0	822,9,9,10	153.8			
644	644	1.694	палка-древко-контроль	10.8	28.6	снег-в-тени	2.168	70.2	-2.0	-24.0	24.1	bbox	643	26.0	26.0	26.0	1447,0,6,11	152.4			
645	645	1.627	палка-древко-контроль	8.9	33.1	снег-пересвеченный	0.756	74.7	-4.0	-7.0	8.1	bbox	644	112.0	110.0	112.0	1367,129,16,6	152.1			
646	646	1.631	стакан-марка-красная	11.0	24.3	порода-в-тени	0.333	25.5	0.0	0.0	0.0	bbox	645	45.0	45.0	45.0	1805,763,8,16	151.8			
647	647	1.080	рюкзак-синий	8.6	2.9	снег-в-тени	1.840	35.9	6.0	-21.0	21.8	bbox	646	51.0	50.0	53.0	1591,239,10,10	151.8			
648	648	2.117	рюкзак-синий	6.1	55.3	снег-пересвеченный	0.810	94.1	0.0	-8.0	8.0	bbox	647	33.0	32.0	33.0	1445,71,10,8	150.4			
649	649	1.221	рюкзак-синий	9.0	13.3	порода-в-тени	0.651	25.5	1.0	-5.0	5.1	bbox	648	99.0	99.0	99.0	193,745,6,11	149.4			
650	650	1.897	стакан-марка-красная	14.0	20.2	снег-освещённый	0.460	70.0	-3.0	0.0	3.0	bbox	649	92.0	92.0	92.0	391,0,10,7	148.9			
651	651	1.384	рюкзак-синий	9.2	21.6	снег-в-тени	0.631	60.4	-2.5	-5.5	6.0	bbox	650	10.0	10.0	11.0	1719,5,11,6	148.7			
652	652	1.735	стакан-марка-красная	10.2	32.9	порода-в-тени	0.396	16.9	1.0	-1.0	1.4	bbox	651	86.0	86.0	86.0	1561,865,8,6	147.0			
653	653	1.436	рюкзак-синий	6.1	34.1	порода-в-тени	1.153	4.7	2.0	-8.0	8.2	bbox	652	67.0	67.0	67.0	1913,863,4,18	146.9			
654	654	1.567	рюкзак-синий	11.2	19.8	снег-в-тени	0.746	58.6	-1.0	-3.0	3.2	bbox	653	72.0	70.0	72.0	1333,317,16,4	145.6			
655	655	1.942	рюкзак-синий	12.4	32.9	порода-в-тени	0.533	5.9	-2.0	-2.0	2.8	bbox	654	98.0	98.0	98.0	1801,17,8,7	145.5			
656	656	2.340	палка-древко-контроль	18.0	17.6	снег-в-тени	3.038	59.2	-2.0	-32.0	32.1	bbox	655	70.0	69.0	70.0	113,0,8,9	145.3			
657	657	1.655	рюкзак-синий	1.8	45.9	снег-в-тени	1.613	84.7	2.5	-15.0	15.2	bbox	656	81.0	81.0	81.0	941,157,14,10	145.2			
658	658	0.991	палка-древко-контроль	5.4	20.4	снег-в-тени	0.938	62.0	-6.0	-10.0	11.7	bbox	657	20.0	20.0	20.0	641,85,22,4	144.7			
659	659	1.891	рюкзак-синий	12.8	28.2	снег-в-тени	2.652	10.6	9.0	-24.0	25.6	bbox	658	101.0	98.0	101.0	1559,89,4,16	143.2			
660	660	1.533	рюкзак-синий	10.1	24.3	порода-в-тени	0.469	14.5	-0.5	-4.0	4.0	bbox	659	102.0	102.0	102.0	1689,939,10,8	143.1			
661	661	1.559	рюкзак-синий	11.0	20.6	порода-в-тени	0.457	18.2	1.0	-3.0	3.2	bbox	660	115.0	115.0	117.0	407,984,12,5	142.9			
662	662	0.362	рюкзак-синий	2.2	6.4	снег-в-тени	1.169	32.4	2.0	-16.0	16.1	bbox	661	103.0	103.0	103.0	1597,189,8,6	142.8			
663	663	1.686	палка-древко-контроль	12.2	20.4	снег-освещённый	0.992	62.0	-6.0	-3.0	6.7	bbox	662	49.0	49.0	49.0	493,277,16,2	142.4			
664	664	1.771	стакан-марка-красная	12.6	22.4	снег-освещённый	0.486	72.2	-1.0	-3.0	3.2	bbox	663	10.0	10.0	10.0	1847,0,17,3	142.2			
665	665	1.646	рюкзак-синий	11.2	24.3	снег-в-тени	2.198	63.1	-1.0	-25.0	25.0	bbox	664	56.0	56.0	57.0	831,5,9,10	142.2			
666	666	0.622	рюкзак-синий	4.7	5.5	снег-в-тени	0.590	44.3	-3.0	-11.5	11.9	bbox	665	44.0	44.0	44.0	817,299,16,4	142.0			
667	667	1.904	стакан-марка-красная	11.0	36.9	порода-в-тени	0.443	12.9	0.0	1.0	1.0	bbox	666	56.0	56.0	56.0	1851,442,14,7	141.5			
668	668	1.942	стакан-марка-красная	12.6	31.6	снег-освещённый	0.376	81.4	-1.0	-3.0	3.2	bbox	667	127.0	126.0	127.0	387,697,4,12	141.4			
669	669	1.167	рюкзак-синий	8.2	15.3	снег-в-тени	0.359	54.1	-1.0	-6.0	6.1	bbox	668	23.0	23.0	23.0	1583,518,15,5	141.0			
670	670	1.157	рюкзак-синий	8.1	15.9	снег-в-тени	0.351	54.7	0.0	-6.0	6.0	bbox	669	46.0	46.0	46.0	1907,567,13,8	140.0			
671	671	1.881	палка-древко-бирюзовое	9.2	41.6	снег-пересвеченный	0.984	94.1	-9.0	-9.0	12.7	bbox	670	51.0	51.0	51.0	16,28,11,6	139.8			
672	672	1.702	рюкзак-синий	13.6	2.3	снег-в-тени	2.438	36.5	9.0	-25.0	26.6	bbox	671	27.0	27.0	27.0	1476,679,5,14	139.6			
673	673	1.014	рюкзак-синий	7.6	9.8	снег-в-тени	0.727	29.0	-2.0	-7.0	7.3	bbox	672	61.0	55.0	63.0	1107,610,11,9	139.4			
674	674	1.668	стакан-марка-красная	11.2	25.5	порода-в-тени	0.286	24.3	0.0	-1.0	1.0	bbox	673	85.0	85.0	85.0	1161,961,14,8	139.4			
675	675	1.105	рюкзак-синий	3.6	28.3	снег-в-тени	0.793	67.1	-1.0	-11.0	11.0	bbox	674	111.0	111.0	111.0	25,389,12,4	139.4			
676	676	1.679	стакан-марка-красная	10.2	30.6	снег-освещённый	0.280	80.4	1.0	-1.0	1.4	bbox	675	128.0	126.0	128.0	1357,101,10,6	139.3			
677	677	1.693	стакан-марка-красная	11.0	27.4	порода-в-тени	0.288	22.4	0.0	0.0	0.0	bbox	676	82.0	79.0	82.0	1089,965,8,12	138.6			
678	678	1.934	стакан-марка-красная	9.1	43.9	снег-освещённый	0.595	93.7	2.0	0.0	2.0	bbox	677	128.0	128.0	128.0	1116,25,5,8	138.2			
679	679	0.915	рюкзак-синий	7.2	4.3	снег-в-тени	0.410	43.1	-3.0	-8.0	8.5	bbox	678	49.0	49.0	49.0	714,302,14,5	137.8			
680	680	0.700	палка-древко-бирюзовое	5.1	8.1	снег-в-тени	1.743	60.6	-10.0	-17.0	19.7	bbox	679	102.0	102.0	102.0	1336,47,9,6	137.5			
681	681	2.293	рюкзак-синий	18.1	10.2	снег-в-тени	3.003	49.0	-1.0	-32.0	32.0	bbox	680	103.0	103.0	103.0	101,0,4,9	137.3			
682	682	1.853	рюкзак-синий	13.0	24.7	порода-в-тени	0.336	14.1	0.0	-1.0	1.0	bbox	681	91.0	91.0	91.0	1891,735,8,8	136.9			
683	683	0.776	рюкзак-синий	3.9	16.9	снег-в-тени	0.577	55.7	-2.0	-11.5	11.7	bbox	682	24.0	24.0	24.0	1153,284,16,3	136.8			
684	684	2.341	стакан-марка-красная	12.0	50.2	снег-пересвеченный	0.628	100.0	-1.0	0.0	1.0	bbox	683	118.0	115.0	119.0	454,457,7,11	136.5			
685	685	1.846	рюкзак-синий	11.2	33.7	снег-в-тени	2.305	72.5	-1.0	-25.0	25.0	bbox	684	20.0	20.0	20.0	757,0,12,11	136.4			
686	686	2.214	рюкзак-синий	16.1	25.7	снег-в-тени	3.008	13.1	9.0	-28.0	29.4	bbox	685	101.0	101.0	101.0	1582,627,3,14	136.0			
687	687	1.321	рюкзак-синий	8.5	21.8	снег-в-тени	1.876	60.6	4.0	-22.0	22.4	bbox	686	82.0	80.0	82.0	621,233,13,8	135.0			
688	688	1.555	рюкзак-синий	11.0	20.0	снег-в-тени	2.161	58.8	0.0	-25.0	25.0	bbox	687	58.0	58.0	62.0	1057,7,8,6	133.7			
689	689	0.815	рюкзак-синий	6.1	8.2	снег-в-тени	0.615	30.6	0.0	-8.0	8.0	bbox	688	76.0	76.0	77.0	461,916,16,5	133.4			
690	690	1.916	рюкзак-синий	5.4	50.2	снег-пересвеченный	0.840	89.0	-1.0	-9.0	9.1	bbox	689	122.0	122.0	122.0	197,605,7,7	132.6			
691	691	0.702	рюкзак-синий	5.6	2.0	снег-в-тени	0.258	40.8	0.0	-8.5	8.5	bbox	690	53.0	50.0	53.0	901,443,12,12	132.5			
692	692	1.564	палка-древко-бирюзовое	10.0	26.3	снег-в-тени	2.548	78.8	-9.0	-24.0	25.6	bbox	691	102.0	102.0	102.0	18,263,11,7	132.4			
693	693	1.755	палка-древко-контроль	10.8	31.3	снег-в-тени	2.207	72.9	-2.0	-24.0	24.1	bbox	692	24.0	24.0	24.0	1001,31,16,10	131.9			
694	694	1.582	стакан-марка-красная	12.0	14.1	порода-в-тени	0.613	35.7	-1.0	1.0	1.4	bbox	693	98.0	98.0	98.0	0,292,8,13	131.9			
695	695	0.839	палка-древко-контроль	4.5	17.4	снег-в-тени	1.796	59.0	-8.0	-19.5	21.1	bbox	694	102.0	102.0	102.0	1227,69,18,4	130.7			
696	696	1.435	стакан-марка-красная	10.2	18.4	порода-в-тени	0.542	31.4	1.0	-1.0	1.4	bbox	695	45.0	44.0	45.0	1753,1033,12,4	130.5			
697	697	1.596	рюкзак-синий	9.9	28.2	снег-в-тени	2.325	10.6	8.0	-21.0	22.5	bbox	696	101.0	101.0	101.0	1567,250,5,12	130.0			
698	698	1.776	рюкзак-синий	12.0	26.6	порода-в-тени	0.493	12.2	1.0	-2.0	2.2	bbox	697	77.0	77.0	77.0	1865,795,8,12	129.3			
699	699	1.033	рюкзак-синий	4.0	25.3	снег-в-тени	0.646	64.1	1.0	-10.0	10.0	bbox	698	26.0	24.0	26.0	1727,367,12,4	128.9			
700	700	0.836	палка-древко-контроль	6.0	10.2	снег-в-тени	0.606	51.8	-4.0	-10.5	11.2	bbox	699	113.0	112.0	113.0	338,443,13,10	128.7			
701	701	1.251	рюкзак-синий	10.0	1.2	снег-в-тени	1.976	40.0	7.0	-22.0	23.1	bbox	700	42.0	42.0	42.0	1478,479,11,18	128.0			
702	702	2.340	стакан-марка-красная	12.2	49.8	снег-пересвеченный	0.554	99.6	-1.0	-1.0	1.4	bbox	701	59.0	54.0	60.0	168,554,7,9	126.9			
703	703	1.360	рюкзак-синий	2.2	37.3	снег-в-тени	1.421	76.1	0.0	-16.0	16.0	bbox	702	65.0	63.0	65.0	159,332,16,3	126.8			
704	704	1.765	рюкзак-синий	11.7	27.8	порода-в-тени	0.405	11.0	-1.0	-2.5	2.7	bbox	703	134.0	134.0	134.0	1768,953,7,14	126.4			
705	705	1.832	стакан-марка-красная	10.2	36.9	порода-в-тени	0.460	12.9	1.0	-1.0	1.4	bbox	704	44.0	44.0	46.0	1825,729,8,12	125.7			
706	706	1.444	стакан-марка-красная	11.2	10.2	порода-в-тени	0.730	39.6	0.0	-1.0	1.0	bbox	705	83.0	82.0	83.0	1847,779,10,6	125.7			
707	707	1.876	рюкзак-синий	12.0	31.3	порода-в-тени	0.540	7.5	0.0	-2.0	2.0	bbox	706	45.0	44.0	45.0	1673,1041,8,8	125.4			
708	708	1.579	палка-древко-контроль	12.4	9.0	снег-в-тени	0.889	50.6	-5.0	-3.0	5.8	bbox	707	86.0	86.0	86.0	1459,612,14,5	125.4			
709	709	1.352	рюкзак-синий	0.0	37.9	снег-в-тени	1.281	76.7	1.0	-14.0	14.0	bbox	708	80.0	80.0	81.0	165,325,12,14	125.2			
710	710	1.039	рюкзак-синий	7.2	14.5	снег-в-тени	1.741	24.3	7.0	-18.0	19.3	bbox	709	61.0	61.0	62.0	1441,364,9,11	125.0			
711	711	1.048	рюкзак-синий	5.0	23.6	снег-в-тени	0.629	62.4	-2.0	-10.0	10.2	bbox	710	118.0	118.0	118.0	1639,257,16,4	125.0			
712	712	1.968	рюкзак-синий	5.4	51.8	снег-пересвеченный	0.839	90.6	-1.0	-9.0	9.1	bbox	711	100.0	100.0	100.0	1203,595,6,6	124.7			
713	713	0.738	рюкзак-синий	5.7	5.9	снег-в-тени	0.464	44.7	-3.0	-10.0	10.4	bbox	712	118.0	118.0	118.0	1012,501,17,8	123.8			
714	714	1.361	рюкзак-синий	9.8	16.3	снег-в-тени	2.172	22.5	5.0	-23.0	23.5	bbox	713	31.0	31.0	33.0	1899,832,4,15	123.3			
715	715	1.728	рюкзак-синий	3.6	46.7	снег-в-тени	1.812	85.5	2.0	-17.5	17.6	bbox	714	84.0	83.0	84.0	111,353,14,4	122.6			
716	716	0.944	рюкзак-синий	6.0	16.1	снег-в-тени	0.904	22.7	1.0	-8.0	8.1	bbox	715	117.0	117.0	117.0	599,995,8,9	122.4			
717	717	1.071	рюкзак-синий	8.1	10.2	снег-в-тени	0.791	28.6	-3.0	-7.0	7.6	bbox	716	77.0	74.0	80.0	460,869,9,10	122.3			
718	718	2.277	палка-древко-контроль	18.0	9.2	снег-в-тени	3.012	50.8	-2.0	-32.0	32.1	bbox	717	104.0	104.0	104.0	0,0,7,8	122.3			
719	719	1.698	рюкзак-синий	10.2	31.4	снег-в-тени	2.158	70.2	-1.0	-24.0	24.0	bbox	718	54.0	54.0	54.0	465,7,8,6	121.8			
720	720	1.069	рюкзак-синий	4.5	25.5	снег-в-тени	1.388	64.3	-1.0	-18.0	18.0	bbox	719	95.0	95.0	95.0	1509,487,10,8	121.5			
721	721	1.888	стакан-марка-красная	11.0	36.1	порода-в-тени	0.367	13.7	0.0	0.0	0.0	bbox	720	3.0	3.0	3.0	1909,982,7,8	121.1			
722	722	0.801	рюкзак-синий	5.4	12.1	снег-в-тени	0.775	26.7	-1.0	-9.0	9.1	bbox	721	78.0	78.0	80.0	497,773,6,8	120.4			
723	723	1.774	рюкзак-синий	13.0	19.6	порода-в-тени	0.254	19.2	0.0	-1.0	1.0	bbox	722	128.0	128.0	128.0	1681,1003,16,6	120.3			
724	724	1.584	рюкзак-синий	10.8	23.4	снег-в-тени	2.157	62.2	5.0	-24.0	24.5	bbox	723	88.0	88.0	88.0	847,0,16,3	119.9			
725	725	2.034	рюкзак-синий	13.0	34.1	порода-в-тени	0.614	4.7	0.0	-1.0	1.0	bbox	724	71.0	71.0	71.0	1771,1039,8,6	119.6			
726	726	1.412	рюкзак-синий	6.1	33.3	порода-в-тени	1.140	5.5	2.0	-8.0	8.2	bbox	725	29.0	29.0	30.0	1730,923,6,15	119.1			
727	727	1.822	стакан-марка-красная	10.2	36.5	порода-в-тени	0.452	13.3	1.0	-1.0	1.4	bbox	726	59.0	59.0	64.0	1831,923,10,8	118.7			
728	728	1.634	рюкзак-синий	4.0	43.6	снег-пересвеченный	1.115	82.4	1.0	-10.0	10.0	bbox	727	66.0	66.0	66.0	22,599,11,8	118.7			
729	729	1.707	рюкзак-синий	5.1	44.3	снег-пересвеченный	0.940	83.1	0.0	-9.0	9.0	bbox	728	66.0	66.0	66.0	171,619,7,9	118.6			
730	730	1.886	палка-древко-контроль	11.7	33.3	снег-в-тени	2.500	74.9	-4.0	-26.0	26.3	bbox	729	80.0	79.0	80.0	56,0,7,7	118.3			
731	731	2.161	рюкзак-синий	7.0	55.3	снег-пересвеченный	0.810	94.1	1.0	-7.0	7.1	bbox	730	61.0	61.0	61.0	293,549,7,10	118.2			
732	732	1.412	рюкзак-синий	8.9	24.1	снег-в-тени	1.935	62.9	5.0	-22.0	22.6	bbox	731	53.0	50.0	53.0	287,373,10,4	116.9			
733	733	1.656	рюкзак-синий	5.4	42.4	снег-пересвеченный	0.904	81.2	-1.0	-9.0	9.1	bbox	732	98.0	98.0	98.0	959,143,14,10	116.7			
734	734	1.288	рюкзак-синий	10.3	1.7	снег-в-тени	2.056	37.1	6.0	-23.0	23.8	bbox	733	61.0	61.0	63.0	1877,691,6,6	116.6			
735	735	0.867	рюкзак-синий	6.8	4.7	снег-в-тени	0.410	43.5	-3.0	-8.5	9.0	bbox	734	8.0	8.0	11.0	1223,41,10,6	116.5			
736	736	1.848	палка-древко-бирюзовое	9.2	40.4	снег-пересвеченный	1.011	92.9	-8.0	-10.0	12.8	bbox	735	49.0	49.0	49.0	185,47,10,6	115.5			
737	737	1.447	рюкзак-синий	10.0	20.4	снег-в-тени	2.045	59.2	1.0	-24.0	24.0	bbox	736	43.0	43.0	43.0	1176,143,11,6	115.4			
738	738	1.910	рюкзак-синий	12.0	32.9	порода-в-тени	0.589	5.9	0.0	-2.0	2.0	bbox	737	99.0	99.0	99.0	1897,489,8,8	115.4			
739	739	1.769	стакан-марка-красная	12.0	26.3	порода-в-тени	0.301	23.5	-1.0	1.0	1.4	bbox	738	45.0	45.0	46.0	1857,753,4,12	115.1			
740	740	1.558	стакан-марка-красная	10.2	25.1	снег-освещённый	0.350	74.9	1.0	-1.0	1.4	bbox	739	100.0	100.0	100.0	1025,89,2,16	115.0			
741	741	1.140	стакан-марка-красная	8.9	6.3	снег-в-тени	0.932	56.1	7.0	-7.0	9.9	bbox	740	83.0	83.0	83.0	1401,441,7,6	114.7			
742	742	0.832	рюкзак-синий	5.4	13.7	снег-в-тени	1.640	25.1	3.0	-19.0	19.2	bbox	741	30.0	30.0	30.0	1911,515,6,10	114.4			
743	743	1.720	палка-древко-контроль	10.8	29.8	снег-в-тени	2.184	71.4	-2.0	-24.0	24.1	bbox	742	29.0	29.0	29.0	1367,5,10,6	114.0			
744	744	1.094	рюкзак-синий	8.5	6.6	снег-в-тени	1.904	32.2	4.0	-22.0	22.4	bbox	743	72.0	72.0	72.0	1066,1075,19,5	114.0			
745	745	2.001	рюкзак-синий	13.0	32.5	порода-в-тени	0.563	6.3	0.0	-1.0	1.0	bbox	744	16.0	16.0	16.0	1905,1049,15,2	112.9			
746	746	0.834	рюкзак-синий	6.3	7.4	снег-в-тени	0.600	31.4	-1.0	-8.0	8.1	bbox	745	55.0	55.0	55.0	1484,475,11,3	112.8			
747	747	1.026	рюкзак-синий	7.2	13.7	снег-в-тени	0.412	52.5	-3.0	-8.0	8.5	bbox	746	42.0	42.0	42.0	1195,337,12,4	112.4			
748	748	1.786	рюкзак-синий	13.9	11.7	снег-в-тени	2.571	27.1	8.0	-26.0	27.2	bbox	747	115.0	115.0	115.0	1353,331,8,4	112.3			
749	749	1.461	рюкзак-синий	11.0	13.4	снег-в-тени	0.644	52.2	0.0	-3.0	3.0	bbox	748	48.0	44.0	49.0	1705,535,10,4	112.1			
750	750	1.399	рюкзак-синий	10.4	14.1	снег-в-тени	2.024	52.9	-2.0	-24.0	24.1	bbox	749	43.0	43.0	43.0	1909,0,6,5	111.9			
751	751	1.603	рюкзак-синий	12.8	2.3	снег-в-тени	2.330	36.5	9.0	-24.0	25.6	bbox	750	26.0	26.0	26.0	1353,715,6,6	111.6			
752	752	1.893	рюкзак-синий	12.0	32.1	порода-в-тени	0.565	6.7	0.0	-2.0	2.0	bbox	751	47.0	47.0	47.0	1905,1017,15,2	111.6			
753	753	1.439	рюкзак-синий	10.0	19.6	снег-в-тени	2.036	58.4	0.0	-24.0	24.0	bbox	752	58.0	58.0	60.0	1123,0,6,7	111.4			
754	754	0.736	рюкзак-синий	2.8	18.1	снег-в-тени	0.609	56.9	-1.0	-12.0	12.0	bbox	753	118.0	118.0	118.0	1709,271,16,4	111.3			
755	755	0.976	рюкзак-синий	5.0	21.0	снег-в-тени	0.682	59.8	-3.0	-11.0	11.4	bbox	754	29.0	29.0	29.0	1137,163,16,4	110.4			
756	756	1.598	стакан-марка-красная	9.2	31.0	снег-освещённый	1.061	80.8	5.0	-6.0	7.8	bbox	755	93.0	93.0	93.0	807,349,12,6	110.2			
757	757	1.053	рюкзак-синий	6.1	20.4	снег-в-тени	0.408	59.2	0.0	-8.0	8.0	bbox	756	120.0	120.0	120.0	1683,59,4,10	109.8			
758	758	1.342	рюкзак-синий	10.2	11.8	снег-в-тени	2.006	50.6	-1.0	-24.0	24.0	bbox	757	59.0	59.0	59.0	1566,0,9,5	108.9			
759	759	1.682	рюкзак-синий	13.4	3.7	снег-в-тени	2.456	35.1	7.0	-26.0	26.9	bbox	758	110.0	110.0	112.0	1284,130,18,5	108.9			
760	760	0.752	палка-древко-контроль	5.4	9.4	снег-в-тени	0.799	51.0	-6.0	-10.0	11.7	bbox	759	102.0	102.0	102.0	691,241,12,8	108.5			
761	761	1.350	рюкзак-синий	5.4	32.8	снег-в-тени	0.867	71.6	-1.0	-9.0	9.1	bbox	760	118.0	118.0	118.0	1007,358,6,11	108.3			
762	762	0.549	рюкзак-синий	4.1	5.3	снег-в-тени	0.568	33.5	0.0	-10.0	10.0	bbox	761	5.0	5.0	8.0	1589,166,10,5	107.9			
763	763	1.880	рюкзак-синий	5.0	49.6	снег-пересвеченный	1.507	88.4	5.0	-11.0	12.1	bbox	762	131.0	131.0	131.0	747,85,14,4	107.8			
764	764	1.542	рюкзак-синий	11.1	18.8	снег-в-тени	0.720	57.6	-0.5	-3.0	3.0	bbox	763	89.0	89.0	89.0	1097,265,10,6	107.5			
765	765	2.060	рюкзак-синий	13.0	35.3	порода-в-тени	0.652	3.5	0.0	-1.0	1.0	bbox	764	47.0	47.0	47.0	1895,945,12,10	107.4			
766	766	0.845	рюкзак-синий	2.2	22.3	снег-в-тени	1.335	16.5	3.0	-13.0	13.3	bbox	765	73.0	73.0	73.0	1804,513,3,14	107.4			
767	767	1.136	палка-древко-контроль	8.4	12.3	снег-в-тени	0.732	53.9	-5.5	-7.0	8.9	bbox	766	13.0	13.0	13.0	136,85,7,10	107.1			
768	768	1.463	рюкзак-синий	5.1	36.9	снег-в-тени	1.004	75.7	0.0	-9.0	9.0	bbox	767	97.0	97.0	97.0	859,301,8,10	106.7			
769	769	1.452	рюкзак-синий	5.7	35.5	снег-в-тени	1.049	74.3	-3.0	-10.0	10.4	bbox	768	105.0	105.0	105.0	859,111,4,12	106.3			
770	770	1.544	рюкзак-синий	9.4	28.1	снег-в-тени	2.035	66.9	5.0	-22.5	23.0	bbox	769	50.0	50.0	52.0	591,197,13,6	105.9			
771	771	1.577	рюкзак-синий	6.0	38.8	снег-пересвеченный	0.998	77.6	1.0	-8.0	8.1	bbox	770	6.0	6.0	6.0	1858,430,12,7	105.7			
772	772	1.474	стакан-марка-красная	11.2	13.1	снег-освещённый	0.662	62.9	0.0	-1.0	1.0	bbox	771	135.0	135.0	135.0	1086,333,11,6	105.4			
773	773	1.127	рюкзак-синий	9.0	0.4	снег-в-тени	1.465	38.4	10.0	-13.5	16.8	bbox	772	107.0	107.0	107.0	95,886,4,13	105.3			
774	774	0.841	рюкзак-синий	6.3	8.1	снег-в-тени	0.129	46.9	-1.0	-8.0	8.1	bbox	773	46.0	46.0	46.0	1759,343,12,6	105.2			
775	775	0.752	рюкзак-синий	3.6	16.8	снег-в-тени	1.503	22.0	3.0	-17.0	17.3	bbox	774	95.0	95.0	95.0	1699,334,4,11	104.6			
776	776	1.483	рюкзак-синий	10.2	21.2	снег-в-тени	2.051	60.0	-1.0	-24.0	24.0	bbox	775	49.0	49.0	49.0	1263,67,4,8	104.4			
777	777	0.795	рюкзак-синий	4.3	16.5	снег-в-тени	0.727	55.3	-3.0	-12.5	12.9	bbox	776	112.0	112.0	112.0	1441,125,16,2	104.4			
778	778	1.620	палка-древко-контроль	7.1	38.0	снег-в-тени	1.919	79.6	-3.0	-20.0	20.2	bbox	777	60.0	60.0	60.0	125,139,4,8	104.1			
779	779	0.600	рюкзак-синий	4.1	8.6	снег-в-тени	0.677	30.2	0.0	-10.0	10.0	bbox	778	49.0	49.0	49.0	1803,472,14,3	103.2			
780	780	1.392	рюкзак-синий	3.6	36.9	снег-в-тени	1.433	75.7	-2.0	-16.0	16.1	bbox	779	66.0	66.0	66.0	89,263,14,2	103.1			
781	781	1.816	рюкзак-синий	3.2	49.6	снег-пересвеченный	1.523	88.4	-2.0	-15.0	15.1	bbox	780	134.0	134.0	134.0	1905,9,6,8	101.9			
782	782	0.325	палка-древко-контроль	1.0	8.4	снег-в-тени	1.416	50.0	-8.0	-16.0	17.9	bbox	781	102.0	102.0	102.0	976,157,19,8	101.6			
783	783	1.384	стакан-марка-красная	5.8	32.9	снег-розовый	0.731	82.7	6.0	-2.0	6.3	bbox	782	87.0	87.0	87.0	1368,591,9,6	101.5			
784	784	0.452	рюкзак-синий	3.6	0.8	снег-в-тени	0.492	39.6	-1.0	-11.0	11.0	bbox	783	45.0	44.0	45.0	1387,609,12,4	101.2			
785	785	0.405	палка-древко-контроль	2.5	7.2	снег-в-тени	1.018	48.8	-6.0	-13.5	14.8	bbox	784	14.0	14.0	14.0	713,19,16,2	100.8			
786	786	1.270	стакан-марка-красная	7.8	22.7	порода-охристая	1.459	72.5	16.0	7.0	17.5	bbox	785	116.0	116.0	116.0	0,929,11,6	100.8			
787	787	1.313	рюкзак-синий	8.2	23.0	снег-в-тени	1.804	61.8	6.0	-20.5	21.4	bbox	786	53.0	53.0	55.0	1213,171,8,4	100.5			
788	788	1.878	стакан-марка-красная	10.2	38.6	порода-в-тени	0.706	11.2	1.0	3.0	3.2	bbox	787	98.0	98.0	98.0	0,1021,9,4	100.5			
789	789	1.267	рюкзак-синий	10.0	4.5	снег-в-тени	2.006	43.3	0.0	-24.0	24.0	bbox	788	62.0	62.0	62.0	0,713,9,8	100.2			
790	790	1.779	рюкзак-синий	5.4	46.1	снег-пересвеченный	0.863	84.9	-1.0	-9.0	9.1	bbox	789	98.0	98.0	98.0	1037,41,4,8	100.2			
791	791	1.535	стакан-марка-красная	10.0	24.7	порода-в-тени	0.429	25.1	1.0	0.0	1.0	bbox	790	127.0	120.0	127.0	717,847,4,6	100.2			
792	792	0.825	рюкзак-синий	6.3	6.6	снег-в-тени	1.644	32.2	3.0	-20.0	20.2	bbox	791	72.0	68.0	72.0	1221,1029,18,6	99.8			
793	793	1.480	рюкзак-синий	10.3	20.4	снег-в-тени	2.050	59.2	-1.5	-24.0	24.0	bbox	792	47.0	47.0	47.0	1257,0,10,5	99.7			
794	794	1.199	палка-древко-контроль	5.0	28.6	снег-в-тени	1.941	70.2	-7.5	-20.0	21.4	bbox	793	104.0	104.0	104.0	0,231,5,8	99.1			
795	795	1.549	рюкзак-синий	12.2	8.2	снег-в-тени	2.362	30.6	3.0	-26.0	26.2	bbox	794	32.0	32.0	32.0	710,1076,10,4	98.2			
796	796	1.693	стакан-марка-красная	11.0	27.4	порода-в-тени	0.288	22.4	0.0	0.0	0.0	bbox	795	53.0	53.0	60.0	1875,625,10,6	98.2			
797	797	0.816	рюкзак-синий	5.4	12.9	снег-в-тени	0.802	25.9	-1.0	-9.0	9.1	bbox	796	59.0	59.0	61.0	1514,516,12,3	97.7			
798	798	1.254	рюкзак-синий	8.5	18.4	снег-в-тени	2.067	20.4	4.0	-22.0	22.4	bbox	797	69.0	69.0	70.0	1741,767,4,10	97.7			
799	799	1.078	рюкзак-синий	8.5	5.5	снег-в-тени	1.812	33.3	7.0	-20.0	21.2	bbox	798	10.0	10.0	10.0	1847,642,10,15	96.9			
800	800	1.836	рюкзак-синий	11.2	33.4	снег-в-тени	2.300	72.2	-1.0	-25.0	25.0	bbox	799	24.0	24.0	24.0	1193,59,10,4	95.7			
801	801	1.935	рюкзак-синий	13.0	29.2	порода-в-тени	0.459	9.6	0.0	-1.0	1.0	bbox	800	82.0	82.0	86.0	1351,653,4,18	95.6			
802	802	1.955	рюкзак-синий	12.0	35.1	снег-в-тени	2.439	73.9	1.0	-26.0	26.0	bbox	801	50.0	47.0	50.0	107,181,6,4	95.2			
803	803	2.437	палка-древко-контроль	18.4	22.7	снег-в-тени	3.060	64.3	-1.0	-32.0	32.0	bbox	802	85.0	85.0	85.0	1152,145,6,4	95.1			
804	804	1.786	рюкзак-синий	6.7	44.1	снег-пересвеченный	0.727	82.9	-2.0	-8.0	8.2	bbox	803	16.0	16.0	16.0	1129,9,8,4	95.0			
805	805	0.751	рюкзак-синий	5.8	5.1	снег-в-тени	0.575	33.7	-2.0	-9.0	9.2	bbox	804	65.0	65.0	65.0	104,786,15,5	94.8			
806	806	1.512	рюкзак-синий	10.2	22.8	снег-в-тени	2.063	61.6	-1.0	-24.0	24.0	bbox	805	58.0	57.0	61.0	647,71,12,6	94.6			
807	807	1.942	стакан-марка-красная	11.1	38.0	порода-в-тени	0.402	11.8	0.0	-0.5	0.5	bbox	806	129.0	129.0	129.0	1633,712,8,7	93.5			
808	808	1.790	рюкзак-синий	13.0	21.0	снег-освещённый	0.875	59.8	-4.0	-2.0	4.5	bbox	807	79.0	78.0	80.0	1183,235,11,2	92.9			
809	809	1.768	рюкзак-синий	5.0	46.3	снег-пересвеченный	0.996	85.1	1.0	-9.0	9.1	bbox	808	100.0	100.0	100.0	1153,705,8,10	92.9			
810	810	1.701	рюкзак-синий	13.6	1.2	снег-в-тени	2.482	37.6	5.0	-27.0	27.5	bbox	809	110.0	109.0	110.0	1169,309,12,4	92.3			
811	811	1.016	рюкзак-синий	7.8	7.9	снег-в-тени	1.630	46.7	7.0	-19.0	20.2	bbox	810	58.0	58.0	59.0	1337,183,10,9	92.0			
812	812	1.621	стакан-марка-красная	10.2	28.0	снег-освещённый	0.299	77.8	1.0	-1.0	1.4	bbox	811	128.0	128.0	128.0	1037,293,7,6	92.0			
813	813	0.846	рюкзак-синий	6.7	3.2	снег-в-тени	0.326	42.0	-2.0	-8.0	8.2	bbox	812	45.0	45.0	45.0	1268,546,9,3	91.6			
814	814	1.703	рюкзак-синий	13.6	2.7	снег-в-тени	2.441	36.1	9.0	-25.0	26.6	bbox	813	24.0	24.0	24.0	1089,727,14,4	91.3			
815	815	0.554	рюкзак-синий	3.6	9.0	снег-в-тени	0.559	47.8	-2.0	-12.0	12.2	bbox	814	116.0	116.0	116.0	457,525,14,4	91.3			
816	816	2.699	рюкзак-синий	21.0	17.3	снег-в-тени	3.388	56.1	0.0	-35.0	35.0	bbox	815	75.0	75.0	75.0	50,0,9,5	91.1			
817	817	2.136	палка-древко-бирюзовое	15.1	27.9	снег-в-тени	2.929	80.4	-6.5	-28.5	29.2	bbox	816	102.0	102.0	105.0	1531,0,8,5	90.7			
818	818	1.563	стакан-марка-красная	10.0	26.3	порода-в-тени	0.464	23.5	1.0	1.0	1.4	bbox	817	128.0	128.0	128.0	598,825,5,6	90.7			
819	819	1.220	палка-древко-бирюзовое	8.6	16.1	снег-в-тени	2.048	68.6	-8.0	-21.0	22.5	bbox	818	105.0	105.0	105.0	51,133,8,5	90.4			
820	820	1.684	рюкзак-синий	13.0	12.3	снег-в-тени	2.491	26.5	6.0	-26.0	26.7	bbox	819	109.0	109.0	109.0	1045,339,11,4	89.7			
821	821	1.320	рюкзак-синий	10.2	9.6	снег-в-тени	0.516	48.4	-1.0	-4.0	4.1	bbox	820	55.0	55.0	55.0	1311,615,10,5	89.6			
822	822	1.554	стакан-марка-красная	12.3	7.3	порода-в-тени	0.803	42.5	-1.0	-1.5	1.8	bbox	821	85.0	85.0	85.0	1883,273,6,4	89.3			
823	823	1.778	стакан-марка-красная	11.0	31.4	порода-в-тени	0.288	18.4	0.0	0.0	0.0	bbox	822	50.0	50.0	50.0	1875,1025,11,3	88.8			
824	824	1.262	рюкзак-синий	10.0	3.5	снег-в-тени	2.064	35.3	2.0	-24.0	24.1	bbox	823	63.0	62.0	63.0	489,861,4,12	88.4			
825	825	0.630	рюкзак-синий	4.9	3.7	снег-в-тени	0.507	35.1	-1.0	-9.5	9.6	bbox	824	46.0	46.0	46.0	1649,558,8,3	88.2			
826	826	0.892	рюкзак-синий	6.3	11.5	снег-в-тени	0.744	27.3	-1.0	-8.0	8.1	bbox	825	58.0	58.0	58.0	1356,446,10,3	88.2			
827	827	1.150	стакан-марка-красная	9.0	6.7	снег-в-тени	1.385	43.1	11.0	-8.0	13.6	bbox	826	107.0	107.0	107.0	168,1073,5,7	87.9			
828	828	2.329	палка-древко-контроль	18.0	16.4	снег-в-тени	3.033	58.0	-2.0	-32.0	32.1	bbox	827	70.0	70.0	70.0	37,0,10,3	87.4			
829	829	0.442	рюкзак-синий	2.8	7.4	снег-в-тени	1.219	31.4	3.0	-16.0	16.3	bbox	828	95.0	95.0	95.0	507,117,12,4	87.4			
830	830	1.101	рюкзак-синий	8.0	12.9	порода-в-тени	0.755	25.9	1.0	-6.0	6.1	bbox	829	61.0	61.0	61.0	1896,548,9,5	87.3			
831	831	1.480	стакан-марка-красная	10.6	18.4	порода-в-тени	0.505	31.4	0.5	-0.5	0.7	bbox	830	128.0	128.0	128.0	1536,980,6,5	86.5			
832	832	0.538	палка-древко-контроль	2.8	11.3	снег-в-тени	1.364	52.9	-6.0	-17.0	18.0	bbox	831	102.0	102.0	102.0	1725,35,14,2	86.4			
833	833	0.928	палка-древко-контроль	3.2	23.5	снег-в-тени	1.182	65.1	-7.0	-12.0	13.9	bbox	832	16.0	16.0	16.0	673,0,8,3	85.3			
834	834	0.763	рюкзак-синий	5.1	11.7	снег-в-тени	1.370	27.1	6.0	-15.0	16.2	bbox	833	61.0	61.0	61.0	1293,333,10,4	84.8			
835	835	1.314	рюкзак-синий	9.2	17.7	снег-в-тени	1.937	56.5	3.0	-23.0	23.2	bbox	834	50.0	46.0	52.0	1095,29,14,4	84.5			
836	836	2.007	стакан-марка-красная	11.0	40.8	порода-в-тени	0.493	9.0	0.0	0.0	0.0	bbox	835	129.0	129.0	129.0	1761,675,8,3	84.4			
837	837	1.926	рюкзак-синий	12.4	32.1	порода-в-тени	0.506	6.7	-2.0	-2.0	2.8	bbox	836	74.0	74.0	74.0	1324,1011,9,6	84.2			
838	838	1.765	стакан-марка-красная	11.0	31.0	порода-в-тени	0.358	18.8	0.0	1.0	1.0	bbox	837	97.0	97.0	97.0	601,546,8,5	83.9			
839	839	1.734	стакан-марка-красная	9.2	36.3	снег-освещённый	1.077	86.1	5.0	-6.0	7.8	bbox	838	135.0	135.0	135.0	843,149,6,4	83.4			
840	840	1.554	рюкзак-синий	11.0	20.0	порода-в-тени	0.358	18.8	0.0	-3.0	3.0	bbox	839	102.0	102.0	102.0	1631,1075,10,5	82.6			
841	841	1.739	стакан-марка-красная	10.2	33.1	порода-в-тени	0.398	16.7	1.0	-1.0	1.4	bbox	840	86.0	86.0	86.0	1837,767,12,4	82.5			
842	842	2.043	рюкзак-синий	13.0	34.5	порода-в-тени	0.627	4.3	0.0	-1.0	1.0	bbox	841	76.0	76.0	76.0	1699,1057,6,4	82.1			
843	843	1.527	рюкзак-синий	9.0	28.8	снег-в-тени	2.009	67.6	4.0	-22.5	22.9	bbox	842	50.0	50.0	52.0	423,171,14,3	82.0			
844	844	2.060	рюкзак-синий	13.0	35.3	порода-в-тени	0.652	3.5	0.0	-1.0	1.0	bbox	843	47.0	47.0	47.0	1579,1041,6,8	81.4			
845	845	1.699	стакан-марка-красная	11.2	27.1	порода-в-тени	0.264	22.7	0.0	-1.0	1.0	bbox	844	82.0	82.0	82.0	745,1073,6,7	81.2			
846	846	1.216	рюкзак-синий	6.3	25.9	порода-в-тени	0.923	12.9	-1.0	-8.0	8.1	bbox	845	97.0	97.0	97.0	1704,0,9,4	81.2			
847	847	1.410	рюкзак-синий	11.2	5.3	снег-в-тени	2.196	33.5	6.0	-24.0	24.7	bbox	846	107.0	107.0	107.0	849,289,10,7	81.0			
848	848	1.260	рюкзак-синий	10.0	2.7	снег-в-тени	2.059	36.1	2.0	-24.0	24.1	bbox	847	53.0	53.0	55.0	843,581,4,8	80.3			
849	849	0.976	рюкзак-синий	6.0	17.5	снег-в-тени	0.327	56.3	1.0	-8.0	8.1	bbox	848	9.0	9.0	9.0	1655,664,5,8	80.2			
850	850	1.573	рюкзак-синий	7.2	36.1	снег-в-тени	1.891	74.9	5.0	-20.0	20.6	bbox	849	117.0	117.0	117.0	1525,199,10,2	80.2			
851	851	1.881	стакан-марка-красная	12.0	31.8	порода-в-тени	0.292	18.0	-1.0	1.0	1.4	bbox	850	73.0	73.0	73.0	1867,992,6,5	79.8			
852	852	1.431	рюкзак-синий	7.8	29.4	снег-в-тени	1.876	68.2	3.0	-21.5	21.7	bbox	851	51.0	50.0	52.0	201,263,4,6	79.5			
853	853	1.807	рюкзак-синий	12.0	28.2	порода-в-тени	0.528	10.6	1.0	-2.0	2.2	bbox	852	86.0	86.0	86.0	1007,1043,6,4	79.4			
854	854	1.578	палка-древко-контроль	12.4	8.8	снег-в-тени	0.889	50.4	-5.0	-3.0	5.8	bbox	853	82.0	82.0	82.0	411,835,11,4	78.7			
855	855	0.861	рюкзак-синий	3.2	21.3	снег-в-тени	1.563	17.5	3.0	-16.5	16.8	bbox	854	113.0	113.0	113.0	1744,258,4,9	78.7			
856	856	2.013	рюкзак-синий	15.7	13.3	снег-в-тени	2.808	25.5	8.0	-28.0	29.1	bbox	855	113.0	113.0	113.0	1761,343,7,3	78.7			
857	857	1.616	рюкзак-синий	7.1	37.9	снег-пересвеченный	0.865	76.7	0.0	-7.0	7.0	bbox	856	104.0	104.0	104.0	416,266,8,7	77.8			
858	858	2.041	рюкзак-синий	13.5	31.9	порода-в-тени	0.548	6.9	0.0	-0.5	0.5	bbox	857	52.0	52.0	52.0	1773,863,4,8	77.6			
859	859	1.611	рюкзак-синий	11.0	23.5	порода-в-тени	0.486	15.3	1.0	-3.0	3.2	bbox	858	116.0	116.0	116.0	554,1005,8,3	77.5			
860	860	1.004	рюкзак-синий	4.1	24.1	снег-в-тени	1.036	62.9	5.0	-13.0	13.9	bbox	859	129.0	129.0	129.0	1089,69,14,2	77.2			
861	861	1.318	рюкзак-синий	10.2	9.4	снег-в-тени	2.138	29.4	3.0	-24.0	24.2	bbox	860	47.0	47.0	47.0	358,898,9,5	77.0			
862	862	1.520	рюкзак-синий	12.1	4.7	снег-в-тени	2.306	34.1	6.0	-25.0	25.7	bbox	861	108.0	108.0	108.0	905,345,12,4	77.0			
863	863	0.456	рюкзак-синий	3.6	1.9	снег-в-тени	0.556	36.9	-1.0	-11.0	11.0	bbox	862	43.0	43.0	45.0	1659,591,10,4	76.5			
864	864	1.333	рюкзак-синий	5.6	31.8	снег-в-тени	1.671	70.6	2.0	-19.5	19.6	bbox	863	48.0	48.0	48.0	789,175,12,4	76.5			
865	865	1.784	стакан-марка-красная	11.0	31.8	порода-в-тени	0.324	18.0	0.0	0.5	0.5	bbox	864	56.0	56.0	56.0	1757,1041,10,7	76.5			
866	866	2.093	рюкзак-синий	16.0	16.9	снег-в-тени	2.764	55.7	0.0	-30.0	30.0	bbox	865	60.0	60.0	60.0	1173,0,6,5	76.5			
867	867	1.507	рюкзак-синий	11.4	13.7	снег-в-тени	2.190	52.5	4.0	-25.0	25.3	bbox	866	50.0	50.0	50.0	1221,31,10,3	76.3			
868	868	1.376	рюкзак-синий	9.8	17.2	снег-в-тени	2.187	21.6	5.0	-23.0	23.5	bbox	867	115.0	115.0	115.0	1001,416,7,9	76.0			
869	869	1.524	рюкзак-синий	11.0	18.1	снег-в-тени	2.150	56.9	0.0	-25.0	25.0	bbox	868	72.0	72.0	72.0	201,75,8,4	75.8			
870	870	1.394	рюкзак-синий	7.1	30.2	порода-в-тени	0.895	8.6	0.0	-7.0	7.0	bbox	869	81.0	81.0	81.0	129,945,8,6	75.8			
871	871	1.699	рюкзак-синий	9.8	32.8	снег-в-тени	2.151	71.6	5.0	-23.0	23.5	bbox	870	115.0	115.0	115.0	1269,183,10,2	75.7			
872	872	1.603	рюкзак-синий	10.0	27.9	снег-в-тени	2.125	66.7	2.0	-24.0	24.1	bbox	871	51.0	51.0	51.0	778,105,14,4	75.5			
873	873	1.886	рюкзак-синий	13.3	24.7	порода-в-тени	0.224	14.1	-2.0	-1.0	2.2	bbox	872	129.0	129.0	129.0	1795,828,5,9	75.4			
874	874	1.433	рюкзак-синий	10.0	19.6	снег-в-тени	2.040	58.4	1.0	-24.0	24.0	bbox	873	107.0	107.0	107.0	507,61,6,4	75.3			
875	875	2.117	рюкзак-синий	6.1	55.3	снег-пересвеченный	0.810	94.1	0.0	-8.0	8.0	bbox	874	111.0	111.0	111.0	1397,0,10,2	75.0			
876	876	1.339	палка-древко-контроль	8.1	24.7	снег-пересвеченный	1.070	66.3	-7.0	-7.0	9.9	bbox	875	48.0	48.0	48.0	143,235,10,2	74.2			
877	877	2.415	рюкзак-синий	18.0	24.3	снег-в-тени	3.050	63.1	0.0	-32.0	32.0	bbox	876	59.0	59.0	59.0	173,9,6,8	74.1			
878	878	1.625	палка-древко-контроль	10.8	25.3	снег-в-тени	2.127	66.9	-2.0	-24.0	24.1	bbox	877	62.0	61.0	65.0	145,123,8,6	74.1			
879	879	0.451	палка-древко-контроль	3.6	0.4	снег-в-тени	0.915	41.2	-5.0	-13.0	13.9	bbox	878	104.0	103.0	104.0	1141,37,12,4	73.8			
880	880	0.848	рюкзак-синий	6.3	8.6	снег-в-тени	0.641	30.2	-1.0	-8.0	8.1	bbox	879	64.0	64.0	64.0	1185,779,8,6	72.9			
881	881	1.638	рюкзак-синий	11.0	24.7	порода-в-тени	0.419	14.1	0.0	-3.0	3.0	bbox	880	64.0	64.0	64.0	1558,1057,5,5	72.9			
882	882	1.216	стакан-марка-красная	6.3	25.9	порода-охристая	1.444	75.7	13.0	7.0	14.8	bbox	881	116.0	116.0	116.0	53,970,6,7	72.9			
883	883	0.691	палка-древко-контроль	3.0	16.2	снег-в-тени	1.174	57.8	-8.0	-12.0	14.4	bbox	882	12.0	12.0	12.0	595,3,10,2	72.8			
884	884	0.867	рюкзак-синий	6.3	10.0	снег-в-тени	0.689	28.8	-1.0	-8.0	8.1	bbox	883	119.0	119.0	119.0	885,1033,12,3	72.8			
885	885	0.747	палка-древко-контроль	4.6	13.3	снег-в-тени	0.905	54.9	-3.5	-14.0	14.4	bbox	884	27.0	27.0	27.0	997,143,7,4	72.4			
886	886	1.383	рюкзак-синий	11.0	2.4	снег-в-тени	2.138	41.2	0.0	-25.0	25.0	bbox	885	49.0	49.0	49.0	363,335,6,7	72.0			
887	887	1.661	рюкзак-синий	11.2	25.1	снег-в-тени	2.205	63.9	-1.0	-25.0	25.0	bbox	886	45.0	45.0	45.0	1267,0,8,5	71.6			
888	888	1.061	рюкзак-синий	8.2	7.0	снег-в-тени	1.879	31.8	3.0	-22.0	22.2	bbox	887	72.0	70.0	72.0	1162,1049,11,4	71.5			
889	889	1.388	стакан-марка-красная	11.0	3.9	порода-в-тени	0.952	45.9	0.0	0.0	0.0	bbox	888	97.0	97.0	97.0	721,235,8,4	71.4			
890	890	1.360	стакан-марка-красная	10.3	12.2	порода-охристая	1.196	62.0	17.5	9.0	19.7	bbox	889	117.0	116.0	118.0	102,1069,7,6	70.8			
891	891	1.174	рюкзак-синий	9.2	6.3	снег-в-тени	1.848	45.1	7.0	-21.0	22.1	bbox	890	62.0	62.0	62.0	1481,89,12,4	70.3			
892	892	1.840	рюкзак-синий	13.9	16.6	снег-в-тени	2.654	22.2	6.0	-27.0	27.7	bbox	891	112.0	112.0	112.0	1709,237,5,6	70.1			
893	893	1.704	рюкзак-синий	12.2	21.5	порода-в-тени	0.209	17.3	-1.0	-2.0	2.2	bbox	892	48.0	48.0	48.0	1917,925,3,10	69.7			
894	894	1.584	рюкзак-синий	12.6	2.5	порода-в-тени	0.594	36.3	-3.0	-2.0	3.6	bbox	893	72.0	72.0	72.0	323,809,6,4	69.4			
895	895	1.687	рюкзак-синий	13.4	5.1	снег-в-тени	2.466	33.7	7.0	-26.0	26.9	bbox	894	114.0	114.0	114.0	1081,331,8,3	68.5			
896	896	0.593	рюкзак-синий	3.6	10.8	снег-в-тени	1.134	49.6	-1.0	-17.0	17.0	bbox	895	120.0	120.0	120.0	1853,89,7,4	68.5			
897	897	1.229	палка-древко-контроль	6.1	27.0	снег-пересвеченный	1.148	68.6	-7.0	-9.0	11.4	bbox	896	27.0	27.0	27.0	61,199,8,6	67.8			
898	898	0.542	палка-древко-контроль	4.2	3.1	снег-в-тени	0.808	44.7	-5.0	-12.0	13.0	bbox	897	104.0	104.0	104.0	974,90,9,5	67.8			
899	899	1.606	стакан-марка-красная	12.0	15.7	снег-освещённый	0.547	65.5	-1.0	0.0	1.0	bbox	898	129.0	127.0	129.0	181,737,4,6	67.7			
900	900	1.974	рюкзак-синий	7.3	49.0	снег-пересвеченный	0.633	87.8	-1.0	-7.0	7.1	bbox	899	123.0	122.0	123.0	279,647,5,7	67.5			
901	901	1.942	палка-древко-бирюзовое	10.0	41.6	снег-пересвеченный	0.893	94.1	-9.0	-8.0	12.0	bbox	900	44.0	44.0	44.0	47,9,5,7	67.4			
902	902	1.104	рюкзак-синий	5.0	25.5	порода-в-тени	1.097	13.3	1.0	-9.0	9.1	bbox	901	78.0	76.0	78.0	1323,1021,12,4	67.3			
903	903	1.909	стакан-марка-красная	8.5	44.3	снег-освещённый	0.734	94.1	3.0	-2.0	3.6	bbox	902	128.0	128.0	128.0	1040,0,5,4	67.3			
904	904	1.458	рюкзак-синий	5.0	36.9	снег-в-тени	1.618	75.7	-2.0	-18.0	18.1	bbox	903	67.0	67.0	67.0	86,150,10,3	67.2			
905	905	0.825	рюкзак-синий	6.3	6.6	снег-в-тени	0.572	32.2	-1.0	-8.0	8.1	bbox	904	65.0	64.0	65.0	924,784,7,7	67.0			
906	906	2.589	рюкзак-синий	20.1	18.1	снег-в-тени	3.267	56.9	-0.5	-34.0	34.0	bbox	905	103.0	103.0	103.0	395,35,4,10	67.0			
907	907	0.677	рюкзак-синий	5.4	0.8	снег-в-тени	0.468	38.0	-2.0	-9.5	9.7	bbox	906	46.0	46.0	46.0	971,379,6,4	66.8			
908	908	1.338	рюкзак-синий	10.0	13.4	снег-в-тени	2.010	52.2	1.0	-24.0	24.0	bbox	907	63.0	62.0	63.0	1490,45,7,4	66.8			
909	909	1.870	рюкзак-синий	5.1	49.2	снег-пересвеченный	0.906	88.0	0.0	-9.0	9.0	bbox	908	122.0	122.0	122.0	211,678,4,6	66.6			
910	910	0.773	рюкзак-синий	2.8	19.2	снег-в-тени	0.632	58.0	-1.0	-12.0	12.0	bbox	909	116.0	116.0	116.0	85,284,6,9	66.4			
911	911	1.627	рюкзак-синий	4.5	42.8	снег-в-тени	1.741	81.6	-1.0	-18.0	18.0	bbox	910	135.0	135.0	135.0	1387,3,7,6	66.1			
912	912	0.494	рюкзак-синий	3.0	9.0	снег-в-тени	1.302	29.8	1.0	-17.0	17.0	bbox	911	125.0	125.0	125.0	3,15,10,5	66.0			
913	913	1.455	рюкзак-синий	6.0	34.9	снег-в-тени	0.934	73.7	1.0	-8.0	8.1	bbox	912	127.0	125.0	127.0	1895,185,8,4	65.9			
914	914	0.773	рюкзак-синий	6.2	0.0	снег-в-тени	0.327	38.8	-0.5	-8.0	8.0	bbox	913	46.0	46.0	46.0	1671,561,6,4	65.3			
915	915	1.189	рюкзак-синий	9.4	4.3	снег-в-тени	0.583	43.1	-4.0	-6.0	7.2	bbox	914	72.0	72.0	72.0	3,513,6,6	65.3			
916	916	2.000	палка-древко-контроль	15.3	16.4	снег-освещённый	0.954	58.0	-5.0	0.0	5.0	bbox	915	73.0	73.0	73.0	1309,255,8,2	65.3			
917	917	1.412	рюкзак-синий	3.6	37.5	снег-в-тени	1.522	76.3	-1.0	-17.0	17.0	bbox	916	110.0	110.0	110.0	1174,11,7,4	65.1			
918	918	0.593	рюкзак-синий	4.1	8.2	снег-в-тени	0.664	30.6	0.0	-10.0	10.0	bbox	917	49.0	49.0	49.0	1654,605,7,4	65.0			
919	919	0.948	палка-древко-контроль	7.2	8.2	снег-в-тени	0.520	49.8	-4.0	-9.0	9.8	bbox	918	115.0	115.0	115.0	693,371,9,2	64.9			
920	920	1.496	рюкзак-синий	9.5	25.5	снег-в-тени	2.028	64.3	4.0	-23.0	23.3	bbox	919	48.0	48.0	48.0	1137,121,11,3	64.7			
921	921	1.201	рюкзак-синий	8.2	17.3	снег-в-тени	1.814	56.1	3.0	-22.0	22.2	bbox	920	50.0	50.0	50.0	1189,111,12,2	64.6			
922	922	1.607	палка-древко-контроль	10.2	27.4	снег-в-тени	2.377	69.0	-6.0	-25.0	25.7	bbox	921	78.0	78.0	78.0	17,163,5,6	64.6			
923	923	1.206	рюкзак-синий	9.4	7.0	снег-в-тени	1.988	31.8	6.0	-22.0	22.8	bbox	922	50.0	50.0	52.0	1562,217,5,5	64.3			
924	924	2.696	палка-древко-контроль	21.2	14.1	снег-в-тени	3.389	55.7	-1.0	-35.0	35.0	bbox	923	75.0	75.0	75.0	181,0,2,9	64.1			
925	925	0.454	рюкзак-синий	3.6	1.6	снег-в-тени	0.476	40.4	-1.0	-11.0	11.0	bbox	924	121.0	120.0	121.0	763,316,6,13	64.1			
926	926	1.257	рюкзак-синий	10.0	0.8	снег-в-тени	2.021	39.6	0.0	-24.0	24.0	bbox	925	58.0	58.0	58.0	0,699,9,6	63.8			
927	927	1.695	рюкзак-синий	13.2	11.5	порода-в-тени	0.275	27.3	-1.0	-1.0	1.4	bbox	926	54.0	54.0	54.0	1901,397,4,4	63.4			
928	928	1.914	рюкзак-синий	9.0	43.4	снег-в-тени	2.244	82.2	1.0	-23.0	23.0	bbox	927	49.0	49.0	49.0	203,237,4,4	63.1			
929	929	1.480	рюкзак-синий	11.7	6.3	снег-в-тени	2.281	32.5	5.0	-25.0	25.5	bbox	928	108.0	108.0	108.0	1244,225,8,4	63.0			
930	930	0.615	палка-древко-контроль	4.6	6.0	снег-в-тени	0.868	47.6	-3.5	-14.0	14.4	bbox	929	113.0	110.0	113.0	1568,111,11,2	62.9			
931	931	0.861	рюкзак-синий	3.5	20.8	снег-в-тени	1.417	18.0	4.5	-14.0	14.7	bbox	930	108.0	108.0	109.0	893,286,4,4	62.3			
932	932	1.780	стакан-марка-красная	12.2	25.9	снег-освещённый	0.221	75.7	-1.0	-1.0	1.4	bbox	931	129.0	129.0	129.0	1449,11,6,6	62.3			
933	933	2.004	палка-древко-бирюзовое	10.6	42.0	снег-пересвеченный	0.812	94.5	-8.0	-8.0	11.3	bbox	932	51.0	51.0	51.0	18,121,7,4	62.0			
934	934	1.775	стакан-марка-красная	10.0	35.1	порода-в-тени	0.445	14.7	1.0	0.0	1.0	bbox	933	83.0	83.0	83.0	1349,845,6,4	61.9			
935	935	0.618	рюкзак-синий	4.9	1.5	снег-в-тени	0.764	37.3	-3.5	-12.0	12.5	bbox	934	112.0	112.0	112.0	1819,117,4,4	61.5			
936	936	1.974	рюкзак-синий	15.7	7.4	снег-в-тени	2.756	31.4	8.0	-28.0	29.1	bbox	935	112.0	112.0	112.0	1889,195,6,4	61.1			
937	937	1.690	рюкзак-синий	13.0	13.3	снег-в-тени	2.487	25.5	7.0	-25.5	26.4	bbox	936	113.0	113.0	113.0	1881,297,6,4	61.1			
938	938	0.740	рюкзак-синий	5.4	8.5	снег-в-тени	0.313	47.3	-2.0	-9.5	9.7	bbox	937	46.0	46.0	46.0	1350,327,7,6	61.0			
939	939	2.043	рюкзак-синий	13.0	34.5	порода-в-тени	0.627	4.3	0.0	-1.0	1.0	bbox	938	47.0	47.0	47.0	1759,1061,10,2	60.5			
940	940	0.868	рюкзак-синий	5.1	16.5	снег-в-тени	0.295	55.3	0.0	-9.0	9.0	bbox	939	54.0	54.0	54.0	1271,313,8,4	60.2			
941	941	1.801	палка-древко-контроль	13.4	18.4	снег-в-тени	2.428	60.0	-2.0	-27.0	27.1	bbox	940	64.0	64.0	64.0	1667,5,2,11	59.9			
942	942	1.895	стакан-марка-красная	12.5	29.8	порода-в-тени	0.140	20.0	-1.5	0.0	1.5	bbox	941	66.0	66.0	66.0	1911,961,2,8	59.9			
943	943	0.880	рюкзак-синий	4.1	20.0	снег-в-тени	1.642	18.8	2.0	-18.0	18.1	bbox	942	121.0	121.0	121.0	1915,923,5,5	59.6			
944	944	0.656	рюкзак-синий	5.2	1.9	снег-в-тени	0.415	36.9	-0.5	-9.0	9.0	bbox	943	48.0	48.0	49.0	1379,405,6,6	59.1			
945	945	0.700	рюкзак-синий	4.5	11.8	снег-в-тени	0.297	50.6	-1.0	-10.0	10.0	bbox	944	116.0	116.0	116.0	48,235,5,4	58.6			
946	946	0.832	рюкзак-синий	2.2	21.9	снег-в-тени	1.238	16.9	2.0	-12.0	12.2	bbox	945	95.0	95.0	95.0	1791,215,8,4	58.5			
947	947	1.483	рюкзак-синий	11.7	6.8	снег-в-тени	2.286	32.0	5.0	-25.0	25.5	bbox	946	104.0	104.0	104.0	1810,0,6,3	58.5			
948	948	0.808	рюкзак-синий	6.3	4.7	снег-в-тени	0.504	34.1	-1.0	-8.0	8.1	bbox	947	97.0	97.0	97.0	27,981,8,4	58.4			
949	949	1.791	стакан-марка-красная	11.0	32.2	порода-в-тени	0.367	17.6	0.0	1.0	1.0	bbox	948	62.0	62.0	62.0	1903,969,5,5	57.6			
950	950	1.149	рюкзак-синий	9.0	6.3	снег-в-тени	1.879	45.1	0.5	-23.0	23.0	bbox	949	118.0	118.0	118.0	1914,185,6,6	57.6			
951	951	2.330	стакан-марка-красная	12.0	49.8	снег-пересвеченный	0.620	99.6	-1.0	0.0	1.0	bbox	950	54.0	54.0	54.0	3,409,5,5	57.3			
952	952	1.129	рюкзак-синий	9.0	2.7	снег-в-тени	1.925	36.1	1.0	-23.0	23.0	bbox	951	62.0	62.0	63.0	341,783,6,4	56.8			
953	953	0.503	рюкзак-синий	4.0	1.5	снег-в-тени	0.469	37.3	1.0	-10.0	10.0	bbox	952	44.0	44.0	44.0	1281,471,6,4	56.7			
954	954	1.855	палка-древко-контроль	14.3	13.7	снег-в-тени	2.527	55.3	-2.0	-28.0	28.1	bbox	953	60.0	60.0	64.0	1339,0,7,3	56.0			
955	955	1.111	рюкзак-синий	5.1	25.5	порода-в-тени	1.061	13.3	0.0	-9.0	9.0	bbox	954	83.0	83.0	83.0	1757,555,8,2	55.9			
956	956	0.902	рюкзак-синий	7.1	5.1	снег-в-тени	0.518	33.7	0.0	-7.0	7.0	bbox	955	64.0	64.0	65.0	1077,802,5,5	55.8			
957	957	1.503	рюкзак-синий	11.4	13.4	снег-в-тени	2.189	52.2	4.0	-25.0	25.3	bbox	956	62.0	62.0	66.0	218,497,5,5	55.6			
958	958	2.210	палка-древко-контроль	16.9	18.0	снег-в-тени	2.923	59.6	-2.5	-31.0	31.1	bbox	957	72.0	72.0	73.0	71,0,4,4	55.6			
959	959	1.857	стакан-марка-красная	11.0	34.9	порода-в-тени	0.446	14.9	0.0	1.5	1.5	bbox	958	73.0	73.0	73.0	1715,1061,8,2	55.5			
960	960	1.579	рюкзак-синий	11.2	20.6	порода-в-тени	0.290	18.2	-1.0	-3.0	3.2	bbox	959	49.0	49.0	49.0	1091,1050,6,3	55.3			
961	961	1.225	рюкзак-синий	7.1	23.7	снег-в-тени	1.726	62.5	2.0	-21.0	21.1	bbox	960	50.0	50.0	50.0	947,187,12,5	55.3			
962	962	1.788	рюкзак-синий	13.0	20.6	порода-в-тени	0.262	18.2	0.0	-1.0	1.0	bbox	961	128.0	128.0	128.0	1255,941,8,2	55.2			
963	963	1.419	палка-древко-контроль	5.8	34.1	снег-в-тени	1.642	75.7	-3.0	-18.0	18.2	bbox	962	73.0	73.0	73.0	119,81,5,4	55.1			
964	964	0.365	рюкзак-синий	2.5	5.3	снег-в-тени	0.769	33.5	-1.0	-12.5	12.5	bbox	963	49.0	49.0	49.0	1313,554,6,3	54.2			
965	965	1.618	палка-древко-контроль	10.3	27.4	снег-в-тени	2.359	69.0	-5.5	-25.0	25.6	bbox	964	78.0	78.0	78.0	83,161,8,6	54.2			
966	966	0.554	рюкзак-синий	4.2	4.5	снег-в-тени	0.478	43.3	-2.0	-11.0	11.2	bbox	965	119.0	119.0	119.0	1777,37,4,4	54.2			
967	967	1.577	рюкзак-синий	11.0	21.3	порода-в-тени	0.569	17.5	2.0	-3.0	3.6	bbox	966	115.0	115.0	115.0	795,1065,5,4	54.1			
968	968	1.333	рюкзак-синий	5.4	32.2	снег-в-тени	0.885	71.0	-2.0	-9.5	9.7	bbox	967	126.0	126.0	126.0	397,853,6,3	53.8			
969	969	0.458	рюкзак-синий	3.6	2.3	снег-в-тени	0.566	36.5	-1.0	-11.0	11.0	bbox	968	51.0	51.0	51.0	1093,479,6,4	53.7			
970	970	0.751	рюкзак-синий	5.7	6.6	снег-в-тени	0.566	32.2	-0.5	-8.5	8.5	bbox	969	121.0	121.0	123.0	742,205,5,4	53.7			
971	971	0.665	рюкзак-синий	3.6	13.7	снег-в-тени	1.437	25.1	3.0	-17.0	17.3	bbox	970	122.0	122.0	123.0	947,223,10,2	53.5			
972	972	0.671	рюкзак-синий	4.5	10.4	снег-в-тени	0.746	28.4	-1.0	-10.0	10.0	bbox	971	77.0	76.0	77.0	661,705,9,2	53.4			
973	973	1.040	рюкзак-синий	3.9	25.7	снег-в-тени	1.287	64.5	-1.5	-17.0	17.1	bbox	972	11.0	11.0	11.0	935,0,4,4	52.9			
974	974	0.259	рюкзак-синий	2.1	0.8	снег-в-тени	1.061	38.0	0.5	-16.0	16.0	bbox	973	128.0	128.0	128.0	1897,159,2,9	52.6			
975	975	1.776	рюкзак-синий	14.1	5.7	снег-в-тени	2.564	33.1	6.5	-27.0	27.8	bbox	974	111.0	111.0	111.0	1658,173,5,4	52.5			
976	976	1.118	рюкзак-синий	8.2	12.1	снег-в-тени	1.942	26.7	3.0	-22.0	22.2	bbox	975	69.0	69.0	69.0	1830,967,11,8	52.4			
977	977	1.632	рюкзак-синий	13.0	4.3	порода-в-тени	0.859	43.1	-4.0	-2.0	4.5	bbox	976	73.0	72.0	73.0	449,731,4,6	52.2			
978	978	1.782	стакан-марка-красная	11.0	31.8	порода-в-тени	0.363	18.0	0.0	1.0	1.0	bbox	977	79.0	79.0	79.0	1037,1073,6,4	51.2			
979	979	1.247	рюкзак-синий	9.5	10.6	снег-в-тени	1.942	49.4	1.0	-23.5	23.5	bbox	978	56.0	56.0	56.0	819,281,6,4	51.1			
980	980	2.381	палка-древко-контроль	18.0	21.5	снег-в-тени	3.060	63.1	-2.0	-32.0	32.1	bbox	979	74.0	74.0	74.0	68,0,8,3	50.9			
981	981	1.446	палка-древко-бирюзовое	5.2	36.1	снег-пересвеченный	1.963	88.6	-10.0	-17.5	20.2	bbox	980	47.0	47.0	47.0	122,0,7,2	50.7			
982	982	0.720	рюкзак-синий	4.1	14.1	снег-в-тени	1.498	24.7	0.0	-18.0	18.0	bbox	981	60.0	60.0	60.0	1577,889,4,8	50.7			
983	983	0.834	рюкзак-синий	4.5	17.2	снег-в-тени	0.964	21.6	1.0	-9.5	9.6	bbox	982	65.0	65.0	65.0	1456,705,7,4	50.3			
984	984	1.784	рюкзак-синий	4.9	46.9	снег-в-тени	1.889	85.7	-1.0	-18.5	18.5	bbox	983	65.0	65.0	65.0	43,337,4,4	50.0			
985	985	1.627	рюкзак-синий	13.0	2.1	снег-в-тени	2.405	36.7	6.0	-26.0	26.7	bbox	984	108.0	108.0	108.0	1031,189,10,2	49.5			
986	986	0.594	рюкзак-синий	4.6	4.1	снег-в-тени	0.504	34.7	0.0	-9.5	9.5	bbox	985	119.0	119.0	119.0	515,973,4,4	49.2			
987	987	2.201	рюкзак-синий	17.0	15.7	снег-в-тени	2.885	54.5	0.0	-31.0	31.0	bbox	986	66.0	66.0	66.0	129,185,8,2	49.1			
988	988	1.394	стакан-марка-красная	11.0	5.3	порода-в-тени	0.905	44.5	0.0	0.0	0.0	bbox	987	97.0	97.0	97.0	397,161,4,6	48.7			
989	989	0.940	рюкзак-синий	7.3	6.6	снег-в-тени	1.759	32.2	3.0	-21.0	21.2	bbox	988	72.0	68.0	72.0	1267,1017,10,4	48.6			
990	990	1.611	рюкзак-синий	12.6	8.7	снег-в-тени	0.839	47.5	-3.0	-2.0	3.6	bbox	989	72.0	72.0	73.0	63,749,4,4	48.3			
991	991	0.375	рюкзак-синий	2.8	3.5	снег-в-тени	1.102	35.3	-1.0	-16.0	16.0	bbox	990	95.0	95.0	95.0	1631,433,6,7	47.3			
992	992	0.997	палка-древко-контроль	7.2	12.3	снег-в-тени	1.942	53.9	-6.5	-22.0	22.9	bbox	991	65.0	65.0	65.0	24,11,3,4	46.9			
993	993	1.957	стакан-марка-красная	11.0	38.8	порода-в-тени	0.437	11.0	0.0	0.0	0.0	bbox	992	56.0	56.0	56.0	1801,570,6,3	46.8			
994	994	1.603	рюкзак-синий	12.8	1.2	снег-в-тени	2.369	40.0	5.5	-26.0	26.6	bbox	993	109.0	108.0	109.0	1210,169,10,2	46.4			
995	995	1.076	рюкзак-синий	8.6	1.0	снег-в-тени	0.589	39.8	-4.0	-7.0	8.1	bbox	994	80.0	80.0	80.0	346,411,7,2	46.3			
996	996	1.835	стакан-марка-красная	11.5	32.0	порода-в-тени	0.326	17.8	-0.5	1.0	1.1	bbox	995	50.0	50.0	50.0	1797,1057,2,6	46.2			
997	997	1.389	рюкзак-синий	3.2	37.3	снег-в-тени	1.512	76.1	0.0	-17.0	17.0	bbox	996	110.0	110.0	110.0	929,0,2,7	45.9			
998	998	0.816	рюкзак-синий	6.1	8.3	снег-в-тени	0.026	47.1	0.0	-8.0	8.0	bbox	997	121.0	120.0	121.0	1269,203,8,4	45.6			
999	999	1.428	стакан-марка-красная	10.2	18.0	снег-розовый	0.527	67.8	1.0	-1.0	1.4	bbox	998	135.0	135.0	135.0	467,385,6,4	45.5			
1000	1000	1.589	рюкзак-синий	9.2	30.6	снег-в-тени	2.032	69.4	-1.0	-23.0	23.0	bbox	999	56.0	56.0	56.0	544,15,7,4	45.4			
1001	1001	1.809	рюкзак-синий	13.9	13.7	снег-в-тени	2.619	25.1	6.0	-27.0	27.7	bbox	1000	110.0	109.0	110.0	1369,205,6,3	45.4			
1002	1002	0.806	рюкзак-синий	3.0	20.0	снег-в-тени	1.534	18.8	1.0	-17.0	17.0	bbox	1001	11.0	11.0	11.0	1913,413,7,3	45.3			
1003	1003	2.068	рюкзак-синий	13.0	35.7	порода-в-тени	0.665	3.1	0.0	-1.0	1.0	bbox	1002	47.0	47.0	47.0	1663,1025,6,4	45.3			
1004	1004	0.923	рюкзак-синий	7.1	7.4	снег-в-тени	0.600	31.4	0.0	-7.0	7.0	bbox	1003	120.0	120.0	120.0	1421,1017,5,3	45.3			
1005	1005	1.604	рюкзак-синий	12.5	9.6	снег-в-тени	2.406	29.2	6.0	-25.5	26.2	bbox	1004	110.0	110.0	110.0	1437,213,6,3	45.2			
1006	1006	2.154	стакан-марка-красная	13.1	39.2	снег-освещённый	0.325	89.0	-2.0	-0.5	2.1	bbox	1005	11.0	11.0	11.0	1237,7,6,2	45.1			
1007	1007	0.774	рюкзак-синий	2.1	20.4	снег-в-тени	1.231	18.4	2.5	-12.5	12.7	bbox	1006	124.0	124.0	124.0	213,197,2,8	44.5			
1008	1008	0.832	рюкзак-синий	4.9	15.7	снег-в-тени	1.586	23.1	-1.0	-18.5	18.5	bbox	1007	111.0	111.0	111.0	1227,1077,4,3	43.5			
1009	1009	2.341	стакан-марка-красная	12.0	50.2	снег-пересвеченный	0.628	100.0	-1.0	0.0	1.0	bbox	1008	47.0	47.0	49.0	645,288,3,5	43.4			
1010	1010	1.807	рюкзак-синий	12.0	28.0	порода-в-тени	0.443	10.8	0.0	-2.0	2.0	bbox	1009	126.0	126.0	126.0	1167,977,6,4	43.1			
1011	1011	1.021	палка-древко-контроль	5.5	21.1	снег-в-тени	1.149	62.7	-8.0	-9.5	12.4	bbox	1010	48.0	48.0	48.0	9,229,6,2	43.0			
1012	1012	1.264	рюкзак-синий	10.0	3.9	снег-в-тени	2.024	42.7	2.0	-24.0	24.1	bbox	1011	74.0	74.0	74.0	1845,11,4,4	42.1			
1013	1013	1.560	рюкзак-синий	10.0	25.9	снег-в-тени	2.089	64.7	0.0	-24.0	24.0	bbox	1012	74.0	74.0	74.0	344,69,7,2	42.1			
1014	1014	0.766	рюкзак-синий	2.2	20.0	снег-в-тени	1.406	18.8	3.0	-15.0	15.3	bbox	1013	105.0	105.0	105.0	846,202,4,4	42.0			
1015	1015	1.537	рюкзак-синий	12.1	8.0	снег-в-тени	2.334	30.8	6.0	-25.0	25.7	bbox	1014	105.0	105.0	105.0	1583,19,4,4	41.7			
1016	1016	1.139	рюкзак-синий	8.1	14.3	снег-в-тени	1.788	53.1	2.5	-22.0	22.1	bbox	1015	48.0	48.0	48.0	1513,129,8,4	41.5			
1017	1017	1.539	рюкзак-синий	4.1	40.6	снег-в-тени	1.703	79.4	2.0	-18.0	18.1	bbox	1016	48.0	48.0	48.0	381,297,6,2	41.4			
1018	1018	0.815	рюкзак-синий	6.1	8.2	снег-в-тени	0.615	30.6	0.0	-8.0	8.0	bbox	1017	123.0	123.0	123.0	761,181,5,4	41.4			
1019	1019	1.434	палка-древко-контроль	5.6	35.1	снег-в-тени	1.617	76.7	-3.0	-17.5	17.8	bbox	1018	69.0	69.0	70.0	1723,833,2,6	41.3			
1020	1020	0.491	рюкзак-синий	3.6	5.5	снег-в-тени	0.651	33.3	-1.0	-11.0	11.0	bbox	1019	65.0	65.0	65.0	891,606,6,5	41.2			
1021	1021	1.691	рюкзак-синий	2.8	46.3	снег-в-тени	1.670	85.1	-1.0	-16.0	16.0	bbox	1020	97.0	97.0	97.0	1281,0,4,3	41.2			
1022	1022	1.016	рюкзак-синий	8.1	3.6	снег-в-тени	1.761	42.4	0.0	-22.0	22.0	bbox	1021	78.0	78.0	78.0	1845,125,3,4	41.0			
1023	1023	0.784	рюкзак-синий	5.6	10.0	снег-в-тени	1.229	28.8	6.5	-13.0	14.5	bbox	1022	79.0	79.0	79.0	1765,409,4,4	40.2			
1024	1024	1.327	рюкзак-синий	6.0	30.6	снег-в-тени	0.878	69.4	-3.0	-9.5	10.0	bbox	1023	126.0	126.0	126.0	211,829,6,2	40.1			
1025	1025	2.330	палка-древко-контроль	18.0	16.6	снег-в-тени	3.033	58.2	-2.0	-32.0	32.1	bbox	1024	69.0	69.0	70.0	145,59,6,4	39.9			
1026	1026	1.272	рюкзак-синий	4.1	32.6	снег-в-тени	1.507	71.4	0.0	-18.0	18.0	bbox	1025	67.0	67.0	67.0	245,158,4,3	39.8			
1027	1027	1.909	рюкзак-синий	5.5	49.8	снег-пересвеченный	0.891	88.6	0.5	-8.5	8.5	bbox	1026	122.0	122.0	126.0	343,519,4,4	39.1			
1028	1028	0.472	рюкзак-синий	3.6	3.9	снег-в-тени	1.146	42.7	-1.0	-17.0	17.0	bbox	1027	135.0	135.0	135.0	1843,125,4,4	39.1			
1029	1029	1.419	рюкзак-синий	10.0	18.5	снег-в-тени	2.028	57.3	0.0	-24.0	24.0	bbox	1028	70.0	70.0	70.0	729,0,4,3	38.6			
1030	1030	2.180	рюкзак-синий	7.6	54.9	снег-пересвеченный	0.570	93.7	-2.0	-7.0	7.3	bbox	1029	65.0	65.0	65.0	5,701,3,4	38.5			
1031	1031	1.110	рюкзак-синий	5.1	25.3	снег-в-тени	1.393	64.1	5.5	-16.5	17.4	bbox	1030	76.0	76.0	76.0	257,827,2,5	38.4			
1032	1032	0.540	рюкзак-синий	4.2	2.9	снег-в-тени	1.303	35.9	4.0	-17.0	17.5	bbox	1031	111.0	111.0	111.0	563,537,2,6	38.3			
1033	1033	2.108	рюкзак-синий	16.1	17.3	снег-в-тени	2.769	56.1	-1.0	-30.0	30.0	bbox	1032	60.0	60.0	60.0	1110,0,3,4	37.8			
1034	1034	0.441	рюкзак-синий	2.0	10.2	снег-в-тени	1.218	28.6	1.0	-16.0	16.0	bbox	1033	125.0	125.0	125.0	20,87,4,4	37.6			
1035	1035	1.740	стакан-марка-красная	12.0	24.7	порода-в-тени	0.326	25.1	-1.0	1.0	1.4	bbox	1034	99.0	99.0	99.0	1801,825,4,3	37.0			
1036	1036	1.135	рюкзак-синий	9.1	2.4	снег-в-тени	1.890	41.2	0.0	-23.0	23.0	bbox	1035	62.0	62.0	62.0	74,743,7,4	36.9			
1037	1037	1.182	рюкзак-синий	9.0	10.0	снег-в-тени	1.999	28.8	4.0	-22.5	22.9	bbox	1036	70.0	70.0	70.0	1849,865,8,4	36.7			
1038	1038	0.884	рюкзак-синий	7.0	3.1	снег-в-тени	0.488	35.7	1.5	-7.0	7.2	bbox	1037	60.0	60.0	60.0	1913,648,2,5	35.3			
1039	1039	2.122	стакан-марка-красная	12.7	39.2	снег-освещённый	0.354	89.0	-1.5	-1.5	2.1	bbox	1038	11.0	11.0	11.0	1047,69,3,6	35.0			
1040	1040	2.411	рюкзак-синий	19.0	11.0	снег-в-тени	3.136	49.8	2.0	-33.0	33.1	bbox	1039	65.0	65.0	65.0	129,161,3,4	34.8			
1041	1041	1.037	рюкзак-синий	7.8	10.2	снег-в-тени	0.230	49.0	-1.0	-6.5	6.6	bbox	1040	62.0	62.0	62.0	1837,289,4,2	34.3			
1042	1042	1.184	рюкзак-синий	8.5	14.3	снег-в-тени	1.830	53.1	4.0	-22.0	22.4	bbox	1041	56.0	56.0	56.0	1095,199,6,2	34.1			
1043	1043	1.157	рюкзак-синий	5.1	27.0	порода-в-тени	1.076	11.8	0.0	-9.0	9.0	bbox	1042	80.0	80.0	80.0	29,984,6,3	34.1			
1044	1044	1.768	палка-древко-контроль	12.3	24.7	снег-освещённый	0.852	66.3	-5.5	-3.0	6.3	bbox	1043	56.0	56.0	56.0	85,483,4,2	34.0			
1045	1045	1.660	стакан-марка-красная	13.2	3.7	снег-в-тени	0.874	53.5	-2.0	-1.5	2.5	bbox	1044	73.0	73.0	73.0	373,777,4,2	34.0			
1046	1046	1.228	рюкзак-синий	8.1	19.6	снег-в-тени	1.791	58.4	0.0	-22.0	22.0	bbox	1045	56.0	56.0	56.0	1281,7,6,2	33.8			
1047	1047	1.818	стакан-марка-красная	11.5	31.0	порода-в-тени	0.232	18.8	-0.5	0.0	0.5	bbox	1046	72.0	72.0	72.0	1889,697,4,2	33.8			
1048	1048	1.305	рюкзак-синий	9.9	12.0	снег-в-тени	0.599	50.8	-4.0	-5.5	6.8	bbox	1047	74.0	74.0	76.0	135,487,4,4	32.6			
1049	1049	0.848	рюкзак-синий	6.4	7.9	снег-в-тени	0.397	46.7	-3.0	-9.0	9.5	bbox	1048	119.0	119.0	119.0	1857,295,5,2	31.7			
1050	1050	0.685	рюкзак-синий	5.1	7.0	снег-в-тени	1.510	31.8	2.0	-19.0	19.1	bbox	1049	125.0	125.0	126.0	1484,219,5,4	31.5			
1051	1051	1.264	рюкзак-синий	10.0	3.9	снег-в-тени	2.024	42.7	2.0	-24.0	24.1	bbox	1050	74.0	74.0	74.0	1667,81,2,6	31.3			
1052	1052	1.887	рюкзак-синий	11.7	33.4	снег-освещённый	0.546	72.2	-3.0	-3.0	4.2	bbox	1051	11.0	11.0	11.0	1059,9,4,2	31.2			
1053	1053	2.142	рюкзак-синий	17.1	2.8	снег-в-тени	2.908	41.6	3.0	-31.0	31.1	bbox	1052	66.0	66.0	66.0	841,71,4,4	31.2			
1054	1054	0.472	рюкзак-синий	3.4	6.1	снег-в-тени	1.191	32.7	4.0	-15.5	16.0	bbox	1053	125.0	125.0	126.0	785,277,6,2	31.0			
1055	1055	1.341	рюкзак-синий	10.0	13.2	снег-в-тени	2.006	52.0	0.0	-24.0	24.0	bbox	1054	63.0	63.0	63.0	453,435,8,2	30.7			
1056	1056	1.107	рюкзак-синий	1.4	30.6	снег-в-тени	1.167	69.4	0.0	-15.0	15.0	bbox	1055	105.0	104.0	105.0	963,6,4,3	29.7			
1057	1057	1.160	рюкзак-синий	4.5	28.5	снег-в-тени	0.749	67.3	-1.0	-10.0	10.0	bbox	1056	126.0	126.0	126.0	330,845,5,2	29.6			
1058	1058	1.854	стакан-марка-красная	11.2	34.1	порода-в-тени	0.584	15.7	0.0	3.0	3.0	bbox	1057	63.0	63.0	63.0	1916,989,4,2	29.4			
1059	1059	1.012	рюкзак-синий	8.1	2.5	снег-в-тени	1.815	36.3	2.0	-22.0	22.1	bbox	1058	74.0	74.0	74.0	1749,252,4,3	29.4			
1060	1060	1.436	рюкзак-синий	6.1	34.1	порода-в-тени	1.153	4.7	2.0	-8.0	8.2	bbox	1059	95.0	95.0	95.0	1822,138,3,7	29.4			
1061	1061	0.563	рюкзак-синий	4.3	4.7	снег-в-тени	0.727	34.1	-2.5	-11.5	11.8	bbox	1060	65.0	65.0	65.0	48,799,5,2	29.2			
1062	1062	2.422	стакан-марка-красная	13.2	49.8	снег-пересвеченный	0.478	99.6	-2.0	-1.0	2.2	bbox	1061	76.0	76.0	76.0	1275,1047,2,4	28.9			
1063	1063	1.748	рюкзак-синий	13.2	16.6	порода-в-тени	0.140	22.2	-1.0	-1.0	1.4	bbox	1062	127.0	127.0	127.0	1881,969,4,2	28.3			
1064	1064	1.252	рюкзак-синий	10.0	1.0	снег-в-тени	2.029	39.8	1.5	-24.0	24.0	bbox	1063	62.0	62.0	62.0	243,781,4,4	27.9			
1065	1065	0.999	рюкзак-синий	5.1	21.5	порода-в-тени	1.037	17.3	0.0	-9.0	9.0	bbox	1064	73.0	73.0	73.0	1433,894,5,3	27.4			
1066	1066	1.975	палка-древко-контроль	13.2	30.4	снег-в-тени	2.475	72.0	-1.5	-26.5	26.5	bbox	1065	80.0	80.0	80.0	564,0,2,5	27.3			
1067	1067	0.844	рюкзак-синий	3.6	20.0	снег-в-тени	1.574	18.8	3.0	-17.0	17.3	bbox	1066	108.0	108.0	108.0	978,273,2,4	27.1			
1068	1068	0.881	рюкзак-синий	3.0	22.3	снег-в-тени	1.187	16.5	1.0	-11.0	11.0	bbox	1067	74.0	74.0	74.0	1754,828,3,3	26.7			
1069	1069	0.464	палка-древко-контроль	3.6	3.1	снег-в-тени	0.891	44.7	-5.0	-13.0	13.9	bbox	1068	104.0	104.0	104.0	931,109,4,2	25.5			
1070	1070	1.274	стакан-марка-красная	3.6	33.3	порода-в-тени	1.253	16.5	7.5	2.0	7.8	bbox	1069	127.0	127.0	127.0	171,1055,3,6	25.4			
1071	1071	1.922	рюкзак-синий	6.3	49.0	снег-пересвеченный	0.735	87.8	-1.0	-8.0	8.1	bbox	1070	122.0	122.0	122.0	108,579,3,3	25.3			
1072	1072	0.395	рюкзак-синий	3.2	0.0	снег-в-тени	0.553	38.8	2.0	-11.0	11.2	bbox	1071	57.0	57.0	57.0	890,544,3,3	24.9			
1073	1073	1.529	рюкзак-синий	11.0	18.4	порода-в-тени	0.559	20.4	2.0	-3.0	3.6	bbox	1072	123.0	123.0	123.0	886,911,3,3	24.3			
1074	1074	0.323	рюкзак-синий	2.0	5.7	снег-в-тени	0.529	44.5	1.0	-12.0	12.0	bbox	1073	99.0	99.0	99.0	237,162,2,3	23.8			
1075	1075	1.420	рюкзак-синий	10.0	18.8	снег-в-тени	2.035	57.6	1.0	-24.0	24.0	bbox	1074	108.0	108.0	108.0	436,106,3,3	23.6			
1076	1076	1.777	рюкзак-синий	12.0	26.6	порода-в-тени	0.542	12.2	1.5	-2.0	2.5	bbox	1075	126.0	124.0	126.0	1541,1013,4,2	23.5			
1077	1077	1.349	рюкзак-синий	9.7	16.9	снег-в-тени	1.978	55.7	4.5	-23.0	23.4	bbox	1076	74.0	74.0	74.0	1477,12,2,3	22.5			
1078	1078	1.436	рюкзак-синий	6.1	34.1	порода-в-тени	1.153	4.7	2.0	-8.0	8.2	bbox	1077	126.0	125.0	126.0	1690,1010,5,3	22.0			
1079	1079	1.379	рюкзак-синий	9.5	19.6	снег-в-тени	1.978	58.4	1.0	-23.5	23.5	bbox	1078	109.0	109.0	109.0	605,123,2,4	21.6			
1080	1080	0.760	рюкзак-синий	6.1	0.2	снег-в-тени	0.412	38.6	2.0	-8.0	8.2	bbox	1079	63.0	63.0	63.0	1787,660,2,3	21.5			
1081	1081	2.720	рюкзак-синий	21.5	11.8	снег-в-тени	3.441	50.6	1.0	-35.5	35.5	bbox	1080	76.0	76.0	76.0	133,4,2,4	20.7			
1082	1082	1.086	рюкзак-синий	8.5	6.3	снег-в-тени	1.819	45.1	1.0	-22.5	22.5	bbox	1081	11.0	11.0	11.0	145,69,2,4	20.6			
1083	1083	1.412	рюкзак-синий	6.1	33.3	порода-в-тени	1.140	5.5	2.0	-8.0	8.2	bbox	1082	126.0	126.0	126.0	1767,1017,4,2	20.1			
1084	1084	1.907	стакан-марка-красная	12.1	32.6	снег-освещённый	0.655	82.4	0.5	-5.0	5.0	bbox	1083	127.0	124.0	127.0	465,769,3,2	19.9			
1085	1085	1.082	рюкзак-синий	8.2	9.2	снег-в-тени	1.790	48.0	3.0	-22.0	22.2	bbox	1084	76.0	74.0	76.0	1373,213,4,2	19.4			
1086	1086	0.386	рюкзак-синий	2.5	6.1	снег-в-тени	0.929	44.9	3.5	-14.5	14.9	bbox	1085	127.0	127.0	127.0	1401,55,4,2	19.2			
1087	1087	0.644	палка-древко-контроль	4.7	7.2	снег-в-тени	0.753	48.8	-4.0	-12.5	13.1	bbox	1086	11.0	11.0	11.0	815,0,2,3	19.1			
1088	1088	1.403	рюкзак-синий	6.5	32.0	снег-в-тени	0.844	70.8	1.5	-7.5	7.6	bbox	1087	127.0	127.0	127.0	1677,527,4,2	18.1			
1089	1089	1.518	рюкзак-синий	5.5	37.9	снег-в-тени	1.050	76.7	1.5	-8.5	8.6	bbox	1088	126.0	126.0	126.0	583,861,3,2	16.1			
1090	1090	1.351	рюкзак-синий	10.0	13.9	снег-в-тени	2.008	52.7	0.0	-24.0	24.0	bbox	1089	63.0	63.0	63.0	1085,146,2,3	16.0			
1091	1091	1.157	рюкзак-синий	7.3	20.0	снег-в-тени	1.714	58.8	3.0	-21.0	21.2	bbox	1090	63.0	63.0	63.0	793,315,3,2	15.6			
1092	1092	2.346	стакан-марка-красная	12.4	49.4	снег-пересвеченный	0.501	99.2	-1.0	-2.0	2.2	bbox	1091	74.0	74.0	74.0	1143,889,2,3	15.5			
1093	1093	0.809	рюкзак-синий	1.0	22.4	снег-в-тени	0.924	61.2	2.0	-14.0	14.1	bbox	1092	125.0	125.0	125.0	1692,273,3,2	15.5			
1094	1094	0.316	рюкзак-синий	2.5	1.3	снег-в-тени	1.068	37.5	-0.5	-16.0	16.0	bbox	1093	125.0	125.0	125.0	1591,282,2,3	14.7			
1095	1095	1.157	рюкзак-синий	8.2	14.7	снег-в-тени	1.801	53.5	3.0	-22.0	22.2	bbox	1094	63.0	63.0	63.0	955,273,3,2	13.6			
