ранг	ранг_в_группе	расстояние	сигнатура	d_ab	d_L	ловушка	d_ловушки	L	a	b	C	цвет_измерен	track	t_best	t0	t1	bbox	score	lat	lon	alt
1	1	1.596	рюкзак-синий	12.0	14.9	порода-в-тени	0.307	23.9	0.0	-2.0	2.0	bbox	0	0.0	0.0	0.0	0,0,105,143	9031.4			
2	2	1.702	стакан-марка-красная	13.2	12.4	снег-освещённый	0.689	62.2	-2.0	-1.0	2.2	bbox	1	23.0	23.0	23.0	1533,0,120,625	8544.2			
3	3	1.485	рюкзак-синий	11.7	7.1	снег-в-тени	0.732	45.9	-3.0	-3.0	4.2	bbox	2	30.0	30.0	34.0	1782,1015,138,48	7518.5			
4	4	1.846	рюкзак-синий	12.6	26.7	снег-освещённый	0.651	65.5	-3.0	-2.0	3.6	bbox	3	90.0	90.0	90.0	1829,174,64,477	7034.3			
5	5	1.495	рюкзак-синий	11.7	8.7	снег-в-тени	0.729	47.5	-3.0	-3.0	4.2	bbox	4	54.0	51.0	57.0	1777,627,108,94	6890.9			
6	6	1.680	рюкзак-синий	12.4	18.4	порода-в-тени	0.125	20.4	-2.0	-2.0	2.8	bbox	5	54.0	52.0	54.0	1761,753,104,186	5607.6			
7	7	1.118	рюкзак-синий	8.9	0.0	снег-в-тени	0.553	38.8	-3.0	-6.0	6.7	bbox	6	103.0	103.0	103.0	0,0,59,80	5573.9			
8	8	1.603	рюкзак-синий	12.6	7.4	порода-в-тени	0.430	31.4	-3.0	-2.0	3.6	bbox	7	40.0	39.0	40.0	1787,961,115,62	4600.7			
9	9	1.349	рюкзак-синий	10.8	2.4	снег-в-тени	0.668	41.2	-3.0	-4.0	5.0	bbox	8	29.0	28.0	29.0	1098,737,223,216	4262.3			
10	10	1.251	рюкзак-синий	9.8	6.3	снег-в-тени	0.539	45.1	-3.0	-5.0	5.8	bbox	9	42.0	41.0	42.0	1757,11,80,88	4166.4			
11	11	2.021	палка-древко-контроль	12.6	35.3	снег-пересвеченный	0.491	76.9	-4.0	-3.0	5.0	bbox	10	1.0	0.0	1.0	113,0,96,99	4074.3			
12	12	1.724	рюкзак-синий	13.0	16.1	снег-в-тени	0.936	54.9	-4.0	-2.0	4.5	bbox	11	81.0	81.0	81.0	1677,873,180,140	3991.6			
13	13	2.420	палка-древко-контроль	12.4	52.1	снег-пересвеченный	0.168	93.7	-5.0	-3.0	5.8	bbox	12	88.0	88.0	88.0	103,233,50,73	3972.7			
14	14	1.474	рюкзак-синий	11.7	5.1	снег-в-тени	0.742	43.9	-3.0	-3.0	4.2	bbox	13	39.0	39.0	39.0	1873,629,47,62	3326.2			
15	15	1.647	стакан-марка-красная	13.0	6.7	снег-освещённый	0.878	56.5	-2.0	0.0	2.0	bbox	14	23.0	23.0	23.0	1459,777,52,303	3099.3			
16	16	2.121	стакан-марка-красная	15.1	26.9	снег-освещённый	0.422	76.7	-4.0	-1.0	4.1	bbox	15	30.0	30.0	30.0	9,993,32,40	2871.9			
17	17	1.574	палка-древко-контроль	9.5	29.0	снег-пересвеченный	0.817	70.6	-5.0	-6.0	7.8	bbox	16	89.0	89.0	89.0	1625,987,76,72	2635.3			
18	18	2.168	палка-древко-контроль	13.3	38.8	снег-пересвеченный	0.405	80.4	-5.0	-2.0	5.4	bbox	17	37.0	37.0	38.0	477,97,28,116	2546.9			
19	19	1.843	палка-древко-контроль	9.8	38.4	снег-пересвеченный	0.533	80.0	-4.0	-6.0	7.2	bbox	18	90.0	89.0	90.0	217,0,82,97	2511.0			
20	20	1.595	рюкзак-синий	12.6	5.9	порода-в-тени	0.482	32.9	-3.0	-2.0	3.6	bbox	19	31.0	31.0	31.0	645,531,48,52	2433.0			
21	21	1.593	палка-древко-контроль	9.5	29.8	снег-пересвеченный	0.792	71.4	-5.0	-6.0	7.8	bbox	20	91.0	91.0	91.0	1829,865,78,56	2391.9			
22	22	1.444	палка-древко-контроль	9.8	21.1	снег-в-тени	0.773	62.7	-4.0	-6.0	7.2	bbox	21	90.0	90.0	90.0	1809,0,66,89	2157.0			
23	23	1.932	стакан-марка-красная	14.3	20.4	снег-освещённый	0.518	70.2	-3.0	-2.0	3.6	bbox	22	82.0	82.0	82.0	1378,841,111,92	2047.9			
24	24	1.699	стакан-марка-красная	11.2	27.1	порода-в-тени	0.264	22.7	0.0	-1.0	1.0	bbox	23	84.0	84.0	84.0	1285,233,24,36	2024.8			
25	25	1.511	рюкзак-синий	10.8	19.2	снег-в-тени	0.724	58.0	-3.0	-4.0	5.0	bbox	24	25.0	22.0	25.0	1625,723,62,67	1903.2			
26	26	1.175	рюкзак-синий	8.5	13.7	порода-в-тени	0.647	25.1	-2.0	-6.0	6.3	bbox	25	37.0	37.0	37.0	385,185,36,56	1815.8			
27	27	1.892	палка-древко-контроль	10.8	37.2	снег-пересвеченный	0.489	78.8	-4.0	-5.0	6.4	bbox	26	89.0	89.0	90.0	163,617,56,56	1767.2			
28	28	1.703	палка-древко-контроль	5.8	43.1	снег-пересвеченный	0.909	84.7	-5.0	-10.0	11.2	bbox	27	91.0	91.0	99.0	53,18,57,47	1762.3			
29	29	1.490	рюкзак-синий	11.4	12.1	порода-в-тени	0.336	26.7	-2.0	-3.0	3.6	bbox	28	55.0	51.0	57.0	1697,699,40,95	1736.2			
30	30	1.201	рюкзак-синий	8.2	17.2	порода-в-тени	0.639	21.6	-1.0	-6.0	6.1	bbox	29	37.0	37.0	37.0	417,89,24,40	1731.1			
31	31	1.588	палка-древко-контроль	6.4	38.4	снег-пересвеченный	0.953	80.0	-4.0	-10.0	10.8	bbox	30	93.0	90.0	93.0	0,79,63,40	1711.9			
32	32	1.344	палка-древко-контроль	10.4	9.0	снег-в-тени	0.736	50.6	-5.0	-5.0	7.1	bbox	31	91.0	91.0	91.0	89,689,48,58	1674.3			
33	33	1.704	рюкзак-синий	13.6	3.2	порода-в-тени	0.780	42.0	-3.0	-1.0	3.2	bbox	32	47.0	47.0	47.0	1895,740,25,47	1630.1			
34	34	1.412	рюкзак-синий	7.3	30.2	снег-в-тени	0.778	69.0	-1.0	-7.0	7.1	bbox	33	1.0	1.0	1.0	217,809,16,118	1608.8			
35	35	1.830	рюкзак-синий	14.6	5.5	порода-в-тени	0.495	33.3	-3.0	0.0	3.0	bbox	34	23.0	23.0	23.0	1779,535,62,26	1549.0			
36	36	1.730	стакан-марка-красная	11.0	29.4	порода-в-тени	0.354	20.4	0.0	1.0	1.0	bbox	35	77.0	77.0	77.0	0,0,29,48	1541.7			
37	37	1.421	рюкзак-синий	10.4	15.7	снег-в-тени	0.608	54.5	-2.0	-4.0	4.5	bbox	36	39.0	39.0	39.0	1743,161,25,32	1506.6			
38	38	1.057	рюкзак-синий	5.7	22.0	снег-в-тени	0.647	60.8	-3.0	-10.0	10.4	bbox	37	93.0	92.0	93.0	57,21,40,44	1485.5			
39	39	2.133	палка-древко-контроль	13.3	37.2	снег-пересвеченный	0.456	78.8	-5.0	-2.0	5.4	bbox	38	47.0	47.0	47.0	111,377,30,40	1451.3			
40	40	1.122	рюкзак-синий	5.4	25.1	снег-в-тени	0.602	63.9	-1.0	-9.0	9.1	bbox	39	23.0	23.0	23.0	687,0,61,15	1450.7			
41	41	1.707	рюкзак-синий	11.4	26.3	снег-освещённый	0.686	65.1	-2.0	-3.0	3.6	bbox	40	36.0	36.0	36.0	1829,227,46,34	1433.1			
42	42	1.239	рюкзак-синий	7.3	23.6	снег-в-тени	0.549	62.4	-1.0	-7.0	7.1	bbox	41	29.0	29.0	29.0	1675,265,16,63	1407.5			
43	43	1.691	палка-древко-контроль	12.4	19.2	снег-освещённый	0.950	60.8	-5.0	-3.0	5.8	bbox	42	97.0	97.0	97.0	233,169,104,10	1395.0			
44	44	1.519	рюкзак-синий	10.0	23.9	порода-в-тени	0.492	14.9	0.0	-4.0	4.0	bbox	43	85.0	85.0	85.0	1855,862,33,19	1382.4			
45	45	2.020	палка-древко-контроль	13.3	31.9	снег-освещённый	0.616	73.5	-5.0	-2.0	5.4	bbox	44	2.0	2.0	2.0	225,0,42,17	1366.5			
46	46	2.114	палка-древко-контроль	11.7	42.7	снег-пересвеченный	0.257	84.3	-4.0	-4.0	5.7	bbox	45	97.0	97.0	97.0	0,631,43,36	1351.5			
47	47	1.841	стакан-марка-красная	11.0	34.1	порода-в-тени	0.326	15.7	0.0	0.0	0.0	bbox	46	53.0	53.0	57.0	1895,966,25,27	1346.0			
48	48	1.382	рюкзак-синий	7.6	28.1	снег-в-тени	0.736	66.9	-2.0	-7.0	7.3	bbox	47	103.0	103.0	103.0	41,97,40,20	1342.9			
49	49	2.263	стакан-марка-красная	16.0	29.4	снег-освещённый	0.503	79.2	-5.0	0.0	5.0	bbox	48	35.0	34.0	35.0	0,451,18,30	1340.0			
50	50	1.621	палка-древко-контроль	9.5	30.9	снег-пересвеченный	0.756	72.5	-5.0	-6.0	7.8	bbox	49	88.0	88.0	88.0	101,829,32,22	1307.1			
51	51	1.833	палка-древко-контроль	10.4	36.0	снег-пересвеченный	0.540	77.6	-5.0	-5.0	7.1	bbox	50	93.0	91.0	93.0	105,0,100,97	1294.9			
52	52	1.550	рюкзак-синий	11.2	18.8	порода-в-тени	0.280	20.0	-1.0	-3.0	3.2	bbox	51	24.0	21.0	24.0	1863,873,34,22	1266.5			
53	53	1.459	рюкзак-синий	10.3	19.2	снег-в-тени	0.724	58.0	-4.0	-5.0	6.4	bbox	52	88.0	88.0	90.0	367,591,42,44	1247.3			
54	54	1.318	рюкзак-синий	9.4	16.5	снег-в-тени	0.620	55.3	-4.0	-6.0	7.2	bbox	53	103.0	103.0	103.0	55,146,27,47	1202.6			
55	55	1.704	рюкзак-синий	13.2	12.5	порода-в-тени	0.244	26.3	-1.0	-1.0	1.4	bbox	54	93.0	90.0	93.0	85,1025,24,24	1196.1			
56	56	1.016	рюкзак-синий	6.7	16.1	порода-в-тени	0.879	22.7	-2.0	-8.0	8.2	bbox	55	41.0	41.0	42.0	817,38,34,35	1160.0			
57	57	1.845	палка-древко-контроль	7.2	45.1	снег-пересвеченный	0.763	86.7	-4.0	-9.0	9.8	bbox	56	92.0	91.0	92.0	63,116,56,37	1147.8			
58	58	1.036	рюкзак-синий	8.2	2.8	снег-в-тени	0.357	41.6	-1.0	-6.0	6.1	bbox	57	31.0	31.0	31.0	395,1011,20,30	1140.7			
59	59	1.764	рюкзак-синий	13.9	7.9	порода-в-тени	0.971	46.7	-4.0	-1.0	4.1	bbox	58	27.0	27.0	27.0	209,929,60,20	1137.4			
60	60	1.238	рюкзак-синий	9.8	3.6	снег-в-тени	0.565	42.4	-3.0	-5.0	5.8	bbox	59	103.0	103.0	103.0	117,93,28,34	1128.5			
61	61	0.952	рюкзак-синий	7.6	0.2	снег-в-тени	0.420	39.0	-2.0	-7.0	7.3	bbox	60	1.0	1.0	2.0	1402,941,22,84	1127.2			
62	62	1.914	рюкзак-синий	12.6	30.2	снег-освещённый	0.550	69.0	-3.0	-2.0	3.6	bbox	61	48.0	48.0	48.0	1657,433,72,40	1110.9			
63	63	0.729	рюкзак-синий	5.4	7.9	снег-в-тени	0.181	46.7	-1.0	-9.0	9.1	bbox	62	23.0	23.0	23.0	613,5,44,20	1108.3			
64	64	0.767	рюкзак-синий	5.1	11.9	снег-в-тени	0.758	26.9	0.0	-9.0	9.0	bbox	63	36.0	36.0	36.0	1145,989,62,8	1042.9			
65	65	1.237	рюкзак-синий	5.4	29.0	снег-в-тени	0.737	67.8	-1.0	-9.0	9.1	bbox	64	1.0	1.0	1.0	241,999,12,81	1011.7			
66	66	1.227	рюкзак-синий	8.9	14.1	снег-в-тени	0.487	52.9	-3.0	-6.0	6.7	bbox	65	25.0	25.0	25.0	1731,837,18,28	1009.5			
67	67	1.287	рюкзак-синий	9.2	16.1	порода-в-тени	0.522	22.7	-1.0	-5.0	5.1	bbox	66	37.0	37.0	37.0	409,681,48,16	989.7			
68	68	1.238	рюкзак-синий	8.2	19.2	порода-в-тени	0.638	19.6	-1.0	-6.0	6.1	bbox	67	6.0	4.0	8.0	1205,471,29,23	982.3			
69	69	0.612	рюкзак-синий	3.6	11.6	снег-в-тени	0.567	50.4	-2.0	-12.0	12.2	bbox	68	96.0	94.0	96.0	1075,135,86,20	981.1			
70	70	1.269	рюкзак-синий	8.5	19.2	порода-в-тени	0.626	19.6	-2.0	-6.0	6.3	bbox	69	34.0	33.0	34.0	1037,1065,28,15	963.8			
71	71	1.913	палка-древко-контроль	12.6	30.2	снег-освещённый	0.621	71.8	-4.0	-3.0	5.0	bbox	70	1.0	1.0	1.0	1169,11,72,38	948.5			
72	72	1.686	палка-древко-контроль	13.3	7.0	снег-в-тени	0.977	48.6	-5.0	-2.0	5.4	bbox	71	89.0	88.0	90.0	66,829,15,32	943.9			
73	73	0.791	рюкзак-синий	6.3	0.4	снег-в-тени	0.331	39.2	-1.0	-8.0	8.1	bbox	72	41.0	41.0	41.0	1465,25,20,38	935.5			
74	74	1.667	рюкзак-синий	11.2	25.5	порода-в-тени	0.377	13.3	-1.0	-3.0	3.2	bbox	73	27.0	27.0	27.0	1759,137,26,31	934.0			
75	75	1.164	рюкзак-синий	8.5	13.0	снег-в-тени	0.381	51.8	-2.0	-6.0	6.3	bbox	74	35.0	35.0	35.0	1404,753,17,28	929.4			
76	76	1.381	стакан-марка-красная	11.0	0.8	снег-в-тени	1.005	50.6	0.0	0.0	0.0	bbox	75	86.0	86.0	89.0	394,425,17,29	929.1			
77	77	1.541	стакан-марка-красная	12.2	7.1	порода-в-тени	0.950	42.7	-1.0	3.0	3.2	bbox	76	24.0	22.0	24.0	1901,637,19,36	920.4			
78	78	1.548	рюкзак-синий	11.2	18.7	снег-в-тени	0.725	57.5	-1.0	-3.0	3.2	bbox	77	29.0	29.0	29.0	1033,961,74,30	904.0			
79	79	1.631	стакан-марка-красная	11.0	24.3	порода-в-тени	0.333	25.5	0.0	0.0	0.0	bbox	78	60.0	60.0	60.0	1137,0,16,17	891.9			
80	80	1.407	палка-древко-контроль	5.8	33.7	снег-в-тени	1.164	75.3	-3.0	-12.0	12.4	bbox	79	92.0	92.0	92.0	136,46,33,35	867.8			
81	81	1.545	рюкзак-синий	11.2	18.5	снег-в-тени	0.784	57.3	-4.0	-4.0	5.7	bbox	80	87.0	87.0	87.0	437,669,26,42	863.0			
82	82	1.422	рюкзак-синий	11.2	7.4	порода-в-тени	0.481	31.4	-1.0	-3.0	3.2	bbox	81	45.0	45.0	45.0	163,839,46,18	849.9			
83	83	1.093	рюкзак-синий	8.2	10.2	порода-в-тени	0.702	28.6	-1.0	-6.0	6.1	bbox	82	27.0	27.0	27.0	17,1001,48,16	836.5			
84	84	0.808	рюкзак-синий	5.4	12.5	снег-в-тени	0.789	26.3	-1.0	-9.0	9.1	bbox	83	34.0	34.0	34.0	1105,1057,16,23	836.3			
85	85	1.156	рюкзак-синий	8.9	8.3	снег-в-тени	0.451	47.1	-3.0	-6.0	6.7	bbox	84	2.0	1.0	2.0	484,57,25,19	820.0			
86	86	1.879	рюкзак-синий	10.2	38.7	снег-освещённый	0.514	77.5	-1.0	-4.0	4.1	bbox	85	29.0	29.0	29.0	1741,276,30,25	813.3			
87	87	1.653	рюкзак-синий	11.7	21.5	порода-в-тени	0.301	17.3	-3.0	-3.0	4.2	bbox	86	30.0	29.0	30.0	18,581,21,36	803.4			
88	88	0.427	рюкзак-синий	2.8	6.7	снег-в-тени	0.522	45.5	-1.0	-12.0	12.0	bbox	87	93.0	93.0	93.0	1760,1057,17,23	800.2			
89	89	0.627	рюкзак-синий	5.0	1.5	снег-в-тени	0.517	37.3	-2.0	-10.0	10.2	bbox	88	37.0	37.0	37.0	1905,4,15,29	795.2			
90	90	0.680	рюкзак-синий	5.4	2.7	снег-в-тени	0.454	36.1	-1.0	-9.0	9.1	bbox	89	36.0	36.0	36.0	1489,1057,34,23	793.5			
91	91	1.670	палка-древко-контроль	13.3	2.5	порода-в-тени	0.935	44.1	-5.0	-2.0	5.4	bbox	90	1.0	1.0	1.0	1039,89,43,16	792.6			
92	92	0.546	рюкзак-синий	1.0	14.9	снег-в-тени	1.136	23.9	0.0	-14.0	14.0	bbox	91	91.0	91.0	91.0	1905,1021,15,50	790.9			
93	93	0.438	рюкзак-синий	1.0	11.7	снег-в-тени	1.153	27.1	1.0	-15.0	15.0	bbox	92	92.0	92.0	92.0	1788,1047,15,33	780.2			
94	94	1.668	рюкзак-синий	13.3	1.2	порода-в-тени	0.616	37.6	-2.0	-1.0	2.2	bbox	93	50.0	50.0	50.0	358,173,27,12	770.6			
95	95	1.429	рюкзак-синий	11.4	2.9	порода-в-тени	0.607	35.9	-2.0	-3.0	3.6	bbox	94	29.0	28.0	29.0	1352,607,53,46	767.3			
96	96	1.499	рюкзак-синий	11.4	13.0	снег-в-тени	0.688	51.8	-2.0	-3.0	3.6	bbox	95	72.0	72.0	72.0	1867,893,19,28	764.7			
97	97	1.559	рюкзак-синий	10.2	25.1	снег-в-тени	0.773	63.9	-1.0	-4.0	4.1	bbox	96	49.0	49.0	49.0	1451,981,36,14	764.2			
98	98	1.626	стакан-марка-красная	11.0	24.3	порода-в-тени	0.398	25.5	0.0	1.0	1.0	bbox	97	1.0	0.0	1.0	51,63,20,18	759.8			
99	99	0.753	рюкзак-синий	5.0	11.7	снег-в-тени	0.821	27.1	-2.0	-10.0	10.2	bbox	98	55.0	54.0	57.0	1733,673,18,24	757.3			
100	100	1.367	рюкзак-синий	8.5	23.9	порода-в-тени	0.655	14.9	-2.0	-6.0	6.3	bbox	99	2.0	2.0	2.0	1211,927,30,38	755.9			
101	101	1.602	стакан-марка-красная	11.0	22.7	порода-в-тени	0.367	27.1	0.0	0.0	0.0	bbox	100	99.0	99.0	99.0	411,247,16,26	755.6			
102	102	1.829	палка-древко-контроль	14.1	13.1	снег-освещённый	1.129	54.7	-6.0	-1.0	6.1	bbox	101	1.0	1.0	1.0	1261,0,54,11	746.9			
103	103	2.128	палка-древко-контроль	13.6	35.9	снег-освещённый	0.466	77.5	-4.0	-2.0	4.5	bbox	102	41.0	41.0	43.0	1179,59,20,18	745.1			
104	104	0.697	рюкзак-синий	5.4	5.1	снег-в-тени	0.533	33.7	-1.0	-9.0	9.1	bbox	103	21.0	21.0	21.0	375,5,12,28	740.5			
105	105	1.611	стакан-марка-красная	12.0	16.1	порода-в-тени	0.508	33.7	-1.0	0.0	1.0	bbox	104	97.0	97.0	97.0	209,1031,23,16	738.2			
106	106	0.492	рюкзак-синий	2.2	11.3	снег-в-тени	0.967	27.5	-1.0	-13.0	13.0	bbox	105	57.0	57.0	57.0	1675,479,6,58	734.1			
107	107	2.192	стакан-марка-красная	16.0	25.1	снег-освещённый	0.557	74.9	-5.0	1.0	5.1	bbox	106	38.0	38.0	38.0	399,395,10,22	730.7			
108	108	1.837	стакан-марка-красная	11.0	33.9	порода-в-тени	0.323	15.9	0.0	0.0	0.0	bbox	107	98.0	98.0	98.0	1801,674,14,23	722.2			
109	109	1.662	рюкзак-синий	11.4	23.9	снег-освещённый	0.756	62.7	-2.0	-3.0	3.6	bbox	108	27.0	27.0	27.0	73,985,64,23	721.4			
110	110	1.355	рюкзак-синий	8.5	23.4	снег-в-тени	0.623	62.2	-2.0	-6.0	6.3	bbox	109	81.0	81.0	82.0	1885,907,22,28	719.0			
111	111	1.508	рюкзак-синий	10.3	22.0	снег-в-тени	0.778	60.8	-4.0	-5.0	6.4	bbox	110	97.0	97.0	97.0	123,571,34,20	718.0			
112	112	1.297	рюкзак-синий	9.5	14.7	снег-в-тени	0.495	53.5	-2.0	-5.0	5.4	bbox	111	3.0	3.0	3.0	154,425,21,20	706.8			
113	113	1.808	рюкзак-синий	13.0	21.9	порода-в-тени	0.280	16.9	0.0	-1.0	1.0	bbox	112	85.0	81.0	85.0	1871,709,14,23	705.4			
114	114	1.713	палка-древко-контроль	8.1	38.8	снег-пересвеченный	0.724	80.4	-4.0	-8.0	8.9	bbox	113	90.0	89.0	91.0	1643,818,22,29	697.1			
115	115	1.358	рюкзак-синий	9.4	18.8	снег-в-тени	0.660	57.6	-4.0	-6.0	7.2	bbox	114	91.0	91.0	91.0	465,187,44,16	692.0			
116	116	1.561	стакан-марка-красная	11.0	20.4	порода-в-тени	0.426	29.4	0.0	0.0	0.0	bbox	115	91.0	91.0	91.0	557,881,14,22	688.8			
117	117	2.157	стакан-марка-красная	16.0	22.4	снег-освещённый	0.588	72.2	-5.0	0.0	5.0	bbox	116	49.0	49.0	49.0	1902,1001,18,20	684.1			
118	118	2.267	стакан-марка-красная	16.1	29.4	снег-освещённый	0.507	79.2	-5.0	-0.5	5.0	bbox	117	43.0	42.0	44.0	773,185,24,16	674.8			
119	119	1.356	рюкзак-синий	10.2	12.9	порода-в-тени	0.441	25.9	-1.0	-4.0	4.1	bbox	118	29.0	29.0	29.0	1297,650,46,39	672.4			
120	120	0.941	рюкзак-синий	4.5	21.2	снег-в-тени	0.518	60.0	-1.0	-10.0	10.0	bbox	119	47.0	47.0	47.0	41,239,10,26	667.1			
121	121	1.279	рюкзак-синий	7.6	23.9	порода-в-тени	0.775	14.9	-2.0	-7.0	7.3	bbox	120	2.0	2.0	2.0	1169,984,28,41	664.0			
122	122	2.060	стакан-марка-красная	13.6	32.6	снег-пересвеченный	0.386	82.4	-2.0	-3.0	3.6	bbox	121	36.0	36.0	36.0	1779,265,37,26	654.1			
123	123	1.719	рюкзак-синий	13.2	14.1	порода-в-тени	0.198	24.7	-1.0	-1.0	1.4	bbox	122	55.0	53.0	55.0	1563,1049,31,21	643.6			
124	124	1.893	рюкзак-синий	13.9	20.8	снег-освещённый	0.854	59.6	-4.0	-1.0	4.1	bbox	123	95.0	92.0	95.0	98,5,57,18	643.2			
125	125	1.630	стакан-марка-красная	13.0	1.2	порода-в-тени	1.016	48.6	-2.0	0.0	2.0	bbox	124	86.0	86.0	86.0	677,343,23,24	631.4			
126	126	1.681	рюкзак-синий	13.2	9.8	порода-в-тени	0.332	29.0	-1.0	-1.0	1.4	bbox	125	89.0	88.0	89.0	367,847,14,18	628.5			
127	127	1.697	стакан-марка-красная	12.0	22.0	порода-в-тени	0.319	27.8	-1.0	0.0	1.0	bbox	126	24.0	24.0	25.0	1425,877,32,12	625.6			
128	128	1.166	рюкзак-синий	7.3	20.4	снег-в-тени	0.444	59.2	-1.0	-7.0	7.1	bbox	127	22.0	22.0	22.0	0,169,29,10	617.4			
129	129	1.563	стакан-марка-красная	11.2	19.6	порода-в-тени	0.430	30.2	0.0	-1.0	1.0	bbox	128	58.0	58.0	58.0	467,182,17,16	613.0			
130	130	1.503	рюкзак-синий	11.2	15.5	снег-в-тени	0.744	54.3	-4.0	-4.0	5.7	bbox	129	88.0	88.0	90.0	180,939,15,34	612.3			
131	131	1.294	рюкзак-синий	10.2	6.3	снег-в-тени	0.524	45.1	-1.0	-4.0	4.1	bbox	130	30.0	30.0	30.0	345,421,18,28	609.0			
132	132	2.098	палка-древко-контроль	11.4	43.1	снег-пересвеченный	0.275	84.7	-5.0	-4.0	6.4	bbox	131	90.0	90.0	90.0	71,259,40,34	608.1			
133	133	1.661	стакан-марка-красная	11.0	25.9	порода-в-тени	0.307	23.9	0.0	0.0	0.0	bbox	132	91.0	86.0	91.0	413,969,14,16	604.5			
134	134	1.645	стакан-марка-красная	13.2	1.6	снег-розовый	1.069	51.4	-2.0	3.0	3.6	bbox	133	56.0	56.0	56.0	1857,635,16,56	601.8			
135	135	1.891	стакан-марка-красная	15.0	5.9	снег-освещённый	0.972	55.7	-4.0	0.0	4.0	bbox	134	80.0	80.0	80.0	1617,1013,18,28	592.7			
136	136	0.810	рюкзак-синий	6.4	3.5	снег-в-тени	0.596	35.3	-3.0	-9.0	9.5	bbox	135	54.0	54.0	54.0	1906,643,14,26	585.8			
137	137	1.566	рюкзак-синий	9.8	27.1	снег-в-тени	0.836	65.9	-3.0	-5.0	5.8	bbox	136	0.0	0.0	0.0	147,805,22,16	562.7			
138	138	1.018	рюкзак-синий	8.1	4.1	снег-в-тени	0.530	34.7	0.0	-6.0	6.0	bbox	137	59.0	58.0	59.0	77,973,28,19	560.5			
139	139	1.691	палка-древко-контроль	11.4	25.5	снег-пересвеченный	0.859	67.1	-5.0	-4.0	6.4	bbox	138	91.0	91.0	91.0	29,1051,20,29	556.7			
140	140	1.669	рюкзак-синий	11.0	26.3	порода-в-тени	0.451	12.5	0.0	-3.0	3.0	bbox	139	96.0	96.0	96.0	788,1021,10,27	555.0			
141	141	1.576	рюкзак-синий	11.2	20.4	снег-в-тени	0.816	59.2	-4.0	-4.0	5.7	bbox	140	89.0	89.0	94.0	137,979,22,30	553.5			
142	142	0.852	рюкзак-синий	6.0	11.2	снег-в-тени	0.100	50.0	0.5	-8.0	8.0	bbox	141	26.0	22.0	26.0	1325,139,30,10	547.8			
143	143	1.452	палка-древко-контроль	9.8	21.5	снег-в-тени	0.783	63.1	-4.0	-6.0	7.2	bbox	142	88.0	88.0	96.0	721,85,26,14	541.6			
144	144	1.892	палка-древко-контроль	15.1	1.6	порода-в-тени	0.869	40.0	-6.0	0.0	6.0	bbox	143	93.0	92.0	93.0	65,325,14,20	539.6			
145	145	2.557	стакан-марка-красная	16.1	44.3	снег-пересвеченный	0.359	94.1	-5.0	-0.5	5.0	bbox	144	28.0	28.0	28.0	1380,827,16,15	537.9			
146	146	1.258	рюкзак-синий	9.2	14.1	снег-в-тени	0.436	52.9	-1.0	-5.0	5.1	bbox	145	39.0	39.0	39.0	1233,865,32,8	537.9			
147	147	0.735	рюкзак-синий	5.8	2.7	снег-в-тени	0.503	36.1	-2.0	-9.0	9.2	bbox	146	48.0	46.0	48.0	325,767,17,16	536.1			
148	148	1.041	рюкзак-синий	7.3	14.1	снег-в-тени	0.255	52.9	-1.0	-7.0	7.1	bbox	147	101.0	101.0	101.0	193,209,16,16	533.4			
149	149	1.665	стакан-марка-красная	11.0	26.1	порода-в-тени	0.304	23.7	0.0	0.0	0.0	bbox	148	96.0	96.0	97.0	967,438,18,19	525.3			
150	150	1.555	палка-древко-контроль	12.4	4.7	снег-в-тени	0.886	46.3	-5.0	-3.0	5.8	bbox	149	94.0	93.0	94.0	1246,0,27,17	521.3			
151	151	0.613	рюкзак-синий	4.5	7.0	снег-в-тени	0.848	31.8	-3.0	-12.0	12.4	bbox	150	57.0	52.0	57.0	1653,981,4,56	520.5			
152	152	0.908	рюкзак-синий	7.1	5.9	снег-в-тени	0.545	32.9	0.0	-7.0	7.0	bbox	151	31.0	31.0	31.0	451,875,20,12	517.8			
153	153	1.630	стакан-марка-красная	13.0	0.0	снег-розовый	1.112	49.8	-2.0	2.0	2.8	bbox	152	56.0	56.0	56.0	1810,816,17,59	516.2			
154	154	2.374	палка-древко-контроль	16.0	35.7	снег-освещённый	0.771	77.3	-7.0	1.0	7.1	bbox	153	47.0	47.0	47.0	0,289,11,16	512.5			
155	155	1.470	рюкзак-синий	11.7	3.9	снег-в-тени	0.751	42.7	-3.0	-3.0	4.2	bbox	154	3.0	3.0	4.0	527,495,19,28	512.0			
156	156	1.657	стакан-марка-красная	12.2	18.4	порода-в-тени	0.411	31.4	-1.0	-1.0	1.4	bbox	155	91.0	91.0	91.0	251,931,14,20	507.2			
157	157	1.572	рюкзак-синий	8.0	33.9	снег-освещённый	0.841	72.7	1.0	-6.0	6.1	bbox	156	30.0	30.0	30.0	131,739,26,12	501.7			
158	158	1.551	рюкзак-синий	12.1	9.8	снег-в-тени	0.801	48.6	-4.0	-3.0	5.0	bbox	157	14.0	11.0	14.0	223,475,32,20	501.0			
159	159	1.757	рюкзак-синий	13.9	6.7	порода-в-тени	0.930	45.5	-4.0	-1.0	4.1	bbox	158	98.0	98.0	98.0	1409,667,16,19	496.3			
160	160	1.193	рюкзак-синий	8.5	14.9	порода-в-тени	0.638	23.9	-2.0	-6.0	6.3	bbox	159	55.0	52.0	55.0	1611,977,20,34	495.2			
161	161	2.120	палка-древко-контроль	12.5	40.0	снег-пересвеченный	0.499	81.6	-7.0	-2.5	7.4	bbox	160	90.0	90.0	90.0	175,0,26,17	494.2			
162	162	1.386	стакан-марка-красная	11.0	3.5	порода-в-тени	0.965	46.3	0.0	0.0	0.0	bbox	161	59.0	53.0	59.0	65,185,16,8	493.2			
163	163	1.933	палка-древко-контроль	15.1	11.1	снег-освещённый	1.181	52.7	-6.0	0.0	6.0	bbox	162	0.0	0.0	0.0	297,205,48,10	490.4			
164	164	0.910	рюкзак-синий	7.3	0.4	снег-в-тени	0.378	38.4	-1.0	-7.0	7.1	bbox	163	39.0	39.0	39.0	1385,803,19,26	486.0			
165	165	1.249	рюкзак-синий	7.3	23.9	снег-в-тени	0.562	62.7	-1.0	-7.0	7.1	bbox	164	23.0	23.0	25.0	529,29,73,12	485.0			
166	166	1.795	рюкзак-синий	7.1	43.7	снег-пересвеченный	0.763	82.5	0.0	-7.0	7.0	bbox	165	67.0	67.0	67.0	1863,919,17,22	472.1			
167	167	1.424	рюкзак-синий	11.2	7.7	снег-в-тени	0.639	46.5	-1.0	-3.0	3.2	bbox	166	47.0	47.0	48.0	1313,17,26,16	471.0			
168	168	2.229	стакан-марка-красная	17.5	12.5	порода-в-тени	1.084	37.3	-6.0	5.0	7.8	bbox	167	82.0	82.0	82.0	1647,819,14,23	468.3			
169	169	0.894	рюкзак-синий	6.7	8.7	снег-в-тени	0.250	47.5	-2.0	-8.0	8.2	bbox	168	36.0	36.0	36.0	1561,1017,18,32	465.4			
170	170	0.932	рюкзак-синий	5.4	18.1	снег-в-тени	0.369	56.9	-1.0	-9.0	9.1	bbox	169	101.0	101.0	101.0	1859,1033,14,22	463.8			
171	171	1.428	рюкзак-синий	7.3	30.8	снег-в-тени	0.799	69.6	-1.0	-7.0	7.1	bbox	170	22.0	22.0	22.0	977,881,34,10	456.0			
172	172	0.608	рюкзак-синий	3.2	12.9	снег-в-тени	1.393	25.9	2.0	-17.0	17.1	bbox	171	89.0	89.0	93.0	1683,6,7,61	454.5			
173	173	1.293	рюкзак-синий	7.3	25.7	снег-в-тени	0.622	64.5	-1.0	-7.0	7.1	bbox	172	27.0	27.0	28.0	1259,471,50,13	447.7			
174	174	1.644	стакан-марка-красная	13.2	0.4	снег-розовый	1.106	50.2	-2.0	3.0	3.6	bbox	173	55.0	55.0	56.0	1905,857,15,34	447.6			
175	175	1.715	рюкзак-синий	12.4	20.8	порода-в-тени	0.151	18.0	-2.0	-2.0	2.8	bbox	174	61.0	61.0	62.0	1571,164,13,14	445.6			
176	176	1.608	рюкзак-синий	10.4	26.3	снег-освещённый	0.762	65.1	-2.0	-4.0	4.5	bbox	175	27.0	27.0	27.0	1825,107,18,26	444.9			
177	177	1.037	рюкзак-синий	6.3	18.8	порода-в-тени	0.884	20.0	-1.0	-8.0	8.1	bbox	176	36.0	36.0	36.0	1232,973,33,14	438.5			
178	178	2.327	палка-древко-контроль	13.3	45.5	снег-пересвеченный	0.217	87.1	-5.0	-2.0	5.4	bbox	177	0.0	0.0	0.0	446,1069,16,11	433.5			
179	179	1.872	палка-древко-контроль	13.2	25.1	снег-освещённый	0.841	66.7	-6.0	-2.0	6.3	bbox	178	14.0	11.0	14.0	535,487,34,10	429.2			
180	180	0.955	рюкзак-синий	5.8	17.3	снег-в-тени	0.407	56.1	-2.0	-9.0	9.2	bbox	179	100.0	100.0	103.0	941,359,18,14	427.6			
181	181	1.720	палка-древко-контроль	13.3	11.7	снег-в-тени	0.996	53.3	-5.0	-2.0	5.4	bbox	180	87.0	87.0	87.0	355,771,16,22	424.9			
182	182	1.637	палка-древко-контроль	6.8	39.2	снег-пересвеченный	0.885	80.8	-4.0	-9.5	10.3	bbox	181	1.0	1.0	1.0	127,113,8,32	416.2			
183	183	1.631	стакан-марка-красная	11.0	24.3	порода-в-тени	0.333	25.5	0.0	0.0	0.0	bbox	182	96.0	94.0	96.0	863,715,17,12	415.8			
184	184	1.563	рюкзак-синий	12.2	10.2	порода-в-тени	0.343	28.6	-1.0	-2.0	2.2	bbox	183	58.0	58.0	58.0	560,209,17,13	414.6			
185	185	0.884	рюкзак-синий	5.4	16.1	снег-в-тени	0.912	22.7	-1.0	-9.0	9.1	bbox	184	3.0	3.0	3.0	1172,391,21,12	414.4			
186	186	1.858	рюкзак-синий	14.9	0.0	порода-в-тени	0.715	38.8	-4.0	0.0	4.0	bbox	185	49.0	49.0	49.0	1903,1067,17,13	410.4			
187	187	2.304	палка-древко-контроль	15.1	36.8	снег-пересвеченный	0.626	78.4	-6.0	0.0	6.0	bbox	186	47.0	47.0	47.0	209,237,9,37	409.9			
188	188	1.582	рюкзак-синий	10.2	26.3	порода-в-тени	0.485	12.5	-1.0	-4.0	4.1	bbox	187	31.0	31.0	31.0	190,1040,10,17	407.8			
189	189	1.431	рюкзак-синий	11.2	8.6	порода-в-тени	0.448	30.2	-1.0	-3.0	3.2	bbox	188	46.0	46.0	48.0	961,409,20,16	407.1			
190	190	1.943	стакан-марка-красная	15.5	2.6	снег-розовый	1.231	52.4	-4.0	5.0	6.4	bbox	189	67.0	67.0	67.0	1805,969,12,14	407.1			
191	191	1.114	рюкзак-синий	6.3	22.0	снег-в-тени	0.480	60.8	-1.0	-8.0	8.1	bbox	190	26.0	26.0	26.0	1611,3,38,8	405.7			
192	192	0.977	рюкзак-синий	7.6	6.1	снег-в-тени	0.298	44.9	-2.0	-7.0	7.3	bbox	191	36.0	36.0	39.0	1169,719,24,26	404.1			
193	193	1.833	рюкзак-синий	13.0	23.5	порода-в-тени	0.309	15.3	0.0	-1.0	1.0	bbox	192	92.0	92.0	92.0	1825,209,16,16	401.9			
194	194	1.930	палка-древко-контроль	13.3	27.2	снег-освещённый	0.704	68.8	-5.0	-2.0	5.4	bbox	193	97.0	97.0	97.0	63,531,22,16	400.7			
195	195	0.762	рюкзак-синий	6.1	1.4	снег-в-тени	0.272	40.2	0.0	-8.0	8.0	bbox	194	48.0	43.0	48.0	415,789,26,8	400.3			
196	196	1.511	рюкзак-синий	12.1	0.8	порода-в-тени	0.722	38.0	-4.0	-3.0	5.0	bbox	195	3.0	3.0	5.0	1016,289,43,16	398.6			
197	197	2.270	палка-древко-контроль	15.0	35.9	снег-пересвеченный	0.782	77.5	-8.0	0.0	8.0	bbox	196	95.0	95.0	95.0	185,3,38,4	397.2			
198	198	1.574	рюкзак-синий	10.2	25.9	порода-в-тени	0.477	12.9	-1.0	-4.0	4.1	bbox	197	9.0	9.0	9.0	690,685,12,22	394.5			
199	199	0.646	рюкзак-синий	3.0	14.7	снег-в-тени	0.445	53.5	1.0	-11.0	11.0	bbox	198	28.0	28.0	28.0	1707,253,14,28	390.7			
200	200	1.021	рюкзак-синий	5.1	22.3	порода-в-тени	1.040	16.5	0.0	-9.0	9.0	bbox	199	85.0	85.0	85.0	1068,587,24,15	389.0			
201	201	1.184	рюкзак-синий	7.3	21.2	снег-в-тени	0.470	60.0	-1.0	-7.0	7.1	bbox	200	49.0	49.0	49.0	1779,915,16,22	386.3			
202	202	1.012	рюкзак-синий	7.8	7.4	снег-в-тени	0.771	31.4	-4.0	-8.0	8.9	bbox	201	24.0	24.0	25.0	1805,0,14,23	386.0			
203	203	1.662	рюкзак-синий	12.1	19.4	снег-в-тени	0.883	58.2	-4.0	-3.0	5.0	bbox	202	97.0	97.0	97.0	35,467,26,14	385.1			
204	204	0.818	рюкзак-синий	6.1	8.5	снег-в-тени	0.019	47.3	0.0	-8.0	8.0	bbox	203	55.0	55.0	55.0	623,9,18,16	384.7			
205	205	1.752	стакан-марка-красная	13.9	5.5	снег-розовый	1.065	55.3	-2.0	6.0	6.3	bbox	204	56.0	56.0	56.0	1894,519,11,26	379.4			
206	206	2.331	палка-ручка-пробка	18.4	11.0	корка-жёлтая-на-скале	1.325	64.7	-8.0	10.0	12.8	bbox	205	68.0	68.0	68.0	1651,1073,18,7	379.0			
207	207	1.587	рюкзак-синий	12.2	12.7	порода-в-тени	0.269	26.1	-1.0	-2.0	2.2	bbox	206	2.0	1.0	2.0	1307,1065,20,15	378.9			
208	208	2.001	стакан-марка-красная	16.0	1.6	снег-освещённый	1.171	51.4	-5.0	1.0	5.1	bbox	207	3.0	3.0	3.0	1169,184,44,5	378.6			
209	209	2.099	стакан-марка-красная	16.2	16.1	порода-в-тени	1.135	33.7	-4.0	7.0	8.1	bbox	208	73.0	73.0	73.0	1845,847,12,20	375.0			
210	210	2.066	палка-древко-контроль	8.6	49.4	снег-пересвеченный	0.638	91.0	-3.0	-8.0	8.5	bbox	209	92.0	92.0	92.0	83,219,22,12	374.5			
211	211	1.618	рюкзак-синий	8.2	34.9	снег-освещённый	0.791	73.7	-1.0	-6.0	6.1	bbox	210	30.0	26.0	30.0	123,1037,14,16	372.9			
212	212	2.179	палка-древко-контроль	14.1	35.7	снег-пересвеченный	0.593	77.3	-6.0	-1.0	6.1	bbox	211	87.0	87.0	87.0	729,331,40,8	371.3			
213	213	1.524	рюкзак-синий	12.2	2.8	порода-в-тени	0.776	41.6	-1.0	-2.0	2.2	bbox	212	85.0	85.0	85.0	713,249,14,14	369.1			
214	214	2.305	стакан-марка-красная	18.4	0.8	порода-в-тени	1.454	50.6	-7.0	5.0	8.6	bbox	213	68.0	68.0	68.0	1785,979,12,20	368.7			
215	215	2.082	стакан-марка-красная	14.3	29.8	снег-освещённый	0.356	79.6	-3.0	-2.0	3.6	bbox	214	44.0	41.0	46.0	1601,60,16,13	368.5			
216	216	1.229	рюкзак-синий	6.1	27.0	порода-в-тени	0.961	11.8	0.0	-8.0	8.0	bbox	215	29.0	29.0	29.0	206,981,7,28	364.7			
217	217	1.630	палка-древко-контроль	11.2	23.5	снег-пересвеченный	0.953	65.1	-6.0	-4.0	7.2	bbox	216	97.0	97.0	97.0	79,163,59,8	363.8			
218	218	0.844	рюкзак-синий	6.3	8.3	снег-в-тени	0.128	47.1	-1.0	-8.0	8.1	bbox	217	41.0	41.0	41.0	1249,0,12,19	363.6			
219	219	2.004	палка-древко-контроль	15.3	16.8	снег-освещённый	0.942	58.4	-5.0	0.0	5.0	bbox	218	14.0	10.0	14.0	289,491,13,14	363.4			
220	220	1.846	рюкзак-синий	12.6	26.7	снег-освещённый	0.651	65.5	-3.0	-2.0	3.6	bbox	219	46.0	46.0	47.0	949,647,14,26	362.3			
221	221	1.114	рюкзак-синий	6.3	22.0	снег-в-тени	0.480	60.8	-1.0	-8.0	8.1	bbox	220	98.0	98.0	98.0	1237,552,44,14	361.8			
222	222	1.027	рюкзак-синий	7.3	13.3	порода-в-тени	0.782	25.5	-1.0	-7.0	7.1	bbox	221	18.0	18.0	18.0	835,676,18,9	359.3			
223	223	1.767	рюкзак-синий	11.4	29.2	снег-освещённый	0.603	68.0	-2.0	-3.0	3.6	bbox	222	48.0	48.0	48.0	1505,521,34,18	358.3			
224	224	1.027	рюкзак-синий	7.3	13.3	порода-в-тени	0.782	25.5	-1.0	-7.0	7.1	bbox	223	19.0	18.0	21.0	325,865,12,13	357.6			
225	225	0.481	рюкзак-синий	3.6	4.7	снег-в-тени	0.629	34.1	-1.0	-11.0	11.0	bbox	224	101.0	101.0	101.0	145,377,8,14	357.6			
226	226	1.776	рюкзак-синий	12.0	26.6	порода-в-тени	0.493	12.2	1.0	-2.0	2.2	bbox	225	73.0	73.0	73.0	1741,737,13,13	356.7			
227	227	1.531	стакан-марка-красная	12.0	7.8	порода-в-тени	0.790	42.0	-1.0	0.0	1.0	bbox	226	59.0	59.0	59.0	177,49,12,14	356.2			
228	228	2.337	палка-древко-контроль	13.3	45.9	снег-пересвеченный	0.210	87.5	-5.0	-2.0	5.4	bbox	227	1.0	1.0	2.0	641,138,23,9	353.6			
229	229	1.716	стакан-марка-красная	10.2	32.2	порода-в-тени	0.388	17.6	1.0	-1.0	1.4	bbox	228	99.0	99.0	99.0	0,593,7,18	353.6			
230	230	2.220	стакан-марка-красная	15.1	32.6	снег-пересвеченный	0.386	82.4	-4.0	-1.0	4.1	bbox	229	45.0	45.0	45.0	65,707,16,12	352.5			
231	231	0.650	рюкзак-синий	5.0	4.7	снег-в-тени	1.461	34.1	0.5	-19.0	19.0	bbox	230	89.0	89.0	89.0	1689,505,2,49	350.8			
232	232	1.613	рюкзак-синий	11.4	21.2	порода-в-тени	0.269	17.6	-2.0	-3.0	3.6	bbox	231	51.0	51.0	51.0	565,832,17,6	350.7			
233	233	1.423	рюкзак-синий	8.2	27.5	снег-в-тени	0.717	66.3	-1.0	-6.0	6.1	bbox	232	27.0	27.0	27.0	1837,73,19,16	349.4			
234	234	2.385	палка-древко-контроль	15.0	41.1	снег-пересвеченный	0.600	82.7	-7.0	0.0	7.0	bbox	233	94.0	94.0	94.0	796,8,25,11	347.6			
235	235	2.231	палка-древко-контроль	15.1	33.1	снег-освещённый	0.662	74.7	-6.0	0.0	6.0	bbox	234	33.0	33.0	33.0	57,908,16,11	346.4			
236	236	0.831	рюкзак-синий	5.1	14.9	снег-в-тени	0.246	53.7	0.0	-9.0	9.0	bbox	235	41.0	41.0	41.0	1827,173,6,28	345.1			
237	237	1.761	рюкзак-синий	13.3	15.9	порода-в-тени	0.091	22.9	-2.0	-1.0	2.2	bbox	236	52.0	52.0	58.0	1860,809,17,14	344.4			
238	238	2.148	стакан-марка-красная	17.1	6.5	корка-жёлтая-на-скале	1.190	43.3	-5.0	7.0	8.6	bbox	237	68.0	68.0	68.0	1667,909,14,12	341.1			
239	239	1.873	рюкзак-синий	13.0	25.9	порода-в-тени	0.365	12.9	0.0	-1.0	1.0	bbox	238	92.0	92.0	92.0	1829,425,4,37	340.1			
240	240	1.044	рюкзак-синий	5.1	23.2	снег-в-тени	0.578	62.0	2.0	-9.0	9.2	bbox	239	77.0	77.0	77.0	1253,73,18,6	340.0			
241	241	0.629	рюкзак-синий	4.5	8.1	снег-в-тени	0.282	46.9	-1.0	-10.0	10.0	bbox	240	101.0	101.0	101.0	1785,955,16,10	338.9			
242	242	1.936	стакан-марка-красная	12.0	34.1	порода-в-тени	0.244	15.7	-1.0	0.0	1.0	bbox	241	99.0	99.0	99.0	1477,105,12,8	333.9			
243	243	0.865	рюкзак-синий	6.3	9.8	снег-в-тени	0.128	48.6	-1.0	-8.0	8.1	bbox	242	81.0	81.0	81.0	1729,345,8,16	328.5			
244	244	0.420	рюкзак-синий	2.0	9.4	снег-в-тени	1.008	48.2	1.0	-16.0	16.0	bbox	243	94.0	94.0	94.0	1368,25,33,8	325.2			
245	245	1.738	палка-древко-контроль	11.7	26.2	снег-освещённый	0.778	67.8	-4.0	-4.0	5.7	bbox	244	6.0	4.0	8.0	1183,57,22,16	324.3			
246	246	1.359	рюкзак-синий	7.3	28.3	снег-в-тени	0.710	67.1	-1.0	-7.0	7.1	bbox	245	101.0	101.0	101.0	401,273,16,6	321.6			
247	247	1.065	рюкзак-синий	6.3	20.0	порода-в-тени	0.886	18.8	-1.0	-8.0	8.1	bbox	246	16.0	15.0	16.0	168,658,15,11	321.4			
248	248	0.520	рюкзак-синий	4.1	2.0	снег-в-тени	0.354	40.8	0.0	-10.0	10.0	bbox	247	54.0	54.0	54.0	11,374,10,13	319.4			
249	249	1.698	рюкзак-синий	12.2	21.2	порода-в-тени	0.202	17.6	-1.0	-2.0	2.2	bbox	248	52.0	52.0	52.0	1646,952,11,10	318.2			
250	250	1.290	рюкзак-синий	7.1	26.3	снег-в-тени	0.630	65.1	0.0	-7.0	7.0	bbox	249	45.0	45.0	45.0	593,991,24,8	316.5			
251	251	1.549	рюкзак-синий	8.5	31.4	снег-освещённый	0.849	70.2	-2.0	-6.0	6.3	bbox	250	85.0	85.0	85.0	707,59,23,12	316.2			
252	252	0.797	рюкзак-синий	6.1	6.6	снег-в-тени	0.559	32.2	0.0	-8.0	8.0	bbox	251	39.0	39.0	39.0	1433,769,16,11	316.0			
253	253	1.660	стакан-марка-красная	11.2	25.1	порода-в-тени	0.294	24.7	0.0	-1.0	1.0	bbox	252	95.0	95.0	95.0	761,537,18,16	314.4			
254	254	1.915	стакан-марка-красная	15.2	5.9	корка-жёлтая-на-скале	1.077	43.9	-3.0	7.0	7.6	bbox	253	68.0	68.0	68.0	1588,250,9,23	314.3			
255	255	2.189	стакан-марка-красная	17.5	4.5	порода-в-тени	1.266	45.3	-6.0	5.0	7.8	bbox	254	68.0	68.0	68.0	1737,793,12,14	314.0			
256	256	1.475	рюкзак-синий	10.2	20.8	порода-в-тени	0.404	18.0	-1.0	-4.0	4.1	bbox	255	41.0	41.0	42.0	468,113,11,9	313.7			
257	257	1.431	рюкзак-синий	11.0	10.6	порода-в-тени	0.451	28.2	0.0	-3.0	3.0	bbox	256	45.0	45.0	45.0	195,903,13,12	313.2			
258	258	1.297	рюкзак-синий	6.1	29.4	снег-в-тени	0.730	68.2	0.0	-8.0	8.0	bbox	257	28.0	26.0	28.0	1615,445,20,28	312.4			
259	259	1.563	палка-древко-контроль	11.2	19.6	снег-в-тени	1.020	61.2	-6.0	-4.0	7.2	bbox	258	85.0	85.0	85.0	673,0,18,9	311.3			
260	260	1.054	рюкзак-синий	8.2	6.1	снег-в-тени	0.298	44.9	-1.0	-6.0	6.1	bbox	259	33.0	33.0	33.0	562,961,15,10	310.6			
261	261	0.907	рюкзак-синий	3.0	23.1	снег-в-тени	1.611	15.7	1.0	-17.0	17.0	bbox	260	92.0	92.0	92.0	1789,961,7,30	307.0			
262	262	1.571	стакан-марка-красная	12.4	7.8	снег-в-тени	0.838	57.6	-1.0	-2.0	2.2	bbox	261	23.0	23.0	23.0	1526,728,42,9	306.0			
263	263	1.255	рюкзак-синий	8.1	21.0	порода-в-тени	0.679	17.8	0.0	-6.0	6.0	bbox	262	30.0	30.0	30.0	463,177,13,12	305.9			
264	264	1.763	палка-древко-контроль	13.3	16.0	снег-освещённый	0.998	57.6	-5.0	-2.0	5.4	bbox	263	4.0	4.0	11.0	1255,81,36,14	304.7			
265	265	1.532	стакан-марка-красная	12.2	5.1	порода-в-тени	0.877	44.7	-1.0	-1.0	1.4	bbox	264	50.0	50.0	50.0	1807,253,23,8	304.5			
266	266	0.970	рюкзак-синий	2.7	25.5	снег-в-тени	1.306	13.3	0.0	-11.5	11.5	bbox	265	87.0	84.0	87.0	1747,409,11,8	302.5			
267	267	1.771	стакан-марка-красная	13.2	18.4	снег-освещённый	0.482	68.2	-2.0	-1.0	2.2	bbox	266	86.0	86.0	86.0	453,255,14,23	302.0			
268	268	1.788	рюкзак-синий	13.9	11.3	порода-в-тени	0.355	27.5	-4.0	-1.0	4.1	bbox	267	23.0	23.0	29.0	1625,586,24,7	299.1			
269	269	1.752	стакан-марка-красная	11.0	30.2	порода-в-тени	0.281	19.6	0.0	0.0	0.0	bbox	268	54.0	54.0	56.0	1684,1053,21,7	298.1			
270	270	1.327	рюкзак-синий	8.9	20.0	снег-в-тени	0.598	58.8	-3.0	-6.0	6.7	bbox	269	97.0	97.0	97.0	29,162,36,10	297.2			
271	271	2.292	палка-древко-контроль	15.1	36.2	снег-освещённый	0.634	77.8	-6.0	0.0	6.0	bbox	270	0.0	0.0	0.0	1245,129,23,10	296.7			
272	272	2.085	стакан-марка-красная	16.6	7.3	корка-жёлтая-на-скале	1.025	42.5	-4.0	8.0	8.9	bbox	271	68.0	68.0	68.0	1547,1027,20,6	293.9			
273	273	0.765	рюкзак-синий	6.1	2.4	снег-в-тени	0.237	41.2	0.0	-8.0	8.0	bbox	272	22.0	22.0	22.0	1011,553,14,10	291.5			
274	274	1.218	рюкзак-синий	9.1	12.6	снег-в-тени	0.396	51.4	0.0	-5.0	5.0	bbox	273	57.0	57.0	57.0	487,326,16,17	289.9			
275	275	0.548	рюкзак-синий	2.8	11.7	снег-в-тени	0.902	27.1	-1.0	-12.0	12.0	bbox	274	56.0	56.0	56.0	1743,143,8,23	288.5			
276	276	1.189	рюкзак-синий	3.2	31.4	снег-в-тени	1.132	70.2	4.0	-13.0	13.6	bbox	275	28.0	28.0	28.0	1137,841,18,8	286.8			
277	277	2.281	рюкзак-синий	9.2	55.1	снег-пересвеченный	0.466	93.9	-1.0	-5.0	5.1	bbox	276	86.0	86.0	86.0	709,83,18,6	283.5			
278	278	2.075	рюкзак-синий	14.3	29.4	порода-в-тени	0.412	9.4	-2.0	0.0	2.0	bbox	277	81.0	81.0	81.0	1764,275,13,6	283.4			
279	279	1.791	рюкзак-синий	13.0	20.8	порода-в-тени	0.264	18.0	0.0	-1.0	1.0	bbox	278	65.0	62.0	65.0	1367,420,7,19	283.1			
280	280	1.657	рюкзак-синий	10.4	28.6	порода-в-тени	0.523	10.2	-2.0	-4.0	4.5	bbox	279	33.0	29.0	33.0	708,0,13,9	282.3			
281	281	0.765	рюкзак-синий	6.1	2.4	снег-в-тени	0.344	41.2	2.0	-8.0	8.2	bbox	280	42.0	42.0	42.0	1865,0,18,11	278.9			
282	282	1.505	стакан-марка-красная	12.0	0.4	снег-в-тени	1.011	50.2	-1.0	0.0	1.0	bbox	281	81.0	76.0	81.0	1165,639,10,14	277.2			
283	283	0.530	рюкзак-синий	4.1	3.5	снег-в-тени	1.327	35.3	0.0	-18.0	18.0	bbox	282	89.0	89.0	89.0	1685,193,2,40	277.1			
284	284	1.004	рюкзак-синий	8.0	2.5	снег-в-тени	0.498	36.3	1.0	-6.0	6.1	bbox	283	55.0	55.0	55.0	694,9,28,11	275.5			
285	285	1.743	рюкзак-синий	13.9	2.3	порода-в-тени	0.626	36.5	-4.0	-1.0	4.1	bbox	284	39.0	39.0	39.0	1889,640,8,9	271.3			
286	286	2.641	стакан-марка-красная	17.0	43.9	снег-пересвеченный	0.570	93.7	-6.0	1.0	6.1	bbox	285	69.0	69.0	69.0	1825,1005,12,14	270.3			
287	287	0.706	рюкзак-синий	5.0	9.2	снег-в-тени	1.526	29.6	1.0	-19.0	19.0	bbox	286	93.0	93.0	93.0	1757,540,2,37	269.3			
288	288	1.463	рюкзак-синий	5.1	36.9	снег-в-тени	1.004	75.7	0.0	-9.0	9.0	bbox	287	23.0	23.0	23.0	1186,17,17,8	268.2			
289	289	0.682	рюкзак-синий	4.1	12.5	снег-в-тени	1.059	26.3	-3.0	-13.0	13.3	bbox	288	57.0	55.0	57.0	1659,841,4,28	267.4			
290	290	1.493	стакан-марка-красная	11.0	15.9	порода-в-тени	0.558	33.9	0.0	0.0	0.0	bbox	289	24.0	24.0	24.0	497,1065,8,8	266.1			
291	291	1.230	рюкзак-синий	7.3	23.2	снег-в-тени	0.536	62.0	-1.0	-7.0	7.1	bbox	290	55.0	55.0	55.0	401,207,30,10	264.3			
292	292	1.820	стакан-марка-красная	12.0	28.6	порода-в-тени	0.179	21.2	-1.0	0.0	1.0	bbox	291	57.0	57.0	57.0	1359,37,7,18	263.5			
293	293	0.438	рюкзак-синий	3.2	5.3	снег-в-тени	0.680	33.5	2.0	-11.0	11.2	bbox	292	53.0	53.0	55.0	437,187,25,6	262.4			
294	294	1.756	палка-древко-контроль	14.0	2.3	порода-в-тени	1.047	43.9	-7.0	-1.0	7.1	bbox	293	88.0	88.0	88.0	125,1027,6,18	262.4			
295	295	1.516	рюкзак-синий	10.2	23.0	снег-в-тени	0.717	61.8	-1.0	-4.0	4.1	bbox	294	48.0	48.0	48.0	1433,541,16,10	262.0			
296	296	1.783	рюкзак-синий	13.9	10.8	снег-в-тени	1.010	49.6	-4.0	-1.0	4.1	bbox	295	87.0	87.0	87.0	689,371,12,10	260.8			
297	297	1.824	рюкзак-синий	13.0	22.9	порода-в-тени	0.298	15.9	0.0	-1.0	1.0	bbox	296	102.0	102.0	102.0	1785,33,8,8	259.8			
298	298	1.781	стакан-марка-красная	14.1	6.1	снег-освещённый	0.933	55.9	-3.0	-1.0	3.2	bbox	297	66.0	63.0	66.0	793,37,14,14	259.3			
299	299	0.884	рюкзак-синий	7.1	0.4	снег-в-тени	0.357	38.4	0.0	-7.0	7.0	bbox	298	101.0	101.0	101.0	166,299,9,11	259.0			
300	300	1.003	рюкзак-синий	5.4	20.8	снег-в-тени	0.457	59.6	-1.0	-9.0	9.1	bbox	299	93.0	91.0	93.0	1699,677,8,20	258.3			
301	301	1.459	рюкзак-синий	6.4	34.1	снег-в-тени	0.981	72.9	-3.0	-9.0	9.5	bbox	300	21.0	21.0	21.0	1129,1072,13,8	257.6			
302	302	1.545	стакан-марка-красная	11.2	18.4	порода-в-тени	0.465	31.4	0.0	-1.0	1.0	bbox	301	90.0	90.0	90.0	649,863,10,10	257.1			
303	303	1.020	рюкзак-синий	7.3	12.9	порода-в-тени	0.785	25.9	-1.0	-7.0	7.1	bbox	302	19.0	18.0	19.0	0,1069,8,11	256.2			
304	304	1.791	палка-древко-контроль	14.1	8.0	снег-в-тени	1.154	49.6	-6.0	-1.0	6.1	bbox	303	11.0	10.0	11.0	933,357,12,12	255.8			
305	305	1.611	рюкзак-синий	7.0	37.9	снег-освещённый	0.922	76.7	1.0	-7.0	7.1	bbox	304	67.0	67.0	67.0	1781,1057,12,12	255.1			
306	306	1.552	рюкзак-синий	7.1	35.7	снег-пересвеченный	0.911	74.5	0.0	-7.0	7.0	bbox	305	99.0	99.0	99.0	359,384,30,9	254.4			
307	307	1.048	рюкзак-синий	7.3	14.5	снег-в-тени	0.265	53.3	-1.0	-7.0	7.1	bbox	306	1.0	1.0	1.0	542,749,21,12	254.3			
308	308	0.671	рюкзак-синий	5.1	5.9	снег-в-тени	0.600	32.9	2.0	-9.0	9.2	bbox	307	72.0	72.0	72.0	1861,493,12,14	253.4			
309	309	1.668	рюкзак-синий	13.3	1.2	порода-в-тени	0.700	40.0	-2.0	-1.0	2.2	bbox	308	36.0	36.0	36.0	1693,299,12,10	253.2			
310	310	1.873	рюкзак-синий	13.0	25.9	порода-в-тени	0.365	12.9	0.0	-1.0	1.0	bbox	309	97.0	97.0	97.0	330,1029,10,13	250.0			
311	311	2.369	стакан-марка-красная	15.0	40.4	снег-пересвеченный	0.375	90.2	-4.0	0.0	4.0	bbox	310	86.0	86.0	86.0	289,331,10,11	249.1			
312	312	1.123	рюкзак-синий	7.3	18.4	порода-в-тени	0.760	20.4	-1.0	-7.0	7.1	bbox	311	10.0	10.0	14.0	1288,181,9,17	248.6			
313	313	2.412	палка-древко-контроль	15.0	42.3	снег-пересвеченный	0.581	83.9	-7.0	0.0	7.0	bbox	312	94.0	94.0	94.0	671,27,26,10	247.9			
314	314	1.844	рюкзак-синий	10.4	36.5	снег-освещённый	0.552	75.3	-2.0	-4.0	4.5	bbox	313	1.0	1.0	6.0	537,658,16,19	246.4			
315	315	1.737	палка-древко-контроль	13.2	15.7	снег-освещённый	1.077	57.3	-6.0	-2.0	6.3	bbox	314	96.0	96.0	96.0	609,161,24,10	246.4			
316	316	2.254	стакан-марка-красная	18.0	0.6	корка-жёлтая-на-скале	1.253	50.4	-6.0	7.0	9.2	bbox	315	69.0	69.0	69.0	1887,905,8,18	245.9			
317	317	1.821	рюкзак-синий	13.0	22.7	порода-в-тени	0.294	16.1	0.0	-1.0	1.0	bbox	316	102.0	102.0	102.0	1815,443,4,18	245.3			
318	318	1.066	рюкзак-синий	7.1	16.7	снег-в-тени	0.302	55.5	0.0	-7.0	7.0	bbox	317	49.0	49.0	49.0	1625,1013,22,6	243.7			
319	319	0.980	рюкзак-синий	7.3	10.2	снег-в-тени	0.707	28.6	-1.0	-7.0	7.1	bbox	318	33.0	31.0	33.0	41,95,24,4	242.7			
320	320	1.663	рюкзак-синий	5.0	43.2	снег-пересвеченный	1.024	82.0	1.0	-9.0	9.1	bbox	319	28.0	28.0	28.0	1657,395,18,20	241.6			
321	321	2.421	стакан-марка-красная	19.2	7.8	снег-освещённый	1.304	57.6	-8.0	4.0	8.9	bbox	320	82.0	82.0	82.0	1747,937,8,16	241.6			
322	322	1.148	рюкзак-синий	7.3	19.6	порода-в-тени	0.762	19.2	-1.0	-7.0	7.1	bbox	321	78.0	78.0	80.0	1611,89,10,13	241.4			
323	323	1.127	рюкзак-синий	5.4	25.3	снег-в-тени	0.609	64.1	-1.0	-9.0	9.1	bbox	322	101.0	101.0	101.0	1859,697,10,15	241.1			
324	324	1.902	палка-древко-контроль	15.1	5.5	порода-в-тени	1.083	47.1	-6.0	0.0	6.0	bbox	323	0.0	0.0	0.0	1331,107,24,12	240.1			
325	325	1.720	рюкзак-синий	8.1	38.8	снег-пересвеченный	0.739	77.6	-0.5	-6.0	6.0	bbox	324	27.0	27.0	29.0	165,969,34,10	239.3			
326	326	1.002	рюкзак-синий	7.3	11.7	снег-в-тени	0.762	27.1	-1.0	-7.0	7.1	bbox	325	19.0	19.0	19.0	782,1037,10,13	237.7			
327	327	2.218	стакан-марка-красная	17.7	3.3	корка-жёлтая-на-скале	1.365	53.1	-6.0	6.0	8.5	bbox	326	68.0	68.0	68.0	1712,865,15,10	236.4			
328	328	1.088	рюкзак-синий	5.4	23.9	снег-в-тени	0.562	62.7	-1.0	-9.0	9.1	bbox	327	92.0	92.0	92.0	1695,677,9,16	235.7			
329	329	1.229	рюкзак-синий	5.0	29.6	снег-в-тени	0.758	68.4	1.0	-9.0	9.1	bbox	328	65.0	62.0	66.0	881,51,16,8	235.3			
330	330	2.301	палка-древко-контроль	18.0	13.5	снег-освещённый	1.322	55.1	-8.0	3.0	8.5	bbox	329	82.0	82.0	82.0	1697,1051,9,18	234.5			
331	331	0.927	рюкзак-синий	5.8	16.1	снег-в-тени	0.937	22.7	-2.0	-9.0	9.2	bbox	330	36.0	36.0	36.0	1445,948,11,12	234.4			
332	332	1.403	рюкзак-синий	2.0	38.7	снег-в-тени	1.351	77.5	3.0	-14.0	14.3	bbox	331	28.0	28.0	28.0	1713,0,8,27	234.1			
333	333	1.582	рюкзак-синий	11.2	20.8	порода-в-тени	0.292	18.0	-1.0	-3.0	3.2	bbox	332	59.0	58.0	59.0	94,1041,8,11	231.9			
334	334	1.280	рюкзак-синий	7.1	25.9	снег-в-тени	0.617	64.7	0.0	-7.0	7.0	bbox	333	67.0	67.0	67.0	1849,1049,14,10	231.7			
335	335	1.037	рюкзак-синий	6.3	18.8	порода-в-тени	0.884	20.0	-1.0	-8.0	8.1	bbox	334	78.0	74.0	79.0	1795,0,14,7	231.6			
336	336	0.960	рюкзак-синий	6.3	15.3	снег-в-тени	0.876	23.5	-1.0	-8.0	8.1	bbox	335	30.0	30.0	30.0	206,577,11,8	230.8			
337	337	2.109	стакан-марка-красная	16.8	6.7	порода-в-тени	1.251	43.1	-5.0	6.0	7.8	bbox	336	68.0	68.0	68.0	1617,937,8,18	230.4			
338	338	1.780	рюкзак-синий	12.0	26.8	порода-в-тени	0.497	12.0	1.0	-2.0	2.2	bbox	337	70.0	70.0	70.0	943,616,11,8	228.6			
339	339	1.559	стакан-марка-красная	12.2	9.6	снег-освещённый	0.774	59.4	-1.0	-1.0	1.4	bbox	338	23.0	23.0	23.0	1781,656,28,11	225.6			
340	340	1.673	рюкзак-синий	8.2	36.9	снег-пересвеченный	0.752	75.7	-1.0	-6.0	6.1	bbox	339	82.0	82.0	82.0	1347,933,30,24	225.1			
341	341	0.957	рюкзак-синий	7.3	8.3	снег-в-тени	0.179	47.1	-1.0	-7.0	7.1	bbox	340	14.0	14.0	14.0	129,508,22,9	224.8			
342	342	2.254	стакан-марка-красная	18.0	0.8	корка-жёлтая-на-скале	1.254	50.6	-6.0	7.0	9.2	bbox	341	67.0	67.0	67.0	1780,1031,15,8	224.7			
343	343	1.006	рюкзак-синий	7.3	12.0	снег-в-тени	0.206	50.8	-1.0	-7.0	7.1	bbox	342	55.0	55.0	55.0	227,271,20,10	224.3			
344	344	1.667	рюкзак-синий	13.0	10.4	снег-в-тени	0.903	49.2	-4.0	-2.0	4.5	bbox	343	3.0	3.0	3.0	1589,61,27,12	223.7			
345	345	1.747	стакан-марка-красная	12.0	25.1	порода-в-тени	0.319	24.7	-1.0	1.0	1.4	bbox	344	57.0	57.0	57.0	1493,100,10,12	223.4			
346	346	1.256	рюкзак-синий	10.0	0.4	снег-в-тени	0.587	39.2	0.0	-4.0	4.0	bbox	345	65.0	62.0	66.0	439,115,10,10	223.2			
347	347	1.559	рюкзак-синий	8.5	31.8	снег-освещённый	0.843	70.6	-2.0	-6.0	6.3	bbox	346	85.0	85.0	85.0	663,160,9,13	220.8			
348	348	0.948	рюкзак-синий	6.7	12.4	снег-в-тени	0.278	51.2	-2.0	-8.0	8.2	bbox	347	41.0	41.0	41.0	1825,89,6,16	220.7			
349	349	1.420	стакан-марка-красная	11.2	7.1	снег-розовый	0.867	56.9	0.0	-1.0	1.0	bbox	348	25.0	23.0	25.0	1775,668,14,13	218.5			
350	350	0.725	рюкзак-синий	4.5	12.9	снег-в-тени	0.831	25.9	-1.0	-10.0	10.0	bbox	349	17.0	17.0	17.0	1897,917,7,16	218.2			
351	351	1.716	стакан-марка-красная	10.2	32.2	порода-в-тени	0.388	17.6	1.0	-1.0	1.4	bbox	350	64.0	63.0	64.0	857,157,12,6	218.0			
352	352	2.376	стакан-марка-красная	18.7	12.3	порода-в-тени	1.236	37.5	-7.0	6.0	9.2	bbox	351	81.0	80.0	81.0	1525,944,8,13	217.6			
353	353	1.034	рюкзак-синий	6.3	18.7	снег-в-тени	0.367	57.5	-1.0	-8.0	8.1	bbox	352	36.0	36.0	36.0	1233,630,8,17	216.1			
354	354	1.263	рюкзак-синий	8.2	20.4	снег-в-тени	0.494	59.2	-1.0	-6.0	6.1	bbox	353	62.0	62.0	66.0	767,117,18,10	215.9			
355	355	1.501	стакан-марка-красная	11.0	16.5	порода-в-тени	0.540	33.3	0.0	0.0	0.0	bbox	354	60.0	60.0	62.0	1789,25,12,8	215.7			
356	356	0.274	рюкзак-синий	2.0	3.2	снег-в-тени	1.029	42.0	1.0	-16.0	16.0	bbox	355	84.0	84.0	84.0	1875,991,6,20	215.3			
357	357	2.196	стакан-марка-красная	16.8	18.4	порода-в-тени	1.029	31.4	-5.0	6.0	7.8	bbox	356	72.0	72.0	72.0	1795,659,10,20	214.7			
358	358	1.455	рюкзак-синий	7.3	31.8	снег-в-тени	0.833	70.6	-1.0	-7.0	7.1	bbox	357	98.0	98.0	98.0	1743,336,18,17	214.7			
359	359	1.728	рюкзак-синий	13.2	14.9	порода-в-тени	0.177	23.9	-1.0	-1.0	1.4	bbox	358	60.0	60.0	60.0	1185,88,8,7	213.7			
360	360	0.990	рюкзак-синий	7.0	13.0	снег-в-тени	0.226	51.8	1.0	-7.0	7.1	bbox	359	65.0	65.0	65.0	1901,1069,16,11	212.6			
361	361	2.352	стакан-марка-красная	18.0	18.8	порода-в-тени	1.180	31.0	-6.0	7.0	9.2	bbox	360	73.0	73.0	73.0	1891,899,10,11	212.0			
362	362	1.924	палка-древко-контроль	15.3	5.9	порода-в-тени	1.044	47.5	-5.0	0.0	5.0	bbox	361	89.0	85.0	89.0	227,607,6,14	210.8			
363	363	1.778	палка-древко-контроль	13.3	17.2	снег-освещённый	0.964	58.8	-5.0	-2.0	5.4	bbox	362	47.0	47.0	47.0	1527,755,8,8	210.6			
364	364	2.254	стакан-марка-красная	18.0	0.6	корка-жёлтая-на-скале	1.253	50.4	-6.0	7.0	9.2	bbox	363	73.0	73.0	73.0	1913,789,7,16	209.2			
365	365	1.660	стакан-марка-красная	11.2	25.1	порода-в-тени	0.294	24.7	0.0	-1.0	1.0	bbox	364	96.0	96.0	96.0	921,577,8,16	208.8			
366	366	1.464	рюкзак-синий	9.2	25.3	порода-в-тени	0.571	13.5	-1.0	-5.0	5.1	bbox	365	79.0	76.0	79.0	1672,115,8,18	207.9			
367	367	1.801	стакан-марка-красная	14.0	11.4	порода-в-тени	0.756	38.4	-3.0	2.0	3.6	bbox	366	90.0	90.0	90.0	1899,667,14,12	207.8			
368	368	1.413	рюкзак-синий	10.8	12.0	снег-в-тени	0.634	50.8	-3.0	-4.0	5.0	bbox	367	88.0	88.0	89.0	550,567,10,16	207.4			
369	369	0.858	рюкзак-синий	5.4	14.9	снег-в-тени	0.871	23.9	-1.0	-9.0	9.1	bbox	368	20.0	20.0	20.0	1073,433,8,8	206.7			
370	370	1.001	рюкзак-синий	5.4	20.8	порода-в-тени	1.011	18.0	-1.0	-9.0	9.1	bbox	369	82.0	82.0	82.0	1775,147,8,14	206.6			
371	371	1.251	рюкзак-синий	8.1	20.8	снег-в-тени	2.040	18.0	5.0	-21.0	21.6	bbox	370	91.0	89.0	91.0	1907,1001,6,16	206.4			
372	372	1.203	рюкзак-синий	4.5	29.8	снег-в-тени	0.795	68.6	-1.0	-10.0	10.0	bbox	371	1.0	1.0	1.0	233,937,5,21	205.2			
373	373	1.517	рюкзак-синий	11.4	14.5	снег-в-тени	0.702	53.3	-2.0	-3.0	3.6	bbox	372	87.0	87.0	87.0	630,622,11,9	204.8			
374	374	2.263	палка-древко-контроль	17.0	21.7	снег-освещённый	1.054	63.3	-7.5	2.0	7.8	bbox	373	94.0	94.0	94.0	1147,47,18,8	204.0			
375	375	1.580	стакан-марка-красная	11.1	21.2	порода-в-тени	0.391	28.6	0.0	-0.5	0.5	bbox	374	99.0	99.0	99.0	441,495,8,10	203.9			
376	376	1.536	стакан-марка-красная	12.0	8.6	порода-в-тени	0.763	41.2	-1.0	0.0	1.0	bbox	375	83.0	83.0	84.0	283,0,12,9	203.6			
377	377	1.057	рюкзак-синий	6.3	19.6	снег-в-тени	0.400	58.4	-1.0	-8.0	8.1	bbox	376	98.0	98.0	98.0	1385,419,10,24	203.5			
378	378	1.638	рюкзак-синий	13.0	5.7	порода-в-тени	0.534	33.1	-4.0	-2.0	4.5	bbox	377	7.0	4.0	7.0	978,323,15,8	202.5			
379	379	0.730	рюкзак-синий	5.0	10.6	снег-в-тени	1.547	28.2	1.0	-19.0	19.0	bbox	378	93.0	93.0	93.0	1761,693,2,28	201.6			
380	380	1.184	рюкзак-синий	5.4	27.3	снег-в-тени	0.676	66.1	-1.0	-9.0	9.1	bbox	379	22.0	22.0	22.0	1731,657,14,6	199.5			
381	381	1.974	рюкзак-синий	15.7	6.1	порода-в-тени	0.970	44.9	-5.0	0.5	5.0	bbox	380	27.0	27.0	27.0	1607,61,15,8	198.2			
382	382	1.565	рюкзак-синий	8.2	33.0	снег-освещённый	0.816	71.8	-1.0	-6.0	6.1	bbox	381	99.0	99.0	99.0	458,91,13,8	197.3			
383	383	0.879	рюкзак-синий	7.0	1.7	снег-в-тени	1.671	37.1	0.5	-21.0	21.0	bbox	382	91.0	91.0	91.0	1821,88,4,24	197.1			
384	384	2.298	палка-древко-контроль	14.3	40.4	снег-пересвеченный	0.416	82.0	-5.0	-1.0	5.1	bbox	383	82.0	82.0	82.0	1314,362,7,12	197.0			
385	385	1.385	стакан-марка-красная	11.0	3.1	порода-в-тени	0.979	46.7	0.0	0.0	0.0	bbox	384	81.0	81.0	81.0	283,597,8,16	196.3			
386	386	2.048	палка-древко-контроль	8.6	48.8	снег-пересвеченный	0.637	90.4	-3.0	-8.0	8.5	bbox	385	89.0	89.0	89.0	99,0,20,11	196.1			
387	387	1.505	стакан-марка-красная	12.0	0.2	снег-в-тени	1.011	50.0	-1.0	0.0	1.0	bbox	386	59.0	59.0	59.0	41,881,4,16	194.8			
388	388	1.470	рюкзак-синий	11.7	3.9	снег-в-тени	0.751	42.7	-3.0	-3.0	4.2	bbox	387	91.0	91.0	91.0	254,681,11,13	194.5			
389	389	1.057	палка-древко-контроль	7.2	15.5	снег-в-тени	0.612	57.1	-4.0	-9.0	9.8	bbox	388	100.0	100.0	100.0	1220,9,4,17	194.1			
390	390	1.947	стакан-марка-красная	14.0	23.9	порода-в-тени	0.341	25.9	-3.0	1.0	3.2	bbox	389	95.0	95.0	95.0	1451,177,8,10	193.8			
391	391	1.781	рюкзак-синий	12.0	26.6	порода-в-тени	0.406	12.2	0.0	-2.0	2.0	bbox	390	93.0	89.0	93.0	1819,339,8,16	193.3			
392	392	1.864	рюкзак-синий	10.2	38.1	снег-освещённый	0.519	76.9	-1.0	-4.0	4.1	bbox	391	51.0	51.0	51.0	1753,989,20,12	191.4			
393	393	0.756	рюкзак-синий	6.0	2.6	снег-в-тени	0.261	41.4	1.0	-8.0	8.1	bbox	392	67.0	67.0	67.0	1793,0,14,7	191.2			
394	394	2.260	стакан-марка-красная	17.7	12.5	порода-в-тени	1.174	37.3	-6.0	6.0	8.5	bbox	393	73.0	73.0	73.0	1761,1045,10,16	189.7			
395	395	1.020	рюкзак-синий	6.1	19.0	снег-в-тени	0.437	57.8	2.0	-8.0	8.2	bbox	394	65.0	65.0	68.0	963,23,12,6	189.2			
396	396	1.859	стакан-марка-красная	14.9	1.0	корка-жёлтая-на-скале	1.186	48.8	-3.0	6.0	6.7	bbox	395	56.0	56.0	56.0	1841,730,8,21	188.5			
397	397	1.907	рюкзак-синий	13.9	21.8	снег-освещённый	0.823	60.6	-4.0	-1.0	4.1	bbox	396	41.0	41.0	41.0	1733,186,8,16	186.5			
398	398	1.293	рюкзак-синий	9.0	17.8	порода-в-тени	0.625	21.0	1.0	-5.0	5.1	bbox	397	31.0	31.0	31.0	531,529,14,8	186.0			
399	399	1.402	палка-древко-контроль	9.5	20.9	снег-в-тени	0.855	62.5	-5.0	-6.0	7.8	bbox	398	56.0	56.0	56.0	129,837,12,8	185.9			
400	400	2.143	стакан-марка-красная	17.1	4.9	корка-жёлтая-на-скале	1.184	44.9	-5.0	7.0	8.6	bbox	399	72.0	72.0	72.0	1841,91,8,16	185.9			
401	401	2.441	стакан-марка-красная	19.5	1.4	снег-освещённый	1.535	51.2	-8.0	5.5	9.7	bbox	400	68.0	68.0	68.0	1869,721,8,8	185.3			
402	402	2.190	стакан-марка-красная	16.8	17.8	порода-в-тени	1.038	32.0	-5.0	6.0	7.8	bbox	401	81.0	81.0	81.0	1721,237,8,12	185.3			
403	403	0.912	рюкзак-синий	7.3	1.8	снег-в-тени	0.312	40.6	-1.0	-7.0	7.1	bbox	402	40.0	40.0	40.0	1323,877,14,12	184.2			
404	404	0.837	рюкзак-синий	6.3	7.7	снег-в-тени	0.134	46.5	-1.0	-8.0	8.1	bbox	403	69.0	69.0	69.0	1909,275,6,10	182.8			
405	405	1.509	рюкзак-синий	11.2	15.9	снег-в-тени	0.683	54.7	-1.0	-3.0	3.2	bbox	404	63.0	63.0	63.0	667,0,12,9	182.7			
406	406	1.236	рюкзак-синий	6.1	27.3	снег-в-тени	0.653	66.1	0.0	-8.0	8.0	bbox	405	56.0	56.0	56.0	301,421,16,8	182.4			
407	407	1.846	стакан-марка-красная	12.6	26.7	снег-освещённый	0.406	76.5	-1.0	-3.0	3.2	bbox	406	36.0	36.0	36.0	1267,694,15,11	182.0			
408	408	1.947	стакан-марка-красная	11.0	38.4	порода-в-тени	0.427	11.4	0.0	0.0	0.0	bbox	407	98.0	98.0	98.0	1561,857,8,8	181.9			
409	409	1.834	стакан-марка-красная	13.5	19.8	снег-освещённый	0.442	69.6	-2.5	0.0	2.5	bbox	408	86.0	86.0	86.0	975,308,8,7	181.4			
410	410	1.685	рюкзак-синий	12.5	17.3	снег-в-тени	0.900	56.1	-4.0	-2.5	4.7	bbox	409	87.0	87.0	87.0	770,235,10,14	181.4			
411	411	1.721	стакан-марка-красная	10.0	32.9	порода-в-тени	0.415	16.9	1.0	0.0	1.0	bbox	410	86.0	86.0	86.0	1353,977,10,8	180.7			
412	412	2.078	стакан-марка-красная	16.5	7.3	порода-в-тени	1.153	42.5	-5.0	5.0	7.1	bbox	411	72.0	72.0	72.0	1897,389,8,14	180.4			
413	413	1.659	рюкзак-синий	12.6	14.1	порода-в-тени	0.234	24.7	-3.0	-2.0	3.6	bbox	412	45.0	45.0	45.0	245,841,12,6	179.0			
414	414	1.754	рюкзак-синий	13.9	5.9	порода-в-тени	0.903	44.7	-4.0	-1.0	4.1	bbox	413	11.0	11.0	15.0	743,377,10,6	177.8			
415	415	1.841	рюкзак-синий	14.6	7.8	порода-в-тени	0.417	31.0	-3.0	0.0	3.0	bbox	414	11.0	11.0	11.0	33,249,16,3	177.7			
416	416	0.771	рюкзак-синий	5.5	9.6	снег-в-тени	1.585	29.2	0.5	-19.5	19.5	bbox	415	93.0	93.0	93.0	1763,781,2,25	177.6			
417	417	1.966	стакан-марка-красная	13.0	31.0	снег-освещённый	0.500	80.8	-1.0	-4.0	4.1	bbox	416	48.0	48.0	48.0	1785,409,12,8	177.5			
418	418	1.782	стакан-марка-красная	11.0	31.8	порода-в-тени	0.363	18.0	0.0	1.0	1.0	bbox	417	64.0	63.0	66.0	1315,59,10,10	177.4			
419	419	1.259	рюкзак-синий	5.0	30.6	снег-в-тени	0.849	69.4	-2.0	-10.0	10.2	bbox	418	0.0	0.0	0.0	70,913,5,19	177.2			
420	420	1.076	рюкзак-синий	8.2	8.6	снег-в-тени	0.688	30.2	-1.0	-6.0	6.1	bbox	419	22.0	22.0	22.0	735,417,8,12	176.7			
421	421	1.883	стакан-марка-красная	15.0	3.5	снег-освещённый	1.050	53.3	-4.0	0.0	4.0	bbox	420	41.0	41.0	41.0	1737,305,13,10	175.6			
422	422	1.099	рюкзак-синий	7.3	17.2	порода-в-тени	0.761	21.6	-1.0	-7.0	7.1	bbox	421	40.0	40.0	40.0	937,745,8,7	174.4			
423	423	0.912	рюкзак-синий	7.3	1.7	снег-в-тени	0.422	37.1	-1.0	-7.0	7.1	bbox	422	40.0	40.0	40.0	1553,969,16,8	174.4			
424	424	0.697	рюкзак-синий	5.4	5.1	снег-в-тени	0.533	33.7	-1.0	-9.0	9.1	bbox	423	21.0	21.0	26.0	975,146,10,7	173.9			
425	425	1.352	рюкзак-синий	7.0	28.8	снег-в-тени	0.731	67.6	1.0	-7.0	7.1	bbox	424	57.0	55.0	57.0	541,217,10,14	173.3			
426	426	0.999	рюкзак-синий	5.1	21.5	порода-в-тени	1.037	17.3	0.0	-9.0	9.0	bbox	425	102.0	102.0	102.0	1663,143,4,18	173.3			
427	427	1.982	стакан-марка-красная	12.4	34.7	снег-освещённый	0.283	84.5	-1.0	-2.0	2.2	bbox	426	30.0	30.0	30.0	93,811,16,6	173.1			
428	428	1.395	стакан-марка-красная	11.0	5.5	порода-в-тени	0.899	44.3	0.0	0.0	0.0	bbox	427	60.0	60.0	60.0	1697,140,6,11	173.0			
429	429	1.286	рюкзак-синий	10.2	4.7	снег-в-тени	0.537	43.5	-1.0	-4.0	4.1	bbox	428	72.0	72.0	72.0	1809,907,10,8	172.8			
430	430	1.446	стакан-марка-красная	11.2	10.4	порода-в-тени	0.724	39.4	0.0	-1.0	1.0	bbox	429	59.0	56.0	59.0	129,5,8,8	172.7			
431	431	1.104	рюкзак-синий	6.3	21.6	снег-в-тени	0.467	60.4	-1.0	-8.0	8.1	bbox	430	23.0	23.0	23.0	743,433,16,8	172.6			
432	432	1.224	рюкзак-синий	2.2	33.4	снег-в-тени	1.290	72.2	3.0	-15.0	15.3	bbox	431	95.0	95.0	95.0	1113,105,17,4	171.4			
433	433	0.755	рюкзак-синий	5.0	11.7	снег-в-тени	1.573	27.1	1.5	-19.0	19.1	bbox	432	93.0	93.0	93.0	1753,425,2,24	171.0			
434	434	0.498	рюкзак-синий	2.2	11.5	снег-в-тени	0.972	27.3	-1.0	-13.0	13.0	bbox	433	56.0	56.0	56.0	1593,878,6,15	170.9			
435	435	1.304	рюкзак-синий	8.0	23.4	снег-в-тени	0.574	62.2	0.5	-6.0	6.0	bbox	434	66.0	64.0	66.0	1206,13,17,10	170.9			
436	436	2.213	палка-древко-контроль	13.0	41.9	снег-пересвеченный	0.469	83.5	-7.0	-2.0	7.3	bbox	435	95.0	95.0	95.0	233,0,15,7	170.6			
437	437	0.919	рюкзак-синий	6.3	13.1	снег-в-тени	0.800	25.7	-1.0	-8.0	8.1	bbox	436	30.0	30.0	30.0	155,434,6,12	170.0			
438	438	1.554	рюкзак-синий	9.1	29.8	снег-освещённый	0.772	68.6	0.0	-5.0	5.0	bbox	437	87.0	87.0	87.0	710,594,5,19	169.6			
439	439	2.019	палка-древко-контроль	16.1	3.1	порода-в-тени	1.032	44.7	-6.0	1.0	6.1	bbox	438	93.0	93.0	93.0	163,294,12,5	169.5			
440	440	1.817	палка-древко-контроль	14.1	11.7	снег-в-тени	1.169	53.3	-6.0	-1.0	6.1	bbox	439	95.0	95.0	95.0	1487,110,25,3	169.0			
441	441	0.970	рюкзак-синий	6.0	17.2	снег-в-тени	0.945	21.6	1.0	-8.0	8.1	bbox	440	78.0	78.0	82.0	1753,255,6,15	168.9			
442	442	0.715	рюкзак-синий	5.0	9.6	снег-в-тени	1.538	29.2	1.5	-19.0	19.1	bbox	441	93.0	93.0	93.0	1747,201,2,24	168.6			
443	443	0.949	рюкзак-синий	6.1	15.9	снег-в-тени	0.351	54.7	2.0	-8.0	8.2	bbox	442	79.0	79.0	81.0	1299,173,16,8	167.9			
444	444	1.567	стакан-марка-красная	12.2	10.6	порода-в-тени	0.684	39.2	-1.0	-1.0	1.4	bbox	443	23.0	23.0	26.0	1843,460,8,24	167.0			
445	445	0.832	рюкзак-синий	3.6	19.6	снег-в-тени	1.095	19.2	-1.0	-11.0	11.0	bbox	444	0.0	0.0	0.0	1908,868,12,7	166.5			
446	446	0.975	рюкзак-синий	6.1	17.1	снег-в-тени	0.289	55.9	0.0	-8.0	8.0	bbox	445	56.0	56.0	56.0	107,62,16,9	166.1			
447	447	1.189	рюкзак-синий	9.2	8.2	порода-в-тени	0.631	30.6	-1.0	-5.0	5.1	bbox	446	47.0	46.0	47.0	865,581,16,8	165.1			
448	448	2.416	стакан-марка-красная	19.2	6.7	снег-освещённый	1.331	56.5	-8.0	4.0	8.9	bbox	447	69.0	69.0	69.0	1599,783,6,10	164.9			
449	449	1.776	рюкзак-синий	13.9	9.8	порода-в-тени	0.397	29.0	-4.0	-1.0	4.1	bbox	448	94.0	94.0	94.0	1061,139,10,8	164.4			
450	450	0.395	рюкзак-синий	2.2	7.8	снег-в-тени	0.945	31.0	3.0	-13.0	13.3	bbox	449	82.0	82.0	82.0	57,933,8,10	163.8			
451	451	1.638	стакан-марка-красная	11.0	24.7	порода-в-тени	0.326	25.1	0.0	0.0	0.0	bbox	450	53.0	53.0	53.0	1333,1061,4,12	162.7			
452	452	2.073	стакан-марка-красная	15.1	23.7	снег-освещённый	0.473	73.5	-4.0	-1.0	4.1	bbox	451	41.0	41.0	41.0	1657,0,5,12	160.7			
453	453	1.300	рюкзак-синий	7.1	26.7	снег-в-тени	0.644	65.5	0.0	-7.0	7.0	bbox	452	56.0	56.0	59.0	693,131,12,10	160.5			
454	454	1.674	стакан-марка-красная	10.0	31.0	порода-в-тени	0.399	18.8	1.0	0.0	1.0	bbox	453	72.0	72.0	72.0	1307,1055,8,7	160.5			
455	455	1.825	рюкзак-синий	13.6	18.6	порода-в-тени	0.125	20.2	-3.0	-1.0	3.2	bbox	454	85.0	84.0	85.0	1905,542,8,7	160.2			
456	456	1.315	рюкзак-синий	1.4	36.5	снег-в-тени	1.339	75.3	2.0	-15.0	15.1	bbox	455	95.0	95.0	96.0	965,89,20,4	160.2			
457	457	1.011	рюкзак-синий	6.6	16.5	снег-в-тени	0.372	55.3	2.0	-7.5	7.8	bbox	456	63.0	63.0	64.0	851,105,16,4	160.1			
458	458	1.400	рюкзак-синий	11.2	2.2	снег-в-тени	0.682	41.0	-1.0	-3.0	3.2	bbox	457	10.0	10.0	13.0	1007,139,8,10	159.8			
459	459	1.194	рюкзак-синий	5.1	28.3	снег-в-тени	0.699	67.1	0.0	-9.0	9.0	bbox	458	99.0	99.0	100.0	183,366,22,4	159.8			
460	460	1.418	стакан-марка-красная	11.0	9.0	порода-в-тени	0.780	40.8	0.0	0.0	0.0	bbox	459	74.0	74.0	74.0	971,731,11,10	159.5			
461	461	0.556	рюкзак-синий	3.2	11.0	снег-в-тени	0.805	27.8	0.0	-11.0	11.0	bbox	460	19.0	19.0	19.0	155,905,10,7	159.3			
462	462	0.952	рюкзак-синий	7.3	7.8	снег-в-тени	0.626	31.0	-1.0	-7.0	7.1	bbox	461	20.0	20.0	20.0	893,90,6,11	159.2			
463	463	1.919	рюкзак-синий	12.0	33.3	порода-в-тени	0.601	5.5	0.0	-2.0	2.0	bbox	462	83.0	83.0	83.0	1282,271,10,8	158.9			
464	464	0.939	рюкзак-синий	7.3	6.5	снег-в-тени	0.198	45.3	-1.0	-7.0	7.1	bbox	463	76.0	76.0	76.0	429,8,15,10	158.6			
465	465	1.019	рюкзак-синий	6.3	18.0	порода-в-тени	0.884	20.8	-1.0	-8.0	8.1	bbox	464	36.0	34.0	36.0	307,953,9,12	158.3			
466	466	1.254	рюкзак-синий	8.0	21.2	снег-в-тени	0.518	60.0	1.0	-6.0	6.1	bbox	465	62.0	62.0	63.0	801,35,18,10	158.1			
467	467	1.442	рюкзак-синий	9.2	24.3	порода-в-тени	0.557	14.5	-1.0	-5.0	5.1	bbox	466	26.0	26.0	26.0	888,935,9,10	157.8			
468	468	2.483	палка-древко-контроль	18.0	29.4	снег-освещённый	1.015	71.0	-8.0	3.0	8.5	bbox	467	69.0	69.0	69.0	1793,625,8,8	157.7			
469	469	2.287	стакан-марка-красная	16.3	29.2	порода-в-тени	0.729	20.6	-5.0	4.0	6.4	bbox	468	82.0	82.0	83.0	1837,981,14,8	157.6			
470	470	1.755	палка-древко-контроль	13.3	15.3	снег-освещённый	1.021	56.9	-5.0	-2.0	5.4	bbox	469	2.0	2.0	2.0	0,791,13,6	157.0			
471	471	1.383	стакан-марка-красная	11.0	2.3	снег-в-тени	1.000	47.5	0.0	0.0	0.0	bbox	470	80.0	74.0	80.0	1325,218,11,7	156.5			
472	472	1.748	стакан-марка-красная	11.2	29.4	порода-в-тени	0.250	20.4	0.0	-1.0	1.0	bbox	471	85.0	85.0	85.0	743,273,10,4	156.2			
473	473	1.050	рюкзак-синий	7.1	15.9	порода-в-тени	0.796	22.9	0.0	-7.0	7.0	bbox	472	30.0	30.0	30.0	398,281,12,4	156.0			
474	474	0.679	рюкзак-синий	5.0	7.4	снег-в-тени	1.500	31.4	1.0	-19.0	19.0	bbox	473	92.0	92.0	92.0	1769,593,2,22	155.8			
475	475	1.227	рюкзак-синий	8.5	16.9	снег-в-тени	0.452	55.7	-2.0	-6.0	6.3	bbox	474	56.0	56.0	56.0	23,5,14,14	155.4			
476	476	1.803	рюкзак-синий	14.3	6.1	порода-в-тени	0.579	32.7	-5.0	-1.0	5.1	bbox	475	0.0	0.0	0.0	1134,185,19,8	154.8			
477	477	2.048	палка-древко-контроль	14.0	29.8	снег-пересвеченный	0.885	71.4	-8.0	-1.0	8.1	bbox	476	94.0	94.0	94.0	548,105,15,4	154.5			
478	478	0.706	рюкзак-синий	5.0	9.2	снег-в-тени	0.673	29.6	1.0	-9.0	9.1	bbox	477	53.0	53.0	53.0	363,175,10,8	154.4			
479	479	1.791	палка-древко-контроль	14.3	1.9	порода-в-тени	0.907	43.5	-5.0	-1.0	5.1	bbox	478	2.0	2.0	2.0	617,43,11,6	154.3			
480	480	1.374	рюкзак-синий	5.1	34.1	порода-в-тени	1.251	4.7	2.0	-9.0	9.2	bbox	479	93.0	93.0	93.0	1747,3,4,26	154.3			
481	481	1.878	стакан-марка-красная	14.9	7.6	порода-в-тени	1.177	42.2	-3.0	6.0	6.7	bbox	480	68.0	68.0	68.0	377,1075,20,5	154.0			
482	482	1.764	рюкзак-синий	12.9	20.4	порода-в-тени	0.094	18.4	-2.0	-1.5	2.5	bbox	481	9.0	9.0	9.0	1849,569,8,14	153.2			
483	483	1.037	рюкзак-синий	6.3	18.8	порода-в-тени	0.884	20.0	-1.0	-8.0	8.1	bbox	482	97.0	97.0	97.0	105,945,6,14	152.9			
484	484	2.270	стакан-марка-красная	17.7	13.9	снег-освещённый	1.151	63.7	-6.0	6.0	8.5	bbox	483	69.0	65.0	69.0	1851,523,8,14	152.6			
485	485	1.403	рюкзак-синий	8.2	26.6	порода-в-тени	0.702	12.2	-1.0	-6.0	6.1	bbox	484	79.0	79.0	79.0	1715,6,6,13	152.4			
486	486	1.782	стакан-марка-красная	13.2	19.2	снег-освещённый	0.456	69.0	-2.0	-1.0	2.2	bbox	485	86.0	86.0	86.0	500,993,7,12	152.3			
487	487	2.173	стакан-марка-красная	17.3	6.9	корка-жёлтая-на-скале	1.140	42.9	-5.0	7.5	9.0	bbox	486	68.0	68.0	68.0	1475,771,12,4	152.2			
488	488	1.806	рюкзак-синий	14.4	4.3	порода-в-тени	0.566	34.5	-4.0	-0.5	4.0	bbox	487	13.0	9.0	14.0	1065,577,14,4	152.0			
489	489	1.070	рюкзак-синий	4.0	26.5	снег-в-тени	0.684	65.3	1.0	-10.0	10.0	bbox	488	99.0	99.0	102.0	291,369,14,6	151.8			
490	490	1.470	стакан-марка-красная	11.2	12.7	снег-освещённый	0.675	62.5	0.0	-1.0	1.0	bbox	489	23.0	23.0	23.0	1686,693,19,8	151.6			
491	491	1.206	рюкзак-синий	7.3	22.2	снег-в-тени	0.503	61.0	-1.0	-7.0	7.1	bbox	490	85.0	85.0	85.0	689,107,8,8	151.3			
492	492	1.719	рюкзак-синий	13.2	14.1	порода-в-тени	0.198	24.7	-1.0	-1.0	1.4	bbox	491	94.0	94.0	94.0	621,363,6,12	150.9			
493	493	1.402	рюкзак-синий	8.1	27.3	снег-в-тени	0.699	66.1	0.0	-6.0	6.0	bbox	492	49.0	49.0	49.0	1283,953,10,6	150.2			
494	494	1.965	рюкзак-синий	14.6	20.8	порода-в-тени	0.196	18.0	-3.0	0.0	3.0	bbox	493	99.0	99.0	99.0	41,660,6,9	150.1			
495	495	2.230	стакан-марка-красная	17.7	7.3	порода-в-тени	1.281	42.5	-6.0	6.0	8.5	bbox	494	72.0	70.0	72.0	1867,733,6,16	149.2			
496	496	1.586	рюкзак-синий	5.0	40.8	снег-пересвеченный	1.052	79.6	1.0	-9.0	9.1	bbox	495	73.0	73.0	73.0	1817,993,8,12	149.2			
497	497	2.106	палка-древко-контроль	12.0	41.3	снег-пересвеченный	0.516	82.9	-7.5	-3.0	8.1	bbox	496	90.0	90.0	90.0	53,215,10,12	149.2			
498	498	0.958	рюкзак-синий	7.3	8.4	снег-в-тени	0.646	30.4	-1.0	-7.0	7.1	bbox	497	20.0	20.0	20.0	911,297,10,8	148.9			
499	499	1.094	рюкзак-синий	7.8	14.1	снег-в-тени	0.291	52.9	-1.0	-6.5	6.6	bbox	498	98.0	98.0	98.0	1525,553,12,8	148.7			
500	500	0.407	рюкзак-синий	3.2	2.8	снег-в-тени	0.503	41.6	2.0	-11.0	11.2	bbox	499	72.0	72.0	72.0	1827,557,6,10	147.9			
501	501	0.683	палка-древко-контроль	5.0	7.7	снег-в-тени	0.881	33.9	-5.0	-11.0	12.1	bbox	500	24.0	22.0	24.0	1769,99,8,11	147.7			
502	502	0.856	рюкзак-синий	6.1	11.0	снег-в-тени	0.072	49.8	0.0	-8.0	8.0	bbox	501	79.0	79.0	79.0	1309,97,14,4	147.5			
503	503	0.654	рюкзак-синий	5.1	4.1	снег-в-тени	1.452	34.7	0.0	-19.0	19.0	bbox	502	89.0	89.0	89.0	1687,380,2,21	147.0			
504	504	1.907	рюкзак-синий	15.2	2.8	порода-в-тени	0.853	41.6	-5.0	0.0	5.0	bbox	503	13.0	13.0	13.0	1749,381,8,8	146.9			
505	505	0.963	рюкзак-синий	7.3	8.8	снег-в-тени	0.660	30.0	-1.0	-7.0	7.1	bbox	504	47.0	47.0	47.0	1041,513,8,7	146.7			
506	506	1.451	рюкзак-синий	11.2	11.0	порода-в-тени	0.386	27.8	-1.0	-3.0	3.2	bbox	505	58.0	58.0	58.0	489,188,8,12	146.6			
507	507	1.910	стакан-марка-красная	12.0	32.9	порода-в-тени	0.217	16.9	-1.0	0.0	1.0	bbox	506	97.0	97.0	97.0	319,1025,8,6	146.6			
508	508	1.646	стакан-марка-красная	12.2	17.6	порода-в-тени	0.438	32.2	-1.0	-1.0	1.4	bbox	507	2.0	2.0	2.0	1265,897,8,12	145.8			
509	509	2.136	стакан-марка-красная	15.0	28.4	снег-освещённый	0.386	78.2	-4.0	0.0	4.0	bbox	508	31.0	31.0	31.0	549,785,5,14	144.6			
510	510	0.690	рюкзак-синий	4.0	13.3	снег-в-тени	0.844	25.5	1.0	-10.0	10.0	bbox	509	18.0	18.0	18.0	1078,1042,9,8	144.1			
511	511	2.255	стакан-марка-красная	17.6	14.1	порода-в-тени	1.099	35.7	-6.0	5.5	8.1	bbox	510	72.0	72.0	72.0	1825,845,10,8	143.7			
512	512	1.308	рюкзак-синий	7.3	26.3	снег-в-тени	0.643	65.1	-1.0	-7.0	7.1	bbox	511	80.0	80.0	80.0	1825,875,16,3	143.4			
513	513	1.821	рюкзак-синий	13.0	22.7	порода-в-тени	0.294	16.1	0.0	-1.0	1.0	bbox	512	93.0	93.0	93.0	1835,263,6,14	143.3			
514	514	0.382	рюкзак-синий	2.7	5.1	снег-в-тени	0.666	33.7	0.0	-11.5	11.5	bbox	513	2.0	2.0	2.0	897,0,8,7	142.9			
515	515	2.013	стакан-марка-красная	15.0	20.2	порода-в-тени	0.558	29.6	-4.0	2.0	4.5	bbox	514	96.0	96.0	96.0	933,387,10,10	142.9			
516	516	1.099	рюкзак-синий	5.1	25.1	порода-в-тени	1.058	13.7	0.0	-9.0	9.0	bbox	515	102.0	102.0	102.0	1672,265,3,20	142.8			
517	517	1.216	рюкзак-синий	7.3	22.6	снег-в-тени	0.516	61.4	-1.0	-7.0	7.1	bbox	516	78.0	77.0	78.0	1615,221,24,2	142.5			
518	518	1.530	рюкзак-синий	6.3	36.7	снег-пересвеченный	0.907	75.5	-1.0	-8.0	8.1	bbox	517	0.0	0.0	5.0	1767,77,24,6	142.4			
519	519	2.312	палка-древко-контроль	15.1	37.2	снег-пересвеченный	0.616	78.8	-6.0	0.0	6.0	bbox	518	37.0	37.0	37.0	1832,352,9,9	142.3			
520	520	1.944	стакан-марка-красная	15.1	12.6	снег-освещённый	0.846	62.4	-4.0	3.0	5.0	bbox	519	86.0	86.0	86.0	783,345,10,5	141.7			
521	521	0.633	рюкзак-синий	5.0	2.7	снег-в-тени	0.676	36.1	-3.0	-11.0	11.4	bbox	520	57.0	57.0	57.0	1689,304,3,17	141.5			
522	522	1.137	рюкзак-синий	6.0	23.9	снег-в-тени	0.548	62.7	1.0	-8.0	8.1	bbox	521	67.0	67.0	67.0	1827,787,8,10	141.3			
523	523	1.093	рюкзак-синий	6.3	21.2	порода-в-тени	0.889	17.6	-1.0	-8.0	8.1	bbox	522	83.0	83.0	83.0	1569,771,8,12	141.3			
524	524	2.687	крышка-бирюзовая	19.8	29.0	снег-освещённый	1.066	83.1	-8.5	4.0	9.4	bbox	523	30.0	30.0	30.0	111,961,6,6	141.2			
525	525	1.258	рюкзак-синий	7.3	24.3	снег-в-тени	0.576	63.1	-1.0	-7.0	7.1	bbox	524	23.0	23.0	23.0	1001,0,14,5	140.4			
526	526	0.882	рюкзак-синий	6.3	11.0	снег-в-тени	0.724	27.8	-1.0	-8.0	8.1	bbox	525	27.0	27.0	27.0	1890,212,13,9	139.9			
527	527	1.378	рюкзак-синий	6.1	32.2	снег-в-тени	0.828	71.0	0.0	-8.0	8.0	bbox	526	26.0	26.0	26.0	1141,291,14,6	138.7			
528	528	1.952	палка-древко-контроль	15.3	10.9	снег-освещённый	1.126	52.5	-5.0	0.0	5.0	bbox	527	97.0	97.0	97.0	295,757,8,6	138.6			
529	529	1.407	стакан-марка-красная	11.0	7.6	порода-в-тени	0.826	42.2	0.0	0.0	0.0	bbox	528	72.0	72.0	72.0	1834,179,13,4	138.3			
530	530	1.566	рюкзак-синий	10.2	25.5	порода-в-тени	0.469	13.3	-1.0	-4.0	4.1	bbox	529	79.0	79.0	79.0	1524,29,11,9	138.3			
531	531	1.767	стакан-марка-красная	14.0	5.9	порода-в-тени	0.858	43.9	-3.0	0.0	3.0	bbox	530	41.0	41.0	41.0	1621,68,10,6	138.2			
532	532	1.162	рюкзак-синий	7.2	20.8	порода-в-тени	0.778	18.0	-0.5	-7.0	7.0	bbox	531	14.0	13.0	14.0	1218,378,7,10	137.8			
533	533	1.710	стакан-марка-красная	11.0	28.2	порода-в-тени	0.283	21.6	0.0	0.0	0.0	bbox	532	88.0	88.0	88.0	585,697,6,8	137.6			
534	534	1.184	рюкзак-синий	8.2	16.3	снег-в-тени	0.382	55.1	-1.0	-6.0	6.1	bbox	533	11.0	10.0	13.0	1521,286,16,7	137.5			
535	535	2.048	палка-древко-контроль	16.1	10.2	снег-освещённый	1.217	51.8	-6.0	1.0	6.1	bbox	534	89.0	87.0	89.0	623,0,10,5	137.4			
536	536	1.579	рюкзак-синий	8.5	32.6	снег-пересвеченный	0.821	71.4	-2.0	-6.0	6.3	bbox	535	96.0	96.0	96.0	1005,165,14,6	137.1			
537	537	1.697	рюкзак-синий	12.0	21.9	порода-в-тени	0.307	16.9	0.0	-2.0	2.0	bbox	536	102.0	102.0	102.0	1791,117,10,12	137.0			
538	538	0.576	рюкзак-синий	2.2	14.1	снег-в-тени	1.101	24.7	3.0	-13.0	13.3	bbox	537	0.0	0.0	0.0	11,189,14,11	136.5			
539	539	1.158	рюкзак-синий	5.5	26.1	снег-в-тени	0.627	64.9	1.0	-8.5	8.6	bbox	538	57.0	57.0	57.0	539,155,10,6	136.2			
540	540	1.849	рюкзак-синий	13.3	22.3	порода-в-тени	0.140	16.5	-2.0	-1.0	2.2	bbox	539	93.0	93.0	93.0	1837,523,6,10	135.4			
541	541	1.101	рюкзак-синий	8.5	7.5	снег-в-тени	0.358	46.3	-2.0	-6.0	6.3	bbox	540	19.0	19.0	19.0	1313,465,8,8	135.3			
542	542	2.017	палка-древко-контроль	16.0	6.4	порода-в-тени	1.195	48.0	-7.0	1.0	7.1	bbox	541	23.0	23.0	23.0	81,163,10,6	133.5			
543	543	0.809	рюкзак-синий	4.1	17.5	снег-в-тени	0.393	56.3	0.0	-10.0	10.0	bbox	542	70.0	70.0	70.0	0,59,5,8	133.3			
544	544	1.842	рюкзак-синий	14.6	8.0	порода-в-тени	0.411	30.8	-3.0	0.0	3.0	bbox	543	11.0	11.0	11.0	322,289,15,4	133.1			
545	545	1.192	рюкзак-синий	7.1	22.4	снег-в-тени	0.553	61.2	2.0	-7.0	7.3	bbox	544	62.0	62.0	63.0	1039,13,14,6	132.5			
546	546	2.025	палка-древко-контроль	14.5	25.3	снег-освещённый	1.009	66.9	-8.0	-0.5	8.0	bbox	545	95.0	94.0	96.0	1087,47,13,6	132.4			
547	547	1.071	рюкзак-синий	6.7	18.7	снег-в-тени	0.426	57.5	-2.0	-8.0	8.2	bbox	546	70.0	70.0	70.0	13,153,4,14	132.2			
548	548	2.213	стакан-марка-красная	15.0	32.7	снег-освещённый	0.380	82.5	-4.0	0.0	4.0	bbox	547	37.0	37.0	37.0	461,219,12,14	131.6			
549	549	1.452	стакан-марка-красная	11.0	12.5	порода-в-тени	0.664	37.3	0.0	0.0	0.0	bbox	548	59.0	59.0	59.0	29,665,8,6	131.6			
550	550	1.982	рюкзак-синий	13.0	31.8	снег-освещённый	0.580	70.6	-4.0	-2.0	4.5	bbox	549	98.0	98.0	98.0	1817,281,8,14	131.1			
551	551	1.861	рюкзак-синий	14.9	2.8	порода-в-тени	0.806	41.6	-4.0	0.0	4.0	bbox	550	87.0	87.0	87.0	451,811,6,9	130.0			
552	552	0.978	рюкзак-синий	6.3	16.1	снег-в-тени	0.283	54.9	-1.0	-8.0	8.1	bbox	551	53.0	53.0	53.0	17,153,8,8	129.8			
553	553	1.861	рюкзак-синий	14.9	2.6	порода-в-тени	0.799	41.4	-4.0	0.0	4.0	bbox	552	49.0	49.0	49.0	1833,1062,4,11	129.7			
554	554	1.549	стакан-марка-красная	12.0	10.2	порода-в-тени	0.708	39.6	-1.0	0.0	1.0	bbox	553	79.0	79.0	79.0	1163,90,12,9	129.7			
555	555	1.461	рюкзак-синий	9.2	25.1	снег-в-тени	0.698	63.9	-1.0	-5.0	5.1	bbox	554	1.0	1.0	1.0	541,828,14,5	129.5			
556	556	0.937	рюкзак-синий	7.0	9.4	снег-в-тени	0.680	29.4	1.0	-7.0	7.1	bbox	555	48.0	46.0	48.0	177,971,6,9	129.2			
557	557	1.383	стакан-марка-красная	11.0	2.2	снег-розовый	0.982	52.0	0.0	0.0	0.0	bbox	556	78.0	78.0	78.0	993,921,6,10	129.2			
558	558	0.836	рюкзак-синий	6.0	10.2	снег-в-тени	1.660	28.6	1.5	-20.0	20.1	bbox	557	93.0	93.0	93.0	1751,359,2,18	129.2			
559	559	0.942	рюкзак-синий	5.4	18.5	снег-в-тени	0.381	57.3	-1.0	-9.0	9.1	bbox	558	7.0	5.0	7.0	1711,946,22,5	128.5			
560	560	2.092	стакан-марка-красная	16.0	16.9	снег-освещённый	0.710	66.7	-5.0	0.0	5.0	bbox	559	43.0	43.0	43.0	1619,424,12,5	128.1			
561	561	2.091	стакан-марка-красная	12.4	39.4	снег-освещённый	0.391	89.2	-1.0	-2.0	2.2	bbox	560	30.0	30.0	30.0	532,114,16,13	127.8			
562	562	0.712	рюкзак-синий	5.0	9.4	снег-в-тени	0.694	29.4	1.5	-9.0	9.1	bbox	561	76.0	76.0	76.0	219,85,6,9	127.7			
563	563	2.035	стакан-марка-красная	16.2	7.1	корка-жёлтая-на-скале	1.133	42.7	-4.0	7.0	8.1	bbox	562	68.0	68.0	68.0	1619,781,4,10	127.5			
564	564	1.047	рюкзак-синий	7.3	14.5	порода-в-тени	0.773	24.3	-1.0	-7.0	7.1	bbox	563	30.0	30.0	30.0	305,183,4,10	127.4			
565	565	1.712	стакан-марка-красная	11.6	25.5	порода-в-тени	0.242	24.3	-0.5	-0.5	0.7	bbox	564	87.0	87.0	87.0	1049,1057,6,7	127.3			
566	566	1.742	рюкзак-синий	13.9	2.0	порода-в-тени	0.770	40.8	-4.0	-1.0	4.1	bbox	565	87.0	87.0	87.0	463,660,10,9	127.0			
567	567	1.602	рюкзак-синий	6.0	39.6	снег-пересвеченный	0.985	78.4	1.0	-8.0	8.1	bbox	566	82.0	82.0	82.0	1512,815,15,10	126.9			
568	568	1.760	рюкзак-синий	13.2	17.6	порода-в-тени	0.128	21.2	-1.0	-1.0	1.4	bbox	567	87.0	87.0	87.0	1291,815,11,6	126.9			
569	569	0.799	рюкзак-синий	6.1	6.8	снег-в-тени	0.566	32.0	0.0	-8.0	8.0	bbox	568	53.0	53.0	53.0	177,145,15,8	126.1			
570	570	1.239	рюкзак-синий	8.1	20.2	порода-в-тени	0.676	18.6	0.0	-6.0	6.0	bbox	569	94.0	94.0	94.0	584,644,5,12	126.0			
571	571	0.849	рюкзак-синий	5.1	15.7	снег-в-тени	0.270	54.5	0.0	-9.0	9.0	bbox	570	103.0	103.0	103.0	105,833,4,8	125.4			
572	572	0.492	рюкзак-синий	3.6	5.5	снег-в-тени	0.414	44.3	-1.0	-11.0	11.0	bbox	571	21.0	21.0	21.0	1202,1069,10,8	125.2			
573	573	1.278	рюкзак-синий	7.3	25.1	снег-в-тени	0.602	63.9	-1.0	-7.0	7.1	bbox	572	56.0	56.0	56.0	179,73,10,14	124.9			
574	574	0.840	рюкзак-синий	6.0	10.6	снег-в-тени	0.710	28.2	1.0	-8.0	8.1	bbox	573	68.0	68.0	68.0	1537,885,6,10	124.3			
575	575	1.150	рюкзак-синий	6.5	22.8	снег-в-тени	0.511	61.6	1.0	-7.5	7.6	bbox	574	45.0	45.0	45.0	61,943,22,2	123.9			
576	576	0.943	рюкзак-синий	7.3	6.9	снег-в-тени	0.192	45.7	-1.0	-7.0	7.1	bbox	575	22.0	22.0	22.0	1345,517,8,11	123.4			
577	577	1.630	рюкзак-синий	7.3	37.9	снег-пересвеченный	0.799	76.7	-1.0	-7.0	7.1	bbox	576	22.0	22.0	22.0	642,495,15,4	123.2			
578	578	1.408	рюкзак-синий	6.0	33.4	снег-в-тени	0.879	72.2	1.0	-8.0	8.1	bbox	577	53.0	53.0	53.0	892,69,15,10	122.8			
579	579	1.719	рюкзак-синий	9.2	35.7	снег-освещённый	0.664	74.5	-1.0	-5.0	5.1	bbox	578	50.0	50.0	50.0	1829,663,12,6	122.7			
580	580	1.157	рюкзак-синий	9.1	6.7	снег-в-тени	0.384	45.5	0.0	-5.0	5.0	bbox	579	67.0	67.0	67.0	1791,558,8,11	122.6			
581	581	1.002	рюкзак-синий	7.3	11.7	снег-в-тени	0.762	27.1	-1.0	-7.0	7.1	bbox	580	19.0	19.0	19.0	407,753,8,7	122.3			
582	582	2.368	стакан-марка-красная	18.9	2.5	порода-в-тени	1.398	47.3	-7.5	5.0	9.0	bbox	581	71.0	71.0	71.0	1899,1073,4,7	122.3			
583	583	0.771	рюкзак-синий	4.5	14.9	снег-в-тени	0.897	23.9	-1.0	-10.0	10.0	bbox	582	55.0	55.0	55.0	1649,907,10,8	122.2			
584	584	2.310	палка-древко-контроль	13.7	43.3	снег-пересвеченный	0.334	84.9	-5.5	-1.5	5.7	bbox	583	0.0	0.0	0.0	1888,367,5,10	121.7			
585	585	1.748	рюкзак-синий	13.9	4.3	порода-в-тени	0.563	34.5	-4.0	-1.0	4.1	bbox	584	11.0	11.0	11.0	235,271,22,4	121.6			
586	586	1.533	рюкзак-синий	11.2	17.7	снег-в-тени	0.709	56.5	-1.0	-3.0	3.2	bbox	585	23.0	23.0	23.0	1729,680,16,7	121.5			
587	587	1.781	рюкзак-синий	13.9	10.6	порода-в-тени	0.375	28.2	-4.0	-1.0	4.1	bbox	586	95.0	95.0	95.0	1305,233,8,6	121.5			
588	588	1.536	стакан-марка-красная	11.0	18.8	порода-в-тени	0.470	31.0	0.0	0.0	0.0	bbox	587	55.0	55.0	55.0	965,459,5,12	120.8			
589	589	2.029	рюкзак-синий	15.0	21.3	порода-в-тени	0.353	17.5	-4.5	0.0	4.5	bbox	588	84.0	84.0	84.0	1683,999,4,10	120.7			
590	590	1.906	палка-древко-контроль	9.8	40.8	снег-пересвеченный	0.477	82.4	-4.0	-6.0	7.2	bbox	589	85.0	85.0	85.0	89,11,7,7	120.4			
591	591	0.755	рюкзак-синий	3.0	18.3	снег-в-тени	0.534	57.1	1.5	-11.0	11.1	bbox	590	82.0	82.0	82.0	1909,725,8,4	120.3			
592	592	1.382	рюкзак-синий	10.4	12.8	снег-в-тени	0.575	51.6	-2.0	-4.0	4.5	bbox	591	67.0	67.0	67.0	1803,1009,8,12	119.9			
593	593	0.659	рюкзак-синий	5.1	4.7	снег-в-тени	0.504	34.1	0.0	-9.0	9.0	bbox	592	80.0	80.0	84.0	1759,617,10,7	119.8			
594	594	2.263	стакан-марка-красная	17.7	12.9	порода-в-тени	1.167	36.9	-6.0	6.0	8.5	bbox	593	72.0	72.0	72.0	1907,595,4,11	119.4			
595	595	1.486	рюкзак-синий	9.2	26.3	порода-в-тени	0.587	12.5	-1.0	-5.0	5.1	bbox	594	79.0	79.0	79.0	1614,104,7,9	119.1			
596	596	2.310	стакан-марка-красная	18.4	4.5	порода-в-тени	1.320	45.3	-7.0	5.0	8.6	bbox	595	73.0	70.0	73.0	1903,1053,7,8	118.7			
597	597	1.831	рюкзак-синий	8.2	42.4	снег-пересвеченный	0.628	81.2	-1.0	-6.0	6.1	bbox	596	99.0	99.0	102.0	275,93,18,4	118.3			
598	598	1.024	рюкзак-синий	7.1	14.5	порода-в-тени	0.803	24.3	0.0	-7.0	7.0	bbox	597	15.0	15.0	15.0	1339,575,6,10	118.2			
599	599	1.833	рюкзак-синий	13.0	23.5	порода-в-тени	0.309	15.3	0.0	-1.0	1.0	bbox	598	57.0	57.0	57.0	1753,497,8,10	118.2			
600	600	1.542	стакан-марка-красная	11.0	19.2	порода-в-тени	0.459	30.6	0.0	0.0	0.0	bbox	599	53.0	53.0	53.0	1361,996,5,11	117.1			
601	601	1.589	стакан-марка-красная	12.2	12.9	снег-освещённый	0.657	62.7	-1.0	-1.0	1.4	bbox	600	55.0	54.0	55.0	1424,947,7,10	116.7			
602	602	2.502	стакан-марка-красная	19.6	13.3	снег-освещённый	1.314	63.1	-8.0	6.0	10.0	bbox	601	69.0	69.0	69.0	1886,771,6,8	116.7			
603	603	1.367	рюкзак-синий	2.2	37.5	снег-в-тени	1.251	76.3	3.0	-13.0	13.3	bbox	602	28.0	28.0	28.0	1689,291,10,10	116.2			
604	604	1.937	палка-древко-контроль	15.1	11.7	снег-освещённый	1.163	53.3	-6.0	0.0	6.0	bbox	603	96.0	96.0	96.0	1116,305,9,5	115.9			
605	605	0.809	рюкзак-синий	6.0	8.5	снег-в-тени	0.127	47.3	1.0	-8.0	8.1	bbox	604	45.0	45.0	45.0	97,825,7,10	115.8			
606	606	1.549	стакан-марка-красная	12.2	8.2	порода-в-тени	0.766	41.6	-1.0	-1.0	1.4	bbox	605	50.0	50.0	50.0	617,290,12,3	115.8			
607	607	1.230	рюкзак-синий	7.1	23.9	снег-в-тени	0.548	62.7	0.0	-7.0	7.0	bbox	606	61.0	61.0	61.0	1013,3,12,8	115.7			
608	608	0.643	рюкзак-синий	5.1	2.3	снег-в-тени	0.423	36.5	0.0	-9.0	9.0	bbox	607	67.0	67.0	67.0	1699,325,8,10	115.7			
609	609	1.851	стакан-марка-красная	11.0	34.5	порода-в-тени	0.334	15.3	0.0	0.0	0.0	bbox	608	0.0	0.0	0.0	106,0,7,5	115.4			
610	610	0.251	рюкзак-синий	2.0	0.6	снег-в-тени	1.051	39.4	1.0	-16.0	16.0	bbox	609	93.0	93.0	93.0	1653,59,10,6	115.4			
611	611	1.154	рюкзак-синий	6.1	24.3	порода-в-тени	0.934	14.5	0.0	-8.0	8.0	bbox	610	81.0	81.0	81.0	1841,460,6,9	115.2			
612	612	1.019	рюкзак-синий	6.4	17.7	снег-в-тени	0.502	56.5	-3.0	-9.0	9.5	bbox	611	100.0	100.0	100.0	977,125,6,7	115.0			
613	613	0.667	рюкзак-синий	5.1	5.5	снег-в-тени	0.176	44.3	0.0	-9.0	9.0	bbox	612	70.0	70.0	70.0	97,7,4,10	114.4			
614	614	0.988	рюкзак-синий	5.1	21.2	порода-в-тени	1.035	17.6	0.0	-9.0	9.0	bbox	613	14.0	5.0	14.0	143,674,5,7	114.0			
615	615	1.229	рюкзак-синий	5.1	29.4	снег-в-тени	0.740	68.2	0.0	-9.0	9.0	bbox	614	69.0	69.0	69.0	1861,429,3,16	113.8			
616	616	1.753	стакан-марка-красная	12.4	23.1	снег-освещённый	0.376	72.9	-1.0	-2.0	2.2	bbox	615	51.0	51.0	51.0	506,15,15,6	112.5			
617	617	1.303	палка-древко-контроль	8.1	23.1	снег-в-тени	0.784	64.7	-4.0	-8.0	8.9	bbox	616	3.0	3.0	3.0	41,213,11,11	112.4			
618	618	1.051	рюкзак-синий	7.1	15.9	снег-в-тени	0.277	54.7	0.0	-7.0	7.0	bbox	617	57.0	57.0	57.0	235,457,10,10	111.9			
619	619	2.186	палка-древко-контроль	13.3	39.6	снег-пересвеченный	0.380	81.2	-5.0	-2.0	5.4	bbox	618	82.0	82.0	83.0	1635,651,10,7	111.8			
620	620	2.294	стакан-марка-красная	17.9	14.7	порода-в-тени	1.185	35.1	-6.0	6.5	8.8	bbox	619	73.0	73.0	73.0	1913,473,7,8	111.5			
621	621	1.951	палка-древко-контроль	14.0	24.1	снег-освещённый	0.983	65.7	-7.5	-1.0	7.6	bbox	620	94.0	94.0	94.0	177,175,10,6	111.5			
622	622	1.178	рюкзак-синий	7.3	21.0	порода-в-тени	0.766	17.8	-1.0	-7.0	7.1	bbox	621	14.0	14.0	14.0	1372,264,9,6	111.1			
623	623	1.184	рюкзак-синий	7.3	21.2	снег-в-тени	0.470	60.0	-1.0	-7.0	7.1	bbox	622	98.0	98.0	98.0	1189,567,16,6	110.8			
624	624	0.631	рюкзак-синий	5.0	2.3	снег-в-тени	0.442	36.5	1.0	-9.0	9.1	bbox	623	68.0	68.0	68.0	1893,409,6,8	110.4			
625	625	2.443	палка-древко-контроль	17.0	33.7	снег-освещённый	0.990	75.3	-8.5	2.0	8.7	bbox	624	94.0	94.0	96.0	561,228,10,5	109.9			
626	626	2.498	стакан-марка-красная	14.1	49.4	снег-пересвеченный	0.416	99.2	-3.0	-1.0	3.2	bbox	625	88.0	88.0	88.0	289,233,8,12	109.8			
627	627	1.688	палка-древко-контроль	7.2	40.0	снег-пересвеченный	0.816	81.6	-4.0	-9.0	9.8	bbox	626	11.0	11.0	11.0	778,249,5,8	109.7			
628	628	1.683	стакан-марка-красная	11.2	26.3	порода-в-тени	0.274	23.5	0.0	-1.0	1.0	bbox	627	95.0	95.0	95.0	715,571,6,6	109.0			
629	629	1.411	рюкзак-синий	6.7	31.8	снег-в-тени	0.851	70.6	-2.0	-8.0	8.2	bbox	628	22.0	22.0	22.0	1785,362,8,5	108.8			
630	630	0.517	рюкзак-синий	4.1	1.2	снег-в-тени	0.814	37.6	-3.0	-13.0	13.3	bbox	629	57.0	57.0	57.0	1703,143,3,13	108.7			
631	631	1.037	рюкзак-синий	6.0	20.0	порода-в-тени	0.980	18.8	1.5	-8.0	8.1	bbox	630	94.0	94.0	94.0	518,647,6,6	108.4			
632	632	1.409	рюкзак-синий	11.2	4.9	снег-в-тени	0.654	43.7	-1.0	-3.0	3.2	bbox	631	37.0	37.0	37.0	481,678,8,7	108.3			
633	633	1.445	рюкзак-синий	8.7	26.5	снег-в-тени	0.710	65.3	-1.0	-5.5	5.6	bbox	632	0.0	0.0	0.0	248,717,13,8	108.2			
634	634	0.991	рюкзак-синий	5.4	20.4	порода-в-тени	1.010	18.4	-1.0	-9.0	9.1	bbox	633	86.0	86.0	86.0	1212,1013,6,7	108.2			
635	635	1.748	стакан-марка-красная	11.2	29.4	порода-в-тени	0.250	20.4	0.0	-1.0	1.0	bbox	634	95.0	95.0	97.0	853,559,8,6	108.2			
636	636	0.953	рюкзак-синий	6.3	14.9	снег-в-тени	0.246	53.7	-1.0	-8.0	8.1	bbox	635	27.0	27.0	27.0	1876,273,13,8	108.1			
637	637	1.271	рюкзак-синий	5.0	31.0	снег-в-тени	0.862	69.8	-2.0	-10.0	10.2	bbox	636	85.0	85.0	85.0	149,1075,9,5	107.5			
638	638	1.549	стакан-марка-красная	12.0	10.2	снег-розовый	0.732	60.0	-1.0	2.0	2.2	bbox	637	25.0	25.0	25.0	1721,705,8,10	106.5			
639	639	1.814	рюкзак-синий	13.0	22.3	порода-в-тени	0.287	16.5	0.0	-1.0	1.0	bbox	638	102.0	101.0	102.0	1795,199,7,8	106.5			
640	640	1.594	стакан-марка-красная	12.2	13.3	снег-освещённый	0.643	63.1	-1.0	-1.0	1.4	bbox	639	25.0	25.0	25.0	964,1051,3,11	105.9			
641	641	0.992	рюкзак-синий	5.4	20.4	снег-в-тени	0.444	59.2	-1.0	-9.0	9.1	bbox	640	47.0	47.0	47.0	1777,369,8,8	105.9			
642	642	1.381	стакан-марка-красная	11.0	0.4	снег-в-тени	1.002	49.4	0.0	0.0	0.0	bbox	641	82.0	78.0	82.0	782,413,9,8	105.2			
643	643	0.698	рюкзак-синий	4.1	13.2	снег-в-тени	0.291	52.0	0.0	-10.0	10.0	bbox	642	70.0	70.0	70.0	0,791,9,6	104.9			
644	644	0.989	рюкзак-синий	6.0	18.1	снег-в-тени	0.347	56.9	1.0	-8.0	8.1	bbox	643	57.0	57.0	57.0	927,5,12,6	104.5			
645	645	0.932	рюкзак-синий	5.4	18.1	снег-в-тени	0.369	56.9	-1.0	-9.0	9.1	bbox	644	101.0	101.0	101.0	1721,439,8,6	104.0			
646	646	0.940	рюкзак-синий	6.1	15.5	снег-в-тени	0.874	23.3	0.0	-8.0	8.0	bbox	645	12.0	10.0	12.0	1016,689,9,8	103.9			
647	647	0.574	рюкзак-синий	3.0	12.2	снег-в-тени	1.138	51.0	1.0	-17.0	17.0	bbox	646	0.0	0.0	0.0	1541,61,8,8	103.4			
648	648	1.390	рюкзак-синий	8.2	26.1	снег-в-тени	0.672	64.9	-1.0	-6.0	6.1	bbox	647	66.0	62.0	69.0	607,137,16,6	103.3			
649	649	1.225	рюкзак-синий	7.1	23.7	снег-в-тени	0.541	62.5	0.0	-7.0	7.0	bbox	648	77.0	77.0	77.0	985,141,8,4	102.8			
650	650	1.087	палка-древко-контроль	7.2	17.0	снег-в-тени	0.644	58.6	-4.0	-9.0	9.8	bbox	649	17.0	17.0	17.0	161,285,3,14	102.5			
651	651	0.961	рюкзак-синий	6.4	14.9	снег-в-тени	0.940	23.9	-3.0	-9.0	9.5	bbox	650	26.0	26.0	26.0	1883,323,9,3	102.5			
652	652	1.741	рюкзак-синий	13.9	0.4	порода-в-тени	0.717	39.2	-4.0	-1.0	4.1	bbox	651	99.0	99.0	99.0	1329,0,3,9	102.2			
653	653	1.818	рюкзак-синий	13.6	18.0	порода-в-тени	0.126	20.8	-3.0	-1.0	3.2	bbox	652	52.0	52.0	52.0	1894,714,11,7	102.0			
654	654	1.068	рюкзак-синий	2.8	28.2	снег-в-тени	1.705	10.6	3.0	-16.0	16.3	bbox	653	0.0	0.0	0.0	1659,1053,8,10	101.9			
655	655	1.500	палка-древко-контроль	11.0	16.4	снег-в-тени	1.072	58.0	-7.0	-4.0	8.1	bbox	654	97.0	97.0	97.0	441,179,17,2	101.3			
656	656	1.230	рюкзак-синий	7.6	21.8	снег-в-тени	0.535	60.6	-2.0	-7.0	7.3	bbox	655	26.0	26.0	26.0	1879,481,10,4	101.1			
657	657	2.027	стакан-марка-красная	14.3	26.7	снег-освещённый	0.386	76.5	-3.0	-2.0	3.6	bbox	656	49.0	49.0	49.0	1108,889,5,6	101.1			
658	658	1.134	рюкзак-синий	6.7	21.4	снег-в-тени	0.508	60.2	-2.0	-8.0	8.2	bbox	657	101.0	101.0	101.0	1787,645,6,6	101.1			
659	659	2.156	палка-древко-контроль	15.0	29.8	снег-пересвеченный	0.929	71.4	-8.0	0.0	8.0	bbox	658	94.0	94.0	94.0	657,89,8,4	101.0			
660	660	2.322	стакан-марка-красная	14.1	42.2	снег-пересвеченный	0.284	92.0	-3.0	-1.0	3.2	bbox	659	24.0	24.0	24.0	1433,793,4,9	100.6			
661	661	1.144	рюкзак-синий	5.4	25.9	снег-в-тени	0.629	64.7	-1.0	-9.0	9.1	bbox	660	87.0	87.0	87.0	711,463,12,6	100.6			
662	662	1.804	рюкзак-синий	11.0	32.5	порода-в-тени	0.616	6.3	0.0	-3.0	3.0	bbox	661	82.0	82.0	82.0	1705,175,9,7	100.4			
663	663	1.223	рюкзак-синий	6.4	25.9	снег-в-тени	0.722	64.7	-3.0	-9.0	9.5	bbox	662	10.0	10.0	10.0	813,9,4,8	100.1			
664	664	0.916	рюкзак-синий	6.0	14.5	снег-в-тени	0.279	53.3	-1.5	-8.5	8.6	bbox	663	2.0	2.0	2.0	1313,275,12,4	100.0			
665	665	2.144	палка-древко-контроль	13.0	39.0	снег-пересвеченный	0.533	80.6	-7.0	-2.0	7.3	bbox	664	13.0	12.0	14.0	1233,545,16,4	99.9			
666	666	2.191	стакан-марка-красная	15.1	31.0	снег-освещённый	0.395	80.8	-4.0	-1.0	4.1	bbox	665	35.0	35.0	35.0	316,809,9,4	99.7			
667	667	2.071	палка-древко-контроль	16.6	0.9	порода-в-тени	1.020	42.5	-6.5	1.5	6.7	bbox	666	0.0	0.0	0.0	1189,149,13,4	99.4			
668	668	1.084	рюкзак-синий	7.3	16.5	снег-в-тени	0.321	55.3	-1.0	-7.0	7.1	bbox	667	102.0	102.0	102.0	193,420,6,9	99.4			
669	669	1.400	стакан-марка-красная	11.2	2.2	снег-в-тени	0.875	47.6	0.0	-1.0	1.0	bbox	668	72.0	72.0	72.0	1739,265,4,8	99.2			
670	670	1.263	рюкзак-синий	7.0	25.5	снег-в-тени	0.616	64.3	1.0	-7.0	7.1	bbox	669	77.0	77.0	77.0	1029,9,12,8	99.1			
671	671	1.573	стакан-марка-красная	10.6	23.7	порода-в-тени	0.378	26.1	0.5	-0.5	0.7	bbox	670	26.0	26.0	26.0	143,1002,6,5	99.0			
672	672	0.991	рюкзак-синий	7.1	12.6	снег-в-тени	0.307	51.4	2.0	-7.0	7.3	bbox	671	64.0	63.0	64.0	477,61,10,8	98.9			
673	673	1.744	рюкзак-синий	8.9	37.5	снег-пересвеченный	0.647	76.3	-3.0	-6.0	6.7	bbox	672	87.0	87.0	87.0	523,187,14,6	98.8			
674	674	1.452	рюкзак-синий	8.2	28.7	снег-в-тени	0.755	67.5	-1.0	-6.0	6.1	bbox	673	0.0	0.0	0.0	225,553,11,6	98.5			
675	675	1.288	рюкзак-синий	6.4	28.3	снег-в-тени	0.793	67.1	-3.0	-9.0	9.5	bbox	674	84.0	84.0	84.0	13,1017,3,15	98.3			
676	676	1.297	рюкзак-синий	8.7	19.6	снег-в-тени	0.507	58.4	-1.0	-5.5	5.6	bbox	675	46.0	46.0	46.0	941,601,4,16	97.8			
677	677	1.309	рюкзак-синий	6.0	30.0	снег-в-тени	0.761	68.8	1.0	-8.0	8.1	bbox	676	78.0	78.0	78.0	747,308,8,5	97.5			
678	678	1.699	рюкзак-синий	11.2	27.0	порода-в-тени	0.416	11.8	-1.0	-3.0	3.2	bbox	677	98.0	98.0	98.0	1753,753,6,8	97.4			
679	679	1.529	рюкзак-синий	12.2	4.5	снег-в-тени	0.777	43.3	-1.0	-2.0	2.2	bbox	678	27.0	27.0	27.0	767,993,10,8	97.2			
680	680	0.962	рюкзак-синий	7.6	3.9	снег-в-тени	0.539	34.9	-2.0	-7.0	7.3	bbox	679	41.0	41.0	41.0	655,257,8,8	97.2			
681	681	1.257	рюкзак-синий	6.0	28.3	снег-в-тени	0.699	67.1	1.0	-8.0	8.1	bbox	680	26.0	26.0	26.0	1756,61,7,10	97.1			
682	682	1.776	рюкзак-синий	12.0	26.6	порода-в-тени	0.493	12.2	1.0	-2.0	2.2	bbox	681	73.0	72.0	73.0	1660,772,6,6	97.1			
683	683	1.162	рюкзак-синий	7.3	20.2	снег-в-тени	0.438	59.0	-1.0	-7.0	7.1	bbox	682	6.0	6.0	7.0	89,587,8,6	97.0			
684	684	2.026	стакан-марка-красная	16.2	4.7	корка-жёлтая-на-скале	1.143	54.5	-4.0	7.0	8.1	bbox	683	70.0	70.0	70.0	5,857,4,6	96.9			
685	685	1.986	рюкзак-синий	13.3	30.2	порода-в-тени	0.420	8.6	-2.0	-1.0	2.2	bbox	684	102.0	102.0	102.0	1875,1075,6,5	96.7			
686	686	1.164	рюкзак-синий	6.1	24.7	порода-в-тени	0.937	14.1	0.0	-8.0	8.0	bbox	685	24.0	24.0	24.0	1421,978,6,9	96.6			
687	687	1.258	рюкзак-синий	7.0	25.3	снег-в-тени	0.609	64.1	1.0	-7.0	7.1	bbox	686	52.0	52.0	52.0	1403,5,10,4	96.6			
688	688	1.640	стакан-марка-красная	12.0	18.2	снег-освещённый	0.456	68.0	-1.0	0.0	1.0	bbox	687	71.0	71.0	71.0	169,215,6,8	96.3			
689	689	1.605	рюкзак-синий	7.0	37.7	снег-освещённый	0.923	76.5	1.0	-7.0	7.1	bbox	688	26.0	26.0	26.0	1111,317,8,5	95.9			
690	690	1.511	рюкзак-синий	11.4	14.1	порода-в-тени	0.294	24.7	-2.0	-3.0	3.6	bbox	689	47.0	45.0	48.0	881,309,6,6	95.6			
691	691	1.824	палка-древко-контроль	12.2	28.2	снег-пересвеченный	0.784	69.8	-6.0	-3.0	6.7	bbox	690	85.0	85.0	85.0	253,999,14,4	95.2			
692	692	1.129	рюкзак-синий	8.5	10.2	снег-в-тени	0.356	49.0	-2.0	-6.0	6.3	bbox	691	38.0	38.0	38.0	643,529,4,8	95.0			
693	693	2.311	палка-ручка-пробка	17.8	17.5	корка-жёлтая-на-скале	1.124	58.2	-6.0	9.0	10.8	bbox	692	69.0	69.0	69.0	1891,151,6,8	94.5			
694	694	1.035	рюкзак-синий	7.1	15.1	порода-в-тени	0.799	23.7	0.0	-7.0	7.0	bbox	693	2.0	2.0	2.0	1475,705,6,8	94.4			
695	695	1.601	рюкзак-синий	6.1	39.4	снег-пересвеченный	0.914	78.2	0.0	-8.0	8.0	bbox	694	48.0	48.0	50.0	1771,29,6,8	94.3			
696	696	0.970	рюкзак-синий	7.3	9.4	снег-в-тени	0.177	48.2	-1.0	-7.0	7.1	bbox	695	101.0	101.0	101.0	193,0,5,7	94.2			
697	697	1.677	рюкзак-синий	6.0	42.0	снег-пересвеченный	0.951	80.8	1.0	-8.0	8.1	bbox	696	26.0	26.0	26.0	794,485,9,7	93.6			
698	698	0.852	рюкзак-синий	5.7	13.3	снег-в-тени	0.915	25.5	-3.0	-10.0	10.4	bbox	697	24.0	24.0	24.0	48,953,8,6	93.4			
699	699	0.812	рюкзак-синий	2.2	21.3	снег-в-тени	1.257	17.5	-1.0	-13.0	13.0	bbox	698	88.0	88.0	88.0	1207,537,5,6	93.2			
700	700	1.683	стакан-марка-красная	11.2	26.3	порода-в-тени	0.274	23.5	0.0	-1.0	1.0	bbox	699	87.0	87.0	87.0	843,1007,6,6	93.0			
701	701	2.039	палка-древко-контроль	14.4	26.6	снег-освещённый	0.639	68.2	-4.5	-1.0	4.6	bbox	700	46.0	46.0	46.0	1529,529,8,4	92.6			
702	702	1.368	рюкзак-синий	8.1	25.9	снег-в-тени	0.653	64.7	0.0	-6.0	6.0	bbox	701	66.0	65.0	66.0	529,195,14,6	92.6			
703	703	1.831	палка-древко-контроль	13.3	21.1	снег-освещённый	0.853	62.7	-5.0	-2.0	5.4	bbox	702	6.0	5.0	11.0	1167,71,13,8	92.3			
704	704	1.198	рюкзак-синий	6.1	25.9	снег-в-тени	0.604	64.7	0.0	-8.0	8.0	bbox	703	70.0	70.0	70.0	1834,386,7,7	92.3			
705	705	0.719	рюкзак-синий	5.4	7.0	снег-в-тени	0.599	31.8	-1.0	-9.0	9.1	bbox	704	33.0	33.0	33.0	33,181,8,4	92.2			
706	706	0.556	рюкзак-синий	3.9	7.5	снег-в-тени	1.208	46.3	3.5	-17.0	17.4	bbox	705	94.0	94.0	94.0	1531,27,8,3	91.7			
707	707	1.266	рюкзак-синий	5.1	30.6	снег-в-тени	0.782	69.4	0.0	-9.0	9.0	bbox	706	22.0	22.0	22.0	934,556,11,5	91.2			
708	708	1.778	стакан-марка-красная	11.0	31.4	порода-в-тени	0.288	18.4	0.0	0.0	0.0	bbox	707	65.0	65.0	65.0	1291,454,7,5	91.0			
709	709	1.180	рюкзак-синий	7.0	22.2	снег-в-тени	0.503	61.0	1.0	-7.0	7.1	bbox	708	63.0	63.0	64.0	407,95,12,6	90.8			
710	710	2.195	палка-древко-контроль	16.0	25.1	снег-освещённый	0.913	66.7	-7.0	1.0	7.1	bbox	709	24.0	24.0	24.0	556,885,5,7	90.7			
711	711	1.587	стакан-марка-красная	11.0	22.2	снег-розовый	0.345	72.0	0.0	1.0	1.0	bbox	710	68.0	68.0	68.0	1205,45,4,10	90.6			
712	712	1.413	стакан-марка-красная	10.2	17.1	порода-в-тени	0.579	32.7	1.0	-1.0	1.4	bbox	711	26.0	26.0	26.0	1689,1041,6,8	90.2			
713	713	1.576	стакан-марка-красная	11.2	20.4	порода-в-тени	0.408	29.4	0.0	-1.0	1.0	bbox	712	60.0	60.0	60.0	1197,145,4,8	90.1			
714	714	1.506	стакан-марка-красная	12.0	1.4	снег-в-тени	1.015	51.2	-1.0	0.0	1.0	bbox	713	83.0	83.0	83.0	241,43,6,6	90.1			
715	715	0.595	рюкзак-синий	3.0	12.9	снег-в-тени	0.877	25.9	1.0	-11.0	11.0	bbox	714	20.0	20.0	20.0	0,415,9,6	89.6			
716	716	2.062	стакан-марка-красная	15.5	19.4	порода-в-тени	0.605	30.4	-4.5	2.0	4.9	bbox	715	96.0	96.0	96.0	877,481,7,6	89.5			
717	717	2.247	стакан-марка-красная	17.5	14.9	корка-жёлтая-на-скале	1.170	34.9	-5.0	8.0	9.4	bbox	716	65.0	62.0	65.0	1183,69,6,4	89.4			
718	718	1.499	рюкзак-синий	7.8	32.0	снег-в-тени	0.851	70.8	-1.0	-6.5	6.6	bbox	717	29.0	29.0	29.0	1000,977,14,3	88.8			
719	719	2.002	стакан-марка-красная	16.0	2.5	порода-в-тени	1.060	47.3	-5.0	1.0	5.1	bbox	718	47.0	47.0	47.0	1809,755,8,6	88.8			
720	720	0.773	рюкзак-синий	5.4	10.6	снег-в-тени	0.186	49.4	-1.0	-9.0	9.1	bbox	719	101.0	101.0	101.0	1809,875,6,4	88.7			
721	721	1.973	рюкзак-синий	15.7	5.9	порода-в-тени	0.614	32.9	-5.0	0.5	5.0	bbox	720	48.0	46.0	48.0	81,969,5,8	88.4			
722	722	2.189	стакан-марка-красная	17.5	4.5	порода-в-тени	1.266	45.3	-6.0	5.0	7.8	bbox	721	82.0	82.0	82.0	467,1057,6,4	88.3			
723	723	2.113	стакан-марка-красная	15.0	27.1	снег-освещённый	0.400	76.9	-4.0	0.0	4.0	bbox	722	86.0	86.0	86.0	245,363,8,5	88.3			
724	724	1.993	палка-древко-контроль	13.3	30.6	снег-освещённый	0.639	72.2	-5.0	-2.0	5.4	bbox	723	46.0	43.0	46.0	1827,573,6,8	88.2			
725	725	1.880	рюкзак-синий	9.2	41.6	снег-пересвеченный	0.580	80.4	-1.0	-5.0	5.1	bbox	724	87.0	87.0	87.0	749,899,12,4	88.2			
726	726	0.817	рюкзак-синий	5.1	14.3	снег-в-тени	0.841	24.5	0.0	-9.0	9.0	bbox	725	17.0	17.0	17.0	591,466,6,6	88.1			
727	727	1.628	рюкзак-синий	13.0	2.9	порода-в-тени	0.620	35.9	-4.0	-2.0	4.5	bbox	726	13.0	13.0	13.0	1911,305,9,8	88.0			
728	728	1.174	рюкзак-синий	8.2	15.7	снег-в-тени	0.368	54.5	-1.0	-6.0	6.1	bbox	727	49.0	49.0	49.0	1681,910,8,5	87.7			
729	729	0.950	рюкзак-синий	7.3	7.7	снег-в-тени	0.183	46.5	-1.0	-7.0	7.1	bbox	728	12.0	12.0	12.0	898,649,6,8	87.6			
730	730	1.423	стакан-марка-красная	11.2	7.4	порода-в-тени	0.823	42.4	0.0	-1.0	1.0	bbox	729	78.0	78.0	78.0	531,571,4,8	87.5			
731	731	2.193	стакан-марка-красная	17.3	11.0	порода-в-тени	1.036	38.8	-6.0	4.0	7.2	bbox	730	71.0	71.0	71.0	1907,981,6,4	87.4			
732	732	2.143	палка-древко-контроль	17.0	6.8	порода-в-тени	1.238	48.4	-7.0	2.0	7.3	bbox	731	69.0	69.0	69.0	219,917,6,4	87.2			
733	733	0.125	рюкзак-синий	1.0	0.0	снег-в-тени	0.940	38.8	1.0	-15.0	15.0	bbox	732	24.0	24.0	24.0	67,693,4,11	87.1			
734	734	2.494	палка-древко-контроль	13.3	51.9	снег-пересвеченный	0.205	93.5	-5.0	-2.0	5.4	bbox	733	28.0	28.0	28.0	1898,61,7,8	87.1			
735	735	0.907	рюкзак-синий	6.8	8.8	снег-в-тени	0.140	47.6	-1.0	-7.5	7.6	bbox	734	36.0	36.0	36.0	1337,1035,8,4	87.0			
736	736	2.217	стакан-марка-красная	15.1	32.4	снег-пересвеченный	0.392	82.2	-4.0	-1.0	4.1	bbox	735	61.0	61.0	61.0	1587,667,8,5	87.0			
737	737	1.462	рюкзак-синий	8.2	29.0	снег-в-тени	0.768	67.8	-1.0	-6.0	6.1	bbox	736	2.0	2.0	2.0	49,975,8,4	86.6			
738	738	0.575	рюкзак-синий	1.4	15.3	снег-в-тени	0.904	54.1	0.0	-15.0	15.0	bbox	737	18.0	18.0	18.0	1867,53,5,6	86.3			
739	739	1.443	рюкзак-синий	6.0	34.5	снег-в-тени	0.920	73.3	1.0	-8.0	8.1	bbox	738	66.0	66.0	66.0	1889,1053,8,4	86.1			
740	740	1.878	стакан-марка-красная	14.9	7.6	порода-в-тени	1.177	42.2	-3.0	6.0	6.7	bbox	739	72.0	72.0	72.0	1903,81,4,6	86.1			
741	741	2.191	стакан-марка-красная	16.9	16.1	порода-в-тени	1.116	33.7	-5.0	6.5	8.2	bbox	740	68.0	68.0	68.0	1515,1073,6,7	85.9			
742	742	1.390	рюкзак-синий	10.2	15.5	снег-в-тени	0.565	54.3	-1.0	-4.0	4.1	bbox	741	50.0	50.0	50.0	97,103,14,6	85.4			
743	743	1.971	рюкзак-синий	8.5	46.5	снег-пересвеченный	0.493	85.3	-3.0	-6.5	7.2	bbox	742	87.0	87.0	87.0	431,265,6,12	85.2			
744	744	0.804	рюкзак-синий	6.1	7.3	снег-в-тени	0.061	46.1	0.0	-8.0	8.0	bbox	743	67.0	67.0	67.0	1817,183,8,6	85.1			
745	745	1.070	рюкзак-синий	8.5	2.0	снег-в-тени	0.433	40.8	-2.0	-6.0	6.3	bbox	744	103.0	103.0	103.0	1809,725,12,6	84.5			
746	746	1.049	рюкзак-синий	6.7	17.7	снег-в-тени	0.398	56.5	-2.0	-8.0	8.2	bbox	745	41.0	41.0	41.0	1567,0,4,17	84.0			
747	747	1.431	рюкзак-синий	7.8	29.4	снег-в-тени	0.764	68.2	-1.0	-6.5	6.6	bbox	746	22.0	22.0	25.0	1393,795,8,4	83.3			
748	748	0.730	рюкзак-синий	4.5	13.2	снег-в-тени	0.317	52.0	-1.0	-10.0	10.0	bbox	747	101.0	101.0	101.0	275,971,4,6	82.8			
749	749	1.048	рюкзак-синий	7.3	14.5	снег-в-тени	0.265	53.3	-1.0	-7.0	7.1	bbox	748	39.0	39.0	39.0	1479,1017,4,16	82.6			
750	750	0.605	рюкзак-синий	4.0	9.4	снег-в-тени	0.738	29.4	-1.0	-10.5	10.5	bbox	749	70.0	70.0	70.0	29,233,4,8	82.6			
751	751	1.047	рюкзак-синий	6.1	20.2	порода-в-тени	0.912	18.6	0.0	-8.0	8.0	bbox	750	86.0	86.0	86.0	1135,1049,4,8	82.1			
752	752	1.796	рюкзак-синий	13.0	21.2	порода-в-тени	0.269	17.6	0.0	-1.0	1.0	bbox	751	65.0	65.0	65.0	1358,132,5,7	82.0			
753	753	1.424	стакан-марка-красная	11.0	9.8	снег-розовый	0.733	59.6	0.0	0.0	0.0	bbox	752	73.0	73.0	73.0	1260,1042,5,5	82.0			
754	754	1.368	стакан-марка-красная	10.6	9.6	снег-в-тени	0.750	40.2	1.0	-2.5	2.7	bbox	753	79.0	79.0	79.0	485,721,4,10	81.6			
755	755	1.076	рюкзак-синий	8.5	3.6	снег-в-тени	0.404	42.4	-2.0	-6.0	6.3	bbox	754	34.0	34.0	34.0	1351,773,4,8	81.5			
756	756	1.801	рюкзак-синий	9.7	37.3	снег-освещённый	0.587	76.1	-1.0	-4.5	4.6	bbox	755	29.0	29.0	29.0	770,777,10,4	81.4			
757	757	1.640	рюкзак-синий	11.7	20.8	порода-в-тени	0.292	18.0	-3.0	-3.0	4.2	bbox	756	34.0	34.0	34.0	965,1073,5,7	81.4			
758	758	2.012	стакан-марка-красная	15.7	12.5	корка-жёлтая-на-скале	1.155	37.3	-3.5	7.0	7.8	bbox	757	68.0	68.0	69.0	1507,456,8,7	81.3			
759	759	0.997	рюкзак-синий	5.8	19.0	снег-в-тени	0.455	57.8	-2.0	-9.0	9.2	bbox	758	10.0	10.0	13.0	1679,443,8,6	81.0			
760	760	0.726	рюкзак-синий	5.6	5.5	снег-в-тени	0.520	33.3	0.0	-8.5	8.5	bbox	759	101.0	101.0	101.0	296,1074,5,6	80.9			
761	761	0.768	рюкзак-синий	6.1	3.1	снег-в-тени	0.433	35.7	0.0	-8.0	8.0	bbox	760	33.0	33.0	33.0	189,161,8,6	80.8			
762	762	1.999	рюкзак-синий	7.3	49.8	снег-пересвеченный	0.629	88.6	-1.0	-7.0	7.1	bbox	761	96.0	96.0	100.0	1264,0,7,5	80.3			
763	763	1.009	рюкзак-синий	7.3	12.2	снег-в-тени	0.210	51.0	-1.0	-7.0	7.1	bbox	762	2.0	2.0	2.0	980,653,12,4	80.0			
764	764	1.909	рюкзак-синий	13.0	27.8	порода-в-тени	0.419	11.0	0.0	-1.0	1.0	bbox	763	102.0	102.0	102.0	1869,1009,4,10	79.8			
765	765	2.078	стакан-марка-красная	13.0	36.1	снег-освещённый	0.220	85.9	-2.0	0.0	2.0	bbox	764	25.0	25.0	25.0	1612,833,3,8	79.3			
766	766	0.937	рюкзак-синий	6.3	14.1	снег-в-тени	0.834	24.7	-1.0	-8.0	8.1	bbox	765	20.0	20.0	20.0	1249,725,4,8	79.1			
767	767	0.863	рюкзак-синий	6.7	5.7	снег-в-тени	0.276	44.5	-2.0	-8.0	8.2	bbox	766	38.0	38.0	38.0	187,995,6,4	78.6			
768	768	1.406	стакан-марка-красная	11.1	6.3	снег-розовый	0.867	56.1	0.0	-0.5	0.5	bbox	767	75.0	75.0	75.0	233,313,4,6	78.2			
769	769	0.944	рюкзак-синий	6.1	15.7	снег-в-тени	0.881	23.1	0.0	-8.0	8.0	bbox	768	39.0	39.0	39.0	1425,777,7,6	78.1			
770	770	1.426	рюкзак-синий	5.1	35.7	снег-в-тени	0.962	74.5	0.0	-9.0	9.0	bbox	769	22.0	22.0	22.0	585,482,11,5	77.6			
771	771	0.931	рюкзак-синий	6.0	15.5	снег-в-тени	0.883	23.3	1.0	-8.0	8.1	bbox	770	17.0	17.0	17.0	322,99,6,4	77.3			
772	772	1.388	стакан-марка-красная	11.0	4.1	снег-розовый	0.917	53.9	0.0	0.0	0.0	bbox	771	81.0	81.0	81.0	239,673,4,8	77.3			
773	773	2.336	стакан-марка-красная	14.1	42.7	снег-пересвеченный	0.288	92.5	-3.0	-1.0	3.2	bbox	772	24.0	24.0	24.0	1219,1050,10,5	77.2			
774	774	1.070	рюкзак-синий	8.2	8.1	снег-в-тени	0.282	46.9	-1.0	-6.0	6.1	bbox	773	34.0	34.0	34.0	1609,355,6,5	77.2			
775	775	0.758	рюкзак-синий	6.0	2.5	снег-в-тени	0.452	36.3	1.5	-8.0	8.1	bbox	774	66.0	64.0	66.0	1427,73,6,4	76.6			
776	776	2.335	стакан-марка-красная	18.4	11.6	корка-жёлтая-на-скале	1.202	38.2	-6.0	8.0	10.0	bbox	775	72.0	72.0	72.0	1863,1073,4,7	76.6			
777	777	2.588	палка-ручка-пробка	18.2	34.5	корка-жёлтая-на-скале	1.268	41.2	-9.5	12.0	15.3	bbox	776	73.0	73.0	73.0	1917,777,3,6	76.1			
778	778	2.546	стакан-марка-красная	16.1	43.5	снег-пересвеченный	0.296	93.3	-5.0	-1.0	5.1	bbox	777	67.0	67.0	67.0	1741,698,5,9	76.0			
779	779	1.895	рюкзак-синий	10.4	38.5	снег-освещённый	0.531	77.3	-2.0	-4.0	4.5	bbox	778	50.0	50.0	50.0	1907,249,6,6	75.9			
780	780	2.335	стакан-марка-красная	18.7	0.0	корка-жёлтая-на-скале	1.427	49.8	-7.0	6.0	9.2	bbox	779	61.0	61.0	61.0	1165,17,6,4	75.9			
781	781	1.133	рюкзак-синий	5.0	26.4	порода-в-тени	1.106	12.4	1.0	-9.0	9.1	bbox	780	99.0	99.0	99.0	115,771,6,4	75.9			
782	782	1.778	рюкзак-синий	13.9	9.8	порода-в-тени	0.320	29.0	-2.5	-0.5	2.5	bbox	781	2.0	2.0	2.0	1395,1073,6,4	75.7			
783	783	1.353	палка-древко-контроль	8.9	21.3	снег-в-тени	0.747	62.9	-4.0	-7.0	8.1	bbox	782	14.0	14.0	16.0	83,7,6,4	75.7			
784	784	0.760	рюкзак-синий	6.0	3.5	снег-в-тени	0.464	35.3	1.0	-8.0	8.1	bbox	783	26.0	26.0	26.0	1428,25,5,8	75.5			
785	785	1.941	палка-древко-контроль	14.1	22.9	снег-освещённый	0.909	64.5	-6.5	-1.0	6.6	bbox	784	97.0	97.0	97.0	1005,163,14,3	75.5			
786	786	1.139	рюкзак-синий	6.7	21.6	снег-в-тени	0.515	60.4	-2.0	-8.0	8.2	bbox	785	54.0	54.0	54.0	1841,743,10,8	75.0			
787	787	1.439	рюкзак-синий	7.0	32.0	снег-в-тени	0.840	70.8	1.0	-7.0	7.1	bbox	786	61.0	61.0	61.0	1331,123,6,4	75.0			
788	788	1.598	рюкзак-синий	8.1	34.7	снег-освещённый	0.803	73.5	0.0	-6.0	6.0	bbox	787	74.0	74.0	74.0	889,9,8,4	74.7			
789	789	1.411	рюкзак-синий	11.0	8.2	порода-в-тени	0.507	30.6	0.0	-3.0	3.0	bbox	788	51.0	51.0	51.0	961,945,8,3	74.6			
790	790	1.997	стакан-марка-красная	11.0	40.4	снег-освещённый	0.358	90.2	0.0	0.0	0.0	bbox	789	24.0	20.0	24.0	1372,1033,4,7	74.4			
791	791	1.122	рюкзак-синий	6.0	23.4	снег-в-тени	0.528	62.2	1.0	-8.0	8.1	bbox	790	76.0	76.0	76.0	1105,103,8,4	74.4			
792	792	1.810	стакан-марка-красная	14.3	7.6	порода-в-тени	1.005	42.2	-3.0	4.0	5.0	bbox	791	103.0	103.0	103.0	1658,15,3,6	74.4			
793	793	2.557	палка-ручка-пробка	20.0	15.1	снег-освещённый	1.206	90.8	-7.0	7.0	9.9	bbox	792	30.0	30.0	30.0	71,871,2,10	74.0			
794	794	0.885	рюкзак-синий	7.1	1.4	снег-в-тени	0.390	40.2	2.0	-7.0	7.3	bbox	793	66.0	66.0	66.0	881,9,12,4	73.3			
795	795	2.098	рюкзак-синий	13.8	33.3	порода-в-тени	0.536	5.5	-2.0	-0.5	2.1	bbox	794	83.0	83.0	83.0	1237,65,4,6	73.2			
796	796	1.001	рюкзак-синий	5.4	20.8	снег-в-тени	1.641	18.0	6.0	-16.0	17.1	bbox	795	82.0	75.0	82.0	161,1075,4,5	72.9			
797	797	2.117	стакан-марка-красная	16.5	13.5	порода-в-тени	1.012	36.3	-5.0	5.0	7.1	bbox	796	73.0	73.0	73.0	1829,345,6,8	72.8			
798	798	0.943	рюкзак-синий	5.0	19.8	снег-в-тени	1.043	19.0	1.0	-9.0	9.1	bbox	797	28.0	28.0	28.0	962,849,7,4	72.7			
799	799	1.122	рюкзак-синий	5.1	25.9	порода-в-тени	1.065	12.9	0.0	-9.0	9.0	bbox	798	98.0	98.0	98.0	1909,897,5,4	72.6			
800	800	0.977	рюкзак-синий	6.4	15.7	снег-в-тени	0.462	54.5	-3.0	-9.0	9.5	bbox	799	100.0	100.0	100.0	954,233,5,11	72.6			
801	801	0.980	рюкзак-синий	7.8	2.3	снег-в-тени	0.643	36.5	-4.0	-8.0	8.9	bbox	800	54.0	54.0	54.0	1821,599,4,8	72.5			
802	802	2.293	палка-древко-контроль	17.0	24.1	снег-освещённый	1.007	65.7	-7.5	2.0	7.8	bbox	801	24.0	24.0	24.0	1587,137,6,4	72.2			
803	803	1.561	стакан-марка-красная	12.2	9.8	снег-освещённый	0.767	59.6	-1.0	-1.0	1.4	bbox	802	77.0	77.0	77.0	973,991,8,4	72.0			
804	804	0.965	рюкзак-синий	7.0	11.4	снег-в-тени	0.196	50.2	1.0	-7.0	7.1	bbox	803	64.0	63.0	64.0	1149,41,8,4	71.7			
805	805	1.820	рюкзак-синий	8.2	42.0	снег-пересвеченный	0.636	80.8	-1.0	-6.0	6.1	bbox	804	96.0	96.0	96.0	1557,85,7,4	71.7			
806	806	1.108	рюкзак-синий	7.6	15.9	порода-в-тени	0.755	22.9	-2.0	-7.0	7.3	bbox	805	30.0	30.0	30.0	277,417,4,6	71.2			
807	807	1.015	рюкзак-синий	7.1	13.9	снег-в-тени	0.331	52.7	2.0	-7.0	7.3	bbox	806	66.0	65.0	66.0	1039,229,8,4	71.2			
808	808	1.017	рюкзак-синий	7.1	14.1	порода-в-тени	0.805	24.7	0.0	-7.0	7.0	bbox	807	17.0	14.0	17.0	1501,377,6,5	71.0			
809	809	1.113	рюкзак-синий	7.8	15.3	порода-в-тени	0.708	23.5	-1.0	-6.5	6.6	bbox	808	31.0	31.0	31.0	353,779,4,8	71.0			
810	810	1.523	рюкзак-синий	8.1	32.0	снег-освещённый	0.840	70.8	0.0	-6.0	6.0	bbox	809	61.0	61.0	61.0	733,337,6,4	70.6			
811	811	1.035	рюкзак-синий	5.7	21.0	снег-в-тени	0.438	59.8	-0.5	-8.5	8.5	bbox	810	99.0	99.0	99.0	99,345,8,4	70.3			
812	812	0.767	рюкзак-синий	6.1	2.9	снег-в-тени	0.426	35.9	0.0	-8.0	8.0	bbox	811	59.0	59.0	59.0	141,1035,4,6	70.2			
813	813	1.258	рюкзак-синий	7.3	24.3	снег-в-тени	0.576	63.1	-1.0	-7.0	7.1	bbox	812	10.0	10.0	13.0	854,231,6,4	70.1			
814	814	2.337	стакан-марка-красная	17.3	25.1	порода-в-тени	0.815	24.7	-6.0	4.0	7.2	bbox	813	25.0	25.0	25.0	87,803,4,6	70.1			
815	815	1.509	стакан-марка-красная	12.0	2.9	снег-розовый	0.996	52.7	-1.0	0.0	1.0	bbox	814	78.0	78.0	78.0	1333,529,6,6	70.0			
816	816	1.414	рюкзак-синий	11.0	8.6	порода-в-тени	0.497	30.2	0.0	-3.0	3.0	bbox	815	58.0	58.0	58.0	33,361,6,4	69.7			
817	817	1.955	рюкзак-синий	13.9	24.9	снег-освещённый	0.727	63.7	-4.0	-1.0	4.1	bbox	816	43.0	43.0	43.0	1083,343,8,8	69.4			
818	818	2.112	палка-древко-контроль	16.6	10.6	порода-в-тени	0.700	31.0	-6.0	1.5	6.2	bbox	817	94.0	94.0	94.0	971,173,6,5	69.4			
819	819	1.046	рюкзак-синий	5.8	21.0	снег-в-тени	0.512	59.8	-2.0	-9.0	9.2	bbox	818	70.0	70.0	70.0	33,409,5,6	69.2			
820	820	0.678	рюкзак-синий	5.1	6.5	снег-в-тени	0.293	45.3	2.0	-9.0	9.2	bbox	819	59.0	59.0	59.0	59,977,6,4	68.9			
821	821	0.341	рюкзак-синий	2.7	1.6	снег-в-тени	0.569	40.4	2.0	-11.5	11.7	bbox	820	28.0	28.0	28.0	932,905,10,4	68.7			
822	822	1.187	рюкзак-синий	8.2	16.5	снег-в-тени	0.387	55.3	-1.0	-6.0	6.1	bbox	821	46.0	44.0	46.0	1290,261,7,4	68.3			
823	823	1.835	рюкзак-синий	8.5	41.8	снег-пересвеченный	0.575	80.6	-2.0	-6.0	6.3	bbox	822	99.0	99.0	99.0	13,383,12,4	67.9			
824	824	1.559	рюкзак-синий	11.0	20.6	порода-в-тени	0.457	18.2	1.0	-3.0	3.2	bbox	823	61.0	61.0	61.0	1588,109,4,6	67.8			
825	825	1.000	рюкзак-синий	7.3	11.6	снег-в-тени	0.200	50.4	-1.0	-7.0	7.1	bbox	824	7.0	7.0	7.0	121,534,4,7	67.6			
826	826	1.565	стакан-марка-красная	12.0	12.0	порода-в-тени	0.648	37.8	-1.0	0.0	1.0	bbox	825	58.0	58.0	58.0	871,1023,4,6	67.4			
827	827	1.245	рюкзак-синий	8.4	18.8	снег-в-тени	0.470	57.6	-1.5	-6.0	6.2	bbox	826	98.0	98.0	98.0	559,323,12,4	67.4			
828	828	2.259	палка-древко-контроль	17.0	21.1	снег-освещённый	1.020	62.7	-7.0	2.0	7.3	bbox	827	63.0	63.0	63.0	972,55,8,4	67.2			
829	829	1.668	рюкзак-синий	13.3	0.0	порода-в-тени	0.658	38.8	-2.0	-1.0	2.2	bbox	828	50.0	50.0	50.0	1643,252,6,4	66.9			
830	830	1.220	рюкзак-синий	7.1	23.6	снег-в-тени	0.535	62.4	0.0	-7.0	7.0	bbox	829	52.0	52.0	52.0	1467,7,8,2	66.8			
831	831	1.652	рюкзак-синий	10.2	29.4	снег-освещённый	0.672	68.2	-1.0	-4.0	4.1	bbox	830	29.0	29.0	29.0	385,236,5,5	66.4			
832	832	0.940	рюкзак-синий	7.3	6.6	снег-в-тени	0.586	32.2	-1.0	-7.0	7.1	bbox	831	80.0	80.0	80.0	1864,209,8,8	66.0			
833	833	1.946	палка-древко-контроль	15.3	10.2	снег-освещённый	1.151	51.8	-5.0	0.0	5.0	bbox	832	31.0	31.0	31.0	501,585,8,8	65.8			
834	834	1.512	рюкзак-синий	10.2	22.8	снег-в-тени	0.712	61.6	-1.0	-4.0	4.1	bbox	833	29.0	29.0	29.0	237,115,4,6	65.6			
835	835	1.128	рюкзак-синий	8.9	6.1	снег-в-тени	0.650	32.7	-1.5	-5.5	5.7	bbox	834	3.0	3.0	6.0	891,337,6,6	65.5			
836	836	1.270	рюкзак-синий	6.3	27.8	порода-в-тени	0.946	11.0	-1.0	-8.0	8.1	bbox	835	102.0	102.0	102.0	1714,729,3,12	65.5			
837	837	1.050	палка-древко-контроль	8.1	8.2	снег-в-тени	0.505	49.8	-4.0	-8.0	8.9	bbox	836	20.0	20.0	20.0	1363,931,5,6	65.0			
838	838	1.396	рюкзак-синий	8.1	27.0	порода-в-тени	0.740	11.8	0.0	-6.0	6.0	bbox	837	33.0	33.0	33.0	433,131,4,7	64.9			
839	839	1.278	рюкзак-синий	10.0	7.3	снег-в-тени	0.508	46.1	0.5	-4.0	4.0	bbox	838	31.0	31.0	31.0	353,1074,4,6	64.7			
840	840	1.124	рюкзак-синий	6.3	22.4	снег-в-тени	0.494	61.2	-1.0	-8.0	8.1	bbox	839	25.0	25.0	25.0	61,54,10,13	64.4			
841	841	1.315	рюкзак-синий	7.1	27.3	снег-в-тени	0.665	66.1	0.0	-7.0	7.0	bbox	840	70.0	70.0	70.0	1461,317,4,6	64.2			
842	842	0.906	рюкзак-синий	7.2	3.9	снег-в-тени	0.481	34.9	-0.5	-7.0	7.0	bbox	841	41.0	41.0	41.0	1909,281,4,8	63.9			
843	843	1.906	рюкзак-синий	13.0	27.9	снег-освещённый	0.677	66.7	-4.0	-2.0	4.5	bbox	842	44.0	44.0	46.0	1381,46,9,6	63.8			
844	844	0.631	рюкзак-синий	4.5	8.2	снег-в-тени	0.675	30.6	-1.0	-10.0	10.0	bbox	843	19.0	19.0	19.0	358,1049,3,8	63.7			
845	845	2.314	стакан-марка-красная	18.4	7.6	корка-жёлтая-на-скале	1.170	42.2	-6.0	8.0	10.0	bbox	844	69.0	69.0	69.0	1745,1075,4,5	63.7			
846	846	1.302	рюкзак-синий	7.5	25.3	снег-в-тени	0.625	64.1	1.0	-6.5	6.6	bbox	845	65.0	65.0	65.0	687,67,6,4	63.6			
847	847	1.177	рюкзак-синий	8.2	15.9	снег-в-тени	0.373	54.7	-1.0	-6.0	6.1	bbox	846	75.0	75.0	75.0	240,217,7,4	63.0			
848	848	1.684	стакан-марка-красная	11.7	23.5	порода-в-тени	0.281	26.3	-0.5	-1.0	1.1	bbox	847	51.0	51.0	51.0	1425,953,5,4	62.7			
849	849	1.005	рюкзак-синий	7.6	9.0	снег-в-тени	0.280	47.8	-2.0	-7.0	7.3	bbox	848	101.0	101.0	101.0	331,1011,6,4	62.7			
850	850	1.190	рюкзак-синий	7.6	20.0	порода-в-тени	0.752	18.8	-2.0	-7.0	7.3	bbox	849	16.0	13.0	16.0	505,527,6,5	62.6			
851	851	1.339	рюкзак-синий	5.1	33.0	снег-в-тени	0.865	71.8	0.0	-9.0	9.0	bbox	850	54.0	50.0	54.0	97,353,4,8	62.5			
852	852	1.875	палка-древко-контроль	14.3	15.7	снег-освещённый	0.986	57.3	-5.0	-1.0	5.1	bbox	851	28.0	28.0	28.0	1746,477,6,12	62.4			
853	853	0.765	рюкзак-синий	6.0	4.3	снег-в-тени	0.491	34.5	1.0	-8.0	8.1	bbox	852	66.0	66.0	66.0	1017,0,4,5	62.4			
854	854	1.821	рюкзак-синий	13.2	21.9	порода-в-тени	0.178	16.9	-1.0	-1.0	1.4	bbox	853	79.0	79.0	79.0	51,504,6,3	62.3			
855	855	2.131	палка-древко-контроль	14.1	33.3	снег-пересвеченный	0.663	74.9	-6.0	-1.0	6.1	bbox	854	6.0	6.0	6.0	1547,17,6,4	62.1			
856	856	1.227	рюкзак-синий	8.2	18.7	снег-в-тени	0.444	57.5	-1.0	-6.0	6.1	bbox	855	70.0	70.0	70.0	25,525,6,10	62.1			
857	857	2.368	стакан-марка-красная	18.9	2.7	снег-освещённый	1.438	52.5	-7.5	5.0	9.0	bbox	856	64.0	64.0	66.0	1229,121,8,4	62.0			
858	858	0.868	рюкзак-синий	6.1	11.7	снег-в-тени	0.741	27.1	0.0	-8.0	8.0	bbox	857	26.0	26.0	26.0	1379,89,6,4	61.9			
859	859	1.443	стакан-марка-красная	11.5	0.8	снег-в-тени	1.007	50.6	-0.5	0.0	0.5	bbox	858	52.0	52.0	52.0	1741,983,6,4	61.6			
860	860	1.439	рюкзак-синий	7.3	31.2	снег-в-тени	0.812	70.0	-1.0	-7.0	7.1	bbox	859	53.0	53.0	53.0	761,181,8,6	61.6			
861	861	1.944	стакан-марка-красная	15.4	6.7	корка-жёлтая-на-скале	1.056	56.5	-3.0	7.5	8.1	bbox	860	69.0	69.0	69.0	1883,79,4,6	61.3			
862	862	1.776	рюкзак-синий	12.0	26.6	порода-в-тени	0.493	12.2	1.0	-2.0	2.2	bbox	861	75.0	75.0	76.0	148,330,4,6	61.3			
863	863	1.376	стакан-марка-красная	11.0	0.4	снег-розовый	1.027	50.2	0.0	0.5	0.5	bbox	862	76.0	75.0	76.0	1280,861,5,6	61.3			
864	864	2.136	стакан-марка-красная	16.9	9.6	порода-в-тени	1.079	40.2	-5.5	4.5	7.1	bbox	863	82.0	82.0	82.0	141,945,4,4	61.2			
865	865	0.850	рюкзак-синий	6.8	0.2	снег-в-тени	0.343	39.0	-1.0	-7.5	7.6	bbox	864	84.0	84.0	84.0	1364,373,5,6	61.2			
866	866	1.009	рюкзак-синий	7.6	9.4	снег-в-тени	0.714	29.4	-2.0	-7.0	7.3	bbox	865	34.0	34.0	34.0	1113,1005,4,4	61.0			
867	867	1.621	рюкзак-синий	7.1	38.1	снег-пересвеченный	0.861	76.9	0.0	-7.0	7.0	bbox	866	7.0	4.0	8.0	711,347,4,6	60.9			
868	868	2.587	стакан-марка-красная	20.6	6.3	корка-жёлтая-на-скале	1.259	43.5	-8.0	9.0	12.0	bbox	867	69.0	69.0	69.0	1881,897,6,6	60.8			
869	869	0.519	рюкзак-синий	4.1	1.7	снег-в-тени	0.458	37.1	0.0	-10.0	10.0	bbox	868	101.0	101.0	101.0	153,1078,8,2	60.8			
870	870	1.238	рюкзак-синий	6.7	25.5	снег-в-тени	0.641	64.3	-2.0	-8.0	8.2	bbox	869	14.0	14.0	14.0	71,81,6,6	60.3			
871	871	1.024	рюкзак-синий	7.1	14.5	порода-в-тени	0.803	24.3	0.0	-7.0	7.0	bbox	870	40.0	40.0	40.0	817,853,8,4	60.0			
872	872	1.021	рюкзак-синий	7.3	13.0	снег-в-тени	0.226	51.8	-1.0	-7.0	7.1	bbox	871	18.0	18.0	18.0	480,373,6,4	59.7			
873	873	0.855	рюкзак-синий	6.5	7.4	снег-в-тени	0.603	31.4	1.0	-7.5	7.6	bbox	872	19.0	19.0	19.0	257,904,6,4	59.6			
874	874	2.462	стакан-марка-красная	19.7	0.6	корка-жёлтая-на-скале	1.154	49.2	-7.0	9.0	11.4	bbox	873	69.0	69.0	69.0	1783,992,6,4	59.5			
875	875	1.402	стакан-марка-красная	11.2	3.1	снег-в-тени	0.876	46.7	0.0	-1.0	1.0	bbox	874	83.0	83.0	83.0	132,41,5,4	59.5			
876	876	1.101	рюкзак-синий	6.5	20.8	снег-в-тени	0.444	59.6	1.0	-7.5	7.6	bbox	875	61.0	61.0	65.0	929,3,10,2	59.4			
877	877	1.584	рюкзак-синий	10.4	25.1	снег-освещённый	0.793	63.9	-2.0	-4.0	4.5	bbox	876	29.0	29.0	29.0	625,702,8,3	59.3			
878	878	1.326	рюкзак-синий	8.5	22.0	снег-в-тени	0.583	60.8	-2.0	-6.0	6.3	bbox	877	9.0	9.0	9.0	1823,253,8,10	58.9			
879	879	1.020	рюкзак-синий	7.3	12.9	порода-в-тени	0.785	25.9	-1.0	-7.0	7.1	bbox	878	18.0	18.0	18.0	460,708,5,5	58.9			
880	880	1.061	рюкзак-синий	8.2	7.0	снег-в-тени	0.637	31.8	-1.0	-6.0	6.1	bbox	879	42.0	42.0	42.0	317,19,9,2	58.9			
881	881	0.388	рюкзак-синий	3.0	2.2	снег-в-тени	0.485	41.0	1.5	-11.0	11.1	bbox	880	69.0	69.0	69.0	1905,361,2,8	58.7			
882	882	1.785	рюкзак-синий	13.0	20.4	порода-в-тени	0.260	18.4	0.0	-1.0	1.0	bbox	881	61.0	61.0	61.0	1707,344,3,7	58.0			
883	883	0.853	рюкзак-синий	5.1	15.9	снег-в-тени	0.897	22.9	0.0	-9.0	9.0	bbox	882	24.0	24.0	24.0	63,1046,4,5	57.9			
884	884	1.695	рюкзак-синий	7.3	40.0	снег-пересвеченный	0.753	78.8	-1.0	-7.0	7.1	bbox	883	99.0	99.0	99.0	262,187,5,4	57.8			
885	885	1.683	рюкзак-синий	13.5	0.8	порода-в-тени	0.681	38.0	-4.0	-1.5	4.3	bbox	884	6.0	4.0	7.0	571,360,8,3	57.7			
886	886	1.749	рюкзак-синий	13.9	4.5	порода-в-тени	0.856	43.3	-4.0	-1.0	4.1	bbox	885	99.0	99.0	99.0	114,580,4,6	57.6			
887	887	1.067	палка-древко-контроль	6.7	18.4	снег-в-тени	0.666	60.0	-3.5	-10.0	10.6	bbox	886	17.0	17.0	17.0	365,287,4,6	57.4			
888	888	1.600	рюкзак-синий	11.4	20.4	порода-в-тени	0.260	18.4	-2.0	-3.0	3.6	bbox	887	52.0	52.0	52.0	148,1074,6,6	57.2			
889	889	1.279	рюкзак-синий	9.2	15.5	снег-в-тени	0.459	54.3	-1.0	-5.0	5.1	bbox	888	2.0	2.0	2.0	127,1069,2,11	57.1			
890	890	2.205	палка-древко-контроль	15.1	31.7	снег-освещённый	0.680	73.3	-6.0	0.0	6.0	bbox	889	59.0	59.0	59.0	25,507,4,6	57.0			
891	891	1.910	рюкзак-синий	12.0	32.9	порода-в-тени	0.589	5.9	0.0	-2.0	2.0	bbox	890	102.0	102.0	102.0	1843,861,6,3	56.9			
892	892	1.021	рюкзак-синий	7.3	13.0	снег-в-тени	0.226	51.8	-1.0	-7.0	7.1	bbox	891	103.0	103.0	103.0	92,97,5,4	56.9			
893	893	1.465	стакан-марка-красная	11.0	13.7	снег-розовый	0.614	63.5	0.0	0.0	0.0	bbox	892	54.0	54.0	54.0	1547,695,4,4	56.8			
894	894	1.545	стакан-марка-красная	12.0	9.8	снег-освещённый	0.757	59.6	-1.0	0.0	1.0	bbox	893	64.0	64.0	64.0	1197,1075,4,5	56.3			
895	895	1.453	стакан-марка-красная	11.6	2.7	снег-в-тени	0.940	47.1	-0.5	-0.5	0.7	bbox	894	58.0	58.0	58.0	177,793,2,8	56.2			
896	896	2.102	палка-древко-контроль	15.1	25.7	снег-освещённый	0.790	67.3	-6.0	0.0	6.0	bbox	895	59.0	59.0	59.0	22,785,3,8	56.2			
897	897	1.918	стакан-марка-красная	15.1	10.0	снег-освещённый	0.841	59.8	-4.0	-0.5	4.0	bbox	896	4.0	4.0	8.0	1309,87,8,4	56.1			
898	898	2.414	палка-ручка-пробка	17.7	27.1	корка-жёлтая-на-скале	1.076	48.6	-7.0	10.0	12.2	bbox	897	69.0	69.0	69.0	1919,205,1,14	55.8			
899	899	1.442	стакан-марка-красная	11.0	12.2	порода-в-тени	0.710	37.6	0.0	1.0	1.0	bbox	898	83.0	83.0	83.0	198,13,5,4	55.6			
900	900	1.031	рюкзак-синий	7.8	9.8	снег-в-тени	0.708	29.0	-1.0	-6.5	6.6	bbox	899	22.0	22.0	22.0	253,323,4,6	55.5			
901	901	0.172	рюкзак-синий	0.7	4.1	снег-в-тени	0.852	42.9	1.5	-14.5	14.6	bbox	900	84.0	83.0	84.0	1651,747,4,6	55.5			
902	902	2.144	стакан-марка-красная	15.1	28.2	снег-освещённый	0.407	78.0	-4.0	-1.0	4.1	bbox	901	33.0	33.0	35.0	1509,187,8,6	55.4			
903	903	1.928	рюкзак-синий	13.0	29.0	снег-освещённый	0.646	67.8	-4.0	-2.0	4.5	bbox	902	46.0	42.0	46.0	1579,481,5,8	55.2			
904	904	2.129	стакан-марка-красная	17.0	1.6	порода-в-тени	1.174	48.2	-6.0	2.0	6.3	bbox	903	79.0	79.0	79.0	1201,7,8,2	55.2			
905	905	1.205	рюкзак-синий	6.0	26.3	снег-в-тени	0.649	65.1	-1.5	-8.5	8.6	bbox	904	101.0	101.0	101.0	113,715,3,6	55.2			
906	906	1.001	рюкзак-синий	7.2	12.2	снег-в-тени	0.392	51.0	-3.0	-8.0	8.5	bbox	905	20.0	20.0	20.0	1520,945,3,8	55.1			
907	907	1.939	рюкзак-синий	13.9	23.9	порода-в-тени	0.318	14.9	-4.0	-1.0	4.1	bbox	906	29.0	29.0	29.0	1203,730,6,7	54.4			
908	908	1.859	стакан-марка-красная	13.2	24.3	снег-освещённый	0.297	74.1	-2.0	-1.0	2.2	bbox	907	61.0	61.0	61.0	1373,1029,6,4	54.4			
909	909	1.908	стакан-марка-красная	15.0	9.2	снег-освещённый	0.899	59.0	-4.0	2.0	4.5	bbox	908	61.0	61.0	61.0	1237,65,4,8	54.2			
910	910	0.963	рюкзак-синий	5.1	20.2	снег-в-тени	0.489	59.0	2.0	-9.0	9.2	bbox	909	64.0	64.0	64.0	1419,73,6,4	53.3			
911	911	1.592	стакан-марка-красная	12.0	14.5	снег-освещённый	0.589	64.3	-1.0	0.0	1.0	bbox	910	65.0	65.0	65.0	1479,1037,6,4	53.0			
912	912	1.516	стакан-марка-красная	10.5	21.0	порода-в-тени	0.451	28.8	0.5	0.0	0.5	bbox	911	53.0	53.0	53.0	1349,990,4,5	52.7			
913	913	1.292	рюкзак-синий	6.1	29.2	снег-в-тени	0.723	68.0	0.0	-8.0	8.0	bbox	912	74.0	74.0	74.0	1797,559,5,6	52.6			
914	914	0.875	рюкзак-синий	5.4	15.7	снег-в-тени	0.898	23.1	-1.0	-9.0	9.1	bbox	913	102.0	102.0	102.0	1656,0,3,9	52.6			
915	915	0.540	рюкзак-синий	3.5	8.8	снег-в-тени	0.337	47.6	1.0	-10.5	10.5	bbox	914	16.0	16.0	16.0	433,441,3,6	52.5			
916	916	0.684	рюкзак-синий	5.4	3.4	снег-в-тени	0.268	42.2	-1.0	-9.0	9.1	bbox	915	101.0	101.0	101.0	1183,7,8,4	52.1			
917	917	0.279	рюкзак-синий	1.4	6.1	снег-в-тени	1.057	32.7	2.0	-15.0	15.1	bbox	916	18.0	18.0	18.0	0,811,3,4	51.9			
918	918	2.196	стакан-марка-красная	13.3	40.0	снег-пересвеченный	0.281	89.8	-2.0	-2.0	2.8	bbox	917	25.0	25.0	25.0	1226,339,3,8	51.9			
919	919	1.318	рюкзак-синий	7.3	26.7	снег-в-тени	0.656	65.5	-1.0	-7.0	7.1	bbox	918	70.0	70.0	70.0	1319,279,4,4	51.9			
920	920	1.071	рюкзак-синий	6.0	21.4	снег-в-тени	0.460	60.2	1.0	-8.0	8.1	bbox	919	70.0	70.0	70.0	1701,219,4,4	51.5			
921	921	0.909	рюкзак-синий	6.3	12.6	снег-в-тени	0.179	51.4	-1.0	-8.0	8.1	bbox	920	25.0	25.0	25.0	1193,106,8,3	51.3			
922	922	0.886	рюкзак-синий	6.1	12.7	снег-в-тени	0.776	26.1	0.0	-8.0	8.0	bbox	921	18.0	18.0	18.0	1305,879,4,4	51.1			
923	923	1.709	стакан-марка-красная	12.1	22.3	порода-в-тени	0.288	27.5	-1.0	-0.5	1.1	bbox	922	54.0	54.0	54.0	1907,583,8,2	51.1			
924	924	0.958	рюкзак-синий	6.0	16.7	снег-в-тени	0.302	55.5	1.0	-8.0	8.1	bbox	923	65.0	65.0	66.0	1181,50,6,3	50.9			
925	925	1.231	рюкзак-синий	6.8	24.9	снег-в-тени	0.586	63.7	-1.0	-7.5	7.6	bbox	924	25.0	25.0	25.0	1889,197,8,2	50.8			
926	926	0.756	рюкзак-синий	6.0	2.8	снег-в-тени	0.255	41.6	1.0	-8.0	8.1	bbox	925	83.0	83.0	83.0	21,247,2,6	50.8			
927	927	0.855	рюкзак-синий	6.1	11.0	снег-в-тени	0.713	27.8	0.0	-8.0	8.0	bbox	926	70.0	70.0	70.0	49,366,7,3	50.6			
928	928	0.726	рюкзак-синий	4.5	13.0	снег-в-тени	0.313	51.8	-1.0	-10.0	10.0	bbox	927	11.0	11.0	12.0	1419,475,4,6	50.4			
929	929	0.775	рюкзак-синий	6.1	4.1	снег-в-тени	0.174	42.9	0.0	-8.0	8.0	bbox	928	4.0	4.0	5.0	189,523,6,3	50.0			
930	930	1.504	рюкзак-синий	11.7	9.8	порода-в-тени	0.416	29.0	-3.0	-3.0	4.2	bbox	929	13.0	9.0	13.0	1573,479,6,4	49.9			
931	931	1.181	рюкзак-синий	9.2	7.3	снег-в-тени	0.400	46.1	-1.0	-5.0	5.1	bbox	930	19.0	18.0	19.0	1483,454,6,5	49.8			
932	932	1.367	рюкзак-синий	8.1	25.9	порода-в-тени	0.724	12.9	0.0	-6.0	6.0	bbox	931	79.0	79.0	79.0	1749,29,4,5	49.8			
933	933	0.839	рюкзак-синий	6.7	0.4	снег-в-тени	0.396	39.2	-2.0	-8.0	8.2	bbox	932	37.0	37.0	37.0	1795,0,2,9	49.7			
934	934	1.270	рюкзак-синий	8.9	16.9	снег-в-тени	0.531	55.7	-3.0	-6.0	6.7	bbox	933	102.0	102.0	102.0	551,861,5,3	49.7			
935	935	1.507	стакан-марка-красная	12.0	2.2	снег-в-тени	1.019	52.0	-1.0	0.0	1.0	bbox	934	80.0	78.0	80.0	869,833,4,4	49.6			
936	936	1.941	стакан-марка-красная	15.5	1.2	порода-в-тени	1.281	48.6	-4.0	5.0	6.4	bbox	935	74.0	74.0	74.0	1329,25,7,2	49.5			
937	937	0.942	рюкзак-синий	7.3	6.8	снег-в-тени	0.593	32.0	-1.0	-7.0	7.1	bbox	936	80.0	77.0	80.0	1695,190,8,3	49.5			
938	938	1.412	рюкзак-синий	7.3	30.2	снег-в-тени	0.778	69.0	-1.0	-7.0	7.1	bbox	937	25.0	25.0	25.0	1778,198,7,3	49.4			
939	939	0.768	рюкзак-синий	6.0	4.3	снег-в-тени	0.510	34.5	1.5	-8.0	8.1	bbox	938	60.0	60.0	60.0	61,1077,4,3	49.4			
940	940	0.867	рюкзак-синий	5.4	15.3	снег-в-тени	0.287	54.1	-1.0	-9.0	9.1	bbox	939	6.0	5.0	6.0	905,404,6,3	49.3			
941	941	1.701	палка-древко-контроль	13.3	9.4	снег-в-тени	0.983	51.0	-5.0	-2.0	5.4	bbox	940	31.0	31.0	31.0	445,673,6,10	49.2			
942	942	1.835	рюкзак-синий	12.0	29.4	порода-в-тени	0.482	9.4	0.0	-2.0	2.0	bbox	941	102.0	102.0	102.0	1833,673,2,8	49.1			
943	943	2.187	палка-древко-контроль	14.1	36.0	снег-пересвеченный	0.582	77.6	-6.0	-1.0	6.1	bbox	942	4.0	4.0	8.0	1433,125,4,4	48.9			
944	944	1.187	рюкзак-синий	9.5	1.5	снег-в-тени	0.587	37.3	-2.0	-5.0	5.4	bbox	943	44.0	44.0	44.0	1694,24,6,5	48.8			
945	945	1.705	стакан-марка-красная	12.2	21.6	снег-освещённый	0.359	71.4	-1.0	-1.0	1.4	bbox	944	65.0	65.0	65.0	871,1059,4,4	48.8			
946	946	1.682	рюкзак-синий	13.4	3.5	порода-в-тени	0.663	35.3	-5.0	-2.0	5.4	bbox	945	31.0	31.0	31.0	339,1015,5,4	48.6			
947	947	0.971	рюкзак-синий	7.8	1.0	снег-в-тени	0.421	37.8	-1.0	-6.5	6.6	bbox	946	40.0	40.0	40.0	273,1071,3,6	48.2			
948	948	1.857	палка-древко-контроль	13.0	25.3	снег-освещённый	0.733	66.9	-4.5	-2.5	5.1	bbox	947	7.0	7.0	7.0	857,309,4,4	48.1			
949	949	1.733	стакан-марка-красная	13.0	16.5	снег-освещённый	0.534	66.3	-2.0	0.0	2.0	bbox	948	71.0	71.0	71.0	21,829,4,4	48.0			
950	950	2.255	палка-древко-контроль	14.3	38.4	снег-пересвеченный	0.471	80.0	-5.0	-1.0	5.1	bbox	949	38.0	38.0	40.0	1625,861,4,7	47.8			
951	951	1.414	стакан-марка-красная	11.2	6.1	порода-в-тени	0.870	43.7	0.0	-1.0	1.0	bbox	950	78.0	78.0	78.0	849,1007,6,6	47.3			
952	952	0.975	рюкзак-синий	7.3	9.8	снег-в-тени	0.694	29.0	-1.0	-7.0	7.1	bbox	951	45.0	45.0	45.0	412,925,3,5	47.1			
953	953	1.502	рюкзак-синий	8.6	29.2	снег-в-тени	0.790	68.0	-0.5	-5.5	5.5	bbox	952	45.0	45.0	45.0	625,991,4,5	47.1			
954	954	1.121	рюкзак-синий	6.2	22.7	порода-в-тени	0.908	16.1	-0.5	-8.0	8.0	bbox	953	8.0	8.0	8.0	927,745,6,4	47.0			
955	955	1.589	рюкзак-синий	7.0	37.1	снег-освещённый	0.912	75.9	0.5	-7.0	7.0	bbox	954	74.0	74.0	74.0	1463,197,6,4	47.0			
956	956	2.273	палка-древко-контроль	10.4	52.1	снег-пересвеченный	0.301	93.7	-5.0	-5.0	7.1	bbox	955	16.0	16.0	16.0	3,479,5,5	46.6			
957	957	1.438	рюкзак-синий	10.0	19.6	порода-в-тени	0.453	19.2	0.0	-4.0	4.0	bbox	956	46.0	46.0	46.0	659,905,3,8	46.5			
958	958	1.884	стакан-марка-красная	15.0	3.5	корка-жёлтая-на-скале	1.128	46.3	-3.0	6.5	7.2	bbox	957	103.0	103.0	103.0	1687,399,2,6	46.5			
959	959	1.594	рюкзак-синий	12.7	1.2	порода-в-тени	0.706	40.0	-1.5	-1.5	2.1	bbox	958	103.0	103.0	103.0	1741,983,6,3	46.1			
960	960	1.233	рюкзак-синий	7.2	23.6	снег-в-тени	0.641	62.4	-3.0	-8.0	8.5	bbox	959	14.0	14.0	14.0	27,137,6,4	45.7			
961	961	1.092	рюкзак-синий	7.2	17.3	снег-в-тени	0.478	56.1	-3.0	-8.0	8.5	bbox	960	17.0	17.0	17.0	549,933,4,5	45.6			
962	962	1.317	рюкзак-синий	7.3	26.6	порода-в-тени	0.815	12.2	-1.0	-7.0	7.1	bbox	961	79.0	79.0	79.0	1299,42,3,5	45.6			
963	963	1.062	рюкзак-синий	6.1	20.8	порода-в-тени	1.011	18.0	2.0	-8.0	8.2	bbox	962	25.0	25.0	25.0	17,831,4,3	45.2			
964	964	1.111	рюкзак-синий	8.2	11.6	снег-в-тени	0.294	50.4	-1.0	-6.0	6.1	bbox	963	16.0	16.0	16.0	569,381,4,4	45.1			
965	965	0.876	рюкзак-синий	5.4	15.7	снег-в-тени	0.298	54.5	-1.0	-9.0	9.1	bbox	964	7.0	7.0	7.0	1896,66,3,9	45.0			
966	966	2.037	стакан-марка-красная	15.8	14.1	порода-в-тени	0.887	35.7	-4.5	4.0	6.0	bbox	965	74.0	74.0	74.0	1061,346,4,3	44.7			
967	967	1.396	стакан-марка-красная	11.0	5.7	снег-розовый	0.865	55.5	0.0	0.0	0.0	bbox	966	74.0	74.0	74.0	1104,569,5,4	44.7			
968	968	1.418	стакан-марка-красная	11.2	6.7	снег-розовый	0.879	56.5	0.0	-1.0	1.0	bbox	967	80.0	80.0	80.0	788,965,3,4	44.7			
969	969	0.921	рюкзак-синий	7.0	8.0	снег-в-тени	0.633	30.8	1.0	-7.0	7.1	bbox	968	71.0	71.0	71.0	1737,111,6,4	44.6			
970	970	0.760	рюкзак-синий	5.7	7.8	снег-в-тени	0.751	31.0	-3.0	-10.0	10.4	bbox	969	21.0	21.0	21.0	1014,10,3,6	44.5			
971	971	2.285	стакан-марка-красная	18.2	3.7	порода-в-тени	1.274	46.1	-7.0	4.0	8.1	bbox	970	74.0	74.0	74.0	813,89,6,2	44.5			
972	972	1.536	рюкзак-синий	5.5	38.5	снег-пересвеченный	1.044	77.3	1.0	-8.5	8.6	bbox	971	25.0	25.0	25.0	329,515,6,4	44.3			
973	973	2.297	стакан-марка-красная	15.1	36.5	снег-пересвеченный	0.294	86.3	-4.0	-1.0	4.1	bbox	972	62.0	62.0	62.0	1699,820,4,8	44.2			
974	974	0.489	рюкзак-синий	3.6	5.3	снег-в-тени	0.417	44.1	-1.0	-11.0	11.0	bbox	973	21.0	21.0	21.0	1289,1073,8,2	43.9			
975	975	0.773	рюкзак-синий	2.2	20.2	снег-в-тени	1.156	18.6	0.0	-12.0	12.0	bbox	974	84.0	84.0	84.0	1426,801,3,4	43.7			
976	976	0.839	рюкзак-синий	5.1	15.3	снег-в-тени	0.876	23.5	0.0	-9.0	9.0	bbox	975	12.0	12.0	12.0	987,633,3,5	43.3			
977	977	1.494	стакан-марка-красная	11.7	9.0	порода-в-тени	0.752	40.8	-0.5	-1.0	1.1	bbox	976	52.0	50.0	52.0	1771,145,6,2	43.3			
978	978	2.196	стакан-марка-красная	17.6	1.8	корка-жёлтая-на-скале	1.221	51.6	-5.5	7.0	8.9	bbox	977	54.0	54.0	54.0	1763,13,6,2	43.2			
979	979	0.817	рюкзак-синий	4.0	18.0	снег-в-тени	1.022	20.8	-1.0	-10.5	10.5	bbox	978	102.0	102.0	102.0	1679,377,2,6	42.6			
980	980	2.421	палка-древко-контроль	15.1	42.3	снег-пересвеченный	0.510	83.9	-6.0	0.0	6.0	bbox	979	61.0	61.0	61.0	1702,563,3,8	42.5			
981	981	1.120	рюкзак-синий	7.1	19.2	снег-в-тени	0.386	58.0	0.0	-7.0	7.0	bbox	980	79.0	79.0	79.0	333,200,4,3	42.4			
982	982	1.634	стакан-марка-красная	12.0	17.8	порода-в-тени	0.449	32.0	-1.0	0.0	1.0	bbox	981	58.0	58.0	58.0	454,214,5,4	42.3			
983	983	2.382	палка-древко-контроль	13.3	47.6	снег-пересвеченный	0.184	89.2	-5.0	-2.0	5.4	bbox	982	38.0	38.0	38.0	1503,1013,5,4	42.1			
984	984	1.749	стакан-марка-красная	13.6	11.8	порода-в-тени	0.770	38.0	-2.5	2.5	3.5	bbox	983	64.0	64.0	64.0	1913,1009,4,4	42.1			
985	985	1.401	стакан-марка-красная	11.0	6.7	порода-в-тени	0.859	43.1	0.0	0.0	0.0	bbox	984	60.0	60.0	60.0	1577,129,2,6	41.8			
986	986	1.459	стакан-марка-красная	11.5	6.1	порода-в-тени	0.863	43.7	-0.5	0.0	0.5	bbox	985	74.0	74.0	74.0	700,972,4,4	41.7			
987	987	0.975	рюкзак-синий	4.5	22.4	снег-в-тени	0.553	61.2	-1.0	-10.0	10.0	bbox	986	18.0	18.0	19.0	1217,251,8,2	41.3			
988	988	1.274	рюкзак-синий	5.6	29.8	снег-в-тени	0.787	68.6	2.0	-8.5	8.7	bbox	987	62.0	62.0	62.0	589,101,6,2	41.3			
989	989	0.885	рюкзак-синий	5.7	14.7	снег-в-тени	0.850	24.1	-0.5	-8.5	8.5	bbox	988	12.0	12.0	12.0	1078,583,2,6	41.2			
990	990	0.711	рюкзак-синий	3.0	16.8	снег-в-тени	0.998	22.0	0.5	-11.0	11.0	bbox	989	15.0	15.0	15.0	1745,1076,3,4	41.2			
991	991	2.260	палка-древко-контроль	13.3	42.7	снег-пересвеченный	0.286	84.3	-5.0	-2.0	5.4	bbox	990	33.0	33.0	33.0	1529,17,2,6	41.2			
992	992	1.869	рюкзак-синий	13.9	19.0	снег-освещённый	0.910	57.8	-4.0	-1.0	4.1	bbox	991	40.0	40.0	40.0	1777,849,2,8	41.0			
993	993	1.802	рюкзак-синий	13.9	13.0	снег-в-тени	1.018	51.8	-4.0	-1.0	4.1	bbox	992	46.0	46.0	46.0	1633,721,8,2	40.9			
994	994	1.320	рюкзак-синий	10.4	5.5	снег-в-тени	0.573	44.3	-2.0	-4.0	4.5	bbox	993	34.0	34.0	34.0	1533,673,4,4	40.8			
995	995	1.104	рюкзак-синий	8.5	7.9	снег-в-тени	0.356	46.7	-2.0	-6.0	6.3	bbox	994	35.0	35.0	35.0	1799,117,4,6	40.4			
996	996	1.673	палка-древко-контроль	13.0	10.6	снег-в-тени	1.163	52.2	-7.0	-2.0	7.3	bbox	995	16.0	16.0	16.0	139,567,4,4	40.3			
997	997	1.235	рюкзак-синий	7.1	24.1	снег-в-тени	0.555	62.9	0.0	-7.0	7.0	bbox	996	61.0	60.0	61.0	789,39,8,4	40.2			
998	998	1.505	стакан-марка-красная	11.1	16.3	снег-освещённый	0.544	66.1	0.0	-0.5	0.5	bbox	997	75.0	75.0	75.0	1055,1051,4,4	40.2			
999	999	1.448	стакан-марка-красная	11.2	10.6	порода-в-тени	0.717	39.2	0.0	-1.0	1.0	bbox	998	83.0	83.0	83.0	129,169,2,6	40.2			
1000	1000	0.997	рюкзак-синий	6.1	18.1	снег-в-тени	0.409	56.9	2.0	-8.0	8.2	bbox	999	78.0	78.0	78.0	901,403,6,2	40.1			
1001	1001	1.941	палка-древко-контроль	13.3	27.8	снег-освещённый	0.691	69.4	-5.0	-2.0	5.4	bbox	1000	46.0	46.0	46.0	1832,641,5,4	40.0			
1002	1002	0.882	рюкзак-синий	7.0	3.2	снег-в-тени	0.273	42.0	1.0	-7.0	7.1	bbox	1001	83.0	83.0	83.0	63,971,2,6	39.9			
1003	1003	1.005	рюкзак-синий	5.0	22.0	снег-в-тени	0.516	60.8	1.5	-9.0	9.1	bbox	1002	63.0	63.0	63.0	843,0,4,3	39.5			
1004	1004	1.354	рюкзак-синий	9.4	18.7	снег-в-тени	0.657	57.5	-4.0	-6.0	7.2	bbox	1003	17.0	17.0	17.0	401,533,4,3	39.3			
1005	1005	0.799	рюкзак-синий	6.3	3.2	снег-в-тени	0.243	42.0	-1.0	-8.0	8.1	bbox	1004	32.0	32.0	32.0	1682,93,5,3	39.1			
1006	1006	0.791	рюкзак-синий	5.8	8.6	снег-в-тени	0.688	30.2	-2.0	-9.0	9.2	bbox	1005	21.0	21.0	21.0	803,63,2,5	38.9			
1007	1007	1.244	рюкзак-синий	9.7	8.5	снег-в-тени	0.489	47.3	-2.5	-5.0	5.6	bbox	1006	50.0	50.0	50.0	1289,1025,8,4	38.8			
1008	1008	1.392	стакан-марка-красная	11.0	6.1	порода-в-тени	0.905	43.7	0.0	1.0	1.0	bbox	1007	77.0	76.0	77.0	1407,679,2,6	38.8			
1009	1009	1.566	стакан-марка-красная	11.5	17.1	снег-освещённый	0.502	66.9	-0.5	0.0	0.5	bbox	1008	54.0	54.0	54.0	1111,911,4,4	38.7			
1010	1010	2.413	стакан-марка-красная	19.3	0.6	корка-жёлтая-на-скале	1.420	50.4	-7.5	6.5	9.9	bbox	1009	54.0	54.0	54.0	1509,14,4,3	38.5			
1011	1011	1.400	стакан-марка-красная	11.1	5.1	порода-в-тени	0.906	44.7	0.0	-0.5	0.5	bbox	1010	79.0	79.0	79.0	29,317,4,4	38.5			
1012	1012	1.766	стакан-марка-красная	11.6	28.2	снег-освещённый	0.132	78.0	-0.5	-0.5	0.7	bbox	1011	54.0	54.0	54.0	1345,939,2,6	38.3			
1013	1013	1.381	стакан-марка-красная	11.0	0.8	снег-в-тени	1.001	49.0	0.0	0.0	0.0	bbox	1012	75.0	75.0	77.0	1169,793,6,2	37.6			
1014	1014	1.005	рюкзак-синий	7.6	9.0	снег-в-тени	0.280	47.8	-2.0	-7.0	7.3	bbox	1013	38.0	38.0	38.0	393,155,6,6	37.5			
1015	1015	1.485	рюкзак-синий	11.2	14.1	порода-в-тени	0.319	24.7	-1.0	-3.0	3.2	bbox	1014	60.0	60.0	60.0	1308,39,5,2	37.5			
1016	1016	1.441	рюкзак-синий	8.0	29.0	снег-в-тени	0.768	67.8	1.0	-6.0	6.1	bbox	1015	74.0	74.0	74.0	1011,265,6,2	37.3			
1017	1017	0.813	рюкзак-синий	6.5	0.8	снег-в-тени	0.348	39.6	-1.5	-8.0	8.1	bbox	1016	9.0	9.0	9.0	1763,529,4,4	36.7			
1018	1018	1.535	стакан-марка-красная	12.0	8.4	снег-освещённый	0.806	58.2	-1.0	0.0	1.0	bbox	1017	76.0	75.0	76.0	1344,839,3,4	36.4			
1019	1019	1.776	рюкзак-синий	12.0	26.6	порода-в-тени	0.493	12.2	1.0	-2.0	2.2	bbox	1018	76.0	76.0	76.0	216,59,3,4	36.4			
1020	1020	1.016	рюкзак-синий	6.5	17.1	снег-в-тени	0.321	55.9	1.0	-7.5	7.6	bbox	1019	70.0	70.0	70.0	27,1003,4,4	36.3			
1021	1021	1.236	рюкзак-синий	6.1	27.3	снег-в-тени	0.653	66.1	0.0	-8.0	8.0	bbox	1020	6.0	6.0	6.0	265,443,6,2	36.1			
1022	1022	1.052	рюкзак-синий	8.1	8.3	снег-в-тени	0.314	47.1	-2.0	-6.5	6.8	bbox	1021	37.0	37.0	37.0	1653,33,4,4	36.0			
1023	1023	1.396	стакан-марка-красная	11.0	5.7	снег-розовый	0.865	55.5	0.0	0.0	0.0	bbox	1022	71.0	71.0	71.0	51,846,4,3	36.0			
1024	1024	1.153	рюкзак-синий	6.2	23.9	снег-в-тени	0.537	62.7	-0.5	-8.0	8.0	bbox	1023	75.0	75.0	75.0	979,57,6,4	35.9			
1025	1025	1.123	рюкзак-синий	6.3	22.3	порода-в-тени	0.895	16.5	-1.0	-8.0	8.1	bbox	1024	80.0	80.0	80.0	1634,82,3,5	35.9			
1026	1026	0.985	рюкзак-синий	7.6	7.7	снег-в-тени	0.193	46.5	0.0	-6.5	6.5	bbox	1025	35.0	35.0	35.0	1857,0,8,3	35.8			
1027	1027	1.076	рюкзак-синий	8.1	9.8	снег-в-тени	0.259	48.6	-0.5	-6.0	6.0	bbox	1026	66.0	66.0	66.0	1105,123,6,2	35.8			
1028	1028	1.040	палка-древко-контроль	6.9	16.0	снег-в-тени	0.675	57.6	-4.5	-9.0	10.1	bbox	1027	17.0	17.0	17.0	1453,307,6,4	35.7			
1029	1029	2.157	стакан-марка-красная	15.1	29.0	снег-освещённый	0.402	78.8	-4.0	-1.0	4.1	bbox	1028	37.0	37.0	37.0	1900,450,3,5	35.3			
1030	1030	1.382	рюкзак-синий	6.1	32.3	порода-в-тени	1.037	6.5	0.0	-8.0	8.0	bbox	1029	103.0	103.0	103.0	1530,965,3,4	35.2			
1031	1031	1.101	рюкзак-синий	6.5	20.8	снег-в-тени	0.444	59.6	1.0	-7.5	7.6	bbox	1030	74.0	74.0	74.0	1109,171,6,2	35.1			
1032	1032	1.507	стакан-марка-красная	12.0	2.0	порода-в-тени	0.996	47.8	-1.0	0.0	1.0	bbox	1031	77.0	77.0	77.0	809,283,6,4	35.1			
1033	1033	1.274	рюкзак-синий	6.5	27.5	снег-в-тени	0.674	66.3	1.0	-7.5	7.6	bbox	1032	80.0	80.0	80.0	1669,947,4,3	35.1			
1034	1034	1.389	рюкзак-синий	6.4	31.8	снег-в-тени	0.905	70.6	-3.0	-9.0	9.5	bbox	1033	15.0	15.0	15.0	1785,167,6,2	34.8			
1035	1035	1.539	стакан-марка-красная	12.2	6.7	снег-освещённый	0.878	56.5	-1.0	-1.0	1.4	bbox	1034	52.0	52.0	52.0	1603,529,6,4	34.7			
1036	1036	1.743	рюкзак-синий	13.9	2.3	порода-в-тени	0.626	36.5	-4.0	-1.0	4.1	bbox	1035	49.0	49.0	49.0	753,1077,5,3	34.4			
1037	1037	1.738	рюкзак-синий	13.2	15.3	снег-в-тени	0.964	54.1	-4.5	-2.0	4.9	bbox	1036	33.0	33.0	33.0	1667,513,6,2	34.2			
1038	1038	1.448	рюкзак-синий	8.2	28.5	снег-в-тени	0.749	67.3	-1.0	-6.0	6.1	bbox	1037	33.0	33.0	34.0	1409,477,4,4	34.0			
1039	1039	1.254	рюкзак-синий	7.3	24.1	снег-в-тени	0.569	62.9	-1.0	-7.0	7.1	bbox	1038	71.0	71.0	71.0	1799,51,2,6	34.0			
1040	1040	1.520	стакан-марка-красная	12.0	5.9	порода-в-тени	0.858	43.9	-1.0	0.0	1.0	bbox	1039	80.0	76.0	80.0	973,627,4,4	33.9			
1041	1041	1.055	рюкзак-синий	7.2	15.7	порода-в-тени	0.779	23.1	-0.5	-7.0	7.0	bbox	1040	15.0	15.0	15.0	1579,865,5,4	33.7			
1042	1042	2.075	палка-древко-контроль	13.2	35.5	снег-пересвеченный	0.559	77.1	-6.0	-2.0	6.3	bbox	1041	13.0	9.0	13.0	1421,499,6,4	33.5			
1043	1043	1.447	стакан-марка-красная	11.0	12.2	порода-в-тени	0.676	37.6	0.0	0.0	0.0	bbox	1042	75.0	74.0	75.0	1076,846,5,4	33.5			
1044	1044	0.729	рюкзак-синий	4.5	13.1	снег-в-тени	0.838	25.7	-1.0	-10.0	10.0	bbox	1043	15.0	15.0	15.0	861,640,3,4	33.3			
1045	1045	0.976	рюкзак-синий	6.5	15.1	снег-в-тени	0.288	53.9	-1.5	-8.0	8.1	bbox	1044	18.0	18.0	18.0	1293,205,4,3	33.2			
1046	1046	0.912	рюкзак-синий	7.3	1.6	снег-в-тени	0.318	40.4	-1.0	-7.0	7.1	bbox	1045	33.0	33.0	33.0	1823,1075,6,2	32.6			
1047	1047	1.927	палка-древко-контроль	13.3	27.0	снег-освещённый	0.708	68.6	-5.0	-2.0	5.4	bbox	1046	8.0	8.0	8.0	1521,169,5,3	32.5			
1048	1048	2.133	палка-древко-контроль	13.3	37.2	снег-пересвеченный	0.456	78.8	-5.0	-2.0	5.4	bbox	1047	33.0	33.0	33.0	1115,623,3,4	32.5			
1049	1049	1.455	стакан-марка-красная	11.6	3.5	снег-в-тени	0.941	46.3	-0.5	-0.5	0.7	bbox	1048	74.0	74.0	76.0	897,623,4,3	32.4			
1050	1050	0.960	рюкзак-синий	5.0	20.4	снег-в-тени	0.540	59.2	-2.0	-10.0	10.2	bbox	1049	18.0	18.0	18.0	1537,5,4,4	32.3			
1051	1051	0.921	рюкзак-синий	7.0	8.1	снег-в-тени	0.180	46.9	1.0	-7.0	7.1	bbox	1050	52.0	52.0	52.0	346,183,4,2	32.1			
1052	1052	0.970	рюкзак-синий	7.3	9.4	снег-в-тени	0.177	48.2	-1.0	-7.0	7.1	bbox	1051	83.0	83.0	83.0	824,986,3,3	31.9			
1053	1053	1.759	рюкзак-синий	13.9	7.0	порода-в-тени	0.477	31.8	-4.0	-1.0	4.1	bbox	1052	11.0	11.0	11.0	147,257,6,2	31.7			
1054	1054	1.446	рюкзак-синий	7.2	31.8	снег-в-тени	0.826	70.6	-0.5	-7.0	7.0	bbox	1053	74.0	74.0	74.0	1067,231,6,2	31.7			
1055	1055	2.115	стакан-марка-красная	14.3	31.6	снег-освещённый	0.354	81.4	-3.0	-2.0	3.6	bbox	1054	80.0	80.0	80.0	1657,867,3,4	31.6			
1056	1056	1.995	рюкзак-синий	13.5	30.0	снег-освещённый	0.599	68.8	-4.0	-1.5	4.3	bbox	1055	43.0	43.0	43.0	619,259,4,4	31.5			
1057	1057	1.937	стакан-марка-красная	13.6	25.7	снег-освещённый	0.295	75.5	-2.5	-1.0	2.7	bbox	1056	37.0	37.0	37.0	563,633,6,2	31.3			
1058	1058	1.502	рюкзак-синий	8.1	31.2	снег-в-тени	0.886	70.0	-3.0	-7.0	7.6	bbox	1057	12.0	12.0	12.0	433,377,8,2	31.2			
1059	1059	0.929	рюкзак-синий	7.4	0.6	снег-в-тени	0.375	39.4	-1.5	-7.0	7.2	bbox	1058	32.0	32.0	32.0	1323,285,4,4	31.0			
1060	1060	1.540	рюкзак-синий	6.0	37.7	снег-пересвеченный	1.018	76.5	1.0	-8.0	8.1	bbox	1059	80.0	75.0	80.0	1625,379,4,2	30.9			
1061	1061	1.371	рюкзак-синий	10.2	14.1	снег-в-тени	0.547	52.9	-1.0	-4.0	4.1	bbox	1060	43.0	40.0	43.0	787,1045,2,8	30.8			
1062	1062	0.977	рюкзак-синий	7.6	6.1	снег-в-тени	0.298	44.9	-2.0	-7.0	7.3	bbox	1061	19.0	19.0	19.0	1663,537,2,8	30.6			
1063	1063	0.957	рюкзак-синий	6.1	16.3	снег-в-тени	0.902	22.5	0.0	-8.0	8.0	bbox	1062	15.0	15.0	15.0	0,535,4,2	30.0			
1064	1064	1.880	палка-древко-контроль	13.3	24.3	снег-освещённый	0.772	65.9	-5.0	-2.0	5.4	bbox	1063	43.0	43.0	43.0	648,585,3,5	30.0			
1065	1065	1.025	рюкзак-синий	8.1	4.9	снег-в-тени	0.345	43.7	-2.0	-6.5	6.8	bbox	1064	37.0	37.0	37.0	385,63,8,2	29.8			
1066	1066	1.351	рюкзак-синий	8.5	23.2	снег-в-тени	0.617	62.0	-2.0	-6.0	6.3	bbox	1065	9.0	9.0	9.0	1629,73,4,7	29.5			
1067	1067	2.141	палка-древко-контроль	13.3	37.6	снег-пересвеченный	0.443	79.2	-5.0	-2.0	5.4	bbox	1066	38.0	38.0	38.0	1601,1010,2,7	29.5			
1068	1068	1.702	стакан-марка-красная	13.1	13.1	снег-освещённый	0.653	62.9	-2.0	-0.5	2.1	bbox	1067	71.0	71.0	71.0	467,60,4,3	29.3			
1069	1069	2.200	палка-древко-контроль	13.3	40.2	снег-пересвеченный	0.362	81.8	-5.0	-2.0	5.4	bbox	1068	48.0	48.0	48.0	1421,509,4,4	29.2			
1070	1070	1.905	стакан-марка-красная	15.0	8.8	снег-освещённый	0.876	58.6	-4.0	0.0	4.0	bbox	1069	103.0	103.0	103.0	1736,910,2,4	29.1			
1071	1071	1.269	рюкзак-синий	6.1	28.5	снег-в-тени	0.738	67.3	2.0	-8.0	8.2	bbox	1070	76.0	76.0	76.0	1457,29,4,2	28.6			
1072	1072	1.833	рюкзак-синий	10.2	36.9	снег-освещённый	0.532	75.7	-1.0	-4.0	4.1	bbox	1071	80.0	80.0	80.0	1649,1071,2,4	28.6			
1073	1073	1.620	стакан-марка-красная	12.1	16.3	снег-освещённый	0.529	66.1	-1.0	-0.5	1.1	bbox	1072	60.0	60.0	60.0	47,989,2,4	28.3			
1074	1074	1.188	рюкзак-синий	8.7	13.2	снег-в-тени	0.427	52.0	-2.5	-6.0	6.5	bbox	1073	38.0	38.0	38.0	297,47,6,2	28.1			
1075	1075	1.419	рюкзак-синий	9.2	23.2	снег-в-тени	0.642	62.0	-1.0	-5.0	5.1	bbox	1074	49.0	49.0	49.0	1539,1003,6,2	28.1			
1076	1076	2.119	стакан-марка-красная	16.0	19.8	порода-в-тени	1.029	30.0	-4.0	6.5	7.6	bbox	1075	75.0	75.0	75.0	197,103,4,2	28.1			
1077	1077	1.827	стакан-марка-красная	13.0	23.1	снег-освещённый	0.307	72.9	-2.0	0.0	2.0	bbox	1076	71.0	71.0	71.0	220,78,3,3	27.9			
1078	1078	1.312	стакан-марка-красная	10.0	10.6	порода-в-тени	0.780	39.2	1.0	0.0	1.0	bbox	1077	77.0	77.0	77.0	1254,745,3,3	27.9			
1079	1079	2.077	палка-древко-контроль	13.3	34.7	снег-пересвеченный	0.541	76.3	-5.0	-2.0	5.4	bbox	1078	49.0	49.0	49.0	850,1078,5,2	27.7			
1080	1080	1.401	стакан-марка-красная	11.0	6.7	снег-розовый	0.833	56.5	0.0	0.0	0.0	bbox	1079	75.0	75.0	75.0	1106,775,3,3	27.7			
1081	1081	1.399	рюкзак-синий	8.9	23.6	снег-в-тени	0.688	62.4	-3.0	-6.0	6.7	bbox	1080	7.0	7.0	7.0	340,1075,3,5	27.5			
1082	1082	1.400	стакан-марка-красная	11.0	6.5	снег-розовый	0.840	56.3	0.0	0.0	0.0	bbox	1081	77.0	77.0	77.0	1739,339,2,4	27.0			
1083	1083	0.964	рюкзак-синий	6.8	12.7	снег-в-тени	0.788	26.1	-1.0	-7.5	7.6	bbox	1082	18.0	18.0	18.0	655,925,4,4	26.9			
1084	1084	1.010	рюкзак-синий	4.5	23.6	снег-в-тени	0.590	62.4	-1.0	-10.0	10.0	bbox	1083	15.0	15.0	15.0	1477,32,3,3	26.8			
1085	1085	1.985	стакан-марка-красная	15.1	16.9	снег-освещённый	0.641	66.7	-4.0	-1.0	4.1	bbox	1084	43.0	43.0	43.0	562,389,3,4	26.7			
1086	1086	0.664	рюкзак-синий	5.0	6.3	снег-в-тени	0.366	45.1	-2.0	-10.0	10.2	bbox	1085	4.0	4.0	4.0	1085,348,3,3	26.6			
1087	1087	1.335	рюкзак-синий	8.4	23.2	снег-в-тени	0.595	62.0	-1.5	-6.0	6.2	bbox	1086	12.0	12.0	12.0	955,690,4,3	26.6			
1088	1088	1.897	стакан-марка-красная	13.3	25.3	снег-освещённый	0.346	75.1	-2.0	-2.0	2.8	bbox	1087	51.0	51.0	51.0	273,1047,5,2	26.6			
1089	1089	1.420	стакан-марка-красная	11.3	4.7	снег-в-тени	0.818	45.1	0.0	-1.5	1.5	bbox	1088	58.0	58.0	58.0	969,857,2,4	26.4			
1090	1090	0.840	рюкзак-синий	6.7	1.6	снег-в-тени	0.364	40.4	-2.0	-8.0	8.2	bbox	1089	32.0	32.0	32.0	1481,183,5,2	26.3			
1091	1091	1.530	стакан-марка-красная	12.0	7.6	порода-в-тени	0.797	42.2	-1.0	0.0	1.0	bbox	1090	58.0	58.0	58.0	389,325,4,4	26.3			
1092	1092	1.114	рюкзак-синий	8.5	9.2	снег-в-тени	0.745	29.6	1.5	-5.5	5.7	bbox	1091	71.0	71.0	71.0	1897,221,2,4	26.3			
1093	1093	1.618	рюкзак-синий	7.5	36.9	снег-освещённый	0.854	75.7	0.5	-6.5	6.5	bbox	1092	74.0	74.0	74.0	1009,533,4,2	26.3			
1094	1094	1.699	стакан-марка-красная	12.9	15.5	снег-освещённый	0.611	65.3	-1.5	-2.0	2.5	bbox	1093	58.0	58.0	58.0	21,617,4,2	26.2			
1095	1095	0.959	рюкзак-синий	7.4	6.7	снег-в-тени	0.240	45.5	-1.5	-7.0	7.2	bbox	1094	32.0	32.0	32.0	1009,419,2,6	26.1			
1096	1096	1.421	стакан-марка-красная	11.0	9.4	порода-в-тени	0.767	40.4	0.0	0.0	0.0	bbox	1095	74.0	74.0	74.0	748,1019,3,3	26.1			
1097	1097	1.393	стакан-марка-красная	11.0	5.1	порода-в-тени	0.912	44.7	0.0	0.0	0.0	bbox	1096	76.0	76.0	76.0	1366,650,3,3	26.1			
1098	1098	0.717	рюкзак-синий	5.5	5.7	снег-в-тени	0.542	33.1	1.0	-8.5	8.6	bbox	1097	83.0	83.0	83.0	53,130,2,4	25.8			
1099	1099	0.445	рюкзак-синий	3.5	1.5	снег-в-тени	0.607	37.3	-1.5	-11.5	11.6	bbox	1098	21.0	21.0	21.0	1377,257,4,2	25.7			
1100	1100	0.870	рюкзак-синий	6.2	11.2	снег-в-тени	0.100	50.0	-0.5	-8.0	8.0	bbox	1099	17.0	17.0	17.0	1171,29,2,4	25.3			
1101	1101	0.597	рюкзак-синий	4.5	5.9	снег-в-тени	0.301	44.7	-1.0	-10.0	10.0	bbox	1100	12.0	12.0	12.0	1396,815,5,2	25.1			
1102	1102	1.450	рюкзак-синий	8.4	28.1	снег-в-тени	0.749	66.9	-1.5	-6.0	6.2	bbox	1101	15.0	15.0	15.0	1879,189,4,2	25.0			
1103	1103	0.852	рюкзак-синий	6.1	10.8	снег-в-тени	0.706	28.0	0.0	-8.0	8.0	bbox	1102	20.0	19.0	20.0	1399,763,2,4	24.8			
1104	1104	1.002	рюкзак-синий	7.3	11.7	снег-в-тени	0.762	27.1	-1.0	-7.0	7.1	bbox	1103	40.0	40.0	40.0	1905,953,2,4	24.7			
1105	1105	1.508	рюкзак-синий	8.1	31.4	снег-в-тени	0.838	70.2	0.0	-6.0	6.0	bbox	1104	75.0	75.0	75.0	1885,129,4,2	24.7			
1106	1106	1.128	рюкзак-синий	5.0	26.3	снег-в-тени	0.712	65.1	-2.0	-10.0	10.2	bbox	1105	10.0	10.0	10.0	817,21,3,3	24.5			
1107	1107	1.025	рюкзак-синий	7.6	10.6	снег-в-тени	0.285	49.4	-2.0	-7.0	7.3	bbox	1106	37.0	35.0	37.0	967,435,6,4	24.3			
1108	1108	1.413	стакан-марка-красная	11.3	2.4	снег-в-тени	0.827	52.2	0.0	-1.5	1.5	bbox	1107	52.0	52.0	52.0	1671,931,2,4	23.8			
1109	1109	1.083	рюкзак-синий	5.5	23.4	снег-в-тени	0.550	62.2	1.5	-8.5	8.6	bbox	1108	62.0	62.0	62.0	519,15,4,2	23.8			
1110	1110	1.230	рюкзак-синий	8.5	17.1	снег-в-тени	0.456	55.9	-2.0	-6.0	6.3	bbox	1109	15.0	15.0	15.0	1053,42,4,3	23.7			
1111	1111	1.804	рюкзак-синий	13.8	14.5	порода-в-тени	0.153	24.3	-2.0	-0.5	2.1	bbox	1110	51.0	51.0	51.0	593,986,2,3	23.6			
1112	1112	0.746	рюкзак-синий	5.0	11.4	снег-в-тени	0.364	50.2	-2.0	-10.0	10.2	bbox	1111	100.0	100.0	100.0	871,349,2,4	23.5			
1113	1113	1.719	стакан-марка-красная	12.2	22.4	снег-освещённый	0.490	72.2	-0.5	-3.0	3.0	bbox	1112	44.0	44.0	44.0	1820,27,5,2	23.4			
1114	1114	1.564	стакан-марка-красная	11.0	20.6	снег-освещённый	0.392	70.4	0.0	0.0	0.0	bbox	1113	76.0	76.0	76.0	1229,830,2,3	23.3			
1115	1115	1.701	рюкзак-синий	13.2	11.5	порода-в-тени	0.416	27.3	-4.5	-2.0	4.9	bbox	1114	49.0	49.0	49.0	1561,945,4,2	23.2			
1116	1116	1.709	рюкзак-синий	9.2	35.3	снег-освещённый	0.669	74.1	-1.0	-5.0	5.1	bbox	1115	71.0	71.0	71.0	0,526,3,3	23.2			
1117	1117	0.771	рюкзак-синий	5.9	6.8	снег-в-тени	0.583	32.0	-1.0	-8.5	8.6	bbox	1116	71.0	71.0	71.0	267,949,2,4	23.1			
1118	1118	1.573	рюкзак-синий	9.7	28.3	снег-освещённый	0.816	67.1	-2.5	-5.0	5.6	bbox	1117	8.0	8.0	8.0	467,515,4,2	23.0			
1119	1119	0.343	рюкзак-синий	2.7	1.8	снег-в-тени	0.508	40.6	0.0	-11.5	11.5	bbox	1118	21.0	21.0	21.0	769,9,2,4	22.9			
1120	1120	0.534	рюкзак-синий	4.3	0.6	снег-в-тени	0.757	38.2	-3.0	-12.5	12.9	bbox	1119	21.0	21.0	21.0	389,39,4,2	22.9			
1121	1121	0.729	рюкзак-синий	5.4	7.9	снег-в-тени	0.181	46.7	-1.0	-9.0	9.1	bbox	1120	4.0	4.0	4.0	1363,281,4,2	22.8			
1122	1122	1.686	рюкзак-синий	8.9	35.3	снег-пересвеченный	0.709	74.1	-3.0	-6.0	6.7	bbox	1121	8.0	8.0	8.0	1471,27,6,2	22.8			
1123	1123	2.090	палка-древко-контроль	13.3	35.3	снег-пересвеченный	0.521	76.9	-5.0	-2.0	5.4	bbox	1122	38.0	38.0	38.0	395,975,4,4	22.8			
1124	1124	1.027	рюкзак-синий	7.9	7.8	снег-в-тени	0.657	31.0	-1.5	-6.5	6.7	bbox	1123	42.0	42.0	42.0	1329,81,2,4	22.8			
1125	1125	1.011	рюкзак-синий	6.4	17.3	снег-в-тени	0.494	56.1	-3.0	-9.0	9.5	bbox	1124	100.0	100.0	100.0	893,222,2,4	22.8			
1126	1126	0.865	рюкзак-синий	6.7	5.9	снег-в-тени	0.273	44.7	-2.0	-8.0	8.2	bbox	1125	32.0	32.0	32.0	1857,151,8,2	22.6			
1127	1127	1.002	рюкзак-синий	6.4	16.9	снег-в-тени	0.485	55.7	-3.0	-9.0	9.5	bbox	1126	100.0	100.0	100.0	1917,370,3,3	22.6			
1128	1128	1.762	стакан-марка-красная	11.0	30.8	порода-в-тени	0.316	19.0	0.0	0.5	0.5	bbox	1127	62.0	62.0	62.0	1523,297,2,3	22.4			
1129	1129	2.176	палка-древко-контроль	13.6	38.0	снег-пересвеченный	0.412	79.6	-4.0	-2.0	4.5	bbox	1128	38.0	38.0	38.0	1649,675,5,2	22.2			
1130	1130	1.143	рюкзак-синий	8.5	11.4	снег-в-тени	0.364	50.2	-2.0	-6.0	6.3	bbox	1129	12.0	12.0	12.0	774,646,3,3	22.1			
1131	1131	1.634	стакан-марка-красная	13.0	3.3	снег-освещённый	0.996	53.1	-2.0	0.0	2.0	bbox	1130	60.0	60.0	60.0	387,1077,2,3	22.1			
1132	1132	2.469	палка-древко-контроль	14.6	46.4	снег-пересвеченный	0.411	88.0	-6.0	-0.5	6.0	bbox	1131	51.0	51.0	51.0	696,1013,3,2	21.8			
1133	1133	1.033	рюкзак-синий	6.3	18.8	снег-в-тени	0.436	57.6	-2.0	-8.5	8.7	bbox	1132	15.0	15.0	15.0	1661,111,4,2	21.5			
1134	1134	0.975	рюкзак-синий	6.7	13.9	снег-в-тени	0.306	52.7	-2.0	-8.0	8.2	bbox	1133	38.0	38.0	38.0	265,11,4,2	21.5			
1135	1135	0.915	рюкзак-синий	6.3	12.9	снег-в-тени	0.793	25.9	-1.0	-8.0	8.1	bbox	1134	18.0	18.0	18.0	159,539,2,3	21.4			
1136	1136	1.586	рюкзак-синий	12.6	3.5	порода-в-тени	0.561	35.3	-3.0	-2.0	3.6	bbox	1135	40.0	40.0	40.0	1691,961,4,2	21.4			
1137	1137	1.898	стакан-марка-красная	12.6	29.4	снег-освещённый	0.379	79.2	-1.0	-3.0	3.2	bbox	1136	58.0	58.0	58.0	916,974,3,3	21.4			
1138	1138	1.689	палка-древко-контроль	13.3	7.4	снег-в-тени	0.977	49.0	-5.0	-2.0	5.4	bbox	1137	9.0	9.0	9.0	1601,457,4,2	21.2			
1139	1139	0.926	рюкзак-синий	5.1	18.8	снег-в-тени	1.001	20.0	0.0	-9.0	9.0	bbox	1138	8.0	8.0	8.0	449,623,3,2	20.8			
1140	1140	1.144	рюкзак-синий	7.3	19.4	порода-в-тени	0.761	19.4	-1.0	-7.0	7.1	bbox	1139	8.0	8.0	9.0	620,603,3,2	20.6			
1141	1141	1.703	рюкзак-синий	8.5	37.3	снег-пересвеченный	0.690	76.1	-3.0	-6.5	7.2	bbox	1140	13.0	13.0	13.0	549,561,4,2	20.4			
1142	1142	1.208	рюкзак-синий	9.3	8.7	снег-в-тени	0.419	47.5	-1.5	-5.0	5.2	bbox	1141	34.0	34.0	34.0	1639,716,2,5	20.3			
1143	1143	0.721	рюкзак-синий	5.1	9.4	снег-в-тени	0.126	48.2	0.0	-9.0	9.0	bbox	1142	5.0	5.0	5.0	1411,251,4,2	20.2			
1144	1144	1.985	стакан-марка-красная	15.1	16.9	снег-освещённый	0.641	66.7	-4.0	-1.0	4.1	bbox	1143	43.0	43.0	43.0	307,449,6,4	20.2			
1145	1145	1.002	рюкзак-синий	6.4	16.9	снег-в-тени	0.485	55.7	-3.0	-9.0	9.5	bbox	1144	100.0	100.0	100.0	1286,26,2,4	20.2			
1146	1146	0.946	рюкзак-синий	7.3	7.2	снег-в-тени	0.606	31.6	-1.0	-7.0	7.1	bbox	1145	40.0	40.0	40.0	849,969,2,3	20.1			
1147	1147	1.521	стакан-марка-красная	11.4	14.9	снег-освещённый	0.639	64.7	0.0	-2.0	2.0	bbox	1146	77.0	77.0	77.0	1824,247,3,2	20.1			
1148	1148	0.910	рюкзак-синий	7.3	0.8	снег-в-тени	0.391	38.0	-1.0	-7.0	7.1	bbox	1147	4.0	4.0	4.0	385,709,2,4	20.0			
1149	1149	1.413	рюкзак-синий	10.2	17.1	снег-в-тени	0.591	55.9	-1.0	-4.0	4.1	bbox	1148	40.0	40.0	40.0	1617,985,5,2	20.0			
1150	1150	1.178	рюкзак-синий	8.7	12.4	снег-в-тени	0.358	51.2	-1.0	-5.5	5.6	bbox	1149	76.0	76.0	76.0	1249,0,2,3	19.9			
1151	1151	1.019	рюкзак-синий	7.0	14.5	снег-в-тени	0.300	53.3	1.5	-7.0	7.2	bbox	1150	75.0	75.0	75.0	1049,224,2,3	19.8			
1152	1152	1.514	стакан-марка-красная	12.0	4.5	снег-розовый	0.946	54.3	-1.0	0.0	1.0	bbox	1151	77.0	77.0	77.0	907,579,3,2	19.8			
1153	1153	1.920	палка-древко-контроль	13.9	22.5	снег-освещённый	0.763	64.1	-4.5	-1.5	4.7	bbox	1152	44.0	44.0	44.0	1225,34,2,4	19.6			
1154	1154	1.406	стакан-марка-красная	11.1	6.3	снег-розовый	0.867	56.1	0.0	-0.5	0.5	bbox	1153	62.0	62.0	62.0	1720,974,3,2	19.3			
1155	1155	1.627	стакан-марка-красная	12.7	10.6	снег-освещённый	0.742	60.4	-1.5	-1.0	1.8	bbox	1154	77.0	77.0	77.0	923,173,2,4	19.3			
1156	1156	1.208	рюкзак-синий	9.7	1.2	снег-в-тени	0.562	40.0	-2.5	-5.0	5.6	bbox	1155	40.0	40.0	40.0	793,847,4,2	19.2			
1157	1157	1.389	стакан-марка-красная	11.1	1.6	снег-в-тени	0.946	51.4	0.0	-0.5	0.5	bbox	1156	75.0	75.0	75.0	1365,903,2,3	19.2			
1158	1158	1.629	стакан-марка-красная	12.0	17.5	снег-освещённый	0.484	67.3	-1.0	0.0	1.0	bbox	1157	62.0	62.0	62.0	1623,219,2,3	19.1			
1159	1159	0.839	рюкзак-синий	6.4	7.1	снег-в-тени	0.401	45.9	-3.0	-9.0	9.5	bbox	1158	12.0	12.0	12.0	5,1041,4,2	19.0			
1160	1160	0.885	рюкзак-синий	6.1	12.6	снег-в-тени	0.360	51.4	-2.5	-9.0	9.3	bbox	1159	16.0	16.0	16.0	1261,31,4,2	19.0			
1161	1161	0.801	рюкзак-синий	5.1	13.4	снег-в-тени	0.307	52.2	-1.5	-9.5	9.6	bbox	1160	16.0	16.0	16.0	1507,83,4,2	19.0			
1162	1162	1.829	стакан-марка-красная	13.5	19.4	снег-освещённый	0.454	69.2	-2.5	0.0	2.5	bbox	1161	71.0	71.0	71.0	381,138,2,3	18.7			
1163	1163	1.415	рюкзак-синий	9.0	23.9	снег-в-тени	0.667	62.7	-2.0	-5.5	5.9	bbox	1162	35.0	35.0	35.0	1867,423,4,2	18.6			
1164	1164	0.827	рюкзак-синий	5.4	13.4	снег-в-тени	0.349	52.2	-2.0	-9.5	9.7	bbox	1163	15.0	15.0	15.0	1013,103,4,2	18.5			
1165	1165	1.451	стакан-марка-красная	11.5	4.3	порода-в-тени	0.924	45.5	-0.5	0.0	0.5	bbox	1164	75.0	75.0	75.0	1277,115,2,3	18.5			
1166	1166	1.981	стакан-марка-красная	13.8	27.1	снег-освещённый	0.343	76.9	-2.5	-2.0	3.2	bbox	1165	71.0	71.0	71.0	233,509,2,4	18.4			
1167	1167	1.101	рюкзак-синий	6.2	21.9	порода-в-тени	0.904	16.9	-0.5	-8.0	8.0	bbox	1166	84.0	84.0	84.0	1646,827,3,2	18.4			
1168	1168	1.231	рюкзак-синий	8.2	18.8	снег-в-тени	0.449	57.6	-1.0	-6.0	6.1	bbox	1167	5.0	5.0	5.0	545,420,2,3	18.3			
1169	1169	0.869	рюкзак-синий	6.9	1.2	снег-в-тени	0.479	37.6	-2.5	-8.0	8.4	bbox	1168	38.0	38.0	38.0	1053,289,4,2	18.2			
1170	1170	0.851	рюкзак-синий	6.8	0.8	снег-в-тени	0.376	38.0	-1.0	-7.5	7.6	bbox	1169	9.0	9.0	9.0	1519,923,2,4	17.9			
1171	1171	1.635	рюкзак-синий	10.2	28.7	снег-освещённый	0.691	67.5	-1.0	-4.0	4.1	bbox	1170	51.0	51.0	51.0	695,903,4,2	17.9			
1172	1172	1.524	палка-древко-контроль	8.9	29.0	снег-пересвеченный	0.872	70.6	-4.0	-7.0	8.1	bbox	1171	12.0	12.0	12.0	925,353,4,2	17.5			
1173	1173	1.181	рюкзак-синий	8.5	14.1	снег-в-тени	0.398	52.9	-2.0	-6.0	6.3	bbox	1172	38.0	38.0	38.0	653,111,4,2	17.5			
1174	1174	0.775	рюкзак-синий	6.2	1.3	снег-в-тени	0.375	37.5	-0.5	-8.0	8.0	bbox	1173	84.0	84.0	84.0	1417,569,2,3	17.5			
1175	1175	2.032	стакан-марка-красная	15.1	20.8	снег-освещённый	0.538	70.6	-4.0	-1.0	4.1	bbox	1174	9.0	9.0	9.0	1439,523,2,3	17.4			
1176	1176	1.297	рюкзак-синий	9.8	11.4	снег-в-тени	0.537	50.2	-3.0	-5.0	5.8	bbox	1175	35.0	35.0	35.0	1785,697,2,4	17.4			
1177	1177	1.797	стакан-марка-красная	12.6	23.9	снег-освещённый	0.452	73.7	-1.0	-3.0	3.2	bbox	1176	51.0	51.0	51.0	1193,963,4,2	17.4			
1178	1178	1.025	рюкзак-синий	7.9	7.7	снег-в-тени	0.269	46.5	-1.5	-6.5	6.7	bbox	1177	38.0	38.0	38.0	369,573,4,2	17.3			
1179	1179	1.402	рюкзак-синий	11.0	7.4	порода-в-тени	0.638	31.4	1.5	-3.0	3.4	bbox	1178	60.0	60.0	60.0	153,1073,2,3	17.2			
1180	1180	1.224	рюкзак-синий	9.5	8.5	снег-в-тени	0.451	47.3	-2.0	-5.0	5.4	bbox	1179	35.0	35.0	35.0	1587,550,2,5	17.1			
1181	1181	1.701	палка-древко-контроль	13.3	9.4	снег-в-тени	0.983	51.0	-5.0	-2.0	5.4	bbox	1180	9.0	9.0	9.0	1699,423,3,2	16.8			
1182	1182	0.770	рюкзак-синий	4.0	16.3	снег-в-тени	0.645	55.1	-2.5	-12.0	12.3	bbox	1181	21.0	21.0	21.0	1043,945,6,2	16.6			
1183	1183	0.954	рюкзак-синий	7.6	0.4	снег-в-тени	0.488	39.2	-3.0	-7.5	8.1	bbox	1182	38.0	38.0	38.0	1095,187,2,4	16.6			
1184	1184	0.814	рюкзак-синий	6.5	1.6	снег-в-тени	0.324	40.4	-1.5	-8.0	8.1	bbox	1183	38.0	38.0	38.0	991,315,2,4	16.6			
1185	1185	1.108	рюкзак-синий	8.2	11.4	снег-в-тени	0.292	50.2	-1.0	-6.0	6.1	bbox	1184	19.0	19.0	19.0	1713,473,2,3	16.3			
1186	1186	1.860	рюкзак-синий	13.5	22.2	снег-освещённый	0.823	61.0	-4.0	-1.5	4.3	bbox	1185	35.0	35.0	35.0	157,609,4,2	16.2			
1187	1187	0.865	рюкзак-синий	6.7	5.9	снег-в-тени	0.273	44.7	-2.0	-8.0	8.2	bbox	1186	32.0	32.0	32.0	1763,159,4,2	16.1			
1188	1188	1.039	рюкзак-синий	8.1	7.1	снег-в-тени	0.401	45.9	-3.0	-7.0	7.6	bbox	1187	32.0	32.0	32.0	871,239,4,2	16.1			
1189	1189	0.926	рюкзак-синий	7.2	6.7	снег-в-тени	0.271	45.5	-2.0	-7.5	7.8	bbox	1188	32.0	32.0	32.0	1219,409,2,4	16.1			
1190	1190	1.267	рюкзак-синий	9.4	13.4	снег-в-тени	0.512	52.2	-3.0	-5.5	6.3	bbox	1189	38.0	38.0	38.0	627,737,3,2	15.8			
1191	1191	1.374	рюкзак-синий	10.6	10.2	снег-в-тени	0.591	49.0	-2.5	-4.0	4.7	bbox	1190	34.0	34.0	34.0	1245,551,4,2	15.6			
1192	1192	1.292	рюкзак-синий	10.0	9.6	снег-в-тени	0.504	48.4	-2.0	-4.5	4.9	bbox	1191	34.0	34.0	34.0	835,819,4,2	15.6			
1193	1193	1.278	рюкзак-синий	9.8	9.6	снег-в-тени	0.531	48.4	-3.0	-5.0	5.8	bbox	1192	35.0	35.0	35.0	1639,165,2,4	15.6			
1194	1194	1.288	рюкзак-синий	9.8	10.6	снег-в-тени	0.533	49.4	-3.0	-5.0	5.8	bbox	1193	35.0	35.0	35.0	1735,179,2,4	15.6			
1195	1195	1.282	рюкзак-синий	9.8	10.0	снег-в-тени	0.532	48.8	-3.0	-5.0	5.8	bbox	1194	35.0	35.0	35.0	389,561,4,2	15.6			
1196	1196	0.782	рюкзак-синий	5.0	13.2	снег-в-тени	0.551	52.0	-3.0	-11.0	11.4	bbox	1195	19.0	19.0	19.0	1871,209,2,3	15.5			
1197	1197	1.011	рюкзак-синий	6.4	17.3	снег-в-тени	0.494	56.1	-3.0	-9.0	9.5	bbox	1196	100.0	100.0	100.0	1582,457,2,3	15.0			
1198	1198	1.247	рюкзак-синий	9.5	10.8	снег-в-тени	0.455	49.6	-2.0	-5.0	5.4	bbox	1197	34.0	34.0	34.0	937,771,4,2	14.9			
1199	1199	0.972	рюкзак-синий	6.7	13.7	снег-в-тени	0.302	52.5	-2.0	-8.0	8.2	bbox	1198	19.0	19.0	19.0	1770,645,3,2	14.7			
1200	1200	1.247	рюкзак-синий	9.5	10.8	снег-в-тени	0.455	49.6	-2.0	-5.0	5.4	bbox	1199	35.0	35.0	35.0	1411,691,4,2	14.7			
1201	1201	1.595	рюкзак-синий	11.4	20.0	снег-в-тени	0.780	58.8	-2.0	-3.0	3.6	bbox	1200	34.0	34.0	34.0	51,78,2,3	14.5			
1202	1202	1.730	рюкзак-синий	12.6	19.6	снег-освещённый	0.874	58.4	-3.0	-2.0	3.6	bbox	1201	40.0	40.0	40.0	685,303,4,2	14.5			
1203	1203	1.587	стакан-марка-красная	12.1	13.5	снег-освещённый	0.627	63.3	-1.0	-0.5	1.1	bbox	1202	71.0	71.0	71.0	220,383,3,2	14.5			
1204	1204	0.721	рюкзак-синий	4.5	12.8	снег-в-тени	0.639	51.6	-3.0	-12.0	12.4	bbox	1203	21.0	21.0	21.0	467,381,4,2	14.4			
1205	1205	0.641	рюкзак-синий	3.2	14.1	снег-в-тени	0.698	52.9	-2.0	-13.0	13.2	bbox	1204	20.0	20.0	20.0	1903,315,2,3	13.7			
1206	1206	1.480	рюкзак-синий	11.1	14.7	снег-в-тени	0.675	53.5	-2.5	-3.5	4.3	bbox	1205	43.0	43.0	43.0	1361,23,4,2	13.7			
1207	1207	1.206	рюкзак-синий	8.9	13.4	снег-в-тени	0.396	52.2	-1.5	-5.5	5.7	bbox	1206	43.0	43.0	43.0	1845,163,4,2	13.7			
1208	1208	1.662	рюкзак-синий	12.6	14.3	снег-в-тени	0.860	53.1	-3.0	-2.0	3.6	bbox	1207	43.0	43.0	43.0	1535,1005,2,4	13.7			
1209	1209	1.527	рюкзак-синий	11.4	15.3	снег-в-тени	0.710	54.1	-2.0	-3.0	3.6	bbox	1208	43.0	43.0	43.0	725,1071,4,2	13.7			
1210	1210	1.569	рюкзак-синий	9.7	27.9	снег-освещённый	0.756	66.7	-1.0	-4.5	4.6	bbox	1209	51.0	51.0	51.0	143,859,3,2	13.6			
1211	1211	1.836	рюкзак-синий	13.0	23.9	снег-освещённый	0.787	62.7	-4.0	-2.0	4.5	bbox	1210	35.0	35.0	35.0	1564,481,3,2	13.5			
1212	1212	1.709	стакан-марка-красная	12.7	18.0	снег-освещённый	0.483	67.8	-1.5	-1.0	1.8	bbox	1211	60.0	60.0	60.0	462,991,3,2	13.1			
1213	1213	1.349	рюкзак-синий	8.7	22.2	снег-в-тени	0.618	61.0	-2.5	-6.0	6.5	bbox	1212	9.0	9.0	9.0	1433,92,2,3	12.2			
1214	1214	1.334	рюкзак-синий	8.5	22.4	снег-в-тени	0.594	61.2	-2.0	-6.0	6.3	bbox	1213	9.0	9.0	9.0	1758,131,3,2	12.2			
1215	1215	1.866	рюкзак-синий	13.5	22.6	снег-освещённый	0.811	61.4	-4.0	-1.5	4.3	bbox	1214	43.0	43.0	43.0	731,94,2,3	11.9			
1216	1216	1.716	рюкзак-синий	12.6	18.7	снег-освещённый	0.906	57.5	-3.0	-2.0	3.6	bbox	1215	34.0	34.0	34.0	1587,89,3,2	11.4			
1217	1217	1.610	рюкзак-синий	11.7	18.8	снег-в-тени	0.809	57.6	-3.0	-3.0	4.2	bbox	1216	34.0	34.0	34.0	1585,0,2,3	10.5			
1218	1218	0.789	рюкзак-синий	5.1	12.8	снег-в-тени	0.633	51.6	-3.5	-11.5	12.0	bbox	1217	20.0	20.0	20.0	1835,31,3,2	10.3			
1219	1219	0.593	рюкзак-синий	3.2	12.4	снег-в-тени	0.684	51.2	-2.0	-13.0	13.2	bbox	1218	20.0	20.0	20.0	1610,39,3,2	10.3			
1220	1220	1.855	палка-древко-контроль	13.3	22.7	снег-освещённый	0.812	64.3	-5.0	-2.0	5.4	bbox	1219	43.0	43.0	43.0	1177,433,3,2	10.1			
1221	1221	1.339	рюкзак-синий	10.0	13.7	снег-в-тени	0.532	52.5	-2.0	-4.5	4.9	bbox	1220	43.0	43.0	43.0	1557,45,2,3	9.4			
