ранг	ранг_в_группе	расстояние	сигнатура	d_ab	d_L	ловушка	d_ловушки	L	a	b	C	цвет_измерен	track	t_best	t0	t1	bbox	score	lat	lon	alt
1	1	1.130	рюкзак-синий	9.0	3.1	снег-в-тени	0.586	35.7	1.0	-5.0	5.1	bbox	0	5.0	5.0	5.0	942,449,173,166	30188.6	39.4832997	73.5853335	4674.5
2	2	1.012	рюкзак-синий	8.1	2.7	снег-в-тени	0.488	36.1	0.0	-6.0	6.0	bbox	1	6.0	6.0	6.0	943,448,188,167	27480.8	39.4833003	73.5853336	4674.5
3	3	1.424	крышка-контроль	10.8	12.5	снег-пересвеченный	2.004	54.9	-16.0	0.0	16.0	bbox	2	18.0	17.0	18.0	907,441,188,118	25099.4	39.4833056	73.5853336	4674.5
4	4	0.593	рюкзак-синий	4.1	8.2	снег-в-тени	1.393	30.6	0.0	-18.0	18.0	bbox	3	28.0	27.0	30.0	885,501,204,144	24106.9	39.4833086	73.5853338	4674.5
5	5	1.435	крышка-бирюзовая	11.4	4.7	снег-пересвеченный	1.918	58.8	-16.0	0.0	16.0	bbox	4	20.0	19.0	23.0	896,309,227,136	20709.2	39.4833066	73.5853337	4674.5
6	6	1.649	палка-древко-контроль	13.0	7.8	снег-в-тени	1.251	49.4	-8.0	-2.0	8.2	bbox	5	17.0	17.0	17.0	933,471,134,81	19376.6	39.4833051	73.5853334	4674.5
7	7	0.392	стакан-марка-красная	1.4	9.8	порода-охристая	1.382	40.0	10.0	0.0	10.0	bbox	6	25.0	24.0	29.0	1267,973,104,96	19181.9	39.4833079	73.5853333	4674.5
8	8	1.656	крышка-контроль	13.0	8.2	порода-в-тени	1.563	50.6	-11.0	-2.0	11.2	bbox	7	25.0	24.0	26.0	969,497,124,74	18565.3	39.4833079	73.5853333	4674.5
9	9	1.376	палка-древко-контроль	11.0	1.5	снег-в-тени	1.130	43.1	-8.0	-4.0	8.9	bbox	8	16.0	16.0	18.0	985,468,120,83	17747.2	39.4833046	73.5853334	4674.5
10	10	0.724	рюкзак-синий	5.4	7.4	снег-в-тени	1.076	31.4	6.0	-12.0	13.4	bbox	9	21.0	19.0	23.0	692,593,163,87	17180.8	39.4833070	73.5853337	4674.5
11	11	1.001	рюкзак-синий	8.0	1.2	снег-в-тени	0.395	40.0	1.0	-6.0	6.1	bbox	10	57.1	53.1	65.1	913,737,98,74	17050.7	39.4830260	73.5859845	4674.5
12	12	0.452	стакан-марка-красная	1.0	12.2	порода-охристая	1.257	37.6	10.0	1.0	10.0	bbox	11	17.0	16.0	18.0	1233,951,101,98	16461.8	39.4833051	73.5853334	4674.5
13	13	0.737	стакан-марка-красная	5.8	3.1	порода-охристая	0.786	46.7	8.0	6.0	10.0	bbox	12	22.0	19.0	22.0	1609,985,178,64	14746.8	39.4833074	73.5853335	4674.5
14	14	1.651	крышка-контроль	13.0	7.4	порода-в-тени	1.544	49.8	-11.0	-2.0	11.2	bbox	13	27.0	24.0	27.0	1001,473,106,56	14546.8	39.4833086	73.5853338	4674.5
15	15	0.320	рюкзак-синий	2.2	4.3	снег-в-тени	1.014	43.1	0.0	-16.0	16.0	bbox	14	29.0	29.0	29.0	933,529,84,56	14410.0	39.4833087	73.5853337	4674.5
16	16	0.563	стакан-марка-красная	2.0	14.1	порода-охристая	1.278	35.7	13.0	1.0	13.0	bbox	15	27.0	27.0	27.0	1023,773,34,190	14014.7	39.4833086	73.5853338	4674.5
17	17	0.985	рюкзак-синий	7.6	7.0	снег-в-тени	1.610	31.8	8.0	-17.0	18.8	bbox	16	18.0	16.0	18.0	716,598,137,75	13351.7	39.4833056	73.5853336	4674.5
18	18	0.680	рюкзак-синий	5.1	6.6	снег-в-тени	0.572	32.2	0.0	-9.0	9.0	bbox	17	4.0	4.0	4.0	948,477,81,68	13235.7	39.4832992	73.5853335	4674.5
19	19	0.800	стакан-марка-красная	6.4	0.0	порода-охристая	0.898	49.8	7.0	6.0	9.2	bbox	18	18.0	18.0	18.0	1449,839,156,48	12083.9	39.4833056	73.5853336	4674.5
20	20	1.027	стакан-марка-красная	8.1	5.5	порода-охристая	0.350	44.3	12.0	9.0	15.0	bbox	19	328.4	328.4	331.4	883,618,129,81	11636.9	39.4828674	73.5863155	4663.6
21	21	0.674	рюкзак-синий	5.0	7.1	снег-в-тени	0.360	45.9	-2.0	-10.0	10.2	bbox	20	7.0	7.0	7.0	1017,391,140,86	11346.5	39.4833010	73.5853334	4674.5
22	22	1.068	палка-древко-контроль	8.5	0.0	снег-в-тени	1.989	41.6	-5.0	-23.0	23.5	bbox	21	9.0	8.0	15.0	929,349,127,68	10716.0	39.4833020	73.5853335	4674.5
23	23	0.628	рюкзак-синий	5.0	1.6	снег-в-тени	1.215	40.4	-3.0	-17.0	17.3	bbox	22	13.0	10.0	15.0	945,398,96,81	10024.2	39.4833037	73.5853335	4674.5
24	24	1.215	рюкзак-синий	9.5	7.4	снег-в-тени	1.781	31.4	10.0	-17.0	19.7	bbox	23	23.0	23.0	23.0	818,684,85,58	9980.7	39.4833076	73.5853335	4674.5
25	25	1.014	стакан-марка-красная	8.1	3.1	порода-охристая	0.407	46.7	12.0	9.0	15.0	bbox	24	330.4	328.4	331.4	897,661,104,80	9745.8	39.4828666	73.5863150	4663.6
26	26	1.306	стакан-марка-красная	8.0	23.5	порода-охристая	1.658	26.3	19.0	1.0	19.0	bbox	25	24.0	24.0	26.0	985,949,33,131	9593.4	39.4833078	73.5853334	4674.5
27	27	1.176	рюкзак-синий	7.0	22.0	снег-в-тени	0.496	60.8	1.0	-7.0	7.1	bbox	26	448.5	448.5	448.5	775,704,54,129	9345.6	39.4828746	73.5863141	4663.7
28	28	0.792	рюкзак-синий	6.3	1.5	снег-в-тени	1.552	37.3	-1.0	-20.0	20.0	bbox	27	27.0	23.0	29.0	885,547,105,83	8643.9	39.4833086	73.5853338	4674.5
29	29	0.640	стакан-марка-красная	5.0	3.9	порода-охристая	1.043	45.9	7.0	4.0	8.1	bbox	28	23.0	23.0	23.0	1373,861,116,48	8534.6	39.4833076	73.5853335	4674.5
30	30	0.810	палка-древко-контроль	6.4	3.6	снег-в-тени	1.619	38.0	-4.0	-20.0	20.4	bbox	29	285.3	284.3	314.4	724,726,85,71	8154.0	39.4828638	73.5863197	4674.5
31	31	1.340	рюкзак-синий	8.1	24.7	снег-в-тени	0.664	63.5	2.0	-6.0	6.3	bbox	30	447.5	443.5	447.5	699,870,58,147	7905.9	39.4828747	73.5863144	4663.7
32	32	1.042	стакан-марка-красная	8.2	4.3	снег-розовый	0.857	54.1	3.0	3.0	4.2	bbox	31	347.4	344.4	348.4	599,777,132,86	7832.9	39.4828708	73.5863153	4663.6
33	33	1.381	крышка-бирюзовая	11.0	0.4	снег-пересвеченный	2.958	53.7	-24.0	4.0	24.3	bbox	32	21.0	19.0	21.0	919,497,174,58	7271.7	39.4833070	73.5853337	4674.5
34	34	0.751	стакан-марка-красная	4.1	15.3	порода-охристая	0.773	34.5	10.0	5.0	11.2	bbox	33	357.4	357.4	361.4	139,491,94,49	7258.2	39.4828720	73.5863141	4663.6
35	35	0.665	стакан-марка-красная	4.1	11.8	порода-охристая	0.760	38.0	10.0	5.0	11.2	bbox	34	347.4	344.4	348.4	217,553,91,50	7215.0	39.4828708	73.5863153	4663.6
36	36	0.365	палка-ручка-пробка	2.0	7.5	лишайник-жёлтый-на-камне	0.633	68.2	5.0	21.0	21.6	bbox	35	448.5	447.5	448.5	979,129,118,135	7177.6	39.4828746	73.5863141	4663.7
37	37	0.601	стакан-марка-красная	2.2	14.9	порода-охристая	1.403	34.9	9.0	0.0	9.0	bbox	36	14.0	8.0	15.0	961,617,28,120	7102.3	39.4833041	73.5853333	4674.6
38	38	0.716	стакан-марка-красная	5.7	3.1	порода-охристая	0.949	46.7	7.0	5.0	8.6	bbox	37	5.0	5.0	5.0	167,664,90,59	7065.5	39.4832997	73.5853335	4674.5
39	39	0.765	стакан-марка-красная	6.1	2.4	снег-розовый	0.983	52.2	5.0	2.0	5.4	bbox	38	357.4	356.4	363.4	523,721,128,76	7007.7	39.4828720	73.5863141	4663.6
40	40	0.709	стакан-марка-красная	3.0	16.9	порода-охристая	1.320	32.9	8.0	1.0	8.1	bbox	39	12.0	8.0	15.0	1105,633,52,54	6684.6	39.4833033	73.5853336	4674.5
41	41	1.958	стакан-марка-красная	15.7	2.0	порода-охристая	1.063	47.8	18.0	15.0	23.4	bbox	40	341.4	340.4	342.4	1124,641,59,58	6609.1	39.4828690	73.5863158	4663.6
42	42	0.862	рюкзак-синий	6.4	9.0	снег-в-тени	1.593	29.8	6.0	-18.0	19.0	bbox	41	24.0	24.0	26.0	865,641,64,58	6543.4	39.4833078	73.5853334	4674.5
43	43	0.655	стакан-марка-красная	5.0	5.5	порода-охристая	0.865	44.3	8.0	5.0	9.4	bbox	42	24.0	24.0	26.0	1283,797,94,30	6522.8	39.4833078	73.5853334	4674.5
44	44	1.725	палка-древко-контроль	13.6	8.2	снег-в-тени	2.551	49.8	-4.0	-28.0	28.3	bbox	43	26.0	24.0	26.0	1231,433,61,122	6487.4	39.4833083	73.5853335	4674.5
45	45	0.586	рюкзак-синий	4.1	7.8	снег-в-тени	0.945	31.0	-3.0	-13.0	13.3	bbox	44	283.3	283.3	285.3	724,739,61,62	6481.7	39.4828637	73.5863203	4674.5
46	46	0.798	стакан-марка-красная	6.3	3.1	порода-охристая	0.763	52.9	9.0	7.0	11.4	bbox	45	6.0	6.0	6.0	99,681,82,56	6434.2	39.4833003	73.5853336	4674.5
47	47	0.792	стакан-марка-красная	4.2	16.5	порода-охристая	0.969	33.3	8.0	4.0	8.9	bbox	46	332.4	332.4	336.4	935,621,81,49	6308.5	39.4828660	73.5863148	4663.6
48	48	1.313	стакан-марка-красная	10.3	7.1	порода-охристая	1.570	42.7	21.0	3.5	21.3	bbox	47	17.0	16.0	17.0	969,993,30,87	6168.8	39.4833051	73.5853334	4674.5
49	49	0.889	стакан-марка-красная	6.7	8.2	порода-охристая	1.158	41.6	5.0	4.0	6.4	bbox	48	28.0	28.0	28.0	0,749,49,76	6114.5	39.4833086	73.5853338	4674.5
50	50	0.570	стакан-марка-красная	4.5	3.1	снег-розовый	1.087	52.9	7.0	3.0	7.6	bbox	49	349.4	349.4	349.4	61,973,64,46	6012.1	39.4828708	73.5863154	4663.6
51	51	1.226	стакан-марка-красная	8.5	16.9	порода-охристая	1.106	66.7	14.0	9.0	16.6	bbox	50	447.5	447.5	447.5	281,971,80,35	5985.8	39.4828747	73.5863144	4663.7
52	52	0.375	палка-ручка-пробка	2.8	3.5	лишайник-жёлтый-на-камне	1.121	79.2	3.0	25.0	25.2	bbox	51	446.5	446.5	446.5	899,401,94,88	5891.9	39.4828750	73.5863145	4663.6
53	53	0.491	рюкзак-синий	3.6	5.5	снег-в-тени	1.244	33.3	-1.0	-17.0	17.0	bbox	52	11.0	8.0	15.0	881,439,74,81	5823.1	39.4833028	73.5853337	4674.5
54	54	0.869	стакан-марка-красная	4.1	19.6	порода-охристая	0.815	30.2	10.0	5.0	11.2	bbox	53	337.4	337.4	337.4	607,349,82,44	5812.0	39.4828673	73.5863164	4663.6
55	55	0.484	стакан-марка-красная	3.2	7.8	порода-охристая	1.431	42.0	14.0	0.0	14.0	bbox	54	27.0	25.0	35.0	1137,893,26,87	5735.3	39.4833086	73.5853338	4674.5
56	56	0.861	рюкзак-синий	6.7	5.5	снег-в-тени	1.663	33.3	4.0	-20.0	20.4	bbox	55	16.0	16.0	16.0	891,561,80,48	5704.3	39.4833046	73.5853334	4674.5
57	57	1.010	стакан-марка-красная	8.1	2.0	порода-охристая	0.438	47.8	12.0	9.0	15.0	bbox	56	339.4	338.4	343.4	198,97,97,76	5682.1	39.4828684	73.5863161	4663.6
58	58	0.925	палка-ручка-пробка	7.3	4.7	лишайник-жёлтый-на-камне	0.734	71.0	-2.0	21.0	21.1	bbox	57	447.5	447.5	447.5	673,33,112,40	5628.6	39.4828747	73.5863144	4663.7
59	59	1.673	палка-древко-контроль	13.2	8.6	снег-в-тени	2.611	50.2	-6.0	-28.0	28.6	bbox	58	16.0	16.0	17.0	1204,477,56,86	5601.1	39.4833046	73.5853334	4674.5
60	60	0.562	рюкзак-синий	3.6	9.4	снег-в-тени	0.767	29.4	-1.0	-11.0	11.0	bbox	59	292.3	287.3	310.4	905,101,50,39	5539.0	39.4828641	73.5863205	4669.7
61	61	0.623	рюкзак-синий	4.1	9.8	снег-в-тени	0.716	29.0	0.0	-10.0	10.0	bbox	60	52.1	52.1	52.1	865,689,63,44	5510.1	39.4830257	73.5859852	4674.5
62	62	1.111	палка-древко-контроль	8.6	7.8	снег-в-тени	1.791	49.4	-3.0	-22.0	22.2	bbox	61	11.0	8.0	15.0	1057,369,64,84	5356.1	39.4833028	73.5853337	4674.5
63	63	0.985	стакан-марка-красная	7.1	12.2	порода-охристая	1.630	37.6	18.0	0.0	18.0	bbox	62	16.0	16.0	17.0	1151,969,28,100	5325.8	39.4833046	73.5853334	4674.5
64	64	1.187	стакан-марка-красная	9.5	1.2	порода-охристая	0.538	48.6	14.0	10.0	17.2	bbox	63	340.4	340.4	342.4	1086,622,53,51	5240.4	39.4828689	73.5863160	4663.6
65	65	1.655	стакан-марка-красная	5.4	42.3	порода-охристая	1.616	7.5	16.0	3.0	16.3	bbox	64	23.0	23.0	27.0	1147,1025,46,55	5202.0	39.4833076	73.5853335	4674.5
66	66	0.988	палка-ручка-пробка	7.8	4.3	лишайник-жёлтый-на-камне	0.326	71.4	0.0	17.0	17.0	bbox	65	316.4	316.4	324.4	1460,439,49,37	5195.8	39.4828677	73.5863171	4663.6
67	67	0.488	рюкзак-синий	1.8	12.1	снег-в-тени	0.974	26.7	2.0	-12.5	12.7	bbox	66	0.0	0.0	5.0	857,347,48,38	5088.7	39.4832959	73.5853336	4674.5
68	68	1.994	стакан-марка-красная	13.4	30.2	снег-розовый	0.734	80.0	-1.0	7.0	7.1	bbox	67	429.5	429.5	444.5	847,1013,56,64	4998.3	39.4828748	73.5863147	4663.6
69	69	0.956	стакан-марка-красная	7.6	2.4	порода-охристая	0.723	52.2	8.0	8.0	11.3	bbox	68	17.0	16.0	17.0	1263,719,86,26	4969.8	39.4833051	73.5853334	4674.5
70	70	0.801	стакан-марка-красная	6.3	3.5	снег-розовый	1.187	46.3	5.0	3.0	5.8	bbox	69	346.4	344.4	348.4	657,749,85,56	4763.2	39.4828707	73.5863151	4663.6
71	71	1.067	палка-ручка-пробка	8.1	9.8	лишайник-жёлтый-на-камне	0.177	65.9	1.0	16.0	16.0	bbox	70	423.5	423.5	424.5	905,389,42,100	4754.4	39.4828740	73.5863158	4663.6
72	72	0.468	палка-ручка-пробка	3.6	3.5	лишайник-жёлтый-на-камне	0.629	79.2	3.0	20.0	20.2	bbox	71	449.5	449.5	449.5	939,375,74,106	4742.0	39.4828744	73.5863139	4663.6
73	73	1.163	стакан-марка-красная	5.0	27.4	порода-охристая	1.794	22.4	15.0	-2.0	15.1	bbox	72	27.0	24.0	29.0	1145,809,20,72	4739.0	39.4833086	73.5853338	4674.5
74	74	0.626	стакан-марка-красная	5.0	1.2	порода-охристая	1.103	51.0	7.0	4.0	8.1	bbox	73	65.1	60.1	66.1	273,865,37,62	4710.2	39.4830256	73.5859838	4674.5
75	75	0.798	стакан-марка-красная	6.3	3.1	снег-розовый	1.173	46.7	5.0	3.0	5.8	bbox	74	359.4	358.4	362.4	725,505,85,60	4697.6	39.4828724	73.5863145	4663.6
76	76	1.660	стакан-марка-красная	11.2	25.1	порода-охристая	2.093	24.7	22.0	-1.0	22.0	bbox	75	17.0	16.0	17.0	967,869,30,87	4668.9	39.4833051	73.5853334	4674.5
77	77	1.339	стакан-марка-красная	10.0	12.9	порода-охристая	0.878	62.7	12.0	11.0	16.3	bbox	76	341.4	341.4	347.4	1237,707,66,88	4668.2	39.4828690	73.5863158	4663.6
78	78	0.870	стакан-марка-красная	6.3	10.2	порода-в-тени	1.219	39.6	5.0	3.0	5.8	bbox	77	337.4	337.4	337.4	987,577,77,56	4581.8	39.4828673	73.5863164	4663.6
79	79	1.835	палка-ручка-пробка	14.6	6.7	снег-розовый	0.900	82.4	1.0	9.0	9.1	bbox	78	452.5	446.5	457.5	689,473,48,60	4562.4	39.4828742	73.5863141	4663.6
80	80	1.123	стакан-марка-красная	7.3	18.4	порода-охристая	1.352	31.4	18.0	3.0	18.2	bbox	79	20.0	19.0	22.0	593,511,42,34	4540.3	39.4833066	73.5853337	4674.5
81	81	1.510	палка-ручка-пробка	12.1	0.4	лишайник-жёлтый-на-камне	0.759	75.3	0.0	12.0	12.0	bbox	80	470.5	457.5	478.5	457,329,36,68	4539.0	39.4828727	73.5863137	4663.6
82	82	0.919	рюкзак-синий	7.3	3.5	снег-в-тени	1.690	35.3	-1.0	-21.0	21.0	bbox	81	284.3	282.3	285.3	673,777,56,65	4466.8	39.4828637	73.5863200	4674.5
83	83	0.798	стакан-марка-красная	6.3	3.1	порода-охристая	0.632	46.7	9.0	7.0	11.4	bbox	82	356.4	356.4	356.4	47,1012,60,37	4456.5	39.4828718	73.5863142	4663.6
84	84	0.923	рюкзак-синий	7.1	7.4	снег-в-тени	1.728	31.4	0.0	-21.0	21.0	bbox	83	7.0	7.0	7.0	977,459,55,64	4394.8	39.4833010	73.5853334	4674.5
85	85	1.071	стакан-марка-красная	7.6	13.7	порода-охристая	0.537	36.1	8.0	8.0	11.3	bbox	84	471.5	461.5	478.5	1025,423,60,32	4354.2	39.4828725	73.5863134	4663.6
86	86	1.010	рюкзак-синий	7.6	9.4	снег-в-тени	1.644	48.2	-2.0	-21.0	21.1	bbox	85	285.3	283.3	295.3	795,701,60,76	4317.1	39.4828638	73.5863197	4674.5
87	87	1.488	палка-древко-бирюзовое	8.1	30.6	снег-пересвеченный	1.260	83.1	-8.0	-12.0	14.4	bbox	86	21.0	19.0	22.0	1379,541,52,75	4282.3	39.4833070	73.5853337	4674.5
88	88	1.447	палка-древко-контроль	1.0	40.4	снег-пересвеченный	1.577	82.0	-7.0	-15.0	16.6	bbox	87	18.0	18.0	18.0	1286,546,47,58	4217.6	39.4833056	73.5853336	4674.5
89	89	1.157	стакан-марка-красная	7.6	18.4	порода-в-тени	1.052	31.4	4.0	4.0	5.7	bbox	88	349.4	349.4	349.4	189,1037,78,43	4209.0	39.4828708	73.5863154	4663.6
90	90	1.684	палка-древко-контроль	13.3	6.6	снег-в-тени	2.577	48.2	-5.0	-28.0	28.4	bbox	89	15.0	8.0	15.0	1063,463,64,81	4208.5	39.4833044	73.5853333	4674.5
91	91	1.281	рюкзак-синий	10.0	7.0	снег-в-тени	2.080	31.8	0.0	-24.0	24.0	bbox	90	283.3	283.3	285.3	677,781,56,52	4202.3	39.4828637	73.5863203	4674.5
92	92	1.042	стакан-марка-красная	8.2	4.3	порода-охристая	0.663	54.1	13.0	9.0	15.8	bbox	91	340.4	340.4	340.4	1159,661,46,64	4161.9	39.4828689	73.5863160	4663.6
93	93	1.435	палка-ручка-пробка	10.2	18.4	корка-жёлтая-на-скале	0.563	57.3	3.0	13.0	13.3	bbox	92	82.1	73.1	84.1	833,957,69,66	4099.5	39.4830246	73.5859805	4674.5
94	94	1.074	стакан-марка-красная	8.5	3.1	снег-розовый	1.140	46.7	3.0	4.0	5.0	bbox	93	332.4	332.4	332.4	1317,857,76,54	4079.3	39.4828660	73.5863148	4663.6
95	95	1.174	палка-ручка-пробка	9.2	6.3	лишайник-жёлтый-на-камне	0.772	82.0	-2.0	17.0	17.1	bbox	94	425.5	425.5	425.5	871,345,50,64	4062.7	39.4828740	73.5863154	4663.6
96	96	1.769	стакан-марка-красная	11.7	27.8	снег-в-тени	2.105	22.0	15.0	-10.0	18.0	bbox	95	16.0	16.0	16.0	1014,825,35,72	4035.6	39.4833046	73.5853334	4674.5
97	97	1.052	стакан-марка-красная	7.6	12.5	порода-в-тени	0.970	37.3	4.0	-2.0	4.5	bbox	96	283.3	283.3	285.3	743,902,34,91	3979.6	39.4828637	73.5863203	4674.5
98	98	1.827	стакан-марка-красная	13.0	23.1	корка-жёлтая-на-скале	1.156	26.7	0.0	8.0	8.0	bbox	97	145.2	141.2	145.2	1809,785,32,56	3973.6	39.4829347	73.5861790	4674.4
99	99	0.708	рюкзак-синий	3.2	16.4	снег-в-тени	1.468	22.4	2.0	-17.0	17.1	bbox	98	19.0	19.0	23.0	229,889,49,160	3962.8	39.4833061	73.5853336	4674.5
100	100	1.825	рюкзак-синий	13.3	20.8	порода-в-тени	0.084	18.0	-2.0	-1.0	2.2	bbox	99	276.3	275.3	277.3	1857,172,44,38	3953.1	39.4828629	73.5863209	4674.5
101	101	0.584	стакан-марка-красная	4.5	4.7	снег-в-тени	1.241	45.1	7.0	-1.0	7.1	bbox	100	416.5	416.5	416.5	789,897,42,72	3917.7	39.4828738	73.5863174	4663.6
102	102	1.209	стакан-марка-красная	5.7	27.4	порода-охристая	1.908	22.4	15.0	-3.0	15.3	bbox	101	16.0	16.0	16.0	1157,891,24,63	3877.3	39.4833046	73.5853334	4674.5
103	103	1.165	палка-ручка-пробка	9.2	4.7	лишайник-жёлтый-на-камне	0.663	80.4	-1.0	16.0	16.0	bbox	102	422.5	421.5	422.5	931,461,42,58	3808.6	39.4828741	73.5863160	4663.6
104	104	1.304	стакан-марка-красная	10.0	9.8	порода-охристая	1.683	40.0	21.0	2.0	21.1	bbox	103	25.0	25.0	26.0	1003,1011,28,69	3800.2	39.4833079	73.5853333	4674.5
105	105	0.909	стакан-марка-красная	7.1	5.9	порода-охристая	1.078	55.7	16.0	6.0	17.1	bbox	104	448.5	445.5	448.5	393,789,64,24	3792.7	39.4828746	73.5863141	4663.7
106	106	1.611	рюкзак-синий	12.0	16.1	порода-в-тени	0.292	22.7	0.0	-2.0	2.0	bbox	105	171.2	171.2	173.2	239,0,45,49	3750.4	39.4829301	73.5861779	4674.5
107	107	2.027	стакан-марка-красная	11.0	41.6	порода-в-тени	0.517	8.2	0.0	0.0	0.0	bbox	106	175.2	173.2	182.2	0,217,86,64	3738.6	39.4829306	73.5861779	4674.5
108	108	1.057	стакан-марка-красная	4.5	25.1	снег-розовый	1.080	74.9	9.0	-3.0	9.5	bbox	107	448.5	447.5	451.5	1771,508,54,37	3734.6	39.4828746	73.5863141	4663.7
109	109	1.231	стакан-марка-красная	8.2	18.8	порода-в-тени	0.730	31.0	3.0	-1.0	3.2	bbox	108	285.3	285.3	285.3	801,905,18,92	3691.0	39.4828638	73.5863197	4674.5
110	110	1.464	стакан-марка-красная	11.7	3.9	порода-охристая	0.796	45.9	17.0	11.0	20.2	bbox	109	327.4	327.4	327.4	960,593,53,36	3644.4	39.4828676	73.5863155	4663.6
111	111	1.198	стакан-марка-красная	5.0	28.6	порода-охристая	1.892	21.2	14.0	-3.0	14.3	bbox	110	17.0	17.0	17.0	1114,929,29,70	3638.1	39.4833051	73.5853334	4674.5
112	112	1.587	палка-древко-контроль	12.0	14.1	снег-в-тени	2.547	55.7	-7.0	-27.0	27.9	bbox	111	25.0	24.0	25.0	1196,537,37,61	3614.4	39.4833079	73.5853333	4674.5
113	113	0.806	стакан-марка-красная	6.4	2.7	снег-розовый	1.091	52.5	6.0	5.0	7.8	bbox	112	53.1	52.1	63.1	337,705,48,42	3591.0	39.4830259	73.5859849	4674.5
114	114	1.356	стакан-марка-красная	9.2	20.0	порода-в-тени	0.602	29.8	2.0	-1.0	2.2	bbox	113	284.3	283.3	285.3	801,901,20,92	3550.1	39.4828637	73.5863200	4674.5
115	115	1.730	стакан-марка-красная	13.0	16.3	снег-розовый	0.891	66.1	0.0	8.0	8.0	bbox	114	119.1	105.1	120.1	1861,875,43,50	3523.8	39.4829346	73.5861801	4674.4
116	116	0.574	стакан-марка-красная	1.0	15.7	порода-охристая	1.383	34.1	11.0	0.0	11.0	bbox	115	7.0	5.0	7.0	1041,551,16,90	3496.0	39.4833010	73.5853334	4674.5
117	117	1.589	стакан-марка-красная	1.1	44.3	порода-охристая	1.628	5.5	11.5	2.0	11.7	bbox	116	26.0	24.0	30.0	1165,805,36,49	3455.7	39.4833083	73.5853335	4674.5
118	118	1.693	стакан-марка-красная	13.5	5.5	корка-жёлтая-на-скале	0.691	55.3	1.0	10.0	10.0	bbox	117	446.5	446.5	446.5	1603,715,74,32	3450.9	39.4828750	73.5863145	4663.6
119	119	1.889	стакан-марка-красная	15.0	6.5	корка-жёлтая-на-скале	0.657	43.3	-1.0	10.0	10.0	bbox	118	131.1	121.1	132.2	1497,967,48,42	3439.1	39.4829333	73.5861800	4674.5
120	120	1.662	стакан-марка-красная	13.0	9.8	порода-охристая	1.013	59.6	16.0	13.0	20.6	bbox	119	343.4	343.4	343.4	313,239,45,50	3433.9	39.4828696	73.5863155	4663.6
121	121	0.560	стакан-марка-красная	1.0	15.3	порода-охристая	1.264	34.5	10.0	1.0	10.0	bbox	120	7.0	7.0	7.0	1137,585,36,36	3423.6	39.4833010	73.5853334	4674.5
122	122	1.181	палка-ручка-пробка	9.4	1.9	лишайник-жёлтый-на-камне	0.560	77.6	0.0	15.0	15.0	bbox	121	385.4	385.4	391.4	1137,98,38,47	3382.0	39.4828781	73.5863205	4663.5
123	123	1.825	рюкзак-синий	13.3	20.8	порода-в-тени	0.084	18.0	-2.0	-1.0	2.2	bbox	122	277.3	276.3	278.3	1849,164,44,37	3369.2	39.4828629	73.5863208	4674.5
124	124	1.346	палка-ручка-пробка	10.3	11.0	лишайник-жёлтый-на-камне	0.452	64.7	0.0	14.0	14.0	bbox	123	12.0	8.0	15.0	1637,172,60,37	3301.3	39.4833033	73.5853336	4674.5
125	125	1.352	палка-ручка-пробка	10.6	7.0	лишайник-жёлтый-на-камне	0.832	82.7	-2.0	15.0	15.1	bbox	124	426.5	425.5	432.5	925,457,36,52	3296.0	39.4828741	73.5863152	4663.6
126	126	0.711	стакан-марка-красная	5.3	7.1	порода-охристая	0.967	42.7	7.0	4.5	8.3	bbox	125	27.0	27.0	27.0	1257,661,80,22	3291.2	39.4833086	73.5853338	4674.5
127	127	0.916	стакан-марка-красная	5.1	18.4	порода-охристая	1.311	31.4	16.0	2.0	16.1	bbox	126	18.0	18.0	18.0	649,609,40,29	3266.6	39.4833056	73.5853336	4674.5
128	128	1.127	рюкзак-синий	9.0	1.2	снег-в-тени	1.534	37.6	10.0	-14.5	17.6	bbox	127	22.0	19.0	23.0	1167,605,52,28	3262.5	39.4833074	73.5853335	4674.5
129	129	0.681	стакан-марка-красная	5.4	2.9	снег-розовый	1.026	52.7	6.0	3.0	6.7	bbox	128	356.4	356.4	356.4	265,921,52,40	3200.8	39.4828718	73.5863142	4663.6
130	130	1.749	палка-ручка-пробка	13.9	5.9	лишайник-жёлтый-на-камне	0.914	69.8	-2.0	11.0	11.2	bbox	129	25.0	24.0	26.0	1513,69,44,37	3142.4	39.4833079	73.5853333	4674.5
131	131	1.546	палка-древко-бирюзовое	9.2	28.9	снег-пересвеченный	1.030	81.4	-9.0	-9.0	12.7	bbox	130	18.0	18.0	18.0	713,713,40,30	3114.5	39.4833056	73.5853336	4674.5
132	132	1.061	стакан-марка-красная	5.8	21.6	снег-розовый	0.928	71.4	8.0	6.0	10.0	bbox	131	477.5	463.5	478.5	795,369,40,54	3091.0	39.4828724	73.5863121	4663.6
133	133	0.911	стакан-марка-красная	5.7	16.1	снег-розовый	0.840	65.9	7.0	5.0	8.6	bbox	132	29.0	29.0	29.0	561,617,44,38	3027.3	39.4833087	73.5853337	4674.5
134	134	2.203	рюкзак-синий	17.5	8.2	снег-в-тени	2.990	30.6	8.0	-30.0	31.0	bbox	133	20.0	18.0	26.0	1353,281,66,32	3016.2	39.4833066	73.5853337	4674.5
135	135	1.429	рюкзак-синий	11.4	2.7	снег-в-тени	1.602	36.1	12.0	-11.0	16.3	bbox	134	19.0	19.0	23.0	1097,531,42,26	3012.0	39.4833061	73.5853336	4674.5
136	136	0.844	стакан-марка-красная	3.6	20.0	порода-в-тени	1.421	29.8	9.0	-2.0	9.2	bbox	135	422.5	422.5	422.5	273,11,32,46	3002.6	39.4828741	73.5863160	4663.6
137	137	1.190	палка-ручка-пробка	8.9	11.4	лишайник-жёлтый-на-камне	0.283	64.3	1.0	15.0	15.0	bbox	136	53.1	52.1	55.1	1605,990,43,45	2966.3	39.4830259	73.5859849	4674.5
138	138	1.719	рюкзак-синий	13.6	7.1	порода-в-тени	0.919	45.9	-3.0	-1.0	3.2	bbox	137	180.2	173.2	182.2	117,778,65,49	2945.0	39.4829306	73.5861774	4674.5
139	139	0.938	стакан-марка-красная	6.3	14.1	снег-розовый	0.721	63.9	5.0	-1.0	5.1	bbox	138	426.5	426.5	426.5	473,119,33,62	2930.1	39.4828741	73.5863152	4663.6
140	140	1.746	палка-древко-контроль	13.2	16.4	снег-в-тени	2.636	58.0	-6.0	-28.0	28.6	bbox	139	23.0	23.0	23.0	1250,617,39,72	2886.6	39.4833076	73.5853335	4674.5
141	141	1.351	стакан-марка-красная	10.8	3.1	порода-охристая	0.581	46.7	15.0	11.0	18.6	bbox	140	339.4	338.4	343.4	1053,622,38,35	2886.3	39.4828684	73.5863161	4663.6
142	142	0.952	стакан-марка-красная	7.6	0.4	снег-розовый	1.067	49.4	4.0	4.0	5.7	bbox	141	4.0	4.0	4.0	561,553,64,48	2880.6	39.4832992	73.5853335	4674.5
143	143	0.727	стакан-марка-красная	5.1	9.8	порода-охристая	1.511	40.0	16.0	0.0	16.0	bbox	142	12.0	9.0	15.0	1041,673,17,52	2876.8	39.4833033	73.5853336	4674.5
144	144	0.919	стакан-марка-красная	7.1	7.1	снег-розовый	1.024	56.9	6.0	6.0	8.5	bbox	143	7.0	7.0	7.0	272,999,55,38	2815.6	39.4833010	73.5853334	4674.5
145	145	1.140	палка-ручка-пробка	8.6	10.6	лишайник-жёлтый-на-камне	0.280	65.1	0.0	16.0	16.0	bbox	144	29.0	29.0	29.0	1761,881,48,44	2764.0	39.4833087	73.5853337	4674.5
146	146	0.623	стакан-марка-красная	4.1	9.8	порода-охристая	1.464	40.0	15.0	0.0	15.0	bbox	145	8.0	8.0	15.0	1113,617,16,56	2763.6	39.4833016	73.5853333	4674.5
147	147	1.165	стакан-марка-красная	9.2	4.7	снег-в-тени	0.915	45.1	2.0	-1.0	2.2	bbox	146	284.3	284.3	285.3	653,889,41,84	2744.9	39.4828637	73.5863200	4674.5
148	148	1.563	палка-ручка-пробка	10.0	26.3	корка-жёлтая-на-скале	0.676	49.4	5.0	13.0	13.9	bbox	147	74.1	74.1	77.1	833,611,52,48	2722.4	39.4830255	73.5859791	4674.5
149	149	1.772	стакан-марка-красная	9.8	35.7	порода-охристая	1.009	14.1	7.0	10.0	12.2	bbox	148	447.5	447.5	448.5	925,236,50,43	2710.7	39.4828747	73.5863144	4663.7
150	150	0.896	стакан-марка-красная	5.1	17.6	порода-охристая	0.675	32.2	10.0	6.0	11.7	bbox	149	325.4	322.4	326.4	873,545,46,28	2699.7	39.4828684	73.5863154	4663.6
151	151	0.818	стакан-марка-красная	5.8	10.4	порода-охристая	1.066	60.2	8.0	6.0	10.0	bbox	150	338.4	338.4	339.4	1095,663,50,62	2692.8	39.4828679	73.5863163	4663.6
152	152	0.288	стакан-марка-красная	2.2	2.0	снег-розовый	1.296	51.8	9.0	0.0	9.0	bbox	151	27.0	25.0	27.0	849,848,16,77	2685.2	39.4833086	73.5853338	4674.5
153	153	1.374	стакан-марка-красная	7.2	29.0	снег-розовый	0.885	78.8	7.0	7.0	9.9	bbox	152	443.5	429.5	444.5	1425,281,48,44	2657.2	39.4828751	73.5863140	4663.6
154	154	2.136	стакан-марка-красная	13.0	38.8	порода-в-тени	0.419	11.0	-2.0	1.0	2.2	bbox	153	178.2	174.2	182.2	0,507,98,64	2656.9	39.4829307	73.5861777	4674.5
155	155	0.292	стакан-марка-красная	2.2	2.4	снег-розовый	1.286	52.2	9.0	0.0	9.0	bbox	154	424.5	423.5	424.5	224,995,37,46	2598.0	39.4828740	73.5863154	4663.6
156	156	0.957	палка-ручка-пробка	7.6	2.8	лишайник-жёлтый-на-камне	0.294	72.9	2.0	16.0	16.1	bbox	155	83.1	78.1	84.1	301,0,50,21	2586.0	39.4830247	73.5859806	4674.4
157	157	2.202	стакан-марка-красная	15.0	32.2	порода-в-тени	0.461	17.6	-4.0	2.0	4.5	bbox	156	183.2	175.2	183.2	0,1056,27,24	2578.8	39.4829305	73.5861775	4674.5
158	158	0.503	палка-ручка-пробка	4.0	1.6	лишайник-жёлтый-на-камне	0.869	77.3	1.0	23.0	23.0	bbox	157	354.4	353.4	354.4	1561,981,40,30	2548.2	39.4828715	73.5863143	4663.6
159	159	1.375	стакан-марка-красная	8.2	25.5	порода-охристая	0.615	24.3	9.0	9.0	12.7	bbox	158	19.0	19.0	20.0	1628,959,87,18	2524.4	39.4833061	73.5853336	4674.5
160	160	0.969	стакан-марка-красная	6.3	15.7	порода-в-тени	1.121	34.1	5.0	3.0	5.8	bbox	159	356.4	356.4	356.4	371,979,63,38	2517.7	39.4828718	73.5863142	4663.6
161	161	1.583	стакан-марка-красная	11.7	17.3	порода-охристая	0.779	32.5	17.0	11.0	20.2	bbox	160	342.4	341.4	342.4	1596,947,46,39	2510.3	39.4828691	73.5863156	4663.6
162	162	0.954	стакан-марка-красная	6.7	12.7	снег-в-тени	1.049	37.1	5.0	-2.0	5.4	bbox	161	15.0	8.0	15.0	1121,582,56,27	2503.7	39.4833044	73.5853333	4674.5
163	163	0.985	стакан-марка-красная	7.1	12.2	порода-охристая	0.930	62.0	10.0	8.0	12.8	bbox	162	380.4	380.4	380.4	1543,171,50,30	2502.9	39.4828778	73.5863211	4663.6
164	164	1.425	палка-ручка-пробка	11.4	0.8	лишайник-жёлтый-на-камне	0.738	76.5	2.0	12.0	12.2	bbox	163	472.5	457.5	474.5	543,161,48,24	2501.5	39.4828724	73.5863133	4663.6
165	165	1.409	стакан-марка-красная	11.0	7.8	порода-охристая	0.710	57.6	12.0	12.0	17.0	bbox	164	446.5	446.5	454.5	681,292,52,31	2458.5	39.4828750	73.5863145	4663.6
166	166	1.535	рюкзак-синий	12.2	5.9	порода-в-тени	0.482	32.9	-1.0	-2.0	2.2	bbox	165	196.2	194.2	196.2	790,0,35,24	2449.9	39.4829298	73.5861795	4674.4
167	167	1.323	стакан-марка-красная	10.4	6.1	снег-в-тени	0.813	55.9	1.0	-2.0	2.2	bbox	166	378.4	377.4	378.4	75,176,38,53	2425.8	39.4828773	73.5863208	4663.5
168	168	1.418	стакан-марка-красная	7.6	29.4	снег-розовый	1.062	79.2	8.0	8.0	11.3	bbox	167	446.5	446.5	446.5	679,709,40,38	2416.9	39.4828750	73.5863145	4663.6
169	169	0.458	стакан-марка-красная	3.6	2.3	снег-в-тени	1.329	47.5	8.0	-1.0	8.1	bbox	168	381.4	377.4	381.4	43,457,20,88	2414.8	39.4828779	73.5863212	4663.6
170	170	0.601	палка-ручка-пробка	4.1	8.6	лишайник-жёлтый-на-камне	0.640	67.1	1.0	22.0	22.0	bbox	169	353.4	349.4	354.4	1055,203,30,36	2392.3	39.4828711	73.5863144	4663.6
171	171	0.878	стакан-марка-красная	5.0	17.3	порода-в-тени	1.212	32.5	7.0	-2.0	7.3	bbox	170	422.5	422.5	422.5	665,1025,30,48	2389.8	39.4828741	73.5863160	4663.6
172	172	1.136	рюкзак-синий	9.1	2.7	снег-в-тени	0.562	36.1	0.0	-5.0	5.0	bbox	171	265.3	253.3	270.3	1296,0,89,29	2384.6	39.4828605	73.5863221	4674.4
173	173	1.079	палка-древко-контроль	2.0	29.4	снег-в-тени	1.441	71.0	-8.0	-13.0	15.3	bbox	172	22.0	19.0	22.0	735,830,49,48	2372.3	39.4833074	73.5853335	4674.5
174	174	1.364	палка-ручка-пробка	10.6	8.6	лишайник-жёлтый-на-камне	0.926	84.3	-3.0	16.0	16.3	bbox	173	23.0	23.0	23.0	1661,0,40,33	2369.6	39.4833076	73.5853335	4674.5
175	175	0.786	стакан-марка-красная	3.2	19.0	порода-в-тени	1.310	30.8	8.0	0.0	8.0	bbox	174	28.0	28.0	28.0	1057,646,32,29	2352.4	39.4833086	73.5853338	4674.5
176	176	1.382	стакан-марка-красная	9.2	21.4	порода-охристая	0.911	28.4	5.0	8.0	9.4	bbox	175	484.6	484.6	484.6	433,977,30,37	2345.6	39.4828712	73.5863118	4663.6
177	177	1.435	палка-ручка-пробка	10.2	18.4	корка-жёлтая-на-скале	0.563	57.3	3.0	13.0	13.3	bbox	176	85.1	85.1	85.1	881,821,48,44	2313.6	39.4830242	73.5859809	4674.5
178	178	1.240	палка-ручка-пробка	8.6	17.3	лишайник-жёлтый-на-камне	0.377	58.4	0.0	16.0	16.0	bbox	177	331.4	331.4	331.4	1803,565,32,38	2297.2	39.4828663	73.5863148	4663.6
179	179	1.905	палка-ручка-пробка	15.2	1.6	снег-розовый	0.960	74.1	-1.0	9.0	9.1	bbox	178	393.4	391.4	396.5	1859,298,36,27	2277.7	39.4828757	73.5863185	4663.6
180	180	1.818	стакан-марка-красная	14.4	6.7	корка-жёлтая-на-скале	0.821	56.5	-1.0	9.0	9.1	bbox	179	22.0	22.0	22.0	1761,73,26,56	2275.7	39.4833074	73.5853335	4674.5
181	181	1.651	стакан-марка-красная	13.0	7.5	корка-жёлтая-на-скале	0.938	57.3	0.0	8.0	8.0	bbox	180	21.0	19.0	22.0	1723,0,34,53	2266.8	39.4833070	73.5853337	4674.5
182	182	1.646	стакан-марка-красная	12.2	17.6	порода-в-тени	0.438	32.2	-1.0	-1.0	1.4	bbox	181	198.2	197.2	198.2	797,601,36,22	2262.0	39.4829298	73.5861793	4674.5
183	183	0.642	рюкзак-синий	5.0	4.1	снег-в-тени	0.866	34.7	5.0	-11.0	12.1	bbox	182	251.3	250.3	254.3	1265,313,40,20	2210.1	39.4829248	73.5861773	4674.5
184	184	0.699	стакан-марка-красная	5.6	0.8	порода-охристая	0.823	50.6	8.5	6.0	10.4	bbox	183	360.4	360.4	363.4	743,382,48,35	2200.1	39.4828723	73.5863145	4663.6
185	185	0.731	стакан-марка-красная	4.1	14.5	порода-охристая	0.768	35.3	10.0	5.0	11.2	bbox	184	322.4	322.4	323.4	1025,961,47,24	2195.5	39.4828687	73.5863150	4663.6
186	186	1.141	стакан-марка-красная	8.2	13.7	порода-в-тени	0.839	36.1	3.0	-1.0	3.2	bbox	185	28.0	28.0	28.0	979,618,26,71	2192.8	39.4833086	73.5853338	4674.5
187	187	1.079	стакан-марка-красная	1.4	29.8	порода-в-тени	1.505	20.0	10.0	0.0	10.0	bbox	186	24.0	23.0	25.0	809,656,48,21	2175.1	39.4833078	73.5853334	4674.5
188	188	1.230	палка-ручка-пробка	7.1	23.9	лишайник-жёлтый-на-камне	0.712	51.8	6.0	16.0	17.1	bbox	187	76.1	75.1	77.1	817,625,38,36	2147.4	39.4830247	73.5859789	4674.5
189	189	1.475	палка-ручка-пробка	11.7	6.3	лишайник-жёлтый-на-камне	0.858	82.0	-1.0	13.0	13.0	bbox	188	17.0	16.0	17.0	1489,52,32,35	2133.5	39.4833051	73.5853334	4674.5
190	190	0.358	стакан-марка-красная	2.8	1.6	снег-розовый	1.336	51.4	9.0	-1.0	9.1	bbox	189	24.0	24.0	26.0	761,1026,18,54	2116.4	39.4833078	73.5853334	4674.5
191	191	1.399	стакан-марка-красная	11.2	1.6	снег-в-тени	0.884	51.4	0.0	-1.0	1.0	bbox	190	83.1	78.1	84.1	1633,497,32,48	2112.4	39.4830247	73.5859806	4674.4
192	192	1.583	стакан-марка-красная	12.6	2.3	порода-охристая	0.646	47.5	15.0	13.0	19.8	bbox	191	342.4	341.4	342.4	1190,675,37,41	2102.1	39.4828691	73.5863156	4663.6
193	193	1.237	палка-ручка-пробка	9.9	0.0	лишайник-жёлтый-на-камне	0.631	75.7	-2.0	16.0	16.1	bbox	192	368.4	366.4	372.4	1889,157,31,28	2100.1	39.4828743	73.5863185	4663.5
194	194	1.207	стакан-марка-красная	9.2	10.0	порода-охристая	0.814	59.8	13.0	10.0	16.4	bbox	193	343.4	343.4	343.4	1049,689,36,48	2094.3	39.4828696	73.5863155	4663.6
195	195	2.046	рюкзак-синий	16.0	12.1	снег-в-тени	2.377	26.7	17.0	-14.0	22.0	bbox	194	19.0	19.0	23.0	774,697,51,22	2059.2	39.4833061	73.5853336	4674.5
196	196	0.986	палка-ручка-контроль	7.8	3.9	лишайник-жёлтый-на-камне	0.577	53.7	1.0	20.0	20.0	bbox	195	384.4	383.4	384.4	1090,43,23,28	2022.7	39.4828781	73.5863207	4663.5
197	197	1.444	стакан-марка-красная	11.2	10.2	снег-освещённый	0.764	60.0	0.0	-1.0	1.0	bbox	196	281.3	281.3	281.3	801,103,16,34	2008.4	39.4828632	73.5863204	4674.5
198	198	1.133	палка-ручка-пробка	7.8	16.1	лишайник-жёлтый-на-камне	0.448	59.6	-1.0	18.0	18.0	bbox	197	4.0	0.0	4.0	1789,843,28,30	2004.6	39.4832992	73.5853335	4674.5
199	199	0.777	стакан-марка-красная	5.7	9.0	снег-розовый	0.990	58.8	7.0	5.0	8.6	bbox	198	356.4	356.4	356.4	115,1057,54,23	1993.9	39.4828718	73.5863142	4663.6
200	200	0.951	стакан-марка-красная	7.1	9.8	порода-в-тени	1.034	40.0	4.0	0.0	4.0	bbox	199	285.3	285.3	285.3	655,895,18,80	1990.8	39.4828638	73.5863197	4674.5
201	201	2.286	стакан-марка-красная	15.8	32.2	порода-охристая	1.790	17.6	24.0	10.0	26.0	bbox	200	20.0	20.0	20.0	1219,1021,30,59	1989.8	39.4833066	73.5853337	4674.5
202	202	1.503	рюкзак-синий	8.2	30.6	снег-в-тени	0.821	69.4	-1.0	-6.0	6.1	bbox	201	265.3	256.3	270.3	1389,0,92,23	1976.9	39.4828605	73.5863221	4674.4
203	203	0.280	рюкзак-синий	2.2	0.4	снег-в-тени	0.945	38.4	-1.0	-15.0	15.0	bbox	202	286.3	286.3	286.3	913,621,29,44	1970.0	39.4828641	73.5863197	4674.4
204	204	0.958	палка-ручка-контроль	7.6	2.3	лишайник-жёлтый-на-камне	0.788	55.3	-0.5	22.0	22.0	bbox	203	335.4	332.4	336.4	1797,747,20,26	1961.9	39.4828665	73.5863161	4663.6
205	205	1.677	рюкзак-синий	12.2	19.8	порода-в-тени	0.184	19.0	-1.0	-2.0	2.2	bbox	204	171.2	168.2	171.2	21,641,46,28	1959.5	39.4829301	73.5861779	4674.5
206	206	0.741	стакан-марка-красная	4.2	14.5	снег-в-тени	1.327	35.3	8.0	-2.0	8.2	bbox	205	467.5	461.5	469.5	227,191,16,65	1955.6	39.4828730	73.5863137	4663.6
207	207	0.638	стакан-марка-красная	5.0	3.5	снег-розовый	1.097	53.3	7.0	4.0	8.1	bbox	206	61.1	53.1	63.1	707,915,52,22	1954.7	39.4830257	73.5859848	4674.5
208	208	0.396	стакан-марка-красная	3.2	0.8	снег-розовый	1.247	50.6	8.0	0.0	8.0	bbox	207	13.0	8.0	15.0	845,641,14,68	1948.5	39.4833037	73.5853335	4674.5
209	209	1.392	палка-ручка-пробка	9.5	20.4	корка-жёлтая-на-скале	0.387	55.3	2.0	14.0	14.1	bbox	208	449.5	449.5	449.5	1495,643,42,20	1927.8	39.4828744	73.5863139	4663.6
210	210	0.576	палка-ручка-пробка	4.2	6.3	лишайник-жёлтый-на-камне	0.697	82.0	2.0	20.0	20.1	bbox	209	285.3	281.3	285.3	1507,135,30,42	1927.0	39.4828638	73.5863197	4674.5
211	211	2.092	стакан-марка-красная	13.6	34.1	снег-пересвеченный	0.346	83.9	-2.0	-3.0	3.6	bbox	210	310.4	309.4	311.4	1871,95,49,78	1922.2	39.4828678	73.5863204	4663.6
212	212	1.252	палка-ручка-пробка	10.0	2.0	лишайник-жёлтый-на-камне	0.538	73.7	-1.0	15.0	15.0	bbox	211	374.4	369.4	375.4	1541,49,34,31	1918.4	39.4828759	73.5863191	4663.6
213	213	1.392	палка-ручка-пробка	10.3	14.9	лишайник-жёлтый-на-камне	1.003	90.6	0.0	14.0	14.0	bbox	212	354.4	353.4	354.4	1641,516,46,53	1909.9	39.4828715	73.5863143	4663.6
214	214	1.024	палка-ручка-контроль	8.0	6.2	лишайник-жёлтый-на-камне	0.721	51.4	6.0	18.0	19.0	bbox	213	86.1	86.1	86.1	769,717,40,30	1908.7	39.4830242	73.5859808	4674.5
215	215	1.585	стакан-марка-красная	10.8	23.1	порода-охристая	0.868	26.7	5.0	10.0	11.2	bbox	214	29.0	29.0	29.0	1833,835,18,35	1899.5	39.4833087	73.5853337	4674.5
216	216	1.448	рюкзак-синий	11.2	10.6	снег-в-тени	1.933	28.2	12.0	-16.0	20.0	bbox	215	17.0	17.0	17.0	845,827,24,30	1899.2	39.4833051	73.5853334	4674.5
217	217	1.500	рюкзак-синий	11.2	15.3	порода-в-тени	0.301	23.5	-1.0	-3.0	3.2	bbox	216	310.4	309.4	311.4	1853,13,44,72	1897.2	39.4828678	73.5863204	4663.6
218	218	0.453	рюкзак-синий	2.0	10.6	снег-в-тени	1.091	28.2	3.0	-14.0	14.3	bbox	217	448.5	447.5	448.5	1633,417,29,35	1891.1	39.4828746	73.5863141	4663.7
219	219	1.739	палка-ручка-пробка	13.9	2.7	лишайник-жёлтый-на-камне	1.013	78.4	-2.0	11.0	11.2	bbox	218	427.5	427.5	428.5	947,483,30,38	1890.3	39.4828742	73.5863152	4663.6
220	220	1.453	палка-ручка-контроль	11.3	9.4	корка-жёлтая-на-скале	0.451	48.2	-2.0	18.0	18.1	bbox	219	325.4	325.4	326.4	1829,747,25,26	1879.2	39.4828684	73.5863154	4663.6
221	221	0.869	стакан-марка-красная	3.0	22.0	порода-в-тени	1.302	27.8	8.0	1.0	8.1	bbox	220	6.0	0.0	6.0	1099,571,26,30	1873.5	39.4833003	73.5853336	4674.5
222	222	2.010	палка-ручка-пробка	15.3	17.7	корка-жёлтая-на-скале	0.815	58.0	-3.0	10.0	10.4	bbox	221	379.4	366.4	379.4	439,773,29,36	1870.4	39.4828777	73.5863208	4663.6
223	223	1.521	рюкзак-синий	11.2	16.8	порода-в-тени	0.285	22.0	-1.0	-3.0	3.2	bbox	222	289.3	287.3	289.3	1753,0,36,49	1858.0	39.4828643	73.5863201	4673.2
224	224	2.021	палка-древко-контроль	16.2	2.0	снег-в-тени	2.777	39.6	-2.0	-30.0	30.1	bbox	223	27.0	27.0	30.0	804,649,61,48	1855.5	39.4833086	73.5853338	4674.5
225	225	1.569	палка-ручка-пробка	12.5	2.4	лишайник-жёлтый-на-камне	0.781	73.3	-1.0	12.0	12.0	bbox	224	416.5	416.5	420.5	367,669,55,28	1850.0	39.4828738	73.5863174	4663.6
226	226	0.962	палка-ручка-пробка	7.6	3.9	лишайник-жёлтый-на-камне	0.519	79.6	2.0	16.0	16.1	bbox	225	85.1	85.1	85.1	513,145,22,44	1848.0	39.4830242	73.5859809	4674.5
227	227	1.587	рюкзак-синий	12.6	3.9	порода-в-тени	0.817	42.7	-3.0	-2.0	3.6	bbox	226	184.2	184.2	196.2	1567,0,32,24	1845.3	39.4829303	73.5861777	4674.5
228	228	0.939	рюкзак-синий	7.3	6.4	снег-в-тени	0.679	32.4	3.0	-7.0	7.6	bbox	227	285.3	283.3	285.3	839,833,54,22	1841.0	39.4828638	73.5863197	4674.5
229	229	1.189	рюкзак-синий	9.1	10.2	снег-в-тени	0.378	49.0	0.0	-5.0	5.0	bbox	228	237.3	236.3	248.3	1089,135,72,26	1839.6	39.4829264	73.5861782	4674.5
230	230	1.336	рюкзак-синий	7.0	28.3	снег-в-тени	0.710	67.1	1.0	-7.0	7.1	bbox	229	446.5	446.5	446.5	847,682,22,62	1838.2	39.4828750	73.5863145	4663.6
231	231	0.911	палка-ручка-пробка	6.0	14.5	лишайник-жёлтый-на-камне	1.217	90.2	-1.0	23.0	23.0	bbox	230	449.5	449.5	449.5	891,347,42,34	1837.8	39.4828744	73.5863139	4663.6
232	232	1.563	стакан-марка-красная	8.9	30.6	снег-розовый	1.080	80.4	7.0	9.0	11.4	bbox	231	416.5	416.5	416.5	1761,838,40,41	1834.4	39.4828738	73.5863174	4663.6
233	233	1.177	стакан-марка-красная	7.2	21.2	порода-охристая	0.789	28.6	7.0	7.0	9.9	bbox	232	484.6	484.6	484.6	49,1017,24,30	1834.2	39.4828712	73.5863118	4663.6
234	234	0.270	рюкзак-синий	1.0	6.7	снег-в-тени	0.888	45.5	1.0	-15.0	15.0	bbox	233	18.0	18.0	18.0	347,849,20,120	1832.1	39.4833056	73.5853336	4674.5
235	235	1.648	палка-ручка-пробка	11.4	23.2	корка-жёлтая-на-скале	0.482	52.5	2.0	12.0	12.2	bbox	234	66.1	53.1	71.1	867,593,52,36	1822.6	39.4830258	73.5859831	4674.5
236	236	1.165	палка-ручка-пробка	9.2	4.7	лишайник-жёлтый-на-камне	0.663	80.4	-1.0	16.0	16.0	bbox	235	362.4	358.4	362.4	1259,0,26,51	1816.5	39.4828723	73.5863150	4663.6
237	237	0.967	палка-ручка-пробка	7.6	4.7	лишайник-жёлтый-на-камне	0.546	80.4	2.0	16.0	16.1	bbox	236	75.1	75.1	77.1	685,161,28,32	1799.7	39.4830249	73.5859790	4674.5
238	238	2.194	стакан-марка-красная	13.6	38.8	снег-пересвеченный	0.260	88.6	-2.0	-3.0	3.6	bbox	237	303.3	299.3	303.3	1889,0,31,59	1792.0	39.4828668	73.5863200	4663.6
239	239	1.888	рюкзак-синий	14.3	16.8	порода-в-тени	0.137	22.0	-2.0	0.0	2.0	bbox	238	296.3	287.3	306.3	1735,12,53,45	1787.7	39.4828649	73.5863196	4665.3
240	240	1.190	рюкзак-синий	7.1	22.3	снег-в-тени	1.737	16.5	8.0	-15.0	17.0	bbox	239	379.4	379.4	379.4	1439,253,27,22	1782.1	39.4828777	73.5863208	4663.6
241	241	1.518	рюкзак-синий	10.8	19.6	снег-в-тени	0.731	58.4	-3.0	-4.0	5.0	bbox	240	263.3	261.3	264.3	1319,5,56,25	1777.8	39.4828642	73.5863133	4674.4
242	242	1.382	палка-ручка-пробка	10.3	14.1	лишайник-жёлтый-на-камне	1.154	89.8	-4.0	18.0	18.4	bbox	241	423.5	423.5	424.5	924,353,45,40	1776.1	39.4828740	73.5863158	4663.6
243	243	1.522	стакан-марка-красная	12.2	1.6	снег-в-тени	0.893	51.4	-1.0	-1.0	1.4	bbox	242	484.6	484.6	484.6	1617,657,30,29	1775.0	39.4828712	73.5863118	4663.6
244	244	1.313	стакан-марка-красная	5.8	30.6	снег-розовый	0.907	80.4	8.0	6.0	10.0	bbox	243	449.5	449.5	449.5	759,627,34,32	1773.8	39.4828744	73.5863139	4663.6
245	245	1.878	палка-ручка-пробка	13.9	20.0	корка-жёлтая-на-скале	0.626	55.7	-2.0	11.0	11.2	bbox	244	425.5	419.5	425.5	827,393,38,38	1766.7	39.4828740	73.5863154	4663.6
246	246	1.066	палка-ручка-пробка	7.8	12.0	лишайник-жёлтый-на-камне	0.400	63.7	-1.0	18.0	18.0	bbox	245	54.1	53.1	57.1	1763,947,22,24	1760.1	39.4830259	73.5859847	4674.5
247	247	1.079	палка-ручка-пробка	8.6	2.3	лишайник-жёлтый-на-камне	0.528	78.0	0.0	16.0	16.0	bbox	246	388.4	385.4	391.4	1106,31,31,19	1757.4	39.4828771	73.5863188	4663.6
248	248	1.701	стакан-марка-красная	11.7	24.3	порода-охристая	1.376	74.1	15.0	12.0	19.2	bbox	247	330.4	328.4	331.4	993,705,40,33	1755.3	39.4828666	73.5863150	4663.6
249	249	1.373	рюкзак-синий	10.4	12.0	снег-в-тени	0.569	50.8	-2.0	-4.0	4.5	bbox	248	172.2	172.2	182.2	405,23,33,30	1751.8	39.4829298	73.5861776	4674.5
250	250	0.762	стакан-марка-красная	6.1	1.2	порода-охристая	0.684	51.0	12.0	7.0	13.9	bbox	249	473.5	462.5	478.5	995,301,30,20	1749.6	39.4828722	73.5863129	4663.6
251	251	0.469	палка-ручка-контроль	3.0	7.9	лишайник-жёлтый-на-камне	1.132	65.5	3.0	26.0	26.2	bbox	250	79.1	74.1	84.1	719,941,34,28	1743.6	39.4830247	73.5859794	4674.5
252	252	1.582	стакан-марка-красная	11.2	20.8	порода-охристая	0.709	29.0	6.0	11.0	12.5	bbox	251	448.5	448.5	448.5	901,19,36,46	1728.3	39.4828746	73.5863141	4663.7
253	253	1.857	стакан-марка-красная	11.4	33.3	снег-розовый	0.776	83.1	2.0	8.0	8.2	bbox	252	89.1	89.1	90.1	1121,497,24,31	1726.3	39.4830237	73.5859798	4674.4
254	254	0.375	палка-ручка-пробка	3.0	0.0	лишайник-жёлтый-на-камне	0.834	75.7	2.0	23.0	23.1	bbox	253	349.4	349.4	349.4	1355,901,32,34	1717.3	39.4828708	73.5863154	4663.6
255	255	0.619	рюкзак-синий	4.5	7.4	снег-в-тени	0.740	31.4	3.0	-10.0	10.4	bbox	254	236.3	236.3	240.3	1161,0,66,13	1716.3	39.4829264	73.5861783	4674.5
256	256	0.664	рюкзак-синий	4.1	11.7	снег-в-тени	1.153	27.1	5.0	-13.0	13.9	bbox	255	249.3	248.3	254.3	1263,313,29,21	1711.3	39.4829249	73.5861773	4674.5
257	257	0.640	рюкзак-синий	5.0	3.9	снег-в-тени	0.862	34.9	5.0	-11.0	12.1	bbox	256	416.5	416.5	416.5	947,875,12,70	1709.1	39.4828738	73.5863174	4663.6
258	258	1.825	стакан-марка-красная	12.2	28.2	снег-освещённый	0.159	78.0	-1.0	-1.0	1.4	bbox	257	482.5	482.5	482.5	505,705,42,32	1687.3	39.4828722	73.5863119	4663.6
259	259	1.437	рюкзак-синий	11.2	9.4	снег-в-тени	2.052	29.4	11.0	-19.0	22.0	bbox	258	27.0	24.0	27.0	933,741,22,28	1686.3	39.4833086	73.5853338	4674.5
260	260	1.913	рюкзак-синий	11.4	35.7	снег-освещённый	0.455	74.5	-2.0	-3.0	3.6	bbox	259	309.4	309.4	315.4	1869,319,51,82	1678.3	39.4828677	73.5863205	4663.6
261	261	1.298	палка-ручка-пробка	10.0	9.8	лишайник-жёлтый-на-камне	0.451	65.9	-1.0	15.0	15.0	bbox	260	56.1	53.1	56.1	1811,1053,30,27	1677.6	39.4830260	73.5859843	4674.4
262	262	0.811	стакан-марка-красная	6.3	5.1	порода-охристая	0.603	44.7	9.0	7.0	11.4	bbox	261	337.4	337.4	337.4	949,557,38,24	1674.5	39.4828673	73.5863164	4663.6
263	263	1.470	рюкзак-синий	11.0	14.1	порода-в-тени	0.386	24.7	0.0	-3.0	3.0	bbox	262	309.4	309.4	310.4	1845,0,29,85	1669.0	39.4828677	73.5863205	4663.6
264	264	0.834	стакан-марка-красная	5.8	11.4	снег-в-тени	1.167	38.4	8.0	-4.0	8.9	bbox	263	415.5	415.5	415.5	876,817,23,46	1655.1	39.4828738	73.5863178	4663.6
265	265	1.290	палка-ручка-контроль	10.0	8.2	лишайник-жёлтый-на-камне	0.858	49.4	7.0	16.0	17.5	bbox	264	85.1	85.1	85.1	697,785,56,16	1651.5	39.4830242	73.5859809	4674.5
266	266	1.105	стакан-марка-красная	7.8	14.5	порода-охристая	0.808	35.3	16.0	7.0	17.5	bbox	265	340.4	340.4	340.4	81,0,44,19	1628.0	39.4828689	73.5863160	4663.6
267	267	2.035	рюкзак-синий	14.1	28.2	порода-в-тени	0.392	10.6	-1.0	0.0	1.0	bbox	266	287.3	287.3	301.3	1801,986,30,34	1625.5	39.4828644	73.5863200	4674.4
268	268	0.867	палка-ручка-пробка	6.0	12.2	лишайник-жёлтый-на-камне	0.382	63.5	5.0	17.0	17.7	bbox	267	108.1	105.1	113.1	705,1046,36,34	1616.9	39.4829331	73.5861800	4674.4
269	269	1.316	палка-ручка-пробка	9.9	12.5	лишайник-жёлтый-на-камне	0.962	88.2	-2.0	16.0	16.1	bbox	268	84.1	78.1	84.1	721,875,28,22	1605.6	39.4830248	73.5859810	4674.4
270	270	1.334	стакан-марка-красная	9.2	18.8	порода-охристая	0.879	31.0	5.0	8.0	9.4	bbox	269	460.5	455.5	461.5	1417,117,24,28	1593.4	39.4828733	73.5863127	4663.6
271	271	1.891	стакан-марка-красная	13.0	27.1	снег-розовый	0.626	76.9	-1.0	6.0	6.1	bbox	270	403.5	402.5	412.5	866,711,47,30	1585.9	39.4828749	73.5863207	4663.6
272	272	0.696	рюкзак-синий	5.0	8.6	снег-в-тени	0.841	30.2	4.0	-10.0	10.8	bbox	271	424.5	423.5	424.5	189,913,34,40	1577.7	39.4828740	73.5863154	4663.6
273	273	1.304	стакан-марка-красная	10.2	7.6	порода-в-тени	0.863	42.2	1.0	-1.0	1.4	bbox	272	377.4	377.4	377.4	267,247,28,42	1572.6	39.4828768	73.5863203	4663.5
274	274	1.031	стакан-марка-красная	8.1	6.1	порода-в-тени	1.049	43.7	3.0	0.0	3.0	bbox	273	331.4	331.4	331.4	6,129,27,58	1557.9	39.4828663	73.5863148	4663.6
275	275	1.359	рюкзак-синий	10.0	14.5	порода-в-тени	0.472	24.3	0.0	-4.0	4.0	bbox	274	172.2	172.2	179.2	193,57,25,36	1552.6	39.4829298	73.5861776	4674.5
276	276	1.338	палка-ручка-пробка	10.6	4.3	порода-охристая	1.285	71.4	12.0	15.0	19.2	bbox	275	342.4	341.4	344.4	1463,378,36,21	1542.4	39.4828691	73.5863156	4663.6
277	277	0.917	стакан-марка-красная	7.3	3.1	порода-охристая	0.539	46.7	9.0	8.0	12.0	bbox	276	445.5	431.5	449.5	1715,849,40,12	1538.8	39.4828750	73.5863144	4663.6
278	278	1.235	стакан-марка-красная	8.1	20.0	снег-розовый	1.015	69.8	7.0	8.0	10.6	bbox	277	7.0	7.0	7.0	407,1019,30,22	1538.5	39.4833010	73.5853334	4674.5
279	279	0.798	стакан-марка-красная	6.3	3.1	порода-охристая	0.763	52.9	9.0	7.0	11.4	bbox	278	363.4	357.4	363.4	637,0,42,21	1536.1	39.4828723	73.5863154	4663.6
280	280	2.378	стакан-марка-красная	13.0	48.6	снег-розовый	0.972	98.4	-1.0	6.0	6.1	bbox	279	478.5	475.5	478.5	433,303,27,51	1529.9	39.4828724	73.5863119	4663.6
281	281	1.026	палка-ручка-пробка	7.2	13.7	лишайник-жёлтый-на-камне	0.966	89.4	-1.0	19.0	19.0	bbox	280	369.4	366.4	370.4	1813,41,20,40	1526.4	39.4828747	73.5863189	4663.5
282	282	0.919	палка-ручка-пробка	7.2	5.1	лишайник-жёлтый-на-камне	0.708	80.8	-1.0	19.0	19.0	bbox	281	86.1	86.1	86.1	1382,123,20,32	1521.8	39.4830242	73.5859808	4674.5
283	283	1.546	рюкзак-синий	12.4	0.0	порода-в-тени	0.670	38.8	-2.0	-2.0	2.8	bbox	282	309.4	306.3	310.4	1771,81,54,64	1519.8	39.4828677	73.5863205	4663.6
284	284	1.452	палка-ручка-пробка	11.4	7.8	лишайник-жёлтый-на-камне	0.897	83.5	2.0	12.0	12.2	bbox	283	411.5	405.5	413.5	892,501,37,26	1512.9	39.4828741	73.5863187	4663.6
285	285	1.460	палка-ручка-пробка	9.2	25.1	корка-жёлтая-на-скале	0.203	50.6	-1.0	16.0	16.0	bbox	284	328.4	327.4	330.4	1807,513,33,20	1510.8	39.4828674	73.5863155	4663.6
286	286	0.674	стакан-марка-красная	5.0	7.1	снег-розовый	1.001	56.9	7.0	4.0	8.1	bbox	285	349.4	349.4	349.4	69,1055,30,25	1510.0	39.4828708	73.5863154	4663.6
287	287	0.685	рюкзак-синий	5.0	7.8	снег-в-тени	0.945	31.0	5.0	-11.0	12.1	bbox	286	425.5	425.5	425.5	69,947,28,22	1505.5	39.4828740	73.5863154	4663.6
288	288	1.855	рюкзак-синий	12.1	30.2	снег-в-тени	2.055	8.6	12.0	-9.0	15.0	bbox	287	26.0	26.0	27.0	807,835,18,34	1501.6	39.4833083	73.5853335	4674.5
289	289	1.418	рюкзак-синий	10.0	18.4	порода-в-тени	0.625	20.4	2.0	-4.0	4.5	bbox	288	354.4	353.4	354.4	1313,139,32,26	1500.4	39.4828715	73.5863143	4663.6
290	290	1.467	рюкзак-синий	11.2	12.5	снег-в-тени	1.960	26.3	12.0	-16.0	20.0	bbox	289	16.0	16.0	16.0	907,791,18,32	1489.0	39.4833046	73.5853334	4674.5
291	291	1.519	рюкзак-синий	11.4	14.7	порода-в-тени	0.283	24.1	-2.0	-3.0	3.6	bbox	290	312.4	311.4	314.4	1773,89,38,68	1486.7	39.4828678	73.5863196	4663.6
292	292	1.008	стакан-марка-красная	8.1	0.6	порода-охристая	0.758	50.4	7.0	8.0	10.6	bbox	291	332.4	332.4	332.4	1279,833,38,21	1469.2	39.4828660	73.5863148	4663.6
293	293	0.461	рюкзак-синий	3.2	6.6	снег-в-тени	0.976	32.2	4.0	-13.0	13.6	bbox	292	425.5	425.5	425.5	1147,1013,29,24	1458.8	39.4828740	73.5863154	4663.6
294	294	1.626	стакан-марка-красная	13.0	1.6	порода-охристая	0.759	48.2	16.0	13.0	20.6	bbox	293	328.4	328.4	331.4	765,369,24,24	1452.3	39.4828674	73.5863155	4663.6
295	295	1.995	стакан-марка-красная	14.8	21.2	корка-жёлтая-на-скале	1.139	28.6	-2.0	8.0	8.2	bbox	294	167.2	167.2	171.2	25,697,64,10	1441.5	39.4829307	73.5861791	4674.5
296	296	0.358	стакан-марка-красная	2.8	1.6	снег-розовый	1.336	51.4	9.0	-1.0	9.1	bbox	295	23.0	23.0	23.0	889,117,24,18	1439.4	39.4833076	73.5853335	4674.5
297	297	1.084	палка-ручка-пробка	7.3	16.5	лишайник-жёлтый-на-камне	0.286	59.2	3.0	16.0	16.3	bbox	296	113.1	105.1	113.1	1043,1013,36,48	1437.9	39.4829334	73.5861797	4674.5
298	298	1.003	рюкзак-синий	8.0	2.0	снег-в-тени	0.375	40.8	1.0	-6.0	6.1	bbox	297	7.0	7.0	7.0	1141,483,38,40	1437.7	39.4833010	73.5853334	4674.5
299	299	1.480	палка-ручка-пробка	10.8	16.9	корка-жёлтая-на-скале	0.432	58.8	-1.0	14.0	14.0	bbox	298	423.5	423.5	425.5	1459,561,44,24	1437.6	39.4828740	73.5863158	4663.6
300	300	1.213	палка-ручка-пробка	8.5	16.1	лишайник-жёлтый-на-камне	0.759	59.6	-3.0	20.0	20.2	bbox	299	340.4	340.4	340.4	1673,1025,26,16	1435.4	39.4828689	73.5863160	4663.6
301	301	1.681	палка-ручка-пробка	13.4	3.1	лишайник-жёлтый-на-камне	0.964	78.8	-1.0	11.0	11.0	bbox	300	27.0	27.0	41.0	1431,137,34,26	1426.8	39.4833086	73.5853338	4674.5
302	302	1.398	стакан-марка-красная	11.2	1.2	снег-в-тени	0.875	48.6	0.0	-1.0	1.0	bbox	301	86.1	86.1	87.1	1297,523,22,22	1426.4	39.4830242	73.5859808	4674.5
303	303	0.190	стакан-марка-красная	1.4	2.0	порода-охристая	1.461	51.8	12.0	0.0	12.0	bbox	302	16.0	16.0	18.0	807,923,20,51	1424.1	39.4833046	73.5853334	4674.5
304	304	1.737	стакан-марка-красная	13.9	1.2	корка-жёлтая-на-скале	0.891	51.0	-1.0	8.0	8.1	bbox	303	18.0	18.0	18.0	1572,73,24,33	1423.8	39.4833056	73.5853336	4674.5
305	305	1.531	стакан-марка-красная	11.4	15.7	порода-охристая	0.424	34.1	8.0	12.0	14.4	bbox	304	85.1	85.1	85.1	109,497,27,20	1421.9	39.4830242	73.5859809	4674.5
306	306	1.299	палка-ручка-пробка	9.8	11.6	лишайник-жёлтый-на-камне	0.398	64.1	1.0	14.0	14.0	bbox	305	68.1	37.0	68.1	1143,1023,32,29	1420.8	39.4830261	73.5859821	4674.5
307	307	2.020	палка-древко-контроль	16.2	1.6	снег-в-тени	2.775	40.0	-2.0	-30.0	30.1	bbox	306	9.0	8.0	15.0	811,465,42,38	1418.4	39.4833020	73.5853335	4674.5
308	308	0.980	стакан-марка-красная	7.3	10.2	порода-охристая	0.893	60.0	9.0	8.0	12.0	bbox	307	450.5	450.5	457.5	1489,517,36,16	1407.5	39.4828742	73.5863138	4663.6
309	309	1.061	крышка-контроль	8.5	0.4	порода-в-тени	1.928	42.0	-16.0	-3.0	16.3	bbox	308	22.0	22.0	22.0	1177,529,22,50	1406.0	39.4833074	73.5853335	4674.5
310	310	1.906	стакан-марка-красная	15.2	2.6	порода-охристая	1.030	52.4	17.0	15.0	22.7	bbox	309	338.4	338.4	338.4	273,113,28,16	1404.0	39.4828679	73.5863163	4663.6
311	311	0.891	стакан-марка-красная	7.1	3.1	порода-охристая	0.493	46.7	10.0	8.0	12.8	bbox	310	442.5	441.5	444.5	1745,817,30,14	1396.2	39.4828751	73.5863138	4663.6
312	312	1.888	палка-ручка-пробка	14.6	14.1	снег-розовый	0.986	89.8	1.0	9.0	9.1	bbox	311	95.1	94.1	102.1	1113,458,24,24	1392.9	39.4830225	73.5859764	4674.4
313	313	2.014	стакан-марка-красная	16.0	6.7	порода-в-тени	0.929	43.1	-5.0	1.0	5.1	bbox	312	181.2	172.2	182.2	0,929,30,60	1390.6	39.4829306	73.5861773	4674.5
314	314	0.459	рюкзак-синий	3.0	7.4	снег-в-тени	1.076	31.4	4.0	-14.0	14.6	bbox	313	248.3	246.3	251.3	1057,325,32,20	1387.1	39.4829252	73.5861773	4674.5
315	315	1.401	рюкзак-синий	11.2	2.8	снег-в-тени	0.675	41.6	-1.0	-3.0	3.2	bbox	314	170.2	168.2	171.2	0,233,54,24	1382.6	39.4829301	73.5861783	4674.5
316	316	1.486	палка-ручка-пробка	11.4	11.8	лишайник-жёлтый-на-камне	1.003	87.5	-2.0	14.0	14.1	bbox	315	419.5	417.5	421.5	1041,699,22,34	1381.2	39.4828739	73.5863164	4663.6
317	317	1.339	стакан-марка-красная	8.1	24.7	порода-охристая	0.785	25.1	7.0	8.0	10.6	bbox	316	317.4	317.4	319.4	587,1042,27,23	1378.6	39.4828677	73.5863165	4663.6
318	318	1.078	стакан-марка-красная	7.0	17.6	порода-охристая	0.436	32.2	11.0	8.0	13.6	bbox	317	364.4	364.4	374.4	1363,649,27,24	1367.9	39.4828728	73.5863161	4663.6
319	319	0.761	стакан-марка-красная	6.1	0.8	порода-охристая	0.675	50.6	10.0	7.0	12.2	bbox	318	445.5	445.5	445.5	1553,527,29,24	1363.8	39.4828750	73.5863144	4663.6
320	320	1.757	палка-ручка-пробка	11.2	29.8	корка-жёлтая-на-скале	0.259	45.9	0.0	13.0	13.0	bbox	319	3.0	2.0	4.0	1441,669,32,30	1363.6	39.4832982	73.5853334	4674.5
321	321	0.924	стакан-марка-красная	4.5	20.6	порода-в-тени	1.433	29.2	9.0	-3.0	9.5	bbox	320	22.0	22.0	22.0	735,721,26,22	1360.3	39.4833074	73.5853335	4674.5
322	322	1.001	палка-ручка-пробка	7.2	12.2	лишайник-жёлтый-на-камне	0.456	63.5	-1.0	19.0	19.0	bbox	321	4.0	0.0	4.0	1729,789,20,27	1358.9	39.4832992	73.5853335	4674.5
323	323	0.674	палка-ручка-пробка	5.0	7.0	лишайник-жёлтый-на-камне	0.732	82.7	1.0	20.0	20.0	bbox	322	7.0	7.0	7.0	1813,0,26,18	1358.9	39.4833010	73.5853334	4674.5
324	324	1.568	стакан-марка-красная	12.5	3.5	корка-жёлтая-на-скале	0.824	46.3	1.0	8.5	8.6	bbox	323	23.0	20.0	23.0	1892,345,28,28	1356.6	39.4833076	73.5853335	4674.5
325	325	1.826	стакан-марка-красная	12.5	26.3	снег-в-тени	2.309	23.5	17.0	-10.0	19.7	bbox	324	18.0	18.0	18.0	755,1045,24,24	1353.8	39.4833056	73.5853336	4674.5
326	326	1.026	стакан-марка-красная	7.2	13.7	порода-охристая	0.712	36.1	7.0	7.0	9.9	bbox	325	483.5	483.5	483.5	883,1027,27,28	1347.8	39.4828716	73.5863117	4663.6
327	327	0.177	стакан-марка-красная	1.4	0.4	порода-охристая	1.444	50.2	12.0	0.0	12.0	bbox	326	17.0	17.0	17.0	737,961,16,60	1340.6	39.4833051	73.5853334	4674.5
328	328	1.977	стакан-марка-красная	12.4	34.5	порода-в-тени	0.663	15.3	-1.0	4.0	4.1	bbox	327	480.5	476.5	480.5	371,559,49,23	1331.6	39.4828724	73.5863121	4663.6
329	329	1.766	палка-древко-контроль	12.4	23.9	снег-освещённый	0.830	65.5	-5.0	-3.0	5.8	bbox	328	220.3	213.2	220.3	1667,1031,62,40	1321.7	39.4829280	73.5861753	4674.4
330	330	0.746	стакан-марка-красная	5.8	4.5	порода-охристая	0.769	45.3	8.0	6.0	10.0	bbox	329	336.4	334.4	336.4	975,563,37,28	1313.5	39.4828670	73.5863165	4663.5
331	331	1.526	стакан-марка-красная	11.4	15.3	снег-освещённый	0.627	65.1	0.0	-2.0	2.0	bbox	330	77.1	75.1	77.1	1865,979,44,18	1309.1	39.4830247	73.5859788	4674.4
332	332	1.356	палка-ручка-пробка	10.3	12.0	лишайник-жёлтый-на-камне	0.455	63.7	0.0	14.0	14.0	bbox	331	338.4	338.4	339.4	1123,109,30,24	1299.9	39.4828679	73.5863163	4663.6
333	333	0.696	палка-ручка-контроль	3.2	16.0	лишайник-жёлтый-на-камне	1.197	41.6	5.0	23.0	23.5	bbox	332	447.5	447.5	447.5	841,130,28,38	1298.8	39.4828747	73.5863144	4663.7
334	334	0.626	рюкзак-синий	5.0	0.8	снег-в-тени	0.659	38.0	4.0	-10.0	10.8	bbox	333	354.4	348.4	354.4	1629,39,36,14	1297.4	39.4828715	73.5863143	4663.6
335	335	1.103	палка-ручка-пробка	8.1	12.6	лишайник-жёлтый-на-камне	0.565	63.1	-2.0	19.0	19.1	bbox	334	348.4	348.4	348.4	1895,957,25,31	1297.3	39.4828708	73.5863153	4663.6
336	336	1.001	стакан-марка-красная	7.6	8.6	порода-охристая	0.891	58.4	8.0	8.0	11.3	bbox	335	427.5	427.5	430.5	1361,447,32,25	1296.7	39.4828742	73.5863152	4663.6
337	337	0.396	палка-ручка-пробка	3.2	0.4	лишайник-жёлтый-на-камне	0.942	75.3	2.0	24.0	24.1	bbox	336	356.4	356.4	356.4	1377,866,32,25	1294.6	39.4828718	73.5863142	4663.6
338	338	0.597	стакан-марка-красная	4.5	5.9	снег-розовый	1.069	55.7	7.0	-1.0	7.1	bbox	337	431.5	429.5	440.5	720,57,29,26	1294.4	39.4828751	73.5863145	4663.6
339	339	0.835	стакан-марка-красная	6.4	6.7	снег-розовый	0.980	56.5	6.0	5.0	7.8	bbox	338	28.0	28.0	28.0	361,984,32,39	1293.5	39.4833086	73.5853338	4674.5
340	340	1.407	палка-древко-бирюзовое	10.0	18.1	снег-в-тени	2.435	70.6	-9.0	-24.0	25.6	bbox	339	20.0	16.0	23.0	1224,397,19,24	1290.5	39.4833066	73.5853337	4674.5
341	341	1.113	стакан-марка-красная	8.5	9.4	снег-розовый	0.981	59.2	5.0	7.0	8.6	bbox	340	483.5	483.5	483.5	949,1003,18,38	1290.4	39.4828716	73.5863117	4663.6
342	342	1.422	рюкзак-синий	10.2	17.6	порода-в-тени	0.396	21.2	-1.0	-4.0	4.1	bbox	341	217.2	217.2	225.3	529,84,48,56	1290.2	39.4829282	73.5861758	4674.5
343	343	0.613	стакан-марка-красная	4.5	7.1	снег-в-тени	1.251	42.7	7.0	-1.0	7.1	bbox	342	427.5	427.5	428.5	649,261,22,38	1287.4	39.4828742	73.5863152	4663.6
344	344	1.656	стакан-марка-красная	13.2	5.5	снег-освещённый	0.928	55.3	-2.0	-1.0	2.2	bbox	343	484.6	484.6	484.6	1713,513,32,16	1283.3	39.4828712	73.5863118	4663.6
345	345	1.246	палка-ручка-контроль	9.2	13.3	корка-жёлтая-на-скале	0.573	44.3	4.0	17.0	17.5	bbox	344	110.1	105.1	111.1	1805,956,24,21	1282.6	39.4829334	73.5861800	4674.5
346	346	1.119	рюкзак-синий	8.9	1.0	снег-в-тени	1.706	39.8	9.0	-18.0	20.1	bbox	345	25.0	25.0	25.0	1077,542,26,17	1278.3	39.4833079	73.5853333	4674.5
347	347	1.910	палка-ручка-пробка	15.2	4.3	снег-розовый	0.978	71.4	-1.0	9.0	9.1	bbox	346	409.5	402.5	411.5	434,271,32,20	1271.6	39.4828743	73.5863188	4663.6
348	348	1.163	стакан-марка-красная	9.2	4.3	порода-охристая	0.627	54.1	9.0	10.0	13.5	bbox	347	442.5	429.5	444.5	1603,541,30,18	1271.6	39.4828751	73.5863138	4663.6
349	349	1.486	стакан-марка-красная	10.8	17.3	порода-охристая	0.789	32.5	17.0	10.0	19.7	bbox	348	340.4	340.4	340.4	1444,849,37,26	1266.2	39.4828689	73.5863160	4663.6
350	350	1.592	рюкзак-синий	12.4	10.6	снег-в-тени	0.793	49.4	-2.0	-2.0	2.8	bbox	349	303.3	300.3	303.3	1689,9,66,56	1264.9	39.4828668	73.5863200	4663.6
351	351	1.377	стакан-марка-красная	7.6	27.8	снег-розовый	1.061	77.6	8.0	8.0	11.3	bbox	350	404.5	402.5	405.5	67,203,29,20	1264.4	39.4828745	73.5863204	4663.6
352	352	0.765	стакан-марка-красная	5.9	6.3	порода-охристая	0.882	56.1	13.0	6.5	14.5	bbox	351	338.4	338.4	339.4	337,189,37,28	1263.4	39.4828679	73.5863163	4663.6
353	353	1.511	рюкзак-синий	11.2	16.1	порода-в-тени	0.292	22.7	-1.0	-3.0	3.2	bbox	352	288.3	287.3	288.3	1727,24,32,49	1259.7	39.4828642	73.5863198	4674.4
354	354	1.487	стакан-марка-красная	11.7	7.5	порода-охристая	0.848	57.3	7.0	12.0	13.9	bbox	353	422.5	419.5	422.5	21,249,36,20	1258.2	39.4828741	73.5863160	4663.6
355	355	0.843	стакан-марка-красная	6.7	2.4	порода-охристая	0.795	52.2	8.0	7.0	10.6	bbox	354	323.4	323.4	323.4	595,809,17,24	1253.7	39.4828687	73.5863150	4663.6
356	356	1.043	рюкзак-синий	6.3	19.0	снег-в-тени	0.380	57.8	-1.0	-8.0	8.1	bbox	355	448.5	427.5	448.5	291,659,30,30	1246.3	39.4828746	73.5863141	4663.7
357	357	1.428	стакан-марка-красная	11.4	2.3	корка-жёлтая-на-скале	0.910	47.5	2.0	8.0	8.2	bbox	356	26.0	24.0	26.0	1722,292,29,20	1234.0	39.4833083	73.5853335	4674.5
358	358	1.668	рюкзак-синий	11.4	24.3	порода-в-тени	0.327	14.5	-2.0	-3.0	3.6	bbox	357	213.2	210.2	216.2	1369,55,46,48	1231.1	39.4829278	73.5861766	4674.5
359	359	1.035	палка-ручка-пробка	8.1	6.7	лишайник-жёлтый-на-камне	0.627	82.4	1.0	16.0	16.0	bbox	358	5.0	5.0	5.0	1497,153,24,28	1224.0	39.4832997	73.5853335	4674.5
360	360	0.751	стакан-марка-красная	5.8	5.1	порода-охристая	1.099	44.7	6.0	4.0	7.2	bbox	359	1.0	0.0	3.0	639,439,34,24	1223.4	39.4832968	73.5853336	4674.5
361	361	1.728	стакан-марка-красная	13.6	8.6	корка-жёлтая-на-скале	0.841	58.4	0.0	9.0	9.0	bbox	360	114.1	114.1	118.1	1627,635,21,32	1221.6	39.4829340	73.5861797	4674.4
362	362	1.134	рюкзак-синий	9.1	2.0	снег-в-тени	1.420	40.8	10.0	-13.0	16.4	bbox	361	21.0	17.0	25.0	673,1039,28,20	1220.3	39.4833070	73.5853337	4674.5
363	363	0.979	палка-ручка-пробка	6.1	17.3	лишайник-жёлтый-на-камне	0.355	58.4	4.0	17.0	17.5	bbox	362	114.1	105.1	114.1	1149,1063,26,17	1216.3	39.4829340	73.5861797	4674.4
364	364	1.213	рюкзак-синий	9.2	10.6	снег-в-тени	0.399	49.4	-1.0	-5.0	5.1	bbox	363	246.3	237.3	247.3	969,419,72,30	1214.5	39.4829255	73.5861775	4674.5
365	365	1.552	стакан-марка-красная	12.2	8.6	снег-освещённый	0.809	58.4	-1.0	-1.0	1.4	bbox	364	482.5	482.5	482.5	233,353,16,32	1210.9	39.4828722	73.5863119	4663.6
366	366	1.273	палка-ручка-пробка	9.2	15.1	лишайник-жёлтый-на-камне	0.432	60.6	-1.0	16.0	16.0	bbox	365	283.3	283.3	285.3	1781,657,20,29	1207.7	39.4828637	73.5863203	4674.5
367	367	1.277	стакан-марка-красная	8.9	17.3	порода-охристая	0.597	32.5	15.0	9.0	17.5	bbox	366	415.5	415.5	415.5	525,115,26,22	1203.1	39.4828738	73.5863178	4663.6
368	368	1.321	палка-ручка-пробка	9.9	13.0	лишайник-жёлтый-на-камне	0.525	62.7	-2.0	16.0	16.1	bbox	367	315.4	315.4	315.4	1551,995,30,18	1202.7	39.4828677	73.5863178	4663.6
369	369	0.950	стакан-марка-красная	4.1	22.4	снег-розовый	0.655	72.2	7.0	2.0	7.3	bbox	368	28.0	28.0	28.0	59,1057,48,23	1202.3	39.4833086	73.5853338	4674.5
370	370	1.486	стакан-марка-красная	10.3	20.8	порода-охристая	0.720	29.0	6.0	10.0	11.7	bbox	369	462.5	459.5	465.5	1255,5,24,18	1187.9	39.4828731	73.5863128	4663.7
371	371	0.486	стакан-марка-красная	3.6	5.1	снег-в-тени	1.333	44.7	8.0	-1.0	8.1	bbox	370	382.4	382.4	382.4	713,897,24,24	1187.6	39.4828780	73.5863210	4663.5
372	372	1.768	рюкзак-синий	13.3	16.4	порода-в-тени	0.070	22.4	-2.0	-1.0	2.2	bbox	371	40.0	31.0	41.0	1841,102,58,63	1186.4	39.4831813	73.5856288	4674.5
373	373	1.737	палка-ручка-пробка	13.9	1.6	лишайник-жёлтый-на-камне	0.994	77.3	-2.0	11.0	11.2	bbox	372	415.5	415.5	415.5	571,659,38,22	1181.8	39.4828738	73.5863178	4663.6
374	374	1.179	стакан-марка-красная	9.4	0.4	порода-охристая	0.780	49.4	6.0	9.0	10.8	bbox	373	106.1	105.1	119.1	897,545,30,25	1176.4	39.4829340	73.5861771	4674.5
375	375	0.554	стакан-марка-красная	3.6	9.0	снег-в-тени	1.352	40.8	8.0	-1.0	8.1	bbox	374	390.4	389.4	398.5	513,875,42,22	1169.6	39.4828766	73.5863183	4663.6
376	376	1.484	стакан-марка-красная	11.4	11.6	снег-освещённый	0.748	61.4	0.0	-2.0	2.0	bbox	375	75.1	74.1	85.1	847,211,26,30	1165.9	39.4830249	73.5859790	4674.5
377	377	1.532	палка-ручка-пробка	9.2	28.2	корка-жёлтая-на-скале	0.177	47.5	-1.0	16.0	16.0	bbox	376	294.3	293.3	294.3	477,982,20,27	1162.8	39.4828644	73.5863198	4667.5
378	378	1.108	рюкзак-синий	8.0	13.4	снег-в-тени	0.320	52.2	1.0	-6.0	6.1	bbox	377	121.1	119.1	128.1	77,322,20,47	1161.4	39.4829348	73.5861806	4674.5
379	379	1.149	палка-ручка-пробка	7.3	19.6	лишайник-жёлтый-на-камне	0.721	56.1	7.0	16.0	17.5	bbox	378	411.5	406.5	414.5	1161,619,16,28	1160.3	39.4828741	73.5863187	4663.6
380	380	1.361	рюкзак-синий	9.1	21.2	порода-в-тени	0.568	17.6	0.0	-5.0	5.0	bbox	379	148.2	146.2	149.2	37,94,36,30	1156.8	39.4829345	73.5861783	4674.5
381	381	1.586	рюкзак-синий	12.6	3.6	порода-в-тени	0.804	42.4	-3.0	-2.0	3.6	bbox	380	261.3	258.3	266.3	1057,65,60,18	1156.4	39.4828831	73.5862708	4674.5
382	382	1.215	стакан-марка-красная	8.9	13.3	порода-охристая	0.563	36.5	15.0	9.0	17.5	bbox	381	338.4	338.4	339.4	1297,801,32,16	1151.9	39.4828679	73.5863163	4663.6
383	383	1.822	стакан-марка-красная	14.4	7.5	корка-жёлтая-на-скале	0.832	57.3	-1.0	9.0	9.1	bbox	382	96.1	94.1	97.1	1837,1009,20,50	1150.2	39.4830223	73.5859759	4674.5
384	384	1.268	рюкзак-синий	5.5	29.8	снег-в-тени	1.747	9.0	6.5	-13.5	15.0	bbox	383	15.0	8.0	15.0	852,661,25,24	1145.7	39.4833044	73.5853333	4674.5
385	385	1.339	палка-ручка-пробка	9.1	20.0	лишайник-жёлтый-на-камне	0.571	55.7	4.0	14.0	14.6	bbox	384	75.1	74.1	77.1	959,659,26,28	1144.8	39.4830249	73.5859790	4674.5
386	386	1.465	рюкзак-синий	7.3	32.1	снег-в-тени	1.846	6.7	8.0	-12.0	14.4	bbox	385	447.5	446.5	447.5	35,57,22,29	1144.8	39.4828747	73.5863144	4663.7
387	387	1.951	палка-древко-контроль	14.0	23.9	снег-пересвеченный	1.121	65.5	-9.0	-1.0	9.1	bbox	386	249.3	249.3	249.3	1610,225,39,12	1143.7	39.4829249	73.5861773	4674.5
388	388	1.428	палка-ручка-пробка	11.4	2.3	лишайник-жёлтый-на-камне	0.769	78.0	-2.0	14.0	14.1	bbox	387	365.4	363.4	373.4	1783,389,49,38	1137.5	39.4828729	73.5863167	4663.6
389	389	1.335	палка-ручка-пробка	10.6	3.5	лишайник-жёлтый-на-камне	0.743	79.2	-2.0	15.0	15.1	bbox	388	363.4	363.4	364.4	1867,585,38,24	1134.3	39.4828723	73.5863154	4663.6
390	390	1.798	стакан-марка-красная	13.3	18.8	снег-освещённый	0.517	68.6	-2.0	-2.0	2.8	bbox	389	311.4	311.4	314.4	1869,175,34,66	1131.8	39.4828678	73.5863201	4663.6
391	391	0.920	стакан-марка-красная	6.3	13.5	снег-в-тени	1.167	36.3	8.0	-4.5	9.2	bbox	390	417.5	417.5	421.5	867,729,18,32	1131.0	39.4828738	73.5863171	4663.6
392	392	1.841	стакан-марка-красная	10.3	36.9	порода-охристая	1.576	12.9	20.0	6.0	20.9	bbox	391	16.0	16.0	17.0	1145,805,24,31	1130.7	39.4833046	73.5853334	4674.5
393	393	1.321	рюкзак-синий	7.2	27.0	порода-в-тени	1.275	11.8	5.0	-8.0	9.4	bbox	392	354.4	353.4	354.4	529,669,32,16	1129.6	39.4828715	73.5863143	4663.6
394	394	1.288	стакан-марка-красная	10.3	1.6	порода-охристая	0.728	48.2	6.0	10.0	11.7	bbox	393	354.4	354.4	354.4	1615,473,21,29	1127.3	39.4828715	73.5863143	4663.6
395	395	0.928	палка-ручка-пробка	6.0	15.3	лишайник-жёлтый-на-камне	1.237	91.0	-1.0	23.0	23.0	bbox	394	446.5	446.5	446.5	849,347,48,21	1125.8	39.4828750	73.5863145	4663.6
396	396	1.167	палка-ручка-пробка	8.1	16.5	лишайник-жёлтый-на-камне	0.286	59.2	1.0	16.0	16.0	bbox	395	329.4	328.4	336.4	745,17,32,16	1125.7	39.4828670	73.5863151	4663.6
397	397	1.494	рюкзак-синий	10.4	20.4	порода-в-тени	0.382	18.4	-2.0	-4.0	4.5	bbox	396	146.2	146.2	146.2	49,33,48,33	1125.0	39.4829347	73.5861789	4674.4
398	398	1.151	рюкзак-синий	9.1	5.9	снег-в-тени	0.650	32.9	0.0	-5.0	5.0	bbox	397	260.3	255.3	260.3	1107,151,68,22	1122.5	39.4828927	73.5862489	4674.5
399	399	1.545	стакан-марка-красная	10.4	23.1	порода-охристая	1.289	72.9	14.0	11.0	17.8	bbox	398	327.4	327.4	327.4	1243,741,19,19	1121.5	39.4828676	73.5863155	4663.6
400	400	1.349	палка-ручка-пробка	9.2	19.6	корка-жёлтая-на-скале	0.344	56.1	-1.0	16.0	16.0	bbox	399	338.4	338.4	338.4	1121,7,40,16	1118.8	39.4828679	73.5863163	4663.6
401	401	1.411	стакан-марка-красная	11.2	5.5	снег-в-тени	0.884	44.3	0.0	-1.0	1.0	bbox	400	75.1	72.1	77.1	1355,433,22,16	1118.7	39.4830249	73.5859790	4674.5
402	402	0.935	стакан-марка-красная	4.2	21.6	порода-охристая	1.019	28.2	8.0	4.0	8.9	bbox	401	66.1	60.1	68.1	150,865,27,18	1118.6	39.4830258	73.5859831	4674.5
403	403	2.091	стакан-марка-красная	12.2	40.2	снег-освещённый	0.352	90.0	-1.0	-1.0	1.4	bbox	402	77.1	73.1	77.1	1682,945,29,22	1114.6	39.4830247	73.5859788	4674.4
404	404	2.210	стакан-марка-красная	17.5	9.0	корка-жёлтая-на-скале	0.839	40.8	-4.0	10.0	10.8	bbox	403	419.5	417.5	419.5	81,0,18,21	1102.1	39.4828739	73.5863164	4663.6
405	405	1.583	палка-ручка-пробка	11.2	20.8	корка-жёлтая-на-скале	0.588	54.9	3.0	12.0	12.4	bbox	404	86.1	86.1	86.1	905,749,32,28	1101.0	39.4830242	73.5859808	4674.5
406	406	1.941	палка-ручка-пробка	14.9	15.7	снег-розовый	1.034	91.4	0.0	9.0	9.0	bbox	405	401.5	401.5	401.5	1184,881,23,24	1099.5	39.4828750	73.5863206	4663.6
407	407	1.069	стакан-марка-красная	7.3	15.7	порода-охристая	0.476	34.1	9.0	8.0	12.0	bbox	406	479.5	479.5	479.5	1107,97,14,32	1095.9	39.4828724	73.5863121	4663.6
408	408	1.858	рюкзак-синий	14.9	0.6	порода-в-тени	0.734	39.4	-4.0	0.0	4.0	bbox	407	210.2	210.2	215.2	1829,345,44,46	1094.3	39.4829277	73.5861765	4674.5
409	409	1.723	стакан-марка-красная	11.2	28.2	снег-освещённый	0.202	78.0	0.0	-1.0	1.0	bbox	408	57.1	56.1	57.1	465,434,30,21	1093.1	39.4830260	73.5859845	4674.5
410	410	1.085	рюкзак-синий	6.0	21.9	порода-в-тени	0.960	16.9	1.0	-8.0	8.1	bbox	409	72.1	71.1	72.1	1812,65,13,39	1088.9	39.4830253	73.5859795	4674.5
411	411	1.160	стакан-марка-красная	9.1	7.1	порода-охристая	0.683	56.9	10.0	10.0	14.1	bbox	410	344.4	342.4	348.4	921,653,29,20	1085.1	39.4828700	73.5863151	4663.6
412	412	0.682	стакан-марка-красная	5.4	3.1	порода-охристая	0.850	52.9	9.0	6.0	10.8	bbox	411	477.5	473.5	477.5	849,171,30,27	1082.8	39.4828724	73.5863121	4663.6
413	413	1.104	рюкзак-синий	7.0	18.8	снег-в-тени	0.394	57.6	1.0	-7.0	7.1	bbox	412	449.5	448.5	449.5	897,620,19,39	1072.3	39.4828744	73.5863139	4663.6
414	414	0.724	палка-ручка-пробка	5.7	4.3	лишайник-жёлтый-на-камне	0.588	80.0	1.0	19.0	19.0	bbox	413	28.0	28.0	28.0	1561,131,24,22	1070.6	39.4833086	73.5853338	4674.5
415	415	1.609	стакан-марка-красная	11.0	23.1	порода-в-тени	0.503	26.7	0.0	2.0	2.0	bbox	414	75.1	75.1	77.1	1721,167,24,36	1067.3	39.4830249	73.5859790	4674.5
416	416	1.061	стакан-марка-красная	8.5	0.8	порода-охристая	1.001	50.6	5.0	7.0	8.6	bbox	415	468.5	468.5	469.5	1217,33,24,24	1066.3	39.4828729	73.5863137	4663.6
417	417	1.416	рюкзак-синий	8.1	27.9	снег-в-тени	1.231	66.7	8.0	-10.0	12.8	bbox	416	448.5	447.5	448.5	1829,590,18,19	1063.7	39.4828746	73.5863141	4663.7
418	418	1.618	стакан-марка-красная	12.1	16.3	порода-охристая	0.661	33.5	6.0	12.0	13.4	bbox	417	449.5	449.5	449.5	659,53,29,16	1063.0	39.4828744	73.5863139	4663.6
419	419	0.639	рюкзак-синий	2.2	16.1	снег-в-тени	0.985	54.9	3.0	-15.0	15.3	bbox	418	447.5	447.5	448.5	1727,170,26,19	1059.6	39.4828747	73.5863144	4663.7
420	420	1.906	палка-ручка-пробка	14.8	13.3	корка-жёлтая-на-скале	0.850	62.4	-2.0	10.0	10.2	bbox	419	392.4	392.4	392.4	1853,72,21,27	1059.5	39.4828759	73.5863184	4663.6
421	421	1.009	рюкзак-синий	8.0	3.7	снег-в-тени	0.337	42.5	1.0	-6.0	6.1	bbox	420	209.2	209.2	209.2	1197,136,60,17	1057.6	39.4829278	73.5861766	4674.5
422	422	1.169	палка-ручка-контроль	8.2	15.4	корка-жёлтая-на-скале	0.657	42.2	4.0	18.0	18.4	bbox	421	104.1	104.1	104.1	1701,897,20,18	1056.3	39.4829563	73.5861264	4674.4
423	423	0.539	стакан-марка-красная	4.2	2.7	снег-в-тени	1.250	47.1	8.0	-2.0	8.2	bbox	422	428.5	427.5	428.5	243,183,20,26	1050.9	39.4828744	73.5863151	4663.6
424	424	0.973	стакан-марка-красная	5.8	18.0	снег-в-тени	1.256	31.8	8.0	-4.0	8.9	bbox	423	5.0	5.0	5.0	1057,571,8,47	1047.8	39.4832997	73.5853335	4674.5
425	425	1.427	палка-ручка-пробка	9.1	24.3	корка-жёлтая-на-скале	0.771	51.4	6.0	14.0	15.2	bbox	424	91.1	89.1	93.1	865,671,26,18	1044.6	39.4830230	73.5859789	4674.4
426	426	1.753	стакан-марка-красная	7.3	42.0	порода-в-тени	0.874	7.8	4.0	-1.0	4.1	bbox	425	285.3	283.3	285.3	783,875,27,30	1041.4	39.4828638	73.5863197	4674.5
427	427	1.150	стакан-марка-красная	7.2	20.0	порода-охристая	0.771	29.8	7.0	7.0	9.9	bbox	426	463.5	463.5	468.5	1589,163,44,16	1040.8	39.4828731	73.5863128	4663.6
428	428	0.864	рюкзак-синий	5.8	13.0	снег-в-тени	0.534	51.8	4.0	-9.0	9.8	bbox	427	17.0	17.0	17.0	263,299,18,47	1040.1	39.4833051	73.5853334	4674.5
429	429	1.858	стакан-марка-красная	14.8	5.9	корка-жёлтая-на-скале	0.953	55.7	-2.0	8.0	8.2	bbox	428	420.5	420.5	420.5	455,545,22,32	1039.6	39.4828740	73.5863161	4663.6
430	430	0.904	рюкзак-синий	6.1	13.7	снег-в-тени	1.479	25.1	7.0	-15.0	16.6	bbox	429	448.5	447.5	448.5	1777,359,20,24	1039.3	39.4828746	73.5863141	4663.7
431	431	1.047	палка-ручка-пробка	7.1	15.7	лишайник-жёлтый-на-камне	0.342	60.0	4.0	16.0	16.5	bbox	430	355.4	355.4	355.4	1423,487,26,31	1036.7	39.4828718	73.5863142	4663.6
432	432	0.411	стакан-марка-красная	3.2	3.1	снег-розовый	1.157	52.9	8.0	2.0	8.2	bbox	431	7.0	7.0	7.0	17,861,21,20	1035.8	39.4833010	73.5853334	4674.5
433	433	0.523	стакан-марка-красная	3.6	7.5	снег-розовый	1.052	57.3	8.0	3.0	8.5	bbox	432	20.0	20.0	20.0	1534,793,29,19	1035.8	39.4833066	73.5853337	4674.5
434	434	0.727	стакан-марка-красная	5.7	4.7	порода-охристая	0.933	45.1	7.0	5.0	8.6	bbox	433	334.4	330.4	336.4	1137,701,38,28	1034.8	39.4828663	73.5863157	4663.6
435	435	1.177	палка-ручка-пробка	9.2	6.7	лишайник-жёлтый-на-камне	0.720	82.4	-1.0	16.0	16.0	bbox	434	79.1	79.1	86.1	495,25,22,20	1031.1	39.4830247	73.5859794	4674.5
436	436	2.216	стакан-марка-красная	17.3	14.1	порода-в-тени	0.969	35.7	-6.0	4.0	7.2	bbox	435	225.3	224.3	226.3	921,0,68,12	1030.8	39.4829277	73.5861769	4674.5
437	437	1.028	палка-ручка-пробка	7.8	9.0	лишайник-жёлтый-на-камне	0.792	84.7	-1.0	18.0	18.0	bbox	436	75.1	75.1	77.1	1431,37,28,30	1029.2	39.4830249	73.5859790	4674.5
438	438	1.401	палка-ручка-пробка	9.4	21.2	корка-жёлтая-на-скале	0.240	54.5	0.0	15.0	15.0	bbox	437	0.0	0.0	1.0	539,1031,17,27	1029.0	39.4832959	73.5853336	4674.5
439	439	1.583	стакан-марка-красная	12.2	12.4	снег-освещённый	0.677	62.2	-1.0	-1.0	1.4	bbox	438	92.1	92.1	92.1	90,617,25,16	1028.6	39.4830227	73.5859783	4674.4
440	440	1.865	стакан-марка-красная	14.5	11.8	корка-жёлтая-на-скале	1.031	38.0	-2.0	7.5	7.8	bbox	439	23.0	19.0	23.0	1579,161,30,14	1028.3	39.4833076	73.5853335	4674.5
441	441	1.872	стакан-марка-красная	13.9	19.6	корка-жёлтая-на-скале	1.085	30.2	-1.0	8.0	8.1	bbox	440	150.2	146.2	152.2	1199,1005,17,36	1026.0	39.4829343	73.5861787	4674.5
442	442	1.380	стакан-марка-красная	10.4	12.5	порода-охристая	0.377	37.3	8.0	11.0	13.6	bbox	441	75.1	75.1	82.1	395,415,18,22	1022.3	39.4830249	73.5859790	4674.5
443	443	1.283	палка-ручка-пробка	9.4	14.1	лишайник-жёлтый-на-камне	0.380	61.6	0.0	15.0	15.0	bbox	442	7.0	7.0	7.0	1507,273,32,19	1014.7	39.4833010	73.5853334	4674.5
444	444	1.237	палка-ручка-пробка	9.2	12.6	лишайник-жёлтый-на-камне	0.404	63.1	-1.0	16.0	16.0	bbox	443	67.1	62.1	72.1	533,587,14,30	1014.7	39.4830260	73.5859827	4674.5
445	445	0.896	стакан-марка-красная	4.5	19.6	снег-в-тени	1.432	30.2	9.0	-3.0	9.5	bbox	444	427.5	427.5	433.5	563,35,35,12	1014.1	39.4828742	73.5863152	4663.6
446	446	1.602	рюкзак-синий	12.2	14.1	порода-в-тени	0.234	24.7	-1.0	-2.0	2.2	bbox	445	291.3	287.3	305.3	1853,15,52,30	1007.4	39.4828640	73.5863207	4670.9
447	447	1.616	стакан-марка-красная	10.4	26.7	снег-освещённый	0.386	76.5	1.0	-2.0	2.2	bbox	446	379.4	379.4	382.4	359,105,30,30	1005.1	39.4828777	73.5863208	4663.6
448	448	1.481	палка-ручка-пробка	11.7	7.2	лишайник-жёлтый-на-камне	0.882	82.9	-1.0	13.0	13.0	bbox	447	422.5	422.5	422.5	949,435,42,22	1004.3	39.4828741	73.5863160	4663.6
449	449	0.948	палка-ручка-пробка	7.2	8.2	лишайник-жёлтый-на-камне	0.670	83.9	1.0	17.0	17.0	bbox	448	336.4	333.4	336.4	1265,497,18,17	999.1	39.4828670	73.5863165	4663.5
450	450	1.268	рюкзак-синий	7.1	25.5	порода-в-тени	1.437	13.3	6.0	-9.0	10.8	bbox	449	415.5	415.5	415.5	417,939,16,32	997.8	39.4828738	73.5863178	4663.6
451	451	1.312	рюкзак-синий	8.2	22.7	снег-в-тени	1.884	16.1	9.0	-16.0	18.4	bbox	450	380.4	380.4	380.4	1366,302,17,19	997.0	39.4828778	73.5863211	4663.6
452	452	2.285	палка-ручка-пробка	17.1	22.7	снег-розовый	1.042	98.4	-1.0	7.0	7.1	bbox	451	73.1	73.1	77.1	1179,397,19,37	996.3	39.4830257	73.5859792	4674.5
453	453	0.896	стакан-марка-красная	5.1	17.7	снег-розовый	1.175	67.5	10.0	6.0	11.7	bbox	452	469.5	469.5	472.5	718,233,19,30	996.2	39.4828727	73.5863138	4663.6
454	454	2.019	стакан-марка-красная	16.1	3.3	корка-жёлтая-на-скале	0.860	53.1	-3.0	9.0	9.5	bbox	453	421.5	417.5	421.5	433,155,46,18	995.1	39.4828739	73.5863160	4663.6
455	455	0.814	палка-ручка-пробка	6.4	4.1	лишайник-жёлтый-на-камне	0.415	71.6	0.0	19.0	19.0	bbox	454	330.4	327.4	331.4	1893,113,27,16	992.4	39.4828666	73.5863150	4663.6
456	456	1.808	стакан-марка-красная	13.9	14.1	корка-жёлтая-на-скале	0.984	35.7	-1.0	8.0	8.1	bbox	455	153.2	150.2	154.2	1586,441,19,21	990.7	39.4829339	73.5861790	4674.5
457	457	0.638	палка-ручка-пробка	5.1	0.8	лишайник-жёлтый-на-камне	0.991	76.5	0.0	24.0	24.0	bbox	456	337.4	337.4	337.4	1521,467,16,18	990.6	39.4828673	73.5863164	4663.6
458	458	1.500	рюкзак-синий	11.0	16.4	порода-в-тени	0.360	22.4	0.0	-3.0	3.0	bbox	457	315.4	309.4	315.4	1772,5,42,36	990.4	39.4828677	73.5863178	4663.6
459	459	0.953	стакан-марка-красная	6.3	14.9	порода-охристая	0.573	34.9	9.0	7.0	11.4	bbox	458	5.0	5.0	5.0	285,737,34,14	984.9	39.4832997	73.5853335	4674.5
460	460	1.521	рюкзак-синий	11.2	16.8	порода-в-тени	0.285	22.0	-1.0	-3.0	3.2	bbox	459	211.2	211.2	216.2	691,49,34,28	982.1	39.4829277	73.5861766	4674.5
461	461	1.537	рюкзак-синий	12.2	6.3	порода-в-тени	0.469	32.5	-1.0	-2.0	2.2	bbox	460	307.3	305.3	308.4	1657,7,35,46	975.7	39.4828676	73.5863206	4663.6
462	462	1.235	рюкзак-синий	6.8	25.1	порода-в-тени	1.304	13.7	5.0	-8.5	9.9	bbox	461	78.1	78.1	78.1	949,622,44,9	973.0	39.4830247	73.5859790	4674.5
463	463	1.002	стакан-марка-красная	5.4	20.8	снег-розовый	1.038	70.6	9.0	6.0	10.8	bbox	462	461.5	457.5	464.5	1497,521,25,30	972.4	39.4828733	73.5863128	4663.6
464	464	1.527	рюкзак-синий	11.2	17.2	порода-в-тени	0.283	21.6	-1.0	-3.0	3.2	bbox	463	312.4	311.4	315.4	1822,173,24,38	972.1	39.4828678	73.5863196	4663.6
465	465	1.489	палка-ручка-пробка	10.6	18.8	лишайник-жёлтый-на-камне	1.216	94.5	-3.0	16.0	16.3	bbox	464	426.5	426.5	426.5	57,345,16,24	971.7	39.4828741	73.5863152	4663.6
466	466	1.860	стакан-марка-красная	14.8	6.5	корка-жёлтая-на-скале	0.959	56.3	-2.0	8.0	8.2	bbox	465	90.1	90.1	90.1	195,985,56,9	970.5	39.4830233	73.5859794	4674.5
467	467	1.447	палка-ручка-контроль	10.8	14.9	корка-жёлтая-на-скале	0.333	42.7	2.0	16.0	16.1	bbox	466	283.3	283.3	287.3	968,0,20,25	968.6	39.4828637	73.5863203	4674.5
468	468	0.619	рюкзак-синий	4.0	10.2	снег-в-тени	0.283	49.0	1.0	-10.0	10.0	bbox	467	287.3	287.3	287.3	1907,0,13,45	966.0	39.4828644	73.5863200	4674.4
469	469	1.714	стакан-марка-красная	13.0	14.9	корка-жёлтая-на-скале	0.989	34.9	0.0	8.0	8.0	bbox	468	154.2	146.2	163.2	855,913,18,16	965.1	39.4829336	73.5861791	4674.5
470	470	2.079	стакан-марка-красная	11.0	43.5	порода-в-тени	0.676	6.3	0.0	2.0	2.0	bbox	469	481.5	481.5	481.5	10,25,17,32	964.3	39.4828724	73.5863121	4663.6
471	471	1.418	стакан-марка-красная	7.6	29.4	снег-розовый	1.062	79.2	8.0	8.0	11.3	bbox	470	454.5	448.5	455.5	1255,201,18,22	961.9	39.4828743	73.5863138	4663.6
472	472	1.871	стакан-марка-красная	14.8	8.6	корка-жёлтая-на-скале	0.986	58.4	-2.0	8.0	8.2	bbox	471	132.2	132.2	132.2	1571,1013,30,16	957.2	39.4829334	73.5861797	4674.5
473	473	1.109	палка-ручка-пробка	8.5	9.0	лишайник-жёлтый-на-камне	0.377	66.7	-1.0	17.0	17.0	bbox	472	5.0	5.0	5.0	1887,681,21,16	956.9	39.4832997	73.5853335	4674.5
474	474	1.653	стакан-марка-красная	11.7	21.8	снег-освещённый	0.358	71.6	-0.5	-1.0	1.1	bbox	473	87.1	87.1	87.1	107,561,20,16	955.9	39.4830241	73.5859806	4674.4
475	475	0.579	палка-ручка-пробка	3.6	10.2	лишайник-жёлтый-на-камне	0.883	85.9	2.0	21.0	21.1	bbox	474	282.3	282.3	282.3	273,139,28,22	954.6	39.4828632	73.5863204	4674.5
476	476	1.234	палка-ручка-пробка	9.4	10.2	лишайник-жёлтый-на-камне	0.354	65.5	0.0	15.0	15.0	bbox	475	28.0	28.0	28.0	1139,25,32,16	953.5	39.4833086	73.5853338	4674.5
477	477	1.032	рюкзак-синий	6.7	16.8	снег-в-тени	1.050	22.0	4.0	-8.0	8.9	bbox	476	378.4	377.4	378.4	189,237,20,28	951.7	39.4828773	73.5863208	4663.5
478	478	1.359	палка-ручка-пробка	8.5	23.5	корка-жёлтая-на-скале	0.294	52.2	2.0	15.0	15.1	bbox	477	338.4	338.4	338.4	1405,149,20,28	949.3	39.4828679	73.5863163	4663.6
479	479	0.936	стакан-марка-красная	7.1	8.6	порода-охристая	0.408	41.2	10.0	8.0	12.8	bbox	478	28.0	28.0	28.0	83,840,18,21	947.6	39.4833086	73.5853338	4674.5
480	480	0.663	рюкзак-синий	4.0	12.2	снег-в-тени	0.302	51.0	1.0	-10.0	10.0	bbox	479	221.3	221.3	221.3	1350,53,27,23	947.3	39.4829280	73.5861755	4674.5
481	481	1.415	стакан-марка-красная	11.3	1.6	корка-жёлтая-на-скале	0.839	48.2	3.0	9.0	9.5	bbox	480	16.0	16.0	16.0	1661,317,22,20	944.9	39.4833046	73.5853334	4674.5
482	482	1.242	стакан-марка-красная	7.2	23.9	снег-розовый	0.548	73.7	5.0	5.0	7.1	bbox	481	53.1	53.1	58.1	561,820,37,31	941.3	39.4830259	73.5859849	4674.5
483	483	0.674	стакан-марка-красная	5.0	7.1	порода-охристая	0.853	42.7	8.0	5.0	9.4	bbox	482	323.4	322.4	326.4	1232,923,31,27	940.9	39.4828687	73.5863150	4663.6
484	484	1.324	рюкзак-синий	7.0	27.8	снег-в-тени	1.814	11.0	8.0	-14.0	16.1	bbox	483	416.5	416.5	416.5	156,1063,19,17	940.7	39.4828738	73.5863174	4663.6
485	485	0.355	стакан-марка-красная	2.8	1.0	снег-розовый	1.350	50.8	9.0	-1.0	9.1	bbox	484	395.4	395.4	401.5	1265,1031,31,12	939.2	39.4828751	73.5863186	4663.6
486	486	1.025	стакан-марка-красная	7.1	14.5	порода-охристая	1.006	64.3	10.0	8.0	12.8	bbox	485	385.4	382.4	398.5	1433,946,22,16	938.0	39.4828781	73.5863205	4663.5
487	487	1.572	стакан-марка-красная	12.5	3.7	корка-жёлтая-на-скале	0.757	53.5	5.0	12.0	13.0	bbox	486	88.1	88.1	88.1	873,615,30,22	937.6	39.4830239	73.5859802	4674.4
488	488	1.858	палка-ручка-пробка	14.9	0.4	снег-розовый	0.914	75.3	0.0	9.0	9.0	bbox	487	72.1	71.1	72.1	657,817,16,22	936.8	39.4830253	73.5859795	4674.5
489	489	2.011	стакан-марка-красная	12.2	36.9	снег-освещённый	0.244	86.7	-1.0	-1.0	1.4	bbox	488	57.1	57.1	57.1	659,548,14,27	936.7	39.4830260	73.5859845	4674.5
490	490	1.061	палка-ручка-пробка	8.5	1.2	лишайник-жёлтый-на-камне	0.553	76.9	-1.0	17.0	17.0	bbox	489	10.0	10.0	15.0	1109,0,16,17	936.1	39.4833024	73.5853335	4674.5
491	491	1.320	стакан-марка-красная	6.4	29.4	порода-охристая	1.027	20.4	15.0	6.0	16.2	bbox	490	343.4	340.4	343.4	213,29,21,24	933.4	39.4828696	73.5863155	4663.6
492	492	2.064	стакан-марка-красная	12.5	37.7	снег-розовый	0.760	87.5	0.0	7.0	7.0	bbox	491	481.5	481.5	481.5	1225,857,16,56	933.0	39.4828724	73.5863121	4663.6
493	493	1.266	рюкзак-синий	4.2	32.2	снег-в-тени	0.943	71.0	-2.0	-11.0	11.2	bbox	492	26.0	25.0	26.0	1346,555,21,54	931.3	39.4833083	73.5853335	4674.5
494	494	0.694	стакан-марка-красная	4.2	12.6	снег-розовый	0.960	62.4	8.0	4.0	8.9	bbox	493	484.6	484.6	484.6	1025,923,30,10	928.9	39.4828712	73.5863118	4663.6
495	495	0.953	рюкзак-синий	7.6	1.2	снег-в-тени	1.128	37.6	8.0	-11.0	13.6	bbox	494	447.5	447.5	447.5	703,801,22,26	928.6	39.4828747	73.5863144	4663.7
496	496	1.486	палка-древко-контроль	10.8	17.6	снег-в-тени	2.221	59.2	-4.0	-25.0	25.3	bbox	495	20.0	20.0	20.0	428,931,17,23	928.3	39.4833066	73.5853337	4674.5
497	497	0.486	стакан-марка-красная	3.6	5.1	снег-в-тени	1.333	44.7	8.0	-1.0	8.1	bbox	496	394.4	394.4	399.5	1087,1019,34,14	926.7	39.4828754	73.5863186	4663.6
498	498	0.683	стакан-марка-красная	5.1	6.9	порода-охристая	0.912	56.7	10.0	6.0	11.7	bbox	497	357.4	357.4	362.4	599,649,24,16	926.1	39.4828720	73.5863141	4663.6
499	499	2.319	рюкзак-синий	17.7	19.2	снег-в-тени	3.137	19.6	6.0	-31.0	31.6	bbox	498	25.0	25.0	26.0	750,732,35,29	925.2	39.4833079	73.5853333	4674.5
500	500	0.993	рюкзак-синий	6.3	16.8	снег-в-тени	0.996	22.0	3.0	-8.0	8.5	bbox	499	50.1	42.0	51.1	1907,541,13,50	921.0	39.4830257	73.5859860	4674.4
501	501	0.897	рюкзак-синий	6.1	13.3	снег-в-тени	0.835	25.5	2.0	-8.0	8.2	bbox	500	302.3	300.3	302.3	1857,19,33,22	920.7	39.4828664	73.5863198	4663.6
502	502	0.806	рюкзак-синий	2.2	21.2	снег-в-тени	1.213	17.6	2.0	-12.0	12.2	bbox	501	422.5	422.5	422.5	1053,1033,14,22	918.5	39.4828741	73.5863160	4663.6
503	503	1.785	стакан-марка-красная	13.0	20.4	снег-розовый	0.834	70.2	0.0	8.0	8.0	bbox	502	129.1	120.1	132.2	1379,721,30,16	916.2	39.4829335	73.5861809	4674.5
504	504	1.980	стакан-марка-красная	15.8	3.1	корка-жёлтая-на-скале	0.698	52.9	-2.0	10.0	10.2	bbox	503	427.5	427.5	428.5	434,143,43,20	914.7	39.4828742	73.5863152	4663.6
505	505	0.553	рюкзак-синий	3.6	9.0	снег-в-тени	0.833	29.8	3.0	-11.0	11.4	bbox	504	353.4	353.4	354.4	299,609,18,18	913.3	39.4828711	73.5863144	4663.6
506	506	1.909	палка-ручка-пробка	15.2	3.9	снег-розовый	0.975	71.8	-1.0	9.0	9.1	bbox	505	100.1	94.1	102.1	403,937,23,23	911.3	39.4830196	73.5859808	4674.5
507	507	0.914	стакан-марка-красная	3.0	23.3	порода-в-тени	1.644	26.5	11.0	-2.0	11.2	bbox	506	425.5	425.5	429.5	1367,241,16,24	910.2	39.4828740	73.5863154	4663.6
508	508	1.418	стакан-марка-красная	7.6	29.4	снег-розовый	1.062	79.2	8.0	8.0	11.3	bbox	507	406.5	402.5	406.5	55,0,26,13	905.4	39.4828745	73.5863195	4663.6
509	509	1.186	палка-ручка-пробка	9.2	7.8	лишайник-жёлтый-на-камне	0.756	83.5	-1.0	16.0	16.0	bbox	508	86.1	86.1	86.1	1664,281,23,22	904.7	39.4830242	73.5859808	4674.5
510	510	1.194	рюкзак-синий	9.1	10.6	снег-в-тени	0.379	49.4	0.0	-5.0	5.0	bbox	509	302.3	297.3	304.3	1801,195,32,30	903.7	39.4828664	73.5863198	4663.6
511	511	0.386	палка-ручка-пробка	2.2	7.5	лишайник-жёлтый-на-камне	0.889	68.2	3.0	24.0	24.2	bbox	510	282.3	282.3	282.3	1361,1049,16,20	898.1	39.4828632	73.5863204	4674.5
512	512	1.283	стакан-марка-красная	8.6	19.6	снег-розовый	0.948	69.4	6.0	8.0	10.0	bbox	511	28.0	28.0	29.0	519,1045,26,26	896.8	39.4833086	73.5853338	4674.5
513	513	0.858	стакан-марка-красная	6.7	5.1	порода-охристая	0.859	54.9	8.0	7.0	10.6	bbox	512	356.4	356.4	356.4	209,737,28,16	896.7	39.4828718	73.5863142	4663.6
514	514	1.431	палка-ручка-пробка	10.6	14.9	лишайник-жёлтый-на-камне	1.056	90.6	-2.0	15.0	15.1	bbox	513	379.4	379.4	379.4	305,657,27,18	895.9	39.4828777	73.5863208	4663.6
515	515	1.185	стакан-марка-красная	7.8	18.8	снег-в-тени	1.031	31.0	6.0	-5.0	7.8	bbox	514	78.1	78.1	84.1	585,235,24,21	895.5	39.4830247	73.5859790	4674.5
516	516	1.172	палка-ручка-контроль	8.2	15.6	корка-жёлтая-на-скале	0.659	42.0	4.0	18.0	18.4	bbox	515	103.1	103.1	110.1	1657,877,18,16	895.4	39.4829786	73.5860749	4674.4
517	517	1.208	палка-ручка-пробка	9.2	10.2	лишайник-жёлтый-на-камне	0.828	85.9	-1.0	16.0	16.0	bbox	516	324.4	323.4	325.4	1505,745,20,16	895.1	39.4828685	73.5863153	4663.6
518	518	1.170	палка-ручка-пробка	8.1	16.7	лишайник-жёлтый-на-камне	0.975	92.4	1.0	16.0	16.0	bbox	517	85.1	85.1	85.1	1839,219,27,20	890.4	39.4830242	73.5859809	4674.5
519	519	1.291	рюкзак-синий	10.2	5.7	порода-в-тени	0.603	33.1	-1.0	-4.0	4.1	bbox	518	312.4	312.4	313.4	1801,41,25,40	888.9	39.4828678	73.5863196	4663.6
520	520	2.028	стакан-марка-красная	14.8	23.5	порода-в-тени	1.144	26.3	-2.0	8.0	8.2	bbox	519	149.2	146.2	151.2	1441,1041,28,24	887.0	39.4829342	73.5861785	4674.5
521	521	1.841	стакан-марка-красная	14.4	10.4	корка-жёлтая-на-скале	0.817	39.4	-1.0	9.0	9.1	bbox	520	135.2	133.2	135.2	1668,119,17,22	886.5	39.4829338	73.5861791	4674.5
522	522	1.100	стакан-марка-красная	5.1	25.1	порода-в-тени	1.079	24.7	6.0	2.0	6.3	bbox	521	84.1	84.1	84.1	349,233,28,24	881.1	39.4830248	73.5859810	4674.4
523	523	1.993	рюкзак-синий	13.0	32.1	порода-в-тени	0.551	6.7	0.0	-1.0	1.0	bbox	522	170.2	169.2	170.2	0,441,17,24	877.3	39.4829301	73.5861783	4674.5
524	524	0.697	рюкзак-синий	5.0	8.7	снег-в-тени	0.559	47.5	4.0	-10.0	10.8	bbox	523	26.0	24.0	26.0	333,273,16,40	876.5	39.4833083	73.5853335	4674.5
525	525	0.785	рюкзак-синий	6.0	6.4	снег-в-тени	0.566	32.4	1.0	-8.0	8.1	bbox	524	68.1	67.1	72.1	1909,73,11,32	875.0	39.4830261	73.5859821	4674.5
526	526	0.923	палка-ручка-пробка	7.1	7.5	лишайник-жёлтый-на-камне	0.296	68.2	0.0	18.0	18.0	bbox	525	284.3	283.3	285.3	1729,741,24,24	872.3	39.4828637	73.5863200	4674.5
527	527	1.188	палка-ручка-пробка	9.2	8.1	лишайник-жёлтый-на-камне	0.403	67.6	-1.0	16.0	16.0	bbox	526	28.0	28.0	32.0	1481,151,20,20	871.6	39.4833086	73.5853338	4674.5
528	528	1.511	рюкзак-синий	11.2	16.1	порода-в-тени	0.292	22.7	-1.0	-3.0	3.2	bbox	527	260.3	252.3	260.3	1244,137,37,22	870.5	39.4828927	73.5862489	4674.5
529	529	2.058	стакан-марка-красная	11.4	41.6	снег-освещённый	0.470	91.4	0.0	-2.0	2.0	bbox	528	338.4	338.4	338.4	519,241,24,44	870.3	39.4828679	73.5863163	4663.6
530	530	1.221	рюкзак-синий	9.0	13.3	порода-в-тени	0.651	25.5	1.0	-5.0	5.1	bbox	529	306.3	306.3	307.3	1899,91,21,41	869.5	39.4828674	73.5863205	4663.6
531	531	0.453	стакан-марка-красная	3.6	1.4	снег-в-тени	1.352	48.4	9.0	-2.0	9.2	bbox	530	455.5	455.5	455.5	1057,153,28,14	869.3	39.4828744	73.5863135	4663.6
532	532	1.488	стакан-марка-красная	8.5	29.0	снег-розовый	1.153	78.8	8.0	9.0	12.0	bbox	531	453.5	452.5	459.5	1841,689,26,16	867.7	39.4828743	73.5863138	4663.6
533	533	2.635	стакан-марка-красная	19.2	30.2	снег-освещённый	1.008	80.0	-8.0	4.0	8.9	bbox	532	223.3	223.3	226.3	657,0,54,13	864.5	39.4829279	73.5861760	4674.5
534	534	1.131	рюкзак-синий	3.6	29.0	снег-в-тени	0.891	67.8	3.0	-11.0	11.4	bbox	533	446.5	446.5	447.5	769,90,16,33	864.3	39.4828750	73.5863145	4663.6
535	535	0.539	рюкзак-синий	2.2	12.9	снег-в-тени	0.929	25.9	0.0	-12.0	12.0	bbox	534	284.3	282.3	286.3	607,851,15,52	863.1	39.4828637	73.5863200	4674.5
536	536	1.901	стакан-марка-красная	14.8	12.7	снег-розовый	1.049	62.5	-2.0	8.0	8.2	bbox	535	394.4	394.4	394.4	1897,51,23,28	862.6	39.4828754	73.5863186	4663.6
537	537	1.060	рюкзак-синий	8.1	9.2	снег-в-тени	0.250	48.0	0.0	-6.0	6.0	bbox	536	267.3	267.3	268.3	1809,301,48,16	861.9	39.4828611	73.5863210	4674.5
538	538	0.434	стакан-марка-красная	2.8	7.1	снег-в-тени	1.437	42.7	9.0	-1.0	9.1	bbox	537	450.5	450.5	450.5	1616,271,27,12	859.8	39.4828742	73.5863138	4663.6
539	539	0.466	рюкзак-синий	2.0	11.0	снег-в-тени	0.520	49.8	1.0	-12.0	12.0	bbox	538	447.5	447.5	447.5	223,761,34,16	857.4	39.4828747	73.5863144	4663.7
540	540	1.527	рюкзак-синий	10.4	22.2	снег-в-тени	0.731	61.0	-2.0	-4.0	4.5	bbox	539	209.2	204.2	209.2	1377,182,40,19	851.3	39.4829278	73.5861766	4674.5
541	541	1.316	палка-ручка-пробка	9.9	12.6	лишайник-жёлтый-на-камне	0.522	63.1	-2.0	16.0	16.1	bbox	540	314.4	311.4	315.4	1441,913,31,12	849.8	39.4828677	73.5863183	4663.6
542	542	0.868	стакан-марка-красная	6.7	6.3	порода-охристая	0.888	56.1	8.0	7.0	10.6	bbox	541	349.4	349.4	349.4	0,753,20,22	849.1	39.4828708	73.5863154	4663.6
543	543	0.456	стакан-марка-красная	3.6	2.0	снег-розовый	1.247	51.8	8.0	-1.0	8.1	bbox	542	463.5	457.5	472.5	1011,475,32,14	849.0	39.4828731	73.5863128	4663.6
544	544	1.258	палка-ручка-пробка	9.2	14.1	лишайник-жёлтый-на-камне	0.419	61.6	3.0	14.0	14.3	bbox	543	87.1	87.1	88.1	1563,681,18,24	845.4	39.4830241	73.5859806	4674.4
545	545	1.194	рюкзак-синий	8.2	16.9	снег-в-тени	0.531	55.7	3.0	-6.0	6.7	bbox	544	415.5	415.5	415.5	289,517,26,32	844.5	39.4828738	73.5863178	4663.6
546	546	0.919	стакан-марка-красная	7.3	3.5	порода-охристая	0.531	46.3	9.0	8.0	12.0	bbox	545	451.5	444.5	460.5	1539,807,30,12	844.1	39.4828742	73.5863140	4663.6
547	547	1.408	рюкзак-синий	9.1	23.1	порода-в-тени	0.771	15.7	2.5	-5.0	5.6	bbox	546	218.2	211.2	219.2	71,859,18,48	842.2	39.4829281	73.5861755	4674.5
548	548	1.388	стакан-марка-красная	11.0	5.3	порода-в-тени	0.931	44.5	0.0	1.0	1.0	bbox	547	376.4	376.4	376.4	616,345,21,28	840.0	39.4828768	73.5863200	4663.5
549	549	2.309	стакан-марка-красная	12.0	49.0	снег-пересвеченный	0.606	98.8	-1.0	0.0	1.0	bbox	548	74.1	74.1	74.1	162,1029,51,24	839.7	39.4830255	73.5859791	4674.5
550	550	1.959	стакан-марка-красная	15.2	12.9	корка-жёлтая-на-скале	1.137	36.9	-3.0	7.0	7.6	bbox	549	147.2	146.2	149.2	89,169,56,8	838.8	39.4829346	73.5861785	4674.4
551	551	1.465	палка-ручка-пробка	10.6	17.2	лишайник-жёлтый-на-камне	1.128	92.9	-2.0	15.0	15.1	bbox	550	444.5	441.5	444.5	1571,897,14,24	837.9	39.4828751	73.5863143	4663.6
552	552	1.281	палка-ручка-пробка	10.0	7.8	лишайник-жёлтый-на-камне	0.786	83.5	-1.0	15.0	15.0	bbox	551	382.4	382.4	382.4	1505,97,20,16	836.7	39.4828780	73.5863210	4663.5
553	553	0.967	стакан-марка-красная	7.6	4.7	порода-охристая	0.582	45.1	8.0	8.0	11.3	bbox	552	364.4	364.4	370.4	1121,595,22,12	833.6	39.4828728	73.5863161	4663.6
554	554	1.529	палка-ручка-пробка	10.6	21.2	корка-жёлтая-на-скале	0.462	54.5	-3.0	16.0	16.3	bbox	553	338.4	338.4	339.4	1465,927,18,18	833.3	39.4828679	73.5863163	4663.6
555	555	1.079	палка-ручка-пробка	8.5	5.5	лишайник-жёлтый-на-камне	0.411	70.2	-1.0	17.0	17.0	bbox	554	11.0	8.0	15.0	1809,601,20,12	832.9	39.4833028	73.5853337	4674.5
556	556	1.533	рюкзак-синий	12.2	5.5	снег-в-тени	0.770	44.3	-1.0	-2.0	2.2	bbox	555	86.1	86.1	88.1	1823,1051,37,15	832.8	39.4830242	73.5859808	4674.5
557	557	1.180	палка-ручка-пробка	9.2	7.0	лишайник-жёлтый-на-камне	0.732	82.7	-1.0	16.0	16.0	bbox	556	336.4	332.4	336.4	1643,787,20,19	830.5	39.4828670	73.5863165	4663.5
558	558	1.545	палка-ручка-пробка	10.4	23.2	порода-охристая	0.677	52.5	8.0	13.0	15.3	bbox	557	76.1	75.1	77.1	1239,807,18,18	829.4	39.4830247	73.5859789	4674.5
559	559	1.932	палка-ручка-пробка	14.4	19.4	корка-жёлтая-на-скале	0.694	56.3	-3.0	11.0	11.4	bbox	558	426.5	425.5	426.5	1129,537,42,10	829.1	39.4828741	73.5863152	4663.6
560	560	1.898	рюкзак-синий	11.0	36.4	порода-в-тени	0.735	2.4	0.0	-3.0	3.0	bbox	559	19.0	19.0	19.0	1479,1053,12,27	828.0	39.4833061	73.5853336	4674.5
561	561	0.531	рюкзак-синий	4.0	4.7	снег-в-тени	0.511	43.5	3.0	-10.5	10.9	bbox	560	424.5	422.5	424.5	169,853,19,44	827.9	39.4828740	73.5863154	4663.6
562	562	1.340	рюкзак-синий	7.1	28.2	снег-в-тени	1.777	10.6	8.0	-13.0	15.3	bbox	561	417.5	417.5	421.5	520,821,13,20	826.9	39.4828738	73.5863171	4663.6
563	563	0.886	рюкзак-синий	7.1	1.5	снег-в-тени	0.397	37.3	0.0	-7.0	7.0	bbox	562	252.3	252.3	260.3	990,425,43,24	822.9	39.4829248	73.5861773	4674.5
564	564	1.356	рюкзак-синий	10.2	12.9	порода-в-тени	0.755	25.9	3.0	-4.0	5.0	bbox	563	342.4	341.4	342.4	305,297,18,28	822.9	39.4828691	73.5863156	4663.6
565	565	1.583	предмет-оранжевый	12.2	11.8	лишайник-жёлтый-на-камне	3.185	76.1	10.0	41.0	42.2	bbox	564	447.5	447.5	452.5	836,215,20,26	819.3	39.4828747	73.5863144	4663.7
566	566	2.258	рюкзак-синий	18.0	4.1	снег-в-тени	3.036	34.7	0.0	-32.0	32.0	bbox	565	10.0	10.0	13.0	985,517,31,28	818.4	39.4833024	73.5853335	4674.5
567	567	1.250	палка-ручка-пробка	9.9	4.9	лишайник-жёлтый-на-камне	1.367	80.6	12.0	16.0	20.0	bbox	566	342.4	342.4	342.4	1353,781,18,18	816.1	39.4828691	73.5863156	4663.6
568	568	1.591	палка-древко-бирюзовое	12.2	12.6	снег-в-тени	2.539	65.1	-8.0	-26.0	27.2	bbox	567	18.0	18.0	18.0	1183,514,19,15	815.0	39.4833056	73.5853336	4674.5
569	569	1.018	стакан-марка-красная	8.1	4.1	порода-охристая	0.677	45.7	7.0	8.0	10.6	bbox	568	368.4	366.4	371.4	984,393,31,24	814.6	39.4828743	73.5863185	4663.5
570	570	1.041	стакан-марка-красная	6.7	17.3	снег-розовый	1.046	67.1	8.0	7.0	10.6	bbox	569	356.4	356.4	356.4	19,671,30,18	813.0	39.4828718	73.5863142	4663.6
571	571	0.396	стакан-марка-красная	3.0	3.5	порода-охристая	1.335	46.3	8.0	1.0	8.1	bbox	570	441.5	441.5	444.5	1732,410,21,23	812.2	39.4828752	73.5863136	4663.6
572	572	0.600	стакан-марка-красная	4.6	4.7	порода-охристая	1.007	45.1	7.5	4.0	8.5	bbox	571	289.3	286.3	310.4	657,385,16,16	812.1	39.4828643	73.5863201	4673.2
573	573	0.598	палка-ручка-пробка	3.2	12.6	лишайник-жёлтый-на-камне	0.631	63.1	6.0	20.0	20.9	bbox	572	104.1	104.1	104.1	719,1011,22,20	811.7	39.4829563	73.5861264	4674.4
574	574	1.918	стакан-марка-красная	15.2	6.5	корка-жёлтая-на-скале	1.110	56.3	-3.0	7.0	7.6	bbox	573	153.2	151.2	153.2	1849,465,24,20	810.5	39.4829339	73.5861790	4674.5
575	575	1.108	рюкзак-синий	8.2	11.3	снег-в-тени	0.855	27.5	3.0	-6.0	6.7	bbox	574	377.4	377.4	378.4	353,290,20,27	809.6	39.4828768	73.5863203	4663.5
576	576	1.349	палка-ручка-пробка	9.2	19.6	корка-жёлтая-на-скале	0.461	56.1	-2.0	17.0	17.1	bbox	575	424.5	424.5	424.5	1271,675,15,23	809.6	39.4828740	73.5863154	4663.6
577	577	1.442	рюкзак-синий	9.0	25.3	снег-в-тени	1.903	13.5	10.0	-14.0	17.2	bbox	576	251.3	250.3	252.3	777,772,16,18	809.2	39.4829248	73.5861773	4674.5
578	578	1.764	стакан-марка-красная	13.4	15.3	корка-жёлтая-на-скале	1.114	34.5	-1.0	7.0	7.1	bbox	577	159.2	156.2	167.2	408,93,33,12	808.4	39.4829329	73.5861793	4674.5
579	579	2.063	стакан-марка-красная	15.5	19.6	снег-освещённый	0.835	69.4	-4.0	5.0	6.4	bbox	578	475.5	470.5	475.5	50,113,35,27	806.8	39.4828724	73.5863128	4663.6
580	580	2.049	стакан-марка-красная	12.2	38.4	снег-освещённый	0.293	88.2	-1.0	-1.0	1.4	bbox	579	86.1	86.1	86.1	1635,1017,28,22	804.8	39.4830242	73.5859808	4674.5
581	581	1.002	стакан-марка-красная	8.0	2.0	порода-охристая	0.420	47.8	11.0	9.0	14.2	bbox	580	403.5	403.5	404.5	257,120,30,25	804.1	39.4828749	73.5863207	4663.6
582	582	1.885	стакан-марка-красная	14.8	10.8	корка-жёлтая-на-скале	1.018	60.6	-2.0	8.0	8.2	bbox	581	392.4	392.4	392.4	1361,51,25,14	802.4	39.4828759	73.5863184	4663.6
583	583	1.845	стакан-марка-красная	14.4	11.0	корка-жёлтая-на-скале	0.891	60.8	-1.0	9.0	9.1	bbox	582	422.5	422.5	423.5	1235,558,22,19	800.2	39.4828741	73.5863160	4663.6
584	584	0.386	палка-ручка-пробка	2.8	4.3	лишайник-жёлтый-на-камне	0.556	71.4	3.0	21.0	21.2	bbox	583	282.3	282.3	282.3	901,1063,24,17	796.4	39.4828632	73.5863204	4674.5
585	585	0.934	рюкзак-синий	7.3	5.9	снег-в-тени	0.410	44.7	3.0	-7.0	7.6	bbox	584	115.1	114.1	125.1	65,285,16,28	793.6	39.4829339	73.5861794	4674.4
586	586	0.691	рюкзак-синий	5.0	8.3	снег-в-тени	0.179	47.1	1.0	-9.0	9.1	bbox	585	124.1	122.1	126.1	37,470,11,37	793.4	39.4829345	73.5861811	4674.5
587	587	1.157	стакан-марка-красная	8.2	14.7	порода-охристая	0.997	64.5	9.0	9.0	12.7	bbox	586	419.5	417.5	419.5	1459,651,22,22	792.0	39.4828739	73.5863164	4663.6
588	588	0.497	стакан-марка-красная	3.6	5.9	снег-в-тени	1.336	43.9	8.0	-1.0	8.1	bbox	587	386.4	386.4	389.4	315,917,38,12	787.1	39.4828779	73.5863199	4663.6
589	589	0.850	палка-ручка-пробка	5.4	14.5	лишайник-жёлтый-на-камне	0.656	61.2	7.0	18.0	19.3	bbox	588	418.5	418.5	420.5	651,337,22,16	786.5	39.4828738	73.5863166	4663.6
590	590	1.022	рюкзак-синий	4.5	23.9	снег-в-тени	1.554	14.9	5.5	-14.0	15.0	bbox	589	251.3	249.3	251.3	1503,141,20,16	785.6	39.4829248	73.5861773	4674.5
591	591	0.910	рюкзак-синий	7.3	0.8	снег-в-тени	0.492	39.6	3.0	-7.0	7.6	bbox	590	353.4	353.4	353.4	1303,865,20,24	785.3	39.4828711	73.5863144	4663.6
592	592	0.330	стакан-марка-красная	2.2	4.9	снег-розовый	1.223	54.7	9.0	0.0	9.0	bbox	591	423.5	423.5	424.5	457,998,28,19	783.3	39.4828740	73.5863158	4663.6
593	593	1.856	палка-ручка-пробка	13.9	18.0	снег-розовый	1.181	93.7	0.0	10.0	10.0	bbox	592	461.5	450.5	466.5	653,89,16,22	782.6	39.4828733	73.5863128	4663.6
594	594	1.284	палка-ручка-контроль	10.0	8.2	корка-жёлтая-на-скале	0.763	49.4	6.0	16.0	17.1	bbox	593	87.1	87.1	87.1	865,627,24,22	781.9	39.4830241	73.5859806	4674.4
595	595	2.250	палка-ручка-пробка	17.5	15.3	снег-розовый	0.932	91.0	-2.0	7.0	7.3	bbox	594	399.5	393.4	399.5	193,193,16,25	777.3	39.4828747	73.5863196	4663.6
596	596	1.261	рюкзак-синий	7.2	24.7	порода-в-тени	1.258	14.1	5.0	-8.0	9.4	bbox	595	419.5	419.5	420.5	1095,955,16,28	775.7	39.4828739	73.5863164	4663.6
597	597	1.335	палка-ручка-пробка	10.6	3.5	лишайник-жёлтый-на-камне	0.743	79.2	-2.0	15.0	15.1	bbox	596	442.5	428.5	445.5	1161,17,16,16	775.6	39.4828751	73.5863138	4663.6
598	598	1.577	стакан-марка-красная	12.1	12.7	порода-охристая	0.639	37.1	16.0	12.0	20.0	bbox	597	403.5	402.5	408.5	615,363,14,18	774.8	39.4828749	73.5863207	4663.6
599	599	1.601	стакан-марка-красная	12.6	7.1	порода-охристая	0.864	56.9	15.0	13.0	19.8	bbox	598	340.4	340.4	340.4	968,529,20,30	771.3	39.4828689	73.5863160	4663.6
600	600	0.444	палка-ручка-пробка	3.2	5.7	лишайник-жёлтый-на-камне	1.043	81.4	2.0	24.0	24.1	bbox	599	355.4	351.4	355.4	1384,857,17,18	770.0	39.4828718	73.5863142	4663.6
601	601	1.139	рюкзак-синий	8.1	14.9	порода-в-тени	0.685	23.9	0.0	-6.0	6.0	bbox	600	219.2	217.2	220.3	661,314,21,63	769.8	39.4829280	73.5861753	4674.5
602	602	1.937	стакан-марка-красная	14.8	16.5	корка-жёлтая-на-скале	1.046	33.3	-2.0	8.0	8.2	bbox	601	27.0	27.0	39.0	1604,332,15,21	768.6	39.4833086	73.5853338	4674.5
603	603	0.914	стакан-марка-красная	6.7	10.2	порода-охристая	0.993	60.0	8.0	7.0	10.6	bbox	602	466.5	465.5	466.5	1793,0,32,25	768.0	39.4828730	73.5863133	4663.6
604	604	1.068	стакан-марка-красная	8.5	0.2	порода-охристая	0.612	50.0	8.0	9.0	12.0	bbox	603	383.4	383.4	384.4	1393,727,16,18	766.2	39.4828780	73.5863210	4663.5
605	605	1.559	рюкзак-синий	10.2	25.1	снег-в-тени	0.773	63.9	-1.0	-4.0	4.1	bbox	604	314.4	313.4	314.4	1863,339,34,34	766.1	39.4828677	73.5863183	4663.6
606	606	1.304	стакан-марка-красная	8.2	22.3	порода-охристая	0.527	27.5	9.0	9.0	12.7	bbox	605	349.4	349.4	349.4	45,608,23,13	765.7	39.4828708	73.5863154	4663.6
607	607	0.942	палка-ручка-пробка	5.1	19.4	лишайник-жёлтый-на-камне	0.432	56.3	4.0	18.0	18.4	bbox	606	96.1	95.1	103.1	759,953,16,24	765.2	39.4830223	73.5859759	4674.5
608	608	0.752	рюкзак-синий	3.6	16.8	снег-в-тени	1.163	22.0	4.0	-12.0	12.6	bbox	607	216.2	211.2	218.2	531,225,12,52	763.8	39.4829282	73.5861762	4674.5
609	609	1.879	палка-древко-контроль	14.3	16.0	снег-освещённый	0.974	57.6	-5.0	-1.0	5.1	bbox	608	234.3	233.3	234.3	1473,1001,40,32	762.8	39.4829269	73.5861779	4674.5
610	610	2.072	стакан-марка-красная	13.2	35.3	снег-освещённый	0.234	85.1	-2.0	-1.0	2.2	bbox	609	88.1	88.1	88.1	1809,353,14,16	762.7	39.4830239	73.5859802	4674.4
611	611	1.318	палка-ручка-пробка	9.4	16.5	лишайник-жёлтый-на-камне	1.016	92.2	0.0	15.0	15.0	bbox	610	445.5	445.5	445.5	1737,973,16,20	762.0	39.4828750	73.5863144	4663.6
612	612	1.840	рюкзак-синий	13.0	23.9	снег-в-тени	2.282	14.9	14.0	-15.0	20.5	bbox	611	23.0	23.0	23.0	985,1069,26,11	761.3	39.4833076	73.5853335	4674.5
613	613	1.671	рюкзак-синий	13.3	2.9	порода-в-тени	0.553	35.9	-2.0	-1.0	2.2	bbox	612	221.3	221.3	222.3	1055,45,30,23	759.7	39.4829280	73.5861755	4674.5
614	614	1.180	рюкзак-синий	8.9	10.6	снег-в-тени	1.821	28.2	9.0	-18.0	20.1	bbox	613	11.0	11.0	15.0	917,575,16,16	755.6	39.4833028	73.5853337	4674.5
615	615	1.148	палка-ручка-пробка	8.5	11.8	лишайник-жёлтый-на-камне	0.256	63.9	2.0	15.0	15.1	bbox	614	6.0	6.0	6.0	434,625,29,14	755.1	39.4833003	73.5853336	4674.5
616	616	1.425	стакан-марка-красная	11.4	0.4	корка-жёлтая-на-скале	0.802	49.4	4.0	10.0	10.8	bbox	615	98.1	94.1	102.1	908,551,21,24	754.0	39.4830218	73.5859755	4674.5
617	617	1.554	рюкзак-синий	12.2	9.0	порода-в-тени	0.380	29.8	-1.0	-2.0	2.2	bbox	616	170.2	168.2	171.2	121,295,20,22	753.5	39.4829301	73.5861783	4674.5
618	618	1.700	стакан-марка-красная	13.4	7.8	снег-розовый	1.019	57.6	-1.0	7.0	7.1	bbox	617	477.5	469.5	480.5	461,11,40,18	752.1	39.4828724	73.5863121	4663.6
619	619	2.033	рюкзак-синий	14.9	23.1	порода-в-тени	0.326	15.7	-4.0	0.0	4.0	bbox	618	261.3	261.3	265.3	581,1031,20,38	751.6	39.4828831	73.5862708	4674.5
620	620	1.846	стакан-марка-красная	14.8	1.2	корка-жёлтая-на-скале	0.910	48.6	-2.0	8.0	8.2	bbox	619	134.2	126.1	134.2	1473,1049,18,20	748.3	39.4829338	73.5861792	4674.5
621	621	1.696	стакан-марка-красная	13.3	8.6	порода-охристая	0.891	58.4	14.0	14.0	19.8	bbox	620	341.4	341.4	348.4	957,524,28,27	748.0	39.4828690	73.5863158	4663.6
622	622	1.782	стакан-марка-красная	13.4	16.9	порода-в-тени	1.103	32.9	-1.0	7.0	7.1	bbox	621	163.2	161.2	166.2	445,492,36,9	746.2	39.4829321	73.5861799	4674.5
623	623	1.097	палка-ручка-пробка	8.5	7.8	лишайник-жёлтый-на-камне	0.745	83.5	-1.0	17.0	17.0	bbox	622	85.1	85.1	85.1	1547,0,22,15	745.9	39.4830242	73.5859809	4674.5
624	624	0.759	палка-ручка-пробка	5.8	5.9	лишайник-жёлтый-на-камне	0.476	69.8	0.0	20.0	20.0	bbox	623	29.0	29.0	29.0	1723,849,18,19	744.9	39.4833087	73.5853337	4674.5
625	625	1.413	стакан-марка-красная	8.2	27.1	снег-розовый	1.238	76.9	9.0	9.0	12.7	bbox	624	327.4	327.4	327.4	1162,571,15,18	744.8	39.4828676	73.5863155	4663.6
626	626	0.927	палка-ручка-пробка	5.1	18.8	лишайник-жёлтый-на-камне	0.416	56.9	4.0	18.0	18.4	bbox	625	97.1	93.1	102.1	759,945,20,28	744.3	39.4830221	73.5859756	4674.5
627	627	1.158	палка-ручка-пробка	9.2	3.2	лишайник-жёлтый-на-камне	0.469	72.5	-1.0	16.0	16.0	bbox	626	328.4	327.4	329.4	1857,425,21,24	744.2	39.4828674	73.5863155	4663.6
628	628	2.643	стакан-марка-красная	16.0	48.2	снег-пересвеченный	0.476	98.0	-5.0	0.0	5.0	bbox	627	220.3	220.3	222.3	1602,65,41,27	743.1	39.4829280	73.5861753	4674.4
629	629	1.368	стакан-марка-красная	8.1	25.9	снег-розовый	1.331	75.7	10.0	9.0	13.5	bbox	628	337.4	337.4	337.4	867,481,16,17	742.3	39.4828673	73.5863164	4663.6
630	630	1.263	стакан-марка-красная	9.9	7.1	порода-охристая	0.965	42.7	4.0	8.0	8.9	bbox	629	467.5	466.5	467.5	995,41,26,14	740.7	39.4828730	73.5863137	4663.6
631	631	1.024	стакан-марка-красная	7.6	10.6	порода-охристая	0.531	39.2	8.0	8.0	11.3	bbox	630	379.4	379.4	379.4	1649,0,23,9	740.5	39.4828777	73.5863208	4663.6
632	632	1.253	рюкзак-синий	9.2	13.7	снег-в-тени	0.430	52.5	-1.0	-5.0	5.1	bbox	631	266.3	266.3	266.3	1444,205,39,16	740.2	39.4828609	73.5863217	4674.5
633	633	0.941	стакан-марка-красная	3.2	23.9	снег-розовый	0.763	73.7	8.0	2.0	8.2	bbox	632	28.0	28.0	30.0	0,858,11,23	738.3	39.4833086	73.5853338	4674.5
634	634	2.035	стакан-марка-красная	15.7	15.7	корка-жёлтая-на-скале	1.070	34.1	-3.0	8.0	8.5	bbox	633	426.5	426.5	426.5	1585,977,16,16	737.7	39.4828741	73.5863152	4663.6
635	635	1.300	палка-ручка-контроль	9.2	16.8	корка-жёлтая-на-скале	0.613	40.8	4.0	17.0	17.5	bbox	634	101.1	93.1	103.1	1613,846,16,15	737.4	39.4830120	73.5859987	4674.5
636	636	1.956	стакан-марка-красная	13.6	27.1	корка-жёлтая-на-скале	1.168	22.7	0.0	9.0	9.0	bbox	635	135.2	119.1	136.2	1281,1025,16,20	735.6	39.4829338	73.5861791	4674.5
637	637	1.074	рюкзак-синий	6.7	18.8	снег-в-тени	1.376	20.0	7.0	-11.0	13.0	bbox	636	449.5	448.5	449.5	433,105,14,22	732.0	39.4828744	73.5863139	4663.6
638	638	1.307	стакан-марка-красная	7.6	25.1	порода-охристая	0.721	24.7	8.0	8.0	11.3	bbox	637	356.4	356.4	356.4	249,605,23,16	730.6	39.4828718	73.5863142	4663.6
639	639	2.036	палка-ручка-пробка	15.8	13.7	корка-жёлтая-на-скале	0.947	62.0	-4.0	10.0	10.8	bbox	638	425.5	425.5	425.5	1235,189,36,20	729.4	39.4828740	73.5863154	4663.6
640	640	0.912	стакан-марка-красная	7.3	1.6	порода-охристая	0.571	48.2	9.0	8.0	12.0	bbox	639	441.5	441.5	441.5	961,103,18,16	729.1	39.4828752	73.5863136	4663.6
641	641	1.493	рюкзак-синий	11.2	14.7	порода-в-тени	0.309	24.1	-1.0	-3.0	3.2	bbox	640	3.0	0.0	3.0	1865,121,22,31	726.9	39.4832982	73.5853334	4674.5
642	642	1.866	палка-ручка-пробка	13.9	18.8	снег-розовый	1.195	94.5	0.0	10.0	10.0	bbox	641	429.5	429.5	430.5	507,131,22,18	725.7	39.4828748	73.5863147	4663.6
643	643	1.579	стакан-марка-красная	12.1	12.9	порода-охристая	0.640	36.9	6.0	12.0	13.4	bbox	642	86.1	86.1	86.1	335,506,23,21	724.9	39.4830242	73.5859808	4674.5
644	644	1.298	рюкзак-синий	6.4	28.6	порода-в-тени	1.378	10.2	5.0	-9.0	10.3	bbox	643	426.5	426.5	426.5	640,273,15,20	722.5	39.4828741	73.5863152	4663.6
645	645	1.985	палка-древко-контроль	15.3	14.9	снег-освещённый	1.002	56.5	-5.0	0.0	5.0	bbox	644	262.3	254.3	270.3	1223,3,48,18	720.6	39.4828735	73.5862925	4674.5
646	646	1.099	палка-ручка-контроль	7.2	17.6	корка-жёлтая-на-скале	0.729	40.0	2.0	20.0	20.1	bbox	645	448.5	445.5	448.5	981,341,24,30	720.5	39.4828746	73.5863141	4663.7
647	647	2.478	палка-ручка-пробка	18.8	22.1	снег-освещённый	0.998	97.8	-3.0	6.0	6.7	bbox	646	410.5	405.5	411.5	169,101,28,26	720.0	39.4828742	73.5863187	4663.6
648	648	2.048	стакан-марка-красная	16.1	10.2	корка-жёлтая-на-скале	0.945	60.0	-3.0	9.0	9.5	bbox	647	376.4	376.4	376.4	0,352,17,17	719.9	39.4828768	73.5863200	4663.5
649	649	1.149	рюкзак-синий	5.8	24.9	снег-в-тени	1.472	13.9	6.0	-11.0	12.5	bbox	648	219.2	219.2	220.3	7,841,14,46	718.6	39.4829280	73.5861753	4674.5
650	650	1.146	рюкзак-синий	9.1	5.1	снег-в-тени	0.675	33.7	2.0	-5.0	5.4	bbox	649	120.1	120.1	128.1	197,21,20,36	718.1	39.4829345	73.5861803	4674.5
651	651	1.661	стакан-марка-красная	13.0	9.0	корка-жёлтая-на-скале	0.910	40.8	0.0	8.0	8.0	bbox	650	135.2	132.2	140.2	705,529,18,16	717.4	39.4829338	73.5861791	4674.5
652	652	0.616	стакан-марка-красная	3.6	11.8	снег-в-тени	1.374	38.0	8.0	-1.0	8.1	bbox	651	333.4	333.4	336.4	931,643,14,14	716.6	39.4828662	73.5863154	4663.6
653	653	1.460	рюкзак-синий	11.2	11.8	снег-в-тени	0.645	50.6	-1.0	-3.0	3.2	bbox	652	168.2	168.2	170.2	1559,1042,26,21	715.6	39.4829306	73.5861791	4674.5
654	654	0.602	рюкзак-синий	4.0	9.4	снег-в-тени	0.714	29.4	1.0	-10.0	10.0	bbox	653	141.2	141.2	144.2	1513,309,33,12	713.4	39.4829341	73.5861782	4674.5
655	655	1.097	палка-ручка-контроль	8.2	10.5	корка-жёлтая-на-скале	0.626	47.1	4.0	18.0	18.4	bbox	654	82.1	78.1	84.1	1490,1027,24,11	711.5	39.4830246	73.5859805	4674.5
656	656	0.961	рюкзак-синий	7.1	10.6	снег-в-тени	0.753	28.2	2.0	-7.0	7.3	bbox	655	267.3	267.3	271.3	1890,459,30,22	710.5	39.4828611	73.5863210	4674.5
657	657	1.638	стакан-марка-красная	11.2	23.9	снег-освещённый	0.308	73.7	0.0	-1.0	1.0	bbox	656	482.5	482.5	483.5	649,817,10,32	710.2	39.4828722	73.5863119	4663.6
658	658	0.751	рюкзак-синий	5.7	7.1	снег-в-тени	0.677	45.9	5.0	-10.0	11.2	bbox	657	23.0	23.0	23.0	55,317,22,49	709.7	39.4833076	73.5853335	4674.5
659	659	0.660	рюкзак-синий	5.0	5.9	снег-в-тени	0.208	44.7	1.0	-9.0	9.1	bbox	658	78.1	78.1	84.1	1579,699,18,16	707.7	39.4830247	73.5859790	4674.5
660	660	2.145	палка-древко-контроль	15.0	29.0	снег-пересвеченный	1.021	70.6	-9.0	0.0	9.0	bbox	659	251.3	248.3	251.3	1569,85,20,14	706.3	39.4829248	73.5861773	4674.5
661	661	1.337	стакан-марка-красная	7.6	26.3	порода-охристая	0.751	23.5	8.0	8.0	11.3	bbox	660	326.4	317.4	326.4	211,515,20,25	706.0	39.4828682	73.5863157	4663.6
662	662	1.238	палка-ручка-пробка	9.9	0.4	лишайник-жёлтый-на-камне	0.639	76.1	-2.0	16.0	16.1	bbox	661	365.4	365.4	369.4	1856,327,17,18	703.8	39.4828729	73.5863167	4663.6
663	663	1.799	палка-ручка-пробка	13.0	21.6	корка-жёлтая-на-скале	0.549	54.1	0.0	11.0	11.0	bbox	662	129.1	115.1	131.1	1516,787,17,18	703.7	39.4829335	73.5861809	4674.5
664	664	1.991	стакан-марка-красная	13.6	29.0	снег-освещённый	0.402	78.8	-2.0	-3.0	3.6	bbox	663	310.4	306.3	310.4	1717,0,31,29	702.6	39.4828678	73.5863204	4663.6
665	665	1.668	стакан-марка-красная	12.5	16.1	корка-жёлтая-на-скале	1.119	33.7	0.0	7.0	7.0	bbox	664	135.2	122.1	138.2	1087,809,14,31	701.6	39.4829338	73.5861791	4674.5
666	666	0.979	рюкзак-синий	6.0	17.6	порода-в-тени	0.952	21.2	1.0	-8.0	8.1	bbox	665	142.2	141.2	142.2	1833,133,26,12	698.9	39.4829344	73.5861783	4674.5
667	667	0.923	стакан-марка-красная	7.3	4.3	порода-охристая	0.517	45.5	9.0	8.0	12.0	bbox	666	422.5	422.5	423.5	1901,358,15,21	698.4	39.4828741	73.5863160	4663.6
668	668	1.005	палка-древко-контроль	8.0	2.9	снег-в-тени	2.128	44.5	-8.0	-23.0	24.4	bbox	667	23.0	21.0	23.0	997,677,35,16	696.2	39.4833076	73.5853335	4674.5
669	669	1.433	стакан-марка-красная	7.0	31.8	порода-охристая	0.818	18.0	11.0	8.0	13.6	bbox	668	416.5	416.5	416.5	623,753,15,16	695.8	39.4828738	73.5863174	4663.6
670	670	1.261	рюкзак-синий	10.0	3.2	снег-в-тени	0.542	42.0	0.0	-4.0	4.0	bbox	669	172.2	172.2	173.2	127,0,20,25	695.5	39.4829298	73.5861776	4674.5
671	671	1.008	стакан-марка-красная	7.3	12.2	порода-охристая	0.955	62.0	9.0	8.0	12.0	bbox	670	348.4	344.4	348.4	573,729,24,16	695.4	39.4828708	73.5863153	4663.6
672	672	0.851	рюкзак-синий	6.7	4.1	снег-в-тени	0.529	42.9	4.0	-8.0	8.9	bbox	671	449.5	449.5	449.5	1771,571,22,18	695.1	39.4828744	73.5863139	4663.6
673	673	1.497	палка-ручка-пробка	11.3	13.7	лишайник-жёлтый-на-камне	1.087	89.4	-3.0	15.0	15.3	bbox	672	380.4	380.4	380.4	401,641,24,14	694.1	39.4828778	73.5863211	4663.6
674	674	0.619	рюкзак-синий	4.0	10.2	снег-в-тени	0.283	49.0	1.0	-10.0	10.0	bbox	673	446.5	446.5	446.5	1073,937,12,30	693.3	39.4828750	73.5863145	4663.6
675	675	2.488	стакан-марка-красная	19.6	11.2	снег-освещённый	1.352	61.0	-8.0	6.0	10.0	bbox	674	401.5	396.5	401.5	0,849,15,16	690.5	39.4828750	73.5863206	4663.6
676	676	1.078	палка-ручка-пробка	7.0	17.6	лишайник-жёлтый-на-камне	1.342	93.3	-2.0	23.0	23.1	bbox	675	337.4	337.4	337.4	1427,527,16,18	690.1	39.4828673	73.5863164	4663.6
677	677	1.241	стакан-марка-красная	6.1	27.4	порода-охристая	0.771	22.4	10.0	7.0	12.2	bbox	676	442.5	426.5	444.5	1890,407,30,17	688.0	39.4828751	73.5863138	4663.6
678	678	2.040	стакан-марка-красная	14.8	24.3	порода-в-тени	1.140	25.5	-2.0	8.0	8.2	bbox	677	159.2	158.2	160.2	1805,896,20,19	686.8	39.4829329	73.5861793	4674.5
679	679	0.772	рюкзак-синий	5.7	8.7	снег-в-тени	0.673	47.5	5.0	-10.0	11.2	bbox	678	415.5	415.5	415.5	211,283,10,28	684.8	39.4828738	73.5863178	4663.6
680	680	1.409	рюкзак-синий	11.0	7.8	порода-в-тени	0.517	31.0	0.0	-3.0	3.0	bbox	679	122.1	122.1	131.1	19,371,26,29	684.7	39.4829347	73.5861808	4674.5
681	681	1.402	рюкзак-синий	11.2	3.1	порода-в-тени	0.613	35.7	-1.0	-3.0	3.2	bbox	680	303.3	297.3	304.3	1777,89,28,28	684.6	39.4828668	73.5863200	4663.6
682	682	1.500	стакан-марка-красная	7.0	34.1	снег-розовый	1.371	83.9	11.0	8.0	13.6	bbox	681	357.4	357.4	362.4	433,637,15,18	684.5	39.4828720	73.5863141	4663.6
683	683	1.190	палка-ручка-пробка	9.4	4.5	лишайник-жёлтый-на-камне	0.408	71.2	0.0	15.0	15.0	bbox	682	6.0	6.0	6.0	1173,13,24,20	684.1	39.4833003	73.5853336	4674.5
684	684	0.537	палка-ручка-пробка	4.0	5.5	лишайник-жёлтый-на-камне	0.944	81.2	1.0	23.0	23.0	bbox	683	351.4	350.4	352.4	1635,971,18,22	683.4	39.4828708	73.5863150	4663.6
685	685	1.414	рюкзак-синий	11.0	8.6	порода-в-тени	0.497	30.2	0.0	-3.0	3.0	bbox	684	35.0	31.0	40.0	1771,57,15,20	679.0	39.4832920	73.5853743	4674.5
686	686	1.330	рюкзак-синий	8.2	23.6	снег-в-тени	0.590	62.4	-1.0	-6.0	6.1	bbox	685	288.3	287.3	288.3	1833,18,24,29	678.4	39.4828642	73.5863198	4674.4
687	687	1.063	рюкзак-синий	8.1	9.4	снег-в-тени	0.250	48.2	0.0	-6.0	6.0	bbox	686	232.3	229.3	234.3	327,449,26,32	677.3	39.4829268	73.5861778	4674.4
688	688	1.892	стакан-марка-красная	15.0	7.1	корка-жёлтая-на-скале	0.715	56.9	-1.0	10.0	10.0	bbox	687	23.0	23.0	23.0	1473,265,11,33	676.1	39.4833076	73.5853335	4674.5
689	689	1.962	палка-ручка-пробка	15.7	4.1	снег-розовый	1.031	71.6	-2.0	9.0	9.2	bbox	688	403.5	403.5	412.5	651,889,12,20	676.0	39.4828749	73.5863207	4663.6
690	690	1.204	рюкзак-синий	8.0	18.8	порода-в-тени	0.729	20.0	1.0	-6.0	6.1	bbox	689	260.3	259.3	260.3	1853,143,40,22	674.9	39.4828927	73.5862489	4674.5
691	691	0.497	стакан-марка-красная	3.6	5.9	снег-розовый	1.147	55.7	8.0	-1.0	8.1	bbox	690	436.5	431.5	436.5	1793,399,18,20	674.8	39.4828750	73.5863138	4663.6
692	692	1.050	стакан-марка-красная	3.2	27.3	порода-в-тени	1.259	22.5	8.0	0.0	8.0	bbox	691	471.5	469.5	474.5	361,169,17,22	672.3	39.4828725	73.5863134	4663.6
693	693	1.307	стакан-марка-красная	7.3	26.3	снег-розовый	1.154	76.1	9.0	8.0	12.0	bbox	692	379.4	379.4	379.4	1665,119,29,10	671.7	39.4828777	73.5863208	4663.6
694	694	1.244	рюкзак-синий	9.0	14.9	порода-в-тени	0.638	23.9	1.0	-5.0	5.1	bbox	693	214.2	211.2	216.2	627,93,22,26	671.3	39.4829282	73.5861765	4674.5
695	695	1.298	стакан-марка-красная	10.3	4.7	порода-охристая	0.681	45.1	6.0	10.0	11.7	bbox	694	103.1	103.1	104.1	899,539,22,18	671.2	39.4829786	73.5860749	4674.4
696	696	1.897	палка-древко-контроль	14.3	17.6	снег-освещённый	0.927	59.2	-5.0	-1.0	5.1	bbox	695	265.3	265.3	265.3	1227,89,40,18	669.9	39.4828605	73.5863221	4674.4
697	697	0.761	стакан-марка-красная	6.0	3.5	порода-охристая	0.731	53.3	11.0	7.0	13.0	bbox	696	337.4	337.4	337.4	1015,495,22,14	669.6	39.4828673	73.5863164	4663.6
698	698	0.762	стакан-марка-красная	4.5	14.5	порода-в-тени	1.244	35.3	7.0	-1.0	7.1	bbox	697	435.5	433.5	435.5	1879,459,16,38	668.5	39.4828751	73.5863141	4663.6
699	699	0.494	стакан-марка-красная	3.6	5.7	снег-розовый	1.152	55.5	8.0	-1.0	8.1	bbox	698	445.5	434.5	445.5	1713,239,16,18	667.9	39.4828750	73.5863144	4663.6
700	700	1.470	палка-ручка-контроль	9.8	22.5	корка-жёлтая-на-скале	0.575	35.1	2.0	17.0	17.1	bbox	699	384.4	383.4	384.4	1195,113,20,10	667.4	39.4828781	73.5863207	4663.5
701	701	0.940	стакан-марка-красная	7.2	7.4	порода-охристая	0.721	42.4	7.0	7.0	9.9	bbox	700	349.4	349.4	349.4	75,811,22,14	667.2	39.4828708	73.5863154	4663.6
702	702	1.256	палка-ручка-пробка	10.0	3.5	лишайник-жёлтый-на-камне	0.510	72.2	-1.0	15.0	15.0	bbox	701	391.4	386.4	391.4	1117,35,20,14	666.9	39.4828761	73.5863183	4663.6
703	703	1.014	стакан-марка-красная	7.6	9.8	порода-охристая	0.533	40.0	8.0	8.0	11.3	bbox	702	440.5	434.5	440.5	1793,19,26,14	666.3	39.4828753	73.5863135	4663.7
704	704	1.085	рюкзак-синий	3.0	28.5	снег-в-тени	1.009	67.3	-2.0	-13.5	13.6	bbox	703	25.0	25.0	25.0	945,647,10,45	664.3	39.4833079	73.5853333	4674.5
705	705	1.210	рюкзак-синий	5.8	27.0	порода-в-тени	1.287	11.8	4.0	-9.0	9.8	bbox	704	217.2	211.2	218.2	105,909,16,44	663.9	39.4829282	73.5861758	4674.5
706	706	1.102	палка-ручка-пробка	6.7	20.0	лишайник-жёлтый-на-камне	0.350	55.7	2.0	17.0	17.1	bbox	705	350.4	350.4	352.4	1127,487,20,20	663.7	39.4828708	73.5863154	4663.6
707	707	0.376	палка-ручка-пробка	3.0	0.8	лишайник-жёлтый-на-камне	0.846	76.5	2.0	23.0	23.1	bbox	706	284.3	281.3	285.3	1577,189,18,20	663.1	39.4828637	73.5863200	4674.5
708	708	1.416	стакан-марка-красная	11.2	6.5	порода-в-тени	0.856	43.3	0.0	-1.0	1.0	bbox	707	92.1	92.1	92.1	1873,11,24,14	662.9	39.4830227	73.5859783	4674.4
709	709	1.980	стакан-марка-красная	15.8	3.5	корка-жёлтая-на-скале	0.702	53.3	-2.0	10.0	10.2	bbox	708	476.5	467.5	477.5	427,357,21,19	661.5	39.4828725	73.5863124	4663.6
710	710	1.119	палка-ручка-пробка	8.6	8.6	лишайник-жёлтый-на-камне	0.285	67.1	0.0	16.0	16.0	bbox	709	363.4	359.4	364.4	1537,161,14,16	660.8	39.4828723	73.5863154	4663.6
711	711	0.746	рюкзак-синий	5.4	9.0	снег-в-тени	1.107	29.8	6.0	-12.0	13.4	bbox	710	17.0	17.0	17.0	293,225,16,32	659.6	39.4833051	73.5853334	4674.5
712	712	1.240	палка-ручка-пробка	9.9	2.4	лишайник-жёлтый-на-камне	0.586	73.3	-2.0	16.0	16.1	bbox	711	448.5	448.5	448.5	1205,878,15,17	659.1	39.4828746	73.5863141	4663.7
713	713	1.040	рюкзак-синий	5.7	21.3	снег-в-тени	1.276	17.5	5.0	-10.0	11.2	bbox	712	377.4	377.4	377.4	457,327,10,26	658.9	39.4828768	73.5863203	4663.5
714	714	1.065	рюкзак-синий	5.4	23.1	снег-в-тени	1.696	15.7	6.0	-16.0	17.1	bbox	713	380.4	380.4	380.4	227,493,10,26	658.7	39.4828778	73.5863211	4663.6
715	715	0.592	стакан-марка-красная	4.5	5.5	порода-охристая	0.995	55.3	9.0	5.0	10.3	bbox	714	484.6	484.6	484.6	1553,129,16,12	657.6	39.4828712	73.5863118	4663.6
716	716	1.761	палка-древко-контроль	13.2	17.7	порода-в-тени	0.531	23.9	-6.0	-2.0	6.3	bbox	715	213.2	211.2	214.2	1731,1013,25,20	656.5	39.4829278	73.5861766	4674.5
717	717	1.099	стакан-марка-красная	8.5	7.3	порода-охристая	0.804	57.1	8.0	9.0	12.0	bbox	716	383.4	383.4	384.4	569,0,20,9	656.5	39.4828780	73.5863210	4663.5
718	718	0.991	стакан-марка-красная	7.3	11.0	порода-охристая	0.918	60.8	9.0	8.0	12.0	bbox	717	5.0	5.0	5.0	515,855,30,16	656.3	39.4832997	73.5853335	4674.5
719	719	1.730	рюкзак-синий	10.4	31.8	снег-освещённый	0.631	70.6	-2.0	-4.0	4.5	bbox	718	159.2	155.2	166.2	487,353,34,36	655.8	39.4829329	73.5861793	4674.5
720	720	0.342	стакан-марка-красная	2.2	5.5	снег-розовый	1.183	55.3	9.0	2.0	9.2	bbox	719	338.4	338.4	338.4	451,313,26,16	655.6	39.4828679	73.5863163	4663.6
721	721	1.528	стакан-марка-красная	12.2	4.1	снег-в-тени	0.887	45.7	-1.0	-1.0	1.4	bbox	720	76.1	76.1	76.1	1705,753,14,16	655.5	39.4830247	73.5859789	4674.5
722	722	0.515	палка-ручка-пробка	4.1	0.0	лишайник-жёлтый-на-камне	0.734	75.7	1.0	22.0	22.0	bbox	721	74.1	74.1	74.1	817,0,16,16	655.4	39.4830255	73.5859791	4674.5
723	723	1.649	стакан-марка-красная	13.2	3.5	снег-в-тени	0.931	53.3	-2.0	-1.0	2.2	bbox	722	481.5	481.5	483.5	273,1049,20,24	655.4	39.4828724	73.5863121	4663.6
724	724	1.313	рюкзак-синий	8.2	22.8	снег-в-тени	0.566	61.6	-1.0	-6.0	6.1	bbox	723	288.3	288.3	289.3	1873,103,33,21	652.8	39.4828642	73.5863198	4674.4
725	725	1.893	рюкзак-синий	10.8	37.3	снег-пересвеченный	0.548	76.1	-3.0	-4.0	5.0	bbox	724	232.3	232.3	232.3	237,49,28,26	648.3	39.4829268	73.5861778	4674.4
726	726	1.231	палка-ручка-пробка	9.2	12.1	лишайник-жёлтый-на-камне	0.942	87.8	-2.0	17.0	17.1	bbox	725	284.3	284.3	284.3	1701,692,18,19	647.7	39.4828637	73.5863200	4674.5
727	727	0.957	палка-ручка-пробка	7.2	9.0	лишайник-жёлтый-на-камне	0.697	84.7	1.0	17.0	17.0	bbox	726	92.1	91.1	92.1	1153,389,16,14	647.5	39.4830227	73.5859783	4674.4
728	728	0.822	стакан-марка-красная	2.8	20.8	порода-в-тени	1.409	29.0	9.0	-1.0	9.1	bbox	727	81.1	78.1	83.1	761,47,14,12	647.3	39.4830245	73.5859803	4674.5
729	729	0.644	стакан-марка-красная	4.0	11.4	снег-розовый	0.866	61.2	7.0	1.0	7.1	bbox	728	484.6	484.6	484.6	483,529,22,14	646.1	39.4828712	73.5863118	4663.6
730	730	0.626	стакан-марка-красная	3.5	12.5	порода-охристая	1.325	37.3	7.5	1.0	7.6	bbox	729	484.6	484.6	484.6	673,571,16,21	644.4	39.4828712	73.5863118	4663.6
731	731	2.260	палка-древко-контроль	18.0	4.7	снег-в-тени	3.036	36.9	-2.0	-32.0	32.1	bbox	730	27.0	27.0	27.0	1241,613,26,14	644.2	39.4833086	73.5853338	4674.5
732	732	1.248	рюкзак-синий	7.1	24.7	порода-в-тени	0.929	14.1	2.0	-7.0	7.3	bbox	731	209.2	209.2	209.2	1137,99,32,14	643.9	39.4829278	73.5861766	4674.5
733	733	1.913	палка-ручка-пробка	14.8	14.1	снег-розовый	1.200	89.8	-2.0	10.0	10.2	bbox	732	103.1	103.1	103.1	337,979,14,22	643.7	39.4829786	73.5860749	4674.4
734	734	1.077	рюкзак-синий	8.0	11.2	снег-в-тени	0.290	50.0	1.0	-6.0	6.1	bbox	733	122.1	121.1	128.1	273,68,22,21	642.1	39.4829347	73.5861808	4674.5
735	735	2.037	стакан-марка-красная	15.3	20.0	корка-жёлтая-на-скале	1.019	29.8	-2.0	9.0	9.2	bbox	734	353.4	349.4	353.4	881,465,19,20	641.5	39.4828711	73.5863144	4663.6
736	736	0.665	стакан-марка-красная	4.1	11.8	порода-охристая	1.231	38.0	7.0	2.0	7.3	bbox	735	463.5	460.5	467.5	1039,89,24,23	641.2	39.4828731	73.5863128	4663.6
737	737	1.830	стакан-марка-красная	11.4	32.2	снег-освещённый	0.283	82.0	0.0	-2.0	2.0	bbox	736	77.1	76.1	77.1	849,339,24,14	640.2	39.4830247	73.5859788	4674.4
738	738	1.373	палка-ручка-пробка	9.9	16.7	корка-жёлтая-на-скале	0.489	59.0	-2.0	16.0	16.1	bbox	737	72.1	65.1	72.1	209,709,16,12	640.1	39.4830253	73.5859795	4674.5
739	739	2.070	палка-ручка-пробка	16.6	1.9	снег-розовый	0.901	77.6	-2.0	8.0	8.2	bbox	738	483.5	483.5	483.5	1003,631,14,18	639.5	39.4828716	73.5863117	4663.6
740	740	1.019	рюкзак-синий	8.1	4.1	снег-в-тени	0.304	42.9	0.0	-6.0	6.0	bbox	739	238.3	236.3	241.3	1811,281,34,24	638.5	39.4829264	73.5861780	4674.5
741	741	1.607	стакан-марка-красная	11.7	18.8	снег-освещённый	0.457	68.6	-0.5	-1.0	1.1	bbox	740	74.1	74.1	74.1	267,1017,29,16	638.2	39.4830255	73.5859791	4674.5
742	742	1.684	палка-древко-контроль	13.3	6.6	снег-в-тени	0.976	48.2	-5.0	-2.0	5.4	bbox	741	233.3	233.3	234.3	1363,967,70,20	638.2	39.4829269	73.5861779	4674.5
743	743	1.140	стакан-марка-красная	7.3	19.2	порода-охристая	0.530	30.6	9.0	8.0	12.0	bbox	742	427.5	427.5	427.5	1761,399,22,16	637.8	39.4828742	73.5863152	4663.6
744	744	0.521	палка-ручка-пробка	4.0	4.1	лишайник-жёлтый-на-камне	0.916	79.8	1.0	23.0	23.0	bbox	743	282.3	282.3	282.3	1197,857,14,18	637.3	39.4828632	73.5863204	4674.5
745	745	2.523	стакан-марка-красная	18.0	31.8	снег-освещённый	0.791	81.6	-7.0	2.0	7.3	bbox	744	223.3	222.3	223.3	325,67,36,14	635.5	39.4829279	73.5861760	4674.5
746	746	1.761	палка-ручка-пробка	13.0	18.6	корка-жёлтая-на-скале	0.559	57.1	-2.0	12.0	12.2	bbox	745	321.4	315.4	322.4	1399,107,12,34	635.3	39.4828682	73.5863153	4663.6
747	747	1.255	рюкзак-синий	9.2	13.9	снег-в-тени	0.433	52.7	-1.0	-5.0	5.1	bbox	746	236.3	236.3	240.3	989,69,28,20	634.9	39.4829264	73.5861783	4674.5
748	748	1.839	стакан-марка-красная	11.4	32.6	снег-освещённый	0.840	82.4	2.0	-6.0	6.3	bbox	747	300.3	289.3	305.3	49,741,19,32	634.9	39.4828657	73.5863196	4663.6
749	749	1.154	палка-ручка-пробка	7.8	17.2	лишайник-жёлтый-на-камне	1.011	92.9	0.0	17.0	17.0	bbox	748	86.1	86.1	86.1	1597,303,28,17	633.4	39.4830242	73.5859808	4674.5
750	750	1.774	палка-древко-контроль	14.0	8.1	порода-в-тени	0.885	33.5	-8.0	-1.0	8.1	bbox	749	214.2	213.2	214.2	1729,1013,19,20	633.2	39.4829282	73.5861765	4674.5
751	751	0.732	палка-ручка-пробка	5.4	8.1	лишайник-жёлтый-на-камне	0.193	67.6	3.0	18.0	18.2	bbox	750	91.1	91.1	91.1	613,217,12,22	632.6	39.4830230	73.5859789	4674.4
752	752	1.033	палка-ручка-пробка	8.1	6.3	лишайник-жёлтый-на-камне	0.225	69.4	1.0	16.0	16.0	bbox	751	5.0	5.0	5.0	1435,175,14,18	632.4	39.4832997	73.5853335	4674.5
753	753	1.221	рюкзак-синий	8.9	13.7	снег-в-тени	0.482	52.5	-3.0	-6.0	6.7	bbox	752	263.3	262.3	266.3	1357,72,30,21	631.9	39.4828642	73.5863133	4674.4
754	754	1.546	рюкзак-синий	10.0	25.5	порода-в-тени	1.311	13.3	7.0	-6.0	9.2	bbox	753	405.5	405.5	405.5	133,29,16,18	631.4	39.4828744	73.5863199	4663.6
755	755	2.002	стакан-марка-красная	14.3	25.1	снег-розовый	0.806	74.9	-2.0	7.0	7.3	bbox	754	401.5	401.5	401.5	561,985,24,16	630.9	39.4828750	73.5863206	4663.6
756	756	1.227	стакан-марка-красная	8.1	19.6	снег-в-тени	1.106	30.2	7.0	-6.0	9.2	bbox	755	342.4	341.4	343.4	37,483,12,28	630.8	39.4828691	73.5863156	4663.6
757	757	1.465	рюкзак-синий	11.4	9.4	снег-в-тени	0.673	48.2	-2.0	-3.0	3.6	bbox	756	234.3	234.3	234.3	961,1041,28,16	630.5	39.4829269	73.5861779	4674.5
758	758	1.699	стакан-марка-красная	11.4	25.9	порода-в-тени	1.238	23.9	2.0	8.0	8.2	bbox	757	11.0	11.0	13.0	1873,1047,24,18	629.5	39.4833028	73.5853337	4674.5
759	759	1.410	рюкзак-синий	6.7	31.7	снег-в-тени	1.739	7.1	7.0	-11.0	13.0	bbox	758	19.0	19.0	19.0	1131,224,16,23	628.3	39.4833061	73.5853336	4674.5
760	760	0.441	палка-ручка-пробка	3.2	5.5	лишайник-жёлтый-на-камне	0.891	70.2	2.0	24.0	24.1	bbox	759	284.3	281.3	285.3	1401,165,14,15	627.3	39.4828637	73.5863200	4674.5
761	761	1.421	стакан-марка-красная	5.7	34.5	порода-в-тени	1.167	15.3	7.0	-3.0	7.6	bbox	760	251.3	248.3	251.3	531,705,22,13	626.5	39.4829248	73.5861773	4674.5
762	762	0.592	стакан-марка-красная	4.5	5.5	снег-розовый	1.080	55.3	7.0	-1.0	7.1	bbox	761	461.5	459.5	468.5	1457,192,19,21	625.8	39.4828733	73.5863128	4663.6
763	763	1.435	стакан-марка-красная	8.1	28.6	порода-охристая	0.877	21.2	7.0	8.0	10.6	bbox	762	333.4	333.4	335.4	228,553,27,18	625.4	39.4828662	73.5863154	4663.6
764	764	0.549	палка-ручка-пробка	4.1	5.3	лишайник-жёлтый-на-камне	0.901	70.4	1.0	24.0	24.0	bbox	763	355.4	350.4	355.4	1029,311,18,14	624.5	39.4828718	73.5863142	4663.6
765	765	1.900	рюкзак-синий	14.6	15.3	порода-в-тени	0.209	23.5	-3.0	0.0	3.0	bbox	764	275.3	273.3	278.3	1501,1073,45,7	624.3	39.4828629	73.5863210	4674.5
766	766	0.980	рюкзак-синий	7.8	2.3	снег-в-тени	0.852	36.5	6.0	-8.0	10.0	bbox	765	419.5	417.5	420.5	821,465,8,32	623.1	39.4828739	73.5863164	4663.6
767	767	1.398	рюкзак-синий	11.2	0.8	снег-в-тени	0.701	39.6	-1.0	-3.0	3.2	bbox	766	168.2	168.2	170.2	33,147,24,24	623.0	39.4829306	73.5861791	4674.5
768	768	0.912	рюкзак-синий	6.3	12.7	снег-в-тени	0.862	26.1	3.0	-8.0	8.5	bbox	767	377.4	377.4	377.4	1203,393,14,16	622.8	39.4828768	73.5863203	4663.5
769	769	1.201	рюкзак-синий	8.2	17.3	снег-в-тени	0.539	56.1	3.0	-6.0	6.7	bbox	768	299.3	288.3	304.3	0,607,23,18	622.3	39.4828656	73.5863198	4663.6
770	770	0.556	стакан-марка-красная	4.2	4.7	снег-розовый	1.222	54.5	8.0	-2.0	8.2	bbox	769	450.5	450.5	450.5	1313,0,16,15	622.3	39.4828742	73.5863138	4663.6
771	771	0.926	рюкзак-синий	7.0	8.5	снег-в-тени	0.178	47.3	1.0	-7.0	7.1	bbox	770	304.3	296.3	305.3	1840,119,21,22	620.2	39.4828671	73.5863202	4663.6
772	772	1.476	стакан-марка-красная	11.2	13.3	порода-охристая	0.927	63.1	13.0	12.0	17.7	bbox	771	329.4	329.4	329.4	1579,1067,24,13	620.0	39.4828670	73.5863151	4663.6
773	773	1.589	стакан-марка-красная	11.2	21.2	порода-в-тени	0.386	28.6	0.0	-1.0	1.0	bbox	772	354.4	354.4	354.4	416,369,17,16	618.2	39.4828715	73.5863143	4663.6
774	774	1.157	стакан-марка-красная	7.3	20.0	порода-охристая	0.545	29.8	9.0	8.0	12.0	bbox	773	466.5	466.5	466.5	1729,31,25,13	617.9	39.4828730	73.5863133	4663.6
775	775	1.039	рюкзак-синий	8.1	7.0	снег-в-тени	0.673	31.8	2.0	-6.0	6.3	bbox	774	119.1	118.1	126.1	368,81,21,16	617.6	39.4829346	73.5861801	4674.4
776	776	0.563	стакан-марка-красная	4.5	1.8	снег-розовый	1.181	51.6	7.0	-1.0	7.1	bbox	775	467.5	462.5	469.5	753,161,23,16	616.9	39.4828730	73.5863137	4663.6
777	777	0.671	рюкзак-синий	4.5	10.4	снег-в-тени	1.058	28.4	5.0	-12.0	13.0	bbox	776	378.4	378.4	378.4	307,145,14,16	615.3	39.4828773	73.5863208	4663.5
778	778	0.537	палка-ручка-пробка	4.2	2.4	лишайник-жёлтый-на-камне	0.468	73.3	2.0	20.0	20.1	bbox	777	87.1	87.1	87.1	617,173,12,16	615.1	39.4830241	73.5859806	4674.4
779	779	0.961	стакан-марка-красная	7.3	8.6	порода-охристая	0.461	41.2	9.0	8.0	12.0	bbox	778	362.4	362.4	374.4	1075,797,28,12	614.8	39.4828723	73.5863150	4663.6
780	780	1.640	рюкзак-синий	13.0	6.3	снег-в-тени	0.907	45.1	-4.0	-2.0	4.5	bbox	779	236.3	235.3	236.3	582,999,27,26	614.4	39.4829264	73.5861783	4674.5
781	781	0.749	стакан-марка-красная	5.4	9.2	порода-охристая	0.998	59.0	9.0	6.0	10.8	bbox	780	383.4	383.4	383.4	1121,529,29,16	614.1	39.4828780	73.5863210	4663.5
782	782	0.887	рюкзак-синий	7.1	2.0	снег-в-тени	0.280	40.8	0.0	-7.0	7.0	bbox	781	223.3	223.3	226.3	1145,31,40,20	613.4	39.4829279	73.5861760	4674.5
783	783	1.861	палка-древко-контроль	12.4	29.0	снег-освещённый	0.724	70.6	-5.0	-3.0	5.8	bbox	782	223.3	219.2	227.3	1735,681,26,32	610.9	39.4829279	73.5861760	4674.5
784	784	1.091	рюкзак-синий	8.5	6.3	снег-в-тени	0.366	45.1	-2.0	-6.0	6.3	bbox	783	234.3	234.3	236.3	1167,97,26,20	610.6	39.4829269	73.5861779	4674.5
785	785	0.486	стакан-марка-красная	3.6	5.1	снег-розовый	1.166	54.9	8.0	-1.0	8.1	bbox	784	441.5	441.5	442.5	1449,155,14,14	609.4	39.4828752	73.5863136	4663.6
786	786	1.201	стакан-марка-красная	7.3	22.0	снег-розовый	1.171	71.8	9.0	8.0	12.0	bbox	785	379.4	379.4	379.4	1185,51,18,14	608.2	39.4828777	73.5863208	4663.6
787	787	1.709	стакан-марка-красная	4.2	45.5	порода-в-тени	1.381	4.3	8.0	-2.0	8.2	bbox	786	19.0	19.0	19.0	1909,59,11,26	607.8	39.4833061	73.5853336	4674.5
788	788	1.814	палка-ручка-контроль	13.0	22.3	корка-жёлтая-на-скале	0.464	35.3	-1.0	15.0	15.0	bbox	787	344.4	344.4	347.4	1548,739,25,13	607.8	39.4828700	73.5863151	4663.6
789	789	1.050	рюкзак-синий	5.7	21.7	снег-в-тени	1.288	17.1	5.0	-10.0	11.2	bbox	788	218.2	211.2	218.2	115,975,14,34	607.6	39.4829281	73.5861755	4674.5
790	790	1.252	рюкзак-синий	9.2	13.7	снег-в-тени	1.199	25.1	7.0	-7.0	9.9	bbox	789	27.0	27.0	27.0	195,435,22,20	606.4	39.4833086	73.5853338	4674.5
791	791	1.855	палка-ручка-пробка	14.8	5.1	лишайник-жёлтый-на-камне	1.024	70.6	-2.0	10.0	10.2	bbox	790	381.4	381.4	381.4	853,343,13,16	605.0	39.4828779	73.5863212	4663.6
792	792	1.589	стакан-марка-красная	8.5	32.9	снег-розовый	1.167	82.7	8.0	9.0	12.0	bbox	791	440.5	439.5	444.5	1719,609,16,22	604.8	39.4828753	73.5863135	4663.7
793	793	1.308	палка-ручка-пробка	8.1	23.3	лишайник-жёлтый-на-камне	0.730	52.4	6.0	15.0	16.2	bbox	792	92.1	89.1	92.1	851,685,18,20	604.5	39.4830227	73.5859783	4674.4
794	794	0.401	стакан-марка-красная	3.2	0.8	снег-розовый	1.357	49.0	8.5	-1.0	8.6	bbox	793	385.4	385.4	394.4	193,551,25,10	603.3	39.4828781	73.5863205	4663.5
795	795	1.408	палка-ручка-пробка	9.9	18.8	лишайник-жёлтый-на-камне	1.157	94.5	-2.0	16.0	16.1	bbox	794	421.5	417.5	421.5	373,421,12,16	602.6	39.4828739	73.5863160	4663.6
796	796	1.572	рюкзак-синий	8.0	33.9	снег-освещённый	0.841	72.7	1.0	-6.0	6.1	bbox	795	311.4	311.4	314.4	1876,315,20,26	602.1	39.4828678	73.5863201	4663.6
797	797	0.985	палка-ручка-пробка	7.1	12.2	лишайник-жёлтый-на-камне	0.288	63.5	0.0	18.0	18.0	bbox	796	92.1	91.1	92.1	811,827,15,18	602.0	39.4830227	73.5859783	4674.4
798	798	1.321	палка-ручка-пробка	9.9	13.0	лишайник-жёлтый-на-камне	0.525	62.7	-2.0	16.0	16.1	bbox	797	340.4	340.4	340.4	1541,23,26,10	601.8	39.4828689	73.5863160	4663.6
799	799	1.815	стакан-марка-красная	14.4	5.9	корка-жёлтая-на-скале	0.811	55.7	-1.0	9.0	9.1	bbox	798	341.4	341.4	341.4	251,266,25,13	601.8	39.4828690	73.5863158	4663.6
800	800	0.904	стакан-марка-красная	7.2	2.0	порода-охристая	0.783	47.8	7.0	7.0	9.9	bbox	799	286.3	286.3	286.3	275,787,20,22	601.7	39.4828641	73.5863197	4674.4
801	801	0.469	стакан-марка-красная	3.2	7.1	снег-в-тени	1.426	42.7	8.0	0.0	8.0	bbox	800	396.5	394.4	397.5	63,257,18,16	600.9	39.4828748	73.5863189	4663.6
802	802	1.011	рюкзак-синий	7.1	13.7	снег-в-тени	0.327	52.5	2.0	-7.0	7.3	bbox	801	218.2	218.2	219.2	602,0,27,30	600.7	39.4829281	73.5861755	4674.5
803	803	1.806	стакан-марка-красная	13.9	13.9	корка-жёлтая-на-скале	0.981	35.9	-1.0	8.0	8.1	bbox	802	458.5	458.5	458.5	41,297,24,16	600.2	39.4828740	73.5863131	4663.6
804	804	1.563	рюкзак-синий	12.2	10.2	порода-в-тени	0.343	28.6	-1.0	-2.0	2.2	bbox	803	126.1	126.1	127.1	741,5,28,28	598.8	39.4829340	73.5861812	4674.4
805	805	1.690	стакан-марка-красная	13.4	5.9	корка-жёлтая-на-скале	1.017	43.9	-1.0	7.0	7.1	bbox	804	463.5	459.5	464.5	675,5,28,12	598.5	39.4828731	73.5863128	4663.6
806	806	0.923	стакан-марка-красная	6.3	13.3	снег-розовый	0.740	63.1	5.0	-1.0	5.1	bbox	805	407.5	407.5	407.5	1869,21,34,17	598.3	39.4828745	73.5863192	4663.6
807	807	2.193	палка-ручка-пробка	16.6	20.4	снег-розовый	1.117	96.1	-2.0	8.0	8.2	bbox	806	25.0	25.0	25.0	1748,658,17,15	598.0	39.4833079	73.5853333	4674.5
808	808	1.531	стакан-марка-красная	12.0	8.6	порода-охристая	0.758	58.4	11.0	13.0	17.0	bbox	807	449.5	449.5	449.5	785,316,17,17	596.9	39.4828744	73.5863139	4663.6
809	809	0.808	стакан-марка-красная	6.3	4.7	порода-охристая	0.608	45.1	9.0	7.0	11.4	bbox	808	365.4	362.4	375.4	1043,577,20,14	596.3	39.4828729	73.5863167	4663.6
810	810	0.706	стакан-марка-красная	5.0	9.2	снег-в-тени	1.181	40.6	7.0	-2.0	7.3	bbox	809	441.5	429.5	441.5	1027,33,13,22	596.2	39.4828752	73.5863136	4663.6
811	811	0.488	рюкзак-синий	3.9	0.2	снег-в-тени	0.735	39.0	4.0	-11.5	12.2	bbox	810	355.4	355.4	355.4	1457,73,18,10	595.9	39.4828718	73.5863142	4663.6
812	812	1.215	рюкзак-синий	9.2	10.8	снег-в-тени	0.401	49.6	-1.0	-5.0	5.1	bbox	811	314.4	313.4	315.4	1589,20,18,37	595.6	39.4828677	73.5863183	4663.6
813	813	0.669	стакан-марка-красная	5.0	6.7	порода-охристая	1.022	43.1	7.0	4.0	8.1	bbox	812	431.5	429.5	431.5	719,143,15,32	595.6	39.4828751	73.5863145	4663.6
814	814	1.696	стакан-марка-красная	12.1	21.6	снег-освещённый	0.616	71.4	0.0	-4.0	4.0	bbox	813	267.3	267.3	267.3	1897,1025,23,22	595.3	39.4828611	73.5863210	4674.5
815	815	0.753	палка-ручка-пробка	5.0	11.8	лишайник-жёлтый-на-камне	0.256	63.9	2.0	19.0	19.1	bbox	814	99.1	89.1	101.1	774,862,15,19	595.2	39.4830214	73.5859761	4674.5
816	816	0.501	рюкзак-синий	4.0	0.8	снег-в-тени	0.405	39.6	1.0	-10.0	10.0	bbox	815	380.4	380.4	380.4	1117,331,16,20	594.9	39.4828778	73.5863211	4663.6
817	817	1.044	стакан-марка-красная	3.2	27.1	снег-розовый	0.750	76.9	8.0	2.0	8.2	bbox	816	393.4	393.4	399.5	867,985,22,16	594.8	39.4828757	73.5863185	4663.6
818	818	1.438	рюкзак-синий	11.0	11.7	порода-в-тени	0.510	27.1	1.0	-3.0	3.2	bbox	817	68.1	68.1	70.1	1889,0,16,29	593.4	39.4830261	73.5859821	4674.5
819	819	1.957	палка-ручка-пробка	15.7	1.6	снег-розовый	1.008	77.3	-2.0	9.0	9.2	bbox	818	381.4	380.4	381.4	411,336,22,25	593.0	39.4828779	73.5863212	4663.6
820	820	0.679	рюкзак-синий	5.0	7.4	снег-в-тени	0.810	31.4	4.0	-10.0	10.8	bbox	819	252.3	252.3	252.3	1865,0,26,9	591.8	39.4829248	73.5861773	4674.5
821	821	0.940	палка-ручка-пробка	7.4	3.9	лишайник-жёлтый-на-камне	0.861	79.6	7.5	16.0	17.7	bbox	820	342.4	341.4	342.4	1465,153,14,14	591.6	39.4828691	73.5863156	4663.6
822	822	1.782	палка-древко-контроль	14.0	9.4	порода-в-тени	1.325	51.0	-8.0	-1.0	8.1	bbox	821	264.3	264.3	264.3	1785,1021,21,18	591.4	39.4828608	73.5863211	4674.4
823	823	1.167	рюкзак-синий	5.4	26.7	снег-в-тени	1.101	65.5	6.0	-12.0	13.4	bbox	822	17.0	17.0	17.0	54,799,14,26	591.2	39.4833051	73.5853334	4674.5
824	824	2.084	палка-ручка-пробка	16.6	3.3	снег-розовый	1.154	79.0	-4.0	9.0	9.8	bbox	823	376.4	376.4	377.4	35,0,22,17	590.9	39.4828768	73.5863200	4663.5
825	825	0.542	палка-ручка-пробка	4.0	5.9	лишайник-жёлтый-на-камне	0.953	81.6	1.0	23.0	23.0	bbox	824	350.4	350.4	352.4	857,993,18,18	590.6	39.4828708	73.5863154	4663.6
826	826	1.329	палка-ручка-пробка	10.6	0.4	лишайник-жёлтый-на-камне	0.741	76.1	-3.0	16.0	16.3	bbox	825	363.4	359.4	371.4	1638,419,11,18	590.4	39.4828723	73.5863154	4663.6
827	827	1.262	рюкзак-синий	3.0	33.7	снег-в-тени	1.186	72.5	-2.0	-14.0	14.1	bbox	826	27.0	27.0	27.0	1265,545,18,36	589.9	39.4833086	73.5853338	4674.5
828	828	1.169	палка-ручка-пробка	9.2	5.5	лишайник-жёлтый-на-камне	0.685	81.2	-1.0	16.0	16.0	bbox	827	334.4	333.4	336.4	1801,795,15,23	588.8	39.4828663	73.5863157	4663.6
829	829	2.694	стакан-марка-красная	19.1	34.9	снег-пересвеченный	0.926	84.7	-8.0	3.0	8.5	bbox	828	229.3	229.3	230.3	601,19,40,13	588.5	39.4829274	73.5861775	4674.5
830	830	1.064	стакан-марка-красная	7.6	13.3	порода-охристая	1.030	63.1	8.0	8.0	11.3	bbox	829	357.4	357.4	361.4	257,561,24,14	588.1	39.4828720	73.5863141	4663.6
831	831	1.286	палка-ручка-пробка	8.1	22.4	корка-жёлтая-на-скале	0.265	53.3	1.0	16.0	16.0	bbox	830	283.3	283.3	283.3	1257,541,20,14	587.3	39.4828637	73.5863203	4674.5
832	832	0.888	рюкзак-синий	7.1	2.4	снег-в-тени	0.366	41.2	2.0	-7.0	7.3	bbox	831	121.1	119.1	129.1	107,393,18,20	586.2	39.4829348	73.5861806	4674.5
833	833	0.751	палка-ручка-пробка	6.0	1.0	лишайник-жёлтый-на-камне	0.901	74.7	-1.0	23.0	23.0	bbox	832	344.4	342.4	348.4	1563,557,12,18	586.2	39.4828700	73.5863151	4663.6
834	834	0.538	рюкзак-синий	4.2	2.5	снег-в-тени	0.748	36.3	4.0	-11.0	11.7	bbox	833	249.3	249.3	259.3	1388,344,19,16	584.8	39.4829249	73.5861773	4674.5
835	835	1.165	стакан-марка-красная	4.5	28.6	снег-розовый	0.952	78.4	9.0	5.0	10.3	bbox	834	441.5	435.5	444.5	1767,855,10,22	584.6	39.4828752	73.5863136	4663.6
836	836	2.087	стакан-марка-красная	12.2	40.0	снег-освещённый	0.345	89.8	-1.0	-1.0	1.4	bbox	835	484.6	484.6	484.6	641,737,24,8	584.0	39.4828712	73.5863118	4663.6
837	837	1.155	рюкзак-синий	8.9	8.1	снег-в-тени	0.452	46.9	-3.0	-6.0	6.7	bbox	836	264.3	263.3	264.3	1395,75,16,20	583.5	39.4828608	73.5863211	4674.4
838	838	0.476	стакан-марка-красная	3.2	7.4	снег-в-тени	1.428	42.4	8.0	0.0	8.0	bbox	837	379.4	379.4	382.4	729,343,16,26	583.5	39.4828777	73.5863208	4663.6
839	839	1.072	рюкзак-синий	6.1	21.2	порода-в-тени	1.013	17.6	2.0	-8.0	8.2	bbox	838	247.3	246.3	247.3	865,645,24,20	582.8	39.4829254	73.5861774	4674.5
840	840	0.542	рюкзак-синий	3.6	8.5	снег-в-тени	0.707	47.3	4.0	-12.0	12.6	bbox	839	416.5	416.5	416.5	451,167,14,16	581.8	39.4828738	73.5863174	4663.6
841	841	1.344	рюкзак-синий	4.0	34.9	снег-в-тени	0.967	73.7	1.0	-10.0	10.0	bbox	840	21.0	21.0	21.0	263,1000,5,61	581.7	39.4833070	73.5853337	4674.5
842	842	0.430	стакан-марка-красная	3.2	4.7	снег-розовый	1.142	54.5	8.0	0.0	8.0	bbox	841	471.5	471.5	471.5	1041,497,16,26	581.6	39.4828725	73.5863134	4663.6
843	843	1.052	палка-ручка-пробка	8.2	6.7	лишайник-жёлтый-на-камне	0.655	82.4	0.0	16.5	16.5	bbox	842	328.4	328.4	329.4	1911,281,9,24	581.4	39.4828674	73.5863155	4663.6
844	844	1.199	стакан-марка-красная	7.6	20.4	снег-розовый	1.093	70.2	8.0	8.0	11.3	bbox	843	344.4	344.4	349.4	657,499,24,14	581.0	39.4828700	73.5863151	4663.6
845	845	1.219	рюкзак-синий	8.1	19.2	порода-в-тени	0.674	19.6	0.0	-6.0	6.0	bbox	844	142.2	141.2	144.2	1375,469,28,20	580.9	39.4829344	73.5861783	4674.5
846	846	1.651	палка-ручка-пробка	12.2	17.6	лишайник-жёлтый-на-камне	1.220	93.3	-2.0	13.0	13.2	bbox	845	428.5	427.5	428.5	385,457,16,16	580.5	39.4828744	73.5863151	4663.6
847	847	1.787	стакан-марка-красная	13.4	17.3	порода-охристая	0.818	32.5	5.0	13.0	13.9	bbox	846	104.1	104.1	104.1	773,921,12,27	579.6	39.4829563	73.5861264	4674.4
848	848	1.966	стакан-марка-красная	15.7	5.5	корка-жёлтая-на-скале	0.989	55.3	-3.0	8.0	8.5	bbox	847	431.5	430.5	431.5	111,949,37,12	579.2	39.4828751	73.5863145	4663.6
849	849	0.367	стакан-марка-красная	2.2	6.7	порода-охристая	1.165	43.1	9.0	2.0	9.2	bbox	848	59.1	57.1	66.1	228,561,22,16	579.0	39.4830257	73.5859847	4674.5
850	850	0.735	палка-ручка-пробка	5.8	2.7	лишайник-жёлтый-на-камне	0.478	78.4	2.0	18.0	18.1	bbox	849	91.1	91.1	101.1	1563,732,14,17	578.9	39.4830230	73.5859789	4674.4
851	851	1.088	рюкзак-синий	7.6	14.7	снег-в-тени	0.346	53.5	-2.0	-7.0	7.3	bbox	850	246.3	238.3	251.3	1233,321,28,21	578.5	39.4829255	73.5861775	4674.5
852	852	2.092	палка-ручка-пробка	15.7	20.8	снег-розовый	1.212	96.5	-2.0	9.0	9.2	bbox	851	400.5	393.4	400.5	369,297,18,12	578.0	39.4828750	73.5863202	4663.6
853	853	1.101	палка-ручка-пробка	8.6	6.7	лишайник-жёлтый-на-камне	0.664	82.4	0.0	16.0	16.0	bbox	852	53.1	53.1	60.1	1457,875,14,20	576.8	39.4830259	73.5859849	4674.5
854	854	0.948	рюкзак-синий	6.8	11.7	снег-в-тени	0.833	27.1	3.0	-7.5	8.1	bbox	853	114.1	114.1	124.1	65,265,16,20	576.8	39.4829340	73.5861797	4674.4
855	855	2.580	крышка-бирюзовая	20.5	7.9	снег-освещённый	1.576	62.0	-10.0	7.0	12.2	bbox	854	221.3	221.3	221.3	633,21,46,8	576.0	39.4829280	73.5861755	4674.5
856	856	1.281	рюкзак-синий	10.2	3.6	снег-в-тени	0.551	42.4	-1.0	-4.0	4.1	bbox	855	308.4	289.3	309.4	1617,24,26,29	575.1	39.4828675	73.5863205	4663.6
857	857	0.733	стакан-марка-красная	5.8	2.2	снег-в-тени	1.071	52.0	6.0	-2.0	6.3	bbox	856	459.5	458.5	459.5	1367,13,26,12	573.7	39.4828738	73.5863130	4663.6
858	858	1.979	палка-ручка-пробка	15.3	14.7	снег-розовый	1.265	90.4	-3.0	10.0	10.4	bbox	857	402.5	402.5	410.5	623,648,8,25	572.2	39.4828749	73.5863208	4663.6
859	859	1.277	рюкзак-синий	9.0	16.8	порода-в-тени	0.592	22.0	0.5	-5.0	5.0	bbox	858	218.2	218.2	219.2	621,127,23,30	570.4	39.4829281	73.5861755	4674.5
860	860	1.282	палка-ручка-пробка	9.9	9.4	лишайник-жёлтый-на-камне	0.516	66.3	-2.0	16.0	16.1	bbox	859	365.4	362.4	365.4	1323,13,22,10	570.3	39.4828729	73.5863167	4663.6
861	861	1.108	палка-ручка-пробка	8.6	7.5	лишайник-жёлтый-на-камне	0.296	68.2	0.0	16.0	16.0	bbox	860	6.0	6.0	6.0	1481,133,20,18	570.2	39.4833003	73.5853336	4674.5
862	862	1.284	палка-ручка-пробка	10.0	8.2	лишайник-жёлтый-на-камне	0.797	83.9	-1.0	15.0	15.0	bbox	861	383.4	383.4	384.4	1224,191,11,23	569.7	39.4828780	73.5863210	4663.5
863	863	1.124	рюкзак-синий	5.9	23.9	порода-в-тени	1.144	14.9	3.0	-8.5	9.0	bbox	862	140.2	139.2	140.2	57,373,9,28	569.1	39.4829342	73.5861781	4674.5
864	864	1.287	палка-ручка-пробка	10.0	8.6	лишайник-жёлтый-на-камне	0.809	84.3	-1.0	15.0	15.0	bbox	863	455.5	455.5	455.5	1857,1019,16,16	568.3	39.4828744	73.5863135	4663.6
865	865	1.312	палка-ручка-пробка	8.9	19.2	порода-охристая	0.854	56.5	9.0	15.0	17.5	bbox	864	84.1	79.1	84.1	525,993,20,17	567.7	39.4830248	73.5859810	4674.4
866	866	1.818	палка-древко-контроль	14.0	13.3	снег-освещённый	1.197	54.9	-7.0	-1.0	7.1	bbox	865	235.3	230.3	235.3	1857,953,16,22	567.6	39.4829267	73.5861782	4674.5
867	867	1.032	палка-ручка-пробка	8.1	6.3	лишайник-жёлтый-на-камне	0.686	82.0	4.0	15.0	15.5	bbox	866	417.5	417.5	417.5	185,105,16,16	567.2	39.4828738	73.5863171	4663.6
868	868	1.450	стакан-марка-красная	5.8	35.1	снег-розовый	0.938	84.9	8.0	6.0	10.0	bbox	867	365.4	364.4	365.4	817,81,16,14	566.7	39.4828729	73.5863167	4663.6
869	869	1.481	рюкзак-синий	10.0	21.9	порода-в-тени	0.638	16.9	2.0	-4.0	4.5	bbox	868	218.2	218.2	220.3	0,794,27,27	566.3	39.4829281	73.5861755	4674.5
870	870	1.647	палка-ручка-пробка	12.8	10.8	корка-жёлтая-на-скале	0.759	64.9	-3.0	13.0	13.3	bbox	869	410.5	410.5	413.5	1380,1005,13,18	565.4	39.4828742	73.5863187	4663.6
871	871	2.321	стакан-марка-красная	18.1	14.3	снег-освещённый	1.029	64.1	-7.0	3.0	7.6	bbox	870	221.3	221.3	221.3	789,71,48,10	563.5	39.4829280	73.5861755	4674.5
872	872	1.474	стакан-марка-красная	9.5	24.5	лишайник-жёлтый-на-камне	1.195	74.3	8.0	10.0	12.8	bbox	871	337.4	337.4	337.4	801,347,14,16	563.5	39.4828673	73.5863164	4663.6
873	873	0.876	рюкзак-синий	6.1	12.2	снег-в-тени	0.275	51.0	2.0	-8.0	8.2	bbox	872	449.5	446.5	449.5	559,245,32,8	563.0	39.4828744	73.5863139	4663.6
874	874	0.738	стакан-марка-красная	3.2	17.4	снег-в-тени	1.559	32.4	10.0	-2.0	10.2	bbox	873	381.4	379.4	381.4	480,737,9,24	562.6	39.4828779	73.5863212	4663.6
875	875	0.764	рюкзак-синий	3.0	18.7	снег-в-тени	0.524	57.5	1.0	-11.0	11.0	bbox	874	448.5	448.5	448.5	359,599,26,14	562.3	39.4828746	73.5863141	4663.7
876	876	1.782	стакан-марка-красная	14.0	9.4	снег-освещённый	0.820	59.2	-3.0	1.0	3.2	bbox	875	302.3	300.3	302.3	1621,0,13,23	562.2	39.4828664	73.5863198	4663.6
877	877	0.398	палка-ручка-пробка	3.2	1.4	лишайник-жёлтый-на-камне	0.930	74.3	2.0	24.0	24.1	bbox	876	352.4	352.4	352.4	1787,1012,16,13	562.0	39.4828710	73.5863147	4663.6
878	878	1.286	стакан-марка-красная	8.1	22.3	порода-охристая	0.481	27.5	10.0	9.0	13.5	bbox	877	456.5	449.5	456.5	1153,59,16,16	561.8	39.4828744	73.5863132	4663.6
879	879	0.624	стакан-марка-красная	4.2	9.2	снег-в-тени	1.276	40.6	8.0	-2.0	8.2	bbox	878	441.5	437.5	444.5	1727,687,10,18	560.9	39.4828752	73.5863136	4663.6
880	880	0.929	стакан-марка-красная	7.4	0.6	порода-охристая	0.649	50.4	8.5	8.0	11.7	bbox	879	335.4	333.4	335.4	419,571,8,22	559.7	39.4828665	73.5863161	4663.6
881	881	0.946	стакан-марка-красная	7.2	8.0	снег-в-тени	0.976	41.8	7.0	-5.0	8.6	bbox	880	427.5	427.5	434.5	225,747,12,20	559.4	39.4828742	73.5863152	4663.6
882	882	1.030	палка-ручка-пробка	7.8	9.2	лишайник-жёлтый-на-камне	0.737	84.9	0.0	17.0	17.0	bbox	881	87.1	87.1	87.1	1167,333,14,14	559.2	39.4830241	73.5859806	4674.4
883	883	0.523	стакан-марка-красная	3.6	7.4	снег-в-тени	1.343	42.4	8.0	-1.0	8.1	bbox	882	391.4	389.4	391.4	193,695,20,18	559.1	39.4828761	73.5863183	4663.6
884	884	1.069	палка-ручка-пробка	7.8	12.2	лишайник-жёлтый-на-камне	0.260	63.5	0.0	17.0	17.0	bbox	883	284.3	284.3	285.3	801,77,20,16	558.5	39.4828637	73.5863200	4674.5
885	885	1.895	стакан-марка-красная	14.3	17.4	порода-в-тени	1.087	32.4	-2.0	7.0	7.3	bbox	884	135.2	135.2	138.2	1021,838,28,11	558.1	39.4829338	73.5861791	4674.5
886	886	0.678	рюкзак-синий	5.4	2.2	снег-в-тени	0.464	41.0	3.0	-9.0	9.5	bbox	885	247.3	247.3	252.3	1541,29,24,14	557.1	39.4829254	73.5861774	4674.5
887	887	0.559	рюкзак-синий	4.5	0.6	снег-в-тени	0.870	38.2	5.0	-12.0	13.0	bbox	886	27.0	27.0	27.0	496,274,13,28	557.0	39.4833086	73.5853338	4674.5
888	888	1.142	стакан-марка-красная	7.2	19.6	снег-розовый	1.114	69.4	7.0	-5.0	8.6	bbox	887	449.5	449.5	449.5	1251,547,14,14	557.0	39.4828744	73.5863139	4663.6
889	889	1.409	стакан-марка-красная	11.2	5.1	снег-в-тени	0.882	44.7	0.0	-1.0	1.0	bbox	888	77.1	77.1	77.1	1665,1025,16,16	555.7	39.4830247	73.5859788	4674.4
890	890	1.212	стакан-марка-красная	6.4	25.5	снег-розовый	0.805	75.3	7.0	6.0	9.2	bbox	889	422.5	422.5	422.5	1903,465,17,17	555.2	39.4828741	73.5863160	4663.6
891	891	1.903	стакан-марка-красная	14.8	12.9	корка-жёлтая-на-скале	0.990	36.9	-2.0	8.0	8.2	bbox	890	148.2	145.2	163.2	1241,745,12,16	555.0	39.4829345	73.5861783	4674.5
892	892	2.233	палка-ручка-пробка	16.6	23.5	снег-розовый	1.187	99.2	-2.0	8.0	8.2	bbox	891	93.1	93.1	93.1	1209,477,17,16	554.9	39.4830228	73.5859778	4674.5
893	893	1.974	стакан-марка-красная	14.8	19.6	корка-жёлтая-на-скале	1.106	30.2	-2.0	8.0	8.2	bbox	892	353.4	353.4	354.4	71,823,13,24	554.7	39.4828711	73.5863144	4663.6
894	894	0.729	стакан-марка-красная	2.8	17.8	порода-в-тени	1.436	32.0	9.0	-1.0	9.1	bbox	893	424.5	422.5	424.5	1857,657,16,16	554.1	39.4828740	73.5863154	4663.6
895	895	1.739	рюкзак-синий	9.2	36.4	порода-в-тени	1.656	2.4	8.0	-8.0	11.3	bbox	894	426.5	426.5	426.5	0,247,7,26	553.8	39.4828741	73.5863152	4663.6
896	896	1.093	рюкзак-синий	8.0	12.4	снег-в-тени	0.304	51.2	1.0	-6.0	6.1	bbox	895	308.4	307.3	308.4	1717,261,20,28	552.7	39.4828675	73.5863205	4663.6
897	897	1.441	рюкзак-синий	10.2	18.8	порода-в-тени	0.396	20.0	-1.0	-4.0	4.1	bbox	896	141.2	141.2	145.2	1417,241,27,34	552.5	39.4829341	73.5861782	4674.5
898	898	1.467	рюкзак-синий	11.2	12.5	порода-в-тени	0.349	26.3	-1.0	-3.0	3.2	bbox	897	39.0	31.0	42.0	1823,121,26,32	552.2	39.4832074	73.5855691	4674.5
899	899	1.574	стакан-марка-красная	12.2	11.4	снег-освещённый	0.712	61.2	-1.0	-1.0	1.4	bbox	898	281.3	281.3	281.3	1489,201,16,12	551.7	39.4828632	73.5863204	4674.5
900	900	1.000	рюкзак-синий	7.8	5.9	снег-в-тени	0.783	32.9	4.5	-7.0	8.3	bbox	899	445.5	445.5	445.5	414,113,9,28	551.5	39.4828750	73.5863144	4663.6
901	901	0.849	рюкзак-синий	5.0	16.1	снег-в-тени	1.091	54.9	6.0	-14.0	15.2	bbox	900	23.0	23.0	23.0	93,227,10,31	551.4	39.4833076	73.5853335	4674.5
902	902	0.645	палка-ручка-пробка	5.1	2.8	лишайник-жёлтый-на-камне	0.948	72.9	0.0	24.0	24.0	bbox	901	355.4	355.4	355.4	1341,587,12,14	551.2	39.4828718	73.5863142	4663.6
903	903	1.342	стакан-марка-красная	4.2	34.5	снег-розовый	0.826	84.3	8.0	4.0	8.9	bbox	902	427.5	427.5	428.5	150,48,13,17	551.0	39.4828742	73.5863152	4663.6
904	904	1.452	стакан-марка-красная	11.2	11.0	снег-освещённый	0.736	60.8	0.0	-1.0	1.0	bbox	903	76.1	76.1	76.1	577,979,22,14	550.8	39.4830247	73.5859789	4674.5
905	905	1.022	палка-ручка-пробка	7.5	11.4	лишайник-жёлтый-на-камне	0.421	64.3	-1.0	18.5	18.5	bbox	904	61.1	57.1	72.1	539,155,12,14	549.5	39.4830257	73.5859848	4674.5
906	906	0.542	стакан-марка-красная	3.6	8.4	снег-в-тени	1.348	41.4	8.0	-1.0	8.1	bbox	905	446.5	446.5	446.5	1211,417,22,17	549.0	39.4828750	73.5863145	4663.6
907	907	1.764	стакан-марка-красная	12.5	22.7	порода-в-тени	1.058	27.1	0.0	7.0	7.0	bbox	906	73.1	73.1	73.1	341,726,13,27	548.5	39.4830257	73.5859792	4674.5
908	908	2.256	стакан-марка-красная	13.9	40.2	порода-в-тени	0.956	9.6	-2.0	6.0	6.3	bbox	907	281.3	281.3	281.3	748,1021,6,31	548.2	39.4828632	73.5863204	4674.5
909	909	0.905	палка-ручка-пробка	7.2	2.4	лишайник-жёлтый-на-камне	0.919	73.3	9.0	17.0	19.2	bbox	908	341.4	341.4	342.4	1851,785,16,12	548.1	39.4828690	73.5863158	4663.6
910	910	1.996	палка-ручка-пробка	14.9	20.4	снег-розовый	1.124	96.1	0.0	9.0	9.0	bbox	909	317.4	317.4	320.4	1281,241,16,16	546.7	39.4828677	73.5863165	4663.6
911	911	0.936	стакан-марка-красная	7.1	8.6	порода-охристая	0.408	41.2	12.0	8.0	14.4	bbox	910	347.4	344.4	348.4	153,425,16,14	546.7	39.4828708	73.5863153	4663.6
912	912	2.118	стакан-марка-красная	15.7	22.7	порода-в-тени	1.157	27.1	-3.0	8.0	8.5	bbox	911	160.2	160.2	160.2	1810,951,21,20	546.6	39.4829327	73.5861793	4674.5
913	913	2.153	стакан-марка-красная	11.0	46.3	порода-в-тени	0.664	3.5	0.0	0.0	0.0	bbox	912	29.0	29.0	29.0	1683,1057,6,23	546.1	39.4833087	73.5853337	4674.5
914	914	1.278	палка-ручка-пробка	10.0	7.4	лишайник-жёлтый-на-камне	0.775	83.1	-1.0	15.0	15.0	bbox	913	452.5	450.5	453.5	797,0,14,15	545.6	39.4828742	73.5863141	4663.6
915	915	1.575	стакан-марка-красная	12.2	11.0	корка-жёлтая-на-скале	0.776	38.8	4.0	11.0	11.7	bbox	914	350.4	350.4	351.4	1851,1036,20,21	544.8	39.4828708	73.5863154	4663.6
916	916	1.024	стакан-марка-красная	8.1	5.1	порода-охристая	0.859	54.9	7.0	8.0	10.6	bbox	915	357.4	357.4	362.4	807,809,24,12	544.4	39.4828720	73.5863141	4663.6
917	917	0.886	стакан-марка-красная	4.1	20.2	порода-в-тени	1.231	29.6	7.0	2.0	7.3	bbox	916	64.1	64.1	68.1	107,692,22,23	543.9	39.4830256	73.5859844	4674.5
918	918	0.516	рюкзак-синий	3.6	7.0	снег-в-тени	0.910	31.8	4.0	-12.0	12.6	bbox	917	446.5	446.5	446.5	1109,1065,16,15	543.0	39.4828750	73.5863145	4663.6
919	919	1.428	стакан-марка-красная	11.2	8.2	снег-розовый	0.831	58.0	0.0	-1.0	1.0	bbox	918	479.5	479.5	479.5	585,697,14,16	541.3	39.4828724	73.5863121	4663.6
920	920	1.070	стакан-марка-красная	5.0	24.3	порода-охристая	1.108	25.5	7.0	4.0	8.1	bbox	919	53.1	53.1	54.1	217,1056,19,16	541.2	39.4830259	73.5859849	4674.5
921	921	0.967	стакан-марка-красная	7.2	9.8	порода-охристая	1.036	59.6	7.0	7.0	9.9	bbox	920	479.5	476.5	479.5	1802,497,15,16	541.2	39.4828724	73.5863121	4663.6
922	922	0.705	рюкзак-синий	5.4	5.9	снег-в-тени	0.662	32.9	3.0	-9.0	9.5	bbox	921	348.4	347.4	348.4	4,33,9,23	541.1	39.4828708	73.5863153	4663.6
923	923	1.902	стакан-марка-красная	14.3	18.0	порода-в-тени	1.079	31.8	-2.0	7.0	7.3	bbox	922	139.2	136.2	139.2	1345,641,16,24	540.7	39.4829345	73.5861784	4674.5
924	924	2.194	палка-древко-контроль	17.0	14.9	снег-освещённый	1.175	56.5	-7.0	2.0	7.3	bbox	923	235.3	235.3	244.3	1087,31,38,10	540.5	39.4829267	73.5861782	4674.5
925	925	1.010	палка-ручка-пробка	8.1	0.8	лишайник-жёлтый-на-камне	0.434	76.5	2.0	15.5	15.6	bbox	924	341.4	341.4	342.4	1417,109,20,8	539.7	39.4828690	73.5863158	4663.6
926	926	1.013	стакан-марка-красная	8.1	2.9	порода-охристая	0.808	52.7	7.0	8.0	10.6	bbox	925	282.3	282.3	282.3	633,217,8,24	538.2	39.4828632	73.5863204	4674.5
927	927	1.134	палка-ручка-пробка	7.6	17.3	лишайник-жёлтый-на-камне	0.282	58.4	2.0	16.0	16.1	bbox	926	97.1	94.1	102.1	805,853,15,20	537.7	39.4830221	73.5859756	4674.5
928	928	1.243	стакан-марка-красная	9.8	4.7	порода-охристая	0.568	45.1	7.0	10.0	12.2	bbox	927	5.0	5.0	5.0	680,929,19,19	536.4	39.4832997	73.5853335	4674.5
929	929	1.784	палка-ручка-пробка	12.5	23.9	корка-жёлтая-на-скале	0.420	51.8	-1.0	12.0	12.0	bbox	928	324.4	323.4	326.4	1892,881,28,17	536.4	39.4828685	73.5863153	4663.6
930	930	0.763	стакан-марка-красная	3.6	17.3	порода-в-тени	1.323	32.5	8.0	-1.0	8.1	bbox	929	364.4	364.4	367.4	1011,913,14,16	536.4	39.4828728	73.5863161	4663.6
931	931	1.008	палка-ручка-пробка	8.1	1.0	лишайник-жёлтый-на-камне	0.649	74.7	6.0	15.0	16.2	bbox	930	340.4	340.4	340.4	1341,281,20,12	535.9	39.4828689	73.5863160	4663.6
932	932	2.131	рюкзак-синий	15.8	22.3	порода-в-тени	0.380	16.5	-4.0	1.0	4.1	bbox	931	232.3	232.3	238.3	1324,0,21,21	535.5	39.4829268	73.5861778	4674.4
933	933	0.886	стакан-марка-красная	7.0	3.9	порода-охристая	0.460	45.9	11.0	8.0	13.6	bbox	932	434.5	434.5	436.5	1763,548,20,13	535.5	39.4828751	73.5863144	4663.7
934	934	1.225	палка-ручка-контроль	9.5	8.6	корка-жёлтая-на-скале	0.453	49.0	3.0	17.0	17.3	bbox	933	126.1	105.1	130.1	1121,715,10,14	534.6	39.4829340	73.5861812	4674.4
935	935	1.247	палка-ручка-пробка	9.4	11.4	лишайник-жёлтый-на-камне	0.847	87.1	0.0	15.0	15.0	bbox	934	6.0	6.0	6.0	1819,565,20,16	534.5	39.4833003	73.5853336	4674.5
936	936	1.911	стакан-марка-красная	13.9	22.4	снег-розовый	0.861	72.2	-1.0	8.0	8.1	bbox	935	89.1	89.1	89.1	407,1009,16,18	534.5	39.4830237	73.5859798	4674.4
937	937	0.956	рюкзак-синий	7.6	2.3	снег-в-тени	1.142	36.5	8.0	-11.0	13.6	bbox	936	426.5	426.5	426.5	597,113,8,16	534.4	39.4828741	73.5863152	4663.6
938	938	1.406	стакан-марка-красная	8.1	27.4	порода-охристая	0.848	22.4	7.0	8.0	10.6	bbox	937	422.5	422.5	422.5	1460,552,13,16	534.0	39.4828741	73.5863160	4663.6
939	939	0.745	палка-ручка-пробка	5.8	4.3	лишайник-жёлтый-на-камне	0.244	71.4	2.0	18.0	18.1	bbox	938	92.1	91.1	92.1	325,401,16,12	533.4	39.4830227	73.5859783	4674.4
940	940	1.285	палка-ручка-контроль	9.8	10.3	корка-жёлтая-на-скале	0.354	47.3	2.0	17.0	17.1	bbox	939	69.1	63.1	72.1	181,477,12,12	532.6	39.4830259	73.5859815	4674.5
941	941	1.857	рюкзак-синий	13.9	18.1	снег-освещённый	0.942	56.9	-4.0	-1.0	4.1	bbox	940	217.2	217.2	218.2	331,81,26,26	532.6	39.4829282	73.5861758	4674.5
942	942	1.116	палка-древко-контроль	3.6	28.6	снег-в-тени	1.663	70.2	-6.0	-18.0	19.0	bbox	941	18.0	18.0	18.0	1339,457,17,10	532.5	39.4833056	73.5853336	4674.5
943	943	1.096	рюкзак-синий	8.5	6.9	снег-в-тени	1.188	45.7	9.0	-11.0	14.2	bbox	942	452.5	451.5	452.5	27,9,8,24	532.2	39.4828742	73.5863141	4663.6
944	944	1.819	палка-древко-контроль	14.0	13.9	снег-освещённый	1.264	55.5	-8.0	-1.0	8.1	bbox	943	226.3	222.3	227.3	1764,759,13,26	532.0	39.4829276	73.5861772	4674.4
945	945	2.186	стакан-марка-красная	16.6	18.8	корка-жёлтая-на-скале	0.945	31.0	-3.0	10.0	10.4	bbox	944	382.4	382.4	382.4	1228,87,19,18	531.3	39.4828780	73.5863210	4663.5
946	946	1.910	стакан-марка-красная	12.4	31.4	снег-освещённый	0.250	81.2	-1.0	-2.0	2.2	bbox	945	85.1	85.1	85.1	835,201,22,8	531.0	39.4830242	73.5859809	4674.5
947	947	1.865	палка-ручка-пробка	14.9	4.3	снег-розовый	0.914	80.0	0.0	9.0	9.0	bbox	946	101.1	97.1	102.1	1801,875,24,16	530.9	39.4830120	73.5859987	4674.5
948	948	0.515	рюкзак-синий	4.1	0.0	снег-в-тени	0.477	38.8	2.0	-10.0	10.2	bbox	947	266.3	266.3	267.3	1713,65,32,10	529.4	39.4828609	73.5863217	4674.5
949	949	1.875	стакан-марка-красная	15.0	0.4	корка-жёлтая-на-скале	0.640	49.4	-1.0	10.0	10.0	bbox	948	463.5	463.5	465.5	498,49,13,16	529.1	39.4828731	73.5863128	4663.6
950	950	0.443	палка-ручка-пробка	2.8	7.5	лишайник-жёлтый-на-камне	0.525	68.2	3.0	21.0	21.2	bbox	949	74.1	73.1	76.1	789,849,17,18	528.9	39.4830255	73.5859791	4674.5
951	951	0.516	стакан-марка-красная	3.6	7.1	снег-розовый	1.119	56.9	8.0	-1.0	8.1	bbox	950	399.5	399.5	399.5	1281,900,14,15	528.8	39.4828747	73.5863196	4663.6
952	952	1.477	крышка-контроль	11.7	6.7	порода-в-тени	1.850	35.7	-16.0	1.0	16.0	bbox	951	20.0	20.0	20.0	875,413,22,18	527.7	39.4833066	73.5853337	4674.5
953	953	0.602	стакан-марка-красная	4.5	6.3	снег-розовый	1.059	56.1	7.0	-1.0	7.1	bbox	952	422.5	422.5	422.5	357,50,28,9	527.6	39.4828741	73.5863160	4663.6
954	954	0.936	рюкзак-синий	7.2	7.0	снег-в-тени	1.075	31.8	7.0	-10.0	12.2	bbox	953	454.5	450.5	454.5	208,65,7,27	527.3	39.4828743	73.5863138	4663.6
955	955	0.458	палка-ручка-пробка	3.2	6.5	лишайник-жёлтый-на-камне	1.058	82.2	2.0	24.0	24.1	bbox	954	352.4	350.4	352.4	1273,769,10,16	527.1	39.4828710	73.5863147	4663.6
956	956	1.993	палка-ручка-пробка	15.3	16.1	корка-жёлтая-на-скале	0.842	59.6	-3.0	10.0	10.4	bbox	955	423.5	423.5	424.5	1369,161,38,14	526.3	39.4828740	73.5863158	4663.6
957	957	0.940	рюкзак-синий	7.1	9.0	снег-в-тени	0.996	29.8	6.0	-9.0	10.8	bbox	956	435.5	429.5	444.5	182,475,9,23	526.3	39.4828751	73.5863141	4663.6
958	958	1.248	палка-ручка-пробка	8.1	20.6	корка-жёлтая-на-скале	0.315	55.1	1.0	16.0	16.0	bbox	957	55.1	46.1	67.1	887,303,12,20	526.1	39.4830259	73.5859845	4674.4
959	959	1.940	стакан-марка-красная	14.1	22.3	корка-жёлтая-на-скале	0.891	27.5	1.0	11.0	11.0	bbox	958	291.3	287.3	298.3	1645,447,12,22	526.0	39.4828640	73.5863207	4670.9
960	960	1.884	стакан-марка-красная	15.0	5.1	корка-жёлтая-на-скале	0.686	54.9	-1.0	10.0	10.0	bbox	959	42.0	41.0	42.0	857,1033,13,24	525.5	39.4831307	73.5857450	4674.4
961	961	1.287	палка-ручка-пробка	9.2	16.1	лишайник-жёлтый-на-камне	1.018	91.8	-1.0	16.0	16.0	bbox	960	329.4	327.4	330.4	1897,145,11,18	525.1	39.4828670	73.5863151	4663.6
962	962	1.846	палка-ручка-пробка	14.8	0.0	лишайник-жёлтый-на-камне	1.071	75.7	-2.0	10.0	10.2	bbox	961	422.5	422.5	422.5	1145,615,22,20	524.2	39.4828741	73.5863160	4663.6
963	963	1.317	стакан-марка-красная	7.6	25.5	порода-охристая	0.731	24.3	8.0	8.0	11.3	bbox	962	86.1	86.1	87.1	1476,113,24,8	523.9	39.4830242	73.5859808	4674.5
964	964	1.505	рюкзак-синий	7.1	34.1	порода-в-тени	1.521	4.7	6.0	-9.0	10.8	bbox	963	427.5	427.5	428.5	329,349,10,20	523.7	39.4828742	73.5863152	4663.6
965	965	0.613	стакан-марка-красная	4.2	8.6	снег-розовый	1.132	58.4	8.0	-2.0	8.2	bbox	964	450.5	450.5	454.5	1663,178,17,15	521.9	39.4828742	73.5863138	4663.6
966	966	0.951	рюкзак-синий	4.1	22.4	снег-в-тени	0.594	61.2	2.0	-10.0	10.2	bbox	965	355.4	355.4	355.4	1819,69,17,12	521.8	39.4828718	73.5863142	4663.6
967	967	1.874	стакан-марка-красная	14.8	9.0	корка-жёлтая-на-скале	0.992	58.8	-2.0	8.0	8.2	bbox	966	412.5	409.5	412.5	238,9,20,18	521.3	39.4828740	73.5863184	4663.6
968	968	2.763	палка-ручка-пробка	22.0	6.7	снег-освещённый	1.251	82.4	-9.0	6.0	10.8	bbox	967	220.3	220.3	220.3	1151,37,30,8	520.8	39.4829280	73.5861753	4674.4
969	969	1.793	стакан-марка-красная	11.7	29.0	снег-освещённый	0.402	78.8	0.0	-3.0	3.0	bbox	968	57.1	57.1	63.1	979,835,15,20	520.6	39.4830260	73.5859845	4674.5
970	970	1.833	палка-ручка-пробка	13.6	19.2	снег-розовый	1.182	94.9	1.0	10.0	10.0	bbox	969	281.3	279.3	281.3	1521,63,7,26	520.3	39.4828632	73.5863204	4674.5
971	971	1.891	стакан-марка-красная	14.3	17.1	порода-в-тени	1.093	32.7	-2.0	7.0	7.3	bbox	970	138.2	137.2	139.2	169,183,29,10	519.8	39.4829342	73.5861790	4674.5
972	972	1.396	рюкзак-синий	10.8	10.4	порода-в-тени	0.488	28.4	-3.0	-4.0	5.0	bbox	971	219.2	219.2	219.2	1497,23,20,26	519.2	39.4829280	73.5861753	4674.5
973	973	0.852	рюкзак-синий	6.1	10.8	снег-в-тени	0.749	28.0	2.0	-8.0	8.2	bbox	972	377.4	376.4	377.4	523,505,8,32	519.1	39.4828768	73.5863203	4663.5
974	974	0.675	рюкзак-синий	5.4	1.2	снег-в-тени	0.484	40.0	3.0	-9.0	9.5	bbox	973	352.4	350.4	355.4	1305,280,24,9	518.2	39.4828710	73.5863147	4663.6
975	975	1.697	стакан-марка-красная	12.0	22.0	корка-жёлтая-на-скале	1.064	27.8	2.0	9.0	9.2	bbox	974	307.3	303.3	314.4	1361,433,10,36	518.0	39.4828676	73.5863206	4663.6
976	976	0.813	стакан-марка-красная	2.2	21.4	порода-в-тени	1.527	28.4	10.0	-1.0	10.0	bbox	975	414.5	408.5	414.5	227,33,15,16	517.6	39.4828738	73.5863180	4663.6
977	977	1.259	рюкзак-синий	8.5	18.7	снег-в-тени	0.494	57.5	-2.0	-6.0	6.3	bbox	976	130.1	129.1	131.1	55,241,31,24	517.5	39.4829332	73.5861805	4674.5
978	978	1.137	стакан-марка-красная	6.0	23.9	снег-розовый	1.294	73.7	11.0	7.0	13.0	bbox	977	379.4	379.4	382.4	1617,65,12,21	517.1	39.4828777	73.5863208	4663.6
979	979	0.411	стакан-марка-красная	3.2	3.1	снег-розовый	1.183	52.9	8.0	0.0	8.0	bbox	978	425.5	425.5	425.5	329,873,12,24	517.1	39.4828740	73.5863154	4663.6
980	980	1.226	рюкзак-синий	4.1	31.2	снег-в-тени	1.792	7.6	5.0	-15.0	15.8	bbox	979	379.4	379.4	381.4	499,493,10,20	516.9	39.4828777	73.5863208	4663.6
981	981	1.336	палка-ручка-пробка	9.9	14.1	лишайник-жёлтый-на-камне	0.534	61.6	-2.0	16.0	16.1	bbox	980	339.4	339.4	339.4	1797,331,12,14	516.3	39.4828684	73.5863161	4663.6
982	982	1.213	палка-ручка-пробка	8.6	15.7	лишайник-жёлтый-на-камне	0.342	60.0	0.0	16.0	16.0	bbox	981	127.1	122.1	130.1	1169,665,14,12	516.1	39.4829337	73.5861811	4674.5
983	983	1.849	стакан-марка-красная	14.8	3.1	корка-жёлтая-на-скале	0.911	46.7	-2.0	8.0	8.2	bbox	982	426.5	425.5	426.5	173,313,13,24	515.6	39.4828741	73.5863152	4663.6
984	984	0.452	стакан-марка-красная	3.6	0.8	снег-розовый	1.321	49.0	8.0	-1.0	8.1	bbox	983	459.5	459.5	459.5	921,58,10,23	515.2	39.4828738	73.5863130	4663.6
985	985	3.214	рюкзак-синий	24.4	28.2	снег-в-тени	3.980	10.6	15.0	-34.0	37.2	bbox	984	18.0	18.0	18.0	539,858,20,18	515.1	39.4833056	73.5853336	4674.5
986	986	1.570	рюкзак-синий	9.9	27.0	порода-в-тени	1.490	11.8	8.0	-7.0	10.6	bbox	985	459.5	459.5	459.5	157,54,6,25	514.4	39.4828738	73.5863130	4663.6
987	987	1.234	палка-ручка-пробка	7.6	22.0	корка-жёлтая-на-скале	0.351	53.7	2.0	16.0	16.1	bbox	986	71.1	65.1	71.1	870,650,11,23	512.9	39.4830250	73.5859803	4674.5
988	988	0.535	рюкзак-синий	4.2	1.9	снег-в-тени	0.596	36.9	-2.0	-11.0	11.2	bbox	987	28.0	28.0	28.0	975,489,8,26	512.8	39.4833086	73.5853338	4674.5
989	989	1.574	стакан-марка-красная	7.1	36.5	снег-розовый	1.288	86.3	10.0	8.0	12.8	bbox	988	328.4	328.4	331.4	1453,919,16,25	512.3	39.4828674	73.5863155	4663.6
990	990	1.129	палка-ручка-пробка	8.9	4.3	лишайник-жёлтый-на-камне	0.349	71.4	1.0	15.0	15.0	bbox	989	62.1	53.1	66.1	1419,741,16,12	512.2	39.4830258	73.5859848	4674.5
991	991	0.546	рюкзак-синий	4.1	5.1	снег-в-тени	0.561	33.7	0.0	-10.0	10.0	bbox	990	6.0	6.0	6.0	1021,437,10,19	511.7	39.4833003	73.5853336	4674.5
992	992	0.534	рюкзак-синий	4.1	3.9	снег-в-тени	0.308	42.7	0.0	-10.0	10.0	bbox	991	248.3	239.3	252.3	945,363,32,12	510.3	39.4829252	73.5861773	4674.5
993	993	0.768	рюкзак-синий	5.1	12.0	снег-в-тени	0.982	50.8	6.0	-13.0	14.3	bbox	992	233.3	233.3	234.3	1193,13,28,8	509.9	39.4829269	73.5861779	4674.5
994	994	1.984	стакан-марка-красная	15.6	9.8	корка-жёлтая-на-скале	0.586	40.0	-1.0	11.0	11.0	bbox	993	81.1	80.1	81.1	149,281,23,16	509.7	39.4830245	73.5859803	4674.5
995	995	0.889	рюкзак-синий	7.1	2.7	снег-в-тени	0.868	36.1	6.0	-9.0	10.8	bbox	994	415.5	415.5	415.5	982,811,7,24	509.1	39.4828738	73.5863178	4663.6
996	996	1.064	рюкзак-синий	4.0	26.3	снег-в-тени	0.678	65.1	1.0	-10.0	10.0	bbox	995	219.2	216.2	219.2	465,406,14,35	508.8	39.4829280	73.5861753	4674.5
997	997	1.024	рюкзак-синий	6.3	18.2	снег-в-тени	1.646	20.6	7.0	-16.0	17.5	bbox	996	446.5	446.5	456.5	1567,715,10,18	508.8	39.4828750	73.5863145	4663.6
998	998	2.049	рюкзак-синий	14.1	29.0	порода-в-тени	0.418	9.8	-1.0	0.0	1.0	bbox	997	29.0	29.0	29.0	913,689,22,16	508.4	39.4833087	73.5853337	4674.5
999	999	0.753	рюкзак-синий	5.6	7.8	снег-в-тени	0.754	31.0	3.5	-9.0	9.7	bbox	998	115.1	115.1	128.1	0,267,9,18	508.0	39.4829339	73.5861794	4674.4
1000	1000	1.138	палка-ручка-пробка	8.9	5.9	лишайник-жёлтый-на-камне	0.638	81.6	1.0	15.0	15.0	bbox	999	339.4	339.4	339.4	1282,87,15,18	506.7	39.4828684	73.5863161	4663.6
1001	1001	0.454	стакан-марка-красная	3.6	1.6	снег-розовый	1.257	51.4	8.0	-1.0	8.1	bbox	1000	330.4	328.4	330.4	431,465,16,10	505.5	39.4828666	73.5863150	4663.6
1002	1002	1.122	палка-ручка-пробка	8.9	2.7	лишайник-жёлтый-на-камне	0.540	78.4	1.0	15.0	15.0	bbox	1001	384.4	383.4	384.4	1059,315,12,18	505.0	39.4828781	73.5863207	4663.5
1003	1003	2.064	стакан-марка-красная	14.8	25.9	снег-розовый	0.904	75.7	-2.0	8.0	8.2	bbox	1002	480.5	466.5	480.5	464,561,25,13	503.9	39.4828724	73.5863121	4663.6
1004	1004	0.888	рюкзак-синий	5.0	17.7	снег-в-тени	0.357	56.5	1.0	-9.0	9.1	bbox	1003	312.4	311.4	313.4	1749,13,14,27	502.2	39.4828678	73.5863196	4663.6
1005	1005	2.031	стакан-марка-красная	12.1	38.0	порода-в-тени	0.961	11.8	0.0	6.0	6.0	bbox	1004	281.3	281.3	281.3	945,799,6,32	501.3	39.4828632	73.5863204	4674.5
1006	1006	0.726	рюкзак-синий	4.0	14.7	снег-в-тени	0.346	53.5	1.0	-10.0	10.0	bbox	1005	71.1	70.1	72.1	1914,507,6,28	501.2	39.4830250	73.5859803	4674.5
1007	1007	2.411	крышка-бирюзовая	18.4	19.8	снег-освещённый	1.419	73.9	-11.0	5.0	12.1	bbox	1006	264.3	261.3	265.3	1449,0,24,9	501.2	39.4828608	73.5863211	4674.4
1008	1008	0.950	рюкзак-синий	7.5	4.3	снег-в-тени	0.835	34.5	5.5	-8.0	9.7	bbox	1007	428.5	428.5	428.5	745,305,8,24	501.1	39.4828744	73.5863151	4663.6
1009	1009	1.205	палка-ручка-пробка	8.0	18.8	лишайник-жёлтый-на-камне	1.424	94.5	-3.0	23.0	23.2	bbox	1008	349.4	349.4	349.4	1121,1061,16,12	501.0	39.4828708	73.5863154	4663.6
1010	1010	1.521	стакан-марка-красная	12.2	1.2	снег-в-тени	0.891	51.0	-1.0	-1.0	1.4	bbox	1009	81.1	79.1	84.1	1634,929,29,16	500.9	39.4830245	73.5859803	4674.5
1011	1011	1.578	рюкзак-синий	8.6	32.3	снег-в-тени	2.252	6.5	8.0	-19.0	20.6	bbox	1010	380.4	380.4	380.4	97,17,10,16	500.2	39.4828778	73.5863211	4663.6
1012	1012	0.893	стакан-марка-красная	3.6	21.6	снег-розовый	0.868	71.4	8.0	-1.0	8.1	bbox	1011	427.5	427.5	427.5	1905,163,15,13	499.6	39.4828742	73.5863152	4663.6
1013	1013	1.181	рюкзак-синий	7.1	21.9	порода-в-тени	0.910	16.9	2.0	-7.0	7.3	bbox	1012	159.2	156.2	162.2	585,107,32,6	499.4	39.4829329	73.5861793	4674.5
1014	1014	0.277	палка-ручка-пробка	2.0	3.3	лишайник-жёлтый-на-камне	0.901	79.0	3.0	23.0	23.2	bbox	1013	282.3	282.3	286.3	513,753,14,12	497.3	39.4828632	73.5863204	4674.5
1015	1015	0.768	стакан-марка-красная	6.1	2.9	порода-охристая	0.727	52.7	10.0	7.0	12.2	bbox	1014	441.5	436.5	441.5	1387,125,12,20	497.0	39.4828752	73.5863136	4663.6
1016	1016	1.250	палка-древко-контроль	10.0	0.8	снег-в-тени	2.357	42.4	-8.0	-25.0	26.2	bbox	1015	17.0	17.0	17.0	989,569,18,16	496.8	39.4833051	73.5853334	4674.5
1017	1017	1.606	рюкзак-синий	12.1	15.3	снег-в-тени	0.832	54.1	-4.0	-3.0	5.0	bbox	1016	220.3	220.3	220.3	705,0,21,17	496.8	39.4829280	73.5861753	4674.4
1018	1018	0.454	стакан-марка-красная	3.2	6.3	снег-в-тени	1.422	43.5	8.0	0.0	8.0	bbox	1017	421.5	416.5	421.5	617,27,24,18	496.6	39.4828739	73.5863160	4663.6
1019	1019	1.032	рюкзак-синий	8.1	6.3	снег-в-тени	0.599	32.5	0.0	-6.0	6.0	bbox	1018	153.2	150.2	155.2	513,547,14,26	496.1	39.4829339	73.5861790	4674.5
1020	1020	1.361	палка-ручка-пробка	10.6	8.2	лишайник-жёлтый-на-камне	0.641	67.5	-3.0	16.0	16.3	bbox	1019	5.0	5.0	5.0	1643,433,18,14	495.6	39.4832997	73.5853335	4674.5
1021	1021	1.103	палка-ручка-пробка	8.1	12.6	лишайник-жёлтый-на-камне	0.196	63.1	1.0	16.0	16.0	bbox	1020	281.3	281.3	281.3	1798,273,27,16	495.5	39.4828632	73.5863204	4674.5
1022	1022	1.094	палка-ручка-пробка	8.5	6.7	лишайник-жёлтый-на-камне	0.652	82.4	2.0	15.0	15.1	bbox	1021	4.0	4.0	4.0	961,203,14,18	495.4	39.4832992	73.5853335	4674.5
1023	1023	1.869	стакан-марка-красная	10.4	37.5	снег-освещённый	0.422	87.3	1.0	-2.0	2.2	bbox	1022	74.1	74.1	74.1	857,367,23,18	494.6	39.4830255	73.5859791	4674.5
1024	1024	1.646	стакан-марка-красная	12.2	17.6	порода-в-тени	0.665	32.2	-1.0	3.0	3.2	bbox	1023	134.2	131.1	139.2	635,359,18,20	494.5	39.4829338	73.5861792	4674.5
1025	1025	1.086	рюкзак-синий	7.0	18.0	порода-в-тени	0.839	20.8	1.0	-7.0	7.1	bbox	1024	290.3	288.3	290.3	1829,7,16,16	494.4	39.4828642	73.5863206	4672.1
1026	1026	0.920	рюкзак-синий	6.1	14.5	снег-в-тени	0.875	24.3	2.0	-8.0	8.2	bbox	1025	419.5	417.5	420.5	849,561,10,28	494.1	39.4828739	73.5863164	4663.6
1027	1027	1.317	палка-ручка-пробка	9.2	17.9	корка-жёлтая-на-скале	0.504	57.8	-2.0	17.0	17.1	bbox	1026	357.4	357.4	357.4	1908,933,12,16	493.3	39.4828720	73.5863141	4663.6
1028	1028	1.061	стакан-марка-красная	8.2	7.1	порода-охристая	0.748	56.9	9.0	9.0	12.7	bbox	1027	357.4	357.4	362.4	71,705,10,16	493.3	39.4828720	73.5863141	4663.6
1029	1029	1.072	палка-ручка-пробка	8.5	2.7	лишайник-жёлтый-на-камне	0.525	78.4	2.0	15.0	15.1	bbox	1028	4.0	4.0	4.0	1201,333,14,14	493.2	39.4832992	73.5853335	4674.5
1030	1030	1.010	стакан-марка-красная	3.0	26.3	порода-в-тени	1.634	23.5	11.0	-2.0	11.2	bbox	1029	423.5	423.5	424.5	1581,273,19,9	493.2	39.4828740	73.5863158	4663.6
1031	1031	1.257	стакан-марка-красная	9.4	12.2	снег-в-тени	0.913	62.0	6.0	-7.0	9.2	bbox	1030	416.5	416.5	416.5	897,995,16,14	493.1	39.4828738	73.5863174	4663.6
1032	1032	0.779	рюкзак-синий	3.2	18.8	снег-в-тени	1.275	20.0	4.0	-13.0	13.6	bbox	1031	231.3	231.3	235.3	147,57,22,12	493.0	39.4829272	73.5861777	4674.5
1033	1033	0.832	рюкзак-синий	2.5	21.6	снег-в-тени	0.812	60.4	3.0	-12.5	12.9	bbox	1032	22.0	21.0	22.0	1214,201,15,46	492.9	39.4833074	73.5853335	4674.5
1034	1034	1.645	стакан-марка-красная	13.2	1.6	снег-в-тени	0.919	51.4	-2.0	-1.0	2.2	bbox	1033	400.5	400.5	400.5	941,1019,20,33	492.7	39.4828750	73.5863202	4663.6
1035	1035	0.657	рюкзак-синий	5.0	5.7	снег-в-тени	0.553	33.1	1.0	-9.0	9.1	bbox	1034	1.0	0.0	3.0	1811,111,11,22	492.4	39.4832968	73.5853336	4674.5
1036	1036	2.607	крышка-контроль	20.6	11.1	корка-жёлтая-на-скале	1.519	53.5	-9.0	7.0	11.4	bbox	1035	216.2	214.2	216.2	349,637,10,24	492.1	39.4829282	73.5861762	4674.5
1037	1037	0.866	стакан-марка-красная	3.2	21.6	порода-в-тени	1.531	28.2	10.0	-2.0	10.2	bbox	1036	328.4	328.4	331.4	241,41,10,23	492.0	39.4828674	73.5863155	4663.6
1038	1038	1.199	рюкзак-синий	8.6	14.9	снег-в-тени	1.320	23.9	8.0	-9.0	12.0	bbox	1037	78.1	78.1	78.1	519,237,19,8	491.7	39.4830247	73.5859790	4674.5
1039	1039	1.861	палка-ручка-пробка	14.9	2.6	снег-розовый	0.924	73.1	0.0	9.0	9.0	bbox	1038	118.1	115.1	118.1	1427,738,12,13	491.3	39.4829342	73.5861798	4674.5
1040	1040	0.897	стакан-марка-красная	7.2	1.8	порода-охристая	0.671	48.0	8.0	7.5	11.0	bbox	1039	326.4	326.4	326.4	610,629,15,12	491.2	39.4828682	73.5863157	4663.6
1041	1041	0.968	стакан-марка-красная	7.3	9.2	порода-охристая	0.863	59.0	9.0	8.0	12.0	bbox	1040	451.5	450.5	458.5	1447,705,12,17	491.1	39.4828742	73.5863140	4663.6
1042	1042	0.677	рюкзак-синий	5.4	2.0	снег-в-тени	0.468	40.8	3.0	-9.0	9.5	bbox	1041	295.3	295.3	298.3	1895,32,25,11	490.9	39.4828645	73.5863196	4666.4
1043	1043	1.272	рюкзак-синий	2.0	34.9	снег-в-тени	1.060	73.7	1.0	-12.0	12.0	bbox	1042	23.0	23.0	23.0	507,909,4,44	490.5	39.4833076	73.5853335	4674.5
1044	1044	0.876	стакан-марка-красная	6.3	10.6	порода-охристая	0.964	60.4	9.0	7.0	11.4	bbox	1043	444.5	442.5	444.5	1461,689,12,17	489.9	39.4828751	73.5863143	4663.6
1045	1045	1.963	стакан-марка-красная	14.3	22.6	снег-розовый	0.822	72.4	-2.0	7.0	7.3	bbox	1044	414.5	413.5	414.5	411,883,27,6	489.5	39.4828738	73.5863180	4663.6
1046	1046	1.415	рюкзак-синий	10.0	18.2	порода-в-тени	0.451	20.6	0.0	-4.0	4.0	bbox	1045	209.2	204.2	209.2	1511,325,28,22	489.3	39.4829278	73.5861766	4674.5
1047	1047	1.958	палка-древко-контроль	11.7	36.4	снег-пересвеченный	0.466	78.0	-4.0	-4.0	5.7	bbox	1046	220.3	220.3	220.3	1065,0,16,17	488.8	39.4829280	73.5861753	4674.4
1048	1048	0.839	рюкзак-синий	5.1	15.3	снег-в-тени	0.911	23.5	2.0	-9.0	9.2	bbox	1047	310.4	308.4	310.4	1493,42,10,23	488.3	39.4828678	73.5863204	4663.6
1049	1049	0.522	стакан-марка-красная	4.1	2.3	снег-розовый	1.270	47.5	7.0	0.0	7.0	bbox	1048	449.5	449.5	449.5	1035,119,20,16	488.1	39.4828744	73.5863139	4663.6
1050	1050	0.991	стакан-марка-красная	7.1	12.5	порода-охристая	0.397	37.3	10.0	8.0	12.8	bbox	1049	451.5	451.5	451.5	1841,371,16,22	488.0	39.4828742	73.5863140	4663.6
1051	1051	1.005	рюкзак-синий	6.1	18.4	порода-в-тени	1.008	20.4	2.0	-8.0	8.2	bbox	1050	247.3	246.3	247.3	1210,267,31,12	487.9	39.4829254	73.5861774	4674.5
1052	1052	1.707	стакан-марка-красная	11.2	27.4	порода-в-тени	0.260	22.4	0.0	-1.0	1.0	bbox	1051	351.4	350.4	351.4	423,920,26,9	487.5	39.4828708	73.5863150	4663.6
1053	1053	1.910	палка-ручка-пробка	14.4	17.6	лишайник-жёлтый-на-камне	1.393	93.3	-3.0	11.0	11.4	bbox	1052	478.5	470.5	481.5	245,13,16,18	487.0	39.4828724	73.5863119	4663.6
1054	1054	2.148	палка-ручка-пробка	16.3	19.2	снег-розовый	0.958	94.9	0.0	7.5	7.5	bbox	1053	397.5	397.5	400.5	1143,1063,16,17	486.7	39.4828747	73.5863191	4663.6
1055	1055	0.602	стакан-марка-красная	4.5	6.3	снег-в-тени	1.247	43.5	7.0	-1.0	7.1	bbox	1054	402.5	402.5	402.5	1323,881,25,12	486.3	39.4828749	73.5863208	4663.6
1056	1056	1.998	палка-ручка-контроль	13.6	29.4	корка-жёлтая-на-скале	0.783	28.2	2.0	13.0	13.2	bbox	1055	2.0	0.0	3.0	1671,688,8,31	486.1	39.4832974	73.5853335	4674.5
1057	1057	1.024	рюкзак-синий	7.6	10.6	снег-в-тени	0.868	28.2	4.0	-7.0	8.1	bbox	1056	420.5	418.5	421.5	199,405,13,28	486.1	39.4828740	73.5863161	4663.6
1058	1058	1.859	палка-древко-контроль	14.3	14.1	снег-освещённый	1.034	55.7	-5.0	-1.0	5.1	bbox	1057	231.3	223.3	231.3	1479,989,34,22	486.0	39.4829272	73.5861777	4674.5
1059	1059	1.675	палка-ручка-пробка	13.1	9.4	порода-охристая	1.197	66.3	15.0	14.5	20.9	bbox	1058	340.4	340.4	340.4	878,476,20,13	485.6	39.4828689	73.5863160	4663.6
1060	1060	1.461	рюкзак-синий	8.0	29.8	снег-в-тени	0.795	68.6	1.0	-6.0	6.1	bbox	1059	330.4	328.4	331.4	857,145,14,26	484.5	39.4828666	73.5863150	4663.6
1061	1061	0.921	рюкзак-синий	6.4	12.8	снег-в-тени	0.651	51.6	5.0	-9.0	10.3	bbox	1060	415.5	415.5	415.5	613,523,14,14	484.3	39.4828738	73.5863178	4663.6
1062	1062	0.587	рюкзак-синий	4.1	7.9	снег-в-тени	0.885	46.7	5.0	-13.0	13.9	bbox	1061	448.5	448.5	448.5	1909,573,11,20	483.0	39.4828746	73.5863141	4663.7
1063	1063	1.029	рюкзак-синий	7.8	9.6	снег-в-тени	0.785	29.2	3.0	-6.5	7.2	bbox	1062	473.5	470.5	474.5	833,65,12,22	482.9	39.4828722	73.5863129	4663.6
1064	1064	1.768	палка-ручка-пробка	13.4	15.7	корка-жёлтая-на-скале	0.675	60.0	-1.0	11.0	11.0	bbox	1063	292.3	292.3	295.3	673,105,18,16	482.8	39.4828641	73.5863205	4669.7
1065	1065	0.798	стакан-марка-красная	3.6	18.4	порода-в-тени	1.435	31.4	9.0	-2.0	9.2	bbox	1064	478.5	458.5	478.5	119,67,14,18	482.0	39.4828724	73.5863119	4663.6
1066	1066	1.605	стакан-марка-красная	3.6	43.1	порода-в-тени	1.343	6.7	8.0	-1.0	8.1	bbox	1065	82.1	81.1	82.1	336,335,17,10	481.7	39.4830246	73.5859805	4674.5
1067	1067	1.548	рюкзак-синий	9.5	27.9	снег-в-тени	0.811	66.7	-2.0	-5.0	5.4	bbox	1066	210.2	210.2	210.2	1473,193,20,16	481.7	39.4829277	73.5861765	4674.5
1068	1068	1.443	палка-ручка-пробка	11.3	8.0	лишайник-жёлтый-на-камне	0.936	83.7	-3.0	15.0	15.3	bbox	1067	380.4	380.4	380.4	663,9,14,14	481.7	39.4828778	73.5863211	4663.6
1069	1069	1.465	палка-ручка-пробка	10.6	17.3	корка-жёлтая-на-скале	0.455	58.4	-2.0	15.0	15.1	bbox	1068	28.0	28.0	28.0	1359,401,18,12	480.8	39.4833086	73.5853338	4674.5
1070	1070	0.972	рюкзак-синий	5.1	20.6	порода-в-тени	1.034	18.2	0.0	-9.0	9.0	bbox	1069	136.2	136.2	139.2	95,63,26,10	479.4	39.4829339	73.5861790	4674.5
1071	1071	0.355	палка-ручка-пробка	2.8	1.0	лишайник-жёлтый-на-камне	0.611	74.7	3.0	21.0	21.2	bbox	1070	92.1	91.1	94.1	605,225,10,18	478.3	39.4830227	73.5859783	4674.4
1072	1072	1.192	рюкзак-синий	6.1	25.7	снег-в-тени	0.647	64.5	2.0	-8.0	8.2	bbox	1071	416.5	416.5	416.5	209,85,20,12	477.9	39.4828738	73.5863174	4663.6
1073	1073	1.098	рюкзак-синий	8.2	10.6	снег-в-тени	0.454	49.4	3.0	-6.0	6.7	bbox	1072	330.4	328.4	330.4	1034,179,15,18	477.5	39.4828666	73.5863150	4663.6
1074	1074	0.748	стакан-марка-красная	5.8	4.7	порода-охристая	0.929	54.5	8.0	6.0	10.0	bbox	1073	4.0	4.0	4.0	525,545,14,12	477.4	39.4832992	73.5853335	4674.5
1075	1075	1.706	стакан-марка-красная	8.5	37.3	снег-розовый	1.201	87.1	8.0	9.0	12.0	bbox	1074	345.4	344.4	348.4	633,580,17,16	477.3	39.4828703	73.5863151	4663.6
1076	1076	2.200	палка-древко-контроль	16.1	24.7	снег-освещённый	0.822	66.3	-6.0	1.0	6.1	bbox	1075	263.3	255.3	268.3	1402,152,33,19	477.2	39.4828642	73.5863133	4674.4
1077	1077	1.207	стакан-марка-красная	5.4	28.0	снег-розовый	1.008	77.8	9.0	6.0	10.8	bbox	1076	337.4	337.4	337.4	1183,806,16,13	476.9	39.4828673	73.5863164	4663.6
1078	1078	0.912	палка-ручка-пробка	7.1	6.3	лишайник-жёлтый-на-камне	0.651	82.0	0.0	18.0	18.0	bbox	1077	29.0	29.0	29.0	1627,777,13,13	476.6	39.4833087	73.5853337	4674.5
1079	1079	1.930	стакан-марка-красная	15.2	8.8	снег-розовый	1.114	58.6	-3.0	7.0	7.6	bbox	1078	137.2	123.1	137.2	1833,1039,19,10	476.6	39.4829338	73.5861791	4674.5
1080	1080	2.154	стакан-марка-красная	13.0	39.6	порода-в-тени	0.442	10.2	-2.0	1.0	2.2	bbox	1079	274.3	267.3	274.3	1223,1009,18,16	476.5	39.4828626	73.5863211	4674.5
1081	1081	1.200	палка-ручка-пробка	8.6	14.9	лишайник-жёлтый-на-камне	0.939	90.6	0.0	16.0	16.0	bbox	1080	361.4	361.4	361.4	1201,17,16,20	476.0	39.4828723	73.5863147	4663.6
1082	1082	1.096	стакан-марка-красная	4.2	26.9	порода-в-тени	1.260	22.9	8.0	-2.0	8.2	bbox	1081	437.5	433.5	444.5	1247,655,18,12	474.8	39.4828751	73.5863136	4663.6
1083	1083	2.378	рюкзак-синий	19.0	0.4	снег-в-тени	3.143	38.4	0.0	-33.0	33.0	bbox	1082	16.0	16.0	16.0	1184,689,13,14	474.6	39.4833046	73.5853334	4674.5
1084	1084	1.865	стакан-марка-красная	14.8	7.4	корка-жёлтая-на-скале	0.931	42.4	-2.0	8.0	8.2	bbox	1083	133.2	131.1	133.2	1501,1031,18,10	474.4	39.4829334	73.5861792	4674.5
1085	1085	1.957	стакан-марка-красная	15.3	12.2	корка-жёлтая-на-скале	0.870	37.6	-2.0	9.0	9.2	bbox	1084	446.5	446.5	446.5	81,401,27,9	474.3	39.4828750	73.5863145	4663.6
1086	1086	0.453	стакан-марка-красная	3.6	1.2	снег-в-тени	1.329	48.6	8.0	-1.0	8.1	bbox	1085	431.5	429.5	431.5	545,213,21,12	473.9	39.4828751	73.5863145	4663.6
1087	1087	1.036	палка-ручка-пробка	8.1	6.7	лишайник-жёлтый-на-камне	0.375	69.0	4.0	15.0	15.5	bbox	1086	425.5	425.5	425.5	1145,705,16,16	473.7	39.4828740	73.5863154	4663.6
1088	1088	1.196	стакан-марка-красная	8.1	18.0	порода-охристая	1.088	67.8	10.0	9.0	13.5	bbox	1087	445.5	445.5	445.5	865,453,16,10	473.4	39.4828750	73.5863144	4663.6
1089	1089	1.901	стакан-марка-красная	14.8	12.7	корка-жёлтая-на-скале	0.988	37.1	-2.0	8.0	8.2	bbox	1088	473.5	471.5	475.5	83,645,14,24	473.2	39.4828722	73.5863129	4663.6
1090	1090	1.141	рюкзак-синий	6.0	24.1	порода-в-тени	0.973	14.7	1.0	-8.0	8.1	bbox	1089	138.2	138.2	139.2	121,45,16,12	472.8	39.4829342	73.5861790	4674.5
1091	1091	1.457	стакан-марка-красная	11.2	11.6	снег-освещённый	0.716	61.4	0.0	-1.0	1.0	bbox	1090	91.1	91.1	91.1	287,835,16,12	471.3	39.4830230	73.5859789	4674.4
1092	1092	1.603	стакан-марка-красная	11.2	22.0	порода-в-тени	0.365	27.8	0.0	-1.0	1.0	bbox	1091	93.1	93.1	93.1	1901,40,19,9	470.1	39.4830228	73.5859778	4674.5
1093	1093	1.643	рюкзак-синий	11.7	21.0	порода-в-тени	0.294	17.8	-3.0	-3.0	4.2	bbox	1092	222.3	222.3	230.3	1451,11,10,42	469.4	39.4829277	73.5861756	4674.5
1094	1094	1.838	стакан-марка-красная	12.8	25.3	корка-жёлтая-на-скале	1.127	24.5	1.0	9.0	9.1	bbox	1093	380.4	379.4	380.4	655,477,11,18	469.1	39.4828778	73.5863211	4663.6
1095	1095	1.761	стакан-марка-красная	13.2	17.7	снег-освещённый	0.508	67.5	-2.0	-1.0	2.2	bbox	1094	282.3	282.3	282.3	17,1001,16,8	469.0	39.4828632	73.5863204	4674.5
1096	1096	2.682	крышка-бирюзовая	20.6	20.8	снег-освещённый	1.268	74.9	-9.0	6.0	10.8	bbox	1095	222.3	222.3	227.3	385,25,36,7	468.6	39.4829277	73.5861756	4674.5
1097	1097	1.177	палка-ручка-пробка	9.2	6.7	лишайник-жёлтый-на-камне	0.720	82.4	-1.0	16.0	16.0	bbox	1096	74.1	74.1	74.1	1077,799,14,18	468.4	39.4830255	73.5859791	4674.5
1098	1098	1.421	рюкзак-синий	11.2	7.2	порода-в-тени	0.487	31.6	-1.0	-3.0	3.2	bbox	1097	207.2	207.2	207.2	225,257,12,9	468.4	39.4829285	73.5861776	4674.5
1099	1099	1.272	рюкзак-синий	5.8	29.2	порода-в-тени	1.308	9.6	4.0	-9.0	9.8	bbox	1098	426.5	426.5	426.5	203,149,16,12	468.3	39.4828741	73.5863152	4663.6
1100	1100	1.530	стакан-марка-красная	12.2	3.3	корка-жёлтая-на-скале	0.732	53.1	4.0	11.0	11.7	bbox	1099	458.5	456.5	467.5	893,489,12,20	468.2	39.4828740	73.5863131	4663.6
1101	1101	0.783	рюкзак-синий	5.1	12.7	снег-в-тени	0.825	26.1	2.0	-9.0	9.2	bbox	1100	209.2	209.2	209.2	1737,49,22,12	467.2	39.4829278	73.5861766	4674.5
1102	1102	1.454	палка-ручка-пробка	10.0	20.8	лишайник-жёлтый-на-камне	1.597	96.5	-5.0	23.0	23.5	bbox	1101	354.4	354.4	354.4	1105,1017,20,16	467.1	39.4828715	73.5863143	4663.6
1103	1103	0.934	палка-ручка-пробка	7.3	5.9	лишайник-жёлтый-на-камне	0.234	69.8	3.0	16.0	16.3	bbox	1102	87.1	87.1	87.1	339,349,18,15	466.8	39.4830241	73.5859806	4674.4
1104	1104	1.433	стакан-марка-красная	8.9	25.1	порода-охристая	0.743	24.7	7.0	9.0	11.4	bbox	1103	76.1	74.1	77.1	1313,94,18,11	466.7	39.4830247	73.5859789	4674.5
1105	1105	1.417	рюкзак-синий	11.2	6.5	снег-в-тени	0.644	45.3	-1.0	-3.0	3.2	bbox	1104	184.2	184.2	199.2	1653,41,16,12	465.7	39.4829303	73.5861777	4674.5
1106	1106	1.659	стакан-марка-красная	4.5	43.7	порода-в-тени	1.236	6.1	7.0	-1.0	7.1	bbox	1105	78.1	78.1	79.1	250,543,23,10	464.2	39.4830247	73.5859790	4674.5
1107	1107	1.452	палка-ручка-пробка	11.4	7.8	лишайник-жёлтый-на-камне	0.897	83.5	2.0	12.0	12.2	bbox	1106	94.1	94.1	102.1	1773,898,18,9	464.2	39.4830224	73.5859771	4674.5
1108	1108	0.530	стакан-марка-красная	4.2	0.2	снег-в-тени	1.252	50.0	8.0	-2.0	8.2	bbox	1107	414.5	414.5	414.5	881,183,15,10	464.1	39.4828738	73.5863180	4663.6
1109	1109	1.334	стакан-марка-красная	8.9	20.4	порода-охристая	0.645	29.4	7.0	9.0	11.4	bbox	1108	78.1	78.1	84.1	778,910,18,11	463.8	39.4830247	73.5859790	4674.5
1110	1110	1.102	стакан-марка-красная	7.1	18.4	порода-охристая	1.137	68.2	10.0	8.0	12.8	bbox	1109	410.5	407.5	410.5	583,105,19,10	463.8	39.4828742	73.5863187	4663.6
1111	1111	1.829	стакан-марка-красная	14.3	10.6	корка-жёлтая-на-скале	1.075	39.2	-2.0	7.0	7.3	bbox	1110	153.2	147.2	155.2	795,937,15,16	463.3	39.4829339	73.5861790	4674.5
1112	1112	1.194	стакан-марка-красная	9.5	3.9	снег-в-тени	0.794	45.9	2.0	-2.0	2.8	bbox	1111	474.5	470.5	475.5	219,119,16,22	463.2	39.4828723	73.5863128	4663.6
1113	1113	0.803	рюкзак-синий	6.1	7.2	снег-в-тени	0.580	31.6	0.0	-8.0	8.0	bbox	1112	133.2	131.1	136.2	471,199,18,20	462.9	39.4829334	73.5861792	4674.5
1114	1114	1.339	палка-ручка-пробка	10.6	4.7	лишайник-жёлтый-на-камне	0.667	71.0	-3.0	16.0	16.3	bbox	1113	334.4	334.4	335.4	1835,1047,16,12	462.6	39.4828663	73.5863157	4663.6
1115	1115	1.240	стакан-марка-красная	9.8	4.1	порода-охристая	0.577	45.7	7.0	10.0	12.2	bbox	1114	349.4	349.4	352.4	218,923,17,16	462.3	39.4828708	73.5863154	4663.6
1116	1116	0.316	стакан-марка-красная	2.2	4.1	порода-охристая	1.528	45.7	10.0	-1.0	10.0	bbox	1115	457.5	457.5	457.5	1425,27,8,20	462.3	39.4828743	73.5863131	4663.6
1117	1117	1.633	стакан-марка-красная	13.0	2.7	корка-жёлтая-на-скале	0.891	52.5	0.0	8.0	8.0	bbox	1116	120.1	114.1	121.1	1303,899,26,12	462.0	39.4829345	73.5861803	4674.5
1118	1118	2.272	стакан-марка-красная	16.0	30.0	снег-освещённый	0.501	79.8	-5.0	0.0	5.0	bbox	1117	235.3	234.3	235.3	1206,169,35,16	461.8	39.4829267	73.5861782	4674.5
1119	1119	2.824	крышка-бирюзовая	19.4	40.4	снег-пересвеченный	1.084	94.5	-9.0	4.0	9.8	bbox	1118	229.3	229.3	230.3	1585,0,27,9	459.4	39.4829274	73.5861775	4674.5
1120	1120	1.640	рюкзак-синий	13.0	6.1	снег-в-тени	0.907	44.9	-4.0	-2.0	4.5	bbox	1119	263.3	263.3	265.3	1481,161,26,14	459.4	39.4828642	73.5863133	4674.4
1121	1121	0.968	рюкзак-синий	7.3	9.2	снег-в-тени	0.395	48.0	3.0	-7.0	7.6	bbox	1120	341.4	341.4	342.4	49,193,10,22	459.2	39.4828690	73.5863158	4663.6
1122	1122	1.102	стакан-марка-красная	7.1	18.4	порода-охристая	1.137	68.2	10.0	8.0	12.8	bbox	1121	337.4	337.4	337.4	719,414,14,14	459.1	39.4828673	73.5863164	4663.6
1123	1123	0.839	стакан-марка-красная	3.6	19.8	снег-розовый	0.886	69.6	8.0	-1.0	8.1	bbox	1122	356.4	356.4	356.4	251,1019,14,17	458.7	39.4828718	73.5863142	4663.6
1124	1124	1.087	стакан-марка-красная	5.0	24.9	порода-охристая	1.117	24.9	7.0	4.0	8.1	bbox	1123	484.6	484.6	484.6	3,723,22,13	458.5	39.4828712	73.5863118	4663.6
1125	1125	2.242	стакан-марка-красная	15.2	33.1	снег-розовый	0.904	82.9	-3.0	7.0	7.6	bbox	1124	403.5	403.5	409.5	483,683,14,12	457.8	39.4828749	73.5863207	4663.6
1126	1126	1.231	стакан-марка-красная	9.8	0.6	снег-в-тени	0.675	49.2	2.0	-3.0	3.6	bbox	1125	351.4	351.4	354.4	963,253,26,14	457.7	39.4828708	73.5863150	4663.6
1127	1127	0.494	стакан-марка-красная	3.6	5.7	снег-в-тени	1.335	44.1	8.0	-1.0	8.1	bbox	1126	450.5	450.5	452.5	1875,52,16,15	457.7	39.4828742	73.5863138	4663.6
1128	1128	1.180	палка-ручка-пробка	9.4	1.0	лишайник-жёлтый-на-камне	0.533	76.7	0.0	15.0	15.0	bbox	1127	7.0	7.0	7.0	1891,405,29,12	456.9	39.4833010	73.5853334	4674.5
1129	1129	1.244	палка-ручка-пробка	8.1	20.4	корка-жёлтая-на-скале	0.321	55.3	1.0	16.0	16.0	bbox	1128	327.4	327.4	331.4	1441,509,8,19	456.3	39.4828676	73.5863155	4663.6
1130	1130	1.973	стакан-марка-красная	15.1	15.7	снег-освещённый	0.675	65.5	-4.0	-1.0	4.1	bbox	1129	272.3	272.3	273.3	1270,832,19,25	456.0	39.4828620	73.5863212	4674.4
1131	1131	1.513	рюкзак-синий	12.0	4.3	порода-в-тени	0.576	34.5	0.0	-2.0	2.0	bbox	1130	3.0	1.0	3.0	1817,49,16,31	455.9	39.4832982	73.5853334	4674.5
1132	1132	1.338	палка-ручка-пробка	10.6	4.5	лишайник-жёлтый-на-камне	0.767	80.2	-2.0	15.0	15.1	bbox	1131	384.4	383.4	384.4	1010,68,20,21	455.2	39.4828781	73.5863207	4663.5
1133	1133	1.913	стакан-марка-красная	15.3	3.9	корка-жёлтая-на-скале	0.794	45.9	-2.0	9.0	9.2	bbox	1132	415.5	415.5	415.5	589,1000,8,23	454.9	39.4828738	73.5863178	4663.6
1134	1134	1.091	стакан-марка-красная	5.8	22.7	порода-в-тени	1.327	27.1	8.0	-4.0	8.9	bbox	1133	435.5	435.5	435.5	587,0,25,6	454.8	39.4828751	73.5863141	4663.6
1135	1135	1.417	палка-ручка-контроль	9.1	23.9	корка-жёлтая-на-скале	0.840	33.7	5.0	17.0	17.7	bbox	1134	53.1	53.1	53.1	1825,1021,12,17	454.7	39.4830259	73.5859849	4674.5
1136	1136	0.708	стакан-марка-красная	3.6	15.3	порода-в-тени	1.348	34.5	8.0	-1.0	8.1	bbox	1135	324.4	324.4	324.4	707,435,14,12	452.8	39.4828685	73.5863153	4663.6
1137	1137	0.780	рюкзак-синий	5.1	12.6	снег-в-тени	0.307	51.4	2.0	-9.0	9.2	bbox	1136	418.5	417.5	419.5	233,619,14,14	452.8	39.4828738	73.5863166	4663.6
1138	1138	1.584	рюкзак-синий	10.3	25.9	снег-в-тени	1.769	12.9	10.0	-9.0	13.5	bbox	1137	446.5	446.5	446.5	703,42,14,15	452.5	39.4828750	73.5863145	4663.6
1139	1139	1.258	палка-ручка-пробка	7.3	24.3	корка-жёлтая-на-скале	0.415	51.4	3.0	16.0	16.3	bbox	1138	282.3	282.3	282.3	565,675,22,13	451.9	39.4828632	73.5863204	4674.5
1140	1140	1.606	рюкзак-синий	10.0	28.2	снег-в-тени	2.298	10.6	9.0	-20.0	21.9	bbox	1139	378.4	378.4	378.4	1270,365,13,10	451.8	39.4828773	73.5863208	4663.5
1141	1141	1.324	рюкзак-синий	10.0	11.7	порода-в-тени	0.669	27.1	2.0	-4.0	4.5	bbox	1140	381.4	381.4	381.4	549,375,16,18	450.7	39.4828779	73.5863212	4663.6
1142	1142	2.265	стакан-марка-красная	18.1	1.6	снег-освещённый	1.345	51.4	-7.0	3.0	7.6	bbox	1141	222.3	222.3	229.3	465,69,22,16	450.1	39.4829277	73.5861756	4674.5
1143	1143	1.503	рюкзак-синий	8.6	29.4	порода-в-тени	1.648	9.4	8.0	-9.0	12.0	bbox	1142	19.0	19.0	19.0	0,296,17,11	449.1	39.4833061	73.5853336	4674.5
1144	1144	1.793	рюкзак-синий	13.3	18.4	порода-в-тени	0.000	20.4	-2.0	-1.0	2.2	bbox	1143	350.4	350.4	351.4	278,1049,11,14	448.9	39.4828708	73.5863154	4663.6
1145	1145	1.368	рюкзак-синий	8.5	23.9	снег-в-тени	0.640	62.7	-2.0	-6.0	6.3	bbox	1144	237.3	237.3	249.3	1217,57,28,16	448.6	39.4829264	73.5861782	4674.5
1146	1146	3.273	рюкзак-синий	24.8	29.0	снег-в-тени	4.015	9.8	17.0	-33.0	37.1	bbox	1145	18.0	18.0	21.0	1298,434,15,11	448.4	39.4833056	73.5853336	4674.5
1147	1147	1.304	палка-ручка-пробка	9.2	17.1	корка-жёлтая-на-скале	0.425	58.6	-1.0	16.0	16.0	bbox	1146	331.4	328.4	331.4	1804,681,18,15	448.4	39.4828663	73.5863148	4663.6
1148	1148	0.765	рюкзак-синий	5.9	6.3	снег-в-тени	0.170	45.1	-1.0	-8.5	8.6	bbox	1147	141.2	141.2	144.2	1693,253,20,12	447.0	39.4829341	73.5861782	4674.5
1149	1149	1.743	стакан-марка-красная	13.4	13.3	корка-жёлтая-на-скале	1.086	36.5	-1.0	7.0	7.1	bbox	1148	154.2	154.2	154.2	1809,369,20,8	445.7	39.4829336	73.5861791	4674.5
1150	1150	1.635	рюкзак-синий	12.4	14.9	порода-в-тени	0.177	23.9	-2.0	-2.0	2.8	bbox	1149	172.2	172.2	172.2	16,35,18,10	444.5	39.4829298	73.5861776	4674.5
1151	1151	0.587	стакан-марка-красная	4.0	8.6	порода-охристая	1.350	41.2	7.0	1.0	7.1	bbox	1150	372.4	372.4	372.4	529,877,16,12	444.4	39.4828758	73.5863191	4663.6
1152	1152	1.799	палка-ручка-пробка	14.2	7.9	корка-жёлтая-на-скале	0.950	67.8	-4.0	12.0	12.6	bbox	1151	355.4	350.4	355.4	161,1009,12,20	444.1	39.4828718	73.5863142	4663.6
1153	1153	0.973	рюкзак-синий	7.1	11.4	снег-в-тени	0.151	50.2	0.0	-7.0	7.0	bbox	1152	247.3	246.3	247.3	1195,433,30,16	443.4	39.4829254	73.5861774	4674.5
1154	1154	0.961	стакан-марка-красная	6.3	15.3	порода-охристая	0.576	34.5	9.0	7.0	11.4	bbox	1153	461.5	461.5	466.5	1899,81,16,13	443.0	39.4828733	73.5863128	4663.6
1155	1155	1.557	стакан-марка-красная	11.2	19.2	порода-в-тени	0.441	30.6	0.0	-1.0	1.0	bbox	1154	351.4	351.4	351.4	1251,243,14,14	442.5	39.4828708	73.5863150	4663.6
1156	1156	1.324	стакан-марка-красная	9.5	16.5	порода-охристая	1.071	66.3	8.0	10.0	12.8	bbox	1155	450.5	446.5	455.5	883,447,16,10	442.2	39.4828742	73.5863138	4663.6
1157	1157	0.771	палка-ручка-пробка	3.2	18.4	лишайник-жёлтый-на-камне	0.542	57.3	3.0	20.5	20.7	bbox	1156	282.3	282.3	282.3	913,883,16,12	441.5	39.4828632	73.5863204	4674.5
1158	1158	0.961	стакан-марка-красная	7.0	11.0	порода-охристая	0.380	38.8	10.5	8.0	13.2	bbox	1157	431.5	431.5	431.5	1411,49,20,8	441.5	39.4828751	73.5863145	4663.6
1159	1159	1.223	рюкзак-синий	8.1	19.4	порода-в-тени	0.674	19.4	0.0	-6.0	6.0	bbox	1158	230.3	229.3	235.3	493,177,18,16	441.0	39.4829273	73.5861776	4674.5
1160	1160	0.518	рюкзак-синий	4.0	3.7	снег-в-тени	0.337	42.5	1.0	-10.0	10.0	bbox	1159	69.1	69.1	72.1	1798,0,13,10	440.9	39.4830259	73.5859815	4674.5
1161	1161	2.489	палка-древко-контроль	13.3	51.7	снег-пересвеченный	0.202	93.3	-5.0	-2.0	5.4	bbox	1160	139.2	139.2	141.2	1809,938,18,15	440.9	39.4829345	73.5861784	4674.5
1162	1162	0.896	палка-ручка-пробка	6.7	8.8	лишайник-жёлтый-на-камне	0.533	66.9	-1.0	20.0	20.0	bbox	1161	357.4	353.4	357.4	666,149,18,10	440.7	39.4828720	73.5863141	4663.6
1163	1163	0.671	рюкзак-синий	4.5	10.4	снег-в-тени	0.454	49.2	3.0	-10.0	10.4	bbox	1162	415.5	415.5	415.5	125,725,16,16	439.5	39.4828738	73.5863178	4663.6
1164	1164	0.451	стакан-марка-красная	3.6	0.0	снег-розовый	1.299	49.8	8.0	-1.0	8.1	bbox	1163	455.5	455.5	457.5	1649,577,18,8	439.4	39.4828744	73.5863135	4663.6
1165	1165	1.074	стакан-марка-красная	4.5	25.7	снег-розовый	1.427	75.5	13.0	5.0	13.9	bbox	1164	329.4	328.4	329.4	1889,1032,12,17	439.2	39.4828670	73.5863151	4663.6
1166	1166	1.826	палка-ручка-пробка	14.2	11.8	корка-жёлтая-на-скале	0.850	63.9	-4.0	12.0	12.6	bbox	1165	420.5	419.5	420.5	321,191,16,12	439.2	39.4828740	73.5863161	4663.6
1167	1167	0.746	рюкзак-синий	4.0	15.5	снег-в-тени	1.004	54.3	5.0	-14.0	14.9	bbox	1166	221.3	221.3	221.3	1097,0,18,9	438.5	39.4829280	73.5861755	4674.5
1168	1168	1.012	рюкзак-синий	8.0	4.3	снег-в-тени	0.325	43.1	1.0	-6.0	6.1	bbox	1167	210.2	210.2	210.2	1783,431,24,14	438.1	39.4829277	73.5861765	4674.5
1169	1169	1.204	палка-ручка-пробка	9.2	9.8	лишайник-жёлтый-на-камне	0.816	85.5	-1.0	16.0	16.0	bbox	1168	28.0	28.0	28.0	1679,499,18,10	437.1	39.4833086	73.5853338	4674.5
1170	1170	1.876	палка-ручка-пробка	14.3	15.7	корка-жёлтая-на-скале	0.772	60.0	-1.0	10.0	10.0	bbox	1169	117.1	117.1	118.1	1571,989,16,11	436.7	39.4829341	73.5861798	4674.5
1171	1171	1.913	палка-древко-контроль	13.3	26.2	снег-освещённый	0.726	67.8	-5.0	-2.0	5.4	bbox	1170	234.3	234.3	234.3	993,61,10,18	435.5	39.4829269	73.5861779	4674.5
1172	1172	1.128	рюкзак-синий	7.2	19.0	снег-в-тени	1.179	19.8	5.0	-8.0	9.4	bbox	1171	355.4	355.4	355.4	1129,117,14,12	435.4	39.4828718	73.5863142	4663.6
1173	1173	0.986	рюкзак-синий	7.3	10.6	снег-в-тени	0.399	49.4	3.0	-7.0	7.6	bbox	1172	419.5	417.5	419.5	273,97,10,24	434.9	39.4828739	73.5863164	4663.6
1174	1174	1.277	стакан-марка-красная	7.3	25.1	порода-охристая	0.665	24.7	9.0	8.0	12.0	bbox	1173	426.5	426.5	426.5	1727,190,15,14	434.4	39.4828741	73.5863152	4663.6
1175	1175	2.195	стакан-марка-красная	16.4	22.0	корка-жёлтая-на-скале	0.906	27.8	-2.0	11.0	11.2	bbox	1174	420.5	419.5	420.5	1393,998,14,11	434.3	39.4828740	73.5863161	4663.6
1176	1176	2.078	стакан-марка-красная	16.6	5.3	корка-жёлтая-на-скале	1.041	55.1	-4.0	8.0	8.9	bbox	1175	378.4	378.4	378.4	192,609,14,20	434.0	39.4828773	73.5863208	4663.5
1177	1177	1.513	палка-древко-бирюзовое	12.1	2.3	снег-в-тени	2.685	50.2	-10.0	-27.0	28.8	bbox	1176	23.0	23.0	23.0	725,795,18,9	433.6	39.4833076	73.5853335	4674.5
1178	1178	1.088	стакан-марка-красная	8.5	5.9	порода-охристая	0.764	55.7	8.0	9.0	12.0	bbox	1177	423.5	423.5	425.5	1742,517,16,23	433.6	39.4828740	73.5863158	4663.6
1179	1179	1.039	стакан-марка-красная	8.1	7.1	порода-охристая	0.320	42.7	10.0	9.0	13.5	bbox	1178	337.4	337.4	337.4	545,542,14,13	433.0	39.4828673	73.5863164	4663.6
1180	1180	1.523	стакан-марка-красная	9.8	25.1	лишайник-жёлтый-на-камне	1.126	74.9	7.0	10.0	12.2	bbox	1179	416.5	416.5	416.5	1301,423,28,10	432.5	39.4828738	73.5863174	4663.6
1181	1181	1.742	рюкзак-синий	13.9	1.6	порода-в-тени	0.757	40.4	-4.0	-1.0	4.1	bbox	1180	233.3	233.3	233.3	1263,39,26,12	432.3	39.4829269	73.5861779	4674.5
1182	1182	1.536	палка-ручка-контроль	11.7	13.1	корка-жёлтая-на-скале	0.276	44.5	2.0	15.0	15.1	bbox	1181	103.1	103.1	103.1	1733,894,20,17	432.0	39.4829786	73.5860749	4674.4
1183	1183	1.465	палка-ручка-пробка	10.0	21.4	корка-жёлтая-на-скале	0.507	54.3	-3.0	17.0	17.3	bbox	1182	339.4	338.4	339.4	1377,194,16,9	431.7	39.4828684	73.5863161	4663.6
1184	1184	1.632	палка-ручка-пробка	12.6	11.4	лишайник-жёлтый-на-камне	1.082	87.1	1.0	11.0	11.0	bbox	1183	24.0	24.0	24.0	1672,153,17,17	431.4	39.4833078	73.5853334	4674.5
1185	1185	1.251	палка-ручка-пробка	10.0	1.2	лишайник-жёлтый-на-камне	0.554	74.5	-1.0	15.0	15.0	bbox	1184	373.4	370.4	375.4	1431,147,20,16	431.3	39.4828760	73.5863192	4663.6
1186	1186	1.149	палка-ручка-пробка	7.6	18.0	лишайник-жёлтый-на-камне	1.186	93.7	-2.0	20.0	20.1	bbox	1185	449.5	449.5	449.5	1014,465,13,25	431.0	39.4828744	73.5863139	4663.6
1187	1187	1.852	стакан-марка-красная	12.0	30.2	снег-освещённый	0.029	80.0	-1.0	0.0	1.0	bbox	1186	281.3	281.3	281.3	1609,405,8,20	430.8	39.4828632	73.5863204	4674.5
1188	1188	0.998	рюкзак-синий	7.8	6.5	снег-в-тени	0.242	45.3	-1.0	-6.5	6.6	bbox	1187	137.2	136.2	139.2	176,359,19,22	430.7	39.4829338	73.5861791	4674.5
1189	1189	0.489	рюкзак-синий	0.0	13.7	снег-в-тени	1.112	25.1	1.0	-14.0	14.0	bbox	1188	424.5	423.5	424.5	991,277,14,19	430.1	39.4828740	73.5863154	4663.6
1190	1190	1.618	рюкзак-синий	10.6	25.9	порода-в-тени	1.423	12.9	8.0	-6.0	10.0	bbox	1189	422.5	422.5	424.5	1809,361,18,12	429.3	39.4828741	73.5863160	4663.6
1191	1191	0.834	рюкзак-синий	6.0	10.2	снег-в-тени	0.132	49.0	1.0	-8.0	8.1	bbox	1190	304.3	304.3	305.3	25,1019,18,16	428.9	39.4828671	73.5863202	4663.6
1192	1192	0.994	рюкзак-синий	7.2	11.7	снег-в-тени	0.969	27.1	5.0	-8.0	9.4	bbox	1191	354.4	354.4	354.4	1393,5,16,10	428.5	39.4828715	73.5863143	4663.6
1193	1193	1.008	рюкзак-синий	6.7	15.7	снег-в-тени	1.013	23.1	4.0	-8.0	8.9	bbox	1192	338.4	338.4	338.4	403,137,14,18	428.3	39.4828679	73.5863163	4663.6
1194	1194	1.181	стакан-марка-красная	6.4	24.3	порода-в-тени	1.047	25.5	6.0	-3.0	6.7	bbox	1193	1.0	1.0	1.0	194,619,15,16	427.8	39.4832968	73.5853336	4674.5
1195	1195	2.094	стакан-марка-красная	12.0	40.8	порода-в-тени	0.567	9.0	-1.0	2.0	2.2	bbox	1194	22.0	22.0	22.0	457,629,10,14	427.7	39.4833074	73.5853335	4674.5
1196	1196	1.501	палка-ручка-пробка	11.3	14.1	лишайник-жёлтый-на-камне	1.098	89.8	-3.0	15.0	15.3	bbox	1195	325.4	324.4	326.4	1763,857,14,16	427.3	39.4828684	73.5863154	4663.6
1197	1197	1.380	стакан-марка-красная	8.2	25.7	снег-в-тени	1.413	24.1	9.0	-7.0	11.4	bbox	1196	377.4	377.4	377.4	153,892,10,17	426.8	39.4828768	73.5863203	4663.5
1198	1198	1.914	рюкзак-синий	12.6	30.2	снег-освещённый	0.550	69.0	-3.0	-2.0	3.6	bbox	1197	187.2	187.2	187.2	561,518,13,21	426.6	39.4829296	73.5861780	4674.5
1199	1199	1.037	палка-ручка-пробка	7.8	9.8	лишайник-жёлтый-на-камне	0.396	65.9	-1.0	18.0	18.0	bbox	1198	285.3	285.3	285.3	1807,823,15,12	426.1	39.4828638	73.5863197	4674.5
1200	1200	1.074	стакан-марка-красная	7.8	12.5	порода-охристая	0.801	37.3	6.0	7.0	9.2	bbox	1199	469.5	469.5	469.5	1815,33,26,9	425.4	39.4828727	73.5863138	4663.6
1201	1201	1.713	стакан-марка-красная	7.2	40.8	снег-розовый	0.998	90.6	7.0	7.0	9.9	bbox	1200	427.5	427.5	427.5	1089,247,15,25	425.0	39.4828742	73.5863152	4663.6
1202	1202	0.387	рюкзак-синий	2.2	7.5	снег-в-тени	0.562	46.3	2.0	-12.0	12.2	bbox	1201	228.3	228.3	228.3	1377,47,32,10	424.5	39.4829275	73.5861774	4674.5
1203	1203	1.239	палка-ручка-пробка	9.9	1.9	лишайник-жёлтый-на-камне	0.674	77.6	-2.0	16.0	16.1	bbox	1202	384.4	383.4	384.4	1477,391,10,16	424.1	39.4828781	73.5863207	4663.5
1204	1204	2.450	стакан-марка-красная	19.4	9.4	снег-освещённый	1.323	59.2	-8.0	5.0	9.4	bbox	1203	222.3	221.3	222.3	547,147,27,8	423.7	39.4829277	73.5861756	4674.5
1205	1205	1.918	стакан-марка-красная	15.3	5.5	корка-жёлтая-на-скале	0.835	55.3	-2.0	9.0	9.2	bbox	1204	376.4	373.4	376.4	491,310,16,19	423.7	39.4828768	73.5863200	4663.5
1206	1206	1.176	палка-ручка-пробка	8.6	13.3	лишайник-жёлтый-на-камне	0.885	89.0	0.0	16.0	16.0	bbox	1205	343.4	343.4	346.4	1841,287,16,10	422.7	39.4828696	73.5863155	4663.6
1207	1207	0.545	стакан-марка-красная	4.0	6.1	порода-охристая	1.360	43.7	7.0	1.0	7.1	bbox	1206	338.4	338.4	338.4	203,369,8,24	422.5	39.4828679	73.5863163	4663.6
1208	1208	0.657	стакан-марка-красная	3.2	14.7	порода-в-тени	1.361	35.1	8.0	0.0	8.0	bbox	1207	465.5	463.5	468.5	430,209,19,14	422.5	39.4828730	73.5863131	4663.6
1209	1209	2.496	стакан-марка-красная	19.6	12.5	порода-в-тени	1.300	37.3	-8.0	6.0	10.0	bbox	1208	231.3	231.3	233.3	311,27,22,10	421.8	39.4829272	73.5861777	4674.5
1210	1210	1.461	стакан-марка-красная	10.2	20.0	порода-в-тени	0.503	29.8	1.0	-1.0	1.4	bbox	1209	481.5	481.5	481.5	1641,386,12,20	421.8	39.4828724	73.5863121	4663.6
1211	1211	1.192	рюкзак-синий	5.1	28.2	снег-в-тени	1.759	10.6	6.0	-15.0	16.2	bbox	1210	223.3	223.3	232.3	451,41,30,10	421.7	39.4829279	73.5861760	4674.5
1212	1212	2.024	палка-ручка-пробка	16.2	3.9	снег-розовый	0.842	79.6	-1.0	8.0	8.1	bbox	1211	401.5	401.5	401.5	903,632,14,13	421.1	39.4828750	73.5863206	4663.6
1213	1213	0.378	рюкзак-синий	3.0	1.4	снег-в-тени	0.480	40.2	1.0	-11.0	11.0	bbox	1212	130.1	130.1	136.2	133,89,12,18	421.0	39.4829332	73.5861805	4674.5
1214	1214	1.737	стакан-марка-красная	13.9	1.4	корка-жёлтая-на-скале	0.884	48.4	-1.0	8.0	8.1	bbox	1213	120.1	120.1	120.1	1563,713,12,14	420.6	39.4829345	73.5861803	4674.5
1215	1215	1.174	стакан-марка-красная	8.1	16.9	порода-охристая	0.655	32.9	15.0	8.0	17.0	bbox	1214	339.4	339.4	339.4	209,153,12,16	420.6	39.4828684	73.5863161	4663.6
1216	1216	1.632	палка-древко-контроль	13.0	4.1	порода-в-тени	1.181	45.7	-8.0	-2.0	8.2	bbox	1215	216.2	211.2	217.2	1779,871,9,34	420.5	39.4829282	73.5861762	4674.5
1217	1217	0.766	рюкзак-синий	6.1	2.6	снег-в-тени	0.339	41.4	2.0	-8.0	8.2	bbox	1216	219.2	218.2	219.2	499,147,22,22	420.1	39.4829280	73.5861753	4674.5
1218	1218	0.673	рюкзак-синий	5.4	0.0	снег-в-тени	0.957	38.8	6.0	-12.0	13.4	bbox	1217	380.4	380.4	381.4	537,361,14,12	420.1	39.4828778	73.5863211	4663.6
1219	1219	1.896	палка-ручка-пробка	14.8	12.2	корка-жёлтая-на-скале	0.877	63.5	-2.0	10.0	10.2	bbox	1218	381.4	381.4	381.4	755,129,22,8	419.3	39.4828779	73.5863212	4663.6
1220	1220	2.105	стакан-марка-красная	15.7	21.8	снег-розовый	1.000	71.6	-3.0	8.0	8.5	bbox	1219	126.1	126.1	126.1	1643,1029,12,15	418.8	39.4829340	73.5861812	4674.4
1221	1221	1.226	палка-ручка-пробка	9.2	11.8	лишайник-жёлтый-на-камне	0.878	87.5	-1.0	16.0	16.0	bbox	1220	75.1	74.1	75.1	241,963,10,14	418.2	39.4830249	73.5859790	4674.5
1222	1222	2.269	стакан-марка-красная	18.1	4.1	снег-освещённый	1.275	53.9	-7.0	3.0	7.6	bbox	1221	232.3	231.3	232.3	1415,157,24,16	418.2	39.4829268	73.5861778	4674.4
1223	1223	2.035	палка-ручка-пробка	16.1	7.9	корка-жёлтая-на-скале	1.103	67.8	-3.0	9.0	9.5	bbox	1222	414.5	410.5	414.5	55,26,18,13	418.2	39.4828738	73.5863180	4663.6
1224	1224	1.579	стакан-марка-красная	11.2	20.6	порода-в-тени	0.402	29.2	0.0	-1.0	1.0	bbox	1223	92.1	91.1	92.1	1569,913,8,15	418.0	39.4830227	73.5859783	4674.4
1225	1225	0.863	стакан-марка-красная	6.0	12.0	порода-охристая	0.500	37.8	11.0	7.0	13.0	bbox	1224	456.5	456.5	456.5	1315,65,14,8	417.4	39.4828744	73.5863132	4663.6
1226	1226	1.438	палка-ручка-пробка	10.8	13.7	лишайник-жёлтый-на-камне	1.137	89.4	-4.0	17.0	17.5	bbox	1225	13.0	10.0	14.0	1221,209,12,10	417.0	39.4833037	73.5853335	4674.5
1227	1227	2.064	рюкзак-синий	13.0	35.5	порода-в-тени	0.659	3.3	0.0	-1.0	1.0	bbox	1226	307.3	306.3	311.4	1537,585,15,8	416.6	39.4828676	73.5863206	4663.6
1228	1228	2.391	палка-древко-контроль	13.0	49.0	снег-пересвеченный	0.395	90.6	-7.0	-2.0	7.3	bbox	1227	216.2	216.2	217.2	437,65,28,8	416.4	39.4829282	73.5861762	4674.5
1229	1229	0.461	палка-ручка-пробка	3.6	2.8	лишайник-жёлтый-на-камне	1.314	72.9	7.0	26.0	26.9	bbox	1228	447.5	447.5	447.5	799,290,10,17	416.2	39.4828747	73.5863144	4663.7
1230	1230	1.977	стакан-марка-красная	11.0	39.6	порода-в-тени	0.459	10.2	0.0	0.0	0.0	bbox	1229	49.1	46.1	51.1	1521,886,13,23	416.1	39.4830256	73.5859862	4674.4
1231	1231	1.563	рюкзак-синий	10.0	26.3	порода-в-тени	0.600	12.5	1.0	-4.0	4.1	bbox	1230	138.2	138.2	139.2	5,73,20,24	416.1	39.4829342	73.5861790	4674.5
1232	1232	2.520	крышка-контроль	19.8	12.3	снег-освещённый	1.559	54.7	-9.0	6.0	10.8	bbox	1231	234.3	234.3	235.3	939,15,26,6	415.7	39.4829269	73.5861779	4674.5
1233	1233	0.858	рюкзак-синий	5.0	16.4	снег-в-тени	1.067	22.4	4.0	-10.0	10.8	bbox	1232	47.1	46.1	51.1	1849,579,8,20	415.5	39.4830298	73.5859757	4674.5
1234	1234	0.762	рюкзак-синий	5.8	6.3	снег-в-тени	1.000	32.5	6.0	-11.0	12.5	bbox	1233	8.0	8.0	9.0	705,223,10,20	414.7	39.4833016	73.5853333	4674.5
1235	1235	0.538	стакан-марка-красная	3.6	8.2	снег-розовый	1.091	58.0	8.0	-1.0	8.1	bbox	1234	402.5	402.5	402.5	1257,739,20,17	414.7	39.4828749	73.5863208	4663.6
1236	1236	1.431	рюкзак-синий	5.8	34.5	порода-в-тени	1.701	4.3	6.0	-11.0	12.5	bbox	1235	449.5	449.5	456.5	979,24,12,13	414.7	39.4828744	73.5863139	4663.6
1237	1237	1.372	палка-ручка-пробка	9.4	19.6	корка-жёлтая-на-скале	0.607	56.1	-3.0	18.0	18.2	bbox	1236	0.0	0.0	1.0	1652,975,15,8	413.8	39.4832959	73.5853336	4674.5
1238	1238	0.518	рюкзак-синий	4.1	1.3	снег-в-тени	0.511	37.5	2.0	-10.0	10.2	bbox	1237	307.3	306.3	310.4	1639,203,6,26	413.7	39.4828676	73.5863206	4663.6
1239	1239	0.788	стакан-марка-красная	6.1	5.5	снег-в-тени	1.096	55.3	7.5	-4.0	8.5	bbox	1238	469.5	468.5	473.5	920,298,14,15	412.4	39.4828727	73.5863138	4663.6
1240	1240	0.631	рюкзак-синий	4.1	10.2	снег-в-тени	0.771	28.6	2.0	-10.0	10.2	bbox	1239	71.1	69.1	72.1	1861,169,8,16	412.3	39.4830250	73.5859803	4674.5
1241	1241	2.762	стакан-марка-красная	18.1	44.3	снег-пересвеченный	0.848	94.1	-7.0	3.0	7.6	bbox	1240	221.3	221.3	221.3	1137,55,44,10	412.0	39.4829280	73.5861755	4674.5
1242	1242	1.380	палка-ручка-пробка	9.6	19.0	корка-жёлтая-на-скале	0.346	56.7	-1.0	15.5	15.5	bbox	1241	321.4	316.4	322.4	1457,153,12,12	411.4	39.4828682	73.5863153	4663.6
1243	1243	0.970	рюкзак-синий	7.0	11.7	снег-в-тени	0.762	27.1	1.0	-7.0	7.1	bbox	1242	33.0	32.0	36.0	1885,401,16,20	411.3	39.4833084	73.5853354	4674.5
1244	1244	1.530	рюкзак-синий	11.7	12.5	порода-в-тени	0.349	26.3	-3.0	-3.0	4.2	bbox	1243	264.3	263.3	264.3	1181,1057,23,12	411.3	39.4828608	73.5863211	4674.4
1245	1245	1.780	стакан-марка-красная	14.0	8.4	порода-в-тени	0.770	41.4	-3.0	0.0	3.0	bbox	1244	227.3	227.3	227.3	364,129,25,16	411.2	39.4829276	73.5861773	4674.5
1246	1246	1.515	рюкзак-синий	11.0	17.8	порода-в-тени	0.451	21.0	1.0	-3.0	3.2	bbox	1245	104.1	104.1	104.1	1879,93,16,14	410.7	39.4829563	73.5861264	4674.4
1247	1247	2.046	стакан-марка-красная	14.8	24.7	снег-розовый	0.908	74.5	-2.0	8.0	8.2	bbox	1246	401.5	401.5	401.5	313,877,12,13	410.5	39.4828750	73.5863206	4663.6
1248	1248	0.455	стакан-марка-красная	2.8	8.0	снег-в-тени	1.441	41.8	9.0	-1.0	9.1	bbox	1247	437.5	437.5	437.5	1842,255,15,10	410.4	39.4828751	73.5863136	4663.6
1249	1249	1.534	стакан-марка-красная	10.2	23.9	порода-в-тени	0.423	25.9	1.0	-1.0	1.4	bbox	1248	93.1	93.1	93.1	1476,841,13,12	409.5	39.4830228	73.5859778	4674.5
1250	1250	1.348	рюкзак-синий	9.2	19.6	порода-в-тени	0.517	19.2	-1.0	-5.0	5.1	bbox	1249	220.3	220.3	221.3	1397,48,28,21	409.1	39.4829280	73.5861753	4674.4
1251	1251	1.597	рюкзак-синий	9.2	31.0	порода-в-тени	1.590	7.8	8.0	-8.0	11.3	bbox	1250	379.4	379.4	379.4	1249,47,16,9	409.0	39.4828777	73.5863208	4663.6
1252	1252	1.349	стакан-марка-красная	8.1	25.1	снег-розовый	0.981	74.9	7.0	8.0	10.6	bbox	1251	320.4	316.4	320.4	417,169,24,8	408.8	39.4828680	73.5863154	4663.6
1253	1253	1.377	палка-ручка-пробка	8.1	26.3	корка-жёлтая-на-скале	0.186	49.4	1.0	16.0	16.0	bbox	1252	54.1	54.1	55.1	1893,1017,10,18	408.5	39.4830259	73.5859847	4674.5
1254	1254	1.650	стакан-марка-красная	13.2	3.9	порода-в-тени	0.910	45.9	-2.0	-1.0	2.2	bbox	1253	92.1	92.1	92.1	140,991,7,19	407.9	39.4830227	73.5859783	4674.4
1255	1255	1.278	палка-ручка-пробка	9.2	15.5	лишайник-жёлтый-на-камне	0.999	91.2	-1.0	16.0	16.0	bbox	1254	371.4	367.4	372.4	1592,153,17,8	407.8	39.4828755	73.5863192	4663.5
1256	1256	0.982	палка-ручка-пробка	7.1	12.0	лишайник-жёлтый-на-камне	0.519	63.7	6.0	16.0	17.1	bbox	1255	74.1	74.1	74.1	0,147,16,14	407.6	39.4830255	73.5859791	4674.5
1257	1257	1.145	рюкзак-синий	6.1	23.9	порода-в-тени	1.303	14.9	4.5	-9.0	10.1	bbox	1256	389.4	389.4	390.4	149,0,12,9	407.5	39.4828768	73.5863185	4663.6
1258	1258	1.713	палка-ручка-пробка	12.5	19.4	корка-жёлтая-на-скале	0.498	56.3	-1.0	12.0	12.0	bbox	1257	120.1	105.1	121.1	1837,897,13,12	407.0	39.4829345	73.5861803	4674.5
1259	1259	0.782	рюкзак-синий	5.3	11.5	снег-в-тени	0.958	27.3	4.5	-10.0	11.0	bbox	1258	260.3	259.3	260.3	1819,0,18,12	406.3	39.4828927	73.5862489	4674.5
1260	1260	0.700	стакан-марка-красная	5.0	8.8	снег-розовый	1.049	58.6	7.0	-2.0	7.3	bbox	1259	356.4	356.4	356.4	346,1061,17,12	406.0	39.4828718	73.5863142	4663.6
1261	1261	1.669	стакан-марка-красная	13.2	6.1	снег-розовый	0.942	55.9	-2.0	3.5	4.0	bbox	1260	474.5	464.5	474.5	165,21,12,12	405.7	39.4828723	73.5863128	4663.6
1262	1262	0.708	палка-ручка-пробка	5.7	1.2	лишайник-жёлтый-на-камне	0.426	74.5	1.0	19.0	19.0	bbox	1261	282.3	282.3	282.3	1045,769,13,16	405.6	39.4828632	73.5863204	4674.5
1263	1263	1.045	рюкзак-синий	6.4	18.8	снег-в-тени	1.180	20.0	5.0	-9.0	10.3	bbox	1262	353.4	353.4	353.4	434,263,9,18	405.5	39.4828711	73.5863144	4663.6
1264	1264	1.809	стакан-марка-красная	9.4	38.4	порода-охристая	1.177	11.4	6.0	9.0	10.8	bbox	1263	84.1	80.1	84.1	913,1007,16,10	404.9	39.4830248	73.5859810	4674.4
1265	1265	1.074	палка-ручка-пробка	8.5	4.7	лишайник-жёлтый-на-камне	0.423	71.0	-1.0	17.0	17.0	bbox	1264	366.4	365.4	372.4	1812,234,13,12	404.9	39.4828734	73.5863173	4663.6
1266	1266	1.587	стакан-марка-красная	1.0	44.3	порода-в-тени	1.611	5.5	10.0	1.0	10.0	bbox	1265	19.0	19.0	19.0	1872,0,14,9	404.5	39.4833061	73.5853336	4674.5
1267	1267	1.317	стакан-марка-красная	8.5	21.6	снег-розовый	1.174	71.4	8.0	9.0	12.0	bbox	1266	380.4	380.4	380.4	289,511,8,18	404.1	39.4828778	73.5863211	4663.6
1268	1268	2.592	крышка-бирюзовая	19.4	25.5	снег-освещённый	1.119	79.6	-9.0	4.0	9.8	bbox	1267	218.2	218.2	218.2	525,107,18,18	404.0	39.4829281	73.5861755	4674.5
1269	1269	1.848	палка-ручка-пробка	14.8	2.4	лишайник-жёлтый-на-камне	1.046	73.3	-2.0	10.0	10.2	bbox	1268	376.4	376.4	376.4	893,321,11,12	403.9	39.4828768	73.5863200	4663.5
1270	1270	1.530	палка-ручка-пробка	9.5	27.1	корка-жёлтая-на-скале	0.281	48.6	2.0	14.0	14.1	bbox	1269	62.1	54.1	70.1	905,374,16,15	403.3	39.4830258	73.5859848	4674.5
1271	1271	0.869	рюкзак-синий	6.1	11.8	снег-в-тени	0.100	50.6	0.0	-8.0	8.0	bbox	1270	379.4	379.4	379.4	349,433,10,16	402.5	39.4828777	73.5863208	4663.6
1272	1272	1.435	палка-ручка-пробка	10.2	18.4	лишайник-жёлтый-на-камне	0.853	57.3	7.0	13.0	14.8	bbox	1271	86.1	86.1	86.1	1887,353,18,16	402.2	39.4830242	73.5859808	4674.5
1273	1273	1.103	стакан-марка-красная	7.3	17.5	порода-охристая	1.125	67.3	9.0	8.0	12.0	bbox	1272	478.5	474.5	478.5	981,417,8,16	402.1	39.4828724	73.5863119	4663.6
1274	1274	1.964	стакан-марка-красная	11.2	38.6	снег-освещённый	0.325	88.4	0.0	-1.0	1.0	bbox	1273	93.1	93.1	93.1	129,555,31,6	401.8	39.4830228	73.5859778	4674.5
1275	1275	1.762	рюкзак-синий	9.5	36.5	снег-пересвеченный	0.651	75.3	-2.0	-5.0	5.4	bbox	1274	153.2	150.2	158.2	433,591,19,31	401.4	39.4829339	73.5861790	4674.5
1276	1276	2.608	крышка-контроль	20.6	11.2	порода-в-тени	1.383	31.2	-9.0	7.0	11.4	bbox	1275	217.2	212.2	218.2	163,709,8,20	400.9	39.4829282	73.5861758	4674.5
1277	1277	1.092	стакан-марка-красная	3.6	27.8	снег-розовый	0.839	77.6	8.0	-1.0	8.1	bbox	1276	445.5	445.5	447.5	1687,545,10,24	400.4	39.4828750	73.5863144	4663.6
1278	1278	2.787	крышка-бирюзовая	19.5	37.7	снег-пересвеченный	1.301	91.8	-10.0	5.5	11.4	bbox	1277	218.2	218.2	222.3	1311,81,28,4	400.1	39.4829281	73.5861755	4674.5
1279	1279	1.593	стакан-марка-красная	11.7	17.6	порода-охристая	0.562	32.2	7.0	12.0	13.9	bbox	1278	355.4	355.4	355.4	225,234,17,7	400.1	39.4828718	73.5863142	4663.6
1280	1280	1.522	стакан-марка-красная	11.2	16.9	снег-освещённый	0.535	66.7	0.0	-1.0	1.0	bbox	1279	86.1	85.1	86.1	739,289,20,16	399.9	39.4830242	73.5859808	4674.5
1281	1281	1.321	палка-ручка-пробка	9.2	18.1	корка-жёлтая-на-скале	0.394	57.6	-1.0	16.0	16.0	bbox	1280	294.3	294.3	294.3	617,1061,10,16	399.5	39.4828644	73.5863198	4667.5
1282	1282	0.612	стакан-марка-красная	3.6	11.6	снег-розовый	1.019	61.4	8.0	-1.0	8.1	bbox	1281	397.5	396.5	398.5	1154,865,21,6	399.5	39.4828747	73.5863191	4663.6
1283	1283	0.337	стакан-марка-красная	2.2	5.3	порода-охристая	1.173	44.5	9.0	2.0	9.2	bbox	1282	4.0	2.0	4.0	651,897,20,8	399.1	39.4832992	73.5853335	4674.5
1284	1284	0.960	стакан-марка-красная	5.0	20.4	порода-охристая	0.703	29.4	11.0	6.0	12.5	bbox	1283	332.4	332.4	333.4	877,503,16,14	399.1	39.4828660	73.5863148	4663.6
1285	1285	0.509	рюкзак-синий	3.2	9.0	снег-в-тени	1.027	29.8	4.0	-13.0	13.6	bbox	1284	380.4	380.4	380.4	573,497,12,16	399.0	39.4828778	73.5863211	4663.6
1286	1286	1.353	палка-ручка-пробка	10.6	7.1	порода-охристая	1.196	68.6	12.0	15.0	19.2	bbox	1285	339.4	338.4	339.4	1243,497,14,12	398.1	39.4828684	73.5863161	4663.6
1287	1287	1.547	стакан-марка-красная	11.4	16.9	порода-охристая	1.084	66.7	14.0	12.0	18.4	bbox	1286	339.4	339.4	343.4	970,560,17,13	397.9	39.4828684	73.5863161	4663.6
1288	1288	1.912	стакан-марка-красная	15.3	3.5	корка-жёлтая-на-скале	0.792	46.3	-2.0	9.0	9.2	bbox	1287	115.1	114.1	115.1	1387,919,16,10	397.6	39.4829339	73.5861794	4674.4
1289	1289	0.528	стакан-марка-красная	2.8	11.0	снег-в-тени	1.461	38.8	9.0	-1.0	9.1	bbox	1288	341.4	341.4	341.4	287,955,23,11	397.6	39.4828690	73.5863158	4663.6
1290	1290	0.954	рюкзак-синий	6.7	12.7	снег-в-тени	0.923	26.1	4.0	-8.0	8.9	bbox	1289	5.0	5.0	5.0	97,0,10,15	397.4	39.4832997	73.5853335	4674.5
1291	1291	0.833	рюкзак-синий	6.4	6.4	снег-в-тени	0.843	32.4	5.0	-9.0	10.3	bbox	1290	234.3	234.3	238.3	1151,35,30,8	397.4	39.4829269	73.5861779	4674.5
1292	1292	2.059	стакан-марка-красная	15.2	22.0	снег-розовый	0.908	71.8	-3.0	7.0	7.6	bbox	1291	395.4	393.4	395.4	83,859,12,12	396.8	39.4828751	73.5863186	4663.6
1293	1293	0.843	рюкзак-синий	5.0	15.9	снег-в-тени	1.149	22.9	5.0	-11.0	12.1	bbox	1292	378.4	378.4	378.4	13,106,12,15	396.3	39.4828773	73.5863208	4663.5
1294	1294	2.556	рюкзак-синий	19.9	16.1	снег-в-тени	3.366	22.7	7.0	-33.0	33.7	bbox	1293	24.0	24.0	24.0	1075,815,18,18	396.2	39.4833078	73.5853334	4674.5
1295	1295	2.091	палка-ручка-пробка	16.6	8.4	снег-розовый	0.931	84.1	-2.0	8.0	8.2	bbox	1294	400.5	400.5	400.5	643,953,12,8	395.9	39.4828750	73.5863202	4663.6
1296	1296	1.899	стакан-марка-красная	14.8	12.5	корка-жёлтая-на-скале	0.985	37.3	-2.0	8.0	8.2	bbox	1295	79.1	79.1	79.1	369,481,15,9	395.4	39.4830247	73.5859794	4674.5
1297	1297	1.648	рюкзак-синий	13.0	7.7	снег-в-тени	0.903	46.5	-4.0	-2.0	4.5	bbox	1296	202.2	202.2	202.2	1417,145,16,8	395.3	39.4829293	73.5861792	4674.4
1298	1298	1.395	стакан-марка-красная	2.0	38.4	порода-в-тени	1.434	11.4	9.0	1.0	9.1	bbox	1297	442.5	438.5	443.5	1629,17,18,14	395.3	39.4828751	73.5863138	4663.6
1299	1299	1.977	стакан-марка-красная	15.7	8.0	корка-жёлтая-на-скале	0.976	41.8	-3.0	8.0	8.5	bbox	1298	413.5	406.5	413.5	633,415,14,14	395.2	39.4828739	73.5863181	4663.6
1300	1300	1.271	стакан-марка-красная	7.2	25.1	снег-розовый	0.889	74.9	7.0	7.0	9.9	bbox	1299	401.5	381.4	401.5	427,349,22,12	394.9	39.4828750	73.5863206	4663.6
1301	1301	1.293	палка-ручка-пробка	10.3	3.5	лишайник-жёлтый-на-камне	0.666	79.2	0.0	14.0	14.0	bbox	1300	380.4	378.4	381.4	133,221,10,20	394.4	39.4828778	73.5863211	4663.6
1302	1302	2.037	палка-ручка-пробка	16.1	8.2	снег-розовый	1.099	83.9	-3.0	9.0	9.5	bbox	1301	377.4	377.4	377.4	79,483,34,9	394.3	39.4828768	73.5863203	4663.5
1303	1303	1.454	стакан-марка-красная	7.6	30.8	снег-розовый	1.066	80.6	8.0	8.0	11.3	bbox	1302	451.5	450.5	457.5	1553,717,10,16	394.2	39.4828742	73.5863140	4663.6
1304	1304	1.511	рюкзак-синий	10.0	23.5	порода-в-тени	0.486	15.3	0.0	-4.0	4.0	bbox	1303	160.2	157.2	167.2	253,42,20,27	393.9	39.4829327	73.5861793	4674.5
1305	1305	0.398	стакан-марка-красная	3.2	1.4	порода-охристая	1.239	48.4	8.0	2.0	8.2	bbox	1304	29.0	29.0	29.0	51,698,14,11	393.6	39.4833087	73.5853337	4674.5
1306	1306	1.174	палка-ручка-пробка	9.2	6.3	лишайник-жёлтый-на-камне	0.419	69.4	-1.0	16.0	16.0	bbox	1305	68.1	63.1	68.1	979,901,14,8	393.6	39.4830261	73.5859821	4674.5
1307	1307	1.358	палка-ручка-пробка	10.6	7.8	лишайник-жёлтый-на-камне	0.853	83.5	-2.0	15.0	15.1	bbox	1306	373.4	371.4	373.4	1341,39,20,22	393.5	39.4828760	73.5863192	4663.6
1308	1308	1.243	палка-ручка-пробка	8.6	17.4	лишайник-жёлтый-на-камне	1.026	93.1	0.0	16.0	16.0	bbox	1307	75.1	75.1	75.1	1683,289,14,14	392.4	39.4830249	73.5859790	4674.5
1309	1309	1.156	палка-ручка-пробка	9.2	2.6	лишайник-жёлтый-на-камне	0.480	73.1	-1.0	16.0	16.0	bbox	1308	373.4	366.4	373.4	1533,163,18,10	392.4	39.4828760	73.5863192	4663.6
1310	1310	1.867	рюкзак-синий	13.3	23.5	порода-в-тени	0.182	15.3	-2.0	-1.0	2.2	bbox	1309	382.4	382.4	382.4	227,103,13,10	392.2	39.4828780	73.5863210	4663.5
1311	1311	1.977	стакан-марка-красная	12.4	34.5	снег-освещённый	0.280	84.3	-1.0	-2.0	2.2	bbox	1310	76.1	76.1	76.1	17,659,14,9	391.9	39.4830247	73.5859789	4674.5
1312	1312	0.906	стакан-марка-красная	5.1	18.0	снег-розовый	1.171	67.8	10.0	6.0	11.7	bbox	1311	411.5	409.5	413.5	473,845,11,16	391.6	39.4828741	73.5863187	4663.6
1313	1313	1.322	рюкзак-синий	8.1	23.9	снег-в-тени	0.640	62.7	2.0	-6.0	6.3	bbox	1312	228.3	228.3	228.3	433,1057,20,18	391.4	39.4829275	73.5861774	4674.5
1314	1314	1.087	палка-ручка-пробка	8.1	11.4	лишайник-жёлтый-на-камне	0.182	64.3	1.0	16.0	16.0	bbox	1313	5.0	5.0	5.0	1329,375,17,10	391.1	39.4832997	73.5853335	4674.5
1315	1315	1.719	палка-ручка-пробка	13.6	7.0	снег-розовый	1.024	82.7	1.0	10.0	10.0	bbox	1314	474.5	460.5	482.5	387,209,13,17	391.1	39.4828723	73.5863128	4663.6
1316	1316	1.710	стакан-марка-красная	12.5	19.2	снег-розовый	0.740	69.0	0.0	7.0	7.0	bbox	1315	120.1	118.1	120.1	733,151,16,18	390.7	39.4829345	73.5861803	4674.5
1317	1317	0.814	рюкзак-синий	6.4	4.1	снег-в-тени	0.661	42.9	5.0	-9.0	10.3	bbox	1316	427.5	427.5	427.5	119,194,14,11	390.4	39.4828742	73.5863152	4663.6
1318	1318	1.115	рюкзак-синий	6.7	20.6	порода-в-тени	1.155	18.2	4.0	-8.0	8.9	bbox	1317	348.4	347.4	348.4	0,235,5,22	390.1	39.4828708	73.5863153	4663.6
1319	1319	1.928	стакан-марка-красная	15.3	7.8	корка-жёлтая-на-скале	0.818	42.0	-2.0	9.0	9.2	bbox	1318	458.5	458.5	458.5	0,295,8,20	389.7	39.4828740	73.5863131	4663.6
1320	1320	0.681	стакан-марка-красная	5.4	2.9	снег-розовый	1.086	52.7	6.0	-1.0	6.1	bbox	1319	470.5	470.5	470.5	1395,51,24,12	389.5	39.4828727	73.5863137	4663.6
1321	1321	1.230	палка-ручка-пробка	9.4	9.8	лишайник-жёлтый-на-камне	0.797	85.5	0.0	15.0	15.0	bbox	1320	335.4	333.4	335.4	1105,377,20,14	389.3	39.4828665	73.5863161	4663.6
1322	1322	1.820	стакан-марка-красная	13.9	15.3	корка-жёлтая-на-скале	1.003	34.5	-1.0	8.0	8.1	bbox	1321	449.5	449.5	449.5	625,1027,9,15	389.3	39.4828744	73.5863139	4663.6
1323	1323	0.670	рюкзак-синий	3.6	13.9	снег-в-тени	0.975	24.9	3.0	-11.0	11.4	bbox	1322	46.1	45.1	46.1	1913,813,7,28	388.6	39.4830459	73.5859387	4674.4
1324	1324	1.152	стакан-марка-красная	4.2	28.6	порода-в-тени	1.257	21.2	8.0	-2.0	8.2	bbox	1323	456.5	456.5	456.5	641,12,14,19	388.4	39.4828744	73.5863132	4663.6
1325	1325	2.077	рюкзак-синий	13.0	36.1	порода-в-тени	0.678	2.7	0.0	-1.0	1.0	bbox	1324	313.4	312.4	313.4	1089,193,15,8	388.0	39.4828678	73.5863189	4663.6
1326	1326	0.519	палка-ручка-пробка	4.0	3.9	лишайник-жёлтый-на-камне	0.793	71.8	1.0	23.0	23.0	bbox	1325	352.4	350.4	352.4	249,141,14,10	387.5	39.4828710	73.5863147	4663.6
1327	1327	1.027	рюкзак-синий	7.6	10.8	снег-в-тени	0.519	49.6	4.0	-7.0	8.1	bbox	1326	74.1	74.1	74.1	777,343,22,8	386.3	39.4830255	73.5859791	4674.5
1328	1328	1.432	стакан-марка-красная	5.0	36.1	снег-розовый	0.889	85.9	8.0	5.0	9.4	bbox	1327	327.4	327.4	327.4	1401,807,14,9	386.1	39.4828676	73.5863155	4663.6
1329	1329	1.152	палка-ручка-пробка	9.2	0.0	лишайник-жёлтый-на-камне	0.537	75.7	-1.0	16.0	16.0	bbox	1328	339.4	338.4	339.4	1233,129,14,8	385.8	39.4828684	73.5863161	4663.6
1330	1330	2.046	стакан-марка-красная	14.8	24.7	порода-в-тени	1.137	25.1	-2.0	8.0	8.2	bbox	1329	139.2	139.2	139.2	1601,983,10,18	385.7	39.4829345	73.5861784	4674.5
1331	1331	2.111	стакан-марка-красная	11.2	44.3	порода-в-тени	0.772	5.5	0.0	3.0	3.0	bbox	1330	482.5	482.5	482.5	1581,308,10,16	385.4	39.4828722	73.5863119	4663.6
1332	1332	1.479	рюкзак-синий	9.1	26.6	порода-в-тени	0.632	12.2	0.0	-5.0	5.0	bbox	1331	228.3	228.3	230.3	547,0,14,17	385.1	39.4829275	73.5861774	4674.5
1333	1333	0.945	рюкзак-синий	6.1	15.7	снег-в-тени	0.346	54.5	2.0	-8.0	8.2	bbox	1332	415.5	415.5	415.5	633,297,12,18	384.9	39.4828738	73.5863178	4663.6
1334	1334	0.971	рюкзак-синий	5.4	19.6	снег-в-тени	1.095	19.2	3.0	-9.0	9.5	bbox	1333	280.3	280.3	280.3	33,387,6,22	384.4	39.4828632	73.5863205	4674.4
1335	1335	1.032	стакан-марка-красная	8.2	1.2	порода-охристая	0.508	48.6	9.0	9.0	12.7	bbox	1334	348.4	344.4	348.4	40,791,15,10	384.3	39.4828708	73.5863153	4663.6
1336	1336	1.176	стакан-марка-красная	8.1	16.9	порода-охристая	1.121	66.7	8.0	8.5	11.7	bbox	1335	444.5	430.5	444.5	809,448,16,9	384.3	39.4828751	73.5863143	4663.6
1337	1337	1.247	стакан-марка-красная	5.0	30.2	снег-розовый	0.843	80.0	8.0	5.0	9.4	bbox	1336	377.4	376.4	377.4	1318,337,20,14	384.0	39.4828768	73.5863203	4663.5
1338	1338	1.323	стакан-марка-красная	8.9	19.8	порода-охристая	0.634	30.0	7.0	9.0	11.4	bbox	1337	379.4	379.4	379.4	177,695,8,16	384.0	39.4828777	73.5863208	4663.6
1339	1339	1.860	палка-ручка-пробка	14.3	14.1	корка-жёлтая-на-скале	0.805	61.6	-1.0	10.0	10.0	bbox	1338	303.3	300.3	306.3	721,441,16,14	383.9	39.4828668	73.5863200	4663.6
1340	1340	2.557	палка-ручка-пробка	20.2	10.2	снег-освещённый	0.993	85.9	-6.0	6.0	8.5	bbox	1339	329.4	329.4	329.4	491,17,21,11	383.0	39.4828670	73.5863151	4663.6
1341	1341	1.623	стакан-марка-красная	11.2	23.1	порода-в-тени	0.336	26.7	0.0	-1.0	1.0	bbox	1340	355.4	355.4	355.4	547,455,14,10	383.0	39.4828718	73.5863142	4663.6
1342	1342	1.782	стакан-марка-красная	13.9	10.6	порода-охристая	0.729	39.2	16.0	14.0	21.3	bbox	1341	342.4	341.4	345.4	1073,626,16,17	382.7	39.4828691	73.5863156	4663.6
1343	1343	1.780	стакан-марка-красная	13.9	11.0	корка-жёлтая-на-скале	0.940	38.8	-1.0	8.0	8.1	bbox	1342	483.5	483.5	483.5	896,202,17,11	382.5	39.4828716	73.5863117	4663.6
1344	1344	1.742	палка-ручка-пробка	13.9	1.6	лишайник-жёлтый-на-камне	1.002	77.3	0.0	10.0	10.0	bbox	1343	71.1	71.1	72.1	1042,431,15,14	382.0	39.4830250	73.5859803	4674.5
1345	1345	0.980	палка-ручка-пробка	7.3	10.2	лишайник-жёлтый-на-камне	0.177	65.5	3.0	16.0	16.3	bbox	1344	90.1	89.1	90.1	807,878,16,19	382.0	39.4830233	73.5859794	4674.5
1346	1346	1.148	рюкзак-синий	8.9	7.3	снег-в-тени	0.455	46.1	-3.0	-6.0	6.7	bbox	1345	212.2	212.2	215.2	1339,37,14,20	382.0	39.4829277	73.5861766	4674.5
1347	1347	1.291	стакан-марка-красная	7.2	25.9	порода-охристая	0.876	23.9	7.0	7.0	9.9	bbox	1346	460.5	460.5	460.5	1826,116,16,21	381.7	39.4828733	73.5863127	4663.6
1348	1348	1.239	палка-ручка-пробка	8.6	17.2	лишайник-жёлтый-на-камне	1.019	92.9	0.0	16.0	16.0	bbox	1347	85.1	85.1	86.1	1867,331,22,8	381.6	39.4830242	73.5859809	4674.5
1349	1349	1.533	рюкзак-синий	7.3	34.5	снег-пересвеченный	0.878	73.3	-1.0	-7.0	7.1	bbox	1348	287.3	287.3	287.3	1769,89,19,16	381.6	39.4828644	73.5863200	4674.4
1350	1350	0.798	стакан-марка-красная	3.6	18.4	снег-розовый	0.970	68.2	9.0	4.0	9.8	bbox	1349	471.5	465.5	473.5	561,65,16,27	381.6	39.4828725	73.5863134	4663.6
1351	1351	0.975	палка-ручка-пробка	6.7	13.9	лишайник-жёлтый-на-камне	0.133	61.8	2.0	17.0	17.1	bbox	1350	90.1	89.1	90.1	773,967,10,21	381.5	39.4830233	73.5859794	4674.5
1352	1352	1.009	рюкзак-синий	7.0	14.1	снег-в-тени	0.844	24.7	1.0	-7.0	7.1	bbox	1351	40.0	34.0	40.0	1901,165,16,18	381.3	39.4831813	73.5856288	4674.5
1353	1353	1.390	рюкзак-синий	8.6	24.7	порода-в-тени	1.270	14.1	6.0	-7.0	9.2	bbox	1352	248.3	241.3	250.3	783,769,14,16	380.9	39.4829252	73.5861773	4674.5
1354	1354	1.190	стакан-марка-красная	7.2	21.8	снег-в-тени	1.185	28.0	7.0	-5.0	8.6	bbox	1353	469.5	469.5	469.5	75,119,6,26	380.7	39.4828727	73.5863138	4663.6
1355	1355	1.161	палка-ручка-пробка	9.2	3.9	лишайник-жёлтый-на-камне	0.640	79.6	-1.0	16.0	16.0	bbox	1354	77.1	77.1	77.1	1909,405,11,12	380.5	39.4830247	73.5859788	4674.4
1356	1356	1.762	стакан-марка-красная	12.8	20.6	корка-жёлтая-на-скале	1.009	29.2	1.0	9.0	9.1	bbox	1355	51.1	45.1	51.1	1417,761,10,22	380.4	39.4830258	73.5859854	4674.4
1357	1357	0.873	рюкзак-синий	4.0	20.0	снег-в-тени	0.483	58.8	1.0	-10.0	10.0	bbox	1356	38.0	38.0	42.0	1835,1065,10,15	380.2	39.4832323	73.5855119	4674.5
1358	1358	1.331	палка-ручка-пробка	9.2	18.6	корка-жёлтая-на-скале	0.484	57.1	-2.0	17.0	17.1	bbox	1357	352.4	352.4	352.4	57,817,22,10	379.9	39.4828710	73.5863147	4663.6
1359	1359	1.671	стакан-марка-красная	9.5	32.9	снег-розовый	1.263	82.7	8.0	10.0	12.8	bbox	1358	413.5	413.5	413.5	1613,1071,16,9	379.9	39.4828739	73.5863181	4663.6
1360	1360	1.486	палка-ручка-пробка	10.8	17.6	лишайник-жёлтый-на-камне	1.120	93.3	1.0	13.0	13.0	bbox	1359	340.4	340.4	340.4	169,883,8,25	379.8	39.4828689	73.5863160	4663.6
1361	1361	2.529	крышка-контроль	20.0	10.7	корка-жёлтая-на-скале	1.612	53.1	-10.0	7.0	12.2	bbox	1360	215.2	211.2	219.2	81,385,8,16	379.7	39.4829282	73.5861765	4674.5
1362	1362	0.737	палка-ручка-пробка	5.0	10.8	лишайник-жёлтый-на-камне	0.850	64.9	0.0	23.5	23.5	bbox	1361	356.4	356.4	356.4	353,53,12,11	379.6	39.4828718	73.5863142	4663.6
1363	1363	1.905	стакан-марка-красная	15.2	1.8	корка-жёлтая-на-скале	1.076	51.6	-3.0	7.0	7.6	bbox	1362	475.5	475.5	475.5	251,185,15,14	379.4	39.4828724	73.5863128	4663.6
1364	1364	1.747	стакан-марка-красная	12.8	19.6	корка-жёлтая-на-скале	0.987	30.2	1.0	9.0	9.1	bbox	1363	45.1	42.0	46.1	1365,817,10,25	379.1	39.4830654	73.5858939	4674.4
1365	1365	2.574	крышка-контроль	19.8	19.2	снег-освещённый	1.426	61.6	-9.0	6.0	10.8	bbox	1364	215.2	212.2	216.2	321,361,11,24	378.8	39.4829282	73.5861765	4674.5
1366	1366	2.664	палка-ручка-пробка	21.2	7.1	снег-освещённый	1.567	68.6	-10.0	8.0	12.8	bbox	1365	220.3	220.3	220.3	625,37,24,4	378.8	39.4829280	73.5861753	4674.4
1367	1367	1.279	стакан-марка-красная	5.8	29.4	снег-розовый	0.562	79.2	6.0	4.0	7.2	bbox	1366	54.1	52.1	57.1	594,833,13,14	378.0	39.4830259	73.5859847	4674.5
1368	1368	1.201	палка-ручка-пробка	8.2	17.3	лишайник-жёлтый-на-камне	0.719	58.4	7.0	15.0	16.6	bbox	1367	428.5	428.5	439.5	569,0,10,9	377.6	39.4828744	73.5863151	4663.6
1369	1369	1.096	стакан-марка-красная	3.2	28.6	порода-в-тени	1.305	21.2	8.0	2.0	8.2	bbox	1368	85.1	85.1	85.1	625,337,12,12	377.5	39.4830242	73.5859809	4674.5
1370	1370	0.894	стакан-марка-красная	5.7	15.3	снег-розовый	0.855	65.1	7.0	5.0	8.6	bbox	1369	64.1	64.1	66.1	323,899,14,14	376.6	39.4830256	73.5859844	4674.5
1371	1371	1.589	стакан-марка-красная	11.2	21.2	снег-освещённый	0.393	71.0	0.0	-1.0	1.0	bbox	1370	74.1	74.1	74.1	160,753,20,13	376.6	39.4830255	73.5859791	4674.5
1372	1372	1.942	рюкзак-синий	12.4	32.9	порода-в-тени	0.533	5.9	-2.0	-2.0	2.8	bbox	1371	4.0	4.0	4.0	1696,1034,16,11	376.4	39.4832992	73.5853335	4674.5
1373	1373	1.301	палка-ручка-пробка	9.8	11.8	лишайник-жёлтый-на-камне	0.878	87.5	1.0	14.0	14.0	bbox	1372	91.1	91.1	92.1	1009,787,16,14	376.2	39.4830230	73.5859789	4674.4
1374	1374	1.381	палка-ручка-пробка	8.5	24.5	корка-жёлтая-на-скале	0.278	51.2	2.0	15.0	15.1	bbox	1373	360.4	358.4	360.4	755,49,16,13	376.2	39.4828723	73.5863145	4663.6
1375	1375	0.683	рюкзак-синий	5.4	3.2	снег-в-тени	0.447	42.0	3.0	-9.0	9.5	bbox	1374	117.1	117.1	122.1	107,269,8,20	376.1	39.4829341	73.5861798	4674.5
1376	1376	1.198	палка-ручка-пробка	9.2	9.2	лишайник-жёлтый-на-камне	0.798	84.9	-1.0	16.0	16.0	bbox	1375	324.4	322.4	326.4	1465,771,8,22	376.1	39.4828685	73.5863153	4663.6
1377	1377	0.972	палка-ручка-пробка	6.7	13.7	лишайник-жёлтый-на-камне	0.761	62.0	8.0	17.0	18.8	bbox	1376	415.5	415.5	415.5	731,1025,15,8	375.7	39.4828738	73.5863178	4663.6
1378	1378	1.041	рюкзак-синий	5.0	23.3	снег-в-тени	1.282	15.5	4.0	-10.0	10.8	bbox	1377	415.5	415.5	415.5	615,845,16,12	375.4	39.4828738	73.5863178	4663.6
1379	1379	1.298	палка-ручка-пробка	7.8	23.9	корка-жёлтая-на-скале	0.420	51.8	-1.0	18.0	18.0	bbox	1378	344.4	344.4	347.4	1011,368,15,11	375.3	39.4828700	73.5863151	4663.6
1380	1380	1.960	стакан-марка-красная	15.3	12.6	корка-жёлтая-на-скале	0.946	62.4	-2.0	9.0	9.2	bbox	1379	38.0	31.0	38.0	1061,1069,13,11	375.2	39.4832323	73.5855119	4674.5
1381	1381	1.252	палка-ручка-пробка	10.0	2.1	лишайник-жёлтый-на-камне	0.630	77.8	-1.0	15.0	15.0	bbox	1380	389.4	385.4	391.4	1371,71,20,8	375.1	39.4828768	73.5863185	4663.6
1382	1382	1.846	стакан-марка-красная	14.8	0.0	корка-жёлтая-на-скале	0.913	49.8	-2.0	8.0	8.2	bbox	1381	380.4	380.4	380.4	0,411,7,20	374.9	39.4828778	73.5863211	4663.6
1383	1383	0.922	рюкзак-синий	7.2	6.3	снег-в-тени	0.742	32.5	4.0	-7.5	8.5	bbox	1382	355.4	355.4	355.4	1433,189,18,8	374.8	39.4828718	73.5863142	4663.6
1384	1384	1.825	стакан-марка-красная	12.2	28.2	снег-освещённый	0.159	78.0	-1.0	-1.0	1.4	bbox	1383	93.1	93.1	93.1	255,593,14,10	374.5	39.4830228	73.5859778	4674.5
1385	1385	1.320	стакан-марка-красная	9.8	13.3	порода-охристая	0.520	36.5	7.0	10.0	12.2	bbox	1384	6.0	6.0	6.0	651,976,14,9	374.3	39.4833003	73.5853336	4674.5
1386	1386	0.946	рюкзак-синий	5.4	18.6	снег-в-тени	1.336	20.2	6.0	-12.0	13.4	bbox	1385	377.4	377.4	377.4	447,221,8,16	374.3	39.4828768	73.5863203	4663.5
1387	1387	2.359	палка-ручка-контроль	16.1	34.5	корка-жёлтая-на-скале	1.015	23.1	-3.5	13.0	13.5	bbox	1386	86.1	85.1	86.1	63,177,6,26	373.9	39.4830242	73.5859808	4674.5
1388	1388	2.392	стакан-марка-красная	18.2	20.2	снег-освещённый	0.980	70.0	-7.0	4.0	8.1	bbox	1387	213.2	212.2	219.2	265,351,17,20	373.7	39.4829278	73.5861766	4674.5
1389	1389	1.517	стакан-марка-красная	12.0	5.3	порода-в-тени	0.879	44.5	-1.0	0.0	1.0	bbox	1388	270.3	268.3	270.3	1246,1047,19,6	373.6	39.4828611	73.5863208	4674.4
1390	1390	1.875	стакан-марка-красная	14.3	15.7	порода-в-тени	1.114	34.1	-2.0	7.0	7.3	bbox	1389	153.2	153.2	153.2	905,981,8,28	373.4	39.4829339	73.5861790	4674.5
1391	1391	1.599	палка-ручка-пробка	12.5	9.0	лишайник-жёлтый-на-камне	1.001	66.7	-6.0	17.0	18.0	bbox	1390	282.3	282.3	282.3	1585,645,12,12	373.3	39.4828632	73.5863204	4674.5
1392	1392	2.043	стакан-марка-красная	14.8	24.5	порода-в-тени	1.138	25.3	-2.0	8.0	8.2	bbox	1391	427.5	427.5	427.5	1377,827,16,10	373.2	39.4828742	73.5863152	4663.6
1393	1393	1.972	стакан-марка-красная	11.1	39.2	снег-пересвеченный	0.814	89.0	2.0	-5.5	5.9	bbox	1392	9.0	8.0	9.0	837,101,12,20	372.6	39.4833020	73.5853335	4674.5
1394	1394	1.840	рюкзак-синий	13.0	23.9	порода-в-тени	0.318	14.9	0.0	-1.0	1.0	bbox	1393	333.4	333.4	333.4	863,388,16,17	372.6	39.4828662	73.5863154	4663.6
1395	1395	1.171	палка-ручка-пробка	9.2	5.9	лишайник-жёлтый-на-камне	0.697	81.6	-1.0	16.0	16.0	bbox	1394	7.0	7.0	7.0	262,653,11,12	372.4	39.4833010	73.5853334	4674.5
1396	1396	1.641	палка-ручка-пробка	12.2	16.9	корка-жёлтая-на-скале	0.749	58.8	-5.0	16.0	16.8	bbox	1395	374.4	364.4	375.4	1305,97,12,8	372.3	39.4828759	73.5863191	4663.6
1397	1397	1.764	рюкзак-синий	13.3	16.1	порода-в-тени	0.084	22.7	-2.0	-1.0	2.2	bbox	1396	395.4	394.4	395.4	116,151,13,16	372.1	39.4828751	73.5863186	4663.6
1398	1398	1.457	стакан-марка-красная	5.0	36.9	порода-в-тени	1.163	12.9	7.0	-2.0	7.3	bbox	1397	450.5	450.5	453.5	1395,33,16,8	371.6	39.4828742	73.5863138	4663.6
1399	1399	1.905	палка-ручка-пробка	15.2	2.0	порода-охристая	1.776	73.7	19.0	17.0	25.5	bbox	1398	341.4	341.4	347.4	1061,551,9,22	371.5	39.4828690	73.5863158	4663.6
1400	1400	1.182	стакан-марка-красная	3.6	30.6	снег-розовый	0.844	80.4	8.0	-1.0	8.1	bbox	1399	5.0	5.0	5.0	265,913,16,14	371.4	39.4832997	73.5853335	4674.5
1401	1401	0.625	стакан-марка-красная	5.0	0.4	снег-в-тени	1.181	49.4	8.0	-3.0	8.5	bbox	1400	376.4	376.4	376.4	70,256,13,19	371.3	39.4828768	73.5863200	4663.5
1402	1402	0.625	стакан-марка-красная	5.0	0.2	снег-в-тени	1.155	50.0	7.0	-2.0	7.3	bbox	1401	385.4	385.4	390.4	417,689,16,10	371.1	39.4828781	73.5863205	4663.5
1403	1403	0.597	стакан-марка-красная	3.6	11.0	снег-в-тени	1.367	38.8	8.0	-1.0	8.1	bbox	1402	318.4	317.4	320.4	803,371,12,14	370.9	39.4828677	73.5863159	4663.6
1404	1404	1.030	стакан-марка-красная	4.2	24.7	снег-розовый	0.798	74.5	8.0	4.0	8.9	bbox	1403	356.4	356.4	356.4	113,683,10,18	370.9	39.4828718	73.5863142	4663.6
1405	1405	0.912	стакан-марка-красная	6.1	14.1	порода-охристая	0.524	35.7	12.0	7.0	13.9	bbox	1404	357.4	357.4	359.4	75,363,14,14	370.8	39.4828720	73.5863141	4663.6
1406	1406	1.549	стакан-марка-красная	12.4	2.7	снег-в-тени	0.779	52.5	-1.0	-2.0	2.2	bbox	1405	282.3	282.3	282.3	52,1021,15,14	370.7	39.4828632	73.5863204	4674.5
1407	1407	0.861	рюкзак-синий	6.7	5.5	снег-в-тени	0.719	33.3	4.0	-8.0	8.9	bbox	1406	119.1	118.1	126.1	62,445,7,20	370.2	39.4829346	73.5861801	4674.4
1408	1408	2.064	стакан-марка-красная	13.9	31.4	снег-розовый	0.774	81.2	-1.5	7.0	7.2	bbox	1407	484.6	484.6	484.6	1825,723,10,14	369.5	39.4828712	73.5863118	4663.6
1409	1409	1.833	рюкзак-синий	13.0	23.5	порода-в-тени	0.309	15.3	0.0	-1.0	1.0	bbox	1408	347.4	347.4	347.4	19,171,14,22	369.4	39.4828708	73.5863153	4663.6
1410	1410	0.396	стакан-марка-красная	2.2	7.8	порода-охристая	1.511	42.0	10.0	-1.0	10.0	bbox	1409	7.0	7.0	7.0	967,605,8,20	368.8	39.4833010	73.5853334	4674.5
1411	1411	2.305	палка-ручка-пробка	18.4	5.1	корка-жёлтая-на-скале	1.433	70.6	-8.0	10.0	12.8	bbox	1410	409.5	402.5	409.5	7,49,6,16	368.5	39.4828743	73.5863188	4663.6
1412	1412	1.743	стакан-марка-красная	12.4	22.6	снег-освещённый	0.392	72.4	-1.0	-2.0	2.2	bbox	1411	86.1	86.1	86.1	817,417,10,14	368.4	39.4830242	73.5859808	4674.5
1413	1413	1.011	рюкзак-синий	7.1	13.7	снег-в-тени	0.211	52.5	0.0	-7.0	7.0	bbox	1412	153.2	151.2	157.2	577,657,12,22	368.4	39.4829339	73.5861790	4674.5
1414	1414	0.786	стакан-марка-красная	3.6	18.0	порода-охристая	1.661	31.8	13.0	-2.0	13.2	bbox	1413	341.4	340.4	341.4	65,407,8,14	368.4	39.4828690	73.5863158	4663.6
1415	1415	1.110	стакан-марка-красная	7.1	18.8	порода-охристая	0.476	31.0	10.0	8.0	12.8	bbox	1414	347.4	347.4	348.4	244,833,16,12	367.3	39.4828708	73.5863153	4663.6
1416	1416	1.604	палка-ручка-пробка	11.3	21.2	лишайник-жёлтый-на-камне	1.307	96.9	-3.0	15.0	15.3	bbox	1415	339.4	339.4	339.4	1881,227,8,14	367.2	39.4828684	73.5863161	4663.6
1417	1417	1.707	палка-ручка-контроль	10.8	29.4	корка-жёлтая-на-скале	0.753	28.2	2.0	16.0	16.1	bbox	1416	363.4	358.4	363.4	1267,81,17,9	367.0	39.4828723	73.5863154	4663.6
1418	1418	1.894	палка-ручка-пробка	12.0	32.2	корка-жёлтая-на-скале	0.424	43.5	-3.0	14.0	14.3	bbox	1417	331.4	331.4	331.4	1844,395,13,21	366.9	39.4828663	73.5863148	4663.6
1419	1419	2.334	палка-ручка-пробка	18.6	5.7	снег-освещённый	1.179	81.4	-6.0	8.0	10.0	bbox	1418	475.5	470.5	475.5	19,23,10,18	366.9	39.4828724	73.5863128	4663.6
1420	1420	0.808	рюкзак-синий	6.3	4.7	снег-в-тени	0.616	34.1	3.0	-8.0	8.5	bbox	1419	280.3	280.3	280.3	69,269,6,20	366.5	39.4828632	73.5863205	4674.4
1421	1421	2.000	стакан-марка-красная	14.8	21.6	снег-розовый	0.928	71.4	-2.0	8.0	8.2	bbox	1420	408.5	406.5	409.5	721,971,14,10	365.7	39.4828744	73.5863189	4663.6
1422	1422	1.537	палка-ручка-пробка	10.4	22.8	порода-охристая	0.688	52.9	8.0	13.0	15.3	bbox	1421	86.1	86.1	86.1	1195,893,14,18	365.3	39.4830242	73.5859808	4674.5
1423	1423	1.704	рюкзак-синий	13.3	9.8	порода-в-тени	0.308	29.0	-2.0	-1.0	2.2	bbox	1422	172.2	171.2	172.2	519,1049,10,14	365.3	39.4829298	73.5861776	4674.5
1424	1424	1.468	стакан-марка-красная	5.8	35.7	снег-розовый	0.944	85.5	8.0	6.0	10.0	bbox	1423	417.5	417.5	417.5	329,500,15,13	365.3	39.4828738	73.5863171	4663.6
1425	1425	1.311	стакан-марка-красная	10.2	8.6	порода-в-тени	0.831	41.2	1.0	-1.0	1.4	bbox	1424	481.5	481.5	481.5	1835,50,22,7	364.6	39.4828724	73.5863121	4663.6
1426	1426	1.941	стакан-марка-красная	13.9	24.3	порода-в-тени	1.146	25.5	-1.0	8.0	8.1	bbox	1425	350.4	350.4	350.4	127,801,15,18	364.5	39.4828708	73.5863154	4663.6
1427	1427	1.852	стакан-марка-красная	14.8	4.3	корка-жёлтая-на-скале	0.938	54.1	-2.0	8.0	8.2	bbox	1426	97.1	97.1	100.1	17,1009,18,8	364.3	39.4830221	73.5859756	4674.5
1428	1428	0.734	рюкзак-синий	5.8	2.4	снег-в-тени	0.567	41.2	4.0	-9.0	9.8	bbox	1427	353.4	353.4	353.4	1217,13,16,10	364.2	39.4828711	73.5863144	4663.6
1429	1429	0.912	стакан-марка-красная	7.2	3.9	порода-охристая	0.756	45.9	7.0	7.0	9.9	bbox	1428	321.4	316.4	323.4	402,274,13,13	364.1	39.4828682	73.5863153	4663.6
1430	1430	0.721	рюкзак-синий	3.2	16.9	снег-в-тени	0.849	55.7	4.0	-13.0	13.6	bbox	1429	447.5	447.5	447.5	161,847,13,10	363.7	39.4828747	73.5863144	4663.7
1431	1431	0.823	рюкзак-синий	6.4	5.3	снег-в-тени	0.651	44.1	5.0	-9.0	10.3	bbox	1430	378.4	378.4	378.4	579,279,14,10	363.6	39.4828773	73.5863208	4663.5
1432	1432	1.244	рюкзак-синий	7.3	23.7	снег-в-тени	0.556	62.5	-1.0	-7.0	7.1	bbox	1431	221.3	221.3	221.3	1233,13,24,11	362.6	39.4829280	73.5861755	4674.5
1433	1433	1.306	рюкзак-синий	9.2	17.2	снег-в-тени	1.370	21.6	8.0	-8.0	11.3	bbox	1432	249.3	240.3	256.3	757,869,12,11	362.6	39.4829249	73.5861773	4674.5
1434	1434	1.430	палка-ручка-пробка	11.4	3.3	лишайник-жёлтый-на-камне	0.799	72.4	-4.0	16.0	16.5	bbox	1433	9.0	9.0	9.0	1831,37,14,8	362.3	39.4833020	73.5853335	4674.5
1435	1435	0.564	палка-ручка-пробка	4.5	2.2	лишайник-жёлтый-на-камне	0.590	73.5	1.0	21.0	21.0	bbox	1434	93.1	93.1	93.1	1449,697,8,10	362.2	39.4830228	73.5859778	4674.5
1436	1436	1.661	палка-древко-контроль	12.0	20.0	снег-пересвеченный	1.151	61.6	-8.0	-3.0	8.5	bbox	1435	218.2	218.2	218.2	1681,1051,24,10	362.2	39.4829281	73.5861755	4674.5
1437	1437	1.950	палка-древко-контроль	15.5	5.1	порода-в-тени	1.143	46.7	-7.0	0.5	7.0	bbox	1436	238.3	237.3	245.3	1692,283,13,12	362.2	39.4829264	73.5861780	4674.5
1438	1438	1.333	палка-ручка-контроль	10.2	10.9	корка-жёлтая-на-скале	0.517	46.7	4.0	16.0	16.5	bbox	1437	73.1	73.1	73.1	789,945,8,18	362.0	39.4830257	73.5859792	4674.5
1439	1439	0.455	стакан-марка-красная	3.6	1.8	снег-розовый	1.252	51.6	8.0	-1.0	8.1	bbox	1438	330.4	330.4	330.4	679,597,15,12	361.6	39.4828666	73.5863150	4663.6
1440	1440	0.743	стакан-марка-красная	5.4	8.8	порода-охристая	0.987	58.6	9.0	6.0	10.8	bbox	1439	382.4	382.4	382.4	827,177,12,13	361.4	39.4828780	73.5863210	4663.5
1441	1441	1.771	палка-ручка-пробка	13.2	18.0	лишайник-жёлтый-на-камне	1.295	93.7	-0.5	11.0	11.0	bbox	1440	103.1	103.1	103.1	1862,905,17,10	361.2	39.4829786	73.5860749	4674.4
1442	1442	0.456	стакан-марка-красная	3.6	2.0	снег-розовый	1.247	51.8	8.0	-1.0	8.1	bbox	1441	395.4	392.4	400.5	516,596,11,13	361.0	39.4828751	73.5863186	4663.6
1443	1443	2.437	стакан-марка-красная	18.1	25.3	снег-освещённый	0.863	75.1	-7.0	3.0	7.6	bbox	1442	221.3	221.3	221.3	997,17,32,10	360.8	39.4829280	73.5861755	4674.5
1444	1444	1.291	палка-ручка-пробка	8.5	20.6	корка-жёлтая-на-скале	0.382	55.1	-1.0	17.0	17.0	bbox	1443	360.4	358.4	362.4	1341,283,18,8	360.1	39.4828723	73.5863145	4663.6
1445	1445	0.554	стакан-марка-красная	3.6	9.0	снег-в-тени	1.352	40.8	8.0	-1.0	8.1	bbox	1444	357.4	357.4	357.4	0,447,17,8	359.7	39.4828720	73.5863141	4663.6
1446	1446	1.622	палка-ручка-пробка	10.8	25.1	корка-жёлтая-на-скале	0.203	50.6	-1.0	14.0	14.0	bbox	1445	115.1	104.1	116.1	1817,833,8,16	359.4	39.4829339	73.5861794	4674.4
1447	1447	0.453	стакан-марка-красная	3.6	1.4	снег-в-тени	1.352	48.4	9.0	-2.0	9.2	bbox	1446	430.5	429.5	430.5	0,87,17,10	359.4	39.4828747	73.5863145	4663.6
1448	1448	1.736	стакан-марка-красная	13.6	9.8	корка-жёлтая-на-скале	0.860	59.6	0.0	9.0	9.0	bbox	1447	472.5	470.5	475.5	215,797,10,26	359.0	39.4828724	73.5863133	4663.6
1449	1449	1.957	стакан-марка-красная	11.0	38.8	порода-в-тени	0.437	11.0	0.0	0.0	0.0	bbox	1448	295.3	295.3	296.3	1777,601,16,12	358.9	39.4828645	73.5863196	4666.4
1450	1450	0.562	стакан-марка-красная	3.6	9.4	снег-в-тени	1.355	40.4	8.0	-1.0	8.1	bbox	1449	400.5	399.5	400.5	973,539,16,12	358.9	39.4828750	73.5863202	4663.6
1451	1451	1.312	стакан-марка-красная	2.5	35.7	порода-в-тени	1.355	14.1	8.5	1.0	8.6	bbox	1450	356.4	356.4	356.4	203,814,12,20	358.6	39.4828718	73.5863142	4663.6
1452	1452	1.295	рюкзак-синий	5.8	30.0	порода-в-тени	1.317	8.8	4.0	-9.0	9.8	bbox	1451	426.5	426.5	426.5	1009,853,10,12	358.6	39.4828741	73.5863152	4663.6
1453	1453	1.490	рюкзак-синий	5.0	37.9	снег-в-тени	1.263	76.7	5.0	-11.0	12.1	bbox	1452	304.3	288.3	304.3	49,631,8,13	358.4	39.4828671	73.5863202	4663.6
1454	1454	1.809	стакан-марка-красная	11.2	32.2	снег-освещённый	0.182	82.0	0.0	-1.0	1.0	bbox	1453	91.1	91.1	91.1	1524,452,11,19	358.2	39.4830230	73.5859789	4674.4
1455	1455	1.997	палка-ручка-пробка	15.7	11.2	снег-розовый	1.061	86.9	-2.0	9.0	9.2	bbox	1454	401.5	401.5	401.5	85,97,20,7	358.2	39.4828750	73.5863206	4663.6
1456	1456	2.021	палка-древко-контроль	14.1	27.4	снег-освещённый	0.764	69.0	-6.0	-1.0	6.1	bbox	1455	217.2	217.2	217.2	1503,21,18,12	358.1	39.4829282	73.5861758	4674.5
1457	1457	0.560	рюкзак-синий	4.5	1.0	снег-в-тени	0.876	37.8	5.0	-12.0	13.0	bbox	1456	380.4	380.4	384.4	0,589,7,20	357.4	39.4828778	73.5863211	4663.6
1458	1458	2.548	крышка-контроль	19.8	16.2	снег-освещённый	1.480	58.6	-9.0	6.0	10.8	bbox	1457	214.2	211.2	214.2	490,27,13,14	357.3	39.4829282	73.5861765	4674.5
1459	1459	0.834	стакан-марка-красная	4.2	18.0	порода-в-тени	1.320	31.8	8.0	-2.0	8.2	bbox	1458	405.5	405.5	409.5	847,320,11,19	357.3	39.4828744	73.5863199	4663.6
1460	1460	1.314	рюкзак-синий	9.4	16.3	снег-в-тени	1.447	22.5	9.0	-9.0	12.7	bbox	1459	416.5	415.5	416.5	1043,541,14,10	357.2	39.4828738	73.5863174	4663.6
1461	1461	0.812	стакан-марка-красная	4.5	16.5	снег-розовый	0.834	66.3	7.0	-1.0	7.1	bbox	1460	6.0	6.0	6.0	131,1017,14,14	357.0	39.4833003	73.5853336	4674.5
1462	1462	2.462	палка-древко-контроль	15.0	44.7	снег-пересвеченный	0.644	86.3	-8.0	0.0	8.0	bbox	1461	211.2	211.2	211.2	1585,89,22,16	356.6	39.4829277	73.5861766	4674.5
1463	1463	0.986	рюкзак-синий	7.3	10.6	снег-в-тени	0.399	49.4	3.0	-7.0	7.6	bbox	1462	350.4	350.4	354.4	1155,187,14,14	356.5	39.4828708	73.5863154	4663.6
1464	1464	2.493	палка-древко-контроль	15.0	45.9	снег-пересвеченный	0.542	87.5	-7.0	0.0	7.0	bbox	1463	226.3	224.3	226.3	1473,53,32,12	356.0	39.4829276	73.5861772	4674.4
1465	1465	1.643	стакан-марка-красная	12.0	18.4	снег-в-тени	2.446	31.4	19.0	-8.0	20.6	bbox	1464	20.0	20.0	20.0	729,1027,8,14	355.7	39.4833066	73.5853337	4674.5
1466	1466	1.849	стакан-марка-красная	14.8	3.1	корка-жёлтая-на-скале	0.911	46.7	-2.0	8.0	8.2	bbox	1465	102.1	102.1	104.1	1699,1061,14,19	355.7	39.4829976	73.5860313	4674.4
1467	1467	1.735	стакан-марка-красная	12.2	23.1	корка-жёлтая-на-скале	1.162	26.7	1.0	8.0	8.1	bbox	1466	51.1	41.0	51.1	1351,737,13,17	355.4	39.4830258	73.5859854	4674.4
1468	1468	0.519	стакан-марка-красная	3.2	9.4	снег-в-тени	1.482	40.4	10.0	-2.0	10.2	bbox	1467	427.5	427.5	428.5	801,0,18,7	355.3	39.4828742	73.5863152	4663.6
1469	1469	0.837	рюкзак-синий	4.1	18.5	снег-в-тени	0.420	57.3	0.0	-10.0	10.0	bbox	1468	129.1	127.1	130.1	201,489,10,24	355.1	39.4829335	73.5861809	4674.5
1470	1470	1.413	палка-ручка-пробка	10.0	18.4	лишайник-жёлтый-на-камне	1.117	94.1	-1.0	15.0	15.0	bbox	1469	387.4	387.4	391.4	1075,0,12,7	355.1	39.4828775	73.5863194	4663.6
1471	1471	1.280	рюкзак-синий	10.0	6.8	порода-в-тени	0.611	32.0	0.0	-4.0	4.0	bbox	1470	315.4	310.4	315.4	1673,19,24,14	355.0	39.4828677	73.5863178	4663.6
1472	1472	1.343	рюкзак-синий	10.6	6.3	снег-в-тени	0.597	45.1	-2.5	-4.0	4.7	bbox	1471	260.3	253.3	260.3	1737,147,16,14	354.6	39.4828927	73.5862489	4674.5
1473	1473	0.928	палка-ручка-пробка	6.1	14.9	лишайник-жёлтый-на-камне	0.301	60.8	4.0	17.0	17.5	bbox	1472	103.1	103.1	103.1	787,863,13,18	354.4	39.4829786	73.5860749	4674.4
1474	1474	0.998	стакан-марка-красная	4.1	23.9	порода-в-тени	1.533	25.9	10.0	-3.0	10.4	bbox	1473	449.5	449.5	449.5	215,129,11,20	354.4	39.4828744	73.5863139	4663.6
1475	1475	1.676	стакан-марка-красная	12.2	19.4	корка-жёлтая-на-скале	1.081	30.4	1.0	8.0	8.1	bbox	1474	35.0	33.0	40.0	1201,627,8,14	354.1	39.4832920	73.5853743	4674.5
1476	1476	0.619	стакан-марка-красная	4.5	7.5	снег-розовый	1.029	57.3	7.0	-1.0	7.1	bbox	1475	461.5	460.5	462.5	1709,585,16,20	354.0	39.4828733	73.5863128	4663.6
1477	1477	1.587	палка-ручка-контроль	12.0	14.1	корка-жёлтая-на-скале	0.655	43.5	5.0	14.0	14.9	bbox	1476	105.1	105.1	111.1	1403,1019,16,12	353.1	39.4829374	73.5861688	4674.5
1478	1478	1.050	палка-ручка-пробка	8.1	8.2	лишайник-жёлтый-на-камне	0.681	83.9	1.0	16.0	16.0	bbox	1477	92.1	91.1	92.1	785,453,8,14	352.7	39.4830227	73.5859783	4674.4
1479	1479	0.642	рюкзак-синий	5.1	2.2	снег-в-тени	0.371	41.0	2.0	-9.0	9.2	bbox	1478	222.3	221.3	225.3	736,111,27,18	352.4	39.4829277	73.5861756	4674.5
1480	1480	2.598	крышка-бирюзовая	20.5	11.6	снег-освещённый	1.524	65.7	-10.0	7.0	12.2	bbox	1479	221.3	221.3	221.3	929,9,24,8	352.3	39.4829280	73.5861755	4674.5
1481	1481	2.073	стакан-марка-красная	15.7	19.2	снег-розовый	1.023	69.0	-3.0	8.0	8.5	bbox	1480	484.6	484.6	484.6	1681,409,16,8	352.3	39.4828712	73.5863118	4663.6
1482	1482	0.907	рюкзак-синий	5.4	17.0	снег-в-тени	1.010	21.8	3.0	-9.0	9.5	bbox	1481	239.3	238.3	243.3	1449,209,28,4	352.0	39.4829260	73.5861777	4674.4
1483	1483	1.339	палка-ручка-пробка	10.6	4.5	лишайник-жёлтый-на-камне	0.595	71.2	-2.0	15.0	15.1	bbox	1482	339.4	339.4	339.4	1301,11,14,14	351.7	39.4828684	73.5863161	4663.6
1484	1484	1.126	рюкзак-синий	8.9	3.7	снег-в-тени	0.699	42.5	5.0	-6.0	7.8	bbox	1483	407.5	403.5	407.5	311,17,12,16	351.6	39.4828745	73.5863192	4663.6
1485	1485	0.508	стакан-марка-красная	1.4	13.3	порода-охристая	1.382	36.5	12.0	0.0	12.0	bbox	1484	456.5	452.5	456.5	1523,9,14,10	351.6	39.4828744	73.5863132	4663.6
1486	1486	1.067	палка-ручка-пробка	8.1	9.8	лишайник-жёлтый-на-камне	0.177	65.9	1.0	16.0	16.0	bbox	1485	482.5	482.5	482.5	1508,687,13,10	351.0	39.4828722	73.5863119	4663.6
1487	1487	1.300	рюкзак-синий	7.1	26.7	снег-в-тени	0.644	65.5	0.0	-7.0	7.0	bbox	1486	130.1	127.1	138.2	547,343,20,20	350.7	39.4829332	73.5861805	4674.5
1488	1488	0.843	рюкзак-синий	6.7	2.3	снег-в-тени	0.643	36.5	4.0	-8.0	8.9	bbox	1487	427.5	427.5	427.5	1244,989,13,11	350.7	39.4828742	73.5863152	4663.6
1489	1489	2.003	стакан-марка-красная	11.0	40.8	порода-в-тени	0.539	9.0	0.0	1.0	1.0	bbox	1488	106.1	106.1	110.1	422,343,25,15	350.6	39.4829340	73.5861771	4674.5
1490	1490	1.126	стакан-марка-красная	7.6	16.9	снег-в-тени	1.159	32.9	8.0	-6.0	10.0	bbox	1489	411.5	409.5	414.5	1221,803,11,14	350.6	39.4828741	73.5863187	4663.6
1491	1491	1.481	стакан-марка-красная	5.8	36.1	снег-розовый	0.949	85.9	8.0	6.0	10.0	bbox	1490	436.5	433.5	436.5	1899,994,12,13	350.6	39.4828750	73.5863138	4663.6
1492	1492	1.819	рюкзак-синий	13.3	20.4	порода-в-тени	0.070	18.4	-2.0	-1.0	2.2	bbox	1491	334.4	334.4	334.4	1909,257,8,17	350.2	39.4828663	73.5863157	4663.6
1493	1493	1.225	палка-ручка-пробка	8.6	16.5	лишайник-жёлтый-на-камне	0.992	92.2	0.0	16.0	16.0	bbox	1492	335.4	335.4	335.4	1313,563,12,14	349.9	39.4828665	73.5863161	4663.6
1494	1494	0.560	рюкзак-синий	4.0	7.1	снег-в-тени	0.288	45.9	1.0	-10.0	10.0	bbox	1493	379.4	379.4	381.4	1413,319,18,8	349.9	39.4828777	73.5863208	4663.6
1495	1495	1.879	палка-древко-контроль	15.0	3.3	порода-в-тени	1.159	44.9	-8.0	0.0	8.0	bbox	1494	234.3	234.3	234.3	481,1067,26,13	349.6	39.4829269	73.5861779	4674.5
1496	1496	0.406	стакан-марка-красная	3.2	2.6	снег-розовый	1.173	52.4	8.0	2.0	8.2	bbox	1495	56.1	56.1	58.1	721,881,16,8	348.9	39.4830260	73.5859843	4674.4
1497	1497	1.339	стакан-марка-красная	10.0	12.9	порода-охристая	0.137	36.9	10.0	11.0	14.9	bbox	1496	419.5	419.5	420.5	1489,565,15,16	348.9	39.4828739	73.5863164	4663.6
1498	1498	1.589	рюкзак-синий	6.0	39.2	снег-пересвеченный	0.991	78.0	1.0	-8.0	8.1	bbox	1497	294.3	294.3	294.3	49,897,6,34	348.6	39.4828644	73.5863198	4667.5
1499	1499	1.263	рюкзак-синий	9.1	15.7	порода-в-тени	0.568	23.1	0.0	-5.0	5.0	bbox	1498	220.3	220.3	220.3	737,389,20,32	348.5	39.4829280	73.5861753	4674.4
1500	1500	1.456	стакан-марка-красная	5.8	35.3	снег-розовый	0.940	85.1	8.0	6.0	10.0	bbox	1499	428.5	428.5	428.5	1206,216,27,9	348.0	39.4828744	73.5863151	4663.6
1501	1501	0.635	стакан-марка-красная	5.0	3.1	снег-в-тени	1.153	46.7	7.0	-2.0	7.3	bbox	1500	423.5	421.5	423.5	1465,207,10,10	347.9	39.4828740	73.5863158	4663.6
1502	1502	1.947	стакан-марка-красная	13.5	27.4	корка-жёлтая-на-скале	1.067	22.4	2.0	11.0	11.2	bbox	1501	355.4	355.4	355.4	135,73,12,24	347.5	39.4828718	73.5863142	4663.6
1503	1503	2.018	стакан-марка-красная	13.0	33.3	порода-в-тени	1.161	16.5	0.0	8.0	8.0	bbox	1502	281.3	281.3	281.3	481,916,3,37	347.2	39.4828632	73.5863204	4674.5
1504	1504	1.045	рюкзак-синий	8.1	6.6	снег-в-тени	0.986	32.2	6.5	-8.0	10.3	bbox	1503	403.5	403.5	406.5	165,323,12,12	347.0	39.4828749	73.5863207	4663.6
1505	1505	1.105	рюкзак-синий	7.6	15.7	снег-в-тени	0.568	54.5	4.0	-7.0	8.1	bbox	1504	450.5	450.5	457.5	937,571,8,18	346.9	39.4828742	73.5863138	4663.6
1506	1506	1.193	палка-ручка-пробка	9.4	5.1	лишайник-жёлтый-на-камне	0.398	70.6	0.0	15.0	15.0	bbox	1505	7.0	7.0	7.0	199,679,24,10	346.8	39.4833010	73.5853334	4674.5
1507	1507	1.758	палка-древко-контроль	13.2	17.4	снег-освещённый	1.029	59.0	-6.0	-2.0	6.3	bbox	1506	234.3	233.3	234.3	1355,1011,24,14	346.5	39.4829269	73.5861779	4674.5
1508	1508	0.565	стакан-марка-красная	4.1	6.5	снег-в-тени	1.338	43.3	7.0	0.0	7.0	bbox	1507	478.5	478.5	478.5	751,241,18,12	345.9	39.4828724	73.5863119	4663.6
1509	1509	1.050	рюкзак-синий	8.0	9.0	снег-в-тени	0.701	29.8	1.0	-6.0	6.1	bbox	1508	48.1	37.0	51.1	1889,893,16,28	345.3	39.4830263	73.5859844	4674.4
1510	1510	1.240	палка-ручка-пробка	8.6	17.3	лишайник-жёлтый-на-камне	0.377	58.4	0.0	16.0	16.0	bbox	1509	282.3	282.3	282.3	32,553,13,16	345.3	39.4828632	73.5863204	4674.5
1511	1511	1.380	стакан-марка-красная	10.3	13.9	снег-в-тени	0.797	63.7	2.0	-4.0	4.5	bbox	1510	428.5	428.5	428.5	17,865,16,16	345.3	39.4828744	73.5863151	4663.6
1512	1512	1.238	палка-ручка-пробка	9.4	10.6	лишайник-жёлтый-на-камне	0.822	86.3	0.0	15.0	15.0	bbox	1511	53.1	53.1	56.1	1509,915,12,14	345.1	39.4830259	73.5859849	4674.5
1513	1513	1.160	палка-ручка-пробка	8.1	16.1	лишайник-жёлтый-на-камне	0.275	59.6	1.0	16.0	16.0	bbox	1512	4.0	4.0	5.0	1041,1013,10,12	344.8	39.4832992	73.5853335	4674.5
1514	1514	0.465	рюкзак-синий	3.2	6.8	снег-в-тени	0.723	32.0	2.0	-11.0	11.2	bbox	1513	379.4	379.4	379.4	87,491,6,32	344.0	39.4828777	73.5863208	4663.6
1515	1515	0.472	стакан-марка-красная	3.6	3.9	снег-в-тени	1.331	45.9	8.0	-1.0	8.1	bbox	1514	378.4	378.4	378.4	169,1037,8,20	343.7	39.4828773	73.5863208	4663.5
1516	1516	0.477	стакан-марка-красная	3.2	7.5	снег-розовый	1.333	57.3	10.0	-2.0	10.2	bbox	1515	454.5	452.5	454.5	1732,3,13,14	343.7	39.4828743	73.5863138	4663.6
1517	1517	1.500	рюкзак-синий	11.2	15.3	порода-в-тени	0.301	23.5	-1.0	-3.0	3.2	bbox	1516	177.2	169.2	178.2	850,972,13,9	343.3	39.4829307	73.5861780	4674.5
1518	1518	1.036	рюкзак-синий	6.4	18.4	снег-в-тени	1.168	20.4	5.0	-9.0	10.3	bbox	1517	427.5	427.5	428.5	188,233,11,12	343.2	39.4828742	73.5863152	4663.6
1519	1519	1.764	рюкзак-синий	10.8	31.7	порода-в-тени	1.320	7.1	7.0	-5.0	8.6	bbox	1518	248.3	246.3	251.3	1510,21,21,12	342.1	39.4829252	73.5861773	4674.5
1520	1520	1.872	стакан-марка-красная	13.9	19.6	корка-жёлтая-на-скале	1.085	30.2	-1.0	8.0	8.1	bbox	1519	483.5	483.5	483.5	949,161,12,14	342.1	39.4828716	73.5863117	4663.6
1521	1521	0.592	стакан-марка-красная	4.5	5.5	снег-в-тени	1.244	44.3	7.0	-1.0	7.1	bbox	1520	478.5	476.5	478.5	683,241,12,16	342.0	39.4828724	73.5863119	4663.6
1522	1522	1.174	палка-ручка-пробка	9.2	6.3	лишайник-жёлтый-на-камне	0.419	69.4	-1.0	16.0	16.0	bbox	1521	364.4	358.4	364.4	1351,69,15,8	341.9	39.4828728	73.5863161	4663.6
1523	1523	0.464	стакан-марка-красная	3.6	3.1	снег-в-тени	1.329	46.7	8.0	-1.0	8.1	bbox	1522	437.5	437.5	439.5	705,0,20,9	341.7	39.4828751	73.5863136	4663.6
1524	1524	0.662	рюкзак-синий	2.1	17.1	снег-в-тени	0.581	55.9	0.5	-12.0	12.0	bbox	1523	251.3	248.3	251.3	1440,341,17,10	341.4	39.4829248	73.5861773	4674.5
1525	1525	1.563	стакан-марка-красная	7.6	34.7	снег-розовый	1.089	84.5	8.0	8.0	11.3	bbox	1524	420.5	420.5	423.5	1863,1046,10,13	341.4	39.4828740	73.5863161	4663.6
1526	1526	1.923	стакан-марка-красная	13.9	23.1	порода-в-тени	1.154	26.7	-1.0	8.0	8.1	bbox	1525	15.0	15.0	15.0	1717,273,17,11	341.3	39.4833044	73.5853333	4674.5
1527	1527	1.991	стакан-марка-красная	12.4	35.1	снег-освещённый	0.290	84.9	-1.0	-2.0	2.2	bbox	1526	103.1	103.1	103.1	103,279,26,6	341.0	39.4829786	73.5860749	4674.4
1528	1528	1.282	рюкзак-синий	9.2	15.7	снег-в-тени	0.462	54.5	-1.0	-5.0	5.1	bbox	1527	152.2	151.2	155.2	541,886,12,35	339.9	39.4829339	73.5861791	4674.4
1529	1529	0.978	стакан-марка-красная	3.6	24.3	порода-в-тени	1.263	25.5	8.0	-1.0	8.1	bbox	1528	343.4	343.4	343.4	135,265,10,13	339.8	39.4828696	73.5863155	4663.6
1530	1530	0.922	стакан-марка-красная	3.2	23.3	порода-охристая	1.260	26.5	8.0	2.0	8.2	bbox	1529	75.1	75.1	77.1	1552,19,17,8	339.7	39.4830249	73.5859790	4674.5
1531	1531	0.644	рюкзак-синий	5.1	2.6	снег-в-тени	0.362	41.4	2.0	-9.0	9.2	bbox	1530	426.5	426.5	426.5	775,785,10,10	339.7	39.4828741	73.5863152	4663.6
1532	1532	0.993	рюкзак-синий	7.6	7.9	снег-в-тени	0.517	46.7	4.0	-7.0	8.1	bbox	1531	14.0	14.0	14.0	617,337,10,20	339.6	39.4833041	73.5853333	4674.6
1533	1533	1.135	стакан-марка-красная	8.5	10.8	порода-охристая	0.451	39.0	8.0	9.0	12.0	bbox	1532	88.1	88.1	88.1	93,665,12,9	339.3	39.4830239	73.5859802	4674.4
1534	1534	1.000	палка-ручка-пробка	7.8	6.1	лишайник-жёлтый-на-камне	0.632	81.8	0.0	17.0	17.0	bbox	1533	418.5	418.5	418.5	127,91,18,6	339.2	39.4828738	73.5863166	4663.6
1535	1535	1.030	стакан-марка-красная	7.6	11.0	порода-охристая	0.531	38.8	8.0	8.0	11.3	bbox	1534	457.5	457.5	457.5	1347,49,14,9	338.8	39.4828743	73.5863131	4663.6
1536	1536	2.656	крышка-бирюзовая	19.8	26.7	снег-освещённый	1.063	80.8	-8.5	4.0	9.4	bbox	1535	221.3	221.3	221.3	801,9,24,10	338.6	39.4829280	73.5861755	4674.5
1537	1537	0.791	рюкзак-синий	4.5	15.7	снег-в-тени	0.989	23.1	3.0	-10.0	10.4	bbox	1536	264.3	263.3	269.3	1095,0,10,17	338.6	39.4828608	73.5863211	4674.4
1538	1538	1.771	палка-ручка-пробка	11.4	29.4	корка-жёлтая-на-скале	0.285	46.3	-2.0	14.0	14.1	bbox	1537	296.3	290.3	299.3	1473,477,14,10	338.6	39.4828649	73.5863196	4665.3
1539	1539	1.240	рюкзак-синий	6.1	27.4	порода-в-тени	0.965	11.4	0.0	-8.0	8.0	bbox	1538	146.2	146.2	148.2	409,155,22,6	338.3	39.4829347	73.5861789	4674.4
1540	1540	1.101	рюкзак-синий	7.6	15.5	снег-в-тени	1.014	23.3	4.0	-7.0	8.1	bbox	1539	117.1	114.1	119.1	243,761,6,24	338.2	39.4829341	73.5861798	4674.5
1541	1541	1.621	стакан-марка-красная	12.6	10.0	порода-охристая	0.561	39.8	7.0	13.0	14.8	bbox	1540	348.4	348.4	348.4	1831,10,14,11	338.1	39.4828708	73.5863153	4663.6
1542	1542	0.977	рюкзак-синий	7.8	0.6	снег-в-тени	0.933	39.4	7.0	-9.0	11.4	bbox	1541	415.5	410.5	415.5	1095,441,14,12	338.1	39.4828738	73.5863178	4663.6
1543	1543	0.588	стакан-марка-красная	2.8	13.1	снег-розовый	1.086	62.9	9.0	-1.0	9.1	bbox	1542	450.5	450.5	450.5	1083,138,20,7	338.1	39.4828742	73.5863138	4663.6
1544	1544	0.683	рюкзак-синий	5.4	3.2	снег-в-тени	0.273	42.0	-1.0	-9.0	9.1	bbox	1543	2.0	2.0	2.0	97,923,16,6	337.6	39.4832974	73.5853335	4674.5
1545	1545	1.070	стакан-марка-красная	3.2	27.8	снег-розовый	0.750	77.6	8.0	2.0	8.2	bbox	1544	424.5	424.5	424.5	293,1044,11,9	337.5	39.4828740	73.5863154	4663.6
1546	1546	2.484	стакан-марка-красная	19.6	10.4	снег-освещённый	1.367	60.2	-8.0	6.0	10.0	bbox	1545	228.3	228.3	228.3	909,101,31,6	337.4	39.4829275	73.5861774	4674.5
1547	1547	2.308	палка-древко-контроль	16.5	28.8	снег-освещённый	0.858	70.4	-7.0	1.5	7.2	bbox	1546	261.3	259.3	265.3	1077,8,26,6	337.3	39.4828831	73.5862708	4674.5
1548	1548	1.191	рюкзак-синий	6.4	24.7	порода-в-тени	1.348	14.1	5.0	-9.0	10.3	bbox	1547	427.5	427.5	427.5	399,871,10,14	337.3	39.4828742	73.5863152	4663.6
1549	1549	0.625	стакан-марка-красная	5.0	0.4	снег-в-тени	1.181	49.4	8.0	-3.0	8.5	bbox	1548	421.5	421.5	421.5	270,152,18,9	337.0	39.4828739	73.5863160	4663.6
1550	1550	2.044	стакан-марка-красная	11.2	41.8	снег-освещённый	0.423	91.6	0.0	-1.0	1.0	bbox	1549	104.1	104.1	104.1	63,258,25,12	336.8	39.4829563	73.5861264	4674.4
1551	1551	1.651	рюкзак-синий	9.5	32.2	снег-освещённый	0.727	71.0	-2.0	-5.0	5.4	bbox	1550	154.2	151.2	157.2	635,769,12,34	336.4	39.4829336	73.5861791	4674.5
1552	1552	1.797	палка-древко-контроль	14.1	9.0	снег-в-тени	1.157	50.6	-6.0	-1.0	6.1	bbox	1551	236.3	236.3	236.3	543,1021,12,20	336.3	39.4829264	73.5861783	4674.5
1553	1553	1.669	рюкзак-синий	13.3	1.5	порода-в-тени	0.602	37.3	-2.0	-1.0	2.2	bbox	1552	57.1	57.1	57.1	1905,34,12,15	335.5	39.4830260	73.5859845	4674.5
1554	1554	1.257	стакан-марка-красная	8.9	16.1	порода-охристая	0.583	33.7	15.0	9.0	17.5	bbox	1553	395.4	395.4	399.5	911,857,15,10	335.4	39.4828751	73.5863186	4663.6
1555	1555	1.160	рюкзак-синий	8.2	14.9	снег-в-тени	0.351	53.7	-1.0	-6.0	6.1	bbox	1554	152.2	150.2	155.2	507,591,18,22	334.6	39.4829339	73.5861791	4674.4
1556	1556	0.835	рюкзак-синий	6.1	9.6	снег-в-тени	0.251	48.4	2.0	-8.0	8.2	bbox	1555	308.4	306.3	308.4	1737,63,11,14	334.5	39.4828675	73.5863205	4663.6
1557	1557	0.843	рюкзак-синий	6.1	10.2	снег-в-тени	0.685	28.6	0.0	-8.0	8.0	bbox	1556	154.2	154.2	155.2	1616,3,25,5	334.3	39.4829336	73.5861791	4674.5
1558	1558	0.716	рюкзак-синий	5.4	6.8	снег-в-тени	0.593	32.0	-1.0	-9.0	9.1	bbox	1557	248.3	248.3	248.3	831,721,10,20	334.2	39.4829252	73.5861773	4674.5
1559	1559	1.733	палка-ручка-контроль	12.8	18.6	корка-жёлтая-на-скале	0.420	39.0	-2.0	16.0	16.1	bbox	1558	335.4	335.4	335.4	1895,793,10,14	334.1	39.4828665	73.5863161	4663.6
1560	1560	1.312	рюкзак-синий	7.3	26.4	порода-в-тени	1.018	12.4	3.0	-7.0	7.6	bbox	1559	418.5	418.5	418.5	841,553,20,14	333.9	39.4828738	73.5863166	4663.6
1561	1561	1.722	рюкзак-синий	5.0	44.9	снег-пересвеченный	1.007	83.7	1.0	-9.0	9.1	bbox	1560	305.3	304.3	305.3	73,207,12,18	333.8	39.4828671	73.5863204	4663.6
1562	1562	0.818	рюкзак-синий	6.4	4.7	снег-в-тени	0.655	43.5	5.0	-9.0	10.3	bbox	1561	416.5	416.5	416.5	427,67,12,11	333.7	39.4828738	73.5863174	4663.6
1563	1563	0.577	рюкзак-синий	2.8	12.8	снег-в-тени	0.639	51.6	3.0	-12.0	12.4	bbox	1562	446.5	446.5	446.5	417,215,18,8	333.5	39.4828750	73.5863145	4663.6
1564	1564	0.400	стакан-марка-красная	3.0	3.9	снег-в-тени	1.568	45.9	11.0	-2.0	11.2	bbox	1563	461.5	461.5	461.5	1911,0,9,15	333.1	39.4828733	73.5863128	4663.6
1565	1565	0.497	рюкзак-синий	3.2	8.3	снег-в-тени	0.577	47.1	3.0	-11.5	11.9	bbox	1564	211.2	210.2	214.2	1537,251,31,10	332.4	39.4829277	73.5861766	4674.5
1566	1566	2.035	палка-древко-контроль	16.0	10.6	снег-освещённый	1.352	52.2	-8.0	1.0	8.1	bbox	1565	262.3	262.3	262.3	1887,1033,10,24	332.3	39.4828735	73.5862925	4674.5
1567	1567	1.491	стакан-марка-красная	10.4	20.2	порода-охристая	0.489	29.6	14.0	11.0	17.8	bbox	1566	339.4	339.4	339.4	328,713,11,18	332.2	39.4828684	73.5863161	4663.6
1568	1568	1.264	рюкзак-синий	10.0	3.9	снег-в-тени	0.532	42.7	0.0	-4.0	4.0	bbox	1567	169.2	164.2	169.2	3,367,16,16	332.0	39.4829305	73.5861789	4674.5
1569	1569	1.917	стакан-марка-красная	14.8	14.5	снег-розовый	1.019	64.3	-2.0	8.0	8.2	bbox	1568	116.1	115.1	116.1	1723,1062,14,14	331.8	39.4829340	73.5861796	4674.5
1570	1570	0.635	рюкзак-синий	3.2	13.9	снег-в-тени	1.144	24.9	4.0	-13.0	13.6	bbox	1569	45.1	43.0	46.1	1869,795,4,22	331.1	39.4830654	73.5858939	4674.4
1571	1571	1.049	палка-ручка-пробка	8.2	5.5	лишайник-жёлтый-на-камне	0.326	70.2	3.0	15.0	15.3	bbox	1570	93.1	93.1	93.1	445,417,14,10	331.0	39.4830228	73.5859778	4674.5
1572	1572	1.220	рюкзак-синий	3.6	31.7	снег-в-тени	1.618	7.1	4.0	-12.0	12.6	bbox	1571	449.5	449.5	449.5	1171,849,10,16	331.0	39.4828744	73.5863139	4663.6
1573	1573	2.085	палка-ручка-пробка	15.8	18.6	снег-розовый	0.991	94.3	0.0	8.0	8.0	bbox	1572	470.5	470.5	470.5	1543,971,13,16	330.8	39.4828727	73.5863137	4663.6
1574	1574	1.060	стакан-марка-красная	2.2	28.6	порода-в-тени	1.500	21.2	10.0	-1.0	10.0	bbox	1573	331.4	331.4	331.4	49,634,13,15	330.0	39.4828663	73.5863148	4663.6
1575	1575	1.659	палка-ручка-пробка	12.2	18.2	корка-жёлтая-на-скале	0.725	57.5	-5.0	16.0	16.8	bbox	1574	75.1	75.1	75.1	7,65,10,13	329.7	39.4830249	73.5859790	4674.5
1576	1576	2.519	стакан-марка-красная	19.2	21.0	снег-освещённый	1.069	70.8	-8.0	4.0	8.9	bbox	1575	227.3	225.3	227.3	285,129,14,22	329.6	39.4829276	73.5861773	4674.5
1577	1577	0.855	стакан-марка-красная	6.7	4.7	порода-охристая	0.669	45.1	8.0	7.0	10.6	bbox	1576	451.5	451.5	452.5	1415,161,16,14	329.3	39.4828742	73.5863140	4663.6
1578	1578	1.169	стакан-марка-красная	8.5	13.3	порода-охристая	0.456	36.5	8.0	9.0	12.0	bbox	1577	319.4	316.4	319.4	57,769,6,14	329.1	39.4828678	73.5863157	4663.6
1579	1579	0.360	стакан-марка-красная	2.8	2.0	снег-в-тени	1.425	47.8	9.0	-1.0	9.1	bbox	1578	460.5	460.5	460.5	785,65,20,6	329.1	39.4828733	73.5863127	4663.6
1580	1580	1.707	палка-древко-контроль	12.2	21.7	снег-освещённый	0.959	63.3	-6.0	-3.0	6.7	bbox	1579	217.2	217.2	220.3	1409,119,16,20	328.8	39.4829282	73.5861758	4674.5
1581	1581	0.645	стакан-марка-красная	2.8	15.1	порода-в-тени	1.467	34.7	9.0	-1.0	9.1	bbox	1580	341.4	340.4	341.4	75,453,11,12	328.7	39.4828690	73.5863158	4663.6
1582	1582	1.601	рюкзак-синий	12.6	7.1	снег-в-тени	0.841	45.9	-3.0	-2.0	3.6	bbox	1581	202.2	200.2	202.2	1417,0,19,5	327.7	39.4829293	73.5861792	4674.4
1583	1583	1.489	рюкзак-синий	7.2	33.3	порода-в-тени	1.078	5.5	2.5	-7.0	7.4	bbox	1582	377.4	377.4	377.4	981,309,12,12	327.6	39.4828768	73.5863203	4663.5
1584	1584	1.503	стакан-марка-красная	9.0	27.8	снег-освещённый	0.761	77.6	3.5	-4.0	5.3	bbox	1583	229.3	229.3	229.3	629,1037,32,6	327.3	39.4829274	73.5861775	4674.5
1585	1585	1.739	стакан-марка-красная	12.5	21.2	порода-в-тени	1.072	28.6	0.0	7.0	7.0	bbox	1584	211.2	211.2	211.2	871,425,14,8	326.4	39.4829277	73.5861766	4674.5
1586	1586	1.397	стакан-марка-красная	10.0	17.4	порода-охристая	0.216	32.4	11.0	11.0	15.6	bbox	1585	348.4	343.4	348.4	641,765,12,12	326.4	39.4828708	73.5863153	4663.6
1587	1587	0.953	стакан-марка-красная	3.6	23.5	порода-в-тени	1.267	26.3	8.0	-1.0	8.1	bbox	1586	388.4	386.4	388.4	0,305,7,16	326.2	39.4828771	73.5863188	4663.6
1588	1588	1.594	палка-ручка-пробка	12.2	13.0	корка-жёлтая-на-скале	0.640	62.7	-2.0	13.0	13.2	bbox	1587	445.5	445.5	445.5	1193,605,16,8	326.0	39.4828750	73.5863144	4663.6
1589	1589	1.482	рюкзак-синий	7.1	33.3	снег-в-тени	2.012	5.5	8.0	-15.0	17.0	bbox	1588	20.0	20.0	20.0	497,1067,13,13	325.9	39.4833066	73.5853337	4674.5
1590	1590	0.898	стакан-марка-красная	5.0	18.0	порода-в-тени	1.202	31.8	7.0	-2.0	7.3	bbox	1589	478.5	476.5	478.5	475,169,22,10	325.6	39.4828724	73.5863119	4663.6
1591	1591	1.008	стакан-марка-красная	4.9	22.4	снег-розовый	0.997	72.2	9.0	5.5	10.5	bbox	1590	461.5	461.5	461.5	1111,769,18,10	325.2	39.4828733	73.5863128	4663.6
1592	1592	0.896	стакан-марка-красная	6.7	8.8	порода-охристая	0.955	58.6	8.0	7.0	10.6	bbox	1591	469.5	469.5	469.5	657,707,10,10	325.0	39.4828727	73.5863138	4663.6
1593	1593	1.834	рюкзак-синий	13.4	20.8	порода-в-тени	0.404	18.0	-5.0	-2.0	5.4	bbox	1592	229.3	229.3	229.3	1405,1047,31,22	324.2	39.4829274	73.5861775	4674.5
1594	1594	0.902	рюкзак-синий	7.0	6.1	снег-в-тени	0.205	44.9	1.0	-7.0	7.1	bbox	1593	40.0	32.0	40.0	1823,85,18,16	323.8	39.4831813	73.5856288	4674.5
1595	1595	0.343	стакан-марка-красная	2.5	3.9	снег-розовый	1.261	53.7	9.0	-0.5	9.0	bbox	1594	435.5	435.5	435.5	1658,331,22,6	322.8	39.4828751	73.5863141	4663.6
1596	1596	1.336	палка-ручка-пробка	9.9	14.1	лишайник-жёлтый-на-камне	0.534	61.6	-2.0	16.0	16.1	bbox	1595	286.3	286.3	286.3	813,153,10,20	322.6	39.4828641	73.5863197	4674.4
1597	1597	1.512	стакан-марка-красная	11.4	14.1	порода-охристая	0.407	35.7	8.0	12.0	14.4	bbox	1596	84.1	84.1	84.1	587,993,16,8	322.1	39.4830248	73.5859810	4674.4
1598	1598	1.168	рюкзак-синий	9.2	5.3	снег-в-тени	1.009	44.1	8.0	-8.0	11.3	bbox	1597	349.4	349.4	349.4	33,873,6,14	321.8	39.4828708	73.5863154	4663.6
1599	1599	1.042	рюкзак-синий	8.2	4.3	снег-в-тени	0.655	34.5	3.0	-6.0	6.7	bbox	1598	412.5	412.5	414.5	663,993,6,24	321.7	39.4828740	73.5863184	4663.6
1600	1600	0.712	рюкзак-синий	4.5	12.3	снег-в-тени	0.885	26.5	3.0	-10.0	10.4	bbox	1599	140.2	140.2	140.2	89,313,8,16	321.6	39.4829342	73.5861781	4674.5
1601	1601	1.066	стакан-марка-красная	5.7	22.3	порода-в-тени	1.180	27.5	7.0	-3.0	7.6	bbox	1600	342.4	342.4	342.4	371,578,11,19	321.6	39.4828691	73.5863156	4663.6
1602	1602	1.526	стакан-марка-красная	12.0	7.1	порода-в-тени	0.817	42.7	-1.0	0.0	1.0	bbox	1601	270.3	266.3	272.3	1075,815,12,9	321.3	39.4828611	73.5863208	4674.4
1603	1603	0.669	стакан-марка-красная	5.0	6.7	порода-охристая	1.058	56.5	8.0	5.0	9.4	bbox	1602	321.4	316.4	321.4	456,308,13,10	321.2	39.4828682	73.5863153	4663.6
1604	1604	0.945	стакан-марка-красная	6.3	14.5	снег-в-тени	1.267	35.3	9.0	-5.0	10.3	bbox	1603	328.4	328.4	328.4	0,1041,5,18	321.2	39.4828674	73.5863155	4663.6
1605	1605	1.526	стакан-марка-красная	12.2	3.5	снег-в-тени	0.906	53.3	-1.0	-1.0	1.4	bbox	1604	77.1	77.1	77.1	1362,489,15,8	321.0	39.4830247	73.5859788	4674.4
1606	1606	1.514	рюкзак-синий	12.1	2.9	порода-в-тени	0.656	35.9	-4.0	-3.0	5.0	bbox	1605	236.3	236.3	236.3	661,1053,20,14	320.8	39.4829264	73.5861783	4674.5
1607	1607	1.145	стакан-марка-красная	7.6	17.8	порода-охристая	0.578	32.0	8.0	8.0	11.3	bbox	1606	437.5	437.5	437.5	1667,439,18,10	320.6	39.4828751	73.5863136	4663.6
1608	1608	0.917	рюкзак-синий	5.0	18.8	снег-в-тени	1.232	20.0	5.0	-11.0	12.1	bbox	1607	446.5	446.5	450.5	823,221,10,20	320.1	39.4828750	73.5863145	4663.6
1609	1609	1.830	рюкзак-синий	8.5	41.6	снег-пересвеченный	0.580	80.4	-2.0	-6.0	6.3	bbox	1608	135.2	133.2	137.2	643,169,18,22	320.0	39.4829338	73.5861791	4674.5
1610	1610	1.673	палка-ручка-пробка	12.2	19.2	лишайник-жёлтый-на-камне	1.266	94.9	-2.0	13.0	13.2	bbox	1609	401.5	401.5	401.5	281,253,14,10	320.0	39.4828750	73.5863206	4663.6
1611	1611	0.730	стакан-марка-красная	4.5	13.1	порода-в-тени	1.266	36.7	7.0	-1.0	7.1	bbox	1610	321.4	318.4	321.4	515,371,6,14	319.5	39.4828682	73.5863153	4663.6
1612	1612	0.638	рюкзак-синий	5.1	0.4	снег-в-тени	1.200	38.4	6.0	-15.0	16.2	bbox	1611	217.2	217.2	217.2	245,37,12,12	319.3	39.4829282	73.5861758	4674.5
1613	1613	2.300	крышка-контроль	18.4	2.6	порода-в-тени	1.279	39.8	-9.0	4.0	9.8	bbox	1612	220.3	219.2	220.3	1647,97,16,14	318.5	39.4829280	73.5861753	4674.4
1614	1614	1.191	рюкзак-синий	9.2	8.5	снег-в-тени	0.396	47.3	-1.0	-5.0	5.1	bbox	1613	273.3	270.3	273.3	841,990,16,11	318.4	39.4828625	73.5863212	4674.5
1615	1615	1.372	стакан-марка-красная	3.6	36.3	снег-розовый	0.818	86.1	8.0	3.0	8.5	bbox	1614	407.5	404.5	408.5	1052,225,9,16	318.3	39.4828745	73.5863192	4663.6
1616	1616	0.910	рюкзак-синий	5.7	16.1	снег-в-тени	1.120	22.7	5.0	-10.0	11.2	bbox	1615	381.4	381.4	381.4	67,65,12,10	318.2	39.4828779	73.5863212	4663.6
1617	1617	2.824	крышка-бирюзовая	19.4	40.4	снег-пересвеченный	1.084	94.5	-9.0	4.0	9.8	bbox	1616	222.3	222.3	226.3	1139,29,30,8	317.6	39.4829277	73.5861756	4674.5
1618	1618	0.835	рюкзак-синий	6.4	6.6	снег-в-тени	0.848	32.2	5.0	-9.0	10.3	bbox	1617	355.4	355.4	355.4	493,591,10,12	317.6	39.4828718	73.5863142	4663.6
1619	1619	1.758	палка-древко-контроль	14.0	3.2	порода-в-тени	0.897	38.4	-7.0	-1.0	7.1	bbox	1618	259.3	259.3	259.3	311,1065,24,8	317.2	39.4829023	73.5862270	4674.5
1620	1620	0.985	рюкзак-синий	6.4	16.1	снег-в-тени	1.099	22.7	5.0	-9.0	10.3	bbox	1619	422.5	422.5	422.5	1121,918,14,13	317.0	39.4828741	73.5863160	4663.6
1621	1621	1.207	стакан-марка-красная	7.6	20.8	порода-охристая	0.627	29.0	8.0	8.0	11.3	bbox	1620	457.5	455.5	457.5	1793,119,10,13	316.9	39.4828743	73.5863131	4663.6
1622	1622	1.306	рюкзак-синий	7.8	24.3	снег-в-тени	1.481	14.5	7.0	-9.0	11.4	bbox	1621	379.4	379.4	379.4	705,587,10,10	316.8	39.4828777	73.5863208	4663.6
1623	1623	2.168	стакан-марка-красная	17.1	9.8	порода-в-тени	0.995	40.0	-6.0	3.0	6.7	bbox	1622	227.3	227.3	227.3	1139,71,14,8	316.4	39.4829276	73.5861773	4674.5
1624	1624	0.593	стакан-марка-красная	3.6	10.8	снег-в-тени	1.365	39.0	8.0	-1.0	8.1	bbox	1623	381.4	381.4	381.4	1011,1073,14,7	316.4	39.4828779	73.5863212	4663.6
1625	1625	1.223	рюкзак-синий	8.5	17.0	снег-в-тени	1.277	21.8	7.0	-8.0	10.6	bbox	1624	449.5	445.5	449.5	469,17,8,22	316.2	39.4828744	73.5863139	4663.6
1626	1626	0.872	стакан-марка-красная	4.0	20.0	порода-в-тени	1.200	29.8	7.0	1.0	7.1	bbox	1625	58.1	58.1	58.1	211,787,12,13	316.0	39.4830259	73.5859846	4674.5
1627	1627	0.975	рюкзак-синий	7.6	5.9	снег-в-тени	0.740	32.9	4.0	-7.0	8.1	bbox	1626	114.1	114.1	115.1	57,179,12,12	316.0	39.4829340	73.5861797	4674.4
1628	1628	0.562	стакан-марка-красная	3.6	9.4	снег-в-тени	1.355	40.4	8.0	-1.0	8.1	bbox	1627	436.5	436.5	436.5	1426,203,23,8	315.9	39.4828750	73.5863138	4663.6
1629	1629	1.844	палка-ручка-пробка	14.0	15.9	снег-розовый	1.125	91.6	6.0	9.0	10.8	bbox	1628	379.4	379.4	379.4	315,347,13,18	315.2	39.4828777	73.5863208	4663.6
1630	1630	1.519	стакан-марка-красная	11.4	14.7	снег-розовый	0.884	64.5	2.0	8.0	8.2	bbox	1629	483.5	483.5	483.5	851,0,12,7	313.7	39.4828716	73.5863117	4663.6
1631	1631	1.831	рюкзак-синий	12.0	29.2	порода-в-тени	0.476	9.6	0.0	-2.0	2.0	bbox	1630	172.2	172.2	174.2	184,28,20,27	313.2	39.4829298	73.5861776	4674.5
1632	1632	1.006	рюкзак-синий	5.1	21.8	снег-в-тени	0.474	60.6	0.0	-9.0	9.0	bbox	1631	224.3	224.3	226.3	1070,9,27,14	312.3	39.4829279	73.5861765	4674.5
1633	1633	0.853	рюкзак-синий	5.1	15.9	снег-в-тени	1.320	22.9	6.0	-13.0	14.3	bbox	1632	416.5	416.5	418.5	193,831,8,26	312.3	39.4828738	73.5863174	4663.6
1634	1634	0.665	палка-ручка-пробка	4.1	11.8	лишайник-жёлтый-на-камне	0.886	63.9	1.0	24.0	24.0	bbox	1633	86.1	86.1	86.1	701,1027,10,10	312.2	39.4830242	73.5859808	4674.5
1635	1635	0.566	стакан-марка-красная	3.6	9.6	снег-в-тени	1.356	40.2	8.0	-1.0	8.1	bbox	1634	399.5	396.5	400.5	913,531,10,12	312.1	39.4828747	73.5863196	4663.6
1636	1636	0.667	палка-ручка-пробка	5.1	5.5	лишайник-жёлтый-на-камне	1.068	81.2	0.0	24.0	24.0	bbox	1635	351.4	351.4	351.4	937,905,14,8	311.6	39.4828708	73.5863150	4663.6
1637	1637	1.247	рюкзак-синий	7.8	21.9	порода-в-тени	0.938	16.9	3.0	-6.5	7.2	bbox	1636	439.5	437.5	439.5	227,199,4,24	311.6	39.4828753	73.5863133	4663.6
1638	1638	1.874	стакан-марка-красная	14.4	14.3	корка-жёлтая-на-скале	0.958	64.1	-1.0	9.0	9.1	bbox	1637	24.0	24.0	24.0	1477,369,14,10	311.3	39.4833078	73.5853334	4674.5
1639	1639	0.550	стакан-марка-красная	3.6	8.8	снег-розовый	1.078	58.6	8.0	-1.0	8.1	bbox	1638	470.5	470.5	474.5	753,673,15,8	311.3	39.4828727	73.5863137	4663.6
1640	1640	1.250	палка-ручка-пробка	10.0	0.8	лишайник-жёлтый-на-камне	0.562	74.9	-1.0	15.0	15.0	bbox	1639	6.0	6.0	6.0	1369,347,8,14	310.9	39.4833003	73.5853336	4674.5
1641	1641	1.529	рюкзак-синий	12.2	4.5	снег-в-тени	0.777	43.3	-1.0	-2.0	2.2	bbox	1640	91.1	91.1	98.1	1393,842,14,7	310.9	39.4830230	73.5859789	4674.4
1642	1642	1.034	стакан-марка-красная	7.3	13.7	порода-охристая	0.458	36.1	9.0	8.0	12.0	bbox	1641	443.5	443.5	443.5	1681,195,22,8	310.9	39.4828751	73.5863140	4663.6
1643	1643	2.489	крышка-бирюзовая	19.8	7.5	снег-освещённый	1.673	61.6	-11.0	7.0	13.0	bbox	1642	263.3	263.3	268.3	1425,67,20,7	310.8	39.4828642	73.5863133	4674.4
1644	1644	1.315	палка-ручка-пробка	8.6	21.2	корка-жёлтая-на-скале	0.270	54.5	0.0	16.0	16.0	bbox	1643	360.4	360.4	360.4	1353,359,14,9	310.8	39.4828723	73.5863145	4663.6
1645	1645	1.317	палка-ручка-пробка	8.2	23.0	корка-жёлтая-на-скале	0.415	52.7	3.0	15.0	15.3	bbox	1644	118.1	105.1	127.1	1377,677,8,12	310.7	39.4829342	73.5861798	4674.5
1646	1646	1.852	стакан-марка-красная	13.9	18.0	корка-жёлтая-на-скале	1.053	31.8	-1.0	8.0	8.1	bbox	1645	84.1	84.1	84.1	861,369,10,14	310.5	39.4830248	73.5859810	4674.4
1647	1647	0.528	стакан-марка-красная	3.2	9.8	порода-охристая	1.426	40.0	8.0	0.0	8.0	bbox	1646	437.5	437.5	437.5	1527,91,16,16	310.3	39.4828751	73.5863136	4663.6
1648	1648	0.987	стакан-марка-красная	5.8	18.6	снег-в-тени	1.266	31.2	8.0	-4.0	8.9	bbox	1647	421.5	421.5	421.5	177,25,6,14	310.0	39.4828739	73.5863160	4663.6
1649	1649	1.622	палка-древко-контроль	12.0	16.9	порода-в-тени	0.923	24.7	-9.0	-3.0	9.5	bbox	1648	222.3	222.3	226.3	1713,509,6,16	309.9	39.4829277	73.5861756	4674.5
1650	1650	0.894	рюкзак-синий	7.1	3.7	снег-в-тени	1.404	35.1	8.0	-15.0	17.0	bbox	1649	220.3	220.3	220.3	485,44,7,32	309.8	39.4829280	73.5861753	4674.4
1651	1651	1.816	рюкзак-синий	12.2	27.8	порода-в-тени	0.380	11.0	-1.0	-2.0	2.2	bbox	1650	348.4	347.4	348.4	243,287,18,8	309.1	39.4828708	73.5863153	4663.6
1652	1652	1.477	палка-ручка-пробка	9.4	24.9	корка-жёлтая-на-скале	0.107	50.8	0.0	15.0	15.0	bbox	1651	361.4	361.4	361.4	799,0,12,9	309.1	39.4828723	73.5863147	4663.6
1653	1653	1.657	стакан-марка-красная	13.0	8.4	корка-жёлтая-на-скале	0.905	41.4	0.0	8.0	8.0	bbox	1652	484.6	484.6	484.6	267,1031,12,10	308.9	39.4828712	73.5863118	4663.6
1654	1654	1.917	стакан-марка-красная	9.1	43.3	порода-в-тени	0.799	6.5	2.0	2.0	2.8	bbox	1653	479.5	479.5	479.5	1241,950,10,16	308.8	39.4828724	73.5863121	4663.6
1655	1655	0.628	стакан-марка-красная	5.0	1.6	снег-в-тени	1.159	51.4	7.0	-2.0	7.3	bbox	1654	5.0	5.0	5.0	165,900,12,15	308.6	39.4832997	73.5853335	4674.5
1656	1656	1.399	стакан-марка-красная	9.5	20.8	лишайник-жёлтый-на-камне	1.167	70.6	8.0	10.0	12.8	bbox	1655	426.5	426.5	426.5	1580,401,13,22	308.0	39.4828741	73.5863152	4663.6
1657	1657	1.020	рюкзак-синий	5.8	20.0	снег-в-тени	1.332	18.8	6.0	-11.0	12.5	bbox	1656	212.2	212.2	215.2	49,449,16,20	307.9	39.4829277	73.5861766	4674.5
1658	1658	0.957	стакан-марка-красная	6.1	16.3	порода-охристая	0.544	33.5	10.0	7.0	12.2	bbox	1657	476.5	476.5	477.5	825,499,14,12	307.5	39.4828725	73.5863124	4663.6
1659	1659	1.579	стакан-марка-красная	5.8	39.2	порода-в-тени	1.351	10.6	8.0	-4.0	8.9	bbox	1658	356.4	356.4	356.4	49,35,8,14	307.4	39.4828718	73.5863142	4663.6
1660	1660	1.781	стакан-марка-красная	13.0	20.4	порода-в-тени	0.941	29.4	-1.0	6.0	6.1	bbox	1659	267.3	267.3	270.3	1825,579,16,12	307.3	39.4828611	73.5863210	4674.5
1661	1661	1.382	рюкзак-синий	8.6	24.3	снег-в-тени	1.559	14.5	8.0	-9.0	12.0	bbox	1660	449.5	449.5	449.5	544,169,15,8	307.2	39.4828744	73.5863139	4663.6
1662	1662	1.132	палка-ручка-пробка	8.9	4.9	лишайник-жёлтый-на-камне	0.929	70.8	9.0	15.0	17.5	bbox	1661	340.4	340.4	340.4	1609,733,12,10	307.1	39.4828689	73.5863160	4663.6
1663	1663	1.715	палка-ручка-пробка	13.6	6.3	лишайник-жёлтый-на-камне	0.895	69.4	-3.0	12.0	12.4	bbox	1662	74.1	74.1	74.1	273,185,7,22	307.0	39.4830255	73.5859791	4674.5
1664	1664	0.571	стакан-марка-красная	3.6	9.8	снег-розовый	1.056	59.6	8.0	-1.0	8.1	bbox	1663	401.5	401.5	401.5	1010,529,7,16	307.0	39.4828750	73.5863206	4663.6
1665	1665	1.758	стакан-марка-красная	13.9	7.7	корка-жёлтая-на-скале	0.949	57.5	-1.0	8.0	8.1	bbox	1664	484.6	484.6	484.6	1683,17,14,6	307.0	39.4828712	73.5863118	4663.6
1666	1666	1.456	палка-ручка-пробка	10.6	16.7	лишайник-жёлтый-на-камне	1.110	92.4	-2.0	15.0	15.1	bbox	1665	5.0	5.0	5.0	1745,569,14,12	306.3	39.4832997	73.5853335	4674.5
1667	1667	0.961	рюкзак-синий	5.7	18.2	снег-в-тени	1.182	20.6	5.0	-10.0	11.2	bbox	1666	214.2	210.2	214.2	1301,43,24,10	306.3	39.4829282	73.5861765	4674.5
1668	1668	1.715	стакан-марка-красная	11.2	27.8	порода-в-тени	0.256	22.0	0.0	-1.0	1.0	bbox	1667	74.1	74.1	74.1	915,881,14,6	305.8	39.4830255	73.5859791	4674.5
1669	1669	0.978	стакан-марка-красная	3.6	24.3	порода-в-тени	1.393	25.5	9.0	-2.0	9.2	bbox	1668	379.4	379.4	379.4	706,1071,21,9	305.8	39.4828777	73.5863208	4663.6
1670	1670	0.795	рюкзак-синий	5.0	13.7	снег-в-тени	0.748	52.5	5.0	-11.0	12.1	bbox	1669	24.0	24.0	24.0	326,0,15,17	305.7	39.4833078	73.5853334	4674.5
1671	1671	0.466	палка-ручка-пробка	3.6	3.3	лишайник-жёлтый-на-камне	0.465	72.4	3.0	20.0	20.2	bbox	1670	93.1	93.1	93.1	671,275,8,12	305.5	39.4830228	73.5859778	4674.5
1672	1672	0.671	палка-ручка-пробка	5.1	5.9	лишайник-жёлтый-на-камне	0.885	81.6	0.0	22.0	22.0	bbox	1671	351.4	351.4	358.4	1003,889,13,16	305.5	39.4828708	73.5863150	4663.6
1673	1673	1.076	рюкзак-синий	7.2	16.4	снег-в-тени	1.103	22.4	5.0	-8.0	9.4	bbox	1672	475.5	475.5	475.5	889,137,8,14	305.5	39.4828724	73.5863128	4663.6
1674	1674	0.696	стакан-марка-красная	2.2	17.8	порода-охристая	1.416	32.0	9.0	0.0	9.0	bbox	1673	386.4	386.4	388.4	215,865,12,12	305.4	39.4828779	73.5863199	4663.6
1675	1675	0.889	рюкзак-синий	5.4	16.3	снег-в-тени	0.985	22.5	3.0	-9.0	9.5	bbox	1674	217.2	216.2	217.2	617,241,16,18	305.2	39.4829282	73.5861758	4674.5
1676	1676	1.945	палка-древко-контроль	14.0	23.5	снег-пересвеченный	1.133	65.1	-9.0	-1.0	9.1	bbox	1675	249.3	248.3	251.3	1521,309,12,8	305.1	39.4829249	73.5861773	4674.5
1677	1677	0.943	рюкзак-синий	7.1	9.2	снег-в-тени	0.760	48.0	6.0	-9.0	10.8	bbox	1676	305.3	305.3	305.3	93,593,10,8	305.1	39.4828671	73.5863204	4663.6
1678	1678	1.206	рюкзак-синий	6.3	25.5	снег-в-тени	0.603	64.3	-1.0	-8.0	8.1	bbox	1677	135.2	135.2	135.2	571,933,10,27	305.0	39.4829338	73.5861791	4674.5
1679	1679	1.338	палка-ручка-пробка	10.6	4.5	лишайник-жёлтый-на-камне	0.767	80.2	-2.0	15.0	15.1	bbox	1678	321.4	317.4	325.4	1347,885,14,10	305.0	39.4828682	73.5863153	4663.6
1680	1680	0.956	стакан-марка-красная	7.6	2.3	снег-в-тени	0.901	47.5	4.0	-2.0	4.5	bbox	1679	338.4	338.4	338.4	714,615,13,24	304.9	39.4828679	73.5863163	4663.6
1681	1681	2.096	палка-древко-контроль	16.1	16.1	порода-в-тени	0.588	25.5	-6.0	1.0	6.1	bbox	1680	263.3	263.3	265.3	1601,329,14,18	304.5	39.4828642	73.5863133	4674.4
1682	1682	0.875	рюкзак-синий	7.0	0.8	снег-в-тени	0.342	39.6	1.0	-7.0	7.1	bbox	1681	306.3	306.3	306.3	1633,61,16,16	304.4	39.4828674	73.5863205	4663.6
1683	1683	1.208	палка-ручка-пробка	9.2	10.2	лишайник-жёлтый-на-камне	0.883	85.9	-2.0	17.0	17.1	bbox	1682	85.1	85.1	85.1	797,767,12,16	304.0	39.4830242	73.5859809	4674.5
1684	1684	1.888	стакан-марка-красная	13.9	20.8	корка-жёлтая-на-скале	1.110	29.0	-1.0	8.0	8.1	bbox	1683	217.2	217.2	218.2	865,753,12,8	303.6	39.4829282	73.5861758	4674.5
1685	1685	1.401	стакан-марка-красная	11.2	2.7	снег-в-тени	0.891	52.5	0.0	-1.0	1.0	bbox	1684	286.3	286.3	286.3	177,151,6,26	303.5	39.4828641	73.5863197	4674.4
1686	1686	1.383	рюкзак-синий	7.1	29.8	порода-в-тени	1.471	9.0	6.0	-9.0	10.8	bbox	1685	352.4	352.4	352.4	741,608,10,9	303.5	39.4828710	73.5863147	4663.6
1687	1687	1.750	рюкзак-синий	13.9	5.1	порода-в-тени	0.538	33.7	-4.0	-1.0	4.1	bbox	1686	397.5	393.4	400.5	106,609,9,14	303.2	39.4828747	73.5863191	4663.6
1688	1688	0.755	рюкзак-синий	5.8	5.5	снег-в-тени	0.730	33.3	4.0	-9.0	9.8	bbox	1687	119.1	119.1	128.1	33,21,8,12	302.8	39.4829346	73.5861801	4674.4
1689	1689	0.730	стакан-марка-красная	3.6	16.1	порода-в-тени	1.338	33.7	8.0	-1.0	8.1	bbox	1688	328.4	328.4	328.4	117,545,12,16	302.4	39.4828674	73.5863155	4663.6
1690	1690	2.047	стакан-марка-красная	15.3	20.8	корка-жёлтая-на-скале	1.037	29.0	-2.0	9.0	9.2	bbox	1689	320.4	318.4	320.4	1319,68,14,9	302.3	39.4828680	73.5863154	4663.6
1691	1691	1.383	рюкзак-синий	5.0	34.5	снег-в-тени	0.929	73.3	1.0	-9.0	9.1	bbox	1690	293.3	290.3	298.3	49,89,6,18	302.0	39.4828644	73.5863201	4668.6
1692	1692	1.932	стакан-марка-красная	13.6	25.7	снег-розовый	0.630	75.5	-2.0	5.0	5.4	bbox	1691	133.2	130.1	136.2	1413,919,12,10	301.8	39.4829334	73.5861792	4674.5
1693	1693	1.563	стакан-марка-красная	11.2	19.6	порода-в-тени	0.430	30.2	0.0	-1.0	1.0	bbox	1692	353.4	353.4	354.4	1789,0,14,9	301.8	39.4828711	73.5863144	4663.6
1694	1694	1.905	стакан-марка-красная	15.2	2.0	корка-жёлтая-на-скале	1.068	47.8	-3.0	7.0	7.6	bbox	1693	427.5	427.5	428.5	297,23,17,16	301.7	39.4828742	73.5863152	4663.6
1695	1695	2.520	крышка-бирюзовая	19.8	13.4	снег-освещённый	1.599	67.5	-11.0	7.0	13.0	bbox	1694	223.3	223.3	226.3	1495,21,26,6	301.6	39.4829279	73.5861760	4674.5
1696	1696	1.650	стакан-марка-красная	13.0	7.3	корка-жёлтая-на-скале	0.935	57.1	0.0	8.0	8.0	bbox	1695	398.5	398.5	398.5	1779,851,12,8	301.6	39.4828747	73.5863193	4663.6
1697	1697	1.501	стакан-марка-красная	10.4	20.8	лишайник-жёлтый-на-камне	1.076	70.6	8.0	11.0	13.6	bbox	1696	415.5	415.5	415.5	1891,1071,10,9	301.2	39.4828738	73.5863178	4663.6
1698	1698	1.740	стакан-марка-красная	13.6	10.4	корка-жёлтая-на-скале	0.871	60.2	0.0	9.0	9.0	bbox	1697	115.1	108.1	115.1	1097,1061,14,12	301.0	39.4829339	73.5861794	4674.4
1699	1699	0.930	стакан-марка-красная	6.3	13.7	порода-охристая	0.565	36.1	9.0	7.0	11.4	bbox	1698	434.5	434.5	434.5	1707,274,6,16	301.0	39.4828751	73.5863144	4663.7
1700	1700	0.827	стакан-марка-красная	4.0	18.4	порода-в-тени	1.217	31.4	7.0	1.0	7.1	bbox	1699	76.1	76.1	76.1	101,865,12,9	300.8	39.4830247	73.5859789	4674.5
1701	1701	1.406	палка-ручка-контроль	10.8	11.3	корка-жёлтая-на-скале	0.285	46.3	2.0	16.0	16.1	bbox	1700	337.4	337.4	337.4	1028,293,13,15	300.7	39.4828673	73.5863164	4663.6
1702	1702	1.851	стакан-марка-красная	13.4	22.0	порода-в-тени	1.042	27.8	-1.0	7.0	7.1	bbox	1701	161.2	161.2	161.2	450,399,15,10	300.3	39.4829323	73.5861795	4674.4
1703	1703	1.390	стакан-марка-красная	5.8	33.1	порода-охристая	1.065	16.7	8.0	6.0	10.0	bbox	1702	6.0	6.0	6.0	192,714,18,7	300.2	39.4833003	73.5853336	4674.5
1704	1704	1.915	палка-ручка-пробка	14.4	18.0	снег-розовый	1.049	93.7	1.5	9.0	9.1	bbox	1703	477.5	475.5	479.5	731,337,6,20	299.7	39.4828724	73.5863121	4663.6
1705	1705	0.834	палка-ручка-пробка	5.7	12.1	лишайник-жёлтый-на-камне	1.025	87.8	-0.5	21.5	21.5	bbox	1704	74.1	74.1	74.1	737,233,14,10	299.4	39.4830255	73.5859791	4674.5
1706	1706	0.946	стакан-марка-красная	7.1	9.4	снег-в-тени	0.939	40.4	6.0	-4.0	7.2	bbox	1705	338.4	338.4	339.4	409,290,16,15	299.1	39.4828679	73.5863163	4663.6
1707	1707	1.315	рюкзак-синий	7.8	24.7	порода-в-тени	1.348	14.1	6.0	-8.0	10.0	bbox	1706	427.5	427.5	427.5	161,945,8,14	299.1	39.4828742	73.5863152	4663.6
1708	1708	1.683	стакан-марка-красная	13.0	11.8	снег-розовый	0.976	61.6	0.0	8.0	8.0	bbox	1707	408.5	408.5	408.5	289,387,16,10	299.0	39.4828744	73.5863189	4663.6
1709	1709	2.083	стакан-марка-красная	16.2	14.3	снег-розовый	1.089	64.1	-4.0	7.0	8.1	bbox	1708	398.5	398.5	398.5	147,803,14,8	298.8	39.4828747	73.5863193	4663.6
1710	1710	1.134	стакан-марка-красная	6.3	22.7	снег-розовый	1.090	72.5	9.0	7.0	11.4	bbox	1709	402.5	402.5	402.5	1029,651,19,6	298.8	39.4828749	73.5863208	4663.6
1711	1711	1.032	палка-ручка-пробка	8.1	6.3	лишайник-жёлтый-на-камне	0.614	82.0	1.0	16.0	16.0	bbox	1710	93.1	93.1	93.1	1121,409,11,8	298.6	39.4830228	73.5859778	4674.5
1712	1712	0.950	стакан-марка-красная	7.2	8.4	порода-охристая	1.001	58.2	7.0	7.0	9.9	bbox	1711	336.4	334.4	336.4	1195,929,10,14	298.6	39.4828670	73.5863165	4663.5
1713	1713	2.145	палка-древко-контроль	16.0	21.7	снег-освещённый	1.082	63.3	-8.0	1.0	8.1	bbox	1712	267.3	267.3	272.3	1746,451,11,10	298.2	39.4828611	73.5863210	4674.5
1714	1714	0.713	палка-ручка-пробка	5.0	9.6	лишайник-жёлтый-на-камне	0.810	85.3	1.0	20.0	20.0	bbox	1713	6.0	6.0	6.0	1557,109,16,10	298.1	39.4833003	73.5853336	4674.5
1715	1715	1.506	стакан-марка-красная	12.0	1.0	снег-в-тени	1.008	48.8	-1.0	0.0	1.0	bbox	1714	77.1	75.1	77.1	1816,1069,17,8	298.0	39.4830247	73.5859788	4674.4
1716	1716	2.120	палка-ручка-пробка	16.6	11.4	снег-розовый	1.201	87.1	-4.0	9.0	9.8	bbox	1715	393.4	393.4	393.4	141,189,10,12	298.0	39.4828757	73.5863185	4663.6
1717	1717	1.244	рюкзак-синий	8.1	20.4	снег-в-тени	0.540	59.2	2.0	-6.0	6.3	bbox	1716	435.5	432.5	444.5	627,889,8,20	297.7	39.4828751	73.5863141	4663.6
1718	1718	2.402	палка-древко-контроль	19.0	10.0	снег-освещённый	1.451	51.6	-8.0	4.0	8.9	bbox	1717	223.3	221.3	223.3	219,273,12,20	297.6	39.4829279	73.5861760	4674.5
1719	1719	1.135	рюкзак-синий	8.2	13.3	порода-в-тени	0.663	25.5	-1.0	-6.0	6.1	bbox	1718	146.2	146.2	146.2	313,417,14,16	297.0	39.4829347	73.5861789	4674.4
1720	1720	1.375	стакан-марка-красная	5.1	34.1	порода-в-тени	1.555	15.7	10.0	-4.0	10.8	bbox	1719	456.5	455.5	456.5	1553,81,18,6	297.0	39.4828744	73.5863132	4663.6
1721	1721	1.129	рюкзак-синий	6.5	21.9	порода-в-тени	0.904	16.9	1.0	-7.5	7.6	bbox	1720	160.2	156.2	163.2	393,5,15,12	296.9	39.4829327	73.5861793	4674.5
1722	1722	1.851	стакан-марка-красная	11.0	34.5	порода-в-тени	0.334	15.3	0.0	0.0	0.0	bbox	1721	92.1	92.1	92.1	837,955,18,6	296.6	39.4830227	73.5859783	4674.4
1723	1723	0.567	рюкзак-синий	4.1	6.6	снег-в-тени	0.612	32.2	0.0	-10.0	10.0	bbox	1722	219.2	219.2	219.2	1257,77,14,20	296.3	39.4829280	73.5861753	4674.5
1724	1724	0.589	рюкзак-синий	3.6	10.6	снег-в-тени	0.533	49.4	3.0	-11.0	11.4	bbox	1723	123.1	122.1	131.1	101,61,10,12	296.2	39.4829347	73.5861809	4674.5
1725	1725	0.516	стакан-марка-красная	3.6	7.1	снег-розовый	1.119	56.9	8.0	-1.0	8.1	bbox	1724	429.5	428.5	429.5	1235,550,14,11	296.2	39.4828748	73.5863147	4663.6
1726	1726	1.750	палка-древко-контроль	14.0	0.0	порода-в-тени	1.065	41.6	-8.0	-1.0	8.1	bbox	1725	262.3	262.3	262.3	1569,1073,19,7	295.9	39.4828735	73.5862925	4674.5
1727	1727	1.581	стакан-марка-красная	11.0	21.6	снег-освещённый	0.359	71.4	0.0	0.0	0.0	bbox	1726	134.2	134.2	134.2	1571,489,14,8	295.8	39.4829338	73.5861792	4674.5
1728	1728	0.759	рюкзак-синий	5.1	11.5	снег-в-тени	0.785	27.3	2.0	-9.0	9.2	bbox	1727	237.3	236.3	245.3	977,219,24,10	295.8	39.4829264	73.5861782	4674.5
1729	1729	1.642	палка-ручка-пробка	9.9	30.2	корка-жёлтая-на-скале	0.291	45.5	-2.0	16.0	16.1	bbox	1728	2.0	1.0	3.0	1063,303,10,12	295.7	39.4832974	73.5853335	4674.5
1730	1730	1.409	стакан-марка-красная	11.2	5.1	снег-в-тени	0.882	44.7	0.0	-1.0	1.0	bbox	1729	481.5	481.5	481.5	1575,481,10,8	295.6	39.4828724	73.5863121	4663.6
1731	1731	0.915	рюкзак-синий	4.1	21.2	снег-в-тени	1.106	17.6	0.0	-10.0	10.0	bbox	1730	141.2	139.2	141.2	1323,585,13,15	295.4	39.4829341	73.5861782	4674.5
1732	1732	0.735	стакан-марка-красная	2.8	18.0	порода-в-тени	1.434	31.8	9.0	-1.0	9.1	bbox	1731	339.4	339.4	339.4	369,353,12,12	295.3	39.4828684	73.5863161	4663.6
1733	1733	1.033	палка-ручка-пробка	8.2	1.8	лишайник-жёлтый-на-камне	0.411	73.9	3.0	15.0	15.3	bbox	1732	88.1	88.1	88.1	473,395,16,10	294.6	39.4830239	73.5859802	4674.4
1734	1734	1.459	стакан-марка-красная	11.5	6.1	порода-в-тени	0.863	43.7	-0.5	0.0	0.5	bbox	1733	255.3	254.3	258.3	1286,741,16,6	294.0	39.4829249	73.5861772	4674.5
1735	1735	1.725	стакан-марка-красная	10.2	32.6	порода-охристая	1.590	82.4	13.0	11.0	17.0	bbox	1734	328.4	328.4	331.4	1781,961,14,16	294.0	39.4828674	73.5863155	4663.6
1736	1736	1.424	рюкзак-синий	11.2	7.7	снег-в-тени	0.639	46.5	-1.0	-3.0	3.2	bbox	1735	259.3	253.3	259.3	1559,93,10,10	293.9	39.4829023	73.5862270	4674.5
1737	1737	1.955	стакан-марка-красная	14.8	18.0	снег-розовый	0.966	67.8	-2.0	8.0	8.2	bbox	1736	97.1	97.1	98.1	113,1073,16,7	293.5	39.4830221	73.5859756	4674.5
1738	1738	1.088	рюкзак-синий	8.6	4.7	снег-в-тени	1.019	43.5	8.0	-9.0	12.0	bbox	1737	409.5	403.5	411.5	11,179,6,14	292.8	39.4828743	73.5863188	4663.6
1739	1739	1.042	рюкзак-синий	7.1	15.5	снег-в-тени	1.158	23.3	6.0	-9.0	10.8	bbox	1738	355.4	355.4	355.4	117,1065,6,15	292.7	39.4828718	73.5863142	4663.6
1740	1740	1.061	палка-ручка-пробка	8.5	0.2	лишайник-жёлтый-на-камне	0.527	75.9	-1.0	17.0	17.0	bbox	1739	29.0	29.0	29.0	1679,816,10,10	292.5	39.4833087	73.5853337	4674.5
1741	1741	1.471	палка-древко-контроль	11.0	14.5	порода-в-тени	0.926	27.1	-8.5	-4.0	9.4	bbox	1740	211.2	211.2	217.2	1683,689,12,12	292.5	39.4829277	73.5861766	4674.5
1742	1742	1.084	стакан-марка-красная	8.0	11.6	снег-розовый	0.622	61.4	3.0	0.5	3.0	bbox	1741	330.4	328.4	331.4	65,689,13,14	292.5	39.4828666	73.5863150	4663.6
1743	1743	0.625	рюкзак-синий	5.0	0.6	снег-в-тени	0.385	38.2	1.0	-9.0	9.1	bbox	1742	379.4	376.4	379.4	1053,705,13,16	292.5	39.4828777	73.5863208	4663.6
1744	1744	0.688	рюкзак-синий	5.4	3.9	снег-в-тени	0.435	42.7	3.0	-9.0	9.5	bbox	1743	426.5	426.5	426.5	27,931,8,12	292.2	39.4828741	73.5863152	4663.6
1745	1745	1.154	стакан-марка-красная	8.9	8.0	порода-охристая	0.572	41.8	7.0	9.0	11.4	bbox	1744	440.5	438.5	444.5	1649,443,10,12	292.1	39.4828753	73.5863135	4663.7
1746	1746	0.825	рюкзак-синий	6.1	9.0	снег-в-тени	0.690	29.8	2.0	-8.0	8.2	bbox	1745	422.5	422.5	422.5	371,861,14,10	292.0	39.4828741	73.5863160	4663.6
1747	1747	1.474	рюкзак-синий	8.6	28.2	порода-в-тени	1.639	10.6	8.0	-9.0	12.0	bbox	1746	380.4	380.4	380.4	1089,518,12,13	291.5	39.4828778	73.5863211	4663.6
1748	1748	1.258	рюкзак-синий	7.1	25.1	порода-в-тени	0.932	13.7	2.0	-7.0	7.3	bbox	1747	418.5	417.5	421.5	585,705,12,8	291.4	39.4828738	73.5863166	4663.6
1749	1749	1.761	палка-древко-контроль	14.0	4.3	порода-в-тени	1.262	45.9	-9.0	-1.0	9.1	bbox	1748	222.3	222.3	222.3	1527,1039,14,10	291.3	39.4829277	73.5861756	4674.5
1750	1750	0.778	стакан-марка-красная	2.8	19.4	порода-в-тени	1.421	30.4	9.0	-1.0	9.1	bbox	1749	462.5	461.5	462.5	1585,874,18,7	291.3	39.4828731	73.5863128	4663.7
1751	1751	0.754	палка-ручка-пробка	4.9	12.2	лишайник-жёлтый-на-камне	0.656	63.5	7.0	18.5	19.8	bbox	1750	86.1	85.1	86.1	1221,805,16,6	290.9	39.4830242	73.5859808	4674.5
1752	1752	1.140	рюкзак-синий	8.4	12.6	снег-в-тени	0.338	51.4	-1.5	-6.0	6.2	bbox	1751	230.3	230.3	237.3	359,57,12,16	290.8	39.4829273	73.5861776	4674.5
1753	1753	0.773	стакан-марка-красная	6.2	0.6	порода-охристая	0.685	50.4	9.5	7.0	11.8	bbox	1752	363.4	359.4	363.4	250,19,21,4	290.8	39.4828723	73.5863154	4663.6
1754	1754	1.101	рюкзак-синий	6.7	20.0	снег-в-тени	1.149	18.8	4.0	-8.0	8.9	bbox	1753	426.5	426.5	426.5	279,126,10,15	290.8	39.4828741	73.5863152	4663.6
1755	1755	0.820	рюкзак-синий	4.1	17.9	снег-в-тени	0.475	56.7	2.0	-10.0	10.2	bbox	1754	48.1	48.1	49.1	1709,803,10,13	290.7	39.4830263	73.5859844	4674.4
1756	1756	0.785	стакан-марка-красная	6.1	5.5	порода-охристая	0.794	55.3	10.0	7.0	12.2	bbox	1755	445.5	445.5	445.5	1611,735,12,10	290.7	39.4828750	73.5863144	4663.6
1757	1757	1.965	палка-ручка-пробка	15.7	5.1	снег-розовый	1.038	70.6	-2.0	9.0	9.2	bbox	1756	112.1	111.1	112.1	1896,908,9,17	290.5	39.4829333	73.5861798	4674.5
1758	1758	1.266	стакан-марка-красная	9.8	8.2	порода-охристая	0.528	41.6	15.0	10.0	18.0	bbox	1757	407.5	407.5	407.5	1283,791,20,10	290.4	39.4828745	73.5863192	4663.6
1759	1759	1.606	стакан-марка-красная	12.5	10.0	корка-жёлтая-на-скале	1.040	39.8	0.0	7.0	7.0	bbox	1758	135.2	129.1	144.2	877,614,16,11	290.2	39.4829338	73.5861791	4674.5
1760	1760	0.627	стакан-марка-красная	2.8	14.5	порода-в-тени	1.474	35.3	9.0	-1.0	9.1	bbox	1759	401.5	401.5	401.5	929,497,19,12	290.2	39.4828750	73.5863206	4663.6
1761	1761	0.895	рюкзак-синий	5.0	17.9	снег-в-тени	0.389	56.7	1.5	-9.0	9.1	bbox	1760	307.3	306.3	310.4	1787,381,16,10	290.1	39.4828676	73.5863206	4663.6
1762	1762	1.298	палка-ручка-пробка	7.6	24.7	корка-жёлтая-на-скале	0.302	51.0	2.0	16.0	16.1	bbox	1761	344.4	344.4	347.4	1209,303,12,18	289.8	39.4828700	73.5863151	4663.6
1763	1763	1.840	палка-древко-контроль	14.1	14.3	снег-освещённый	1.095	55.9	-6.0	-1.0	6.1	bbox	1762	222.3	222.3	222.3	1585,189,18,22	289.5	39.4829277	73.5861756	4674.5
1764	1764	1.016	палка-ручка-пробка	7.8	7.7	лишайник-жёлтый-на-камне	0.597	68.0	-2.0	19.5	19.6	bbox	1763	338.4	338.4	338.4	1827,929,10,8	289.5	39.4828679	73.5863163	4663.6
1765	1765	1.833	палка-ручка-пробка	13.5	20.4	корка-жёлтая-на-скале	0.691	55.3	-5.0	14.0	14.9	bbox	1764	389.4	387.4	391.4	1165,67,12,10	289.4	39.4828768	73.5863185	4663.6
1766	1766	1.360	стакан-марка-красная	9.5	18.6	порода-охристая	1.143	68.4	8.0	10.0	12.8	bbox	1765	7.0	7.0	7.0	469,1075,24,5	289.1	39.4833010	73.5853334	4674.5
1767	1767	1.062	палка-ручка-контроль	8.1	9.4	корка-жёлтая-на-скале	0.729	48.2	5.0	18.0	18.7	bbox	1766	446.5	446.5	446.5	902,383,13,16	289.0	39.4828750	73.5863145	4663.6
1768	1768	2.517	крышка-контроль	19.8	12.8	порода-в-тени	1.110	29.6	-8.0	5.0	9.4	bbox	1767	223.3	223.3	223.3	1069,17,30,10	288.9	39.4829279	73.5861760	4674.5
1769	1769	0.859	рюкзак-синий	4.1	19.2	снег-в-тени	0.509	58.0	2.0	-10.0	10.2	bbox	1768	425.5	425.5	425.5	290,777,9,16	288.9	39.4828740	73.5863154	4663.6
1770	1770	2.146	стакан-марка-красная	15.7	24.7	порода-в-тени	1.144	25.1	-3.0	8.0	8.5	bbox	1769	436.5	436.5	436.5	300,1074,17,6	288.9	39.4828750	73.5863138	4663.6
1771	1771	0.474	стакан-марка-красная	3.6	4.1	снег-в-тени	1.331	45.7	8.0	-1.0	8.1	bbox	1770	375.4	372.4	375.4	691,929,14,8	288.7	39.4828764	73.5863197	4663.6
1772	1772	1.710	палка-ручка-пробка	13.0	14.5	лишайник-жёлтый-на-камне	1.191	90.2	-2.0	12.0	12.2	bbox	1771	460.5	459.5	462.5	1507,819,12,12	288.7	39.4828733	73.5863127	4663.6
1773	1773	1.742	стакан-марка-красная	13.0	17.3	снег-освещённый	0.506	67.1	-2.0	0.0	2.0	bbox	1772	86.1	86.1	86.1	531,1067,14,6	288.6	39.4830242	73.5859808	4674.5
1774	1774	1.093	рюкзак-синий	5.1	24.9	порода-в-тени	1.142	13.9	2.0	-9.0	9.2	bbox	1773	148.2	148.2	149.2	225,11,12,8	288.1	39.4829345	73.5861783	4674.5
1775	1775	1.768	стакан-марка-красная	14.1	0.0	корка-жёлтая-на-скале	0.520	49.8	1.0	11.0	11.0	bbox	1774	307.3	306.3	307.3	1177,403,12,12	288.1	39.4828676	73.5863206	4663.6
1776	1776	1.316	рюкзак-синий	4.5	33.4	снег-в-тени	0.980	72.2	3.0	-10.0	10.4	bbox	1775	24.0	24.0	24.0	741,21,12,20	287.9	39.4833078	73.5853334	4674.5
1777	1777	1.307	стакан-марка-красная	10.4	2.0	порода-охристая	0.607	51.8	8.0	11.0	13.6	bbox	1776	86.1	86.1	87.1	811,713,12,8	287.8	39.4830242	73.5859808	4674.5
1778	1778	0.515	рюкзак-синий	4.1	0.2	снег-в-тени	0.482	38.6	2.0	-10.0	10.2	bbox	1777	252.3	252.3	258.3	1227,269,22,4	287.7	39.4829248	73.5861773	4674.5
1779	1779	1.496	рюкзак-синий	10.0	22.7	порода-в-тени	0.476	16.1	0.0	-4.0	4.0	bbox	1778	153.2	151.2	166.2	503,795,10,18	287.5	39.4829339	73.5861790	4674.5
1780	1780	1.558	стакан-марка-красная	1.4	43.3	порода-в-тени	1.585	6.5	10.0	0.0	10.0	bbox	1779	379.4	379.4	379.4	334,1053,18,12	286.7	39.4828777	73.5863208	4663.6
1781	1781	1.344	рюкзак-синий	7.8	26.1	снег-в-тени	1.716	12.7	8.5	-12.0	14.7	bbox	1780	216.2	216.2	216.2	25,305,10,10	286.3	39.4829282	73.5861762	4674.5
1782	1782	0.844	стакан-марка-красная	3.6	20.0	порода-в-тени	1.421	29.8	9.0	-2.0	9.2	bbox	1781	426.5	426.5	426.5	1181,106,14,14	286.0	39.4828741	73.5863152	4663.6
1783	1783	1.790	рюкзак-синий	14.3	0.8	порода-в-тени	0.733	38.0	-5.0	-1.0	5.1	bbox	1782	271.3	271.3	272.3	811,1017,10,15	285.9	39.4828614	73.5863209	4674.4
1784	1784	0.690	рюкзак-синий	5.2	6.3	снег-в-тени	0.350	45.1	2.5	-9.0	9.3	bbox	1783	115.1	115.1	117.1	37,345,8,14	285.7	39.4829339	73.5861794	4674.4
1785	1785	1.461	рюкзак-синий	6.1	34.9	снег-в-тени	0.959	73.7	2.0	-8.0	8.2	bbox	1784	293.3	292.3	294.3	57,975,4,18	285.5	39.4828644	73.5863201	4668.6
1786	1786	2.442	крышка-контроль	18.4	23.1	снег-освещённый	1.245	65.5	-9.0	4.0	9.8	bbox	1785	228.3	228.3	228.3	241,111,16,14	285.2	39.4829275	73.5861774	4674.5
1787	1787	1.799	стакан-марка-красная	13.9	13.1	корка-жёлтая-на-скале	0.969	36.7	-1.0	8.0	8.1	bbox	1786	429.5	429.5	430.5	451,163,12,12	285.2	39.4828748	73.5863147	4663.6
1788	1788	1.127	рюкзак-синий	8.2	12.8	снег-в-тени	0.470	51.6	3.0	-6.0	6.7	bbox	1787	414.5	413.5	414.5	1233,997,16,8	285.1	39.4828738	73.5863180	4663.6
1789	1789	1.506	палка-ручка-пробка	8.9	28.2	корка-жёлтая-на-скале	0.126	47.5	1.0	15.0	15.0	bbox	1788	359.4	357.4	362.4	1259,437,7,21	285.0	39.4828724	73.5863145	4663.6
1790	1790	0.403	стакан-марка-красная	3.2	2.2	снег-розовый	1.445	52.0	10.0	-2.0	10.2	bbox	1789	477.5	477.5	478.5	1241,605,16,9	285.0	39.4828724	73.5863121	4663.6
1791	1791	1.840	стакан-марка-красная	13.2	23.1	снег-освещённый	0.332	72.9	-2.0	-1.0	2.2	bbox	1790	90.1	90.1	90.1	0,514,9,11	284.9	39.4830233	73.5859794	4674.5
1792	1792	0.829	стакан-марка-красная	4.2	17.8	порода-в-тени	1.322	32.0	8.0	-2.0	8.2	bbox	1791	341.4	341.4	341.4	151,945,7,26	284.7	39.4828690	73.5863158	4663.6
1793	1793	0.456	стакан-марка-красная	3.6	2.0	снег-розовый	1.247	51.8	8.0	-1.0	8.1	bbox	1792	414.5	414.5	414.5	283,103,14,10	284.7	39.4828738	73.5863180	4663.6
1794	1794	1.668	стакан-марка-красная	9.3	33.3	снег-розовый	1.304	83.1	8.5	10.0	13.1	bbox	1793	445.5	445.5	445.5	1733,743,8,18	284.4	39.4828750	73.5863144	4663.6
1795	1795	0.731	стакан-марка-красная	5.0	10.6	снег-розовый	1.154	60.4	8.0	-3.0	8.5	bbox	1794	377.4	377.4	377.4	1746,87,17,10	284.2	39.4828768	73.5863203	4663.5
1796	1796	0.479	стакан-марка-красная	3.6	4.5	снег-розовый	1.181	54.3	8.0	-1.0	8.1	bbox	1795	378.4	378.4	378.4	737,305,9,10	284.1	39.4828773	73.5863208	4663.5
1797	1797	1.681	стакан-марка-красная	13.4	3.1	корка-жёлтая-на-скале	1.009	46.7	-1.0	7.0	7.1	bbox	1796	140.2	140.2	144.2	1532,811,15,9	283.6	39.4829342	73.5861781	4674.5
1798	1798	1.989	рюкзак-синий	13.0	31.9	порода-в-тени	0.544	6.9	0.0	-1.0	1.0	bbox	1797	312.4	309.4	312.4	905,289,10,13	283.6	39.4828678	73.5863196	4663.6
1799	1799	1.110	рюкзак-синий	7.1	18.8	снег-в-тени	1.251	20.0	6.0	-9.0	10.8	bbox	1798	340.4	340.4	340.4	365,75,4,22	283.6	39.4828689	73.5863160	4663.6
1800	1800	1.816	стакан-марка-красная	12.4	26.7	снег-освещённый	0.294	76.5	-1.0	-2.0	2.2	bbox	1799	90.1	90.1	90.1	19,248,18,8	283.3	39.4830233	73.5859794	4674.5
1801	1801	1.864	стакан-марка-красная	14.9	3.9	корка-жёлтая-на-скале	0.505	45.9	0.0	11.0	11.0	bbox	1800	307.3	297.3	307.3	592,6,17,11	283.3	39.4828676	73.5863206	4663.6
1802	1802	1.061	стакан-марка-красная	7.3	15.3	порода-охристая	0.472	34.5	13.0	8.0	15.3	bbox	1801	331.4	329.4	331.4	695,1012,19,9	283.3	39.4828663	73.5863148	4663.6
1803	1803	1.181	рюкзак-синий	8.5	14.1	порода-в-тени	0.988	24.7	4.0	-6.0	7.2	bbox	1802	418.5	417.5	419.5	356,374,27,7	283.1	39.4828738	73.5863166	4663.6
1804	1804	2.021	стакан-марка-красная	13.6	30.6	корка-жёлтая-на-скале	1.267	19.2	0.0	9.0	9.0	bbox	1803	432.5	432.5	433.5	1892,55,11,13	283.0	39.4828752	73.5863145	4663.6
1805	1805	1.246	стакан-марка-красная	4.2	31.6	порода-в-тени	1.259	18.2	8.0	-2.0	8.2	bbox	1804	450.5	450.5	450.5	1259,339,8,13	282.7	39.4828742	73.5863138	4663.6
1806	1806	1.920	стакан-марка-красная	15.3	5.9	корка-жёлтая-на-скале	0.839	55.7	-2.0	9.0	9.2	bbox	1805	120.1	117.1	120.1	1601,937,14,8	282.1	39.4829345	73.5861803	4674.5
1807	1807	1.960	палка-ручка-пробка	14.6	20.4	снег-розовый	1.103	96.1	1.0	9.0	9.1	bbox	1806	425.5	425.5	425.5	1188,633,15,19	282.0	39.4828740	73.5863154	4663.6
1808	1808	1.083	рюкзак-синий	7.6	14.5	снег-в-тени	0.984	24.3	4.0	-7.0	8.1	bbox	1807	212.2	212.2	212.2	333,677,12,16	281.9	39.4829277	73.5861766	4674.5
1809	1809	0.391	стакан-марка-красная	2.2	7.7	снег-розовый	1.133	57.5	9.0	2.0	9.2	bbox	1808	321.4	316.4	321.4	181,164,16,10	281.4	39.4828682	73.5863153	4663.6
1810	1810	1.768	стакан-марка-красная	13.0	19.2	корка-жёлтая-на-скале	1.069	30.6	0.0	8.0	8.0	bbox	1809	32.0	31.0	36.0	1190,618,11,15	281.3	39.4833094	73.5853331	4674.5
1811	1811	2.523	стакан-марка-красная	19.9	11.4	порода-в-тени	1.406	38.4	-8.0	7.0	10.6	bbox	1810	219.2	219.2	219.2	385,33,16,7	281.3	39.4829280	73.5861753	4674.5
1812	1812	1.195	стакан-марка-красная	4.0	30.4	порода-в-тени	1.153	19.4	7.0	1.0	7.1	bbox	1811	85.1	85.1	85.1	537,395,23,6	280.9	39.4830242	73.5859809	4674.5
1813	1813	0.866	палка-ручка-пробка	6.1	11.6	лишайник-жёлтый-на-камне	0.502	64.1	6.0	17.0	18.0	bbox	1812	416.5	416.5	416.5	1251,121,10,8	280.6	39.4828738	73.5863174	4663.6
1814	1814	2.094	рюкзак-синий	13.3	35.5	порода-в-тени	0.610	3.3	-2.0	-1.0	2.2	bbox	1813	316.4	316.4	316.4	1575,15,24,8	280.5	39.4828677	73.5863171	4663.6
1815	1815	1.248	рюкзак-синий	7.1	24.7	порода-в-тени	0.929	14.1	2.0	-7.0	7.3	bbox	1814	209.2	209.2	209.2	980,99,21,6	280.2	39.4829278	73.5861766	4674.5
1816	1816	1.186	стакан-марка-красная	5.0	28.2	порода-в-тени	1.133	21.6	7.0	-2.0	7.3	bbox	1815	385.4	385.4	385.4	20,19,11,12	280.2	39.4828781	73.5863205	4663.5
1817	1817	1.863	стакан-марка-красная	14.8	7.1	корка-жёлтая-на-скале	0.928	42.7	-2.0	8.0	8.2	bbox	1816	341.4	341.4	341.4	945,179,13,12	280.0	39.4828690	73.5863158	4663.6
1818	1818	0.910	рюкзак-синий	7.3	0.8	снег-в-тени	0.527	38.0	3.0	-7.0	7.6	bbox	1817	116.1	116.1	124.1	45,213,10,20	279.9	39.4829340	73.5861796	4674.5
1819	1819	0.985	стакан-марка-красная	3.0	25.5	снег-розовый	1.234	75.3	11.0	-2.0	11.2	bbox	1818	331.4	331.4	331.4	209,1075,14,5	279.9	39.4828663	73.5863148	4663.6
1820	1820	0.847	стакан-марка-красная	2.8	21.6	порода-охристая	1.563	28.2	13.0	-1.0	13.0	bbox	1819	367.4	365.4	376.4	977,833,6,12	279.9	39.4828739	73.5863180	4663.6
1821	1821	1.507	стакан-марка-красная	8.1	31.4	порода-охристая	0.948	18.4	7.0	8.0	10.6	bbox	1820	416.5	416.5	416.5	1412,189,9,11	279.5	39.4828738	73.5863174	4663.6
1822	1822	1.646	стакан-марка-красная	13.2	2.3	снег-в-тени	0.910	47.5	-2.0	-1.0	2.2	bbox	1821	107.1	107.1	107.1	1859,0,23,9	279.4	39.4829332	73.5861794	4674.5
1823	1823	2.071	стакан-марка-красная	16.4	8.2	корка-жёлтая-на-скале	0.602	41.6	-2.0	11.0	11.2	bbox	1822	82.1	82.1	82.1	333,268,17,13	279.1	39.4830246	73.5859805	4674.5
1824	1824	0.518	стакан-марка-красная	2.8	10.6	снег-в-тени	1.458	39.2	9.0	-1.0	9.1	bbox	1823	441.5	441.5	441.5	1915,913,5,18	279.1	39.4828752	73.5863136	4663.6
1825	1825	1.250	рюкзак-синий	10.0	0.4	снег-в-тени	0.614	38.4	1.0	-4.0	4.1	bbox	1824	227.3	224.3	230.3	409,259,18,14	279.0	39.4829276	73.5861773	4674.5
1826	1826	0.667	стакан-марка-красная	4.5	10.2	снег-розовый	0.962	60.0	7.0	-1.0	7.1	bbox	1825	339.4	339.4	339.4	89,369,8,16	279.0	39.4828684	73.5863161	4663.6
1827	1827	0.737	рюкзак-синий	5.8	3.1	снег-в-тени	0.673	35.7	4.0	-9.0	9.8	bbox	1826	420.5	419.5	421.5	281,1023,8,14	279.0	39.4828740	73.5863161	4663.6
1828	1828	1.258	рюкзак-синий	10.0	1.8	снег-в-тени	0.615	40.6	2.0	-4.0	4.5	bbox	1827	220.3	220.3	221.3	385,938,16,9	278.8	39.4829280	73.5861753	4674.4
1829	1829	1.800	палка-древко-контроль	13.3	19.0	снег-освещённый	0.913	60.6	-5.0	-2.0	5.4	bbox	1828	226.3	223.3	227.3	1200,57,13,12	278.8	39.4829276	73.5861772	4674.4
1830	1830	1.155	рюкзак-синий	9.2	2.1	снег-в-тени	0.561	36.7	-1.0	-5.0	5.1	bbox	1829	231.3	231.3	231.3	913,1067,16,13	278.8	39.4829272	73.5861777	4674.5
1831	1831	0.734	стакан-марка-красная	5.0	10.8	порода-охристая	0.839	39.0	8.0	5.0	9.4	bbox	1830	81.1	81.1	83.1	1521,721,10,8	278.6	39.4830245	73.5859803	4674.5
1832	1832	2.709	крышка-бирюзовая	20.6	23.4	снег-освещённый	1.256	77.5	-9.0	6.0	10.8	bbox	1831	229.3	229.3	229.3	697,119,24,4	278.6	39.4829274	73.5861775	4674.5
1833	1833	0.510	стакан-марка-красная	3.6	6.7	снег-в-тени	1.362	43.1	9.0	-2.0	9.2	bbox	1832	462.5	462.5	467.5	1757,1075,22,5	278.6	39.4828731	73.5863128	4663.7
1834	1834	1.804	стакан-марка-красная	14.4	1.6	корка-жёлтая-на-скале	0.771	51.4	-1.0	9.0	9.1	bbox	1833	103.1	103.1	103.1	1713,962,16,13	278.3	39.4829786	73.5860749	4674.4
1835	1835	1.549	палка-ручка-пробка	10.8	21.2	лишайник-жёлтый-на-камне	1.239	96.9	-1.0	14.0	14.0	bbox	1834	87.1	87.1	87.1	1281,425,12,8	278.2	39.4830241	73.5859806	4674.4
1836	1836	1.533	стакан-марка-красная	8.6	30.6	порода-охристая	1.000	19.2	6.0	8.0	10.0	bbox	1835	454.5	454.5	454.5	281,887,12,11	278.2	39.4828743	73.5863138	4663.6
1837	1837	0.886	стакан-марка-красная	2.8	22.7	порода-в-тени	1.395	27.1	9.0	-1.0	9.1	bbox	1836	381.4	377.4	381.4	113,416,8,19	278.1	39.4828779	73.5863212	4663.6
1838	1838	1.852	палка-древко-контроль	13.0	24.9	снег-пересвеченный	1.004	66.5	-8.0	-2.0	8.2	bbox	1837	213.2	211.2	215.2	1657,434,8,21	278.0	39.4829278	73.5861766	4674.5
1839	1839	0.590	стакан-марка-красная	4.2	7.3	снег-в-тени	1.264	42.5	8.0	-2.0	8.2	bbox	1838	468.5	468.5	468.5	401,122,16,7	278.0	39.4828729	73.5863137	4663.6
1840	1840	0.911	рюкзак-синий	7.0	7.1	снег-в-тени	0.190	45.9	1.0	-7.0	7.1	bbox	1839	135.2	130.1	138.2	475,461,10,18	277.9	39.4829338	73.5861791	4674.5
1841	1841	2.155	стакан-марка-красная	15.7	25.3	порода-в-тени	1.141	24.5	-3.0	8.0	8.5	bbox	1840	392.4	392.4	392.4	1785,42,8,13	277.8	39.4828759	73.5863184	4663.6
1842	1842	2.486	крышка-контроль	19.2	18.0	снег-освещённый	1.536	60.4	-10.0	6.0	11.7	bbox	1841	232.3	232.3	232.3	977,0,20,5	277.7	39.4829268	73.5861778	4674.4
1843	1843	1.842	стакан-марка-красная	14.3	12.2	корка-жёлтая-на-скале	1.093	37.6	-2.0	7.0	7.3	bbox	1842	418.5	418.5	418.5	56,178,15,11	277.7	39.4828738	73.5863166	4663.6
1844	1844	0.500	стакан-марка-красная	3.6	6.1	снег-в-тени	1.337	43.7	8.0	-1.0	8.1	bbox	1843	331.4	331.4	331.4	469,545,6,19	277.6	39.4828663	73.5863148	4663.6
1845	1845	0.837	рюкзак-синий	6.1	9.8	снег-в-тени	0.716	29.0	2.0	-8.0	8.2	bbox	1844	426.5	426.5	426.5	840,965,9,12	277.5	39.4828741	73.5863152	4663.6
1846	1846	1.697	стакан-марка-красная	13.4	7.3	корка-жёлтая-на-скале	1.025	42.5	-1.0	7.0	7.1	bbox	1845	90.1	90.1	90.1	313,649,16,8	277.4	39.4830233	73.5859794	4674.5
1847	1847	0.671	стакан-марка-красная	3.6	13.9	порода-в-тени	1.367	35.9	8.0	-1.0	8.1	bbox	1846	356.4	356.4	356.4	393,1066,14,7	276.9	39.4828718	73.5863142	4663.6
1848	1848	1.254	рюкзак-синий	9.1	15.1	снег-в-тени	0.434	53.9	0.0	-5.0	5.0	bbox	1847	222.3	222.3	222.3	277,1021,16,18	276.8	39.4829277	73.5861756	4674.5
1849	1849	1.013	рюкзак-синий	8.1	2.8	снег-в-тени	0.335	41.6	0.0	-6.0	6.0	bbox	1848	152.2	147.2	155.2	395,729,10,22	276.7	39.4829339	73.5861791	4674.4
1850	1850	0.451	стакан-марка-красная	3.6	0.0	снег-розовый	1.299	49.8	8.0	-1.0	8.1	bbox	1849	331.4	331.4	331.4	165,751,8,16	276.7	39.4828663	73.5863148	4663.6
1851	1851	0.911	рюкзак-синий	7.3	1.3	снег-в-тени	0.541	37.5	3.0	-7.0	7.6	bbox	1850	439.5	432.5	439.5	1057,721,8,16	276.7	39.4828753	73.5863133	4663.6
1852	1852	1.486	рюкзак-синий	8.1	30.6	порода-в-тени	0.801	8.2	0.0	-6.0	6.0	bbox	1851	268.3	266.3	268.3	881,623,22,8	276.5	39.4828611	73.5863208	4674.4
1853	1853	1.083	рюкзак-синий	4.0	26.9	снег-в-тени	0.697	65.7	1.0	-10.0	10.0	bbox	1852	305.3	305.3	305.3	0,1013,9,10	275.9	39.4828671	73.5863204	4663.6
1854	1854	1.699	стакан-марка-красная	11.2	27.1	снег-освещённый	0.226	76.9	0.0	-1.0	1.0	bbox	1853	484.6	484.6	484.6	613,419,12,11	275.3	39.4828712	73.5863118	4663.6
1855	1855	0.928	палка-ручка-пробка	7.3	5.1	лишайник-жёлтый-на-камне	1.244	80.8	-2.0	25.0	25.1	bbox	1854	350.4	350.4	351.4	1093,561,6,12	275.0	39.4828708	73.5863154	4663.6
1856	1856	1.164	палка-ручка-пробка	7.1	21.2	лишайник-жёлтый-на-камне	0.482	54.5	4.0	16.0	16.5	bbox	1855	73.1	73.1	73.1	743,1034,12,23	274.4	39.4830257	73.5859792	4674.5
1857	1857	2.013	стакан-марка-красная	12.4	36.1	снег-освещённый	0.309	85.9	-1.0	-2.0	2.2	bbox	1856	103.1	103.1	103.1	31,196,16,7	274.2	39.4829786	73.5860749	4674.4
1858	1858	1.393	рюкзак-синий	9.1	22.7	порода-в-тени	0.580	16.1	0.0	-5.0	5.0	bbox	1857	163.2	155.2	167.2	593,247,24,8	274.1	39.4829321	73.5861799	4674.5
1859	1859	1.808	рюкзак-синий	13.0	21.9	порода-в-тени	0.280	16.9	0.0	-1.0	1.0	bbox	1858	318.4	316.4	322.4	1256,875,13,13	273.9	39.4828677	73.5863159	4663.6
1860	1860	0.935	стакан-марка-красная	7.4	2.9	снег-в-тени	0.869	46.9	6.0	-4.5	7.5	bbox	1859	420.5	420.5	421.5	821,166,12,11	273.8	39.4828740	73.5863161	4663.6
1861	1861	1.562	палка-ручка-контроль	10.8	21.9	корка-жёлтая-на-скале	0.500	35.7	0.0	17.0	17.0	bbox	1860	282.3	282.3	282.3	1061,977,12,7	273.6	39.4828632	73.5863204	4674.5
1862	1862	1.333	палка-ручка-пробка	10.0	12.9	лишайник-жёлтый-на-камне	0.941	88.6	-1.0	15.0	15.0	bbox	1861	87.1	83.1	87.1	1011,743,12,8	273.5	39.4830241	73.5859806	4674.4
1863	1863	1.739	стакан-марка-красная	13.2	15.9	порода-в-тени	0.695	33.9	-2.0	3.0	3.6	bbox	1862	261.3	253.3	266.3	1057,317,10,14	273.1	39.4828831	73.5862708	4674.5
1864	1864	0.809	рюкзак-синий	5.4	12.6	снег-в-тени	0.415	51.4	3.0	-9.0	9.5	bbox	1863	445.5	445.5	445.5	923,595,6,18	273.0	39.4828750	73.5863144	4663.6
1865	1865	1.804	стакан-марка-красная	12.6	24.3	порода-в-тени	0.782	25.5	-1.0	5.0	5.1	bbox	1864	242.3	236.3	243.3	1583,625,10,14	272.9	39.4829252	73.5861773	4674.5
1866	1866	1.413	стакан-марка-красная	11.0	8.4	порода-в-тени	0.799	41.4	0.0	0.0	0.0	bbox	1865	257.3	257.3	259.3	1600,1065,9,8	272.9	39.4829191	73.5861889	4674.4
1867	1867	1.418	стакан-марка-красная	11.2	6.7	снег-розовый	0.879	56.5	0.0	-1.0	1.0	bbox	1866	282.3	282.3	289.3	180,1012,10,11	272.9	39.4828632	73.5863204	4674.5
1868	1868	1.471	стакан-марка-красная	10.7	16.9	снег-освещённый	0.776	66.7	1.5	-4.0	4.3	bbox	1867	240.3	240.3	246.3	1105,1001,20,6	272.7	39.4829255	73.5861774	4674.5
1869	1869	1.566	палка-ручка-пробка	9.4	28.8	корка-жёлтая-на-скале	0.033	46.9	0.0	15.0	15.0	bbox	1868	454.5	454.5	456.5	561,265,10,8	272.6	39.4828743	73.5863138	4663.6
1870	1870	0.816	рюкзак-синий	6.1	8.3	снег-в-тени	0.026	47.1	0.0	-8.0	8.0	bbox	1869	247.3	246.3	247.3	1265,389,16,5	272.5	39.4829254	73.5861774	4674.5
1871	1871	1.238	рюкзак-синий	9.7	6.9	снег-в-тени	0.461	45.7	-1.0	-4.5	4.6	bbox	1870	216.2	216.2	216.2	245,0,14,15	272.4	39.4829282	73.5861762	4674.5
1872	1872	0.551	рюкзак-синий	3.5	9.4	снег-в-тени	0.738	29.4	1.0	-10.5	10.5	bbox	1871	217.2	217.2	217.2	1439,479,18,8	272.1	39.4829282	73.5861758	4674.5
1873	1873	1.596	стакан-марка-красная	7.6	35.9	порода-охристая	1.023	13.9	8.0	8.0	11.3	bbox	1872	378.4	375.4	378.4	295,1041,8,12	272.0	39.4828773	73.5863208	4663.5
1874	1874	1.765	палка-древко-контроль	14.0	5.5	порода-в-тени	1.293	47.1	-9.0	-1.0	9.1	bbox	1873	233.3	233.3	233.3	1005,1057,20,6	271.9	39.4829269	73.5861779	4674.5
1875	1875	0.850	стакан-марка-красная	3.6	20.2	порода-охристая	1.113	29.6	8.0	3.0	8.5	bbox	1874	315.4	315.4	315.4	1145,801,12,10	271.9	39.4828677	73.5863178	4663.6
1876	1876	0.588	стакан-марка-красная	3.6	10.6	снег-в-тени	1.364	39.2	8.0	-1.0	8.1	bbox	1875	402.5	402.5	402.5	1009,561,8,12	271.1	39.4828749	73.5863208	4663.6
1877	1877	0.761	рюкзак-синий	6.1	0.8	снег-в-тени	0.385	39.6	2.0	-8.0	8.2	bbox	1876	48.1	35.0	51.1	1909,932,11,17	270.8	39.4830263	73.5859844	4674.4
1878	1878	1.070	стакан-марка-красная	5.0	24.3	порода-охристая	1.108	25.5	7.0	4.0	8.1	bbox	1877	305.3	305.3	305.3	1405,1007,12,14	270.7	39.4828671	73.5863204	4663.6
1879	1879	1.468	палка-ручка-пробка	10.2	20.4	порода-охристая	0.823	55.3	7.0	13.0	14.8	bbox	1878	74.1	74.1	74.1	1765,321,12,8	270.4	39.4830255	73.5859791	4674.5
1880	1880	1.276	палка-ручка-пробка	10.0	7.2	лишайник-жёлтый-на-камне	0.769	82.9	-1.0	15.0	15.0	bbox	1879	92.1	91.1	100.1	1297,469,16,6	270.3	39.4830227	73.5859783	4674.4
1881	1881	1.772	рюкзак-синий	13.9	9.2	снег-в-тени	1.008	48.0	-4.0	-1.0	4.1	bbox	1880	213.2	213.2	213.2	385,457,18,12	270.1	39.4829278	73.5861766	4674.5
1882	1882	1.210	стакан-марка-красная	9.5	6.5	порода-охристая	0.187	43.3	11.0	10.5	15.2	bbox	1881	328.4	328.4	328.4	1105,791,15,6	269.9	39.4828674	73.5863155	4663.6
1883	1883	1.110	рюкзак-синий	6.4	21.5	снег-в-тени	1.347	17.3	6.0	-10.0	11.7	bbox	1882	212.2	210.2	212.2	1452,153,17,11	269.8	39.4829277	73.5861766	4674.5
1884	1884	1.396	стакан-марка-красная	6.5	31.8	снег-розовый	1.035	81.6	8.5	7.0	11.0	bbox	1883	415.5	415.5	415.5	1545,803,8,14	269.3	39.4828738	73.5863178	4663.6
1885	1885	1.216	стакан-марка-красная	8.2	18.0	порода-охристая	1.109	67.8	9.0	9.0	12.7	bbox	1884	426.5	426.5	429.5	1257,0,11,10	269.3	39.4828741	73.5863152	4663.6
1886	1886	1.645	стакан-марка-красная	13.0	6.3	корка-жёлтая-на-скале	0.924	56.1	0.0	8.0	8.0	bbox	1885	34.0	34.0	39.0	905,549,12,13	269.2	39.4833029	73.5853483	4674.5
1887	1887	1.188	стакан-марка-красная	3.2	31.4	снег-розовый	0.801	81.2	8.0	0.0	8.0	bbox	1886	318.4	317.4	318.4	683,152,14,9	268.8	39.4828677	73.5863159	4663.6
1888	1888	2.154	стакан-марка-красная	11.2	45.9	снег-освещённый	0.560	95.7	0.0	-1.0	1.0	bbox	1887	57.1	57.1	57.1	919,675,10,13	268.6	39.4830260	73.5859845	4674.5
1889	1889	1.523	стакан-марка-красная	10.2	23.3	порода-в-тени	0.433	26.5	1.0	-1.0	1.4	bbox	1888	108.1	107.1	111.1	1809,168,16,11	268.6	39.4829331	73.5861800	4674.4
1890	1890	1.284	стакан-марка-красная	9.8	10.2	порода-охристая	0.517	39.6	15.0	10.0	18.0	bbox	1889	412.5	412.5	412.5	1009,330,16,6	268.4	39.4828740	73.5863184	4663.6
1891	1891	0.820	рюкзак-синий	3.6	19.2	снег-в-тени	1.138	19.6	3.0	-11.0	11.4	bbox	1890	236.3	236.3	237.3	1041,105,12,12	268.3	39.4829264	73.5861783	4674.5
1892	1892	1.621	рюкзак-синий	4.0	43.2	снег-пересвеченный	1.119	82.0	1.0	-10.0	10.0	bbox	1891	302.3	302.3	305.3	107,1045,6,22	268.3	39.4828664	73.5863198	4663.6
1893	1893	1.019	рюкзак-синий	8.1	4.1	снег-в-тени	0.304	42.9	0.0	-6.0	6.0	bbox	1892	229.3	229.3	229.3	161,11,20,14	268.2	39.4829274	73.5861775	4674.5
1894	1894	0.950	стакан-марка-красная	4.1	22.3	порода-в-тени	1.541	27.5	10.0	-3.0	10.4	bbox	1893	376.4	376.4	376.4	555,679,7,18	268.2	39.4828768	73.5863200	4663.5
1895	1895	0.818	стакан-марка-красная	6.3	5.9	порода-охристая	0.833	55.7	9.0	7.0	11.4	bbox	1894	316.4	316.4	320.4	584,237,11,8	268.0	39.4828677	73.5863171	4663.6
1896	1896	1.926	стакан-марка-красная	15.3	7.3	корка-жёлтая-на-скале	0.813	42.5	-2.0	9.0	9.2	bbox	1895	119.1	119.1	119.1	807,1003,15,12	267.9	39.4829346	73.5861801	4674.4
1897	1897	1.896	рюкзак-синий	13.6	23.5	порода-в-тени	0.221	15.3	-3.0	-1.0	3.2	bbox	1896	90.1	89.1	90.1	19,163,14,9	267.8	39.4830233	73.5859794	4674.5
1898	1898	1.290	стакан-марка-красная	8.1	22.5	снег-в-тени	1.455	27.3	10.0	-7.0	12.2	bbox	1897	376.4	376.4	376.4	165,480,6,17	267.8	39.4828768	73.5863200	4663.5
1899	1899	1.069	рюкзак-синий	4.5	25.5	снег-в-тени	0.742	64.3	3.0	-10.0	10.4	bbox	1898	294.3	291.3	295.3	51,152,8,9	267.7	39.4828644	73.5863198	4667.5
1900	1900	1.131	стакан-марка-красная	7.3	18.8	порода-охристая	0.523	31.0	9.0	8.0	12.0	bbox	1899	419.5	419.5	419.5	1863,607,13,12	267.5	39.4828739	73.5863164	4663.6
1901	1901	2.340	крышка-контроль	18.0	17.6	снег-освещённый	1.320	60.0	-9.0	3.5	9.7	bbox	1900	220.3	220.3	220.3	269,909,12,12	267.2	39.4829280	73.5861753	4674.4
1902	1902	1.119	палка-ручка-пробка	8.9	1.2	лишайник-жёлтый-на-камне	0.493	76.9	1.0	15.0	15.0	bbox	1901	336.4	335.4	336.4	1073,234,18,7	267.2	39.4828670	73.5863165	4663.5
1903	1903	1.204	стакан-марка-красная	8.9	12.5	снег-в-тени	0.820	37.3	3.0	-3.0	4.2	bbox	1902	230.3	230.3	230.3	1041,1063,24,10	267.0	39.4829273	73.5861776	4674.5
1904	1904	0.398	палка-ручка-пробка	3.0	3.7	лишайник-жёлтый-на-камне	0.785	72.0	2.0	23.0	23.1	bbox	1903	282.3	282.3	282.3	165,183,12,10	266.6	39.4828632	73.5863204	4674.5
1905	1905	1.251	палка-ручка-пробка	10.0	1.6	лишайник-жёлтый-на-камне	0.546	74.1	-1.0	15.0	15.0	bbox	1904	76.1	76.1	76.1	481,353,12,10	266.5	39.4830247	73.5859789	4674.5
1906	1906	1.089	рюкзак-синий	4.2	26.6	снег-в-тени	1.418	12.2	4.0	-11.0	11.7	bbox	1905	221.3	221.3	221.3	565,159,20,12	266.5	39.4829280	73.5861755	4674.5
1907	1907	1.464	стакан-марка-красная	11.4	9.4	снег-освещённый	0.820	59.2	0.0	-2.0	2.0	bbox	1906	86.1	86.1	86.1	807,301,10,12	266.4	39.4830242	73.5859808	4674.5
1908	1908	0.886	рюкзак-синий	5.8	14.1	снег-в-тени	0.871	24.7	-2.0	-9.0	9.2	bbox	1907	141.2	141.2	144.2	1261,825,11,16	266.4	39.4829341	73.5861782	4674.5
1909	1909	1.606	рюкзак-синий	8.5	33.7	порода-в-тени	0.869	5.1	1.0	-5.5	5.6	bbox	1908	167.2	167.2	167.2	571,0,14,13	266.4	39.4829307	73.5861791	4674.5
1910	1910	0.814	рюкзак-синий	6.3	5.5	снег-в-тени	0.532	33.3	-1.0	-8.0	8.1	bbox	1909	140.2	140.2	140.2	1444,61,20,14	266.2	39.4829342	73.5861781	4674.5
1911	1911	0.486	стакан-марка-красная	3.6	5.1	снег-розовый	1.166	54.9	8.0	-1.0	8.1	bbox	1910	436.5	433.5	436.5	395,0,8,13	265.4	39.4828750	73.5863138	4663.6
1912	1912	1.996	рюкзак-синий	8.2	47.9	снег-пересвеченный	0.549	86.7	-1.0	-6.0	6.1	bbox	1911	300.3	300.3	304.3	67,191,14,26	264.7	39.4828657	73.5863196	4663.6
1913	1913	1.216	рюкзак-синий	6.8	24.3	снег-в-тени	0.565	63.1	-1.0	-7.5	7.6	bbox	1912	221.3	221.3	222.3	849,123,19,12	264.4	39.4829280	73.5861755	4674.5
1914	1914	0.651	стакан-марка-красная	2.8	15.3	порода-в-тени	1.464	34.5	9.0	-1.0	9.1	bbox	1913	429.5	429.5	430.5	529,49,14,10	264.4	39.4828748	73.5863147	4663.6
1915	1915	1.153	стакан-марка-красная	8.1	15.7	порода-охристая	0.643	34.1	7.0	8.0	10.6	bbox	1914	335.4	335.4	336.4	691,417,12,8	264.2	39.4828665	73.5863161	4663.6
1916	1916	1.407	рюкзак-синий	6.3	32.6	снег-в-тени	0.922	71.4	3.0	-8.0	8.5	bbox	1915	33.0	33.0	36.0	0,689,6,16	263.8	39.4833084	73.5853354	4674.5
1917	1917	1.524	стакан-марка-красная	12.2	2.9	снег-в-тени	0.901	52.7	-1.0	-1.0	1.4	bbox	1916	85.1	85.1	85.1	947,907,14,6	263.7	39.4830242	73.5859809	4674.5
1918	1918	1.613	палка-ручка-пробка	9.5	30.6	корка-жёлтая-на-скале	0.296	45.1	2.0	14.0	14.1	bbox	1917	90.1	88.1	90.1	403,171,14,10	263.5	39.4830233	73.5859794	4674.5
1919	1919	1.470	стакан-марка-красная	5.0	37.3	снег-розовый	0.904	87.1	8.0	5.0	9.4	bbox	1918	415.5	415.5	415.5	1659,683,10,14	263.5	39.4828738	73.5863178	4663.6
1920	1920	0.844	рюкзак-синий	6.5	6.4	снег-в-тени	1.483	32.4	7.0	-16.5	17.9	bbox	1919	227.3	227.3	227.3	1393,15,24,6	263.3	39.4829276	73.5861773	4674.5
1921	1921	1.959	стакан-марка-красная	11.4	37.6	порода-в-тени	0.735	12.2	0.0	4.0	4.0	bbox	1920	281.3	280.3	281.3	797,896,5,19	263.1	39.4828632	73.5863204	4674.5
1922	1922	1.668	стакан-марка-красная	11.2	25.5	снег-освещённый	0.264	75.3	0.0	-1.0	1.0	bbox	1921	112.1	112.1	114.1	56,349,23,12	262.9	39.4829333	73.5861798	4674.5
1923	1923	0.451	стакан-марка-красная	3.6	0.4	снег-розовый	1.310	49.4	8.0	-1.0	8.1	bbox	1922	461.5	461.5	461.5	1490,99,13,8	262.9	39.4828733	73.5863128	4663.6
1924	1924	0.954	рюкзак-синий	6.4	14.5	снег-в-тени	0.667	53.3	5.0	-9.0	10.3	bbox	1923	234.3	234.3	234.3	1786,45,15,15	262.8	39.4829269	73.5861779	4674.5
1925	1925	1.913	стакан-марка-красная	14.8	14.1	корка-жёлтая-на-скале	1.008	35.7	-2.0	8.0	8.2	bbox	1924	93.1	93.1	93.1	127,900,9,15	262.7	39.4830228	73.5859778	4674.5
1926	1926	0.741	рюкзак-синий	5.1	10.6	снег-в-тени	0.753	28.2	2.0	-9.0	9.2	bbox	1925	133.2	133.2	134.2	543,231,10,12	262.7	39.4829334	73.5861792	4674.5
1927	1927	1.331	рюкзак-синий	5.0	32.9	порода-в-тени	1.448	5.9	4.0	-10.0	10.8	bbox	1926	219.2	219.2	219.2	311,18,14,11	262.7	39.4829280	73.5861753	4674.5
1928	1928	0.874	рюкзак-синий	4.5	18.8	снег-в-тени	1.090	20.0	3.0	-10.0	10.4	bbox	1927	418.5	418.5	418.5	119,859,6,12	262.7	39.4828738	73.5863166	4663.6
1929	1929	1.975	стакан-марка-красная	15.3	14.3	корка-жёлтая-на-скале	0.982	64.1	-2.0	9.0	9.2	bbox	1928	406.5	406.5	409.5	1297,1005,10,8	262.5	39.4828745	73.5863195	4663.6
1930	1930	1.882	стакан-марка-красная	13.4	23.9	снег-розовый	0.742	73.7	-1.0	7.0	7.1	bbox	1929	479.5	479.5	479.5	405,969,12,16	262.3	39.4828724	73.5863121	4663.6
1931	1931	0.876	рюкзак-синий	7.0	1.0	снег-в-тени	0.397	37.8	1.0	-7.0	7.1	bbox	1930	130.1	129.1	132.2	655,161,14,20	262.2	39.4829332	73.5861805	4674.5
1932	1932	0.741	стакан-марка-красная	3.6	16.5	снег-розовый	0.931	66.3	8.0	-1.0	8.1	bbox	1931	373.4	370.4	375.4	991,661,12,8	262.2	39.4828760	73.5863192	4663.6
1933	1933	1.957	палка-древко-контроль	15.0	15.7	снег-освещённый	1.214	57.3	-8.0	0.0	8.0	bbox	1932	263.3	260.3	264.3	1717,493,10,14	262.0	39.4828642	73.5863133	4674.4
1934	1934	1.808	стакан-марка-красная	13.9	14.1	корка-жёлтая-на-скале	0.984	35.7	-1.0	8.0	8.1	bbox	1933	73.1	73.1	73.1	195,561,12,14	261.9	39.4830257	73.5859792	4674.5
1935	1935	1.424	палка-ручка-пробка	9.4	22.4	корка-жёлтая-на-скале	0.566	53.3	-3.0	18.0	18.2	bbox	1934	351.4	350.4	351.4	283,705,9,20	261.9	39.4828708	73.5863150	4663.6
1936	1936	1.008	стакан-марка-красная	6.7	15.7	порода-охристая	0.643	34.1	8.0	7.0	10.6	bbox	1935	422.5	422.5	422.5	1393,521,8,8	261.9	39.4828741	73.5863160	4663.6
1937	1937	2.604	крышка-контроль	20.8	3.3	корка-жёлтая-на-скале	1.528	45.7	-10.0	8.0	12.8	bbox	1936	222.3	222.3	223.3	889,53,24,6	261.8	39.4829277	73.5861756	4674.5
1938	1938	1.698	стакан-марка-красная	11.7	24.1	снег-освещённый	0.465	73.9	0.0	-3.0	3.0	bbox	1937	76.1	76.1	76.1	0,803,7,12	261.5	39.4830247	73.5859789	4674.5
1939	1939	1.893	стакан-марка-красная	15.0	7.3	корка-жёлтая-на-скале	0.664	42.5	-1.0	10.0	10.0	bbox	1938	101.1	101.1	101.1	1739,1045,14,10	261.5	39.4830120	73.5859987	4674.5
1940	1940	2.485	палка-древко-контроль	16.0	41.1	снег-пересвеченный	0.685	82.7	-7.0	1.0	7.1	bbox	1939	260.3	253.3	260.3	1085,93,28,6	261.4	39.4828927	73.5862489	4674.5
1941	1941	1.133	стакан-марка-красная	4.2	28.0	порода-в-тени	1.257	21.8	8.0	-2.0	8.2	bbox	1940	464.5	464.5	465.5	1620,71,11,12	261.4	39.4828730	73.5863129	4663.6
1942	1942	1.161	рюкзак-синий	9.2	3.9	снег-в-тени	0.607	34.9	-1.0	-5.0	5.1	bbox	1941	153.2	145.2	157.2	543,513,24,16	261.2	39.4829339	73.5861790	4674.5
1943	1943	0.716	стакан-марка-красная	4.5	12.5	порода-в-тени	1.276	37.3	7.0	-1.0	7.1	bbox	1942	467.5	467.5	467.5	1508,1065,21,8	260.8	39.4828730	73.5863137	4663.6
1944	1944	1.093	рюкзак-синий	8.2	10.2	порода-в-тени	0.702	28.6	-1.0	-6.0	6.1	bbox	1943	146.2	146.2	146.2	7,67,18,6	260.6	39.4829347	73.5861789	4674.4
1945	1945	1.717	стакан-марка-красная	9.9	33.3	порода-охристая	1.233	16.5	4.0	8.0	8.9	bbox	1944	412.5	412.5	412.5	1751,167,9,12	260.5	39.4828740	73.5863184	4663.6
1946	1946	2.379	палка-древко-контроль	19.0	4.0	порода-в-тени	1.154	37.6	-8.0	4.0	8.9	bbox	1945	228.3	228.3	230.3	575,17,18,12	260.2	39.4829275	73.5861774	4674.5
1947	1947	1.658	палка-ручка-контроль	11.7	22.1	корка-жёлтая-на-скале	0.457	35.5	0.0	16.0	16.0	bbox	1946	333.4	333.4	336.4	1465,747,14,6	260.2	39.4828662	73.5863154	4663.6
1948	1948	1.023	стакан-марка-красная	8.1	4.9	порода-охристая	0.854	54.7	7.0	8.0	10.6	bbox	1947	369.4	367.4	370.4	823,363,16,6	260.0	39.4828747	73.5863189	4663.5
1949	1949	1.517	стакан-марка-красная	12.1	3.5	порода-в-тени	0.935	46.3	-1.0	-0.5	1.1	bbox	1948	241.3	240.3	245.3	1505,977,16,5	259.9	39.4829252	73.5861772	4674.5
1950	1950	0.784	палка-ручка-пробка	6.1	5.1	лишайник-жёлтый-на-камне	0.229	70.6	1.5	18.0	18.1	bbox	1949	87.1	83.1	87.1	826,771,11,12	259.8	39.4830241	73.5859806	4674.4
1951	1951	0.817	рюкзак-синий	6.0	9.0	снег-в-тени	0.125	47.8	1.0	-8.0	8.1	bbox	1950	377.4	377.4	377.4	387,565,8,12	259.6	39.4828768	73.5863203	4663.5
1952	1952	0.745	стакан-марка-красная	5.0	11.4	снег-розовый	0.893	61.2	7.0	4.0	8.1	bbox	1951	29.0	29.0	29.0	641,953,14,8	259.5	39.4833087	73.5853337	4674.5
1953	1953	2.213	стакан-марка-красная	15.1	32.2	снег-пересвеченный	0.397	82.0	-4.0	-1.0	4.1	bbox	1952	166.2	165.2	166.2	1535,1057,10,10	259.5	39.4829311	73.5861793	4674.5
1954	1954	2.412	палка-древко-контроль	17.0	31.9	снег-освещённый	0.946	73.5	-8.0	2.0	8.2	bbox	1953	232.3	232.3	232.3	1369,75,13,8	259.5	39.4829268	73.5861778	4674.4
1955	1955	2.445	стакан-марка-красная	15.0	43.9	снег-пересвеченный	0.512	93.7	-4.0	1.0	4.1	bbox	1954	52.1	52.1	52.1	233,87,17,7	259.2	39.4830257	73.5859852	4674.5
1956	1956	2.020	стакан-марка-красная	15.7	14.1	корка-жёлтая-на-скале	1.046	35.7	-3.0	8.0	8.5	bbox	1955	116.1	116.1	116.1	49,1073,16,7	259.1	39.4829340	73.5861796	4674.5
1957	1957	2.746	палка-ручка-пробка	21.8	9.6	снег-освещённый	1.124	85.3	-8.0	5.5	9.7	bbox	1956	223.3	223.3	223.3	715,125,16,8	258.3	39.4829279	73.5861760	4674.5
1958	1958	1.891	палка-ручка-пробка	14.3	17.1	корка-жёлтая-на-скале	0.746	58.6	-1.0	10.0	10.0	bbox	1957	113.1	113.1	114.1	251,955,18,8	257.8	39.4829334	73.5861797	4674.5
1959	1959	0.805	рюкзак-синий	6.4	2.3	снег-в-тени	0.755	36.5	5.0	-9.0	10.3	bbox	1958	445.5	445.5	445.5	893,381,8,16	257.5	39.4828750	73.5863144	4663.6
1960	1960	1.800	стакан-марка-красная	14.3	5.5	корка-жёлтая-на-скале	1.038	44.3	-2.0	7.0	7.3	bbox	1959	460.5	460.5	460.5	987,867,10,12	257.2	39.4828733	73.5863127	4663.6
1961	1961	1.381	палка-ручка-пробка	10.0	16.5	лишайник-жёлтый-на-камне	1.139	92.2	-3.0	17.0	17.3	bbox	1960	325.4	325.4	326.4	1745,953,14,8	257.0	39.4828684	73.5863154	4663.6
1962	1962	0.897	рюкзак-синий	6.1	13.3	снег-в-тени	0.835	25.5	2.0	-8.0	8.2	bbox	1961	2.0	0.0	2.0	1889,241,6,18	256.9	39.4832974	73.5853335	4674.5
1963	1963	1.017	рюкзак-синий	7.8	8.0	снег-в-тени	0.965	30.8	6.0	-8.0	10.0	bbox	1962	338.4	338.4	338.4	522,569,7,16	256.8	39.4828679	73.5863163	4663.6
1964	1964	2.379	стакан-марка-красная	18.7	12.7	снег-освещённый	1.245	62.5	-7.0	6.0	9.2	bbox	1963	215.2	211.2	215.2	441,595,8,14	256.5	39.4829282	73.5861765	4674.5
1965	1965	1.092	стакан-марка-красная	4.5	26.3	порода-в-тени	1.131	23.5	7.0	-1.0	7.1	bbox	1964	357.4	357.4	357.4	241,683,16,7	256.3	39.4828720	73.5863141	4663.6
1966	1966	1.153	рюкзак-синий	9.2	0.6	снег-в-тени	0.933	39.4	7.0	-7.0	9.9	bbox	1965	420.5	420.5	420.5	241,915,8,18	256.2	39.4828740	73.5863161	4663.6
1967	1967	1.105	стакан-марка-красная	3.6	28.2	снег-розовый	0.761	78.0	8.0	3.0	8.5	bbox	1966	477.5	477.5	477.5	950,192,17,9	256.1	39.4828724	73.5863121	4663.6
1968	1968	1.405	стакан-марка-красная	11.2	3.9	снег-в-тени	0.878	45.9	0.0	-1.0	1.0	bbox	1967	56.1	54.1	57.1	246,178,15,11	256.0	39.4830260	73.5859843	4674.4
1969	1969	0.942	рюкзак-синий	7.2	7.6	снег-в-тени	0.862	31.2	5.0	-8.0	9.4	bbox	1968	418.5	418.5	418.5	603,469,12,8	255.9	39.4828738	73.5863166	4663.6
1970	1970	1.985	стакан-марка-красная	15.3	14.9	порода-в-тени	0.849	34.9	-4.0	4.0	5.7	bbox	1969	231.3	231.3	231.3	329,76,14,9	255.7	39.4829272	73.5861777	4674.5
1971	1971	2.069	стакан-марка-красная	16.6	0.2	корка-жёлтая-на-скале	1.011	50.0	-4.0	8.0	8.9	bbox	1970	401.5	401.5	401.5	0,671,9,10	255.6	39.4828750	73.5863206	4663.6
1972	1972	1.012	рюкзак-синий	8.0	3.9	снег-в-тени	0.557	34.9	1.5	-6.0	6.2	bbox	1971	234.3	234.3	234.3	1313,1065,16,12	255.5	39.4829269	73.5861779	4674.5
1973	1973	0.394	стакан-марка-красная	2.8	4.9	снег-в-тени	1.429	44.9	9.0	-1.0	9.1	bbox	1972	387.4	387.4	388.4	559,617,12,8	255.5	39.4828775	73.5863194	4663.6
1974	1974	2.021	стакан-марка-красная	15.7	14.1	снег-розовый	1.092	63.9	-3.0	8.0	8.5	bbox	1973	378.4	378.4	378.4	633,697,14,15	255.2	39.4828773	73.5863208	4663.5
1975	1975	1.459	рюкзак-синий	7.2	32.1	порода-в-тени	1.331	6.7	5.0	-8.0	9.4	bbox	1974	428.5	428.5	428.5	538,309,7,12	255.1	39.4828744	73.5863151	4663.6
1976	1976	2.029	стакан-марка-красная	11.2	41.2	снег-освещённый	0.404	91.0	0.0	-1.0	1.0	bbox	1975	104.1	104.1	104.1	1894,160,11,8	255.0	39.4829563	73.5861264	4674.4
1977	1977	1.727	стакан-марка-красная	13.4	11.6	корка-жёлтая-на-скале	1.064	38.2	-1.0	7.0	7.1	bbox	1976	464.5	464.5	464.5	789,581,10,18	254.8	39.4828730	73.5863129	4663.6
1978	1978	1.517	рюкзак-синий	11.0	17.6	порода-в-тени	0.355	21.2	0.0	-3.0	3.0	bbox	1977	273.3	270.3	274.3	889,907,19,6	254.7	39.4828625	73.5863212	4674.5
1979	1979	0.633	стакан-марка-красная	2.0	16.3	порода-охристая	1.510	33.5	11.0	-1.0	11.0	bbox	1978	341.4	341.4	341.4	1889,1002,12,11	254.7	39.4828690	73.5863158	4663.6
1980	1980	0.488	стакан-марка-красная	2.8	9.4	снег-в-тени	1.450	40.4	9.0	-1.0	9.1	bbox	1979	450.5	450.5	450.5	989,122,12,7	254.7	39.4828742	73.5863138	4663.6
1981	1981	1.044	палка-ручка-пробка	8.1	7.6	лишайник-жёлтый-на-камне	0.661	83.3	1.0	16.0	16.0	bbox	1980	29.0	29.0	29.0	663,17,12,8	254.6	39.4833087	73.5853337	4674.5
1982	1982	1.524	рюкзак-синий	8.9	29.0	порода-в-тени	1.140	9.8	5.0	-6.0	7.8	bbox	1981	472.5	472.5	472.5	289,59,14,10	254.5	39.4828724	73.5863133	4663.6
1983	1983	1.753	стакан-марка-красная	13.6	12.0	порода-охристая	1.043	61.8	15.0	14.0	20.5	bbox	1982	343.4	343.4	343.4	940,621,13,16	254.4	39.4828696	73.5863155	4663.6
1984	1984	1.268	палка-ручка-пробка	8.6	18.8	лишайник-жёлтый-на-камне	1.073	94.5	0.0	16.0	16.0	bbox	1983	358.4	358.4	358.4	1005,221,14,14	253.2	39.4828723	73.5863144	4663.6
1985	1985	1.946	рюкзак-синий	13.0	29.8	порода-в-тени	0.477	9.0	0.0	-1.0	1.0	bbox	1984	295.3	291.3	295.3	1455,625,20,6	253.0	39.4828645	73.5863196	4666.4
1986	1986	1.300	палка-ручка-пробка	9.2	16.8	лишайник-жёлтый-на-камне	1.044	92.5	-1.0	16.0	16.0	bbox	1985	82.1	82.1	82.1	867,277,14,8	252.8	39.4830246	73.5859805	4674.5
1987	1987	0.394	палка-ручка-пробка	2.8	4.9	лишайник-жёлтый-на-камне	0.746	80.6	3.0	21.0	21.2	bbox	1986	88.1	88.1	88.1	689,263,8,10	252.8	39.4830239	73.5859802	4674.4
1988	1988	0.900	рюкзак-синий	6.8	8.3	снег-в-тени	0.381	47.1	3.0	-7.5	8.1	bbox	1987	118.1	118.1	118.1	7,309,10,12	252.8	39.4829342	73.5861798	4674.5
1989	1989	1.169	стакан-марка-красная	3.6	30.2	снег-розовый	0.765	80.0	8.0	3.0	8.5	bbox	1988	459.5	458.5	460.5	1565,699,8,17	252.7	39.4828738	73.5863130	4663.6
1990	1990	1.464	рюкзак-синий	7.8	30.6	порода-в-тени	1.567	8.2	7.0	-9.0	11.4	bbox	1989	422.5	422.5	422.5	545,771,12,10	252.3	39.4828741	73.5863160	4663.6
1991	1991	1.179	стакан-марка-красная	9.4	0.4	порода-охристая	0.780	49.4	6.0	9.0	10.8	bbox	1990	468.5	468.5	468.5	1907,51,13,9	252.3	39.4828729	73.5863137	4663.6
1992	1992	1.814	стакан-марка-красная	13.9	14.7	снег-розовый	0.960	64.5	-1.0	8.0	8.1	bbox	1991	469.5	468.5	469.5	769,319,12,10	252.0	39.4828727	73.5863138	4663.6
1993	1993	1.979	стакан-марка-красная	15.7	8.2	корка-жёлтая-на-скале	0.978	41.6	-3.0	8.0	8.5	bbox	1992	468.5	468.5	468.5	20,227,15,7	251.8	39.4828729	73.5863137	4663.6
1994	1994	0.731	рюкзак-синий	5.0	10.6	снег-в-тени	0.186	49.4	1.0	-9.0	9.1	bbox	1993	287.3	287.3	288.3	0,1057,3,23	251.7	39.4828644	73.5863200	4674.4
1995	1995	1.525	стакан-марка-красная	3.6	40.8	порода-в-тени	1.314	9.0	8.0	-1.0	8.1	bbox	1994	82.1	82.1	82.1	377,113,8,11	251.3	39.4830246	73.5859805	4674.5
1996	1996	0.982	стакан-марка-красная	6.7	14.3	снег-розовый	1.089	64.1	8.0	7.0	10.6	bbox	1995	316.4	316.4	320.4	623,810,16,8	251.2	39.4828677	73.5863171	4663.6
1997	1997	0.888	стакан-марка-красная	7.1	2.3	снег-в-тени	1.118	47.5	4.0	0.0	4.0	bbox	1996	480.5	480.5	480.5	1857,273,16,8	251.1	39.4828724	73.5863121	4663.6
1998	1998	1.010	рюкзак-синий	5.1	21.9	снег-в-тени	1.474	16.9	6.0	-13.0	14.3	bbox	1997	220.3	220.3	220.3	751,0,16,11	251.0	39.4829280	73.5861753	4674.4
1999	1999	1.878	палка-ручка-пробка	15.0	2.9	лишайник-жёлтый-на-камне	1.160	78.6	-4.0	11.0	11.7	bbox	1998	340.4	340.4	340.4	1817,948,6,13	251.0	39.4828689	73.5863160	4663.6
2000	2000	1.857	палка-ручка-пробка	14.8	5.7	лишайник-жёлтый-на-камне	1.021	70.0	-2.0	10.0	10.2	bbox	1999	409.5	409.5	414.5	693,513,10,10	250.9	39.4828743	73.5863188	4663.6
2001	2001	1.590	рюкзак-синий	12.4	10.4	порода-в-тени	0.313	28.4	-2.0	-2.0	2.8	bbox	2000	236.3	236.3	236.3	1001,949,8,10	250.8	39.4829264	73.5861783	4674.5
2002	2002	1.365	рюкзак-синий	8.9	21.9	снег-в-тени	1.597	16.9	9.0	-10.0	13.5	bbox	2001	415.5	415.5	415.5	257,577,12,12	250.7	39.4828738	73.5863178	4663.6
2003	2003	1.757	стакан-марка-красная	13.9	8.0	снег-розовый	1.039	57.8	-1.5	7.0	7.2	bbox	2002	477.5	473.5	478.5	589,214,10,11	250.7	39.4828724	73.5863121	4663.6
2004	2004	1.337	стакан-марка-красная	7.6	26.3	порода-охристая	0.751	23.5	8.0	8.0	11.3	bbox	2003	438.5	438.5	438.5	1907,492,13,8	250.6	39.4828751	73.5863135	4663.6
2005	2005	1.977	стакан-марка-красная	15.6	8.6	корка-жёлтая-на-скале	0.567	41.2	-1.0	11.0	11.0	bbox	2004	120.1	120.1	120.1	1841,801,16,10	250.5	39.4829345	73.5861803	4674.5
2006	2006	1.400	стакан-марка-красная	10.0	17.6	порода-охристая	0.821	32.2	5.0	9.0	10.3	bbox	2005	380.4	380.4	380.4	1746,62,15,13	250.5	39.4828778	73.5863211	4663.6
2007	2007	0.422	стакан-марка-красная	2.8	6.5	снег-розовый	1.219	56.3	9.0	-1.0	9.1	bbox	2006	455.5	455.5	455.5	611,33,14,8	250.5	39.4828744	73.5863135	4663.6
2008	2008	0.952	стакан-марка-красная	4.5	21.6	снег-розовый	0.762	71.4	7.0	-1.0	7.1	bbox	2007	463.5	463.5	464.5	1810,321,14,7	250.3	39.4828731	73.5863128	4663.6
2009	2009	1.005	палка-ручка-пробка	7.6	9.0	лишайник-жёлтый-на-камне	0.132	66.7	2.0	16.0	16.1	bbox	2008	87.1	87.1	87.1	1875,913,8,16	249.8	39.4830241	73.5859806	4674.4
2010	2010	1.394	рюкзак-синий	9.2	21.9	порода-в-тени	1.358	16.9	7.0	-7.0	9.9	bbox	2009	329.4	329.4	329.4	150,0,7,13	249.8	39.4828670	73.5863151	4663.6
2011	2011	1.316	рюкзак-синий	8.2	22.9	порода-в-тени	0.898	15.9	3.0	-6.0	6.7	bbox	2010	374.4	370.4	375.4	291,25,12,10	249.7	39.4828759	73.5863191	4663.6
2012	2012	0.388	рюкзак-синий	3.0	2.8	снег-в-тени	0.928	41.6	4.0	-14.0	14.6	bbox	2011	127.1	127.1	127.1	89,369,8,12	249.6	39.4829337	73.5861811	4674.5
2013	2013	0.979	палка-ручка-пробка	7.8	2.0	лишайник-жёлтый-на-камне	0.386	73.7	0.0	17.0	17.0	bbox	2012	4.0	4.0	4.0	1689,762,8,13	249.4	39.4832992	73.5853335	4674.5
2014	2014	0.874	стакан-марка-красная	3.6	21.0	порода-в-тени	1.286	28.8	8.0	-1.0	8.1	bbox	2013	444.5	444.5	444.5	1545,147,14,14	249.4	39.4828751	73.5863143	4663.6
2015	2015	1.358	палка-ручка-пробка	10.6	7.8	лишайник-жёлтый-на-камне	0.853	83.5	-2.0	15.0	15.1	bbox	2014	321.4	316.4	324.4	1308,921,15,6	249.3	39.4828682	73.5863153	4663.6
2016	2016	0.650	стакан-марка-красная	3.6	13.1	порода-в-тени	1.378	36.7	8.0	-1.0	8.1	bbox	2015	445.5	445.5	445.5	1831,5,24,6	249.2	39.4828750	73.5863144	4663.6
2017	2017	1.381	рюкзак-синий	5.0	34.5	порода-в-тени	1.469	4.3	4.0	-10.0	10.8	bbox	2016	223.3	223.3	223.3	249,70,15,11	249.0	39.4829279	73.5861760	4674.5
2018	2018	0.756	рюкзак-синий	3.4	17.6	снег-в-тени	1.213	21.2	4.0	-12.5	13.1	bbox	2017	314.4	314.4	315.4	1647,79,10,9	248.8	39.4828677	73.5863183	4663.6
2019	2019	1.364	палка-ручка-пробка	9.4	19.2	лишайник-жёлтый-на-камне	1.108	94.9	0.0	15.0	15.0	bbox	2018	415.5	415.5	415.5	489,1037,8,10	248.8	39.4828738	73.5863178	4663.6
2020	2020	1.310	палка-ручка-пробка	10.0	11.0	лишайник-жёлтый-на-камне	0.880	86.7	-1.0	15.0	15.0	bbox	2019	88.1	88.1	88.1	1116,385,9,12	248.5	39.4830239	73.5859802	4674.4
2021	2021	2.327	стакан-марка-красная	18.4	9.0	снег-освещённый	1.253	58.8	-7.0	5.0	8.6	bbox	2020	216.2	215.2	216.2	173,433,16,10	248.4	39.4829282	73.5861762	4674.5
2022	2022	1.359	палка-ручка-пробка	8.5	23.7	корка-жёлтая-на-скале	0.204	52.0	1.0	15.5	15.5	bbox	2021	60.1	60.1	68.1	1027,379,13,6	248.3	39.4830257	73.5859849	4674.5
2023	2023	1.242	стакан-марка-красная	7.6	22.3	порода-охристая	0.659	27.5	8.0	8.0	11.3	bbox	2022	80.1	80.1	80.1	465,759,14,6	247.9	39.4830246	73.5859799	4674.5
2024	2024	1.775	палка-древко-контроль	10.4	33.7	снег-пересвеченный	0.614	75.3	-5.0	-5.0	7.1	bbox	2023	221.3	221.3	227.3	1601,155,18,12	247.9	39.4829280	73.5861755	4674.5
2025	2025	1.797	стакан-марка-красная	12.6	23.9	порода-в-тени	0.785	25.9	-1.0	5.0	5.1	bbox	2024	254.3	253.3	255.3	1539,598,10,11	247.8	39.4829249	73.5861772	4674.5
2026	2026	1.977	стакан-марка-красная	14.8	19.8	снег-розовый	0.946	69.6	-2.0	8.0	8.2	bbox	2025	430.5	430.5	430.5	561,939,16,20	247.8	39.4828747	73.5863145	4663.6
2027	2027	2.470	стакан-марка-красная	19.6	7.4	порода-в-тени	1.394	42.4	-8.0	6.0	10.0	bbox	2026	480.5	479.5	480.5	473,993,8,8	247.6	39.4828724	73.5863121	4663.6
2028	2028	2.241	палка-древко-контроль	17.0	19.6	снег-освещённый	1.056	61.2	-7.0	2.0	7.3	bbox	2027	265.3	265.3	265.3	1273,169,20,8	247.4	39.4828605	73.5863221	4674.4
2029	2029	0.980	стакан-марка-красная	7.3	10.2	порода-охристая	0.453	39.6	9.0	8.0	12.0	bbox	2028	332.4	332.4	332.4	929,849,16,6	247.3	39.4828660	73.5863148	4663.6
2030	2030	2.427	крышка-бирюзовая	17.8	27.1	снег-пересвеченный	1.282	81.2	-11.0	4.0	11.7	bbox	2029	222.3	222.3	222.3	1553,97,14,8	247.2	39.4829277	73.5861756	4674.5
2031	2031	1.591	рюкзак-синий	9.9	28.0	порода-в-тени	1.498	10.8	8.0	-7.0	10.6	bbox	2030	421.5	421.5	421.5	43,191,9,10	246.9	39.4828739	73.5863160	4663.6
2032	2032	0.774	рюкзак-синий	6.2	1.2	снег-в-тени	0.479	37.6	2.5	-8.0	8.4	bbox	2031	314.4	314.4	314.4	1757,455,15,10	246.7	39.4828677	73.5863183	4663.6
2033	2033	1.160	стакан-марка-красная	8.9	8.6	порода-охристая	0.568	41.2	7.0	9.0	11.4	bbox	2032	337.4	332.4	337.4	1338,779,7,13	246.5	39.4828673	73.5863164	4663.6
2034	2034	1.767	стакан-марка-красная	14.0	5.9	порода-в-тени	0.858	43.9	-3.0	0.0	3.0	bbox	2033	480.5	480.5	480.5	1643,1037,14,12	246.0	39.4828724	73.5863121	4663.6
2035	2035	0.685	палка-ручка-пробка	5.1	7.0	лишайник-жёлтый-на-камне	1.099	82.7	0.0	24.0	24.0	bbox	2034	349.4	349.4	349.4	149,385,8,10	245.4	39.4828708	73.5863154	4663.6
2036	2036	0.841	стакан-марка-красная	2.8	21.4	порода-в-тени	1.405	28.4	9.0	-1.0	9.1	bbox	2035	394.4	394.4	396.5	499,609,14,6	245.2	39.4828754	73.5863186	4663.6
2037	2037	0.451	рюкзак-синий	3.6	0.4	снег-в-тени	0.627	38.4	3.0	-11.0	11.4	bbox	2036	0.0	0.0	0.0	1914,89,6,15	244.9	39.4832959	73.5853336	4674.5
2038	2038	0.454	палка-ручка-пробка	2.2	10.0	лишайник-жёлтый-на-камне	0.884	65.7	3.0	24.0	24.2	bbox	2037	104.1	104.1	104.1	735,979,10,12	244.4	39.4829563	73.5861264	4674.4
2039	2039	1.875	стакан-марка-красная	15.0	1.0	корка-жёлтая-на-скале	0.646	50.8	-1.0	10.0	10.0	bbox	2038	94.1	94.1	100.1	1711,1057,12,18	244.2	39.4830224	73.5859771	4674.5
2040	2040	1.950	стакан-марка-красная	13.4	27.8	снег-розовый	0.729	77.6	-1.0	7.0	7.1	bbox	2039	113.1	113.1	113.1	1523,811,19,4	244.1	39.4829334	73.5861797	4674.5
2041	2041	2.087	стакан-марка-красная	12.5	38.6	снег-розовый	0.776	88.4	0.0	7.0	7.0	bbox	2040	393.4	391.4	393.4	427,61,12,15	243.4	39.4828757	73.5863185	4663.6
2042	2042	1.338	стакан-марка-красная	8.5	22.5	порода-охристая	0.601	27.3	8.0	9.0	12.0	bbox	2041	419.5	419.5	419.5	665,397,8,20	243.1	39.4828739	73.5863164	4663.6
2043	2043	2.094	палка-древко-контроль	13.0	36.8	снег-пересвеченный	0.771	78.4	-9.0	-2.0	9.2	bbox	2042	221.3	221.3	221.3	1731,319,8,16	243.0	39.4829280	73.5861755	4674.5
2044	2044	0.788	палка-ручка-пробка	6.3	2.5	лишайник-жёлтый-на-камне	0.459	78.2	2.0	17.5	17.6	bbox	2043	92.1	92.1	92.1	833,309,9,10	242.7	39.4830227	73.5859783	4674.4
2045	2045	1.099	рюкзак-синий	8.0	12.8	снег-в-тени	0.310	51.6	1.0	-6.0	6.1	bbox	2044	268.3	267.3	271.3	1681,549,8,12	242.3	39.4828611	73.5863208	4674.4
2046	2046	1.964	стакан-марка-красная	14.8	18.8	корка-жёлтая-на-скале	1.090	31.0	-2.0	8.0	8.2	bbox	2045	353.4	353.4	353.4	199,653,8,18	242.2	39.4828711	73.5863144	4663.6
2047	2047	1.058	рюкзак-синий	8.2	6.6	снег-в-тени	0.625	32.2	-1.0	-6.0	6.1	bbox	2046	352.4	352.4	354.4	1497,289,12,8	242.1	39.4828710	73.5863147	4663.6
2048	2048	1.091	рюкзак-синий	5.8	22.7	снег-в-тени	1.409	16.1	6.0	-11.0	12.5	bbox	2047	377.4	377.4	377.4	449,447,6,12	242.1	39.4828768	73.5863203	4663.5
2049	2049	0.963	стакан-марка-красная	4.5	22.0	порода-охристая	1.180	27.8	7.0	3.0	7.6	bbox	2048	302.3	300.3	302.3	778,850,10,15	242.0	39.4828664	73.5863198	4663.6
2050	2050	1.395	стакан-марка-красная	8.6	24.9	порода-охристая	0.874	24.9	6.0	8.0	10.0	bbox	2049	421.5	421.5	421.5	1735,531,11,14	241.8	39.4828739	73.5863160	4663.6
2051	2051	1.764	палка-древко-контроль	14.0	6.1	порода-в-тени	0.924	35.5	-8.0	-1.0	8.1	bbox	2050	235.3	235.3	235.3	857,1027,20,4	241.7	39.4829267	73.5861782	4674.5
2052	2052	1.058	стакан-марка-красная	4.1	25.9	порода-в-тени	1.193	23.9	7.0	2.0	7.3	bbox	2051	81.1	81.1	81.1	1265,681,16,8	241.6	39.4830245	73.5859803	4674.5
2053	2053	2.188	палка-ручка-пробка	15.0	31.6	корка-жёлтая-на-скале	0.719	44.1	-4.0	11.0	11.7	bbox	2052	416.5	416.5	416.5	113,417,11,8	241.5	39.4828738	73.5863174	4663.6
2054	2054	0.656	рюкзак-синий	4.5	9.6	снег-в-тени	0.280	48.4	-1.0	-10.0	10.0	bbox	2053	135.2	132.2	137.2	595,233,6,16	241.4	39.4829338	73.5861791	4674.5
2055	2055	2.105	стакан-марка-красная	16.0	18.0	снег-освещённый	0.681	67.8	-5.0	0.0	5.0	bbox	2054	253.3	252.3	258.3	863,568,25,7	241.2	39.4829248	73.5861772	4674.5
2056	2056	1.803	стакан-марка-красная	14.4	0.8	корка-жёлтая-на-скале	0.767	50.6	-1.0	9.0	9.1	bbox	2055	114.1	114.1	114.1	1483,449,16,8	241.1	39.4829340	73.5861797	4674.4
2057	2057	0.972	рюкзак-синий	7.1	11.3	снег-в-тени	0.779	27.5	2.0	-7.0	7.3	bbox	2056	259.3	258.3	262.3	1343,985,10,16	240.6	39.4829023	73.5862270	4674.5
2058	2058	1.367	рюкзак-синий	5.4	33.3	снег-в-тени	1.759	5.5	6.0	-12.0	13.4	bbox	2057	416.5	416.5	416.5	857,93,8,14	240.5	39.4828738	73.5863174	4663.6
2059	2059	0.672	рюкзак-синий	5.0	6.9	снег-в-тени	0.192	45.7	1.0	-9.0	9.1	bbox	2058	135.2	134.2	139.2	513,321,10,16	240.3	39.4829338	73.5861791	4674.5
2060	2060	1.199	рюкзак-синий	8.5	15.7	снег-в-тени	1.242	23.1	7.0	-8.0	10.6	bbox	2059	351.4	350.4	353.4	241,897,4,16	240.2	39.4828708	73.5863150	4663.6
2061	2061	1.200	рюкзак-синий	7.5	21.0	снег-в-тени	1.395	17.8	7.0	-9.5	11.8	bbox	2060	415.5	415.5	415.5	805,836,10,11	240.0	39.4828738	73.5863178	4663.6
2062	2062	1.125	рюкзак-синий	9.0	0.8	снег-в-тени	0.527	38.0	1.0	-5.0	5.1	bbox	2061	132.2	131.1	132.2	685,251,16,12	239.7	39.4829334	73.5861797	4674.5
2063	2063	2.364	стакан-марка-красная	17.3	27.1	порода-в-тени	0.805	22.7	-6.0	4.0	7.2	bbox	2062	231.3	229.3	231.3	391,369,12,20	239.7	39.4829272	73.5861777	4674.5
2064	2064	1.226	палка-ручка-пробка	8.6	16.5	лишайник-жёлтый-на-камне	0.358	59.2	0.0	16.0	16.0	bbox	2063	344.4	344.4	346.4	1502,620,9,17	239.6	39.4828700	73.5863151	4663.6
2065	2065	1.465	стакан-марка-красная	11.0	13.7	порода-в-тени	0.626	36.1	0.0	0.0	0.0	bbox	2064	256.3	255.3	257.3	1626,706,12,7	239.4	39.4829239	73.5861786	4674.5
2066	2066	1.192	рюкзак-синий	8.1	17.8	порода-в-тени	0.801	21.0	2.0	-6.0	6.3	bbox	2065	421.5	419.5	421.5	1040,695,15,10	239.4	39.4828739	73.5863160	4663.6
2067	2067	2.643	крышка-бирюзовая	20.6	16.5	снег-освещённый	1.302	70.6	-9.0	6.0	10.8	bbox	2066	229.3	229.3	229.3	153,115,24,4	239.2	39.4829274	73.5861775	4674.5
2068	2068	1.136	стакан-марка-красная	3.6	29.2	порода-в-тени	1.250	20.6	8.0	-1.0	8.1	bbox	2067	478.5	478.5	478.5	419,177,4,22	239.2	39.4828724	73.5863119	4663.6
2069	2069	2.311	палка-ручка-контроль	16.6	28.2	корка-жёлтая-на-скале	0.844	29.4	-3.0	12.0	12.4	bbox	2068	2.0	2.0	2.0	0,545,10,9	238.9	39.4832974	73.5853335	4674.5
2070	2070	2.070	палка-ручка-пробка	16.6	0.2	снег-розовый	1.028	75.5	-3.0	8.5	9.0	bbox	2069	52.1	52.1	52.1	713,1061,10,7	238.9	39.4830257	73.5859852	4674.5
2071	2071	1.791	стакан-марка-красная	12.6	23.5	порода-в-тени	0.789	26.3	-1.0	5.0	5.1	bbox	2070	269.3	267.3	270.3	1513,881,11,10	238.8	39.4828610	73.5863207	4674.4
2072	2072	2.089	стакан-марка-красная	13.2	36.1	снег-освещённый	0.435	85.9	-2.0	3.0	3.6	bbox	2071	279.3	279.3	279.3	1193,89,28,4	238.7	39.4828629	73.5863205	4674.4
2073	2073	1.138	рюкзак-синий	5.0	26.6	снег-в-тени	1.467	12.2	5.0	-11.0	12.1	bbox	2072	264.3	264.3	265.3	432,631,7,16	238.5	39.4828608	73.5863211	4674.4
2074	2074	2.108	стакан-марка-красная	16.4	13.7	корка-жёлтая-на-скале	0.698	36.1	-2.0	11.0	11.2	bbox	2073	78.1	78.1	78.1	221,151,21,5	238.4	39.4830247	73.5859790	4674.5
2075	2075	1.164	рюкзак-синий	6.7	22.5	снег-в-тени	1.325	16.3	5.5	-9.0	10.5	bbox	2074	247.3	246.3	247.3	473,982,12,7	238.3	39.4829254	73.5861774	4674.5
2076	2076	1.344	рюкзак-синий	5.4	32.6	снег-в-тени	0.930	71.4	3.0	-9.0	9.5	bbox	2075	305.3	305.3	305.3	99,675,8,14	238.2	39.4828671	73.5863204	4663.6
2077	2077	1.470	стакан-марка-красная	5.0	37.3	порода-охристая	1.247	12.5	14.0	5.0	14.9	bbox	2076	343.4	343.4	343.4	319,289,14,6	238.0	39.4828696	73.5863155	4663.6
2078	2078	2.636	крышка-бирюзовая	20.5	17.1	снег-освещённый	1.466	71.2	-10.0	7.0	12.2	bbox	2077	219.2	219.2	219.2	801,67,12,6	237.9	39.4829280	73.5861753	4674.5
2079	2079	1.672	стакан-марка-красная	3.2	45.5	порода-в-тени	1.381	4.3	8.0	0.0	8.0	bbox	2078	81.1	78.1	81.1	269,419,15,13	237.7	39.4830245	73.5859803	4674.5
2080	2080	1.935	стакан-марка-красная	15.3	9.0	корка-жёлтая-на-скале	0.829	40.8	-2.0	9.0	9.2	bbox	2079	82.1	82.1	82.1	1187,307,10,12	237.6	39.4830246	73.5859805	4674.5
2081	2081	1.120	рюкзак-синий	8.6	8.8	снег-в-тени	0.991	30.0	6.0	-7.0	9.2	bbox	2080	404.5	404.5	406.5	173,290,10,12	237.6	39.4828745	73.5863204	4663.6
2082	2082	0.683	рюкзак-синий	5.4	3.2	снег-в-тени	0.447	42.0	3.0	-9.0	9.5	bbox	2081	238.3	238.3	245.3	1756,131,13,12	237.3	39.4829264	73.5861780	4674.5
2083	2083	2.066	рюкзак-синий	14.9	25.3	порода-в-тени	0.372	13.5	-4.0	0.0	4.0	bbox	2082	395.4	395.4	395.4	133,991,12,8	237.3	39.4828751	73.5863186	4663.6
2084	2084	1.704	палка-древко-контроль	13.5	5.7	порода-в-тени	1.300	47.3	-9.0	-1.5	9.1	bbox	2083	214.2	214.2	214.2	1591,371,6,14	237.2	39.4829282	73.5861765	4674.5
2085	2085	1.445	рюкзак-синий	5.7	35.3	порода-в-тени	1.547	3.5	5.0	-10.0	11.2	bbox	2084	446.5	446.5	446.5	1160,619,13,10	237.1	39.4828750	73.5863145	4663.6
2086	2086	0.937	рюкзак-синий	7.3	6.3	снег-в-тени	0.573	32.5	-1.0	-7.0	7.1	bbox	2085	149.2	146.2	149.2	268,235,21,9	237.0	39.4829342	73.5861785	4674.5
2087	2087	0.627	палка-ручка-пробка	5.0	1.4	лишайник-жёлтый-на-камне	0.851	74.3	0.0	23.0	23.0	bbox	2086	353.4	353.4	353.4	1485,641,12,10	236.6	39.4828711	73.5863144	4663.6
2088	2088	1.569	стакан-марка-красная	11.2	20.0	порода-в-тени	0.419	29.8	0.0	-1.0	1.0	bbox	2087	354.4	354.4	354.4	689,799,12,9	236.2	39.4828715	73.5863143	4663.6
2089	2089	0.803	стакан-марка-красная	4.1	17.3	порода-охристая	1.249	32.5	7.0	2.0	7.3	bbox	2088	31.0	31.0	31.0	40,1045,9,14	236.1	39.4833092	73.5853334	4674.5
2090	2090	1.014	стакан-марка-красная	5.0	22.3	порода-в-тени	1.160	27.5	7.0	-2.0	7.3	bbox	2089	414.5	414.5	414.5	651,129,12,6	236.1	39.4828738	73.5863180	4663.6
2091	2091	0.824	рюкзак-синий	4.1	18.0	снег-в-тени	0.997	20.8	0.0	-10.0	10.0	bbox	2090	1.0	1.0	1.0	1915,0,5,17	236.0	39.4832968	73.5853336	4674.5
2092	2092	0.474	стакан-марка-красная	3.6	4.1	снег-в-тени	1.331	45.7	8.0	-1.0	8.1	bbox	2091	436.5	436.5	440.5	1457,130,14,7	236.0	39.4828750	73.5863138	4663.6
2093	2093	1.359	палка-ручка-пробка	9.9	15.7	корка-жёлтая-на-скале	0.518	60.0	-2.0	16.0	16.1	bbox	2092	359.4	358.4	359.4	1641,611,12,8	235.9	39.4828724	73.5863145	4663.6
2094	2094	0.564	рюкзак-синий	4.3	5.1	снег-в-тени	0.423	43.9	2.5	-10.0	10.3	bbox	2093	252.3	252.3	252.3	1545,33,16,7	235.8	39.4829248	73.5861773	4674.5
2095	2095	1.708	палка-древко-контроль	13.2	12.9	снег-в-тени	1.087	54.5	-6.0	-2.0	6.3	bbox	2094	219.2	219.2	219.2	1490,0,11,15	235.6	39.4829280	73.5861753	4674.5
2096	2096	1.097	рюкзак-синий	6.1	22.1	порода-в-тени	1.017	16.7	2.0	-8.0	8.2	bbox	2095	144.2	143.2	144.2	1513,195,16,6	235.1	39.4829346	73.5861788	4674.5
2097	2097	1.552	рюкзак-синий	9.5	28.0	снег-в-тени	1.858	10.8	10.0	-11.0	14.9	bbox	2096	380.4	380.4	382.4	489,277,8,8	234.7	39.4828778	73.5863211	4663.6
2098	2098	1.893	рюкзак-синий	12.0	32.1	порода-в-тени	0.565	6.7	0.0	-2.0	2.0	bbox	2097	51.1	49.1	51.1	1647,25,9,16	234.6	39.4830258	73.5859854	4674.4
2099	2099	1.911	стакан-марка-красная	11.2	36.5	снег-освещённый	0.264	86.3	0.0	-1.0	1.0	bbox	2098	85.1	85.1	85.1	649,172,7,20	234.0	39.4830242	73.5859809	4674.5
2100	2100	1.976	стакан-марка-красная	14.8	19.8	корка-жёлтая-на-скале	1.110	30.0	-2.0	8.0	8.2	bbox	2099	154.2	154.2	154.2	1633,409,8,8	234.0	39.4829336	73.5861791	4674.5
2101	2101	1.001	стакан-марка-красная	6.7	15.3	снег-розовый	1.074	65.1	8.0	7.0	10.6	bbox	2100	378.4	378.4	378.4	1077,259,11,12	233.6	39.4828773	73.5863208	4663.5
2102	2102	0.424	стакан-марка-красная	3.2	4.3	снег-розовый	1.125	54.1	8.0	2.0	8.2	bbox	2101	2.0	2.0	2.0	561,377,23,11	233.5	39.4832974	73.5853335	4674.5
2103	2103	0.501	рюкзак-синий	4.0	0.8	снег-в-тени	0.405	39.6	1.0	-10.0	10.0	bbox	2102	135.2	133.2	137.2	489,381,10,10	233.4	39.4829338	73.5861791	4674.5
2104	2104	1.166	рюкзак-синий	5.8	25.5	снег-в-тени	1.489	13.3	6.0	-11.0	12.5	bbox	2103	430.5	430.5	430.5	11,465,6,10	233.4	39.4828747	73.5863145	4663.6
2105	2105	1.766	стакан-марка-красная	13.9	9.0	корка-жёлтая-на-скале	0.919	40.8	-1.0	8.0	8.1	bbox	2104	32.0	30.0	34.0	963,477,13,14	233.2	39.4833094	73.5853331	4674.5
2106	2106	0.883	рюкзак-синий	6.3	11.0	снег-в-тени	0.382	49.8	3.0	-8.0	8.5	bbox	2105	114.1	114.1	114.1	23,357,8,12	233.1	39.4829340	73.5861797	4674.4
2107	2107	0.988	стакан-марка-красная	4.2	23.3	порода-в-тени	1.275	26.5	8.0	-2.0	8.2	bbox	2106	401.5	401.5	401.5	1281,673,8,14	233.1	39.4828750	73.5863206	4663.6
2108	2108	0.763	стакан-марка-красная	3.6	17.3	порода-в-тени	1.323	32.5	8.0	-1.0	8.1	bbox	2107	388.4	388.4	393.4	485,1051,12,14	232.9	39.4828771	73.5863188	4663.6
2109	2109	1.091	стакан-марка-красная	7.3	16.9	порода-охристая	0.491	32.9	9.0	8.0	12.0	bbox	2108	419.5	419.5	419.5	1233,729,10,8	232.9	39.4828739	73.5863164	4663.6
2110	2110	0.593	стакан-марка-красная	3.6	10.8	снег-в-тени	1.365	39.0	8.0	-1.0	8.1	bbox	2109	386.4	386.4	397.5	417,977,16,8	232.8	39.4828779	73.5863199	4663.6
2111	2111	1.350	рюкзак-синий	8.5	23.1	порода-в-тени	0.991	15.7	4.0	-6.0	7.2	bbox	2110	231.3	231.3	231.3	727,977,10,16	232.7	39.4829272	73.5861777	4674.5
2112	2112	1.489	палка-ручка-пробка	8.4	29.6	корка-жёлтая-на-скале	0.318	46.1	2.5	15.0	15.2	bbox	2111	101.1	95.1	102.1	401,93,10,8	232.6	39.4830120	73.5859987	4674.5
2113	2113	0.489	стакан-марка-красная	3.9	0.8	снег-в-тени	1.304	50.6	8.5	-2.0	8.7	bbox	2112	417.5	417.5	417.5	459,305,12,7	232.6	39.4828738	73.5863171	4663.6
2114	2114	2.234	крышка-контроль	16.3	25.8	снег-освещённый	1.237	68.2	-10.0	2.0	10.2	bbox	2113	228.3	228.3	228.3	1881,153,16,10	232.5	39.4829275	73.5861774	4674.5
2115	2115	1.648	палка-древко-контроль	13.0	6.8	снег-в-тени	1.153	48.4	-7.0	-2.0	7.3	bbox	2114	235.3	235.3	235.3	1389,1013,12,12	232.5	39.4829267	73.5861782	4674.5
2116	2116	1.798	рюкзак-синий	13.3	18.8	порода-в-тени	0.014	20.0	-2.0	-1.0	2.2	bbox	2115	383.4	383.4	383.4	1688,7,10,10	232.3	39.4828780	73.5863210	4663.5
2117	2117	1.255	рюкзак-синий	3.2	33.4	снег-в-тени	0.980	72.2	2.0	-11.0	11.2	bbox	2116	301.3	301.3	301.3	1838,7,11,10	232.2	39.4828661	73.5863196	4663.6
2118	2118	0.776	стакан-марка-красная	5.8	7.5	порода-охристая	0.992	57.3	8.0	6.0	10.0	bbox	2117	337.4	337.4	337.4	907,377,10,8	231.9	39.4828673	73.5863164	4663.6
2119	2119	0.441	стакан-марка-красная	3.2	5.5	снег-в-тени	1.420	44.3	8.0	0.0	8.0	bbox	2118	471.5	471.5	471.5	88,33,7,16	231.8	39.4828725	73.5863134	4663.6
2120	2120	2.018	рюкзак-синий	13.0	33.3	порода-в-тени	0.588	5.5	0.0	-1.0	1.0	bbox	2119	293.3	292.3	296.3	1809,265,10,14	231.3	39.4828644	73.5863201	4668.6
2121	2121	1.064	палка-ручка-пробка	7.0	16.8	лишайник-жёлтый-на-камне	1.287	92.5	-2.0	22.5	22.6	bbox	2120	356.4	356.4	356.4	417,193,9,14	231.3	39.4828718	73.5863142	4663.6
2122	2122	0.874	рюкзак-синий	6.7	6.9	снег-в-тени	0.506	45.7	4.0	-8.0	8.9	bbox	2121	119.1	116.1	123.1	418,221,7,14	231.1	39.4829346	73.5861801	4674.4
2123	2123	1.245	стакан-марка-красная	10.0	0.4	порода-охристая	0.567	50.2	8.0	10.5	13.2	bbox	2122	332.4	332.4	332.4	872,815,11,10	231.1	39.4828660	73.5863148	4663.6
2124	2124	1.429	рюкзак-синий	10.3	17.6	снег-в-тени	1.431	21.2	8.5	-7.0	11.0	bbox	2123	356.4	356.4	356.4	3,91,6,12	230.9	39.4828718	73.5863142	4663.6
2125	2125	2.175	палка-ручка-пробка	17.2	9.0	корка-жёлтая-на-скале	1.186	66.7	-5.0	9.0	10.3	bbox	2124	414.5	414.5	414.5	289,353,7,13	230.8	39.4828738	73.5863180	4663.6
2126	2126	1.814	рюкзак-синий	14.1	11.8	снег-в-тени	1.045	50.6	-4.5	-1.0	4.6	bbox	2125	271.3	271.3	271.3	993,969,16,7	230.5	39.4828614	73.5863209	4674.4
2127	2127	0.720	рюкзак-синий	4.1	14.1	снег-в-тени	0.897	24.7	2.0	-10.0	10.2	bbox	2126	420.5	420.5	420.5	373,1041,10,8	230.5	39.4828740	73.5863161	4663.6
2128	2128	0.845	рюкзак-синий	4.2	18.4	снег-в-тени	1.161	20.4	4.0	-11.0	11.7	bbox	2127	50.1	42.0	51.1	1835,581,8,14	230.4	39.4830257	73.5859860	4674.4
2129	2129	1.631	стакан-марка-красная	3.2	44.3	порода-в-тени	1.409	5.5	8.0	2.0	8.2	bbox	2128	327.4	327.4	327.4	1065,953,8,10	230.3	39.4828676	73.5863155	4663.6
2130	2130	1.191	стакан-марка-красная	6.4	24.7	порода-охристая	0.931	25.1	15.0	6.0	16.2	bbox	2129	363.4	359.4	364.4	813,113,12,8	230.3	39.4828723	73.5863154	4663.6
2131	2131	1.278	рюкзак-синий	5.8	29.4	снег-в-тени	1.607	9.4	6.0	-11.0	12.5	bbox	2130	422.5	421.5	422.5	494,171,9,10	230.3	39.4828741	73.5863160	4663.6
2132	2132	1.836	стакан-марка-красная	14.4	9.8	корка-жёлтая-на-скале	0.810	40.0	-1.0	9.0	9.1	bbox	2131	85.1	85.1	85.1	75,882,12,8	230.2	39.4830242	73.5859809	4674.5
2133	2133	1.899	палка-ручка-пробка	14.8	12.6	корка-жёлтая-на-скале	0.868	63.1	-2.0	10.0	10.2	bbox	2132	378.4	378.4	378.4	730,129,8,16	230.2	39.4828773	73.5863208	4663.5
2134	2134	1.124	стакан-марка-красная	6.3	22.4	снег-розовый	0.565	72.2	5.0	-1.0	5.1	bbox	2133	461.5	459.5	461.5	1507,913,10,14	230.2	39.4828733	73.5863128	4663.6
2135	2135	1.935	стакан-марка-красная	13.0	29.2	порода-в-тени	1.152	20.6	0.0	8.0	8.0	bbox	2134	153.2	143.2	153.2	821,1057,8,10	230.1	39.4829339	73.5861790	4674.5
2136	2136	2.097	рюкзак-синий	9.2	49.0	снег-пересвеченный	0.461	87.8	-1.0	-5.0	5.1	bbox	2135	313.4	313.4	313.4	1903,572,17,13	230.1	39.4828678	73.5863189	4663.6
2137	2137	2.107	стакан-марка-красная	16.5	12.2	порода-в-тени	1.040	37.6	-5.0	5.0	7.1	bbox	2136	289.3	288.3	290.3	1905,113,10,18	230.0	39.4828643	73.5863201	4673.2
2138	2138	1.272	рюкзак-синий	7.0	25.9	снег-в-тени	1.764	12.9	8.0	-14.0	16.1	bbox	2137	380.4	378.4	380.4	453,393,8,8	230.0	39.4828778	73.5863211	4663.6
2139	2139	1.519	стакан-марка-красная	11.2	16.7	снег-освещённый	0.541	66.5	0.0	-1.0	1.0	bbox	2138	225.3	225.3	225.3	1262,533,3,28	229.8	39.4829277	73.5861769	4674.5
2140	2140	0.561	стакан-марка-красная	4.5	1.2	снег-в-тени	1.238	48.6	7.0	-1.0	7.1	bbox	2139	330.4	330.4	330.4	131,731,8,16	229.8	39.4828666	73.5863150	4663.6
2141	2141	1.486	рюкзак-синий	6.0	35.9	снег-в-тени	0.969	74.7	1.0	-8.0	8.1	bbox	2140	292.3	291.3	296.3	67,984,4,19	229.5	39.4828641	73.5863205	4669.7
2142	2142	0.639	палка-ручка-пробка	5.1	1.4	лишайник-жёлтый-на-камне	0.790	77.1	0.0	22.0	22.0	bbox	2141	345.4	345.4	348.4	873,97,10,6	229.5	39.4828703	73.5863151	4663.6
2143	2143	1.071	рюкзак-синий	8.1	10.2	снег-в-тени	0.771	28.6	2.0	-6.0	6.3	bbox	2142	418.5	418.5	418.5	737,551,8,18	229.5	39.4828738	73.5863166	4663.6
2144	2144	2.022	стакан-марка-красная	13.9	29.0	порода-в-тени	1.132	20.8	-1.0	8.0	8.1	bbox	2143	316.4	316.4	321.4	1704,921,7,13	229.3	39.4828677	73.5863171	4663.6
2145	2145	1.441	стакан-марка-красная	11.2	9.8	порода-в-тени	0.743	40.0	0.0	-1.0	1.0	bbox	2144	77.1	77.1	77.1	1658,139,15,6	229.2	39.4830247	73.5859788	4674.4
2146	2146	1.908	стакан-марка-красная	15.3	0.8	корка-жёлтая-на-скале	0.797	50.6	-2.0	9.0	9.2	bbox	2145	113.1	113.1	113.1	1745,1067,14,10	229.1	39.4829334	73.5861797	4674.5
2147	2147	1.029	стакан-марка-красная	4.2	24.7	порода-в-тени	1.267	25.1	8.0	-2.0	8.2	bbox	2146	400.5	400.5	400.5	1290,705,7,14	229.1	39.4828750	73.5863202	4663.6
2148	2148	0.969	стакан-марка-красная	6.3	15.7	порода-охристая	1.117	65.5	9.0	7.0	11.4	bbox	2147	440.5	440.5	441.5	294,225,9,10	229.0	39.4828753	73.5863135	4663.7
2149	2149	0.961	палка-ручка-пробка	6.7	13.2	лишайник-жёлтый-на-камне	0.105	62.5	2.0	17.0	17.1	bbox	2148	104.1	95.1	104.1	753,273,8,8	228.6	39.4829563	73.5861264	4674.4
2150	2150	1.023	рюкзак-синий	8.1	4.9	снег-в-тени	0.555	33.9	0.0	-6.0	6.0	bbox	2149	133.2	133.2	133.2	647,185,16,13	228.5	39.4829334	73.5861792	4674.5
2151	2151	1.981	стакан-марка-красная	14.8	20.2	корка-жёлтая-на-скале	1.118	29.6	-2.0	8.0	8.2	bbox	2150	139.2	139.2	142.2	1353,801,8,8	228.5	39.4829345	73.5861784	4674.5
2152	2152	1.702	стакан-марка-красная	13.0	13.7	снег-розовый	0.937	63.5	0.0	8.0	8.0	bbox	2151	307.3	307.3	309.4	434,427,17,9	228.4	39.4828676	73.5863206	4663.6
2153	2153	2.029	рюкзак-синий	13.2	33.3	порода-в-тени	0.547	5.5	-1.0	-1.0	1.4	bbox	2152	469.5	469.5	469.5	1788,978,19,5	228.3	39.4828727	73.5863138	4663.6
2154	2154	2.055	палка-древко-контроль	15.0	23.3	снег-освещённый	0.941	64.9	-7.0	0.0	7.0	bbox	2153	210.2	210.2	210.2	1583,101,14,12	228.2	39.4829277	73.5861765	4674.5
2155	2155	1.860	рюкзак-синий	13.6	21.2	порода-в-тени	0.159	17.6	-3.0	-1.0	3.2	bbox	2154	320.4	320.4	323.4	1874,386,9,9	228.0	39.4828680	73.5863154	4663.6
2156	2156	1.063	стакан-марка-красная	8.5	1.0	порода-охристая	0.737	50.8	7.0	8.5	11.0	bbox	2155	380.4	380.4	380.4	1283,179,5,14	228.0	39.4828778	73.5863211	4663.6
2157	2157	0.531	стакан-марка-красная	3.6	7.8	снег-розовый	1.100	57.6	8.0	-1.0	8.1	bbox	2156	445.5	445.5	445.5	1537,164,15,7	227.9	39.4828750	73.5863144	4663.6
2158	2158	0.579	стакан-марка-красная	3.0	12.3	порода-охристая	1.305	37.5	8.0	1.0	8.1	bbox	2157	404.5	404.5	404.5	179,22,8,12	227.8	39.4828745	73.5863204	4663.6
2159	2159	1.711	стакан-марка-красная	12.2	22.0	снег-освещённый	0.346	71.8	-1.0	-1.0	1.4	bbox	2158	85.1	85.1	85.1	243,522,13,7	227.7	39.4830242	73.5859809	4674.5
2160	2160	0.977	палка-ручка-пробка	7.8	0.6	лишайник-жёлтый-на-камне	0.424	75.1	0.0	17.0	17.0	bbox	2159	332.4	332.4	332.4	1511,265,10,10	227.7	39.4828660	73.5863148	4663.6
2161	2161	1.944	стакан-марка-красная	14.0	23.7	снег-освещённый	0.382	73.5	-3.0	1.0	3.2	bbox	2160	152.2	151.2	156.2	623,679,10,18	227.5	39.4829339	73.5861791	4674.4
2162	2162	1.560	палка-ручка-пробка	12.2	9.0	лишайник-жёлтый-на-камне	0.885	66.7	-5.0	16.0	16.8	bbox	2161	56.1	56.1	63.1	1397,785,10,8	227.2	39.4830260	73.5859843	4674.4
2163	2163	1.014	стакан-марка-красная	7.6	9.8	порода-охристая	0.533	40.0	8.0	8.0	11.3	bbox	2162	461.5	461.5	461.5	947,0,8,9	227.2	39.4828733	73.5863128	4663.6
2164	2164	1.222	стакан-марка-красная	6.7	24.9	порода-охристая	0.789	24.9	8.0	7.0	10.6	bbox	2163	336.4	336.4	336.4	1324,953,13,8	227.1	39.4828670	73.5863165	4663.5
2165	2165	1.696	стакан-марка-красная	13.4	7.1	корка-жёлтая-на-скале	1.024	42.7	-1.0	7.0	7.1	bbox	2164	115.1	115.1	115.1	1777,1073,16,7	227.0	39.4829339	73.5861794	4674.4
2166	2166	0.857	рюкзак-синий	6.4	8.6	снег-в-тени	0.895	30.2	5.0	-9.0	10.3	bbox	2165	119.1	119.1	122.1	0,421,9,8	227.0	39.4829346	73.5861801	4674.4
2167	2167	1.817	палка-древко-контроль	14.0	13.7	снег-освещённый	1.269	55.3	-8.0	-1.0	8.1	bbox	2166	233.3	233.3	233.3	681,1043,16,4	227.0	39.4829269	73.5861779	4674.5
2168	2168	1.090	стакан-марка-красная	6.0	22.2	порода-охристая	0.630	27.6	11.0	7.0	13.0	bbox	2167	323.4	323.4	325.4	996,899,11,12	227.0	39.4828687	73.5863150	4663.6
2169	2169	1.802	стакан-марка-красная	9.8	36.9	порода-охристая	1.045	12.9	7.0	10.0	12.2	bbox	2168	84.1	84.1	87.1	568,721,15,9	226.9	39.4830248	73.5859810	4674.4
2170	2170	1.837	палка-древко-контроль	14.0	15.3	снег-освещённый	1.322	56.9	-9.0	-1.0	9.1	bbox	2169	232.3	232.3	232.3	749,1041,19,10	226.8	39.4829268	73.5861778	4674.4
2171	2171	1.223	стакан-марка-красная	8.5	17.1	порода-охристая	0.924	32.7	5.0	7.0	8.6	bbox	2170	464.5	464.5	464.5	1603,819,12,8	226.7	39.4828730	73.5863129	4663.6
2172	2172	1.221	рюкзак-синий	4.0	31.2	снег-в-тени	0.841	70.0	1.0	-10.0	10.0	bbox	2171	287.3	287.3	287.3	1689,0,12,9	226.5	39.4828644	73.5863200	4674.4
2173	2173	1.042	рюкзак-синий	7.8	10.0	снег-в-тени	0.577	48.8	4.5	-7.0	8.3	bbox	2172	380.4	380.4	382.4	463,187,12,12	226.5	39.4828778	73.5863211	4663.6
2174	2174	2.018	рюкзак-синий	6.3	52.0	снег-пересвеченный	1.075	90.8	3.0	-8.0	8.5	bbox	2173	215.2	210.2	215.2	1905,529,6,10	226.4	39.4829282	73.5861765	4674.5
2175	2175	2.021	стакан-марка-красная	16.2	2.4	корка-жёлтая-на-скале	1.129	52.2	-4.0	7.0	8.1	bbox	2174	402.5	402.5	402.5	627,963,12,7	226.4	39.4828749	73.5863208	4663.6
2176	2176	1.879	стакан-марка-красная	8.6	43.1	снег-розовый	1.055	92.9	6.0	8.0	10.0	bbox	2175	415.5	413.5	415.5	1489,815,10,16	226.4	39.4828738	73.5863178	4663.6
2177	2177	1.009	стакан-марка-красная	8.1	1.6	снег-в-тени	0.801	48.2	4.0	-3.0	5.0	bbox	2176	456.5	453.5	456.5	146,11,9,20	226.3	39.4828744	73.5863132	4663.6
2178	2178	0.521	стакан-марка-красная	3.9	5.1	снег-в-тени	1.305	44.7	8.5	-2.0	8.7	bbox	2177	402.5	402.5	402.5	385,57,14,9	226.2	39.4828749	73.5863208	4663.6
2179	2179	1.260	стакан-марка-красная	8.9	16.3	порода-охристая	0.585	33.5	15.0	9.0	17.5	bbox	2178	407.5	407.5	407.5	941,761,8,10	225.9	39.4828745	73.5863192	4663.6
2180	2180	1.145	стакан-марка-красная	4.1	28.6	порода-в-тени	1.186	21.2	7.0	2.0	7.3	bbox	2179	301.3	301.3	301.3	997,1033,11,8	225.8	39.4828661	73.5863196	4663.6
2181	2181	1.609	стакан-марка-красная	12.0	16.3	порода-в-тени	0.546	33.5	-1.0	1.0	1.4	bbox	2180	270.3	268.3	270.3	1630,1046,14,8	225.5	39.4828611	73.5863208	4674.4
2182	2182	0.587	стакан-марка-красная	4.0	8.6	порода-охристая	1.350	41.2	7.0	1.0	7.1	bbox	2181	331.4	331.4	331.4	279,399,9,18	225.5	39.4828663	73.5863148	4663.6
2183	2183	1.741	стакан-марка-красная	13.9	3.5	корка-жёлтая-на-скале	0.886	46.3	-1.0	8.0	8.1	bbox	2182	376.4	376.4	376.4	1580,363,11,6	225.5	39.4828768	73.5863200	4663.5
2184	2184	1.818	стакан-марка-красная	14.3	9.0	корка-жёлтая-на-скале	1.061	40.8	-2.0	7.0	7.3	bbox	2183	474.5	474.5	474.5	1865,526,13,10	225.5	39.4828723	73.5863128	4663.6
2185	2185	1.037	стакан-марка-красная	8.2	4.3	снег-в-тени	0.817	45.5	6.0	-5.5	8.1	bbox	2184	230.3	230.3	230.3	847,1003,20,6	225.4	39.4829273	73.5861776	4674.5
2186	2186	1.563	стакан-марка-красная	4.2	41.2	порода-в-тени	1.325	8.6	8.0	-2.0	8.2	bbox	2185	75.1	74.1	77.1	101,43,10,7	225.2	39.4830249	73.5859790	4674.5
2187	2187	1.081	палка-ручка-пробка	7.6	14.3	лишайник-жёлтый-на-камне	0.193	61.4	2.0	16.0	16.1	bbox	2186	90.1	90.1	90.1	741,1031,18,8	225.1	39.4830233	73.5859794	4674.5
2188	2188	1.747	палка-ручка-пробка	13.4	13.7	лишайник-жёлтый-на-камне	1.197	89.4	-1.0	11.0	11.0	bbox	2187	4.0	4.0	4.0	703,806,13,11	225.0	39.4832992	73.5853335	4674.5
2189	2189	0.567	стакан-марка-красная	1.0	15.5	порода-охристая	1.265	34.3	12.0	1.0	12.0	bbox	2188	414.5	412.5	414.5	453,35,10,14	225.0	39.4828738	73.5863180	4663.6
2190	2190	1.685	стакан-марка-красная	13.4	4.5	корка-жёлтая-на-скале	1.012	45.3	-1.0	7.0	7.1	bbox	2189	415.5	415.5	415.5	391,465,10,8	224.7	39.4828738	73.5863178	4663.6
2191	2191	1.241	стакан-марка-красная	9.8	4.3	порода-охристая	0.574	45.5	7.0	10.0	12.2	bbox	2190	110.1	110.1	117.1	273,617,8,8	224.6	39.4829334	73.5861800	4674.5
2192	2192	1.757	палка-древко-контроль	14.0	2.5	порода-в-тени	1.053	44.1	-7.0	-1.0	7.1	bbox	2191	233.3	233.3	233.3	1355,1035,12,14	224.6	39.4829269	73.5861779	4674.5
2193	2193	0.313	стакан-марка-красная	2.2	3.9	снег-розовый	1.367	53.7	10.0	-1.0	10.0	bbox	2192	446.5	445.5	446.5	987,801,16,10	224.6	39.4828750	73.5863145	4663.6
2194	2194	0.464	стакан-марка-красная	2.8	8.4	снег-в-тени	1.444	41.4	9.0	-1.0	9.1	bbox	2193	431.5	431.5	431.5	451,217,6,18	224.3	39.4828751	73.5863145	4663.6
2195	2195	0.595	стакан-марка-красная	4.5	5.7	снег-в-тени	1.316	55.5	9.0	-3.0	9.5	bbox	2194	455.5	455.5	455.5	1427,138,14,8	223.6	39.4828744	73.5863135	4663.6
2196	2196	1.197	стакан-марка-красная	2.5	32.3	порода-в-тени	1.441	17.5	9.5	-1.0	9.6	bbox	2195	429.5	429.5	429.5	625,227,8,10	223.4	39.4828748	73.5863147	4663.6
2197	2197	1.730	стакан-марка-красная	13.0	16.3	снег-освещённый	0.540	66.1	-2.0	0.0	2.0	bbox	2196	480.5	480.5	480.5	57,377,8,8	223.4	39.4828724	73.5863121	4663.6
2198	2198	1.161	рюкзак-синий	8.9	8.8	порода-в-тени	0.724	30.0	-3.0	-6.0	6.7	bbox	2197	141.2	141.2	141.2	1577,401,14,14	223.2	39.4829341	73.5861782	4674.5
2199	2199	0.927	рюкзак-синий	7.3	4.9	снег-в-тени	0.229	43.7	-1.0	-7.0	7.1	bbox	2198	160.2	156.2	165.2	565,113,16,8	223.0	39.4829327	73.5861793	4674.5
2200	2200	2.606	стакан-марка-красная	18.0	36.7	снег-пересвеченный	0.744	86.5	-7.0	2.0	7.3	bbox	2199	262.3	262.3	267.3	321,473,12,11	223.0	39.4828735	73.5862925	4674.5
2201	2201	0.945	стакан-марка-красная	6.3	14.5	порода-охристая	0.570	35.3	9.0	7.0	11.4	bbox	2200	450.5	448.5	450.5	1464,56,9,9	222.9	39.4828742	73.5863138	4663.6
2202	2202	2.111	стакан-марка-красная	11.0	44.7	порода-в-тени	0.614	5.1	0.0	0.0	0.0	bbox	2201	88.1	88.1	88.1	301,369,20,7	222.8	39.4830239	73.5859802	4674.4
2203	2203	0.881	рюкзак-синий	6.0	12.9	снег-в-тени	0.793	25.9	1.0	-8.0	8.1	bbox	2202	280.3	280.3	280.3	225,561,8,10	222.7	39.4828632	73.5863205	4674.4
2204	2204	1.545	стакан-марка-красная	3.0	42.0	порода-в-тени	1.351	7.8	8.0	1.0	8.1	bbox	2203	84.1	84.1	84.1	795,443,14,12	222.6	39.4830248	73.5859810	4674.4
2205	2205	1.120	рюкзак-синий	8.5	9.4	снег-в-тени	0.559	48.2	4.0	-6.0	7.2	bbox	2204	74.1	73.1	74.1	305,55,16,10	222.5	39.4830255	73.5859791	4674.5
2206	2206	1.481	стакан-марка-красная	5.8	36.1	снег-розовый	0.949	85.9	8.0	6.0	10.0	bbox	2205	431.5	431.5	431.5	1349,584,10,9	222.5	39.4828751	73.5863145	4663.6
2207	2207	1.388	стакан-марка-красная	11.1	0.6	снег-в-тени	0.939	49.2	0.0	-0.5	0.5	bbox	2206	234.3	234.3	234.3	1761,703,8,10	222.3	39.4829269	73.5861779	4674.5
2208	2208	1.153	палка-ручка-пробка	9.2	1.0	лишайник-жёлтый-на-камне	0.514	74.7	-1.0	16.0	16.0	bbox	2207	332.4	332.4	332.4	1387,545,6,16	222.3	39.4828660	73.5863148	4663.6
2209	2209	1.325	стакан-марка-красная	9.8	13.7	снег-розовый	0.802	63.5	2.0	-3.0	3.6	bbox	2208	228.3	228.3	228.3	889,1053,23,12	222.0	39.4829275	73.5861774	4674.5
2210	2210	0.643	стакан-марка-красная	4.1	10.8	порода-охристая	0.761	39.0	10.0	5.0	11.2	bbox	2209	61.1	58.1	61.1	825,981,8,8	221.9	39.4830257	73.5859848	4674.5
2211	2211	0.881	стакан-марка-красная	3.6	21.2	снег-розовый	0.871	71.0	8.0	-1.0	8.1	bbox	2210	430.5	430.5	435.5	1771,577,8,9	221.8	39.4828747	73.5863145	4663.6
2212	2212	0.564	стакан-марка-красная	2.2	13.7	порода-охристая	1.155	36.1	9.0	2.0	9.2	bbox	2211	56.1	56.1	56.1	22,867,7,14	221.7	39.4830260	73.5859843	4674.4
2213	2213	1.185	рюкзак-синий	9.1	9.8	порода-в-тени	0.638	29.0	0.0	-5.0	5.0	bbox	2212	236.3	235.3	236.3	489,1062,10,18	221.7	39.4829264	73.5861783	4674.5
2214	2214	1.761	рюкзак-синий	13.9	7.4	порода-в-тени	0.465	31.4	-4.0	-1.0	4.1	bbox	2213	333.4	333.4	333.4	1865,329,8,15	221.7	39.4828662	73.5863154	4663.6
2215	2215	0.805	рюкзак-синий	6.1	7.4	снег-в-тени	0.638	31.4	2.0	-8.0	8.2	bbox	2214	377.4	377.4	377.4	711,49,8,14	221.5	39.4828768	73.5863203	4663.5
2216	2216	0.933	рюкзак-синий	5.0	19.4	снег-в-тени	1.158	19.4	4.0	-10.0	10.8	bbox	2215	265.3	261.3	269.3	1044,291,19,6	221.3	39.4828605	73.5863221	4674.4
2217	2217	1.156	стакан-марка-красная	9.2	2.6	порода-охристая	1.124	52.4	4.0	7.0	8.1	bbox	2216	483.5	483.5	483.5	89,691,8,12	221.3	39.4828716	73.5863117	4663.6
2218	2218	1.068	стакан-марка-красная	8.5	3.5	снег-в-тени	0.755	53.3	5.0	-5.0	7.1	bbox	2217	232.3	232.3	232.3	656,1069,17,6	221.2	39.4829268	73.5861778	4674.4
2219	2219	0.978	палка-ручка-пробка	7.8	1.6	лишайник-жёлтый-на-камне	0.577	77.3	-1.0	18.0	18.0	bbox	2218	88.1	88.1	88.1	673,1073,10,7	221.1	39.4830239	73.5859802	4674.4
2220	2220	1.217	рюкзак-синий	9.5	7.6	снег-в-тени	0.862	31.2	4.0	-5.0	6.4	bbox	2219	377.4	377.4	377.4	53,45,10,14	221.1	39.4828768	73.5863203	4663.5
2221	2221	0.451	стакан-марка-красная	3.6	0.4	снег-розовый	1.289	50.2	8.0	-1.0	8.1	bbox	2220	414.5	413.5	414.5	609,0,12,7	221.1	39.4828738	73.5863180	4663.6
2222	2222	1.506	палка-древко-контроль	12.0	1.7	порода-в-тени	1.060	43.3	-7.0	-3.0	7.6	bbox	2221	213.2	213.2	213.2	1618,549,11,12	221.0	39.4829278	73.5861766	4674.5
2223	2223	2.061	палка-древко-контроль	15.6	18.4	снег-освещённый	0.973	60.0	-6.0	0.5	6.0	bbox	2222	234.3	234.3	244.3	1249,101,16,10	220.9	39.4829269	73.5861779	4674.5
2224	2224	1.805	стакан-марка-красная	14.3	6.5	корка-жёлтая-на-скале	1.074	56.3	-2.0	7.0	7.3	bbox	2223	90.1	90.1	90.1	275,1003,12,11	220.8	39.4830233	73.5859794	4674.5
2225	2225	1.052	палка-ручка-пробка	7.6	12.5	лишайник-жёлтый-на-камне	0.822	88.2	2.0	16.0	16.1	bbox	2224	29.0	29.0	29.0	945,247,10,12	220.5	39.4833087	73.5853337	4674.5
2226	2226	1.072	рюкзак-синий	5.9	21.9	снег-в-тени	1.460	16.9	6.5	-12.0	13.6	bbox	2225	416.5	416.5	416.5	1625,983,8,10	220.5	39.4828738	73.5863174	4663.6
2227	2227	1.887	палка-древко-контроль	15.0	4.9	порода-в-тени	1.128	46.5	-7.0	0.0	7.0	bbox	2226	235.3	235.3	235.3	517,1025,18,8	220.4	39.4829267	73.5861782	4674.5
2228	2228	2.724	крышка-бирюзовая	20.6	24.7	снег-освещённый	1.252	78.8	-9.0	6.0	10.8	bbox	2227	229.3	229.3	229.3	653,75,15,6	220.3	39.4829274	73.5861775	4674.5
2229	2229	1.583	стакан-марка-красная	11.2	20.8	снег-освещённый	0.405	70.6	0.0	-1.0	1.0	bbox	2228	81.1	79.1	83.1	812,299,11,14	219.8	39.4830245	73.5859803	4674.5
2230	2230	1.962	рюкзак-синий	13.0	30.6	порода-в-тени	0.501	8.2	0.0	-1.0	1.0	bbox	2229	290.3	290.3	290.3	1521,713,8,8	219.7	39.4828642	73.5863206	4672.1
2231	2231	2.111	палка-древко-контроль	15.1	26.2	снег-освещённый	0.778	67.8	-6.0	0.0	6.0	bbox	2230	144.2	144.2	144.2	1732,145,15,12	219.5	39.4829346	73.5861788	4674.5
2232	2232	1.647	стакан-марка-красная	13.2	2.5	снег-в-тени	0.910	47.3	-2.0	-1.0	2.2	bbox	2231	398.5	398.5	398.5	209,4,14,13	219.5	39.4828747	73.5863193	4663.6
2233	2233	1.477	стакан-марка-красная	8.2	29.6	снег-розовый	1.239	79.4	9.0	9.0	12.7	bbox	2232	337.4	337.4	337.4	707,193,7,10	219.3	39.4828673	73.5863164	4663.6
2234	2234	1.690	стакан-марка-красная	13.4	5.9	корка-жёлтая-на-скале	1.046	55.7	-1.0	7.0	7.1	bbox	2233	461.5	461.5	461.5	0,123,18,4	219.3	39.4828733	73.5863128	4663.6
2235	2235	1.642	стакан-марка-красная	12.4	15.5	снег-освещённый	0.608	65.3	-1.0	-2.0	2.2	bbox	2234	75.1	75.1	75.1	1185,523,16,4	219.1	39.4830249	73.5859790	4674.5
2236	2236	2.095	рюкзак-синий	13.0	36.8	порода-в-тени	0.704	2.0	0.0	-1.0	1.0	bbox	2235	112.1	112.1	113.1	0,57,8,8	219.1	39.4829333	73.5861798	4674.5
2237	2237	1.624	стакан-марка-красная	11.2	23.1	снег-освещённый	0.332	72.9	0.0	-1.0	1.0	bbox	2236	92.1	92.1	92.1	1075,115,14,6	218.9	39.4830227	73.5859783	4674.4
2238	2238	0.902	стакан-марка-красная	7.2	1.0	снег-розовый	1.095	50.8	5.0	5.0	7.1	bbox	2237	483.5	483.5	483.5	313,659,12,14	218.8	39.4828716	73.5863117	4663.6
2239	2239	1.108	рюкзак-синий	7.6	15.9	снег-в-тени	1.027	22.9	4.0	-7.0	8.1	bbox	2238	344.4	344.4	344.4	70,155,7,14	218.7	39.4828700	73.5863151	4663.6
2240	2240	1.169	рюкзак-синий	6.0	25.1	снег-в-тени	0.589	63.9	1.0	-8.0	8.1	bbox	2239	352.4	350.4	352.4	1593,195,11,8	218.6	39.4828710	73.5863147	4663.6
2241	2241	1.911	стакан-марка-красная	15.3	2.9	корка-жёлтая-на-скале	0.810	52.7	-2.0	9.0	9.2	bbox	2240	402.5	402.5	407.5	353,629,8,12	218.6	39.4828749	73.5863208	4663.6
2242	2242	0.828	стакан-марка-красная	2.8	21.0	порода-в-тени	1.408	28.8	9.0	-1.0	9.1	bbox	2241	86.1	86.1	86.1	55,953,10,8	218.5	39.4830242	73.5859808	4674.5
2243	2243	1.065	палка-ручка-пробка	8.5	2.6	лишайник-жёлтый-на-камне	0.464	73.1	-1.0	17.0	17.0	bbox	2242	332.4	332.4	332.4	1403,453,12,7	218.5	39.4828660	73.5863148	4663.6
2244	2244	1.022	рюкзак-синий	7.6	10.4	снег-в-тени	0.518	49.2	4.0	-7.0	8.1	bbox	2243	420.5	420.5	420.5	493,65,8,16	218.5	39.4828740	73.5863161	4663.6
2245	2245	1.428	палка-ручка-пробка	11.4	2.5	лишайник-жёлтый-на-камне	0.773	78.2	-2.0	14.0	14.1	bbox	2244	107.1	107.1	108.1	867,391,8,8	218.4	39.4829332	73.5861794	4674.5
2246	2246	0.575	стакан-марка-красная	3.6	10.0	снег-в-тени	1.359	39.8	8.0	-1.0	8.1	bbox	2245	330.4	330.4	330.4	587,531,10,12	218.4	39.4828666	73.5863150	4663.6
2247	2247	1.847	рюкзак-синий	13.6	20.2	порода-в-тени	0.140	18.6	-3.0	-1.0	3.2	bbox	2246	372.4	360.4	375.4	1250,184,9,12	217.9	39.4828758	73.5863191	4663.6
2248	2248	1.065	рюкзак-синий	6.3	20.0	порода-в-тени	1.077	18.8	3.0	-8.0	8.5	bbox	2247	376.4	376.4	376.4	186,67,7,9	217.9	39.4828768	73.5863200	4663.5
2249	2249	2.227	палка-ручка-пробка	17.7	7.4	снег-освещённый	1.460	83.1	-7.0	10.0	12.2	bbox	2248	425.5	425.5	425.5	161,685,9,12	217.2	39.4828740	73.5863154	4663.6
2250	2250	0.892	рюкзак-синий	4.1	20.4	снег-в-тени	1.372	18.4	5.0	-13.0	13.9	bbox	2249	220.3	220.3	220.3	1473,137,24,4	216.7	39.4829280	73.5861753	4674.4
2251	2251	0.581	стакан-марка-красная	4.2	6.7	снег-в-тени	1.261	43.1	8.0	-2.0	8.2	bbox	2250	330.4	330.4	330.4	7,433,7,13	216.4	39.4828666	73.5863150	4663.6
2252	2252	2.508	крышка-контроль	20.0	5.7	порода-в-тени	1.529	36.7	-10.0	7.0	12.2	bbox	2251	229.3	229.3	230.3	979,65,22,4	216.3	39.4829274	73.5861775	4674.5
2253	2253	1.857	стакан-марка-красная	14.5	10.8	корка-жёлтая-на-скале	1.020	39.0	-2.0	7.5	7.8	bbox	2252	100.1	100.1	100.1	68,55,19,6	216.2	39.4830196	73.5859808	4674.5
2254	2254	1.506	стакан-марка-красная	12.0	1.2	снег-в-тени	1.014	51.0	-1.0	0.0	1.0	bbox	2253	242.3	240.3	245.3	1333,733,15,5	216.1	39.4829252	73.5861773	4674.5
2255	2255	0.849	стакан-марка-красная	4.0	19.2	порода-в-тени	1.209	30.6	7.0	1.0	7.1	bbox	2254	81.1	81.1	81.1	817,13,8,10	216.0	39.4830245	73.5859803	4674.5
2256	2256	0.572	палка-ручка-пробка	3.2	11.6	лишайник-жёлтый-на-камне	0.627	64.1	2.0	22.0	22.1	bbox	2255	104.1	104.1	104.1	315,37,8,8	216.0	39.4829563	73.5861264	4674.4
2257	2257	2.252	стакан-марка-красная	11.0	49.8	снег-освещённый	0.683	99.6	0.0	0.0	0.0	bbox	2256	280.3	280.3	280.3	1657,329,8,8	215.6	39.4828632	73.5863205	4674.4
2258	2258	1.515	рюкзак-синий	9.0	28.4	снег-в-тени	1.977	10.4	10.0	-14.0	17.2	bbox	2257	416.5	416.5	416.5	0,271,7,10	215.3	39.4828738	73.5863174	4663.6
2259	2259	1.150	рюкзак-синий	8.7	10.2	снег-в-тени	1.773	28.6	9.0	-17.5	19.7	bbox	2258	225.3	225.3	225.3	1123,41,21,4	215.2	39.4829277	73.5861769	4674.5
2260	2260	1.383	палка-древко-контроль	11.0	2.3	снег-в-тени	1.017	43.9	-7.0	-4.0	8.1	bbox	2259	233.3	233.3	233.3	1287,999,12,10	215.0	39.4829269	73.5861779	4674.5
2261	2261	0.741	стакан-марка-красная	3.6	16.5	снег-розовый	1.086	66.3	9.0	-2.0	9.2	bbox	2260	443.5	443.5	443.5	1815,63,8,10	215.0	39.4828751	73.5863140	4663.6
2262	2262	2.433	стакан-марка-красная	19.4	4.7	снег-освещённый	1.428	54.5	-8.0	5.0	9.4	bbox	2261	480.5	480.5	481.5	513,1073,13,7	214.6	39.4828724	73.5863121	4663.6
2263	2263	1.591	рюкзак-синий	8.1	34.5	порода-в-тени	0.985	4.3	2.0	-6.0	6.3	bbox	2262	268.3	264.3	268.3	657,967,11,14	214.3	39.4828611	73.5863208	4674.4
2264	2264	1.182	рюкзак-синий	5.8	26.1	порода-в-тени	1.280	12.7	4.0	-9.0	9.8	bbox	2263	377.4	372.4	377.4	775,575,12,8	214.1	39.4828768	73.5863203	4663.5
2265	2265	1.291	стакан-марка-красная	9.5	14.3	порода-охристая	1.000	64.1	8.0	10.0	12.8	bbox	2264	378.4	378.4	378.4	1873,0,8,9	213.8	39.4828773	73.5863208	4663.5
2266	2266	1.740	стакан-марка-красная	13.9	3.1	корка-жёлтая-на-скале	0.903	52.9	-1.0	8.0	8.1	bbox	2265	116.1	116.1	118.1	1624,987,9,10	213.5	39.4829340	73.5861796	4674.5
2267	2267	1.494	стакан-марка-красная	4.0	39.4	порода-в-тени	1.207	10.4	7.0	1.0	7.1	bbox	2266	78.1	78.1	78.1	1691,841,12,8	213.4	39.4830247	73.5859790	4674.5
2268	2268	0.708	стакан-марка-красная	3.6	15.3	порода-в-тени	1.348	34.5	8.0	-1.0	8.1	bbox	2267	358.4	358.4	358.4	297,505,10,8	213.3	39.4828723	73.5863144	4663.6
2269	2269	1.161	палка-ручка-пробка	8.9	8.8	лишайник-жёлтый-на-камне	0.734	84.5	1.0	15.0	15.0	bbox	2268	384.4	383.4	384.4	1025,205,12,12	213.3	39.4828781	73.5863207	4663.5
2270	2270	1.816	палка-древко-контроль	14.0	13.6	порода-в-тени	0.798	28.0	-8.0	-1.0	8.1	bbox	2269	237.3	237.3	237.3	1473,953,8,8	213.2	39.4829264	73.5861782	4674.5
2271	2271	1.756	палка-древко-контроль	14.0	4.1	порода-в-тени	1.174	45.7	-8.0	-1.0	8.1	bbox	2270	234.3	234.3	234.3	901,1066,16,7	213.1	39.4829269	73.5861779	4674.5
2272	2272	1.404	рюкзак-синий	11.0	7.8	порода-в-тени	0.550	31.0	0.5	-3.0	3.0	bbox	2271	228.3	228.3	228.3	1169,67,8,8	212.9	39.4829275	73.5861774	4674.5
2273	2273	1.037	палка-ручка-пробка	8.1	6.9	лишайник-жёлтый-на-камне	0.213	68.8	1.0	16.0	16.0	bbox	2272	6.0	6.0	6.0	1689,473,8,10	212.8	39.4833003	73.5853336	4674.5
2274	2274	0.648	рюкзак-синий	4.0	11.5	снег-в-тени	0.785	27.3	1.0	-10.0	10.0	bbox	2273	226.3	226.3	226.3	851,245,14,12	212.8	39.4829276	73.5861772	4674.4
2275	2275	1.785	стакан-марка-красная	14.2	4.7	корка-жёлтая-на-скале	0.632	45.1	0.0	10.0	10.0	bbox	2274	51.1	45.1	51.1	995,490,13,10	212.7	39.4830258	73.5859854	4674.4
2276	2276	1.398	стакан-марка-красная	11.2	0.4	снег-в-тени	0.877	49.4	0.0	-1.0	1.0	bbox	2275	87.1	87.1	87.1	466,890,21,5	212.5	39.4830241	73.5859806	4674.4
2277	2277	2.018	палка-древко-контроль	16.0	6.6	порода-в-тени	1.348	48.2	-9.0	1.0	9.1	bbox	2276	210.2	210.2	210.2	357,1057,12,6	212.5	39.4829277	73.5861765	4674.5
2278	2278	0.531	стакан-марка-красная	3.6	7.8	снег-розовый	1.100	57.6	8.0	-1.0	8.1	bbox	2277	444.5	444.5	444.5	1877,0,12,8	212.5	39.4828751	73.5863143	4663.6
2279	2279	1.928	стакан-марка-красная	12.0	33.7	порода-в-тени	0.235	16.1	-1.0	0.0	1.0	bbox	2278	171.2	168.2	171.2	17,401,24,6	212.4	39.4829301	73.5861779	4674.5
2280	2280	1.445	стакан-марка-красная	4.2	37.7	снег-розовый	0.865	87.5	8.0	4.0	8.9	bbox	2279	390.4	390.4	390.4	1079,466,14,8	211.9	39.4828766	73.5863183	4663.6
2281	2281	1.010	стакан-марка-красная	7.6	9.4	порода-охристая	0.535	40.4	8.0	8.0	11.3	bbox	2280	431.5	431.5	431.5	1651,587,12,6	211.9	39.4828751	73.5863145	4663.6
2282	2282	1.872	палка-ручка-контроль	13.9	19.6	корка-жёлтая-на-скале	0.391	38.0	-1.0	14.0	14.0	bbox	2281	353.4	353.4	353.4	1005,771,10,12	211.8	39.4828711	73.5863144	4663.6
2283	2283	0.877	рюкзак-синий	4.0	20.2	снег-в-тени	1.079	18.6	1.0	-10.0	10.0	bbox	2282	261.3	260.3	264.3	177,799,17,6	211.6	39.4828831	73.5862708	4674.5
2284	2284	1.891	стакан-марка-красная	14.8	11.6	корка-жёлтая-на-скале	0.972	38.2	-2.0	8.0	8.2	bbox	2283	448.5	448.5	448.5	1489,721,20,4	211.6	39.4828746	73.5863141	4663.7
2285	2285	0.993	рюкзак-синий	7.3	11.2	снег-в-тени	0.821	27.6	3.0	-7.0	7.6	bbox	2284	121.1	121.1	125.1	21,465,8,14	211.3	39.4829348	73.5861806	4674.5
2286	2286	1.451	рюкзак-синий	8.2	28.6	порода-в-тени	0.956	10.2	3.0	-6.0	6.7	bbox	2285	230.3	230.3	230.3	467,999,22,18	211.3	39.4829273	73.5861776	4674.5
2287	2287	1.993	стакан-марка-красная	12.2	36.1	снег-освещённый	0.220	85.9	-1.0	-1.0	1.4	bbox	2286	349.4	349.4	349.4	1229,343,9,8	211.3	39.4828708	73.5863154	4663.6
2288	2288	1.538	стакан-марка-красная	3.6	41.2	порода-в-тени	1.319	8.6	8.0	-1.0	8.1	bbox	2287	402.5	402.5	405.5	1569,179,14,9	211.0	39.4828749	73.5863208	4663.6
2289	2289	1.450	рюкзак-синий	7.0	32.4	снег-в-тени	0.853	71.2	1.0	-7.0	7.1	bbox	2288	40.0	40.0	40.0	97,923,8,20	210.9	39.4831813	73.5856288	4674.5
2290	2290	1.321	палка-ручка-пробка	8.5	21.8	корка-жёлтая-на-скале	0.332	53.9	2.0	15.0	15.1	bbox	2289	116.1	116.1	116.1	743,121,14,6	210.9	39.4829340	73.5861796	4674.5
2291	2291	0.804	рюкзак-синий	6.3	4.1	снег-в-тени	0.599	34.7	3.0	-8.0	8.5	bbox	2290	413.5	410.5	413.5	355,784,4,15	210.8	39.4828739	73.5863181	4663.6
2292	2292	1.412	палка-ручка-пробка	9.9	19.0	корка-жёлтая-на-скале	0.422	56.7	-2.0	16.0	16.1	bbox	2291	362.4	358.4	365.4	1482,353,13,8	210.6	39.4828723	73.5863150	4663.6
2293	2293	0.751	стакан-марка-красная	5.3	9.8	снег-в-тени	1.147	40.0	7.0	-2.5	7.4	bbox	2292	381.4	381.4	381.4	1051,21,10,12	210.6	39.4828779	73.5863212	4663.6
2294	2294	0.885	рюкзак-синий	5.4	16.1	снег-в-тени	0.470	54.9	3.0	-9.0	9.5	bbox	2293	266.3	266.3	266.3	1833,95,15,10	210.3	39.4828609	73.5863217	4674.5
2295	2295	1.253	палка-ручка-пробка	10.0	2.4	лишайник-жёлтый-на-камне	0.530	73.3	-1.0	15.0	15.0	bbox	2294	67.1	60.1	67.1	1073,861,8,10	210.2	39.4830260	73.5859827	4674.5
2296	2296	0.986	стакан-марка-красная	6.7	14.5	порода-охристая	0.635	35.3	14.0	7.0	15.7	bbox	2295	337.4	337.4	337.4	555,237,10,8	210.2	39.4828673	73.5863164	4663.6
2297	2297	0.946	стакан-марка-красная	7.4	4.9	снег-розовый	0.960	54.7	4.0	-1.5	4.3	bbox	2296	433.5	433.5	434.5	369,489,8,16	210.2	39.4828751	73.5863146	4663.6
2298	2298	1.406	стакан-марка-красная	11.2	4.3	порода-в-тени	1.056	45.5	0.0	3.0	3.0	bbox	2297	218.2	218.2	218.2	1751,196,9,11	210.1	39.4829281	73.5861755	4674.5
2299	2299	1.663	стакан-марка-красная	12.0	20.0	порода-в-тени	0.404	29.8	-1.0	0.5	1.1	bbox	2298	228.3	228.3	228.3	685,67,12,10	210.0	39.4829275	73.5861774	4674.5
2300	2300	0.570	стакан-марка-красная	2.2	13.9	порода-охристая	1.508	35.9	10.0	-1.0	10.0	bbox	2299	343.4	343.4	343.4	17,203,16,6	210.0	39.4828696	73.5863155	4663.6
2301	2301	1.296	стакан-марка-красная	2.8	34.9	порода-в-тени	1.389	14.9	9.0	-1.0	9.1	bbox	2300	428.5	428.5	428.5	1455,613,10,12	209.9	39.4828744	73.5863151	4663.6
2302	2302	1.413	рюкзак-синий	5.1	35.3	снег-в-тени	0.981	74.1	2.0	-9.0	9.2	bbox	2301	37.0	31.0	37.0	77,533,6,12	209.6	39.4832550	73.5854593	4674.5
2303	2303	2.492	стакан-марка-красная	19.4	15.9	снег-освещённый	1.203	65.7	-8.0	5.0	9.4	bbox	2302	227.3	224.3	231.3	317,341,12,11	209.6	39.4829276	73.5861773	4674.5
2304	2304	1.702	рюкзак-синий	10.0	32.1	снег-в-тени	2.194	6.7	11.0	-15.0	18.6	bbox	2303	225.3	225.3	225.3	9,1050,6,10	209.3	39.4829277	73.5861769	4674.5
2305	2305	1.370	палка-ручка-пробка	9.9	16.5	корка-жёлтая-на-скале	0.494	59.2	-2.0	16.0	16.1	bbox	2304	360.4	360.4	360.4	1089,225,10,8	209.1	39.4828723	73.5863145	4663.6
2306	2306	1.956	стакан-марка-красная	15.2	12.5	корка-жёлтая-на-скале	1.132	37.3	-3.0	7.0	7.6	bbox	2305	148.2	147.2	150.2	1511,985,6,15	209.0	39.4829345	73.5861783	4674.5
2307	2307	0.626	стакан-марка-красная	5.0	0.8	снег-в-тени	1.157	50.6	7.0	-2.0	7.3	bbox	2306	466.5	466.5	466.5	419,21,12,10	208.5	39.4828730	73.5863133	4663.6
2308	2308	1.337	рюкзак-синий	5.1	32.9	снег-в-тени	1.787	5.9	6.0	-13.0	14.3	bbox	2307	416.5	416.5	416.5	1021,721,8,10	207.9	39.4828738	73.5863174	4663.6
2309	2309	1.480	рюкзак-синий	7.6	31.7	снег-в-тени	1.805	7.1	8.0	-11.0	13.6	bbox	2308	425.5	425.5	425.5	337,967,10,15	207.7	39.4828740	73.5863154	4663.6
2310	2310	1.057	рюкзак-синий	7.1	16.3	порода-в-тени	0.794	22.5	0.0	-7.0	7.0	bbox	2309	148.2	148.2	149.2	377,71,16,8	207.5	39.4829345	73.5861783	4674.5
2311	2311	1.404	стакан-марка-красная	2.8	38.0	порода-в-тени	1.409	11.8	9.0	-1.0	9.1	bbox	2310	62.1	62.1	62.1	171,738,6,10	207.2	39.4830258	73.5859848	4674.5
2312	2312	0.753	стакан-марка-красная	4.5	14.1	порода-в-тени	1.250	35.7	7.0	-1.0	7.1	bbox	2311	414.5	414.5	414.5	568,99,22,8	207.2	39.4828738	73.5863180	4663.6
2313	2313	1.400	стакан-марка-красная	11.2	2.4	снег-в-тени	0.889	52.2	0.0	-1.0	1.0	bbox	2312	80.1	79.1	80.1	1801,609,8,8	207.1	39.4830246	73.5859799	4674.5
2314	2314	0.823	рюкзак-синий	4.0	18.2	снег-в-тени	1.021	20.6	1.5	-10.0	10.1	bbox	2313	0.0	0.0	1.0	1857,405,8,9	207.0	39.4832959	73.5853336	4674.5
2315	2315	1.500	палка-древко-контроль	12.0	0.8	порода-в-тени	1.075	40.8	-8.0	-3.0	8.5	bbox	2314	262.3	262.3	262.3	685,979,16,4	207.0	39.4828735	73.5862925	4674.5
2316	2316	0.895	стакан-марка-красная	6.3	11.8	порода-охристая	0.559	38.0	9.0	7.0	11.4	bbox	2315	434.5	434.5	434.5	1601,681,8,8	206.7	39.4828751	73.5863144	4663.7
2317	2317	0.769	стакан-марка-красная	3.6	17.4	порода-в-тени	1.321	32.4	8.0	-1.0	8.1	bbox	2316	82.1	82.1	82.1	481,17,6,8	206.6	39.4830246	73.5859805	4674.5
2318	2318	1.416	стакан-марка-красная	6.7	32.0	снег-розовый	0.988	81.8	8.0	7.0	10.6	bbox	2317	359.4	357.4	359.4	409,73,8,16	206.4	39.4828724	73.5863145	4663.6
2319	2319	1.133	рюкзак-синий	7.0	20.2	порода-в-тени	0.841	18.6	1.0	-7.0	7.1	bbox	2318	30.0	30.0	30.0	1873,751,8,12	206.2	39.4833090	73.5853336	4674.5
2320	2320	2.441	стакан-марка-красная	17.9	27.4	порода-в-тени	1.307	22.4	-5.0	9.0	10.3	bbox	2319	432.5	432.5	432.5	55,1043,10,8	206.2	39.4828752	73.5863145	4663.6
2321	2321	2.679	крышка-бирюзовая	19.4	31.8	снег-пересвеченный	1.088	85.9	-9.0	4.0	9.8	bbox	2320	232.3	232.3	236.3	385,365,8,15	206.0	39.4829268	73.5861778	4674.4
2322	2322	1.422	палка-ручка-пробка	10.2	17.6	лишайник-жёлтый-на-камне	1.120	93.3	3.0	13.0	13.3	bbox	2321	378.4	378.4	378.4	551,426,12,7	205.8	39.4828773	73.5863208	4663.5
2323	2323	2.111	рюкзак-синий	14.3	31.3	порода-в-тени	0.479	7.5	-2.0	0.0	2.0	bbox	2322	274.3	273.3	274.3	1004,1069,13,11	205.7	39.4828626	73.5863211	4674.5
2324	2324	1.592	стакан-марка-красная	8.1	34.5	снег-розовый	1.005	84.3	7.0	8.0	10.6	bbox	2323	412.5	412.5	412.5	1665,1029,8,12	205.6	39.4828740	73.5863184	4663.6
2325	2325	1.974	стакан-марка-красная	14.8	19.6	снег-розовый	0.948	69.4	-2.0	8.0	8.2	bbox	2324	117.1	117.1	117.1	983,1073,9,7	205.5	39.4829341	73.5861798	4674.5
2326	2326	1.818	палка-ручка-пробка	13.4	19.6	корка-жёлтая-на-скале	0.594	56.1	-1.0	11.0	11.0	bbox	2325	34.0	33.0	37.0	873,817,6,14	205.4	39.4833029	73.5853483	4674.5
2327	2327	1.431	рюкзак-синий	11.2	8.6	порода-в-тени	0.448	30.2	-1.0	-3.0	3.2	bbox	2326	475.5	475.5	475.5	1905,789,9,8	205.2	39.4828724	73.5863128	4663.6
2328	2328	0.839	стакан-марка-красная	3.6	19.8	снег-розовый	0.886	69.6	8.0	-1.0	8.1	bbox	2327	443.5	443.5	443.5	1911,93,9,16	205.1	39.4828751	73.5863140	4663.6
2329	2329	1.626	рюкзак-синий	10.1	28.6	порода-в-тени	0.992	10.2	4.5	-4.5	6.4	bbox	2328	228.3	228.3	228.3	847,9,20,8	205.0	39.4829275	73.5861774	4674.5
2330	2330	2.147	палка-древко-контроль	16.0	21.6	порода-в-тени	0.910	20.0	-9.0	1.0	9.1	bbox	2329	234.3	233.3	234.3	1887,1045,8,12	205.0	39.4829269	73.5861779	4674.5
2331	2331	0.419	рюкзак-синий	0.0	11.7	снег-в-тени	1.062	27.1	1.0	-14.0	14.0	bbox	2330	428.5	428.5	428.5	1357,1073,7,7	205.0	39.4828744	73.5863151	4663.6
2332	2332	0.893	рюкзак-синий	6.7	8.6	снег-в-тени	0.803	30.2	4.0	-8.0	8.9	bbox	2331	376.4	376.4	376.4	459,889,6,14	204.8	39.4828768	73.5863200	4663.5
2333	2333	1.821	стакан-марка-красная	14.4	7.3	корка-жёлтая-на-скале	0.829	57.1	-1.0	9.0	9.1	bbox	2332	410.5	410.5	412.5	515,345,12,5	204.8	39.4828742	73.5863187	4663.6
2334	2334	1.687	стакан-марка-красная	13.4	5.1	корка-жёлтая-на-скале	1.039	54.9	-1.0	7.0	7.1	bbox	2333	462.5	462.5	462.5	30,130,12,9	204.8	39.4828731	73.5863128	4663.7
2335	2335	1.170	стакан-марка-красная	4.2	29.2	порода-в-тени	1.256	20.6	8.0	-2.0	8.2	bbox	2334	387.4	387.4	387.4	587,753,8,10	204.7	39.4828775	73.5863194	4663.6
2336	2336	0.486	стакан-марка-красная	3.6	5.1	снег-розовый	1.166	54.9	8.0	-1.0	8.1	bbox	2335	399.5	399.5	399.5	961,763,14,6	204.7	39.4828747	73.5863196	4663.6
2337	2337	1.461	рюкзак-синий	5.4	36.3	снег-в-тени	0.991	75.1	-1.0	-9.0	9.1	bbox	2336	289.3	289.3	289.3	55,37,6,12	204.5	39.4828643	73.5863201	4673.2
2338	2338	1.621	стакан-марка-красная	12.2	15.7	снег-освещённый	0.561	65.5	-1.0	-1.0	1.4	bbox	2337	479.5	479.5	479.5	497,1034,12,7	204.4	39.4828724	73.5863121	4663.6
2339	2339	1.402	стакан-марка-красная	11.2	3.1	снег-в-тени	0.876	46.7	0.0	-1.0	1.0	bbox	2338	56.1	56.1	56.1	41,651,13,11	204.2	39.4830260	73.5859843	4674.4
2340	2340	1.530	стакан-марка-красная	7.6	33.5	снег-розовый	1.080	83.3	8.0	8.0	11.3	bbox	2339	346.4	346.4	346.4	341,321,6,12	204.1	39.4828707	73.5863151	4663.6
2341	2341	1.014	рюкзак-синий	7.1	13.9	снег-в-тени	0.864	24.9	2.0	-7.0	7.3	bbox	2340	245.3	245.3	245.3	1417,269,16,8	203.4	39.4829256	73.5861777	4674.5
2342	2342	1.437	палка-ручка-контроль	10.2	18.6	корка-жёлтая-на-скале	0.603	39.0	4.0	16.0	16.5	bbox	2341	114.1	114.1	114.1	761,161,6,9	203.2	39.4829340	73.5861797	4674.4
2343	2343	1.398	стакан-марка-красная	11.0	6.1	порода-в-тени	0.879	43.7	0.0	0.0	0.0	bbox	2342	239.3	235.3	244.3	1750,627,11,6	203.2	39.4829260	73.5861777	4674.4
2344	2344	0.861	рюкзак-синий	6.7	5.5	снег-в-тени	0.719	33.3	4.0	-8.0	8.9	bbox	2343	350.4	350.4	350.4	469,561,8,8	203.1	39.4828708	73.5863154	4663.6
2345	2345	0.356	стакан-марка-красная	2.8	1.2	снег-розовый	1.406	48.6	9.0	-1.0	9.1	bbox	2344	414.5	414.5	414.5	737,346,14,6	203.1	39.4828738	73.5863180	4663.6
2346	2346	1.534	рюкзак-синий	8.2	31.9	порода-в-тени	1.376	6.9	6.0	-7.5	9.6	bbox	2345	438.5	438.5	439.5	875,253,6,12	203.1	39.4828751	73.5863135	4663.6
2347	2347	1.650	стакан-марка-красная	7.1	39.0	снег-розовый	0.813	88.8	6.0	6.0	8.5	bbox	2346	337.4	337.4	337.4	991,529,10,12	203.0	39.4828673	73.5863164	4663.6
2348	2348	1.859	стакан-марка-красная	10.8	35.9	снег-освещённый	0.483	85.7	1.0	-3.0	3.2	bbox	2347	104.1	104.1	104.1	0,155,10,7	202.9	39.4829563	73.5861264	4674.4
2349	2349	1.784	палка-ручка-пробка	13.9	11.4	корка-жёлтая-на-скале	0.813	64.3	-2.0	11.0	11.2	bbox	2348	314.4	314.4	314.4	1223,682,15,11	202.9	39.4828677	73.5863183	4663.6
2350	2350	0.728	стакан-марка-красная	2.2	18.8	снег-розовый	1.115	68.6	10.0	-1.0	10.0	bbox	2349	363.4	363.4	363.4	843,634,8,8	202.9	39.4828723	73.5863154	4663.6
2351	2351	1.133	стакан-марка-красная	4.1	28.2	снег-розовый	0.625	78.0	7.0	2.0	7.3	bbox	2350	367.4	366.4	370.4	1189,155,12,10	202.9	39.4828739	73.5863180	4663.6
2352	2352	1.137	стакан-марка-красная	7.2	19.4	снег-в-тени	1.137	30.4	7.0	-5.0	8.6	bbox	2351	91.1	91.1	91.1	275,595,5,14	202.6	39.4830230	73.5859789	4674.4
2353	2353	1.218	стакан-марка-красная	7.2	22.9	снег-в-тени	1.211	26.9	7.0	-5.0	8.6	bbox	2352	468.5	464.5	468.5	653,25,8,10	202.6	39.4828729	73.5863137	4663.6
2354	2354	0.818	рюкзак-синий	6.3	5.9	снег-в-тени	0.545	32.9	-1.0	-8.0	8.1	bbox	2353	156.2	155.2	156.2	241,49,12,8	202.4	39.4829331	73.5861790	4674.5
2355	2355	1.833	рюкзак-синий	13.6	19.2	порода-в-тени	0.128	19.6	-3.0	-1.0	3.2	bbox	2354	383.4	383.4	383.4	116,905,8,12	202.3	39.4828780	73.5863210	4663.5
2356	2356	1.401	стакан-марка-красная	11.2	2.7	снег-в-тени	0.875	47.1	0.0	-1.0	1.0	bbox	2355	143.2	141.2	143.2	1544,985,9,8	202.2	39.4829343	73.5861785	4674.5
2357	2357	1.394	рюкзак-синий	9.2	21.9	порода-в-тени	0.810	16.9	3.0	-5.0	5.8	bbox	2356	209.2	209.2	209.2	1425,245,16,12	202.0	39.4829278	73.5861766	4674.5
2358	2358	0.877	рюкзак-синий	6.3	10.6	снег-в-тени	0.138	49.4	-1.0	-8.0	8.1	bbox	2357	378.4	378.4	378.4	1077,392,11,12	202.0	39.4828773	73.5863208	4663.5
2359	2359	1.490	стакан-марка-красная	3.0	40.4	порода-в-тени	1.334	9.4	8.0	1.0	8.1	bbox	2358	425.5	425.5	425.5	788,413,13,12	202.0	39.4828740	73.5863154	4663.6
2360	2360	1.828	палка-ручка-пробка	12.8	24.7	корка-жёлтая-на-скале	0.635	51.0	-5.0	15.0	15.8	bbox	2359	2.0	1.0	3.0	709,89,8,8	201.7	39.4832974	73.5853335	4674.5
2361	2361	1.810	палка-ручка-пробка	14.4	5.5	лишайник-жёлтый-на-камне	0.985	70.2	0.0	9.5	9.5	bbox	2360	89.1	89.1	90.1	1681,945,8,14	201.6	39.4830237	73.5859798	4674.4
2362	2362	1.073	рюкзак-синий	7.1	17.0	снег-в-тени	1.622	21.8	8.0	-15.0	17.0	bbox	2361	226.3	226.3	228.3	513,538,3,20	201.5	39.4829276	73.5861772	4674.4
2363	2363	0.463	стакан-марка-красная	3.6	2.9	снег-розовый	1.221	52.7	8.0	-1.0	8.1	bbox	2362	414.5	414.5	414.5	685,17,18,8	201.3	39.4828738	73.5863180	4663.6
2364	2364	1.144	рюкзак-синий	5.0	26.8	снег-в-тени	1.473	12.0	5.0	-11.0	12.1	bbox	2363	231.3	231.3	231.3	945,9,16,10	201.2	39.4829272	73.5861777	4674.5
2365	2365	1.123	стакан-марка-красная	6.1	23.1	снег-розовый	1.191	72.9	10.0	7.0	12.2	bbox	2364	327.4	327.4	327.4	1058,661,10,8	201.1	39.4828676	73.5863155	4663.6
2366	2366	1.745	палка-древко-контроль	13.0	17.5	порода-в-тени	0.651	24.1	-7.0	-2.0	7.3	bbox	2365	263.3	263.3	263.3	1599,1029,20,8	201.0	39.4828642	73.5863133	4674.4
2367	2367	2.069	палка-ручка-пробка	16.6	0.4	снег-розовый	0.903	76.1	-2.0	8.0	8.2	bbox	2366	480.5	480.5	480.5	497,553,8,8	200.8	39.4828724	73.5863121	4663.6
2368	2368	1.788	рюкзак-синий	12.0	27.0	порода-в-тени	0.416	11.8	0.0	-2.0	2.0	bbox	2367	112.1	112.1	112.1	97,89,8,8	200.3	39.4829333	73.5861798	4674.5
2369	2369	2.097	стакан-марка-красная	16.6	8.0	снег-освещённый	1.181	57.8	-5.0	5.5	7.4	bbox	2368	232.3	232.3	232.3	1717,25,8,10	200.3	39.4829268	73.5861778	4674.4
2370	2370	0.481	стакан-марка-красная	3.6	4.7	снег-розовый	1.176	54.5	8.0	-1.0	8.1	bbox	2369	390.4	390.4	390.4	993,913,16,6	199.9	39.4828766	73.5863183	4663.6
2371	2371	1.361	рюкзак-синий	10.0	14.7	порода-в-тени	0.639	24.1	2.0	-4.0	4.5	bbox	2370	429.5	429.5	432.5	129,217,6,14	199.9	39.4828748	73.5863147	4663.6
2372	2372	0.791	рюкзак-синий	6.3	0.6	снег-в-тени	0.480	39.4	3.0	-8.0	8.5	bbox	2371	440.5	440.5	440.5	197,41,9,8	199.9	39.4828753	73.5863135	4663.7
2373	2373	1.464	стакан-марка-красная	10.5	17.8	снег-освещённый	0.823	67.6	2.0	-4.5	4.9	bbox	2372	268.3	267.3	270.3	1645,917,8,10	199.4	39.4828611	73.5863208	4674.4
2374	2374	1.133	рюкзак-синий	8.2	13.2	снег-в-тени	0.317	52.0	-1.0	-6.0	6.1	bbox	2373	154.2	150.2	154.2	509,763,12,16	199.1	39.4829336	73.5861791	4674.5
2375	2375	1.167	стакан-марка-красная	7.6	18.8	порода-охристая	0.715	31.0	7.0	7.5	10.3	bbox	2374	100.1	94.1	100.1	1383,97,10,8	199.0	39.4830196	73.5859808	4674.5
2376	2376	1.528	рюкзак-синий	5.0	39.0	снег-пересвеченный	1.077	77.8	1.0	-9.0	9.1	bbox	2375	291.3	291.3	300.3	87,139,4,17	199.0	39.4828640	73.5863207	4670.9
2377	2377	1.403	рюкзак-синий	7.8	28.2	порода-в-тени	1.374	10.6	6.0	-8.0	10.0	bbox	2376	477.5	476.5	479.5	299,161,4,12	199.0	39.4828724	73.5863121	4663.6
2378	2378	1.723	стакан-марка-красная	13.6	7.8	корка-жёлтая-на-скале	0.828	57.6	0.0	9.0	9.0	bbox	2377	42.0	39.0	43.0	875,637,15,8	198.8	39.4831307	73.5857450	4674.4
2379	2379	1.769	стакан-марка-красная	11.7	28.0	снег-розовый	0.637	77.8	1.0	7.0	7.1	bbox	2378	127.1	127.1	127.1	1531,951,14,4	198.8	39.4829337	73.5861811	4674.5
2380	2380	1.032	рюкзак-синий	7.0	15.3	снег-в-тени	0.287	54.1	1.0	-7.0	7.1	bbox	2379	381.4	381.4	381.4	345,23,4,16	198.7	39.4828779	73.5863212	4663.6
2381	2381	0.484	стакан-марка-красная	3.2	7.8	снег-в-тени	1.430	42.0	8.0	0.0	8.0	bbox	2380	428.5	428.5	428.5	1882,291,23,4	198.7	39.4828744	73.5863151	4663.6
2382	2382	1.814	стакан-марка-красная	9.2	39.2	порода-в-тени	0.611	10.6	2.0	-1.0	2.2	bbox	2381	88.1	88.1	88.1	1865,1037,9,12	198.5	39.4830239	73.5859802	4674.4
2383	2383	1.404	стакан-марка-красная	11.2	3.7	снег-в-тени	0.877	46.1	0.0	-1.0	1.0	bbox	2382	209.2	209.2	209.2	1355,644,6,13	198.4	39.4829278	73.5861766	4674.5
2384	2384	1.890	рюкзак-синий	13.6	23.1	порода-в-тени	0.210	15.7	-3.0	-1.0	3.2	bbox	2383	53.1	52.1	54.1	48,128,8,9	198.3	39.4830259	73.5859849	4674.5
2385	2385	2.167	стакан-марка-красная	11.4	45.7	снег-розовый	0.860	95.5	1.0	6.5	6.6	bbox	2384	93.1	93.1	93.1	730,359,9,10	198.2	39.4830228	73.5859778	4674.5
2386	2386	1.283	палка-ручка-контроль	9.8	10.1	корка-жёлтая-на-скале	0.354	47.5	2.0	17.0	17.1	bbox	2385	343.4	343.4	343.4	1405,56,8,9	198.2	39.4828696	73.5863155	4663.6
2387	2387	1.971	палка-ручка-пробка	15.7	6.7	снег-розовый	1.022	82.4	-2.0	9.0	9.2	bbox	2386	414.5	412.5	414.5	671,995,11,12	198.2	39.4828738	73.5863180	4663.6
2388	2388	1.405	рюкзак-синий	11.2	4.1	снег-в-тени	0.661	42.9	-1.0	-3.0	3.2	bbox	2387	273.3	272.3	274.3	1657,834,4,15	198.1	39.4828625	73.5863212	4674.5
2389	2389	1.783	рюкзак-синий	13.3	17.6	порода-в-тени	0.028	21.2	-2.0	-1.0	2.2	bbox	2388	382.4	381.4	382.4	665,726,8,8	198.1	39.4828780	73.5863210	4663.5
2390	2390	0.593	стакан-марка-красная	3.6	10.8	снег-розовый	1.035	60.6	8.0	-1.0	8.1	bbox	2389	429.5	429.5	429.5	903,289,10,6	197.9	39.4828748	73.5863147	4663.6
2391	2391	0.727	стакан-марка-красная	5.0	10.4	снег-в-тени	1.191	39.4	7.0	-2.0	7.3	bbox	2390	399.5	395.4	400.5	833,616,18,9	197.8	39.4828747	73.5863196	4663.6
2392	2392	1.058	стакан-марка-красная	7.6	12.9	порода-охристая	0.533	36.9	8.0	8.0	11.3	bbox	2391	456.5	456.5	456.5	1555,227,14,4	197.8	39.4828744	73.5863132	4663.6
2393	2393	2.034	стакан-марка-красная	11.2	41.4	снег-освещённый	0.411	91.2	0.0	-1.0	1.0	bbox	2392	108.1	108.1	112.1	12,241,12,6	197.6	39.4829331	73.5861800	4674.4
2394	2394	1.803	стакан-марка-красная	14.4	0.4	корка-жёлтая-на-скале	0.765	50.2	-1.0	9.0	9.1	bbox	2393	120.1	120.1	120.1	743,339,6,12	197.4	39.4829345	73.5861803	4674.5
2395	2395	1.236	палка-ручка-пробка	9.4	10.4	лишайник-жёлтый-на-камне	0.816	86.1	0.0	15.0	15.0	bbox	2394	75.1	75.1	75.1	993,855,14,4	196.8	39.4830249	73.5859790	4674.5
2396	2396	1.295	палка-ручка-пробка	8.6	20.2	корка-жёлтая-на-скале	0.528	55.5	-2.0	18.0	18.1	bbox	2395	345.4	345.4	345.4	1401,687,8,8	196.7	39.4828703	73.5863151	4663.6
2397	2397	2.553	крышка-бирюзовая	20.0	14.5	снег-освещённый	1.257	68.6	-9.0	5.0	10.3	bbox	2396	228.3	228.3	228.3	1479,123,18,4	196.5	39.4829275	73.5861774	4674.5
2398	2398	1.416	стакан-марка-красная	6.7	32.0	снег-розовый	0.988	81.8	8.0	7.0	10.6	bbox	2397	332.4	332.4	332.4	1349,777,8,8	196.5	39.4828660	73.5863148	4663.6
2399	2399	1.428	стакан-марка-красная	11.2	8.2	снег-розовый	0.831	58.0	0.0	-1.0	1.0	bbox	2398	250.3	250.3	250.3	1089,1057,10,6	195.9	39.4829247	73.5861773	4674.5
2400	2400	1.471	стакан-марка-красная	3.6	39.2	порода-в-тени	1.298	10.6	8.0	-1.0	8.1	bbox	2399	433.5	433.5	433.5	1841,25,8,10	195.3	39.4828751	73.5863146	4663.6
2401	2401	1.747	стакан-марка-красная	10.6	31.8	порода-в-тени	1.290	18.0	3.0	8.0	8.5	bbox	2400	441.5	441.5	441.5	492,969,13,8	195.3	39.4828752	73.5863136	4663.6
2402	2402	1.241	стакан-марка-красная	5.0	30.0	снег-розовый	0.842	79.8	8.0	5.0	9.4	bbox	2401	420.5	417.5	420.5	1201,353,8,17	195.2	39.4828740	73.5863161	4663.6
2403	2403	0.972	палка-ручка-контроль	7.2	10.1	корка-жёлтая-на-скале	0.673	47.5	2.0	20.0	20.1	bbox	2402	354.4	354.4	354.4	1520,630,9,9	195.1	39.4828715	73.5863143	4663.6
2404	2404	1.671	рюкзак-синий	13.3	2.7	порода-в-тени	0.560	36.1	-2.0	-1.0	2.2	bbox	2403	349.4	349.4	349.4	349,731,15,10	195.0	39.4828708	73.5863154	4663.6
2405	2405	2.201	палка-древко-контроль	17.0	15.7	порода-в-тени	0.755	25.9	-7.0	2.0	7.3	bbox	2404	454.5	454.5	454.5	1851,755,6,12	194.7	39.4828743	73.5863138	4663.6
2406	2406	1.376	стакан-марка-красная	5.0	34.3	порода-в-тени	1.287	15.5	8.0	-3.0	8.5	bbox	2405	460.5	460.5	460.5	1531,680,12,7	194.5	39.4828733	73.5863127	4663.6
2407	2407	0.540	стакан-марка-красная	4.1	4.5	снег-розовый	1.070	54.3	7.0	0.0	7.0	bbox	2406	358.4	358.4	358.4	41,253,14,4	194.4	39.4828723	73.5863144	4663.6
2408	2408	1.672	стакан-марка-красная	10.6	28.4	порода-охристая	1.229	21.4	3.0	8.0	8.5	bbox	2407	401.5	401.5	401.5	1892,613,13,12	194.0	39.4828750	73.5863206	4663.6
2409	2409	1.933	палка-ручка-пробка	15.3	8.6	корка-жёлтая-на-скале	1.002	67.1	-3.0	10.0	10.4	bbox	2408	378.4	378.4	378.4	0,901,7,11	193.9	39.4828773	73.5863208	4663.5
2410	2410	0.797	стакан-марка-красная	4.2	16.7	снег-розовый	0.985	66.5	8.0	-2.0	8.2	bbox	2409	473.5	473.5	473.5	1610,725,11,12	193.6	39.4828722	73.5863129	4663.6
2411	2411	1.829	рюкзак-синий	14.6	5.1	порода-в-тени	0.508	33.7	-3.0	0.0	3.0	bbox	2410	273.3	268.3	273.3	1243,943,10,7	193.5	39.4828625	73.5863212	4674.5
2412	2412	1.884	стакан-марка-красная	11.0	36.1	порода-в-тени	0.426	13.7	0.0	1.0	1.0	bbox	2411	73.1	73.1	73.1	450,329,14,8	193.4	39.4830257	73.5859792	4674.5
2413	2413	0.814	рюкзак-синий	2.2	21.4	снег-в-тени	0.713	60.2	2.0	-12.0	12.2	bbox	2412	313.4	313.4	314.4	1861,533,9,8	193.4	39.4828678	73.5863189	4663.6
2414	2414	1.630	палка-древко-контроль	12.2	16.4	снег-пересвеченный	1.384	58.0	-10.0	-3.0	10.4	bbox	2413	215.2	215.2	215.2	1685,867,8,10	193.3	39.4829282	73.5861765	4674.5
2415	2415	1.229	стакан-марка-красная	6.0	27.3	порода-охристая	0.755	22.5	11.0	7.0	13.0	bbox	2414	337.4	337.4	337.4	1109,661,12,8	193.3	39.4828673	73.5863164	4663.6
2416	2416	1.684	стакан-марка-красная	8.5	36.5	порода-охристая	1.002	13.3	8.0	9.0	12.0	bbox	2415	80.1	80.1	80.1	745,537,15,4	193.2	39.4830246	73.5859799	4674.5
2417	2417	0.954	стакан-марка-красная	6.4	14.5	снег-розовый	0.930	64.3	7.0	6.0	9.2	bbox	2416	484.6	484.6	484.6	291,291,8,17	193.0	39.4828712	73.5863118	4663.6
2418	2418	0.744	рюкзак-синий	4.7	12.7	снег-в-тени	1.456	26.1	5.0	-16.5	17.2	bbox	2417	32.0	31.0	36.0	1699,991,8,6	192.9	39.4833094	73.5853331	4674.5
2419	2419	1.458	палка-ручка-пробка	10.0	21.0	корка-жёлтая-на-скале	0.277	54.7	-1.0	15.0	15.0	bbox	2418	370.4	366.4	373.4	1657,361,14,7	192.7	39.4828751	73.5863191	4663.5
2420	2420	1.230	рюкзак-синий	8.5	17.1	снег-в-тени	0.629	55.9	4.0	-6.0	7.2	bbox	2419	443.5	443.5	443.5	987,483,4,21	192.5	39.4828751	73.5863140	4663.6
2421	2421	1.636	стакан-марка-красная	13.0	4.1	корка-жёлтая-на-скале	0.902	53.9	0.0	8.0	8.0	bbox	2420	113.1	113.1	113.1	611,225,12,10	192.1	39.4829334	73.5861797	4674.5
2422	2422	1.411	палка-ручка-пробка	10.3	16.1	корка-жёлтая-на-скале	0.478	59.6	1.0	13.5	13.5	bbox	2421	315.4	315.4	315.4	1563,914,8,9	192.0	39.4828677	73.5863178	4663.6
2423	2423	1.569	стакан-марка-красная	9.8	27.3	порода-охристая	0.766	22.5	7.0	10.0	12.2	bbox	2422	106.1	106.1	106.1	817,980,4,13	191.8	39.4829340	73.5861771	4674.5
2424	2424	1.525	стакан-марка-красная	3.6	40.8	порода-в-тени	1.314	9.0	8.0	-1.0	8.1	bbox	2423	460.5	460.5	460.5	1265,783,9,8	191.6	39.4828733	73.5863127	4663.6
2425	2425	1.297	рюкзак-синий	4.5	32.8	снег-в-тени	0.894	71.6	-1.0	-10.0	10.0	bbox	2424	129.1	129.1	129.1	129,323,4,14	191.5	39.4829335	73.5861809	4674.5
2426	2426	1.727	палка-древко-контроль	12.0	23.7	снег-пересвеченный	1.099	65.3	-9.0	-3.0	9.5	bbox	2425	248.3	247.3	248.3	1137,1071,8,6	191.3	39.4829252	73.5861773	4674.5
2427	2427	1.799	палка-ручка-пробка	13.0	21.6	корка-жёлтая-на-скале	0.549	54.1	0.0	11.0	11.0	bbox	2426	289.3	289.3	289.3	895,111,10,16	191.3	39.4828643	73.5863201	4673.2
2428	2428	0.584	стакан-марка-красная	3.6	10.4	снег-розовый	1.044	60.2	8.0	-1.0	8.1	bbox	2427	346.4	346.4	346.4	415,731,10,6	191.2	39.4828707	73.5863151	4663.6
2429	2429	1.950	стакан-марка-красная	14.8	17.6	корка-жёлтая-на-скале	1.068	32.2	-2.0	8.0	8.2	bbox	2428	147.2	147.2	149.2	139,239,14,6	191.1	39.4829346	73.5861785	4674.4
2430	2430	1.379	рюкзак-синий	8.2	25.7	снег-в-тени	1.746	13.1	9.0	-12.0	15.0	bbox	2429	211.2	211.2	211.2	25,121,12,8	191.1	39.4829277	73.5861766	4674.5
2431	2431	0.970	рюкзак-синий	7.2	10.0	снег-в-тени	0.626	48.8	5.0	-8.0	9.4	bbox	2430	457.5	454.5	457.5	529,179,8,10	191.1	39.4828743	73.5863131	4663.6
2432	2432	1.898	стакан-марка-красная	14.8	12.3	корка-жёлтая-на-скале	0.982	37.5	-2.0	8.0	8.2	bbox	2431	355.4	355.4	355.4	1843,0,12,7	191.0	39.4828718	73.5863142	4663.6
2433	2433	0.879	рюкзак-синий	6.1	12.3	снег-в-тени	0.802	26.5	2.0	-8.0	8.2	bbox	2432	280.3	280.3	280.3	267,623,6,18	190.8	39.4828632	73.5863205	4674.4
2434	2434	0.580	стакан-марка-красная	4.0	8.2	снег-розовый	0.946	58.0	7.0	1.0	7.1	bbox	2433	413.5	413.5	413.5	687,457,8,20	190.8	39.4828739	73.5863181	4663.6
2435	2435	2.241	стакан-марка-красная	14.4	37.3	порода-в-тени	1.287	12.5	-1.0	9.0	9.1	bbox	2434	368.4	368.4	368.4	1420,0,10,8	190.7	39.4828743	73.5863185	4663.5
2436	2436	1.328	палка-ручка-пробка	10.0	12.6	лишайник-жёлтый-на-камне	0.631	63.1	-3.0	17.0	17.3	bbox	2435	2.0	2.0	3.0	905,167,8,8	190.5	39.4832974	73.5853335	4674.5
2437	2437	1.398	стакан-марка-красная	5.4	34.3	снег-розовый	0.667	84.1	6.0	-1.0	6.1	bbox	2436	442.5	442.5	442.5	1393,963,6,14	190.5	39.4828751	73.5863138	4663.6
2438	2438	2.138	палка-древко-контроль	16.0	21.1	снег-освещённый	1.094	62.7	-8.0	1.0	8.1	bbox	2437	261.3	261.3	261.3	493,1017,4,24	190.3	39.4828831	73.5862708	4674.5
2439	2439	1.761	стакан-марка-красная	11.2	30.0	снег-освещённый	0.180	79.8	0.0	-1.0	1.0	bbox	2438	52.1	45.1	52.1	0,240,9,12	190.1	39.4830257	73.5859852	4674.5
2440	2440	0.594	стакан-марка-красная	1.0	16.3	порода-охристая	1.386	33.5	11.0	0.0	11.0	bbox	2439	390.4	390.4	390.4	757,763,10,6	190.1	39.4828766	73.5863183	4663.6
2441	2441	2.179	палка-ручка-пробка	16.5	19.8	снег-розовый	0.902	95.5	1.0	7.0	7.1	bbox	2440	435.5	435.5	435.5	1249,1033,8,8	190.1	39.4828751	73.5863141	4663.6
2442	2442	1.670	рюкзак-синий	13.3	2.3	порода-в-тени	0.574	36.5	-2.0	-1.0	2.2	bbox	2441	55.1	52.1	55.1	0,270,12,8	190.0	39.4830259	73.5859845	4674.4
2443	2443	2.012	палка-ручка-пробка	15.8	10.6	снег-розовый	0.849	86.3	0.0	8.0	8.0	bbox	2442	119.1	119.1	119.1	1131,539,13,5	189.8	39.4829346	73.5861801	4674.4
2444	2444	2.082	палка-ручка-пробка	16.1	14.9	снег-розовый	1.061	90.6	-2.0	8.5	8.7	bbox	2443	393.4	386.4	393.4	196,81,9,10	189.3	39.4828757	73.5863185	4663.6
2445	2445	2.395	стакан-марка-красная	18.7	14.9	порода-в-тени	1.194	34.9	-7.0	6.0	9.2	bbox	2444	227.3	227.3	227.3	481,5,16,6	188.9	39.4829276	73.5861773	4674.5
2446	2446	0.578	рюкзак-синий	3.4	11.2	снег-в-тени	0.870	27.6	2.5	-11.0	11.3	bbox	2445	246.3	246.3	246.3	969,815,10,10	188.8	39.4829255	73.5861775	4674.5
2447	2447	0.966	стакан-марка-красная	3.6	23.9	порода-в-тени	1.265	25.9	8.0	-1.0	8.1	bbox	2446	375.4	374.4	375.4	847,1025,16,4	188.7	39.4828764	73.5863197	4663.6
2448	2448	1.471	стакан-марка-красная	3.6	39.2	порода-в-тени	1.298	10.6	8.0	-1.0	8.1	bbox	2447	84.1	84.1	84.1	1410,1057,14,5	188.4	39.4830248	73.5859810	4674.4
2449	2449	1.340	палка-ручка-пробка	9.0	20.4	лишайник-жёлтый-на-камне	1.522	96.1	-4.0	23.0	23.3	bbox	2448	350.4	350.4	350.4	1833,667,7,10	188.4	39.4828708	73.5863154	4663.6
2450	2450	1.537	стакан-марка-красная	10.8	20.8	порода-охристая	0.602	29.0	15.0	11.0	18.6	bbox	2449	401.5	401.5	401.5	741,421,8,10	188.3	39.4828750	73.5863206	4663.6
2451	2451	0.695	стакан-марка-красная	4.5	11.6	снег-розовый	0.931	61.4	7.0	-1.0	7.1	bbox	2450	457.5	457.5	457.5	850,83,5,14	188.2	39.4828743	73.5863131	4663.6
2452	2452	2.201	стакан-марка-красная	13.0	41.6	порода-в-тени	0.501	8.2	-2.0	1.0	2.2	bbox	2451	274.3	274.3	274.3	1155,1061,10,12	188.1	39.4828626	73.5863211	4674.5
2453	2453	2.668	стакан-марка-красная	20.9	15.5	снег-освещённый	1.440	65.3	-9.0	7.0	11.4	bbox	2452	410.5	410.5	411.5	65,1074,10,6	188.1	39.4828742	73.5863187	4663.6
2454	2454	1.871	стакан-марка-красная	14.8	8.6	корка-жёлтая-на-скале	0.940	41.2	-2.0	8.0	8.2	bbox	2453	112.1	112.1	113.1	1699,932,11,11	188.0	39.4829333	73.5861798	4674.5
2455	2455	0.533	стакан-марка-красная	4.2	1.6	снег-в-тени	1.256	51.4	8.0	-2.0	8.2	bbox	2454	435.5	435.5	435.5	1899,1010,17,9	187.7	39.4828751	73.5863141	4663.6
2456	2456	1.795	стакан-марка-красная	13.5	17.5	снег-розовый	0.893	67.3	-0.5	8.0	8.0	bbox	2455	97.1	94.1	98.1	179,785,8,11	187.6	39.4830221	73.5859756	4674.5
2457	2457	0.912	рюкзак-синий	7.2	3.9	снег-в-тени	0.651	42.7	5.0	-8.0	9.4	bbox	2456	457.5	452.5	457.5	427,21,6,12	187.6	39.4828743	73.5863131	4663.6
2458	2458	0.638	стакан-марка-красная	5.1	0.8	порода-охристая	0.742	49.0	10.0	6.0	11.7	bbox	2457	332.4	332.4	332.4	651,363,13,4	187.4	39.4828660	73.5863148	4663.6
2459	2459	0.651	стакан-марка-красная	2.8	15.3	порода-в-тени	1.464	34.5	9.0	-1.0	9.1	bbox	2458	381.4	381.4	383.4	1408,267,12,6	187.4	39.4828779	73.5863212	4663.6
2460	2460	1.181	стакан-марка-красная	9.4	1.8	снег-в-тени	0.625	48.0	3.0	-4.0	5.0	bbox	2459	246.3	246.3	247.3	577,1047,9,10	187.2	39.4829255	73.5861775	4674.5
2461	2461	1.845	рюкзак-синий	9.1	40.8	снег-освещённый	0.639	79.6	0.0	-5.0	5.0	bbox	2460	253.3	253.3	258.3	1674,1037,19,17	187.0	39.4829248	73.5861772	4674.5
2462	2462	1.835	стакан-марка-красная	12.8	25.1	корка-жёлтая-на-скале	1.122	24.7	1.0	9.0	9.1	bbox	2461	327.4	327.4	327.4	1649,591,12,10	186.9	39.4828676	73.5863155	4663.6
2463	2463	1.903	рюкзак-синий	13.3	25.7	порода-в-тени	0.259	13.1	-2.0	-1.0	2.2	bbox	2462	362.4	362.4	362.4	1383,404,8,13	186.9	39.4828723	73.5863150	4663.6
2464	2464	1.147	стакан-марка-красная	4.5	28.0	порода-в-тени	1.398	21.8	9.0	-3.0	9.5	bbox	2463	406.5	406.5	406.5	491,193,7,10	186.9	39.4828745	73.5863195	4663.6
2465	2465	1.883	стакан-марка-красная	13.9	20.4	корка-жёлтая-на-скале	1.101	29.4	-1.0	8.0	8.1	bbox	2464	73.1	73.1	73.1	1734,854,15,7	186.7	39.4830257	73.5859792	4674.5
2466	2466	2.106	стакан-марка-красная	14.8	28.4	порода-в-тени	1.126	21.4	-2.0	8.0	8.2	bbox	2465	483.5	483.5	483.5	931,241,10,13	186.3	39.4828716	73.5863117	4663.6
2467	2467	0.980	палка-ручка-пробка	7.8	2.5	лишайник-жёлтый-на-камне	0.603	78.2	-1.0	18.0	18.0	bbox	2466	74.1	71.1	74.1	995,1045,6,12	185.7	39.4830255	73.5859791	4674.5
2468	2468	2.202	палка-древко-контроль	17.0	16.1	порода-в-тени	0.858	25.5	-8.0	2.0	8.2	bbox	2467	431.5	431.5	431.5	1377,745,6,12	185.7	39.4828751	73.5863145	4663.6
2469	2469	1.823	палка-ручка-пробка	13.6	18.4	корка-жёлтая-на-скале	0.629	57.3	-3.0	12.0	12.4	bbox	2468	433.5	433.5	433.5	517,0,9,5	185.6	39.4828751	73.5863146	4663.6
2470	2470	1.234	палка-ручка-пробка	9.2	12.3	лишайник-жёлтый-на-камне	0.897	88.0	-1.0	16.0	16.0	bbox	2469	332.4	332.4	332.4	1425,363,8,6	185.5	39.4828660	73.5863148	4663.6
2471	2471	1.313	палка-ручка-пробка	9.2	17.6	лишайник-жёлтый-на-камне	1.070	93.3	-1.0	16.0	16.0	bbox	2470	385.4	385.4	385.4	921,41,8,8	185.5	39.4828781	73.5863205	4663.5
2472	2472	1.577	стакан-марка-красная	12.0	13.1	порода-в-тени	0.607	36.7	-1.0	0.0	1.0	bbox	2471	210.2	210.2	210.2	976,699,14,6	185.4	39.4829277	73.5861765	4674.5
2473	2473	1.862	стакан-марка-красная	14.6	11.0	снег-розовый	0.944	60.8	-3.0	5.0	5.8	bbox	2472	279.3	279.3	279.3	689,59,30,4	185.4	39.4828629	73.5863205	4674.4
2474	2474	1.115	рюкзак-синий	7.6	16.3	снег-в-тени	1.039	22.5	4.0	-7.0	8.1	bbox	2473	413.5	411.5	413.5	283,449,6,10	185.4	39.4828739	73.5863181	4663.6
2475	2475	1.246	стакан-марка-красная	5.0	30.2	порода-в-тени	1.668	19.6	11.0	-4.0	11.7	bbox	2474	454.5	454.5	455.5	1913,57,7,24	185.2	39.4828743	73.5863138	4663.6
2476	2476	2.432	стакан-марка-красная	18.7	19.0	порода-в-тени	1.137	30.8	-7.0	6.0	9.2	bbox	2475	230.3	230.3	230.3	1063,95,18,4	185.1	39.4829273	73.5861776	4674.5
2477	2477	2.137	стакан-марка-красная	11.7	43.7	снег-освещённый	0.476	93.5	-0.5	-1.0	1.1	bbox	2476	382.4	382.4	382.4	794,359,7,10	185.0	39.4828780	73.5863210	4663.5
2478	2478	0.494	палка-ручка-пробка	3.6	5.7	лишайник-жёлтый-на-камне	0.756	81.4	2.0	21.0	21.1	bbox	2477	88.1	88.1	90.1	1426,661,9,8	184.4	39.4830239	73.5859802	4674.4
2479	2479	0.566	стакан-марка-красная	4.0	7.4	порода-охристая	1.354	42.4	7.0	1.0	7.1	bbox	2478	327.4	327.4	327.4	977,657,8,8	184.4	39.4828676	73.5863155	4663.6
2480	2480	1.538	стакан-марка-красная	6.3	37.1	порода-в-тени	1.352	12.7	8.0	-4.5	9.2	bbox	2479	80.1	80.1	80.1	970,859,10,7	184.3	39.4830246	73.5859799	4674.5
2481	2481	1.928	рюкзак-синий	13.6	25.5	порода-в-тени	0.282	13.3	-3.0	-1.0	3.2	bbox	2480	98.1	96.1	101.1	17,113,13,6	184.3	39.4830218	73.5859755	4674.5
2482	2482	0.568	рюкзак-синий	4.5	2.8	снег-в-тени	0.503	41.6	3.0	-10.0	10.4	bbox	2481	126.1	126.1	130.1	66,0,7,15	184.3	39.4829340	73.5861812	4674.4
2483	2483	1.870	палка-ручка-пробка	14.8	8.4	корка-жёлтая-на-скале	0.967	67.3	-2.0	10.0	10.2	bbox	2482	126.1	126.1	126.1	1412,681,13,8	184.2	39.4829340	73.5861812	4674.4
2484	2484	1.933	стакан-марка-красная	14.8	16.1	корка-жёлтая-на-скале	1.040	33.7	-2.0	8.0	8.2	bbox	2483	466.5	462.5	466.5	544,43,8,8	184.2	39.4828730	73.5863133	4663.6
2485	2485	1.784	палка-ручка-пробка	13.4	17.1	корка-жёлтая-на-скале	0.644	58.6	-1.0	11.0	11.0	bbox	2484	289.3	289.3	291.3	737,369,8,8	184.1	39.4828643	73.5863201	4673.2
2486	2486	1.369	палка-ручка-пробка	10.6	9.2	лишайник-жёлтый-на-камне	0.638	66.5	-3.0	16.0	16.3	bbox	2485	370.4	370.4	374.4	1785,321,12,6	184.1	39.4828751	73.5863191	4663.5
2487	2487	2.455	стакан-марка-красная	19.4	9.6	корка-жёлтая-на-скале	1.397	40.2	-7.5	7.0	10.3	bbox	2486	445.5	445.5	445.5	75,1015,4,14	184.1	39.4828750	73.5863144	4663.6
2488	2488	0.505	стакан-марка-красная	2.2	11.8	порода-охристая	1.398	38.0	9.0	0.0	9.0	bbox	2487	389.4	389.4	389.4	577,603,16,6	184.0	39.4828768	73.5863185	4663.6
2489	2489	0.897	рюкзак-синий	7.2	1.5	снег-в-тени	0.402	37.3	-0.5	-7.0	7.0	bbox	2488	146.2	146.2	149.2	193,355,9,8	183.9	39.4829347	73.5861789	4674.4
2490	2490	1.219	рюкзак-синий	9.4	8.6	снег-в-тени	1.010	30.2	6.0	-6.0	8.5	bbox	2489	370.4	370.4	370.4	228,12,3,21	183.9	39.4828751	73.5863191	4663.5
2491	2491	2.024	палка-ручка-пробка	15.0	21.4	снег-розовый	1.520	97.1	-4.0	11.0	11.7	bbox	2490	465.5	465.5	465.5	73,97,10,8	183.8	39.4828730	73.5863131	4663.6
2492	2492	0.566	стакан-марка-красная	3.6	9.6	снег-в-тени	1.356	40.2	8.0	-1.0	8.1	bbox	2491	402.5	402.5	402.5	862,387,12,8	183.5	39.4828749	73.5863208	4663.6
2493	2493	1.223	стакан-марка-красная	4.7	30.0	порода-в-тени	1.127	19.8	7.0	-1.5	7.2	bbox	2492	431.5	431.5	431.5	1075,273,14,6	183.5	39.4828751	73.5863145	4663.6
2494	2494	0.910	рюкзак-синий	7.2	3.5	снег-в-тени	0.768	35.3	5.0	-8.0	9.4	bbox	2493	442.5	442.5	444.5	631,59,12,6	183.3	39.4828751	73.5863138	4663.6
2495	2495	2.026	стакан-марка-красная	13.2	33.1	порода-в-тени	0.517	16.7	-2.0	3.0	3.6	bbox	2494	78.1	78.1	78.1	901,490,12,5	183.2	39.4830247	73.5859790	4674.5
2496	2496	1.264	рюкзак-синий	5.1	30.6	снег-в-тени	1.823	8.2	6.0	-15.0	16.2	bbox	2495	228.3	228.3	228.3	867,71,9,9	183.0	39.4829275	73.5861774	4674.5
2497	2497	1.940	палка-древко-контроль	15.3	9.2	порода-в-тени	1.155	50.8	-5.0	0.0	5.0	bbox	2496	240.3	240.3	240.3	1476,937,9,6	183.0	39.4829255	73.5861774	4674.5
2498	2498	1.303	палка-ручка-пробка	9.5	15.1	лишайник-жёлтый-на-камне	0.857	60.6	8.0	14.0	16.1	bbox	2497	343.4	343.4	343.4	733,321,10,8	182.6	39.4828696	73.5863155	4663.6
2499	2499	1.452	палка-ручка-пробка	9.4	23.7	корка-жёлтая-на-скале	0.551	52.0	-3.0	18.0	18.2	bbox	2498	371.4	364.4	371.4	1145,41,8,6	182.6	39.4828755	73.5863192	4663.5
2500	2500	1.881	стакан-марка-красная	14.8	10.2	корка-жёлтая-на-скале	1.009	60.0	-2.0	8.0	8.2	bbox	2499	413.5	413.5	413.5	49,0,5,15	182.5	39.4828739	73.5863181	4663.6
2501	2501	1.549	стакан-марка-красная	12.2	8.2	порода-в-тени	0.766	41.6	-1.0	-1.0	1.4	bbox	2500	457.5	457.5	457.5	493,113,12,8	182.5	39.4828743	73.5863131	4663.6
2502	2502	0.493	стакан-марка-красная	3.2	8.2	порода-охристая	1.430	41.6	8.0	0.0	8.0	bbox	2501	461.5	461.5	462.5	1761,187,14,6	182.5	39.4828733	73.5863128	4663.6
2503	2503	1.683	стакан-марка-красная	13.0	11.8	снег-розовый	0.976	61.6	0.0	8.0	8.0	bbox	2502	470.5	470.5	470.5	699,22,8,9	182.5	39.4828727	73.5863137	4663.6
2504	2504	1.155	рюкзак-синий	9.2	1.9	снег-в-тени	0.556	36.9	-1.0	-5.0	5.1	bbox	2503	161.2	161.2	165.2	571,289,18,6	182.3	39.4829323	73.5861795	4674.4
2505	2505	1.982	стакан-марка-красная	11.0	39.8	порода-в-тени	0.465	10.0	0.0	0.0	0.0	bbox	2504	290.3	290.3	291.3	1625,805,5,12	182.2	39.4828642	73.5863206	4672.1
2506	2506	2.196	стакан-марка-красная	14.8	33.3	порода-в-тени	1.134	16.5	-2.0	8.0	8.2	bbox	2505	385.4	385.4	388.4	1843,92,15,10	182.2	39.4828781	73.5863205	4663.5
2507	2507	1.851	стакан-марка-красная	14.4	11.8	корка-жёлтая-на-скале	0.905	61.6	-1.0	9.0	9.1	bbox	2506	459.5	459.5	459.5	1665,547,9,7	182.1	39.4828738	73.5863130	4663.6
2508	2508	1.341	рюкзак-синий	10.4	8.7	снег-в-тени	0.559	47.5	-2.0	-4.0	4.5	bbox	2507	83.1	83.1	83.1	1913,1048,7,9	181.8	39.4830247	73.5859806	4674.4
2509	2509	1.355	стакан-марка-красная	4.1	35.1	снег-розовый	0.677	84.9	7.0	2.0	7.3	bbox	2508	456.5	455.5	456.5	987,17,12,9	181.8	39.4828744	73.5863132	4663.6
2510	2510	1.262	рюкзак-синий	6.1	28.2	порода-в-тени	1.067	10.6	2.0	-8.0	8.2	bbox	2509	428.5	428.5	428.5	773,411,8,13	181.7	39.4828744	73.5863151	4663.6
2511	2511	0.895	рюкзак-синий	6.8	7.8	снег-в-тени	0.617	31.0	-1.0	-7.5	7.6	bbox	2510	271.3	271.3	272.3	897,837,8,9	181.5	39.4828614	73.5863209	4674.4
2512	2512	1.294	рюкзак-синий	8.1	22.7	снег-в-тени	1.532	16.1	8.0	-10.0	12.8	bbox	2511	453.5	452.5	453.5	145,33,6,10	181.3	39.4828743	73.5863138	4663.6
2513	2513	1.175	рюкзак-синий	6.1	25.1	порода-в-тени	0.941	13.7	0.0	-8.0	8.0	bbox	2512	225.3	225.3	225.3	1305,599,10,10	181.0	39.4829277	73.5861769	4674.5
2514	2514	0.957	стакан-марка-красная	6.3	15.1	порода-охристая	0.574	34.7	9.0	7.0	11.4	bbox	2513	365.4	365.4	365.4	205,521,12,6	180.8	39.4828729	73.5863167	4663.6
2515	2515	2.187	палка-древко-контроль	14.1	36.0	снег-пересвеченный	0.582	77.6	-6.0	-1.0	6.1	bbox	2514	262.3	262.3	262.3	774,941,11,10	180.4	39.4828735	73.5862925	4674.5
2516	2516	1.433	стакан-марка-красная	7.0	31.8	порода-охристая	0.818	18.0	11.0	8.0	13.6	bbox	2515	420.5	420.5	420.5	1843,754,9,8	180.3	39.4828740	73.5863161	4663.6
2517	2517	1.502	стакан-марка-красная	8.2	30.6	снег-розовый	0.408	80.4	3.0	-1.0	3.2	bbox	2516	108.1	108.1	108.1	929,401,13,8	180.2	39.4829331	73.5861800	4674.4
2518	2518	0.793	рюкзак-синий	6.3	1.7	снег-в-тени	0.536	37.1	3.0	-8.0	8.5	bbox	2517	280.3	280.3	280.3	147,417,6,8	180.2	39.4828632	73.5863205	4674.4
2519	2519	0.922	рюкзак-синий	6.7	10.8	снег-в-тени	0.865	28.0	4.0	-8.0	8.9	bbox	2518	351.4	350.4	351.4	941,49,8,8	180.1	39.4828708	73.5863150	4663.6
2520	2520	1.790	стакан-марка-красная	14.3	0.0	корка-жёлтая-на-скале	1.033	49.8	-2.0	7.0	7.3	bbox	2519	429.5	429.5	429.5	635,305,11,9	180.1	39.4828748	73.5863147	4663.6
2521	2521	0.607	стакан-марка-красная	3.6	11.4	снег-розовый	1.023	61.2	8.0	-1.0	8.1	bbox	2520	393.4	392.4	399.5	1025,897,12,7	179.8	39.4828757	73.5863185	4663.6
2522	2522	0.876	рюкзак-синий	7.0	1.3	снег-в-тени	1.303	37.5	8.0	-14.0	16.1	bbox	2521	381.4	381.4	381.4	547,41,6,8	179.6	39.4828779	73.5863212	4663.6
2523	2523	1.310	стакан-марка-красная	9.2	17.4	порода-в-тени	0.826	32.4	2.0	3.0	3.6	bbox	2522	381.4	381.4	381.4	663,423,9,14	179.6	39.4828779	73.5863212	4663.6
2524	2524	0.912	палка-ручка-пробка	7.2	3.9	лишайник-жёлтый-на-камне	0.676	79.6	-1.0	19.0	19.0	bbox	2523	424.5	424.5	424.5	906,453,15,5	179.6	39.4828740	73.5863154	4663.6
2525	2525	0.923	стакан-марка-красная	7.1	7.4	порода-охристая	0.420	42.4	10.0	8.0	12.8	bbox	2524	384.4	383.4	384.4	1379,824,10,14	179.5	39.4828781	73.5863207	4663.5
2526	2526	0.794	палка-ручка-пробка	6.3	1.9	лишайник-жёлтый-на-камне	0.451	77.6	3.0	17.0	17.3	bbox	2525	92.1	92.1	92.1	1715,677,14,5	179.4	39.4830227	73.5859783	4674.4
2527	2527	1.805	палка-древко-контроль	14.0	11.9	снег-освещённый	1.402	53.5	-9.0	-1.0	9.1	bbox	2526	226.3	224.3	226.3	609,1041,20,6	179.4	39.4829276	73.5861772	4674.4
2528	2528	2.435	крышка-контроль	18.4	22.5	снег-освещённый	1.254	64.9	-9.0	4.0	9.8	bbox	2527	226.3	226.3	226.3	1029,65,22,4	179.4	39.4829276	73.5861772	4674.4
2529	2529	2.109	стакан-марка-красная	16.0	18.4	снег-освещённый	0.672	68.2	-5.0	0.0	5.0	bbox	2528	144.2	144.2	144.2	1828,33,13,10	179.3	39.4829346	73.5861788	4674.5
2530	2530	1.373	стакан-марка-красная	8.6	23.9	снег-розовый	0.803	73.7	4.0	-4.0	5.7	bbox	2529	229.3	229.3	229.3	697,1047,18,6	179.1	39.4829274	73.5861775	4674.5
2531	2531	1.979	стакан-марка-красная	15.7	8.2	корка-жёлтая-на-скале	0.978	41.6	-3.0	8.0	8.5	bbox	2530	458.5	458.5	458.5	71,105,15,6	179.0	39.4828740	73.5863131	4663.6
2532	2532	1.633	палка-ручка-пробка	12.2	16.3	корка-жёлтая-на-скале	0.760	59.4	-5.0	16.0	16.8	bbox	2531	4.0	4.0	4.0	1757,881,10,8	178.9	39.4832992	73.5853335	4674.5
2533	2533	1.878	стакан-марка-красная	13.9	20.0	снег-розовый	0.884	69.8	-1.0	8.0	8.1	bbox	2532	117.1	117.1	117.1	1145,337,10,8	178.6	39.4829341	73.5861798	4674.5
2534	2534	1.061	стакан-марка-красная	7.6	13.1	порода-охристая	0.534	36.7	14.0	8.0	16.1	bbox	2533	405.5	405.5	405.5	1169,879,6,10	178.5	39.4828744	73.5863199	4663.6
2535	2535	1.961	стакан-марка-красная	15.7	3.5	корка-жёлтая-на-скале	0.972	53.3	-3.0	8.0	8.5	bbox	2534	381.4	381.4	381.4	185,113,6,10	177.9	39.4828779	73.5863212	4663.6
2536	2536	0.693	рюкзак-синий	5.1	7.6	снег-в-тени	0.656	31.2	2.0	-9.0	9.2	bbox	2535	232.3	232.3	232.3	240,283,13,10	177.7	39.4829268	73.5861778	4674.4
2537	2537	1.912	стакан-марка-красная	14.4	17.8	корка-жёлтая-на-скале	0.948	32.0	-1.0	9.0	9.1	bbox	2536	89.1	89.1	89.1	1912,1055,8,6	177.6	39.4830237	73.5859798	4674.4
2538	2538	1.035	рюкзак-синий	6.0	20.0	порода-в-тени	0.954	18.8	1.0	-8.0	8.1	bbox	2537	280.3	280.3	280.3	225,481,4,12	177.6	39.4828632	73.5863205	4674.4
2539	2539	0.503	стакан-марка-красная	3.6	6.3	снег-в-тени	1.337	43.5	8.0	-1.0	8.1	bbox	2538	366.4	366.4	366.4	25,393,8,7	177.4	39.4828734	73.5863173	4663.6
2540	2540	0.751	рюкзак-синий	6.0	1.2	снег-в-тени	0.305	40.0	1.0	-8.0	8.1	bbox	2539	129.1	126.1	129.1	397,615,8,10	177.3	39.4829335	73.5861809	4674.5
2541	2541	0.711	рюкзак-синий	5.7	2.0	снег-в-тени	0.718	40.8	5.0	-10.0	11.2	bbox	2540	355.4	354.4	355.4	1503,107,10,6	177.1	39.4828718	73.5863142	4663.6
2542	2542	1.461	стакан-марка-красная	10.8	15.5	корка-жёлтая-на-скале	1.138	34.3	2.0	7.0	7.3	bbox	2541	484.6	484.6	484.6	355,874,12,15	177.1	39.4828712	73.5863118	4663.6
2543	2543	1.388	рюкзак-синий	9.5	20.2	снег-в-тени	1.978	18.6	10.0	-17.0	19.7	bbox	2542	226.3	226.3	226.3	1213,137,20,3	176.7	39.4829276	73.5861772	4674.4
2544	2544	0.919	рюкзак-синий	7.0	7.6	снег-в-тени	0.635	31.2	1.5	-7.0	7.2	bbox	2543	351.4	351.4	351.4	1915,186,5,12	176.7	39.4828708	73.5863150	4663.6
2545	2545	0.650	стакан-марка-красная	3.6	13.1	порода-в-тени	1.378	36.7	8.0	-1.0	8.1	bbox	2544	431.5	431.5	431.5	1361,241,13,6	176.6	39.4828751	73.5863145	4663.6
2546	2546	1.927	стакан-марка-красная	11.0	37.6	порода-в-тени	0.406	12.2	0.0	0.0	0.0	bbox	2545	52.1	52.1	52.1	1900,197,17,7	176.4	39.4830257	73.5859852	4674.5
2547	2547	1.455	рюкзак-синий	8.1	29.4	порода-в-тени	0.891	9.4	2.0	-6.0	6.3	bbox	2546	164.2	162.2	166.2	103,108,8,14	176.4	39.4829317	73.5861799	4674.5
2548	2548	1.486	палка-ручка-пробка	9.2	26.3	корка-жёлтая-на-скале	0.186	49.4	-1.0	16.0	16.0	bbox	2547	344.4	344.4	344.4	1183,28,12,9	176.2	39.4828700	73.5863151	4663.6
2549	2549	0.680	стакан-марка-красная	3.2	15.5	снег-розовый	0.905	65.3	8.0	0.0	8.0	bbox	2548	441.5	441.5	441.5	1225,282,8,7	176.1	39.4828752	73.5863136	4663.6
2550	2550	1.375	стакан-марка-красная	3.2	36.9	снег-розовый	0.817	86.7	8.0	2.0	8.2	bbox	2549	464.5	464.5	464.5	1169,947,8,14	176.0	39.4828730	73.5863129	4663.6
2551	2551	1.824	стакан-марка-красная	14.3	9.8	корка-жёлтая-на-скале	1.068	40.0	-2.0	7.0	7.3	bbox	2550	78.1	78.1	78.1	1041,145,22,4	175.6	39.4830247	73.5859790	4674.5
2552	2552	0.676	рюкзак-синий	5.4	1.6	снег-в-тени	0.476	40.4	3.0	-9.0	9.5	bbox	2551	48.1	48.1	48.1	1469,353,8,8	175.4	39.4830263	73.5859844	4674.4
2553	2553	1.309	рюкзак-синий	7.1	27.0	порода-в-тени	1.447	11.8	6.0	-9.0	10.8	bbox	2552	354.4	354.4	354.4	762,31,7,8	175.3	39.4828715	73.5863143	4663.6
2554	2554	1.633	стакан-марка-красная	13.0	2.7	порода-в-тени	0.960	47.1	-2.0	0.0	2.0	bbox	2553	256.3	255.3	259.3	1460,957,15,4	175.1	39.4829239	73.5861786	4674.5
2555	2555	1.093	рюкзак-синий	8.5	6.4	снег-в-тени	0.785	32.4	4.0	-6.0	7.2	bbox	2554	474.5	474.5	474.5	267,77,10,14	175.0	39.4828723	73.5863128	4663.6
2556	2556	1.894	рюкзак-синий	10.2	39.2	снег-освещённый	0.510	78.0	-1.0	-4.0	4.1	bbox	2555	241.3	241.3	245.3	1695,807,22,10	174.9	39.4829252	73.5861772	4674.5
2557	2557	1.890	рюкзак-синий	5.1	49.8	снег-пересвеченный	1.063	88.6	2.0	-9.0	9.2	bbox	2556	38.0	33.0	40.0	45,543,6,12	174.8	39.4832323	73.5855119	4674.5
2558	2558	1.630	стакан-марка-красная	11.1	23.9	порода-в-тени	0.324	25.9	0.0	-0.5	0.5	bbox	2557	265.3	265.3	265.3	1227,825,6,13	174.8	39.4828605	73.5863221	4674.4
2559	2559	1.199	стакан-марка-красная	5.8	26.7	снег-розовый	0.902	76.5	8.0	6.0	10.0	bbox	2558	369.4	366.4	369.4	1586,817,15,10	174.8	39.4828747	73.5863189	4663.5
2560	2560	1.399	стакан-марка-красная	11.2	1.6	снег-в-тени	0.875	48.2	0.0	-1.0	1.0	bbox	2559	235.3	235.3	235.3	1082,786,7,7	174.7	39.4829267	73.5861782	4674.5
2561	2561	2.130	стакан-марка-красная	16.0	20.2	снег-освещённый	0.631	70.0	-5.0	0.0	5.0	bbox	2560	267.3	267.3	267.3	813,529,20,6	174.7	39.4828611	73.5863210	4674.5
2562	2562	2.001	стакан-марка-красная	13.9	27.8	порода-в-тени	1.133	22.0	-1.0	8.0	8.1	bbox	2561	327.4	327.4	327.4	1324,102,8,11	174.7	39.4828676	73.5863155	4663.6
2563	2563	0.988	стакан-марка-красная	7.6	7.4	порода-охристая	0.549	42.4	8.0	8.0	11.3	bbox	2562	324.4	324.4	326.4	868,547,11,5	174.6	39.4828685	73.5863153	4663.6
2564	2564	1.473	палка-ручка-пробка	11.3	11.6	лишайник-жёлтый-на-камне	0.675	64.1	-3.0	15.0	15.3	bbox	2563	390.4	387.4	391.4	1881,121,8,6	174.6	39.4828766	73.5863183	4663.6
2565	2565	1.940	палка-ручка-пробка	15.3	9.8	корка-жёлтая-на-скале	0.974	65.9	-3.0	10.0	10.4	bbox	2564	463.5	463.5	464.5	197,0,9,7	174.5	39.4828731	73.5863128	4663.6
2566	2566	1.530	палка-ручка-пробка	12.2	3.1	лишайник-жёлтый-на-камне	0.852	78.8	-2.0	13.0	13.2	bbox	2565	60.1	53.1	60.1	1797,1017,10,8	174.3	39.4830257	73.5859849	4674.5
2567	2567	1.215	стакан-марка-красная	4.5	30.2	порода-в-тени	1.398	19.6	9.0	-3.0	9.5	bbox	2566	440.5	440.5	440.5	1002,67,15,4	174.3	39.4828753	73.5863135	4663.7
2568	2568	1.449	палка-ручка-пробка	10.4	17.7	корка-жёлтая-на-скале	0.509	58.0	2.0	13.0	13.2	bbox	2567	91.1	91.1	91.1	481,89,8,12	174.1	39.4830230	73.5859789	4674.4
2569	2569	1.211	палка-ручка-пробка	9.2	10.4	лишайник-жёлтый-на-камне	0.500	65.3	-2.0	17.0	17.1	bbox	2568	346.4	346.4	346.4	1326,903,12,8	174.1	39.4828707	73.5863151	4663.6
2570	2570	1.016	стакан-марка-красная	7.2	13.1	порода-охристая	0.710	36.7	15.0	7.0	16.6	bbox	2569	417.5	417.5	417.5	595,194,8,11	174.1	39.4828738	73.5863171	4663.6
2571	2571	1.340	стакан-марка-красная	4.5	34.1	порода-в-тени	1.138	15.7	7.0	-1.0	7.1	bbox	2570	327.4	327.4	327.4	697,301,14,4	173.9	39.4828676	73.5863155	4663.6
2572	2572	1.196	палка-ручка-пробка	8.1	18.1	лишайник-жёлтый-на-камне	0.332	57.6	1.0	16.0	16.0	bbox	2571	56.1	56.1	56.1	1027,465,14,6	173.6	39.4830260	73.5859843	4674.4
2573	2573	1.153	рюкзак-синий	8.1	15.7	снег-в-тени	1.087	23.1	5.0	-7.0	8.6	bbox	2572	417.5	417.5	417.5	1065,525,8,12	173.6	39.4828738	73.5863171	4663.6
2574	2574	1.024	рюкзак-синий	6.7	16.4	снег-в-тени	1.037	22.4	4.0	-8.0	8.9	bbox	2573	100.1	95.1	100.1	11,365,6,10	173.4	39.4830196	73.5859808	4674.5
2575	2575	1.542	стакан-марка-красная	12.0	9.4	порода-в-тени	0.736	40.4	-1.0	0.0	1.0	bbox	2574	209.2	209.2	209.2	1411,726,13,7	173.4	39.4829278	73.5861766	4674.5
2576	2576	1.618	стакан-марка-красная	12.2	15.5	снег-освещённый	0.568	65.3	-1.0	-1.0	1.4	bbox	2575	261.3	257.3	261.3	1068,627,5,14	172.6	39.4828831	73.5862708	4674.5
2577	2577	0.716	рюкзак-синий	3.4	16.3	снег-в-тени	1.175	22.5	4.0	-12.5	13.1	bbox	2576	45.1	41.0	51.1	1815,651,4,18	172.5	39.4830654	73.5858939	4674.4
2578	2578	1.852	палка-ручка-пробка	13.9	18.1	корка-жёлтая-на-скале	0.660	57.6	-2.0	11.0	11.2	bbox	2577	42.0	42.0	42.0	908,736,13,7	172.2	39.4831307	73.5857450	4674.4
2579	2579	0.584	стакан-марка-красная	4.5	4.7	снег-в-тени	1.241	45.1	7.0	-1.0	7.1	bbox	2578	462.5	462.5	462.5	1855,368,8,8	172.1	39.4828731	73.5863128	4663.7
2580	2580	1.370	стакан-марка-красная	7.8	26.9	порода-охристая	0.798	22.9	7.5	8.0	11.0	bbox	2579	109.1	109.1	109.1	689,425,7,8	172.0	39.4829332	73.5861800	4674.4
2581	2581	0.779	стакан-марка-красная	6.0	5.9	порода-охристая	0.794	55.7	11.0	7.0	13.0	bbox	2580	381.4	381.4	381.4	978,938,10,9	172.0	39.4828779	73.5863212	4663.6
2582	2582	1.345	стакан-марка-красная	3.6	35.5	порода-в-тени	1.269	14.3	8.0	-1.0	8.1	bbox	2581	366.4	366.4	367.4	761,539,8,8	171.8	39.4828734	73.5863173	4663.6
2583	2583	1.861	стакан-марка-красная	14.4	12.9	корка-жёлтая-на-скале	0.855	36.9	-1.0	9.0	9.1	bbox	2582	414.5	414.5	414.5	1846,193,11,6	171.6	39.4828738	73.5863180	4663.6
2584	2584	1.327	стакан-марка-красная	7.6	25.9	порода-охристая	0.741	23.9	8.0	8.0	11.3	bbox	2583	457.5	457.5	457.5	1649,0,9,7	171.6	39.4828743	73.5863131	4663.6
2585	2585	1.260	палка-ручка-пробка	9.9	6.7	лишайник-жёлтый-на-камне	0.530	69.0	-2.0	16.0	16.1	bbox	2584	357.4	357.4	357.4	1914,305,6,10	171.4	39.4828720	73.5863141	4663.6
2586	2586	1.506	палка-ручка-пробка	11.7	10.6	лишайник-жёлтый-на-камне	0.625	65.1	-1.0	13.0	13.0	bbox	2585	52.1	52.1	52.1	857,441,7,9	171.3	39.4830257	73.5859852	4674.5
2587	2587	2.083	стакан-марка-красная	13.0	36.5	снег-розовый	0.698	86.3	-1.0	6.0	6.1	bbox	2586	401.5	401.5	401.5	843,660,6,13	171.3	39.4828750	73.5863206	4663.6
2588	2588	1.548	стакан-марка-красная	8.9	30.0	порода-охристая	0.868	19.8	7.0	9.0	11.4	bbox	2587	101.1	94.1	101.1	399,571,12,6	171.2	39.4830120	73.5859987	4674.5
2589	2589	2.558	стакан-марка-красная	18.1	33.3	снег-освещённый	0.843	83.1	-7.0	3.0	7.6	bbox	2588	229.3	229.3	230.3	365,501,12,10	171.2	39.4829274	73.5861775	4674.5
2590	2590	1.655	стакан-марка-красная	12.6	13.7	порода-охристая	0.565	36.1	7.0	13.0	14.8	bbox	2589	103.1	103.1	103.1	742,991,9,8	171.1	39.4829786	73.5860749	4674.4
2591	2591	1.937	стакан-марка-красная	14.8	16.5	корка-жёлтая-на-скале	1.046	33.3	-2.0	8.0	8.2	bbox	2590	397.5	396.5	397.5	1683,643,4,11	170.9	39.4828747	73.5863191	4663.6
2592	2592	2.076	стакан-марка-красная	15.7	19.4	снег-розовый	1.021	69.2	-3.0	8.0	8.5	bbox	2591	52.1	52.1	52.1	753,809,10,7	170.8	39.4830257	73.5859852	4674.5
2593	2593	1.968	стакан-марка-красная	15.0	16.7	снег-розовый	1.034	66.5	-2.0	8.5	8.7	bbox	2592	119.1	119.1	119.1	1409,501,10,7	170.7	39.4829346	73.5861801	4674.4
2594	2594	1.202	стакан-марка-красная	2.2	32.7	порода-в-тени	1.505	17.1	10.0	-1.0	10.0	bbox	2593	440.5	440.5	440.5	1577,277,8,10	170.5	39.4828753	73.5863135	4663.7
2595	2595	1.238	рюкзак-синий	7.3	23.5	порода-в-тени	0.993	15.3	3.0	-7.0	7.6	bbox	2594	264.3	264.3	264.3	475,497,14,6	170.3	39.4828608	73.5863211	4674.4
2596	2596	0.675	рюкзак-синий	4.5	10.6	снег-в-тени	0.285	49.4	-1.0	-10.0	10.0	bbox	2595	425.5	425.5	425.5	539,1065,8,10	170.3	39.4828740	73.5863154	4663.6
2597	2597	1.704	стакан-марка-красная	13.4	8.4	снег-розовый	1.005	58.2	-1.0	7.0	7.1	bbox	2596	413.5	409.5	413.5	867,715,9,6	170.1	39.4828739	73.5863181	4663.6
2598	2598	1.432	стакан-марка-красная	5.0	36.1	снег-розовый	0.735	85.9	7.0	4.0	8.1	bbox	2597	409.5	408.5	409.5	1524,940,13,9	169.9	39.4828743	73.5863188	4663.6
2599	2599	0.885	рюкзак-синий	7.1	1.2	снег-в-тени	0.305	40.0	0.0	-7.0	7.0	bbox	2598	290.3	290.3	298.3	97,1004,9,13	169.8	39.4828642	73.5863206	4672.1
2600	2600	0.953	палка-ручка-пробка	7.1	10.0	лишайник-жёлтый-на-камне	0.280	65.7	4.0	16.0	16.5	bbox	2599	104.1	104.1	104.1	1317,571,8,11	169.7	39.4829563	73.5861264	4674.4
2601	2601	0.707	рюкзак-синий	5.2	7.6	снег-в-тени	0.682	31.2	2.5	-9.0	9.3	bbox	2600	247.3	247.3	247.3	1865,0,16,3	169.5	39.4829254	73.5861774	4674.5
2602	2602	1.128	стакан-марка-красная	7.1	19.6	порода-охристая	0.492	30.2	10.0	8.0	12.8	bbox	2601	362.4	362.4	362.4	145,42,15,13	169.4	39.4828723	73.5863150	4663.6
2603	2603	1.008	рюкзак-синий	8.1	0.2	снег-в-тени	0.482	38.6	2.0	-6.0	6.3	bbox	2602	452.5	452.5	454.5	769,693,8,8	169.4	39.4828742	73.5863141	4663.6
2604	2604	2.156	палка-древко-контроль	14.0	35.1	снег-пересвеченный	0.837	76.7	-9.0	-1.0	9.1	bbox	2603	146.2	146.2	146.2	43,985,6,8	169.3	39.4829347	73.5861789	4674.4
2605	2605	1.160	рюкзак-синий	5.4	26.4	порода-в-тени	1.214	12.4	3.0	-9.0	9.5	bbox	2604	231.3	230.3	231.3	961,257,16,8	169.3	39.4829272	73.5861777	4674.5
2606	2606	2.278	палка-древко-контроль	17.0	22.7	снег-освещённый	0.986	64.3	-7.0	2.0	7.3	bbox	2605	209.2	209.2	209.2	1245,17,14,10	169.1	39.4829278	73.5861766	4674.5
2607	2607	1.221	рюкзак-синий	4.1	31.0	снег-в-тени	0.825	69.8	0.0	-10.0	10.0	bbox	2606	300.3	300.3	300.3	97,929,6,10	169.0	39.4828657	73.5863196	4663.6
2608	2608	0.679	рюкзак-синий	5.0	7.4	снег-в-тени	0.613	31.4	1.0	-9.0	9.1	bbox	2607	308.4	308.4	309.4	1889,227,8,10	168.9	39.4828675	73.5863205	4663.6
2609	2609	1.342	рюкзак-синий	5.8	31.5	порода-в-тени	1.668	7.3	6.0	-11.0	12.5	bbox	2608	260.3	260.3	260.3	1885,33,14,5	168.7	39.4828927	73.5862489	4674.5
2610	2610	1.508	стакан-марка-красная	12.0	2.5	порода-в-тени	0.975	47.3	-1.0	0.0	1.0	bbox	2609	270.3	269.3	272.3	1577,967,8,6	168.7	39.4828611	73.5863208	4674.4
2611	2611	1.521	стакан-марка-красная	12.2	0.2	снег-в-тени	0.887	50.0	-1.0	-1.0	1.4	bbox	2610	229.3	225.3	229.3	1373,649,12,8	168.6	39.4829274	73.5861775	4674.5
2612	2612	1.437	палка-ручка-пробка	10.6	15.3	корка-жёлтая-на-скале	0.515	60.4	-2.0	15.0	15.1	bbox	2611	324.4	319.4	324.4	597,113,7,8	168.5	39.4828685	73.5863153	4663.6
2613	2613	1.398	стакан-марка-красная	10.8	10.6	порода-охристая	0.501	39.2	7.0	11.0	13.0	bbox	2612	89.1	89.1	89.1	911,617,10,6	168.3	39.4830237	73.5859798	4674.4
2614	2614	2.185	палка-ручка-пробка	13.6	38.4	корка-жёлтая-на-скале	0.650	37.3	-3.0	12.0	12.4	bbox	2613	355.4	351.4	355.4	1033,663,11,8	168.3	39.4828718	73.5863142	4663.6
2615	2615	2.508	палка-ручка-пробка	19.8	10.2	снег-освещённый	1.341	85.9	-8.0	8.0	11.3	bbox	2614	435.5	435.5	435.5	361,941,4,11	168.3	39.4828751	73.5863141	4663.6
2616	2616	1.651	стакан-марка-красная	6.7	39.8	снег-розовый	0.622	89.6	5.0	4.0	6.4	bbox	2615	369.4	365.4	369.4	967,17,10,15	168.2	39.4828747	73.5863189	4663.5
2617	2617	0.476	стакан-марка-красная	3.6	4.3	снег-розовый	1.186	54.1	8.0	-1.0	8.1	bbox	2616	381.4	381.4	381.4	817,1065,8,8	168.2	39.4828779	73.5863212	4663.6
2618	2618	2.254	палка-ручка-пробка	17.5	15.7	снег-розовый	0.939	91.4	-2.0	7.0	7.3	bbox	2617	402.5	402.5	405.5	659,603,12,4	168.1	39.4828749	73.5863208	4663.6
2619	2619	0.965	стакан-марка-красная	7.6	4.5	порода-охристая	0.585	45.3	8.0	8.0	11.3	bbox	2618	384.4	384.4	384.4	1460,873,16,10	168.0	39.4828781	73.5863207	4663.5
2620	2620	0.762	рюкзак-синий	4.5	14.5	снег-в-тени	0.952	24.3	3.0	-10.0	10.4	bbox	2619	50.1	48.1	51.1	1761,285,8,16	167.8	39.4830257	73.5859860	4674.4
2621	2621	2.220	стакан-марка-красная	15.1	32.6	снег-пересвеченный	0.386	82.4	-4.0	-1.0	4.1	bbox	2620	142.2	141.2	144.2	1668,490,19,7	167.8	39.4829344	73.5861783	4674.5
2622	2622	1.469	стакан-марка-красная	6.4	34.5	порода-в-тени	1.263	15.3	6.0	5.0	7.8	bbox	2621	483.5	483.5	483.5	201,474,8,13	167.7	39.4828716	73.5863117	4663.6
2623	2623	0.953	палка-ручка-пробка	7.1	10.0	лишайник-жёлтый-на-камне	0.280	65.7	0.0	18.0	18.0	bbox	2622	105.1	105.1	109.1	871,649,6,8	167.6	39.4829374	73.5861688	4674.5
2624	2624	1.117	рюкзак-синий	5.0	25.9	снег-в-тени	0.629	64.7	1.0	-9.0	9.1	bbox	2623	314.4	314.4	314.4	1837,321,10,6	167.6	39.4828677	73.5863183	4663.6
2625	2625	0.853	стакан-марка-красная	4.5	18.0	снег-розовый	0.808	67.8	7.0	-1.0	7.1	bbox	2624	410.5	410.5	410.5	1651,19,12,6	167.5	39.4828742	73.5863187	4663.6
2626	2626	1.155	рюкзак-синий	7.1	20.8	снег-в-тени	0.506	59.6	2.0	-7.0	7.3	bbox	2625	434.5	434.5	434.5	515,535,4,10	167.1	39.4828751	73.5863144	4663.7
2627	2627	0.839	рюкзак-синий	6.7	0.6	снег-в-тени	0.583	39.4	4.0	-8.0	8.9	bbox	2626	403.5	403.5	406.5	283,569,6,8	167.0	39.4828749	73.5863207	4663.6
2628	2628	0.532	стакан-марка-красная	4.1	3.7	снег-розовый	1.312	46.1	7.0	0.0	7.0	bbox	2627	464.5	464.5	464.5	823,0,6,9	167.0	39.4828730	73.5863129	4663.6
2629	2629	1.133	рюкзак-синий	8.1	14.5	порода-в-тени	0.813	24.3	2.0	-6.0	6.3	bbox	2628	256.3	253.3	257.3	803,999,4,26	166.8	39.4829239	73.5861786	4674.5
2630	2630	1.326	стакан-марка-красная	2.0	36.5	порода-в-тени	1.420	13.3	9.0	1.0	9.1	bbox	2629	451.5	451.5	451.5	1409,0,11,11	166.7	39.4828742	73.5863140	4663.6
2631	2631	2.081	палка-ручка-пробка	16.6	0.6	снег-розовый	1.156	75.1	-4.0	9.0	9.8	bbox	2630	30.0	30.0	30.0	697,271,5,10	166.5	39.4833090	73.5853336	4674.5
2632	2632	1.523	рюкзак-синий	10.0	24.3	порода-в-тени	0.613	14.5	1.5	-4.0	4.3	bbox	2631	279.3	279.3	279.3	654,11,15,8	166.4	39.4828629	73.5863205	4674.4
2633	2633	1.013	рюкзак-синий	8.1	3.0	снег-в-тени	0.330	41.8	0.0	-6.0	6.0	bbox	2632	153.2	152.2	153.2	349,1067,12,13	166.2	39.4829339	73.5861790	4674.5
2634	2634	1.427	рюкзак-синий	9.1	24.3	снег-в-тени	0.709	63.1	2.0	-5.0	5.4	bbox	2633	268.3	268.3	268.3	1713,717,13,8	166.1	39.4828611	73.5863208	4674.4
2635	2635	1.376	палка-ручка-пробка	10.6	10.0	лишайник-жёлтый-на-камне	0.962	85.7	-3.0	16.0	16.3	bbox	2634	105.1	105.1	107.1	263,1071,6,9	166.0	39.4829374	73.5861688	4674.5
2636	2636	1.553	стакан-марка-красная	9.9	26.3	снег-розовый	0.792	76.1	4.0	8.0	8.9	bbox	2635	483.5	483.5	483.5	739,921,8,8	166.0	39.4828716	73.5863117	4663.6
2637	2637	1.350	палка-ручка-пробка	9.0	20.8	корка-жёлтая-на-скале	0.362	54.9	2.0	14.5	14.6	bbox	2636	101.1	101.1	101.1	673,119,10,10	165.6	39.4830120	73.5859987	4674.5
2638	2638	1.011	стакан-марка-красная	8.1	2.3	порода-охристая	0.427	47.5	10.0	9.0	13.5	bbox	2637	389.4	383.4	389.4	1662,773,9,16	165.6	39.4828768	73.5863185	4663.6
2639	2639	0.897	рюкзак-синий	4.5	19.6	снег-в-тени	0.589	58.4	3.0	-10.0	10.4	bbox	2638	303.3	303.3	303.3	81,0,13,5	165.5	39.4828668	73.5863200	4663.6
2640	2640	1.630	стакан-марка-красная	12.8	8.6	корка-жёлтая-на-скале	0.850	58.4	1.0	9.0	9.1	bbox	2639	114.1	114.1	114.1	1275,489,6,12	165.3	39.4829340	73.5861797	4674.4
2641	2641	1.002	палка-ручка-пробка	7.8	6.3	лишайник-жёлтый-на-камне	0.639	82.0	0.0	17.0	17.0	bbox	2640	87.1	87.1	87.1	849,253,4,12	165.1	39.4830241	73.5859806	4674.4
2642	2642	1.354	палка-ручка-пробка	8.9	21.4	корка-жёлтая-на-скале	0.264	54.3	1.0	15.0	15.0	bbox	2641	116.1	116.1	116.1	1393,953,10,6	164.9	39.4829340	73.5861796	4674.5
2643	2643	1.798	рюкзак-синий	5.1	47.1	снег-пересвеченный	1.074	85.9	2.0	-9.0	9.2	bbox	2642	303.3	303.3	303.3	60,572,5,17	164.8	39.4828668	73.5863200	4663.6
2644	2644	1.373	рюкзак-синий	8.6	23.9	порода-в-тени	1.265	14.9	6.0	-7.0	9.2	bbox	2643	417.5	417.5	417.5	987,637,6,10	164.7	39.4828738	73.5863171	4663.6
2645	2645	0.865	стакан-марка-красная	6.3	9.8	порода-охристая	0.562	40.0	9.0	7.0	11.4	bbox	2644	336.4	333.4	336.4	729,369,8,6	164.6	39.4828670	73.5863165	4663.5
2646	2646	0.614	стакан-марка-красная	4.0	9.8	снег-в-тени	1.312	40.0	7.5	-1.0	7.6	bbox	2645	390.4	390.4	390.4	634,425,7,8	164.6	39.4828766	73.5863183	4663.6
2647	2647	1.757	палка-древко-контроль	13.0	18.4	снег-пересвеченный	1.265	60.0	-9.0	-2.0	9.2	bbox	2646	224.3	224.3	224.3	1625,671,8,10	164.5	39.4829279	73.5861765	4674.5
2648	2648	2.074	палка-древко-контроль	16.0	15.3	снег-освещённый	1.186	56.9	-7.5	1.0	7.6	bbox	2647	224.3	224.3	224.3	1561,51,12,8	164.3	39.4829279	73.5861765	4674.5
2649	2649	1.777	палка-древко-контроль	14.0	7.9	порода-в-тени	0.786	33.7	-7.0	-1.0	7.1	bbox	2648	463.5	463.5	463.5	1521,773,6,12	164.3	39.4828731	73.5863128	4663.6
2650	2650	1.027	рюкзак-синий	7.3	13.4	снег-в-тени	0.425	52.2	3.0	-7.0	7.6	bbox	2649	112.1	111.1	112.1	99,169,10,8	163.9	39.4829333	73.5861798	4674.5
2651	2651	1.650	стакан-марка-красная	7.8	37.3	снег-розовый	0.869	87.1	6.0	7.0	9.2	bbox	2650	365.4	359.4	365.4	1029,65,10,8	163.4	39.4828729	73.5863167	4663.6
2652	2652	2.007	палка-ручка-пробка	15.7	12.5	снег-розовый	1.077	88.2	-2.0	9.0	9.2	bbox	2651	399.5	399.5	400.5	1370,1073,7,7	162.8	39.4828747	73.5863196	4663.6
2653	2653	1.750	стакан-марка-красная	13.0	17.8	снег-розовый	0.867	67.6	0.0	8.0	8.0	bbox	2652	117.1	116.1	117.1	1523,811,12,4	162.7	39.4829341	73.5861798	4674.5
2654	2654	1.258	палка-ручка-пробка	9.2	14.1	лишайник-жёлтый-на-камне	0.954	89.8	-1.0	16.0	16.0	bbox	2653	88.1	88.1	88.1	994,705,9,6	162.6	39.4830239	73.5859802	4674.4
2655	2655	0.761	рюкзак-синий	6.1	0.6	снег-в-тени	0.342	38.2	0.0	-8.0	8.0	bbox	2654	137.2	137.2	139.2	58,299,11,6	162.5	39.4829338	73.5861791	4674.5
2656	2656	1.112	рюкзак-синий	5.8	23.5	порода-в-тени	1.263	15.3	4.0	-9.0	9.8	bbox	2655	83.1	83.1	83.1	855,617,12,4	162.3	39.4830247	73.5859806	4674.4
2657	2657	1.777	стакан-марка-красная	13.9	10.6	корка-жёлтая-на-скале	0.936	39.2	-1.0	8.0	8.1	bbox	2656	80.1	80.1	80.1	232,4,9,8	162.2	39.4830246	73.5859799	4674.5
2658	2658	1.796	стакан-марка-красная	14.3	4.3	порода-в-тени	1.100	45.5	-3.0	4.0	5.0	bbox	2657	405.5	405.5	405.5	212,927,9,9	162.2	39.4828744	73.5863199	4663.6
2659	2659	1.828	стакан-марка-красная	14.4	8.4	корка-жёлтая-на-скале	0.847	58.2	-1.0	9.0	9.1	bbox	2658	47.1	46.1	50.1	899,861,6,12	162.0	39.4830298	73.5859757	4674.5
2660	2660	1.116	стакан-марка-красная	3.2	29.2	порода-в-тени	1.305	20.6	8.0	2.0	8.2	bbox	2659	53.1	53.1	53.1	163,1013,10,8	162.0	39.4830259	73.5859849	4674.5
2661	2661	0.832	рюкзак-синий	5.4	13.7	снег-в-тени	0.902	25.1	3.0	-9.0	9.5	bbox	2660	160.2	159.2	163.2	461,387,6,6	162.0	39.4829327	73.5861793	4674.5
2662	2662	1.701	палка-ручка-пробка	13.5	7.1	лишайник-жёлтый-на-камне	0.959	68.6	-5.0	14.0	14.9	bbox	2661	92.1	92.1	92.1	65,57,8,8	161.8	39.4830227	73.5859783	4674.4
2663	2663	1.616	стакан-марка-красная	11.2	22.7	порода-в-тени	0.345	27.1	0.0	-1.0	1.0	bbox	2662	73.1	73.1	73.1	0,60,9,5	161.7	39.4830257	73.5859792	4674.5
2664	2664	1.359	рюкзак-синий	6.4	30.8	порода-в-тени	1.400	8.0	5.0	-9.0	10.3	bbox	2663	246.3	246.3	246.3	1317,177,11,6	161.6	39.4829255	73.5861775	4674.5
2665	2665	1.801	стакан-марка-красная	12.5	24.9	снег-розовый	0.681	74.7	0.0	7.0	7.0	bbox	2664	286.3	286.3	286.3	409,1057,8,8	161.4	39.4828641	73.5863197	4674.4
2666	2666	1.400	стакан-марка-красная	11.2	2.4	снег-в-тени	0.889	52.2	0.0	-1.0	1.0	bbox	2665	481.5	481.5	481.5	1577,281,10,14	161.3	39.4828724	73.5863121	4663.6
2667	2667	0.957	стакан-марка-красная	6.7	12.9	порода-охристая	0.627	36.9	8.0	7.0	10.6	bbox	2666	457.5	457.5	457.5	1747,59,12,4	161.1	39.4828743	73.5863131	4663.6
2668	2668	1.147	стакан-марка-красная	8.6	11.2	снег-в-тени	0.849	61.0	4.0	-4.0	5.7	bbox	2667	455.5	455.5	455.5	541,367,4,18	161.0	39.4828744	73.5863135	4663.6
2669	2669	1.869	палка-древко-контроль	14.0	18.1	порода-в-тени	0.635	23.5	-7.0	-1.0	7.1	bbox	2668	236.3	236.3	236.3	615,1071,26,2	160.9	39.4829264	73.5861783	4674.5
2670	2670	2.006	палка-древко-контроль	15.0	20.0	снег-освещённый	1.112	61.6	-8.0	0.0	8.0	bbox	2669	210.2	210.2	210.2	1641,170,10,11	160.7	39.4829277	73.5861765	4674.5
2671	2671	1.106	палка-ручка-пробка	6.4	21.4	лишайник-жёлтый-на-камне	0.533	54.3	0.0	19.0	19.0	bbox	2670	350.4	350.4	352.4	245,135,8,6	160.7	39.4828708	73.5863154	4663.6
2672	2672	2.124	стакан-марка-красная	13.2	37.6	порода-в-тени	0.580	12.2	-2.0	3.0	3.6	bbox	2671	287.3	287.3	287.3	1770,932,12,16	160.6	39.4828644	73.5863200	4674.4
2673	2673	1.088	стакан-марка-красная	8.5	5.9	порода-охристая	0.492	43.9	8.0	9.0	12.0	bbox	2672	451.5	451.5	451.5	1713,207,8,10	160.5	39.4828742	73.5863140	4663.6
2674	2674	0.674	рюкзак-синий	4.6	9.8	снег-в-тени	0.696	29.0	0.0	-9.5	9.5	bbox	2673	71.1	71.1	71.1	1611,31,6,8	160.4	39.4830250	73.5859803	4674.5
2675	2675	1.416	рюкзак-синий	9.0	24.1	порода-в-тени	0.657	14.7	1.0	-5.0	5.1	bbox	2674	135.2	131.1	135.2	583,475,10,8	160.4	39.4829338	73.5861791	4674.5
2676	2676	1.302	рюкзак-синий	5.4	31.2	снег-в-тени	0.812	70.0	-1.0	-9.0	9.1	bbox	2675	130.1	130.1	134.2	225,241,16,4	160.3	39.4829332	73.5861805	4674.5
2677	2677	1.668	рюкзак-синий	13.3	1.2	порода-в-тени	0.616	37.6	-2.0	-1.0	2.2	bbox	2676	272.3	271.3	272.3	972,885,5,11	160.1	39.4828620	73.5863212	4674.4
2678	2678	1.057	рюкзак-синий	8.2	6.5	снег-в-тени	0.293	45.3	-1.0	-6.0	6.1	bbox	2677	163.2	161.2	164.2	670,167,11,8	160.0	39.4829321	73.5861799	4674.5
2679	2679	1.270	стакан-марка-красная	6.3	27.8	порода-охристая	0.811	22.0	13.0	7.0	14.8	bbox	2678	423.5	423.5	423.5	1673,514,8,9	160.0	39.4828740	73.5863158	4663.6
2680	2680	1.969	палка-древко-контроль	15.0	16.8	снег-освещённый	1.185	58.4	-8.0	0.0	8.0	bbox	2679	265.3	261.3	265.3	597,1033,4,12	159.9	39.4828605	73.5863221	4674.4
2681	2681	0.727	стакан-марка-красная	5.0	10.4	снег-в-тени	1.191	39.4	7.0	-2.0	7.3	bbox	2680	437.5	437.5	437.5	977,434,8,9	159.9	39.4828751	73.5863136	4663.6
2682	2682	0.839	стакан-марка-красная	2.2	22.2	порода-в-тени	1.522	27.6	10.0	-1.0	10.0	bbox	2681	458.5	458.5	458.5	833,0,16,4	159.9	39.4828740	73.5863131	4663.6
2683	2683	1.322	стакан-марка-красная	7.6	25.7	порода-охристая	0.736	24.1	8.0	8.0	11.3	bbox	2682	458.5	458.5	458.5	1606,67,11,4	159.9	39.4828740	73.5863131	4663.6
2684	2684	1.119	рюкзак-синий	7.1	19.2	порода-в-тени	0.791	19.6	0.0	-7.0	7.0	bbox	2683	158.2	158.2	161.2	153,805,4,12	159.7	39.4829329	73.5861793	4674.5
2685	2685	0.516	стакан-марка-красная	3.6	7.1	снег-розовый	1.119	56.9	8.0	-1.0	8.1	bbox	2684	463.5	463.5	463.5	1905,417,6,13	159.6	39.4828731	73.5863128	4663.6
2686	2686	1.196	палка-ручка-пробка	8.1	18.1	лишайник-жёлтый-на-камне	0.332	57.6	1.0	16.0	16.0	bbox	2685	113.1	111.1	113.1	1827,847,8,10	159.5	39.4829334	73.5861797	4674.5
2687	2687	1.236	палка-ручка-пробка	8.1	20.0	корка-жёлтая-на-скале	0.333	55.7	1.0	16.0	16.0	bbox	2686	327.4	327.4	327.4	1632,138,9,11	159.4	39.4828676	73.5863155	4663.6
2688	2688	0.430	рюкзак-синий	3.2	4.7	снег-в-тени	0.476	43.5	2.0	-11.0	11.2	bbox	2687	51.1	50.1	51.1	271,1073,10,7	159.3	39.4830258	73.5859854	4674.4
2689	2689	1.894	стакан-марка-красная	14.8	12.0	корка-жёлтая-на-скале	0.977	37.8	-2.0	8.0	8.2	bbox	2688	93.1	93.1	93.1	225,950,6,11	159.3	39.4830228	73.5859778	4674.5
2690	2690	2.473	стакан-марка-красная	19.8	1.8	корка-жёлтая-на-скале	1.459	48.0	-8.0	6.5	10.3	bbox	2689	230.3	230.3	232.3	330,29,23,2	159.1	39.4829273	73.5861776	4674.5
2691	2691	0.465	стакан-марка-красная	2.2	10.4	порода-охристая	1.506	39.4	10.0	-1.0	10.0	bbox	2690	389.4	389.4	389.4	545,409,10,8	159.1	39.4828768	73.5863185	4663.6
2692	2692	1.302	стакан-марка-красная	9.1	18.0	порода-охристая	0.296	31.8	10.0	10.0	14.1	bbox	2691	439.5	438.5	439.5	1417,271,8,6	158.9	39.4828753	73.5863133	4663.6
2693	2693	1.539	рюкзак-синий	8.2	32.0	снег-освещённый	0.831	70.8	-1.0	-6.0	6.1	bbox	2692	150.2	150.2	150.2	1618,57,11,8	158.5	39.4829343	73.5861787	4674.5
2694	2694	1.517	рюкзак-синий	8.1	31.7	порода-в-тени	0.931	7.1	2.0	-6.0	6.3	bbox	2693	209.2	204.2	209.2	1449,406,18,9	158.4	39.4829278	73.5861766	4674.5
2695	2695	1.109	стакан-марка-красная	4.2	27.3	снег-розовый	0.791	77.1	8.0	4.0	8.9	bbox	2694	367.4	364.4	367.4	1176,415,9,8	158.4	39.4828739	73.5863180	4663.6
2696	2696	1.420	стакан-марка-красная	8.9	24.5	порода-охристая	0.729	25.3	15.0	9.0	17.5	bbox	2695	397.5	395.4	397.5	1483,230,6,9	158.4	39.4828747	73.5863191	4663.6
2697	2697	1.001	стакан-марка-красная	7.1	13.1	порода-охристая	0.961	62.9	10.0	8.0	12.8	bbox	2696	400.5	397.5	402.5	1515,78,5,12	158.4	39.4828750	73.5863202	4663.6
2698	2698	1.894	рюкзак-синий	13.0	27.0	порода-в-тени	0.397	11.8	0.0	-1.0	1.0	bbox	2697	483.5	483.5	483.5	1734,995,9,7	158.1	39.4828716	73.5863117	4663.6
2699	2699	2.131	палка-древко-контроль	13.8	34.9	снег-пересвеченный	0.553	76.5	-5.0	-1.5	5.2	bbox	2698	241.3	241.3	241.3	785,601,8,8	157.9	39.4829252	73.5861772	4674.5
2700	2700	2.033	палка-ручка-пробка	15.2	20.0	снег-розовый	1.150	95.7	-1.0	9.0	9.1	bbox	2699	382.4	382.4	382.4	1449,187,8,6	157.9	39.4828780	73.5863210	4663.5
2701	2701	1.950	стакан-марка-красная	14.4	20.8	корка-жёлтая-на-скале	1.014	29.0	-1.0	9.0	9.1	bbox	2700	327.4	327.4	327.4	1596,628,9,8	157.7	39.4828676	73.5863155	4663.6
2702	2702	1.041	рюкзак-синий	6.3	19.2	снег-в-тени	1.126	19.6	4.0	-8.5	9.4	bbox	2701	455.5	453.5	455.5	965,243,8,6	157.7	39.4828744	73.5863135	4663.6
2703	2703	1.575	палка-ручка-пробка	12.0	13.0	корка-жёлтая-на-скале	0.664	62.7	-3.0	14.0	14.3	bbox	2702	374.4	374.4	374.4	1383,149,10,4	157.3	39.4828759	73.5863191	4663.6
2704	2704	2.010	палка-ручка-пробка	15.7	12.9	снег-розовый	1.082	88.6	-2.0	9.0	9.2	bbox	2703	93.1	93.1	93.1	1313,832,7,8	157.2	39.4830228	73.5859778	4674.5
2705	2705	1.827	стакан-марка-красная	13.9	15.9	снег-розовый	0.940	65.7	-1.0	8.0	8.1	bbox	2704	381.4	381.4	381.4	273,145,14,6	156.9	39.4828779	73.5863212	4663.6
2706	2706	0.355	стакан-марка-красная	2.8	0.8	снег-розовый	1.396	49.0	9.0	-1.0	9.1	bbox	2705	455.5	455.5	455.5	1835,893,6,12	156.8	39.4828744	73.5863135	4663.6
2707	2707	1.386	стакан-марка-красная	11.0	3.3	снег-розовый	0.942	53.1	0.0	0.0	0.0	bbox	2706	209.2	209.2	209.2	1585,959,9,6	156.5	39.4829278	73.5861766	4674.5
2708	2708	1.869	стакан-марка-красная	12.4	29.4	снег-освещённый	0.256	79.2	-1.0	-2.0	2.2	bbox	2707	90.1	90.1	90.1	9,388,7,11	156.2	39.4830233	73.5859794	4674.5
2709	2709	2.180	стакан-марка-красная	16.6	19.2	корка-жёлтая-на-скале	1.180	30.6	-4.0	8.0	8.9	bbox	2708	480.5	480.5	480.5	465,609,7,8	156.1	39.4828724	73.5863121	4663.6
2710	2710	0.777	рюкзак-синий	6.1	4.5	снег-в-тени	0.160	43.3	0.0	-8.0	8.0	bbox	2709	227.3	227.3	227.3	1326,33,9,12	156.0	39.4829276	73.5861773	4674.5
2711	2711	1.903	палка-древко-контроль	15.0	9.2	порода-в-тени	1.325	50.8	-8.0	0.0	8.0	bbox	2710	209.2	209.2	209.2	1817,25,12,12	155.7	39.4829278	73.5861766	4674.5
2712	2712	1.361	палка-ручка-пробка	10.3	12.8	лишайник-жёлтый-на-камне	0.583	62.9	-2.5	16.0	16.2	bbox	2711	325.4	325.4	326.4	1787,1029,6,10	155.6	39.4828684	73.5863154	4663.6
2713	2713	1.997	стакан-марка-красная	11.0	40.4	порода-в-тени	0.482	9.4	0.0	0.0	0.0	bbox	2712	447.5	447.5	447.5	881,66,8,15	155.5	39.4828747	73.5863144	4663.7
2714	2714	1.664	стакан-марка-красная	13.0	9.4	снег-освещённый	0.781	59.2	-2.0	0.0	2.0	bbox	2713	143.2	143.2	143.2	1812,737,11,10	155.4	39.4829343	73.5861785	4674.5
2715	2715	1.262	стакан-марка-красная	6.0	28.4	порода-охристая	0.787	21.4	11.0	7.0	13.0	bbox	2714	357.4	357.4	357.4	195,803,14,4	155.3	39.4828720	73.5863141	4663.6
2716	2716	1.259	рюкзак-синий	6.3	27.4	порода-в-тени	1.123	11.4	3.0	-8.0	8.5	bbox	2715	280.3	280.3	280.3	633,881,4,12	155.0	39.4828632	73.5863205	4674.4
2717	2717	2.117	палка-ручка-пробка	16.3	16.3	снег-розовый	0.893	92.0	0.0	7.5	7.5	bbox	2716	484.6	484.6	484.6	139,217,6,9	155.0	39.4828712	73.5863118	4663.6
2718	2718	1.800	стакан-марка-красная	14.3	5.1	корка-жёлтая-на-скале	0.930	54.9	-1.5	8.0	8.1	bbox	2717	117.1	117.1	117.1	787,899,12,4	154.9	39.4829341	73.5861798	4674.5
2719	2719	1.988	стакан-марка-красная	12.2	35.7	порода-в-тени	1.207	14.1	1.0	8.0	8.1	bbox	2718	401.5	401.5	401.5	1889,828,11,5	154.9	39.4828750	73.5863206	4663.6
2720	2720	1.158	стакан-марка-красная	5.1	27.1	порода-в-тени	1.071	22.7	6.0	2.0	6.3	bbox	2719	310.4	310.4	310.4	529,489,16,6	154.8	39.4828678	73.5863204	4663.6
2721	2721	0.685	рюкзак-синий	5.0	7.9	снег-в-тени	0.181	46.7	1.0	-9.0	9.1	bbox	2720	302.3	302.3	302.3	17,1013,8,6	154.6	39.4828664	73.5863198	4663.6
2722	2722	1.129	рюкзак-синий	4.9	26.5	снег-в-тени	0.752	65.3	3.0	-9.5	10.0	bbox	2721	152.2	151.2	152.2	603,977,6,8	154.1	39.4829339	73.5861791	4674.4
2723	2723	1.491	стакан-марка-красная	3.6	39.8	порода-в-тени	1.304	10.0	8.0	-1.0	8.1	bbox	2722	368.4	368.4	371.4	811,947,8,6	154.1	39.4828743	73.5863185	4663.5
2724	2724	0.991	рюкзак-синий	7.1	12.6	снег-в-тени	0.179	51.4	0.0	-7.0	7.0	bbox	2723	280.3	280.3	280.3	169,513,6,12	153.9	39.4828632	73.5863205	4674.4
2725	2725	1.817	крышка-контроль	14.2	10.7	снег-освещённый	1.593	53.1	-11.0	0.0	11.0	bbox	2724	227.3	227.3	227.3	1655,708,6,9	153.8	39.4829276	73.5861773	4674.5
2726	2726	2.082	стакан-марка-красная	16.4	10.2	корка-жёлтая-на-скале	0.631	39.6	-2.0	11.0	11.2	bbox	2725	83.1	83.1	83.1	114,161,7,7	153.7	39.4830247	73.5859806	4674.4
2727	2727	1.096	рюкзак-синий	6.7	19.8	снег-в-тени	1.143	19.0	4.0	-8.0	8.9	bbox	2726	439.5	439.5	439.5	363,9,6,8	153.5	39.4828753	73.5863133	4663.6
2728	2728	1.005	рюкзак-синий	5.1	21.7	порода-в-тени	1.124	17.1	2.0	-9.0	9.2	bbox	2727	141.2	141.2	144.2	789,489,8,16	153.1	39.4829341	73.5861782	4674.5
2729	2729	2.001	палка-ручка-пробка	15.7	11.8	снег-розовый	1.067	87.5	-2.0	9.0	9.2	bbox	2728	408.5	408.5	408.5	1176,1025,9,9	153.0	39.4828744	73.5863189	4663.6
2730	2730	2.458	палка-ручка-пробка	19.4	11.0	снег-освещённый	1.096	86.7	-6.0	7.0	9.2	bbox	2729	443.5	443.5	443.5	87,945,6,10	152.9	39.4828751	73.5863140	4663.6
2731	2731	1.307	стакан-марка-красная	10.2	8.0	порода-в-тени	0.850	41.8	1.0	-1.0	1.4	bbox	2730	235.3	235.3	235.3	1185,859,16,6	152.7	39.4829267	73.5861782	4674.5
2732	2732	2.065	рюкзак-синий	13.3	34.1	порода-в-тени	0.561	4.7	-2.0	-1.0	2.2	bbox	2731	381.4	381.4	381.4	184,907,9,7	152.7	39.4828779	73.5863212	4663.6
2733	2733	1.935	рюкзак-синий	13.6	25.9	порода-в-тени	0.294	12.9	-3.0	-1.0	3.2	bbox	2732	404.5	403.5	404.5	723,801,14,6	152.7	39.4828745	73.5863204	4663.6
2734	2734	1.402	палка-ручка-пробка	9.9	18.4	корка-жёлтая-на-скале	0.438	57.3	-2.0	16.0	16.1	bbox	2733	4.0	4.0	4.0	811,50,10,9	152.5	39.4832992	73.5853335	4674.5
2735	2735	1.306	рюкзак-синий	10.0	10.0	порода-в-тени	0.542	28.8	0.0	-4.0	4.0	bbox	2734	136.2	134.2	138.2	793,455,16,6	152.4	39.4829339	73.5861790	4674.5
2736	2736	2.431	палка-древко-контроль	12.4	52.5	снег-пересвеченный	0.177	94.1	-5.0	-3.0	5.8	bbox	2735	158.2	158.2	158.2	1856,801,9,8	152.4	39.4829329	73.5861793	4674.5
2737	2737	2.110	палка-древко-контроль	16.0	18.5	порода-в-тени	0.680	23.1	-7.0	1.0	7.1	bbox	2736	442.5	442.5	442.5	1901,921,4,12	152.1	39.4828751	73.5863138	4663.6
2738	2738	1.178	палка-ручка-пробка	9.2	6.9	лишайник-жёлтый-на-камне	0.514	68.8	-2.0	17.0	17.1	bbox	2737	88.1	88.1	89.1	1129,281,8,6	152.0	39.4830239	73.5859802	4674.4
2739	2739	1.008	рюкзак-синий	7.0	13.9	порода-в-тени	0.828	24.9	0.5	-7.0	7.0	bbox	2738	158.2	156.2	167.2	353,345,10,8	151.7	39.4829329	73.5861793	4674.5
2740	2740	0.889	рюкзак-синий	7.1	2.8	снег-в-тени	0.357	41.6	2.0	-7.0	7.3	bbox	2739	346.4	346.4	346.4	299,249,6,10	151.7	39.4828707	73.5863151	4663.6
2741	2741	2.073	палка-ручка-пробка	16.6	3.7	снег-розовый	0.904	79.4	-2.0	8.0	8.2	bbox	2740	126.1	126.1	126.1	1909,945,11,8	151.6	39.4829340	73.5861812	4674.4
2742	2742	1.138	рюкзак-синий	6.3	22.9	порода-в-тени	0.898	15.9	-1.0	-8.0	8.1	bbox	2741	142.2	140.2	142.2	1789,277,8,8	151.1	39.4829344	73.5861783	4674.5
2743	2743	0.747	стакан-марка-красная	2.8	18.4	порода-в-тени	1.430	31.4	9.0	-1.0	9.1	bbox	2742	430.5	430.5	430.5	80,9,11,7	151.1	39.4828747	73.5863145	4663.6
2744	2744	1.632	рюкзак-синий	9.1	32.9	порода-в-тени	0.762	5.9	0.0	-5.0	5.0	bbox	2743	280.3	280.3	280.3	259,889,4,12	150.9	39.4828632	73.5863205	4674.4
2745	2745	1.840	рюкзак-синий	13.0	23.9	порода-в-тени	0.318	14.9	0.0	-1.0	1.0	bbox	2744	353.4	353.4	353.4	1745,107,10,6	150.9	39.4828711	73.5863144	4663.6
2746	2746	2.226	палка-ручка-пробка	17.5	12.1	снег-розовый	0.880	87.8	-2.0	7.0	7.3	bbox	2745	93.1	93.1	93.1	1329,975,16,5	150.8	39.4830228	73.5859778	4674.5
2747	2747	1.082	рюкзак-синий	8.2	9.2	снег-в-тени	0.707	29.6	-1.0	-6.0	6.1	bbox	2746	136.2	136.2	136.2	659,695,14,8	150.8	39.4829339	73.5861790	4674.5
2748	2748	1.653	стакан-марка-красная	13.2	4.7	порода-в-тени	0.882	45.1	-2.0	-1.0	2.2	bbox	2747	80.1	80.1	80.1	1875,881,4,16	150.7	39.4830246	73.5859799	4674.5
2749	2749	0.897	стакан-марка-красная	7.1	4.3	порода-охристая	0.919	45.5	6.0	6.0	8.5	bbox	2748	106.1	106.1	111.1	767,482,11,5	150.4	39.4829340	73.5861771	4674.5
2750	2750	1.366	рюкзак-синий	6.1	31.8	снег-в-тени	0.814	70.6	0.0	-8.0	8.0	bbox	2749	308.4	308.4	308.4	1593,3,13,10	150.4	39.4828675	73.5863205	4663.6
2751	2751	2.097	стакан-марка-красная	16.6	9.6	корка-жёлтая-на-скале	1.090	59.4	-4.0	8.0	8.9	bbox	2750	409.5	409.5	409.5	609,707,8,6	150.3	39.4828743	73.5863188	4663.6
2752	2752	1.522	палка-ручка-пробка	11.4	14.9	корка-жёлтая-на-скале	0.541	60.8	-2.0	14.0	14.1	bbox	2751	91.1	91.1	91.1	1017,925,6,8	150.1	39.4830230	73.5859789	4674.4
2753	2753	1.917	стакан-марка-красная	13.9	22.7	корка-жёлтая-на-скале	1.153	27.1	-1.0	8.0	8.1	bbox	2752	79.1	79.1	79.1	1224,802,7,7	150.0	39.4830247	73.5859794	4674.5
2754	2754	0.584	стакан-марка-красная	4.5	4.7	снег-розовый	1.101	54.5	7.0	-1.0	7.1	bbox	2753	374.4	374.4	374.4	1185,947,16,4	150.0	39.4828759	73.5863191	4663.6
2755	2755	2.139	стакан-марка-красная	15.3	27.1	корка-жёлтая-на-скале	1.194	22.7	-2.0	9.0	9.2	bbox	2754	482.5	482.5	482.5	1916,719,4,18	150.0	39.4828722	73.5863119	4663.6
2756	2756	0.918	рюкзак-синий	6.0	14.7	снег-в-тени	0.684	53.5	5.0	-9.5	10.7	bbox	2755	267.3	267.3	267.3	1901,881,6,8	149.3	39.4828611	73.5863210	4674.5
2757	2757	0.636	стакан-марка-красная	3.6	12.5	снег-в-тени	1.381	37.3	8.0	-1.0	8.1	bbox	2756	414.5	414.5	414.5	193,325,10,7	149.3	39.4828738	73.5863180	4663.6
2758	2758	0.827	рюкзак-синий	6.3	6.8	снег-в-тени	0.579	32.0	-1.0	-8.0	8.1	bbox	2757	140.2	140.2	140.2	1057,737,8,12	149.0	39.4829342	73.5861781	4674.5
2759	2759	1.675	палка-древко-контроль	13.0	11.4	порода-в-тени	0.837	30.2	-8.0	-2.0	8.2	bbox	2758	231.3	231.3	231.3	1429,1029,10,12	149.0	39.4829272	73.5861777	4674.5
2760	2760	2.061	стакан-марка-красная	12.0	39.4	снег-освещённый	0.301	89.2	-1.0	0.0	1.0	bbox	2759	281.3	281.3	281.3	1617,699,6,6	149.0	39.4828632	73.5863204	4674.5
2761	2761	1.938	палка-ручка-пробка	12.8	30.6	корка-жёлтая-на-скале	0.461	45.1	-3.0	13.0	13.3	bbox	2760	322.4	321.4	322.4	1447,433,6,8	148.8	39.4828687	73.5863150	4663.6
2762	2762	1.072	рюкзак-синий	6.1	21.2	порода-в-тени	1.013	17.6	2.0	-8.0	8.2	bbox	2761	253.3	253.3	259.3	1251,289,14,4	148.5	39.4829248	73.5861772	4674.5
2763	2763	1.202	стакан-марка-красная	4.2	30.2	порода-в-тени	1.257	19.6	8.0	-2.0	8.2	bbox	2762	403.5	403.5	403.5	89,143,8,14	148.5	39.4828749	73.5863207	4663.6
2764	2764	0.688	стакан-марка-красная	5.4	3.5	снег-в-тени	1.107	46.3	6.5	-2.0	6.8	bbox	2763	325.4	325.4	325.4	1193,811,6,6	148.1	39.4828684	73.5863154	4663.6
2765	2765	2.052	стакан-марка-красная	15.8	15.5	корка-жёлтая-на-скале	0.828	34.3	-2.0	10.0	10.2	bbox	2764	111.1	111.1	111.1	997,1058,6,8	148.0	39.4829333	73.5861799	4674.5
2766	2766	2.764	палка-ручка-пробка	22.0	6.8	снег-освещённый	1.252	82.5	-9.0	6.0	10.8	bbox	2765	227.3	227.3	227.3	715,113,9,6	147.9	39.4829276	73.5861773	4674.5
2767	2767	0.858	стакан-марка-красная	4.1	19.2	порода-в-тени	1.240	30.6	7.0	2.0	7.3	bbox	2766	301.3	301.3	301.3	272,395,8,10	147.9	39.4828661	73.5863196	4663.6
2768	2768	1.864	стакан-марка-красная	14.8	7.3	корка-жёлтая-на-скале	0.929	42.5	-2.0	8.0	8.2	bbox	2767	116.1	116.1	116.1	33,961,7,8	147.6	39.4829340	73.5861796	4674.5
2769	2769	1.805	стакан-марка-красная	12.5	25.1	порода-в-тени	1.042	24.7	0.0	7.0	7.0	bbox	2768	318.4	316.4	320.4	1692,1028,11,13	147.5	39.4828677	73.5863159	4663.6
2770	2770	2.309	крышка-контроль	18.4	6.3	порода-в-тени	1.212	36.1	-9.0	4.0	9.8	bbox	2769	233.3	233.3	233.3	385,1033,10,11	147.4	39.4829269	73.5861779	4674.5
2771	2771	0.763	рюкзак-синий	5.1	11.7	снег-в-тени	0.792	27.1	2.0	-9.0	9.2	bbox	2770	133.2	133.2	133.2	502,969,7,16	147.3	39.4829334	73.5861792	4674.5
2772	2772	1.501	стакан-марка-красная	5.7	37.1	снег-розовый	0.800	86.9	7.0	5.0	8.6	bbox	2771	345.4	345.4	345.4	987,938,10,7	147.3	39.4828703	73.5863151	4663.6
2773	2773	0.839	рюкзак-синий	6.7	0.2	снег-в-тени	0.412	38.6	-2.0	-8.0	8.2	bbox	2772	271.3	271.3	271.3	1833,289,8,6	147.2	39.4828614	73.5863209	4674.4
2774	2774	1.350	палка-ручка-пробка	10.6	6.7	лишайник-жёлтый-на-камне	0.877	82.4	-3.0	16.0	16.3	bbox	2773	336.4	334.4	336.4	1635,817,7,8	147.2	39.4828670	73.5863165	4663.5
2775	2775	1.592	стакан-марка-красная	3.6	42.7	снег-розовый	0.994	92.5	8.0	-1.0	8.1	bbox	2774	376.4	376.4	376.4	1611,535,6,10	147.0	39.4828768	73.5863200	4663.5
2776	2776	0.875	рюкзак-синий	6.7	7.0	снег-в-тени	0.760	31.8	4.0	-8.0	8.9	bbox	2775	30.0	30.0	30.0	345,283,7,6	146.9	39.4833090	73.5853336	4674.5
2777	2777	0.525	рюкзак-синий	4.1	2.8	снег-в-тени	0.418	41.6	2.0	-10.0	10.2	bbox	2776	233.3	233.3	233.3	923,145,7,12	146.7	39.4829269	73.5861779	4674.5
2778	2778	1.310	стакан-марка-красная	10.2	8.4	снег-розовый	0.714	58.2	1.0	3.0	3.2	bbox	2777	376.4	376.4	376.4	617,47,7,12	146.7	39.4828768	73.5863200	4663.5
2779	2779	1.690	рюкзак-синий	13.3	7.6	порода-в-тени	0.385	31.2	-2.0	-1.0	2.2	bbox	2778	401.5	401.5	401.5	225,250,6,7	146.7	39.4828750	73.5863206	4663.6
2780	2780	0.863	стакан-марка-красная	6.7	5.5	снег-розовый	1.037	55.3	6.0	5.5	8.1	bbox	2779	484.6	484.6	484.6	1315,371,12,4	146.5	39.4828712	73.5863118	4663.6
2781	2781	2.058	стакан-марка-красная	11.0	42.7	порода-в-тени	0.656	7.1	0.0	2.0	2.0	bbox	2780	287.3	287.3	287.3	1716,882,8,13	146.3	39.4828644	73.5863200	4674.4
2782	2782	0.468	стакан-марка-красная	3.6	3.5	снег-розовый	1.206	53.3	8.0	-1.0	8.1	bbox	2781	385.4	385.4	385.4	169,895,8,8	146.2	39.4828781	73.5863205	4663.5
2783	2783	0.936	стакан-марка-красная	3.9	22.4	снег-розовый	0.890	72.2	8.0	-1.5	8.1	bbox	2782	410.5	409.5	411.5	801,166,10,6	146.2	39.4828742	73.5863187	4663.6
2784	2784	1.161	стакан-марка-красная	5.8	25.3	порода-охристая	0.882	24.5	8.0	6.0	10.0	bbox	2783	79.1	79.1	79.1	335,613,11,6	145.9	39.4830247	73.5859794	4674.5
2785	2785	1.089	рюкзак-синий	6.8	19.0	снег-в-тени	0.385	57.8	-1.0	-7.5	7.6	bbox	2784	309.4	309.4	309.4	1547,0,6,9	145.5	39.4828677	73.5863205	4663.6
2786	2786	1.215	стакан-марка-красная	8.1	19.0	порода-охристая	0.682	30.8	7.0	8.0	10.6	bbox	2785	317.4	315.4	321.4	529,0,6,7	145.4	39.4828677	73.5863165	4663.6
2787	2787	1.885	стакан-марка-красная	12.2	31.2	снег-освещённый	0.125	81.0	-1.0	-1.0	1.4	bbox	2786	106.1	106.1	107.1	425,505,7,6	145.3	39.4829340	73.5861771	4674.5
2788	2788	0.843	стакан-марка-красная	6.1	10.2	порода-охристая	0.928	60.0	10.0	7.0	12.2	bbox	2787	453.5	453.5	453.5	1827,230,10,7	145.3	39.4828743	73.5863138	4663.6
2789	2789	1.753	стакан-марка-красная	13.4	14.3	корка-жёлтая-на-скале	1.100	35.5	-1.0	7.0	7.1	bbox	2788	114.1	114.1	114.1	1825,891,10,6	145.1	39.4829340	73.5861797	4674.4
2790	2790	0.952	рюкзак-синий	6.1	16.1	снег-в-тени	0.929	22.7	2.0	-8.0	8.2	bbox	2789	142.2	142.2	142.2	1426,108,7,9	145.1	39.4829344	73.5861783	4674.5
2791	2791	0.924	стакан-марка-красная	7.2	5.7	снег-в-тени	0.991	55.5	7.0	-5.0	8.6	bbox	2790	435.5	435.5	435.5	0,107,5,10	145.0	39.4828751	73.5863141	4663.6
2792	2792	2.022	стакан-марка-красная	15.5	15.9	снег-освещённый	0.907	65.7	-4.0	5.0	6.4	bbox	2791	33.0	33.0	33.0	1833,339,7,10	144.8	39.4833084	73.5853354	4674.5
2793	2793	1.847	стакан-марка-красная	14.3	12.7	корка-жёлтая-на-скале	1.100	37.1	-2.0	7.0	7.3	bbox	2792	133.2	133.2	133.2	465,611,12,10	144.7	39.4829334	73.5861792	4674.5
2794	2794	2.186	палка-древко-контроль	13.3	39.6	снег-пересвеченный	0.380	81.2	-5.0	-2.0	5.4	bbox	2793	162.2	158.2	162.2	1835,1044,9,9	144.5	39.4829321	73.5861798	4674.5
2795	2795	2.168	палка-древко-контроль	14.0	35.9	снег-пересвеченный	0.730	77.5	-8.0	-1.0	8.1	bbox	2794	249.3	249.3	249.3	729,345,8,6	144.5	39.4829249	73.5861773	4674.5
2796	2796	1.948	рюкзак-синий	13.3	28.2	порода-в-тени	0.350	10.6	-2.0	-1.0	2.2	bbox	2795	401.5	401.5	401.5	1367,1018,8,9	144.4	39.4828750	73.5863206	4663.6
2797	2797	1.008	стакан-марка-красная	8.1	0.8	снег-в-тени	0.807	50.6	4.0	-3.0	5.0	bbox	2796	232.3	232.3	232.3	1150,1057,21,4	144.0	39.4829268	73.5861778	4674.4
2798	2798	1.555	стакан-марка-красная	12.0	11.0	порода-в-тени	0.681	38.8	-1.0	0.0	1.0	bbox	2797	270.3	270.3	270.3	1227,781,11,5	143.9	39.4828611	73.5863208	4674.4
2799	2799	1.823	палка-ручка-пробка	13.4	20.0	корка-жёлтая-на-скале	0.587	55.7	-1.0	11.0	11.0	bbox	2798	39.0	39.0	41.0	865,929,8,8	143.8	39.4832074	73.5855691	4674.5
2800	2800	1.665	стакан-марка-красная	13.0	10.2	снег-розовый	0.886	60.0	-1.0	6.0	6.1	bbox	2799	404.5	404.5	404.5	5,89,8,8	143.6	39.4828745	73.5863204	4663.6
2801	2801	1.159	рюкзак-синий	6.0	24.7	снег-в-тени	0.576	63.5	1.0	-8.0	8.1	bbox	2800	293.3	293.3	294.3	61,1041,6,10	143.4	39.4828644	73.5863201	4668.6
2802	2802	1.840	стакан-марка-красная	13.0	23.9	снег-розовый	0.803	73.7	0.0	8.0	8.0	bbox	2801	479.5	479.5	479.5	236,945,5,12	143.2	39.4828724	73.5863121	4663.6
2803	2803	1.073	палка-ручка-пробка	8.5	3.0	лишайник-жёлтый-на-камне	0.360	72.7	2.0	15.0	15.1	bbox	2802	105.1	105.1	105.1	569,385,8,8	143.1	39.4829374	73.5861688	4674.5
2804	2804	1.672	стакан-марка-красная	12.1	20.0	порода-в-тени	0.364	29.8	-1.0	-0.5	1.1	bbox	2803	88.1	88.1	88.1	1846,195,11,6	142.8	39.4830239	73.5859802	4674.4
2805	2805	0.843	рюкзак-синий	6.0	10.8	снег-в-тени	0.717	28.0	1.0	-8.0	8.1	bbox	2804	153.2	153.2	153.2	1305,73,14,4	142.8	39.4829339	73.5861790	4674.5
2806	2806	2.087	стакан-марка-красная	12.2	40.0	снег-освещённый	0.494	89.8	-1.0	3.0	3.2	bbox	2805	286.3	286.3	286.3	28,1018,7,7	142.8	39.4828641	73.5863197	4674.4
2807	2807	0.830	рюкзак-синий	5.9	11.0	снег-в-тени	0.808	27.8	3.0	-8.5	9.0	bbox	2806	50.1	50.1	51.1	1697,457,8,12	142.7	39.4830257	73.5859860	4674.4
2808	2808	1.290	рюкзак-синий	4.2	32.9	порода-в-тени	1.547	5.9	4.0	-11.0	11.7	bbox	2807	230.3	230.3	230.3	987,217,12,8	142.7	39.4829273	73.5861776	4674.5
2809	2809	1.521	рюкзак-синий	12.2	0.2	порода-в-тени	0.675	38.6	-1.0	-2.0	2.2	bbox	2808	274.3	273.3	274.3	1315,1037,6,9	142.7	39.4828626	73.5863211	4674.5
2810	2810	1.195	стакан-марка-красная	3.6	31.0	порода-в-тени	1.251	18.8	8.0	-1.0	8.1	bbox	2809	390.4	390.4	390.4	879,615,8,6	142.4	39.4828766	73.5863183	4663.6
2811	2811	1.820	стакан-марка-красная	14.4	7.1	корка-жёлтая-на-скале	0.781	42.7	-1.0	9.0	9.1	bbox	2810	93.1	93.1	93.1	195,811,11,6	142.1	39.4830228	73.5859778	4674.5
2812	2812	0.769	рюкзак-синий	6.0	4.7	снег-в-тени	0.197	43.5	1.0	-8.0	8.1	bbox	2811	152.2	152.2	152.2	1387,227,14,4	142.1	39.4829339	73.5861791	4674.4
2813	2813	2.196	палка-древко-контроль	14.8	33.1	снег-освещённый	0.549	74.7	-5.0	-0.5	5.0	bbox	2812	156.2	156.2	156.2	1905,813,15,4	142.1	39.4829331	73.5861790	4674.5
2814	2814	0.872	рюкзак-синий	5.1	16.6	снег-в-тени	0.958	22.2	2.0	-9.0	9.2	bbox	2813	49.1	44.1	49.1	1509,63,8,10	141.9	39.4830256	73.5859862	4674.4
2815	2815	1.684	стакан-марка-красная	13.4	4.3	корка-жёлтая-на-скале	1.033	54.1	-1.0	7.0	7.1	bbox	2814	114.1	113.1	114.1	699,915,6,8	141.9	39.4829340	73.5861797	4674.4
2816	2816	1.321	стакан-марка-красная	8.1	23.9	порода-охристая	0.768	25.9	7.0	8.0	10.6	bbox	2815	104.1	104.1	104.1	912,543,8,8	141.5	39.4829563	73.5861264	4674.4
2817	2817	0.957	рюкзак-синий	6.8	12.3	снег-в-тени	0.851	26.5	3.0	-7.5	8.1	bbox	2816	68.1	67.1	70.1	1899,147,4,12	141.4	39.4830261	73.5859821	4674.5
2818	2818	2.007	палка-древко-контроль	15.0	19.8	снег-освещённый	1.022	61.4	-7.0	0.0	7.0	bbox	2817	261.3	261.3	261.3	715,1033,14,6	141.3	39.4828831	73.5862708	4674.5
2819	2819	1.486	палка-ручка-пробка	9.2	26.3	порода-охристая	0.738	49.4	7.0	14.0	15.7	bbox	2818	88.1	88.1	88.1	757,1032,5,9	141.1	39.4830239	73.5859802	4674.4
2820	2820	1.505	стакан-марка-красная	12.0	0.6	снег-розовый	1.081	49.2	-1.0	2.0	2.2	bbox	2819	156.2	156.2	156.2	1235,1025,6,10	140.8	39.4829331	73.5861790	4674.5
2821	2821	2.203	стакан-марка-красная	17.1	15.1	снег-освещённый	1.157	64.9	-5.0	7.0	8.6	bbox	2820	410.5	410.5	410.5	9,929,6,14	140.7	39.4828742	73.5863187	4663.6
2822	2822	1.366	стакан-марка-красная	5.8	32.3	порода-в-тени	1.309	17.5	8.0	-4.0	8.9	bbox	2821	352.4	352.4	352.4	1311,90,8,5	140.4	39.4828710	73.5863147	4663.6
2823	2823	1.075	рюкзак-синий	6.0	21.5	порода-в-тени	0.959	17.3	1.0	-8.0	8.1	bbox	2822	159.2	157.2	160.2	71,16,8,9	140.2	39.4829329	73.5861793	4674.5
2824	2824	1.915	крышка-контроль	14.2	20.0	порода-в-тени	1.134	22.4	-11.0	0.0	11.0	bbox	2823	232.3	232.3	232.3	1469,1061,8,6	140.2	39.4829268	73.5861778	4674.4
2825	2825	1.290	рюкзак-синий	10.2	5.5	снег-в-тени	1.552	33.3	11.0	-12.0	16.3	bbox	2824	409.5	408.5	409.5	43,97,4,8	140.2	39.4828743	73.5863188	4663.6
2826	2826	2.093	стакан-марка-красная	14.8	27.6	порода-в-тени	1.127	22.2	-2.0	8.0	8.2	bbox	2825	455.5	455.5	455.5	395,1028,6,8	140.2	39.4828744	73.5863135	4663.6
2827	2827	1.296	рюкзак-синий	6.1	29.4	порода-в-тени	0.991	9.4	0.0	-8.0	8.0	bbox	2826	3.0	3.0	3.0	1852,351,8,9	140.1	39.4832982	73.5853334	4674.5
2828	2828	1.948	стакан-марка-красная	13.9	24.7	порода-в-тени	1.144	25.1	-1.0	8.0	8.1	bbox	2827	140.2	140.2	140.2	1730,753,7,13	140.1	39.4829342	73.5861781	4674.5
2829	2829	1.589	рюкзак-синий	12.6	4.3	порода-в-тени	0.831	43.1	-3.0	-2.0	3.6	bbox	2828	199.2	199.2	199.2	1337,825,8,5	140.1	39.4829296	73.5861793	4674.5
2830	2830	1.665	палка-ручка-пробка	11.7	22.2	корка-жёлтая-на-скале	0.544	53.5	-4.0	15.5	16.0	bbox	2829	3.0	3.0	3.0	1809,951,6,10	139.7	39.4832982	73.5853334	4674.5
2831	2831	1.919	палка-ручка-пробка	13.4	26.1	корка-жёлтая-на-скале	0.519	49.6	-1.0	11.0	11.0	bbox	2830	113.1	113.1	113.1	581,49,6,8	139.7	39.4829334	73.5861797	4674.5
2832	2832	1.224	рюкзак-синий	9.2	11.5	порода-в-тени	0.571	27.3	-1.0	-5.0	5.1	bbox	2831	149.2	146.2	149.2	129,527,12,10	139.7	39.4829342	73.5861785	4674.5
2833	2833	1.350	стакан-марка-красная	1.0	37.6	порода-охристая	1.567	12.2	12.0	1.0	12.0	bbox	2832	425.5	425.5	425.5	1418,292,12,5	139.6	39.4828740	73.5863154	4663.6
2834	2834	1.690	палка-ручка-пробка	13.3	8.2	лишайник-жёлтый-на-камне	1.020	67.5	-6.0	15.5	16.6	bbox	2833	439.5	439.5	439.5	689,257,6,6	139.6	39.4828753	73.5863133	4663.6
2835	2835	1.298	стакан-марка-красная	6.4	28.6	порода-охристая	1.154	21.2	6.0	5.0	7.8	bbox	2834	103.1	103.1	103.1	1419,50,6,7	139.4	39.4829786	73.5860749	4674.4
2836	2836	1.141	стакан-марка-красная	4.5	27.8	снег-розовый	0.637	77.6	7.0	3.0	7.6	bbox	2835	4.0	4.0	4.0	613,731,10,6	139.3	39.4832992	73.5853335	4674.5
2837	2837	0.448	стакан-марка-красная	2.2	9.8	снег-розовый	1.114	59.6	9.0	0.0	9.0	bbox	2836	385.4	385.4	387.4	161,411,14,4	139.3	39.4828781	73.5863205	4663.5
2838	2838	0.929	палка-ручка-пробка	7.2	6.3	лишайник-жёлтый-на-камне	0.741	82.0	-1.0	19.0	19.0	bbox	2837	4.0	4.0	4.0	1633,728,9,9	139.2	39.4832992	73.5853335	4674.5
2839	2839	1.517	палка-ручка-пробка	12.1	3.9	лишайник-жёлтый-на-камне	0.709	71.8	0.0	12.0	12.0	bbox	2838	71.1	71.1	72.1	385,755,10,8	139.2	39.4830250	73.5859803	4674.5
2840	2840	0.856	рюкзак-синий	6.0	11.5	снег-в-тени	0.744	27.3	1.0	-8.0	8.1	bbox	2839	137.2	137.2	139.2	430,337,7,8	139.0	39.4829338	73.5861791	4674.5
2841	2841	1.102	стакан-марка-красная	4.2	27.1	порода-в-тени	1.259	22.7	8.0	-2.0	8.2	bbox	2840	423.5	423.5	423.5	1605,283,6,16	139.0	39.4828740	73.5863158	4663.6
2842	2842	2.022	стакан-марка-красная	14.8	23.1	порода-в-тени	1.147	26.7	-2.0	8.0	8.2	bbox	2841	137.2	137.2	138.2	1556,940,7,13	138.9	39.4829338	73.5861791	4674.5
2843	2843	1.231	стакан-марка-красная	7.8	21.0	порода-в-тени	0.998	28.8	5.0	-4.0	6.4	bbox	2842	240.3	239.3	246.3	1167,1029,17,6	138.6	39.4829255	73.5861774	4674.5
2844	2844	1.647	палка-ручка-пробка	13.0	7.5	лишайник-жёлтый-на-камне	0.797	68.2	0.0	11.0	11.0	bbox	2843	484.6	484.6	484.6	789,698,7,7	138.6	39.4828712	73.5863118	4663.6
2845	2845	1.164	рюкзак-синий	9.1	7.6	порода-в-тени	0.679	31.2	0.0	-5.0	5.0	bbox	2844	151.2	147.2	151.2	491,647,8,10	138.3	39.4829343	73.5861788	4674.4
2846	2846	1.662	стакан-марка-красная	13.2	6.9	порода-в-тени	0.948	42.9	-2.0	3.0	3.6	bbox	2845	133.2	133.2	133.2	667,525,14,12	138.0	39.4829334	73.5861792	4674.5
2847	2847	1.472	палка-ручка-пробка	11.2	13.0	лишайник-жёлтый-на-камне	0.568	62.7	0.0	13.0	13.0	bbox	2846	106.1	106.1	106.1	889,309,8,8	137.6	39.4829340	73.5861771	4674.5
2848	2848	2.139	стакан-марка-красная	15.0	28.6	снег-освещённый	0.384	78.4	-4.0	0.0	4.0	bbox	2847	247.3	247.3	247.3	790,595,18,6	137.3	39.4829254	73.5861774	4674.5
2849	2849	1.286	стакан-марка-красная	8.1	22.3	порода-охристая	0.737	27.5	7.0	8.0	10.6	bbox	2848	324.4	323.4	324.4	368,411,7,9	137.2	39.4828685	73.5863153	4663.6
2850	2850	1.630	рюкзак-синий	11.2	23.5	порода-в-тени	0.334	15.3	-1.0	-3.0	3.2	bbox	2849	324.4	324.4	324.4	1733,12,5,10	137.2	39.4828685	73.5863153	4663.6
2851	2851	0.780	рюкзак-синий	6.1	4.9	снег-в-тени	0.289	43.7	2.0	-8.0	8.2	bbox	2850	125.1	125.1	128.1	420,796,7,14	137.0	39.4829342	73.5861813	4674.5
2852	2852	0.953	рюкзак-синий	7.6	1.0	снег-в-тени	0.626	37.8	4.0	-7.0	8.1	bbox	2851	405.5	405.5	405.5	233,291,6,10	136.9	39.4828744	73.5863199	4663.6
2853	2853	1.931	палка-ручка-пробка	15.2	9.0	снег-розовый	0.985	84.7	-1.0	9.0	9.1	bbox	2852	99.1	94.1	101.1	1681,889,6,10	136.8	39.4830214	73.5859761	4674.5
2854	2854	2.465	палка-древко-контроль	14.6	46.2	снег-пересвеченный	0.412	87.8	-6.0	-0.5	6.0	bbox	2853	251.3	251.3	251.3	1404,213,13,4	136.7	39.4829248	73.5861773	4674.5
2855	2855	1.479	рюкзак-синий	11.0	15.3	порода-в-тени	0.464	23.5	1.0	-3.0	3.2	bbox	2854	354.4	354.4	354.4	601,89,8,8	136.6	39.4828715	73.5863143	4663.6
2856	2856	1.758	палка-ручка-пробка	13.0	18.4	корка-жёлтая-на-скале	0.563	57.3	-2.0	12.0	12.2	bbox	2855	440.5	440.5	440.5	1571,463,6,10	136.5	39.4828753	73.5863135	4663.7
2857	2857	1.616	стакан-марка-красная	11.2	22.7	порода-в-тени	0.345	27.1	0.0	-1.0	1.0	bbox	2856	354.4	354.4	354.4	625,793,6,8	136.4	39.4828715	73.5863143	4663.6
2858	2858	1.530	стакан-марка-красная	12.1	6.9	порода-охристая	0.658	42.9	6.0	12.0	13.4	bbox	2857	443.5	443.5	443.5	735,355,8,8	136.1	39.4828751	73.5863140	4663.6
2859	2859	1.617	стакан-марка-красная	9.2	31.8	снег-освещённый	0.884	81.6	4.0	-5.0	6.4	bbox	2858	231.3	231.3	231.3	830,1046,11,5	136.0	39.4829272	73.5861777	4674.5
2860	2860	0.500	стакан-марка-красная	3.6	6.1	снег-в-тени	1.337	43.7	8.0	-1.0	8.1	bbox	2859	371.4	371.4	371.4	1249,1065,8,6	136.0	39.4828755	73.5863192	4663.5
2861	2861	0.849	стакан-марка-красная	4.0	19.2	порода-в-тени	1.209	30.6	7.0	1.0	7.1	bbox	2860	389.4	389.4	390.4	139,249,6,20	135.9	39.4828768	73.5863185	4663.6
2862	2862	1.294	рюкзак-синий	7.1	26.4	порода-в-тени	0.946	12.4	2.0	-7.0	7.3	bbox	2861	265.3	265.3	265.3	507,1071,8,9	135.8	39.4828605	73.5863221	4674.4
2863	2863	0.559	рюкзак-синий	4.5	0.0	снег-в-тени	0.553	38.8	3.0	-10.0	10.4	bbox	2862	49.1	46.1	50.1	1657,329,6,11	135.7	39.4830256	73.5859862	4674.4
2864	2864	0.836	стакан-марка-красная	4.1	18.4	порода-в-тени	1.249	31.4	7.0	2.0	7.3	bbox	2863	58.1	58.1	58.1	101,680,15,11	135.7	39.4830259	73.5859846	4674.5
2865	2865	1.393	стакан-марка-красная	11.1	3.3	снег-в-тени	0.939	46.5	0.0	-0.5	0.5	bbox	2864	209.2	209.2	209.2	1364,488,5,8	135.5	39.4829278	73.5861766	4674.5
2866	2866	1.859	стакан-марка-красная	11.2	34.3	порода-в-тени	0.586	15.5	0.0	3.0	3.0	bbox	2865	78.1	78.1	78.1	7,924,14,5	135.4	39.4830247	73.5859790	4674.5
2867	2867	1.466	стакан-марка-красная	7.4	31.8	порода-в-тени	1.013	18.0	5.5	-4.0	6.8	bbox	2866	239.3	239.3	239.3	1021,1039,16,6	135.4	39.4829260	73.5861777	4674.4
2868	2868	0.580	стакан-марка-красная	4.5	4.3	порода-охристая	1.146	45.5	7.0	3.0	7.6	bbox	2867	29.0	29.0	29.0	729,1065,8,6	135.3	39.4833087	73.5853337	4674.5
2869	2869	1.095	рюкзак-синий	6.0	22.3	порода-в-тени	0.962	16.5	1.0	-8.0	8.1	bbox	2868	30.0	30.0	30.0	1239,34,6,7	135.2	39.4833090	73.5853336	4674.5
2870	2870	1.306	рюкзак-синий	7.8	24.3	снег-в-тени	1.481	14.5	7.0	-9.0	11.4	bbox	2869	432.5	432.5	432.5	43,623,6,7	135.0	39.4828752	73.5863145	4663.6
2871	2871	1.625	рюкзак-синий	13.0	0.4	порода-в-тени	0.728	39.2	-4.0	-2.0	4.5	bbox	2870	198.2	197.2	198.2	1765,1000,7,7	134.6	39.4829298	73.5861793	4674.5
2872	2872	1.201	рюкзак-синий	7.3	21.9	порода-в-тени	0.771	16.9	-1.0	-7.0	7.1	bbox	2871	140.2	140.2	140.2	1169,409,6,12	134.5	39.4829342	73.5861781	4674.5
2873	2873	1.582	палка-ручка-контроль	11.0	21.9	порода-охристая	0.806	35.7	6.0	15.0	16.2	bbox	2872	91.1	91.1	91.1	405,0,4,9	134.3	39.4830230	73.5859789	4674.4
2874	2874	0.435	стакан-марка-красная	3.2	5.1	снег-розовый	1.416	44.7	8.0	0.0	8.0	bbox	2873	324.4	324.4	324.4	779,532,4,11	134.3	39.4828685	73.5863153	4663.6
2875	2875	0.696	стакан-марка-красная	2.2	17.8	порода-охристая	1.416	32.0	9.0	0.0	9.0	bbox	2874	387.4	387.4	388.4	589,313,4,10	134.2	39.4828775	73.5863194	4663.6
2876	2876	1.349	палка-ручка-пробка	10.3	11.4	лишайник-жёлтый-на-камне	0.892	87.1	0.0	14.0	14.0	bbox	2875	319.4	317.4	323.4	915,329,4,8	134.1	39.4828678	73.5863157	4663.6
2877	2877	2.415	стакан-марка-красная	18.0	24.3	снег-освещённый	1.101	74.1	-6.0	7.0	9.2	bbox	2876	396.5	396.5	397.5	179,1074,12,6	134.0	39.4828748	73.5863189	4663.6
2878	2878	1.853	стакан-марка-красная	13.0	24.7	снег-розовый	0.798	74.5	0.0	8.0	8.0	bbox	2877	408.5	408.5	408.5	1243,147,4,14	133.9	39.4828744	73.5863189	4663.6
2879	2879	1.409	палка-ручка-пробка	9.4	21.6	корка-жёлтая-на-скале	0.226	54.1	0.0	15.0	15.0	bbox	2878	99.1	94.1	102.1	1271,581,6,6	133.8	39.4830214	73.5859761	4674.5
2880	2880	1.262	рюкзак-синий	6.1	28.2	порода-в-тени	1.067	10.6	2.0	-8.0	8.2	bbox	2879	140.2	140.2	140.2	1373,169,15,6	133.6	39.4829342	73.5861781	4674.5
2881	2881	0.978	рюкзак-синий	7.6	6.3	снег-в-тени	0.524	45.1	4.0	-7.0	8.1	bbox	2880	453.5	453.5	453.5	1001,553,8,8	133.6	39.4828743	73.5863138	4663.6
2882	2882	1.472	стакан-марка-красная	11.0	14.3	порода-в-тени	0.607	35.5	0.0	0.0	0.0	bbox	2881	209.2	209.2	209.2	1418,520,7,6	133.5	39.4829278	73.5861766	4674.5
2883	2883	0.944	рюкзак-синий	6.1	15.7	снег-в-тени	0.916	23.1	2.0	-8.0	8.2	bbox	2882	268.3	268.3	268.3	567,953,6,8	133.5	39.4828611	73.5863208	4674.4
2884	2884	0.579	рюкзак-синий	3.6	10.2	снег-в-тени	0.866	28.6	3.0	-11.0	11.4	bbox	2883	32.0	31.0	38.0	1777,1065,7,9	133.2	39.4833094	73.5853331	4674.5
2885	2885	1.120	стакан-марка-красная	6.7	20.8	порода-охристая	0.709	29.0	8.0	7.0	10.6	bbox	2884	88.1	88.1	88.1	1769,909,8,5	133.2	39.4830239	73.5859802	4674.4
2886	2886	1.509	палка-древко-контроль	12.0	2.9	снег-в-тени	1.082	44.5	-7.0	-3.0	7.6	bbox	2885	230.3	230.3	230.3	1079,1007,10,8	133.2	39.4829273	73.5861776	4674.5
2887	2887	0.850	стакан-марка-красная	5.4	14.5	снег-розовый	1.114	64.3	9.0	6.0	10.8	bbox	2886	401.5	401.5	401.5	995,597,12,4	133.1	39.4828750	73.5863206	4663.6
2888	2888	1.914	стакан-марка-красная	13.2	27.5	снег-освещённый	0.217	77.3	-2.0	-1.0	2.2	bbox	2887	102.1	102.1	102.1	17,249,8,6	132.7	39.4829976	73.5860313	4674.4
2889	2889	1.471	стакан-марка-красная	4.2	38.4	порода-в-тени	1.297	11.4	8.0	-2.0	8.2	bbox	2888	80.1	80.1	80.1	896,972,11,5	132.6	39.4830246	73.5859799	4674.5
2890	2890	0.936	рюкзак-синий	7.2	7.1	снег-в-тени	0.629	45.9	5.0	-8.0	9.4	bbox	2889	84.1	84.1	84.1	619,322,6,7	132.6	39.4830248	73.5859810	4674.4
2891	2891	1.211	стакан-марка-красная	1.0	33.7	снег-розовый	1.030	83.5	10.0	1.0	10.0	bbox	2890	336.4	333.4	336.4	909,512,7,5	132.6	39.4828670	73.5863165	4663.5
2892	2892	1.084	рюкзак-синий	8.2	9.4	снег-в-тени	0.796	29.4	3.0	-6.0	6.7	bbox	2891	444.5	444.5	444.5	1046,616,7,9	132.6	39.4828751	73.5863143	4663.6
2893	2893	2.213	стакан-марка-красная	15.3	31.4	порода-в-тени	1.252	18.4	-2.0	9.0	9.2	bbox	2892	324.4	323.4	324.4	1498,844,9,11	132.5	39.4828685	73.5863153	4663.6
2894	2894	0.792	рюкзак-синий	6.0	7.1	снег-в-тени	0.143	45.9	1.0	-8.0	8.1	bbox	2893	409.5	409.5	409.5	71,809,6,8	132.2	39.4828743	73.5863188	4663.6
2895	2895	0.587	стакан-марка-красная	3.2	12.2	снег-розовый	1.250	62.0	10.0	-2.0	10.2	bbox	2894	410.5	410.5	410.5	1878,67,11,9	132.1	39.4828742	73.5863187	4663.6
2896	2896	0.470	стакан-марка-красная	2.2	10.6	порода-охристая	1.505	39.2	10.0	-1.0	10.0	bbox	2895	455.5	455.5	455.5	1865,81,8,6	131.7	39.4828744	73.5863135	4663.6
2897	2897	0.806	стакан-марка-красная	6.4	2.5	снег-в-тени	0.976	47.3	6.0	-3.0	6.7	bbox	2896	119.1	119.1	119.1	517,571,12,6	131.5	39.4829346	73.5861801	4674.4
2898	2898	0.953	стакан-марка-красная	3.6	23.5	порода-в-тени	1.267	26.3	8.0	-1.0	8.1	bbox	2897	390.4	388.4	390.4	777,529,8,7	131.4	39.4828766	73.5863183	4663.6
2899	2899	1.231	стакан-марка-красная	9.8	0.4	порода-охристая	0.666	50.2	7.0	10.0	12.2	bbox	2898	87.1	87.1	87.1	1077,717,8,6	131.1	39.4830241	73.5859806	4674.4
2900	2900	2.021	палка-древко-контроль	16.0	8.1	порода-в-тени	0.919	33.5	-8.0	1.0	8.1	bbox	2899	210.2	210.2	210.2	1762,297,7,12	131.1	39.4829277	73.5861765	4674.5
2901	2901	1.010	стакан-марка-красная	4.1	24.3	снег-розовый	0.685	74.1	7.0	0.0	7.0	bbox	2900	392.4	392.4	392.4	1012,717,10,4	131.1	39.4828759	73.5863184	4663.6
2902	2902	1.816	рюкзак-синий	14.4	6.8	порода-в-тени	0.487	32.0	-4.0	-0.5	4.0	bbox	2901	333.4	333.4	333.4	1661,1060,4,13	131.0	39.4828662	73.5863154	4663.6
2903	2903	1.687	стакан-марка-красная	11.2	26.5	снег-освещённый	0.240	76.3	0.0	-1.0	1.0	bbox	2902	103.1	103.1	103.1	0,309,6,12	130.8	39.4829786	73.5860749	4674.4
2904	2904	1.814	палка-ручка-пробка	14.0	13.3	снег-розовый	1.036	89.0	5.0	9.0	10.3	bbox	2903	413.5	412.5	413.5	1205,644,7,13	130.8	39.4828739	73.5863181	4663.6
2905	2905	0.869	стакан-марка-красная	4.5	18.6	порода-в-тени	1.189	31.2	7.0	-1.0	7.1	bbox	2904	437.5	437.5	437.5	1809,123,6,7	130.8	39.4828751	73.5863136	4663.6
2906	2906	1.479	стакан-марка-красная	11.7	7.1	снег-розовый	0.977	56.9	1.0	7.0	7.1	bbox	2905	46.1	46.1	49.1	683,609,6,6	130.5	39.4830459	73.5859387	4674.4
2907	2907	0.671	стакан-марка-красная	5.0	6.9	порода-охристая	0.646	42.9	11.0	6.0	12.5	bbox	2906	363.4	363.4	366.4	539,621,4,10	130.4	39.4828723	73.5863154	4663.6
2908	2908	1.800	рюкзак-синий	13.3	19.0	порода-в-тени	0.021	19.8	-2.0	-1.0	2.2	bbox	2907	392.4	392.4	392.4	248,54,10,4	130.4	39.4828759	73.5863184	4663.6
2909	2909	1.614	стакан-марка-красная	8.2	34.9	порода-охристая	1.134	14.9	6.0	7.5	9.6	bbox	2908	322.4	316.4	323.4	997,897,7,8	130.0	39.4828687	73.5863150	4663.6
2910	2910	1.805	рюкзак-синий	12.2	27.2	порода-в-тени	0.362	11.6	-1.0	-2.0	2.2	bbox	2909	386.4	386.4	387.4	792,39,8,9	129.9	39.4828779	73.5863199	4663.6
2911	2911	1.481	стакан-марка-красная	11.2	13.7	снег-освещённый	0.642	63.5	0.0	-1.0	1.0	bbox	2910	91.1	91.1	91.1	437,947,12,4	129.8	39.4830230	73.5859789	4674.4
2912	2912	1.682	палка-ручка-пробка	13.0	12.2	корка-жёлтая-на-скале	0.752	63.5	0.0	11.0	11.0	bbox	2911	299.3	298.3	299.3	758,609,7,7	129.8	39.4828656	73.5863198	4663.6
2913	2913	1.306	палка-ручка-пробка	10.0	10.6	лишайник-жёлтый-на-камне	0.451	65.1	-1.0	15.0	15.0	bbox	2912	364.4	364.4	364.4	1607,19,8,4	129.8	39.4828728	73.5863161	4663.6
2914	2914	1.061	рюкзак-синий	7.1	16.4	порода-в-тени	0.794	22.4	0.0	-7.0	7.0	bbox	2913	271.3	271.3	271.3	761,897,6,11	129.7	39.4828614	73.5863209	4674.4
2915	2915	1.177	стакан-марка-красная	9.2	6.7	порода-охристая	0.855	43.1	5.0	8.0	9.4	bbox	2914	73.1	73.1	73.1	1641,777,8,4	129.6	39.4830257	73.5859792	4674.5
2916	2916	1.307	рюкзак-синий	7.6	25.1	порода-в-тени	1.087	13.7	4.0	-7.0	8.1	bbox	2915	443.5	443.5	443.5	907,697,4,8	129.2	39.4828751	73.5863140	4663.6
2917	2917	1.919	стакан-марка-красная	14.4	18.4	снег-розовый	1.009	68.2	-1.0	9.0	9.1	bbox	2916	103.1	103.1	103.1	661,820,4,13	128.7	39.4829786	73.5860749	4674.4
2918	2918	1.042	рюкзак-синий	5.9	20.8	снег-в-тени	1.129	18.0	3.0	-8.5	9.0	bbox	2917	42.0	40.0	42.0	1253,346,8,6	128.6	39.4831307	73.5857450	4674.4
2919	2919	1.604	палка-ручка-контроль	11.7	18.4	корка-жёлтая-на-скале	0.396	39.2	2.0	15.0	15.1	bbox	2918	99.1	94.1	99.1	1912,1031,8,9	128.6	39.4830214	73.5859761	4674.5
2920	2920	1.229	стакан-марка-красная	9.5	9.0	снег-розовый	0.836	58.8	2.0	-2.0	2.8	bbox	2919	231.3	231.3	231.3	1137,1059,7,10	128.2	39.4829272	73.5861777	4674.5
2921	2921	1.034	рюкзак-синий	6.3	18.7	снег-в-тени	0.367	57.5	-1.0	-8.0	8.1	bbox	2920	128.1	128.1	128.1	628,115,9,12	128.1	39.4829336	73.5861811	4674.5
2922	2922	1.879	палка-ручка-контроль	12.7	28.4	корка-жёлтая-на-скале	0.852	29.2	4.0	13.5	14.1	bbox	2921	117.1	117.1	117.1	1009,313,4,8	128.0	39.4829341	73.5861798	4674.5
2923	2923	1.295	палка-ручка-пробка	10.0	9.4	лишайник-жёлтый-на-камне	0.452	66.3	-1.0	15.0	15.0	bbox	2922	105.1	105.1	109.1	1087,285,10,4	127.9	39.4829374	73.5861688	4674.5
2924	2924	2.272	палка-древко-контроль	14.3	39.2	снег-пересвеченный	0.448	80.8	-5.0	-1.0	5.1	bbox	2923	238.3	238.3	238.3	1073,233,24,6	127.7	39.4829264	73.5861780	4674.5
2925	2925	0.844	стакан-марка-красная	6.7	2.7	порода-охристая	0.697	47.1	8.0	7.0	10.6	bbox	2924	443.5	443.5	443.5	1859,163,6,8	127.7	39.4828751	73.5863140	4663.6
2926	2926	1.092	рюкзак-синий	6.7	19.6	снег-в-тени	1.137	19.2	4.0	-8.0	8.9	bbox	2925	139.2	139.2	139.2	0,289,5,7	127.6	39.4829345	73.5861784	4674.5
2927	2927	0.356	стакан-марка-красная	2.8	1.2	снег-розовый	1.345	51.0	9.0	-1.0	9.1	bbox	2926	440.5	440.5	440.5	743,125,10,8	127.6	39.4828753	73.5863135	4663.7
2928	2928	2.444	стакан-марка-красная	19.4	8.0	снег-освещённый	1.352	57.8	-8.0	5.0	9.4	bbox	2927	231.3	231.3	231.3	993,115,8,4	127.4	39.4829272	73.5861777	4674.5
2929	2929	1.234	стакан-марка-красная	3.6	32.2	порода-в-тени	1.254	17.6	8.0	-1.0	8.1	bbox	2928	396.5	396.5	396.5	641,212,13,5	127.4	39.4828748	73.5863189	4663.6
2930	2930	1.115	рюкзак-синий	8.2	11.9	порода-в-тени	0.678	26.9	-1.0	-6.0	6.1	bbox	2929	158.2	158.2	159.2	265,1057,6,8	127.1	39.4829329	73.5861793	4674.5
2931	2931	0.919	рюкзак-синий	6.0	14.9	снег-в-тени	0.862	23.9	1.0	-8.0	8.1	bbox	2930	152.2	152.2	152.2	267,978,4,15	127.0	39.4829339	73.5861791	4674.4
2932	2932	1.218	рюкзак-синий	9.2	11.0	снег-в-тени	0.402	49.8	-1.0	-5.0	5.1	bbox	2931	271.3	271.3	271.3	1041,1052,8,5	127.0	39.4828614	73.5863209	4674.4
2933	2933	2.079	стакан-марка-красная	14.4	29.0	корка-жёлтая-на-скале	1.228	20.8	-1.0	9.0	9.1	bbox	2932	91.1	91.1	91.1	27,825,9,6	126.5	39.4830230	73.5859789	4674.4
2934	2934	1.659	палка-древко-контроль	13.0	9.4	снег-в-тени	1.255	51.0	-8.0	-2.0	8.2	bbox	2933	259.3	259.3	259.3	1401,1049,6,14	126.5	39.4829023	73.5862270	4674.5
2935	2935	1.674	рюкзак-синий	13.3	3.9	порода-в-тени	0.518	34.9	-2.0	-1.0	2.2	bbox	2934	318.4	315.4	318.4	1310,481,13,7	126.3	39.4828677	73.5863159	4663.6
2936	2936	0.918	рюкзак-синий	7.2	4.9	снег-в-тени	0.642	43.7	5.0	-8.0	9.4	bbox	2935	352.4	352.4	352.4	129,1017,4,8	126.1	39.4828710	73.5863147	4663.6
2937	2937	1.433	стакан-марка-красная	11.2	8.8	порода-в-тени	0.776	41.0	0.0	-1.0	1.0	bbox	2936	108.1	105.1	108.1	1847,210,10,11	126.0	39.4829331	73.5861800	4674.4
2938	2938	1.093	стакан-марка-красная	1.4	30.2	снег-розовый	1.004	80.0	10.0	2.0	10.2	bbox	2937	384.4	384.4	384.4	871,698,10,4	125.8	39.4828781	73.5863207	4663.5
2939	2939	2.223	стакан-марка-красная	16.6	22.7	порода-в-тени	1.177	27.1	-4.0	8.0	8.9	bbox	2938	407.5	407.5	407.5	321,1003,7,6	125.6	39.4828745	73.5863192	4663.6
2940	2940	1.136	стакан-марка-красная	7.8	16.3	порода-охристая	0.819	33.5	16.0	7.0	17.5	bbox	2939	374.4	374.4	374.4	963,691,6,6	125.4	39.4828759	73.5863191	4663.6
2941	2941	1.918	рюкзак-синий	12.5	31.0	порода-в-тени	0.517	7.8	0.0	-1.5	1.5	bbox	2940	326.4	318.4	326.4	883,340,6,13	125.2	39.4828682	73.5863157	4663.6
2942	2942	1.015	рюкзак-синий	6.4	17.5	снег-в-тени	0.706	56.3	5.0	-9.0	10.3	bbox	2941	125.1	125.1	127.1	394,417,7,6	125.1	39.4829342	73.5861813	4674.5
2943	2943	1.257	стакан-марка-красная	10.0	1.0	снег-в-тени	1.008	48.8	1.0	0.0	1.0	bbox	2942	252.3	250.3	252.3	1242,1076,10,4	124.7	39.4829248	73.5861773	4674.5
2944	2944	0.768	рюкзак-синий	6.1	3.1	снег-в-тени	0.500	35.7	2.0	-8.0	8.2	bbox	2943	280.3	280.3	280.3	347,785,4,8	124.7	39.4828632	73.5863205	4674.4
2945	2945	1.432	палка-ручка-пробка	11.4	3.9	лишайник-жёлтый-на-камне	0.912	79.6	-4.0	16.0	16.5	bbox	2944	320.4	320.4	320.4	1153,85,6,6	124.6	39.4828680	73.5863154	4663.6
2946	2946	0.636	стакан-марка-красная	3.6	12.6	снег-розовый	1.060	62.4	9.0	4.0	9.8	bbox	2945	320.4	319.4	322.4	420,705,12,7	124.6	39.4828680	73.5863154	4663.6
2947	2947	1.443	стакан-марка-красная	11.5	0.2	снег-в-тени	1.004	49.6	-0.5	0.0	0.5	bbox	2946	252.3	252.3	252.3	659,1054,12,3	124.4	39.4829248	73.5861773	4674.5
2948	2948	1.102	рюкзак-синий	7.1	18.4	порода-в-тени	0.791	20.4	0.0	-7.0	7.0	bbox	2947	159.2	159.2	160.2	0,21,9,7	124.2	39.4829329	73.5861793	4674.5
2949	2949	0.713	рюкзак-синий	4.5	12.4	снег-в-тени	0.304	51.2	-1.0	-10.0	10.0	bbox	2948	129.1	127.1	130.1	199,459,4,16	124.1	39.4829335	73.5861809	4674.5
2950	2950	1.314	палка-ручка-пробка	10.3	7.5	лишайник-жёлтый-на-камне	0.461	68.2	0.0	14.0	14.0	bbox	2949	0.0	0.0	0.0	1009,263,8,4	123.9	39.4832959	73.5853336	4674.5
2951	2951	2.133	палка-ручка-пробка	17.0	5.3	снег-розовый	0.984	81.0	-3.0	8.0	8.5	bbox	2950	129.1	129.1	129.1	1633,1013,6,6	123.8	39.4829335	73.5861809	4674.5
2952	2952	1.395	стакан-марка-красная	10.2	15.9	порода-в-тени	0.611	33.9	1.0	-1.0	1.4	bbox	2951	453.5	452.5	453.5	963,265,6,8	123.8	39.4828743	73.5863138	4663.6
2953	2953	1.816	палка-древко-контроль	14.0	13.1	снег-освещённый	1.373	54.7	-9.0	-1.0	9.1	bbox	2952	257.3	257.3	257.3	1217,1029,16,2	123.7	39.4829191	73.5861889	4674.4
2954	2954	0.885	стакан-марка-красная	7.1	1.4	порода-охристая	0.954	48.4	6.0	6.0	8.5	bbox	2953	95.1	95.1	95.1	1207,225,4,8	123.5	39.4830225	73.5859764	4674.4
2955	2955	2.269	стакан-марка-красная	16.0	29.8	снег-освещённый	0.502	79.6	-5.0	0.0	5.0	bbox	2954	165.2	165.2	165.2	1493,901,11,5	123.5	39.4829313	73.5861794	4674.5
2956	2956	0.956	рюкзак-синий	7.3	8.2	снег-в-тени	0.640	30.6	-1.0	-7.0	7.1	bbox	2955	161.2	161.2	162.2	497,19,8,6	123.4	39.4829323	73.5861795	4674.4
2957	2957	0.798	стакан-марка-красная	3.6	18.4	порода-в-тени	1.310	31.4	8.0	-1.0	8.1	bbox	2956	403.5	403.5	404.5	91,9,8,10	123.4	39.4828749	73.5863207	4663.6
2958	2958	1.807	стакан-марка-красная	13.2	21.0	снег-освещённый	0.399	70.8	-2.0	-1.0	2.2	bbox	2957	286.3	286.3	286.3	442,337,5,8	122.6	39.4828641	73.5863197	4674.4
2959	2959	1.534	стакан-марка-красная	11.7	13.3	снег-розовый	0.820	63.1	1.0	7.0	7.1	bbox	2958	483.5	483.5	483.5	1089,185,6,6	122.6	39.4828716	73.5863117	4663.6
2960	2960	0.626	рюкзак-синий	5.0	1.2	снег-в-тени	0.330	40.0	1.0	-9.0	9.1	bbox	2959	140.2	140.2	140.2	1541,395,12,6	122.5	39.4829342	73.5861781	4674.5
2961	2961	1.027	рюкзак-синий	7.5	11.7	снег-в-тени	0.774	27.1	1.0	-6.5	6.6	bbox	2960	137.2	137.2	137.2	813,443,6,11	122.1	39.4829338	73.5861791	4674.5
2962	2962	2.123	стакан-марка-красная	15.2	26.3	снег-розовый	0.886	76.1	-3.0	7.0	7.6	bbox	2961	401.5	401.5	401.5	359,321,6,8	122.0	39.4828750	73.5863206	4663.6
2963	2963	2.113	стакан-марка-красная	14.8	28.8	порода-в-тени	1.125	21.0	-2.0	8.0	8.2	bbox	2962	373.4	373.4	373.4	1435,285,10,4	121.9	39.4828760	73.5863192	4663.6
2964	2964	1.438	рюкзак-синий	7.6	30.2	порода-в-тени	1.141	8.6	4.0	-7.0	8.1	bbox	2963	437.5	437.5	437.5	929,133,8,4	121.8	39.4828751	73.5863136	4663.6
2965	2965	1.859	стакан-марка-красная	14.8	6.3	корка-жёлтая-на-скале	0.957	56.1	-2.0	8.0	8.2	bbox	2964	394.4	394.4	400.5	403,627,12,4	121.6	39.4828754	73.5863186	4663.6
2966	2966	1.030	стакан-марка-красная	4.2	24.7	снег-розовый	0.908	74.5	8.0	-2.0	8.2	bbox	2965	451.5	451.5	451.5	506,293,9,5	121.6	39.4828742	73.5863140	4663.6
2967	2967	2.096	палка-древко-контроль	15.0	26.2	снег-освещённый	0.990	67.8	-8.0	0.0	8.0	bbox	2966	251.3	251.3	251.3	1569,201,8,4	121.4	39.4829248	73.5861773	4674.5
2968	2968	1.743	стакан-марка-красная	13.4	13.3	снег-розовый	0.893	63.1	-1.0	7.0	7.1	bbox	2967	309.4	309.4	309.4	1610,1033,6,8	121.4	39.4828677	73.5863205	4663.6
2969	2969	1.796	рюкзак-синий	13.0	21.2	порода-в-тени	0.269	17.6	0.0	-1.0	1.0	bbox	2968	382.4	382.4	382.4	146,23,5,8	121.4	39.4828780	73.5863210	4663.5
2970	2970	1.591	стакан-марка-красная	12.5	7.8	снег-розовый	0.980	57.6	0.0	7.0	7.0	bbox	2969	394.4	394.4	394.4	1779,483,12,5	121.2	39.4828754	73.5863186	4663.6
2971	2971	0.881	рюкзак-синий	7.0	3.0	снег-в-тени	0.279	41.8	1.0	-7.0	7.1	bbox	2970	432.5	432.5	432.5	179,401,4,8	121.1	39.4828752	73.5863145	4663.6
2972	2972	1.519	стакан-марка-красная	11.2	16.7	порода-в-тени	0.519	33.1	0.0	-1.0	1.0	bbox	2971	87.1	87.1	87.1	1601,857,6,8	120.9	39.4830241	73.5859806	4674.4
2973	2973	0.632	стакан-марка-красная	4.5	8.2	снег-розовый	1.010	58.0	7.0	-1.0	7.1	bbox	2972	398.5	398.5	400.5	658,619,7,6	120.9	39.4828747	73.5863193	4663.6
2974	2974	1.718	палка-ручка-пробка	12.6	18.8	корка-жёлтая-на-скале	0.609	56.9	1.0	11.0	11.0	bbox	2973	402.5	402.5	402.5	347,481,12,4	120.8	39.4828749	73.5863208	4663.6
2975	2975	1.762	стакан-марка-красная	12.6	21.8	порода-в-тени	0.808	28.0	-1.0	5.0	5.1	bbox	2974	241.3	241.3	244.3	1617,683,7,6	120.7	39.4829252	73.5861772	4674.5
2976	2976	0.762	рюкзак-синий	6.1	1.2	снег-в-тени	0.279	40.0	0.0	-8.0	8.0	bbox	2975	136.2	136.2	136.2	1737,155,8,5	120.5	39.4829339	73.5861790	4674.5
2977	2977	1.497	палка-ручка-контроль	11.0	16.8	корка-жёлтая-на-скале	0.337	40.8	1.5	16.0	16.1	bbox	2976	87.1	87.1	87.1	505,1047,8,6	120.1	39.4830241	73.5859806	4674.4
2978	2978	1.477	палка-ручка-пробка	11.2	13.3	лишайник-жёлтый-на-камне	0.570	62.4	0.0	13.0	13.0	bbox	2977	110.1	106.1	110.1	1865,933,8,4	120.1	39.4829334	73.5861800	4674.5
2979	2979	1.987	стакан-марка-красная	13.9	27.1	порода-в-тени	1.135	22.7	-1.0	8.0	8.1	bbox	2978	159.2	159.2	159.2	1915,977,5,7	120.1	39.4829329	73.5861793	4674.5
2980	2980	2.244	стакан-марка-красная	15.0	34.5	корка-жёлтая-на-скале	1.324	15.3	-1.0	10.0	10.0	bbox	2979	323.4	322.4	323.4	1403,817,6,6	120.0	39.4828687	73.5863150	4663.6
2981	2981	2.024	стакан-марка-красная	11.2	41.0	снег-освещённый	0.398	90.8	0.0	-1.0	1.0	bbox	2980	88.1	88.1	88.1	297,561,8,6	119.8	39.4830239	73.5859802	4674.4
2982	2982	1.945	рюкзак-синий	12.0	34.5	порода-в-тени	0.639	4.3	0.0	-2.0	2.0	bbox	2981	104.1	104.1	104.1	27,403,8,6	119.8	39.4829563	73.5861264	4674.4
2983	2983	1.576	стакан-марка-красная	11.2	20.4	снег-освещённый	0.418	70.2	0.0	-1.0	1.0	bbox	2982	87.1	87.1	87.1	953,135,7,10	119.7	39.4830241	73.5859806	4674.4
2984	2984	1.526	палка-ручка-пробка	10.6	21.0	корка-жёлтая-на-скале	0.351	54.7	-2.0	15.0	15.1	bbox	2983	365.4	365.4	365.4	1873,521,6,10	119.7	39.4828729	73.5863167	4663.6
2985	2985	0.741	стакан-марка-красная	3.6	16.5	порода-в-тени	1.333	33.3	8.0	-1.0	8.1	bbox	2984	444.5	444.5	444.5	914,121,7,8	119.7	39.4828751	73.5863143	4663.6
2986	2986	1.624	палка-ручка-пробка	11.7	20.0	корка-жёлтая-на-скале	0.397	55.7	-1.0	13.0	13.0	bbox	2985	99.1	99.1	99.1	897,625,4,8	119.6	39.4830214	73.5859761	4674.5
2987	2987	1.088	стакан-марка-красная	6.7	19.4	снег-розовый	0.693	69.2	5.0	-2.0	5.4	bbox	2986	373.4	373.4	373.4	663,307,8,4	119.6	39.4828760	73.5863192	4663.6
2988	2988	1.596	стакан-марка-красная	11.2	21.6	снег-освещённый	0.380	71.4	0.0	-1.0	1.0	bbox	2987	482.5	482.5	482.5	50,765,3,13	119.6	39.4828722	73.5863119	4663.6
2989	2989	0.355	стакан-марка-красная	2.0	7.1	порода-охристая	1.284	42.7	9.0	1.0	9.1	bbox	2988	398.5	398.5	398.5	1109,839,14,8	119.3	39.4828747	73.5863193	4663.6
2990	2990	1.770	рюкзак-синий	13.9	9.0	порода-в-тени	0.419	29.8	-4.0	-1.0	4.1	bbox	2989	396.5	396.5	396.5	10,489,7,8	119.1	39.4828748	73.5863189	4663.6
2991	2991	1.452	стакан-марка-красная	11.2	11.0	снег-освещённый	0.736	60.8	0.0	-1.0	1.0	bbox	2990	246.3	246.3	246.3	707,1055,6,6	118.8	39.4829255	73.5861775	4674.5
2992	2992	1.405	палка-ручка-пробка	10.6	12.8	лишайник-жёлтый-на-камне	0.644	62.9	-3.0	16.0	16.3	bbox	2991	57.1	57.1	64.1	1275,723,6,6	118.6	39.4830260	73.5859845	4674.5
2993	2993	1.961	стакан-марка-красная	13.4	28.4	снег-розовый	0.729	78.2	-1.0	7.0	7.1	bbox	2992	404.5	404.5	404.5	1617,565,6,6	118.5	39.4828745	73.5863204	4663.6
2994	2994	1.380	стакан-марка-красная	11.0	3.1	порода-в-тени	1.003	46.7	0.0	1.0	1.0	bbox	2993	252.3	252.3	253.3	775,1076,12,4	118.3	39.4829248	73.5861773	4674.5
2995	2995	0.678	рюкзак-синий	3.5	14.5	снег-в-тени	0.904	24.3	1.0	-10.5	10.5	bbox	2994	279.3	279.3	279.3	299,222,4,9	118.1	39.4828629	73.5863205	4674.4
2996	2996	1.804	палка-ручка-пробка	14.3	6.3	лишайник-жёлтый-на-камне	0.962	69.4	-1.0	10.0	10.0	bbox	2995	90.1	90.1	90.1	651,469,6,10	118.0	39.4830233	73.5859794	4674.5
2997	2997	1.701	стакан-марка-красная	13.6	1.4	корка-жёлтая-на-скале	0.531	48.4	3.0	12.0	12.4	bbox	2996	106.1	106.1	106.1	1555,857,14,8	117.8	39.4829340	73.5861771	4674.5
2998	2998	0.848	стакан-марка-красная	5.8	12.2	снег-розовый	1.060	62.0	8.0	6.0	10.0	bbox	2997	454.5	454.5	454.5	1848,83,7,6	117.8	39.4828743	73.5863138	4663.6
2999	2999	0.696	рюкзак-синий	5.0	8.6	снег-в-тени	0.653	30.2	1.0	-9.0	9.1	bbox	2998	154.2	154.2	163.2	81,241,4,8	117.7	39.4829336	73.5861791	4674.5
3000	3000	1.589	рюкзак-синий	12.6	4.3	порода-в-тени	0.831	43.1	-3.0	-2.0	3.6	bbox	2999	201.2	200.2	201.2	1120,187,5,7	117.6	39.4829296	73.5861794	4674.4
3001	3001	0.945	рюкзак-синий	7.4	5.7	снег-в-тени	0.578	44.5	4.5	-7.5	8.7	bbox	3000	432.5	432.5	432.5	25,211,8,4	117.5	39.4828752	73.5863145	4663.6
3002	3002	1.123	рюкзак-синий	8.1	13.9	порода-в-тени	0.816	24.9	2.0	-6.0	6.3	bbox	3001	30.0	30.0	30.0	1257,105,8,5	117.3	39.4833090	73.5853336	4674.5
3003	3003	1.019	рюкзак-синий	6.3	18.0	снег-в-тени	1.395	20.8	7.0	-12.0	13.9	bbox	3002	249.3	249.3	249.3	613,321,8,8	117.3	39.4829249	73.5861773	4674.5
3004	3004	2.246	стакан-марка-красная	16.6	23.7	корка-жёлтая-на-скале	1.064	26.1	-3.0	10.0	10.4	bbox	3003	322.4	322.4	322.4	970,194,6,7	117.3	39.4828687	73.5863150	4663.6
3005	3005	1.823	стакан-марка-красная	11.7	30.4	порода-в-тени	1.289	19.4	2.0	8.5	8.7	bbox	3004	402.5	402.5	402.5	1838,711,4,13	117.2	39.4828749	73.5863208	4663.6
3006	3006	1.296	рюкзак-синий	6.1	29.4	порода-в-тени	1.081	9.4	2.0	-8.0	8.2	bbox	3005	146.2	146.2	146.2	79,431,8,10	117.0	39.4829347	73.5861789	4674.4
3007	3007	2.020	палка-древко-контроль	16.0	7.1	порода-в-тени	0.841	34.5	-7.0	1.0	7.1	bbox	3006	2.0	2.0	2.0	89,1072,8,8	116.9	39.4832974	73.5853335	4674.5
3008	3008	2.139	палка-ручка-пробка	16.3	18.4	снег-розовый	0.940	94.1	0.0	7.5	7.5	bbox	3007	112.1	112.1	112.1	612,121,11,4	116.9	39.4829333	73.5861798	4674.5
3009	3009	2.164	стакан-марка-красная	11.0	46.7	порода-в-тени	0.764	3.1	0.0	2.0	2.0	bbox	3008	100.1	100.1	100.1	553,377,14,8	116.8	39.4830196	73.5859808	4674.5
3010	3010	1.292	стакан-марка-красная	9.8	11.0	порода-охристая	0.516	38.8	7.0	10.0	12.2	bbox	3009	112.1	112.1	113.1	689,849,8,4	116.6	39.4829333	73.5861798	4674.5
3011	3011	2.482	стакан-марка-красная	15.3	44.3	снег-пересвеченный	0.177	94.1	-4.0	-2.0	4.5	bbox	3010	155.2	155.2	155.2	1682,1029,8,6	116.6	39.4829332	73.5861790	4674.5
3012	3012	1.178	рюкзак-синий	7.3	21.0	порода-в-тени	0.981	17.8	3.0	-7.0	7.6	bbox	3011	30.0	30.0	30.0	1783,697,4,9	116.4	39.4833090	73.5853336	4674.5
3013	3013	1.692	рюкзак-синий	12.6	16.8	порода-в-тени	0.185	22.0	-3.0	-2.0	3.6	bbox	3012	174.2	173.2	174.2	1851,1049,7,5	116.4	39.4829302	73.5861777	4674.5
3014	3014	1.112	рюкзак-синий	7.0	19.2	порода-в-тени	0.839	19.6	1.0	-7.0	7.1	bbox	3013	0.0	0.0	0.0	1874,205,7,9	116.1	39.4832959	73.5853336	4674.5
3015	3015	1.370	рюкзак-синий	9.5	19.2	порода-в-тени	0.902	19.6	4.0	-5.0	6.4	bbox	3014	245.3	242.3	245.3	729,825,4,8	116.0	39.4829256	73.5861777	4674.5
3016	3016	1.449	стакан-марка-красная	7.6	30.6	снег-розовый	1.065	80.4	8.0	8.0	11.3	bbox	3015	372.4	372.4	374.4	1876,1033,5,8	116.0	39.4828758	73.5863191	4663.6
3017	3017	1.406	стакан-марка-красная	5.4	34.5	порода-в-тени	1.085	15.3	6.5	-2.0	6.8	bbox	3016	3.0	2.0	3.0	409,838,8,5	115.9	39.4832982	73.5853334	4674.5
3018	3018	0.140	палка-ручка-пробка	1.0	1.8	лишайник-жёлтый-на-камне	0.845	77.5	5.0	22.0	22.6	bbox	3017	73.1	73.1	73.1	755,943,6,6	115.4	39.4830257	73.5859792	4674.5
3019	3019	0.941	стакан-марка-красная	4.2	21.8	снег-розовый	0.927	71.6	8.0	-2.0	8.2	bbox	3018	453.5	453.5	453.5	1735,131,8,6	115.3	39.4828743	73.5863138	4663.6
3020	3020	1.989	стакан-марка-красная	14.8	20.8	корка-жёлтая-на-скале	1.130	29.0	-2.0	8.0	8.2	bbox	3019	139.2	137.2	139.2	239,257,18,2	114.8	39.4829345	73.5861784	4674.5
3021	3021	0.829	рюкзак-синий	6.1	9.2	снег-в-тени	0.009	48.0	0.0	-8.0	8.0	bbox	3020	295.3	295.3	295.3	57,603,8,4	114.8	39.4828645	73.5863196	4666.4
3022	3022	1.142	стакан-марка-красная	3.2	30.0	порода-в-тени	1.305	19.8	8.0	2.0	8.2	bbox	3021	0.0	0.0	0.0	681,593,8,6	114.7	39.4832959	73.5853336	4674.5
3023	3023	1.106	рюкзак-синий	7.1	18.6	порода-в-тени	0.791	20.2	0.0	-7.0	7.0	bbox	3022	154.2	154.2	162.2	105,681,4,8	114.7	39.4829336	73.5861791	4674.5
3024	3024	1.436	палка-ручка-пробка	10.8	13.7	лишайник-жёлтый-на-камне	0.580	62.0	2.5	12.5	12.7	bbox	3023	96.1	96.1	96.1	785,329,5,12	114.6	39.4830223	73.5859759	4674.5
3025	3025	1.719	стакан-марка-красная	13.4	10.6	корка-жёлтая-на-скале	1.053	39.2	-1.0	7.0	7.1	bbox	3024	150.2	149.2	150.2	1297,1049,7,4	114.6	39.4829343	73.5861787	4674.5
3026	3026	1.907	стакан-марка-красная	14.1	20.0	снег-освещённый	0.482	69.8	-3.0	-1.0	3.2	bbox	3025	286.3	286.3	286.3	1243,830,9,5	114.6	39.4828641	73.5863197	4674.4
3027	3027	0.576	стакан-марка-красная	2.8	12.7	снег-в-тени	1.476	37.1	9.0	-1.0	9.1	bbox	3026	438.5	438.5	438.5	1753,118,6,7	114.5	39.4828751	73.5863135	4663.6
3028	3028	1.233	рюкзак-синий	7.0	24.3	снег-в-тени	0.576	63.1	1.0	-7.0	7.1	bbox	3027	49.1	49.1	49.1	75,825,4,8	114.1	39.4830256	73.5859862	4674.4
3029	3029	0.836	рюкзак-синий	6.0	10.4	снег-в-тени	0.703	28.4	1.0	-8.0	8.1	bbox	3028	140.2	140.2	145.2	1221,443,12,4	114.1	39.4829342	73.5861781	4674.5
3030	3030	1.102	рюкзак-синий	6.1	22.3	порода-в-тени	1.018	16.5	2.0	-8.0	8.2	bbox	3029	411.5	411.5	411.5	1397,1051,6,6	114.1	39.4828741	73.5863187	4663.6
3031	3031	1.066	стакан-марка-красная	5.1	23.9	порода-в-тени	1.086	25.9	6.0	2.0	6.3	bbox	3030	36.0	36.0	41.0	23,1025,8,11	113.9	39.4832756	73.5854121	4674.5
3032	3032	2.056	стакан-марка-красная	16.1	11.4	корка-жёлтая-на-скале	0.965	61.2	-3.0	9.0	9.5	bbox	3031	392.4	389.4	392.4	1172,0,9,5	113.5	39.4828759	73.5863184	4663.6
3033	3033	1.269	рюкзак-синий	6.0	28.7	снег-в-тени	0.713	67.5	1.0	-8.0	8.1	bbox	3032	41.0	39.0	41.0	1185,113,6,8	113.0	39.4831551	73.5856889	4674.4
3034	3034	1.288	рюкзак-синий	7.1	26.3	порода-в-тени	0.839	12.5	0.0	-7.0	7.0	bbox	3033	166.2	164.2	166.2	837,41,8,8	112.9	39.4829311	73.5861793	4674.5
3035	3035	1.695	рюкзак-синий	13.3	8.4	порода-в-тени	0.357	30.4	-2.0	-1.0	2.2	bbox	3034	318.4	318.4	318.4	1911,11,9,4	112.9	39.4828677	73.5863159	4663.6
3036	3036	0.708	стакан-марка-красная	3.6	15.3	снег-розовый	0.950	65.1	8.0	-1.0	8.1	bbox	3035	483.5	483.5	483.5	573,832,4,8	112.8	39.4828716	73.5863117	4663.6
3037	3037	0.930	рюкзак-синий	7.2	6.4	снег-в-тени	0.834	32.4	5.0	-8.0	9.4	bbox	3036	34.0	34.0	35.0	123,481,4,8	112.7	39.4833029	73.5853483	4674.5
3038	3038	2.218	стакан-марка-красная	16.5	22.9	снег-освещённый	0.851	72.7	-5.0	5.0	7.1	bbox	3037	159.2	159.2	159.2	569,173,8,10	112.7	39.4829329	73.5861793	4674.5
3039	3039	1.043	рюкзак-синий	7.3	14.3	порода-в-тени	0.774	24.5	-1.0	-7.0	7.1	bbox	3038	142.2	142.2	142.2	1783,33,8,8	112.6	39.4829344	73.5861783	4674.5
3040	3040	2.328	палка-древко-контроль	15.1	38.0	снег-пересвеченный	0.598	79.6	-6.0	0.0	6.0	bbox	3039	247.3	246.3	247.3	788,1060,13,5	112.6	39.4829254	73.5861774	4674.5
3041	3041	1.563	стакан-марка-красная	11.2	19.6	порода-в-тени	0.430	30.2	0.0	-1.0	1.0	bbox	3040	399.5	399.5	399.5	405,25,12,4	112.6	39.4828747	73.5863196	4663.6
3042	3042	1.684	рюкзак-синий	13.2	10.2	порода-в-тени	0.319	28.6	-1.0	-1.0	1.4	bbox	3041	400.5	397.5	400.5	490,39,7,10	112.4	39.4828750	73.5863202	4663.6
3043	3043	1.376	стакан-марка-красная	11.0	1.6	снег-розовый	0.978	51.4	0.0	1.0	1.0	bbox	3042	238.3	238.3	238.3	1714,918,11,7	112.0	39.4829264	73.5861780	4674.5
3044	3044	1.269	рюкзак-синий	7.1	25.5	снег-в-тени	0.603	64.3	0.0	-7.0	7.0	bbox	3043	49.1	49.1	49.1	359,209,4,8	111.8	39.4830256	73.5859862	4674.4
3045	3045	1.698	стакан-марка-красная	13.0	13.3	порода-в-тени	0.587	36.5	-2.0	0.0	2.0	bbox	3044	271.3	271.3	274.3	1017,699,7,5	111.7	39.4828614	73.5863209	4674.4
3046	3046	1.860	палка-ручка-пробка	13.8	19.2	лишайник-жёлтый-на-камне	1.408	94.9	-4.0	12.5	13.1	bbox	3045	412.5	412.5	412.5	317,537,4,8	111.5	39.4828740	73.5863184	4663.6
3047	3047	1.844	стакан-марка-красная	14.0	15.9	порода-в-тени	0.624	33.9	-3.0	2.0	3.6	bbox	3046	271.3	270.3	271.3	1122,842,12,3	111.2	39.4828614	73.5863209	4674.4
3048	3048	0.763	рюкзак-синий	6.1	1.8	снег-в-тени	0.359	40.6	2.0	-8.0	8.2	bbox	3047	48.1	46.1	51.1	1585,257,6,6	111.0	39.4830263	73.5859844	4674.4
3049	3049	0.827	стакан-марка-красная	3.6	19.4	порода-в-тени	1.300	30.4	8.0	-1.0	8.1	bbox	3048	391.4	391.4	391.4	491,946,14,5	111.0	39.4828761	73.5863183	4663.6
3050	3050	1.277	рюкзак-синий	7.3	25.1	порода-в-тени	1.005	13.7	3.0	-7.0	7.6	bbox	3049	256.3	254.3	256.3	769,848,4,9	110.9	39.4829239	73.5861786	4674.5
3051	3051	1.060	рюкзак-синий	6.3	19.8	порода-в-тени	0.885	19.0	-1.0	-8.0	8.1	bbox	3050	2.0	2.0	2.0	1899,98,6,5	110.7	39.4832974	73.5853335	4674.5
3052	3052	1.782	рюкзак-синий	6.1	45.1	снег-пересвеченный	1.005	83.9	2.0	-8.0	8.2	bbox	3051	44.1	44.1	45.1	369,1035,6,6	110.7	39.4830864	73.5858464	4674.4
3053	3053	0.813	стакан-марка-красная	5.4	12.7	порода-в-тени	1.164	37.1	6.0	-1.0	6.1	bbox	3052	368.4	368.4	368.4	857,829,8,4	110.7	39.4828743	73.5863185	4663.5
3054	3054	0.618	рюкзак-синий	4.0	10.0	снег-в-тени	0.260	48.8	0.5	-10.0	10.0	bbox	3053	314.4	314.4	314.4	1915,525,5,8	110.6	39.4828677	73.5863183	4663.6
3055	3055	1.046	палка-ручка-пробка	8.1	7.8	лишайник-жёлтый-на-камне	0.668	83.5	1.0	16.0	16.0	bbox	3054	361.4	361.4	361.4	1223,89,10,7	110.5	39.4828723	73.5863147	4663.6
3056	3056	1.518	стакан-марка-красная	12.0	5.5	снег-освещённый	0.911	55.3	-1.0	0.0	1.0	bbox	3055	140.2	140.2	140.2	1786,828,7,5	110.3	39.4829342	73.5861781	4674.5
3057	3057	0.904	стакан-марка-красная	4.1	20.8	порода-в-тени	1.173	29.0	7.0	0.0	7.0	bbox	3056	396.5	396.5	396.5	1265,995,8,6	110.3	39.4828748	73.5863189	4663.6
3058	3058	1.315	стакан-марка-красная	8.6	21.2	порода-охристая	0.808	28.6	6.0	8.0	10.0	bbox	3057	110.1	110.1	110.1	1668,809,8,8	110.2	39.4829334	73.5861800	4674.5
3059	3059	1.236	стакан-марка-красная	7.5	22.5	снег-в-тени	1.157	27.3	6.5	-5.0	8.2	bbox	3058	412.5	412.5	412.5	171,265,4,8	110.2	39.4828740	73.5863184	4663.6
3060	3060	1.970	стакан-марка-красная	13.9	26.1	порода-в-тени	1.138	23.7	-1.0	8.0	8.1	bbox	3059	151.2	147.2	151.2	770,889,5,8	109.6	39.4829343	73.5861788	4674.4
3061	3061	2.297	стакан-марка-красная	16.4	29.0	корка-жёлтая-на-скале	1.115	20.8	-2.0	11.0	11.2	bbox	3060	390.4	390.4	390.4	1066,9,7,7	109.5	39.4828766	73.5863183	4663.6
3062	3062	1.188	стакан-марка-красная	3.6	30.8	снег-розовый	0.768	80.6	8.0	3.0	8.5	bbox	3061	411.5	411.5	411.5	971,690,4,12	109.5	39.4828741	73.5863187	4663.6
3063	3063	1.945	рюкзак-синий	12.0	34.5	порода-в-тени	0.639	4.3	0.0	-2.0	2.0	bbox	3062	403.5	403.5	403.5	759,948,11,3	109.4	39.4828749	73.5863207	4663.6
3064	3064	2.073	стакан-марка-красная	9.1	48.6	порода-в-тени	0.858	1.2	2.0	0.0	2.0	bbox	3063	112.1	112.1	112.1	334,11,6,11	109.3	39.4829333	73.5861798	4674.5
3065	3065	1.202	стакан-марка-красная	6.4	25.1	порода-в-тени	1.196	24.7	7.0	-4.0	8.1	bbox	3064	345.4	345.4	345.4	11,151,6,6	109.2	39.4828703	73.5863151	4663.6
3066	3066	0.895	рюкзак-синий	7.0	5.3	снег-в-тени	0.220	44.1	1.0	-7.0	7.1	bbox	3065	43.0	37.0	43.0	745,227,5,6	109.1	39.4831079	73.5857972	4674.4
3067	3067	1.276	рюкзак-синий	10.2	1.5	снег-в-тени	0.638	37.3	-1.0	-4.0	4.1	bbox	3066	238.3	238.3	238.3	371,1067,6,13	109.0	39.4829264	73.5861780	4674.5
3068	3068	1.079	стакан-марка-красная	8.6	2.5	снег-в-тени	0.707	47.3	4.0	-4.0	5.7	bbox	3067	403.5	403.5	403.5	481,545,6,11	109.0	39.4828749	73.5863207	4663.6
3069	3069	2.049	стакан-марка-красная	14.8	24.9	порода-в-тени	1.136	24.9	-2.0	8.0	8.2	bbox	3068	481.5	481.5	481.5	1410,821,4,12	108.9	39.4828724	73.5863121	4663.6
3070	3070	2.086	стакан-марка-красная	13.0	36.5	порода-в-тени	0.452	13.3	-2.0	2.0	2.8	bbox	3069	50.1	46.1	50.1	1603,907,7,21	108.8	39.4830257	73.5859860	4674.4
3071	3071	0.675	стакан-марка-красная	4.5	10.6	снег-в-тени	1.275	39.2	7.0	-1.0	7.1	bbox	3070	389.4	386.4	389.4	611,509,14,4	108.8	39.4828768	73.5863185	4663.6
3072	3072	0.226	стакан-марка-красная	1.4	3.9	снег-розовый	1.338	53.7	10.0	0.0	10.0	bbox	3071	374.4	374.4	374.4	745,467,8,4	108.7	39.4828759	73.5863191	4663.6
3073	3073	1.178	рюкзак-синий	9.4	2.5	снег-в-тени	0.811	36.3	5.0	-5.5	7.4	bbox	3072	453.5	453.5	453.5	81,267,6,6	108.7	39.4828743	73.5863138	4663.6
3074	3074	2.271	стакан-марка-красная	14.6	38.0	снег-пересвеченный	0.159	87.8	-3.0	-3.0	4.2	bbox	3073	140.2	140.2	140.2	1657,345,8,6	108.5	39.4829342	73.5861781	4674.5
3075	3075	1.791	стакан-марка-красная	11.2	31.4	снег-освещённый	0.177	81.2	0.0	-1.0	1.0	bbox	3074	90.1	90.1	90.1	44,925,11,6	108.2	39.4830233	73.5859794	4674.5
3076	3076	2.016	стакан-марка-красная	14.8	22.7	порода-в-тени	1.150	27.1	-2.0	8.0	8.2	bbox	3075	102.1	102.1	102.1	1913,1075,7,5	108.1	39.4829976	73.5860313	4674.4
3077	3077	2.018	палка-ручка-пробка	15.3	18.4	снег-розовый	1.319	94.1	-3.0	10.0	10.4	bbox	3076	281.3	281.3	281.3	100,1072,5,8	108.1	39.4828632	73.5863204	4674.5
3078	3078	1.451	палка-ручка-пробка	10.6	16.3	корка-жёлтая-на-скале	0.484	59.4	-2.0	15.0	15.1	bbox	3077	286.3	286.3	286.3	1241,393,8,4	108.1	39.4828641	73.5863197	4674.4
3079	3079	1.703	палка-ручка-пробка	12.4	19.6	корка-жёлтая-на-скале	0.513	56.1	-3.0	13.5	13.8	bbox	3078	364.4	364.4	364.4	905,65,8,4	108.0	39.4828728	73.5863161	4663.6
3080	3080	1.809	стакан-марка-красная	13.0	22.0	снег-розовый	0.818	71.8	0.0	8.0	8.0	bbox	3079	95.1	95.1	95.1	655,429,8,4	107.9	39.4830225	73.5859764	4674.4
3081	3081	2.091	стакан-марка-красная	13.0	36.7	порода-в-тени	1.181	13.1	0.0	8.0	8.0	bbox	3080	131.1	131.1	131.1	1357,1055,4,8	107.7	39.4829333	73.5861800	4674.5
3082	3082	1.369	рюкзак-синий	9.1	21.5	порода-в-тени	0.716	17.3	2.0	-5.0	5.4	bbox	3081	407.5	407.5	407.5	161,487,4,8	107.7	39.4828745	73.5863192	4663.6
3083	3083	0.952	стакан-марка-красная	7.6	0.2	порода-охристая	0.664	49.6	8.0	8.0	11.3	bbox	3082	108.1	108.1	110.1	1043,597,6,6	107.6	39.4829331	73.5861800	4674.4
3084	3084	2.161	стакан-марка-красная	11.0	46.7	порода-в-тени	0.711	3.1	0.0	1.0	1.0	bbox	3083	111.1	111.1	111.1	87,460,6,7	107.6	39.4829333	73.5861799	4674.5
3085	3085	0.688	стакан-марка-красная	4.1	12.7	снег-розовый	0.861	62.5	7.0	0.0	7.0	bbox	3084	388.4	388.4	388.4	741,403,12,4	107.6	39.4828771	73.5863188	4663.6
3086	3086	1.569	стакан-марка-красная	9.2	29.8	порода-охристая	1.065	20.0	5.0	8.0	9.4	bbox	3085	407.5	407.5	407.5	648,121,9,6	107.4	39.4828745	73.5863192	4663.6
3087	3087	0.846	рюкзак-синий	6.3	8.4	снег-в-тени	0.634	30.4	-1.0	-8.0	8.1	bbox	3086	141.2	141.2	145.2	1198,911,5,10	107.2	39.4829341	73.5861782	4674.5
3088	3088	1.687	палка-ручка-пробка	10.8	28.2	корка-жёлтая-на-скале	0.177	47.5	-1.0	14.0	14.0	bbox	3087	363.4	363.4	363.4	1257,93,6,7	107.1	39.4828723	73.5863154	4663.6
3089	3089	1.527	рюкзак-синий	8.1	32.1	порода-в-тени	0.833	6.7	0.0	-6.0	6.0	bbox	3088	166.2	165.2	166.2	713,65,8,8	107.0	39.4829311	73.5861793	4674.5
3090	3090	1.788	стакан-марка-красная	10.8	32.9	порода-в-тени	0.848	16.9	1.0	5.0	5.1	bbox	3089	83.1	83.1	83.1	367,538,7,7	106.9	39.4830247	73.5859806	4674.4
3091	3091	1.855	стакан-марка-красная	11.0	34.7	порода-в-тени	0.338	15.1	0.0	0.0	0.0	bbox	3090	382.4	382.4	382.4	411,209,6,7	106.2	39.4828780	73.5863210	4663.5
3092	3092	1.783	стакан-марка-красная	13.9	11.4	корка-жёлтая-на-скале	1.005	61.2	-1.0	8.0	8.1	bbox	3091	412.5	412.5	412.5	1131,8,5,7	106.2	39.4828740	73.5863184	4663.6
3093	3093	0.977	рюкзак-синий	7.6	6.1	снег-в-тени	0.526	44.9	4.0	-7.0	8.1	bbox	3092	412.5	412.5	412.5	375,653,6,8	106.2	39.4828740	73.5863184	4663.6
3094	3094	1.144	палка-ручка-пробка	9.1	2.3	лишайник-жёлтый-на-камне	0.613	78.0	3.5	14.0	14.4	bbox	3093	87.1	87.1	87.1	1745,617,10,4	106.1	39.4830241	73.5859806	4674.4
3095	3095	1.387	палка-ручка-пробка	10.6	11.2	лишайник-жёлтый-на-камне	0.946	86.9	-2.0	15.0	15.1	bbox	3094	88.1	88.1	88.1	1229,449,8,4	106.0	39.4830239	73.5859802	4674.4
3096	3096	0.965	рюкзак-синий	7.0	11.4	снег-в-тени	0.196	50.2	1.0	-7.0	7.1	bbox	3095	43.0	40.0	43.0	566,379,7,5	105.9	39.4831079	73.5857972	4674.4
3097	3097	1.410	рюкзак-синий	7.3	30.2	порода-в-тени	0.869	8.6	-1.0	-7.0	7.1	bbox	3096	280.3	280.3	280.3	1012,75,9,6	105.9	39.4828632	73.5863205	4674.4
3098	3098	1.058	рюкзак-синий	4.0	26.1	снег-в-тени	0.672	64.9	1.0	-10.0	10.0	bbox	3097	50.1	50.1	50.1	233,9,4,8	105.8	39.4830257	73.5859860	4674.4
3099	3099	1.509	стакан-марка-красная	12.0	2.9	порода-в-тени	0.961	46.9	-1.0	0.0	1.0	bbox	3098	255.3	255.3	255.3	1478,571,11,4	105.5	39.4829249	73.5861772	4674.5
3100	3100	1.366	стакан-марка-красная	7.6	27.4	порода-охристая	0.781	22.4	8.0	8.0	11.3	bbox	3099	316.4	316.4	316.4	611,741,9,4	105.5	39.4828677	73.5863171	4663.6
3101	3101	1.718	стакан-марка-красная	6.4	42.6	снег-розовый	0.817	92.4	6.0	5.0	7.8	bbox	3100	345.4	345.4	345.4	568,441,6,8	105.3	39.4828703	73.5863151	4663.6
3102	3102	1.560	стакан-марка-красная	11.2	19.4	порода-в-тени	0.436	30.4	0.0	-1.0	1.0	bbox	3101	88.1	88.1	88.1	1783,122,10,5	105.2	39.4830239	73.5859802	4674.4
3103	3103	1.672	палка-ручка-пробка	13.0	11.0	корка-жёлтая-на-скале	0.784	64.7	0.0	11.0	11.0	bbox	3102	314.4	314.4	314.4	1451,845,6,10	105.2	39.4828677	73.5863183	4663.6
3104	3104	1.977	рюкзак-синий	13.0	31.3	порода-в-тени	0.526	7.5	0.0	-1.0	1.0	bbox	3103	50.1	46.1	50.1	1302,845,12,4	105.1	39.4830257	73.5859860	4674.4
3105	3105	0.460	рюкзак-синий	2.5	9.4	снег-в-тени	0.590	48.2	2.5	-12.0	12.3	bbox	3104	130.1	130.1	130.1	1155,3,8,6	105.1	39.4829332	73.5861805	4674.5
3106	3106	1.892	стакан-марка-красная	13.4	24.5	порода-в-тени	1.023	25.3	-1.0	7.0	7.1	bbox	3105	132.2	132.2	132.2	1489,1049,8,5	104.8	39.4829334	73.5861797	4674.5
3107	3107	0.898	стакан-марка-красная	4.1	20.6	порода-в-тени	1.227	29.2	7.0	2.0	7.3	bbox	3106	383.4	383.4	383.4	1067,961,6,4	104.8	39.4828780	73.5863210	4663.5
3108	3108	1.599	стакан-марка-красная	11.2	21.8	снег-освещённый	0.374	71.6	0.0	-1.0	1.0	bbox	3107	88.1	88.1	88.1	1834,0,6,7	104.5	39.4830239	73.5859802	4674.4
3109	3109	1.216	стакан-марка-красная	5.8	27.3	порода-в-тени	1.011	22.5	6.0	-2.0	6.3	bbox	3108	373.4	373.4	373.4	417,569,8,4	104.1	39.4828760	73.5863192	4663.6
3110	3110	1.074	стакан-марка-красная	3.6	27.3	порода-в-тени	1.197	22.5	7.5	0.0	7.5	bbox	3109	400.5	400.5	400.5	545,423,5,10	104.1	39.4828750	73.5863202	4663.6
3111	3111	1.235	рюкзак-синий	8.1	20.0	порода-в-тени	0.675	18.8	0.0	-6.0	6.0	bbox	3110	277.3	275.3	280.3	1544,870,9,4	103.9	39.4828629	73.5863208	4674.5
3112	3112	1.268	стакан-марка-красная	3.2	33.7	порода-в-тени	1.266	16.1	8.0	0.0	8.0	bbox	3111	366.4	366.4	366.4	1357,495,3,10	103.9	39.4828734	73.5863173	4663.6
3113	3113	1.581	рюкзак-синий	12.6	0.0	порода-в-тени	0.681	38.8	-3.0	-2.0	3.6	bbox	3112	189.2	189.2	189.2	1097,415,12,6	103.8	39.4829292	73.5861785	4674.5
3114	3114	0.892	стакан-марка-красная	4.1	20.4	снег-розовый	1.100	70.2	10.0	5.0	11.2	bbox	3113	438.5	438.5	438.5	573,117,10,4	103.6	39.4828751	73.5863135	4663.6
3115	3115	1.712	стакан-марка-красная	11.7	24.9	снег-освещённый	0.451	74.7	0.0	-3.0	3.0	bbox	3114	145.2	145.2	145.2	1519,993,10,6	103.5	39.4829347	73.5861790	4674.4
3116	3116	1.522	рюкзак-синий	8.1	31.9	порода-в-тени	0.935	6.9	2.0	-6.0	6.3	bbox	3115	242.3	242.3	242.3	1377,310,12,3	103.1	39.4829252	73.5861773	4674.5
3117	3117	0.910	рюкзак-синий	7.3	0.8	снег-в-тени	0.527	38.0	3.0	-7.0	7.6	bbox	3116	38.0	38.0	38.0	141,985,6,8	103.0	39.4832323	73.5855119	4674.5
3118	3118	1.099	рюкзак-синий	7.0	18.6	порода-в-тени	0.839	20.2	1.0	-7.0	7.1	bbox	3117	149.2	146.2	149.2	389,489,4,10	102.8	39.4829342	73.5861785	4674.5
3119	3119	1.580	стакан-марка-красная	12.5	5.9	корка-жёлтая-на-скале	1.010	43.9	0.0	7.0	7.0	bbox	3118	134.2	134.2	134.2	1129,785,7,5	102.7	39.4829338	73.5861792	4674.5
3120	3120	1.072	стакан-марка-красная	8.1	10.2	порода-охристая	0.626	39.6	7.0	8.0	10.6	bbox	3119	105.1	105.1	105.1	1469,21,4,12	102.6	39.4829374	73.5861688	4674.5
3121	3121	0.382	рюкзак-синий	2.7	5.1	снег-в-тени	0.712	33.7	2.0	-11.5	11.7	bbox	3120	279.3	279.3	279.3	969,35,6,6	102.6	39.4828629	73.5863205	4674.4
3122	3122	1.420	рюкзак-синий	10.0	18.8	снег-в-тени	0.624	57.6	1.0	-4.0	4.1	bbox	3121	151.2	145.2	151.2	699,1001,8,6	102.4	39.4829343	73.5861788	4674.4
3123	3123	1.147	рюкзак-синий	7.0	20.8	порода-в-тени	0.843	18.0	1.0	-7.0	7.1	bbox	3122	280.3	280.3	280.3	51,496,4,9	102.4	39.4828632	73.5863205	4674.4
3124	3124	1.964	палка-ручка-пробка	15.7	4.7	снег-розовый	1.013	80.4	-2.0	9.0	9.2	bbox	3123	406.5	406.5	406.5	1363,1045,7,10	102.2	39.4828745	73.5863195	4663.6
3125	3125	1.962	стакан-марка-красная	14.6	19.8	снег-освещённый	0.523	69.6	-3.5	-1.0	3.6	bbox	3124	268.3	266.3	268.3	841,554,18,3	102.1	39.4828611	73.5863208	4674.4
3126	3126	1.806	палка-ручка-пробка	13.9	13.9	корка-жёлтая-на-скале	0.749	61.8	-2.0	11.0	11.2	bbox	3125	1.0	1.0	1.0	777,157,8,4	101.9	39.4832968	73.5853336	4674.5
3127	3127	0.953	рюкзак-синий	4.0	22.7	снег-в-тени	1.167	16.1	1.0	-10.0	10.0	bbox	3126	279.3	279.3	279.3	497,761,4,10	101.5	39.4828629	73.5863205	4674.4
3128	3128	0.631	стакан-марка-красная	4.1	10.2	порода-в-тени	1.324	39.6	7.0	0.0	7.0	bbox	3127	375.4	375.4	375.4	713,173,8,4	101.5	39.4828764	73.5863197	4663.6
3129	3129	1.017	стакан-марка-красная	8.1	3.7	снег-розовый	0.904	53.5	3.0	0.0	3.0	bbox	3128	480.5	480.5	480.5	1817,0,10,3	101.4	39.4828724	73.5863121	4663.6
3130	3130	2.257	стакан-марка-красная	16.7	23.9	корка-жёлтая-на-скале	0.931	25.9	-2.0	11.5	11.7	bbox	3129	105.1	105.1	105.1	1705,859,6,6	101.3	39.4829374	73.5861688	4674.5
3131	3131	1.741	стакан-марка-красная	11.7	26.7	снег-освещённый	0.691	76.5	1.0	-5.0	5.1	bbox	3130	238.3	238.3	239.3	1791,855,14,18	101.0	39.4829264	73.5861780	4674.5
3132	3132	0.419	стакан-марка-красная	3.2	3.9	снег-розовый	1.163	53.7	8.0	0.0	8.0	bbox	3131	366.4	366.4	366.4	1139,811,12,5	101.0	39.4828734	73.5863173	4663.6
3133	3133	1.554	палка-ручка-пробка	12.2	8.2	лишайник-жёлтый-на-камне	0.966	83.9	-2.0	13.0	13.2	bbox	3132	109.1	109.1	109.1	1257,897,4,6	100.9	39.4829332	73.5861800	4674.4
3134	3134	1.762	рюкзак-синий	12.0	25.9	порода-в-тени	0.477	12.9	1.0	-2.0	2.2	bbox	3133	327.4	327.4	327.4	873,409,4,8	100.9	39.4828676	73.5863155	4663.6
3135	3135	1.928	рюкзак-синий	13.6	25.5	порода-в-тени	0.282	13.3	-3.0	-1.0	3.2	bbox	3134	325.4	325.4	326.4	1820,228,9,4	100.8	39.4828684	73.5863154	4663.6
3136	3136	0.678	рюкзак-синий	5.4	2.4	снег-в-тени	0.461	41.2	3.0	-9.0	9.5	bbox	3135	34.0	32.0	36.0	1699,0,7,5	100.6	39.4833029	73.5853483	4674.5
3137	3137	1.565	стакан-марка-красная	3.6	42.0	порода-в-тени	1.328	7.8	8.0	-1.0	8.1	bbox	3136	364.4	364.4	364.4	506,43,7,6	100.5	39.4828728	73.5863161	4663.6
3138	3138	1.185	рюкзак-синий	9.1	9.8	порода-в-тени	0.771	29.0	2.0	-5.0	5.4	bbox	3137	256.3	254.3	256.3	761,817,8,6	100.2	39.4829239	73.5861786	4674.5
3139	3139	1.818	палка-ручка-пробка	14.3	9.0	снег-розовый	1.098	84.7	-1.0	10.0	10.0	bbox	3138	103.1	103.1	103.1	1856,1010,9,7	100.1	39.4829786	73.5860749	4674.4
3140	3140	2.164	стакан-марка-красная	15.2	28.8	снег-розовый	0.885	78.6	-3.0	7.0	7.6	bbox	3139	406.5	406.5	406.5	1491,1065,4,8	100.0	39.4828745	73.5863195	4663.6
3141	3141	1.134	рюкзак-синий	6.1	23.6	снег-в-тени	0.520	62.4	0.0	-8.0	8.0	bbox	3140	51.1	51.1	51.1	361,1069,6,8	99.8	39.4830258	73.5859854	4674.4
3142	3142	2.248	стакан-марка-красная	11.0	49.8	снег-освещённый	0.695	99.6	0.0	1.0	1.0	bbox	3141	280.3	280.3	280.3	1769,393,8,4	99.7	39.4828632	73.5863205	4674.4
3143	3143	1.818	рюкзак-синий	10.2	36.3	снег-освещённый	0.540	75.1	-1.0	-4.0	4.1	bbox	3142	242.3	241.3	242.3	1767,710,10,11	99.4	39.4829252	73.5861773	4674.5
3144	3144	0.724	стакан-марка-красная	5.7	4.3	порода-охристая	0.936	45.5	15.0	5.0	15.8	bbox	3143	398.5	398.5	398.5	491,401,6,7	99.4	39.4828747	73.5863193	4663.6
3145	3145	1.901	стакан-марка-красная	14.4	16.9	корка-жёлтая-на-скале	1.016	66.7	-1.0	9.0	9.1	bbox	3144	52.1	52.1	52.1	668,993,9,4	99.3	39.4830257	73.5859852	4674.5
3146	3146	1.628	стакан-марка-красная	11.7	20.0	снег-освещённый	0.557	69.8	0.0	-3.0	3.0	bbox	3145	256.3	255.3	256.3	1057,977,8,6	99.2	39.4829239	73.5861786	4674.5
3147	3147	1.306	рюкзак-синий	10.0	10.0	порода-в-тени	0.542	28.8	0.0	-4.0	4.0	bbox	3146	273.3	271.3	273.3	893,1027,6,6	99.2	39.4828625	73.5863212	4674.5
3148	3148	1.161	стакан-марка-красная	2.2	31.6	порода-в-тени	1.383	18.2	9.0	0.0	9.0	bbox	3147	374.4	374.4	374.4	555,795,6,8	99.2	39.4828759	73.5863191	4663.6
3149	3149	1.797	палка-ручка-пробка	11.7	29.2	корка-жёлтая-на-скале	0.398	46.5	1.0	12.0	12.0	bbox	3148	127.1	127.1	127.1	1627,771,6,4	99.1	39.4829337	73.5861811	4674.5
3150	3150	1.986	палка-древко-контроль	14.0	26.0	снег-пересвеченный	1.061	67.6	-9.0	-1.0	9.1	bbox	3149	146.2	146.2	146.2	1777,1051,6,6	99.1	39.4829347	73.5861789	4674.4
3151	3151	1.401	стакан-марка-красная	4.1	36.5	снег-розовый	0.698	86.3	7.0	2.0	7.3	bbox	3150	365.4	365.4	365.4	1021,433,7,6	99.1	39.4828729	73.5863167	4663.6
3152	3152	1.800	палка-ручка-пробка	12.8	23.0	корка-жёлтая-на-скале	0.534	52.7	0.5	11.0	11.0	bbox	3151	35.0	35.0	35.0	1112,1073,10,7	98.9	39.4832920	73.5853743	4674.5
3153	3153	0.835	рюкзак-синий	6.6	4.1	снег-в-тени	0.184	42.9	0.0	-7.5	7.5	bbox	3152	44.1	43.0	47.1	1450,435,7,4	98.8	39.4830864	73.5858464	4674.4
3154	3154	1.538	стакан-марка-красная	8.2	32.0	снег-розовый	0.422	81.8	3.0	-1.0	3.2	bbox	3153	108.1	108.1	108.1	543,641,7,6	98.7	39.4829331	73.5861800	4674.4
3155	3155	1.076	рюкзак-синий	7.0	17.4	порода-в-тени	0.869	21.4	1.5	-7.0	7.2	bbox	3154	146.2	146.2	149.2	221,306,4,7	98.7	39.4829347	73.5861789	4674.4
3156	3156	1.652	рюкзак-синий	10.2	29.4	снег-освещённый	0.672	68.2	-1.0	-4.0	4.1	bbox	3155	269.3	269.3	270.3	1702,985,11,8	98.6	39.4828610	73.5863207	4674.4
3157	3157	0.793	стакан-марка-красная	2.2	20.8	порода-в-тени	1.415	29.0	9.0	0.0	9.0	bbox	3156	373.4	373.4	373.4	657,897,6,6	98.4	39.4828760	73.5863192	4663.6
3158	3158	1.186	рюкзак-синий	7.1	22.1	порода-в-тени	0.911	16.7	2.0	-7.0	7.3	bbox	3157	270.3	269.3	270.3	825,954,4,7	98.3	39.4828611	73.5863208	4674.4
3159	3159	1.624	рюкзак-синий	9.1	32.4	снег-освещённый	0.716	71.2	-0.5	-5.0	5.0	bbox	3158	238.3	238.3	238.3	1845,795,8,8	98.1	39.4829264	73.5861780	4674.5
3160	3160	1.400	палка-ручка-пробка	11.2	2.4	лишайник-жёлтый-на-камне	0.625	73.3	0.0	13.0	13.0	bbox	3159	99.1	99.1	99.1	1068,401,5,10	97.8	39.4830214	73.5859761	4674.5
3161	3161	1.751	рюкзак-синий	13.9	5.1	порода-в-тени	0.876	43.9	-4.0	-1.0	4.1	bbox	3160	274.3	274.3	274.3	1050,1009,7,4	97.7	39.4828626	73.5863211	4674.5
3162	3162	1.508	стакан-марка-красная	12.0	2.7	порода-в-тени	0.968	47.1	-1.0	0.0	1.0	bbox	3161	255.3	254.3	257.3	1583,662,8,4	97.4	39.4829249	73.5861772	4674.5
3163	3163	1.200	рюкзак-синий	9.2	9.4	снег-в-тени	0.844	29.4	3.0	-5.0	5.8	bbox	3162	260.3	260.3	260.3	221,1057,12,4	97.1	39.4828927	73.5862489	4674.5
3164	3164	1.812	палка-ручка-пробка	14.3	7.9	лишайник-жёлтый-на-камне	0.956	67.8	-1.0	10.0	10.0	bbox	3163	52.1	52.1	52.1	647,773,8,4	96.9	39.4830257	73.5859852	4674.5
3165	3165	1.954	стакан-марка-красная	14.3	22.0	снег-розовый	0.827	71.8	-2.0	7.0	7.3	bbox	3164	96.1	96.1	96.1	116,921,7,8	96.9	39.4830223	73.5859759	4674.5
3166	3166	1.002	рюкзак-синий	8.0	1.6	снег-в-тени	0.385	40.4	1.0	-6.0	6.1	bbox	3165	315.4	315.4	315.4	1716,49,5,8	96.9	39.4828677	73.5863178	4663.6
3167	3167	2.143	стакан-марка-красная	11.2	45.5	снег-освещённый	0.547	95.3	0.0	-1.0	1.0	bbox	3166	73.1	73.1	73.1	659,697,6,5	96.7	39.4830257	73.5859792	4674.5
3168	3168	0.802	палка-ручка-пробка	6.3	3.7	лишайник-жёлтый-на-камне	0.262	72.0	3.0	17.0	17.3	bbox	3167	103.1	103.1	103.1	793,855,8,8	96.7	39.4829786	73.5860749	4674.4
3169	3169	1.657	рюкзак-синий	6.8	39.8	снег-пересвеченный	0.800	78.6	-1.0	-7.5	7.6	bbox	3168	48.1	48.1	48.1	415,0,6,6	96.3	39.4830263	73.5859844	4674.4
3170	3170	1.505	стакан-марка-красная	12.0	0.0	снег-в-тени	1.010	49.8	-1.0	0.0	1.0	bbox	3169	252.3	252.3	252.3	867,588,6,5	95.9	39.4829248	73.5861773	4674.5
3171	3171	2.196	рюкзак-синий	8.7	53.4	снег-пересвеченный	0.491	92.2	-1.0	-5.5	5.6	bbox	3170	280.3	280.3	280.3	1895,537,2,19	95.8	39.4828632	73.5863205	4674.4
3172	3172	2.152	палка-древко-контроль	14.0	34.9	снег-пересвеченный	0.677	76.5	-7.0	-1.0	7.1	bbox	3171	147.2	147.2	147.2	1233,995,8,6	95.7	39.4829346	73.5861785	4674.4
3173	3173	1.437	рюкзак-синий	7.1	31.7	порода-в-тени	1.020	7.1	2.0	-7.0	7.3	bbox	3172	167.2	167.2	167.2	223,405,8,6	95.7	39.4829307	73.5861791	4674.5
3174	3174	1.732	стакан-марка-красная	11.2	28.6	порода-в-тени	0.252	21.2	0.0	-1.0	1.0	bbox	3173	395.4	395.4	395.4	72,90,9,7	95.6	39.4828751	73.5863186	4663.6
3175	3175	1.080	рюкзак-синий	8.2	9.0	снег-в-тени	0.785	29.8	3.0	-6.0	6.7	bbox	3174	69.1	69.1	69.1	0,977,7,4	95.5	39.4830259	73.5859815	4674.5
3176	3176	1.056	рюкзак-синий	8.2	7.1	снег-в-тени	0.756	45.9	6.0	-7.5	9.6	bbox	3175	259.3	259.3	259.3	1839,819,6,8	95.5	39.4829023	73.5862270	4674.5
3177	3177	1.185	палка-ручка-пробка	7.8	18.8	лишайник-жёлтый-на-камне	1.066	94.5	0.0	17.0	17.0	bbox	3176	327.4	327.4	327.4	1505,259,4,10	95.5	39.4828676	73.5863155	4663.6
3178	3178	1.424	стакан-марка-красная	4.5	36.7	порода-в-тени	1.155	13.1	7.0	-1.0	7.1	bbox	3177	399.5	399.5	399.5	689,315,8,6	95.3	39.4828747	73.5863196	4663.6
3179	3179	0.501	рюкзак-синий	4.0	0.8	снег-в-тени	0.447	38.0	1.0	-10.0	10.0	bbox	3178	423.5	423.5	423.5	679,1021,10,4	95.3	39.4828740	73.5863158	4663.6
3180	3180	1.630	стакан-марка-красная	13.0	1.2	снег-в-тени	1.037	51.0	-2.0	0.0	2.0	bbox	3179	237.3	237.3	237.3	1329,709,8,4	95.1	39.4829264	73.5861782	4674.5
3181	3181	0.889	рюкзак-синий	7.1	2.7	снег-в-тени	0.437	36.1	0.0	-7.0	7.0	bbox	3180	43.0	43.0	43.0	611,977,4,8	94.9	39.4831079	73.5857972	4674.4
3182	3182	1.164	рюкзак-синий	6.1	24.7	порода-в-тени	1.032	14.1	2.0	-8.0	8.2	bbox	3181	48.1	48.1	49.1	1369,177,4,8	94.9	39.4830263	73.5859844	4674.4
3183	3183	1.450	стакан-марка-красная	11.2	10.8	порода-в-тени	0.710	39.0	0.0	-1.0	1.0	bbox	3182	210.2	210.2	210.2	937,637,8,4	94.9	39.4829277	73.5861765	4674.5
3184	3184	0.485	рюкзак-синий	2.5	10.4	снег-в-тени	0.828	28.4	1.0	-11.5	11.5	bbox	3183	141.2	141.2	143.2	1449,633,10,5	94.7	39.4829341	73.5861782	4674.5
3185	3185	1.626	рюкзак-синий	13.0	1.2	порода-в-тени	0.676	37.6	-4.0	-2.0	4.5	bbox	3184	199.2	199.2	201.2	1199,50,7,4	94.6	39.4829296	73.5861793	4674.5
3186	3186	0.908	рюкзак-синий	6.7	9.6	снег-в-тени	0.964	29.2	5.5	-9.0	10.5	bbox	3185	259.3	259.3	259.3	1623,95,6,8	94.6	39.4829023	73.5862270	4674.5
3187	3187	0.408	стакан-марка-красная	3.0	4.1	снег-розовый	1.377	45.7	8.0	0.5	8.0	bbox	3186	371.4	371.4	371.4	955,865,6,8	94.5	39.4828755	73.5863192	4663.5
3188	3188	1.979	стакан-марка-красная	14.8	20.0	снег-розовый	0.943	69.8	-2.0	8.0	8.2	bbox	3187	113.1	113.1	113.1	121,1073,4,7	94.4	39.4829334	73.5861797	4674.5
3189	3189	2.052	стакан-марка-красная	13.0	35.1	снег-пересвеченный	0.445	84.9	-1.0	-4.0	4.1	bbox	3188	280.3	280.3	280.3	849,491,5,6	94.3	39.4828632	73.5863205	4674.4
3190	3190	1.047	стакан-марка-красная	4.0	25.7	порода-охристая	1.205	24.1	7.5	3.0	8.1	bbox	3189	294.3	291.3	294.3	1281,657,8,6	94.2	39.4828644	73.5863198	4667.5
3191	3191	0.891	стакан-марка-красная	3.2	22.4	снег-розовый	0.814	72.2	8.0	0.0	8.0	bbox	3190	400.5	400.5	400.5	1339,957,4,10	94.1	39.4828750	73.5863202	4663.6
3192	3192	1.893	рюкзак-синий	13.3	25.1	порода-в-тени	0.238	13.7	-2.0	-1.0	2.2	bbox	3191	309.4	309.4	309.4	1381,3,8,5	93.8	39.4828677	73.5863205	4663.6
3193	3193	1.544	стакан-марка-красная	12.2	6.7	корка-жёлтая-на-скале	0.937	56.5	1.0	8.0	8.1	bbox	3192	43.0	43.0	43.0	719,573,7,5	93.3	39.4831079	73.5857972	4674.4
3194	3194	1.132	рюкзак-синий	7.1	19.8	порода-в-тени	0.792	19.0	0.0	-7.0	7.0	bbox	3193	245.3	241.3	245.3	809,945,4,8	93.2	39.4829256	73.5861777	4674.5
3195	3195	1.278	рюкзак-синий	7.1	25.9	порода-в-тени	0.834	12.9	0.0	-7.0	7.0	bbox	3194	166.2	166.2	167.2	773,17,8,8	93.1	39.4829311	73.5861793	4674.5
3196	3196	1.387	рюкзак-синий	9.0	22.7	порода-в-тени	0.644	16.1	1.0	-5.0	5.1	bbox	3195	294.3	294.3	294.3	1866,947,7,8	92.7	39.4828644	73.5863198	4667.5
3197	3197	1.326	стакан-марка-красная	7.8	25.3	снег-розовый	1.197	75.1	9.0	8.5	12.4	bbox	3196	327.4	327.4	327.4	1045,377,4,8	92.5	39.4828676	73.5863155	4663.6
3198	3198	0.651	стакан-марка-красная	5.0	5.1	порода-охристая	1.033	44.7	7.0	4.0	8.1	bbox	3197	480.5	480.5	480.5	1522,51,13,6	92.3	39.4828724	73.5863121	4663.6
3199	3199	1.870	стакан-марка-красная	14.4	13.9	корка-жёлтая-на-скале	0.871	35.9	-1.0	9.0	9.1	bbox	3198	79.1	79.1	79.1	1841,723,10,6	92.2	39.4830247	73.5859794	4674.5
3200	3200	0.907	рюкзак-синий	6.0	14.3	снег-в-тени	0.841	24.5	1.0	-8.0	8.1	bbox	3199	158.2	157.2	158.2	49,889,8,4	92.1	39.4829329	73.5861793	4674.5
3201	3201	0.892	стакан-марка-красная	2.8	22.9	порода-в-тени	1.394	26.9	9.0	-1.0	9.1	bbox	3200	367.4	367.4	368.4	665,603,4,6	92.1	39.4828739	73.5863180	4663.6
3202	3202	1.257	рюкзак-синий	7.2	24.7	снег-в-тени	0.579	63.5	-0.5	-7.0	7.0	bbox	3201	42.0	42.0	42.0	515,789,6,4	91.9	39.4831307	73.5857450	4674.4
3203	3203	0.870	рюкзак-синий	3.4	21.3	снег-в-тени	1.320	17.5	4.0	-12.5	13.1	bbox	3202	44.1	44.1	44.1	1753,807,4,6	91.7	39.4830864	73.5858464	4674.4
3204	3204	1.808	рюкзак-синий	13.6	17.2	порода-в-тени	0.132	21.6	-3.0	-1.0	3.2	bbox	3203	375.4	375.4	375.4	1601,298,5,9	91.7	39.4828764	73.5863197	4663.6
3205	3205	1.902	стакан-марка-красная	14.3	18.0	порода-в-тени	0.756	31.8	-3.0	4.0	5.0	bbox	3204	42.0	42.0	45.1	1253,157,11,5	91.5	39.4831307	73.5857450	4674.4
3206	3206	0.294	стакан-марка-красная	2.2	2.5	снег-розовый	1.415	47.3	9.0	0.0	9.0	bbox	3205	372.4	372.4	372.4	1345,1067,8,6	91.5	39.4828758	73.5863191	4663.6
3207	3207	1.572	стакан-марка-красная	11.7	16.1	снег-освещённый	0.663	65.9	0.0	-3.0	3.0	bbox	3206	145.2	145.2	145.2	1807,508,6,13	91.4	39.4829347	73.5861790	4674.4
3208	3208	1.219	рюкзак-синий	7.1	23.5	порода-в-тени	0.920	15.3	2.0	-7.0	7.3	bbox	3207	35.0	33.0	37.0	1313,417,6,6	91.2	39.4832920	73.5853743	4674.5
3209	3209	1.472	стакан-марка-красная	11.0	14.7	снег-розовый	0.545	64.5	0.0	1.0	1.0	bbox	3208	132.2	132.2	132.2	1282,692,9,4	91.2	39.4829334	73.5861797	4674.5
3210	3210	2.268	стакан-марка-красная	13.2	43.7	снег-пересвеченный	0.369	93.5	-2.0	-1.0	2.2	bbox	3209	279.3	279.3	279.3	969,133,12,8	91.2	39.4828629	73.5863205	4674.4
3211	3211	0.686	стакан-марка-красная	3.0	16.1	порода-охристая	1.316	33.7	8.0	1.0	8.1	bbox	3210	369.4	369.4	369.4	577,609,6,6	91.1	39.4828747	73.5863189	4663.5
3212	3212	1.419	стакан-марка-красная	5.0	35.7	порода-в-тени	1.294	14.1	8.0	-3.0	8.5	bbox	3211	363.4	363.4	363.4	787,731,7,4	90.5	39.4828723	73.5863154	4663.6
3213	3213	0.746	рюкзак-синий	5.9	4.1	снег-в-тени	0.418	42.9	3.0	-8.5	9.0	bbox	3212	32.0	32.0	32.0	1149,15,6,6	90.2	39.4833094	73.5853331	4674.5
3214	3214	2.221	стакан-марка-красная	16.3	24.9	снег-освещённый	0.740	74.7	-5.0	4.0	6.4	bbox	3213	279.3	279.3	279.3	347,313,4,8	90.2	39.4828629	73.5863205	4674.4
3215	3215	1.593	стакан-марка-красная	2.2	43.9	порода-охристая	1.538	5.9	10.0	3.0	10.4	bbox	3214	327.4	327.4	327.4	841,783,7,5	90.2	39.4828676	73.5863155	4663.6
3216	3216	1.386	стакан-марка-красная	10.8	9.2	порода-охристая	0.506	40.6	15.0	11.0	18.6	bbox	3215	408.5	408.5	408.5	696,341,3,10	90.2	39.4828744	73.5863189	4663.6
3217	3217	1.523	стакан-марка-красная	11.7	12.3	порода-охристая	0.751	37.5	5.0	11.0	12.1	bbox	3216	95.1	95.1	95.1	681,821,8,6	89.9	39.4830225	73.5859764	4674.4
3218	3218	1.939	стакан-марка-красная	13.0	29.6	снег-розовый	0.628	79.4	-1.0	6.0	6.1	bbox	3217	406.5	406.5	406.5	1555,1063,10,8	89.9	39.4828745	73.5863195	4663.6
3219	3219	1.877	палка-древко-контроль	13.5	22.7	снег-пересвеченный	1.143	64.3	-9.0	-1.5	9.1	bbox	3218	266.3	266.3	267.3	1715,85,6,4	89.8	39.4828609	73.5863217	4674.5
3220	3220	0.882	рюкзак-синий	7.0	3.1	снег-в-тени	0.467	35.7	1.0	-7.0	7.1	bbox	3219	161.2	161.2	163.2	657,123,8,4	89.6	39.4829323	73.5861795	4674.4
3221	3221	2.213	стакан-марка-красная	11.2	48.0	снег-пересвеченный	0.616	97.8	0.0	-1.0	1.0	bbox	3220	73.1	73.1	73.1	1894,163,3,10	89.3	39.4830257	73.5859792	4674.5
3222	3222	1.762	стакан-марка-красная	13.9	8.4	корка-жёлтая-на-скале	0.959	58.2	-1.0	8.0	8.1	bbox	3221	113.1	113.1	113.1	1315,459,11,4	89.3	39.4829334	73.5861797	4674.5
3223	3223	1.515	стакан-марка-красная	10.7	20.0	снег-освещённый	0.453	69.8	0.5	-1.0	1.1	bbox	3222	286.3	286.3	286.3	765,564,6,5	89.3	39.4828641	73.5863197	4674.4
3224	3224	1.428	стакан-марка-красная	2.2	39.2	порода-в-тени	1.424	10.6	9.0	0.0	9.0	bbox	3223	375.4	375.4	375.4	754,602,10,5	89.3	39.4828764	73.5863197	4663.6
3225	3225	1.829	палка-древко-контроль	14.1	13.1	снег-освещённый	1.129	54.7	-6.0	-1.0	6.1	bbox	3224	271.3	271.3	271.3	1729,561,5,8	88.5	39.4828614	73.5863209	4674.4
3226	3226	2.063	палка-древко-контроль	16.0	13.8	порода-в-тени	0.948	27.8	-9.0	1.0	9.1	bbox	3225	140.2	140.2	140.2	1889,1043,4,6	88.0	39.4829342	73.5861781	4674.5
3227	3227	1.654	стакан-марка-красная	13.0	7.8	корка-жёлтая-на-скале	0.943	57.6	0.0	8.0	8.0	bbox	3226	292.3	292.3	292.3	1338,257,5,6	88.0	39.4828641	73.5863205	4669.7
3228	3228	0.954	рюкзак-синий	6.0	16.5	снег-в-тени	0.295	55.3	1.0	-8.0	8.1	bbox	3227	47.1	46.1	47.1	23,529,6,4	87.5	39.4830298	73.5859757	4674.5
3229	3229	1.354	рюкзак-синий	8.1	25.3	снег-в-тени	0.682	64.1	2.0	-6.0	6.3	bbox	3228	49.1	49.1	49.1	1657,105,11,6	87.4	39.4830256	73.5859862	4674.4
3230	3230	0.782	стакан-марка-красная	4.1	16.5	порода-охристая	1.244	33.3	7.0	2.0	7.3	bbox	3229	58.1	58.1	58.1	562,1043,5,14	87.4	39.4830259	73.5859846	4674.5
3231	3231	1.096	рюкзак-синий	5.8	22.9	снег-в-тени	1.251	15.9	4.0	-9.0	9.8	bbox	3230	44.1	44.1	44.1	1429,506,4,6	87.1	39.4830864	73.5858464	4674.4
3232	3232	1.531	палка-ручка-пробка	12.0	7.8	лишайник-жёлтый-на-камне	1.020	83.5	-4.0	15.0	15.5	bbox	3231	316.4	316.4	321.4	1361,9,8,4	86.9	39.4828677	73.5863171	4663.6
3233	3233	2.400	палка-древко-контроль	13.8	46.6	снег-пересвеченный	0.241	88.2	-5.0	-1.5	5.2	bbox	3232	149.2	148.2	149.2	1864,653,9,4	86.8	39.4829342	73.5861785	4674.5
3234	3234	2.069	стакан-марка-красная	13.0	35.7	порода-в-тени	1.174	14.1	0.0	8.0	8.0	bbox	3233	324.4	324.4	326.4	1643,952,6,7	86.6	39.4828685	73.5863153	4663.6
3235	3235	1.222	рюкзак-синий	9.5	8.3	снег-в-тени	0.451	47.1	-2.0	-5.0	5.4	bbox	3234	280.3	279.3	280.3	358,701,3,12	86.4	39.4828632	73.5863205	4674.4
3236	3236	2.079	стакан-марка-красная	11.0	43.5	снег-освещённый	0.465	93.3	0.0	0.0	0.0	bbox	3235	35.0	35.0	35.0	851,73,5,8	86.3	39.4832920	73.5853743	4674.5
3237	3237	1.251	стакан-марка-красная	9.9	5.1	порода-охристая	0.978	44.7	4.0	8.0	8.9	bbox	3236	70.1	70.1	70.1	731,853,6,4	86.3	39.4830253	73.5859809	4674.5
3238	3238	1.062	рюкзак-синий	6.1	20.8	порода-в-тени	1.011	18.0	2.0	-8.0	8.2	bbox	3237	145.2	145.2	145.2	1482,44,7,5	86.2	39.4829347	73.5861790	4674.4
3239	3239	1.066	стакан-марка-красная	5.1	23.9	порода-в-тени	1.086	25.9	6.0	2.0	6.3	bbox	3238	31.0	31.0	31.0	73,973,4,8	86.1	39.4833092	73.5853334	4674.5
3240	3240	1.282	стакан-марка-красная	3.4	33.9	порода-в-тени	1.262	15.9	8.0	-0.5	8.0	bbox	3239	392.4	392.4	392.4	27,157,6,6	86.1	39.4828759	73.5863184	4663.6
3241	3241	2.135	стакан-марка-красная	16.0	20.6	снег-освещённый	0.623	70.4	-5.0	0.0	5.0	bbox	3240	162.2	162.2	162.2	1583,744,8,8	86.0	39.4829321	73.5861798	4674.5
3242	3242	1.299	рюкзак-синий	7.1	26.6	порода-в-тени	0.948	12.2	2.0	-7.0	7.3	bbox	3241	156.2	156.2	156.2	59,95,6,6	85.9	39.4829331	73.5861790	4674.5
3243	3243	1.851	стакан-марка-красная	14.8	4.1	корка-жёлтая-на-скале	0.913	45.7	-2.0	8.0	8.2	bbox	3242	392.4	392.4	392.4	1170,75,7,4	85.5	39.4828759	73.5863184	4663.6
3244	3244	2.080	рюкзак-синий	13.2	35.3	порода-в-тени	0.606	3.5	-1.5	-1.0	1.8	bbox	3243	59.1	59.1	63.1	10,289,7,6	85.2	39.4830257	73.5859847	4674.5
3245	3245	1.881	стакан-марка-красная	15.0	2.5	порода-в-тени	0.999	47.3	-4.0	0.0	4.0	bbox	3244	243.3	243.3	243.3	1228,1057,7,4	85.0	39.4829254	73.5861773	4674.5
3246	3246	1.869	рюкзак-синий	13.9	19.0	порода-в-тени	0.251	19.8	-4.0	-1.0	4.1	bbox	3245	373.4	373.4	373.4	1101,113,8,6	85.0	39.4828760	73.5863192	4663.6
3247	3247	2.062	палка-ручка-пробка	16.1	12.2	корка-жёлтая-на-скале	1.009	63.5	-3.0	9.0	9.5	bbox	3246	48.1	44.1	48.1	920,762,5,7	84.8	39.4830263	73.5859844	4674.4
3248	3248	1.454	стакан-марка-красная	11.0	12.7	порода-в-тени	0.657	37.1	0.0	0.0	0.0	bbox	3247	166.2	166.2	166.2	1214,899,6,6	84.8	39.4829311	73.5861793	4674.5
3249	3249	1.206	стакан-марка-красная	8.5	15.7	снег-розовый	0.515	65.5	3.0	4.0	5.0	bbox	3248	96.1	96.1	96.1	937,505,6,6	84.7	39.4830223	73.5859759	4674.5
3250	3250	2.205	стакан-марка-красная	12.0	45.1	снег-освещённый	0.504	94.9	-1.0	0.0	1.0	bbox	3249	111.1	111.1	111.1	68,1039,13,2	84.6	39.4829333	73.5861799	4674.5
3251	3251	1.591	рюкзак-синий	10.4	25.5	порода-в-тени	0.876	13.3	4.0	-4.0	5.7	bbox	3250	257.3	257.3	257.3	885,1039,12,6	84.6	39.4829191	73.5861889	4674.4
3252	3252	1.803	стакан-марка-красная	14.3	6.1	корка-жёлтая-на-скале	1.041	43.7	-2.0	7.0	7.3	bbox	3251	94.1	94.1	94.1	276,967,8,6	84.4	39.4830224	73.5859771	4674.5
3253	3253	1.949	стакан-марка-красная	14.3	21.6	снег-розовый	0.831	71.4	-2.0	7.0	7.3	bbox	3252	399.5	399.5	399.5	395,865,4,6	84.2	39.4828747	73.5863196	4663.6
3254	3254	1.935	стакан-марка-красная	12.2	33.3	порода-в-тени	1.194	16.5	1.0	8.0	8.1	bbox	3253	483.5	483.5	483.5	844,129,5,6	84.1	39.4828716	73.5863117	4663.6
3255	3255	0.873	рюкзак-синий	7.0	1.8	снег-в-тени	0.325	40.6	-1.5	-7.5	7.6	bbox	3254	50.1	50.1	50.1	486,859,7,4	83.7	39.4830257	73.5859860	4674.4
3256	3256	1.857	стакан-марка-красная	14.1	15.9	снег-освещённый	0.608	65.7	-3.0	-1.0	3.2	bbox	3255	257.3	257.3	257.3	838,805,3,10	83.7	39.4829191	73.5861889	4674.4
3257	3257	1.038	рюкзак-синий	6.3	18.8	снег-в-тени	0.373	57.6	-1.0	-8.0	8.1	bbox	3256	247.3	247.3	247.3	1808,0,9,3	83.2	39.4829254	73.5861774	4674.5
3258	3258	2.484	палка-древко-контроль	13.2	52.1	снег-пересвеченный	0.301	93.7	-6.0	-2.0	6.3	bbox	3257	158.2	158.2	159.2	99,956,11,6	83.1	39.4829329	73.5861793	4674.5
3259	3259	1.669	стакан-марка-красная	12.0	20.2	порода-в-тени	0.373	29.6	-1.0	0.0	1.0	bbox	3258	273.3	270.3	273.3	1092,1054,10,3	82.9	39.4828625	73.5863212	4674.5
3260	3260	1.524	стакан-марка-красная	11.0	18.4	порода-в-тени	0.528	31.4	0.0	1.0	1.0	bbox	3259	279.3	279.3	279.3	1273,681,8,4	82.8	39.4828629	73.5863205	4674.4
3261	3261	1.276	стакан-марка-красная	6.3	28.0	порода-в-тени	1.009	21.8	5.0	3.0	5.8	bbox	3260	483.5	483.5	483.5	117,473,4,8	82.8	39.4828716	73.5863117	4663.6
3262	3262	1.262	рюкзак-синий	7.2	24.7	снег-в-тени	0.840	63.5	5.0	-8.0	9.4	bbox	3261	38.0	38.0	38.0	205,989,5,6	82.4	39.4832323	73.5855119	4674.5
3263	3263	1.185	рюкзак-синий	7.6	20.0	порода-в-тени	0.852	18.8	2.0	-6.5	6.8	bbox	3262	167.2	167.2	167.2	281,240,8,5	82.2	39.4829307	73.5861791	4674.5
3264	3264	1.969	палка-ручка-пробка	15.7	6.3	снег-розовый	1.049	69.4	-2.0	9.0	9.2	bbox	3263	52.1	52.1	52.1	595,735,5,5	82.1	39.4830257	73.5859852	4674.5
3265	3265	1.197	стакан-марка-красная	6.1	25.9	порода-охристая	0.730	23.9	10.0	7.0	12.2	bbox	3264	326.4	326.4	326.4	953,689,8,8	81.8	39.4828682	73.5863157	4663.6
3266	3266	2.075	рюкзак-синий	14.3	29.4	порода-в-тени	0.412	9.4	-2.0	0.0	2.0	bbox	3265	294.3	294.3	294.3	1570,465,5,5	81.5	39.4828644	73.5863198	4667.5
3267	3267	0.902	рюкзак-синий	5.8	14.9	снег-в-тени	1.196	23.9	6.0	-11.0	12.5	bbox	3266	45.1	43.0	45.1	1245,45,6,4	81.4	39.4830654	73.5858939	4674.4
3268	3268	1.958	стакан-марка-красная	15.1	14.1	снег-освещённый	0.721	63.9	-4.0	-1.0	4.1	bbox	3267	204.2	204.2	204.2	1073,725,8,4	81.2	39.4829291	73.5861787	4674.5
3269	3269	0.899	стакан-марка-красная	2.8	23.1	порода-в-тени	1.393	26.7	9.0	-1.0	9.1	bbox	3268	406.5	406.5	406.5	1260,643,5,9	81.2	39.4828745	73.5863195	4663.6
3270	3270	2.012	стакан-марка-красная	11.1	40.8	снег-освещённый	0.376	90.6	0.0	-0.5	0.5	bbox	3269	49.1	49.1	49.1	507,801,6,6	81.0	39.4830256	73.5859862	4674.4
3271	3271	1.148	рюкзак-синий	6.1	24.1	порода-в-тени	1.028	14.7	2.0	-8.0	8.2	bbox	3270	279.3	279.3	279.3	173,762,4,7	80.9	39.4828629	73.5863205	4674.4
3272	3272	0.574	рюкзак-синий	4.5	3.2	снег-в-тени	0.307	42.0	1.0	-9.5	9.6	bbox	3271	309.4	309.4	309.4	1701,151,6,4	80.9	39.4828677	73.5863205	4663.6
3273	3273	1.741	палка-ручка-пробка	13.0	17.5	корка-жёлтая-на-скале	0.624	58.2	0.0	11.0	11.0	bbox	3272	102.1	102.1	102.1	1470,696,9,8	80.7	39.4829976	73.5860313	4674.4
3274	3274	1.460	стакан-марка-красная	11.4	8.8	порода-в-тени	0.786	41.0	0.0	-2.0	2.0	bbox	3273	168.2	168.2	169.2	1679,1073,4,7	80.6	39.4829306	73.5861791	4674.5
3275	3275	1.801	стакан-марка-красная	14.0	11.4	порода-в-тени	0.668	38.4	-3.0	0.0	3.0	bbox	3274	244.3	243.3	244.3	1534,580,9,4	80.6	39.4829255	73.5861775	4674.5
3276	3276	2.028	стакан-марка-красная	14.8	23.5	порода-в-тени	1.144	26.3	-2.0	8.0	8.2	bbox	3275	382.4	382.4	382.4	1831,174,10,6	80.3	39.4828780	73.5863210	4663.5
3277	3277	1.850	палка-ручка-пробка	13.9	17.9	корка-жёлтая-на-скале	0.664	57.8	-2.0	11.0	11.2	bbox	3276	33.0	30.0	33.0	910,613,11,4	80.1	39.4833084	73.5853354	4674.5
3278	3278	0.571	стакан-марка-красная	4.1	6.9	снег-розовый	0.974	56.7	7.0	2.0	7.3	bbox	3277	56.1	56.1	56.1	787,1001,10,6	79.8	39.4830260	73.5859843	4674.4
3279	3279	1.450	стакан-марка-красная	11.2	10.8	порода-в-тени	0.710	39.0	0.0	-1.0	1.0	bbox	3278	252.3	252.3	252.3	832,447,5,6	79.7	39.4829248	73.5861773	4674.5
3280	3280	0.326	стакан-марка-красная	2.2	4.7	снег-розовый	1.228	54.5	9.0	0.0	9.0	bbox	3279	320.4	320.4	320.4	519,243,7,9	79.7	39.4828680	73.5863154	4663.6
3281	3281	1.459	рюкзак-синий	11.4	8.8	порода-в-тени	0.424	30.0	-2.0	-3.0	3.6	bbox	3280	191.2	191.2	196.2	1853,195,6,5	79.6	39.4829286	73.5861787	4674.5
3282	3282	0.792	рюкзак-синий	6.3	1.4	снег-в-тени	0.299	40.2	-1.0	-8.0	8.1	bbox	3281	280.3	279.3	280.3	649,57,6,4	79.6	39.4828632	73.5863205	4674.4
3283	3283	0.755	рюкзак-синий	5.1	11.3	снег-в-тени	0.737	27.5	0.0	-9.0	9.0	bbox	3282	35.0	35.0	35.0	1232,285,5,5	79.5	39.4832920	73.5853743	4674.5
3284	3284	1.610	стакан-марка-красная	11.6	19.6	порода-в-тени	0.402	30.2	-0.5	-0.5	0.7	bbox	3283	274.3	274.3	274.3	1157,1005,5,4	79.3	39.4828626	73.5863211	4674.5
3285	3285	1.720	стакан-марка-красная	13.6	7.3	корка-жёлтая-на-скале	0.820	57.1	0.0	9.0	9.0	bbox	3284	38.0	38.0	38.0	1391,982,6,4	79.2	39.4832323	73.5855119	4674.5
3286	3286	1.481	рюкзак-синий	10.0	21.9	порода-в-тени	0.468	16.9	0.0	-4.0	4.0	bbox	3285	279.3	279.3	279.3	1000,331,11,12	79.2	39.4828629	73.5863205	4674.4
3287	3287	1.511	стакан-марка-красная	11.5	12.5	порода-в-тени	0.643	37.3	-0.5	0.0	0.5	bbox	3286	243.3	243.3	243.3	1461,471,4,5	78.7	39.4829254	73.5861773	4674.5
3288	3288	0.865	рюкзак-синий	5.6	14.3	снег-в-тени	0.871	24.5	2.0	-8.5	8.7	bbox	3287	315.4	315.4	315.4	1767,269,4,8	78.5	39.4828677	73.5863178	4663.6
3289	3289	1.426	палка-ручка-пробка	11.4	1.2	лишайник-жёлтый-на-камне	0.745	76.9	-2.0	14.0	14.1	bbox	3288	58.1	58.1	64.1	983,443,4,6	78.3	39.4830259	73.5859846	4674.5
3290	3290	1.917	стакан-марка-красная	15.3	5.3	корка-жёлтая-на-скале	0.799	44.5	-2.0	9.0	9.2	bbox	3289	140.2	140.2	140.2	1727,1050,6,4	78.1	39.4829342	73.5861781	4674.5
3291	3291	2.417	палка-ручка-пробка	18.8	15.9	снег-освещённый	0.974	91.6	-4.0	6.5	7.6	bbox	3290	483.5	483.5	483.5	39,419,6,4	78.0	39.4828716	73.5863117	4663.6
3292	3292	1.022	рюкзак-синий	6.3	18.4	снег-в-тени	1.101	20.4	4.0	-8.5	9.4	bbox	3291	41.0	41.0	42.0	1635,729,4,8	77.9	39.4831551	73.5856889	4674.4
3293	3293	1.116	стакан-марка-красная	5.0	25.9	снег-розовый	0.841	75.7	8.0	5.0	9.4	bbox	3292	367.4	367.4	367.4	1458,795,7,5	77.7	39.4828739	73.5863180	4663.6
3294	3294	1.139	рюкзак-синий	6.0	23.9	снег-в-тени	0.537	62.7	0.5	-8.0	8.0	bbox	3293	294.3	294.3	294.3	117,467,5,4	77.0	39.4828644	73.5863198	4667.5
3295	3295	1.821	рюкзак-синий	13.1	22.1	порода-в-тени	0.193	16.7	-3.0	-1.5	3.4	bbox	3294	391.4	391.4	391.4	841,27,6,4	76.8	39.4828761	73.5863183	4663.6
3296	3296	1.160	палка-ручка-пробка	8.1	16.1	лишайник-жёлтый-на-камне	0.275	59.6	1.0	16.0	16.0	bbox	3295	482.5	481.5	482.5	1521,532,8,5	76.8	39.4828722	73.5863119	4663.6
3297	3297	0.700	рюкзак-синий	4.5	11.8	снег-в-тени	0.807	50.6	5.0	-12.0	13.0	bbox	3296	47.1	47.1	47.1	1365,11,4,6	76.3	39.4830298	73.5859757	4674.5
3298	3298	1.997	рюкзак-синий	8.1	48.3	снег-пересвеченный	0.638	87.1	0.0	-6.0	6.0	bbox	3297	132.2	132.2	132.2	633,1021,7,4	76.2	39.4829334	73.5861797	4674.5
3299	3299	1.727	палка-древко-контроль	13.5	9.6	порода-в-тени	0.970	32.0	-9.0	-1.5	9.1	bbox	3298	238.3	238.3	238.3	1417,1035,4,5	75.9	39.4829264	73.5861780	4674.5
3300	3300	1.383	стакан-марка-красная	11.0	2.2	снег-розовый	0.982	52.0	0.0	0.0	0.0	bbox	3299	143.2	142.2	143.2	1899,539,4,6	75.8	39.4829343	73.5861785	4674.5
3301	3301	1.921	стакан-марка-красная	14.5	17.4	корка-жёлтая-на-скале	1.116	32.4	-2.0	7.5	7.8	bbox	3300	148.2	148.2	148.2	47,277,6,4	75.8	39.4829345	73.5861783	4674.5
3302	3302	2.022	стакан-марка-красная	16.2	2.9	корка-жёлтая-на-скале	1.119	46.9	-4.0	7.0	8.1	bbox	3301	159.2	159.2	166.2	497,205,6,6	75.8	39.4829329	73.5861793	4674.5
3303	3303	1.426	рюкзак-синий	8.1	28.2	порода-в-тени	1.076	10.6	4.0	-6.5	7.6	bbox	3302	173.2	173.2	174.2	139,45,2,10	75.8	39.4829299	73.5861777	4674.5
3304	3304	1.348	стакан-марка-красная	8.6	22.7	порода-в-тени	0.872	27.1	4.0	-4.0	5.7	bbox	3303	1.0	1.0	1.0	301,700,9,5	75.7	39.4832968	73.5853336	4674.5
3305	3305	1.175	стакан-марка-красная	5.7	26.3	снег-розовый	0.731	76.1	7.0	5.0	8.6	bbox	3304	479.5	479.5	479.5	1100,601,5,5	75.7	39.4828724	73.5863121	4663.6
3306	3306	1.859	рюкзак-синий	12.0	30.6	порода-в-тени	0.517	8.2	0.0	-2.0	2.0	bbox	3305	315.4	315.4	315.4	601,65,5,5	75.5	39.4828677	73.5863178	4663.6
3307	3307	1.154	стакан-марка-красная	6.3	23.5	снег-розовый	0.552	73.3	5.0	-1.0	5.1	bbox	3306	374.4	374.4	374.4	726,657,5,4	75.5	39.4828759	73.5863191	4663.6
3308	3308	1.547	палка-ручка-пробка	12.0	10.6	лишайник-жёлтый-на-камне	1.120	86.3	5.0	11.0	12.1	bbox	3307	320.4	320.4	320.4	1033,27,6,4	75.1	39.4828680	73.5863154	4663.6
3309	3309	1.754	стакан-марка-красная	11.3	29.2	снег-освещённый	0.234	79.0	0.0	-1.5	1.5	bbox	3308	102.1	102.1	102.1	71,307,8,4	75.0	39.4829976	73.5860313	4674.4
3310	3310	2.016	стакан-марка-красная	14.8	22.7	порода-в-тени	1.150	27.1	-2.0	8.0	8.2	bbox	3309	291.3	291.3	291.3	1404,404,3,8	75.0	39.4828640	73.5863207	4670.9
3311	3311	1.856	рюкзак-синий	13.9	18.0	порода-в-тени	0.250	20.8	-4.0	-1.0	4.1	bbox	3310	375.4	374.4	375.4	1142,73,7,4	75.0	39.4828764	73.5863197	4663.6
3312	3312	0.777	стакан-марка-красная	6.1	4.5	снег-розовый	1.213	45.3	5.0	2.0	5.4	bbox	3311	364.4	364.4	364.4	475,555,4,6	74.9	39.4828728	73.5863161	4663.6
3313	3313	0.987	стакан-марка-красная	5.0	21.4	снег-розовый	0.869	71.2	8.0	5.0	9.4	bbox	3312	320.4	320.4	320.4	493,306,6,6	74.8	39.4828680	73.5863154	4663.6
3314	3314	1.111	рюкзак-синий	7.5	16.7	снег-в-тени	0.355	55.5	1.0	-6.5	6.6	bbox	3313	47.1	47.1	47.1	415,193,6,4	74.7	39.4830298	73.5859757	4674.5
3315	3315	0.561	стакан-марка-красная	4.5	1.4	порода-охристая	1.174	48.4	7.0	3.0	7.6	bbox	3314	315.4	315.4	315.4	231,1009,5,8	74.7	39.4828677	73.5863178	4663.6
3316	3316	1.015	рюкзак-синий	6.1	18.8	снег-в-тени	0.431	57.6	2.0	-8.0	8.2	bbox	3315	51.1	51.1	51.1	1801,337,8,4	74.4	39.4830258	73.5859854	4674.4
3317	3317	1.683	стакан-марка-красная	10.0	31.4	снег-розовый	0.179	81.2	1.0	2.0	2.2	bbox	3316	52.1	52.1	52.1	589,1041,5,6	74.0	39.4830257	73.5859852	4674.5
3318	3318	0.775	рюкзак-синий	6.0	5.5	снег-в-тени	0.532	33.3	1.0	-8.0	8.1	bbox	3317	159.2	159.2	159.2	153,325,8,4	74.0	39.4829329	73.5861793	4674.5
3319	3319	1.893	стакан-марка-красная	14.8	11.8	корка-жёлтая-на-скале	1.034	61.6	-2.0	8.0	8.2	bbox	3318	47.1	45.1	50.1	709,393,5,6	73.9	39.4830298	73.5859757	4674.5
3320	3320	0.966	стакан-марка-красная	2.2	25.9	снег-розовый	1.010	75.7	10.0	3.0	10.4	bbox	3319	325.4	325.4	325.4	1019,626,4,5	73.6	39.4828684	73.5863154	4663.6
3321	3321	0.946	стакан-марка-красная	7.4	4.9	порода-охристая	0.760	54.7	8.5	8.0	11.7	bbox	3320	382.4	382.4	382.4	1310,515,7,6	73.3	39.4828780	73.5863210	4663.5
3322	3322	0.884	стакан-марка-красная	1.0	24.5	снег-розовый	1.015	74.3	10.0	1.0	10.0	bbox	3321	383.4	383.4	383.4	1128,763,5,6	73.2	39.4828780	73.5863210	4663.5
3323	3323	1.893	стакан-марка-красная	15.0	7.3	корка-жёлтая-на-скале	0.664	42.5	-1.0	10.0	10.0	bbox	3322	111.1	111.1	111.1	755,417,6,5	73.0	39.4829333	73.5861799	4674.5
3324	3324	0.673	рюкзак-синий	5.1	6.1	снег-в-тени	0.606	32.7	2.0	-9.0	9.2	bbox	3323	246.3	246.3	246.3	785,427,8,4	73.0	39.4829255	73.5861775	4674.5
3325	3325	1.585	стакан-марка-красная	12.5	6.9	снег-розовый	1.006	56.7	0.0	7.0	7.0	bbox	3324	397.5	397.5	397.5	1751,1013,10,2	73.0	39.4828747	73.5863191	4663.6
3326	3326	1.428	рюкзак-синий	7.0	31.6	снег-в-тени	0.826	70.4	1.0	-7.0	7.1	bbox	3325	42.0	42.0	42.0	11,463,4,6	72.8	39.4831307	73.5857450	4674.4
3327	3327	0.864	рюкзак-синий	3.9	20.0	снег-в-тени	1.230	18.8	4.0	-11.5	12.2	bbox	3326	33.0	33.0	36.0	1063,49,6,3	72.7	39.4833084	73.5853354	4674.5
3328	3328	1.453	стакан-марка-красная	11.6	2.6	снег-в-тени	0.954	52.4	-0.5	-0.5	0.7	bbox	3327	165.2	162.2	166.2	1387,949,6,4	72.5	39.4829313	73.5861794	4674.5
3329	3329	1.162	рюкзак-синий	5.0	27.4	порода-в-тени	1.390	11.4	4.0	-10.0	10.8	bbox	3328	279.3	279.3	279.3	3,343,6,7	72.4	39.4828629	73.5863205	4674.4
3330	3330	1.131	рюкзак-синий	5.5	25.1	порода-в-тени	1.062	13.7	1.5	-8.5	8.6	bbox	3329	279.3	279.3	279.3	517,599,4,8	72.4	39.4828629	73.5863205	4674.4
3331	3331	1.513	стакан-марка-красная	12.0	4.3	порода-в-тени	0.913	45.5	-1.0	0.0	1.0	bbox	3330	165.2	162.2	167.2	1337,894,8,3	71.8	39.4829313	73.5861794	4674.5
3332	3332	2.053	стакан-марка-красная	15.1	22.4	снег-освещённый	0.502	72.2	-4.0	-1.0	4.1	bbox	3331	145.2	145.2	145.2	1448,445,9,4	71.5	39.4829347	73.5861790	4674.4
3333	3333	1.801	стакан-марка-красная	11.7	29.6	порода-в-тени	1.068	20.2	1.0	7.0	7.1	bbox	3332	324.4	324.4	324.4	1191,470,8,6	71.3	39.4828685	73.5863153	4663.6
3334	3334	1.974	палка-ручка-пробка	14.9	18.6	снег-розовый	1.088	94.3	0.0	9.0	9.0	bbox	3333	382.4	382.4	382.4	1331,457,4,5	71.3	39.4828780	73.5863210	4663.5
3335	3335	1.036	стакан-марка-красная	3.0	27.1	порода-в-тени	1.278	22.7	8.0	1.0	8.1	bbox	3334	391.4	391.4	391.4	601,713,8,6	71.2	39.4828761	73.5863183	4663.6
3336	3336	2.489	палка-древко-контроль	13.2	52.3	снег-пересвеченный	0.304	93.9	-6.0	-2.0	6.3	bbox	3335	147.2	147.2	147.2	1897,1061,6,4	71.1	39.4829346	73.5861785	4674.4
3337	3337	0.973	палка-ручка-пробка	7.6	5.3	лишайник-жёлтый-на-камне	0.224	70.4	1.0	16.5	16.5	bbox	3336	102.1	102.1	102.1	777,301,4,4	70.9	39.4829976	73.5860313	4674.4
3338	3338	1.829	палка-ручка-пробка	14.6	5.1	снег-розовый	0.891	80.8	1.0	9.0	9.1	bbox	3337	70.1	70.1	70.1	817,1048,5,6	70.8	39.4830253	73.5859809	4674.5
3339	3339	1.348	рюкзак-синий	8.1	25.1	порода-в-тени	0.714	13.7	0.0	-6.0	6.0	bbox	3338	142.2	142.2	142.2	1205,983,6,6	70.8	39.4829344	73.5861783	4674.5
3340	3340	1.218	рюкзак-синий	6.1	26.6	порода-в-тени	1.050	12.2	2.0	-8.0	8.2	bbox	3339	247.3	247.3	247.3	1417,121,6,6	70.8	39.4829254	73.5861774	4674.5
3341	3341	1.439	стакан-марка-красная	7.8	29.6	порода-в-тени	0.952	20.2	5.0	-4.0	6.4	bbox	3340	387.4	387.4	391.4	537,393,4,4	70.5	39.4828775	73.5863194	4663.6
3342	3342	1.457	рюкзак-синий	9.6	23.1	порода-в-тени	1.329	15.7	7.0	-6.5	9.6	bbox	3341	391.4	391.4	391.4	57,163,4,4	70.5	39.4828761	73.5863183	4663.6
3343	3343	1.397	рюкзак-синий	6.0	33.0	снег-в-тени	0.858	71.8	0.5	-8.0	8.0	bbox	3342	45.1	45.1	45.1	331,1075,4,5	70.3	39.4830654	73.5858939	4674.4
3344	3344	1.840	палка-ручка-пробка	11.3	33.0	корка-жёлтая-на-скале	0.416	42.7	-3.0	15.0	15.3	bbox	3343	385.4	385.4	385.4	1734,763,5,5	70.3	39.4828781	73.5863205	4663.5
3345	3345	1.910	стакан-марка-красная	15.3	2.4	корка-жёлтая-на-скале	0.806	52.2	-2.0	9.0	9.2	bbox	3344	41.0	41.0	41.0	762,374,7,4	70.2	39.4831551	73.5856889	4674.4
3346	3346	1.668	палка-ручка-пробка	13.3	1.0	лишайник-жёлтый-на-камне	0.935	74.7	2.0	10.0	10.2	bbox	3345	94.1	94.1	94.1	1061,418,4,8	69.8	39.4830224	73.5859771	4674.5
3347	3347	1.942	рюкзак-синий	13.0	29.6	порода-в-тени	0.471	9.2	0.0	-1.0	1.0	bbox	3346	368.4	368.4	368.4	682,155,5,6	69.6	39.4828743	73.5863185	4663.5
3348	3348	1.458	палка-ручка-пробка	11.7	0.6	лишайник-жёлтый-на-камне	0.734	76.3	-1.0	13.0	13.0	bbox	3347	322.4	322.4	322.4	1289,874,4,5	69.2	39.4828687	73.5863150	4663.6
3349	3349	0.635	рюкзак-синий	3.6	12.5	снег-в-тени	0.934	26.3	3.0	-11.0	11.4	bbox	3348	43.0	43.0	43.0	1737,625,3,8	68.9	39.4831079	73.5857972	4674.4
3350	3350	1.953	рюкзак-синий	6.8	49.2	снег-пересвеченный	0.682	88.0	-1.0	-7.5	7.6	bbox	3349	44.1	44.1	44.1	106,617,5,6	68.9	39.4830864	73.5858464	4674.4
3351	3351	1.266	стакан-марка-красная	10.1	2.2	снег-в-тени	0.957	52.0	1.0	-0.5	1.1	bbox	3350	250.3	250.3	250.3	973,1027,6,6	68.7	39.4829247	73.5861773	4674.5
3352	3352	1.032	рюкзак-синий	6.6	17.5	снег-в-тени	0.398	56.3	2.0	-7.5	7.8	bbox	3351	38.0	38.0	38.0	43,738,4,5	68.6	39.4832323	73.5855119	4674.5
3353	3353	0.931	рюкзак-синий	7.2	7.2	снег-в-тени	0.670	31.6	2.5	-7.0	7.4	bbox	3352	239.3	239.3	239.3	1837,305,4,7	68.6	39.4829260	73.5861777	4674.4
3354	3354	1.742	рюкзак-синий	13.9	1.2	порода-в-тени	0.665	37.6	-4.0	-1.0	4.1	bbox	3353	189.2	187.2	193.2	1131,341,3,7	68.4	39.4829292	73.5861785	4674.5
3355	3355	1.423	стакан-марка-красная	6.4	32.9	порода-в-тени	1.193	16.9	7.0	-4.0	8.1	bbox	3354	252.3	252.3	252.3	529,235,8,3	68.3	39.4829248	73.5861773	4674.5
3356	3356	0.929	рюкзак-синий	5.7	16.7	снег-в-тени	0.289	55.5	-0.5	-8.5	8.5	bbox	3355	279.3	279.3	279.3	671,345,10,2	68.3	39.4828629	73.5863205	4674.4
3357	3357	2.107	рюкзак-синий	13.3	36.1	порода-в-тени	0.631	2.7	-2.0	-1.0	2.2	bbox	3356	66.1	66.1	66.1	155,0,3,8	68.2	39.4830258	73.5859831	4674.5
3358	3358	1.563	рюкзак-синий	10.0	26.1	порода-в-тени	0.682	12.7	2.0	-4.0	4.5	bbox	3357	44.1	44.1	44.1	1379,283,4,6	68.1	39.4830864	73.5858464	4674.4
3359	3359	0.911	стакан-марка-красная	5.1	18.2	порода-в-тени	1.140	31.6	6.0	2.0	6.3	bbox	3358	102.1	102.1	102.1	767,519,10,3	68.0	39.4829976	73.5860313	4674.4
3360	3360	1.795	палка-ручка-пробка	14.3	3.7	лишайник-жёлтый-на-камне	0.980	72.0	-1.0	10.0	10.0	bbox	3359	315.4	315.4	315.4	1269,731,4,5	67.9	39.4828677	73.5863178	4663.6
3361	3361	1.126	рюкзак-синий	7.5	17.5	снег-в-тени	0.377	56.3	1.0	-6.5	6.6	bbox	3360	37.0	37.0	37.0	725,313,4,6	66.9	39.4832550	73.5854593	4674.5
3362	3362	1.591	стакан-марка-красная	6.7	37.8	снег-розовый	0.576	87.6	5.0	4.0	6.4	bbox	3361	318.4	318.4	319.4	755,155,8,4	66.7	39.4828677	73.5863159	4663.6
3363	3363	1.533	стакан-марка-красная	12.0	8.8	снег-розовый	0.784	58.6	-1.0	1.0	1.4	bbox	3362	139.2	139.2	139.2	1773,1003,4,6	66.6	39.4829345	73.5861784	4674.5
3364	3364	1.564	палка-ручка-пробка	12.2	9.6	лишайник-жёлтый-на-камне	1.000	85.3	-2.0	13.0	13.2	bbox	3363	320.4	320.4	320.4	1857,321,8,3	66.6	39.4828680	73.5863154	4663.6
3365	3365	2.277	стакан-марка-красная	13.0	44.5	снег-освещённый	0.558	94.3	-2.0	2.0	2.8	bbox	3364	52.1	52.1	52.1	93,124,5,4	66.5	39.4830257	73.5859852	4674.5
3366	3366	1.357	стакан-марка-красная	5.0	33.7	снег-розовый	0.865	83.5	8.0	5.0	9.4	bbox	3365	373.4	373.4	373.4	1380,657,5,5	66.5	39.4828760	73.5863192	4663.6
3367	3367	1.769	рюкзак-синий	13.6	13.7	порода-в-тени	0.209	25.1	-3.0	-1.0	3.2	bbox	3366	384.4	384.4	384.4	877,321,6,6	66.1	39.4828781	73.5863207	4663.5
3368	3368	0.789	стакан-марка-красная	1.8	21.2	порода-охристая	1.193	28.6	9.5	2.0	9.7	bbox	3367	387.4	387.4	387.4	779,237,6,4	65.9	39.4828775	73.5863194	4663.6
3369	3369	2.137	палка-древко-контроль	16.0	20.8	снег-освещённый	1.204	62.4	-9.0	1.0	9.1	bbox	3368	142.2	142.2	142.2	1889,85,4,4	65.8	39.4829344	73.5861783	4674.5
3370	3370	2.242	стакан-марка-красная	12.0	46.7	снег-освещённый	0.573	96.5	-1.0	1.0	1.4	bbox	3369	39.0	39.0	39.0	1020,109,5,5	65.1	39.4832074	73.5855691	4674.5
3371	3371	1.530	рюкзак-синий	11.7	12.5	порода-в-тени	0.349	26.3	-3.0	-3.0	4.2	bbox	3370	173.2	173.2	174.2	29,149,5,4	65.0	39.4829299	73.5861777	4674.5
3372	3372	0.770	рюкзак-синий	6.0	4.9	снег-в-тени	0.192	43.7	1.0	-8.0	8.1	bbox	3371	164.2	164.2	165.2	601,211,8,2	64.5	39.4829317	73.5861799	4674.5
3373	3373	2.129	стакан-марка-красная	15.7	23.5	порода-в-тени	1.151	26.3	-3.0	8.0	8.5	bbox	3372	321.4	321.4	321.4	1398,666,7,5	64.5	39.4828682	73.5863153	4663.6
3374	3374	1.874	палка-ручка-пробка	13.5	23.2	корка-жёлтая-на-скале	0.584	52.5	-4.0	13.0	13.6	bbox	3373	325.4	325.4	325.4	1175,163,6,4	64.5	39.4828684	73.5863154	4663.6
3375	3375	1.469	стакан-марка-красная	11.1	13.5	снег-освещённый	0.639	63.3	0.0	-0.5	0.5	bbox	3374	480.5	480.5	480.5	1570,401,7,4	64.5	39.4828724	73.5863121	4663.6
3376	3376	1.647	рюкзак-синий	10.1	29.8	порода-в-тени	1.138	9.0	5.5	-5.0	7.4	bbox	3375	252.3	252.3	252.3	1275,198,6,5	64.1	39.4829248	73.5861773	4674.5
3377	3377	0.852	рюкзак-синий	5.5	14.1	снег-в-тени	0.837	24.7	1.0	-8.5	8.6	bbox	3376	30.0	30.0	30.0	476,53,5,4	63.9	39.4833090	73.5853336	4674.5
3378	3378	1.196	рюкзак-синий	7.8	19.6	порода-в-тени	0.930	19.2	3.0	-6.5	7.2	bbox	3377	254.3	254.3	254.3	1689,493,5,4	63.9	39.4829249	73.5861772	4674.5
3379	3379	1.870	стакан-марка-красная	13.9	19.4	корка-жёлтая-на-скале	1.081	30.4	-1.0	8.0	8.1	bbox	3378	40.0	40.0	40.0	843,211,6,6	63.7	39.4831813	73.5856288	4674.5
3380	3380	1.041	рюкзак-синий	5.0	23.3	снег-в-тени	1.282	15.5	4.0	-10.0	10.8	bbox	3379	31.0	31.0	31.0	1527,671,5,6	63.6	39.4833092	73.5853334	4674.5
3381	3381	1.952	рюкзак-синий	13.9	24.7	снег-освещённый	0.733	63.5	-4.0	-1.0	4.1	bbox	3380	188.2	187.2	188.2	719,457,8,6	63.6	39.4829296	73.5861782	4674.5
3382	3382	1.505	стакан-марка-красная	12.0	0.6	снег-в-тени	1.012	50.4	-1.0	0.0	1.0	bbox	3381	165.2	165.2	165.2	1181,897,4,6	63.4	39.4829313	73.5861794	4674.5
3383	3383	1.513	рюкзак-синий	8.2	31.0	снег-в-тени	0.834	69.8	-1.0	-6.0	6.1	bbox	3382	39.0	39.0	41.0	1433,73,3,8	63.3	39.4832074	73.5855691	4674.5
3384	3384	1.867	стакан-марка-красная	14.2	16.1	корка-жёлтая-на-скале	0.802	33.7	0.0	10.0	10.0	bbox	3383	42.0	40.0	42.0	1234,726,4,5	62.7	39.4831307	73.5857450	4674.4
3385	3385	1.514	стакан-марка-красная	12.0	4.5	снег-розовый	0.946	54.3	-1.0	0.0	1.0	bbox	3384	166.2	164.2	166.2	1212,980,5,4	62.7	39.4829311	73.5861793	4674.5
3386	3386	2.364	палка-древко-контроль	14.0	44.5	снег-пересвеченный	0.529	86.1	-7.5	-1.0	7.6	bbox	3385	147.2	147.2	147.2	1913,929,7,2	62.6	39.4829346	73.5861785	4674.4
3387	3387	2.379	палка-древко-контроль	11.7	52.5	снег-пересвеченный	0.177	94.1	-4.0	-4.0	5.7	bbox	3386	158.2	158.2	158.2	1669,1062,7,9	62.6	39.4829329	73.5861793	4674.5
3388	3388	1.606	палка-ручка-пробка	12.8	3.5	лишайник-жёлтый-на-камне	0.941	72.2	-5.0	15.0	15.8	bbox	3387	385.4	385.4	385.4	1635,87,4,4	62.3	39.4828781	73.5863205	4663.5
3389	3389	1.830	рюкзак-синий	13.2	22.5	порода-в-тени	0.193	16.3	-1.0	-1.0	1.4	bbox	3388	385.4	385.4	385.4	636,134,5,4	62.2	39.4828781	73.5863205	4663.5
3390	3390	0.976	рюкзак-синий	3.4	24.7	снег-в-тени	1.419	14.1	4.0	-12.5	13.1	bbox	3389	279.3	279.3	279.3	459,125,4,4	62.1	39.4828629	73.5863205	4674.4
3391	3391	1.027	рюкзак-синий	7.9	7.9	снег-в-тени	0.268	46.7	-1.5	-6.5	6.7	bbox	3390	30.0	30.0	30.0	521,305,4,4	61.9	39.4833090	73.5853336	4674.5
3392	3392	0.931	рюкзак-синий	7.3	5.5	снег-в-тени	0.651	33.3	3.0	-7.0	7.6	bbox	3391	44.1	44.1	44.1	1613,569,6,6	61.9	39.4830864	73.5858464	4674.4
3393	3393	1.794	стакан-марка-красная	8.6	40.2	порода-охристая	1.260	9.6	6.0	8.0	10.0	bbox	3392	89.1	89.1	89.1	1335,973,4,4	61.9	39.4830237	73.5859798	4674.4
3394	3394	1.071	рюкзак-синий	4.0	26.4	снег-в-тени	1.629	12.4	5.0	-14.5	15.3	bbox	3393	279.3	279.3	279.3	569,105,4,6	61.7	39.4828629	73.5863205	4674.4
3395	3395	0.781	рюкзак-синий	6.1	4.7	снег-в-тени	0.756	34.1	4.5	-9.0	10.1	bbox	3394	258.3	258.3	258.3	1369,151,8,2	61.5	39.4829114	73.5862063	4674.4
3396	3396	2.384	стакан-марка-красная	13.0	48.8	снег-розовый	0.977	98.6	-1.0	6.0	6.1	bbox	3395	386.4	386.4	386.4	957,425,4,8	61.4	39.4828779	73.5863199	4663.6
3397	3397	1.142	стакан-марка-красная	6.8	21.4	снег-в-тени	1.198	28.4	7.0	-4.5	8.3	bbox	3396	386.4	386.4	386.4	451,523,5,4	60.9	39.4828779	73.5863199	4663.6
3398	3398	1.681	палка-ручка-пробка	13.3	6.7	лишайник-жёлтый-на-камне	0.850	69.0	-2.5	12.0	12.3	bbox	3397	60.1	60.1	60.1	1635,805,4,4	60.8	39.4830257	73.5859849	4674.5
3399	3399	1.646	стакан-марка-красная	12.3	16.9	снег-освещённый	0.538	66.7	-1.0	-1.5	1.8	bbox	3398	142.2	142.2	142.2	1759,194,4,7	60.6	39.4829344	73.5861783	4674.5
3400	3400	1.884	стакан-марка-красная	11.0	35.9	снег-освещённый	0.330	85.7	0.0	2.0	2.0	bbox	3399	315.4	315.4	315.4	761,953,8,8	60.5	39.4828677	73.5863178	4663.6
3401	3401	0.780	рюкзак-синий	3.6	17.8	снег-в-тени	1.191	21.0	4.0	-12.0	12.6	bbox	3400	49.1	49.1	49.1	1695,632,4,5	60.2	39.4830256	73.5859862	4674.4
3402	3402	1.668	рюкзак-синий	13.3	1.0	порода-в-тени	0.623	37.8	-2.0	-1.0	2.2	bbox	3401	272.3	272.3	272.3	1277,1073,4,7	60.2	39.4828620	73.5863212	4674.4
3403	3403	2.230	стакан-марка-красная	14.6	36.1	снег-освещённый	0.697	85.9	-3.0	5.0	5.8	bbox	3402	31.0	31.0	31.0	603,747,4,4	60.1	39.4833092	73.5853334	4674.5
3404	3404	1.525	стакан-марка-красная	12.0	6.9	порода-в-тени	0.824	42.9	-1.0	0.0	1.0	bbox	3403	143.2	143.2	143.2	1737,1009,8,2	60.1	39.4829343	73.5861785	4674.5
3405	3405	1.857	палка-ручка-пробка	14.8	5.9	снег-розовый	1.127	81.6	-2.0	10.0	10.2	bbox	3404	481.5	481.5	481.5	925,793,2,8	59.8	39.4828724	73.5863121	4663.6
3406	3406	1.763	палка-ручка-контроль	13.0	19.2	корка-жёлтая-на-скале	0.378	38.4	1.0	14.0	14.0	bbox	3405	66.1	66.1	66.1	563,325,5,4	59.6	39.4830258	73.5859831	4674.5
3407	3407	1.306	рюкзак-синий	8.6	21.0	порода-в-тени	0.758	17.8	2.0	-5.5	5.9	bbox	3406	167.2	167.2	167.2	25,329,4,6	59.0	39.4829307	73.5861791	4674.5
3408	3408	0.783	стакан-марка-красная	5.8	8.0	порода-охристая	1.007	57.8	8.0	6.0	10.0	bbox	3407	479.5	479.5	479.5	1883,537,6,4	58.9	39.4828724	73.5863121	4663.6
3409	3409	1.606	рюкзак-синий	12.8	3.2	порода-в-тени	0.802	42.0	-3.5	-2.0	4.0	bbox	3408	207.2	207.2	207.2	1201,805,4,4	58.5	39.4829285	73.5861776	4674.5
3410	3410	1.732	стакан-марка-красная	11.0	29.6	снег-освещённый	0.645	79.4	1.5	-4.5	4.7	bbox	3409	40.0	40.0	43.0	435,993,4,4	58.4	39.4831813	73.5856288	4674.5
3411	3411	1.701	стакан-марка-красная	11.7	24.3	порода-в-тени	0.811	25.5	0.0	5.0	5.0	bbox	3410	241.3	241.3	241.3	1683,642,6,3	58.4	39.4829252	73.5861772	4674.5
3412	3412	2.521	стакан-марка-красная	16.4	41.2	снег-освещённый	0.836	91.0	-5.0	4.5	6.7	bbox	3411	49.1	49.1	49.1	1729,273,4,4	57.8	39.4830256	73.5859862	4674.4
3413	3413	1.471	стакан-марка-красная	7.1	32.9	порода-в-тени	1.075	16.9	6.0	-4.0	7.2	bbox	3412	252.3	252.3	252.3	572,1045,7,4	57.5	39.4829248	73.5861773	4674.5
3414	3414	2.017	палка-древко-контроль	14.3	26.0	снег-освещённый	0.697	67.6	-5.0	-1.0	5.1	bbox	3413	148.2	148.2	148.2	1077,949,4,6	57.1	39.4829345	73.5861783	4674.5
3415	3415	1.764	рюкзак-синий	11.0	30.8	порода-в-тени	0.566	8.0	0.0	-3.0	3.0	bbox	3414	42.0	42.0	42.0	1502,153,4,6	57.0	39.4831307	73.5857450	4674.4
3416	3416	1.800	стакан-марка-красная	10.0	36.1	снег-розовый	0.321	85.9	1.0	2.0	2.2	bbox	3415	315.4	315.4	315.4	707,465,5,5	57.0	39.4828677	73.5863178	4663.6
3417	3417	1.959	стакан-марка-красная	12.1	34.9	снег-пересвеченный	0.651	84.7	0.5	-5.0	5.0	bbox	3416	40.0	40.0	40.0	41,865,2,8	56.5	39.4831813	73.5856288	4674.5
3418	3418	2.111	стакан-марка-красная	11.0	44.7	снег-освещённый	0.505	94.5	0.0	0.0	0.0	bbox	3417	44.1	44.1	44.1	477,364,5,3	55.2	39.4830864	73.5858464	4674.4
3419	3419	0.624	рюкзак-синий	4.6	6.7	снег-в-тени	0.323	45.5	2.0	-9.5	9.7	bbox	3418	45.1	45.1	45.1	1161,37,6,3	54.9	39.4830654	73.5858939	4674.4
3420	3420	1.874	рюкзак-синий	10.2	38.5	снег-освещённый	0.516	77.3	-1.0	-4.0	4.1	bbox	3419	245.3	245.3	245.3	1674,1050,7,7	54.0	39.4829256	73.5861777	4674.5
3421	3421	1.909	рюкзак-синий	7.0	47.5	снег-пересвеченный	0.768	86.3	0.5	-7.0	7.0	bbox	3420	41.0	41.0	41.0	65,393,2,8	53.7	39.4831551	73.5856889	4674.4
3422	3422	1.539	стакан-марка-красная	11.2	18.0	снег-освещённый	0.495	67.8	0.0	-1.0	1.0	bbox	3421	479.5	479.5	479.5	174,675,3,6	53.3	39.4828724	73.5863121	4663.6
3423	3423	1.204	стакан-марка-красная	8.1	18.4	порода-охристая	0.674	31.4	7.0	8.0	10.6	bbox	3422	479.5	479.5	481.5	671,193,2,8	53.3	39.4828724	73.5863121	4663.6
3424	3424	1.832	стакан-марка-красная	11.4	32.2	снег-розовый	0.597	82.0	1.0	6.5	6.6	bbox	3423	89.1	89.1	89.1	363,32,6,3	53.1	39.4830237	73.5859798	4674.4
3425	3425	1.651	рюкзак-синий	13.2	1.7	порода-в-тени	0.684	37.1	-4.5	-2.0	4.9	bbox	3424	178.2	176.2	178.2	756,1020,5,4	52.8	39.4829307	73.5861777	4674.5
3426	3426	0.777	рюкзак-синий	6.0	5.7	снег-в-тени	0.538	33.1	1.0	-8.0	8.1	bbox	3425	30.0	30.0	30.0	579,271,4,5	52.7	39.4833090	73.5853336	4674.5
3427	3427	1.565	стакан-марка-красная	4.1	41.4	снег-розовый	0.791	91.2	7.0	2.0	7.3	bbox	3426	325.4	325.4	325.4	766,774,5,6	52.7	39.4828684	73.5863154	4663.6
3428	3428	1.829	палка-ручка-пробка	12.2	28.2	корка-жёлтая-на-скале	0.354	47.5	-2.0	13.0	13.2	bbox	3427	386.4	386.4	386.4	980,139,3,4	52.7	39.4828779	73.5863199	4663.6
3429	3429	2.124	палка-древко-контроль	15.5	24.3	снег-освещённый	1.080	65.9	-8.5	0.5	8.5	bbox	3428	142.2	142.2	144.2	1617,127,8,2	52.5	39.4829344	73.5861783	4674.5
3430	3430	1.703	рюкзак-синий	13.6	2.8	порода-в-тени	0.766	41.6	-3.0	-1.0	3.2	bbox	3429	175.2	175.2	175.2	1889,987,6,4	52.3	39.4829306	73.5861779	4674.5
3431	3431	1.966	стакан-марка-красная	13.2	30.2	снег-освещённый	0.179	80.0	-2.0	-1.0	2.2	bbox	3430	155.2	155.2	156.2	1163,965,6,4	52.1	39.4829332	73.5861790	4674.5
3432	3432	1.978	стакан-марка-красная	11.0	39.8	порода-в-тени	0.513	10.0	0.0	1.0	1.0	bbox	3431	40.0	40.0	40.0	1335,768,4,5	52.0	39.4831813	73.5856288	4674.5
3433	3433	1.548	стакан-марка-красная	11.0	19.6	порода-в-тени	0.448	30.2	0.0	0.0	0.0	bbox	3432	482.5	482.5	482.5	1905,49,2,8	51.8	39.4828722	73.5863119	4663.6
3434	3434	1.743	рюкзак-синий	13.9	2.4	порода-в-тени	0.783	41.2	-4.0	-1.0	4.1	bbox	3433	175.2	175.2	175.2	1850,1048,6,3	51.3	39.4829306	73.5861779	4674.5
3435	3435	0.937	стакан-марка-красная	7.0	9.4	порода-в-тени	1.065	40.4	4.0	1.0	4.1	bbox	3434	479.5	479.5	479.5	1809,193,3,8	50.9	39.4828724	73.5863121	4663.6
3436	3436	1.966	рюкзак-синий	12.2	34.9	порода-в-тени	0.614	3.9	-1.0	-2.0	2.2	bbox	3435	89.1	89.1	89.1	1759,226,7,3	50.5	39.4830237	73.5859798	4674.4
3437	3437	2.090	палка-древко-контроль	13.3	35.3	снег-пересвеченный	0.521	76.9	-5.0	-2.0	5.4	bbox	3436	164.2	164.2	165.2	551,584,10,5	50.1	39.4829317	73.5861799	4674.5
3438	3438	1.956	стакан-марка-красная	10.0	42.0	снег-освещённый	0.465	91.8	1.0	0.0	1.0	bbox	3437	41.0	41.0	41.0	565,1073,3,7	49.9	39.4831551	73.5856889	4674.4
3439	3439	1.378	рюкзак-синий	8.1	26.3	снег-в-тени	0.733	65.1	-3.0	-7.0	7.6	bbox	3438	155.2	155.2	155.2	1795,125,6,4	49.6	39.4829332	73.5861790	4674.5
3440	3440	1.399	стакан-марка-красная	11.2	2.0	снег-в-тени	0.886	51.8	0.0	-1.0	1.0	bbox	3439	481.5	481.5	481.5	863,60,5,5	49.2	39.4828724	73.5863121	4663.6
3441	3441	2.047	палка-древко-контроль	13.0	34.7	снег-пересвеченный	0.647	76.3	-7.0	-2.0	7.3	bbox	3440	147.2	147.2	147.2	161,315,10,2	49.1	39.4829346	73.5861785	4674.4
3442	3442	1.661	стакан-марка-красная	11.0	26.1	порода-в-тени	0.373	23.7	0.0	1.0	1.0	bbox	3441	479.5	479.5	479.5	1041,1005,4,4	47.9	39.4828724	73.5863121	4663.6
3443	3443	1.414	стакан-марка-красная	7.8	28.6	порода-в-тени	0.952	21.2	5.0	-4.0	6.4	bbox	3442	242.3	242.3	244.3	947,1059,5,3	47.7	39.4829252	73.5861773	4674.5
3444	3444	2.010	стакан-марка-красная	15.8	10.2	корка-жёлтая-на-скале	0.734	39.6	-2.0	10.0	10.2	bbox	3443	322.4	322.4	322.4	1349,977,4,6	47.1	39.4828687	73.5863150	4663.6
3445	3445	1.947	рюкзак-синий	12.4	33.1	порода-в-тени	0.540	5.7	-2.0	-2.0	2.8	bbox	3444	143.2	143.2	143.2	1787,612,4,4	47.0	39.4829343	73.5861785	4674.5
3446	3446	1.231	рюкзак-синий	6.0	27.2	порода-в-тени	1.205	11.6	3.5	-8.5	9.2	bbox	3445	239.3	239.3	239.3	1345,247,5,4	47.0	39.4829260	73.5861777	4674.4
3447	3447	1.954	стакан-марка-красная	13.0	30.2	снег-розовый	0.795	80.0	0.0	8.0	8.0	bbox	3446	479.5	479.5	479.5	437,513,4,4	46.9	39.4828724	73.5863121	4663.6
3448	3448	1.184	рюкзак-синий	8.1	17.4	порода-в-тени	0.674	21.4	0.0	-6.0	6.0	bbox	3447	165.2	163.2	165.2	449,457,4,4	46.2	39.4829313	73.5861794	4674.5
3449	3449	1.553	рюкзак-синий	10.4	23.6	снег-в-тени	0.763	62.4	-2.0	-4.0	4.5	bbox	3448	145.2	145.2	145.2	1654,354,3,7	45.3	39.4829347	73.5861790	4674.4
3450	3450	1.582	рюкзак-синий	9.1	31.0	порода-в-тени	0.837	7.8	2.0	-5.0	5.4	bbox	3449	164.2	164.2	165.2	748,46,5,3	45.0	39.4829317	73.5861799	4674.5
3451	3451	1.705	палка-древко-контроль	12.0	22.7	снег-пересвеченный	1.064	64.3	-8.0	-3.0	8.5	bbox	3450	156.2	156.2	156.2	41,1077,8,3	44.8	39.4829331	73.5861790	4674.5
3452	3452	1.293	стакан-марка-красная	10.1	7.6	порода-в-тени	0.865	42.2	1.0	-0.5	1.1	bbox	3451	481.5	481.5	481.5	1831,605,5,4	44.6	39.4828724	73.5863121	4663.6
3453	3453	1.823	стакан-марка-красная	12.0	28.8	корка-жёлтая-на-скале	1.242	21.0	2.0	9.0	9.2	bbox	3452	281.3	281.3	281.3	1861,263,2,6	44.4	39.4828632	73.5863204	4674.5
3454	3454	1.723	стакан-марка-красная	11.6	26.1	порода-в-тени	0.231	23.7	-0.5	-0.5	0.7	bbox	3453	326.4	326.4	326.4	1842,116,6,4	43.9	39.4828682	73.5863157	4663.6
3455	3455	1.517	стакан-марка-красная	12.0	6.1	порода-в-тени	0.863	43.7	-1.0	0.5	1.1	bbox	3454	156.2	156.2	156.2	1285,849,4,4	43.4	39.4829331	73.5861790	4674.5
3456	3456	1.408	рюкзак-синий	9.1	23.1	порода-в-тени	0.771	15.7	2.5	-5.0	5.6	bbox	3455	167.2	164.2	167.2	37,884,2,6	42.6	39.4829307	73.5861791	4674.5
3457	3457	1.342	рюкзак-синий	10.2	11.8	снег-в-тени	0.525	50.6	-1.0	-4.0	4.1	bbox	3456	169.2	169.2	169.2	1249,371,4,5	42.4	39.4829305	73.5861789	4674.5
3458	3458	1.647	стакан-марка-красная	13.2	2.9	снег-в-тени	0.911	46.9	-2.0	-1.0	2.2	bbox	3457	197.2	197.2	197.2	1917,693,3,6	42.4	39.4829297	73.5861794	4674.4
3459	3459	1.626	рюкзак-синий	13.0	1.2	порода-в-тени	0.676	37.6	-4.0	-2.0	4.5	bbox	3458	182.2	182.2	182.2	1709,51,5,3	41.5	39.4829306	73.5861775	4674.5
3460	3460	1.439	рюкзак-синий	10.0	20.2	порода-в-тени	0.871	18.6	4.0	-4.5	6.0	bbox	3459	269.3	269.3	269.3	930,1033,4,3	41.5	39.4828610	73.5863207	4674.4
3461	3461	2.112	палка-древко-контроль	14.0	32.9	снег-пересвеченный	0.730	74.5	-7.0	-1.0	7.1	bbox	3460	273.3	273.3	273.3	1521,1073,2,7	41.5	39.4828625	73.5863212	4674.5
3462	3462	1.636	стакан-марка-красная	13.0	3.9	порода-в-тени	0.919	45.9	-2.0	0.0	2.0	bbox	3461	162.2	162.2	164.2	1401,642,5,3	41.4	39.4829321	73.5861798	4674.5
3463	3463	1.526	стакан-марка-красная	12.0	7.1	снег-освещённый	0.855	56.9	-1.0	0.0	1.0	bbox	3462	145.2	145.2	145.2	1605,573,4,4	40.7	39.4829347	73.5861790	4674.4
3464	3464	1.291	рюкзак-синий	7.2	26.1	порода-в-тени	0.820	12.7	-0.5	-7.0	7.0	bbox	3463	164.2	164.2	164.2	649,913,4,3	40.6	39.4829317	73.5861799	4674.5
3465	3465	2.083	стакан-марка-красная	14.8	27.1	порода-в-тени	1.128	22.7	-2.0	8.0	8.2	bbox	3464	482.5	482.5	482.5	1759,482,2,6	40.4	39.4828722	73.5863119	4663.6
3466	3466	1.583	рюкзак-синий	12.6	1.9	порода-в-тени	0.614	36.9	-3.0	-2.0	3.6	bbox	3465	182.2	179.2	182.2	719,995,4,3	40.2	39.4829306	73.5861775	4674.5
3467	3467	1.150	рюкзак-синий	6.6	22.5	порода-в-тени	0.965	16.3	2.0	-7.5	7.8	bbox	3466	30.0	30.0	30.0	1644,643,3,4	39.4	39.4833090	73.5853336	4674.5
3468	3468	0.982	стакан-марка-красная	7.1	12.0	снег-розовый	0.905	61.8	6.0	6.0	8.5	bbox	3467	479.5	479.5	479.5	1713,473,8,2	39.3	39.4828724	73.5863121	4663.6
3469	3469	1.474	рюкзак-синий	11.7	4.9	снег-в-тени	0.743	43.7	-3.0	-3.0	4.2	bbox	3468	199.2	199.2	199.2	1505,497,4,4	39.0	39.4829296	73.5861793	4674.5
3470	3470	2.113	стакан-марка-красная	15.0	27.1	снег-освещённый	0.400	76.9	-4.0	0.0	4.0	bbox	3469	144.2	144.2	144.2	1724,163,5,5	38.9	39.4829346	73.5861788	4674.5
3471	3471	2.185	палка-древко-контроль	15.6	27.4	снег-освещённый	0.756	69.0	-6.0	0.5	6.0	bbox	3470	156.2	156.2	156.2	1846,197,4,4	38.7	39.4829331	73.5861790	4674.5
3472	3472	2.167	стакан-марка-красная	11.0	46.9	снег-освещённый	0.584	96.7	0.0	0.5	0.5	bbox	3471	30.0	30.0	30.0	333,383,4,4	38.5	39.4833090	73.5853336	4674.5
3473	3473	2.066	стакан-марка-красная	10.8	43.7	порода-в-тени	1.229	6.1	2.0	7.0	7.3	bbox	3472	323.4	323.4	323.4	1265,806,4,5	38.2	39.4828687	73.5863150	4663.6
3474	3474	1.496	рюкзак-синий	8.0	31.2	порода-в-тени	0.859	7.6	1.0	-6.0	6.1	bbox	3473	167.2	167.2	167.2	542,83,3,4	37.9	39.4829307	73.5861791	4674.5
3475	3475	1.908	стакан-марка-красная	10.8	37.8	порода-в-тени	0.891	12.0	1.0	5.0	5.1	bbox	3474	281.3	281.3	281.3	220,246,3,4	37.8	39.4828632	73.5863204	4674.5
3476	3476	1.909	палка-ручка-пробка	14.3	18.6	снег-розовый	1.223	94.3	-1.0	10.0	10.0	bbox	3475	281.3	281.3	281.3	1558,273,3,4	37.4	39.4828632	73.5863204	4674.5
3477	3477	1.977	рюкзак-синий	12.1	35.7	порода-в-тени	0.656	3.1	-0.5	-2.0	2.1	bbox	3476	62.1	62.1	62.1	105,118,4,3	37.2	39.4830258	73.5859848	4674.5
3478	3478	2.216	стакан-марка-красная	15.3	31.6	порода-в-тени	1.252	18.2	-2.0	9.0	9.2	bbox	3477	61.1	61.1	62.1	1765,975,2,5	36.7	39.4830257	73.5859848	4674.5
3479	3479	1.643	стакан-марка-красная	13.0	5.9	корка-жёлтая-на-скале	0.919	55.7	0.0	8.0	8.0	bbox	3478	30.0	30.0	30.0	801,1003,3,3	36.3	39.4833090	73.5853336	4674.5
3480	3480	1.531	стакан-марка-красная	12.0	8.6	порода-в-тени	0.793	41.2	-1.0	1.0	1.4	bbox	3479	243.3	243.3	243.3	1403,560,4,3	36.2	39.4829254	73.5861773	4674.5
3481	3481	2.012	стакан-марка-красная	12.8	34.1	порода-в-тени	1.316	15.7	1.0	9.0	9.1	bbox	3480	61.1	61.1	61.1	1201,607,3,7	36.1	39.4830257	73.5859848	4674.5
3482	3482	2.124	палка-древко-контроль	14.0	33.5	снег-пересвеченный	0.714	75.1	-7.0	-1.0	7.1	bbox	3481	272.3	272.3	272.3	1587,945,2,8	36.0	39.4828620	73.5863212	4674.4
3483	3483	1.448	стакан-марка-красная	11.1	11.6	порода-в-тени	0.687	38.2	0.0	-0.5	0.5	bbox	3482	166.2	163.2	166.2	1341,777,4,3	35.9	39.4829311	73.5861793	4674.5
3484	3484	1.914	стакан-марка-красная	14.8	14.1	корка-жёлтая-на-скале	1.134	35.7	-2.5	7.0	7.4	bbox	3483	138.2	138.2	138.2	122,215,6,2	35.8	39.4829342	73.5861790	4674.5
3485	3485	2.200	стакан-марка-красная	14.8	33.5	порода-в-тени	1.135	16.3	-2.0	8.0	8.2	bbox	3484	321.4	321.4	321.4	1187,952,2,5	35.8	39.4828682	73.5863153	4663.6
3486	3486	0.940	рюкзак-синий	6.0	15.9	снег-в-тени	0.897	22.9	1.0	-8.0	8.1	bbox	3485	138.2	138.2	138.2	465,558,4,3	35.7	39.4829342	73.5861790	4674.5
3487	3487	2.149	стакан-марка-красная	13.0	39.2	порода-в-тени	1.205	10.6	0.0	8.0	8.0	bbox	3486	62.1	62.1	62.1	596,244,3,6	34.7	39.4830258	73.5859848	4674.5
3488	3488	1.401	стакан-марка-красная	11.2	2.7	снег-в-тени	0.891	52.5	0.0	-1.0	1.0	bbox	3487	157.2	157.2	157.2	1484,1019,5,2	33.8	39.4829331	73.5861792	4674.5
3489	3489	1.474	стакан-марка-красная	11.7	5.9	снег-освещённый	0.908	55.7	-0.5	-1.0	1.1	bbox	3488	481.5	481.5	481.5	1829,130,3,4	32.9	39.4828724	73.5863121	4663.6
3490	3490	1.557	стакан-марка-красная	12.0	11.2	порода-в-тени	0.675	38.6	-1.0	0.0	1.0	bbox	3489	255.3	255.3	255.3	1352,550,4,3	32.6	39.4829249	73.5861772	4674.5
3491	3491	1.023	рюкзак-синий	8.1	4.9	снег-в-тени	0.289	43.7	0.0	-6.0	6.0	bbox	3490	30.0	30.0	30.0	261,361,4,2	32.4	39.4833090	73.5853336	4674.5
3492	3492	1.083	рюкзак-синий	7.3	16.4	порода-в-тени	0.979	22.4	3.0	-7.0	7.6	bbox	3491	30.0	30.0	30.0	1616,341,3,3	32.1	39.4833090	73.5853336	4674.5
3493	3493	0.959	стакан-марка-красная	4.2	22.4	снег-розовый	0.814	72.2	8.0	4.0	8.9	bbox	3492	317.4	317.4	317.4	176,499,4,3	31.8	39.4828677	73.5863165	4663.6
3494	3494	1.946	палка-древко-контроль	15.5	3.7	порода-в-тени	1.103	45.3	-7.0	0.5	7.0	bbox	3493	145.2	145.2	145.2	1781,177,4,2	31.5	39.4829347	73.5861790	4674.4
3495	3495	1.414	стакан-марка-красная	11.0	9.2	снег-розовый	0.720	59.0	0.0	1.0	1.0	bbox	3494	157.2	157.2	157.2	1341,1047,4,2	31.0	39.4829331	73.5861792	4674.5
3496	3496	1.968	стакан-марка-красная	14.7	19.6	снег-освещённый	0.546	69.4	-3.5	-1.5	3.8	bbox	3495	178.2	178.2	178.2	1085,595,4,2	31.0	39.4829307	73.5861777	4674.5
3497	3497	2.053	стакан-марка-красная	15.0	23.3	корка-жёлтая-на-скале	1.141	26.5	-2.0	8.5	8.7	bbox	3496	321.4	321.4	321.4	1445,0,2,4	30.7	39.4828682	73.5863153	4663.6
3498	3498	1.626	рюкзак-синий	12.6	10.6	снег-в-тени	0.840	49.4	-3.0	-2.0	3.6	bbox	3497	195.2	195.2	195.2	1179,733,8,2	30.5	39.4829294	73.5861795	4674.5
3499	3499	1.527	стакан-марка-красная	12.2	3.9	снег-в-тени	0.909	53.7	-1.0	-1.0	1.4	bbox	3498	319.4	319.4	319.4	1163,809,2,4	29.8	39.4828678	73.5863157	4663.6
3500	3500	1.657	рюкзак-синий	11.9	20.6	порода-в-тени	0.203	18.2	-2.0	-2.5	3.2	bbox	3499	276.3	276.3	277.3	1901,322,4,2	29.3	39.4828629	73.5863209	4674.5
3501	3501	1.907	рюкзак-синий	12.6	29.8	снег-освещённый	0.560	68.6	-3.0	-2.0	3.6	bbox	3500	198.2	198.2	198.2	678,239,7,2	29.1	39.4829298	73.5861793	4674.5
3502	3502	1.981	рюкзак-синий	14.1	25.5	порода-в-тени	0.288	13.3	-3.0	-0.5	3.0	bbox	3501	319.4	319.4	319.4	1909,335,4,4	29.1	39.4828678	73.5863157	4663.6
3503	3503	1.261	стакан-марка-красная	10.0	3.1	снег-розовый	0.924	52.9	1.0	0.0	1.0	bbox	3502	281.3	281.3	281.3	1017,497,8,4	28.9	39.4828632	73.5863204	4674.5
3504	3504	1.831	рюкзак-синий	14.6	4.9	порода-в-тени	0.892	43.7	-4.5	-0.5	4.5	bbox	3503	272.3	272.3	272.3	1023,945,4,2	28.6	39.4828620	73.5863212	4674.4
3505	3505	1.934	палка-древко-контроль	13.3	27.4	снег-освещённый	0.700	69.0	-5.0	-2.0	5.4	bbox	3504	172.2	172.2	172.2	446,905,3,6	27.0	39.4829298	73.5861776	4674.5
3506	3506	1.900	палка-древко-контроль	13.9	21.1	снег-освещённый	0.801	62.7	-4.5	-1.5	4.7	bbox	3505	188.2	188.2	188.2	687,651,2,6	26.9	39.4829296	73.5861782	4674.5
3507	3507	1.443	стакан-марка-красная	11.0	11.8	порода-в-тени	0.689	38.0	0.0	0.0	0.0	bbox	3506	163.2	163.2	163.2	366,421,3,3	26.8	39.4829321	73.5861799	4674.5
3508	3508	1.356	стакан-марка-красная	10.0	14.3	снег-розовый	0.557	64.1	1.0	0.0	1.0	bbox	3507	319.4	319.4	319.4	1475,711,4,2	26.6	39.4828678	73.5863157	4663.6
3509	3509	1.226	рюкзак-синий	8.2	18.6	порода-в-тени	0.637	20.2	-1.0	-6.0	6.1	bbox	3508	138.2	138.2	138.2	457,15,4,2	26.4	39.4829342	73.5861790	4674.5
3510	3510	2.022	палка-ручка-пробка	16.1	5.5	снег-розовый	0.963	81.2	-2.0	8.5	8.7	bbox	3509	481.5	481.5	481.5	943,915,2,4	26.1	39.4828724	73.5863121	4663.6
3511	3511	1.661	рюкзак-синий	13.3	1.2	порода-в-тени	0.727	40.0	-3.5	-1.5	3.8	bbox	3510	174.2	174.2	174.2	593,961,2,4	25.4	39.4829302	73.5861777	4674.5
3512	3512	1.601	рюкзак-синий	12.4	11.6	снег-в-тени	0.796	50.4	-2.0	-2.0	2.8	bbox	3511	187.2	187.2	187.2	1527,145,8,2	25.2	39.4829296	73.5861780	4674.5
3513	3513	1.633	рюкзак-синий	12.6	11.4	снег-в-тени	0.843	50.2	-3.0	-2.0	3.6	bbox	3512	202.2	202.2	202.2	1297,48,5,3	25.0	39.4829293	73.5861792	4674.4
3514	3514	1.828	палка-ручка-пробка	14.6	2.5	лишайник-жёлтый-на-камне	1.114	78.2	-4.0	11.5	12.2	bbox	3513	321.4	321.4	321.4	1340,477,3,2	23.5	39.4828682	73.5863153	4663.6
3515	3515	1.683	рюкзак-синий	13.3	7.6	порода-в-тени	0.433	31.2	-3.5	-1.5	3.8	bbox	3514	177.2	176.2	177.2	1885,1048,3,2	23.2	39.4829307	73.5861780	4674.5
3516	3516	1.985	рюкзак-синий	14.1	25.5	порода-в-тени	0.402	13.3	-4.5	-1.0	4.6	bbox	3515	319.4	319.4	319.4	300,79,3,2	22.8	39.4828678	73.5863157	4663.6
3517	3517	2.215	стакан-марка-красная	15.1	32.3	корка-жёлтая-на-скале	1.297	17.5	-1.5	9.5	9.6	bbox	3516	59.1	59.1	59.1	1897,183,2,3	22.3	39.4830257	73.5859847	4674.5
3518	3518	1.775	рюкзак-синий	13.9	9.6	снег-в-тени	1.008	48.4	-4.0	-1.0	4.1	bbox	3517	207.2	207.2	207.2	1193,890,3,2	22.2	39.4829285	73.5861776	4674.5
3519	3519	0.668	стакан-марка-красная	3.9	12.7	снег-розовый	0.942	62.5	8.0	3.5	8.7	bbox	3518	319.4	319.4	319.4	1197,963,3,2	22.2	39.4828678	73.5863157	4663.6
3520	3520	1.258	рюкзак-синий	7.1	25.1	порода-в-тени	0.932	13.7	2.0	-7.0	7.3	bbox	3519	167.2	167.2	167.2	149,311,3,2	21.7	39.4829307	73.5861791	4674.5
3521	3521	1.081	палка-ручка-пробка	7.6	14.3	лишайник-жёлтый-на-камне	0.193	61.4	2.0	16.0	16.1	bbox	3520	281.3	281.3	281.3	1796,257,4,2	21.2	39.4828632	73.5863204	4674.5
3522	3522	1.543	палка-ручка-пробка	9.5	27.7	корка-жёлтая-на-скале	0.280	48.0	2.0	14.0	14.1	bbox	3521	63.1	63.1	63.1	759,260,2,3	20.5	39.4830258	73.5859847	4674.5
3523	3523	1.586	стакан-марка-красная	12.6	5.5	порода-в-тени	0.859	44.3	-1.5	-0.5	1.6	bbox	3522	167.2	167.2	167.2	1417,997,2,3	20.5	39.4829307	73.5861791	4674.5
3524	3524	1.464	рюкзак-синий	11.7	1.3	порода-в-тени	0.670	37.5	-3.0	-3.0	4.2	bbox	3523	182.2	182.2	182.2	86,141,3,2	20.1	39.4829306	73.5861775	4674.5
3525	3525	1.630	рюкзак-синий	12.5	13.0	снег-в-тени	0.825	51.8	-2.5	-2.0	3.2	bbox	3524	194.2	194.2	194.2	49,679,8,2	20.0	39.4829292	73.5861791	4674.5
3526	3526	1.422	рюкзак-синий	7.6	29.6	порода-в-тени	1.133	9.2	4.0	-7.0	8.1	bbox	3525	167.2	167.2	167.2	6,311,3,2	19.9	39.4829307	73.5861791	4674.5
3527	3527	1.628	рюкзак-синий	12.6	10.8	снег-в-тени	0.841	49.6	-3.0	-2.0	3.6	bbox	3526	206.2	206.2	206.2	1216,76,3,2	18.2	39.4829285	73.5861779	4674.5
3528	3528	1.867	рюкзак-синий	14.1	17.1	снег-освещённый	0.999	55.9	-4.5	-1.0	4.6	bbox	3527	184.2	184.2	184.2	625,1067,4,2	16.6	39.4829303	73.5861777	4674.5
3529	3529	1.404	рюкзак-синий	10.4	14.5	снег-в-тени	0.593	53.3	-2.0	-4.0	4.5	bbox	3528	171.2	171.2	171.2	1297,443,2,3	15.2	39.4829301	73.5861779	4674.5
3530	3530	1.946	рюкзак-синий	13.9	24.3	снег-освещённый	0.744	63.1	-4.0	-1.0	4.1	bbox	3529	182.2	182.2	182.2	644,969,3,2	14.8	39.4829306	73.5861775	4674.5
3531	3531	1.840	рюкзак-синий	13.9	16.7	снег-освещённый	0.987	55.5	-4.0	-1.0	4.1	bbox	3530	184.2	184.2	184.2	1878,1055,3,2	13.6	39.4829303	73.5861777	4674.5
3532	3532	1.283	рюкзак-синий	9.5	13.7	снег-в-тени	0.482	52.5	-2.0	-5.0	5.4	bbox	3531	171.2	171.2	171.2	1037,885,3,2	11.9	39.4829301	73.5861779	4674.5
3533	3533	1.851	палка-древко-контроль	13.3	22.5	снег-освещённый	0.817	64.1	-5.0	-2.0	5.4	bbox	3532	172.2	172.2	172.2	684,591,3,2	10.6	39.4829298	73.5861776	4674.5
3534	3534	1.546	стакан-марка-красная	12.4	0.4	снег-в-тени	0.765	50.2	-1.0	-2.0	2.2	bbox	3533	195.2	195.2	195.2	1917,127,3,2	9.4	39.4829294	73.5861795	4674.5
