track	t_best	t0	t1	bbox	score	lat	lon	alt
0	150.2	150.2	150.2	545,253,58,74	6764.1	39.4844195	73.5850489	4519.8
1	148.2	148.2	149.2	297,69,95,76	5954.5	39.4844204	73.5850489	4519.8
2	152.2	151.2	155.2	618,347,51,70	5928.6	39.4844188	73.5850485	4519.8
3	507.7	507.7	507.7	210,865,35,160	5796.2	39.4851950	73.5851695	4513.8
4	380.5	378.5	380.5	1785,0,104,113	5793.8	39.4851189	73.5852181	4513.7
5	143.2	143.2	146.2	561,98,55,63	5747.1	39.4844205	73.5850495	4519.8
6	312.4	312.4	316.4	1033,393,62,58	5569.1	39.4844621	73.5852425	4526.8
7	147.2	147.2	147.2	545,241,67,63	5349.6	39.4844206	73.5850489	4519.8
8	73.1	72.1	75.1	0,0,25,139	5197.6	39.4844219	73.5850506	4519.9
9	132.2	119.2	134.2	864,913,73,52	5191.9	39.4844193	73.5850492	4519.8
10	228.3	228.3	229.3	33,777,80,48	5190.9	39.4844076	73.5850509	4519.9
11	73.1	72.1	74.1	599,351,68,62	5117.1	39.4844219	73.5850506	4519.9
12	131.2	129.2	133.2	881,905,68,48	4895.5	39.4844197	73.5850489	4519.8
13	151.2	149.2	163.2	628,350,45,63	4534.1	39.4844190	73.5850485	4519.8
14	458.6	446.6	461.6	1025,591,35,84	4354.5	39.4852016	73.5851685	4513.8
15	499.7	499.7	499.7	117,201,32,84	4335.9	39.4851964	73.5851677	4513.8
16	505.7	502.7	506.7	363,1001,38,79	4296.6	39.4851951	73.5851687	4513.8
17	383.5	380.5	383.5	1633,156,32,53	4011.6	39.4852019	73.5851698	4513.7
18	417.6	416.6	419.6	105,53,22,70	3784.9	39.4852019	73.5851716	4513.8
19	151.2	148.2	154.2	693,875,36,68	3551.1	39.4844190	73.5850485	4519.8
20	223.3	222.3	223.3	1171,81,36,52	3541.4	39.4844086	73.5850508	4519.9
21	391.5	388.5	391.5	49,155,52,37	3402.5	39.4852022	73.5851687	4513.8
22	459.6	459.6	461.6	1139,705,28,98	3195.1	39.4852012	73.5851687	4513.8
23	112.1	109.1	116.2	115,475,18,94	3178.3	39.4844240	73.5850476	4519.8
24	326.4	326.4	327.4	0,317,45,96	3108.4	39.4844622	73.5852431	4526.8
25	381.5	378.5	381.5	1861,45,34,88	3065.8	39.4851785	73.5851857	4513.7
26	310.4	309.4	310.4	965,0,63,25	3053.1	39.4844620	73.5852430	4526.8
27	384.5	384.5	384.5	168,801,41,34	3040.6	39.4852029	73.5851679	4513.7
28	498.7	498.7	502.7	3,969,20,56	2966.3	39.4851966	73.5851676	4513.8
29	88.1	78.1	89.1	0,529,26,96	2930.6	39.4844245	73.5850460	4519.8
30	292.4	292.4	296.4	101,473,20,60	2912.4	39.4844613	73.5852431	4526.8
31	420.6	420.6	420.6	1663,1057,74,23	2893.5	39.4852015	73.5851716	4513.9
32	152.2	151.2	155.2	885,71,28,66	2818.6	39.4844188	73.5850485	4519.8
33	400.5	400.5	400.5	1613,917,28,36	2816.3	39.4852025	73.5851697	4513.8
34	153.2	152.2	153.2	683,921,50,40	2809.8	39.4844189	73.5850484	4519.8
35	507.7	507.7	507.7	236,1025,36,55	2805.1	39.4851950	73.5851695	4513.8
36	431.6	428.6	431.6	945,475,34,45	2744.1	39.4851999	73.5851721	4513.8
37	247.3	245.3	251.3	505,359,62,82	2688.0	39.4844067	73.5850504	4519.9
38	334.4	334.4	336.4	155,1027,48,42	2677.8	39.4844629	73.5852441	4526.8
39	223.3	223.3	223.3	1550,159,33,42	2675.7	39.4844086	73.5850508	4519.9
40	337.4	337.4	337.4	331,1009,44,47	2659.8	39.4844625	73.5852438	4526.8
41	338.4	338.4	340.5	18,57,31,56	2644.6	39.4844625	73.5852438	4526.8
42	290.4	289.4	291.4	361,0,20,50	2622.9	39.4844610	73.5852430	4526.8
43	422.6	422.6	422.6	1763,961,62,35	2619.9	39.4852010	73.5851713	4513.9
44	144.2	142.2	146.2	641,672,34,34	2598.4	39.4844205	73.5850493	4519.8
45	118.2	118.2	118.2	79,829,24,102	2597.6	39.4844232	73.5850474	4519.8
46	108.1	108.1	108.1	29,97,28,104	2537.5	39.4844231	73.5850485	4519.8
47	314.4	311.4	315.4	729,129,49,48	2526.9	39.4844624	73.5852421	4526.8
48	504.7	504.7	506.7	345,873,21,99	2514.6	39.4851953	73.5851681	4513.8
49	379.5	379.5	379.5	1745,233,50,54	2506.7	39.4850332	73.5852640	4513.0
50	169.2	169.2	169.2	1079,971,24,54	2481.9	39.4844162	73.5850466	4519.8
51	73.1	72.1	74.1	0,136,28,75	2452.6	39.4844219	73.5850506	4519.9
52	481.6	481.6	491.7	382,37,34,50	2440.6	39.4851983	73.5851685	4513.8
53	298.4	292.4	298.4	0,225,32,76	2428.0	39.4844620	73.5852445	4526.8
54	265.4	265.4	267.4	265,1013,33,42	2426.9	39.4844046	73.5850504	4519.9
55	440.6	440.6	445.6	1719,573,28,38	2424.3	39.4852011	73.5851705	4513.9
56	227.3	227.3	227.3	1561,247,52,47	2415.8	39.4844077	73.5850511	4519.9
57	347.5	344.5	347.5	17,486,36,29	2413.4	39.4844631	73.5852439	4526.8
58	152.2	151.2	157.2	511,173,24,42	2401.8	39.4844188	73.5850485	4519.8
59	379.5	379.5	379.5	1885,289,35,112	2397.9	39.4850332	73.5852640	4513.0
60	273.4	271.4	279.4	1693,909,36,84	2372.5	39.4844042	73.5850506	4519.9
61	453.6	451.6	459.6	475,414,36,51	2362.0	39.4852024	73.5851679	4513.8
62	255.3	253.3	255.3	1288,73,37,32	2356.1	39.4844058	73.5850508	4519.9
63	86.1	85.1	89.1	85,11,56,54	2351.9	39.4844250	73.5850465	4519.9
64	385.5	385.5	385.5	40,913,49,32	2325.1	39.4852030	73.5851677	4513.7
65	401.5	401.5	401.5	1689,973,36,38	2317.0	39.4852025	73.5851701	4513.8
66	476.6	476.6	488.6	869,455,41,34	2314.4	39.4851974	73.5851706	4513.8
67	491.7	491.7	496.7	13,417,38,72	2313.9	39.4851982	73.5851666	4513.8
68	305.4	301.4	306.4	949,510,36,48	2309.8	39.4844621	73.5852436	4526.8
69	144.2	139.2	146.2	643,122,52,33	2308.2	39.4844205	73.5850493	4519.8
70	71.1	71.1	71.1	743,0,56,29	2305.5	39.4844207	73.5850516	4519.9
71	253.3	252.3	255.3	729,0,24,49	2299.6	39.4844062	73.5850506	4519.9
72	66.1	66.1	69.1	1840,351,19,98	2287.3	39.4844202	73.5850516	4518.0
73	263.3	263.3	268.4	111,993,26,40	2259.8	39.4844046	73.5850504	4519.9
74	364.5	364.5	364.5	817,427,34,36	2259.6	39.4844654	73.5852432	4526.8
75	112.1	110.1	116.2	209,55,59,58	2253.2	39.4844240	73.5850476	4519.8
76	291.4	289.4	291.4	521,501,24,52	2243.4	39.4844610	73.5852429	4526.8
77	344.5	344.5	347.5	81,305,46,56	2234.9	39.4844622	73.5852443	4526.8
78	175.2	175.2	175.2	945,391,44,30	2231.4	39.4844161	73.5850469	4519.8
79	433.6	430.6	433.6	209,931,32,22	2217.9	39.4852001	73.5851727	4513.8
80	378.5	378.5	378.5	193,407,28,42	2204.5	39.4849518	73.5853155	4512.6
81	389.5	387.5	389.5	857,85,40,48	2200.3	39.4852024	73.5851687	4513.7
82	378.5	378.5	378.5	1725,427,46,46	2192.5	39.4849518	73.5853155	4512.6
83	398.5	397.5	399.5	641,625,32,24	2177.9	39.4852022	73.5851695	4513.8
84	410.5	403.5	411.5	927,81,29,32	2168.9	39.4852030	73.5851708	4513.8
85	477.6	477.6	477.6	805,401,38,32	2165.5	39.4851976	73.5851700	4513.8
86	308.4	307.4	310.4	79,369,21,68	2157.2	39.4844621	73.5852433	4526.8
87	444.6	444.6	445.6	501,911,28,34	2142.6	39.4852017	73.5851691	4513.8
88	229.3	229.3	229.3	593,47,32,42	2141.3	39.4844077	73.5850509	4519.9
89	256.3	256.3	256.3	657,17,22,48	2135.8	39.4844057	73.5850511	4519.9
90	468.6	467.6	469.6	155,665,31,32	2131.9	39.4851989	73.5851704	4513.8
91	497.7	496.7	498.7	277,145,22,58	2118.9	39.4851969	73.5851677	4513.8
92	99.1	96.1	108.1	151,665,19,72	2084.2	39.4844227	73.5850469	4519.9
93	294.4	292.4	295.4	108,495,21,74	2077.3	39.4844617	73.5852434	4526.8
94	237.3	237.3	244.3	573,7,38,40	2071.7	39.4844072	73.5850516	4519.9
95	315.4	315.4	317.4	343,103,22,42	2052.7	39.4844623	73.5852418	4526.8
96	503.7	499.7	503.7	247,1009,21,40	2051.7	39.4851956	73.5851679	4513.8
97	443.6	443.6	443.6	968,425,29,48	2045.8	39.4852014	73.5851695	4513.8
98	491.7	489.6	497.7	0,273,21,84	2022.0	39.4851982	73.5851666	4513.8
99	399.5	393.5	399.5	587,489,46,26	2020.8	39.4852024	73.5851695	4513.8
100	267.4	259.3	267.4	1783,271,42,66	2017.1	39.4844039	73.5850501	4519.9
101	451.6	446.6	459.6	1009,99,32,28	2012.0	39.4852022	73.5851680	4513.8
102	165.2	163.2	168.2	285,661,20,68	2006.9	39.4844159	73.5850467	4519.8
103	230.3	230.3	230.3	39,613,34,24	2005.4	39.4844078	73.5850508	4519.9
104	504.7	504.7	506.7	1891,617,29,44	2004.9	39.4851953	73.5851681	4513.8
105	269.4	269.4	269.4	1305,160,32,44	1981.0	39.4844039	73.5850508	4519.9
106	500.7	500.7	500.7	129,189,42,33	1978.1	39.4851960	73.5851676	4513.9
107	317.4	316.4	317.4	637,385,20,52	1976.0	39.4844617	73.5852418	4526.8
108	470.6	470.6	475.6	103,449,36,28	1968.9	39.4851983	73.5851705	4513.8
109	427.6	427.6	427.6	1809,387,27,46	1960.9	39.4852003	73.5851719	4513.9
110	170.2	170.2	173.2	1175,49,70,56	1960.1	39.4844163	73.5850466	4519.8
111	94.1	90.1	95.1	1799,416,26,33	1954.8	39.4844233	73.5850464	4519.8
112	379.5	379.5	379.5	1693,171,34,54	1947.4	39.4850332	73.5852640	4513.0
113	419.6	416.6	419.6	153,0,29,35	1947.4	39.4852014	73.5851715	4513.9
114	389.5	387.5	389.5	849,25,32,56	1930.3	39.4852024	73.5851687	4513.7
115	345.5	344.5	346.5	293,85,27,24	1910.8	39.4844623	73.5852442	4526.8
116	335.4	332.4	335.4	513,849,32,40	1910.7	39.4844627	73.5852439	4526.8
117	208.3	208.3	208.3	1669,327,14,80	1894.1	39.4844129	73.5850507	4519.9
118	439.6	439.6	439.6	1795,50,22,31	1885.4	39.4852007	73.5851709	4513.8
119	174.2	174.2	174.2	29,61,20,76	1856.0	39.4844161	73.5850469	4519.8
120	248.3	248.3	252.3	107,97,18,96	1854.6	39.4844066	73.5850501	4519.9
121	305.4	302.4	307.4	421,25,12,102	1852.3	39.4844621	73.5852436	4526.8
122	254.3	254.3	254.3	1329,257,32,32	1850.6	39.4844061	73.5850506	4519.9
123	355.5	355.5	359.5	341,28,54,47	1850.1	39.4844632	73.5852424	4526.8
124	226.3	226.3	226.3	0,567,25,26	1834.7	39.4844080	73.5850510	4519.9
125	114.2	110.1	116.2	121,461,12,78	1829.6	39.4844237	73.5850471	4519.8
126	198.3	187.2	208.3	1465,649,40,20	1826.7	39.4844140	73.5850490	4519.9
127	362.5	361.5	362.5	1349,957,20,44	1820.2	39.4844651	73.5852431	4526.8
128	376.5	376.5	376.5	315,783,22,32	1817.4	39.4848217	73.5854130	4512.7
129	34.0	33.0	38.1	113,113,36,72	1811.3	39.4840525	73.5849419	4498.0
130	490.6	489.6	496.7	14,237,42,44	1796.7	39.4851984	73.5851667	4513.8
131	336.4	336.4	337.4	583,795,28,30	1791.0	39.4844626	73.5852438	4526.8
132	374.5	371.5	374.5	241,169,22,42	1753.3	39.4847195	73.5854177	4514.6
133	422.6	421.6	422.6	1824,930,57,34	1750.9	39.4852010	73.5851713	4513.9
134	114.2	110.1	114.2	61,393,17,80	1748.3	39.4844237	73.5850471	4519.8
135	393.5	393.5	395.5	1101,0,37,17	1746.4	39.4852016	73.5851692	4513.8
136	439.6	439.6	442.6	448,23,33,24	1746.2	39.4852007	73.5851709	4513.8
137	74.1	74.1	74.1	129,0,14,75	1742.2	39.4844225	73.5850502	4519.9
138	415.5	413.5	415.5	101,259,20,38	1740.0	39.4852026	73.5851716	4513.9
139	491.7	491.7	500.7	65,295,40,84	1735.9	39.4851982	73.5851666	4513.8
140	198.3	197.3	198.3	1001,577,30,44	1719.3	39.4844140	73.5850490	4519.9
141	414.5	413.5	414.5	267,33,20,49	1704.7	39.4852027	73.5851715	4513.9
142	93.1	90.1	93.1	295,801,38,46	1698.4	39.4844232	73.5850459	4519.9
143	392.5	392.5	396.5	133,385,30,32	1688.7	39.4852018	73.5851688	4513.8
144	448.6	446.6	463.6	613,0,28,25	1686.5	39.4852022	73.5851686	4513.9
145	147.2	147.2	147.2	417,25,30,52	1683.5	39.4844206	73.5850489	4519.8
146	262.3	262.3	262.3	5,1054,32,26	1681.6	39.4844049	73.5850508	4519.9
147	473.6	472.6	487.6	493,173,36,30	1680.6	39.4851977	73.5851716	4513.8
148	473.6	472.6	473.6	877,941,36,56	1679.9	39.4851977	73.5851716	4513.8
149	134.2	122.2	134.2	1671,1016,27,25	1679.8	39.4844194	73.5850497	4519.8
150	310.4	308.4	311.4	521,609,24,46	1673.3	39.4844620	73.5852430	4526.8
151	500.7	500.7	500.7	1796,777,25,24	1656.3	39.4851960	73.5851676	4513.9
152	169.2	169.2	169.2	1127,183,58,48	1654.8	39.4844162	73.5850466	4519.8
153	139.2	136.2	141.2	929,439,32,36	1650.0	39.4844197	73.5850505	4519.8
154	180.2	179.2	180.2	1030,1025,40,30	1644.3	39.4844152	73.5850482	4519.8
155	351.5	351.5	360.5	516,0,21,31	1633.1	39.4844633	73.5852433	4526.8
156	301.4	292.4	302.4	260,0,45,19	1619.5	39.4844619	73.5852439	4526.8
157	137.2	130.2	141.2	1865,441,20,48	1615.2	39.4844194	73.5850505	4519.8
158	303.4	300.4	304.4	407,113,24,48	1610.2	39.4844622	73.5852438	4526.8
159	377.5	377.5	377.5	341,841,21,31	1608.5	39.4848814	73.5853670	4512.5
160	317.4	314.4	317.4	1072,599,27,20	1597.1	39.4844617	73.5852418	4526.8
161	264.3	264.3	268.4	17,767,16,34	1596.1	39.4844045	73.5850504	4519.9
162	444.6	444.6	445.6	821,753,16,32	1591.3	39.4852017	73.5851691	4513.8
163	291.4	289.4	291.4	497,453,14,54	1586.3	39.4844610	73.5852429	4526.8
164	299.4	297.4	299.4	1563,9,24,39	1584.9	39.4844619	73.5852445	4526.8
165	356.5	355.5	360.5	237,29,46,36	1578.8	39.4844633	73.5852425	4526.8
166	332.4	332.4	336.4	175,951,22,26	1567.7	39.4844630	73.5852444	4526.8
167	268.4	267.4	268.4	267,615,24,25	1560.8	39.4844039	73.5850503	4519.9
168	361.5	361.5	362.5	1377,434,34,23	1558.2	39.4844649	73.5852432	4526.8
169	420.6	420.6	422.6	1773,1031,63,34	1548.3	39.4852015	73.5851716	4513.9
170	146.2	146.2	146.2	825,27,32,56	1547.6	39.4844206	73.5850490	4519.8
171	148.2	148.2	149.2	519,116,34,27	1543.3	39.4844204	73.5850489	4519.8
172	508.7	507.7	510.7	1831,945,28,56	1536.2	39.4851949	73.5851691	4513.9
173	140.2	138.2	142.2	317,302,30,27	1531.3	39.4844198	73.5850501	4519.8
174	478.6	478.6	480.6	711,225,32,22	1528.8	39.4851977	73.5851693	4513.8
175	438.6	438.6	439.6	777,689,16,32	1524.0	39.4852006	73.5851713	4513.9
176	268.4	256.3	268.4	1819,309,28,44	1512.9	39.4844039	73.5850503	4519.9
177	221.3	221.3	221.3	1231,7,42,24	1502.3	39.4844087	73.5850510	4519.9
178	416.6	416.6	416.6	29,302,28,37	1499.9	39.4852021	73.5851714	4513.8
179	164.2	164.2	164.2	948,1027,33,44	1491.3	39.4844163	73.5850471	4519.8
180	495.7	492.7	496.7	179,804,24,49	1484.1	39.4851970	73.5851678	4513.8
181	224.3	224.3	225.3	37,513,28,32	1477.8	39.4844086	73.5850507	4519.9
182	416.6	416.6	416.6	0,237,15,38	1475.8	39.4852021	73.5851714	4513.8
183	228.3	228.3	232.3	803,557,22,28	1473.9	39.4844076	73.5850509	4519.9
184	397.5	397.5	398.5	935,273,30,16	1470.5	39.4852021	73.5851693	4513.8
185	302.4	299.4	302.4	0,649,31,40	1467.4	39.4844622	73.5852440	4526.8
186	146.2	146.2	146.2	453,130,27,31	1466.3	39.4844206	73.5850490	4519.8
187	335.4	335.4	335.4	725,985,28,18	1459.4	39.4844627	73.5852439	4526.8
188	505.7	505.7	506.7	1362,59,27,37	1459.3	39.4851951	73.5851687	4513.8
189	32.0	32.0	44.1	21,161,24,56	1456.6	39.4840516	73.5849419	4497.9
190	403.5	403.5	411.5	405,977,28,24	1454.8	39.4852027	73.5851700	4513.8
191	350.5	350.5	356.5	245,0,53,21	1453.5	39.4844633	73.5852435	4526.8
192	376.5	375.5	376.5	1857,1053,38,27	1452.6	39.4848217	73.5854130	4512.7
193	435.6	434.6	437.6	581,455,18,29	1451.3	39.4852006	73.5851723	4513.9
194	352.5	351.5	355.5	257,173,44,36	1450.4	39.4844633	73.5852430	4526.8
195	323.4	318.4	324.4	479,345,14,58	1450.3	39.4844621	73.5852431	4526.8
196	387.5	387.5	390.5	1105,145,23,37	1448.0	39.4852026	73.5851683	4513.7
197	347.5	346.5	347.5	585,943,18,34	1447.8	39.4844631	73.5852439	4526.8
198	169.2	169.2	169.2	137,109,52,42	1447.6	39.4844162	73.5850466	4519.8
199	289.4	281.4	289.4	1339,242,16,31	1444.0	39.4844608	73.5852431	4526.8
200	323.4	318.4	325.4	353,43,8,98	1441.3	39.4844621	73.5852431	4526.8
201	317.4	316.4	317.4	237,1017,36,26	1441.0	39.4844617	73.5852418	4526.8
202	150.2	150.2	150.2	643,939,30,26	1436.5	39.4844195	73.5850489	4519.8
203	257.3	254.3	263.3	361,29,29,33	1435.7	39.4844057	73.5850511	4519.9
204	490.6	481.6	491.7	617,879,40,14	1432.9	39.4851984	73.5851667	4513.8
205	452.6	446.6	456.6	1317,881,16,32	1429.7	39.4852023	73.5851679	4513.8
206	332.4	327.4	332.4	1883,843,37,24	1428.3	39.4844630	73.5852444	4526.8
207	82.1	82.1	84.1	397,325,16,74	1427.0	39.4844250	73.5850469	4519.9
208	74.1	74.1	74.1	893,97,20,32	1425.2	39.4844225	73.5850502	4519.9
209	197.3	197.3	203.3	1809,527,37,28	1422.8	39.4844140	73.5850487	4519.8
210	75.1	75.1	78.1	826,58,35,23	1420.1	39.4844230	73.5850499	4519.9
211	196.3	196.3	196.3	0,647,19,52	1418.9	39.4844139	73.5850484	4519.9
212	472.6	472.6	478.6	379,0,28,25	1411.7	39.4851978	73.5851716	4513.8
213	274.4	272.4	279.4	14,73,25,46	1408.8	39.4844042	73.5850505	4519.9
214	490.6	490.6	494.7	3,395,36,38	1407.8	39.4851984	73.5851667	4513.8
215	387.5	386.5	390.5	1887,99,12,66	1406.1	39.4852026	73.5851683	4513.7
216	505.7	504.7	506.7	1389,0,20,35	1405.5	39.4851951	73.5851687	4513.8
217	228.3	228.3	228.3	675,97,50,17	1403.3	39.4844076	73.5850509	4519.9
218	439.6	438.6	439.6	1015,177,26,17	1399.3	39.4852007	73.5851709	4513.8
219	207.3	207.3	207.3	1559,715,18,30	1397.5	39.4844130	73.5850505	4519.9
220	258.3	253.3	261.3	37,791,12,68	1396.7	39.4844054	73.5850512	4519.9
221	326.4	326.4	326.4	0,0,23,65	1395.0	39.4844622	73.5852431	4526.8
222	513.7	509.7	513.7	683,614,56,47	1391.8	39.4852759	73.5853853	4514.0
223	363.5	363.5	373.5	1090,703,29,28	1389.0	39.4844651	73.5852430	4526.8
224	467.6	467.6	467.6	60,659,25,36	1379.8	39.4851991	73.5851705	4513.8
225	259.3	258.3	262.3	455,103,24,56	1371.4	39.4844054	73.5850512	4519.9
226	255.3	255.3	255.3	1377,57,24,28	1361.4	39.4844058	73.5850508	4519.9
227	501.7	501.7	501.7	481,345,16,44	1360.4	39.4851958	73.5851678	4513.8
228	290.4	283.4	291.4	395,225,14,62	1358.0	39.4844610	73.5852430	4526.8
229	396.5	396.5	396.5	942,28,45,24	1348.5	39.4852018	73.5851691	4513.8
230	69.1	62.1	69.1	1123,553,31,30	1347.9	39.4844198	73.5850520	4519.9
231	118.2	118.2	118.2	214,469,13,72	1346.5	39.4844232	73.5850474	4519.8
232	327.4	323.4	331.4	1313,755,32,24	1337.4	39.4844623	73.5852430	4526.8
233	267.4	267.4	268.4	219,141,12,60	1336.9	39.4844039	73.5850501	4519.9
234	291.4	284.4	291.4	447,353,12,40	1332.9	39.4844610	73.5852429	4526.8
235	317.4	317.4	325.4	505,87,17,58	1332.9	39.4844617	73.5852418	4526.8
236	476.6	476.6	476.6	601,969,34,36	1331.6	39.4851974	73.5851706	4513.8
237	198.3	196.3	198.3	1021,713,26,30	1316.7	39.4844140	73.5850490	4519.9
238	435.6	434.6	436.6	1825,289,22,16	1311.2	39.4852006	73.5851723	4513.9
239	387.5	387.5	389.5	1887,40,16,57	1305.8	39.4852026	73.5851683	4513.7
240	119.2	119.2	121.2	1889,738,26,31	1304.0	39.4844232	73.5850475	4519.8
241	399.5	398.5	399.5	1767,963,25,19	1299.4	39.4852024	73.5851695	4513.8
242	351.5	348.5	352.5	689,839,28,30	1298.7	39.4844633	73.5852433	4526.8
243	445.6	444.6	445.6	381,525,22,26	1298.5	39.4852017	73.5851688	4513.8
244	282.4	282.4	282.4	1665,1035,24,45	1297.8	39.4844313	73.5852024	4526.9
245	302.4	300.4	302.4	333,17,21,56	1294.4	39.4844622	73.5852440	4526.8
246	294.4	292.4	296.4	41,367,10,66	1292.8	39.4844617	73.5852434	4526.8
247	307.4	307.4	307.4	197,427,16,58	1289.8	39.4844622	73.5852434	4526.8
248	186.2	181.2	190.3	1337,947,17,60	1289.4	39.4844150	73.5850487	4519.9
249	466.6	466.6	469.6	1165,93,24,33	1287.8	39.4851994	73.5851703	4513.8
250	331.4	330.4	336.4	73,961,18,24	1287.4	39.4844630	73.5852442	4526.8
251	319.4	318.4	321.4	492,293,17,55	1285.5	39.4844619	73.5852422	4526.8
252	224.3	224.3	225.3	1073,449,26,26	1280.5	39.4844086	73.5850507	4519.9
253	493.7	491.7	498.7	953,367,44,14	1278.9	39.4851976	73.5851671	4513.8
254	266.4	266.4	266.4	1865,178,12,75	1277.8	39.4844043	73.5850502	4519.9
255	229.3	229.3	230.3	335,63,34,16	1273.8	39.4844077	73.5850509	4519.9
256	111.1	110.1	114.2	41,539,22,34	1272.1	39.4844241	73.5850478	4519.8
257	109.1	109.1	116.2	321,254,28,24	1258.5	39.4844236	73.5850485	4519.8
258	295.4	292.4	295.4	1095,0,25,25	1252.1	39.4844617	73.5852438	4526.8
259	306.4	306.4	306.4	1701,30,42,19	1251.5	39.4844622	73.5852435	4526.8
260	446.6	446.6	459.6	498,545,25,29	1250.5	39.4852017	73.5851687	4513.9
261	502.7	502.7	502.7	1713,717,42,12	1247.9	39.4851957	73.5851678	4513.8
262	233.3	230.3	238.3	181,755,22,28	1239.8	39.4844078	73.5850511	4519.9
263	379.5	379.5	379.5	191,447,26,28	1239.0	39.4850332	73.5852640	4513.0
264	281.4	274.4	281.4	73,57,20,37	1237.4	39.4844141	73.5851717	4526.8
265	268.4	266.4	268.4	467,661,26,22	1226.4	39.4844039	73.5850503	4519.9
266	150.2	150.2	150.2	648,273,35,28	1225.9	39.4844195	73.5850489	4519.8
267	361.5	361.5	362.5	545,41,32,36	1224.9	39.4844649	73.5852432	4526.8
268	87.1	86.1	89.1	513,71,40,24	1219.7	39.4844248	73.5850462	4519.8
269	363.5	363.5	373.5	41,677,20,36	1219.4	39.4844651	73.5852430	4526.8
270	117.2	113.1	117.2	397,53,54,16	1219.2	39.4844232	73.5850473	4519.8
271	511.7	503.7	512.7	1813,785,14,30	1215.4	39.4852080	73.5852434	4513.9
272	76.1	76.1	76.1	885,295,31,20	1214.9	39.4844237	73.5850494	4519.9
273	147.2	147.2	147.2	639,949,18,22	1210.7	39.4844206	73.5850489	4519.8
274	233.3	231.3	240.3	369,657,28,20	1210.7	39.4844078	73.5850511	4519.9
275	248.3	248.3	252.3	581,157,35,20	1210.7	39.4844066	73.5850501	4519.9
276	142.2	142.2	142.2	135,135,18,42	1210.1	39.4844202	73.5850498	4519.8
277	457.6	453.6	457.6	387,1057,30,23	1206.5	39.4852021	73.5851682	4513.8
278	398.5	397.5	399.5	1691,386,28,15	1205.0	39.4852022	73.5851695	4513.8
279	162.2	151.2	162.2	959,461,34,19	1204.5	39.4844177	73.5850474	4519.8
280	335.4	335.4	339.4	905,330,32,53	1204.2	39.4844627	73.5852439	4526.8
281	437.6	435.6	437.6	327,129,26,22	1194.4	39.4852006	73.5851717	4513.9
282	119.2	119.2	121.2	321,769,18,40	1190.8	39.4844232	73.5850475	4519.8
283	117.2	111.1	117.2	490,9,48,40	1187.5	39.4844232	73.5850473	4519.8
284	141.2	141.2	141.2	28,21,23,20	1186.5	39.4844201	73.5850500	4519.8
285	453.6	451.6	453.6	265,25,24,28	1171.8	39.4852024	73.5851679	4513.8
286	351.5	350.5	351.5	1907,121,13,40	1171.4	39.4844633	73.5852433	4526.8
287	320.4	319.4	325.4	1416,847,23,30	1169.8	39.4844619	73.5852424	4526.8
288	471.6	471.6	471.6	1346,117,25,18	1166.2	39.4851980	73.5851712	4513.8
289	307.4	304.4	307.4	425,897,20,32	1166.1	39.4844622	73.5852434	4526.8
290	221.3	221.3	221.3	104,977,26,14	1164.6	39.4844087	73.5850510	4519.9
291	360.5	360.5	360.5	33,43,32,22	1163.8	39.4844646	73.5852432	4526.8
292	138.2	137.2	138.2	871,1057,60,23	1163.6	39.4844195	73.5850506	4519.8
293	229.3	229.3	230.3	143,103,24,22	1163.1	39.4844077	73.5850509	4519.9
294	477.6	477.6	477.6	103,334,34,19	1162.0	39.4851976	73.5851700	4513.8
295	500.7	500.7	500.7	1857,0,18,25	1156.6	39.4851960	73.5851676	4513.9
296	478.6	478.6	478.6	873,491,35,18	1156.0	39.4851977	73.5851693	4513.8
297	424.6	424.6	425.6	1730,904,59,28	1153.1	39.4852009	73.5851714	4513.8
298	228.3	228.3	230.3	185,85,27,28	1151.0	39.4844076	73.5850509	4519.9
299	309.4	308.4	310.4	265,881,16,28	1150.0	39.4844621	73.5852432	4526.8
300	473.6	463.6	473.6	177,987,15,52	1149.6	39.4851977	73.5851716	4513.8
301	350.5	342.5	353.5	53,313,32,30	1149.1	39.4844633	73.5852435	4526.8
302	84.1	84.1	84.1	1761,875,35,18	1146.8	39.4844254	73.5850468	4519.9
303	233.3	232.3	244.3	3,595,24,26	1145.1	39.4844078	73.5850511	4519.9
304	141.2	141.2	142.2	238,47,27,30	1143.9	39.4844201	73.5850500	4519.8
305	259.3	259.3	260.3	505,7,14,46	1140.8	39.4844054	73.5850512	4519.9
306	199.3	199.3	203.3	649,955,24,23	1140.7	39.4844137	73.5850493	4519.9
307	460.6	458.6	462.6	1511,339,26,29	1140.7	39.4852012	73.5851690	4513.8
308	378.5	377.5	378.5	163,391,30,14	1140.0	39.4849518	73.5853155	4512.6
309	291.4	283.4	291.4	953,717,28,14	1138.7	39.4844610	73.5852429	4526.8
310	204.3	204.3	204.3	1585,834,18,50	1137.9	39.4844137	73.5850502	4519.9
311	341.5	340.5	341.5	119,161,21,21	1136.8	39.4844621	73.5852441	4526.8
312	118.2	118.2	118.2	1129,967,24,50	1135.2	39.4844232	73.5850474	4519.8
313	180.2	179.2	180.2	505,947,38,22	1135.1	39.4844152	73.5850482	4519.8
314	344.5	342.5	344.5	609,858,33,15	1133.4	39.4844622	73.5852443	4526.8
315	262.3	257.3	264.3	784,149,25,42	1131.0	39.4844049	73.5850508	4519.9
316	164.2	164.2	168.2	441,39,20,24	1130.9	39.4844163	73.5850471	4519.8
317	383.5	382.5	383.5	98,121,31,32	1130.0	39.4852019	73.5851698	4513.7
318	503.7	503.7	503.7	221,865,12,32	1127.0	39.4851956	73.5851679	4513.8
319	476.6	476.6	476.6	1425,9,80,10	1126.1	39.4851974	73.5851706	4513.8
320	356.5	355.5	360.5	438,77,37,40	1124.8	39.4844633	73.5852425	4526.8
321	121.2	118.2	121.2	25,667,34,22	1123.2	39.4844224	73.5850476	4519.8
322	386.5	386.5	391.5	215,945,16,36	1122.5	39.4852029	73.5851681	4513.7
323	512.7	508.7	512.7	1544,1047,16,28	1120.4	39.4852321	73.5853126	4513.9
324	490.6	490.6	495.7	0,321,31,22	1118.7	39.4851984	73.5851667	4513.8
325	445.6	444.6	445.6	1880,167,40,12	1117.0	39.4852017	73.5851688	4513.8
326	499.7	499.7	501.7	337,295,42,20	1116.6	39.4851964	73.5851677	4513.8
327	142.2	136.2	142.2	329,683,19,26	1113.7	39.4844202	73.5850498	4519.8
328	155.2	154.2	160.2	1821,579,37,24	1111.4	39.4844188	73.5850486	4519.8
329	5.0	3.0	7.0	1262,329,27,16	1110.1	39.4840453	73.5849410	4498.0
330	218.3	213.3	219.3	823,1001,20,20	1107.2	39.4844101	73.5850508	4519.9
331	172.2	171.2	172.2	1353,137,32,20	1106.1	39.4844165	73.5850469	4519.8
332	113.1	110.1	117.2	1849,33,30,19	1104.9	39.4844239	73.5850472	4519.8
333	309.4	308.4	311.4	901,105,44,13	1104.3	39.4844621	73.5852432	4526.8
334	246.3	246.3	246.3	262,265,27,40	1100.3	39.4844067	73.5850506	4519.9
335	375.5	375.5	375.5	229,705,15,26	1100.0	39.4847683	73.5854330	4512.9
336	82.1	82.1	82.1	1636,897,25,19	1096.8	39.4844250	73.5850469	4519.9
337	451.6	447.6	454.6	1527,347,32,20	1093.3	39.4852022	73.5851680	4513.8
338	507.7	507.7	507.7	149,209,10,56	1088.1	39.4851950	73.5851695	4513.8
339	170.2	170.2	172.2	1344,138,27,16	1087.7	39.4844163	73.5850466	4519.8
340	309.4	308.4	317.4	121,46,17,35	1085.9	39.4844621	73.5852432	4526.8
341	117.2	115.2	117.2	1785,94,20,19	1083.4	39.4844232	73.5850473	4519.8
342	391.5	387.5	391.5	1849,551,32,10	1078.8	39.4852022	73.5851687	4513.8
343	478.6	478.6	478.6	253,128,27,17	1078.4	39.4851977	73.5851693	4513.8
344	472.6	472.6	475.6	1492,9,31,18	1075.5	39.4851978	73.5851716	4513.8
345	223.3	222.3	226.3	1223,137,20,25	1075.0	39.4844086	73.5850508	4519.9
346	365.5	365.5	373.5	1545,821,20,25	1074.8	39.4844657	73.5852434	4526.9
347	176.2	176.2	176.2	1028,1061,29,19	1073.7	39.4844157	73.5850470	4519.8
348	255.3	254.3	255.3	1211,33,30,24	1073.4	39.4844058	73.5850508	4519.9
349	339.4	338.4	341.5	369,121,32,24	1070.9	39.4844625	73.5852436	4526.8
350	452.6	443.6	460.6	1091,387,20,22	1067.5	39.4852023	73.5851679	4513.8
351	229.3	228.3	230.3	305,191,24,28	1067.3	39.4844077	73.5850509	4519.9
352	192.3	191.3	194.3	157,880,20,24	1066.5	39.4844150	73.5850480	4519.9
353	378.5	378.5	384.5	371,865,26,23	1064.9	39.4849518	73.5853155	4512.6
354	147.2	147.2	147.2	682,269,23,20	1064.4	39.4844206	73.5850489	4519.8
355	483.6	483.6	487.6	115,681,8,72	1064.3	39.4851984	73.5851687	4513.8
356	360.5	353.5	360.5	1153,481,18,28	1061.1	39.4844646	73.5852432	4526.8
357	244.3	237.3	244.3	41,89,14,50	1060.9	39.4844067	73.5850510	4519.9
358	433.6	433.6	434.6	275,297,13,24	1056.4	39.4852001	73.5851727	4513.8
359	471.6	470.6	471.6	867,889,26,40	1056.4	39.4851980	73.5851712	4513.8
360	63.1	62.1	69.1	1697,983,19,20	1054.4	39.4844205	73.5850511	4513.1
361	333.4	327.4	333.4	868,441,37,54	1050.7	39.4844629	73.5852442	4526.8
362	24.0	12.0	30.0	1121,193,14,28	1046.8	39.4840484	73.5849406	4498.0
363	257.3	256.3	265.4	727,153,20,32	1045.9	39.4844057	73.5850511	4519.9
364	303.4	300.4	303.4	299,45,28,30	1045.8	39.4844622	73.5852438	4526.8
365	302.4	300.4	302.4	0,0,33,24	1045.7	39.4844622	73.5852440	4526.8
366	81.1	81.1	84.1	954,395,31,21	1045.5	39.4844248	73.5850471	4519.8
367	379.5	379.5	379.5	471,819,22,26	1045.2	39.4850332	73.5852640	4513.0
368	80.1	78.1	80.1	953,473,29,20	1045.0	39.4844242	73.5850474	4519.8
369	171.2	170.2	173.2	375,129,18,26	1043.9	39.4844163	73.5850468	4519.8
370	206.3	206.3	206.3	1759,257,24,30	1043.2	39.4844135	73.5850504	4519.9
371	358.5	358.5	363.5	129,669,14,52	1041.5	39.4844639	73.5852430	4526.8
372	94.1	94.1	95.1	481,89,30,28	1041.1	39.4844233	73.5850464	4519.8
373	90.1	90.1	90.1	1179,977,24,44	1040.3	39.4844243	73.5850460	4519.8
374	305.4	303.4	305.4	1791,91,36,22	1040.0	39.4844621	73.5852436	4526.8
375	207.3	207.3	207.3	1657,977,23,26	1039.2	39.4844130	73.5850505	4519.9
376	199.3	199.3	199.3	125,823,42,22	1039.0	39.4844137	73.5850493	4519.9
377	323.4	323.4	324.4	1860,161,17,28	1038.5	39.4844621	73.5852431	4526.8
378	206.3	205.3	206.3	1889,969,16,54	1037.3	39.4844135	73.5850504	4519.9
379	229.3	226.3	229.3	809,593,29,34	1031.6	39.4844077	73.5850509	4519.9
380	226.3	226.3	226.3	269,1061,24,16	1029.6	39.4844080	73.5850510	4519.9
381	506.7	504.7	506.7	1681,612,26,33	1028.0	39.4851951	73.5851694	4513.8
382	501.7	501.7	501.7	1329,0,26,23	1027.9	39.4851958	73.5851678	4513.8
383	344.5	344.5	347.5	188,874,9,63	1021.4	39.4844622	73.5852443	4526.8
384	338.4	337.4	341.5	945,711,36,42	1020.3	39.4844625	73.5852438	4526.8
385	383.5	381.5	383.5	1865,199,36,22	1019.1	39.4852019	73.5851698	4513.7
386	246.3	246.3	246.3	221,521,16,40	1018.7	39.4844067	73.5850506	4519.9
387	300.4	294.4	301.4	207,257,46,29	1017.8	39.4844619	73.5852444	4526.8
388	336.4	336.4	336.4	761,907,26,16	1017.2	39.4844626	73.5852438	4526.8
389	450.6	450.6	450.6	1899,1043,21,20	1013.6	39.4852021	73.5851683	4513.8
390	97.1	96.1	108.1	987,925,22,32	1006.4	39.4844230	73.5850468	4519.8
391	71.1	71.1	73.1	1689,931,24,36	1005.0	39.4844207	73.5850516	4519.9
392	179.2	179.2	179.2	1152,547,15,24	1004.7	39.4844150	73.5850477	4519.8
393	205.3	205.3	205.3	1765,833,24,16	1004.5	39.4844136	73.5850504	4519.9
394	439.6	439.6	439.6	1651,178,27,23	1003.7	39.4852007	73.5851709	4513.8
395	82.1	82.1	84.1	457,359,12,51	1002.6	39.4844250	73.5850469	4519.9
396	392.5	390.5	392.5	1073,225,22,20	1000.8	39.4852018	73.5851688	4513.8
397	397.5	393.5	399.5	357,435,20,29	1000.8	39.4852021	73.5851693	4513.8
398	512.7	510.7	512.7	1879,931,12,32	1000.8	39.4852321	73.5853126	4513.9
399	89.1	87.1	89.1	1703,351,26,24	1000.5	39.4844246	73.5850460	4519.8
400	199.3	196.3	199.3	689,1053,32,16	998.9	39.4844137	73.5850493	4519.9
401	94.1	92.1	95.1	393,117,40,20	998.3	39.4844233	73.5850464	4519.8
402	82.1	81.1	84.1	685,57,40,12	995.7	39.4844250	73.5850469	4519.9
403	437.6	432.6	437.6	1883,137,18,17	994.8	39.4852006	73.5851717	4513.9
404	342.5	342.5	343.5	445,745,26,28	994.3	39.4844621	73.5852440	4526.8
405	77.1	77.1	79.1	1077,966,14,45	992.5	39.4844242	73.5850487	4519.9
406	354.5	354.5	356.5	11,705,22,31	991.5	39.4844632	73.5852425	4526.8
407	318.4	318.4	321.4	1295,703,21,30	990.4	39.4844618	73.5852420	4526.8
408	506.7	505.7	506.7	5,731,14,42	988.8	39.4851951	73.5851694	4513.8
409	340.5	338.4	340.5	1905,625,15,40	988.2	39.4844622	73.5852439	4526.8
410	308.4	308.4	308.4	114,452,31,33	985.6	39.4844621	73.5852433	4526.8
411	140.2	140.2	141.2	1249,0,24,19	981.4	39.4844198	73.5850501	4519.8
412	318.4	318.4	318.4	57,1043,20,37	980.2	39.4844618	73.5852420	4526.8
413	205.3	203.3	205.3	1541,853,28,21	978.3	39.4844136	73.5850504	4519.9
414	415.5	413.5	415.5	323,247,28,26	977.7	39.4852026	73.5851716	4513.9
415	427.6	427.6	427.6	553,851,22,18	976.9	39.4852003	73.5851719	4513.9
416	304.4	304.4	304.4	401,0,16,25	976.8	39.4844621	73.5852438	4526.8
417	479.6	479.6	479.6	751,497,38,30	976.7	39.4851982	73.5851691	4513.8
418	439.6	439.6	439.6	1483,755,30,14	976.2	39.4852007	73.5851709	4513.8
419	396.5	396.5	396.5	769,857,16,24	974.2	39.4852018	73.5851691	4513.8
420	476.6	476.6	476.6	753,244,19,23	973.3	39.4851974	73.5851706	4513.8
421	198.3	197.3	198.3	273,881,20,20	971.3	39.4844140	73.5850490	4519.9
422	317.4	316.4	317.4	561,235,12,34	969.7	39.4844617	73.5852418	4526.8
423	168.2	163.2	168.2	1097,821,16,40	968.3	39.4844161	73.5850466	4519.8
424	101.1	99.1	108.1	886,373,35,19	967.5	39.4844228	73.5850472	4519.9
425	509.7	507.7	510.7	1778,921,18,34	967.0	39.4851950	73.5851694	4513.9
426	341.5	341.5	341.5	51,279,38,50	966.7	39.4844621	73.5852441	4526.8
427	471.6	471.6	471.6	0,291,13,24	964.5	39.4851980	73.5851712	4513.8
428	433.6	433.6	437.6	467,1025,20,20	963.8	39.4852001	73.5851727	4513.8
429	440.6	440.6	443.6	981,7,36,38	963.7	39.4852011	73.5851705	4513.9
430	378.5	378.5	378.5	1913,635,7,73	963.6	39.4849518	73.5853155	4512.6
431	489.6	489.6	489.6	0,125,15,28	962.9	39.4851985	73.5851670	4513.8
432	140.2	139.2	140.2	955,449,18,38	962.8	39.4844198	73.5850501	4519.8
433	145.2	144.2	145.2	1737,997,22,20	962.6	39.4844205	73.5850492	4519.8
434	33.0	33.0	42.1	305,337,17,24	961.2	39.4840519	73.5849418	4498.0
435	297.4	296.4	297.4	69,975,20,20	960.7	39.4844618	73.5852444	4526.8
436	300.4	300.4	300.4	1686,0,26,16	959.6	39.4844619	73.5852444	4526.8
437	27.0	17.0	30.0	974,99,13,26	954.8	39.4840496	73.5849409	4498.0
438	129.2	125.2	136.2	379,489,14,69	951.4	39.4844201	73.5850487	4519.8
439	84.1	77.1	84.1	394,739,20,45	951.2	39.4844254	73.5850468	4519.9
440	438.6	438.6	439.6	269,405,20,24	950.7	39.4852006	73.5851713	4513.9
441	164.2	164.2	164.2	671,65,34,14	950.4	39.4844163	73.5850471	4519.8
442	400.5	400.5	400.5	1825,921,12,36	950.2	39.4852025	73.5851697	4513.8
443	159.2	159.2	159.2	209,937,24,20	948.5	39.4844176	73.5850479	4519.8
444	239.3	238.3	244.3	753,69,21,30	948.4	39.4844065	73.5850513	4519.9
445	390.5	387.5	390.5	1013,41,44,17	948.0	39.4852022	73.5851688	4513.8
446	477.6	477.6	477.6	269,85,20,28	945.8	39.4851976	73.5851700	4513.8
447	68.1	59.1	70.1	1103,913,25,32	940.4	39.4844201	73.5850517	4519.9
448	245.3	245.3	245.3	1878,633,26,18	940.3	39.4844067	73.5850508	4519.9
449	186.2	181.2	190.3	1241,323,24,18	935.8	39.4844150	73.5850487	4519.9
450	169.2	169.2	169.2	1353,105,40,20	934.1	39.4844162	73.5850466	4519.8
451	433.6	433.6	437.6	129,689,22,14	934.0	39.4852001	73.5851727	4513.8
452	476.6	476.6	476.6	543,889,22,24	932.4	39.4851974	73.5851706	4513.8
453	229.3	229.3	229.3	249,71,21,20	932.1	39.4844077	73.5850509	4519.9
454	248.3	248.3	250.3	396,263,20,28	931.5	39.4844066	73.5850501	4519.9
455	297.4	297.4	297.4	185,281,20,52	929.2	39.4844618	73.5852444	4526.8
456	232.3	231.3	233.3	1897,0,23,21	927.7	39.4844079	73.5850508	4519.9
457	505.7	504.7	505.7	1294,0,25,13	927.1	39.4851951	73.5851687	4513.8
458	299.4	294.4	299.4	49,393,20,26	926.8	39.4844619	73.5852445	4526.8
459	48.1	48.1	60.1	165,111,8,36	926.2	39.4844108	73.5850477	4498.0
460	90.1	90.1	94.1	439,565,16,58	925.5	39.4844243	73.5850460	4519.8
461	13.0	12.0	13.0	1887,449,23,26	923.2	39.4840458	73.5849421	4498.0
462	357.5	353.5	362.5	509,253,19,28	919.4	39.4844636	73.5852426	4526.8
463	12.0	12.0	13.0	0,569,17,24	918.8	39.4840453	73.5849418	4498.0
464	404.5	403.5	412.5	387,641,14,21	917.6	39.4852028	73.5851699	4513.8
465	163.2	163.2	163.2	10,241,11,64	917.3	39.4844169	73.5850473	4519.8
466	347.5	346.5	347.5	189,315,21,24	916.4	39.4844631	73.5852439	4526.8
467	140.2	139.2	142.2	1601,111,24,18	915.6	39.4844198	73.5850501	4519.8
468	415.5	413.5	415.5	135,327,14,31	914.3	39.4852026	73.5851716	4513.9
469	352.5	349.5	359.5	209,557,28,20	911.9	39.4844633	73.5852430	4526.8
470	311.4	311.4	311.4	975,159,34,17	911.2	39.4844620	73.5852427	4526.8
471	85.1	85.1	85.1	123,995,12,30	910.8	39.4844251	73.5850467	4519.9
472	326.4	326.4	326.4	890,481,13,40	909.3	39.4844622	73.5852431	4526.8
473	2.0	0.0	4.0	1889,239,28,20	909.0	39.4840438	73.5849408	4497.9
474	391.5	387.5	391.5	75,417,22,24	909.0	39.4852022	73.5851687	4513.8
475	479.6	475.6	482.6	879,693,26,26	907.4	39.4851982	73.5851691	4513.8
476	192.3	192.3	198.3	37,213,26,21	906.8	39.4844150	73.5850480	4519.9
477	294.4	292.4	295.4	1359,277,14,20	903.9	39.4844617	73.5852434	4526.8
478	503.7	503.7	503.7	1777,541,24,20	902.2	39.4851956	73.5851679	4513.8
479	429.6	426.6	433.6	23,709,19,52	901.6	39.4852000	73.5851722	4513.9
480	117.2	115.2	117.2	1305,586,22,24	899.1	39.4844232	73.5850473	4519.8
481	427.6	427.6	427.6	1777,497,20,32	899.1	39.4852003	73.5851719	4513.9
482	216.3	214.3	217.3	187,1011,18,34	897.7	39.4844104	73.5850508	4519.9
483	507.7	502.7	507.7	1731,573,22,22	897.4	39.4851950	73.5851695	4513.8
484	97.1	96.1	105.1	1833,739,30,30	895.6	39.4844230	73.5850468	4519.8
485	512.7	509.7	513.7	1121,950,28,33	895.0	39.4852321	73.5853126	4513.9
486	422.6	422.6	425.6	1682,917,19,35	894.9	39.4852010	73.5851713	4513.9
487	338.4	327.4	341.5	1481,105,15,24	893.4	39.4844625	73.5852438	4526.8
488	174.2	174.2	174.2	379,701,30,35	890.2	39.4844161	73.5850469	4519.8
489	478.6	478.6	478.6	471,986,20,16	889.3	39.4851977	73.5851693	4513.8
490	512.7	509.7	513.7	817,747,16,24	889.3	39.4852321	73.5853126	4513.9
491	397.5	388.5	398.5	129,407,12,28	885.4	39.4852021	73.5851693	4513.8
492	474.6	471.6	475.6	61,985,20,16	884.1	39.4851977	73.5851717	4513.8
493	96.1	96.1	102.1	1817,793,24,19	882.8	39.4844231	73.5850467	4519.8
494	37.0	30.0	41.1	283,146,14,30	881.8	39.4840724	73.5849459	4497.9
495	383.5	382.5	383.5	28,129,29,26	881.0	39.4852019	73.5851698	4513.7
496	419.6	418.6	423.6	667,924,43,23	880.5	39.4852014	73.5851715	4513.9
497	224.3	224.3	225.3	269,929,26,14	880.1	39.4844086	73.5850507	4519.9
498	399.5	397.5	399.5	1399,785,18,16	879.4	39.4852024	73.5851695	4513.8
499	509.7	509.7	511.7	1789,841,12,36	879.3	39.4851950	73.5851694	4513.9
500	464.6	458.6	465.6	1398,927,27,10	877.4	39.4851999	73.5851700	4513.8
501	327.4	327.4	331.4	125,404,18,37	876.5	39.4844623	73.5852430	4526.8
502	97.1	96.1	108.1	343,567,12,49	875.9	39.4844230	73.5850468	4519.8
503	417.6	416.6	417.6	305,15,38,8	875.7	39.4852019	73.5851716	4513.8
504	100.1	96.1	108.1	41,737,10,54	874.5	39.4844226	73.5850469	4519.9
505	228.3	228.3	230.3	147,231,33,36	873.0	39.4844076	73.5850509	4519.9
506	229.3	229.3	229.3	280,305,25,40	870.1	39.4844077	73.5850509	4519.9
507	17.0	9.0	20.0	1574,283,39,18	869.4	39.4840469	73.5849419	4498.0
508	294.4	293.4	294.4	217,23,18,18	868.5	39.4844617	73.5852434	4526.8
509	246.3	246.3	246.3	1673,425,44,37	868.3	39.4844067	73.5850506	4519.9
510	109.1	109.1	109.1	669,19,38,18	867.2	39.4844236	73.5850485	4519.8
511	298.4	286.4	298.4	61,333,16,29	867.2	39.4844620	73.5852445	4526.8
512	213.3	210.3	216.3	435,190,22,19	865.1	39.4844121	73.5850513	4519.9
513	312.4	312.4	313.4	753,126,16,35	864.3	39.4844621	73.5852425	4526.8
514	373.5	366.5	373.5	161,545,16,24	863.1	39.4846761	73.5853836	4516.7
515	232.3	231.3	233.3	1837,63,36,12	862.1	39.4844079	73.5850508	4519.9
516	295.4	292.4	297.4	249,488,32,65	861.9	39.4844617	73.5852438	4526.8
517	354.5	352.5	356.5	373,273,40,14	861.4	39.4844632	73.5852425	4526.8
518	91.1	91.1	93.1	1163,926,15,35	861.3	39.4844239	73.5850459	4519.9
519	228.3	228.3	228.3	1844,840,23,24	859.4	39.4844076	73.5850509	4519.9
520	377.5	377.5	377.5	1749,647,22,24	859.0	39.4848814	73.5853670	4512.5
521	248.3	248.3	252.3	1225,19,18,20	857.0	39.4844066	73.5850501	4519.9
522	289.4	289.4	289.4	1899,191,21,32	855.5	39.4844608	73.5852431	4526.8
523	471.6	471.6	471.6	457,113,18,20	854.0	39.4851980	73.5851712	4513.8
524	343.5	342.5	343.5	437,365,28,24	850.7	39.4844621	73.5852441	4526.8
525	507.7	507.7	507.7	1201,13,20,30	849.7	39.4851950	73.5851695	4513.8
526	319.4	319.4	320.4	1747,89,18,21	849.2	39.4844619	73.5852422	4526.8
527	502.7	502.7	502.7	429,947,20,19	849.2	39.4851957	73.5851678	4513.8
528	392.5	392.5	392.5	1129,105,24,20	847.9	39.4852018	73.5851688	4513.8
529	335.4	335.4	335.4	353,867,14,28	847.6	39.4844627	73.5852439	4526.8
530	123.2	122.2	124.2	393,203,14,62	847.4	39.4844215	73.5850478	4519.8
531	359.5	355.5	360.5	449,105,26,22	846.5	39.4844642	73.5852432	4526.8
532	227.3	227.3	227.3	493,23,32,23	846.1	39.4844077	73.5850511	4519.9
533	307.4	307.4	307.4	273,1057,12,23	845.4	39.4844622	73.5852434	4526.8
534	58.1	48.1	60.1	37,69,28,24	843.2	39.4844219	73.5850504	4504.6
535	180.2	179.2	180.2	1505,513,16,21	842.5	39.4844152	73.5850482	4519.8
536	482.6	480.6	482.6	1837,109,22,36	842.5	39.4851984	73.5851686	4513.8
537	72.1	72.1	72.1	41,189,12,62	842.0	39.4844212	73.5850511	4519.9
538	89.1	85.1	89.1	1063,552,29,14	840.8	39.4844246	73.5850460	4519.8
539	164.2	164.2	168.2	413,265,12,43	840.7	39.4844163	73.5850471	4519.8
540	497.7	495.7	498.7	429,209,28,16	839.5	39.4851969	73.5851677	4513.8
541	298.4	293.4	302.4	433,511,16,22	839.4	39.4844620	73.5852445	4526.8
542	317.4	314.4	317.4	1586,452,19,21	839.3	39.4844617	73.5852418	4526.8
543	150.2	150.2	150.2	251,157,34,26	839.0	39.4844195	73.5850489	4519.8
544	471.6	467.6	471.6	1007,745,16,30	838.5	39.4851980	73.5851712	4513.8
545	321.4	321.4	321.4	93,769,7,47	835.8	39.4844620	73.5852427	4526.8
546	351.5	348.5	353.5	705,667,28,29	835.8	39.4844633	73.5852433	4526.8
547	196.3	196.3	196.3	1889,0,18,19	831.9	39.4844139	73.5850484	4519.9
548	195.3	194.3	195.3	249,917,17,20	831.6	39.4844141	73.5850482	4519.9
549	230.3	230.3	230.3	107,561,16,20	831.6	39.4844078	73.5850508	4519.9
550	398.5	398.5	401.5	1027,1042,8,29	830.4	39.4852022	73.5851695	4513.8
551	423.6	423.6	423.6	156,545,31,25	830.4	39.4852009	73.5851711	4513.9
552	343.5	343.5	343.5	1569,25,23,24	829.7	39.4844621	73.5852441	4526.8
553	357.5	357.5	360.5	47,665,8,44	829.5	39.4844636	73.5852426	4526.8
554	441.6	441.6	441.6	945,383,24,18	827.1	39.4852013	73.5851703	4513.8
555	259.3	258.3	259.3	1659,39,14,24	826.4	39.4844054	73.5850512	4519.9
556	290.4	289.4	291.4	1641,638,16,25	823.3	39.4844610	73.5852430	4526.8
557	484.6	479.6	489.6	417,513,24,22	823.2	39.4851984	73.5851685	4513.8
558	391.5	387.5	391.5	577,35,27,16	823.1	39.4852022	73.5851687	4513.8
559	88.1	79.1	89.1	629,92,36,21	822.4	39.4844245	73.5850460	4519.8
560	393.5	393.5	393.5	17,273,16,16	822.0	39.4852016	73.5851692	4513.8
561	266.4	265.4	266.4	1877,257,12,54	819.3	39.4844043	73.5850502	4519.9
562	89.1	85.1	89.1	1741,137,28,21	819.2	39.4844246	73.5850460	4519.8
563	491.7	491.7	494.7	135,49,18,26	819.1	39.4851982	73.5851666	4513.8
564	95.1	94.1	95.1	1533,77,30,19	818.3	39.4844231	73.5850465	4519.8
565	475.6	475.6	475.6	1288,21,49,14	817.1	39.4851975	73.5851712	4513.8
566	342.5	342.5	343.5	505,665,21,16	815.8	39.4844621	73.5852440	4526.8
567	491.7	490.6	498.7	33,209,18,32	815.7	39.4851982	73.5851666	4513.8
568	140.2	139.2	141.2	437,493,18,21	815.6	39.4844198	73.5850501	4519.8
569	240.3	239.3	244.3	1551,65,20,16	815.5	39.4844062	73.5850510	4519.9
570	438.6	438.6	439.6	473,865,20,16	813.1	39.4852006	73.5851713	4513.9
571	189.3	189.3	191.3	1653,145,24,16	811.0	39.4844148	73.5850483	4519.7
572	148.2	148.2	149.2	0,159,11,35	809.8	39.4844204	73.5850489	4519.8
573	503.7	496.7	503.7	850,641,31,16	809.1	39.4851956	73.5851679	4513.8
574	335.4	329.4	335.4	666,1059,27,21	808.8	39.4844627	73.5852439	4526.8
575	199.3	199.3	199.3	217,963,20,18	808.5	39.4844137	73.5850493	4519.9
576	308.4	305.4	309.4	153,523,15,38	808.5	39.4844621	73.5852433	4526.8
577	436.6	434.6	437.6	287,727,22,14	806.8	39.4852005	73.5851720	4513.9
578	176.2	176.2	176.2	1140,623,19,19	806.7	39.4844157	73.5850470	4519.8
579	309.4	309.4	310.4	249,833,15,24	806.6	39.4844621	73.5852432	4526.8
580	471.6	470.6	471.6	554,265,23,19	806.6	39.4851980	73.5851712	4513.8
581	266.4	264.3	266.4	1843,65,14,32	804.6	39.4844043	73.5850502	4519.9
582	125.2	124.2	128.2	32,795,25,22	804.0	39.4844213	73.5850484	4519.8
583	391.5	390.5	392.5	449,899,16,31	802.9	39.4852022	73.5851687	4513.8
584	413.5	413.5	416.6	341,639,28,16	801.2	39.4852028	73.5851714	4513.8
585	228.3	228.3	228.3	1133,973,18,20	800.9	39.4844076	73.5850509	4519.9
586	311.4	307.4	311.4	477,217,10,48	799.1	39.4844620	73.5852427	4526.8
587	477.6	476.6	477.6	94,395,7,43	798.0	39.4851976	73.5851700	4513.8
588	221.3	221.3	222.3	1313,59,32,22	797.4	39.4844087	73.5850510	4519.9
589	348.5	348.5	351.5	493,643,20,34	794.8	39.4844631	73.5852437	4526.8
590	414.5	414.5	415.5	305,192,14,17	794.7	39.4852027	73.5851715	4513.9
591	465.6	465.6	466.6	65,981,16,18	794.6	39.4851998	73.5851702	4513.8
592	398.5	395.5	399.5	289,773,24,18	793.8	39.4852022	73.5851695	4513.8
593	174.2	174.2	174.2	979,516,24,17	793.6	39.4844161	73.5850469	4519.8
594	478.6	478.6	478.6	5,443,26,14	792.9	39.4851977	73.5851693	4513.8
595	418.6	416.6	425.6	0,657,11,18	790.9	39.4852018	73.5851716	4513.9
596	246.3	246.3	246.3	54,857,17,40	790.6	39.4844067	73.5850506	4519.9
597	298.4	292.4	299.4	97,397,24,28	790.2	39.4844620	73.5852445	4526.8
598	427.6	427.6	428.6	1249,97,32,12	788.7	39.4852003	73.5851719	4513.9
599	330.4	329.4	330.4	1549,193,24,20	788.6	39.4844629	73.5852439	4526.8
600	323.4	323.4	324.4	698,839,23,18	787.1	39.4844621	73.5852431	4526.8
601	221.3	221.3	227.3	1379,19,14,20	786.2	39.4844087	73.5850510	4519.9
602	36.0	35.0	46.1	0,177,9,28	782.5	39.4840566	73.5849419	4497.9
603	376.5	368.5	376.5	1729,805,18,24	781.6	39.4848217	73.5854130	4512.7
604	419.6	419.6	420.6	1735,1057,18,23	780.8	39.4852014	73.5851715	4513.9
605	427.6	427.6	427.6	1239,149,14,22	780.4	39.4852003	73.5851719	4513.9
606	441.6	441.6	442.6	1845,481,22,18	780.2	39.4852013	73.5851703	4513.8
607	324.4	323.4	324.4	1849,917,32,16	780.1	39.4844622	73.5852433	4526.8
608	170.2	169.2	176.2	1249,499,16,26	779.6	39.4844163	73.5850466	4519.8
609	299.4	299.4	300.4	1537,241,24,26	779.3	39.4844619	73.5852445	4526.8
610	201.3	199.3	201.3	327,945,17,22	778.9	39.4844138	73.5850496	4519.9
611	197.3	196.3	197.3	297,986,24,17	778.8	39.4844140	73.5850487	4519.8
612	355.5	355.5	360.5	17,473,24,38	776.5	39.4844632	73.5852424	4526.8
613	84.1	82.1	84.1	1167,833,14,36	776.2	39.4844254	73.5850468	4519.9
614	400.5	400.5	400.5	1677,25,16,20	773.8	39.4852025	73.5851697	4513.8
615	326.4	326.4	326.4	1775,96,9,35	773.6	39.4844622	73.5852431	4526.8
616	357.5	356.5	360.5	403,31,24,22	771.6	39.4844636	73.5852426	4526.8
617	238.3	237.3	244.3	529,87,39,18	770.6	39.4844069	73.5850513	4519.9
618	394.5	394.5	395.5	973,0,20,19	770.6	39.4852016	73.5851692	4513.7
619	156.2	156.2	156.2	1835,993,16,32	769.0	39.4844185	73.5850486	4519.8
620	222.3	221.3	223.3	103,501,18,20	768.8	39.4844085	73.5850508	4519.9
621	85.1	85.1	85.1	3,666,12,23	767.3	39.4844251	73.5850467	4519.9
622	267.4	266.4	268.4	1717,29,24,22	766.4	39.4844039	73.5850501	4519.9
623	161.2	156.2	161.2	961,439,26,17	765.7	39.4844178	73.5850476	4519.8
624	205.3	205.3	205.3	34,94,21,15	763.8	39.4844136	73.5850504	4519.9
625	497.7	495.7	502.7	161,223,16,26	763.4	39.4851969	73.5851677	4513.8
626	501.7	501.7	501.7	1345,294,18,25	758.4	39.4851958	73.5851678	4513.8
627	176.2	176.2	176.2	1470,559,17,32	758.1	39.4844157	73.5850470	4519.8
628	131.2	123.2	133.2	1353,1029,18,27	757.5	39.4844197	73.5850489	4519.8
629	496.7	492.7	497.7	995,745,14,38	756.9	39.4851968	73.5851677	4513.8
630	382.5	381.5	382.5	805,993,15,18	754.9	39.4851977	73.5851740	4513.7
631	229.3	229.3	229.3	430,410,8,38	754.1	39.4844077	73.5850509	4519.9
632	138.2	137.2	142.2	622,197,20,19	750.3	39.4844195	73.5850506	4519.8
633	335.4	335.4	335.4	913,167,66,12	748.7	39.4844627	73.5852439	4526.8
634	85.1	82.1	85.1	73,329,16,32	748.5	39.4844251	73.5850467	4519.9
635	381.5	381.5	386.5	866,633,21,24	748.5	39.4851785	73.5851857	4513.7
636	447.6	446.6	454.6	789,1009,24,12	748.0	39.4852019	73.5851688	4513.9
637	391.5	391.5	391.5	1557,1025,16,18	747.6	39.4852022	73.5851687	4513.8
638	302.4	300.4	303.4	373,85,44,16	747.0	39.4844622	73.5852440	4526.8
639	475.6	470.6	475.6	562,865,31,16	746.6	39.4851975	73.5851712	4513.8
640	156.2	156.2	156.2	743,335,13,28	746.3	39.4844185	73.5850486	4519.8
641	260.3	257.3	260.3	1915,345,5,56	746.2	39.4844054	73.5850511	4519.9
642	358.5	358.5	359.5	0,973,23,28	746.1	39.4844639	73.5852430	4526.8
643	291.4	289.4	291.4	379,119,14,34	745.2	39.4844610	73.5852429	4526.8
644	76.1	76.1	76.1	1481,1017,10,50	744.1	39.4844237	73.5850494	4519.9
645	456.6	456.6	457.6	1387,0,22,25	743.0	39.4852023	73.5851682	4513.8
646	81.1	81.1	81.1	401,881,16,16	742.3	39.4844248	73.5850471	4519.8
647	248.3	248.3	249.3	833,1025,16,20	740.3	39.4844066	73.5850501	4519.9
648	230.3	227.3	231.3	1367,387,27,30	740.1	39.4844078	73.5850508	4519.9
649	296.4	296.4	296.4	57,89,30,12	740.0	39.4844620	73.5852443	4526.8
650	322.4	320.4	322.4	451,0,10,45	739.7	39.4844621	73.5852428	4526.8
651	258.3	257.3	270.4	503,809,20,34	739.3	39.4844054	73.5850512	4519.9
652	253.3	253.3	253.3	0,1017,9,24	739.1	39.4844062	73.5850506	4519.9
653	79.1	77.1	89.1	953,429,22,16	739.0	39.4844245	73.5850479	4519.9
654	120.2	119.2	121.2	393,377,10,42	734.0	39.4844229	73.5850476	4519.8
655	204.3	204.3	204.3	1377,641,16,29	733.7	39.4844137	73.5850502	4519.9
656	429.6	427.6	429.6	0,645,17,36	730.8	39.4852000	73.5851722	4513.9
657	205.3	205.3	208.3	1701,597,26,13	730.7	39.4844136	73.5850504	4519.9
658	415.5	415.5	415.5	609,295,24,20	730.5	39.4852026	73.5851716	4513.9
659	480.6	479.6	480.6	1873,713,26,14	729.4	39.4851984	73.5851688	4513.8
660	90.1	90.1	92.1	694,177,43,14	729.3	39.4844243	73.5850460	4519.8
661	340.5	339.4	341.5	105,169,32,28	729.1	39.4844622	73.5852439	4526.8
662	470.6	470.6	470.6	574,0,22,17	727.5	39.4851983	73.5851705	4513.8
663	110.1	109.1	110.1	589,47,20,17	726.3	39.4844236	73.5850480	4519.8
664	402.5	402.5	402.5	1325,765,17,14	725.3	39.4852027	73.5851702	4513.8
665	35.0	22.0	38.1	1169,321,16,16	724.7	39.4840531	73.5849415	4498.0
666	434.6	434.6	434.6	1857,65,16,16	724.4	39.4852003	73.5851726	4513.9
667	99.1	97.1	106.1	219,383,15,42	724.0	39.4844227	73.5850469	4519.9
668	499.7	499.7	499.7	119,409,18,18	723.8	39.4851964	73.5851677	4513.8
669	440.6	440.6	440.6	1713,33,32,21	723.6	39.4852011	73.5851705	4513.9
670	133.2	132.2	133.2	1357,1025,20,24	723.4	39.4844194	73.5850495	4519.8
671	229.3	229.3	229.3	1763,431,18,18	722.9	39.4844077	73.5850509	4519.9
672	348.5	348.5	348.5	833,639,31,10	722.5	39.4844631	73.5852437	4526.8
673	9.0	6.0	10.0	660,583,9,24	722.0	39.4840448	73.5849413	4498.0
674	326.4	326.4	326.4	583,987,11,30	721.4	39.4844622	73.5852431	4526.8
675	467.6	462.6	469.6	827,653,18,19	720.7	39.4851991	73.5851705	4513.8
676	322.4	318.4	325.4	1557,981,30,18	719.3	39.4844621	73.5852428	4526.8
677	345.5	345.5	347.5	311,1035,14,30	718.8	39.4844623	73.5852442	4526.8
678	472.6	472.6	473.6	525,113,40,40	718.0	39.4851978	73.5851716	4513.8
679	164.2	164.2	164.2	1597,799,18,16	717.8	39.4844163	73.5850471	4519.8
680	426.6	426.6	426.6	107,215,16,16	716.7	39.4852005	73.5851717	4513.9
681	196.3	196.3	196.3	0,917,13,24	716.3	39.4844139	73.5850484	4519.9
682	384.5	384.5	384.5	1601,209,24,32	715.3	39.4852029	73.5851679	4513.7
683	92.1	92.1	93.1	1857,808,16,25	714.6	39.4844234	73.5850457	4519.9
684	302.4	298.4	302.4	17,148,24,23	713.6	39.4844622	73.5852440	4526.8
685	102.1	97.1	106.1	953,422,24,23	713.1	39.4844227	73.5850473	4519.8
686	200.3	196.3	201.3	506,1025,15,24	713.1	39.4844136	73.5850495	4519.9
687	476.6	476.6	476.6	165,0,36,29	713.1	39.4851974	73.5851706	4513.8
688	81.1	81.1	81.1	203,65,15,49	712.6	39.4844248	73.5850471	4519.8
689	402.5	402.5	402.5	26,251,24,22	712.0	39.4852027	73.5851702	4513.8
690	176.2	176.2	176.2	515,987,28,18	711.5	39.4844157	73.5850470	4519.8
691	489.6	487.6	490.6	1771,825,14,24	711.5	39.4851985	73.5851670	4513.8
692	169.2	169.2	169.2	67,457,12,32	711.2	39.4844162	73.5850466	4519.8
693	199.3	199.3	199.3	251,530,22,47	710.5	39.4844137	73.5850493	4519.9
694	475.6	475.6	475.6	173,13,36,28	709.3	39.4851975	73.5851712	4513.8
695	175.2	175.2	177.2	77,957,18,32	709.0	39.4844161	73.5850469	4519.8
696	403.5	403.5	405.5	827,797,18,28	709.0	39.4852027	73.5851700	4513.8
697	87.1	85.1	88.1	1073,745,16,32	708.9	39.4844248	73.5850462	4519.8
698	421.6	421.6	422.6	1660,1000,29,11	708.8	39.4852011	73.5851714	4513.9
699	200.3	199.3	200.3	227,843,24,22	706.9	39.4844136	73.5850495	4519.9
700	442.6	441.6	442.6	628,395,13,22	706.7	39.4852013	73.5851701	4513.8
701	259.3	259.3	260.3	561,19,44,6	705.8	39.4844054	73.5850512	4519.9
702	303.4	299.4	303.4	1273,17,28,19	703.7	39.4844622	73.5852438	4526.8
703	436.6	435.6	437.6	49,293,20,14	702.8	39.4852005	73.5851720	4513.9
704	197.3	197.3	197.3	945,729,16,12	702.6	39.4844140	73.5850487	4519.8
705	94.1	94.1	101.1	1383,667,16,23	701.5	39.4844233	73.5850464	4519.8
706	331.4	331.4	333.4	23,1045,31,16	699.8	39.4844630	73.5852442	4526.8
707	211.3	210.3	213.3	1633,175,18,26	698.6	39.4844126	73.5850514	4519.9
708	230.3	230.3	230.3	0,123,7,30	697.1	39.4844078	73.5850508	4519.9
709	360.5	360.5	360.5	201,37,24,18	696.5	39.4844646	73.5852432	4526.8
710	338.4	337.4	338.4	757,975,16,18	695.1	39.4844625	73.5852438	4526.8
711	402.5	402.5	402.5	274,282,19,22	694.8	39.4852027	73.5851702	4513.8
712	323.4	323.4	324.4	539,989,16,20	692.2	39.4844621	73.5852431	4526.8
713	318.4	318.4	318.4	1667,105,18,20	691.7	39.4844618	73.5852420	4526.8
714	319.4	319.4	324.4	431,167,6,58	688.6	39.4844619	73.5852422	4526.8
715	351.5	350.5	356.5	41,165,24,20	688.1	39.4844633	73.5852433	4526.8
716	354.5	352.5	354.5	668,345,15,22	687.8	39.4844632	73.5852425	4526.8
717	388.5	388.5	390.5	1291,835,16,14	687.2	39.4852025	73.5851685	4513.7
718	184.2	179.2	186.2	1557,951,12,29	686.5	39.4844149	73.5850487	4519.9
719	71.1	71.1	73.1	101,657,14,36	686.4	39.4844207	73.5850516	4519.9
720	264.3	261.3	264.3	1119,9,30,9	686.1	39.4844045	73.5850504	4519.9
721	116.2	116.2	116.2	663,297,26,10	686.0	39.4844234	73.5850472	4519.8
722	251.3	250.3	251.3	1841,905,12,24	686.0	39.4844064	73.5850501	4519.9
723	493.7	491.7	498.7	1169,301,12,30	685.5	39.4851976	73.5851671	4513.8
724	253.3	253.3	253.3	163,969,22,15	685.2	39.4844062	73.5850506	4519.9
725	397.5	397.5	399.5	49,378,34,16	682.6	39.4852021	73.5851693	4513.8
726	384.5	384.5	384.5	1157,309,22,20	681.8	39.4852029	73.5851679	4513.7
727	442.6	442.6	442.6	39,247,56,16	681.2	39.4852013	73.5851701	4513.8
728	303.4	303.4	306.4	686,1059,19,14	680.3	39.4844622	73.5852438	4526.8
729	140.2	140.2	146.2	209,0,15,21	679.6	39.4844198	73.5850501	4519.8
730	387.5	387.5	388.5	1099,87,20,20	679.5	39.4852026	73.5851683	4513.7
731	503.7	503.7	504.7	1257,601,24,16	677.9	39.4851956	73.5851679	4513.8
732	169.2	169.2	169.2	1249,258,20,23	677.3	39.4844162	73.5850466	4519.8
733	147.2	147.2	147.2	309,369,24,22	676.3	39.4844206	73.5850489	4519.8
734	148.2	148.2	154.2	647,615,22,13	675.6	39.4844204	73.5850489	4519.8
735	344.5	344.5	347.5	42,433,23,20	675.5	39.4844622	73.5852443	4526.8
736	445.6	445.6	445.6	1842,0,15,17	675.5	39.4852017	73.5851688	4513.8
737	476.6	476.6	476.6	193,577,18,24	675.1	39.4851974	73.5851706	4513.8
738	81.1	81.1	81.1	553,377,10,52	675.0	39.4844248	73.5850471	4519.8
739	246.3	246.3	246.3	649,833,16,20	674.7	39.4844067	73.5850506	4519.9
740	508.7	508.7	511.7	791,233,21,16	674.4	39.4851949	73.5851691	4513.9
741	490.6	490.6	490.6	1873,980,32,30	674.0	39.4851984	73.5851667	4513.8
742	135.2	135.2	135.2	1211,907,22,18	673.7	39.4844193	73.5850499	4519.8
743	481.6	479.6	484.6	21,449,24,34	673.4	39.4851983	73.5851685	4513.8
744	155.2	155.2	155.2	439,151,16,30	672.1	39.4844188	73.5850486	4519.8
745	189.3	188.2	194.3	225,1041,14,32	671.2	39.4844148	73.5850483	4519.7
746	444.6	444.6	445.6	881,975,16,18	669.3	39.4852017	73.5851691	4513.8
747	456.6	455.6	456.6	359,45,30,12	669.2	39.4852023	73.5851682	4513.8
748	438.6	438.6	438.6	15,1063,24,17	669.1	39.4852006	73.5851713	4513.9
749	445.6	445.6	445.6	273,29,28,16	667.8	39.4852017	73.5851688	4513.8
750	362.5	362.5	362.5	573,93,20,20	667.7	39.4844651	73.5852431	4526.8
751	497.7	495.7	497.7	1173,639,12,18	666.6	39.4851969	73.5851677	4513.8
752	321.4	319.4	321.4	1280,913,19,13	665.9	39.4844620	73.5852427	4526.8
753	158.2	158.2	159.2	458,805,20,20	665.7	39.4844179	73.5850482	4519.8
754	147.2	147.2	147.2	257,165,28,8	664.6	39.4844206	73.5850489	4519.8
755	317.4	317.4	317.4	497,0,16,25	664.1	39.4844617	73.5852418	4526.8
756	481.6	481.6	482.6	17,189,30,32	664.1	39.4851983	73.5851685	4513.8
757	311.4	311.4	311.4	431,145,12,24	664.0	39.4844620	73.5852427	4526.8
758	108.1	108.1	108.1	51,13,20,33	663.3	39.4844231	73.5850485	4519.8
759	97.1	96.1	107.1	553,225,41,14	662.9	39.4844230	73.5850468	4519.8
760	258.3	255.3	258.3	4,1065,23,15	662.9	39.4844054	73.5850512	4519.9
761	320.4	320.4	323.4	445,161,18,36	662.7	39.4844619	73.5852424	4526.8
762	226.3	226.3	226.3	59,517,15,16	662.6	39.4844080	73.5850510	4519.9
763	111.1	110.1	114.2	109,761,18,32	660.6	39.4844241	73.5850478	4519.8
764	254.3	253.3	255.3	1413,253,14,16	660.6	39.4844061	73.5850506	4519.9
765	469.6	466.6	469.6	1431,527,20,22	660.1	39.4851986	73.5851704	4513.8
766	256.3	254.3	256.3	245,513,8,36	659.9	39.4844057	73.5850511	4519.9
767	118.2	118.2	118.2	177,433,9,40	659.8	39.4844232	73.5850474	4519.8
768	205.3	205.3	205.3	1233,1007,24,14	659.7	39.4844136	73.5850504	4519.9
769	234.3	234.3	234.3	1495,665,26,20	659.6	39.4844076	73.5850513	4519.9
770	270.4	270.4	270.4	1854,1009,19,24	659.2	39.4844039	73.5850510	4519.9
771	71.1	71.1	71.1	1831,882,30,22	658.8	39.4844207	73.5850516	4519.9
772	427.6	427.6	427.6	1533,66,20,18	658.3	39.4852003	73.5851719	4513.9
773	474.6	474.6	477.6	101,481,16,16	658.1	39.4851977	73.5851717	4513.8
774	377.5	370.5	377.5	1717,586,10,27	657.9	39.4848814	73.5853670	4512.5
775	18.0	17.0	18.0	1110,88,21,17	656.3	39.4840471	73.5849417	4498.0
776	466.6	466.6	466.6	10,637,19,18	656.1	39.4851994	73.5851703	4513.8
777	433.6	432.6	433.6	373,491,16,22	655.3	39.4852001	73.5851727	4513.8
778	139.2	128.2	139.2	369,1021,24,34	654.7	39.4844197	73.5850505	4519.8
779	172.2	172.2	172.2	1311,5,32,28	653.6	39.4844165	73.5850469	4519.8
780	439.6	438.6	439.6	1756,175,19,30	653.3	39.4852007	73.5851709	4513.8
781	371.5	371.5	371.5	203,605,14,20	652.5	39.4845902	73.5853170	4521.1
782	396.5	396.5	396.5	0,388,23,32	651.2	39.4852018	73.5851691	4513.8
783	75.1	75.1	75.1	161,742,13,35	650.2	39.4844230	73.5850499	4519.9
784	151.2	151.2	154.2	793,762,20,23	650.0	39.4844190	73.5850485	4519.8
785	509.7	509.7	509.7	62,275,11,36	649.9	39.4851950	73.5851694	4513.9
786	455.6	455.6	455.6	1835,1013,22,12	647.5	39.4852025	73.5851683	4513.8
787	299.4	297.4	299.4	153,49,24,16	646.8	39.4844619	73.5852445	4526.8
788	362.5	362.5	362.5	633,103,20,14	646.8	39.4844651	73.5852431	4526.8
789	336.4	334.4	336.4	835,227,69,20	645.7	39.4844626	73.5852438	4526.8
790	112.1	109.1	114.2	0,752,11,33	644.9	39.4844240	73.5850476	4519.8
791	302.4	301.4	303.4	464,289,11,28	643.3	39.4844622	73.5852440	4526.8
792	476.6	476.6	477.6	359,169,22,20	643.2	39.4851974	73.5851706	4513.8
793	460.6	459.6	466.6	979,219,20,20	642.5	39.4852012	73.5851690	4513.8
794	476.6	476.6	476.6	1157,1049,17,24	642.0	39.4851974	73.5851706	4513.8
795	149.2	148.2	149.2	492,1048,18,32	641.8	39.4844201	73.5850489	4519.8
796	501.7	501.7	501.7	215,957,12,32	641.5	39.4851958	73.5851678	4513.8
797	113.1	109.1	118.2	833,513,23,19	641.4	39.4844239	73.5850472	4519.8
798	191.3	191.3	195.3	553,1057,24,18	641.1	39.4844150	73.5850482	4519.9
799	418.6	418.6	418.6	1411,817,14,14	641.1	39.4852018	73.5851716	4513.9
800	169.2	169.2	169.2	1570,3,37,14	640.7	39.4844162	73.5850466	4519.8
801	142.2	141.2	146.2	521,111,21,11	640.6	39.4844202	73.5850498	4519.8
802	90.1	90.1	95.1	203,963,10,40	640.3	39.4844243	73.5850460	4519.8
803	232.3	231.3	233.3	589,1021,20,12	638.9	39.4844079	73.5850508	4519.9
804	145.2	145.2	145.2	1435,625,18,24	637.5	39.4844205	73.5850492	4519.8
805	503.7	503.7	503.7	1897,464,10,27	637.5	39.4851956	73.5851679	4513.8
806	162.2	162.2	162.2	1552,964,36,19	637.0	39.4844177	73.5850474	4519.8
807	249.3	248.3	249.3	667,1046,22,17	635.4	39.4844066	73.5850499	4519.9
808	418.6	418.6	420.6	1523,819,14,22	635.3	39.4852018	73.5851716	4513.9
809	364.5	364.5	364.5	1377,175,12,18	632.9	39.4844654	73.5852432	4526.8
810	436.6	435.6	437.6	699,115,14,18	632.8	39.4852005	73.5851720	4513.9
811	293.4	293.4	293.4	1360,725,20,20	632.2	39.4844615	73.5852432	4526.8
812	345.5	344.5	347.5	97,857,16,18	632.1	39.4844623	73.5852442	4526.8
813	92.1	92.1	93.1	1153,929,26,16	631.2	39.4844234	73.5850457	4519.9
814	476.6	472.6	478.6	457,413,28,16	630.8	39.4851974	73.5851706	4513.8
815	256.3	253.3	256.3	63,213,23,25	630.3	39.4844057	73.5850511	4519.9
816	349.5	349.5	349.5	967,997,22,11	629.8	39.4844632	73.5852436	4526.8
817	118.2	118.2	118.2	1184,255,41,34	629.2	39.4844232	73.5850474	4519.8
818	288.4	288.4	290.4	1215,449,14,16	629.2	39.4844608	73.5852434	4526.8
819	217.3	209.3	217.3	355,1025,22,12	629.1	39.4844103	73.5850508	4519.9
820	425.6	425.6	425.6	1776,967,32,12	628.2	39.4852005	73.5851715	4513.9
821	234.3	228.3	237.3	77,249,14,40	628.0	39.4844076	73.5850513	4519.9
822	404.5	404.5	409.5	1571,281,26,16	627.1	39.4852028	73.5851699	4513.8
823	222.3	222.3	226.3	143,77,22,16	626.4	39.4844085	73.5850508	4519.9
824	372.5	372.5	373.5	261,0,17,17	626.0	39.4846328	73.5853490	4518.9
825	500.7	500.7	500.7	0,33,9,20	625.9	39.4851960	73.5851676	4513.9
826	309.4	308.4	309.4	1007,39,11,18	625.8	39.4844621	73.5852432	4526.8
827	341.5	339.4	351.5	135,719,20,16	625.7	39.4844621	73.5852441	4526.8
828	420.6	419.6	423.6	21,951,12,20	625.2	39.4852015	73.5851716	4513.9
829	64.1	64.1	66.1	363,265,20,22	624.1	39.4844205	73.5850514	4514.7
830	322.4	320.4	328.4	281,41,16,20	624.1	39.4844621	73.5852428	4526.8
831	149.2	148.2	149.2	653,157,22,14	623.7	39.4844201	73.5850489	4519.8
832	402.5	402.5	402.5	1607,281,24,14	622.5	39.4852027	73.5851702	4513.8
833	458.6	447.6	460.6	1681,603,32,6	621.7	39.4852016	73.5851685	4513.8
834	74.1	74.1	74.1	221,35,10,32	621.4	39.4844225	73.5850502	4519.9
835	212.3	210.3	212.3	1439,1045,34,15	620.3	39.4844125	73.5850514	4519.9
836	466.6	464.6	469.6	505,177,18,29	619.9	39.4851994	73.5851703	4513.8
837	297.4	296.4	299.4	1057,125,20,22	619.6	39.4844618	73.5852444	4526.8
838	493.7	492.7	494.7	265,279,18,34	619.6	39.4851976	73.5851671	4513.8
839	470.6	470.6	470.6	1697,111,23,15	619.2	39.4851983	73.5851705	4513.8
840	354.5	353.5	355.5	265,201,24,17	618.7	39.4844632	73.5852425	4526.8
841	424.6	423.6	424.6	1710,529,16,16	618.4	39.4852009	73.5851714	4513.8
842	443.6	442.6	443.6	111,133,28,13	617.6	39.4852014	73.5851695	4513.8
843	483.6	481.6	484.6	1903,117,17,20	616.6	39.4851984	73.5851687	4513.8
844	477.6	477.6	477.6	241,785,16,12	616.0	39.4851976	73.5851700	4513.8
845	299.4	296.4	299.4	53,617,22,16	614.9	39.4844619	73.5852445	4526.8
846	353.5	352.5	353.5	369,209,20,16	614.9	39.4844633	73.5852427	4526.8
847	366.5	366.5	373.5	320,649,13,19	614.4	39.4844657	73.5852435	4526.9
848	41.1	41.1	43.1	479,249,16,28	613.6	39.4842239	73.5849892	4498.0
849	69.1	63.1	69.1	837,97,12,20	613.2	39.4844198	73.5850520	4519.9
850	316.4	314.4	317.4	1709,371,13,25	609.7	39.4844617	73.5852416	4526.8
851	430.6	428.6	431.6	1233,709,16,16	609.7	39.4851998	73.5851720	4513.9
852	396.5	396.5	396.5	1271,0,10,26	609.2	39.4852018	73.5851691	4513.8
853	133.2	129.2	133.2	425,1039,26,34	608.9	39.4844194	73.5850495	4519.8
854	416.6	413.5	416.6	1906,43,14,18	607.4	39.4852021	73.5851714	4513.8
855	122.2	122.2	128.2	707,9,18,16	607.1	39.4844219	73.5850476	4519.8
856	236.3	236.3	236.3	63,210,14,37	605.3	39.4844072	73.5850518	4519.9
857	481.6	481.6	482.6	7,977,18,12	605.2	39.4851983	73.5851685	4513.8
858	484.6	484.6	485.6	727,891,26,18	605.1	39.4851984	73.5851685	4513.8
859	212.3	212.3	214.3	267,409,16,16	604.9	39.4844125	73.5850514	4519.9
860	208.3	208.3	208.3	1217,801,18,16	604.7	39.4844129	73.5850507	4519.9
861	313.4	313.4	315.4	529,9,16,12	604.5	39.4844622	73.5852423	4526.8
862	166.2	165.2	167.2	633,107,27,12	604.4	39.4844157	73.5850466	4519.8
863	325.4	325.4	325.4	1668,941,23,15	603.8	39.4844622	73.5852432	4526.8
864	202.3	202.3	203.3	522,953,20,18	602.5	39.4844138	73.5850498	4519.9
865	252.3	250.3	252.3	16,818,16,24	599.0	39.4844063	73.5850503	4519.9
866	409.5	401.5	412.5	1640,401,20,20	597.7	39.4852031	73.5851705	4513.9
867	140.2	140.2	142.2	1854,673,9,24	596.6	39.4844198	73.5850501	4519.8
868	504.7	504.7	504.7	0,761,13,24	596.6	39.4851953	73.5851681	4513.8
869	226.3	226.3	226.3	337,845,12,16	596.1	39.4844080	73.5850510	4519.9
870	472.6	472.6	472.6	757,249,20,48	595.7	39.4851978	73.5851716	4513.8
871	346.5	346.5	346.5	45,1003,20,24	595.4	39.4844628	73.5852442	4526.8
872	9.0	9.0	12.0	1159,597,14,20	594.9	39.4840448	73.5849413	4498.0
873	369.5	368.5	370.5	9,11,16,19	594.4	39.4845137	73.5852682	4525.6
874	140.2	140.2	141.2	1747,21,20,28	594.3	39.4844198	73.5850501	4519.8
875	191.3	191.3	191.3	73,409,16,22	593.6	39.4844150	73.5850482	4519.9
876	344.5	344.5	344.5	1011,449,14,16	592.9	39.4844622	73.5852443	4526.8
877	118.2	118.2	121.2	949,468,25,9	592.5	39.4844232	73.5850474	4519.8
878	416.6	416.6	417.6	83,33,16,16	592.0	39.4852021	73.5851714	4513.8
879	364.5	364.5	364.5	1223,1003,18,22	591.8	39.4844654	73.5852432	4526.8
880	74.1	74.1	75.1	49,609,24,24	591.6	39.4844225	73.5850502	4519.9
881	364.5	361.5	364.5	1393,327,17,18	590.7	39.4844654	73.5852432	4526.8
882	427.6	427.6	427.6	855,1046,16,21	590.4	39.4852003	73.5851719	4513.9
883	74.1	74.1	74.1	43,110,6,41	590.1	39.4844225	73.5850502	4519.9
884	120.2	119.2	121.2	1093,765,16,20	589.8	39.4844229	73.5850476	4519.8
885	337.4	337.4	337.4	155,1025,14,14	589.5	39.4844625	73.5852438	4526.8
886	422.6	419.6	422.6	1601,863,12,16	586.8	39.4852010	73.5851713	4513.9
887	124.2	118.2	137.2	453,33,38,16	586.4	39.4844215	73.5850480	4519.8
888	12.0	12.0	12.0	1897,369,23,12	586.0	39.4840453	73.5849418	4498.0
889	508.7	507.7	509.7	17,312,30,19	585.8	39.4851949	73.5851691	4513.9
890	363.5	363.5	365.5	17,87,14,18	585.4	39.4844651	73.5852430	4526.8
891	439.6	438.6	439.6	419,431,19,16	585.2	39.4852007	73.5851709	4513.8
892	493.7	493.7	495.7	0,741,17,32	585.1	39.4851976	73.5851671	4513.8
893	495.7	494.7	498.7	153,113,25,26	585.1	39.4851970	73.5851678	4513.8
894	506.7	504.7	506.7	211,1061,14,19	584.3	39.4851951	73.5851694	4513.8
895	90.1	90.1	93.1	311,898,10,49	584.1	39.4844243	73.5850460	4519.8
896	382.5	381.5	382.5	1909,215,8,26	583.3	39.4851977	73.5851740	4513.7
897	338.4	337.4	338.4	861,1041,20,16	583.2	39.4844625	73.5852438	4526.8
898	323.4	323.4	327.4	171,433,10,20	582.8	39.4844621	73.5852431	4526.8
899	118.2	118.2	118.2	291,173,16,14	582.3	39.4844232	73.5850474	4519.8
900	158.2	157.2	158.2	959,53,22,15	582.3	39.4844179	73.5850482	4519.8
901	431.6	430.6	431.6	65,962,22,31	581.3	39.4851999	73.5851721	4513.8
902	442.6	440.6	446.6	401,255,20,20	580.9	39.4852013	73.5851701	4513.8
903	450.6	450.6	450.6	1257,153,22,20	580.4	39.4852021	73.5851683	4513.8
904	100.1	98.1	105.1	13,921,12,26	580.3	39.4844226	73.5850469	4519.9
905	353.5	353.5	360.5	577,99,26,20	579.8	39.4844633	73.5852427	4526.8
906	155.2	148.2	155.2	590,891,19,19	579.6	39.4844188	73.5850486	4519.8
907	229.3	228.3	229.3	719,207,34,11	579.3	39.4844077	73.5850509	4519.9
908	71.1	71.1	71.1	387,129,18,30	578.0	39.4844207	73.5850516	4519.9
909	364.5	364.5	364.5	1401,0,19,9	577.8	39.4844654	73.5852432	4526.8
910	204.3	198.3	208.3	1721,193,24,12	577.6	39.4844137	73.5850502	4519.9
911	121.2	121.2	121.2	1637,767,22,18	577.5	39.4844224	73.5850476	4519.8
912	198.3	192.3	198.3	761,933,16,16	577.1	39.4844140	73.5850490	4519.9
913	289.4	289.4	291.4	427,473,10,34	577.0	39.4844608	73.5852431	4526.8
914	329.4	329.4	329.4	1578,893,17,12	575.9	39.4844626	73.5852433	4526.8
915	303.4	300.4	306.4	115,344,26,25	575.4	39.4844622	73.5852438	4526.8
916	472.6	472.6	472.6	673,321,24,44	575.4	39.4851978	73.5851716	4513.8
917	470.6	470.6	473.6	608,106,23,13	575.1	39.4851983	73.5851705	4513.8
918	225.3	225.3	225.3	365,149,32,13	574.7	39.4844084	73.5850507	4519.9
919	191.3	181.2	193.3	1283,835,24,10	574.6	39.4844150	73.5850482	4519.9
920	234.3	234.3	237.3	17,59,14,22	574.4	39.4844076	73.5850513	4519.9
921	117.2	111.1	117.2	1264,134,41,30	574.3	39.4844232	73.5850473	4519.8
922	97.1	96.1	107.1	0,791,19,34	573.1	39.4844230	73.5850468	4519.8
923	324.4	323.4	325.4	1101,1065,20,12	573.0	39.4844622	73.5852433	4526.8
924	450.6	449.6	450.6	1651,531,12,14	572.0	39.4852021	73.5851683	4513.8
925	138.2	138.2	138.2	35,81,14,16	570.5	39.4844195	73.5850506	4519.8
926	147.2	147.2	147.2	593,89,24,18	569.8	39.4844206	73.5850489	4519.8
927	376.5	372.5	376.5	1713,781,8,20	569.1	39.4848217	73.5854130	4512.7
928	142.2	142.2	142.2	1845,0,20,17	568.7	39.4844202	73.5850498	4519.8
929	172.2	170.2	173.2	1117,263,9,33	568.3	39.4844165	73.5850469	4519.8
930	46.1	46.1	46.1	547,1054,26,21	568.0	39.4843759	73.5850367	4497.9
931	434.6	434.6	435.6	1723,52,22,13	567.8	39.4852003	73.5851726	4513.9
932	246.3	246.3	246.3	1065,331,18,18	567.0	39.4844067	73.5850506	4519.9
933	298.4	298.4	298.4	1668,189,19,12	564.1	39.4844620	73.5852445	4526.8
934	174.2	170.2	174.2	25,385,11,33	563.1	39.4844161	73.5850469	4519.8
935	297.4	297.4	297.4	1193,179,17,22	562.3	39.4844618	73.5852444	4526.8
936	173.2	172.2	173.2	913,599,12,26	561.7	39.4844162	73.5850469	4519.8
937	263.3	260.3	265.4	1601,229,14,36	561.1	39.4844046	73.5850504	4519.9
938	90.1	86.1	90.1	15,909,28,18	560.5	39.4844243	73.5850460	4519.8
939	199.3	197.3	199.3	1059,97,14,14	560.4	39.4844137	73.5850493	4519.9
940	381.5	381.5	381.5	1875,0,10,39	559.9	39.4851785	73.5851857	4513.7
941	256.3	256.3	256.3	1617,669,29,20	559.4	39.4844057	73.5850511	4519.9
942	306.4	301.4	306.4	882,459,17,10	559.4	39.4844622	73.5852435	4526.8
943	148.2	148.2	149.2	389,181,12,34	559.0	39.4844204	73.5850489	4519.8
944	154.2	151.2	154.2	1889,913,14,14	558.8	39.4844188	73.5850484	4519.8
945	365.5	364.5	370.5	1327,520,17,15	558.7	39.4844657	73.5852434	4526.9
946	69.1	69.1	73.1	939,681,22,22	557.9	39.4844198	73.5850520	4519.9
947	335.4	335.4	335.4	589,1043,20,22	556.3	39.4844627	73.5852439	4526.8
948	82.1	82.1	84.1	716,163,24,12	555.8	39.4844250	73.5850469	4519.9
949	436.6	434.6	436.6	659,733,12,20	555.6	39.4852005	73.5851720	4513.9
950	346.5	344.5	346.5	569,743,16,28	554.0	39.4844628	73.5852442	4526.8
951	509.7	509.7	511.7	1911,921,9,24	553.8	39.4851950	73.5851694	4513.9
952	268.4	268.4	268.4	917,1007,12,16	553.5	39.4844039	73.5850503	4519.9
953	257.3	254.3	259.3	414,513,9,40	553.4	39.4844057	73.5850511	4519.9
954	342.5	342.5	343.5	431,589,22,12	553.0	39.4844621	73.5852440	4526.8
955	382.5	377.5	382.5	1553,171,19,12	552.3	39.4851977	73.5851740	4513.7
956	377.5	377.5	377.5	667,659,14,16	551.6	39.4848814	73.5853670	4512.5
957	390.5	389.5	390.5	699,109,22,19	550.6	39.4852022	73.5851688	4513.8
958	484.6	483.6	486.6	61,849,20,12	550.4	39.4851984	73.5851685	4513.8
959	321.4	320.4	321.4	1569,813,16,16	550.1	39.4844620	73.5852427	4526.8
960	513.7	513.7	513.7	365,308,18,15	550.0	39.4852759	73.5853853	4514.0
961	489.6	483.6	489.6	813,659,19,27	549.6	39.4851985	73.5851670	4513.8
962	199.3	199.3	199.3	214,877,10,28	549.2	39.4844137	73.5850493	4519.9
963	495.7	489.6	496.7	829,917,14,12	549.1	39.4851970	73.5851678	4513.8
964	208.3	208.3	215.3	1317,393,20,15	549.0	39.4844129	73.5850507	4519.9
965	364.5	364.5	364.5	1453,37,12,22	548.7	39.4844654	73.5852432	4526.8
966	399.5	399.5	399.5	659,1034,16,15	548.6	39.4852024	73.5851695	4513.8
967	258.3	258.3	258.3	505,415,24,18	548.4	39.4844054	73.5850512	4519.9
968	271.4	270.4	287.4	1187,184,21,25	548.4	39.4844040	73.5850509	4519.9
969	467.6	467.6	467.6	19,1067,16,13	548.0	39.4851991	73.5851705	4513.8
970	130.2	130.2	137.2	1621,61,24,36	547.7	39.4844201	73.5850487	4519.8
971	181.2	181.2	186.2	33,309,16,12	547.2	39.4844154	73.5850486	4519.8
972	507.7	507.7	507.7	1143,655,26,12	546.7	39.4851950	73.5851695	4513.8
973	442.6	442.6	442.6	597,977,20,20	546.6	39.4852013	73.5851701	4513.8
974	373.5	373.5	373.5	293,105,10,18	545.7	39.4846761	73.5853836	4516.7
975	268.4	267.4	268.4	468,321,16,12	545.5	39.4844039	73.5850503	4519.9
976	103.1	96.1	105.1	1849,671,15,20	544.8	39.4844229	73.5850477	4519.8
977	85.1	85.1	85.1	70,441,11,19	544.6	39.4844251	73.5850467	4519.9
978	192.3	192.3	192.3	9,343,20,20	542.5	39.4844150	73.5850480	4519.9
979	305.4	302.4	306.4	595,559,10,36	542.2	39.4844621	73.5852436	4526.8
980	251.3	249.3	251.3	1321,115,28,18	542.1	39.4844064	73.5850501	4519.9
981	291.4	290.4	291.4	1473,561,12,22	542.0	39.4844610	73.5852429	4526.8
982	224.3	224.3	225.3	567,1039,18,12	541.6	39.4844086	73.5850507	4519.9
983	372.5	372.5	372.5	168,505,17,24	541.1	39.4846328	73.5853490	4518.9
984	94.1	94.1	95.1	903,501,34,9	541.0	39.4844233	73.5850464	4519.8
985	237.3	236.3	239.3	437,25,22,22	540.8	39.4844072	73.5850516	4519.9
986	235.3	234.3	238.3	377,51,24,22	540.7	39.4844073	73.5850517	4519.9
987	321.4	321.4	321.4	1719,101,18,14	540.5	39.4844620	73.5852427	4526.8
988	507.7	507.7	507.7	191,119,50,20	540.4	39.4851950	73.5851695	4513.8
989	381.5	381.5	384.5	713,378,24,10	539.2	39.4851785	73.5851857	4513.7
990	430.6	430.6	433.6	242,997,15,12	539.1	39.4851998	73.5851720	4513.9
991	439.6	439.6	439.6	1555,119,20,10	539.1	39.4852007	73.5851709	4513.8
992	443.6	443.6	443.6	1771,581,19,20	538.9	39.4852014	73.5851695	4513.8
993	108.1	108.1	108.1	33,321,11,27	538.8	39.4844231	73.5850485	4519.8
994	163.2	163.2	163.2	0,1057,15,23	538.3	39.4844169	73.5850473	4519.8
995	378.5	378.5	378.5	1903,561,8,33	537.3	39.4849518	73.5853155	4512.6
996	479.6	478.6	479.6	572,59,29,14	537.2	39.4851982	73.5851691	4513.8
997	202.3	202.3	209.3	1549,771,18,18	537.0	39.4844138	73.5850498	4519.9
998	336.4	336.4	336.4	49,1037,16,22	536.6	39.4844626	73.5852438	4526.8
999	305.4	304.4	306.4	525,205,20,12	536.4	39.4844621	73.5852436	4526.8
1000	91.1	91.1	93.1	515,561,13,51	536.2	39.4844239	73.5850459	4519.9
1001	246.3	246.3	246.3	305,141,12,28	536.2	39.4844067	73.5850506	4519.9
1002	326.4	326.4	326.4	0,190,17,19	535.0	39.4844622	73.5852431	4526.8
1003	422.6	419.6	423.6	72,401,9,18	534.6	39.4852010	73.5851713	4513.9
1004	415.5	414.5	415.5	309,9,14,18	533.4	39.4852026	73.5851716	4513.9
1005	255.3	252.3	255.3	137,9,17,23	533.2	39.4844058	73.5850508	4519.9
1006	218.3	216.3	220.3	1225,49,24,6	532.4	39.4844101	73.5850508	4519.9
1007	337.4	337.4	337.4	449,1065,24,8	531.9	39.4844625	73.5852438	4526.8
1008	165.2	164.2	168.2	35,595,19,16	531.8	39.4844159	73.5850467	4519.8
1009	384.5	384.5	384.5	1749,329,16,32	530.9	39.4852029	73.5851679	4513.7
1010	292.4	292.4	295.4	9,303,14,24	529.9	39.4844613	73.5852431	4526.8
1011	174.2	174.2	174.2	919,457,17,14	529.8	39.4844161	73.5850469	4519.8
1012	364.5	364.5	364.5	753,657,24,22	529.5	39.4844654	73.5852432	4526.8
1013	146.2	138.2	146.2	547,405,10,30	529.0	39.4844206	73.5850490	4519.8
1014	311.4	311.4	311.4	534,737,11,20	528.7	39.4844620	73.5852427	4526.8
1015	410.5	404.5	412.5	598,539,11,18	528.6	39.4852030	73.5851708	4513.8
1016	501.7	501.7	501.7	1073,337,16,16	528.4	39.4851958	73.5851678	4513.8
1017	203.3	203.3	203.3	1385,1000,14,21	528.2	39.4844136	73.5850500	4519.9
1018	99.1	96.1	102.1	521,0,22,20	527.3	39.4844227	73.5850469	4519.9
1019	362.5	361.5	362.5	47,51,14,18	527.1	39.4844651	73.5852431	4526.8
1020	498.7	497.7	498.7	77,145,14,24	526.1	39.4851966	73.5851676	4513.8
1021	481.6	479.6	481.6	1897,973,8,25	525.9	39.4851983	73.5851685	4513.8
1022	426.6	426.6	426.6	50,113,15,16	523.3	39.4852005	73.5851717	4513.9
1023	66.1	62.1	66.1	659,1009,26,12	523.2	39.4844202	73.5850516	4518.0
1024	482.6	482.6	488.6	0,472,7,41	522.9	39.4851984	73.5851686	4513.8
1025	508.7	508.7	511.7	577,18,12,29	522.3	39.4851949	73.5851691	4513.9
1026	248.3	248.3	252.3	209,25,28,26	522.2	39.4844066	73.5850501	4519.9
1027	210.3	210.3	212.3	1559,221,13,21	521.8	39.4844127	73.5850513	4519.9
1028	444.6	440.6	444.6	441,415,8,18	521.4	39.4852017	73.5851691	4513.8
1029	356.5	354.5	361.5	435,173,14,20	520.8	39.4844633	73.5852425	4526.8
1030	361.5	361.5	361.5	525,214,24,27	520.2	39.4844649	73.5852432	4526.8
1031	135.2	135.2	136.2	345,9,17,20	518.8	39.4844193	73.5850499	4519.8
1032	232.3	230.3	237.3	69,569,12,24	518.2	39.4844079	73.5850508	4519.9
1033	348.5	348.5	348.5	697,959,16,14	517.9	39.4844631	73.5852437	4526.8
1034	431.6	431.6	431.6	1907,184,13,31	517.9	39.4851999	73.5851721	4513.8
1035	361.5	361.5	361.5	45,325,12,24	517.6	39.4844649	73.5852432	4526.8
1036	401.5	401.5	401.5	1863,405,10,20	517.3	39.4852025	73.5851701	4513.8
1037	374.5	374.5	378.5	167,609,18,17	517.0	39.4847195	73.5854177	4514.6
1038	320.4	320.4	325.4	315,73,34,24	516.4	39.4844619	73.5852424	4526.8
1039	358.5	354.5	360.5	691,366,30,13	516.3	39.4844639	73.5852430	4526.8
1040	449.6	443.6	454.6	687,241,20,24	516.2	39.4852021	73.5851684	4513.8
1041	434.6	434.6	434.6	1341,977,14,16	515.4	39.4852003	73.5851726	4513.9
1042	221.3	221.3	221.3	0,89,25,12	515.3	39.4844087	73.5850510	4519.9
1043	427.6	427.6	427.6	355,655,21,10	513.8	39.4852003	73.5851719	4513.9
1044	163.2	163.2	163.2	369,557,15,22	513.7	39.4844169	73.5850473	4519.8
1045	246.3	246.3	246.3	1705,347,24,10	512.9	39.4844067	73.5850506	4519.9
1046	198.3	198.3	198.3	1711,11,20,18	512.8	39.4844140	73.5850490	4519.9
1047	346.5	344.5	346.5	317,878,28,19	512.1	39.4844628	73.5852442	4526.8
1048	334.4	334.4	334.4	1853,113,16,16	511.8	39.4844629	73.5852441	4526.8
1049	340.5	340.5	341.5	408,96,12,27	511.4	39.4844622	73.5852439	4526.8
1050	362.5	362.5	362.5	265,0,14,19	511.3	39.4844651	73.5852431	4526.8
1051	218.3	218.3	222.3	754,333,14,15	511.2	39.4844101	73.5850508	4519.9
1052	206.3	206.3	206.3	1693,149,18,12	509.4	39.4844135	73.5850504	4519.9
1053	210.3	210.3	213.3	815,951,18,12	508.7	39.4844127	73.5850513	4519.9
1054	83.1	80.1	83.1	433,697,10,35	508.6	39.4844254	73.5850469	4519.9
1055	130.2	126.2	137.2	774,497,11,30	507.5	39.4844201	73.5850487	4519.8
1056	406.5	403.5	410.5	1477,353,16,30	505.3	39.4852031	73.5851698	4513.8
1057	57.1	56.1	60.1	9,191,10,32	504.9	39.4844222	73.5850502	4502.9
1058	481.6	481.6	482.6	329,25,12,24	504.7	39.4851983	73.5851685	4513.8
1059	428.6	428.6	429.6	105,1035,14,22	504.6	39.4852003	73.5851721	4513.8
1060	501.7	501.7	501.7	1193,885,24,12	504.4	39.4851958	73.5851678	4513.8
1061	442.6	442.6	442.6	145,427,10,32	504.1	39.4852013	73.5851701	4513.8
1062	256.3	256.3	256.3	1885,68,11,37	504.0	39.4844057	73.5850511	4519.9
1063	488.6	488.6	489.6	17,937,14,18	503.4	39.4851985	73.5851674	4513.8
1064	199.3	199.3	199.3	1377,221,16,22	503.1	39.4844137	73.5850493	4519.9
1065	101.1	100.1	103.1	349,973,11,36	501.9	39.4844228	73.5850472	4519.9
1066	438.6	438.6	438.6	445,289,16,18	501.9	39.4852006	73.5851713	4513.9
1067	71.1	63.1	71.1	185,705,28,26	501.2	39.4844207	73.5850516	4519.9
1068	337.4	337.4	337.4	667,961,14,14	501.1	39.4844625	73.5852438	4526.8
1069	364.5	364.5	370.5	723,872,16,15	501.0	39.4844654	73.5852432	4526.8
1070	349.5	349.5	351.5	677,665,14,18	500.8	39.4844632	73.5852436	4526.8
1071	471.6	471.6	471.6	761,668,12,17	500.5	39.4851980	73.5851712	4513.8
1072	70.1	70.1	70.1	1877,465,8,39	500.3	39.4844203	73.5850519	4519.9
1073	291.4	289.4	291.4	637,641,16,33	500.3	39.4844610	73.5852429	4526.8
1074	146.2	146.2	146.2	746,628,13,15	499.9	39.4844206	73.5850490	4519.8
1075	267.4	267.4	267.4	1848,99,9,25	499.9	39.4844039	73.5850501	4519.9
1076	69.1	61.1	69.1	481,947,19,12	498.5	39.4844198	73.5850520	4519.9
1077	48.1	48.1	56.1	907,0,18,9	498.1	39.4844108	73.5850477	4498.0
1078	70.1	70.1	72.1	1063,875,11,30	497.5	39.4844203	73.5850519	4519.9
1079	499.7	499.7	499.7	197,123,14,18	497.3	39.4851964	73.5851677	4513.8
1080	227.3	227.3	227.3	273,1051,12,18	496.4	39.4844077	73.5850511	4519.9
1081	409.5	403.5	409.5	1363,49,12,20	496.1	39.4852031	73.5851705	4513.9
1082	294.4	292.4	296.4	269,849,20,24	495.4	39.4844617	73.5852434	4526.8
1083	458.6	458.6	458.6	1907,1019,13,12	494.4	39.4852016	73.5851685	4513.8
1084	357.5	357.5	357.5	19,733,12,28	494.1	39.4844636	73.5852426	4526.8
1085	108.1	108.1	108.1	23,517,10,20	493.8	39.4844231	73.5850485	4519.8
1086	410.5	403.5	412.5	415,642,13,16	492.7	39.4852030	73.5851708	4513.8
1087	163.2	163.2	168.2	281,729,20,18	492.4	39.4844169	73.5850473	4519.8
1088	236.3	236.3	239.3	457,0,21,9	491.6	39.4844072	73.5850518	4519.9
1089	347.5	343.5	347.5	919,625,12,16	491.6	39.4844631	73.5852439	4526.8
1090	434.6	434.6	435.6	537,909,20,12	491.1	39.4852003	73.5851726	4513.9
1091	116.2	116.2	117.2	1545,599,14,23	490.5	39.4844234	73.5850472	4519.8
1092	479.6	479.6	479.6	577,1001,16,16	490.3	39.4851982	73.5851691	4513.8
1093	179.2	179.2	180.2	1239,433,10,15	489.9	39.4844150	73.5850477	4519.8
1094	479.6	479.6	480.6	285,799,16,14	489.4	39.4851982	73.5851691	4513.8
1095	342.5	342.5	343.5	649,1073,20,7	489.1	39.4844621	73.5852440	4526.8
1096	437.6	437.6	437.6	127,1041,18,8	488.3	39.4852006	73.5851717	4513.9
1097	502.7	502.7	502.7	71,881,18,10	487.9	39.4851957	73.5851678	4513.8
1098	247.3	245.3	247.3	169,385,16,12	487.8	39.4844067	73.5850504	4519.9
1099	417.6	415.5	417.6	369,39,24,10	487.7	39.4852019	73.5851716	4513.8
1100	206.3	203.3	208.3	1589,737,15,22	487.5	39.4844135	73.5850504	4519.9
1101	376.5	376.5	376.5	342,310,11,21	487.5	39.4848217	73.5854130	4512.7
1102	143.2	143.2	145.2	335,27,18,14	486.3	39.4844205	73.5850495	4519.8
1103	91.1	91.1	91.1	1911,278,9,35	486.2	39.4844239	73.5850459	4519.9
1104	195.3	195.3	195.3	424,1042,13,16	486.2	39.4844141	73.5850482	4519.9
1105	434.6	434.6	436.6	805,759,23,12	486.1	39.4852003	73.5851726	4513.9
1106	506.7	505.7	506.7	1235,37,18,14	486.0	39.4851951	73.5851694	4513.8
1107	312.4	312.4	315.4	725,73,12,16	485.8	39.4844621	73.5852425	4526.8
1108	96.1	96.1	96.1	25,837,11,22	485.7	39.4844231	73.5850467	4519.8
1109	208.3	208.3	208.3	1419,773,14,16	484.2	39.4844129	73.5850507	4519.9
1110	336.4	334.4	336.4	781,1047,12,18	484.1	39.4844626	73.5852438	4526.8
1111	302.4	300.4	302.4	185,89,20,16	483.1	39.4844622	73.5852440	4526.8
1112	155.2	154.2	155.2	835,339,14,14	482.9	39.4844188	73.5850486	4519.8
1113	499.7	499.7	499.7	1573,721,12,16	482.8	39.4851964	73.5851677	4513.8
1114	163.2	163.2	163.2	673,69,26,8	482.3	39.4844169	73.5850473	4519.8
1115	476.6	476.6	478.6	521,793,16,26	482.3	39.4851974	73.5851706	4513.8
1116	299.4	297.4	300.4	481,265,12,17	481.7	39.4844619	73.5852445	4526.8
1117	161.2	160.2	161.2	1457,1047,10,33	481.6	39.4844178	73.5850476	4519.8
1118	198.3	198.3	198.3	498,18,15,15	481.3	39.4844140	73.5850490	4519.9
1119	308.4	308.4	309.4	201,987,13,20	481.2	39.4844621	73.5852433	4526.8
1120	364.5	362.5	364.5	905,465,9,20	481.1	39.4844654	73.5852432	4526.8
1121	147.2	147.2	147.2	367,109,22,14	481.0	39.4844206	73.5850489	4519.8
1122	483.6	483.6	486.6	1831,72,26,9	480.7	39.4851984	73.5851687	4513.8
1123	206.3	205.3	207.3	927,357,10,20	480.4	39.4844135	73.5850504	4519.9
1124	234.3	224.3	236.3	1580,537,25,18	480.4	39.4844076	73.5850513	4519.9
1125	236.3	235.3	238.3	277,65,9,25	480.3	39.4844072	73.5850518	4519.9
1126	268.4	268.4	268.4	0,1017,11,22	479.6	39.4844039	73.5850503	4519.9
1127	182.2	182.2	186.2	981,161,19,16	479.4	39.4844152	73.5850486	4519.8
1128	225.3	224.3	225.3	77,117,8,28	479.3	39.4844084	73.5850507	4519.9
1129	0.0	0.0	4.0	1745,1037,28,20	478.6	39.4840419	73.5849410	4497.9
1130	292.4	292.4	292.4	1889,97,16,16	478.3	39.4844613	73.5852431	4526.8
1131	267.4	266.4	268.4	354,921,20,14	477.6	39.4844039	73.5850501	4519.9
1132	427.6	427.6	427.6	1360,561,17,16	477.5	39.4852003	73.5851719	4513.9
1133	210.3	210.3	210.3	545,927,11,18	477.3	39.4844127	73.5850513	4519.9
1134	196.3	194.3	200.3	921,993,20,8	477.1	39.4844139	73.5850484	4519.9
1135	399.5	399.5	399.5	727,337,9,17	476.7	39.4852024	73.5851695	4513.8
1136	70.1	70.1	70.1	1272,594,19,13	476.6	39.4844203	73.5850519	4519.9
1137	172.2	171.2	173.2	1243,49,14,15	476.5	39.4844165	73.5850469	4519.8
1138	256.3	256.3	256.3	475,49,25,15	475.3	39.4844057	73.5850511	4519.9
1139	196.3	196.3	196.3	1302,497,11,16	475.2	39.4844139	73.5850484	4519.9
1140	465.6	465.6	467.6	1012,39,19,10	474.8	39.4851998	73.5851702	4513.8
1141	125.2	122.2	132.2	625,5,34,14	474.2	39.4844213	73.5850484	4519.8
1142	475.6	472.6	476.6	1825,209,35,17	473.7	39.4851975	73.5851712	4513.8
1143	114.2	110.1	114.2	69,229,13,18	473.2	39.4844237	73.5850471	4519.8
1144	212.3	210.3	213.3	1627,785,22,10	472.9	39.4844125	73.5850514	4519.9
1145	478.6	478.6	478.6	285,841,14,16	472.6	39.4851977	73.5851693	4513.8
1146	198.3	198.3	198.3	17,557,21,10	472.4	39.4844140	73.5850490	4519.9
1147	354.5	354.5	354.5	1733,1007,10,50	471.4	39.4844632	73.5852425	4526.8
1148	360.5	357.5	363.5	159,977,32,12	470.2	39.4844646	73.5852432	4526.8
1149	376.5	376.5	376.5	1679,713,6,24	469.9	39.4848217	73.5854130	4512.7
1150	11.0	10.0	11.0	1867,307,12,14	469.6	39.4840448	73.5849415	4498.0
1151	109.1	109.1	110.1	757,9,28,5	468.9	39.4844236	73.5850485	4519.8
1152	414.5	413.5	415.5	445,65,34,6	468.0	39.4852027	73.5851715	4513.9
1153	495.7	492.7	495.7	351,409,18,18	467.7	39.4851970	73.5851678	4513.8
1154	161.2	160.2	161.2	1075,1063,9,17	467.4	39.4844178	73.5850476	4519.8
1155	291.4	271.4	291.4	463,409,10,18	467.1	39.4844610	73.5852429	4526.8
1156	450.6	450.6	450.6	81,114,16,13	467.1	39.4852021	73.5851683	4513.8
1157	499.7	499.7	499.7	193,27,14,12	467.1	39.4851964	73.5851677	4513.8
1158	299.4	299.4	299.4	993,21,24,18	467.0	39.4844619	73.5852445	4526.8
1159	108.1	106.1	108.1	1904,972,16,20	466.6	39.4844231	73.5850485	4519.8
1160	163.2	163.2	163.2	433,295,8,44	466.1	39.4844169	73.5850473	4519.8
1161	205.3	205.3	206.3	1509,513,24,9	466.1	39.4844136	73.5850504	4519.9
1162	499.7	499.7	501.7	223,216,15,15	465.8	39.4851964	73.5851677	4513.8
1163	229.3	229.3	229.3	540,0,21,9	465.4	39.4844077	73.5850509	4519.9
1164	140.2	138.2	144.2	459,337,12,19	465.3	39.4844198	73.5850501	4519.8
1165	408.5	406.5	409.5	1309,45,24,28	464.8	39.4852031	73.5851703	4513.8
1166	427.6	427.6	427.6	289,689,16,8	464.2	39.4852003	73.5851719	4513.9
1167	57.1	57.1	60.1	161,85,24,12	464.0	39.4844222	73.5850502	4502.9
1168	434.6	434.6	435.6	574,95,11,18	463.9	39.4852003	73.5851726	4513.9
1169	83.1	80.1	84.1	945,169,16,8	463.8	39.4844254	73.5850469	4519.9
1170	81.1	81.1	81.1	201,339,6,34	463.3	39.4844248	73.5850471	4519.8
1171	509.7	508.7	510.7	819,145,8,22	463.1	39.4851950	73.5851694	4513.9
1172	374.5	374.5	376.5	1143,540,10,16	462.9	39.4847195	73.5854177	4514.6
1173	425.6	425.6	425.6	1854,1018,35,18	462.7	39.4852005	73.5851715	4513.9
1174	393.5	393.5	397.5	537,929,16,14	461.8	39.4852016	73.5851692	4513.8
1175	354.5	354.5	355.5	107,29,22,20	461.7	39.4844632	73.5852425	4526.8
1176	462.6	459.6	463.6	123,849,14,16	461.5	39.4852003	73.5851697	4513.8
1177	269.4	269.4	269.4	1481,213,14,18	461.0	39.4844039	73.5850508	4519.9
1178	499.7	499.7	499.7	19,26,14,19	460.9	39.4851964	73.5851677	4513.8
1179	173.2	170.2	173.2	349,0,11,17	460.3	39.4844162	73.5850469	4519.8
1180	258.3	254.3	258.3	1777,187,8,22	459.8	39.4844054	73.5850512	4519.9
1181	89.1	85.1	89.1	0,831,10,14	459.7	39.4844246	73.5850460	4519.8
1182	180.2	180.2	180.2	273,363,22,8	459.1	39.4844152	73.5850482	4519.8
1183	3.0	0.0	3.0	661,17,12,16	458.8	39.4840445	73.5849408	4498.0
1184	145.2	140.2	145.2	739,155,24,9	458.4	39.4844205	73.5850492	4519.8
1185	248.3	245.3	252.3	441,169,15,22	458.4	39.4844066	73.5850501	4519.9
1186	98.1	96.1	100.1	277,801,7,32	458.2	39.4844228	73.5850469	4519.9
1187	295.4	295.4	295.4	1313,0,14,17	458.2	39.4844617	73.5852438	4526.8
1188	346.5	346.5	346.5	99,507,12,21	458.1	39.4844628	73.5852442	4526.8
1189	321.4	315.4	321.4	133,1038,9,27	458.0	39.4844620	73.5852427	4526.8
1190	358.5	357.5	359.5	100,849,19,24	457.8	39.4844639	73.5852430	4526.8
1191	154.2	150.2	154.2	786,953,18,18	457.4	39.4844188	73.5850484	4519.8
1192	457.6	455.6	457.6	1061,147,12,20	457.3	39.4852021	73.5851682	4513.8
1193	461.6	461.6	461.6	55,941,10,14	457.0	39.4852009	73.5851693	4513.8
1194	160.2	160.2	161.2	1715,159,20,10	456.8	39.4844178	73.5850476	4519.8
1195	453.6	452.6	456.6	791,565,22,10	456.6	39.4852024	73.5851679	4513.8
1196	93.1	93.1	93.1	584,1062,14,18	456.2	39.4844232	73.5850459	4519.9
1197	209.3	209.3	217.3	837,1029,12,16	456.1	39.4844126	73.5850509	4519.9
1198	192.3	192.3	193.3	0,493,17,12	455.9	39.4844150	73.5850480	4519.9
1199	324.4	323.4	324.4	607,945,16,10	455.7	39.4844622	73.5852433	4526.8
1200	223.3	223.3	223.3	1565,9,8,32	455.4	39.4844086	73.5850508	4519.9
1201	202.3	201.3	202.3	87,937,16,20	454.8	39.4844138	73.5850498	4519.9
1202	72.1	72.1	72.1	1049,238,14,21	454.1	39.4844212	73.5850511	4519.9
1203	298.4	297.4	299.4	1385,57,16,12	453.9	39.4844620	73.5852445	4526.8
1204	390.5	389.5	390.5	56,751,23,8	453.7	39.4852022	73.5851688	4513.8
1205	115.2	113.1	115.2	1393,369,16,10	453.6	39.4844235	73.5850471	4519.8
1206	323.4	323.4	323.4	773,1055,16,20	453.6	39.4844621	73.5852431	4526.8
1207	442.6	442.6	442.6	499,481,14,18	453.4	39.4852013	73.5851701	4513.8
1208	198.3	198.3	198.3	1099,721,16,12	453.3	39.4844140	73.5850490	4519.9
1209	253.3	249.3	253.3	1037,1041,20,12	453.2	39.4844062	73.5850506	4519.9
1210	445.6	445.6	445.6	1303,1057,12,23	453.2	39.4852017	73.5851688	4513.8
1211	256.3	256.3	261.3	241,737,13,16	451.8	39.4844057	73.5850511	4519.9
1212	125.2	122.2	132.2	591,583,9,34	451.7	39.4844213	73.5850484	4519.8
1213	82.1	77.1	88.1	193,1052,24,13	451.1	39.4844250	73.5850469	4519.9
1214	205.3	205.3	208.3	1257,55,23,10	451.1	39.4844136	73.5850504	4519.9
1215	46.1	42.1	47.1	1508,466,18,9	450.4	39.4843759	73.5850367	4497.9
1216	376.5	376.5	376.5	825,233,12,24	450.4	39.4848217	73.5854130	4512.7
1217	360.5	360.5	360.5	283,49,22,12	450.3	39.4844646	73.5852432	4526.8
1218	405.5	403.5	412.5	601,409,16,16	450.3	39.4852030	73.5851698	4513.8
1219	221.3	221.3	221.3	153,529,18,14	450.2	39.4844087	73.5850510	4519.9
1220	353.5	353.5	353.5	571,835,16,18	449.7	39.4844633	73.5852427	4526.8
1221	480.6	479.6	482.6	1753,429,24,12	449.2	39.4851984	73.5851688	4513.8
1222	316.4	316.4	316.4	83,961,18,13	449.1	39.4844617	73.5852416	4526.8
1223	251.3	249.3	251.3	221,1047,12,20	448.9	39.4844064	73.5850501	4519.9
1224	105.1	102.1	108.1	323,681,10,46	448.8	39.4844229	73.5850482	4519.9
1225	104.1	99.1	104.1	237,970,8,39	448.0	39.4844228	73.5850479	4519.8
1226	441.6	441.6	450.6	241,426,14,17	447.7	39.4852013	73.5851703	4513.8
1227	298.4	298.4	300.4	417,225,14,18	446.8	39.4844620	73.5852445	4526.8
1228	295.4	292.4	296.4	69,597,6,28	446.6	39.4844617	73.5852438	4526.8
1229	497.7	497.7	497.7	1070,1073,25,7	446.6	39.4851969	73.5851677	4513.8
1230	174.2	174.2	178.2	1031,773,13,20	446.5	39.4844161	73.5850469	4519.8
1231	502.7	502.7	504.7	165,563,8,14	446.4	39.4851957	73.5851678	4513.8
1232	246.3	246.3	246.3	1457,473,16,20	446.1	39.4844067	73.5850506	4519.9
1233	199.3	199.3	199.3	399,833,22,16	445.8	39.4844137	73.5850493	4519.9
1234	112.1	112.1	112.1	1253,761,10,24	445.5	39.4844240	73.5850476	4519.8
1235	8.0	0.0	8.0	1797,271,14,14	445.1	39.4840452	73.5849413	4498.0
1236	374.5	374.5	374.5	225,5,16,28	444.9	39.4847195	73.5854177	4514.6
1237	398.5	397.5	398.5	1443,337,14,12	444.2	39.4852022	73.5851695	4513.8
1238	363.5	363.5	363.5	1105,502,16,21	443.8	39.4844651	73.5852430	4526.8
1239	238.3	238.3	239.3	0,965,11,18	443.1	39.4844069	73.5850513	4519.9
1240	439.6	439.6	439.6	1043,1027,12,12	442.7	39.4852007	73.5851709	4513.8
1241	508.7	508.7	511.7	785,105,10,19	442.3	39.4851949	73.5851691	4513.9
1242	439.6	439.6	439.6	317,171,6,27	442.0	39.4852007	73.5851709	4513.8
1243	246.3	246.3	246.3	1437,127,14,12	441.3	39.4844067	73.5850506	4519.9
1244	1.0	1.0	1.0	1481,715,14,14	441.1	39.4840428	73.5849408	4497.9
1245	459.6	459.6	459.6	657,24,16,17	441.1	39.4852012	73.5851687	4513.8
1246	90.1	90.1	90.1	1751,394,23,7	441.0	39.4844243	73.5850460	4519.8
1247	449.6	446.6	453.6	1313,489,14,12	440.5	39.4852021	73.5851684	4513.8
1248	103.1	97.1	105.1	1850,717,15,12	440.1	39.4844229	73.5850477	4519.8
1249	252.3	252.3	252.3	457,0,14,9	440.0	39.4844063	73.5850503	4519.9
1250	196.3	194.3	196.3	1259,981,14,12	439.7	39.4844139	73.5850484	4519.9
1251	299.4	298.4	299.4	729,177,18,16	439.6	39.4844619	73.5852445	4526.8
1252	489.6	489.6	489.6	0,457,13,20	439.6	39.4851985	73.5851670	4513.8
1253	464.6	464.6	464.6	1249,725,16,8	439.4	39.4851999	73.5851700	4513.8
1254	452.6	452.6	456.6	0,265,9,14	439.0	39.4852023	73.5851679	4513.8
1255	431.6	431.6	431.6	1866,67,11,16	438.5	39.4851999	73.5851721	4513.8
1256	253.3	252.3	253.3	191,189,24,24	438.4	39.4844062	73.5850506	4519.9
1257	176.2	176.2	176.2	757,1041,12,15	437.9	39.4844157	73.5850470	4519.8
1258	507.7	507.7	507.7	1069,31,14,12	437.8	39.4851950	73.5851695	4513.8
1259	235.3	235.3	235.3	1837,991,11,14	437.4	39.4844073	73.5850517	4519.9
1260	432.6	432.6	432.6	967,517,10,16	436.8	39.4852000	73.5851722	4513.8
1261	385.5	385.5	385.5	1379,0,14,9	436.6	39.4852030	73.5851677	4513.7
1262	7.0	1.0	8.0	1894,425,19,20	436.3	39.4840452	73.5849410	4498.0
1263	358.5	358.5	358.5	1145,1005,18,14	435.7	39.4844639	73.5852430	4526.8
1264	138.2	138.2	144.2	1049,767,10,25	435.6	39.4844195	73.5850506	4519.8
1265	207.3	203.3	207.3	593,497,10,20	435.6	39.4844130	73.5850505	4519.9
1266	117.2	117.2	117.2	397,815,12,20	434.7	39.4844232	73.5850473	4519.8
1267	437.6	437.6	437.6	7,399,14,18	434.7	39.4852006	73.5851717	4513.9
1268	110.1	109.1	110.1	57,9,16,22	434.4	39.4844236	73.5850480	4519.8
1269	362.5	362.5	362.5	554,153,13,24	433.9	39.4844651	73.5852431	4526.8
1270	442.6	442.6	442.6	521,949,12,18	433.8	39.4852013	73.5851701	4513.8
1271	62.1	62.1	62.1	1419,363,16,16	433.5	39.4844209	73.5850509	4511.5
1272	427.6	427.6	427.6	7,665,16,16	433.5	39.4852003	73.5851719	4513.9
1273	306.4	304.4	306.4	215,731,10,18	432.8	39.4844622	73.5852435	4526.8
1274	226.3	226.3	226.3	1445,99,8,40	432.5	39.4844080	73.5850510	4519.9
1275	342.5	342.5	343.5	805,991,14,14	432.1	39.4844621	73.5852440	4526.8
1276	267.4	265.4	267.4	1798,273,11,11	432.0	39.4844039	73.5850501	4519.9
1277	281.4	278.4	281.4	109,174,20,11	431.8	39.4844141	73.5851717	4526.8
1278	397.5	397.5	398.5	1875,337,14,16	431.4	39.4852021	73.5851693	4513.8
1279	457.6	457.6	459.6	1308,69,21,10	431.0	39.4852021	73.5851682	4513.8
1280	258.3	258.3	258.3	1121,993,16,14	430.9	39.4844054	73.5850512	4519.9
1281	169.2	169.2	169.2	1164,397,13,19	430.8	39.4844162	73.5850466	4519.8
1282	204.3	204.3	206.3	1527,305,10,16	430.7	39.4844137	73.5850502	4519.9
1283	465.6	464.6	465.6	1563,724,11,18	430.7	39.4851998	73.5851702	4513.8
1284	431.6	430.6	431.6	1901,305,19,12	430.3	39.4851999	73.5851721	4513.8
1285	474.6	474.6	474.6	69,1057,12,15	430.3	39.4851977	73.5851717	4513.8
1286	165.2	164.2	168.2	53,695,22,18	430.0	39.4844159	73.5850467	4519.8
1287	67.1	67.1	68.1	1083,1058,14,22	429.8	39.4844201	73.5850515	4519.5
1288	171.2	170.2	173.2	1749,19,14,14	429.3	39.4844163	73.5850468	4519.8
1289	62.1	62.1	63.1	945,187,22,6	429.0	39.4844209	73.5850509	4511.5
1290	94.1	94.1	95.1	1109,586,17,13	428.9	39.4844233	73.5850464	4519.8
1291	307.4	307.4	307.4	0,425,9,12	428.3	39.4844622	73.5852434	4526.8
1292	207.3	207.3	207.3	1917,577,3,32	428.1	39.4844130	73.5850505	4519.9
1293	443.6	443.6	443.6	301,321,34,8	427.9	39.4852014	73.5851695	4513.8
1294	144.2	144.2	144.2	1846,969,18,11	427.7	39.4844205	73.5850493	4519.8
1295	233.3	232.3	235.3	0,758,7,27	427.7	39.4844078	73.5850511	4519.9
1296	471.6	471.6	471.6	1041,109,24,8	427.6	39.4851980	73.5851712	4513.8
1297	472.6	472.6	475.6	137,157,22,14	427.5	39.4851978	73.5851716	4513.8
1298	90.1	90.1	90.1	1900,1029,11,16	426.9	39.4844243	73.5850460	4519.8
1299	501.7	501.7	501.7	608,397,19,12	426.9	39.4851958	73.5851678	4513.8
1300	194.3	194.3	195.3	897,1001,20,16	425.9	39.4844143	73.5850479	4519.9
1301	381.5	381.5	382.5	23,41,22,12	425.8	39.4851785	73.5851857	4513.7
1302	397.5	397.5	397.5	368,17,19,14	425.6	39.4852021	73.5851693	4513.8
1303	164.2	164.2	164.2	115,995,8,22	425.1	39.4844163	73.5850471	4519.8
1304	210.3	209.3	218.3	251,835,14,14	425.0	39.4844127	73.5850513	4519.9
1305	355.5	355.5	357.5	113,601,6,24	424.9	39.4844632	73.5852424	4526.8
1306	340.5	340.5	340.5	113,593,10,16	424.4	39.4844622	73.5852439	4526.8
1307	348.5	348.5	349.5	477,763,18,18	424.4	39.4844631	73.5852437	4526.8
1308	394.5	385.5	394.5	932,163,15,15	423.9	39.4852016	73.5851692	4513.7
1309	116.2	109.1	117.2	487,57,18,18	423.8	39.4844234	73.5850472	4519.8
1310	253.3	248.3	253.3	359,457,6,32	423.5	39.4844062	73.5850506	4519.9
1311	66.1	66.1	68.1	1854,311,11,34	423.4	39.4844202	73.5850516	4518.0
1312	152.2	151.2	152.2	597,119,12,16	422.8	39.4844188	73.5850485	4519.8
1313	250.3	250.3	250.3	177,973,16,10	422.7	39.4844065	73.5850499	4519.9
1314	359.5	359.5	360.5	465,29,24,6	422.1	39.4844642	73.5852432	4526.8
1315	59.1	51.1	59.1	1649,65,16,24	422.0	39.4844215	73.5850506	4506.3
1316	426.6	426.6	426.6	581,1017,20,12	421.8	39.4852005	73.5851717	4513.9
1317	424.6	424.6	424.6	1241,898,10,19	421.4	39.4852009	73.5851714	4513.8
1318	156.2	156.2	156.2	1459,19,15,14	421.1	39.4844185	73.5850486	4519.8
1319	164.2	164.2	165.2	141,937,20,14	421.1	39.4844163	73.5850471	4519.8
1320	24.0	19.0	28.0	1155,129,8,18	420.9	39.4840484	73.5849406	4498.0
1321	222.3	222.3	222.3	77,101,16,21	420.5	39.4844085	73.5850508	4519.9
1322	270.4	270.4	270.4	647,62,11,23	419.3	39.4844039	73.5850510	4519.9
1323	264.3	263.3	264.3	169,0,26,13	418.5	39.4844045	73.5850504	4519.9
1324	428.6	428.6	429.6	175,941,16,20	418.4	39.4852003	73.5851721	4513.8
1325	76.1	76.1	76.1	106,817,12,16	418.3	39.4844237	73.5850494	4519.9
1326	226.3	226.3	226.3	49,913,16,19	418.3	39.4844080	73.5850510	4519.9
1327	322.4	322.4	326.4	227,117,14,16	418.3	39.4844621	73.5852428	4526.8
1328	112.1	105.1	117.2	1689,261,22,12	418.1	39.4844240	73.5850476	4519.8
1329	94.1	94.1	95.1	1781,155,20,19	417.1	39.4844233	73.5850464	4519.8
1330	108.1	107.1	108.1	141,732,12,17	417.0	39.4844231	73.5850485	4519.8
1331	16.0	11.0	16.0	1803,529,10,26	416.9	39.4840470	73.5849422	4498.0
1332	205.3	205.3	206.3	1717,911,14,10	416.3	39.4844136	73.5850504	4519.9
1333	121.2	121.2	121.2	145,959,11,26	415.5	39.4844224	73.5850476	4519.8
1334	70.1	70.1	70.1	967,319,18,14	415.2	39.4844203	73.5850519	4519.9
1335	392.5	392.5	392.5	1753,823,22,10	415.2	39.4852018	73.5851688	4513.8
1336	494.7	493.7	494.7	135,1009,12,22	415.2	39.4851973	73.5851677	4513.8
1337	230.3	230.3	230.3	99,965,17,16	414.6	39.4844078	73.5850508	4519.9
1338	501.7	501.7	501.7	61,320,13,17	413.5	39.4851958	73.5851678	4513.8
1339	398.5	398.5	398.5	907,275,12,19	413.3	39.4852022	73.5851695	4513.8
1340	398.5	398.5	398.5	762,321,8,25	413.1	39.4852022	73.5851695	4513.8
1341	455.6	455.6	456.6	35,1041,16,10	413.1	39.4852025	73.5851683	4513.8
1342	454.6	452.6	454.6	1225,467,19,6	413.0	39.4852025	73.5851681	4513.8
1343	397.5	397.5	397.5	0,849,7,16	412.9	39.4852021	73.5851693	4513.8
1344	494.7	494.7	494.7	1785,1041,18,19	411.8	39.4851973	73.5851677	4513.8
1345	326.4	326.4	326.4	1705,11,15,9	411.7	39.4844622	73.5852431	4526.8
1346	479.6	477.6	480.6	659,66,23,7	411.4	39.4851982	73.5851691	4513.8
1347	223.3	223.3	223.3	251,1058,22,15	411.1	39.4844086	73.5850508	4519.9
1348	40.1	25.0	40.1	1131,737,17,12	411.0	39.4841808	73.5849764	4498.0
1349	75.1	75.1	75.1	1809,1025,18,10	411.0	39.4844230	73.5850499	4519.9
1350	245.3	245.3	247.3	1011,113,18,10	410.6	39.4844067	73.5850508	4519.9
1351	103.1	103.1	108.1	625,0,15,19	410.5	39.4844229	73.5850477	4519.8
1352	92.1	91.1	93.1	65,773,16,24	410.3	39.4844234	73.5850457	4519.9
1353	442.6	441.6	442.6	29,457,16,11	410.0	39.4852013	73.5851701	4513.8
1354	209.3	209.3	209.3	1297,305,12,19	409.5	39.4844126	73.5850509	4519.9
1355	431.6	429.6	431.6	1177,773,24,6	409.0	39.4851999	73.5851721	4513.8
1356	101.1	101.1	101.1	1626,785,15,8	408.7	39.4844228	73.5850472	4519.9
1357	446.6	446.6	455.6	198,951,11,18	408.5	39.4852017	73.5851687	4513.9
1358	322.4	322.4	325.4	1638,833,7,19	408.2	39.4844621	73.5852428	4526.8
1359	91.1	90.1	95.1	1105,614,16,21	408.1	39.4844239	73.5850459	4519.9
1360	393.5	393.5	393.5	25,663,10,24	408.0	39.4852016	73.5851692	4513.8
1361	363.5	363.5	363.5	811,355,13,20	407.7	39.4844651	73.5852430	4526.8
1362	362.5	362.5	362.5	1313,833,16,20	407.6	39.4844651	73.5852431	4526.8
1363	97.1	97.1	97.1	1083,941,16,15	407.4	39.4844230	73.5850468	4519.8
1364	198.3	198.3	198.3	1327,1057,15,11	407.4	39.4844140	73.5850490	4519.9
1365	215.3	214.3	217.3	569,119,21,12	406.5	39.4844109	73.5850510	4519.9
1366	424.6	424.6	424.6	41,35,16,20	406.3	39.4852009	73.5851714	4513.8
1367	390.5	390.5	390.5	37,215,16,10	406.2	39.4852022	73.5851688	4513.8
1368	454.6	451.6	455.6	1171,507,22,16	405.5	39.4852025	73.5851681	4513.8
1369	265.4	265.4	266.4	77,961,14,20	405.3	39.4844046	73.5850504	4519.9
1370	433.6	433.6	433.6	985,869,12,20	405.2	39.4852001	73.5851727	4513.8
1371	247.3	247.3	247.3	145,665,10,14	405.0	39.4844067	73.5850504	4519.9
1372	260.3	260.3	261.3	20,908,19,11	405.0	39.4844054	73.5850511	4519.9
1373	264.3	264.3	264.3	9,565,7,20	405.0	39.4844045	73.5850504	4519.9
1374	198.3	198.3	198.3	574,1021,15,12	404.7	39.4844140	73.5850490	4519.9
1375	511.7	511.7	511.7	637,33,14,28	404.5	39.4852080	73.5852434	4513.9
1376	93.1	92.1	95.1	269,973,25,24	404.2	39.4844232	73.5850459	4519.9
1377	81.1	81.1	81.1	549,629,10,28	404.1	39.4844248	73.5850471	4519.8
1378	145.2	144.2	146.2	1841,446,11,13	404.0	39.4844205	73.5850492	4519.8
1379	377.5	377.5	377.5	1913,901,7,24	404.0	39.4848814	73.5853670	4512.5
1380	414.5	413.5	414.5	824,321,9,16	404.0	39.4852027	73.5851715	4513.9
1381	425.6	425.6	425.6	310,417,16,29	403.8	39.4852005	73.5851715	4513.9
1382	434.6	434.6	434.6	551,1035,18,12	403.7	39.4852003	73.5851726	4513.9
1383	466.6	466.6	468.6	1242,34,17,22	403.6	39.4851994	73.5851703	4513.8
1384	354.5	349.5	354.5	1057,1057,16,16	403.5	39.4844632	73.5852425	4526.8
1385	451.6	451.6	451.6	1840,831,17,8	403.5	39.4852022	73.5851680	4513.8
1386	349.5	348.5	350.5	597,195,12,10	402.6	39.4844632	73.5852436	4526.8
1387	320.4	320.4	320.4	1265,313,16,8	402.4	39.4844619	73.5852424	4526.8
1388	155.2	155.2	155.2	473,95,10,26	402.1	39.4844188	73.5850486	4519.8
1389	294.4	292.4	294.4	107,704,15,13	402.0	39.4844617	73.5852434	4526.8
1390	413.5	413.5	413.5	6,347,11,12	401.5	39.4852028	73.5851714	4513.8
1391	118.2	118.2	118.2	135,663,6,24	401.1	39.4844232	73.5850474	4519.8
1392	296.4	293.4	296.4	1889,95,31,9	400.9	39.4844620	73.5852443	4526.8
1393	325.4	320.4	325.4	381,17,12,10	400.8	39.4844622	73.5852432	4526.8
1394	437.6	430.6	437.6	481,921,16,12	400.5	39.4852006	73.5851717	4513.9
1395	363.5	363.5	363.5	205,929,10,18	400.4	39.4844651	73.5852430	4526.8
1396	153.2	152.2	153.2	27,413,6,26	400.3	39.4844189	73.5850484	4519.8
1397	168.2	168.2	168.2	968,457,17,11	400.3	39.4844161	73.5850466	4519.8
1398	197.3	197.3	197.3	328,217,13,20	400.3	39.4844140	73.5850487	4519.8
1399	242.3	239.3	242.3	238,1054,7,20	400.3	39.4844064	73.5850512	4519.9
1400	71.1	71.1	71.1	209,1033,6,24	399.5	39.4844207	73.5850516	4519.9
1401	115.2	113.1	116.2	249,961,12,16	399.5	39.4844235	73.5850471	4519.8
1402	402.5	402.5	402.5	519,433,15,30	399.4	39.4852027	73.5851702	4513.8
1403	75.1	75.1	75.1	349,495,10,28	399.2	39.4844230	73.5850499	4519.9
1404	261.3	257.3	263.3	350,1012,11,13	399.1	39.4844052	73.5850510	4519.9
1405	53.1	51.1	58.1	1539,929,4,24	398.8	39.4844211	73.5850511	4497.9
1406	271.4	271.4	278.4	1873,401,10,16	397.4	39.4844040	73.5850509	4519.9
1407	492.7	492.7	494.7	0,701,9,22	397.3	39.4851979	73.5851666	4513.8
1408	403.5	403.5	407.5	87,655,10,15	397.1	39.4852027	73.5851700	4513.8
1409	124.2	122.2	126.2	753,0,24,9	397.0	39.4844215	73.5850480	4519.8
1410	443.6	443.6	443.6	161,667,12,10	397.0	39.4852014	73.5851695	4513.8
1411	220.3	218.3	220.3	28,195,13,28	396.9	39.4844093	73.5850510	4519.9
1412	227.3	226.3	227.3	369,49,16,28	396.9	39.4844077	73.5850511	4519.9
1413	8.0	0.0	8.0	1865,161,10,14	396.8	39.4840452	73.5849413	4498.0
1414	199.3	199.3	199.3	1513,423,22,10	396.8	39.4844137	73.5850493	4519.9
1415	237.3	230.3	238.3	635,919,26,20	396.8	39.4844072	73.5850516	4519.9
1416	260.3	260.3	260.3	1574,545,11,16	396.8	39.4844054	73.5850511	4519.9
1417	362.5	362.5	362.5	185,239,12,18	396.8	39.4844651	73.5852431	4526.8
1418	188.2	188.2	192.3	353,993,15,32	396.7	39.4844149	73.5850484	4519.8
1419	48.1	48.1	50.1	961,789,16,10	396.3	39.4844108	73.5850477	4498.0
1420	202.3	201.3	202.3	49,1033,16,16	396.2	39.4844138	73.5850498	4519.9
1421	196.3	196.3	196.3	1453,353,12,16	396.1	39.4844139	73.5850484	4519.9
1422	299.4	299.4	299.4	615,457,8,32	395.7	39.4844619	73.5852445	4526.8
1423	288.4	287.4	288.4	1801,331,14,12	395.2	39.4844608	73.5852434	4526.8
1424	210.3	210.3	213.3	193,235,10,21	395.0	39.4844127	73.5850513	4519.9
1425	444.6	444.6	446.6	247,805,10,12	395.0	39.4852017	73.5851691	4513.8
1426	266.4	266.4	266.4	17,353,8,15	394.7	39.4844043	73.5850502	4519.9
1427	441.6	441.6	441.6	25,781,14,12	394.6	39.4852013	73.5851703	4513.8
1428	424.6	424.6	425.6	218,465,19,18	394.2	39.4852009	73.5851714	4513.8
1429	180.2	180.2	180.2	161,187,6,22	394.0	39.4844152	73.5850482	4519.8
1430	229.3	229.3	229.3	371,448,14,11	394.0	39.4844077	73.5850509	4519.9
1431	472.6	472.6	472.6	1086,986,11,15	394.0	39.4851978	73.5851716	4513.8
1432	352.5	350.5	353.5	259,337,14,12	392.6	39.4844633	73.5852430	4526.8
1433	241.3	241.3	241.3	1665,9,16,8	392.0	39.4844062	73.5850510	4519.9
1434	505.7	504.7	506.7	1349,967,15,12	391.9	39.4851951	73.5851687	4513.8
1435	324.4	324.4	324.4	1825,711,16,10	391.7	39.4844622	73.5852433	4526.8
1436	385.5	385.5	385.5	1793,18,16,17	391.7	39.4852030	73.5851677	4513.7
1437	209.3	209.3	209.3	500,269,16,9	391.4	39.4844126	73.5850509	4519.9
1438	329.4	327.4	330.4	611,159,14,18	391.4	39.4844626	73.5852433	4526.8
1439	490.6	489.6	490.6	59,891,6,23	391.4	39.4851984	73.5851667	4513.8
1440	383.5	383.5	383.5	1815,197,14,12	391.2	39.4852019	73.5851698	4513.7
1441	161.2	161.2	161.2	782,803,32,8	391.1	39.4844178	73.5850476	4519.8
1442	183.2	181.2	183.2	890,689,15,20	390.7	39.4844150	73.5850486	4519.8
1443	255.3	255.3	255.3	1469,225,16,14	390.6	39.4844058	73.5850508	4519.9
1444	430.6	430.6	431.6	1753,15,16,8	389.5	39.4851998	73.5851720	4513.9
1445	478.6	478.6	478.6	527,1037,8,19	389.2	39.4851977	73.5851693	4513.8
1446	501.7	501.7	501.7	1427,0,16,15	389.2	39.4851958	73.5851678	4513.8
1447	229.3	229.3	235.3	1807,443,12,14	389.0	39.4844077	73.5850509	4519.9
1448	348.5	348.5	348.5	657,473,8,20	388.4	39.4844631	73.5852437	4526.8
1449	441.6	441.6	441.6	1670,65,34,8	388.3	39.4852013	73.5851703	4513.8
1450	119.2	119.2	121.2	705,295,28,18	388.2	39.4844232	73.5850475	4519.8
1451	149.2	148.2	149.2	761,111,28,8	388.2	39.4844201	73.5850489	4519.8
1452	221.3	221.3	221.3	149,3,24,16	388.1	39.4844087	73.5850510	4519.9
1453	351.5	349.5	351.5	1837,337,20,16	387.8	39.4844633	73.5852433	4526.8
1454	341.5	340.5	341.5	684,109,15,12	387.6	39.4844621	73.5852441	4526.8
1455	365.5	365.5	368.5	681,17,6,40	387.1	39.4844657	73.5852434	4526.9
1456	338.4	338.4	339.4	1873,346,13,23	386.6	39.4844625	73.5852438	4526.8
1457	50.1	48.1	60.1	49,307,14,18	386.5	39.4844230	73.5850516	4497.9
1458	70.1	70.1	70.1	57,309,16,12	386.5	39.4844203	73.5850519	4519.9
1459	11.0	11.0	11.0	1909,889,11,20	386.4	39.4840448	73.5849415	4498.0
1460	225.3	224.3	225.3	405,765,8,16	386.2	39.4844084	73.5850507	4519.9
1461	139.2	139.2	139.2	1305,0,12,9	385.9	39.4844197	73.5850505	4519.8
1462	103.1	97.1	105.1	413,179,20,16	385.7	39.4844229	73.5850477	4519.8
1463	90.1	90.1	90.1	731,113,16,12	385.2	39.4844243	73.5850460	4519.8
1464	92.1	91.1	93.1	365,821,9,33	385.2	39.4844234	73.5850457	4519.9
1465	318.4	318.4	320.4	256,0,11,25	385.0	39.4844618	73.5852420	4526.8
1466	191.3	191.3	192.3	38,145,11,16	384.8	39.4844150	73.5850482	4519.9
1467	198.3	198.3	198.3	1385,841,12,12	384.8	39.4844140	73.5850490	4519.9
1468	400.5	400.5	400.5	469,182,12,11	384.6	39.4852025	73.5851697	4513.8
1469	114.2	111.1	114.2	95,172,10,21	384.1	39.4844237	73.5850471	4519.8
1470	244.3	244.3	244.3	405,21,15,20	383.5	39.4844067	73.5850510	4519.9
1471	364.5	363.5	364.5	161,783,16,10	382.8	39.4844654	73.5852432	4526.8
1472	216.3	214.3	220.3	1265,43,23,10	382.5	39.4844104	73.5850508	4519.9
1473	344.5	342.5	344.5	1868,39,13,10	382.4	39.4844622	73.5852443	4526.8
1474	229.3	229.3	229.3	769,297,12,18	382.3	39.4844077	73.5850509	4519.9
1475	330.4	329.4	334.4	479,785,16,11	381.7	39.4844629	73.5852439	4526.8
1476	142.2	139.2	142.2	421,367,12,34	380.9	39.4844202	73.5850498	4519.8
1477	438.6	433.6	438.6	119,503,18,14	380.9	39.4852006	73.5851713	4513.9
1478	438.6	438.6	439.6	843,903,14,20	380.9	39.4852006	73.5851713	4513.9
1479	330.4	330.4	332.4	297,912,12,9	380.7	39.4844629	73.5852439	4526.8
1480	13.0	12.0	13.0	1123,747,12,13	380.6	39.4840458	73.5849421	4498.0
1481	221.3	221.3	221.3	29,1071,28,9	380.6	39.4844087	73.5850510	4519.9
1482	337.4	337.4	337.4	1073,1050,16,13	380.6	39.4844625	73.5852438	4526.8
1483	195.3	195.3	195.3	807,1043,21,12	380.2	39.4844141	73.5850482	4519.9
1484	471.6	471.6	471.6	192,71,9,14	380.2	39.4851980	73.5851712	4513.8
1485	500.7	500.7	500.7	281,601,8,18	380.2	39.4851960	73.5851676	4513.9
1486	393.5	393.5	399.5	753,281,16,24	379.4	39.4852016	73.5851692	4513.8
1487	137.2	132.2	138.2	1873,800,21,7	379.1	39.4844194	73.5850505	4519.8
1488	308.4	308.4	308.4	167,924,14,15	379.1	39.4844621	73.5852433	4526.8
1489	265.4	265.4	270.4	1233,657,8,16	378.8	39.4844046	73.5850504	4519.9
1490	120.2	118.2	121.2	635,73,27,11	378.5	39.4844229	73.5850476	4519.8
1491	41.1	41.1	44.1	1249,799,18,8	378.4	39.4842239	73.5849892	4498.0
1492	241.3	237.3	244.3	1853,628,12,13	378.1	39.4844062	73.5850510	4519.9
1493	196.3	196.3	196.3	449,757,16,16	377.7	39.4844139	73.5850484	4519.9
1494	253.3	253.3	253.3	419,673,20,12	377.7	39.4844062	73.5850506	4519.9
1495	469.6	467.6	469.6	1477,737,20,15	377.6	39.4851986	73.5851704	4513.8
1496	498.7	490.6	498.7	407,913,10,20	377.4	39.4851966	73.5851676	4513.8
1497	330.4	330.4	333.4	473,977,16,8	376.7	39.4844629	73.5852439	4526.8
1498	362.5	355.5	362.5	191,0,22,19	376.6	39.4844651	73.5852431	4526.8
1499	173.2	173.2	173.2	0,341,7,16	376.1	39.4844162	73.5850469	4519.8
1500	198.3	198.3	198.3	596,960,9,17	374.9	39.4844140	73.5850490	4519.9
1501	432.6	428.6	432.6	0,485,17,8	374.7	39.4852000	73.5851722	4513.8
1502	163.2	163.2	163.2	697,159,16,8	374.6	39.4844169	73.5850473	4519.8
1503	501.7	501.7	501.7	1191,289,10,14	374.6	39.4851958	73.5851678	4513.8
1504	90.1	90.1	90.1	489,321,12,14	374.2	39.4844243	73.5850460	4519.8
1505	450.6	450.6	451.6	1811,983,12,8	374.0	39.4852021	73.5851683	4513.8
1506	345.5	345.5	347.5	147,911,14,17	373.9	39.4844623	73.5852442	4526.8
1507	478.6	478.6	478.6	719,425,16,18	373.8	39.4851977	73.5851693	4513.8
1508	431.6	431.6	433.6	481,1073,14,7	373.3	39.4851999	73.5851721	4513.8
1509	138.2	136.2	138.2	45,889,12,12	373.0	39.4844195	73.5850506	4519.8
1510	501.7	501.7	505.7	188,677,12,20	372.9	39.4851958	73.5851678	4513.8
1511	440.6	440.6	440.6	881,113,8,16	372.7	39.4852011	73.5851705	4513.9
1512	247.3	245.3	247.3	625,73,20,18	372.4	39.4844067	73.5850504	4519.9
1513	230.3	230.3	230.3	1451,76,16,27	372.3	39.4844078	73.5850508	4519.9
1514	227.3	227.3	227.3	1491,145,31,9	372.1	39.4844077	73.5850511	4519.9
1515	299.4	299.4	299.4	1183,238,16,14	371.9	39.4844619	73.5852445	4526.8
1516	347.5	347.5	347.5	487,1065,18,10	371.4	39.4844631	73.5852439	4526.8
1517	323.4	323.4	324.4	1875,1073,14,7	371.2	39.4844621	73.5852431	4526.8
1518	121.2	120.2	121.2	1853,691,14,12	371.1	39.4844224	73.5850476	4519.8
1519	386.5	386.5	386.5	1802,609,15,12	371.0	39.4852029	73.5851681	4513.7
1520	172.2	171.2	173.2	287,0,12,16	370.9	39.4844165	73.5850469	4519.8
1521	402.5	402.5	402.5	1217,177,18,8	370.9	39.4852027	73.5851702	4513.8
1522	241.3	240.3	242.3	1858,905,9,16	370.7	39.4844062	73.5850510	4519.9
1523	432.6	431.6	432.6	241,839,16,10	370.6	39.4852000	73.5851722	4513.8
1524	233.3	232.3	236.3	6,913,13,16	370.3	39.4844078	73.5850511	4519.9
1525	381.5	380.5	383.5	1767,28,18,11	369.7	39.4851785	73.5851857	4513.7
1526	499.7	499.7	499.7	73,454,16,21	369.7	39.4851964	73.5851677	4513.8
1527	379.5	379.5	379.5	1569,299,10,19	369.1	39.4850332	73.5852640	4513.0
1528	267.4	262.3	268.4	1711,527,10,12	369.0	39.4844039	73.5850501	4519.9
1529	210.3	210.3	212.3	1089,1037,16,10	368.8	39.4844127	73.5850513	4519.9
1530	176.2	176.2	178.2	259,1057,9,23	368.6	39.4844157	73.5850470	4519.8
1531	74.1	74.1	76.1	103,561,5,26	368.4	39.4844225	73.5850502	4519.9
1532	84.1	84.1	84.1	1259,849,15,16	368.4	39.4844254	73.5850468	4519.9
1533	204.3	204.3	204.3	393,1069,17,11	368.3	39.4844137	73.5850502	4519.9
1534	440.6	440.6	440.6	1661,261,16,13	368.3	39.4852011	73.5851705	4513.9
1535	117.2	117.2	117.2	1022,713,14,12	368.2	39.4844232	73.5850473	4519.8
1536	122.2	119.2	130.2	395,401,6,30	368.2	39.4844219	73.5850476	4519.8
1537	225.3	224.3	225.3	425,899,16,14	368.0	39.4844084	73.5850507	4519.9
1538	391.5	390.5	391.5	116,849,13,23	367.5	39.4852022	73.5851687	4513.8
1539	402.5	402.5	402.5	455,537,6,24	367.3	39.4852027	73.5851702	4513.8
1540	85.1	85.1	85.1	13,729,10,21	367.0	39.4844251	73.5850467	4519.9
1541	466.6	466.6	470.6	1825,129,16,8	366.7	39.4851994	73.5851703	4513.8
1542	336.4	336.4	336.4	927,353,14,16	366.4	39.4844626	73.5852438	4526.8
1543	120.2	119.2	127.2	481,191,16,14	366.1	39.4844229	73.5850476	4519.8
1544	192.3	192.3	195.3	1897,545,8,16	366.1	39.4844150	73.5850480	4519.9
1545	359.5	359.5	359.5	23,1065,14,15	365.9	39.4844642	73.5852432	4526.8
1546	385.5	385.5	385.5	678,823,8,20	365.8	39.4852030	73.5851677	4513.7
1547	68.1	64.1	68.1	1297,161,16,8	365.7	39.4844201	73.5850517	4519.9
1548	294.4	294.4	294.4	1337,77,10,14	365.7	39.4844617	73.5852434	4526.8
1549	458.6	458.6	458.6	1597,839,14,10	365.7	39.4852016	73.5851685	4513.8
1550	126.2	122.2	128.2	186,917,13,32	365.5	39.4844212	73.5850487	4519.8
1551	363.5	363.5	363.5	932,764,35,11	365.4	39.4844651	73.5852430	4526.8
1552	14.0	14.0	14.0	1907,881,13,12	365.2	39.4840463	73.5849421	4498.0
1553	439.6	438.6	439.6	1237,557,10,14	365.1	39.4852007	73.5851709	4513.8
1554	193.3	193.3	193.3	1435,251,21,10	364.8	39.4844144	73.5850480	4519.9
1555	276.4	273.4	284.4	29,701,10,12	364.5	39.4844038	73.5850518	4522.0
1556	108.1	101.1	108.1	217,903,8,18	364.0	39.4844231	73.5850485	4519.8
1557	453.6	453.6	453.6	1399,651,10,16	363.9	39.4852024	73.5851679	4513.8
1558	500.7	500.7	500.7	127,1013,20,24	363.9	39.4851960	73.5851676	4513.9
1559	212.3	211.3	212.3	45,1047,16,15	363.6	39.4844125	73.5850514	4519.9
1560	253.3	251.3	253.3	413,315,20,10	363.6	39.4844062	73.5850506	4519.9
1561	220.3	219.3	220.3	323,84,17,13	363.3	39.4844093	73.5850510	4519.9
1562	471.6	471.6	471.6	1200,973,17,16	362.8	39.4851980	73.5851712	4513.8
1563	471.6	471.6	471.6	1521,1051,20,6	362.4	39.4851980	73.5851712	4513.8
1564	123.2	122.2	125.2	797,114,14,22	362.3	39.4844215	73.5850478	4519.8
1565	358.5	358.5	360.5	293,617,12,22	361.7	39.4844639	73.5852430	4526.8
1566	201.3	201.3	202.3	1281,933,14,8	361.6	39.4844138	73.5850496	4519.9
1567	13.0	13.0	13.0	13,223,11,13	361.2	39.4840458	73.5849421	4498.0
1568	336.4	336.4	336.4	449,821,16,10	361.2	39.4844626	73.5852438	4526.8
1569	493.7	493.7	493.7	1129,1033,32,8	360.9	39.4851976	73.5851671	4513.8
1570	76.1	76.1	76.1	1753,513,15,8	360.8	39.4844237	73.5850494	4519.9
1571	300.4	299.4	300.4	1105,431,14,18	360.8	39.4844619	73.5852444	4526.8
1572	206.3	206.3	206.3	1601,617,10,24	360.3	39.4844135	73.5850504	4519.9
1573	164.2	161.2	167.2	1889,541,15,14	360.0	39.4844163	73.5850471	4519.8
1574	211.3	210.3	211.3	917,1027,11,14	359.8	39.4844126	73.5850514	4519.9
1575	83.1	83.1	83.1	279,776,6,41	359.5	39.4844254	73.5850469	4519.9
1576	168.2	165.2	168.2	245,821,8,28	359.5	39.4844161	73.5850466	4519.8
1577	509.7	509.7	513.7	47,27,10,22	359.5	39.4851950	73.5851694	4513.9
1578	227.3	222.3	227.3	61,215,13,18	359.2	39.4844077	73.5850511	4519.9
1579	354.5	354.5	355.5	47,35,15,10	359.1	39.4844632	73.5852425	4526.8
1580	290.4	290.4	290.4	983,219,14,18	358.9	39.4844610	73.5852430	4526.8
1581	444.6	440.6	445.6	455,568,14,13	358.6	39.4852017	73.5851691	4513.8
1582	452.6	452.6	453.6	9,999,24,10	358.5	39.4852023	73.5851679	4513.8
1583	444.6	444.6	445.6	151,553,14,10	358.3	39.4852017	73.5851691	4513.8
1584	270.4	270.4	270.4	921,81,10,9	358.1	39.4844039	73.5850510	4519.9
1585	392.5	392.5	392.5	1500,0,13,17	358.1	39.4852018	73.5851688	4513.8
1586	153.2	150.2	154.2	851,0,14,17	357.9	39.4844189	73.5850484	4519.8
1587	129.2	129.2	134.2	133,85,8,20	357.7	39.4844201	73.5850487	4519.8
1588	500.7	500.7	500.7	209,111,19,8	357.4	39.4851960	73.5851676	4513.9
1589	399.5	397.5	399.5	513,519,14,10	357.3	39.4852024	73.5851695	4513.8
1590	71.1	67.1	71.1	491,765,16,14	357.1	39.4844207	73.5850516	4519.9
1591	360.5	360.5	360.5	9,54,16,11	357.1	39.4844646	73.5852432	4526.8
1592	475.6	474.6	477.6	125,63,14,12	357.0	39.4851975	73.5851712	4513.8
1593	336.4	333.4	336.4	931,221,30,4	356.9	39.4844626	73.5852438	4526.8
1594	70.1	70.1	70.1	41,145,16,12	356.8	39.4844203	73.5850519	4519.9
1595	222.3	222.3	222.3	1031,377,19,9	356.7	39.4844085	73.5850508	4519.9
1596	424.6	424.6	425.6	303,174,10,16	356.6	39.4852009	73.5851714	4513.8
1597	344.5	344.5	345.5	69,813,16,17	356.5	39.4844622	73.5852443	4526.8
1598	256.3	256.3	256.3	485,763,12,14	356.4	39.4844057	73.5850511	4519.9
1599	318.4	318.4	318.4	1841,145,16,12	356.3	39.4844618	73.5852420	4526.8
1600	197.3	197.3	198.3	713,319,12,18	356.1	39.4844140	73.5850487	4519.8
1601	443.6	443.6	443.6	1881,921,14,20	355.9	39.4852014	73.5851695	4513.8
1602	63.1	63.1	64.1	827,899,12,16	355.8	39.4844205	73.5850511	4513.1
1603	247.3	247.3	247.3	885,5,12,12	355.7	39.4844067	73.5850504	4519.9
1604	399.5	397.5	399.5	497,464,10,12	355.7	39.4852024	73.5851695	4513.8
1605	118.2	118.2	118.2	255,473,12,33	355.5	39.4844232	73.5850474	4519.8
1606	446.6	446.6	452.6	423,883,12,10	355.1	39.4852017	73.5851687	4513.9
1607	440.6	440.6	443.6	648,279,9,10	355.0	39.4852011	73.5851705	4513.9
1608	475.6	475.6	475.6	9,405,14,24	355.0	39.4851975	73.5851712	4513.8
1609	268.4	267.4	268.4	1829,153,6,24	354.9	39.4844039	73.5850503	4519.9
1610	417.6	417.6	420.6	49,817,8,16	354.8	39.4852019	73.5851716	4513.8
1611	433.6	433.6	433.6	1793,81,16,6	354.7	39.4852001	73.5851727	4513.8
1612	321.4	318.4	321.4	153,129,8,16	354.5	39.4844620	73.5852427	4526.8
1613	335.4	335.4	335.4	641,133,12,14	354.0	39.4844627	73.5852439	4526.8
1614	391.5	389.5	391.5	238,443,11,14	353.9	39.4852022	73.5851687	4513.8
1615	442.6	442.6	442.6	553,775,22,10	353.9	39.4852013	73.5851701	4513.8
1616	58.1	47.1	61.1	447,123,8,22	353.3	39.4844219	73.5850504	4504.6
1617	197.3	197.3	198.3	1186,819,15,15	353.3	39.4844140	73.5850487	4519.8
1618	359.5	359.5	359.5	17,679,16,14	353.2	39.4844642	73.5852432	4526.8
1619	442.6	442.6	442.6	363,865,14,14	353.1	39.4852013	73.5851701	4513.8
1620	237.3	237.3	237.3	65,1025,6,22	353.0	39.4844072	73.5850516	4519.9
1621	259.3	255.3	266.4	171,489,13,14	352.9	39.4844054	73.5850512	4519.9
1622	271.4	271.4	271.4	1213,1037,20,10	352.9	39.4844040	73.5850509	4519.9
1623	199.3	199.3	199.3	193,1031,12,12	352.8	39.4844137	73.5850493	4519.9
1624	225.3	224.3	225.3	1338,131,3,42	352.5	39.4844084	73.5850507	4519.9
1625	369.5	369.5	369.5	431,9,14,10	352.5	39.4845137	73.5852682	4525.6
1626	81.1	81.1	81.1	1649,541,16,11	352.1	39.4844248	73.5850471	4519.8
1627	204.3	204.3	204.3	573,161,10,17	351.9	39.4844137	73.5850502	4519.9
1628	223.3	223.3	223.3	531,354,10,17	351.6	39.4844086	73.5850508	4519.9
1629	349.5	349.5	349.5	0,433,17,13	351.6	39.4844632	73.5852436	4526.8
1630	246.3	246.3	246.3	743,373,10,12	351.5	39.4844067	73.5850506	4519.9
1631	153.2	151.2	154.2	529,141,13,14	351.3	39.4844189	73.5850484	4519.8
1632	253.3	253.3	253.3	627,87,14,10	351.1	39.4844062	73.5850506	4519.9
1633	478.6	478.6	478.6	355,1013,8,28	351.0	39.4851977	73.5851693	4513.8
1634	258.3	258.3	260.3	613,45,16,20	350.9	39.4844054	73.5850512	4519.9
1635	81.1	81.1	84.1	777,265,14,10	350.5	39.4844248	73.5850471	4519.8
1636	214.3	214.3	220.3	39,137,11,24	350.4	39.4844116	73.5850512	4519.9
1637	145.2	145.2	145.2	602,731,14,16	350.2	39.4844205	73.5850492	4519.8
1638	253.3	248.3	253.3	1317,481,12,14	350.1	39.4844062	73.5850506	4519.9
1639	424.6	423.6	424.6	469,394,12,9	349.7	39.4852009	73.5851714	4513.8
1640	453.6	453.6	453.6	1457,273,10,16	349.3	39.4852024	73.5851679	4513.8
1641	426.6	422.6	426.6	353,921,16,15	348.9	39.4852005	73.5851717	4513.9
1642	435.6	435.6	437.6	1159,531,16,12	348.9	39.4852006	73.5851723	4513.9
1643	119.2	119.2	119.2	303,1053,9,20	348.7	39.4844232	73.5850475	4519.8
1644	84.1	82.1	84.1	549,261,24,16	348.5	39.4844254	73.5850468	4519.9
1645	297.4	292.4	297.4	17,377,12,14	348.4	39.4844618	73.5852444	4526.8
1646	440.6	440.6	440.6	1901,430,12,13	348.4	39.4852011	73.5851705	4513.9
1647	429.6	428.6	429.6	105,829,12,12	348.3	39.4852000	73.5851722	4513.9
1648	222.3	222.3	226.3	217,175,24,10	348.1	39.4844085	73.5850508	4519.9
1649	150.2	150.2	150.2	805,133,20,6	348.0	39.4844195	73.5850489	4519.8
1650	495.7	495.7	495.7	871,1035,26,6	348.0	39.4851970	73.5851678	4513.8
1651	302.4	302.4	302.4	21,569,14,12	347.9	39.4844622	73.5852440	4526.8
1652	106.1	106.1	106.1	863,451,10,14	347.6	39.4844229	73.5850483	4519.9
1653	353.5	353.5	353.5	83,561,20,10	347.5	39.4844633	73.5852427	4526.8
1654	506.7	504.7	510.7	1328,121,15,12	347.4	39.4851951	73.5851694	4513.8
1655	216.3	216.3	218.3	114,48,31,5	347.2	39.4844104	73.5850508	4519.9
1656	442.6	442.6	442.6	457,533,18,6	347.0	39.4852013	73.5851701	4513.8
1657	182.2	182.2	185.2	1063,247,12,10	346.8	39.4844152	73.5850486	4519.8
1658	431.6	430.6	432.6	50,737,15,18	346.6	39.4851999	73.5851721	4513.8
1659	225.3	225.3	225.3	142,891,13,10	346.5	39.4844084	73.5850507	4519.9
1660	101.1	100.1	101.1	635,185,26,11	346.2	39.4844228	73.5850472	4519.9
1661	17.0	15.0	18.0	1111,81,10,16	345.9	39.4840469	73.5849419	4498.0
1662	111.1	110.1	116.2	161,253,12,12	345.8	39.4844241	73.5850478	4519.8
1663	471.6	471.6	471.6	1561,25,10,16	345.8	39.4851980	73.5851712	4513.8
1664	226.3	226.3	226.3	361,1005,20,18	345.6	39.4844080	73.5850510	4519.9
1665	230.3	230.3	230.3	1496,153,3,40	345.6	39.4844078	73.5850508	4519.9
1666	252.3	252.3	252.3	369,9,23,12	345.6	39.4844063	73.5850503	4519.9
1667	132.2	130.2	132.2	511,1065,25,15	345.5	39.4844193	73.5850492	4519.8
1668	162.2	162.2	162.2	101,1023,8,20	345.3	39.4844177	73.5850474	4519.8
1669	377.5	377.5	377.5	278,369,11,16	345.1	39.4848814	73.5853670	4512.5
1670	477.6	477.6	477.6	0,1061,11,19	344.8	39.4851976	73.5851700	4513.8
1671	152.2	151.2	155.2	794,615,15,14	344.4	39.4844188	73.5850485	4519.8
1672	250.3	250.3	250.3	19,1053,14,14	344.2	39.4844065	73.5850499	4519.9
1673	292.4	292.4	292.4	17,557,10,14	344.2	39.4844613	73.5852431	4526.8
1674	407.5	407.5	407.5	1625,873,15,10	344.0	39.4852031	73.5851700	4513.8
1675	228.3	228.3	228.3	215,561,10,12	343.9	39.4844076	73.5850509	4519.9
1676	325.4	325.4	326.4	1307,1007,9,24	343.9	39.4844622	73.5852432	4526.8
1677	83.1	82.1	83.1	191,733,10,12	343.4	39.4844254	73.5850469	4519.9
1678	88.1	87.1	88.1	33,149,12,24	343.4	39.4844245	73.5850460	4519.8
1679	363.5	363.5	363.5	101,35,24,10	343.0	39.4844651	73.5852430	4526.8
1680	450.6	448.6	452.6	1723,1071,14,9	342.6	39.4852021	73.5851683	4513.8
1681	73.1	72.1	73.1	397,42,12,21	342.3	39.4844219	73.5850506	4519.9
1682	502.7	502.7	502.7	1182,969,11,21	342.2	39.4851957	73.5851678	4513.8
1683	253.3	253.3	253.3	345,769,8,24	341.7	39.4844062	73.5850506	4519.9
1684	201.3	201.3	207.3	557,745,12,12	341.6	39.4844138	73.5850496	4519.9
1685	331.4	329.4	332.4	1810,61,15,12	341.6	39.4844630	73.5852442	4526.8
1686	472.6	472.6	474.6	137,595,8,20	341.5	39.4851978	73.5851716	4513.8
1687	194.3	194.3	195.3	769,1059,13,14	341.4	39.4844143	73.5850479	4519.9
1688	386.5	386.5	386.5	1911,649,9,16	341.4	39.4852029	73.5851681	4513.7
1689	303.4	303.4	303.4	65,691,12,14	341.3	39.4844622	73.5852438	4526.8
1690	310.4	310.4	313.4	181,1058,8,22	341.2	39.4844620	73.5852430	4526.8
1691	442.6	442.6	442.6	1849,649,8,24	341.1	39.4852013	73.5851701	4513.8
1692	299.4	299.4	299.4	1869,893,8,20	340.9	39.4844619	73.5852445	4526.8
1693	335.4	335.4	335.4	289,453,12,14	340.8	39.4844627	73.5852439	4526.8
1694	11.0	6.0	11.0	1829,305,10,16	340.7	39.4840448	73.5849415	4498.0
1695	125.2	125.2	128.2	129,117,14,20	340.5	39.4844213	73.5850484	4519.8
1696	234.3	231.3	235.3	222,969,17,12	340.5	39.4844076	73.5850513	4519.9
1697	429.6	429.6	429.6	123,971,14,22	340.5	39.4852000	73.5851722	4513.9
1698	72.1	72.1	74.1	137,927,10,18	340.4	39.4844212	73.5850511	4519.9
1699	221.3	221.3	221.3	97,33,16,10	340.4	39.4844087	73.5850510	4519.9
1700	417.6	416.6	417.6	1126,81,7,16	340.4	39.4852019	73.5851716	4513.8
1701	144.2	141.2	144.2	413,9,20,12	340.1	39.4844205	73.5850493	4519.8
1702	432.6	432.6	432.6	161,1037,15,12	340.1	39.4852000	73.5851722	4513.8
1703	225.3	225.3	225.3	1593,474,8,13	340.0	39.4844084	73.5850507	4519.9
1704	505.7	504.7	505.7	1105,921,10,17	340.0	39.4851951	73.5851687	4513.8
1705	199.3	199.3	199.3	993,615,12,20	339.2	39.4844137	73.5850493	4519.9
1706	500.7	500.7	500.7	146,951,12,14	339.2	39.4851960	73.5851676	4513.9
1707	479.6	479.6	480.6	281,293,18,15	338.7	39.4851982	73.5851691	4513.8
1708	119.2	119.2	120.2	13,629,12,14	338.6	39.4844232	73.5850475	4519.8
1709	221.3	221.3	221.3	1219,0,22,9	338.6	39.4844087	73.5850510	4519.9
1710	399.5	398.5	399.5	429,939,12,14	338.5	39.4852024	73.5851695	4513.8
1711	246.3	246.3	246.3	875,201,8,24	338.3	39.4844067	73.5850506	4519.9
1712	294.4	294.4	297.4	173,585,16,16	337.9	39.4844617	73.5852434	4526.8
1713	226.3	226.3	226.3	57,971,8,14	337.5	39.4844080	73.5850510	4519.9
1714	334.4	334.4	334.4	1895,357,18,16	337.5	39.4844629	73.5852441	4526.8
1715	389.5	387.5	390.5	1315,897,28,10	337.2	39.4852024	73.5851687	4513.7
1716	63.1	63.1	63.1	1675,377,8,24	336.9	39.4844205	73.5850511	4513.1
1717	18.0	18.0	18.0	1746,9,15,8	336.6	39.4840471	73.5849417	4498.0
1718	339.4	339.4	341.5	1215,173,14,14	336.6	39.4844625	73.5852436	4526.8
1719	419.6	419.6	425.6	11,417,6,17	336.3	39.4852014	73.5851715	4513.9
1720	340.5	339.4	341.5	561,53,16,12	336.0	39.4844622	73.5852439	4526.8
1721	269.4	269.4	269.4	1396,429,13,18	335.9	39.4844039	73.5850508	4519.9
1722	441.6	441.6	441.6	68,321,5,37	335.9	39.4852013	73.5851703	4513.8
1723	487.6	487.6	488.6	53,819,8,27	335.9	39.4851985	73.5851678	4513.8
1724	251.3	251.3	251.3	1665,0,8,27	335.7	39.4844064	73.5850501	4519.9
1725	318.4	318.4	318.4	1906,501,14,24	335.7	39.4844618	73.5852420	4526.8
1726	424.6	422.6	425.6	1489,716,11,14	335.3	39.4852009	73.5851714	4513.8
1727	180.2	180.2	180.2	1265,81,6,16	335.2	39.4844152	73.5850482	4519.8
1728	383.5	383.5	383.5	1175,129,6,16	335.2	39.4852019	73.5851698	4513.7
1729	442.6	442.6	442.6	0,631,7,18	335.2	39.4852013	73.5851701	4513.8
1730	232.3	231.3	232.3	695,12,14,13	334.8	39.4844079	73.5850508	4519.9
1731	409.5	405.5	412.5	634,729,14,16	334.2	39.4852031	73.5851705	4513.9
1732	330.4	328.4	332.4	409,544,8,13	334.1	39.4844629	73.5852439	4526.8
1733	243.3	241.3	243.3	1035,123,22,14	334.0	39.4844066	73.5850512	4519.9
1734	451.6	451.6	451.6	1563,1057,6,16	333.9	39.4852022	73.5851680	4513.8
1735	287.4	284.4	287.4	879,497,10,16	333.6	39.4844609	73.5852439	4526.8
1736	303.4	300.4	303.4	67,41,14,12	333.6	39.4844622	73.5852438	4526.8
1737	11.0	9.0	11.0	1885,241,8,16	333.2	39.4840448	73.5849415	4498.0
1738	155.2	155.2	156.2	547,105,13,28	333.2	39.4844188	73.5850486	4519.8
1739	361.5	361.5	361.5	133,209,8,24	333.1	39.4844649	73.5852432	4526.8
1740	386.5	386.5	388.5	365,369,9,18	332.8	39.4852029	73.5851681	4513.7
1741	170.2	170.2	172.2	1101,137,6,24	332.3	39.4844163	73.5850466	4519.8
1742	318.4	318.4	318.4	1569,964,12,21	332.3	39.4844618	73.5852420	4526.8
1743	399.5	394.5	399.5	179,35,14,12	332.3	39.4852024	73.5851695	4513.8
1744	179.2	179.2	180.2	1081,954,8,15	332.0	39.4844150	73.5850477	4519.8
1745	324.4	323.4	324.4	1738,829,15,16	332.0	39.4844622	73.5852433	4526.8
1746	493.7	493.7	494.7	357,357,12,12	331.8	39.4851976	73.5851671	4513.8
1747	255.3	255.3	255.3	321,729,9,24	331.3	39.4844058	73.5850508	4519.9
1748	243.3	241.3	243.3	15,597,10,14	331.2	39.4844066	73.5850512	4519.9
1749	480.6	479.6	480.6	0,1009,15,10	331.2	39.4851984	73.5851688	4513.8
1750	449.6	449.6	450.6	1403,921,16,16	331.0	39.4852021	73.5851684	4513.8
1751	344.5	344.5	344.5	1667,221,34,6	330.8	39.4844622	73.5852443	4526.8
1752	23.0	21.0	41.1	243,327,9,18	330.3	39.4840480	73.5849405	4498.0
1753	373.5	373.5	374.5	239,0,12,15	330.3	39.4846761	73.5853836	4516.7
1754	258.3	257.3	259.3	413,717,14,12	330.1	39.4844054	73.5850512	4519.9
1755	221.3	221.3	221.3	89,127,12,18	330.0	39.4844087	73.5850510	4519.9
1756	476.6	476.6	476.6	65,85,16,14	329.9	39.4851974	73.5851706	4513.8
1757	424.6	424.6	424.6	1567,712,16,15	329.7	39.4852009	73.5851714	4513.8
1758	250.3	250.3	252.3	551,153,14,16	329.5	39.4844065	73.5850499	4519.9
1759	10.0	7.0	10.0	1873,385,8,18	329.4	39.4840447	73.5849413	4498.0
1760	402.5	402.5	402.5	145,278,15,11	329.4	39.4852027	73.5851702	4513.8
1761	221.3	221.3	221.3	335,195,12,10	328.8	39.4844087	73.5850510	4519.9
1762	343.5	343.5	343.5	95,247,10,10	328.7	39.4844621	73.5852441	4526.8
1763	222.3	222.3	222.3	681,651,12,11	328.6	39.4844085	73.5850508	4519.9
1764	437.6	436.6	437.6	1891,1043,21,14	328.6	39.4852006	73.5851717	4513.9
1765	224.3	224.3	224.3	609,207,19,15	328.5	39.4844086	73.5850507	4519.9
1766	396.5	396.5	396.5	275,361,10,17	328.5	39.4852018	73.5851691	4513.8
1767	471.6	471.6	471.6	1316,586,8,21	328.5	39.4851980	73.5851712	4513.8
1768	488.6	486.6	488.6	97,241,4,31	328.2	39.4851985	73.5851674	4513.8
1769	416.6	416.6	416.6	1547,207,12,8	328.1	39.4852021	73.5851714	4513.8
1770	328.4	328.4	334.4	237,391,16,17	327.8	39.4844624	73.5852431	4526.8
1771	252.3	252.3	254.3	603,161,16,15	327.4	39.4844063	73.5850503	4519.9
1772	399.5	399.5	399.5	1193,195,9,12	327.4	39.4852024	73.5851695	4513.8
1773	81.1	81.1	81.1	233,0,14,21	327.1	39.4844248	73.5850471	4519.8
1774	223.3	223.3	223.3	401,473,9,14	327.1	39.4844086	73.5850508	4519.9
1775	327.4	327.4	327.4	1837,622,14,18	327.0	39.4844623	73.5852430	4526.8
1776	423.6	423.6	426.6	511,785,15,8	326.8	39.4852009	73.5851711	4513.9
1777	384.5	384.5	384.5	705,335,10,17	326.7	39.4852029	73.5851679	4513.7
1778	93.1	90.1	93.1	681,333,22,14	326.6	39.4844232	73.5850459	4519.9
1779	198.3	197.3	198.3	1843,257,8,21	326.6	39.4844140	73.5850490	4519.9
1780	461.6	460.6	462.6	157,941,18,9	326.6	39.4852009	73.5851693	4513.8
1781	66.1	66.1	68.1	1889,789,13,13	326.4	39.4844202	73.5850516	4518.0
1782	440.6	440.6	440.6	1825,911,8,12	326.0	39.4852011	73.5851705	4513.9
1783	218.3	213.3	220.3	393,757,8,18	325.9	39.4844101	73.5850508	4519.9
1784	311.4	311.4	312.4	529,1045,24,16	325.9	39.4844620	73.5852427	4526.8
1785	149.2	149.2	149.2	153,145,8,14	325.5	39.4844201	73.5850489	4519.8
1786	342.5	342.5	343.5	97,569,13,15	325.4	39.4844621	73.5852440	4526.8
1787	256.3	256.3	256.3	0,475,13,18	325.1	39.4844057	73.5850511	4519.9
1788	474.6	474.6	474.6	245,121,16,21	325.0	39.4851977	73.5851717	4513.8
1789	14.0	14.0	22.0	1059,979,12,9	324.9	39.4840463	73.5849421	4498.0
1790	360.5	360.5	360.5	445,105,15,9	324.9	39.4844646	73.5852432	4526.8
1791	194.3	194.3	195.3	1327,1055,18,10	324.7	39.4844143	73.5850479	4519.9
1792	461.6	461.6	461.6	187,993,10,14	324.7	39.4852009	73.5851693	4513.8
1793	307.4	307.4	307.4	317,993,12,16	324.5	39.4844622	73.5852434	4526.8
1794	411.5	404.5	411.5	1242,0,12,9	324.4	39.4852030	73.5851709	4513.8
1795	99.1	99.1	99.1	976,234,17,15	324.3	39.4844227	73.5850469	4519.9
1796	71.1	62.1	71.1	193,529,6,22	324.2	39.4844207	73.5850516	4519.9
1797	259.3	257.3	261.3	421,201,12,16	324.1	39.4844054	73.5850512	4519.9
1798	386.5	386.5	386.5	1887,1049,14,12	324.1	39.4852029	73.5851681	4513.7
1799	361.5	361.5	361.5	65,1058,12,13	323.9	39.4844649	73.5852432	4526.8
1800	89.1	89.1	89.1	1469,707,15,13	323.8	39.4844246	73.5850460	4519.8
1801	473.6	470.6	473.6	753,689,12,12	323.8	39.4851977	73.5851716	4513.8
1802	91.1	91.1	91.1	17,0,8,23	323.7	39.4844239	73.5850459	4519.9
1803	74.1	74.1	74.1	0,241,9,12	323.5	39.4844225	73.5850502	4519.9
1804	14.0	13.0	17.0	1344,91,9,22	323.3	39.4840463	73.5849421	4498.0
1805	441.6	441.6	441.6	1471,229,22,14	323.3	39.4852013	73.5851703	4513.8
1806	346.5	346.5	346.5	1905,329,12,10	323.2	39.4844628	73.5852442	4526.8
1807	487.6	485.6	488.6	135,273,10,10	323.0	39.4851985	73.5851678	4513.8
1808	84.1	80.1	84.1	379,1041,8,16	322.6	39.4844254	73.5850468	4519.9
1809	91.1	91.1	91.1	747,221,42,11	322.4	39.4844239	73.5850459	4519.9
1810	370.5	365.5	373.5	1293,625,15,8	322.3	39.4845497	73.5852895	4523.3
1811	124.2	124.2	124.2	1824,1066,17,14	322.1	39.4844215	73.5850480	4519.8
1812	453.6	453.6	453.6	1681,977,8,16	322.1	39.4852024	73.5851679	4513.8
1813	139.2	138.2	139.2	305,261,8,14	322.0	39.4844197	73.5850505	4519.8
1814	346.5	346.5	346.5	1513,821,8,28	322.0	39.4844628	73.5852442	4526.8
1815	493.7	492.7	493.7	743,183,10,14	321.7	39.4851976	73.5851671	4513.8
1816	264.3	264.3	265.4	241,1056,9,19	321.6	39.4844045	73.5850504	4519.9
1817	376.5	375.5	376.5	1884,941,13,12	321.6	39.4848217	73.5854130	4512.7
1818	150.2	150.2	150.2	313,387,16,14	321.4	39.4844195	73.5850489	4519.8
1819	64.1	63.1	64.1	117,702,12,17	321.3	39.4844205	73.5850514	4514.7
1820	445.6	444.6	445.6	1837,807,10,12	321.3	39.4852017	73.5851688	4513.8
1821	443.6	443.6	443.6	333,1033,10,28	321.2	39.4852014	73.5851695	4513.8
1822	483.6	483.6	485.6	567,105,10,24	321.0	39.4851984	73.5851687	4513.8
1823	482.6	481.6	482.6	37,770,8,17	320.9	39.4851984	73.5851686	4513.8
1824	64.1	64.1	64.1	433,371,16,10	320.8	39.4844205	73.5850514	4514.7
1825	112.1	111.1	112.1	1856,193,9,12	320.7	39.4844240	73.5850476	4519.8
1826	150.2	150.2	150.2	592,323,15,12	320.2	39.4844195	73.5850489	4519.8
1827	133.2	133.2	134.2	1859,801,14,17	320.1	39.4844194	73.5850495	4519.8
1828	148.2	148.2	148.2	611,1032,12,10	320.1	39.4844204	73.5850489	4519.8
1829	344.5	344.5	344.5	1886,321,29,9	320.0	39.4844622	73.5852443	4526.8
1830	246.3	246.3	246.3	283,899,16,22	319.8	39.4844067	73.5850506	4519.9
1831	138.2	138.2	139.2	977,881,8,16	319.5	39.4844195	73.5850506	4519.8
1832	229.3	229.3	229.3	1148,1041,21,6	319.4	39.4844077	73.5850509	4519.9
1833	482.6	482.6	482.6	649,565,16,10	319.4	39.4851984	73.5851686	4513.8
1834	167.2	165.2	169.2	1907,641,13,14	319.2	39.4844159	73.5850465	4519.8
1835	140.2	139.2	140.2	1035,145,14,10	319.1	39.4844198	73.5850501	4519.8
1836	441.6	438.6	441.6	1767,769,6,20	319.1	39.4852013	73.5851703	4513.8
1837	259.3	257.3	259.3	361,595,21,14	318.9	39.4844054	73.5850512	4519.9
1838	163.2	163.2	166.2	225,941,8,19	318.7	39.4844169	73.5850473	4519.8
1839	256.3	250.3	256.3	87,319,10,18	318.6	39.4844057	73.5850511	4519.9
1840	190.3	189.3	194.3	129,717,8,12	318.5	39.4844149	73.5850482	4519.8
1841	264.3	264.3	267.4	89,944,16,15	318.4	39.4844045	73.5850504	4519.9
1842	318.4	318.4	319.4	1909,241,8,13	318.3	39.4844618	73.5852420	4526.8
1843	274.4	270.4	276.4	111,375,14,14	317.7	39.4844042	73.5850505	4519.9
1844	300.4	298.4	300.4	41,437,12,12	317.7	39.4844619	73.5852444	4526.8
1845	383.5	383.5	383.5	46,23,11,26	317.0	39.4852019	73.5851698	4513.7
1846	507.7	507.7	507.7	1775,1017,11,22	317.0	39.4851950	73.5851695	4513.8
1847	396.5	396.5	396.5	1769,327,12,10	316.7	39.4852018	73.5851691	4513.8
1848	470.6	470.6	470.6	1761,147,8,20	316.7	39.4851983	73.5851705	4513.8
1849	118.2	118.2	118.2	399,25,10,16	316.6	39.4844232	73.5850474	4519.8
1850	409.5	409.5	409.5	1343,1019,8,18	316.5	39.4852031	73.5851705	4513.9
1851	476.6	476.6	476.6	241,497,6,20	316.5	39.4851974	73.5851706	4513.8
1852	466.6	464.6	466.6	1719,753,14,10	316.4	39.4851994	73.5851703	4513.8
1853	326.4	326.4	326.4	1390,385,13,8	316.1	39.4844622	73.5852431	4526.8
1854	378.5	378.5	378.5	839,421,13,8	315.7	39.4849518	73.5853155	4512.6
1855	477.6	477.6	477.6	1903,137,17,16	315.6	39.4851976	73.5851700	4513.8
1856	435.6	435.6	440.6	1899,17,8,16	315.4	39.4852006	73.5851723	4513.9
1857	426.6	426.6	426.6	1233,937,12,10	315.2	39.4852005	73.5851717	4513.9
1858	149.2	148.2	149.2	313,48,16,13	315.0	39.4844201	73.5850489	4519.8
1859	124.2	124.2	124.2	425,1021,14,18	314.8	39.4844215	73.5850480	4519.8
1860	34.0	34.0	34.0	1627,937,14,8	314.6	39.4840525	73.5849419	4498.0
1861	95.1	94.1	95.1	925,793,6,24	314.5	39.4844231	73.5850465	4519.8
1862	102.1	99.1	102.1	107,1045,12,18	314.1	39.4844227	73.5850473	4519.8
1863	231.3	231.3	234.3	360,555,11,14	314.0	39.4844079	73.5850507	4519.9
1864	245.3	245.3	251.3	912,143,15,12	314.0	39.4844067	73.5850508	4519.9
1865	477.6	477.6	477.6	419,1053,10,12	313.5	39.4851976	73.5851700	4513.8
1866	312.4	312.4	312.4	1597,425,12,8	313.0	39.4844621	73.5852425	4526.8
1867	225.3	225.3	225.3	59,919,14,17	312.9	39.4844084	73.5850507	4519.9
1868	147.2	147.2	147.2	9,301,14,10	312.8	39.4844206	73.5850489	4519.8
1869	162.2	162.2	162.2	1905,705,15,10	312.8	39.4844177	73.5850474	4519.8
1870	434.6	434.6	434.6	49,923,14,6	312.8	39.4852003	73.5851726	4513.9
1871	464.6	462.6	464.6	1109,467,12,12	312.6	39.4851999	73.5851700	4513.8
1872	465.6	464.6	465.6	1847,919,14,10	312.5	39.4851998	73.5851702	4513.8
1873	444.6	444.6	444.6	1805,713,12,9	312.3	39.4852017	73.5851691	4513.8
1874	463.6	461.6	463.6	1893,1017,8,21	312.3	39.4852001	73.5851700	4513.8
1875	155.2	155.2	159.2	11,919,6,32	312.2	39.4844188	73.5850486	4519.8
1876	362.5	362.5	362.5	659,21,20,12	312.1	39.4844651	73.5852431	4526.8
1877	221.3	221.3	221.3	0,609,11,12	311.7	39.4844087	73.5850510	4519.9
1878	440.6	440.6	440.6	783,573,14,8	311.7	39.4852011	73.5851705	4513.9
1879	361.5	361.5	362.5	1297,205,27,10	311.6	39.4844649	73.5852432	4526.8
1880	268.4	265.4	268.4	777,720,16,10	311.5	39.4844039	73.5850503	4519.9
1881	201.3	200.3	201.3	393,677,8,24	311.4	39.4844138	73.5850496	4519.9
1882	470.6	470.6	470.6	303,393,8,14	311.2	39.4851983	73.5851705	4513.8
1883	89.1	87.1	89.1	45,307,10,22	310.9	39.4844246	73.5850460	4519.8
1884	299.4	299.4	299.4	37,509,15,12	310.8	39.4844619	73.5852445	4526.8
1885	141.2	141.2	142.2	382,311,11,14	310.5	39.4844201	73.5850500	4519.8
1886	212.3	211.3	212.3	1105,1033,16,7	310.4	39.4844125	73.5850514	4519.9
1887	509.7	509.7	510.7	1759,1045,10,20	310.4	39.4851950	73.5851694	4513.9
1888	416.6	416.6	416.6	803,401,8,15	310.3	39.4852021	73.5851714	4513.8
1889	87.1	87.1	87.1	119,323,10,14	310.2	39.4844248	73.5850462	4519.8
1890	372.5	364.5	372.5	1209,307,10,14	310.2	39.4846328	73.5853490	4518.9
1891	362.5	362.5	362.5	567,241,8,16	310.1	39.4844651	73.5852431	4526.8
1892	471.6	471.6	471.6	1017,905,12,16	310.1	39.4851980	73.5851712	4513.8
1893	150.2	150.2	150.2	633,969,16,12	309.8	39.4844195	73.5850489	4519.8
1894	389.5	387.5	389.5	1857,185,4,24	309.8	39.4852024	73.5851687	4513.7
1895	477.6	477.6	478.6	721,693,12,12	309.7	39.4851976	73.5851700	4513.8
1896	161.2	161.2	162.2	978,107,15,6	309.5	39.4844178	73.5850476	4519.8
1897	228.3	228.3	228.3	330,338,10,15	309.5	39.4844076	73.5850509	4519.9
1898	359.5	358.5	359.5	131,943,10,18	309.5	39.4844642	73.5852432	4526.8
1899	431.6	426.6	431.6	177,843,8,22	309.3	39.4851999	73.5851721	4513.8
1900	63.1	61.1	68.1	1707,258,14,18	309.1	39.4844205	73.5850511	4513.1
1901	364.5	364.5	367.5	927,561,12,12	309.1	39.4844654	73.5852432	4526.8
1902	398.5	397.5	398.5	233,368,14,9	309.1	39.4852022	73.5851695	4513.8
1903	433.6	431.6	433.6	601,881,16,14	309.1	39.4852001	73.5851727	4513.8
1904	441.6	441.6	442.6	1435,185,10,12	309.1	39.4852013	73.5851703	4513.8
1905	328.4	328.4	332.4	337,17,16,8	309.0	39.4844624	73.5852431	4526.8
1906	490.6	490.6	490.6	69,827,12,22	308.6	39.4851984	73.5851667	4513.8
1907	442.6	442.6	442.6	149,626,6,23	308.5	39.4852013	73.5851701	4513.8
1908	222.3	222.3	222.3	1237,19,11,8	308.4	39.4844085	73.5850508	4519.9
1909	81.1	81.1	81.1	107,765,6,24	308.2	39.4844248	73.5850471	4519.8
1910	146.2	145.2	146.2	733,762,20,17	307.9	39.4844206	73.5850490	4519.8
1911	233.3	233.3	233.3	17,255,18,14	307.9	39.4844078	73.5850511	4519.9
1912	198.3	198.3	198.3	1139,950,14,11	307.7	39.4844140	73.5850490	4519.9
1913	259.3	259.3	259.3	1913,529,7,16	307.7	39.4844054	73.5850512	4519.9
1914	475.6	475.6	475.6	1721,393,10,24	307.7	39.4851975	73.5851712	4513.8
1915	348.5	348.5	349.5	402,215,14,13	307.6	39.4844631	73.5852437	4526.8
1916	146.2	144.2	146.2	333,895,10,20	307.4	39.4844206	73.5850490	4519.8
1917	223.3	223.3	223.3	491,793,6,22	307.4	39.4844086	73.5850508	4519.9
1918	230.3	230.3	230.3	416,17,9,17	307.2	39.4844078	73.5850508	4519.9
1919	347.5	345.5	347.5	166,897,13,14	307.0	39.4844631	73.5852439	4526.8
1920	230.3	230.3	241.3	337,263,8,18	306.8	39.4844078	73.5850508	4519.9
1921	493.7	493.7	493.7	69,945,16,16	306.6	39.4851976	73.5851671	4513.8
1922	234.3	231.3	236.3	701,316,14,10	306.5	39.4844076	73.5850513	4519.9
1923	341.5	337.4	341.5	601,417,19,10	306.5	39.4844621	73.5852441	4526.8
1924	353.5	348.5	353.5	1845,1069,10,11	306.3	39.4844633	73.5852427	4526.8
1925	455.6	455.6	458.6	663,311,10,10	306.3	39.4852025	73.5851683	4513.8
1926	97.1	97.1	98.1	305,753,8,16	306.2	39.4844230	73.5850468	4519.8
1927	119.2	119.2	121.2	95,720,10,17	306.2	39.4844232	73.5850475	4519.8
1928	348.5	348.5	348.5	537,909,10,14	305.8	39.4844631	73.5852437	4526.8
1929	211.3	210.3	213.3	329,969,19,8	305.7	39.4844126	73.5850514	4519.9
1930	418.6	417.6	418.6	1843,0,10,13	305.4	39.4852018	73.5851716	4513.9
1931	265.4	264.3	266.4	1597,91,28,4	305.3	39.4844046	73.5850504	4519.9
1932	362.5	362.5	362.5	861,209,22,7	305.0	39.4844651	73.5852431	4526.8
1933	375.5	375.5	375.5	257,71,12,20	305.0	39.4847683	73.5854330	4512.9
1934	100.1	97.1	100.1	223,529,4,30	304.7	39.4844226	73.5850469	4519.9
1935	335.4	335.4	335.4	427,1055,12,10	304.6	39.4844627	73.5852439	4526.8
1936	199.3	199.3	199.3	1449,453,12,17	304.3	39.4844137	73.5850493	4519.9
1937	507.7	507.7	511.7	1633,515,8,16	304.3	39.4851950	73.5851695	4513.8
1938	437.6	436.6	437.6	1889,961,20,12	304.2	39.4852006	73.5851717	4513.9
1939	196.3	196.3	196.3	1035,1069,14,11	303.9	39.4844139	73.5850484	4519.9
1940	495.7	495.7	495.7	1617,1049,16,14	303.8	39.4851970	73.5851678	4513.8
1941	8.0	7.0	8.0	1907,283,13,6	303.6	39.4840452	73.5849413	4498.0
1942	224.3	224.3	224.3	283,133,30,4	303.6	39.4844086	73.5850507	4519.9
1943	322.4	322.4	323.4	1721,1005,16,8	303.6	39.4844621	73.5852428	4526.8
1944	416.6	416.6	422.6	135,549,16,16	303.6	39.4852021	73.5851714	4513.8
1945	135.2	133.2	135.2	1845,769,12,8	303.5	39.4844193	73.5850499	4519.8
1946	204.3	204.3	204.3	97,611,6,14	303.5	39.4844137	73.5850502	4519.9
1947	221.3	221.3	221.3	1161,673,12,11	303.2	39.4844087	73.5850510	4519.9
1948	246.3	246.3	246.3	209,403,11,16	303.2	39.4844067	73.5850506	4519.9
1949	506.7	505.7	506.7	1783,561,8,18	303.0	39.4851951	73.5851694	4513.8
1950	71.1	71.1	71.1	457,0,6,17	302.9	39.4844207	73.5850516	4519.9
1951	74.1	74.1	75.1	29,852,8,17	302.9	39.4844225	73.5850502	4519.9
1952	75.1	75.1	75.1	1387,217,14,16	302.9	39.4844230	73.5850499	4519.9
1953	154.2	154.2	157.2	1431,199,16,6	302.9	39.4844188	73.5850484	4519.8
1954	508.7	508.7	509.7	969,1065,12,8	302.9	39.4851949	73.5851691	4513.9
1955	99.1	99.1	105.1	581,182,20,19	302.8	39.4844227	73.5850469	4519.9
1956	262.3	261.3	262.3	1569,0,12,13	302.5	39.4844049	73.5850508	4519.9
1957	350.5	350.5	350.5	1869,855,19,18	302.4	39.4844633	73.5852435	4526.8
1958	442.6	441.6	442.6	272,31,17,8	302.4	39.4852013	73.5851701	4513.8
1959	150.2	150.2	150.2	431,41,9,23	302.3	39.4844195	73.5850489	4519.8
1960	299.4	299.4	299.4	1633,0,12,7	302.2	39.4844619	73.5852445	4526.8
1961	227.3	227.3	229.3	57,413,10,20	302.0	39.4844077	73.5850511	4519.9
1962	400.5	400.5	400.5	1861,442,10,13	302.0	39.4852025	73.5851697	4513.8
1963	328.4	327.4	331.4	172,659,13,28	301.9	39.4844624	73.5852431	4526.8
1964	91.1	91.1	91.1	1791,977,10,16	301.7	39.4844239	73.5850459	4519.9
1965	307.4	307.4	307.4	145,353,6,16	301.6	39.4844622	73.5852434	4526.8
1966	107.1	106.1	107.1	1766,967,12,10	301.4	39.4844230	73.5850485	4519.8
1967	208.3	208.3	208.3	1881,900,24,9	301.4	39.4844129	73.5850507	4519.9
1968	298.4	298.4	298.4	321,505,8,22	301.4	39.4844620	73.5852445	4526.8
1969	485.6	485.6	485.6	1869,227,18,8	301.1	39.4851984	73.5851684	4513.8
1970	476.6	475.6	478.6	441,911,10,26	300.7	39.4851974	73.5851706	4513.8
1971	33.0	33.0	36.0	1789,113,12,16	300.5	39.4840519	73.5849418	4498.0
1972	322.4	322.4	322.4	697,710,14,19	300.4	39.4844621	73.5852428	4526.8
1973	253.3	253.3	253.3	225,55,16,10	300.0	39.4844062	73.5850506	4519.9
1974	432.6	432.6	432.6	33,587,6,16	300.0	39.4852000	73.5851722	4513.8
1975	156.2	156.2	156.2	1891,947,14,15	299.9	39.4844185	73.5850486	4519.8
1976	302.4	301.4	303.4	531,237,14,16	299.9	39.4844622	73.5852440	4526.8
1977	229.3	228.3	229.3	343,779,17,15	299.8	39.4844077	73.5850509	4519.9
1978	483.6	482.6	483.6	491,449,16,8	299.8	39.4851984	73.5851687	4513.8
1979	453.6	449.6	453.6	1483,419,12,12	299.7	39.4852024	73.5851679	4513.8
1980	423.6	423.6	423.6	1777,299,8,12	299.6	39.4852009	73.5851711	4513.9
1981	125.2	119.2	127.2	421,909,6,20	299.5	39.4844213	73.5850484	4519.8
1982	227.3	227.3	227.3	534,585,15,16	299.5	39.4844077	73.5850511	4519.9
1983	62.1	62.1	62.1	1689,1025,24,13	299.4	39.4844209	73.5850509	4511.5
1984	129.2	127.2	130.2	973,917,10,16	299.4	39.4844201	73.5850487	4519.8
1985	211.3	210.3	211.3	593,617,8,16	299.4	39.4844126	73.5850514	4519.9
1986	258.3	258.3	262.3	659,106,14,18	299.3	39.4844054	73.5850512	4519.9
1987	361.5	361.5	361.5	1361,585,15,15	299.3	39.4844649	73.5852432	4526.8
1988	238.3	238.3	239.3	87,940,18,17	299.0	39.4844069	73.5850513	4519.9
1989	476.6	476.6	476.6	35,631,10,12	298.9	39.4851974	73.5851706	4513.8
1990	314.4	312.4	314.4	493,951,12,18	298.7	39.4844624	73.5852421	4526.8
1991	179.2	179.2	180.2	129,865,12,8	298.3	39.4844150	73.5850477	4519.8
1992	344.5	344.5	344.5	132,831,13,14	298.0	39.4844622	73.5852443	4526.8
1993	475.6	475.6	475.6	1369,13,28,4	298.0	39.4851975	73.5851712	4513.8
1994	443.6	443.6	443.6	1673,683,10,14	297.9	39.4852014	73.5851695	4513.8
1995	322.4	322.4	322.4	1739,921,16,8	297.7	39.4844621	73.5852428	4526.8
1996	126.2	124.2	126.2	637,1037,18,20	297.4	39.4844212	73.5850487	4519.8
1997	434.6	434.6	436.6	1763,561,14,14	297.3	39.4852003	73.5851726	4513.9
1998	84.1	83.1	84.1	1912,201,8,16	297.2	39.4844254	73.5850468	4519.9
1999	224.3	224.3	224.3	785,1073,12,7	297.2	39.4844086	73.5850507	4519.9
2000	196.3	196.3	201.3	677,973,24,8	296.7	39.4844139	73.5850484	4519.9
2001	225.3	225.3	225.3	37,41,10,22	296.5	39.4844084	73.5850507	4519.9
2002	200.3	200.3	201.3	131,859,14,12	296.3	39.4844136	73.5850495	4519.9
2003	389.5	389.5	389.5	1473,993,6,14	296.3	39.4852024	73.5851687	4513.7
2004	501.7	501.7	501.7	789,65,20,12	296.3	39.4851958	73.5851678	4513.8
2005	158.2	158.2	159.2	897,1037,10,14	296.2	39.4844179	73.5850482	4519.8
2006	222.3	222.3	225.3	1008,959,11,12	296.1	39.4844085	73.5850508	4519.9
2007	382.5	382.5	386.5	213,681,12,14	296.1	39.4851977	73.5851740	4513.7
2008	353.5	353.5	353.5	23,1053,14,13	295.9	39.4844633	73.5852427	4526.8
2009	76.1	75.1	76.1	149,937,12,28	295.8	39.4844237	73.5850494	4519.9
2010	262.3	261.3	262.3	120,953,11,10	295.5	39.4844049	73.5850508	4519.9
2011	465.6	464.6	466.6	1409,913,16,12	295.1	39.4851998	73.5851702	4513.8
2012	1.0	1.0	1.0	1713,997,8,12	295.0	39.4840428	73.5849408	4497.9
2013	236.3	236.3	244.3	1325,67,16,14	294.9	39.4844072	73.5850518	4519.9
2014	390.5	390.5	390.5	257,497,16,8	294.9	39.4852022	73.5851688	4513.8
2015	490.6	489.6	490.6	1552,351,13,10	294.9	39.4851984	73.5851667	4513.8
2016	440.6	440.6	440.6	1892,507,15,10	294.7	39.4852011	73.5851705	4513.9
2017	67.1	62.1	67.1	979,569,6,15	294.6	39.4844201	73.5850515	4519.5
2018	486.6	483.6	486.6	438,1057,15,12	294.6	39.4851985	73.5851681	4513.8
2019	433.6	433.6	433.6	643,683,10,22	294.4	39.4852001	73.5851727	4513.8
2020	335.4	335.4	335.4	801,195,24,18	294.2	39.4844627	73.5852439	4526.8
2021	195.3	195.3	195.3	1101,1025,24,10	294.1	39.4844141	73.5850482	4519.9
2022	196.3	196.3	196.3	257,1051,12,8	294.0	39.4844139	73.5850484	4519.9
2023	212.3	212.3	212.3	177,779,6,12	294.0	39.4844125	73.5850514	4519.9
2024	501.7	501.7	501.7	89,769,10,18	294.0	39.4851958	73.5851678	4513.8
2025	322.4	319.4	325.4	1311,1067,16,13	293.9	39.4844621	73.5852428	4526.8
2026	234.3	232.3	234.3	1856,112,11,10	293.7	39.4844076	73.5850513	4519.9
2027	346.5	346.5	346.5	1620,354,11,14	293.7	39.4844628	73.5852442	4526.8
2028	496.7	496.7	497.7	949,805,8,12	293.4	39.4851968	73.5851677	4513.8
2029	181.2	181.2	181.2	1483,924,8,21	293.3	39.4844154	73.5850486	4519.8
2030	68.1	66.1	68.1	648,953,19,6	293.2	39.4844201	73.5850517	4519.9
2031	115.2	112.1	116.2	1163,897,14,15	292.8	39.4844235	73.5850471	4519.8
2032	419.6	419.6	419.6	363,1059,10,14	292.8	39.4852014	73.5851715	4513.9
2033	438.6	438.6	438.6	1723,943,13,14	292.8	39.4852006	73.5851713	4513.9
2034	439.6	439.6	439.6	835,835,12,8	292.3	39.4852007	73.5851709	4513.8
2035	299.4	299.4	299.4	385,203,12,14	292.1	39.4844619	73.5852445	4526.8
2036	375.5	374.5	375.5	1726,1039,15,11	291.9	39.4847683	73.5854330	4512.9
2037	479.6	479.6	483.6	255,673,10,8	291.9	39.4851982	73.5851691	4513.8
2038	109.1	109.1	109.1	51,393,6,14	291.8	39.4844236	73.5850485	4519.8
2039	163.2	163.2	166.2	353,705,12,16	291.8	39.4844169	73.5850473	4519.8
2040	356.5	356.5	357.5	449,0,16,9	291.7	39.4844633	73.5852425	4526.8
2041	505.7	505.7	506.7	391,757,9,16	291.6	39.4851951	73.5851687	4513.8
2042	164.2	164.2	165.2	389,878,12,19	291.4	39.4844163	73.5850471	4519.8
2043	396.5	396.5	396.5	865,245,14,8	291.3	39.4852018	73.5851691	4513.8
2044	232.3	232.3	237.3	33,409,6,22	291.2	39.4844079	73.5850508	4519.9
2045	323.4	323.4	324.4	165,813,12,12	291.1	39.4844621	73.5852431	4526.8
2046	344.5	344.5	345.5	1877,881,11,16	291.1	39.4844622	73.5852443	4526.8
2047	72.1	70.1	72.1	939,253,22,4	291.0	39.4844212	73.5850511	4519.9
2048	206.3	206.3	206.3	262,41,9,8	291.0	39.4844135	73.5850504	4519.9
2049	151.2	151.2	153.2	801,389,28,6	290.9	39.4844190	73.5850485	4519.8
2050	182.2	182.2	185.2	1774,877,11,16	290.9	39.4844152	73.5850486	4519.8
2051	235.3	235.3	235.3	969,673,21,8	290.7	39.4844073	73.5850517	4519.9
2052	438.6	438.6	438.6	221,745,12,8	290.4	39.4852006	73.5851713	4513.9
2053	11.0	9.0	11.0	1891,697,10,12	290.2	39.4840448	73.5849415	4498.0
2054	174.2	174.2	174.2	683,213,20,10	290.1	39.4844161	73.5850469	4519.8
2055	432.6	432.6	432.6	1674,303,15,17	289.9	39.4852000	73.5851722	4513.8
2056	142.2	142.2	142.2	1915,299,5,22	289.8	39.4844202	73.5850498	4519.8
2057	158.2	157.2	159.2	1314,345,13,8	289.6	39.4844179	73.5850482	4519.8
2058	319.4	319.4	321.4	1205,761,18,8	289.6	39.4844619	73.5852422	4526.8
2059	130.2	122.2	131.2	413,369,14,14	289.5	39.4844201	73.5850487	4519.8
2060	426.6	426.6	426.6	1889,269,16,8	289.3	39.4852005	73.5851717	4513.9
2061	260.3	257.3	260.3	553,541,4,24	289.2	39.4844054	73.5850511	4519.9
2062	475.6	474.6	475.6	161,397,12,12	289.2	39.4851975	73.5851712	4513.8
2063	128.2	128.2	128.2	1231,981,18,8	289.1	39.4844204	73.5850486	4519.8
2064	348.5	348.5	349.5	593,363,8,14	289.1	39.4844631	73.5852437	4526.8
2065	433.6	433.6	433.6	1191,863,6,16	289.1	39.4852001	73.5851727	4513.8
2066	87.1	87.1	89.1	1489,609,16,18	288.9	39.4844248	73.5850462	4519.8
2067	250.3	250.3	251.3	1871,449,10,20	288.9	39.4844065	73.5850499	4519.9
2068	330.4	329.4	334.4	553,171,12,14	288.9	39.4844629	73.5852439	4526.8
2069	227.3	227.3	227.3	493,653,10,12	288.8	39.4844077	73.5850511	4519.9
2070	90.1	86.1	91.1	45,831,12,14	288.5	39.4844243	73.5850460	4519.8
2071	418.6	418.6	420.6	1327,961,10,8	288.5	39.4852018	73.5851716	4513.9
2072	194.3	194.3	195.3	287,1017,8,11	288.3	39.4844143	73.5850479	4519.9
2073	16.0	14.0	20.0	585,829,8,12	288.2	39.4840470	73.5849422	4498.0
2074	31.0	21.0	32.0	792,38,7,19	288.2	39.4840511	73.5849419	4498.0
2075	79.1	78.1	79.1	785,795,16,6	288.2	39.4844245	73.5850479	4519.9
2076	230.3	230.3	230.3	1596,438,15,14	288.2	39.4844078	73.5850508	4519.9
2077	308.4	308.4	308.4	733,209,12,10	288.2	39.4844621	73.5852433	4526.8
2078	480.6	480.6	484.6	865,369,16,10	288.2	39.4851984	73.5851688	4513.8
2079	363.5	363.5	363.5	251,193,10,8	288.1	39.4844651	73.5852430	4526.8
2080	230.3	230.3	230.3	11,763,14,12	288.0	39.4844078	73.5850508	4519.9
2081	399.5	399.5	399.5	1201,1019,6,22	288.0	39.4852024	73.5851695	4513.8
2082	176.2	176.2	176.2	1221,999,12,12	287.7	39.4844157	73.5850470	4519.8
2083	34.0	33.0	37.0	1691,73,10,20	287.5	39.4840525	73.5849419	4498.0
2084	506.7	506.7	506.7	399,1065,10,8	287.5	39.4851951	73.5851694	4513.8
2085	306.4	306.4	306.4	1894,864,11,9	287.3	39.4844622	73.5852435	4526.8
2086	29.0	28.0	38.1	94,561,7,28	287.2	39.4840502	73.5849414	4498.0
2087	477.6	477.6	477.6	625,57,12,20	287.0	39.4851976	73.5851700	4513.8
2088	132.2	131.2	134.2	501,289,4,24	286.9	39.4844193	73.5850492	4519.8
2089	305.4	305.4	306.4	1879,736,10,11	286.8	39.4844621	73.5852436	4526.8
2090	447.6	444.6	447.6	731,857,12,10	286.7	39.4852019	73.5851688	4513.9
2091	43.1	41.1	44.1	145,211,10,14	286.5	39.4843002	73.5850128	4497.9
2092	156.2	156.2	156.2	579,100,6,27	286.5	39.4844185	73.5850486	4519.8
2093	194.3	193.3	194.3	446,812,13,21	286.5	39.4844143	73.5850479	4519.9
2094	441.6	441.6	441.6	1873,329,16,12	286.5	39.4852013	73.5851703	4513.8
2095	386.5	384.5	386.5	857,829,8,13	286.4	39.4852029	73.5851681	4513.7
2096	321.4	321.4	321.4	1233,947,11,10	285.8	39.4844620	73.5852427	4526.8
2097	118.2	118.2	118.2	633,45,9,12	285.7	39.4844232	73.5850474	4519.8
2098	290.4	290.4	290.4	1433,520,20,7	285.7	39.4844610	73.5852430	4526.8
2099	195.3	195.3	195.3	938,873,11,19	285.4	39.4844141	73.5850482	4519.9
2100	97.1	97.1	104.1	253,705,14,12	285.0	39.4844230	73.5850468	4519.8
2101	356.5	356.5	356.5	41,828,16,19	284.5	39.4844633	73.5852425	4526.8
2102	312.4	312.4	312.4	867,649,10,16	284.2	39.4844621	73.5852425	4526.8
2103	315.4	313.4	317.4	257,785,10,10	284.2	39.4844623	73.5852418	4526.8
2104	487.6	487.6	489.6	509,0,22,3	284.0	39.4851985	73.5851678	4513.8
2105	256.3	256.3	256.3	503,206,10,19	283.9	39.4844057	73.5850511	4519.9
2106	486.6	482.6	486.6	401,305,8,12	283.9	39.4851985	73.5851681	4513.8
2107	395.5	395.5	395.5	865,179,14,12	283.8	39.4852017	73.5851692	4513.7
2108	168.2	164.2	168.2	193,1001,12,18	283.5	39.4844161	73.5850466	4519.8
2109	33.0	32.0	37.0	73,1013,8,15	283.2	39.4840519	73.5849418	4498.0
2110	45.1	45.1	46.1	648,262,15,9	283.2	39.4843546	73.5850300	4497.9
2111	438.6	438.6	438.6	567,1048,12,9	283.2	39.4852006	73.5851713	4513.9
2112	105.1	105.1	105.1	353,553,8,12	283.1	39.4844229	73.5850482	4519.9
2113	488.6	487.6	488.6	87,311,6,38	283.1	39.4851985	73.5851674	4513.8
2114	258.3	257.3	258.3	1629,487,14,12	283.0	39.4844054	73.5850512	4519.9
2115	296.4	296.4	296.4	769,137,16,12	282.9	39.4844620	73.5852443	4526.8
2116	449.6	448.6	454.6	468,494,10,16	282.8	39.4852021	73.5851684	4513.8
2117	308.4	308.4	314.4	301,1065,8,15	282.6	39.4844621	73.5852433	4526.8
2118	428.6	428.6	428.6	0,1057,9,23	282.5	39.4852003	73.5851721	4513.8
2119	75.1	75.1	75.1	529,65,4,18	282.2	39.4844230	73.5850499	4519.9
2120	254.3	254.3	254.3	1093,873,12,20	282.2	39.4844061	73.5850506	4519.9
2121	137.2	130.2	137.2	1825,559,7,12	282.1	39.4844194	73.5850505	4519.8
2122	155.2	148.2	155.2	713,909,8,12	282.0	39.4844188	73.5850486	4519.8
2123	158.2	158.2	158.2	201,943,8,14	281.9	39.4844179	73.5850482	4519.8
2124	343.5	343.5	343.5	503,701,12,19	281.9	39.4844621	73.5852441	4526.8
2125	346.5	342.5	346.5	1633,290,8,16	281.9	39.4844628	73.5852442	4526.8
2126	132.2	132.2	133.2	921,737,10,14	281.8	39.4844193	73.5850492	4519.8
2127	148.2	147.2	148.2	891,157,14,12	281.8	39.4844204	73.5850489	4519.8
2128	205.3	205.3	205.3	157,53,12,12	281.7	39.4844136	73.5850504	4519.9
2129	119.2	119.2	119.2	221,937,10,16	281.6	39.4844232	73.5850475	4519.8
2130	290.4	290.4	290.4	0,917,13,16	281.6	39.4844610	73.5852430	4526.8
2131	342.5	342.5	342.5	1609,39,14,14	281.6	39.4844621	73.5852440	4526.8
2132	473.6	472.6	473.6	1797,377,10,12	281.5	39.4851977	73.5851716	4513.8
2133	322.4	322.4	325.4	307,90,14,11	281.3	39.4844621	73.5852428	4526.8
2134	313.4	313.4	313.4	1883,737,10,15	281.1	39.4844622	73.5852423	4526.8
2135	169.2	169.2	169.2	1545,161,12,12	280.7	39.4844162	73.5850466	4519.8
2136	14.0	14.0	18.0	1089,395,4,22	280.6	39.4840463	73.5849421	4498.0
2137	411.5	411.5	411.5	1541,31,8,11	280.6	39.4852030	73.5851709	4513.8
2138	55.1	48.1	56.1	621,650,12,15	280.5	39.4844213	73.5850510	4499.5
2139	113.1	111.1	114.2	1386,535,13,7	280.3	39.4844239	73.5850472	4519.8
2140	246.3	246.3	246.3	1565,793,12,8	280.3	39.4844067	73.5850506	4519.9
2141	217.3	214.3	219.3	182,951,11,10	280.2	39.4844103	73.5850508	4519.9
2142	391.5	391.5	391.5	1075,429,12,10	280.1	39.4852022	73.5851687	4513.8
2143	500.7	500.7	501.7	1305,423,10,12	279.9	39.4851960	73.5851676	4513.9
2144	204.3	204.3	204.3	1377,483,14,15	279.8	39.4844137	73.5850502	4519.9
2145	244.3	243.3	244.3	343,257,6,20	279.8	39.4844067	73.5850510	4519.9
2146	87.1	87.1	88.1	1912,113,8,16	279.7	39.4844248	73.5850462	4519.8
2147	347.5	347.5	347.5	505,993,10,16	279.6	39.4844631	73.5852439	4526.8
2148	290.4	290.4	290.4	521,91,12,10	279.5	39.4844610	73.5852430	4526.8
2149	268.4	268.4	268.4	1723,13,14,11	279.4	39.4844039	73.5850503	4519.9
2150	489.6	487.6	489.6	85,951,12,10	279.3	39.4851985	73.5851670	4513.8
2151	189.3	189.3	194.3	71,1073,18,7	279.0	39.4844148	73.5850483	4519.7
2152	441.6	440.6	441.6	303,547,12,14	278.9	39.4852013	73.5851703	4513.8
2153	341.5	337.4	341.5	805,993,12,10	278.5	39.4844621	73.5852441	4526.8
2154	491.7	491.7	492.7	633,946,8,15	278.5	39.4851982	73.5851666	4513.8
2155	106.1	105.1	106.1	1340,216,19,5	278.0	39.4844229	73.5850483	4519.9
2156	61.1	61.1	61.1	1365,865,12,8	277.8	39.4844210	73.5850507	4509.9
2157	269.4	269.4	269.4	33,804,10,17	277.8	39.4844039	73.5850508	4519.9
2158	467.6	467.6	467.6	755,225,14,10	277.7	39.4851991	73.5851705	4513.8
2159	36.0	33.0	37.0	65,1029,16,19	277.4	39.4840566	73.5849419	4497.9
2160	315.4	314.4	315.4	33,1017,16,12	277.0	39.4844623	73.5852418	4526.8
2161	104.1	99.1	105.1	479,906,14,12	276.9	39.4844228	73.5850479	4519.8
2162	112.1	112.1	112.1	1207,475,21,10	276.8	39.4844240	73.5850476	4519.8
2163	245.3	245.3	245.3	63,705,10,8	276.6	39.4844067	73.5850508	4519.9
2164	310.4	310.4	313.4	1705,735,17,10	276.5	39.4844620	73.5852430	4526.8
2165	336.4	336.4	336.4	504,13,23,7	276.5	39.4844626	73.5852438	4526.8
2166	482.6	482.6	482.6	109,841,8,16	276.5	39.4851984	73.5851686	4513.8
2167	484.6	484.6	488.6	497,177,18,6	276.3	39.4851984	73.5851685	4513.8
2168	486.6	485.6	487.6	437,153,20,8	276.2	39.4851985	73.5851681	4513.8
2169	199.3	199.3	202.3	503,893,8,20	276.1	39.4844137	73.5850493	4519.9
2170	415.5	414.5	415.5	209,957,8,12	276.1	39.4852026	73.5851716	4513.9
2171	91.1	91.1	91.1	1827,7,14,7	276.0	39.4844239	73.5850459	4519.9
2172	200.3	200.3	200.3	285,1061,10,19	275.9	39.4844136	73.5850495	4519.9
2173	178.2	178.2	178.2	1521,873,16,8	275.8	39.4844153	73.5850474	4519.8
2174	80.1	80.1	80.1	1415,906,16,9	275.7	39.4844242	73.5850474	4519.8
2175	135.2	130.2	136.2	1845,497,12,12	275.7	39.4844193	73.5850499	4519.8
2176	363.5	363.5	363.5	635,279,12,22	275.7	39.4844651	73.5852430	4526.8
2177	162.2	160.2	162.2	809,1049,12,14	275.6	39.4844177	73.5850474	4519.8
2178	438.6	437.6	439.6	0,833,7,10	275.6	39.4852006	73.5851713	4513.9
2179	501.7	501.7	501.7	225,949,8,12	275.6	39.4851958	73.5851678	4513.8
2180	67.1	67.1	69.1	801,933,10,8	275.3	39.4844201	73.5850515	4519.5
2181	1.0	0.0	5.0	1537,681,16,8	275.2	39.4840428	73.5849408	4497.9
2182	130.2	130.2	136.2	373,697,8,17	275.2	39.4844201	73.5850487	4519.8
2183	168.2	168.2	168.2	673,133,16,8	275.1	39.4844161	73.5850466	4519.8
2184	196.3	196.3	196.3	1662,997,11,12	274.9	39.4844139	73.5850484	4519.9
2185	163.2	163.2	163.2	89,236,7,15	274.8	39.4844169	73.5850473	4519.8
2186	220.3	211.3	220.3	965,937,12,8	274.8	39.4844093	73.5850510	4519.9
2187	94.1	94.1	94.1	13,933,12,12	274.4	39.4844233	73.5850464	4519.8
2188	487.6	487.6	487.6	189,0,14,9	274.3	39.4851985	73.5851678	4513.8
2189	180.2	180.2	180.2	231,1027,6,12	274.1	39.4844152	73.5850482	4519.8
2190	207.3	207.3	207.3	1455,625,6,16	274.1	39.4844130	73.5850505	4519.9
2191	199.3	199.3	199.3	1730,306,20,6	273.9	39.4844137	73.5850493	4519.9
2192	226.3	223.3	226.3	363,927,6,18	273.9	39.4844080	73.5850510	4519.9
2193	340.5	339.4	341.5	189,133,12,12	273.9	39.4844622	73.5852439	4526.8
2194	472.6	472.6	473.6	1297,211,16,14	273.9	39.4851978	73.5851716	4513.8
2195	203.3	203.3	203.3	1289,21,13,13	273.8	39.4844136	73.5850500	4519.9
2196	409.5	406.5	412.5	657,413,20,8	273.8	39.4852031	73.5851705	4513.9
2197	260.3	260.3	260.3	180,915,13,8	273.7	39.4844054	73.5850511	4519.9
2198	424.6	424.6	424.6	177,229,10,12	273.6	39.4852009	73.5851714	4513.8
2199	117.2	113.1	117.2	97,437,20,16	273.5	39.4844232	73.5850473	4519.8
2200	429.6	419.6	429.6	13,1023,18,10	273.5	39.4852000	73.5851722	4513.9
2201	314.4	313.4	315.4	1721,745,9,14	273.4	39.4844624	73.5852421	4526.8
2202	191.3	191.3	195.3	766,1068,20,12	273.3	39.4844150	73.5850482	4519.9
2203	416.6	416.6	416.6	193,0,8,11	273.3	39.4852021	73.5851714	4513.8
2204	155.2	155.2	155.2	1854,744,13,8	273.1	39.4844188	73.5850486	4519.8
2205	418.6	417.6	423.6	115,815,14,8	273.1	39.4852018	73.5851716	4513.9
2206	423.6	423.6	423.6	53,1025,12,13	273.1	39.4852009	73.5851711	4513.9
2207	194.3	192.3	194.3	53,901,18,6	273.0	39.4844143	73.5850479	4519.9
2208	307.4	304.4	307.4	425,258,16,23	272.7	39.4844622	73.5852434	4526.8
2209	18.0	18.0	20.0	1713,871,10,15	272.1	39.4840471	73.5849417	4498.0
2210	200.3	200.3	200.3	1767,309,8,12	272.1	39.4844136	73.5850495	4519.9
2211	33.0	32.0	42.1	921,73,11,13	271.8	39.4840519	73.5849418	4498.0
2212	221.3	221.3	221.3	749,977,12,12	271.8	39.4844087	73.5850510	4519.9
2213	357.5	357.5	357.5	731,609,12,16	271.7	39.4844636	73.5852426	4526.8
2214	98.1	98.1	102.1	471,1061,13,10	271.5	39.4844228	73.5850469	4519.9
2215	199.3	199.3	199.3	1405,29,20,4	271.5	39.4844137	73.5850493	4519.9
2216	501.7	499.7	501.7	481,483,11,26	271.5	39.4851958	73.5851678	4513.8
2217	241.3	241.3	242.3	1210,35,5,16	271.4	39.4844062	73.5850510	4519.9
2218	267.4	267.4	267.4	1793,729,13,18	271.4	39.4844039	73.5850501	4519.9
2219	213.3	213.3	213.3	327,929,9,12	271.1	39.4844121	73.5850513	4519.9
2220	330.4	330.4	331.4	1777,18,12,9	271.1	39.4844629	73.5852439	4526.8
2221	363.5	363.5	363.5	415,178,18,12	271.1	39.4844651	73.5852430	4526.8
2222	13.0	13.0	17.0	0,139,21,10	271.0	39.4840458	73.5849421	4498.0
2223	253.3	253.3	253.3	486,577,15,8	271.0	39.4844062	73.5850506	4519.9
2224	290.4	290.4	290.4	0,577,9,8	270.9	39.4844610	73.5852430	4526.8
2225	204.3	203.3	204.3	1349,567,12,14	270.8	39.4844137	73.5850502	4519.9
2226	223.3	223.3	223.3	513,919,12,10	270.7	39.4844086	73.5850508	4519.9
2227	143.2	143.2	145.2	551,385,6,16	270.6	39.4844205	73.5850495	4519.8
2228	340.5	337.4	340.5	1651,599,13,10	270.5	39.4844622	73.5852439	4526.8
2229	437.6	435.6	437.6	1329,121,8,10	270.0	39.4852006	73.5851717	4513.9
2230	182.2	178.2	182.2	1396,620,11,12	269.9	39.4844152	73.5850486	4519.8
2231	338.4	338.4	338.4	541,1009,12,8	269.9	39.4844625	73.5852438	4526.8
2232	223.3	223.3	223.3	77,709,8,18	269.7	39.4844086	73.5850508	4519.9
2233	262.3	262.3	262.3	978,145,21,12	269.7	39.4844049	73.5850508	4519.9
2234	399.5	399.5	399.5	1884,727,11,10	269.3	39.4852024	73.5851695	4513.8
2235	237.3	237.3	237.3	1891,655,6,16	269.2	39.4844072	73.5850516	4519.9
2236	400.5	400.5	400.5	91,401,14,16	269.1	39.4852025	73.5851697	4513.8
2237	155.2	155.2	155.2	1370,0,5,17	269.0	39.4844188	73.5850486	4519.8
2238	359.5	359.5	359.5	381,87,20,4	268.9	39.4844642	73.5852432	4526.8
2239	485.6	485.6	485.6	325,879,12,10	268.4	39.4851984	73.5851684	4513.8
2240	245.3	245.3	245.3	1501,385,12,16	268.3	39.4844067	73.5850508	4519.9
2241	267.4	267.4	267.4	25,49,14,10	268.3	39.4844039	73.5850501	4519.9
2242	119.2	119.2	120.2	185,1041,11,14	268.2	39.4844232	73.5850475	4519.8
2243	310.4	308.4	310.4	974,105,7,16	268.0	39.4844620	73.5852430	4526.8
2244	362.5	361.5	362.5	257,47,12,10	267.7	39.4844651	73.5852431	4526.8
2245	112.1	111.1	112.1	65,417,10,8	267.6	39.4844240	73.5850476	4519.8
2246	68.1	66.1	68.1	779,765,4,18	267.0	39.4844201	73.5850517	4519.9
2247	265.4	265.4	265.4	25,1045,8,12	267.0	39.4844046	73.5850504	4519.9
2248	248.3	248.3	250.3	473,33,12,16	266.9	39.4844066	73.5850501	4519.9
2249	92.1	92.1	92.1	1889,872,8,12	266.8	39.4844234	73.5850457	4519.9
2250	227.3	227.3	227.3	245,143,7,16	266.8	39.4844077	73.5850511	4519.9
2251	330.4	329.4	332.4	1035,67,24,4	266.8	39.4844629	73.5852439	4526.8
2252	95.1	95.1	95.1	127,997,16,8	266.7	39.4844231	73.5850465	4519.8
2253	233.3	231.3	233.3	229,120,12,9	266.6	39.4844078	73.5850511	4519.9
2254	248.3	245.3	248.3	1897,791,8,16	266.6	39.4844066	73.5850501	4519.9
2255	84.1	82.1	84.1	297,911,10,14	266.2	39.4844254	73.5850468	4519.9
2256	255.3	255.3	255.3	9,894,17,11	265.8	39.4844058	73.5850508	4519.9
2257	442.6	441.6	442.6	323,719,10,10	265.8	39.4852013	73.5851701	4513.8
2258	324.4	324.4	324.4	923,557,14,12	265.6	39.4844622	73.5852433	4526.8
2259	408.5	404.5	411.5	1418,365,17,14	265.6	39.4852031	73.5851703	4513.8
2260	328.4	328.4	328.4	999,169,10,16	265.4	39.4844624	73.5852431	4526.8
2261	363.5	363.5	363.5	1037,681,16,12	265.4	39.4844651	73.5852430	4526.8
2262	450.6	444.6	450.6	1586,785,14,6	265.3	39.4852021	73.5851683	4513.8
2263	165.2	165.2	168.2	1106,233,19,16	265.1	39.4844159	73.5850467	4519.8
2264	195.3	195.3	195.3	1747,976,10,11	264.6	39.4844141	73.5850482	4519.9
2265	306.4	304.4	306.4	485,453,9,20	264.6	39.4844622	73.5852435	4526.8
2266	389.5	387.5	393.5	626,771,7,12	264.5	39.4852024	73.5851687	4513.7
2267	125.2	125.2	125.2	321,1063,16,17	264.2	39.4844213	73.5850484	4519.8
2268	198.3	198.3	198.3	933,641,14,16	264.2	39.4844140	73.5850490	4519.9
2269	395.5	393.5	395.5	281,977,11,12	264.1	39.4852017	73.5851692	4513.7
2270	309.4	309.4	309.4	513,515,11,13	263.7	39.4844621	73.5852432	4526.8
2271	222.3	222.3	222.3	1747,793,10,19	263.6	39.4844085	73.5850508	4519.9
2272	23.0	23.0	23.0	0,675,5,14	263.3	39.4840480	73.5849405	4498.0
2273	399.5	399.5	399.5	1002,762,7,13	263.3	39.4852024	73.5851695	4513.8
2274	95.1	95.1	95.1	1719,9,18,12	262.8	39.4844231	73.5850465	4519.8
2275	216.3	216.3	216.3	59,515,7,20	262.8	39.4844104	73.5850508	4519.9
2276	240.3	238.3	240.3	225,1022,14,11	262.8	39.4844062	73.5850510	4519.9
2277	195.3	195.3	195.3	1221,961,8,10	262.7	39.4844141	73.5850482	4519.9
2278	470.6	470.6	470.6	1013,244,14,11	262.6	39.4851983	73.5851705	4513.8
2279	260.3	260.3	263.3	49,657,10,14	262.5	39.4844054	73.5850511	4519.9
2280	471.6	471.6	471.6	1599,417,10,10	262.5	39.4851980	73.5851712	4513.8
2281	443.6	443.6	443.6	1615,493,12,12	262.4	39.4852014	73.5851695	4513.8
2282	381.5	380.5	384.5	683,267,5,16	262.3	39.4851785	73.5851857	4513.7
2283	443.6	443.6	443.6	715,431,10,14	262.3	39.4852014	73.5851695	4513.8
2284	321.4	321.4	321.4	62,1005,11,27	262.1	39.4844620	73.5852427	4526.8
2285	445.6	445.6	445.6	569,413,18,14	261.9	39.4852017	73.5851688	4513.8
2286	376.5	376.5	376.5	1831,837,10,8	261.8	39.4848217	73.5854130	4512.7
2287	356.5	356.5	356.5	405,47,10,11	261.4	39.4844633	73.5852425	4526.8
2288	81.1	81.1	81.1	1057,661,8,12	261.3	39.4844248	73.5850471	4519.8
2289	175.2	175.2	175.2	1507,911,12,10	261.1	39.4844161	73.5850469	4519.8
2290	225.3	225.3	225.3	1553,555,11,12	261.1	39.4844084	73.5850507	4519.9
2291	265.4	265.4	265.4	0,913,13,10	261.1	39.4844046	73.5850504	4519.9
2292	398.5	398.5	399.5	1901,137,10,8	261.1	39.4852022	73.5851695	4513.8
2293	434.6	434.6	434.6	603,921,14,14	260.8	39.4852003	73.5851726	4513.9
2294	502.7	502.7	502.7	1887,825,10,8	260.7	39.4851957	73.5851678	4513.8
2295	270.4	270.4	270.4	545,624,8,12	260.6	39.4844039	73.5850510	4519.9
2296	14.0	9.0	14.0	579,15,4,18	260.5	39.4840463	73.5849421	4498.0
2297	16.0	14.0	16.0	1399,775,8,17	260.5	39.4840470	73.5849422	4498.0
2298	345.5	345.5	345.5	441,1009,8,14	260.5	39.4844623	73.5852442	4526.8
2299	513.7	510.7	513.7	750,648,13,13	260.5	39.4852759	73.5853853	4514.0
2300	340.5	339.4	340.5	667,485,10,12	260.4	39.4844622	73.5852439	4526.8
2301	434.6	434.6	434.6	1895,263,10,10	260.4	39.4852003	73.5851726	4513.9
2302	82.1	81.1	82.1	207,857,16,12	260.3	39.4844250	73.5850469	4519.9
2303	377.5	377.5	377.5	1887,701,14,14	260.3	39.4848814	73.5853670	4512.5
2304	363.5	363.5	363.5	1113,663,9,9	260.2	39.4844651	73.5852430	4526.8
2305	309.4	309.4	309.4	1707,197,6,28	260.0	39.4844621	73.5852432	4526.8
2306	256.3	256.3	256.3	45,387,6,22	259.8	39.4844057	73.5850511	4519.9
2307	324.4	324.4	324.4	993,871,16,10	259.8	39.4844622	73.5852433	4526.8
2308	67.1	67.1	67.1	0,451,7,12	259.7	39.4844201	73.5850515	4519.5
2309	449.6	449.6	450.6	943,17,10,12	259.5	39.4852021	73.5851684	4513.8
2310	182.2	182.2	189.3	1053,121,6,24	259.4	39.4844152	73.5850486	4519.8
2311	489.6	487.6	489.6	1914,317,6,20	259.4	39.4851985	73.5851670	4513.8
2312	298.4	298.4	298.4	1806,1028,15,13	259.3	39.4844620	73.5852445	4526.8
2313	81.1	81.1	81.1	513,561,14,20	259.2	39.4844248	73.5850471	4519.8
2314	209.3	209.3	209.3	85,515,12,8	259.2	39.4844126	73.5850509	4519.9
2315	231.3	231.3	236.3	93,81,14,12	259.2	39.4844079	73.5850507	4519.9
2316	473.6	473.6	473.6	1857,993,12,10	259.1	39.4851977	73.5851716	4513.8
2317	508.7	508.7	508.7	881,44,8,13	259.1	39.4851949	73.5851691	4513.9
2318	173.2	170.2	173.2	977,657,16,14	258.8	39.4844162	73.5850469	4519.8
2319	108.1	108.1	108.1	153,985,10,20	258.7	39.4844231	73.5850485	4519.8
2320	343.5	343.5	343.5	577,712,4,25	258.7	39.4844621	73.5852441	4526.8
2321	134.2	133.2	134.2	1506,1012,16,7	258.5	39.4844194	73.5850497	4519.8
2322	504.7	504.7	505.7	353,831,6,18	258.5	39.4851953	73.5851681	4513.8
2323	426.6	426.6	430.6	915,173,13,18	258.3	39.4852005	73.5851717	4513.9
2324	391.5	391.5	391.5	289,484,7,16	258.2	39.4852022	73.5851687	4513.8
2325	428.6	427.6	428.6	49,985,12,20	258.0	39.4852003	73.5851721	4513.8
2326	345.5	345.5	345.5	101,487,12,10	257.7	39.4844623	73.5852442	4526.8
2327	445.6	445.6	445.6	132,615,14,12	257.6	39.4852017	73.5851688	4513.8
2328	79.1	78.1	79.1	1453,1057,8,23	257.2	39.4844245	73.5850479	4519.9
2329	351.5	351.5	352.5	1180,903,21,6	257.1	39.4844633	73.5852433	4526.8
2330	422.6	422.6	422.6	1902,1025,14,8	257.1	39.4852010	73.5851713	4513.9
2331	461.6	460.6	462.6	1058,954,10,13	257.1	39.4852009	73.5851693	4513.8
2332	471.6	471.6	471.6	1406,0,19,9	257.1	39.4851980	73.5851712	4513.8
2333	426.6	426.6	426.6	81,277,8,9	256.9	39.4852005	73.5851717	4513.9
2334	51.1	48.1	51.1	1361,993,8,13	256.8	39.4844224	73.5850513	4497.9
2335	438.6	438.6	438.6	1521,583,10,10	256.8	39.4852006	73.5851713	4513.9
2336	246.3	246.3	246.3	251,267,6,17	256.7	39.4844067	73.5850506	4519.9
2337	298.4	298.4	298.4	65,581,12,12	256.5	39.4844620	73.5852445	4526.8
2338	444.6	444.6	444.6	845,447,12,10	256.5	39.4852017	73.5851691	4513.8
2339	307.4	307.4	307.4	913,340,10,9	256.4	39.4844622	73.5852434	4526.8
2340	157.2	157.2	157.2	1913,783,7,18	256.3	39.4844179	73.5850484	4519.8
2341	261.3	261.3	261.3	81,627,8,14	256.3	39.4844052	73.5850510	4519.9
2342	291.4	289.4	291.4	513,649,8,14	256.3	39.4844610	73.5852429	4526.8
2343	388.5	388.5	391.5	554,974,9,10	256.3	39.4852025	73.5851685	4513.7
2344	391.5	387.5	396.5	609,641,12,8	256.1	39.4852022	73.5851687	4513.8
2345	410.5	406.5	410.5	1519,81,7,13	256.1	39.4852030	73.5851708	4513.8
2346	155.2	155.2	155.2	587,993,6,30	255.7	39.4844188	73.5850486	4519.8
2347	87.1	87.1	88.1	465,85,8,12	255.5	39.4844248	73.5850462	4519.8
2348	242.3	242.3	243.3	517,985,12,18	255.5	39.4844064	73.5850512	4519.9
2349	120.2	120.2	120.2	697,7,11,12	255.4	39.4844229	73.5850476	4519.8
2350	297.4	297.4	297.4	103,305,9,14	255.4	39.4844618	73.5852444	4526.8
2351	377.5	377.5	377.5	243,305,4,16	255.4	39.4848814	73.5853670	4512.5
2352	361.5	361.5	361.5	861,699,8,16	255.3	39.4844649	73.5852432	4526.8
2353	364.5	364.5	364.5	1359,51,10,10	255.2	39.4844654	73.5852432	4526.8
2354	81.1	77.1	81.1	309,1065,8,15	255.1	39.4844248	73.5850471	4519.8
2355	116.2	112.1	116.2	97,849,8,20	255.1	39.4844234	73.5850472	4519.8
2356	511.7	511.7	512.7	1913,869,7,12	255.0	39.4852080	73.5852434	4513.9
2357	441.6	441.6	441.6	1278,45,15,10	254.8	39.4852013	73.5851703	4513.8
2358	444.6	444.6	444.6	375,1051,10,12	254.5	39.4852017	73.5851691	4513.8
2359	324.4	323.4	326.4	1172,597,9,12	254.4	39.4844622	73.5852433	4526.8
2360	256.3	256.3	257.3	225,465,8,16	254.0	39.4844057	73.5850511	4519.9
2361	355.5	355.5	355.5	629,193,12,12	254.0	39.4844632	73.5852424	4526.8
2362	42.1	42.1	42.1	1384,746,14,6	253.8	39.4842642	73.5850016	4497.9
2363	244.3	244.3	244.3	1910,789,10,15	253.6	39.4844067	73.5850510	4519.9
2364	261.3	261.3	261.3	585,997,8,12	253.0	39.4844052	73.5850510	4519.9
2365	342.5	342.5	343.5	57,117,10,12	252.8	39.4844621	73.5852440	4526.8
2366	196.3	196.3	196.3	229,953,20,16	252.4	39.4844139	73.5850484	4519.9
2367	471.6	471.6	471.6	106,561,15,14	252.4	39.4851980	73.5851712	4513.8
2368	196.3	196.3	196.3	257,821,10,12	252.3	39.4844139	73.5850484	4519.9
2369	466.6	466.6	468.6	75,901,6,18	251.9	39.4851994	73.5851703	4513.8
2370	350.5	350.5	350.5	1009,1033,9,8	251.8	39.4844633	73.5852435	4526.8
2371	252.3	249.3	252.3	455,581,10,12	251.6	39.4844063	73.5850503	4519.9
2372	354.5	354.5	354.5	3,1033,14,14	251.6	39.4844632	73.5852425	4526.8
2373	476.6	476.6	476.6	649,845,18,18	251.6	39.4851974	73.5851706	4513.8
2374	212.3	210.3	217.3	413,804,12,7	251.5	39.4844125	73.5850514	4519.9
2375	357.5	357.5	357.5	1099,921,14,10	251.5	39.4844636	73.5852426	4526.8
2376	212.3	212.3	214.3	236,9,13,7	251.4	39.4844125	73.5850514	4519.9
2377	226.3	226.3	227.3	441,37,16,6	251.4	39.4844080	73.5850510	4519.9
2378	254.3	254.3	254.3	1265,129,16,10	251.4	39.4844061	73.5850506	4519.9
2379	256.3	256.3	256.3	149,387,4,20	251.4	39.4844057	73.5850511	4519.9
2380	300.4	300.4	300.4	37,95,14,12	251.2	39.4844619	73.5852444	4526.8
2381	445.6	445.6	445.6	1835,291,13,13	251.2	39.4852017	73.5851688	4513.8
2382	81.1	81.1	81.1	266,329,7,16	251.1	39.4844248	73.5850471	4519.8
2383	73.1	73.1	73.1	203,993,6,16	251.0	39.4844219	73.5850506	4519.9
2384	220.3	220.3	220.3	401,81,12,12	250.9	39.4844093	73.5850510	4519.9
2385	142.2	142.2	142.2	426,638,17,11	250.8	39.4844202	73.5850498	4519.8
2386	305.4	305.4	306.4	491,133,14,12	250.6	39.4844621	73.5852436	4526.8
2387	223.3	222.3	223.3	473,393,8,14	250.5	39.4844086	73.5850508	4519.9
2388	252.3	252.3	252.3	117,804,8,13	250.5	39.4844063	73.5850503	4519.9
2389	337.4	337.4	337.4	761,1025,6,12	250.4	39.4844625	73.5852438	4526.8
2390	473.6	473.6	473.6	1801,193,8,18	250.3	39.4851977	73.5851716	4513.8
2391	233.3	233.3	233.3	657,897,10,8	250.2	39.4844078	73.5850511	4519.9
2392	208.3	208.3	208.3	77,1025,8,8	250.1	39.4844129	73.5850507	4519.9
2393	450.6	450.6	452.6	1644,916,19,13	250.1	39.4852021	73.5851683	4513.8
2394	113.1	113.1	113.1	0,49,9,8	250.0	39.4844239	73.5850472	4519.8
2395	233.3	233.3	233.3	1889,979,14,10	250.0	39.4844078	73.5850511	4519.9
2396	326.4	326.4	326.4	57,611,16,26	250.0	39.4844622	73.5852431	4526.8
2397	177.2	177.2	177.2	181,249,10,28	249.8	39.4844155	73.5850472	4519.8
2398	48.1	46.1	48.1	821,945,8,12	249.7	39.4844108	73.5850477	4498.0
2399	439.6	439.6	439.6	1879,839,10,10	249.6	39.4852007	73.5851709	4513.8
2400	499.7	499.7	499.7	1657,913,20,8	249.6	39.4851964	73.5851677	4513.8
2401	259.3	259.3	264.3	513,513,16,8	249.5	39.4844054	73.5850512	4519.9
2402	474.6	470.6	474.6	1521,531,12,6	249.5	39.4851977	73.5851717	4513.8
2403	436.6	436.6	436.6	1057,199,8,10	249.3	39.4852005	73.5851720	4513.9
2404	310.4	310.4	310.4	39,73,6,12	249.2	39.4844620	73.5852430	4526.8
2405	149.2	148.2	149.2	544,881,5,16	248.9	39.4844201	73.5850489	4519.8
2406	71.1	71.1	71.1	405,67,6,22	248.7	39.4844207	73.5850516	4519.9
2407	228.3	228.3	228.3	1911,343,9,10	248.7	39.4844076	73.5850509	4519.9
2408	91.1	91.1	92.1	558,349,11,12	248.4	39.4844239	73.5850459	4519.9
2409	134.2	133.2	135.2	689,833,11,8	248.4	39.4844194	73.5850497	4519.8
2410	197.3	197.3	197.3	385,145,8,12	248.1	39.4844140	73.5850487	4519.8
2411	33.0	33.0	33.0	718,904,23,9	248.0	39.4840519	73.5849418	4498.0
2412	137.2	133.2	137.2	1068,931,9,18	248.0	39.4844194	73.5850505	4519.8
2413	506.7	506.7	506.7	113,943,7,18	247.8	39.4851951	73.5851694	4513.8
2414	331.4	331.4	335.4	39,44,15,9	247.7	39.4844630	73.5852442	4526.8
2415	82.1	82.1	89.1	345,596,8,23	247.5	39.4844250	73.5850469	4519.9
2416	471.6	471.6	471.6	265,240,10,9	247.5	39.4851980	73.5851712	4513.8
2417	347.5	347.5	347.5	343,951,9,20	247.4	39.4844631	73.5852439	4526.8
2418	498.7	498.7	498.7	0,609,7,12	247.4	39.4851966	73.5851676	4513.8
2419	71.1	71.1	71.1	427,241,8,16	247.0	39.4844207	73.5850516	4519.9
2420	446.6	446.6	446.6	1615,761,10,8	247.0	39.4852017	73.5851687	4513.9
2421	447.6	447.6	448.6	1837,549,8,8	247.0	39.4852019	73.5851688	4513.9
2422	140.2	140.2	141.2	1640,58,9,18	246.9	39.4844198	73.5850501	4519.8
2423	256.3	256.3	256.3	333,276,11,8	246.8	39.4844057	73.5850511	4519.9
2424	260.3	260.3	263.3	1478,721,9,16	246.8	39.4844054	73.5850511	4519.9
2425	245.3	245.3	247.3	401,685,8,12	246.6	39.4844067	73.5850508	4519.9
2426	336.4	336.4	336.4	199,912,12,13	246.6	39.4844626	73.5852438	4526.8
2427	67.1	63.1	68.1	425,857,14,11	246.4	39.4844201	73.5850515	4519.5
2428	361.5	361.5	361.5	529,121,8,26	246.4	39.4844649	73.5852432	4526.8
2429	445.6	444.6	445.6	1563,441,10,10	246.3	39.4852017	73.5851688	4513.8
2430	43.1	42.1	43.1	1821,0,14,13	246.2	39.4843002	73.5850128	4497.9
2431	147.2	147.2	147.2	760,720,13,9	246.1	39.4844206	73.5850489	4519.8
2432	259.3	259.3	260.3	203,73,8,12	246.1	39.4844054	73.5850512	4519.9
2433	278.4	272.4	286.4	235,943,10,16	246.1	39.4843978	73.5850829	4525.3
2434	344.5	344.5	344.5	1803,0,14,6	246.1	39.4844622	73.5852443	4526.8
2435	13.0	13.0	15.0	731,1001,10,8	246.0	39.4840458	73.5849421	4498.0
2436	330.4	327.4	330.4	707,905,14,14	246.0	39.4844629	73.5852439	4526.8
2437	108.1	108.1	108.1	1878,633,11,8	245.8	39.4844231	73.5850485	4519.8
2438	67.1	67.1	67.1	1889,1049,10,10	245.6	39.4844201	73.5850515	4519.5
2439	313.4	313.4	313.4	747,177,10,12	245.6	39.4844622	73.5852423	4526.8
2440	363.5	363.5	363.5	327,113,10,16	245.5	39.4844651	73.5852430	4526.8
2441	191.3	191.3	191.3	54,725,11,8	245.1	39.4844150	73.5850482	4519.9
2442	469.6	468.6	469.6	65,725,9,12	245.0	39.4851986	73.5851704	4513.8
2443	220.3	218.3	220.3	139,231,12,8	244.9	39.4844093	73.5850510	4519.9
2444	347.5	347.5	347.5	1278,665,11,12	244.4	39.4844631	73.5852439	4526.8
2445	300.4	300.4	300.4	1499,545,14,10	244.3	39.4844619	73.5852444	4526.8
2446	149.2	149.2	149.2	101,1037,10,16	244.2	39.4844201	73.5850489	4519.8
2447	39.1	29.0	42.1	412,255,13,10	244.1	39.4841380	73.5849640	4498.0
2448	220.3	220.3	220.3	9,305,6,13	244.1	39.4844093	73.5850510	4519.9
2449	117.2	117.2	117.2	0,361,9,14	244.0	39.4844232	73.5850473	4519.8
2450	162.2	160.2	162.2	41,1063,14,10	244.0	39.4844177	73.5850474	4519.8
2451	306.4	305.4	306.4	1433,233,14,10	244.0	39.4844622	73.5852435	4526.8
2452	156.2	156.2	157.2	693,385,12,8	243.8	39.4844185	73.5850486	4519.8
2453	48.1	48.1	52.1	108,35,15,8	243.7	39.4844108	73.5850477	4498.0
2454	348.5	348.5	348.5	281,177,12,12	243.6	39.4844631	73.5852437	4526.8
2455	466.6	465.6	466.6	126,112,9,17	243.6	39.4851994	73.5851703	4513.8
2456	243.3	242.3	243.3	390,968,11,8	243.1	39.4844066	73.5850512	4519.9
2457	435.6	434.6	437.6	467,595,14,8	243.1	39.4852006	73.5851723	4513.9
2458	245.3	245.3	247.3	29,217,16,18	243.0	39.4844067	73.5850508	4519.9
2459	85.1	85.1	89.1	1689,185,8,16	242.9	39.4844251	73.5850467	4519.9
2460	449.6	449.6	449.6	1850,371,9,14	242.9	39.4852021	73.5851684	4513.8
2461	174.2	174.2	174.2	1543,805,10,12	242.8	39.4844161	73.5850469	4519.8
2462	276.4	270.4	283.4	769,637,8,8	242.7	39.4844038	73.5850518	4522.0
2463	208.3	208.3	208.3	1123,514,12,7	242.6	39.4844129	73.5850507	4519.9
2464	227.3	227.3	227.3	695,912,10,17	242.6	39.4844077	73.5850511	4519.9
2465	300.4	300.4	300.4	57,305,21,6	242.6	39.4844619	73.5852444	4526.8
2466	308.4	308.4	308.4	93,545,8,8	242.6	39.4844621	73.5852433	4526.8
2467	400.5	400.5	400.5	257,377,11,8	242.6	39.4852025	73.5851697	4513.8
2468	425.6	425.6	425.6	49,337,8,8	242.6	39.4852005	73.5851715	4513.9
2469	208.3	208.3	208.3	1251,731,14,14	242.5	39.4844129	73.5850507	4519.9
2470	443.6	443.6	443.6	1265,11,16,4	242.4	39.4852014	73.5851695	4513.8
2471	254.3	254.3	254.3	1153,320,8,15	242.3	39.4844061	73.5850506	4519.9
2472	439.6	439.6	439.6	807,35,10,8	242.3	39.4852007	73.5851709	4513.8
2473	75.1	75.1	75.1	195,11,9,18	242.2	39.4844230	73.5850499	4519.9
2474	176.2	176.2	177.2	169,913,8,8	242.2	39.4844157	73.5850470	4519.8
2475	168.2	166.2	168.2	401,435,7,32	242.1	39.4844161	73.5850466	4519.8
2476	169.2	169.2	169.2	943,85,14,6	241.9	39.4844162	73.5850466	4519.8
2477	311.4	311.4	311.4	1058,143,7,10	241.9	39.4844620	73.5852427	4526.8
2478	415.5	414.5	415.5	193,65,10,10	241.9	39.4852026	73.5851716	4513.9
2479	494.7	494.7	495.7	385,85,8,10	241.9	39.4851973	73.5851677	4513.8
2480	195.3	195.3	196.3	485,915,8,12	241.8	39.4844141	73.5850482	4519.9
2481	135.2	129.2	138.2	405,665,6,24	241.6	39.4844193	73.5850499	4519.8
2482	480.6	480.6	480.6	409,21,16,7	241.6	39.4851984	73.5851688	4513.8
2483	198.3	198.3	198.3	0,272,11,14	241.4	39.4844140	73.5850490	4519.9
2484	320.4	320.4	320.4	775,23,10,10	241.4	39.4844619	73.5852424	4526.8
2485	386.5	386.5	386.5	1911,291,9,14	241.4	39.4852029	73.5851681	4513.7
2486	390.5	387.5	391.5	910,241,11,10	241.4	39.4852022	73.5851688	4513.8
2487	156.2	156.2	156.2	487,81,14,8	241.3	39.4844185	73.5850486	4519.8
2488	418.6	418.6	419.6	1809,251,16,6	241.3	39.4852018	73.5851716	4513.9
2489	317.4	317.4	317.4	577,289,8,8	241.1	39.4844617	73.5852418	4526.8
2490	433.6	433.6	436.6	1547,91,12,6	241.1	39.4852001	73.5851727	4513.8
2491	74.1	73.1	74.1	233,1047,12,12	241.0	39.4844225	73.5850502	4519.9
2492	107.1	107.1	107.1	1911,825,9,13	240.9	39.4844230	73.5850485	4519.8
2493	10.0	10.0	10.0	1713,945,9,8	240.8	39.4840447	73.5849413	4498.0
2494	175.2	175.2	175.2	1329,73,21,4	240.8	39.4844161	73.5850469	4519.8
2495	10.0	8.0	10.0	1883,205,10,12	240.5	39.4840447	73.5849413	4498.0
2496	146.2	143.2	146.2	734,677,11,14	240.3	39.4844206	73.5850490	4519.8
2497	426.6	426.6	426.6	1894,990,11,11	240.2	39.4852005	73.5851717	4513.9
2498	187.2	187.2	187.2	1532,11,5,14	240.0	39.4844148	73.5850486	4519.8
2499	496.7	496.7	497.7	104,9,12,10	240.0	39.4851968	73.5851677	4513.8
2500	245.3	245.3	245.3	0,439,17,8	239.9	39.4844067	73.5850508	4519.9
2501	332.4	328.4	333.4	593,172,16,9	239.7	39.4844630	73.5852444	4526.8
2502	361.5	361.5	361.5	494,351,9,23	239.6	39.4844649	73.5852432	4526.8
2503	1.0	0.0	2.0	1669,807,8,18	239.5	39.4840428	73.5849408	4497.9
2504	227.3	227.3	227.3	1873,1033,8,9	239.5	39.4844077	73.5850511	4519.9
2505	319.4	319.4	319.4	1638,1045,11,12	239.5	39.4844619	73.5852422	4526.8
2506	80.1	80.1	80.1	985,129,8,12	239.3	39.4844242	73.5850474	4519.8
2507	335.4	335.4	335.4	431,95,11,12	239.3	39.4844627	73.5852439	4526.8
2508	423.6	423.6	423.6	673,1030,8,11	239.2	39.4852009	73.5851711	4513.9
2509	105.1	101.1	107.1	353,0,16,5	239.1	39.4844229	73.5850482	4519.9
2510	441.6	441.6	441.6	291,311,14,10	239.1	39.4852013	73.5851703	4513.8
2511	7.0	5.0	8.0	967,927,10,10	238.9	39.4840452	73.5849410	4498.0
2512	318.4	318.4	318.4	1049,682,16,9	238.9	39.4844618	73.5852420	4526.8
2513	450.6	450.6	450.6	1283,81,14,6	238.9	39.4852021	73.5851683	4513.8
2514	363.5	363.5	363.5	155,0,14,9	238.7	39.4844651	73.5852430	4526.8
2515	76.1	76.1	76.1	1814,75,11,18	238.6	39.4844237	73.5850494	4519.9
2516	305.4	304.4	305.4	414,171,7,18	238.5	39.4844621	73.5852436	4526.8
2517	339.4	337.4	339.4	546,577,7,12	238.5	39.4844625	73.5852436	4526.8
2518	234.3	234.3	235.3	53,1033,6,13	238.3	39.4844076	73.5850513	4519.9
2519	288.4	288.4	288.4	1347,195,7,14	238.2	39.4844608	73.5852434	4526.8
2520	148.2	148.2	148.2	407,907,6,12	238.1	39.4844204	73.5850489	4519.8
2521	222.3	222.3	222.3	201,365,8,10	237.7	39.4844085	73.5850508	4519.9
2522	379.5	379.5	379.5	723,705,12,10	237.7	39.4850332	73.5852640	4513.0
2523	253.3	252.3	254.3	461,229,12,12	237.6	39.4844062	73.5850506	4519.9
2524	205.3	205.3	205.3	1847,149,10,20	237.5	39.4844136	73.5850504	4519.9
2525	471.6	471.6	471.6	1769,881,14,16	237.4	39.4851980	73.5851712	4513.8
2526	76.1	76.1	76.1	87,161,18,20	237.3	39.4844237	73.5850494	4519.9
2527	57.1	57.1	57.1	1361,737,10,10	237.2	39.4844222	73.5850502	4502.9
2528	225.3	225.3	225.3	1329,9,14,7	237.2	39.4844084	73.5850507	4519.9
2529	74.1	74.1	74.1	25,209,10,12	237.1	39.4844225	73.5850502	4519.9
2530	97.1	97.1	97.1	585,5,14,13	237.1	39.4844230	73.5850468	4519.8
2531	147.2	147.2	147.2	561,0,12,11	236.9	39.4844206	73.5850489	4519.8
2532	441.6	440.6	441.6	857,1025,12,6	236.7	39.4852013	73.5851703	4513.8
2533	445.6	444.6	445.6	981,403,8,12	236.6	39.4852017	73.5851688	4513.8
2534	474.6	474.6	474.6	13,961,4,16	236.5	39.4851977	73.5851717	4513.8
2535	319.4	319.4	319.4	459,569,6,20	235.8	39.4844619	73.5852422	4526.8
2536	7.0	3.0	8.0	1849,553,8,8	235.7	39.4840452	73.5849410	4498.0
2537	257.3	257.3	257.3	641,215,18,12	235.7	39.4844057	73.5850511	4519.9
2538	415.5	415.5	415.5	645,1001,10,8	235.7	39.4852026	73.5851716	4513.9
2539	484.6	484.6	484.6	1419,97,14,10	235.7	39.4851984	73.5851685	4513.8
2540	244.3	244.3	244.3	1007,77,18,4	235.1	39.4844067	73.5850510	4519.9
2541	9.0	9.0	10.0	1903,999,11,8	235.0	39.4840448	73.5849413	4498.0
2542	353.5	353.5	353.5	53,761,8,16	235.0	39.4844633	73.5852427	4526.8
2543	432.6	432.6	432.6	1601,232,10,9	234.7	39.4852000	73.5851722	4513.8
2544	475.6	475.6	475.6	1848,623,9,8	234.7	39.4851975	73.5851712	4513.8
2545	167.2	167.2	167.2	417,25,16,8	234.6	39.4844159	73.5850465	4519.8
2546	174.2	174.2	174.2	69,0,4,17	234.6	39.4844161	73.5850469	4519.8
2547	74.1	74.1	74.1	1909,0,8,17	234.5	39.4844225	73.5850502	4519.9
2548	101.1	101.1	101.1	497,85,12,6	234.3	39.4844228	73.5850472	4519.9
2549	267.4	267.4	267.4	135,185,7,16	234.3	39.4844039	73.5850501	4519.9
2550	343.5	342.5	343.5	1169,1025,8,8	234.1	39.4844621	73.5852441	4526.8
2551	212.3	209.3	212.3	391,571,10,8	234.0	39.4844125	73.5850514	4519.9
2552	468.6	468.6	468.6	67,1040,8,11	234.0	39.4851989	73.5851704	4513.8
2553	489.6	488.6	489.6	1151,141,18,5	234.0	39.4851985	73.5851670	4513.8
2554	371.5	371.5	371.5	327,151,6,15	233.8	39.4845902	73.5853170	4521.1
2555	325.4	325.4	325.4	1477,322,12,15	233.7	39.4844622	73.5852432	4526.8
2556	232.3	232.3	232.3	19,53,12,10	233.6	39.4844079	73.5850508	4519.9
2557	392.5	392.5	392.5	1901,992,10,9	233.6	39.4852018	73.5851688	4513.8
2558	327.4	327.4	329.4	129,245,14,19	233.5	39.4844623	73.5852430	4526.8
2559	402.5	402.5	402.5	531,587,26,6	233.5	39.4852027	73.5851702	4513.8
2560	259.3	259.3	259.3	1342,825,10,8	233.4	39.4844054	73.5850512	4519.9
2561	292.4	292.4	292.4	547,999,10,10	233.3	39.4844613	73.5852431	4526.8
2562	329.4	329.4	329.4	1865,295,14,10	233.2	39.4844626	73.5852433	4526.8
2563	446.6	446.6	446.6	1909,937,8,10	233.1	39.4852017	73.5851687	4513.9
2564	8.0	6.0	8.0	1209,747,8,10	233.0	39.4840452	73.5849413	4498.0
2565	83.1	83.1	83.1	337,877,15,13	233.0	39.4844254	73.5850469	4519.9
2566	240.3	239.3	242.3	98,833,5,16	232.9	39.4844062	73.5850510	4519.9
2567	165.2	165.2	165.2	1879,753,8,15	232.8	39.4844159	73.5850467	4519.8
2568	200.3	200.3	201.3	1698,953,17,8	232.8	39.4844136	73.5850495	4519.9
2569	465.6	465.6	465.6	1371,217,6,16	232.7	39.4851998	73.5851702	4513.8
2570	472.6	472.6	472.6	307,962,8,9	232.7	39.4851978	73.5851716	4513.8
2571	248.3	248.3	249.3	1457,249,10,16	232.6	39.4844066	73.5850501	4519.9
2572	423.6	423.6	423.6	184,1041,9,14	232.6	39.4852009	73.5851711	4513.9
2573	257.3	257.3	257.3	879,1033,18,8	232.4	39.4844057	73.5850511	4519.9
2574	401.5	401.5	401.5	4,0,13,5	232.4	39.4852025	73.5851701	4513.8
2575	103.1	103.1	103.1	1913,886,7,16	232.3	39.4844229	73.5850477	4519.8
2576	336.4	333.4	336.4	509,967,18,8	232.3	39.4844626	73.5852438	4526.8
2577	394.5	394.5	395.5	137,794,14,8	232.3	39.4852016	73.5851692	4513.7
2578	310.4	309.4	310.4	101,157,12,12	232.2	39.4844620	73.5852430	4526.8
2579	348.5	348.5	348.5	945,974,7,19	232.1	39.4844631	73.5852437	4526.8
2580	350.5	350.5	350.5	1471,961,10,8	232.1	39.4844633	73.5852435	4526.8
2581	385.5	385.5	385.5	1583,833,8,15	232.1	39.4852030	73.5851677	4513.7
2582	341.5	340.5	341.5	377,83,16,10	232.0	39.4844621	73.5852441	4526.8
2583	74.1	72.1	75.1	257,841,12,15	231.9	39.4844225	73.5850502	4519.9
2584	71.1	71.1	71.1	465,921,8,8	231.7	39.4844207	73.5850516	4519.9
2585	441.6	441.6	441.6	1539,517,10,9	231.5	39.4852013	73.5851703	4513.8
2586	473.6	473.6	473.6	1745,35,16,12	231.4	39.4851977	73.5851716	4513.8
2587	414.5	414.5	414.5	844,505,9,12	231.2	39.4852027	73.5851715	4513.9
2588	473.6	473.6	474.6	1496,89,21,8	231.2	39.4851977	73.5851716	4513.8
2589	192.3	191.3	192.3	109,401,10,14	231.1	39.4844150	73.5850480	4519.9
2590	294.4	294.4	294.4	1399,61,16,12	231.1	39.4844617	73.5852434	4526.8
2591	455.6	453.6	455.6	1057,887,12,6	231.1	39.4852025	73.5851683	4513.8
2592	16.0	16.0	16.0	473,657,8,16	231.0	39.4840470	73.5849422	4498.0
2593	343.5	342.5	343.5	157,25,14,12	231.0	39.4844621	73.5852441	4526.8
2594	10.0	5.0	10.0	1817,641,8,8	230.9	39.4840447	73.5849413	4498.0
2595	241.3	241.3	241.3	989,0,16,7	230.8	39.4844062	73.5850510	4519.9
2596	251.3	250.3	251.3	147,845,8,10	230.8	39.4844064	73.5850501	4519.9
2597	476.6	476.6	476.6	115,53,18,10	230.8	39.4851974	73.5851706	4513.8
2598	37.0	35.0	37.0	1609,1003,10,6	230.7	39.4840724	73.5849459	4497.9
2599	323.4	323.4	323.4	1745,765,8,8	230.7	39.4844621	73.5852431	4526.8
2600	429.6	429.6	429.6	105,876,6,21	230.5	39.4852000	73.5851722	4513.9
2601	476.6	476.6	476.6	389,771,10,10	230.5	39.4851974	73.5851706	4513.8
2602	13.0	13.0	16.0	1275,809,6,18	230.3	39.4840458	73.5849421	4498.0
2603	485.6	485.6	488.6	1604,673,7,18	230.1	39.4851984	73.5851684	4513.8
2604	228.3	228.3	228.3	1346,999,7,18	230.0	39.4844076	73.5850509	4519.9
2605	263.3	263.3	264.3	31,919,6,14	230.0	39.4844046	73.5850504	4519.9
2606	226.3	226.3	226.3	169,1067,12,10	229.8	39.4844080	73.5850510	4519.9
2607	267.4	267.4	267.4	49,553,6,19	229.8	39.4844039	73.5850501	4519.9
2608	342.5	342.5	342.5	1850,0,12,6	229.8	39.4844621	73.5852440	4526.8
2609	473.6	472.6	473.6	1815,5,10,8	229.8	39.4851977	73.5851716	4513.8
2610	70.1	70.1	70.1	1885,541,6,21	229.6	39.4844203	73.5850519	4519.9
2611	138.2	136.2	138.2	491,297,4,23	229.5	39.4844195	73.5850506	4519.8
2612	478.6	478.6	478.6	299,905,10,14	228.8	39.4851977	73.5851693	4513.8
2613	112.1	112.1	114.2	3,833,8,8	228.6	39.4844240	73.5850476	4519.8
2614	312.4	312.4	312.4	229,793,8,12	228.6	39.4844621	73.5852425	4526.8
2615	345.5	345.5	345.5	1751,465,12,8	228.5	39.4844623	73.5852442	4526.8
2616	10.0	5.0	10.0	1913,439,7,10	228.4	39.4840447	73.5849413	4498.0
2617	207.3	207.3	207.3	125,195,15,12	228.4	39.4844130	73.5850505	4519.9
2618	508.7	508.7	510.7	481,969,8,8	228.4	39.4851949	73.5851691	4513.9
2619	211.3	210.3	211.3	421,881,7,14	228.3	39.4844126	73.5850514	4519.9
2620	139.2	139.2	143.2	155,7,8,19	228.1	39.4844197	73.5850505	4519.8
2621	227.3	227.3	227.3	1601,389,10,8	228.1	39.4844077	73.5850511	4519.9
2622	336.4	336.4	341.5	385,455,14,8	228.1	39.4844626	73.5852438	4526.8
2623	199.3	199.3	199.3	1137,969,10,8	227.9	39.4844137	73.5850493	4519.9
2624	293.4	293.4	293.4	593,881,8,8	227.9	39.4844615	73.5852432	4526.8
2625	507.7	507.7	507.7	393,489,8,8	227.7	39.4851950	73.5851695	4513.8
2626	14.0	12.0	24.0	808,671,9,9	227.5	39.4840463	73.5849421	4498.0
2627	325.4	325.4	325.4	1265,57,11,8	227.5	39.4844622	73.5852432	4526.8
2628	467.6	467.6	467.6	277,23,10,9	227.5	39.4851991	73.5851705	4513.8
2629	241.3	239.3	242.3	161,841,8,8	227.4	39.4844062	73.5850510	4519.9
2630	123.2	123.2	130.2	1761,523,8,14	227.3	39.4844215	73.5850478	4519.8
2631	344.5	344.5	344.5	1911,757,9,8	227.3	39.4844622	73.5852443	4526.8
2632	429.6	429.6	429.6	752,462,10,11	227.3	39.4852000	73.5851722	4513.9
2633	108.1	108.1	108.1	154,869,19,16	227.2	39.4844231	73.5850485	4519.8
2634	355.5	355.5	355.5	139,977,6,18	227.2	39.4844632	73.5852424	4526.8
2635	446.6	446.6	446.6	1687,507,8,14	227.2	39.4852017	73.5851687	4513.9
2636	508.7	507.7	510.7	449,97,8,8	227.2	39.4851949	73.5851691	4513.9
2637	266.4	266.4	266.4	1857,109,8,22	227.0	39.4844043	73.5850502	4519.9
2638	126.2	126.2	126.2	521,857,16,12	226.5	39.4844212	73.5850487	4519.8
2639	191.3	191.3	191.3	792,33,9,14	226.5	39.4844150	73.5850482	4519.9
2640	171.2	171.2	172.2	83,347,13,14	226.4	39.4844163	73.5850468	4519.8
2641	240.3	240.3	240.3	1199,1029,10,10	226.3	39.4844062	73.5850510	4519.9
2642	346.5	346.5	346.5	1569,1025,12,8	226.3	39.4844628	73.5852442	4526.8
2643	163.2	163.2	167.2	405,405,5,26	226.0	39.4844169	73.5850473	4519.8
2644	409.5	404.5	411.5	1884,805,13,8	225.9	39.4852031	73.5851705	4513.9
2645	176.2	176.2	176.2	441,257,8,10	225.5	39.4844157	73.5850470	4519.8
2646	348.5	348.5	348.5	337,19,19,8	225.5	39.4844631	73.5852437	4526.8
2647	428.6	428.6	428.6	33,917,10,12	225.5	39.4852003	73.5851721	4513.8
2648	248.3	248.3	248.3	397,373,8,12	225.4	39.4844066	73.5850501	4519.9
2649	439.6	439.6	439.6	361,381,12,12	225.4	39.4852007	73.5851709	4513.8
2650	453.6	453.6	453.6	346,657,7,10	225.3	39.4852024	73.5851679	4513.8
2651	357.5	357.5	357.5	809,611,15,12	224.9	39.4844636	73.5852426	4526.8
2652	151.2	151.2	151.2	1162,798,15,17	224.8	39.4844190	73.5850485	4519.8
2653	297.4	297.4	297.4	113,553,8,8	224.7	39.4844618	73.5852444	4526.8
2654	457.6	457.6	457.6	1779,243,5,14	224.7	39.4852021	73.5851682	4513.8
2655	410.5	407.5	412.5	149,530,12,10	224.6	39.4852030	73.5851708	4513.8
2656	481.6	481.6	481.6	73,898,4,17	224.6	39.4851983	73.5851685	4513.8
2657	163.2	163.2	163.2	489,165,10,12	224.5	39.4844169	73.5850473	4519.8
2658	322.4	322.4	322.4	1537,297,8,16	224.5	39.4844621	73.5852428	4526.8
2659	60.1	60.1	60.1	1137,681,16,8	224.4	39.4844211	73.5850506	4508.1
2660	119.2	119.2	121.2	425,628,8,9	224.4	39.4844232	73.5850475	4519.8
2661	211.3	211.3	211.3	801,497,6,10	224.0	39.4844126	73.5850514	4519.9
2662	71.1	71.1	71.1	1720,1016,14,18	223.9	39.4844207	73.5850516	4519.9
2663	424.6	424.6	424.6	914,803,8,8	223.9	39.4852009	73.5851714	4513.8
2664	348.5	348.5	348.5	207,445,8,13	223.7	39.4844631	73.5852437	4526.8
2665	155.2	155.2	155.2	1715,957,12,8	223.5	39.4844188	73.5850486	4519.8
2666	478.6	478.6	478.6	117,593,6,16	223.4	39.4851977	73.5851693	4513.8
2667	361.5	361.5	362.5	1431,860,14,10	223.2	39.4844649	73.5852432	4526.8
2668	0.0	0.0	0.0	1521,865,8,8	223.1	39.4840419	73.5849410	4497.9
2669	176.2	176.2	176.2	663,1033,9,13	223.1	39.4844157	73.5850470	4519.8
2670	364.5	364.5	364.5	585,241,8,9	223.1	39.4844654	73.5852432	4526.8
2671	306.4	306.4	306.4	1888,680,10,8	222.8	39.4844622	73.5852435	4526.8
2672	150.2	150.2	150.2	265,13,8,12	222.7	39.4844195	73.5850489	4519.8
2673	443.6	443.6	443.6	1803,9,16,6	222.6	39.4852014	73.5851695	4513.8
2674	195.3	182.2	195.3	1134,83,13,8	222.5	39.4844141	73.5850482	4519.9
2675	204.3	204.3	204.3	66,25,13,8	222.5	39.4844137	73.5850502	4519.9
2676	156.2	156.2	156.2	1777,979,16,6	222.4	39.4844185	73.5850486	4519.8
2677	265.4	265.4	265.4	0,520,11,9	222.4	39.4844046	73.5850504	4519.9
2678	297.4	297.4	297.4	369,565,12,8	222.4	39.4844618	73.5852444	4526.8
2679	375.5	373.5	375.5	1516,1066,9,14	222.3	39.4847683	73.5854330	4512.9
2680	431.6	431.6	432.6	75,1041,10,8	222.2	39.4851999	73.5851721	4513.8
2681	134.2	134.2	137.2	1273,699,8,8	222.0	39.4844194	73.5850497	4519.8
2682	427.6	427.6	427.6	625,1025,8,8	222.0	39.4852003	73.5851719	4513.9
2683	379.5	379.5	379.5	857,328,8,11	221.9	39.4850332	73.5852640	4513.0
2684	426.6	426.6	426.6	481,289,8,8	221.9	39.4852005	73.5851717	4513.9
2685	9.0	9.0	9.0	721,957,8,10	221.8	39.4840448	73.5849413	4498.0
2686	344.5	338.4	344.5	1523,345,14,8	221.7	39.4844622	73.5852443	4526.8
2687	407.5	405.5	412.5	813,561,10,8	221.6	39.4852031	73.5851700	4513.8
2688	224.3	224.3	225.3	89,473,14,16	221.4	39.4844086	73.5850507	4519.9
2689	427.6	427.6	427.6	116,615,5,14	221.4	39.4852003	73.5851719	4513.9
2690	447.6	447.6	447.6	41,959,8,10	221.4	39.4852019	73.5851688	4513.9
2691	430.6	430.6	430.6	1260,841,16,8	221.3	39.4851998	73.5851720	4513.9
2692	329.4	329.4	329.4	1566,12,6,13	221.2	39.4844626	73.5852433	4526.8
2693	336.4	336.4	336.4	1652,161,13,8	221.2	39.4844626	73.5852438	4526.8
2694	247.3	247.3	247.3	1153,665,8,8	221.1	39.4844067	73.5850504	4519.9
2695	336.4	336.4	336.4	663,499,7,10	221.1	39.4844626	73.5852438	4526.8
2696	421.6	421.6	421.6	1804,992,14,18	221.1	39.4852011	73.5851714	4513.9
2697	265.4	265.4	265.4	113,511,8,10	221.0	39.4844046	73.5850504	4519.9
2698	312.4	312.4	312.4	435,289,8,14	221.0	39.4844621	73.5852425	4526.8
2699	350.5	350.5	350.5	61,209,14,8	220.9	39.4844633	73.5852435	4526.8
2700	201.3	201.3	201.3	225,1003,14,6	220.8	39.4844138	73.5850496	4519.9
2701	288.4	281.4	288.4	24,503,16,9	220.3	39.4844608	73.5852434	4526.8
2702	2.0	0.0	8.0	1831,1069,6,11	220.2	39.4840438	73.5849408	4497.9
2703	479.6	479.6	479.6	461,1007,10,14	220.2	39.4851982	73.5851691	4513.8
2704	402.5	402.5	402.5	1002,979,5,12	220.1	39.4852027	73.5851702	4513.8
2705	499.7	499.7	499.7	1745,251,20,6	220.1	39.4851964	73.5851677	4513.8
2706	193.3	193.3	193.3	1819,545,6,10	220.0	39.4844144	73.5850480	4519.9
2707	367.5	367.5	367.5	109,353,8,10	220.0	39.4844687	73.5852446	4526.9
2708	395.5	394.5	395.5	106,865,7,14	220.0	39.4852017	73.5851692	4513.7
2709	92.1	92.1	92.1	1553,401,15,7	219.8	39.4844234	73.5850457	4519.9
2710	94.1	94.1	94.1	1445,289,8,13	219.8	39.4844233	73.5850464	4519.8
2711	272.4	272.4	272.4	49,857,8,8	219.8	39.4844041	73.5850508	4519.9
2712	443.6	443.6	443.6	1313,273,8,8	219.8	39.4852014	73.5851695	4513.8
2713	470.6	465.6	470.6	978,899,9,12	219.8	39.4851983	73.5851705	4513.8
2714	87.1	87.1	88.1	1163,69,22,9	219.7	39.4844248	73.5850462	4519.8
2715	345.5	345.5	345.5	263,609,7,16	219.7	39.4844623	73.5852442	4526.8
2716	175.2	175.2	175.2	81,245,10,12	219.6	39.4844161	73.5850469	4519.8
2717	443.6	443.6	443.6	201,241,8,8	219.6	39.4852014	73.5851695	4513.8
2718	480.6	480.6	480.6	1905,538,6,15	219.6	39.4851984	73.5851688	4513.8
2719	270.4	270.4	270.4	958,401,9,14	219.5	39.4844039	73.5850510	4519.9
2720	14.0	14.0	14.0	1283,907,12,12	219.4	39.4840463	73.5849421	4498.0
2721	489.6	489.6	489.6	477,171,12,12	219.3	39.4851985	73.5851670	4513.8
2722	363.5	363.5	363.5	537,113,12,8	219.1	39.4844651	73.5852430	4526.8
2723	209.3	206.3	209.3	139,895,10,14	219.0	39.4844126	73.5850509	4519.9
2724	288.4	288.4	288.4	1753,9,8,8	218.9	39.4844608	73.5852434	4526.8
2725	310.4	310.4	314.4	0,177,9,14	218.9	39.4844620	73.5852430	4526.8
2726	361.5	361.5	362.5	1315,39,12,10	218.9	39.4844649	73.5852432	4526.8
2727	304.4	304.4	304.4	1172,628,13,20	218.7	39.4844621	73.5852438	4526.8
2728	329.4	329.4	329.4	1809,977,10,6	218.7	39.4844626	73.5852433	4526.8
2729	306.4	306.4	306.4	1896,925,12,12	218.6	39.4844622	73.5852435	4526.8
2730	163.2	156.2	163.2	999,185,18,8	218.5	39.4844169	73.5850473	4519.8
2731	195.3	195.3	195.3	437,959,9,12	218.5	39.4844141	73.5850482	4519.9
2732	204.3	204.3	204.3	312,467,9,8	218.5	39.4844137	73.5850502	4519.9
2733	355.5	355.5	355.5	53,897,7,16	218.5	39.4844632	73.5852424	4526.8
2734	378.5	378.5	378.5	113,367,8,10	218.5	39.4849518	73.5853155	4512.6
2735	402.5	402.5	402.5	353,929,12,8	218.5	39.4852027	73.5851702	4513.8
2736	435.6	434.6	435.6	545,1047,8,10	218.3	39.4852006	73.5851723	4513.9
2737	268.4	268.4	268.4	519,263,6,18	218.2	39.4844039	73.5850503	4519.9
2738	323.4	323.4	324.4	223,823,6,14	218.2	39.4844621	73.5852431	4526.8
2739	471.6	471.6	471.6	0,0,17,9	218.2	39.4851980	73.5851712	4513.8
2740	91.1	91.1	91.1	753,15,22,8	218.1	39.4844239	73.5850459	4519.9
2741	108.1	108.1	108.1	27,781,12,11	218.1	39.4844231	73.5850485	4519.8
2742	244.3	241.3	244.3	997,613,14,9	218.1	39.4844067	73.5850510	4519.9
2743	438.6	438.6	439.6	1449,279,8,6	218.1	39.4852006	73.5851713	4513.9
2744	432.6	432.6	432.6	75,541,13,11	218.0	39.4852000	73.5851722	4513.8
2745	152.2	152.2	152.2	589,503,10,12	217.9	39.4844188	73.5850485	4519.8
2746	250.3	250.3	250.3	657,25,14,6	217.9	39.4844065	73.5850499	4519.9
2747	395.5	394.5	395.5	737,945,8,8	217.8	39.4852017	73.5851692	4513.7
2748	161.2	161.2	161.2	1250,921,7,12	217.7	39.4844178	73.5850476	4519.8
2749	244.3	244.3	244.3	577,1043,10,10	217.7	39.4844067	73.5850510	4519.9
2750	383.5	379.5	383.5	1637,953,9,10	217.7	39.4852019	73.5851698	4513.7
2751	324.4	324.4	324.4	529,905,6,16	217.6	39.4844622	73.5852433	4526.8
2752	509.7	509.7	509.7	1855,1041,10,12	217.6	39.4851950	73.5851694	4513.9
2753	245.3	245.3	245.3	753,398,16,11	217.4	39.4844067	73.5850508	4519.9
2754	297.4	297.4	297.4	257,521,14,16	217.4	39.4844618	73.5852444	4526.8
2755	352.5	352.5	352.5	42,1019,7,12	217.4	39.4844633	73.5852430	4526.8
2756	402.5	402.5	402.5	851,113,13,8	217.4	39.4852027	73.5851702	4513.8
2757	77.1	77.1	78.1	369,1017,8,8	217.3	39.4844242	73.5850487	4519.9
2758	185.2	183.2	189.3	1441,812,16,9	217.3	39.4844149	73.5850486	4519.9
2759	317.4	317.4	319.4	929,558,12,10	217.3	39.4844617	73.5852418	4526.8
2760	319.4	319.4	319.4	345,361,8,16	217.3	39.4844619	73.5852422	4526.8
2761	124.2	124.2	124.2	735,157,12,6	217.1	39.4844215	73.5850480	4519.8
2762	135.2	132.2	136.2	1463,944,15,9	217.1	39.4844193	73.5850499	4519.8
2763	266.4	266.4	266.4	233,737,8,16	217.0	39.4844043	73.5850502	4519.9
2764	469.6	468.6	469.6	46,574,11,9	217.0	39.4851986	73.5851704	4513.8
2765	126.2	125.2	126.2	84,373,9,14	216.9	39.4844212	73.5850487	4519.8
2766	192.3	189.3	192.3	1724,169,15,8	216.9	39.4844150	73.5850480	4519.9
2767	385.5	385.5	385.5	715,931,14,14	216.7	39.4852030	73.5851677	4513.7
2768	187.2	187.2	190.3	145,226,18,3	216.6	39.4844148	73.5850486	4519.8
2769	221.3	221.3	221.3	1109,571,12,14	216.6	39.4844087	73.5850510	4519.9
2770	195.3	195.3	195.3	903,975,10,10	216.5	39.4844141	73.5850482	4519.9
2771	230.3	230.3	230.3	103,1017,10,8	216.4	39.4844078	73.5850508	4519.9
2772	179.2	178.2	179.2	853,113,8,8	216.2	39.4844150	73.5850477	4519.8
2773	200.3	200.3	201.3	76,543,9,10	216.2	39.4844136	73.5850495	4519.9
2774	333.4	330.4	333.4	977,1073,8,7	216.1	39.4844629	73.5852442	4526.8
2775	388.5	388.5	388.5	883,251,14,10	216.0	39.4852025	73.5851685	4513.7
2776	421.6	421.6	421.6	11,155,8,8	216.0	39.4852011	73.5851714	4513.9
2777	476.6	476.6	476.6	1521,0,16,7	216.0	39.4851974	73.5851706	4513.8
2778	92.1	91.1	93.1	17,733,10,12	215.8	39.4844234	73.5850457	4519.9
2779	181.2	181.2	181.2	1707,853,22,6	215.8	39.4844154	73.5850486	4519.8
2780	153.2	151.2	155.2	402,322,7,12	215.6	39.4844189	73.5850484	4519.8
2781	160.2	160.2	161.2	955,209,6,12	215.6	39.4844178	73.5850476	4519.8
2782	265.4	265.4	265.4	675,1027,16,12	215.4	39.4844046	73.5850504	4519.9
2783	513.7	513.7	513.7	727,37,16,11	215.4	39.4852759	73.5853853	4514.0
2784	164.2	164.2	164.2	623,1069,15,11	215.3	39.4844163	73.5850471	4519.8
2785	20.0	19.0	28.0	1315,973,14,11	215.2	39.4840467	73.5849411	4498.0
2786	150.2	150.2	150.2	903,0,10,9	215.2	39.4844195	73.5850489	4519.8
2787	246.3	245.3	247.3	661,681,6,9	215.2	39.4844067	73.5850506	4519.9
2788	427.6	427.6	427.6	1121,620,5,21	215.2	39.4852003	73.5851719	4513.9
2789	243.3	243.3	243.3	937,937,12,13	215.0	39.4844066	73.5850512	4519.9
2790	473.6	473.6	473.6	455,1065,12,6	215.0	39.4851977	73.5851716	4513.8
2791	146.2	146.2	146.2	739,571,14,8	214.9	39.4844206	73.5850490	4519.8
2792	293.4	293.4	293.4	689,911,12,10	214.9	39.4844615	73.5852432	4526.8
2793	177.2	177.2	177.2	330,194,15,12	214.7	39.4844155	73.5850472	4519.8
2794	197.3	197.3	197.3	1845,453,9,12	214.7	39.4844140	73.5850487	4519.8
2795	440.6	440.6	440.6	815,849,10,8	214.7	39.4852011	73.5851705	4513.9
2796	316.4	316.4	316.4	25,609,12,8	214.6	39.4844617	73.5852416	4526.8
2797	397.5	397.5	397.5	425,111,9,10	214.5	39.4852021	73.5851693	4513.8
2798	205.3	205.3	205.3	1041,915,16,8	214.4	39.4844136	73.5850504	4519.9
2799	457.6	457.6	459.6	1547,0,6,16	214.4	39.4852021	73.5851682	4513.8
2800	415.5	413.5	415.5	641,617,14,8	214.3	39.4852026	73.5851716	4513.9
2801	439.6	439.6	439.6	1795,1075,12,5	214.2	39.4852007	73.5851709	4513.8
2802	110.1	110.1	110.1	385,53,18,12	214.1	39.4844236	73.5850480	4519.8
2803	239.3	239.3	244.3	443,13,10,11	214.1	39.4844065	73.5850513	4519.9
2804	253.3	253.3	254.3	751,17,9,11	214.1	39.4844062	73.5850506	4519.9
2805	288.4	287.4	288.4	1711,365,12,6	213.9	39.4844608	73.5852434	4526.8
2806	474.6	474.6	474.6	1465,17,16,7	213.9	39.4851977	73.5851717	4513.8
2807	204.3	204.3	204.3	3,0,10,9	213.7	39.4844137	73.5850502	4519.9
2808	431.6	429.6	431.6	117,919,8,14	213.7	39.4851999	73.5851721	4513.8
2809	513.7	513.7	513.7	549,585,14,6	213.7	39.4852759	73.5853853	4514.0
2810	168.2	168.2	168.2	21,585,8,16	213.6	39.4844161	73.5850466	4519.8
2811	415.5	414.5	415.5	269,300,10,11	213.6	39.4852026	73.5851716	4513.9
2812	250.3	250.3	250.3	1529,61,12,8	213.4	39.4844065	73.5850499	4519.9
2813	452.6	452.6	452.6	1881,959,10,8	213.4	39.4852023	73.5851679	4513.8
2814	246.3	246.3	247.3	1067,681,16,4	213.2	39.4844067	73.5850506	4519.9
2815	406.5	404.5	409.5	1477,137,8,16	213.2	39.4852031	73.5851698	4513.8
2816	224.3	224.3	224.3	281,221,4,14	213.1	39.4844086	73.5850507	4519.9
2817	329.4	326.4	329.4	1505,259,7,14	213.1	39.4844626	73.5852433	4526.8
2818	81.1	79.1	81.1	754,187,14,10	213.0	39.4844248	73.5850471	4519.8
2819	390.5	388.5	390.5	869,33,8,8	213.0	39.4852022	73.5851688	4513.8
2820	242.3	242.3	243.3	829,62,12,17	212.9	39.4844064	73.5850512	4519.9
2821	363.5	363.5	363.5	191,767,10,13	212.9	39.4844651	73.5852430	4526.8
2822	384.5	384.5	384.5	621,1032,12,9	212.9	39.4852029	73.5851679	4513.7
2823	424.6	424.6	424.6	232,67,11,12	212.8	39.4852009	73.5851714	4513.8
2824	162.2	162.2	162.2	1275,551,8,15	212.6	39.4844177	73.5850474	4519.8
2825	424.6	424.6	424.6	3,1014,9,9	212.5	39.4852009	73.5851714	4513.8
2826	467.6	466.6	467.6	1657,711,16,6	212.5	39.4851991	73.5851705	4513.8
2827	501.7	501.7	501.7	1113,933,8,15	212.5	39.4851958	73.5851678	4513.8
2828	471.6	471.6	471.6	794,249,10,8	212.4	39.4851980	73.5851712	4513.8
2829	166.2	166.2	166.2	1713,437,8,10	212.3	39.4844157	73.5850466	4519.8
2830	414.5	414.5	415.5	1009,777,8,8	212.2	39.4852027	73.5851715	4513.9
2831	474.6	474.6	474.6	285,691,12,12	212.2	39.4851977	73.5851717	4513.8
2832	227.3	227.3	227.3	1394,684,11,9	212.1	39.4844077	73.5850511	4519.9
2833	222.3	222.3	222.3	421,213,10,10	212.0	39.4844085	73.5850508	4519.9
2834	33.0	33.0	33.0	269,723,8,14	211.8	39.4840519	73.5849418	4498.0
2835	421.6	421.6	421.6	1869,995,8,13	211.7	39.4852011	73.5851714	4513.9
2836	29.0	23.0	29.0	1897,881,8,8	211.6	39.4840502	73.5849414	4498.0
2837	75.1	75.1	75.1	1915,1033,5,18	211.6	39.4844230	73.5850499	4519.9
2838	428.6	428.6	428.6	1372,889,17,11	211.6	39.4852003	73.5851721	4513.8
2839	82.1	82.1	83.1	431,963,8,20	211.4	39.4844250	73.5850469	4519.9
2840	213.3	213.3	213.3	381,899,14,12	211.4	39.4844121	73.5850513	4519.9
2841	351.5	351.5	351.5	350,115,26,6	211.4	39.4844633	73.5852433	4526.8
2842	488.6	487.6	488.6	1629,325,8,12	211.3	39.4851985	73.5851674	4513.8
2843	402.5	402.5	402.5	1780,619,11,8	211.2	39.4852027	73.5851702	4513.8
2844	447.6	447.6	447.6	1885,233,8,8	211.2	39.4852019	73.5851688	4513.9
2845	142.2	142.2	142.2	441,241,12,6	211.1	39.4844202	73.5850498	4519.8
2846	225.3	225.3	225.3	1545,953,8,8	211.1	39.4844084	73.5850507	4519.9
2847	377.5	377.5	378.5	721,931,14,6	211.1	39.4848814	73.5853670	4512.5
2848	221.3	221.3	221.3	1240,572,9,10	211.0	39.4844087	73.5850510	4519.9
2849	247.3	247.3	247.3	1073,753,8,8	211.0	39.4844067	73.5850504	4519.9
2850	58.1	58.1	60.1	1057,297,14,8	210.9	39.4844219	73.5850504	4504.6
2851	150.2	150.2	150.2	565,15,12,10	210.8	39.4844195	73.5850489	4519.8
2852	150.2	150.2	150.2	655,849,7,14	210.8	39.4844195	73.5850489	4519.8
2853	331.4	331.4	331.4	487,271,6,12	210.8	39.4844630	73.5852442	4526.8
2854	473.6	473.6	473.6	1699,491,8,14	210.8	39.4851977	73.5851716	4513.8
2855	118.2	118.2	118.2	547,21,11,9	210.7	39.4844232	73.5850474	4519.8
2856	246.3	246.3	246.3	1101,812,8,9	210.7	39.4844067	73.5850506	4519.9
2857	507.7	507.7	507.7	17,839,8,10	210.7	39.4851950	73.5851695	4513.8
2858	182.2	182.2	186.2	529,801,8,8	210.6	39.4844152	73.5850486	4519.8
2859	344.5	344.5	344.5	73,1057,10,16	210.6	39.4844622	73.5852443	4526.8
2860	470.6	470.6	470.6	865,759,8,10	210.6	39.4851983	73.5851705	4513.8
2861	348.5	348.5	348.5	1337,233,8,8	210.5	39.4844631	73.5852437	4526.8
2862	76.1	76.1	76.1	749,51,16,4	210.4	39.4844237	73.5850494	4519.9
2863	11.0	11.0	11.0	1833,74,8,9	210.3	39.4840448	73.5849415	4498.0
2864	428.6	428.6	430.6	1370,1001,12,8	210.2	39.4852003	73.5851721	4513.8
2865	474.6	474.6	477.6	164,163,11,16	210.2	39.4851977	73.5851717	4513.8
2866	126.2	126.2	129.2	277,0,8,9	210.1	39.4844212	73.5850487	4519.8
2867	390.5	390.5	390.5	986,843,5,15	210.0	39.4852022	73.5851688	4513.8
2868	232.3	232.3	232.3	491,123,8,10	209.9	39.4844079	73.5850508	4519.9
2869	478.6	478.6	478.6	1577,0,8,9	209.9	39.4851977	73.5851693	4513.8
2870	34.0	20.0	41.1	1161,177,7,20	209.8	39.4840525	73.5849419	4498.0
2871	289.4	289.4	289.4	1874,311,15,16	209.8	39.4844608	73.5852431	4526.8
2872	318.4	318.4	318.4	995,17,14,6	209.5	39.4844618	73.5852420	4526.8
2873	47.1	46.1	47.1	1899,1070,10,10	209.4	39.4843946	73.5850426	4498.0
2874	266.4	266.4	266.4	1809,736,8,12	209.4	39.4844043	73.5850502	4519.9
2875	425.6	424.6	425.6	315,952,14,9	209.1	39.4852005	73.5851715	4513.9
2876	217.3	216.3	217.3	1873,709,11,14	209.0	39.4844103	73.5850508	4519.9
2877	496.7	495.7	496.7	1229,403,10,8	209.0	39.4851968	73.5851677	4513.8
2878	333.4	332.4	334.4	601,721,8,8	208.8	39.4844629	73.5852442	4526.8
2879	341.5	341.5	341.5	134,369,11,8	208.8	39.4844621	73.5852441	4526.8
2880	440.6	440.6	440.6	1505,133,10,12	208.8	39.4852011	73.5851705	4513.9
2881	135.2	135.2	135.2	1881,1041,10,8	208.7	39.4844193	73.5850499	4519.8
2882	138.2	138.2	138.2	1073,1009,8,12	208.7	39.4844195	73.5850506	4519.8
2883	234.3	234.3	234.3	185,1059,8,14	208.7	39.4844076	73.5850513	4519.9
2884	326.4	326.4	326.4	1515,329,8,8	208.7	39.4844622	73.5852431	4526.8
2885	420.6	420.6	420.6	405,785,8,8	208.4	39.4852015	73.5851716	4513.9
2886	349.5	349.5	349.5	1617,569,8,8	208.2	39.4844632	73.5852436	4526.8
2887	367.5	365.5	367.5	1725,1057,11,8	208.2	39.4844687	73.5852446	4526.9
2888	452.6	452.6	452.6	1561,833,8,8	208.2	39.4852023	73.5851679	4513.8
2889	476.6	476.6	476.6	0,145,11,13	208.2	39.4851974	73.5851706	4513.8
2890	135.2	135.2	135.2	1601,1033,8,8	208.1	39.4844193	73.5850499	4519.8
2891	336.4	336.4	336.4	529,75,11,12	208.1	39.4844626	73.5852438	4526.8
2892	45.1	45.1	50.1	706,713,9,10	208.0	39.4843546	73.5850300	4497.9
2893	241.3	241.3	241.3	579,122,14,9	208.0	39.4844062	73.5850510	4519.9
2894	240.3	240.3	241.3	265,253,10,10	207.8	39.4844062	73.5850510	4519.9
2895	363.5	363.5	363.5	313,1017,6,12	207.8	39.4844651	73.5852430	4526.8
2896	79.1	76.1	79.1	297,865,4,15	207.7	39.4844245	73.5850479	4519.9
2897	346.5	346.5	346.5	281,817,8,10	207.7	39.4844628	73.5852442	4526.8
2898	396.5	396.5	396.5	366,874,18,11	207.7	39.4852018	73.5851691	4513.8
2899	227.3	227.3	227.3	1576,245,19,14	207.6	39.4844077	73.5850511	4519.9
2900	95.1	95.1	98.1	965,89,12,6	207.5	39.4844231	73.5850465	4519.8
2901	432.6	432.6	432.6	1607,0,10,11	207.2	39.4852000	73.5851722	4513.8
2902	426.6	426.6	426.6	770,993,9,10	207.0	39.4852005	73.5851717	4513.9
2903	438.6	438.6	438.6	929,292,8,11	206.9	39.4852006	73.5851713	4513.9
2904	11.0	9.0	11.0	1802,1021,7,10	206.7	39.4840448	73.5849415	4498.0
2905	461.6	461.6	465.6	842,604,7,11	206.5	39.4852009	73.5851693	4513.8
2906	313.4	313.4	313.4	1788,459,11,10	206.4	39.4844622	73.5852423	4526.8
2907	204.3	204.3	204.3	1497,86,14,7	206.3	39.4844137	73.5850502	4519.9
2908	213.3	213.3	213.3	0,602,15,5	206.3	39.4844121	73.5850513	4519.9
2909	117.2	117.2	117.2	1467,1002,12,15	206.2	39.4844232	73.5850473	4519.8
2910	165.2	165.2	165.2	1839,422,11,11	206.2	39.4844159	73.5850467	4519.8
2911	327.4	327.4	329.4	65,653,12,21	206.0	39.4844623	73.5852430	4526.8
2912	231.3	231.3	231.3	353,937,8,8	205.9	39.4844079	73.5850507	4519.9
2913	174.2	174.2	181.2	189,725,8,12	205.6	39.4844161	73.5850469	4519.8
2914	478.6	478.6	478.6	1875,183,12,6	205.6	39.4851977	73.5851693	4513.8
2915	479.6	479.6	479.6	107,771,6,12	205.6	39.4851982	73.5851691	4513.8
2916	145.2	145.2	145.2	1149,505,12,8	205.3	39.4844205	73.5850492	4519.8
2917	414.5	414.5	414.5	37,745,8,8	205.3	39.4852027	73.5851715	4513.9
2918	264.3	264.3	264.3	123,257,10,10	205.2	39.4844045	73.5850504	4519.9
2919	94.1	94.1	94.1	1163,409,3,22	205.1	39.4844233	73.5850464	4519.8
2920	434.6	434.6	434.6	1143,1073,10,7	205.1	39.4852003	73.5851726	4513.9
2921	14.0	12.0	15.0	337,953,8,8	205.0	39.4840463	73.5849421	4498.0
2922	148.2	148.2	148.2	231,1048,10,14	205.0	39.4844204	73.5850489	4519.8
2923	199.3	199.3	199.3	113,17,6,16	205.0	39.4844137	73.5850493	4519.9
2924	212.3	212.3	212.3	407,54,4,19	205.0	39.4844125	73.5850514	4519.9
2925	325.4	325.4	325.4	1477,919,12,10	204.9	39.4844622	73.5852432	4526.8
2926	210.3	210.3	211.3	1279,853,10,12	204.7	39.4844127	73.5850513	4519.9
2927	268.4	268.4	268.4	105,669,6,10	204.7	39.4844039	73.5850503	4519.9
2928	230.3	230.3	230.3	1330,318,12,11	204.6	39.4844078	73.5850508	4519.9
2929	443.6	443.6	443.6	277,711,10,8	204.3	39.4852014	73.5851695	4513.8
2930	477.6	477.6	477.6	1773,1065,10,8	204.3	39.4851976	73.5851700	4513.8
2931	506.7	506.7	506.7	1891,1075,14,5	204.3	39.4851951	73.5851694	4513.8
2932	361.5	361.5	361.5	573,565,8,14	204.2	39.4844649	73.5852432	4526.8
2933	347.5	347.5	347.5	98,1065,7,15	204.1	39.4844631	73.5852439	4526.8
2934	502.7	500.7	503.7	1049,441,10,8	204.1	39.4851957	73.5851678	4513.8
2935	402.5	402.5	402.5	89,97,8,8	204.0	39.4852027	73.5851702	4513.8
2936	423.6	423.6	423.6	819,63,4,16	204.0	39.4852009	73.5851711	4513.9
2937	7.0	7.0	7.0	1825,663,8,16	203.9	39.4840452	73.5849410	4498.0
2938	61.1	61.1	61.1	272,23,5,10	203.9	39.4844210	73.5850507	4509.9
2939	478.6	478.6	478.6	1446,977,7,17	203.9	39.4851977	73.5851693	4513.8
2940	72.1	72.1	72.1	1554,685,13,6	203.8	39.4844212	73.5850511	4519.9
2941	326.4	326.4	326.4	1393,727,16,6	203.8	39.4844622	73.5852431	4526.8
2942	326.4	326.4	326.4	798,319,11,15	203.7	39.4844622	73.5852431	4526.8
2943	347.5	347.5	347.5	65,5,6,10	203.7	39.4844631	73.5852439	4526.8
2944	147.2	147.2	147.2	777,19,8,12	203.6	39.4844206	73.5850489	4519.8
2945	248.3	248.3	248.3	449,561,4,24	203.6	39.4844066	73.5850501	4519.9
2946	308.4	308.4	308.4	1854,534,11,8	203.5	39.4844621	73.5852433	4526.8
2947	318.4	318.4	318.4	1841,309,16,8	203.5	39.4844618	73.5852420	4526.8
2948	268.4	268.4	268.4	473,593,8,10	203.1	39.4844039	73.5850503	4519.9
2949	118.2	118.2	120.2	993,672,8,17	203.0	39.4844232	73.5850474	4519.8
2950	256.3	256.3	256.3	473,320,8,11	203.0	39.4844057	73.5850511	4519.9
2951	291.4	291.4	291.4	901,689,4,16	202.8	39.4844610	73.5852429	4526.8
2952	83.1	82.1	86.1	1873,721,8,11	202.7	39.4844254	73.5850469	4519.9
2953	136.2	136.2	136.2	361,785,8,18	202.7	39.4844193	73.5850502	4519.8
2954	272.4	272.4	272.4	401,1057,8,8	202.6	39.4844041	73.5850508	4519.9
2955	349.5	349.5	351.5	709,821,14,6	202.6	39.4844632	73.5852436	4526.8
2956	186.2	183.2	186.2	1906,1011,11,8	202.5	39.4844150	73.5850487	4519.9
2957	415.5	415.5	415.5	1523,1065,8,6	202.5	39.4852026	73.5851716	4513.9
2958	62.1	62.1	67.1	705,353,12,6	202.4	39.4844209	73.5850509	4511.5
2959	45.1	45.1	45.1	1877,841,6,8	202.3	39.4843546	73.5850300	4497.9
2960	486.6	486.6	487.6	0,861,11,17	202.3	39.4851985	73.5851681	4513.8
2961	425.6	425.6	425.6	35,130,10,8	202.2	39.4852005	73.5851715	4513.9
2962	426.6	422.6	426.6	17,926,6,11	202.2	39.4852005	73.5851717	4513.9
2963	310.4	310.4	310.4	1039,105,9,8	202.1	39.4844620	73.5852430	4526.8
2964	339.4	339.4	339.4	609,541,10,8	202.1	39.4844625	73.5852436	4526.8
2965	505.7	505.7	506.7	163,205,14,6	202.1	39.4851951	73.5851687	4513.8
2966	89.1	89.1	89.1	1126,857,7,18	202.0	39.4844246	73.5850460	4519.8
2967	330.4	330.4	330.4	705,1027,16,6	201.9	39.4844629	73.5852439	4526.8
2968	257.3	257.3	257.3	739,269,6,16	201.4	39.4844057	73.5850511	4519.9
2969	503.7	503.7	503.7	77,51,18,6	201.4	39.4851956	73.5851679	4513.8
2970	351.5	351.5	351.5	1851,113,12,12	201.3	39.4844633	73.5852433	4526.8
2971	342.5	342.5	342.5	343,327,10,6	201.2	39.4844621	73.5852440	4526.8
2972	89.1	89.1	89.1	1444,263,11,10	201.1	39.4844246	73.5850460	4519.8
2973	225.3	224.3	225.3	719,145,16,6	201.1	39.4844084	73.5850507	4519.9
2974	338.4	338.4	339.4	339,296,12,9	201.1	39.4844625	73.5852438	4526.8
2975	288.4	288.4	288.4	1881,711,12,6	200.9	39.4844608	73.5852434	4526.8
2976	403.5	403.5	403.5	1563,739,8,18	200.8	39.4852027	73.5851700	4513.8
2977	418.6	418.6	418.6	227,803,4,14	200.8	39.4852018	73.5851716	4513.9
2978	256.3	256.3	256.3	465,142,6,15	200.6	39.4844057	73.5850511	4519.9
2979	350.5	350.5	350.5	902,81,9,8	200.5	39.4844633	73.5852435	4526.8
2980	46.1	43.1	47.1	1465,1046,20,8	200.3	39.4843759	73.5850367	4497.9
2981	71.1	71.1	71.1	1361,975,16,6	200.3	39.4844207	73.5850516	4519.9
2982	81.1	81.1	81.1	605,231,7,16	200.3	39.4844248	73.5850471	4519.8
2983	91.1	91.1	91.1	1057,695,6,10	200.3	39.4844239	73.5850459	4519.9
2984	266.4	266.4	266.4	1395,0,10,7	200.3	39.4844043	73.5850502	4519.9
2985	440.6	440.6	440.6	537,223,16,9	200.2	39.4852011	73.5851705	4513.9
2986	216.3	213.3	218.3	1387,993,7,13	200.1	39.4844104	73.5850508	4519.9
2987	434.6	434.6	434.6	547,819,8,14	200.0	39.4852003	73.5851726	4513.9
2988	68.1	68.1	68.1	1097,793,8,8	199.9	39.4844201	73.5850517	4519.9
2989	62.1	62.1	62.1	503,1007,8,10	199.8	39.4844209	73.5850509	4511.5
2990	402.5	402.5	402.5	1705,939,10,13	199.7	39.4852027	73.5851702	4513.8
2991	445.6	445.6	445.6	546,789,11,10	199.7	39.4852017	73.5851688	4513.8
2992	349.5	349.5	349.5	881,1041,18,10	199.6	39.4844632	73.5852436	4526.8
2993	430.6	430.6	430.6	0,729,3,16	199.6	39.4851998	73.5851720	4513.9
2994	419.6	419.6	420.6	1417,1067,8,6	199.5	39.4852014	73.5851715	4513.9
2995	172.2	171.2	172.2	1511,153,10,8	199.4	39.4844165	73.5850469	4519.8
2996	205.3	205.3	205.3	1245,553,9,8	199.4	39.4844136	73.5850504	4519.9
2997	272.4	271.4	276.4	1241,417,7,19	199.2	39.4844041	73.5850508	4519.9
2998	486.6	486.6	487.6	1321,55,14,6	199.2	39.4851985	73.5851681	4513.8
2999	412.5	412.5	412.5	1857,279,8,6	199.1	39.4852029	73.5851710	4513.8
3000	290.4	290.4	290.4	87,965,6,12	199.0	39.4844610	73.5852430	4526.8
3001	155.2	152.2	155.2	833,985,12,18	198.9	39.4844188	73.5850486	4519.8
3002	398.5	398.5	398.5	1283,163,6,14	198.9	39.4852022	73.5851695	4513.8
3003	438.6	438.6	438.6	1809,289,12,14	198.9	39.4852006	73.5851713	4513.9
3004	6.0	2.0	6.0	1492,593,9,8	198.7	39.4840454	73.5849411	4498.0
3005	9.0	9.0	9.0	1203,850,12,5	198.6	39.4840448	73.5849413	4498.0
3006	180.2	180.2	181.2	967,691,8,8	198.6	39.4844152	73.5850482	4519.8
3007	182.2	182.2	182.2	395,865,12,16	198.6	39.4844152	73.5850486	4519.8
3008	209.3	209.3	209.3	717,881,12,8	198.6	39.4844126	73.5850509	4519.9
3009	317.4	317.4	317.4	477,289,12,8	198.5	39.4844617	73.5852418	4526.8
3010	83.1	83.1	83.1	5,513,11,16	198.4	39.4844254	73.5850469	4519.9
3011	170.2	170.2	170.2	1337,641,10,8	198.4	39.4844163	73.5850466	4519.8
3012	176.2	176.2	176.2	1083,956,6,13	198.3	39.4844157	73.5850470	4519.8
3013	467.6	467.6	467.6	1857,135,6,10	198.3	39.4851991	73.5851705	4513.8
3014	433.6	433.6	433.6	895,70,9,10	198.2	39.4852001	73.5851727	4513.8
3015	308.4	308.4	308.4	349,139,8,18	198.1	39.4844621	73.5852433	4526.8
3016	145.2	145.2	145.2	758,17,11,9	198.0	39.4844205	73.5850492	4519.8
3017	91.1	91.1	95.1	1825,561,4,20	197.9	39.4844239	73.5850459	4519.9
3018	159.2	159.2	159.2	511,1009,6,12	197.9	39.4844176	73.5850479	4519.8
3019	241.3	241.3	241.3	109,1033,10,8	197.8	39.4844062	73.5850510	4519.9
3020	81.1	81.1	81.1	989,967,10,10	197.7	39.4844248	73.5850471	4519.8
3021	267.4	267.4	267.4	321,532,14,7	197.7	39.4844039	73.5850501	4519.9
3022	256.3	256.3	256.3	1036,161,9,8	197.6	39.4844057	73.5850511	4519.9
3023	25.0	22.0	25.0	1625,755,8,12	197.5	39.4840488	73.5849407	4498.0
3024	309.4	309.4	309.4	1625,925,12,10	197.5	39.4844621	73.5852432	4526.8
3025	448.6	448.6	448.6	1793,955,16,4	197.5	39.4852022	73.5851686	4513.9
3026	87.1	87.1	87.1	583,336,16,14	197.4	39.4844248	73.5850462	4519.8
3027	345.5	345.5	345.5	241,1000,6,11	197.4	39.4844623	73.5852442	4526.8
3028	350.5	350.5	350.5	491,929,10,8	197.4	39.4844633	73.5852435	4526.8
3029	427.6	427.6	427.6	1771,169,6,16	197.4	39.4852003	73.5851719	4513.9
3030	486.6	486.6	487.6	1195,104,8,11	197.3	39.4851985	73.5851681	4513.8
3031	263.3	263.3	263.3	1183,165,18,4	197.1	39.4844046	73.5850504	4519.9
3032	290.4	290.4	290.4	1591,776,16,9	197.1	39.4844610	73.5852430	4526.8
3033	342.5	342.5	342.5	1811,215,18,8	197.1	39.4844621	73.5852440	4526.8
3034	168.2	168.2	168.2	36,849,7,16	196.9	39.4844161	73.5850466	4519.8
3035	180.2	179.2	180.2	295,1033,6,10	196.9	39.4844152	73.5850482	4519.8
3036	264.3	264.3	264.3	9,1025,6,20	196.9	39.4844045	73.5850504	4519.9
3037	377.5	377.5	377.5	845,233,8,10	196.9	39.4848814	73.5853670	4512.5
3038	500.7	500.7	500.7	498,961,15,4	196.9	39.4851960	73.5851676	4513.9
3039	192.3	189.3	192.3	276,907,13,6	196.8	39.4844150	73.5850480	4519.9
3040	378.5	378.5	378.5	1849,723,8,12	196.8	39.4849518	73.5853155	4512.6
3041	469.6	469.6	469.6	837,501,12,12	196.7	39.4851986	73.5851704	4513.8
3042	326.4	326.4	326.4	854,438,7,20	196.6	39.4844622	73.5852431	4526.8
3043	176.2	176.2	176.2	1633,369,16,4	196.5	39.4844157	73.5850470	4519.8
3044	255.3	254.3	255.3	753,687,14,10	196.5	39.4844058	73.5850508	4519.9
3045	147.2	147.2	147.2	701,909,7,14	196.4	39.4844206	73.5850489	4519.8
3046	227.3	227.3	227.3	1426,538,10,7	196.4	39.4844077	73.5850511	4519.9
3047	33.0	33.0	33.0	0,235,15,10	196.2	39.4840519	73.5849418	4498.0
3048	199.3	199.3	199.3	1205,1065,9,15	196.0	39.4844137	73.5850493	4519.9
3049	320.4	320.4	320.4	1897,71,16,10	196.0	39.4844619	73.5852424	4526.8
3050	164.2	164.2	165.2	353,585,6,16	195.9	39.4844163	73.5850471	4519.8
3051	211.3	211.3	216.3	115,913,14,12	195.9	39.4844126	73.5850514	4519.9
3052	309.4	309.4	309.4	41,281,8,8	195.8	39.4844621	73.5852432	4526.8
3053	402.5	402.5	406.5	121,17,12,8	195.8	39.4852027	73.5851702	4513.8
3054	465.6	465.6	465.6	1427,1035,14,8	195.6	39.4851998	73.5851702	4513.8
3055	219.3	219.3	219.3	529,991,14,6	195.4	39.4844099	73.5850511	4519.9
3056	456.6	456.6	462.6	703,119,10,8	195.4	39.4852023	73.5851682	4513.8
3057	193.3	193.3	193.3	233,969,8,12	195.3	39.4844144	73.5850480	4519.9
3058	512.7	512.7	512.7	1195,853,6,14	195.3	39.4852321	73.5853126	4513.9
3059	263.3	262.3	263.3	161,9,4,24	195.2	39.4844046	73.5850504	4519.9
3060	476.6	476.6	476.6	1729,179,9,9	195.2	39.4851974	73.5851706	4513.8
3061	513.7	510.7	513.7	1067,993,12,6	195.2	39.4852759	73.5853853	4514.0
3062	230.3	230.3	230.3	657,265,12,19	195.0	39.4844078	73.5850508	4519.9
3063	215.3	215.3	219.3	353,365,8,8	194.9	39.4844109	73.5850510	4519.9
3064	376.5	376.5	376.5	1585,217,8,8	194.8	39.4848217	73.5854130	4512.7
3065	402.5	401.5	402.5	1821,153,10,6	194.7	39.4852027	73.5851702	4513.8
3066	483.6	481.6	483.6	817,1045,10,8	194.7	39.4851984	73.5851687	4513.8
3067	497.7	496.7	498.7	59,521,4,16	194.7	39.4851969	73.5851677	4513.8
3068	323.4	323.4	323.4	1800,366,16,11	194.6	39.4844621	73.5852431	4526.8
3069	326.4	326.4	326.4	537,861,9,14	194.5	39.4844622	73.5852431	4526.8
3070	173.2	173.2	173.2	210,250,12,10	194.4	39.4844162	73.5850469	4519.8
3071	231.3	231.3	231.3	249,985,8,12	194.4	39.4844079	73.5850507	4519.9
3072	465.6	463.6	465.6	169,1055,8,8	194.4	39.4851998	73.5851702	4513.8
3073	181.2	176.2	181.2	1304,596,10,8	194.3	39.4844154	73.5850486	4519.8
3074	271.4	271.4	271.4	1277,451,10,14	194.3	39.4844040	73.5850509	4519.9
3075	158.2	156.2	158.2	1178,1041,7,16	194.2	39.4844179	73.5850482	4519.8
3076	347.5	347.5	347.5	535,433,9,8	194.2	39.4844631	73.5852439	4526.8
3077	105.1	105.1	107.1	231,871,9,9	194.1	39.4844229	73.5850482	4519.9
3078	120.2	120.2	120.2	425,1019,8,14	194.1	39.4844229	73.5850476	4519.8
3079	437.6	437.6	437.6	1683,595,14,4	194.1	39.4852006	73.5851717	4513.9
3080	308.4	308.4	308.4	302,913,10,11	194.0	39.4844621	73.5852433	4526.8
3081	440.6	440.6	440.6	982,433,5,16	194.0	39.4852011	73.5851705	4513.9
3082	220.3	219.3	220.3	161,65,4,16	193.9	39.4844093	73.5850510	4519.9
3083	298.4	298.4	298.4	1051,201,7,10	193.7	39.4844620	73.5852445	4526.8
3084	382.5	382.5	383.5	1707,551,4,24	193.5	39.4851977	73.5851740	4513.7
3085	160.2	160.2	161.2	1320,717,8,10	193.4	39.4844178	73.5850476	4519.8
3086	328.4	328.4	328.4	865,298,4,18	193.4	39.4844624	73.5852431	4526.8
3087	421.6	421.6	421.6	1844,1066,16,6	193.4	39.4852011	73.5851714	4513.9
3088	474.6	474.6	474.6	713,123,16,8	193.4	39.4851977	73.5851717	4513.8
3089	172.2	172.2	172.2	497,257,8,8	193.2	39.4844165	73.5850469	4519.8
3090	425.6	425.6	425.6	427,193,6,14	193.2	39.4852005	73.5851715	4513.9
3091	0.0	0.0	2.0	1770,241,7,8	193.1	39.4840419	73.5849410	4497.9
3092	221.3	221.3	221.3	428,297,7,9	193.1	39.4844087	73.5850510	4519.9
3093	368.5	365.5	368.5	176,617,9,11	193.1	39.4844859	73.5852531	4526.8
3094	446.6	444.6	446.6	1508,616,5,13	193.1	39.4852017	73.5851687	4513.9
3095	437.6	437.6	437.6	1667,835,14,4	193.0	39.4852006	73.5851717	4513.9
3096	64.1	64.1	65.1	721,185,6,14	192.8	39.4844205	73.5850514	4514.7
3097	378.5	378.5	380.5	1769,481,8,16	192.7	39.4849518	73.5853155	4512.6
3098	391.5	390.5	391.5	817,766,14,11	192.6	39.4852022	73.5851687	4513.8
3099	443.6	443.6	443.6	883,289,8,10	192.6	39.4852014	73.5851695	4513.8
3100	99.1	99.1	99.1	625,369,8,8	192.5	39.4844227	73.5850469	4519.9
3101	193.3	190.3	193.3	1779,155,16,12	192.4	39.4844144	73.5850480	4519.9
3102	253.3	253.3	253.3	1445,113,12,8	192.4	39.4844062	73.5850506	4519.9
3103	424.6	424.6	424.6	65,305,16,6	192.4	39.4852009	73.5851714	4513.8
3104	374.5	373.5	374.5	1026,425,9,15	192.3	39.4847195	73.5854177	4514.6
3105	169.2	169.2	169.2	1916,1024,4,13	192.2	39.4844162	73.5850466	4519.8
3106	225.3	225.3	225.3	509,1001,8,14	192.1	39.4844084	73.5850507	4519.9
3107	233.3	233.3	233.3	1185,552,8,9	192.1	39.4844078	73.5850511	4519.9
3108	202.3	202.3	203.3	757,945,7,8	192.0	39.4844138	73.5850498	4519.9
3109	100.1	100.1	100.1	211,473,9,8	191.8	39.4844226	73.5850469	4519.9
3110	202.3	200.3	202.3	593,1019,6,14	191.8	39.4844138	73.5850498	4519.9
3111	352.5	352.5	352.5	1629,981,10,10	191.8	39.4844633	73.5852430	4526.8
3112	217.3	217.3	217.3	1767,1043,12,7	191.6	39.4844103	73.5850508	4519.9
3113	257.3	257.3	260.3	201,581,4,16	191.6	39.4844057	73.5850511	4519.9
3114	445.6	445.6	445.6	1733,601,6,10	191.6	39.4852017	73.5851688	4513.8
3115	138.2	138.2	138.2	1739,515,6,21	191.5	39.4844195	73.5850506	4519.8
3116	293.4	293.4	293.4	777,111,13,17	191.3	39.4844615	73.5852432	4526.8
3117	138.2	138.2	138.2	309,93,12,14	191.2	39.4844195	73.5850506	4519.8
3118	470.6	470.6	470.6	1403,117,20,3	191.2	39.4851983	73.5851705	4513.8
3119	162.2	162.2	162.2	961,199,7,15	191.1	39.4844177	73.5850474	4519.8
3120	1.0	0.0	1.0	1783,409,10,16	191.0	39.4840428	73.5849408	4497.9
3121	445.6	445.6	445.6	707,681,8,8	190.9	39.4852017	73.5851688	4513.8
3122	144.2	144.2	144.2	1481,1024,7,11	190.8	39.4844205	73.5850493	4519.8
3123	471.6	471.6	471.6	57,241,11,7	190.5	39.4851980	73.5851712	4513.8
3124	503.7	503.7	503.7	1361,703,8,10	190.5	39.4851956	73.5851679	4513.8
3125	223.3	223.3	223.3	517,241,10,8	190.4	39.4844086	73.5850508	4519.9
3126	316.4	316.4	316.4	636,20,10,12	190.3	39.4844617	73.5852416	4526.8
3127	146.2	145.2	146.2	533,509,8,12	190.2	39.4844206	73.5850490	4519.8
3128	220.3	216.3	220.3	169,659,8,14	190.2	39.4844093	73.5850510	4519.9
3129	263.3	263.3	263.3	33,33,16,12	190.2	39.4844046	73.5850504	4519.9
3130	283.4	283.4	286.4	955,605,10,12	190.2	39.4844518	73.5852321	4526.8
3131	499.7	499.7	499.7	289,19,8,8	190.2	39.4851964	73.5851677	4513.8
3132	422.6	422.6	422.6	609,401,12,6	190.1	39.4852010	73.5851713	4513.9
3133	3.0	1.0	3.0	1768,809,14,8	189.8	39.4840445	73.5849408	4498.0
3134	136.2	136.2	136.2	1664,941,13,7	189.8	39.4844193	73.5850502	4519.8
3135	69.1	69.1	69.1	937,913,8,8	189.6	39.4844198	73.5850520	4519.9
3136	308.4	308.4	308.4	129,0,16,7	189.6	39.4844621	73.5852433	4526.8
3137	436.6	436.6	436.6	769,973,16,4	189.5	39.4852005	73.5851720	4513.9
3138	18.0	18.0	18.0	1217,159,8,12	189.4	39.4840471	73.5849417	4498.0
3139	311.4	311.4	312.4	45,538,5,12	189.4	39.4844620	73.5852427	4526.8
3140	209.3	209.3	215.3	1345,1041,8,12	189.3	39.4844126	73.5850509	4519.9
3141	226.3	226.3	226.3	1707,609,14,6	189.3	39.4844080	73.5850510	4519.9
3142	419.6	419.6	419.6	1367,997,10,6	189.2	39.4852014	73.5851715	4513.9
3143	438.6	438.6	438.6	541,817,8,8	189.1	39.4852006	73.5851713	4513.9
3144	67.1	62.1	67.1	839,1043,10,10	189.0	39.4844201	73.5850515	4519.5
3145	179.2	179.2	179.2	963,683,12,5	189.0	39.4844150	73.5850477	4519.8
3146	371.5	370.5	371.5	1729,297,8,8	189.0	39.4845902	73.5853170	4521.1
3147	147.2	147.2	147.2	767,584,13,10	188.9	39.4844206	73.5850489	4519.8
3148	233.3	233.3	233.3	1597,291,4,17	188.9	39.4844078	73.5850511	4519.9
3149	167.2	165.2	167.2	681,37,16,6	188.8	39.4844159	73.5850465	4519.8
3150	167.2	167.2	169.2	25,633,6,12	188.8	39.4844159	73.5850465	4519.8
3151	238.3	237.3	238.3	299,377,6,16	188.8	39.4844069	73.5850513	4519.9
3152	417.6	417.6	421.6	1761,809,8,8	188.8	39.4852019	73.5851716	4513.8
3153	448.6	447.6	448.6	610,911,11,8	188.8	39.4852022	73.5851686	4513.9
3154	91.1	91.1	93.1	437,669,6,12	188.6	39.4844239	73.5850459	4519.9
3155	241.3	241.3	242.3	969,129,16,8	188.5	39.4844062	73.5850510	4519.9
3156	373.5	373.5	374.5	1083,977,11,5	188.5	39.4846761	73.5853836	4516.7
3157	177.2	177.2	177.2	1333,762,14,6	188.4	39.4844155	73.5850472	4519.8
3158	432.6	432.6	432.6	1673,9,8,7	188.4	39.4852000	73.5851722	4513.8
3159	43.1	43.1	43.1	913,97,8,8	188.1	39.4843002	73.5850128	4497.9
3160	97.1	96.1	98.1	149,1035,19,10	187.9	39.4844230	73.5850468	4519.8
3161	348.5	348.5	348.5	337,377,8,8	187.9	39.4844631	73.5852437	4526.8
3162	382.5	381.5	383.5	1181,579,12,12	187.9	39.4851977	73.5851740	4513.7
3163	118.2	118.2	118.2	1635,1055,9,16	187.7	39.4844232	73.5850474	4519.8
3164	488.6	488.6	488.6	891,423,6,13	187.6	39.4851985	73.5851674	4513.8
3165	80.1	80.1	80.1	1757,681,9,10	187.3	39.4844242	73.5850474	4519.8
3166	415.5	413.5	415.5	898,643,5,14	187.2	39.4852026	73.5851716	4513.9
3167	174.2	174.2	174.2	517,296,12,9	187.1	39.4844161	73.5850469	4519.8
3168	200.3	200.3	200.3	1227,72,9,9	187.1	39.4844136	73.5850495	4519.9
3169	169.2	169.2	169.2	61,883,4,19	187.0	39.4844162	73.5850466	4519.8
3170	175.2	175.2	175.2	205,997,9,18	186.8	39.4844161	73.5850469	4519.8
3171	426.6	426.6	426.6	1718,139,11,9	186.7	39.4852005	73.5851717	4513.9
3172	480.6	480.6	480.6	247,277,6,14	186.5	39.4851984	73.5851688	4513.8
3173	503.7	503.7	503.7	1394,929,7,13	186.5	39.4851956	73.5851679	4513.8
3174	378.5	378.5	378.5	241,379,8,6	186.4	39.4849518	73.5853155	4512.6
3175	147.2	147.2	147.2	1857,457,8,8	186.3	39.4844206	73.5850489	4519.8
3176	163.2	163.2	163.2	431,589,10,12	186.3	39.4844169	73.5850473	4519.8
3177	180.2	180.2	180.2	631,999,6,10	186.2	39.4844152	73.5850482	4519.8
3178	485.6	485.6	485.6	565,43,7,10	186.2	39.4851984	73.5851684	4513.8
3179	293.4	293.4	293.4	1445,276,8,8	186.1	39.4844615	73.5852432	4526.8
3180	389.5	389.5	389.5	675,731,14,4	186.0	39.4852024	73.5851687	4513.7
3181	434.6	434.6	434.6	1189,965,8,10	186.0	39.4852003	73.5851726	4513.9
3182	85.1	85.1	85.1	37,125,13,9	185.9	39.4844251	73.5850467	4519.9
3183	465.6	465.6	465.6	1867,729,10,16	185.9	39.4851998	73.5851702	4513.8
3184	246.3	246.3	246.3	1485,791,9,10	185.8	39.4844067	73.5850506	4519.9
3185	466.6	463.6	469.6	580,996,11,7	185.8	39.4851994	73.5851703	4513.8
3186	210.3	210.3	212.3	1499,339,4,12	185.5	39.4844127	73.5850513	4519.9
3187	457.6	457.6	457.6	1433,629,13,6	185.5	39.4852021	73.5851682	4513.8
3188	501.7	501.7	504.7	1379,849,6,8	185.5	39.4851958	73.5851678	4513.8
3189	69.1	69.1	69.1	1883,433,6,11	185.4	39.4844198	73.5850520	4519.9
3190	73.1	73.1	73.1	85,989,7,12	185.4	39.4844219	73.5850506	4519.9
3191	317.4	317.4	317.4	1447,449,10,8	185.4	39.4844617	73.5852418	4526.8
3192	199.3	199.3	199.3	615,1045,6,10	185.2	39.4844137	73.5850493	4519.9
3193	319.4	319.4	319.4	1742,553,11,8	185.2	39.4844619	73.5852422	4526.8
3194	419.6	417.6	419.6	561,849,8,8	185.2	39.4852014	73.5851715	4513.9
3195	291.4	291.4	291.4	601,689,12,12	185.1	39.4844610	73.5852429	4526.8
3196	380.5	380.5	382.5	819,491,14,6	185.1	39.4851189	73.5852181	4513.7
3197	34.0	34.0	34.0	1789,1057,8,8	185.0	39.4840525	73.5849419	4498.0
3198	105.1	105.1	105.1	1871,85,10,7	185.0	39.4844229	73.5850482	4519.9
3199	116.2	116.2	116.2	7,516,10,10	185.0	39.4844234	73.5850472	4519.8
3200	347.5	347.5	347.5	1553,337,8,8	184.9	39.4844631	73.5852439	4526.8
3201	505.7	505.7	505.7	1345,753,16,6	184.9	39.4851951	73.5851687	4513.8
3202	513.7	513.7	513.7	1011,673,14,6	184.8	39.4852759	73.5853853	4514.0
3203	206.3	206.3	207.3	492,33,6,14	184.7	39.4844135	73.5850504	4519.9
3204	209.3	209.3	209.3	81,113,8,8	184.7	39.4844126	73.5850509	4519.9
3205	227.3	227.3	227.3	569,305,10,12	184.7	39.4844077	73.5850511	4519.9
3206	335.4	335.4	335.4	961,1049,8,13	184.7	39.4844627	73.5852439	4526.8
3207	150.2	150.2	150.2	988,393,8,14	184.6	39.4844195	73.5850489	4519.8
3208	416.6	416.6	416.6	0,951,5,10	184.6	39.4852021	73.5851714	4513.8
3209	248.3	248.3	248.3	327,838,5,19	184.4	39.4844066	73.5850501	4519.9
3210	337.4	337.4	337.4	329,1065,10,8	184.4	39.4844625	73.5852438	4526.8
3211	14.0	13.0	14.0	1883,363,10,8	184.2	39.4840463	73.5849421	4498.0
3212	33.0	33.0	33.0	454,105,11,6	184.2	39.4840519	73.5849418	4498.0
3213	4.0	3.0	4.0	253,799,10,8	184.1	39.4840451	73.5849409	4498.0
3214	128.2	128.2	128.2	13,893,7,16	184.1	39.4844204	73.5850486	4519.8
3215	487.6	487.6	487.6	1377,51,20,5	184.1	39.4851985	73.5851678	4513.8
3216	71.1	71.1	71.1	299,329,6,14	184.0	39.4844207	73.5850516	4519.9
3217	470.6	470.6	470.6	1471,19,10,8	184.0	39.4851983	73.5851705	4513.8
3218	192.3	192.3	192.3	61,279,12,6	183.7	39.4844150	73.5850480	4519.9
3219	206.3	206.3	206.3	234,193,7,8	183.7	39.4844135	73.5850504	4519.9
3220	79.1	79.1	79.1	1884,883,16,4	183.5	39.4844245	73.5850479	4519.9
3221	364.5	364.5	364.5	1559,849,7,8	183.5	39.4844654	73.5852432	4526.8
3222	470.6	470.6	470.6	508,466,5,13	183.4	39.4851983	73.5851705	4513.8
3223	247.3	245.3	247.3	559,127,16,10	183.3	39.4844067	73.5850504	4519.9
3224	342.5	342.5	342.5	273,51,12,9	183.3	39.4844621	73.5852440	4526.8
3225	244.3	244.3	244.3	1833,777,4,18	183.2	39.4844067	73.5850510	4519.9
3226	334.4	334.4	334.4	533,1009,8,12	183.1	39.4844629	73.5852441	4526.8
3227	455.6	455.6	455.6	1219,1013,10,10	183.0	39.4852025	73.5851683	4513.8
3228	290.4	290.4	290.4	847,749,10,10	182.8	39.4844610	73.5852430	4526.8
3229	348.5	348.5	348.5	289,498,6,11	182.8	39.4844631	73.5852437	4526.8
3230	434.6	434.6	434.6	1041,801,12,12	182.8	39.4852003	73.5851726	4513.9
3231	78.1	77.1	78.1	746,425,15,8	182.7	39.4844245	73.5850483	4519.9
3232	15.0	15.0	15.0	1169,1059,14,4	182.6	39.4840467	73.5849422	4498.0
3233	436.6	432.6	436.6	1895,887,6,12	182.5	39.4852005	73.5851720	4513.9
3234	147.2	147.2	147.2	809,123,16,4	182.3	39.4844206	73.5850489	4519.8
3235	209.3	209.3	209.3	1281,641,10,6	182.3	39.4844126	73.5850509	4519.9
3236	412.5	411.5	412.5	380,987,5,13	182.3	39.4852029	73.5851710	4513.8
3237	464.6	460.6	464.6	519,967,6,10	182.2	39.4851999	73.5851700	4513.8
3238	231.3	231.3	231.3	61,181,12,10	182.1	39.4844079	73.5850507	4519.9
3239	119.2	119.2	126.2	405,723,2,24	182.0	39.4844232	73.5850475	4519.8
3240	29.0	27.0	30.0	141,710,10,13	181.8	39.4840502	73.5849414	4498.0
3241	298.4	298.4	298.4	401,719,8,18	181.8	39.4844620	73.5852445	4526.8
3242	52.1	51.1	54.1	1589,179,6,14	181.7	39.4844217	73.5850512	4497.9
3243	167.2	167.2	167.2	1465,753,8,13	181.7	39.4844159	73.5850465	4519.8
3244	336.4	336.4	336.4	513,164,11,13	181.7	39.4844626	73.5852438	4526.8
3245	67.1	67.1	67.1	1601,667,14,8	181.6	39.4844201	73.5850515	4519.5
3246	511.7	511.7	511.7	1769,1047,13,7	181.6	39.4852080	73.5852434	4513.9
3247	92.1	92.1	93.1	881,289,11,6	181.5	39.4844234	73.5850457	4519.9
3248	371.5	371.5	371.5	1905,1011,8,10	181.2	39.4845902	73.5853170	4521.1
3249	7.0	7.0	11.0	862,1051,11,7	181.1	39.4840452	73.5849410	4498.0
3250	418.6	418.6	418.6	243,32,6,9	181.1	39.4852018	73.5851716	4513.9
3251	289.4	289.4	289.4	1399,19,16,6	180.8	39.4844608	73.5852431	4526.8
3252	367.5	365.5	375.5	1047,731,10,14	180.8	39.4844687	73.5852446	4526.9
3253	382.5	382.5	382.5	1873,1001,10,8	180.8	39.4851977	73.5851740	4513.7
3254	438.6	436.6	438.6	801,589,7,8	180.8	39.4852006	73.5851713	4513.9
3255	86.1	86.1	86.1	1185,705,8,7	180.6	39.4844250	73.5850465	4519.9
3256	170.2	170.2	173.2	1133,356,4,17	180.6	39.4844163	73.5850466	4519.8
3257	293.4	293.4	293.4	1841,899,10,9	180.6	39.4844615	73.5852432	4526.8
3258	136.2	136.2	136.2	401,0,6,9	180.5	39.4844193	73.5850502	4519.8
3259	402.5	402.5	402.5	1730,871,9,8	180.5	39.4852027	73.5851702	4513.8
3260	110.1	109.1	110.1	513,9,8,7	180.4	39.4844236	73.5850480	4519.8
3261	306.4	306.4	306.4	1241,897,8,8	180.4	39.4844622	73.5852435	4526.8
3262	110.1	110.1	111.1	263,979,10,9	180.3	39.4844236	73.5850480	4519.8
3263	207.3	207.3	207.3	489,1051,6,13	180.3	39.4844130	73.5850505	4519.9
3264	97.1	97.1	97.1	1684,0,8,11	180.2	39.4844230	73.5850468	4519.8
3265	137.2	137.2	137.2	1731,1021,10,12	180.2	39.4844194	73.5850505	4519.8
3266	285.4	281.4	286.4	133,200,6,19	180.1	39.4844608	73.5852442	4526.8
3267	332.4	332.4	333.4	418,241,11,10	180.0	39.4844630	73.5852444	4526.8
3268	468.6	468.6	469.6	137,1073,8,7	180.0	39.4851989	73.5851704	4513.8
3269	200.3	200.3	200.3	1053,244,10,12	179.9	39.4844136	73.5850495	4519.9
3270	3.0	3.0	3.0	1826,185,17,6	179.8	39.4840445	73.5849408	4498.0
3271	426.6	426.6	426.6	516,157,12,12	179.7	39.4852005	73.5851717	4513.9
3272	3.0	3.0	3.0	831,1008,10,7	179.6	39.4840445	73.5849408	4498.0
3273	456.6	456.6	456.6	1887,846,8,11	179.5	39.4852023	73.5851682	4513.8
3274	221.3	221.3	221.3	1126,45,9,18	179.3	39.4844087	73.5850510	4519.9
3275	322.4	322.4	322.4	1565,1025,8,12	179.3	39.4844621	73.5852428	4526.8
3276	102.1	102.1	102.1	153,817,6,10	179.2	39.4844227	73.5850473	4519.8
3277	122.2	122.2	122.2	785,301,16,4	179.1	39.4844219	73.5850476	4519.8
3278	177.2	177.2	177.2	1518,309,10,16	179.0	39.4844155	73.5850472	4519.8
3279	309.4	309.4	309.4	83,145,4,16	179.0	39.4844621	73.5852432	4526.8
3280	204.3	204.3	204.3	1457,181,6,10	178.9	39.4844137	73.5850502	4519.9
3281	224.3	224.3	224.3	395,305,14,8	178.9	39.4844086	73.5850507	4519.9
3282	157.2	157.2	159.2	1161,537,8,8	178.8	39.4844179	73.5850484	4519.8
3283	194.3	194.3	194.3	1813,1051,12,6	178.7	39.4844143	73.5850479	4519.9
3284	444.6	444.6	444.6	341,713,8,8	178.7	39.4852017	73.5851691	4513.8
3285	337.4	337.4	338.4	72,266,9,7	178.6	39.4844625	73.5852438	4526.8
3286	103.1	103.1	103.1	357,1049,3,16	178.4	39.4844229	73.5850477	4519.8
3287	240.3	240.3	240.3	1911,1053,9,8	178.4	39.4844062	73.5850510	4519.9
3288	257.3	257.3	257.3	601,175,10,9	178.4	39.4844057	73.5850511	4519.9
3289	413.5	413.5	413.5	1073,1025,12,6	178.2	39.4852028	73.5851714	4513.8
3290	396.5	396.5	396.5	1825,945,16,8	178.1	39.4852018	73.5851691	4513.8
3291	396.5	396.5	396.5	475,817,17,4	177.9	39.4852018	73.5851691	4513.8
3292	345.5	345.5	345.5	241,835,8,16	177.8	39.4844623	73.5852442	4526.8
3293	203.3	203.3	203.3	467,377,12,4	177.7	39.4844136	73.5850500	4519.9
3294	269.4	269.4	269.4	1046,527,11,8	177.6	39.4844039	73.5850508	4519.9
3295	425.6	425.6	425.6	694,707,9,9	177.6	39.4852005	73.5851715	4513.9
3296	12.0	12.0	12.0	710,603,7,14	177.5	39.4840453	73.5849418	4498.0
3297	224.3	224.3	224.3	951,1057,6,8	177.5	39.4844086	73.5850507	4519.9
3298	247.3	247.3	247.3	142,837,15,8	177.5	39.4844067	73.5850504	4519.9
3299	425.6	425.6	425.6	167,0,6,9	177.5	39.4852005	73.5851715	4513.9
3300	386.5	386.5	386.5	1631,91,10,14	177.4	39.4852029	73.5851681	4513.7
3301	465.6	465.6	465.6	1745,197,12,14	177.4	39.4851998	73.5851702	4513.8
3302	342.5	342.5	342.5	669,968,11,9	177.3	39.4844621	73.5852440	4526.8
3303	379.5	379.5	379.5	1753,643,10,10	177.3	39.4850332	73.5852640	4513.0
3304	444.6	444.6	445.6	1411,619,14,4	177.3	39.4852017	73.5851691	4513.8
3305	315.4	315.4	315.4	795,17,11,12	177.1	39.4844623	73.5852418	4526.8
3306	154.2	154.2	154.2	995,923,10,6	177.0	39.4844188	73.5850484	4519.8
3307	45.1	45.1	45.1	1827,987,7,6	176.9	39.4843546	73.5850300	4497.9
3308	208.3	208.3	208.3	1683,251,10,6	176.9	39.4844129	73.5850507	4519.9
3309	474.6	474.6	474.6	1865,923,5,14	176.9	39.4851977	73.5851717	4513.8
3310	247.3	247.3	247.3	1422,295,8,10	176.8	39.4844067	73.5850504	4519.9
3311	446.6	446.6	446.6	1345,1057,18,8	176.7	39.4852017	73.5851687	4513.9
3312	71.1	71.1	71.1	1721,73,8,12	176.5	39.4844207	73.5850516	4519.9
3313	154.2	154.2	154.2	1191,974,13,7	176.5	39.4844188	73.5850484	4519.8
3314	444.6	444.6	444.6	423,783,10,8	176.3	39.4852017	73.5851691	4513.8
3315	449.6	449.6	449.6	563,629,14,8	176.3	39.4852021	73.5851684	4513.8
3316	238.3	238.3	238.3	33,1065,6,8	176.2	39.4844069	73.5850513	4519.9
3317	290.4	290.4	290.4	373,81,8,8	176.2	39.4844610	73.5852430	4526.8
3318	219.3	219.3	220.3	557,345,8,13	176.1	39.4844099	73.5850511	4519.9
3319	231.3	231.3	231.3	501,193,8,10	176.0	39.4844079	73.5850507	4519.9
3320	318.4	318.4	318.4	1145,657,8,8	175.8	39.4844618	73.5852420	4526.8
3321	33.0	33.0	38.1	1651,1019,10,6	175.7	39.4840519	73.5849418	4498.0
3322	194.3	194.3	194.3	163,521,6,17	175.7	39.4844143	73.5850479	4519.9
3323	397.5	397.5	397.5	805,33,14,11	175.7	39.4852021	73.5851693	4513.8
3324	329.4	328.4	329.4	545,553,16,24	175.6	39.4844626	73.5852433	4526.8
3325	343.5	343.5	343.5	99,769,10,16	175.6	39.4844621	73.5852441	4526.8
3326	247.3	247.3	247.3	1123,135,8,12	175.5	39.4844067	73.5850504	4519.9
3327	247.3	247.3	247.3	1238,964,19,5	175.5	39.4844067	73.5850504	4519.9
3328	480.6	480.6	480.6	1819,45,10,10	175.5	39.4851984	73.5851688	4513.8
3329	164.2	164.2	168.2	1804,559,5,12	175.4	39.4844163	73.5850471	4519.8
3330	217.3	217.3	217.3	261,985,12,4	175.4	39.4844103	73.5850508	4519.9
3331	241.3	241.3	241.3	179,1025,12,6	175.3	39.4844062	73.5850510	4519.9
3332	469.6	469.6	469.6	1697,535,8,10	175.3	39.4851986	73.5851704	4513.8
3333	434.6	434.6	435.6	59,33,6,8	175.2	39.4852003	73.5851726	4513.9
3334	15.0	15.0	15.0	1337,583,14,6	175.1	39.4840467	73.5849422	4498.0
3335	289.4	289.4	289.4	1431,281,10,6	175.1	39.4844608	73.5852431	4526.8
3336	160.2	160.2	160.2	881,999,8,6	175.0	39.4844178	73.5850476	4519.8
3337	434.6	434.6	434.6	1025,177,8,8	175.0	39.4852003	73.5851726	4513.9
3338	503.7	503.7	503.7	497,281,6,8	175.0	39.4851956	73.5851679	4513.8
3339	437.6	437.6	437.6	611,979,14,4	174.9	39.4852006	73.5851717	4513.9
3340	109.1	109.1	109.1	449,606,17,5	174.8	39.4844236	73.5850485	4519.8
3341	117.2	117.2	117.2	1724,0,13,5	174.8	39.4844232	73.5850473	4519.8
3342	174.2	174.2	174.2	293,873,8,16	174.8	39.4844161	73.5850469	4519.8
3343	304.4	304.4	304.4	673,745,7,19	174.8	39.4844621	73.5852438	4526.8
3344	483.6	483.6	483.6	402,55,11,5	174.7	39.4851984	73.5851687	4513.8
3345	212.3	212.3	212.3	113,673,16,8	174.6	39.4844125	73.5850514	4519.9
3346	160.2	160.2	160.2	375,1003,9,12	174.5	39.4844178	73.5850476	4519.8
3347	400.5	400.5	400.5	41,193,8,8	174.5	39.4852025	73.5851697	4513.8
3348	456.6	456.6	456.6	1593,801,8,8	174.5	39.4852023	73.5851682	4513.8
3349	33.0	33.0	34.0	1193,903,8,8	174.4	39.4840519	73.5849418	4498.0
3350	5.0	5.0	5.0	861,743,8,10	174.3	39.4840453	73.5849410	4498.0
3351	39.1	39.1	39.1	1869,513,8,8	174.3	39.4841380	73.5849640	4498.0
3352	382.5	380.5	382.5	473,915,8,10	174.3	39.4851977	73.5851740	4513.7
3353	501.7	501.7	501.7	1409,373,14,8	174.3	39.4851958	73.5851678	4513.8
3354	96.1	96.1	96.1	1611,107,8,8	174.2	39.4844231	73.5850467	4519.8
3355	176.2	176.2	176.2	323,1073,6,7	174.2	39.4844157	73.5850470	4519.8
3356	415.5	415.5	415.5	1190,563,9,8	174.2	39.4852026	73.5851716	4513.9
3357	176.2	176.2	176.2	947,1029,19,4	174.0	39.4844157	73.5850470	4519.8
3358	421.6	421.6	421.6	81,155,8,8	174.0	39.4852011	73.5851714	4513.9
3359	205.3	205.3	205.3	1761,467,8,9	173.9	39.4844136	73.5850504	4519.9
3360	103.1	103.1	103.1	1400,14,9,11	173.8	39.4844229	73.5850477	4519.8
3361	293.4	293.4	293.4	1193,158,16,10	173.8	39.4844615	73.5852432	4526.8
3362	11.0	11.0	11.0	1777,97,8,10	173.7	39.4840448	73.5849415	4498.0
3363	289.4	289.4	289.4	113,0,6,11	173.7	39.4844608	73.5852431	4526.8
3364	43.1	43.1	43.1	1467,781,12,8	173.6	39.4843002	73.5850128	4497.9
3365	428.6	428.6	428.6	0,689,5,12	173.6	39.4852003	73.5851721	4513.8
3366	44.1	43.1	44.1	7,279,6,10	173.5	39.4843298	73.5850221	4497.9
3367	218.3	218.3	218.3	25,714,12,13	173.5	39.4844101	73.5850508	4519.9
3368	415.5	410.5	415.5	1815,179,14,8	173.5	39.4852026	73.5851716	4513.9
3369	479.6	479.6	479.6	73,505,10,8	173.4	39.4851982	73.5851691	4513.8
3370	18.0	17.0	18.0	1129,0,8,9	173.3	39.4840471	73.5849417	4498.0
3371	436.6	435.6	436.6	993,189,8,8	173.3	39.4852005	73.5851720	4513.9
3372	287.4	287.4	287.4	0,521,9,8	173.2	39.4844609	73.5852439	4526.8
3373	400.5	400.5	400.5	125,481,12,12	173.2	39.4852025	73.5851697	4513.8
3374	496.7	496.7	496.7	1371,97,8,10	173.1	39.4851968	73.5851677	4513.8
3375	73.1	73.1	73.1	41,753,4,12	173.0	39.4844219	73.5850506	4519.9
3376	459.6	459.6	459.6	622,83,12,7	172.9	39.4852012	73.5851687	4513.8
3377	206.3	206.3	206.3	148,507,7,15	172.8	39.4844135	73.5850504	4519.9
3378	192.3	188.2	193.3	1107,945,8,16	172.7	39.4844150	73.5850480	4519.9
3379	193.3	192.3	193.3	121,917,8,8	172.7	39.4844144	73.5850480	4519.9
3380	246.3	246.3	246.3	1829,141,12,11	172.7	39.4844067	73.5850506	4519.9
3381	255.3	255.3	255.3	1305,333,10,8	172.7	39.4844058	73.5850508	4519.9
3382	313.4	313.4	314.4	97,897,8,8	172.7	39.4844622	73.5852423	4526.8
3383	311.4	311.4	311.4	1001,241,8,8	172.6	39.4844620	73.5852427	4526.8
3384	318.4	315.4	318.4	39,976,8,11	172.6	39.4844618	73.5852420	4526.8
3385	368.5	368.5	371.5	1377,745,8,8	172.6	39.4844859	73.5852531	4526.8
3386	153.2	153.2	153.2	877,462,4,19	172.4	39.4844189	73.5850484	4519.8
3387	251.3	251.3	251.3	1816,289,8,13	172.4	39.4844064	73.5850501	4519.9
3388	503.7	503.7	503.7	681,339,8,6	172.4	39.4851956	73.5851679	4513.8
3389	179.2	179.2	179.2	450,1026,13,7	172.2	39.4844150	73.5850477	4519.8
3390	337.4	337.4	337.4	763,337,6,9	172.2	39.4844625	73.5852438	4526.8
3391	412.5	411.5	412.5	679,377,10,8	172.2	39.4852029	73.5851710	4513.8
3392	108.1	107.1	108.1	1113,753,8,8	172.1	39.4844231	73.5850485	4519.8
3393	163.2	163.2	163.2	11,17,3,16	172.1	39.4844169	73.5850473	4519.8
3394	167.2	167.2	167.2	69,881,8,12	172.0	39.4844159	73.5850465	4519.8
3395	182.2	182.2	188.2	376,981,5,12	172.0	39.4844152	73.5850486	4519.8
3396	452.6	452.6	452.6	1411,499,4,12	172.0	39.4852023	73.5851679	4513.8
3397	248.3	248.3	248.3	641,1051,6,10	171.7	39.4844066	73.5850501	4519.9
3398	392.5	392.5	392.5	267,65,14,4	171.7	39.4852018	73.5851688	4513.8
3399	264.3	262.3	264.3	219,705,6,12	171.5	39.4844045	73.5850504	4519.9
3400	269.4	269.4	269.4	1337,443,8,9	171.4	39.4844039	73.5850508	4519.9
3401	281.4	281.4	282.4	1861,879,12,8	171.4	39.4844141	73.5851717	4526.8
3402	67.1	67.1	67.1	1913,682,7,12	171.3	39.4844201	73.5850515	4519.5
3403	92.1	92.1	92.1	375,779,4,17	171.3	39.4844234	73.5850457	4519.9
3404	95.1	95.1	95.1	1361,327,16,4	171.3	39.4844231	73.5850465	4519.8
3405	210.3	210.3	210.3	557,183,8,6	171.3	39.4844127	73.5850513	4519.9
3406	500.7	500.7	500.7	1509,401,6,8	171.3	39.4851960	73.5851676	4513.9
3407	478.6	478.6	478.6	1877,75,8,6	171.1	39.4851977	73.5851693	4513.8
3408	102.1	102.1	102.1	833,113,13,5	171.0	39.4844227	73.5850473	4519.8
3409	214.3	214.3	219.3	105,821,8,11	170.9	39.4844116	73.5850512	4519.9
3410	405.5	405.5	405.5	0,769,3,16	170.8	39.4852030	73.5851698	4513.8
3411	508.7	508.7	508.7	1622,941,10,7	170.8	39.4851949	73.5851691	4513.9
3412	169.2	169.2	169.2	113,428,4,20	170.7	39.4844162	73.5850466	4519.8
3413	311.4	311.4	313.4	1557,250,5,15	170.7	39.4844620	73.5852427	4526.8
3414	479.6	479.6	479.6	1905,641,15,12	170.7	39.4851982	73.5851691	4513.8
3415	74.1	74.1	74.1	361,787,4,14	170.6	39.4844225	73.5850502	4519.9
3416	224.3	224.3	224.3	0,1073,7,7	170.6	39.4844086	73.5850507	4519.9
3417	334.4	330.4	334.4	830,1077,15,3	170.6	39.4844629	73.5852441	4526.8
3418	96.1	96.1	96.1	1881,652,8,7	170.5	39.4844231	73.5850467	4519.8
3419	429.6	429.6	429.6	11,976,9,13	170.5	39.4852000	73.5851722	4513.9
3420	245.3	245.3	245.3	1329,685,8,8	170.4	39.4844067	73.5850508	4519.9
3421	67.1	67.1	70.1	1729,227,8,6	170.3	39.4844201	73.5850515	4519.5
3422	209.3	209.3	209.3	1628,92,5,20	170.3	39.4844126	73.5850509	4519.9
3423	345.5	345.5	345.5	1835,401,12,6	170.3	39.4844623	73.5852442	4526.8
3424	419.6	419.6	419.6	66,47,7,16	170.3	39.4852014	73.5851715	4513.9
3425	467.6	467.6	468.6	355,933,12,10	170.3	39.4851991	73.5851705	4513.8
3426	289.4	289.4	289.4	1913,297,7,8	170.2	39.4844608	73.5852431	4526.8
3427	334.4	334.4	334.4	1661,83,12,6	170.1	39.4844629	73.5852441	4526.8
3428	53.1	49.1	57.1	567,557,10,14	170.0	39.4844211	73.5850511	4497.9
3429	217.3	217.3	217.3	0,1055,7,10	170.0	39.4844103	73.5850508	4519.9
3430	208.3	208.3	208.3	213,339,10,7	169.9	39.4844129	73.5850507	4519.9
3431	227.3	227.3	227.3	1917,362,3,22	169.9	39.4844077	73.5850511	4519.9
3432	400.5	400.5	403.5	1485,896,10,9	169.9	39.4852025	73.5851697	4513.8
3433	444.6	444.6	444.6	411,979,6,12	169.9	39.4852017	73.5851691	4513.8
3434	440.6	440.6	440.6	1012,1054,23,3	169.8	39.4852011	73.5851705	4513.9
3435	116.2	116.2	116.2	26,841,7,15	169.7	39.4844234	73.5850472	4519.8
3436	338.4	338.4	338.4	663,993,17,7	169.7	39.4844625	73.5852438	4526.8
3437	17.0	17.0	18.0	1020,373,5,12	169.6	39.4840469	73.5849419	4498.0
3438	246.3	246.3	246.3	0,13,17,4	169.6	39.4844067	73.5850506	4519.9
3439	334.4	334.4	334.4	845,335,30,6	169.6	39.4844629	73.5852441	4526.8
3440	468.6	463.6	468.6	853,561,12,12	169.6	39.4851989	73.5851704	4513.8
3441	89.1	89.1	89.1	1335,527,7,12	169.5	39.4844246	73.5850460	4519.8
3442	129.2	129.2	129.2	1745,7,11,8	169.5	39.4844201	73.5850487	4519.8
3443	197.3	197.3	197.3	337,334,10,9	169.4	39.4844140	73.5850487	4519.8
3444	207.3	207.3	207.3	151,753,8,10	169.3	39.4844130	73.5850505	4519.9
3445	313.4	313.4	313.4	242,1001,12,11	169.3	39.4844622	73.5852423	4526.8
3446	312.4	312.4	312.4	801,977,10,16	169.2	39.4844621	73.5852425	4526.8
3447	348.5	348.5	348.5	105,7,8,6	169.2	39.4844631	73.5852437	4526.8
3448	175.2	175.2	175.2	1913,637,7,6	169.1	39.4844161	73.5850469	4519.8
3449	421.6	421.6	421.6	329,787,8,8	169.1	39.4852011	73.5851714	4513.9
3450	123.2	123.2	123.2	835,465,9,6	168.8	39.4844215	73.5850478	4519.8
3451	498.7	498.7	498.7	1329,9,10,8	168.8	39.4851966	73.5851676	4513.8
3452	14.0	14.0	14.0	641,199,8,12	168.6	39.4840463	73.5849421	4498.0
3453	133.2	133.2	133.2	785,921,8,8	168.6	39.4844194	73.5850495	4519.8
3454	244.3	240.3	244.3	1249,17,6,8	168.5	39.4844067	73.5850510	4519.9
3455	38.1	38.1	40.1	1725,457,8,6	168.4	39.4841013	73.5849538	4498.0
3456	488.6	488.6	488.6	337,661,10,16	168.4	39.4851985	73.5851674	4513.8
3457	320.4	320.4	320.4	799,513,8,8	168.3	39.4844619	73.5852424	4526.8
3458	497.7	497.7	497.7	65,703,3,18	168.2	39.4851969	73.5851677	4513.8
3459	109.1	109.1	109.1	1290,897,6,8	168.1	39.4844236	73.5850485	4519.8
3460	512.7	512.7	512.7	1297,465,8,10	168.1	39.4852321	73.5853126	4513.9
3461	513.7	513.7	513.7	311,81,6,10	168.1	39.4852759	73.5853853	4514.0
3462	202.3	202.3	202.3	103,893,6,8	168.0	39.4844138	73.5850498	4519.9
3463	109.1	109.1	109.1	247,1035,2,24	167.9	39.4844236	73.5850485	4519.8
3464	187.2	183.2	187.2	1653,757,10,8	167.9	39.4844148	73.5850486	4519.8
3465	162.2	162.2	162.2	877,67,7,10	167.8	39.4844177	73.5850474	4519.8
3466	342.5	342.5	342.5	93,21,6,12	167.8	39.4844621	73.5852440	4526.8
3467	468.6	468.6	468.6	148,613,13,4	167.7	39.4851989	73.5851704	4513.8
3468	80.1	80.1	80.1	841,231,8,10	167.4	39.4844242	73.5850474	4519.8
3469	264.3	264.3	264.3	0,486,5,14	167.2	39.4844045	73.5850504	4519.9
3470	467.6	467.6	467.6	81,153,15,4	167.2	39.4851991	73.5851705	4513.8
3471	144.2	144.2	144.2	1327,1038,9,7	167.1	39.4844205	73.5850493	4519.8
3472	422.6	422.6	422.6	1715,587,10,6	167.0	39.4852010	73.5851713	4513.9
3473	369.5	367.5	369.5	73,897,8,7	166.8	39.4845137	73.5852682	4525.6
3474	320.4	320.4	320.4	67,414,12,9	166.7	39.4844619	73.5852424	4526.8
3475	194.3	194.3	194.3	69,1009,12,8	166.5	39.4844143	73.5850479	4519.9
3476	375.5	375.5	375.5	331,167,6,10	166.5	39.4847683	73.5854330	4512.9
3477	144.2	144.2	144.2	693,7,20,14	166.2	39.4844205	73.5850493	4519.8
3478	477.6	477.6	477.6	203,1068,12,7	166.2	39.4851976	73.5851700	4513.8
3479	401.5	401.5	405.5	25,321,8,8	166.1	39.4852025	73.5851701	4513.8
3480	61.1	61.1	61.1	1097,193,8,8	165.9	39.4844210	73.5850507	4509.9
3481	153.2	153.2	153.2	425,481,8,6	165.9	39.4844189	73.5850484	4519.8
3482	18.0	16.0	24.0	1373,977,7,8	165.8	39.4840471	73.5849417	4498.0
3483	118.2	118.2	118.2	1891,239,17,6	165.8	39.4844232	73.5850474	4519.8
3484	0.0	0.0	0.0	1441,655,8,14	165.7	39.4840419	73.5849410	4497.9
3485	214.3	214.3	214.3	1078,497,9,6	165.7	39.4844116	73.5850512	4519.9
3486	384.5	384.5	384.5	1381,270,4,15	165.7	39.4852029	73.5851679	4513.7
3487	67.1	65.1	68.1	423,1047,4,12	165.5	39.4844201	73.5850515	4519.5
3488	118.2	118.2	118.2	1557,921,14,8	165.5	39.4844232	73.5850474	4519.8
3489	310.4	310.4	310.4	1299,261,8,12	165.4	39.4844620	73.5852430	4526.8
3490	419.6	419.6	419.6	843,1063,6,10	165.4	39.4852014	73.5851715	4513.9
3491	479.6	479.6	479.6	465,135,17,4	165.4	39.4851982	73.5851691	4513.8
3492	178.2	178.2	178.2	173,757,10,8	165.3	39.4844153	73.5850474	4519.8
3493	215.3	215.3	215.3	894,1055,11,8	165.3	39.4844109	73.5850510	4519.9
3494	418.6	413.5	420.6	1018,266,9,6	165.3	39.4852018	73.5851716	4513.9
3495	499.7	499.7	499.7	1793,261,12,9	165.3	39.4851964	73.5851677	4513.8
3496	34.0	34.0	34.0	1801,921,8,7	165.2	39.4840525	73.5849419	4498.0
3497	316.4	316.4	316.4	421,49,8,12	165.2	39.4844617	73.5852416	4526.8
3498	34.0	34.0	34.0	1587,883,12,4	165.1	39.4840525	73.5849419	4498.0
3499	132.2	132.2	132.2	1889,1013,10,12	165.1	39.4844193	73.5850492	4519.8
3500	156.2	156.2	158.2	1883,15,13,6	164.9	39.4844185	73.5850486	4519.8
3501	201.3	201.3	201.3	1777,825,8,8	164.7	39.4844138	73.5850496	4519.9
3502	388.5	388.5	388.5	1523,115,4,12	164.7	39.4852025	73.5851685	4513.7
3503	392.5	392.5	392.5	105,153,8,6	164.7	39.4852018	73.5851688	4513.8
3504	394.5	394.5	394.5	838,4,6,11	164.7	39.4852016	73.5851692	4513.7
3505	15.0	14.0	19.0	1011,209,10,8	164.6	39.4840467	73.5849422	4498.0
3506	263.3	263.3	263.3	369,561,8,8	164.6	39.4844046	73.5850504	4519.9
3507	210.3	210.3	210.3	289,1053,8,8	164.3	39.4844127	73.5850513	4519.9
3508	404.5	404.5	406.5	886,666,11,15	164.3	39.4852028	73.5851699	4513.8
3509	497.7	497.7	497.7	1025,95,10,6	164.3	39.4851969	73.5851677	4513.8
3510	68.1	68.1	68.1	311,315,15,5	164.1	39.4844201	73.5850517	4519.9
3511	20.0	18.0	20.0	501,0,11,9	164.0	39.4840467	73.5849411	4498.0
3512	166.2	166.2	166.2	957,585,4,14	163.9	39.4844157	73.5850466	4519.8
3513	226.3	226.3	226.3	425,1066,9,8	163.9	39.4844080	73.5850510	4519.9
3514	513.7	513.7	513.7	549,465,6,8	163.9	39.4852759	73.5853853	4514.0
3515	28.0	28.0	28.0	1491,503,11,10	163.8	39.4840498	73.5849411	4497.9
3516	174.2	174.2	174.2	1685,178,4,15	163.8	39.4844161	73.5850469	4519.8
3517	182.2	182.2	187.2	121,879,10,10	163.8	39.4844152	73.5850486	4519.8
3518	460.6	460.6	460.6	949,705,12,6	163.7	39.4852012	73.5851690	4513.8
3519	176.2	175.2	176.2	1215,777,8,12	163.5	39.4844157	73.5850470	4519.8
3520	449.6	448.6	449.6	1370,589,7,12	163.5	39.4852021	73.5851684	4513.8
3521	486.6	486.6	486.6	689,179,6,8	163.5	39.4851985	73.5851681	4513.8
3522	10.0	0.0	10.0	1805,209,8,8	163.4	39.4840447	73.5849413	4498.0
3523	422.6	422.6	422.6	1913,689,7,6	163.3	39.4852010	73.5851713	4513.9
3524	338.4	338.4	338.4	593,475,6,14	163.2	39.4844625	73.5852438	4526.8
3525	482.6	482.6	482.6	3,46,14,11	163.2	39.4851984	73.5851686	4513.8
3526	157.2	157.2	157.2	1697,291,7,10	163.1	39.4844179	73.5850484	4519.8
3527	487.6	487.6	487.6	359,527,6,10	163.1	39.4851985	73.5851678	4513.8
3528	202.3	202.3	202.3	30,1061,7,8	162.9	39.4844138	73.5850498	4519.9
3529	377.5	377.5	377.5	809,453,9,12	162.9	39.4848814	73.5853670	4512.5
3530	395.5	393.5	395.5	707,105,9,9	162.9	39.4852017	73.5851692	4513.7
3531	452.6	452.6	452.6	505,755,8,6	162.9	39.4852023	73.5851679	4513.8
3532	335.4	335.4	335.4	425,526,8,11	162.8	39.4844627	73.5852439	4526.8
3533	433.6	433.6	433.6	1826,558,8,8	162.7	39.4852001	73.5851727	4513.8
3534	504.7	504.7	504.7	641,1009,8,12	162.6	39.4851953	73.5851681	4513.8
3535	60.1	60.1	60.1	920,756,8,11	162.5	39.4844211	73.5850506	4508.1
3536	220.3	220.3	220.3	211,219,6,11	162.5	39.4844093	73.5850510	4519.9
3537	47.1	47.1	61.1	1139,6,3,21	162.4	39.4843946	73.5850426	4498.0
3538	236.3	236.3	236.3	1889,531,7,10	162.3	39.4844072	73.5850518	4519.9
3539	211.3	211.3	211.3	89,497,6,14	162.2	39.4844126	73.5850514	4519.9
3540	386.5	386.5	386.5	1685,129,6,8	162.2	39.4852029	73.5851681	4513.7
3541	484.6	484.6	485.6	277,49,12,8	162.2	39.4851984	73.5851685	4513.8
3542	75.1	75.1	75.1	131,467,6,14	162.0	39.4844230	73.5850499	4519.9
3543	162.2	162.2	162.2	1393,845,8,10	162.0	39.4844177	73.5850474	4519.8
3544	160.2	160.2	160.2	1913,843,7,6	161.9	39.4844178	73.5850476	4519.8
3545	385.5	385.5	385.5	1025,392,6,9	161.9	39.4852030	73.5851677	4513.7
3546	498.7	498.7	498.7	341,357,8,8	161.9	39.4851966	73.5851676	4513.8
3547	261.3	261.3	261.3	456,811,7,13	161.8	39.4844052	73.5850510	4519.9
3548	307.4	307.4	307.4	249,516,6,13	161.8	39.4844622	73.5852434	4526.8
3549	402.5	402.5	402.5	1881,225,9,8	161.7	39.4852027	73.5851702	4513.8
3550	484.6	484.6	485.6	507,23,10,5	161.7	39.4851984	73.5851685	4513.8
3551	429.6	429.6	429.6	1121,821,8,12	161.6	39.4852000	73.5851722	4513.9
3552	446.6	446.6	446.6	1746,1065,7,11	161.6	39.4852017	73.5851687	4513.9
3553	209.3	209.3	209.3	971,793,20,8	161.5	39.4844126	73.5850509	4519.9
3554	23.0	19.0	23.0	1875,748,10,9	161.4	39.4840480	73.5849405	4498.0
3555	398.5	398.5	398.5	1025,11,16,6	161.4	39.4852022	73.5851695	4513.8
3556	404.5	404.5	406.5	571,585,6,9	161.4	39.4852028	73.5851699	4513.8
3557	365.5	365.5	371.5	1829,1073,6,7	161.3	39.4844657	73.5852434	4526.9
3558	128.2	128.2	128.2	536,899,5,12	161.2	39.4844204	73.5850486	4519.8
3559	214.3	214.3	214.3	368,161,8,8	161.2	39.4844116	73.5850512	4519.9
3560	403.5	403.5	411.5	520,699,11,5	161.2	39.4852027	73.5851700	4513.8
3561	415.5	415.5	415.5	924,521,12,6	161.2	39.4852026	73.5851716	4513.9
3562	325.4	325.4	325.4	719,489,7,8	161.1	39.4844622	73.5852432	4526.8
3563	426.6	426.6	426.6	295,769,6,8	161.1	39.4852005	73.5851717	4513.9
3564	152.2	151.2	152.2	635,153,9,8	161.0	39.4844188	73.5850485	4519.8
3565	187.2	187.2	187.2	1817,427,8,6	161.0	39.4844148	73.5850486	4519.8
3566	133.2	133.2	133.2	1449,1025,11,8	160.9	39.4844194	73.5850495	4519.8
3567	135.2	135.2	135.2	1399,957,10,10	160.9	39.4844193	73.5850499	4519.8
3568	288.4	288.4	290.4	1163,337,6,8	160.9	39.4844608	73.5852434	4526.8
3569	315.4	313.4	315.4	499,293,4,12	160.9	39.4844623	73.5852418	4526.8
3570	15.0	11.0	16.0	1229,915,16,4	160.8	39.4840467	73.5849422	4498.0
3571	24.0	24.0	28.0	1593,1041,8,6	160.8	39.4840484	73.5849406	4498.0
3572	153.2	153.2	153.2	1247,84,10,7	160.8	39.4844189	73.5850484	4519.8
3573	178.2	178.2	178.2	889,135,10,6	160.8	39.4844153	73.5850474	4519.8
3574	200.3	200.3	200.3	33,453,8,8	160.8	39.4844136	73.5850495	4519.9
3575	214.3	214.3	214.3	964,1029,7,12	160.6	39.4844116	73.5850512	4519.9
3576	369.5	366.5	371.5	987,612,6,11	160.6	39.4845137	73.5852682	4525.6
3577	436.6	436.6	436.6	637,321,9,8	160.6	39.4852005	73.5851720	4513.9
3578	118.2	118.2	118.2	489,33,5,16	160.5	39.4844232	73.5850474	4519.8
3579	131.2	131.2	132.2	1865,449,7,11	160.4	39.4844197	73.5850489	4519.8
3580	447.6	447.6	448.6	787,649,8,12	160.4	39.4852019	73.5851688	4513.9
3581	83.1	83.1	84.1	769,109,8,12	160.3	39.4844254	73.5850469	4519.9
3582	203.3	203.3	203.3	1777,985,7,8	160.3	39.4844136	73.5850500	4519.9
3583	11.0	5.0	11.0	1898,181,7,8	160.2	39.4840448	73.5849415	4498.0
3584	339.4	339.4	340.5	297,15,7,12	160.1	39.4844625	73.5852436	4526.8
3585	16.0	16.0	25.0	68,363,11,6	160.0	39.4840470	73.5849422	4498.0
3586	67.1	67.1	67.1	1107,589,10,9	160.0	39.4844201	73.5850515	4519.5
3587	425.6	425.6	425.6	1649,0,6,7	160.0	39.4852005	73.5851715	4513.9
3588	289.4	287.4	289.4	1167,591,8,10	159.9	39.4844608	73.5852431	4526.8
3589	392.5	392.5	392.5	1241,57,10,9	159.9	39.4852018	73.5851688	4513.8
3590	335.4	335.4	335.4	437,927,12,9	159.8	39.4844627	73.5852439	4526.8
3591	424.6	423.6	424.6	91,139,12,6	159.8	39.4852009	73.5851714	4513.8
3592	433.6	433.6	433.6	1826,749,9,8	159.8	39.4852001	73.5851727	4513.8
3593	464.6	464.6	464.6	1873,933,10,8	159.7	39.4851999	73.5851700	4513.8
3594	500.7	500.7	500.7	161,889,8,6	159.6	39.4851960	73.5851676	4513.9
3595	244.3	244.3	244.3	387,559,6,20	159.5	39.4844067	73.5850510	4519.9
3596	324.4	324.4	324.4	401,866,4,18	159.5	39.4844622	73.5852433	4526.8
3597	172.2	172.2	173.2	83,855,14,12	159.4	39.4844165	73.5850469	4519.8
3598	316.4	314.4	316.4	285,457,4,16	159.3	39.4844617	73.5852416	4526.8
3599	34.0	34.0	34.0	1105,1053,12,4	159.2	39.4840525	73.5849419	4498.0
3600	45.1	45.1	45.1	1084,0,3,21	159.2	39.4843546	73.5850300	4497.9
3601	48.1	48.1	48.1	465,871,10,6	159.2	39.4844108	73.5850477	4498.0
3602	15.0	15.0	15.0	1879,761,6,8	159.0	39.4840467	73.5849422	4498.0
3603	245.3	245.3	245.3	331,545,8,8	159.0	39.4844067	73.5850508	4519.9
3604	11.0	11.0	11.0	146,1065,15,6	158.9	39.4840448	73.5849415	4498.0
3605	200.3	200.3	202.3	1305,953,6,8	158.9	39.4844136	73.5850495	4519.9
3606	379.5	379.5	379.5	651,1005,14,6	158.9	39.4850332	73.5852640	4513.0
3607	315.4	312.4	315.4	1733,817,8,7	158.8	39.4844623	73.5852418	4526.8
3608	249.3	249.3	249.3	81,197,18,8	158.7	39.4844066	73.5850499	4519.9
3609	252.3	252.3	252.3	1703,84,4,17	158.7	39.4844063	73.5850503	4519.9
3610	10.0	10.0	10.0	1041,873,7,8	158.6	39.4840447	73.5849413	4498.0
3611	171.2	171.2	171.2	1009,793,8,12	158.5	39.4844163	73.5850468	4519.8
3612	367.5	366.5	369.5	1081,33,8,6	158.4	39.4844687	73.5852446	4526.9
3613	504.7	504.7	504.7	985,731,16,4	158.4	39.4851953	73.5851681	4513.8
3614	271.4	271.4	272.4	1281,581,6,11	158.3	39.4844040	73.5850509	4519.9
3615	388.5	388.5	391.5	398,745,7,8	158.3	39.4852025	73.5851685	4513.7
3616	250.3	250.3	250.3	430,1001,7,8	158.2	39.4844065	73.5850499	4519.9
3617	501.7	501.7	501.7	629,743,6,13	158.2	39.4851958	73.5851678	4513.8
3618	180.2	180.2	180.2	849,929,8,8	158.1	39.4844152	73.5850482	4519.8
3619	87.1	86.1	87.1	280,955,13,6	158.0	39.4844248	73.5850462	4519.8
3620	89.1	88.1	89.1	1297,227,10,9	158.0	39.4844246	73.5850460	4519.8
3621	502.7	502.7	502.7	785,569,6,8	158.0	39.4851957	73.5851678	4513.8
3622	93.1	92.1	93.1	1911,734,9,11	157.8	39.4844232	73.5850459	4519.9
3623	197.3	197.3	197.3	1739,191,13,11	157.7	39.4844140	73.5850487	4519.8
3624	77.1	77.1	77.1	0,159,9,8	157.6	39.4844242	73.5850487	4519.9
3625	201.3	201.3	201.3	25,859,8,6	157.4	39.4844138	73.5850496	4519.9
3626	370.5	370.5	371.5	890,774,7,11	157.4	39.4845497	73.5852895	4523.3
3627	180.2	180.2	180.2	761,839,8,6	157.3	39.4844152	73.5850482	4519.8
3628	243.3	243.3	243.3	115,574,6,11	157.3	39.4844066	73.5850512	4519.9
3629	245.3	245.3	245.3	852,741,13,5	157.3	39.4844067	73.5850508	4519.9
3630	469.6	469.6	469.6	951,753,10,8	157.3	39.4851986	73.5851704	4513.8
3631	80.1	80.1	80.1	1165,1066,12,7	157.2	39.4844242	73.5850474	4519.8
3632	480.6	480.6	480.6	481,481,8,16	157.2	39.4851984	73.5851688	4513.8
3633	375.5	374.5	375.5	1445,1073,8,7	157.1	39.4847683	73.5854330	4512.9
3634	445.6	445.6	445.6	1809,513,8,10	157.1	39.4852017	73.5851688	4513.8
3635	119.2	119.2	119.2	239,857,6,16	157.0	39.4844232	73.5850475	4519.8
3636	386.5	386.5	386.5	401,257,12,8	157.0	39.4852029	73.5851681	4513.7
3637	484.6	484.6	484.6	1004,226,9,14	157.0	39.4851984	73.5851685	4513.8
3638	84.1	84.1	84.1	1724,298,15,7	156.8	39.4844254	73.5850468	4519.9
3639	15.0	13.0	15.0	1291,938,14,10	156.6	39.4840467	73.5849422	4498.0
3640	64.1	64.1	65.1	1729,311,6,10	156.6	39.4844205	73.5850514	4514.7
3641	168.2	168.2	168.2	589,1051,12,12	156.6	39.4844161	73.5850466	4519.8
3642	10.0	10.0	13.0	841,1075,8,5	156.5	39.4840447	73.5849413	4498.0
3643	20.0	20.0	27.0	577,285,6,14	156.4	39.4840467	73.5849411	4498.0
3644	67.1	67.1	67.1	1739,1029,4,12	156.3	39.4844201	73.5850515	4519.5
3645	369.5	367.5	370.5	1353,897,6,8	156.3	39.4845137	73.5852682	4525.6
3646	433.6	433.6	433.6	859,301,6,10	156.3	39.4852001	73.5851727	4513.8
3647	508.7	508.7	508.7	489,39,10,10	156.3	39.4851949	73.5851691	4513.9
3648	384.5	384.5	384.5	1637,49,6,16	156.2	39.4852029	73.5851679	4513.7
3649	380.5	380.5	380.5	1098,417,11,6	155.9	39.4851189	73.5852181	4513.7
3650	447.6	447.6	447.6	73,1061,16,6	155.9	39.4852019	73.5851688	4513.9
3651	402.5	401.5	402.5	1565,508,4,19	155.8	39.4852027	73.5851702	4513.8
3652	164.2	164.2	165.2	1017,333,8,9	155.5	39.4844163	73.5850471	4519.8
3653	513.7	513.7	513.7	1035,817,6,8	155.5	39.4852759	73.5853853	4514.0
3654	498.7	498.7	498.7	255,31,6,10	155.4	39.4851966	73.5851676	4513.8
3655	509.7	509.7	509.7	785,221,14,6	155.4	39.4851950	73.5851694	4513.9
3656	93.1	92.1	93.1	403,663,7,10	155.3	39.4844232	73.5850459	4519.9
3657	402.5	402.5	402.5	1367,233,6,8	155.1	39.4852027	73.5851702	4513.8
3658	195.3	195.3	195.3	1809,407,6,14	154.9	39.4844141	73.5850482	4519.9
3659	334.4	334.4	334.4	732,922,7,9	154.9	39.4844629	73.5852441	4526.8
3660	252.3	251.3	252.3	249,273,10,6	154.8	39.4844063	73.5850503	4519.9
3661	7.0	7.0	7.0	1839,321,10,8	154.7	39.4840452	73.5849410	4498.0
3662	204.3	204.3	204.3	517,977,4,10	154.6	39.4844137	73.5850502	4519.9
3663	319.4	319.4	319.4	1117,837,9,8	154.6	39.4844619	73.5852422	4526.8
3664	326.4	326.4	326.4	1848,396,8,5	154.6	39.4844622	73.5852431	4526.8
3665	433.6	433.6	433.6	483,177,8,8	154.6	39.4852001	73.5851727	4513.8
3666	128.2	128.2	128.2	161,793,5,12	154.3	39.4844204	73.5850486	4519.8
3667	228.3	228.3	228.3	417,350,9,10	154.2	39.4844076	73.5850509	4519.9
3668	188.2	188.2	188.2	71,261,6,15	154.1	39.4844149	73.5850484	4519.8
3669	464.6	463.6	464.6	1405,1075,10,5	154.1	39.4851999	73.5851700	4513.8
3670	124.2	124.2	124.2	43,1065,4,15	153.9	39.4844215	73.5850480	4519.8
3671	12.0	12.0	12.0	707,53,12,10	153.8	39.4840453	73.5849418	4498.0
3672	146.2	146.2	146.2	521,243,6,12	153.8	39.4844206	73.5850490	4519.8
3673	503.7	503.7	503.7	1361,867,7,10	153.8	39.4851956	73.5851679	4513.8
3674	48.1	48.1	48.1	919,1049,10,6	153.6	39.4844108	73.5850477	4498.0
3675	87.1	87.1	89.1	65,251,8,6	153.6	39.4844248	73.5850462	4519.8
3676	327.4	327.4	327.4	1741,161,10,8	153.6	39.4844623	73.5852430	4526.8
3677	386.5	386.5	386.5	1377,650,10,7	153.5	39.4852029	73.5851681	4513.7
3678	61.1	61.1	61.1	1025,883,8,6	153.4	39.4844210	73.5850507	4509.9
3679	216.3	216.3	216.3	411,1055,8,14	153.3	39.4844104	73.5850508	4519.9
3680	269.4	269.4	269.4	1446,70,10,7	153.3	39.4844039	73.5850508	4519.9
3681	405.5	405.5	412.5	1803,635,9,6	153.2	39.4852030	73.5851698	4513.8
3682	94.1	94.1	94.1	253,391,9,6	153.1	39.4844233	73.5850464	4519.8
3683	28.0	24.0	28.0	1769,881,7,8	152.9	39.4840498	73.5849411	4497.9
3684	59.1	59.1	59.1	873,994,10,8	152.9	39.4844215	73.5850506	4506.3
3685	293.4	293.4	293.4	1413,585,6,12	152.9	39.4844615	73.5852432	4526.8
3686	480.6	480.6	480.6	85,427,6,8	152.9	39.4851984	73.5851688	4513.8
3687	26.0	15.0	30.0	1353,297,8,8	152.8	39.4840492	73.5849409	4498.0
3688	83.1	83.1	83.1	1441,756,13,8	152.8	39.4844254	73.5850469	4519.9
3689	137.2	137.2	137.2	1857,79,5,10	152.8	39.4844194	73.5850505	4519.8
3690	501.7	501.7	501.7	1358,755,11,10	152.8	39.4851958	73.5851678	4513.8
3691	79.1	79.1	79.1	1721,193,10,6	152.7	39.4844245	73.5850479	4519.9
3692	108.1	108.1	108.1	1859,745,5,22	152.7	39.4844231	73.5850485	4519.8
3693	12.0	12.0	12.0	1751,51,6,10	152.5	39.4840453	73.5849418	4498.0
3694	204.3	203.3	204.3	801,789,8,8	152.5	39.4844137	73.5850502	4519.9
3695	421.6	421.6	421.6	1363,107,11,4	152.3	39.4852011	73.5851714	4513.9
3696	480.6	480.6	480.6	1617,577,8,8	152.3	39.4851984	73.5851688	4513.8
3697	16.0	16.0	16.0	1619,257,6,8	152.2	39.4840470	73.5849422	4498.0
3698	415.5	415.5	415.5	466,905,6,8	152.2	39.4852026	73.5851716	4513.9
3699	11.0	11.0	12.0	1833,224,7,7	152.1	39.4840448	73.5849415	4498.0
3700	511.7	511.7	511.7	383,9,10,8	151.9	39.4852080	73.5852434	4513.9
3701	433.6	433.6	433.6	665,539,8,6	151.8	39.4852001	73.5851727	4513.8
3702	197.3	197.3	197.3	1815,910,15,4	151.6	39.4844140	73.5850487	4519.8
3703	151.2	151.2	157.2	481,245,10,6	151.5	39.4844190	73.5850485	4519.8
3704	182.2	182.2	183.2	1771,513,6,7	151.5	39.4844152	73.5850486	4519.8
3705	506.7	506.7	506.7	111,361,2,24	151.5	39.4851951	73.5851694	4513.8
3706	324.4	324.4	324.4	465,760,12,8	151.4	39.4844622	73.5852433	4526.8
3707	408.5	408.5	408.5	1665,131,8,10	151.4	39.4852031	73.5851703	4513.8
3708	45.1	45.1	51.1	1627,15,7,14	151.3	39.4843546	73.5850300	4497.9
3709	195.3	195.3	195.3	1245,107,10,6	151.3	39.4844141	73.5850482	4519.9
3710	255.3	255.3	255.3	257,710,6,15	151.3	39.4844058	73.5850508	4519.9
3711	228.3	228.3	228.3	278,865,4,16	151.2	39.4844076	73.5850509	4519.9
3712	317.4	317.4	317.4	1281,293,4,8	151.2	39.4844617	73.5852418	4526.8
3713	444.6	444.6	444.6	1043,315,10,6	151.2	39.4852017	73.5851691	4513.8
3714	225.3	225.3	225.3	489,109,14,9	151.1	39.4844084	73.5850507	4519.9
3715	241.3	241.3	242.3	1561,27,8,10	151.1	39.4844062	73.5850510	4519.9
3716	125.2	125.2	125.2	315,669,4,12	151.0	39.4844213	73.5850484	4519.8
3717	364.5	364.5	364.5	157,865,10,6	151.0	39.4844654	73.5852432	4526.8
3718	334.4	334.4	334.4	1753,247,10,10	150.9	39.4844629	73.5852441	4526.8
3719	122.2	122.2	122.2	993,633,8,8	150.8	39.4844219	73.5850476	4519.8
3720	378.5	378.5	378.5	1536,491,9,6	150.8	39.4849518	73.5853155	4512.6
3721	316.4	314.4	316.4	1204,345,5,11	150.7	39.4844617	73.5852416	4526.8
3722	311.4	311.4	311.4	405,225,4,16	150.5	39.4844620	73.5852427	4526.8
3723	207.3	207.3	207.3	449,43,9,5	150.4	39.4844130	73.5850505	4519.9
3724	18.0	16.0	21.0	1323,926,13,11	150.3	39.4840471	73.5849417	4498.0
3725	83.1	80.1	83.1	735,37,9,9	150.2	39.4844254	73.5850469	4519.9
3726	221.3	221.3	221.3	1205,329,6,8	150.2	39.4844087	73.5850510	4519.9
3727	197.3	197.3	197.3	147,559,6,10	150.1	39.4844140	73.5850487	4519.8
3728	376.5	376.5	376.5	349,257,4,10	150.1	39.4848217	73.5854130	4512.7
3729	373.5	373.5	373.5	1011,745,6,8	149.9	39.4846761	73.5853836	4516.7
3730	240.3	240.3	240.3	7,417,12,9	149.8	39.4844062	73.5850510	4519.9
3731	488.6	488.6	488.6	1067,801,6,8	149.8	39.4851985	73.5851674	4513.8
3732	173.2	170.2	173.2	1056,9,5,11	149.7	39.4844162	73.5850469	4519.8
3733	245.3	245.3	245.3	1860,807,9,8	149.7	39.4844067	73.5850508	4519.9
3734	451.6	451.6	451.6	1817,441,6,8	149.7	39.4852022	73.5851680	4513.8
3735	512.7	512.7	512.7	1773,993,8,8	149.7	39.4852321	73.5853126	4513.9
3736	66.1	66.1	69.1	1598,834,12,7	149.6	39.4844202	73.5850516	4518.0
3737	137.2	137.2	137.2	1733,781,7,11	149.5	39.4844194	73.5850505	4519.8
3738	374.5	374.5	375.5	1265,37,8,8	149.4	39.4847195	73.5854177	4514.6
3739	454.6	454.6	454.6	601,659,8,6	149.3	39.4852025	73.5851681	4513.8
3740	214.3	213.3	214.3	102,166,10,7	149.2	39.4844116	73.5850512	4519.9
3741	425.6	424.6	425.6	1712,876,8,10	149.2	39.4852005	73.5851715	4513.9
3742	17.0	14.0	23.0	1092,479,9,8	149.1	39.4840469	73.5849419	4498.0
3743	319.4	319.4	319.4	1513,939,8,6	149.1	39.4844619	73.5852422	4526.8
3744	209.3	209.3	209.3	481,431,8,6	148.9	39.4844126	73.5850509	4519.9
3745	335.4	335.4	335.4	871,183,14,4	148.9	39.4844627	73.5852439	4526.8
3746	467.6	467.6	467.6	0,385,9,6	148.8	39.4851991	73.5851705	4513.8
3747	352.5	352.5	352.5	1775,1071,9,9	148.7	39.4844633	73.5852430	4526.8
3748	422.6	422.6	422.6	55,471,6,10	148.7	39.4852010	73.5851713	4513.9
3749	339.4	339.4	339.4	1007,96,7,11	148.6	39.4844625	73.5852436	4526.8
3750	106.1	106.1	106.1	1297,705,7,7	148.4	39.4844229	73.5850483	4519.9
3751	335.4	335.4	335.4	69,433,4,14	148.4	39.4844627	73.5852439	4526.8
3752	287.4	283.4	287.4	237,334,8,7	148.3	39.4844609	73.5852439	4526.8
3753	128.2	128.2	128.2	5,657,6,16	148.2	39.4844204	73.5850486	4519.8
3754	206.3	206.3	206.3	1813,57,12,7	148.1	39.4844135	73.5850504	4519.9
3755	426.6	426.6	426.6	1425,669,8,6	148.1	39.4852005	73.5851717	4513.9
3756	220.3	220.3	220.3	315,0,6,15	148.0	39.4844093	73.5850510	4519.9
3757	220.3	220.3	220.3	5,979,8,6	147.7	39.4844093	73.5850510	4519.9
3758	307.4	307.4	307.4	281,912,6,11	147.7	39.4844622	73.5852434	4526.8
3759	44.1	44.1	44.1	1120,769,17,7	147.6	39.4843298	73.5850221	4497.9
3760	418.6	418.6	418.6	117,289,7,10	147.6	39.4852018	73.5851716	4513.9
3761	160.2	160.2	160.2	923,495,6,8	147.5	39.4844178	73.5850476	4519.8
3762	34.0	34.0	34.0	1347,503,5,10	147.4	39.4840525	73.5849419	4498.0
3763	5.0	5.0	5.0	594,692,13,6	147.3	39.4840453	73.5849410	4498.0
3764	15.0	15.0	15.0	1907,513,10,8	147.3	39.4840467	73.5849422	4498.0
3765	407.5	407.5	407.5	793,243,10,4	147.3	39.4852031	73.5851700	4513.8
3766	409.5	408.5	412.5	1437,369,8,8	147.3	39.4852031	73.5851705	4513.9
3767	376.5	376.5	376.5	1885,457,6,20	147.1	39.4848217	73.5854130	4512.7
3768	447.6	447.6	447.6	693,1041,12,6	147.1	39.4852019	73.5851688	4513.9
3769	12.0	12.0	12.0	1497,0,8,5	147.0	39.4840453	73.5849418	4498.0
3770	219.3	219.3	219.3	5,995,12,6	147.0	39.4844099	73.5850511	4519.9
3771	325.4	325.4	325.4	33,97,8,6	147.0	39.4844622	73.5852432	4526.8
3772	96.1	96.1	96.1	1675,596,6,11	146.8	39.4844231	73.5850467	4519.8
3773	319.4	319.4	319.4	1905,137,15,8	146.8	39.4844619	73.5852422	4526.8
3774	34.0	34.0	34.0	350,1018,7,7	146.6	39.4840525	73.5849419	4498.0
3775	93.1	93.1	93.1	1389,481,7,9	146.6	39.4844232	73.5850459	4519.9
3776	152.2	152.2	152.2	1443,355,4,11	146.6	39.4844188	73.5850485	4519.8
3777	456.6	456.6	456.6	29,1069,4,11	146.6	39.4852023	73.5851682	4513.8
3778	262.3	262.3	262.3	41,776,14,5	146.4	39.4844049	73.5850508	4519.9
3779	324.4	324.4	324.4	1040,813,15,4	146.4	39.4844622	73.5852433	4526.8
3780	75.1	75.1	75.1	33,1003,6,11	146.2	39.4844230	73.5850499	4519.9
3781	239.3	239.3	239.3	709,11,6,13	146.2	39.4844065	73.5850513	4519.9
3782	480.6	480.6	480.6	1202,29,13,4	146.1	39.4851984	73.5851688	4513.8
3783	49.1	49.1	50.1	1353,297,8,8	146.0	39.4844220	73.5850513	4497.9
3784	330.4	330.4	330.4	955,5,6,10	146.0	39.4844629	73.5852439	4526.8
3785	340.5	340.5	340.5	363,371,12,7	145.9	39.4844622	73.5852439	4526.8
3786	500.7	500.7	500.7	193,373,10,10	145.9	39.4851960	73.5851676	4513.9
3787	45.1	45.1	47.1	1706,35,7,9	145.8	39.4843546	73.5850300	4497.9
3788	115.2	110.1	115.2	1229,625,8,8	145.8	39.4844235	73.5850471	4519.8
3789	481.6	481.6	481.6	1262,29,19,4	145.6	39.4851983	73.5851685	4513.8
3790	122.2	122.2	122.2	1186,489,11,8	145.5	39.4844219	73.5850476	4519.8
3791	334.4	334.4	334.4	626,1012,7,7	145.5	39.4844629	73.5852441	4526.8
3792	498.7	498.7	498.7	675,13,10,6	145.5	39.4851966	73.5851676	4513.8
3793	175.2	175.2	175.2	641,139,8,10	145.3	39.4844161	73.5850469	4519.8
3794	242.3	242.3	242.3	433,1061,8,6	145.3	39.4844064	73.5850512	4519.9
3795	45.1	45.1	46.1	545,49,6,12	145.2	39.4843546	73.5850300	4497.9
3796	208.3	208.3	208.3	711,899,8,8	145.2	39.4844129	73.5850507	4519.9
3797	480.6	480.6	480.6	1892,946,11,21	145.2	39.4851984	73.5851688	4513.8
3798	109.1	109.1	110.1	373,97,8,6	145.0	39.4844236	73.5850485	4519.8
3799	348.5	348.5	348.5	325,579,4,14	145.0	39.4844631	73.5852437	4526.8
3800	48.1	45.1	48.1	1097,625,8,8	144.9	39.4844108	73.5850477	4498.0
3801	180.2	180.2	180.2	659,753,4,11	144.9	39.4844152	73.5850482	4519.8
3802	175.2	175.2	175.2	109,171,8,12	144.7	39.4844161	73.5850469	4519.8
3803	317.4	314.4	317.4	753,529,4,16	144.5	39.4844617	73.5852418	4526.8
3804	221.3	221.3	221.3	157,181,10,8	144.4	39.4844087	73.5850510	4519.9
3805	305.4	305.4	305.4	929,482,10,7	144.4	39.4844621	73.5852436	4526.8
3806	337.4	337.4	337.4	626,1019,15,4	144.4	39.4844625	73.5852438	4526.8
3807	497.7	497.7	497.7	0,721,7,8	144.3	39.4851969	73.5851677	4513.8
3808	187.2	187.2	191.3	65,169,8,10	144.2	39.4844148	73.5850486	4519.8
3809	76.1	76.1	76.1	19,873,4,16	144.1	39.4844237	73.5850494	4519.9
3810	96.1	96.1	96.1	1519,389,13,4	144.1	39.4844231	73.5850467	4519.8
3811	372.5	372.5	372.5	1059,1029,6,10	144.0	39.4846328	73.5853490	4518.9
3812	311.4	311.4	313.4	537,353,7,16	143.8	39.4844620	73.5852427	4526.8
3813	384.5	384.5	384.5	1711,505,9,8	143.8	39.4852029	73.5851679	4513.7
3814	500.7	500.7	500.7	228,319,9,10	143.6	39.4851960	73.5851676	4513.9
3815	15.0	15.0	15.0	1215,180,14,5	143.5	39.4840467	73.5849422	4498.0
3816	118.2	118.2	118.2	1091,528,12,5	143.5	39.4844232	73.5850474	4519.8
3817	188.2	188.2	188.2	615,461,8,10	143.5	39.4844149	73.5850484	4519.8
3818	261.3	261.3	261.3	7,853,6,12	143.5	39.4844052	73.5850510	4519.9
3819	37.0	37.0	37.0	1473,99,10,6	143.4	39.4840724	73.5849459	4497.9
3820	387.5	387.5	387.5	1121,33,8,8	143.3	39.4852026	73.5851683	4513.7
3821	435.6	435.6	435.6	1353,341,8,6	143.3	39.4852006	73.5851723	4513.9
3822	444.6	444.6	444.6	1789,1033,6,8	143.3	39.4852017	73.5851691	4513.8
3823	50.1	50.1	50.1	1637,968,6,9	143.2	39.4844230	73.5850516	4497.9
3824	396.5	396.5	396.5	1899,169,6,8	143.2	39.4852018	73.5851691	4513.8
3825	502.7	502.7	502.7	1101,167,9,7	143.2	39.4851957	73.5851678	4513.8
3826	241.3	241.3	243.3	645,1075,14,5	143.1	39.4844062	73.5850510	4519.9
3827	269.4	269.4	269.4	769,941,14,4	143.1	39.4844039	73.5850508	4519.9
3828	401.5	401.5	401.5	91,641,6,13	143.0	39.4852025	73.5851701	4513.8
3829	202.3	202.3	202.3	1021,979,4,12	142.9	39.4844138	73.5850498	4519.9
3830	176.2	176.2	176.2	0,590,5,9	142.8	39.4844157	73.5850470	4519.8
3831	213.3	213.3	213.3	45,685,6,9	142.7	39.4844121	73.5850513	4519.9
3832	11.0	11.0	11.0	1777,631,8,6	142.6	39.4840448	73.5849415	4498.0
3833	392.5	392.5	392.5	1624,689,5,10	142.6	39.4852018	73.5851688	4513.8
3834	389.5	389.5	395.5	643,531,6,8	142.5	39.4852024	73.5851687	4513.7
3835	503.7	503.7	503.7	799,800,10,9	142.5	39.4851956	73.5851679	4513.8
3836	338.4	337.4	338.4	235,329,6,8	142.4	39.4844625	73.5852438	4526.8
3837	486.6	486.6	486.6	652,1047,13,10	142.4	39.4851985	73.5851681	4513.8
3838	508.7	508.7	508.7	0,1044,5,9	142.3	39.4851949	73.5851691	4513.9
3839	189.3	186.2	189.3	1819,905,6,10	142.2	39.4844148	73.5850483	4519.7
3840	220.3	218.3	220.3	353,497,12,4	142.2	39.4844093	73.5850510	4519.9
3841	423.6	423.6	423.6	1591,343,12,6	142.2	39.4852009	73.5851711	4513.9
3842	193.3	193.3	193.3	459,353,6,8	142.1	39.4844144	73.5850480	4519.9
3843	214.3	214.3	215.3	33,717,8,10	142.1	39.4844116	73.5850512	4519.9
3844	417.6	417.6	418.6	1089,203,10,4	142.1	39.4852019	73.5851716	4513.8
3845	440.6	440.6	440.6	279,1028,10,9	142.1	39.4852011	73.5851705	4513.9
3846	11.0	11.0	11.0	1381,931,10,4	141.9	39.4840448	73.5849415	4498.0
3847	183.2	183.2	188.2	1147,419,6,11	141.9	39.4844150	73.5850486	4519.8
3848	380.5	380.5	380.5	1338,409,6,10	141.9	39.4851189	73.5852181	4513.7
3849	76.1	76.1	76.1	176,628,9,6	141.8	39.4844237	73.5850494	4519.9
3850	291.4	291.4	291.4	305,15,8,6	141.8	39.4844610	73.5852429	4526.8
3851	335.4	335.4	335.4	953,289,15,9	141.5	39.4844627	73.5852439	4526.8
3852	500.7	500.7	500.7	73,737,6,12	141.5	39.4851960	73.5851676	4513.9
3853	15.0	13.0	15.0	1388,15,8,8	141.4	39.4840467	73.5849422	4498.0
3854	106.1	106.1	106.1	1702,251,15,7	141.4	39.4844229	73.5850483	4519.9
3855	281.4	276.4	281.4	1228,701,6,9	141.4	39.4844141	73.5851717	4526.8
3856	461.6	461.6	461.6	319,923,8,6	141.4	39.4852009	73.5851693	4513.8
3857	4.0	3.0	4.0	411,762,7,9	141.2	39.4840451	73.5849409	4498.0
3858	207.3	207.3	207.3	33,353,10,6	141.2	39.4844130	73.5850505	4519.9
3859	134.2	134.2	134.2	1487,0,9,6	141.0	39.4844194	73.5850497	4519.8
3860	364.5	364.5	364.5	1863,286,7,14	141.0	39.4844654	73.5852432	4526.8
3861	424.6	424.6	424.6	723,739,14,4	141.0	39.4852009	73.5851714	4513.8
3862	169.2	169.2	169.2	861,401,14,4	140.9	39.4844162	73.5850466	4519.8
3863	191.3	191.3	191.3	155,1041,4,8	140.8	39.4844150	73.5850482	4519.9
3864	212.3	210.3	212.3	297,764,8,7	140.8	39.4844125	73.5850514	4519.9
3865	157.2	157.2	158.2	303,539,6,6	140.7	39.4844179	73.5850484	4519.8
3866	235.3	235.3	235.3	21,877,8,8	140.7	39.4844073	73.5850517	4519.9
3867	395.5	395.5	395.5	259,669,10,8	140.7	39.4852017	73.5851692	4513.7
3868	415.5	415.5	415.5	91,201,6,6	140.7	39.4852026	73.5851716	4513.9
3869	437.6	437.6	437.6	1783,1041,6,8	140.7	39.4852006	73.5851717	4513.9
3870	464.6	464.6	464.6	1147,963,4,12	140.7	39.4851999	73.5851700	4513.8
3871	27.0	27.0	29.0	633,600,6,8	140.6	39.4840496	73.5849409	4498.0
3872	120.2	120.2	120.2	1467,24,6,11	140.6	39.4844229	73.5850476	4519.8
3873	172.2	171.2	172.2	1209,265,18,4	140.4	39.4844165	73.5850469	4519.8
3874	78.1	78.1	79.1	699,0,6,7	140.1	39.4844245	73.5850483	4519.9
3875	43.1	42.1	47.1	653,958,9,14	140.0	39.4843002	73.5850128	4497.9
3876	218.3	218.3	218.3	381,467,4,10	140.0	39.4844101	73.5850508	4519.9
3877	28.0	26.0	29.0	388,534,7,10	139.9	39.4840498	73.5849411	4497.9
3878	175.2	175.2	175.2	65,923,8,12	139.9	39.4844161	73.5850469	4519.8
3879	435.6	435.6	435.6	1465,41,8,8	139.8	39.4852006	73.5851723	4513.9
3880	483.6	483.6	483.6	353,225,10,4	139.7	39.4851984	73.5851687	4513.8
3881	174.2	174.2	178.2	261,1039,14,5	139.6	39.4844161	73.5850469	4519.8
3882	459.6	459.6	459.6	1397,139,11,6	139.6	39.4852012	73.5851687	4513.8
3883	481.6	481.6	481.6	1753,1033,11,8	139.6	39.4851983	73.5851685	4513.8
3884	40.1	40.1	41.1	1219,6,7,11	139.5	39.4841808	73.5849764	4498.0
3885	383.5	381.5	383.5	1755,267,6,6	139.5	39.4852019	73.5851698	4513.7
3886	401.5	401.5	401.5	140,577,5,8	139.4	39.4852025	73.5851701	4513.8
3887	178.2	178.2	178.2	1800,200,5,14	139.3	39.4844153	73.5850474	4519.8
3888	391.5	391.5	391.5	133,1075,8,5	139.3	39.4852022	73.5851687	4513.8
3889	64.1	64.1	64.1	225,743,8,6	139.2	39.4844205	73.5850514	4514.7
3890	235.3	235.3	235.3	19,1049,10,4	139.2	39.4844073	73.5850517	4519.9
3891	311.4	311.4	311.4	1274,417,7,8	139.2	39.4844620	73.5852427	4526.8
3892	388.5	387.5	388.5	961,1075,6,5	139.2	39.4852025	73.5851685	4513.7
3893	338.4	338.4	339.4	1671,795,10,12	139.1	39.4844625	73.5852438	4526.8
3894	410.5	410.5	412.5	801,667,8,6	139.1	39.4852030	73.5851708	4513.8
3895	96.1	96.1	96.1	0,927,7,10	138.9	39.4844231	73.5850467	4519.8
3896	325.4	325.4	325.4	1415,937,10,8	138.9	39.4844622	73.5852432	4526.8
3897	470.6	470.6	470.6	1725,719,6,10	138.8	39.4851983	73.5851705	4513.8
3898	168.2	168.2	168.2	1217,353,10,6	138.7	39.4844161	73.5850466	4519.8
3899	212.3	212.3	212.3	1832,952,9,9	138.7	39.4844125	73.5850514	4519.9
3900	364.5	364.5	365.5	101,1049,8,8	138.7	39.4844654	73.5852432	4526.8
3901	365.5	365.5	365.5	1173,113,6,8	138.7	39.4844657	73.5852434	4526.9
3902	6.0	6.0	6.0	1689,481,8,5	138.6	39.4840454	73.5849411	4498.0
3903	129.2	129.2	129.2	449,13,16,4	138.6	39.4844201	73.5850487	4519.8
3904	89.1	89.1	89.1	385,49,8,10	138.5	39.4844246	73.5850460	4519.8
3905	122.2	122.2	122.2	457,977,8,8	138.5	39.4844219	73.5850476	4519.8
3906	134.2	134.2	134.2	1830,848,7,9	138.4	39.4844194	73.5850497	4519.8
3907	200.3	200.3	200.3	721,7,8,6	138.4	39.4844136	73.5850495	4519.9
3908	238.3	238.3	238.3	1916,1063,4,12	138.3	39.4844069	73.5850513	4519.9
3909	214.3	214.3	214.3	407,734,8,7	138.2	39.4844116	73.5850512	4519.9
3910	427.6	427.6	427.6	897,65,10,6	138.1	39.4852003	73.5851719	4513.9
3911	332.4	332.4	332.4	339,1075,11,5	138.0	39.4844630	73.5852444	4526.8
3912	107.1	107.1	107.1	1268,919,9,7	137.9	39.4844230	73.5850485	4519.8
3913	192.3	192.3	192.3	263,769,14,6	137.9	39.4844150	73.5850480	4519.9
3914	477.6	477.6	477.6	653,601,5,8	137.9	39.4851976	73.5851700	4513.8
3915	332.4	332.4	332.4	1303,171,10,6	137.8	39.4844630	73.5852444	4526.8
3916	7.0	7.0	10.0	683,1063,8,6	137.7	39.4840452	73.5849410	4498.0
3917	48.1	45.1	56.1	392,505,7,8	137.7	39.4844108	73.5850477	4498.0
3918	290.4	290.4	290.4	255,1063,4,17	137.7	39.4844610	73.5852430	4526.8
3919	371.5	371.5	371.5	35,1041,6,12	137.7	39.4845902	73.5853170	4521.1
3920	385.5	384.5	385.5	1461,113,8,8	137.6	39.4852030	73.5851677	4513.7
3921	386.5	386.5	386.5	1887,595,6,14	137.6	39.4852029	73.5851681	4513.7
3922	426.6	426.6	426.6	1340,201,8,8	137.6	39.4852005	73.5851717	4513.9
3923	162.2	162.2	162.2	977,705,10,8	137.5	39.4844177	73.5850474	4519.8
3924	486.6	486.6	486.6	1485,9,6,9	137.4	39.4851985	73.5851681	4513.8
3925	206.3	206.3	206.3	1699,71,14,6	137.3	39.4844135	73.5850504	4519.9
3926	376.5	376.5	376.5	905,183,10,12	137.3	39.4848217	73.5854130	4512.7
3927	9.0	3.0	9.0	1817,251,6,7	137.2	39.4840448	73.5849413	4498.0
3928	209.3	209.3	209.3	1257,869,8,8	137.2	39.4844126	73.5850509	4519.9
3929	176.2	176.2	176.2	993,509,6,10	137.1	39.4844157	73.5850470	4519.8
3930	400.5	400.5	400.5	253,449,12,8	137.1	39.4852025	73.5851697	4513.8
3931	89.1	86.1	89.1	1272,649,8,7	137.0	39.4844246	73.5850460	4519.8
3932	437.6	437.6	437.6	1433,213,6,6	137.0	39.4852006	73.5851717	4513.9
3933	511.7	511.7	511.7	730,345,9,13	137.0	39.4852080	73.5852434	4513.9
3934	468.6	466.6	468.6	1159,913,8,14	136.9	39.4851989	73.5851704	4513.8
3935	28.0	28.0	28.0	9,417,6,7	136.8	39.4840498	73.5849411	4497.9
3936	169.2	169.2	169.2	1211,1014,11,7	136.8	39.4844162	73.5850466	4519.8
3937	466.6	466.6	466.6	1825,475,8,6	136.7	39.4851994	73.5851703	4513.8
3938	66.1	66.1	66.1	9,597,8,6	136.6	39.4844202	73.5850516	4518.0
3939	191.3	191.3	191.3	81,229,8,8	136.5	39.4844150	73.5850482	4519.9
3940	437.6	437.6	437.6	1595,517,6,8	136.5	39.4852006	73.5851717	4513.9
3941	67.1	67.1	67.1	1394,1041,7,7	136.4	39.4844201	73.5850515	4519.5
3942	46.1	45.1	46.1	919,725,8,8	136.3	39.4843759	73.5850367	4497.9
3943	136.2	136.2	136.2	1863,45,10,6	136.2	39.4844193	73.5850502	4519.8
3944	162.2	162.2	162.2	1497,995,7,14	136.1	39.4844177	73.5850474	4519.8
3945	247.3	247.3	247.3	321,641,6,6	136.1	39.4844067	73.5850504	4519.9
3946	311.4	311.4	311.4	1086,219,10,6	136.1	39.4844620	73.5852427	4526.8
3947	3.0	2.0	3.0	553,209,8,6	136.0	39.4840445	73.5849408	4498.0
3948	48.1	47.1	49.1	1477,625,4,10	136.0	39.4844108	73.5850477	4498.0
3949	485.6	485.6	485.6	761,385,6,8	136.0	39.4851984	73.5851684	4513.8
3950	307.4	307.4	307.4	185,593,4,8	135.9	39.4844622	73.5852434	4526.8
3951	331.4	331.4	331.4	437,327,8,10	135.9	39.4844630	73.5852442	4526.8
3952	204.3	204.3	204.3	1521,1032,8,7	135.7	39.4844137	73.5850502	4519.9
3953	416.6	416.6	416.6	1889,1047,9,8	135.7	39.4852021	73.5851714	4513.8
3954	60.1	57.1	60.1	105,121,8,6	135.6	39.4844211	73.5850506	4508.1
3955	66.1	66.1	66.1	1859,1051,11,12	135.5	39.4844202	73.5850516	4518.0
3956	464.6	464.6	464.6	867,21,8,6	135.5	39.4851999	73.5851700	4513.8
3957	397.5	395.5	397.5	1169,234,16,7	135.3	39.4852021	73.5851693	4513.8
3958	218.3	218.3	218.3	947,1031,10,6	135.2	39.4844101	73.5850508	4519.9
3959	247.3	247.3	247.3	65,871,8,10	135.2	39.4844067	73.5850504	4519.9
3960	330.4	330.4	330.4	1461,53,6,12	135.2	39.4844629	73.5852439	4526.8
3961	458.6	458.6	460.6	1149,704,9,9	135.2	39.4852016	73.5851685	4513.8
3962	260.3	260.3	261.3	481,257,4,18	135.1	39.4844054	73.5850511	4519.9
3963	384.5	384.5	385.5	1469,337,4,13	135.1	39.4852029	73.5851679	4513.7
3964	376.5	376.5	376.5	855,756,8,9	135.0	39.4848217	73.5854130	4512.7
3965	508.7	508.7	510.7	1459,705,4,9	135.0	39.4851949	73.5851691	4513.9
3966	33.0	33.0	33.0	1091,955,9,12	134.8	39.4840519	73.5849418	4498.0
3967	467.6	467.6	467.6	449,229,8,6	134.7	39.4851991	73.5851705	4513.8
3968	231.3	231.3	231.3	321,49,12,6	134.6	39.4844079	73.5850507	4519.9
3969	276.4	274.4	276.4	1617,151,8,6	134.6	39.4844038	73.5850518	4522.0
3970	379.5	379.5	379.5	1683,637,8,6	134.6	39.4850332	73.5852640	4513.0
3971	428.6	428.6	428.6	809,1075,10,5	134.6	39.4852003	73.5851721	4513.8
3972	409.5	409.5	409.5	1601,1059,8,10	134.5	39.4852031	73.5851705	4513.9
3973	22.0	22.0	28.0	1490,1049,5,8	134.4	39.4840476	73.5849405	4498.0
3974	114.2	114.2	114.2	0,747,4,12	134.3	39.4844237	73.5850471	4519.8
3975	330.4	330.4	330.4	457,995,8,12	134.3	39.4844629	73.5852439	4526.8
3976	185.2	185.2	186.2	1601,727,10,7	134.2	39.4844149	73.5850486	4519.9
3977	338.4	338.4	338.4	1747,465,6,8	134.0	39.4844625	73.5852438	4526.8
3978	59.1	58.1	59.1	981,99,6,14	133.9	39.4844215	73.5850506	4506.3
3979	111.1	111.1	111.1	1668,681,9,8	133.9	39.4844241	73.5850478	4519.8
3980	180.2	180.2	180.2	1890,145,7,8	133.9	39.4844152	73.5850482	4519.8
3981	312.4	312.4	312.4	849,1033,8,5	133.9	39.4844621	73.5852425	4526.8
3982	218.3	218.3	218.3	629,1061,6,12	133.8	39.4844101	73.5850508	4519.9
3983	280.4	280.4	280.4	935,683,6,6	133.7	39.4844022	73.5851403	4526.8
3984	4.0	4.0	5.0	1759,1023,6,6	133.5	39.4840451	73.5849409	4498.0
3985	420.6	420.6	420.6	1045,0,7,9	133.4	39.4852015	73.5851716	4513.9
3986	488.6	488.6	488.6	1441,27,13,6	133.4	39.4851985	73.5851674	4513.8
3987	39.1	39.1	39.1	555,885,9,8	133.3	39.4841380	73.5849640	4498.0
3988	407.5	407.5	407.5	1449,953,8,8	133.3	39.4852031	73.5851700	4513.8
3989	511.7	511.7	511.7	470,385,9,6	133.3	39.4852080	73.5852434	4513.9
3990	1.0	1.0	1.0	1869,785,8,8	133.1	39.4840428	73.5849408	4497.9
3991	18.0	18.0	18.0	545,36,10,12	133.0	39.4840471	73.5849417	4498.0
3992	85.1	85.1	85.1	1625,177,6,11	133.0	39.4844251	73.5850467	4519.9
3993	373.5	372.5	374.5	1143,905,6,8	133.0	39.4846761	73.5853836	4516.7
3994	144.2	144.2	144.2	1842,273,10,6	132.9	39.4844205	73.5850493	4519.8
3995	176.2	176.2	176.2	1587,715,6,10	132.9	39.4844157	73.5850470	4519.8
3996	68.1	68.1	69.1	167,817,10,8	132.8	39.4844201	73.5850517	4519.9
3997	47.1	47.1	47.1	1554,55,12,4	132.7	39.4843946	73.5850426	4498.0
3998	3.0	3.0	3.0	580,481,14,7	132.6	39.4840445	73.5849408	4498.0
3999	65.1	65.1	65.1	1881,1003,6,10	132.6	39.4844204	73.5850514	4516.4
4000	180.2	180.2	180.2	641,857,5,8	132.6	39.4844152	73.5850482	4519.8
4001	401.5	401.5	401.5	333,107,12,6	132.6	39.4852025	73.5851701	4513.8
4002	73.1	73.1	73.1	59,1047,4,8	132.5	39.4844219	73.5850506	4519.9
4003	75.1	75.1	75.1	267,993,6,10	132.5	39.4844230	73.5850499	4519.9
4004	432.6	432.6	433.6	185,66,7,7	132.5	39.4852000	73.5851722	4513.8
4005	377.5	377.5	377.5	1709,569,6,8	132.4	39.4848814	73.5853670	4512.5
4006	240.3	240.3	240.3	33,1057,8,6	132.3	39.4844062	73.5850510	4519.9
4007	316.4	316.4	316.4	689,73,7,8	132.1	39.4844617	73.5852416	4526.8
4008	63.1	63.1	63.1	41,665,8,6	132.0	39.4844205	73.5850511	4513.1
4009	94.1	94.1	94.1	1465,1065,4,15	132.0	39.4844233	73.5850464	4519.8
4010	270.4	270.4	270.4	203,824,6,9	132.0	39.4844039	73.5850510	4519.9
4011	237.3	237.3	237.3	197,637,4,14	131.9	39.4844072	73.5850516	4519.9
4012	261.3	261.3	261.3	0,361,5,8	131.9	39.4844052	73.5850510	4519.9
4013	219.3	219.3	219.3	83,60,8,5	131.8	39.4844099	73.5850511	4519.9
4014	401.5	401.5	401.5	1687,463,8,6	131.8	39.4852025	73.5851701	4513.8
4015	270.4	270.4	270.4	1022,115,19,3	131.7	39.4844039	73.5850510	4519.9
4016	287.4	287.4	287.4	965,685,8,4	131.7	39.4844609	73.5852439	4526.8
4017	426.6	426.6	426.6	863,545,8,8	131.7	39.4852005	73.5851717	4513.9
4018	116.2	115.2	116.2	1857,43,16,13	131.6	39.4844234	73.5850472	4519.8
4019	208.3	208.3	208.3	313,1043,8,6	131.6	39.4844129	73.5850507	4519.9
4020	130.2	130.2	130.2	233,445,4,16	131.4	39.4844201	73.5850487	4519.8
4021	398.5	398.5	398.5	1329,853,8,6	131.4	39.4852022	73.5851695	4513.8
4022	468.6	463.6	468.6	1401,819,12,10	131.4	39.4851989	73.5851704	4513.8
4023	396.5	396.5	396.5	257,741,10,4	131.3	39.4852018	73.5851691	4513.8
4024	328.4	328.4	328.4	865,49,8,6	131.1	39.4844624	73.5852431	4526.8
4025	455.6	455.6	455.6	97,311,6,6	131.1	39.4852025	73.5851683	4513.8
4026	367.5	365.5	368.5	123,849,6,9	131.0	39.4844687	73.5852446	4526.9
4027	1.0	1.0	2.0	1465,995,6,6	130.9	39.4840428	73.5849408	4497.9
4028	307.4	307.4	307.4	276,597,5,12	130.9	39.4844622	73.5852434	4526.8
4029	368.5	368.5	368.5	697,497,6,8	130.9	39.4844859	73.5852531	4526.8
4030	411.5	411.5	411.5	1109,948,10,8	130.9	39.4852030	73.5851709	4513.8
4031	468.6	468.6	468.6	0,899,7,14	130.9	39.4851989	73.5851704	4513.8
4032	169.2	169.2	169.2	153,743,8,12	130.7	39.4844162	73.5850466	4519.8
4033	17.0	12.0	20.0	819,702,10,6	130.6	39.4840469	73.5849419	4498.0
4034	237.3	237.3	237.3	75,259,6,10	130.6	39.4844072	73.5850516	4519.9
4035	465.6	465.6	469.6	505,733,4,14	130.4	39.4851998	73.5851702	4513.8
4036	421.6	421.6	421.6	823,229,10,7	130.3	39.4852011	73.5851714	4513.9
4037	448.6	448.6	448.6	923,607,6,10	130.3	39.4852022	73.5851686	4513.9
4038	143.2	143.2	143.2	1526,185,7,8	130.2	39.4844205	73.5850495	4519.8
4039	206.3	206.3	206.3	948,866,7,7	130.2	39.4844135	73.5850504	4519.9
4040	383.5	383.5	383.5	1177,67,8,12	130.2	39.4852019	73.5851698	4513.7
4041	70.1	70.1	70.1	1111,681,6,8	130.1	39.4844203	73.5850519	4519.9
4042	109.1	109.1	109.1	1471,137,4,14	130.1	39.4844236	73.5850485	4519.8
4043	282.4	281.4	282.4	996,817,11,11	130.1	39.4844313	73.5852024	4526.9
4044	498.7	498.7	498.7	267,249,6,8	130.1	39.4851966	73.5851676	4513.8
4045	79.1	79.1	79.1	1377,879,4,14	130.0	39.4844245	73.5850479	4519.9
4046	288.4	288.4	288.4	665,609,8,8	130.0	39.4844608	73.5852434	4526.8
4047	400.5	400.5	400.5	257,637,8,6	130.0	39.4852025	73.5851697	4513.8
4048	312.4	312.4	312.4	1063,865,10,9	129.8	39.4844621	73.5852425	4526.8
4049	88.1	88.1	88.1	385,403,8,8	129.7	39.4844245	73.5850460	4519.8
4050	337.4	337.4	337.4	0,403,6,10	129.7	39.4844625	73.5852438	4526.8
4051	191.3	191.3	191.3	225,497,8,8	129.6	39.4844150	73.5850482	4519.9
4052	204.3	204.3	204.3	533,61,12,4	129.6	39.4844137	73.5850502	4519.9
4053	12.0	6.0	14.0	1328,73,8,12	129.5	39.4840453	73.5849418	4498.0
4054	223.3	223.3	223.3	105,49,12,12	129.5	39.4844086	73.5850508	4519.9
4055	66.1	66.1	66.1	256,1025,9,6	129.4	39.4844202	73.5850516	4518.0
4056	207.3	207.3	207.3	13,901,8,8	129.4	39.4844130	73.5850505	4519.9
4057	65.1	65.1	66.1	1761,1045,8,12	129.3	39.4844204	73.5850514	4516.4
4058	85.1	85.1	85.1	13,593,4,16	129.2	39.4844251	73.5850467	4519.9
4059	89.1	89.1	89.1	13,429,6,12	129.2	39.4844246	73.5850460	4519.8
4060	213.3	213.3	213.3	193,843,8,5	129.1	39.4844121	73.5850513	4519.9
4061	39.1	39.1	39.1	1857,1067,14,6	129.0	39.4841380	73.5849640	4498.0
4062	66.1	66.1	66.1	401,881,6,6	129.0	39.4844202	73.5850516	4518.0
4063	123.2	123.2	123.2	1197,985,4,12	128.9	39.4844215	73.5850478	4519.8
4064	208.3	208.3	208.3	537,743,8,6	128.9	39.4844129	73.5850507	4519.9
4065	329.4	329.4	331.4	1439,129,8,14	128.7	39.4844626	73.5852433	4526.8
4066	61.1	61.1	61.1	491,385,6,7	128.6	39.4844210	73.5850507	4509.9
4067	189.3	189.3	189.3	221,793,5,8	128.6	39.4844148	73.5850483	4519.7
4068	373.5	373.5	373.5	1185,181,8,10	128.6	39.4846761	73.5853836	4516.7
4069	367.5	366.5	369.5	477,287,6,9	128.5	39.4844687	73.5852446	4526.9
4070	9.0	9.0	9.0	1001,961,8,8	128.4	39.4840448	73.5849413	4498.0
4071	29.0	26.0	29.0	1869,1029,4,8	128.4	39.4840502	73.5849414	4498.0
4072	205.3	205.3	205.3	705,682,11,7	128.4	39.4844136	73.5850504	4519.9
4073	278.4	271.4	285.4	975,844,10,9	128.4	39.4843978	73.5850829	4525.3
4074	367.5	366.5	371.5	0,945,9,8	128.4	39.4844687	73.5852446	4526.9
4075	76.1	76.1	76.1	1761,948,8,5	128.1	39.4844237	73.5850494	4519.9
4076	288.4	288.4	288.4	1769,185,8,6	128.1	39.4844608	73.5852434	4526.8
4077	123.2	123.2	124.2	533,985,8,12	128.0	39.4844215	73.5850478	4519.8
4078	235.3	235.3	235.3	169,65,4,8	128.0	39.4844073	73.5850517	4519.9
4079	374.5	372.5	374.5	205,549,4,12	128.0	39.4847195	73.5854177	4514.6
4080	53.1	53.1	53.1	1863,313,4,10	127.9	39.4844211	73.5850511	4497.9
4081	209.3	209.3	209.3	1857,881,5,8	127.9	39.4844126	73.5850509	4519.9
4082	251.3	251.3	251.3	129,133,6,8	127.9	39.4844064	73.5850501	4519.9
4083	502.7	502.7	502.7	1119,485,11,4	127.9	39.4851957	73.5851678	4513.8
4084	189.3	189.3	193.3	50,713,11,6	127.8	39.4844148	73.5850483	4519.7
4085	328.4	328.4	328.4	1819,148,6,7	127.8	39.4844624	73.5852431	4526.8
4086	376.5	376.5	376.5	27,1046,6,11	127.8	39.4848217	73.5854130	4512.7
4087	98.1	98.1	98.1	45,772,8,7	127.7	39.4844228	73.5850469	4519.9
4088	0.0	0.0	0.0	1895,1049,6,8	127.6	39.4840419	73.5849410	4497.9
4089	42.1	42.1	43.1	1113,403,6,7	127.6	39.4842642	73.5850016	4497.9
4090	414.5	414.5	414.5	1019,309,4,11	127.6	39.4852027	73.5851715	4513.9
4091	500.7	500.7	500.7	125,273,4,17	127.6	39.4851960	73.5851676	4513.9
4092	459.6	458.6	459.6	1898,189,7,10	127.5	39.4852012	73.5851687	4513.8
4093	500.7	500.7	500.7	1531,33,6,8	127.5	39.4851960	73.5851676	4513.9
4094	427.6	427.6	427.6	1053,37,16,8	127.4	39.4852003	73.5851719	4513.9
4095	5.0	4.0	5.0	1289,439,8,6	127.3	39.4840453	73.5849410	4498.0
4096	384.5	384.5	384.5	727,225,6,8	127.3	39.4852029	73.5851679	4513.7
4097	117.2	117.2	117.2	1809,365,8,10	127.1	39.4844232	73.5850473	4519.8
4098	175.2	175.2	175.2	861,283,12,6	127.1	39.4844161	73.5850469	4519.8
4099	424.6	424.6	424.6	145,849,6,10	127.1	39.4852009	73.5851714	4513.8
4100	191.3	190.3	191.3	133,945,6,8	127.0	39.4844150	73.5850482	4519.9
4101	156.2	156.2	156.2	1662,844,9,9	126.9	39.4844185	73.5850486	4519.8
4102	249.3	249.3	249.3	939,141,12,10	126.8	39.4844066	73.5850499	4519.9
4103	462.6	462.6	462.6	443,65,6,6	126.8	39.4852003	73.5851697	4513.8
4104	395.5	394.5	395.5	217,921,4,8	126.7	39.4852017	73.5851692	4513.7
4105	406.5	403.5	406.5	545,429,8,8	126.7	39.4852031	73.5851698	4513.8
4106	470.6	470.6	470.6	1827,245,6,10	126.7	39.4851983	73.5851705	4513.8
4107	231.3	231.3	231.3	278,721,5,10	126.6	39.4844079	73.5850507	4519.9
4108	396.5	396.5	396.5	337,834,6,7	126.6	39.4852018	73.5851691	4513.8
4109	110.1	110.1	110.1	0,372,6,7	126.5	39.4844236	73.5850480	4519.8
4110	174.2	174.2	174.2	27,201,3,14	126.5	39.4844161	73.5850469	4519.8
4111	277.4	274.4	277.4	1415,453,8,6	126.5	39.4844018	73.5850627	4523.7
4112	134.2	134.2	134.2	1221,25,8,6	126.4	39.4844194	73.5850497	4519.8
4113	77.1	77.1	77.1	1019,947,12,6	126.3	39.4844242	73.5850487	4519.9
4114	48.1	48.1	48.1	679,799,10,8	126.2	39.4844108	73.5850477	4498.0
4115	62.1	62.1	64.1	877,937,8,6	126.2	39.4844209	73.5850509	4511.5
4116	145.2	145.2	145.2	807,1042,8,9	126.2	39.4844205	73.5850492	4519.8
4117	317.4	314.4	317.4	1593,525,8,4	126.1	39.4844617	73.5852418	4526.8
4118	470.6	470.6	470.6	0,158,4,10	126.0	39.4851983	73.5851705	4513.8
4119	14.0	14.0	14.0	1393,859,6,6	125.9	39.4840463	73.5849421	4498.0
4120	134.2	134.2	134.2	541,57,7,13	125.9	39.4844194	73.5850497	4519.8
4121	1.0	1.0	4.0	1893,497,16,4	125.8	39.4840428	73.5849408	4497.9
4122	62.1	62.1	62.1	896,1060,7,8	125.8	39.4844209	73.5850509	4511.5
4123	162.2	162.2	162.2	790,175,7,8	125.7	39.4844177	73.5850474	4519.8
4124	7.0	2.0	7.0	1765,111,4,10	125.6	39.4840452	73.5849410	4498.0
4125	332.4	332.4	333.4	35,117,6,12	125.6	39.4844630	73.5852444	4526.8
4126	461.6	458.6	461.6	1665,1018,8,5	125.5	39.4852009	73.5851693	4513.8
4127	157.2	157.2	157.2	1170,858,10,6	125.3	39.4844179	73.5850484	4519.8
4128	179.2	175.2	179.2	1241,395,8,6	125.3	39.4844150	73.5850477	4519.8
4129	249.3	249.3	249.3	529,153,6,10	125.3	39.4844066	73.5850499	4519.9
4130	240.3	240.3	240.3	221,137,8,14	125.2	39.4844062	73.5850510	4519.9
4131	456.6	456.6	458.6	1207,67,6,14	125.0	39.4852023	73.5851682	4513.8
4132	171.2	170.2	171.2	1404,178,10,11	124.8	39.4844163	73.5850468	4519.8
4133	182.2	182.2	186.2	385,753,7,12	124.8	39.4844152	73.5850486	4519.8
4134	184.2	183.2	186.2	17,113,8,4	124.8	39.4844149	73.5850487	4519.9
4135	424.6	424.6	424.6	1345,642,8,7	124.8	39.4852009	73.5851714	4513.8
4136	426.6	426.6	426.6	713,408,8,8	124.7	39.4852005	73.5851717	4513.9
4137	160.2	160.2	160.2	1809,891,8,6	124.6	39.4844178	73.5850476	4519.8
4138	218.3	215.3	218.3	113,939,8,4	124.6	39.4844101	73.5850508	4519.9
4139	334.4	334.4	334.4	1721,413,4,12	124.5	39.4844629	73.5852441	4526.8
4140	48.1	48.1	60.1	971,137,6,8	124.4	39.4844108	73.5850477	4498.0
4141	63.1	63.1	63.1	0,881,5,8	124.4	39.4844205	73.5850511	4513.1
4142	84.1	84.1	84.1	1059,587,5,9	124.3	39.4844254	73.5850468	4519.9
4143	329.4	326.4	329.4	643,71,10,10	124.3	39.4844626	73.5852433	4526.8
4144	341.5	341.5	341.5	1562,122,7,7	124.3	39.4844621	73.5852441	4526.8
4145	334.4	334.4	334.4	1818,649,5,13	124.2	39.4844629	73.5852441	4526.8
4146	380.5	380.5	380.5	553,1074,6,6	124.2	39.4851189	73.5852181	4513.7
4147	211.3	211.3	211.3	1015,962,6,9	124.1	39.4844126	73.5850514	4519.9
4148	13.0	11.0	13.0	1271,443,8,5	124.0	39.4840458	73.5849421	4498.0
4149	172.2	172.2	172.2	253,395,6,7	124.0	39.4844165	73.5850469	4519.8
4150	435.6	435.6	435.6	25,355,8,6	123.9	39.4852006	73.5851723	4513.9
4151	465.6	465.6	465.6	25,1076,9,4	123.9	39.4851998	73.5851702	4513.8
4152	160.2	160.2	160.2	1197,1021,4,10	123.8	39.4844178	73.5850476	4519.8
4153	373.5	373.5	373.5	17,1037,7,9	123.8	39.4846761	73.5853836	4516.7
4154	8.0	3.0	8.0	1189,0,10,3	123.7	39.4840452	73.5849413	4498.0
4155	316.4	316.4	316.4	641,737,6,8	123.7	39.4844617	73.5852416	4526.8
4156	382.5	382.5	382.5	1515,120,12,5	123.7	39.4851977	73.5851740	4513.7
4157	249.3	249.3	249.3	155,1065,4,8	123.5	39.4844066	73.5850499	4519.9
4158	311.4	311.4	311.4	1494,677,7,8	123.4	39.4844620	73.5852427	4526.8
4159	22.0	22.0	22.0	1905,833,4,8	123.3	39.4840476	73.5849405	4498.0
4160	116.2	116.2	116.2	569,177,9,4	123.3	39.4844234	73.5850472	4519.8
4161	109.1	109.1	109.1	1470,341,7,8	123.2	39.4844236	73.5850485	4519.8
4162	176.2	176.2	176.2	1483,537,2,14	123.2	39.4844157	73.5850470	4519.8
4163	36.0	35.0	38.1	25,157,8,4	123.1	39.4840566	73.5849419	4497.9
4164	223.3	223.3	223.3	537,573,5,6	123.1	39.4844086	73.5850508	4519.9
4165	270.4	269.4	270.4	363,740,12,9	123.1	39.4844039	73.5850510	4519.9
4166	28.0	24.0	32.0	239,877,12,4	123.0	39.4840498	73.5849411	4497.9
4167	23.0	23.0	25.0	519,713,6,6	122.9	39.4840480	73.5849405	4498.0
4168	158.2	158.2	158.2	1419,965,6,11	122.9	39.4844179	73.5850482	4519.8
4169	195.3	195.3	195.3	1056,845,7,8	122.7	39.4844141	73.5850482	4519.9
4170	372.5	372.5	375.5	0,10,8,7	122.7	39.4846328	73.5853490	4518.9
4171	69.1	69.1	69.1	946,989,13,4	122.6	39.4844198	73.5850520	4519.9
4172	276.4	276.4	276.4	1273,713,6,7	122.6	39.4844038	73.5850518	4522.0
4173	307.4	307.4	307.4	385,33,8,8	122.6	39.4844622	73.5852434	4526.8
4174	313.4	313.4	313.4	410,931,14,6	122.5	39.4844622	73.5852423	4526.8
4175	75.1	75.1	75.1	29,865,4,8	122.4	39.4844230	73.5850499	4519.9
4176	94.1	94.1	94.1	1021,770,4,13	122.2	39.4844233	73.5850464	4519.8
4177	459.6	459.6	461.6	115,497,8,8	122.2	39.4852012	73.5851687	4513.8
4178	69.1	69.1	69.1	1789,631,4,10	122.0	39.4844198	73.5850520	4519.9
4179	466.6	466.6	466.6	1132,461,4,16	122.0	39.4851994	73.5851703	4513.8
4180	169.2	169.2	169.2	87,377,8,8	121.7	39.4844162	73.5850466	4519.8
4181	220.3	220.3	220.3	417,651,8,4	121.6	39.4844093	73.5850510	4519.9
4182	325.4	325.4	325.4	1689,1028,8,5	121.6	39.4844622	73.5852432	4526.8
4183	188.2	188.2	188.2	812,235,11,4	121.5	39.4844149	73.5850484	4519.8
4184	394.5	394.5	394.5	1369,887,8,6	121.5	39.4852016	73.5851692	4513.7
4185	209.3	208.3	209.3	599,853,8,8	121.3	39.4844126	73.5850509	4519.9
4186	219.3	219.3	219.3	665,667,8,4	121.1	39.4844099	73.5850511	4519.9
4187	433.6	433.6	433.6	851,825,6,8	121.1	39.4852001	73.5851727	4513.8
4188	240.3	240.3	240.3	167,387,6,7	120.9	39.4844062	73.5850510	4519.9
4189	271.4	271.4	273.4	759,697,6,7	120.9	39.4844040	73.5850509	4519.9
4190	426.6	426.6	426.6	817,115,8,9	120.9	39.4852005	73.5851717	4513.9
4191	448.6	448.6	448.6	537,385,10,4	120.8	39.4852022	73.5851686	4513.9
4192	144.2	144.2	144.2	1257,445,10,4	120.7	39.4844205	73.5850493	4519.8
4193	181.2	181.2	182.2	1249,373,8,4	120.7	39.4844154	73.5850486	4519.8
4194	145.2	143.2	145.2	353,215,8,6	120.6	39.4844205	73.5850492	4519.8
4195	269.4	269.4	270.4	381,679,6,7	120.6	39.4844039	73.5850508	4519.9
4196	262.3	262.3	262.3	19,8,6,9	120.4	39.4844049	73.5850508	4519.9
4197	407.5	407.5	407.5	1762,695,7,6	120.4	39.4852031	73.5851700	4513.8
4198	485.6	485.6	485.6	265,545,5,8	120.4	39.4851984	73.5851684	4513.8
4199	86.1	86.1	88.1	1417,155,7,6	120.3	39.4844250	73.5850465	4519.9
4200	217.3	217.3	217.3	971,315,8,6	120.3	39.4844103	73.5850508	4519.9
4201	339.4	339.4	339.4	1913,741,7,6	120.3	39.4844625	73.5852436	4526.8
4202	204.3	204.3	204.3	353,19,8,5	120.2	39.4844137	73.5850502	4519.9
4203	254.3	254.3	255.3	77,866,8,9	120.2	39.4844061	73.5850506	4519.9
4204	288.4	288.4	288.4	1661,201,4,8	120.2	39.4844608	73.5852434	4526.8
4205	14.0	14.0	14.0	110,41,5,8	120.0	39.4840463	73.5849421	4498.0
4206	180.2	180.2	180.2	1231,737,6,10	120.0	39.4844152	73.5850482	4519.8
4207	27.0	19.0	27.0	1873,177,7,6	119.9	39.4840496	73.5849409	4498.0
4208	278.4	278.4	285.4	429,273,6,8	119.9	39.4843978	73.5850829	4525.3
4209	45.1	45.1	45.1	55,17,6,6	119.7	39.4843546	73.5850300	4497.9
4210	432.6	432.6	432.6	807,529,10,5	119.7	39.4852000	73.5851722	4513.8
4211	77.1	77.1	80.1	1625,413,6,8	119.6	39.4844242	73.5850487	4519.9
4212	379.5	379.5	379.5	1873,519,10,6	119.6	39.4850332	73.5852640	4513.0
4213	460.6	460.6	460.6	667,17,10,6	119.6	39.4852012	73.5851690	4513.8
4214	193.3	193.3	193.3	369,1069,6,11	119.5	39.4844144	73.5850480	4519.9
4215	77.1	77.1	78.1	945,873,8,8	119.4	39.4844242	73.5850487	4519.9
4216	181.2	181.2	181.2	889,989,8,4	119.4	39.4844154	73.5850486	4519.8
4217	420.6	420.6	420.6	991,239,10,8	119.4	39.4852015	73.5851716	4513.9
4218	39.1	28.0	42.1	1395,425,8,4	119.3	39.4841380	73.5849640	4498.0
4219	373.5	373.5	373.5	441,681,12,4	119.3	39.4846761	73.5853836	4516.7
4220	79.1	77.1	79.1	1161,1045,7,17	119.2	39.4844245	73.5850479	4519.9
4221	215.3	215.3	215.3	785,508,8,9	119.2	39.4844109	73.5850510	4519.9
4222	123.2	123.2	123.2	595,1037,6,6	119.1	39.4844215	73.5850478	4519.8
4223	8.0	8.0	8.0	129,353,8,8	119.0	39.4840452	73.5849413	4498.0
4224	7.0	4.0	10.0	1039,745,5,8	119.0	39.4840452	73.5849410	4498.0
4225	204.3	204.3	204.3	1465,22,8,5	119.0	39.4844137	73.5850502	4519.9
4226	385.5	385.5	385.5	1767,977,6,8	119.0	39.4852030	73.5851677	4513.7
4227	432.6	432.6	432.6	1594,76,14,3	118.9	39.4852000	73.5851722	4513.8
4228	7.0	7.0	7.0	1817,1023,8,4	118.8	39.4840452	73.5849410	4498.0
4229	262.3	262.3	262.3	411,1027,7,7	118.8	39.4844049	73.5850508	4519.9
4230	10.0	10.0	10.0	1833,849,5,8	118.7	39.4840447	73.5849413	4498.0
4231	65.1	62.1	65.1	817,789,8,4	118.7	39.4844204	73.5850514	4516.4
4232	219.3	219.3	219.3	456,1043,6,6	118.6	39.4844099	73.5850511	4519.9
4233	239.3	239.3	239.3	501,0,14,3	118.6	39.4844065	73.5850513	4519.9
4234	379.5	379.5	379.5	1649,575,8,6	118.6	39.4850332	73.5852640	4513.0
4235	334.4	333.4	334.4	885,979,7,6	118.5	39.4844629	73.5852441	4526.8
4236	307.4	307.4	307.4	61,495,6,14	118.4	39.4844622	73.5852434	4526.8
4237	433.6	433.6	433.6	1677,91,10,10	118.4	39.4852001	73.5851727	4513.8
4238	179.2	179.2	179.2	1201,465,8,8	118.3	39.4844150	73.5850477	4519.8
4239	6.0	6.0	6.0	753,849,8,4	118.1	39.4840454	73.5849411	4498.0
4240	190.3	190.3	190.3	1075,633,10,8	118.1	39.4844149	73.5850482	4519.8
4241	202.3	202.3	202.3	1207,789,10,8	118.0	39.4844138	73.5850498	4519.9
4242	512.7	512.7	512.7	1827,665,5,8	117.9	39.4852321	73.5853126	4513.9
4243	195.3	195.3	195.3	1872,73,7,8	117.8	39.4844141	73.5850482	4519.9
4244	283.4	280.4	283.4	565,442,6,5	117.8	39.4844518	73.5852321	4526.8
4245	31.0	31.0	32.0	1831,299,11,6	117.7	39.4840511	73.5849419	4498.0
4246	158.2	158.2	158.2	273,137,10,4	117.6	39.4844179	73.5850482	4519.8
4247	270.4	270.4	270.4	1762,686,8,7	117.6	39.4844039	73.5850510	4519.9
4248	461.6	461.6	461.6	659,209,4,8	117.6	39.4852009	73.5851693	4513.8
4249	76.1	76.1	76.1	889,33,11,6	117.5	39.4844237	73.5850494	4519.9
4250	414.5	414.5	414.5	1820,893,5,8	117.5	39.4852027	73.5851715	4513.9
4251	10.0	10.0	10.0	1617,717,8,4	117.4	39.4840447	73.5849413	4498.0
4252	287.4	287.4	287.4	1073,307,5,12	117.4	39.4844609	73.5852439	4526.8
4253	315.4	315.4	315.4	820,131,9,14	117.4	39.4844623	73.5852418	4526.8
4254	406.5	406.5	408.5	1263,27,10,6	117.4	39.4852031	73.5851698	4513.8
4255	216.3	216.3	216.3	90,233,7,6	117.2	39.4844104	73.5850508	4519.9
4256	217.3	217.3	217.3	569,11,8,6	117.1	39.4844103	73.5850508	4519.9
4257	312.4	312.4	312.4	1241,59,7,6	117.1	39.4844621	73.5852425	4526.8
4258	263.3	263.3	263.3	117,473,6,8	117.0	39.4844046	73.5850504	4519.9
4259	422.6	422.6	422.6	459,361,10,8	117.0	39.4852010	73.5851713	4513.9
4260	63.1	63.1	65.1	826,1051,13,4	116.9	39.4844205	73.5850511	4513.1
4261	43.1	42.1	43.1	689,549,12,6	116.8	39.4843002	73.5850128	4497.9
4262	312.4	312.4	312.4	363,912,6,7	116.8	39.4844621	73.5852425	4526.8
4263	123.2	123.2	123.2	1549,563,10,6	116.5	39.4844215	73.5850478	4519.8
4264	193.3	193.3	193.3	49,1035,8,11	116.5	39.4844144	73.5850480	4519.9
4265	63.1	63.1	63.1	1339,575,6,8	116.4	39.4844205	73.5850511	4513.1
4266	64.1	64.1	64.1	195,519,7,7	116.4	39.4844205	73.5850514	4514.7
4267	122.2	122.2	122.2	640,451,9,14	116.4	39.4844219	73.5850476	4519.8
4268	379.5	379.5	379.5	542,611,7,7	116.3	39.4850332	73.5852640	4513.0
4269	11.0	11.0	11.0	1909,7,4,12	116.2	39.4840448	73.5849415	4498.0
4270	217.3	217.3	217.3	176,168,6,16	116.2	39.4844103	73.5850508	4519.9
4271	319.4	319.4	319.4	659,661,10,8	116.0	39.4844619	73.5852422	4526.8
4272	269.4	269.4	269.4	727,85,6,6	115.9	39.4844039	73.5850508	4519.9
4273	408.5	405.5	408.5	9,663,10,6	115.9	39.4852031	73.5851703	4513.8
4274	189.3	189.3	189.3	561,311,6,8	115.7	39.4844148	73.5850483	4519.7
4275	460.6	460.6	461.6	819,708,6,11	115.6	39.4852012	73.5851690	4513.8
4276	211.3	211.3	211.3	351,299,8,4	115.4	39.4844126	73.5850514	4519.9
4277	185.2	185.2	186.2	427,591,6,8	115.3	39.4844149	73.5850486	4519.9
4278	216.3	216.3	216.3	7,291,15,4	115.2	39.4844104	73.5850508	4519.9
4279	33.0	33.0	33.0	241,329,8,4	115.0	39.4840519	73.5849418	4498.0
4280	68.1	68.1	68.1	1660,673,5,8	115.0	39.4844201	73.5850517	4519.9
4281	107.1	107.1	107.1	285,1027,8,14	115.0	39.4844230	73.5850485	4519.8
4282	162.2	162.2	162.2	1893,442,4,15	115.0	39.4844177	73.5850474	4519.8
4283	218.3	218.3	218.3	537,427,8,4	115.0	39.4844101	73.5850508	4519.9
4284	220.3	220.3	220.3	219,9,4,8	115.0	39.4844093	73.5850510	4519.9
4285	242.3	242.3	242.3	667,83,6,6	115.0	39.4844064	73.5850512	4519.9
4286	158.2	158.2	158.2	1889,136,8,5	114.9	39.4844179	73.5850482	4519.8
4287	464.6	464.6	464.6	1895,803,6,6	114.9	39.4851999	73.5851700	4513.8
4288	64.1	64.1	64.1	1644,299,7,7	114.8	39.4844205	73.5850514	4514.7
4289	418.6	418.6	418.6	1489,693,8,6	114.8	39.4852018	73.5851716	4513.9
4290	456.6	456.6	456.6	644,663,8,10	114.8	39.4852023	73.5851682	4513.8
4291	182.2	182.2	182.2	907,369,6,8	114.7	39.4844152	73.5850486	4519.8
4292	188.2	188.2	188.2	22,401,9,11	114.7	39.4844149	73.5850484	4519.8
4293	385.5	380.5	385.5	1525,585,4,8	114.7	39.4852030	73.5851677	4513.7
4294	219.3	219.3	219.3	342,889,5,8	114.6	39.4844099	73.5850511	4519.9
4295	271.4	271.4	271.4	641,889,11,4	114.6	39.4844040	73.5850509	4519.9
4296	411.5	410.5	411.5	1699,55,6,10	114.3	39.4852030	73.5851709	4513.8
4297	464.6	464.6	464.6	100,1026,11,5	114.3	39.4851999	73.5851700	4513.8
4298	269.4	269.4	269.4	252,874,5,10	114.1	39.4844039	73.5850508	4519.9
4299	418.6	418.6	418.6	775,761,4,8	114.1	39.4852018	73.5851716	4513.9
4300	143.2	143.2	143.2	1578,953,7,9	114.0	39.4844205	73.5850495	4519.8
4301	217.3	217.3	217.3	1723,720,5,7	113.9	39.4844103	73.5850508	4519.9
4302	313.4	313.4	313.4	1189,128,8,4	113.9	39.4844622	73.5852423	4526.8
4303	368.5	366.5	368.5	1591,915,6,10	113.8	39.4844859	73.5852531	4526.8
4304	367.5	366.5	368.5	99,567,6,8	113.8	39.4844687	73.5852446	4526.9
4305	43.1	43.1	43.1	1909,481,2,16	113.7	39.4843002	73.5850128	4497.9
4306	282.4	282.4	286.4	209,1041,4,10	113.5	39.4844313	73.5852024	4526.9
4307	417.6	417.6	417.6	1521,246,6,5	113.5	39.4852019	73.5851716	4513.8
4308	422.6	422.6	422.6	1687,643,8,4	113.5	39.4852010	73.5851713	4513.9
4309	27.0	21.0	27.0	1181,642,8,8	113.4	39.4840496	73.5849409	4498.0
4310	243.3	243.3	243.3	1441,785,4,10	113.3	39.4844066	73.5850512	4519.9
4311	8.0	8.0	9.0	1067,875,6,6	112.9	39.4840452	73.5849413	4498.0
4312	191.3	185.2	191.3	1731,85,14,4	112.9	39.4844150	73.5850482	4519.9
4313	312.4	312.4	312.4	1239,665,3,16	112.9	39.4844621	73.5852425	4526.8
4314	160.2	160.2	161.2	1159,833,4,10	112.8	39.4844178	73.5850476	4519.8
4315	4.0	4.0	4.0	711,889,8,8	112.5	39.4840451	73.5849409	4498.0
4316	312.4	312.4	312.4	1888,289,7,5	112.5	39.4844621	73.5852425	4526.8
4317	95.1	95.1	95.1	505,545,6,8	112.2	39.4844231	73.5850465	4519.8
4318	201.3	201.3	201.3	975,1063,10,6	112.2	39.4844138	73.5850496	4519.9
4319	208.3	208.3	208.3	939,1001,6,8	112.2	39.4844129	73.5850507	4519.9
4320	333.4	333.4	333.4	575,949,8,4	112.2	39.4844629	73.5852442	4526.8
4321	160.2	160.2	160.2	289,1057,4,10	112.1	39.4844178	73.5850476	4519.8
4322	188.2	188.2	191.3	35,685,10,10	112.1	39.4844149	73.5850484	4519.8
4323	209.3	209.3	209.3	1159,865,8,5	112.0	39.4844126	73.5850509	4519.9
4324	7.0	7.0	7.0	1157,657,9,6	111.9	39.4840452	73.5849410	4498.0
4325	66.1	66.1	66.1	1915,1011,5,6	111.9	39.4844202	73.5850516	4518.0
4326	217.3	217.3	217.3	859,273,6,6	111.9	39.4844103	73.5850508	4519.9
4327	247.3	247.3	247.3	640,572,6,6	111.9	39.4844067	73.5850504	4519.9
4328	369.5	369.5	369.5	181,49,4,8	111.9	39.4845137	73.5852682	4525.6
4329	243.3	243.3	243.3	84,637,10,4	111.8	39.4844066	73.5850512	4519.9
4330	454.6	454.6	454.6	950,597,9,8	111.8	39.4852025	73.5851681	4513.8
4331	77.1	77.1	77.1	949,1063,8,6	111.7	39.4844242	73.5850487	4519.9
4332	80.1	80.1	80.1	929,241,8,4	111.7	39.4844242	73.5850474	4519.8
4333	400.5	400.5	400.5	353,599,16,2	111.7	39.4852025	73.5851697	4513.8
4334	435.6	435.6	435.6	964,801,6,8	111.7	39.4852006	73.5851723	4513.9
4335	117.2	117.2	117.2	1571,169,10,4	111.5	39.4844232	73.5850473	4519.8
4336	170.2	170.2	170.2	425,317,8,4	111.4	39.4844163	73.5850466	4519.8
4337	379.5	379.5	379.5	55,377,10,4	111.4	39.4850332	73.5852640	4513.0
4338	203.3	203.3	203.3	967,203,10,4	111.2	39.4844136	73.5850500	4519.9
4339	339.4	339.4	339.4	19,307,6,6	111.0	39.4844625	73.5852436	4526.8
4340	488.6	488.6	488.6	260,187,5,8	111.0	39.4851985	73.5851674	4513.8
4341	177.2	177.2	177.2	283,131,6,10	110.9	39.4844155	73.5850472	4519.8
4342	209.3	209.3	209.3	709,21,12,4	110.8	39.4844126	73.5850509	4519.9
4343	215.3	215.3	215.3	107,51,6,9	110.8	39.4844109	73.5850510	4519.9
4344	10.0	10.0	12.0	1505,519,6,6	110.7	39.4840447	73.5849413	4498.0
4345	191.3	191.3	191.3	1486,1012,7,5	110.7	39.4844150	73.5850482	4519.9
4346	70.1	70.1	70.1	1404,867,3,11	110.6	39.4844203	73.5850519	4519.9
4347	414.5	414.5	414.5	1899,1073,4,7	110.6	39.4852027	73.5851715	4513.9
4348	209.3	208.3	209.3	229,641,8,4	110.5	39.4844126	73.5850509	4519.9
4349	216.3	216.3	216.3	1129,1065,4,8	110.5	39.4844104	73.5850508	4519.9
4350	181.2	181.2	181.2	1751,152,7,15	110.4	39.4844154	73.5850486	4519.8
4351	312.4	312.4	312.4	1877,387,9,6	110.4	39.4844621	73.5852425	4526.8
4352	65.1	65.1	65.1	193,917,6,6	110.3	39.4844204	73.5850514	4516.4
4353	215.3	215.3	215.3	769,439,5,7	110.3	39.4844109	73.5850510	4519.9
4354	247.3	247.3	247.3	123,137,6,10	110.3	39.4844067	73.5850504	4519.9
4355	454.6	454.6	454.6	1507,1025,4,10	110.3	39.4852025	73.5851681	4513.8
4356	217.3	217.3	217.3	194,1037,5,12	110.2	39.4844103	73.5850508	4519.9
4357	454.6	454.6	454.6	895,3,6,8	110.2	39.4852025	73.5851681	4513.8
4358	14.0	13.0	16.0	1297,747,6,6	110.0	39.4840463	73.5849421	4498.0
4359	48.1	48.1	48.1	47,363,6,9	110.0	39.4844108	73.5850477	4498.0
4360	189.3	189.3	190.3	1777,637,6,7	110.0	39.4844148	73.5850483	4519.7
4361	79.1	79.1	79.1	1859,583,6,8	109.9	39.4844245	73.5850479	4519.9
4362	111.1	111.1	111.1	565,537,8,7	109.9	39.4844241	73.5850478	4519.8
4363	116.2	116.2	116.2	168,762,9,10	109.9	39.4844234	73.5850472	4519.8
4364	284.4	284.4	287.4	1850,97,7,8	109.9	39.4844596	73.5852423	4526.8
4365	0.0	0.0	0.0	1889,85,8,4	109.7	39.4840419	73.5849410	4497.9
4366	175.2	175.2	175.2	1875,255,8,5	109.7	39.4844161	73.5850469	4519.8
4367	510.7	510.7	511.7	613,217,4,8	109.7	39.4851994	73.5851918	4513.9
4368	85.1	85.1	85.1	1809,403,8,4	109.6	39.4844251	73.5850467	4519.9
4369	328.4	328.4	328.4	713,121,4,12	109.6	39.4844624	73.5852431	4526.8
4370	209.3	209.3	209.3	529,523,6,6	109.5	39.4844126	73.5850509	4519.9
4371	509.7	509.7	509.7	618,997,7,6	109.5	39.4851950	73.5851694	4513.9
4372	13.0	13.0	17.0	1078,177,13,6	109.4	39.4840458	73.5849421	4498.0
4373	61.1	61.1	61.1	487,807,6,6	109.4	39.4844210	73.5850507	4509.9
4374	0.0	0.0	0.0	1559,499,6,8	109.3	39.4840419	73.5849410	4497.9
4375	37.0	37.0	37.0	1752,733,8,6	109.3	39.4840724	73.5849459	4497.9
4376	373.5	372.5	373.5	1889,161,8,8	109.3	39.4846761	73.5853836	4516.7
4377	393.5	393.5	393.5	97,717,9,6	109.3	39.4852016	73.5851692	4513.8
4378	414.5	414.5	414.5	883,1017,4,8	109.3	39.4852027	73.5851715	4513.9
4379	63.1	63.1	63.1	817,801,6,6	109.2	39.4844205	73.5850511	4513.1
4380	397.5	397.5	397.5	611,758,8,7	109.1	39.4852021	73.5851693	4513.8
4381	416.6	416.6	416.6	851,999,4,8	109.1	39.4852021	73.5851714	4513.8
4382	10.0	10.0	10.0	545,1057,8,4	109.0	39.4840447	73.5849413	4498.0
4383	203.3	203.3	203.3	1078,329,9,8	108.9	39.4844136	73.5850500	4519.9
4384	68.1	68.1	68.1	1112,531,9,12	108.8	39.4844201	73.5850517	4519.9
4385	457.6	457.6	457.6	1857,0,4,15	108.8	39.4852021	73.5851682	4513.8
4386	79.1	78.1	79.1	1891,397,8,9	108.4	39.4844245	73.5850479	4519.9
4387	65.1	65.1	65.1	807,587,9,4	108.3	39.4844204	73.5850514	4516.4
4388	157.2	157.2	159.2	417,689,8,6	108.3	39.4844179	73.5850484	4519.8
4389	157.2	157.2	161.2	871,953,6,6	108.3	39.4844179	73.5850484	4519.8
4390	400.5	400.5	400.5	392,997,10,8	108.3	39.4852025	73.5851697	4513.8
4391	466.6	466.6	466.6	1523,385,8,6	108.3	39.4851994	73.5851703	4513.8
4392	500.7	500.7	500.7	633,417,10,8	108.3	39.4851960	73.5851676	4513.9
4393	162.2	162.2	162.2	225,1071,6,6	108.2	39.4844177	73.5850474	4519.8
4394	220.3	220.3	220.3	547,389,6,10	108.2	39.4844093	73.5850510	4519.9
4395	63.1	63.1	64.1	951,591,6,7	108.0	39.4844205	73.5850511	4513.1
4396	15.0	15.0	16.0	1733,475,8,8	107.9	39.4840467	73.5849422	4498.0
4397	156.2	156.2	156.2	1699,939,4,11	107.9	39.4844185	73.5850486	4519.8
4398	0.0	0.0	0.0	1665,881,8,4	107.7	39.4840419	73.5849410	4497.9
4399	223.3	223.3	223.3	1793,1013,5,8	107.6	39.4844086	73.5850508	4519.9
4400	144.2	144.2	144.2	769,83,8,4	107.5	39.4844205	73.5850493	4519.8
4401	209.3	209.3	209.3	393,233,7,6	107.5	39.4844126	73.5850509	4519.9
4402	457.6	457.6	457.6	1787,713,4,8	107.5	39.4852021	73.5851682	4513.8
4403	179.2	179.2	179.2	1019,474,6,7	107.4	39.4844150	73.5850477	4519.8
4404	416.6	416.6	416.6	393,881,8,4	107.4	39.4852021	73.5851714	4513.8
4405	369.5	366.5	369.5	447,75,6,6	107.3	39.4845137	73.5852682	4525.6
4406	372.5	372.5	372.5	895,601,6,7	107.2	39.4846328	73.5853490	4518.9
4407	400.5	400.5	400.5	1763,41,8,8	107.2	39.4852025	73.5851697	4513.8
4408	312.4	312.4	312.4	547,231,14,10	107.1	39.4844621	73.5852425	4526.8
4409	62.1	62.1	62.1	67,923,4,10	107.0	39.4844209	73.5850509	4511.5
4410	427.6	427.6	427.6	1689,143,7,10	106.9	39.4852003	73.5851719	4513.9
4411	62.1	62.1	65.1	633,921,8,4	106.8	39.4844209	73.5850509	4511.5
4412	217.3	215.3	217.3	1105,1043,8,4	106.8	39.4844103	73.5850508	4519.9
4413	386.5	386.5	386.5	1785,741,8,4	106.8	39.4852029	73.5851681	4513.7
4414	395.5	395.5	395.5	729,859,8,6	106.8	39.4852017	73.5851692	4513.7
4415	223.3	223.3	223.3	451,705,4,8	106.7	39.4844086	73.5850508	4519.9
4416	405.5	404.5	405.5	1215,1049,4,8	106.7	39.4852030	73.5851698	4513.8
4417	469.6	469.6	469.6	289,1043,6,6	106.7	39.4851986	73.5851704	4513.8
4418	53.1	51.1	55.1	1265,247,8,6	106.6	39.4844211	73.5850511	4497.9
4419	220.3	220.3	220.3	875,161,6,6	106.4	39.4844093	73.5850510	4519.9
4420	64.1	64.1	64.1	297,171,8,7	106.3	39.4844205	73.5850514	4514.7
4421	27.0	27.0	27.0	212,57,8,9	106.2	39.4840496	73.5849409	4498.0
4422	70.1	70.1	70.1	827,631,6,10	106.2	39.4844203	73.5850519	4519.9
4423	4.0	4.0	4.0	547,37,6,6	106.1	39.4840451	73.5849409	4498.0
4424	9.0	9.0	9.0	251,273,6,12	106.1	39.4840448	73.5849413	4498.0
4425	413.5	413.5	413.5	1499,489,4,8	106.1	39.4852028	73.5851714	4513.8
4426	7.0	3.0	7.0	909,9,8,9	106.0	39.4840452	73.5849410	4498.0
4427	174.2	174.2	174.2	1205,281,6,8	105.8	39.4844161	73.5850469	4519.8
4428	7.0	7.0	7.0	1905,971,8,4	105.7	39.4840452	73.5849410	4498.0
4429	53.1	52.1	54.1	1158,54,8,7	105.4	39.4844211	73.5850511	4497.9
4430	76.1	76.1	76.1	723,1054,8,8	105.4	39.4844237	73.5850494	4519.9
4431	311.4	311.4	311.4	1011,249,11,4	105.4	39.4844620	73.5852427	4526.8
4432	512.7	512.7	512.7	1419,753,4,8	105.3	39.4852321	73.5853126	4513.9
4433	383.5	383.5	383.5	1349,443,6,5	105.2	39.4852019	73.5851698	4513.7
4434	414.5	414.5	414.5	79,1009,6,8	105.2	39.4852027	73.5851715	4513.9
4435	216.3	216.3	216.3	1073,441,6,8	105.1	39.4844104	73.5850508	4519.9
4436	464.6	463.6	464.6	369,1061,8,4	105.1	39.4851999	73.5851700	4513.8
4437	207.3	207.3	207.3	289,177,16,2	105.0	39.4844130	73.5850505	4519.9
4438	372.5	370.5	372.5	1233,727,8,7	105.0	39.4846328	73.5853490	4518.9
4439	38.1	38.1	38.1	393,301,12,4	104.9	39.4841013	73.5849538	4498.0
4440	377.5	377.5	377.5	85,85,4,10	104.9	39.4848814	73.5853670	4512.5
4441	23.0	23.0	23.0	1328,1006,6,11	104.8	39.4840480	73.5849405	4498.0
4442	29.0	29.0	29.0	1260,1026,5,7	104.8	39.4840502	73.5849414	4498.0
4443	340.5	340.5	340.5	858,1011,5,13	104.7	39.4844622	73.5852439	4526.8
4444	503.7	503.7	503.7	568,1003,5,6	104.7	39.4851956	73.5851679	4513.8
4445	384.5	384.5	385.5	755,769,9,4	104.5	39.4852029	73.5851679	4513.7
4446	421.6	421.6	421.6	1161,357,4,10	104.5	39.4852011	73.5851714	4513.9
4447	260.3	260.3	260.3	5,549,4,12	104.4	39.4844054	73.5850511	4519.9
4448	109.1	109.1	109.1	37,569,9,8	104.3	39.4844236	73.5850485	4519.8
4449	76.1	76.1	76.1	199,992,4,9	104.2	39.4844237	73.5850494	4519.9
4450	269.4	269.4	269.4	1075,635,6,6	104.2	39.4844039	73.5850508	4519.9
4451	409.5	409.5	409.5	1419,833,6,8	104.2	39.4852031	73.5851705	4513.9
4452	9.0	9.0	13.0	386,417,5,8	104.1	39.4840448	73.5849413	4498.0
4453	201.3	201.3	201.3	465,1017,6,6	104.1	39.4844138	73.5850496	4519.9
4454	223.3	223.3	223.3	1785,921,6,6	104.1	39.4844086	73.5850508	4519.9
4455	50.1	50.1	50.1	1027,486,8,5	104.0	39.4844230	73.5850516	4497.9
4456	278.4	278.4	278.4	255,17,5,12	104.0	39.4843978	73.5850829	4525.3
4457	381.5	381.5	381.5	1080,320,4,15	104.0	39.4851785	73.5851857	4513.7
4458	188.2	185.2	188.2	1653,633,10,4	103.9	39.4844149	73.5850484	4519.8
4459	468.6	468.6	468.6	327,949,10,4	103.8	39.4851989	73.5851704	4513.8
4460	269.4	269.4	272.4	625,1046,9,7	103.7	39.4844039	73.5850508	4519.9
4461	383.5	380.5	383.5	1101,161,4,8	103.7	39.4852019	73.5851698	4513.7
4462	85.1	85.1	85.1	1407,229,6,15	103.6	39.4844251	73.5850467	4519.9
4463	117.2	117.2	117.2	153,257,8,4	103.6	39.4844232	73.5850473	4519.8
4464	374.5	374.5	374.5	23,509,4,12	103.6	39.4847195	73.5854177	4514.6
4465	64.1	64.1	64.1	1917,692,3,13	103.5	39.4844205	73.5850514	4514.7
4466	386.5	386.5	386.5	1543,1065,6,8	103.5	39.4852029	73.5851681	4513.7
4467	28.0	28.0	28.0	749,296,4,9	103.4	39.4840498	73.5849411	4497.9
4468	34.0	34.0	34.0	1767,859,10,4	103.4	39.4840525	73.5849419	4498.0
4469	184.2	181.2	185.2	1832,99,11,4	103.4	39.4844149	73.5850487	4519.9
4470	203.3	203.3	203.3	1267,825,4,8	103.4	39.4844136	73.5850500	4519.9
4471	251.3	251.3	251.3	1875,1076,12,4	103.4	39.4844064	73.5850501	4519.9
4472	31.0	31.0	31.0	1897,305,8,5	103.2	39.4840511	73.5849419	4498.0
4473	18.0	18.0	18.0	1761,433,5,8	103.0	39.4840471	73.5849417	4498.0
4474	34.0	34.0	38.1	1045,739,10,6	103.0	39.4840525	73.5849419	4498.0
4475	114.2	114.2	114.2	1633,281,8,5	103.0	39.4844237	73.5850471	4519.8
4476	208.3	208.3	208.3	203,947,6,6	103.0	39.4844129	73.5850507	4519.9
4477	31.0	31.0	31.0	1345,1037,10,6	102.9	39.4840511	73.5849419	4498.0
4478	39.1	39.1	41.1	851,315,4,8	102.9	39.4841380	73.5849640	4498.0
4479	70.1	70.1	70.1	1239,739,8,4	102.9	39.4844203	73.5850519	4519.9
4480	169.2	169.2	169.2	985,745,8,10	102.9	39.4844162	73.5850466	4519.8
4481	374.5	374.5	374.5	1197,989,4,10	102.9	39.4847195	73.5854177	4514.6
4482	65.1	65.1	65.1	1359,411,14,5	102.8	39.4844204	73.5850514	4516.4
4483	175.2	175.2	175.2	891,170,10,5	102.8	39.4844161	73.5850469	4519.8
4484	466.6	466.6	466.6	159,65,8,6	102.8	39.4851994	73.5851703	4513.8
4485	513.7	513.7	513.7	1289,373,8,6	102.8	39.4852759	73.5853853	4514.0
4486	170.2	170.2	170.2	1520,529,5,8	102.7	39.4844163	73.5850466	4519.8
4487	466.6	466.6	466.6	515,516,6,9	102.7	39.4851994	73.5851703	4513.8
4488	251.3	251.3	251.3	833,553,8,4	102.6	39.4844064	73.5850501	4519.9
4489	327.4	327.4	327.4	1828,476,7,6	102.4	39.4844623	73.5852430	4526.8
4490	159.2	159.2	159.2	113,1011,6,6	102.2	39.4844176	73.5850479	4519.8
4491	461.6	461.6	463.6	801,525,8,4	102.2	39.4852009	73.5851693	4513.8
4492	62.1	62.1	62.1	215,124,7,5	102.1	39.4844209	73.5850509	4511.5
4493	175.2	175.2	175.2	803,121,12,6	102.1	39.4844161	73.5850469	4519.8
4494	9.0	5.0	9.0	1209,519,8,4	102.0	39.4840448	73.5849413	4498.0
4495	383.5	383.5	383.5	224,1055,8,4	101.7	39.4852019	73.5851698	4513.7
4496	25.0	23.0	26.0	203,49,5,8	101.6	39.4840488	73.5849407	4498.0
4497	25.0	22.0	25.0	1835,419,4,10	101.4	39.4840488	73.5849407	4498.0
4498	65.1	65.1	65.1	325,953,4,8	101.4	39.4844204	73.5850514	4516.4
4499	157.2	157.2	157.2	280,1066,9,7	101.1	39.4844179	73.5850484	4519.8
4500	369.5	368.5	369.5	1161,473,7,4	101.1	39.4845137	73.5852682	4525.6
4501	394.5	394.5	394.5	377,1035,4,6	101.0	39.4852016	73.5851692	4513.7
4502	109.1	109.1	109.1	165,1041,4,8	100.9	39.4844236	73.5850485	4519.8
4503	465.6	465.6	465.6	241,935,8,4	100.9	39.4851998	73.5851702	4513.8
4504	510.7	510.7	510.7	665,857,8,4	100.9	39.4851994	73.5851918	4513.9
4505	193.3	193.3	193.3	21,905,6,8	100.8	39.4844144	73.5850480	4519.9
4506	385.5	385.5	385.5	467,824,5,9	100.8	39.4852030	73.5851677	4513.7
4507	413.5	413.5	413.5	1153,730,7,5	100.8	39.4852028	73.5851714	4513.8
4508	12.0	12.0	12.0	1313,345,4,8	100.7	39.4840453	73.5849418	4498.0
4509	34.0	34.0	34.0	1395,583,4,8	100.7	39.4840525	73.5849419	4498.0
4510	192.3	192.3	192.3	41,841,6,4	100.5	39.4844150	73.5850480	4519.9
4511	11.0	11.0	11.0	1169,765,8,4	100.3	39.4840448	73.5849415	4498.0
4512	43.1	43.1	43.1	893,489,4,8	100.3	39.4843002	73.5850128	4497.9
4513	412.5	412.5	412.5	1287,497,4,8	100.3	39.4852029	73.5851710	4513.8
4514	181.2	181.2	184.2	1153,763,8,6	100.2	39.4844154	73.5850486	4519.8
4515	60.1	60.1	60.1	404,833,7,5	100.1	39.4844211	73.5850506	4508.1
4516	277.4	277.4	277.4	1425,517,8,7	100.1	39.4844018	73.5850627	4523.7
4517	269.4	269.4	269.4	633,131,8,4	100.0	39.4844039	73.5850508	4519.9
4518	271.4	271.4	271.4	601,753,12,8	100.0	39.4844040	73.5850509	4519.9
4519	158.2	158.2	158.2	672,267,5,7	99.9	39.4844179	73.5850482	4519.8
4520	0.0	0.0	0.0	1260,760,12,6	99.6	39.4840419	73.5849410	4497.9
4521	43.1	43.1	43.1	676,325,9,5	99.6	39.4843002	73.5850128	4497.9
4522	117.2	117.2	117.2	1034,41,7,5	99.6	39.4844232	73.5850473	4519.8
4523	207.3	207.3	207.3	393,363,6,6	99.5	39.4844130	73.5850505	4519.9
4524	413.5	413.5	413.5	674,219,6,6	99.5	39.4852028	73.5851714	4513.8
4525	69.1	69.1	69.1	1735,723,4,8	99.4	39.4844198	73.5850520	4519.9
4526	332.4	332.4	332.4	601,965,6,6	99.4	39.4844630	73.5852444	4526.8
4527	408.5	408.5	411.5	1897,1061,4,8	99.4	39.4852031	73.5851703	4513.8
4528	430.6	430.6	430.6	771,793,6,6	99.3	39.4851998	73.5851720	4513.9
4529	502.7	502.7	502.7	1285,109,6,4	99.3	39.4851957	73.5851678	4513.8
4530	49.1	49.1	49.1	1228,785,5,8	99.1	39.4844220	73.5850513	4497.9
4531	5.0	5.0	5.0	1421,665,4,8	99.0	39.4840453	73.5849410	4498.0
4532	177.2	177.2	177.2	32,871,9,4	98.8	39.4844155	73.5850472	4519.8
4533	36.0	36.0	36.0	81,123,8,4	98.7	39.4840566	73.5849419	4497.9
4534	435.6	435.6	435.6	1355,981,6,6	98.6	39.4852006	73.5851723	4513.9
4535	341.5	341.5	341.5	1361,313,10,7	98.5	39.4844621	73.5852441	4526.8
4536	420.6	420.6	420.6	1441,1007,8,6	98.5	39.4852015	73.5851716	4513.9
4537	58.1	58.1	59.1	1721,501,8,4	98.4	39.4844219	73.5850504	4504.6
4538	243.3	243.3	243.3	1495,530,4,15	98.4	39.4844066	73.5850512	4519.9
4539	396.5	396.5	396.5	944,117,9,4	98.3	39.4852018	73.5851691	4513.8
4540	94.1	94.1	94.1	321,7,6,6	98.1	39.4844233	73.5850464	4519.8
4541	418.6	418.6	418.6	1815,545,4,6	98.1	39.4852018	73.5851716	4513.9
4542	48.1	48.1	50.1	1193,593,2,16	98.0	39.4844108	73.5850477	4498.0
4543	62.1	62.1	62.1	331,529,6,6	98.0	39.4844209	73.5850509	4511.5
4544	68.1	68.1	68.1	1913,475,7,4	98.0	39.4844201	73.5850517	4519.9
4545	215.3	215.3	215.3	521,35,6,8	98.0	39.4844109	73.5850510	4519.9
4546	365.5	365.5	368.5	963,1011,4,11	97.9	39.4844657	73.5852434	4526.9
4547	79.1	79.1	79.1	381,1050,6,10	97.7	39.4844245	73.5850479	4519.9
4548	61.1	61.1	61.1	73,601,8,5	97.6	39.4844210	73.5850507	4509.9
4549	178.2	178.2	178.2	53,85,8,8	97.5	39.4844153	73.5850474	4519.8
4550	24.0	24.0	24.0	323,763,6,6	97.4	39.4840484	73.5849406	4498.0
4551	412.5	410.5	412.5	1362,833,5,6	97.4	39.4852029	73.5851710	4513.8
4552	113.1	113.1	114.2	99,1035,2,13	97.3	39.4844239	73.5850472	4519.8
4553	174.2	174.2	174.2	33,273,4,8	97.3	39.4844161	73.5850469	4519.8
4554	162.2	162.2	162.2	637,277,6,8	97.2	39.4844177	73.5850474	4519.8
4555	94.1	94.1	94.1	733,601,4,10	97.0	39.4844233	73.5850464	4519.8
4556	422.6	422.6	422.6	152,418,8,5	97.0	39.4852010	73.5851713	4513.9
4557	187.2	187.2	187.2	934,887,7,4	96.9	39.4844148	73.5850486	4519.8
4558	287.4	287.4	287.4	1554,29,7,7	96.8	39.4844609	73.5852439	4526.8
4559	12.0	12.0	12.0	539,55,6,10	96.7	39.4840453	73.5849418	4498.0
4560	80.1	80.1	80.1	177,1067,3,10	96.7	39.4844242	73.5850474	4519.8
4561	189.3	188.2	189.3	1897,235,5,6	96.7	39.4844148	73.5850483	4519.7
4562	157.2	157.2	157.2	1025,241,5,8	96.5	39.4844179	73.5850484	4519.8
4563	384.5	384.5	384.5	641,373,5,12	96.2	39.4852029	73.5851679	4513.7
4564	186.2	186.2	186.2	1181,79,4,8	96.1	39.4844150	73.5850487	4519.9
4565	274.4	273.4	282.4	913,763,8,6	96.1	39.4844042	73.5850505	4519.9
4566	418.6	418.6	418.6	901,65,5,10	96.1	39.4852018	73.5851716	4513.9
4567	50.1	50.1	56.1	897,34,6,7	96.0	39.4844230	73.5850516	4497.9
4568	287.4	279.4	287.4	1462,440,5,8	96.0	39.4844609	73.5852439	4526.8
4569	61.1	61.1	61.1	889,161,4,8	95.9	39.4844210	73.5850507	4509.9
4570	255.3	255.3	255.3	193,533,6,4	95.9	39.4844058	73.5850508	4519.9
4571	269.4	269.4	269.4	733,449,8,8	95.9	39.4844039	73.5850508	4519.9
4572	512.7	512.7	512.7	786,629,6,7	95.9	39.4852321	73.5853126	4513.9
4573	107.1	107.1	107.1	305,499,6,15	95.8	39.4844230	73.5850485	4519.8
4574	455.6	455.6	455.6	579,823,5,6	95.8	39.4852025	73.5851683	4513.8
4575	25.0	25.0	25.0	305,597,8,4	95.7	39.4840488	73.5849407	4498.0
4576	44.1	42.1	45.1	475,172,4,14	95.7	39.4843298	73.5850221	4497.9
4577	77.1	77.1	80.1	1892,597,11,4	95.7	39.4844242	73.5850487	4519.9
4578	172.2	171.2	172.2	491,337,4,8	95.7	39.4844165	73.5850469	4519.8
4579	333.4	333.4	333.4	385,405,8,4	95.6	39.4844629	73.5852442	4526.8
4580	94.1	94.1	94.1	219,0,9,7	95.5	39.4844233	73.5850464	4519.8
4581	61.1	61.1	61.1	847,1077,9,3	95.4	39.4844210	73.5850507	4509.9
4582	254.3	254.3	254.3	396,457,5,8	95.2	39.4844061	73.5850506	4519.9
4583	279.4	275.4	282.4	1721,33,4,10	95.2	39.4843961	73.5851097	4526.4
4584	414.5	414.5	414.5	4,387,8,4	95.2	39.4852027	73.5851715	4513.9
4585	69.1	69.1	69.1	393,185,6,6	95.1	39.4844198	73.5850520	4519.9
4586	6.0	6.0	6.0	1111,839,7,6	95.0	39.4840454	73.5849411	4498.0
4587	162.2	162.2	162.2	1031,587,9,3	95.0	39.4844177	73.5850474	4519.8
4588	181.2	181.2	181.2	1392,325,11,4	95.0	39.4844154	73.5850486	4519.8
4589	8.0	8.0	8.0	1787,163,7,4	94.9	39.4840452	73.5849413	4498.0
4590	185.2	185.2	185.2	489,487,11,4	94.9	39.4844149	73.5850486	4519.9
4591	215.3	215.3	215.3	803,155,8,6	94.9	39.4844109	73.5850510	4519.9
4592	377.5	374.5	377.5	1543,651,4,6	94.9	39.4848814	73.5853670	4512.5
4593	0.0	0.0	0.0	1104,977,6,8	94.8	39.4840419	73.5849410	4497.9
4594	380.5	380.5	380.5	1821,887,4,10	94.7	39.4851189	73.5852181	4513.7
4595	405.5	405.5	405.5	463,193,9,8	94.6	39.4852030	73.5851698	4513.8
4596	408.5	408.5	408.5	1679,793,4,8	94.5	39.4852031	73.5851703	4513.8
4597	400.5	400.5	400.5	1913,379,4,6	94.4	39.4852025	73.5851697	4513.8
4598	417.6	417.6	417.6	593,1051,4,6	94.4	39.4852019	73.5851716	4513.8
4599	6.0	6.0	6.0	1795,795,10,5	94.3	39.4840454	73.5849411	4498.0
4600	454.6	454.6	455.6	167,951,10,4	94.3	39.4852025	73.5851681	4513.8
4601	49.1	49.1	53.1	1825,314,8,6	94.1	39.4844220	73.5850513	4497.9
4602	205.3	205.3	205.3	1241,485,10,4	94.1	39.4844136	73.5850504	4519.9
4603	327.4	327.4	327.4	759,149,10,12	94.0	39.4844623	73.5852430	4526.8
4604	277.4	273.4	285.4	1093,849,6,8	93.9	39.4844018	73.5850627	4523.7
4605	422.6	422.6	422.6	1801,597,8,4	93.9	39.4852010	73.5851713	4513.9
4606	29.0	29.0	32.0	363,852,6,9	93.8	39.4840502	73.5849414	4498.0
4607	208.3	208.3	208.3	945,933,6,6	93.8	39.4844129	73.5850507	4519.9
4608	161.2	160.2	161.2	949,201,4,8	93.6	39.4844178	73.5850476	4519.8
4609	288.4	288.4	288.4	1659,109,6,6	93.6	39.4844608	73.5852434	4526.8
4610	37.0	37.0	37.0	1467,1043,4,8	93.5	39.4840724	73.5849459	4497.9
4611	175.2	175.2	175.2	753,842,7,5	93.5	39.4844161	73.5850469	4519.8
4612	396.5	396.5	396.5	140,721,11,6	93.5	39.4852018	73.5851691	4513.8
4613	172.2	172.2	172.2	425,245,8,8	93.3	39.4844165	73.5850469	4519.8
4614	186.2	184.2	189.3	1339,920,6,9	93.2	39.4844150	73.5850487	4519.9
4615	18.0	18.0	20.0	850,471,3,14	93.1	39.4840471	73.5849417	4498.0
4616	161.2	161.2	161.2	1899,409,6,7	93.1	39.4844178	73.5850476	4519.8
4617	379.5	379.5	379.5	1569,201,4,8	93.1	39.4850332	73.5852640	4513.0
4618	64.1	64.1	64.1	265,301,8,4	93.0	39.4844205	73.5850514	4514.7
4619	386.5	386.5	386.5	1323,954,6,6	93.0	39.4852029	73.5851681	4513.7
4620	269.4	269.4	269.4	1485,17,4,8	92.9	39.4844039	73.5850508	4519.9
4621	454.6	454.6	454.6	1475,811,4,6	92.9	39.4852025	73.5851681	4513.8
4622	95.1	95.1	95.1	1460,305,9,5	92.8	39.4844231	73.5850465	4519.8
4623	377.5	377.5	377.5	1895,323,4,6	92.8	39.4848814	73.5853670	4512.5
4624	37.0	36.0	37.0	1869,209,4,8	92.7	39.4840724	73.5849459	4497.9
4625	162.2	162.2	162.2	988,59,5,6	92.7	39.4844177	73.5850474	4519.8
4626	15.0	15.0	15.0	1145,81,8,11	92.6	39.4840467	73.5849422	4498.0
4627	277.4	273.4	277.4	244,1001,6,5	92.5	39.4844018	73.5850627	4523.7
4628	13.0	13.0	13.0	1233,1045,6,6	92.4	39.4840458	73.5849421	4498.0
4629	77.1	77.1	79.1	803,625,4,8	92.4	39.4844242	73.5850487	4519.9
4630	64.1	64.1	64.1	1835,329,6,6	92.3	39.4844205	73.5850514	4514.7
4631	184.2	184.2	184.2	815,519,10,4	92.3	39.4844149	73.5850487	4519.9
4632	283.4	283.4	285.4	177,251,8,7	92.3	39.4844518	73.5852321	4526.8
4633	95.1	95.1	95.1	1113,95,10,6	92.1	39.4844231	73.5850465	4519.8
4634	201.3	201.3	201.3	81,785,3,10	92.1	39.4844138	73.5850496	4519.9
4635	61.1	61.1	61.1	657,40,6,5	92.0	39.4844210	73.5850507	4509.9
4636	188.2	188.2	188.2	0,321,3,8	92.0	39.4844149	73.5850484	4519.8
4637	201.3	201.3	201.3	36,925,7,6	91.9	39.4844138	73.5850496	4519.9
4638	179.2	179.2	179.2	1131,895,4,6	91.7	39.4844150	73.5850477	4519.8
4639	379.5	379.5	379.5	795,849,6,5	91.7	39.4850332	73.5852640	4513.0
4640	462.6	462.6	462.6	805,849,6,8	91.7	39.4852003	73.5851697	4513.8
4641	392.5	392.5	392.5	1540,197,6,6	91.6	39.4852018	73.5851688	4513.8
4642	61.1	61.1	61.1	686,1033,11,8	91.5	39.4844210	73.5850507	4509.9
4643	417.6	413.5	417.6	1499,995,6,4	91.4	39.4852019	73.5851716	4513.8
4644	62.1	62.1	62.1	1345,913,8,8	91.2	39.4844209	73.5850509	4511.5
4645	460.6	460.6	460.6	219,261,6,6	91.1	39.4852012	73.5851690	4513.8
4646	43.1	43.1	43.1	1473,1043,7,6	91.0	39.4843002	73.5850128	4497.9
4647	381.5	381.5	381.5	892,446,7,7	91.0	39.4851785	73.5851857	4513.7
4648	401.5	401.5	401.5	1809,1002,4,10	91.0	39.4852025	73.5851701	4513.8
4649	420.6	420.6	420.6	347,41,8,8	91.0	39.4852015	73.5851716	4513.9
4650	377.5	377.5	377.5	150,194,6,13	90.9	39.4848814	73.5853670	4512.5
4651	392.5	392.5	392.5	412,233,9,8	90.8	39.4852018	73.5851688	4513.8
4652	76.1	76.1	76.1	528,389,9,4	90.7	39.4844237	73.5850494	4519.9
4653	184.2	184.2	184.2	843,145,10,4	90.7	39.4844149	73.5850487	4519.9
4654	372.5	372.5	372.5	1589,1059,9,3	90.7	39.4846328	73.5853490	4518.9
4655	162.2	162.2	162.2	884,221,5,7	90.6	39.4844177	73.5850474	4519.8
4656	327.4	327.4	327.4	353,594,4,7	90.6	39.4844623	73.5852430	4526.8
4657	62.1	62.1	62.1	503,349,6,9	90.5	39.4844209	73.5850509	4511.5
4658	178.2	178.2	178.2	289,865,4,6	90.5	39.4844153	73.5850474	4519.8
4659	373.5	373.5	373.5	667,1025,6,8	90.5	39.4846761	73.5853836	4516.7
4660	117.2	117.2	117.2	1553,455,10,6	90.4	39.4844232	73.5850473	4519.8
4661	0.0	0.0	0.0	1593,961,8,4	90.3	39.4840419	73.5849410	4497.9
4662	29.0	29.0	29.0	121,985,4,6	90.3	39.4840502	73.5849414	4498.0
4663	60.1	59.1	60.1	801,889,4,8	90.3	39.4844211	73.5850506	4508.1
4664	375.5	371.5	375.5	545,889,6,8	90.3	39.4847683	73.5854330	4512.9
4665	396.5	396.5	396.5	863,29,4,8	90.3	39.4852018	73.5851691	4513.8
4666	270.4	270.4	270.4	1038,557,12,4	90.2	39.4844039	73.5850510	4519.9
4667	175.2	175.2	175.2	609,235,4,10	90.1	39.4844161	73.5850469	4519.8
4668	382.5	382.5	382.5	1633,765,6,5	90.1	39.4851977	73.5851740	4513.7
4669	0.0	0.0	0.0	682,149,7,4	90.0	39.4840419	73.5849410	4497.9
4670	157.2	157.2	157.2	373,807,6,6	90.0	39.4844179	73.5850484	4519.8
4671	278.4	278.4	279.4	842,459,7,4	90.0	39.4843978	73.5850829	4525.3
4672	24.0	23.0	24.0	436,34,9,9	89.9	39.4840484	73.5849406	4498.0
4673	27.0	27.0	30.0	1347,1075,6,5	89.9	39.4840496	73.5849409	4498.0
4674	380.5	380.5	380.5	1153,561,6,6	89.9	39.4851189	73.5852181	4513.7
4675	502.7	502.7	502.7	1136,907,6,6	89.6	39.4851957	73.5851678	4513.8
4676	156.2	156.2	156.2	1189,1053,8,4	89.5	39.4844185	73.5850486	4519.8
4677	400.5	400.5	400.5	897,243,8,4	89.4	39.4852025	73.5851697	4513.8
4678	157.2	157.2	159.2	955,545,6,8	89.3	39.4844179	73.5850484	4519.8
4679	502.7	502.7	502.7	465,133,4,6	89.3	39.4851957	73.5851678	4513.8
4680	79.1	78.1	79.1	1813,186,5,6	89.1	39.4844245	73.5850479	4519.9
4681	279.4	279.4	281.4	1889,93,5,6	89.1	39.4843961	73.5851097	4526.4
4682	24.0	24.0	24.0	1729,988,12,4	89.0	39.4840484	73.5849406	4498.0
4683	414.5	413.5	414.5	1169,540,7,5	89.0	39.4852027	73.5851715	4513.9
4684	73.1	73.1	73.1	1721,1035,8,5	88.9	39.4844219	73.5850506	4519.9
4685	59.1	59.1	59.1	1673,783,8,6	88.8	39.4844215	73.5850506	4506.3
4686	270.4	270.4	270.4	346,33,4,7	88.8	39.4844039	73.5850510	4519.9
4687	400.5	400.5	401.5	1441,753,4,8	88.8	39.4852025	73.5851697	4513.8
4688	14.0	14.0	14.0	873,49,4,8	88.7	39.4840463	73.5849421	4498.0
4689	392.5	392.5	392.5	493,315,6,10	88.7	39.4852018	73.5851688	4513.8
4690	79.1	79.1	79.1	817,465,5,6	88.6	39.4844245	73.5850479	4519.9
4691	203.3	203.3	203.3	285,476,6,7	88.5	39.4844136	73.5850500	4519.9
4692	463.6	462.6	463.6	633,989,8,4	88.5	39.4852001	73.5851700	4513.8
4693	16.0	16.0	16.0	293,1042,6,5	88.3	39.4840470	73.5849422	4498.0
4694	201.3	201.3	201.3	797,87,8,6	88.3	39.4844138	73.5850496	4519.9
4695	393.5	393.5	394.5	469,699,4,6	88.3	39.4852016	73.5851692	4513.8
4696	159.2	159.2	159.2	836,119,6,5	88.2	39.4844176	73.5850479	4519.8
4697	208.3	208.3	208.3	1566,1039,5,6	88.2	39.4844129	73.5850507	4519.9
4698	175.2	175.2	175.2	61,357,4,8	88.1	39.4844161	73.5850469	4519.8
4699	188.2	188.2	188.2	1108,998,13,5	88.1	39.4844149	73.5850484	4519.8
4700	80.1	80.1	80.1	233,951,6,5	88.0	39.4844242	73.5850474	4519.8
4701	333.4	333.4	333.4	659,1063,6,10	87.8	39.4844629	73.5852442	4526.8
4702	86.1	86.1	86.1	841,305,4,8	87.7	39.4844250	73.5850465	4519.9
4703	30.0	30.0	30.0	1267,771,6,4	87.6	39.4840507	73.5849417	4498.0
4704	50.1	46.1	51.1	600,533,6,6	87.6	39.4844230	73.5850516	4497.9
4705	161.2	161.2	161.2	707,786,6,7	87.5	39.4844178	73.5850476	4519.8
4706	61.1	61.1	61.1	1645,660,6,6	87.3	39.4844210	73.5850507	4509.9
4707	269.4	269.4	269.4	1667,793,12,6	87.3	39.4844039	73.5850508	4519.9
4708	184.2	184.2	184.2	1585,601,8,8	87.2	39.4844149	73.5850487	4519.9
4709	65.1	65.1	65.1	148,330,7,5	87.1	39.4844204	73.5850514	4516.4
4710	288.4	288.4	288.4	916,73,5,6	87.1	39.4844608	73.5852434	4526.8
4711	417.6	417.6	417.6	1659,0,6,5	87.1	39.4852019	73.5851716	4513.8
4712	365.5	365.5	365.5	473,567,9,5	87.0	39.4844657	73.5852434	4526.9
4713	54.1	54.1	54.1	1354,13,11,4	86.9	39.4844210	73.5850514	4498.1
4714	203.3	203.3	203.3	1028,0,5,5	86.9	39.4844136	73.5850500	4519.9
4715	288.4	288.4	288.4	566,415,5,6	86.9	39.4844608	73.5852434	4526.8
4716	333.4	333.4	333.4	1513,163,7,4	86.9	39.4844629	73.5852442	4526.8
4717	43.1	43.1	43.1	967,459,4,8	86.7	39.4843002	73.5850128	4497.9
4718	73.1	73.1	73.1	397,933,4,6	86.6	39.4844219	73.5850506	4519.9
4719	170.2	170.2	170.2	1313,515,8,4	86.6	39.4844163	73.5850466	4519.8
4720	284.4	283.4	284.4	1493,826,7,7	86.6	39.4844596	73.5852423	4526.8
4721	411.5	411.5	411.5	1131,881,4,6	86.6	39.4852030	73.5851709	4513.8
4722	78.1	77.1	78.1	859,475,6,6	86.5	39.4844245	73.5850483	4519.9
4723	190.3	190.3	190.3	505,883,6,6	86.5	39.4844149	73.5850482	4519.8
4724	2.0	2.0	2.0	1327,1065,5,7	86.3	39.4840438	73.5849408	4497.9
4725	61.1	61.1	61.1	307,491,4,6	86.3	39.4844210	73.5850507	4509.9
4726	272.4	272.4	272.4	849,945,6,6	86.3	39.4844041	73.5850508	4519.9
4727	513.7	513.7	513.7	367,51,4,6	86.2	39.4852759	73.5853853	4514.0
4728	16.0	16.0	16.0	1483,1047,8,6	86.1	39.4840470	73.5849422	4498.0
4729	375.5	375.5	375.5	1006,500,6,5	86.1	39.4847683	73.5854330	4512.9
4730	179.2	179.2	179.2	383,929,6,8	85.6	39.4844150	73.5850477	4519.8
4731	255.3	255.3	255.3	1441,288,7,5	85.6	39.4844058	73.5850508	4519.9
4732	18.0	17.0	19.0	996,421,9,8	85.5	39.4840471	73.5849417	4498.0
4733	458.6	458.6	458.6	823,40,6,5	85.2	39.4852016	73.5851685	4513.8
4734	48.1	47.1	48.1	1861,483,6,6	85.0	39.4844108	73.5850477	4498.0
4735	63.1	63.1	63.1	1277,620,12,3	84.9	39.4844205	73.5850511	4513.1
4736	288.4	288.4	288.4	65,449,8,6	84.9	39.4844608	73.5852434	4526.8
4737	278.4	278.4	280.4	1409,785,4,8	84.8	39.4843978	73.5850829	4525.3
4738	79.1	78.1	79.1	17,967,4,11	84.7	39.4844245	73.5850479	4519.9
4739	286.4	282.4	286.4	1772,377,5,6	84.7	39.4844609	73.5852443	4526.8
4740	2.0	2.0	2.0	1665,781,7,4	84.6	39.4840438	73.5849408	4497.9
4741	65.1	65.1	65.1	986,571,7,4	84.5	39.4844204	73.5850514	4516.4
4742	80.1	80.1	80.1	1741,85,8,6	84.5	39.4844242	73.5850474	4519.8
4743	405.5	403.5	405.5	1249,789,6,7	84.5	39.4852030	73.5851698	4513.8
4744	42.1	40.1	43.1	1449,353,6,4	84.3	39.4842642	73.5850016	4497.9
4745	272.4	272.4	272.4	1273,1035,6,5	84.3	39.4844041	73.5850508	4519.9
4746	30.0	30.0	30.0	950,0,5,8	84.2	39.4840507	73.5849417	4498.0
4747	255.3	255.3	255.3	1161,973,13,8	84.2	39.4844058	73.5850508	4519.9
4748	2.0	2.0	5.0	333,873,6,4	84.1	39.4840438	73.5849408	4497.9
4749	73.1	73.1	73.1	1857,689,6,4	84.1	39.4844219	73.5850506	4519.9
4750	60.1	60.1	60.1	1817,441,4,8	83.9	39.4844211	73.5850506	4508.1
4751	181.2	181.2	183.2	919,663,6,4	83.9	39.4844154	73.5850486	4519.8
4752	458.6	458.6	458.6	473,0,4,7	83.9	39.4852016	73.5851685	4513.8
4753	370.5	370.5	370.5	25,650,12,7	83.7	39.4845497	73.5852895	4523.3
4754	159.2	159.2	159.2	1547,467,4,6	83.6	39.4844176	73.5850479	4519.8
4755	380.5	380.5	380.5	1059,297,4,6	83.6	39.4851189	73.5852181	4513.7
4756	34.0	34.0	34.0	225,1027,8,4	83.4	39.4840525	73.5849419	4498.0
4757	45.1	45.1	45.1	1861,156,3,10	83.4	39.4843546	73.5850300	4497.9
4758	158.2	157.2	158.2	739,133,16,2	83.3	39.4844179	73.5850482	4519.8
4759	178.2	178.2	178.2	916,620,6,8	83.3	39.4844153	73.5850474	4519.8
4760	181.2	181.2	181.2	1562,308,7,5	83.3	39.4844154	73.5850486	4519.8
4761	280.4	280.4	282.4	152,355,4,9	83.2	39.4844022	73.5851403	4526.8
4762	69.1	69.1	69.1	1413,553,4,8	83.1	39.4844198	73.5850520	4519.9
4763	76.1	76.1	76.1	1025,1057,4,8	83.1	39.4844237	73.5850494	4519.9
4764	61.1	61.1	61.1	1023,50,5,8	83.0	39.4844210	73.5850507	4509.9
4765	46.1	46.1	48.1	935,434,6,6	82.9	39.4843759	73.5850367	4497.9
4766	392.5	392.5	392.5	1799,744,4,9	82.9	39.4852018	73.5851688	4513.8
4767	14.0	14.0	14.0	696,381,4,10	82.8	39.4840463	73.5849421	4498.0
4768	21.0	21.0	23.0	17,569,7,4	82.7	39.4840471	73.5849408	4498.0
4769	115.2	115.2	115.2	9,801,3,8	82.7	39.4844235	73.5850471	4519.8
4770	51.1	51.1	56.1	1196,80,5,6	82.4	39.4844224	73.5850513	4497.9
4771	385.5	385.5	385.5	625,489,8,4	82.4	39.4852030	73.5851677	4513.7
4772	375.5	375.5	375.5	1592,1025,5,9	81.9	39.4847683	73.5854330	4512.9
4773	430.6	430.6	430.6	1236,813,11,6	81.9	39.4851998	73.5851720	4513.9
4774	205.3	205.3	205.3	191,227,4,6	81.8	39.4844136	73.5850504	4519.9
4775	394.5	394.5	395.5	142,712,3,9	81.8	39.4852016	73.5851692	4513.7
4776	27.0	27.0	27.0	1881,620,8,5	81.7	39.4840496	73.5849409	4498.0
4777	57.1	57.1	57.1	1313,701,10,6	81.6	39.4844222	73.5850502	4502.9
4778	62.1	62.1	62.1	1545,1003,6,4	81.3	39.4844209	73.5850509	4511.5
4779	371.5	371.5	371.5	1442,601,7,4	81.1	39.4845902	73.5853170	4521.1
4780	42.1	42.1	42.1	761,257,4,8	81.0	39.4842642	73.5850016	4497.9
4781	401.5	401.5	401.5	147,57,6,4	80.9	39.4852025	73.5851701	4513.8
4782	410.5	410.5	410.5	1035,1075,4,5	80.9	39.4852030	73.5851708	4513.8
4783	42.1	42.1	42.1	1393,57,10,8	80.8	39.4842642	73.5850016	4497.9
4784	143.2	143.2	143.2	135,141,4,12	80.8	39.4844205	73.5850495	4519.8
4785	288.4	288.4	288.4	459,1003,6,6	80.6	39.4844608	73.5852434	4526.8
4786	76.1	76.1	76.1	1801,11,12,2	80.4	39.4844237	73.5850494	4519.9
4787	368.5	368.5	368.5	1689,33,4,6	80.1	39.4844859	73.5852531	4526.8
4788	178.2	178.2	178.2	1135,793,6,9	79.9	39.4844153	73.5850474	4519.8
4789	158.2	158.2	158.2	894,9,6,6	79.8	39.4844179	73.5850482	4519.8
4790	57.1	57.1	58.1	580,539,5,6	79.7	39.4844222	73.5850502	4502.9
4791	157.2	157.2	157.2	641,945,6,4	79.6	39.4844179	73.5850484	4519.8
4792	2.0	2.0	2.0	569,665,8,4	79.5	39.4840438	73.5849408	4497.9
4793	47.1	47.1	47.1	421,962,5,6	79.2	39.4843946	73.5850426	4498.0
4794	61.1	57.1	61.1	1350,741,11,3	79.2	39.4844210	73.5850507	4509.9
4795	65.1	65.1	65.1	502,229,5,6	79.2	39.4844204	73.5850514	4516.4
4796	412.5	412.5	412.5	1183,977,6,6	79.2	39.4852029	73.5851710	4513.8
4797	35.0	35.0	35.0	122,428,7,9	79.1	39.4840531	73.5849415	4498.0
4798	48.1	47.1	48.1	1195,987,6,6	79.1	39.4844108	73.5850477	4498.0
4799	8.0	8.0	8.0	672,314,8,6	79.0	39.4840452	73.5849413	4498.0
4800	36.0	36.0	36.0	581,361,8,6	78.9	39.4840566	73.5849419	4497.9
4801	160.2	160.2	160.2	737,217,6,4	78.9	39.4844178	73.5850476	4519.8
4802	272.4	272.4	272.4	1339,1051,4,6	78.9	39.4844041	73.5850508	4519.9
4803	8.0	8.0	8.0	1825,1057,8,4	78.8	39.4840452	73.5849413	4498.0
4804	203.3	203.3	203.3	905,0,6,3	78.8	39.4844136	73.5850500	4519.9
4805	271.4	271.4	271.4	519,891,5,6	78.8	39.4844040	73.5850509	4519.9
4806	85.1	85.1	88.1	1057,889,8,6	78.7	39.4844251	73.5850467	4519.9
4807	272.4	272.4	272.4	113,1035,6,4	78.7	39.4844041	73.5850508	4519.9
4808	405.5	405.5	405.5	1905,483,6,4	78.7	39.4852030	73.5851698	4513.8
4809	5.0	5.0	5.0	75,411,6,6	78.6	39.4840453	73.5849410	4498.0
4810	40.1	40.1	41.1	758,19,4,6	78.6	39.4841808	73.5849764	4498.0
4811	463.6	463.6	463.6	1051,1063,6,4	78.6	39.4852001	73.5851700	4513.8
4812	79.1	79.1	79.1	1531,21,6,4	78.5	39.4844245	73.5850479	4519.9
4813	187.2	187.2	187.2	1570,599,8,4	78.4	39.4844148	73.5850486	4519.8
4814	370.5	370.5	371.5	131,708,4,6	78.3	39.4845497	73.5852895	4523.3
4815	14.0	14.0	14.0	723,1067,6,9	78.2	39.4840463	73.5849421	4498.0
4816	177.2	177.2	177.2	1009,497,4,6	78.2	39.4844155	73.5850472	4519.8
4817	384.5	384.5	384.5	1003,644,6,5	78.2	39.4852029	73.5851679	4513.7
4818	159.2	159.2	159.2	33,341,5,6	78.1	39.4844176	73.5850479	4519.8
4819	179.2	179.2	179.2	801,769,8,4	78.1	39.4844150	73.5850477	4519.8
4820	49.1	49.1	49.1	499,0,4,8	78.0	39.4844220	73.5850513	4497.9
4821	187.2	187.2	187.2	577,539,6,6	78.0	39.4844148	73.5850486	4519.8
4822	271.4	271.4	273.4	827,689,4,5	78.0	39.4844040	73.5850509	4519.9
4823	373.5	373.5	373.5	449,493,8,4	78.0	39.4846761	73.5853836	4516.7
4824	420.6	420.6	420.6	243,25,6,7	77.9	39.4852015	73.5851716	4513.9
4825	19.0	18.0	19.0	1231,65,5,6	77.8	39.4840467	73.5849413	4498.0
4826	61.1	61.1	61.1	1911,146,9,7	77.5	39.4844210	73.5850507	4509.9
4827	46.1	46.1	46.1	1681,945,9,4	77.3	39.4843759	73.5850367	4497.9
4828	158.2	158.2	158.2	1181,1073,3,7	77.3	39.4844179	73.5850482	4519.8
4829	463.6	463.6	463.6	565,1018,4,7	77.3	39.4852001	73.5851700	4513.8
4830	58.1	57.1	58.1	1297,719,8,4	77.2	39.4844219	73.5850504	4504.6
4831	60.1	56.1	60.1	1904,305,5,7	77.2	39.4844211	73.5850506	4508.1
4832	285.4	285.4	285.4	89,1039,8,4	76.9	39.4844608	73.5852442	4526.8
4833	28.0	28.0	28.0	1285,17,3,8	76.8	39.4840498	73.5849411	4497.9
4834	37.0	37.0	37.0	1584,265,7,4	76.8	39.4840724	73.5849459	4497.9
4835	160.2	160.2	160.2	0,801,3,7	76.8	39.4844178	73.5850476	4519.8
4836	270.4	270.4	270.4	617,850,5,5	76.8	39.4844039	73.5850510	4519.9
4837	78.1	78.1	78.1	523,691,4,10	76.7	39.4844245	73.5850483	4519.9
4838	188.2	188.2	188.2	1511,969,6,4	76.7	39.4844149	73.5850484	4519.8
4839	187.2	187.2	187.2	1712,963,3,7	76.6	39.4844148	73.5850486	4519.8
4840	3.0	3.0	3.0	679,851,7,6	76.4	39.4840445	73.5849408	4498.0
4841	187.2	187.2	187.2	628,133,9,5	76.4	39.4844148	73.5850486	4519.8
4842	185.2	183.2	185.2	987,0,6,6	76.0	39.4844149	73.5850486	4519.9
4843	392.5	392.5	392.5	1199,5,5,7	76.0	39.4852018	73.5851688	4513.8
4844	161.2	161.2	161.2	1434,830,10,3	75.7	39.4844178	73.5850476	4519.8
4845	277.4	272.4	285.4	1446,259,6,8	75.7	39.4844018	73.5850627	4523.7
4846	4.0	4.0	4.0	625,201,8,4	75.6	39.4840451	73.5849409	4498.0
4847	280.4	279.4	280.4	1499,1065,7,8	75.5	39.4844022	73.5851403	4526.8
4848	48.1	48.1	48.1	689,499,8,4	75.4	39.4844108	73.5850477	4498.0
4849	58.1	55.1	58.1	1241,305,4,6	75.4	39.4844219	73.5850504	4504.6
4850	285.4	279.4	285.4	1081,545,4,6	75.3	39.4844608	73.5852442	4526.8
4851	275.4	275.4	275.4	834,403,7,6	75.1	39.4844043	73.5850505	4520.4
4852	401.5	401.5	401.5	1915,545,5,6	75.0	39.4852025	73.5851701	4513.8
4853	88.1	88.1	88.1	781,947,4,6	74.9	39.4844245	73.5850460	4519.8
4854	160.2	160.2	160.2	37,965,7,4	74.9	39.4844178	73.5850476	4519.8
4855	183.2	183.2	183.2	1905,357,8,4	74.9	39.4844150	73.5850486	4519.8
4856	503.7	503.7	503.7	273,713,3,8	74.9	39.4851956	73.5851679	4513.8
4857	420.6	420.6	420.6	156,283,5,6	74.4	39.4852015	73.5851716	4513.9
4858	3.0	3.0	3.0	798,36,7,4	74.3	39.4840445	73.5849408	4498.0
4859	4.0	4.0	4.0	1031,233,3,8	74.3	39.4840451	73.5849409	4498.0
4860	47.1	47.1	47.1	1757,843,5,4	74.2	39.4843946	73.5850426	4498.0
4861	287.4	287.4	287.4	1087,1016,4,6	74.2	39.4844609	73.5852439	4526.8
4862	403.5	403.5	403.5	1889,245,5,4	74.1	39.4852027	73.5851700	4513.8
4863	462.6	462.6	462.6	635,985,6,4	73.9	39.4852003	73.5851697	4513.8
4864	158.2	158.2	158.2	1915,25,5,4	73.8	39.4844179	73.5850482	4519.8
4865	392.5	392.5	392.5	63,604,6,5	73.8	39.4852018	73.5851688	4513.8
4866	86.1	86.1	86.1	1896,61,6,4	73.6	39.4844250	73.5850465	4519.9
4867	366.5	366.5	366.5	30,241,3,8	73.6	39.4844657	73.5852435	4526.9
4868	385.5	385.5	385.5	1780,457,6,4	73.4	39.4852030	73.5851677	4513.7
4869	27.0	27.0	27.0	1004,402,6,7	73.3	39.4840496	73.5849409	4498.0
4870	189.3	189.3	189.3	1497,547,8,3	73.3	39.4844148	73.5850483	4519.7
4871	31.0	31.0	31.0	1345,937,6,5	73.2	39.4840511	73.5849419	4498.0
4872	369.5	369.5	369.5	1417,997,6,6	72.9	39.4845137	73.5852682	4525.6
4873	403.5	403.5	403.5	294,1068,6,5	72.7	39.4852027	73.5851700	4513.8
4874	73.1	73.1	73.1	137,977,2,9	72.6	39.4844219	73.5850506	4519.9
4875	272.4	272.4	272.4	311,1001,4,6	72.5	39.4844041	73.5850508	4519.9
4876	277.4	277.4	277.4	524,1060,5,5	72.5	39.4844018	73.5850627	4523.7
4877	370.5	370.5	370.5	39,445,6,4	72.5	39.4845497	73.5852895	4523.3
4878	55.1	55.1	55.1	1289,359,2,10	72.3	39.4844213	73.5850510	4499.5
4879	46.1	45.1	47.1	682,1059,7,4	72.0	39.4843759	73.5850367	4497.9
4880	49.1	49.1	49.1	1777,1039,4,7	72.0	39.4844220	73.5850513	4497.9
4881	26.0	26.0	26.0	207,588,4,6	71.9	39.4840492	73.5849409	4498.0
4882	46.1	46.1	46.1	1765,913,4,6	71.7	39.4843759	73.5850367	4497.9
4883	156.2	156.2	156.2	585,295,4,8	71.7	39.4844185	73.5850486	4519.8
4884	157.2	157.2	157.2	627,787,4,6	71.7	39.4844179	73.5850484	4519.8
4885	385.5	385.5	385.5	569,425,3,8	71.7	39.4852030	73.5851677	4513.7
4886	283.4	283.4	283.4	1819,633,6,4	71.6	39.4844518	73.5852321	4526.8
4887	417.6	417.6	417.6	133,700,5,5	71.4	39.4852019	73.5851716	4513.8
4888	76.1	76.1	76.1	9,465,4,6	71.3	39.4844237	73.5850494	4519.9
4889	458.6	458.6	458.6	211,773,6,4	70.9	39.4852016	73.5851685	4513.8
4890	160.2	160.2	160.2	1379,851,4,5	70.8	39.4844178	73.5850476	4519.8
4891	27.0	27.0	27.0	925,667,4,6	70.7	39.4840496	73.5849409	4498.0
4892	283.4	283.4	283.4	1696,193,3,8	70.6	39.4844518	73.5852321	4526.8
4893	27.0	27.0	27.0	1901,113,8,3	70.5	39.4840496	73.5849409	4498.0
4894	17.0	17.0	17.0	732,973,5,5	70.4	39.4840469	73.5849419	4498.0
4895	30.0	30.0	30.0	885,750,9,3	70.4	39.4840507	73.5849417	4498.0
4896	400.5	400.5	400.5	1332,181,5,4	70.3	39.4852025	73.5851697	4513.8
4897	40.1	32.0	40.1	1305,618,8,4	70.1	39.4841808	73.5849764	4498.0
4898	287.4	287.4	287.4	1686,961,3,11	70.0	39.4844609	73.5852439	4526.8
4899	282.4	281.4	282.4	4,705,3,8	69.8	39.4844313	73.5852024	4526.9
4900	400.5	400.5	400.5	769,0,8,3	69.8	39.4852025	73.5851697	4513.8
4901	58.1	58.1	58.1	793,547,6,6	69.7	39.4844219	73.5850504	4504.6
4902	57.1	53.1	57.1	746,505,5,5	69.6	39.4844222	73.5850502	4502.9
4903	272.4	272.4	272.4	1553,965,8,6	69.4	39.4844041	73.5850508	4519.9
4904	274.4	274.4	277.4	29,361,4,6	69.4	39.4844042	73.5850505	4519.9
4905	385.5	385.5	385.5	625,865,4,6	69.4	39.4852030	73.5851677	4513.7
4906	401.5	401.5	401.5	1483,578,4,5	69.4	39.4852025	73.5851701	4513.8
4907	185.2	185.2	185.2	1145,149,7,5	69.3	39.4844149	73.5850486	4519.9
4908	184.2	184.2	184.2	883,1075,4,5	69.2	39.4844149	73.5850487	4519.9
4909	189.3	189.3	189.3	1673,840,8,3	68.8	39.4844148	73.5850483	4519.7
4910	58.1	58.1	59.1	1185,0,4,5	68.7	39.4844219	73.5850504	4504.6
4911	30.0	28.0	30.0	1883,609,5,4	68.5	39.4840507	73.5849417	4498.0
4912	60.1	60.1	60.1	757,361,4,8	68.5	39.4844211	73.5850506	4508.1
4913	30.0	30.0	31.0	328,158,5,7	68.2	39.4840507	73.5849417	4498.0
4914	45.1	45.1	49.1	365,305,4,6	68.1	39.4843546	73.5850300	4497.9
4915	49.1	49.1	49.1	839,945,9,3	68.0	39.4844220	73.5850513	4497.9
4916	462.6	462.6	462.6	1175,979,4,4	68.0	39.4852003	73.5851697	4513.8
4917	41.1	41.1	41.1	1055,17,8,4	67.9	39.4842239	73.5849892	4498.0
4918	9.0	9.0	9.0	534,633,4,8	67.8	39.4840448	73.5849413	4498.0
4919	183.2	183.2	183.2	1291,829,4,6	67.8	39.4844150	73.5850486	4519.8
4920	393.5	393.5	393.5	464,49,5,5	67.8	39.4852016	73.5851692	4513.8
4921	3.0	3.0	3.0	801,125,6,4	67.5	39.4840445	73.5849408	4498.0
4922	70.1	70.1	70.1	1895,310,4,5	67.5	39.4844203	73.5850519	4519.9
4923	158.2	158.2	158.2	779,419,6,4	67.5	39.4844179	73.5850482	4519.8
4924	513.7	513.7	513.7	1349,857,4,6	67.5	39.4852759	73.5853853	4514.0
4925	21.0	21.0	21.0	1905,1025,4,4	67.4	39.4840471	73.5849408	4498.0
4926	270.4	270.4	270.4	1331,671,6,5	67.4	39.4844039	73.5850510	4519.9
4927	20.0	20.0	20.0	1737,785,4,10	67.3	39.4840467	73.5849411	4498.0
4928	77.1	77.1	77.1	913,185,4,7	67.3	39.4844242	73.5850487	4519.9
4929	157.2	157.2	157.2	1069,755,4,4	67.3	39.4844179	73.5850484	4519.8
4930	365.5	365.5	365.5	34,1069,7,6	67.3	39.4844657	73.5852434	4526.9
4931	22.0	21.0	22.0	221,124,6,5	67.1	39.4840476	73.5849405	4498.0
4932	32.0	32.0	32.0	1467,425,4,7	67.0	39.4840516	73.5849419	4497.9
4933	53.1	53.1	53.1	1057,98,6,4	66.8	39.4844211	73.5850511	4497.9
4934	77.1	77.1	77.1	851,311,12,2	66.8	39.4844242	73.5850487	4519.9
4935	277.4	277.4	280.4	1473,153,6,4	66.7	39.4844018	73.5850627	4523.7
4936	158.2	158.2	158.2	17,1065,4,4	66.6	39.4844179	73.5850482	4519.8
4937	20.0	20.0	20.0	1683,1075,6,5	66.5	39.4840467	73.5849411	4498.0
4938	61.1	61.1	61.1	628,1013,12,2	66.5	39.4844210	73.5850507	4509.9
4939	187.2	187.2	187.2	1325,955,4,4	66.5	39.4844148	73.5850486	4519.8
4940	78.1	78.1	78.1	1073,853,7,3	66.1	39.4844245	73.5850483	4519.9
4941	6.0	6.0	6.0	920,115,7,4	66.0	39.4840454	73.5849411	4498.0
4942	181.2	181.2	181.2	15,143,10,3	65.9	39.4844154	73.5850486	4519.8
4943	6.0	6.0	6.0	1750,1067,5,5	65.8	39.4840454	73.5849411	4498.0
4944	47.1	47.1	47.1	134,472,8,7	65.7	39.4843946	73.5850426	4498.0
4945	158.2	158.2	158.2	657,129,8,3	65.7	39.4844179	73.5850482	4519.8
4946	161.2	161.2	161.2	855,927,10,2	65.7	39.4844178	73.5850476	4519.8
4947	254.3	254.3	254.3	429,401,4,6	65.7	39.4844061	73.5850506	4519.9
4948	404.5	404.5	404.5	1857,329,4,6	65.7	39.4852028	73.5851699	4513.8
4949	44.1	44.1	44.1	658,477,5,3	65.6	39.4843298	73.5850221	4497.9
4950	161.2	161.2	161.2	1913,702,7,5	65.6	39.4844178	73.5850476	4519.8
4951	385.5	385.5	385.5	1625,449,3,6	65.6	39.4852030	73.5851677	4513.7
4952	393.5	393.5	393.5	1635,165,6,4	65.6	39.4852016	73.5851692	4513.8
4953	288.4	288.4	288.4	1258,34,4,5	65.3	39.4844608	73.5852434	4526.8
4954	374.5	374.5	374.5	480,548,5,5	65.3	39.4847195	73.5854177	4514.6
4955	375.5	375.5	375.5	1379,257,4,5	65.3	39.4847683	73.5854330	4512.9
4956	414.5	414.5	414.5	1777,977,2,8	65.3	39.4852027	73.5851715	4513.9
4957	413.5	413.5	413.5	1505,825,6,4	65.2	39.4852028	73.5851714	4513.8
4958	412.5	412.5	412.5	453,1027,4,6	65.1	39.4852029	73.5851710	4513.8
4959	181.2	181.2	181.2	1411,759,4,4	65.0	39.4844154	73.5850486	4519.8
4960	3.0	3.0	3.0	169,428,6,5	64.9	39.4840445	73.5849408	4498.0
4961	19.0	19.0	19.0	445,111,3,6	64.9	39.4840467	73.5849413	4498.0
4962	61.1	61.1	61.1	409,969,4,6	64.9	39.4844210	73.5850507	4509.9
4963	159.2	159.2	159.2	1029,57,8,3	64.9	39.4844176	73.5850479	4519.8
4964	40.1	40.1	40.1	539,700,4,5	64.8	39.4841808	73.5849764	4498.0
4965	159.2	159.2	159.2	179,1019,5,4	64.8	39.4844176	73.5850479	4519.8
4966	287.4	287.4	287.4	461,555,4,6	64.6	39.4844609	73.5852439	4526.8
4967	159.2	159.2	159.2	721,955,4,6	64.4	39.4844176	73.5850479	4519.8
4968	274.4	274.4	276.4	53,553,4,8	64.4	39.4844042	73.5850505	4519.9
4969	275.4	275.4	280.4	1465,1068,4,5	64.3	39.4844043	73.5850505	4520.4
4970	19.0	19.0	19.0	749,905,4,8	64.2	39.4840467	73.5849413	4498.0
4971	282.4	282.4	285.4	147,321,6,10	64.2	39.4844313	73.5852024	4526.9
4972	37.0	37.0	37.0	425,689,7,4	64.1	39.4840724	73.5849459	4497.9
4973	159.2	159.2	159.2	689,153,3,6	64.1	39.4844176	73.5850479	4519.8
4974	281.4	281.4	284.4	65,392,5,5	64.1	39.4844141	73.5851717	4526.8
4975	19.0	19.0	19.0	37,27,3,6	64.0	39.4840467	73.5849413	4498.0
4976	186.2	186.2	186.2	1739,521,5,8	64.0	39.4844150	73.5850487	4519.9
4977	369.5	369.5	369.5	1915,197,5,4	64.0	39.4845137	73.5852682	4525.6
4978	70.1	70.1	70.1	1877,451,4,6	63.9	39.4844203	73.5850519	4519.9
4979	160.2	160.2	160.2	827,385,6,4	63.7	39.4844178	73.5850476	4519.8
4980	187.2	187.2	187.2	1733,251,6,10	63.6	39.4844148	73.5850486	4519.8
4981	254.3	254.3	254.3	59,737,5,5	63.4	39.4844061	73.5850506	4519.9
4982	272.4	272.4	272.4	679,671,8,6	63.4	39.4844041	73.5850508	4519.9
4983	50.1	50.1	50.1	1553,683,6,4	63.2	39.4844230	73.5850516	4497.9
4984	411.5	411.5	412.5	1533,538,5,7	62.9	39.4852030	73.5851709	4513.8
4985	4.0	4.0	4.0	1878,445,5,8	62.8	39.4840451	73.5849409	4498.0
4986	9.0	9.0	9.0	1291,250,6,4	62.8	39.4840448	73.5849413	4498.0
4987	276.4	275.4	276.4	186,569,5,4	62.7	39.4844038	73.5850518	4522.0
4988	278.4	278.4	278.4	1455,145,4,5	62.7	39.4843978	73.5850829	4525.3
4989	370.5	370.5	370.5	1346,676,4,5	62.7	39.4845497	73.5852895	4523.3
4990	37.0	37.0	37.0	1020,1029,5,4	62.6	39.4840724	73.5849459	4497.9
4991	51.1	51.1	51.1	1401,1075,4,5	62.5	39.4844224	73.5850513	4497.9
4992	393.5	393.5	393.5	981,92,4,5	62.5	39.4852016	73.5851692	4513.8
4993	37.0	37.0	37.0	23,345,2,8	62.3	39.4840724	73.5849459	4497.9
4994	288.4	287.4	288.4	156,685,7,4	62.3	39.4844608	73.5852434	4526.8
4995	3.0	3.0	3.0	417,343,7,4	62.2	39.4840445	73.5849408	4498.0
4996	270.4	270.4	277.4	1690,696,5,6	62.2	39.4844039	73.5850510	4519.9
4997	282.4	279.4	282.4	1345,949,8,5	62.2	39.4844313	73.5852024	4526.9
4998	370.5	366.5	371.5	1057,771,7,6	62.2	39.4845497	73.5852895	4523.3
4999	276.4	276.4	276.4	603,1017,3,8	62.0	39.4844038	73.5850518	4522.0
5000	43.1	43.1	43.1	853,0,6,3	61.8	39.4843002	73.5850128	4497.9
5001	190.3	190.3	190.3	1292,499,5,4	61.6	39.4844149	73.5850482	4519.8
5002	178.2	178.2	178.2	1019,884,4,6	61.2	39.4844153	73.5850474	4519.8
5003	280.4	280.4	280.4	955,1009,6,4	61.2	39.4844022	73.5851403	4526.8
5004	365.5	365.5	365.5	539,595,4,6	61.2	39.4844657	73.5852434	4526.9
5005	40.1	40.1	40.1	1807,181,2,8	61.1	39.4841808	73.5849764	4498.0
5006	80.1	80.1	80.1	699,269,4,8	61.0	39.4844242	73.5850474	4519.8
5007	31.0	31.0	31.0	324,827,3,6	60.9	39.4840511	73.5849419	4498.0
5008	385.5	385.5	385.5	1761,577,6,5	60.9	39.4852030	73.5851677	4513.7
5009	159.2	159.2	159.2	1228,131,4,4	60.8	39.4844176	73.5850479	4519.8
5010	3.0	3.0	3.0	521,413,8,5	60.7	39.4840445	73.5849408	4498.0
5011	44.1	44.1	44.1	1765,229,5,6	60.7	39.4843298	73.5850221	4497.9
5012	37.0	36.0	37.0	1209,809,3,6	60.6	39.4840724	73.5849459	4497.9
5013	39.1	39.1	39.1	1137,347,5,4	60.6	39.4841380	73.5849640	4498.0
5014	3.0	3.0	5.0	919,1059,5,4	60.5	39.4840445	73.5849408	4498.0
5015	20.0	20.0	20.0	475,686,5,5	60.2	39.4840467	73.5849411	4498.0
5016	274.4	273.4	274.4	1843,361,6,4	60.2	39.4844042	73.5850505	4519.9
5017	369.5	369.5	370.5	345,41,4,4	60.1	39.4845137	73.5852682	4525.6
5018	372.5	372.5	372.5	1125,983,7,4	60.0	39.4846328	73.5853490	4518.9
5019	187.2	187.2	187.2	321,33,5,5	59.9	39.4844148	73.5850486	4519.8
5020	510.7	510.7	510.7	933,554,4,7	59.9	39.4851994	73.5851918	4513.9
5021	58.1	58.1	58.1	1233,412,4,5	59.8	39.4844219	73.5850504	4504.6
5022	59.1	59.1	59.1	692,404,5,5	59.8	39.4844215	73.5850506	4506.3
5023	183.2	183.2	183.2	557,303,4,8	59.8	39.4844150	73.5850486	4519.8
5024	385.5	385.5	385.5	795,465,10,2	59.8	39.4852030	73.5851677	4513.7
5025	39.1	39.1	39.1	1063,281,8,3	59.7	39.4841380	73.5849640	4498.0
5026	412.5	412.5	412.5	1261,1035,5,6	59.7	39.4852029	73.5851710	4513.8
5027	40.1	40.1	40.1	1400,653,9,4	59.6	39.4841808	73.5849764	4498.0
5028	366.5	366.5	366.5	1215,199,2,10	59.4	39.4844657	73.5852435	4526.9
5029	374.5	374.5	374.5	1121,979,4,5	59.3	39.4847195	73.5854177	4514.6
5030	30.0	30.0	30.0	969,241,2,11	59.2	39.4840507	73.5849417	4498.0
5031	19.0	19.0	19.0	1188,229,3,6	59.0	39.4840467	73.5849413	4498.0
5032	28.0	28.0	28.0	833,233,8,4	59.0	39.4840498	73.5849411	4497.9
5033	50.1	50.1	50.1	1189,107,4,6	58.9	39.4844230	73.5850516	4497.9
5034	159.2	159.2	159.2	409,1065,4,4	58.9	39.4844176	73.5850479	4519.8
5035	272.4	272.4	272.4	913,1021,6,4	58.9	39.4844041	73.5850508	4519.9
5036	411.5	410.5	411.5	0,574,8,3	58.9	39.4852030	73.5851709	4513.8
5037	80.1	80.1	80.1	777,235,4,5	58.8	39.4844242	73.5850474	4519.8
5038	159.2	159.2	159.2	305,995,4,4	58.8	39.4844176	73.5850479	4519.8
5039	368.5	368.5	368.5	1171,1018,4,5	58.8	39.4844859	73.5852531	4526.8
5040	26.0	26.0	26.0	25,467,4,6	58.7	39.4840492	73.5849409	4498.0
5041	61.1	61.1	61.1	584,263,4,5	58.6	39.4844210	73.5850507	4509.9
5042	510.7	510.7	510.7	569,65,5,6	58.6	39.4851994	73.5851918	4513.9
5043	44.1	42.1	44.1	34,755,4,6	58.5	39.4843298	73.5850221	4497.9
5044	5.0	5.0	5.0	1149,771,4,4	58.4	39.4840453	73.5849410	4498.0
5045	31.0	31.0	31.0	188,581,5,8	58.3	39.4840511	73.5849419	4498.0
5046	60.1	60.1	60.1	1533,325,4,6	58.3	39.4844211	73.5850506	4508.1
5047	462.6	462.6	462.6	305,961,6,4	58.3	39.4852003	73.5851697	4513.8
5048	178.2	178.2	178.2	781,799,3,5	58.2	39.4844153	73.5850474	4519.8
5049	183.2	183.2	183.2	309,737,2,8	58.1	39.4844150	73.5850486	4519.8
5050	278.4	278.4	278.4	365,539,4,6	58.1	39.4843978	73.5850829	4525.3
5051	372.5	372.5	372.5	594,814,3,6	57.7	39.4846328	73.5853490	4518.9
5052	365.5	365.5	365.5	579,643,4,6	57.5	39.4844657	73.5852434	4526.9
5053	49.1	49.1	50.1	1608,40,7,5	57.4	39.4844220	73.5850513	4497.9
5054	411.5	411.5	411.5	847,524,4,7	57.4	39.4852030	73.5851709	4513.8
5055	4.0	4.0	4.0	1589,163,4,8	57.3	39.4840451	73.5849409	4498.0
5056	286.4	286.4	286.4	852,929,4,5	57.2	39.4844609	73.5852443	4526.8
5057	19.0	19.0	19.0	397,583,4,8	57.1	39.4840467	73.5849413	4498.0
5058	278.4	278.4	278.4	219,406,4,7	57.1	39.4843978	73.5850829	4525.3
5059	45.1	45.1	45.1	859,87,6,6	56.4	39.4843546	73.5850300	4497.9
5060	39.1	39.1	39.1	1481,1041,4,5	56.3	39.4841380	73.5849640	4498.0
5061	271.4	271.4	271.4	1833,605,8,2	56.2	39.4844040	73.5850509	4519.9
5062	177.2	177.2	177.2	1840,252,4,5	56.1	39.4844155	73.5850472	4519.8
5063	186.2	186.2	186.2	395,570,2,8	56.1	39.4844150	73.5850487	4519.9
5064	281.4	281.4	281.4	13,9,4,4	56.1	39.4844141	73.5851717	4526.8
5065	278.4	278.4	278.4	812,1003,5,4	55.9	39.4843978	73.5850829	4525.3
5066	401.5	401.5	401.5	853,107,4,6	55.9	39.4852025	73.5851701	4513.8
5067	178.2	178.2	178.2	59,607,4,5	55.8	39.4844153	73.5850474	4519.8
5068	276.4	276.4	276.4	271,610,8,4	55.8	39.4844038	73.5850518	4522.0
5069	6.0	6.0	6.0	1117,985,4,6	55.7	39.4840454	73.5849411	4498.0
5070	271.4	271.4	271.4	1467,488,3,5	55.6	39.4844040	73.5850509	4519.9
5071	53.1	53.1	54.1	901,33,4,8	55.2	39.4844211	73.5850511	4497.9
5072	274.4	274.4	274.4	500,841,4,4	55.0	39.4844042	73.5850505	4519.9
5073	282.4	282.4	286.4	655,704,7,5	54.8	39.4844313	73.5852024	4526.9
5074	49.1	49.1	49.1	1674,356,4,6	54.7	39.4844220	73.5850513	4497.9
5075	25.0	25.0	25.0	442,613,6,4	54.5	39.4840488	73.5849407	4498.0
5076	38.1	38.1	38.1	1277,1041,4,4	54.5	39.4841013	73.5849538	4498.0
5077	42.1	42.1	42.1	1393,499,5,4	54.5	39.4842642	73.5850016	4497.9
5078	53.1	51.1	56.1	997,296,4,5	54.5	39.4844211	73.5850511	4497.9
5079	187.2	187.2	187.2	151,1066,4,5	54.5	39.4844148	73.5850486	4519.8
5080	275.4	274.4	275.4	157,1061,4,4	54.5	39.4844043	73.5850505	4520.4
5081	370.5	370.5	370.5	831,355,4,6	54.5	39.4845497	73.5852895	4523.3
5082	410.5	410.5	410.5	1491,979,4,4	54.5	39.4852030	73.5851708	4513.8
5083	26.0	26.0	26.0	1345,233,2,8	54.3	39.4840492	73.5849409	4498.0
5084	56.1	54.1	56.1	723,437,5,4	54.2	39.4844220	73.5850504	4501.2
5085	410.5	410.5	410.5	1787,168,4,5	54.2	39.4852030	73.5851708	4513.8
5086	177.2	177.2	177.2	975,264,2,8	54.0	39.4844155	73.5850472	4519.8
5087	35.0	35.0	35.0	1681,823,4,4	53.9	39.4840531	73.5849415	4498.0
5088	286.4	286.4	286.4	1457,996,4,6	53.9	39.4844609	73.5852443	4526.8
5089	401.5	401.5	401.5	1143,29,4,4	53.9	39.4852025	73.5851701	4513.8
5090	43.1	40.1	43.1	1916,1003,4,6	53.7	39.4843002	73.5850128	4497.9
5091	21.0	21.0	21.0	1550,853,3,6	53.6	39.4840471	73.5849408	4498.0
5092	54.1	54.1	54.1	1297,66,8,3	53.6	39.4844210	73.5850514	4498.1
5093	19.0	19.0	19.0	261,871,4,7	53.5	39.4840467	73.5849413	4498.0
5094	23.0	21.0	23.0	207,415,5,8	53.4	39.4840480	73.5849405	4498.0
5095	42.1	42.1	42.1	420,561,4,4	53.3	39.4842642	73.5850016	4497.9
5096	287.4	287.4	287.4	1713,304,4,6	53.1	39.4844609	73.5852439	4526.8
5097	370.5	370.5	370.5	755,924,4,5	52.8	39.4845497	73.5852895	4523.3
5098	19.0	19.0	19.0	119,516,5,6	52.7	39.4840467	73.5849413	4498.0
5099	46.1	46.1	47.1	305,455,5,4	52.7	39.4843759	73.5850367	4497.9
5100	36.0	36.0	36.0	86,1027,3,8	52.6	39.4840566	73.5849419	4497.9
5101	44.1	44.1	44.1	185,795,8,2	52.6	39.4843298	73.5850221	4497.9
5102	19.0	19.0	19.0	1849,249,8,2	52.4	39.4840467	73.5849413	4498.0
5103	22.0	22.0	22.0	917,456,4,7	52.2	39.4840476	73.5849405	4498.0
5104	184.2	184.2	184.2	1148,1031,5,4	52.2	39.4844149	73.5850487	4519.9
5105	371.5	371.5	371.5	320,623,7,4	52.2	39.4845902	73.5853170	4521.1
5106	372.5	372.5	372.5	338,107,4,4	52.1	39.4846328	73.5853490	4518.9
5107	40.1	40.1	40.1	1158,517,4,5	51.9	39.4841808	73.5849764	4498.0
5108	4.0	4.0	4.0	1441,307,4,5	51.8	39.4840451	73.5849409	4498.0
5109	56.1	56.1	60.1	1515,871,6,6	51.7	39.4844220	73.5850504	4501.2
5110	287.4	284.4	287.4	802,913,5,4	51.6	39.4844609	73.5852439	4526.8
5111	42.1	42.1	42.1	97,807,8,2	51.5	39.4842642	73.5850016	4497.9
5112	403.5	403.5	403.5	1095,923,5,4	51.5	39.4852027	73.5851700	4513.8
5113	372.5	372.5	372.5	1441,379,3,5	51.4	39.4846328	73.5853490	4518.9
5114	49.1	49.1	49.1	671,415,4,4	50.9	39.4844220	73.5850513	4497.9
5115	186.2	186.2	186.2	441,781,8,2	50.9	39.4844150	73.5850487	4519.9
5116	276.4	276.4	277.4	1129,665,5,3	50.7	39.4844038	73.5850518	4522.0
5117	60.1	60.1	60.1	769,945,5,3	50.6	39.4844211	73.5850506	4508.1
5118	365.5	365.5	365.5	147,81,6,4	50.4	39.4844657	73.5852434	4526.9
5119	404.5	404.5	404.5	1797,785,4,4	50.1	39.4852028	73.5851699	4513.8
5120	6.0	6.0	6.0	101,77,6,4	49.9	39.4840454	73.5849411	4498.0
5121	183.2	183.2	183.2	947,658,2,7	49.9	39.4844150	73.5850486	4519.8
5122	55.1	55.1	55.1	1346,279,7,2	49.7	39.4844213	73.5850510	4499.5
5123	60.1	60.1	60.1	1343,537,6,4	49.6	39.4844211	73.5850506	4508.1
5124	31.0	31.0	31.0	1745,1057,4,4	48.6	39.4840511	73.5849419	4498.0
5125	44.1	44.1	44.1	73,995,4,4	48.5	39.4843298	73.5850221	4497.9
5126	45.1	45.1	45.1	1305,267,4,6	48.5	39.4843546	73.5850300	4497.9
5127	282.4	282.4	285.4	1041,330,3,7	48.4	39.4844313	73.5852024	4526.9
5128	44.1	44.1	44.1	1451,775,6,2	48.2	39.4843298	73.5850221	4497.9
5129	372.5	372.5	372.5	1729,353,8,3	48.2	39.4846328	73.5853490	4518.9
5130	51.1	51.1	51.1	1505,1021,4,4	48.0	39.4844224	73.5850513	4497.9
5131	371.5	371.5	371.5	395,225,4,4	48.0	39.4845902	73.5853170	4521.1
5132	183.2	183.2	183.2	407,209,2,9	47.9	39.4844150	73.5850486	4519.8
5133	274.4	273.4	274.4	802,775,5,4	47.8	39.4844042	73.5850505	4519.9
5134	25.0	25.0	25.0	1209,30,2,7	47.7	39.4840488	73.5849407	4498.0
5135	372.5	372.5	372.5	1745,265,4,4	47.5	39.4846328	73.5853490	4518.9
5136	178.2	178.2	178.2	156,384,4,4	47.4	39.4844153	73.5850474	4519.8
5137	186.2	186.2	186.2	1903,497,6,4	47.3	39.4844150	73.5850487	4519.9
5138	31.0	31.0	31.0	1761,337,2,7	47.1	39.4840511	73.5849419	4498.0
5139	38.1	38.1	38.1	299,313,4,4	47.0	39.4841013	73.5849538	4498.0
5140	42.1	42.1	42.1	115,909,6,2	47.0	39.4842642	73.5850016	4497.9
5141	279.4	279.4	279.4	1801,57,4,4	47.0	39.4843961	73.5851097	4526.4
5142	372.5	372.5	372.5	1475,947,6,4	47.0	39.4846328	73.5853490	4518.9
5143	39.1	39.1	39.1	35,205,6,2	46.9	39.4841380	73.5849640	4498.0
5144	177.2	177.2	177.2	301,623,4,4	46.9	39.4844155	73.5850472	4519.8
5145	275.4	274.4	275.4	917,569,4,4	46.9	39.4844043	73.5850505	4520.4
5146	56.1	56.1	56.1	1473,518,5,3	46.8	39.4844220	73.5850504	4501.2
5147	22.0	22.0	22.0	377,217,4,5	46.7	39.4840476	73.5849405	4498.0
5148	25.0	25.0	25.0	1335,986,2,7	46.7	39.4840488	73.5849407	4498.0
5149	44.1	44.1	44.1	745,978,4,5	46.7	39.4843298	73.5850221	4497.9
5150	273.4	273.4	279.4	1292,308,4,4	46.7	39.4844042	73.5850506	4519.9
5151	178.2	178.2	178.2	183,113,4,4	46.6	39.4844153	73.5850474	4519.8
5152	286.4	286.4	286.4	393,467,6,2	46.5	39.4844609	73.5852443	4526.8
5153	31.0	31.0	31.0	952,487,4,4	46.4	39.4840511	73.5849419	4498.0
5154	42.1	41.1	44.1	1133,703,4,6	46.2	39.4842642	73.5850016	4497.9
5155	283.4	283.4	286.4	733,957,4,4	46.1	39.4844518	73.5852321	4526.8
5156	44.1	44.1	44.1	277,179,4,4	45.9	39.4843298	73.5850221	4497.9
5157	46.1	46.1	46.1	1113,597,4,4	45.8	39.4843759	73.5850367	4497.9
5158	372.5	372.5	372.5	659,981,4,4	45.7	39.4846328	73.5853490	4518.9
5159	274.4	274.4	274.4	1017,467,5,6	45.5	39.4844042	73.5850505	4519.9
5160	286.4	286.4	286.4	1883,450,4,7	45.5	39.4844609	73.5852443	4526.8
5161	413.5	413.5	413.5	1069,955,4,4	45.4	39.4852028	73.5851714	4513.8
5162	38.1	38.1	38.1	21,305,4,5	45.3	39.4841013	73.5849538	4498.0
5163	40.1	40.1	40.1	1527,481,3,4	45.1	39.4841808	73.5849764	4498.0
5164	277.4	277.4	277.4	1511,307,2,6	45.1	39.4844018	73.5850627	4523.7
5165	280.4	280.4	280.4	1113,531,4,6	44.9	39.4844022	73.5851403	4526.8
5166	26.0	26.0	26.0	515,391,2,6	44.7	39.4840492	73.5849409	4498.0
5167	285.4	284.4	285.4	987,282,3,5	44.6	39.4844608	73.5852442	4526.8
5168	177.2	177.2	177.2	1457,295,3,5	44.3	39.4844155	73.5850472	4519.8
5169	39.1	39.1	39.1	871,689,4,4	44.1	39.4841380	73.5849640	4498.0
5170	52.1	52.1	52.1	1761,170,2,6	43.9	39.4844217	73.5850512	4497.9
5171	51.1	51.1	51.1	1337,957,5,4	43.7	39.4844224	73.5850513	4497.9
5172	5.0	5.0	5.0	977,677,3,6	43.5	39.4840453	73.5849410	4498.0
5173	42.1	42.1	44.1	1744,151,5,5	43.5	39.4842642	73.5850016	4497.9
5174	177.2	177.2	177.2	541,477,3,4	43.5	39.4844155	73.5850472	4519.8
5175	39.1	39.1	39.1	535,427,4,3	42.9	39.4841380	73.5849640	4498.0
5176	44.1	44.1	44.1	1687,341,4,4	42.9	39.4843298	73.5850221	4497.9
5177	44.1	44.1	44.1	1081,156,4,4	42.7	39.4843298	73.5850221	4497.9
5178	45.1	45.1	45.1	1297,969,4,4	42.6	39.4843546	73.5850300	4497.9
5179	281.4	281.4	281.4	1721,31,3,6	42.5	39.4844141	73.5851717	4526.8
5180	177.2	177.2	177.2	1611,508,4,4	42.1	39.4844155	73.5850472	4519.8
5181	280.4	280.4	280.4	1601,267,4,3	41.8	39.4844022	73.5851403	4526.8
5182	273.4	273.4	273.4	677,898,4,5	41.4	39.4844042	73.5850506	4519.9
5183	273.4	273.4	273.4	1783,1075,4,5	41.3	39.4844042	73.5850506	4519.9
5184	46.1	46.1	46.1	943,663,4,4	41.1	39.4843759	73.5850367	4497.9
5185	276.4	276.4	284.4	1224,63,5,4	41.0	39.4844038	73.5850518	4522.0
5186	177.2	177.2	177.2	1013,701,4,4	40.9	39.4844155	73.5850472	4519.8
5187	412.5	412.5	412.5	1355,423,6,2	40.5	39.4852029	73.5851710	4513.8
5188	279.4	279.4	280.4	1185,165,8,2	40.4	39.4843961	73.5851097	4526.4
5189	31.0	31.0	31.0	595,35,6,3	40.3	39.4840511	73.5849419	4498.0
5190	54.1	54.1	56.1	718,401,2,6	40.2	39.4844210	73.5850514	4498.1
5191	279.4	279.4	279.4	1917,353,3,4	40.1	39.4843961	73.5851097	4526.4
5192	284.4	284.4	284.4	899,882,4,3	40.0	39.4844596	73.5852423	4526.8
5193	366.5	366.5	366.5	897,1001,2,6	40.0	39.4844657	73.5852435	4526.9
5194	39.1	38.1	39.1	777,678,4,4	39.9	39.4841380	73.5849640	4498.0
5195	286.4	286.4	286.4	561,851,3,5	39.9	39.4844609	73.5852443	4526.8
5196	403.5	403.5	403.5	1262,556,3,5	39.7	39.4852027	73.5851700	4513.8
5197	51.1	51.1	51.1	1522,243,3,6	39.6	39.4844224	73.5850513	4497.9
5198	35.0	35.0	35.0	269,472,4,3	39.4	39.4840531	73.5849415	4498.0
5199	279.4	279.4	279.4	759,969,3,4	38.8	39.4843961	73.5851097	4526.4
5200	367.5	367.5	367.5	833,281,8,2	38.8	39.4844687	73.5852446	4526.9
5201	45.1	45.1	45.1	1227,899,3,4	38.7	39.4843546	73.5850300	4497.9
5202	367.5	367.5	367.5	769,321,7,2	38.7	39.4844687	73.5852446	4526.9
5203	42.1	42.1	42.1	1769,89,8,2	38.6	39.4842642	73.5850016	4497.9
5204	178.2	178.2	178.2	8,5,4,3	38.6	39.4844153	73.5850474	4519.8
5205	412.5	412.5	412.5	0,1019,2,6	38.6	39.4852029	73.5851710	4513.8
5206	275.4	275.4	275.4	526,1039,3,6	38.4	39.4844043	73.5850505	4520.4
5207	274.4	274.4	274.4	537,900,4,4	38.3	39.4844042	73.5850505	4519.9
5208	283.4	283.4	285.4	1682,309,5,3	38.1	39.4844518	73.5852321	4526.8
5209	286.4	286.4	286.4	378,812,3,5	38.0	39.4844609	73.5852443	4526.8
5210	403.5	403.5	403.5	1667,292,7,3	37.9	39.4852027	73.5851700	4513.8
5211	44.1	44.1	44.1	998,625,3,4	37.7	39.4843298	73.5850221	4497.9
5212	274.4	274.4	274.4	1651,241,4,4	37.5	39.4844042	73.5850505	4519.9
5213	283.4	283.4	283.4	1589,77,4,4	37.4	39.4844518	73.5852321	4526.8
5214	283.4	283.4	283.4	838,774,4,4	37.4	39.4844518	73.5852321	4526.8
5215	412.5	412.5	412.5	1051,997,6,2	37.1	39.4852029	73.5851710	4513.8
5216	277.4	277.4	277.4	187,551,6,2	36.7	39.4844018	73.5850627	4523.7
5217	403.5	403.5	403.5	1727,581,3,4	36.7	39.4852027	73.5851700	4513.8
5218	38.1	38.1	38.1	921,1061,3,4	36.1	39.4841013	73.5849538	4498.0
5219	52.1	52.1	52.1	397,876,3,4	36.1	39.4844217	73.5850512	4497.9
5220	283.4	282.4	286.4	586,988,3,6	36.1	39.4844518	73.5852321	4526.8
5221	286.4	282.4	286.4	1051,299,2,6	36.0	39.4844609	73.5852443	4526.8
5222	38.1	38.1	38.1	1559,1005,3,4	35.6	39.4841013	73.5849538	4498.0
5223	282.4	282.4	282.4	982,348,3,5	35.6	39.4844313	73.5852024	4526.9
5224	21.0	21.0	21.0	1901,791,4,4	35.5	39.4840471	73.5849408	4498.0
5225	280.4	280.4	280.4	1273,887,7,4	35.5	39.4844022	73.5851403	4526.8
5226	285.4	285.4	285.4	543,1059,5,5	35.5	39.4844608	73.5852442	4526.8
5227	367.5	367.5	367.5	1915,705,2,5	35.3	39.4844687	73.5852446	4526.9
5228	38.1	38.1	38.1	429,0,2,7	35.0	39.4841013	73.5849538	4498.0
5229	52.1	52.1	54.1	1062,34,3,4	35.0	39.4844217	73.5850512	4497.9
5230	47.1	45.1	47.1	438,147,4,4	34.5	39.4843946	73.5850426	4498.0
5231	45.1	45.1	45.1	299,347,3,3	34.4	39.4843546	73.5850300	4497.9
5232	55.1	55.1	55.1	1163,209,2,6	34.4	39.4844213	73.5850510	4499.5
5233	56.1	56.1	56.1	1260,814,3,4	34.3	39.4844220	73.5850504	4501.2
5234	281.4	281.4	284.4	14,571,3,5	34.2	39.4844141	73.5851717	4526.8
5235	283.4	283.4	283.4	1637,113,4,4	34.1	39.4844518	73.5852321	4526.8
5236	56.1	56.1	56.1	345,613,4,4	33.9	39.4844220	73.5850504	4501.2
5237	42.1	42.1	42.1	1083,100,4,3	33.8	39.4842642	73.5850016	4497.9
5238	55.1	55.1	55.1	1915,991,5,2	33.8	39.4844213	73.5850510	4499.5
5239	56.1	56.1	56.1	1024,153,2,6	33.8	39.4844220	73.5850504	4501.2
5240	286.4	286.4	286.4	475,937,2,5	33.8	39.4844609	73.5852443	4526.8
5241	47.1	47.1	47.1	205,472,4,3	33.3	39.4843946	73.5850426	4498.0
5242	276.4	276.4	276.4	744,843,3,3	33.1	39.4844038	73.5850518	4522.0
5243	366.5	366.5	366.5	1595,247,5,2	32.9	39.4844657	73.5852435	4526.9
5244	41.1	41.1	41.1	786,218,3,4	32.6	39.4842239	73.5849892	4498.0
5245	56.1	56.1	56.1	1520,975,7,3	32.0	39.4844220	73.5850504	4501.2
5246	286.4	286.4	286.4	1075,1019,3,3	31.9	39.4844609	73.5852443	4526.8
5247	54.1	54.1	54.1	814,881,3,3	31.6	39.4844210	73.5850514	4498.1
5248	55.1	55.1	55.1	1047,1009,2,6	31.6	39.4844213	73.5850510	4499.5
5249	285.4	285.4	285.4	509,159,4,4	31.5	39.4844608	73.5852442	4526.8
5250	284.4	284.4	284.4	955,1070,4,3	31.1	39.4844596	73.5852423	4526.8
5251	41.1	41.1	41.1	1014,249,3,4	30.7	39.4842239	73.5849892	4498.0
5252	366.5	366.5	366.5	1714,146,4,3	30.7	39.4844657	73.5852435	4526.9
5253	32.0	32.0	32.0	1873,746,4,3	30.1	39.4840516	73.5849419	4497.9
5254	41.1	41.1	41.1	841,1046,3,3	29.8	39.4842239	73.5849892	4498.0
5255	284.4	284.4	284.4	729,850,3,3	29.4	39.4844596	73.5852423	4526.8
5256	41.1	41.1	41.1	1906,610,3,3	29.1	39.4842239	73.5849892	4498.0
5257	41.1	41.1	41.1	715,886,4,3	28.5	39.4842239	73.5849892	4498.0
5258	56.1	56.1	56.1	1097,655,8,2	28.3	39.4844220	73.5850504	4501.2
5259	41.1	41.1	41.1	1613,164,2,4	28.0	39.4842239	73.5849892	4498.0
5260	366.5	366.5	366.5	467,738,3,3	27.4	39.4844657	73.5852435	4526.9
5261	284.4	284.4	284.4	1209,1017,4,3	27.0	39.4844596	73.5852423	4526.8
5262	273.4	273.4	273.4	1065,745,5,2	25.8	39.4844042	73.5850506	4519.9
5263	32.0	32.0	32.0	631,622,4,2	25.6	39.4840516	73.5849419	4497.9
